timestamp_us,rssi,channel,mac,csi_len,csi_data,experiment_id,zone_id,scenario,distance_tx_rx_m,ground_truth,comment,marker_state
1005252261,-53,6,a0:9f:7a:73:2b:3e,384,-110;-96;8;0;25;-7;26;-8;27;-8;26;-8;25;-9;23;-9;21;-10;18;-11;15;-13;13;-14;10;-16;8;-17;7;-17;5;-18;3;-19;2;-19;0;-19;-1;-20;-3;-20;-4;-21;-5;-20;-6;-20;-6;-20;-7;-20;-7;-20;-2;-5;0;0;0;0;0;0;0;0;0;0;0;0;0;0;0;0;0;0;-3;6;-10;23;-14;23;-19;21;-22;18;-23;14;-22;10;-19;6;-15;3;-9;1;-3;2;3;4;8;8;12;12;15;17;15;22;15;25;13;28;12;29;10;28;8;26;7;23;7;19;8;14;10;9;13;4;15;1;-114;0;-7;-13;-7;-13;-7;-13;-7;-12;-7;-10;-7;-8;-6;-6;-5;-5;-3;-4;-3;-4;-3;-4;-4;-3;-5;-2;-5;0;-4;1;-3;1;-2;1;-2;0;-3;0;-4;0;-4;0;-4;2;-4;2;-2;2;-2;2;-1;1;-2;0;-2;-1;-1;-1;-1;-1;-1;-1;1;0;0;0;-3;-1;-10;-3;-28;-7;-28;-8;-28;-10;-28;-11;-26;-12;-25;-13;-24;-15;-24;-17;-23;-18;-24;-20;-23;-20;-22;-20;-21;-20;-19;-20;-17;-21;-16;-22;-16;-22;-17;-22;-17;-21;-16;-19;-15;-18;-14;-18;-12;-18;-12;-19;-12;-19;-13;-18;-13;-17;-13;-16;-114;0;46;1;46;0;45;-1;43;-3;42;-5;41;-6;40;-8;39;-9;38;-10;37;-11;36;-12;36;-13;35;-14;35;-15;35;-16;35;-16;35;-16;35;-16;35;-16;35;-16;34;-15;34;-15;34;-14;34;-13;34;-12;34;-11;34;-9;35;-7;12;-3;3;-1;-2;0;-2;-1;-1;-1;2;0;8;3;23;9;22;9;23;9;23;9;24;10;25;11;26;13;27;13;27;13;28;13;28;12;29;13;30;13;31;14;31;15;31;15;31;14;32;13;34;11;36;10;38;9;39;9;41;8;41;7;43;6;44;5;45;3;46;3,empty,EXP_S152,ZONE_02,sortie_zone,4.1,sortie_zone,sortie de la zone
1005452213,-54,6,a0:9f:7a:73:2b:3e,384,-110;-96;8;0;14;20;15;21;16;20;16;19;16;18;16;16;17;13;18;11;19;8;20;6;21;5;22;4;22;4;22;3;21;2;20;1;20;0;19;-2;19;-4;19;-6;19;-7;19;-9;20;-10;21;-10;22;-10;5;-3;0;0;0;0;0;0;0;0;0;0;0;0;0;0;0;0;0;0;-5;3;-21;12;-23;10;-26;6;-27;2;-26;-2;-24;-5;-20;-7;-16;-7;-11;-5;-6;-1;-3;4;-2;9;-2;15;-4;19;-7;23;-10;25;-13;25;-15;25;-16;23;-16;21;-14;19;-11;16;-7;15;-2;14;3;14;6;15;-114;0;8;-7;8;-6;7;-6;6;-5;5;-5;3;-4;1;-3;1;-1;0;0;0;1;-1;0;-1;0;-3;0;-4;0;-5;1;-5;2;-5;2;-5;2;-4;1;-5;1;-6;0;-7;0;-8;1;-8;1;-8;1;-7;1;-7;0;-7;-1;-3;-1;-1;-1;0;-1;0;1;-1;0;-1;-3;-2;-9;-3;-25;-1;-25;0;-25;2;-25;3;-25;4;-25;6;-24;8;-24;9;-24;10;-24;10;-24;11;-24;11;-23;11;-21;12;-20;12;-19;13;-19;13;-18;13;-18;12;-17;12;-16;12;-14;12;-14;12;-13;12;-13;11;-13;10;-13;10;-12;-114;0;7;45;8;44;9;43;11;42;12;41;13;40;15;39;16;38;17;37;18;36;19;35;20;35;21;35;22;35;22;35;23;35;23;35;23;36;22;36;22;37;21;37;20;36;19;36;18;37;17;37;15;38;13;39;11;39;3;14;0;4;-1;-2;0;-2;0;-1;-1;2;-3;9;-7;25;-7;25;-8;25;-8;25;-9;26;-10;27;-11;28;-12;28;-12;29;-12;29;-12;29;-12;30;-12;30;-12;31;-12;32;-12;32;-11;33;-9;33;-8;34;-6;35;-5;37;-4;38;-3;39;-2;40;0;41;2;42;3;43;5;44,empty,EXP_S152,ZONE_02,sortie_zone,4.1,sortie_zone,sortie de la zone
1005652859,-53,6,a0:9f:7a:73:2b:3e,384,-110;-96;8;0;-29;-6;-29;-6;-29;-6;-28;-6;-26;-4;-24;-2;-22;0;-21;3;-20;6;-20;8;-19;10;-19;12;-19;13;-19;14;-18;14;-17;14;-16;15;-15;15;-13;16;-12;16;-11;17;-10;18;-9;19;-9;20;-10;20;-3;5;0;0;0;0;0;0;0;0;0;0;0;0;0;0;0;0;0;0;1;-6;7;-22;11;-22;15;-21;18;-18;19;-15;19;-11;16;-7;12;-4;7;-3;1;-4;-4;-6;-8;-11;-11;-15;-12;-20;-11;-25;-10;-28;-8;-29;-5;-30;-4;-29;-3;-26;-3;-22;-4;-18;-7;-14;-11;-11;-15;-8;-19;-6;-116;0;-6;12;-6;11;-6;10;-5;9;-5;7;-4;6;-4;4;-4;3;-4;2;-4;1;-3;0;-3;0;-2;-1;-2;-2;-2;-3;-1;-3;-1;-4;-1;-4;-1;-3;0;-3;1;-4;1;-4;2;-4;2;-4;1;-4;2;-4;2;-4;2;-4;0;-2;0;-1;-1;0;-2;-2;-1;-1;1;1;5;6;15;17;15;18;14;19;12;20;11;21;10;22;9;22;8;23;7;24;6;25;5;25;4;25;3;25;2;24;0;24;0;23;-1;23;-2;22;-2;22;-2;21;-3;20;-4;20;-4;19;-5;19;-5;18;-5;17;-5;17;-5;16;-116;0;-41;-26;-41;-25;-41;-24;-42;-23;-42;-21;-42;-19;-42;-17;-41;-15;-41;-14;-41;-12;-41;-11;-41;-10;-42;-9;-43;-9;-43;-8;-43;-8;-43;-9;-43;-9;-43;-9;-42;-9;-42;-10;-41;-10;-40;-11;-40;-12;-39;-13;-38;-14;-37;-16;-37;-17;-13;-7;-4;-3;1;0;0;1;0;0;-2;-2;-5;-7;-14;-20;-14;-20;-13;-21;-13;-22;-14;-23;-14;-24;-14;-25;-15;-25;-15;-26;-16;-27;-16;-28;-17;-29;-17;-29;-17;-29;-18;-29;-19;-29;-19;-29;-21;-29;-22;-29;-24;-29;-26;-29;-28;-29;-30;-29;-32;-29;-34;-29;-36;-29;-38;-29;-39;-28,empty,EXP_S152,ZONE_02,sortie_zone,4.1,sortie_zone,sortie de la zone
1005853471,-53,6,a0:9f:7a:73:2b:3e,384,-110;-96;8;0;-28;-6;-29;-6;-29;-6;-28;-5;-26;-3;-23;-1;-20;2;-17;5;-14;8;-11;11;-8;14;-5;16;-3;18;-1;20;1;21;3;22;5;22;7;22;8;21;10;20;11;19;12;17;13;15;15;14;15;12;3;3;0;0;0;0;0;0;0;0;0;0;0;0;0;0;0;0;0;0;4;4;17;20;15;23;12;26;8;27;4;26;1;23;-2;19;-3;13;-3;6;-2;-1;0;-8;4;-13;9;-17;13;-20;17;-22;21;-22;23;-21;24;-19;23;-17;20;-14;16;-11;11;-9;5;-7;-2;-5;-8;-4;-14;-4;122;0;-15;16;-15;15;-14;15;-13;14;-11;13;-10;11;-9;10;-8;8;-8;7;-8;7;-7;7;-6;7;-4;6;-3;5;-3;4;-3;3;-3;2;-3;2;-3;3;-2;3;-1;3;-1;2;0;1;0;0;-1;-1;-1;0;-2;1;-2;1;-1;0;-1;0;0;-1;-1;-2;0;-2;0;3;1;11;2;31;1;31;-1;31;-3;31;-4;31;-6;31;-8;31;-9;31;-11;31;-12;32;-13;31;-14;31;-15;29;-16;28;-17;27;-17;26;-18;26;-17;26;-17;26;-17;25;-16;24;-17;23;-17;22;-18;22;-17;22;-17;22;-16;21;-15;20;122;0;-26;-30;-26;-29;-27;-28;-29;-26;-30;-24;-31;-23;-32;-21;-33;-20;-33;-19;-34;-18;-35;-16;-36;-15;-37;-14;-38;-14;-39;-14;-39;-14;-39;-15;-40;-15;-39;-16;-39;-16;-39;-16;-38;-17;-38;-17;-37;-17;-37;-19;-35;-20;-34;-22;-33;-23;-12;-9;-4;-3;1;0;0;1;-1;0;-1;-3;-1;-9;-2;-24;-1;-24;-1;-24;-1;-25;0;-26;0;-27;1;-28;1;-29;2;-29;1;-29;1;-29;0;-30;0;-30;-1;-31;-1;-31;-1;-30;-2;-30;-3;-29;-5;-30;-7;-30;-9;-31;-11;-32;-12;-32;-14;-32;-16;-31;-19;-31;-21;-31;-23;-31,empty,EXP_S152,ZONE_02,sortie_zone,4.1,sortie_zone,sortie de la zone
1006052142,-55,6,a0:9f:7a:73:2b:3e,384,-110;-96;8;0;34;-8;34;-8;32;-8;29;-9;24;-10;19;-13;15;-16;11;-19;8;-23;6;-26;4;-29;2;-31;1;-32;0;-32;-1;-32;-2;-31;-4;-29;-6;-27;-9;-25;-11;-23;-14;-22;-17;-21;-19;-20;-21;-20;-22;-21;-6;-6;0;0;0;0;0;0;0;0;0;0;0;0;0;0;0;0;0;0;-6;4;-25;15;-29;12;-32;7;-32;1;-30;-4;-25;-8;-19;-9;-11;-9;-4;-6;3;-1;8;5;11;12;12;19;11;25;8;30;5;33;2;33;0;31;-2;28;-1;23;0;17;3;11;8;5;13;0;19;-4;24;-6;-127;0;5;-9;4;-9;4;-9;3;-8;3;-7;3;-5;3;-3;4;-2;4;-2;4;-2;4;-2;3;-2;2;-1;2;1;2;2;3;2;4;2;4;1;3;1;2;1;1;2;1;3;1;4;2;4;2;3;2;3;2;2;1;1;0;0;0;0;-1;-1;0;0;0;0;-2;-1;-6;-4;-16;-11;-15;-12;-15;-13;-14;-13;-13;-14;-12;-14;-11;-15;-10;-16;-9;-17;-9;-18;-8;-18;-8;-18;-6;-17;-5;-17;-4;-17;-3;-17;-3;-17;-3;-17;-2;-17;-2;-16;-1;-15;0;-14;1;-15;1;-15;1;-14;1;-14;1;-13;1;-11;-127;0;25;0;25;-1;25;-2;25;-3;25;-4;25;-5;25;-6;25;-6;24;-7;24;-8;24;-9;24;-10;24;-11;24;-11;25;-11;25;-11;25;-11;26;-11;26;-10;26;-10;26;-9;26;-9;26;-8;25;-7;25;-6;26;-5;26;-3;26;-2;9;-1;2;0;-1;0;-1;-1;-1;-1;0;0;2;3;8;8;8;8;8;8;8;8;9;8;9;9;9;10;9;10;9;10;10;9;11;9;12;9;12;9;13;9;13;9;12;9;13;8;14;7;15;7;16;6;18;6;18;5;19;5;20;4;21;3;22;1;23;1;24;0,empty,EXP_S152,ZONE_02,sortie_zone,4.1,sortie_zone,sortie de la zone
1006252462,-53,6,a0:9f:7a:73:2b:3e,384,-110;-96;8;0;11;-19;12;-22;12;-25;12;-26;11;-27;9;-27;7;-26;4;-24;2;-22;-1;-19;-3;-16;-5;-13;-8;-9;-10;-5;-12;-1;-14;3;-15;6;-16;9;-17;12;-18;14;-18;15;-18;16;-17;17;-16;16;-16;16;-4;4;0;0;0;0;0;0;0;0;0;0;0;0;0;0;0;0;0;0;-5;-3;-20;-13;-19;-16;-18;-19;-15;-21;-12;-22;-8;-21;-5;-19;-1;-15;2;-10;4;-4;5;2;6;9;5;15;4;20;3;25;1;28;0;30;-1;31;-2;30;-2;28;-2;25;-2;21;0;16;1;10;4;4;5;-1;111;0;-23;-10;-23;-10;-22;-10;-22;-9;-22;-7;-21;-4;-19;-2;-17;-1;-16;-1;-15;-1;-15;-1;-16;0;-17;1;-16;3;-15;4;-14;4;-13;3;-13;2;-14;2;-15;2;-15;3;-15;4;-14;5;-12;4;-12;3;-12;2;-12;1;-13;0;-5;0;-2;-1;0;-1;1;-1;1;0;-4;0;-12;1;-32;2;-32;1;-33;-1;-33;-3;-33;-4;-32;-6;-32;-8;-33;-10;-33;-11;-34;-12;-33;-13;-33;-14;-32;-14;-30;-15;-29;-16;-29;-17;-29;-17;-30;-17;-29;-16;-29;-15;-28;-14;-27;-14;-26;-15;-27;-15;-27;-15;-28;-14;-28;-13;-28;-11;111;0;39;-9;39;-9;37;-9;36;-10;34;-11;33;-12;32;-14;32;-15;32;-16;31;-16;30;-16;29;-17;28;-18;27;-19;28;-20;28;-20;29;-20;30;-20;30;-19;29;-18;29;-18;28;-17;28;-17;29;-16;29;-15;30;-14;30;-12;31;-10;11;-4;3;-1;-2;0;-1;-1;-1;-1;1;0;5;1;14;2;13;2;14;1;15;1;16;1;18;2;19;3;19;4;19;4;19;3;20;2;22;2;23;2;25;2;25;3;25;3;25;3;25;1;26;0;28;-1;30;-2;32;-2;34;-3;34;-3;35;-4;35;-5;36;-7;37;-8,empty,EXP_S152,ZONE_02,sortie_zone,4.1,sortie_zone,sortie de la zone
1006452517,-57,6,a0:9f:7a:73:2b:3e,384,-110;-96;8;0;31;9;26;8;20;5;12;1;5;-4;-2;-10;-8;-17;-12;-23;-16;-30;-18;-35;-18;-40;-17;-44;-14;-45;-10;-45;-7;-42;-4;-36;-2;-30;-2;-22;-4;-13;-7;-4;-12;3;-17;9;-23;13;-30;15;-35;16;-10;4;0;0;0;0;0;0;0;0;0;0;0;0;0;0;0;0;0;0;-2;-1;-6;-1;-10;1;-16;3;-20;3;-24;3;-27;2;-29;1;-29;0;-28;0;-25;0;-23;0;-19;2;-15;3;-11;5;-8;7;-5;9;-1;10;3;11;7;11;12;10;17;10;21;9;26;8;31;8;35;8;37;9;119;0;13;9;13;9;14;9;14;9;14;10;14;11;14;12;14;12;15;12;15;12;14;13;14;13;13;14;12;15;12;16;12;17;12;17;11;17;10;17;8;17;7;18;6;18;5;19;4;19;3;18;2;18;1;17;0;16;-1;6;-1;1;-1;-1;-1;-1;0;-1;0;1;1;4;3;13;2;13;0;13;-1;13;-1;13;-2;12;-2;12;-2;11;-2;10;-3;10;-3;9;-3;9;-3;9;-2;8;-2;7;-1;6;0;6;0;5;1;5;1;5;3;5;4;5;5;5;6;5;7;6;8;6;9;7;10;7;119;0;24;0;24;-1;24;-1;25;-1;25;-1;24;-2;24;-2;23;-2;23;-3;23;-3;23;-4;24;-4;24;-4;25;-4;25;-3;25;-3;25;-3;26;-2;26;-2;27;-1;27;1;27;2;26;3;25;4;25;5;25;7;25;9;25;11;9;4;2;1;-1;-1;-2;-1;-1;-1;2;0;6;2;17;7;16;8;15;9;14;9;13;9;13;9;13;9;13;10;13;10;13;10;13;10;12;9;12;9;12;8;13;8;13;7;13;7;14;7;15;6;15;5;16;5;17;4;18;3;19;2;20;2;22;1;23;1;23;1,empty,EXP_S152,ZONE_02,sortie_zone,4.1,sortie_zone,sortie de la zone
1006654443,-56,6,a0:9f:7a:73:2b:3e,384,-110;-96;8;0;13;11;13;5;14;0;15;-5;16;-10;17;-15;18;-19;20;-21;22;-23;23;-24;24;-23;24;-22;23;-19;21;-16;18;-13;13;-11;7;-10;1;-10;-5;-11;-10;-13;-13;-16;-15;-19;-16;-22;-16;-26;-15;-28;-4;-8;0;0;0;0;0;0;0;0;0;0;0;0;0;0;0;0;0;0;-4;2;-15;11;-19;13;-25;14;-30;13;-33;11;-35;8;-36;5;-34;2;-30;-1;-25;-2;-20;-2;-14;0;-9;3;-4;8;0;12;3;16;5;21;7;24;8;27;9;29;10;30;10;30;11;30;12;29;12;27;13;25;-126;0;-7;6;-7;6;-7;7;-6;7;-6;8;-6;8;-6;9;-5;9;-5;9;-5;10;-4;10;-5;10;-5;10;-5;10;-5;11;-6;11;-6;11;-6;11;-6;10;-7;10;-7;9;-7;9;-7;9;-8;9;-8;8;-8;8;-8;7;-8;6;-3;2;-1;0;0;-1;0;-1;0;-1;-2;0;-5;2;-14;5;-15;5;-15;4;-16;3;-16;2;-16;2;-16;1;-15;1;-15;0;-15;-1;-15;-1;-15;-1;-14;-1;-14;-1;-13;-1;-12;-2;-12;-2;-12;-2;-12;-1;-11;-1;-11;0;-11;1;-10;1;-10;2;-9;2;-9;3;-9;4;-9;4;-126;0;20;13;20;12;21;11;21;11;20;10;20;9;20;8;20;7;20;6;20;5;20;4;20;4;20;3;20;3;20;3;20;3;20;3;20;3;20;3;20;3;20;3;19;3;19;3;19;3;18;4;18;5;18;6;17;7;6;2;1;0;-1;-1;-1;-2;-1;-1;1;1;3;5;10;16;9;16;8;16;8;17;7;17;7;17;7;18;7;18;7;18;7;18;7;18;7;18;8;18;8;18;8;18;9;18;9;17;9;17;10;17;11;16;12;16;13;16;14;16;15;15;17;15;18;15;18;14;19;14,empty,EXP_S152,ZONE_02,sortie_zone,4.1,sortie_zone,sortie de la zone
1006852380,-58,6,a0:9f:7a:73:2b:3e,384,-110;-96;8;0;-15;27;-16;28;-17;28;-17;25;-16;22;-14;18;-11;13;-8;8;-3;4;2;0;7;-3;12;-5;17;-6;21;-6;24;-5;26;-3;26;-2;25;1;23;2;20;4;15;4;11;4;6;3;2;1;-1;-1;-1;-1;0;0;0;0;0;0;0;0;0;0;0;0;0;0;0;0;0;0;3;-4;15;-14;18;-17;21;-20;23;-23;26;-23;28;-22;28;-21;26;-18;23;-16;18;-14;11;-13;5;-13;-2;-13;-8;-15;-13;-18;-16;-20;-18;-22;-20;-23;-20;-23;-19;-21;-17;-18;-15;-14;-13;-8;-11;-1;-11;6;-10;11;-118;0;15;19;15;20;15;21;15;21;15;21;14;20;14;20;13;21;14;21;15;21;16;21;16;20;16;19;16;19;16;19;16;19;16;19;17;19;18;19;18;19;17;18;17;17;17;17;17;16;17;16;18;17;18;17;18;17;6;6;1;2;-1;-1;-1;1;-1;0;1;-3;4;-7;13;-19;14;-18;15;-18;16;-17;16;-17;16;-16;17;-15;17;-13;18;-11;19;-9;20;-8;20;-7;19;-6;18;-5;17;-3;17;-1;17;1;17;2;17;3;17;4;16;5;15;7;15;9;15;11;16;13;17;14;17;14;17;15;-118;0;-36;21;-34;21;-32;22;-29;24;-26;25;-24;26;-21;26;-19;26;-16;25;-14;25;-11;25;-8;26;-6;26;-5;27;-4;27;-3;26;-2;26;-1;25;1;25;3;25;4;25;5;25;5;25;5;24;4;24;4;24;4;24;3;24;1;9;0;2;-1;-1;2;1;1;0;-5;-3;-16;-10;-43;-26;-42;-27;-40;-28;-39;-28;-39;-28;-39;-28;-40;-27;-40;-27;-41;-27;-40;-26;-40;-25;-40;-23;-40;-21;-40;-19;-40;-17;-40;-15;-39;-13;-39;-10;-40;-8;-40;-5;-41;-2;-41;1;-41;3;-41;6;-40;10;-40;13;-40;16;-39;18,empty,EXP_S152,ZONE_02,sortie_zone,4.1,sortie_zone,sortie de la zone
1007052523,-54,6,a0:9f:7a:73:2b:3e,384,-110;-96;8;0;6;-10;12;-7;17;-5;21;-5;23;-5;25;-6;25;-7;24;-8;22;-8;20;-7;17;-6;14;-4;12;-2;10;0;8;3;7;6;6;9;5;12;5;13;5;14;4;14;4;13;3;12;2;11;1;9;0;2;0;0;0;0;0;0;0;0;0;0;0;0;0;0;0;0;0;0;-5;2;-18;9;-23;11;-28;14;-32;17;-35;20;-36;22;-36;24;-34;24;-30;22;-26;20;-22;15;-17;9;-12;3;-8;-4;-5;-12;-4;-19;-4;-26;-5;-32;-7;-36;-9;-39;-12;-40;-14;-39;-15;-37;-14;-34;-12;-29;-10;-25;70;0;3;-24;3;-23;4;-22;4;-21;4;-20;4;-20;4;-19;3;-18;3;-17;3;-16;3;-16;3;-15;3;-15;3;-15;4;-14;4;-14;4;-13;4;-13;4;-12;5;-12;5;-11;5;-11;5;-10;5;-10;6;-9;6;-8;7;-8;7;-7;2;-3;0;-1;-1;0;0;0;0;0;-2;-2;-6;-6;-14;-16;-14;-17;-13;-19;-12;-20;-11;-21;-11;-22;-10;-22;-8;-22;-7;-23;-6;-24;-5;-25;-4;-26;-4;-26;-3;-25;-3;-25;-2;-24;0;-24;0;-25;1;-25;1;-25;0;-25;0;-25;0;-25;1;-25;2;-25;2;-25;2;-26;3;-26;70;0;-10;9;-10;9;-10;8;-9;7;-8;6;-7;6;-6;6;-5;6;-5;6;-5;6;-5;6;-4;5;-3;4;-3;4;-2;4;-2;4;-2;4;-2;4;-1;3;-1;3;0;2;1;2;1;2;1;3;2;3;1;3;2;3;2;3;0;1;0;0;-1;-1;0;-1;0;-1;-2;1;-5;4;-13;12;-13;11;-13;10;-13;9;-13;9;-14;10;-15;10;-16;10;-17;9;-17;8;-17;7;-16;7;-16;7;-16;7;-16;7;-16;7;-16;6;-16;6;-15;6;-14;6;-13;7;-13;8;-14;9;-14;9;-14;8;-13;8;-12;7;-12;7,empty,EXP_S152,ZONE_02,sortie_zone,4.1,sortie_zone,sortie de la zone
1007252333,-52,6,a0:9f:7a:73:2b:3e,384,-110;-96;8;0;23;26;24;27;24;26;22;25;20;22;17;18;14;14;10;9;5;5;1;0;-4;-4;-8;-8;-12;-11;-15;-14;-17;-17;-19;-19;-19;-19;-19;-20;-18;-19;-16;-17;-14;-14;-11;-11;-9;-8;-6;-5;-4;-2;-1;-1;0;0;0;0;0;0;0;0;0;0;0;0;0;0;0;0;0;0;5;3;23;14;23;15;21;15;19;14;17;12;13;10;9;6;4;2;-1;-2;-5;-7;-10;-12;-14;-16;-17;-20;-19;-23;-21;-26;-22;-27;-21;-27;-20;-25;-19;-23;-16;-19;-12;-15;-8;-9;-3;-4;3;2;8;8;12;13;96;0;37;4;37;4;36;4;35;4;34;3;32;3;31;3;30;3;29;3;29;4;28;3;28;3;27;3;26;2;25;3;25;3;24;4;24;5;24;5;23;5;22;5;21;5;20;6;19;7;18;8;18;9;18;9;17;10;6;3;1;1;-1;-1;-2;0;-1;0;2;-2;7;-6;22;-15;22;-14;23;-13;23;-12;24;-11;25;-9;26;-8;27;-7;29;-7;30;-6;30;-6;30;-5;30;-3;30;-2;31;-1;32;0;32;0;33;-1;33;-1;33;-1;33;0;34;0;35;1;37;1;38;1;38;1;38;1;38;1;96;0;-6;37;-6;36;-4;35;-3;34;-1;33;0;32;1;32;2;31;2;30;3;28;4;27;5;26;6;25;7;26;8;26;8;26;7;26;7;25;7;24;8;24;8;24;8;24;7;24;6;24;5;23;4;23;4;22;3;22;1;8;0;2;-1;-1;0;-2;0;-1;-1;2;-4;9;-10;25;-11;25;-12;25;-13;25;-14;25;-15;26;-16;26;-16;26;-17;26;-17;27;-17;27;-18;28;-18;28;-19;28;-19;27;-18;27;-17;27;-15;28;-14;29;-14;30;-13;31;-13;32;-12;33;-11;33;-10;34;-8;35;-7;36;-6;37,empty,EXP_S152,ZONE_02,sortie_zone,4.1,sortie_zone,sortie de la zone
1007452638,-53,6,a0:9f:7a:73:2b:3e,384,-110;-96;8;0;-31;16;-31;17;-29;18;-26;19;-23;18;-19;16;-15;13;-11;9;-9;4;-8;-1;-8;-6;-9;-11;-11;-16;-13;-19;-15;-21;-18;-22;-20;-22;-21;-21;-21;-19;-21;-16;-19;-12;-16;-9;-13;-6;-9;-4;-6;-3;-2;-1;0;0;0;0;0;0;0;0;0;0;0;0;0;0;0;0;0;0;6;-3;25;-11;24;-11;23;-11;21;-10;19;-9;16;-6;13;-3;10;1;7;6;5;11;4;16;3;20;3;24;4;27;5;29;6;30;7;30;8;28;8;26;7;23;4;20;1;16;-4;14;-9;12;-15;12;-19;11;67;0;-44;24;-43;23;-41;22;-40;21;-39;20;-38;19;-36;19;-35;19;-34;19;-32;19;-32;19;-31;18;-30;18;-30;17;-30;17;-30;16;-29;15;-29;14;-29;13;-28;11;-27;10;-27;9;-26;9;-26;8;-26;7;-25;5;-25;3;-25;2;-9;0;-3;-1;0;-1;0;-2;0;-1;-2;3;-5;10;-14;27;-16;27;-18;27;-21;27;-22;26;-24;26;-25;26;-27;26;-28;25;-30;25;-31;24;-32;24;-33;23;-34;23;-35;22;-36;22;-36;21;-37;21;-37;21;-38;21;-39;22;-40;22;-40;23;-41;23;-41;23;-42;24;-43;25;-43;25;67;0;-14;-19;-14;-18;-14;-18;-15;-17;-15;-16;-16;-16;-17;-15;-17;-14;-18;-13;-18;-13;-19;-13;-19;-13;-20;-13;-20;-13;-21;-13;-21;-14;-21;-14;-21;-15;-21;-15;-20;-16;-20;-16;-19;-17;-18;-18;-17;-18;-17;-19;-16;-20;-14;-20;-13;-21;-5;-8;-2;-3;0;0;0;1;0;0;-1;-2;-3;-7;-7;-19;-5;-19;-4;-20;-3;-20;-3;-20;-2;-20;-2;-21;-2;-21;-1;-22;-1;-22;0;-22;1;-21;1;-21;1;-21;1;-21;0;-20;-1;-20;-2;-20;-2;-20;-3;-19;-4;-19;-5;-19;-6;-19;-8;-19;-9;-19;-10;-19;-10;-19;-10;-19,empty,EXP_S152,ZONE_02,sortie_zone,4.1,sortie_zone,sortie de la zone
1007655355,-54,6,a0:9f:7a:73:2b:3e,384,-110;-96;8;0;-5;22;-5;26;-6;28;-6;29;-6;29;-5;28;-5;25;-5;22;-5;18;-4;13;-4;8;-4;3;-5;-1;-5;-6;-4;-10;-4;-13;-3;-15;-2;-17;-1;-18;0;-17;1;-16;2;-14;2;-12;3;-9;4;-7;1;-2;0;0;0;0;0;0;0;0;0;0;0;0;0;0;0;0;0;0;0;6;1;27;0;28;0;28;0;28;0;26;0;23;0;19;0;14;1;8;2;1;3;-5;4;-12;6;-18;7;-23;7;-28;8;-31;8;-34;7;-35;7;-34;6;-33;4;-29;3;-25;2;-19;0;-13;-1;-5;-2;0;94;0;14;9;13;10;13;10;13;9;13;9;13;8;12;7;11;7;11;7;11;6;11;6;11;6;11;6;11;6;10;5;10;6;9;6;9;6;9;6;9;6;8;6;8;6;7;6;7;6;7;6;6;6;6;7;5;7;1;2;0;0;-1;-1;-1;-1;-1;-1;1;-1;4;0;11;0;12;1;12;1;12;2;12;3;12;3;12;4;12;5;12;6;13;6;13;6;13;6;13;6;13;7;12;7;12;8;13;9;13;9;13;9;13;8;13;8;13;8;13;9;13;9;14;10;15;10;15;9;15;9;94;0;-19;-1;-18;-1;-17;-1;-16;-1;-15;0;-14;1;-14;1;-13;1;-12;1;-11;1;-11;1;-10;2;-9;2;-9;2;-8;2;-8;2;-7;2;-7;2;-6;2;-5;2;-5;2;-4;3;-4;3;-4;3;-4;3;-4;3;-4;3;-3;3;-1;1;-1;0;0;-1;0;-1;0;0;-2;0;-6;0;-15;-1;-15;-1;-15;-1;-16;-1;-16;-2;-16;-2;-17;-3;-17;-3;-17;-3;-17;-3;-17;-3;-17;-4;-18;-4;-18;-4;-18;-4;-18;-4;-18;-4;-18;-4;-18;-3;-19;-3;-19;-2;-20;-2;-20;-3;-19;-3;-19;-2;-19;-2;-19;-1;-20;-1,empty,EXP_S152,ZONE_02,sortie_zone,4.1,sortie_zone,sortie de la zone
1007852314,-52,6,a0:9f:7a:73:2b:3e,384,-110;-96;8;0;30;7;32;7;32;6;32;5;29;4;26;2;21;1;16;0;11;0;6;0;0;0;-5;1;-10;2;-14;3;-18;4;-20;5;-22;6;-23;7;-23;7;-21;6;-19;6;-17;5;-14;4;-10;3;-8;2;-2;0;0;0;0;0;0;0;0;0;0;0;0;0;0;0;0;0;0;0;4;4;19;17;19;17;18;18;17;17;14;15;11;13;7;10;3;6;-2;2;-7;-3;-11;-7;-16;-11;-19;-15;-22;-18;-25;-20;-26;-21;-26;-21;-25;-20;-24;-18;-21;-15;-17;-12;-12;-9;-6;-6;1;-3;7;0;13;2;85;0;17;-7;17;-6;16;-6;16;-6;15;-5;15;-5;14;-5;14;-5;13;-5;13;-5;12;-5;12;-5;12;-5;12;-5;12;-5;11;-5;11;-4;11;-4;11;-4;11;-3;11;-3;10;-3;10;-2;10;-2;10;-2;10;-1;10;-1;10;0;3;0;1;0;-1;0;-1;0;-1;0;0;-2;1;-5;4;-13;5;-13;6;-13;7;-12;8;-12;9;-12;9;-12;10;-12;11;-11;12;-11;12;-10;13;-10;13;-9;14;-9;14;-9;15;-8;15;-8;15;-8;15;-8;15;-8;16;-8;16;-8;16;-8;17;-8;17;-8;17;-7;17;-7;17;-7;85;0;0;16;1;16;1;15;1;15;1;14;2;14;2;13;2;13;2;12;3;12;3;11;3;11;3;11;3;11;4;11;4;11;4;11;3;10;3;10;3;10;3;10;3;10;3;9;2;9;2;9;2;9;2;9;1;9;0;3;0;1;-1;-1;-1;-1;0;-1;0;1;0;4;1;11;0;11;-1;11;-1;11;-1;12;-2;12;-2;12;-2;13;-2;13;-2;13;-3;13;-3;13;-3;13;-4;13;-4;14;-4;14;-3;14;-3;14;-3;14;-2;14;-2;14;-2;15;-1;15;-1;16;-1;16;-1;16;0;16;0;17,empty,EXP_S152,ZONE_02,sortie_zone,4.1,sortie_zone,sortie de la zone
1008052269,-51,6,a0:9f:7a:73:2b:3e,384,-110;-96;8;0;22;-23;23;-25;23;-27;22;-27;19;-26;16;-24;12;-21;9;-17;7;-12;5;-7;3;-1;2;4;2;9;2;14;3;18;4;21;5;23;5;23;6;23;6;21;6;19;6;16;5;13;3;9;2;6;0;1;0;0;0;0;0;0;0;0;0;0;0;0;0;0;0;0;0;0;4;3;18;13;18;14;18;14;17;14;15;13;12;11;8;10;3;8;-2;5;-8;3;-13;1;-19;-1;-24;-3;-28;-4;-31;-4;-33;-4;-34;-3;-33;-2;-31;-1;-28;0;-23;-1;-17;-1;-11;-3;-4;-6;3;-9;8;-11;76;0;1;-22;1;-21;1;-21;2;-20;2;-20;2;-19;2;-18;2;-17;2;-17;2;-17;2;-16;2;-16;2;-15;2;-15;2;-14;3;-14;3;-14;4;-13;4;-13;4;-13;4;-12;4;-11;4;-11;5;-10;5;-10;6;-9;6;-9;6;-8;2;-3;0;-1;-1;0;0;0;0;0;-2;-1;-4;-3;-11;-8;-11;-9;-10;-10;-10;-11;-10;-12;-9;-13;-9;-13;-9;-14;-8;-15;-8;-16;-7;-17;-7;-17;-6;-18;-5;-18;-5;-18;-4;-19;-4;-19;-3;-19;-3;-20;-3;-20;-2;-20;-2;-21;-2;-21;-1;-22;-1;-22;-1;-22;-1;-22;-1;-22;76;0;14;7;14;7;13;6;13;6;13;5;13;4;12;4;12;4;12;4;11;3;11;3;11;2;11;2;11;2;11;2;11;2;11;2;10;3;10;3;10;2;10;2;10;2;9;2;9;3;9;3;9;3;8;4;8;4;3;1;0;0;-1;-1;-1;-1;-1;-1;0;0;3;0;8;1;8;1;8;1;8;2;9;2;9;3;9;3;9;4;10;4;10;4;10;5;10;5;11;5;11;6;11;6;11;6;11;6;11;6;11;6;12;6;12;6;13;7;13;7;13;7;13;7;14;6;14;6;14;6,empty,EXP_S152,ZONE_02,sortie_zone,4.1,sortie_zone,sortie de la zone
1008253732,-59,6,a0:9f:7a:73:2b:3e,384,-110;-96;8;0;6;-19;8;-17;10;-15;10;-14;10;-12;10;-10;9;-8;9;-5;9;-3;9;-1;10;1;11;3;13;3;15;3;17;2;18;1;18;0;17;-3;15;-6;13;-8;10;-9;6;-10;2;-10;-3;-10;-6;-9;-2;-3;0;0;0;0;0;0;0;0;0;0;0;0;0;0;0;0;0;0;-5;2;-20;9;-24;13;-28;19;-31;24;-32;28;-32;31;-30;32;-28;31;-25;28;-21;24;-19;19;-16;12;-13;4;-12;-3;-11;-10;-11;-17;-11;-22;-12;-27;-13;-29;-14;-31;-14;-31;-14;-31;-12;-29;-10;-28;-7;-26;-4;-25;65;0;2;-22;2;-21;2;-20;2;-19;1;-17;1;-16;1;-15;0;-14;0;-13;-1;-12;-1;-12;-2;-11;-2;-10;-2;-10;-2;-9;-2;-9;-2;-9;-2;-9;-2;-8;-2;-8;-2;-7;-2;-7;-2;-6;-1;-6;-1;-6;-1;-6;-1;-6;0;-6;0;-2;0;-1;0;0;0;0;0;0;-2;-2;-4;-5;-10;-15;-10;-16;-9;-18;-8;-19;-8;-20;-7;-21;-6;-21;-5;-22;-4;-23;-3;-24;-2;-25;-1;-25;-1;-26;-1;-26;0;-25;0;-25;1;-25;2;-25;2;-25;2;-25;2;-25;2;-25;2;-25;3;-24;2;-24;2;-24;2;-24;2;-24;65;0;-2;2;-2;1;-2;0;-2;0;-1;-1;-1;-2;0;-2;0;-3;0;-3;0;-3;0;-4;0;-5;0;-7;0;-7;1;-8;1;-9;1;-9;1;-10;2;-11;2;-12;3;-13;3;-13;4;-13;5;-14;6;-14;7;-14;8;-14;9;-14;3;-5;1;-2;-1;0;0;-1;0;-1;-2;1;-6;5;-17;15;-17;14;-18;13;-18;12;-18;11;-18;10;-19;10;-19;9;-19;8;-19;7;-18;6;-17;5;-16;5;-15;5;-15;5;-14;4;-13;3;-12;3;-11;3;-10;3;-9;3;-9;4;-8;4;-8;3;-7;3;-6;2;-5;2;-4;1,empty,EXP_S152,ZONE_02,sortie_zone,4.1,sortie_zone,sortie de la zone
1008456660,-56,6,a0:9f:7a:73:2b:3e,384,-110;-96;8;0;-38;-7;-40;-8;-40;-10;-37;-11;-33;-11;-28;-10;-23;-9;-17;-7;-11;-4;-5;-1;0;3;4;7;7;11;9;14;10;16;10;18;10;19;9;19;7;18;6;16;4;13;3;9;2;6;2;2;2;-1;0;-1;0;0;0;0;0;0;0;0;0;0;0;0;0;0;0;0;0;0;2;5;11;22;11;23;11;24;10;24;9;22;8;20;7;16;7;11;7;5;8;-1;10;-7;12;-13;16;-18;19;-22;22;-25;24;-27;26;-27;26;-25;25;-23;22;-20;18;-17;12;-14;5;-10;-3;-7;-12;-5;-18;-4;117;0;-14;12;-14;12;-14;11;-14;10;-13;10;-13;9;-13;8;-12;8;-12;8;-12;7;-11;7;-11;7;-11;6;-10;6;-10;5;-10;5;-10;5;-9;4;-9;4;-9;4;-9;3;-8;3;-8;3;-8;3;-8;2;-8;2;-8;2;-8;2;-3;0;-1;0;0;-1;-1;-1;-1;-1;0;0;0;2;1;7;1;7;0;8;0;8;0;8;-1;9;-1;9;-2;10;-3;10;-3;11;-4;11;-5;11;-5;11;-6;11;-6;11;-7;12;-7;12;-8;12;-8;12;-9;12;-9;12;-10;12;-11;13;-11;13;-12;13;-12;13;-13;13;-13;13;117;0;-13;-22;-13;-21;-13;-20;-13;-19;-13;-18;-12;-17;-12;-16;-12;-15;-12;-14;-11;-13;-11;-12;-11;-11;-11;-10;-11;-9;-11;-9;-10;-8;-10;-8;-10;-7;-10;-6;-10;-5;-10;-5;-10;-4;-10;-4;-10;-3;-10;-3;-10;-3;-10;-3;-10;-3;-4;-2;-2;-1;0;0;0;0;0;0;-1;-2;-2;-6;-6;-16;-5;-17;-5;-17;-5;-17;-4;-18;-4;-18;-4;-18;-4;-19;-4;-19;-5;-20;-5;-20;-5;-20;-5;-20;-5;-20;-5;-20;-6;-20;-6;-20;-6;-21;-7;-21;-8;-21;-9;-21;-9;-22;-10;-22;-11;-22;-12;-22;-12;-22;-13;-22;-14;-23,empty,EXP_S152,ZONE_02,sortie_zone,4.1,sortie_zone,sortie de la zone
1008652287,-58,6,a0:9f:7a:73:2b:3e,384,-110;-96;8;0;9;-41;10;-40;10;-37;10;-32;9;-25;7;-18;4;-10;1;-1;-3;6;-7;13;-11;19;-15;23;-18;26;-21;27;-22;26;-22;24;-21;20;-19;16;-15;12;-10;7;-4;3;2;0;9;-3;15;-5;19;-6;5;-2;0;0;0;0;0;0;0;0;0;0;0;0;0;0;0;0;0;0;-5;-1;-19;-4;-22;-4;-25;-4;-27;-5;-27;-5;-27;-5;-24;-5;-21;-3;-16;-1;-11;2;-5;6;0;11;4;16;8;21;11;24;12;27;13;28;13;28;12;26;10;22;9;16;8;9;6;0;4;-9;4;-18;4;-25;104;0;-11;-16;-11;-17;-11;-17;-11;-17;-10;-17;-8;-17;-7;-17;-6;-17;-6;-18;-6;-18;-6;-18;-5;-18;-5;-18;-4;-18;-3;-18;-2;-18;-2;-19;-2;-18;-1;-18;-1;-17;0;-16;1;-16;2;-15;2;-16;2;-16;2;-15;3;-15;3;-14;1;-5;0;-2;-1;0;0;-1;0;-1;0;0;-1;2;-1;8;-2;8;-3;8;-3;8;-4;8;-5;8;-6;7;-7;6;-8;6;-9;5;-10;5;-10;5;-10;4;-11;3;-11;1;-12;0;-12;-1;-13;-2;-13;-2;-13;-3;-12;-4;-12;-6;-12;-8;-13;-9;-14;-10;-14;-11;-14;-11;-13;-12;104;0;10;-19;9;-19;8;-19;7;-19;6;-19;5;-19;4;-19;3;-18;2;-17;1;-17;0;-16;-2;-16;-3;-17;-3;-17;-4;-16;-4;-16;-5;-15;-6;-15;-7;-15;-7;-16;-8;-16;-8;-16;-7;-16;-7;-16;-8;-16;-7;-17;-7;-17;-7;-18;-3;-7;-1;-3;0;0;-1;0;-1;0;1;-1;5;-3;14;-7;14;-7;15;-7;15;-7;15;-7;15;-7;16;-7;16;-7;17;-7;16;-7;16;-8;16;-8;16;-8;16;-9;16;-9;16;-9;16;-10;15;-10;15;-12;15;-13;15;-14;15;-15;14;-15;13;-16;12;-17;12;-18;11;-19;11;-20,empty,EXP_S152,ZONE_02,sortie_zone,4.1,sortie_zone,sortie de la zone
1008852432,-54,6,a0:9f:7a:73:2b:3e,384,-110;-96;8;0;-29;-7;-27;-8;-26;-9;-25;-10;-24;-10;-23;-10;-23;-10;-22;-9;-21;-9;-21;-8;-20;-8;-19;-8;-19;-8;-18;-9;-18;-9;-18;-9;-18;-9;-18;-9;-18;-8;-17;-7;-16;-6;-15;-4;-13;-4;-11;-4;-9;-4;-3;-1;0;0;0;0;0;0;0;0;0;0;0;0;0;0;0;0;0;0;-4;1;-15;6;-19;5;-24;3;-28;3;-33;4;-36;6;-38;8;-39;10;-38;11;-36;12;-33;11;-31;10;-28;7;-26;3;-25;0;-25;-4;-27;-7;-29;-10;-32;-11;-35;-11;-37;-10;-39;-9;-39;-7;-39;-5;-38;-4;-36;-4;32;0;-30;-13;-29;-13;-28;-13;-26;-12;-25;-12;-24;-11;-23;-11;-22;-10;-21;-10;-20;-9;-20;-8;-19;-8;-19;-7;-18;-7;-17;-7;-17;-7;-16;-7;-16;-7;-15;-7;-15;-7;-14;-7;-13;-7;-13;-7;-12;-7;-12;-7;-11;-7;-11;-7;-10;-8;-4;-3;-1;-1;0;0;1;-1;0;-1;-3;1;-8;3;-22;9;-23;8;-24;6;-25;5;-26;3;-27;2;-28;1;-28;0;-29;-2;-29;-3;-30;-4;-30;-5;-30;-6;-30;-7;-30;-7;-30;-8;-30;-9;-30;-10;-30;-10;-30;-11;-30;-11;-30;-12;-30;-12;-31;-12;-31;-12;-31;-12;-31;-12;-31;-13;32;0;0;3;-1;3;-1;3;-1;3;-2;2;-1;1;-1;0;-1;0;0;0;0;0;-1;0;-1;-1;-1;-1;-1;-2;-1;-2;-1;-2;-1;-3;-1;-3;-1;-3;-1;-3;-1;-4;-1;-4;-1;-5;0;-5;0;-5;1;-5;1;-5;1;-5;0;-2;0;-1;-1;0;0;-1;0;-1;-1;1;-1;3;-2;10;-3;9;-3;9;-4;8;-4;8;-3;8;-3;8;-4;9;-5;9;-5;8;-5;8;-5;7;-5;7;-4;6;-4;7;-4;7;-4;7;-4;6;-4;6;-3;5;-3;5;-2;5;-2;5;-2;6;-2;5;-2;5;-2;4;-2;4,empty,EXP_S152,ZONE_02,sortie_zone,4.1,sortie_zone,sortie de la zone
1009054248,-53,6,a0:9f:7a:73:2b:3e,384,-110;-96;8;0;-9;-14;-13;-17;-15;-19;-18;-20;-20;-19;-21;-17;-22;-14;-22;-12;-21;-8;-19;-5;-17;-2;-14;1;-11;3;-7;6;-3;7;2;8;6;9;9;9;13;9;16;8;18;7;19;6;20;5;20;3;20;2;5;0;0;0;0;0;0;0;0;0;0;0;0;0;0;0;0;0;0;0;-4;-3;-16;-14;-16;-18;-15;-22;-14;-24;-12;-26;-9;-27;-6;-25;-3;-23;1;-18;4;-14;7;-8;9;-2;11;5;12;11;13;17;14;21;14;24;14;26;15;27;14;27;14;24;12;21;10;17;8;12;5;7;3;2;90;0;-24;14;-24;14;-23;13;-22;13;-20;13;-18;14;-15;13;-13;13;-11;12;-10;12;-10;12;-9;12;-9;13;-8;13;-7;13;-6;13;-6;12;-6;11;-6;11;-7;11;-6;12;-6;12;-5;12;-4;11;-4;10;-5;10;-6;9;-6;9;-3;3;-1;1;0;-1;0;-3;0;-2;-1;3;-3;11;-8;32;-10;32;-13;32;-16;32;-18;32;-20;31;-22;30;-24;29;-26;28;-28;28;-30;27;-30;26;-31;25;-31;24;-31;22;-32;21;-33;19;-33;19;-32;18;-31;18;-31;17;-30;17;-30;16;-30;16;-29;16;-29;16;-28;17;-28;17;90;0;23;-28;23;-28;23;-27;21;-26;20;-26;18;-26;17;-27;16;-27;16;-27;15;-27;15;-27;14;-27;13;-27;12;-27;12;-28;12;-28;12;-28;13;-28;14;-27;14;-27;14;-26;13;-26;13;-26;14;-26;15;-25;16;-25;18;-24;19;-23;7;-8;2;-3;-1;0;-1;0;-1;0;1;-1;5;-3;14;-7;13;-6;13;-6;13;-7;14;-7;15;-8;16;-8;17;-8;18;-7;17;-7;17;-8;17;-9;18;-10;19;-10;20;-10;20;-10;20;-11;19;-11;19;-13;19;-15;20;-17;21;-18;22;-19;22;-20;22;-21;22;-22;22;-24;22;-25,empty,EXP_S152,ZONE_02,sortie_zone,4.1,sortie_zone,sortie de la zone
1009252215,-50,6,a0:9f:7a:73:2b:3e,384,-110;-96;8;0;-12;9;-16;11;-19;14;-20;16;-20;18;-18;20;-16;21;-14;21;-11;19;-8;17;-5;14;-3;11;-1;6;1;2;1;-3;1;-8;1;-12;-1;-16;-2;-18;-4;-20;-6;-21;-8;-20;-9;-19;-10;-18;-11;-17;-3;-4;0;0;0;0;0;0;0;0;0;0;0;0;0;0;0;0;0;0;-3;-5;-11;-18;-10;-21;-10;-24;-9;-26;-8;-27;-7;-27;-6;-26;-3;-24;-1;-21;2;-17;5;-12;9;-7;12;-2;16;2;19;6;22;9;24;10;26;12;28;12;28;11;28;10;25;8;22;7;17;6;12;5;8;5;74;0;10;34;9;33;8;33;7;32;7;31;7;29;8;27;8;25;7;24;6;23;6;22;6;23;6;22;6;22;6;21;5;20;4;19;3;18;2;18;2;18;1;18;2;18;2;17;1;16;0;14;-1;14;-2;13;-3;13;-2;4;-1;1;0;-1;-3;-1;-2;-1;3;-1;12;1;33;4;33;7;33;10;33;13;33;16;32;18;31;20;30;23;29;25;28;28;27;30;26;31;25;32;23;33;21;33;19;34;17;35;16;35;16;36;16;36;15;35;14;35;14;35;13;36;12;37;12;37;13;37;13;37;74;0;-12;-26;-11;-26;-10;-26;-10;-25;-10;-24;-11;-23;-12;-22;-12;-22;-12;-22;-12;-22;-12;-22;-12;-22;-12;-22;-13;-22;-13;-22;-13;-23;-12;-24;-11;-24;-10;-25;-9;-25;-8;-24;-7;-24;-7;-24;-6;-25;-4;-26;-2;-26;0;-26;2;-25;1;-9;0;-3;0;0;0;0;0;0;-1;-2;-3;-6;-7;-14;-7;-14;-6;-14;-6;-14;-7;-14;-7;-16;-7;-17;-6;-18;-5;-18;-4;-18;-4;-18;-5;-18;-5;-18;-6;-19;-5;-20;-4;-21;-4;-20;-4;-20;-5;-19;-6;-20;-8;-21;-8;-22;-8;-23;-8;-24;-8;-24;-9;-24;-10;-24;-10;-24,empty,EXP_S152,ZONE_02,sortie_zone,4.1,sortie_zone,sortie de la zone
1009453637,-49,6,a0:9f:7a:73:2b:3e,384,-110;-96;8;0;11;1;16;2;21;2;24;2;27;1;28;-1;28;-2;27;-4;24;-5;21;-6;17;-7;13;-6;9;-6;4;-5;0;-4;-5;-2;-9;0;-13;2;-15;3;-18;5;-19;6;-19;8;-19;9;-18;9;-17;9;-5;2;0;0;0;0;0;0;0;0;0;0;0;0;0;0;0;0;0;0;3;1;16;7;17;9;18;12;19;14;18;16;17;17;15;17;12;16;8;14;4;12;0;9;-5;5;-9;1;-13;-4;-17;-7;-21;-11;-24;-13;-26;-15;-28;-16;-29;-16;-28;-15;-27;-14;-24;-12;-20;-10;-15;-7;-10;-6;92;0;6;-35;7;-33;7;-32;7;-31;7;-30;6;-29;5;-27;4;-26;4;-25;3;-24;3;-24;3;-23;3;-23;3;-23;2;-22;2;-22;3;-21;3;-20;4;-19;4;-18;4;-18;4;-18;4;-17;4;-17;4;-16;5;-15;6;-14;7;-14;2;-5;0;-2;-1;0;1;1;0;0;-3;-2;-7;-8;-19;-21;-18;-23;-17;-24;-15;-26;-14;-28;-13;-29;-11;-30;-10;-31;-8;-33;-7;-34;-5;-35;-4;-36;-3;-36;-1;-35;0;-35;2;-35;3;-35;3;-35;4;-36;4;-36;4;-36;5;-35;5;-35;6;-36;6;-36;7;-37;7;-37;7;-37;92;0;-11;32;-11;31;-11;30;-10;29;-10;28;-9;28;-8;28;-8;28;-8;27;-8;27;-8;26;-8;25;-7;25;-7;25;-7;25;-7;25;-7;25;-8;25;-9;24;-10;23;-10;22;-10;21;-10;21;-10;21;-11;20;-13;19;-14;18;-14;18;-6;6;-2;1;0;-1;-1;-1;0;-1;0;1;-1;5;-1;14;-2;14;-2;14;-3;14;-3;15;-4;16;-4;17;-5;18;-6;18;-7;18;-7;19;-8;19;-8;20;-9;21;-9;21;-10;21;-10;21;-10;21;-9;22;-9;23;-9;24;-9;26;-10;27;-10;28;-11;29;-10;29;-10;30;-10;30,empty,EXP_S152,ZONE_02,sortie_zone,4.1,sortie_zone,sortie de la zone
1009652404,-52,6,a0:9f:7a:73:2b:3e,384,-110;-96;8;0;18;-2;22;-3;26;-4;27;-6;27;-8;26;-9;24;-11;20;-12;16;-12;11;-12;7;-11;2;-9;-2;-6;-5;-3;-8;0;-11;4;-13;7;-14;10;-14;13;-13;16;-12;17;-10;18;-7;18;-5;18;-3;17;-1;4;0;0;0;0;0;0;0;0;0;0;0;0;0;0;0;0;0;0;4;2;19;10;20;13;21;17;22;19;22;21;20;22;17;22;14;21;9;18;4;15;-2;11;-7;6;-13;1;-18;-3;-22;-7;-26;-11;-29;-13;-31;-15;-32;-15;-32;-15;-30;-14;-27;-12;-23;-10;-17;-8;-10;-6;-5;-4;77;0;12;-35;12;-33;12;-31;11;-29;10;-28;9;-26;8;-24;7;-23;6;-21;6;-20;6;-20;5;-19;5;-19;4;-18;4;-17;3;-16;3;-16;4;-15;4;-15;4;-14;3;-14;3;-13;3;-12;2;-12;3;-11;3;-11;4;-10;5;-10;1;-4;0;-2;-1;0;1;1;0;0;-4;-2;-10;-8;-27;-22;-26;-25;-24;-27;-22;-30;-21;-32;-19;-34;-17;-36;-15;-38;-13;-39;-11;-41;-9;-42;-7;-43;-5;-43;-2;-43;0;-43;2;-43;3;-42;5;-42;6;-42;6;-41;7;-41;7;-41;8;-40;9;-40;10;-39;11;-39;11;-39;11;-39;77;0;-2;32;-1;32;-1;31;0;30;1;29;2;29;3;28;4;28;4;27;4;26;4;26;5;25;5;25;6;26;7;26;7;26;7;27;6;27;6;27;6;27;5;27;4;27;4;27;3;27;1;27;0;28;-2;28;-3;28;-2;10;-1;3;-1;-1;0;-2;0;-1;0;2;-1;6;-1;18;-2;18;-3;19;-3;19;-4;19;-4;20;-5;21;-6;21;-6;22;-7;22;-7;22;-7;22;-7;23;-8;23;-8;24;-8;24;-8;23;-8;23;-7;24;-6;25;-6;26;-5;27;-4;28;-4;29;-4;30;-4;30;-3;31;-3;31,empty,EXP_S152,ZONE_02,sortie_zone,4.1,sortie_zone,sortie de la zone
1009852549,-53,6,a0:9f:7a:73:2b:3e,384,-110;-96;8;0;-33;-2;-32;-2;-31;-1;-29;1;-27;3;-23;4;-19;4;-16;3;-13;2;-10;-1;-9;-4;-9;-7;-9;-10;-11;-13;-14;-15;-16;-15;-19;-14;-22;-12;-23;-9;-23;-5;-22;-2;-20;1;-17;4;-13;5;-10;6;-3;1;0;0;0;0;0;0;0;0;0;0;0;0;0;0;0;0;0;0;-2;4;-7;18;-9;19;-11;22;-12;24;-13;25;-13;26;-13;26;-14;26;-14;25;-14;23;-15;21;-16;18;-18;15;-20;13;-22;11;-24;9;-25;9;-26;8;-28;8;-28;8;-28;7;-28;6;-28;5;-29;4;-29;3;-30;1;39;0;-28;-1;-27;-1;-26;-2;-25;-2;-23;-2;-22;-2;-21;-2;-20;-2;-19;-2;-18;-1;-18;-1;-17;-1;-16;-1;-16;-1;-15;-1;-15;-1;-14;-1;-14;-1;-14;-1;-13;-1;-13;-1;-12;-1;-11;-1;-11;-1;-11;-2;-10;-2;-10;-3;-10;-3;-4;-1;-2;-1;0;0;0;-2;0;-1;-1;1;-3;5;-9;16;-11;16;-12;16;-14;15;-15;15;-17;14;-18;14;-19;13;-20;12;-22;12;-23;11;-24;10;-24;8;-25;8;-25;7;-26;6;-26;5;-26;4;-27;4;-27;3;-27;3;-28;3;-28;2;-28;2;-28;1;-28;1;-29;0;-29;0;39;0;-1;-5;-1;-5;-2;-5;-2;-5;-2;-6;-3;-7;-3;-7;-2;-8;-2;-8;-2;-8;-2;-8;-2;-9;-2;-9;-2;-9;-2;-10;-2;-11;-2;-11;-1;-11;-1;-11;-1;-11;0;-11;0;-12;1;-12;1;-12;2;-12;3;-12;4;-11;4;-11;1;-4;0;-2;-1;0;-1;-1;-1;-1;0;0;1;0;5;1;5;1;5;2;4;2;4;2;5;2;5;2;5;3;4;3;4;3;3;3;3;3;3;3;3;3;3;3;2;3;1;3;0;2;0;2;0;1;0;0;0;0;0;0;0;0;-1;-1;-2;-2;-2;-3;-2;-3,empty,EXP_S152,ZONE_02,sortie_zone,4.1,sortie_zone,sortie de la zone
1010052562,-51,6,a0:9f:7a:73:2b:3e,384,-110;-96;8;0;-20;1;-25;1;-27;2;-28;3;-28;5;-27;7;-24;8;-21;9;-17;9;-12;8;-8;7;-3;5;1;3;5;0;8;-4;11;-7;12;-10;13;-13;13;-15;13;-17;11;-18;9;-19;7;-18;5;-17;3;-16;0;-4;0;0;0;0;0;0;0;0;0;0;0;0;0;0;0;0;0;0;-4;-5;-15;-18;-16;-21;-16;-24;-16;-26;-15;-27;-13;-27;-11;-25;-8;-22;-4;-19;0;-14;4;-9;8;-4;12;2;16;7;19;11;22;14;24;16;25;17;26;18;25;17;24;15;21;13;16;11;11;8;5;6;0;4;79;0;-14;31;-14;30;-14;29;-14;28;-13;27;-11;25;-10;24;-9;22;-9;21;-9;20;-8;19;-8;19;-7;19;-6;19;-6;18;-6;17;-6;16;-7;16;-7;15;-7;15;-7;15;-6;14;-6;13;-6;12;-6;11;-7;10;-8;10;-9;10;-4;3;-2;1;0;-1;-2;-2;-1;-1;2;2;6;9;17;27;16;28;14;30;12;32;10;33;9;34;7;35;5;36;2;38;0;39;-1;40;-3;40;-5;39;-6;38;-8;37;-9;37;-10;37;-11;37;-11;37;-12;36;-12;35;-12;34;-13;34;-14;34;-14;35;-15;35;-14;35;-14;35;79;0;-3;-31;-3;-31;-3;-30;-4;-29;-5;-28;-7;-27;-8;-27;-8;-27;-9;-27;-9;-26;-9;-26;-9;-25;-10;-25;-11;-25;-11;-25;-11;-25;-11;-26;-10;-26;-10;-25;-9;-25;-9;-25;-9;-25;-9;-25;-8;-26;-7;-26;-6;-26;-4;-27;-3;-27;-1;-10;0;-3;0;0;-1;1;-1;0;0;-3;1;-8;3;-21;3;-21;4;-20;4;-20;5;-21;5;-21;6;-22;7;-22;8;-22;8;-21;8;-21;7;-21;7;-22;7;-23;8;-23;8;-22;7;-22;6;-22;5;-22;4;-23;3;-25;3;-26;2;-27;2;-27;1;-28;0;-28;-1;-28;-2;-29,empty,EXP_S152,ZONE_02,sortie_zone,4.1,sortie_zone,sortie de la zone
1010256712,-55,6,a0:9f:7a:73:2b:3e,384,-110;-96;8;0;-13;-42;-15;-40;-16;-36;-16;-31;-16;-25;-14;-18;-11;-11;-6;-5;-1;0;5;4;11;7;16;8;22;8;27;6;30;4;32;1;32;-2;30;-6;28;-9;23;-11;18;-12;13;-13;7;-12;2;-11;-2;-10;-1;-3;0;0;0;0;0;0;0;0;0;0;0;0;0;0;0;0;0;0;6;3;24;14;23;15;21;17;18;18;15;19;10;19;5;20;-1;20;-8;19;-13;19;-19;19;-23;19;-27;19;-29;19;-30;18;-30;17;-28;16;-26;14;-23;10;-19;6;-16;0;-12;-6;-10;-13;-9;-21;-8;-28;-8;-33;71;0;-16;-20;-16;-19;-16;-18;-15;-17;-14;-16;-13;-15;-13;-15;-12;-14;-12;-14;-12;-13;-12;-12;-11;-11;-11;-10;-11;-10;-10;-10;-10;-10;-10;-10;-9;-10;-9;-9;-9;-9;-8;-8;-8;-8;-7;-8;-7;-8;-7;-8;-7;-8;-7;-8;-6;-8;-3;-3;-1;-1;0;0;1;0;0;0;-3;-1;-8;-2;-22;-6;-22;-7;-22;-9;-21;-10;-21;-11;-21;-12;-21;-13;-21;-14;-21;-15;-21;-16;-21;-17;-20;-18;-19;-18;-19;-19;-18;-19;-18;-19;-18;-19;-18;-19;-18;-19;-18;-20;-18;-20;-17;-20;-18;-20;-18;-20;-18;-20;-18;-20;-18;-20;-18;-20;71;0;5;-18;4;-18;3;-18;3;-18;2;-19;2;-19;2;-19;1;-19;1;-18;1;-18;0;-18;-1;-18;-1;-18;-1;-19;-1;-19;-1;-19;-1;-19;0;-19;0;-19;0;-19;0;-19;1;-19;1;-19;2;-19;2;-18;3;-18;4;-18;5;-17;2;-7;0;-2;-1;0;-1;0;-1;0;0;-1;1;-1;4;-1;4;-1;4;-1;4;-2;5;-2;5;-2;5;-2;5;-3;4;-3;4;-4;5;-4;5;-5;5;-5;5;-6;5;-6;5;-6;5;-7;4;-8;4;-9;5;-10;5;-11;5;-11;5;-12;4;-13;4;-14;4;-15;4;-16;4;-17,empty,EXP_S152,ZONE_02,sortie_zone,4.1,sortie_zone,sortie de la zone
1010455808,-54,6,a0:9f:7a:73:2b:3e,384,-110;-96;8;0;-37;25;-36;26;-34;25;-29;24;-24;23;-18;22;-12;19;-6;17;1;14;7;11;12;7;17;4;21;0;24;-3;27;-7;28;-9;29;-11;28;-13;27;-15;24;-16;21;-17;18;-17;14;-17;9;-17;6;-16;1;-4;0;0;0;0;0;0;0;0;0;0;0;0;0;0;0;0;0;0;-3;7;-10;28;-13;26;-16;22;-17;18;-18;12;-17;5;-14;-2;-10;-9;-5;-16;1;-22;7;-26;14;-29;19;-31;23;-31;25;-30;26;-29;26;-26;24;-22;20;-18;15;-13;9;-8;2;-2;-5;3;-13;9;-20;13;-25;16;98;0;-4;19;-4;18;-3;17;-3;16;-2;15;-2;13;-2;12;-2;11;-2;10;-2;10;-2;10;-1;10;0;9;0;8;0;7;-1;7;-1;7;-1;7;-1;8;-1;7;0;7;0;6;-1;5;-1;5;-2;5;-2;6;-3;6;-3;6;-1;2;-1;0;0;-1;-1;-2;-1;-1;1;1;4;5;12;16;11;17;10;18;9;19;8;19;7;20;6;21;6;22;5;23;5;23;4;23;3;23;2;23;0;23;0;23;-1;24;-1;23;-1;23;-1;22;-1;21;-2;21;-2;21;-3;22;-3;22;-2;22;-2;21;-2;21;-2;20;98;0;-26;4;-25;4;-25;4;-24;5;-24;6;-24;6;-24;6;-24;6;-23;6;-22;6;-22;6;-22;6;-22;7;-22;7;-23;7;-23;7;-23;7;-23;6;-22;6;-22;5;-22;5;-22;4;-22;3;-22;2;-22;1;-21;0;-21;-1;-21;-2;-8;-1;-3;-1;0;-1;0;0;0;0;-1;-1;-3;-1;-7;-1;-8;-1;-8;-1;-9;-1;-10;-1;-10;-1;-11;-1;-10;-1;-11;-1;-11;0;-12;0;-13;0;-14;-1;-15;-1;-15;-2;-15;-1;-15;0;-16;1;-17;1;-18;1;-19;1;-20;1;-21;2;-21;2;-22;3;-23;4;-24;4;-25;5,empty,EXP_S152,ZONE_02,sortie_zone,4.1,sortie_zone,sortie de la zone
1010654459,-54,6,a0:9f:7a:73:2b:3e,384,-110;-96;8;0;-36;10;-37;10;-36;10;-33;11;-29;11;-24;12;-19;13;-13;13;-8;13;-2;13;3;13;8;12;13;12;17;11;21;10;24;9;26;8;26;7;26;5;26;3;24;2;22;0;20;-2;18;-5;16;-6;3;-2;0;0;0;0;0;0;0;0;0;0;0;0;0;0;0;0;0;0;0;6;0;27;-3;27;-7;24;-10;21;-11;16;-12;10;-11;4;-8;-3;-5;-10;-1;-15;4;-20;9;-24;14;-26;19;-27;22;-26;24;-25;24;-22;22;-20;20;-17;15;-13;10;-9;4;-6;-3;-2;-10;1;-18;4;-23;6;118;0;-9;12;-8;12;-8;12;-7;11;-6;10;-6;9;-5;9;-5;8;-4;8;-4;7;-4;7;-3;7;-2;7;-2;7;-2;6;-2;6;-2;6;-2;6;-2;6;-2;6;-2;5;-1;5;-1;4;-2;4;-2;4;-2;4;-3;4;-3;4;-1;1;-1;0;0;-1;0;-2;0;-1;0;1;-1;6;-1;17;-2;17;-3;18;-4;18;-5;18;-6;18;-6;18;-7;18;-8;18;-8;18;-9;18;-9;17;-10;17;-10;16;-11;16;-11;16;-11;16;-11;15;-11;15;-11;15;-10;14;-10;14;-11;14;-10;15;-10;15;-10;15;-9;14;-9;14;118;0;-22;-10;-22;-10;-22;-9;-22;-9;-22;-8;-22;-7;-22;-6;-22;-6;-22;-5;-21;-5;-21;-4;-21;-4;-21;-3;-21;-3;-21;-3;-22;-3;-22;-3;-21;-3;-21;-3;-21;-3;-20;-4;-20;-4;-20;-4;-20;-5;-19;-5;-19;-6;-18;-7;-18;-8;-7;-3;-2;-1;0;0;0;0;0;0;-1;-1;-2;-3;-6;-6;-6;-7;-6;-7;-6;-7;-6;-8;-6;-8;-7;-8;-7;-9;-7;-9;-8;-9;-9;-9;-9;-10;-10;-10;-10;-11;-10;-11;-10;-11;-11;-10;-12;-10;-13;-10;-14;-10;-15;-10;-16;-10;-16;-10;-17;-10;-18;-10;-19;-10;-20;-10;-21;-10,empty,EXP_S152,ZONE_02,sortie_zone,4.1,sortie_zone,sortie de la zone
1010852554,-55,6,a0:9f:7a:73:2b:3e,384,-110;-96;8;0;-7;37;-7;38;-7;38;-6;36;-4;33;-2;29;1;25;4;20;7;15;10;9;12;4;15;-1;17;-5;19;-10;21;-13;22;-16;22;-17;22;-19;21;-20;19;-20;17;-20;14;-20;11;-19;8;-18;5;-18;1;-5;0;0;0;0;0;0;0;0;0;0;0;0;0;0;0;0;0;0;7;1;28;6;27;9;25;12;21;14;16;15;10;15;4;12;-2;8;-7;3;-12;-3;-15;-10;-18;-17;-18;-23;-18;-28;-17;-31;-16;-33;-14;-33;-11;-32;-9;-28;-8;-23;-6;-18;-5;-11;-4;-2;-4;6;-4;14;-5;20;106;0;13;8;13;8;13;7;12;7;11;6;10;5;9;4;8;4;8;4;8;4;8;3;8;3;8;2;7;1;6;1;6;2;6;2;6;3;6;3;6;2;5;2;5;1;4;1;4;1;3;2;3;3;3;3;3;3;1;1;0;0;-1;-1;-2;0;-1;-1;1;-1;6;-1;18;-2;18;-2;18;-1;18;0;18;1;18;2;18;3;19;4;19;5;19;6;19;6;19;6;18;7;17;7;17;8;17;9;17;9;17;9;16;8;16;8;15;8;15;9;15;9;16;9;16;9;16;8;16;8;15;7;106;0;-14;20;-13;20;-13;20;-12;20;-11;20;-10;21;-10;21;-9;21;-9;21;-8;20;-8;20;-7;20;-7;20;-6;20;-6;21;-7;21;-7;21;-7;20;-7;20;-7;20;-7;20;-8;19;-8;19;-9;19;-9;18;-10;17;-11;17;-12;16;-5;5;-2;1;0;-1;0;-1;0;-1;-1;0;-3;1;-8;4;-8;4;-8;5;-9;5;-9;5;-10;5;-10;5;-10;5;-10;5;-10;6;-10;7;-11;7;-12;8;-12;8;-13;8;-12;8;-12;9;-11;9;-12;11;-12;12;-13;13;-13;14;-13;14;-13;15;-13;16;-13;17;-13;19;-13;20,empty,EXP_S152,ZONE_02,sortie_zone,4.1,sortie_zone,sortie de la zone
1011052527,-55,6,a0:9f:7a:73:2b:3e,384,-110;-96;8;0;-24;41;-23;39;-20;36;-16;32;-11;28;-6;23;0;18;6;13;11;8;16;3;21;-1;24;-6;27;-9;29;-12;30;-15;30;-17;30;-18;28;-19;25;-19;22;-20;18;-20;14;-20;9;-19;5;-19;2;-19;0;-5;0;0;0;0;0;0;0;0;0;0;0;0;0;0;0;0;0;0;3;5;13;21;9;22;4;20;-1;17;-5;13;-9;7;-12;0;-13;-7;-13;-15;-13;-22;-11;-28;-8;-33;-5;-36;-2;-38;1;-37;3;-34;4;-30;5;-25;4;-18;2;-10;0;-2;-3;6;-7;15;-11;23;-15;30;-18;34;105;0;1;19;2;18;2;18;2;16;2;15;2;14;2;13;1;12;1;12;2;11;2;11;3;10;3;9;3;8;2;8;2;7;2;8;2;8;3;7;3;7;3;6;3;5;2;5;2;5;2;5;2;5;2;5;2;5;0;2;0;0;-1;-1;-1;-1;-1;-1;1;1;3;5;10;15;9;16;8;16;7;17;6;18;6;18;6;19;5;20;5;20;5;21;4;21;3;21;2;21;2;21;1;21;2;21;2;21;2;21;2;21;1;20;1;20;1;21;1;21;2;21;2;21;2;20;2;20;2;20;105;0;-17;21;-17;21;-16;21;-16;22;-15;22;-14;23;-14;23;-13;22;-13;22;-12;22;-11;22;-10;22;-10;23;-10;23;-10;23;-10;24;-10;24;-10;24;-10;23;-10;23;-10;22;-11;22;-11;22;-11;21;-12;20;-12;20;-13;19;-14;18;-6;6;-2;1;0;-1;0;-1;0;-1;-1;0;-3;0;-7;2;-7;2;-7;3;-8;3;-8;3;-9;3;-9;3;-9;4;-9;4;-10;5;-11;6;-11;6;-12;6;-12;6;-12;6;-12;7;-12;8;-13;9;-13;10;-14;11;-15;12;-15;13;-15;14;-15;15;-15;17;-16;18;-16;19;-17;20,empty,EXP_S152,ZONE_02,sortie_zone,4.1,sortie_zone,sortie de la zone
1011252703,-54,6,a0:9f:7a:73:2b:3e,384,-110;-96;8;0;-46;7;-44;7;-39;8;-33;9;-26;10;-19;10;-11;9;-3;8;4;7;11;5;17;3;23;0;27;-3;30;-5;32;-8;32;-10;31;-12;29;-14;26;-15;22;-15;18;-16;12;-15;7;-15;1;-14;-3;-14;-1;-4;0;0;0;0;0;0;0;0;0;0;0;0;0;0;0;0;0;0;-7;0;-25;0;-24;-3;-21;-7;-16;-10;-11;-12;-4;-14;2;-14;10;-14;17;-13;23;-12;28;-10;32;-8;35;-5;36;-3;36;-1;33;1;29;2;23;3;17;3;10;4;1;4;-8;4;-16;4;-25;5;-32;5;-38;5;98;0;-21;7;-20;6;-19;6;-18;6;-17;6;-16;5;-16;5;-15;6;-14;6;-13;6;-12;6;-11;6;-11;6;-11;5;-10;5;-10;5;-10;5;-9;5;-9;5;-9;4;-9;4;-9;4;-8;4;-8;4;-8;4;-8;3;-8;3;-8;3;-3;1;-1;0;0;-1;0;-1;0;-1;-2;1;-5;5;-14;13;-15;13;-16;12;-17;11;-18;11;-18;10;-19;10;-20;10;-20;9;-21;9;-21;8;-22;8;-22;8;-22;8;-22;7;-22;7;-22;6;-22;6;-22;6;-22;6;-22;6;-22;6;-22;6;-22;7;-22;7;-22;7;-22;7;-22;7;98;0;-22;-10;-23;-10;-23;-9;-23;-9;-23;-8;-23;-8;-23;-7;-22;-6;-22;-5;-22;-5;-22;-4;-22;-4;-23;-3;-23;-3;-23;-2;-23;-2;-23;-2;-23;-3;-23;-3;-23;-3;-22;-3;-22;-3;-22;-4;-21;-4;-21;-4;-21;-5;-21;-6;-20;-7;-8;-3;-3;-1;0;0;0;0;0;0;-1;-1;-2;-2;-4;-4;-4;-5;-5;-5;-5;-5;-5;-5;-6;-6;-6;-6;-6;-6;-7;-7;-7;-7;-8;-8;-8;-8;-9;-8;-9;-9;-10;-9;-10;-9;-11;-10;-12;-10;-12;-10;-13;-10;-14;-10;-15;-10;-16;-10;-17;-10;-19;-10;-20;-10;-21;-10;-21;-10,empty,EXP_S152,ZONE_02,sortie_zone,4.1,sortie_zone,sortie de la zone
1011452462,-57,6,a0:9f:7a:73:2b:3e,384,-110;-96;8;0;5;-41;4;-40;3;-38;1;-34;-2;-29;-5;-22;-7;-16;-9;-8;-10;-1;-11;6;-12;13;-11;19;-10;24;-9;27;-7;30;-5;32;-2;32;0;31;3;28;6;25;8;20;11;15;13;11;15;6;16;2;4;0;0;0;0;0;0;0;0;0;0;0;0;0;0;0;0;0;0;0;0;-7;4;-27;7;-27;10;-26;13;-23;15;-19;16;-14;15;-8;15;-1;13;5;10;12;6;18;3;24;-1;28;-5;30;-8;32;-10;32;-11;30;-11;27;-11;23;-10;17;-8;10;-6;3;-4;-5;-1;-14;1;-22;3;-28;93;0;-9;-17;-9;-17;-9;-16;-8;-15;-8;-14;-7;-14;-6;-13;-6;-12;-6;-12;-6;-11;-6;-11;-5;-10;-5;-9;-5;-9;-4;-9;-4;-9;-4;-9;-4;-9;-4;-8;-4;-8;-3;-7;-3;-7;-3;-7;-2;-7;-2;-7;-2;-7;-2;-7;-2;-7;-1;-3;-1;-1;0;0;1;0;0;0;-2;-1;-7;-4;-18;-10;-18;-11;-17;-12;-17;-13;-17;-14;-16;-14;-16;-15;-16;-16;-16;-16;-16;-17;-15;-17;-15;-18;-14;-18;-14;-18;-13;-19;-13;-19;-13;-19;-12;-19;-12;-19;-12;-18;-12;-19;-12;-19;-12;-19;-12;-19;-12;-19;-12;-18;-11;-18;-11;-18;93;0;12;-18;12;-18;11;-19;10;-19;10;-20;9;-20;8;-20;8;-21;7;-21;6;-21;5;-21;4;-21;4;-22;3;-22;3;-23;3;-23;3;-23;3;-23;3;-23;3;-23;3;-23;3;-23;4;-23;4;-22;5;-22;6;-22;7;-22;7;-22;3;-8;1;-3;-1;0;-1;-1;-1;-1;0;0;1;0;5;2;5;2;5;1;5;1;6;1;6;1;7;1;7;0;7;0;7;-1;8;-1;8;-2;9;-2;9;-2;10;-2;10;-3;10;-4;10;-5;10;-6;11;-7;11;-8;11;-9;12;-10;12;-11;12;-13;12;-14;12;-15;12;-16,empty,EXP_S152,ZONE_02,sortie_zone,4.1,sortie_zone,sortie de la zone
1011652445,-57,6,a0:9f:7a:73:2b:3e,384,-110;-96;8;0;24;27;24;28;23;27;22;24;20;20;18;14;17;8;16;2;15;-4;14;-9;14;-15;13;-19;13;-23;13;-26;13;-28;12;-29;11;-29;10;-29;7;-27;5;-25;2;-23;-1;-21;-4;-19;-7;-17;-10;-16;-3;-4;0;0;0;0;0;0;0;0;0;0;0;0;0;0;0;0;0;0;1;-6;6;-22;9;-22;13;-20;15;-17;17;-13;16;-8;14;-3;10;2;5;6;-1;9;-8;11;-15;11;-21;11;-25;9;-29;6;-30;3;-30;1;-28;-1;-24;-2;-20;-2;-14;-1;-7;1;0;4;7;8;13;12;17;16;115;0;27;0;27;1;26;1;24;2;22;2;20;2;18;3;17;4;16;5;16;5;15;4;14;4;13;3;11;4;11;5;10;6;10;6;11;7;10;6;10;6;8;6;7;6;7;6;7;7;7;8;7;8;7;8;7;8;2;3;0;0;-1;-1;-1;1;-1;0;1;-4;4;-11;13;-31;14;-30;17;-29;19;-28;21;-27;22;-26;24;-25;25;-24;27;-24;28;-23;28;-22;29;-20;29;-19;29;-17;30;-16;31;-15;31;-13;31;-13;30;-12;30;-11;30;-9;30;-8;31;-8;31;-7;31;-7;30;-6;30;-6;29;-5;115;0;15;44;15;44;16;43;17;43;18;42;19;42;20;42;20;41;20;41;21;40;22;39;23;38;24;38;25;39;25;39;25;40;24;40;24;40;23;41;22;41;21;41;20;41;19;42;18;42;16;42;13;43;11;43;9;43;2;15;0;4;-1;-2;0;-1;0;-1;-1;1;-3;3;-8;9;-8;9;-7;9;-7;10;-6;11;-6;12;-6;12;-6;13;-6;14;-5;15;-4;16;-3;17;-3;19;-3;20;-2;21;-2;22;-1;23;0;24;2;25;3;27;4;29;5;31;7;33;8;34;10;36;12;38;14;40;15;42,empty,EXP_S152,ZONE_02,sortie_zone,4.1,sortie_zone,sortie de la zone
1011852494,-56,6,a0:9f:7a:73:2b:3e,384,-110;-96;8;0;-35;-25;-34;-25;-33;-25;-30;-22;-28;-19;-25;-14;-23;-8;-21;-2;-19;4;-18;11;-17;17;-17;22;-17;25;-16;28;-16;31;-15;32;-15;31;-13;30;-11;29;-8;28;-5;26;-1;24;3;22;7;21;9;20;2;5;0;0;0;0;0;0;0;0;0;0;0;0;0;0;0;0;0;0;1;5;6;22;3;24;-2;24;-6;23;-10;20;-12;16;-13;10;-12;3;-9;-4;-5;-10;1;-15;7;-18;14;-20;20;-21;24;-19;27;-17;28;-14;27;-12;25;-9;20;-7;14;-5;7;-6;-1;-7;-10;-8;-17;-11;-23;-14;-123;0;-14;4;-14;4;-14;4;-13;4;-12;3;-11;3;-10;2;-9;1;-9;1;-9;1;-9;1;-8;1;-7;1;-7;0;-6;-1;-6;-1;-7;-1;-7;-1;-7;-1;-7;-1;-6;-1;-5;-1;-5;-2;-5;-3;-5;-3;-5;-3;-6;-3;-6;-2;-2;-1;-1;-1;0;0;0;-1;0;-1;-1;1;-3;5;-9;15;-9;14;-10;14;-11;14;-11;14;-12;13;-12;13;-13;13;-14;12;-14;12;-14;12;-15;12;-15;11;-15;10;-16;9;-16;9;-16;9;-15;9;-15;9;-15;9;-15;8;-15;8;-15;8;-15;8;-15;8;-15;8;-15;7;-14;7;-123;0;-17;-22;-18;-22;-18;-21;-19;-21;-20;-20;-21;-19;-21;-19;-21;-18;-22;-17;-22;-16;-22;-15;-23;-15;-24;-15;-24;-15;-25;-15;-25;-15;-25;-15;-25;-15;-25;-15;-25;-15;-24;-15;-24;-15;-23;-15;-23;-15;-22;-16;-21;-17;-21;-17;-20;-18;-7;-7;-2;-3;0;0;-1;0;-1;0;0;-1;1;-2;5;-5;4;-5;4;-5;3;-6;3;-7;3;-7;3;-8;3;-8;2;-9;1;-9;1;-10;0;-11;0;-12;0;-12;-1;-13;-1;-13;-2;-13;-3;-14;-5;-15;-6;-16;-7;-17;-8;-18;-9;-18;-10;-19;-12;-19;-13;-20;-15;-21;-16;-22,empty,EXP_S152,ZONE_02,sortie_zone,4.1,sortie_zone,sortie de la zone
1012057048,-56,6,a0:9f:7a:73:2b:3e,384,-110;-96;8;0;-29;23;-31;23;-31;23;-29;22;-25;21;-21;20;-15;20;-10;19;-4;19;2;19;7;19;12;19;17;19;20;19;23;19;25;18;26;17;27;16;27;13;26;10;25;7;24;4;23;1;23;-2;23;-4;5;-2;0;0;0;0;0;0;0;0;0;0;0;0;0;0;0;0;0;0;5;0;22;5;22;8;22;13;20;17;16;19;12;20;6;18;1;15;-4;10;-8;4;-10;-3;-12;-11;-11;-18;-10;-24;-7;-29;-4;-31;-2;-32;1;-32;2;-29;3;-25;3;-20;1;-13;-2;-6;-6;1;-11;7;-15;12;120;0;7;27;7;26;7;26;7;24;7;21;6;19;4;16;2;15;1;14;1;14;1;14;2;13;2;11;2;9;0;8;-1;7;-2;8;-2;8;-2;8;-1;8;-1;6;-1;5;-2;4;-3;4;-4;4;-4;5;-4;6;-3;6;-2;2;-1;0;0;-1;-2;-1;-1;-1;3;1;10;5;29;16;28;18;28;20;27;21;26;23;26;24;25;25;24;26;24;28;23;29;23;30;22;30;21;30;20;30;18;31;18;31;17;31;17;31;17;31;16;30;15;29;14;30;14;30;14;31;14;31;14;30;13;29;13;28;120;0;-48;15;-48;15;-48;17;-47;19;-46;21;-46;23;-45;24;-44;25;-43;26;-42;27;-41;28;-41;29;-41;31;-41;32;-42;33;-42;33;-42;33;-43;33;-43;33;-43;32;-43;32;-43;30;-43;29;-43;28;-44;26;-45;24;-46;22;-47;21;-17;7;-6;1;1;-1;0;0;0;0;-1;-2;-3;-6;-8;-16;-8;-15;-9;-14;-9;-14;-11;-13;-12;-14;-13;-14;-13;-14;-13;-13;-14;-12;-16;-11;-18;-11;-19;-11;-21;-11;-22;-10;-22;-9;-23;-8;-25;-6;-27;-4;-29;-3;-32;-1;-34;0;-36;2;-37;4;-39;6;-41;8;-43;10;-45;12,empty,EXP_S152,ZONE_02,sortie_zone,4.1,sortie_zone,sortie de la zone
1012252414,-56,6,a0:9f:7a:73:2b:3e,384,-110;-96;8;0;12;30;13;32;13;32;13;30;14;28;14;24;15;19;16;13;17;8;18;3;19;-2;20;-7;20;-11;20;-15;20;-18;20;-20;19;-22;17;-24;15;-25;12;-25;9;-25;6;-25;3;-25;0;-25;-2;-24;-1;-6;0;0;0;0;0;0;0;0;0;0;0;0;0;0;0;0;0;0;3;-4;15;-15;19;-13;22;-11;25;-8;25;-4;24;0;21;4;16;7;10;9;3;10;-4;9;-11;7;-17;3;-22;-1;-26;-5;-28;-9;-28;-12;-27;-14;-24;-15;-21;-15;-17;-13;-12;-9;-7;-5;-2;1;3;8;6;13;120;0;13;1;13;1;12;1;11;1;10;1;9;1;8;1;7;1;6;1;6;1;5;1;5;0;4;0;4;0;3;0;2;0;2;0;2;0;2;0;2;0;1;0;1;0;0;0;0;0;0;0;0;0;0;1;0;0;0;0;0;0;-1;-1;-1;0;-1;0;1;-2;5;-4;14;-9;14;-8;15;-8;16;-7;16;-6;16;-6;17;-5;17;-5;18;-5;18;-4;18;-4;18;-3;18;-2;18;-2;18;-1;18;-1;18;-1;17;-1;17;0;17;0;17;0;17;0;16;0;16;0;16;0;16;0;16;0;15;0;120;0;-7;20;-7;21;-6;21;-6;22;-5;22;-4;23;-3;23;-3;23;-2;23;-2;23;-1;23;0;23;0;23;1;24;1;24;1;24;1;25;1;25;1;25;0;25;0;25;0;24;-1;24;-1;24;-2;24;-3;24;-4;24;-5;23;-2;8;-1;2;0;-1;0;0;0;0;-1;-1;-3;-1;-9;-3;-8;-3;-8;-3;-8;-3;-8;-2;-9;-2;-9;-1;-9;-1;-9;-1;-9;0;-9;0;-9;1;-9;2;-10;2;-10;3;-10;4;-9;4;-9;5;-9;7;-9;8;-9;9;-9;10;-9;12;-9;13;-9;15;-8;16;-8;17;-8;18,empty,EXP_S152,ZONE_02,sortie_zone,4.1,sortie_zone,sortie de la zone
1012452462,-57,6,a0:9f:7a:73:2b:3e,384,-110;-96;8;0;33;-11;35;-11;36;-11;34;-12;31;-12;28;-13;23;-15;17;-16;11;-18;6;-20;0;-21;-5;-23;-9;-23;-13;-24;-17;-24;-19;-23;-22;-22;-23;-20;-25;-18;-26;-15;-26;-12;-27;-9;-27;-5;-26;-2;-26;0;-7;0;0;0;0;0;0;0;0;0;0;0;0;0;0;0;0;0;0;0;-3;-5;-11;-19;-9;-22;-6;-26;-2;-27;2;-27;6;-26;9;-22;12;-16;13;-10;12;-2;10;5;6;12;1;18;-4;22;-9;25;-13;26;-17;26;-19;25;-20;22;-19;19;-16;15;-12;10;-7;6;0;1;8;-3;14;-6;115;0;0;-15;0;-15;0;-14;0;-13;0;-12;-1;-11;-1;-9;0;-8;0;-8;1;-7;0;-7;0;-7;-1;-6;-1;-5;-1;-4;0;-3;0;-3;0;-3;0;-3;-1;-3;-1;-3;-1;-2;-1;-1;0;-1;0;-1;1;-1;1;-2;0;-2;0;-1;0;-1;-1;0;0;0;0;0;-2;-2;-4;-5;-11;-15;-10;-15;-9;-16;-9;-17;-8;-17;-8;-18;-7;-18;-7;-19;-6;-19;-6;-20;-5;-20;-5;-20;-5;-20;-4;-20;-3;-20;-3;-20;-3;-20;-2;-20;-2;-20;-2;-19;-2;-19;-2;-19;-2;-19;-1;-19;-2;-19;-2;-19;-2;-18;-2;-17;115;0;22;5;23;5;23;4;23;3;24;2;24;1;24;0;25;0;24;0;24;-1;24;-2;24;-2;24;-3;25;-4;25;-4;26;-5;26;-4;26;-4;26;-4;26;-4;26;-3;26;-3;25;-3;25;-2;25;-2;25;-1;25;1;25;2;9;1;2;0;-1;0;0;-1;0;-1;-1;0;-2;2;-3;8;-3;7;-3;7;-2;7;-2;7;-1;7;-1;8;-1;8;-1;8;0;7;1;7;2;8;3;8;3;8;4;9;4;8;5;8;6;8;8;7;9;7;11;7;12;8;13;8;14;7;16;7;17;6;19;6;20;5,empty,EXP_S152,ZONE_02,sortie_zone,4.1,sortie_zone,sortie de la zone
1012654128,-57,6,a0:9f:7a:73:2b:3e,384,-110;-96;8;0;17;24;19;27;20;28;21;27;22;25;21;21;21;16;19;10;16;4;13;-1;8;-6;4;-10;-1;-14;-7;-16;-12;-17;-16;-17;-20;-17;-23;-16;-25;-13;-26;-10;-26;-6;-25;-2;-24;1;-21;5;-19;7;-5;2;0;0;0;0;0;0;0;0;0;0;0;0;0;0;0;0;0;0;-1;4;-2;19;-5;21;-9;24;-12;25;-15;25;-17;24;-18;21;-19;17;-19;12;-18;6;-17;0;-15;-7;-13;-13;-10;-19;-8;-24;-6;-28;-4;-31;-3;-33;-1;-33;0;-31;1;-28;2;-23;3;-17;5;-10;7;-3;9;4;81;0;19;-3;19;-3;18;-2;17;-2;16;-3;14;-3;13;-2;11;-2;11;-1;10;-1;10;-1;10;-2;9;-2;8;-2;7;-2;7;-2;7;-1;7;-1;7;-1;7;-1;6;-2;5;-2;5;-2;4;-1;4;0;4;0;4;0;4;0;1;0;0;0;-1;-1;-1;0;-1;0;0;-2;3;-6;10;-16;11;-15;12;-15;14;-14;15;-14;15;-13;16;-13;17;-12;18;-12;19;-11;20;-11;20;-10;20;-10;20;-9;21;-9;21;-8;21;-7;21;-7;21;-6;21;-6;21;-6;21;-5;21;-5;21;-5;21;-5;21;-5;21;-5;21;-5;81;0;-9;16;-8;16;-8;16;-7;16;-6;17;-6;17;-5;18;-5;18;-5;18;-5;18;-4;18;-4;18;-3;18;-3;19;-3;20;-3;20;-3;20;-3;20;-4;20;-4;20;-4;20;-4;19;-5;19;-5;19;-6;19;-7;19;-8;19;-8;18;-3;6;-2;1;0;-1;0;0;0;0;-1;-1;-3;-1;-8;-3;-8;-3;-8;-3;-8;-3;-8;-2;-8;-2;-8;-2;-9;-2;-8;-2;-8;-2;-8;-1;-8;-1;-8;0;-8;1;-9;1;-9;1;-8;2;-8;2;-8;4;-8;5;-8;6;-9;7;-9;8;-9;9;-9;10;-8;11;-8;12;-8;13,empty,EXP_S152,ZONE_02,sortie_zone,4.1,sortie_zone,sortie de la zone
1012852355,-57,6,a0:9f:7a:73:2b:3e,384,-110;-96;8;0;20;-20;23;-22;23;-24;21;-25;18;-25;14;-24;10;-23;5;-19;1;-15;-2;-10;-5;-4;-6;2;-6;7;-5;13;-2;17;1;21;4;23;8;23;11;22;14;20;17;17;18;13;18;8;18;3;16;0;4;-1;0;0;0;0;0;0;0;0;0;0;0;0;0;0;0;0;0;0;1;3;3;16;1;19;-2;23;-4;25;-6;27;-8;28;-9;27;-11;25;-13;22;-14;19;-16;14;-18;9;-20;3;-21;-2;-23;-6;-25;-10;-26;-13;-27;-15;-27;-16;-26;-16;-23;-15;-20;-14;-15;-14;-9;-13;-3;-14;3;-14;66;0;12;-43;12;-41;12;-39;12;-36;12;-33;12;-31;11;-28;11;-26;10;-25;9;-24;9;-23;8;-22;8;-20;7;-19;7;-18;7;-16;7;-16;8;-15;8;-14;8;-14;7;-13;7;-12;7;-11;7;-10;7;-9;8;-9;8;-8;9;-8;3;-3;1;-1;-1;0;1;1;0;0;-4;-3;-12;-9;-31;-24;-30;-26;-28;-29;-27;-32;-25;-35;-24;-37;-22;-38;-20;-40;-18;-42;-16;-44;-14;-45;-12;-46;-11;-47;-9;-47;-7;-48;-5;-48;-3;-48;-1;-48;0;-48;1;-48;2;-48;4;-47;5;-47;6;-48;7;-48;7;-47;8;-47;9;-47;66;0;17;20;18;19;19;19;20;19;20;19;21;20;22;19;23;19;23;19;23;19;24;19;24;18;25;19;26;19;26;20;26;21;26;22;26;23;26;23;25;24;25;25;24;25;24;26;23;27;22;28;20;30;18;31;17;32;5;12;1;3;-1;-1;0;-1;0;-1;-2;1;-4;4;-11;11;-11;10;-11;9;-11;9;-11;9;-10;9;-10;9;-10;9;-10;8;-9;8;-8;8;-7;8;-6;8;-5;9;-5;9;-4;10;-3;10;-2;10;0;10;2;11;3;11;5;12;6;13;7;14;9;15;11;15;13;16;14;16,empty,EXP_S152,ZONE_02,sortie_zone,4.1,sortie_zone,sortie de la zone
1013054073,-57,6,a0:9f:7a:73:2b:3e,384,-110;-96;8;0;-28;-12;-31;-13;-33;-13;-33;-11;-32;-8;-30;-4;-26;-1;-22;2;-16;4;-10;4;-3;4;3;2;8;-1;12;-6;14;-10;16;-15;15;-20;14;-23;11;-26;7;-27;3;-27;-2;-25;-6;-22;-9;-18;-11;-15;-3;-4;0;0;0;0;0;0;0;0;0;0;0;0;0;0;0;0;0;0;4;-2;18;-4;21;-1;25;1;29;4;31;5;32;7;32;8;30;9;27;11;23;12;19;15;14;17;8;19;2;22;-2;24;-6;27;-9;29;-10;31;-11;31;-11;31;-11;29;-11;25;-11;20;-13;15;-15;9;-16;4;64;0;-24;3;-24;2;-23;2;-21;1;-20;0;-19;0;-18;0;-16;-1;-16;-1;-15;-1;-14;-1;-13;-1;-13;-1;-12;-1;-12;-1;-11;-1;-11;-1;-10;-2;-10;-2;-9;-2;-9;-2;-8;-2;-8;-3;-8;-3;-7;-3;-7;-4;-7;-4;-7;-5;-3;-2;-1;-1;0;0;0;-2;0;-1;0;2;-1;7;-2;21;-4;21;-6;21;-8;21;-9;21;-11;21;-13;21;-14;20;-16;20;-17;19;-18;19;-20;18;-21;17;-21;16;-22;15;-23;14;-23;13;-24;12;-24;11;-24;11;-25;10;-25;9;-25;8;-26;8;-26;7;-26;7;-26;6;-26;6;64;0;6;-12;6;-12;6;-12;6;-13;6;-13;5;-14;5;-14;5;-14;5;-14;5;-14;5;-14;5;-15;4;-15;5;-16;5;-16;5;-17;6;-17;6;-17;7;-17;7;-17;7;-17;8;-17;8;-17;9;-16;10;-16;11;-15;13;-14;13;-14;5;-5;1;-2;-1;0;-1;-1;-1;-1;1;0;3;0;9;1;8;2;8;2;8;2;7;2;7;2;7;2;7;2;7;2;7;2;6;2;6;1;6;1;6;0;6;0;6;0;5;-1;5;-1;5;-2;5;-3;5;-3;5;-4;5;-5;5;-6;5;-7;5;-8;5;-9;5;-10,empty,EXP_S152,ZONE_02,sortie_zone,4.1,sortie_zone,sortie de la zone
1013255442,-57,6,a0:9f:7a:73:2b:3e,384,-110;-96;8;0;22;-5;25;-4;28;-5;28;-6;27;-8;24;-11;21;-12;16;-12;11;-11;6;-10;2;-6;-2;-2;-4;2;-5;7;-5;12;-4;16;-2;19;1;21;5;22;8;22;11;20;13;16;14;12;14;8;14;5;3;0;0;0;0;0;0;0;0;0;0;0;0;0;0;0;0;0;0;0;-4;2;-15;9;-19;9;-23;9;-27;9;-30;9;-31;9;-32;8;-31;7;-29;5;-26;2;-22;-2;-18;-6;-14;-10;-11;-15;-8;-20;-6;-24;-5;-28;-5;-30;-5;-32;-5;-32;-6;-31;-5;-28;-3;-25;-1;-21;3;-16;6;-13;69;0;16;-39;17;-38;17;-36;16;-34;15;-32;14;-30;13;-27;12;-25;11;-23;11;-22;10;-21;9;-21;8;-21;7;-20;7;-18;7;-17;8;-16;9;-15;9;-15;9;-16;8;-15;7;-15;7;-13;7;-11;8;-10;9;-9;11;-9;11;-9;4;-4;1;-2;-1;0;1;1;0;1;-4;-3;-10;-10;-27;-28;-25;-31;-23;-34;-21;-37;-20;-39;-19;-40;-16;-41;-14;-43;-11;-44;-8;-46;-6;-48;-5;-49;-3;-49;-2;-49;0;-48;3;-48;5;-48;6;-48;7;-48;8;-48;9;-47;10;-46;11;-46;13;-46;13;-46;14;-46;14;-46;14;-46;69;0;4;23;4;23;4;22;5;21;7;20;9;20;11;20;12;21;12;22;11;22;12;21;13;20;14;19;16;20;17;20;18;22;17;23;17;23;16;23;16;23;16;23;17;24;17;25;16;26;15;27;14;28;12;29;10;30;3;11;0;3;-1;-1;0;-1;0;-1;-2;1;-6;4;-16;12;-16;10;-15;9;-15;8;-14;8;-14;9;-15;10;-17;10;-18;9;-17;8;-16;7;-14;7;-13;9;-13;10;-13;11;-13;10;-13;9;-11;8;-9;9;-7;11;-5;13;-5;16;-6;17;-5;17;-4;17;-2;17;0;17;2;19,empty,EXP_S152,ZONE_02,sortie_zone,4.1,sortie_zone,sortie de la zone
1013452070,-57,6,a0:9f:7a:73:2b:3e,384,-110;-96;8;0;-25;2;-29;1;-32;1;-32;2;-32;4;-30;6;-26;8;-21;8;-16;8;-10;7;-5;4;-1;0;2;-4;5;-9;5;-15;5;-19;3;-23;1;-25;-2;-26;-6;-26;-9;-24;-12;-20;-14;-16;-15;-11;-14;-8;-4;-2;0;0;0;0;0;0;0;0;0;0;0;0;0;0;0;0;0;0;3;-3;15;-9;19;-9;24;-10;29;-10;32;-10;34;-10;34;-10;33;-9;31;-7;28;-4;23;-1;18;4;14;9;9;14;6;20;3;25;2;29;1;33;2;35;2;36;2;35;2;32;1;29;-1;24;-4;18;-7;14;65;0;-18;17;-18;16;-17;14;-17;13;-16;12;-15;11;-14;10;-13;9;-13;8;-12;8;-12;8;-11;7;-11;7;-11;7;-10;6;-10;5;-10;5;-10;4;-10;4;-10;4;-9;3;-9;3;-9;3;-8;2;-8;1;-9;0;-9;0;-9;-1;-3;-1;-1;-1;0;-1;-1;-1;-1;-1;1;1;4;5;12;16;11;17;9;18;8;20;7;21;5;22;4;22;3;23;1;24;0;24;-2;25;-3;25;-4;25;-6;25;-7;24;-8;24;-10;24;-11;23;-12;23;-12;23;-13;22;-13;22;-14;21;-15;21;-16;21;-16;20;-17;20;-17;20;65;0;3;-12;3;-12;3;-12;2;-12;1;-12;0;-12;-1;-13;-1;-13;-1;-13;-1;-13;-2;-13;-2;-13;-2;-14;-3;-14;-3;-14;-3;-15;-3;-15;-3;-15;-3;-15;-3;-16;-3;-16;-2;-16;-2;-17;-1;-17;0;-18;1;-18;2;-18;3;-18;1;-7;0;-2;-1;0;-1;0;-1;0;0;-1;3;-3;9;-7;9;-6;9;-6;9;-5;9;-5;9;-5;9;-5;10;-5;10;-5;10;-4;10;-4;9;-4;9;-4;9;-4;9;-5;9;-5;8;-5;8;-5;7;-5;6;-6;6;-7;6;-8;6;-8;6;-8;5;-8;5;-9;4;-9;4;-10,empty,EXP_S152,ZONE_02,sortie_zone,4.1,sortie_zone,sortie de la zone
1013654158,-57,6,a0:9f:7a:73:2b:3e,384,-110;-96;8;0;20;1;24;3;27;4;28;3;28;2;27;-1;24;-3;20;-4;16;-5;11;-5;5;-4;1;-1;-3;2;-6;6;-9;10;-10;14;-10;18;-8;21;-6;22;-3;23;-1;22;2;20;5;18;7;14;8;11;2;2;0;0;0;0;0;0;0;0;0;0;0;0;0;0;0;0;0;0;-4;2;-14;8;-19;9;-24;10;-28;11;-31;12;-32;13;-33;13;-31;12;-29;10;-26;7;-22;4;-17;-1;-13;-6;-8;-12;-5;-18;-3;-23;-1;-28;0;-32;0;-35;-1;-35;-1;-35;-2;-32;-1;-29;1;-24;3;-19;6;-15;62;0;19;-12;19;-11;18;-10;17;-9;17;-8;16;-7;15;-6;14;-5;13;-5;13;-4;12;-4;12;-4;11;-3;11;-3;10;-3;10;-2;10;-2;9;-1;9;-1;9;-1;8;0;8;0;8;0;7;0;7;1;7;2;6;2;6;3;2;1;0;0;-1;-1;0;0;0;0;-2;-2;-4;-6;-10;-16;-9;-17;-8;-18;-6;-19;-5;-20;-3;-21;-2;-21;-1;-22;1;-23;2;-23;4;-23;5;-23;7;-23;8;-22;9;-22;11;-21;12;-21;13;-20;13;-20;14;-19;15;-19;16;-18;16;-18;17;-17;18;-16;18;-16;19;-15;19;-15;62;0;-8;8;-8;8;-7;8;-7;8;-6;8;-6;9;-6;9;-5;9;-5;9;-5;9;-4;10;-4;10;-3;10;-3;11;-3;11;-4;12;-4;12;-4;12;-4;13;-5;13;-5;13;-5;13;-6;13;-7;13;-7;13;-8;13;-10;13;-10;12;-4;4;-2;1;0;-1;0;-1;0;-1;-2;0;-4;2;-11;6;-11;5;-11;4;-12;4;-12;3;-12;3;-12;3;-12;3;-12;3;-12;2;-12;2;-12;2;-12;2;-12;2;-12;2;-11;1;-11;1;-11;2;-10;2;-10;2;-10;3;-10;3;-10;4;-9;4;-9;5;-9;5;-9;6;-9;6,empty,EXP_S152,ZONE_02,sortie_zone,4.1,sortie_zone,sortie de la zone
1013853162,-57,6,a0:9f:7a:73:2b:3e,384,-110;-96;8;0;17;-10;22;-11;25;-11;26;-12;26;-13;24;-14;20;-15;16;-14;12;-13;7;-10;3;-7;0;-3;-3;2;-4;7;-5;12;-4;16;-3;20;-1;22;1;23;3;23;6;21;8;19;10;16;11;12;11;8;2;1;0;0;0;0;0;0;0;0;0;0;0;0;0;0;0;0;0;0;-1;3;-2;16;-3;20;-5;25;-6;30;-6;33;-6;34;-7;35;-7;33;-7;30;-8;25;-8;19;-9;12;-10;4;-12;-3;-15;-10;-18;-16;-20;-20;-22;-24;-24;-25;-25;-26;-25;-25;-23;-24;-20;-21;-16;-18;-10;-16;-5;-14;66;0;5;-21;6;-21;6;-20;6;-19;6;-18;6;-17;5;-15;5;-14;5;-13;5;-12;5;-12;4;-12;4;-11;4;-11;4;-10;4;-9;4;-9;5;-9;5;-8;5;-8;4;-8;4;-7;4;-7;4;-6;5;-6;5;-5;6;-5;6;-5;2;-2;0;-1;-1;0;0;0;0;0;-2;-1;-6;-3;-16;-9;-15;-10;-15;-12;-14;-14;-14;-15;-13;-16;-13;-17;-12;-18;-11;-19;-10;-20;-9;-21;-8;-22;-8;-22;-7;-23;-6;-23;-4;-23;-3;-23;-2;-24;-1;-24;-1;-24;0;-24;0;-24;1;-24;2;-24;2;-24;3;-24;3;-24;3;-24;66;0;0;12;0;12;0;11;1;11;2;10;3;10;4;10;4;11;4;11;4;10;5;10;5;9;6;9;7;9;8;10;8;10;8;11;8;11;8;11;8;11;8;11;8;11;8;11;8;12;7;13;7;13;6;14;5;14;1;5;0;1;-1;-1;0;-1;0;-1;-1;1;-3;4;-7;12;-8;11;-8;11;-8;10;-8;10;-8;10;-9;10;-10;10;-10;10;-10;9;-10;9;-9;9;-9;9;-9;9;-9;9;-9;9;-9;9;-8;8;-7;8;-6;9;-6;9;-5;10;-5;10;-5;11;-4;10;-3;10;-2;11;-2;11,empty,EXP_S152,ZONE_02,sortie_zone,4.1,sortie_zone,sortie de la zone
1014052350,-56,6,a0:9f:7a:73:2b:3e,384,-110;-96;8;0;-10;-19;-11;-24;-11;-28;-12;-29;-13;-29;-14;-27;-15;-23;-14;-19;-12;-15;-10;-10;-7;-5;-3;-1;2;2;7;4;12;5;16;6;20;5;22;4;24;2;24;0;23;-3;21;-5;18;-7;14;-9;11;-9;2;-3;0;0;0;0;0;0;0;0;0;0;0;0;0;0;0;0;0;0;4;-1;17;-2;22;-2;27;-3;32;-3;35;-3;37;-3;36;-3;35;-2;31;-1;26;0;20;2;13;5;5;8;-2;11;-9;14;-15;18;-20;21;-23;24;-25;27;-25;28;-24;28;-22;26;-20;23;-18;18;-15;11;-13;6;67;0;-22;-6;-22;-7;-21;-7;-20;-7;-19;-7;-17;-7;-16;-6;-15;-6;-14;-6;-13;-6;-13;-6;-12;-6;-12;-5;-12;-5;-11;-5;-10;-5;-10;-5;-10;-6;-9;-6;-9;-6;-8;-5;-8;-5;-7;-5;-7;-5;-6;-6;-6;-6;-6;-7;-5;-7;-2;-3;-1;-1;0;0;0;-1;0;-1;-1;1;-4;5;-10;14;-11;14;-13;13;-14;13;-16;12;-16;12;-17;11;-18;10;-19;9;-21;9;-22;8;-22;7;-23;6;-23;5;-23;4;-23;3;-23;2;-24;1;-24;0;-24;0;-24;-1;-24;-1;-24;-2;-24;-3;-25;-3;-25;-4;-25;-5;-25;-5;67;0;13;-1;13;-1;12;-1;12;-2;11;-3;11;-4;11;-5;11;-6;11;-6;11;-6;11;-6;10;-7;10;-7;10;-8;10;-9;10;-9;10;-9;11;-9;11;-10;11;-10;11;-10;11;-10;11;-10;12;-9;13;-9;13;-8;14;-8;14;-7;5;-3;1;-1;-1;0;-1;-1;-1;-1;1;0;5;2;13;7;13;7;12;8;12;8;12;8;12;8;12;8;12;9;12;9;11;10;11;10;10;9;10;9;10;9;10;9;10;9;10;8;10;8;10;7;10;6;11;5;11;5;12;5;12;4;12;4;12;3;12;2;12;1,empty,EXP_S152,ZONE_02,sortie_zone,4.1,sortie_zone,sortie de la zone
1014252849,-56,6,a0:9f:7a:73:2b:3e,384,-110;-96;8;0;2;-23;4;-28;5;-31;5;-32;4;-32;2;-31;0;-28;-1;-24;-3;-19;-4;-13;-4;-7;-4;-1;-3;5;-2;10;0;15;3;19;5;21;7;23;10;23;11;22;13;20;14;18;14;14;14;10;14;7;3;1;0;0;0;0;0;0;0;0;0;0;0;0;0;0;0;0;0;0;4;-3;18;-10;22;-12;26;-14;30;-16;33;-16;34;-16;34;-16;32;-14;28;-11;23;-7;17;-3;10;1;2;5;-5;10;-12;14;-18;17;-22;20;-26;23;-28;25;-28;26;-27;25;-25;22;-22;18;-19;13;-15;6;-11;1;92;0;-18;-13;-18;-13;-17;-13;-16;-12;-15;-12;-14;-11;-13;-10;-12;-10;-11;-9;-10;-9;-10;-9;-10;-8;-10;-8;-9;-7;-9;-7;-8;-7;-8;-7;-7;-7;-7;-7;-7;-7;-7;-7;-6;-6;-6;-6;-5;-6;-5;-6;-4;-7;-4;-7;-4;-7;-2;-3;-1;-1;0;0;0;-1;0;-1;-2;1;-5;3;-15;8;-16;7;-17;6;-18;5;-19;4;-19;4;-20;3;-20;2;-21;1;-21;-1;-22;-2;-23;-3;-23;-3;-22;-4;-22;-5;-21;-6;-21;-7;-22;-8;-22;-8;-22;-9;-22;-9;-21;-9;-21;-10;-21;-11;-21;-11;-21;-12;-21;-12;-21;-12;92;0;15;2;15;2;14;2;14;1;14;-1;14;-2;14;-3;14;-4;14;-4;14;-4;13;-5;13;-5;13;-6;13;-7;13;-7;14;-8;14;-8;14;-8;14;-8;14;-8;14;-8;14;-8;15;-8;15;-8;15;-7;16;-6;16;-5;17;-5;6;-2;1;-1;-1;0;-1;-1;-1;-1;1;1;4;4;12;12;11;13;10;13;10;13;9;13;9;13;10;14;9;14;9;15;9;15;8;14;8;14;8;13;8;13;8;13;8;13;8;12;8;11;8;11;9;10;10;9;11;8;12;8;12;8;12;7;12;6;13;5;13;4,empty,EXP_S152,ZONE_02,sortie_zone,4.1,sortie_zone,sortie de la zone
1014454946,-56,6,a0:9f:7a:73:2b:3e,384,-110;-96;8;0;5;24;5;29;5;32;5;33;6;32;6;29;7;25;7;20;7;14;7;8;6;2;4;-4;3;-9;1;-15;-1;-19;-3;-22;-6;-25;-8;-26;-9;-26;-11;-25;-13;-23;-14;-20;-15;-16;-15;-12;-15;-9;-4;-2;0;0;0;0;0;0;0;0;0;0;0;0;0;0;0;0;0;0;0;5;0;22;0;26;-1;31;-2;34;-3;36;-4;37;-5;35;-6;32;-7;27;-7;20;-7;12;-6;4;-5;-5;-3;-13;-1;-21;0;-27;2;-32;3;-36;4;-37;4;-37;5;-35;5;-31;5;-26;5;-18;5;-10;5;-3;93;0;20;-1;19;0;19;1;18;1;17;1;16;0;14;0;13;0;12;1;12;1;11;1;11;0;11;-1;10;-1;9;-1;8;0;8;1;8;1;8;1;8;1;8;0;7;0;6;0;5;0;5;1;5;2;6;2;6;2;2;1;0;0;-1;-1;-1;0;-1;0;0;-2;2;-5;8;-13;10;-13;11;-13;12;-13;13;-13;13;-12;13;-12;14;-10;16;-10;17;-9;18;-9;19;-8;19;-8;19;-8;19;-7;19;-6;20;-5;21;-5;21;-5;21;-5;21;-5;20;-4;20;-3;21;-3;21;-2;22;-2;22;-3;22;-3;93;0;-15;9;-15;9;-14;9;-12;10;-11;11;-10;12;-10;13;-9;14;-9;14;-9;13;-8;14;-7;14;-6;15;-5;16;-5;16;-5;17;-5;17;-6;17;-5;17;-5;17;-5;17;-5;17;-5;18;-6;18;-7;18;-7;17;-8;17;-9;17;-4;6;-2;1;0;-1;1;0;0;0;-3;-1;-7;-2;-18;-4;-18;-5;-17;-5;-17;-5;-17;-6;-17;-6;-18;-6;-18;-7;-18;-7;-17;-7;-16;-7;-16;-6;-16;-6;-16;-5;-17;-5;-16;-5;-16;-5;-15;-4;-15;-3;-15;-1;-15;0;-16;1;-17;2;-16;2;-16;3;-15;4;-15;6;-15;7,empty,EXP_S152,ZONE_02,sortie_zone,4.1,sortie_zone,sortie de la zone
1014654168,-56,6,a0:9f:7a:73:2b:3e,384,-110;-96;8;0;-9;-21;-9;-26;-9;-28;-9;-29;-9;-28;-9;-26;-9;-22;-9;-18;-8;-13;-8;-7;-7;-2;-6;4;-4;9;-3;13;-1;17;0;20;2;22;3;23;5;23;6;22;7;20;9;18;10;15;11;12;11;9;3;2;0;0;0;0;0;0;0;0;0;0;0;0;0;0;0;0;0;0;-4;-4;-14;-17;-16;-20;-19;-24;-20;-26;-20;-28;-19;-29;-17;-28;-14;-26;-11;-23;-7;-18;-3;-12;0;-5;3;3;5;10;7;17;8;22;8;27;8;30;8;32;7;32;6;30;4;27;3;22;0;15;-2;8;-4;2;109;0;-18;-1;-18;-1;-17;-2;-16;-2;-15;-2;-14;-2;-13;-1;-12;-2;-11;-2;-11;-2;-10;-2;-10;-1;-10;-1;-9;-1;-9;-1;-8;-1;-8;-2;-8;-2;-8;-2;-7;-2;-7;-1;-6;-1;-6;-1;-5;-2;-5;-2;-5;-2;-5;-3;-5;-3;-2;-1;-1;-1;0;0;0;-1;0;-1;-1;1;-3;3;-9;10;-10;10;-11;9;-12;9;-13;9;-13;8;-14;8;-15;7;-16;6;-16;6;-17;6;-18;5;-18;5;-18;5;-18;4;-18;3;-18;3;-19;2;-19;2;-19;2;-19;2;-19;1;-19;1;-19;1;-19;1;-19;0;-19;0;-19;0;109;0;13;-9;12;-10;11;-10;11;-11;10;-11;9;-12;8;-13;7;-13;6;-13;5;-14;5;-14;4;-14;4;-15;3;-15;3;-16;3;-16;3;-17;3;-17;2;-17;2;-17;2;-17;2;-17;2;-17;3;-18;3;-18;4;-18;5;-18;5;-18;2;-7;0;-2;-1;0;-2;-1;-1;-1;1;0;6;1;17;3;16;4;16;4;16;5;15;5;16;5;16;5;16;6;16;6;16;6;15;6;15;5;15;5;15;5;15;4;15;4;14;4;14;3;14;2;14;0;14;0;14;-1;14;-2;14;-3;14;-4;13;-5;13;-6;13;-7,empty,EXP_S152,ZONE_02,sortie_zone,4.1,sortie_zone,sortie de la zone
1014854356,-56,6,a0:9f:7a:73:2b:3e,384,-110;-96;8;0;11;-23;14;-26;16;-28;17;-29;15;-28;13;-26;10;-23;7;-19;3;-15;-1;-10;-5;-5;-8;0;-11;5;-13;9;-15;14;-16;17;-16;20;-16;21;-14;22;-12;22;-10;22;-7;21;-3;19;0;17;3;15;1;3;0;0;0;0;0;0;0;0;0;0;0;0;0;0;0;0;0;0;1;-6;6;-24;7;-27;9;-31;11;-34;13;-35;14;-34;14;-32;14;-28;13;-23;10;-16;7;-9;3;-2;-2;5;-6;12;-11;18;-15;22;-19;26;-21;28;-23;29;-23;28;-22;26;-20;22;-17;16;-13;10;-8;3;-4;-2;102;0;-13;-15;-13;-15;-12;-15;-11;-15;-10;-14;-10;-13;-9;-12;-8;-11;-8;-11;-7;-11;-7;-10;-7;-10;-7;-9;-6;-9;-6;-8;-5;-8;-5;-8;-5;-8;-4;-8;-4;-7;-4;-7;-4;-6;-4;-6;-3;-6;-3;-6;-2;-6;-2;-6;-2;-7;-1;-3;-1;-1;0;0;0;-1;0;0;-2;0;-6;0;-15;0;-16;-1;-17;-2;-17;-3;-17;-3;-17;-4;-17;-5;-17;-6;-18;-7;-18;-8;-18;-9;-18;-10;-18;-10;-17;-10;-17;-11;-17;-12;-16;-13;-16;-13;-16;-13;-16;-13;-16;-13;-16;-14;-15;-14;-15;-15;-15;-15;-16;-15;-16;-16;-16;-16;102;0;16;3;16;2;16;1;15;0;15;-1;15;-3;15;-4;15;-4;15;-5;15;-5;14;-6;14;-7;13;-8;14;-9;14;-10;14;-10;14;-11;15;-11;15;-11;15;-11;15;-11;15;-11;15;-11;15;-11;16;-10;16;-10;17;-9;17;-9;6;-3;2;-1;-1;0;-1;-1;-1;-1;1;1;3;5;10;15;9;16;9;16;8;16;8;16;8;16;8;16;8;16;8;17;7;16;7;16;7;16;7;15;8;15;8;15;8;14;8;14;8;13;9;12;10;11;11;10;11;10;12;9;12;9;13;8;14;7;14;6;15;5,empty,EXP_S152,ZONE_02,sortie_zone,4.1,sortie_zone,sortie de la zone
1015052470,-57,6,a0:9f:7a:73:2b:3e,384,-110;-96;8;0;16;21;18;25;19;26;19;26;18;25;17;21;15;17;13;12;10;6;7;1;3;-5;0;-10;-4;-14;-7;-18;-11;-21;-13;-22;-15;-23;-17;-23;-18;-21;-19;-19;-19;-16;-18;-12;-18;-8;-17;-4;-16;0;-4;0;0;0;0;0;0;0;0;0;0;0;0;0;0;0;0;0;0;0;3;4;14;19;16;22;18;25;19;28;19;29;18;30;16;29;13;26;9;21;5;16;1;10;-3;2;-6;-5;-9;-13;-12;-19;-13;-25;-14;-29;-15;-32;-15;-33;-14;-32;-12;-30;-9;-26;-6;-21;-2;-15;2;-7;6;-1;109;0;19;-4;18;-3;18;-3;17;-3;16;-2;15;-2;14;-2;13;-2;12;-1;11;-1;11;-1;11;-1;10;-1;9;-1;9;-1;8;-1;8;0;8;0;8;0;8;0;7;0;6;0;6;0;5;0;5;1;6;1;6;1;6;1;2;0;0;0;-1;-1;-1;0;-1;0;0;-2;2;-5;8;-13;9;-13;10;-13;11;-13;11;-13;12;-12;12;-12;13;-11;14;-11;15;-10;16;-10;16;-10;17;-10;17;-9;17;-9;18;-8;18;-8;18;-7;18;-7;18;-7;19;-7;19;-6;19;-6;19;-6;19;-6;20;-6;20;-6;20;-6;109;0;-10;14;-9;14;-7;14;-6;14;-5;14;-4;15;-3;15;-2;16;-1;15;-1;15;0;15;1;15;2;16;3;16;3;17;4;17;4;17;4;17;4;18;4;18;5;18;5;18;4;18;4;18;3;19;3;19;2;19;1;20;0;7;0;2;-1;-1;1;-1;0;0;-2;0;-7;0;-18;0;-18;-1;-18;-1;-18;-2;-18;-2;-18;-2;-18;-2;-18;-2;-18;-2;-18;-2;-18;-2;-17;-2;-17;-2;-17;-1;-17;-1;-16;0;-16;0;-15;1;-14;2;-14;3;-14;5;-14;6;-14;7;-13;7;-13;8;-12;9;-11;10;-11;11,empty,EXP_S152,ZONE_02,sortie_zone,4.1,sortie_zone,sortie de la zone
1015252680,-57,6,a0:9f:7a:73:2b:3e,384,-110;-96;8;0;19;-22;22;-24;23;-25;23;-25;21;-23;17;-21;13;-18;8;-15;3;-11;-2;-6;-7;-2;-11;3;-14;8;-17;12;-19;15;-19;18;-19;20;-19;21;-17;22;-14;22;-10;21;-6;19;-2;17;2;15;5;13;1;3;0;0;0;0;0;0;0;0;0;0;0;0;0;0;0;0;0;0;4;-4;18;-17;21;-19;24;-20;27;-21;28;-21;28;-20;27;-17;24;-14;20;-10;14;-6;8;-1;2;3;-6;8;-13;11;-19;14;-24;16;-28;17;-30;18;-31;17;-30;16;-28;14;-24;10;-19;6;-13;2;-6;-3;0;-8;103;0;-11;-39;-10;-38;-10;-37;-9;-36;-8;-34;-8;-32;-7;-29;-6;-27;-5;-26;-5;-25;-5;-25;-5;-24;-5;-22;-5;-21;-4;-19;-3;-19;-2;-18;-2;-18;-2;-18;-2;-17;-2;-16;-1;-14;0;-13;0;-13;1;-13;2;-13;2;-14;2;-14;0;-5;0;-2;-1;0;1;0;0;0;-3;-2;-10;-6;-26;-18;-26;-19;-26;-21;-25;-23;-25;-24;-25;-25;-24;-26;-24;-28;-23;-29;-23;-31;-22;-32;-22;-33;-21;-34;-20;-34;-18;-35;-17;-35;-17;-36;-17;-37;-17;-37;-17;-37;-16;-38;-16;-38;-16;-39;-15;-40;-16;-40;-16;-41;-15;-41;-15;-41;103;0;31;10;30;9;31;7;31;4;31;2;32;-1;32;-3;32;-5;32;-7;31;-9;30;-11;30;-13;30;-15;31;-16;31;-17;32;-18;33;-19;33;-19;33;-19;34;-20;34;-20;34;-20;34;-20;34;-20;35;-19;36;-18;36;-17;37;-16;13;-6;4;-2;-2;0;-1;-3;0;-2;0;3;1;12;3;34;2;34;1;33;1;32;0;32;1;32;1;33;1;33;1;34;1;33;2;32;3;31;4;31;5;31;5;30;5;30;6;28;8;27;10;25;12;24;15;23;17;23;18;22;19;21;21;18;23;16;26;14;28;13,empty,EXP_S152,ZONE_02,sortie_zone,4.1,sortie_zone,sortie de la zone
1015452513,-57,6,a0:9f:7a:73:2b:3e,384,-110;-96;8;0;27;-9;31;-9;33;-10;32;-10;30;-9;26;-9;21;-9;15;-8;8;-7;2;-6;-5;-5;-11;-3;-16;-1;-21;1;-24;3;-27;5;-28;7;-28;8;-26;10;-24;11;-20;12;-16;13;-12;14;-7;14;-4;14;-1;3;0;0;0;0;0;0;0;0;0;0;0;0;0;0;0;0;0;0;5;-2;24;-6;27;-6;31;-6;33;-5;34;-4;34;-3;31;-1;27;0;21;2;15;3;7;4;-1;4;-9;4;-17;4;-24;3;-29;2;-33;1;-35;0;-36;0;-34;-1;-31;-2;-26;-3;-20;-4;-12;-5;-3;-6;3;-7;95;0;8;-19;8;-19;8;-18;8;-17;8;-16;8;-14;8;-13;8;-12;7;-11;7;-11;7;-11;6;-10;6;-10;6;-9;6;-8;6;-8;6;-7;6;-7;6;-6;6;-6;5;-5;5;-5;5;-4;5;-4;5;-4;5;-3;5;-3;5;-3;2;-1;0;-1;-1;0;0;0;0;0;-2;-2;-4;-5;-10;-13;-9;-14;-8;-15;-8;-16;-7;-16;-6;-17;-6;-17;-5;-18;-4;-19;-3;-19;-3;-20;-2;-20;-2;-20;-1;-20;0;-20;1;-20;1;-20;2;-21;3;-21;3;-21;3;-21;4;-20;5;-21;5;-21;5;-21;6;-21;6;-21;6;-21;95;0;8;13;9;13;9;12;10;11;11;11;12;10;12;10;12;9;13;9;13;8;13;7;14;7;15;6;16;6;16;6;17;6;17;7;17;7;17;7;17;7;17;7;17;8;17;8;17;9;17;9;17;10;16;11;16;12;5;4;1;1;-1;-1;0;-2;0;-1;-1;1;-2;5;-5;16;-5;15;-6;15;-6;15;-6;15;-6;15;-6;15;-7;15;-7;15;-7;15;-7;15;-6;14;-6;14;-6;14;-6;14;-5;14;-5;14;-4;13;-3;13;-2;13;-1;14;0;14;1;14;2;13;3;13;4;13;5;13;6;13,empty,EXP_S152,ZONE_02,sortie_zone,4.1,sortie_zone,sortie de la zone
1015653981,-57,6,a0:9f:7a:73:2b:3e,384,-110;-96;8;0;17;20;18;24;19;26;19;26;18;24;17;20;15;16;12;11;9;5;6;0;3;-6;-1;-10;-4;-14;-8;-18;-11;-20;-14;-22;-16;-23;-17;-22;-19;-20;-19;-18;-19;-14;-19;-11;-18;-6;-17;-2;-16;1;-4;0;0;0;0;0;0;0;0;0;0;0;0;0;0;0;0;0;0;0;3;4;13;19;14;22;16;26;17;29;17;30;15;31;13;30;11;27;7;22;4;17;0;10;-3;3;-7;-5;-9;-12;-11;-19;-12;-24;-13;-29;-14;-32;-13;-33;-12;-33;-11;-30;-8;-26;-5;-21;-1;-15;3;-8;6;-2;97;0;19;-4;19;-3;18;-3;17;-2;16;-2;15;-2;14;-1;13;-1;12;0;12;0;11;0;11;0;10;-1;9;-1;9;0;8;0;8;1;7;1;7;1;7;1;6;0;5;0;5;1;4;1;4;2;4;2;4;2;4;2;1;0;0;0;-1;-1;-1;0;-1;0;0;-2;2;-5;6;-14;7;-14;8;-14;9;-14;10;-14;11;-13;11;-13;12;-13;13;-12;14;-12;15;-12;15;-11;16;-11;16;-10;16;-10;17;-9;18;-8;18;-8;18;-8;18;-8;18;-8;19;-8;19;-7;19;-7;20;-6;20;-6;20;-6;20;-6;97;0;-9;13;-8;13;-7;13;-6;13;-5;14;-3;14;-3;15;-2;15;-2;15;-1;15;-1;15;0;15;1;16;2;16;2;17;2;17;2;18;2;18;3;18;3;18;3;18;3;19;2;19;1;19;1;19;0;19;-1;19;-2;20;-1;7;-1;2;-1;-1;1;-1;0;0;-2;0;-7;0;-18;2;-18;1;-18;0;-17;0;-17;0;-18;0;-18;0;-18;0;-18;-1;-18;-1;-17;-1;-17;0;-17;0;-16;0;-16;0;-16;0;-15;1;-14;1;-14;2;-13;3;-13;5;-13;6;-13;6;-13;7;-12;8;-11;8;-10;9;-10;10,empty,EXP_S152,ZONE_02,sortie_zone,4.1,sortie_zone,sortie de la zone
1015855526,-56,6,a0:9f:7a:73:2b:3e,384,-110;-96;8;0;21;-13;25;-14;28;-14;28;-15;27;-15;24;-15;20;-14;15;-12;10;-10;5;-7;0;-3;-5;1;-8;6;-11;10;-12;14;-13;18;-13;21;-11;23;-9;24;-7;23;-3;22;0;20;3;18;5;14;8;11;2;2;0;0;0;0;0;0;0;0;0;0;0;0;0;0;0;0;0;0;3;3;14;16;17;19;20;23;23;25;24;27;24;28;23;27;21;25;17;22;12;18;6;14;0;9;-7;4;-13;-1;-20;-6;-25;-9;-30;-12;-33;-14;-35;-14;-35;-14;-33;-14;-30;-13;-25;-12;-18;-12;-10;-12;-4;-11;80;0;3;-23;3;-22;4;-21;4;-20;4;-19;4;-18;4;-17;4;-15;4;-14;4;-14;4;-13;3;-12;3;-12;3;-11;3;-10;3;-10;4;-9;4;-9;4;-9;4;-8;4;-8;3;-7;3;-6;3;-6;3;-5;4;-5;4;-5;4;-5;1;-2;0;-1;-1;0;0;0;0;0;-2;-1;-6;-3;-15;-9;-15;-10;-14;-11;-14;-13;-14;-14;-13;-15;-13;-15;-12;-16;-11;-18;-11;-19;-10;-20;-10;-21;-9;-21;-8;-21;-7;-21;-6;-22;-5;-22;-5;-23;-4;-23;-4;-23;-3;-23;-3;-23;-2;-24;-2;-24;-1;-24;0;-25;0;-25;0;-25;80;0;5;12;6;11;6;10;7;10;8;9;9;9;9;8;10;8;10;7;11;7;11;6;12;5;12;5;13;5;13;5;14;5;14;6;14;6;14;6;15;7;15;7;15;7;15;7;15;7;15;8;14;9;14;10;13;11;4;4;1;1;-1;-1;0;-2;0;-1;0;1;-1;6;-2;17;-3;16;-4;16;-5;15;-5;15;-5;15;-6;16;-6;16;-7;15;-7;15;-7;15;-7;14;-6;14;-6;14;-6;14;-6;14;-6;13;-5;13;-4;12;-3;12;-2;12;-2;13;-1;13;-1;13;0;12;1;12;3;12;4;11,empty,EXP_S152,ZONE_02,sortie_zone,4.1,sortie_zone,sortie de la zone
1016052329,-56,6,a0:9f:7a:73:2b:3e,384,-110;-96;8;0;22;11;24;14;26;15;26;15;26;14;24;11;21;8;17;5;12;3;6;1;1;0;-5;0;-10;2;-15;4;-18;6;-20;9;-22;11;-21;14;-19;16;-17;17;-13;17;-9;17;-5;16;-1;13;2;11;0;2;0;0;0;0;0;0;0;0;0;0;0;0;0;0;0;0;0;0;-5;1;-19;6;-24;7;-28;9;-32;11;-34;12;-36;13;-35;13;-32;12;-29;10;-24;7;-19;3;-14;-2;-8;-8;-2;-13;2;-19;5;-24;8;-28;10;-32;10;-35;10;-35;9;-34;9;-31;9;-26;10;-21;11;-15;13;-9;76;0;23;-5;22;-4;21;-3;20;-2;19;-2;18;-1;17;-1;16;0;15;0;14;0;13;0;13;0;12;0;11;0;11;1;10;1;10;2;10;2;9;2;9;2;8;2;7;2;7;2;6;2;6;3;6;3;6;4;6;4;2;1;0;0;-1;-1;0;1;-1;0;-1;-2;0;-7;0;-18;2;-18;3;-19;5;-19;6;-19;7;-19;8;-19;10;-18;11;-18;13;-18;14;-18;15;-17;16;-17;16;-16;17;-15;18;-14;19;-13;20;-13;20;-12;20;-12;21;-11;21;-11;22;-10;22;-9;23;-9;23;-8;23;-8;24;-8;76;0;-9;7;-8;7;-7;7;-6;8;-5;8;-5;9;-4;10;-4;10;-4;11;-4;11;-3;11;-2;11;-2;12;-1;12;-1;13;-2;14;-2;14;-2;14;-2;14;-2;14;-2;15;-3;15;-3;15;-4;15;-5;15;-6;15;-6;15;-7;15;-3;5;-1;1;0;-1;0;-1;0;-1;-2;0;-6;1;-16;3;-16;2;-16;1;-16;0;-16;0;-16;0;-16;-1;-17;-1;-17;-2;-16;-2;-15;-3;-15;-2;-14;-2;-15;-2;-15;-3;-14;-3;-14;-3;-13;-2;-12;-2;-11;-1;-11;0;-11;1;-11;1;-11;2;-11;2;-10;3;-9;4;-9;5,empty,EXP_S152,ZONE_02,sortie_zone,4.1,sortie_zone,sortie de la zone
1016256289,-57,6,a0:9f:7a:73:2b:3e,384,-110;-96;8;0;30;-11;33;-11;33;-12;31;-13;28;-14;23;-14;18;-12;13;-10;7;-6;3;-1;0;4;-2;10;-2;15;-1;20;1;24;4;26;7;27;11;26;13;23;16;19;16;14;16;9;14;4;12;-2;9;-5;2;-2;0;0;0;0;0;0;0;0;0;0;0;0;0;0;0;0;0;0;-5;1;-20;8;-24;9;-29;10;-32;11;-34;12;-34;13;-34;13;-32;11;-29;9;-25;5;-21;0;-17;-5;-13;-11;-10;-17;-8;-23;-7;-28;-6;-32;-6;-34;-7;-36;-7;-35;-7;-33;-5;-30;-2;-26;3;-23;8;-19;13;-16;63;0;17;-20;17;-19;17;-18;17;-17;16;-15;16;-14;15;-13;15;-12;14;-11;13;-10;13;-10;12;-9;12;-9;11;-8;11;-7;11;-6;11;-6;11;-5;10;-5;10;-4;10;-4;9;-3;9;-3;8;-2;8;-2;8;-1;8;-1;8;-1;3;0;0;0;-1;0;0;0;0;0;-2;-2;-5;-6;-12;-16;-11;-17;-10;-19;-9;-20;-8;-21;-7;-22;-6;-23;-4;-23;-3;-24;-2;-25;0;-25;1;-26;2;-26;4;-26;5;-26;6;-25;7;-25;8;-25;9;-25;10;-25;11;-25;12;-25;12;-25;13;-24;14;-24;15;-24;16;-23;16;-23;63;0;3;9;4;9;5;9;5;9;6;9;7;9;7;9;8;9;8;9;8;9;9;8;9;8;10;8;11;8;11;9;12;10;12;10;12;10;12;11;12;11;12;11;12;12;11;12;11;13;11;13;10;14;9;15;8;16;3;5;0;1;-1;-1;0;-1;0;-1;-1;1;-3;3;-8;10;-9;10;-9;9;-9;9;-10;8;-10;8;-10;8;-10;8;-10;7;-10;7;-10;7;-10;6;-9;6;-9;6;-9;6;-8;6;-8;6;-7;6;-6;6;-5;6;-5;6;-4;7;-3;7;-2;7;-1;7;0;7;1;8;1;8,empty,EXP_S152,ZONE_02,sortie_zone,4.1,sortie_zone,sortie de la zone
1016453972,-57,6,a0:9f:7a:73:2b:3e,384,-110;-96;8;0;-34;5;-35;6;-34;7;-32;8;-28;9;-23;8;-17;7;-11;4;-7;0;-4;-5;-2;-10;-1;-15;-2;-20;-4;-24;-7;-26;-11;-27;-14;-26;-17;-23;-19;-19;-19;-14;-18;-8;-16;-3;-12;2;-8;6;-3;8;-1;2;0;0;0;0;0;0;0;0;0;0;0;0;0;0;0;0;0;0;4;1;19;7;22;9;26;11;29;12;31;13;32;13;31;12;29;12;26;12;21;12;16;14;11;16;5;18;0;21;-4;24;-6;27;-8;29;-9;31;-9;32;-9;31;-9;29;-10;25;-12;21;-15;17;-19;14;-23;11;59;0;-25;9;-25;9;-24;8;-23;7;-22;6;-21;5;-20;4;-19;4;-18;4;-17;3;-17;3;-16;3;-15;3;-14;2;-14;2;-13;1;-13;1;-13;0;-12;0;-12;0;-11;0;-11;0;-10;-1;-10;-1;-10;-1;-9;-2;-9;-2;-9;-2;-4;-1;-1;-1;0;0;0;-2;0;-1;0;2;-1;7;-3;20;-4;20;-6;20;-8;20;-9;20;-10;20;-11;20;-13;20;-14;19;-15;19;-17;19;-18;19;-18;18;-19;18;-20;17;-20;16;-21;16;-22;15;-22;15;-23;14;-23;14;-24;13;-24;13;-24;13;-25;13;-25;13;-25;12;-25;12;59;0;-3;-9;-3;-9;-4;-9;-5;-9;-6;-10;-7;-10;-7;-10;-8;-10;-9;-9;-9;-9;-10;-9;-10;-9;-11;-9;-12;-9;-12;-10;-12;-10;-13;-10;-13;-10;-13;-11;-13;-11;-13;-11;-13;-12;-14;-12;-13;-12;-13;-13;-13;-14;-12;-15;-12;-15;-4;-6;-2;-2;0;0;-1;0;-1;-1;1;-1;4;-1;11;-2;11;-2;11;-1;10;-1;10;-1;10;-1;10;0;10;0;10;0;9;0;9;0;9;0;8;-1;8;-1;8;-1;7;-1;6;-2;5;-2;5;-3;4;-3;4;-4;3;-4;3;-5;2;-5;1;-6;0;-6;-1;-7;-2;-8,empty,EXP_S152,ZONE_02,sortie_zone,4.1,sortie_zone,sortie de la zone
1016652288,-57,6,a0:9f:7a:73:2b:3e,384,-110;-96;8;0;-14;13;-16;14;-16;15;-15;15;-13;15;-11;14;-9;12;-6;9;-5;6;-4;2;-4;-2;-5;-5;-6;-8;-8;-10;-10;-11;-13;-12;-14;-11;-16;-9;-16;-7;-16;-4;-14;-2;-12;1;-9;3;-6;4;-3;4;-1;1;0;0;0;0;0;0;0;0;0;0;0;0;0;0;0;0;0;0;2;-2;11;-7;14;-8;17;-9;19;-11;21;-13;21;-14;20;-14;19;-13;17;-12;15;-9;13;-6;11;-2;9;3;8;7;8;11;8;15;8;18;9;20;10;21;11;21;11;20;10;18;8;17;4;15;1;14;-2;13;59;0;-8;33;-9;32;-9;31;-9;29;-9;28;-9;26;-9;24;-9;22;-9;20;-9;20;-9;19;-9;18;-8;18;-8;16;-8;15;-9;14;-9;13;-10;13;-10;13;-9;12;-8;12;-8;10;-8;9;-8;8;-9;7;-10;7;-10;7;-10;7;-4;2;-2;0;0;-1;-2;-1;-1;-1;2;0;8;3;22;12;22;14;22;16;21;19;20;21;19;22;18;23;17;24;15;26;14;28;13;30;12;31;11;32;10;32;9;32;7;33;5;33;4;34;3;34;2;35;1;35;1;34;-1;34;-2;35;-3;35;-3;35;-4;36;-4;36;59;0;-8;-12;-7;-11;-7;-10;-8;-8;-10;-7;-12;-6;-13;-6;-14;-6;-14;-6;-14;-6;-14;-5;-14;-4;-15;-3;-17;-3;-18;-3;-18;-3;-18;-3;-18;-3;-18;-3;-19;-3;-19;-3;-20;-4;-20;-5;-20;-6;-20;-7;-20;-7;-20;-8;-20;-9;-7;-4;-3;-2;0;0;-1;1;-1;0;0;-3;2;-7;6;-19;7;-18;7;-17;7;-16;7;-16;7;-16;8;-17;9;-17;10;-16;10;-15;10;-14;9;-13;8;-13;8;-14;8;-14;8;-14;8;-12;7;-11;5;-11;3;-11;1;-12;1;-13;1;-13;1;-12;0;-11;-1;-10;-3;-9;-5;-10,empty,EXP_S152,ZONE_02,sortie_zone,4.1,sortie_zone,sortie de la zone
1016853941,-57,6,a0:9f:7a:73:2b:3e,384,-110;-96;8;0;25;5;29;7;31;8;32;8;32;7;29;4;26;2;20;0;15;-2;8;-2;2;-2;-4;0;-10;2;-15;5;-18;9;-20;12;-21;15;-20;18;-18;20;-15;21;-11;21;-7;20;-3;18;1;15;4;12;1;2;0;0;0;0;0;0;0;0;0;0;0;0;0;0;0;0;0;0;-3;3;-12;16;-15;20;-18;25;-21;28;-23;31;-23;32;-23;31;-22;29;-20;25;-18;19;-15;13;-13;5;-11;-4;-9;-12;-7;-19;-7;-26;-7;-32;-7;-36;-7;-38;-8;-39;-8;-37;-7;-34;-5;-29;-1;-23;3;-17;7;-12;76;0;17;-17;17;-16;17;-15;16;-14;16;-13;15;-12;14;-11;13;-10;12;-9;12;-9;11;-8;11;-8;10;-8;10;-7;9;-7;9;-6;9;-5;9;-5;9;-5;8;-5;8;-5;7;-4;7;-4;7;-3;7;-3;7;-2;7;-2;7;-2;2;-1;0;-1;-1;0;0;1;0;0;-1;-2;-3;-7;-6;-18;-5;-19;-4;-20;-2;-21;-1;-22;0;-22;1;-22;2;-22;4;-23;5;-23;6;-23;7;-23;8;-23;9;-23;10;-22;11;-22;12;-22;13;-21;13;-21;14;-21;14;-21;15;-21;15;-20;16;-20;16;-20;17;-20;17;-20;18;-20;76;0;-4;13;-4;13;-3;13;-2;13;-1;13;1;13;2;13;2;13;3;13;4;13;4;12;5;12;5;12;6;12;7;13;7;13;8;13;8;13;8;13;8;14;8;14;8;14;8;14;8;15;7;15;7;16;6;16;6;17;2;6;0;1;-1;-1;0;-1;0;-1;-2;1;-6;2;-16;7;-16;6;-16;6;-16;5;-16;5;-16;5;-16;5;-16;5;-16;5;-16;4;-16;4;-15;4;-15;4;-15;4;-14;4;-14;4;-13;4;-13;5;-12;5;-11;6;-11;7;-10;8;-10;9;-9;9;-8;9;-7;10;-6;11;-6;11,empty,EXP_S152,ZONE_02,sortie_zone,4.1,sortie_zone,sortie de la zone
1017055282,-57,6,a0:9f:7a:73:2b:3e,384,-110;-96;8;0;15;-15;19;-17;22;-19;23;-20;22;-21;20;-20;16;-20;12;-18;7;-15;3;-11;-1;-7;-4;-2;-6;3;-6;9;-6;13;-6;17;-4;21;-2;23;1;24;3;23;6;21;8;19;10;16;11;12;12;9;3;2;0;0;0;0;0;0;0;0;0;0;0;0;0;0;0;0;0;0;2;2;9;12;11;16;14;21;16;25;18;28;18;30;18;30;17;29;14;26;10;23;6;19;0;14;-6;8;-11;3;-17;-1;-23;-5;-27;-8;-31;-10;-33;-11;-34;-11;-33;-11;-30;-10;-26;-10;-21;-9;-14;-10;-8;-10;75;0;-4;-21;-3;-21;-3;-20;-2;-19;-2;-18;-1;-17;-1;-16;-1;-15;0;-14;0;-13;0;-13;0;-12;0;-12;0;-11;0;-10;0;-10;0;-9;0;-9;1;-9;1;-9;1;-8;1;-8;1;-7;1;-7;1;-6;2;-6;2;-6;3;-6;1;-3;0;-1;-1;0;1;0;0;0;-2;0;-7;-1;-17;-3;-17;-4;-18;-6;-18;-7;-18;-8;-18;-9;-18;-10;-17;-12;-17;-13;-17;-14;-16;-16;-16;-17;-15;-18;-14;-18;-13;-19;-12;-19;-12;-20;-11;-20;-11;-21;-10;-21;-10;-21;-10;-21;-9;-22;-8;-22;-7;-23;-7;-23;-6;-23;-6;-23;75;0;7;10;7;10;7;10;8;9;9;8;10;8;10;7;10;7;11;7;11;7;11;6;11;6;12;5;12;5;13;5;13;5;14;5;14;5;14;6;14;6;14;6;14;6;14;6;14;7;14;7;14;8;13;9;13;10;4;3;1;1;-1;-1;0;-1;0;-1;-1;1;-1;5;-2;15;-3;14;-4;14;-4;13;-4;13;-4;13;-5;13;-5;14;-5;14;-5;13;-5;13;-5;13;-5;12;-4;12;-4;12;-4;12;-4;11;-4;11;-3;11;-2;11;-1;11;0;11;1;11;1;11;2;11;3;11;4;10;5;10,empty,EXP_S152,ZONE_02,sortie_zone,4.1,sortie_zone,sortie de la zone
1017252639,-57,6,a0:9f:7a:73:2b:3e,384,-110;-96;8;0;-18;-14;-21;-18;-24;-21;-25;-22;-26;-22;-26;-19;-25;-16;-24;-12;-21;-7;-17;-2;-13;2;-8;6;-3;9;3;11;8;12;13;12;18;12;21;11;24;9;26;7;26;4;25;0;24;-3;22;-6;20;-7;5;-2;0;0;0;0;0;0;0;0;0;0;0;0;0;0;0;0;0;0;-2;-4;-6;-16;-7;-21;-7;-27;-6;-32;-5;-36;-4;-38;-2;-39;1;-37;3;-33;4;-28;6;-21;8;-13;9;-5;10;4;11;12;12;19;12;25;13;30;13;34;13;35;12;34;10;32;8;27;5;22;1;15;-2;9;84;0;-19;9;-19;9;-18;8;-17;7;-16;6;-15;6;-14;5;-12;5;-11;4;-11;4;-10;4;-10;4;-9;4;-9;4;-8;4;-8;3;-7;3;-7;3;-7;2;-7;2;-7;3;-6;3;-6;2;-6;2;-6;1;-6;1;-6;0;-7;0;-3;0;-1;0;0;-1;-1;-2;0;-1;0;1;0;6;1;18;0;18;-2;19;-3;20;-4;20;-5;20;-6;20;-8;20;-9;20;-11;20;-12;20;-13;20;-14;19;-14;19;-15;18;-16;17;-17;16;-17;16;-18;16;-18;15;-18;15;-18;14;-19;14;-19;13;-20;13;-20;13;-20;12;-20;12;84;0;10;-14;10;-14;10;-14;10;-14;9;-15;8;-15;7;-16;6;-16;6;-16;6;-17;5;-17;5;-17;4;-17;4;-18;4;-18;4;-19;4;-19;4;-19;5;-19;5;-19;5;-19;5;-19;5;-20;6;-20;7;-20;8;-19;9;-19;10;-19;3;-7;1;-2;-1;0;-2;0;-1;-1;1;-1;5;-1;16;-1;15;0;15;0;15;1;14;1;14;0;15;0;15;1;15;1;15;2;14;2;14;1;13;1;13;0;13;0;13;0;13;-1;13;-1;12;-2;12;-3;12;-4;12;-5;12;-6;12;-7;12;-8;11;-9;11;-10;11;-11,empty,EXP_S152,ZONE_02,sortie_zone,4.1,sortie_zone,sortie de la zone
1017453946,-57,6,a0:9f:7a:73:2b:3e,384,-110;-96;8;0;-1;-22;2;-23;3;-25;3;-27;2;-27;-1;-27;-3;-25;-5;-22;-6;-19;-7;-15;-6;-11;-4;-7;0;-5;4;-3;8;-3;12;-4;15;-6;17;-8;17;-11;16;-14;14;-17;11;-18;8;-18;4;-17;2;-16;0;-4;0;0;0;0;0;0;0;0;0;0;0;0;0;0;0;0;0;0;-4;2;-14;8;-18;7;-24;6;-28;7;-32;7;-35;8;-36;10;-36;10;-34;10;-32;9;-29;7;-26;4;-22;0;-20;-5;-18;-10;-18;-15;-18;-19;-19;-23;-21;-25;-22;-26;-24;-25;-24;-24;-23;-23;-22;-21;-19;-20;-15;-19;52;0;-10;-23;-9;-23;-8;-22;-8;-21;-7;-20;-6;-19;-6;-17;-6;-16;-5;-15;-5;-15;-5;-14;-5;-14;-5;-13;-5;-13;-5;-12;-4;-12;-4;-12;-4;-12;-3;-11;-3;-11;-3;-11;-2;-10;-2;-10;-2;-10;-1;-9;0;-9;0;-9;1;-9;0;-4;0;-1;0;0;1;-1;0;0;-3;0;-8;0;-22;0;-22;-1;-23;-3;-23;-5;-23;-7;-23;-8;-23;-10;-23;-11;-23;-13;-23;-15;-22;-16;-22;-17;-21;-18;-20;-19;-19;-20;-19;-21;-17;-21;-17;-22;-16;-22;-16;-23;-15;-23;-15;-23;-14;-23;-14;-24;-13;-24;-13;-24;-12;-25;-12;-25;52;0;2;6;2;6;3;6;3;6;4;5;4;5;5;5;6;5;6;5;6;5;6;5;7;4;7;4;7;4;8;4;8;4;8;4;9;5;9;5;9;5;9;5;9;5;9;6;9;6;9;7;9;8;9;8;8;9;3;3;0;1;-1;-1;0;-1;0;-1;-1;1;-1;3;-4;9;-4;9;-5;9;-5;8;-5;8;-5;8;-6;8;-6;8;-7;8;-7;8;-7;7;-7;7;-6;6;-6;6;-6;6;-6;6;-6;6;-5;5;-5;5;-4;5;-3;6;-3;6;-2;6;-2;6;-1;6;-1;6;0;5;0;5,empty,EXP_S152,ZONE_02,sortie_zone,4.1,sortie_zone,sortie de la zone
1017655176,-58,6,a0:9f:7a:73:2b:3e,384,-110;-96;8;0;-27;5;-30;4;-31;5;-30;6;-28;8;-25;9;-20;10;-15;9;-10;6;-5;3;-2;-1;0;-6;1;-11;0;-15;-2;-19;-5;-21;-8;-22;-12;-21;-15;-19;-17;-16;-18;-11;-18;-6;-16;-1;-13;3;-10;6;-3;1;0;0;0;0;0;0;0;0;0;0;0;0;0;0;0;0;0;0;4;0;20;1;24;3;30;6;34;7;38;8;39;7;39;7;38;6;35;6;30;7;25;9;19;11;12;14;6;17;1;22;-2;26;-5;30;-6;33;-6;35;-5;36;-4;35;-4;33;-5;29;-6;24;-9;20;-12;16;56;0;-20;15;-20;14;-19;13;-19;11;-18;10;-17;9;-16;8;-15;7;-14;7;-13;6;-12;5;-12;5;-11;4;-11;4;-10;3;-10;3;-9;2;-9;2;-9;2;-9;2;-8;2;-8;1;-8;1;-7;0;-7;0;-7;-1;-7;-1;-7;-1;-3;-1;-1;-1;0;0;-1;-2;-1;-1;1;2;3;7;9;21;7;22;5;23;4;24;2;25;1;26;-1;26;-2;26;-4;27;-6;27;-7;27;-9;27;-10;26;-11;26;-12;25;-13;25;-14;24;-15;23;-16;23;-16;22;-17;22;-17;21;-18;21;-18;20;-19;20;-20;19;-20;19;-20;19;56;0;1;-10;1;-10;0;-10;0;-10;-1;-10;-2;-10;-3;-11;-4;-11;-4;-11;-5;-11;-5;-11;-5;-11;-6;-11;-7;-11;-7;-11;-8;-12;-8;-12;-8;-12;-8;-13;-8;-13;-9;-14;-8;-14;-8;-15;-7;-15;-7;-15;-6;-16;-6;-17;-5;-18;-2;-7;-1;-3;0;0;-1;0;-1;0;1;-1;4;-2;12;-6;12;-5;12;-4;12;-4;12;-3;12;-3;12;-3;13;-3;13;-2;12;-2;12;-2;11;-1;11;-2;10;-2;10;-2;10;-2;9;-2;9;-2;8;-3;7;-3;7;-4;6;-5;6;-6;6;-6;5;-6;4;-7;3;-7;3;-8,empty,EXP_S152,ZONE_02,sortie_zone,4.1,sortie_zone,sortie de la zone
1017855669,-57,6,a0:9f:7a:73:2b:3e,384,-110;-96;8;0;7;-16;11;-19;13;-21;13;-23;12;-23;10;-22;7;-20;5;-18;2;-14;0;-10;-2;-5;-2;0;-2;5;0;8;2;12;4;14;6;15;8;15;10;14;11;12;12;9;12;6;11;3;10;-1;8;-3;2;-1;0;0;0;0;0;0;0;0;0;0;0;0;0;0;0;0;0;0;2;2;10;12;13;17;15;22;18;26;20;28;21;30;21;30;19;29;17;27;14;24;9;19;4;14;-3;10;-9;5;-15;1;-21;-1;-27;-3;-31;-4;-33;-4;-35;-4;-34;-3;-32;-3;-28;-2;-23;-3;-17;-4;-11;-6;78;0;-12;-16;-11;-16;-10;-15;-9;-15;-8;-14;-7;-13;-6;-12;-6;-12;-5;-11;-4;-11;-4;-10;-4;-10;-4;-9;-3;-9;-3;-8;-2;-8;-2;-7;-2;-7;-1;-7;-1;-7;-1;-7;-1;-6;-1;-6;0;-5;0;-5;0;-5;1;-5;1;-5;0;-2;0;-1;-1;0;1;-1;0;-1;-2;0;-6;2;-18;6;-19;5;-20;3;-21;2;-21;1;-21;0;-21;-1;-22;-3;-22;-4;-22;-6;-22;-7;-22;-8;-22;-9;-21;-9;-21;-10;-20;-11;-19;-12;-19;-13;-18;-13;-18;-14;-18;-14;-17;-14;-17;-15;-16;-15;-16;-16;-15;-16;-15;-17;-15;-17;78;0;9;7;9;7;9;7;9;6;9;4;9;3;10;3;10;2;10;2;10;2;10;1;10;1;10;0;10;-1;10;-1;10;-1;10;-1;10;-2;10;-2;10;-2;10;-3;11;-3;11;-3;11;-3;11;-2;12;-2;12;-1;12;-1;4;-1;1;0;-1;0;-1;-1;-1;-1;0;1;1;5;4;14;4;14;3;14;2;14;2;14;2;14;2;14;1;15;1;15;1;15;0;14;0;14;1;13;1;13;1;13;1;13;1;13;1;12;1;11;2;11;3;10;4;11;5;10;5;10;6;10;6;9;6;8;7;8,empty,EXP_S152,ZONE_02,sortie_zone,4.1,sortie_zone,sortie de la zone
1018052411,-57,6,a0:9f:7a:73:2b:3e,384,-110;-96;8;0;-2;-24;0;-28;1;-30;0;-31;-1;-29;-2;-27;-3;-23;-3;-18;-3;-13;-1;-8;1;-3;4;1;8;4;12;6;16;7;19;7;21;6;22;4;22;2;21;-1;19;-3;15;-5;11;-7;6;-7;3;-8;0;-2;0;0;0;0;0;0;0;0;0;0;0;0;0;0;0;0;0;0;2;3;11;16;14;20;17;25;20;28;23;30;25;31;25;30;24;28;21;25;17;21;12;17;5;13;-2;10;-10;6;-18;4;-24;3;-30;3;-34;3;-36;4;-37;5;-36;5;-33;5;-29;4;-24;1;-19;-3;-15;-6;59;0;-13;-20;-12;-20;-11;-20;-10;-19;-9;-18;-9;-17;-8;-16;-7;-15;-6;-15;-6;-14;-5;-14;-5;-13;-4;-12;-4;-12;-4;-12;-3;-11;-3;-11;-2;-11;-2;-11;-2;-11;-2;-10;-1;-10;-1;-9;-1;-9;0;-9;0;-9;1;-9;1;-9;0;-4;0;-1;-1;0;1;-1;0;-1;-2;0;-7;2;-18;6;-19;5;-20;3;-21;1;-22;0;-22;-1;-22;-2;-22;-4;-22;-5;-23;-7;-23;-8;-23;-9;-22;-10;-22;-11;-22;-12;-21;-13;-20;-14;-20;-15;-20;-16;-19;-16;-19;-16;-18;-17;-18;-17;-17;-18;-17;-19;-17;-19;-17;-19;-17;-20;59;0;9;5;9;4;9;3;9;2;9;1;9;1;10;0;10;-1;10;-1;10;-2;10;-2;10;-3;10;-4;10;-5;10;-5;10;-5;10;-5;10;-6;11;-6;11;-6;11;-7;11;-7;11;-7;12;-7;12;-6;13;-6;13;-5;14;-5;5;-2;1;-1;-1;0;-1;-1;-1;-1;1;1;2;5;7;15;6;15;6;16;5;16;4;16;4;16;4;16;3;16;3;16;2;16;2;16;2;15;1;15;1;14;1;14;1;14;1;13;2;13;2;12;3;11;4;11;4;10;5;10;5;9;6;9;6;8;7;7;7;6,empty,EXP_S152,ZONE_02,sortie_zone,4.1,sortie_zone,sortie de la zone
1018252036,-57,6,a0:9f:7a:73:2b:3e,384,-110;-96;8;0;-14;17;-18;19;-20;20;-21;21;-20;22;-17;21;-14;19;-11;16;-9;12;-6;8;-5;3;-4;-2;-4;-7;-5;-11;-7;-15;-9;-17;-12;-19;-14;-19;-15;-18;-16;-16;-16;-13;-15;-9;-13;-6;-11;-3;-9;0;-2;0;0;0;0;0;0;0;0;0;0;0;0;0;0;0;0;0;0;0;0;-5;0;-21;0;-26;0;-32;-1;-36;-2;-40;-4;-41;-5;-40;-5;-38;-4;-34;-2;-28;0;-21;3;-14;6;-6;11;1;15;8;20;12;24;16;28;18;31;19;32;19;32;17;30;16;26;15;21;14;14;13;9;13;71;0;7;21;6;21;5;21;5;20;4;19;3;18;3;17;3;16;2;15;2;14;2;14;2;13;2;12;2;12;1;11;1;11;0;11;0;11;0;11;0;10;0;10;0;9;0;9;-1;8;-1;8;-2;8;-2;8;-3;8;-1;3;-1;0;0;-1;-2;-1;-1;-1;1;-1;6;0;17;1;18;3;18;4;19;6;19;7;19;8;18;9;17;11;17;12;17;14;17;15;17;16;16;17;16;17;15;17;14;18;13;19;13;19;12;20;12;20;11;20;11;21;10;21;10;21;9;22;9;22;9;22;9;23;71;0;-8;-10;-7;-10;-7;-9;-8;-8;-8;-6;-9;-5;-10;-5;-10;-4;-11;-4;-11;-4;-10;-3;-10;-2;-10;-1;-10;0;-11;0;-12;0;-12;1;-12;1;-12;1;-12;1;-12;1;-13;2;-13;2;-13;2;-13;1;-14;1;-14;0;-14;0;-5;0;-2;-1;0;-1;0;1;-1;0;-1;-3;-1;-7;-2;-19;-1;-18;-1;-18;0;-17;0;-17;1;-18;1;-18;2;-19;3;-19;3;-18;4;-17;3;-17;3;-17;2;-17;2;-16;2;-16;2;-15;2;-15;1;-14;0;-14;-1;-14;-1;-14;-2;-14;-2;-13;-3;-13;-4;-12;-5;-11;-6;-11,empty,EXP_S152,ZONE_02,sortie_zone,4.1,sortie_zone,sortie de la zone
1018451985,-57,6,a0:9f:7a:73:2b:3e,384,-110;-96;8;0;22;6;25;9;26;11;27;11;27;10;25;9;22;7;18;5;13;3;8;3;3;3;-2;5;-6;7;-9;10;-12;13;-13;16;-14;18;-13;20;-11;20;-9;20;-6;19;-3;17;0;14;2;10;3;7;1;1;0;0;0;0;0;0;0;0;0;0;0;0;0;0;0;0;0;0;-5;0;-22;3;-26;5;-32;7;-36;9;-39;11;-40;12;-39;13;-36;12;-32;11;-27;9;-21;5;-15;1;-8;-5;-2;-11;3;-18;6;-24;9;-29;10;-33;10;-36;10;-37;9;-37;8;-35;8;-30;8;-25;9;-19;11;-14;63;0;24;-3;23;-2;22;-1;21;-1;20;0;19;0;18;0;17;0;15;1;15;1;14;1;14;1;13;1;13;1;12;1;12;1;11;2;11;2;11;2;10;2;10;2;9;2;9;2;9;3;8;3;8;3;7;4;7;4;2;1;0;0;-1;-1;-1;1;-1;0;0;-2;1;-7;3;-18;5;-18;7;-19;9;-18;10;-18;11;-18;13;-17;14;-17;15;-17;16;-16;18;-15;18;-15;19;-14;20;-13;21;-13;21;-12;22;-11;22;-10;22;-9;23;-9;23;-8;23;-8;24;-7;24;-7;24;-6;24;-6;25;-5;25;-5;63;0;-10;4;-10;4;-9;5;-8;5;-7;6;-6;7;-6;7;-5;8;-5;8;-5;8;-4;8;-3;9;-3;9;-2;10;-2;10;-1;10;-1;11;-1;11;-1;11;0;11;0;12;0;12;-1;12;-1;13;-2;13;-2;14;-3;14;-4;14;-2;5;-1;1;-1;-1;1;-1;0;0;-2;0;-7;-1;-18;-1;-18;-2;-19;-3;-19;-3;-18;-4;-18;-4;-18;-5;-18;-6;-18;-6;-18;-7;-17;-7;-17;-7;-16;-7;-16;-7;-15;-7;-15;-7;-14;-6;-14;-6;-14;-5;-13;-4;-13;-3;-13;-2;-13;-2;-13;-1;-12;-1;-12;0;-11;1;-11;1,empty,EXP_S152,ZONE_02,sortie_zone,4.1,sortie_zone,sortie de la zone
1018654094,-57,6,a0:9f:7a:73:2b:3e,384,-110;-96;8;0;21;10;23;13;24;14;24;15;24;13;23;11;20;9;16;6;11;5;6;4;1;4;-4;5;-8;7;-11;10;-13;13;-14;16;-14;18;-13;20;-10;20;-8;20;-4;18;-1;16;1;12;3;8;4;5;1;1;0;0;0;0;0;0;0;0;0;0;0;0;0;0;0;0;0;0;-5;-2;-19;-7;-24;-8;-30;-9;-35;-9;-38;-8;-40;-7;-40;-6;-38;-5;-34;-4;-28;-4;-22;-5;-14;-7;-7;-9;1;-12;7;-16;12;-20;16;-24;19;-27;20;-30;19;-31;18;-31;17;-29;16;-26;15;-21;15;-15;15;-10;60;0;23;-5;22;-5;22;-4;21;-3;20;-3;19;-2;18;-2;16;-2;16;-1;15;-1;14;-1;14;-1;13;-1;13;0;12;0;11;0;11;1;11;1;11;1;10;1;10;1;9;1;8;2;8;2;8;2;8;3;8;3;8;3;3;1;0;0;-1;-1;-1;1;-1;0;-1;-2;0;-7;2;-19;3;-19;5;-19;6;-19;8;-19;8;-19;10;-19;11;-18;13;-18;14;-18;16;-17;17;-17;18;-16;18;-15;19;-14;19;-14;20;-13;20;-12;21;-12;21;-11;22;-11;22;-11;22;-10;23;-9;23;-9;24;-8;24;-8;24;-8;60;0;-8;5;-7;5;-6;5;-6;6;-5;6;-4;7;-3;8;-3;9;-3;9;-2;8;-1;8;0;8;0;9;1;9;1;10;1;10;1;11;1;11;2;11;2;11;2;12;2;12;2;12;2;13;1;13;1;13;0;13;0;14;0;5;-1;1;-1;-1;1;-1;0;0;-3;0;-7;0;-18;0;-18;-1;-17;-2;-17;-2;-17;-3;-17;-3;-18;-4;-18;-4;-18;-5;-17;-5;-16;-6;-15;-5;-15;-5;-15;-5;-15;-5;-14;-5;-14;-5;-13;-4;-12;-4;-12;-2;-12;-2;-12;-1;-12;-1;-11;0;-11;0;-10;1;-9;2;-8;3,empty,EXP_S152,ZONE_02,sortie_zone,4.1,sortie_zone,sortie de la zone
1018852497,-58,6,a0:9f:7a:73:2b:3e,384,-110;-96;8;0;-27;2;-30;1;-31;0;-30;1;-28;2;-24;2;-20;3;-15;2;-10;0;-5;-3;-2;-6;1;-11;3;-15;3;-19;1;-22;-1;-25;-3;-25;-6;-25;-9;-23;-11;-19;-12;-15;-12;-10;-11;-5;-9;0;-7;3;-2;1;0;0;0;0;0;0;0;0;0;0;0;0;0;0;0;0;0;0;4;0;19;2;24;2;30;3;34;2;38;1;40;0;40;-1;38;-2;34;-2;29;-1;23;1;17;4;10;8;4;13;-1;18;-4;23;-7;27;-8;31;-8;33;-8;34;-7;33;-7;31;-8;28;-9;23;-12;18;-14;14;63;0;-16;18;-16;18;-16;16;-16;15;-15;14;-14;13;-14;12;-13;11;-13;10;-13;9;-12;9;-12;8;-11;8;-10;7;-10;6;-10;6;-11;5;-11;5;-11;5;-10;5;-9;5;-9;4;-8;3;-9;2;-9;2;-9;1;-10;1;-10;2;-4;0;-1;0;0;-1;-1;-1;-1;-1;1;1;3;5;10;16;9;17;8;19;7;20;6;21;6;22;5;22;3;22;1;22;-1;23;-2;24;-3;25;-4;25;-4;24;-5;24;-7;23;-8;23;-9;23;-10;23;-10;23;-10;23;-11;23;-12;22;-13;22;-13;22;-14;22;-15;22;-15;21;63;0;-1;-9;-1;-9;-2;-8;-3;-7;-4;-7;-6;-7;-7;-7;-8;-8;-8;-8;-8;-7;-8;-7;-9;-6;-10;-6;-11;-6;-11;-6;-12;-6;-12;-7;-12;-6;-12;-6;-13;-6;-13;-6;-14;-7;-14;-7;-14;-8;-14;-8;-13;-9;-13;-9;-13;-10;-5;-4;-2;-2;0;0;-1;0;-1;0;1;-2;5;-5;14;-11;14;-10;13;-9;13;-8;13;-8;13;-8;14;-8;15;-8;15;-7;15;-5;14;-5;13;-5;12;-5;12;-5;12;-6;12;-5;11;-5;10;-4;8;-4;7;-5;6;-6;6;-7;6;-7;6;-7;5;-6;3;-6;1;-6;0;-7,empty,EXP_S152,ZONE_02,sortie_zone,4.1,sortie_zone,sortie de la zone
1019054498,-59,6,a0:9f:7a:73:2b:3e,384,-110;-96;8;0;24;8;26;10;27;10;27;9;25;7;23;5;18;3;13;1;7;0;2;1;-4;3;-8;6;-11;9;-13;13;-13;16;-12;19;-10;22;-8;22;-4;22;0;20;3;17;6;13;8;8;9;2;9;-2;2;-1;0;0;0;0;0;0;0;0;0;0;0;0;0;0;0;0;0;0;-5;-1;-18;-5;-23;-8;-28;-10;-33;-11;-37;-11;-39;-11;-39;-11;-38;-10;-34;-9;-29;-8;-23;-9;-17;-10;-10;-12;-2;-15;4;-18;9;-22;12;-25;14;-28;16;-30;16;-30;15;-29;14;-27;13;-23;13;-18;15;-13;16;-8;59;0;22;4;22;4;20;5;19;5;17;6;16;6;15;6;14;6;13;6;12;6;11;6;11;6;10;6;9;5;9;5;8;5;7;5;7;5;6;6;6;6;5;6;5;5;5;5;4;5;4;5;4;5;4;6;3;6;1;2;0;0;-1;-1;-1;1;-1;0;0;-3;2;-7;8;-19;10;-19;12;-18;13;-18;15;-17;16;-16;17;-16;18;-15;19;-14;20;-13;21;-12;22;-12;22;-11;23;-10;23;-9;24;-7;24;-6;24;-5;24;-4;24;-4;24;-3;24;-2;24;-1;24;-1;24;0;24;0;24;1;24;1;59;0;-7;5;-6;5;-6;6;-6;7;-5;8;-5;8;-5;9;-4;9;-3;9;-3;10;-2;10;-2;11;-2;11;-1;12;-1;12;-1;13;-1;13;-1;13;-1;14;-1;14;-1;15;-1;15;-1;15;-2;15;-2;16;-3;16;-4;16;-4;16;-2;6;-1;1;0;-1;0;0;0;0;-2;-1;-6;-3;-15;-8;-14;-8;-14;-9;-13;-9;-13;-10;-13;-10;-12;-10;-12;-10;-12;-10;-11;-10;-11;-10;-10;-10;-10;-10;-10;-9;-9;-9;-9;-8;-9;-8;-9;-7;-8;-6;-8;-5;-8;-4;-8;-4;-7;-2;-7;-1;-7;0;-7;1;-7;2;-7;2,empty,EXP_S152,ZONE_02,sortie_zone,4.1,sortie_zone,sortie de la zone
1019252220,-59,6,a0:9f:7a:73:2b:3e,384,-110;-96;8;0;23;-13;25;-14;26;-14;24;-15;22;-15;17;-14;13;-13;8;-10;4;-6;1;-2;-1;3;-2;9;-1;14;0;17;3;20;6;21;9;21;12;19;14;16;16;12;16;7;14;2;12;-2;8;-7;5;-10;1;-3;0;0;0;0;0;0;0;0;0;0;0;0;0;0;0;0;0;0;-4;2;-15;9;-20;11;-25;13;-30;16;-33;18;-34;19;-34;20;-32;19;-30;17;-26;13;-23;9;-20;3;-16;-3;-14;-9;-12;-16;-11;-21;-11;-26;-11;-29;-12;-31;-12;-31;-11;-30;-10;-28;-7;-25;-3;-22;2;-19;6;-17;66;0;13;-18;13;-17;13;-16;13;-14;13;-13;12;-12;11;-11;11;-10;10;-9;10;-8;10;-8;9;-7;9;-7;8;-6;8;-5;8;-5;8;-4;8;-4;8;-4;7;-4;7;-3;6;-3;6;-2;6;-2;6;-2;6;-2;6;-1;6;-1;2;-1;0;-1;-1;0;0;1;0;0;-2;-2;-5;-7;-12;-18;-11;-19;-10;-20;-8;-21;-7;-22;-6;-23;-5;-24;-4;-24;-2;-25;-1;-25;0;-26;1;-26;2;-26;3;-26;4;-25;5;-25;6;-25;7;-24;8;-24;8;-23;9;-23;10;-23;10;-23;11;-22;11;-22;12;-22;12;-21;12;-21;66;0;2;8;2;8;3;8;4;7;5;7;6;7;6;7;7;7;7;7;8;7;8;6;9;6;10;6;11;6;11;6;12;6;12;6;12;6;13;6;13;6;13;7;13;7;13;7;13;8;13;8;13;9;13;10;13;11;4;4;1;1;-1;-1;0;-1;0;-1;-2;1;-5;2;-14;7;-14;7;-14;6;-14;5;-14;5;-13;5;-14;4;-14;4;-14;4;-14;3;-13;3;-12;3;-12;3;-11;3;-11;3;-11;3;-10;3;-9;3;-8;3;-7;4;-6;4;-5;5;-5;5;-4;6;-3;6;-2;6;-1;6;0;7,empty,EXP_S152,ZONE_02,sortie_zone,4.1,sortie_zone,sortie de la zone
1019454358,-60,6,a0:9f:7a:73:2b:3e,384,-110;-96;8;0;25;11;26;12;27;12;26;10;24;7;21;4;16;0;10;-2;4;-4;-2;-4;-8;-3;-13;-1;-17;3;-19;7;-20;11;-19;15;-17;18;-13;19;-8;20;-3;20;2;18;7;14;11;10;14;5;15;1;4;0;0;0;0;0;0;0;0;0;0;0;0;0;0;0;0;0;0;0;-4;0;-18;1;-23;-1;-28;-3;-33;-4;-37;-5;-39;-6;-39;-6;-38;-6;-35;-7;-30;-8;-25;-10;-18;-12;-12;-15;-6;-18;0;-21;4;-24;8;-27;10;-29;12;-30;12;-29;12;-28;12;-24;13;-20;14;-14;15;-8;17;-2;65;0;20;-6;19;-5;18;-4;17;-3;16;-3;15;-2;13;-1;12;-1;11;0;11;0;10;0;9;0;8;0;7;0;7;0;6;1;6;1;6;1;6;1;5;1;5;1;4;1;3;1;3;2;3;2;3;2;4;2;3;2;1;0;0;0;-1;-1;-1;1;-1;0;0;-3;2;-8;6;-21;8;-21;9;-21;11;-21;12;-21;13;-21;14;-20;15;-20;16;-19;17;-19;18;-18;19;-18;20;-17;20;-17;20;-16;21;-15;21;-14;21;-14;22;-13;22;-13;22;-12;22;-12;22;-11;22;-11;22;-10;22;-9;22;-9;22;-8;65;0;-2;10;-2;10;-1;10;0;10;1;11;3;12;3;12;3;13;3;12;4;12;4;12;5;12;6;12;7;12;8;13;8;13;9;13;9;13;10;14;10;14;10;14;10;14;10;15;10;15;10;16;9;17;9;18;8;18;3;6;0;2;-1;-1;0;0;0;0;-2;-1;-5;-3;-14;-8;-13;-8;-12;-8;-12;-8;-11;-8;-12;-7;-12;-7;-12;-8;-12;-8;-11;-8;-10;-8;-9;-7;-9;-6;-9;-5;-9;-5;-9;-5;-8;-4;-8;-3;-7;-2;-6;-1;-7;1;-7;2;-7;3;-6;3;-5;4;-4;5;-3;6;-3;7,empty,EXP_S152,ZONE_02,sortie_zone,4.1,sortie_zone,sortie de la zone
1019657787,-59,6,a0:9f:7a:73:2b:3e,384,-110;-96;8;0;-22;13;-24;13;-25;13;-23;13;-20;13;-17;12;-13;10;-9;7;-5;3;-3;-1;-2;-6;-2;-11;-4;-15;-6;-17;-9;-19;-12;-19;-15;-18;-17;-16;-18;-12;-18;-7;-17;-3;-14;2;-10;5;-5;8;-1;9;0;2;0;0;0;0;0;0;0;0;0;0;0;0;0;0;0;0;0;0;4;-1;17;-4;22;-3;28;-3;32;-4;36;-6;38;-7;38;-8;37;-9;34;-8;30;-6;25;-3;20;1;15;6;10;11;7;16;5;21;4;25;3;29;4;31;5;31;5;31;4;29;2;26;-1;23;-5;20;-9;17;52;0;-5;21;-6;20;-6;20;-6;18;-6;17;-6;16;-6;14;-7;13;-7;12;-7;11;-6;11;-6;10;-6;9;-5;9;-5;8;-6;7;-6;7;-6;7;-6;7;-6;6;-6;5;-5;5;-5;4;-6;4;-6;3;-6;3;-6;3;-6;3;-3;1;-1;0;0;-1;-2;-1;-1;-1;2;1;6;4;16;12;16;13;15;15;14;16;14;18;14;19;13;19;12;20;10;21;9;22;8;23;8;24;7;25;6;24;5;24;4;24;3;24;2;24;2;24;1;25;0;24;0;24;-1;24;-2;24;-2;24;-3;24;-3;24;-3;23;52;0;-5;-6;-5;-6;-5;-5;-6;-4;-7;-3;-8;-3;-9;-3;-9;-2;-9;-2;-10;-2;-10;-1;-10;0;-11;1;-12;1;-12;1;-13;1;-13;1;-14;1;-14;2;-14;2;-15;2;-16;2;-16;1;-16;1;-16;0;-17;0;-17;-1;-17;-2;-7;-1;-2;-1;0;-1;-1;0;-1;0;0;-2;3;-5;10;-13;10;-12;10;-11;10;-10;10;-9;10;-10;10;-10;11;-10;11;-9;11;-8;11;-8;10;-7;9;-8;8;-8;8;-8;8;-8;7;-7;7;-6;6;-6;4;-6;3;-7;3;-7;2;-7;2;-7;1;-6;0;-6;-2;-5;-3;-5,empty,EXP_S152,ZONE_02,sortie_zone,4.1,sortie_zone,sortie de la zone
1019852212,-58,6,a0:9f:7a:73:2b:3e,384,-110;-96;8;0;21;15;22;18;22;19;22;18;21;16;19;13;16;10;12;8;7;6;2;5;-3;5;-8;6;-12;9;-15;12;-16;15;-16;18;-14;21;-12;22;-8;22;-4;20;0;18;3;14;6;9;7;4;8;0;2;-1;0;0;0;0;0;0;0;0;0;0;0;0;0;0;0;0;0;0;-3;-4;-12;-17;-15;-21;-20;-27;-24;-31;-28;-33;-30;-34;-31;-33;-31;-31;-28;-28;-24;-24;-18;-21;-11;-18;-3;-15;5;-14;12;-14;19;-15;24;-16;28;-18;31;-20;31;-21;31;-21;29;-20;26;-17;24;-13;22;-8;21;-3;62;0;25;1;24;1;23;2;22;2;20;3;19;3;18;3;17;3;16;3;15;4;14;3;14;3;13;3;12;3;11;3;11;3;10;4;10;4;10;4;9;4;9;4;8;3;7;4;6;4;6;4;6;5;6;5;6;5;2;1;0;0;-1;-1;-1;1;-1;0;0;-3;3;-7;10;-20;12;-19;14;-19;16;-19;17;-18;18;-18;18;-17;19;-16;21;-15;22;-14;23;-13;24;-13;25;-12;25;-11;25;-10;25;-9;26;-7;26;-6;26;-6;26;-6;26;-5;26;-5;26;-4;26;-3;27;-3;27;-2;27;-2;27;-1;62;0;-7;4;-7;4;-6;4;-5;5;-4;6;-3;7;-3;8;-2;8;-2;8;-2;8;-1;8;0;9;1;10;2;10;2;11;3;12;3;12;3;12;4;13;4;13;4;13;4;14;4;14;3;15;3;15;2;16;2;16;1;17;0;6;0;1;-1;-1;1;0;0;0;-2;-1;-7;-4;-17;-10;-17;-10;-16;-11;-15;-11;-14;-11;-14;-11;-15;-11;-15;-12;-14;-13;-13;-13;-12;-13;-12;-12;-12;-11;-12;-11;-12;-10;-11;-10;-10;-10;-10;-9;-9;-8;-9;-6;-9;-5;-10;-5;-10;-4;-9;-4;-8;-3;-8;-1;-7;0;-7;1,empty,EXP_S152,ZONE_02,sortie_zone,4.1,sortie_zone,sortie de la zone
1020052469,-57,6,a0:9f:7a:73:2b:3e,384,-110;-96;8;0;17;-7;20;-6;22;-6;22;-6;21;-6;19;-6;16;-6;13;-5;9;-4;6;-1;4;2;2;5;1;9;1;12;2;14;3;16;5;17;6;17;8;15;9;13;9;10;9;7;8;4;6;0;4;-2;0;-1;0;0;0;0;0;0;0;0;0;0;0;0;0;0;0;0;0;0;-4;0;-17;3;-21;5;-25;7;-29;9;-31;11;-32;13;-32;14;-30;14;-27;13;-23;11;-19;7;-14;3;-10;-2;-6;-8;-4;-14;-2;-19;-2;-24;-2;-27;-2;-30;-3;-31;-4;-31;-4;-29;-3;-26;-2;-23;1;-19;4;-16;68;0;25;-31;25;-29;25;-28;25;-26;24;-24;23;-22;21;-20;21;-19;20;-17;19;-16;18;-16;18;-15;17;-14;16;-13;16;-12;16;-12;16;-11;16;-10;16;-10;15;-9;14;-9;13;-8;13;-7;13;-6;13;-5;14;-4;14;-4;14;-3;5;-2;1;-1;-1;0;1;1;0;1;-3;-3;-6;-10;-16;-28;-14;-30;-12;-33;-10;-35;-8;-36;-6;-37;-4;-37;-2;-38;0;-39;3;-39;4;-40;6;-40;8;-40;9;-40;11;-40;13;-40;14;-39;16;-38;17;-38;18;-38;18;-38;19;-37;20;-36;21;-36;22;-35;23;-35;24;-35;24;-35;68;0;-5;13;-4;12;-3;11;-2;11;0;10;2;11;4;11;5;11;5;12;6;11;7;10;8;10;10;9;11;9;12;9;13;10;13;10;14;10;15;10;15;9;16;10;17;10;17;11;17;12;17;13;17;14;17;15;16;16;6;6;1;2;-1;-1;1;-2;0;-1;-3;2;-9;6;-25;16;-25;15;-26;13;-26;12;-26;11;-27;11;-28;11;-29;10;-29;9;-29;8;-28;7;-27;6;-26;6;-26;6;-25;5;-25;5;-23;5;-22;5;-20;6;-19;7;-17;8;-17;9;-16;9;-15;9;-14;9;-12;9;-10;10;-9;10,empty,EXP_S152,ZONE_02,sortie_zone,4.1,sortie_zone,sortie de la zone
1020252228,-57,6,a0:9f:7a:73:2b:3e,384,-110;-96;8;0;21;-5;24;-4;25;-4;25;-4;23;-5;21;-5;17;-5;13;-4;9;-2;5;0;2;3;0;7;-1;11;-1;15;0;17;1;19;3;20;5;20;7;18;9;15;10;12;9;8;8;4;7;0;5;-2;1;-1;0;0;0;0;0;0;0;0;0;0;0;0;0;0;0;0;0;0;-5;0;-18;0;-23;0;-28;1;-32;3;-35;4;-36;6;-35;7;-33;7;-30;7;-26;5;-21;2;-15;-2;-10;-6;-5;-11;-2;-16;1;-21;2;-25;3;-29;3;-31;2;-32;1;-32;1;-29;2;-26;4;-23;7;-18;9;-15;61;0;18;-12;17;-12;17;-11;16;-10;16;-9;15;-8;14;-7;13;-7;13;-6;12;-6;12;-5;11;-5;11;-5;10;-4;10;-4;10;-3;10;-3;9;-3;9;-2;9;-2;8;-2;8;-2;7;-2;7;-1;7;0;7;0;8;0;8;0;2;0;0;0;-1;-1;0;0;0;0;-1;-2;-3;-6;-6;-17;-4;-18;-3;-19;-2;-19;0;-20;0;-20;1;-20;3;-20;4;-20;6;-20;7;-21;8;-21;8;-21;9;-20;10;-20;11;-19;12;-18;13;-18;14;-18;14;-18;14;-17;14;-17;15;-17;15;-16;16;-16;17;-15;17;-15;17;-15;61;0;-3;6;-3;6;-2;6;-1;5;0;6;1;6;2;7;2;7;3;7;3;7;3;6;4;6;5;6;6;7;6;7;6;7;6;7;6;7;7;7;7;8;7;8;7;8;7;9;7;9;7;10;7;10;6;11;6;11;2;4;0;1;-1;-1;0;-1;0;-1;-2;0;-6;2;-15;5;-15;5;-15;4;-15;3;-15;3;-15;3;-15;3;-15;2;-16;1;-15;1;-15;0;-14;0;-13;0;-13;1;-13;1;-13;0;-12;0;-11;0;-10;0;-9;1;-9;2;-9;3;-9;3;-8;3;-7;3;-6;3;-5;4;-4;5,empty,EXP_S152,ZONE_02,sortie_zone,4.1,sortie_zone,sortie de la zone
1020453994,-58,6,a0:9f:7a:73:2b:3e,384,-110;-96;8;0;18;15;20;18;21;19;21;19;20;17;19;14;16;12;12;9;7;6;3;4;-3;3;-7;3;-12;5;-15;7;-18;9;-19;12;-19;15;-17;16;-14;17;-11;17;-7;16;-3;14;0;12;3;8;5;4;1;0;0;0;0;0;0;0;0;0;0;0;0;0;0;0;0;0;0;0;-4;-3;-18;-10;-22;-12;-28;-15;-32;-16;-36;-17;-38;-16;-38;-15;-37;-13;-33;-12;-27;-11;-21;-11;-13;-10;-5;-11;2;-12;9;-14;15;-16;20;-19;23;-22;25;-24;25;-25;24;-25;22;-23;21;-20;19;-15;18;-9;17;-4;61;0;22;3;22;4;21;5;20;5;18;5;17;5;16;6;15;6;14;6;13;6;13;5;12;5;11;5;10;5;10;5;9;5;9;6;8;6;8;6;8;6;7;5;6;5;6;5;5;5;5;6;5;6;4;6;4;6;1;2;0;0;-1;-1;-1;1;-1;0;0;-3;2;-7;7;-18;8;-18;10;-17;12;-17;13;-17;14;-16;15;-16;16;-15;18;-14;19;-13;20;-12;21;-11;22;-11;22;-10;22;-8;22;-7;23;-6;23;-6;23;-5;24;-4;24;-4;24;-3;24;-2;24;-1;24;0;24;0;24;1;24;1;61;0;-8;3;-8;3;-7;4;-6;5;-6;6;-5;6;-5;7;-5;8;-5;8;-4;8;-4;8;-3;9;-2;9;-2;10;-2;11;-2;11;-2;12;-2;12;-2;12;-2;12;-2;13;-2;13;-2;13;-3;14;-3;14;-4;14;-5;14;-5;14;-2;5;-1;1;0;-1;1;0;0;0;-2;-1;-7;-2;-18;-5;-17;-6;-16;-7;-16;-8;-15;-8;-15;-8;-16;-9;-15;-10;-15;-10;-14;-10;-14;-10;-13;-10;-13;-9;-12;-9;-12;-9;-12;-9;-11;-9;-10;-8;-10;-8;-10;-6;-10;-5;-10;-5;-10;-4;-10;-3;-9;-2;-9;-1;-8;0;-8;1,empty,EXP_S152,ZONE_02,sortie_zone,4.1,sortie_zone,sortie de la zone
1020652291,-58,6,a0:9f:7a:73:2b:3e,384,-110;-96;8;0;13;-20;16;-21;18;-22;18;-22;16;-22;14;-21;11;-18;8;-15;6;-11;5;-6;4;0;4;4;5;9;8;12;10;15;13;16;15;16;17;14;18;11;18;8;17;5;15;1;12;-2;8;-5;4;-6;0;-2;0;0;0;0;0;0;0;0;0;0;0;0;0;0;0;0;0;0;-3;3;-10;17;-12;22;-15;27;-16;32;-16;36;-16;38;-15;38;-13;37;-12;33;-11;28;-10;21;-10;14;-11;5;-12;-3;-15;-10;-17;-16;-20;-21;-23;-24;-26;-26;-27;-26;-27;-25;-26;-23;-22;-21;-18;-20;-12;-19;-7;-18;60;0;2;-24;3;-24;3;-23;4;-21;4;-20;4;-19;4;-18;5;-16;5;-15;5;-14;5;-14;5;-13;4;-12;4;-12;5;-11;5;-10;5;-10;5;-9;5;-9;5;-8;5;-8;5;-7;5;-7;5;-6;5;-6;5;-6;6;-5;6;-5;2;-2;0;-1;-1;0;1;0;0;0;-3;-1;-7;-2;-20;-6;-19;-8;-19;-9;-19;-11;-19;-13;-18;-14;-18;-15;-17;-17;-16;-18;-16;-19;-15;-21;-14;-22;-13;-22;-12;-23;-11;-23;-10;-23;-9;-24;-8;-24;-7;-25;-6;-25;-6;-25;-5;-25;-4;-25;-3;-26;-2;-26;-1;-26;-1;-26;0;-26;60;0;2;8;3;7;3;7;4;6;5;5;6;5;6;5;6;4;7;4;7;3;7;3;8;2;9;2;9;2;10;2;11;2;11;2;11;1;11;1;12;1;12;2;12;2;13;2;13;2;13;3;13;4;13;5;13;5;4;2;1;0;-1;-1;0;-2;0;-1;-1;1;-2;6;-4;17;-5;16;-6;16;-6;15;-7;15;-7;15;-8;15;-9;15;-9;14;-9;14;-10;13;-9;13;-9;13;-9;12;-8;12;-8;11;-8;11;-8;10;-7;10;-6;10;-5;10;-5;10;-4;10;-4;9;-3;9;-2;8;-1;8;0;8,empty,EXP_S152,ZONE_02,sortie_zone,4.1,sortie_zone,sortie de la zone
1020867407,-57,6,a0:9f:7a:73:2b:3e,384,-110;-96;8;0;20;-11;24;-10;26;-10;26;-10;24;-11;22;-11;18;-10;14;-9;10;-6;6;-3;3;1;2;6;1;10;2;14;3;17;5;19;7;20;9;19;11;17;13;14;13;11;13;7;11;2;8;-2;6;-4;1;-2;0;0;0;0;0;0;0;0;0;0;0;0;0;0;0;0;0;0;-4;2;-18;8;-23;10;-29;13;-33;16;-35;19;-36;21;-36;22;-34;21;-31;19;-27;16;-22;12;-18;6;-14;-1;-10;-9;-8;-16;-7;-23;-6;-28;-7;-33;-8;-36;-9;-36;-10;-36;-10;-34;-8;-30;-6;-26;-2;-23;2;-20;58;0;13;-20;14;-19;14;-18;14;-17;13;-15;13;-14;12;-12;12;-12;11;-11;11;-10;10;-9;10;-9;9;-8;9;-7;9;-7;9;-6;9;-6;9;-5;8;-5;8;-4;8;-4;8;-4;7;-3;7;-3;7;-2;7;-2;7;-2;7;-1;2;-1;0;-1;-1;0;0;0;0;0;-2;-2;-6;-6;-15;-15;-14;-16;-13;-18;-12;-19;-11;-20;-10;-21;-9;-22;-8;-23;-6;-24;-5;-25;-4;-26;-2;-26;-1;-26;0;-26;1;-26;3;-26;4;-25;5;-25;6;-25;7;-25;7;-25;8;-25;9;-24;10;-24;10;-24;11;-23;12;-23;12;-23;58;0;-2;8;-2;8;-1;7;0;7;1;7;1;7;2;7;3;7;4;7;4;7;5;6;6;6;6;6;7;6;7;6;8;6;8;7;8;7;9;7;9;7;9;7;9;8;9;8;9;8;9;9;9;10;9;11;8;11;3;4;0;1;-1;-1;0;-1;0;-1;-2;1;-4;4;-12;12;-12;12;-13;11;-13;10;-14;9;-14;9;-15;9;-15;9;-15;8;-15;8;-15;7;-15;7;-14;6;-14;6;-14;6;-13;6;-13;5;-12;5;-11;5;-10;5;-10;6;-9;6;-8;6;-8;6;-7;6;-6;7;-5;7;-4;7,empty,EXP_S152,ZONE_02,sortie_zone,4.1,sortie_zone,sortie de la zone
1021054077,-57,6,a0:9f:7a:73:2b:3e,384,-110;-96;8;0;6;21;5;25;5;27;5;27;5;26;6;23;6;19;5;15;3;10;1;5;-3;1;-7;-2;-11;-4;-15;-5;-18;-4;-21;-3;-23;-2;-23;0;-22;3;-20;5;-17;7;-13;9;-8;10;-4;9;0;8;0;2;0;0;0;0;0;0;0;0;0;0;0;0;0;0;0;0;0;0;-4;-4;-14;-14;-17;-18;-22;-23;-26;-26;-30;-28;-32;-29;-32;-28;-31;-27;-28;-24;-24;-21;-18;-17;-10;-14;-2;-12;6;-9;14;-8;21;-8;26;-8;31;-9;33;-10;34;-11;34;-11;32;-11;28;-9;24;-6;19;-1;16;3;67;0;19;12;18;12;17;12;16;12;14;11;13;11;12;11;11;10;10;10;9;10;9;9;8;9;8;8;7;8;6;7;6;7;5;7;5;7;5;7;5;7;4;7;4;6;3;6;3;6;2;6;2;6;2;6;2;6;0;2;0;0;-1;-1;-1;0;-1;0;1;-2;5;-5;14;-13;16;-12;17;-11;19;-10;20;-9;20;-9;21;-7;21;-6;22;-5;23;-3;24;-2;24;-1;24;0;24;1;24;2;24;3;23;4;23;5;23;6;23;6;23;7;23;7;22;8;22;9;22;9;22;10;22;10;21;10;67;0;-10;-2;-10;-1;-9;0;-9;1;-9;2;-8;3;-8;4;-8;4;-8;5;-8;5;-8;6;-7;6;-7;7;-7;8;-7;9;-7;9;-7;10;-7;10;-7;10;-7;11;-7;11;-7;12;-8;12;-8;12;-9;12;-9;12;-10;12;-10;11;-4;4;-2;1;0;-1;0;0;0;0;-2;-2;-5;-5;-13;-14;-12;-14;-11;-15;-11;-15;-10;-15;-10;-15;-10;-16;-10;-16;-9;-17;-8;-17;-8;-17;-7;-16;-7;-15;-7;-15;-7;-15;-7;-14;-7;-14;-7;-13;-7;-12;-7;-11;-8;-10;-8;-9;-8;-9;-8;-8;-8;-7;-9;-6;-9;-5;-9;-4,empty,EXP_S152,ZONE_02,sortie_zone,4.1,sortie_zone,sortie de la zone
1021255294,-58,6,a0:9f:7a:73:2b:3e,384,-110;-96;8;0;-20;10;-24;9;-26;9;-26;9;-25;10;-22;10;-18;9;-14;7;-10;5;-6;2;-3;-2;0;-7;1;-11;1;-15;1;-18;-1;-20;-3;-22;-5;-22;-7;-20;-9;-18;-11;-15;-12;-11;-12;-6;-10;-2;-9;1;-3;0;0;0;0;0;0;0;0;0;0;0;0;0;0;0;0;0;0;0;2;-4;10;-16;14;-20;17;-26;19;-30;20;-33;21;-35;20;-36;19;-34;17;-31;15;-26;13;-20;11;-12;10;-4;9;4;9;12;10;19;12;24;13;28;15;31;16;31;16;31;15;29;13;26;9;22;4;19;0;16;67;0;-15;17;-15;16;-15;15;-14;14;-14;12;-14;11;-13;10;-13;9;-12;8;-12;7;-11;7;-11;6;-10;6;-10;5;-9;5;-9;4;-9;4;-9;3;-9;3;-9;3;-8;2;-8;2;-8;1;-7;1;-7;1;-7;1;-8;0;-8;0;-3;0;-1;-1;0;-1;-1;-1;-1;-1;1;1;4;4;13;14;12;15;11;16;10;18;9;19;8;20;6;20;5;21;4;22;2;23;1;23;0;24;-1;24;-2;24;-3;23;-5;23;-6;23;-7;23;-8;22;-8;22;-9;22;-10;21;-11;21;-11;21;-12;21;-13;20;-13;20;-14;20;67;0;1;-9;1;-9;0;-9;-1;-9;-2;-9;-3;-9;-3;-9;-4;-9;-5;-9;-5;-9;-5;-9;-6;-8;-7;-8;-8;-8;-8;-8;-9;-8;-9;-8;-10;-8;-10;-9;-10;-9;-11;-9;-11;-10;-11;-10;-11;-10;-11;-11;-10;-12;-10;-13;-10;-13;-4;-5;-1;-2;0;0;-1;0;-1;0;1;-2;4;-5;12;-13;12;-12;13;-12;13;-11;14;-10;14;-10;14;-10;15;-9;15;-9;15;-8;15;-8;14;-7;14;-7;14;-7;13;-7;13;-6;12;-6;11;-6;11;-6;10;-6;9;-7;9;-7;8;-7;7;-7;6;-8;5;-8;5;-8;4;-9,empty,EXP_S152,ZONE_02,sortie_zone,4.1,sortie_zone,sortie de la zone
1021452278,-58,6,a0:9f:7a:73:2b:3e,384,-110;-96;8;0;-11;18;-14;20;-16;21;-16;22;-14;21;-12;20;-9;17;-7;14;-5;9;-3;5;-3;0;-3;-5;-4;-10;-6;-13;-8;-16;-11;-17;-13;-17;-15;-16;-16;-14;-17;-11;-17;-7;-15;-4;-13;0;-10;3;-8;6;-2;1;0;0;0;0;0;0;0;0;0;0;0;0;0;0;0;0;0;0;-1;-5;-3;-19;-3;-24;-4;-30;-5;-35;-6;-38;-7;-40;-8;-40;-8;-38;-7;-34;-5;-29;-3;-23;1;-17;5;-10;9;-3;14;3;19;8;24;11;27;13;30;14;31;14;31;13;29;12;25;11;20;11;14;11;9;12;63;0;0;21;0;20;-1;19;-2;18;-2;17;-2;16;-2;15;-2;14;-3;13;-3;12;-3;12;-3;11;-3;10;-3;10;-3;9;-3;9;-3;8;-3;8;-3;8;-3;7;-3;7;-3;6;-3;6;-3;5;-4;5;-4;5;-4;5;-4;5;-2;1;-1;0;0;-1;-2;-1;-1;-1;2;0;6;2;17;6;17;7;17;9;17;10;16;11;16;12;16;13;15;15;15;16;14;17;13;18;13;19;12;20;11;20;10;20;9;21;8;21;7;21;7;22;6;22;6;22;5;22;5;22;4;22;3;22;3;23;2;23;2;23;63;0;-5;-9;-5;-9;-6;-8;-6;-7;-7;-6;-8;-5;-8;-5;-9;-4;-9;-4;-9;-3;-10;-3;-10;-2;-10;-2;-11;-1;-11;-1;-12;0;-12;0;-13;0;-13;0;-13;1;-14;1;-14;1;-14;0;-15;0;-15;0;-15;-1;-16;-1;-16;-2;-6;-1;-2;-1;0;-1;-1;1;-1;0;0;-2;1;-7;4;-17;5;-17;6;-16;6;-16;7;-16;7;-16;7;-16;8;-16;8;-16;8;-15;8;-15;8;-14;8;-14;8;-13;7;-13;7;-13;6;-13;6;-12;5;-12;4;-11;3;-11;3;-11;2;-11;1;-11;0;-10;-1;-10;-2;-10;-2;-10,empty,EXP_S152,ZONE_02,sortie_zone,4.1,sortie_zone,sortie de la zone
1021652359,-58,6,a0:9f:7a:73:2b:3e,384,-110;-96;8;0;21;2;24;5;25;6;26;5;25;4;23;3;20;1;15;0;10;0;5;0;1;1;-4;3;-7;6;-10;10;-11;13;-11;16;-10;18;-9;19;-6;20;-3;19;0;17;3;14;6;10;7;6;8;3;2;0;0;0;0;0;0;0;0;0;0;0;0;0;0;0;0;0;0;0;-4;1;-18;7;-22;9;-28;11;-32;13;-35;15;-37;17;-37;17;-35;17;-32;15;-27;12;-22;8;-17;3;-11;-3;-6;-10;-2;-16;0;-22;2;-27;3;-32;3;-35;3;-36;3;-35;2;-33;2;-29;3;-24;6;-19;8;-14;69;0;19;-10;19;-9;18;-8;18;-7;17;-6;16;-5;15;-5;14;-4;13;-4;12;-3;12;-3;11;-3;11;-2;10;-2;9;-2;9;-1;9;-1;8;-1;8;0;7;0;7;0;7;0;6;0;6;1;6;1;6;1;6;1;6;1;2;0;0;0;-1;-1;0;1;0;0;-1;-2;-2;-7;-5;-19;-4;-20;-2;-21;-1;-21;1;-22;2;-22;3;-22;5;-22;6;-22;8;-22;9;-22;10;-22;11;-21;12;-21;13;-20;14;-19;15;-18;15;-18;16;-17;17;-17;17;-17;18;-16;18;-15;18;-15;19;-14;19;-13;20;-13;20;-13;69;0;-6;7;-6;7;-5;7;-4;7;-3;7;-2;8;-2;8;-2;9;-1;9;-1;9;0;9;1;9;2;9;2;9;3;10;3;10;4;11;4;11;4;11;4;11;4;12;4;12;4;12;4;13;3;13;3;14;2;14;2;15;0;5;0;1;-1;-1;1;-1;0;-1;-2;0;-6;1;-17;4;-17;3;-17;2;-17;2;-17;1;-17;1;-17;0;-18;0;-18;-1;-17;-1;-17;-1;-16;-1;-16;-1;-15;-1;-15;-1;-15;-1;-14;-1;-13;-1;-13;-1;-12;0;-12;1;-11;1;-11;2;-11;2;-10;3;-9;3;-8;4;-8;5,empty,EXP_S152,ZONE_02,sortie_zone,4.1,sortie_zone,sortie de la zone
1021872084,-57,6,a0:9f:7a:73:2b:3e,384,-110;-96;8;0;13;18;14;22;14;24;15;25;15;23;15;20;14;16;11;12;8;8;4;5;-1;2;-6;1;-10;0;-15;1;-18;3;-20;5;-21;8;-21;11;-19;13;-16;14;-12;15;-7;14;-3;13;1;10;4;8;1;2;0;0;0;0;0;0;0;0;0;0;0;0;0;0;0;0;0;0;-4;-3;-18;-12;-22;-15;-27;-19;-32;-21;-36;-23;-38;-23;-39;-23;-37;-21;-33;-19;-28;-17;-22;-15;-14;-14;-5;-13;4;-12;12;-13;19;-14;24;-16;29;-18;31;-21;32;-22;31;-22;28;-21;26;-18;23;-14;20;-9;17;-4;57;0;23;2;23;3;22;4;20;4;19;4;18;4;16;4;15;4;14;5;13;4;12;4;12;4;11;4;10;4;9;4;9;4;8;4;8;4;8;4;7;4;7;4;6;4;5;4;5;4;5;4;5;4;5;5;4;5;1;1;0;0;-1;-1;-1;1;-1;0;0;-3;2;-8;8;-20;9;-20;11;-19;13;-19;15;-19;16;-18;17;-17;18;-16;20;-15;21;-14;22;-13;23;-13;24;-12;24;-11;24;-10;24;-8;25;-7;25;-6;25;-5;25;-5;25;-4;25;-4;25;-3;25;-2;25;-1;26;-1;26;0;26;0;57;0;-11;2;-10;3;-9;3;-9;4;-8;5;-7;6;-7;7;-7;7;-6;7;-6;8;-5;8;-4;9;-3;9;-3;10;-3;11;-3;11;-3;12;-3;12;-3;12;-3;13;-3;13;-3;14;-3;14;-3;14;-4;14;-5;15;-5;15;-6;15;-3;5;-1;1;0;-1;1;0;0;0;-3;-1;-7;-3;-18;-7;-17;-8;-16;-9;-16;-9;-15;-9;-16;-10;-16;-10;-16;-11;-15;-12;-14;-12;-14;-12;-13;-12;-13;-11;-13;-11;-13;-10;-12;-10;-12;-10;-11;-9;-11;-8;-11;-7;-11;-6;-11;-5;-12;-5;-11;-4;-11;-4;-11;-2;-10;-1;-10;0,empty,EXP_S152,ZONE_02,sortie_zone,4.1,sortie_zone,sortie de la zone
1022052616,-58,6,a0:9f:7a:73:2b:3e,384,-110;-96;8;0;10;18;10;22;10;24;11;24;11;23;11;20;10;17;9;13;6;8;3;5;-1;1;-5;-1;-9;-2;-14;-2;-17;-1;-20;0;-21;2;-21;4;-20;7;-18;9;-15;10;-11;11;-6;11;-2;10;1;9;0;2;0;0;0;0;0;0;0;0;0;0;0;0;0;0;0;0;0;0;-4;-2;-18;-8;-22;-11;-27;-14;-32;-16;-36;-17;-38;-17;-38;-17;-37;-15;-33;-14;-28;-13;-22;-11;-14;-10;-6;-10;3;-11;10;-12;17;-13;23;-15;27;-17;29;-19;29;-20;29;-21;27;-19;24;-17;21;-13;18;-8;15;-3;68;0;19;9;18;9;17;9;16;10;15;9;13;9;12;9;11;8;10;8;9;8;9;7;8;7;8;7;7;6;7;6;6;6;5;6;5;6;5;6;5;6;4;6;4;5;3;5;3;5;2;5;2;5;2;6;2;6;0;2;0;0;-1;-1;-1;0;-1;0;1;-2;4;-6;11;-16;13;-15;15;-14;16;-14;18;-13;18;-12;19;-11;20;-10;21;-8;22;-7;23;-6;23;-5;24;-4;24;-4;23;-2;23;-1;23;0;23;2;23;2;23;3;23;3;23;4;23;5;22;6;22;6;22;7;22;7;22;7;68;0;-10;-1;-10;-1;-9;0;-9;1;-9;2;-9;3;-9;4;-8;4;-8;5;-8;5;-7;6;-7;6;-7;7;-7;8;-7;9;-7;9;-7;9;-7;10;-7;10;-7;10;-7;11;-8;11;-8;11;-8;11;-9;11;-10;11;-10;11;-11;11;-4;3;-2;1;0;-1;0;0;0;0;-2;-2;-6;-4;-15;-11;-14;-12;-13;-12;-12;-13;-12;-13;-12;-13;-12;-14;-12;-14;-11;-15;-10;-15;-10;-15;-9;-14;-9;-14;-9;-13;-9;-13;-9;-13;-8;-13;-8;-12;-8;-11;-8;-10;-8;-9;-9;-8;-9;-8;-9;-7;-9;-6;-9;-5;-9;-4;-9;-3,empty,EXP_S152,ZONE_02,sortie_zone,4.1,sortie_zone,sortie de la zone
1022256982,-58,6,a0:9f:7a:73:2b:3e,384,-110;-96;8;0;19;7;21;11;23;12;23;12;23;11;22;9;19;7;15;5;11;3;6;1;1;1;-4;2;-8;3;-12;5;-14;8;-16;10;-16;13;-15;15;-12;16;-10;17;-6;17;-3;15;1;13;4;10;6;7;1;1;0;0;0;0;0;0;0;0;0;0;0;0;0;0;0;0;0;0;-5;1;-18;5;-24;6;-30;8;-34;10;-37;12;-39;13;-39;14;-37;14;-33;12;-29;9;-23;6;-17;1;-11;-4;-5;-10;0;-16;5;-21;8;-26;9;-31;10;-34;10;-35;9;-35;8;-33;8;-29;8;-24;9;-18;10;-13;66;0;21;-6;20;-5;19;-4;18;-3;17;-3;16;-2;15;-2;14;-1;13;-1;12;-1;12;-1;11;-1;11;0;10;0;9;0;9;0;8;1;8;1;8;1;7;1;7;1;6;1;6;1;5;1;5;1;5;2;5;2;5;3;2;1;0;0;-1;-1;0;1;-1;0;-1;-2;-1;-7;-2;-20;0;-20;2;-21;4;-21;5;-21;6;-21;7;-21;9;-21;10;-21;12;-20;13;-20;15;-20;15;-19;16;-18;17;-17;18;-16;18;-15;19;-14;19;-14;20;-13;20;-13;20;-12;20;-12;21;-11;21;-10;21;-9;22;-9;22;-9;66;0;-9;5;-8;5;-8;5;-7;6;-6;6;-5;7;-4;8;-4;8;-3;9;-3;9;-2;9;-2;9;-1;9;-1;10;0;10;0;11;1;11;1;12;1;12;1;12;1;12;1;13;1;13;1;14;0;14;-1;15;-1;15;-2;15;-1;5;-1;1;-1;-1;1;-1;0;0;-2;0;-7;0;-18;0;-18;-1;-18;-1;-18;-2;-18;-2;-18;-3;-18;-3;-18;-4;-18;-4;-17;-5;-17;-5;-16;-5;-16;-5;-15;-5;-15;-5;-15;-5;-14;-5;-14;-4;-13;-4;-13;-3;-12;-2;-12;-1;-12;-1;-12;0;-11;1;-10;1;-10;2;-10;3,empty,EXP_S152,ZONE_02,sortie_zone,4.1,sortie_zone,sortie de la zone
1022452381,-57,6,a0:9f:7a:73:2b:3e,384,-110;-96;8;0;17;12;18;16;19;18;20;18;20;17;19;15;17;12;14;8;10;5;6;3;1;1;-5;0;-9;0;-14;2;-17;3;-19;6;-20;8;-20;10;-18;12;-15;14;-12;14;-8;14;-4;13;0;11;3;9;1;2;0;0;0;0;0;0;0;0;0;0;0;0;0;0;0;0;0;0;-5;0;-19;4;-24;5;-31;6;-36;7;-40;8;-42;9;-42;10;-40;10;-36;8;-31;6;-25;3;-18;-1;-10;-5;-3;-10;3;-16;8;-21;12;-25;15;-30;16;-33;16;-34;15;-34;14;-32;13;-28;13;-22;13;-16;13;-11;70;0;21;-5;21;-4;20;-3;19;-2;18;-2;17;-1;15;-1;14;-1;13;0;12;0;12;0;11;0;10;0;10;0;9;1;9;1;8;1;8;1;8;1;8;1;7;1;6;1;6;1;6;2;5;2;5;2;5;3;5;3;2;1;0;0;-1;-1;-1;1;-1;0;-1;-3;0;-8;1;-20;2;-20;4;-21;6;-21;7;-21;8;-21;9;-21;11;-20;13;-20;14;-19;16;-19;17;-18;18;-18;18;-17;19;-16;19;-15;20;-14;20;-13;21;-12;21;-12;21;-12;21;-11;22;-10;22;-9;22;-9;23;-8;23;-7;23;-7;70;0;-10;5;-9;5;-8;5;-7;6;-6;7;-6;7;-5;8;-5;9;-4;9;-4;9;-3;9;-2;9;-2;10;-1;10;-1;11;-1;12;0;12;0;12;0;12;0;13;0;13;0;14;0;14;0;14;-1;15;-2;15;-2;15;-3;16;-1;5;-1;1;-1;-1;1;-1;0;0;-3;0;-7;-1;-19;-1;-19;-2;-18;-3;-18;-4;-18;-4;-18;-5;-18;-5;-18;-6;-18;-6;-18;-7;-17;-7;-17;-7;-16;-7;-16;-6;-16;-6;-15;-6;-14;-6;-14;-6;-13;-5;-13;-4;-13;-3;-13;-2;-13;-2;-13;-1;-12;0;-11;1;-10;1;-10;2,empty,EXP_S152,ZONE_02,sortie_zone,4.1,sortie_zone,sortie de la zone
1022652353,-58,6,a0:9f:7a:73:2b:3e,384,-110;-96;8;0;-14;15;-18;17;-20;17;-20;18;-19;18;-16;17;-13;15;-10;13;-7;9;-4;5;-2;0;-1;-5;-1;-9;-2;-13;-4;-16;-7;-18;-9;-19;-11;-19;-13;-17;-15;-14;-15;-11;-15;-7;-14;-3;-12;1;-10;4;-3;1;0;0;0;0;0;0;0;0;0;0;0;0;0;0;0;0;0;0;0;-4;0;-18;1;-24;2;-30;2;-35;2;-39;2;-41;1;-42;1;-40;1;-36;1;-31;3;-25;4;-17;7;-10;10;-2;14;5;17;11;21;16;24;19;27;21;28;21;28;20;26;19;23;17;19;15;12;14;7;14;63;0;-1;21;-2;20;-2;19;-3;18;-3;17;-3;16;-4;15;-4;13;-4;12;-4;12;-4;11;-4;10;-4;10;-4;9;-4;8;-4;8;-4;7;-4;7;-4;7;-4;7;-4;6;-4;5;-4;5;-4;4;-4;4;-5;4;-5;4;-5;4;-2;1;-1;0;0;-1;-2;-1;-1;-1;2;0;6;1;18;5;18;6;18;8;18;10;18;11;17;12;17;14;16;15;15;16;15;18;14;19;13;20;12;21;11;21;10;21;9;21;8;22;7;22;7;22;6;23;6;23;5;23;4;23;3;23;2;23;1;23;1;23;1;23;63;0;-4;-10;-4;-10;-4;-9;-5;-8;-6;-7;-7;-7;-8;-6;-8;-6;-8;-6;-9;-5;-9;-5;-10;-4;-10;-4;-11;-3;-11;-3;-12;-3;-12;-3;-13;-3;-13;-3;-13;-3;-14;-3;-14;-3;-14;-3;-15;-4;-15;-4;-15;-5;-15;-6;-15;-7;-6;-3;-2;-1;0;0;-1;1;-1;0;0;-2;1;-7;4;-17;5;-17;6;-16;6;-16;7;-15;7;-15;7;-16;8;-16;9;-16;9;-15;9;-14;9;-14;9;-13;8;-13;8;-13;8;-12;8;-12;7;-11;6;-11;5;-11;4;-11;4;-11;3;-11;3;-11;2;-11;1;-10;0;-10;-1;-10,empty,EXP_S152,ZONE_02,sortie_zone,4.1,sortie_zone,sortie de la zone
1022852440,-58,6,a0:9f:7a:73:2b:3e,384,-110;-96;8;0;3;-20;6;-24;8;-26;8;-26;7;-26;5;-24;3;-21;1;-17;0;-13;0;-8;0;-2;1;3;3;7;6;10;9;12;12;13;15;13;17;11;18;9;18;6;17;2;16;-1;13;-4;10;-7;7;-8;1;-3;0;0;0;0;0;0;0;0;0;0;0;0;0;0;0;0;0;0;2;3;9;15;11;20;14;25;17;30;20;33;21;34;22;34;22;33;19;30;16;26;11;22;5;16;-2;11;-8;6;-15;2;-22;-1;-27;-3;-32;-4;-35;-4;-37;-3;-36;-2;-34;-2;-31;-3;-25;-4;-19;-6;-14;-8;72;0;-17;-14;-17;-14;-16;-14;-15;-14;-13;-13;-12;-12;-11;-11;-10;-11;-9;-10;-8;-10;-8;-10;-8;-9;-7;-9;-7;-8;-6;-7;-6;-7;-5;-8;-5;-8;-5;-8;-5;-7;-5;-7;-4;-6;-4;-5;-3;-6;-2;-6;-2;-6;-2;-7;-2;-7;-1;-3;-1;-1;0;0;0;-1;0;-1;-2;1;-6;3;-17;10;-18;9;-20;7;-21;7;-22;6;-22;5;-22;4;-23;2;-23;0;-24;-2;-25;-3;-25;-4;-25;-4;-25;-5;-24;-5;-23;-7;-23;-8;-23;-9;-23;-10;-23;-10;-23;-10;-22;-10;-21;-11;-21;-12;-21;-13;-21;-13;-21;-13;-21;-13;72;0;10;3;9;3;9;2;8;1;8;0;8;-2;9;-3;9;-4;9;-4;9;-4;8;-5;8;-6;8;-7;8;-8;8;-8;8;-9;9;-9;9;-9;8;-9;8;-10;8;-10;9;-11;9;-11;10;-11;11;-11;11;-10;12;-10;12;-9;4;-4;1;-1;-1;0;-1;-1;-1;-1;1;1;3;5;9;15;8;15;6;15;5;15;5;15;6;15;6;16;5;17;4;18;3;17;3;16;3;15;3;14;4;14;4;14;3;15;3;14;2;13;3;12;4;11;5;10;6;10;7;10;7;10;6;9;6;7;7;6;8;5,empty,EXP_S152,ZONE_02,sortie_zone,4.1,sortie_zone,sortie de la zone
1023052362,-58,6,a0:9f:7a:73:2b:3e,384,-110;-96;8;0;7;-17;11;-20;14;-22;15;-23;14;-23;12;-22;10;-20;8;-17;5;-13;2;-9;1;-4;0;1;0;6;1;10;2;14;4;16;5;18;8;18;10;18;12;16;13;13;13;10;13;6;12;2;11;0;2;-1;0;0;0;0;0;0;0;0;0;0;0;0;0;0;0;0;0;0;3;2;14;11;18;15;23;19;27;22;30;24;33;26;33;25;31;24;28;22;23;19;17;16;10;12;2;8;-6;5;-14;1;-22;-1;-28;-3;-33;-4;-37;-4;-38;-3;-38;-2;-36;-2;-32;-2;-27;-3;-21;-5;-15;-7;79;0;-7;-21;-6;-20;-6;-20;-5;-19;-4;-18;-3;-17;-3;-16;-2;-15;-2;-14;-2;-13;-2;-12;-1;-12;-1;-11;-1;-11;-1;-10;-1;-10;0;-9;0;-9;0;-9;0;-8;0;-8;0;-7;1;-7;1;-7;1;-6;1;-6;2;-7;2;-6;1;-3;0;-1;-1;0;1;-1;0;0;-2;0;-7;1;-19;2;-20;1;-20;-1;-21;-3;-21;-4;-21;-5;-21;-7;-21;-8;-21;-10;-21;-11;-21;-12;-20;-13;-20;-14;-19;-15;-18;-16;-17;-17;-16;-18;-16;-18;-15;-19;-15;-19;-14;-20;-14;-20;-13;-20;-12;-21;-12;-21;-11;-22;-11;-22;-10;-22;79;0;5;10;5;9;5;9;6;8;6;7;7;6;7;5;8;5;8;4;8;3;9;3;9;2;9;1;10;1;10;0;11;0;11;0;12;0;12;0;12;0;13;0;13;0;14;0;14;0;14;1;15;1;15;2;15;3;5;1;1;0;-1;-1;-1;-2;0;-1;0;2;1;6;3;19;1;18;0;18;-1;18;-1;18;-2;18;-2;18;-3;19;-3;19;-4;18;-5;18;-5;17;-4;17;-4;17;-4;16;-5;16;-5;16;-4;15;-4;14;-3;14;-2;13;-2;13;-1;13;0;13;0;13;1;12;2;11;3;11,empty,EXP_S152,ZONE_02,sortie_zone,4.1,sortie_zone,sortie de la zone
1023254097,-56,6,a0:9f:7a:73:2b:3e,384,-110;-96;8;0;-10;19;-13;24;-15;26;-15;28;-14;28;-13;27;-10;25;-7;21;-4;17;-1;13;3;8;6;3;8;-2;10;-7;12;-12;13;-16;13;-19;13;-22;12;-23;10;-24;8;-24;6;-24;3;-22;0;-20;-2;-19;-1;-5;0;0;0;0;0;0;0;0;0;0;0;0;0;0;0;0;0;0;-1;4;-4;20;-5;24;-7;29;-9;32;-11;34;-13;35;-14;33;-14;30;-14;25;-13;19;-11;12;-7;4;-3;-3;2;-10;6;-16;10;-22;14;-26;17;-29;19;-30;19;-31;19;-29;18;-26;16;-21;12;-15;8;-8;5;-3;97;0;15;9;15;9;14;9;13;9;13;8;12;8;11;7;10;6;9;6;9;6;8;6;8;5;8;5;8;4;7;3;7;3;6;3;6;4;6;4;6;4;6;3;5;3;4;2;4;2;4;3;4;3;4;4;4;4;1;1;0;0;-1;-1;-1;0;-1;0;1;-1;5;-3;14;-6;15;-5;16;-4;16;-3;17;-3;17;-2;17;-1;17;-1;18;1;18;2;19;3;19;3;19;4;19;4;18;5;18;6;18;6;18;7;18;7;18;7;18;7;18;7;18;8;18;8;18;9;18;9;18;9;18;9;97;0;-18;-2;-18;-2;-17;-1;-17;0;-17;2;-17;3;-16;4;-16;5;-16;5;-15;6;-15;6;-14;7;-14;8;-14;9;-14;10;-14;10;-15;11;-15;11;-14;11;-14;11;-14;12;-14;12;-15;12;-15;12;-16;12;-16;11;-17;10;-17;10;-7;3;-2;0;0;-1;0;0;0;0;-2;-2;-5;-6;-11;-15;-11;-15;-10;-15;-9;-16;-9;-16;-9;-16;-10;-16;-10;-17;-9;-17;-9;-17;-9;-16;-9;-16;-9;-15;-9;-15;-9;-15;-9;-15;-9;-14;-10;-13;-10;-12;-11;-11;-12;-10;-13;-10;-14;-9;-14;-9;-15;-8;-15;-6;-16;-5;-16;-4,empty,EXP_S152,ZONE_02,sortie_zone,4.1,sortie_zone,sortie de la zone
1023452277,-59,6,a0:9f:7a:73:2b:3e,384,-110;-96;8;0;0;-33;0;-33;0;-31;0;-28;-1;-23;-2;-17;-1;-11;0;-5;2;2;5;7;9;12;13;16;18;19;22;20;26;20;28;18;30;15;29;11;27;6;24;2;20;-3;14;-6;8;-9;1;-11;-4;-13;-2;-4;0;0;0;0;0;0;0;0;0;0;0;0;0;0;0;0;0;0;0;2;3;12;3;16;4;21;5;25;6;28;6;30;6;31;6;30;4;28;3;25;0;22;-3;18;-7;13;-11;9;-15;5;-18;2;-20;-1;-22;-4;-23;-5;-22;-7;-21;-10;-19;-12;-16;-15;-13;-18;-10;-22;-7;-25;77;0;-3;-23;-3;-23;-3;-22;-3;-21;-2;-20;-2;-19;-2;-18;-2;-18;-2;-17;-2;-17;-2;-16;-2;-16;-2;-15;-2;-15;-1;-14;-1;-14;-1;-14;-1;-14;-1;-13;-1;-13;-1;-12;0;-12;0;-12;0;-12;0;-12;0;-11;0;-11;1;-11;0;-4;0;-2;-1;0;0;0;0;0;-2;-2;-5;-5;-12;-12;-11;-13;-11;-14;-10;-14;-10;-15;-10;-16;-9;-16;-9;-17;-9;-18;-8;-18;-8;-19;-8;-19;-7;-20;-7;-20;-7;-20;-6;-20;-6;-21;-5;-21;-5;-21;-5;-21;-5;-21;-5;-22;-5;-22;-5;-22;-5;-23;-5;-23;-5;-23;-4;-23;77;0;6;-7;6;-8;6;-8;7;-9;7;-10;7;-11;7;-12;7;-12;7;-13;7;-14;7;-14;7;-15;6;-16;6;-17;6;-18;7;-18;7;-19;7;-19;7;-19;7;-20;7;-20;8;-20;8;-20;8;-20;9;-20;10;-20;10;-20;11;-19;4;-7;1;-2;-1;0;0;-1;0;-1;-2;1;-5;3;-12;8;-12;8;-12;7;-12;7;-12;6;-11;6;-11;6;-11;6;-11;6;-11;5;-10;5;-10;4;-9;4;-8;4;-8;3;-7;3;-6;3;-6;2;-5;1;-4;1;-3;0;-2;0;-1;0;0;-1;1;-2;2;-3;3;-4;4;-5,empty,EXP_S152,ZONE_02,sortie_zone,4.1,sortie_zone,sortie de la zone
1023654180,-59,6,a0:9f:7a:73:2b:3e,384,-110;-96;8;0;16;-25;17;-25;18;-25;16;-25;14;-23;11;-20;9;-16;7;-12;6;-7;6;-2;8;3;10;8;13;11;17;13;20;13;23;13;25;11;26;9;26;5;24;2;20;-1;16;-4;12;-6;6;-7;2;-7;0;-2;0;0;0;0;0;0;0;0;0;0;0;0;0;0;0;0;0;0;-4;3;-17;16;-20;19;-22;22;-22;25;-22;26;-22;27;-20;26;-18;23;-16;19;-14;14;-12;8;-12;2;-12;-5;-12;-12;-14;-18;-16;-22;-18;-25;-19;-27;-20;-27;-21;-27;-19;-25;-17;-23;-13;-22;-8;-21;-3;-21;2;-21;66;0;17;-47;18;-46;18;-44;18;-42;18;-40;18;-37;17;-35;17;-33;17;-32;16;-31;16;-31;15;-30;14;-28;13;-27;13;-26;14;-25;14;-24;14;-24;14;-23;14;-22;14;-21;13;-20;13;-19;14;-18;14;-17;15;-17;15;-16;16;-16;6;-6;1;-2;-1;0;1;1;0;0;-3;-3;-9;-9;-25;-24;-23;-27;-22;-30;-20;-32;-19;-34;-18;-36;-16;-37;-14;-39;-12;-41;-10;-43;-8;-44;-6;-45;-4;-46;-2;-46;-1;-46;1;-46;3;-46;4;-47;5;-47;6;-48;8;-48;9;-48;11;-49;12;-49;13;-49;14;-50;14;-50;15;-50;66;0;10;9;10;8;11;7;12;6;14;5;15;4;16;3;17;2;18;1;18;0;19;-1;20;-2;21;-3;23;-3;24;-4;25;-3;26;-3;27;-3;28;-3;29;-3;30;-3;31;-2;32;-1;33;0;33;2;33;4;33;6;33;7;12;3;3;1;-2;-1;0;-2;0;-1;-1;3;-2;10;-5;28;-6;28;-8;27;-9;26;-10;26;-11;26;-12;26;-13;26;-13;25;-13;24;-13;23;-13;23;-13;22;-12;21;-12;21;-12;20;-11;18;-10;17;-9;17;-7;16;-6;16;-4;16;-3;15;-2;14;0;13;2;12;4;11;6;11,empty,EXP_S152,ZONE_02,sortie_zone,4.1,sortie_zone,sortie de la zone
1023852485,-57,6,a0:9f:7a:73:2b:3e,384,-110;-96;8;0;10;-31;11;-34;12;-34;12;-34;11;-32;10;-29;8;-25;5;-21;2;-17;-2;-13;-5;-9;-9;-5;-12;-1;-16;2;-19;4;-21;6;-23;7;-24;7;-24;8;-23;7;-22;7;-20;7;-17;7;-14;7;-12;7;-3;1;0;0;0;0;0;0;0;0;0;0;0;0;0;0;0;0;0;0;-7;2;-26;9;-28;8;-29;6;-29;3;-28;1;-25;-1;-20;-2;-15;-2;-8;-1;-2;2;5;5;10;10;14;15;17;20;19;24;19;28;19;30;18;31;16;30;14;27;12;23;10;18;8;11;7;3;6;-5;6;-11;119;0;-14;-7;-14;-7;-14;-7;-14;-7;-13;-6;-13;-6;-12;-5;-11;-5;-10;-5;-10;-5;-10;-4;-10;-4;-10;-3;-9;-3;-9;-3;-8;-3;-8;-3;-8;-3;-8;-3;-8;-3;-8;-3;-7;-3;-7;-3;-6;-3;-6;-3;-6;-3;-6;-4;-6;-4;-3;-2;-1;-1;0;0;0;-1;0;-1;-2;0;-5;1;-12;4;-13;3;-13;3;-13;2;-14;2;-14;1;-14;0;-15;-1;-16;-2;-16;-2;-16;-3;-16;-3;-16;-3;-16;-4;-16;-5;-16;-5;-16;-6;-16;-6;-16;-6;-16;-6;-16;-6;-15;-6;-15;-7;-16;-7;-16;-7;-16;-7;-17;-7;-17;-7;119;0;19;-15;18;-15;17;-15;16;-15;15;-15;14;-16;13;-16;12;-16;11;-15;10;-15;10;-15;9;-15;8;-15;8;-16;7;-16;7;-16;7;-16;7;-16;6;-16;6;-16;6;-15;6;-15;6;-15;6;-15;6;-15;7;-14;7;-14;7;-14;2;-5;0;-2;-1;0;-1;0;-1;0;1;-1;5;-2;14;-4;14;-4;14;-4;14;-4;15;-4;15;-4;16;-4;16;-4;16;-4;16;-4;16;-5;17;-5;17;-5;18;-5;18;-5;18;-5;18;-6;17;-7;17;-8;18;-9;18;-9;19;-10;19;-11;19;-11;19;-12;19;-12;19;-13;19;-14,empty,EXP_S152,ZONE_02,sortie_zone,4.1,sortie_zone,sortie de la zone
1024052356,-55,6,a0:9f:7a:73:2b:3e,384,-110;-96;8;0;-27;24;-29;27;-30;29;-29;30;-27;30;-23;28;-20;26;-16;22;-12;17;-8;11;-5;5;-2;-2;-1;-9;1;-15;1;-21;2;-26;2;-31;2;-33;1;-35;1;-35;0;-33;0;-31;-1;-27;-1;-22;-1;-18;-1;-5;0;0;0;0;0;0;0;0;0;0;0;0;0;0;0;0;0;0;-7;-3;-26;-9;-26;-10;-25;-11;-24;-11;-21;-11;-17;-10;-12;-9;-6;-7;0;-6;7;-4;13;-3;20;-1;25;0;30;1;33;1;35;1;36;0;36;-1;34;-1;31;-2;26;-2;20;0;13;2;5;4;-3;8;-9;10;78;0;4;23;4;23;4;23;5;23;5;22;5;21;5;19;5;18;4;18;4;18;4;18;5;18;5;18;5;17;5;17;4;17;3;17;3;17;2;17;2;17;2;17;2;16;2;15;1;15;0;14;-2;14;-3;15;-3;15;-2;5;-1;1;0;-1;-1;-1;-1;-1;1;0;4;2;11;8;11;9;10;10;10;10;9;11;9;12;8;13;8;15;8;16;8;17;8;17;7;17;7;17;6;18;5;19;5;19;5;20;5;20;5;20;5;20;5;20;4;20;4;21;4;22;5;23;5;23;6;23;6;23;78;0;-19;-7;-19;-7;-18;-6;-18;-5;-17;-4;-18;-3;-18;-3;-18;-3;-18;-3;-18;-4;-17;-3;-16;-2;-16;-2;-17;-1;-18;-1;-18;-2;-18;-3;-17;-3;-17;-4;-16;-3;-16;-3;-16;-3;-16;-4;-16;-4;-16;-5;-15;-6;-14;-7;-13;-7;-5;-3;-2;-1;0;0;0;0;0;0;-2;-1;-4;-1;-11;-1;-11;-2;-11;-2;-12;-3;-12;-3;-13;-4;-13;-5;-12;-5;-12;-5;-12;-5;-13;-6;-13;-6;-14;-7;-14;-7;-13;-8;-13;-8;-13;-7;-13;-7;-14;-6;-15;-6;-16;-7;-16;-7;-16;-8;-16;-7;-16;-7;-17;-6;-18;-5;-19;-5,empty,EXP_S152,ZONE_02,sortie_zone,4.1,sortie_zone,sortie de la zone
1024252270,-53,6,a0:9f:7a:73:2b:3e,384,-110;-96;8;0;-28;16;-31;18;-33;18;-33;18;-32;17;-30;16;-26;14;-22;12;-18;10;-12;8;-7;6;-1;5;5;3;10;2;16;2;20;3;24;4;26;5;27;6;27;7;26;8;24;8;21;8;18;8;15;7;3;1;0;0;0;0;0;0;0;0;0;0;0;0;0;0;0;0;0;0;4;4;15;19;14;20;12;20;11;18;9;16;7;12;5;8;4;3;4;-3;4;-9;5;-15;6;-20;8;-24;10;-28;11;-30;13;-31;13;-31;13;-30;13;-28;11;-25;9;-21;6;-16;1;-11;-3;-5;-8;0;-12;4;108;0;7;14;7;14;7;14;8;14;9;13;9;12;9;11;8;10;8;10;8;10;8;10;9;10;9;9;9;8;9;8;9;8;8;8;8;9;8;9;8;9;8;9;8;8;8;8;7;7;6;8;5;8;5;9;5;9;1;3;0;1;-1;-1;-1;-1;-1;-1;0;0;2;2;7;7;7;7;6;8;6;8;5;8;5;9;5;10;5;11;5;12;5;12;5;12;5;12;5;12;4;12;4;12;4;13;4;13;5;13;6;13;6;12;5;12;5;13;5;14;6;15;6;15;7;15;8;15;9;14;108;0;-24;-1;-23;-1;-22;0;-21;1;-20;2;-20;2;-20;3;-20;3;-20;3;-19;3;-18;3;-18;4;-17;4;-17;5;-17;5;-18;4;-18;4;-17;3;-17;3;-16;2;-15;2;-15;3;-15;3;-15;2;-15;1;-15;0;-14;0;-14;-1;-5;-1;-2;-1;0;-1;0;-1;0;0;-2;0;-5;0;-14;0;-14;0;-15;-1;-15;-1;-16;-2;-16;-3;-16;-3;-16;-4;-16;-4;-16;-4;-17;-4;-18;-4;-18;-4;-18;-5;-18;-5;-17;-5;-17;-5;-17;-4;-18;-4;-19;-3;-20;-3;-21;-3;-21;-3;-21;-3;-21;-2;-22;-1;-22;0;-23;1,empty,EXP_S152,ZONE_02,sortie_zone,4.1,sortie_zone,sortie de la zone
1024452078,-53,6,a0:9f:7a:73:2b:3e,384,-110;-96;8;0;-29;-4;-32;-4;-33;-5;-33;-6;-31;-6;-29;-6;-26;-5;-22;-4;-18;-3;-13;-2;-9;1;-4;4;0;6;3;10;6;13;8;16;9;19;10;21;9;22;8;23;6;22;5;21;3;19;1;16;0;14;0;3;0;0;0;0;0;0;0;0;0;0;0;0;0;0;0;0;0;0;3;4;11;19;10;19;9;19;7;17;6;15;5;12;4;8;5;3;6;-2;7;-7;10;-11;12;-14;15;-17;18;-19;20;-20;21;-21;21;-20;21;-19;20;-18;17;-16;14;-14;10;-11;4;-9;-2;-7;-8;-5;-12;-4;119;0;-4;12;-4;13;-4;13;-3;13;-2;13;-2;12;-1;11;-1;11;-1;10;-1;11;-1;11;-1;11;0;11;0;11;0;10;0;10;0;10;-1;10;-1;10;-1;10;0;10;0;10;0;9;-1;9;-1;9;-2;9;-2;9;-3;9;-1;3;-1;1;0;-1;-1;-1;0;-1;0;0;0;3;-1;8;-1;8;-1;8;-1;8;-2;8;-2;8;-3;9;-4;9;-4;10;-4;10;-4;10;-4;10;-4;10;-5;10;-5;10;-6;10;-5;11;-5;11;-5;11;-4;11;-4;11;-5;11;-5;11;-5;12;-5;13;-4;13;-4;13;-3;13;119;0;-17;-14;-16;-13;-16;-13;-16;-12;-16;-11;-16;-10;-16;-9;-16;-9;-16;-9;-15;-9;-15;-8;-15;-7;-15;-7;-15;-6;-15;-7;-15;-7;-15;-7;-14;-7;-14;-7;-13;-7;-13;-7;-13;-6;-12;-7;-12;-7;-12;-7;-11;-8;-10;-8;-10;-8;-4;-3;-1;-1;0;0;0;0;0;0;-2;-1;-4;-3;-10;-9;-10;-9;-10;-9;-10;-10;-10;-11;-10;-11;-10;-12;-10;-12;-10;-12;-10;-13;-10;-13;-10;-13;-10;-14;-10;-14;-10;-14;-10;-14;-10;-14;-10;-14;-11;-13;-12;-14;-13;-14;-13;-14;-14;-14;-14;-14;-14;-14;-15;-13;-16;-13;-17;-13,empty,EXP_S152,ZONE_02,sortie_zone,4.1,sortie_zone,sortie de la zone
1024652243,-53,6,a0:9f:7a:73:2b:3e,384,-110;-96;8;0;-31;-6;-34;-7;-35;-7;-34;-8;-33;-8;-30;-7;-27;-7;-23;-6;-18;-4;-14;-2;-9;1;-4;4;1;7;5;10;8;13;10;17;11;20;12;22;11;23;10;24;8;24;7;22;5;20;3;17;2;15;0;3;0;0;0;0;0;0;0;0;0;0;0;0;0;0;0;0;0;0;1;5;5;22;4;22;2;21;1;19;1;16;1;12;2;8;3;4;6;-1;8;-6;11;-10;15;-13;18;-15;21;-17;24;-18;25;-18;26;-17;25;-16;23;-15;20;-13;16;-12;11;-10;5;-8;-1;-7;-8;-6;-13;-6;117;0;-11;10;-11;10;-10;11;-10;11;-9;11;-8;11;-7;11;-7;10;-7;10;-6;10;-6;10;-6;11;-6;11;-5;11;-5;10;-5;10;-5;10;-6;10;-6;10;-6;10;-5;10;-5;9;-5;9;-5;9;-6;8;-6;8;-7;8;-7;8;-3;2;-1;0;0;-1;0;-1;0;-1;-1;0;-2;2;-6;7;-6;7;-6;7;-7;6;-7;6;-8;6;-8;6;-9;7;-9;7;-10;7;-10;7;-10;7;-10;6;-10;6;-11;6;-11;6;-11;7;-11;7;-11;7;-10;8;-10;8;-11;8;-11;8;-11;9;-11;9;-11;10;-11;11;-11;11;117;0;-9;-21;-9;-20;-9;-19;-10;-18;-10;-17;-11;-17;-11;-16;-11;-16;-11;-15;-11;-15;-11;-14;-11;-14;-11;-13;-12;-13;-12;-13;-12;-13;-11;-13;-11;-13;-10;-13;-10;-12;-10;-12;-9;-11;-9;-11;-9;-12;-8;-12;-8;-12;-7;-12;-7;-12;-3;-5;-1;-2;0;0;0;0;0;0;-1;-2;-2;-5;-5;-13;-4;-13;-4;-14;-4;-14;-3;-14;-3;-15;-3;-15;-2;-15;-2;-16;-2;-16;-2;-17;-2;-17;-2;-17;-1;-17;-1;-17;-2;-17;-2;-17;-3;-17;-4;-18;-4;-18;-5;-19;-5;-19;-6;-19;-6;-19;-7;-19;-7;-20;-8;-20;-9;-20,empty,EXP_S152,ZONE_02,sortie_zone,4.1,sortie_zone,sortie de la zone
1024851548,-54,6,a0:9f:7a:73:2b:3e,384,-110;-96;8;0;-12;31;-13;33;-14;33;-14;32;-13;30;-12;27;-10;23;-8;18;-5;14;-2;9;2;5;6;2;10;-2;15;-4;19;-6;22;-7;25;-7;27;-6;27;-5;26;-4;24;-2;22;-1;19;0;15;0;13;0;3;0;0;0;0;0;0;0;0;0;0;0;0;0;0;0;0;0;0;0;5;-2;22;-7;21;-5;20;-4;18;-3;15;-2;11;-2;6;-3;2;-5;-3;-7;-7;-10;-11;-14;-13;-18;-15;-21;-16;-24;-16;-26;-16;-28;-15;-28;-14;-27;-12;-24;-11;-20;-10;-16;-8;-10;-7;-4;-6;3;-7;10;-7;15;111;0;10;10;10;10;11;10;11;9;11;9;10;8;10;7;9;7;9;7;9;7;9;7;10;6;10;6;10;6;9;5;9;5;9;6;9;6;9;6;9;6;8;6;8;6;8;5;7;6;7;6;6;6;6;7;6;7;2;2;0;0;-1;-1;-1;-1;-1;-1;0;0;3;1;8;3;8;3;8;3;8;4;8;4;8;5;8;6;8;6;8;7;9;7;9;7;8;7;8;8;8;8;8;9;8;9;8;9;9;9;9;9;9;9;9;9;9;9;9;10;9;10;10;10;11;10;11;10;11;10;111;0;-18;12;-18;12;-17;12;-16;12;-16;12;-15;13;-15;13;-14;13;-14;13;-13;13;-13;12;-12;13;-12;13;-12;13;-12;13;-12;13;-12;12;-12;11;-12;11;-12;11;-12;10;-12;10;-12;10;-12;9;-12;9;-12;8;-12;7;-12;6;-5;2;-2;0;0;-1;0;-1;0;-1;-1;0;-4;2;-10;8;-11;7;-11;7;-12;7;-13;7;-13;6;-14;6;-14;6;-14;6;-15;6;-15;6;-16;6;-16;6;-16;6;-16;6;-16;6;-16;6;-16;7;-16;7;-17;8;-17;8;-17;9;-18;9;-18;10;-18;10;-18;11;-18;12;-18;12,empty,EXP_S152,ZONE_02,sortie_zone,4.1,sortie_zone,sortie de la zone
1025052330,-52,6,a0:9f:7a:73:2b:3e,384,-110;-96;8;0;-23;26;-25;27;-26;27;-25;26;-24;24;-22;21;-18;18;-14;15;-10;11;-5;8;1;5;6;2;11;0;16;-2;20;-2;24;-2;27;-2;28;-1;28;1;27;2;25;3;22;3;19;3;15;3;12;2;2;0;0;0;0;0;0;0;0;0;0;0;0;0;0;0;0;0;0;0;5;2;21;9;20;10;18;10;16;9;13;8;9;5;6;2;3;-3;1;-8;-1;-13;-2;-18;-3;-23;-3;-27;-2;-30;-1;-32;-1;-32;0;-32;0;-30;1;-27;0;-23;-1;-18;-2;-12;-4;-5;-7;1;-10;8;-13;13;118;0;13;29;13;29;13;28;14;27;14;26;14;25;14;24;14;23;14;22;14;22;14;21;15;21;15;20;15;19;15;19;14;19;14;19;13;19;13;19;13;19;13;18;12;18;11;18;11;18;10;18;9;19;8;19;7;19;2;7;0;2;-1;-1;-1;-1;-1;-1;1;1;4;4;12;13;12;14;11;15;11;16;10;17;10;18;10;19;10;20;9;21;9;22;9;22;9;23;8;23;8;24;7;24;7;25;8;25;8;26;8;26;9;26;9;26;9;27;10;28;11;28;12;29;12;29;13;29;13;29;118;0;-43;11;-42;11;-41;12;-40;13;-38;14;-37;15;-36;15;-35;16;-34;16;-33;16;-32;16;-31;17;-31;17;-31;18;-31;18;-31;17;-31;17;-31;16;-30;15;-29;15;-29;14;-28;14;-28;13;-28;12;-28;11;-28;10;-27;8;-27;7;-10;2;-3;0;0;-1;1;-1;0;-1;-3;0;-10;2;-27;6;-27;5;-28;4;-29;3;-29;2;-30;2;-31;1;-31;1;-32;1;-33;0;-34;0;-35;0;-35;-1;-35;-1;-35;-1;-35;-1;-35;-1;-35;0;-36;2;-37;3;-38;3;-39;4;-40;5;-40;6;-41;8;-42;9;-42;10;-43;11,empty,EXP_S152,ZONE_02,sortie_zone,4.1,sortie_zone,sortie de la zone
1025252273,-52,6,a0:9f:7a:73:2b:3e,384,-110;-96;8;0;-27;19;-28;20;-28;20;-27;19;-25;18;-22;16;-18;13;-14;11;-9;8;-4;5;1;2;6;0;11;-2;15;-4;20;-5;23;-6;25;-5;26;-5;26;-4;26;-3;24;-3;21;-2;18;-1;14;-1;11;-1;2;-1;0;0;0;0;0;0;0;0;0;0;0;0;0;0;0;0;0;0;1;5;4;21;3;20;2;19;1;17;1;13;0;9;1;5;2;-1;3;-6;5;-11;7;-15;10;-19;12;-22;14;-24;15;-25;16;-25;16;-25;15;-23;13;-20;10;-17;7;-13;4;-9;-1;-3;-6;2;-11;7;-14;10;114;0;7;31;8;31;8;31;9;30;10;29;10;27;10;25;10;24;9;24;10;24;10;24;11;23;12;22;12;21;11;20;10;20;10;20;10;21;10;21;10;21;10;20;10;19;8;19;7;19;6;19;5;20;4;20;4;21;1;7;0;2;-1;-1;-1;-1;-1;-1;1;1;3;5;10;16;10;16;9;17;8;17;7;18;6;19;6;20;6;22;6;23;6;24;6;24;5;24;4;24;3;24;2;26;3;27;4;27;5;27;5;27;5;27;5;27;5;28;5;29;6;30;7;31;8;32;9;31;9;30;114;0;-39;6;-38;6;-36;7;-35;9;-34;10;-33;12;-33;12;-33;12;-32;12;-31;12;-29;12;-28;13;-28;14;-28;15;-29;15;-29;14;-29;13;-29;12;-28;12;-27;12;-26;12;-26;12;-26;11;-27;10;-26;8;-26;7;-25;5;-25;5;-9;1;-3;0;0;-1;1;-1;0;-1;-3;0;-9;0;-24;2;-24;2;-25;1;-25;0;-26;-1;-27;-2;-27;-3;-27;-3;-28;-3;-29;-3;-30;-3;-30;-3;-31;-4;-31;-5;-30;-6;-30;-5;-30;-4;-30;-3;-31;-1;-33;0;-34;0;-35;0;-35;1;-35;2;-36;4;-36;5;-37;7;-38;7,empty,EXP_S152,ZONE_02,sortie_zone,4.1,sortie_zone,sortie de la zone
1025454054,-53,6,a0:9f:7a:73:2b:3e,384,-110;-96;8;0;30;-20;32;-21;32;-20;30;-19;28;-17;24;-15;20;-13;14;-11;9;-9;3;-7;-3;-5;-9;-4;-14;-3;-19;-3;-23;-3;-27;-3;-29;-5;-30;-6;-29;-7;-28;-7;-25;-7;-22;-7;-18;-6;-15;-5;-12;-3;-3;-1;0;0;0;0;0;0;0;0;0;0;0;0;0;0;0;0;0;0;-4;-5;-16;-20;-14;-20;-12;-19;-10;-17;-8;-13;-6;-9;-5;-4;-4;2;-4;8;-5;14;-6;19;-7;23;-9;26;-11;29;-13;30;-13;29;-13;28;-13;26;-11;23;-9;19;-6;14;-2;9;2;3;8;-3;13;-8;17;-12;114;0;0;-18;0;-17;0;-17;-1;-17;-1;-16;-2;-15;-2;-15;-2;-14;-2;-14;-2;-14;-3;-14;-3;-14;-3;-13;-3;-13;-3;-13;-3;-13;-3;-13;-3;-12;-3;-12;-3;-12;-3;-12;-3;-11;-3;-11;-2;-11;-2;-11;-2;-11;-1;-11;-1;-11;-1;-4;0;-2;0;0;0;0;0;0;-1;-2;-1;-4;-2;-11;-2;-11;-1;-11;-1;-11;0;-11;0;-12;0;-12;0;-13;1;-13;1;-14;1;-14;2;-14;2;-14;2;-14;3;-14;3;-14;2;-14;2;-15;2;-15;2;-15;2;-15;2;-16;2;-16;2;-17;1;-17;1;-17;1;-17;0;-17;114;0;21;0;21;-1;21;-1;20;-2;20;-2;19;-3;19;-3;18;-4;18;-4;17;-4;17;-5;17;-5;16;-6;16;-6;16;-6;16;-6;16;-6;16;-6;16;-5;16;-5;15;-5;15;-5;15;-4;15;-4;14;-3;14;-3;14;-2;14;-2;5;-1;1;0;-1;0;-1;-1;-1;-1;1;0;4;0;13;2;13;3;13;3;13;4;13;4;14;5;14;5;14;5;14;5;15;5;15;6;15;6;15;6;15;7;15;6;15;6;16;6;16;5;16;5;17;5;18;4;18;4;19;3;19;3;20;2;20;1;21;1;21;1,transition,EXP_S152,ZONE_02,sortie_zone,4.1,sortie_zone,sortie de la zone
1025652666,-53,6,a0:9f:7a:73:2b:3e,384,-110;-96;8;0;-30;18;-32;18;-31;18;-30;17;-28;16;-24;14;-20;12;-15;10;-10;7;-4;5;1;3;7;1;12;-1;17;-2;21;-3;24;-3;27;-3;28;-3;28;-2;27;-1;25;-1;22;0;18;0;14;0;11;0;2;0;0;0;0;0;0;0;0;0;0;0;0;0;0;0;0;0;0;0;0;5;2;22;1;22;0;20;-1;17;-1;14;-1;10;0;5;2;-1;4;-6;6;-11;9;-15;12;-19;14;-22;17;-24;18;-25;19;-25;18;-24;17;-22;15;-20;12;-16;9;-13;4;-8;-1;-3;-7;1;-12;6;-17;9;115;0;-10;32;-10;31;-9;31;-9;30;-8;30;-7;29;-7;28;-6;27;-6;27;-5;27;-4;27;-4;26;-3;26;-3;25;-3;25;-3;24;-4;24;-4;24;-5;23;-5;23;-5;22;-5;22;-5;21;-5;20;-6;20;-7;20;-8;20;-9;19;-4;7;-2;2;0;-1;-1;-2;-1;-1;0;2;1;6;3;19;2;20;0;20;-1;21;-2;21;-3;22;-4;23;-5;24;-6;24;-7;25;-8;25;-8;25;-9;25;-9;25;-10;25;-10;26;-10;26;-10;27;-10;27;-10;28;-11;28;-11;28;-11;29;-11;30;-11;31;-10;32;-10;32;-10;33;115;0;-38;-14;-38;-13;-38;-12;-37;-11;-37;-10;-36;-9;-36;-8;-35;-7;-34;-6;-34;-5;-33;-5;-33;-4;-33;-3;-33;-3;-33;-4;-33;-4;-33;-5;-33;-5;-32;-6;-31;-6;-30;-6;-29;-6;-29;-7;-28;-7;-28;-8;-27;-10;-26;-11;-25;-12;-9;-5;-3;-2;0;0;1;0;0;0;-3;-1;-9;-3;-24;-9;-24;-10;-23;-11;-23;-12;-23;-13;-24;-14;-24;-14;-25;-15;-25;-16;-25;-16;-26;-17;-26;-18;-26;-18;-26;-18;-26;-18;-26;-19;-26;-18;-27;-18;-28;-18;-29;-17;-30;-17;-32;-16;-33;-16;-33;-15;-34;-14;-36;-14;-37;-14;-39;-14,transition,EXP_S152,ZONE_02,sortie_zone,4.1,sortie_zone,sortie de la zone
1025853250,-56,6,a0:9f:7a:73:2b:3e,384,-110;-96;8;0;-3;-28;-3;-30;-3;-30;-4;-30;-5;-28;-6;-26;-6;-23;-6;-20;-4;-18;-2;-16;1;-15;4;-15;6;-16;8;-18;9;-20;9;-22;9;-24;7;-25;5;-25;3;-24;0;-21;-1;-18;-2;-14;-1;-10;0;-7;0;-2;0;0;0;0;0;0;0;0;0;0;0;0;0;0;0;0;0;0;-5;-1;-20;-1;-23;-1;-26;0;-29;1;-30;2;-30;4;-29;4;-26;4;-23;2;-20;0;-18;-3;-16;-7;-14;-12;-14;-16;-15;-20;-17;-23;-19;-25;-21;-25;-23;-25;-23;-24;-23;-22;-22;-20;-20;-19;-17;-18;-13;-19;-10;-20;37;0;-20;-51;-19;-50;-17;-49;-16;-48;-15;-46;-14;-44;-13;-43;-12;-41;-12;-40;-12;-38;-12;-37;-12;-36;-11;-36;-11;-35;-10;-35;-9;-35;-8;-35;-7;-35;-7;-34;-6;-34;-5;-32;-4;-31;-4;-31;-3;-30;-1;-30;0;-30;2;-30;3;-30;1;-11;0;-4;0;0;2;0;1;0;-4;0;-12;-1;-34;-2;-34;-4;-35;-7;-36;-10;-36;-13;-36;-15;-36;-18;-36;-21;-36;-24;-35;-27;-35;-30;-34;-32;-33;-33;-32;-34;-31;-36;-30;-37;-29;-39;-28;-40;-27;-41;-27;-42;-26;-43;-25;-44;-25;-45;-24;-47;-24;-48;-24;-49;-24;-50;-24;-51;37;0;12;7;11;6;10;5;9;3;9;2;9;0;9;-1;9;-1;9;-2;8;-3;8;-4;8;-5;8;-7;9;-8;9;-9;10;-9;11;-10;11;-10;11;-11;12;-12;13;-12;14;-12;15;-12;16;-11;17;-10;18;-9;19;-8;19;-7;7;-3;2;-1;-1;0;-1;-2;-1;-1;1;2;3;6;8;17;7;17;6;16;5;16;5;16;5;16;5;16;4;16;3;16;3;15;3;15;3;14;4;14;5;14;5;14;5;14;4;13;4;12;5;11;7;11;8;11;9;12;9;12;8;12;8;10;9;9;9;8;10;7,transition,EXP_S152,ZONE_02,sortie_zone,4.1,sortie_zone,sortie de la zone
1026053831,-57,6,a0:9f:7a:73:2b:3e,384,-110;-96;8;0;32;22;33;21;33;19;31;15;28;11;23;7;17;4;10;3;3;3;-3;5;-8;8;-12;13;-14;18;-15;23;-14;27;-12;30;-8;32;-4;31;1;29;4;26;7;21;9;15;9;9;8;3;7;-2;1;-1;0;0;0;0;0;0;0;0;0;0;0;0;0;0;0;0;0;0;-4;-4;-13;-16;-14;-19;-14;-23;-15;-25;-15;-27;-14;-27;-12;-27;-10;-27;-6;-26;-2;-25;3;-24;8;-23;13;-22;17;-22;19;-22;22;-22;23;-22;23;-21;22;-19;21;-17;20;-13;19;-8;19;-2;20;4;22;10;24;14;63;0;26;6;26;6;25;6;24;6;22;6;21;6;20;6;19;6;18;6;17;6;17;6;16;5;16;5;15;5;14;5;13;6;13;6;13;6;13;6;12;5;12;5;11;5;10;5;10;6;10;6;10;7;10;7;9;7;3;2;1;0;-1;-1;-1;1;-1;0;0;-2;3;-6;11;-17;12;-16;14;-16;15;-15;16;-14;18;-14;19;-13;20;-12;21;-11;22;-10;23;-9;24;-8;24;-7;25;-6;25;-5;25;-4;26;-3;26;-2;26;-1;26;-1;26;0;27;1;27;1;27;2;27;2;28;3;28;3;27;4;63;0;-1;13;0;12;1;12;1;12;2;13;2;13;3;14;2;14;3;13;3;13;4;13;5;13;6;13;6;14;6;15;6;15;6;15;6;16;6;16;6;16;6;17;5;17;5;18;4;18;3;18;2;19;1;19;0;19;0;7;-1;2;-1;-1;0;0;0;0;-2;-1;-4;-2;-9;-3;-8;-4;-7;-4;-7;-4;-6;-3;-6;-3;-6;-3;-6;-3;-5;-3;-5;-3;-4;-2;-4;-1;-4;0;-4;0;-4;1;-4;1;-3;1;-2;2;-2;3;-2;5;-2;6;-2;6;-2;7;-1;7;-1;8;0;9;0;10;0;11,transition,EXP_S152,ZONE_02,sortie_zone,4.1,sortie_zone,sortie de la zone
1026258054,-56,6,a0:9f:7a:73:2b:3e,384,-110;-96;8;0;-44;7;-41;8;-36;8;-30;8;-22;8;-15;7;-7;5;0;3;7;-1;13;-4;17;-8;20;-11;22;-14;23;-17;22;-20;20;-21;18;-22;15;-22;10;-21;6;-20;2;-17;-2;-14;-6;-11;-9;-7;-12;-4;-3;-1;0;0;0;0;0;0;0;0;0;0;0;0;0;0;0;0;0;0;-8;-3;-30;-12;-28;-13;-25;-15;-20;-15;-13;-14;-6;-13;1;-11;9;-8;17;-5;24;-2;30;0;36;3;39;5;41;7;41;8;38;9;35;8;29;7;22;6;14;5;5;4;-4;3;-14;3;-23;3;-32;4;-37;4;86;0;-22;7;-21;7;-21;6;-19;6;-18;5;-17;5;-16;4;-15;4;-15;4;-14;4;-13;4;-12;4;-12;4;-11;4;-11;3;-10;3;-10;3;-10;3;-9;4;-9;3;-8;3;-8;3;-7;3;-8;3;-8;3;-8;4;-8;4;-8;4;-3;1;-1;0;0;-1;0;-2;0;-1;-1;2;-4;6;-10;18;-11;18;-12;17;-14;17;-15;16;-16;16;-17;15;-18;15;-19;15;-19;15;-20;14;-20;14;-20;13;-21;13;-21;12;-22;12;-22;11;-22;11;-22;10;-22;10;-22;9;-23;9;-23;9;-23;9;-22;9;-22;9;-22;9;-22;9;86;0;-20;-10;-20;-9;-20;-8;-20;-7;-20;-6;-19;-5;-19;-4;-19;-3;-18;-2;-18;-1;-18;0;-18;1;-18;2;-19;2;-19;3;-19;3;-18;3;-18;3;-19;3;-19;4;-19;3;-19;3;-19;3;-19;3;-19;2;-19;1;-19;1;-19;0;-7;0;-3;-1;0;-1;0;0;0;0;-1;-1;-2;-3;-6;-8;-6;-8;-7;-9;-7;-9;-7;-10;-7;-10;-8;-11;-8;-11;-8;-11;-9;-11;-10;-12;-10;-12;-10;-13;-11;-13;-11;-13;-11;-13;-12;-13;-13;-13;-14;-13;-15;-13;-15;-13;-16;-13;-17;-13;-17;-12;-18;-11;-19;-11;-20;-11;-21;-11,transition,EXP_S152,ZONE_02,sortie_zone,4.1,sortie_zone,sortie de la zone
1026455737,-53,6,a0:9f:7a:73:2b:3e,384,-110;-96;8;0;-1;28;0;31;0;31;1;31;2;29;3;26;4;23;6;19;7;14;8;10;9;5;10;1;11;-3;12;-7;12;-11;12;-14;12;-16;12;-18;11;-20;10;-21;9;-21;8;-21;6;-20;4;-19;3;-18;0;-5;0;0;0;0;0;0;0;0;0;0;0;0;0;0;0;0;0;0;5;-2;22;-7;24;-4;24;-1;24;2;21;5;17;6;12;7;7;7;1;5;-5;2;-11;-2;-15;-7;-19;-12;-21;-17;-22;-21;-22;-24;-21;-26;-20;-26;-18;-25;-16;-23;-13;-19;-11;-14;-8;-8;-6;-1;-4;6;-3;12;121;0;24;9;24;9;23;9;22;8;21;6;20;5;18;4;16;3;15;3;14;2;14;2;13;1;13;0;12;-1;11;-2;11;-2;10;-1;10;-1;10;-1;10;-2;10;-2;9;-3;8;-3;8;-3;8;-2;8;-2;9;-1;9;-1;3;-1;1;0;-1;0;-2;0;-1;0;2;-2;9;-4;27;-8;28;-7;29;-5;29;-3;30;-2;30;0;30;1;31;3;32;4;32;5;33;6;32;7;32;8;31;9;31;10;31;11;31;11;30;12;30;11;29;11;29;11;28;11;28;12;29;12;29;11;29;11;28;10;28;10;121;0;-32;28;-31;28;-30;28;-28;28;-26;29;-25;29;-23;30;-22;30;-21;29;-19;29;-18;29;-17;29;-15;30;-14;31;-14;32;-13;32;-13;32;-13;32;-13;32;-13;31;-13;31;-13;31;-13;30;-13;30;-14;30;-16;30;-17;29;-18;28;-7;10;-3;2;0;-1;0;-1;0;-1;-2;0;-6;1;-16;5;-16;5;-16;6;-17;6;-18;6;-19;7;-20;6;-21;7;-22;7;-22;8;-23;9;-24;9;-25;9;-26;9;-27;9;-27;10;-27;10;-27;12;-27;14;-28;15;-29;17;-30;19;-31;20;-31;21;-31;22;-31;24;-32;25;-33;27,transition,EXP_S152,ZONE_02,sortie_zone,4.1,sortie_zone,sortie de la zone
1026652264,-54,6,a0:9f:7a:73:2b:3e,384,-110;-96;8;0;-31;-23;-30;-22;-27;-20;-23;-17;-19;-12;-16;-7;-12;-2;-10;4;-7;9;-5;13;-3;17;-2;21;0;24;1;26;1;26;2;26;2;25;3;23;4;21;6;18;7;15;8;12;10;9;12;6;13;4;3;0;0;0;0;0;0;0;0;0;0;0;0;0;0;0;0;0;0;0;-1;5;-2;22;-4;21;-6;19;-8;16;-8;11;-7;6;-4;1;0;-4;5;-9;11;-12;16;-14;22;-14;26;-14;29;-12;30;-10;30;-8;28;-6;25;-4;19;-3;13;-3;6;-3;-2;-5;-9;-7;-16;-10;-22;-14;-26;-17;119;0;-32;-1;-32;-1;-30;0;-28;0;-26;0;-23;-1;-21;-2;-21;-3;-20;-4;-20;-3;-19;-2;-18;-1;-16;-1;-14;-2;-14;-3;-14;-4;-15;-4;-16;-3;-15;-2;-13;-2;-11;-1;-10;-2;-10;-3;-10;-4;-11;-4;-11;-4;-12;-3;-12;-3;-5;-1;-2;-1;0;0;0;-2;0;-1;-1;2;-3;8;-9;24;-10;23;-12;23;-14;22;-16;22;-18;21;-20;20;-22;20;-24;20;-25;20;-26;19;-26;17;-27;16;-28;14;-30;13;-30;13;-31;13;-30;12;-30;11;-30;9;-31;7;-32;6;-33;5;-34;6;-34;6;-33;6;-32;6;-31;5;119;0;-31;-32;-31;-31;-32;-29;-33;-27;-34;-26;-34;-25;-33;-24;-33;-23;-33;-22;-33;-20;-34;-18;-35;-16;-36;-15;-36;-15;-36;-16;-36;-16;-36;-16;-35;-16;-35;-16;-35;-16;-35;-16;-35;-17;-34;-17;-33;-18;-32;-18;-31;-19;-30;-21;-29;-22;-11;-8;-3;-3;0;0;0;0;0;0;-1;-2;-4;-5;-10;-14;-10;-15;-11;-16;-11;-17;-11;-19;-11;-20;-11;-20;-12;-21;-13;-21;-14;-22;-15;-24;-16;-25;-16;-27;-15;-27;-15;-27;-15;-27;-16;-27;-18;-27;-19;-28;-21;-29;-22;-30;-22;-31;-23;-30;-25;-30;-27;-30;-30;-30;-32;-32;-33;-33,transition,EXP_S152,ZONE_02,sortie_zone,4.1,sortie_zone,sortie de la zone
1026852320,-54,6,a0:9f:7a:73:2b:3e,384,-110;-96;8;0;-7;-34;-7;-33;-6;-31;-6;-28;-6;-25;-7;-21;-9;-18;-11;-14;-13;-11;-15;-8;-17;-5;-19;-3;-20;-1;-21;0;-22;2;-22;3;-23;4;-23;4;-22;5;-22;5;-20;6;-19;7;-18;7;-16;8;-15;8;-4;2;0;0;0;0;0;0;0;0;0;0;0;0;0;0;0;0;0;0;3;4;14;18;11;19;7;20;3;19;0;16;-2;11;-2;6;-1;0;2;-5;7;-10;12;-13;17;-15;22;-15;26;-13;29;-10;30;-8;29;-5;27;-3;23;-2;18;-2;13;-4;8;-7;2;-11;-2;-16;-5;-21;-7;-25;-128;0;-10;-4;-10;-4;-10;-3;-9;-3;-8;-2;-7;-2;-6;-2;-5;-2;-5;-3;-5;-3;-5;-2;-4;-1;-4;0;-3;0;-2;0;-2;-1;-3;-1;-3;-1;-4;-1;-4;0;-3;1;-3;1;-2;1;-2;0;-3;-1;-3;-1;-4;-1;-4;0;-2;0;-1;0;0;0;0;-1;0;-1;-1;1;-3;3;-9;9;-9;8;-10;8;-10;7;-11;7;-12;6;-13;5;-13;5;-14;5;-14;4;-14;4;-14;3;-14;2;-14;1;-14;0;-15;0;-15;0;-14;0;-14;0;-13;0;-13;-1;-13;-2;-13;-3;-14;-3;-14;-2;-13;-2;-12;-2;-11;-2;-128;0;-3;-24;-3;-24;-4;-23;-4;-23;-5;-22;-6;-22;-6;-21;-6;-21;-7;-20;-7;-19;-8;-18;-8;-18;-9;-18;-9;-18;-9;-18;-9;-18;-9;-18;-9;-18;-9;-18;-9;-18;-8;-18;-8;-18;-8;-18;-7;-18;-6;-18;-6;-18;-5;-18;-4;-18;-2;-7;-1;-2;0;0;-1;0;-1;0;0;-1;0;-4;0;-9;0;-9;0;-10;0;-11;1;-11;1;-12;1;-12;1;-12;1;-13;1;-14;1;-14;1;-15;1;-16;2;-16;2;-16;2;-16;2;-17;1;-17;0;-18;0;-19;0;-20;0;-21;-1;-21;-1;-21;-2;-22;-3;-23;-3;-24;-3;-25,transition,EXP_S152,ZONE_02,sortie_zone,4.1,sortie_zone,sortie de la zone
1027052302,-54,6,a0:9f:7a:73:2b:3e,384,-110;-96;8;0;33;-35;32;-32;28;-28;23;-24;17;-20;9;-17;2;-14;-6;-12;-13;-11;-20;-10;-25;-10;-30;-11;-33;-11;-35;-11;-35;-11;-35;-11;-33;-10;-30;-8;-27;-5;-24;-2;-21;2;-18;6;-16;10;-14;14;-13;17;-4;4;0;0;0;0;0;0;0;0;0;0;0;0;0;0;0;0;0;0;-7;2;-26;8;-26;5;-25;1;-23;-2;-18;-5;-12;-5;-5;-4;3;-1;9;3;15;9;19;15;21;22;21;28;19;32;17;35;13;35;10;33;8;29;6;23;5;15;6;6;7;-3;10;-12;14;-20;19;-27;23;-32;119;0;5;-18;5;-18;5;-17;5;-16;5;-15;5;-14;6;-13;6;-12;6;-12;6;-12;5;-11;5;-10;5;-10;5;-9;6;-8;6;-8;6;-8;6;-8;6;-8;5;-7;5;-6;5;-5;6;-5;6;-5;6;-5;6;-5;6;-5;6;-5;2;-2;0;-1;-1;0;0;0;0;0;-2;-1;-6;-2;-15;-4;-15;-5;-15;-6;-14;-7;-14;-9;-14;-10;-13;-11;-13;-12;-13;-13;-12;-14;-11;-15;-10;-16;-9;-17;-8;-17;-7;-18;-6;-18;-6;-19;-5;-19;-4;-19;-3;-19;-2;-19;-1;-19;-1;-20;0;-20;0;-20;1;-20;1;-20;2;-19;119;0;23;-16;22;-17;22;-17;21;-17;20;-18;19;-18;19;-18;18;-18;17;-18;16;-18;15;-19;14;-20;14;-20;14;-21;14;-21;15;-21;15;-21;15;-21;15;-21;16;-21;16;-20;16;-20;17;-19;17;-19;18;-18;18;-17;19;-16;20;-15;7;-5;2;-2;-1;0;-1;0;-1;0;0;-1;3;-2;8;-4;8;-5;9;-5;9;-5;10;-5;11;-5;11;-6;12;-6;13;-6;13;-7;14;-7;15;-8;16;-8;17;-8;17;-8;17;-8;17;-9;18;-9;19;-10;20;-11;20;-11;21;-12;21;-12;21;-13;22;-15;22;-16;23;-17;23;-17,transition,EXP_S152,ZONE_02,sortie_zone,4.1,sortie_zone,sortie de la zone
1027254679,-54,6,a0:9f:7a:73:2b:3e,384,-110;-96;8;0;-30;3;-30;2;-29;3;-27;4;-26;5;-24;7;-23;8;-22;10;-22;12;-22;13;-22;13;-22;14;-22;13;-21;13;-20;13;-18;13;-16;13;-15;13;-13;15;-12;16;-12;17;-12;18;-12;19;-14;20;-15;19;-4;4;0;0;0;0;0;0;0;0;0;0;0;0;0;0;0;0;0;0;-4;-4;-15;-15;-13;-18;-9;-20;-5;-21;-2;-20;1;-17;2;-14;1;-9;-2;-5;-6;-2;-11;-1;-16;-2;-20;-4;-23;-7;-25;-11;-25;-14;-24;-16;-23;-17;-21;-17;-20;-16;-18;-14;-18;-10;-19;-7;-20;-4;-23;-1;-25;1;-111;0;-3;6;-3;6;-3;5;-2;4;-2;2;-1;1;-1;-1;-1;-3;-1;-4;-1;-4;-1;-4;-1;-5;0;-5;1;-6;1;-7;1;-7;1;-7;1;-7;1;-6;2;-6;3;-6;3;-6;4;-7;3;-7;3;-7;3;-6;3;-6;4;-5;1;-2;0;-1;-1;0;-2;-1;-1;-1;2;0;7;1;20;4;20;5;20;7;19;9;19;10;18;12;17;13;16;14;15;16;15;17;14;17;13;17;12;17;10;17;9;18;8;18;7;18;7;17;6;17;4;15;3;14;2;14;1;13;1;13;1;12;1;11;1;11;0;10;-111;0;-54;-12;-53;-11;-52;-11;-52;-10;-51;-9;-50;-8;-48;-7;-47;-6;-46;-4;-45;-4;-45;-3;-45;-3;-46;-2;-46;-2;-46;-1;-46;-2;-46;-2;-46;-3;-46;-5;-45;-5;-44;-6;-42;-6;-42;-7;-41;-8;-41;-10;-40;-12;-40;-14;-39;-16;-14;-6;-4;-3;1;0;1;0;0;0;-2;-1;-7;-2;-19;-5;-19;-5;-20;-5;-20;-5;-22;-6;-23;-6;-24;-7;-25;-8;-26;-9;-27;-9;-28;-9;-29;-10;-30;-11;-31;-12;-32;-12;-33;-13;-34;-12;-35;-12;-37;-12;-39;-11;-41;-11;-43;-11;-44;-11;-46;-11;-47;-11;-49;-11;-51;-12;-53;-12,transition,EXP_S152,ZONE_02,sortie_zone,4.1,sortie_zone,sortie de la zone
1027455136,-52,6,a0:9f:7a:73:2b:3e,384,-110;-96;8;0;-46;4;-41;2;-34;1;-28;3;-22;7;-17;11;-14;17;-12;22;-11;27;-12;31;-14;34;-16;35;-19;35;-20;34;-21;31;-20;28;-19;25;-16;22;-13;21;-9;20;-6;20;-3;21;0;22;1;24;1;26;0;6;0;0;0;0;0;0;0;0;0;0;0;0;0;0;0;0;0;0;-2;-6;-5;-22;-3;-21;-1;-19;0;-16;-1;-12;-4;-9;-8;-6;-13;-5;-19;-6;-23;-7;-27;-11;-29;-15;-29;-19;-28;-22;-25;-24;-22;-23;-18;-21;-16;-17;-15;-11;-16;-5;-19;2;-23;8;-29;12;-35;15;-41;15;-45;14;-121;0;-15;3;-14;3;-14;2;-14;1;-13;0;-12;-1;-12;-2;-12;-2;-12;-2;-12;-2;-11;-2;-10;-2;-9;-3;-9;-4;-9;-4;-9;-5;-9;-5;-9;-4;-8;-4;-7;-4;-6;-4;-6;-4;-6;-5;-6;-5;-6;-5;-5;-5;-5;-4;-5;-4;-2;-2;-1;-1;0;0;-1;-1;-1;-1;0;0;2;2;6;5;5;6;5;6;4;7;3;7;2;8;1;9;1;9;0;10;0;10;-1;10;-2;10;-3;10;-4;10;-5;10;-6;10;-6;10;-7;9;-7;9;-8;8;-9;8;-10;8;-11;8;-11;8;-12;7;-12;6;-12;6;-12;5;-121;0;-33;8;-33;9;-32;9;-32;9;-31;10;-31;9;-30;9;-30;9;-29;10;-28;10;-28;11;-27;11;-27;11;-28;11;-28;10;-28;10;-28;9;-28;8;-28;7;-28;7;-28;6;-27;5;-27;4;-26;3;-26;2;-26;0;-26;-1;-26;-3;-10;-1;-3;-1;0;-1;0;-1;0;-1;-2;0;-4;2;-12;5;-12;5;-13;5;-14;5;-14;5;-15;4;-16;4;-17;4;-18;5;-19;5;-20;5;-21;4;-21;4;-22;4;-22;4;-22;4;-23;4;-24;5;-25;5;-26;5;-26;6;-27;6;-28;7;-29;8;-30;9;-31;9;-32;10;-33;10,transition,EXP_S152,ZONE_02,sortie_zone,4.1,sortie_zone,sortie de la zone
1027652379,-54,6,a0:9f:7a:73:2b:3e,384,-110;-96;8;0;42;-17;41;-14;38;-12;33;-11;26;-9;18;-9;10;-9;3;-10;-5;-11;-11;-13;-17;-15;-21;-17;-24;-19;-26;-20;-26;-20;-26;-20;-25;-19;-23;-17;-21;-14;-19;-10;-17;-6;-15;-1;-14;3;-14;8;-14;11;-4;3;0;0;0;0;0;0;0;0;0;0;0;0;0;0;0;0;0;0;-7;-2;-25;-6;-25;-8;-23;-11;-20;-12;-16;-12;-11;-10;-6;-7;-2;-2;2;5;4;12;4;19;4;26;2;31;0;35;-3;37;-5;37;-7;35;-8;31;-7;26;-5;20;-1;13;4;5;10;-1;17;-8;24;-13;30;-16;115;0;7;-17;7;-17;7;-17;6;-16;6;-15;6;-13;7;-12;7;-11;8;-11;8;-11;7;-11;6;-10;6;-9;6;-8;7;-7;7;-7;8;-7;7;-7;7;-7;6;-7;6;-6;6;-4;6;-4;6;-3;7;-4;7;-4;6;-4;6;-3;2;-2;0;-1;-1;0;0;0;0;0;-2;-1;-5;-2;-13;-4;-12;-5;-12;-6;-12;-7;-11;-8;-11;-10;-11;-11;-10;-12;-10;-13;-10;-14;-10;-15;-9;-15;-7;-15;-6;-16;-5;-17;-5;-18;-4;-18;-4;-18;-3;-18;-2;-17;-1;-18;0;-18;1;-19;2;-20;2;-20;2;-20;2;-19;2;-19;115;0;25;-7;25;-7;24;-8;23;-9;22;-10;22;-10;21;-10;20;-10;19;-10;18;-11;17;-11;17;-12;17;-13;17;-14;17;-14;17;-14;17;-14;17;-14;17;-14;17;-14;17;-13;17;-13;17;-12;17;-12;18;-11;18;-10;18;-10;19;-9;7;-3;2;-1;-1;0;-1;0;-1;0;1;-1;3;-1;10;-2;10;-2;10;-2;11;-2;12;-2;13;-2;13;-2;14;-1;14;-2;15;-2;16;-2;17;-2;18;-2;18;-1;18;-1;18;-1;19;-2;19;-3;20;-3;21;-3;22;-4;23;-4;23;-4;23;-5;23;-6;24;-7;25;-7;26;-8,transition,EXP_S152,ZONE_02,sortie_zone,4.1,sortie_zone,sortie de la zone
1027852210,-54,6,a0:9f:7a:73:2b:3e,384,-110;-96;8;0;-22;-9;-21;-6;-21;-2;-21;2;-22;5;-23;9;-24;11;-26;14;-27;15;-28;16;-28;15;-28;14;-27;12;-25;10;-21;8;-17;8;-13;9;-9;11;-5;14;-3;17;-2;21;-1;24;-2;27;-4;29;-7;30;-2;7;0;0;0;0;0;0;0;0;0;0;0;0;0;0;0;0;0;0;-2;-6;-4;-22;0;-24;5;-26;10;-25;14;-23;16;-19;16;-15;14;-11;10;-7;5;-6;0;-5;-6;-7;-10;-10;-14;-14;-16;-18;-17;-21;-18;-24;-18;-26;-17;-27;-17;-27;-17;-26;-17;-25;-18;-23;-20;-21;-21;-19;-22;-18;-118;0;8;-7;7;-8;7;-8;7;-9;8;-10;8;-12;8;-13;8;-15;7;-15;7;-16;7;-16;8;-16;9;-16;10;-17;10;-18;10;-18;10;-18;10;-17;11;-16;12;-14;13;-14;13;-14;14;-14;13;-14;13;-13;13;-12;13;-10;13;-9;4;-3;1;-1;-1;0;-2;0;-1;-1;3;-1;10;-2;28;-3;28;-2;28;0;28;2;28;4;27;5;27;7;26;8;26;10;25;11;24;11;23;12;21;11;19;11;18;12;17;12;16;12;15;12;15;10;14;9;13;7;11;6;10;5;10;4;10;3;10;1;11;0;11;-2;-118;0;-48;-27;-48;-27;-47;-26;-46;-25;-45;-24;-45;-22;-44;-21;-43;-19;-43;-18;-43;-16;-43;-15;-43;-14;-43;-14;-43;-13;-43;-13;-44;-13;-44;-14;-45;-15;-44;-16;-44;-17;-43;-18;-42;-18;-41;-19;-40;-20;-39;-22;-38;-24;-37;-27;-35;-29;-13;-11;-4;-4;1;0;1;0;0;0;-2;-1;-7;-4;-18;-9;-18;-9;-19;-9;-19;-10;-21;-11;-22;-12;-24;-13;-25;-14;-26;-15;-27;-16;-28;-16;-29;-17;-30;-18;-31;-20;-32;-21;-32;-22;-33;-22;-33;-23;-35;-23;-36;-23;-39;-23;-41;-24;-42;-25;-44;-26;-45;-26;-46;-27;-47;-27;-48;-28,transition,EXP_S152,ZONE_02,sortie_zone,4.1,sortie_zone,sortie de la zone
1028055312,-55,6,a0:9f:7a:73:2b:3e,384,-110;-96;8;0;-8;-30;-7;-29;-7;-27;-8;-24;-9;-19;-10;-14;-11;-10;-12;-5;-14;0;-16;3;-17;7;-17;9;-17;11;-17;13;-15;14;-13;15;-11;15;-8;16;-5;16;-3;16;0;16;3;17;5;17;7;17;9;17;2;4;0;0;0;0;0;0;0;0;0;0;0;0;0;0;0;0;0;0;-3;6;-10;23;-14;22;-17;20;-19;16;-19;12;-17;7;-13;2;-8;-1;-2;-4;5;-6;13;-6;19;-4;24;-1;28;2;30;5;31;8;30;10;27;10;24;10;19;8;15;5;10;0;5;-5;1;-10;-3;-16;-4;-21;118;0;-18;-12;-17;-12;-16;-12;-14;-11;-12;-10;-10;-9;-8;-9;-6;-10;-5;-10;-4;-10;-4;-9;-3;-8;-2;-7;0;-6;1;-6;1;-6;1;-6;1;-6;1;-5;1;-4;2;-3;2;-2;3;-2;3;-3;3;-3;2;-3;2;-2;2;-2;0;-1;0;-1;-1;0;1;-2;0;-1;-2;2;-8;8;-22;23;-23;22;-25;20;-27;19;-29;17;-30;15;-31;14;-33;12;-34;11;-35;10;-35;8;-35;7;-34;5;-34;3;-34;1;-34;0;-34;-2;-33;-3;-31;-3;-30;-4;-28;-6;-28;-7;-27;-8;-27;-9;-26;-10;-25;-9;-24;-9;-23;-9;118;0;10;-41;9;-40;7;-39;5;-38;4;-38;2;-37;1;-36;-1;-35;-2;-34;-4;-33;-6;-33;-7;-33;-9;-33;-10;-34;-11;-34;-11;-34;-12;-34;-12;-35;-12;-35;-12;-35;-12;-35;-11;-35;-11;-35;-10;-36;-9;-36;-8;-37;-6;-38;-5;-38;-2;-14;-1;-5;0;1;-1;0;-1;0;0;-2;2;-6;6;-16;6;-16;7;-16;7;-17;8;-18;9;-19;10;-20;11;-20;11;-21;11;-22;12;-23;13;-24;14;-25;15;-26;15;-26;16;-27;15;-27;15;-28;14;-29;14;-31;15;-33;15;-34;14;-35;14;-36;13;-37;12;-38;12;-40;11;-42,transition,EXP_S152,ZONE_02,sortie_zone,4.1,sortie_zone,sortie de la zone
1028252261,-53,6,a0:9f:7a:73:2b:3e,384,-110;-96;8;0;-40;18;-37;16;-32;14;-26;12;-18;11;-10;11;-2;11;6;12;13;14;19;15;24;17;27;19;29;20;30;21;30;20;28;19;26;17;24;14;22;9;20;5;18;0;17;-6;16;-11;16;-15;17;-18;4;-5;0;0;0;0;0;0;0;0;0;0;0;0;0;0;0;0;0;0;7;1;30;7;29;10;26;12;21;14;15;13;9;10;3;6;-2;-1;-6;-8;-8;-16;-8;-24;-7;-31;-5;-36;-1;-39;2;-39;4;-38;6;-34;6;-29;5;-23;2;-15;-2;-7;-8;0;-14;7;-21;13;-28;17;-33;19;-128;0;-11;14;-11;14;-11;13;-10;12;-10;11;-10;9;-10;8;-11;8;-11;8;-11;8;-10;7;-9;6;-9;5;-9;4;-10;4;-10;3;-11;3;-10;3;-10;3;-9;3;-9;2;-9;1;-9;1;-9;0;-10;0;-9;0;-9;0;-9;0;-3;0;-1;0;0;-1;-1;-1;-1;-1;1;0;4;3;13;10;12;10;11;11;11;12;10;13;9;14;8;15;7;16;6;17;6;18;5;18;4;18;2;18;1;18;0;18;-1;19;-1;19;-2;18;-2;18;-3;17;-4;17;-5;17;-6;17;-6;17;-7;17;-7;17;-7;16;-8;15;-128;0;-24;10;-23;11;-23;12;-22;13;-21;14;-21;14;-20;15;-19;15;-19;15;-18;16;-17;17;-17;18;-17;18;-17;18;-18;19;-18;19;-18;19;-18;19;-18;19;-19;19;-19;18;-20;17;-20;16;-20;16;-21;15;-21;14;-22;13;-23;12;-9;4;-3;1;0;-1;0;-1;0;0;-2;0;-5;0;-14;0;-14;0;-14;0;-15;0;-16;0;-16;-1;-16;-1;-17;-1;-17;-1;-18;0;-18;0;-19;-1;-19;-1;-19;-1;-19;-1;-19;-1;-19;0;-20;1;-21;2;-21;3;-22;3;-22;4;-22;5;-23;6;-23;7;-24;8;-24;9;-25;10,transition,EXP_S152,ZONE_02,sortie_zone,4.1,sortie_zone,sortie de la zone
1028452194,-56,6,a0:9f:7a:73:2b:3e,384,-110;-96;8;0;-1;-16;-2;-9;-2;-1;-1;6;1;12;2;17;5;21;7;24;8;25;10;26;10;26;11;25;10;23;8;21;6;17;4;14;1;10;-2;6;-5;1;-8;-2;-10;-6;-12;-8;-14;-11;-14;-12;-15;-14;-4;-4;0;0;0;0;0;0;0;0;0;0;0;0;0;0;0;0;0;0;-1;4;-3;18;-7;21;-11;24;-14;27;-17;29;-20;29;-21;29;-21;27;-20;24;-19;20;-16;15;-12;10;-7;4;-2;-2;2;-9;6;-15;9;-21;12;-26;13;-32;14;-36;13;-39;12;-42;11;-43;8;-42;6;-40;4;-37;86;0;13;-15;13;-15;12;-14;11;-14;11;-14;10;-14;10;-14;9;-14;8;-15;7;-15;7;-14;7;-14;7;-14;7;-14;7;-14;7;-14;7;-14;7;-13;7;-13;7;-12;7;-12;7;-11;7;-11;7;-10;7;-10;7;-9;7;-9;7;-8;2;-3;0;-1;-1;0;-1;1;-1;0;0;-2;2;-6;8;-17;9;-17;11;-16;12;-16;13;-16;13;-15;14;-15;15;-14;16;-14;16;-13;17;-13;18;-13;18;-12;17;-12;17;-11;17;-11;17;-10;17;-10;17;-10;17;-11;16;-11;16;-12;15;-12;15;-12;15;-12;15;-12;15;-13;16;-13;86;0;-17;-15;-17;-15;-16;-15;-15;-14;-14;-14;-13;-13;-12;-12;-12;-11;-11;-10;-11;-9;-11;-9;-11;-8;-10;-8;-10;-7;-9;-6;-9;-6;-9;-5;-9;-5;-9;-5;-9;-5;-9;-5;-8;-4;-8;-4;-8;-4;-8;-4;-8;-4;-8;-5;-8;-5;-3;-2;-1;-1;0;0;0;0;0;0;-2;-1;-4;-2;-11;-4;-10;-4;-10;-4;-11;-5;-11;-5;-12;-5;-13;-6;-13;-7;-14;-7;-14;-8;-14;-9;-14;-9;-15;-9;-15;-10;-16;-10;-16;-11;-16;-12;-16;-12;-16;-12;-16;-12;-17;-12;-17;-13;-18;-13;-19;-14;-19;-15;-18;-15;-18;-16;-18;-16,transition,EXP_S152,ZONE_02,sortie_zone,4.1,sortie_zone,sortie de la zone
1028651958,-54,6,a0:9f:7a:73:2b:3e,384,-110;-96;8;0;1;16;6;16;11;15;16;14;20;13;23;12;27;12;29;12;30;12;30;12;28;12;26;12;23;12;19;11;15;8;10;5;5;2;2;-3;-1;-8;-3;-14;-4;-18;-3;-22;-2;-25;0;-27;2;-28;0;-8;0;0;0;0;0;0;0;0;0;0;0;0;0;0;0;0;0;0;-4;-6;-16;-22;-13;-25;-10;-27;-6;-27;-2;-26;0;-23;2;-19;2;-14;1;-8;-2;-3;-5;2;-10;7;-15;10;-20;12;-25;13;-28;14;-31;15;-32;15;-33;15;-33;15;-31;16;-29;16;-26;17;-23;17;-19;17;-15;18;113;0;-7;-8;-7;-8;-7;-8;-7;-8;-8;-8;-9;-7;-11;-7;-11;-6;-11;-5;-11;-5;-11;-5;-12;-5;-12;-6;-13;-6;-14;-6;-14;-6;-14;-5;-13;-6;-13;-6;-13;-6;-13;-7;-13;-7;-13;-7;-13;-7;-12;-7;-12;-8;-11;-8;-10;-9;-4;-4;-1;-2;0;0;0;0;0;0;-1;-2;-3;-6;-6;-16;-6;-16;-5;-16;-4;-17;-3;-17;-2;-16;-1;-16;-1;-17;0;-17;0;-17;0;-17;1;-17;1;-16;1;-15;2;-14;2;-14;2;-14;2;-14;1;-14;0;-13;-1;-12;-1;-11;-1;-11;-1;-11;-2;-11;-3;-11;-4;-11;-5;-11;113;0;-1;27;-1;26;-1;26;-2;25;-2;24;-1;22;-1;21;0;21;0;20;0;19;0;19;0;19;0;18;1;17;1;17;1;17;1;17;1;17;0;17;0;16;-1;16;-1;15;-1;14;-1;14;-1;14;-2;14;-3;14;-4;13;-2;5;-1;1;0;-1;-1;-1;-1;-1;0;0;1;2;4;7;4;7;4;8;5;9;5;10;5;11;4;12;4;13;4;14;3;14;3;15;3;16;3;17;2;18;2;19;1;19;1;20;1;20;1;21;1;22;1;23;1;24;1;25;0;26;0;26;0;26;0;27;0;27,transition,EXP_S152,ZONE_02,sortie_zone,4.1,sortie_zone,sortie de la zone
1028852494,-54,6,a0:9f:7a:73:2b:3e,384,-110;-96;8;0;-22;2;-25;5;-26;8;-27;12;-28;15;-27;17;-26;19;-25;19;-23;19;-21;18;-18;17;-15;14;-12;11;-7;8;-3;4;2;0;7;-3;12;-6;16;-8;20;-9;23;-9;25;-9;26;-8;26;-6;26;-5;6;-1;0;0;0;0;0;0;0;0;0;0;0;0;0;0;0;0;0;0;-1;7;-5;29;-8;27;-11;23;-13;19;-13;13;-11;7;-9;1;-5;-5;0;-10;6;-14;11;-18;17;-20;22;-21;26;-22;28;-22;29;-22;29;-21;28;-21;26;-20;22;-19;18;-18;13;-17;8;-15;2;-14;-3;-11;-7;-10;103;0;10;22;10;21;11;20;13;19;15;18;16;17;17;15;18;14;19;13;20;13;21;12;22;12;23;12;24;12;25;12;25;12;25;13;25;14;24;15;24;15;24;16;23;16;23;16;22;16;21;16;20;17;18;19;17;20;5;7;1;2;-1;-1;-2;-3;-1;-2;2;3;7;12;20;34;18;35;15;36;13;37;10;38;8;39;6;40;4;41;3;41;1;41;0;40;-2;39;-3;38;-4;37;-5;36;-5;36;-5;35;-4;34;-4;33;-3;31;-2;30;-2;29;-1;28;1;28;2;28;4;27;6;26;7;26;103;0;-35;-35;-34;-34;-32;-34;-31;-33;-30;-31;-29;-30;-28;-29;-28;-28;-27;-27;-27;-26;-26;-25;-26;-24;-26;-24;-25;-23;-25;-23;-25;-23;-24;-23;-23;-23;-22;-23;-20;-23;-19;-23;-18;-22;-17;-22;-17;-22;-16;-22;-14;-22;-13;-23;-11;-23;-4;-9;-1;-3;0;0;1;-1;0;-1;-2;0;-7;2;-18;5;-19;4;-20;3;-22;2;-23;0;-24;-2;-25;-4;-26;-6;-27;-7;-29;-9;-30;-10;-31;-13;-31;-15;-31;-17;-31;-18;-31;-20;-31;-21;-31;-21;-32;-22;-33;-24;-33;-25;-34;-27;-34;-28;-35;-29;-35;-30;-36;-31;-37;-32;-37;-33,transition,EXP_S152,ZONE_02,sortie_zone,4.1,sortie_zone,sortie de la zone
1029055464,-54,6,a0:9f:7a:73:2b:3e,384,-110;-96;8;0;-29;-27;-28;-25;-26;-22;-25;-18;-23;-12;-21;-7;-19;-2;-18;3;-16;8;-14;12;-13;15;-11;18;-9;20;-7;21;-4;22;-2;22;0;22;3;21;5;20;7;19;10;17;12;16;13;14;15;13;16;12;4;3;0;0;0;0;0;0;0;0;0;0;0;0;0;0;0;0;0;0;-2;6;-8;26;-10;22;-12;15;-12;8;-9;1;-5;-7;2;-12;9;-17;17;-19;25;-20;31;-19;36;-16;39;-13;40;-10;39;-6;36;-4;32;-2;26;-1;19;-2;12;-4;4;-6;-3;-9;-10;-13;-16;-17;-22;-21;-25;-24;118;0;-13;-2;-13;-2;-12;-2;-11;-1;-9;-1;-8;-1;-7;-1;-7;-1;-6;-1;-6;-1;-5;-1;-4;0;-4;0;-3;0;-2;-1;-2;-1;-2;-1;-2;-1;-1;-1;-1;0;0;0;0;0;1;-1;1;-1;1;-1;1;-1;1;0;1;0;0;0;0;0;-1;0;1;-1;0;-1;-2;1;-7;5;-17;13;-18;12;-19;11;-19;9;-20;8;-21;8;-22;7;-23;6;-23;5;-23;4;-23;3;-23;2;-22;1;-22;0;-22;0;-22;0;-21;-1;-20;-1;-20;-1;-19;-1;-19;-2;-18;-2;-18;-2;-18;-2;-18;-1;-17;-1;-16;-1;-15;-1;118;0;-15;-22;-15;-22;-15;-21;-15;-20;-15;-19;-16;-18;-16;-18;-16;-17;-16;-16;-16;-15;-16;-15;-17;-14;-17;-14;-17;-14;-17;-14;-17;-14;-17;-14;-16;-14;-16;-14;-15;-14;-15;-14;-15;-14;-14;-14;-14;-14;-13;-14;-13;-14;-12;-15;-11;-15;-4;-6;-1;-2;0;0;0;0;0;0;-2;-1;-4;-2;-11;-4;-11;-5;-12;-6;-12;-7;-12;-9;-11;-10;-12;-11;-12;-11;-12;-12;-12;-13;-13;-14;-12;-16;-12;-16;-11;-17;-11;-17;-11;-17;-11;-18;-11;-18;-12;-19;-12;-19;-12;-20;-13;-20;-13;-20;-14;-21;-15;-21;-15;-21;-16;-22;-16;-22,transition,EXP_S152,ZONE_02,sortie_zone,4.1,sortie_zone,sortie de la zone
1029252263,-54,6,a0:9f:7a:73:2b:3e,384,-110;-96;8;0;-8;17;-4;19;1;21;5;23;8;25;12;26;14;27;16;28;16;28;17;28;16;27;15;26;13;24;11;21;9;16;8;11;8;6;9;0;10;-5;12;-9;15;-13;17;-15;20;-16;23;-17;25;-16;6;-4;0;0;0;0;0;0;0;0;0;0;0;0;0;0;0;0;0;0;-4;-7;-12;-26;-9;-29;-3;-31;1;-30;6;-28;8;-24;9;-19;8;-13;5;-8;1;-3;-4;1;-11;4;-18;5;-24;4;-29;3;-33;2;-36;0;-37;-1;-38;-1;-37;-1;-36;0;-34;0;-31;2;-28;4;-25;7;-22;9;123;0;3;-10;3;-10;2;-10;1;-10;1;-10;0;-10;-1;-11;-2;-11;-2;-11;-3;-11;-3;-11;-3;-11;-3;-12;-3;-12;-3;-12;-3;-12;-3;-12;-3;-12;-3;-12;-3;-12;-2;-12;-2;-12;-2;-12;-2;-12;-2;-12;-2;-12;-1;-12;-1;-12;0;-5;0;-2;0;0;-1;1;-1;0;0;-2;2;-7;6;-18;7;-17;8;-17;10;-16;11;-15;11;-14;12;-14;13;-13;13;-13;14;-12;14;-11;14;-11;14;-10;13;-9;13;-9;13;-8;12;-8;12;-8;11;-7;10;-7;10;-7;9;-7;9;-8;8;-8;7;-8;6;-9;6;-9;5;-9;123;0;-23;16;-23;16;-22;16;-22;15;-21;15;-20;15;-19;14;-19;14;-18;14;-17;14;-17;14;-16;14;-16;14;-16;14;-16;14;-16;14;-16;14;-17;13;-17;13;-17;12;-17;11;-17;10;-17;10;-17;9;-17;8;-18;7;-18;6;-18;5;-7;1;-3;0;0;-1;0;-1;0;-1;-1;0;-1;2;-3;8;-4;8;-5;8;-5;9;-6;9;-7;10;-7;11;-8;11;-9;12;-10;12;-11;12;-12;13;-13;13;-14;13;-15;13;-15;13;-16;13;-17;14;-17;14;-18;14;-19;15;-20;15;-20;16;-21;16;-21;17;-22;17;-23;17;-23;17,transition,EXP_S152,ZONE_02,sortie_zone,4.1,sortie_zone,sortie de la zone
1029452302,-55,6,a0:9f:7a:73:2b:3e,384,-110;-96;8;0;-16;-9;-17;-3;-20;2;-22;7;-25;10;-29;13;-32;14;-34;14;-35;12;-35;10;-33;7;-30;4;-25;2;-19;1;-12;2;-6;4;0;8;5;12;8;18;9;23;8;28;6;31;3;33;-1;34;-4;34;-2;8;0;0;0;0;0;0;0;0;0;0;0;0;0;0;0;0;0;0;5;-4;21;-13;21;-11;21;-8;20;-5;17;-4;13;-3;10;-4;6;-6;3;-9;0;-13;-1;-16;-2;-20;-2;-23;-2;-25;-2;-27;-2;-28;-3;-28;-4;-28;-6;-28;-8;-29;-10;-29;-12;-29;-13;-28;-14;-27;-14;-26;-14;-24;-120;0;9;-5;9;-4;9;-4;10;-4;11;-5;12;-5;12;-6;12;-7;12;-7;12;-7;12;-7;13;-6;13;-6;14;-6;14;-6;14;-6;14;-6;14;-5;14;-4;14;-3;15;-2;15;-2;14;-3;14;-3;13;-2;13;-1;13;0;12;1;4;0;1;0;-1;0;-1;-1;-1;-1;0;0;2;3;6;9;6;9;5;10;4;10;4;10;3;10;2;10;2;10;2;10;2;10;2;9;2;8;1;7;1;7;0;6;0;6;1;6;1;5;2;4;3;3;3;2;3;1;3;1;4;0;5;0;6;-1;7;-2;8;-2;-120;0;-25;-13;-24;-13;-24;-13;-23;-12;-22;-11;-22;-10;-22;-9;-22;-8;-22;-7;-21;-7;-21;-7;-21;-6;-21;-6;-21;-5;-21;-5;-21;-5;-22;-5;-22;-5;-22;-6;-21;-7;-20;-7;-19;-7;-19;-7;-19;-7;-19;-8;-19;-9;-18;-10;-18;-11;-6;-4;-2;-2;0;0;0;0;0;0;-2;-1;-5;-1;-12;-2;-13;-2;-13;-3;-14;-4;-14;-4;-14;-5;-15;-6;-15;-7;-16;-7;-16;-8;-17;-8;-17;-9;-18;-10;-18;-11;-18;-11;-18;-12;-18;-12;-19;-12;-19;-12;-20;-12;-21;-12;-22;-13;-22;-13;-23;-13;-23;-13;-24;-14;-24;-14;-25;-14,transition,EXP_S152,ZONE_02,sortie_zone,4.1,sortie_zone,sortie de la zone
1029655213,-54,6,a0:9f:7a:73:2b:3e,384,-110;-96;8;0;-33;6;-33;6;-32;6;-30;7;-28;8;-26;9;-23;11;-21;13;-19;14;-17;16;-16;18;-14;20;-13;22;-12;23;-11;24;-10;25;-10;26;-9;27;-9;28;-9;27;-9;27;-8;27;-7;26;-7;26;-7;25;-2;6;0;0;0;0;0;0;0;0;0;0;0;0;0;0;0;0;0;0;-3;-7;-8;-27;-4;-29;1;-30;5;-29;9;-25;10;-21;9;-16;6;-11;1;-7;-5;-5;-11;-6;-17;-8;-22;-12;-25;-17;-26;-21;-24;-25;-22;-27;-20;-28;-17;-26;-15;-23;-14;-19;-14;-14;-15;-9;-18;-4;-21;0;-24;2;-108;0;-1;6;-1;6;-1;6;-1;5;0;4;0;3;0;2;-1;2;-1;2;-1;2;0;2;0;1;1;1;1;0;0;0;0;0;0;0;0;1;0;1;0;1;1;1;1;0;0;0;0;0;-1;0;-1;1;-1;1;-1;1;-1;0;-1;0;-1;-1;-1;-1;-1;-1;1;0;4;2;12;6;11;6;11;7;10;8;10;8;9;9;9;10;8;10;8;11;8;12;7;12;7;12;6;12;5;12;4;12;3;12;3;12;3;12;3;11;2;11;2;10;1;10;1;10;1;10;1;10;1;9;1;9;1;8;-108;0;-28;-2;-28;-1;-27;0;-27;1;-26;2;-25;3;-25;4;-25;5;-24;6;-24;7;-24;8;-23;9;-23;10;-24;10;-24;11;-24;11;-25;11;-25;11;-25;11;-25;10;-25;10;-25;9;-25;9;-25;8;-26;7;-26;6;-26;4;-26;3;-10;1;-3;0;0;-1;0;0;0;0;-2;-1;-5;-3;-13;-6;-13;-6;-13;-7;-14;-7;-14;-7;-15;-8;-15;-8;-16;-9;-16;-9;-17;-9;-17;-9;-18;-10;-18;-10;-19;-10;-19;-10;-19;-10;-19;-10;-20;-9;-20;-9;-21;-8;-22;-8;-23;-7;-24;-7;-25;-6;-26;-5;-26;-4;-27;-4;-27;-3,transition,EXP_S152,ZONE_02,sortie_zone,4.1,sortie_zone,sortie de la zone
1029858705,-53,6,a0:9f:7a:73:2b:3e,384,-110;-96;8;0;-34;7;-32;6;-29;7;-26;8;-23;10;-21;13;-19;16;-19;19;-19;22;-20;23;-22;24;-23;24;-24;23;-24;21;-23;19;-21;18;-18;18;-16;18;-14;20;-12;21;-12;23;-12;25;-14;26;-16;27;-18;27;-5;6;0;0;0;0;0;0;0;0;0;0;0;0;0;0;0;0;0;0;-6;-3;-23;-12;-22;-16;-19;-19;-15;-21;-11;-21;-8;-18;-6;-15;-6;-10;-8;-6;-11;-2;-16;0;-21;1;-25;-1;-29;-3;-31;-7;-31;-10;-30;-12;-28;-13;-26;-12;-24;-9;-23;-6;-23;-2;-24;2;-26;5;-29;8;-31;9;-106;0;-4;1;-4;1;-4;0;-5;-1;-5;-2;-5;-2;-4;-2;-4;-3;-4;-4;-4;-4;-3;-5;-3;-5;-3;-5;-3;-6;-2;-6;-2;-6;-1;-6;-1;-6;-1;-6;-1;-6;0;-6;0;-6;0;-6;0;-6;1;-6;1;-5;1;-5;1;-5;0;-2;0;-1;-1;0;-1;-1;-1;-1;1;0;4;0;11;1;10;2;10;3;10;4;9;5;9;6;9;6;8;6;8;7;7;7;6;8;6;8;5;8;4;8;3;8;3;8;2;8;1;8;1;7;0;7;0;7;-1;6;-1;6;-2;5;-2;5;-3;4;-3;4;-3;3;-106;0;-31;-1;-31;-1;-30;0;-29;0;-29;1;-28;2;-28;2;-27;3;-27;4;-27;4;-26;5;-27;5;-27;5;-27;6;-28;6;-28;5;-28;5;-29;4;-29;4;-29;3;-29;2;-29;1;-28;0;-28;-1;-28;-3;-28;-4;-27;-6;-27;-7;-10;-3;-3;-2;0;0;0;0;0;0;-2;0;-5;-1;-14;-1;-14;-2;-14;-2;-15;-2;-15;-3;-16;-3;-16;-3;-17;-3;-18;-3;-19;-4;-19;-4;-20;-5;-20;-5;-20;-5;-21;-5;-21;-5;-22;-5;-22;-5;-23;-5;-24;-4;-25;-4;-25;-4;-26;-3;-27;-3;-28;-3;-29;-2;-30;-2;-30;-2,transition,EXP_S152,ZONE_02,sortie_zone,4.1,sortie_zone,sortie de la zone
1030052524,-53,6,a0:9f:7a:73:2b:3e,384,-110;-96;8;0;37;13;34;13;31;11;28;8;26;5;24;0;25;-4;26;-8;27;-10;29;-11;31;-12;33;-11;33;-9;33;-8;31;-7;29;-6;27;-6;25;-7;23;-9;21;-11;21;-13;22;-15;24;-16;26;-16;28;-15;7;-4;0;0;0;0;0;0;0;0;0;0;0;0;0;0;0;0;0;0;4;5;15;23;12;24;7;25;3;23;1;20;0;16;2;12;6;8;11;6;16;6;20;9;24;12;27;16;27;20;26;24;23;26;20;26;18;25;17;22;17;18;18;14;21;10;25;8;30;6;34;7;38;7;-109;0;7;0;7;0;6;0;6;1;5;1;4;3;4;4;4;4;4;4;4;4;3;4;2;4;1;5;1;5;0;6;0;6;0;6;0;5;0;5;-1;4;-2;4;-2;4;-3;4;-3;5;-2;4;-2;4;-3;3;-3;3;-1;1;-1;0;0;-1;0;0;0;0;-2;-1;-4;-3;-11;-7;-10;-7;-10;-8;-9;-9;-8;-9;-7;-10;-6;-11;-5;-11;-4;-12;-4;-12;-3;-12;-2;-11;-1;-11;0;-11;1;-11;1;-11;2;-10;2;-10;3;-9;3;-8;4;-7;5;-6;5;-6;6;-6;6;-6;6;-5;6;-4;6;-3;-109;0;31;10;31;10;30;10;30;9;29;9;29;8;28;8;28;7;27;6;27;6;26;5;26;5;27;5;27;5;27;5;27;6;28;6;28;7;28;8;27;9;26;10;26;10;25;11;24;12;24;13;23;15;22;17;21;18;7;6;2;2;-1;-1;-1;0;-1;0;1;-1;5;-1;14;-2;14;-1;15;-1;15;0;16;0;17;1;18;1;18;2;19;2;20;3;21;4;21;4;22;5;22;6;23;7;23;7;23;7;24;8;25;8;25;8;26;8;27;9;28;9;29;9;30;9;31;9;31;9;32;10,transition,EXP_S152,ZONE_02,sortie_zone,4.1,sortie_zone,sortie de la zone
1030255060,-55,6,a0:9f:7a:73:2b:3e,384,-110;-96;8;0;-36;-16;-34;-16;-30;-15;-26;-12;-23;-8;-20;-3;-18;2;-17;7;-17;11;-18;15;-19;18;-21;20;-22;21;-22;20;-22;20;-20;19;-18;17;-16;17;-13;16;-9;17;-6;18;-4;19;-2;21;-1;23;0;24;0;6;0;0;0;0;0;0;0;0;0;0;0;0;0;0;0;0;0;0;4;-5;19;-17;22;-15;23;-11;23;-6;20;-3;16;0;10;1;4;0;-2;-4;-7;-8;-10;-14;-11;-21;-10;-27;-7;-31;-4;-34;-1;-34;2;-33;3;-30;3;-26;1;-21;-3;-17;-8;-13;-14;-10;-21;-8;-27;-9;-31;-9;-126;0;-11;1;-11;1;-10;0;-10;0;-9;-1;-8;-2;-8;-2;-7;-3;-7;-3;-7;-4;-6;-4;-6;-4;-5;-4;-4;-5;-4;-5;-4;-6;-4;-6;-4;-6;-3;-5;-3;-5;-2;-5;-2;-5;-1;-6;-1;-6;-1;-6;-1;-5;-1;-5;-1;-5;-1;-2;-1;-1;0;0;-1;-1;-1;-1;1;1;2;4;7;11;7;12;6;12;5;13;4;13;3;13;2;14;1;14;0;14;-1;14;-2;14;-3;14;-4;13;-5;13;-6;12;-7;12;-7;11;-8;11;-8;10;-8;9;-9;9;-9;8;-10;7;-10;7;-10;6;-10;6;-10;5;-10;4;-126;0;-24;-16;-24;-15;-24;-15;-24;-14;-23;-13;-23;-12;-23;-12;-22;-11;-22;-10;-22;-9;-22;-8;-22;-8;-23;-7;-23;-7;-23;-7;-23;-7;-23;-7;-23;-8;-23;-8;-23;-8;-22;-9;-22;-9;-22;-9;-21;-10;-21;-11;-20;-12;-20;-13;-19;-14;-7;-6;-2;-2;0;0;0;0;0;0;-1;-1;-4;-3;-9;-8;-9;-8;-9;-8;-9;-8;-10;-9;-10;-9;-10;-10;-11;-10;-11;-10;-12;-11;-13;-11;-13;-12;-14;-12;-14;-13;-14;-13;-14;-13;-15;-13;-15;-13;-16;-13;-17;-14;-18;-14;-19;-14;-20;-15;-21;-15;-22;-15;-23;-15;-24;-15;-25;-15,transition,EXP_S152,ZONE_02,sortie_zone,4.1,sortie_zone,sortie de la zone
1030452767,-54,6,a0:9f:7a:73:2b:3e,384,-110;-96;8;0;-17;33;-17;30;-14;27;-10;24;-6;23;0;22;5;23;9;24;12;26;14;29;14;31;14;34;12;34;10;34;9;32;8;30;8;27;9;24;11;22;14;20;16;19;19;19;21;20;22;22;22;24;5;6;0;0;0;0;0;0;0;0;0;0;0;0;0;0;0;0;0;0;-7;-1;-24;-6;-24;-9;-22;-13;-18;-14;-14;-14;-10;-12;-7;-8;-5;-3;-6;2;-8;8;-12;12;-17;14;-22;15;-26;13;-29;11;-30;8;-29;6;-26;4;-23;4;-18;6;-14;9;-11;13;-9;19;-8;24;-9;30;-10;33;-118;0;-4;7;-4;7;-4;6;-5;6;-5;5;-6;4;-6;3;-7;3;-7;3;-7;2;-7;2;-7;1;-7;0;-7;0;-8;-1;-8;-1;-8;-1;-7;-1;-7;-2;-6;-2;-6;-3;-6;-3;-6;-4;-6;-4;-6;-4;-5;-4;-5;-4;-5;-4;-2;-2;-1;-1;0;0;-1;0;-1;0;1;-1;3;-2;10;-5;11;-5;11;-4;11;-3;11;-2;11;-1;11;0;11;1;11;2;11;2;11;3;10;4;10;4;9;5;9;6;8;6;8;7;7;7;6;7;5;7;4;8;4;8;3;8;2;8;2;8;1;8;0;8;-1;7;-118;0;-17;24;-17;24;-17;24;-16;24;-15;24;-14;24;-14;25;-13;25;-13;25;-13;25;-12;25;-12;25;-12;26;-12;26;-12;27;-13;27;-13;27;-14;27;-15;26;-16;26;-16;25;-17;24;-18;23;-19;23;-20;21;-21;20;-22;19;-23;17;-9;6;-3;1;0;-1;0;-1;0;-1;-1;0;-4;2;-9;7;-9;7;-10;7;-10;7;-11;8;-11;8;-11;8;-12;9;-12;9;-13;10;-13;10;-14;10;-14;10;-14;11;-15;11;-15;11;-15;12;-15;13;-15;14;-15;15;-16;16;-16;17;-16;18;-16;19;-17;20;-17;21;-18;22;-18;23,transition,EXP_S152,ZONE_02,sortie_zone,4.1,sortie_zone,sortie de la zone
1030654154,-53,6,a0:9f:7a:73:2b:3e,384,-110;-96;8;0;1;-34;0;-33;-1;-30;-3;-28;-6;-27;-9;-26;-11;-27;-13;-28;-14;-29;-14;-30;-14;-32;-12;-32;-10;-32;-8;-30;-7;-28;-7;-25;-8;-22;-10;-20;-12;-19;-15;-19;-16;-20;-17;-22;-17;-24;-16;-26;-15;-28;-4;-8;0;0;0;0;0;0;0;0;0;0;0;0;0;0;0;0;0;0;2;-6;10;-23;13;-22;16;-20;17;-17;17;-13;16;-11;12;-9;9;-9;5;-11;3;-13;1;-17;1;-21;2;-25;5;-28;7;-29;10;-29;11;-29;12;-28;11;-27;9;-26;7;-26;5;-27;2;-28;0;-30;0;-33;-1;-35;-101;0;0;-3;0;-3;1;-3;1;-2;2;-2;3;-2;4;-2;4;-2;4;-2;4;-2;4;-2;5;-1;5;0;6;0;6;0;6;0;6;0;6;1;5;1;5;2;4;2;5;3;5;3;5;2;4;2;4;2;3;3;3;3;0;1;0;0;-1;-1;0;-1;0;-1;-1;1;-1;3;-3;9;-3;9;-4;9;-4;8;-5;8;-5;7;-6;7;-7;7;-7;6;-7;6;-7;6;-7;5;-7;4;-7;3;-7;3;-7;2;-7;2;-7;2;-6;1;-6;1;-5;0;-5;-1;-4;-1;-4;-1;-4;-1;-3;-1;-2;-1;-2;-1;-101;0;2;-33;2;-33;2;-32;1;-31;1;-31;1;-30;0;-30;0;-29;-1;-28;-1;-28;-2;-27;-2;-27;-2;-27;-2;-27;-2;-28;-2;-28;-1;-28;-1;-28;0;-28;1;-27;1;-27;2;-26;3;-26;3;-26;4;-25;6;-25;8;-24;9;-24;3;-9;1;-3;-1;0;0;0;-1;0;-1;-2;-1;-5;-1;-14;-1;-15;-1;-15;0;-16;0;-16;1;-17;1;-17;1;-18;2;-19;2;-19;2;-20;2;-21;3;-21;3;-22;4;-22;4;-22;4;-23;3;-23;3;-24;3;-25;3;-26;3;-27;3;-28;2;-29;2;-30;2;-31;2;-32;2;-33,transition,EXP_S152,ZONE_02,sortie_zone,4.1,sortie_zone,sortie de la zone
1030852585,-53,6,a0:9f:7a:73:2b:3e,384,-110;-96;8;0;10;-31;10;-30;9;-29;7;-28;5;-27;3;-26;0;-27;-2;-27;-3;-28;-4;-29;-4;-30;-4;-30;-4;-30;-3;-29;-3;-28;-3;-26;-4;-25;-6;-24;-7;-24;-9;-25;-10;-25;-10;-26;-10;-27;-9;-28;-8;-29;-2;-8;0;0;0;0;0;0;0;0;0;0;0;0;0;0;0;0;0;0;4;-4;20;-13;22;-10;24;-6;24;-2;22;1;19;3;15;4;11;2;8;-1;6;-6;6;-10;8;-15;11;-18;15;-21;18;-21;21;-20;23;-19;24;-17;23;-15;21;-14;18;-15;16;-16;12;-18;10;-21;9;-24;8;-27;-111;0;-4;-5;-3;-5;-2;-5;-1;-4;0;-3;1;-3;2;-2;3;-1;4;-1;4;0;5;0;5;1;5;2;5;2;6;3;6;3;6;4;5;4;5;4;5;4;4;5;4;5;4;5;4;5;3;5;3;5;2;4;1;5;0;1;0;0;-1;-1;0;-1;0;-1;-2;1;-6;5;-16;14;-17;13;-18;12;-18;11;-19;10;-20;9;-20;7;-21;6;-21;5;-21;4;-21;3;-21;2;-20;1;-20;-1;-19;-2;-19;-2;-18;-3;-18;-4;-17;-4;-16;-5;-15;-5;-14;-5;-13;-6;-12;-6;-11;-6;-10;-6;-9;-6;-8;-6;-111;0;34;-47;33;-47;32;-47;30;-47;29;-47;27;-47;26;-47;24;-47;23;-47;21;-47;20;-47;19;-47;18;-48;18;-49;18;-50;19;-50;20;-51;21;-51;22;-50;23;-49;24;-48;25;-47;26;-46;27;-44;29;-43;32;-41;34;-38;36;-37;13;-13;4;-4;-2;1;-2;1;-1;0;1;-3;6;-7;18;-19;19;-19;20;-18;21;-18;22;-18;23;-19;24;-19;25;-20;25;-21;26;-22;27;-22;28;-23;29;-23;29;-24;30;-24;30;-25;30;-26;31;-27;31;-29;31;-31;32;-33;32;-35;32;-37;32;-39;33;-41;33;-43;33;-45;34;-46,transition,EXP_S152,ZONE_02,sortie_zone,4.1,sortie_zone,sortie de la zone
1031060087,-53,6,a0:9f:7a:73:2b:3e,384,-110;-96;8;0;-2;30;-2;31;-1;31;0;31;1;30;3;29;5;28;6;27;7;26;8;26;9;26;10;25;10;25;11;24;12;23;13;22;14;21;16;20;17;20;18;20;18;20;18;21;18;22;18;23;17;23;4;6;0;0;0;0;0;0;0;0;0;0;0;0;0;0;0;0;0;0;-6;2;-22;10;-25;8;-27;4;-28;0;-26;-4;-23;-7;-19;-8;-14;-6;-10;-3;-7;1;-6;6;-7;12;-9;17;-12;20;-17;22;-20;22;-23;22;-25;20;-25;18;-24;17;-21;16;-18;15;-14;16;-11;18;-7;20;-5;23;-111;0;8;-2;8;-2;7;-2;6;-2;4;-2;3;-2;1;-3;0;-2;-1;-2;-1;-2;-1;-3;-2;-4;-3;-4;-3;-5;-4;-5;-5;-5;-5;-5;-4;-4;-4;-5;-4;-5;-4;-6;-4;-6;-4;-6;-4;-5;-4;-5;-3;-5;-2;-5;-2;-5;-1;-2;0;-1;0;0;-1;1;-1;0;1;-3;4;-8;11;-21;12;-20;13;-20;15;-19;16;-18;17;-17;18;-16;19;-15;20;-15;20;-14;21;-14;21;-13;21;-12;20;-10;20;-9;20;-8;20;-7;20;-7;19;-7;18;-7;17;-6;16;-5;16;-4;16;-4;15;-4;14;-4;13;-4;12;-4;-111;0;-20;53;-20;53;-18;53;-17;53;-15;53;-13;53;-11;52;-10;52;-8;52;-6;52;-5;51;-3;51;-2;52;-2;52;-2;53;-2;53;-3;54;-4;54;-5;54;-6;54;-7;53;-8;52;-8;51;-10;51;-12;50;-15;49;-18;48;-20;47;-8;17;-3;5;0;-2;1;-2;0;-1;-2;2;-7;7;-19;20;-19;19;-20;19;-21;19;-21;20;-22;20;-23;21;-24;22;-24;23;-25;24;-25;24;-26;26;-26;27;-26;27;-26;28;-26;28;-26;29;-26;31;-25;33;-25;35;-25;38;-25;40;-24;42;-24;44;-23;46;-22;49;-22;51;-21;53,transition,EXP_S152,ZONE_02,sortie_zone,4.1,sortie_zone,sortie de la zone
1031252291,-53,6,a0:9f:7a:73:2b:3e,384,-110;-96;8;0;-35;0;-35;-1;-33;-1;-31;0;-28;1;-26;3;-24;6;-23;8;-22;10;-22;12;-23;13;-23;14;-23;14;-22;14;-21;14;-20;13;-18;13;-16;14;-15;15;-14;16;-13;17;-13;18;-13;19;-14;20;-15;20;-4;5;0;0;0;0;0;0;0;0;0;0;0;0;0;0;0;0;0;0;-5;-5;-16;-21;-14;-24;-10;-26;-6;-27;-2;-25;1;-22;2;-17;1;-13;-2;-9;-7;-6;-13;-4;-18;-5;-23;-8;-27;-12;-28;-16;-28;-19;-27;-22;-25;-23;-22;-23;-20;-21;-19;-18;-19;-14;-20;-10;-23;-6;-26;-3;-28;-1;-103;0;-2;4;-2;4;-2;4;-2;3;-2;2;-1;1;-2;0;-2;-1;-3;-1;-3;-1;-3;-1;-2;-1;-2;-2;-2;-3;-2;-3;-2;-3;-2;-3;-2;-3;-1;-3;-1;-3;0;-3;0;-3;0;-4;-1;-4;-1;-4;-1;-3;-1;-3;0;-2;0;-1;0;-1;0;0;-1;-1;-1;-1;1;0;4;0;11;1;11;2;11;3;11;3;11;4;10;5;10;6;9;7;9;8;9;8;9;8;8;8;8;8;7;8;6;9;5;9;5;9;5;9;5;9;4;8;3;8;2;8;1;8;1;8;1;8;1;7;1;6;1;6;-103;0;-31;-2;-30;-2;-30;-1;-29;-1;-28;0;-28;1;-27;1;-26;2;-25;2;-24;3;-24;4;-23;5;-23;5;-23;5;-23;5;-23;5;-23;5;-24;5;-24;5;-23;4;-23;4;-23;4;-22;3;-22;3;-22;2;-22;1;-22;0;-22;-1;-8;-1;-3;-1;0;-1;0;0;0;0;-2;-1;-5;-1;-14;-2;-14;-2;-14;-2;-15;-2;-15;-3;-16;-3;-17;-4;-17;-4;-18;-4;-18;-4;-19;-4;-19;-4;-20;-5;-21;-5;-21;-5;-21;-5;-22;-5;-22;-5;-23;-5;-24;-4;-25;-4;-26;-4;-27;-4;-28;-3;-28;-3;-29;-2;-30;-1;-31;-1,transition,EXP_S152,ZONE_02,sortie_zone,4.1,sortie_zone,sortie de la zone
1031455885,-54,6,a0:9f:7a:73:2b:3e,384,-110;-96;8;0;-28;7;-28;7;-27;6;-26;5;-24;6;-21;6;-19;7;-17;9;-15;10;-14;12;-14;14;-13;15;-13;15;-13;15;-13;15;-12;15;-11;15;-10;14;-9;14;-8;14;-7;15;-6;15;-5;16;-5;16;-6;17;-2;4;0;0;0;0;0;0;0;0;0;0;0;0;0;0;0;0;0;0;-5;-4;-19;-15;-18;-18;-15;-20;-12;-22;-9;-22;-6;-21;-4;-18;-3;-14;-5;-10;-7;-7;-11;-4;-16;-3;-20;-4;-24;-6;-27;-8;-28;-11;-28;-14;-27;-16;-25;-16;-23;-16;-21;-14;-20;-11;-19;-8;-19;-3;-21;0;-22;3;-111;0;1;9;0;9;0;9;-1;8;-1;6;-1;5;-2;4;-2;3;-3;2;-3;2;-3;1;-3;1;-3;0;-3;-1;-3;-2;-3;-2;-3;-2;-3;-2;-3;-2;-3;-3;-3;-3;-3;-4;-3;-4;-3;-4;-3;-4;-2;-4;-2;-4;-2;-3;-1;-1;-1;-1;0;0;-2;0;-1;-1;1;-1;6;0;18;0;18;1;18;2;18;4;18;5;18;6;17;7;17;8;17;9;17;10;17;11;16;11;15;12;14;12;13;13;12;13;12;14;11;14;11;14;10;13;9;13;8;13;7;13;7;13;6;13;6;13;5;12;5;12;-111;0;-51;-2;-50;-1;-48;0;-47;1;-45;2;-43;3;-42;5;-41;6;-39;7;-38;8;-37;9;-36;10;-35;11;-35;12;-35;13;-35;13;-34;13;-34;13;-34;13;-34;12;-33;12;-33;11;-33;11;-32;10;-32;9;-32;8;-33;6;-33;4;-12;1;-4;0;1;-1;1;0;0;0;-3;-1;-10;-1;-27;-2;-27;-3;-28;-3;-29;-4;-30;-5;-31;-6;-32;-6;-33;-7;-34;-8;-35;-8;-36;-9;-37;-9;-38;-10;-38;-10;-39;-11;-39;-11;-40;-10;-40;-10;-41;-9;-43;-8;-44;-8;-46;-7;-47;-6;-48;-6;-49;-5;-50;-4;-51;-3;-52;-3,transition,EXP_S152,ZONE_02,sortie_zone,4.1,sortie_zone,sortie de la zone
1031652270,-53,6,a0:9f:7a:73:2b:3e,384,-110;-96;8;0;-22;-27;-21;-27;-20;-25;-18;-23;-17;-20;-17;-16;-18;-12;-20;-9;-21;-6;-23;-5;-25;-4;-26;-4;-27;-4;-26;-5;-25;-5;-24;-4;-22;-3;-21;-2;-19;0;-19;2;-19;5;-19;7;-20;8;-21;8;-23;8;-6;2;0;0;0;0;0;0;0;0;0;0;0;0;0;0;0;0;0;0;1;-7;7;-26;11;-26;16;-25;19;-23;21;-19;21;-15;19;-11;15;-8;10;-8;5;-9;0;-12;-4;-17;-6;-22;-6;-27;-4;-31;-1;-34;1;-36;4;-35;5;-33;5;-30;4;-27;1;-24;-3;-22;-9;-20;-14;-21;-17;-22;-111;0;-6;1;-6;1;-6;1;-6;1;-5;0;-4;-1;-3;-2;-3;-3;-3;-4;-3;-4;-3;-3;-3;-3;-2;-3;-1;-4;-1;-5;-1;-5;-1;-5;-1;-5;-1;-4;0;-4;1;-4;1;-4;2;-4;1;-5;1;-5;1;-4;1;-4;1;-3;0;-1;0;-1;-1;0;-1;-1;-1;-1;0;0;2;2;7;8;7;8;7;9;6;9;6;10;5;10;4;10;3;11;2;12;2;12;2;13;1;12;1;12;0;11;-1;11;-2;11;-3;11;-3;11;-3;10;-3;9;-4;8;-4;7;-5;7;-6;7;-6;6;-6;6;-5;6;-5;5;-111;0;-18;-24;-18;-23;-18;-22;-18;-21;-18;-20;-18;-19;-18;-18;-18;-17;-18;-16;-18;-14;-18;-13;-19;-13;-19;-12;-19;-12;-20;-11;-20;-11;-20;-11;-20;-11;-20;-11;-20;-11;-19;-11;-19;-12;-18;-12;-18;-12;-18;-12;-17;-13;-17;-14;-16;-14;-6;-6;-2;-2;0;0;0;0;0;0;-1;-2;-3;-5;-8;-14;-8;-14;-8;-15;-8;-15;-8;-16;-8;-17;-8;-18;-8;-18;-8;-19;-8;-19;-8;-20;-9;-20;-9;-21;-9;-21;-9;-21;-9;-22;-9;-22;-9;-21;-10;-22;-11;-22;-12;-23;-13;-23;-14;-23;-14;-24;-15;-24;-16;-24;-17;-24;-18;-24,transition,EXP_S152,ZONE_02,sortie_zone,4.1,sortie_zone,sortie de la zone
1031855959,-54,6,a0:9f:7a:73:2b:3e,384,-110;-96;8;0;-19;32;-19;31;-18;29;-15;27;-12;25;-8;24;-4;24;-1;24;2;25;4;26;5;28;5;29;5;29;5;28;5;26;5;25;6;22;8;20;10;18;12;17;14;17;16;17;17;18;18;20;18;21;4;5;0;0;0;0;0;0;0;0;0;0;0;0;0;0;0;0;0;0;-8;0;-31;-1;-32;-5;-32;-11;-29;-16;-25;-18;-20;-19;-15;-17;-11;-13;-9;-7;-9;0;-11;6;-16;11;-21;15;-27;16;-32;15;-36;13;-37;10;-37;7;-35;6;-32;5;-28;6;-24;8;-21;12;-18;16;-17;21;-16;25;-106;0;3;3;2;4;2;4;2;3;1;3;-1;2;-2;2;-3;2;-3;2;-3;2;-3;2;-3;1;-4;1;-4;0;-5;0;-6;0;-6;0;-5;0;-5;-1;-4;-1;-5;-2;-5;-2;-5;-2;-6;-2;-5;-2;-5;-2;-4;-2;-3;-2;-1;-1;-1;-1;0;0;-1;0;-1;0;0;-2;2;-5;6;-14;7;-14;7;-13;8;-13;9;-12;10;-11;11;-10;12;-9;13;-9;13;-8;13;-8;13;-7;13;-6;12;-5;12;-4;12;-3;13;-2;12;-2;12;-2;11;-1;10;0;9;1;9;2;9;2;8;2;8;2;7;1;6;1;-106;0;-16;27;-16;27;-15;27;-14;26;-13;26;-12;25;-11;25;-10;24;-9;24;-8;24;-6;24;-6;24;-5;24;-5;24;-5;24;-5;24;-5;24;-5;24;-5;24;-6;24;-6;24;-6;23;-6;23;-6;23;-7;23;-8;22;-10;22;-11;21;-4;7;-2;2;0;-1;0;-1;0;-1;-1;1;-4;4;-9;13;-9;13;-10;13;-10;13;-11;14;-12;14;-13;14;-14;15;-14;15;-15;15;-15;16;-15;17;-15;17;-16;18;-16;18;-17;18;-16;18;-16;19;-16;19;-16;20;-17;21;-18;22;-18;23;-17;24;-17;25;-16;26;-16;27;-16;28,transition,EXP_S152,ZONE_02,sortie_zone,4.1,sortie_zone,sortie de la zone
1032052242,-54,6,a0:9f:7a:73:2b:3e,384,-110;-96;8;0;24;26;24;26;22;25;21;22;20;18;20;13;20;9;22;5;23;2;25;0;26;-2;27;-3;28;-3;27;-2;26;-2;24;-3;22;-4;20;-6;18;-9;17;-11;16;-13;16;-16;17;-17;18;-18;19;-18;5;-5;0;0;0;0;0;0;0;0;0;0;0;0;0;0;0;0;0;0;-5;6;-18;26;-23;25;-28;22;-31;17;-31;12;-29;8;-25;4;-19;3;-12;3;-6;6;0;11;3;18;4;25;2;31;-1;36;-4;38;-7;39;-10;38;-11;35;-10;32;-8;28;-3;24;2;22;8;21;14;21;18;22;-119;0;6;-1;6;-1;5;0;4;0;4;1;3;1;2;2;1;2;1;3;0;3;0;3;-1;3;-1;3;-2;3;-2;3;-2;3;-2;3;-3;3;-3;3;-3;2;-3;2;-4;2;-4;2;-4;2;-4;2;-3;2;-3;2;-3;1;-2;0;-1;0;0;-1;0;0;0;0;-1;-2;-2;-6;-5;-15;-5;-15;-4;-16;-3;-16;-1;-16;0;-16;1;-16;2;-16;3;-16;4;-16;4;-16;5;-16;5;-15;6;-14;7;-13;7;-13;8;-12;8;-11;8;-11;8;-10;8;-9;8;-8;8;-7;8;-7;8;-6;8;-6;7;-5;7;-4;-119;0;9;29;9;28;9;27;10;26;11;25;11;24;12;23;12;22;13;20;13;19;14;19;14;18;15;17;15;17;16;17;16;16;16;16;16;16;16;16;16;16;16;16;16;16;15;16;15;16;14;17;14;18;13;18;12;19;4;7;1;2;-1;-1;-1;-2;-1;-1;0;1;0;6;2;17;1;17;1;17;0;18;0;18;0;19;0;20;0;21;0;21;0;22;0;22;-1;23;0;23;0;24;0;24;0;24;0;25;1;25;1;25;2;26;3;27;4;27;4;28;5;28;6;29;7;29;7;30;8;30,transition,EXP_S152,ZONE_02,sortie_zone,4.1,sortie_zone,sortie de la zone
1032259202,-54,6,a0:9f:7a:73:2b:3e,384,-110;-96;8;0;-18;28;-18;28;-16;27;-14;25;-10;24;-7;23;-3;23;0;24;3;24;5;25;6;26;6;27;6;27;6;26;6;24;7;22;8;20;9;18;12;16;14;14;16;14;18;14;19;15;20;17;20;18;5;4;0;0;0;0;0;0;0;0;0;0;0;0;0;0;0;0;0;0;-8;-1;-29;-4;-30;-8;-30;-14;-28;-18;-24;-21;-19;-21;-14;-19;-10;-15;-8;-9;-8;-3;-11;3;-15;8;-21;12;-26;13;-31;12;-35;10;-37;8;-37;5;-36;4;-33;3;-29;4;-25;6;-22;9;-19;14;-18;18;-17;22;-116;0;2;3;1;3;1;3;0;2;-1;2;-1;1;-2;1;-3;1;-4;0;-4;0;-4;0;-4;-1;-4;-1;-5;-2;-5;-2;-5;-2;-5;-2;-5;-2;-5;-2;-4;-3;-4;-3;-4;-4;-4;-4;-4;-4;-4;-3;-4;-3;-3;-3;-3;-4;-1;-2;-1;-1;0;0;-1;0;-1;0;0;-2;3;-4;10;-10;11;-9;11;-9;12;-8;12;-7;13;-6;13;-5;14;-5;14;-4;14;-3;14;-3;14;-2;14;-1;13;0;13;0;12;1;12;2;12;2;11;2;10;2;9;3;8;3;8;3;7;3;7;3;6;3;6;3;5;3;-116;0;-24;19;-23;19;-22;19;-21;19;-20;19;-18;19;-17;19;-16;19;-14;19;-13;19;-12;20;-12;20;-11;20;-11;21;-10;21;-10;21;-10;21;-10;21;-10;21;-10;21;-10;21;-10;21;-10;20;-11;20;-11;20;-12;19;-13;19;-14;18;-6;6;-2;1;0;-1;0;-1;0;-1;-2;0;-5;2;-14;7;-14;7;-15;7;-15;7;-16;7;-17;7;-17;7;-18;7;-19;7;-20;7;-20;8;-21;8;-21;8;-22;8;-22;8;-22;9;-22;9;-23;10;-23;10;-23;11;-23;12;-24;13;-24;14;-24;15;-25;16;-25;17;-25;18;-25;19,transition,EXP_S152,ZONE_02,sortie_zone,4.1,sortie_zone,sortie de la zone
1032454145,-54,6,a0:9f:7a:73:2b:3e,384,-110;-96;8;0;-35;-14;-34;-14;-32;-13;-30;-11;-27;-8;-25;-4;-24;0;-23;4;-23;7;-24;10;-25;12;-25;13;-25;14;-25;14;-23;14;-22;13;-19;13;-17;14;-14;15;-11;17;-10;18;-9;20;-9;22;-9;23;-10;24;-3;6;0;0;0;0;0;0;0;0;0;0;0;0;0;0;0;0;0;0;1;-8;7;-30;12;-30;17;-29;21;-26;23;-21;23;-16;20;-11;15;-8;8;-6;1;-7;-6;-11;-11;-16;-14;-22;-15;-28;-14;-33;-12;-37;-9;-39;-6;-38;-4;-36;-4;-33;-4;-28;-7;-23;-11;-19;-16;-16;-21;-13;-26;-13;-105;0;-5;4;-5;4;-5;4;-5;3;-4;2;-4;1;-4;0;-4;-2;-4;-2;-5;-2;-4;-2;-3;-3;-3;-3;-2;-4;-2;-5;-2;-5;-3;-5;-3;-5;-2;-4;-1;-4;-1;-5;0;-5;0;-5;0;-5;-1;-5;-1;-5;0;-4;0;-4;0;-2;0;-1;0;0;-1;-1;-1;-1;1;0;4;2;13;7;12;8;12;9;12;9;11;10;10;11;9;12;8;12;8;13;8;14;7;14;6;14;5;14;4;14;3;14;2;14;1;14;1;14;1;13;1;12;0;11;-1;11;-2;10;-3;10;-3;10;-3;9;-3;9;-3;8;-105;0;-28;-14;-28;-13;-28;-12;-27;-11;-27;-10;-26;-9;-26;-7;-25;-6;-25;-5;-24;-4;-24;-3;-24;-2;-24;-2;-25;-1;-25;-1;-25;0;-25;0;-25;0;-25;0;-25;0;-24;-1;-24;-1;-24;-1;-23;-1;-23;-2;-23;-3;-23;-4;-23;-5;-8;-2;-3;-1;0;0;0;0;0;0;-2;-1;-5;-4;-13;-10;-13;-10;-13;-11;-13;-11;-14;-12;-14;-12;-15;-13;-15;-14;-15;-14;-16;-15;-16;-15;-17;-15;-17;-16;-17;-17;-17;-17;-17;-17;-18;-17;-19;-16;-20;-16;-21;-16;-22;-16;-23;-16;-24;-16;-25;-16;-26;-15;-27;-15;-27;-15;-28;-15,transition,EXP_S152,ZONE_02,sortie_zone,4.1,sortie_zone,sortie de la zone
1032652181,-54,6,a0:9f:7a:73:2b:3e,384,-110;-96;8;0;-29;19;-28;17;-26;16;-23;15;-19;15;-15;16;-11;17;-8;19;-6;21;-5;24;-4;26;-5;27;-5;27;-5;27;-5;25;-5;23;-3;21;-2;19;1;18;4;18;6;18;8;18;9;20;10;21;10;23;2;5;0;0;0;0;0;0;0;0;0;0;0;0;0;0;0;0;0;0;-6;-4;-22;-16;-21;-19;-18;-23;-14;-25;-10;-25;-6;-23;-3;-19;-3;-14;-4;-8;-7;-3;-12;0;-18;2;-24;2;-29;0;-32;-3;-34;-7;-33;-9;-31;-11;-29;-11;-26;-10;-23;-7;-21;-3;-20;2;-20;8;-22;12;-23;16;-115;0;-2;5;-2;5;-2;5;-3;4;-3;3;-3;2;-4;2;-5;1;-5;1;-5;0;-5;0;-5;-1;-5;-1;-5;-2;-5;-2;-5;-3;-5;-3;-5;-3;-4;-3;-4;-3;-4;-4;-3;-4;-3;-4;-3;-4;-3;-4;-3;-4;-3;-4;-2;-4;-1;-2;-1;-1;0;0;-1;0;-1;0;1;-1;4;-2;11;-5;12;-4;12;-4;12;-3;13;-2;13;-1;13;0;13;1;13;2;13;3;12;4;12;4;11;5;10;5;10;6;9;6;9;7;8;7;7;7;7;7;6;7;5;7;4;7;3;8;3;7;2;7;2;7;1;6;-115;0;-27;9;-26;10;-26;10;-25;10;-24;11;-23;11;-22;11;-21;12;-20;12;-19;12;-19;13;-18;13;-18;14;-18;14;-18;14;-18;14;-18;14;-18;14;-18;14;-18;14;-18;13;-18;13;-18;12;-18;12;-19;11;-19;10;-20;9;-20;9;-8;3;-3;0;0;-1;0;-1;0;-1;-2;0;-5;1;-14;3;-14;3;-15;3;-15;3;-15;2;-16;2;-17;2;-18;2;-18;2;-19;2;-19;2;-20;2;-20;2;-21;2;-21;2;-21;2;-21;3;-22;3;-22;4;-23;4;-24;5;-24;5;-25;6;-25;7;-26;7;-26;8;-27;9;-27;9,transition,EXP_S152,ZONE_02,sortie_zone,4.1,sortie_zone,sortie de la zone
1032854630,-53,6,a0:9f:7a:73:2b:3e,384,-110;-96;8;0;-34;11;-33;10;-31;9;-27;9;-24;10;-20;12;-17;15;-15;17;-14;20;-13;23;-13;24;-14;25;-14;25;-14;24;-14;23;-13;21;-11;20;-8;18;-5;18;-3;19;-1;20;1;21;1;23;1;24;0;25;0;6;0;0;0;0;0;0;0;0;0;0;0;0;0;0;0;0;0;0;-6;-5;-21;-20;-18;-23;-15;-26;-10;-28;-6;-27;-2;-24;0;-19;-1;-14;-4;-9;-8;-5;-14;-2;-20;-2;-26;-3;-30;-6;-32;-10;-33;-14;-32;-16;-30;-18;-27;-17;-25;-15;-23;-12;-22;-7;-22;-2;-24;3;-26;7;-28;10;-117;0;-2;5;-2;5;-2;5;-2;4;-2;3;-2;2;-4;1;-5;1;-5;1;-5;1;-5;0;-4;0;-4;-1;-5;-2;-5;-3;-6;-3;-6;-2;-5;-2;-5;-2;-4;-3;-3;-3;-3;-4;-4;-5;-4;-4;-4;-4;-4;-3;-3;-3;-2;-3;-1;-1;-1;-1;0;0;-1;0;-1;0;1;-1;4;-3;11;-7;12;-6;12;-6;12;-5;12;-4;12;-3;12;-2;13;0;13;0;14;1;13;1;13;2;12;2;11;3;10;5;10;6;10;6;10;6;9;5;8;5;7;5;5;6;5;7;5;7;4;7;4;7;3;6;3;5;-117;0;-26;14;-26;14;-25;14;-24;15;-23;15;-22;15;-21;15;-20;15;-19;15;-18;16;-17;16;-17;16;-17;16;-17;17;-17;17;-16;17;-16;17;-16;17;-16;17;-17;17;-17;16;-17;16;-17;15;-17;14;-18;14;-18;13;-19;12;-19;11;-7;4;-3;1;0;-1;0;-1;0;-1;-2;0;-5;2;-13;6;-13;6;-14;6;-14;6;-15;6;-16;6;-17;6;-17;6;-18;6;-18;6;-19;6;-20;7;-21;6;-21;6;-22;6;-22;6;-22;6;-22;7;-22;8;-23;9;-24;10;-25;11;-25;11;-25;12;-26;12;-26;13;-27;14;-27;14,transition,EXP_S152,ZONE_02,sortie_zone,4.1,sortie_zone,sortie de la zone
1033052753,-54,6,a0:9f:7a:73:2b:3e,384,-110;-96;8;0;-32;14;-31;14;-29;13;-25;12;-22;13;-18;14;-15;16;-12;18;-10;21;-9;23;-9;25;-10;26;-10;26;-10;25;-10;24;-9;22;-7;20;-5;19;-2;18;1;18;3;19;4;20;5;22;5;24;5;25;1;6;0;0;0;0;0;0;0;0;0;0;0;0;0;0;0;0;0;0;-6;-4;-21;-18;-20;-22;-16;-25;-12;-27;-7;-26;-3;-23;-1;-19;-1;-13;-3;-8;-7;-3;-13;0;-19;1;-25;0;-30;-3;-33;-7;-33;-10;-33;-13;-31;-15;-28;-15;-25;-13;-23;-10;-21;-5;-21;0;-22;5;-24;10;-26;12;-109;0;-3;5;-3;5;-3;4;-3;4;-3;3;-3;2;-4;0;-5;0;-5;0;-5;-1;-5;-1;-4;-1;-4;-2;-4;-3;-4;-4;-5;-4;-5;-4;-5;-4;-4;-4;-3;-4;-3;-4;-2;-5;-3;-5;-3;-5;-3;-5;-3;-4;-2;-4;-1;-4;-1;-2;0;-1;0;0;-1;0;-1;0;1;-1;4;-2;12;-4;13;-3;13;-3;13;-2;13;-1;13;0;13;2;13;3;13;4;13;4;13;5;12;5;11;6;10;6;9;7;8;8;8;8;8;8;7;7;6;7;5;7;4;7;3;8;3;8;2;8;2;7;2;6;1;6;-109;0;-29;7;-28;7;-27;7;-27;8;-26;8;-25;9;-24;9;-23;9;-22;10;-21;10;-21;11;-21;11;-20;11;-20;12;-20;12;-20;12;-20;12;-20;12;-20;12;-20;11;-20;11;-20;10;-20;9;-20;9;-20;8;-21;7;-21;6;-21;5;-8;1;-3;0;0;-1;0;-1;0;-1;-2;0;-5;1;-14;3;-14;2;-14;2;-15;2;-16;2;-17;2;-17;2;-18;1;-18;1;-19;1;-19;2;-20;1;-21;1;-21;1;-22;1;-22;1;-22;1;-22;2;-23;2;-24;3;-25;3;-26;4;-26;4;-27;5;-27;5;-28;6;-28;6;-29;7,transition,EXP_S152,ZONE_02,sortie_zone,4.1,sortie_zone,sortie de la zone
1033253204,-54,6,a0:9f:7a:73:2b:3e,384,-110;-96;8;0;15;-30;15;-29;14;-27;12;-25;9;-23;5;-22;1;-22;-3;-22;-6;-23;-8;-24;-9;-26;-9;-27;-9;-27;-8;-26;-8;-25;-8;-23;-8;-21;-9;-18;-11;-16;-13;-14;-15;-14;-17;-13;-19;-14;-20;-15;-20;-16;-5;-5;0;0;0;0;0;0;0;0;0;0;0;0;0;0;0;0;0;0;6;0;26;3;26;7;25;12;22;15;19;17;14;17;10;14;7;10;6;4;6;-2;9;-7;14;-11;19;-14;24;-14;29;-13;31;-11;32;-8;32;-6;30;-4;27;-5;23;-6;19;-8;15;-12;13;-17;12;-22;13;-25;-113;0;-2;-6;-2;-6;-1;-5;-1;-5;0;-4;1;-4;1;-3;2;-3;3;-3;3;-3;3;-2;3;-2;3;-1;4;-1;4;-1;4;0;4;0;4;0;4;0;4;1;4;1;4;1;4;2;4;2;3;1;3;1;3;2;3;2;1;0;0;0;-1;-1;0;-1;0;-1;-1;1;-4;3;-10;8;-10;8;-11;7;-12;6;-12;5;-13;5;-13;4;-14;3;-14;2;-14;2;-14;1;-14;0;-13;-1;-13;-2;-13;-2;-12;-3;-12;-3;-11;-4;-11;-4;-10;-4;-9;-5;-9;-5;-8;-5;-8;-6;-7;-6;-6;-6;-6;-6;-5;-6;-113;0;19;-21;18;-21;17;-21;16;-21;16;-21;15;-21;14;-21;13;-21;12;-21;11;-21;10;-21;9;-21;8;-21;8;-21;8;-21;8;-22;8;-22;8;-22;8;-21;9;-21;9;-21;9;-21;9;-20;9;-20;10;-20;10;-19;11;-18;12;-18;4;-7;1;-2;-1;0;-1;0;-1;0;1;-1;3;-4;10;-9;10;-9;10;-9;11;-9;12;-9;12;-9;13;-10;13;-10;14;-10;15;-11;15;-11;16;-11;16;-11;16;-12;17;-12;17;-12;17;-13;17;-13;18;-14;18;-15;18;-15;18;-16;19;-17;19;-18;19;-19;19;-20;19;-21;19;-21,transition,EXP_S152,ZONE_02,sortie_zone,4.1,sortie_zone,sortie de la zone
1033452251,-54,6,a0:9f:7a:73:2b:3e,384,-110;-96;8;0;-29;23;-29;22;-27;20;-24;19;-19;18;-15;19;-10;20;-7;22;-3;24;-1;26;0;28;0;29;-1;29;-1;29;-1;27;-1;25;0;23;2;21;5;19;8;18;10;17;13;17;15;18;16;20;16;21;4;5;0;0;0;0;0;0;0;0;0;0;0;0;0;0;0;0;0;0;-6;-5;-24;-18;-22;-23;-18;-27;-14;-29;-9;-29;-4;-26;-1;-21;-1;-15;-3;-9;-7;-3;-12;1;-19;3;-26;3;-31;1;-35;-2;-37;-6;-37;-9;-35;-11;-32;-12;-29;-11;-26;-8;-23;-3;-21;3;-21;9;-22;15;-23;19;-111;0;0;6;0;6;-1;6;-1;5;-2;4;-2;3;-3;2;-4;2;-5;2;-5;2;-5;2;-5;1;-5;0;-5;-1;-6;-2;-6;-2;-6;-2;-6;-2;-5;-2;-5;-2;-5;-3;-5;-3;-5;-4;-5;-4;-5;-3;-5;-3;-4;-3;-3;-3;-1;-1;-1;-1;0;0;-1;0;-1;0;1;-2;4;-4;12;-9;12;-8;13;-8;13;-7;14;-6;14;-4;14;-3;15;-2;15;-1;15;0;15;0;15;1;14;1;13;2;13;3;12;4;12;5;12;5;11;5;10;5;9;5;7;6;7;7;6;7;6;7;6;7;5;6;4;5;-111;0;-26;17;-25;17;-24;17;-23;17;-22;17;-21;18;-20;18;-19;18;-18;18;-17;18;-16;18;-15;19;-15;19;-14;20;-14;20;-14;20;-14;20;-14;20;-14;20;-15;19;-15;19;-15;18;-15;18;-15;18;-15;17;-16;17;-17;16;-18;15;-7;5;-3;1;0;-1;0;-1;0;-1;-2;0;-5;2;-13;6;-14;6;-14;6;-15;6;-15;6;-16;6;-17;6;-18;6;-18;6;-19;6;-19;7;-20;7;-21;7;-21;8;-22;8;-22;8;-22;8;-22;9;-22;10;-23;10;-24;11;-24;12;-25;13;-25;14;-25;15;-25;16;-25;17;-26;17,transition,EXP_S152,ZONE_02,sortie_zone,4.1,sortie_zone,sortie de la zone
1033652279,-54,6,a0:9f:7a:73:2b:3e,384,-110;-96;8;0;24;-27;24;-26;22;-24;19;-22;15;-21;11;-21;7;-22;3;-23;0;-25;-2;-26;-4;-28;-4;-30;-4;-30;-3;-29;-3;-28;-3;-25;-4;-23;-5;-21;-7;-19;-10;-18;-13;-17;-15;-17;-17;-18;-18;-19;-18;-21;-5;-6;0;0;0;0;0;0;0;0;0;0;0;0;0;0;0;0;0;0;6;2;25;12;24;16;22;21;18;24;14;25;9;23;5;20;3;15;4;8;6;2;10;-3;16;-7;23;-8;29;-7;33;-5;35;-2;36;1;35;4;33;5;29;4;25;2;22;-2;20;-7;19;-12;19;-18;20;-22;-114;0;-1;-6;-1;-6;0;-6;0;-5;1;-5;1;-4;2;-3;3;-3;3;-3;4;-3;4;-2;4;-2;4;-1;4;-1;4;0;5;0;5;0;5;0;4;0;4;1;4;1;4;2;4;2;4;2;4;2;3;2;3;2;3;2;1;0;0;0;-1;-1;0;-1;0;-1;-2;0;-5;2;-13;6;-13;5;-14;4;-14;3;-14;3;-15;2;-15;1;-15;0;-15;-1;-15;-2;-15;-2;-15;-3;-14;-3;-14;-4;-13;-5;-12;-6;-12;-6;-12;-6;-11;-6;-10;-6;-9;-7;-8;-7;-8;-7;-7;-8;-7;-8;-6;-7;-5;-7;-5;-7;-114;0;25;-17;24;-18;23;-18;22;-18;21;-18;20;-18;19;-18;18;-19;16;-19;15;-19;13;-20;13;-20;12;-20;12;-21;12;-21;11;-21;11;-21;12;-21;12;-21;12;-21;12;-21;12;-20;12;-20;12;-20;12;-20;13;-19;14;-18;15;-18;5;-7;1;-2;-1;0;-1;0;-1;0;1;-1;4;-2;13;-5;14;-5;14;-5;15;-5;15;-5;16;-5;17;-5;17;-5;18;-5;18;-5;19;-5;20;-6;20;-6;21;-6;21;-7;21;-7;22;-7;22;-8;22;-9;23;-9;23;-10;24;-11;24;-12;24;-13;25;-14;25;-16;25;-17;25;-17,transition,EXP_S152,ZONE_02,sortie_zone,4.1,sortie_zone,sortie de la zone
1033852290,-54,6,a0:9f:7a:73:2b:3e,384,-110;-96;8;0;-29;16;-29;15;-27;14;-24;13;-20;14;-16;14;-13;16;-10;18;-7;20;-6;23;-5;25;-5;26;-6;26;-6;25;-6;24;-5;22;-4;20;-2;19;1;18;3;17;5;17;7;18;9;19;9;21;9;22;2;5;0;0;0;0;0;0;0;0;0;0;0;0;0;0;0;0;0;0;-5;-4;-20;-17;-19;-21;-15;-25;-11;-27;-7;-26;-3;-24;-1;-20;-1;-15;-2;-10;-6;-5;-11;-1;-16;1;-22;0;-28;-2;-31;-5;-32;-9;-32;-12;-31;-13;-28;-14;-26;-12;-23;-10;-21;-6;-20;0;-20;5;-22;10;-23;13;-119;0;-1;10;-2;10;-3;9;-3;8;-4;7;-5;5;-6;3;-8;2;-8;2;-9;1;-8;1;-8;0;-8;-1;-9;-3;-9;-3;-10;-4;-10;-4;-9;-4;-8;-4;-8;-5;-7;-5;-7;-6;-7;-7;-7;-7;-7;-6;-6;-6;-5;-6;-5;-6;-2;-2;-1;-1;0;0;-2;0;-1;0;2;-2;8;-3;24;-8;24;-7;25;-5;25;-3;25;-1;25;0;25;2;26;4;26;6;26;7;25;8;24;9;23;10;21;11;20;12;19;13;18;13;17;14;16;14;14;14;12;14;11;14;9;14;9;14;8;14;7;14;6;13;5;12;-119;0;-52;18;-51;19;-50;20;-48;21;-46;22;-44;22;-42;23;-40;24;-38;25;-37;26;-35;27;-34;28;-33;29;-32;30;-32;30;-32;30;-32;31;-32;31;-32;31;-32;30;-32;30;-32;29;-31;28;-32;28;-32;27;-34;25;-35;24;-36;22;-14;7;-5;2;1;-1;1;-1;0;-1;-3;0;-10;0;-28;2;-28;2;-29;1;-29;1;-31;1;-32;0;-33;0;-35;0;-36;0;-37;0;-38;0;-39;1;-40;1;-41;1;-41;1;-42;1;-42;2;-43;3;-44;4;-45;6;-47;7;-48;8;-49;10;-50;11;-51;13;-52;15;-53;17;-53;18,transition,EXP_S152,ZONE_02,sortie_zone,4.1,sortie_zone,sortie de la zone
1034056369,-54,6,a0:9f:7a:73:2b:3e,384,-110;-96;8;0;-11;-35;-10;-34;-10;-32;-10;-29;-11;-25;-13;-21;-15;-18;-18;-15;-21;-14;-23;-13;-25;-13;-27;-13;-27;-14;-26;-14;-25;-13;-23;-12;-22;-10;-21;-7;-21;-5;-21;-2;-21;1;-23;2;-24;3;-26;3;-27;3;-7;0;0;0;0;0;0;0;0;0;0;0;0;0;0;0;0;0;0;0;5;-5;22;-18;26;-16;29;-12;30;-7;29;-2;26;2;21;3;16;3;10;0;6;-5;3;-11;2;-18;4;-24;7;-29;12;-32;15;-33;19;-32;20;-30;20;-28;19;-25;15;-23;10;-21;4;-21;-1;-23;-5;-25;-9;-28;-117;0;-6;-3;-6;-3;-5;-4;-4;-4;-3;-4;-2;-4;-1;-4;-1;-4;0;-5;0;-5;1;-4;2;-4;2;-4;2;-4;3;-4;3;-4;3;-4;3;-3;4;-3;4;-3;4;-2;4;-2;4;-2;4;-2;4;-2;4;-1;4;-1;4;-1;1;0;0;0;-1;0;-1;-1;0;-1;0;1;0;4;-1;13;-2;13;-3;14;-4;14;-5;13;-6;13;-7;13;-7;12;-8;12;-9;12;-10;11;-10;10;-11;10;-11;9;-11;8;-12;7;-12;6;-11;5;-11;5;-11;4;-11;3;-10;3;-10;2;-10;1;-10;1;-9;0;-9;-1;-8;-1;-117;0;2;-31;2;-30;1;-30;1;-29;0;-28;-1;-28;-2;-27;-2;-26;-3;-25;-4;-25;-4;-24;-5;-24;-6;-24;-7;-24;-7;-24;-7;-24;-7;-24;-7;-24;-7;-24;-7;-24;-6;-24;-6;-24;-5;-23;-4;-23;-4;-24;-3;-24;-1;-24;0;-24;0;-9;0;-3;0;0;-1;0;-1;0;0;-2;1;-6;3;-15;4;-15;4;-16;4;-16;5;-16;5;-17;5;-18;5;-18;6;-19;6;-20;6;-20;7;-20;7;-21;8;-21;8;-21;8;-22;7;-22;7;-23;6;-24;6;-24;6;-25;5;-26;5;-27;5;-28;4;-29;4;-30;4;-31;4;-31,transition,EXP_S152,ZONE_02,sortie_zone,4.1,sortie_zone,sortie de la zone
1034257511,-54,6,a0:9f:7a:73:2b:3e,384,-110;-96;8;0;-36;-5;-35;-5;-33;-5;-30;-4;-27;-1;-24;2;-22;6;-21;9;-21;12;-21;15;-22;17;-22;18;-23;18;-23;17;-22;16;-20;16;-17;15;-15;15;-12;16;-10;17;-8;19;-7;21;-7;22;-8;24;-8;25;-3;6;0;0;0;0;0;0;0;0;0;0;0;0;0;0;0;0;0;0;-3;-7;-7;-28;-4;-31;1;-32;6;-31;10;-29;12;-24;12;-19;9;-14;4;-10;-2;-8;-8;-8;-15;-10;-20;-14;-23;-19;-24;-24;-23;-28;-21;-31;-19;-32;-17;-31;-15;-28;-14;-24;-15;-19;-17;-14;-20;-9;-25;-6;-28;-5;-112;0;-4;3;-5;3;-5;3;-4;2;-4;1;-4;0;-4;-1;-4;-2;-4;-2;-4;-2;-4;-2;-4;-3;-3;-3;-2;-4;-2;-5;-2;-5;-3;-5;-3;-5;-2;-5;-1;-5;-1;-5;0;-5;0;-5;-1;-5;-1;-5;-1;-5;-1;-4;0;-4;0;-2;0;-1;0;0;-1;-1;-1;-1;1;0;4;1;13;3;13;4;13;5;13;6;12;7;11;7;11;8;10;9;10;11;9;11;9;12;8;12;7;11;6;11;5;11;4;12;3;12;3;12;3;11;2;10;1;10;0;9;-1;9;-2;9;-2;9;-2;8;-2;8;-2;7;-112;0;-29;-11;-28;-10;-28;-10;-28;-9;-27;-8;-27;-7;-26;-6;-25;-5;-25;-4;-24;-3;-24;-2;-24;-1;-24;-1;-24;0;-24;0;-25;0;-25;0;-25;0;-25;0;-25;-1;-24;-1;-24;-1;-24;-2;-24;-2;-23;-3;-23;-4;-23;-5;-23;-6;-9;-3;-3;-1;0;0;0;0;0;0;-2;-1;-5;-3;-14;-8;-14;-8;-14;-8;-14;-9;-15;-9;-15;-10;-16;-10;-16;-11;-16;-11;-17;-12;-17;-12;-18;-12;-19;-12;-19;-13;-19;-13;-19;-13;-20;-13;-20;-13;-21;-13;-22;-13;-23;-13;-24;-13;-25;-13;-26;-12;-27;-12;-28;-12;-28;-11;-29;-11,transition,EXP_S152,ZONE_02,sortie_zone,4.1,sortie_zone,sortie de la zone
1034452260,-54,6,a0:9f:7a:73:2b:3e,384,-110;-96;8;0;-38;-2;-37;-3;-35;-2;-31;-1;-28;1;-25;4;-23;8;-21;11;-20;15;-20;18;-21;20;-22;21;-22;21;-22;20;-21;19;-19;18;-17;18;-14;17;-11;18;-9;19;-7;21;-5;22;-5;24;-5;26;-6;27;-2;6;0;0;0;0;0;0;0;0;0;0;0;0;0;0;0;0;0;0;-3;-7;-9;-29;-6;-32;0;-33;5;-33;9;-30;11;-26;11;-20;9;-15;4;-11;-3;-8;-10;-8;-16;-9;-22;-13;-25;-18;-27;-24;-26;-28;-24;-31;-22;-32;-19;-31;-17;-28;-16;-24;-17;-18;-19;-13;-23;-8;-27;-4;-30;-2;-116;0;-4;4;-4;4;-5;3;-4;3;-4;2;-4;0;-4;-1;-4;-2;-4;-2;-4;-3;-4;-3;-4;-3;-3;-4;-3;-4;-3;-5;-3;-5;-3;-5;-3;-5;-2;-5;-2;-5;-1;-5;-1;-5;-1;-5;-1;-5;-1;-5;-1;-5;-1;-4;-1;-4;0;-2;0;-1;0;0;-1;-1;-1;-1;1;0;5;1;13;4;13;4;13;5;13;6;12;7;12;8;11;9;10;10;10;11;9;12;9;12;8;12;7;12;6;12;5;12;4;12;4;12;3;12;3;12;2;11;1;10;0;10;-1;10;-1;9;-2;9;-2;8;-2;8;-2;7;-116;0;-30;-10;-30;-10;-30;-9;-29;-8;-29;-7;-28;-6;-27;-5;-27;-3;-26;-2;-25;-1;-25;0;-25;1;-25;1;-26;1;-26;2;-26;2;-26;2;-26;2;-26;2;-26;1;-25;1;-25;1;-25;0;-25;0;-25;-1;-25;-2;-25;-3;-25;-4;-9;-2;-3;-1;0;-1;0;0;0;0;-2;-1;-6;-3;-15;-9;-15;-9;-15;-9;-15;-9;-15;-10;-16;-10;-16;-11;-17;-12;-17;-12;-18;-12;-18;-13;-19;-13;-19;-13;-20;-14;-20;-14;-20;-14;-21;-14;-21;-13;-22;-13;-23;-13;-24;-13;-25;-13;-26;-13;-27;-12;-28;-12;-29;-11;-30;-11;-31;-11,transition,EXP_S152,ZONE_02,sortie_zone,4.1,sortie_zone,sortie de la zone
1034655372,-54,6,a0:9f:7a:73:2b:3e,384,-110;-96;8;0;10;34;10;33;9;31;9;28;10;24;12;21;14;17;17;15;20;13;22;13;24;13;25;13;25;13;25;14;23;13;22;12;21;10;20;7;20;5;21;2;21;0;23;-1;24;-2;26;-2;27;-1;6;-1;0;0;0;0;0;0;0;0;0;0;0;0;0;0;0;0;0;0;-5;5;-21;20;-25;18;-29;15;-31;10;-30;5;-28;1;-23;-1;-18;-1;-12;1;-7;5;-3;11;-2;17;-3;24;-6;29;-10;32;-14;33;-18;33;-19;31;-20;28;-18;25;-15;23;-10;22;-5;22;0;23;5;25;8;28;-109;0;5;1;5;1;4;2;3;2;3;2;2;2;1;3;0;3;0;3;-1;4;-1;3;-2;3;-2;3;-3;3;-4;3;-4;3;-4;3;-4;3;-4;2;-4;2;-4;1;-5;1;-5;1;-5;1;-5;1;-4;1;-4;1;-4;0;-2;0;-1;0;0;-1;0;0;0;0;-1;-2;-2;-5;-4;-14;-3;-14;-2;-14;-1;-15;0;-15;1;-15;2;-14;3;-14;4;-14;5;-14;6;-14;6;-13;7;-13;8;-12;8;-11;8;-10;9;-9;9;-9;9;-8;8;-7;8;-6;8;-5;8;-5;8;-4;8;-3;8;-3;7;-2;7;-2;-109;0;2;30;2;30;3;29;4;28;4;27;5;26;6;25;6;24;7;24;7;23;8;22;8;22;9;22;9;22;10;22;10;22;10;22;10;22;10;22;9;22;9;22;9;22;8;22;7;22;7;22;5;23;4;23;3;23;1;8;0;2;-1;-1;-1;-1;0;-1;0;1;0;5;0;15;-1;15;-1;16;-2;16;-2;17;-2;17;-2;18;-3;19;-3;19;-3;20;-3;21;-3;21;-3;22;-4;22;-4;22;-4;23;-3;23;-3;23;-3;24;-2;25;-1;26;-1;27;-1;28;0;28;1;29;1;30;2;30;2;30,transition,EXP_S152,ZONE_02,sortie_zone,4.1,sortie_zone,sortie de la zone
1034852599,-54,6,a0:9f:7a:73:2b:3e,384,-110;-96;8;0;20;30;20;30;19;28;18;25;18;21;18;16;20;12;22;9;24;7;27;5;28;5;29;5;29;5;29;5;27;5;26;4;24;2;22;0;21;-3;20;-6;21;-8;21;-10;23;-11;24;-12;25;-11;6;-3;0;0;0;0;0;0;0;0;0;0;0;0;0;0;0;0;0;0;-4;6;-18;24;-22;23;-27;20;-30;16;-30;11;-28;6;-24;3;-18;1;-11;2;-5;5;-1;11;2;18;2;24;0;30;-3;35;-6;37;-10;37;-12;36;-13;33;-12;30;-9;26;-5;24;0;22;6;22;12;23;16;25;-113;0;5;-2;5;-1;5;-1;5;-1;4;-1;2;0;2;2;1;3;2;4;2;4;1;3;1;3;0;3;-1;4;-2;4;-2;5;-1;5;-1;5;-1;4;-2;3;-3;3;-4;3;-4;3;-4;4;-3;4;-3;3;-2;3;-2;2;-1;0;-1;0;0;-1;0;0;0;0;-2;-1;-5;-4;-12;-11;-11;-12;-11;-12;-10;-13;-9;-13;-8;-14;-6;-14;-5;-15;-4;-16;-4;-17;-3;-17;-3;-16;-2;-15;0;-15;1;-14;2;-14;2;-14;3;-14;3;-13;3;-12;3;-11;4;-9;5;-9;5;-9;6;-9;5;-8;4;-7;4;-7;-113;0;20;24;20;23;20;22;20;21;20;20;20;19;20;18;20;17;19;16;20;15;20;14;20;13;21;13;21;13;21;13;21;12;21;12;21;13;21;13;21;13;21;13;20;14;19;14;19;14;18;15;18;16;17;17;16;18;5;6;1;2;-1;-1;-1;-1;-1;-1;1;1;3;4;9;13;8;13;8;13;9;14;9;14;9;15;9;16;9;17;9;18;9;18;9;18;10;19;10;20;10;20;10;21;10;21;10;21;11;21;12;21;13;22;14;22;15;23;15;23;16;23;17;23;18;24;19;24;20;25,transition,EXP_S152,ZONE_02,sortie_zone,4.1,sortie_zone,sortie de la zone
1035052798,-54,6,a0:9f:7a:73:2b:3e,384,-110;-96;8;0;25;20;24;20;23;18;22;16;20;13;20;9;20;6;21;3;23;0;24;-1;25;-2;26;-2;26;-2;26;-2;24;-1;23;-2;21;-3;19;-4;18;-6;17;-9;17;-11;17;-12;18;-13;20;-14;21;-14;5;-4;0;0;0;0;0;0;0;0;0;0;0;0;0;0;0;0;0;0;-1;6;-4;25;-8;26;-13;26;-17;23;-20;20;-20;15;-18;11;-14;8;-8;7;-3;7;3;9;7;14;10;19;10;24;9;29;7;32;4;33;2;33;0;31;0;28;1;25;3;21;7;19;11;17;16;16;20;16;-104;0;4;-3;4;-2;4;-2;3;-1;3;-1;2;0;1;1;1;2;1;2;1;2;1;2;1;2;0;3;-1;3;-1;3;-1;4;-1;4;-1;4;-1;3;-2;3;-2;3;-3;3;-3;3;-3;3;-3;3;-2;3;-2;2;-2;2;-1;0;-1;0;0;-1;0;0;0;0;-2;-1;-4;-3;-11;-8;-11;-8;-10;-9;-10;-10;-9;-11;-8;-11;-7;-12;-6;-12;-6;-13;-5;-13;-5;-13;-4;-13;-3;-13;-2;-13;-1;-12;0;-12;0;-12;1;-12;1;-11;1;-10;1;-10;2;-9;3;-8;3;-8;4;-8;3;-7;3;-7;3;-6;-104;0;19;19;19;19;19;18;19;17;19;16;19;15;19;14;19;13;19;13;19;12;19;11;19;10;19;10;19;10;19;10;20;10;20;10;20;10;19;10;19;10;19;11;18;11;18;11;18;11;17;12;16;13;16;14;15;15;5;5;1;1;-1;-1;-1;-1;-1;-1;1;1;3;3;9;10;9;10;9;11;9;11;9;12;9;12;9;13;10;14;10;14;10;15;10;15;11;16;11;16;11;17;11;17;11;17;11;17;12;17;13;18;13;18;14;18;15;19;16;19;16;19;17;19;18;19;19;19;20;20,transition,EXP_S152,ZONE_02,sortie_zone,4.1,sortie_zone,sortie de la zone
1035252257,-54,6,a0:9f:7a:73:2b:3e,384,-110;-96;8;0;-25;26;-25;25;-23;23;-20;22;-17;21;-12;21;-9;22;-5;23;-3;24;-1;26;0;28;0;29;0;29;0;28;0;27;1;25;2;23;4;21;6;20;8;19;10;18;12;19;14;20;14;21;14;22;3;5;0;0;0;0;0;0;0;0;0;0;0;0;0;0;0;0;0;0;-7;-2;-28;-9;-28;-14;-27;-19;-23;-23;-19;-25;-14;-25;-10;-22;-7;-16;-6;-10;-8;-4;-11;2;-17;6;-23;8;-29;8;-34;6;-37;3;-38;0;-37;-3;-35;-4;-32;-4;-28;-2;-25;1;-22;6;-21;11;-20;16;-21;20;-103;0;1;5;0;4;0;4;0;4;-1;3;-2;2;-3;2;-3;1;-4;1;-4;1;-4;1;-4;0;-4;-1;-4;-1;-5;-2;-5;-2;-5;-2;-5;-2;-4;-2;-4;-2;-4;-3;-4;-3;-4;-3;-4;-3;-4;-3;-4;-3;-3;-3;-3;-3;-1;-1;-1;-1;0;0;-1;0;-1;0;1;-1;4;-3;11;-8;12;-8;12;-7;13;-6;13;-5;13;-4;14;-3;14;-2;14;-1;15;-1;15;0;14;0;14;1;13;2;12;3;12;4;12;4;11;4;10;4;10;5;9;5;8;5;7;5;7;6;6;6;5;5;5;5;4;5;-103;0;-27;16;-26;16;-25;16;-24;16;-23;16;-22;17;-21;17;-20;17;-19;17;-17;18;-16;18;-16;18;-15;19;-15;19;-15;19;-15;20;-15;20;-15;20;-15;20;-15;19;-15;19;-15;19;-15;18;-15;18;-16;17;-17;17;-17;16;-18;15;-7;5;-3;1;0;-1;0;-1;0;-1;-2;0;-6;2;-15;5;-15;5;-16;5;-16;4;-17;4;-18;5;-18;5;-19;5;-20;5;-20;5;-21;5;-21;5;-22;5;-22;5;-23;6;-23;6;-23;6;-23;7;-24;8;-24;8;-25;9;-26;10;-26;11;-26;12;-27;13;-27;14;-27;15;-27;15,transition,EXP_S152,ZONE_02,sortie_zone,4.1,sortie_zone,sortie de la zone
1035452328,-54,6,a0:9f:7a:73:2b:3e,384,-110;-96;8;0;12;-30;12;-29;11;-28;9;-26;7;-24;4;-22;1;-22;-2;-22;-5;-22;-8;-23;-9;-24;-9;-25;-9;-25;-9;-24;-8;-23;-8;-22;-8;-20;-9;-18;-11;-16;-12;-15;-14;-15;-16;-14;-17;-15;-18;-16;-18;-17;-5;-5;0;0;0;0;0;0;0;0;0;0;0;0;0;0;0;0;0;0;6;-2;25;-4;26;-1;27;4;26;9;23;12;19;13;15;12;11;10;8;5;7;0;8;-6;11;-11;15;-15;20;-17;24;-17;27;-16;29;-14;30;-11;29;-9;27;-8;23;-8;20;-10;16;-13;13;-16;11;-20;11;-23;-109;0;-8;-7;-7;-7;-6;-7;-5;-7;-4;-6;-2;-6;0;-6;2;-6;3;-6;3;-6;3;-6;4;-5;5;-3;6;-2;7;-2;8;-2;8;-3;7;-2;7;-2;7;-1;7;0;7;1;7;1;7;1;7;0;6;0;6;0;5;1;1;0;0;0;-1;0;0;-2;0;-1;-1;2;-3;8;-8;22;-9;22;-11;22;-12;22;-14;20;-15;19;-17;18;-18;17;-20;16;-21;16;-21;15;-21;14;-21;12;-21;10;-22;8;-22;6;-23;5;-22;4;-21;4;-20;3;-19;2;-18;0;-17;-1;-17;-2;-17;-3;-15;-3;-14;-3;-13;-3;-109;0;22;-50;21;-49;20;-49;19;-48;17;-48;15;-47;13;-46;11;-45;10;-44;9;-43;7;-43;6;-43;5;-43;4;-43;4;-44;3;-44;3;-45;3;-45;3;-45;4;-44;5;-44;6;-43;7;-42;8;-42;9;-41;11;-40;14;-40;16;-39;6;-15;2;-5;-1;1;-1;1;-1;0;1;-3;4;-9;13;-24;14;-24;15;-24;16;-25;17;-26;17;-27;19;-28;20;-29;20;-29;21;-30;22;-31;23;-31;24;-32;25;-32;26;-32;26;-32;25;-33;25;-34;25;-36;24;-38;24;-40;24;-42;24;-43;24;-45;24;-46;24;-48;24;-49;24;-51,transition,EXP_S152,ZONE_02,sortie_zone,4.1,sortie_zone,sortie de la zone
1035652812,-54,6,a0:9f:7a:73:2b:3e,384,-110;-96;8;0;17;30;16;30;16;28;15;25;15;22;16;18;17;14;19;12;22;10;24;8;26;8;27;8;27;8;26;8;25;8;24;7;22;5;21;3;20;0;20;-2;21;-5;22;-6;23;-7;24;-7;26;-7;6;-2;0;0;0;0;0;0;0;0;0;0;0;0;0;0;0;0;0;0;-4;5;-17;23;-21;22;-26;19;-29;15;-29;10;-27;5;-23;2;-17;1;-11;2;-6;5;-2;10;0;17;1;23;-1;29;-4;33;-8;35;-11;35;-14;34;-14;31;-13;28;-11;25;-7;23;-2;22;3;22;9;23;12;25;-116;0;5;0;5;0;5;0;4;1;3;1;2;2;1;2;0;3;0;3;0;3;-1;3;-1;3;-2;3;-3;3;-3;3;-4;3;-4;3;-3;3;-4;3;-4;2;-4;2;-4;2;-5;2;-4;2;-4;2;-4;2;-4;1;-4;1;-2;0;-1;0;0;-1;0;0;0;0;-1;-2;-2;-5;-6;-13;-5;-14;-4;-15;-3;-15;-2;-15;-1;-15;0;-15;1;-15;2;-15;3;-15;4;-15;4;-15;5;-14;5;-13;6;-12;7;-11;8;-11;7;-10;7;-10;7;-9;7;-8;7;-7;7;-6;8;-6;8;-5;7;-5;7;-4;6;-3;-116;0;6;29;7;29;7;28;7;27;8;26;9;25;9;24;10;23;10;22;11;21;11;21;12;20;12;20;12;20;13;20;13;20;13;20;13;20;13;20;12;20;12;20;11;20;11;20;10;20;9;20;8;21;7;22;6;22;2;8;0;2;-1;-1;-1;-1;-1;-1;0;1;0;5;2;15;1;15;1;15;1;16;1;16;0;17;0;18;0;19;0;19;0;20;0;20;0;21;0;21;-1;22;-1;22;-1;22;0;23;0;23;1;24;2;24;2;25;3;26;3;27;4;27;4;28;5;28;6;29;6;30,transition,EXP_S152,ZONE_02,sortie_zone,4.1,sortie_zone,sortie de la zone
1035852498,-54,6,a0:9f:7a:73:2b:3e,384,-110;-96;8;0;-28;-23;-28;-23;-26;-22;-24;-19;-23;-15;-23;-11;-23;-7;-24;-4;-25;-1;-27;1;-28;2;-29;2;-29;2;-29;2;-27;2;-25;3;-23;4;-21;5;-20;7;-18;10;-18;12;-18;14;-19;15;-20;16;-21;16;-6;4;0;0;0;0;0;0;0;0;0;0;0;0;0;0;0;0;0;0;1;-7;8;-28;12;-28;18;-27;22;-23;24;-19;23;-14;20;-10;15;-7;9;-6;3;-8;-3;-11;-7;-16;-9;-23;-9;-28;-8;-33;-5;-36;-2;-37;0;-37;2;-35;2;-32;0;-28;-3;-24;-7;-22;-12;-20;-17;-19;-21;-20;-117;0;-5;2;-6;2;-6;1;-5;1;-4;0;-3;-1;-3;-2;-3;-3;-3;-4;-3;-4;-3;-4;-2;-4;-1;-4;0;-5;0;-5;0;-6;0;-6;-1;-5;0;-5;0;-4;1;-4;2;-4;2;-4;2;-5;1;-5;1;-4;1;-4;1;-3;0;-1;0;-1;-1;0;-1;-1;-1;-1;1;0;3;3;10;8;10;9;9;10;9;11;8;11;7;12;6;12;5;13;4;14;4;14;3;14;3;14;2;14;1;13;0;13;-1;13;-2;13;-2;12;-2;12;-3;10;-3;9;-4;8;-5;8;-5;8;-5;8;-5;7;-5;6;-4;6;-117;0;-22;-22;-22;-21;-22;-20;-22;-19;-22;-18;-22;-17;-22;-16;-22;-15;-22;-14;-22;-13;-22;-12;-22;-11;-23;-11;-23;-10;-23;-10;-23;-10;-23;-10;-23;-10;-23;-10;-23;-10;-22;-11;-22;-11;-22;-11;-21;-11;-21;-12;-20;-13;-20;-14;-19;-14;-7;-6;-2;-2;0;0;0;0;0;0;-2;-2;-4;-5;-10;-13;-10;-13;-10;-14;-10;-14;-10;-15;-10;-15;-10;-16;-10;-17;-10;-18;-10;-18;-11;-18;-11;-19;-11;-19;-12;-20;-12;-20;-12;-21;-12;-20;-13;-20;-14;-20;-15;-21;-16;-21;-17;-22;-18;-22;-18;-22;-19;-22;-21;-22;-22;-23;-22;-23,transition,EXP_S152,ZONE_02,sortie_zone,4.1,sortie_zone,sortie de la zone
1036053092,-54,6,a0:9f:7a:73:2b:3e,384,-110;-96;8;0;-32;-16;-32;-16;-30;-15;-28;-13;-26;-10;-24;-7;-24;-3;-24;1;-25;4;-26;6;-27;7;-28;8;-28;8;-28;8;-26;7;-25;7;-22;7;-20;8;-18;10;-17;12;-16;14;-16;16;-17;18;-18;19;-19;19;-5;4;0;0;0;0;0;0;0;0;0;0;0;0;0;0;0;0;0;0;-1;-7;-1;-29;3;-30;9;-31;13;-29;17;-25;17;-21;16;-16;13;-12;7;-9;1;-8;-6;-10;-11;-14;-15;-19;-17;-25;-16;-30;-15;-33;-12;-35;-9;-36;-7;-34;-6;-31;-7;-27;-9;-23;-12;-19;-17;-16;-21;-15;-25;-14;-109;0;-5;3;-5;3;-5;3;-4;2;-3;1;-3;0;-3;-2;-3;-3;-4;-3;-4;-3;-4;-3;-3;-3;-2;-4;-1;-4;-1;-5;-2;-6;-2;-5;-2;-5;-1;-4;-1;-4;0;-4;1;-4;1;-5;1;-5;0;-5;0;-5;0;-4;0;-4;0;-2;0;-1;0;0;-1;-1;-1;-1;1;0;4;1;13;3;13;4;13;5;12;6;11;7;11;8;10;9;9;10;9;11;9;12;8;12;8;12;7;11;5;11;4;12;3;12;3;12;2;12;2;11;1;10;0;9;-1;9;-2;9;-3;9;-3;9;-2;8;-2;7;-2;6;-109;0;-28;-14;-27;-14;-27;-13;-27;-12;-26;-11;-26;-10;-25;-9;-25;-8;-24;-7;-24;-6;-24;-5;-24;-5;-24;-4;-25;-4;-25;-3;-25;-3;-25;-3;-25;-4;-25;-4;-24;-5;-24;-5;-24;-5;-23;-6;-23;-6;-23;-7;-22;-8;-22;-9;-22;-10;-8;-4;-3;-2;0;0;0;0;0;0;-2;-1;-5;-3;-14;-9;-14;-9;-14;-9;-14;-9;-15;-10;-15;-10;-15;-11;-16;-12;-16;-13;-16;-13;-16;-13;-17;-13;-17;-14;-18;-14;-18;-15;-18;-15;-19;-15;-19;-15;-20;-14;-21;-14;-22;-15;-23;-15;-24;-15;-24;-15;-25;-15;-26;-15;-27;-15;-28;-15,transition,EXP_S152,ZONE_02,sortie_zone,4.1,sortie_zone,sortie de la zone
1036252545,-54,6,a0:9f:7a:73:2b:3e,384,-110;-96;8;0;27;-16;27;-16;26;-15;23;-14;20;-15;16;-16;13;-17;11;-19;9;-21;7;-23;7;-25;7;-26;7;-26;8;-25;7;-24;6;-22;5;-21;3;-20;0;-19;-2;-19;-4;-20;-5;-20;-6;-22;-6;-23;-6;-24;-2;-7;0;0;0;0;0;0;0;0;0;0;0;0;0;0;0;0;0;0;5;3;21;14;20;18;17;22;13;24;9;25;5;24;2;20;1;15;2;10;5;5;9;1;15;-1;20;-2;26;0;29;3;31;6;31;9;30;11;28;12;26;11;23;9;21;5;20;1;20;-4;21;-9;23;-12;-108;0;0;-10;1;-9;1;-8;2;-7;3;-6;4;-4;5;-3;5;-2;6;-1;6;0;6;1;6;1;6;2;6;3;6;4;6;4;6;5;5;5;5;5;4;5;4;6;4;6;3;6;3;6;3;6;3;6;2;6;2;6;0;2;0;0;-1;-1;1;-1;0;-1;-3;0;-9;2;-25;5;-25;3;-26;1;-26;-1;-26;-3;-26;-4;-26;-6;-26;-7;-25;-9;-25;-10;-24;-11;-23;-12;-22;-13;-21;-13;-20;-14;-19;-15;-18;-15;-16;-16;-15;-16;-13;-16;-12;-16;-10;-15;-9;-15;-8;-15;-7;-14;-6;-14;-5;-13;-5;-13;-108;0;54;-9;53;-10;51;-11;50;-12;48;-13;46;-14;45;-15;43;-17;42;-18;40;-19;39;-20;38;-21;37;-22;37;-23;37;-24;37;-24;36;-24;37;-24;37;-24;37;-23;37;-23;37;-22;37;-22;37;-21;37;-20;38;-18;39;-16;39;-14;14;-5;4;-2;-2;0;-2;-1;-1;-1;3;-1;10;0;28;1;28;1;29;2;29;3;30;3;31;3;32;4;33;4;35;4;36;5;36;5;37;5;38;5;39;5;40;5;41;5;42;4;42;4;43;3;44;2;46;1;47;0;49;-2;50;-3;51;-4;53;-6;54;-7;55;-8,transition,EXP_S152,ZONE_02,sortie_zone,4.1,sortie_zone,sortie de la zone
1036452540,-54,6,a0:9f:7a:73:2b:3e,384,-110;-96;8;0;-9;-34;-8;-34;-8;-32;-8;-29;-9;-25;-11;-22;-14;-19;-17;-17;-20;-16;-22;-15;-24;-15;-25;-15;-25;-15;-24;-15;-23;-14;-22;-13;-21;-11;-20;-8;-20;-6;-21;-3;-22;-1;-23;0;-24;1;-26;1;-27;1;-7;0;0;0;0;0;0;0;0;0;0;0;0;0;0;0;0;0;0;0;5;-5;23;-16;26;-14;29;-10;31;-5;30;0;26;3;21;5;16;5;10;2;6;-3;4;-10;4;-17;5;-23;9;-27;13;-30;17;-31;20;-30;22;-29;22;-26;20;-23;17;-21;13;-20;7;-21;2;-22;-3;-25;-5;-28;-111;0;-6;-2;-5;-2;-5;-2;-4;-3;-3;-3;-2;-3;-1;-3;0;-4;0;-4;0;-4;0;-4;1;-4;1;-3;2;-3;3;-3;3;-3;3;-3;3;-3;3;-3;3;-2;3;-2;4;-2;4;-2;4;-2;4;-2;3;-2;3;-1;3;-1;1;-1;0;0;-1;0;-1;-1;0;-1;0;1;0;4;0;13;-1;13;-2;14;-3;14;-4;14;-4;13;-5;13;-6;13;-7;13;-8;12;-9;12;-9;11;-9;10;-9;10;-10;9;-10;8;-11;7;-11;7;-10;6;-10;5;-10;5;-10;4;-9;3;-9;2;-9;2;-9;2;-8;1;-8;1;-111;0;0;-30;0;-30;-1;-29;-2;-29;-2;-28;-3;-27;-4;-26;-4;-25;-5;-24;-6;-24;-7;-23;-8;-23;-8;-22;-9;-23;-9;-23;-9;-23;-9;-23;-9;-23;-9;-23;-9;-23;-8;-23;-8;-22;-8;-22;-7;-22;-7;-22;-5;-23;-4;-23;-3;-23;-1;-9;-1;-3;0;0;-1;0;-1;0;0;-2;0;-6;2;-16;3;-16;3;-16;4;-16;4;-16;4;-17;5;-18;5;-18;5;-19;5;-19;5;-20;6;-21;6;-21;6;-21;6;-22;6;-22;6;-22;6;-23;5;-23;5;-24;4;-25;4;-26;3;-27;3;-28;2;-28;1;-29;1;-30;1;-31,transition,EXP_S152,ZONE_02,sortie_zone,4.1,sortie_zone,sortie de la zone
1036652264,-54,6,a0:9f:7a:73:2b:3e,384,-110;-96;8;0;29;-11;29;-10;27;-9;25;-9;22;-10;19;-12;16;-14;14;-16;12;-19;12;-21;11;-22;11;-23;12;-23;12;-23;11;-22;10;-21;9;-19;7;-19;4;-19;2;-19;0;-20;-1;-21;-2;-22;-2;-23;-1;-24;-1;-7;0;0;0;0;0;0;0;0;0;0;0;0;0;0;0;0;0;0;4;4;18;17;16;21;13;25;9;26;4;26;1;24;-2;20;-2;15;0;10;4;5;9;2;15;1;20;2;25;5;28;8;29;12;29;15;27;16;25;17;23;16;20;13;19;9;19;4;20;0;22;-5;24;-8;-114;0;1;-10;1;-10;1;-10;1;-9;2;-7;3;-4;4;-2;6;-1;7;-1;7;-1;7;0;6;1;5;2;5;3;6;5;6;5;7;5;6;4;5;4;3;4;2;6;2;6;2;7;3;7;4;6;3;5;2;5;2;5;0;1;0;0;-1;-1;1;-1;0;-1;-3;1;-8;3;-23;9;-24;8;-25;7;-26;5;-26;3;-26;1;-26;-1;-26;-4;-27;-6;-27;-7;-27;-7;-26;-8;-24;-9;-23;-10;-22;-12;-21;-13;-20;-14;-19;-14;-18;-14;-16;-13;-14;-13;-11;-14;-10;-15;-9;-15;-8;-15;-8;-14;-7;-13;-7;-12;-114;0;52;-13;51;-14;50;-14;48;-15;47;-16;46;-16;44;-17;42;-18;40;-19;39;-20;38;-21;37;-22;37;-23;36;-23;36;-24;36;-24;36;-24;37;-24;37;-23;37;-22;37;-21;37;-20;37;-20;37;-19;38;-17;38;-15;39;-13;40;-11;14;-4;4;-1;-2;0;-2;0;-1;0;2;-1;9;-2;27;-6;27;-5;28;-4;28;-4;30;-4;31;-3;32;-3;33;-2;34;-1;35;-1;36;-1;37;-1;38;-1;39;-1;40;-1;41;-1;41;-1;42;-2;43;-3;44;-4;46;-5;47;-6;48;-6;49;-8;50;-9;51;-11;53;-12;54;-13,transition,EXP_S152,ZONE_02,sortie_zone,4.1,sortie_zone,sortie de la zone
1036852472,-54,6,a0:9f:7a:73:2b:3e,384,-110;-96;8;0;-21;-29;-20;-29;-19;-27;-18;-25;-18;-21;-19;-17;-20;-13;-22;-10;-24;-7;-26;-5;-28;-4;-29;-4;-29;-5;-29;-5;-27;-5;-25;-4;-24;-2;-22;-1;-21;2;-21;4;-21;7;-21;9;-22;10;-23;11;-25;11;-7;2;0;0;0;0;0;0;0;0;0;0;0;0;0;0;0;0;0;0;3;-6;16;-23;20;-22;25;-19;27;-15;28;-11;26;-6;22;-3;16;-2;10;-3;4;-6;0;-11;-3;-17;-3;-24;-1;-30;2;-34;5;-36;8;-36;11;-35;12;-33;11;-30;9;-26;4;-24;-1;-22;-7;-22;-12;-23;-15;-25;-116;0;-6;0;-6;0;-6;0;-5;-1;-4;-2;-3;-2;-3;-3;-2;-3;-2;-4;-1;-4;-1;-4;-1;-4;0;-4;0;-4;1;-5;1;-5;1;-5;1;-5;1;-4;2;-4;2;-4;2;-4;2;-4;2;-4;2;-4;2;-3;2;-3;2;-3;0;-1;0;-1;-1;0;-1;-1;-1;-1;0;1;1;4;4;12;3;13;3;13;2;14;1;14;0;14;-1;14;-2;14;-3;14;-3;14;-4;14;-5;13;-5;13;-6;12;-6;11;-7;11;-7;10;-7;10;-7;9;-7;8;-7;8;-7;7;-8;6;-8;6;-8;5;-7;4;-7;4;-7;3;-116;0;-12;-28;-13;-28;-13;-27;-14;-26;-14;-25;-15;-23;-15;-22;-16;-21;-16;-20;-17;-19;-17;-18;-17;-18;-18;-17;-18;-17;-19;-16;-19;-16;-19;-16;-19;-16;-19;-16;-19;-16;-19;-16;-18;-16;-18;-16;-17;-17;-17;-17;-16;-18;-15;-19;-14;-19;-5;-7;-2;-3;0;0;0;0;0;0;-1;-2;-1;-6;-2;-16;-2;-16;-2;-16;-1;-17;-1;-17;-1;-18;-2;-18;-2;-19;-2;-20;-2;-21;-2;-21;-2;-22;-2;-22;-2;-23;-2;-23;-2;-23;-2;-24;-3;-24;-4;-24;-5;-25;-6;-26;-7;-26;-8;-27;-9;-27;-9;-28;-10;-28;-11;-29;-12;-29,transition,EXP_S152,ZONE_02,sortie_zone,4.1,sortie_zone,sortie de la zone
1037052396,-54,6,a0:9f:7a:73:2b:3e,384,-110;-96;8;0;31;-3;30;-3;29;-3;26;-3;23;-5;21;-7;19;-10;17;-13;16;-15;16;-17;17;-19;17;-20;17;-20;17;-19;16;-18;15;-17;13;-17;11;-17;8;-17;6;-18;5;-19;4;-21;4;-22;4;-23;5;-24;1;-6;0;0;0;0;0;0;0;0;0;0;0;0;0;0;0;0;0;0;3;5;13;21;11;24;7;27;2;28;-2;26;-5;23;-6;19;-5;14;-2;10;2;6;8;5;14;5;19;7;23;11;25;14;25;18;24;21;23;22;21;22;19;20;17;17;17;13;17;9;19;5;22;1;25;-1;-106;0;3;-9;3;-9;3;-9;3;-7;3;-6;4;-3;4;-2;5;0;6;0;6;0;6;1;5;2;4;3;4;4;4;6;5;6;5;6;5;6;4;5;3;5;2;6;1;7;1;7;2;8;2;7;2;6;1;6;0;5;0;1;-1;0;-1;-1;1;-1;0;0;-3;0;-9;1;-24;4;-25;3;-26;1;-26;-1;-26;-2;-25;-4;-25;-6;-25;-9;-25;-10;-25;-12;-25;-13;-23;-13;-22;-14;-20;-15;-18;-16;-17;-17;-16;-18;-15;-18;-14;-17;-12;-16;-10;-16;-9;-16;-7;-16;-6;-16;-5;-16;-5;-15;-4;-14;-4;-13;-106;0;54;-1;53;-2;52;-3;50;-4;49;-5;48;-6;46;-7;45;-8;43;-9;42;-10;41;-11;41;-12;41;-14;41;-14;41;-15;41;-15;41;-15;41;-15;41;-14;41;-13;41;-13;41;-12;40;-11;40;-10;41;-8;41;-6;41;-3;41;-1;15;0;4;0;-2;0;-2;-1;-1;-1;2;-1;9;0;27;1;27;1;28;2;29;2;30;3;31;3;32;4;33;5;34;5;35;6;36;6;37;6;38;7;39;7;40;8;40;8;41;8;41;7;43;6;44;5;46;5;48;4;49;3;50;2;51;1;52;0;54;0;55;-1,transition,EXP_S152,ZONE_02,sortie_zone,4.1,sortie_zone,sortie de la zone
1037252267,-54,6,a0:9f:7a:73:2b:3e,384,-110;-96;8;0;2;35;2;34;2;32;3;30;4;27;7;23;10;21;13;19;16;18;18;18;20;18;21;19;21;19;20;19;19;18;19;17;18;15;18;12;18;9;19;7;20;5;22;4;24;4;25;4;26;5;6;1;0;0;0;0;0;0;0;0;0;0;0;0;0;0;0;0;0;0;-6;3;-25;14;-28;12;-31;7;-32;2;-31;-2;-27;-6;-22;-7;-17;-6;-12;-2;-8;3;-6;9;-6;16;-9;22;-13;26;-18;28;-22;29;-25;28;-26;25;-26;23;-24;20;-20;19;-16;19;-10;20;-5;22;-1;25;1;28;-108;0;4;2;4;2;4;2;3;2;2;2;1;2;0;2;-1;3;-1;3;-1;3;-1;3;-2;3;-3;2;-3;2;-4;2;-4;3;-4;3;-4;3;-4;2;-4;1;-4;1;-5;1;-5;1;-5;1;-5;1;-4;1;-4;1;-4;0;-2;0;-1;-1;0;-1;0;0;-1;0;-1;-2;-1;-5;-2;-14;-1;-15;0;-15;1;-15;2;-15;3;-14;4;-14;5;-14;6;-14;7;-14;7;-13;8;-13;8;-12;8;-11;9;-10;9;-9;10;-9;10;-8;9;-7;9;-7;8;-5;8;-4;9;-3;9;-3;8;-3;8;-3;7;-2;6;-2;-108;0;-1;30;0;30;1;29;1;28;2;27;3;27;3;26;4;25;5;24;5;23;6;23;7;23;7;22;8;22;8;22;8;22;9;22;8;23;8;23;8;23;7;23;7;22;6;22;6;22;5;22;4;23;3;23;2;23;0;8;-1;2;-1;-1;0;-1;0;-1;-1;1;-1;5;-3;15;-3;15;-3;15;-4;16;-4;16;-4;17;-5;18;-5;18;-6;19;-6;19;-6;19;-6;20;-6;21;-6;21;-7;22;-6;22;-6;22;-6;22;-5;23;-5;24;-4;26;-4;27;-4;27;-3;28;-3;28;-2;29;-1;30;-1;31,transition,EXP_S152,ZONE_02,sortie_zone,4.1,sortie_zone,sortie de la zone
1037452260,-54,6,a0:9f:7a:73:2b:3e,384,-110;-96;8;0;18;30;17;29;16;28;16;25;15;21;17;18;18;14;20;11;23;9;25;8;26;7;27;7;27;8;26;8;25;7;24;7;22;5;21;3;21;1;20;-2;21;-4;22;-6;23;-7;24;-7;25;-6;6;-2;0;0;0;0;0;0;0;0;0;0;0;0;0;0;0;0;0;0;-4;6;-14;24;-18;23;-23;21;-26;17;-27;12;-26;8;-22;4;-17;3;-11;3;-5;6;-1;11;2;17;3;23;1;28;-2;32;-5;35;-8;35;-11;34;-12;31;-11;28;-9;25;-5;23;0;22;5;22;10;23;14;24;-109;0;5;-2;4;-1;4;0;3;1;3;1;2;2;1;2;1;2;0;2;-1;3;-1;3;-1;3;-2;4;-2;3;-2;3;-2;3;-3;3;-3;3;-3;3;-4;3;-4;3;-4;2;-4;2;-4;2;-4;1;-4;1;-4;1;-4;1;-2;0;-1;0;0;-1;0;0;0;0;-1;-2;-3;-5;-7;-12;-6;-12;-5;-13;-4;-14;-3;-14;-2;-14;-1;-15;0;-15;1;-15;1;-14;2;-14;3;-14;3;-14;4;-13;4;-13;5;-12;5;-11;6;-10;6;-9;6;-9;7;-8;7;-8;6;-7;6;-6;6;-5;6;-5;6;-4;6;-4;-109;0;10;28;10;27;10;27;11;26;11;25;11;24;12;23;12;22;12;21;12;20;13;19;13;19;14;19;15;18;15;18;15;18;15;18;15;18;15;19;14;19;14;19;14;18;13;19;13;19;12;19;11;20;10;21;9;21;3;7;0;2;-1;-1;-1;-1;-1;-1;0;1;1;5;4;15;3;15;3;15;2;16;2;16;2;17;2;17;2;18;2;19;2;20;2;20;2;20;2;21;2;21;2;22;2;23;3;23;3;23;3;23;4;24;5;25;5;25;6;26;7;26;8;27;8;28;9;28;9;29,transition,EXP_S152,ZONE_02,sortie_zone,4.1,sortie_zone,sortie de la zone
1037656612,-54,6,a0:9f:7a:73:2b:3e,384,-110;-96;8;0;-36;1;-35;1;-33;1;-30;1;-27;3;-24;6;-22;9;-20;12;-19;15;-19;18;-20;20;-20;21;-21;21;-20;20;-19;19;-17;18;-15;17;-13;17;-10;18;-8;19;-7;20;-5;21;-5;23;-5;25;-6;26;-2;6;0;0;0;0;0;0;0;0;0;0;0;0;0;0;0;0;0;0;-4;-6;-13;-25;-11;-29;-6;-32;-1;-32;3;-30;6;-26;7;-21;6;-16;2;-11;-3;-8;-10;-6;-16;-7;-22;-10;-26;-14;-28;-19;-28;-23;-27;-26;-25;-27;-22;-27;-20;-24;-19;-21;-18;-16;-19;-11;-22;-6;-26;-2;-29;0;-105;0;-4;4;-4;4;-4;3;-4;2;-4;1;-4;0;-4;-1;-4;-2;-4;-2;-4;-3;-4;-3;-4;-3;-3;-3;-3;-4;-2;-4;-2;-5;-2;-5;-2;-5;-2;-5;-1;-4;-1;-5;-1;-5;-1;-5;-1;-5;-1;-5;-1;-4;0;-4;0;-4;0;-2;0;-1;0;0;-1;-1;-1;-1;1;0;4;0;13;2;13;3;13;4;12;5;12;6;11;7;11;8;10;9;10;9;9;10;9;10;8;11;8;11;7;11;6;11;5;11;4;11;3;11;3;11;2;10;1;9;1;9;0;9;-1;9;-1;8;-1;8;-2;7;-2;7;-105;0;-30;-9;-29;-9;-29;-8;-28;-7;-27;-6;-27;-5;-26;-4;-26;-3;-25;-2;-25;-2;-24;-1;-24;-1;-25;0;-25;1;-25;1;-25;1;-25;2;-25;1;-25;1;-25;1;-24;1;-24;0;-24;0;-24;-1;-24;-2;-23;-3;-23;-4;-23;-5;-9;-2;-3;-1;0;0;0;0;0;0;-2;-1;-5;-3;-14;-7;-14;-8;-15;-8;-15;-8;-15;-9;-16;-9;-16;-10;-17;-10;-17;-10;-18;-11;-18;-11;-18;-11;-18;-12;-19;-12;-19;-13;-20;-13;-20;-12;-21;-12;-22;-12;-23;-11;-24;-11;-25;-11;-26;-11;-26;-11;-27;-11;-28;-11;-29;-11;-30;-11,transition,EXP_S152,ZONE_02,sortie_zone,4.1,sortie_zone,sortie de la zone
1037852297,-53,6,a0:9f:7a:73:2b:3e,384,-110;-96;8;0;34;-12;33;-11;31;-11;28;-11;24;-12;21;-14;18;-16;15;-19;13;-21;12;-24;12;-26;13;-27;13;-27;13;-26;13;-25;11;-23;9;-22;7;-21;4;-21;2;-22;0;-23;-2;-24;-3;-25;-3;-27;-2;-28;-1;-8;0;0;0;0;0;0;0;0;0;0;0;0;0;0;0;0;0;0;5;4;20;20;18;24;14;28;9;30;4;30;0;27;-2;22;-3;16;0;10;4;5;10;2;17;1;23;2;29;5;32;10;33;14;32;17;30;19;28;19;25;17;23;14;22;10;21;4;22;-1;25;-6;27;-10;-105;0;1;-6;1;-6;1;-5;2;-4;2;-3;2;-2;3;-1;3;-1;3;0;3;0;3;1;3;1;3;2;3;2;3;3;3;3;3;3;2;3;2;3;2;3;1;3;1;4;1;4;1;4;1;3;1;3;0;3;0;3;0;1;0;0;-1;-1;0;-1;0;0;-2;0;-5;1;-14;2;-15;1;-15;0;-15;-1;-15;-2;-15;-3;-15;-4;-15;-5;-15;-6;-14;-7;-14;-7;-13;-8;-13;-8;-12;-9;-11;-9;-10;-10;-9;-10;-9;-10;-8;-10;-7;-10;-6;-10;-5;-10;-5;-10;-4;-10;-3;-9;-3;-9;-2;-8;-2;-8;-105;0;30;-2;30;-3;29;-3;28;-4;27;-5;27;-6;26;-6;25;-7;24;-7;23;-8;23;-8;22;-9;22;-9;22;-10;22;-10;22;-10;22;-10;22;-10;22;-10;22;-10;22;-9;22;-9;22;-8;22;-7;22;-6;23;-5;23;-4;23;-3;8;-1;2;0;-1;0;-1;0;-1;-1;1;-1;5;0;15;0;15;0;15;1;16;1;16;1;17;2;18;2;18;2;19;2;20;2;20;3;21;3;21;3;21;3;22;4;22;3;23;3;23;3;24;2;25;2;25;1;26;1;27;0;28;0;29;-1;29;-1;30;-1;31;-2,transition,EXP_S152,ZONE_02,sortie_zone,4.1,sortie_zone,sortie de la zone
1038052221,-53,6,a0:9f:7a:73:2b:3e,384,-110;-96;8;0;-19;-32;-18;-31;-17;-29;-16;-26;-16;-23;-17;-19;-19;-16;-21;-13;-24;-11;-26;-10;-27;-9;-28;-10;-29;-10;-28;-10;-27;-10;-25;-8;-24;-7;-22;-5;-22;-2;-22;0;-22;2;-24;4;-25;5;-26;4;-27;4;-7;1;0;0;0;0;0;0;0;0;0;0;0;0;0;0;0;0;0;0;3;-7;14;-25;18;-25;23;-22;26;-18;26;-13;25;-9;21;-5;16;-4;10;-4;4;-7;0;-12;-3;-18;-3;-24;-1;-30;2;-34;5;-36;8;-36;11;-35;12;-32;11;-29;8;-26;4;-24;-1;-23;-6;-23;-11;-24;-15;-26;-109;0;-6;-1;-6;-1;-6;-1;-5;-1;-4;-1;-3;-2;-2;-3;-1;-4;-1;-5;-1;-5;-1;-4;-1;-4;0;-4;1;-4;2;-5;2;-5;1;-5;1;-5;1;-4;2;-3;2;-3;3;-3;3;-3;3;-3;3;-4;2;-3;2;-3;2;-2;0;-1;0;-1;-1;0;-1;-1;-1;-1;0;1;2;3;6;11;6;12;5;12;5;13;4;13;2;13;1;13;0;14;-1;14;-1;14;-2;14;-2;14;-3;13;-4;12;-5;11;-6;11;-6;11;-7;10;-6;10;-6;9;-6;7;-7;6;-8;5;-8;5;-8;5;-8;5;-7;4;-6;4;-109;0;-14;-29;-14;-28;-14;-27;-14;-26;-15;-25;-15;-24;-15;-23;-15;-22;-15;-21;-16;-20;-16;-20;-16;-19;-17;-19;-18;-18;-18;-18;-18;-18;-18;-18;-18;-18;-18;-19;-17;-19;-17;-19;-16;-19;-16;-19;-15;-19;-14;-20;-13;-21;-12;-21;-11;-22;-4;-8;-1;-3;0;0;0;0;0;0;-1;-2;-2;-6;-6;-15;-5;-16;-5;-16;-5;-16;-5;-17;-5;-18;-5;-18;-5;-19;-5;-20;-5;-20;-5;-21;-5;-21;-5;-22;-5;-23;-5;-23;-5;-23;-5;-23;-6;-24;-7;-24;-8;-25;-8;-25;-9;-26;-10;-27;-10;-27;-11;-27;-12;-28;-12;-29;-13;-29,transition,EXP_S152,ZONE_02,sortie_zone,4.1,sortie_zone,sortie de la zone
1038255313,-53,6,a0:9f:7a:73:2b:3e,384,-110;-96;8;0;14;-34;14;-33;13;-31;11;-28;8;-26;4;-25;0;-24;-4;-24;-7;-25;-10;-26;-11;-27;-12;-28;-11;-28;-11;-27;-10;-26;-10;-24;-10;-22;-11;-20;-13;-17;-15;-15;-17;-14;-19;-14;-21;-15;-22;-16;-22;-17;-6;-5;0;0;0;0;0;0;0;0;0;0;0;0;0;0;0;0;0;0;7;-1;28;0;30;4;30;10;27;14;23;17;19;18;14;16;10;12;7;6;7;0;9;-6;13;-12;19;-16;24;-17;29;-17;33;-15;34;-12;34;-10;33;-8;30;-7;26;-7;21;-10;17;-13;14;-18;12;-22;12;-27;-115;0;-4;-5;-4;-5;-3;-5;-3;-5;-2;-4;-1;-4;0;-3;1;-4;2;-4;2;-4;2;-4;2;-3;3;-2;3;-2;4;-2;5;-2;5;-2;4;-1;4;-1;3;-1;4;0;4;0;4;0;4;0;4;0;4;0;3;0;3;0;1;0;0;0;-1;-1;0;-1;0;-1;-1;1;-3;4;-7;12;-8;11;-9;11;-10;10;-11;10;-11;9;-12;8;-13;7;-14;7;-14;6;-14;6;-14;5;-14;4;-13;3;-13;2;-14;1;-14;0;-13;0;-13;0;-12;-1;-11;-1;-10;-2;-10;-3;-10;-3;-9;-4;-9;-3;-8;-3;-8;-3;-115;0;15;-27;14;-27;13;-27;12;-26;11;-26;10;-26;10;-25;8;-25;7;-25;6;-24;5;-24;4;-24;4;-25;3;-25;3;-25;3;-25;3;-25;3;-25;3;-25;3;-25;4;-25;4;-24;4;-24;5;-24;5;-23;6;-23;7;-23;8;-22;3;-8;1;-3;-1;0;-1;0;-1;0;1;-2;3;-5;10;-12;10;-12;10;-12;11;-12;11;-13;12;-13;12;-13;13;-14;14;-14;14;-14;14;-15;15;-15;15;-16;16;-16;16;-16;16;-16;16;-17;16;-18;16;-18;16;-19;16;-20;16;-21;16;-22;16;-23;16;-24;16;-25;16;-26;16;-27,transition,EXP_S152,ZONE_02,sortie_zone,4.1,sortie_zone,sortie de la zone
1038459813,-53,6,a0:9f:7a:73:2b:3e,384,-110;-96;8;0;33;-13;32;-12;31;-12;28;-12;24;-12;20;-14;16;-17;14;-19;12;-22;11;-24;11;-26;11;-27;12;-27;11;-27;11;-25;10;-24;8;-23;6;-22;3;-21;0;-22;-2;-22;-4;-23;-5;-25;-5;-26;-4;-28;-1;-7;0;0;0;0;0;0;0;0;0;0;0;0;0;0;0;0;0;0;4;5;19;21;17;25;13;29;8;30;3;29;-1;26;-3;21;-3;16;0;10;4;5;10;2;17;1;24;3;29;6;32;10;33;13;32;17;30;18;28;18;25;17;22;14;21;9;21;4;22;-2;25;-7;27;-10;-115;0;0;-6;1;-6;1;-6;1;-5;1;-4;2;-3;2;-2;3;-1;4;-1;4;-1;4;-1;3;0;3;1;3;2;3;3;4;3;4;3;4;2;3;2;2;2;2;3;1;4;2;4;2;4;2;3;2;3;1;3;1;2;0;0;0;0;-1;-1;0;-1;0;-1;-2;0;-5;2;-14;5;-14;4;-15;3;-15;2;-15;1;-15;0;-15;-1;-15;-3;-15;-4;-15;-5;-15;-5;-15;-5;-14;-6;-13;-6;-12;-7;-12;-8;-11;-9;-11;-9;-10;-9;-9;-8;-8;-8;-6;-8;-5;-9;-5;-9;-5;-9;-4;-9;-4;-8;-4;-7;-115;0;29;-8;29;-8;28;-9;27;-9;26;-9;25;-10;24;-10;23;-11;22;-11;21;-12;21;-12;20;-13;20;-13;20;-14;20;-14;20;-14;20;-14;20;-14;21;-14;21;-13;21;-13;20;-12;20;-12;20;-11;21;-10;21;-9;22;-8;22;-7;8;-3;2;-1;-1;0;-1;0;-1;0;1;-1;5;-1;15;-3;15;-3;15;-3;15;-3;16;-2;17;-2;18;-2;18;-2;19;-2;19;-2;20;-2;20;-2;21;-2;22;-1;22;-1;23;-1;23;-1;23;-2;23;-3;24;-3;25;-4;26;-4;27;-5;27;-5;27;-6;28;-7;29;-8;30;-9,transition,EXP_S152,ZONE_02,sortie_zone,4.1,sortie_zone,sortie de la zone
1038652132,-54,6,a0:9f:7a:73:2b:3e,384,-110;-96;8;0;-9;31;-9;30;-8;28;-7;26;-4;23;-1;21;2;20;5;20;8;20;10;21;11;22;11;23;12;23;11;23;11;22;10;20;10;18;11;15;13;13;14;12;16;11;17;11;18;11;19;12;20;13;5;3;0;0;0;0;0;0;0;0;0;0;0;0;0;0;0;0;0;0;-7;1;-26;5;-28;2;-29;-3;-28;-7;-25;-11;-21;-13;-17;-12;-12;-9;-9;-5;-8;1;-8;6;-11;12;-15;16;-19;18;-24;19;-27;18;-29;16;-30;14;-29;12;-26;10;-22;10;-18;11;-14;14;-11;17;-9;21;-8;24;-106;0;6;6;6;6;6;7;5;6;3;6;0;5;-2;5;-3;5;-4;6;-4;6;-5;5;-5;4;-6;3;-7;2;-8;2;-9;2;-9;2;-9;2;-8;1;-8;0;-8;-1;-8;-2;-9;-2;-9;-1;-9;-1;-8;-1;-7;-2;-6;-2;-2;-1;-1;-1;0;-1;-1;1;-1;0;0;-3;1;-9;4;-25;5;-25;7;-25;9;-25;10;-24;12;-23;14;-22;16;-21;18;-20;19;-19;20;-18;20;-17;20;-15;20;-13;20;-11;21;-10;21;-8;21;-8;20;-7;19;-5;17;-4;17;-2;16;0;16;1;16;1;15;1;13;1;12;2;-106;0;-19;51;-18;51;-16;50;-15;49;-13;48;-12;47;-10;46;-8;45;-7;44;-5;43;-4;43;-3;43;-3;43;-2;43;-2;43;-1;44;-1;44;-2;44;-2;44;-3;44;-4;43;-5;42;-6;42;-7;42;-8;41;-10;41;-13;41;-15;40;-6;14;-3;4;0;-2;0;-2;0;-1;-1;2;-4;9;-10;25;-11;25;-12;25;-13;26;-14;27;-15;28;-16;28;-17;29;-18;30;-18;31;-19;31;-19;32;-20;33;-21;34;-22;34;-22;35;-21;35;-21;36;-21;38;-20;40;-21;42;-21;43;-21;45;-20;46;-20;47;-20;49;-19;51;-19;52,transition,EXP_S152,ZONE_02,sortie_zone,4.1,sortie_zone,sortie de la zone
1038853686,-54,6,a0:9f:7a:73:2b:3e,384,-110;-96;8;0;12;-35;12;-34;11;-32;9;-30;6;-27;3;-26;-1;-25;-5;-25;-8;-25;-10;-26;-11;-27;-12;-28;-12;-28;-11;-28;-11;-26;-10;-24;-11;-22;-12;-20;-13;-18;-15;-17;-17;-16;-19;-15;-20;-16;-21;-17;-22;-19;-6;-5;0;0;0;0;0;0;0;0;0;0;0;0;0;0;0;0;0;0;6;-2;28;-5;30;-1;31;4;30;9;27;12;22;14;17;13;12;10;9;5;8;-1;9;-8;12;-14;16;-18;22;-20;27;-20;31;-19;33;-17;33;-14;32;-12;29;-11;25;-11;21;-13;17;-15;13;-19;11;-24;10;-28;-103;0;-3;-5;-3;-5;-3;-5;-3;-5;-2;-4;-1;-3;1;-3;2;-3;2;-3;2;-4;2;-3;2;-3;3;-2;3;-1;4;-1;4;-1;4;-1;4;-1;4;-1;3;0;3;0;4;1;4;1;4;1;4;0;3;0;3;0;2;1;0;0;0;0;-1;0;0;-1;0;-1;-1;1;-2;4;-6;12;-7;12;-8;12;-9;11;-9;11;-10;10;-11;9;-12;8;-13;8;-13;7;-14;7;-13;6;-13;5;-13;4;-13;3;-13;2;-13;1;-13;1;-12;1;-11;0;-11;-1;-10;-2;-10;-2;-10;-3;-9;-3;-9;-3;-8;-3;-7;-3;-103;0;15;-28;14;-28;13;-27;12;-27;11;-26;10;-26;9;-26;8;-26;7;-25;6;-25;5;-25;5;-25;4;-25;4;-25;4;-25;4;-25;4;-25;4;-25;4;-25;4;-25;4;-25;5;-25;5;-24;6;-24;7;-24;8;-23;10;-23;11;-22;4;-8;1;-3;-1;0;-1;0;-1;0;0;-2;3;-5;8;-13;9;-13;9;-13;10;-13;10;-14;11;-14;11;-15;12;-15;12;-15;13;-16;13;-16;14;-17;14;-17;15;-17;15;-18;15;-18;15;-18;15;-19;15;-20;15;-21;15;-22;15;-23;15;-24;15;-25;15;-25;15;-26;15;-27;15;-28,transition,EXP_S152,ZONE_02,sortie_zone,4.1,sortie_zone,sortie de la zone
1039052321,-54,6,a0:9f:7a:73:2b:3e,384,-110;-96;8;0;30;18;29;18;28;16;26;14;24;10;23;6;23;2;23;-1;24;-4;25;-7;27;-8;28;-9;28;-8;27;-8;26;-7;24;-8;22;-8;19;-10;17;-11;16;-14;15;-16;15;-18;15;-20;16;-21;18;-21;4;-6;0;0;0;0;0;0;0;0;0;0;0;0;0;0;0;0;0;0;-1;6;-5;28;-10;28;-15;28;-20;25;-22;20;-22;16;-19;11;-14;8;-8;6;-2;7;4;10;9;14;12;20;13;26;12;31;9;34;6;36;4;35;2;33;2;30;3;26;6;22;10;19;15;16;20;15;24;15;-113;0;4;-4;4;-3;4;-3;4;-2;3;-1;3;0;2;1;2;2;2;2;2;2;2;2;1;2;1;3;0;3;0;4;0;4;0;4;0;4;0;4;-1;4;-1;4;-2;4;-2;4;-2;4;-2;4;-1;3;-1;3;-2;2;-1;0;-1;0;0;-1;0;0;0;0;-2;-1;-4;-4;-11;-10;-11;-11;-10;-11;-10;-12;-9;-12;-8;-13;-7;-13;-6;-14;-6;-15;-5;-15;-5;-15;-4;-15;-3;-14;-2;-14;-1;-14;0;-13;0;-13;1;-13;1;-12;1;-12;1;-11;2;-10;3;-10;3;-9;3;-9;3;-8;3;-7;3;-7;-113;0;24;17;24;17;24;16;24;15;23;14;23;12;23;11;23;10;23;9;23;8;23;7;23;6;23;5;23;5;23;5;23;4;24;4;24;4;24;4;24;5;23;5;23;5;23;5;22;5;22;6;22;7;21;8;21;9;7;3;2;1;-1;-1;-1;-1;-1;-1;1;1;3;4;9;11;9;12;9;12;9;13;9;13;9;14;10;15;10;15;10;15;11;16;11;16;12;17;12;17;12;18;13;18;13;18;13;18;14;18;15;18;16;18;17;18;18;19;19;19;20;19;21;19;22;18;23;18;24;18,transition,EXP_S152,ZONE_02,sortie_zone,4.1,sortie_zone,sortie de la zone
1039252308,-54,6,a0:9f:7a:73:2b:3e,384,-110;-96;8;0;30;-19;30;-18;28;-17;25;-16;21;-16;17;-18;14;-19;11;-21;9;-24;8;-26;8;-28;8;-29;8;-29;8;-28;7;-27;6;-25;5;-24;2;-22;0;-22;-3;-21;-5;-22;-6;-23;-7;-24;-7;-26;-7;-27;-2;-7;0;0;0;0;0;0;0;0;0;0;0;0;0;0;0;0;0;0;5;3;23;16;22;20;19;24;14;27;9;27;5;25;2;21;1;15;2;9;5;4;11;0;17;-2;24;-2;29;0;33;3;34;6;34;10;33;12;31;13;28;11;25;8;23;4;21;0;22;-5;23;-11;25;-14;-119;0;0;-6;0;-6;0;-6;0;-6;0;-4;1;-3;2;-2;3;-1;4;-1;4;-1;3;-1;3;-1;3;0;3;1;3;2;4;2;4;2;4;1;3;1;2;2;2;3;2;3;2;4;3;4;3;3;3;2;2;2;1;2;0;0;0;0;-1;-1;0;-1;0;-1;-2;0;-5;2;-13;6;-14;6;-14;5;-14;4;-14;3;-14;2;-14;1;-15;-1;-15;-2;-16;-2;-16;-3;-15;-3;-14;-3;-13;-4;-12;-6;-12;-7;-12;-7;-12;-7;-11;-7;-10;-6;-8;-6;-7;-7;-6;-8;-6;-8;-6;-8;-6;-8;-5;-7;-5;-6;-119;0;27;-13;27;-13;26;-13;25;-14;24;-14;23;-14;22;-14;21;-15;20;-15;19;-15;18;-16;18;-16;18;-17;17;-17;17;-17;17;-17;17;-18;17;-18;18;-18;18;-17;18;-16;18;-16;18;-15;18;-15;19;-14;19;-13;20;-12;21;-11;7;-4;2;-1;-1;0;-1;0;-1;0;1;-1;5;-2;14;-5;14;-5;14;-5;15;-5;16;-5;17;-5;17;-4;18;-4;18;-4;18;-4;19;-5;20;-5;20;-5;21;-5;22;-4;22;-4;22;-5;22;-5;23;-6;23;-7;24;-8;25;-9;26;-9;26;-10;26;-11;27;-12;27;-12;28;-13,transition,EXP_S152,ZONE_02,sortie_zone,4.1,sortie_zone,sortie de la zone
1039456303,-54,6,a0:9f:7a:73:2b:3e,384,-110;-96;8;0;-23;22;-23;21;-21;20;-18;19;-15;18;-12;18;-8;19;-5;20;-3;21;-1;23;-1;24;-1;25;-1;26;-1;25;-1;24;0;22;1;20;3;19;5;17;7;16;9;16;10;17;11;18;12;19;12;20;3;5;0;0;0;0;0;0;0;0;0;0;0;0;0;0;0;0;0;0;-6;-2;-24;-10;-24;-14;-22;-18;-19;-22;-15;-23;-11;-22;-7;-19;-5;-14;-5;-9;-7;-3;-10;1;-15;5;-21;6;-26;6;-30;4;-32;1;-33;-1;-32;-4;-30;-5;-27;-4;-24;-3;-21;0;-19;4;-18;9;-18;13;-19;17;-115;0;1;4;1;4;1;4;0;4;0;3;-1;2;-2;1;-3;1;-4;1;-4;1;-4;1;-4;0;-4;0;-4;-1;-5;-1;-5;-1;-5;-1;-5;-1;-4;-1;-4;-2;-3;-2;-4;-3;-4;-3;-4;-3;-4;-3;-4;-2;-3;-2;-3;-2;-1;-1;-1;-1;0;0;-1;0;-1;0;0;-2;2;-4;7;-10;8;-10;8;-10;9;-9;10;-9;10;-8;10;-7;11;-6;12;-5;13;-5;13;-4;12;-3;12;-3;11;-2;11;0;11;0;11;1;11;1;10;1;9;1;8;2;7;3;7;4;7;4;6;4;6;4;5;3;4;3;-115;0;-20;18;-19;18;-19;18;-18;18;-17;18;-16;18;-15;18;-14;18;-13;18;-12;18;-12;18;-12;18;-11;18;-11;18;-11;19;-11;19;-11;19;-11;19;-11;19;-11;18;-12;18;-12;17;-12;17;-13;16;-14;16;-14;15;-15;15;-16;14;-6;5;-2;1;0;-1;0;-1;0;-1;-2;0;-4;3;-11;8;-11;8;-11;8;-12;8;-12;9;-13;9;-14;9;-14;9;-15;9;-15;9;-15;9;-16;10;-17;10;-17;10;-18;10;-18;10;-18;10;-17;11;-18;12;-18;13;-19;14;-19;14;-19;15;-19;15;-20;16;-20;17;-20;17;-20;18,transition,EXP_S152,ZONE_02,sortie_zone,4.1,sortie_zone,sortie de la zone
1039661301,-54,6,a0:9f:7a:73:2b:3e,384,-110;-96;8;0;36;-1;35;-1;33;-1;31;-2;27;-4;25;-7;22;-10;21;-13;21;-16;21;-18;21;-20;22;-21;22;-21;22;-20;21;-19;19;-18;17;-18;14;-18;12;-19;10;-20;8;-22;8;-23;8;-25;9;-26;10;-27;2;-7;0;0;0;0;0;0;0;0;0;0;0;0;0;0;0;0;0;0;3;5;14;24;12;27;7;30;2;31;-2;30;-5;26;-7;21;-5;16;-2;11;4;7;10;6;16;7;22;9;26;13;28;18;28;22;27;25;25;26;22;26;21;23;19;19;19;15;20;10;23;6;26;2;29;0;-115;0;2;-5;2;-5;2;-5;2;-4;2;-3;2;-2;2;-1;3;0;3;0;4;0;3;0;2;1;2;1;2;2;2;3;3;3;3;3;3;3;2;3;1;3;1;3;0;4;1;4;1;4;1;4;1;3;1;3;0;2;0;0;-1;0;-1;-1;0;-1;0;0;-2;0;-6;0;-14;0;-15;-1;-15;-2;-15;-2;-14;-3;-14;-4;-14;-5;-13;-7;-13;-8;-13;-8;-13;-9;-12;-9;-11;-9;-10;-9;-9;-10;-8;-10;-8;-11;-8;-11;-7;-10;-6;-9;-5;-9;-4;-9;-3;-9;-3;-10;-3;-9;-2;-9;-2;-8;-2;-7;-115;0;31;-1;31;-1;30;-2;29;-3;28;-4;27;-4;27;-5;26;-6;25;-6;25;-7;24;-8;23;-9;23;-9;23;-10;23;-10;23;-10;23;-10;23;-10;23;-10;23;-10;23;-9;23;-9;23;-8;23;-7;23;-7;24;-5;24;-4;24;-3;8;-1;2;0;-1;0;-1;-1;-1;-1;1;0;5;0;15;2;15;2;15;3;16;3;16;3;17;4;18;4;18;4;19;4;19;5;20;5;21;5;21;5;22;5;22;6;22;6;23;5;23;5;24;4;25;4;26;3;27;3;28;2;28;2;29;1;30;0;31;0;31;-1,transition,EXP_S152,ZONE_02,sortie_zone,4.1,sortie_zone,sortie de la zone
1039852236,-54,6,a0:9f:7a:73:2b:3e,384,-110;-96;8;0;5;-33;5;-32;5;-30;3;-28;1;-26;-2;-23;-6;-22;-9;-21;-12;-21;-15;-21;-16;-22;-17;-22;-17;-23;-16;-22;-15;-21;-15;-19;-15;-17;-15;-15;-16;-12;-18;-10;-19;-9;-21;-8;-22;-8;-24;-9;-24;-9;-7;-3;0;0;0;0;0;0;0;0;0;0;0;0;0;0;0;0;0;0;6;-2;26;-5;28;-1;29;4;28;9;25;12;20;13;15;13;11;9;8;4;6;-2;7;-8;9;-13;14;-18;19;-20;23;-21;27;-20;29;-18;30;-16;29;-14;26;-12;22;-12;17;-13;13;-16;9;-19;7;-23;5;-26;-112;0;-4;-4;-4;-4;-3;-4;-3;-4;-2;-3;-1;-3;0;-3;1;-3;1;-4;2;-4;2;-3;2;-3;2;-2;3;-2;3;-2;4;-2;4;-2;4;-2;3;-2;3;-1;4;-1;4;0;4;0;4;0;4;0;3;0;3;0;2;0;0;0;0;0;-1;0;0;-1;0;-1;-1;1;-2;4;-6;11;-7;11;-8;11;-9;11;-9;10;-10;10;-10;9;-11;8;-12;8;-12;7;-13;7;-13;6;-13;5;-12;4;-12;3;-12;2;-12;2;-12;1;-12;1;-11;1;-10;0;-10;-1;-9;-2;-9;-2;-9;-2;-8;-2;-8;-2;-7;-2;-112;0;11;-27;10;-26;9;-26;8;-26;7;-25;7;-25;6;-25;5;-24;4;-23;3;-23;2;-23;1;-23;0;-23;0;-23;0;-23;-1;-23;-1;-23;0;-24;0;-24;0;-24;1;-23;1;-23;1;-23;1;-23;2;-22;3;-22;4;-22;5;-22;2;-8;0;-3;-1;0;-1;0;-1;0;0;-2;2;-5;8;-12;8;-12;8;-12;9;-12;9;-12;10;-13;10;-13;11;-14;11;-14;11;-15;12;-15;12;-16;12;-16;13;-16;13;-17;13;-17;13;-17;13;-18;13;-18;12;-19;12;-20;12;-21;12;-22;12;-23;12;-24;12;-25;11;-26;11;-27,transition,EXP_S152,ZONE_02,sortie_zone,4.1,sortie_zone,sortie de la zone
1040055281,-54,6,a0:9f:7a:73:2b:3e,384,-110;-96;8;0;-7;-32;-7;-32;-7;-30;-7;-27;-8;-24;-10;-21;-13;-19;-16;-17;-18;-16;-20;-16;-22;-16;-22;-16;-22;-16;-22;-16;-21;-15;-20;-14;-19;-12;-19;-9;-19;-7;-20;-5;-21;-3;-22;-2;-24;-2;-25;-3;-25;-3;-7;-1;0;0;0;0;0;0;0;0;0;0;0;0;0;0;0;0;0;0;4;-5;21;-16;24;-14;27;-10;28;-6;27;-1;24;2;19;4;14;3;9;0;5;-4;3;-10;3;-16;5;-22;9;-26;12;-28;16;-29;18;-28;20;-27;20;-24;18;-22;15;-20;11;-19;6;-20;2;-21;-2;-24;-5;-26;-103;0;-10;-3;-10;-3;-10;-3;-9;-2;-6;-2;-4;-3;-2;-5;-1;-7;0;-9;-1;-9;-1;-8;1;-7;2;-6;4;-6;5;-7;6;-8;5;-9;4;-8;4;-6;5;-5;6;-3;7;-3;8;-4;8;-5;7;-5;5;-5;5;-4;4;-3;1;-1;0;0;-1;0;-1;-2;-1;-1;1;2;3;8;9;24;8;25;7;25;5;26;3;26;1;25;-1;25;-4;26;-6;26;-7;27;-8;27;-8;26;-9;24;-11;22;-13;20;-14;19;-15;19;-15;18;-14;17;-13;15;-13;12;-14;10;-15;8;-16;8;-16;7;-15;7;-13;7;-12;6;-103;0;-16;-55;-17;-54;-17;-52;-18;-50;-19;-49;-20;-47;-20;-45;-21;-44;-22;-42;-23;-40;-24;-39;-25;-38;-25;-38;-26;-37;-26;-37;-27;-37;-27;-38;-27;-38;-27;-38;-26;-39;-25;-39;-24;-39;-23;-39;-22;-39;-20;-39;-18;-41;-16;-42;-14;-43;-5;-16;-1;-5;0;1;0;1;0;0;-1;-4;-2;-10;-5;-28;-5;-28;-5;-29;-5;-30;-5;-31;-4;-33;-4;-34;-3;-36;-3;-36;-3;-37;-3;-38;-4;-39;-3;-41;-3;-42;-2;-42;-2;-42;-3;-42;-4;-43;-6;-44;-7;-46;-8;-47;-9;-49;-10;-50;-11;-51;-12;-52;-13;-53;-15;-55;-16;-56,transition,EXP_S152,ZONE_02,sortie_zone,4.1,sortie_zone,sortie de la zone
1040255859,-54,6,a0:9f:7a:73:2b:3e,384,-110;-96;8;0;7;-35;7;-34;7;-33;5;-30;3;-27;-1;-26;-4;-24;-8;-24;-11;-24;-13;-25;-15;-26;-15;-26;-15;-26;-14;-26;-13;-25;-13;-23;-13;-21;-14;-18;-15;-16;-17;-15;-19;-14;-21;-13;-22;-13;-23;-15;-24;-16;-6;-4;0;0;0;0;0;0;0;0;0;0;0;0;0;0;0;0;0;0;6;-3;26;-10;29;-6;31;-2;30;3;28;8;24;10;19;10;14;8;10;3;7;-3;7;-9;9;-15;13;-20;18;-23;23;-24;27;-23;29;-21;30;-19;29;-17;27;-15;23;-14;19;-15;14;-18;10;-21;8;-25;6;-29;-109;0;-4;-4;-3;-4;-3;-4;-2;-4;-1;-4;0;-4;1;-4;1;-3;2;-3;2;-3;3;-2;3;-2;3;-2;3;-1;3;-1;4;-1;4;0;4;0;4;0;4;0;4;0;4;0;4;1;4;1;3;1;3;1;3;1;3;1;1;0;0;0;-1;-1;0;-1;0;-1;-1;1;-3;4;-7;11;-8;11;-9;10;-10;9;-11;9;-11;8;-12;8;-12;7;-13;6;-13;6;-13;5;-14;4;-14;3;-13;2;-13;2;-13;1;-13;0;-12;0;-12;-1;-11;-1;-11;-2;-10;-2;-10;-2;-9;-3;-8;-3;-8;-3;-7;-4;-7;-4;-109;0;17;-26;16;-26;15;-26;14;-25;13;-25;12;-25;11;-25;10;-24;9;-24;8;-24;7;-24;6;-24;6;-24;5;-24;5;-25;5;-25;5;-25;5;-25;5;-25;6;-25;6;-24;6;-24;6;-24;7;-23;8;-23;9;-22;10;-22;11;-21;4;-8;1;-3;-1;0;-1;0;-1;0;1;-2;3;-5;10;-12;10;-12;11;-12;11;-12;12;-12;12;-12;12;-13;13;-13;14;-14;14;-14;15;-15;16;-15;16;-15;16;-15;16;-16;17;-16;17;-16;17;-17;17;-17;17;-18;17;-19;17;-21;17;-22;17;-23;17;-24;17;-25;17;-26;17;-26,transition,EXP_S152,ZONE_02,sortie_zone,4.1,sortie_zone,sortie de la zone
1040452169,-54,6,a0:9f:7a:73:2b:3e,384,-110;-96;8;0;-36;-7;-36;-7;-33;-7;-31;-5;-28;-3;-26;1;-25;4;-24;8;-24;11;-24;13;-26;14;-26;15;-26;15;-26;14;-25;13;-23;13;-20;13;-18;14;-16;15;-14;17;-13;19;-12;20;-13;22;-14;23;-15;24;-4;6;0;0;0;0;0;0;0;0;0;0;0;0;0;0;0;0;0;0;-3;-7;-10;-28;-7;-30;-2;-32;3;-32;7;-30;10;-25;10;-20;8;-15;3;-11;-3;-9;-9;-8;-15;-10;-20;-14;-24;-19;-25;-24;-24;-28;-22;-31;-20;-31;-18;-30;-16;-28;-16;-24;-16;-20;-19;-15;-22;-11;-26;-8;-30;-7;-106;0;-4;3;-4;2;-4;1;-4;0;-4;-1;-4;-1;-4;-2;-3;-2;-3;-3;-3;-3;-2;-4;-2;-4;-2;-4;-1;-4;-1;-5;-1;-5;0;-5;0;-5;0;-5;0;-5;1;-5;1;-5;1;-5;1;-5;1;-4;1;-4;1;-4;1;-4;0;-2;0;-1;-1;0;-1;-1;-1;-1;1;0;4;2;11;7;10;8;10;9;9;10;8;10;8;11;7;12;7;12;6;12;5;13;4;13;3;13;3;13;2;13;1;12;0;12;0;11;-1;11;-2;11;-2;10;-2;10;-3;9;-3;9;-3;8;-4;7;-4;6;-4;6;-4;5;-106;0;-26;-19;-26;-18;-26;-18;-26;-17;-25;-16;-25;-14;-25;-13;-24;-12;-24;-11;-24;-10;-24;-9;-24;-8;-24;-8;-25;-7;-25;-7;-25;-7;-25;-7;-25;-7;-25;-7;-25;-8;-25;-8;-24;-8;-24;-8;-24;-9;-23;-10;-23;-11;-22;-12;-21;-13;-8;-5;-3;-2;0;0;0;0;0;0;-2;-2;-5;-4;-12;-12;-12;-12;-11;-13;-11;-13;-12;-14;-12;-14;-12;-15;-13;-15;-13;-16;-14;-17;-14;-17;-14;-18;-14;-18;-15;-18;-15;-18;-15;-19;-16;-19;-16;-19;-17;-19;-18;-19;-19;-19;-20;-19;-21;-20;-22;-20;-23;-20;-24;-20;-25;-20;-26;-20,transition,EXP_S152,ZONE_02,sortie_zone,4.1,sortie_zone,sortie de la zone
1040652282,-54,6,a0:9f:7a:73:2b:3e,384,-110;-96;8;0;-31;9;-31;8;-29;8;-26;8;-23;9;-20;10;-18;13;-16;15;-14;18;-14;20;-14;21;-14;22;-14;22;-14;21;-14;20;-12;19;-11;18;-9;17;-6;18;-4;18;-3;19;-1;21;-1;22;-2;23;-2;24;-1;6;0;0;0;0;0;0;0;0;0;0;0;0;0;0;0;0;0;0;-5;-5;-20;-18;-18;-21;-15;-25;-11;-27;-6;-26;-3;-24;0;-20;0;-15;-2;-10;-6;-6;-11;-3;-16;-2;-22;-3;-26;-5;-29;-9;-30;-12;-30;-15;-28;-17;-26;-17;-23;-16;-21;-13;-20;-9;-20;-5;-21;0;-23;4;-26;6;-111;0;-3;8;-4;8;-4;7;-4;5;-5;4;-5;2;-6;0;-7;-1;-7;-2;-7;-2;-7;-2;-6;-3;-6;-4;-6;-5;-6;-6;-6;-7;-6;-7;-5;-7;-5;-7;-4;-7;-3;-7;-3;-8;-3;-8;-3;-8;-3;-8;-2;-7;-2;-7;-1;-6;-1;-3;0;-1;0;0;-2;0;-1;0;2;-1;8;-3;23;-6;24;-4;24;-3;24;-1;24;1;24;3;24;5;24;7;24;9;24;10;23;11;22;12;20;12;18;13;17;14;16;15;15;15;14;16;13;15;11;15;9;15;7;15;6;15;5;15;4;14;3;13;3;12;2;11;-111;0;-55;4;-54;5;-53;6;-52;7;-50;8;-49;9;-47;10;-45;11;-44;12;-42;14;-41;15;-41;16;-40;17;-41;18;-41;18;-41;18;-41;18;-42;17;-42;17;-42;16;-42;15;-41;14;-41;14;-41;13;-42;11;-42;9;-43;7;-43;5;-16;1;-5;0;1;-1;1;-1;0;0;-4;0;-10;0;-28;0;-28;0;-29;-1;-29;-1;-30;-2;-32;-3;-33;-3;-34;-4;-35;-4;-36;-5;-37;-5;-38;-5;-39;-5;-40;-5;-41;-5;-41;-5;-42;-5;-43;-5;-44;-4;-45;-3;-47;-2;-49;-1;-50;-1;-51;0;-53;2;-54;3;-55;4;-56;4,transition,EXP_S152,ZONE_02,sortie_zone,4.1,sortie_zone,sortie de la zone
1040852850,-54,6,a0:9f:7a:73:2b:3e,384,-110;-96;8;0;-10;34;-10;33;-9;31;-8;29;-5;26;-1;24;2;23;6;23;9;23;11;24;12;25;13;26;13;26;12;25;12;24;12;22;12;20;13;17;14;15;16;14;18;13;20;12;21;13;22;14;22;15;5;4;0;0;0;0;0;0;0;0;0;0;0;0;0;0;0;0;0;0;-7;1;-29;5;-31;2;-32;-3;-31;-8;-28;-12;-23;-14;-18;-13;-14;-10;-10;-5;-8;1;-9;7;-12;13;-16;18;-21;20;-26;21;-30;20;-32;18;-33;15;-32;13;-29;12;-25;12;-21;13;-16;16;-13;19;-10;24;-9;27;-116;0;3;3;3;3;2;3;1;3;1;3;0;3;-1;3;-2;3;-2;3;-3;3;-3;2;-3;2;-4;1;-4;1;-5;1;-5;1;-5;1;-5;1;-5;0;-5;0;-5;-1;-5;-1;-5;-1;-5;-1;-5;-1;-4;-1;-4;-1;-4;-1;-2;-1;-1;-1;0;0;-1;0;-1;0;0;-2;1;-5;5;-13;6;-13;7;-13;8;-12;8;-12;9;-11;10;-10;10;-10;11;-9;11;-9;12;-8;12;-7;12;-7;12;-6;12;-5;12;-4;12;-3;11;-2;11;-2;10;-2;10;-1;9;-1;9;0;9;1;8;1;8;1;7;1;6;1;-116;0;-12;28;-12;28;-11;27;-10;27;-9;27;-8;26;-7;26;-6;25;-5;25;-4;25;-3;24;-2;24;-1;24;-1;24;0;24;0;24;0;25;0;25;0;25;-1;25;-1;24;-1;24;-2;24;-2;23;-3;23;-4;23;-5;23;-6;23;-3;8;-1;2;0;-1;0;-1;0;-1;-1;1;-4;4;-9;12;-10;12;-10;12;-11;12;-11;13;-12;13;-12;14;-13;14;-13;15;-14;15;-14;15;-14;16;-15;16;-15;16;-15;17;-15;17;-15;18;-15;19;-14;19;-14;20;-14;21;-14;23;-14;24;-14;24;-14;25;-14;26;-14;27;-13;28,transition,EXP_S152,ZONE_02,sortie_zone,4.1,sortie_zone,sortie de la zone
1041052434,-54,6,a0:9f:7a:73:2b:3e,384,-110;-96;8;0;-19;-26;-18;-26;-17;-25;-17;-22;-16;-19;-17;-16;-18;-13;-20;-10;-22;-8;-24;-7;-25;-7;-26;-7;-26;-7;-25;-7;-24;-7;-23;-6;-21;-5;-20;-3;-20;-1;-20;2;-20;3;-21;5;-23;5;-24;5;-24;5;-6;1;0;0;0;0;0;0;0;0;0;0;0;0;0;0;0;0;0;0;2;-6;9;-24;13;-24;18;-22;21;-19;22;-14;21;-10;18;-7;13;-5;8;-5;3;-7;-2;-11;-5;-16;-5;-21;-4;-26;-2;-30;1;-32;4;-33;6;-32;7;-30;6;-27;4;-24;1;-22;-3;-21;-8;-20;-12;-21;-15;-22;-104;0;-5;0;-5;0;-5;0;-4;0;-4;-1;-3;-1;-2;-2;-2;-3;-2;-4;-2;-4;-2;-4;-1;-3;0;-3;1;-4;1;-4;1;-5;1;-5;1;-4;1;-4;1;-3;2;-3;2;-3;3;-3;3;-4;2;-4;2;-3;2;-3;1;-2;0;-1;0;-1;-1;0;-1;-1;-1;-1;1;0;3;2;9;8;8;8;8;9;7;9;6;10;5;10;4;11;4;11;3;12;2;12;2;12;1;12;0;12;-1;11;-2;11;-3;11;-3;10;-3;10;-3;10;-3;9;-4;8;-4;7;-5;6;-5;6;-5;6;-5;5;-5;5;-5;4;-104;0;-17;-22;-17;-22;-17;-21;-17;-21;-17;-20;-17;-19;-17;-18;-17;-17;-17;-16;-17;-15;-17;-15;-18;-14;-18;-14;-18;-14;-18;-14;-18;-14;-18;-14;-18;-14;-18;-14;-18;-15;-17;-15;-17;-15;-16;-15;-16;-15;-15;-16;-14;-17;-13;-18;-12;-19;-5;-7;-2;-3;0;0;0;0;0;0;-1;-2;-4;-4;-9;-11;-9;-12;-8;-12;-8;-12;-9;-13;-9;-14;-9;-15;-9;-15;-9;-16;-9;-16;-9;-17;-10;-17;-10;-18;-10;-18;-10;-19;-9;-19;-10;-19;-10;-19;-11;-19;-12;-20;-13;-20;-13;-21;-14;-21;-15;-21;-15;-22;-16;-22;-17;-22;-17;-23,transition,EXP_S152,ZONE_02,sortie_zone,4.1,sortie_zone,sortie de la zone
1041252242,-54,6,a0:9f:7a:73:2b:3e,384,-110;-96;8;0;-33;16;-32;15;-30;14;-27;14;-23;15;-19;16;-16;18;-13;20;-11;23;-10;25;-10;27;-10;28;-10;28;-10;27;-9;26;-8;24;-6;22;-3;21;-1;21;2;21;4;21;6;22;7;24;7;25;6;26;1;6;0;0;0;0;0;0;0;0;0;0;0;0;0;0;0;0;0;0;-6;-5;-22;-21;-20;-25;-16;-29;-11;-31;-6;-31;-2;-28;1;-23;1;-17;-1;-11;-5;-5;-11;-2;-18;0;-25;-1;-30;-4;-34;-7;-36;-12;-35;-15;-34;-17;-31;-17;-28;-16;-25;-13;-23;-8;-22;-3;-23;3;-25;8;-27;12;-105;0;-1;5;-2;5;-2;5;-2;4;-2;3;-3;2;-3;1;-4;0;-4;0;-5;-1;-4;-1;-4;-1;-4;-2;-4;-3;-4;-4;-4;-4;-4;-4;-4;-4;-4;-4;-3;-4;-3;-5;-2;-5;-3;-5;-3;-5;-3;-5;-2;-4;-2;-4;-1;-4;-1;-2;0;-1;0;0;-1;0;-1;0;1;-1;5;-2;14;-5;14;-4;14;-3;15;-2;14;-1;14;0;14;1;14;2;15;3;15;4;14;5;14;5;13;6;12;6;11;7;10;8;10;9;9;9;9;8;8;8;7;8;6;8;5;8;4;8;4;8;3;8;3;7;2;6;-105;0;-31;6;-30;6;-29;6;-28;7;-27;8;-26;8;-26;9;-25;9;-24;10;-23;11;-22;11;-22;12;-22;12;-22;12;-22;12;-22;13;-22;12;-22;12;-22;12;-22;12;-22;11;-22;11;-22;11;-22;10;-23;9;-23;8;-23;6;-24;5;-9;1;-3;0;0;-1;0;-1;0;0;-2;0;-6;0;-16;1;-16;0;-16;0;-17;0;-17;0;-18;0;-19;0;-20;-1;-20;-1;-21;-1;-21;-1;-22;-1;-22;-1;-23;-1;-23;-1;-23;-1;-24;-1;-24;0;-24;0;-25;1;-26;1;-27;2;-28;3;-29;3;-29;4;-30;5;-30;5;-31;6,transition,EXP_S152,ZONE_02,sortie_zone,4.1,sortie_zone,sortie de la zone
1041456134,-54,6,a0:9f:7a:73:2b:3e,384,-110;-96;8;0;22;22;22;22;21;21;19;18;19;15;19;11;20;8;21;5;22;3;24;2;25;1;25;1;26;1;25;1;24;1;23;1;21;0;20;-2;19;-5;18;-7;18;-9;19;-10;20;-10;21;-11;22;-10;5;-3;0;0;0;0;0;0;0;0;0;0;0;0;0;0;0;0;0;0;-2;6;-8;24;-12;24;-16;23;-20;20;-22;16;-21;12;-19;8;-14;5;-9;5;-3;6;2;9;5;14;7;20;7;25;5;29;3;32;0;33;-3;32;-4;30;-4;27;-2;24;1;21;5;19;9;18;14;18;17;19;-118;0;4;-2;4;-2;4;-2;3;-2;2;-1;1;0;1;1;1;2;1;3;1;3;1;2;0;2;-1;2;-1;3;-2;3;-2;4;-1;4;-1;3;-1;3;-2;2;-3;2;-3;2;-3;2;-3;3;-3;3;-2;2;-2;2;-2;1;-1;0;-1;0;0;-1;0;0;0;0;-2;-1;-4;-3;-11;-7;-11;-8;-11;-9;-10;-9;-9;-10;-8;-10;-7;-11;-7;-12;-6;-13;-6;-13;-5;-14;-5;-13;-4;-13;-2;-12;-1;-12;0;-12;0;-12;0;-12;1;-11;1;-10;1;-9;2;-8;3;-8;4;-8;4;-8;3;-7;3;-7;3;-6;-118;0;19;19;19;18;19;17;19;16;19;16;19;15;19;14;19;13;18;12;18;12;18;11;18;11;19;10;19;10;19;10;19;10;19;10;19;10;19;10;19;11;18;11;18;11;17;12;17;12;16;13;15;14;15;15;14;16;5;5;1;1;-1;-1;-1;-1;-1;-1;1;0;3;3;9;9;9;9;9;10;9;10;10;10;10;11;10;12;10;13;10;13;10;13;11;14;11;14;11;15;11;16;11;16;12;16;12;16;12;16;13;16;14;17;15;17;16;18;16;18;17;18;17;18;18;18;19;19;19;19,transition,EXP_S152,ZONE_02,sortie_zone,4.1,sortie_zone,sortie de la zone
1041653208,-54,6,a0:9f:7a:73:2b:3e,384,-110;-96;8;0;-24;-23;-23;-23;-21;-21;-20;-19;-19;-15;-19;-12;-20;-9;-22;-6;-23;-3;-24;-1;-26;0;-27;0;-27;0;-26;0;-25;0;-23;1;-22;2;-20;3;-19;5;-18;7;-18;9;-18;11;-19;12;-20;13;-21;13;-6;3;0;0;0;0;0;0;0;0;0;0;0;0;0;0;0;0;0;0;2;-6;10;-24;13;-23;18;-22;21;-18;22;-14;21;-10;18;-7;13;-5;8;-5;2;-6;-3;-10;-6;-15;-7;-21;-7;-26;-5;-30;-2;-33;1;-33;3;-33;4;-30;4;-28;2;-25;-1;-22;-5;-20;-10;-18;-15;-18;-18;-19;-117;0;-5;1;-5;0;-5;0;-4;-1;-4;-1;-3;-2;-3;-2;-2;-3;-2;-3;-2;-4;-1;-4;-1;-4;0;-4;0;-4;0;-4;0;-5;0;-5;1;-4;1;-4;1;-4;2;-4;2;-4;2;-4;2;-4;2;-4;2;-3;2;-3;2;-3;0;-1;0;-1;-1;0;-1;-1;-1;-1;0;1;2;3;6;10;5;11;4;11;3;12;2;12;2;12;1;12;0;12;0;13;-1;13;-2;13;-2;12;-3;12;-4;11;-5;11;-5;10;-5;10;-5;9;-5;9;-5;8;-6;7;-6;7;-6;6;-6;6;-6;5;-6;4;-6;4;-6;3;-117;0;-15;-24;-15;-23;-15;-22;-16;-21;-16;-20;-16;-19;-16;-18;-17;-17;-17;-16;-17;-15;-17;-14;-18;-14;-18;-14;-19;-13;-19;-13;-19;-13;-19;-13;-19;-13;-19;-13;-19;-13;-19;-13;-18;-13;-18;-13;-17;-14;-17;-14;-16;-15;-15;-16;-15;-16;-5;-6;-2;-2;0;0;0;0;0;0;-1;-2;-2;-5;-5;-14;-4;-14;-4;-14;-4;-14;-4;-15;-4;-15;-4;-16;-4;-17;-4;-17;-5;-18;-5;-18;-5;-19;-5;-19;-5;-20;-5;-20;-6;-20;-6;-20;-6;-21;-7;-21;-8;-21;-9;-22;-10;-22;-11;-23;-11;-23;-12;-24;-13;-24;-14;-24;-14;-25,transition,EXP_S152,ZONE_02,sortie_zone,4.1,sortie_zone,sortie de la zone
1041855712,-54,6,a0:9f:7a:73:2b:3e,384,-110;-96;8;0;35;-1;34;0;33;0;30;-2;27;-3;24;-6;22;-9;20;-13;19;-16;19;-18;20;-20;20;-21;21;-21;20;-20;19;-19;18;-19;16;-18;13;-18;11;-19;8;-20;7;-22;6;-23;5;-25;6;-26;7;-27;2;-7;0;0;0;0;0;0;0;0;0;0;0;0;0;0;0;0;0;0;3;6;11;25;8;28;3;31;-2;31;-6;29;-9;25;-9;20;-8;14;-3;9;2;6;9;5;15;7;21;10;25;14;27;19;26;23;25;26;23;28;20;27;18;25;17;21;17;16;18;11;21;6;25;3;29;1;-106;0;2;-5;2;-5;2;-4;2;-4;2;-3;2;-2;2;-1;3;0;3;1;3;1;3;1;2;1;2;2;1;3;1;3;1;4;1;4;1;4;1;4;0;3;0;4;0;4;0;4;0;4;0;4;0;3;0;3;-1;3;-1;1;-1;0;-1;-1;0;0;0;0;-2;0;-6;-1;-15;-2;-15;-3;-15;-4;-14;-5;-14;-6;-14;-7;-13;-8;-13;-9;-12;-10;-12;-10;-12;-11;-11;-11;-10;-11;-9;-11;-8;-12;-7;-12;-6;-12;-6;-12;-5;-12;-5;-11;-4;-10;-3;-10;-2;-10;-2;-10;-1;-10;-1;-9;-1;-8;0;-7;-106;0;29;5;29;5;29;4;28;4;28;3;27;2;26;1;26;0;25;0;24;-1;24;-2;24;-3;24;-3;24;-4;24;-4;24;-4;24;-4;24;-4;24;-4;24;-3;24;-3;24;-3;23;-2;23;-1;23;0;23;1;23;2;23;3;8;1;2;0;-1;-1;-1;-1;-1;-1;1;0;5;1;14;4;14;4;14;5;14;5;15;6;16;6;16;6;17;7;17;7;18;7;18;8;19;8;19;8;20;9;20;9;20;9;21;9;21;9;22;8;23;8;24;8;25;8;26;8;27;7;28;7;28;7;29;6;30;6,transition,EXP_S152,ZONE_02,sortie_zone,4.1,sortie_zone,sortie de la zone
1042052432,-53,6,a0:9f:7a:73:2b:3e,384,-110;-96;8;0;12;31;11;31;10;29;10;26;11;23;13;19;15;16;17;14;20;13;22;12;23;12;24;12;24;12;24;12;23;12;21;10;20;8;20;6;20;4;20;1;21;-1;22;-2;23;-2;24;-2;25;-1;6;-1;0;0;0;0;0;0;0;0;0;0;0;0;0;0;0;0;0;0;-5;5;-19;19;-22;18;-26;15;-28;10;-28;6;-26;2;-22;0;-16;-1;-11;1;-6;5;-3;10;-1;16;-2;22;-5;27;-8;31;-12;32;-15;31;-17;30;-17;27;-16;25;-13;22;-9;21;-4;20;1;21;5;23;9;25;-107;0;4;1;4;1;4;2;3;2;2;2;1;2;0;2;0;2;-1;2;-1;2;-1;2;-2;2;-3;2;-3;2;-4;2;-4;2;-4;2;-4;2;-4;1;-4;1;-4;0;-4;0;-5;0;-5;0;-5;0;-4;0;-4;0;-4;0;-2;-1;-1;-1;0;-1;0;0;-1;0;-1;-2;-1;-5;-1;-14;0;-14;1;-14;2;-14;3;-14;3;-13;4;-13;5;-13;6;-13;7;-12;7;-12;8;-11;8;-11;9;-10;9;-9;9;-8;9;-7;9;-7;9;-6;9;-6;9;-5;8;-4;8;-3;8;-3;8;-2;8;-2;7;-2;7;-1;-107;0;-3;28;-2;28;-2;28;-1;27;0;26;1;26;1;25;2;24;3;24;3;23;4;23;4;23;5;22;5;22;5;22;5;22;5;22;5;22;5;22;5;22;5;22;4;22;4;22;3;22;2;22;1;22;-1;22;-2;22;-1;8;-1;2;-1;-1;0;-1;0;-1;-1;1;-1;5;-3;14;-3;14;-4;14;-4;14;-4;15;-5;15;-5;16;-5;17;-5;17;-6;18;-6;18;-6;19;-6;19;-7;20;-7;20;-7;20;-7;21;-7;21;-7;22;-6;23;-6;24;-5;25;-5;25;-4;26;-4;27;-4;28;-3;28;-3;29,transition,EXP_S152,ZONE_02,sortie_zone,4.1,sortie_zone,sortie de la zone
1042252423,-54,6,a0:9f:7a:73:2b:3e,384,-110;-96;8;0;29;-22;29;-21;27;-20;24;-19;21;-19;17;-19;14;-21;11;-22;8;-25;6;-27;5;-28;5;-29;6;-30;6;-29;5;-28;5;-26;3;-25;1;-23;-1;-22;-3;-22;-5;-23;-7;-23;-8;-24;-9;-26;-8;-27;-2;-7;0;0;0;0;0;0;0;0;0;0;0;0;0;0;0;0;0;0;6;2;25;13;24;17;22;22;18;25;13;26;8;25;4;21;3;16;3;10;6;4;11;-1;17;-4;23;-5;29;-4;33;-1;36;3;36;6;35;8;33;10;30;9;26;7;24;3;22;-2;21;-8;22;-13;23;-16;-111;0;-1;-6;-1;-6;-1;-6;-1;-5;-1;-4;0;-3;1;-2;3;-2;3;-2;3;-2;3;-2;3;-1;3;0;3;1;4;1;4;1;4;1;4;0;3;0;2;1;2;2;2;3;2;3;3;2;3;2;3;2;2;1;2;1;0;0;0;0;-1;-1;0;-1;0;-1;-2;1;-4;3;-11;8;-12;8;-13;7;-13;7;-13;6;-13;5;-14;3;-15;2;-15;1;-16;1;-16;0;-15;0;-15;-1;-14;-2;-13;-3;-13;-4;-13;-5;-13;-5;-12;-4;-11;-4;-10;-5;-9;-6;-8;-6;-8;-7;-8;-7;-7;-7;-7;-6;-6;-5;-111;0;25;-18;25;-18;24;-18;23;-18;22;-19;21;-19;19;-19;18;-19;17;-19;16;-19;16;-19;15;-19;15;-20;15;-20;14;-21;14;-21;14;-21;14;-21;15;-21;15;-21;15;-20;15;-20;16;-19;16;-18;17;-17;17;-16;18;-15;19;-15;7;-5;2;-2;-1;0;-1;0;-1;0;1;-1;4;-3;13;-8;13;-7;13;-7;14;-8;15;-8;15;-8;16;-8;17;-8;17;-8;18;-8;18;-8;19;-9;20;-8;21;-8;21;-8;21;-8;21;-9;21;-10;22;-11;22;-12;23;-13;24;-13;24;-14;24;-15;24;-15;25;-16;25;-17;26;-18,transition,EXP_S152,ZONE_02,sortie_zone,4.1,sortie_zone,sortie de la zone
1042454368,-54,6,a0:9f:7a:73:2b:3e,384,-110;-96;8;0;-12;34;-12;33;-12;31;-10;29;-7;26;-3;25;1;24;4;24;7;24;10;24;11;25;12;26;12;26;12;26;12;24;11;23;12;20;12;18;14;16;16;14;18;13;19;12;21;13;22;14;22;15;5;3;0;0;0;0;0;0;0;0;0;0;0;0;0;0;0;0;0;0;-8;0;-30;1;-31;-3;-31;-8;-30;-13;-26;-17;-21;-18;-16;-16;-12;-12;-9;-7;-8;-1;-10;6;-13;12;-18;16;-24;18;-29;18;-33;17;-35;14;-35;12;-34;10;-31;8;-27;8;-22;10;-18;13;-15;18;-12;22;-11;26;-109;0;3;3;3;3;3;3;3;3;1;2;0;2;-1;2;-2;2;-3;3;-3;3;-3;3;-3;2;-3;1;-4;1;-5;1;-5;1;-5;1;-4;1;-4;1;-4;0;-4;-1;-5;-1;-5;-1;-5;-1;-5;-1;-4;0;-4;-1;-4;-1;-2;-1;-1;-1;0;-1;-1;0;-1;0;0;-2;1;-5;4;-14;5;-14;6;-14;7;-13;7;-13;8;-12;9;-11;10;-11;11;-10;12;-10;12;-9;12;-9;12;-8;12;-7;12;-6;12;-5;12;-4;12;-4;11;-4;11;-3;10;-2;9;-1;9;0;9;1;9;1;8;1;7;0;7;0;-109;0;-11;29;-11;28;-10;28;-9;27;-8;27;-7;27;-6;26;-5;25;-4;25;-3;24;-2;24;-1;24;-1;24;0;24;0;24;1;24;1;24;0;25;0;25;0;24;0;24;-1;24;-1;23;-2;23;-2;23;-4;23;-5;23;-6;23;-3;8;-1;2;0;-1;0;-1;0;-1;-1;1;-3;4;-9;13;-9;13;-9;13;-9;13;-10;14;-10;14;-11;15;-12;15;-12;15;-12;15;-12;16;-13;16;-13;17;-14;18;-14;18;-14;18;-14;19;-14;19;-13;20;-13;21;-13;23;-13;24;-13;24;-13;25;-13;26;-12;27;-12;28;-12;29,transition,EXP_S152,ZONE_02,sortie_zone,4.1,sortie_zone,sortie de la zone
1042656837,-54,6,a0:9f:7a:73:2b:3e,384,-110;-96;8;0;24;-27;24;-26;22;-25;19;-23;16;-23;12;-23;8;-23;5;-24;2;-26;0;-27;-1;-29;-1;-30;-1;-30;0;-30;0;-28;-1;-26;-2;-25;-4;-23;-6;-21;-9;-21;-11;-20;-13;-21;-14;-22;-14;-23;-14;-24;-4;-7;0;0;0;0;0;0;0;0;0;0;0;0;0;0;0;0;0;0;6;1;27;7;27;12;26;17;23;21;18;23;13;22;9;19;6;15;6;8;7;2;10;-4;15;-8;22;-10;28;-10;32;-8;35;-5;36;-2;36;1;34;2;31;2;27;0;24;-3;21;-7;19;-12;19;-17;19;-21;-111;0;-2;-6;-1;-6;-1;-5;0;-5;1;-4;1;-3;2;-3;2;-2;3;-2;3;-2;3;-1;3;-1;3;0;3;1;3;1;4;1;4;1;4;2;3;2;3;2;3;2;3;3;3;3;3;3;2;3;2;3;2;3;2;3;0;1;0;0;-1;-1;0;-1;0;-1;-2;0;-5;2;-13;6;-13;5;-14;5;-14;4;-15;3;-15;2;-15;1;-15;0;-15;-1;-15;-2;-15;-2;-15;-3;-14;-3;-13;-4;-13;-5;-12;-6;-12;-6;-11;-7;-11;-7;-10;-7;-9;-7;-8;-7;-8;-7;-7;-7;-6;-7;-6;-7;-5;-7;-5;-7;-111;0;27;-14;27;-14;26;-15;25;-15;24;-15;23;-16;22;-16;21;-16;19;-16;18;-17;18;-17;17;-17;17;-18;17;-18;16;-19;16;-19;16;-19;17;-19;17;-19;17;-19;17;-18;17;-18;17;-17;17;-16;18;-16;19;-15;19;-14;20;-13;7;-5;2;-2;-1;0;-1;0;-1;0;1;-1;5;-2;14;-5;14;-5;15;-4;15;-4;16;-4;16;-4;17;-4;18;-5;19;-5;19;-5;20;-5;20;-5;21;-5;22;-5;22;-5;22;-5;23;-5;23;-6;23;-7;24;-7;24;-8;25;-9;25;-10;26;-11;26;-12;27;-12;28;-13;28;-14,transition,EXP_S152,ZONE_02,sortie_zone,4.1,sortie_zone,sortie de la zone
1042852361,-54,6,a0:9f:7a:73:2b:3e,384,-110;-96;8;0;-33;3;-33;2;-31;2;-28;3;-25;4;-22;6;-20;9;-19;12;-18;14;-18;17;-18;18;-19;19;-19;19;-18;19;-18;18;-16;17;-14;16;-12;16;-10;17;-8;18;-6;19;-5;20;-5;21;-6;23;-6;24;-2;6;0;0;0;0;0;0;0;0;0;0;0;0;0;0;0;0;0;0;-4;-6;-14;-22;-12;-25;-8;-28;-3;-29;1;-27;4;-24;5;-19;4;-14;1;-10;-4;-7;-10;-5;-16;-6;-21;-8;-25;-12;-27;-16;-27;-20;-26;-22;-24;-24;-22;-23;-20;-21;-18;-18;-18;-14;-19;-9;-21;-5;-24;-1;-27;1;-104;0;-2;4;-2;4;-3;3;-3;3;-3;2;-3;1;-3;0;-3;0;-4;-1;-4;-1;-4;-1;-3;-2;-3;-2;-3;-3;-3;-4;-3;-4;-3;-4;-3;-4;-2;-4;-2;-4;-2;-4;-2;-4;-2;-5;-2;-5;-1;-4;-1;-4;-1;-4;-1;-3;-1;-1;0;-1;0;0;-1;0;-1;-1;1;-1;4;-1;12;0;12;0;12;1;12;2;12;3;12;4;11;5;11;6;11;6;11;7;10;7;9;8;9;8;8;8;7;9;6;9;6;9;5;9;5;9;4;9;4;8;3;8;2;8;2;8;1;8;1;7;0;6;0;6;-104;0;-28;-3;-28;-2;-28;-2;-27;-1;-26;0;-25;0;-25;1;-24;2;-23;3;-23;3;-22;4;-22;5;-22;5;-22;6;-22;6;-22;6;-22;6;-23;6;-23;5;-23;5;-22;5;-22;4;-22;4;-22;4;-22;3;-22;2;-22;0;-22;-1;-8;-1;-3;-1;0;-1;0;0;0;0;-2;-1;-5;-1;-14;-3;-14;-4;-14;-4;-15;-4;-15;-5;-16;-5;-16;-5;-17;-6;-17;-6;-18;-6;-19;-6;-19;-6;-19;-7;-20;-7;-20;-7;-20;-7;-21;-7;-21;-7;-22;-6;-23;-6;-23;-6;-24;-5;-25;-5;-26;-5;-27;-4;-28;-3;-28;-3;-29;-3,transition,EXP_S152,ZONE_02,sortie_zone,4.1,sortie_zone,sortie de la zone
1043052228,-54,6,a0:9f:7a:73:2b:3e,384,-110;-96;8;0;-16;32;-16;31;-15;29;-13;27;-10;25;-6;24;-2;23;2;23;5;24;7;25;8;26;9;27;9;27;9;27;8;26;8;24;9;22;10;19;11;17;13;16;15;15;17;15;19;15;20;16;20;17;5;4;0;0;0;0;0;0;0;0;0;0;0;0;0;0;0;0;0;0;-7;0;-29;-1;-30;-5;-30;-11;-28;-15;-24;-18;-19;-19;-14;-17;-10;-13;-8;-7;-8;-1;-10;5;-14;11;-19;15;-25;16;-30;15;-34;14;-36;11;-36;8;-34;6;-31;5;-27;6;-23;8;-19;12;-16;16;-14;21;-14;25;-107;0;3;4;3;4;2;4;1;3;0;3;-1;3;-2;2;-2;2;-3;2;-3;2;-3;2;-3;1;-3;1;-4;0;-5;0;-5;0;-5;0;-5;0;-5;-1;-5;-1;-5;-1;-5;-2;-5;-2;-5;-2;-5;-2;-5;-2;-4;-2;-4;-2;-2;-1;-1;-1;0;0;-1;0;-1;0;0;-2;2;-5;6;-13;7;-13;8;-12;9;-12;9;-11;10;-10;11;-10;11;-9;12;-8;13;-8;13;-7;13;-6;13;-5;12;-4;12;-3;12;-2;12;-2;12;-1;11;-1;11;0;10;0;10;1;9;2;9;2;9;2;8;2;7;2;6;2;-107;0;-17;25;-16;25;-16;25;-15;25;-13;24;-12;24;-11;24;-10;24;-9;23;-8;23;-8;23;-7;23;-6;23;-6;23;-6;24;-6;24;-6;24;-6;24;-6;24;-6;24;-7;23;-7;23;-7;22;-8;22;-9;21;-10;21;-11;21;-12;20;-5;7;-2;2;0;-1;0;-1;0;-1;-1;1;-4;4;-10;11;-10;11;-11;11;-11;11;-12;11;-12;12;-13;12;-13;13;-14;13;-14;14;-15;14;-15;15;-16;15;-16;15;-17;15;-17;15;-17;16;-17;17;-17;17;-17;18;-17;19;-17;20;-17;21;-17;22;-17;23;-17;24;-17;25;-17;26,transition,EXP_S152,ZONE_02,sortie_zone,4.1,sortie_zone,sortie de la zone
1043255461,-54,6,a0:9f:7a:73:2b:3e,384,-110;-96;8;0;-36;-3;-35;-3;-33;-3;-30;-2;-27;1;-25;4;-23;7;-21;11;-21;14;-20;17;-21;19;-22;20;-22;20;-22;19;-20;18;-19;18;-16;17;-14;17;-11;17;-8;19;-6;20;-5;22;-5;24;-5;25;-6;26;-2;6;0;0;0;0;0;0;0;0;0;0;0;0;0;0;0;0;0;0;-2;-7;-6;-29;-2;-31;4;-32;8;-31;12;-28;14;-23;13;-18;10;-13;4;-9;-2;-7;-9;-7;-15;-10;-20;-14;-23;-19;-24;-25;-23;-29;-21;-31;-19;-32;-17;-31;-15;-28;-14;-24;-15;-19;-17;-14;-21;-9;-25;-6;-29;-4;-113;0;-3;4;-4;4;-4;4;-4;3;-3;2;-3;1;-3;0;-4;-1;-4;-2;-4;-2;-4;-2;-4;-2;-3;-3;-3;-4;-3;-4;-3;-5;-3;-5;-3;-4;-3;-4;-2;-4;-2;-5;-1;-5;-2;-5;-2;-6;-2;-5;-2;-5;-1;-4;-1;-4;-1;-2;0;-1;0;0;-1;-1;-1;-1;1;0;5;0;14;2;14;3;14;4;13;5;13;6;12;6;12;7;12;9;11;10;11;10;11;10;10;10;9;10;8;10;7;11;6;11;5;12;5;12;5;11;4;10;3;10;2;9;1;9;1;9;0;9;0;9;0;8;0;7;-113;0;-31;-5;-30;-4;-30;-3;-29;-2;-28;-1;-28;-1;-27;0;-26;1;-26;2;-25;3;-25;4;-24;5;-24;6;-24;6;-24;6;-24;6;-24;6;-24;6;-24;6;-24;6;-24;5;-24;5;-24;5;-23;5;-23;4;-24;3;-24;1;-24;0;-9;0;-3;-1;0;-1;0;0;0;0;-2;-1;-5;-2;-14;-6;-14;-6;-14;-6;-15;-7;-15;-7;-16;-8;-17;-8;-17;-9;-18;-9;-18;-9;-19;-9;-20;-9;-20;-9;-21;-9;-21;-10;-21;-10;-21;-10;-22;-9;-23;-9;-24;-8;-25;-8;-26;-8;-27;-8;-28;-7;-29;-6;-30;-6;-30;-5;-31;-5,transition,EXP_S152,ZONE_02,sortie_zone,4.1,sortie_zone,sortie de la zone
1043452379,-54,6,a0:9f:7a:73:2b:3e,384,-110;-96;8;0;14;-30;14;-29;13;-27;11;-25;8;-23;5;-22;1;-22;-2;-22;-5;-23;-7;-24;-8;-25;-8;-26;-8;-26;-8;-26;-7;-24;-7;-23;-8;-21;-9;-19;-11;-17;-12;-16;-14;-15;-16;-15;-17;-15;-18;-16;-18;-18;-5;-5;0;0;0;0;0;0;0;0;0;0;0;0;0;0;0;0;0;0;6;-1;25;0;26;3;26;8;24;12;21;15;17;16;12;14;9;11;7;6;6;0;8;-6;12;-11;16;-14;22;-15;26;-15;29;-13;31;-11;31;-8;30;-7;27;-6;23;-6;20;-8;16;-11;13;-15;12;-20;12;-23;-116;0;-7;-8;-6;-8;-6;-8;-5;-7;-3;-6;-1;-5;1;-5;3;-5;4;-6;4;-6;4;-6;4;-5;5;-3;6;-2;7;-2;8;-2;8;-2;7;-2;6;-1;6;0;6;1;6;2;7;2;8;2;7;1;7;1;6;1;5;1;1;0;0;0;-1;-1;0;-2;0;-1;-1;2;-4;8;-10;23;-11;23;-13;22;-14;21;-16;20;-17;19;-19;17;-20;16;-22;15;-23;14;-24;13;-23;12;-23;10;-23;8;-23;6;-24;5;-24;3;-23;3;-22;2;-20;1;-19;0;-18;-2;-17;-4;-17;-5;-17;-5;-16;-5;-15;-4;-13;-4;-116;0;26;-49;25;-49;24;-48;22;-48;20;-47;18;-46;17;-46;15;-45;14;-44;12;-43;10;-43;8;-43;7;-43;7;-44;7;-44;7;-44;7;-45;7;-45;8;-45;8;-45;9;-44;10;-43;10;-42;11;-41;13;-41;15;-40;17;-39;19;-38;7;-14;2;-4;-1;1;-1;1;-1;0;1;-3;5;-9;14;-23;14;-23;15;-23;16;-24;17;-24;18;-25;19;-26;20;-27;21;-27;21;-28;22;-29;23;-30;24;-31;25;-31;26;-31;27;-32;26;-32;26;-33;26;-35;26;-37;26;-39;27;-40;27;-42;27;-43;26;-45;26;-47;26;-49;26;-50,transition,EXP_S152,ZONE_02,sortie_zone,4.1,sortie_zone,sortie de la zone
1043654211,-54,6,a0:9f:7a:73:2b:3e,384,-110;-96;8;0;33;-13;33;-13;31;-12;28;-12;24;-13;20;-14;17;-17;15;-19;13;-22;12;-24;11;-26;12;-27;12;-28;12;-27;11;-25;10;-24;8;-23;6;-22;3;-21;0;-22;-2;-23;-3;-24;-4;-25;-4;-26;-4;-28;-1;-7;0;0;0;0;0;0;0;0;0;0;0;0;0;0;0;0;0;0;4;4;18;21;16;24;12;28;7;30;3;29;-1;26;-3;21;-3;15;0;10;4;5;10;2;17;1;23;3;29;6;32;10;33;13;32;17;30;18;28;19;25;17;23;14;21;9;21;4;22;-1;24;-6;27;-9;-113;0;-1;-6;0;-6;0;-6;0;-5;1;-4;1;-3;2;-2;3;-2;3;-1;3;-1;3;-1;3;-1;3;0;3;1;3;1;4;2;4;2;4;2;3;2;3;2;2;2;2;3;3;3;3;3;3;3;2;2;2;2;1;2;0;0;0;0;-1;-1;0;-1;0;-1;-2;0;-5;1;-14;3;-15;3;-15;2;-15;1;-15;0;-15;-1;-15;-2;-15;-3;-15;-4;-15;-4;-15;-5;-15;-5;-14;-6;-13;-6;-12;-7;-11;-8;-11;-8;-11;-8;-10;-8;-9;-8;-8;-8;-7;-8;-6;-8;-6;-9;-6;-9;-5;-8;-5;-7;-4;-7;-113;0;28;-11;28;-11;27;-12;26;-12;25;-13;24;-13;23;-14;22;-14;21;-15;19;-15;18;-16;18;-16;18;-17;17;-17;17;-17;17;-18;17;-18;17;-18;17;-18;18;-17;18;-17;18;-17;17;-16;18;-16;18;-15;19;-14;19;-13;20;-12;7;-5;2;-2;-1;0;-1;0;-1;0;1;-1;5;-1;14;-2;14;-2;15;-2;15;-1;16;-1;17;-1;17;-1;18;-1;19;-1;19;-1;20;-1;21;-2;21;-2;22;-2;22;-2;22;-2;22;-2;23;-3;23;-3;24;-4;25;-5;26;-6;27;-6;27;-7;28;-8;28;-9;28;-10;29;-11,transition,EXP_S152,ZONE_02,sortie_zone,4.1,sortie_zone,sortie de la zone
1043852397,-54,6,a0:9f:7a:73:2b:3e,384,-110;-96;8;0;-31;19;-31;18;-29;17;-26;16;-22;16;-18;17;-15;19;-12;21;-10;23;-9;25;-8;27;-8;27;-8;27;-8;27;-7;26;-7;24;-5;23;-3;21;0;21;2;21;4;21;6;22;7;23;7;25;6;26;1;6;0;0;0;0;0;0;0;0;0;0;0;0;0;0;0;0;0;0;-7;-4;-24;-16;-23;-20;-21;-25;-16;-28;-11;-28;-7;-26;-3;-22;-2;-17;-3;-10;-7;-5;-12;0;-18;2;-25;2;-30;0;-34;-3;-36;-6;-36;-10;-35;-12;-32;-13;-29;-12;-26;-9;-24;-5;-23;0;-23;5;-24;10;-25;14;-109;0;1;5;1;5;1;5;0;4;0;3;-1;2;-2;1;-4;1;-4;1;-4;2;-4;1;-4;1;-4;0;-4;-1;-5;-2;-5;-2;-6;-1;-5;-1;-4;-1;-4;-2;-3;-3;-4;-4;-4;-4;-5;-4;-5;-3;-4;-3;-3;-2;-3;-2;-1;-1;-1;-1;0;0;-1;0;-1;0;0;-2;3;-4;9;-11;10;-10;11;-10;11;-9;12;-8;12;-7;12;-6;13;-5;14;-4;15;-4;15;-3;14;-3;13;-2;13;-1;12;1;12;2;13;2;12;2;12;2;11;2;9;3;8;4;8;5;8;5;7;5;7;5;6;4;5;4;-109;0;-24;19;-24;19;-23;19;-22;19;-21;19;-20;19;-19;19;-18;19;-17;19;-16;19;-15;19;-14;20;-14;20;-14;20;-14;20;-14;20;-14;20;-14;20;-15;20;-15;20;-15;19;-15;19;-15;18;-15;18;-16;17;-17;16;-18;15;-19;14;-7;5;-3;1;0;-1;0;-1;0;-1;-2;0;-5;3;-13;8;-13;8;-13;8;-13;8;-14;8;-15;9;-16;9;-17;9;-17;8;-18;9;-18;9;-19;10;-19;10;-20;10;-21;10;-21;10;-21;10;-21;11;-21;12;-21;13;-22;14;-23;14;-23;15;-24;16;-24;17;-24;18;-24;19;-24;19,transition,EXP_S152,ZONE_02,sortie_zone,4.1,sortie_zone,sortie de la zone
1044052409,-54,6,a0:9f:7a:73:2b:3e,384,-110;-96;8;0;36;-9;35;-8;33;-8;30;-8;27;-9;23;-12;21;-14;18;-17;17;-20;16;-23;16;-24;17;-25;17;-26;17;-25;16;-24;15;-22;13;-22;10;-21;7;-21;5;-22;3;-23;2;-25;2;-26;2;-27;3;-28;0;-8;0;0;0;0;0;0;0;0;0;0;0;0;0;0;0;0;0;0;4;5;18;22;16;26;12;29;7;31;2;30;-2;27;-4;22;-3;16;0;10;5;6;11;3;17;3;24;5;29;9;32;13;33;17;32;20;30;22;27;22;24;20;22;16;21;12;21;7;23;1;26;-3;29;-6;-114;0;1;-6;1;-6;1;-6;1;-5;1;-4;2;-3;2;-1;3;-1;4;0;4;0;3;0;3;0;2;1;2;2;2;3;3;3;3;3;3;3;2;3;1;3;1;3;1;4;1;4;1;4;1;4;1;3;1;3;0;3;0;1;-1;0;-1;-1;0;-1;0;-1;-2;0;-5;1;-14;4;-15;3;-15;2;-15;1;-15;0;-15;-1;-15;-2;-15;-3;-15;-5;-16;-5;-15;-6;-15;-6;-14;-7;-13;-8;-12;-9;-11;-9;-11;-10;-10;-10;-10;-9;-8;-9;-7;-9;-6;-9;-5;-9;-4;-10;-4;-10;-4;-9;-3;-9;-3;-8;-114;0;31;-5;31;-5;30;-5;29;-6;28;-6;27;-7;27;-7;26;-8;25;-8;24;-9;24;-9;23;-10;23;-10;23;-11;23;-11;23;-11;23;-11;23;-11;23;-10;24;-10;24;-9;23;-9;23;-8;23;-7;23;-6;24;-5;24;-3;24;-2;8;-1;2;0;-1;0;-1;0;-1;0;1;-1;5;-1;15;-3;15;-2;15;-2;16;-2;17;-2;17;-1;18;-1;19;-1;19;0;20;0;20;0;21;0;22;0;23;0;23;1;23;1;23;0;24;0;25;-1;25;-1;27;-2;27;-2;28;-2;29;-3;29;-3;30;-4;31;-4;32;-5,transition,EXP_S152,ZONE_02,sortie_zone,4.1,sortie_zone,sortie de la zone
1044254041,-54,6,a0:9f:7a:73:2b:3e,384,-110;-96;8;0;-6;36;-6;35;-6;33;-4;30;-2;28;1;25;5;23;9;22;12;22;15;22;17;22;18;23;17;24;17;24;16;23;15;21;15;18;15;16;16;13;18;11;20;10;21;9;23;8;24;9;25;10;6;2;0;0;0;0;0;0;0;0;0;0;0;0;0;0;0;0;0;0;-7;2;-29;7;-31;3;-32;-2;-32;-7;-29;-11;-24;-13;-19;-13;-14;-10;-10;-5;-7;2;-7;9;-10;15;-14;20;-19;23;-25;24;-29;23;-32;21;-32;18;-31;16;-29;14;-25;13;-20;14;-14;17;-10;21;-7;25;-5;29;-110;0;4;3;4;3;3;3;2;3;1;3;0;3;-1;3;-2;3;-2;3;-2;3;-3;3;-3;2;-4;2;-4;1;-5;1;-5;1;-5;1;-5;1;-5;1;-4;0;-5;0;-5;-1;-5;-1;-5;-1;-5;-1;-5;-1;-4;-1;-4;-1;-2;-1;-1;-1;0;-1;-1;0;-1;0;0;-2;1;-6;3;-14;4;-14;5;-14;6;-14;7;-13;8;-13;9;-12;10;-11;10;-11;11;-11;12;-10;12;-9;12;-8;12;-7;12;-6;12;-5;12;-5;12;-4;11;-4;11;-3;10;-2;10;-1;9;-1;9;0;9;0;8;1;8;1;7;1;-110;0;-10;29;-10;29;-9;28;-8;28;-7;27;-6;27;-5;26;-4;26;-4;25;-3;25;-2;24;-1;24;0;24;0;25;0;25;0;25;0;25;0;25;0;25;-1;25;-1;25;-1;24;-2;24;-2;24;-3;23;-4;23;-6;23;-7;23;-3;8;-1;2;0;-1;0;-1;0;-1;-1;1;-3;4;-7;13;-7;13;-8;13;-8;14;-9;14;-9;15;-10;15;-10;16;-11;16;-11;17;-11;17;-12;18;-12;18;-12;19;-13;19;-13;19;-12;20;-12;20;-12;21;-12;22;-12;23;-12;24;-12;25;-12;26;-11;27;-11;28;-11;29;-11;30,transition,EXP_S152,ZONE_02,sortie_zone,4.1,sortie_zone,sortie de la zone
1044452348,-54,6,a0:9f:7a:73:2b:3e,384,-110;-96;8;0;-14;-34;-13;-34;-13;-32;-12;-29;-13;-25;-15;-21;-17;-18;-20;-15;-22;-13;-25;-12;-27;-12;-28;-12;-28;-12;-27;-13;-26;-12;-25;-11;-23;-9;-22;-6;-22;-4;-22;-1;-23;1;-24;3;-25;4;-27;4;-28;3;-7;0;0;0;0;0;0;0;0;0;0;0;0;0;0;0;0;0;0;0;4;-6;20;-21;24;-19;27;-15;29;-10;29;-6;26;-2;21;1;15;1;9;-2;4;-6;1;-12;0;-19;1;-25;4;-30;8;-33;12;-35;15;-34;17;-32;18;-30;16;-27;13;-24;8;-23;3;-22;-3;-23;-8;-25;-11;-28;-103;0;-6;-2;-6;-2;-5;-2;-5;-3;-4;-3;-3;-3;-2;-4;-1;-4;-1;-4;0;-4;0;-4;0;-4;1;-4;1;-4;2;-4;2;-4;3;-4;3;-4;3;-4;3;-3;3;-3;3;-3;4;-3;4;-3;3;-3;3;-2;3;-2;2;-2;1;-1;0;-1;-1;0;-1;-1;0;-1;0;1;0;5;1;13;0;14;-1;14;-2;14;-3;14;-4;14;-5;13;-6;13;-6;13;-7;13;-8;12;-8;12;-9;11;-9;10;-10;9;-10;8;-10;8;-10;7;-10;7;-10;6;-10;5;-10;4;-9;4;-9;3;-9;3;-9;2;-8;1;-8;1;-103;0;-5;-31;-5;-31;-6;-30;-6;-29;-7;-28;-8;-27;-8;-26;-9;-25;-10;-25;-11;-24;-11;-23;-12;-23;-12;-22;-13;-22;-13;-22;-13;-22;-13;-22;-13;-22;-13;-22;-13;-22;-13;-22;-12;-22;-12;-22;-11;-22;-10;-22;-9;-23;-8;-23;-7;-23;-3;-9;-1;-3;0;0;-1;0;-1;0;0;-2;0;-6;1;-16;1;-16;1;-16;2;-16;2;-17;2;-17;2;-18;2;-19;2;-20;3;-21;3;-21;3;-22;3;-22;3;-23;3;-23;3;-23;3;-24;2;-24;2;-25;1;-26;0;-26;0;-27;-1;-28;-2;-29;-2;-30;-3;-31;-4;-31;-4;-32,transition,EXP_S152,ZONE_02,sortie_zone,4.1,sortie_zone,sortie de la zone
1044653614,-54,6,a0:9f:7a:73:2b:3e,384,-110;-96;8;0;-34;13;-33;12;-31;12;-28;11;-25;12;-21;14;-17;16;-15;18;-13;21;-12;23;-12;25;-12;26;-12;27;-12;26;-12;25;-11;23;-9;22;-7;21;-4;20;-1;21;1;21;2;22;3;24;3;25;2;27;0;6;0;0;0;0;0;0;0;0;0;0;0;0;0;0;0;0;0;0;-6;-5;-21;-20;-19;-24;-15;-28;-11;-30;-6;-29;-2;-27;0;-22;0;-16;-2;-10;-6;-6;-12;-3;-18;-2;-24;-3;-30;-5;-33;-9;-34;-13;-34;-16;-32;-18;-30;-18;-27;-16;-24;-13;-22;-9;-22;-4;-23;2;-25;7;-27;10;-116;0;-2;5;-2;5;-2;5;-2;4;-2;3;-3;2;-3;1;-4;0;-5;0;-5;0;-4;0;-4;-1;-4;-2;-4;-3;-4;-3;-5;-4;-5;-3;-4;-3;-4;-3;-3;-3;-3;-4;-3;-4;-3;-5;-3;-4;-3;-4;-3;-4;-2;-3;-2;-3;-1;-1;-1;-1;0;0;-1;0;-1;0;1;-1;4;-2;13;-5;13;-4;13;-3;14;-2;14;-2;13;-1;13;1;14;2;14;3;14;4;14;4;13;4;12;5;11;6;10;7;10;7;9;8;9;8;8;7;7;7;6;7;5;7;4;8;4;8;4;8;3;7;3;7;2;6;-116;0;-30;7;-30;7;-29;8;-28;8;-27;9;-26;10;-25;10;-24;10;-23;11;-22;11;-22;12;-21;12;-21;13;-21;13;-21;13;-21;13;-21;14;-21;13;-21;13;-21;13;-21;13;-21;12;-21;11;-21;11;-22;10;-22;9;-23;8;-23;7;-9;2;-3;0;0;-1;0;-1;0;-1;-2;0;-6;0;-15;1;-16;1;-16;1;-16;1;-17;1;-18;1;-18;1;-19;0;-20;0;-20;0;-21;0;-21;0;-22;0;-23;0;-23;0;-23;0;-23;0;-24;1;-24;1;-25;2;-26;3;-27;3;-28;4;-28;5;-29;5;-29;6;-30;6;-30;7,transition,EXP_S152,ZONE_02,sortie_zone,4.1,sortie_zone,sortie de la zone
1044852391,-54,6,a0:9f:7a:73:2b:3e,384,-110;-96;8;0;-28;24;-28;23;-26;22;-23;21;-19;20;-15;20;-11;21;-8;23;-5;25;-3;27;-2;28;-2;29;-3;30;-3;29;-3;27;-2;26;0;24;2;22;4;21;6;20;8;20;10;21;12;22;12;24;12;25;3;6;0;0;0;0;0;0;0;0;0;0;0;0;0;0;0;0;0;0;-7;-3;-27;-12;-26;-17;-24;-22;-20;-25;-16;-26;-11;-25;-7;-21;-5;-16;-5;-10;-8;-3;-12;2;-18;5;-24;6;-30;5;-35;3;-37;-1;-38;-4;-37;-6;-34;-7;-31;-7;-28;-4;-24;-1;-22;4;-21;10;-22;15;-23;19;-112;0;0;5;0;5;0;5;-1;4;-1;3;-2;2;-3;2;-4;1;-4;1;-5;1;-4;1;-4;0;-4;-1;-4;-2;-5;-2;-5;-2;-5;-2;-5;-2;-5;-2;-4;-2;-4;-3;-4;-3;-4;-4;-4;-3;-4;-3;-4;-3;-3;-3;-3;-3;-1;-1;-1;-1;0;0;-1;0;-1;0;1;-1;4;-3;12;-8;12;-7;13;-6;13;-6;13;-4;13;-3;14;-2;14;-1;14;-1;15;0;15;0;14;1;13;2;12;3;12;4;11;5;11;5;11;5;10;5;9;5;8;5;7;5;7;6;6;7;6;7;5;6;5;6;4;5;-112;0;-27;16;-26;16;-25;16;-24;17;-23;17;-22;17;-21;17;-20;17;-19;18;-18;18;-17;18;-16;19;-16;19;-16;20;-15;20;-15;20;-15;20;-15;20;-15;20;-16;20;-16;19;-16;19;-16;19;-16;18;-17;17;-18;17;-19;16;-19;15;-7;5;-3;1;0;-1;0;-1;0;-1;-2;0;-6;1;-15;5;-15;5;-15;5;-16;5;-17;5;-18;5;-18;5;-19;5;-19;5;-20;5;-21;5;-21;5;-22;6;-22;6;-23;6;-23;6;-23;6;-23;7;-23;8;-24;9;-25;10;-26;11;-26;11;-27;12;-27;13;-27;14;-27;15;-27;16,transition,EXP_S152,ZONE_02,sortie_zone,4.1,sortie_zone,sortie de la zone
1045053402,-54,6,a0:9f:7a:73:2b:3e,384,-110;-96;8;0;35;-2;34;-2;32;-2;29;-3;26;-5;23;-8;21;-11;19;-14;18;-17;18;-20;19;-22;19;-23;20;-22;20;-21;19;-20;17;-19;15;-19;12;-19;9;-20;7;-21;5;-22;4;-24;4;-25;5;-27;6;-28;1;-7;0;0;0;0;0;0;0;0;0;0;0;0;0;0;0;0;0;0;3;6;12;25;9;28;4;30;-1;30;-5;28;-8;24;-9;19;-7;14;-3;9;3;6;9;5;16;6;22;9;26;14;27;18;27;22;26;25;23;26;21;26;19;23;18;19;18;14;19;9;22;5;26;1;29;-1;-106;0;2;-5;3;-4;3;-4;3;-3;3;-2;3;-1;3;0;3;1;3;1;3;2;2;2;2;2;2;2;2;3;1;3;1;4;1;4;1;4;1;4;0;4;0;4;0;4;-1;4;-1;4;-1;4;-1;3;-1;3;-1;3;-1;1;-1;0;-1;-1;0;0;0;0;-2;-1;-5;-2;-14;-5;-14;-6;-13;-7;-13;-8;-12;-9;-12;-9;-12;-10;-11;-11;-10;-12;-10;-12;-9;-12;-8;-13;-7;-13;-7;-13;-6;-13;-5;-13;-4;-13;-4;-12;-3;-12;-2;-12;-2;-11;-1;-11;-1;-10;0;-10;0;-9;1;-9;1;-8;1;-7;-106;0;29;8;28;8;28;7;28;6;27;5;27;4;26;3;26;2;25;1;25;0;24;0;24;-1;24;-2;24;-2;24;-3;24;-3;24;-3;25;-3;25;-3;24;-3;24;-2;24;-2;24;-1;24;-1;24;0;23;1;23;3;23;4;8;1;2;0;-1;-1;-1;-1;-1;-1;1;0;4;2;13;7;13;7;13;8;13;8;13;8;14;9;14;9;15;9;16;10;16;10;16;11;17;11;17;11;18;12;18;12;19;12;19;12;20;12;21;11;22;11;23;11;24;11;25;11;26;10;26;10;27;10;28;10;29;9,transition,EXP_S152,ZONE_02,sortie_zone,4.1,sortie_zone,sortie de la zone
1045252253,-54,6,a0:9f:7a:73:2b:3e,384,-110;-96;8;0;16;26;15;26;15;24;14;22;14;18;15;15;17;12;19;9;20;8;22;7;23;7;24;7;24;7;24;7;23;6;22;5;20;4;19;2;19;-1;19;-3;19;-5;20;-5;22;-5;23;-5;23;-5;6;-2;0;0;0;0;0;0;0;0;0;0;0;0;0;0;0;0;0;0;-3;5;-14;21;-17;20;-21;18;-24;14;-24;10;-23;6;-19;3;-14;2;-9;3;-4;5;-1;10;1;15;1;21;0;25;-2;29;-5;31;-8;31;-10;30;-11;28;-10;25;-7;22;-4;20;0;19;4;19;9;21;12;22;-105;0;9;-1;10;-2;10;-2;8;-2;6;-1;4;1;2;3;2;5;3;7;3;6;3;5;1;5;-1;5;-3;6;-4;7;-4;9;-3;9;-2;8;-2;6;-3;4;-5;4;-6;4;-7;6;-6;7;-5;6;-4;5;-3;4;-3;2;-1;0;-1;-1;0;-1;1;0;0;0;-3;-2;-7;-6;-19;-17;-18;-18;-18;-20;-17;-21;-15;-21;-13;-22;-10;-23;-8;-25;-7;-26;-6;-27;-6;-27;-5;-26;-3;-25;-1;-24;2;-23;4;-23;5;-23;5;-23;4;-22;4;-19;5;-17;7;-15;9;-14;10;-14;10;-14;9;-13;7;-12;6;-11;-105;0;34;41;34;40;34;38;34;36;34;34;34;33;34;31;34;30;34;28;34;26;35;25;35;24;36;23;36;23;37;23;37;22;37;23;37;23;37;24;36;24;35;25;34;25;33;25;33;26;32;27;30;29;28;31;27;33;9;12;2;4;-2;-1;-2;-2;-1;-1;1;2;5;7;16;21;15;21;15;21;16;22;16;24;16;25;16;27;16;28;16;28;17;29;18;29;19;31;20;32;20;34;19;35;19;35;19;35;20;35;22;35;24;36;26;37;27;38;27;39;29;39;30;39;32;39;34;40;35;41,transition,EXP_S152,ZONE_02,sortie_zone,4.1,sortie_zone,sortie de la zone
1045452297,-54,6,a0:9f:7a:73:2b:3e,384,-110;-96;8;0;-23;26;-23;25;-21;24;-19;23;-15;22;-11;21;-7;22;-4;23;-2;24;0;26;1;27;2;28;1;28;2;27;2;26;2;24;3;22;5;20;7;19;9;18;11;18;13;18;14;19;15;21;15;22;3;5;0;0;0;0;0;0;0;0;0;0;0;0;0;0;0;0;0;0;-7;-2;-27;-9;-27;-13;-25;-18;-22;-22;-18;-24;-13;-23;-9;-20;-6;-15;-6;-9;-7;-3;-11;3;-16;7;-22;9;-28;8;-33;6;-35;4;-36;1;-35;-2;-34;-3;-31;-3;-27;-1;-23;2;-21;6;-19;11;-19;17;-20;20;-107;0;1;4;1;5;1;4;1;4;0;3;-1;2;-2;1;-3;1;-4;2;-4;2;-4;1;-4;1;-4;0;-4;-1;-5;-1;-5;-1;-5;-1;-5;-1;-4;-1;-4;-2;-4;-2;-4;-3;-4;-3;-4;-3;-4;-2;-4;-2;-3;-2;-3;-2;-1;-1;-1;-1;0;0;-1;0;-1;0;0;-2;3;-4;10;-10;10;-9;11;-9;11;-8;12;-7;12;-6;13;-5;13;-4;14;-3;14;-3;14;-2;14;-2;13;-1;13;0;12;1;12;1;12;2;12;2;11;2;10;2;9;3;8;4;7;4;7;5;7;5;6;4;6;4;5;3;-107;0;-22;20;-21;21;-20;20;-19;21;-18;21;-17;21;-16;21;-15;20;-13;20;-12;20;-11;21;-11;21;-10;21;-10;22;-10;22;-9;22;-9;22;-9;22;-10;22;-10;22;-10;22;-10;21;-10;21;-11;21;-11;20;-12;20;-13;19;-14;19;-6;6;-2;1;0;-1;0;-1;0;-1;-2;0;-5;2;-13;7;-13;7;-13;7;-14;7;-15;7;-15;7;-16;8;-17;7;-17;8;-17;8;-18;8;-18;9;-19;9;-20;9;-20;10;-20;10;-20;10;-20;11;-20;12;-21;13;-21;14;-22;15;-22;16;-22;17;-22;18;-22;19;-22;20;-22;20,transition,EXP_S152,ZONE_02,sortie_zone,4.1,sortie_zone,sortie de la zone
1045658144,-54,6,a0:9f:7a:73:2b:3e,384,-110;-96;8;0;26;-23;25;-22;24;-21;21;-20;17;-20;13;-20;10;-21;6;-23;4;-25;3;-27;2;-28;2;-29;2;-29;1;-28;1;-27;0;-25;-1;-23;-3;-22;-6;-21;-8;-20;-10;-20;-12;-21;-13;-22;-13;-23;-13;-25;-4;-7;0;0;0;0;0;0;0;0;0;0;0;0;0;0;0;0;0;0;6;3;24;14;23;18;20;23;16;25;11;26;6;24;3;20;2;15;2;9;5;3;10;-2;16;-5;22;-5;28;-4;32;-1;34;2;35;5;34;7;31;8;28;8;25;5;22;1;20;-3;20;-8;20;-14;21;-17;-114;0;-2;-5;-1;-5;-1;-5;-1;-5;0;-4;1;-3;2;-2;2;-2;3;-2;3;-2;3;-2;2;-1;2;0;3;1;3;1;4;1;4;1;4;1;3;1;3;1;2;2;3;2;3;3;3;2;3;2;3;2;2;2;2;2;0;0;0;0;-1;-1;0;-1;0;-1;-2;0;-5;2;-12;7;-13;7;-14;6;-14;5;-14;4;-14;3;-15;2;-15;1;-15;0;-16;0;-16;-1;-15;-1;-14;-2;-14;-3;-13;-4;-13;-5;-13;-5;-12;-5;-12;-5;-11;-5;-10;-5;-9;-6;-8;-6;-8;-7;-7;-7;-7;-6;-6;-6;-5;-5;-114;0;24;-17;23;-17;22;-18;21;-18;20;-18;19;-18;18;-18;17;-18;16;-19;15;-19;14;-19;13;-19;13;-20;13;-20;12;-20;12;-21;12;-21;12;-21;13;-21;13;-21;13;-21;13;-20;13;-20;14;-19;14;-18;15;-18;16;-17;17;-16;6;-6;2;-2;-1;0;-1;0;-1;0;1;-1;4;-2;13;-6;13;-6;13;-6;14;-6;14;-6;15;-6;16;-6;16;-6;17;-6;17;-6;18;-7;19;-7;19;-7;20;-7;20;-7;20;-7;20;-8;21;-8;21;-9;21;-10;22;-11;23;-12;23;-13;23;-14;23;-15;24;-16;24;-16;24;-17,transition,EXP_S152,ZONE_02,sortie_zone,4.1,sortie_zone,sortie de la zone
1045852662,-54,6,a0:9f:7a:73:2b:3e,384,-110;-96;8;0;11;33;11;32;10;30;10;27;11;24;13;20;16;17;18;15;21;13;23;12;25;12;25;12;25;12;25;12;24;11;22;10;21;8;21;5;21;2;21;0;22;-2;24;-3;25;-3;26;-3;27;-2;6;-1;0;0;0;0;0;0;0;0;0;0;0;0;0;0;0;0;0;0;-6;4;-22;18;-26;15;-30;11;-31;6;-30;1;-27;-2;-22;-4;-16;-4;-10;-1;-5;4;-2;10;-2;17;-4;23;-7;28;-11;31;-15;32;-18;32;-20;30;-20;27;-18;24;-15;22;-10;21;-5;20;0;22;4;24;8;26;-119;0;5;-1;5;0;5;0;4;0;3;1;2;1;1;2;0;2;0;3;0;3;0;3;-1;2;-2;2;-3;2;-3;3;-3;3;-3;4;-3;3;-3;3;-3;2;-4;2;-4;2;-5;2;-5;2;-4;2;-4;2;-3;1;-3;0;-1;0;-1;-1;0;-1;0;0;0;0;-1;-2;-3;-5;-6;-14;-6;-14;-5;-15;-4;-15;-3;-15;-2;-15;-1;-15;0;-15;1;-16;2;-16;3;-15;3;-15;4;-14;4;-13;5;-12;6;-12;7;-12;7;-11;7;-11;6;-10;6;-9;7;-8;7;-7;7;-7;7;-6;7;-6;6;-5;6;-5;-119;0;10;27;11;27;11;26;11;25;12;24;12;24;12;23;13;22;13;21;14;20;14;19;15;18;15;18;15;18;16;18;16;18;16;18;16;18;16;18;15;19;15;19;14;19;14;19;13;19;13;20;11;20;10;21;9;22;3;8;0;2;-1;-1;-1;-1;-1;-1;0;1;1;5;3;14;2;14;2;14;2;14;2;15;2;16;2;17;2;18;2;18;2;19;2;19;3;20;3;21;3;21;2;21;2;22;3;22;3;22;4;23;5;24;6;24;6;25;7;26;7;26;8;27;9;27;10;28;11;28,transition,EXP_S152,ZONE_02,sortie_zone,4.1,sortie_zone,sortie de la zone
1046059170,-54,6,a0:9f:7a:73:2b:3e,384,-110;-96;8;0;34;-6;34;-6;32;-6;29;-6;26;-8;22;-10;20;-13;18;-16;17;-19;16;-22;16;-24;16;-24;16;-24;16;-23;15;-23;14;-22;12;-21;9;-21;7;-21;5;-22;3;-23;1;-25;1;-26;1;-27;2;-28;0;-8;0;0;0;0;0;0;0;0;0;0;0;0;0;0;0;0;0;0;3;5;14;24;11;27;6;30;1;30;-3;28;-6;25;-7;20;-6;14;-2;9;3;6;9;4;16;4;22;7;27;11;29;16;29;20;28;23;26;24;23;23;21;21;19;18;18;13;19;8;22;3;25;-2;28;-4;-112;0;2;-5;2;-5;2;-5;2;-4;2;-3;2;-2;2;-1;3;0;3;0;3;0;3;0;2;1;2;1;2;2;2;3;2;3;2;3;2;3;2;3;1;3;1;3;1;4;1;4;1;4;1;4;1;3;1;2;0;2;0;0;-1;0;-1;-1;0;0;0;0;-2;0;-5;-1;-14;-2;-14;-3;-15;-3;-14;-4;-14;-5;-14;-6;-13;-7;-13;-8;-13;-9;-13;-9;-12;-10;-12;-10;-11;-10;-9;-11;-8;-11;-8;-11;-7;-12;-7;-11;-7;-11;-6;-10;-5;-10;-4;-10;-3;-10;-2;-10;-2;-10;-2;-9;-2;-8;-2;-7;-112;0;30;-1;29;-1;29;-2;28;-2;27;-3;26;-4;26;-5;25;-6;24;-6;24;-7;23;-8;22;-9;22;-9;22;-10;22;-10;22;-11;22;-11;22;-11;22;-11;22;-11;22;-10;22;-10;22;-9;22;-9;22;-8;22;-7;23;-6;23;-4;8;-2;2;-1;-1;0;-1;-1;-1;-1;1;0;5;1;14;4;14;4;14;4;14;4;15;4;15;5;16;5;17;5;17;5;18;6;18;6;19;6;20;6;20;6;21;6;21;6;21;6;22;5;23;5;24;4;25;4;26;3;27;3;27;3;28;2;29;1;30;1;30;0,transition,EXP_S152,ZONE_02,sortie_zone,4.1,sortie_zone,sortie de la zone
1046258740,-54,6,a0:9f:7a:73:2b:3e,384,-110;-96;8;0;14;-32;13;-31;13;-29;11;-27;8;-25;4;-24;0;-23;-4;-23;-7;-23;-10;-24;-12;-26;-12;-27;-12;-27;-11;-27;-11;-25;-10;-23;-11;-21;-12;-19;-13;-17;-15;-15;-17;-14;-19;-13;-21;-13;-22;-14;-23;-16;-6;-4;0;0;0;0;0;0;0;0;0;0;0;0;0;0;0;0;0;0;6;0;27;2;28;7;27;12;25;16;20;18;16;18;11;16;7;12;6;6;6;-1;8;-7;12;-12;18;-15;24;-16;29;-15;32;-13;33;-11;33;-8;31;-6;28;-5;24;-6;20;-9;16;-12;13;-17;11;-22;11;-26;-112;0;-4;-5;-4;-5;-4;-5;-3;-4;-2;-4;-1;-4;0;-4;1;-4;2;-4;2;-4;2;-4;2;-3;3;-3;3;-2;4;-2;4;-2;4;-2;4;-2;3;-1;3;-1;3;0;4;0;4;0;4;0;4;0;3;0;3;0;3;0;1;0;0;0;-1;0;0;-1;0;-1;-1;1;-2;4;-6;12;-6;12;-7;12;-8;11;-9;11;-10;10;-11;10;-11;9;-12;8;-13;8;-13;7;-13;6;-13;6;-13;5;-13;4;-13;3;-13;2;-13;2;-12;1;-11;1;-11;0;-10;-1;-10;-2;-10;-2;-9;-3;-9;-3;-8;-3;-7;-3;-112;0;10;-28;9;-28;9;-28;8;-27;7;-27;6;-26;5;-26;4;-25;3;-25;2;-24;2;-24;1;-24;0;-24;0;-24;-1;-24;-1;-24;-1;-25;-1;-25;0;-25;0;-25;0;-24;1;-24;1;-24;1;-24;2;-23;3;-23;5;-23;6;-23;2;-8;0;-3;-1;0;-1;0;-1;0;0;-2;2;-5;7;-13;7;-13;7;-13;8;-13;8;-13;9;-14;9;-14;10;-15;10;-15;10;-16;10;-16;11;-17;11;-17;12;-17;12;-18;12;-18;12;-18;12;-19;12;-20;12;-21;12;-22;12;-23;11;-24;11;-25;11;-26;11;-27;11;-28;11;-28,transition,EXP_S152,ZONE_02,sortie_zone,4.1,sortie_zone,sortie de la zone
1046452959,-54,6,a0:9f:7a:73:2b:3e,384,-110;-96;8;0;-36;4;-35;3;-32;3;-29;4;-25;6;-22;9;-19;12;-17;15;-16;18;-16;21;-16;23;-17;24;-17;24;-17;23;-16;22;-14;20;-12;19;-9;19;-6;19;-4;20;-1;21;0;22;1;24;0;25;0;27;0;6;0;0;0;0;0;0;0;0;0;0;0;0;0;0;0;0;0;0;-3;-7;-11;-27;-8;-29;-3;-31;2;-31;6;-28;8;-24;8;-19;6;-14;2;-9;-4;-6;-11;-5;-17;-6;-23;-10;-27;-14;-28;-19;-28;-23;-26;-26;-24;-26;-22;-25;-20;-23;-18;-18;-18;-13;-20;-8;-23;-3;-26;1;-29;3;-117;0;-4;4;-4;4;-4;3;-5;2;-5;1;-5;0;-5;-1;-4;-1;-4;-2;-4;-2;-4;-3;-4;-3;-4;-4;-3;-4;-3;-5;-3;-5;-3;-5;-2;-5;-2;-5;-2;-5;-2;-5;-1;-5;-1;-5;-1;-5;-1;-5;-1;-5;-1;-5;0;-5;0;-2;0;-1;0;0;-1;-1;-1;-1;1;0;4;1;13;4;13;4;12;5;12;7;12;7;11;8;11;9;10;9;10;10;9;11;8;11;7;12;6;12;6;12;5;12;4;12;3;11;3;11;2;11;1;10;1;10;0;10;0;9;-1;9;-2;8;-2;8;-3;7;-3;7;-117;0;-30;-7;-29;-7;-29;-6;-28;-5;-28;-4;-27;-3;-26;-2;-26;-1;-25;0;-25;1;-25;2;-24;2;-24;3;-24;3;-24;4;-24;4;-24;4;-25;4;-25;4;-25;3;-24;3;-24;3;-24;3;-24;2;-24;1;-24;0;-24;-1;-24;-2;-9;-1;-3;-1;0;-1;0;0;0;0;-2;-1;-5;-3;-14;-7;-14;-7;-14;-8;-14;-8;-14;-8;-15;-9;-15;-9;-16;-9;-17;-10;-17;-10;-18;-11;-18;-11;-19;-11;-19;-11;-19;-11;-20;-11;-20;-11;-21;-11;-21;-11;-22;-10;-24;-10;-25;-10;-26;-9;-27;-9;-28;-9;-28;-8;-29;-8;-30;-8,transition,EXP_S152,ZONE_02,sortie_zone,4.1,sortie_zone,sortie de la zone
1046652154,-54,6,a0:9f:7a:73:2b:3e,384,-110;-96;8;0;29;20;28;20;26;19;24;16;22;12;22;7;22;3;23;0;24;-4;26;-6;27;-7;28;-7;29;-7;28;-6;27;-6;25;-6;22;-7;20;-8;18;-10;17;-13;16;-15;16;-17;16;-18;18;-19;19;-20;4;-5;0;0;0;0;0;0;0;0;0;0;0;0;0;0;0;0;0;0;-2;6;-8;27;-12;27;-17;25;-21;22;-22;18;-22;13;-19;9;-14;6;-7;5;-1;7;5;10;9;15;11;21;11;27;10;32;6;35;3;36;1;35;0;32;0;29;2;25;5;21;10;18;15;16;20;16;25;16;-117;0;5;-1;5;-1;5;-1;4;-1;4;0;3;1;2;2;2;3;2;3;2;3;1;3;1;3;0;3;-1;4;-1;4;-1;5;-1;5;-1;4;-1;4;-2;4;-2;4;-3;4;-3;4;-3;4;-3;4;-2;3;-2;3;-2;2;-1;0;-1;0;0;-1;0;0;0;0;-2;-2;-4;-4;-10;-11;-9;-12;-8;-13;-8;-13;-7;-14;-6;-14;-5;-14;-4;-15;-3;-15;-2;-15;-2;-15;-1;-15;0;-14;1;-14;2;-13;3;-13;3;-13;3;-12;3;-12;4;-11;4;-10;5;-9;5;-8;6;-8;6;-8;6;-7;5;-6;5;-5;-117;0;20;22;20;21;20;20;20;19;20;18;20;17;20;16;20;15;20;14;20;13;20;12;21;11;21;11;21;10;21;10;22;10;22;10;22;10;22;10;22;11;21;11;21;11;20;11;20;11;19;12;19;13;18;14;17;15;6;5;1;1;-1;-1;-1;-1;-1;-1;0;1;2;4;7;12;7;12;7;13;7;13;7;14;7;14;8;15;8;16;8;16;8;17;9;17;9;18;9;18;9;19;10;19;10;19;10;19;11;20;12;20;13;20;14;21;15;21;16;21;16;22;17;22;18;22;19;22;20;23,transition,EXP_S152,ZONE_02,sortie_zone,4.1,sortie_zone,sortie de la zone
1046856283,-54,6,a0:9f:7a:73:2b:3e,384,-110;-96;8;0;-36;4;-35;3;-32;3;-29;4;-26;6;-22;8;-19;11;-18;14;-17;18;-16;20;-17;22;-18;23;-18;23;-18;22;-17;21;-16;20;-14;19;-11;18;-8;19;-5;19;-4;21;-2;22;-2;24;-2;25;-3;26;-1;6;0;0;0;0;0;0;0;0;0;0;0;0;0;0;0;0;0;0;-4;-6;-14;-24;-11;-27;-7;-30;-2;-31;2;-29;5;-25;6;-20;4;-14;0;-9;-5;-6;-11;-5;-18;-6;-24;-8;-27;-12;-29;-17;-29;-21;-28;-24;-25;-25;-23;-24;-21;-21;-19;-17;-19;-12;-20;-7;-23;-2;-27;1;-29;3;-116;0;-4;4;-4;4;-5;3;-5;2;-5;1;-4;0;-4;-1;-5;-2;-4;-2;-4;-3;-4;-3;-4;-3;-4;-4;-3;-4;-3;-5;-3;-5;-2;-5;-2;-5;-2;-5;-2;-5;-1;-5;-1;-5;-1;-5;-1;-5;-1;-5;0;-5;0;-4;0;-4;0;-2;0;-1;-1;0;-1;-1;-1;-1;1;0;4;0;13;1;13;2;13;3;12;5;12;6;12;6;11;7;11;8;10;9;10;9;9;10;8;10;7;10;7;11;6;11;5;11;4;11;3;11;3;11;2;10;1;10;0;9;0;9;-1;9;-1;8;-1;8;-2;7;-2;7;-116;0;-30;-7;-30;-6;-29;-6;-28;-5;-28;-4;-27;-3;-26;-3;-26;-2;-25;-1;-24;0;-24;1;-24;2;-24;2;-25;2;-24;3;-25;3;-25;2;-25;2;-25;2;-25;1;-24;1;-24;1;-24;1;-24;0;-24;-1;-24;-2;-24;-3;-23;-4;-9;-2;-3;-1;0;0;0;0;0;0;-2;-1;-5;-2;-15;-5;-14;-5;-15;-5;-15;-6;-15;-6;-16;-7;-16;-7;-17;-7;-18;-8;-18;-8;-19;-8;-19;-9;-20;-9;-20;-9;-20;-9;-21;-10;-21;-10;-22;-9;-22;-9;-23;-9;-24;-9;-25;-9;-26;-8;-27;-8;-28;-8;-29;-7;-30;-7;-30;-7,transition,EXP_S152,ZONE_02,sortie_zone,4.1,sortie_zone,sortie de la zone
1047054451,-54,6,a0:9f:7a:73:2b:3e,384,-110;-96;8;0;-30;-22;-29;-21;-27;-20;-25;-17;-23;-14;-23;-10;-23;-5;-24;-2;-26;1;-28;3;-29;4;-30;4;-30;4;-29;3;-28;3;-26;3;-24;4;-22;5;-20;8;-19;10;-19;12;-19;14;-20;15;-21;16;-22;16;-6;4;0;0;0;0;0;0;0;0;0;0;0;0;0;0;0;0;0;0;0;-7;4;-28;8;-29;13;-28;17;-25;19;-21;19;-16;17;-12;12;-9;6;-7;0;-8;-6;-11;-10;-17;-13;-22;-13;-27;-12;-32;-9;-35;-6;-36;-4;-36;-2;-34;-2;-30;-3;-26;-7;-23;-11;-20;-16;-18;-21;-17;-24;-18;-110;0;-6;1;-6;1;-6;1;-5;0;-5;0;-4;-1;-3;-3;-3;-3;-3;-4;-3;-4;-3;-4;-2;-4;-2;-4;-1;-5;-1;-5;-1;-6;-1;-6;0;-5;0;-5;0;-4;1;-4;2;-5;2;-5;1;-5;1;-5;1;-4;1;-4;1;-3;0;-1;0;-1;-1;0;-1;-1;-1;-1;1;0;4;2;11;6;11;7;10;8;10;9;9;10;8;10;7;11;6;12;5;13;5;13;4;13;4;13;3;13;2;12;0;12;-1;12;-1;12;-2;12;-2;11;-2;10;-3;9;-4;8;-5;8;-5;8;-5;7;-5;7;-5;6;-5;5;-110;0;-25;-19;-25;-19;-24;-18;-24;-17;-24;-16;-24;-15;-24;-14;-23;-13;-23;-12;-23;-11;-23;-10;-23;-9;-23;-9;-23;-9;-24;-9;-24;-9;-24;-9;-24;-9;-24;-9;-24;-9;-23;-10;-23;-10;-22;-10;-22;-11;-21;-12;-21;-13;-20;-14;-19;-15;-7;-6;-2;-2;0;0;0;0;0;0;-2;-1;-5;-4;-12;-10;-12;-10;-12;-11;-12;-11;-12;-12;-12;-12;-13;-13;-13;-14;-13;-14;-13;-15;-14;-15;-14;-16;-15;-16;-15;-17;-15;-17;-15;-17;-16;-18;-16;-18;-17;-18;-18;-18;-19;-18;-20;-19;-21;-19;-22;-19;-23;-19;-24;-19;-25;-19;-25;-20,transition,EXP_S152,ZONE_02,sortie_zone,4.1,sortie_zone,sortie de la zone
1047255985,-54,6,a0:9f:7a:73:2b:3e,384,-110;-96;8;0;-9;35;-9;34;-9;32;-7;29;-4;26;-1;24;4;22;7;22;10;22;13;23;14;24;14;25;14;25;14;25;13;23;13;21;13;19;13;16;15;13;16;11;18;10;20;10;22;11;23;12;24;13;6;3;0;0;0;0;0;0;0;0;0;0;0;0;0;0;0;0;0;0;-7;1;-29;6;-31;2;-32;-3;-31;-8;-28;-12;-23;-13;-18;-13;-13;-10;-10;-4;-8;2;-9;8;-12;14;-17;19;-22;21;-26;22;-30;21;-32;19;-33;16;-32;14;-29;12;-24;12;-20;13;-15;16;-12;20;-9;25;-8;28;-109;0;3;4;3;4;3;4;3;3;2;3;0;2;-1;3;-2;3;-3;4;-3;4;-3;3;-3;3;-4;2;-5;1;-5;1;-6;2;-6;2;-5;2;-5;1;-4;0;-5;-1;-5;-1;-6;-1;-6;-1;-5;0;-5;0;-4;-1;-4;-1;-2;-1;-1;-1;0;-1;-1;0;-1;0;0;-2;0;-6;1;-15;2;-15;3;-15;4;-15;4;-14;5;-13;7;-12;8;-12;9;-12;10;-12;10;-12;10;-11;10;-10;10;-9;11;-7;11;-6;12;-6;11;-5;11;-5;10;-4;9;-3;9;-2;9;-1;9;0;9;0;8;0;7;0;6;0;-109;0;-7;29;-7;29;-6;29;-5;28;-4;27;-4;27;-3;26;-2;25;-1;24;0;24;0;24;1;24;2;24;2;24;2;24;2;24;2;24;2;24;1;24;1;24;1;24;0;24;0;23;-1;23;-1;23;-3;23;-4;23;-5;23;-2;8;-1;2;0;-1;0;-1;0;-1;-1;1;-2;5;-4;14;-4;14;-5;14;-5;15;-5;16;-6;16;-7;17;-7;17;-8;18;-8;18;-8;19;-8;19;-9;20;-9;20;-10;21;-10;21;-10;21;-9;22;-9;22;-9;23;-9;24;-9;25;-9;26;-9;27;-8;28;-8;29;-8;29;-7;30,transition,EXP_S152,ZONE_02,sortie_zone,4.1,sortie_zone,sortie de la zone
1047455516,-54,6,a0:9f:7a:73:2b:3e,384,-110;-96;8;0;8;-32;8;-31;7;-29;6;-26;3;-24;0;-22;-3;-21;-7;-20;-10;-21;-12;-21;-13;-22;-14;-23;-14;-23;-13;-23;-12;-22;-12;-20;-12;-18;-12;-16;-14;-13;-15;-12;-17;-11;-19;-10;-20;-11;-21;-12;-22;-13;-6;-4;0;0;0;0;0;0;0;0;0;0;0;0;0;0;0;0;0;0;5;-2;24;-7;26;-4;28;1;27;5;25;8;21;10;16;10;12;7;9;3;7;-2;7;-8;10;-13;14;-18;18;-20;22;-20;26;-20;28;-18;28;-15;27;-13;25;-12;21;-12;17;-13;13;-15;10;-19;7;-23;6;-26;-110;0;-6;-9;-6;-9;-6;-9;-5;-8;-3;-7;-1;-6;1;-6;3;-7;4;-7;5;-8;4;-7;5;-6;6;-4;7;-3;8;-3;9;-3;9;-3;8;-3;7;-2;7;-1;7;0;8;1;8;1;9;0;8;0;7;0;6;0;5;1;1;0;0;0;-1;0;0;-2;0;-1;-1;2;-3;8;-9;22;-10;22;-11;21;-13;21;-14;20;-15;18;-17;17;-19;16;-21;15;-22;14;-23;14;-23;13;-22;11;-22;9;-22;7;-23;5;-23;4;-23;4;-22;3;-20;2;-18;0;-17;-2;-17;-4;-17;-5;-16;-5;-15;-5;-14;-4;-13;-4;-110;0;22;-50;21;-50;19;-50;17;-49;16;-48;14;-47;13;-46;11;-45;9;-44;6;-43;4;-43;3;-43;2;-43;1;-43;1;-44;0;-44;0;-44;1;-45;2;-44;2;-44;3;-44;3;-43;4;-43;4;-43;5;-42;8;-42;10;-41;12;-41;4;-15;1;-5;-1;1;-1;1;-1;0;1;-3;4;-9;13;-25;14;-25;14;-25;15;-25;16;-26;17;-27;19;-28;20;-28;21;-29;21;-30;22;-30;22;-32;23;-33;24;-33;25;-33;25;-34;25;-34;24;-35;24;-37;24;-39;25;-40;25;-42;25;-43;25;-45;24;-47;23;-49;22;-50;22;-52,transition,EXP_S152,ZONE_02,sortie_zone,4.1,sortie_zone,sortie de la zone
1047655150,-54,6,a0:9f:7a:73:2b:3e,384,-110;-96;8;0;-28;23;-28;22;-26;20;-23;19;-19;18;-14;18;-10;19;-7;21;-4;23;-2;25;-1;27;-1;28;-1;28;-1;28;-1;26;-1;24;0;22;2;20;5;19;8;18;10;18;12;18;14;19;14;20;14;22;3;5;0;0;0;0;0;0;0;0;0;0;0;0;0;0;0;0;0;0;-7;-4;-25;-15;-24;-20;-22;-24;-18;-27;-13;-28;-8;-26;-5;-22;-3;-17;-4;-11;-7;-5;-12;0;-18;3;-24;4;-30;3;-34;0;-36;-3;-37;-6;-36;-9;-33;-10;-30;-9;-27;-7;-24;-3;-22;3;-21;9;-21;14;-22;17;-112;0;0;5;0;6;0;5;-1;5;-1;4;-2;3;-3;2;-4;1;-5;2;-5;2;-5;1;-4;1;-4;0;-5;-1;-5;-2;-6;-2;-6;-1;-5;-1;-5;-1;-4;-2;-4;-3;-4;-3;-5;-3;-5;-3;-5;-3;-4;-3;-4;-2;-3;-2;-1;-1;-1;-1;0;0;-1;0;-1;0;1;-1;4;-3;11;-8;12;-8;12;-7;13;-6;13;-5;13;-4;13;-3;14;-2;14;-1;15;-1;15;0;14;0;14;1;13;2;12;3;12;4;12;5;12;5;11;4;10;4;8;4;7;5;7;6;7;6;6;7;6;6;5;5;4;5;-112;0;-25;16;-24;17;-23;17;-22;17;-21;17;-20;17;-19;18;-18;18;-17;18;-15;18;-15;19;-14;19;-13;19;-13;19;-13;20;-12;20;-12;20;-12;20;-12;20;-12;20;-13;20;-13;19;-13;19;-13;19;-14;18;-14;18;-15;17;-16;16;-6;5;-2;1;0;-1;0;-1;0;-1;-2;0;-6;2;-15;5;-15;5;-15;5;-16;5;-16;5;-17;5;-18;5;-19;5;-19;5;-20;5;-20;6;-21;6;-21;6;-22;6;-22;6;-23;6;-22;7;-22;7;-23;8;-23;9;-24;10;-25;11;-25;12;-25;13;-25;14;-25;15;-26;16;-26;16,transition,EXP_S152,ZONE_02,sortie_zone,4.1,sortie_zone,sortie de la zone
1047855686,-54,6,a0:9f:7a:73:2b:3e,384,-110;-96;8;0;-29;-23;-28;-23;-27;-21;-25;-19;-23;-15;-23;-11;-23;-7;-24;-4;-26;-1;-27;1;-29;2;-30;3;-30;2;-29;2;-28;2;-26;2;-24;3;-22;5;-20;7;-19;9;-19;12;-20;14;-21;15;-22;15;-23;15;-6;3;0;0;0;0;0;0;0;0;0;0;0;0;0;0;0;0;0;0;0;-8;4;-29;8;-30;13;-30;18;-27;20;-23;20;-18;18;-14;14;-10;8;-9;2;-9;-4;-12;-9;-17;-12;-23;-12;-28;-11;-33;-9;-37;-6;-38;-3;-38;-1;-36;-1;-32;-2;-29;-5;-25;-9;-22;-14;-20;-19;-19;-23;-19;-107;0;-5;2;-5;2;-5;2;-5;2;-4;1;-3;0;-3;-2;-3;-3;-4;-4;-4;-4;-4;-3;-3;-3;-2;-4;-1;-5;-1;-6;-1;-6;-2;-6;-2;-5;-1;-4;0;-4;0;-4;1;-5;1;-5;1;-5;0;-5;0;-5;0;-4;0;-3;0;-1;0;-1;0;0;-1;-1;-1;-1;1;0;4;1;12;4;12;5;12;6;12;7;11;7;10;8;9;9;9;11;8;12;8;12;8;13;7;12;6;12;4;12;3;12;2;12;2;13;1;12;1;12;1;11;0;9;-1;9;-3;8;-3;9;-3;9;-3;8;-3;7;-2;6;-107;0;-27;-16;-27;-15;-27;-15;-27;-14;-26;-12;-26;-11;-25;-10;-25;-9;-24;-9;-24;-8;-24;-7;-24;-6;-25;-5;-25;-5;-25;-5;-25;-5;-25;-5;-25;-5;-25;-5;-25;-5;-25;-6;-24;-6;-24;-6;-24;-7;-23;-8;-23;-9;-22;-10;-22;-11;-8;-5;-3;-2;0;0;0;0;0;0;-2;-1;-5;-4;-14;-9;-14;-10;-14;-10;-14;-10;-15;-11;-15;-12;-16;-13;-16;-13;-16;-14;-16;-14;-17;-14;-17;-15;-18;-15;-18;-16;-18;-17;-18;-17;-18;-17;-19;-16;-20;-16;-21;-16;-22;-17;-23;-17;-24;-17;-25;-17;-25;-17;-26;-17;-27;-17;-28;-17,transition,EXP_S152,ZONE_02,sortie_zone,4.1,sortie_zone,sortie de la zone
1048052257,-54,6,a0:9f:7a:73:2b:3e,384,-110;-96;8;0;3;-36;3;-35;3;-33;2;-30;0;-28;-3;-25;-6;-23;-10;-22;-13;-22;-16;-23;-17;-23;-18;-23;-17;-24;-17;-23;-17;-22;-16;-20;-15;-19;-16;-16;-17;-14;-18;-12;-20;-10;-22;-10;-24;-10;-25;-11;-25;-12;-7;-3;0;0;0;0;0;0;0;0;0;0;0;0;0;0;0;0;0;0;6;-4;26;-12;29;-8;31;-4;31;1;29;6;25;8;20;9;15;7;10;3;8;-2;7;-9;8;-16;12;-21;16;-24;21;-26;25;-26;28;-24;29;-22;29;-19;26;-17;23;-16;18;-16;13;-18;9;-21;5;-25;4;-28;-108;0;-5;-2;-6;-3;-6;-2;-5;-2;-4;-2;-2;-2;-1;-3;0;-4;0;-5;0;-5;0;-4;1;-4;1;-3;2;-3;3;-3;3;-4;3;-4;3;-4;2;-3;3;-2;3;-1;4;-1;4;-1;4;-2;4;-2;3;-2;2;-2;2;-1;0;-1;0;0;-1;0;-1;-1;-1;-1;0;1;1;4;2;13;2;13;1;14;0;14;-1;14;-2;13;-3;13;-4;13;-6;13;-6;14;-7;14;-7;13;-7;12;-8;11;-9;9;-10;9;-10;9;-10;8;-9;8;-9;7;-8;5;-9;4;-9;3;-10;3;-9;2;-9;2;-8;2;-7;2;-108;0;-3;-31;-3;-30;-3;-30;-4;-29;-5;-28;-6;-27;-6;-26;-7;-25;-7;-24;-8;-24;-9;-23;-9;-23;-10;-23;-10;-23;-10;-23;-10;-23;-11;-23;-11;-23;-11;-23;-10;-23;-10;-23;-9;-23;-8;-23;-8;-23;-7;-23;-6;-23;-4;-24;-3;-24;-1;-9;-1;-3;0;0;0;0;-1;0;-1;-2;-1;-6;-1;-16;0;-16;0;-16;0;-17;0;-17;1;-18;1;-19;2;-20;2;-20;2;-21;2;-21;2;-22;3;-22;3;-23;3;-23;3;-23;3;-23;3;-24;2;-25;1;-26;1;-27;0;-28;0;-28;0;-29;-1;-29;-1;-30;-2;-31;-2;-32,transition,EXP_S152,ZONE_02,sortie_zone,4.1,sortie_zone,sortie de la zone
1048255974,-54,6,a0:9f:7a:73:2b:3e,384,-110;-96;8;0;32;-12;32;-12;30;-11;27;-11;23;-12;20;-14;17;-16;15;-19;14;-21;13;-23;13;-25;13;-25;13;-25;13;-25;12;-24;11;-22;9;-21;7;-21;4;-21;2;-21;0;-22;-1;-24;-1;-25;-1;-27;0;-28;0;-7;0;0;0;0;0;0;0;0;0;0;0;0;0;0;0;0;0;0;5;4;21;18;20;21;17;26;12;28;7;28;3;26;0;22;-1;17;1;11;5;6;10;2;17;1;23;2;28;4;32;7;33;11;33;14;31;17;29;17;26;16;24;13;22;9;22;4;22;-1;24;-5;26;-8;-105;0;0;-5;1;-5;1;-5;1;-5;1;-4;1;-2;2;-1;3;-1;4;0;4;0;3;0;3;0;3;1;3;2;3;3;3;3;3;3;3;2;2;2;1;2;1;3;1;3;1;4;1;4;1;4;1;3;1;3;0;2;0;0;-1;0;-1;-1;0;-1;0;-1;-2;0;-5;2;-12;6;-13;6;-13;5;-14;4;-14;3;-14;2;-14;1;-15;0;-15;-1;-16;-2;-15;-3;-15;-3;-14;-4;-13;-5;-12;-6;-12;-7;-12;-7;-11;-7;-11;-7;-10;-7;-8;-7;-7;-7;-6;-8;-6;-8;-5;-8;-5;-8;-5;-7;-4;-7;-105;0;28;-9;28;-9;27;-9;26;-10;25;-10;24;-10;23;-10;22;-11;21;-11;21;-11;20;-12;20;-12;20;-13;20;-13;20;-13;20;-13;20;-13;20;-13;20;-13;20;-12;20;-12;20;-11;21;-11;21;-10;21;-9;21;-8;22;-7;22;-5;8;-2;2;-1;-1;0;-1;0;-1;0;1;-1;5;-2;14;-5;14;-5;14;-5;15;-5;16;-5;16;-5;17;-4;18;-4;18;-4;19;-4;19;-4;20;-4;21;-4;22;-3;22;-3;22;-3;22;-3;23;-3;23;-4;24;-5;25;-5;26;-6;26;-6;27;-6;27;-7;28;-8;29;-9;29;-9,transition,EXP_S152,ZONE_02,sortie_zone,4.1,sortie_zone,sortie de la zone
1048452771,-54,6,a0:9f:7a:73:2b:3e,384,-110;-96;8;0;-17;-31;-17;-31;-16;-29;-15;-26;-15;-22;-16;-19;-18;-15;-21;-13;-23;-11;-25;-9;-27;-9;-28;-9;-28;-9;-27;-9;-26;-9;-24;-8;-23;-6;-22;-4;-21;-1;-21;1;-22;4;-23;5;-24;6;-26;6;-27;5;-7;1;0;0;0;0;0;0;0;0;0;0;0;0;0;0;0;0;0;0;3;-7;15;-24;19;-23;24;-20;27;-16;27;-11;25;-7;21;-4;16;-3;10;-4;5;-7;1;-12;-2;-18;-2;-24;0;-30;3;-34;7;-36;10;-36;12;-34;13;-32;12;-29;9;-26;5;-24;0;-23;-5;-23;-10;-24;-13;-26;-105;0;-6;0;-6;-1;-5;-1;-4;-2;-4;-2;-3;-3;-2;-3;-2;-4;-1;-4;-1;-4;0;-4;0;-4;1;-4;1;-4;2;-4;2;-4;2;-4;2;-4;2;-4;3;-4;3;-4;3;-3;3;-3;3;-3;3;-3;3;-3;3;-2;3;-2;1;-1;0;-1;-1;0;-1;-1;-1;-1;0;1;2;4;5;12;4;12;3;13;2;13;1;13;0;14;-1;14;-2;14;-3;14;-3;14;-4;13;-5;13;-5;12;-6;12;-6;11;-7;10;-8;10;-8;9;-8;9;-8;8;-8;7;-8;6;-8;5;-8;5;-8;4;-7;4;-7;3;-7;3;-105;0;-10;-29;-10;-29;-11;-28;-11;-27;-11;-26;-12;-25;-12;-24;-13;-23;-13;-22;-14;-21;-14;-20;-15;-19;-16;-19;-16;-19;-16;-19;-16;-19;-16;-19;-16;-19;-16;-19;-16;-20;-15;-20;-15;-20;-15;-19;-14;-20;-14;-20;-13;-21;-11;-21;-10;-22;-4;-8;-1;-3;0;0;0;0;0;0;-1;-2;-2;-6;-4;-16;-3;-16;-3;-16;-3;-17;-2;-17;-2;-18;-2;-19;-2;-19;-2;-20;-2;-21;-2;-21;-2;-22;-2;-22;-2;-23;-2;-23;-2;-23;-2;-24;-3;-24;-3;-25;-4;-25;-5;-26;-5;-27;-6;-27;-7;-28;-8;-28;-8;-29;-9;-29;-9;-30,transition,EXP_S152,ZONE_02,sortie_zone,4.1,sortie_zone,sortie de la zone
1048652352,-54,6,a0:9f:7a:73:2b:3e,384,-110;-96;8;0;34;1;33;2;32;2;29;1;26;-1;23;-4;21;-8;20;-11;20;-14;20;-17;20;-19;21;-19;22;-19;21;-18;20;-17;19;-16;17;-16;14;-16;11;-17;9;-19;8;-21;7;-22;7;-24;8;-25;9;-26;2;-7;0;0;0;0;0;0;0;0;0;0;0;0;0;0;0;0;0;0;3;5;12;24;9;27;5;30;0;31;-4;29;-7;25;-8;20;-7;15;-3;10;3;7;9;6;15;7;21;10;24;15;26;19;26;23;24;26;22;27;20;27;18;25;16;21;17;16;18;11;21;7;25;3;28;1;-111;0;3;-5;3;-4;3;-4;3;-3;3;-2;3;-1;3;0;3;1;3;1;3;2;3;2;2;2;2;3;1;3;1;4;1;4;1;4;1;4;0;4;0;4;-1;4;-1;4;-1;4;-1;4;-1;4;-1;3;-1;3;-1;3;-1;1;-1;0;0;-1;0;-1;0;0;-2;0;-5;0;-14;-1;-14;-2;-14;-3;-14;-4;-14;-5;-14;-6;-13;-7;-13;-8;-12;-9;-12;-9;-12;-10;-11;-10;-10;-10;-9;-11;-8;-11;-7;-12;-6;-12;-6;-12;-5;-11;-4;-11;-3;-10;-2;-10;-2;-10;-1;-10;0;-9;0;-9;0;-8;1;-7;-111;0;29;7;28;7;28;6;27;5;26;5;26;4;25;3;25;2;24;2;24;1;23;0;23;-1;23;-1;23;-1;23;-2;23;-2;24;-2;24;-1;24;-1;23;0;23;0;23;1;23;1;23;2;23;3;22;4;22;6;22;7;8;2;2;1;-1;-1;-1;-1;-1;-1;1;0;5;1;15;3;15;3;15;3;15;4;15;4;16;5;17;5;17;6;18;6;18;7;19;7;19;7;20;8;20;8;20;9;20;9;21;9;21;9;22;9;23;9;24;9;25;8;25;8;26;8;27;8;28;8;28;8;29;8,transition,EXP_S152,ZONE_02,sortie_zone,4.1,sortie_zone,sortie de la zone
1048853854,-54,6,a0:9f:7a:73:2b:3e,384,-110;-96;8;0;-5;-32;-5;-31;-5;-29;-5;-26;-6;-23;-9;-20;-11;-18;-14;-16;-17;-15;-19;-15;-21;-15;-21;-16;-21;-16;-21;-16;-20;-15;-19;-14;-18;-12;-17;-9;-18;-7;-19;-5;-20;-3;-21;-2;-23;-2;-24;-2;-24;-3;-7;-1;0;0;0;0;0;0;0;0;0;0;0;0;0;0;0;0;0;0;4;-4;20;-15;23;-13;26;-9;27;-5;26;0;23;2;18;4;14;3;9;0;5;-5;4;-10;4;-16;6;-21;9;-25;13;-27;16;-28;19;-27;21;-25;20;-22;18;-20;15;-19;11;-18;6;-19;2;-21;-2;-23;-4;-26;-109;0;-10;-5;-9;-6;-9;-6;-7;-6;-5;-6;-3;-6;-1;-6;1;-7;1;-8;2;-8;2;-8;3;-7;4;-6;5;-6;7;-6;7;-6;6;-6;6;-6;5;-5;6;-4;7;-3;8;-2;8;-2;8;-3;7;-3;7;-3;6;-2;5;-1;1;-1;0;0;-1;0;-1;-2;0;-1;0;2;1;8;4;24;2;24;1;25;-1;25;-3;25;-5;24;-7;24;-9;23;-11;23;-12;24;-13;23;-14;22;-14;20;-15;18;-17;16;-18;15;-19;14;-19;14;-18;12;-17;11;-16;8;-16;6;-17;4;-17;3;-17;3;-15;2;-14;2;-12;1;-109;0;-2;-55;-3;-54;-3;-53;-5;-51;-6;-49;-7;-48;-8;-47;-9;-45;-10;-44;-11;-43;-12;-42;-13;-41;-14;-41;-15;-41;-16;-41;-16;-41;-16;-41;-16;-41;-15;-42;-15;-42;-14;-42;-13;-42;-12;-41;-10;-41;-9;-42;-7;-42;-4;-42;-2;-42;-1;-16;0;-5;0;1;0;1;-1;0;-1;-3;-1;-10;-1;-28;0;-28;1;-29;1;-29;2;-30;2;-32;3;-33;4;-34;4;-35;4;-36;5;-37;5;-38;6;-39;6;-40;7;-40;7;-41;7;-41;6;-42;5;-43;4;-45;3;-47;3;-48;2;-49;2;-50;1;-52;0;-53;0;-55;-1;-56,transition,EXP_S152,ZONE_02,sortie_zone,4.1,sortie_zone,sortie de la zone
1049052081,-54,6,a0:9f:7a:73:2b:3e,384,-110;-96;8;0;-37;-2;-36;-3;-33;-3;-30;-2;-27;0;-24;3;-22;7;-21;11;-21;14;-21;16;-22;18;-22;19;-23;19;-23;18;-22;17;-20;16;-18;16;-15;16;-13;17;-10;18;-9;20;-8;22;-8;23;-9;25;-10;25;-3;6;0;0;0;0;0;0;0;0;0;0;0;0;0;0;0;0;0;0;-4;-7;-12;-26;-9;-29;-5;-32;0;-32;5;-30;7;-26;8;-21;6;-15;2;-11;-4;-8;-10;-7;-17;-9;-22;-12;-26;-17;-27;-21;-27;-25;-25;-28;-23;-29;-20;-28;-18;-26;-17;-22;-18;-17;-19;-12;-23;-8;-26;-5;-30;-3;-104;0;-5;3;-5;3;-5;3;-4;2;-4;1;-4;0;-4;-1;-4;-2;-4;-2;-4;-3;-4;-3;-4;-3;-3;-4;-3;-4;-2;-5;-3;-5;-3;-5;-3;-5;-2;-5;-1;-4;-1;-5;0;-5;0;-5;0;-5;0;-5;0;-5;0;-4;0;-4;0;-2;0;-1;0;0;-1;-1;-1;-1;1;0;4;0;13;2;13;3;13;4;12;5;12;6;11;7;11;8;10;9;10;10;10;10;9;10;8;10;7;11;6;11;5;11;5;11;4;11;3;11;3;11;2;10;1;9;0;9;-1;9;-1;9;-2;8;-2;8;-2;7;-2;7;-104;0;-30;-9;-30;-9;-29;-8;-29;-7;-28;-6;-27;-5;-27;-5;-26;-4;-25;-3;-25;-2;-25;-1;-25;-1;-25;0;-25;1;-25;1;-25;1;-25;1;-25;1;-25;1;-25;0;-25;0;-25;0;-24;-1;-24;-1;-24;-2;-24;-3;-24;-5;-24;-6;-9;-3;-3;-1;0;0;0;0;0;0;-2;-1;-6;-3;-15;-6;-15;-6;-15;-7;-15;-7;-16;-8;-16;-8;-17;-9;-17;-9;-18;-10;-18;-10;-19;-10;-19;-11;-20;-11;-20;-12;-20;-12;-21;-12;-21;-12;-22;-12;-22;-11;-23;-11;-25;-11;-26;-11;-26;-11;-27;-11;-28;-11;-29;-10;-30;-10;-31;-10,transition,EXP_S152,ZONE_02,sortie_zone,4.1,sortie_zone,sortie de la zone
1049252432,-54,6,a0:9f:7a:73:2b:3e,384,-110;-96;8;0;5;-36;5;-35;5;-33;3;-30;1;-27;-2;-24;-6;-23;-10;-22;-13;-22;-16;-22;-17;-23;-18;-24;-18;-24;-17;-24;-16;-23;-15;-21;-15;-19;-15;-16;-16;-14;-18;-12;-20;-10;-22;-9;-23;-9;-25;-10;-25;-11;-7;-3;0;0;0;0;0;0;0;0;0;0;0;0;0;0;0;0;0;0;6;-3;26;-10;29;-6;31;-1;30;4;27;8;23;10;18;10;13;8;9;3;7;-3;7;-10;9;-16;13;-21;18;-24;23;-25;26;-24;29;-22;30;-20;29;-17;26;-15;22;-15;17;-15;13;-18;8;-21;5;-26;4;-29;-112;0;-5;-4;-5;-4;-5;-4;-4;-4;-3;-3;-2;-3;0;-4;1;-4;1;-5;1;-5;1;-5;1;-4;2;-3;3;-3;4;-3;4;-4;4;-4;3;-4;3;-3;3;-2;3;-1;4;-1;4;-1;4;-1;4;-2;3;-2;3;-1;2;-1;0;-1;0;0;-1;0;0;-1;0;-1;0;1;-1;4;-1;13;-2;13;-3;13;-4;13;-4;13;-5;12;-6;12;-8;12;-9;12;-9;12;-10;11;-10;10;-10;9;-10;8;-11;7;-11;6;-12;6;-12;6;-11;5;-10;4;-10;3;-10;2;-10;1;-10;0;-10;0;-9;0;-8;0;-7;0;-112;0;2;-31;2;-30;1;-30;0;-29;0;-28;-1;-27;-2;-27;-3;-26;-3;-25;-4;-25;-5;-24;-5;-24;-6;-24;-7;-24;-7;-24;-7;-24;-7;-24;-7;-24;-7;-24;-7;-24;-6;-24;-6;-24;-5;-24;-5;-24;-4;-24;-3;-24;-2;-24;0;-24;0;-9;0;-3;0;0;-1;0;-1;0;0;-2;0;-6;2;-15;3;-15;3;-15;3;-16;4;-17;4;-17;5;-18;5;-18;5;-19;5;-19;5;-20;5;-21;6;-21;7;-22;7;-22;7;-22;7;-22;6;-23;6;-24;5;-25;5;-26;5;-27;5;-28;4;-28;4;-29;3;-30;3;-31;3;-32,transition,EXP_S152,ZONE_02,sortie_zone,4.1,sortie_zone,sortie de la zone
1049457967,-54,6,a0:9f:7a:73:2b:3e,384,-110;-96;8;0;4;31;4;30;4;28;4;25;5;22;7;20;10;17;13;16;16;14;18;14;19;15;20;15;20;16;19;16;18;15;17;13;17;12;16;9;17;7;17;5;19;3;20;2;22;2;23;2;23;3;6;0;0;0;0;0;0;0;0;0;0;0;0;0;0;0;0;0;0;0;-5;4;-20;15;-23;13;-26;9;-27;5;-26;1;-24;-2;-19;-3;-15;-3;-10;0;-6;4;-4;10;-4;15;-6;21;-9;25;-13;27;-17;27;-19;26;-21;24;-20;22;-19;20;-16;18;-11;18;-7;18;-3;20;1;23;3;26;-103;0;8;3;8;4;7;4;6;4;4;5;2;5;0;5;-1;6;-2;6;-2;6;-3;6;-3;6;-4;5;-6;5;-6;5;-7;5;-7;5;-7;5;-7;4;-7;3;-7;2;-8;2;-8;2;-8;2;-8;2;-8;1;-7;1;-7;0;-3;0;-1;-1;0;-1;0;1;-1;0;-1;-3;-2;-9;-3;-24;-2;-25;0;-25;2;-25;3;-25;5;-25;7;-24;9;-24;10;-24;12;-23;13;-23;13;-21;14;-20;15;-18;16;-16;17;-15;17;-14;17;-13;16;-12;16;-10;15;-9;15;-7;15;-6;15;-5;15;-4;14;-3;13;-2;12;-2;-103;0;2;54;2;53;3;52;4;50;5;48;7;47;8;46;9;44;10;43;11;42;12;41;13;40;14;40;15;40;16;40;16;40;16;40;16;40;16;40;15;40;14;40;13;40;12;40;11;40;10;40;7;41;5;41;3;42;0;15;-1;4;-1;-2;0;-2;0;-1;0;2;-1;9;-2;27;-3;27;-3;27;-4;28;-4;29;-5;30;-5;31;-6;32;-6;34;-6;35;-7;36;-7;37;-8;38;-9;39;-9;39;-8;40;-8;41;-7;42;-7;43;-6;44;-5;46;-4;47;-4;49;-3;50;-2;51;-1;53;-1;54;0;55,transition,EXP_S152,ZONE_02,sortie_zone,4.1,sortie_zone,sortie de la zone
1049655163,-54,6,a0:9f:7a:73:2b:3e,384,-110;-96;8;0;-15;-30;-14;-29;-13;-27;-13;-25;-13;-21;-14;-18;-16;-15;-18;-13;-21;-11;-23;-10;-24;-10;-25;-11;-25;-11;-24;-11;-23;-11;-22;-10;-21;-8;-20;-6;-19;-4;-20;-2;-21;0;-22;1;-23;1;-24;1;-25;0;-7;0;0;0;0;0;0;0;0;0;0;0;0;0;0;0;0;0;0;0;2;-6;12;-23;15;-22;19;-20;22;-17;23;-12;21;-8;18;-5;13;-4;8;-5;3;-7;0;-12;-2;-17;-2;-23;-1;-27;2;-31;5;-32;8;-32;10;-31;11;-29;10;-26;7;-24;4;-22;0;-21;-5;-21;-9;-23;-12;-25;-109;0;-10;-1;-10;-2;-10;-2;-9;-2;-7;-3;-5;-4;-3;-5;-2;-7;-2;-8;-2;-8;-2;-7;-1;-7;1;-6;2;-7;3;-8;4;-9;3;-9;3;-8;2;-7;3;-6;5;-5;6;-5;6;-6;6;-7;5;-6;4;-6;4;-4;3;-3;1;-1;0;0;-1;0;-1;-2;-1;-1;1;1;4;7;12;20;11;21;10;22;8;22;7;23;5;23;3;23;0;24;-1;25;-2;25;-3;25;-4;24;-5;23;-7;21;-8;19;-10;19;-11;19;-11;19;-10;18;-10;16;-10;13;-12;11;-13;10;-14;9;-14;9;-13;8;-11;7;-10;6;-109;0;-25;-50;-25;-49;-26;-48;-26;-46;-27;-44;-27;-42;-27;-41;-27;-39;-28;-37;-29;-35;-30;-33;-31;-32;-32;-31;-32;-31;-33;-31;-33;-31;-33;-32;-33;-32;-32;-33;-31;-33;-30;-34;-30;-34;-29;-33;-28;-34;-27;-34;-25;-36;-23;-37;-21;-39;-8;-15;-2;-5;0;1;0;1;0;0;-2;-3;-5;-10;-11;-26;-11;-26;-11;-26;-10;-27;-11;-29;-11;-31;-10;-32;-10;-34;-10;-35;-10;-36;-11;-37;-11;-38;-12;-39;-11;-40;-11;-41;-11;-41;-11;-41;-12;-42;-14;-43;-15;-44;-16;-45;-17;-47;-18;-48;-19;-48;-21;-49;-23;-50;-25;-51;-26;-51,transition,EXP_S152,ZONE_02,sortie_zone,4.1,sortie_zone,sortie de la zone
1049852289,-54,6,a0:9f:7a:73:2b:3e,384,-110;-96;8;0;29;20;28;20;27;19;25;16;23;13;22;8;22;4;23;0;24;-3;26;-5;27;-6;28;-7;29;-6;28;-5;27;-5;25;-5;23;-6;20;-8;18;-10;17;-12;16;-15;16;-17;17;-18;19;-19;20;-19;5;-5;0;0;0;0;0;0;0;0;0;0;0;0;0;0;0;0;0;0;-1;7;-6;28;-10;28;-16;27;-20;25;-22;20;-22;15;-19;11;-14;8;-8;6;-1;7;4;10;9;15;12;21;12;27;11;32;8;35;5;36;2;36;1;34;1;30;2;26;5;22;9;19;15;17;20;16;24;16;-114;0;5;-2;5;-2;4;-1;4;0;3;1;3;1;2;2;2;2;1;3;1;3;1;3;0;4;0;4;-1;4;-1;4;-2;4;-2;4;-2;4;-2;4;-3;4;-3;3;-3;3;-3;3;-3;3;-3;3;-3;3;-3;2;-3;2;-1;0;-1;0;0;-1;0;0;0;0;-2;-1;-4;-4;-10;-11;-9;-11;-9;-12;-8;-13;-7;-14;-6;-14;-5;-14;-4;-15;-3;-15;-2;-15;-2;-15;-1;-15;0;-15;1;-14;1;-14;2;-14;3;-13;3;-12;4;-12;4;-11;4;-10;5;-9;5;-9;5;-8;5;-7;5;-7;5;-6;5;-5;-114;0;18;24;18;23;19;22;19;21;19;20;19;19;19;18;19;17;19;16;19;15;19;14;19;13;20;13;20;12;21;12;21;12;21;12;21;12;21;13;20;13;20;13;19;13;19;13;19;14;18;14;17;15;16;16;16;17;5;6;1;2;-1;-1;-1;-1;-1;-1;0;1;3;4;8;12;8;13;7;13;7;14;7;14;7;15;8;16;8;16;8;17;8;18;8;18;8;19;9;19;9;20;9;20;9;21;10;21;10;21;11;21;12;22;13;22;13;23;14;23;15;23;16;24;17;24;18;24;18;24,transition,EXP_S152,ZONE_02,sortie_zone,4.1,sortie_zone,sortie de la zone
1050057224,-54,6,a0:9f:7a:73:2b:3e,384,-110;-96;8;0;34;-10;33;-9;31;-8;28;-9;24;-10;21;-12;18;-15;16;-18;15;-20;14;-23;14;-25;15;-25;15;-25;15;-25;14;-23;13;-22;11;-21;8;-21;5;-21;3;-21;1;-23;0;-24;0;-25;0;-27;1;-28;0;-7;0;0;0;0;0;0;0;0;0;0;0;0;0;0;0;0;0;0;4;4;19;21;16;24;13;28;8;29;3;29;-1;26;-3;21;-2;15;1;10;5;5;11;3;17;2;24;4;28;7;31;11;32;15;31;18;29;20;27;20;24;18;22;14;21;10;21;5;23;0;26;-4;28;-7;-103;0;1;-6;1;-6;1;-6;1;-5;1;-4;2;-3;2;-1;3;-1;4;-1;4;-1;4;0;3;0;3;1;3;2;3;3;3;3;4;3;3;2;3;2;2;3;2;3;1;4;1;4;2;4;2;3;2;3;1;2;1;2;0;0;0;0;-1;-1;0;-1;0;-1;-2;0;-5;1;-13;4;-14;4;-14;3;-15;2;-15;1;-14;0;-14;-1;-14;-2;-15;-3;-15;-4;-15;-4;-14;-5;-13;-5;-12;-6;-11;-7;-11;-8;-11;-9;-10;-9;-10;-8;-9;-8;-8;-8;-6;-8;-5;-9;-5;-9;-5;-9;-4;-8;-4;-8;-3;-7;-103;0;29;-8;28;-8;28;-9;27;-9;26;-10;25;-10;24;-11;23;-11;22;-12;21;-12;20;-12;20;-13;20;-13;20;-14;20;-14;20;-14;20;-14;20;-14;20;-14;20;-14;20;-13;21;-13;20;-12;21;-11;21;-10;22;-9;22;-8;22;-7;8;-3;2;-1;-1;0;-1;0;-1;0;1;-1;5;-2;14;-4;15;-4;15;-3;15;-3;16;-3;17;-3;18;-3;18;-3;19;-2;19;-2;20;-3;21;-3;21;-2;22;-2;22;-2;22;-2;23;-2;23;-3;24;-3;24;-4;25;-5;26;-5;27;-5;27;-6;28;-7;29;-7;29;-8;30;-8,transition,EXP_S152,ZONE_02,sortie_zone,4.1,sortie_zone,sortie de la zone
1050252252,-54,6,a0:9f:7a:73:2b:3e,384,-110;-96;8;0;-27;-26;-26;-25;-24;-24;-23;-21;-22;-17;-22;-13;-23;-9;-24;-5;-26;-3;-28;-1;-29;0;-30;0;-30;0;-30;-1;-28;-1;-26;0;-24;1;-23;3;-21;6;-20;8;-20;10;-21;12;-22;13;-23;14;-24;14;-7;3;0;0;0;0;0;0;0;0;0;0;0;0;0;0;0;0;0;0;1;-7;8;-28;12;-28;17;-27;21;-23;23;-19;22;-14;19;-10;14;-7;8;-7;1;-8;-4;-12;-8;-17;-10;-23;-9;-29;-7;-34;-4;-37;-1;-38;1;-37;3;-35;3;-32;1;-28;-3;-25;-7;-22;-13;-20;-18;-20;-22;-21;-111;0;-6;1;-6;1;-6;1;-5;0;-4;-1;-3;-1;-3;-3;-3;-3;-3;-4;-3;-4;-2;-4;-2;-4;-1;-4;0;-5;0;-5;0;-5;0;-5;0;-5;0;-4;1;-4;1;-4;2;-4;2;-4;2;-5;2;-5;2;-4;1;-4;2;-3;0;-1;0;-1;-1;0;-1;-1;-1;-1;1;0;3;3;9;9;8;10;8;11;7;12;6;12;5;12;4;13;4;13;3;14;2;15;2;15;1;14;0;13;-1;13;-2;12;-3;12;-3;12;-4;12;-4;11;-4;10;-4;9;-5;8;-6;8;-6;7;-6;7;-6;6;-5;6;-5;5;-111;0;-21;-24;-21;-23;-21;-22;-21;-21;-21;-20;-21;-19;-21;-18;-21;-17;-21;-16;-21;-15;-21;-13;-22;-13;-22;-12;-23;-12;-23;-12;-23;-12;-23;-12;-23;-12;-23;-12;-23;-12;-22;-12;-22;-13;-21;-13;-21;-13;-21;-13;-20;-14;-19;-16;-18;-17;-7;-6;-2;-3;0;0;0;0;0;0;-2;-2;-4;-5;-9;-13;-9;-14;-9;-14;-9;-14;-9;-15;-9;-16;-9;-17;-9;-17;-10;-18;-10;-19;-10;-19;-11;-20;-11;-20;-11;-21;-11;-21;-11;-21;-12;-21;-12;-22;-13;-22;-14;-22;-15;-23;-16;-23;-17;-23;-18;-24;-19;-24;-20;-24;-21;-24;-21;-24,transition,EXP_S152,ZONE_02,sortie_zone,4.1,sortie_zone,sortie de la zone
1050456948,-54,6,a0:9f:7a:73:2b:3e,384,-110;-96;8;0;-7;35;-7;34;-7;31;-5;29;-3;26;0;24;4;22;8;22;11;21;14;22;16;22;16;23;16;24;15;23;15;22;14;20;14;18;14;15;15;13;17;11;19;10;21;9;22;9;24;10;24;11;6;2;0;0;0;0;0;0;0;0;0;0;0;0;0;0;0;0;0;0;-7;1;-28;6;-30;2;-32;-3;-31;-8;-28;-11;-23;-13;-18;-12;-14;-10;-10;-5;-8;1;-8;8;-11;14;-15;19;-21;21;-25;22;-29;21;-32;19;-32;17;-31;14;-28;13;-24;12;-20;13;-15;16;-11;20;-8;24;-6;28;-113;0;3;4;3;4;3;3;3;3;2;2;0;2;-1;2;-3;3;-3;4;-3;4;-3;4;-3;3;-3;2;-4;1;-5;1;-6;2;-5;2;-5;2;-4;1;-4;0;-4;-1;-5;-1;-5;-1;-5;0;-5;0;-4;0;-4;0;-4;0;-2;-1;-1;-1;0;-1;-1;0;-1;0;0;-2;1;-5;3;-13;4;-14;4;-14;5;-14;6;-13;6;-12;8;-11;9;-11;10;-11;11;-11;11;-11;11;-10;11;-9;11;-8;11;-6;12;-5;12;-5;12;-5;11;-5;10;-4;9;-3;9;-1;9;0;9;0;9;0;8;0;7;0;6;0;-113;0;-8;29;-8;29;-7;28;-6;27;-5;27;-4;26;-3;26;-2;25;-1;24;0;24;0;24;1;24;1;24;2;24;2;23;3;23;3;24;3;24;3;24;3;24;2;24;2;23;1;23;0;23;-1;23;-2;23;-3;23;-4;23;-2;8;-1;2;-1;-1;0;-1;0;-1;-1;1;-3;4;-7;13;-7;13;-7;13;-7;14;-8;14;-8;15;-9;16;-10;16;-10;16;-10;17;-10;17;-10;18;-11;18;-12;18;-12;19;-12;19;-12;20;-11;20;-11;21;-11;22;-11;24;-11;25;-10;25;-10;26;-10;27;-10;27;-10;28;-9;29,transition,EXP_S152,ZONE_02,sortie_zone,4.1,sortie_zone,sortie de la zone
1050652241,-54,6,a0:9f:7a:73:2b:3e,384,-110;-96;8;0;-6;35;-6;34;-6;32;-5;30;-2;27;1;25;5;23;8;22;11;22;13;23;15;23;15;24;15;24;15;24;15;23;14;21;14;19;14;16;16;14;17;12;19;11;21;11;22;11;23;12;23;13;5;3;0;0;0;0;0;0;0;0;0;0;0;0;0;0;0;0;0;0;-7;2;-27;9;-30;6;-32;1;-32;-4;-29;-8;-25;-11;-20;-11;-15;-8;-10;-4;-8;2;-8;8;-10;15;-14;20;-19;23;-24;24;-28;24;-30;22;-31;19;-31;17;-28;15;-24;14;-19;15;-15;17;-11;20;-8;24;-6;28;-111;0;4;3;4;3;4;3;3;2;2;2;0;2;-1;2;-2;3;-2;3;-2;4;-2;3;-2;2;-3;2;-4;1;-5;1;-5;2;-5;2;-4;2;-4;1;-4;0;-4;0;-5;-1;-5;-1;-5;0;-5;0;-4;0;-4;0;-4;-1;-2;-1;-1;-1;0;-1;0;0;-1;0;-1;-2;-1;-5;-1;-14;-1;-15;0;-15;1;-15;2;-14;3;-14;4;-14;6;-14;7;-14;8;-14;8;-13;8;-13;8;-12;9;-10;9;-9;10;-8;11;-8;10;-7;10;-7;9;-6;8;-5;8;-3;9;-2;9;-1;9;-1;8;-1;7;-1;7;-1;-111;0;-4;30;-3;30;-3;29;-2;28;-1;28;0;27;0;26;1;25;1;25;2;24;3;24;3;24;4;24;4;24;4;24;5;24;5;24;4;24;4;24;4;24;3;24;3;24;2;23;1;23;0;23;-1;23;-2;23;-4;23;-2;8;-1;2;-1;-1;0;-1;0;-1;-1;1;-1;5;-2;15;-2;15;-3;15;-3;15;-3;16;-4;17;-4;17;-5;18;-5;18;-5;19;-5;19;-6;20;-6;21;-7;21;-7;21;-7;22;-7;22;-6;22;-6;23;-6;24;-6;26;-6;26;-6;27;-5;28;-5;28;-5;29;-4;30;-4;31,transition,EXP_S152,ZONE_02,sortie_zone,4.1,sortie_zone,sortie de la zone
1050853471,-54,6,a0:9f:7a:73:2b:3e,384,-110;-96;8;0;-17;32;-17;30;-16;29;-14;27;-11;25;-7;23;-4;23;0;24;3;25;5;26;6;27;7;28;6;28;6;27;6;26;6;25;7;22;8;20;10;18;12;17;14;17;16;17;17;18;18;19;18;20;4;5;0;0;0;0;0;0;0;0;0;0;0;0;0;0;0;0;0;0;-7;0;-29;1;-30;-3;-31;-9;-29;-13;-25;-16;-21;-17;-16;-16;-12;-13;-9;-7;-9;0;-11;6;-14;11;-20;15;-25;16;-30;16;-34;14;-36;11;-36;9;-34;6;-31;6;-27;6;-23;8;-20;12;-17;16;-15;21;-14;24;-110;0;3;4;3;4;3;4;3;3;2;2;0;1;-2;1;-3;2;-3;3;-3;3;-3;3;-3;2;-3;1;-4;0;-5;0;-6;1;-6;1;-5;1;-4;1;-4;0;-4;-1;-4;-2;-5;-2;-5;-2;-5;-1;-5;-1;-4;-1;-3;-1;-1;-1;-1;-1;0;-1;-1;0;-1;0;0;-2;1;-5;3;-14;4;-14;5;-14;5;-14;6;-13;7;-12;8;-11;9;-10;11;-10;11;-10;12;-10;11;-10;11;-8;11;-7;11;-6;12;-5;12;-4;12;-4;11;-4;10;-3;9;-2;8;0;9;1;9;1;9;1;8;1;7;0;6;0;-110;0;-13;28;-12;28;-11;27;-10;27;-9;26;-8;26;-8;25;-7;25;-6;24;-5;24;-4;24;-4;24;-3;24;-3;24;-2;24;-2;24;-2;24;-2;24;-3;24;-3;24;-4;24;-4;23;-5;23;-5;23;-6;23;-7;23;-8;22;-9;22;-4;8;-2;2;0;-1;0;-1;0;-1;-1;1;-3;4;-7;13;-7;13;-7;13;-8;14;-8;14;-9;15;-10;15;-11;16;-11;16;-11;16;-11;17;-12;17;-12;18;-13;18;-14;19;-14;19;-13;19;-13;20;-13;21;-13;22;-13;23;-14;24;-14;24;-14;25;-13;26;-13;27;-12;28;-12;29,transition,EXP_S152,ZONE_02,sortie_zone,4.1,sortie_zone,sortie de la zone
1051053979,-54,6,a0:9f:7a:73:2b:3e,384,-110;-96;8;0;26;23;25;23;24;22;22;19;21;15;21;11;22;7;23;4;24;1;26;-1;27;-1;28;-2;29;-1;28;-1;27;-1;25;-1;23;-3;21;-5;20;-7;19;-9;19;-11;19;-13;20;-14;22;-15;23;-15;5;-4;0;0;0;0;0;0;0;0;0;0;0;0;0;0;0;0;0;0;-2;6;-8;27;-12;27;-17;26;-21;22;-23;18;-22;14;-20;10;-15;7;-9;6;-3;7;3;11;7;16;9;21;9;27;7;32;4;35;1;36;-1;35;-3;33;-2;30;-1;27;2;23;7;20;12;19;17;18;21;19;-103;0;4;-2;5;-2;4;-2;4;-1;3;0;2;0;2;1;2;2;2;3;1;3;1;3;0;3;0;3;-1;3;-1;4;-1;4;-1;4;-1;4;-2;4;-2;3;-2;3;-3;3;-3;3;-3;4;-3;3;-3;3;-3;2;-3;2;-1;0;-1;0;0;-1;0;0;0;0;-2;-1;-4;-4;-10;-11;-9;-11;-9;-12;-8;-12;-7;-13;-6;-13;-5;-14;-4;-14;-3;-15;-3;-15;-2;-15;-1;-15;-1;-14;0;-14;1;-13;2;-13;2;-13;3;-12;3;-12;3;-11;3;-10;4;-9;4;-8;5;-8;5;-8;5;-7;4;-7;4;-6;-103;0;19;23;19;22;19;21;19;20;19;19;19;18;19;17;19;16;19;15;19;14;20;13;20;12;20;12;21;11;21;11;21;11;21;11;21;11;21;11;21;12;20;12;20;12;20;12;19;12;19;13;18;14;17;15;16;16;5;6;1;1;-1;-1;-1;-1;-1;-1;0;1;2;4;7;12;7;12;7;13;7;13;7;14;7;15;8;15;8;16;8;17;8;17;9;18;9;18;9;19;9;20;9;20;9;20;10;20;10;20;11;21;12;21;13;22;14;22;14;22;15;23;16;23;17;23;18;23;19;23,transition,EXP_S152,ZONE_02,sortie_zone,4.1,sortie_zone,sortie de la zone
1051252945,-54,6,a0:9f:7a:73:2b:3e,384,-110;-96;8;0;-3;-33;-2;-32;-2;-30;-3;-28;-4;-25;-7;-22;-9;-20;-12;-19;-15;-18;-17;-18;-19;-19;-19;-19;-19;-19;-19;-19;-18;-18;-17;-17;-16;-15;-16;-13;-17;-11;-18;-9;-20;-8;-21;-7;-22;-7;-23;-8;-24;-8;-6;-3;0;0;0;0;0;0;0;0;0;0;0;0;0;0;0;0;0;0;4;-5;20;-16;23;-14;26;-10;27;-6;26;-1;23;2;18;3;14;2;9;0;6;-5;4;-11;4;-16;6;-21;10;-25;14;-27;17;-28;20;-27;21;-25;21;-22;19;-20;16;-18;12;-18;8;-19;3;-21;0;-24;-2;-26;-107;0;-5;-3;-5;-3;-5;-3;-4;-3;-3;-3;-2;-3;-1;-3;0;-4;0;-4;0;-4;0;-4;1;-3;1;-3;2;-3;3;-3;3;-3;3;-3;3;-3;2;-3;2;-2;3;-1;3;-1;4;-1;4;-1;3;-2;3;-2;2;-1;2;-1;0;-1;0;0;-1;0;-1;-1;0;-1;0;1;0;4;2;11;1;12;0;12;0;12;-1;12;-2;12;-3;11;-4;11;-5;12;-6;12;-6;11;-7;11;-7;10;-8;9;-8;8;-9;7;-9;7;-9;7;-9;6;-8;5;-8;4;-8;3;-8;2;-9;2;-9;2;-8;1;-7;1;-6;1;-107;0;-1;-28;-1;-28;-2;-27;-2;-27;-3;-26;-3;-25;-4;-24;-5;-24;-5;-23;-6;-22;-6;-22;-7;-22;-7;-21;-7;-22;-7;-22;-8;-22;-8;-22;-8;-22;-7;-22;-7;-22;-6;-22;-6;-22;-5;-22;-4;-22;-3;-22;-2;-22;-1;-22;0;-22;0;-8;0;-3;0;0;0;0;-1;0;-1;-2;-1;-5;-1;-14;-1;-14;0;-14;0;-15;0;-15;0;-16;0;-17;1;-18;1;-18;1;-18;1;-19;1;-20;2;-20;2;-21;3;-21;3;-21;3;-21;2;-22;2;-22;1;-23;1;-24;1;-25;0;-26;0;-26;0;-27;-1;-28;-1;-28;-1;-29,transition,EXP_S152,ZONE_02,sortie_zone,4.1,sortie_zone,sortie de la zone
1051452805,-54,6,a0:9f:7a:73:2b:3e,384,-110;-96;8;0;-31;17;-31;16;-29;15;-26;15;-22;15;-18;16;-15;18;-12;20;-10;22;-8;24;-8;27;-8;28;-8;28;-9;27;-8;25;-7;24;-5;22;-3;21;-1;20;2;20;4;21;6;21;7;23;7;24;7;26;1;6;0;0;0;0;0;0;0;0;0;0;0;0;0;0;0;0;0;0;-6;-4;-23;-17;-22;-21;-19;-26;-14;-28;-9;-28;-5;-26;-2;-22;-1;-16;-3;-10;-6;-5;-12;-1;-18;1;-25;1;-30;-1;-34;-4;-35;-8;-35;-12;-34;-14;-31;-14;-28;-13;-25;-10;-23;-6;-22;-1;-22;5;-24;10;-26;13;-112;0;-1;5;-1;5;-2;5;-2;4;-2;3;-3;2;-3;1;-4;0;-4;0;-4;0;-4;-1;-4;-1;-4;-2;-4;-2;-4;-3;-4;-3;-4;-3;-4;-3;-4;-3;-3;-3;-3;-4;-3;-4;-3;-4;-3;-5;-3;-4;-3;-4;-2;-4;-2;-4;-1;-2;-1;-1;0;0;-1;0;-1;0;1;-1;4;-2;13;-5;13;-4;13;-3;13;-2;13;-2;13;-1;14;0;14;1;14;2;14;3;14;3;13;4;12;5;11;6;11;6;10;7;10;7;9;7;8;7;8;7;7;7;6;7;5;7;4;7;4;7;3;7;2;7;2;6;-112;0;-29;8;-29;8;-28;9;-27;9;-26;9;-25;10;-24;11;-23;11;-22;12;-21;12;-21;13;-20;13;-20;13;-20;14;-20;14;-20;14;-20;14;-20;14;-20;14;-20;14;-20;13;-20;13;-20;12;-21;12;-21;11;-21;10;-22;9;-22;8;-8;2;-3;0;0;-1;0;-1;0;-1;-2;0;-6;0;-15;2;-15;2;-15;2;-16;1;-16;1;-17;1;-18;1;-19;1;-20;1;-20;1;-21;1;-21;1;-22;1;-22;1;-23;0;-23;1;-23;1;-24;1;-24;2;-25;3;-26;3;-26;4;-27;5;-28;5;-28;6;-29;7;-29;7;-30;8,transition,EXP_S152,ZONE_02,sortie_zone,4.1,sortie_zone,sortie de la zone
1051654063,-54,6,a0:9f:7a:73:2b:3e,384,-110;-96;8;0;13;33;12;32;12;30;12;27;12;23;14;19;16;16;19;14;21;12;24;11;26;11;27;11;27;11;26;11;25;11;23;10;22;8;21;5;21;2;21;0;22;-2;23;-4;24;-4;26;-4;27;-4;6;-1;0;0;0;0;0;0;0;0;0;0;0;0;0;0;0;0;0;0;-5;5;-20;21;-23;19;-27;15;-29;11;-29;6;-26;2;-22;0;-16;0;-11;2;-6;5;-2;11;-1;17;-2;24;-5;29;-8;32;-12;34;-15;33;-17;31;-17;29;-16;26;-13;24;-8;22;-3;22;2;23;7;25;10;27;-111;0;5;0;4;1;4;1;3;2;3;2;2;2;1;3;0;3;0;3;-1;3;-1;3;-1;3;-2;3;-3;3;-3;3;-4;3;-4;3;-4;3;-4;3;-4;2;-4;2;-4;2;-5;2;-5;2;-4;2;-4;1;-4;1;-3;1;-2;0;-1;0;0;-1;0;0;0;0;-1;-2;-2;-5;-3;-14;-2;-14;-1;-15;0;-15;0;-14;1;-14;2;-14;3;-14;4;-14;5;-14;6;-14;6;-13;6;-12;7;-11;7;-11;8;-10;8;-9;8;-9;8;-8;8;-7;8;-7;8;-6;8;-5;8;-5;8;-4;7;-4;7;-3;6;-3;-111;0;5;30;6;29;6;28;7;27;7;26;8;25;9;24;9;24;10;23;10;22;11;21;11;21;12;21;12;20;13;20;13;20;13;20;13;20;13;20;13;20;12;21;12;20;11;20;11;21;10;21;9;21;8;22;7;22;2;8;0;2;-1;-1;-1;-1;0;-1;0;1;0;5;0;15;0;15;-1;15;-1;15;-1;16;-1;17;-1;17;-2;18;-2;19;-2;20;-2;20;-2;21;-2;21;-2;22;-2;22;-2;23;-2;23;-1;23;-1;24;0;25;1;26;1;26;2;27;2;28;3;28;4;29;4;30;5;30,transition,EXP_S152,ZONE_02,sortie_zone,4.1,sortie_zone,sortie de la zone
1051852126,-54,6,a0:9f:7a:73:2b:3e,384,-110;-96;8;0;-35;-15;-34;-15;-31;-14;-29;-12;-27;-8;-25;-4;-24;0;-24;4;-25;7;-26;9;-27;11;-28;11;-29;11;-28;10;-27;10;-25;10;-22;10;-20;11;-17;13;-16;15;-15;17;-14;19;-14;21;-16;22;-17;22;-5;5;0;0;0;0;0;0;0;0;0;0;0;0;0;0;0;0;0;0;-1;-8;0;-29;4;-31;9;-31;14;-29;17;-25;17;-20;16;-15;11;-11;5;-8;-1;-8;-8;-10;-13;-14;-17;-20;-18;-25;-18;-30;-16;-34;-13;-36;-11;-36;-9;-34;-8;-31;-9;-26;-11;-22;-14;-18;-19;-14;-24;-13;-28;-12;-108;0;-5;2;-6;2;-5;1;-5;0;-5;0;-4;-1;-4;-2;-3;-3;-3;-4;-3;-4;-3;-4;-3;-4;-2;-4;-1;-5;-1;-5;-1;-6;-1;-6;-1;-6;0;-5;0;-5;0;-5;1;-5;1;-5;1;-5;1;-5;1;-5;1;-4;1;-4;0;-2;0;-1;-1;0;-1;-1;-1;-1;1;0;4;3;11;8;10;9;10;10;9;11;8;11;7;12;6;12;6;13;5;13;4;14;3;14;3;14;2;13;1;13;0;13;-1;12;-1;12;-2;12;-2;11;-3;11;-3;10;-4;9;-4;9;-5;8;-5;8;-5;7;-5;6;-5;6;-108;0;-25;-20;-25;-19;-25;-18;-25;-17;-25;-16;-24;-15;-24;-14;-24;-13;-24;-11;-24;-10;-24;-9;-24;-8;-24;-7;-24;-7;-25;-7;-25;-7;-25;-7;-25;-8;-25;-8;-25;-8;-24;-9;-24;-9;-24;-9;-23;-9;-23;-10;-22;-11;-22;-12;-21;-13;-8;-5;-3;-2;0;0;0;0;0;0;-2;-2;-4;-5;-11;-12;-11;-12;-11;-13;-11;-13;-11;-13;-11;-14;-12;-15;-12;-16;-12;-16;-13;-17;-13;-17;-14;-18;-14;-18;-15;-18;-15;-19;-15;-19;-15;-19;-16;-19;-16;-19;-17;-19;-19;-20;-20;-20;-20;-20;-22;-20;-23;-20;-24;-20;-25;-20;-26;-20,transition,EXP_S152,ZONE_02,sortie_zone,4.1,sortie_zone,sortie de la zone
1052052333,-54,6,a0:9f:7a:73:2b:3e,384,-110;-96;8;0;-31;20;-30;19;-28;17;-25;17;-21;17;-17;17;-13;19;-10;21;-8;24;-7;26;-6;27;-6;29;-7;29;-7;28;-7;27;-6;25;-4;23;-2;21;1;21;3;20;6;21;7;22;8;23;8;25;8;26;2;6;0;0;0;0;0;0;0;0;0;0;0;0;0;0;0;0;0;0;-7;-4;-25;-15;-24;-19;-21;-24;-17;-27;-12;-27;-8;-25;-5;-21;-4;-16;-4;-9;-7;-4;-12;1;-18;3;-25;3;-31;1;-34;-2;-36;-5;-36;-8;-35;-10;-32;-11;-29;-10;-26;-7;-24;-3;-23;2;-22;7;-24;12;-26;16;-117;0;-2;5;-2;5;-2;4;-2;4;-3;3;-3;2;-4;1;-4;0;-5;0;-5;0;-5;-1;-5;-1;-5;-2;-5;-3;-5;-3;-5;-3;-5;-3;-5;-3;-4;-3;-4;-3;-3;-4;-3;-4;-3;-4;-3;-4;-3;-4;-3;-4;-3;-4;-2;-4;-1;-2;-1;-1;0;0;-1;0;-1;0;1;-1;4;-2;13;-4;13;-4;13;-3;13;-2;13;-1;13;0;13;1;13;2;14;3;14;4;13;4;13;5;12;5;11;6;10;7;9;7;9;8;9;8;8;8;7;7;6;7;5;7;4;8;4;8;3;8;3;7;2;7;2;6;-117;0;-30;8;-29;9;-29;9;-28;10;-27;10;-26;11;-25;11;-24;12;-23;12;-22;13;-21;13;-20;14;-20;14;-20;15;-20;15;-20;15;-20;15;-20;15;-20;15;-20;15;-20;14;-20;14;-20;13;-21;13;-21;12;-22;11;-22;10;-23;9;-9;3;-3;0;0;-1;0;-1;0;-1;-2;0;-6;0;-15;2;-16;1;-16;1;-16;1;-17;1;-18;1;-19;1;-19;0;-20;0;-20;0;-21;0;-22;0;-22;0;-23;0;-23;0;-23;0;-24;1;-24;1;-25;2;-25;3;-26;3;-27;4;-28;5;-28;5;-29;6;-30;7;-30;8;-30;8,transition,EXP_S152,ZONE_02,sortie_zone,4.1,sortie_zone,sortie de la zone
1052256126,-54,6,a0:9f:7a:73:2b:3e,384,-110;-96;8;0;0;-33;1;-32;1;-30;0;-27;-2;-24;-5;-22;-8;-20;-12;-19;-14;-18;-16;-19;-18;-19;-19;-20;-19;-20;-18;-20;-17;-20;-16;-18;-16;-16;-16;-13;-16;-11;-18;-9;-19;-8;-21;-7;-22;-7;-23;-8;-24;-8;-6;-3;0;0;0;0;0;0;0;0;0;0;0;0;0;0;0;0;0;0;5;-3;22;-12;25;-9;27;-5;27;0;25;4;22;6;17;6;12;5;8;1;6;-4;5;-10;6;-16;9;-20;13;-24;17;-25;21;-25;23;-23;24;-21;23;-19;21;-17;17;-16;13;-16;9;-18;5;-20;2;-24;0;-27;-117;0;-4;-4;-4;-4;-3;-4;-2;-4;-2;-4;-1;-4;0;-4;1;-4;1;-4;2;-4;2;-3;2;-3;2;-3;3;-2;3;-2;4;-2;4;-2;4;-2;4;-1;4;-1;4;-1;4;0;4;0;4;0;4;0;3;0;3;0;2;1;0;0;0;0;-1;0;0;-1;0;-1;-1;1;-1;4;-3;11;-4;11;-5;11;-6;11;-7;11;-7;10;-8;10;-9;9;-10;9;-10;8;-11;7;-11;7;-11;6;-11;5;-11;4;-11;4;-11;3;-11;2;-11;2;-10;1;-10;0;-9;-1;-9;-1;-9;-2;-8;-2;-8;-2;-7;-2;-7;-3;-117;0;9;-27;8;-26;7;-26;7;-25;6;-25;5;-24;5;-24;4;-23;3;-23;2;-23;1;-22;1;-22;0;-22;0;-23;0;-23;0;-23;0;-23;0;-23;1;-23;1;-23;1;-23;2;-22;2;-22;2;-22;3;-22;4;-21;6;-21;7;-21;2;-8;1;-3;-1;0;-1;0;-1;0;0;-2;1;-5;4;-13;5;-13;5;-13;6;-13;6;-14;6;-14;7;-15;7;-15;8;-16;8;-16;8;-17;9;-17;9;-18;9;-18;9;-18;10;-18;10;-19;10;-19;10;-20;10;-20;10;-21;10;-22;10;-23;9;-24;9;-25;9;-26;9;-26;9;-27,transition,EXP_S152,ZONE_02,sortie_zone,4.1,sortie_zone,sortie de la zone
1052452241,-54,6,a0:9f:7a:73:2b:3e,384,-110;-96;8;0;29;-21;28;-20;27;-19;23;-18;19;-18;15;-18;12;-20;8;-22;6;-25;5;-27;5;-28;5;-29;5;-29;5;-29;5;-27;4;-26;3;-24;0;-22;-2;-21;-5;-21;-7;-21;-9;-22;-10;-23;-10;-25;-10;-26;-3;-7;0;0;0;0;0;0;0;0;0;0;0;0;0;0;0;0;0;0;6;3;24;14;22;18;20;23;16;26;11;26;6;24;3;20;2;15;3;8;6;3;11;-2;17;-4;24;-4;29;-2;33;1;35;4;35;7;34;10;31;10;28;9;25;7;22;2;21;-3;21;-8;22;-13;23;-17;-118;0;-2;-6;-2;-7;-2;-6;-2;-6;-1;-5;0;-4;2;-3;3;-3;3;-3;3;-4;3;-3;3;-2;3;-1;4;0;4;0;5;0;5;0;5;-1;4;0;3;0;3;2;3;2;4;2;5;2;4;1;4;1;3;1;2;1;0;0;0;0;-1;-1;0;-1;0;-1;-1;1;-4;3;-10;10;-10;10;-11;10;-11;9;-11;8;-12;7;-12;6;-14;5;-15;4;-15;4;-15;4;-15;3;-14;2;-13;1;-13;-1;-13;-2;-13;-2;-13;-2;-13;-2;-12;-2;-10;-3;-9;-4;-9;-5;-9;-6;-9;-6;-8;-5;-7;-5;-6;-4;-118;0;20;-22;19;-22;18;-23;17;-23;16;-23;16;-22;15;-22;14;-22;13;-22;11;-22;10;-22;9;-22;9;-23;9;-23;9;-23;9;-23;9;-23;9;-23;10;-23;10;-23;11;-22;11;-22;11;-21;11;-21;12;-20;13;-20;14;-19;15;-18;5;-7;1;-2;-1;0;-1;0;-1;0;1;-2;3;-4;10;-11;10;-10;10;-10;11;-11;12;-11;13;-11;14;-11;14;-11;15;-11;15;-12;15;-13;16;-13;16;-14;17;-14;17;-14;18;-14;18;-14;18;-14;18;-15;18;-17;19;-17;19;-18;20;-19;20;-20;19;-21;19;-22;19;-23;19;-24,transition,EXP_S152,ZONE_02,sortie_zone,4.1,sortie_zone,sortie de la zone
1052652355,-54,6,a0:9f:7a:73:2b:3e,384,-110;-96;8;0;20;30;19;29;17;27;16;24;16;20;17;16;19;13;21;9;23;7;26;6;28;5;29;5;29;6;28;6;27;6;25;5;23;3;22;1;21;-1;21;-4;21;-6;22;-8;23;-9;25;-9;26;-9;6;-3;0;0;0;0;0;0;0;0;0;0;0;0;0;0;0;0;0;0;-4;6;-15;24;-19;23;-24;20;-26;16;-27;12;-25;7;-21;4;-16;3;-10;3;-4;6;0;11;3;17;3;24;1;29;-2;33;-5;35;-8;35;-11;34;-11;31;-10;28;-8;25;-3;23;2;21;7;21;12;23;16;24;-109;0;5;0;5;0;4;1;3;1;3;2;2;2;1;3;1;3;0;3;0;4;0;4;-1;3;-2;3;-2;3;-3;3;-3;4;-3;4;-3;3;-3;3;-3;3;-4;2;-4;2;-4;2;-4;2;-4;2;-4;2;-4;2;-4;1;-2;0;-1;0;0;-1;0;0;0;0;-1;-2;-2;-5;-5;-13;-5;-14;-4;-14;-2;-15;-1;-15;-1;-15;0;-15;1;-15;2;-15;3;-15;4;-15;4;-14;5;-13;5;-13;6;-12;7;-11;7;-10;7;-10;7;-9;7;-8;7;-7;7;-7;7;-6;8;-5;7;-5;7;-4;7;-4;6;-3;-109;0;10;28;10;28;10;27;11;26;11;25;12;24;12;23;13;22;13;21;13;20;14;20;14;19;15;19;15;18;16;18;16;18;16;18;16;19;16;19;15;19;15;19;15;19;14;19;14;19;13;19;12;20;10;21;9;21;3;7;0;2;-1;-1;-1;-1;-1;-1;0;1;1;5;2;14;2;14;2;15;1;15;1;16;1;17;1;17;1;18;1;19;1;19;1;20;1;20;1;21;1;22;1;22;1;22;2;23;2;23;3;24;4;24;4;25;5;26;6;26;6;27;7;28;8;28;9;29;9;29,transition,EXP_S152,ZONE_02,sortie_zone,4.1,sortie_zone,sortie de la zone
1052854414,-54,6,a0:9f:7a:73:2b:3e,384,-110;-96;8;0;35;-5;34;-4;32;-4;29;-4;25;-6;22;-9;20;-12;18;-15;17;-18;17;-21;17;-23;18;-23;18;-23;18;-23;17;-21;16;-20;14;-19;11;-19;8;-20;6;-21;4;-22;3;-24;3;-25;3;-27;4;-27;1;-7;0;0;0;0;0;0;0;0;0;0;0;0;0;0;0;0;0;0;3;5;14;24;11;27;7;30;2;30;-3;28;-6;25;-7;20;-5;14;-2;9;4;6;10;4;17;5;22;7;27;11;29;16;29;20;27;23;25;24;23;24;20;22;19;18;18;13;19;8;22;3;26;-1;28;-3;-113;0;2;-5;2;-5;3;-4;3;-4;3;-3;3;-2;3;-1;3;0;3;0;3;1;3;1;3;1;2;2;2;2;2;3;2;3;2;4;2;4;2;4;1;4;1;4;1;4;1;4;1;4;1;4;0;3;0;3;0;3;-1;1;-1;0;-1;-1;0;0;0;0;-2;0;-5;-1;-14;-2;-14;-3;-14;-4;-14;-5;-14;-6;-13;-6;-13;-7;-13;-8;-12;-9;-12;-9;-11;-10;-11;-10;-10;-11;-9;-11;-8;-11;-7;-11;-6;-11;-6;-11;-5;-11;-5;-11;-4;-10;-3;-10;-3;-10;-2;-10;-1;-9;-1;-9;-1;-8;0;-8;-113;0;29;2;29;1;29;1;28;0;27;-1;27;-2;26;-2;25;-3;24;-4;24;-5;23;-6;23;-7;23;-7;23;-8;23;-8;23;-8;23;-8;23;-8;23;-8;23;-7;23;-7;23;-7;23;-6;23;-6;23;-5;23;-4;23;-2;23;-1;8;-1;2;0;-1;0;-1;-1;-1;-1;1;0;5;1;14;3;14;3;14;4;14;4;15;5;15;5;16;5;17;6;17;6;18;6;19;6;19;6;20;7;20;7;21;7;21;7;21;7;22;7;22;6;23;6;24;6;25;5;26;5;27;4;28;4;29;3;30;2;30;2,transition,EXP_S152,ZONE_02,sortie_zone,4.1,sortie_zone,sortie de la zone
1053054283,-54,6,a0:9f:7a:73:2b:3e,384,-110;-96;8;0;-27;19;-26;18;-25;17;-22;16;-18;16;-15;16;-12;18;-9;19;-7;21;-6;23;-6;25;-6;25;-7;25;-7;25;-6;24;-6;22;-4;21;-2;19;0;19;2;19;4;19;5;20;6;21;6;23;5;23;1;6;0;0;0;0;0;0;0;0;0;0;0;0;0;0;0;0;0;0;-6;-2;-24;-9;-24;-13;-23;-17;-19;-21;-15;-22;-11;-21;-8;-18;-6;-13;-6;-8;-8;-3;-11;2;-16;4;-22;5;-27;4;-31;2;-33;-1;-33;-4;-32;-6;-30;-7;-27;-6;-24;-4;-22;-1;-20;3;-20;8;-21;12;-22;15;-107;0;0;5;0;5;0;5;0;4;-1;3;-2;2;-3;1;-4;1;-4;1;-4;1;-4;1;-4;0;-4;-1;-4;-1;-5;-2;-5;-2;-5;-2;-5;-1;-4;-1;-3;-2;-3;-3;-3;-4;-3;-4;-4;-4;-4;-3;-4;-2;-3;-2;-2;-2;-1;-1;-1;-1;0;0;-1;0;-1;0;0;-2;2;-4;7;-10;7;-10;8;-10;8;-9;9;-8;9;-7;10;-6;11;-5;12;-5;12;-4;12;-4;12;-4;11;-3;11;-1;11;0;11;1;11;1;11;1;10;1;9;2;8;2;7;3;6;4;6;5;6;5;6;4;5;4;4;3;-107;0;-21;18;-21;18;-20;18;-19;18;-18;17;-17;17;-17;17;-16;17;-15;17;-14;17;-14;17;-13;17;-13;18;-13;18;-13;18;-13;18;-13;18;-13;18;-14;18;-14;17;-14;17;-15;16;-15;16;-15;15;-16;15;-17;14;-18;13;-18;12;-7;4;-3;1;0;-1;0;-1;0;-1;-2;1;-4;3;-10;9;-10;9;-11;9;-11;9;-12;9;-13;10;-13;10;-14;10;-14;10;-15;10;-15;10;-16;11;-16;11;-17;11;-18;11;-18;11;-18;11;-18;11;-18;12;-18;13;-19;14;-20;15;-20;15;-20;15;-21;16;-21;17;-21;18;-21;18,transition,EXP_S152,ZONE_02,sortie_zone,4.1,sortie_zone,sortie de la zone
1053252267,-54,6,a0:9f:7a:73:2b:3e,384,-110;-96;8;0;-27;-19;-26;-19;-25;-18;-23;-15;-21;-12;-21;-8;-21;-4;-22;-1;-23;2;-24;4;-25;5;-27;6;-27;5;-26;5;-25;4;-23;5;-21;5;-19;7;-17;8;-16;10;-15;12;-15;14;-15;16;-17;17;-18;17;-5;4;0;0;0;0;0;0;0;0;0;0;0;0;0;0;0;0;0;0;1;-7;6;-25;10;-25;15;-24;18;-21;19;-17;19;-13;16;-9;12;-7;6;-6;0;-7;-5;-10;-9;-15;-11;-20;-11;-25;-9;-30;-7;-32;-4;-33;-2;-33;0;-31;-1;-27;-2;-24;-5;-21;-9;-18;-14;-16;-18;-15;-22;-16;-116;0;-6;0;-6;0;-6;0;-5;0;-4;-1;-3;-2;-3;-3;-3;-3;-3;-4;-3;-4;-2;-4;-2;-4;-1;-4;0;-5;0;-5;0;-5;0;-5;0;-5;0;-4;0;-4;1;-4;1;-4;2;-4;2;-5;1;-4;1;-4;1;-4;1;-3;0;-1;0;-1;-1;0;-1;-1;-1;-1;0;1;2;3;7;10;6;10;6;11;5;11;4;11;3;12;2;12;1;12;1;13;0;13;0;13;-1;13;-1;12;-2;11;-3;11;-4;11;-4;10;-4;10;-4;10;-4;9;-5;8;-5;7;-6;6;-6;6;-6;6;-6;5;-6;5;-5;4;-116;0;-18;-21;-18;-21;-18;-20;-18;-19;-19;-18;-19;-17;-19;-16;-19;-15;-19;-14;-19;-13;-19;-12;-19;-11;-20;-11;-20;-10;-20;-10;-20;-10;-21;-10;-21;-10;-21;-10;-20;-10;-20;-11;-20;-11;-19;-11;-19;-11;-19;-12;-18;-12;-17;-13;-17;-14;-6;-5;-2;-2;0;0;0;0;0;0;-1;-2;-3;-5;-7;-13;-6;-13;-6;-13;-6;-13;-7;-14;-7;-15;-7;-15;-7;-16;-7;-16;-7;-17;-8;-17;-8;-18;-8;-18;-8;-19;-8;-19;-9;-19;-9;-19;-10;-19;-10;-20;-11;-20;-12;-20;-13;-21;-14;-21;-15;-21;-16;-21;-17;-21;-17;-22;-18;-22,transition,EXP_S152,ZONE_02,sortie_zone,4.1,sortie_zone,sortie de la zone
1053452172,-54,6,a0:9f:7a:73:2b:3e,384,-110;-96;8;0;12;-35;12;-33;11;-31;9;-28;6;-26;2;-24;-2;-23;-6;-23;-9;-24;-12;-25;-13;-26;-14;-27;-13;-27;-12;-27;-12;-26;-11;-24;-11;-21;-12;-19;-14;-17;-16;-15;-18;-14;-19;-13;-21;-14;-22;-15;-23;-16;-6;-5;0;0;0;0;0;0;0;0;0;0;0;0;0;0;0;0;0;0;6;-2;27;-4;29;0;29;5;28;10;24;13;20;14;15;13;11;10;8;4;7;-2;8;-8;12;-14;16;-18;22;-20;27;-20;30;-18;32;-16;32;-13;31;-11;28;-10;24;-10;19;-12;15;-15;12;-20;10;-24;9;-28;-109;0;-3;-6;-3;-6;-3;-6;-2;-5;-1;-5;0;-4;1;-4;2;-4;2;-4;3;-4;2;-4;2;-3;3;-2;3;-1;4;-1;5;-1;5;-1;4;-1;4;-1;4;0;4;0;4;1;4;1;4;1;4;0;4;0;3;0;2;1;0;0;0;0;-1;-1;0;-1;0;-1;-1;1;-3;4;-7;11;-8;11;-9;11;-10;10;-10;10;-11;9;-11;8;-12;7;-13;6;-14;6;-14;6;-13;5;-13;4;-13;2;-13;1;-13;0;-13;0;-13;0;-12;0;-11;-1;-10;-2;-10;-3;-9;-3;-9;-4;-9;-4;-8;-4;-8;-3;-7;-3;-109;0;15;-27;14;-27;14;-26;12;-26;11;-26;10;-25;9;-25;8;-25;7;-24;6;-24;6;-24;5;-24;4;-24;4;-24;4;-24;4;-25;4;-25;4;-25;4;-25;4;-25;5;-24;5;-24;5;-24;6;-23;7;-23;8;-22;9;-22;10;-22;4;-8;1;-3;-1;0;-1;0;-1;0;0;-2;3;-5;9;-12;9;-12;9;-12;9;-12;10;-13;11;-13;11;-14;12;-14;12;-14;13;-15;13;-15;13;-16;14;-16;15;-16;15;-16;15;-17;15;-17;15;-18;15;-19;15;-20;15;-21;15;-22;15;-22;15;-23;15;-24;16;-25;16;-26;16;-27,transition,EXP_S152,ZONE_02,sortie_zone,4.1,sortie_zone,sortie de la zone
1053653302,-54,6,a0:9f:7a:73:2b:3e,384,-110;-96;8;0;13;33;12;32;11;30;11;27;12;23;14;19;16;15;19;13;21;11;24;11;25;11;26;11;26;12;26;12;25;11;23;10;22;8;20;5;20;2;20;0;21;-2;23;-4;24;-4;25;-4;26;-3;6;-1;0;0;0;0;0;0;0;0;0;0;0;0;0;0;0;0;0;0;-5;5;-20;20;-24;18;-27;15;-29;10;-29;5;-26;1;-21;-1;-16;-1;-10;1;-6;5;-3;11;-1;18;-3;24;-5;29;-9;32;-12;33;-16;33;-18;31;-18;28;-16;25;-12;23;-8;21;-3;21;2;22;7;24;10;27;-108;0;5;1;5;1;5;1;5;1;3;1;2;1;1;2;0;3;0;4;0;4;0;4;-1;3;-2;3;-3;3;-3;4;-3;4;-3;5;-3;4;-2;3;-3;3;-4;2;-4;2;-5;2;-5;3;-4;3;-4;2;-3;2;-3;1;-1;0;-1;0;0;-1;0;0;0;0;-1;-2;-3;-5;-7;-13;-6;-13;-6;-14;-5;-14;-4;-14;-2;-14;-1;-14;0;-15;1;-15;2;-15;2;-15;2;-15;3;-14;4;-13;5;-12;6;-12;6;-12;6;-11;6;-11;6;-9;6;-8;6;-6;7;-6;8;-5;8;-5;7;-5;6;-5;5;-4;-108;0;11;27;11;27;12;26;12;25;13;24;13;23;13;22;14;21;14;20;14;19;15;19;15;18;16;18;16;18;16;18;16;17;16;17;16;18;16;18;16;18;15;18;15;18;14;18;14;18;13;19;12;20;11;20;10;21;3;7;0;2;-1;-1;-1;-1;-1;-1;0;1;1;4;4;13;4;14;4;14;4;14;4;15;4;16;3;17;3;18;3;18;4;18;4;19;4;19;4;20;4;21;4;22;4;22;4;22;5;22;5;23;6;23;7;24;8;25;8;25;9;26;9;26;10;27;11;27;12;28,transition,EXP_S152,ZONE_02,sortie_zone,4.1,sortie_zone,sortie de la zone
1053852280,-54,6,a0:9f:7a:73:2b:3e,384,-110;-96;8;0;27;22;26;22;24;21;23;18;21;14;21;10;21;6;23;2;24;-1;26;-3;28;-4;29;-4;29;-3;28;-3;27;-3;25;-3;23;-4;21;-6;19;-8;18;-10;17;-13;18;-15;19;-16;20;-17;21;-17;5;-5;0;0;0;0;0;0;0;0;0;0;0;0;0;0;0;0;0;0;-2;6;-8;27;-12;27;-18;26;-21;22;-23;18;-23;13;-20;9;-15;6;-8;5;-2;7;4;10;8;16;10;22;10;28;8;32;5;35;2;36;-1;35;-2;33;-2;29;0;26;3;22;8;19;13;18;18;18;22;18;-112;0;5;-1;6;-1;5;-1;5;-1;3;-1;2;1;2;2;2;3;2;4;2;4;2;3;1;3;0;3;-1;4;-2;5;-2;5;-1;5;-1;5;-1;4;-2;3;-3;3;-4;3;-4;3;-4;4;-3;4;-3;3;-2;2;-2;2;-1;0;-1;0;0;-1;0;0;0;0;-2;-1;-5;-3;-12;-9;-12;-9;-11;-10;-11;-11;-10;-12;-9;-12;-7;-13;-6;-14;-5;-15;-5;-15;-5;-15;-4;-15;-3;-14;-2;-14;0;-14;1;-14;1;-14;2;-13;2;-13;2;-11;3;-10;4;-9;5;-8;6;-8;6;-8;5;-8;4;-7;4;-6;-112;0;20;21;20;20;20;19;20;19;20;18;20;17;20;16;20;15;20;14;19;13;19;13;20;12;20;12;21;12;21;11;21;11;21;11;21;11;21;12;20;12;20;13;19;13;19;13;18;14;18;15;17;16;16;17;15;17;5;6;1;2;-1;-1;-1;-1;-1;-1;1;1;3;3;10;10;10;10;10;11;10;11;10;12;11;13;11;13;11;14;11;15;11;15;11;15;12;15;12;16;12;17;12;18;12;18;12;18;13;18;14;18;15;19;16;19;17;20;17;20;18;20;19;20;19;21;20;21;21;22,transition,EXP_S152,ZONE_02,sortie_zone,4.1,sortie_zone,sortie de la zone
1054054281,-53,6,a0:9f:7a:73:2b:3e,384,-110;-96;8;0;32;-12;32;-11;29;-10;26;-10;22;-11;19;-13;16;-15;13;-18;11;-21;11;-23;11;-26;11;-27;12;-26;12;-26;12;-24;10;-22;8;-21;6;-21;3;-20;1;-20;-2;-21;-3;-22;-4;-24;-4;-26;-3;-27;-1;-7;0;0;0;0;0;0;0;0;0;0;0;0;0;0;0;0;0;0;4;4;18;19;16;23;12;26;8;28;3;27;0;24;-2;20;-2;14;1;9;5;4;11;1;17;1;23;2;28;5;31;9;31;13;30;16;28;17;26;17;23;16;21;12;20;8;20;2;21;-3;24;-7;27;-10;-114;0;2;-5;2;-5;2;-5;2;-4;3;-3;3;-2;3;-1;3;-1;4;0;4;0;4;1;3;1;3;2;3;2;3;2;3;3;3;3;3;3;2;3;2;3;2;3;1;3;1;4;1;3;1;3;1;3;1;3;1;3;0;1;0;0;-1;-1;0;-1;0;0;-2;0;-5;0;-13;1;-14;1;-14;-1;-14;-2;-14;-3;-14;-4;-13;-5;-13;-6;-13;-7;-13;-7;-12;-8;-12;-8;-11;-8;-10;-9;-10;-9;-9;-10;-8;-10;-7;-10;-7;-10;-6;-9;-5;-9;-4;-9;-3;-9;-3;-9;-2;-9;-2;-8;-1;-8;-1;-7;-114;0;29;-4;28;-5;27;-5;27;-6;26;-6;25;-7;24;-7;23;-8;22;-8;22;-9;21;-9;21;-10;20;-11;20;-11;20;-12;20;-12;20;-12;20;-12;20;-12;20;-11;20;-11;20;-10;20;-10;20;-10;21;-9;21;-8;22;-7;22;-6;7;-2;2;-1;-1;0;-1;-1;-1;-1;1;-1;5;0;14;0;14;0;14;1;15;1;15;1;16;1;16;2;17;2;18;2;18;2;19;2;19;2;20;3;20;3;21;3;21;3;22;2;22;2;23;1;23;1;24;0;25;0;26;0;26;-1;27;-2;28;-2;28;-3;29;-3,transition,EXP_S152,ZONE_02,sortie_zone,4.1,sortie_zone,sortie de la zone
1054252317,-54,6,a0:9f:7a:73:2b:3e,384,-110;-96;8;0;17;-33;17;-32;16;-30;14;-27;10;-25;6;-24;1;-24;-3;-24;-6;-25;-8;-27;-9;-28;-10;-29;-9;-30;-9;-29;-8;-28;-8;-26;-8;-23;-10;-21;-11;-18;-14;-17;-16;-16;-18;-16;-20;-17;-21;-18;-21;-20;-6;-5;0;0;0;0;0;0;0;0;0;0;0;0;0;0;0;0;0;0;7;-1;29;1;30;5;29;10;27;15;23;18;18;18;13;16;9;11;7;5;7;-1;10;-7;14;-12;20;-16;26;-16;31;-16;34;-13;35;-11;35;-8;33;-6;29;-6;25;-7;21;-10;17;-14;15;-18;14;-24;14;-27;-114;0;-3;-6;-3;-6;-3;-6;-2;-6;-1;-5;0;-4;1;-4;2;-4;3;-5;3;-5;3;-4;3;-3;4;-2;4;-2;5;-1;5;-1;5;-2;5;-2;4;-1;4;-1;4;0;4;1;5;1;5;1;5;1;4;1;3;1;3;1;1;0;0;0;-1;-1;0;-1;0;-1;-1;1;-2;5;-5;13;-6;13;-6;13;-7;13;-8;12;-9;11;-10;10;-11;10;-12;9;-13;9;-13;8;-13;7;-13;6;-13;4;-13;3;-14;2;-14;1;-14;1;-13;1;-12;0;-11;-1;-10;-2;-10;-3;-10;-4;-10;-4;-9;-4;-8;-4;-7;-4;-114;0;13;-28;13;-28;12;-28;11;-27;11;-27;10;-26;9;-26;8;-26;7;-25;6;-25;5;-25;5;-25;4;-25;4;-25;4;-25;4;-25;4;-25;5;-25;5;-25;6;-25;6;-25;7;-24;7;-24;7;-23;8;-23;10;-22;11;-22;12;-21;4;-8;1;-3;-1;0;-1;0;-1;0;0;-2;2;-6;6;-15;6;-15;6;-14;7;-15;7;-15;8;-16;9;-16;9;-17;10;-17;10;-17;10;-18;11;-19;11;-19;12;-19;13;-19;13;-19;13;-20;13;-20;13;-21;13;-22;13;-23;13;-24;14;-25;14;-26;13;-27;13;-28;13;-28;13;-29,transition,EXP_S152,ZONE_02,sortie_zone,4.1,sortie_zone,sortie de la zone
1054453289,-54,6,a0:9f:7a:73:2b:3e,384,-110;-96;8;0;-38;-2;-36;-2;-33;-2;-30;-1;-26;1;-23;5;-21;9;-20;12;-19;16;-19;19;-20;21;-21;22;-21;21;-21;20;-20;19;-18;18;-16;17;-13;17;-10;17;-8;19;-6;20;-4;22;-4;24;-4;26;-5;27;-2;6;0;0;0;0;0;0;0;0;0;0;0;0;0;0;0;0;0;0;-3;-7;-9;-28;-5;-30;0;-32;4;-31;8;-28;10;-24;10;-18;7;-13;2;-9;-4;-7;-11;-7;-17;-9;-22;-13;-26;-18;-27;-23;-26;-27;-23;-29;-21;-30;-19;-28;-17;-25;-16;-21;-17;-16;-19;-10;-23;-6;-27;-3;-31;-1;-111;0;-6;3;-6;3;-6;3;-5;2;-5;1;-5;0;-5;-2;-5;-3;-5;-3;-5;-3;-5;-4;-4;-4;-4;-4;-3;-5;-3;-5;-3;-6;-3;-6;-3;-5;-2;-5;-1;-5;-1;-5;0;-5;0;-6;0;-6;-1;-5;-1;-5;0;-5;0;-4;0;-2;0;-1;0;0;-1;-1;-1;-1;1;0;4;0;13;3;13;4;13;5;13;6;12;7;11;7;11;9;10;10;10;11;9;11;9;11;8;11;7;11;6;11;5;12;4;12;3;12;2;12;2;11;1;10;0;10;-1;9;-2;9;-3;9;-3;9;-3;8;-3;7;-3;6;-111;0;-30;-10;-29;-9;-29;-8;-28;-7;-27;-7;-27;-6;-26;-5;-26;-4;-25;-3;-25;-2;-25;-1;-25;-1;-25;0;-25;0;-25;0;-25;0;-25;0;-25;0;-25;0;-25;0;-25;-1;-24;-1;-24;-2;-24;-2;-24;-3;-24;-4;-24;-5;-24;-7;-9;-3;-3;-1;0;0;0;0;0;0;-2;-1;-5;-2;-14;-6;-15;-6;-15;-7;-15;-7;-16;-7;-16;-8;-17;-8;-17;-9;-17;-9;-18;-10;-18;-10;-19;-10;-19;-11;-20;-11;-20;-12;-20;-12;-21;-12;-21;-11;-22;-11;-23;-11;-24;-11;-25;-11;-26;-11;-27;-11;-28;-10;-29;-10;-29;-10;-30;-10,transition,EXP_S152,ZONE_02,sortie_zone,4.1,sortie_zone,sortie de la zone
1054657465,-54,6,a0:9f:7a:73:2b:3e,384,-110;-96;8;0;33;15;32;15;29;14;26;12;24;8;23;4;22;0;23;-4;23;-8;24;-10;26;-12;27;-12;28;-12;27;-10;26;-9;24;-9;22;-10;19;-10;17;-12;15;-14;14;-16;13;-19;14;-21;15;-22;16;-23;4;-6;0;0;0;0;0;0;0;0;0;0;0;0;0;0;0;0;0;0;0;6;0;28;-4;29;-10;29;-14;27;-17;23;-17;18;-15;13;-11;10;-5;7;1;7;7;9;12;13;16;19;17;24;16;29;14;33;11;34;8;34;7;31;6;28;7;24;10;20;14;16;19;13;24;11;28;11;-112;0;5;-2;5;-1;5;-1;5;0;4;1;4;1;3;2;3;3;2;3;2;3;2;3;1;3;1;4;0;4;0;4;-1;5;-1;5;-1;5;-1;4;-2;4;-2;4;-2;4;-2;4;-3;4;-3;4;-3;3;-3;3;-3;2;-1;0;-1;0;0;-1;0;0;0;0;-2;-1;-4;-4;-10;-10;-10;-11;-9;-12;-8;-12;-7;-13;-6;-13;-5;-14;-5;-14;-4;-14;-3;-15;-2;-14;-1;-14;-1;-14;0;-14;1;-13;2;-13;2;-12;3;-12;3;-11;4;-10;4;-10;4;-9;5;-8;5;-8;5;-7;5;-7;5;-6;5;-6;-112;0;21;22;21;21;21;20;21;19;21;18;21;17;21;16;21;14;21;13;20;12;21;12;21;11;21;10;22;10;22;10;22;10;22;10;22;10;22;10;22;10;21;10;21;11;21;11;20;11;20;12;19;13;18;14;18;15;6;5;1;1;-1;-1;-1;-1;-1;-1;1;1;3;4;9;12;9;12;8;12;8;13;9;13;9;14;9;15;9;15;10;16;10;16;10;17;10;17;11;18;11;19;11;19;11;19;12;19;12;19;13;20;14;20;15;20;16;21;17;21;18;21;19;21;20;22;21;22;21;22,transition,EXP_S152,ZONE_02,sortie_zone,4.1,sortie_zone,sortie de la zone
1054852300,-54,6,a0:9f:7a:73:2b:3e,384,-110;-96;8;0;-34;-16;-32;-17;-30;-16;-27;-13;-25;-10;-23;-5;-23;-1;-23;3;-24;7;-26;9;-27;11;-28;11;-29;11;-28;10;-27;9;-25;9;-22;9;-20;10;-17;12;-15;14;-14;16;-14;19;-14;21;-15;22;-17;22;-5;5;0;0;0;0;0;0;0;0;0;0;0;0;0;0;0;0;0;0;0;-8;2;-29;6;-30;12;-30;16;-27;18;-23;18;-18;16;-13;12;-9;5;-8;-1;-8;-7;-11;-12;-15;-16;-21;-16;-27;-15;-31;-13;-35;-10;-36;-8;-36;-6;-33;-6;-30;-7;-25;-9;-21;-14;-17;-19;-14;-24;-13;-28;-13;-107;0;-7;1;-7;1;-6;1;-6;0;-5;-1;-4;-2;-4;-3;-4;-4;-4;-5;-4;-5;-3;-5;-3;-4;-2;-5;-1;-5;0;-6;0;-6;-1;-6;-1;-6;0;-5;0;-5;1;-5;2;-5;2;-5;2;-5;1;-5;1;-5;1;-4;1;-4;0;-2;0;-1;-1;0;-1;-1;-1;-1;1;0;4;2;11;8;11;8;11;9;10;10;9;10;8;11;7;12;6;12;5;13;5;14;4;14;3;14;2;13;1;13;0;13;-1;13;-2;13;-2;12;-2;11;-3;10;-3;9;-4;8;-5;8;-6;8;-6;8;-6;7;-5;6;-5;5;-107;0;-24;-19;-24;-19;-24;-18;-24;-17;-24;-16;-23;-15;-23;-15;-23;-14;-22;-13;-22;-12;-22;-11;-23;-10;-23;-9;-23;-9;-24;-9;-24;-9;-24;-9;-24;-9;-24;-10;-24;-10;-23;-11;-23;-11;-22;-11;-22;-11;-21;-12;-21;-13;-20;-14;-19;-15;-7;-6;-2;-2;0;0;0;0;0;0;-2;-2;-5;-4;-12;-11;-12;-11;-12;-11;-12;-11;-12;-12;-13;-13;-13;-14;-13;-14;-13;-15;-13;-15;-14;-16;-14;-16;-15;-17;-15;-17;-15;-18;-15;-18;-15;-18;-16;-18;-17;-18;-18;-18;-19;-19;-20;-19;-20;-19;-21;-20;-22;-20;-23;-20;-24;-20;-25;-20,transition,EXP_S152,ZONE_02,sortie_zone,4.1,sortie_zone,sortie de la zone
1055054077,-54,6,a0:9f:7a:73:2b:3e,384,-110;-96;8;0;-31;-22;-29;-21;-27;-20;-25;-17;-23;-13;-23;-9;-23;-5;-24;-1;-26;2;-28;4;-29;5;-30;5;-31;5;-30;4;-28;4;-26;4;-24;4;-22;6;-20;8;-19;10;-18;13;-19;15;-19;16;-21;17;-22;17;-6;4;0;0;0;0;0;0;0;0;0;0;0;0;0;0;0;0;0;0;0;-7;4;-29;8;-29;13;-29;17;-26;19;-22;19;-17;16;-12;12;-9;6;-8;0;-9;-6;-12;-11;-17;-13;-22;-14;-28;-12;-33;-10;-36;-7;-37;-4;-36;-2;-33;-2;-30;-4;-26;-7;-23;-12;-20;-17;-18;-22;-17;-25;-18;-110;0;-7;1;-7;1;-6;1;-6;0;-5;0;-4;-1;-4;-3;-4;-4;-4;-4;-4;-4;-4;-4;-3;-4;-2;-5;-1;-5;-1;-6;-1;-6;-1;-6;-1;-6;-1;-5;0;-5;1;-5;1;-5;1;-5;1;-5;1;-5;1;-5;1;-4;1;-4;0;-2;0;-1;0;0;-1;-1;-1;-1;1;0;4;2;11;7;11;7;11;8;10;9;9;10;8;10;7;11;6;12;6;13;5;13;5;13;4;13;3;13;2;12;0;12;-1;12;-1;12;-2;12;-2;11;-2;10;-3;9;-4;8;-5;8;-5;8;-5;8;-5;7;-5;6;-4;5;-110;0;-26;-18;-26;-18;-25;-17;-25;-16;-25;-15;-25;-14;-24;-13;-24;-12;-24;-11;-24;-10;-24;-9;-24;-8;-24;-8;-24;-8;-24;-7;-24;-7;-25;-7;-25;-7;-25;-8;-25;-8;-24;-8;-24;-9;-23;-9;-23;-10;-22;-11;-22;-12;-21;-13;-20;-14;-8;-6;-2;-2;0;0;0;0;0;0;-2;-1;-5;-4;-12;-10;-12;-10;-12;-11;-12;-11;-13;-12;-13;-12;-14;-13;-14;-14;-14;-14;-15;-15;-15;-15;-15;-16;-16;-16;-16;-17;-16;-17;-16;-17;-16;-17;-17;-17;-18;-17;-19;-17;-20;-18;-21;-18;-22;-18;-23;-18;-24;-18;-24;-19;-25;-19;-26;-19,transition,EXP_S152,ZONE_02,sortie_zone,4.1,sortie_zone,sortie de la zone
1055252273,-54,6,a0:9f:7a:73:2b:3e,384,-110;-96;8;0;-30;-18;-29;-18;-27;-16;-24;-14;-23;-11;-22;-7;-22;-3;-22;1;-23;4;-25;5;-26;7;-27;7;-28;7;-27;6;-26;6;-24;5;-22;6;-19;7;-17;9;-16;11;-15;13;-15;15;-16;17;-18;17;-19;18;-5;4;0;0;0;0;0;0;0;0;0;0;0;0;0;0;0;0;0;0;0;-7;2;-27;6;-27;10;-27;14;-25;17;-21;17;-16;15;-12;10;-9;5;-7;-1;-8;-6;-10;-11;-15;-13;-20;-14;-25;-13;-29;-11;-32;-8;-33;-6;-33;-4;-31;-4;-28;-5;-24;-8;-20;-12;-17;-17;-15;-21;-14;-25;-14;-108;0;-5;1;-6;1;-6;0;-5;0;-5;-1;-4;-2;-4;-3;-3;-3;-3;-4;-3;-4;-3;-4;-2;-4;-2;-5;-1;-5;-1;-5;-1;-5;-1;-5;0;-5;0;-5;0;-5;1;-5;1;-5;1;-5;1;-5;1;-5;1;-4;1;-4;1;-4;0;-2;0;-1;-1;0;-1;-1;-1;-1;1;0;3;2;9;7;9;8;8;9;8;10;7;10;6;11;5;11;5;12;4;12;3;12;2;12;2;12;1;12;0;12;-1;11;-2;11;-2;11;-3;10;-3;10;-4;9;-4;8;-5;8;-5;7;-5;7;-5;6;-5;6;-5;5;-6;5;-108;0;-22;-19;-22;-18;-22;-18;-22;-17;-22;-16;-22;-15;-21;-14;-21;-13;-21;-12;-21;-11;-21;-10;-21;-9;-22;-8;-22;-8;-22;-8;-22;-8;-23;-8;-22;-8;-22;-9;-22;-9;-22;-9;-21;-9;-21;-9;-21;-10;-20;-11;-20;-12;-19;-13;-19;-13;-7;-5;-2;-2;0;0;0;0;0;0;-2;-2;-4;-4;-10;-11;-10;-11;-10;-11;-10;-12;-10;-12;-10;-13;-11;-14;-11;-14;-11;-15;-12;-15;-12;-16;-12;-16;-12;-17;-13;-17;-13;-18;-13;-18;-13;-18;-14;-18;-15;-18;-16;-18;-16;-18;-17;-19;-18;-19;-19;-19;-20;-19;-21;-19;-22;-19;-23;-19,transition,EXP_S152,ZONE_02,sortie_zone,4.1,sortie_zone,sortie de la zone
1055456749,-54,6,a0:9f:7a:73:2b:3e,384,-110;-96;8;0;32;-13;31;-12;29;-11;26;-11;22;-12;18;-14;15;-17;12;-19;10;-22;10;-24;10;-27;10;-28;10;-27;11;-27;10;-25;9;-23;7;-22;5;-21;2;-20;-1;-21;-3;-21;-5;-23;-6;-24;-6;-26;-5;-27;-2;-7;0;0;0;0;0;0;0;0;0;0;0;0;0;0;0;0;0;0;4;4;18;20;16;24;12;27;7;29;2;27;-1;24;-3;20;-3;14;0;8;5;4;11;1;17;1;23;2;28;6;31;9;31;13;31;16;29;18;26;18;23;16;21;12;20;7;20;2;22;-3;24;-8;27;-11;-113;0;1;-6;1;-6;1;-6;2;-5;2;-4;2;-3;3;-2;4;-1;4;-1;4;-1;4;0;4;0;3;1;3;2;4;2;4;3;4;3;4;2;3;2;2;3;2;3;2;4;2;4;2;4;2;4;2;3;1;3;1;3;0;1;0;0;-1;-1;0;-1;0;-1;-2;0;-5;2;-13;5;-14;4;-14;3;-14;2;-14;1;-14;0;-14;-1;-15;-2;-15;-3;-15;-4;-15;-4;-14;-5;-13;-6;-12;-6;-12;-7;-11;-8;-11;-8;-10;-9;-9;-8;-8;-8;-7;-8;-6;-8;-5;-9;-5;-9;-4;-9;-4;-8;-3;-8;-3;-7;-113;0;27;-9;27;-10;26;-10;25;-10;25;-10;24;-11;23;-11;22;-11;21;-12;20;-12;20;-13;19;-13;19;-14;19;-14;19;-14;19;-14;19;-14;19;-14;19;-14;20;-14;20;-13;20;-13;20;-12;20;-11;20;-11;21;-9;21;-8;22;-7;8;-3;2;-1;-1;0;-1;0;-1;0;1;-1;5;-2;13;-4;14;-4;14;-4;14;-3;15;-3;16;-3;16;-3;17;-3;18;-3;18;-3;19;-3;19;-3;20;-3;21;-3;21;-3;21;-3;21;-3;22;-4;22;-4;23;-5;24;-5;25;-6;25;-6;26;-7;26;-7;27;-8;28;-9;28;-9,transition,EXP_S152,ZONE_02,sortie_zone,4.1,sortie_zone,sortie de la zone
1055652376,-54,6,a0:9f:7a:73:2b:3e,384,-110;-96;8;0;16;-34;16;-32;15;-30;13;-28;9;-26;5;-25;1;-24;-3;-25;-6;-26;-8;-28;-9;-29;-9;-29;-9;-30;-8;-29;-8;-28;-8;-26;-8;-24;-9;-21;-11;-19;-14;-18;-16;-17;-18;-18;-19;-18;-20;-20;-20;-21;-5;-6;0;0;0;0;0;0;0;0;0;0;0;0;0;0;0;0;0;0;7;-1;28;-2;29;2;30;8;28;12;24;15;19;16;14;15;10;11;8;5;8;-2;9;-8;13;-13;19;-17;25;-18;29;-17;33;-15;34;-13;34;-10;33;-8;29;-7;25;-8;21;-10;17;-14;14;-19;13;-24;13;-27;-112;0;-3;-6;-2;-6;-2;-6;-2;-5;-1;-4;0;-4;1;-3;2;-3;3;-3;3;-3;3;-3;3;-2;4;-2;4;-1;4;-1;5;-1;5;-1;4;-1;4;0;3;0;3;1;3;2;4;2;4;2;4;1;3;1;3;1;2;2;0;0;0;0;-1;-1;0;-1;0;-1;-1;1;-3;4;-8;11;-8;11;-9;11;-10;10;-11;9;-12;8;-12;7;-13;6;-14;6;-14;5;-15;5;-14;4;-14;3;-14;2;-14;1;-14;0;-13;-1;-13;-1;-12;-2;-11;-2;-10;-3;-10;-4;-9;-4;-9;-5;-8;-5;-8;-5;-7;-5;-6;-5;-112;0;18;-26;18;-26;17;-25;16;-25;15;-25;14;-25;13;-24;12;-24;11;-24;10;-24;9;-24;8;-24;8;-24;8;-24;7;-24;7;-25;7;-25;8;-25;8;-25;8;-25;9;-24;9;-24;10;-23;10;-23;11;-22;12;-21;13;-21;14;-20;5;-7;1;-2;-1;0;-1;0;-1;0;0;-2;3;-5;9;-12;10;-12;10;-12;10;-12;11;-13;12;-13;12;-13;13;-14;14;-14;14;-14;14;-15;15;-15;16;-15;16;-15;17;-15;17;-16;17;-16;17;-17;17;-18;17;-19;18;-20;18;-21;18;-22;18;-22;18;-23;18;-24;19;-25;19;-26,transition,EXP_S152,ZONE_02,sortie_zone,4.1,sortie_zone,sortie de la zone
1055853991,-54,6,a0:9f:7a:73:2b:3e,384,-110;-96;8;0;24;26;22;26;21;24;19;21;19;17;19;13;21;9;23;5;25;2;26;1;28;0;29;0;29;0;28;1;27;1;25;0;23;-1;21;-3;20;-6;19;-9;19;-11;20;-13;20;-14;22;-15;23;-15;6;-4;0;0;0;0;0;0;0;0;0;0;0;0;0;0;0;0;0;0;-4;6;-14;24;-19;23;-23;21;-26;17;-27;12;-25;7;-21;4;-15;2;-9;3;-3;6;2;11;5;17;6;23;4;29;1;33;-2;36;-5;36;-8;34;-8;31;-8;28;-5;25;-1;22;4;20;10;19;15;20;19;21;-114;0;5;-1;5;0;5;0;4;0;3;1;2;1;1;2;1;3;1;4;1;4;0;4;0;3;-1;3;-2;4;-2;4;-2;4;-2;4;-2;4;-2;4;-3;3;-3;3;-4;2;-4;3;-4;3;-4;3;-3;3;-3;2;-3;1;-2;0;-1;0;0;-1;0;0;0;0;-1;-2;-3;-5;-8;-12;-8;-13;-7;-14;-6;-14;-5;-14;-4;-15;-3;-15;-2;-15;-1;-16;0;-16;1;-16;1;-16;2;-15;3;-14;4;-13;5;-13;5;-12;5;-12;5;-11;5;-10;6;-9;6;-8;6;-7;7;-7;7;-6;6;-6;6;-5;5;-4;-114;0;15;25;15;25;15;24;15;23;16;22;16;21;16;20;16;19;16;18;17;18;17;17;17;16;18;16;18;15;18;15;19;15;19;15;19;15;19;16;18;16;18;16;17;16;17;16;16;16;15;17;14;18;13;19;12;20;4;7;1;2;-1;-1;-1;-1;-1;-1;0;1;2;4;5;13;5;13;5;13;5;14;5;14;5;15;5;16;5;17;5;17;5;18;6;18;6;19;6;20;6;20;6;21;6;21;7;21;7;21;8;22;9;22;10;23;10;24;11;24;12;25;13;25;14;25;14;26;15;26,transition,EXP_S152,ZONE_02,sortie_zone,4.1,sortie_zone,sortie de la zone
1056055468,-54,6,a0:9f:7a:73:2b:3e,384,-110;-96;8;0;-13;-36;-12;-35;-11;-33;-11;-29;-12;-25;-14;-21;-17;-18;-20;-15;-23;-14;-25;-14;-27;-14;-28;-14;-28;-14;-27;-14;-26;-13;-24;-12;-23;-10;-22;-7;-22;-4;-22;-1;-23;1;-24;2;-26;3;-27;3;-28;2;-8;0;0;0;0;0;0;0;0;0;0;0;0;0;0;0;0;0;0;0;5;-5;22;-19;25;-17;29;-13;30;-8;29;-3;26;1;21;2;15;2;9;-1;5;-6;2;-12;2;-19;3;-25;7;-30;11;-33;15;-34;18;-33;20;-31;19;-28;17;-26;13;-23;8;-22;3;-22;-2;-24;-6;-26;-10;-29;-117;0;-6;-3;-6;-3;-6;-3;-5;-3;-4;-3;-3;-3;-1;-4;-1;-5;0;-5;0;-5;0;-5;1;-5;1;-4;2;-4;3;-4;3;-5;3;-5;3;-4;2;-4;3;-3;3;-2;4;-2;4;-2;4;-3;4;-3;3;-3;3;-2;3;-2;1;-1;0;0;-1;0;-1;-1;-1;-1;0;1;1;4;3;13;2;14;1;14;0;14;0;14;-2;14;-3;14;-4;14;-5;14;-6;14;-6;14;-7;13;-7;12;-8;11;-9;10;-10;10;-10;9;-10;9;-10;8;-9;7;-9;6;-9;4;-9;3;-10;3;-10;2;-9;2;-8;2;-8;1;-117;0;-7;-31;-8;-31;-8;-30;-9;-29;-9;-28;-10;-27;-11;-26;-11;-25;-11;-24;-11;-23;-12;-23;-12;-22;-13;-22;-13;-22;-14;-22;-14;-22;-14;-22;-14;-22;-14;-22;-14;-22;-13;-22;-13;-22;-12;-22;-11;-23;-10;-23;-9;-23;-8;-24;-7;-24;-3;-9;-1;-3;0;0;0;0;0;0;-1;-2;-1;-6;-2;-16;-2;-16;-2;-16;-1;-17;-1;-17;-1;-18;-1;-19;-1;-19;-1;-20;-1;-20;-1;-21;-1;-21;0;-22;0;-23;1;-23;0;-24;0;-24;-1;-24;-2;-25;-2;-26;-3;-27;-4;-28;-4;-28;-5;-29;-5;-29;-5;-30;-6;-31;-6;-32,transition,EXP_S152,ZONE_02,sortie_zone,4.1,sortie_zone,sortie de la zone
1056252570,-54,6,a0:9f:7a:73:2b:3e,384,-110;-96;8;0;-23;-25;-22;-25;-20;-23;-19;-21;-19;-17;-19;-13;-20;-10;-21;-6;-23;-4;-25;-2;-27;-2;-28;-2;-28;-2;-27;-3;-26;-3;-24;-2;-23;-1;-21;1;-20;3;-19;5;-19;8;-19;9;-20;11;-22;11;-23;11;-6;2;0;0;0;0;0;0;0;0;0;0;0;0;0;0;0;0;0;0;2;-6;10;-24;14;-24;18;-22;21;-18;22;-14;21;-10;18;-7;13;-5;7;-5;2;-7;-3;-11;-6;-16;-7;-22;-6;-27;-3;-31;0;-34;2;-34;4;-33;5;-31;5;-28;3;-24;-1;-21;-6;-20;-11;-19;-15;-20;-19;-21;-108;0;-6;0;-6;-1;-5;-1;-5;-2;-4;-2;-3;-3;-3;-3;-2;-4;-2;-4;-1;-4;-1;-4;-1;-4;0;-5;0;-5;1;-5;1;-5;1;-5;1;-5;2;-4;2;-4;2;-4;2;-4;2;-4;2;-4;2;-3;2;-3;2;-3;2;-3;1;-1;0;-1;-1;0;-1;-1;-1;-1;0;1;2;3;5;11;4;11;3;12;2;12;1;12;1;12;0;12;-1;13;-1;13;-2;13;-3;12;-4;12;-4;12;-5;11;-6;10;-6;10;-6;9;-7;9;-7;8;-7;7;-7;7;-7;6;-7;5;-7;5;-7;4;-7;3;-7;3;-6;2;-108;0;-13;-25;-14;-25;-14;-24;-14;-23;-14;-22;-15;-21;-15;-20;-15;-20;-16;-19;-16;-18;-16;-17;-17;-16;-17;-16;-18;-15;-18;-15;-18;-15;-18;-15;-18;-16;-18;-16;-17;-16;-17;-16;-17;-16;-16;-16;-16;-16;-15;-17;-15;-18;-14;-18;-13;-19;-5;-7;-2;-3;0;0;0;0;0;0;-1;-2;-2;-5;-5;-14;-4;-14;-4;-14;-4;-15;-4;-15;-4;-16;-4;-16;-4;-17;-4;-18;-4;-18;-4;-19;-4;-20;-4;-20;-5;-20;-5;-21;-5;-21;-5;-21;-6;-22;-6;-22;-7;-22;-8;-23;-9;-23;-9;-24;-10;-24;-11;-25;-12;-26;-13;-26;-13;-26,transition,EXP_S152,ZONE_02,sortie_zone,4.1,sortie_zone,sortie de la zone
1056454260,-54,6,a0:9f:7a:73:2b:3e,384,-110;-96;8;0;-30;-22;-28;-22;-26;-21;-24;-18;-23;-14;-23;-10;-23;-6;-24;-2;-26;1;-27;3;-29;4;-30;4;-30;3;-30;3;-28;2;-26;3;-24;3;-22;5;-20;7;-19;10;-18;12;-18;14;-20;16;-21;16;-22;16;-6;4;0;0;0;0;0;0;0;0;0;0;0;0;0;0;0;0;0;0;1;-7;5;-28;10;-28;15;-27;19;-24;21;-20;20;-15;18;-11;13;-8;7;-7;0;-8;-5;-12;-10;-17;-12;-22;-12;-28;-10;-33;-8;-36;-5;-37;-2;-36;-1;-34;-1;-30;-2;-26;-5;-23;-10;-20;-15;-18;-20;-18;-24;-18;-114;0;-6;1;-6;1;-6;0;-5;0;-4;-1;-4;-2;-3;-3;-3;-4;-3;-4;-3;-5;-3;-5;-2;-5;-1;-5;-1;-5;0;-6;0;-6;0;-6;0;-5;0;-5;1;-4;1;-4;2;-4;2;-5;2;-5;2;-5;2;-4;2;-4;2;-3;0;-1;0;-1;-1;0;-1;-1;-1;-1;1;0;3;2;10;7;10;8;9;9;9;10;8;11;7;11;6;12;5;13;4;13;4;14;3;14;2;14;1;13;0;13;-1;13;-2;12;-2;12;-3;12;-3;11;-3;10;-4;9;-5;8;-5;8;-6;7;-6;7;-6;6;-6;5;-5;4;-114;0;-23;-21;-23;-21;-23;-20;-23;-19;-23;-18;-22;-17;-22;-16;-22;-15;-21;-14;-21;-13;-22;-12;-22;-12;-22;-11;-23;-11;-23;-11;-23;-11;-23;-11;-23;-11;-23;-12;-23;-12;-22;-12;-21;-13;-21;-13;-21;-13;-20;-14;-19;-15;-19;-16;-18;-17;-7;-6;-2;-2;0;0;0;0;0;0;-2;-2;-4;-4;-11;-11;-11;-11;-11;-12;-11;-12;-11;-13;-11;-14;-12;-14;-12;-15;-12;-16;-12;-16;-12;-17;-13;-17;-13;-18;-13;-18;-13;-19;-14;-19;-14;-19;-14;-19;-15;-19;-16;-20;-17;-20;-18;-21;-19;-21;-20;-21;-21;-21;-21;-21;-22;-21;-23;-22,transition,EXP_S152,ZONE_02,sortie_zone,4.1,sortie_zone,sortie de la zone
1056652273,-54,6,a0:9f:7a:73:2b:3e,384,-110;-96;8;0;15;28;14;27;14;26;13;23;13;19;14;15;16;12;18;10;21;8;23;7;24;7;25;8;25;8;24;8;23;8;22;7;20;6;19;3;18;1;18;-2;19;-4;20;-5;22;-5;23;-5;24;-5;6;-1;0;0;0;0;0;0;0;0;0;0;0;0;0;0;0;0;0;0;-4;5;-14;21;-17;20;-22;17;-24;14;-24;9;-22;5;-19;3;-14;2;-9;3;-4;6;0;10;2;16;2;22;0;26;-3;29;-6;31;-9;31;-11;29;-11;27;-10;24;-8;22;-4;20;1;19;5;19;10;21;13;23;-113;0;10;0;10;0;10;0;8;1;6;1;4;3;3;5;2;6;2;7;2;8;1;7;0;7;-2;6;-4;7;-5;7;-5;8;-5;8;-4;8;-4;6;-5;5;-6;4;-7;4;-7;5;-7;5;-7;5;-6;4;-6;3;-6;3;-2;0;-1;0;0;-1;1;1;0;0;-2;-2;-6;-7;-16;-19;-15;-20;-14;-22;-13;-23;-11;-23;-9;-24;-7;-25;-5;-26;-3;-27;-2;-27;-1;-27;0;-26;2;-25;3;-24;5;-23;7;-22;8;-22;9;-21;9;-19;9;-17;9;-15;11;-13;12;-12;13;-11;13;-11;12;-10;11;-9;10;-8;-113;0;27;47;27;46;28;44;28;43;28;41;28;40;28;38;28;36;28;34;28;33;29;31;30;31;31;30;31;30;32;30;32;30;32;31;31;31;31;32;30;32;29;32;28;33;27;33;26;33;24;34;22;36;20;37;18;38;6;14;1;4;-1;-2;-1;-2;-1;-1;1;2;5;8;14;22;13;22;13;23;13;24;13;25;13;27;13;28;13;30;13;31;13;31;13;32;14;34;14;35;14;36;14;37;14;38;14;38;16;38;17;39;18;40;20;42;21;43;21;43;23;44;24;45;25;45;27;47;28;48,transition,EXP_S152,ZONE_02,sortie_zone,4.1,sortie_zone,sortie de la zone
1056864324,-54,6,a0:9f:7a:73:2b:3e,384,-110;-96;8;0;-36;10;-35;9;-33;9;-29;9;-26;10;-22;12;-19;15;-16;18;-15;21;-14;23;-14;25;-14;27;-15;27;-15;25;-14;24;-13;23;-11;21;-8;21;-6;20;-3;21;-1;22;1;23;2;24;2;26;1;28;0;7;0;0;0;0;0;0;0;0;0;0;0;0;0;0;0;0;0;0;-5;-6;-19;-22;-16;-26;-12;-29;-8;-31;-3;-29;1;-26;2;-21;2;-16;-1;-10;-6;-6;-12;-3;-19;-3;-25;-4;-30;-8;-33;-12;-33;-16;-32;-19;-30;-21;-28;-21;-25;-19;-23;-15;-22;-10;-22;-5;-24;1;-27;5;-29;8;-112;0;-3;5;-3;5;-4;4;-4;4;-4;3;-4;1;-4;0;-5;-1;-5;-1;-5;-1;-4;-1;-4;-2;-4;-3;-4;-3;-4;-4;-4;-4;-4;-4;-4;-4;-4;-4;-3;-4;-2;-4;-2;-5;-2;-5;-3;-5;-3;-5;-2;-4;-2;-4;-2;-4;-1;-2;0;-1;0;0;-1;-1;-1;-1;1;-1;4;0;13;0;13;1;13;2;13;3;13;4;12;5;12;6;12;7;12;8;12;8;11;9;10;9;9;9;8;9;7;10;7;10;6;10;6;10;5;10;5;9;4;9;3;9;2;9;1;9;1;8;1;8;0;7;0;7;-112;0;-31;0;-31;1;-30;1;-30;2;-29;3;-28;4;-27;5;-26;6;-26;6;-25;7;-24;8;-24;9;-24;9;-24;10;-23;10;-23;10;-23;10;-23;10;-23;10;-23;10;-23;9;-23;9;-23;9;-23;8;-23;8;-24;6;-24;5;-24;4;-9;1;-3;0;0;-1;0;0;0;0;-2;-1;-6;-2;-15;-4;-15;-4;-15;-5;-16;-5;-16;-5;-17;-5;-18;-6;-18;-6;-19;-6;-19;-6;-20;-6;-21;-6;-21;-7;-22;-7;-22;-7;-23;-7;-23;-7;-23;-6;-24;-5;-25;-5;-26;-4;-27;-4;-28;-4;-29;-3;-30;-2;-31;-1;-31;-1;-32;-1,transition,EXP_S152,ZONE_02,sortie_zone,4.1,sortie_zone,sortie de la zone
1057052584,-54,6,a0:9f:7a:73:2b:3e,384,-110;-96;8;0;-35;12;-35;11;-33;10;-29;10;-25;11;-22;13;-18;16;-16;18;-14;21;-14;24;-14;25;-14;26;-14;26;-14;26;-13;25;-12;23;-10;22;-7;21;-5;21;-2;21;0;22;2;23;2;24;2;26;2;27;0;6;0;0;0;0;0;0;0;0;0;0;0;0;0;0;0;0;0;0;-5;-6;-19;-22;-17;-26;-13;-29;-9;-31;-4;-30;0;-26;2;-22;1;-16;-1;-10;-6;-6;-12;-3;-19;-3;-26;-4;-30;-7;-33;-11;-34;-15;-33;-18;-31;-20;-29;-20;-26;-18;-23;-14;-22;-10;-22;-4;-24;1;-26;6;-29;9;-117;0;-2;5;-2;5;-2;5;-2;5;-2;3;-2;2;-3;1;-4;0;-5;0;-5;0;-5;0;-4;0;-4;-1;-4;-2;-5;-3;-5;-3;-5;-3;-5;-3;-4;-3;-3;-3;-3;-4;-3;-4;-3;-5;-3;-5;-4;-4;-3;-4;-3;-3;-2;-3;-1;-1;-1;-1;0;0;-1;0;-1;0;1;-1;4;-2;12;-5;13;-5;13;-4;14;-3;14;-2;13;-1;14;0;14;1;14;2;14;3;14;3;14;4;13;4;12;5;11;6;10;7;10;8;10;8;9;7;8;7;7;7;6;7;5;8;4;8;4;8;4;8;3;7;3;6;-117;0;-30;10;-29;11;-28;11;-27;11;-26;12;-26;12;-24;13;-23;13;-22;13;-21;14;-21;14;-20;15;-20;15;-20;16;-20;16;-20;16;-20;16;-20;16;-20;16;-20;15;-20;15;-20;14;-20;14;-20;13;-21;13;-21;11;-22;10;-23;9;-9;3;-3;0;0;-1;0;-1;0;-1;-2;0;-6;1;-15;3;-15;2;-15;2;-16;2;-17;2;-18;2;-19;2;-19;2;-20;2;-20;2;-21;2;-21;2;-22;2;-23;2;-23;2;-23;2;-23;2;-24;3;-24;4;-25;5;-26;5;-27;6;-28;7;-28;7;-28;8;-29;9;-30;10;-30;10,transition,EXP_S152,ZONE_02,sortie_zone,4.1,sortie_zone,sortie de la zone
1057252254,-54,6,a0:9f:7a:73:2b:3e,384,-110;-96;8;0;3;-33;3;-32;3;-31;2;-28;0;-25;-3;-23;-6;-21;-10;-20;-12;-20;-15;-21;-16;-21;-17;-22;-17;-22;-17;-22;-16;-21;-15;-19;-15;-17;-15;-15;-16;-13;-17;-11;-19;-9;-20;-9;-21;-9;-22;-10;-23;-11;-6;-3;0;0;0;0;0;0;0;0;0;0;0;0;0;0;0;0;0;0;5;-3;24;-8;26;-5;27;-1;27;4;24;7;20;9;16;9;11;6;8;2;6;-4;6;-10;8;-15;12;-20;16;-22;21;-23;24;-23;26;-21;27;-18;26;-16;23;-14;20;-14;15;-15;11;-17;7;-20;4;-24;3;-27;-110;0;-5;-3;-5;-3;-5;-3;-5;-3;-4;-3;-2;-3;-1;-3;0;-4;0;-5;0;-5;0;-4;0;-4;1;-3;2;-3;3;-3;3;-4;3;-4;2;-4;2;-3;2;-2;3;-2;4;-1;4;-2;4;-2;4;-2;3;-2;2;-2;2;-1;0;-1;0;0;-1;0;-1;-1;0;-1;0;1;0;4;0;12;0;12;-1;12;-2;12;-2;12;-3;12;-5;11;-6;11;-7;11;-7;11;-8;11;-8;11;-8;10;-9;8;-9;7;-10;7;-11;6;-10;6;-10;6;-9;5;-9;4;-9;3;-9;2;-10;1;-10;1;-9;1;-8;1;-7;1;-110;0;-2;-28;-2;-28;-2;-27;-3;-27;-4;-26;-4;-25;-4;-25;-5;-24;-6;-23;-6;-22;-7;-22;-8;-21;-8;-21;-9;-21;-9;-21;-9;-21;-9;-22;-9;-22;-8;-22;-8;-22;-7;-22;-7;-22;-7;-21;-6;-21;-5;-21;-4;-22;-3;-22;-2;-22;-1;-8;0;-3;0;0;-1;0;-1;0;0;-2;0;-5;0;-14;0;-14;0;-14;0;-14;1;-15;1;-16;1;-17;2;-17;2;-17;2;-18;2;-19;2;-19;2;-20;2;-21;3;-21;3;-21;3;-21;3;-21;2;-22;1;-23;1;-24;1;-25;1;-25;0;-26;0;-27;-1;-27;-2;-28;-2;-29,transition,EXP_S152,ZONE_02,sortie_zone,4.1,sortie_zone,sortie de la zone
1057452381,-54,6,a0:9f:7a:73:2b:3e,384,-110;-96;8;0;-37;8;-36;7;-34;6;-30;7;-27;8;-23;10;-20;13;-18;16;-17;19;-17;22;-17;24;-18;25;-18;25;-18;24;-17;22;-16;21;-14;20;-11;20;-8;20;-6;20;-4;21;-2;23;-2;24;-2;26;-3;27;-1;7;0;0;0;0;0;0;0;0;0;0;0;0;0;0;0;0;0;0;-5;-6;-19;-23;-17;-26;-13;-30;-8;-31;-3;-30;1;-27;2;-22;2;-16;-1;-10;-6;-6;-12;-3;-19;-3;-25;-5;-30;-9;-33;-14;-33;-18;-32;-21;-30;-22;-27;-22;-24;-20;-22;-16;-21;-12;-22;-6;-24;-1;-27;4;-30;7;-106;0;-3;5;-3;5;-3;5;-3;4;-3;3;-3;1;-4;0;-4;-1;-5;-1;-5;-1;-5;-1;-4;-2;-4;-2;-4;-3;-4;-4;-4;-4;-4;-4;-4;-4;-3;-4;-3;-4;-2;-4;-2;-5;-2;-5;-2;-5;-2;-5;-2;-4;-2;-4;-1;-4;-1;-2;-1;-1;0;0;-1;0;-1;-1;1;-1;4;-1;13;-3;14;-2;14;-1;14;0;14;1;13;2;13;3;13;4;13;5;13;6;13;7;12;7;11;7;10;8;9;9;8;9;8;10;7;10;7;9;6;9;5;9;4;9;3;9;2;9;2;9;1;8;1;8;1;7;-106;0;-32;1;-31;2;-31;2;-30;3;-29;3;-28;4;-27;5;-26;5;-26;6;-25;6;-25;7;-24;8;-24;8;-24;8;-24;8;-24;8;-24;8;-25;8;-25;8;-25;8;-24;7;-24;6;-24;6;-24;5;-24;4;-24;3;-24;2;-24;1;-9;0;-3;-1;0;-1;0;-1;0;0;-2;0;-6;0;-16;0;-16;0;-16;-1;-16;-1;-17;-1;-18;-1;-19;-2;-19;-2;-20;-2;-20;-2;-21;-3;-22;-3;-23;-3;-23;-3;-23;-4;-24;-4;-24;-4;-24;-3;-25;-3;-26;-2;-27;-2;-28;-1;-29;-1;-29;0;-30;0;-31;1;-32;1;-32;1,transition,EXP_S152,ZONE_02,sortie_zone,4.1,sortie_zone,sortie de la zone
1057652366,-54,6,a0:9f:7a:73:2b:3e,384,-110;-96;8;0;13;34;12;33;11;31;11;28;12;24;14;20;16;16;19;14;21;12;24;11;26;11;27;12;27;12;26;12;25;11;23;10;22;9;21;6;20;3;21;0;21;-2;23;-3;24;-4;26;-4;27;-3;6;-1;0;0;0;0;0;0;0;0;0;0;0;0;0;0;0;0;0;0;-5;5;-20;20;-24;18;-28;15;-30;10;-29;5;-26;1;-22;-1;-16;-1;-10;1;-5;5;-2;11;-1;18;-3;24;-6;30;-9;33;-13;34;-16;33;-18;31;-18;28;-17;26;-13;23;-9;22;-3;21;2;22;7;25;10;28;-117;0;5;1;5;1;5;1;4;2;3;2;2;2;1;3;0;3;0;4;-1;4;-1;4;-1;3;-2;3;-3;3;-3;3;-4;3;-4;3;-4;3;-4;3;-4;2;-4;2;-5;2;-5;2;-5;2;-5;2;-4;1;-4;1;-4;1;-2;0;-1;0;0;-1;0;0;0;0;-1;-2;-2;-5;-5;-14;-4;-14;-3;-14;-2;-15;-1;-15;0;-15;1;-15;2;-15;3;-15;4;-15;4;-15;5;-14;6;-13;6;-12;7;-11;8;-11;8;-10;8;-10;8;-9;8;-8;8;-7;8;-6;8;-5;8;-5;8;-4;8;-4;7;-3;7;-3;-117;0;6;30;7;29;7;28;8;27;8;26;9;25;9;25;10;24;10;23;10;22;11;22;11;21;12;21;12;21;12;21;12;21;12;21;12;21;12;21;11;21;11;21;10;21;10;21;9;21;8;22;7;22;6;22;5;23;1;8;0;2;-1;-1;-1;-1;-1;-1;0;1;1;5;2;14;2;14;2;15;1;15;1;16;1;16;1;17;1;18;1;19;1;19;1;20;1;20;0;21;0;22;0;22;0;22;0;23;1;23;2;24;2;25;3;25;3;26;4;27;4;28;5;28;5;29;6;30;6;30,transition,EXP_S152,ZONE_02,sortie_zone,4.1,sortie_zone,sortie de la zone
1057852529,-54,6,a0:9f:7a:73:2b:3e,384,-110;-96;8;0;-1;37;-2;36;-2;33;-1;30;1;27;4;24;8;22;12;21;15;20;18;20;20;21;20;21;20;22;19;22;18;21;18;19;17;17;17;14;17;11;19;9;20;7;22;6;24;6;25;7;26;8;6;2;0;0;0;0;0;0;0;0;0;0;0;0;0;0;0;0;0;0;-7;3;-27;11;-30;8;-32;3;-32;-2;-30;-6;-26;-9;-20;-9;-15;-7;-11;-3;-8;3;-7;10;-8;17;-12;22;-16;25;-21;27;-25;27;-28;25;-29;23;-28;20;-26;18;-22;17;-17;17;-11;19;-7;22;-3;26;-1;29;-112;0;5;3;5;3;4;3;4;2;2;2;1;2;-1;3;-1;3;-2;4;-2;4;-2;4;-2;3;-3;2;-4;2;-5;2;-5;3;-5;3;-4;3;-4;2;-4;1;-4;1;-5;0;-5;0;-5;0;-5;1;-4;1;-4;0;-4;0;-2;0;-1;-1;0;-1;0;0;-1;0;-1;-2;-1;-5;-1;-14;-1;-15;0;-15;1;-15;2;-14;3;-14;4;-14;6;-14;7;-14;8;-14;8;-14;8;-13;8;-12;9;-10;10;-9;10;-8;10;-8;10;-8;10;-7;9;-6;9;-5;9;-4;9;-2;9;-2;9;-2;9;-2;8;-2;7;-1;-112;0;-1;31;-1;30;0;30;1;29;2;28;2;27;3;27;4;26;4;25;5;24;5;24;6;24;6;24;7;24;7;23;7;23;7;23;7;23;7;24;7;24;6;24;6;24;5;23;4;23;4;23;2;23;1;24;0;24;-1;8;-1;2;-1;-1;0;-1;0;-1;-1;1;-1;5;-2;15;-2;15;-2;15;-3;16;-3;16;-3;17;-4;18;-4;18;-5;19;-5;19;-5;20;-5;20;-5;21;-6;22;-6;22;-6;22;-6;22;-5;23;-5;24;-4;25;-4;26;-4;27;-4;28;-3;28;-3;29;-2;30;-2;31;-1;31,transition,EXP_S152,ZONE_02,sortie_zone,4.1,sortie_zone,sortie de la zone
1058052371,-54,6,a0:9f:7a:73:2b:3e,384,-110;-96;8;0;-20;-32;-19;-31;-18;-30;-17;-26;-17;-22;-18;-18;-20;-15;-22;-12;-24;-10;-26;-8;-28;-8;-30;-8;-30;-8;-29;-8;-27;-8;-26;-7;-24;-5;-22;-3;-22;-1;-22;2;-22;4;-23;6;-24;7;-26;7;-27;7;-7;1;0;0;0;0;0;0;0;0;0;0;0;0;0;0;0;0;0;0;3;-7;15;-25;19;-24;24;-21;26;-17;27;-12;25;-8;21;-4;16;-3;9;-4;4;-7;-1;-12;-3;-19;-3;-25;-1;-31;2;-35;6;-37;9;-37;11;-36;12;-33;11;-30;8;-27;4;-24;-1;-23;-7;-23;-12;-24;-16;-27;-106;0;-6;-1;-6;-1;-6;-1;-6;-1;-5;-2;-3;-2;-2;-3;-2;-4;-2;-5;-2;-5;-2;-5;-1;-4;0;-4;1;-4;2;-5;2;-5;2;-6;1;-5;1;-5;2;-4;2;-3;3;-3;3;-4;3;-4;3;-4;2;-4;2;-3;2;-2;0;-1;0;-1;-1;0;-1;-1;-1;-1;0;1;2;4;6;12;5;13;5;13;4;13;3;13;2;13;1;14;0;14;-1;14;-2;15;-2;15;-3;14;-4;13;-5;12;-6;11;-7;11;-7;11;-7;11;-7;10;-7;9;-7;8;-7;7;-8;6;-9;6;-9;5;-8;5;-7;4;-7;4;-106;0;-14;-29;-14;-28;-14;-28;-14;-27;-15;-25;-15;-24;-16;-23;-16;-22;-16;-21;-16;-20;-16;-19;-17;-19;-17;-19;-18;-18;-18;-18;-18;-18;-18;-18;-18;-18;-18;-18;-18;-18;-18;-19;-17;-19;-16;-19;-16;-19;-15;-19;-14;-20;-13;-21;-12;-22;-4;-8;-2;-3;0;0;0;0;0;0;-1;-2;-2;-6;-5;-15;-5;-15;-5;-15;-5;-16;-5;-17;-5;-18;-5;-19;-5;-20;-5;-20;-5;-20;-5;-21;-5;-22;-5;-23;-5;-23;-5;-23;-5;-23;-5;-24;-6;-24;-7;-25;-8;-25;-9;-26;-10;-27;-10;-27;-11;-28;-12;-28;-12;-29;-13;-29;-14;-30,transition,EXP_S152,ZONE_02,sortie_zone,4.1,sortie_zone,sortie de la zone
1058255109,-54,6,a0:9f:7a:73:2b:3e,384,-110;-96;8;0;15;28;14;27;13;25;13;22;13;19;15;15;17;12;19;10;21;8;23;8;24;8;25;8;25;9;24;9;22;9;21;7;19;5;18;3;18;0;18;-2;19;-4;20;-5;22;-6;24;-5;25;-5;6;-1;0;0;0;0;0;0;0;0;0;0;0;0;0;0;0;0;0;0;-3;5;-12;22;-16;22;-20;20;-22;16;-23;12;-23;8;-20;5;-15;4;-10;4;-5;6;-1;10;2;15;2;21;1;26;-2;30;-5;31;-8;32;-9;31;-10;29;-9;26;-7;24;-4;22;1;21;5;21;9;22;13;24;-101;0;4;1;3;1;3;1;2;2;1;2;1;2;0;3;-1;3;-1;3;-1;3;-2;3;-2;3;-3;3;-3;3;-4;3;-4;3;-4;3;-4;2;-5;2;-5;2;-5;2;-5;1;-5;1;-5;1;-4;1;-4;0;-4;0;-4;0;-2;0;-1;-1;0;-1;0;0;0;0;-1;-2;-2;-4;-4;-12;-3;-12;-2;-12;-1;-13;0;-13;1;-13;1;-13;2;-13;3;-13;4;-12;4;-12;5;-12;5;-11;6;-10;6;-10;7;-9;7;-8;7;-8;7;-7;7;-7;7;-6;7;-5;7;-4;6;-4;6;-3;6;-2;5;-2;5;-2;-101;0;4;27;4;27;5;26;5;25;6;24;6;24;7;23;7;22;8;21;8;20;8;20;9;19;9;19;10;19;10;19;10;19;11;19;11;19;11;19;10;19;10;19;10;19;9;19;8;19;8;19;7;20;6;20;5;20;1;7;0;2;-1;-1;-1;-1;0;-1;0;1;0;4;0;13;0;14;-1;14;-1;14;-1;15;-1;15;-1;16;-1;17;-1;17;-1;18;-2;18;-2;19;-2;19;-2;20;-2;20;-2;20;-2;21;-2;21;-1;22;-1;23;0;23;1;24;1;25;2;25;2;26;2;27;3;27;3;28,transition,EXP_S152,ZONE_02,sortie_zone,4.1,sortie_zone,sortie de la zone
1058454040,-54,6,a0:9f:7a:73:2b:3e,384,-110;-96;8;0;18;-33;18;-31;16;-29;13;-26;10;-24;5;-23;1;-23;-4;-23;-7;-25;-9;-26;-10;-28;-11;-29;-10;-29;-9;-29;-8;-27;-8;-25;-9;-22;-10;-19;-12;-16;-14;-14;-17;-13;-19;-13;-21;-14;-22;-16;-23;-17;-6;-5;0;0;0;0;0;0;0;0;0;0;0;0;0;0;0;0;0;0;7;0;28;4;29;9;28;14;25;18;21;20;16;20;11;17;8;13;6;6;7;0;10;-6;15;-11;21;-14;27;-14;31;-13;34;-11;35;-8;35;-6;33;-4;29;-4;25;-5;21;-8;17;-13;15;-18;14;-23;14;-27;-107;0;-3;-7;-3;-7;-3;-7;-2;-6;-1;-5;0;-4;2;-4;3;-4;3;-5;3;-5;3;-4;3;-3;4;-3;5;-2;5;-2;6;-2;6;-2;5;-2;5;-1;4;0;4;0;5;1;5;1;5;1;5;1;4;0;4;1;3;1;1;0;0;0;-1;0;0;-1;0;-1;-1;1;-2;4;-6;12;-7;12;-8;12;-9;12;-9;11;-10;10;-11;9;-12;8;-13;8;-14;7;-14;7;-14;6;-13;5;-13;4;-13;3;-14;1;-14;1;-14;0;-13;0;-12;-1;-11;-2;-10;-3;-9;-4;-10;-5;-9;-5;-9;-4;-8;-4;-7;-4;-107;0;14;-27;13;-27;13;-27;12;-27;11;-26;10;-26;9;-25;8;-25;7;-24;6;-24;5;-24;5;-24;4;-24;4;-24;3;-24;3;-24;3;-24;3;-25;3;-25;4;-25;4;-24;5;-24;5;-24;5;-23;6;-23;7;-23;9;-22;10;-22;3;-8;1;-3;-1;0;-1;0;-1;0;0;-2;2;-5;8;-13;8;-13;8;-13;9;-14;9;-14;10;-15;11;-15;11;-15;12;-15;12;-16;12;-16;13;-17;13;-17;14;-18;15;-18;15;-18;14;-18;14;-19;14;-20;14;-21;14;-22;15;-23;15;-23;15;-24;14;-25;14;-26;14;-27;15;-28,transition,EXP_S152,ZONE_02,sortie_zone,4.1,sortie_zone,sortie de la zone
1058652451,-54,6,a0:9f:7a:73:2b:3e,384,-110;-96;8;0;-33;-6;-31;-7;-29;-6;-26;-4;-23;-2;-21;2;-20;5;-20;9;-20;12;-21;14;-22;15;-23;15;-24;14;-23;13;-22;12;-20;11;-17;11;-15;11;-12;12;-10;14;-9;17;-8;19;-9;20;-10;22;-11;22;-3;5;0;0;0;0;0;0;0;0;0;0;0;0;0;0;0;0;0;0;-3;-6;-10;-24;-7;-26;-3;-28;2;-28;5;-26;7;-22;7;-17;5;-13;1;-10;-4;-8;-10;-8;-15;-9;-19;-13;-22;-17;-22;-21;-21;-24;-20;-26;-18;-27;-16;-25;-14;-23;-14;-19;-16;-15;-18;-11;-21;-8;-25;-6;-28;-5;-109;0;-5;2;-5;2;-5;2;-5;1;-4;0;-4;-1;-4;-2;-4;-3;-5;-3;-5;-3;-5;-3;-4;-4;-3;-4;-3;-5;-3;-6;-3;-6;-3;-6;-3;-6;-2;-5;-1;-5;-1;-5;0;-6;0;-6;0;-6;-1;-6;-1;-5;0;-5;0;-4;0;-2;0;-1;0;0;-1;-1;-1;-1;1;-1;4;0;11;0;11;1;11;2;11;3;11;3;10;4;10;5;9;6;9;7;9;8;9;8;8;8;7;8;6;8;5;9;4;9;4;10;3;9;3;9;2;8;1;7;0;7;-1;7;-2;7;-2;7;-2;6;-2;5;-2;4;-109;0;-27;-6;-27;-5;-27;-5;-26;-4;-26;-4;-25;-3;-24;-2;-24;-2;-23;-1;-23;0;-22;1;-22;1;-22;2;-22;2;-22;2;-22;2;-22;2;-22;2;-23;2;-22;2;-22;1;-22;1;-22;0;-21;0;-21;-1;-21;-2;-21;-3;-21;-4;-8;-2;-3;-1;0;0;0;0;0;0;-2;-1;-5;-2;-14;-3;-14;-4;-14;-4;-14;-4;-15;-5;-16;-5;-16;-6;-17;-7;-17;-7;-17;-7;-18;-7;-18;-7;-19;-8;-19;-8;-19;-8;-20;-9;-20;-8;-20;-8;-21;-8;-22;-7;-23;-7;-24;-7;-25;-7;-25;-7;-26;-7;-27;-6;-27;-6;-28;-6,transition,EXP_S152,ZONE_02,sortie_zone,4.1,sortie_zone,sortie de la zone
1058855277,-54,6,a0:9f:7a:73:2b:3e,384,-110;-96;8;0;14;34;13;32;12;30;12;26;12;22;14;18;17;14;20;12;23;11;26;10;27;11;28;12;27;13;26;13;24;13;22;12;20;10;19;7;19;4;20;1;21;-1;23;-3;25;-4;27;-3;28;-2;7;-1;0;0;0;0;0;0;0;0;0;0;0;0;0;0;0;0;0;0;-3;6;-13;26;-17;25;-22;22;-25;18;-25;14;-24;9;-20;6;-15;5;-9;6;-4;9;0;14;2;20;2;26;0;31;-3;34;-7;35;-10;35;-12;33;-12;30;-10;27;-7;25;-3;23;2;23;7;24;12;26;14;29;-106;0;4;3;4;3;4;3;3;3;2;3;1;3;0;4;-1;5;-1;5;-1;5;-2;5;-2;4;-3;4;-4;4;-5;4;-5;4;-5;4;-5;4;-5;3;-5;3;-5;2;-6;2;-6;2;-6;2;-6;2;-5;2;-5;1;-5;1;-2;0;-1;-1;0;-1;0;0;0;0;-1;-2;-3;-5;-7;-12;-6;-13;-5;-13;-4;-14;-3;-14;-2;-14;-1;-14;1;-14;2;-14;2;-14;3;-14;3;-14;4;-13;5;-12;6;-11;7;-10;7;-10;7;-9;7;-9;7;-7;7;-6;7;-5;7;-4;8;-3;8;-3;7;-2;6;-2;5;-1;-106;0;8;30;8;29;9;28;9;27;9;26;10;26;10;24;10;24;10;23;11;22;11;22;12;21;12;21;12;21;13;21;13;21;13;21;12;21;12;21;12;21;11;21;10;21;10;21;9;21;8;22;7;22;6;23;4;23;1;8;0;2;-1;-1;-1;-1;-1;-1;0;1;2;5;6;14;5;14;5;15;5;15;5;16;5;17;4;18;4;19;4;19;4;20;4;20;4;21;4;21;3;22;3;23;3;23;3;23;4;24;4;24;5;25;5;26;6;27;6;27;7;28;7;28;8;29;8;30;9;31,transition,EXP_S152,ZONE_02,sortie_zone,4.1,sortie_zone,sortie de la zone
1059058607,-54,6,a0:9f:7a:73:2b:3e,384,-110;-96;8;0;32;19;30;19;27;17;25;14;23;10;22;5;22;0;23;-4;24;-7;26;-9;28;-11;29;-11;30;-9;29;-8;27;-7;25;-6;22;-7;19;-8;17;-10;15;-13;14;-16;13;-19;14;-21;16;-22;18;-23;4;-6;0;0;0;0;0;0;0;0;0;0;0;0;0;0;0;0;0;0;0;7;-2;29;-6;29;-11;29;-16;26;-18;22;-18;17;-15;13;-11;10;-5;8;2;9;8;11;12;16;15;21;15;27;14;31;11;34;8;35;6;34;5;32;5;28;6;24;10;20;14;17;20;15;25;14;29;15;-116;0;6;0;6;0;5;1;5;1;4;2;3;3;2;4;2;4;2;5;2;5;1;5;1;5;0;5;-1;5;-1;6;-2;6;-2;6;-2;6;-2;5;-2;5;-3;5;-4;5;-4;5;-4;5;-3;4;-3;4;-3;4;-3;3;-2;1;-1;0;0;-1;0;0;0;0;-2;-2;-4;-4;-9;-11;-8;-12;-8;-12;-7;-13;-6;-13;-5;-14;-4;-14;-3;-14;-2;-15;-1;-15;0;-15;0;-14;1;-14;2;-13;3;-13;4;-12;4;-12;5;-11;5;-10;5;-9;5;-8;5;-7;6;-7;7;-6;7;-5;6;-5;6;-4;6;-3;-116;0;20;24;20;23;20;22;20;21;20;20;20;19;20;18;20;16;19;15;19;14;19;14;20;13;20;12;21;12;21;12;21;11;21;11;21;11;21;12;21;12;21;12;20;12;19;13;19;13;19;14;18;15;17;16;16;16;5;6;1;2;-1;-1;-1;-1;-1;-1;1;1;3;4;9;12;8;12;8;13;9;13;9;14;9;15;9;16;9;16;9;17;9;17;10;18;10;19;10;19;10;20;10;20;10;21;11;21;11;21;12;21;13;22;14;22;15;23;15;23;16;23;17;23;18;24;19;24;19;24,transition,EXP_S152,ZONE_02,sortie_zone,4.1,sortie_zone,sortie de la zone
1059251977,-54,6,a0:9f:7a:73:2b:3e,384,-110;-96;8;0;33;-18;32;-17;29;-16;25;-15;21;-15;16;-17;13;-19;10;-22;8;-25;7;-28;7;-30;7;-31;9;-31;9;-29;9;-28;8;-26;7;-24;4;-22;1;-21;-2;-21;-5;-21;-7;-23;-8;-24;-8;-27;-7;-29;-2;-8;0;0;0;0;0;0;0;0;0;0;0;0;0;0;0;0;0;0;6;3;24;14;23;18;20;22;16;24;11;25;7;22;4;18;3;12;5;7;9;2;14;-2;20;-4;26;-3;31;-1;34;3;35;6;34;9;32;11;30;11;27;9;24;6;22;1;22;-5;23;-10;25;-15;28;-17;-108;0;2;-6;3;-6;3;-5;3;-4;4;-3;4;-2;4;-2;5;-1;5;-1;5;0;5;0;4;0;4;1;4;2;5;3;5;3;5;3;4;3;4;3;4;3;3;4;3;4;3;4;3;4;3;4;2;4;2;4;1;4;0;1;0;0;-1;-1;0;-1;0;-1;-2;0;-5;1;-13;3;-14;2;-14;1;-14;0;-14;-1;-14;-2;-14;-3;-14;-4;-14;-5;-14;-6;-13;-6;-13;-7;-12;-7;-11;-8;-10;-8;-9;-9;-9;-9;-8;-9;-7;-9;-6;-9;-5;-9;-4;-9;-3;-9;-3;-9;-2;-9;-2;-8;-1;-8;-1;-7;-108;0;30;-10;29;-10;28;-10;27;-11;26;-11;25;-11;25;-12;24;-12;23;-13;22;-13;21;-13;21;-14;20;-14;20;-15;20;-15;20;-15;20;-16;20;-16;20;-15;20;-15;20;-15;20;-14;20;-13;21;-13;21;-12;22;-11;22;-9;23;-8;8;-3;2;-1;-1;0;-1;0;-1;0;1;-1;5;-2;14;-4;14;-4;15;-4;15;-3;16;-3;16;-3;17;-3;18;-3;19;-3;19;-3;20;-3;21;-3;21;-2;22;-2;22;-2;23;-2;23;-3;24;-3;24;-4;25;-4;26;-5;26;-6;27;-6;27;-7;28;-8;29;-8;30;-9;30;-9,transition,EXP_S152,ZONE_02,sortie_zone,4.1,sortie_zone,sortie de la zone
1059455439,-54,6,a0:9f:7a:73:2b:3e,384,-110;-96;8;0;-35;0;-33;-1;-31;-1;-27;0;-24;2;-21;5;-18;9;-17;12;-17;15;-17;17;-18;19;-19;20;-20;19;-20;19;-19;17;-17;16;-15;15;-12;15;-9;15;-7;16;-5;18;-4;20;-4;21;-4;23;-5;24;-2;6;0;0;0;0;0;0;0;0;0;0;0;0;0;0;0;0;0;0;-4;-6;-13;-23;-11;-26;-6;-28;-2;-28;2;-26;4;-22;5;-18;3;-13;-1;-8;-6;-6;-12;-5;-17;-7;-22;-10;-26;-14;-27;-18;-26;-21;-25;-24;-22;-24;-20;-23;-19;-20;-18;-17;-18;-12;-19;-8;-22;-4;-26;-1;-29;1;-111;0;-5;4;-5;4;-5;4;-4;3;-4;2;-4;1;-4;-1;-5;-2;-6;-2;-6;-2;-5;-2;-4;-2;-4;-3;-4;-4;-4;-5;-4;-5;-4;-5;-4;-5;-3;-4;-3;-4;-2;-5;-1;-5;-1;-6;-1;-6;-2;-6;-2;-5;-1;-5;-1;-4;-1;-2;0;-1;0;0;-1;0;-1;0;1;-1;4;-2;12;-3;12;-3;12;-2;12;-1;12;0;12;1;12;2;12;4;12;5;12;6;12;6;11;6;10;7;8;7;7;8;7;9;6;9;6;9;5;9;4;8;3;8;2;8;1;8;0;8;0;8;0;8;0;7;-1;6;-111;0;-29;-1;-28;0;-28;0;-27;1;-26;1;-25;2;-25;2;-24;2;-23;3;-23;3;-22;4;-22;4;-22;4;-22;5;-22;5;-22;5;-22;5;-22;5;-22;4;-22;4;-22;3;-22;3;-22;2;-22;1;-22;1;-22;-1;-22;-2;-22;-3;-8;-2;-3;-1;0;-1;0;-1;0;-1;-2;0;-5;0;-14;1;-14;1;-14;1;-14;1;-15;1;-16;1;-17;0;-17;0;-18;0;-18;0;-19;0;-20;-1;-20;-1;-21;-2;-21;-2;-21;-2;-22;-2;-22;-2;-23;-2;-24;-1;-25;-1;-25;-1;-26;-1;-27;-1;-27;0;-28;0;-29;0;-30;0,transition,EXP_S152,ZONE_02,sortie_zone,4.1,sortie_zone,sortie de la zone
1059664530,-54,6,a0:9f:7a:73:2b:3e,384,-110;-96;8;0;-20;-33;-19;-32;-18;-30;-17;-26;-17;-22;-18;-18;-20;-14;-22;-11;-25;-9;-27;-8;-29;-7;-30;-7;-30;-8;-29;-9;-28;-8;-26;-7;-24;-5;-22;-3;-21;0;-21;3;-21;5;-22;8;-24;9;-26;9;-27;9;-7;2;0;0;0;0;0;0;0;0;0;0;0;0;0;0;0;0;0;0;3;-7;14;-26;18;-25;23;-23;26;-19;26;-14;25;-10;21;-6;15;-5;9;-6;3;-9;-1;-14;-4;-20;-4;-27;-2;-32;1;-36;5;-38;8;-38;10;-36;11;-34;9;-30;6;-27;2;-25;-3;-24;-9;-24;-14;-25;-17;-28;-110;0;-6;-2;-6;-2;-5;-3;-4;-3;-3;-4;-3;-4;-2;-4;-1;-5;-1;-5;0;-5;0;-5;1;-5;1;-5;2;-5;2;-5;3;-5;3;-5;3;-4;3;-4;3;-4;4;-4;4;-3;4;-3;4;-3;4;-3;4;-2;4;-2;4;-2;1;-1;0;-1;-1;0;-1;-1;-1;-1;0;1;1;4;4;12;3;13;2;13;1;14;0;14;-1;14;-2;14;-3;14;-4;14;-5;13;-6;13;-7;12;-7;12;-8;11;-8;11;-9;10;-9;9;-9;8;-9;7;-9;6;-9;5;-9;5;-9;4;-9;3;-9;2;-8;1;-8;1;-8;0;-110;0;-7;-32;-7;-31;-8;-31;-8;-30;-9;-28;-10;-27;-10;-26;-11;-25;-11;-24;-11;-23;-11;-23;-12;-22;-12;-22;-13;-22;-14;-22;-14;-21;-14;-22;-14;-22;-14;-22;-14;-22;-13;-22;-13;-22;-12;-22;-11;-22;-10;-23;-9;-23;-8;-23;-7;-23;-3;-9;-1;-3;0;0;0;0;0;0;-1;-2;-2;-6;-3;-16;-3;-16;-3;-17;-2;-17;-2;-18;-2;-18;-2;-19;-2;-20;-2;-21;-2;-22;-1;-22;-1;-23;0;-23;0;-24;0;-24;0;-25;-1;-26;-1;-26;-2;-26;-2;-27;-3;-28;-4;-29;-5;-29;-5;-30;-5;-31;-5;-32;-5;-32;-6;-33,transition,EXP_S152,ZONE_02,sortie_zone,4.1,sortie_zone,sortie de la zone
1059852182,-54,6,a0:9f:7a:73:2b:3e,384,-110;-96;8;0;-6;-34;-6;-33;-5;-31;-6;-28;-8;-25;-10;-21;-13;-19;-15;-17;-18;-16;-21;-16;-22;-16;-23;-16;-23;-16;-22;-16;-21;-16;-20;-14;-19;-12;-18;-9;-18;-6;-19;-4;-20;-2;-22;-1;-24;0;-25;-1;-26;-1;-7;-1;0;0;0;0;0;0;0;0;0;0;0;0;0;0;0;0;0;0;5;-5;21;-17;25;-14;28;-10;29;-6;27;-1;24;2;19;4;14;3;9;0;5;-5;4;-11;4;-18;6;-23;9;-27;14;-29;17;-30;20;-29;21;-27;21;-24;19;-22;16;-20;11;-20;6;-20;1;-22;-2;-25;-5;-28;-113;0;-5;-3;-5;-3;-5;-3;-4;-3;-3;-3;-2;-3;0;-3;0;-4;1;-5;1;-5;1;-4;1;-4;2;-3;3;-3;3;-4;4;-4;3;-4;3;-4;3;-3;3;-2;3;-2;4;-1;4;-2;4;-2;4;-2;3;-2;3;-1;3;-1;1;-1;0;0;-1;0;-1;-1;0;-1;0;1;0;4;1;12;0;13;0;13;-1;13;-2;13;-3;12;-4;12;-6;12;-7;12;-7;12;-8;12;-8;11;-8;10;-8;9;-9;8;-10;7;-10;7;-10;7;-10;6;-9;5;-9;4;-9;3;-9;2;-9;1;-9;1;-8;1;-8;1;-7;1;-113;0;-2;-30;-2;-29;-3;-28;-3;-27;-4;-27;-4;-26;-5;-25;-6;-24;-6;-23;-7;-22;-7;-22;-8;-21;-9;-21;-9;-21;-9;-21;-10;-21;-10;-21;-10;-21;-9;-22;-9;-22;-9;-21;-8;-21;-8;-21;-7;-21;-7;-21;-6;-22;-5;-22;-3;-22;-1;-8;-1;-3;0;0;0;0;-1;0;-1;-2;-1;-6;0;-15;0;-15;0;-15;0;-16;1;-16;1;-17;1;-18;2;-18;2;-19;2;-19;2;-20;2;-21;3;-21;3;-22;3;-22;3;-22;3;-22;3;-23;2;-23;2;-24;1;-25;1;-26;1;-27;0;-27;0;-28;-1;-29;-1;-29;-1;-30,transition,EXP_S152,ZONE_02,sortie_zone,4.1,sortie_zone,sortie de la zone
1060052247,-53,6,a0:9f:7a:73:2b:3e,384,-110;-96;8;0;-33;9;-32;9;-30;8;-27;8;-24;9;-21;11;-18;13;-16;16;-15;18;-14;21;-15;22;-15;23;-16;23;-15;22;-14;21;-13;19;-11;18;-9;17;-6;17;-4;18;-2;20;-1;21;0;23;-1;24;-2;25;-1;6;0;0;0;0;0;0;0;0;0;0;0;0;0;0;0;0;0;0;-6;-5;-21;-18;-20;-22;-16;-26;-12;-28;-7;-27;-3;-25;-1;-21;-1;-16;-3;-10;-7;-6;-12;-3;-18;-2;-24;-3;-28;-6;-31;-10;-32;-13;-31;-16;-30;-17;-27;-18;-25;-16;-23;-13;-22;-9;-21;-4;-23;0;-25;4;-27;7;-111;0;-2;4;-2;4;-2;4;-3;3;-3;2;-3;1;-3;0;-4;-1;-4;-1;-5;-1;-4;-1;-4;-2;-4;-3;-4;-3;-4;-4;-4;-4;-4;-4;-4;-4;-3;-4;-3;-4;-2;-5;-2;-5;-2;-5;-2;-5;-2;-5;-2;-5;-1;-4;-1;-4;-1;-2;0;-1;0;0;-1;0;-1;0;1;-1;4;-2;12;-5;12;-4;12;-3;12;-2;12;-1;12;0;12;1;12;2;13;3;13;4;12;4;12;4;11;5;10;5;9;6;9;7;8;7;8;7;7;7;6;7;5;7;4;7;3;7;3;7;3;7;2;7;2;6;1;5;-111;0;-29;4;-29;5;-28;5;-27;5;-26;6;-25;7;-25;7;-24;7;-23;8;-22;8;-21;9;-21;9;-21;10;-21;10;-21;10;-21;10;-21;10;-21;10;-21;10;-21;9;-21;9;-21;8;-21;8;-21;7;-21;7;-21;6;-22;4;-22;3;-8;1;-3;0;0;-1;0;-1;0;-1;-2;0;-6;1;-15;2;-15;2;-15;2;-16;2;-17;1;-17;1;-18;1;-19;0;-19;0;-20;0;-20;0;-21;0;-21;0;-22;0;-22;-1;-23;-1;-23;-1;-23;0;-24;0;-24;1;-25;1;-26;2;-27;2;-27;3;-28;3;-28;4;-29;5;-30;5,transition,EXP_S152,ZONE_02,sortie_zone,4.1,sortie_zone,sortie de la zone
