timestamp_us,rssi,channel,mac,csi_len,csi_data,experiment_id,zone_id,scenario,distance_tx_rx_m,ground_truth,comment,marker_state
535852473,-53,6,a0:9f:7a:73:2b:3e,384,-110;-96;8;0;33;-6;34;-6;33;-5;31;-5;28;-5;24;-6;21;-7;18;-9;16;-11;14;-13;14;-15;13;-17;14;-18;14;-18;14;-17;13;-16;12;-16;11;-15;9;-14;7;-13;5;-13;3;-13;2;-14;1;-15;1;-17;0;-5;0;0;0;0;0;0;0;0;0;0;0;0;0;0;0;0;0;0;6;3;25;14;25;18;24;23;21;26;17;28;13;27;10;25;8;21;9;16;10;12;14;8;19;5;25;5;30;6;33;9;35;12;36;15;36;17;34;19;32;19;30;17;27;14;26;10;26;6;27;2;28;-1;-104;0;-1;-6;-1;-6;-1;-6;0;-5;0;-5;0;-4;1;-3;1;-3;2;-3;2;-2;2;-2;2;-2;2;-2;2;-1;2;-1;3;0;3;0;3;0;3;0;3;0;2;0;2;0;2;0;3;0;3;0;3;0;3;0;2;0;1;0;0;0;-1;-1;0;-1;0;0;-2;0;-4;0;-12;0;-12;0;-12;0;-12;-1;-12;-2;-12;-2;-12;-3;-12;-4;-12;-5;-12;-5;-12;-5;-12;-6;-11;-6;-10;-6;-10;-7;-9;-8;-9;-8;-9;-8;-8;-7;-8;-7;-7;-7;-6;-7;-6;-7;-5;-8;-5;-8;-5;-8;-5;-7;-4;-6;-104;0;31;3;30;3;29;2;28;2;27;1;25;0;24;-1;23;-2;22;-3;20;-4;19;-4;19;-5;18;-6;18;-6;17;-7;17;-7;16;-7;16;-7;15;-8;15;-8;15;-8;14;-8;14;-8;14;-8;13;-7;14;-7;14;-7;14;-6;5;-2;1;-1;-1;0;-2;-1;-1;-1;2;0;6;0;19;1;19;2;19;2;20;3;20;4;21;4;22;5;23;5;24;6;24;6;25;6;25;7;26;7;26;8;26;8;26;8;27;8;27;8;27;8;28;7;29;7;30;6;31;6;31;6;31;5;32;5;32;5;33;4,empty,EXP_S142,ZONE_02,entree_zone,4.1,entree_zone,entree dans la zone
536052377,-53,6,a0:9f:7a:73:2b:3e,384,-110;-96;8;0;28;18;28;19;27;19;25;18;23;16;21;13;20;10;19;6;19;3;19;0;20;-3;21;-4;21;-4;21;-4;21;-4;20;-4;19;-3;17;-3;15;-4;13;-5;12;-7;11;-8;10;-10;10;-12;11;-13;2;-4;0;0;0;0;0;0;0;0;0;0;0;0;0;0;0;0;0;0;1;7;5;29;2;31;-2;33;-7;33;-10;31;-12;28;-13;24;-11;20;-7;17;-2;15;3;15;9;17;13;21;16;25;16;30;16;34;14;37;12;38;10;38;8;36;7;33;8;30;10;26;14;22;18;20;21;19;-106;0;2;-5;2;-5;3;-5;3;-4;2;-4;2;-3;2;-2;2;-1;3;-1;3;0;3;0;2;0;2;0;2;1;2;1;2;2;2;2;2;2;2;1;2;1;2;1;2;2;2;2;2;2;2;2;2;2;2;2;2;1;0;0;0;0;-1;-1;0;0;0;0;-1;-1;-3;-3;-9;-9;-8;-9;-8;-10;-8;-10;-7;-10;-7;-10;-6;-11;-5;-11;-5;-12;-5;-12;-4;-13;-4;-12;-4;-12;-3;-11;-2;-11;-2;-11;-1;-12;-1;-12;-1;-11;-1;-11;-1;-10;0;-9;0;-9;1;-9;1;-9;1;-9;1;-8;0;-8;-106;0;21;22;21;21;21;20;20;18;20;17;19;15;19;14;19;13;19;11;18;10;18;8;18;7;18;6;18;5;18;4;17;4;17;3;17;3;17;2;17;2;16;2;16;1;16;1;15;1;15;1;15;1;15;1;15;2;5;0;1;0;-1;-1;-1;-1;-1;-1;1;1;3;5;10;15;10;16;10;16;10;17;10;18;10;19;10;20;10;21;11;21;11;22;11;23;12;23;12;24;12;24;12;24;12;25;12;25;13;25;14;25;15;25;16;25;17;25;17;25;18;25;19;25;20;25;21;24;22;24,empty,EXP_S142,ZONE_02,entree_zone,4.1,entree_zone,entree dans la zone
536252437,-53,6,a0:9f:7a:73:2b:3e,384,-110;-96;8;0;-12;33;-12;33;-13;31;-12;29;-11;26;-8;24;-5;21;-2;20;1;18;4;18;6;18;8;19;9;20;9;20;8;20;8;19;8;18;7;16;7;14;8;12;8;10;9;8;11;8;12;7;13;7;3;2;0;0;0;0;0;0;0;0;0;0;0;0;0;0;0;0;0;0;-7;3;-28;11;-31;9;-34;5;-35;1;-33;-3;-31;-6;-27;-7;-22;-6;-18;-3;-15;2;-14;7;-15;13;-18;18;-22;22;-27;24;-31;23;-34;22;-35;20;-36;18;-34;16;-31;15;-27;14;-22;15;-18;18;-15;21;-13;24;-113;0;5;2;5;2;4;3;4;3;3;3;2;3;2;3;1;3;0;3;0;3;0;3;0;3;-1;3;-1;2;-2;2;-2;2;-2;2;-3;2;-3;2;-3;2;-3;2;-3;2;-3;2;-3;2;-3;2;-3;2;-3;2;-3;1;-1;0;-1;0;0;-1;-1;0;-1;0;0;-2;1;-4;5;-11;5;-11;6;-10;7;-10;7;-9;8;-9;8;-9;9;-8;10;-8;10;-7;10;-7;10;-7;10;-6;10;-5;10;-5;10;-4;10;-3;10;-3;10;-3;10;-2;9;-2;9;-1;9;-1;9;0;8;0;8;0;8;0;7;0;-113;0;-21;23;-20;23;-19;22;-18;21;-16;21;-15;20;-14;20;-13;19;-11;19;-10;19;-9;18;-8;18;-7;18;-6;18;-5;18;-5;17;-5;17;-4;17;-4;17;-4;16;-4;16;-3;16;-3;16;-3;15;-3;15;-3;15;-4;15;-4;15;-2;5;-1;1;0;-1;0;-1;0;-1;-2;1;-5;5;-12;15;-13;14;-14;14;-14;14;-15;15;-16;15;-17;15;-18;16;-19;16;-20;16;-20;16;-21;17;-21;17;-21;17;-22;17;-22;17;-22;17;-22;18;-22;18;-22;19;-23;20;-23;20;-23;21;-23;22;-23;23;-22;23;-22;24;-22;25,empty,EXP_S142,ZONE_02,entree_zone,4.1,entree_zone,entree dans la zone
536452464,-52,6,a0:9f:7a:73:2b:3e,384,-110;-96;8;0;-34;12;-34;12;-34;11;-32;10;-29;9;-25;9;-22;9;-18;10;-14;12;-12;15;-10;17;-9;19;-9;20;-9;20;-9;20;-9;20;-8;19;-7;17;-6;16;-4;14;-2;13;0;13;2;13;3;14;4;14;1;3;0;0;0;0;0;0;0;0;0;0;0;0;0;0;0;0;0;0;-7;-5;-26;-18;-26;-22;-24;-27;-20;-30;-17;-31;-13;-30;-10;-27;-8;-23;-8;-18;-11;-12;-15;-8;-20;-5;-26;-4;-32;-5;-36;-8;-39;-11;-40;-15;-39;-17;-38;-19;-35;-19;-32;-18;-29;-15;-27;-10;-26;-4;-27;1;-28;5;-100;0;2;5;2;5;2;5;2;5;2;5;1;4;0;3;-1;3;-2;3;-2;3;-2;3;-2;3;-2;2;-2;2;-3;1;-3;1;-3;1;-3;2;-3;2;-3;1;-3;1;-3;0;-3;0;-4;0;-4;1;-4;1;-4;1;-4;1;-2;0;-1;0;0;-1;-1;0;-1;0;1;-1;4;-1;11;-3;11;-2;12;-2;12;-2;12;-1;12;0;12;1;12;2;12;3;13;3;13;3;13;3;12;3;11;4;11;5;10;5;10;6;10;6;10;5;9;5;8;5;7;5;7;6;7;6;7;7;6;6;6;6;6;5;-100;0;-32;4;-31;5;-30;5;-28;6;-27;7;-25;7;-24;8;-22;8;-21;9;-20;9;-18;10;-17;10;-16;11;-16;11;-15;12;-14;12;-14;12;-13;12;-13;12;-12;12;-12;12;-11;12;-11;12;-11;12;-10;12;-11;11;-11;11;-11;11;-4;4;-2;1;0;-1;1;-1;0;0;-3;0;-8;0;-20;0;-21;0;-21;-1;-22;-1;-23;-2;-24;-2;-25;-2;-25;-3;-26;-3;-26;-3;-27;-3;-28;-4;-28;-4;-29;-4;-29;-4;-29;-4;-29;-3;-29;-3;-30;-2;-31;-1;-32;-1;-33;0;-33;0;-33;1;-33;2;-34;3;-34;3;-34;4,empty,EXP_S142,ZONE_02,entree_zone,4.1,entree_zone,entree dans la zone
536655350,-52,6,a0:9f:7a:73:2b:3e,384,-110;-96;8;0;32;16;32;17;30;17;28;16;25;14;23;11;21;8;19;4;19;1;19;-2;20;-5;21;-6;22;-7;22;-6;22;-6;21;-5;20;-5;18;-5;16;-5;14;-6;12;-7;11;-9;10;-11;10;-12;11;-13;2;-4;0;0;0;0;0;0;0;0;0;0;0;0;0;0;0;0;0;0;3;7;11;29;8;31;4;34;-1;34;-5;33;-7;30;-7;26;-6;22;-3;18;2;16;7;15;13;17;18;20;21;25;22;29;21;33;19;36;17;37;15;37;13;35;12;32;13;28;14;24;17;20;21;17;24;16;-108;0;3;-6;3;-5;3;-5;4;-4;4;-4;3;-3;3;-2;3;-1;3;-1;3;-1;3;0;3;0;3;0;2;1;2;1;2;2;2;2;2;2;2;2;2;2;2;2;2;2;2;3;2;3;2;3;2;2;2;2;2;2;0;0;0;0;-1;-1;0;0;0;0;-2;-1;-4;-3;-10;-7;-10;-8;-10;-8;-9;-9;-9;-9;-8;-10;-7;-10;-7;-11;-6;-11;-6;-12;-6;-12;-5;-12;-5;-12;-4;-12;-3;-12;-2;-12;-2;-12;-2;-12;-2;-11;-1;-11;-1;-10;0;-10;0;-10;1;-10;1;-9;1;-9;1;-9;1;-8;-108;0;22;23;22;22;22;20;21;19;21;17;20;16;20;14;20;13;19;12;19;11;18;10;18;9;18;8;18;7;18;6;18;5;17;5;17;4;17;4;17;4;17;3;16;3;16;3;16;3;15;4;15;4;15;5;15;5;5;2;1;0;-1;-1;-1;-1;-1;-1;1;1;5;4;15;12;14;13;14;14;14;15;14;16;15;16;15;17;16;18;16;19;16;20;16;21;16;21;16;22;16;23;16;23;16;24;16;24;17;24;17;24;18;24;19;24;20;24;21;24;22;24;22;24;23;24;23;24;23;24,empty,EXP_S142,ZONE_02,entree_zone,4.1,entree_zone,entree dans la zone
536852382,-53,6,a0:9f:7a:73:2b:3e,384,-110;-96;8;0;34;3;34;3;32;4;30;4;26;3;23;2;20;-1;18;-4;16;-7;15;-10;15;-13;15;-14;16;-15;17;-15;17;-14;16;-14;15;-12;14;-12;12;-11;9;-11;7;-11;5;-12;4;-14;3;-15;3;-16;0;-5;0;0;0;0;0;0;0;0;0;0;0;0;0;0;0;0;0;0;4;5;17;24;15;27;12;30;8;32;4;31;0;29;-1;26;-1;21;1;17;5;13;10;12;16;11;21;13;26;16;28;20;29;23;28;27;27;29;24;29;22;28;20;25;19;21;19;17;21;12;24;8;26;5;-111;0;1;-6;1;-7;1;-7;1;-6;1;-6;1;-5;2;-3;2;-3;3;-2;3;-2;3;-3;3;-2;2;-2;2;-1;3;0;3;0;4;0;4;0;4;0;3;0;3;0;3;1;3;1;3;1;3;1;3;1;3;1;3;1;1;0;0;0;-1;-1;0;-1;0;0;-2;0;-4;0;-12;0;-12;-1;-13;-1;-13;-1;-12;-2;-12;-3;-11;-4;-11;-5;-12;-6;-12;-7;-12;-7;-12;-7;-11;-7;-10;-7;-9;-8;-8;-9;-8;-10;-8;-10;-8;-9;-7;-8;-6;-8;-5;-8;-4;-9;-4;-9;-3;-9;-3;-9;-3;-8;-3;-7;-111;0;29;5;28;5;27;4;26;3;25;2;24;1;23;0;22;0;21;-1;20;-2;19;-2;18;-3;18;-4;17;-4;17;-5;17;-5;16;-6;16;-6;16;-6;15;-6;15;-6;15;-6;14;-6;14;-6;14;-6;14;-5;14;-5;14;-4;5;-2;1;-1;-1;0;-2;-1;-1;-1;1;0;6;0;18;1;18;2;18;2;19;3;20;3;21;4;21;4;22;5;23;6;23;6;24;6;24;7;24;8;25;9;25;9;25;9;25;9;25;9;26;8;27;8;28;8;29;7;29;7;29;7;30;7;30;6;30;6;31;6,empty,EXP_S142,ZONE_02,entree_zone,4.1,entree_zone,entree dans la zone
537052391,-53,6,a0:9f:7a:73:2b:3e,384,-110;-96;8;0;22;-27;22;-26;22;-25;21;-23;18;-20;15;-19;11;-18;7;-17;4;-18;1;-19;-2;-20;-3;-21;-3;-22;-3;-23;-3;-22;-2;-21;-2;-20;-2;-18;-3;-16;-4;-14;-6;-12;-7;-11;-9;-11;-11;-11;-12;-12;-3;-3;0;0;0;0;0;0;0;0;0;0;0;0;0;0;0;0;0;0;7;0;29;1;30;5;31;9;29;13;27;16;23;17;19;16;16;13;14;8;14;3;16;-2;19;-7;23;-10;28;-11;33;-11;36;-9;38;-7;39;-5;38;-3;35;-2;32;-2;28;-3;25;-7;22;-11;20;-15;20;-19;-114;0;-5;-5;-4;-5;-4;-5;-4;-5;-3;-5;-2;-4;-1;-4;-1;-4;0;-4;0;-5;0;-4;0;-4;1;-4;1;-4;2;-3;2;-3;2;-4;2;-4;2;-4;2;-3;2;-3;2;-2;2;-2;3;-2;3;-3;2;-3;2;-3;2;-2;0;-1;0;-1;-1;0;0;-1;0;-1;-1;0;-3;2;-9;7;-9;7;-10;6;-10;6;-11;5;-11;4;-11;4;-12;3;-12;2;-13;2;-13;2;-13;2;-12;1;-12;1;-12;0;-12;-1;-12;-2;-12;-2;-11;-2;-11;-2;-10;-2;-9;-3;-9;-3;-9;-4;-9;-4;-8;-4;-8;-4;-8;-4;-114;0;23;-19;22;-19;21;-19;19;-19;18;-18;16;-18;15;-18;14;-18;12;-17;11;-17;10;-17;8;-17;8;-17;7;-17;6;-17;5;-17;5;-17;4;-17;4;-17;4;-17;3;-16;3;-16;3;-16;3;-16;3;-15;3;-15;3;-15;4;-15;1;-6;0;-2;-1;0;-1;0;-1;0;1;-2;5;-4;15;-11;15;-10;16;-10;17;-10;17;-10;18;-10;19;-11;20;-11;21;-11;21;-11;22;-11;22;-11;23;-11;24;-11;24;-11;25;-11;25;-12;24;-12;24;-13;25;-14;25;-15;26;-15;25;-16;25;-17;25;-17;25;-18;25;-19;25;-20,empty,EXP_S142,ZONE_02,entree_zone,4.1,entree_zone,entree dans la zone
537252236,-53,6,a0:9f:7a:73:2b:3e,384,-110;-96;8;0;17;29;15;29;14;28;12;26;11;22;11;18;11;14;13;10;15;8;17;6;19;5;21;5;22;5;22;6;21;6;20;7;18;6;16;5;14;3;12;1;12;-1;12;-3;12;-5;13;-6;14;-7;3;-2;0;0;0;0;0;0;0;0;0;0;0;0;0;0;0;0;0;0;-2;6;-8;27;-12;28;-17;27;-20;25;-22;22;-22;18;-21;15;-17;12;-13;12;-8;13;-4;15;0;19;1;25;1;29;0;33;-2;36;-5;37;-8;36;-9;35;-9;32;-8;29;-5;27;-1;24;3;23;8;23;11;24;-105;0;5;-3;5;-3;5;-3;5;-2;4;-2;4;-1;3;0;3;1;4;2;4;2;4;2;3;2;3;2;2;3;2;3;2;4;2;4;2;4;2;4;1;3;1;3;0;3;0;4;0;4;0;4;0;4;0;4;0;3;0;1;0;0;-1;-1;0;0;0;0;-1;-1;-4;-3;-10;-7;-10;-7;-10;-8;-9;-8;-9;-9;-8;-9;-7;-10;-6;-11;-5;-12;-5;-12;-5;-12;-5;-12;-4;-11;-3;-11;-1;-11;0;-11;0;-12;0;-12;0;-11;0;-10;1;-9;2;-8;3;-8;4;-8;4;-8;4;-8;4;-7;3;-7;-105;0;16;23;16;22;15;21;15;20;15;19;15;18;15;17;15;15;15;14;14;13;14;12;14;11;14;10;14;10;14;10;14;9;14;9;14;8;14;8;14;8;14;8;13;8;13;8;13;8;12;8;12;8;12;9;11;9;4;3;1;1;-1;-1;-1;-1;-1;-1;1;1;4;4;13;12;13;12;12;13;12;14;13;15;13;16;13;17;13;18;13;19;13;19;13;20;13;20;13;21;13;22;12;22;12;23;12;23;12;23;13;23;14;23;14;24;15;24;15;24;15;24;16;24;16;24;17;24;17;24,empty,EXP_S142,ZONE_02,entree_zone,4.1,entree_zone,entree dans la zone
537454845,-53,6,a0:9f:7a:73:2b:3e,384,-110;-96;8;0;-34;-20;-32;-21;-30;-20;-27;-18;-23;-15;-21;-11;-19;-7;-19;-2;-19;2;-20;5;-21;8;-23;9;-24;10;-25;9;-24;8;-23;7;-21;6;-18;5;-15;6;-13;7;-10;8;-8;10;-7;13;-7;15;-8;16;-2;4;0;0;0;0;0;0;0;0;0;0;0;0;0;0;0;0;0;0;-1;-8;0;-33;3;-35;8;-36;13;-34;16;-31;17;-27;16;-23;13;-19;8;-16;2;-15;-4;-16;-10;-20;-14;-24;-16;-30;-16;-35;-14;-39;-12;-41;-9;-41;-7;-40;-6;-37;-7;-33;-9;-28;-12;-24;-17;-20;-22;-18;-26;-17;-107;0;-7;3;-7;2;-7;2;-7;1;-6;0;-6;-1;-6;-1;-6;-2;-6;-3;-6;-3;-5;-4;-5;-4;-5;-4;-4;-4;-4;-5;-4;-5;-4;-5;-4;-5;-4;-5;-3;-5;-3;-5;-3;-5;-2;-5;-2;-5;-2;-5;-2;-5;-2;-5;-2;-5;-1;-2;-1;-1;0;0;-1;-1;-1;-1;1;0;3;3;8;8;8;9;7;10;7;10;6;11;6;11;5;12;4;12;3;13;3;13;2;13;2;13;1;13;0;12;-1;12;-2;12;-2;12;-3;11;-3;11;-3;10;-4;9;-4;9;-5;8;-6;8;-6;7;-6;7;-6;6;-6;5;-107;0;-19;-26;-19;-25;-19;-24;-19;-23;-19;-21;-19;-19;-19;-18;-19;-16;-18;-15;-18;-14;-18;-13;-18;-12;-18;-10;-18;-10;-18;-9;-18;-8;-18;-8;-18;-8;-18;-7;-18;-7;-18;-6;-17;-6;-17;-6;-17;-6;-17;-6;-16;-6;-16;-7;-16;-7;-6;-3;-2;-1;0;0;0;1;0;0;-2;-2;-5;-7;-12;-18;-11;-18;-11;-19;-11;-20;-10;-20;-11;-21;-11;-22;-11;-23;-11;-24;-12;-24;-11;-25;-11;-26;-11;-26;-11;-27;-11;-27;-11;-27;-11;-27;-12;-27;-13;-27;-13;-28;-15;-28;-16;-28;-16;-28;-17;-28;-18;-28;-18;-28;-19;-28;-20;-28,empty,EXP_S142,ZONE_02,entree_zone,4.1,entree_zone,entree dans la zone
537652246,-54,6,a0:9f:7a:73:2b:3e,384,-110;-96;8;0;-34;-2;-33;-3;-31;-3;-27;-3;-23;-2;-19;0;-16;3;-14;7;-12;10;-12;14;-12;16;-13;18;-14;18;-15;18;-15;17;-14;15;-13;13;-11;11;-8;10;-5;10;-2;10;0;11;2;13;3;14;4;16;1;4;0;0;0;0;0;0;0;0;0;0;0;0;0;0;0;0;0;0;-4;-7;-13;-26;-10;-29;-7;-31;-3;-32;1;-31;3;-28;4;-24;3;-19;0;-15;-5;-13;-10;-11;-16;-12;-20;-14;-24;-17;-26;-21;-26;-24;-25;-27;-23;-28;-21;-27;-19;-25;-18;-21;-18;-17;-19;-12;-22;-8;-25;-4;-28;-2;-111;0;-5;4;-5;4;-5;4;-5;3;-5;3;-5;2;-6;1;-6;1;-6;0;-7;0;-6;0;-6;-1;-6;-1;-6;-1;-6;-2;-6;-2;-6;-2;-6;-2;-6;-2;-6;-3;-5;-3;-5;-3;-5;-3;-5;-3;-5;-3;-5;-3;-5;-3;-4;-3;-2;-2;-1;-1;0;0;-1;-1;-1;-1;1;0;4;0;11;2;11;2;10;3;10;4;10;5;10;5;9;6;9;7;9;7;8;8;8;8;7;9;7;9;6;9;5;9;4;9;4;9;3;9;3;9;2;8;1;8;1;8;0;8;-1;7;-1;7;-2;7;-2;7;-2;6;-111;0;-27;-8;-27;-7;-26;-7;-25;-6;-24;-4;-23;-3;-22;-2;-21;-1;-20;0;-19;0;-18;1;-18;2;-18;3;-17;3;-17;4;-17;4;-16;5;-16;5;-16;6;-15;6;-15;6;-15;6;-14;6;-14;6;-14;6;-14;5;-14;5;-14;5;-6;1;-2;0;0;-1;0;0;0;0;-2;-1;-6;-3;-16;-8;-16;-8;-16;-9;-17;-9;-17;-10;-18;-10;-18;-11;-19;-11;-19;-12;-20;-12;-20;-13;-21;-13;-21;-13;-21;-14;-21;-14;-21;-14;-22;-13;-22;-13;-23;-13;-23;-13;-24;-12;-25;-12;-26;-11;-27;-11;-27;-10;-28;-10;-28;-10;-28;-9,empty,EXP_S142,ZONE_02,entree_zone,4.1,entree_zone,entree dans la zone
537852327,-54,6,a0:9f:7a:73:2b:3e,384,-110;-96;8;0;-35;0;-34;-1;-32;-2;-28;-1;-24;0;-19;2;-16;6;-13;9;-12;13;-11;16;-12;19;-13;20;-14;20;-14;20;-14;18;-14;16;-12;14;-10;12;-7;11;-3;10;0;11;2;12;4;13;5;16;5;17;1;4;0;0;0;0;0;0;0;0;0;0;0;0;0;0;0;0;0;0;-4;-7;-15;-26;-12;-29;-9;-33;-4;-34;0;-33;3;-30;4;-26;3;-21;0;-16;-5;-13;-10;-11;-16;-11;-22;-13;-26;-17;-28;-20;-29;-23;-28;-26;-26;-27;-24;-27;-22;-25;-20;-21;-20;-16;-21;-11;-23;-7;-27;-3;-30;-1;-119;0;-5;5;-5;5;-5;5;-5;5;-4;4;-5;2;-5;1;-6;0;-7;0;-7;0;-7;0;-7;0;-6;-1;-6;-1;-7;-2;-7;-2;-7;-2;-7;-2;-7;-2;-6;-2;-5;-3;-5;-3;-5;-4;-6;-4;-6;-3;-5;-3;-5;-3;-5;-3;-2;-1;-1;-1;0;0;-1;0;-1;0;1;-1;4;-2;12;-4;12;-4;13;-3;13;-2;12;-1;12;0;12;1;12;3;12;4;13;5;13;5;12;5;11;5;10;5;9;6;8;7;8;8;7;8;7;7;6;7;4;6;3;7;2;7;1;8;1;8;1;8;1;7;0;6;-119;0;-29;-1;-29;0;-27;1;-26;1;-25;2;-24;2;-23;3;-22;3;-20;4;-19;5;-18;6;-18;6;-17;7;-17;7;-16;8;-16;8;-15;8;-15;8;-15;8;-15;8;-15;8;-14;8;-14;8;-14;8;-14;8;-14;8;-14;8;-15;7;-6;2;-2;0;0;-1;1;-1;0;0;-2;0;-7;0;-19;0;-19;-1;-19;-1;-19;-1;-20;-1;-21;-2;-22;-3;-22;-3;-23;-4;-23;-4;-24;-4;-24;-4;-25;-4;-25;-5;-26;-5;-26;-5;-26;-5;-26;-5;-26;-4;-27;-4;-28;-3;-29;-3;-29;-3;-30;-3;-30;-2;-30;-1;-31;-1;-31;-1,empty,EXP_S142,ZONE_02,entree_zone,4.1,entree_zone,entree dans la zone
538054394,-55,6,a0:9f:7a:73:2b:3e,384,-110;-96;8;0;-36;-19;-33;-19;-29;-17;-26;-14;-22;-10;-20;-6;-19;0;-19;4;-20;8;-22;11;-24;13;-26;13;-27;12;-27;10;-26;8;-23;6;-20;6;-16;6;-12;7;-9;9;-7;11;-5;14;-5;17;-5;20;-6;21;-2;5;0;0;0;0;0;0;0;0;0;0;0;0;0;0;0;0;0;0;-2;-8;-5;-33;-1;-35;4;-36;9;-35;12;-32;14;-27;13;-22;9;-18;4;-15;-2;-14;-9;-15;-14;-18;-18;-23;-20;-28;-20;-33;-19;-36;-16;-38;-14;-38;-12;-36;-12;-33;-13;-28;-15;-24;-19;-20;-24;-17;-28;-16;-32;-16;-105;0;-7;0;-7;-1;-7;-1;-7;-2;-7;-3;-6;-4;-6;-5;-6;-5;-6;-6;-5;-6;-5;-6;-5;-7;-4;-7;-4;-8;-3;-8;-3;-8;-3;-8;-3;-8;-2;-8;-2;-8;-2;-8;-1;-8;-1;-8;-1;-8;-1;-7;0;-7;0;-7;0;-7;0;-3;0;-1;0;0;-1;-1;-1;-1;1;0;4;2;12;6;12;7;11;8;11;9;10;9;9;10;8;11;7;11;7;12;6;12;5;13;4;12;3;12;2;12;1;11;0;11;-1;11;-1;11;-2;10;-2;9;-3;8;-4;8;-5;7;-5;6;-6;6;-6;5;-6;4;-6;3;-105;0;-25;-22;-25;-21;-24;-20;-24;-19;-23;-18;-22;-16;-22;-15;-21;-14;-21;-12;-21;-11;-20;-10;-20;-9;-20;-8;-20;-8;-20;-7;-20;-7;-20;-6;-20;-6;-20;-6;-20;-6;-19;-6;-19;-6;-19;-5;-18;-6;-18;-6;-18;-7;-18;-7;-18;-8;-7;-3;-2;-2;0;0;0;0;0;0;-2;-2;-6;-4;-16;-11;-15;-12;-15;-13;-16;-13;-16;-14;-16;-15;-17;-16;-17;-17;-18;-18;-18;-18;-18;-19;-19;-20;-19;-21;-19;-21;-19;-22;-19;-22;-19;-22;-19;-22;-20;-22;-21;-22;-22;-23;-23;-23;-24;-23;-24;-23;-25;-23;-25;-23;-26;-23;-26;-23,empty,EXP_S142,ZONE_02,entree_zone,4.1,entree_zone,entree dans la zone
538262111,-54,6,a0:9f:7a:73:2b:3e,384,-110;-96;8;0;-16;-33;-14;-32;-12;-29;-11;-25;-11;-20;-12;-15;-14;-11;-17;-8;-20;-5;-23;-4;-25;-4;-27;-5;-27;-6;-26;-7;-24;-8;-21;-8;-18;-7;-16;-5;-14;-2;-12;1;-12;4;-12;7;-13;10;-15;11;-17;12;-5;3;0;0;0;0;0;0;0;0;0;0;0;0;0;0;0;0;0;0;3;-7;14;-27;18;-26;22;-24;25;-20;26;-16;24;-12;21;-9;16;-8;10;-9;5;-12;1;-16;-1;-22;-1;-27;0;-32;3;-35;6;-37;8;-36;10;-35;10;-33;9;-30;6;-27;2;-25;-4;-25;-8;-25;-13;-27;-16;-29;-109;0;-6;-3;-6;-4;-6;-4;-5;-5;-4;-5;-4;-6;-3;-6;-3;-7;-2;-7;-2;-7;-2;-7;-1;-7;-1;-7;0;-7;0;-8;1;-8;1;-8;1;-7;1;-7;1;-7;2;-7;2;-6;2;-6;2;-6;2;-6;2;-6;3;-5;3;-5;1;-2;0;-1;-1;0;-1;-1;-1;-1;0;1;2;3;6;11;6;11;5;11;4;12;3;12;2;12;1;12;0;12;-1;13;-1;12;-2;12;-3;12;-4;11;-4;10;-5;10;-6;9;-6;8;-7;8;-7;7;-7;6;-7;5;-7;4;-7;3;-7;3;-8;2;-7;1;-7;0;-7;0;-109;0;-10;-29;-10;-28;-10;-27;-10;-26;-10;-24;-11;-23;-11;-22;-11;-21;-12;-19;-12;-18;-12;-17;-12;-16;-12;-16;-13;-15;-13;-15;-13;-15;-13;-14;-13;-14;-13;-14;-13;-13;-13;-13;-13;-13;-12;-13;-12;-13;-12;-13;-11;-14;-11;-14;-10;-14;-4;-6;-1;-2;0;0;0;0;0;0;-1;-2;-3;-6;-8;-16;-8;-17;-7;-17;-7;-18;-7;-18;-7;-19;-7;-20;-7;-21;-7;-22;-7;-23;-6;-23;-6;-24;-6;-25;-6;-25;-5;-25;-5;-26;-5;-26;-6;-26;-6;-27;-7;-27;-7;-27;-8;-28;-9;-29;-9;-29;-9;-30;-10;-30;-10;-30;-10;-30,empty,EXP_S142,ZONE_02,entree_zone,4.1,entree_zone,entree dans la zone
538453365,-54,6,a0:9f:7a:73:2b:3e,384,-110;-96;8;0;-20;31;-20;28;-19;25;-16;22;-12;19;-7;18;-3;17;2;18;5;19;7;21;8;23;8;25;7;26;6;25;4;24;3;22;2;19;3;16;4;12;6;10;9;8;12;7;14;7;16;8;17;10;4;2;0;0;0;0;0;0;0;0;0;0;0;0;0;0;0;0;0;0;-8;1;-30;5;-32;2;-33;-3;-32;-8;-29;-11;-25;-12;-21;-11;-17;-8;-14;-3;-14;2;-15;8;-18;12;-22;16;-27;17;-31;17;-34;15;-35;13;-34;11;-33;10;-30;9;-26;10;-22;13;-19;16;-17;20;-16;25;-16;28;-109;0;0;6;0;6;0;6;0;6;-1;6;-2;5;-3;5;-4;5;-5;5;-5;5;-5;5;-5;4;-5;4;-6;3;-7;3;-7;3;-7;3;-7;3;-7;3;-6;2;-6;1;-7;1;-7;1;-7;1;-7;1;-6;1;-6;1;-6;0;-2;0;-1;-1;0;-1;-1;0;-1;0;0;-2;1;-5;4;-13;4;-13;5;-12;5;-12;6;-11;7;-10;8;-9;9;-9;10;-8;10;-8;10;-8;10;-7;9;-6;9;-4;9;-3;10;-2;10;-1;10;-1;9;-1;8;0;7;0;7;2;6;3;6;3;6;4;6;4;5;3;4;3;-109;0;-16;25;-16;25;-15;24;-14;23;-13;23;-12;22;-11;22;-10;21;-9;21;-8;20;-7;20;-6;19;-5;19;-5;19;-5;18;-4;18;-4;18;-4;18;-4;18;-4;18;-4;17;-4;17;-4;17;-4;16;-4;16;-5;16;-6;16;-6;16;-3;5;-1;1;0;-1;0;-2;0;-1;-1;1;-3;5;-7;16;-7;15;-8;15;-9;16;-10;16;-10;17;-11;18;-12;18;-13;18;-13;19;-14;19;-14;20;-15;20;-15;20;-16;20;-16;20;-16;20;-16;21;-16;21;-16;22;-17;23;-17;23;-17;24;-17;25;-17;25;-17;26;-17;27;-17;27,empty,EXP_S142,ZONE_02,entree_zone,4.1,entree_zone,entree dans la zone
538653092,-54,6,a0:9f:7a:73:2b:3e,384,-110;-96;8;0;-34;-16;-32;-16;-29;-15;-26;-12;-23;-9;-21;-5;-21;-1;-21;2;-21;6;-23;8;-25;9;-26;9;-26;8;-26;6;-25;5;-22;4;-20;3;-16;3;-13;5;-11;7;-9;9;-8;12;-9;14;-10;16;-11;17;-3;4;0;0;0;0;0;0;0;0;0;0;0;0;0;0;0;0;0;0;-4;-7;-12;-27;-9;-30;-5;-32;0;-33;3;-31;6;-27;6;-23;5;-19;1;-15;-4;-13;-10;-13;-15;-15;-19;-18;-22;-22;-23;-26;-22;-30;-20;-32;-19;-32;-17;-31;-16;-29;-16;-25;-18;-22;-20;-19;-24;-16;-27;-14;-30;-14;-111;0;-5;1;-5;1;-6;1;-5;0;-5;0;-5;-2;-5;-2;-5;-3;-6;-4;-6;-4;-6;-4;-5;-4;-5;-4;-4;-5;-4;-6;-4;-6;-4;-6;-4;-6;-4;-6;-3;-6;-3;-6;-3;-6;-2;-6;-2;-6;-2;-6;-2;-6;-2;-5;-2;-5;-1;-2;-1;-1;0;0;-1;-1;-1;-1;1;0;4;0;12;2;12;3;12;4;11;4;11;5;10;6;10;6;9;7;9;8;8;9;8;9;7;9;6;9;5;8;4;9;3;9;3;9;3;9;2;8;2;8;1;7;0;6;-1;6;-2;6;-2;6;-2;5;-2;5;-3;4;-111;0;-29;-13;-29;-12;-28;-11;-28;-10;-27;-9;-26;-8;-25;-7;-24;-7;-23;-6;-22;-4;-22;-3;-21;-2;-21;-2;-21;-1;-20;-1;-20;-1;-20;0;-20;0;-19;0;-19;0;-19;0;-18;0;-18;0;-18;0;-17;0;-17;-1;-17;-1;-17;-2;-7;-1;-2;-1;0;-1;1;0;0;0;-2;-1;-6;-3;-17;-7;-17;-7;-17;-8;-17;-8;-17;-9;-18;-9;-19;-10;-19;-11;-20;-12;-20;-12;-21;-12;-22;-13;-22;-13;-22;-14;-23;-14;-23;-14;-23;-14;-23;-14;-24;-14;-25;-14;-26;-14;-27;-14;-28;-14;-28;-14;-29;-13;-30;-13;-31;-13;-31;-13,empty,EXP_S142,ZONE_02,entree_zone,4.1,entree_zone,entree dans la zone
538855563,-54,6,a0:9f:7a:73:2b:3e,384,-110;-96;8;0;8;-39;9;-36;9;-33;7;-29;4;-25;0;-21;-5;-19;-9;-18;-13;-18;-17;-18;-19;-20;-19;-22;-18;-23;-17;-24;-14;-23;-12;-21;-10;-18;-10;-15;-10;-11;-11;-7;-13;-4;-15;-2;-18;-1;-20;-2;-22;-2;-6;-1;0;0;0;0;0;0;0;0;0;0;0;0;0;0;0;0;0;0;6;-4;28;-14;31;-11;33;-6;33;-2;31;2;27;5;22;5;18;3;14;-2;11;-7;11;-13;12;-19;16;-24;20;-27;24;-28;28;-27;30;-25;30;-23;29;-21;26;-20;21;-20;17;-21;12;-24;8;-27;6;-31;5;-35;-116;0;-3;-7;-3;-7;-3;-7;-2;-7;-1;-7;0;-7;1;-7;2;-7;2;-7;3;-7;3;-7;3;-7;4;-6;4;-6;5;-6;5;-6;6;-6;6;-5;5;-5;5;-5;6;-4;6;-4;6;-4;6;-4;6;-3;6;-3;5;-3;5;-2;2;-1;0;-1;-1;0;0;-1;0;-1;0;1;-1;4;-1;13;-2;13;-3;13;-4;13;-5;12;-6;12;-7;11;-8;11;-9;10;-10;10;-10;9;-10;8;-10;7;-10;6;-11;5;-11;4;-11;3;-11;3;-10;2;-10;1;-9;0;-9;-1;-9;-2;-8;-3;-8;-3;-7;-3;-7;-4;-6;-4;-116;0;10;-31;9;-31;9;-30;8;-29;7;-28;6;-27;6;-26;5;-25;4;-24;2;-23;2;-22;1;-22;0;-22;0;-21;-1;-21;-1;-21;-1;-20;-1;-20;-1;-20;-1;-20;-1;-20;-1;-19;-1;-19;-1;-19;-1;-18;0;-18;1;-18;2;-18;0;-7;0;-2;0;0;-1;1;-1;0;0;-2;1;-7;3;-18;3;-18;4;-18;4;-19;5;-19;5;-20;6;-21;7;-22;7;-22;8;-23;8;-24;9;-24;9;-24;10;-25;10;-25;11;-25;11;-25;11;-26;10;-27;10;-27;10;-28;11;-29;11;-30;10;-31;10;-31;10;-32;10;-32;10;-33,empty,EXP_S142,ZONE_02,entree_zone,4.1,entree_zone,entree dans la zone
539054537,-54,6,a0:9f:7a:73:2b:3e,384,-110;-96;8;0;25;23;23;23;21;21;19;18;17;14;17;9;17;5;18;1;20;-1;22;-3;24;-3;25;-3;26;-2;25;0;24;1;21;2;18;1;15;0;13;-2;11;-5;10;-7;11;-10;11;-12;13;-13;14;-14;3;-4;0;0;0;0;0;0;0;0;0;0;0;0;0;0;0;0;0;0;1;6;3;28;-1;29;-5;30;-10;28;-12;25;-13;22;-12;17;-8;14;-4;12;1;12;6;14;10;18;13;22;13;26;13;30;11;33;9;34;7;33;6;31;6;29;7;25;10;22;13;20;17;19;21;19;24;20;-116;0;5;0;6;0;5;0;5;0;4;1;3;2;3;3;3;4;3;5;3;5;3;5;3;4;2;5;1;5;1;6;1;6;1;6;1;6;0;6;0;5;-1;5;-1;5;-1;5;-1;5;-1;5;-1;5;-1;4;-1;4;-1;1;-1;0;0;-1;0;0;0;0;-2;-1;-5;-2;-12;-4;-12;-5;-12;-6;-11;-7;-10;-7;-9;-8;-8;-9;-8;-10;-7;-11;-7;-12;-7;-12;-6;-11;-5;-11;-4;-10;-2;-10;-1;-11;-1;-11;0;-10;0;-10;0;-8;1;-7;2;-7;3;-6;4;-6;4;-6;4;-6;4;-5;3;-4;-116;0;22;19;22;18;21;17;21;16;20;15;20;14;19;13;18;12;18;11;17;10;17;10;17;9;17;8;17;8;17;8;16;7;16;7;16;7;16;6;16;7;16;7;15;7;15;7;15;7;14;7;14;8;14;9;13;9;4;3;1;1;-1;-1;-1;-1;-1;-1;1;0;5;2;14;6;14;7;14;7;15;8;15;9;15;10;16;10;16;11;16;12;17;12;17;13;17;13;17;14;18;15;18;16;18;16;18;16;18;16;19;17;20;17;20;18;21;18;21;18;22;18;22;18;23;19;23;19;24;19,empty,EXP_S142,ZONE_02,entree_zone,4.1,entree_zone,entree dans la zone
539252738,-54,6,a0:9f:7a:73:2b:3e,384,-110;-96;8;0;5;37;4;36;3;33;3;28;4;24;6;20;9;17;13;15;16;13;19;13;21;14;22;15;21;16;20;17;18;17;16;16;14;14;12;11;11;8;12;4;13;2;14;0;16;-1;18;-2;20;-1;5;-1;0;0;0;0;0;0;0;0;0;0;0;0;0;0;0;0;0;0;-4;6;-16;26;-20;25;-25;22;-27;19;-28;14;-26;11;-23;8;-18;7;-13;9;-8;12;-5;17;-4;22;-5;27;-7;32;-10;34;-13;36;-16;35;-17;34;-17;31;-16;29;-13;27;-8;26;-4;27;1;28;4;31;6;33;-108;0;4;3;4;3;4;3;4;3;3;4;2;4;1;5;1;5;0;6;0;6;0;6;0;6;-1;5;-2;5;-2;6;-3;6;-3;6;-2;6;-3;6;-3;5;-3;5;-4;4;-4;4;-4;5;-4;4;-4;4;-4;4;-4;3;-2;1;-1;0;0;-1;0;0;0;0;-1;-2;-2;-5;-6;-12;-5;-12;-5;-13;-4;-13;-3;-13;-2;-13;-1;-13;0;-13;1;-13;2;-13;2;-13;2;-12;3;-11;4;-10;5;-9;6;-9;6;-9;6;-8;6;-8;5;-7;5;-5;6;-4;6;-3;7;-3;7;-2;7;-2;6;-1;5;-1;-108;0;7;31;7;30;7;29;7;28;7;26;8;25;8;24;8;23;8;21;8;20;9;19;9;18;9;18;10;17;10;17;10;16;10;16;11;15;11;15;11;15;10;14;10;14;10;14;9;14;9;14;8;15;8;15;7;15;2;5;0;1;-1;-1;-1;-2;-1;-1;0;1;2;5;6;16;5;17;5;17;5;18;5;19;5;20;4;20;4;21;4;22;4;23;4;24;4;25;3;25;2;26;2;26;2;26;3;27;3;27;4;28;4;28;5;29;5;30;5;30;6;31;6;31;6;32;6;32;7;33,empty,EXP_S142,ZONE_02,entree_zone,4.1,entree_zone,entree dans la zone
539457220,-54,6,a0:9f:7a:73:2b:3e,384,-110;-96;8;0;-10;36;-11;34;-10;31;-9;28;-6;24;-3;21;1;19;5;18;9;18;12;19;13;20;14;21;13;22;13;22;11;21;9;20;8;17;8;14;8;11;9;8;11;6;13;5;15;4;17;5;19;5;4;1;0;0;0;0;0;0;0;0;0;0;0;0;0;0;0;0;0;0;-7;4;-28;15;-31;12;-33;8;-34;3;-32;-2;-29;-4;-24;-5;-19;-3;-15;1;-12;6;-12;11;-13;17;-16;22;-20;25;-25;27;-28;27;-30;25;-31;23;-31;20;-28;19;-24;18;-20;19;-15;21;-12;24;-9;28;-8;31;-110;0;3;4;3;5;3;4;3;4;2;4;1;4;-1;4;-2;5;-2;5;-2;6;-2;5;-2;5;-3;4;-4;4;-5;4;-5;4;-5;5;-4;4;-4;4;-4;3;-4;2;-5;2;-5;2;-5;2;-5;2;-5;2;-5;2;-4;1;-2;0;-1;0;0;-1;0;0;0;0;-1;-2;-1;-5;-3;-14;-2;-14;-2;-14;-1;-14;0;-14;1;-13;3;-13;4;-13;6;-13;6;-13;7;-13;7;-12;7;-11;7;-10;8;-9;9;-8;9;-7;9;-7;8;-6;8;-5;7;-4;7;-2;7;-1;8;-1;8;0;7;0;6;0;5;0;-110;0;-6;31;-5;30;-5;29;-4;28;-4;27;-3;26;-2;25;-2;23;-1;22;0;21;0;20;1;20;1;20;2;19;2;19;2;18;3;18;3;18;3;18;3;18;3;17;2;17;2;17;2;17;2;17;1;17;0;17;0;17;-1;6;-1;1;-1;-1;-1;-2;0;-1;0;1;0;6;1;17;1;17;0;18;0;18;-1;19;-1;20;-2;21;-3;22;-3;22;-4;23;-4;23;-4;24;-5;25;-6;25;-6;26;-7;26;-6;26;-6;26;-6;27;-6;28;-6;29;-6;30;-6;30;-6;31;-6;31;-6;32;-6;32;-5;33,empty,EXP_S142,ZONE_02,entree_zone,4.1,entree_zone,entree dans la zone
539654225,-53,6,a0:9f:7a:73:2b:3e,384,-110;-96;8;0;-27;-24;-25;-23;-23;-22;-21;-18;-19;-15;-19;-11;-19;-7;-20;-4;-22;-1;-24;1;-26;1;-27;0;-27;-1;-26;-3;-24;-4;-22;-4;-19;-3;-17;-2;-14;0;-13;3;-12;5;-13;8;-13;9;-15;11;-17;11;-5;2;0;0;0;0;0;0;0;0;0;0;0;0;0;0;0;0;0;0;-3;-7;-8;-27;-5;-29;-1;-31;4;-30;7;-28;8;-24;7;-21;5;-17;1;-15;-4;-14;-9;-15;-13;-18;-16;-22;-17;-26;-17;-30;-15;-33;-13;-34;-11;-34;-10;-32;-10;-30;-11;-27;-13;-24;-16;-22;-20;-20;-24;-20;-27;-21;-110;0;-5;-2;-5;-2;-5;-2;-5;-3;-4;-3;-4;-4;-3;-5;-3;-5;-3;-6;-3;-6;-3;-6;-2;-6;-2;-6;-2;-6;-1;-7;-1;-7;-1;-7;-1;-7;-1;-6;0;-6;0;-6;0;-6;0;-6;0;-6;0;-6;0;-5;0;-5;1;-5;0;-2;0;-1;-1;0;-1;-1;-1;-1;0;0;2;2;7;8;7;8;6;9;5;9;5;9;4;10;3;10;3;10;2;10;1;10;1;10;0;10;-1;10;-1;9;-2;9;-3;8;-3;8;-3;8;-3;7;-4;6;-4;6;-4;5;-4;4;-5;4;-5;3;-5;2;-5;2;-5;1;-110;0;-19;-25;-19;-24;-19;-23;-19;-22;-18;-21;-18;-19;-18;-18;-18;-17;-17;-15;-17;-14;-17;-13;-17;-12;-17;-12;-17;-11;-17;-11;-17;-10;-17;-10;-17;-10;-17;-9;-17;-9;-16;-9;-16;-9;-16;-9;-15;-8;-15;-9;-15;-9;-14;-10;-14;-10;-5;-4;-2;-2;0;0;0;0;0;0;-2;-2;-4;-5;-11;-14;-11;-14;-11;-15;-11;-15;-11;-16;-11;-16;-12;-17;-12;-18;-12;-19;-12;-20;-12;-21;-12;-21;-12;-22;-13;-22;-13;-23;-13;-23;-13;-23;-13;-24;-14;-24;-15;-24;-16;-24;-17;-25;-17;-25;-18;-25;-19;-26;-19;-26;-20;-26;-20;-26,empty,EXP_S142,ZONE_02,entree_zone,4.1,entree_zone,entree dans la zone
539852322,-54,6,a0:9f:7a:73:2b:3e,384,-110;-96;8;0;-34;-18;-31;-18;-28;-16;-26;-13;-23;-10;-22;-5;-22;-1;-23;3;-24;5;-26;7;-28;8;-29;7;-30;6;-29;4;-27;2;-24;1;-21;1;-17;3;-14;5;-12;7;-11;10;-11;13;-12;15;-13;16;-15;17;-4;4;0;0;0;0;0;0;0;0;0;0;0;0;0;0;0;0;0;0;-4;-7;-15;-26;-13;-30;-8;-33;-3;-34;1;-32;4;-29;4;-25;3;-20;-1;-16;-6;-14;-11;-13;-16;-15;-21;-18;-24;-22;-24;-27;-24;-30;-22;-32;-20;-32;-19;-31;-18;-29;-19;-26;-20;-23;-23;-19;-26;-17;-30;-16;-33;-16;-105;0;-4;-1;-5;-2;-5;-3;-5;-3;-4;-4;-4;-5;-4;-5;-4;-6;-3;-6;-3;-6;-3;-7;-3;-7;-2;-7;-2;-7;-2;-8;-1;-8;-1;-8;-1;-8;-1;-7;0;-7;0;-7;0;-7;0;-7;0;-7;1;-6;1;-6;1;-6;1;-6;0;-2;0;-1;-1;0;-1;-1;-1;-1;1;0;4;1;12;4;11;5;11;6;10;7;10;8;9;8;8;9;8;9;7;10;6;10;5;10;5;10;4;10;3;10;2;10;1;9;1;9;0;8;-1;8;-1;7;-2;7;-2;6;-3;5;-3;4;-4;4;-4;3;-4;2;-4;2;-105;0;-25;-22;-25;-22;-25;-21;-24;-20;-23;-19;-23;-17;-22;-16;-22;-15;-21;-14;-21;-13;-21;-12;-21;-11;-20;-10;-20;-9;-20;-9;-20;-9;-20;-9;-20;-8;-19;-8;-19;-8;-19;-8;-18;-8;-18;-8;-18;-8;-17;-8;-17;-9;-16;-10;-16;-10;-6;-4;-2;-2;0;0;0;0;0;0;-2;-1;-6;-4;-15;-10;-15;-11;-15;-12;-15;-12;-16;-13;-16;-14;-17;-14;-17;-15;-18;-16;-18;-17;-18;-18;-19;-18;-19;-19;-19;-19;-19;-20;-19;-20;-20;-20;-20;-21;-20;-21;-21;-21;-22;-22;-23;-22;-24;-22;-25;-22;-25;-22;-26;-23;-27;-23;-27;-23,empty,EXP_S142,ZONE_02,entree_zone,4.1,entree_zone,entree dans la zone
540054206,-53,6,a0:9f:7a:73:2b:3e,384,-110;-96;8;0;-36;5;-34;4;-31;3;-28;4;-24;5;-20;7;-17;10;-15;13;-15;16;-15;18;-16;20;-18;20;-19;20;-19;18;-19;16;-17;14;-15;12;-12;11;-9;10;-6;11;-4;12;-2;14;-1;16;-2;18;-2;19;-1;5;0;0;0;0;0;0;0;0;0;0;0;0;0;0;0;0;0;0;-7;-3;-26;-10;-26;-14;-25;-19;-22;-22;-18;-23;-15;-23;-12;-20;-11;-16;-11;-12;-13;-8;-16;-4;-21;-2;-26;-2;-30;-3;-33;-6;-35;-9;-35;-11;-34;-13;-32;-13;-30;-12;-28;-9;-27;-6;-28;-2;-29;1;-31;4;-33;6;-104;0;-4;2;-4;2;-5;2;-5;2;-5;1;-5;0;-5;0;-6;-1;-6;-1;-7;-1;-7;-1;-6;-2;-6;-2;-6;-3;-6;-3;-6;-3;-6;-3;-6;-3;-6;-3;-5;-4;-5;-4;-5;-4;-5;-4;-5;-4;-5;-4;-5;-4;-4;-4;-4;-4;-2;-2;-1;-1;0;0;-1;0;-1;0;1;-1;3;-2;10;-5;10;-5;11;-4;11;-3;11;-2;10;-1;10;0;11;1;11;2;11;2;10;2;10;3;9;3;8;3;7;4;7;5;6;5;6;5;6;5;5;5;3;4;2;5;1;5;1;5;0;5;0;5;0;4;-1;4;-104;0;-31;4;-31;4;-30;4;-29;5;-27;5;-26;5;-25;6;-24;6;-22;7;-21;7;-20;8;-20;8;-19;8;-19;8;-18;8;-18;8;-17;9;-17;9;-17;9;-17;9;-16;9;-16;8;-15;8;-15;8;-15;8;-15;7;-16;7;-16;6;-6;2;-2;0;0;-1;1;-1;0;-1;-2;0;-6;1;-17;3;-17;3;-18;2;-18;2;-19;2;-20;2;-21;1;-21;1;-22;1;-23;1;-23;1;-24;1;-25;1;-25;0;-26;0;-26;0;-27;0;-27;0;-27;1;-28;1;-29;2;-30;2;-30;3;-31;3;-31;4;-32;4;-32;4;-33;5,empty,EXP_S142,ZONE_02,entree_zone,4.1,entree_zone,entree dans la zone
540252238,-54,6,a0:9f:7a:73:2b:3e,384,-110;-96;8;0;-29;17;-28;15;-25;14;-22;13;-18;13;-14;14;-11;15;-8;17;-7;19;-6;21;-6;23;-8;24;-9;24;-10;22;-10;20;-9;17;-8;15;-6;13;-3;12;0;11;3;11;5;12;6;14;6;16;6;18;1;4;0;0;0;0;0;0;0;0;0;0;0;0;0;0;0;0;0;0;-7;-1;-27;-2;-28;-5;-28;-10;-27;-14;-24;-16;-20;-17;-17;-15;-14;-12;-13;-8;-13;-3;-15;1;-18;5;-23;6;-27;7;-31;6;-33;4;-34;2;-34;0;-33;-1;-30;0;-28;1;-26;4;-25;7;-25;11;-25;14;-26;16;-113;0;-2;3;-3;3;-3;2;-4;2;-4;2;-4;1;-5;1;-5;0;-6;0;-6;0;-6;-1;-6;-1;-6;-1;-6;-2;-6;-2;-6;-2;-6;-2;-6;-3;-6;-3;-6;-3;-6;-3;-6;-3;-5;-3;-5;-3;-5;-3;-5;-3;-4;-3;-4;-4;-2;-2;-1;-1;0;0;-1;0;-1;0;0;-1;2;-3;8;-8;8;-7;9;-6;9;-6;10;-5;10;-4;10;-4;11;-3;11;-2;11;-1;10;-1;10;0;9;0;9;1;8;1;8;2;8;2;7;3;6;3;6;3;5;3;4;3;4;3;3;4;2;4;1;4;1;3;0;3;-113;0;-27;11;-26;11;-26;11;-25;11;-23;11;-22;11;-21;11;-20;11;-19;11;-18;12;-17;12;-16;12;-15;12;-15;12;-14;12;-14;12;-13;12;-13;12;-13;12;-13;12;-12;11;-12;11;-12;11;-12;11;-12;10;-12;10;-13;9;-13;9;-5;3;-2;0;0;-1;0;-1;0;-1;-2;0;-5;2;-14;7;-15;7;-15;6;-16;6;-17;6;-17;6;-18;6;-19;6;-20;6;-20;6;-21;6;-22;6;-22;6;-23;6;-23;6;-23;6;-24;6;-24;7;-24;7;-25;8;-25;8;-26;9;-27;9;-27;10;-28;11;-28;11;-28;12;-28;12,empty,EXP_S142,ZONE_02,entree_zone,4.1,entree_zone,entree dans la zone
540455616,-53,6,a0:9f:7a:73:2b:3e,384,-110;-96;8;0;-37;-15;-34;-15;-31;-14;-28;-12;-25;-8;-23;-4;-23;0;-23;4;-24;7;-25;9;-27;10;-28;10;-29;9;-28;7;-26;5;-24;4;-21;4;-17;5;-14;6;-12;8;-10;11;-9;13;-10;16;-11;17;-12;18;-4;4;0;0;0;0;0;0;0;0;0;0;0;0;0;0;0;0;0;0;-5;-7;-16;-27;-14;-31;-9;-34;-4;-35;0;-33;3;-30;4;-25;2;-21;-1;-16;-6;-14;-12;-13;-17;-14;-22;-17;-26;-21;-27;-26;-27;-29;-25;-32;-23;-33;-21;-32;-20;-29;-20;-26;-21;-22;-24;-19;-27;-16;-31;-14;-34;-13;-106;0;-5;1;-5;0;-5;0;-5;-1;-5;-2;-5;-3;-5;-3;-5;-4;-5;-5;-5;-5;-5;-5;-4;-5;-4;-6;-4;-6;-3;-7;-3;-7;-3;-7;-3;-7;-3;-7;-2;-7;-2;-7;-2;-7;-2;-7;-1;-7;-1;-6;-1;-6;-1;-6;-1;-6;-1;-2;-1;-1;0;0;-1;-1;-1;-1;1;0;4;1;12;3;12;4;12;5;11;6;11;7;10;8;10;8;9;9;8;10;8;10;7;10;6;10;5;10;4;10;3;10;3;10;2;10;1;9;1;9;0;8;0;8;-1;7;-2;6;-2;6;-3;5;-3;5;-3;4;-3;3;-106;0;-30;-18;-29;-18;-29;-17;-28;-16;-27;-15;-26;-13;-26;-12;-25;-11;-24;-10;-23;-8;-23;-7;-23;-6;-22;-6;-22;-5;-22;-5;-22;-4;-21;-4;-21;-4;-21;-4;-21;-4;-20;-3;-20;-3;-19;-3;-19;-3;-19;-4;-19;-4;-18;-5;-18;-6;-7;-2;-2;-1;0;0;1;0;0;0;-2;-1;-6;-4;-17;-9;-17;-10;-17;-11;-17;-11;-17;-12;-18;-13;-18;-13;-19;-14;-20;-15;-20;-15;-21;-16;-21;-17;-21;-17;-22;-17;-22;-18;-22;-18;-22;-19;-23;-19;-24;-19;-25;-19;-26;-19;-27;-19;-28;-19;-28;-19;-29;-19;-30;-19;-31;-19;-31;-19,empty,EXP_S142,ZONE_02,entree_zone,4.1,entree_zone,entree dans la zone
540655469,-54,6,a0:9f:7a:73:2b:3e,384,-110;-96;8;0;-24;26;-24;24;-22;22;-19;19;-15;18;-10;17;-6;17;-2;18;1;20;3;22;3;23;3;25;2;26;1;25;-1;23;-1;21;-1;18;0;15;2;12;4;10;7;9;10;9;12;9;13;11;14;12;3;3;0;0;0;0;0;0;0;0;0;0;0;0;0;0;0;0;0;0;-7;0;-28;-1;-30;-5;-30;-9;-29;-13;-26;-16;-22;-16;-18;-15;-15;-11;-13;-7;-13;-1;-14;4;-18;8;-23;11;-27;12;-31;11;-34;9;-35;7;-35;5;-33;4;-31;4;-27;6;-24;8;-21;12;-20;17;-20;21;-20;24;-109;0;-1;5;-1;5;-2;5;-2;4;-3;4;-4;3;-4;3;-5;3;-5;3;-6;3;-6;3;-6;2;-6;2;-6;1;-7;1;-7;1;-7;1;-7;1;-7;1;-6;0;-6;0;-6;-1;-6;-1;-6;-1;-6;0;-6;-1;-6;-1;-6;-1;-2;-1;-1;-1;0;-1;-1;0;-1;0;0;-1;2;-4;8;-9;8;-9;9;-8;10;-8;10;-7;10;-6;10;-5;11;-4;11;-3;12;-3;12;-2;11;-2;11;-1;10;0;10;0;9;1;9;2;9;2;8;2;7;2;6;3;5;3;5;4;4;5;4;5;3;4;3;4;2;4;-109;0;-23;19;-22;18;-22;18;-20;18;-19;18;-18;18;-17;17;-15;17;-14;17;-13;16;-12;16;-11;16;-10;17;-10;17;-9;16;-9;16;-8;16;-8;16;-7;16;-7;16;-7;16;-7;15;-7;15;-6;15;-7;15;-7;14;-8;14;-9;14;-4;5;-2;1;0;-1;0;-1;0;-1;-2;1;-5;3;-14;9;-15;9;-15;8;-16;8;-16;9;-17;9;-18;9;-18;9;-19;10;-20;10;-20;10;-21;10;-21;11;-22;11;-22;11;-22;11;-22;11;-22;12;-23;13;-23;14;-23;15;-24;15;-24;16;-24;17;-24;18;-24;18;-24;19;-25;19,empty,EXP_S142,ZONE_02,entree_zone,4.1,entree_zone,entree dans la zone
540852532,-54,6,a0:9f:7a:73:2b:3e,384,-110;-96;8;0;-34;10;-33;8;-30;7;-26;6;-22;7;-18;8;-14;10;-11;12;-9;15;-8;18;-7;21;-8;22;-9;23;-10;22;-11;21;-11;19;-9;16;-7;14;-5;12;-2;11;1;11;4;11;6;12;7;14;8;16;2;4;0;0;0;0;0;0;0;0;0;0;0;0;0;0;0;0;0;0;-6;-5;-22;-18;-21;-22;-19;-26;-15;-28;-11;-28;-8;-26;-5;-23;-5;-18;-6;-13;-9;-8;-14;-5;-19;-4;-25;-4;-29;-6;-32;-9;-33;-12;-33;-14;-32;-16;-30;-16;-27;-14;-25;-11;-24;-7;-24;-2;-25;2;-26;6;-28;9;-113;0;-3;5;-3;5;-4;5;-4;4;-4;3;-5;3;-5;2;-6;1;-6;1;-6;1;-6;1;-6;1;-6;0;-6;-1;-6;-1;-7;-1;-7;-1;-7;-1;-6;-1;-6;-1;-6;-2;-6;-2;-6;-2;-6;-3;-6;-2;-6;-2;-6;-2;-5;-2;-2;-1;-1;-1;0;0;-1;0;-1;0;1;-1;4;-2;11;-4;11;-4;12;-3;12;-2;12;-1;12;0;11;1;11;2;12;2;12;3;11;3;11;4;10;4;9;5;8;5;8;6;7;6;7;6;6;6;5;6;5;6;4;6;3;6;2;7;2;7;1;6;1;6;0;5;-113;0;-29;4;-28;4;-27;4;-26;5;-25;5;-23;6;-22;7;-21;7;-20;7;-19;8;-18;8;-17;9;-16;9;-16;9;-15;9;-15;10;-15;10;-14;10;-14;10;-14;10;-13;10;-13;10;-13;10;-13;10;-13;9;-13;9;-14;9;-14;8;-5;3;-2;0;0;-1;1;-1;0;-1;-2;0;-6;0;-17;1;-17;1;-18;0;-18;0;-19;0;-19;0;-20;0;-21;0;-22;0;-22;-1;-23;-1;-23;-1;-24;-1;-24;-2;-25;-2;-25;-2;-25;-2;-25;-1;-26;0;-26;0;-27;1;-28;1;-28;2;-29;2;-29;3;-30;3;-30;3;-30;4,empty,EXP_S142,ZONE_02,entree_zone,4.1,entree_zone,entree dans la zone
541052291,-54,6,a0:9f:7a:73:2b:3e,384,-110;-96;8;0;-37;-15;-35;-15;-31;-15;-28;-13;-24;-9;-21;-5;-19;-1;-17;4;-18;8;-19;11;-20;13;-22;14;-24;14;-24;13;-24;11;-22;9;-19;8;-16;8;-13;8;-10;9;-7;10;-5;12;-4;15;-4;17;-4;19;-1;4;0;0;0;0;0;0;0;0;0;0;0;0;0;0;0;0;0;0;-2;-8;-6;-31;-2;-33;3;-34;7;-33;10;-30;12;-26;11;-21;7;-17;2;-14;-4;-13;-9;-14;-15;-17;-19;-21;-21;-26;-22;-31;-20;-34;-18;-36;-15;-36;-14;-34;-13;-30;-13;-26;-15;-21;-18;-17;-23;-14;-28;-12;-32;-11;-118;0;-7;3;-8;3;-8;3;-7;2;-7;1;-6;0;-6;-1;-7;-2;-7;-3;-8;-3;-7;-3;-7;-3;-6;-3;-6;-4;-6;-5;-6;-5;-6;-5;-6;-5;-5;-5;-5;-5;-4;-5;-4;-5;-4;-6;-4;-6;-4;-6;-4;-6;-4;-5;-3;-5;-1;-2;-1;-1;0;0;-1;-1;-1;-1;1;0;4;0;13;1;13;2;13;3;13;4;12;5;11;5;11;7;10;8;10;9;10;10;9;10;8;10;7;10;5;10;4;10;3;11;3;11;2;11;2;10;1;9;0;9;-1;8;-3;8;-3;8;-4;8;-4;8;-4;7;-4;6;-118;0;-29;-13;-29;-13;-28;-12;-27;-11;-26;-10;-25;-9;-24;-8;-23;-7;-22;-6;-21;-5;-21;-4;-21;-3;-21;-2;-20;-2;-20;-2;-20;-1;-19;-1;-19;-1;-19;-1;-19;0;-19;-1;-18;-1;-18;-1;-18;-1;-18;-1;-18;-2;-18;-3;-17;-3;-7;-2;-2;-1;0;-1;1;0;0;0;-2;-1;-7;-2;-18;-5;-18;-5;-18;-6;-18;-6;-19;-7;-19;-8;-20;-9;-21;-9;-21;-10;-22;-10;-22;-11;-23;-11;-23;-12;-24;-13;-24;-13;-24;-13;-24;-13;-24;-13;-25;-13;-26;-13;-27;-13;-28;-13;-28;-13;-29;-13;-29;-13;-30;-13;-31;-13;-31;-13,empty,EXP_S142,ZONE_02,entree_zone,4.1,entree_zone,entree dans la zone
541255534,-54,6,a0:9f:7a:73:2b:3e,384,-110;-96;8;0;14;-35;15;-34;14;-31;12;-27;9;-24;5;-20;0;-18;-4;-17;-9;-17;-12;-18;-15;-19;-16;-20;-16;-22;-15;-22;-14;-22;-12;-20;-10;-18;-9;-15;-9;-11;-10;-8;-11;-5;-13;-2;-15;-1;-17;0;-19;-1;-5;-1;0;0;0;0;0;0;0;0;0;0;0;0;0;0;0;0;0;0;7;0;30;2;32;5;32;10;30;15;26;17;22;18;18;16;14;12;12;6;11;0;13;-6;17;-12;22;-16;27;-17;32;-17;35;-16;36;-14;36;-12;35;-10;31;-9;27;-10;22;-12;18;-16;14;-20;13;-25;12;-29;-108;0;-5;-7;-5;-7;-4;-7;-4;-7;-3;-7;-2;-7;-1;-7;0;-7;0;-7;1;-8;1;-7;1;-7;2;-6;2;-6;3;-6;3;-6;3;-6;3;-6;3;-6;3;-6;3;-5;4;-5;4;-5;4;-5;4;-5;3;-5;4;-4;4;-4;1;-2;0;-1;-1;0;0;-1;0;-1;-1;1;-2;4;-5;12;-6;12;-7;12;-8;12;-9;11;-9;10;-10;10;-11;9;-11;9;-12;8;-12;8;-12;7;-12;6;-12;5;-12;4;-12;3;-13;2;-12;2;-12;1;-11;1;-10;0;-10;-1;-10;-2;-10;-3;-10;-3;-9;-3;-8;-4;-7;-4;-108;0;11;-29;11;-28;10;-28;9;-27;8;-26;7;-25;6;-24;5;-23;3;-22;2;-21;1;-20;0;-20;-1;-20;-2;-19;-2;-19;-3;-19;-3;-18;-3;-18;-4;-18;-4;-18;-4;-18;-4;-17;-4;-17;-4;-17;-4;-16;-4;-16;-3;-17;-3;-17;-1;-6;-1;-2;0;0;-1;0;-1;0;0;-2;3;-6;8;-16;9;-16;9;-16;10;-16;10;-16;11;-17;11;-18;12;-18;12;-19;13;-19;13;-20;14;-21;14;-21;15;-21;15;-21;15;-21;15;-22;15;-23;14;-23;14;-24;14;-25;14;-26;14;-27;14;-28;14;-28;13;-29;13;-30;13;-30,empty,EXP_S142,ZONE_02,entree_zone,4.1,entree_zone,entree dans la zone
541453436,-54,6,a0:9f:7a:73:2b:3e,384,-110;-96;8;0;9;-39;9;-36;9;-33;8;-29;5;-25;1;-22;-3;-19;-8;-18;-12;-18;-15;-19;-17;-20;-18;-22;-17;-23;-15;-24;-13;-23;-11;-21;-10;-19;-9;-16;-9;-12;-10;-9;-12;-6;-14;-4;-16;-3;-19;-3;-20;-4;-6;-1;0;0;0;0;0;0;0;0;0;0;0;0;0;0;0;0;0;0;6;-5;26;-16;29;-13;32;-9;32;-5;31;-1;27;2;23;2;18;1;15;-3;12;-8;11;-14;12;-19;15;-24;20;-27;24;-28;27;-28;29;-26;29;-24;28;-22;25;-20;21;-20;17;-21;12;-24;8;-28;6;-32;5;-35;-102;0;-3;-7;-3;-7;-3;-7;-3;-7;-2;-7;-1;-7;0;-7;1;-7;2;-7;2;-7;2;-7;2;-7;3;-6;3;-6;4;-6;4;-6;4;-6;4;-6;4;-6;4;-5;4;-5;4;-4;4;-4;5;-4;4;-4;4;-4;4;-4;4;-3;1;-1;0;-1;-1;0;0;-1;0;-1;-1;1;-1;4;-3;12;-3;12;-4;12;-5;12;-6;11;-7;10;-7;10;-8;9;-9;9;-10;8;-10;8;-10;7;-10;6;-10;5;-10;4;-10;3;-11;3;-10;2;-10;2;-9;1;-9;0;-8;-1;-8;-2;-8;-3;-8;-3;-7;-3;-7;-4;-6;-4;-102;0;10;-31;9;-31;8;-30;7;-29;6;-28;5;-27;5;-26;4;-25;3;-24;2;-23;1;-22;0;-21;-1;-21;-1;-21;-2;-21;-2;-20;-3;-20;-3;-19;-3;-19;-3;-19;-3;-19;-3;-18;-3;-18;-3;-18;-3;-18;-2;-18;-2;-18;-1;-18;-1;-7;0;-2;0;0;-1;1;-1;0;0;-2;1;-7;5;-18;5;-18;6;-18;6;-19;7;-19;7;-20;8;-21;8;-21;9;-22;9;-23;10;-23;10;-24;11;-24;11;-24;12;-25;12;-25;12;-25;12;-26;11;-26;11;-27;11;-28;11;-29;11;-30;11;-31;10;-31;10;-32;10;-33;10;-33,empty,EXP_S142,ZONE_02,entree_zone,4.1,entree_zone,entree dans la zone
541653986,-54,6,a0:9f:7a:73:2b:3e,384,-110;-96;8;0;-21;27;-21;26;-19;24;-17;22;-14;20;-11;18;-7;18;-3;18;0;18;2;19;4;21;4;22;4;23;3;23;2;22;1;20;1;18;1;16;2;13;4;11;6;9;8;8;10;8;12;9;13;9;3;2;0;0;0;0;0;0;0;0;0;0;0;0;0;0;0;0;0;0;-7;1;-28;5;-30;1;-31;-3;-31;-7;-29;-11;-26;-12;-22;-12;-18;-10;-15;-6;-14;-1;-14;4;-17;9;-20;13;-25;15;-29;15;-32;14;-34;12;-35;11;-34;9;-31;8;-29;9;-25;10;-22;13;-20;16;-18;20;-18;23;-108;0;1;4;1;4;0;4;0;4;-1;4;-1;3;-2;3;-3;3;-3;3;-4;3;-4;3;-4;3;-4;3;-4;2;-5;2;-5;2;-5;2;-5;2;-5;2;-5;2;-5;1;-5;1;-5;1;-5;1;-5;1;-5;1;-5;1;-5;1;-2;0;-1;0;0;-1;-1;0;-1;0;0;-2;2;-4;7;-9;8;-9;8;-8;9;-8;9;-7;9;-7;10;-6;10;-5;11;-5;11;-4;11;-4;11;-3;10;-3;10;-2;9;-1;9;0;9;0;9;0;9;0;8;1;7;1;6;2;6;2;6;2;5;3;5;3;4;3;4;2;-108;0;-23;19;-22;18;-21;18;-20;18;-18;18;-17;18;-16;17;-14;17;-13;17;-11;16;-10;16;-9;16;-9;16;-8;16;-8;16;-7;16;-7;16;-6;16;-6;15;-5;15;-5;15;-4;15;-4;14;-4;14;-4;14;-5;14;-5;14;-6;14;-2;5;-1;1;0;-1;0;-1;0;-1;-2;1;-6;3;-15;9;-15;8;-16;8;-16;8;-17;8;-18;9;-19;9;-19;9;-20;10;-20;10;-21;10;-21;10;-22;11;-22;11;-23;11;-23;11;-23;11;-23;12;-23;12;-23;13;-24;14;-24;15;-24;16;-24;17;-24;18;-24;19;-24;19;-24;20,empty,EXP_S142,ZONE_02,entree_zone,4.1,entree_zone,entree dans la zone
541852366,-54,6,a0:9f:7a:73:2b:3e,384,-110;-96;8;0;24;28;22;28;20;26;18;23;16;19;16;14;16;9;18;5;20;2;22;0;24;-1;26;-1;27;0;26;1;25;2;23;3;20;2;17;1;14;-1;13;-3;12;-6;11;-9;12;-11;13;-13;15;-14;3;-4;0;0;0;0;0;0;0;0;0;0;0;0;0;0;0;0;0;0;-1;7;-6;29;-10;30;-15;30;-19;28;-21;24;-22;20;-20;16;-15;13;-10;11;-4;12;1;15;5;20;8;25;8;30;6;35;4;37;1;39;-1;38;-2;36;-2;33;0;29;3;26;8;24;13;23;18;23;21;24;-106;0;6;0;6;0;6;0;6;0;5;1;4;2;3;3;3;4;3;5;4;5;3;4;3;4;2;4;2;5;1;5;1;6;1;6;1;6;1;5;1;5;0;5;0;5;-1;5;-1;5;0;5;0;5;0;4;-1;4;-1;1;-1;0;-1;-1;0;0;0;0;-2;-1;-4;-3;-11;-9;-10;-9;-10;-10;-9;-11;-8;-11;-7;-11;-6;-12;-5;-13;-4;-14;-4;-14;-3;-14;-3;-14;-2;-13;-1;-12;0;-12;1;-12;2;-12;2;-11;2;-11;2;-10;3;-8;4;-7;5;-6;6;-6;6;-6;6;-6;5;-5;5;-4;-106;0;18;25;18;24;18;23;18;21;18;20;18;19;17;18;17;16;17;15;16;14;17;12;17;11;17;11;17;10;17;10;17;9;17;9;17;8;17;8;17;8;16;8;16;8;15;7;15;7;15;8;15;8;15;9;14;9;5;3;1;1;-1;-1;-1;-1;-1;-1;1;1;4;5;11;14;11;14;10;15;10;15;11;16;11;17;11;18;11;19;11;20;11;20;11;21;12;21;12;22;12;22;12;23;12;23;12;23;13;23;14;23;14;24;15;24;16;25;16;25;17;25;18;25;19;25;20;26;20;26,empty,EXP_S142,ZONE_02,entree_zone,4.1,entree_zone,entree dans la zone
542052064,-54,6,a0:9f:7a:73:2b:3e,384,-110;-96;8;0;7;35;6;33;5;31;5;27;6;23;8;19;11;16;14;13;17;12;19;11;21;11;22;12;22;13;21;14;19;14;17;13;15;11;13;8;12;5;12;2;13;-1;14;-3;16;-4;18;-5;19;-5;5;-2;0;0;0;0;0;0;0;0;0;0;0;0;0;0;0;0;0;0;-4;6;-18;24;-22;23;-26;21;-29;17;-30;12;-28;9;-25;6;-20;5;-15;6;-10;9;-6;14;-5;19;-5;25;-7;30;-10;33;-13;34;-16;34;-17;33;-17;31;-16;29;-13;27;-9;26;-5;26;0;27;3;29;6;31;-109;0;4;2;4;2;4;2;4;2;3;3;2;3;1;4;1;5;1;5;1;5;1;5;0;5;-1;5;-1;5;-2;5;-2;6;-2;6;-2;6;-2;5;-2;5;-2;5;-3;5;-3;5;-3;5;-3;5;-3;4;-3;4;-3;4;-1;1;-1;0;0;-1;0;0;0;0;-1;-2;-3;-5;-6;-12;-6;-13;-5;-13;-4;-13;-3;-13;-3;-13;-1;-13;0;-13;1;-14;1;-14;1;-14;2;-13;2;-12;3;-11;4;-11;5;-10;5;-10;5;-9;5;-9;5;-8;5;-7;5;-6;6;-5;6;-4;6;-4;6;-3;5;-3;4;-2;-109;0;8;29;8;29;8;27;8;26;9;25;9;23;10;22;10;21;10;20;10;19;11;17;11;16;12;16;12;15;12;14;12;14;12;14;13;13;13;13;13;12;13;12;12;12;12;12;12;12;12;12;11;12;11;13;10;13;3;5;1;1;-1;-1;-1;-2;-1;-1;0;1;1;6;3;17;3;17;3;17;2;18;2;19;2;20;2;21;2;21;2;22;2;23;2;23;2;24;2;25;1;25;1;25;1;25;2;26;2;26;3;27;4;27;4;28;5;29;5;29;6;30;7;30;7;31;8;31;8;31,empty,EXP_S142,ZONE_02,entree_zone,4.1,entree_zone,entree dans la zone
542253271,-54,6,a0:9f:7a:73:2b:3e,384,-110;-96;8;0;36;9;35;10;32;10;29;8;25;6;22;2;20;-2;18;-6;18;-10;19;-13;20;-14;21;-15;22;-15;23;-14;22;-12;20;-10;18;-9;15;-9;11;-9;8;-10;6;-12;4;-14;4;-16;4;-18;5;-20;1;-5;0;0;0;0;0;0;0;0;0;0;0;0;0;0;0;0;0;0;3;6;14;28;11;31;7;34;2;34;-2;33;-5;30;-6;26;-5;20;-1;16;4;13;10;12;16;13;21;16;25;20;26;25;26;28;25;31;23;31;21;31;19;28;18;24;19;20;21;16;24;12;28;10;32;8;-107;0;4;-5;4;-5;4;-5;4;-4;4;-3;4;-2;4;-1;5;0;6;0;6;0;6;0;5;0;5;1;4;2;5;3;5;3;5;3;5;3;5;3;4;3;3;3;3;4;3;4;4;4;4;4;3;3;3;3;3;3;1;1;0;0;-1;-1;0;-1;0;0;-2;0;-5;0;-14;0;-14;0;-15;-1;-14;-2;-14;-3;-13;-4;-13;-5;-12;-6;-12;-8;-12;-8;-12;-8;-12;-8;-11;-8;-9;-9;-8;-9;-7;-10;-7;-10;-7;-10;-6;-10;-6;-9;-4;-8;-3;-8;-2;-8;-1;-9;-1;-9;-1;-9;0;-8;0;-7;-107;0;31;6;31;5;30;4;29;3;28;2;27;2;25;1;24;0;23;-1;22;-2;21;-3;21;-3;20;-4;20;-4;19;-5;19;-5;18;-5;18;-6;18;-6;17;-6;17;-6;17;-6;16;-6;16;-6;16;-6;16;-5;16;-4;16;-4;6;-2;1;-1;-1;0;-2;-1;-1;-1;2;0;6;1;19;3;19;3;19;4;19;4;20;5;21;5;21;6;22;6;22;7;23;7;23;7;24;7;25;8;25;8;25;8;25;9;26;9;26;8;27;8;28;8;29;8;30;8;30;8;31;7;31;6;32;6;33;5;33;5,empty,EXP_S142,ZONE_02,entree_zone,4.1,entree_zone,entree dans la zone
542456147,-54,6,a0:9f:7a:73:2b:3e,384,-110;-96;8;0;36;-2;34;-1;32;-1;28;-1;24;-3;20;-5;17;-8;14;-12;13;-15;14;-18;14;-20;16;-21;17;-21;17;-19;17;-17;16;-15;14;-13;11;-11;7;-11;4;-11;1;-12;-1;-14;-2;-16;-2;-18;-2;-20;-1;-5;0;0;0;0;0;0;0;0;0;0;0;0;0;0;0;0;0;0;5;4;22;19;21;23;19;27;15;30;11;31;7;29;4;26;4;21;5;16;8;11;13;9;18;7;24;8;29;10;31;13;32;16;32;19;31;20;29;20;27;19;26;16;25;12;25;7;27;3;30;0;32;-2;-115;0;4;-4;4;-5;4;-5;4;-4;3;-3;4;-2;4;-1;5;0;6;0;6;-1;6;-1;6;0;5;0;5;1;6;2;6;2;6;2;6;2;5;2;5;2;4;3;4;3;4;3;5;3;5;3;4;3;4;2;3;2;1;1;0;0;-1;-1;0;-1;0;-1;-2;0;-5;1;-12;4;-13;4;-13;3;-13;2;-13;2;-13;1;-13;-1;-13;-2;-13;-3;-14;-4;-14;-4;-13;-4;-12;-4;-10;-5;-9;-6;-9;-7;-9;-8;-8;-8;-8;-7;-7;-6;-5;-6;-4;-6;-3;-7;-2;-8;-2;-8;-2;-7;-2;-6;-1;-6;-115;0;31;-2;30;-3;29;-3;28;-3;26;-4;25;-5;24;-5;22;-5;21;-6;20;-6;19;-7;18;-7;18;-8;17;-8;17;-8;16;-9;15;-9;15;-9;15;-9;14;-9;14;-9;14;-9;13;-9;13;-9;13;-8;13;-8;14;-8;14;-7;5;-3;1;-1;-1;0;-2;0;-1;0;2;-1;6;-1;18;-2;18;-2;19;-2;19;-1;20;-1;21;-1;22;0;22;0;23;0;23;0;24;1;25;1;25;1;26;2;26;2;26;2;26;2;27;2;27;1;28;0;29;0;30;0;30;-1;31;-1;31;-2;32;-2;32;-2;33;-3,empty,EXP_S142,ZONE_02,entree_zone,4.1,entree_zone,entree dans la zone
542652326,-54,6,a0:9f:7a:73:2b:3e,384,-110;-96;8;0;14;34;12;32;11;30;10;26;10;22;11;17;13;13;15;10;18;8;21;6;23;6;24;7;24;8;23;9;21;10;19;10;17;8;14;6;12;3;11;0;11;-3;12;-5;13;-7;15;-8;17;-9;4;-3;0;0;0;0;0;0;0;0;0;0;0;0;0;0;0;0;0;0;-3;7;-11;28;-15;28;-20;27;-24;25;-26;21;-26;16;-23;13;-19;11;-14;10;-8;11;-3;15;0;20;1;25;1;31;-2;34;-4;37;-7;37;-9;37;-10;35;-9;32;-7;29;-3;27;1;26;6;26;10;27;13;29;-114;0;5;1;5;2;5;2;4;2;4;2;3;3;2;4;2;5;2;5;2;5;2;5;1;5;0;5;0;5;-1;6;-1;6;-1;6;-1;6;-1;6;-1;5;-2;5;-2;5;-3;5;-3;5;-2;5;-2;4;-2;4;-2;4;-1;1;-1;0;0;-1;0;0;0;0;-2;-1;-4;-4;-9;-10;-9;-10;-8;-11;-8;-12;-7;-12;-6;-12;-5;-12;-3;-13;-3;-14;-2;-14;-2;-14;-1;-13;0;-12;1;-12;2;-11;3;-11;3;-11;4;-10;3;-10;3;-9;4;-7;4;-6;5;-5;6;-5;6;-5;6;-4;5;-4;5;-3;-114;0;11;29;11;28;11;27;11;25;11;24;11;23;11;21;11;20;11;19;11;17;11;16;11;16;12;15;12;14;12;14;12;13;12;13;12;12;12;12;12;11;12;11;12;11;11;11;11;11;11;11;11;11;10;12;10;12;3;4;0;1;-1;-1;-1;-2;-1;-1;1;1;3;6;8;16;8;17;7;17;7;18;7;19;7;19;7;20;7;21;7;22;7;22;7;23;7;24;6;24;6;25;6;25;6;26;6;26;7;26;7;26;8;27;9;27;9;28;10;28;10;29;10;29;11;30;11;30;12;30,empty,EXP_S142,ZONE_02,entree_zone,4.1,entree_zone,entree dans la zone
542852295,-54,6,a0:9f:7a:73:2b:3e,384,-110;-96;8;0;-8;32;-8;31;-8;29;-7;25;-4;22;-1;19;2;17;6;15;9;15;11;16;13;17;14;18;14;19;13;19;12;18;10;17;9;14;8;11;8;8;9;5;10;3;12;1;14;1;16;1;17;1;4;0;0;0;0;0;0;0;0;0;0;0;0;0;0;0;0;0;0;0;-7;2;-27;10;-29;8;-32;3;-32;-1;-31;-5;-28;-7;-23;-8;-19;-6;-15;-2;-12;2;-11;8;-12;13;-15;18;-19;21;-23;23;-26;23;-29;22;-30;20;-29;18;-26;17;-23;16;-19;17;-15;18;-12;21;-9;24;-7;27;-104;0;3;4;3;4;2;4;2;4;1;4;0;4;-1;4;-2;4;-2;5;-3;5;-3;5;-3;4;-3;4;-4;4;-5;3;-5;4;-5;4;-5;4;-5;3;-5;3;-5;2;-5;2;-5;2;-5;2;-5;2;-5;2;-5;1;-5;1;-2;0;-1;0;0;-1;0;0;-1;0;-1;-2;-1;-5;-1;-13;0;-13;1;-13;2;-13;3;-13;3;-12;5;-12;6;-12;7;-11;7;-11;8;-11;8;-10;8;-9;8;-8;8;-7;9;-7;9;-6;9;-5;8;-5;8;-4;7;-3;7;-2;7;-1;7;0;7;0;6;0;6;0;5;0;-104;0;-10;26;-10;26;-9;25;-8;24;-7;23;-6;22;-6;21;-5;21;-4;20;-3;19;-2;18;-2;18;-1;18;-1;18;0;17;0;17;1;16;1;16;1;16;1;16;1;15;1;15;1;15;1;15;1;15;0;15;0;15;-1;15;-1;5;-1;1;-1;-1;0;-2;0;-1;-1;1;-2;5;-5;16;-5;16;-6;16;-6;17;-7;17;-7;17;-8;18;-9;18;-9;19;-10;19;-10;20;-10;20;-11;20;-11;21;-12;21;-12;21;-12;21;-11;22;-11;22;-11;23;-11;24;-11;25;-11;25;-11;26;-11;26;-11;27;-10;28;-10;28,empty,EXP_S142,ZONE_02,entree_zone,4.1,entree_zone,entree dans la zone
543055427,-54,6,a0:9f:7a:73:2b:3e,384,-110;-96;8;0;-31;-20;-29;-19;-26;-18;-24;-15;-21;-11;-20;-7;-20;-3;-20;1;-21;5;-23;7;-25;8;-26;8;-27;7;-26;5;-25;4;-22;3;-19;3;-16;3;-12;5;-10;7;-8;10;-7;13;-7;15;-9;17;-10;18;-3;4;0;0;0;0;0;0;0;0;0;0;0;0;0;0;0;0;0;0;-2;-8;-6;-30;-2;-32;3;-34;7;-34;11;-31;13;-27;13;-23;10;-18;6;-15;0;-14;-6;-14;-11;-17;-15;-21;-18;-25;-18;-30;-17;-33;-15;-35;-13;-36;-12;-34;-11;-32;-12;-28;-13;-25;-17;-21;-21;-19;-25;-17;-28;-17;-113;0;-5;0;-5;0;-5;-1;-5;-1;-5;-2;-5;-3;-5;-4;-5;-4;-5;-5;-5;-5;-4;-6;-4;-6;-4;-6;-3;-6;-3;-7;-3;-7;-3;-7;-3;-7;-2;-7;-2;-7;-2;-7;-1;-7;-1;-7;-1;-7;-1;-7;-1;-6;-1;-6;0;-6;0;-2;0;-1;0;0;-1;-1;-1;-1;1;0;4;1;12;5;11;5;11;6;11;7;10;8;9;8;9;9;8;10;7;10;7;11;6;11;5;11;4;11;3;11;2;10;1;10;1;10;0;10;0;9;0;8;-1;7;-2;7;-2;6;-3;6;-4;5;-4;4;-4;4;-4;3;-113;0;-24;-20;-24;-19;-24;-18;-23;-17;-23;-16;-22;-15;-22;-13;-21;-12;-20;-11;-20;-10;-20;-9;-20;-8;-19;-7;-19;-6;-19;-6;-19;-5;-19;-5;-19;-5;-19;-4;-19;-4;-18;-4;-18;-4;-18;-4;-17;-4;-17;-4;-17;-4;-17;-5;-17;-6;-6;-2;-2;-1;0;0;0;0;0;0;-2;-2;-6;-5;-15;-12;-15;-13;-14;-13;-14;-14;-14;-14;-15;-15;-15;-16;-16;-17;-16;-17;-17;-18;-17;-19;-17;-19;-17;-20;-17;-20;-17;-20;-17;-20;-18;-21;-18;-21;-19;-21;-20;-21;-21;-21;-22;-21;-23;-21;-23;-21;-24;-21;-25;-21;-25;-21;-26;-21,empty,EXP_S142,ZONE_02,entree_zone,4.1,entree_zone,entree dans la zone
543258019,-54,6,a0:9f:7a:73:2b:3e,384,-110;-96;8;0;32;13;30;13;27;12;23;10;20;7;17;3;16;-2;15;-6;16;-9;17;-12;19;-14;20;-14;22;-13;22;-11;21;-9;19;-8;16;-6;13;-6;9;-7;6;-9;4;-11;2;-13;2;-15;2;-18;3;-19;1;-5;0;0;0;0;0;0;0;0;0;0;0;0;0;0;0;0;0;0;2;6;8;27;5;30;1;32;-4;32;-7;30;-9;26;-9;22;-7;18;-3;14;2;12;8;12;13;14;17;18;20;22;20;26;19;29;18;31;16;31;14;30;13;27;13;23;15;19;18;15;22;12;26;11;29;10;-104;0;5;-2;6;-2;6;-2;6;-1;5;0;5;1;5;2;5;2;5;3;6;3;5;3;5;3;4;4;4;4;4;5;4;5;4;5;3;5;3;5;3;5;2;5;2;5;2;5;2;5;2;5;1;5;1;5;1;5;0;1;0;0;-1;-1;0;0;0;0;-2;-1;-5;-1;-13;-3;-13;-4;-13;-5;-12;-5;-12;-6;-11;-7;-10;-8;-10;-9;-9;-9;-9;-10;-8;-10;-8;-10;-7;-10;-5;-10;-4;-10;-3;-10;-3;-11;-2;-10;-2;-10;-1;-9;-1;-8;0;-8;1;-8;2;-7;3;-7;3;-7;3;-6;3;-5;-104;0;25;13;25;12;24;11;24;10;23;9;22;8;21;7;20;6;19;5;19;4;18;3;18;3;17;2;17;1;17;1;17;0;16;0;16;-1;16;-1;16;-1;16;-1;16;-1;15;-1;15;-1;15;-1;15;0;15;1;15;1;5;0;1;0;-1;0;-2;-1;-1;-1;1;0;5;2;16;6;16;7;16;8;16;8;16;9;17;10;17;10;18;11;18;11;19;12;19;12;20;13;20;13;20;14;20;14;20;14;20;14;21;14;21;14;22;14;23;14;24;14;24;14;25;14;25;14;26;14;27;13;27;13,empty,EXP_S142,ZONE_02,entree_zone,4.1,entree_zone,entree dans la zone
543452313,-54,6,a0:9f:7a:73:2b:3e,384,-110;-96;8;0;-36;12;-35;11;-32;10;-28;9;-24;9;-19;11;-15;13;-12;16;-9;19;-8;21;-7;24;-8;25;-9;26;-10;25;-10;23;-9;21;-8;18;-6;16;-3;14;0;13;3;13;6;13;8;15;10;16;10;18;2;4;0;0;0;0;0;0;0;0;0;0;0;0;0;0;0;0;0;0;-6;-5;-24;-22;-22;-26;-19;-30;-15;-33;-10;-33;-6;-31;-3;-26;-2;-21;-4;-15;-8;-10;-13;-6;-20;-4;-26;-5;-32;-7;-35;-10;-37;-13;-37;-16;-35;-18;-33;-18;-30;-17;-28;-14;-26;-9;-26;-4;-26;2;-28;6;-30;9;-106;0;-3;5;-3;4;-4;4;-4;4;-4;3;-5;2;-5;1;-6;1;-6;0;-6;0;-6;0;-6;-1;-6;-1;-7;-1;-7;-2;-7;-2;-7;-2;-7;-2;-6;-2;-6;-3;-6;-3;-6;-3;-6;-3;-6;-3;-5;-3;-5;-3;-5;-3;-5;-3;-2;-1;-1;-1;0;0;-1;0;-1;0;1;-1;4;-2;13;-3;14;-3;14;-2;14;0;14;1;14;1;14;2;14;3;13;4;13;5;13;6;12;6;11;6;10;7;9;7;9;7;8;8;7;8;6;8;6;8;5;8;4;8;3;8;2;7;2;7;1;7;0;7;0;6;-106;0;-32;2;-31;3;-30;3;-29;4;-28;5;-26;5;-25;6;-24;6;-22;7;-21;8;-20;8;-19;9;-18;10;-18;10;-17;11;-17;11;-17;11;-16;11;-16;12;-16;12;-15;12;-15;12;-15;12;-14;11;-14;11;-15;11;-15;10;-15;10;-6;3;-2;0;0;-1;1;0;0;0;-3;-1;-7;-1;-19;-3;-19;-3;-19;-3;-20;-4;-20;-4;-21;-4;-22;-5;-22;-5;-23;-5;-24;-5;-24;-5;-25;-5;-25;-5;-26;-5;-26;-5;-27;-5;-27;-5;-27;-4;-28;-4;-29;-3;-30;-3;-30;-2;-31;-1;-32;-1;-32;0;-33;1;-33;2;-34;2,empty,EXP_S142,ZONE_02,entree_zone,4.1,entree_zone,entree dans la zone
543654206,-54,6,a0:9f:7a:73:2b:3e,384,-110;-96;8;0;2;-37;3;-35;3;-32;2;-28;0;-24;-3;-21;-7;-18;-11;-17;-14;-16;-17;-16;-19;-17;-20;-19;-19;-20;-18;-20;-16;-20;-14;-18;-12;-16;-11;-13;-11;-9;-11;-6;-13;-3;-15;-1;-17;0;-19;0;-20;0;-6;-1;0;0;0;0;0;0;0;0;0;0;0;0;0;0;0;0;0;0;5;-5;22;-20;26;-18;30;-15;31;-11;31;-7;29;-3;25;-1;20;-2;16;-4;12;-8;9;-13;9;-19;11;-24;14;-28;18;-30;21;-31;23;-30;24;-29;24;-27;22;-25;18;-24;14;-24;10;-25;6;-27;3;-31;1;-34;-109;0;-4;-5;-4;-5;-4;-5;-4;-5;-3;-5;-2;-6;-1;-6;0;-7;0;-7;0;-7;0;-7;1;-7;1;-6;2;-6;2;-7;3;-7;3;-7;2;-7;2;-6;3;-6;3;-5;3;-5;4;-5;4;-5;3;-5;3;-5;3;-5;3;-4;1;-2;0;-1;-1;0;-1;-1;0;-1;0;1;0;4;2;12;1;12;1;13;0;13;-1;12;-2;12;-3;11;-4;11;-5;11;-6;11;-6;11;-6;11;-6;9;-7;8;-8;7;-8;6;-9;6;-9;6;-8;5;-7;4;-7;3;-7;2;-7;1;-8;0;-8;0;-7;0;-7;-1;-6;-1;-109;0;1;-32;1;-31;0;-30;0;-29;-1;-28;-2;-26;-2;-25;-3;-24;-4;-23;-4;-22;-5;-21;-6;-20;-7;-19;-7;-19;-7;-18;-8;-18;-8;-17;-8;-17;-9;-17;-9;-17;-9;-16;-8;-16;-8;-16;-8;-15;-8;-15;-8;-16;-7;-16;-7;-16;-3;-6;-1;-2;0;0;-1;1;-1;0;0;-3;0;-7;1;-19;2;-19;2;-19;2;-20;3;-20;3;-21;4;-22;4;-23;5;-23;5;-24;5;-25;5;-25;6;-26;6;-26;6;-26;6;-26;6;-27;6;-27;5;-28;5;-29;4;-29;4;-30;4;-31;3;-31;3;-32;3;-32;2;-33;2;-33,empty,EXP_S142,ZONE_02,entree_zone,4.1,entree_zone,entree dans la zone
543862254,-54,6,a0:9f:7a:73:2b:3e,384,-110;-96;8;0;5;-38;6;-36;6;-33;5;-29;3;-24;-1;-21;-5;-18;-10;-16;-14;-16;-17;-16;-19;-17;-20;-18;-20;-19;-19;-20;-17;-20;-15;-18;-13;-16;-11;-13;-11;-9;-11;-6;-12;-2;-14;0;-16;2;-19;2;-20;2;-6;0;0;0;0;0;0;0;0;0;0;0;0;0;0;0;0;0;0;0;6;-4;28;-12;31;-9;34;-4;34;1;32;5;29;7;24;8;19;6;14;2;11;-4;10;-10;12;-17;15;-22;19;-26;24;-27;27;-27;29;-25;30;-23;29;-21;26;-20;23;-19;18;-20;13;-22;8;-25;5;-29;4;-33;-118;0;-5;-6;-5;-6;-4;-6;-4;-6;-3;-6;-2;-6;-1;-6;0;-7;1;-8;1;-8;1;-8;1;-7;2;-7;2;-7;3;-7;4;-7;4;-7;3;-7;3;-6;3;-6;4;-5;4;-5;4;-5;4;-5;4;-5;4;-5;4;-4;4;-4;1;-2;0;-1;-1;0;-1;-1;0;-1;0;1;0;4;1;13;0;14;-1;14;-2;14;-2;13;-3;13;-5;12;-6;12;-7;12;-8;12;-8;12;-8;11;-9;10;-9;8;-10;7;-10;6;-11;6;-11;6;-10;5;-9;4;-9;3;-9;1;-9;0;-9;-1;-9;-1;-8;-2;-8;-2;-7;-2;-118;0;5;-31;4;-31;4;-30;3;-29;2;-28;1;-27;0;-25;0;-24;-1;-23;-2;-22;-2;-21;-3;-20;-4;-20;-5;-20;-5;-19;-5;-19;-6;-18;-6;-18;-6;-18;-6;-18;-6;-17;-6;-17;-6;-17;-6;-16;-6;-16;-5;-17;-5;-17;-4;-17;-2;-7;-1;-2;0;0;-1;1;-1;0;0;-2;1;-7;3;-18;3;-19;3;-19;4;-19;4;-20;5;-21;5;-21;6;-22;6;-23;6;-23;6;-23;7;-24;7;-25;8;-25;8;-25;8;-25;8;-26;8;-26;7;-27;7;-28;7;-29;7;-29;6;-30;6;-31;6;-31;5;-32;5;-33;5;-33,empty,EXP_S142,ZONE_02,entree_zone,4.1,entree_zone,entree dans la zone
544057949,-54,6,a0:9f:7a:73:2b:3e,384,-110;-96;8;0;-24;28;-23;26;-21;23;-19;21;-15;19;-10;17;-5;17;-1;18;3;19;6;21;7;23;7;25;6;26;4;25;3;24;2;21;2;18;2;15;4;12;6;9;9;7;12;6;14;7;16;8;17;9;4;2;0;0;0;0;0;0;0;0;0;0;0;0;0;0;0;0;0;0;-8;-1;-30;-4;-32;-8;-32;-13;-30;-17;-26;-20;-22;-21;-18;-19;-14;-15;-12;-10;-12;-4;-14;2;-18;7;-24;10;-29;11;-33;11;-36;9;-38;6;-37;4;-35;3;-33;3;-29;4;-26;7;-22;11;-20;16;-20;21;-20;24;-113;0;-1;5;-1;5;-1;5;-2;5;-2;5;-3;4;-4;4;-5;4;-5;4;-6;4;-6;4;-6;3;-6;2;-7;2;-7;2;-7;2;-7;1;-7;1;-7;1;-7;1;-6;0;-6;0;-7;0;-7;0;-6;0;-6;0;-6;0;-6;-1;-2;-1;-1;-1;0;-1;-1;0;-1;0;0;-2;2;-4;7;-11;8;-11;9;-10;10;-9;10;-9;11;-8;11;-7;12;-6;12;-5;13;-4;13;-4;12;-3;12;-3;11;-2;11;-1;11;0;10;1;10;2;9;2;9;2;8;3;7;3;6;4;6;5;5;5;5;5;4;5;3;5;-113;0;-24;19;-23;19;-22;19;-21;18;-19;18;-18;18;-17;18;-15;17;-14;17;-12;17;-11;17;-10;17;-10;17;-9;17;-8;17;-8;17;-7;17;-7;17;-7;17;-7;17;-6;16;-6;16;-6;16;-6;16;-6;15;-6;15;-7;15;-7;15;-3;5;-1;1;0;-1;0;-1;0;-1;-2;1;-6;3;-15;10;-15;10;-16;10;-17;9;-17;10;-18;10;-19;10;-20;10;-20;10;-21;11;-21;11;-22;11;-22;11;-23;12;-23;12;-23;12;-23;12;-23;12;-23;13;-24;14;-24;15;-25;16;-25;16;-25;17;-25;18;-25;19;-25;20;-25;20,empty,EXP_S142,ZONE_02,entree_zone,4.1,entree_zone,entree dans la zone
544252354,-54,6,a0:9f:7a:73:2b:3e,384,-110;-96;8;0;-35;-11;-34;-11;-31;-11;-27;-9;-24;-6;-21;-2;-19;2;-17;6;-17;10;-18;13;-19;15;-20;16;-21;16;-22;15;-21;13;-19;11;-17;10;-14;9;-10;9;-6;10;-3;11;-1;13;0;16;0;18;0;20;0;5;0;0;0;0;0;0;0;0;0;0;0;0;0;0;0;0;0;0;-2;-8;-6;-31;-3;-34;2;-36;7;-36;11;-33;13;-29;13;-24;11;-19;6;-15;0;-13;-6;-13;-13;-15;-18;-19;-21;-23;-22;-28;-22;-32;-20;-34;-18;-35;-16;-34;-15;-31;-15;-27;-16;-23;-18;-18;-22;-14;-26;-12;-30;-11;-118;0;-5;2;-6;2;-6;2;-6;2;-5;1;-5;0;-5;-1;-6;-2;-7;-3;-7;-3;-7;-3;-6;-3;-6;-4;-5;-4;-5;-5;-6;-6;-6;-6;-6;-5;-5;-5;-4;-5;-4;-5;-4;-6;-3;-6;-4;-6;-4;-6;-4;-6;-3;-5;-3;-5;-1;-2;-1;-1;0;0;-1;-1;-1;-1;1;-1;5;0;14;1;14;2;14;2;14;3;13;4;12;5;12;6;11;7;11;9;11;9;10;10;10;10;9;9;7;9;6;10;5;10;5;11;4;11;4;10;3;9;2;8;1;8;-1;8;-1;8;-2;8;-2;7;-2;7;-2;6;-118;0;-29;-13;-28;-12;-27;-11;-27;-9;-26;-8;-25;-7;-24;-6;-23;-5;-22;-4;-21;-3;-21;-2;-20;-1;-20;0;-20;0;-20;1;-19;1;-19;2;-19;2;-19;2;-18;2;-18;2;-18;2;-17;2;-17;2;-17;2;-17;2;-17;1;-18;0;-7;0;-2;-1;0;-1;1;0;0;0;-2;-1;-7;-3;-18;-9;-18;-9;-18;-9;-18;-10;-18;-10;-19;-11;-19;-12;-20;-13;-20;-13;-20;-14;-21;-14;-21;-14;-22;-14;-22;-15;-22;-15;-22;-15;-23;-15;-23;-15;-24;-15;-25;-14;-26;-14;-27;-15;-27;-14;-28;-14;-28;-14;-29;-13;-30;-13;-30;-13,empty,EXP_S142,ZONE_02,entree_zone,4.1,entree_zone,entree dans la zone
544452648,-54,6,a0:9f:7a:73:2b:3e,384,-110;-96;8;0;-33;-5;-32;-5;-29;-5;-26;-4;-23;-2;-20;1;-18;4;-16;7;-16;10;-16;13;-17;14;-18;15;-19;15;-19;14;-19;12;-17;11;-15;10;-12;9;-9;9;-7;9;-4;11;-3;12;-2;14;-2;16;-2;17;-1;4;0;0;0;0;0;0;0;0;0;0;0;0;0;0;0;0;0;0;-5;-6;-16;-23;-14;-27;-11;-30;-7;-31;-3;-31;1;-28;2;-25;1;-20;-1;-15;-5;-12;-10;-10;-15;-10;-20;-12;-24;-15;-26;-19;-27;-22;-26;-24;-24;-26;-23;-25;-21;-23;-20;-20;-20;-17;-21;-13;-23;-9;-26;-6;-29;-5;-110;0;-4;2;-4;2;-4;2;-4;2;-4;1;-4;0;-5;-1;-5;-1;-6;-2;-6;-2;-5;-2;-5;-2;-5;-3;-4;-3;-5;-4;-5;-4;-5;-4;-5;-4;-5;-4;-4;-4;-4;-4;-4;-4;-4;-5;-4;-5;-4;-4;-4;-4;-3;-4;-3;-4;-1;-2;-1;-1;0;0;-1;0;-1;-1;1;-1;4;-1;12;-1;12;0;12;1;12;1;12;2;11;3;11;4;10;5;10;6;10;6;10;7;9;7;8;7;7;7;6;7;5;8;5;8;4;8;4;8;4;7;3;6;1;6;1;6;0;6;0;6;0;6;-1;5;-1;4;-110;0;-28;-8;-27;-7;-26;-6;-26;-6;-25;-5;-24;-4;-23;-3;-22;-2;-21;-2;-20;-1;-19;0;-19;1;-18;2;-18;2;-18;3;-17;3;-17;3;-17;3;-17;4;-17;4;-16;4;-16;4;-16;3;-15;3;-15;3;-15;3;-16;2;-16;2;-6;0;-2;0;0;-1;1;0;0;0;-2;-1;-6;-2;-17;-5;-17;-6;-17;-6;-17;-7;-18;-7;-18;-7;-19;-8;-19;-9;-20;-9;-20;-9;-21;-10;-21;-10;-22;-10;-22;-11;-22;-11;-22;-11;-22;-11;-23;-10;-23;-10;-24;-10;-25;-10;-26;-10;-27;-10;-27;-9;-28;-9;-28;-8;-29;-8;-29;-8,empty,EXP_S142,ZONE_02,entree_zone,4.1,entree_zone,entree dans la zone
544656786,-54,6,a0:9f:7a:73:2b:3e,384,-110;-96;8;0;-37;7;-36;6;-33;5;-29;5;-25;6;-20;7;-16;10;-13;13;-10;16;-9;19;-9;21;-9;23;-10;23;-11;23;-11;21;-10;19;-9;17;-7;14;-4;12;0;11;3;11;6;11;8;12;9;14;10;16;2;4;0;0;0;0;0;0;0;0;0;0;0;0;0;0;0;0;0;0;-5;-7;-18;-27;-16;-30;-12;-34;-8;-36;-3;-35;0;-33;2;-28;2;-23;-1;-17;-5;-12;-11;-9;-18;-9;-24;-10;-30;-13;-33;-16;-34;-20;-34;-23;-33;-24;-30;-24;-28;-22;-26;-19;-25;-14;-25;-9;-26;-3;-28;1;-31;4;-107;0;-3;5;-4;5;-4;4;-4;3;-5;3;-5;2;-6;1;-6;0;-6;0;-6;0;-6;-1;-6;-1;-6;-1;-6;-2;-7;-2;-7;-2;-7;-3;-7;-3;-6;-3;-6;-3;-6;-3;-6;-3;-6;-3;-6;-3;-5;-3;-5;-3;-5;-3;-5;-3;-2;-2;-1;-1;0;0;-1;0;-1;-1;1;-1;5;-1;14;-1;14;0;14;1;14;2;14;3;13;3;13;4;13;5;13;6;12;7;12;7;11;8;10;8;10;8;9;8;8;9;7;9;7;9;6;9;5;8;4;8;3;8;2;8;2;8;1;8;0;7;0;7;-1;6;-107;0;-31;-4;-31;-3;-30;-2;-29;-1;-27;0;-26;0;-25;1;-23;2;-22;3;-21;4;-20;5;-19;6;-19;6;-18;7;-17;7;-17;8;-16;8;-16;8;-16;9;-15;9;-15;9;-14;9;-14;9;-14;9;-14;9;-14;8;-14;8;-14;8;-6;2;-2;0;0;-1;1;0;0;0;-2;-1;-7;-2;-19;-6;-19;-6;-19;-7;-19;-7;-20;-8;-20;-8;-21;-9;-22;-9;-23;-10;-23;-10;-24;-10;-24;-10;-25;-10;-25;-10;-25;-10;-26;-10;-26;-10;-26;-10;-27;-9;-28;-9;-29;-8;-30;-8;-31;-7;-31;-7;-32;-6;-32;-5;-33;-5;-33;-5,empty,EXP_S142,ZONE_02,entree_zone,4.1,entree_zone,entree dans la zone
544853728,-53,6,a0:9f:7a:73:2b:3e,384,-110;-96;8;0;-24;31;-24;28;-22;26;-19;23;-15;21;-10;19;-6;19;-2;20;1;21;3;24;4;26;3;27;2;28;0;27;-1;26;-2;23;-2;20;-1;16;1;13;3;11;7;9;9;9;12;10;13;12;14;13;3;3;0;0;0;0;0;0;0;0;0;0;0;0;0;0;0;0;0;0;-7;3;-30;11;-33;8;-35;4;-36;-1;-34;-5;-31;-8;-27;-8;-23;-6;-19;-3;-17;2;-17;7;-19;12;-23;16;-27;19;-31;19;-35;19;-37;17;-37;15;-36;13;-33;13;-30;14;-27;15;-24;18;-22;22;-21;25;-21;28;-114;0;-1;5;-1;5;-1;5;-1;5;-2;4;-3;4;-4;4;-5;4;-6;4;-6;4;-6;4;-6;4;-6;3;-7;3;-7;2;-8;2;-8;2;-7;2;-7;2;-7;1;-7;1;-7;0;-7;0;-7;0;-7;0;-7;0;-7;0;-7;-1;-3;-1;-1;-1;0;-1;-1;0;-1;0;0;-2;0;-5;2;-13;3;-13;4;-12;5;-12;5;-12;6;-11;7;-10;8;-10;9;-9;10;-9;10;-8;10;-8;9;-7;9;-5;9;-4;9;-4;9;-3;9;-2;9;-2;8;-1;7;0;6;1;6;2;5;3;5;3;4;3;4;3;3;3;-114;0;-21;26;-20;26;-19;25;-18;24;-17;23;-16;23;-14;22;-13;21;-12;20;-11;20;-10;19;-9;19;-9;19;-8;19;-7;19;-7;18;-6;18;-6;18;-6;18;-5;17;-5;17;-5;17;-5;16;-5;16;-6;16;-6;15;-7;15;-7;15;-3;5;-1;1;0;-1;0;-2;0;-1;-1;1;-3;6;-9;17;-10;17;-11;17;-11;18;-12;18;-13;18;-14;19;-15;19;-15;20;-16;20;-17;20;-18;20;-18;20;-19;20;-20;21;-20;21;-20;21;-20;21;-20;22;-20;23;-21;24;-21;25;-21;25;-21;26;-21;26;-22;27;-22;27;-22;28,empty,EXP_S142,ZONE_02,entree_zone,4.1,entree_zone,entree dans la zone
545053551,-54,6,a0:9f:7a:73:2b:3e,384,-110;-96;8;0;0;38;-1;36;-2;33;-1;29;1;25;4;20;7;17;11;15;14;15;17;15;19;16;20;18;19;19;18;20;16;20;13;18;11;16;10;12;9;9;9;5;11;2;13;0;15;-1;18;-1;19;-1;5;0;0;0;0;0;0;0;0;0;0;0;0;0;0;0;0;0;0;0;-5;6;-20;24;-24;23;-28;21;-31;17;-32;12;-30;9;-27;6;-22;5;-17;7;-13;10;-10;14;-9;20;-10;25;-12;30;-15;33;-18;34;-20;34;-22;32;-22;30;-20;28;-17;27;-13;26;-9;27;-5;29;-2;31;0;34;-102;0;4;3;5;3;5;3;4;3;3;3;2;4;1;5;0;6;0;7;1;7;1;7;0;6;-1;6;-2;6;-2;7;-3;7;-2;7;-2;7;-2;7;-2;6;-3;5;-4;5;-4;5;-4;5;-4;5;-4;5;-3;4;-4;4;-2;1;-1;0;0;-1;0;0;0;0;-2;-1;-4;-4;-9;-11;-9;-11;-8;-12;-8;-12;-7;-12;-6;-12;-4;-12;-2;-13;-1;-14;-1;-15;-1;-15;0;-14;0;-13;1;-11;3;-11;4;-10;4;-10;4;-10;4;-10;4;-8;4;-6;5;-5;6;-4;6;-3;6;-3;6;-3;5;-3;5;-2;-102;0;7;31;8;30;8;29;8;28;8;27;9;25;9;24;9;22;9;21;9;19;9;18;10;18;10;17;10;17;10;16;10;15;10;15;10;14;11;14;11;14;10;14;10;14;9;13;9;13;9;13;9;13;8;13;8;14;2;5;0;1;-1;-1;-1;-2;-1;-1;1;1;3;6;8;17;8;17;7;18;7;19;7;19;7;21;6;22;6;23;6;23;6;24;6;24;6;25;6;26;5;27;5;27;4;27;4;27;5;28;5;28;6;29;6;30;7;30;7;31;7;31;8;32;8;32;9;32;9;33,empty,EXP_S142,ZONE_02,entree_zone,4.1,entree_zone,entree dans la zone
545252362,-54,6,a0:9f:7a:73:2b:3e,384,-110;-96;8;0;-37;-9;-35;-10;-32;-10;-28;-8;-24;-5;-20;-2;-18;3;-16;7;-16;11;-16;14;-18;17;-19;18;-21;17;-21;16;-21;14;-19;11;-17;10;-14;8;-10;8;-6;9;-3;10;-1;12;1;15;1;17;1;19;0;5;0;0;0;0;0;0;0;0;0;0;0;0;0;0;0;0;0;0;-3;-7;-11;-29;-8;-32;-4;-35;0;-35;5;-34;7;-30;8;-25;6;-20;2;-16;-4;-14;-10;-13;-16;-14;-21;-17;-24;-22;-25;-26;-25;-30;-24;-32;-22;-32;-20;-31;-18;-28;-18;-24;-19;-20;-21;-15;-25;-11;-29;-9;-32;-7;-115;0;-6;2;-6;2;-7;2;-7;1;-7;0;-6;-1;-6;-2;-7;-2;-7;-3;-7;-3;-7;-3;-7;-4;-6;-4;-6;-5;-6;-5;-6;-5;-6;-6;-6;-6;-6;-5;-5;-5;-5;-6;-4;-6;-4;-6;-4;-6;-4;-6;-4;-6;-4;-6;-3;-6;-1;-2;-1;-1;0;0;-1;-1;-1;-1;1;-1;4;0;13;1;13;2;12;3;12;3;12;4;11;5;11;6;10;7;10;8;10;9;9;9;8;9;7;9;6;9;5;9;4;10;3;10;3;10;2;9;2;9;1;8;-1;7;-2;7;-2;7;-3;7;-3;6;-3;6;-3;5;-115;0;-29;-12;-28;-12;-28;-11;-27;-10;-26;-9;-25;-8;-24;-7;-23;-6;-22;-5;-21;-3;-21;-2;-20;-1;-20;-1;-20;0;-19;0;-19;1;-19;1;-18;1;-18;2;-18;2;-18;2;-17;2;-17;2;-17;2;-17;2;-17;1;-17;1;-17;0;-6;0;-2;-1;0;-1;1;0;0;0;-2;-1;-7;-3;-18;-8;-18;-8;-18;-9;-18;-9;-19;-10;-19;-11;-20;-11;-20;-12;-21;-12;-21;-13;-22;-13;-22;-14;-23;-14;-23;-14;-23;-15;-23;-15;-23;-15;-24;-15;-24;-15;-25;-15;-26;-14;-27;-15;-28;-14;-28;-14;-29;-14;-30;-13;-30;-13;-31;-13,empty,EXP_S142,ZONE_02,entree_zone,4.1,entree_zone,entree dans la zone
545452347,-53,6,a0:9f:7a:73:2b:3e,384,-110;-96;8;0;-7;35;-8;33;-7;30;-6;26;-3;22;0;19;4;16;8;15;12;14;15;14;18;16;18;17;18;19;16;20;14;20;12;18;10;16;9;12;9;9;9;5;11;2;13;0;15;-2;17;-2;19;-2;5;-1;0;0;0;0;0;0;0;0;0;0;0;0;0;0;0;0;0;0;-7;3;-27;12;-30;9;-33;5;-33;0;-31;-4;-28;-6;-24;-6;-19;-4;-15;-1;-12;4;-11;10;-12;15;-15;20;-19;23;-23;25;-27;24;-29;23;-29;21;-28;19;-25;18;-21;18;-17;19;-12;21;-9;24;-6;28;-4;31;-104;0;3;5;2;5;2;6;1;6;0;6;0;6;-1;6;-2;6;-2;6;-3;6;-3;6;-3;6;-4;5;-4;5;-5;5;-5;5;-6;5;-6;5;-6;5;-6;4;-6;4;-6;4;-6;3;-6;3;-6;3;-6;3;-6;2;-6;2;-2;0;-1;0;0;-1;-1;0;-1;0;0;-2;0;-5;2;-13;2;-13;3;-13;4;-12;5;-12;5;-12;6;-11;7;-10;8;-10;8;-10;9;-9;9;-8;9;-7;9;-6;9;-5;9;-5;9;-4;9;-3;9;-3;8;-2;8;-2;7;-1;7;0;7;1;7;1;6;2;5;2;5;3;-104;0;-11;27;-10;27;-9;26;-8;25;-7;25;-6;24;-5;23;-4;22;-3;21;-2;21;-1;20;0;19;0;19;1;19;1;18;1;18;2;17;2;17;2;17;2;17;2;17;2;16;2;16;2;16;2;16;1;16;1;16;0;16;0;6;-1;1;-1;-1;0;-2;0;-1;-1;1;-3;5;-7;16;-8;16;-8;16;-9;16;-9;17;-10;17;-10;18;-11;18;-11;19;-12;19;-12;20;-13;20;-13;21;-13;21;-13;21;-13;21;-13;21;-13;22;-13;23;-13;24;-13;24;-13;25;-13;26;-12;27;-12;28;-12;28;-11;28;-11;29,empty,EXP_S142,ZONE_02,entree_zone,4.1,entree_zone,entree dans la zone
545652936,-54,6,a0:9f:7a:73:2b:3e,384,-110;-96;8;0;33;16;31;16;28;15;25;13;22;9;19;4;18;-1;17;-5;18;-9;19;-12;21;-14;23;-14;25;-14;25;-12;24;-10;22;-8;19;-7;16;-7;12;-8;8;-9;6;-12;4;-14;4;-17;4;-19;5;-21;1;-6;0;0;0;0;0;0;0;0;0;0;0;0;0;0;0;0;0;0;1;7;4;30;0;32;-5;34;-10;33;-13;30;-15;26;-14;21;-11;17;-6;14;0;12;6;13;12;16;16;20;18;25;18;30;17;33;15;35;13;35;11;33;11;30;11;26;13;21;17;18;21;15;26;13;30;13;-115;0;6;-2;6;-2;6;-2;6;-1;6;0;5;1;5;2;5;3;6;3;6;3;6;3;5;4;5;4;4;5;4;5;4;6;4;6;4;6;3;6;3;5;2;5;1;6;1;6;1;6;2;6;1;6;1;6;1;5;0;2;0;0;-1;-1;0;0;0;0;-2;-1;-5;-1;-14;-3;-14;-4;-14;-5;-14;-6;-13;-7;-12;-7;-11;-9;-11;-10;-10;-11;-10;-11;-9;-12;-9;-12;-7;-11;-6;-11;-5;-12;-4;-12;-3;-12;-3;-12;-2;-11;-1;-10;0;-9;1;-9;2;-8;3;-8;3;-8;3;-7;3;-6;3;-6;-115;0;26;15;26;14;25;13;25;12;24;11;23;10;23;9;22;8;21;7;21;6;20;5;20;5;20;4;19;3;19;3;19;2;19;2;19;1;19;1;19;1;18;2;18;2;17;2;17;2;17;2;17;3;17;4;17;4;6;1;1;0;-1;-1;-2;-1;-1;-1;1;0;6;2;16;8;16;8;16;9;16;9;17;10;17;11;18;11;18;12;18;13;19;13;19;14;19;14;19;15;20;15;20;16;20;16;20;16;21;16;21;16;22;16;23;16;24;16;25;16;25;16;26;16;27;16;27;16;28;16,empty,EXP_S142,ZONE_02,entree_zone,4.1,entree_zone,entree dans la zone
545854126,-54,6,a0:9f:7a:73:2b:3e,384,-110;-96;8;0;-37;-10;-35;-10;-32;-10;-28;-8;-24;-5;-21;-2;-19;3;-17;7;-17;11;-18;14;-20;16;-21;16;-23;16;-23;15;-22;13;-21;11;-18;10;-15;9;-11;9;-8;10;-5;12;-3;14;-2;16;-3;19;-3;20;-1;5;0;0;0;0;0;0;0;0;0;0;0;0;0;0;0;0;0;0;-4;-7;-12;-29;-9;-32;-4;-34;0;-35;4;-33;7;-29;7;-25;5;-20;1;-16;-4;-13;-10;-13;-16;-14;-21;-18;-24;-22;-25;-26;-25;-30;-23;-32;-21;-32;-19;-31;-18;-28;-18;-24;-19;-20;-21;-15;-24;-12;-29;-9;-32;-8;-110;0;-6;3;-6;3;-6;2;-6;2;-6;1;-6;0;-6;-1;-7;-2;-7;-2;-7;-2;-7;-3;-6;-3;-6;-3;-6;-4;-6;-5;-6;-5;-6;-5;-6;-5;-6;-5;-5;-5;-5;-5;-4;-6;-4;-6;-4;-6;-4;-6;-4;-5;-4;-5;-3;-5;-1;-2;-1;-1;0;0;-1;-1;-1;-1;1;-1;4;0;12;1;13;1;13;2;13;3;12;4;12;5;11;6;11;7;10;7;10;8;10;8;9;8;8;8;7;9;5;9;4;10;4;10;3;10;3;9;2;8;1;8;0;7;-1;7;-1;7;-2;7;-2;7;-2;6;-2;5;-110;0;-30;-9;-30;-8;-29;-8;-28;-7;-27;-5;-26;-4;-25;-3;-24;-2;-23;-2;-22;-1;-22;0;-21;1;-21;2;-20;2;-20;3;-20;3;-19;3;-19;4;-19;4;-19;4;-19;4;-18;4;-18;4;-18;4;-17;3;-18;3;-18;2;-18;2;-7;0;-2;0;0;-1;1;0;0;0;-2;-1;-7;-2;-18;-6;-18;-7;-18;-7;-19;-8;-19;-8;-20;-9;-20;-9;-21;-10;-21;-10;-22;-11;-23;-11;-23;-11;-23;-12;-24;-13;-24;-13;-24;-13;-24;-13;-25;-12;-25;-12;-26;-12;-27;-11;-28;-11;-29;-11;-30;-11;-30;-11;-31;-10;-31;-10;-32;-10,empty,EXP_S142,ZONE_02,entree_zone,4.1,entree_zone,entree dans la zone
546052218,-54,6,a0:9f:7a:73:2b:3e,384,-110;-96;8;0;-19;32;-19;30;-17;27;-15;24;-11;21;-7;19;-2;18;2;18;6;18;9;20;11;22;11;23;10;24;9;24;7;23;6;21;5;18;5;15;6;12;8;9;10;6;13;5;15;4;18;5;19;6;5;1;0;0;0;0;0;0;0;0;0;0;0;0;0;0;0;0;0;0;-8;0;-31;2;-33;-2;-34;-7;-33;-11;-30;-15;-26;-16;-21;-15;-17;-12;-14;-7;-13;-1;-15;5;-18;11;-22;14;-27;16;-32;16;-35;15;-36;13;-36;11;-35;9;-32;9;-28;9;-24;11;-20;15;-18;19;-16;24;-16;28;-103;0;1;5;1;6;0;6;0;6;-1;5;-2;5;-3;5;-4;5;-5;5;-5;5;-5;5;-5;4;-5;4;-6;3;-6;3;-7;3;-7;3;-7;3;-6;3;-6;2;-6;2;-6;1;-7;1;-7;1;-6;1;-6;1;-6;1;-6;1;-2;0;-1;0;0;-1;-1;0;-1;0;0;-2;2;-5;6;-12;7;-12;7;-12;8;-11;8;-10;9;-10;9;-9;10;-8;11;-7;12;-7;12;-7;12;-6;11;-5;11;-4;11;-2;11;-2;11;-1;11;-1;10;0;9;0;8;1;7;2;7;3;7;3;6;4;6;4;5;3;4;3;-103;0;-19;24;-18;24;-17;23;-16;23;-14;22;-13;22;-12;21;-10;20;-9;20;-8;19;-7;19;-6;19;-5;19;-5;19;-4;19;-3;18;-3;18;-2;18;-2;18;-2;18;-2;18;-2;18;-2;17;-2;17;-2;17;-2;17;-3;17;-4;17;-2;6;-1;1;0;-1;0;-1;0;-1;-2;1;-5;4;-13;13;-13;13;-14;13;-14;13;-15;13;-16;14;-16;14;-17;14;-18;15;-18;15;-18;15;-19;16;-19;16;-20;16;-20;16;-20;16;-20;17;-20;17;-20;18;-20;19;-20;20;-21;21;-21;22;-21;23;-20;23;-20;24;-20;25;-20;25,empty,EXP_S142,ZONE_02,entree_zone,4.1,entree_zone,entree dans la zone
546256147,-54,6,a0:9f:7a:73:2b:3e,384,-110;-96;8;0;32;-18;31;-16;29;-14;25;-13;20;-13;15;-13;11;-15;7;-17;4;-20;3;-23;2;-25;3;-27;4;-27;5;-26;6;-25;6;-22;5;-19;3;-16;0;-14;-3;-12;-6;-12;-9;-12;-11;-13;-13;-15;-13;-17;-4;-5;0;0;0;0;0;0;0;0;0;0;0;0;0;0;0;0;0;0;6;3;26;15;25;19;23;24;20;27;15;28;11;26;8;23;7;18;7;12;10;7;14;2;20;0;26;-1;31;0;35;3;37;5;37;8;36;10;34;10;31;9;28;6;26;2;24;-3;24;-8;26;-12;27;-16;-118;0;1;-7;0;-7;1;-7;1;-7;1;-6;2;-5;3;-4;5;-4;5;-4;6;-4;5;-4;5;-4;5;-3;6;-2;6;-1;7;-1;7;-2;7;-2;6;-1;5;-1;5;0;5;1;6;1;6;1;6;1;5;0;5;0;5;1;1;0;0;0;-1;-1;0;-1;0;-1;-1;1;-3;3;-8;10;-9;10;-10;10;-11;9;-11;9;-11;7;-12;6;-13;5;-14;4;-15;3;-15;3;-14;3;-13;2;-13;0;-12;-1;-12;-2;-12;-3;-12;-3;-11;-3;-10;-3;-8;-4;-7;-5;-6;-6;-6;-7;-6;-7;-6;-7;-5;-6;-4;-5;-118;0;24;-18;24;-18;22;-18;21;-18;20;-18;19;-17;18;-17;16;-16;15;-16;14;-16;13;-16;12;-16;11;-17;11;-17;10;-17;10;-17;9;-17;9;-17;9;-17;9;-17;9;-16;9;-16;8;-16;8;-15;9;-15;9;-15;10;-14;10;-14;4;-5;1;-2;-1;0;-1;0;-1;0;1;-2;4;-5;13;-13;13;-12;14;-12;14;-12;15;-12;16;-12;17;-13;18;-13;19;-13;19;-13;19;-13;20;-13;21;-13;22;-13;22;-13;23;-13;22;-13;22;-14;23;-14;23;-15;24;-16;24;-16;25;-17;25;-17;25;-18;25;-18;25;-19;26;-20,empty,EXP_S142,ZONE_02,entree_zone,4.1,entree_zone,entree dans la zone
546455817,-54,6,a0:9f:7a:73:2b:3e,384,-110;-96;8;0;-13;-35;-11;-34;-10;-31;-9;-27;-9;-23;-11;-18;-13;-14;-16;-11;-19;-9;-22;-8;-24;-7;-26;-8;-26;-9;-25;-11;-23;-11;-20;-10;-18;-9;-16;-7;-14;-4;-13;-1;-13;2;-14;5;-15;7;-17;8;-19;9;-5;2;0;0;0;0;0;0;0;0;0;0;0;0;0;0;0;0;0;0;3;-7;17;-25;21;-24;25;-22;28;-18;28;-14;27;-10;23;-7;18;-6;13;-7;8;-10;4;-15;2;-21;2;-27;4;-32;7;-35;10;-37;12;-36;14;-35;14;-32;13;-30;10;-28;6;-26;1;-26;-4;-26;-9;-28;-11;-30;-104;0;-6;-3;-6;-3;-6;-4;-5;-4;-5;-4;-3;-5;-3;-6;-2;-6;-2;-7;-2;-7;-2;-7;-2;-7;-1;-7;0;-7;1;-7;1;-7;1;-7;1;-7;1;-7;1;-6;2;-6;2;-6;2;-6;2;-6;2;-6;2;-6;2;-5;2;-5;0;-2;0;-1;-1;0;-1;-1;-1;-1;0;1;2;4;5;11;5;12;4;12;3;13;2;13;1;12;0;12;-2;13;-3;13;-3;13;-3;13;-4;12;-4;11;-5;10;-6;10;-7;9;-7;9;-7;8;-7;8;-7;7;-7;5;-7;4;-8;3;-8;3;-8;2;-8;2;-7;2;-7;1;-104;0;-7;-31;-7;-30;-8;-29;-8;-27;-8;-26;-9;-25;-9;-23;-9;-22;-10;-21;-10;-20;-11;-19;-11;-18;-12;-17;-12;-17;-12;-16;-12;-15;-12;-15;-12;-15;-13;-15;-12;-15;-12;-14;-12;-14;-12;-14;-12;-14;-12;-14;-11;-14;-11;-14;-10;-15;-4;-6;-1;-2;0;0;0;1;0;0;-1;-2;-2;-7;-5;-18;-4;-18;-4;-19;-4;-19;-3;-20;-3;-21;-3;-22;-3;-23;-2;-23;-2;-24;-3;-24;-3;-25;-3;-26;-2;-26;-2;-27;-2;-27;-2;-27;-2;-27;-3;-27;-3;-28;-4;-29;-4;-30;-5;-30;-5;-30;-6;-31;-7;-31;-8;-32;-8;-32,empty,EXP_S142,ZONE_02,entree_zone,4.1,entree_zone,entree dans la zone
546655782,-54,6,a0:9f:7a:73:2b:3e,384,-110;-96;8;0;-36;-12;-34;-13;-31;-12;-28;-11;-24;-8;-21;-4;-19;1;-19;5;-19;8;-20;11;-22;13;-23;14;-24;13;-24;12;-23;10;-21;9;-19;7;-15;7;-12;8;-9;9;-6;11;-5;14;-5;16;-5;18;-6;19;-2;5;0;0;0;0;0;0;0;0;0;0;0;0;0;0;0;0;0;0;-3;-7;-11;-29;-8;-32;-4;-35;1;-35;5;-33;8;-29;8;-24;6;-20;2;-15;-4;-13;-10;-13;-16;-15;-20;-19;-23;-23;-24;-27;-24;-31;-23;-33;-20;-34;-18;-32;-17;-30;-17;-26;-18;-21;-20;-18;-24;-14;-28;-12;-31;-11;-111;0;-6;2;-6;2;-6;2;-6;2;-5;1;-5;0;-5;-2;-6;-3;-6;-3;-7;-3;-7;-4;-6;-4;-5;-4;-5;-5;-5;-5;-5;-6;-5;-6;-5;-6;-5;-5;-4;-5;-3;-5;-3;-6;-3;-6;-3;-6;-3;-6;-3;-6;-3;-6;-2;-5;-1;-2;-1;-1;0;0;-1;0;-1;-1;1;-1;4;-1;13;0;13;0;13;1;13;2;13;3;12;4;11;6;11;7;11;8;11;9;10;9;10;9;8;9;7;9;6;9;5;10;4;10;4;10;3;9;3;9;1;8;0;7;-2;7;-2;8;-3;7;-3;7;-2;6;-2;5;-111;0;-30;-12;-29;-11;-29;-11;-28;-9;-27;-8;-26;-7;-25;-6;-24;-5;-23;-5;-22;-4;-21;-3;-21;-2;-21;-2;-21;-1;-20;-1;-20;0;-20;0;-20;0;-20;1;-19;1;-19;1;-19;0;-18;0;-18;0;-18;0;-18;-1;-18;-1;-18;-2;-7;-1;-2;-1;0;-1;1;0;0;0;-2;-1;-7;-2;-19;-5;-19;-5;-19;-6;-19;-6;-20;-7;-20;-8;-21;-8;-21;-9;-22;-10;-22;-10;-22;-10;-23;-11;-23;-12;-24;-12;-24;-13;-24;-13;-24;-13;-25;-13;-26;-12;-26;-12;-28;-12;-28;-13;-29;-12;-30;-12;-30;-12;-31;-12;-31;-12;-32;-12,empty,EXP_S142,ZONE_02,entree_zone,4.1,entree_zone,entree dans la zone
546851156,-54,6,a0:9f:7a:73:2b:3e,384,-110;-96;8;0;19;30;18;29;16;27;14;24;13;19;14;14;15;10;17;6;19;3;22;2;24;1;25;1;26;2;25;3;24;4;21;4;19;4;16;2;13;-1;11;-4;11;-7;11;-10;12;-12;13;-13;15;-14;3;-4;0;0;0;0;0;0;0;0;0;0;0;0;0;0;0;0;0;0;-3;7;-13;28;-17;27;-22;26;-26;22;-27;18;-27;14;-23;10;-18;8;-12;8;-7;10;-2;14;1;20;2;26;1;31;0;35;-3;37;-6;38;-8;37;-9;34;-8;31;-5;28;-2;26;3;25;8;24;13;25;16;26;-104;0;6;0;6;0;6;-1;6;0;5;0;4;1;3;3;3;4;4;5;4;5;4;5;3;4;2;5;2;5;1;6;1;6;1;7;1;6;1;6;0;5;0;5;-1;5;-1;5;-1;6;-1;6;0;5;-1;5;-1;4;-1;1;-1;0;-1;-1;0;0;0;0;-2;-1;-5;-3;-12;-8;-12;-8;-12;-9;-12;-10;-11;-10;-10;-11;-8;-11;-7;-12;-6;-14;-6;-14;-6;-14;-5;-14;-4;-13;-3;-13;-1;-12;0;-12;0;-13;1;-12;0;-11;1;-10;1;-9;3;-8;4;-7;5;-7;5;-7;5;-7;4;-6;4;-5;-104;0;20;22;19;22;19;20;19;19;19;18;19;17;18;16;17;14;17;13;17;12;16;11;16;10;17;9;17;9;16;8;16;8;16;7;17;7;17;6;17;6;16;6;16;6;15;6;15;6;15;6;15;7;15;8;14;8;5;3;1;1;-1;-1;-1;-1;-1;-1;1;1;4;4;13;12;13;12;12;13;12;13;13;14;13;15;13;16;13;17;13;17;14;18;14;18;14;19;14;20;14;20;14;21;14;21;14;21;15;21;16;21;17;22;17;22;18;23;18;23;19;23;19;23;20;23;21;23;21;23,empty,EXP_S142,ZONE_02,entree_zone,4.1,entree_zone,entree dans la zone
547057119,-54,6,a0:9f:7a:73:2b:3e,384,-110;-96;8;0;-36;8;-35;7;-32;6;-28;6;-24;6;-20;8;-16;11;-13;14;-11;17;-11;20;-11;22;-12;23;-13;23;-14;22;-14;20;-13;18;-11;16;-9;14;-5;12;-2;12;1;12;3;14;5;15;5;18;5;19;1;5;0;0;0;0;0;0;0;0;0;0;0;0;0;0;0;0;0;0;-7;-5;-25;-18;-24;-23;-21;-27;-18;-30;-13;-30;-9;-29;-6;-25;-6;-20;-7;-14;-10;-10;-15;-6;-21;-4;-27;-5;-31;-7;-34;-10;-36;-13;-36;-16;-34;-18;-32;-18;-30;-16;-28;-13;-26;-9;-26;-4;-27;1;-29;5;-31;7;-114;0;-3;5;-3;5;-3;5;-3;5;-3;4;-4;3;-5;2;-6;1;-7;1;-7;2;-7;1;-6;1;-6;0;-6;-1;-7;-1;-7;-2;-7;-2;-7;-1;-7;-2;-6;-2;-6;-2;-6;-3;-6;-3;-6;-3;-6;-3;-6;-3;-5;-3;-5;-3;-2;-1;-1;-1;0;0;-1;0;-1;0;1;-1;3;-3;10;-8;11;-8;11;-7;12;-7;12;-6;12;-5;12;-3;12;-2;13;-1;13;-1;13;0;13;0;12;1;11;2;10;3;10;4;10;5;9;5;9;5;7;4;6;4;5;5;4;6;4;7;4;7;3;6;3;6;2;5;-114;0;-30;10;-29;10;-28;10;-27;10;-25;10;-24;10;-23;10;-21;10;-20;10;-19;11;-18;11;-17;11;-16;12;-16;12;-15;12;-15;12;-14;12;-14;12;-14;12;-14;12;-13;12;-13;12;-13;12;-13;11;-13;11;-13;11;-14;10;-14;10;-6;3;-2;1;0;-1;1;-1;0;-1;-2;0;-6;2;-17;7;-17;6;-18;6;-18;6;-19;6;-20;6;-21;6;-22;6;-23;6;-23;5;-24;5;-25;5;-25;5;-26;5;-26;5;-26;5;-27;5;-27;5;-27;6;-28;7;-29;7;-29;8;-30;8;-30;9;-30;9;-31;10;-31;10;-31;10,empty,EXP_S142,ZONE_02,entree_zone,4.1,entree_zone,entree dans la zone
547254142,-54,6,a0:9f:7a:73:2b:3e,384,-110;-96;8;0;-4;37;-5;35;-4;32;-3;28;-1;24;2;20;6;17;10;15;13;15;16;15;18;16;19;17;19;18;18;19;16;18;14;17;12;15;11;11;11;7;11;4;12;1;14;-1;16;-2;18;-2;20;-1;5;-1;0;0;0;0;0;0;0;0;0;0;0;0;0;0;0;0;0;0;-7;4;-27;15;-31;13;-34;8;-35;4;-33;-1;-30;-4;-26;-4;-20;-3;-15;0;-12;5;-11;11;-12;17;-14;22;-18;26;-22;28;-25;29;-28;27;-29;25;-28;23;-25;22;-22;21;-17;21;-13;22;-9;25;-5;28;-3;31;-118;0;4;4;4;4;3;4;3;4;2;4;1;4;0;5;-1;5;-2;6;-2;6;-2;6;-2;6;-3;5;-3;5;-4;5;-4;5;-5;5;-4;5;-4;5;-4;4;-5;3;-5;3;-5;3;-5;3;-5;3;-5;3;-5;3;-5;2;-2;0;-1;0;0;-1;0;0;0;0;-1;-2;-2;-5;-3;-14;-2;-14;-2;-15;-1;-15;0;-14;1;-14;3;-14;4;-14;5;-14;6;-14;6;-13;6;-12;7;-11;7;-10;8;-9;8;-8;9;-8;9;-7;8;-7;8;-6;7;-4;7;-3;8;-2;8;-1;8;-1;7;-1;6;0;6;0;-118;0;-4;30;-4;30;-3;29;-2;28;-2;26;-1;25;0;24;1;23;1;22;2;21;2;20;3;20;4;19;4;19;4;18;5;18;5;17;6;17;6;17;6;17;6;17;6;16;5;16;5;16;5;16;4;16;3;17;3;17;1;6;0;1;-1;-1;0;-2;0;-1;0;1;-1;6;-1;18;-2;18;-2;18;-3;19;-3;19;-3;20;-4;21;-4;21;-5;22;-5;23;-5;23;-5;24;-6;24;-7;25;-7;25;-7;25;-7;25;-7;26;-6;26;-6;27;-6;28;-5;29;-5;30;-5;30;-5;31;-5;31;-4;32;-4;32,empty,EXP_S142,ZONE_02,entree_zone,4.1,entree_zone,entree dans la zone
547454003,-54,6,a0:9f:7a:73:2b:3e,384,-110;-96;8;0;-23;29;-23;27;-21;25;-18;22;-14;20;-10;18;-5;18;0;18;3;19;6;21;7;23;7;25;6;26;5;26;4;24;3;22;3;19;3;16;5;12;7;10;9;8;12;7;15;7;17;8;18;9;4;2;0;0;0;0;0;0;0;0;0;0;0;0;0;0;0;0;0;0;-8;-1;-32;-3;-33;-7;-33;-13;-31;-17;-27;-19;-23;-20;-19;-18;-15;-14;-13;-9;-13;-3;-15;3;-19;8;-25;11;-30;12;-34;12;-37;10;-39;8;-38;6;-37;4;-34;4;-30;5;-26;8;-23;12;-21;17;-20;21;-20;25;-107;0;1;6;1;6;1;6;1;6;0;5;-1;4;-3;4;-4;5;-4;5;-4;6;-4;5;-4;5;-5;4;-5;3;-6;3;-7;4;-7;4;-6;4;-6;3;-6;3;-6;2;-6;1;-7;1;-7;1;-7;2;-6;2;-6;1;-5;1;-2;0;-1;0;0;-1;-1;0;-1;0;0;-2;1;-5;4;-13;5;-13;6;-13;6;-13;7;-12;7;-11;8;-10;10;-10;11;-9;11;-9;12;-9;11;-8;11;-7;10;-5;11;-4;11;-3;11;-2;11;-2;10;-2;9;-2;8;-1;7;1;7;2;7;3;7;3;7;3;6;3;5;2;-107;0;-16;26;-16;26;-15;25;-14;25;-12;24;-11;23;-10;23;-9;21;-8;21;-7;20;-5;20;-4;20;-4;19;-3;19;-3;19;-2;19;-2;18;-1;18;-1;18;-1;18;-1;18;-1;18;-1;17;-1;17;-1;17;-2;17;-2;17;-3;17;-2;6;-1;1;0;-1;0;-2;0;-1;-1;1;-4;5;-10;15;-10;15;-11;15;-11;15;-12;16;-13;16;-14;17;-15;17;-15;17;-15;18;-15;18;-16;19;-17;20;-17;20;-18;20;-18;19;-18;20;-18;20;-18;21;-18;22;-18;23;-18;24;-18;25;-18;25;-18;26;-17;27;-17;28;-17;28,empty,EXP_S142,ZONE_02,entree_zone,4.1,entree_zone,entree dans la zone
547652590,-54,6,a0:9f:7a:73:2b:3e,384,-110;-96;8;0;34;-13;33;-12;30;-11;27;-10;22;-10;17;-11;13;-13;10;-16;8;-19;7;-22;7;-24;7;-26;8;-26;9;-25;10;-23;10;-21;8;-18;6;-16;3;-14;0;-13;-4;-13;-6;-14;-8;-16;-9;-18;-9;-19;-3;-5;0;0;0;0;0;0;0;0;0;0;0;0;0;0;0;0;0;0;6;3;26;15;25;19;23;24;19;27;14;28;10;27;7;23;6;18;7;13;10;7;15;4;20;1;26;1;31;3;34;5;36;8;36;11;35;13;33;13;30;12;27;9;26;5;25;0;26;-5;28;-9;30;-12;-106;0;1;-6;2;-6;2;-6;2;-6;3;-5;3;-4;4;-3;5;-3;6;-3;6;-3;6;-3;5;-2;5;-1;6;-1;6;0;6;0;7;0;6;0;6;0;5;1;5;1;5;2;5;2;5;2;5;2;5;2;4;2;4;2;1;0;0;0;-1;-1;0;-1;0;-1;-1;1;-4;3;-11;8;-11;7;-12;7;-12;6;-13;5;-13;4;-13;3;-14;2;-14;1;-14;0;-14;0;-14;-1;-13;-2;-12;-3;-12;-4;-11;-5;-11;-5;-11;-5;-10;-5;-9;-5;-7;-5;-6;-6;-5;-7;-5;-7;-4;-8;-4;-7;-3;-7;-3;-6;-106;0;28;-12;27;-12;26;-12;25;-13;24;-13;22;-13;21;-13;20;-13;19;-13;17;-13;16;-13;15;-13;15;-14;14;-14;13;-14;13;-14;12;-14;12;-14;12;-15;12;-14;12;-14;12;-14;12;-14;11;-13;12;-13;12;-13;13;-12;13;-12;5;-4;1;-2;-1;0;-1;0;-1;0;1;-2;5;-4;15;-9;16;-9;16;-9;17;-8;18;-8;19;-8;19;-8;20;-8;21;-8;22;-8;22;-8;23;-8;24;-8;24;-8;25;-7;25;-7;25;-8;25;-8;26;-9;26;-9;27;-10;28;-10;28;-11;28;-11;29;-12;29;-12;29;-13;30;-13,empty,EXP_S142,ZONE_02,entree_zone,4.1,entree_zone,entree dans la zone
547852237,-54,6,a0:9f:7a:73:2b:3e,384,-110;-96;8;0;26;-28;26;-26;24;-24;20;-21;16;-19;11;-18;6;-18;1;-19;-2;-21;-5;-23;-6;-25;-6;-27;-5;-28;-4;-27;-2;-26;-1;-23;-1;-21;-2;-17;-4;-14;-7;-11;-10;-10;-13;-9;-15;-9;-17;-10;-19;-12;-5;-3;0;0;0;0;0;0;0;0;0;0;0;0;0;0;0;0;0;0;7;1;30;6;31;10;30;15;28;19;24;21;20;22;15;19;12;14;11;9;12;3;14;-3;19;-7;25;-10;31;-10;35;-9;38;-7;39;-4;38;-2;36;-1;33;-1;29;-3;26;-6;23;-11;21;-16;21;-21;22;-25;-109;0;1;-6;1;-6;2;-6;2;-6;3;-5;4;-5;4;-4;5;-4;5;-3;6;-3;6;-3;6;-2;6;-2;6;-2;6;-1;7;-1;7;-1;6;0;6;0;6;0;6;1;6;1;6;1;6;1;5;1;5;1;5;2;5;2;1;0;0;0;-1;-1;0;-1;0;-1;-2;1;-4;3;-11;8;-12;7;-13;6;-13;5;-14;4;-14;3;-14;2;-14;1;-14;0;-14;0;-14;-1;-14;-2;-13;-3;-13;-3;-12;-4;-12;-5;-11;-5;-10;-6;-9;-6;-9;-6;-8;-6;-7;-7;-6;-7;-5;-7;-5;-7;-4;-7;-3;-7;-2;-7;-109;0;28;-14;28;-14;26;-14;25;-14;24;-14;22;-14;21;-14;19;-14;18;-14;17;-14;16;-14;15;-15;14;-15;13;-15;12;-16;12;-16;11;-16;11;-16;11;-16;11;-16;10;-16;10;-15;10;-15;10;-15;10;-15;11;-14;11;-14;12;-13;4;-5;1;-2;-1;0;-2;0;-1;0;1;-1;5;-3;16;-8;17;-8;17;-7;18;-7;19;-7;19;-7;20;-7;21;-7;22;-7;23;-7;23;-7;24;-7;24;-7;25;-7;25;-7;26;-7;26;-7;26;-8;27;-8;27;-9;28;-10;28;-11;28;-11;29;-12;29;-12;30;-13;30;-13;30;-14,empty,EXP_S142,ZONE_02,entree_zone,4.1,entree_zone,entree dans la zone
548056951,-54,6,a0:9f:7a:73:2b:3e,384,-110;-96;8;0;-38;-4;-37;-4;-34;-5;-30;-4;-25;-1;-22;2;-19;5;-17;9;-16;13;-17;16;-18;18;-19;19;-20;19;-21;18;-20;16;-19;14;-17;12;-13;11;-9;10;-6;11;-3;12;-2;14;-1;17;0;19;-1;21;-1;5;0;0;0;0;0;0;0;0;0;0;0;0;0;0;0;0;0;0;-5;-7;-19;-26;-17;-29;-13;-33;-8;-34;-3;-33;0;-30;1;-26;0;-21;-3;-16;-7;-12;-13;-10;-19;-11;-25;-13;-29;-17;-31;-20;-31;-24;-30;-27;-28;-28;-26;-27;-24;-24;-23;-21;-23;-16;-24;-12;-27;-7;-30;-4;-33;-3;-114;0;-5;3;-6;3;-6;3;-6;3;-5;2;-5;1;-6;-1;-7;-2;-7;-2;-7;-2;-7;-2;-7;-2;-6;-3;-6;-4;-6;-4;-6;-5;-6;-5;-6;-5;-6;-4;-5;-5;-4;-5;-4;-5;-4;-6;-4;-6;-4;-6;-4;-5;-4;-5;-3;-5;-1;-2;-1;-1;0;0;-1;0;-1;0;1;-1;4;-2;12;-3;13;-3;13;-2;13;-1;13;0;13;1;12;3;12;4;12;5;12;6;12;6;11;6;10;7;9;7;8;8;7;8;6;9;6;9;5;8;4;8;3;7;1;7;0;7;0;8;-1;8;-1;7;-1;6;-2;6;-114;0;-32;-5;-31;-4;-30;-4;-29;-3;-28;-2;-27;-2;-26;-1;-25;0;-23;0;-22;1;-22;2;-21;3;-21;3;-21;4;-20;4;-20;4;-19;4;-19;5;-19;5;-19;5;-19;5;-18;4;-18;4;-18;4;-18;4;-18;3;-18;2;-18;2;-7;0;-2;0;0;-1;1;-1;0;0;-2;0;-7;0;-19;-1;-19;-1;-20;-1;-20;-2;-21;-2;-22;-3;-22;-3;-23;-4;-24;-4;-24;-5;-24;-5;-25;-5;-26;-6;-26;-6;-27;-7;-27;-7;-27;-7;-27;-7;-28;-6;-29;-6;-30;-6;-31;-6;-31;-6;-32;-6;-32;-5;-33;-5;-33;-5;-34;-5,empty,EXP_S142,ZONE_02,entree_zone,4.1,entree_zone,entree dans la zone
548258160,-54,6,a0:9f:7a:73:2b:3e,384,-110;-96;8;0;-8;37;-9;35;-9;32;-7;27;-5;24;-1;20;3;18;8;16;12;16;15;17;17;18;17;20;17;21;16;21;14;21;12;19;10;16;9;13;9;9;10;6;12;3;14;1;17;0;19;0;20;0;5;0;0;0;0;0;0;0;0;0;0;0;0;0;0;0;0;0;0;0;-7;3;-29;13;-32;10;-34;5;-35;1;-33;-4;-29;-6;-24;-7;-20;-5;-15;-1;-12;4;-11;10;-13;17;-16;22;-20;25;-25;27;-28;26;-31;25;-31;22;-30;20;-27;19;-23;18;-19;19;-14;21;-10;25;-7;29;-6;32;-112;0;2;5;2;5;1;5;0;5;-1;6;-2;5;-2;5;-3;5;-4;5;-4;5;-4;5;-5;5;-5;4;-6;4;-6;4;-6;3;-6;3;-7;3;-7;3;-7;2;-7;2;-7;2;-7;1;-7;1;-6;1;-6;1;-6;0;-6;0;-2;0;-1;-1;0;-1;-1;0;-1;0;-1;-2;0;-5;1;-14;2;-14;3;-14;4;-13;5;-13;6;-13;7;-12;8;-12;9;-11;9;-10;10;-10;10;-9;10;-8;10;-7;10;-6;10;-5;10;-4;10;-3;10;-2;9;-1;9;-1;8;0;8;1;8;1;7;2;6;3;6;3;5;4;-112;0;-15;27;-15;27;-14;26;-13;25;-12;24;-11;23;-10;23;-9;22;-8;21;-7;20;-6;20;-5;19;-4;19;-4;19;-3;19;-3;19;-3;19;-3;18;-3;18;-2;18;-2;18;-2;18;-2;17;-2;17;-3;17;-4;17;-4;17;-5;17;-2;6;-1;1;0;-1;0;-2;0;-1;-1;1;-2;6;-6;17;-7;17;-8;17;-8;17;-9;18;-10;18;-10;19;-11;19;-12;20;-12;20;-13;21;-13;21;-14;21;-14;21;-15;22;-15;22;-15;22;-15;23;-15;23;-15;24;-15;25;-16;25;-16;26;-16;27;-16;28;-16;28;-16;29;-16;29,empty,EXP_S142,ZONE_02,entree_zone,4.1,entree_zone,entree dans la zone
548452391,-54,6,a0:9f:7a:73:2b:3e,384,-110;-96;8;0;32;-19;31;-17;29;-16;25;-14;20;-13;16;-14;11;-15;7;-18;4;-20;3;-23;2;-26;3;-27;4;-27;6;-27;6;-25;6;-22;6;-20;4;-17;1;-14;-2;-13;-5;-13;-8;-13;-10;-14;-12;-16;-12;-18;-3;-5;0;0;0;0;0;0;0;0;0;0;0;0;0;0;0;0;0;0;7;2;28;9;29;14;27;18;24;22;20;24;16;23;12;21;10;16;10;10;12;5;15;0;20;-3;26;-5;31;-4;35;-2;37;1;38;4;37;6;35;7;32;6;29;3;26;-1;25;-5;25;-10;26;-15;27;-18;-114;0;1;-6;2;-7;2;-6;2;-6;3;-5;3;-4;4;-3;5;-3;6;-3;6;-3;6;-3;6;-2;5;-2;6;-1;6;0;7;0;7;0;6;0;6;0;6;1;5;1;5;1;5;2;5;2;5;1;5;1;4;1;4;1;1;0;0;0;-1;-1;0;-1;0;-1;-1;0;-4;2;-11;8;-11;7;-12;6;-12;6;-12;5;-12;4;-13;2;-13;1;-14;0;-14;0;-14;-1;-14;-1;-13;-2;-12;-3;-11;-4;-11;-5;-11;-5;-10;-5;-9;-5;-8;-5;-7;-6;-6;-6;-5;-7;-5;-7;-4;-7;-4;-7;-3;-7;-3;-6;-114;0;28;-13;28;-13;27;-13;25;-13;24;-13;23;-13;21;-13;20;-13;18;-13;17;-13;15;-14;15;-14;14;-14;14;-15;13;-15;13;-15;12;-15;12;-15;12;-15;12;-15;11;-15;11;-14;11;-14;11;-14;11;-14;12;-13;12;-13;13;-12;4;-5;1;-2;-1;0;-1;0;-1;0;1;-1;5;-4;16;-9;16;-9;16;-8;17;-8;18;-8;19;-8;20;-8;20;-8;21;-8;22;-8;22;-8;23;-8;24;-8;24;-8;25;-8;25;-8;25;-8;26;-8;26;-9;27;-9;27;-10;28;-10;28;-11;29;-12;29;-13;29;-13;29;-14;30;-14,empty,EXP_S142,ZONE_02,entree_zone,4.1,entree_zone,entree dans la zone
548652445,-54,6,a0:9f:7a:73:2b:3e,384,-110;-96;8;0;-6;37;-7;35;-7;32;-6;28;-3;24;0;20;4;18;8;16;12;16;15;16;17;17;18;19;18;20;16;21;14;20;12;19;10;16;9;13;9;9;10;6;12;4;14;1;16;0;19;0;20;1;5;0;0;0;0;0;0;0;0;0;0;0;0;0;0;0;0;0;0;0;-7;4;-26;17;-30;14;-33;10;-34;5;-33;1;-29;-2;-25;-3;-20;-2;-15;1;-12;6;-10;12;-11;18;-14;23;-17;27;-22;28;-25;28;-28;27;-29;25;-28;23;-26;21;-22;20;-17;21;-12;23;-8;25;-5;29;-4;32;-106;0;3;5;3;5;3;5;3;5;2;4;1;4;-1;5;-1;6;-2;6;-2;6;-2;6;-2;6;-3;5;-4;5;-5;5;-5;5;-5;5;-5;5;-5;5;-5;4;-5;3;-5;3;-6;3;-6;3;-6;3;-5;3;-5;2;-5;2;-2;0;-1;0;0;-1;0;0;-1;0;-1;-2;-2;-5;-3;-14;-2;-14;-2;-14;-1;-14;0;-14;1;-13;2;-13;4;-13;5;-13;6;-13;6;-13;6;-12;6;-11;7;-9;7;-8;8;-7;9;-7;9;-7;8;-6;8;-5;7;-4;7;-2;8;-1;8;-1;8;0;7;0;7;0;6;0;-106;0;-5;31;-4;30;-4;29;-3;28;-3;27;-2;26;-2;24;-1;23;0;22;1;21;2;21;2;20;3;20;3;19;3;19;4;18;4;18;4;18;4;18;4;18;4;17;4;17;4;17;4;17;3;17;3;17;2;17;1;17;0;6;-1;2;-1;-1;-1;-2;0;-1;0;2;0;6;0;18;-1;18;-1;18;-1;18;-2;19;-2;20;-3;21;-4;22;-4;22;-5;23;-5;23;-5;24;-5;25;-6;25;-6;25;-7;25;-7;26;-6;26;-6;27;-6;27;-6;28;-6;29;-6;30;-6;30;-5;31;-5;31;-4;32;-4;33,empty,EXP_S142,ZONE_02,entree_zone,4.1,entree_zone,entree dans la zone
548853090,-54,6,a0:9f:7a:73:2b:3e,384,-110;-96;8;0;-1;-38;0;-37;1;-33;0;-29;-2;-25;-5;-21;-8;-18;-12;-16;-15;-15;-18;-15;-20;-16;-21;-17;-21;-18;-20;-19;-18;-19;-16;-18;-14;-15;-13;-12;-12;-9;-12;-5;-13;-2;-15;0;-18;1;-20;1;-21;1;-6;0;0;0;0;0;0;0;0;0;0;0;0;0;0;0;0;0;0;0;5;-5;23;-20;27;-18;30;-15;32;-10;31;-6;29;-2;24;-1;19;-1;14;-4;10;-8;9;-14;9;-20;10;-25;14;-29;17;-32;20;-33;23;-31;24;-29;24;-27;21;-25;17;-24;13;-24;8;-25;4;-27;1;-30;-1;-33;-116;0;-5;-4;-6;-5;-6;-5;-5;-5;-4;-5;-3;-5;-2;-6;-1;-7;-1;-7;-1;-7;-1;-7;0;-7;0;-7;1;-7;2;-7;2;-7;2;-7;2;-7;2;-7;2;-6;3;-5;3;-5;4;-5;4;-5;4;-5;3;-5;3;-5;3;-4;1;-2;0;-1;-1;0;-1;-1;-1;-1;0;1;1;4;5;12;4;12;3;13;2;13;1;13;0;13;-1;12;-3;13;-4;13;-4;13;-5;13;-5;12;-5;11;-6;10;-7;9;-8;8;-8;8;-8;8;-8;7;-8;6;-7;4;-8;3;-8;2;-9;1;-9;1;-8;1;-8;0;-7;0;-116;0;-3;-32;-3;-31;-4;-30;-4;-29;-5;-28;-5;-27;-5;-25;-6;-24;-6;-22;-7;-21;-8;-20;-8;-20;-8;-19;-9;-19;-9;-19;-9;-18;-9;-18;-10;-17;-10;-17;-10;-17;-9;-17;-9;-17;-9;-16;-9;-16;-8;-16;-8;-17;-7;-17;-6;-17;-2;-7;-1;-2;0;0;0;1;0;0;-1;-2;-2;-7;-4;-18;-4;-19;-3;-19;-3;-20;-3;-20;-3;-21;-2;-22;-2;-23;-2;-23;-1;-24;-1;-25;-1;-25;-1;-26;0;-27;0;-27;0;-27;0;-28;0;-28;-1;-28;-1;-29;-2;-30;-2;-31;-2;-31;-2;-31;-3;-32;-3;-32;-3;-33;-4;-34,empty,EXP_S142,ZONE_02,entree_zone,4.1,entree_zone,entree dans la zone
549052259,-54,6,a0:9f:7a:73:2b:3e,384,-110;-96;8;0;20;-31;20;-29;19;-27;16;-24;13;-21;8;-19;3;-19;-2;-19;-5;-20;-7;-22;-9;-24;-9;-26;-8;-27;-7;-26;-5;-25;-4;-23;-3;-20;-4;-17;-5;-13;-8;-11;-10;-9;-13;-8;-15;-8;-17;-9;-18;-11;-5;-3;0;0;0;0;0;0;0;0;0;0;0;0;0;0;0;0;0;0;7;-1;30;-2;31;2;32;7;31;11;27;14;23;15;19;14;15;11;12;6;12;0;14;-6;17;-11;22;-14;27;-16;32;-16;35;-14;36;-12;36;-9;34;-8;31;-8;27;-9;24;-11;20;-15;18;-19;17;-24;17;-27;-118;0;-3;-7;-3;-7;-3;-7;-2;-7;-2;-6;0;-6;1;-6;2;-6;3;-7;3;-7;3;-7;3;-6;3;-5;4;-4;5;-4;6;-5;6;-5;6;-5;5;-4;5;-4;5;-3;5;-2;6;-2;6;-2;6;-3;5;-3;5;-2;4;-2;1;-1;0;-1;-1;0;0;-1;0;-1;-1;1;-1;4;-2;13;-3;13;-4;13;-4;13;-5;12;-6;11;-7;10;-8;10;-9;10;-10;10;-10;9;-10;9;-10;7;-10;6;-11;4;-11;3;-12;3;-12;3;-11;3;-10;2;-9;1;-8;-1;-9;-2;-9;-3;-9;-3;-8;-3;-7;-3;-6;-3;-118;0;13;-28;12;-28;12;-27;11;-26;10;-26;9;-25;8;-24;7;-23;6;-22;4;-21;3;-21;2;-21;2;-20;2;-20;2;-20;1;-20;1;-20;1;-19;1;-19;1;-19;1;-19;1;-19;1;-18;1;-18;1;-18;2;-17;3;-17;3;-17;1;-7;0;-2;-1;0;-1;1;-1;0;0;-2;1;-7;5;-18;5;-17;5;-17;6;-18;6;-18;7;-19;8;-20;9;-20;10;-21;10;-21;10;-22;11;-23;11;-23;12;-23;12;-23;13;-23;13;-23;13;-23;13;-24;13;-25;13;-26;13;-27;13;-27;13;-28;13;-29;12;-29;12;-30;12;-30,empty,EXP_S142,ZONE_02,entree_zone,4.1,entree_zone,entree dans la zone
549255261,-54,6,a0:9f:7a:73:2b:3e,384,-110;-96;8;0;-20;-32;-19;-31;-17;-29;-15;-25;-14;-21;-14;-16;-16;-11;-18;-8;-21;-5;-23;-3;-26;-3;-27;-3;-27;-4;-27;-5;-25;-6;-23;-6;-20;-5;-17;-4;-15;-1;-13;2;-13;5;-13;8;-14;10;-16;12;-17;12;-5;3;0;0;0;0;0;0;0;0;0;0;0;0;0;0;0;0;0;0;2;-8;10;-29;14;-29;19;-28;23;-25;25;-20;24;-16;21;-12;16;-10;11;-10;5;-12;0;-16;-3;-21;-4;-27;-4;-32;-2;-36;1;-38;4;-39;6;-38;7;-35;6;-32;4;-29;0;-27;-5;-26;-10;-25;-15;-26;-18;-27;-110;0;-7;-1;-7;-1;-7;-1;-7;-1;-6;-1;-5;-2;-4;-4;-4;-5;-5;-6;-5;-6;-5;-6;-4;-6;-3;-6;-2;-6;-2;-7;-2;-8;-2;-8;-3;-7;-2;-7;-2;-6;-1;-6;0;-6;0;-7;0;-7;0;-7;-1;-7;0;-6;0;-5;0;-2;0;-1;0;0;-1;-1;-1;-1;1;0;3;2;11;6;11;7;11;8;10;8;9;8;8;9;7;10;6;11;5;12;5;13;5;13;4;12;3;12;1;11;0;11;-1;11;-2;11;-2;11;-2;10;-2;9;-2;7;-4;6;-6;6;-7;6;-7;6;-6;5;-5;5;-5;3;-110;0;-21;-23;-21;-23;-21;-22;-20;-21;-20;-19;-20;-18;-19;-17;-19;-16;-18;-15;-18;-14;-18;-12;-18;-11;-18;-11;-18;-10;-18;-10;-18;-9;-18;-9;-18;-8;-18;-8;-18;-8;-18;-8;-17;-8;-17;-8;-16;-8;-16;-8;-16;-9;-15;-10;-15;-10;-6;-4;-2;-2;0;0;0;0;0;0;-2;-2;-5;-5;-14;-13;-14;-13;-14;-13;-14;-14;-14;-15;-14;-16;-15;-17;-15;-18;-15;-18;-15;-18;-15;-19;-16;-20;-16;-21;-16;-21;-16;-22;-15;-22;-16;-22;-16;-22;-17;-22;-18;-22;-19;-23;-19;-23;-20;-24;-20;-24;-21;-24;-22;-24;-22;-24;-22;-25,empty,EXP_S142,ZONE_02,entree_zone,4.1,entree_zone,entree dans la zone
549454033,-54,6,a0:9f:7a:73:2b:3e,384,-110;-96;8;0;-20;-32;-19;-31;-17;-29;-15;-25;-14;-21;-15;-16;-16;-11;-18;-7;-21;-4;-23;-3;-26;-2;-27;-2;-28;-3;-27;-4;-25;-5;-23;-5;-20;-4;-17;-3;-14;0;-13;3;-12;6;-12;9;-13;12;-14;13;-16;14;-4;3;0;0;0;0;0;0;0;0;0;0;0;0;0;0;0;0;0;0;3;-7;14;-28;18;-28;23;-26;26;-22;27;-18;26;-14;23;-10;18;-8;12;-9;6;-11;1;-15;-2;-21;-3;-27;-2;-32;0;-36;3;-39;6;-39;8;-38;8;-36;8;-33;5;-30;1;-27;-4;-26;-9;-26;-14;-27;-17;-28;-108;0;-7;-2;-7;-2;-6;-3;-6;-3;-5;-3;-4;-4;-4;-5;-3;-6;-3;-6;-3;-7;-3;-7;-3;-6;-2;-7;-1;-7;-1;-7;0;-8;-1;-8;-1;-8;0;-7;0;-7;1;-7;1;-7;1;-7;1;-7;1;-7;1;-6;1;-6;1;-6;0;-2;0;-1;-1;0;-1;-1;-1;-1;0;0;3;3;8;10;8;11;7;12;6;12;5;12;4;12;3;13;2;13;1;13;0;14;0;14;0;13;-1;12;-2;12;-4;11;-5;11;-5;10;-5;10;-5;9;-5;8;-5;7;-6;6;-7;5;-7;5;-7;4;-7;4;-6;3;-6;3;-108;0;-14;-29;-14;-28;-14;-27;-14;-25;-14;-24;-14;-23;-14;-21;-14;-20;-14;-19;-14;-17;-14;-16;-15;-15;-15;-15;-15;-14;-15;-13;-16;-13;-16;-12;-16;-12;-16;-12;-16;-11;-16;-11;-15;-11;-15;-11;-15;-11;-15;-11;-14;-12;-14;-12;-13;-13;-5;-5;-2;-2;0;0;0;1;0;0;-1;-2;-3;-6;-8;-17;-8;-17;-8;-18;-8;-18;-8;-19;-8;-20;-8;-21;-8;-22;-8;-22;-8;-23;-8;-24;-8;-24;-8;-25;-7;-25;-7;-26;-7;-26;-8;-26;-8;-26;-9;-27;-10;-27;-11;-28;-12;-28;-12;-29;-13;-29;-13;-29;-13;-30;-14;-30;-14;-31,empty,EXP_S142,ZONE_02,entree_zone,4.1,entree_zone,entree dans la zone
549652348,-54,6,a0:9f:7a:73:2b:3e,384,-110;-96;8;0;26;-28;26;-27;24;-24;20;-22;16;-20;11;-19;6;-19;2;-20;-2;-22;-5;-24;-6;-26;-6;-27;-5;-28;-4;-28;-3;-26;-2;-24;-2;-21;-3;-17;-5;-14;-7;-12;-10;-10;-13;-9;-16;-9;-18;-10;-19;-12;-5;-3;0;0;0;0;0;0;0;0;0;0;0;0;0;0;0;0;0;0;7;1;31;7;32;12;31;17;28;22;24;24;19;24;15;22;12;17;10;11;11;4;14;-2;19;-6;25;-9;31;-10;36;-9;39;-6;40;-4;40;-1;38;0;35;0;31;-2;27;-5;24;-10;23;-15;22;-20;23;-24;-104;0;-1;-6;-1;-7;-1;-7;0;-7;1;-6;2;-5;3;-5;4;-5;4;-5;4;-5;4;-5;4;-4;5;-3;5;-3;6;-2;6;-2;7;-2;6;-2;6;-2;6;-2;6;-1;6;-1;6;0;6;0;6;0;6;0;5;0;5;0;1;0;0;0;-1;0;0;-1;0;-1;-1;1;-4;4;-9;11;-10;11;-11;10;-12;10;-12;9;-13;8;-13;7;-14;6;-15;5;-15;4;-15;4;-15;3;-14;2;-14;1;-13;0;-13;-1;-13;-2;-13;-2;-12;-2;-11;-2;-10;-3;-9;-4;-8;-4;-8;-5;-8;-6;-7;-6;-6;-6;-5;-5;-104;0;24;-22;23;-21;22;-21;21;-21;19;-20;18;-20;17;-20;15;-19;14;-19;13;-19;11;-18;10;-19;9;-19;9;-19;8;-19;7;-19;7;-19;6;-19;6;-19;6;-19;6;-18;6;-18;5;-18;5;-18;6;-17;6;-17;7;-17;7;-17;2;-6;1;-2;-1;0;-1;0;-1;0;1;-2;5;-5;15;-12;15;-12;15;-12;16;-12;17;-12;17;-12;18;-13;19;-13;20;-13;21;-13;21;-13;22;-14;22;-14;23;-14;23;-14;24;-14;24;-14;24;-15;24;-16;24;-17;24;-17;25;-18;25;-19;25;-20;25;-21;25;-21;25;-22;26;-23,empty,EXP_S142,ZONE_02,entree_zone,4.1,entree_zone,entree dans la zone
549852360,-54,6,a0:9f:7a:73:2b:3e,384,-110;-96;8;0;-31;-16;-29;-16;-27;-15;-24;-13;-21;-10;-19;-6;-18;-2;-18;2;-18;6;-20;8;-21;10;-22;10;-23;10;-23;9;-22;7;-20;6;-17;6;-14;6;-11;7;-8;8;-6;10;-5;13;-4;15;-5;17;-5;18;-2;4;0;0;0;0;0;0;0;0;0;0;0;0;0;0;0;0;0;0;-1;-8;-2;-29;2;-31;7;-32;12;-31;15;-28;16;-24;15;-19;12;-15;7;-13;1;-12;-5;-13;-10;-16;-14;-20;-16;-25;-16;-29;-15;-33;-13;-34;-11;-35;-10;-33;-9;-31;-10;-27;-11;-23;-14;-20;-18;-17;-22;-15;-26;-14;-111;0;-5;2;-5;1;-5;1;-5;1;-5;0;-5;-1;-5;-2;-5;-3;-5;-3;-5;-4;-5;-4;-5;-4;-4;-4;-4;-5;-4;-5;-4;-6;-4;-6;-4;-6;-4;-6;-3;-6;-3;-6;-2;-6;-2;-6;-2;-6;-2;-6;-2;-6;-2;-5;-2;-5;-1;-2;-1;-1;0;0;-1;-1;-1;-1;1;0;4;1;12;4;12;4;12;5;12;6;11;6;10;7;10;8;9;9;9;10;8;10;8;10;7;10;6;10;5;10;3;10;3;10;2;10;2;10;2;10;1;9;0;8;-1;7;-2;7;-2;7;-3;7;-3;6;-2;6;-2;5;-111;0;-25;-15;-25;-15;-24;-14;-23;-13;-23;-12;-22;-11;-21;-10;-21;-9;-20;-7;-20;-6;-19;-5;-19;-4;-19;-4;-19;-3;-18;-3;-18;-2;-18;-2;-18;-1;-18;-1;-18;-1;-17;-1;-17;-1;-17;-1;-17;-1;-17;-1;-16;-2;-16;-2;-16;-3;-6;-1;-2;-1;0;0;0;0;0;0;-2;-1;-6;-4;-15;-10;-15;-10;-14;-11;-15;-11;-15;-12;-16;-13;-16;-13;-16;-14;-17;-15;-17;-15;-17;-15;-18;-16;-18;-16;-18;-17;-19;-17;-18;-17;-19;-17;-19;-17;-20;-17;-21;-17;-22;-17;-23;-17;-24;-17;-24;-17;-25;-17;-26;-16;-26;-16;-26;-16,empty,EXP_S142,ZONE_02,entree_zone,4.1,entree_zone,entree dans la zone
550061280,-54,6,a0:9f:7a:73:2b:3e,384,-110;-96;8;0;-35;-4;-34;-4;-31;-4;-28;-3;-24;-1;-20;2;-17;6;-15;9;-14;13;-14;16;-15;18;-16;19;-17;19;-17;18;-17;17;-15;15;-13;13;-10;11;-7;11;-3;11;0;11;2;13;3;15;4;17;4;19;1;4;0;0;0;0;0;0;0;0;0;0;0;0;0;0;0;0;0;0;-3;-7;-11;-29;-8;-32;-3;-35;2;-36;6;-34;9;-30;9;-25;8;-20;4;-15;-1;-12;-7;-11;-14;-12;-20;-15;-24;-19;-26;-23;-26;-26;-25;-29;-24;-30;-21;-30;-20;-27;-19;-24;-19;-19;-20;-15;-23;-10;-27;-7;-30;-5;-109;0;-4;4;-4;4;-4;3;-5;3;-5;2;-5;1;-5;0;-6;-1;-6;-1;-6;-1;-6;-2;-6;-2;-6;-3;-6;-3;-6;-4;-6;-4;-6;-4;-6;-5;-6;-4;-5;-5;-5;-5;-5;-5;-4;-5;-4;-5;-4;-5;-4;-5;-4;-5;-3;-5;-2;-2;-1;-1;0;0;-1;0;-1;0;1;-1;4;-2;13;-4;14;-3;14;-2;14;-1;14;0;14;1;13;2;13;3;13;4;13;5;13;6;12;6;11;7;10;7;9;8;8;8;7;9;7;8;6;8;5;8;4;7;3;7;2;7;1;7;1;7;0;7;0;6;-1;6;-109;0;-29;-5;-29;-5;-28;-4;-27;-4;-26;-3;-25;-2;-24;-1;-23;0;-21;0;-20;1;-20;2;-19;3;-19;3;-19;4;-18;4;-18;4;-18;5;-17;5;-17;5;-17;5;-17;5;-16;5;-16;5;-16;5;-16;5;-16;4;-16;3;-16;3;-6;1;-2;0;0;-1;1;0;0;0;-2;-1;-7;-1;-19;-3;-19;-3;-19;-4;-19;-4;-20;-5;-20;-5;-21;-6;-21;-6;-22;-7;-23;-7;-23;-7;-24;-8;-24;-8;-24;-8;-24;-9;-24;-9;-25;-9;-25;-8;-26;-8;-26;-7;-27;-7;-28;-7;-29;-7;-29;-6;-30;-6;-30;-6;-31;-6;-31;-6,empty,EXP_S142,ZONE_02,entree_zone,4.1,entree_zone,entree dans la zone
550252425,-54,6,a0:9f:7a:73:2b:3e,384,-110;-96;8;0;-25;26;-24;24;-22;22;-19;20;-15;19;-11;18;-6;18;-2;19;1;20;3;22;4;24;4;25;3;26;2;25;1;24;1;21;1;18;2;15;4;12;6;10;9;8;12;7;14;7;16;9;17;10;4;2;0;0;0;0;0;0;0;0;0;0;0;0;0;0;0;0;0;0;-8;-1;-31;-5;-33;-9;-33;-15;-31;-20;-27;-23;-23;-24;-18;-22;-15;-18;-12;-12;-12;-6;-14;0;-18;5;-23;8;-29;10;-34;9;-38;8;-39;5;-39;3;-38;2;-35;2;-32;3;-29;5;-25;9;-23;13;-23;18;-23;21;-108;0;0;4;0;4;-1;4;-2;4;-2;3;-3;3;-4;3;-5;2;-5;2;-6;2;-6;2;-6;2;-6;1;-6;1;-7;0;-7;0;-7;0;-7;0;-7;0;-7;-1;-7;-1;-7;-1;-7;-1;-7;-1;-7;-1;-6;-1;-6;-2;-6;-2;-2;-1;-1;-1;0;0;-1;0;-1;0;0;-2;3;-4;9;-11;10;-11;10;-10;11;-10;12;-9;12;-8;12;-7;13;-6;13;-5;14;-5;14;-4;13;-3;13;-2;12;-2;12;-1;11;0;11;1;10;1;10;1;9;2;8;2;7;2;7;3;6;3;5;4;5;4;4;4;3;3;-108;0;-27;17;-26;16;-25;16;-23;16;-22;16;-20;16;-19;16;-17;16;-16;16;-14;16;-13;16;-12;16;-12;16;-11;16;-10;16;-10;16;-9;16;-9;16;-8;16;-8;16;-8;16;-7;15;-7;15;-7;15;-8;15;-8;15;-9;14;-9;14;-4;5;-2;1;0;-1;1;-1;0;-1;-2;1;-6;3;-17;9;-18;8;-18;8;-19;8;-19;8;-20;8;-21;8;-22;8;-22;9;-23;9;-24;9;-24;9;-25;9;-25;9;-26;9;-26;9;-26;9;-26;10;-26;11;-26;11;-27;12;-27;13;-28;14;-28;15;-28;15;-28;16;-28;17;-28;17,empty,EXP_S142,ZONE_02,entree_zone,4.1,entree_zone,entree dans la zone
550452462,-54,6,a0:9f:7a:73:2b:3e,384,-110;-96;8;0;5;-36;5;-34;5;-31;3;-28;1;-24;-2;-21;-6;-19;-10;-18;-13;-17;-16;-18;-17;-19;-18;-20;-17;-22;-15;-22;-13;-21;-11;-19;-10;-16;-9;-13;-9;-9;-11;-6;-12;-4;-14;-2;-17;-1;-19;-1;-21;-2;-6;-1;0;0;0;0;0;0;0;0;0;0;0;0;0;0;0;0;0;0;5;-5;23;-19;27;-17;31;-14;33;-10;33;-5;31;-1;27;1;22;1;17;-1;13;-5;10;-11;10;-17;12;-22;15;-26;19;-29;22;-30;24;-29;25;-28;25;-26;24;-24;21;-23;17;-24;13;-25;9;-27;6;-30;5;-32;-115;0;-3;-4;-2;-5;-2;-5;-1;-5;0;-5;1;-5;1;-5;2;-5;2;-6;3;-6;3;-6;3;-5;3;-5;4;-5;4;-5;5;-5;5;-5;5;-5;5;-4;5;-4;5;-4;5;-3;5;-3;5;-3;5;-3;5;-3;5;-3;5;-2;1;-1;0;-1;-1;0;0;-1;0;-1;0;1;-1;4;-1;13;-2;13;-3;13;-4;12;-5;12;-5;12;-6;11;-7;11;-8;10;-9;10;-9;9;-9;9;-9;8;-9;7;-9;6;-10;5;-10;5;-9;4;-9;4;-8;3;-8;2;-7;1;-7;0;-7;0;-7;-1;-6;-1;-6;-2;-5;-2;-115;0;11;-29;10;-29;10;-28;9;-27;7;-26;6;-25;5;-24;5;-23;4;-22;2;-22;1;-21;0;-20;-1;-20;-1;-20;-1;-19;-2;-19;-2;-19;-2;-19;-3;-18;-3;-18;-3;-18;-3;-18;-3;-17;-3;-17;-3;-17;-3;-17;-2;-17;-1;-17;-1;-6;0;-2;0;0;-1;1;-1;0;0;-2;2;-7;6;-18;7;-18;8;-18;9;-18;9;-19;10;-19;10;-20;11;-20;12;-21;12;-22;12;-22;13;-22;13;-23;13;-23;14;-23;14;-23;14;-23;14;-24;14;-25;13;-26;13;-26;13;-27;13;-28;13;-29;12;-29;12;-30;12;-31;12;-31,empty,EXP_S142,ZONE_02,entree_zone,4.1,entree_zone,entree dans la zone
550652361,-54,6,a0:9f:7a:73:2b:3e,384,-110;-96;8;0;-33;-5;-31;-6;-29;-5;-25;-4;-22;-2;-19;1;-17;4;-16;8;-15;11;-16;14;-17;16;-18;16;-19;15;-20;14;-19;12;-17;10;-15;8;-12;8;-9;8;-5;9;-3;10;-1;12;0;14;0;16;0;18;-1;4;0;0;0;0;0;0;0;0;0;0;0;0;0;0;0;0;0;0;-5;-6;-16;-23;-14;-26;-11;-30;-7;-32;-3;-31;0;-29;2;-25;1;-21;-1;-16;-5;-13;-10;-11;-15;-11;-20;-12;-24;-15;-26;-19;-27;-22;-26;-24;-25;-25;-23;-25;-22;-23;-21;-20;-21;-17;-22;-13;-25;-9;-27;-6;-30;-5;-104;0;-4;1;-4;1;-5;1;-5;0;-5;0;-5;-1;-5;-2;-5;-2;-6;-3;-6;-3;-6;-3;-6;-3;-5;-4;-5;-4;-5;-5;-5;-5;-5;-5;-5;-5;-5;-5;-5;-5;-4;-5;-4;-5;-4;-5;-4;-5;-4;-5;-4;-5;-3;-5;-3;-5;-1;-2;-1;-1;0;0;-1;-1;-1;-1;1;0;4;0;11;1;11;2;11;3;11;3;10;4;10;5;10;5;9;6;9;6;9;7;8;7;8;7;7;7;6;7;5;7;4;8;4;8;3;8;3;7;2;7;2;6;1;6;0;6;0;5;-1;5;-1;4;-2;4;-2;3;-104;0;-27;-10;-27;-10;-26;-9;-25;-8;-24;-7;-23;-6;-23;-5;-22;-4;-21;-3;-20;-2;-19;-1;-19;0;-18;1;-18;1;-18;2;-17;2;-17;2;-17;3;-16;3;-16;3;-16;3;-15;3;-15;4;-15;4;-15;3;-15;3;-15;3;-15;2;-6;0;-2;0;0;-1;0;0;0;0;-2;-1;-6;-3;-16;-8;-16;-9;-16;-9;-16;-10;-16;-10;-17;-11;-17;-11;-18;-12;-18;-12;-19;-13;-19;-13;-20;-13;-20;-14;-20;-14;-21;-14;-21;-14;-21;-14;-21;-14;-22;-14;-23;-13;-24;-13;-25;-13;-26;-13;-26;-12;-27;-12;-28;-12;-28;-11;-28;-11,empty,EXP_S142,ZONE_02,entree_zone,4.1,entree_zone,entree dans la zone
550852103,-54,6,a0:9f:7a:73:2b:3e,384,-110;-96;8;0;-35;-1;-34;-1;-31;-2;-27;-1;-24;1;-20;3;-17;7;-15;11;-14;14;-15;16;-16;18;-17;19;-18;18;-18;17;-18;15;-17;13;-14;11;-11;9;-8;9;-4;9;-1;10;1;12;2;15;2;17;2;19;0;4;0;0;0;0;0;0;0;0;0;0;0;0;0;0;0;0;0;0;-6;-5;-21;-21;-20;-25;-17;-30;-13;-32;-9;-33;-5;-31;-2;-28;-2;-23;-3;-18;-6;-14;-11;-11;-17;-9;-23;-10;-27;-12;-30;-15;-31;-18;-32;-21;-30;-23;-29;-23;-27;-22;-25;-19;-25;-15;-26;-11;-27;-7;-30;-4;-32;-2;-107;0;-3;3;-3;3;-4;3;-4;3;-4;2;-5;1;-5;0;-6;0;-6;0;-7;0;-7;0;-7;-1;-7;-1;-7;-2;-7;-2;-7;-3;-7;-3;-7;-3;-7;-3;-6;-3;-6;-3;-6;-4;-6;-4;-6;-4;-6;-4;-6;-4;-5;-4;-5;-4;-2;-2;-1;-1;0;0;-1;0;-1;0;1;-1;3;-3;11;-7;11;-6;12;-6;12;-5;12;-4;12;-3;12;-2;12;-1;13;0;13;1;13;1;12;1;11;2;10;3;9;3;9;4;8;4;8;4;8;4;7;4;6;4;4;4;3;5;3;5;2;5;2;5;1;4;1;4;-107;0;-30;4;-30;4;-29;4;-28;5;-26;5;-25;6;-24;6;-22;7;-21;7;-20;8;-19;8;-18;9;-17;9;-16;9;-16;9;-15;9;-15;10;-14;10;-14;10;-14;10;-13;10;-13;10;-13;10;-12;10;-12;10;-13;9;-13;9;-14;8;-5;3;-2;0;0;-1;1;-1;0;-1;-2;0;-7;1;-19;2;-19;2;-19;1;-20;1;-20;0;-21;0;-22;0;-23;0;-24;-1;-24;-1;-25;-1;-25;-1;-26;-1;-26;-1;-27;-1;-27;-1;-27;-1;-27;-1;-28;0;-28;0;-29;1;-30;1;-31;2;-31;2;-31;3;-32;4;-32;4;-32;4,empty,EXP_S142,ZONE_02,entree_zone,4.1,entree_zone,entree dans la zone
551056967,-54,6,a0:9f:7a:73:2b:3e,384,-110;-96;8;0;-22;-27;-21;-26;-19;-24;-17;-21;-16;-16;-16;-12;-17;-8;-19;-5;-21;-2;-23;0;-25;0;-26;-1;-26;-2;-25;-3;-23;-4;-20;-4;-17;-4;-14;-2;-12;0;-10;3;-10;6;-10;9;-11;12;-13;13;-14;14;-4;3;0;0;0;0;0;0;0;0;0;0;0;0;0;0;0;0;0;0;-1;-8;1;-30;4;-31;10;-32;14;-30;17;-28;19;-23;18;-19;15;-16;10;-14;5;-13;-1;-15;-5;-18;-8;-23;-9;-28;-9;-32;-7;-35;-5;-37;-4;-37;-2;-35;-2;-33;-3;-30;-6;-28;-9;-26;-13;-25;-17;-24;-20;-25;-115;0;-5;-2;-5;-2;-5;-2;-4;-3;-4;-3;-3;-4;-3;-5;-3;-6;-3;-6;-3;-7;-3;-7;-2;-7;-2;-7;-1;-7;-1;-7;-1;-8;-1;-8;-1;-8;0;-7;0;-7;1;-7;1;-7;1;-7;1;-7;1;-7;1;-6;1;-6;1;-6;0;-2;0;-1;-1;0;-1;-1;-1;-1;1;0;4;2;11;5;10;6;10;7;10;8;9;9;8;9;7;10;6;10;5;11;5;11;4;11;4;11;3;10;2;10;1;10;0;10;-1;10;-1;9;-1;9;-2;8;-2;7;-3;6;-3;5;-4;5;-4;4;-4;4;-4;3;-4;2;-115;0;-17;-25;-17;-24;-17;-23;-17;-22;-16;-21;-16;-20;-16;-18;-15;-17;-15;-16;-15;-15;-15;-13;-16;-12;-16;-12;-16;-11;-15;-10;-15;-10;-15;-10;-15;-9;-15;-9;-15;-9;-15;-9;-15;-8;-14;-8;-14;-8;-14;-8;-14;-8;-14;-9;-14;-10;-5;-4;-2;-2;0;0;0;0;0;0;-2;-2;-5;-5;-12;-14;-12;-15;-12;-15;-12;-16;-12;-17;-12;-17;-12;-18;-12;-19;-12;-20;-12;-20;-12;-21;-12;-21;-13;-22;-13;-23;-13;-23;-13;-23;-13;-23;-13;-24;-13;-24;-14;-24;-15;-25;-15;-25;-16;-25;-16;-26;-17;-26;-18;-26;-18;-26;-19;-27,empty,EXP_S142,ZONE_02,entree_zone,4.1,entree_zone,entree dans la zone
551254626,-54,6,a0:9f:7a:73:2b:3e,384,-110;-96;8;0;-25;23;-24;22;-22;20;-19;18;-15;17;-11;16;-7;17;-3;18;0;20;1;22;1;24;1;25;0;25;-2;24;-3;22;-3;20;-2;17;-1;14;2;11;5;10;7;8;10;9;12;10;14;11;14;13;3;3;0;0;0;0;0;0;0;0;0;0;0;0;0;0;0;0;0;0;-8;0;-30;0;-32;-4;-33;-9;-32;-14;-29;-17;-25;-18;-21;-17;-17;-14;-14;-10;-14;-4;-15;1;-18;6;-23;9;-28;11;-32;11;-35;9;-37;7;-37;5;-36;4;-33;4;-30;5;-27;7;-25;10;-24;14;-23;18;-23;20;-108;0;-1;4;-1;4;-1;4;-1;4;-2;3;-3;2;-4;2;-5;2;-6;3;-6;3;-6;3;-6;2;-6;2;-7;1;-7;1;-8;1;-8;1;-7;1;-7;1;-6;0;-6;-1;-6;-1;-7;-1;-7;-1;-7;-1;-6;0;-6;-1;-6;-1;-2;-1;-1;-1;0;-1;-1;0;-1;0;0;-2;1;-5;3;-13;4;-13;5;-13;6;-13;6;-12;7;-11;8;-10;9;-9;10;-9;11;-9;11;-8;11;-8;10;-7;9;-6;10;-4;10;-3;10;-2;10;-2;9;-2;8;-2;6;-1;5;0;5;2;5;2;5;3;5;2;4;2;3;1;-108;0;-20;22;-20;21;-19;21;-18;21;-17;20;-16;19;-14;19;-13;18;-12;18;-10;17;-9;17;-9;17;-8;17;-7;17;-7;17;-6;16;-6;16;-5;16;-5;16;-5;16;-5;16;-5;15;-5;15;-5;15;-5;15;-5;15;-6;15;-6;15;-3;5;-1;1;0;-1;0;-1;0;-1;-2;1;-4;5;-11;14;-12;14;-12;14;-13;14;-13;14;-14;15;-15;15;-16;15;-17;15;-17;15;-18;15;-18;16;-19;16;-20;16;-20;16;-20;16;-20;17;-20;17;-20;18;-20;19;-21;19;-21;20;-22;21;-22;21;-21;22;-21;22;-21;23;-22;23,empty,EXP_S142,ZONE_02,entree_zone,4.1,entree_zone,entree dans la zone
551454409,-54,6,a0:9f:7a:73:2b:3e,384,-110;-96;8;0;16;-31;15;-30;14;-27;11;-25;8;-22;4;-21;0;-20;-4;-20;-7;-21;-9;-22;-11;-23;-11;-24;-9;-25;-8;-25;-7;-23;-6;-21;-5;-18;-6;-15;-7;-12;-9;-10;-12;-8;-14;-7;-16;-6;-18;-7;-19;-9;-5;-3;0;0;0;0;0;0;0;0;0;0;0;0;0;0;0;0;0;0;6;-3;28;-9;31;-5;33;-1;33;4;31;8;27;10;22;10;18;8;15;4;13;-1;13;-7;15;-12;18;-17;23;-20;27;-20;30;-20;32;-18;33;-16;32;-14;30;-13;27;-13;23;-15;19;-18;16;-21;15;-25;14;-28;-111;0;-1;-4;-1;-5;-1;-5;0;-5;1;-5;1;-4;2;-4;3;-4;3;-4;4;-4;4;-4;4;-4;4;-3;5;-3;5;-3;6;-3;6;-3;5;-3;5;-2;5;-2;5;-2;5;-2;5;-2;5;-2;5;-2;5;-1;4;-1;4;-1;1;-1;0;0;-1;0;0;-1;0;-1;-1;1;-3;4;-7;11;-8;10;-9;10;-9;10;-10;9;-10;8;-10;8;-11;7;-12;6;-12;6;-12;5;-12;5;-12;4;-11;3;-11;2;-11;1;-11;0;-11;0;-10;0;-9;-1;-9;-1;-8;-2;-7;-3;-7;-3;-6;-3;-6;-3;-5;-3;-5;-3;-111;0;19;-24;18;-24;17;-24;15;-23;14;-23;13;-22;12;-21;10;-21;9;-20;7;-20;6;-19;5;-19;4;-19;4;-19;3;-19;3;-19;2;-19;2;-19;2;-19;1;-19;1;-18;1;-18;1;-18;1;-18;1;-17;1;-17;2;-17;3;-17;1;-7;0;-2;-1;0;-1;0;-1;0;1;-2;4;-5;13;-13;13;-13;13;-13;14;-13;14;-13;15;-13;16;-14;16;-14;17;-15;18;-15;18;-15;19;-16;19;-16;20;-16;20;-16;20;-16;20;-17;20;-17;20;-18;20;-19;20;-20;20;-21;20;-22;20;-22;20;-23;20;-24;20;-25;20;-25,empty,EXP_S142,ZONE_02,entree_zone,4.1,entree_zone,entree dans la zone
551653980,-54,6,a0:9f:7a:73:2b:3e,384,-110;-96;8;0;31;-11;30;-10;28;-9;25;-8;21;-8;17;-10;13;-12;10;-14;8;-17;7;-20;7;-22;7;-23;8;-23;9;-23;10;-21;10;-19;9;-17;6;-14;4;-13;1;-12;-2;-12;-5;-12;-7;-14;-8;-15;-8;-17;-2;-5;0;0;0;0;0;0;0;0;0;0;0;0;0;0;0;0;0;0;5;3;22;16;21;20;19;24;15;26;11;27;8;25;5;22;4;17;5;12;8;8;12;5;18;3;23;3;28;4;31;7;32;9;32;12;31;14;29;14;27;13;25;10;23;6;23;2;23;-3;25;-7;27;-9;-117;0;1;-6;2;-6;2;-6;2;-6;2;-5;2;-4;3;-3;4;-2;5;-2;5;-3;5;-3;5;-2;5;-2;5;-1;5;0;6;0;6;0;6;0;5;0;5;0;4;1;4;1;4;2;5;2;5;1;5;1;4;1;4;1;1;0;0;0;-1;-1;0;-1;0;-1;-1;0;-4;2;-10;7;-11;6;-11;6;-12;5;-12;4;-12;3;-12;2;-13;1;-13;0;-13;-1;-13;-1;-13;-1;-12;-2;-11;-3;-10;-4;-10;-5;-10;-5;-10;-5;-9;-5;-8;-5;-7;-5;-5;-6;-5;-7;-4;-7;-4;-7;-4;-7;-3;-6;-3;-6;-117;0;26;-10;25;-10;24;-10;23;-11;22;-11;21;-11;20;-11;18;-11;17;-11;16;-11;15;-11;14;-12;14;-12;13;-12;13;-12;12;-12;12;-12;11;-12;11;-13;11;-12;11;-12;11;-12;11;-12;10;-12;10;-11;11;-11;11;-10;12;-10;4;-4;1;-1;-1;0;-1;0;-1;0;1;-1;5;-3;15;-7;15;-7;16;-6;16;-6;17;-6;18;-6;18;-6;19;-6;20;-6;20;-6;21;-6;21;-6;22;-6;22;-5;23;-5;23;-5;23;-5;23;-6;24;-6;24;-7;25;-7;25;-8;26;-8;26;-9;26;-9;27;-10;27;-11;27;-11,empty,EXP_S142,ZONE_02,entree_zone,4.1,entree_zone,entree dans la zone
551854407,-54,6,a0:9f:7a:73:2b:3e,384,-110;-96;8;0;-37;-5;-35;-5;-31;-5;-27;-4;-23;-1;-20;2;-17;6;-15;10;-15;14;-16;17;-17;19;-19;19;-20;19;-21;17;-20;15;-19;12;-16;10;-12;9;-8;8;-5;9;-1;11;1;13;2;16;2;18;1;20;0;5;0;0;0;0;0;0;0;0;0;0;0;0;0;0;0;0;0;0;-5;-6;-17;-25;-15;-29;-12;-32;-7;-34;-3;-33;0;-31;2;-27;1;-22;-1;-17;-6;-13;-11;-11;-17;-11;-22;-13;-26;-16;-28;-20;-29;-23;-28;-25;-26;-26;-25;-26;-23;-23;-22;-20;-23;-16;-24;-11;-27;-8;-30;-5;-33;-3;-110;0;-6;1;-6;1;-6;1;-6;0;-6;-1;-6;-2;-6;-3;-7;-3;-7;-4;-7;-4;-7;-4;-7;-5;-6;-5;-6;-5;-6;-6;-6;-6;-6;-6;-6;-6;-5;-6;-5;-7;-4;-7;-4;-7;-4;-7;-4;-7;-3;-7;-3;-6;-3;-6;-3;-6;-1;-3;-1;-1;0;0;-1;0;-1;-1;1;-1;4;-1;12;-1;12;0;12;1;12;2;12;3;11;4;11;5;11;6;10;7;10;7;9;8;9;8;8;8;7;8;6;8;5;8;4;8;3;8;3;8;2;8;1;7;0;7;-1;6;-2;6;-2;6;-3;5;-3;4;-3;4;-110;0;-29;-11;-29;-10;-28;-9;-27;-9;-26;-8;-25;-7;-24;-6;-23;-5;-22;-3;-21;-2;-21;-1;-20;-1;-20;0;-20;0;-19;1;-19;1;-19;2;-18;2;-18;2;-18;2;-17;2;-17;2;-17;2;-17;2;-17;2;-17;2;-17;1;-17;1;-6;0;-2;0;0;-1;1;0;0;0;-2;-1;-7;-3;-18;-7;-18;-8;-18;-8;-18;-9;-19;-9;-19;-10;-20;-10;-20;-11;-21;-12;-21;-12;-21;-13;-22;-13;-22;-13;-23;-14;-23;-14;-23;-14;-23;-14;-24;-14;-24;-13;-25;-13;-26;-13;-27;-13;-28;-13;-29;-12;-29;-12;-30;-12;-30;-12;-31;-11,empty,EXP_S142,ZONE_02,entree_zone,4.1,entree_zone,entree dans la zone
552054638,-54,6,a0:9f:7a:73:2b:3e,384,-110;-96;8;0;-28;24;-27;22;-26;20;-23;18;-18;16;-14;16;-9;16;-5;18;-2;20;-1;22;0;24;0;25;-1;26;-2;25;-3;24;-3;22;-3;19;-2;16;0;13;3;12;6;11;8;11;10;11;12;13;12;14;3;3;0;0;0;0;0;0;0;0;0;0;0;0;0;0;0;0;0;0;-8;-1;-31;-4;-32;-8;-32;-13;-30;-18;-27;-21;-22;-21;-18;-20;-15;-16;-13;-10;-13;-5;-16;1;-20;5;-25;8;-30;8;-34;7;-37;5;-39;3;-38;1;-36;-1;-33;0;-30;1;-27;4;-25;8;-23;13;-23;17;-24;20;-105;0;-1;6;-1;6;-1;6;-1;6;-1;5;-2;4;-4;3;-5;3;-6;4;-6;4;-5;4;-5;3;-5;2;-6;1;-7;1;-7;1;-7;1;-7;1;-6;1;-6;0;-5;0;-6;-1;-6;-1;-6;-1;-6;0;-6;0;-5;0;-5;-1;-2;-1;-1;-1;0;-1;-1;0;-1;0;0;-2;1;-5;5;-12;5;-13;6;-13;7;-12;7;-11;8;-10;9;-9;10;-8;11;-8;12;-7;12;-7;12;-7;11;-5;10;-4;10;-2;11;-1;11;-1;11;0;10;0;9;0;7;1;6;2;6;4;6;4;6;5;6;4;5;4;4;3;-105;0;-22;21;-22;21;-21;20;-20;20;-18;20;-17;19;-16;18;-15;18;-14;17;-13;17;-12;17;-11;17;-10;17;-10;17;-9;17;-9;16;-8;16;-8;16;-8;16;-8;16;-8;16;-8;15;-8;15;-8;15;-8;14;-8;14;-9;14;-10;14;-4;5;-2;1;0;-1;0;-1;0;-1;-2;1;-5;5;-12;15;-12;14;-13;14;-13;14;-14;15;-15;15;-16;15;-17;15;-18;15;-18;15;-18;15;-19;16;-20;16;-21;16;-21;16;-21;16;-21;16;-21;16;-21;17;-21;18;-22;19;-23;20;-23;20;-23;20;-23;21;-23;22;-23;22;-24;23,empty,EXP_S142,ZONE_02,entree_zone,4.1,entree_zone,entree dans la zone
552256937,-54,6,a0:9f:7a:73:2b:3e,384,-110;-96;8;0;5;-39;6;-37;6;-34;5;-30;2;-26;-2;-23;-5;-20;-9;-19;-13;-18;-16;-19;-18;-20;-18;-22;-18;-23;-16;-23;-14;-22;-12;-20;-11;-18;-10;-15;-11;-11;-12;-8;-13;-6;-15;-4;-17;-3;-20;-4;-21;-4;-6;-1;0;0;0;0;0;0;0;0;0;0;0;0;0;0;0;0;0;0;5;-5;25;-19;28;-17;32;-12;33;-8;32;-3;28;0;24;1;19;0;14;-3;10;-8;9;-14;10;-20;12;-25;16;-29;20;-31;24;-31;27;-29;27;-27;27;-25;24;-23;20;-22;16;-23;11;-25;7;-28;4;-31;3;-35;-110;0;-3;-6;-3;-6;-2;-6;-2;-6;-1;-6;0;-6;1;-6;2;-6;2;-6;2;-6;3;-6;3;-6;3;-5;4;-5;4;-5;5;-4;5;-4;5;-4;5;-4;5;-3;5;-3;5;-3;5;-2;5;-2;5;-2;4;-2;4;-2;4;-1;1;-1;0;-1;-1;0;0;-1;0;-1;0;1;-1;4;-2;13;-3;13;-4;13;-5;13;-6;12;-7;12;-8;11;-9;10;-9;10;-10;9;-10;9;-11;8;-11;7;-11;6;-11;5;-11;4;-11;3;-11;2;-10;2;-10;1;-9;0;-9;-1;-9;-2;-8;-2;-8;-3;-7;-3;-7;-3;-6;-4;-110;0;12;-31;12;-30;11;-29;10;-28;9;-27;8;-26;7;-25;6;-25;5;-24;5;-23;4;-22;3;-22;2;-21;1;-21;1;-21;0;-21;0;-20;0;-20;0;-20;0;-20;0;-19;0;-19;0;-19;0;-19;0;-18;1;-18;2;-18;3;-18;1;-7;0;-2;-1;0;-1;1;-1;0;0;-2;1;-7;4;-18;5;-18;6;-18;6;-19;7;-19;7;-20;8;-20;9;-21;9;-22;10;-22;10;-23;11;-23;11;-24;12;-24;12;-24;13;-24;13;-25;13;-25;13;-26;13;-27;13;-27;13;-28;13;-29;13;-30;13;-31;12;-31;12;-32;12;-32,empty,EXP_S142,ZONE_02,entree_zone,4.1,entree_zone,entree dans la zone
552458372,-54,6,a0:9f:7a:73:2b:3e,384,-110;-96;8;0;7;38;5;36;4;33;4;28;5;23;7;18;11;15;15;12;18;10;22;10;24;10;25;12;25;14;24;15;21;15;18;15;16;13;13;10;12;6;11;2;12;-1;14;-4;16;-6;18;-7;20;-7;5;-2;0;0;0;0;0;0;0;0;0;0;0;0;0;0;0;0;0;0;-5;6;-19;25;-23;23;-27;21;-29;17;-30;12;-28;9;-24;6;-19;6;-14;7;-9;11;-6;16;-5;22;-5;27;-7;31;-11;34;-14;35;-16;35;-18;33;-17;31;-16;28;-12;27;-8;26;-2;27;2;28;6;31;8;33;-110;0;5;4;5;4;5;4;4;4;3;5;3;5;2;6;1;7;1;7;1;8;1;7;0;7;-1;7;-2;7;-2;7;-2;8;-2;8;-2;7;-3;7;-3;6;-3;6;-4;6;-4;6;-4;6;-4;6;-4;5;-4;5;-4;4;-2;1;-1;0;0;-1;0;0;0;0;-1;-2;-3;-4;-8;-11;-7;-12;-7;-12;-6;-13;-5;-13;-4;-13;-2;-13;-1;-13;-1;-14;0;-14;1;-14;1;-13;2;-12;3;-11;4;-10;5;-10;5;-10;5;-9;5;-8;5;-7;5;-6;6;-5;7;-4;7;-3;7;-3;7;-2;6;-1;5;-1;-110;0;9;30;9;30;9;29;9;27;9;26;10;25;10;23;10;22;10;21;11;19;11;18;11;18;11;17;11;16;12;16;12;15;12;15;12;15;12;14;12;14;12;14;12;14;11;14;11;14;10;14;10;14;9;15;9;15;3;5;0;1;-1;-1;-1;-2;-1;-1;0;1;2;5;7;16;6;17;6;17;6;18;6;19;6;20;6;21;6;21;5;22;5;23;5;24;5;24;5;25;5;25;4;26;4;26;4;26;5;27;5;27;6;28;7;29;7;29;8;30;8;30;9;31;9;31;9;32;9;32,empty,EXP_S142,ZONE_02,entree_zone,4.1,entree_zone,entree dans la zone
552652435,-53,6,a0:9f:7a:73:2b:3e,384,-110;-96;8;0;-19;30;-18;28;-17;25;-14;22;-11;20;-7;18;-2;18;2;18;5;19;7;20;8;22;8;24;7;25;5;24;4;23;3;21;2;18;3;14;4;11;6;9;9;7;11;6;14;7;16;8;16;9;4;2;0;0;0;0;0;0;0;0;0;0;0;0;0;0;0;0;0;0;-7;2;-28;7;-30;4;-32;0;-32;-5;-30;-8;-27;-10;-23;-10;-18;-8;-15;-4;-14;1;-14;7;-16;12;-20;16;-24;18;-28;18;-31;17;-33;15;-33;14;-32;12;-29;12;-26;12;-22;14;-19;17;-17;21;-15;25;-15;28;-112;0;0;5;0;5;-1;5;-1;5;-2;5;-3;4;-4;4;-5;4;-5;4;-5;4;-5;4;-5;3;-6;3;-6;2;-7;2;-7;2;-7;2;-7;2;-6;2;-6;1;-6;1;-6;0;-6;0;-6;0;-6;0;-6;0;-6;0;-5;0;-2;-1;-1;-1;0;-1;-1;0;-1;0;0;-2;1;-4;4;-11;5;-11;6;-11;6;-11;7;-10;7;-9;8;-8;9;-8;9;-7;10;-7;10;-7;10;-6;9;-5;9;-4;9;-3;9;-2;9;-1;9;-1;8;-1;7;0;7;0;6;1;6;2;5;3;5;3;4;3;4;3;3;3;-112;0;-18;24;-17;23;-17;23;-15;22;-14;22;-13;21;-12;21;-11;20;-10;19;-8;19;-8;18;-7;18;-6;18;-6;18;-5;18;-5;17;-4;17;-4;17;-3;17;-3;17;-3;16;-3;16;-3;16;-3;16;-3;15;-4;15;-4;15;-5;15;-2;5;-1;1;0;-1;0;-1;0;-1;-2;1;-4;4;-11;13;-12;13;-12;13;-13;13;-13;14;-14;14;-15;15;-15;15;-16;15;-17;15;-17;16;-18;16;-18;16;-19;16;-19;16;-19;17;-19;17;-19;18;-19;18;-19;19;-19;20;-19;21;-19;22;-19;22;-19;23;-19;24;-20;24;-20;25,empty,EXP_S142,ZONE_02,entree_zone,4.1,entree_zone,entree dans la zone
552852263,-54,6,a0:9f:7a:73:2b:3e,384,-110;-96;8;0;-37;6;-35;5;-32;4;-28;4;-23;5;-19;7;-16;10;-14;13;-13;16;-13;19;-14;21;-15;22;-16;21;-16;20;-16;18;-15;16;-13;13;-10;12;-7;11;-4;11;-1;12;1;13;2;15;2;18;2;19;0;5;0;0;0;0;0;0;0;0;0;0;0;0;0;0;0;0;0;0;-7;-4;-26;-15;-26;-19;-24;-24;-21;-27;-16;-28;-12;-27;-9;-24;-8;-20;-8;-14;-11;-10;-15;-6;-21;-4;-26;-4;-31;-6;-34;-8;-36;-11;-36;-14;-34;-16;-32;-16;-30;-14;-28;-12;-27;-8;-27;-4;-28;1;-31;4;-33;6;-105;0;-4;4;-4;4;-4;4;-4;4;-4;3;-4;2;-5;1;-7;0;-7;1;-8;1;-7;1;-7;0;-6;0;-7;-1;-7;-2;-8;-2;-8;-2;-7;-2;-7;-2;-6;-2;-5;-3;-5;-4;-6;-4;-6;-4;-6;-3;-6;-3;-5;-3;-4;-3;-2;-1;-1;-1;0;0;-1;0;-1;0;0;-2;3;-4;9;-9;10;-9;10;-8;11;-8;11;-7;11;-6;11;-4;12;-3;13;-2;13;-1;13;-1;12;-1;11;0;10;1;9;2;9;3;9;4;9;4;8;3;7;3;5;3;4;4;3;5;3;6;3;6;3;5;2;5;2;4;-105;0;-30;10;-29;10;-28;10;-27;10;-25;10;-24;10;-23;10;-21;10;-20;10;-19;11;-18;11;-17;11;-17;12;-16;12;-16;11;-15;11;-15;12;-14;12;-14;12;-14;12;-14;11;-13;11;-13;11;-13;10;-13;10;-13;10;-14;9;-14;9;-6;3;-2;0;0;-1;1;-1;0;-1;-2;1;-6;3;-17;8;-17;8;-17;7;-18;7;-19;7;-20;7;-21;7;-22;7;-22;7;-23;7;-23;7;-24;7;-25;7;-25;7;-26;6;-26;6;-26;6;-26;7;-27;7;-28;8;-28;8;-29;9;-30;9;-30;10;-30;10;-30;11;-31;11;-31;11,empty,EXP_S142,ZONE_02,entree_zone,4.1,entree_zone,entree dans la zone
553052302,-54,6,a0:9f:7a:73:2b:3e,384,-110;-96;8;0;37;0;35;0;32;1;28;0;24;-2;21;-5;18;-9;17;-12;16;-15;16;-18;17;-20;18;-20;19;-19;20;-17;19;-15;17;-13;15;-12;11;-11;8;-11;5;-12;2;-13;0;-15;0;-17;0;-19;1;-20;0;-6;0;0;0;0;0;0;0;0;0;0;0;0;0;0;0;0;0;0;5;4;22;19;21;23;18;27;14;30;10;30;6;29;3;25;3;20;4;15;8;11;13;8;18;6;24;7;29;10;31;13;32;17;32;19;31;21;29;20;27;19;26;16;26;12;26;8;28;4;31;1;33;-1;-112;0;3;-3;4;-3;4;-3;4;-2;4;-1;4;0;4;0;5;1;5;1;5;2;5;2;5;2;4;3;4;3;4;4;4;4;4;4;4;4;4;4;3;4;3;4;3;4;3;4;3;4;3;4;2;4;2;4;2;3;0;1;0;0;-1;-1;0;-1;0;0;-2;0;-5;0;-13;1;-14;0;-14;-1;-14;-2;-13;-3;-13;-3;-13;-4;-12;-5;-12;-6;-12;-7;-12;-7;-11;-7;-10;-8;-9;-8;-8;-8;-7;-9;-7;-9;-6;-9;-5;-9;-5;-8;-4;-8;-3;-7;-2;-7;-1;-7;-1;-7;0;-7;0;-6;0;-5;-112;0;31;6;31;5;30;4;29;4;27;3;26;2;25;1;24;0;23;0;22;-1;21;-2;20;-3;20;-3;19;-4;19;-4;18;-4;18;-5;17;-5;17;-5;17;-5;17;-5;16;-5;16;-5;15;-5;15;-5;16;-5;16;-4;16;-3;5;-1;1;-1;-1;0;-2;-1;-1;-1;1;0;6;1;17;3;18;4;18;4;18;5;19;5;19;6;20;6;21;6;21;7;22;7;23;7;23;8;23;8;24;8;24;9;24;9;25;9;25;8;26;8;27;8;28;8;29;7;30;7;30;7;31;6;32;6;32;6;33;5,empty,EXP_S142,ZONE_02,entree_zone,4.1,entree_zone,entree dans la zone
553255460,-54,6,a0:9f:7a:73:2b:3e,384,-110;-96;8;0;33;-12;31;-10;28;-9;24;-9;19;-9;15;-11;11;-14;9;-17;7;-20;7;-23;8;-25;10;-26;11;-25;13;-24;13;-21;12;-19;11;-16;8;-14;4;-13;1;-12;-2;-13;-5;-14;-6;-16;-6;-19;-6;-21;-2;-6;0;0;0;0;0;0;0;0;0;0;0;0;0;0;0;0;0;0;6;1;27;7;27;11;27;16;24;19;21;22;17;22;14;20;11;16;11;11;12;6;15;2;19;0;24;-2;29;-1;32;1;34;3;34;6;33;7;31;7;29;6;27;4;26;0;25;-4;26;-8;28;-11;30;-14;-110;0;3;-5;3;-5;4;-5;4;-4;4;-4;5;-3;6;-2;6;-2;7;-2;7;-1;7;-1;6;-1;6;0;6;1;7;1;7;2;7;2;7;2;6;2;6;2;5;3;5;3;5;3;5;3;5;3;5;3;4;3;4;3;1;1;0;0;-1;-1;0;-1;0;-1;-1;1;-3;3;-8;8;-9;8;-10;7;-10;7;-10;6;-11;5;-11;4;-11;3;-12;2;-12;1;-12;1;-12;0;-11;-1;-10;-2;-9;-3;-9;-4;-9;-4;-9;-4;-8;-4;-7;-4;-6;-5;-5;-5;-4;-6;-3;-6;-3;-6;-2;-6;-2;-6;-1;-5;-110;0;28;-11;27;-11;26;-11;25;-11;24;-11;23;-11;21;-11;20;-11;19;-11;18;-11;17;-12;16;-12;15;-12;15;-12;15;-12;14;-12;14;-12;14;-12;14;-12;14;-12;14;-12;13;-12;13;-11;13;-11;13;-11;14;-10;14;-9;15;-9;5;-3;1;-1;-1;0;-1;0;-1;0;1;-2;5;-4;15;-10;15;-10;16;-9;16;-9;17;-9;18;-9;19;-9;20;-8;20;-8;21;-8;22;-8;22;-8;23;-8;23;-8;24;-8;24;-7;24;-7;25;-8;25;-8;25;-9;26;-9;27;-9;27;-10;27;-10;28;-11;28;-12;29;-12;29;-12,empty,EXP_S142,ZONE_02,entree_zone,4.1,entree_zone,entree dans la zone
553452286,-54,6,a0:9f:7a:73:2b:3e,384,-110;-96;8;0;-5;32;-5;31;-5;28;-4;25;-3;22;0;18;3;16;7;14;10;13;13;13;15;13;17;14;17;15;16;15;15;15;13;14;11;12;10;10;10;7;10;4;10;1;12;-1;13;-3;15;-3;16;-3;4;-1;0;0;0;0;0;0;0;0;0;0;0;0;0;0;0;0;0;0;-7;2;-27;9;-29;6;-32;2;-32;-2;-31;-6;-28;-8;-23;-9;-19;-8;-15;-4;-12;1;-11;7;-12;12;-14;17;-18;21;-22;23;-25;23;-28;22;-29;20;-28;18;-26;17;-23;16;-18;16;-14;18;-10;20;-7;24;-5;26;-111;0;3;3;3;3;3;4;2;4;2;4;1;4;0;4;-1;4;-1;5;-2;5;-2;5;-2;5;-2;4;-3;4;-3;4;-4;4;-4;4;-4;4;-4;4;-4;4;-4;3;-4;3;-4;3;-4;3;-4;3;-4;3;-4;2;-4;2;-2;0;-1;0;0;-1;-1;0;-1;0;-1;-2;0;-5;1;-13;1;-13;2;-13;3;-13;4;-13;4;-12;5;-11;6;-11;7;-11;8;-11;8;-10;8;-10;8;-9;8;-8;9;-7;9;-6;9;-5;9;-5;8;-5;8;-4;7;-3;7;-2;7;-1;7;-1;7;0;7;0;6;0;5;1;-111;0;-9;26;-8;25;-8;24;-7;24;-6;23;-5;22;-4;21;-3;20;-2;19;-1;18;0;17;1;17;1;17;2;16;2;16;3;16;3;15;4;15;4;15;4;15;4;14;4;14;4;14;4;14;4;14;4;14;3;14;3;14;1;5;0;1;-1;-1;0;-1;0;-1;-1;1;-3;5;-8;15;-8;15;-8;15;-9;15;-9;15;-10;16;-10;17;-11;17;-11;18;-12;18;-12;18;-12;19;-12;19;-13;19;-13;20;-13;20;-13;20;-13;21;-12;21;-12;22;-12;23;-12;24;-12;25;-11;25;-11;26;-10;26;-10;27;-10;27,empty,EXP_S142,ZONE_02,entree_zone,4.1,entree_zone,entree dans la zone
553652277,-54,6,a0:9f:7a:73:2b:3e,384,-110;-96;8;0;12;-36;12;-34;12;-31;10;-28;7;-24;4;-22;-1;-20;-5;-18;-9;-18;-12;-19;-15;-20;-15;-22;-15;-23;-13;-23;-12;-23;-10;-21;-8;-18;-8;-15;-8;-11;-9;-8;-11;-5;-13;-3;-16;-2;-19;-2;-20;-3;-6;-1;0;0;0;0;0;0;0;0;0;0;0;0;0;0;0;0;0;0;6;-3;29;-9;32;-6;34;-2;34;3;33;7;29;10;25;10;20;8;16;4;13;-1;13;-7;14;-13;18;-18;22;-22;27;-23;30;-22;32;-21;33;-19;33;-18;31;-16;27;-16;23;-17;18;-19;15;-23;12;-27;11;-30;-103;0;-3;-5;-3;-5;-2;-6;-1;-6;0;-6;1;-6;1;-6;2;-6;2;-6;3;-6;3;-6;4;-5;4;-5;4;-5;5;-5;5;-5;5;-4;6;-4;6;-4;6;-4;6;-3;6;-3;6;-3;6;-3;6;-3;6;-2;6;-2;6;-1;2;-1;0;-1;-1;0;0;-1;0;-1;-1;1;-3;4;-7;11;-7;11;-8;10;-9;10;-10;9;-10;9;-11;8;-11;8;-12;7;-12;6;-12;5;-12;5;-12;4;-12;3;-12;2;-12;2;-11;1;-11;0;-10;0;-10;-1;-10;-1;-9;-2;-8;-2;-8;-3;-7;-3;-7;-4;-6;-4;-6;-5;-103;0;20;-24;19;-24;18;-24;17;-23;16;-22;14;-22;13;-21;12;-21;10;-20;9;-20;8;-19;7;-19;6;-19;5;-19;4;-19;4;-19;3;-19;3;-18;2;-18;2;-18;1;-18;1;-18;1;-18;1;-17;1;-17;2;-17;2;-17;3;-17;1;-6;0;-2;-1;0;-1;0;-1;0;1;-2;4;-5;13;-14;14;-14;14;-13;15;-13;15;-13;16;-14;16;-14;17;-15;18;-15;19;-16;20;-16;20;-16;21;-16;21;-16;21;-16;21;-17;21;-17;21;-18;22;-18;22;-19;22;-20;22;-21;22;-22;22;-23;22;-23;22;-24;22;-25;22;-25,empty,EXP_S142,ZONE_02,entree_zone,4.1,entree_zone,entree dans la zone
553852196,-53,6,a0:9f:7a:73:2b:3e,384,-110;-96;8;0;-33;9;-33;8;-31;7;-28;7;-24;7;-21;8;-17;9;-14;11;-11;14;-10;16;-9;19;-10;20;-10;21;-11;20;-11;19;-11;17;-10;15;-8;13;-5;12;-3;11;0;10;2;11;5;11;6;13;6;14;1;3;0;0;0;0;0;0;0;0;0;0;0;0;0;0;0;0;0;0;-6;-5;-22;-20;-21;-24;-18;-28;-15;-31;-11;-31;-7;-30;-4;-27;-3;-22;-4;-17;-7;-12;-12;-8;-17;-6;-23;-6;-28;-7;-32;-10;-34;-13;-34;-16;-33;-18;-32;-19;-30;-18;-27;-15;-26;-12;-25;-8;-25;-3;-26;2;-28;5;-109;0;-1;4;-1;4;-2;4;-2;3;-3;3;-3;2;-4;2;-4;2;-5;1;-5;1;-5;1;-5;1;-5;0;-5;0;-6;-1;-6;-1;-6;-1;-5;-1;-5;-1;-5;-1;-5;-2;-5;-2;-5;-2;-5;-2;-5;-2;-5;-2;-5;-2;-4;-2;-2;-1;-1;-1;0;0;-1;0;-1;-1;1;-1;4;-1;12;-2;12;-1;12;-1;12;0;12;1;12;2;12;2;12;3;12;4;12;4;11;5;11;5;10;5;9;6;9;6;8;6;8;6;7;6;7;6;6;6;5;6;5;6;4;6;4;6;3;6;3;6;2;6;2;5;-109;0;-30;0;-29;0;-28;1;-27;2;-26;2;-25;3;-23;4;-22;5;-21;6;-19;6;-18;7;-18;7;-17;8;-16;8;-16;8;-15;9;-15;9;-14;9;-14;9;-13;9;-12;9;-12;9;-11;9;-11;9;-11;9;-11;9;-12;9;-12;8;-5;3;-2;0;0;-1;1;0;0;0;-2;-1;-7;-2;-18;-5;-18;-5;-18;-6;-19;-6;-19;-7;-20;-7;-20;-7;-21;-7;-22;-8;-22;-8;-23;-8;-24;-8;-24;-8;-24;-8;-25;-8;-25;-8;-25;-8;-26;-7;-26;-7;-27;-6;-28;-5;-29;-5;-29;-4;-30;-3;-30;-3;-31;-2;-31;-1;-31;-1,empty,EXP_S142,ZONE_02,entree_zone,4.1,entree_zone,entree dans la zone
554056224,-53,6,a0:9f:7a:73:2b:3e,384,-110;-96;8;0;33;-12;33;-11;32;-10;30;-9;26;-8;22;-8;18;-10;13;-12;10;-14;8;-17;6;-20;6;-22;6;-23;7;-23;8;-22;8;-21;7;-19;6;-17;4;-15;2;-13;-1;-12;-4;-12;-6;-12;-8;-14;-8;-15;-3;-4;0;0;0;0;0;0;0;0;0;0;0;0;0;0;0;0;0;0;5;5;20;22;19;26;16;30;12;32;8;32;5;31;2;27;1;22;3;17;6;12;11;8;17;6;24;6;29;8;33;11;34;15;35;18;34;20;32;21;29;20;26;18;24;14;23;8;23;3;25;-3;27;-7;-109;0;-1;-7;0;-7;0;-7;0;-7;0;-6;1;-5;1;-5;2;-4;3;-4;3;-4;3;-4;3;-4;3;-3;3;-3;4;-2;4;-2;4;-2;4;-2;4;-2;4;-1;4;-1;4;-1;4;0;4;0;4;0;4;0;4;0;3;0;1;0;0;0;-1;0;0;-1;0;0;-2;0;-5;0;-13;0;-13;0;-13;-1;-13;-2;-13;-2;-13;-3;-13;-4;-13;-5;-13;-6;-13;-6;-13;-6;-13;-6;-12;-7;-11;-7;-10;-7;-9;-8;-9;-9;-9;-9;-9;-9;-8;-8;-7;-8;-6;-8;-6;-9;-5;-9;-5;-9;-5;-9;-5;-9;-5;-8;-109;0;30;-2;29;-3;28;-4;27;-4;25;-5;24;-6;23;-7;22;-7;20;-8;19;-9;17;-9;16;-10;16;-11;15;-11;14;-11;14;-11;13;-12;12;-12;12;-12;11;-12;11;-12;11;-12;10;-12;10;-12;10;-12;10;-12;10;-11;10;-11;3;-4;1;-2;-1;0;-2;-1;-1;-1;2;0;6;1;19;4;19;4;19;5;19;5;20;5;20;6;21;6;22;6;22;7;23;7;24;7;24;7;25;7;25;7;25;7;26;7;26;7;26;6;27;5;27;4;28;4;29;3;30;3;30;2;30;1;31;0;31;-1;32;-2,empty,EXP_S142,ZONE_02,entree_zone,4.1,entree_zone,entree dans la zone
554257315,-53,6,a0:9f:7a:73:2b:3e,384,-110;-96;8;0;3;36;2;36;1;35;0;32;0;28;1;24;4;20;7;17;10;14;13;13;16;13;18;13;19;14;20;15;19;15;18;16;16;15;14;14;13;11;12;8;12;6;12;3;14;1;15;0;16;0;4;-1;0;0;0;0;0;0;0;0;0;0;0;0;0;0;0;0;0;0;-6;5;-23;20;-27;18;-30;15;-32;11;-32;7;-30;4;-26;2;-22;3;-17;5;-13;8;-11;13;-10;19;-11;24;-14;29;-17;31;-21;33;-24;32;-26;31;-26;28;-25;26;-22;23;-18;22;-13;22;-7;24;-3;26;1;28;-110;0;6;1;6;1;6;1;6;2;5;2;4;2;4;2;3;3;3;4;2;4;2;4;2;4;1;4;1;4;0;4;0;4;0;5;0;5;0;4;0;4;0;4;-1;4;-1;4;-1;4;-1;4;-1;4;-1;4;-1;4;-1;1;-1;0;0;-1;-1;0;-1;0;0;-2;0;-4;1;-12;2;-12;2;-12;3;-12;3;-11;4;-11;5;-11;5;-11;6;-11;7;-11;7;-10;7;-10;7;-10;7;-9;8;-8;8;-7;9;-7;9;-7;9;-6;8;-6;8;-5;8;-4;8;-4;9;-3;9;-3;8;-3;8;-3;8;-2;-110;0;-4;31;-4;30;-3;29;-2;28;-1;27;0;26;1;24;2;23;3;22;4;21;4;20;5;19;6;19;6;19;7;18;7;18;7;17;8;17;8;16;8;16;8;16;8;15;8;15;8;15;7;14;7;15;6;15;6;15;2;5;0;1;-1;-1;0;-2;0;-1;-1;2;-2;6;-5;18;-5;18;-6;19;-6;19;-7;20;-7;20;-8;21;-8;22;-9;23;-9;23;-10;24;-10;24;-10;25;-11;25;-11;25;-11;25;-11;25;-10;26;-10;26;-9;27;-9;28;-9;29;-8;30;-8;30;-7;31;-6;31;-6;32;-5;32,empty,EXP_S142,ZONE_02,entree_zone,4.1,entree_zone,entree dans la zone
554453262,-53,6,a0:9f:7a:73:2b:3e,384,-110;-96;8;0;-28;20;-28;21;-27;20;-26;20;-24;19;-21;19;-18;18;-15;19;-12;19;-10;20;-9;21;-8;22;-7;22;-6;21;-6;21;-5;20;-4;20;-3;19;-1;18;1;17;2;17;3;17;4;17;5;18;5;18;1;4;0;0;0;0;0;0;0;0;0;0;0;0;0;0;0;0;0;0;-8;-1;-31;-5;-32;-9;-32;-14;-30;-19;-26;-21;-22;-22;-18;-20;-15;-17;-13;-12;-13;-6;-16;-1;-20;4;-25;7;-31;7;-36;6;-39;4;-42;2;-42;-1;-42;-3;-40;-4;-37;-4;-33;-2;-30;1;-28;5;-27;9;-27;12;-110;0;3;2;3;2;3;2;3;2;2;1;1;1;0;0;0;0;-1;0;-1;1;-1;1;-1;0;-1;0;-2;-1;-2;-1;-3;-1;-3;-1;-3;-1;-3;-1;-2;-1;-2;-1;-2;-1;-3;-1;-3;-1;-3;-1;-3;-1;-3;0;-3;0;-1;0;-1;-1;0;0;-1;0;-1;0;1;-1;3;-3;11;-7;11;-7;12;-6;12;-6;12;-5;12;-4;12;-3;13;-3;13;-2;14;-2;14;-1;13;-1;13;-1;12;0;12;1;11;2;11;2;11;2;11;1;10;1;9;1;8;2;8;2;8;3;8;3;7;2;7;2;7;1;-110;0;-31;13;-30;13;-29;13;-27;13;-26;14;-24;14;-22;14;-21;14;-19;14;-18;14;-17;15;-16;15;-15;15;-14;15;-14;16;-13;16;-13;16;-12;16;-12;16;-11;16;-11;15;-11;15;-11;15;-10;15;-11;15;-11;14;-11;14;-12;13;-5;4;-2;1;0;-1;1;-1;0;-1;-2;0;-6;2;-17;7;-17;6;-18;6;-19;6;-20;6;-21;6;-22;6;-23;6;-24;6;-24;6;-25;6;-26;6;-26;6;-27;6;-27;6;-28;6;-28;6;-28;7;-29;7;-29;8;-30;9;-31;10;-31;10;-31;11;-32;12;-32;13;-32;13;-32;14,empty,EXP_S142,ZONE_02,entree_zone,4.1,entree_zone,entree dans la zone
554654117,-54,6,a0:9f:7a:73:2b:3e,384,-110;-96;8;0;-6;-30;-6;-32;-6;-32;-6;-31;-7;-29;-7;-27;-9;-24;-10;-22;-12;-20;-14;-18;-15;-16;-17;-15;-18;-14;-19;-13;-19;-12;-20;-11;-20;-10;-20;-9;-20;-8;-20;-6;-20;-5;-19;-4;-19;-4;-19;-3;-19;-3;-5;-1;0;0;0;0;0;0;0;0;0;0;0;0;0;0;0;0;0;0;6;-2;25;-6;27;-3;29;2;29;6;26;10;23;12;18;12;13;10;9;6;6;1;5;-6;6;-12;9;-18;13;-22;18;-24;22;-25;25;-25;27;-23;28;-21;27;-19;24;-17;20;-16;15;-16;10;-17;5;-19;2;-21;-109;0;-12;5;-12;5;-13;5;-12;5;-10;5;-8;4;-5;3;-4;1;-4;0;-4;-1;-4;0;-4;0;-3;1;-1;1;0;0;1;-1;0;-2;-1;-3;-2;-2;-2;-1;-1;0;0;0;1;-1;2;-2;1;-3;0;-3;0;-3;-1;-2;-1;-1;-1;-1;0;0;-1;-2;0;-1;0;2;0;9;1;26;0;27;-1;27;-3;27;-4;27;-5;26;-8;25;-10;25;-12;26;-13;27;-14;27;-14;26;-14;25;-15;22;-16;21;-18;20;-19;20;-19;20;-18;19;-16;18;-15;16;-16;14;-17;13;-18;12;-18;13;-17;13;-16;13;-14;13;-109;0;1;-57;1;-56;-1;-54;-2;-53;-3;-51;-5;-50;-6;-48;-7;-47;-8;-45;-10;-43;-11;-42;-13;-41;-14;-40;-14;-40;-15;-40;-15;-40;-14;-41;-14;-40;-13;-40;-12;-40;-12;-39;-11;-38;-11;-37;-10;-37;-9;-36;-7;-36;-5;-36;-3;-36;-1;-13;0;-4;0;1;-1;1;-1;0;0;-4;2;-10;6;-27;6;-27;6;-28;6;-28;7;-30;7;-31;9;-33;10;-34;10;-34;10;-35;10;-36;10;-38;10;-39;11;-41;11;-41;11;-41;11;-41;10;-42;9;-44;8;-46;8;-48;8;-50;7;-51;6;-52;5;-53;3;-55;2;-56;1;-58,empty,EXP_S142,ZONE_02,entree_zone,4.1,entree_zone,entree dans la zone
554854241,-54,6,a0:9f:7a:73:2b:3e,384,-110;-96;8;0;-37;-14;-35;-15;-32;-14;-30;-12;-27;-9;-25;-6;-25;-2;-25;2;-25;5;-27;7;-29;8;-30;8;-31;7;-30;6;-29;5;-28;4;-25;4;-23;4;-21;5;-19;7;-18;9;-18;11;-18;13;-19;14;-21;15;-6;3;0;0;0;0;0;0;0;0;0;0;0;0;0;0;0;0;0;0;-5;-6;-17;-25;-14;-28;-10;-31;-5;-31;-1;-29;2;-25;2;-21;1;-16;-3;-13;-8;-10;-14;-10;-19;-12;-24;-16;-26;-20;-27;-24;-26;-28;-24;-30;-22;-31;-20;-30;-19;-27;-18;-24;-20;-20;-22;-17;-26;-14;-30;-12;-33;-12;-106;0;-5;2;-5;1;-5;0;-5;0;-5;-1;-5;-2;-4;-2;-4;-3;-4;-4;-4;-4;-4;-4;-3;-5;-3;-5;-3;-5;-2;-5;-2;-5;-2;-5;-2;-5;-2;-6;-1;-6;-1;-6;-1;-6;-1;-6;-1;-6;-1;-6;0;-6;0;-6;0;-6;0;-2;0;-1;0;0;-1;-1;-1;-1;1;0;4;1;12;4;11;5;11;5;10;6;10;7;9;8;9;9;8;9;7;10;7;10;6;10;5;10;4;10;3;10;2;10;1;10;1;10;0;9;-1;9;-1;8;-1;8;-2;8;-2;7;-3;7;-3;6;-4;5;-4;5;-4;4;-106;0;-29;-18;-29;-18;-28;-17;-27;-16;-27;-15;-26;-14;-26;-13;-25;-12;-25;-11;-24;-10;-24;-10;-24;-9;-24;-8;-24;-8;-24;-8;-24;-8;-24;-9;-24;-9;-24;-9;-24;-9;-23;-10;-23;-10;-22;-11;-21;-11;-21;-12;-20;-13;-19;-14;-18;-15;-7;-6;-2;-2;0;0;0;0;0;0;-2;-1;-6;-2;-16;-6;-16;-6;-16;-7;-16;-8;-17;-8;-17;-9;-18;-10;-19;-10;-19;-11;-20;-11;-20;-12;-21;-13;-21;-14;-21;-14;-21;-15;-21;-15;-22;-15;-22;-16;-23;-16;-24;-16;-25;-16;-26;-16;-27;-17;-28;-17;-28;-17;-29;-18;-30;-18;-30;-18,empty,EXP_S142,ZONE_02,entree_zone,4.1,entree_zone,entree dans la zone
555052111,-53,6,a0:9f:7a:73:2b:3e,384,-110;-96;8;0;3;30;4;28;5;25;7;22;10;20;12;19;15;18;17;19;19;20;19;21;18;22;16;23;14;23;12;22;10;20;9;17;9;13;9;10;11;8;14;6;16;5;18;6;20;8;20;10;20;12;5;3;0;0;0;0;0;0;0;0;0;0;0;0;0;0;0;0;0;0;0;6;0;27;-4;28;-8;29;-12;27;-15;25;-16;22;-15;19;-13;17;-10;15;-7;15;-4;17;-1;20;0;23;1;26;0;29;-1;31;-3;32;-3;33;-4;32;-4;32;-2;32;-1;32;1;32;2;32;3;33;3;34;-100;0;-3;2;-3;2;-3;2;-3;2;-4;2;-5;2;-6;2;-6;3;-6;3;-6;3;-6;3;-6;3;-7;2;-7;2;-8;2;-8;2;-8;2;-7;2;-7;1;-7;0;-7;0;-7;0;-7;0;-7;0;-6;0;-6;0;-6;-1;-5;-1;-2;-1;-1;-1;0;-1;0;0;0;0;-1;-1;-3;-3;-7;-8;-7;-9;-6;-9;-6;-9;-5;-10;-4;-9;-3;-10;-2;-10;-1;-10;-1;-10;-1;-10;-1;-10;-1;-9;0;-8;0;-8;1;-7;1;-7;1;-6;1;-6;0;-5;0;-4;0;-3;0;-2;0;-2;0;-1;-1;-1;-1;-1;-2;-1;-100;0;5;31;5;30;5;29;5;28;5;27;5;26;6;24;6;23;6;22;7;21;7;21;7;20;7;20;8;20;8;19;8;19;8;18;8;18;7;18;7;18;6;18;6;18;6;18;5;18;5;18;4;18;3;18;2;18;0;6;0;1;-1;-1;-1;-1;-1;-1;1;1;3;5;8;15;8;16;7;16;7;17;6;18;6;19;6;19;5;20;5;21;5;22;5;22;4;23;4;24;3;24;3;25;3;25;3;26;3;26;3;26;4;27;4;28;5;28;5;29;5;29;5;30;5;31;5;31;6;32,empty,EXP_S142,ZONE_02,entree_zone,4.1,entree_zone,entree dans la zone
555257408,-55,6,a0:9f:7a:73:2b:3e,384,-110;-96;8;0;-18;-6;-20;-2;-21;0;-22;2;-23;4;-23;6;-23;8;-22;8;-21;9;-20;10;-18;10;-16;10;-13;9;-10;10;-6;10;-2;11;1;12;3;14;6;16;7;18;8;19;8;20;8;21;8;21;7;21;1;5;0;0;0;0;0;0;0;0;0;0;0;0;0;0;0;0;0;0;3;-7;17;-25;21;-25;26;-24;30;-21;32;-17;32;-13;30;-9;26;-6;20;-4;13;-5;7;-7;1;-11;-3;-16;-6;-22;-8;-27;-8;-31;-7;-35;-6;-37;-5;-38;-4;-38;-4;-36;-4;-33;-5;-30;-6;-26;-8;-22;-10;-19;-117;0;6;1;6;1;6;1;6;1;6;0;6;-1;6;-2;5;-3;4;-3;4;-4;4;-4;4;-4;5;-4;5;-4;4;-5;4;-5;4;-4;4;-4;4;-4;4;-3;4;-4;4;-4;3;-4;3;-4;2;-3;2;-3;2;-2;2;-2;1;-1;0;-1;-1;0;-1;-1;-1;-1;1;0;5;1;14;4;14;5;14;6;14;6;14;7;13;7;12;8;12;9;12;10;12;11;12;11;12;10;11;10;11;10;10;10;9;10;8;10;8;10;8;9;8;8;8;7;8;6;7;6;7;6;7;6;8;5;8;4;8;4;-117;0;-22;-14;-21;-13;-21;-11;-20;-10;-19;-8;-19;-7;-18;-5;-18;-4;-17;-3;-17;-1;-17;0;-16;1;-16;2;-16;3;-16;4;-17;5;-17;5;-17;6;-17;6;-17;6;-17;6;-17;6;-17;6;-17;6;-17;6;-18;6;-18;5;-18;5;-7;1;-2;0;0;-1;0;0;0;0;-2;-2;-5;-5;-14;-13;-14;-14;-14;-14;-14;-15;-14;-15;-14;-16;-14;-17;-14;-18;-14;-18;-14;-19;-14;-19;-14;-19;-15;-19;-15;-20;-15;-20;-15;-20;-15;-20;-15;-19;-16;-19;-17;-19;-18;-18;-19;-19;-19;-18;-20;-18;-20;-18;-21;-17;-21;-16;-22;-16,empty,EXP_S142,ZONE_02,entree_zone,4.1,entree_zone,entree dans la zone
555452392,-53,6,a0:9f:7a:73:2b:3e,384,-110;-96;8;0;4;-19;-1;-18;-6;-18;-10;-19;-14;-20;-17;-22;-18;-24;-19;-26;-18;-27;-16;-28;-14;-27;-11;-25;-9;-22;-7;-18;-7;-14;-8;-9;-10;-5;-13;-1;-17;1;-21;1;-24;0;-27;-2;-28;-4;-27;-7;-27;-9;-7;-3;0;0;0;0;0;0;0;0;0;0;0;0;0;0;0;0;0;0;6;-5;25;-18;27;-16;30;-13;31;-10;30;-7;29;-5;26;-4;23;-4;20;-5;18;-8;17;-10;16;-14;16;-17;16;-20;17;-22;18;-24;19;-26;20;-27;20;-28;21;-29;21;-29;21;-29;21;-29;20;-28;18;-27;17;-25;-112;0;13;12;13;12;13;12;13;12;14;12;15;12;16;12;17;11;18;10;17;10;17;10;17;11;17;11;18;12;18;11;18;11;17;11;16;11;15;11;14;12;14;12;14;12;14;12;14;11;13;11;11;11;10;11;9;12;3;4;0;1;-1;-1;0;-2;0;-1;0;2;-1;7;-3;20;-4;20;-5;20;-6;19;-6;18;-6;17;-7;16;-8;16;-9;16;-9;16;-8;16;-8;16;-7;14;-6;13;-6;12;-6;11;-6;11;-5;12;-4;13;-2;13;0;12;2;11;3;10;4;11;5;12;6;13;7;13;8;14;-112;0;13;-54;12;-53;11;-52;9;-50;7;-48;4;-46;1;-45;-1;-44;-3;-43;-5;-43;-6;-42;-8;-41;-9;-39;-10;-39;-11;-39;-12;-39;-12;-39;-12;-39;-12;-39;-11;-39;-11;-38;-11;-38;-11;-37;-11;-37;-10;-37;-8;-37;-6;-37;-5;-37;-2;-14;-1;-5;0;1;0;2;-1;1;-1;-5;-1;-15;-1;-41;0;-41;3;-41;5;-42;7;-44;9;-45;11;-46;13;-48;15;-49;16;-50;18;-50;20;-50;21;-50;22;-50;23;-50;24;-49;24;-49;24;-49;24;-49;23;-50;22;-51;21;-52;21;-54;21;-55;20;-56;18;-56;17;-56;16;-57,empty,EXP_S142,ZONE_02,entree_zone,4.1,entree_zone,entree dans la zone
555652557,-54,6,a0:9f:7a:73:2b:3e,384,-110;-96;8;0;-9;-14;-13;-13;-16;-13;-18;-13;-20;-13;-22;-13;-23;-13;-23;-14;-22;-14;-20;-13;-18;-12;-15;-11;-12;-8;-10;-5;-8;-1;-8;3;-8;7;-9;10;-11;13;-13;15;-15;15;-17;15;-18;14;-18;12;-19;10;-5;2;0;0;0;0;0;0;0;0;0;0;0;0;0;0;0;0;0;0;7;-3;28;-9;30;-6;30;-2;29;1;27;4;23;5;20;4;16;2;13;-1;11;-5;9;-10;9;-14;10;-18;11;-21;13;-24;15;-25;16;-26;17;-26;17;-26;16;-25;15;-24;14;-23;12;-22;9;-20;6;-19;3;-19;-119;0;6;13;5;13;5;13;6;13;7;13;9;13;10;12;11;11;11;9;11;9;11;10;12;11;13;12;13;12;14;11;14;11;13;11;12;11;11;11;11;12;11;12;11;12;11;11;11;10;9;10;8;10;7;11;6;12;2;4;0;1;-1;-1;0;-2;0;-1;-1;2;-1;8;-3;23;-3;23;-4;23;-5;23;-6;22;-7;21;-9;20;-10;20;-11;20;-11;21;-11;21;-10;20;-10;19;-10;17;-10;16;-11;15;-11;16;-10;16;-8;16;-6;15;-5;14;-4;13;-4;13;-4;13;-3;14;-2;15;1;16;3;16;-119;0;-6;-45;-7;-44;-7;-42;-8;-40;-9;-38;-11;-35;-13;-33;-14;-32;-15;-31;-16;-30;-16;-29;-17;-28;-17;-27;-19;-26;-20;-25;-20;-25;-21;-25;-21;-25;-20;-25;-19;-25;-19;-24;-19;-23;-19;-23;-18;-23;-18;-23;-17;-24;-16;-24;-15;-25;-5;-9;-2;-3;0;0;0;2;0;1;-2;-4;-3;-12;-7;-34;-6;-35;-5;-36;-4;-38;-2;-39;-1;-40;0;-40;2;-41;3;-42;3;-43;4;-43;5;-43;6;-44;8;-44;8;-44;8;-43;8;-43;7;-43;6;-43;4;-44;3;-44;2;-46;2;-46;1;-46;1;-46;0;-46;-1;-46;-1;-47,empty,EXP_S142,ZONE_02,entree_zone,4.1,entree_zone,entree dans la zone
555852216,-52,6,a0:9f:7a:73:2b:3e,384,-110;-96;8;0;22;3;24;2;26;2;26;1;25;0;24;-1;23;-1;21;-2;19;-3;16;-4;14;-5;11;-6;8;-7;5;-8;3;-10;1;-12;-1;-14;-2;-16;-2;-18;-2;-19;-2;-19;-1;-18;-1;-18;-1;-17;-1;-16;0;-4;0;0;0;0;0;0;0;0;0;0;0;0;0;0;0;0;0;0;-6;5;-24;23;-27;21;-30;18;-31;15;-30;11;-27;8;-23;5;-18;5;-12;5;-6;8;-1;12;2;16;4;22;5;27;4;31;3;34;1;36;-1;36;-2;35;-2;32;-2;29;-1;25;1;21;4;17;8;13;11;11;-123;0;-3;-8;-3;-8;-4;-8;-4;-7;-4;-7;-5;-6;-5;-5;-4;-4;-4;-3;-4;-3;-4;-3;-5;-3;-5;-3;-6;-3;-5;-2;-5;-2;-5;-2;-5;-2;-5;-3;-5;-3;-5;-3;-5;-2;-5;-2;-4;-2;-4;-2;-4;-2;-4;-3;-3;-3;-2;-1;-1;-1;0;0;0;0;0;0;-1;-1;-4;-4;-9;-10;-9;-10;-9;-11;-9;-11;-8;-12;-7;-12;-7;-13;-6;-13;-6;-14;-6;-15;-6;-15;-5;-14;-5;-14;-4;-14;-4;-14;-3;-14;-3;-14;-3;-14;-3;-13;-3;-12;-3;-12;-3;-11;-2;-11;-2;-11;-3;-11;-3;-11;-4;-10;-4;-10;-123;0;19;13;18;13;18;11;17;10;17;9;16;8;16;7;16;6;15;5;15;4;14;3;14;2;14;1;14;1;14;0;14;-1;14;-1;14;-1;14;-1;13;-2;13;-2;13;-2;13;-2;13;-2;13;-2;13;-2;13;-1;13;-1;4;-1;1;0;-1;0;-1;-1;-1;-1;1;1;5;4;15;11;15;12;14;12;14;13;14;14;14;15;14;15;14;16;14;17;14;17;14;17;14;18;13;18;13;18;13;18;13;18;13;18;14;18;14;17;15;17;16;17;16;17;17;17;17;17;17;16;18;16;18;15;19;15,empty,EXP_S142,ZONE_02,entree_zone,4.1,entree_zone,entree dans la zone
556057406,-54,6,a0:9f:7a:73:2b:3e,384,-110;-96;8;0;-20;-10;-22;-9;-23;-9;-23;-9;-23;-8;-22;-7;-22;-6;-20;-5;-19;-4;-17;-2;-16;-1;-14;1;-12;3;-11;5;-9;7;-9;9;-9;11;-9;13;-10;15;-10;15;-11;15;-11;14;-11;14;-11;13;-11;12;-3;3;0;0;0;0;0;0;0;0;0;0;0;0;0;0;0;0;0;0;3;-7;14;-27;17;-26;21;-24;23;-21;23;-17;22;-14;18;-11;14;-9;9;-9;4;-11;0;-14;-3;-18;-5;-22;-6;-27;-5;-30;-3;-33;-1;-34;1;-34;2;-32;2;-30;2;-27;1;-24;-1;-21;-4;-18;-8;-15;-11;-14;-113;0;0;5;0;5;1;5;1;5;1;5;2;4;2;3;2;3;2;2;2;2;2;2;3;2;3;2;3;2;3;2;3;1;3;1;3;2;3;2;3;2;3;2;3;2;3;1;2;1;2;1;1;2;1;2;1;2;0;0;0;0;-1;-1;-1;-1;-1;-1;0;1;1;3;5;9;5;10;4;10;4;10;3;10;2;10;2;11;1;11;1;11;0;12;0;12;0;11;0;11;-1;10;-1;10;-2;10;-2;10;-2;10;-1;10;-1;9;-1;9;-1;8;-1;8;-1;8;-1;8;-1;8;0;8;1;7;-113;0;-15;-17;-15;-17;-15;-16;-15;-14;-15;-13;-15;-11;-15;-10;-15;-9;-15;-9;-15;-8;-15;-7;-15;-6;-15;-5;-15;-4;-15;-4;-15;-3;-15;-3;-15;-3;-15;-3;-15;-3;-15;-3;-15;-2;-15;-2;-15;-2;-15;-3;-15;-3;-15;-3;-14;-4;-6;-2;-2;-1;0;0;0;0;0;0;-2;-2;-5;-6;-12;-15;-12;-15;-11;-16;-11;-17;-11;-17;-11;-18;-11;-19;-10;-20;-10;-20;-10;-20;-10;-21;-10;-21;-10;-21;-9;-21;-9;-21;-9;-21;-9;-21;-9;-21;-10;-20;-11;-20;-11;-20;-12;-20;-13;-20;-13;-20;-14;-20;-14;-19;-15;-19;-15;-19,empty,EXP_S142,ZONE_02,entree_zone,4.1,entree_zone,entree dans la zone
556252631,-53,6,a0:9f:7a:73:2b:3e,384,-110;-96;8;0;-22;9;-25;12;-27;14;-28;15;-29;16;-28;16;-27;15;-25;15;-23;13;-20;12;-16;11;-12;11;-7;11;-2;11;3;12;7;14;10;17;12;20;13;22;13;24;12;25;10;25;9;25;7;23;6;21;1;5;0;0;0;0;0;0;0;0;0;0;0;0;0;0;0;0;0;0;3;-8;16;-30;20;-30;23;-28;26;-26;26;-22;25;-18;22;-15;17;-12;11;-11;5;-11;-1;-13;-7;-16;-12;-20;-15;-25;-16;-29;-17;-33;-16;-35;-15;-37;-14;-37;-13;-36;-12;-33;-11;-29;-11;-24;-12;-18;-13;-13;-14;-8;-120;0;9;4;9;4;9;4;10;3;10;2;10;1;9;0;8;0;8;-1;8;-1;8;-1;8;-1;9;-2;9;-2;8;-3;8;-3;8;-2;8;-1;8;-1;9;-1;9;-1;8;-2;8;-2;7;-1;6;-1;6;0;6;1;7;1;2;0;0;0;-1;-1;-1;-1;-1;-1;1;0;4;1;12;5;12;5;12;6;12;6;11;6;11;7;10;8;10;9;10;10;10;11;11;10;11;10;10;9;9;9;9;9;8;10;9;10;9;10;9;10;9;9;9;8;8;7;8;7;8;8;9;7;10;7;11;6;11;5;-120;0;-27;-2;-26;-2;-25;-1;-24;0;-23;1;-23;3;-22;4;-21;5;-20;6;-20;7;-19;8;-18;9;-18;9;-17;10;-17;11;-17;11;-17;11;-17;11;-17;11;-17;11;-16;11;-16;11;-16;11;-16;11;-16;11;-16;10;-17;10;-17;9;-6;3;-2;0;0;-1;1;0;0;0;-3;-1;-7;-3;-20;-7;-20;-8;-20;-8;-20;-9;-20;-10;-21;-11;-21;-12;-21;-13;-21;-13;-21;-13;-22;-13;-22;-13;-22;-13;-22;-14;-22;-14;-22;-14;-22;-13;-22;-12;-22;-12;-23;-11;-24;-10;-25;-10;-25;-9;-26;-8;-26;-7;-26;-6;-27;-5;-27;-4,empty,EXP_S142,ZONE_02,entree_zone,4.1,entree_zone,entree dans la zone
556454822,-53,6,a0:9f:7a:73:2b:3e,384,-110;-96;8;0;19;-7;19;-9;20;-11;21;-13;21;-14;21;-14;21;-14;21;-14;20;-13;18;-12;16;-11;14;-10;11;-10;8;-10;6;-11;3;-13;1;-15;0;-17;0;-19;0;-21;1;-22;3;-22;4;-22;6;-21;7;-20;1;-5;0;0;0;0;0;0;0;0;0;0;0;0;0;0;0;0;0;0;4;5;18;22;17;24;14;26;11;28;7;27;5;25;3;22;3;19;5;15;7;12;10;10;14;9;18;9;22;10;24;12;26;14;26;16;26;17;26;18;25;18;23;17;22;15;20;13;19;11;18;8;18;5;-110;0;-12;1;-12;0;-12;0;-12;1;-12;3;-12;4;-11;6;-10;6;-9;6;-8;6;-9;6;-9;6;-10;7;-10;8;-9;9;-8;8;-8;7;-8;6;-9;6;-10;6;-10;6;-10;7;-9;7;-8;7;-7;5;-8;4;-8;3;-9;3;-3;0;-1;0;0;-1;1;-1;0;0;-2;0;-7;0;-20;0;-20;0;-21;-1;-20;-1;-20;-2;-19;-4;-19;-5;-19;-7;-20;-8;-21;-8;-21;-8;-20;-7;-19;-7;-18;-7;-17;-8;-17;-9;-17;-9;-17;-9;-17;-8;-17;-6;-15;-5;-14;-5;-13;-5;-14;-5;-14;-5;-15;-4;-16;-2;-16;-1;-110;0;47;-9;46;-10;44;-10;42;-12;40;-13;38;-15;36;-16;34;-17;33;-18;31;-18;30;-19;29;-20;28;-21;27;-22;27;-23;26;-24;26;-24;27;-23;27;-23;26;-23;26;-23;25;-22;25;-22;25;-21;26;-21;26;-19;27;-18;27;-17;9;-6;3;-2;-1;0;-3;0;-2;0;3;-2;12;-3;36;-8;37;-6;38;-5;39;-4;40;-2;41;-1;42;0;43;2;44;2;45;3;45;4;45;5;45;6;46;7;46;7;45;7;45;7;45;6;45;5;46;3;47;2;48;1;48;0;48;-1;48;-2;48;-3;49;-4;49;-5,transition,EXP_S142,ZONE_02,entree_zone,4.1,entree_zone,entree dans la zone
556657626,-53,6,a0:9f:7a:73:2b:3e,384,-110;-96;8;0;-21;-5;-22;-3;-23;-2;-23;0;-24;1;-24;2;-25;2;-25;2;-24;2;-23;1;-22;1;-20;0;-18;0;-16;2;-14;3;-12;5;-11;8;-11;10;-12;12;-13;13;-14;14;-16;14;-17;13;-18;11;-19;10;-5;2;0;0;0;0;0;0;0;0;0;0;0;0;0;0;0;0;0;0;-6;-5;-21;-21;-19;-23;-17;-25;-14;-27;-11;-27;-9;-25;-7;-23;-7;-21;-8;-18;-10;-16;-13;-15;-16;-14;-18;-15;-21;-16;-22;-18;-23;-20;-23;-21;-23;-23;-22;-23;-22;-23;-21;-22;-20;-21;-20;-19;-19;-17;-20;-15;-20;-14;-102;0;7;-1;7;-1;7;-1;8;-1;8;-2;8;-3;8;-5;7;-6;6;-6;6;-6;6;-6;7;-6;8;-7;8;-8;8;-8;7;-8;7;-8;7;-7;7;-6;8;-6;8;-6;8;-7;8;-7;7;-7;7;-7;7;-6;7;-5;8;-4;2;-2;0;-1;-1;0;-1;-1;-1;-1;1;0;5;2;15;6;15;7;14;7;14;7;13;7;12;8;11;9;11;10;11;11;11;11;11;11;11;10;10;9;9;9;8;9;7;9;7;10;8;9;9;9;9;7;8;6;7;5;7;5;7;5;8;5;9;4;9;3;10;2;-102;0;-49;-14;-48;-13;-46;-11;-45;-9;-43;-7;-42;-5;-40;-3;-39;-1;-38;1;-38;3;-37;4;-36;5;-35;6;-35;7;-35;8;-35;9;-35;9;-35;9;-35;9;-34;9;-33;9;-33;9;-32;8;-32;8;-32;7;-32;6;-32;5;-33;4;-12;1;-4;0;1;-1;2;0;1;0;-5;-1;-15;-3;-40;-7;-40;-8;-40;-10;-40;-12;-41;-14;-42;-16;-42;-18;-43;-19;-43;-21;-44;-22;-44;-23;-44;-24;-44;-25;-43;-26;-43;-26;-42;-26;-42;-26;-42;-25;-43;-25;-44;-24;-45;-23;-46;-23;-47;-22;-48;-21;-49;-20;-49;-19;-50;-18;-50;-16,transition,EXP_S142,ZONE_02,entree_zone,4.1,entree_zone,entree dans la zone
556853753,-56,6,a0:9f:7a:73:2b:3e,384,-110;-96;8;0;10;-16;7;-15;3;-14;0;-14;-4;-13;-7;-13;-10;-13;-12;-14;-13;-15;-13;-15;-12;-16;-11;-15;-9;-13;-8;-11;-6;-8;-6;-4;-6;1;-7;5;-9;8;-12;10;-15;11;-18;12;-21;11;-22;9;-23;7;-6;1;0;0;0;0;0;0;0;0;0;0;0;0;0;0;0;0;0;0;8;-1;33;-2;35;1;36;5;36;9;34;12;31;14;28;14;24;12;21;9;19;5;18;1;18;-4;20;-9;23;-12;25;-14;28;-16;29;-17;30;-17;31;-16;30;-16;29;-16;28;-17;26;-17;24;-17;21;-17;20;-17;-111;0;3;2;3;2;3;2;3;2;4;2;5;1;5;1;6;1;6;0;7;0;7;-1;7;-1;7;-1;8;-1;8;-1;8;-1;8;-1;8;-1;8;0;8;0;8;0;8;0;8;0;7;0;7;0;7;0;6;0;6;1;2;0;0;0;-1;0;0;-1;0;-1;-1;1;-3;3;-6;10;-7;11;-8;10;-8;10;-8;10;-8;9;-8;8;-9;8;-9;8;-10;8;-9;8;-9;8;-8;7;-8;7;-8;6;-7;5;-7;5;-7;5;-6;5;-5;5;-4;5;-3;4;-3;4;-2;3;-2;3;-1;3;0;4;0;4;-111;0;11;-20;10;-20;9;-19;7;-18;5;-17;4;-16;2;-15;0;-14;-1;-13;-3;-12;-4;-12;-5;-11;-6;-10;-7;-10;-8;-9;-9;-9;-10;-9;-11;-9;-12;-9;-12;-9;-12;-8;-13;-8;-13;-8;-14;-8;-14;-8;-14;-9;-14;-10;-14;-10;-5;-4;-2;-2;0;0;-1;1;-1;0;1;-2;5;-6;14;-17;15;-16;16;-16;16;-16;17;-16;18;-17;19;-17;20;-17;20;-18;21;-18;21;-18;21;-18;22;-18;22;-18;22;-18;22;-18;21;-18;21;-18;20;-18;20;-19;19;-20;19;-20;18;-21;18;-21;17;-21;16;-22;16;-22;15;-22,transition,EXP_S142,ZONE_02,entree_zone,4.1,entree_zone,entree dans la zone
557052174,-55,6,a0:9f:7a:73:2b:3e,384,-110;-96;8;0;-33;-9;-31;-9;-29;-9;-26;-7;-23;-5;-21;-2;-19;2;-18;5;-18;8;-18;10;-19;12;-20;13;-20;13;-20;12;-19;11;-17;11;-16;10;-13;11;-11;12;-9;13;-8;14;-7;16;-7;18;-7;19;-8;20;-2;5;0;0;0;0;0;0;0;0;0;0;0;0;0;0;0;0;0;0;-5;-7;-17;-28;-14;-30;-10;-33;-5;-33;-1;-31;1;-27;2;-22;0;-18;-4;-14;-9;-12;-15;-11;-20;-13;-24;-16;-27;-20;-28;-24;-28;-28;-26;-30;-23;-31;-21;-30;-20;-27;-19;-24;-20;-20;-21;-16;-24;-13;-27;-10;-29;-9;-115;0;-4;3;-4;3;-4;3;-4;3;-3;2;-3;1;-4;-1;-4;-2;-5;-2;-5;-2;-5;-2;-4;-2;-3;-2;-3;-3;-3;-4;-4;-4;-4;-4;-4;-3;-4;-3;-3;-3;-2;-4;-2;-4;-2;-5;-3;-5;-3;-4;-3;-4;-3;-3;-2;-3;-1;-1;-1;-1;0;0;-1;-1;-1;-1;1;-1;4;0;13;0;13;1;13;1;13;2;12;3;11;4;11;5;11;7;11;8;11;8;11;8;10;7;9;7;7;8;6;8;5;9;5;10;5;9;5;8;4;7;2;6;1;6;0;7;-1;7;0;7;0;7;0;6;0;5;-115;0;-30;-6;-29;-6;-27;-5;-26;-4;-25;-3;-24;-2;-23;-1;-22;0;-21;0;-20;2;-19;3;-19;4;-19;4;-18;5;-18;6;-18;6;-18;7;-18;7;-18;7;-18;7;-18;7;-18;7;-18;6;-18;6;-18;6;-19;5;-19;4;-19;3;-7;1;-3;0;0;-1;1;-1;0;0;-2;0;-7;0;-18;0;-18;0;-19;0;-19;-1;-20;-1;-21;-2;-22;-2;-23;-3;-23;-4;-24;-4;-25;-4;-25;-5;-26;-5;-27;-6;-27;-7;-27;-7;-27;-7;-27;-7;-28;-7;-28;-7;-29;-7;-30;-7;-30;-7;-31;-7;-31;-7;-31;-7;-31;-6;-31;-6,transition,EXP_S142,ZONE_02,entree_zone,4.1,entree_zone,entree dans la zone
557252372,-55,6,a0:9f:7a:73:2b:3e,384,-110;-96;8;0;-31;-1;-28;0;-25;1;-21;3;-18;6;-16;8;-15;11;-14;14;-15;16;-16;17;-17;17;-17;16;-17;14;-16;12;-14;10;-11;9;-8;8;-4;9;-1;10;1;12;3;15;3;18;2;20;0;22;-2;23;-1;5;0;0;0;0;0;0;0;0;0;0;0;0;0;0;0;0;0;0;-8;-2;-30;-6;-31;-10;-31;-15;-29;-19;-26;-21;-22;-22;-20;-20;-17;-18;-17;-14;-17;-10;-19;-7;-23;-4;-27;-3;-30;-3;-34;-4;-36;-6;-37;-8;-37;-9;-36;-10;-36;-9;-35;-8;-34;-7;-34;-6;-34;-4;-34;-3;-34;-2;-105;0;-3;-2;-3;-2;-3;-2;-3;-2;-3;-3;-4;-4;-4;-4;-5;-5;-6;-5;-6;-5;-6;-5;-5;-5;-5;-6;-5;-6;-5;-6;-5;-7;-5;-6;-5;-6;-4;-6;-4;-6;-3;-6;-3;-7;-3;-7;-4;-6;-3;-6;-3;-6;-2;-5;-2;-5;-1;-2;-1;-1;0;0;-1;0;-1;0;0;-1;3;-3;9;-7;9;-7;10;-7;10;-6;10;-5;10;-4;10;-3;10;-2;10;-1;11;-1;11;-1;10;-1;9;-1;8;-1;7;0;7;1;7;1;7;1;6;1;5;0;4;0;3;0;2;0;1;1;1;1;1;0;1;-1;0;-2;-105;0;-30;3;-29;3;-28;4;-26;4;-25;4;-23;4;-21;5;-19;6;-18;6;-16;7;-15;8;-14;8;-14;9;-13;9;-12;10;-12;10;-12;11;-11;12;-11;12;-11;12;-11;12;-11;12;-11;12;-11;12;-12;12;-12;12;-13;11;-14;11;-5;4;-2;1;0;-1;1;-1;0;-1;-2;0;-7;2;-18;7;-19;7;-19;6;-20;6;-21;6;-22;6;-23;6;-24;5;-25;5;-26;5;-27;5;-27;4;-28;4;-29;4;-29;3;-29;3;-30;3;-30;3;-30;3;-31;3;-32;3;-32;4;-33;4;-33;4;-33;4;-33;4;-33;4;-33;4,transition,EXP_S142,ZONE_02,entree_zone,4.1,entree_zone,entree dans la zone
557453892,-55,6,a0:9f:7a:73:2b:3e,384,-110;-96;8;0;-26;23;-25;20;-23;16;-19;12;-14;9;-8;8;-2;7;3;8;7;11;10;14;11;17;10;20;8;22;6;22;3;21;1;19;0;15;-1;10;0;6;3;2;6;0;10;-2;14;-1;17;0;19;2;5;0;0;0;0;0;0;0;0;0;0;0;0;0;0;0;0;0;0;0;-7;1;-28;3;-30;1;-31;-1;-31;-4;-31;-5;-29;-6;-27;-5;-26;-4;-25;-1;-24;1;-25;4;-26;6;-28;8;-31;9;-32;9;-33;8;-33;8;-32;7;-30;7;-28;8;-25;10;-23;14;-21;17;-21;21;-21;24;-22;26;-103;0;-4;8;-4;8;-4;8;-4;8;-5;8;-5;8;-6;7;-6;8;-7;8;-7;8;-7;8;-7;8;-7;7;-8;7;-8;7;-9;7;-9;6;-9;6;-8;6;-8;5;-8;4;-9;4;-9;4;-9;4;-9;3;-8;3;-8;2;-8;2;-3;0;-1;0;0;-1;-1;0;-1;0;0;-1;0;-3;2;-8;2;-8;2;-7;3;-7;3;-7;3;-6;3;-5;4;-4;5;-4;5;-4;5;-4;4;-3;4;-2;3;-1;3;0;4;0;4;1;4;1;3;1;3;2;2;2;1;4;1;4;1;5;1;6;0;6;0;6;-1;6;-103;0;-19;19;-18;18;-17;18;-15;17;-14;16;-12;16;-11;15;-10;14;-8;14;-7;13;-5;13;-4;13;-3;13;-2;13;-2;12;-1;12;0;12;0;12;1;13;1;13;1;13;2;13;2;13;2;13;2;13;2;14;1;14;1;14;0;5;-1;1;-1;-1;0;-2;0;-1;-1;2;-4;6;-11;19;-11;18;-12;18;-13;18;-14;18;-15;18;-16;19;-17;19;-18;19;-19;19;-20;19;-20;20;-21;19;-21;19;-21;19;-22;19;-22;19;-22;19;-22;19;-22;19;-22;20;-22;20;-22;20;-22;21;-22;21;-21;22;-21;22;-21;22,transition,EXP_S142,ZONE_02,entree_zone,4.1,entree_zone,entree dans la zone
557652391,-55,6,a0:9f:7a:73:2b:3e,384,-110;-96;8;0;-33;9;-32;7;-29;5;-25;5;-20;5;-16;6;-12;9;-8;11;-6;15;-6;18;-6;20;-6;22;-8;23;-9;22;-9;21;-9;19;-9;17;-7;15;-5;13;-2;13;0;12;3;13;5;14;6;16;6;18;1;4;0;0;0;0;0;0;0;0;0;0;0;0;0;0;0;0;0;0;-7;-4;-28;-16;-26;-19;-24;-23;-20;-24;-16;-24;-13;-22;-11;-18;-11;-14;-13;-9;-17;-6;-21;-3;-25;-3;-30;-4;-33;-6;-35;-9;-35;-12;-34;-14;-32;-14;-29;-14;-27;-12;-25;-8;-24;-4;-24;1;-25;5;-28;8;-30;10;-101;0;-4;5;-4;5;-5;5;-5;5;-5;4;-5;3;-6;3;-6;2;-7;2;-7;2;-7;2;-6;2;-6;1;-6;0;-7;0;-7;0;-7;0;-7;0;-7;0;-6;-1;-6;-1;-6;-2;-6;-2;-6;-2;-6;-2;-6;-2;-6;-2;-5;-2;-2;-1;-1;-1;0;0;-1;0;-1;0;1;-1;3;-2;10;-4;11;-4;11;-3;11;-2;11;-1;10;0;10;1;10;2;10;3;10;3;10;4;9;4;8;5;7;5;6;6;6;7;5;7;5;7;4;6;3;6;2;6;1;6;1;7;0;7;0;7;-1;7;-1;6;-1;6;-101;0;-27;6;-26;6;-25;7;-24;7;-22;7;-21;8;-20;8;-18;8;-17;9;-16;9;-15;10;-14;11;-14;11;-13;11;-13;12;-13;12;-13;12;-13;12;-13;12;-13;12;-13;12;-13;12;-13;12;-13;11;-14;11;-14;10;-15;10;-15;9;-6;3;-2;0;0;-1;1;-1;0;-1;-2;1;-6;3;-17;9;-18;8;-18;8;-19;7;-20;7;-21;7;-22;6;-22;6;-23;6;-24;6;-25;6;-25;5;-26;5;-26;4;-26;4;-26;4;-26;4;-27;4;-27;4;-27;5;-28;5;-28;5;-29;5;-29;6;-29;6;-29;7;-29;7;-29;7,transition,EXP_S142,ZONE_02,entree_zone,4.1,entree_zone,entree dans la zone
557852504,-54,6,a0:9f:7a:73:2b:3e,384,-110;-96;8;0;3;32;3;30;3;28;4;25;6;22;8;20;10;18;13;17;15;16;17;16;18;17;18;18;17;19;16;19;15;18;13;17;12;15;12;12;13;10;14;8;16;6;17;6;19;7;20;8;21;9;5;2;0;0;0;0;0;0;0;0;0;0;0;0;0;0;0;0;0;0;-2;6;-6;27;-10;28;-15;28;-19;26;-22;23;-23;19;-21;16;-18;13;-14;12;-9;12;-6;15;-3;19;-2;23;-2;28;-4;32;-7;34;-9;35;-11;34;-12;33;-12;31;-11;30;-8;28;-5;28;-2;28;0;29;2;31;-106;0;1;2;1;2;1;2;1;2;0;2;-1;2;-2;2;-2;3;-2;4;-2;4;-2;4;-3;3;-3;3;-4;3;-4;3;-5;3;-4;4;-4;3;-4;3;-4;2;-4;2;-5;2;-5;2;-5;2;-5;2;-4;2;-4;1;-4;1;-2;0;-1;0;0;-1;0;0;0;0;-1;-2;-2;-4;-6;-10;-5;-11;-5;-11;-4;-11;-3;-11;-2;-11;-1;-11;0;-11;0;-12;1;-12;1;-12;1;-12;2;-11;2;-10;3;-9;4;-9;4;-8;4;-8;3;-8;3;-7;3;-6;3;-4;3;-3;4;-3;4;-3;3;-3;3;-3;2;-2;-106;0;1;30;2;29;2;28;3;27;3;25;4;24;4;23;5;22;6;21;6;20;7;19;8;19;8;19;9;18;9;18;9;18;10;18;10;18;10;18;9;18;9;18;9;18;8;18;8;18;7;18;6;18;5;19;4;19;1;6;0;2;-1;-1;-1;-2;-1;-1;0;1;1;6;3;18;2;18;1;18;1;19;1;20;0;20;0;21;0;22;-1;23;-1;23;-1;24;-1;24;-2;25;-2;26;-3;26;-3;26;-3;26;-2;27;-2;27;-2;28;-1;28;-1;29;-1;30;0;30;0;30;0;31;1;31;1;32,transition,EXP_S142,ZONE_02,entree_zone,4.1,entree_zone,entree dans la zone
558052651,-53,6,a0:9f:7a:73:2b:3e,384,-110;-96;8;0;-11;29;-9;27;-7;25;-4;24;-1;24;1;25;3;26;5;27;5;28;5;29;3;29;2;29;0;27;-1;25;-1;22;1;19;2;18;5;16;7;16;10;18;11;19;11;21;10;23;8;25;6;26;1;6;0;0;0;0;0;0;0;0;0;0;0;0;0;0;0;0;0;0;-3;6;-12;24;-15;23;-19;21;-21;18;-21;15;-19;12;-17;11;-14;11;-11;13;-8;15;-7;19;-8;22;-9;26;-12;28;-15;29;-17;29;-19;28;-19;27;-19;26;-18;25;-16;25;-15;26;-13;28;-11;29;-11;31;-11;31;-99;0;-5;0;-5;0;-6;0;-7;-1;-8;-1;-8;-2;-9;-2;-10;-3;-11;-3;-11;-3;-11;-4;-11;-5;-11;-6;-11;-7;-12;-7;-12;-8;-11;-8;-11;-8;-10;-9;-9;-9;-9;-10;-8;-10;-7;-10;-7;-10;-6;-10;-5;-10;-4;-10;-2;-11;-1;-4;-1;-2;0;0;-1;1;-1;0;0;-2;1;-7;3;-19;4;-19;6;-19;7;-18;8;-17;9;-16;11;-15;11;-14;12;-14;12;-13;13;-12;12;-11;12;-9;12;-8;12;-6;12;-5;12;-4;11;-4;10;-3;8;-2;7;-2;6;-1;6;0;5;0;4;0;2;0;1;-1;0;-1;-99;0;-22;58;-22;57;-21;55;-19;53;-18;52;-16;51;-15;49;-13;48;-12;47;-10;46;-10;46;-9;46;-8;46;-8;46;-8;46;-8;46;-9;45;-10;45;-11;45;-12;44;-13;43;-14;42;-15;41;-16;40;-18;38;-21;37;-23;35;-25;34;-10;12;-4;3;0;-2;-1;-3;-1;-2;0;3;1;11;4;32;3;33;1;34;0;36;-2;37;-3;39;-4;40;-5;42;-7;44;-9;45;-10;46;-12;47;-14;48;-16;48;-17;48;-18;49;-18;49;-19;50;-19;51;-20;52;-20;53;-20;55;-21;56;-21;57;-22;58;-22;58;-23;59;-23;60,transition,EXP_S142,ZONE_02,entree_zone,4.1,entree_zone,entree dans la zone
558252280,-54,6,a0:9f:7a:73:2b:3e,384,-110;-96;8;0;-25;-9;-21;-6;-17;-2;-14;3;-13;9;-13;14;-14;18;-16;21;-19;23;-22;23;-24;22;-25;19;-26;16;-24;12;-21;10;-16;8;-12;7;-7;9;-3;11;0;15;1;19;0;22;-2;25;-5;27;-8;28;-3;7;0;0;0;0;0;0;0;0;0;0;0;0;0;0;0;0;0;0;-5;-4;-17;-15;-17;-17;-17;-20;-17;-22;-15;-24;-14;-25;-13;-24;-12;-23;-11;-22;-12;-20;-12;-18;-14;-17;-15;-16;-17;-15;-19;-14;-20;-13;-22;-12;-24;-11;-26;-10;-28;-9;-30;-8;-32;-7;-34;-8;-36;-9;-36;-10;-36;-11;-117;0;-5;-10;-5;-10;-5;-10;-4;-10;-4;-10;-4;-10;-4;-11;-5;-11;-5;-11;-5;-11;-4;-11;-4;-11;-3;-12;-3;-12;-3;-12;-3;-12;-2;-12;-2;-12;-1;-11;-1;-11;0;-11;0;-11;1;-10;1;-10;1;-10;1;-9;2;-8;2;-8;1;-3;0;-1;-1;0;-1;0;-1;0;0;-1;1;-3;4;-6;4;-6;5;-6;5;-6;5;-5;4;-5;4;-4;4;-4;4;-3;4;-3;4;-3;4;-3;3;-3;3;-3;2;-3;2;-2;2;-2;1;-3;1;-3;0;-4;-1;-5;-1;-5;-2;-5;-3;-5;-3;-6;-3;-6;-3;-7;-3;-8;-117;0;-28;-1;-27;-1;-26;0;-26;0;-25;1;-24;1;-23;2;-22;3;-21;4;-20;4;-20;5;-20;5;-20;5;-20;6;-20;6;-20;7;-20;7;-20;7;-21;6;-21;6;-21;5;-20;5;-20;4;-20;3;-21;3;-21;1;-21;0;-21;-1;-8;-1;-3;-1;0;-1;1;-1;0;-1;-2;0;-7;1;-19;3;-19;2;-19;1;-19;1;-20;0;-21;0;-21;0;-22;-1;-23;-1;-23;-2;-24;-2;-24;-3;-24;-4;-24;-4;-25;-4;-25;-4;-25;-4;-25;-4;-25;-4;-26;-4;-26;-3;-27;-3;-27;-2;-28;-2;-28;-2;-29;-2;-29;-2;-29;-2,transition,EXP_S142,ZONE_02,entree_zone,4.1,entree_zone,entree dans la zone
558452458,-56,6,a0:9f:7a:73:2b:3e,384,-110;-96;8;0;18;13;17;9;17;6;17;2;17;-2;18;-6;19;-8;21;-10;22;-11;23;-11;23;-10;22;-8;21;-6;18;-5;14;-5;10;-6;6;-8;3;-11;1;-15;0;-19;1;-23;3;-26;5;-27;8;-28;10;-27;2;-7;0;0;0;0;0;0;0;0;0;0;0;0;0;0;0;0;0;0;2;6;8;28;5;31;1;33;-3;34;-6;33;-9;31;-11;27;-10;24;-7;20;-4;18;1;16;6;16;11;18;14;20;16;23;18;25;18;27;19;29;19;29;19;30;19;29;19;28;20;27;20;25;21;24;21;22;-104;0;-3;4;-3;4;-3;4;-3;4;-3;5;-3;6;-2;7;-2;7;-1;7;-1;7;-2;7;-2;7;-3;8;-3;8;-3;9;-2;9;-2;9;-3;8;-3;8;-4;7;-4;8;-4;8;-4;8;-4;7;-4;7;-4;6;-4;5;-5;5;-2;1;-1;0;0;-1;0;0;0;0;-2;0;-5;-1;-13;-2;-13;-2;-13;-3;-13;-3;-13;-4;-12;-4;-12;-5;-11;-5;-11;-6;-11;-6;-11;-6;-11;-6;-10;-5;-9;-5;-8;-5;-7;-6;-7;-6;-7;-5;-7;-4;-7;-3;-6;-2;-6;-1;-5;-1;-4;-1;-5;-1;-5;0;-5;1;-5;2;-104;0;24;12;23;11;23;10;22;8;21;7;19;5;19;4;18;2;17;1;16;0;16;-2;16;-3;16;-4;16;-5;16;-6;16;-7;16;-8;16;-8;17;-8;17;-9;17;-9;17;-8;17;-8;18;-8;18;-8;19;-7;20;-6;20;-5;7;-2;2;-1;-1;0;-2;-1;-1;-1;1;0;6;3;17;9;16;10;16;10;16;11;17;11;18;12;18;12;19;13;19;13;19;14;20;14;20;15;20;15;21;16;21;16;21;16;21;16;21;16;22;16;22;16;23;15;24;15;25;15;25;15;25;15;25;14;26;14;26;14,transition,EXP_S142,ZONE_02,entree_zone,4.1,entree_zone,entree dans la zone
558652328,-54,6,a0:9f:7a:73:2b:3e,384,-110;-96;8;0;-7;29;-6;27;-4;24;-1;22;2;20;6;19;9;19;11;20;13;21;13;23;13;24;11;25;9;25;7;23;5;21;4;18;5;15;6;11;8;9;11;8;14;8;16;9;17;10;18;13;18;14;4;3;0;0;0;0;0;0;0;0;0;0;0;0;0;0;0;0;0;0;-2;6;-8;25;-12;25;-16;24;-19;22;-21;19;-21;16;-19;14;-17;13;-14;13;-10;14;-8;17;-7;20;-7;24;-8;27;-10;29;-13;30;-14;30;-15;30;-15;30;-15;29;-13;29;-11;29;-10;30;-8;31;-8;32;-7;33;-110;0;-3;1;-3;2;-3;2;-4;2;-4;1;-5;1;-6;1;-6;2;-7;2;-7;2;-7;2;-7;1;-7;1;-8;1;-8;0;-8;0;-8;0;-8;0;-7;0;-7;-1;-7;-1;-7;-1;-7;-1;-7;-1;-7;-1;-6;-1;-6;-2;-5;-2;-2;-1;-1;-1;0;0;0;0;0;0;-1;-2;-1;-4;-3;-11;-2;-11;-2;-11;-1;-11;0;-10;0;-10;1;-9;2;-9;3;-9;3;-9;3;-9;3;-9;3;-8;3;-7;3;-6;4;-5;4;-5;4;-5;3;-5;2;-4;2;-3;1;-2;1;-1;1;-1;1;-1;0;-1;0;-1;-1;-1;-110;0;-8;28;-7;28;-6;27;-6;26;-5;25;-4;24;-3;23;-2;22;-1;21;0;21;0;20;1;20;1;20;2;19;2;19;2;19;2;19;2;19;2;19;1;19;1;19;1;18;1;18;0;18;0;17;-1;17;-2;17;-3;17;-2;6;-1;1;-1;-1;-1;-2;-1;-1;0;1;0;5;2;16;1;16;1;17;0;17;0;18;-1;19;-1;20;-2;21;-3;22;-3;23;-4;24;-5;24;-5;25;-6;25;-7;26;-7;26;-8;26;-8;26;-8;26;-8;27;-8;28;-8;28;-8;29;-8;29;-8;30;-8;30;-8;30;-8;31,transition,EXP_S142,ZONE_02,entree_zone,4.1,entree_zone,entree dans la zone
558874636,-56,6,a0:9f:7a:73:2b:3e,384,-110;-96;8;0;20;19;21;17;22;15;22;11;23;8;24;5;25;2;26;0;27;-1;27;-2;27;-2;25;-2;23;-2;20;-3;17;-5;13;-7;11;-11;9;-15;8;-19;8;-22;9;-25;11;-26;13;-26;15;-26;16;-25;4;-6;0;0;0;0;0;0;0;0;0;0;0;0;0;0;0;0;0;0;-4;5;-18;22;-22;21;-27;17;-29;12;-29;7;-26;3;-21;0;-15;-1;-8;1;-2;5;2;11;5;17;6;24;4;30;2;35;-1;38;-4;39;-6;38;-7;37;-6;34;-5;31;-2;28;2;26;6;24;10;23;13;22;-119;0;-1;-2;-1;-2;-1;-2;-2;-2;-3;-1;-4;0;-4;1;-5;2;-4;3;-4;3;-5;2;-5;2;-6;2;-7;2;-8;3;-8;3;-8;3;-7;2;-8;1;-8;0;-9;0;-9;0;-9;0;-8;0;-8;0;-7;-1;-6;-2;-6;-3;-2;-2;-1;-1;0;0;0;0;0;0;-2;-2;-5;-4;-13;-11;-13;-12;-12;-13;-11;-14;-11;-14;-9;-15;-8;-15;-7;-16;-6;-17;-6;-18;-5;-17;-5;-17;-4;-16;-3;-15;-1;-15;-1;-15;0;-15;0;-14;-1;-14;-1;-12;0;-11;0;-10;1;-9;1;-9;1;-9;0;-8;-1;-8;-1;-7;-119;0;18;22;18;21;18;20;18;19;18;17;18;16;17;15;17;13;17;12;17;11;17;10;18;9;18;8;19;8;19;7;20;7;20;7;20;7;20;8;20;8;20;8;19;8;19;8;19;9;19;9;18;10;18;12;17;13;6;5;1;1;-1;-1;-1;-1;-1;-1;0;0;2;3;7;8;7;8;8;8;8;9;9;10;10;11;11;12;11;13;11;13;12;14;13;15;13;16;14;17;14;18;14;19;13;20;13;20;14;20;15;20;15;21;16;22;17;23;17;23;17;23;18;23;18;23;19;23;20;23,transition,EXP_S142,ZONE_02,entree_zone,4.1,entree_zone,entree dans la zone
559052063,-58,6,a0:9f:7a:73:2b:3e,384,-110;-96;8;0;6;30;8;32;10;33;11;31;12;28;11;24;10;19;8;15;4;10;0;7;-4;4;-8;3;-12;3;-15;4;-17;6;-18;8;-19;9;-18;10;-16;11;-14;11;-11;11;-9;10;-6;7;-4;4;-3;2;-1;0;0;0;0;0;0;0;0;0;0;0;0;0;0;0;0;0;0;0;-7;-4;-28;-14;-31;-16;-34;-17;-35;-18;-35;-18;-33;-17;-29;-16;-23;-15;-16;-13;-8;-13;0;-12;9;-13;16;-15;23;-17;28;-19;31;-22;32;-24;32;-26;29;-26;26;-25;22;-23;17;-19;12;-13;8;-5;5;3;4;9;64;0;18;11;18;11;17;11;17;11;16;11;15;10;14;10;13;9;12;9;11;9;11;8;10;8;10;7;10;7;10;7;9;7;9;6;9;6;9;6;9;6;9;5;9;5;8;5;8;5;9;5;9;6;9;6;9;6;3;2;1;0;-1;-1;-2;0;-1;0;1;-2;6;-6;17;-15;18;-14;20;-13;21;-12;22;-11;22;-10;23;-8;24;-7;24;-6;25;-4;25;-3;25;-2;25;0;24;1;24;2;23;3;23;4;23;4;23;5;23;6;23;6;22;7;22;8;22;8;22;9;22;10;22;10;21;10;64;0;-16;7;-15;7;-14;6;-13;6;-12;6;-11;7;-10;7;-9;7;-8;6;-7;6;-6;6;-4;6;-4;6;-3;6;-2;7;-2;7;-2;7;-1;8;-1;8;0;8;0;8;0;9;0;9;0;9;-1;9;-1;9;-1;9;-1;9;-1;3;-1;1;0;-1;0;0;0;0;-2;-1;-6;-1;-15;-2;-15;-3;-14;-3;-14;-3;-14;-2;-14;-2;-14;-2;-14;-2;-14;-1;-14;-1;-14;0;-15;0;-15;1;-15;1;-16;1;-15;1;-15;2;-15;2;-15;3;-16;4;-16;5;-17;5;-17;6;-17;6;-17;6;-17;7;-16;7;-16;8,transition,EXP_S142,ZONE_02,entree_zone,4.1,entree_zone,entree dans la zone
559252510,-58,6,a0:9f:7a:73:2b:3e,384,-110;-96;8;0;18;46;19;44;19;40;17;35;14;30;10;25;4;20;-2;17;-8;14;-14;12;-19;12;-23;12;-26;12;-28;12;-28;12;-28;12;-26;11;-24;9;-21;7;-18;4;-16;0;-13;-3;-11;-7;-10;-10;-9;-12;-3;-4;0;0;0;0;0;0;0;0;0;0;0;0;0;0;0;0;0;0;-6;-1;-21;-3;-22;-2;-22;-1;-20;1;-17;2;-13;2;-7;1;0;0;6;-3;13;-6;18;-10;22;-14;25;-18;27;-22;26;-25;24;-27;21;-27;17;-25;13;-21;9;-15;6;-7;4;2;4;12;5;21;7;30;9;36;61;0;21;22;21;22;21;21;20;21;20;20;19;20;18;19;18;19;18;18;18;18;18;17;18;16;18;16;17;16;16;16;16;16;16;15;16;15;15;14;14;14;14;13;13;12;13;12;12;12;12;11;12;11;11;11;10;11;3;4;1;1;-1;-1;-1;0;-1;0;0;-1;2;-3;7;-7;7;-6;8;-6;9;-5;9;-4;10;-3;11;-2;12;-1;12;0;13;1;13;2;13;3;13;4;14;6;14;7;15;8;16;9;16;9;16;10;16;11;16;13;17;14;18;15;19;16;20;17;21;17;21;18;21;18;61;0;-5;18;-4;17;-3;16;-2;15;-1;15;-1;14;-1;14;-2;13;-1;11;-1;9;1;8;2;7;2;7;3;7;3;7;2;6;2;5;3;4;4;3;5;3;5;3;5;3;5;3;4;3;4;3;5;2;5;2;5;2;2;1;0;0;-1;-1;0;-1;0;-1;-1;0;-4;2;-9;7;-9;7;-8;7;-8;8;-8;8;-8;9;-8;9;-8;10;-7;10;-7;11;-7;12;-7;13;-8;14;-8;14;-8;14;-8;15;-7;15;-7;16;-6;17;-7;18;-7;18;-7;18;-6;18;-6;18;-5;19;-4;20;-4;20;-4;21,transition,EXP_S142,ZONE_02,entree_zone,4.1,entree_zone,entree dans la zone
559455967,-57,6,a0:9f:7a:73:2b:3e,384,-110;-96;8;0;-31;-17;-33;-19;-33;-19;-31;-19;-28;-18;-23;-16;-17;-14;-11;-11;-5;-8;0;-5;6;-2;11;1;14;4;17;6;19;8;19;9;19;9;18;9;15;8;12;7;9;5;6;3;3;1;0;-2;-2;-3;-1;-1;0;0;0;0;0;0;0;0;0;0;0;0;0;0;0;0;0;0;-8;1;-31;7;-33;7;-36;8;-37;8;-37;8;-34;7;-30;6;-24;6;-16;5;-8;5;1;5;9;6;17;7;25;9;30;10;34;11;37;11;37;11;36;11;33;10;28;8;21;5;13;3;4;0;-5;-4;-11;-7;98;0;-19;8;-19;7;-19;7;-19;6;-18;6;-18;5;-17;5;-17;4;-16;4;-16;4;-15;4;-15;4;-14;3;-14;3;-13;2;-13;2;-13;2;-12;2;-12;2;-11;2;-11;1;-10;1;-10;1;-9;1;-9;1;-8;1;-8;2;-8;2;-3;0;-1;0;0;-1;-1;-1;0;-1;0;1;1;4;2;13;1;14;0;14;-1;14;-2;14;-3;14;-4;14;-5;14;-6;14;-7;14;-8;14;-9;14;-9;14;-10;13;-11;13;-12;12;-12;12;-13;12;-14;12;-14;11;-14;11;-15;11;-16;10;-17;10;-17;10;-18;10;-18;10;-19;10;98;0;-2;-21;-2;-20;-3;-19;-3;-18;-4;-16;-4;-15;-5;-14;-5;-13;-6;-12;-6;-11;-7;-9;-7;-9;-8;-8;-8;-7;-8;-7;-8;-6;-8;-5;-8;-5;-9;-4;-9;-3;-9;-3;-10;-3;-10;-2;-10;-2;-10;-2;-10;-3;-10;-3;-10;-3;-4;-1;-2;-1;0;0;-1;1;-1;0;0;-3;3;-8;8;-21;9;-20;9;-20;10;-20;10;-19;10;-20;10;-20;11;-20;11;-20;11;-20;10;-20;10;-20;9;-20;9;-20;9;-20;8;-20;8;-20;7;-20;6;-20;5;-21;4;-21;4;-22;3;-22;2;-22;1;-22;0;-22;-1;-22;-2;-22,transition,EXP_S142,ZONE_02,entree_zone,4.1,entree_zone,entree dans la zone
559652290,-56,6,a0:9f:7a:73:2b:3e,384,-110;-96;8;0;-10;-48;-9;-46;-8;-42;-7;-37;-5;-31;-3;-24;-1;-16;1;-9;3;-2;5;5;6;11;7;16;7;20;7;23;6;25;5;26;4;25;2;24;0;21;-1;18;-2;15;-3;11;-4;8;-4;4;-5;2;-2;0;0;0;0;0;0;0;0;0;0;0;0;0;0;0;0;0;0;0;-2;-6;-8;-21;-8;-19;-8;-15;-7;-11;-7;-6;-6;0;-5;6;-3;13;-2;19;-1;24;1;28;2;32;3;33;4;34;5;33;5;31;5;27;5;22;4;15;3;8;2;-1;-1;-9;-3;-18;-5;-27;-7;-34;-9;-40;101;0;-17;-19;-18;-19;-18;-18;-17;-17;-17;-16;-16;-15;-16;-15;-15;-15;-15;-14;-15;-14;-15;-13;-15;-12;-15;-12;-14;-11;-13;-11;-13;-11;-12;-11;-12;-11;-12;-10;-11;-10;-11;-9;-10;-8;-9;-8;-9;-7;-8;-7;-8;-6;-7;-6;-7;-6;-3;-2;-1;-1;0;0;0;0;0;0;-1;-1;-3;-2;-8;-5;-7;-5;-7;-6;-7;-6;-7;-7;-7;-8;-8;-9;-8;-9;-9;-10;-9;-10;-9;-10;-9;-11;-9;-11;-9;-12;-10;-13;-10;-13;-11;-13;-11;-13;-11;-13;-12;-14;-12;-15;-13;-16;-14;-16;-15;-17;-16;-17;-16;-17;-17;-17;-17;-17;101;0;1;-24;0;-23;0;-23;-1;-22;-1;-21;-1;-21;-1;-20;-1;-19;-1;-18;-1;-17;-1;-15;-2;-15;-2;-14;-2;-14;-1;-13;-1;-13;0;-12;0;-10;0;-9;0;-9;-1;-8;-1;-8;0;-7;0;-7;0;-6;0;-5;0;-5;0;-5;0;-2;-1;-1;-1;0;-1;0;-1;0;0;-2;2;-6;6;-15;6;-15;7;-14;7;-14;7;-14;7;-14;6;-15;6;-15;6;-16;6;-16;6;-17;6;-17;6;-18;5;-18;5;-18;4;-18;4;-19;3;-20;3;-21;3;-21;3;-22;2;-22;2;-22;1;-23;0;-23;0;-24;-1;-25;-1;-26,transition,EXP_S142,ZONE_02,entree_zone,4.1,entree_zone,entree dans la zone
559855599,-58,6,a0:9f:7a:73:2b:3e,384,-110;-96;8;0;-17;29;-18;30;-19;28;-20;26;-20;23;-19;19;-16;15;-13;12;-10;10;-6;8;-3;7;0;7;3;7;5;8;6;9;7;10;7;11;6;12;5;12;4;12;3;11;1;10;0;9;-1;7;-2;5;-1;1;0;0;0;0;0;0;0;0;0;0;0;0;0;0;0;0;0;0;-6;-1;-24;-4;-27;-4;-30;-6;-31;-8;-32;-11;-31;-13;-29;-14;-26;-14;-23;-12;-21;-8;-20;-4;-20;1;-22;6;-26;10;-29;12;-33;12;-35;12;-37;11;-37;10;-36;8;-33;7;-30;7;-25;9;-22;12;-19;15;-17;19;-113;0;7;4;7;4;7;4;6;4;6;4;6;4;5;4;5;4;5;4;5;3;5;3;5;3;5;2;5;2;5;2;5;2;5;1;5;1;5;1;5;1;5;0;5;0;6;0;6;-1;6;-1;6;-1;7;-1;7;-1;2;-1;0;-1;-1;0;-1;0;-1;0;0;-1;0;-3;2;-7;2;-7;3;-7;3;-7;4;-7;4;-7;5;-7;5;-7;6;-6;6;-6;6;-6;7;-5;7;-5;7;-4;7;-3;7;-3;8;-2;8;-1;8;-1;8;-1;8;0;7;0;8;1;8;2;8;2;8;2;8;3;8;3;-113;0;-25;16;-24;16;-22;15;-21;15;-19;14;-18;14;-16;13;-14;12;-13;12;-11;11;-10;11;-9;10;-8;10;-7;9;-7;9;-6;8;-5;8;-4;7;-4;7;-3;6;-2;6;-2;6;-1;6;-1;6;-1;6;-1;6;-1;6;-1;6;-1;2;-1;0;-1;-1;1;-1;0;-1;-3;0;-9;1;-23;3;-23;2;-23;2;-23;1;-24;2;-24;2;-24;3;-25;3;-25;4;-26;4;-26;4;-27;5;-27;5;-27;6;-27;7;-27;7;-27;8;-27;9;-27;10;-27;11;-28;12;-28;13;-28;14;-28;15;-27;15;-27;16;-27;17;-27;17,transition,EXP_S142,ZONE_02,entree_zone,4.1,entree_zone,entree dans la zone
560055316,-60,6,a0:9f:7a:73:2b:3e,384,-110;-96;8;0;0;-36;-1;-37;-2;-37;-2;-35;-2;-32;-1;-28;0;-24;3;-19;4;-14;6;-10;8;-6;10;-1;11;3;11;7;11;11;11;15;10;18;9;20;8;22;6;24;5;25;4;26;3;26;1;26;0;25;0;6;0;0;0;0;0;0;0;0;0;0;0;0;0;0;0;0;0;0;2;-6;12;-23;14;-25;15;-27;16;-27;16;-27;15;-25;13;-21;10;-17;7;-11;4;-5;1;2;-1;10;-2;17;-3;23;-4;28;-3;31;-1;33;1;33;3;31;5;26;7;20;9;13;9;5;8;-4;7;-12;6;-19;82;0;-9;-14;-9;-15;-9;-15;-9;-16;-9;-16;-8;-16;-8;-17;-8;-17;-9;-18;-9;-18;-9;-18;-9;-18;-9;-18;-10;-18;-10;-18;-10;-18;-10;-18;-10;-17;-10;-17;-10;-17;-11;-17;-11;-16;-11;-15;-11;-15;-11;-14;-11;-14;-11;-14;-10;-14;-4;-5;-2;-2;0;0;1;-1;0;-1;-2;1;-7;3;-19;10;-19;9;-19;8;-19;8;-19;7;-19;7;-19;6;-19;6;-19;5;-19;5;-19;4;-19;4;-18;3;-17;3;-17;2;-16;1;-16;0;-15;0;-14;-1;-14;-2;-13;-3;-12;-4;-12;-6;-12;-7;-12;-8;-11;-9;-11;-10;-11;-10;82;0;17;-13;16;-12;15;-12;14;-11;13;-10;13;-9;13;-8;12;-7;11;-6;10;-5;10;-4;9;-4;9;-3;9;-2;8;0;8;1;7;2;7;3;6;4;5;4;5;5;5;5;5;5;5;6;4;6;4;7;3;7;3;7;1;2;0;0;-1;-1;-1;-1;-1;-1;1;0;3;1;10;2;10;2;10;2;10;1;10;0;11;-1;11;-1;12;-2;12;-2;12;-3;13;-4;13;-5;13;-6;14;-7;14;-8;15;-8;15;-9;15;-10;16;-11;16;-12;16;-12;17;-13;17;-13;17;-14;17;-14;17;-15;16;-15;16;-15,transition,EXP_S142,ZONE_02,entree_zone,4.1,entree_zone,entree dans la zone
560257427,-58,6,a0:9f:7a:73:2b:3e,384,-110;-96;8;0;31;5;28;4;25;3;21;1;18;-2;15;-6;13;-10;12;-14;12;-17;12;-19;13;-20;14;-20;14;-19;13;-17;11;-15;9;-14;6;-13;2;-13;-1;-13;-4;-14;-6;-16;-7;-17;-7;-19;-7;-20;-6;-21;-2;-6;0;0;0;0;0;0;0;0;0;0;0;0;0;0;0;0;0;0;-1;8;-2;34;-6;35;-11;34;-15;32;-17;27;-17;22;-15;17;-10;13;-4;11;3;10;10;11;16;15;20;20;22;25;22;29;20;32;18;33;15;33;14;30;13;27;13;22;15;17;18;12;21;8;25;6;29;4;-111;0;4;-2;4;-2;4;-1;4;-1;4;0;4;1;3;2;3;3;3;4;3;4;3;4;3;5;2;5;2;5;1;6;1;6;1;6;1;6;0;5;0;5;0;5;-1;5;-1;5;-1;4;-1;4;-1;3;-1;3;-1;2;-1;0;-1;0;0;-1;0;0;0;0;-2;-1;-5;-3;-14;-8;-14;-9;-13;-10;-12;-11;-12;-11;-11;-12;-10;-12;-10;-13;-9;-13;-8;-14;-8;-14;-7;-14;-6;-14;-5;-14;-4;-13;-3;-13;-3;-13;-2;-13;-2;-12;-1;-11;-1;-10;0;-10;1;-9;1;-9;2;-8;2;-7;2;-6;3;-6;-111;0;25;8;25;7;24;6;23;5;22;4;21;3;20;1;19;0;19;-1;18;-2;17;-3;17;-4;17;-4;16;-5;16;-6;16;-6;16;-6;16;-7;16;-7;16;-7;15;-7;15;-7;15;-7;15;-7;15;-6;15;-6;15;-5;15;-4;5;-2;1;-1;-1;0;-2;-1;-1;-1;1;0;6;3;16;8;16;9;16;9;16;10;17;10;17;11;18;11;19;11;19;12;20;12;20;13;20;13;21;13;21;14;21;14;21;14;21;14;21;13;22;13;23;13;23;12;24;12;25;12;25;11;26;11;26;10;27;10;27;10,transition,EXP_S142,ZONE_02,entree_zone,4.1,entree_zone,entree dans la zone
560452333,-57,6,a0:9f:7a:73:2b:3e,384,-110;-96;8;0;41;-7;39;-5;34;-2;28;-1;22;-2;15;-5;10;-9;6;-14;3;-19;3;-25;4;-29;6;-32;8;-33;11;-32;13;-30;14;-27;13;-23;11;-19;8;-16;4;-14;-1;-13;-4;-13;-8;-14;-10;-16;-12;-19;-3;-5;0;0;0;0;0;0;0;0;0;0;0;0;0;0;0;0;0;0;2;5;8;23;6;25;4;27;2;27;0;26;-1;24;-1;21;1;17;4;13;8;11;13;10;19;11;23;13;27;16;28;19;27;22;25;23;22;23;20;21;18;17;17;12;17;5;19;-1;23;-7;28;-11;32;-13;-123;0;10;-8;10;-8;10;-7;10;-7;10;-6;10;-4;10;-3;11;-2;12;-1;12;-1;11;-1;11;0;10;1;10;2;10;2;10;3;10;3;10;3;9;3;8;3;7;4;7;4;7;5;7;5;7;5;7;5;6;4;6;4;2;1;0;0;-1;-1;0;-1;0;-1;-1;0;-3;1;-7;2;-7;2;-8;2;-8;1;-8;1;-8;0;-9;-1;-9;-3;-9;-4;-10;-4;-9;-5;-9;-6;-8;-6;-7;-7;-6;-8;-6;-9;-5;-10;-5;-10;-4;-10;-3;-10;-1;-10;0;-10;2;-11;2;-12;3;-12;4;-12;5;-11;5;-10;-123;0;28;-2;28;-2;27;-3;26;-3;26;-3;25;-4;24;-4;23;-4;22;-5;22;-5;21;-6;21;-6;21;-6;21;-6;21;-6;20;-6;20;-6;20;-6;20;-6;20;-6;20;-5;20;-5;20;-4;20;-3;19;-3;20;-2;20;0;20;1;7;0;2;0;-1;0;-2;0;-1;0;1;-1;6;-2;18;-4;18;-3;18;-3;18;-2;18;-2;19;-2;20;-1;20;-1;21;-1;21;-1;22;-1;22;0;23;0;23;0;23;1;24;1;24;1;24;0;25;0;25;0;26;0;27;0;27;-1;28;-1;28;-2;29;-2;29;-3;30;-3,transition,EXP_S142,ZONE_02,entree_zone,4.1,entree_zone,entree dans la zone
560654041,-60,6,a0:9f:7a:73:2b:3e,384,-110;-96;8;0;-15;35;-14;31;-12;26;-9;19;-6;12;-1;4;3;-3;8;-10;12;-16;16;-21;19;-25;21;-28;22;-29;21;-30;20;-29;17;-27;14;-25;9;-22;3;-19;-2;-16;-8;-13;-14;-10;-20;-7;-25;-5;-28;-4;-8;-1;0;0;0;0;0;0;0;0;0;0;0;0;0;0;0;0;0;0;5;5;20;20;20;22;20;24;18;24;15;23;11;20;7;15;3;9;0;3;-3;-5;-5;-12;-6;-20;-7;-26;-6;-31;-5;-34;-3;-35;-2;-34;0;-31;1;-26;1;-19;1;-10;0;-1;-1;8;-4;17;-6;25;-9;30;111;0;0;19;0;19;-1;18;-1;18;-2;16;-2;16;-3;15;-3;15;-3;15;-3;15;-3;14;-3;13;-4;13;-4;12;-5;12;-5;12;-5;12;-4;12;-4;11;-4;11;-4;10;-5;10;-5;10;-5;10;-5;11;-4;11;-4;10;-5;10;-2;3;-1;1;0;-1;-1;-1;-1;-1;1;-1;5;0;14;1;14;1;14;2;14;3;14;4;14;4;13;5;13;7;13;8;14;9;13;9;13;10;12;10;12;11;11;12;11;13;10;14;10;14;9;14;8;15;7;15;7;16;6;17;6;17;5;18;4;18;4;18;3;18;111;0;-9;15;-8;15;-6;16;-5;17;-3;17;-2;18;-1;18;1;18;2;18;3;18;5;18;6;18;7;19;8;19;9;20;9;20;10;21;11;21;11;22;11;22;11;23;11;23;10;23;10;23;10;24;9;24;8;25;7;25;2;9;0;2;-1;-1;1;0;0;0;-2;-1;-6;-2;-17;-5;-17;-5;-16;-5;-16;-5;-16;-4;-16;-4;-16;-4;-16;-3;-16;-2;-16;-1;-16;-1;-16;0;-17;1;-17;1;-17;2;-16;3;-16;4;-16;5;-16;6;-16;7;-16;8;-16;9;-15;9;-14;11;-14;12;-13;13;-12;15;-12;16,transition,EXP_S142,ZONE_02,entree_zone,4.1,entree_zone,entree dans la zone
560856743,-56,6,a0:9f:7a:73:2b:3e,384,-110;-96;8;0;0;-29;0;-33;0;-34;0;-34;0;-32;0;-29;1;-26;2;-21;3;-16;5;-12;8;-7;10;-3;12;1;13;4;15;6;15;8;15;8;14;9;12;8;9;8;6;7;3;6;-1;5;-4;4;-7;3;-2;0;0;0;0;0;0;0;0;0;0;0;0;0;0;0;0;0;0;0;6;-5;27;-20;28;-21;28;-22;27;-22;25;-21;21;-19;16;-15;11;-11;6;-6;0;0;-6;6;-11;12;-15;18;-19;23;-21;28;-23;31;-22;34;-21;35;-19;34;-16;32;-13;28;-10;23;-8;16;-5;8;-3;0;-2;-7;88;0;-20;-10;-20;-10;-19;-10;-19;-10;-18;-10;-18;-10;-17;-9;-16;-9;-15;-9;-14;-9;-14;-9;-14;-9;-13;-9;-13;-9;-12;-9;-11;-9;-11;-10;-11;-10;-10;-10;-9;-9;-9;-9;-8;-9;-8;-9;-7;-10;-7;-10;-7;-10;-6;-10;-6;-10;-2;-4;-1;-2;0;0;0;-1;0;-1;-2;0;-6;2;-16;6;-16;5;-17;5;-17;4;-17;3;-17;3;-18;1;-18;0;-19;0;-20;-1;-20;-1;-20;-1;-20;-2;-19;-3;-19;-4;-20;-5;-20;-5;-21;-5;-21;-5;-21;-5;-20;-5;-20;-6;-20;-7;-21;-8;-22;-8;-22;-8;-22;-8;-22;-8;88;0;17;-7;16;-7;15;-6;13;-6;11;-6;10;-6;9;-6;8;-5;7;-5;6;-4;5;-4;3;-4;2;-4;1;-4;1;-4;1;-4;0;-4;-1;-4;-2;-4;-3;-4;-4;-5;-4;-5;-4;-6;-4;-6;-4;-6;-4;-6;-4;-7;-4;-7;-2;-3;-1;-1;0;0;-1;0;-1;0;1;-1;5;-3;15;-8;15;-8;15;-8;15;-7;16;-7;16;-7;17;-7;17;-6;17;-6;17;-6;17;-7;17;-7;18;-7;18;-7;18;-7;18;-6;17;-6;17;-7;17;-7;18;-8;18;-8;19;-8;19;-8;18;-8;18;-8;17;-9;17;-9;17;-9,transition,EXP_S142,ZONE_02,entree_zone,4.1,entree_zone,entree dans la zone
561052317,-57,6,a0:9f:7a:73:2b:3e,384,-110;-96;8;0;16;-10;21;-11;24;-12;26;-14;25;-14;24;-13;22;-12;20;-10;17;-8;15;-6;13;-3;11;1;10;4;9;7;8;10;7;13;6;15;5;15;4;15;3;14;2;12;0;10;-1;7;-3;4;-5;2;-2;0;0;0;0;0;0;0;0;0;0;0;0;0;0;0;0;0;0;0;6;4;28;20;30;21;33;22;34;22;34;21;33;19;29;17;24;13;17;10;10;6;2;3;-7;-1;-15;-4;-23;-7;-31;-9;-36;-9;-41;-9;-44;-9;-45;-7;-44;-6;-41;-4;-36;-3;-29;-2;-22;-2;-15;-3;-8;-4;77;0;2;-23;2;-22;2;-21;2;-20;2;-19;2;-18;2;-17;2;-16;2;-16;1;-15;1;-15;1;-14;1;-14;1;-14;1;-14;1;-13;1;-13;2;-13;2;-13;2;-13;3;-13;3;-12;3;-12;4;-12;4;-12;5;-12;6;-12;7;-11;2;-4;0;-2;-1;0;0;0;0;0;-2;-2;-5;-5;-13;-13;-13;-14;-12;-15;-12;-16;-11;-17;-10;-18;-10;-19;-9;-19;-9;-20;-8;-21;-7;-22;-6;-22;-6;-23;-5;-23;-4;-23;-3;-23;-3;-23;-2;-23;-2;-23;-1;-24;-1;-24;-1;-24;0;-24;0;-24;0;-24;0;-24;0;-24;1;-24;77;0;1;17;1;16;1;15;0;13;0;12;0;11;0;10;0;8;0;7;0;6;0;5;0;3;1;2;1;1;1;0;1;0;2;-1;2;-2;2;-2;3;-3;3;-4;4;-4;5;-4;5;-4;6;-4;6;-4;7;-4;7;-4;2;-2;0;-1;-1;0;-1;-2;-1;-1;0;2;2;6;7;19;6;19;5;19;4;19;4;19;3;19;3;20;3;20;3;21;2;21;2;21;2;21;2;21;1;21;1;21;1;20;1;20;1;20;1;19;2;19;2;20;2;20;2;20;2;20;2;19;2;19;2;19;2;19,transition,EXP_S142,ZONE_02,entree_zone,4.1,entree_zone,entree dans la zone
561252243,-55,6,a0:9f:7a:73:2b:3e,384,-110;-96;8;0;-1;49;0;44;2;38;3;31;3;23;3;14;2;6;1;-2;-1;-10;-3;-16;-5;-21;-7;-25;-9;-28;-10;-29;-12;-29;-12;-27;-13;-25;-12;-22;-12;-18;-11;-13;-9;-9;-7;-4;-5;0;-3;4;-1;7;-1;2;0;0;0;0;0;0;0;0;0;0;0;0;0;0;0;0;0;0;-2;6;-8;23;-9;20;-10;15;-10;9;-9;2;-8;-5;-6;-13;-3;-21;-1;-28;1;-33;3;-38;5;-41;7;-43;7;-43;8;-41;8;-37;7;-31;4;-24;3;-16;1;-7;-1;3;-2;14;-2;23;-3;32;-2;40;-2;45;96;0;2;23;3;23;3;22;3;21;3;20;2;19;2;18;2;17;2;16;3;16;3;15;3;14;3;13;3;13;3;12;3;12;3;12;3;11;3;11;3;10;3;9;3;9;3;9;3;8;3;8;3;8;3;8;3;8;1;2;0;0;-1;-1;-1;-1;-1;-1;1;1;4;5;11;14;10;15;9;16;9;16;8;17;8;18;7;19;7;20;6;20;6;21;5;21;4;21;4;22;3;22;3;22;3;22;3;23;3;22;3;22;2;23;2;23;2;23;2;24;3;24;3;24;3;24;3;24;3;24;96;0;-10;22;-9;22;-8;22;-7;22;-6;21;-5;21;-5;20;-4;19;-3;18;-2;18;-1;17;0;16;1;16;1;16;2;16;2;16;2;15;2;15;3;14;3;14;3;14;3;14;3;13;3;13;3;12;2;12;2;12;2;12;0;4;0;1;-1;-1;0;-1;0;-1;-1;0;-2;2;-6;6;-6;6;-6;7;-7;7;-7;8;-8;8;-8;9;-8;10;-9;11;-9;12;-10;13;-11;13;-11;14;-12;14;-12;14;-12;15;-12;16;-12;16;-12;17;-13;18;-13;19;-13;19;-12;20;-12;21;-11;22;-11;23;-11;24;-11;24,transition,EXP_S142,ZONE_02,entree_zone,4.1,entree_zone,entree dans la zone
561452409,-60,6,a0:9f:7a:73:2b:3e,384,-110;-96;8;0;-40;2;-35;3;-28;2;-21;0;-14;-4;-8;-9;-3;-15;0;-20;1;-26;0;-30;-2;-33;-4;-35;-6;-35;-9;-32;-11;-28;-12;-23;-11;-17;-10;-10;-7;-3;-3;3;2;8;7;12;13;14;19;15;23;16;6;4;0;0;0;0;0;0;0;0;0;0;0;0;0;0;0;0;0;0;5;-4;23;-15;23;-14;22;-13;20;-11;17;-7;15;-3;12;3;10;9;8;15;7;21;7;27;7;31;8;34;9;35;9;35;9;32;8;28;6;23;2;18;-3;12;-9;7;-16;3;-24;0;-31;-1;-37;-1;-41;-1;79;0;-27;1;-27;1;-26;1;-25;1;-25;1;-24;1;-23;1;-23;1;-22;1;-21;2;-21;2;-20;2;-19;2;-19;2;-19;2;-18;2;-18;2;-17;2;-16;2;-16;2;-15;2;-15;2;-15;2;-14;2;-14;2;-13;2;-13;2;-12;2;-5;0;-2;0;0;-1;0;-1;0;-1;-2;1;-6;3;-16;9;-17;9;-17;8;-18;8;-18;7;-19;7;-20;7;-20;6;-21;6;-22;6;-22;5;-22;5;-22;4;-22;4;-23;4;-23;3;-24;3;-24;3;-24;3;-25;3;-25;2;-26;2;-26;2;-27;2;-27;2;-27;2;-27;2;-27;2;79;0;-14;-2;-14;-1;-14;0;-13;2;-13;3;-12;5;-11;6;-10;7;-9;8;-8;10;-7;11;-7;12;-6;13;-6;14;-5;15;-5;16;-4;17;-4;18;-4;18;-4;19;-4;19;-4;19;-4;19;-4;19;-4;19;-5;19;-5;19;-6;20;-3;7;-1;2;0;-1;-1;0;-1;0;0;-1;1;-3;4;-8;3;-8;2;-8;2;-8;1;-9;0;-9;0;-9;-1;-9;-2;-9;-3;-9;-4;-10;-5;-11;-5;-11;-6;-11;-6;-11;-7;-11;-8;-10;-9;-11;-10;-11;-11;-11;-12;-10;-12;-10;-13;-9;-13;-8;-14;-7;-15;-6;-16;-5;-16;-5,transition,EXP_S142,ZONE_02,entree_zone,4.1,entree_zone,entree dans la zone
561655461,-59,6,a0:9f:7a:73:2b:3e,384,-110;-96;8;0;-38;4;-37;6;-35;8;-32;8;-28;7;-23;5;-19;3;-16;0;-14;-4;-13;-7;-13;-10;-14;-12;-14;-13;-14;-14;-14;-13;-13;-12;-12;-11;-9;-10;-6;-9;-3;-8;0;-8;3;-9;6;-10;8;-12;9;-13;2;-4;0;0;0;0;0;0;0;0;0;0;0;0;0;0;0;0;0;0;8;0;32;0;32;-1;31;-2;29;-2;25;-2;20;-1;15;2;9;6;4;11;-1;16;-3;22;-5;28;-5;34;-4;38;-2;40;1;41;4;39;6;36;7;31;6;25;4;19;0;12;-6;7;-12;3;-20;1;-25;0;56;0;-21;13;-21;13;-21;12;-20;12;-19;12;-18;11;-17;11;-17;11;-16;10;-15;10;-15;10;-14;10;-14;9;-13;9;-13;9;-13;8;-12;8;-12;8;-12;8;-11;7;-11;7;-11;7;-10;7;-10;6;-10;6;-10;6;-10;6;-9;5;-4;2;-1;0;0;-1;0;-2;0;-1;-2;1;-5;6;-13;16;-14;16;-14;16;-15;15;-16;15;-16;15;-17;14;-18;15;-19;15;-19;15;-20;14;-20;14;-20;14;-20;13;-21;13;-21;13;-21;13;-21;13;-21;13;-21;13;-21;13;-21;13;-22;13;-22;13;-22;14;-22;14;-22;14;-21;14;56;0;-9;-13;-9;-12;-9;-11;-8;-9;-8;-8;-8;-7;-7;-6;-6;-5;-6;-4;-5;-3;-4;-2;-3;-1;-3;0;-3;1;-2;2;-2;2;-1;3;0;4;0;4;0;5;0;5;0;6;0;6;1;6;1;6;1;7;1;7;1;7;0;2;0;0;-1;-1;-1;0;-1;0;0;-2;0;-4;1;-11;1;-11;0;-11;0;-11;0;-12;0;-12;-1;-12;-1;-13;-1;-13;-2;-13;-3;-14;-3;-15;-4;-15;-4;-15;-4;-16;-4;-15;-5;-15;-6;-15;-7;-15;-7;-16;-8;-16;-8;-16;-8;-16;-9;-15;-10;-15;-10;-14;-11;-14;-11;-14,transition,EXP_S142,ZONE_02,entree_zone,4.1,entree_zone,entree dans la zone
561855000,-56,6,a0:9f:7a:73:2b:3e,384,-110;-96;8;0;7;-45;4;-44;2;-40;1;-35;0;-29;1;-23;3;-17;6;-12;9;-8;13;-5;16;-3;19;-3;22;-3;23;-4;23;-5;22;-5;20;-5;17;-4;14;-3;10;-1;7;1;5;4;3;7;2;10;1;13;0;3;0;0;0;0;0;0;0;0;0;0;0;0;0;0;0;0;0;0;0;7;3;29;3;28;3;25;3;21;1;17;-2;11;-6;6;-11;1;-17;-4;-23;-8;-29;-10;-34;-11;-38;-11;-41;-10;-42;-7;-41;-4;-38;-2;-34;-1;-28;0;-20;-2;-13;-5;-6;-9;1;-15;5;-22;9;-29;11;-34;68;0;-9;-27;-9;-27;-9;-26;-9;-25;-9;-24;-9;-23;-8;-22;-8;-21;-8;-20;-8;-20;-8;-19;-8;-18;-8;-17;-8;-17;-8;-16;-7;-16;-8;-16;-8;-15;-7;-15;-7;-14;-7;-13;-6;-13;-6;-13;-6;-12;-6;-12;-6;-12;-6;-12;-5;-12;-2;-5;-1;-2;0;0;0;0;0;0;-2;-2;-5;-5;-12;-14;-12;-14;-12;-15;-11;-16;-11;-17;-10;-18;-10;-19;-11;-20;-11;-21;-11;-21;-10;-22;-10;-22;-9;-22;-8;-23;-8;-23;-8;-24;-9;-24;-9;-24;-9;-25;-9;-25;-8;-25;-8;-26;-9;-27;-9;-27;-10;-28;-10;-28;-10;-28;-10;-27;68;0;11;-13;10;-13;9;-13;7;-12;6;-12;6;-12;5;-11;4;-10;3;-9;2;-9;1;-8;0;-8;-1;-8;-2;-8;-2;-7;-2;-6;-3;-6;-4;-5;-5;-5;-6;-5;-6;-5;-6;-5;-6;-5;-7;-4;-7;-4;-7;-4;-8;-4;-8;-4;-3;-2;-1;-1;0;0;-1;0;-1;0;1;-1;3;-2;10;-5;10;-5;10;-5;11;-5;12;-5;12;-5;12;-5;12;-5;12;-6;12;-7;13;-7;14;-7;14;-7;14;-7;14;-7;13;-8;13;-8;13;-9;13;-10;14;-11;14;-11;14;-11;13;-12;13;-12;12;-13;12;-14;11;-15;11;-16,transition,EXP_S142,ZONE_02,entree_zone,4.1,entree_zone,entree dans la zone
562052302,-58,6,a0:9f:7a:73:2b:3e,384,-110;-96;8;0;-34;33;-31;32;-26;29;-22;24;-17;18;-13;11;-9;3;-7;-4;-5;-12;-5;-18;-5;-24;-6;-29;-7;-31;-8;-33;-9;-32;-9;-30;-9;-27;-8;-23;-6;-17;-5;-11;-2;-6;1;0;4;5;8;9;10;12;2;3;0;0;0;0;0;0;0;0;0;0;0;0;0;0;0;0;0;0;-6;-5;-24;-19;-23;-18;-22;-17;-19;-15;-15;-12;-10;-10;-4;-7;3;-4;11;-1;18;1;24;2;30;3;34;3;37;2;38;1;37;0;34;-1;29;-2;23;-2;15;0;7;2;-2;6;-11;10;-18;15;-25;21;-29;24;77;0;-16;20;-16;20;-16;19;-16;19;-15;18;-15;17;-15;16;-15;16;-15;16;-14;15;-14;15;-14;15;-14;14;-14;13;-14;13;-14;12;-13;12;-13;12;-13;11;-13;10;-13;9;-12;9;-12;8;-12;8;-12;8;-12;7;-12;7;-12;6;-5;2;-2;0;0;-1;-1;-1;-1;-1;0;1;1;5;3;14;2;14;1;15;0;15;-1;16;-2;16;-2;17;-3;17;-4;18;-5;18;-5;19;-6;18;-7;18;-8;18;-8;19;-9;19;-9;19;-10;19;-10;19;-11;19;-12;19;-13;19;-13;20;-14;20;-14;21;-14;21;-15;21;-15;21;77;0;-20;2;-20;3;-19;4;-18;5;-17;6;-16;6;-15;6;-14;7;-13;7;-12;7;-11;8;-10;9;-9;10;-9;11;-9;11;-8;11;-8;11;-7;12;-7;12;-7;12;-7;12;-7;12;-7;12;-7;12;-7;12;-7;12;-7;12;-8;11;-3;4;-1;1;0;-1;0;0;0;0;-2;-1;-4;-3;-11;-9;-11;-9;-11;-8;-11;-8;-11;-8;-12;-8;-12;-8;-12;-8;-13;-8;-13;-7;-14;-7;-15;-7;-15;-7;-15;-7;-15;-6;-16;-6;-16;-5;-17;-4;-17;-4;-18;-3;-19;-3;-19;-2;-20;-1;-20;0;-20;1;-21;1;-21;2;-22;2,transition,EXP_S142,ZONE_02,entree_zone,4.1,entree_zone,entree dans la zone
562252325,-55,6,a0:9f:7a:73:2b:3e,384,-110;-96;8;0;-46;-13;-42;-13;-36;-13;-29;-12;-22;-9;-15;-5;-8;0;-3;6;1;11;3;17;5;22;6;25;5;28;4;29;2;29;1;27;-1;24;-1;19;-1;14;0;9;2;5;5;1;8;-3;12;-5;15;-7;4;-2;0;0;0;0;0;0;0;0;0;0;0;0;0;0;0;0;0;0;7;0;29;3;28;4;25;6;21;6;16;4;12;0;7;-5;4;-11;2;-18;2;-25;3;-31;5;-36;8;-39;10;-40;12;-40;13;-37;13;-33;11;-28;7;-23;1;-17;-6;-12;-14;-9;-22;-6;-30;-5;-38;-5;-43;-6;-127;0;-18;5;-18;5;-18;5;-17;5;-16;4;-15;2;-15;1;-15;0;-15;0;-15;0;-15;0;-14;0;-13;-1;-13;-2;-13;-2;-13;-3;-13;-3;-13;-3;-12;-3;-11;-3;-11;-4;-10;-4;-10;-5;-10;-5;-10;-5;-10;-5;-9;-5;-9;-5;-4;-2;-1;-1;0;0;-1;-1;-1;-1;0;0;2;3;7;8;7;9;6;9;5;9;3;10;2;11;1;12;0;13;-1;14;-1;14;-2;14;-3;13;-4;13;-6;13;-7;13;-8;13;-8;13;-9;13;-9;12;-10;10;-12;10;-13;9;-14;10;-15;10;-15;10;-15;10;-15;9;-15;8;-127;0;-28;-8;-27;-7;-27;-6;-26;-5;-25;-5;-24;-4;-23;-4;-21;-4;-20;-3;-19;-2;-18;-1;-18;0;-18;0;-18;1;-17;1;-17;1;-16;1;-16;2;-16;2;-16;3;-16;2;-16;2;-16;2;-16;2;-16;2;-16;1;-16;1;-17;0;-6;0;-2;-1;0;-1;1;-1;0;-1;-2;0;-6;0;-17;2;-18;2;-18;1;-19;1;-20;0;-20;-1;-21;-1;-21;-2;-22;-2;-22;-2;-23;-2;-24;-3;-24;-4;-25;-5;-25;-5;-25;-5;-25;-5;-26;-5;-26;-5;-27;-6;-28;-6;-28;-6;-28;-6;-28;-5;-29;-5;-30;-5;-31;-6;-32;-6,transition,EXP_S142,ZONE_02,entree_zone,4.1,entree_zone,entree dans la zone
562453429,-56,6,a0:9f:7a:73:2b:3e,384,-110;-96;8;0;42;-12;41;-10;38;-7;33;-4;26;-2;18;-1;10;-1;2;-3;-5;-5;-11;-8;-16;-12;-20;-16;-21;-20;-20;-22;-18;-24;-15;-24;-11;-22;-8;-19;-5;-14;-2;-9;-1;-3;-1;3;-2;9;-5;14;-7;17;-2;4;0;0;0;0;0;0;0;0;0;0;0;0;0;0;0;0;0;0;-7;2;-27;10;-29;10;-31;9;-31;8;-30;7;-27;6;-23;6;-18;7;-12;9;-7;12;-2;16;2;21;5;27;7;32;7;35;7;37;6;37;5;35;5;31;6;26;8;20;10;13;14;6;19;-1;25;-7;30;-11;125;0;9;-13;10;-13;10;-13;10;-13;10;-12;11;-12;11;-11;12;-10;12;-10;13;-10;13;-10;13;-9;12;-8;13;-8;13;-7;13;-7;13;-6;13;-6;13;-6;13;-5;13;-4;13;-4;13;-3;13;-3;13;-2;12;-2;12;-1;12;-1;4;-1;1;0;-1;0;0;0;0;0;-1;0;-4;-1;-10;-1;-10;-2;-10;-2;-10;-3;-10;-4;-10;-5;-9;-6;-9;-7;-8;-8;-8;-9;-8;-9;-7;-9;-6;-10;-5;-10;-4;-11;-3;-11;-3;-12;-2;-12;-2;-12;-1;-12;0;-12;1;-13;2;-13;3;-14;4;-14;5;-15;5;-15;6;-14;125;0;27;2;26;2;25;1;24;0;23;-1;21;-2;20;-2;19;-3;17;-3;15;-4;14;-5;13;-6;13;-6;12;-7;12;-8;11;-8;10;-9;9;-10;9;-10;9;-11;9;-11;9;-11;9;-11;8;-12;9;-12;9;-12;9;-12;10;-12;3;-5;1;-2;-1;0;-2;-1;-1;-1;2;0;6;2;18;8;18;8;18;8;18;9;18;9;19;9;19;9;20;9;20;9;21;9;21;9;22;9;22;10;22;10;22;10;22;9;23;9;23;8;24;7;25;7;26;6;26;6;27;5;27;5;28;4;28;4;29;3;29;3,transition,EXP_S142,ZONE_02,entree_zone,4.1,entree_zone,entree dans la zone
562653063,-53,6,a0:9f:7a:73:2b:3e,384,-110;-96;8;0;-23;-18;-24;-16;-24;-15;-24;-13;-24;-10;-24;-8;-24;-6;-25;-4;-25;-2;-26;-1;-26;0;-26;0;-26;-1;-24;-1;-22;-1;-20;-1;-17;1;-15;2;-13;4;-12;7;-12;9;-12;11;-13;12;-15;13;-16;13;-4;3;0;0;0;0;0;0;0;0;0;0;0;0;0;0;0;0;0;0;-2;-7;-5;-27;-2;-31;3;-34;8;-35;13;-33;16;-31;18;-26;17;-22;14;-18;10;-14;4;-13;-2;-14;-7;-17;-11;-21;-14;-25;-14;-29;-14;-32;-13;-35;-12;-36;-11;-36;-11;-34;-10;-32;-11;-30;-13;-27;-15;-25;-17;-23;-99;0;1;1;1;1;1;0;1;0;1;-1;1;-1;1;-2;1;-3;0;-4;0;-4;0;-4;0;-4;0;-5;1;-5;1;-5;1;-6;1;-6;0;-5;1;-5;1;-5;1;-5;1;-5;1;-5;1;-5;1;-5;1;-5;1;-4;1;-4;0;-2;0;-1;-1;0;-1;-1;-1;-1;1;0;4;1;12;4;12;5;11;6;11;7;11;7;10;8;10;8;9;9;9;10;8;10;8;10;8;10;7;10;7;9;6;9;5;9;5;9;4;9;4;8;4;8;4;7;3;6;3;5;2;5;2;5;3;5;3;4;3;4;-99;0;-21;-23;-21;-22;-21;-21;-20;-20;-20;-18;-20;-17;-20;-16;-19;-14;-19;-13;-19;-12;-19;-11;-19;-10;-19;-9;-19;-8;-19;-8;-19;-7;-19;-7;-19;-7;-18;-7;-18;-6;-18;-6;-17;-6;-17;-6;-16;-5;-16;-5;-16;-6;-15;-6;-15;-7;-6;-3;-2;-1;0;0;0;1;0;0;-2;-2;-4;-6;-9;-17;-9;-18;-8;-18;-8;-19;-8;-19;-8;-20;-9;-21;-9;-21;-9;-22;-9;-23;-9;-23;-9;-23;-9;-23;-10;-24;-10;-24;-10;-24;-11;-24;-11;-24;-12;-24;-13;-24;-15;-24;-16;-24;-16;-25;-17;-24;-18;-24;-19;-24;-20;-24;-21;-24,transition,EXP_S142,ZONE_02,entree_zone,4.1,entree_zone,entree dans la zone
562854768,-53,6,a0:9f:7a:73:2b:3e,384,-110;-96;8;0;-29;-22;-29;-22;-28;-22;-26;-21;-24;-19;-22;-16;-21;-12;-19;-8;-19;-4;-18;-1;-18;2;-18;4;-18;6;-18;8;-17;9;-17;10;-16;11;-15;11;-13;11;-12;12;-11;12;-9;13;-8;14;-8;14;-7;14;-2;3;0;0;0;0;0;0;0;0;0;0;0;0;0;0;0;0;0;0;5;-7;22;-27;25;-25;29;-22;31;-18;30;-13;27;-9;23;-6;16;-6;10;-8;4;-11;-1;-17;-4;-24;-4;-31;-3;-36;-1;-41;2;-44;5;-45;8;-44;9;-41;9;-37;7;-33;4;-29;-1;-25;-6;-22;-12;-20;-17;-20;-113;0;-5;7;-5;6;-5;6;-5;6;-4;5;-4;4;-3;3;-3;2;-3;1;-3;1;-3;1;-3;1;-2;1;-2;0;-1;0;-2;-1;-2;-1;-2;-1;-2;0;-1;0;-1;0;-1;-1;-1;-1;-1;-2;-1;-2;-1;-1;-2;-1;-2;-1;-1;-1;-1;0;0;0;-1;-1;-1;-1;1;1;3;4;8;12;8;12;7;13;7;13;6;13;5;14;4;14;3;15;2;16;2;16;2;16;1;16;0;15;-1;15;-2;14;-3;15;-3;15;-3;15;-3;14;-3;13;-3;12;-4;11;-5;11;-5;11;-5;11;-5;11;-4;11;-4;10;-113;0;-20;-24;-20;-23;-20;-22;-19;-20;-19;-19;-19;-17;-18;-16;-18;-14;-17;-13;-17;-12;-17;-11;-17;-9;-17;-8;-17;-7;-17;-7;-17;-6;-17;-6;-17;-5;-17;-5;-17;-5;-17;-4;-17;-4;-16;-4;-16;-4;-16;-4;-16;-5;-16;-5;-16;-6;-6;-2;-2;-1;0;0;0;0;0;0;-2;-2;-5;-5;-13;-14;-13;-14;-13;-15;-13;-16;-14;-17;-14;-18;-14;-19;-14;-20;-15;-21;-15;-21;-15;-22;-15;-22;-15;-23;-15;-24;-14;-25;-14;-25;-15;-25;-15;-25;-16;-25;-17;-25;-18;-26;-18;-26;-19;-26;-19;-26;-19;-26;-20;-26;-21;-26;-21;-26,transition,EXP_S142,ZONE_02,entree_zone,4.1,entree_zone,entree dans la zone
563052483,-53,6,a0:9f:7a:73:2b:3e,384,-110;-96;8;0;34;-12;33;-10;30;-9;27;-9;24;-9;20;-10;17;-12;14;-14;13;-16;12;-17;12;-19;12;-19;12;-19;12;-17;12;-16;10;-14;9;-13;6;-12;4;-12;2;-13;0;-13;-1;-14;-2;-15;-1;-16;-1;-17;-1;-5;0;0;0;0;0;0;0;0;0;0;0;0;0;0;0;0;0;0;6;1;27;8;27;12;26;16;23;19;19;20;16;20;13;17;11;12;12;8;14;3;18;-1;23;-3;28;-3;33;-1;36;1;37;5;37;8;36;9;34;10;32;9;29;6;27;3;26;-1;27;-5;28;-9;30;-11;-103;0;1;-5;1;-5;2;-4;2;-4;2;-3;2;-3;3;-2;3;-1;3;-1;3;-1;3;0;3;0;3;1;3;1;3;2;3;2;3;2;3;2;2;2;2;2;1;2;1;2;1;2;1;2;1;2;1;2;0;2;0;2;0;0;0;0;-1;-1;0;-1;0;0;-2;0;-4;0;-12;1;-12;1;-12;0;-12;-1;-12;-1;-12;-2;-12;-3;-12;-4;-12;-5;-12;-5;-11;-6;-11;-6;-10;-6;-9;-7;-9;-7;-8;-8;-8;-8;-7;-8;-7;-8;-6;-8;-5;-7;-4;-7;-4;-8;-3;-8;-3;-8;-2;-7;-2;-7;-2;-6;-103;0;31;-2;30;-2;29;-3;28;-3;26;-3;25;-3;24;-4;22;-4;21;-4;19;-5;18;-5;17;-6;17;-6;16;-7;15;-7;15;-7;14;-7;14;-8;13;-8;13;-8;13;-8;12;-8;12;-8;11;-8;11;-7;11;-7;12;-7;12;-6;4;-2;1;-1;-1;0;-2;0;-1;0;1;-1;5;-2;16;-5;16;-4;17;-4;18;-4;18;-3;19;-3;20;-3;21;-3;22;-2;23;-2;24;-2;25;-1;25;-1;26;0;26;0;26;0;27;0;27;0;28;-1;29;-1;29;-1;30;-1;31;-1;31;-2;32;-2;32;-3;33;-3;33;-3,transition,EXP_S142,ZONE_02,entree_zone,4.1,entree_zone,entree dans la zone
563254377,-54,6,a0:9f:7a:73:2b:3e,384,-110;-96;8;0;18;26;18;27;18;26;17;25;15;22;15;20;14;16;14;13;14;9;14;6;15;4;15;1;15;0;16;-2;15;-3;15;-4;14;-5;13;-6;13;-7;12;-7;11;-8;10;-9;9;-9;8;-10;7;-10;1;-3;0;0;0;0;0;0;0;0;0;0;0;0;0;0;0;0;0;0;-7;3;-27;12;-30;9;-32;5;-32;1;-30;-3;-27;-5;-22;-5;-16;-4;-11;0;-7;5;-5;11;-5;18;-6;25;-9;30;-12;33;-16;35;-19;35;-21;33;-22;31;-20;28;-18;25;-14;23;-8;21;-3;20;3;20;8;20;-115;0;5;-5;5;-5;5;-5;5;-6;4;-5;3;-5;2;-4;2;-3;2;-2;2;-1;2;-2;1;-2;1;-2;0;-1;0;-1;0;0;0;0;1;0;1;-1;0;-1;0;-1;-1;-1;-1;-1;0;0;0;0;0;0;0;-1;0;-1;0;-1;0;-1;-1;-1;0;0;0;0;-1;-2;-3;-5;-6;-13;-6;-14;-5;-14;-5;-14;-4;-14;-3;-15;-1;-15;0;-15;1;-16;1;-17;1;-17;2;-16;2;-15;3;-14;4;-14;5;-14;5;-14;5;-14;5;-13;4;-12;4;-11;5;-10;6;-10;6;-10;6;-10;6;-10;5;-10;4;-9;-115;0;10;26;10;25;10;24;10;22;10;21;10;20;10;19;10;17;10;16;10;15;10;14;10;13;10;12;10;11;11;10;11;10;11;9;10;9;10;8;10;8;10;7;10;7;10;6;10;6;10;6;10;6;9;7;9;7;3;2;0;0;-1;-1;-1;-1;-1;-1;0;1;2;5;6;14;5;14;5;14;6;15;6;16;6;17;5;18;5;19;5;19;5;20;5;20;6;21;6;22;5;23;5;23;5;23;5;23;6;23;7;24;7;25;8;26;8;26;8;27;8;27;9;27;10;27;11;27;11;27,transition,EXP_S142,ZONE_02,entree_zone,4.1,entree_zone,entree dans la zone
563452056,-54,6,a0:9f:7a:73:2b:3e,384,-110;-96;8;0;-12;40;-13;40;-13;38;-12;34;-10;29;-7;23;-4;18;0;12;4;7;8;3;12;0;15;-2;18;-4;20;-5;20;-6;20;-6;19;-6;16;-6;13;-6;10;-6;7;-7;4;-8;1;-9;-2;-10;-3;-11;-1;-3;0;0;0;0;0;0;0;0;0;0;0;0;0;0;0;0;0;0;4;-8;18;-30;21;-29;24;-27;26;-24;25;-20;22;-15;17;-11;10;-8;2;-6;-7;-5;-16;-7;-24;-10;-31;-14;-36;-18;-38;-22;-39;-25;-38;-27;-35;-27;-32;-26;-28;-22;-23;-16;-18;-9;-14;0;-11;9;-10;17;-9;24;123;0;11;11;10;11;10;11;9;10;8;10;7;9;6;9;5;8;4;8;4;8;4;8;3;7;3;7;2;6;1;6;1;6;1;6;1;6;1;5;0;5;0;5;0;4;-1;4;-1;4;-1;4;-1;4;-1;4;-1;3;-1;1;-1;0;-1;-1;-1;0;-1;0;1;-2;4;-4;13;-9;14;-9;15;-8;16;-7;16;-6;17;-5;17;-4;18;-3;19;-2;19;-1;19;0;19;1;19;2;18;3;18;4;18;4;18;5;18;6;17;6;16;6;16;7;15;8;15;8;15;9;15;9;14;9;14;10;14;10;123;0;-20;21;-19;20;-17;20;-16;19;-15;19;-13;19;-12;18;-11;17;-9;16;-8;16;-7;15;-6;15;-5;15;-4;14;-3;14;-2;14;-1;13;-1;13;0;13;0;13;1;12;1;12;2;12;2;12;2;12;2;12;2;12;1;12;0;4;0;1;-1;-1;0;-1;0;-1;-2;1;-5;3;-14;10;-14;10;-15;10;-15;10;-16;10;-16;11;-17;11;-18;12;-18;12;-19;12;-19;13;-20;13;-21;13;-21;14;-22;14;-22;14;-21;15;-21;15;-21;16;-22;17;-22;18;-22;19;-22;19;-22;20;-22;21;-21;21;-21;22;-21;22,transition,EXP_S142,ZONE_02,entree_zone,4.1,entree_zone,entree dans la zone
563651945,-53,6,a0:9f:7a:73:2b:3e,384,-110;-96;8;0;9;31;9;31;9;30;8;28;8;25;9;22;10;19;11;16;12;13;13;11;14;10;15;9;15;8;14;7;14;6;13;5;12;3;12;1;11;-1;11;-3;11;-4;11;-5;12;-6;12;-6;12;-6;3;-2;0;0;0;0;0;0;0;0;0;0;0;0;0;0;0;0;0;0;-6;6;-24;24;-28;22;-32;18;-34;14;-33;9;-31;6;-26;4;-21;4;-16;6;-11;10;-8;15;-6;22;-7;28;-10;33;-13;36;-17;38;-20;38;-22;37;-22;34;-21;31;-19;29;-15;27;-11;25;-6;25;-1;26;3;27;-113;0;4;-2;4;-2;4;-2;4;-1;3;-1;2;-1;1;0;1;0;0;1;0;1;0;1;0;1;-1;1;-1;1;-2;1;-2;1;-2;1;-2;1;-2;0;-2;0;-2;0;-2;0;-2;0;-2;0;-2;0;-2;0;-1;0;-1;-1;-1;-1;-1;-1;0;0;0;0;-1;0;-1;-2;-1;-5;-1;-14;0;-14;1;-14;2;-14;3;-14;3;-14;4;-14;5;-14;6;-14;7;-14;7;-13;7;-13;7;-12;7;-12;8;-11;8;-11;8;-10;8;-10;8;-9;8;-8;7;-7;7;-6;7;-6;7;-6;7;-5;7;-5;6;-5;6;-5;-113;0;-1;31;-1;30;0;28;1;27;1;25;2;24;3;22;3;21;3;19;3;18;4;17;4;16;5;15;6;14;6;13;7;12;7;11;7;11;7;10;8;9;8;9;8;8;8;8;8;8;8;8;8;8;8;8;8;8;2;3;0;0;-1;-1;-1;-2;0;-1;0;1;0;6;0;19;0;19;-1;20;-1;21;-2;22;-2;22;-3;23;-3;24;-4;25;-4;25;-4;26;-5;26;-6;27;-7;27;-7;28;-7;29;-6;29;-6;29;-5;29;-5;30;-4;30;-4;31;-4;31;-3;32;-3;32;-3;32;-3;32;-3;33,transition,EXP_S142,ZONE_02,entree_zone,4.1,entree_zone,entree dans la zone
563859758,-53,6,a0:9f:7a:73:2b:3e,384,-110;-96;8;0;35;5;33;5;31;5;27;3;24;1;21;-2;19;-6;18;-9;17;-12;18;-14;19;-15;20;-15;21;-14;21;-13;19;-10;17;-8;14;-7;10;-7;7;-7;4;-9;1;-11;0;-13;0;-16;0;-18;2;-19;0;-5;0;0;0;0;0;0;0;0;0;0;0;0;0;0;0;0;0;0;5;5;23;22;22;26;18;30;14;32;10;32;7;31;5;27;4;23;6;18;10;14;14;12;20;11;25;13;29;16;32;19;32;22;32;25;31;26;29;26;27;25;26;22;26;18;26;14;28;11;31;8;33;6;-103;0;2;-3;2;-3;3;-2;3;-1;3;-1;4;0;4;1;4;1;4;2;4;2;5;2;5;3;5;3;4;4;4;4;4;4;4;5;4;5;4;5;3;5;3;5;3;5;3;5;3;5;2;5;2;5;2;5;1;5;0;1;0;0;-1;-1;0;-1;0;0;-2;0;-5;0;-13;-1;-13;-1;-13;-2;-13;-3;-13;-4;-12;-4;-12;-5;-12;-5;-12;-6;-12;-7;-11;-7;-10;-8;-10;-8;-9;-8;-8;-8;-7;-8;-7;-8;-6;-8;-6;-8;-5;-8;-4;-7;-4;-7;-3;-7;-2;-7;-2;-6;-1;-6;-1;-5;0;-5;-103;0;31;6;31;6;29;5;28;4;27;3;26;2;24;1;23;0;22;-1;21;-1;20;-2;19;-3;18;-3;17;-4;17;-4;16;-5;16;-5;15;-5;15;-6;14;-6;14;-6;13;-6;13;-6;12;-6;12;-6;12;-6;12;-5;12;-5;4;-2;1;-1;-1;0;-2;-1;-1;-1;2;0;7;0;20;1;20;2;20;3;21;3;22;4;22;5;23;5;24;6;25;6;26;7;27;8;27;9;27;9;27;10;28;10;28;10;28;11;28;10;29;10;29;10;30;10;31;9;32;9;32;9;33;8;33;8;33;8;34;7,transition,EXP_S142,ZONE_02,entree_zone,4.1,entree_zone,entree dans la zone
564052210,-55,6,a0:9f:7a:73:2b:3e,384,-110;-96;8;0;44;-5;38;-2;31;-1;22;0;13;-1;4;-3;-4;-6;-11;-10;-17;-15;-20;-20;-22;-25;-21;-29;-18;-32;-14;-32;-9;-31;-5;-27;-1;-22;2;-16;4;-8;4;0;2;7;-1;14;-5;18;-9;21;-13;23;-4;5;0;0;0;0;0;0;0;0;0;0;0;0;0;0;0;0;0;0;-5;5;-18;23;-20;23;-22;22;-23;21;-22;19;-20;18;-16;17;-12;18;-7;19;-2;20;2;23;6;26;9;29;11;31;11;32;12;31;12;29;13;25;15;20;17;15;21;9;26;3;31;-2;36;-7;41;-9;45;-10;-123;0;17;-4;17;-4;17;-4;17;-3;17;-3;17;-2;18;-2;18;-2;19;-2;19;-2;19;-2;18;-1;18;-1;18;0;19;1;19;1;19;1;19;2;18;2;17;2;17;3;16;3;16;4;16;4;15;4;15;4;14;5;13;6;4;2;1;0;-1;-1;0;-1;0;-1;-2;0;-4;1;-11;3;-11;3;-11;2;-11;1;-10;1;-10;0;-9;-2;-9;-3;-8;-4;-8;-4;-7;-4;-6;-4;-5;-4;-3;-5;-2;-6;-1;-6;-1;-6;0;-6;1;-6;3;-5;4;-5;6;-5;7;-6;9;-6;9;-7;10;-6;11;-6;12;-5;-123;0;29;-6;28;-6;27;-7;25;-7;24;-8;23;-8;21;-8;19;-8;17;-8;16;-9;15;-9;14;-10;13;-10;12;-10;11;-10;10;-11;9;-11;8;-11;8;-12;7;-12;7;-12;6;-12;6;-12;5;-12;5;-12;5;-12;6;-13;6;-13;2;-5;0;-2;-1;0;-2;0;-1;0;1;-1;6;-2;18;-4;18;-3;19;-3;20;-2;20;-2;21;-2;22;-2;23;-2;24;-2;24;-1;25;-1;26;-1;26;0;27;0;27;0;27;0;28;-1;28;-1;28;-1;29;-2;29;-2;30;-3;30;-4;30;-4;31;-5;31;-6;32;-6;32;-6,transition,EXP_S142,ZONE_02,entree_zone,4.1,entree_zone,entree dans la zone
564252292,-57,6,a0:9f:7a:73:2b:3e,384,-110;-96;8;0;-38;8;-39;8;-38;8;-35;7;-31;6;-25;6;-19;5;-11;4;-5;3;2;3;9;2;14;2;19;2;23;3;25;3;26;3;26;4;25;4;23;4;19;4;15;2;11;1;7;0;2;-2;-1;-4;-1;-2;0;0;0;0;0;0;0;0;0;0;0;0;0;0;0;0;0;0;-1;7;-5;32;-7;33;-9;33;-11;32;-12;30;-11;25;-10;20;-7;13;-3;6;2;-1;8;-7;14;-13;19;-17;24;-20;28;-21;31;-22;31;-22;30;-21;27;-19;23;-17;17;-14;11;-10;3;-7;-5;-3;-14;1;-20;3;102;0;-12;13;-12;12;-12;12;-12;12;-12;11;-12;11;-11;10;-11;9;-11;9;-10;9;-10;9;-10;8;-10;8;-10;8;-10;7;-10;7;-10;7;-10;6;-10;6;-10;6;-9;5;-9;5;-9;5;-9;4;-9;4;-9;4;-9;4;-10;3;-4;1;-2;0;0;-1;-1;-1;-1;-1;0;1;2;5;5;14;4;14;3;15;2;16;1;16;0;16;-1;16;-2;17;-3;17;-4;17;-4;17;-5;17;-6;17;-7;16;-7;16;-8;16;-9;15;-9;15;-9;15;-9;15;-10;15;-10;15;-10;14;-11;14;-11;14;-11;15;-12;15;-12;15;102;0;-18;-15;-18;-14;-18;-13;-18;-12;-18;-11;-18;-9;-18;-8;-18;-7;-17;-7;-17;-6;-16;-5;-16;-4;-16;-3;-16;-3;-16;-2;-16;-2;-16;-2;-15;-2;-15;-1;-15;-1;-14;-1;-14;-1;-14;-1;-14;-1;-13;-1;-13;-1;-13;-2;-13;-2;-5;-1;-2;-1;0;0;0;1;0;0;-1;-2;-2;-6;-5;-17;-5;-17;-4;-18;-4;-18;-4;-18;-4;-18;-4;-19;-4;-19;-5;-19;-5;-20;-5;-20;-5;-20;-5;-20;-5;-20;-6;-20;-6;-19;-7;-19;-8;-19;-9;-19;-10;-18;-11;-18;-12;-18;-13;-18;-14;-18;-15;-17;-16;-17;-16;-16;-17;-16,transition,EXP_S142,ZONE_02,entree_zone,4.1,entree_zone,entree dans la zone
564454025,-55,6,a0:9f:7a:73:2b:3e,384,-110;-96;8;0;-31;-21;-31;-22;-30;-22;-28;-22;-26;-20;-23;-17;-22;-13;-20;-9;-20;-5;-20;-2;-20;2;-22;5;-23;7;-24;8;-26;8;-26;8;-26;7;-25;6;-24;5;-22;5;-19;5;-17;5;-15;6;-13;8;-12;9;-3;2;0;0;0;0;0;0;0;0;0;0;0;0;0;0;0;0;0;0;5;-6;22;-23;25;-21;26;-17;26;-13;24;-9;20;-6;15;-5;9;-6;4;-9;0;-13;-3;-18;-4;-24;-3;-29;-1;-33;1;-36;4;-37;6;-36;8;-34;8;-32;7;-28;4;-24;0;-21;-5;-18;-11;-16;-17;-15;-21;-16;-120;0;-8;5;-8;5;-8;5;-7;5;-6;5;-5;4;-5;3;-5;2;-5;2;-6;2;-6;2;-5;2;-5;2;-4;1;-4;1;-5;0;-5;0;-5;0;-5;0;-5;0;-4;0;-4;-1;-4;-1;-4;-2;-4;-2;-4;-2;-4;-2;-4;-2;-2;-1;-1;-1;0;0;-1;-1;0;-1;0;1;0;4;1;12;0;12;0;13;-1;12;-2;12;-3;12;-4;12;-5;12;-5;13;-6;13;-6;13;-6;12;-6;11;-7;10;-7;10;-8;10;-8;10;-8;10;-7;10;-7;9;-7;8;-8;8;-8;8;-8;8;-8;8;-8;8;-7;8;-7;8;-120;0;-20;-22;-20;-22;-20;-21;-20;-19;-20;-18;-20;-17;-21;-17;-21;-16;-20;-15;-20;-14;-20;-13;-20;-13;-20;-12;-20;-12;-20;-12;-20;-12;-19;-12;-19;-12;-18;-12;-18;-12;-17;-12;-17;-12;-16;-12;-16;-11;-15;-11;-14;-12;-14;-12;-13;-12;-5;-5;-2;-2;0;0;0;0;0;0;-2;-2;-4;-6;-11;-15;-11;-15;-10;-16;-10;-17;-10;-18;-9;-18;-9;-19;-9;-20;-9;-20;-9;-20;-9;-21;-9;-21;-9;-22;-9;-22;-9;-22;-9;-22;-10;-22;-10;-21;-11;-21;-12;-22;-13;-22;-14;-22;-15;-22;-16;-22;-17;-22;-18;-22;-19;-22;-20;-23,transition,EXP_S142,ZONE_02,entree_zone,4.1,entree_zone,entree dans la zone
564654356,-55,6,a0:9f:7a:73:2b:3e,384,-110;-96;8;0;-14;38;-16;36;-16;32;-15;28;-13;24;-10;21;-6;18;-1;16;4;15;8;16;11;17;14;20;15;22;15;24;13;26;11;27;8;26;6;24;4;22;3;18;3;15;4;11;6;8;8;7;10;6;2;1;0;0;0;0;0;0;0;0;0;0;0;0;0;0;0;0;0;0;-8;-1;-29;-4;-27;-6;-25;-8;-22;-9;-19;-8;-16;-5;-15;-1;-15;3;-16;8;-18;11;-21;14;-25;15;-29;15;-32;14;-33;12;-33;10;-32;8;-29;7;-26;7;-22;8;-17;10;-13;14;-10;18;-8;24;-7;29;-7;32;-109;0;3;9;3;9;2;9;2;9;2;9;1;8;1;8;0;8;0;8;0;8;0;8;0;8;-1;8;-1;8;-2;7;-2;7;-3;7;-3;7;-3;7;-3;6;-3;6;-4;6;-4;6;-4;5;-5;5;-5;5;-5;4;-5;4;-2;1;-1;0;0;-1;-1;0;-1;0;0;-1;2;-2;8;-3;8;-2;8;-2;8;-1;9;0;9;1;9;1;9;2;9;2;9;3;8;3;8;4;8;4;7;5;7;5;7;5;7;6;6;6;6;7;6;7;6;7;5;7;5;8;5;8;5;8;5;8;5;8;5;9;-109;0;-16;25;-15;25;-15;24;-14;24;-13;23;-13;23;-12;23;-11;22;-11;21;-10;21;-10;20;-9;20;-9;20;-9;20;-9;20;-9;19;-10;18;-10;18;-10;17;-10;16;-10;16;-10;15;-10;14;-10;13;-11;13;-11;12;-11;11;-12;11;-5;3;-2;1;0;-1;0;-2;0;-1;-1;1;-2;6;-5;17;-6;17;-7;18;-8;18;-9;18;-10;18;-11;18;-12;18;-12;18;-13;19;-14;19;-14;19;-14;19;-15;19;-15;19;-15;19;-15;19;-15;19;-15;20;-15;20;-15;21;-16;22;-16;22;-16;23;-15;24;-15;25;-15;25;-15;26,transition,EXP_S142,ZONE_02,entree_zone,4.1,entree_zone,entree dans la zone
564852409,-55,6,a0:9f:7a:73:2b:3e,384,-110;-96;8;0;35;24;33;25;30;25;26;23;22;20;19;16;17;11;16;5;16;0;17;-4;20;-8;22;-10;25;-11;28;-11;29;-9;30;-7;29;-5;27;-2;24;-1;21;0;17;-1;13;-2;11;-5;9;-7;9;-9;2;-3;0;0;0;0;0;0;0;0;0;0;0;0;0;0;0;0;0;0;-4;6;-16;26;-18;24;-19;20;-18;17;-16;14;-12;13;-7;12;-2;14;2;17;5;21;7;25;7;30;6;34;4;36;1;37;-2;37;-4;35;-4;32;-3;28;-1;24;3;20;8;17;14;15;20;13;26;14;31;16;-114;0;11;-2;11;-2;11;-2;10;-1;10;-1;10;0;10;0;9;0;9;0;9;1;9;1;8;1;8;1;7;2;7;2;7;3;7;3;7;3;6;4;6;4;5;4;5;4;4;4;4;4;4;5;4;5;3;5;3;5;1;2;0;0;-1;-1;0;0;-1;0;-1;-2;-1;-4;-1;-10;-1;-10;0;-10;1;-10;2;-10;3;-10;4;-10;5;-10;5;-10;6;-10;6;-9;7;-9;7;-8;8;-8;8;-7;9;-7;9;-7;9;-6;9;-6;9;-6;9;-6;10;-5;10;-5;10;-5;11;-5;11;-4;11;-4;10;-3;-114;0;20;23;20;23;19;22;19;21;19;20;19;20;18;19;18;18;17;18;17;17;16;16;16;16;16;16;16;15;16;15;15;15;15;15;14;15;13;15;13;15;12;15;11;15;10;14;10;14;9;14;8;15;7;15;6;15;2;5;0;1;-1;-1;-2;-1;-1;-1;1;0;6;3;17;9;16;10;16;11;16;13;15;14;15;15;15;15;15;16;15;17;15;18;15;19;15;19;14;20;14;21;14;21;14;21;14;21;14;21;15;21;16;21;16;21;17;22;18;22;18;22;19;23;19;23;20;23;20;24,stable,EXP_S142,ZONE_02,entree_zone,4.1,entree_zone,entree dans la zone
565054016,-55,6,a0:9f:7a:73:2b:3e,384,-110;-96;8;0;27;-34;28;-32;28;-29;26;-25;23;-22;18;-19;13;-18;8;-17;3;-18;-2;-19;-5;-22;-7;-25;-8;-28;-7;-30;-6;-32;-3;-32;-1;-31;1;-29;2;-26;2;-22;1;-19;-1;-16;-3;-13;-6;-12;-8;-12;-3;-3;0;0;0;0;0;0;0;0;0;0;0;0;0;0;0;0;0;0;6;3;26;15;23;17;20;18;17;18;14;15;12;12;12;8;13;3;16;-2;20;-5;25;-6;29;-6;33;-5;36;-3;37;0;37;3;35;4;32;5;28;4;25;2;21;-2;18;-7;16;-13;16;-19;17;-25;18;-29;-107;0;-2;-12;-2;-12;-2;-12;-2;-11;-2;-10;-2;-10;-1;-9;0;-9;0;-9;0;-10;0;-10;0;-9;0;-8;0;-8;1;-8;2;-8;2;-8;2;-8;2;-8;2;-7;2;-7;2;-6;3;-6;3;-6;4;-6;4;-6;4;-5;4;-5;1;-2;0;-1;-1;0;0;0;0;0;-2;0;-4;-1;-10;-1;-10;-1;-10;-2;-10;-3;-10;-4;-10;-4;-10;-6;-10;-6;-10;-7;-10;-7;-10;-7;-9;-8;-8;-8;-8;-8;-7;-9;-7;-10;-7;-10;-7;-10;-7;-9;-6;-9;-5;-10;-5;-10;-4;-11;-5;-12;-5;-12;-5;-12;-5;-11;-4;-11;-107;0;23;-22;22;-22;21;-22;20;-22;20;-22;19;-21;18;-21;18;-21;17;-20;16;-20;15;-20;14;-20;14;-20;14;-20;14;-19;14;-19;14;-18;14;-18;13;-17;13;-17;13;-16;13;-15;13;-15;13;-14;13;-13;13;-12;14;-11;14;-11;5;-4;1;-1;-1;0;-1;0;-1;0;1;-2;3;-6;11;-16;12;-16;13;-16;14;-15;15;-15;16;-15;17;-15;17;-15;18;-15;19;-15;19;-15;20;-15;21;-14;21;-14;21;-14;21;-14;21;-14;21;-15;21;-16;22;-16;22;-17;22;-17;22;-18;22;-19;22;-20;23;-21;23;-22;23;-22,stable,EXP_S142,ZONE_02,entree_zone,4.1,entree_zone,entree dans la zone
565252083,-57,6,a0:9f:7a:73:2b:3e,384,-110;-96;8;0;-41;12;-41;10;-39;8;-35;6;-30;5;-24;5;-19;6;-14;9;-9;12;-6;16;-4;20;-4;24;-4;27;-6;29;-8;30;-10;29;-12;27;-12;24;-12;20;-10;17;-8;14;-4;11;-1;10;2;11;5;11;1;2;0;0;0;0;0;0;0;0;0;0;0;0;0;0;0;0;0;0;-2;-8;-5;-32;-3;-31;0;-30;2;-27;3;-23;1;-19;-2;-15;-7;-13;-12;-11;-17;-11;-22;-13;-26;-16;-28;-20;-29;-23;-28;-26;-26;-28;-24;-28;-22;-26;-19;-23;-18;-19;-17;-13;-18;-7;-20;0;-23;5;-27;10;-31;13;-111;0;-6;10;-6;10;-6;10;-6;10;-6;9;-6;8;-6;7;-7;7;-7;7;-7;7;-7;7;-7;7;-7;6;-7;5;-7;5;-8;4;-8;4;-8;4;-8;4;-8;3;-8;3;-7;2;-7;2;-8;1;-8;1;-8;1;-8;0;-8;0;-3;0;-1;0;0;-1;-1;-1;-1;-1;0;0;3;2;8;6;8;6;7;7;7;7;6;8;5;9;4;9;4;10;4;11;3;11;3;11;2;11;2;11;1;11;1;11;0;11;0;11;-1;11;-1;11;-1;10;-2;10;-3;10;-3;11;-3;11;-3;12;-4;12;-4;11;-4;11;-111;0;-31;2;-30;2;-29;3;-28;3;-28;4;-27;4;-26;4;-25;4;-24;4;-23;5;-22;6;-22;6;-22;6;-22;6;-22;6;-22;6;-21;5;-21;5;-20;4;-20;4;-19;4;-19;3;-18;3;-18;3;-18;2;-18;2;-17;1;-17;0;-6;0;-2;-1;0;-1;1;-1;0;-1;-2;0;-7;2;-20;5;-20;4;-21;3;-21;2;-22;1;-23;1;-23;0;-24;-1;-24;-1;-24;-2;-25;-2;-25;-2;-25;-3;-26;-3;-26;-3;-26;-3;-26;-3;-26;-3;-26;-2;-27;-2;-28;-2;-28;-1;-29;-1;-29;0;-29;1;-30;1;-31;2;-31;3,stable,EXP_S142,ZONE_02,entree_zone,4.1,entree_zone,entree dans la zone
565454672,-53,6,a0:9f:7a:73:2b:3e,384,-110;-96;8;0;-13;-21;-14;-18;-14;-15;-15;-12;-17;-9;-19;-7;-21;-6;-22;-6;-23;-6;-24;-6;-24;-7;-23;-8;-22;-8;-20;-9;-17;-9;-15;-7;-13;-5;-12;-3;-12;-1;-12;2;-13;3;-15;5;-16;5;-18;4;-19;3;-5;0;0;0;0;0;0;0;0;0;0;0;0;0;0;0;0;0;0;0;-2;-4;-5;-17;-7;-18;-9;-21;-9;-25;-8;-28;-7;-31;-4;-33;-1;-34;1;-33;3;-31;4;-28;4;-25;2;-22;-1;-20;-4;-20;-8;-20;-11;-20;-14;-21;-16;-23;-18;-25;-19;-27;-19;-29;-19;-30;-18;-31;-17;-30;-16;-30;-95;0;5;-4;4;-4;4;-4;4;-4;3;-4;3;-4;3;-4;3;-5;3;-5;3;-5;2;-5;2;-5;3;-5;3;-5;3;-5;3;-5;3;-5;3;-5;3;-4;3;-4;3;-4;3;-4;3;-4;3;-4;3;-3;3;-3;3;-2;3;-2;1;-1;0;-1;-1;0;-1;0;-1;0;0;-1;1;-3;4;-6;5;-6;5;-5;6;-5;6;-5;6;-4;6;-4;6;-4;6;-4;7;-3;7;-3;7;-3;7;-3;7;-3;6;-3;6;-2;6;-2;6;-2;6;-2;6;-2;6;-3;6;-3;5;-3;5;-3;5;-3;5;-3;5;-4;5;-4;-95;0;-13;-25;-13;-24;-13;-23;-13;-22;-13;-21;-13;-19;-13;-18;-13;-17;-13;-16;-13;-15;-13;-14;-13;-13;-14;-13;-14;-12;-14;-12;-14;-12;-13;-11;-13;-11;-13;-11;-13;-11;-13;-10;-12;-10;-12;-10;-12;-9;-12;-10;-11;-10;-11;-10;-10;-10;-4;-4;-1;-2;0;0;0;1;0;0;-2;-3;-4;-7;-11;-20;-10;-21;-9;-21;-8;-21;-8;-22;-8;-22;-7;-23;-7;-23;-7;-24;-7;-25;-6;-25;-6;-25;-6;-25;-6;-25;-6;-25;-6;-25;-6;-25;-6;-25;-7;-25;-8;-25;-8;-25;-9;-26;-10;-26;-10;-26;-11;-26;-12;-26;-12;-26;-13;-26,stable,EXP_S142,ZONE_02,entree_zone,4.1,entree_zone,entree dans la zone
565656102,-57,6,a0:9f:7a:73:2b:3e,384,-110;-96;8;0;-37;-8;-38;-8;-37;-6;-35;-4;-30;-2;-24;1;-17;3;-10;5;-3;6;4;6;10;6;15;4;19;3;22;1;23;-2;23;-4;22;-6;19;-9;15;-11;10;-12;6;-13;1;-14;-4;-14;-9;-13;-12;-13;-4;-4;0;0;0;0;0;0;0;0;0;0;0;0;0;0;0;0;0;0;-8;-3;-29;-11;-31;-14;-33;-17;-33;-20;-31;-22;-28;-23;-23;-22;-16;-20;-8;-17;0;-12;8;-7;16;-2;24;3;30;8;34;12;37;14;38;16;38;16;36;15;32;13;26;11;18;7;10;4;0;1;-9;-3;-17;-5;92;0;-13;14;-13;13;-13;12;-13;11;-12;10;-11;8;-10;7;-10;6;-10;5;-10;4;-9;4;-9;4;-8;3;-7;2;-7;1;-7;0;-7;0;-7;0;-7;0;-6;0;-5;-1;-5;-1;-4;-2;-5;-2;-5;-2;-5;-2;-5;-2;-4;-1;-2;-1;-1;-1;0;0;-1;-2;-1;-1;1;1;4;6;12;18;11;19;10;20;9;21;8;22;7;22;5;23;4;24;2;25;1;25;0;26;-1;26;-2;25;-4;24;-5;24;-6;23;-7;23;-8;23;-8;23;-8;22;-9;21;-10;20;-11;20;-11;20;-12;20;-12;19;-12;19;-12;18;92;0;-15;-18;-14;-17;-14;-16;-15;-14;-15;-13;-16;-12;-16;-11;-16;-10;-16;-9;-15;-7;-15;-6;-16;-5;-16;-4;-16;-4;-17;-3;-17;-3;-17;-2;-17;-2;-17;-1;-18;0;-18;0;-18;0;-18;-1;-18;-1;-18;-1;-19;-2;-19;-2;-19;-3;-7;-2;-3;-1;0;-1;-1;0;-1;0;0;-2;0;-5;1;-14;1;-14;1;-13;1;-13;0;-14;0;-14;0;-15;0;-15;0;-15;0;-15;-2;-15;-3;-15;-3;-16;-4;-17;-4;-17;-4;-17;-4;-16;-5;-16;-7;-16;-8;-17;-9;-18;-10;-18;-10;-19;-11;-18;-11;-18;-13;-18;-14;-18;-15;-18,stable,EXP_S142,ZONE_02,entree_zone,4.1,entree_zone,entree dans la zone
565852379,-53,6,a0:9f:7a:73:2b:3e,384,-110;-96;8;0;-44;3;-42;0;-37;-2;-32;-3;-25;-2;-18;1;-13;5;-8;10;-4;15;-3;21;-3;26;-5;31;-7;33;-10;34;-13;33;-15;30;-16;26;-15;22;-12;18;-9;14;-4;12;1;11;5;11;9;14;12;16;3;4;0;0;0;0;0;0;0;0;0;0;0;0;0;0;0;0;0;0;0;-7;2;-25;3;-26;5;-25;6;-24;6;-22;5;-19;2;-17;-1;-15;-6;-15;-10;-15;-14;-17;-17;-19;-19;-22;-21;-26;-20;-28;-18;-29;-17;-28;-15;-26;-14;-23;-14;-18;-14;-12;-17;-6;-20;0;-25;4;-31;7;-36;9;-115;0;-12;8;-12;8;-12;8;-12;8;-12;7;-12;6;-12;5;-13;4;-13;4;-13;4;-13;3;-13;3;-12;2;-12;1;-13;0;-13;0;-13;-1;-13;-1;-12;-1;-12;-2;-11;-2;-10;-3;-10;-4;-10;-4;-10;-5;-10;-5;-10;-5;-9;-5;-3;-2;-1;-1;0;0;-1;-1;-1;-1;0;0;2;0;6;1;6;1;6;1;6;2;5;2;5;3;4;4;4;5;4;6;4;6;4;6;3;6;2;7;1;7;0;8;0;9;-1;9;-1;9;-1;9;-2;9;-3;9;-4;9;-5;10;-6;10;-7;10;-7;10;-8;10;-8;9;-115;0;-30;0;-29;1;-29;1;-28;2;-27;3;-27;3;-26;3;-25;3;-24;4;-23;4;-23;5;-23;5;-23;6;-23;6;-23;6;-22;6;-22;5;-22;5;-22;5;-22;5;-22;4;-22;4;-21;3;-21;2;-21;1;-21;0;-22;-1;-22;-1;-8;-1;-3;-1;0;-1;1;-1;0;-1;-2;0;-7;1;-18;2;-18;2;-18;1;-19;0;-19;0;-20;-1;-20;-1;-21;-1;-21;-1;-22;-2;-22;-2;-23;-2;-23;-3;-23;-3;-23;-4;-24;-3;-24;-3;-24;-3;-25;-2;-25;-2;-26;-2;-27;-1;-27;-1;-28;0;-28;0;-29;1;-30;1;-31;1,stable,EXP_S142,ZONE_02,entree_zone,4.1,entree_zone,entree dans la zone
566053290,-55,6,a0:9f:7a:73:2b:3e,384,-110;-96;8;0;12;30;14;31;16;29;17;26;17;22;16;17;14;12;10;8;5;5;0;3;-6;2;-11;3;-15;5;-18;7;-20;10;-21;13;-20;16;-17;18;-14;19;-10;18;-6;17;-2;14;1;10;3;6;5;2;1;0;0;0;0;0;0;0;0;0;0;0;0;0;0;0;0;0;0;0;-4;-6;-13;-25;-13;-27;-13;-29;-13;-30;-12;-29;-10;-28;-7;-26;-3;-23;1;-20;6;-18;12;-15;17;-13;22;-12;27;-11;30;-11;32;-12;32;-12;32;-13;30;-13;26;-13;22;-10;18;-7;15;-2;11;4;9;11;8;16;58;0;19;11;19;11;18;11;17;10;16;10;15;9;14;9;13;8;12;8;12;8;11;8;11;8;10;7;10;7;9;7;8;7;8;8;8;8;8;8;8;7;7;7;6;7;5;7;4;7;4;7;4;8;3;8;3;8;1;3;0;0;-1;-1;-2;0;-1;0;1;-2;6;-5;17;-13;18;-12;19;-11;20;-10;21;-9;22;-8;22;-6;23;-5;24;-4;24;-3;25;-2;25;-1;25;1;24;2;24;3;24;4;24;5;24;5;23;6;23;6;23;7;23;7;23;8;23;9;23;9;23;9;22;9;22;9;58;0;-10;10;-9;10;-8;9;-7;9;-7;10;-6;11;-6;11;-6;11;-5;10;-5;10;-4;10;-3;10;-2;10;-2;11;-2;12;-2;12;-2;12;-2;12;-2;12;-2;13;-2;13;-3;13;-3;14;-4;14;-5;13;-5;13;-6;13;-6;13;-3;4;-1;1;0;-1;0;-1;0;0;-2;0;-4;-1;-9;-1;-8;-1;-8;0;-8;0;-8;1;-8;1;-9;0;-8;0;-8;0;-8;0;-7;1;-8;2;-8;3;-9;3;-9;3;-9;3;-8;3;-8;4;-8;5;-8;6;-9;7;-10;7;-10;7;-10;7;-9;8;-9;8;-9;9;-9;10,stable,EXP_S142,ZONE_02,entree_zone,4.1,entree_zone,entree dans la zone
566252389,-52,6,a0:9f:7a:73:2b:3e,384,-110;-96;8;0;-16;23;-15;23;-14;23;-12;22;-10;22;-8;22;-6;22;-5;22;-4;22;-3;23;-4;23;-4;23;-5;23;-5;22;-5;20;-5;18;-5;15;-3;13;-1;11;1;10;3;10;5;11;6;12;6;13;6;14;1;3;0;0;0;0;0;0;0;0;0;0;0;0;0;0;0;0;0;0;-4;2;-17;11;-20;11;-24;10;-27;7;-29;4;-29;1;-28;-1;-26;-3;-22;-4;-19;-3;-16;0;-14;3;-14;8;-15;12;-17;15;-19;18;-22;19;-25;20;-26;19;-27;19;-27;18;-26;18;-25;18;-23;18;-22;18;-20;19;-108;0;-3;-3;-2;-2;-1;-2;0;-2;-1;-2;-3;-3;-5;-2;-7;-1;-8;1;-7;3;-7;3;-7;2;-7;1;-8;0;-10;1;-11;1;-11;2;-10;3;-9;3;-9;2;-9;1;-10;0;-10;-1;-10;0;-10;0;-10;0;-9;0;-8;-1;-3;-1;-1;-1;0;-1;0;1;-1;0;-1;-2;-2;-7;-3;-18;-2;-18;-2;-19;-1;-20;-1;-20;0;-19;1;-18;3;-18;5;-18;6;-19;6;-19;5;-19;5;-18;4;-17;5;-15;7;-14;8;-13;8;-14;7;-14;5;-14;4;-12;3;-10;4;-8;5;-7;5;-7;4;-8;3;-9;2;-9;-108;0;-27;50;-26;50;-25;49;-24;48;-22;46;-20;45;-18;44;-16;43;-14;42;-12;41;-11;39;-10;38;-9;37;-8;36;-8;35;-7;34;-7;33;-6;33;-6;32;-5;31;-5;30;-4;28;-4;27;-3;26;-3;26;-3;25;-4;25;-5;25;-2;9;-1;2;0;-1;1;-2;0;-1;-3;2;-9;9;-24;25;-24;24;-25;23;-26;23;-27;24;-28;25;-29;26;-30;27;-31;27;-31;27;-31;28;-32;28;-32;29;-33;30;-33;31;-33;31;-33;32;-32;34;-31;35;-31;38;-31;40;-31;42;-31;44;-31;45;-31;47;-30;49;-29;50;-29;52,stable,EXP_S142,ZONE_02,entree_zone,4.1,entree_zone,entree dans la zone
566452319,-53,6,a0:9f:7a:73:2b:3e,384,-110;-96;8;0;11;-17;12;-21;12;-23;12;-24;11;-25;10;-25;8;-24;6;-22;5;-21;3;-19;0;-16;-2;-14;-4;-11;-6;-9;-8;-6;-10;-3;-12;-1;-14;0;-15;2;-17;3;-17;3;-18;3;-18;3;-17;3;-16;3;-4;0;0;0;0;0;0;0;0;0;0;0;0;0;0;0;0;0;0;0;-5;3;-18;14;-21;13;-24;12;-26;9;-27;7;-26;4;-23;1;-19;-1;-13;-1;-7;-1;-1;1;5;4;10;8;14;13;17;17;18;21;18;24;18;26;18;27;16;26;15;24;13;21;12;16;10;11;10;5;10;0;117;0;-21;-1;-21;-1;-20;-1;-19;-1;-19;0;-17;2;-15;3;-14;3;-12;3;-11;3;-11;4;-11;4;-10;5;-10;6;-9;6;-8;7;-8;6;-8;6;-9;6;-9;6;-9;7;-9;7;-8;7;-7;7;-8;7;-8;6;-8;5;-8;5;-3;1;-1;0;0;-1;1;-1;0;-1;-3;1;-8;4;-22;12;-24;11;-25;10;-26;8;-27;7;-27;6;-28;4;-29;3;-30;1;-31;0;-31;0;-31;0;-30;-1;-30;-2;-29;-3;-29;-4;-29;-5;-29;-5;-29;-5;-28;-4;-27;-4;-26;-4;-25;-4;-25;-5;-25;-4;-26;-3;-26;-3;-26;-2;117;0;40;-16;39;-16;38;-16;36;-17;34;-17;32;-18;30;-18;29;-19;27;-19;26;-19;24;-19;23;-19;22;-20;21;-21;20;-21;19;-22;19;-21;18;-21;18;-20;17;-20;16;-19;15;-19;15;-19;14;-19;14;-19;15;-19;15;-18;16;-18;5;-7;1;-2;-1;0;-2;0;-1;-1;2;-1;8;-1;24;-2;24;-1;24;-1;24;0;25;0;26;0;27;0;28;1;29;1;29;1;29;1;30;0;31;0;32;-1;33;-1;33;-1;33;-2;33;-3;34;-4;35;-6;36;-7;38;-8;39;-9;39;-10;39;-11;40;-13;40;-14;40;-15,stable,EXP_S142,ZONE_02,entree_zone,4.1,entree_zone,entree dans la zone
566652381,-53,6,a0:9f:7a:73:2b:3e,384,-110;-96;8;0;2;36;0;35;-1;33;-1;30;-1;26;1;21;3;17;6;13;10;10;13;7;16;6;19;5;21;5;22;5;23;5;23;6;22;6;21;6;19;5;17;3;16;1;15;-1;14;-3;13;-5;13;-6;3;-2;0;0;0;0;0;0;0;0;0;0;0;0;0;0;0;0;0;0;-6;-2;-24;-9;-24;-12;-22;-15;-19;-17;-15;-18;-12;-16;-9;-12;-7;-7;-7;-1;-8;5;-11;10;-16;14;-20;16;-25;17;-29;15;-31;13;-32;11;-30;9;-28;7;-24;6;-18;6;-12;9;-7;12;-2;17;2;22;4;26;-108;0;8;6;8;6;8;6;7;6;6;5;6;5;5;5;4;5;4;5;4;5;3;5;3;4;3;4;2;3;2;3;2;4;2;4;2;4;2;3;2;3;1;3;1;2;1;2;1;3;1;3;1;3;1;3;0;2;0;0;0;0;-1;-1;-1;0;-1;0;0;-1;2;-4;6;-9;6;-9;7;-9;8;-8;8;-7;9;-7;10;-6;10;-5;11;-5;12;-4;12;-4;12;-3;12;-2;12;-1;12;0;12;0;12;1;12;1;11;1;11;2;11;2;11;3;11;3;11;4;11;4;11;4;10;4;10;4;-108;0;-7;25;-6;24;-5;24;-5;23;-4;23;-3;22;-2;22;-1;21;-1;20;0;20;1;19;2;19;2;18;3;18;3;18;3;18;3;18;3;18;3;18;3;17;3;17;3;17;3;16;3;16;3;16;2;16;1;16;1;16;0;6;0;1;-1;-1;0;-1;0;-1;-1;1;-3;4;-7;11;-7;11;-7;11;-8;12;-8;12;-9;13;-9;13;-9;13;-10;14;-10;14;-10;15;-10;16;-11;16;-11;16;-11;16;-11;16;-11;17;-10;18;-10;18;-10;19;-10;20;-9;21;-9;22;-9;23;-8;23;-8;24;-8;25;-7;25,stable,EXP_S142,ZONE_02,entree_zone,4.1,entree_zone,entree dans la zone
566852473,-52,6,a0:9f:7a:73:2b:3e,384,-110;-96;8;0;-22;4;-24;6;-24;8;-24;9;-24;10;-23;11;-22;12;-21;13;-19;13;-17;13;-15;14;-14;14;-11;14;-9;13;-7;13;-4;13;-1;13;1;13;3;13;5;14;6;15;7;15;8;16;8;16;8;16;1;4;0;0;0;0;0;0;0;0;0;0;0;0;0;0;0;0;0;0;1;-6;6;-24;9;-25;14;-25;18;-24;21;-21;22;-17;21;-13;18;-9;14;-6;8;-5;1;-5;-5;-7;-10;-10;-14;-14;-17;-19;-18;-23;-18;-27;-18;-29;-17;-30;-15;-29;-14;-28;-13;-25;-13;-21;-13;-16;-15;-12;-16;-8;-121;0;11;7;10;7;9;6;9;5;9;4;9;2;8;1;7;-1;6;-2;5;-2;5;-3;6;-3;6;-4;6;-5;5;-6;5;-6;4;-6;4;-6;5;-6;5;-6;5;-6;5;-6;5;-7;5;-7;4;-6;4;-6;5;-5;5;-5;1;-2;0;-1;-1;0;-2;-1;-1;-1;2;0;9;2;26;6;26;8;26;9;26;11;25;12;25;13;24;14;23;16;23;17;23;18;22;19;22;19;21;18;20;18;18;18;17;18;17;19;16;18;16;18;16;17;15;16;15;15;14;15;13;14;13;14;13;13;14;12;14;11;-121;0;-47;-18;-47;-17;-46;-16;-45;-14;-44;-13;-43;-11;-42;-9;-40;-7;-39;-5;-38;-3;-38;-1;-37;0;-36;1;-36;2;-35;3;-35;4;-34;4;-33;4;-33;4;-32;4;-31;4;-30;5;-29;6;-29;6;-29;6;-29;5;-29;4;-29;3;-11;1;-4;0;0;-1;1;1;0;0;-3;-3;-8;-7;-20;-20;-20;-20;-19;-21;-19;-21;-20;-22;-21;-23;-21;-24;-22;-25;-23;-26;-23;-26;-24;-26;-25;-26;-26;-26;-27;-27;-28;-27;-28;-27;-29;-27;-30;-26;-31;-26;-33;-25;-35;-25;-38;-25;-39;-24;-41;-24;-43;-22;-44;-21;-46;-20;-47;-20,stable,EXP_S142,ZONE_02,entree_zone,4.1,entree_zone,entree dans la zone
567054186,-53,6,a0:9f:7a:73:2b:3e,384,-110;-96;8;0;0;-28;-1;-30;-1;-31;-1;-30;-2;-28;-3;-26;-5;-24;-6;-22;-8;-19;-10;-17;-11;-15;-13;-13;-14;-11;-15;-9;-16;-7;-17;-6;-18;-4;-18;-2;-19;-1;-19;0;-19;1;-19;2;-19;2;-18;2;-18;3;-5;0;0;0;0;0;0;0;0;0;0;0;0;0;0;0;0;0;0;0;5;4;20;17;20;21;17;25;14;27;10;28;5;26;2;22;0;17;0;11;2;4;6;-2;11;-6;16;-9;22;-11;27;-11;31;-10;33;-8;34;-6;33;-4;31;-3;27;-3;23;-4;18;-6;13;-9;9;-13;6;-16;-114;0;-8;2;-8;2;-8;1;-7;1;-6;1;-5;1;-4;1;-3;1;-3;1;-3;1;-3;1;-2;1;-2;1;-1;2;-1;1;-1;1;-1;1;-1;1;-1;1;-1;2;-1;2;0;2;0;2;0;1;0;1;-1;1;-1;1;-1;1;-1;0;-1;0;0;-1;0;-1;0;-1;-1;1;-3;4;-8;11;-9;11;-10;11;-10;10;-11;10;-11;9;-12;9;-13;8;-13;8;-14;8;-14;7;-14;7;-14;6;-14;5;-14;5;-14;4;-14;4;-13;4;-13;4;-12;4;-12;4;-12;3;-12;3;-12;2;-11;3;-11;3;-11;3;-10;3;-114;0;8;-24;8;-24;7;-24;6;-23;5;-23;4;-22;3;-22;2;-21;1;-21;0;-20;-1;-19;-2;-19;-2;-19;-3;-19;-3;-18;-4;-18;-4;-18;-4;-18;-4;-18;-5;-17;-5;-17;-5;-17;-5;-16;-5;-16;-5;-16;-4;-16;-4;-16;-3;-16;-1;-6;-1;-2;0;0;-1;0;-1;0;1;-2;3;-4;11;-10;11;-10;11;-10;11;-10;12;-10;12;-10;13;-11;13;-11;13;-11;13;-12;13;-12;14;-13;14;-13;14;-14;14;-14;14;-14;14;-14;13;-15;13;-16;13;-17;12;-18;12;-19;12;-20;11;-21;11;-22;10;-23;10;-24;10;-24,stable,EXP_S142,ZONE_02,entree_zone,4.1,entree_zone,entree dans la zone
567252360,-53,6,a0:9f:7a:73:2b:3e,384,-110;-96;8;0;-18;-21;-20;-22;-21;-22;-21;-21;-21;-19;-21;-17;-21;-15;-20;-13;-20;-10;-20;-7;-19;-5;-19;-3;-18;-1;-17;1;-16;3;-15;5;-14;7;-14;9;-13;10;-12;12;-12;13;-11;14;-11;14;-11;14;-11;14;-3;3;0;0;0;0;0;0;0;0;0;0;0;0;0;0;0;0;0;0;6;-2;27;-4;29;-1;30;4;30;8;27;12;23;13;18;13;13;11;8;7;5;1;3;-6;3;-13;5;-19;8;-24;12;-28;15;-30;18;-30;21;-29;21;-28;20;-25;18;-23;15;-21;10;-19;5;-18;-1;-18;-5;-18;-117;0;-7;13;-7;12;-6;12;-5;11;-4;10;-3;9;-1;7;0;6;0;5;0;4;0;4;1;4;2;3;3;3;4;2;4;1;4;0;4;0;4;1;4;1;5;1;5;1;5;0;5;0;5;0;4;0;4;1;4;2;1;0;0;0;-1;0;-1;-2;0;-1;0;2;1;9;4;27;3;28;2;29;0;29;-1;29;-2;29;-4;29;-5;29;-7;30;-8;30;-8;30;-9;30;-10;28;-11;27;-12;25;-13;25;-13;25;-13;25;-12;24;-11;24;-10;22;-10;21;-11;20;-11;20;-11;20;-10;20;-8;19;-7;19;-117;0;-18;-50;-19;-49;-19;-48;-20;-45;-21;-43;-22;-40;-23;-38;-24;-36;-24;-34;-24;-33;-24;-31;-25;-29;-26;-27;-26;-26;-27;-26;-27;-25;-27;-24;-27;-23;-26;-22;-26;-21;-26;-21;-25;-20;-25;-19;-24;-19;-24;-19;-24;-19;-23;-19;-22;-20;-8;-8;-3;-3;0;0;-1;1;-1;0;0;-4;0;-11;1;-30;2;-30;3;-30;3;-31;3;-32;4;-33;4;-34;4;-36;4;-37;4;-37;3;-38;3;-39;3;-40;3;-41;3;-41;2;-41;1;-42;0;-42;-2;-43;-4;-44;-6;-45;-8;-47;-9;-48;-11;-49;-12;-49;-14;-50;-15;-51;-16;-51,stable,EXP_S142,ZONE_02,entree_zone,4.1,entree_zone,entree dans la zone
567452439,-53,6,a0:9f:7a:73:2b:3e,384,-110;-96;8;0;-39;-17;-38;-18;-36;-18;-33;-17;-30;-15;-26;-11;-23;-7;-20;-2;-17;3;-14;7;-13;12;-11;15;-10;18;-10;21;-9;22;-8;23;-7;23;-6;23;-5;22;-3;21;-2;20;0;18;2;17;4;16;5;15;1;3;0;0;0;0;0;0;0;0;0;0;0;0;0;0;0;0;0;0;8;1;32;5;32;9;31;13;28;16;24;18;19;17;13;14;8;8;4;1;2;-7;2;-15;4;-23;7;-30;11;-35;16;-37;19;-37;22;-36;23;-33;22;-29;19;-25;14;-21;7;-17;-1;-14;-10;-12;-18;-11;-24;-12;123;0;-13;6;-13;6;-12;6;-12;5;-11;5;-10;4;-9;3;-8;3;-8;3;-7;2;-7;3;-6;3;-5;2;-5;2;-5;2;-4;1;-4;1;-4;1;-4;1;-3;1;-3;1;-3;1;-3;1;-3;1;-3;1;-3;1;-3;1;-3;2;-1;0;-1;0;0;-1;-1;-1;0;-1;0;1;0;5;0;15;0;15;-1;15;-3;15;-4;15;-5;15;-6;15;-7;16;-8;16;-9;16;-9;15;-10;15;-10;14;-11;14;-12;13;-12;13;-13;12;-13;12;-13;12;-13;11;-13;11;-13;10;-13;10;-14;10;-14;10;-13;10;-13;9;-13;9;123;0;-16;-25;-16;-25;-17;-24;-17;-22;-17;-21;-18;-20;-18;-18;-18;-17;-18;-16;-18;-15;-18;-13;-18;-12;-18;-12;-19;-11;-19;-11;-19;-10;-19;-10;-18;-10;-18;-9;-18;-9;-18;-8;-18;-8;-17;-8;-17;-8;-17;-8;-17;-8;-16;-9;-16;-9;-6;-4;-2;-2;0;0;0;1;0;0;-1;-2;-1;-6;-3;-17;-2;-17;-2;-17;-2;-18;-2;-18;-2;-19;-2;-20;-2;-20;-2;-21;-3;-21;-3;-22;-4;-22;-4;-23;-4;-23;-4;-23;-4;-23;-5;-23;-6;-24;-7;-24;-8;-24;-9;-25;-10;-25;-11;-25;-12;-25;-13;-26;-14;-26;-15;-26;-16;-26,stable,EXP_S142,ZONE_02,entree_zone,4.1,entree_zone,entree dans la zone
567652274,-54,6,a0:9f:7a:73:2b:3e,384,-110;-96;8;0;-35;5;-37;7;-37;8;-35;9;-32;10;-28;11;-22;11;-16;11;-11;10;-5;9;1;7;6;5;10;2;14;-1;17;-4;19;-6;20;-9;20;-11;20;-13;19;-14;17;-15;14;-16;11;-15;7;-15;5;-14;1;-4;0;0;0;0;0;0;0;0;0;0;0;0;0;0;0;0;0;0;-6;6;-24;25;-27;24;-30;23;-31;20;-31;16;-28;12;-24;7;-18;2;-10;-3;-1;-7;8;-10;17;-12;25;-13;32;-14;37;-14;40;-14;42;-13;41;-12;39;-11;34;-10;28;-9;20;-7;11;-6;2;-4;-8;-2;-15;-1;93;0;-5;17;-5;17;-4;16;-4;15;-3;14;-2;13;-2;12;-2;10;-2;10;-2;9;-1;9;0;9;0;8;1;8;1;7;1;7;1;7;1;7;1;7;1;7;2;7;2;6;2;6;1;5;1;6;1;6;1;6;0;6;0;2;0;0;-1;-1;-1;-1;-1;-1;1;1;4;5;12;16;11;17;10;18;9;19;8;19;7;20;5;21;4;22;3;23;2;24;2;24;1;24;0;23;-1;23;-2;23;-3;23;-3;23;-3;23;-3;22;-3;22;-4;21;-5;21;-5;20;-5;21;-5;21;-4;21;-4;20;-4;20;93;0;-20;-15;-19;-14;-19;-13;-19;-11;-18;-10;-18;-9;-18;-8;-18;-7;-17;-6;-17;-5;-17;-4;-17;-3;-17;-2;-17;-1;-17;0;-17;0;-17;0;-17;1;-16;1;-16;1;-16;2;-16;2;-16;2;-17;2;-17;2;-17;1;-17;1;-17;0;-6;0;-2;-1;0;-1;0;0;0;0;-1;-2;-3;-5;-8;-12;-8;-12;-8;-13;-8;-13;-8;-14;-8;-14;-8;-15;-8;-15;-8;-15;-8;-15;-9;-15;-10;-16;-10;-16;-11;-17;-11;-17;-11;-17;-11;-17;-12;-16;-13;-16;-14;-16;-15;-17;-15;-17;-16;-17;-16;-17;-17;-16;-18;-16;-19;-15;-20;-15,stable,EXP_S142,ZONE_02,entree_zone,4.1,entree_zone,entree dans la zone
567853120,-54,6,a0:9f:7a:73:2b:3e,384,-110;-96;8;0;2;17;4;21;6;23;7;24;8;24;10;23;10;21;11;18;10;15;10;12;9;8;7;5;5;2;3;-1;1;-4;-1;-7;-3;-9;-5;-11;-7;-13;-8;-14;-9;-14;-9;-14;-9;-14;-9;-12;-8;-11;-2;-3;0;0;0;0;0;0;0;0;0;0;0;0;0;0;0;0;0;0;6;1;24;8;26;11;27;14;27;16;25;18;22;19;18;18;14;16;9;12;3;7;-2;2;-6;-5;-10;-11;-13;-17;-15;-23;-16;-27;-17;-30;-18;-32;-18;-32;-17;-31;-16;-28;-15;-24;-13;-19;-11;-14;-8;-7;-6;-2;104;0;25;-10;24;-10;23;-9;22;-9;20;-10;19;-10;16;-11;15;-11;13;-10;12;-10;11;-10;11;-10;10;-11;10;-12;9;-12;8;-12;8;-12;8;-11;8;-11;9;-11;8;-11;8;-11;7;-11;7;-11;7;-10;8;-10;9;-9;9;-9;3;-3;1;-1;-1;0;-1;1;-1;0;0;-4;4;-11;13;-29;15;-29;17;-29;19;-28;21;-27;22;-26;24;-25;26;-24;28;-23;30;-23;31;-22;31;-21;31;-19;31;-18;32;-16;32;-15;33;-14;33;-13;33;-13;32;-13;31;-13;30;-12;30;-11;30;-11;30;-11;30;-12;30;-12;29;-13;104;0;-31;25;-30;24;-29;23;-27;22;-25;22;-23;22;-21;22;-19;21;-18;21;-17;20;-16;19;-14;19;-13;19;-11;19;-10;19;-9;18;-9;18;-8;18;-8;18;-7;17;-6;17;-5;17;-5;17;-5;17;-5;17;-5;17;-6;17;-6;16;-3;5;-1;1;0;-1;1;-1;0;-1;-3;1;-8;5;-21;15;-21;14;-22;14;-22;14;-23;14;-25;14;-26;14;-27;14;-28;14;-28;14;-28;14;-28;14;-29;15;-30;15;-31;15;-31;14;-31;14;-30;15;-30;16;-30;18;-31;20;-32;21;-32;21;-33;22;-32;22;-32;23;-32;23;-32;24,stable,EXP_S142,ZONE_02,entree_zone,4.1,entree_zone,entree dans la zone
568054235,-52,6,a0:9f:7a:73:2b:3e,384,-110;-96;8;0;-9;12;-7;16;-6;20;-4;22;-3;24;-2;24;-1;24;1;23;2;22;3;20;3;18;4;16;4;13;5;10;5;6;6;3;7;-1;8;-4;9;-6;10;-9;11;-10;12;-11;13;-11;13;-11;13;-11;3;-3;0;0;0;0;0;0;0;0;0;0;0;0;0;0;0;0;0;0;2;-5;12;-20;15;-21;19;-22;23;-21;26;-19;27;-16;26;-13;23;-9;19;-6;13;-4;6;-3;-1;-4;-8;-5;-14;-8;-19;-11;-23;-14;-26;-17;-28;-20;-28;-21;-28;-22;-27;-21;-25;-20;-23;-17;-20;-13;-18;-8;-16;-4;-122;0;14;-13;13;-12;13;-12;13;-12;11;-12;10;-13;7;-13;5;-13;4;-12;3;-11;2;-11;2;-12;2;-13;1;-14;0;-14;-1;-13;-2;-13;-1;-12;-1;-12;0;-12;0;-13;-1;-13;-1;-13;-1;-13;-1;-12;-1;-11;0;-11;1;-11;0;-4;0;-2;0;0;-2;1;-1;0;1;-3;6;-8;19;-21;20;-21;22;-21;23;-20;24;-19;24;-18;25;-17;26;-16;27;-15;29;-14;30;-14;30;-14;29;-14;28;-13;28;-11;27;-10;28;-9;28;-10;27;-11;26;-12;25;-12;23;-12;22;-11;22;-10;22;-10;22;-11;22;-13;21;-14;-122;0;-41;21;-40;21;-38;21;-36;21;-33;21;-30;21;-28;22;-26;23;-24;23;-22;23;-21;22;-19;22;-18;22;-16;22;-14;22;-13;22;-12;22;-12;22;-11;22;-11;21;-10;21;-9;20;-7;20;-7;20;-7;20;-7;20;-7;20;-8;20;-3;7;-1;2;0;-1;1;-1;0;0;-4;0;-11;0;-29;-1;-29;-1;-29;-1;-29;-1;-30;-1;-32;0;-34;-1;-35;-1;-35;-2;-35;-2;-35;-1;-36;0;-36;0;-37;1;-38;1;-38;1;-38;2;-38;3;-38;5;-38;8;-40;10;-41;12;-42;13;-43;14;-43;15;-42;16;-42;17;-42;19,stable,EXP_S142,ZONE_02,entree_zone,4.1,entree_zone,entree dans la zone
568252270,-52,6,a0:9f:7a:73:2b:3e,384,-110;-96;8;0;-12;-9;-17;-8;-21;-7;-23;-6;-25;-5;-26;-4;-27;-3;-26;-2;-25;-2;-23;-2;-21;-1;-18;0;-15;1;-11;2;-7;3;-3;4;1;6;4;8;7;10;8;12;9;13;10;14;9;15;9;15;8;15;1;3;0;0;0;0;0;0;0;0;0;0;0;0;0;0;0;0;0;0;3;4;15;18;15;21;14;25;12;28;9;29;6;29;4;27;1;23;0;18;0;11;1;5;3;-2;7;-8;11;-13;15;-17;18;-20;21;-22;24;-24;25;-24;25;-24;25;-23;23;-21;20;-20;16;-18;11;-16;7;-15;-126;0;11;18;11;17;11;17;11;16;12;15;13;14;14;12;14;10;13;8;13;7;13;7;13;7;14;6;15;6;15;5;15;5;15;4;14;5;14;5;14;5;14;5;14;5;14;5;13;4;12;5;12;6;11;6;11;7;4;2;1;1;-1;-1;-2;-2;-1;-1;2;2;6;7;18;22;17;23;16;24;15;25;14;26;13;26;12;27;11;28;10;29;9;30;9;31;8;31;7;30;6;29;5;29;5;28;4;28;5;28;6;28;6;27;7;25;7;24;7;24;7;24;8;24;8;24;10;23;11;23;-126;0;-16;-43;-16;-43;-16;-41;-16;-39;-16;-36;-17;-34;-17;-32;-18;-30;-18;-28;-19;-27;-19;-25;-19;-23;-19;-22;-19;-21;-20;-20;-20;-19;-20;-18;-20;-17;-19;-17;-19;-16;-19;-15;-19;-14;-19;-13;-19;-12;-19;-12;-19;-13;-18;-13;-18;-14;-7;-5;-2;-2;0;0;0;1;-1;0;-1;-4;-1;-11;-2;-29;-1;-28;0;-28;0;-29;0;-29;0;-31;0;-32;1;-33;1;-34;1;-35;1;-35;0;-36;-1;-37;-1;-37;-1;-38;-1;-38;-1;-38;-2;-38;-3;-39;-5;-39;-7;-41;-8;-42;-9;-43;-10;-44;-12;-45;-13;-45;-14;-45;-15;-45,stable,EXP_S142,ZONE_02,entree_zone,4.1,entree_zone,entree dans la zone
568452312,-53,6,a0:9f:7a:73:2b:3e,384,-110;-96;8;0;23;22;24;22;24;22;24;21;23;20;22;18;21;16;21;14;20;11;20;9;19;7;19;5;19;3;18;2;18;0;17;-1;17;-3;17;-5;17;-6;17;-7;17;-7;17;-8;17;-8;17;-7;16;-7;4;-2;0;0;0;0;0;0;0;0;0;0;0;0;0;0;0;0;0;0;-4;6;-14;26;-18;25;-23;24;-26;20;-27;16;-26;12;-23;8;-18;6;-12;5;-6;7;-1;11;3;16;5;21;5;27;3;32;1;35;-2;37;-4;37;-6;36;-6;33;-5;30;-3;27;0;24;5;22;10;20;13;20;-110;0;2;-6;2;-6;2;-6;2;-6;1;-5;0;-5;0;-4;0;-3;0;-2;0;-2;0;-2;-1;-2;-1;-2;-2;-2;-2;-2;-2;-1;-2;-1;-2;-1;-2;-2;-2;-2;-2;-2;-3;-2;-3;-2;-3;-2;-2;-2;-2;-2;-2;-3;-2;-3;-1;-1;-1;-1;0;0;0;0;0;0;-1;-2;-3;-4;-8;-11;-7;-12;-7;-13;-6;-13;-5;-13;-5;-13;-4;-13;-3;-14;-2;-15;-1;-15;-1;-15;-1;-15;0;-14;0;-13;1;-13;2;-13;2;-13;2;-13;2;-12;2;-12;2;-11;2;-10;3;-10;3;-10;3;-10;3;-10;2;-9;2;-9;-110;0;15;26;15;25;15;24;15;23;15;22;15;21;15;20;15;19;15;18;15;17;15;16;14;14;14;14;14;13;14;12;14;12;14;11;14;11;14;10;13;10;13;10;13;9;13;9;12;9;12;9;12;9;12;9;11;10;4;3;1;1;-1;-1;-1;-2;-1;-1;0;1;2;5;5;16;5;16;5;16;5;17;4;17;4;18;5;19;4;19;5;20;5;20;5;20;5;21;6;21;6;22;6;22;6;22;7;22;7;22;8;23;9;23;10;24;11;24;12;25;12;25;13;25;14;26;15;26;16;26,stable,EXP_S142,ZONE_02,entree_zone,4.1,entree_zone,entree dans la zone
568654018,-53,6,a0:9f:7a:73:2b:3e,384,-110;-96;8;0;17;-19;16;-21;15;-22;15;-22;14;-23;13;-23;12;-23;11;-23;10;-23;10;-22;9;-21;8;-20;7;-19;5;-17;4;-16;2;-15;0;-15;-3;-15;-4;-15;-6;-16;-7;-17;-7;-18;-6;-19;-5;-19;-4;-19;-1;-5;0;0;0;0;0;0;0;0;0;0;0;0;0;0;0;0;0;0;6;0;25;3;26;6;26;10;25;14;22;17;19;18;15;17;12;15;10;11;9;6;10;1;13;-3;17;-7;21;-9;25;-9;28;-8;30;-7;32;-6;32;-4;31;-3;30;-3;28;-3;26;-4;24;-6;21;-9;20;-11;-105;0;-3;2;-3;2;-4;2;-4;2;-3;3;-2;3;-1;3;0;3;1;2;1;2;0;2;0;2;0;3;0;4;1;4;1;4;1;3;1;3;0;3;0;3;0;4;0;4;1;4;1;3;1;3;0;2;0;2;-1;2;-1;0;-1;0;-1;-1;0;-1;0;-1;-1;1;-2;3;-5;9;-6;10;-6;10;-7;10;-7;9;-7;8;-8;7;-9;7;-10;7;-10;7;-10;7;-10;7;-9;6;-9;5;-9;4;-9;3;-10;3;-10;4;-9;4;-8;4;-8;4;-7;3;-7;2;-7;2;-7;2;-7;3;-7;3;-6;4;-105;0;17;-22;16;-22;16;-21;15;-21;14;-20;13;-20;12;-20;11;-19;10;-19;10;-19;9;-18;8;-18;7;-18;7;-18;7;-17;6;-17;6;-17;6;-17;6;-17;6;-16;6;-16;6;-15;5;-15;5;-15;5;-15;6;-14;7;-14;7;-14;2;-5;0;-2;-1;0;-1;0;-1;0;1;-2;4;-5;11;-12;11;-12;11;-11;12;-11;12;-12;13;-12;14;-12;15;-12;15;-12;15;-12;15;-13;15;-13;16;-13;16;-14;17;-14;17;-14;17;-14;16;-14;16;-15;16;-16;17;-17;17;-18;17;-19;17;-19;17;-20;17;-21;17;-22;17;-22,stable,EXP_S142,ZONE_02,entree_zone,4.1,entree_zone,entree dans la zone
568856686,-53,6,a0:9f:7a:73:2b:3e,384,-110;-96;8;0;4;-22;3;-24;2;-25;0;-25;-1;-25;-1;-25;-2;-24;-3;-24;-3;-23;-4;-22;-4;-21;-4;-20;-4;-18;-5;-16;-5;-14;-6;-12;-8;-10;-10;-9;-12;-9;-13;-8;-14;-9;-15;-9;-15;-10;-15;-11;-15;-12;-4;-3;0;0;0;0;0;0;0;0;0;0;0;0;0;0;0;0;0;0;5;-2;22;-4;24;-2;26;2;26;5;25;9;22;11;19;11;15;10;11;8;9;4;8;-1;8;-6;10;-11;14;-14;17;-16;20;-17;23;-18;25;-17;26;-16;26;-15;25;-14;23;-13;20;-13;17;-14;14;-15;12;-16;-102;0;-6;8;-6;8;-5;7;-4;7;-3;7;-2;7;-1;7;0;6;1;6;1;5;2;5;2;6;3;6;3;6;3;6;4;6;4;6;4;6;3;6;3;6;3;7;3;7;3;6;3;6;3;6;2;6;2;6;1;6;0;2;0;0;-1;-1;0;-2;0;-1;-1;2;-3;7;-7;19;-9;19;-10;19;-11;19;-12;18;-13;17;-14;17;-15;16;-16;16;-16;15;-17;15;-17;15;-17;14;-17;13;-17;11;-16;11;-16;10;-16;10;-15;10;-14;10;-14;10;-13;9;-12;9;-12;9;-12;9;-11;9;-10;9;-10;9;-102;0;24;-44;24;-43;23;-43;21;-42;19;-40;17;-39;15;-39;13;-38;12;-37;11;-36;9;-35;8;-35;7;-34;6;-34;5;-34;5;-33;4;-33;4;-32;4;-32;3;-31;3;-30;3;-29;3;-29;3;-28;3;-28;4;-27;5;-27;6;-27;2;-10;0;-3;-1;0;-2;1;-1;0;2;-3;7;-8;21;-21;22;-21;22;-20;23;-20;24;-20;24;-20;25;-21;26;-22;26;-22;27;-23;28;-24;28;-24;29;-24;29;-25;29;-25;29;-26;29;-27;29;-28;28;-29;28;-31;28;-33;27;-35;27;-37;27;-38;27;-40;26;-41;26;-42;26;-43,stable,EXP_S142,ZONE_02,entree_zone,4.1,entree_zone,entree dans la zone
569057503,-53,6,a0:9f:7a:73:2b:3e,384,-110;-96;8;0;19;3;21;1;23;-1;23;-2;24;-4;24;-4;23;-5;23;-6;22;-6;20;-7;19;-7;17;-7;15;-6;13;-7;10;-8;8;-8;6;-10;4;-11;2;-13;2;-15;1;-16;1;-18;2;-18;3;-18;4;-18;1;-5;0;0;0;0;0;0;0;0;0;0;0;0;0;0;0;0;0;0;-1;5;-5;23;-8;25;-12;26;-16;25;-19;23;-20;19;-20;16;-18;12;-14;9;-9;7;-4;7;2;8;7;11;10;15;13;19;14;22;14;26;13;28;13;29;11;29;10;28;10;26;10;23;10;19;12;15;13;13;-107;0;-12;-5;-11;-6;-11;-5;-11;-5;-11;-4;-11;-2;-11;-1;-10;1;-9;1;-8;2;-8;2;-8;2;-9;3;-9;4;-9;5;-9;5;-9;5;-8;5;-8;4;-9;3;-9;3;-9;4;-9;4;-8;4;-8;3;-8;3;-8;2;-8;2;-3;0;-1;0;0;-1;1;0;0;0;-3;-1;-9;-2;-24;-4;-24;-5;-24;-7;-24;-9;-24;-10;-23;-11;-22;-12;-21;-14;-21;-15;-21;-16;-21;-16;-21;-16;-20;-16;-19;-16;-18;-16;-17;-16;-16;-16;-16;-16;-16;-15;-16;-14;-15;-13;-14;-12;-13;-12;-13;-12;-13;-12;-14;-11;-14;-11;-15;-10;-107;0;43;23;42;22;41;21;40;19;38;17;37;15;37;14;36;12;35;11;34;10;33;9;33;7;32;6;32;5;31;4;31;3;30;3;30;2;29;2;29;2;28;2;27;2;26;1;26;1;26;2;26;2;26;3;25;4;9;1;2;0;-1;-1;-2;-2;-1;-1;2;2;8;7;23;20;22;21;22;22;22;22;22;23;22;24;23;25;23;26;23;27;23;27;24;27;24;28;25;28;26;29;26;29;27;29;27;28;28;28;30;27;31;27;33;27;35;27;36;27;37;27;38;26;40;26;41;25;42;25,stable,EXP_S142,ZONE_02,entree_zone,4.1,entree_zone,entree dans la zone
569254008,-53,6,a0:9f:7a:73:2b:3e,384,-110;-96;8;0;-19;-12;-21;-11;-23;-10;-24;-9;-24;-8;-25;-7;-24;-6;-24;-5;-24;-5;-23;-4;-22;-3;-20;-3;-18;-2;-16;0;-14;1;-12;3;-11;5;-9;7;-9;9;-9;11;-9;13;-10;14;-11;14;-12;14;-12;13;-3;3;0;0;0;0;0;0;0;0;0;0;0;0;0;0;0;0;0;0;2;-6;11;-23;15;-23;19;-23;22;-21;25;-18;25;-14;24;-11;20;-8;16;-6;11;-6;5;-7;0;-11;-3;-15;-5;-20;-6;-24;-6;-28;-5;-31;-4;-33;-3;-34;-2;-33;-1;-32;-1;-30;-2;-27;-4;-24;-6;-21;-8;-19;-115;0;4;2;4;2;4;2;4;2;4;1;4;1;4;-1;4;-1;3;-2;3;-2;3;-2;3;-2;4;-2;4;-3;4;-3;3;-4;3;-4;3;-3;3;-3;3;-2;3;-3;4;-3;3;-3;3;-3;3;-3;3;-3;3;-2;3;-2;1;-1;0;-1;-1;0;-1;-1;-1;-1;1;0;3;1;10;4;11;5;11;6;11;6;10;6;10;6;9;7;9;8;8;8;9;9;9;9;9;9;8;8;7;8;6;8;6;8;6;9;6;9;6;8;6;7;6;6;6;6;5;6;5;6;5;6;5;6;6;5;6;4;-115;0;-22;-14;-22;-14;-21;-13;-21;-12;-20;-11;-20;-10;-19;-9;-19;-8;-19;-7;-18;-7;-18;-6;-18;-5;-17;-4;-17;-4;-17;-3;-16;-3;-16;-2;-16;-2;-16;-2;-16;-2;-15;-2;-15;-1;-14;-1;-14;-1;-14;-1;-14;-1;-14;-2;-14;-2;-5;-1;-2;-1;0;-1;0;0;0;0;-2;-2;-4;-5;-10;-14;-10;-14;-10;-14;-10;-14;-10;-15;-11;-15;-11;-16;-11;-16;-11;-17;-11;-17;-11;-17;-11;-17;-12;-17;-12;-18;-12;-18;-12;-18;-13;-17;-13;-17;-14;-17;-15;-17;-17;-17;-18;-17;-18;-17;-19;-17;-19;-16;-20;-16;-21;-16;-21;-16,stable,EXP_S142,ZONE_02,entree_zone,4.1,entree_zone,entree dans la zone
569457514,-53,6,a0:9f:7a:73:2b:3e,384,-110;-96;8;0;25;0;27;-1;28;-2;28;-2;27;-3;25;-3;24;-4;22;-5;21;-6;19;-7;17;-8;15;-8;13;-9;12;-10;10;-11;8;-12;7;-13;6;-14;5;-15;4;-16;4;-17;4;-17;4;-17;5;-16;5;-16;1;-4;0;0;0;0;0;0;0;0;0;0;0;0;0;0;0;0;0;0;0;6;0;25;-3;27;-8;28;-11;27;-14;25;-16;21;-16;17;-13;13;-9;10;-4;8;2;8;7;9;12;12;15;15;17;20;18;23;18;26;17;28;15;28;14;27;13;25;12;22;12;18;13;14;15;10;17;7;-103;0;-7;-12;-6;-11;-6;-11;-6;-10;-6;-9;-7;-7;-6;-6;-5;-4;-5;-3;-4;-3;-4;-3;-5;-3;-6;-2;-6;-1;-6;0;-6;1;-5;1;-5;0;-6;0;-6;0;-6;0;-6;0;-6;1;-6;1;-6;0;-6;-1;-6;-1;-6;-2;-2;-1;-1;-1;0;-1;1;0;0;0;-3;-2;-8;-5;-21;-13;-20;-14;-20;-15;-20;-16;-19;-17;-18;-18;-17;-19;-16;-20;-15;-21;-15;-22;-14;-22;-14;-22;-13;-22;-12;-21;-10;-21;-10;-21;-9;-21;-9;-21;-10;-20;-10;-19;-9;-18;-8;-18;-8;-17;-7;-18;-7;-18;-8;-17;-8;-16;-9;-15;-103;0;45;24;45;22;44;21;44;18;43;16;42;14;41;13;40;11;38;10;37;9;36;7;35;6;34;4;34;3;33;2;33;1;32;0;31;0;30;-1;29;-2;29;-2;28;-3;27;-3;27;-3;27;-3;26;-2;26;-2;26;-1;9;-1;2;0;-1;0;-2;-2;-1;-1;2;2;7;9;19;25;18;25;18;26;18;26;18;27;18;28;19;29;20;29;20;30;21;30;22;30;22;30;23;31;24;31;24;32;25;31;26;31;27;30;29;29;31;29;34;29;36;28;38;28;39;28;41;27;42;27;44;26;45;26,stable,EXP_S142,ZONE_02,entree_zone,4.1,entree_zone,entree dans la zone
569657274,-54,6,a0:9f:7a:73:2b:3e,384,-110;-96;8;0;2;-24;1;-25;0;-26;-1;-26;-2;-25;-2;-25;-4;-24;-5;-23;-5;-21;-6;-20;-7;-19;-7;-18;-7;-16;-8;-14;-8;-13;-9;-11;-10;-9;-11;-8;-13;-7;-14;-6;-15;-6;-16;-6;-16;-6;-16;-7;-16;-8;-4;-2;0;0;0;0;0;0;0;0;0;0;0;0;0;0;0;0;0;0;5;-1;24;-4;26;-1;28;3;28;7;26;10;23;12;19;13;15;12;12;9;9;4;8;-1;9;-6;11;-11;14;-15;17;-17;20;-18;23;-18;25;-18;25;-17;25;-15;24;-14;22;-14;19;-14;15;-15;12;-16;10;-17;-101;0;-5;7;-5;7;-5;7;-4;7;-3;7;-1;6;0;5;1;4;2;3;2;2;2;2;2;3;3;3;4;3;5;3;5;2;5;2;5;2;4;2;4;3;4;4;5;4;5;3;4;2;4;2;3;2;2;3;2;4;0;1;0;0;-1;-1;-1;-2;0;-1;0;2;-1;7;-2;22;-3;22;-4;23;-5;23;-6;22;-7;22;-8;21;-10;20;-11;20;-12;21;-12;21;-12;20;-12;19;-12;17;-12;16;-13;15;-14;15;-14;15;-13;15;-12;15;-10;14;-10;12;-10;11;-10;11;-10;11;-9;12;-8;12;-7;12;-101;0;6;-50;5;-49;4;-48;3;-47;1;-45;0;-43;-2;-42;-3;-40;-4;-39;-5;-37;-6;-36;-7;-34;-8;-33;-9;-32;-10;-32;-10;-31;-11;-30;-12;-29;-12;-29;-12;-28;-12;-27;-12;-26;-11;-25;-12;-25;-11;-25;-11;-25;-10;-25;-9;-25;-4;-9;-1;-3;0;0;-2;1;-1;0;1;-4;6;-10;17;-28;18;-27;18;-27;19;-27;19;-27;19;-28;20;-29;21;-29;21;-30;21;-31;21;-31;20;-32;21;-32;21;-33;21;-34;21;-34;19;-35;18;-36;17;-37;15;-39;14;-41;14;-43;13;-44;12;-45;11;-46;10;-47;9;-49;9;-50,stable,EXP_S142,ZONE_02,entree_zone,4.1,entree_zone,entree dans la zone
569854949,-53,6,a0:9f:7a:73:2b:3e,384,-110;-96;8;0;5;29;6;29;7;29;8;28;9;27;10;25;11;24;12;22;13;21;14;20;14;19;14;18;14;17;14;16;14;14;13;11;14;9;14;7;16;5;17;3;18;2;19;2;20;3;21;4;21;5;5;1;0;0;0;0;0;0;0;0;0;0;0;0;0;0;0;0;0;0;-6;4;-24;19;-28;17;-33;14;-35;10;-35;5;-33;1;-29;-2;-24;-3;-18;-2;-14;2;-10;6;-8;12;-9;18;-10;23;-13;27;-16;30;-19;31;-21;31;-22;29;-22;28;-20;26;-18;24;-14;24;-11;24;-7;24;-4;25;-103;0;1;-4;1;-4;1;-3;1;-3;0;-3;-1;-3;-2;-2;-2;-1;-2;-1;-2;0;-2;-1;-2;-1;-3;-1;-4;-1;-4;0;-5;0;-4;1;-4;0;-4;0;-4;0;-4;-1;-5;0;-5;0;-5;0;-5;0;-4;0;-4;-1;-3;-1;-1;-1;-1;-1;0;0;0;0;0;0;-1;-2;-2;-5;-3;-14;-2;-14;-2;-14;-1;-15;-1;-14;0;-14;1;-14;2;-14;3;-14;3;-14;3;-14;3;-14;3;-13;4;-12;4;-11;5;-11;5;-11;5;-11;4;-11;4;-10;3;-9;3;-8;4;-7;4;-7;4;-7;3;-8;2;-7;2;-7;-103;0;4;30;4;29;5;28;5;27;6;26;6;25;7;24;7;23;8;22;9;20;9;19;10;18;10;18;11;17;11;17;11;16;11;16;11;15;11;15;11;15;11;14;11;14;11;13;11;13;11;13;11;13;10;14;10;14;3;5;0;1;-1;-1;0;-2;0;-1;-1;2;-2;7;-5;19;-6;19;-6;19;-6;19;-7;19;-7;20;-7;20;-8;21;-8;21;-8;22;-8;22;-7;22;-7;23;-7;23;-7;23;-7;23;-6;23;-5;24;-4;24;-3;25;-3;26;-2;27;-1;28;-1;28;1;29;2;29;3;30;4;30,stable,EXP_S142,ZONE_02,entree_zone,4.1,entree_zone,entree dans la zone
570053719,-53,6,a0:9f:7a:73:2b:3e,384,-110;-96;8;0;-16;26;-15;27;-15;27;-13;27;-12;26;-10;26;-8;26;-6;25;-4;25;-2;24;-1;24;0;23;1;22;1;21;2;19;4;18;6;16;8;15;10;14;12;14;13;14;15;14;15;15;15;16;14;17;3;4;0;0;0;0;0;0;0;0;0;0;0;0;0;0;0;0;0;0;-8;-2;-29;-8;-30;-12;-30;-17;-28;-22;-24;-24;-20;-25;-15;-24;-11;-20;-9;-14;-8;-8;-10;-1;-14;4;-19;8;-24;10;-29;10;-33;9;-36;7;-37;5;-37;4;-35;3;-32;3;-29;4;-25;6;-22;9;-20;13;-18;16;-111;0;5;0;4;0;4;0;3;0;2;-1;2;-1;1;-1;0;-1;0;-2;-1;-2;-1;-2;-1;-2;-1;-3;-2;-3;-2;-3;-2;-3;-2;-3;-2;-4;-2;-4;-2;-4;-2;-4;-2;-4;-2;-4;-2;-4;-1;-4;-1;-4;-1;-4;-1;-4;-1;-2;0;-1;0;0;-1;0;-1;0;1;-2;4;-3;11;-8;12;-8;12;-7;12;-6;13;-5;13;-5;13;-4;14;-3;14;-2;14;-2;14;-1;14;-1;13;-1;13;0;12;0;12;1;12;1;11;1;11;1;10;1;10;1;9;1;9;1;8;1;8;1;8;1;7;0;7;0;-111;0;-26;16;-25;16;-24;16;-23;16;-22;16;-21;17;-19;17;-18;17;-17;17;-16;17;-15;17;-14;17;-13;17;-12;17;-12;17;-11;17;-11;17;-11;17;-10;17;-10;17;-10;16;-9;16;-9;16;-9;16;-9;16;-9;16;-10;15;-10;15;-4;5;-2;1;0;-1;1;-1;0;-1;-2;0;-7;1;-19;2;-19;2;-19;1;-20;1;-20;1;-20;1;-21;1;-21;1;-22;1;-22;1;-22;1;-23;2;-23;2;-23;2;-23;3;-23;3;-23;4;-24;5;-24;6;-24;7;-25;8;-25;9;-26;10;-26;11;-26;12;-26;13;-27;14;-27;15,stable,EXP_S142,ZONE_02,entree_zone,4.1,entree_zone,entree dans la zone
570252398,-53,6,a0:9f:7a:73:2b:3e,384,-110;-96;8;0;28;9;30;8;30;8;29;7;28;6;27;4;25;2;23;0;22;-3;20;-5;19;-7;18;-9;16;-10;15;-11;13;-13;11;-14;10;-15;8;-16;7;-17;6;-18;5;-19;4;-20;4;-20;4;-20;4;-20;1;-5;0;0;0;0;0;0;0;0;0;0;0;0;0;0;0;0;0;0;-5;5;-22;22;-26;20;-30;18;-33;14;-33;9;-31;5;-27;1;-21;-1;-15;0;-8;2;-2;6;3;12;5;19;6;25;5;30;3;34;1;36;-1;37;-3;35;-4;33;-3;29;-1;25;2;21;6;17;11;14;15;12;-117;0;-1;-8;-1;-8;-1;-7;-1;-7;-1;-6;-1;-5;-1;-4;-1;-3;-1;-3;-1;-2;-1;-2;-2;-2;-2;-2;-2;-1;-2;0;-2;0;-2;0;-2;0;-2;0;-3;0;-3;0;-3;1;-3;1;-3;1;-3;1;-3;0;-3;0;-3;0;-1;-1;-1;-1;0;-1;0;0;0;0;-2;-2;-5;-4;-12;-11;-11;-12;-11;-13;-10;-13;-9;-14;-9;-14;-8;-14;-7;-15;-7;-15;-6;-16;-6;-16;-5;-16;-5;-15;-4;-15;-3;-15;-2;-15;-2;-15;-2;-14;-2;-14;-2;-14;-2;-13;-2;-12;-2;-12;-1;-12;-1;-12;-2;-12;-2;-11;-2;-11;-117;0;22;15;22;15;22;14;22;13;22;11;21;10;21;9;21;8;20;7;20;6;19;5;19;4;19;3;19;2;19;2;19;1;19;1;18;0;18;0;18;0;17;-1;17;-1;17;-1;17;-1;16;-1;16;0;16;0;16;1;6;0;1;0;-1;0;-1;-2;-1;-1;0;1;2;5;7;16;6;16;6;16;6;16;6;17;6;17;7;18;7;18;7;18;7;19;8;19;8;19;9;19;9;19;9;19;10;19;10;19;11;18;12;18;13;18;15;18;16;18;17;18;18;18;19;17;20;17;21;17;22;16,stable,EXP_S142,ZONE_02,entree_zone,4.1,entree_zone,entree dans la zone
570452547,-53,6,a0:9f:7a:73:2b:3e,384,-110;-96;8;0;3;-30;3;-31;3;-32;2;-31;1;-30;-1;-28;-2;-26;-4;-24;-6;-23;-7;-22;-9;-21;-10;-19;-11;-18;-12;-16;-13;-14;-14;-12;-15;-11;-16;-9;-17;-7;-18;-6;-19;-5;-20;-5;-21;-5;-21;-6;-20;-6;-5;-2;0;0;0;0;0;0;0;0;0;0;0;0;0;0;0;0;0;0;6;1;28;8;29;12;28;17;26;21;22;24;18;24;13;22;9;18;6;12;6;5;7;-1;11;-7;16;-12;21;-14;26;-16;30;-15;33;-13;34;-11;34;-10;32;-8;28;-8;24;-8;20;-10;15;-12;12;-16;9;-19;-119;0;-6;1;-7;1;-6;1;-6;1;-5;1;-4;1;-3;1;-2;1;-1;0;-1;0;-1;0;-1;1;-1;1;0;1;1;1;1;1;1;1;1;1;0;1;0;2;1;2;1;2;1;2;1;2;1;2;1;2;0;2;0;2;0;0;-1;0;-1;-1;0;-1;0;-1;-1;1;-2;4;-6;13;-7;12;-8;12;-9;12;-9;11;-10;11;-11;10;-12;9;-13;9;-13;9;-14;8;-13;8;-13;7;-13;7;-13;6;-13;5;-13;5;-13;5;-13;4;-12;4;-11;4;-11;3;-11;2;-11;2;-11;2;-10;2;-9;3;-9;3;-119;0;11;-27;10;-26;9;-26;8;-25;7;-25;6;-24;5;-24;5;-23;4;-22;3;-22;2;-21;1;-21;0;-21;-1;-20;-1;-20;-1;-20;-2;-20;-2;-20;-2;-19;-2;-19;-2;-19;-2;-18;-3;-18;-3;-18;-2;-18;-2;-18;-1;-18;-1;-18;0;-7;0;-2;0;0;-1;0;-1;0;1;-2;4;-5;13;-13;13;-12;13;-12;13;-12;14;-12;14;-12;15;-13;15;-13;15;-13;15;-13;15;-14;15;-14;15;-15;15;-15;15;-15;15;-16;15;-16;15;-17;14;-18;14;-19;14;-20;14;-21;14;-22;13;-23;13;-24;12;-25;12;-26;11;-27,stable,EXP_S142,ZONE_02,entree_zone,4.1,entree_zone,entree dans la zone
570652377,-54,6,a0:9f:7a:73:2b:3e,384,-110;-96;8;0;-24;22;-25;24;-24;24;-23;24;-21;23;-19;22;-16;22;-13;22;-10;22;-7;22;-5;22;-3;21;-1;21;0;21;2;20;4;19;6;18;8;17;10;16;12;16;13;16;14;16;14;16;14;16;14;17;3;4;0;0;0;0;0;0;0;0;0;0;0;0;0;0;0;0;0;0;-5;-7;-18;-28;-16;-31;-12;-35;-7;-37;-2;-36;2;-33;4;-28;5;-22;3;-15;-2;-9;-8;-5;-15;-3;-22;-2;-28;-4;-33;-7;-36;-10;-38;-13;-37;-16;-35;-17;-33;-16;-29;-14;-26;-11;-24;-6;-22;-1;-21;5;-21;9;-117;0;6;2;6;2;6;2;6;1;5;0;4;0;3;-1;1;-1;0;0;0;0;0;0;1;-1;0;-2;0;-2;-1;-3;-1;-2;-1;-2;-1;-2;-1;-2;0;-3;0;-3;-1;-4;-1;-4;-1;-3;-1;-3;-1;-3;0;-3;0;-3;0;-1;0;-1;0;0;-1;0;-1;0;1;-2;4;-4;12;-9;13;-9;14;-8;14;-8;14;-7;14;-6;14;-5;15;-3;16;-3;17;-2;17;-2;16;-2;16;-1;15;0;14;1;14;1;14;2;14;2;14;1;13;1;12;1;11;2;10;2;10;3;10;3;10;2;10;1;9;1;-117;0;-24;19;-23;19;-22;19;-21;19;-19;19;-18;19;-17;19;-16;19;-15;19;-14;19;-13;19;-11;19;-10;19;-10;19;-9;19;-8;19;-8;19;-8;19;-7;19;-7;19;-6;18;-6;18;-6;18;-6;18;-6;18;-7;17;-7;17;-8;17;-3;6;-1;1;0;-1;1;-1;0;-1;-3;0;-7;1;-19;3;-19;3;-19;3;-20;3;-20;3;-21;3;-21;3;-22;3;-22;3;-22;3;-22;3;-22;4;-23;4;-23;5;-24;5;-24;5;-23;6;-23;7;-23;8;-23;10;-24;11;-25;12;-25;13;-25;14;-25;15;-25;16;-25;17;-25;18,stable,EXP_S142,ZONE_02,entree_zone,4.1,entree_zone,entree dans la zone
570852720,-53,6,a0:9f:7a:73:2b:3e,384,-110;-96;8;0;-29;14;-32;16;-32;16;-32;17;-30;17;-27;17;-24;17;-20;17;-16;16;-12;16;-9;17;-5;17;-1;17;2;17;5;16;8;16;11;15;14;15;16;15;17;14;17;13;18;13;18;12;18;12;17;11;4;2;0;0;0;0;0;0;0;0;0;0;0;0;0;0;0;0;0;0;6;-5;26;-19;30;-17;33;-14;35;-10;35;-5;33;-1;28;2;21;3;13;3;5;0;-2;-4;-8;-10;-12;-17;-15;-25;-15;-31;-15;-36;-13;-39;-11;-40;-9;-39;-8;-37;-7;-32;-7;-27;-8;-20;-10;-13;-14;-6;-17;-1;-119;0;6;10;5;10;5;9;5;8;5;7;4;6;4;5;4;5;3;4;3;4;3;3;3;3;3;2;3;1;3;1;3;0;3;0;3;0;3;0;4;0;4;0;4;0;4;-1;4;-1;4;-1;4;0;4;0;4;0;1;0;0;0;-1;0;-1;-1;-1;-1;1;0;5;1;15;5;15;6;15;7;15;8;14;9;14;10;14;11;14;11;13;12;13;13;12;14;12;14;11;14;10;14;10;15;9;15;9;15;8;15;8;14;8;14;8;14;8;14;7;13;7;13;7;13;7;13;7;12;7;12;-119;0;-28;-7;-28;-6;-28;-6;-27;-5;-26;-3;-26;-2;-25;-1;-24;-1;-23;0;-23;1;-22;2;-22;2;-21;3;-21;4;-20;4;-20;5;-20;5;-20;5;-19;5;-19;5;-18;6;-18;6;-18;6;-18;6;-18;5;-18;5;-18;4;-18;4;-7;1;-2;0;0;-1;0;0;0;0;-2;-2;-5;-5;-14;-12;-13;-13;-13;-13;-13;-13;-13;-14;-13;-14;-14;-14;-14;-14;-15;-15;-15;-15;-15;-15;-16;-15;-16;-15;-16;-15;-17;-15;-17;-14;-18;-14;-18;-13;-19;-13;-20;-12;-22;-11;-23;-11;-24;-11;-25;-10;-26;-10;-27;-9;-27;-9;-28;-8,stable,EXP_S142,ZONE_02,entree_zone,4.1,entree_zone,entree dans la zone
571052374,-54,6,a0:9f:7a:73:2b:3e,384,-110;-96;8;0;-13;28;-14;29;-13;28;-12;27;-10;26;-8;25;-6;23;-3;22;-1;21;1;21;3;21;4;21;5;21;6;20;6;18;7;17;8;16;10;14;11;13;12;12;14;11;15;11;15;11;15;12;16;12;4;3;0;0;0;0;0;0;0;0;0;0;0;0;0;0;0;0;0;0;-7;-2;-27;-8;-28;-12;-28;-17;-26;-21;-22;-23;-18;-24;-14;-22;-10;-18;-8;-13;-8;-6;-9;0;-13;5;-18;9;-23;10;-28;10;-32;9;-35;7;-35;5;-35;4;-33;3;-29;3;-25;4;-21;7;-18;10;-16;14;-14;18;-100;0;5;2;5;2;4;1;3;1;3;1;2;1;1;0;1;0;0;0;0;0;-1;0;-1;0;-1;-1;-1;-1;-2;-1;-2;-2;-2;-2;-2;-2;-2;-2;-2;-2;-2;-2;-2;-2;-2;-3;-2;-3;-2;-3;-2;-3;-2;-3;-1;-3;-1;-1;-1;-1;0;0;-1;0;-1;0;1;-1;3;-3;10;-8;10;-7;11;-7;12;-6;12;-5;12;-5;13;-4;13;-3;13;-3;13;-2;13;-2;13;-1;13;-1;12;0;12;0;12;1;11;1;11;1;11;1;10;1;10;1;9;2;9;2;9;2;8;2;8;2;8;2;7;1;-100;0;-22;17;-22;18;-21;18;-20;18;-18;18;-17;18;-16;18;-15;18;-14;18;-13;18;-12;18;-11;18;-10;18;-9;18;-8;18;-8;18;-8;18;-7;18;-7;17;-7;17;-6;17;-6;17;-6;17;-6;16;-6;16;-7;16;-7;16;-7;16;-3;5;-1;1;0;-1;1;-1;0;-1;-2;0;-7;1;-18;3;-18;2;-18;2;-18;2;-19;2;-19;2;-19;2;-20;2;-20;2;-21;3;-21;3;-21;3;-21;3;-22;4;-22;4;-22;5;-22;6;-22;6;-22;7;-22;9;-22;10;-23;11;-23;12;-23;13;-23;14;-23;15;-23;16;-23;17,stable,EXP_S142,ZONE_02,entree_zone,4.1,entree_zone,entree dans la zone
571253066,-53,6,a0:9f:7a:73:2b:3e,384,-110;-96;8;0;-16;26;-16;27;-16;27;-15;27;-13;26;-11;25;-9;24;-6;23;-4;22;-1;21;1;21;2;21;4;20;5;19;6;18;7;17;9;15;10;14;12;13;14;12;15;12;16;11;16;12;16;12;16;13;4;3;0;0;0;0;0;0;0;0;0;0;0;0;0;0;0;0;0;0;-6;-4;-23;-17;-23;-21;-21;-26;-17;-29;-13;-30;-9;-29;-5;-26;-3;-20;-3;-14;-4;-8;-8;-2;-13;2;-19;4;-25;5;-30;4;-34;2;-36;0;-36;-3;-36;-4;-33;-5;-30;-4;-26;-2;-22;1;-19;5;-17;10;-16;14;-103;0;6;2;5;2;5;2;4;2;3;1;3;1;2;0;2;0;1;0;1;0;0;-1;0;-1;0;-2;0;-2;-1;-2;-1;-2;-1;-2;-1;-3;-1;-3;-1;-3;-1;-3;-1;-3;-1;-3;-1;-3;-1;-3;-1;-3;0;-3;0;-3;0;-1;0;-1;0;0;-1;0;-1;0;1;-1;4;-2;12;-5;13;-5;13;-4;13;-3;14;-2;14;-2;14;-1;14;0;14;0;14;1;14;1;14;2;13;2;13;3;13;3;12;3;12;4;12;4;11;4;11;3;10;3;10;3;10;3;9;4;9;3;8;3;8;3;8;3;-103;0;-25;13;-25;13;-24;14;-23;14;-21;15;-20;15;-19;15;-18;15;-16;15;-15;15;-14;15;-14;16;-13;16;-12;16;-11;16;-11;17;-11;17;-10;17;-10;17;-9;16;-9;16;-9;16;-8;16;-8;16;-8;15;-9;15;-9;15;-9;15;-4;5;-2;1;0;-1;1;0;0;0;-2;0;-7;-1;-18;-2;-18;-2;-18;-3;-18;-3;-18;-3;-19;-3;-19;-3;-20;-2;-20;-2;-20;-2;-21;-2;-21;-2;-21;-2;-22;-1;-22;-1;-22;0;-22;1;-22;2;-23;3;-23;4;-24;5;-24;6;-25;8;-25;8;-26;9;-26;10;-26;11;-26;12,stable,EXP_S142,ZONE_02,entree_zone,4.1,entree_zone,entree dans la zone
571457948,-53,6,a0:9f:7a:73:2b:3e,384,-110;-96;8;0;-28;-11;-28;-10;-28;-9;-28;-8;-27;-6;-26;-4;-26;-3;-26;-1;-26;0;-25;1;-25;2;-24;2;-23;2;-21;3;-19;3;-17;4;-16;6;-14;7;-13;10;-13;11;-13;13;-14;14;-15;14;-16;14;-17;14;-5;3;0;0;0;0;0;0;0;0;0;0;0;0;0;0;0;0;0;0;-2;-7;-6;-28;-3;-31;1;-33;6;-33;10;-31;12;-28;13;-23;12;-19;8;-15;4;-12;-2;-11;-8;-13;-13;-15;-16;-19;-18;-23;-19;-27;-18;-30;-17;-31;-15;-31;-14;-30;-13;-28;-13;-26;-14;-23;-16;-20;-18;-17;-20;-15;-103;0;1;1;1;2;1;2;1;2;1;1;2;0;1;-1;1;-2;0;-2;0;-2;0;-2;0;-2;1;-3;1;-4;1;-4;1;-4;0;-4;0;-4;1;-3;1;-3;2;-4;2;-4;2;-4;2;-4;1;-4;1;-3;2;-3;2;-3;0;-1;0;-1;-1;0;-1;-1;-1;-1;1;0;4;0;11;2;12;3;12;3;12;4;11;4;11;5;10;6;9;7;9;8;9;8;9;8;9;8;9;8;8;8;7;8;6;8;6;9;6;9;6;8;5;7;5;6;4;6;3;6;3;6;3;6;3;6;4;5;4;4;-103;0;-28;-10;-28;-10;-27;-9;-26;-8;-26;-7;-25;-6;-24;-5;-24;-4;-23;-3;-22;-2;-22;-1;-21;-1;-21;0;-21;0;-20;1;-20;1;-20;1;-19;1;-19;1;-19;1;-19;1;-18;2;-18;2;-18;2;-17;2;-17;1;-17;1;-17;0;-7;0;-2;-1;0;-1;0;0;0;0;-2;-2;-6;-5;-15;-12;-15;-12;-15;-13;-15;-13;-15;-13;-15;-14;-15;-15;-15;-15;-15;-16;-16;-16;-16;-16;-16;-15;-17;-15;-18;-16;-18;-16;-18;-15;-18;-15;-19;-15;-20;-14;-21;-14;-22;-13;-23;-13;-24;-13;-25;-13;-26;-12;-27;-11;-28;-11;-28;-11,stable,EXP_S142,ZONE_02,entree_zone,4.1,entree_zone,entree dans la zone
571655640,-53,6,a0:9f:7a:73:2b:3e,384,-110;-96;8;0;30;6;31;5;31;5;30;4;29;3;28;2;27;0;26;-1;26;-3;25;-4;24;-4;24;-5;23;-5;21;-5;20;-5;18;-6;17;-7;15;-9;14;-10;14;-12;14;-13;14;-14;15;-14;16;-14;17;-14;4;-4;0;0;0;0;0;0;0;0;0;0;0;0;0;0;0;0;0;0;4;5;17;24;15;27;12;31;8;33;3;33;-1;31;-3;28;-4;23;-2;18;1;14;6;11;11;11;17;12;21;14;24;18;26;21;26;24;25;27;24;27;22;27;21;25;20;23;20;20;21;17;23;13;25;11;-106;0;-2;-2;-2;-3;-2;-3;-3;-3;-3;-2;-3;-1;-3;1;-1;1;0;1;0;1;0;0;-1;0;-2;1;-2;2;-1;3;-1;4;0;3;0;2;-1;2;-1;1;-2;2;-2;3;-2;3;-1;3;-1;3;-1;2;-1;1;-2;1;-1;0;-1;0;-1;-1;0;-1;0;-1;-2;0;-5;0;-13;2;-13;2;-14;1;-14;1;-14;1;-13;0;-12;-1;-12;-3;-13;-4;-13;-5;-14;-5;-13;-4;-12;-4;-11;-4;-10;-5;-9;-6;-10;-7;-10;-7;-10;-6;-9;-5;-8;-4;-7;-4;-6;-5;-5;-6;-6;-6;-7;-6;-7;-4;-7;-3;-106;0;31;0;31;0;30;-1;29;-1;28;-2;27;-2;26;-3;25;-3;24;-4;23;-4;22;-5;21;-5;20;-6;20;-6;20;-7;19;-7;19;-7;19;-7;18;-7;18;-7;18;-7;17;-7;16;-7;16;-7;16;-6;17;-6;17;-5;17;-4;6;-2;2;-1;-1;0;-2;-1;-1;-1;2;0;7;1;20;4;19;4;19;4;19;4;20;5;21;5;21;6;22;7;21;7;21;7;22;7;22;6;23;6;23;7;24;7;23;7;23;7;24;6;25;5;26;4;27;4;28;3;29;3;29;3;30;2;31;1;31;1;32;0,stable,EXP_S142,ZONE_02,entree_zone,4.1,entree_zone,entree dans la zone
571852436,-53,6,a0:9f:7a:73:2b:3e,384,-110;-96;8;0;20;-16;19;-17;18;-17;17;-18;15;-18;14;-18;13;-19;11;-19;10;-19;10;-20;10;-20;9;-19;9;-18;9;-17;8;-16;7;-14;5;-13;3;-13;2;-13;0;-14;-1;-14;-2;-15;-2;-16;-1;-17;-1;-17;0;-5;0;0;0;0;0;0;0;0;0;0;0;0;0;0;0;0;0;0;5;-2;24;-4;25;-1;27;3;27;6;25;10;23;12;20;12;16;11;14;9;12;5;12;1;14;-3;16;-7;20;-9;23;-9;26;-9;28;-8;29;-7;30;-6;29;-5;28;-5;26;-5;25;-6;23;-8;22;-10;22;-12;-101;0;-4;1;-4;0;-3;0;-3;0;-3;1;-2;2;0;3;1;3;2;3;3;3;3;3;3;3;3;4;3;4;4;5;4;5;4;5;4;5;3;4;3;5;2;5;3;5;3;6;3;5;3;5;2;5;2;5;1;5;0;1;0;0;-1;-1;0;-1;0;-1;-2;1;-6;4;-16;11;-16;10;-17;10;-18;9;-18;8;-18;6;-19;5;-19;4;-20;3;-20;2;-20;2;-20;2;-19;2;-18;1;-17;0;-17;-1;-17;-1;-16;-1;-16;-1;-15;0;-13;0;-12;-1;-10;-1;-10;-2;-9;-2;-9;-1;-9;0;-8;1;-101;0;49;-22;47;-22;46;-22;44;-22;41;-22;40;-23;37;-23;35;-23;33;-23;31;-23;29;-23;28;-24;27;-24;26;-24;24;-24;23;-24;22;-24;21;-24;21;-24;20;-23;19;-23;19;-22;18;-22;18;-22;18;-21;19;-21;19;-20;19;-19;7;-7;2;-2;-1;0;-3;0;-2;0;3;-1;11;-3;32;-7;33;-6;34;-5;34;-5;35;-4;36;-4;37;-4;38;-4;39;-4;39;-4;40;-4;40;-4;41;-5;42;-5;43;-5;44;-6;43;-6;44;-7;44;-8;45;-10;46;-12;47;-14;47;-15;48;-16;48;-18;49;-19;50;-21;51;-22,stable,EXP_S142,ZONE_02,entree_zone,4.1,entree_zone,entree dans la zone
572052610,-54,6,a0:9f:7a:73:2b:3e,384,-110;-96;8;0;13;-17;14;-19;14;-21;13;-22;12;-22;11;-21;8;-20;6;-18;4;-17;1;-15;-1;-12;-4;-10;-6;-7;-8;-5;-11;-2;-13;0;-14;2;-16;3;-17;4;-18;5;-18;5;-17;5;-16;5;-15;5;-14;5;-4;1;0;0;0;0;0;0;0;0;0;0;0;0;0;0;0;0;0;0;-7;1;-28;6;-30;4;-32;1;-33;-2;-31;-5;-27;-7;-23;-8;-17;-7;-11;-5;-4;-2;1;3;5;8;9;14;11;20;11;24;11;28;11;30;10;31;9;31;8;29;8;26;7;21;7;16;7;10;8;4;9;-1;122;0;-10;-6;-9;-6;-9;-5;-8;-5;-7;-4;-7;-4;-6;-3;-6;-3;-6;-3;-6;-2;-6;-2;-6;-1;-6;-1;-6;-1;-5;-1;-5;0;-5;0;-5;0;-5;0;-5;0;-5;0;-5;0;-5;-1;-4;-1;-4;-1;-4;-1;-4;-1;-4;-2;-2;-1;-1;-1;0;-1;0;-1;0;0;-2;0;-6;0;-16;1;-16;0;-16;-1;-16;-2;-16;-3;-16;-4;-16;-5;-16;-5;-16;-6;-16;-7;-16;-8;-15;-8;-15;-8;-14;-8;-14;-9;-13;-9;-13;-9;-13;-9;-12;-9;-12;-9;-12;-9;-12;-9;-11;-9;-11;-8;-11;-8;-11;-8;-11;-7;-11;-7;122;0;19;-2;19;-2;18;-3;17;-3;17;-4;16;-4;15;-5;14;-5;13;-6;12;-6;12;-7;11;-7;11;-8;10;-8;10;-8;10;-9;10;-9;10;-9;9;-9;9;-9;9;-9;9;-9;9;-9;9;-9;9;-9;9;-9;10;-8;10;-8;3;-3;1;-1;-1;0;-1;-1;-1;-1;1;0;5;0;14;2;14;2;14;3;14;3;14;4;14;4;15;4;15;4;15;5;16;5;16;5;16;5;16;5;16;5;17;4;17;4;17;4;17;4;17;3;18;3;18;2;19;2;19;1;19;1;19;0;20;-1;20;-1;20;-1,stable,EXP_S142,ZONE_02,entree_zone,4.1,entree_zone,entree dans la zone
572255393,-54,6,a0:9f:7a:73:2b:3e,384,-110;-96;8;0;-28;-17;-31;-17;-31;-17;-31;-15;-29;-12;-27;-9;-24;-5;-21;-2;-18;2;-14;5;-10;8;-7;11;-3;13;1;15;4;16;7;17;10;17;13;16;15;15;16;14;17;12;17;11;17;9;16;7;16;5;4;1;0;0;0;0;0;0;0;0;0;0;0;0;0;0;0;0;0;0;-2;7;-10;32;-13;33;-18;34;-22;33;-24;29;-24;25;-23;19;-19;13;-14;6;-7;0;2;-5;11;-8;19;-10;27;-11;33;-11;38;-10;40;-8;41;-7;39;-6;36;-5;30;-5;24;-5;16;-5;7;-6;-2;-8;-8;-10;105;0;-8;11;-8;11;-8;11;-7;10;-6;10;-5;9;-4;7;-4;6;-3;5;-4;5;-3;5;-3;5;-2;5;-1;4;-1;4;-1;3;-1;3;-2;4;-1;4;-1;4;0;4;0;4;0;3;0;3;-1;3;-1;3;-2;4;-2;4;-1;1;-1;0;0;-1;-1;-2;-1;-1;1;1;3;6;10;17;9;18;8;19;7;20;6;20;5;20;3;20;1;21;0;22;-1;23;-1;23;-2;23;-3;22;-4;21;-5;20;-6;20;-7;20;-7;20;-7;20;-7;19;-7;18;-7;17;-8;16;-9;16;-9;16;-9;16;-8;16;-7;16;105;0;-13;-23;-13;-22;-13;-21;-13;-19;-13;-18;-14;-17;-14;-16;-15;-15;-15;-14;-14;-13;-14;-12;-15;-11;-15;-10;-16;-10;-16;-9;-16;-9;-16;-9;-16;-8;-16;-8;-16;-8;-16;-8;-16;-7;-16;-8;-16;-8;-16;-8;-16;-9;-16;-10;-15;-10;-6;-4;-2;-2;0;0;0;1;-1;0;-1;-2;-1;-6;-2;-17;-2;-17;-2;-16;-2;-16;-2;-17;-2;-18;-1;-18;-1;-19;-1;-19;-1;-18;-2;-18;-2;-19;-2;-20;-3;-20;-2;-21;-2;-20;-3;-20;-4;-20;-5;-20;-6;-21;-7;-22;-8;-22;-8;-23;-9;-23;-9;-22;-10;-22;-11;-23;-12;-23,stable,EXP_S142,ZONE_02,entree_zone,4.1,entree_zone,entree dans la zone
572452593,-53,6,a0:9f:7a:73:2b:3e,384,-110;-96;8;0;-28;-13;-32;-14;-33;-14;-33;-14;-32;-12;-29;-10;-26;-7;-22;-5;-17;-2;-13;1;-8;3;-3;6;1;8;6;9;10;10;13;11;16;12;17;12;18;11;18;10;18;9;16;7;15;5;13;3;11;2;2;0;0;0;0;0;0;0;0;0;0;0;0;0;0;0;0;0;0;0;-6;5;-25;22;-28;22;-31;21;-33;19;-33;16;-30;12;-26;8;-20;4;-13;1;-4;-2;5;-3;14;-4;22;-4;29;-3;34;-2;38;-1;41;0;41;1;40;2;37;2;31;1;25;0;17;-1;9;-3;0;-5;-6;-7;106;0;-9;13;-9;13;-9;13;-9;13;-8;12;-7;11;-6;10;-6;9;-6;8;-6;8;-5;8;-5;8;-4;8;-4;8;-3;7;-3;6;-4;6;-4;6;-4;7;-4;7;-3;7;-3;6;-3;6;-3;5;-4;5;-4;5;-5;5;-5;5;-2;2;-1;0;0;-1;-1;-2;-1;-1;0;1;2;6;5;17;5;18;4;18;3;19;2;19;1;19;-1;19;-2;20;-3;21;-4;21;-4;21;-5;21;-5;20;-6;20;-7;19;-8;19;-9;19;-9;19;-8;19;-8;18;-8;17;-9;16;-10;16;-10;16;-10;17;-10;17;-9;17;-9;17;106;0;-9;-23;-9;-23;-9;-21;-9;-20;-9;-18;-10;-17;-10;-17;-10;-16;-10;-15;-10;-14;-10;-13;-10;-12;-11;-11;-11;-11;-12;-11;-12;-10;-11;-10;-11;-10;-11;-9;-11;-9;-11;-8;-11;-8;-11;-8;-11;-8;-11;-9;-11;-9;-11;-10;-10;-10;-4;-4;-1;-2;0;0;0;1;0;0;-1;-2;-1;-6;-2;-17;-2;-17;-2;-17;-2;-17;-2;-18;-1;-18;-1;-19;0;-19;0;-19;0;-19;-1;-19;-1;-19;-1;-20;-1;-21;-1;-21;-1;-21;-1;-20;-2;-20;-3;-20;-4;-21;-5;-22;-5;-23;-5;-23;-6;-23;-6;-23;-7;-23;-8;-23;-9;-23,stable,EXP_S142,ZONE_02,entree_zone,4.1,entree_zone,entree dans la zone
572652330,-53,6,a0:9f:7a:73:2b:3e,384,-110;-96;8;0;-4;-31;-5;-33;-5;-34;-5;-34;-6;-32;-6;-29;-7;-25;-8;-21;-9;-16;-10;-12;-11;-7;-12;-3;-13;1;-13;5;-14;8;-14;11;-15;13;-15;14;-15;15;-14;15;-13;15;-11;15;-10;14;-8;13;-6;12;-2;3;0;0;0;0;0;0;0;0;0;0;0;0;0;0;0;0;0;0;-3;7;-13;31;-17;31;-21;30;-23;27;-24;24;-24;19;-21;14;-15;9;-9;5;-1;2;7;0;16;0;23;2;29;5;34;8;36;11;37;13;37;14;35;15;32;14;28;11;23;8;17;3;12;-3;7;-9;4;-14;126;0;-14;-2;-13;-2;-13;-2;-12;-1;-11;-1;-10;-1;-9;-1;-9;0;-8;0;-7;0;-7;0;-7;0;-7;1;-6;1;-6;1;-6;1;-6;1;-6;1;-6;1;-5;1;-5;1;-5;1;-5;1;-5;1;-5;1;-5;0;-5;0;-5;0;-2;0;-1;0;0;-1;0;-1;0;-1;-2;1;-6;3;-15;8;-16;7;-17;6;-17;5;-18;4;-18;4;-18;3;-19;2;-19;2;-19;1;-20;1;-19;0;-19;0;-19;-1;-19;-2;-19;-2;-18;-2;-18;-2;-18;-2;-17;-2;-17;-2;-17;-2;-17;-2;-16;-2;-16;-2;-16;-2;-16;-2;-15;-2;126;0;16;-20;16;-20;15;-20;13;-19;12;-19;11;-19;9;-19;8;-18;7;-18;6;-17;5;-17;4;-17;3;-17;2;-17;1;-17;1;-17;0;-17;0;-17;0;-16;-1;-16;-1;-16;-1;-16;-1;-16;-2;-16;-2;-16;-1;-16;-1;-16;-1;-16;0;-6;0;-2;0;0;-1;0;-1;0;1;-1;5;-3;16;-7;16;-6;16;-6;16;-6;17;-6;17;-6;17;-6;18;-7;18;-7;18;-7;19;-8;19;-8;19;-8;19;-8;19;-9;19;-9;19;-10;19;-11;19;-12;19;-13;19;-14;19;-15;19;-16;19;-16;19;-17;18;-18;18;-19;18;-19,stable,EXP_S142,ZONE_02,entree_zone,4.1,entree_zone,entree dans la zone
572852269,-53,6,a0:9f:7a:73:2b:3e,384,-110;-96;8;0;23;24;24;25;23;25;22;23;21;22;20;19;19;15;18;12;18;8;18;5;18;2;19;-1;19;-3;19;-4;19;-6;19;-7;19;-7;18;-8;17;-9;16;-9;15;-10;14;-11;13;-11;12;-12;11;-13;2;-4;0;0;0;0;0;0;0;0;0;0;0;0;0;0;0;0;0;0;-7;4;-29;19;-32;16;-36;12;-37;7;-35;3;-32;-1;-27;-3;-21;-3;-14;0;-9;4;-5;10;-2;17;-2;24;-4;30;-7;35;-11;37;-14;38;-16;37;-17;35;-16;31;-14;28;-11;25;-6;22;1;20;7;20;11;20;-115;0;6;-6;5;-6;5;-5;5;-5;4;-4;4;-4;3;-3;3;-3;3;-2;2;-2;2;-2;2;-2;1;-2;1;-1;1;-1;1;-1;1;-1;0;-1;0;-1;0;-1;0;-1;0;0;0;0;0;0;0;0;0;0;1;0;1;0;0;0;0;-1;-1;-1;0;0;-1;0;-1;-2;-1;-6;-3;-16;-2;-16;-1;-16;0;-16;1;-16;2;-16;3;-16;3;-16;4;-16;5;-16;5;-15;6;-15;6;-14;7;-14;7;-13;7;-13;7;-12;7;-12;7;-12;7;-11;7;-11;7;-10;7;-10;7;-10;7;-9;7;-9;6;-9;6;-8;-115;0;7;28;8;28;8;27;9;25;9;24;10;22;10;21;11;20;11;19;11;18;12;17;12;16;12;15;13;14;13;13;13;13;13;12;13;12;13;12;13;11;13;11;13;11;13;10;13;10;13;10;12;11;12;11;12;12;4;4;1;1;-1;-1;0;-2;0;-1;0;2;-1;7;-2;19;-2;19;-3;20;-3;20;-3;20;-3;21;-3;21;-4;22;-4;22;-4;23;-4;23;-3;24;-3;24;-3;24;-3;24;-3;25;-2;25;-1;25;-1;26;0;26;1;27;2;27;3;28;4;28;5;29;6;29;6;29;7;29,stable,EXP_S142,ZONE_02,entree_zone,4.1,entree_zone,entree dans la zone
573054241,-54,6,a0:9f:7a:73:2b:3e,384,-110;-96;8;0;16;22;16;23;16;22;15;21;14;19;13;16;13;13;13;10;13;8;14;5;15;3;16;1;16;0;17;0;17;-1;17;-1;16;-2;15;-2;15;-3;14;-4;13;-5;12;-5;11;-6;11;-7;10;-8;2;-2;0;0;0;0;0;0;0;0;0;0;0;0;0;0;0;0;0;0;-5;4;-21;17;-24;15;-27;12;-28;8;-27;5;-24;2;-20;0;-15;1;-10;3;-6;6;-3;10;-2;16;-2;21;-4;25;-6;28;-9;30;-11;30;-13;29;-13;27;-13;24;-11;22;-7;19;-3;18;1;17;6;17;10;18;-112;0;9;-7;9;-7;9;-7;8;-7;7;-6;6;-5;5;-4;5;-3;5;-2;5;-2;5;-2;4;-2;3;-2;2;-1;1;0;1;1;2;1;2;1;2;0;2;0;1;0;0;0;0;1;1;1;1;1;2;1;2;0;2;-1;0;-1;0;-1;-1;-1;0;1;0;0;-1;-3;-2;-9;-5;-24;-5;-24;-4;-25;-3;-25;-1;-24;0;-24;2;-23;4;-24;5;-24;5;-25;6;-25;6;-24;7;-22;8;-21;9;-19;10;-19;11;-19;10;-20;9;-19;9;-18;8;-16;9;-15;10;-14;11;-14;11;-14;10;-14;9;-13;8;-13;-112;0;23;43;23;42;23;40;23;37;23;35;24;33;24;31;24;29;24;27;24;25;24;23;24;21;25;20;25;19;25;18;25;17;25;16;25;15;25;14;25;14;25;13;24;13;24;12;23;12;23;12;23;13;22;13;22;14;7;5;2;1;-1;-1;-1;-2;-1;-1;0;3;1;11;4;31;4;31;3;31;3;32;3;33;3;34;3;35;3;36;3;36;3;37;4;38;4;38;4;39;4;40;4;40;5;40;6;40;7;40;9;41;11;41;12;42;14;43;15;44;17;44;18;44;20;44;21;44;22;45,stable,EXP_S142,ZONE_02,entree_zone,4.1,entree_zone,entree dans la zone
573252463,-53,6,a0:9f:7a:73:2b:3e,384,-110;-96;8;0;31;-18;32;-18;32;-17;30;-16;27;-15;23;-15;19;-15;15;-15;12;-16;9;-18;7;-20;5;-21;4;-22;3;-23;2;-23;2;-22;1;-22;0;-21;-1;-20;-2;-19;-3;-18;-4;-17;-6;-16;-7;-16;-7;-16;-2;-4;0;0;0;0;0;0;0;0;0;0;0;0;0;0;0;0;0;0;4;6;18;28;16;32;11;34;6;35;2;33;-1;29;-3;24;-1;18;2;12;7;7;13;4;20;3;27;5;32;7;35;11;36;15;36;18;34;20;32;20;29;19;26;15;23;11;22;5;22;-1;23;-7;25;-11;-119;0;-3;-8;-3;-8;-3;-8;-2;-7;-2;-6;-2;-6;-1;-5;-1;-4;0;-4;0;-4;0;-4;0;-3;0;-3;0;-2;0;-2;1;-2;1;-2;1;-2;1;-2;0;-2;0;-2;0;-1;0;-1;1;-1;1;-1;1;-1;1;-2;1;-2;0;-1;0;-1;-1;0;0;-1;0;0;-2;0;-6;0;-15;0;-16;-1;-16;-2;-15;-2;-15;-3;-15;-4;-15;-5;-15;-6;-15;-7;-15;-8;-14;-8;-14;-9;-13;-9;-12;-9;-11;-10;-11;-10;-11;-10;-10;-10;-10;-10;-9;-9;-8;-9;-8;-9;-7;-10;-7;-10;-6;-10;-6;-10;-6;-9;-6;-9;-119;0;30;-7;29;-7;28;-8;27;-8;26;-9;25;-9;23;-9;22;-10;21;-10;20;-10;19;-11;18;-11;17;-11;16;-12;16;-12;15;-13;15;-13;15;-13;14;-13;14;-13;13;-12;13;-12;13;-12;13;-12;13;-12;13;-11;13;-11;14;-10;5;-4;1;-1;-1;0;-2;0;-1;-1;2;-1;7;-1;20;0;20;0;20;0;20;1;21;1;21;1;22;2;22;2;23;2;23;2;24;2;24;2;25;2;25;2;25;2;25;2;25;1;26;1;26;0;27;-1;28;-2;29;-2;29;-3;30;-4;30;-4;31;-5;31;-6;31;-6,stable,EXP_S142,ZONE_02,entree_zone,4.1,entree_zone,entree dans la zone
573452291,-54,6,a0:9f:7a:73:2b:3e,384,-110;-96;8;0;-18;-24;-18;-24;-16;-24;-15;-22;-14;-20;-14;-17;-13;-14;-14;-11;-14;-8;-15;-6;-16;-4;-17;-2;-18;-1;-18;-1;-18;0;-18;0;-17;1;-16;1;-15;2;-14;3;-13;4;-12;5;-12;6;-11;7;-11;7;-3;1;0;0;0;0;0;0;0;0;0;0;0;0;0;0;0;0;0;0;5;-5;22;-17;24;-15;26;-11;27;-8;25;-4;23;-1;18;0;14;-1;9;-3;5;-7;2;-12;1;-17;2;-23;4;-27;6;-30;9;-31;11;-30;13;-29;13;-27;12;-24;10;-22;6;-20;2;-18;-3;-18;-8;-18;-11;-19;-117;0;-11;5;-11;5;-11;5;-10;5;-9;4;-8;3;-7;2;-6;0;-6;-1;-6;-1;-6;-1;-5;0;-4;0;-3;-1;-3;-2;-3;-2;-3;-3;-3;-3;-3;-2;-3;-2;-2;-2;-1;-2;-1;-2;-2;-3;-2;-3;-3;-2;-3;-2;-3;-1;-1;-1;-1;0;0;0;-1;-2;-1;-1;0;2;1;8;4;23;3;23;2;23;1;24;-1;23;-2;23;-4;22;-6;23;-7;23;-8;24;-8;24;-8;23;-9;21;-10;20;-11;19;-12;18;-13;18;-13;18;-12;17;-11;16;-11;15;-12;13;-13;12;-13;12;-13;12;-12;12;-11;11;-10;10;-117;0;-23;-43;-23;-42;-24;-40;-24;-38;-24;-36;-24;-34;-24;-32;-24;-30;-25;-28;-25;-26;-25;-23;-26;-22;-26;-20;-27;-19;-26;-18;-26;-18;-26;-17;-26;-16;-26;-16;-26;-15;-25;-15;-25;-14;-25;-13;-25;-13;-24;-13;-24;-13;-23;-14;-23;-15;-8;-6;-3;-2;0;0;0;1;0;0;-1;-4;-2;-12;-6;-32;-5;-32;-5;-32;-5;-33;-5;-34;-5;-35;-4;-36;-4;-37;-4;-37;-4;-38;-5;-39;-5;-40;-5;-41;-5;-41;-5;-41;-6;-41;-7;-41;-8;-41;-10;-42;-12;-42;-13;-43;-14;-44;-16;-45;-17;-45;-19;-45;-21;-45;-22;-45;-23;-45,stable,EXP_S142,ZONE_02,entree_zone,4.1,entree_zone,entree dans la zone
573657024,-53,6,a0:9f:7a:73:2b:3e,384,-110;-96;8;0;-22;31;-23;30;-22;29;-21;27;-19;25;-15;23;-12;21;-8;20;-4;19;-1;20;2;20;4;20;5;21;7;21;7;21;7;21;7;20;8;18;9;17;9;15;10;14;11;12;12;11;12;11;13;10;3;2;0;0;0;0;0;0;0;0;0;0;0;0;0;0;0;0;0;0;-8;-5;-31;-19;-29;-23;-26;-27;-22;-30;-17;-30;-12;-28;-9;-23;-7;-17;-8;-10;-11;-4;-16;2;-22;5;-28;7;-34;6;-38;4;-41;2;-42;-1;-41;-4;-39;-5;-35;-5;-31;-4;-27;0;-23;4;-20;10;-19;15;-18;20;-117;0;6;4;6;4;6;4;5;4;5;3;4;3;3;2;2;3;1;3;1;3;1;3;1;2;1;2;0;1;-1;1;-1;1;-1;2;-1;2;-1;2;-1;1;-1;1;-1;0;-1;0;-2;1;-2;1;-1;1;-1;1;-1;1;-1;0;-1;0;0;-1;-1;0;-1;0;0;-2;3;-4;10;-11;11;-11;11;-11;12;-10;12;-9;12;-8;13;-7;14;-6;15;-5;15;-5;15;-5;15;-4;14;-3;14;-2;14;-1;14;0;14;0;14;0;13;0;12;0;11;1;11;1;11;2;11;3;11;3;10;3;10;2;9;2;-117;0;-19;25;-18;24;-17;24;-16;24;-15;23;-14;23;-12;22;-11;22;-10;21;-9;21;-8;20;-7;20;-7;20;-6;19;-6;19;-5;19;-5;19;-5;19;-4;18;-4;18;-4;18;-4;17;-3;17;-3;17;-4;17;-4;16;-5;16;-6;16;-2;6;-1;1;0;-1;0;-1;0;-1;-2;1;-5;5;-14;14;-14;14;-15;13;-16;13;-16;14;-17;14;-18;14;-19;14;-19;15;-19;15;-20;15;-20;15;-21;16;-21;16;-21;16;-21;16;-21;16;-20;17;-20;18;-20;19;-20;20;-21;21;-21;22;-21;23;-20;23;-20;24;-20;25;-20;25,stable,EXP_S142,ZONE_02,entree_zone,4.1,entree_zone,entree dans la zone
573855726,-53,6,a0:9f:7a:73:2b:3e,384,-110;-96;8;0;-22;21;-22;20;-22;19;-21;18;-18;16;-15;15;-12;15;-9;14;-6;15;-3;15;-1;16;0;17;1;18;2;18;2;18;3;17;3;16;3;15;4;14;4;13;5;12;6;11;7;10;8;10;9;10;2;2;0;0;0;0;0;0;0;0;0;0;0;0;0;0;0;0;0;0;-6;-5;-22;-19;-20;-22;-17;-25;-13;-27;-9;-26;-6;-23;-4;-19;-4;-14;-6;-9;-9;-5;-13;-1;-18;1;-23;1;-28;0;-31;-2;-33;-5;-33;-7;-32;-9;-30;-10;-27;-9;-24;-7;-21;-4;-19;1;-18;5;-17;10;-18;14;-108;0;3;5;2;5;2;5;2;4;1;4;1;4;0;3;0;3;0;3;-1;2;-1;2;-1;2;-1;2;-1;1;-1;1;-2;1;-2;1;-2;1;-2;1;-2;1;-2;1;-2;0;-2;0;-2;0;-2;0;-2;0;-2;0;-2;0;-1;0;-1;0;0;-1;-1;0;-1;-1;1;-1;4;-1;11;-3;11;-2;11;-1;12;0;12;0;12;1;11;2;11;2;11;3;11;3;11;4;11;4;10;4;10;5;9;5;9;6;8;6;8;6;8;6;7;6;7;6;6;6;6;6;6;6;5;6;5;6;5;5;4;5;-108;0;-24;10;-23;10;-22;10;-21;10;-20;10;-19;11;-18;11;-17;11;-16;11;-15;11;-13;11;-13;11;-12;12;-11;12;-11;12;-11;12;-10;12;-10;12;-10;12;-9;12;-9;12;-9;11;-9;11;-8;11;-8;11;-9;11;-9;11;-9;10;-4;3;-1;1;0;-1;1;-1;0;-1;-2;0;-6;1;-17;3;-17;2;-17;2;-17;1;-18;1;-18;1;-19;1;-19;1;-20;1;-20;1;-20;1;-21;1;-21;1;-21;1;-21;2;-22;2;-22;3;-22;3;-22;4;-22;5;-23;5;-23;6;-24;7;-24;7;-24;8;-24;9;-25;9;-25;10,stable,EXP_S142,ZONE_02,entree_zone,4.1,entree_zone,entree dans la zone
574056820,-54,6,a0:9f:7a:73:2b:3e,384,-110;-96;8;0;23;-18;24;-18;24;-17;22;-15;19;-14;17;-14;13;-13;10;-14;7;-14;5;-16;3;-17;1;-17;0;-18;0;-19;0;-19;-1;-18;-1;-17;-2;-16;-2;-15;-3;-14;-4;-13;-5;-13;-6;-12;-7;-12;-8;-12;-2;-3;0;0;0;0;0;0;0;0;0;0;0;0;0;0;0;0;0;0;4;5;17;21;15;24;11;26;7;27;4;25;1;22;0;18;0;13;3;8;6;4;11;2;17;1;22;1;26;3;29;6;30;9;29;11;28;13;26;13;24;12;21;9;19;6;17;1;17;-3;18;-8;19;-11;-116;0;-6;-12;-6;-12;-6;-12;-5;-11;-4;-10;-3;-9;-2;-7;-1;-7;0;-7;0;-7;0;-7;0;-6;0;-5;1;-4;1;-4;2;-3;2;-3;2;-3;2;-3;1;-3;1;-2;2;-2;2;-2;2;-2;2;-2;2;-2;2;-3;1;-3;0;-1;0;-1;-1;0;1;-1;0;-1;-3;0;-9;2;-23;6;-24;5;-25;4;-25;2;-25;1;-24;-1;-24;-3;-25;-4;-25;-6;-25;-7;-25;-8;-24;-8;-22;-9;-21;-10;-20;-11;-19;-12;-19;-12;-19;-12;-18;-12;-17;-12;-16;-12;-15;-12;-14;-13;-13;-14;-13;-14;-13;-13;-12;-12;-11;-12;-116;0;44;-22;43;-22;41;-23;39;-23;36;-23;34;-23;32;-23;30;-23;28;-23;26;-23;25;-23;24;-23;22;-24;21;-25;20;-25;19;-25;19;-25;18;-24;18;-24;17;-24;17;-24;16;-24;16;-23;16;-23;16;-23;17;-22;17;-21;18;-20;6;-7;2;-2;-1;0;-2;0;-1;0;3;-2;10;-4;30;-9;30;-8;31;-8;31;-7;32;-7;33;-7;34;-7;35;-7;36;-7;37;-7;37;-7;38;-7;39;-7;39;-7;40;-7;40;-7;40;-8;40;-10;40;-11;41;-13;42;-14;43;-15;44;-16;44;-18;44;-19;45;-20;45;-21;46;-23,stable,EXP_S142,ZONE_02,entree_zone,4.1,entree_zone,entree dans la zone
574252950,-53,6,a0:9f:7a:73:2b:3e,384,-110;-96;8;0;-30;23;-31;22;-30;21;-28;20;-25;18;-22;17;-17;16;-13;17;-9;17;-6;19;-4;20;-2;21;-1;22;0;23;0;22;1;22;1;21;2;20;3;19;4;17;5;16;6;15;7;14;8;14;9;14;2;3;0;0;0;0;0;0;0;0;0;0;0;0;0;0;0;0;0;0;-6;-6;-24;-26;-21;-30;-17;-33;-13;-34;-8;-33;-4;-29;-2;-24;-3;-18;-5;-11;-10;-6;-16;-3;-22;-1;-29;-1;-34;-4;-38;-7;-40;-10;-39;-13;-38;-15;-35;-16;-32;-15;-28;-12;-25;-7;-23;-2;-22;4;-23;10;-23;15;-109;0;4;6;3;6;3;6;3;6;2;5;1;5;1;4;0;4;0;4;-1;3;-1;3;-1;3;-1;2;-1;2;-1;1;-2;1;-2;1;-2;1;-2;1;-2;1;-2;1;-2;0;-2;0;-2;0;-2;1;-2;1;-2;1;-2;1;-1;0;-1;0;0;-1;-1;0;-1;0;1;-1;5;-2;14;-5;14;-4;14;-3;15;-2;15;-1;15;0;15;1;15;2;15;3;15;3;14;4;14;4;13;5;12;5;12;6;12;7;11;7;11;7;10;7;10;7;9;7;9;7;8;7;8;7;8;7;7;7;7;7;7;7;-109;0;-29;14;-28;14;-27;14;-25;14;-24;14;-23;14;-21;15;-20;15;-19;15;-17;15;-16;15;-16;15;-15;15;-14;15;-14;15;-13;15;-13;15;-12;15;-12;15;-11;15;-11;15;-11;15;-11;14;-10;14;-11;14;-11;14;-11;13;-12;13;-5;4;-2;1;0;-1;1;-1;0;-1;-3;0;-7;2;-20;5;-20;4;-20;4;-21;4;-21;4;-22;4;-22;4;-23;4;-24;4;-24;4;-24;4;-25;4;-25;4;-26;3;-26;4;-26;4;-26;5;-26;5;-27;6;-27;7;-28;8;-28;9;-29;10;-29;11;-29;12;-29;12;-30;13;-30;13,stable,EXP_S142,ZONE_02,entree_zone,4.1,entree_zone,entree dans la zone
574452425,-53,6,a0:9f:7a:73:2b:3e,384,-110;-96;8;0;-27;-28;-27;-28;-25;-28;-23;-26;-22;-23;-20;-20;-19;-16;-19;-12;-20;-8;-20;-5;-22;-2;-23;0;-24;1;-24;2;-24;2;-23;2;-22;3;-21;3;-20;4;-19;5;-17;6;-16;7;-15;8;-15;9;-15;10;-4;2;0;0;0;0;0;0;0;0;0;0;0;0;0;0;0;0;0;0;5;-8;21;-28;25;-26;29;-23;31;-18;30;-13;27;-9;23;-6;17;-6;10;-7;4;-11;0;-16;-3;-23;-3;-29;-2;-35;1;-39;4;-41;7;-41;9;-40;10;-37;9;-33;7;-30;3;-26;-2;-24;-8;-22;-14;-22;-18;-22;-107;0;-8;3;-8;3;-7;3;-7;2;-6;2;-6;1;-5;1;-5;0;-5;-1;-4;-1;-4;-1;-4;-1;-3;-1;-3;-1;-2;-2;-2;-2;-2;-2;-2;-2;-2;-2;-2;-2;-2;-2;-1;-2;-1;-2;-1;-2;-1;-2;-2;-2;-2;-2;-2;-1;-1;-1;-1;-1;0;0;-1;-1;-1;-1;0;1;1;4;4;13;4;14;3;14;2;15;1;15;0;14;-1;15;-2;15;-3;15;-4;15;-4;15;-5;14;-5;13;-6;13;-7;12;-7;12;-8;12;-8;11;-8;11;-7;10;-7;9;-8;8;-8;8;-9;7;-9;7;-8;7;-8;7;-7;6;-107;0;-15;-29;-15;-28;-15;-27;-15;-26;-15;-24;-15;-23;-15;-22;-15;-21;-15;-20;-15;-18;-15;-17;-16;-16;-16;-15;-16;-15;-16;-14;-16;-14;-16;-14;-16;-13;-16;-13;-16;-13;-15;-12;-15;-12;-15;-12;-15;-12;-15;-12;-14;-12;-14;-13;-13;-13;-5;-5;-2;-2;0;0;0;1;0;0;-1;-3;-3;-7;-7;-20;-7;-20;-6;-20;-6;-21;-6;-21;-6;-22;-5;-23;-5;-23;-5;-24;-5;-24;-6;-25;-6;-25;-6;-26;-6;-26;-6;-26;-6;-26;-6;-26;-7;-26;-8;-27;-9;-27;-10;-28;-10;-29;-11;-29;-12;-29;-13;-29;-14;-29;-14;-30;-15;-30,stable,EXP_S142,ZONE_02,entree_zone,4.1,entree_zone,entree dans la zone
574654822,-53,6,a0:9f:7a:73:2b:3e,384,-110;-96;8;0;33;-17;34;-16;33;-15;31;-14;27;-13;24;-13;20;-14;16;-15;12;-16;9;-18;7;-20;6;-22;5;-23;4;-23;4;-23;3;-23;3;-22;2;-21;1;-20;-1;-19;-2;-18;-4;-17;-5;-16;-6;-16;-7;-17;-2;-5;0;0;0;0;0;0;0;0;0;0;0;0;0;0;0;0;0;0;4;7;15;30;12;33;7;35;2;35;-2;32;-4;28;-5;23;-3;17;1;11;7;7;13;5;20;5;27;7;32;11;34;15;35;18;34;21;32;23;29;22;27;20;24;17;22;12;21;6;21;0;23;-6;26;-10;-105;0;-2;-9;-1;-8;-1;-8;0;-7;0;-7;0;-6;1;-5;1;-5;1;-4;1;-4;1;-4;1;-3;1;-3;1;-2;1;-2;1;-2;1;-2;1;-2;1;-1;1;-1;1;-1;1;-1;1;-1;1;-1;1;-1;1;-1;1;-1;1;-1;0;-1;0;-1;-1;0;0;0;0;0;-2;-1;-6;-1;-15;-3;-15;-4;-15;-5;-14;-6;-14;-7;-14;-8;-13;-9;-13;-10;-13;-10;-12;-11;-12;-11;-11;-11;-10;-12;-10;-12;-9;-12;-8;-12;-8;-12;-7;-12;-7;-12;-6;-12;-6;-12;-5;-11;-5;-11;-4;-11;-4;-11;-4;-11;-3;-10;-3;-10;-105;0;31;-1;30;-2;29;-2;28;-3;27;-4;26;-5;25;-5;24;-6;22;-6;21;-7;20;-7;19;-8;19;-8;18;-9;18;-9;18;-10;17;-10;17;-10;16;-10;16;-10;15;-10;15;-10;15;-10;14;-10;15;-9;15;-9;15;-9;15;-8;5;-3;1;-1;-1;0;-2;-1;-1;-1;2;0;6;1;19;4;19;4;19;5;19;5;19;6;20;6;21;6;21;6;22;6;23;6;23;7;23;7;24;7;24;7;24;7;24;7;25;6;25;6;26;5;27;4;27;4;28;3;29;2;30;2;30;1;31;0;31;0;32;0,stable,EXP_S142,ZONE_02,entree_zone,4.1,entree_zone,entree dans la zone
574852278,-54,6,a0:9f:7a:73:2b:3e,384,-110;-96;8;0;-23;-19;-23;-19;-22;-19;-20;-18;-19;-16;-17;-13;-16;-10;-16;-7;-16;-4;-16;-2;-17;0;-17;2;-18;3;-18;3;-18;4;-17;4;-17;4;-16;4;-14;4;-13;5;-12;6;-11;6;-11;7;-10;8;-10;9;-3;2;0;0;0;0;0;0;0;0;0;0;0;0;0;0;0;0;0;0;3;-6;14;-23;17;-22;21;-20;23;-16;23;-12;21;-9;17;-7;12;-6;7;-6;2;-9;-2;-12;-4;-17;-5;-22;-5;-26;-3;-30;0;-32;2;-32;4;-31;5;-30;5;-27;3;-23;0;-20;-4;-18;-8;-16;-13;-15;-16;-16;-108;0;-10;6;-11;6;-11;6;-10;5;-9;5;-8;3;-7;2;-7;1;-7;0;-7;-1;-6;-1;-6;-1;-5;-1;-4;-1;-4;-2;-4;-2;-4;-3;-4;-3;-4;-2;-3;-2;-3;-2;-2;-2;-2;-3;-2;-3;-2;-3;-3;-3;-3;-2;-3;-2;-1;-1;-1;-1;0;0;-1;-2;-1;-1;1;1;4;6;11;19;10;20;9;21;7;22;6;22;4;22;2;23;1;23;-1;24;-2;24;-2;24;-3;23;-4;22;-5;21;-7;20;-8;20;-8;20;-9;19;-9;18;-9;17;-9;16;-10;14;-10;14;-11;13;-11;13;-11;13;-10;12;-10;12;-108;0;-28;-41;-28;-40;-27;-38;-27;-36;-27;-34;-27;-32;-26;-30;-26;-28;-26;-27;-26;-25;-25;-23;-26;-22;-26;-20;-26;-19;-26;-19;-26;-18;-26;-18;-26;-17;-26;-17;-25;-16;-25;-16;-24;-16;-24;-16;-24;-15;-23;-16;-22;-16;-22;-17;-21;-18;-8;-7;-3;-3;0;0;1;1;0;0;-2;-3;-6;-10;-16;-28;-15;-28;-15;-29;-15;-30;-14;-30;-14;-31;-14;-32;-14;-34;-14;-35;-14;-35;-14;-36;-15;-37;-14;-37;-15;-38;-15;-38;-15;-38;-16;-38;-17;-38;-18;-38;-19;-39;-21;-40;-22;-41;-23;-41;-24;-41;-25;-41;-26;-42;-28;-42;-28;-43,stable,EXP_S142,ZONE_02,entree_zone,4.1,entree_zone,entree dans la zone
575052267,-53,6,a0:9f:7a:73:2b:3e,384,-110;-96;8;0;-32;0;-32;0;-31;-1;-29;-1;-26;0;-23;1;-20;3;-17;5;-15;7;-14;9;-13;12;-12;13;-12;15;-12;15;-11;15;-11;15;-10;15;-9;14;-8;14;-7;13;-5;13;-4;13;-2;13;-2;13;-1;14;-1;3;0;0;0;0;0;0;0;0;0;0;0;0;0;0;0;0;0;0;-1;-8;-3;-29;1;-30;5;-31;9;-29;11;-25;12;-21;10;-17;7;-13;2;-10;-4;-9;-10;-9;-15;-12;-19;-16;-21;-20;-22;-24;-21;-27;-20;-29;-18;-29;-16;-28;-14;-25;-13;-22;-13;-17;-15;-12;-17;-8;-21;-4;-24;-2;-108;0;-3;12;-3;12;-3;13;-2;12;-1;10;-1;8;-2;6;-4;4;-5;4;-5;4;-5;4;-4;4;-3;3;-3;2;-4;1;-4;0;-5;0;-5;1;-4;2;-3;2;-2;1;-2;0;-2;-1;-3;-1;-4;-1;-4;0;-4;0;-3;1;-2;0;-1;0;0;-1;-2;-1;-1;-1;2;0;8;1;24;5;24;6;24;8;23;9;22;10;21;12;20;14;19;16;19;18;19;19;19;19;17;19;16;19;13;19;12;20;11;20;10;21;10;21;10;19;9;18;7;17;4;17;3;18;3;18;3;18;3;18;3;16;3;15;-108;0;-53;-5;-51;-5;-50;-3;-48;-2;-46;0;-44;1;-43;2;-41;3;-39;4;-38;5;-36;6;-35;7;-34;8;-34;9;-33;10;-33;10;-32;10;-31;10;-30;10;-30;10;-29;10;-29;10;-28;10;-28;10;-28;9;-28;9;-28;8;-28;7;-10;2;-3;0;0;-1;2;0;0;0;-4;-1;-12;-3;-34;-8;-33;-9;-33;-9;-34;-9;-34;-10;-35;-11;-36;-13;-36;-14;-37;-14;-37;-14;-38;-14;-39;-14;-40;-14;-41;-15;-41;-15;-41;-15;-41;-14;-42;-13;-43;-12;-45;-11;-47;-11;-48;-10;-49;-10;-50;-9;-51;-8;-52;-7;-53;-6;-55;-5,stable,EXP_S142,ZONE_02,entree_zone,4.1,entree_zone,entree dans la zone
575252888,-53,6,a0:9f:7a:73:2b:3e,384,-110;-96;8;0;29;8;29;9;28;9;26;8;23;7;21;5;19;2;17;-1;15;-4;15;-6;14;-9;14;-11;14;-12;14;-13;14;-13;13;-13;13;-13;12;-13;10;-12;9;-12;7;-13;6;-13;4;-13;4;-14;3;-14;0;-4;0;0;0;0;0;0;0;0;0;0;0;0;0;0;0;0;0;0;-3;6;-10;26;-14;26;-18;25;-20;22;-21;18;-20;14;-17;10;-12;8;-6;7;-1;8;4;11;9;15;11;20;12;25;11;29;9;31;7;32;5;32;4;30;3;27;4;23;6;19;9;15;13;12;17;9;20;8;-110;0;4;-6;4;-6;3;-5;3;-5;3;-4;3;-4;3;-3;3;-3;3;-2;3;-2;2;-2;2;-1;2;-1;1;-1;1;0;1;0;1;0;1;0;1;0;1;0;1;0;1;0;1;0;1;0;1;0;1;0;1;0;1;0;0;0;0;0;-1;-1;0;0;0;0;-1;-2;-3;-4;-7;-11;-7;-11;-6;-12;-6;-12;-5;-13;-4;-13;-3;-13;-3;-13;-2;-13;-2;-14;-1;-13;-1;-13;0;-13;0;-12;1;-12;1;-12;2;-12;2;-11;2;-11;2;-10;2;-10;2;-10;3;-10;3;-9;3;-9;3;-9;3;-8;3;-8;-110;0;20;15;20;14;19;13;19;12;19;11;19;10;18;9;18;8;17;7;17;6;16;6;16;5;16;4;16;3;16;3;16;2;16;2;15;1;15;1;15;1;15;0;14;0;14;0;14;0;14;1;14;1;14;1;14;2;5;0;1;0;-1;-1;-1;-1;-1;-1;0;1;3;4;8;13;8;14;8;14;8;14;8;15;8;15;8;16;9;16;9;16;9;17;10;17;10;17;10;18;10;18;10;18;10;18;11;18;12;18;13;17;14;17;15;17;16;17;16;17;17;17;18;17;18;17;19;17;20;17,stable,EXP_S142,ZONE_02,entree_zone,4.1,entree_zone,entree dans la zone
575452288,-53,6,a0:9f:7a:73:2b:3e,384,-110;-96;8;0;-28;-14;-28;-14;-26;-14;-24;-14;-22;-12;-20;-10;-19;-7;-17;-3;-17;0;-17;3;-17;5;-17;7;-18;8;-17;8;-17;8;-17;8;-16;8;-15;8;-13;8;-12;9;-10;9;-9;10;-8;11;-7;11;-7;12;-2;3;0;0;0;0;0;0;0;0;0;0;0;0;0;0;0;0;0;0;2;-7;10;-26;14;-26;18;-24;20;-21;21;-17;19;-13;16;-10;11;-8;6;-8;0;-9;-4;-12;-8;-17;-10;-22;-10;-26;-9;-30;-7;-33;-5;-33;-3;-33;-1;-31;-1;-28;-2;-24;-4;-21;-8;-17;-12;-14;-16;-13;-20;-12;-107;0;-5;5;-5;4;-5;4;-4;3;-4;3;-4;2;-4;2;-4;1;-4;1;-4;0;-3;0;-3;0;-3;0;-2;0;-2;-1;-2;-1;-2;-1;-2;-1;-2;-1;-2;-1;-2;-1;-1;-1;-2;-1;-2;-2;-2;-1;-2;-1;-2;-1;-2;-1;-1;-1;-1;-1;0;0;-1;-1;-1;-1;0;1;2;3;5;10;5;10;4;11;4;11;3;11;2;11;2;12;1;12;0;12;0;12;0;12;-1;12;-1;11;-2;11;-3;10;-3;10;-4;10;-4;10;-3;9;-4;9;-4;9;-4;8;-4;8;-4;8;-4;8;-4;7;-4;7;-4;7;-107;0;-19;-18;-19;-17;-19;-16;-19;-15;-19;-14;-18;-13;-18;-12;-18;-11;-17;-10;-17;-9;-17;-8;-17;-7;-17;-6;-17;-6;-17;-5;-16;-5;-16;-4;-16;-4;-16;-4;-16;-3;-15;-3;-15;-3;-15;-3;-14;-3;-14;-3;-14;-3;-14;-4;-14;-4;-5;-2;-2;-1;0;0;0;0;0;0;-1;-2;-3;-6;-8;-15;-8;-15;-8;-15;-8;-15;-8;-16;-8;-16;-8;-17;-8;-17;-9;-18;-9;-18;-9;-19;-10;-19;-10;-19;-10;-19;-10;-20;-10;-19;-11;-19;-11;-19;-12;-19;-13;-19;-14;-19;-15;-19;-16;-19;-17;-19;-18;-19;-18;-19;-19;-19;-19;-19,stable,EXP_S142,ZONE_02,entree_zone,4.1,entree_zone,entree dans la zone
575652305,-53,6,a0:9f:7a:73:2b:3e,384,-110;-96;8;0;-37;-10;-37;-11;-35;-11;-33;-10;-30;-9;-27;-6;-24;-3;-22;0;-20;4;-19;7;-19;10;-19;12;-19;14;-19;14;-18;15;-18;15;-17;14;-15;14;-14;14;-12;14;-10;14;-8;15;-7;15;-6;16;-5;16;-2;4;0;0;0;0;0;0;0;0;0;0;0;0;0;0;0;0;0;0;1;-9;8;-34;12;-34;17;-33;20;-29;22;-25;21;-20;18;-15;13;-12;6;-10;-1;-11;-8;-14;-13;-19;-16;-24;-18;-30;-17;-34;-15;-38;-13;-40;-10;-39;-8;-37;-7;-34;-8;-29;-9;-24;-13;-19;-17;-15;-23;-12;-27;-10;-107;0;-5;7;-5;6;-5;6;-5;6;-4;5;-4;4;-4;3;-4;2;-4;2;-4;1;-4;1;-3;1;-3;0;-3;0;-3;0;-3;-1;-3;-1;-3;-1;-3;-1;-3;0;-2;-1;-2;-1;-2;-1;-2;-1;-2;-1;-2;-1;-2;-1;-2;-1;-1;-1;-1;0;0;0;-1;-1;-1;-1;1;1;3;4;9;11;9;11;8;12;7;12;7;13;6;13;5;14;4;14;4;15;3;15;3;15;2;15;1;14;0;14;-1;14;-1;13;-1;13;-1;13;-2;13;-2;12;-2;11;-3;11;-3;11;-4;11;-4;10;-4;10;-4;9;-4;9;-107;0;-27;-17;-27;-16;-27;-15;-26;-14;-26;-12;-25;-11;-25;-10;-24;-9;-23;-8;-23;-6;-22;-5;-22;-4;-22;-4;-21;-3;-21;-2;-21;-2;-21;-2;-20;-1;-20;-1;-20;0;-19;0;-19;0;-19;0;-18;0;-18;0;-18;-1;-18;-1;-18;-2;-7;-1;-2;-1;0;-1;0;0;0;0;-2;-2;-5;-6;-14;-16;-13;-16;-13;-16;-13;-17;-13;-17;-13;-18;-14;-18;-14;-19;-14;-19;-15;-20;-15;-20;-16;-20;-16;-21;-16;-21;-16;-21;-16;-21;-17;-20;-18;-20;-19;-20;-20;-20;-21;-20;-22;-20;-24;-20;-24;-19;-25;-19;-26;-19;-27;-18;-28;-18,stable,EXP_S142,ZONE_02,entree_zone,4.1,entree_zone,entree dans la zone
575852186,-52,6,a0:9f:7a:73:2b:3e,384,-110;-96;8;0;-26;29;-26;28;-26;27;-24;24;-21;22;-18;21;-14;20;-10;19;-6;19;-3;20;0;21;1;22;3;22;4;23;4;23;4;23;4;21;5;20;6;19;7;17;7;16;9;14;10;14;11;13;11;13;2;3;0;0;0;0;0;0;0;0;0;0;0;0;0;0;0;0;0;0;-8;-5;-29;-21;-28;-24;-25;-29;-20;-31;-15;-31;-11;-28;-8;-23;-7;-17;-8;-11;-11;-5;-16;0;-23;3;-29;4;-35;3;-39;1;-41;-2;-42;-5;-41;-8;-38;-9;-34;-8;-31;-6;-27;-2;-24;3;-21;8;-21;14;-21;19;-108;0;5;5;5;5;5;5;5;5;4;4;3;3;2;3;1;3;0;3;0;4;0;3;1;3;0;2;0;2;-1;1;-1;2;-2;2;-1;2;-1;2;-1;1;-1;1;-1;0;-2;0;-2;1;-2;1;-1;1;-1;1;-1;1;-1;0;-1;0;0;-1;-1;0;-1;0;1;-2;4;-4;12;-9;12;-9;13;-8;13;-8;13;-7;13;-6;14;-4;14;-3;15;-2;16;-2;16;-2;15;-2;14;-1;13;0;13;2;13;2;13;3;13;3;13;2;12;2;11;3;10;3;10;4;10;5;10;5;10;4;9;4;8;3;-108;0;-22;23;-21;23;-20;22;-19;22;-17;22;-16;22;-15;21;-14;21;-13;21;-11;20;-10;20;-9;20;-8;20;-8;20;-7;19;-7;19;-7;19;-6;19;-6;18;-5;18;-5;18;-5;18;-5;17;-5;17;-5;17;-5;17;-6;16;-6;16;-3;6;-1;1;0;-1;1;-1;0;-1;-2;1;-6;4;-17;11;-17;11;-17;11;-18;11;-19;11;-19;11;-20;11;-21;11;-21;11;-21;11;-22;12;-22;13;-23;13;-23;13;-23;13;-23;13;-23;13;-23;14;-23;15;-23;17;-23;18;-24;18;-24;19;-24;20;-23;21;-23;22;-23;23;-22;24,stable,EXP_S142,ZONE_02,entree_zone,4.1,entree_zone,entree dans la zone
576054171,-54,6,a0:9f:7a:73:2b:3e,384,-110;-96;8;0;-9;-29;-8;-30;-8;-29;-7;-27;-7;-24;-7;-21;-8;-18;-9;-15;-11;-12;-13;-10;-15;-9;-17;-8;-17;-7;-18;-7;-18;-7;-18;-6;-17;-6;-16;-5;-15;-4;-15;-3;-14;-1;-14;0;-14;1;-14;2;-14;3;-4;0;0;0;0;0;0;0;0;0;0;0;0;0;0;0;0;0;0;0;6;-3;26;-9;28;-6;29;-3;28;1;26;4;22;6;17;6;13;3;9;0;6;-5;5;-11;6;-16;9;-21;12;-24;16;-26;19;-26;21;-25;22;-23;21;-21;19;-19;16;-17;12;-17;7;-17;2;-18;-2;-20;-5;-23;-105;0;-13;-2;-13;-3;-12;-3;-11;-3;-10;-3;-9;-3;-7;-3;-6;-4;-5;-4;-5;-5;-5;-5;-5;-4;-4;-4;-3;-4;-2;-4;-2;-4;-1;-4;-1;-4;-1;-4;-1;-4;-1;-4;-1;-3;0;-3;0;-3;0;-3;-1;-3;-1;-3;-1;-3;-1;-1;-1;-1;-1;0;0;-2;0;-1;-1;2;-4;7;-10;21;-11;21;-13;20;-14;19;-16;18;-17;17;-18;17;-19;16;-20;15;-20;14;-21;14;-21;12;-21;11;-21;10;-21;8;-22;7;-22;7;-21;6;-21;6;-20;5;-19;4;-19;3;-19;2;-19;2;-18;2;-18;1;-17;1;-16;1;-105;0;8;-50;7;-49;6;-48;5;-46;3;-45;2;-43;0;-41;-1;-40;-2;-38;-3;-36;-4;-35;-6;-34;-7;-33;-8;-33;-9;-32;-9;-31;-10;-31;-10;-30;-10;-30;-11;-29;-10;-28;-10;-28;-10;-27;-10;-27;-9;-27;-9;-27;-8;-27;-7;-28;-3;-10;-1;-3;0;0;-1;1;-1;0;1;-4;4;-11;13;-29;14;-29;14;-29;15;-29;16;-30;16;-30;17;-31;17;-32;18;-33;18;-34;19;-35;19;-35;19;-36;20;-36;20;-36;20;-37;19;-37;18;-38;17;-40;16;-41;15;-43;15;-44;14;-45;13;-47;12;-48;11;-49;11;-51;10;-51,stable,EXP_S142,ZONE_02,entree_zone,4.1,entree_zone,entree dans la zone
576252382,-53,6,a0:9f:7a:73:2b:3e,384,-110;-96;8;0;-38;-4;-38;-5;-37;-6;-34;-5;-31;-4;-28;-2;-24;0;-22;3;-20;6;-18;9;-17;12;-16;14;-16;16;-16;17;-16;17;-15;17;-14;17;-13;16;-11;16;-9;16;-8;16;-6;16;-4;16;-3;16;-3;17;-1;4;0;0;0;0;0;0;0;0;0;0;0;0;0;0;0;0;0;0;0;-9;3;-35;8;-36;13;-35;17;-32;19;-28;19;-23;16;-18;12;-14;5;-11;-2;-11;-9;-13;-15;-17;-19;-22;-21;-27;-21;-32;-20;-36;-18;-38;-15;-38;-13;-36;-12;-33;-11;-29;-12;-23;-15;-18;-19;-13;-23;-9;-27;-6;-111;0;-2;7;-2;7;-2;7;-2;7;-1;6;-1;5;-2;3;-3;3;-3;2;-4;3;-3;3;-3;2;-2;2;-2;1;-2;0;-3;0;-3;0;-3;0;-3;0;-2;0;-2;0;-2;-1;-2;-1;-2;-1;-3;-1;-3;0;-2;0;-2;0;-1;0;-1;0;0;0;-1;-1;-1;-1;1;0;5;1;14;5;14;6;14;6;13;7;13;7;11;8;11;9;10;10;10;12;10;12;10;12;9;12;8;11;7;12;6;12;5;13;5;13;5;13;5;12;4;11;3;10;2;10;1;11;1;11;1;11;1;11;2;10;2;9;-111;0;-31;-6;-31;-5;-30;-4;-29;-3;-28;-2;-27;-1;-26;-1;-25;0;-24;1;-23;2;-22;2;-21;3;-21;4;-21;4;-20;5;-20;5;-20;5;-19;5;-19;6;-19;6;-18;6;-18;6;-17;5;-17;5;-17;5;-17;5;-17;4;-17;3;-7;1;-2;0;0;-1;1;0;0;0;-3;-1;-7;-3;-19;-7;-19;-8;-19;-8;-19;-9;-20;-9;-20;-10;-21;-10;-21;-11;-21;-11;-22;-11;-22;-11;-23;-11;-23;-12;-24;-12;-24;-12;-24;-12;-24;-11;-24;-11;-25;-10;-27;-10;-28;-9;-29;-9;-29;-9;-30;-8;-30;-8;-31;-7;-32;-6;-32;-6,stable,EXP_S142,ZONE_02,entree_zone,4.1,entree_zone,entree dans la zone
576451620,-53,6,a0:9f:7a:73:2b:3e,384,-110;-96;8;0;12;34;12;34;11;34;10;31;9;28;9;25;10;21;12;17;13;14;15;12;17;10;19;8;20;7;21;6;21;6;21;5;20;5;19;3;18;2;18;1;17;-1;16;-2;16;-3;16;-4;16;-5;4;-2;0;0;0;0;0;0;0;0;0;0;0;0;0;0;0;0;0;0;-8;3;-33;13;-35;10;-37;5;-37;0;-34;-4;-30;-7;-24;-7;-19;-5;-13;-1;-10;5;-9;12;-9;19;-11;25;-15;29;-19;32;-22;33;-25;32;-27;30;-26;27;-25;25;-21;22;-17;21;-11;20;-5;21;1;23;5;25;-104;0;7;-2;7;-1;7;-1;7;-1;6;-1;5;-1;4;0;3;0;3;1;3;1;2;1;2;1;2;0;1;0;0;1;0;1;0;1;0;1;0;1;0;1;0;1;0;1;-1;1;-1;1;0;1;0;1;0;1;0;0;0;0;0;0;-1;-1;-1;0;-1;0;0;-2;0;-6;2;-15;3;-15;4;-15;5;-15;6;-14;6;-14;7;-13;9;-13;9;-13;10;-12;10;-12;10;-12;10;-11;10;-10;10;-9;11;-9;11;-8;11;-8;11;-8;10;-7;10;-6;10;-5;10;-5;10;-5;10;-5;10;-5;9;-5;8;-5;-104;0;-1;31;-1;30;0;29;1;28;2;26;2;26;3;25;4;23;4;22;5;21;5;20;6;19;7;19;7;18;8;18;8;17;8;17;8;17;8;16;8;16;8;15;8;15;8;15;8;15;8;15;8;15;7;15;7;15;2;5;0;1;-1;-1;0;-2;0;-1;-1;2;-2;6;-5;19;-6;19;-6;19;-7;20;-7;20;-8;20;-8;21;-9;21;-9;22;-9;22;-9;22;-9;23;-9;23;-9;24;-9;24;-9;24;-8;24;-8;25;-7;25;-6;26;-6;27;-6;28;-5;29;-4;29;-4;30;-3;30;-2;31;-2;32,stable,EXP_S142,ZONE_02,entree_zone,4.1,entree_zone,entree dans la zone
576656753,-53,6,a0:9f:7a:73:2b:3e,384,-110;-96;8;0;19;29;19;29;19;29;18;28;17;25;16;22;16;18;16;14;16;10;18;7;18;4;19;2;20;1;20;-1;20;-2;20;-3;20;-4;19;-5;18;-6;16;-7;15;-8;15;-9;14;-10;13;-11;13;-11;3;-3;0;0;0;0;0;0;0;0;0;0;0;0;0;0;0;0;0;0;-8;3;-33;13;-36;9;-38;4;-38;-1;-36;-5;-31;-8;-26;-8;-19;-6;-13;-2;-9;4;-7;11;-6;19;-8;25;-11;30;-15;34;-18;36;-22;36;-24;34;-24;31;-23;28;-19;25;-15;22;-9;21;-2;20;4;21;9;22;-120;0;6;-5;6;-5;6;-5;6;-5;5;-5;3;-4;2;-3;2;-2;3;-1;3;-1;3;-1;2;-2;1;-2;0;-1;0;0;0;0;0;1;1;0;1;0;0;-1;0;-1;-1;-1;-1;0;-1;0;0;1;0;0;1;0;1;-1;0;-1;0;-1;-1;-1;0;0;0;0;-1;-2;-2;-6;-4;-16;-4;-16;-3;-17;-3;-17;-2;-16;-1;-16;1;-16;2;-16;3;-17;4;-17;4;-17;4;-17;4;-16;5;-15;6;-14;7;-14;7;-14;7;-14;6;-14;5;-13;5;-11;6;-10;7;-10;8;-10;8;-10;7;-10;6;-10;5;-10;-120;0;11;27;11;27;12;25;12;24;12;23;13;21;13;20;13;19;13;18;13;17;13;15;13;14;14;14;14;13;14;12;14;12;14;12;14;11;14;10;14;10;14;10;14;9;13;9;13;9;13;9;13;10;12;10;12;11;4;4;1;1;-1;-1;-1;-2;-1;-1;0;2;1;7;3;19;3;19;2;19;2;20;2;21;2;22;2;23;1;23;1;23;1;23;2;24;2;24;2;25;2;25;1;25;1;25;2;25;3;25;4;25;5;26;6;27;7;28;7;28;8;28;9;28;10;28;10;28;11;29,stable,EXP_S142,ZONE_02,entree_zone,4.1,entree_zone,entree dans la zone
576854220,-52,6,a0:9f:7a:73:2b:3e,384,-110;-96;8;0;4;18;6;21;9;23;11;23;12;23;13;22;14;21;14;19;14;16;13;14;13;11;12;8;11;6;10;2;9;-1;8;-4;7;-7;6;-10;5;-13;5;-15;5;-17;5;-18;5;-18;6;-18;6;-17;1;-5;0;0;0;0;0;0;0;0;0;0;0;0;0;0;0;0;0;0;-1;-7;0;-27;2;-29;6;-30;10;-30;12;-29;14;-26;14;-21;13;-16;10;-11;5;-6;-1;-2;-8;0;-14;2;-21;2;-26;1;-31;0;-34;-1;-36;-3;-36;-4;-35;-4;-32;-4;-29;-3;-24;-2;-19;0;-14;4;-10;6;117;0;6;-8;6;-8;6;-7;6;-7;5;-7;4;-8;2;-7;1;-7;1;-6;1;-6;1;-6;1;-6;0;-7;-1;-7;-1;-7;-2;-6;-2;-6;-2;-6;-2;-6;-2;-6;-2;-6;-2;-7;-2;-6;-2;-6;-2;-6;-1;-6;-1;-6;-1;-6;0;-2;0;-1;0;0;-1;0;-1;0;0;-2;1;-6;4;-14;5;-15;6;-15;6;-15;7;-14;7;-14;8;-14;9;-13;10;-13;11;-13;11;-13;11;-13;11;-12;11;-11;11;-10;12;-10;12;-10;12;-10;11;-11;11;-11;10;-10;10;-10;10;-9;10;-9;10;-9;10;-9;9;-10;8;-10;117;0;-11;20;-11;19;-11;19;-10;18;-9;17;-7;17;-6;17;-6;17;-5;16;-5;16;-4;15;-4;15;-3;14;-2;14;-2;14;-1;14;-1;14;-1;14;-1;13;-1;13;0;13;0;12;0;12;0;12;0;12;0;12;-1;12;-1;12;-1;4;-1;1;-1;-1;0;-1;0;-1;-1;1;-4;3;-10;10;-10;9;-10;9;-10;10;-10;10;-11;10;-12;11;-12;11;-13;11;-13;11;-13;11;-13;11;-14;12;-14;12;-14;12;-14;12;-14;12;-14;12;-13;13;-13;14;-13;15;-13;16;-13;17;-13;17;-13;18;-13;18;-12;19;-12;19,stable,EXP_S142,ZONE_02,entree_zone,4.1,entree_zone,entree dans la zone
577052298,-52,6,a0:9f:7a:73:2b:3e,384,-110;-96;8;0;-8;-18;-12;-21;-14;-23;-16;-23;-17;-23;-18;-22;-18;-21;-18;-19;-17;-16;-16;-14;-16;-11;-14;-8;-13;-5;-11;-2;-10;1;-8;5;-8;8;-7;11;-6;13;-6;15;-6;16;-6;17;-6;17;-6;16;-6;16;-2;4;0;0;0;0;0;0;0;0;0;0;0;0;0;0;0;0;0;0;1;6;6;25;4;28;1;31;-2;32;-5;31;-8;29;-9;26;-10;21;-8;15;-5;9;0;3;5;-1;12;-4;18;-7;24;-8;29;-8;32;-7;35;-6;36;-5;35;-4;33;-4;30;-4;25;-4;20;-5;14;-7;9;-9;-127;0;-6;9;-6;9;-5;9;-5;8;-4;8;-3;8;-3;7;-2;7;-1;6;-1;6;-1;6;0;6;0;6;1;6;1;5;1;5;1;5;1;5;1;5;1;5;1;5;1;5;2;4;2;4;1;4;1;4;1;4;0;4;0;1;0;0;-1;-1;0;-1;0;-1;-1;1;-1;5;-3;14;-4;14;-4;14;-5;14;-6;14;-6;14;-7;14;-8;14;-8;14;-9;14;-9;14;-10;14;-10;13;-10;12;-10;12;-10;11;-11;11;-11;12;-10;12;-10;12;-9;11;-9;11;-9;11;-9;11;-9;11;-9;11;-8;11;-8;11;-127;0;7;-23;7;-23;6;-22;5;-21;4;-21;3;-20;2;-20;1;-19;1;-19;0;-18;0;-17;-1;-17;-2;-16;-2;-16;-3;-16;-3;-15;-3;-15;-3;-15;-4;-14;-4;-14;-4;-13;-4;-13;-4;-13;-4;-12;-4;-12;-4;-12;-3;-12;-3;-12;-1;-5;-1;-2;0;0;-1;0;-1;0;0;-2;3;-5;9;-12;9;-12;9;-12;10;-12;10;-12;11;-13;11;-13;11;-13;12;-13;12;-14;12;-14;12;-14;12;-15;12;-15;12;-15;12;-15;12;-15;12;-16;11;-17;11;-18;10;-18;10;-19;10;-20;10;-21;9;-21;9;-22;8;-22;8;-23,stable,EXP_S142,ZONE_02,entree_zone,4.1,entree_zone,entree dans la zone
577252054,-52,6,a0:9f:7a:73:2b:3e,384,-110;-96;8;0;20;1;24;0;26;-1;27;-3;27;-3;26;-4;25;-5;23;-6;20;-7;17;-8;14;-9;11;-10;8;-10;5;-11;2;-11;-1;-11;-4;-12;-7;-12;-9;-13;-11;-13;-12;-14;-12;-13;-13;-13;-13;-13;-12;-13;-3;-4;0;0;0;0;0;0;0;0;0;0;0;0;0;0;0;0;0;0;-7;-2;-25;-6;-27;-9;-27;-13;-27;-16;-24;-19;-21;-19;-17;-19;-12;-16;-8;-12;-5;-7;-2;0;-1;7;-2;14;-3;20;-5;25;-8;29;-10;31;-12;32;-13;32;-14;30;-13;28;-11;25;-8;21;-4;17;1;13;5;10;-126;0;-5;-10;-5;-10;-4;-9;-5;-9;-5;-8;-6;-7;-6;-6;-5;-5;-5;-4;-5;-4;-5;-3;-5;-3;-5;-3;-6;-3;-5;-2;-5;-2;-5;-1;-5;-1;-5;-2;-5;-2;-6;-2;-6;-1;-6;-1;-5;-1;-5;-1;-5;-1;-4;-1;-4;-2;-2;-1;-1;-1;0;0;0;0;0;0;-2;-1;-4;-4;-11;-10;-10;-11;-10;-12;-9;-12;-9;-13;-8;-13;-8;-13;-7;-14;-7;-15;-7;-16;-7;-16;-7;-16;-6;-16;-6;-15;-5;-15;-5;-15;-4;-15;-4;-15;-4;-15;-5;-14;-5;-14;-5;-13;-4;-13;-4;-13;-4;-13;-5;-13;-5;-13;-6;-12;-126;0;16;16;16;15;16;14;15;13;15;12;15;11;15;10;15;9;15;8;15;8;14;7;14;6;14;5;14;5;14;4;14;3;14;3;14;3;13;3;13;2;13;2;12;2;12;1;12;1;12;1;12;2;12;2;11;2;4;1;1;0;-1;-1;-1;-1;-1;-1;0;1;1;4;4;12;4;12;4;12;4;13;4;13;4;14;4;14;4;15;4;15;4;15;5;15;5;15;6;16;6;16;6;16;6;16;7;16;7;16;8;16;9;16;10;16;11;17;12;17;12;17;13;17;14;17;15;17;16;17,stable,EXP_S142,ZONE_02,entree_zone,4.1,entree_zone,entree dans la zone
577454284,-53,6,a0:9f:7a:73:2b:3e,384,-110;-96;8;0;20;6;23;5;25;5;26;4;25;3;24;2;23;0;21;-2;19;-3;17;-5;14;-6;11;-7;9;-9;6;-10;3;-11;0;-11;-2;-12;-5;-13;-7;-13;-9;-14;-10;-14;-11;-14;-11;-14;-11;-14;-11;-13;-3;-4;0;0;0;0;0;0;0;0;0;0;0;0;0;0;0;0;0;0;-6;-4;-21;-15;-21;-18;-20;-21;-18;-24;-15;-25;-11;-25;-8;-22;-4;-18;-2;-12;-1;-6;-1;1;-3;8;-6;14;-9;19;-13;23;-16;25;-19;26;-21;26;-22;25;-21;23;-19;21;-16;18;-12;16;-7;13;-1;10;4;9;-127;0;-6;-19;-5;-19;-5;-18;-5;-17;-6;-16;-7;-14;-7;-11;-7;-9;-6;-8;-6;-7;-6;-7;-7;-7;-8;-6;-9;-5;-9;-4;-9;-3;-8;-3;-8;-3;-8;-3;-9;-3;-9;-3;-10;-3;-10;-2;-9;-1;-9;-1;-9;-2;-8;-3;-8;-4;-3;-2;-1;-1;0;0;1;0;0;0;-3;-2;-9;-6;-24;-17;-24;-18;-23;-20;-23;-21;-22;-22;-21;-23;-19;-25;-18;-26;-17;-28;-16;-30;-16;-30;-15;-31;-14;-30;-13;-30;-11;-30;-9;-30;-9;-30;-9;-30;-9;-30;-9;-29;-9;-27;-8;-26;-7;-26;-6;-27;-6;-27;-7;-27;-8;-26;-9;-25;-127;0;32;30;31;29;30;28;30;26;29;24;29;22;29;20;29;19;29;17;28;16;27;15;27;14;27;12;26;11;26;10;26;10;26;9;26;9;26;9;25;9;24;8;24;8;23;7;23;7;23;7;22;8;22;9;21;10;7;3;2;1;-1;-1;-1;-2;-1;-1;1;2;5;7;14;20;13;20;13;20;13;21;14;22;14;23;14;24;14;25;14;26;14;26;15;26;16;26;16;27;17;28;17;29;17;29;17;29;18;29;20;28;22;28;23;29;25;30;26;31;26;31;27;31;29;30;30;30;32;30,stable,EXP_S142,ZONE_02,entree_zone,4.1,entree_zone,entree dans la zone
577652382,-53,6,a0:9f:7a:73:2b:3e,384,-110;-96;8;0;-18;15;-19;18;-19;20;-19;21;-18;21;-16;21;-13;21;-11;20;-8;19;-5;18;-3;17;0;15;2;13;5;11;7;9;9;6;11;4;13;2;15;1;16;-1;17;-2;18;-3;18;-3;18;-3;18;-3;4;-1;0;0;0;0;0;0;0;0;0;0;0;0;0;0;0;0;0;0;5;-4;23;-13;26;-11;29;-8;31;-4;30;0;27;3;23;5;18;6;11;5;4;2;-2;-2;-7;-7;-11;-13;-14;-19;-15;-25;-15;-29;-15;-32;-13;-34;-12;-34;-11;-32;-10;-29;-9;-25;-9;-19;-10;-13;-11;-7;-12;-2;123;0;9;4;9;3;8;3;8;3;7;2;6;1;6;1;5;0;5;0;4;-1;4;-1;4;-1;4;-2;4;-2;3;-3;3;-3;3;-3;3;-3;3;-3;3;-3;3;-4;3;-4;3;-4;3;-4;3;-4;3;-4;3;-3;4;-3;1;-1;0;-1;-1;0;-1;0;-1;0;1;-1;5;-2;14;-4;15;-4;15;-3;16;-2;16;-1;16;0;16;1;16;2;17;3;17;3;17;4;16;4;16;5;15;5;15;6;14;6;14;7;14;7;14;6;13;6;13;6;12;6;12;6;12;6;12;6;12;6;12;5;11;5;123;0;-24;2;-23;2;-23;2;-22;3;-21;3;-20;4;-19;5;-19;5;-18;5;-17;5;-16;6;-16;6;-15;6;-15;7;-15;7;-14;7;-14;7;-14;7;-14;7;-13;7;-13;7;-13;7;-12;7;-12;7;-12;7;-12;6;-13;6;-13;5;-5;2;-2;0;0;-1;0;0;0;0;-2;-1;-5;-1;-13;-2;-13;-3;-13;-3;-14;-3;-14;-3;-15;-3;-15;-3;-16;-4;-16;-4;-16;-4;-17;-4;-17;-4;-18;-4;-18;-4;-18;-4;-18;-4;-18;-4;-19;-3;-19;-3;-20;-2;-21;-2;-21;-1;-22;-1;-22;0;-23;0;-23;1;-23;1;-24;2,stable,EXP_S142,ZONE_02,entree_zone,4.1,entree_zone,entree dans la zone
577854043,-54,6,a0:9f:7a:73:2b:3e,384,-110;-96;8;0;8;-22;8;-25;7;-27;6;-28;5;-27;3;-27;1;-26;0;-24;-3;-22;-5;-19;-6;-17;-8;-14;-9;-11;-10;-9;-11;-6;-12;-3;-13;0;-14;3;-15;5;-16;7;-16;8;-16;9;-17;10;-16;10;-16;10;-4;2;0;0;0;0;0;0;0;0;0;0;0;0;0;0;0;0;0;0;-4;5;-15;21;-19;21;-23;20;-26;17;-27;14;-26;10;-24;6;-19;3;-13;0;-6;-1;1;0;8;2;15;5;20;10;23;14;25;17;26;20;26;22;25;23;23;23;21;20;18;17;15;12;13;7;11;0;10;-5;-127;0;-21;-2;-20;-2;-19;-2;-18;-2;-17;0;-15;1;-13;2;-11;2;-10;3;-9;3;-8;4;-8;5;-8;6;-7;6;-6;7;-5;7;-5;7;-5;7;-5;7;-5;7;-5;8;-5;8;-4;8;-4;8;-4;8;-5;7;-5;7;-6;7;-3;2;-1;0;0;-1;1;-2;0;-1;-3;1;-10;5;-27;15;-28;14;-29;12;-30;11;-31;9;-31;8;-32;6;-33;4;-34;3;-35;2;-35;1;-35;0;-34;0;-34;-1;-33;-2;-33;-4;-33;-5;-32;-6;-32;-6;-31;-5;-30;-5;-29;-5;-28;-5;-28;-5;-27;-5;-27;-4;-27;-3;-27;-2;-127;0;42;-21;41;-21;39;-21;36;-22;34;-22;32;-22;31;-23;29;-23;27;-23;26;-24;24;-24;23;-24;22;-25;21;-25;20;-26;19;-26;18;-26;18;-25;18;-25;17;-25;17;-24;16;-24;15;-24;15;-24;16;-23;16;-23;17;-22;17;-22;6;-8;2;-3;-1;0;-2;0;-1;-1;2;-1;9;-2;25;-4;25;-3;26;-3;26;-2;27;-2;28;-2;29;-2;30;-2;31;-2;31;-2;32;-3;32;-3;33;-3;34;-4;35;-3;35;-4;35;-5;35;-6;35;-8;36;-9;37;-11;39;-12;40;-13;40;-14;41;-16;41;-17;41;-19;42;-20,stable,EXP_S142,ZONE_02,entree_zone,4.1,entree_zone,entree dans la zone
578052724,-53,6,a0:9f:7a:73:2b:3e,384,-110;-96;8;0;19;-9;21;-11;22;-12;22;-13;21;-14;19;-15;17;-15;14;-15;12;-15;9;-15;6;-15;3;-14;1;-14;-2;-13;-4;-11;-7;-10;-9;-9;-11;-8;-13;-7;-15;-7;-16;-6;-17;-6;-17;-5;-17;-5;-17;-5;-5;-2;0;0;0;0;0;0;0;0;0;0;0;0;0;0;0;0;0;0;-6;1;-24;5;-26;3;-28;0;-29;-4;-27;-7;-25;-9;-20;-10;-15;-10;-10;-8;-4;-4;0;1;4;7;6;13;7;19;6;24;5;28;4;30;3;31;1;31;0;29;0;26;1;22;2;18;4;13;7;7;10;4;120;0;-14;-11;-14;-11;-14;-11;-14;-10;-14;-8;-13;-5;-12;-3;-10;-2;-8;-1;-7;-1;-8;-1;-8;-1;-9;1;-9;2;-8;3;-7;4;-6;3;-7;3;-8;2;-8;2;-9;3;-9;4;-8;5;-7;5;-6;4;-7;4;-7;3;-8;2;-3;0;-1;0;0;-1;1;-1;0;0;-3;0;-10;-1;-28;-1;-28;-3;-29;-4;-30;-5;-29;-7;-28;-8;-28;-10;-27;-13;-28;-15;-29;-16;-29;-16;-29;-16;-28;-16;-26;-17;-24;-18;-24;-19;-23;-20;-23;-20;-23;-19;-22;-17;-21;-16;-19;-16;-18;-17;-19;-17;-19;-17;-20;-16;-20;-15;-20;-13;120;0;42;2;42;1;40;0;39;-1;37;-2;36;-4;35;-5;34;-6;33;-7;31;-7;30;-8;29;-9;28;-10;27;-11;27;-12;27;-13;27;-13;26;-13;26;-12;25;-12;24;-12;23;-12;23;-12;23;-12;23;-12;23;-12;23;-11;23;-10;8;-4;2;-1;-1;0;-2;-1;-1;-1;2;1;7;3;21;10;21;10;21;10;22;10;23;10;24;11;24;13;24;14;24;14;24;14;25;13;26;13;27;13;29;13;29;13;29;13;29;13;30;11;31;10;33;9;35;9;37;9;38;9;39;8;39;7;40;5;41;3;42;2,stable,EXP_S142,ZONE_02,entree_zone,4.1,entree_zone,entree dans la zone
578254827,-53,6,a0:9f:7a:73:2b:3e,384,-110;-96;8;0;-12;20;-12;23;-12;25;-11;26;-10;25;-9;25;-7;23;-4;22;-2;20;0;19;3;17;4;15;6;12;8;10;10;7;11;5;13;3;14;1;15;-2;17;-3;17;-4;18;-5;18;-6;18;-6;17;-5;4;-2;0;0;0;0;0;0;0;0;0;0;0;0;0;0;0;0;0;0;2;-6;12;-23;15;-23;19;-22;23;-20;24;-17;24;-13;22;-9;18;-5;12;-3;5;-1;-2;-2;-9;-4;-15;-7;-20;-11;-24;-15;-26;-18;-27;-21;-26;-24;-25;-25;-23;-24;-20;-22;-18;-18;-16;-13;-14;-7;-13;-1;-12;3;123;0;18;0;18;0;17;0;16;0;15;-2;13;-3;11;-4;9;-4;7;-4;6;-4;6;-5;6;-6;5;-7;4;-8;3;-9;2;-9;2;-9;2;-9;2;-9;2;-9;2;-9;2;-10;1;-10;1;-10;1;-9;2;-9;2;-9;3;-9;1;-3;0;-1;0;0;-2;0;-1;0;2;-2;8;-5;25;-14;26;-13;27;-12;28;-11;29;-10;29;-9;29;-7;30;-6;31;-4;32;-3;33;-2;33;-2;32;-1;31;0;30;2;30;3;30;3;30;3;30;2;29;2;27;1;26;2;26;2;26;3;26;2;25;1;25;0;24;-1;123;0;-40;25;-39;25;-38;25;-35;25;-33;26;-31;26;-29;27;-27;27;-25;27;-24;27;-22;27;-21;27;-20;28;-18;28;-17;28;-16;28;-15;28;-15;28;-14;28;-14;27;-13;27;-12;26;-12;26;-12;26;-12;26;-13;26;-14;25;-14;25;-6;9;-2;2;0;-1;1;-1;0;0;-3;0;-10;0;-27;2;-27;1;-27;1;-27;1;-28;1;-29;2;-31;2;-32;1;-32;1;-33;1;-33;2;-34;3;-35;3;-36;3;-36;4;-36;4;-36;5;-36;6;-36;9;-37;11;-39;13;-40;15;-41;16;-41;17;-41;18;-41;20;-41;22;-41;23,stable,EXP_S142,ZONE_02,entree_zone,4.1,entree_zone,entree dans la zone
578452221,-53,6,a0:9f:7a:73:2b:3e,384,-110;-96;8;0;-15;-19;-18;-20;-20;-20;-21;-20;-21;-19;-21;-17;-21;-15;-21;-12;-20;-9;-19;-6;-18;-3;-17;-1;-15;2;-13;4;-11;6;-9;9;-8;11;-6;13;-5;15;-4;16;-3;18;-2;18;-1;19;-1;19;-1;18;-1;4;0;0;0;0;0;0;0;0;0;0;0;0;0;0;0;0;0;0;3;4;15;20;13;24;11;27;7;29;4;29;1;27;-2;23;-4;18;-4;12;-2;5;1;-1;6;-7;11;-12;17;-15;22;-17;26;-17;29;-16;31;-15;31;-14;30;-12;27;-11;22;-10;17;-10;11;-11;5;-12;0;-13;122;0;-11;16;-11;15;-10;14;-9;14;-7;13;-6;12;-4;11;-3;9;-2;8;-1;8;0;8;1;8;2;8;3;7;4;7;5;6;5;5;5;5;5;6;5;6;6;6;6;6;6;5;6;5;6;5;6;5;5;6;4;6;1;2;0;0;-1;-1;0;-2;0;-1;-1;2;-1;10;-4;28;-5;29;-7;29;-9;29;-10;29;-11;29;-13;28;-14;28;-15;28;-17;28;-17;28;-18;28;-19;27;-19;26;-19;25;-20;24;-20;23;-20;23;-19;23;-19;23;-18;22;-17;21;-17;21;-17;20;-16;20;-16;20;-15;20;-14;20;122;0;-1;-48;-2;-47;-3;-46;-4;-44;-6;-43;-7;-41;-9;-39;-10;-37;-11;-36;-12;-34;-13;-33;-14;-31;-15;-30;-17;-30;-17;-29;-18;-28;-18;-28;-18;-28;-18;-27;-18;-26;-18;-25;-18;-24;-18;-23;-19;-23;-18;-23;-18;-23;-17;-24;-17;-24;-6;-9;-2;-3;0;0;-1;1;-1;0;1;-3;4;-9;12;-24;13;-23;13;-23;14;-23;14;-24;14;-25;15;-26;15;-27;15;-28;15;-29;15;-30;15;-30;15;-31;15;-32;15;-33;15;-33;14;-34;13;-35;12;-36;10;-38;9;-39;8;-41;7;-42;6;-44;4;-45;3;-46;1;-47;0;-48,stable,EXP_S142,ZONE_02,entree_zone,4.1,entree_zone,entree dans la zone
578652317,-53,6,a0:9f:7a:73:2b:3e,384,-110;-96;8;0;-3;-24;-5;-27;-6;-28;-6;-28;-7;-28;-9;-26;-10;-24;-11;-21;-12;-19;-12;-16;-13;-13;-13;-10;-13;-7;-14;-4;-14;-1;-13;2;-13;5;-13;7;-13;10;-13;11;-13;13;-13;14;-13;14;-13;14;-12;14;-3;3;0;0;0;0;0;0;0;0;0;0;0;0;0;0;0;0;0;0;0;6;2;26;-1;28;-5;29;-9;29;-12;27;-14;24;-15;19;-13;14;-9;8;-4;3;2;0;9;-3;16;-4;22;-3;27;-2;31;0;33;2;34;4;34;6;32;6;28;6;24;4;20;1;15;-3;10;-7;7;-11;-122;0;-8;5;-8;5;-8;5;-7;5;-6;5;-5;5;-4;5;-3;4;-2;3;-2;3;-2;3;-2;3;-1;4;0;4;0;4;1;3;1;3;0;3;0;3;0;4;1;4;1;4;1;4;2;3;1;3;1;3;0;3;0;4;0;1;0;0;-1;-1;0;-1;0;-1;-1;1;-2;4;-5;13;-6;14;-7;14;-7;14;-8;13;-9;13;-10;12;-10;12;-11;12;-12;12;-12;12;-12;12;-12;11;-13;10;-13;9;-13;8;-14;8;-14;8;-13;9;-12;8;-12;8;-11;7;-12;7;-12;7;-12;7;-12;7;-11;7;-10;8;-122;0;7;-24;6;-23;6;-23;5;-22;4;-21;2;-21;2;-20;1;-20;0;-19;0;-19;-1;-18;-1;-18;-2;-17;-3;-17;-3;-17;-3;-17;-4;-17;-4;-17;-4;-16;-4;-16;-4;-15;-4;-15;-4;-15;-4;-15;-4;-15;-3;-15;-3;-15;-2;-15;-1;-6;-1;-2;0;0;-1;0;-1;0;0;-2;3;-4;8;-11;8;-11;8;-10;8;-11;9;-11;9;-12;10;-12;10;-12;10;-12;10;-12;10;-13;10;-13;10;-14;11;-14;11;-15;11;-15;11;-15;10;-15;10;-16;9;-17;9;-19;9;-19;9;-20;9;-21;8;-21;8;-22;7;-22;7;-23,stable,EXP_S142,ZONE_02,entree_zone,4.1,entree_zone,entree dans la zone
578853028,-54,6,a0:9f:7a:73:2b:3e,384,-110;-96;8;0;-24;-6;-26;-6;-28;-6;-28;-5;-27;-4;-26;-2;-25;0;-23;2;-21;3;-18;5;-16;7;-14;8;-11;9;-8;10;-5;11;-3;12;0;13;2;14;4;15;6;15;7;16;8;16;8;16;9;16;9;15;2;3;0;0;0;0;0;0;0;0;0;0;0;0;0;0;0;0;0;0;6;1;24;6;25;10;26;14;24;17;21;20;17;20;13;19;8;16;4;11;1;4;0;-3;0;-10;2;-17;5;-22;8;-27;11;-29;14;-31;16;-31;17;-30;16;-27;15;-25;12;-21;8;-18;3;-15;-3;-12;-8;-11;127;0;1;18;1;17;1;17;2;16;3;15;3;13;4;10;4;8;4;7;3;6;4;6;5;5;5;5;6;3;7;2;7;2;6;1;6;2;6;2;7;3;7;3;8;2;8;1;7;1;7;1;7;1;6;2;6;3;2;1;0;0;-1;-1;-2;-2;-1;-1;2;1;7;6;21;18;21;19;20;21;19;23;18;24;17;25;15;26;14;28;12;30;11;31;11;32;10;32;9;31;7;30;6;30;5;30;4;30;4;30;4;29;4;28;4;27;2;26;2;26;1;26;1;26;2;25;3;24;4;24;127;0;-33;-34;-33;-33;-32;-32;-32;-30;-31;-28;-31;-26;-31;-24;-31;-22;-31;-21;-31;-19;-31;-17;-31;-16;-30;-15;-30;-14;-30;-13;-30;-13;-30;-13;-30;-13;-29;-12;-29;-12;-28;-12;-27;-11;-27;-10;-27;-10;-27;-10;-26;-11;-26;-12;-25;-13;-9;-5;-3;-2;0;0;0;1;0;0;-2;-3;-5;-9;-13;-25;-12;-25;-12;-25;-12;-25;-12;-26;-12;-27;-12;-28;-12;-29;-12;-30;-12;-30;-13;-30;-14;-31;-15;-32;-15;-33;-15;-33;-15;-33;-16;-33;-17;-32;-19;-33;-21;-33;-23;-34;-24;-34;-25;-35;-27;-35;-28;-35;-30;-35;-31;-35;-33;-35,stable,EXP_S142,ZONE_02,entree_zone,4.1,entree_zone,entree dans la zone
579052544,-54,6,a0:9f:7a:73:2b:3e,384,-110;-96;8;0;-24;-8;-26;-8;-28;-8;-28;-7;-28;-6;-26;-4;-25;-3;-23;-1;-21;1;-18;4;-16;6;-13;7;-11;9;-8;10;-5;11;-3;12;0;13;2;14;4;15;6;16;7;16;8;16;8;16;8;15;8;15;2;3;0;0;0;0;0;0;0;0;0;0;0;0;0;0;0;0;0;0;5;2;22;12;22;15;22;19;19;22;16;24;12;24;8;21;4;17;2;11;0;4;0;-3;2;-10;5;-17;8;-22;12;-25;15;-28;18;-29;21;-28;21;-27;20;-24;18;-22;15;-19;10;-16;4;-14;-2;-12;-7;-11;-127;0;0;19;0;19;0;18;0;17;1;15;2;14;3;12;3;10;3;8;3;7;3;6;4;6;5;6;6;5;6;4;6;3;6;3;6;3;6;3;7;3;7;3;8;3;8;2;7;2;7;2;6;2;6;3;6;4;2;1;0;0;-1;-1;-2;-2;-1;-1;2;2;6;7;18;22;18;23;17;24;15;26;14;27;13;27;11;28;10;30;9;31;8;32;7;32;6;33;4;32;3;32;1;31;0;31;0;31;0;30;0;30;0;29;0;28;0;27;-1;27;-1;27;-1;27;-1;27;0;26;1;25;-127;0;-31;-36;-30;-35;-30;-34;-30;-32;-30;-30;-30;-28;-30;-26;-30;-24;-30;-23;-30;-21;-30;-20;-30;-18;-29;-17;-29;-15;-29;-15;-30;-14;-30;-14;-30;-14;-29;-13;-28;-13;-27;-12;-27;-11;-26;-11;-27;-11;-26;-11;-26;-12;-25;-13;-25;-13;-9;-5;-3;-2;0;0;0;1;0;0;-2;-3;-4;-10;-9;-26;-9;-26;-8;-26;-8;-26;-9;-27;-9;-28;-9;-29;-9;-30;-9;-31;-9;-31;-10;-32;-11;-32;-11;-33;-12;-34;-12;-34;-12;-34;-12;-34;-14;-34;-15;-34;-17;-34;-19;-35;-21;-36;-22;-36;-24;-36;-25;-37;-27;-37;-28;-37;-29;-37,stable,EXP_S142,ZONE_02,entree_zone,4.1,entree_zone,entree dans la zone
579264252,-53,6,a0:9f:7a:73:2b:3e,384,-110;-96;8;0;24;-4;26;-5;28;-7;28;-8;27;-9;25;-10;22;-11;19;-11;16;-12;13;-13;9;-13;5;-13;2;-13;-1;-12;-4;-12;-8;-11;-10;-10;-13;-10;-15;-9;-17;-8;-18;-8;-18;-7;-18;-6;-18;-5;-17;-5;-5;-2;0;0;0;0;0;0;0;0;0;0;0;0;0;0;0;0;0;0;-6;-4;-23;-15;-23;-19;-22;-22;-20;-25;-17;-26;-13;-26;-9;-23;-5;-19;-2;-12;0;-5;1;3;0;10;-2;17;-5;23;-9;27;-12;30;-14;32;-16;32;-17;31;-16;28;-14;25;-11;21;-7;17;-2;13;3;8;8;6;121;0;-5;-11;-5;-11;-4;-10;-5;-10;-5;-9;-5;-7;-5;-6;-5;-5;-4;-5;-4;-4;-4;-4;-5;-4;-5;-3;-5;-2;-5;-2;-5;-1;-5;-1;-5;-1;-5;-2;-5;-1;-5;-1;-5;-1;-5;0;-5;0;-5;0;-4;-1;-4;-1;-4;-2;-2;-1;-1;-1;0;0;0;0;0;0;-2;-1;-5;-4;-13;-10;-13;-10;-13;-11;-12;-12;-12;-13;-11;-13;-11;-14;-11;-15;-10;-16;-10;-16;-10;-17;-9;-17;-8;-16;-8;-16;-7;-16;-6;-17;-6;-17;-6;-17;-6;-16;-6;-16;-6;-15;-6;-15;-5;-15;-5;-15;-5;-15;-6;-15;-6;-14;-6;-13;121;0;20;11;20;10;19;9;19;8;18;7;18;6;18;5;18;4;17;4;17;3;16;3;16;2;16;1;16;0;16;0;16;-1;15;-1;15;-1;15;-1;14;-1;14;-2;14;-2;13;-2;13;-2;13;-2;13;-1;13;-1;13;-1;4;0;1;0;-1;0;-1;-1;-1;-1;0;1;2;3;6;10;6;10;6;11;7;11;7;11;7;12;8;12;7;13;8;13;8;13;8;13;9;13;9;13;10;14;10;14;10;14;10;13;11;13;12;12;13;12;14;12;15;13;16;13;16;12;17;12;18;12;19;11;19;11,stable,EXP_S142,ZONE_02,entree_zone,4.1,entree_zone,entree dans la zone
579452498,-53,6,a0:9f:7a:73:2b:3e,384,-110;-96;8;0;22;-6;25;-8;27;-10;27;-11;26;-12;24;-12;22;-13;18;-13;15;-14;12;-14;8;-14;4;-13;1;-13;-2;-12;-6;-11;-9;-10;-12;-9;-14;-8;-16;-7;-17;-7;-18;-6;-19;-5;-19;-4;-18;-4;-17;-3;-5;-1;0;0;0;0;0;0;0;0;0;0;0;0;0;0;0;0;0;0;-6;-3;-24;-12;-24;-15;-24;-19;-23;-22;-20;-24;-16;-24;-12;-22;-7;-18;-3;-13;-1;-6;1;2;1;9;0;16;-2;23;-5;28;-8;31;-10;33;-12;33;-13;32;-13;30;-11;27;-9;23;-6;18;-1;13;4;8;8;5;126;0;-6;-11;-5;-10;-5;-10;-5;-9;-5;-9;-5;-8;-5;-7;-5;-6;-5;-5;-4;-4;-4;-4;-5;-4;-5;-3;-5;-3;-5;-2;-5;-2;-5;-2;-5;-2;-5;-2;-5;-2;-5;-2;-5;-2;-5;-1;-5;-1;-5;-1;-4;-2;-4;-2;-5;-2;-2;-1;-1;-1;0;0;0;0;0;0;-2;-1;-6;-3;-15;-7;-14;-8;-14;-9;-14;-10;-14;-10;-13;-11;-13;-12;-12;-13;-12;-14;-12;-14;-11;-15;-11;-15;-10;-16;-9;-16;-9;-16;-8;-16;-8;-16;-8;-16;-8;-15;-8;-15;-8;-15;-7;-14;-7;-14;-7;-14;-6;-14;-7;-14;-7;-14;-7;-13;126;0;19;10;19;10;19;9;19;8;18;7;18;6;18;6;17;5;17;4;16;4;16;3;16;2;15;2;15;1;15;1;15;0;15;0;15;0;15;0;14;0;14;0;14;0;13;-1;13;-1;13;0;13;0;13;1;12;1;4;0;1;0;-1;-1;-1;-1;-1;-1;1;0;3;3;8;9;8;9;8;9;8;9;8;10;8;10;9;11;9;11;9;11;9;12;10;12;10;12;11;12;11;12;11;12;11;12;11;12;12;12;13;12;14;12;15;12;15;12;16;12;17;12;17;11;18;11;19;10;19;10,stable,EXP_S142,ZONE_02,entree_zone,4.1,entree_zone,entree dans la zone
579652353,-53,6,a0:9f:7a:73:2b:3e,384,-110;-96;8;0;-12;21;-12;25;-12;27;-12;28;-10;28;-9;27;-7;25;-5;23;-2;20;0;18;2;15;5;12;7;9;8;6;10;3;12;0;13;-3;15;-5;15;-7;16;-8;16;-9;16;-10;16;-10;15;-10;14;-10;3;-3;0;0;0;0;0;0;0;0;0;0;0;0;0;0;0;0;0;0;5;-4;23;-14;26;-13;29;-10;31;-7;31;-4;28;0;24;2;19;3;12;3;5;2;-2;-1;-9;-6;-14;-11;-18;-17;-20;-22;-22;-26;-22;-29;-21;-31;-20;-31;-18;-30;-17;-27;-14;-23;-13;-17;-12;-11;-11;-4;-11;2;125;0;21;8;21;8;20;8;18;7;17;6;16;4;15;3;14;2;13;1;12;1;11;0;11;-1;11;-2;11;-3;10;-3;10;-4;9;-4;9;-4;9;-4;9;-4;9;-4;9;-5;8;-5;8;-5;8;-4;8;-4;8;-3;9;-3;3;-1;1;-1;-1;0;-2;0;-2;0;3;-2;10;-4;30;-8;31;-7;31;-5;32;-3;33;-1;33;0;33;2;34;3;34;5;35;7;34;8;34;9;33;10;32;11;31;11;31;12;30;13;30;14;29;14;29;13;28;13;28;12;27;12;27;13;27;12;27;12;26;11;26;11;125;0;-47;8;-46;8;-45;9;-43;9;-41;10;-40;11;-38;12;-37;12;-35;13;-33;13;-32;14;-30;15;-29;16;-28;17;-27;17;-27;17;-26;17;-25;17;-25;17;-24;17;-23;17;-22;17;-22;17;-21;17;-22;17;-22;16;-23;15;-23;15;-9;5;-3;1;0;-1;1;0;0;0;-4;-1;-10;-2;-28;-4;-28;-5;-28;-5;-28;-6;-29;-6;-30;-6;-31;-7;-32;-7;-33;-8;-33;-7;-34;-7;-35;-7;-36;-7;-36;-7;-37;-7;-37;-6;-37;-6;-38;-5;-39;-4;-40;-3;-41;-1;-43;0;-44;1;-45;2;-46;3;-47;4;-47;6;-48;7,stable,EXP_S142,ZONE_02,entree_zone,4.1,entree_zone,entree dans la zone
579852778,-53,6,a0:9f:7a:73:2b:3e,384,-110;-96;8;0;3;-23;3;-26;2;-28;2;-29;1;-28;-1;-27;-2;-25;-4;-22;-5;-19;-6;-15;-8;-12;-9;-8;-9;-4;-10;-1;-10;3;-11;6;-11;8;-11;11;-11;12;-11;14;-10;14;-10;15;-9;14;-8;14;-7;13;-2;3;0;0;0;0;0;0;0;0;0;0;0;0;0;0;0;0;0;0;-6;2;-24;9;-27;8;-29;5;-30;2;-30;-1;-27;-3;-23;-5;-18;-6;-12;-5;-5;-3;2;0;8;4;13;9;17;14;19;18;20;22;21;24;20;26;19;26;18;25;16;22;14;18;11;13;9;7;7;0;6;-5;122;0;-25;-1;-24;-2;-23;-2;-22;-1;-20;0;-19;1;-17;2;-15;2;-13;2;-13;2;-12;2;-12;3;-12;4;-11;5;-10;5;-9;5;-9;5;-9;5;-9;5;-9;5;-9;6;-8;6;-8;6;-7;5;-7;5;-7;4;-8;4;-8;4;-3;1;-1;0;0;-1;1;-2;0;-1;-3;2;-9;6;-24;17;-25;16;-26;15;-27;14;-28;12;-29;11;-30;10;-32;8;-33;6;-34;5;-35;4;-35;3;-34;3;-33;2;-33;0;-33;-1;-33;-2;-33;-2;-33;-2;-32;-2;-31;-2;-30;-3;-30;-3;-30;-3;-30;-3;-30;-2;-29;-2;-29;-1;122;0;34;-25;33;-25;32;-25;30;-25;28;-25;26;-25;25;-26;23;-25;21;-25;20;-25;18;-25;16;-25;15;-25;14;-25;14;-25;13;-25;13;-25;13;-25;12;-24;12;-24;11;-24;10;-23;10;-23;10;-23;10;-23;10;-22;11;-22;11;-21;4;-8;1;-3;-1;0;-2;0;-1;0;2;-1;8;-3;24;-7;24;-7;24;-6;25;-6;26;-6;27;-6;28;-6;28;-6;29;-6;29;-6;29;-7;29;-7;30;-8;31;-8;31;-8;31;-8;31;-9;31;-10;31;-11;32;-13;33;-15;34;-16;34;-17;35;-19;35;-20;34;-22;35;-23;35;-25,stable,EXP_S142,ZONE_02,entree_zone,4.1,entree_zone,entree dans la zone
580054151,-52,6,a0:9f:7a:73:2b:3e,384,-110;-96;8;0;5;24;6;27;7;28;7;28;8;27;8;25;8;22;9;19;9;15;10;11;10;8;10;4;10;1;11;-2;11;-5;11;-8;11;-10;10;-12;10;-13;10;-14;9;-15;8;-15;7;-15;6;-14;6;-14;1;-4;0;0;0;0;0;0;0;0;0;0;0;0;0;0;0;0;0;0;1;-7;5;-27;8;-28;11;-29;14;-28;16;-25;17;-22;16;-17;13;-12;9;-8;3;-4;-4;-1;-11;0;-18;0;-24;-1;-29;-3;-33;-5;-35;-7;-35;-9;-34;-10;-32;-10;-28;-9;-24;-7;-19;-4;-14;0;-8;5;-5;9;-126;0;9;-6;9;-6;9;-6;8;-6;8;-6;7;-5;6;-5;5;-5;4;-4;4;-4;4;-4;3;-5;3;-5;2;-5;1;-5;1;-4;1;-4;1;-4;1;-4;1;-4;0;-4;0;-4;0;-4;0;-4;0;-3;0;-4;0;-4;0;-4;0;-2;0;-1;-1;0;-1;0;-1;0;0;-2;2;-5;6;-13;7;-13;7;-13;8;-13;9;-12;9;-12;10;-11;11;-11;12;-11;12;-11;13;-11;13;-11;13;-10;13;-9;13;-8;13;-8;14;-8;14;-8;13;-8;13;-8;13;-8;12;-7;12;-7;13;-7;13;-7;12;-7;12;-8;11;-8;-126;0;-8;21;-8;21;-7;20;-6;19;-5;19;-4;19;-3;18;-2;18;-2;17;-1;16;-1;16;0;15;0;15;1;15;2;14;2;14;2;14;3;14;3;13;3;13;3;12;3;12;3;12;4;12;3;12;3;12;3;12;2;12;0;4;0;1;-1;-1;0;-1;0;-1;-2;1;-4;3;-11;9;-11;9;-11;9;-11;9;-11;10;-12;10;-12;10;-13;11;-13;11;-13;11;-13;11;-13;12;-13;12;-14;13;-14;13;-14;13;-13;13;-13;13;-12;14;-12;15;-11;16;-11;17;-11;18;-11;18;-10;19;-10;19;-9;20;-9;21,stable,EXP_S142,ZONE_02,entree_zone,4.1,entree_zone,entree dans la zone
580253966,-52,6,a0:9f:7a:73:2b:3e,384,-110;-96;8;0;12;21;15;23;16;24;16;24;16;23;15;21;15;18;14;15;13;11;13;8;12;4;11;1;10;-2;10;-5;9;-8;8;-10;8;-13;7;-14;6;-16;6;-16;5;-16;4;-16;3;-16;3;-15;2;-15;0;-4;0;0;0;0;0;0;0;0;0;0;0;0;0;0;0;0;0;0;-2;-7;-7;-26;-5;-29;-2;-31;1;-31;4;-29;6;-26;7;-22;6;-16;4;-11;1;-5;-4;0;-10;4;-16;7;-23;8;-28;8;-32;8;-34;6;-35;5;-35;3;-33;2;-29;2;-24;2;-18;3;-12;5;-6;8;-2;10;-127;0;9;-7;9;-7;8;-6;8;-6;7;-6;6;-6;5;-6;4;-5;4;-5;3;-5;3;-4;3;-5;2;-5;2;-5;2;-5;1;-4;1;-4;1;-4;1;-4;1;-4;1;-4;0;-4;0;-4;0;-4;0;-4;1;-4;1;-4;1;-4;0;-2;0;-1;-1;0;-1;0;-1;0;0;-2;1;-5;3;-13;4;-13;5;-14;6;-14;7;-13;7;-13;8;-13;9;-13;10;-13;10;-13;11;-12;11;-12;11;-12;11;-11;12;-10;12;-10;12;-10;12;-9;12;-9;12;-9;11;-9;11;-8;11;-8;11;-8;11;-8;11;-8;11;-9;11;-9;-127;0;-6;22;-6;21;-5;20;-4;20;-4;19;-3;18;-2;18;-1;17;-1;17;-1;16;0;16;0;15;1;15;2;15;2;14;2;14;3;13;3;13;3;13;3;12;3;12;3;12;3;12;3;12;3;12;3;12;2;12;2;12;0;4;0;1;-1;-1;0;-1;0;-1;-1;1;-3;4;-8;12;-8;12;-9;12;-9;12;-9;12;-10;12;-10;12;-10;13;-11;13;-11;13;-11;13;-11;13;-11;14;-11;14;-12;14;-11;14;-11;15;-10;15;-10;16;-9;17;-9;18;-9;18;-9;19;-9;19;-8;20;-8;20;-8;21;-7;22,stable,EXP_S142,ZONE_02,entree_zone,4.1,entree_zone,entree dans la zone
580455582,-53,6,a0:9f:7a:73:2b:3e,384,-110;-96;8;0;24;-2;27;-3;28;-4;28;-4;27;-4;25;-5;23;-6;20;-7;17;-7;13;-8;9;-9;6;-10;3;-11;-1;-11;-3;-12;-6;-12;-8;-13;-10;-13;-11;-13;-12;-13;-13;-12;-13;-11;-13;-10;-13;-9;-12;-9;-3;-2;0;0;0;0;0;0;0;0;0;0;0;0;0;0;0;0;0;0;-6;-3;-25;-10;-26;-13;-26;-16;-25;-19;-22;-20;-18;-21;-14;-19;-10;-15;-6;-10;-3;-4;-2;2;-2;10;-3;16;-4;22;-7;27;-10;30;-12;31;-14;31;-14;31;-14;28;-13;25;-10;21;-7;17;-2;12;4;9;8;6;121;0;-5;-23;-4;-22;-4;-21;-5;-20;-5;-19;-6;-17;-6;-15;-6;-13;-5;-12;-5;-11;-5;-10;-6;-10;-7;-9;-7;-8;-7;-7;-7;-6;-7;-6;-6;-6;-7;-6;-7;-6;-7;-5;-7;-5;-7;-4;-7;-4;-6;-4;-5;-4;-5;-5;-5;-5;-2;-2;-1;-1;0;0;1;1;0;0;-2;-2;-7;-8;-18;-21;-17;-22;-16;-24;-16;-25;-15;-26;-13;-27;-12;-28;-11;-29;-10;-30;-10;-31;-9;-32;-9;-32;-8;-31;-7;-31;-6;-31;-5;-31;-4;-31;-5;-31;-5;-31;-5;-30;-5;-29;-5;-28;-4;-28;-4;-28;-4;-28;-5;-28;-5;-27;-6;-27;121;0;34;28;34;27;34;25;33;23;33;20;32;18;32;16;32;15;31;13;30;12;29;10;29;8;29;7;29;6;29;5;28;4;28;3;28;2;27;1;27;1;26;0;25;0;25;-1;25;-1;24;-1;24;0;24;0;23;1;8;0;2;0;-1;0;-1;-2;-1;-1;1;2;4;9;11;25;10;25;10;26;10;26;10;27;10;28;10;29;10;30;10;30;11;30;11;30;12;31;13;31;14;32;14;32;15;32;16;32;17;31;19;31;21;31;23;31;25;32;26;32;27;32;28;32;30;31;32;30;33;30,stable,EXP_S142,ZONE_02,entree_zone,4.1,entree_zone,entree dans la zone
580653119,-52,6,a0:9f:7a:73:2b:3e,384,-110;-96;8;0;12;21;14;23;15;24;16;24;16;23;15;21;15;18;14;15;14;12;13;8;12;5;11;2;11;-2;10;-5;10;-8;9;-10;8;-12;8;-14;7;-15;7;-16;6;-16;5;-16;5;-16;4;-15;4;-15;0;-4;0;0;0;0;0;0;0;0;0;0;0;0;0;0;0;0;0;0;-3;-7;-10;-25;-8;-28;-5;-30;-2;-31;1;-29;4;-26;5;-22;5;-17;3;-11;0;-5;-4;0;-10;5;-16;8;-22;9;-27;9;-31;9;-34;8;-35;6;-34;5;-32;4;-29;3;-24;3;-19;4;-13;6;-6;8;-2;11;-121;0;8;-7;8;-7;8;-7;7;-7;6;-6;5;-6;4;-6;4;-6;3;-5;3;-5;3;-5;2;-5;2;-5;1;-5;1;-5;1;-5;0;-4;0;-4;0;-4;0;-4;0;-4;0;-4;0;-4;0;-4;0;-4;0;-4;0;-4;0;-4;0;-2;0;-1;-1;0;-1;0;-1;0;0;-2;1;-5;4;-13;5;-13;5;-13;6;-13;7;-13;8;-12;8;-12;9;-12;10;-12;10;-12;11;-12;11;-11;11;-11;11;-10;12;-10;12;-10;12;-9;12;-9;12;-9;11;-9;11;-9;11;-8;11;-8;11;-8;11;-8;10;-8;10;-8;9;-8;-121;0;-5;22;-5;22;-4;21;-3;20;-2;19;-2;19;-1;18;0;18;0;17;1;16;2;16;2;15;3;15;3;14;4;14;4;14;4;13;4;13;4;13;4;12;5;12;5;12;5;11;5;11;5;11;4;11;4;11;4;11;1;4;0;1;-1;-1;0;-1;0;-1;-1;1;-3;4;-8;11;-9;11;-9;11;-10;11;-10;11;-10;11;-11;12;-11;12;-11;12;-11;12;-11;13;-11;13;-11;13;-11;14;-11;14;-11;14;-11;15;-10;15;-10;16;-9;17;-9;18;-9;19;-9;19;-8;20;-8;20;-7;21;-7;22;-7;22,stable,EXP_S142,ZONE_02,entree_zone,4.1,entree_zone,entree dans la zone
580854927,-52,6,a0:9f:7a:73:2b:3e,384,-110;-96;8;0;-26;-9;-29;-9;-31;-9;-31;-9;-30;-8;-29;-6;-26;-5;-24;-3;-21;0;-18;2;-15;4;-12;6;-9;8;-6;10;-4;12;-1;13;1;15;3;16;4;16;5;17;6;16;7;16;7;15;7;14;7;14;1;3;0;0;0;0;0;0;0;0;0;0;0;0;0;0;0;0;0;0;5;3;24;14;24;18;23;21;20;24;17;25;13;24;9;21;6;17;3;10;2;3;2;-4;4;-11;7;-18;10;-23;15;-27;18;-29;21;-30;23;-30;23;-29;22;-26;20;-23;16;-20;11;-17;5;-14;-2;-12;-7;-11;125;0;-3;23;-3;22;-2;21;-2;21;0;19;1;17;1;15;2;13;2;11;2;11;2;10;3;10;4;10;5;9;5;8;5;7;4;6;4;6;4;6;5;6;5;6;6;5;6;4;6;4;5;4;5;4;5;5;5;5;1;2;0;0;-1;-1;-1;-2;-1;-1;1;2;4;9;13;25;12;26;11;28;10;28;8;29;7;30;5;30;4;32;2;33;1;34;1;34;0;34;0;33;-1;32;-3;32;-4;32;-4;32;-4;32;-4;32;-3;30;-3;29;-4;29;-4;28;-5;29;-4;29;-3;29;-2;29;-1;28;125;0;-31;-40;-30;-39;-30;-37;-30;-35;-30;-32;-30;-30;-31;-27;-31;-26;-31;-24;-30;-22;-30;-20;-30;-19;-30;-17;-30;-15;-30;-14;-30;-14;-30;-13;-29;-12;-29;-11;-28;-10;-27;-10;-27;-9;-26;-8;-26;-8;-26;-8;-26;-8;-26;-9;-26;-10;-10;-4;-3;-2;0;0;0;1;0;0;-1;-4;-3;-11;-7;-30;-7;-30;-7;-30;-7;-31;-7;-32;-7;-33;-7;-34;-6;-35;-6;-35;-7;-36;-7;-36;-8;-37;-8;-38;-9;-39;-9;-39;-9;-39;-10;-39;-12;-38;-14;-39;-16;-39;-18;-40;-20;-41;-21;-42;-22;-42;-24;-42;-26;-42;-27;-42;-29;-42,stable,EXP_S142,ZONE_02,entree_zone,4.1,entree_zone,entree dans la zone
581052360,-53,6,a0:9f:7a:73:2b:3e,384,-110;-96;8;0;8;-24;8;-27;9;-28;8;-29;7;-28;6;-27;4;-24;2;-22;0;-19;-2;-17;-4;-14;-7;-11;-9;-9;-11;-6;-12;-4;-14;-2;-15;0;-16;1;-17;2;-17;3;-17;4;-17;4;-16;5;-15;5;-14;5;-4;1;0;0;0;0;0;0;0;0;0;0;0;0;0;0;0;0;0;0;-3;5;-12;23;-15;23;-19;23;-21;21;-23;18;-22;14;-20;10;-16;7;-10;4;-4;2;3;2;10;3;16;6;21;9;24;13;26;16;27;19;27;21;26;21;24;20;21;18;18;14;15;10;12;4;10;-2;9;-7;121;0;-22;-2;-21;-2;-21;-2;-20;-1;-18;-1;-17;0;-15;0;-14;1;-12;1;-11;1;-11;2;-10;2;-9;3;-9;3;-8;4;-7;4;-7;4;-7;4;-7;4;-6;4;-6;4;-6;5;-5;5;-5;5;-5;4;-5;4;-5;4;-6;4;-2;1;-1;0;0;-1;1;-1;0;-1;-3;1;-9;4;-23;13;-25;12;-26;11;-27;9;-28;8;-28;7;-29;6;-30;5;-31;4;-32;3;-32;2;-32;1;-32;0;-31;-1;-31;-2;-31;-3;-31;-4;-30;-4;-30;-3;-29;-3;-29;-3;-28;-3;-28;-4;-27;-4;-27;-4;-27;-3;-27;-2;-26;-2;121;0;36;-28;35;-28;34;-29;31;-29;29;-29;27;-29;25;-29;23;-29;21;-29;19;-28;17;-28;16;-28;15;-28;14;-28;13;-28;12;-28;11;-28;10;-28;9;-27;9;-26;8;-26;8;-26;7;-25;7;-25;7;-24;7;-24;7;-24;8;-24;3;-9;1;-3;-1;0;-2;0;-1;0;2;-1;9;-3;26;-8;26;-8;27;-7;28;-6;28;-6;29;-6;30;-6;31;-6;31;-7;32;-7;33;-8;33;-9;34;-9;34;-9;35;-10;35;-10;34;-11;35;-12;35;-14;35;-16;36;-18;37;-19;37;-21;37;-22;37;-24;37;-25;37;-27;37;-28,stable,EXP_S142,ZONE_02,entree_zone,4.1,entree_zone,entree dans la zone
581253487,-53,6,a0:9f:7a:73:2b:3e,384,-110;-96;8;0;-19;-19;-22;-20;-24;-21;-25;-21;-24;-20;-24;-18;-22;-15;-21;-12;-19;-9;-18;-6;-16;-3;-14;1;-12;4;-10;7;-8;10;-7;12;-5;14;-4;16;-3;17;-2;18;-1;18;0;18;0;18;1;17;1;16;0;4;0;0;0;0;0;0;0;0;0;0;0;0;0;0;0;0;0;0;3;6;11;25;10;28;7;31;4;32;0;31;-3;28;-5;24;-5;18;-4;11;-2;4;3;-2;8;-7;14;-12;20;-14;25;-16;30;-16;33;-16;34;-15;34;-13;32;-11;29;-10;24;-9;17;-9;11;-9;4;-11;-1;-12;-126;0;-6;10;-6;10;-6;9;-5;9;-4;9;-3;8;-3;7;-2;6;-2;6;-2;5;-1;5;-1;5;0;5;0;5;1;4;1;4;1;3;1;3;1;4;1;4;1;4;1;3;2;3;2;3;1;3;1;3;1;3;1;3;0;1;0;0;-1;-1;-1;-1;0;-1;0;1;0;5;0;14;0;15;-1;15;-2;15;-3;15;-3;15;-4;15;-5;16;-6;16;-6;16;-7;16;-7;16;-7;15;-8;15;-8;14;-9;14;-9;14;-9;14;-8;14;-8;14;-8;13;-8;13;-8;12;-8;12;-8;13;-8;13;-7;13;-7;13;-126;0;-6;-24;-6;-24;-7;-23;-7;-22;-8;-21;-9;-20;-9;-19;-10;-18;-10;-17;-10;-16;-10;-15;-11;-14;-11;-13;-12;-13;-12;-13;-12;-12;-12;-12;-12;-12;-12;-11;-12;-11;-12;-10;-12;-10;-12;-9;-12;-9;-12;-9;-11;-9;-11;-10;-11;-10;-4;-4;-2;-2;0;0;-1;0;-1;0;0;-2;1;-6;3;-15;3;-15;4;-15;4;-15;4;-15;4;-16;5;-16;5;-17;5;-17;4;-17;4;-18;4;-18;4;-19;4;-19;4;-20;4;-20;3;-20;2;-20;2;-20;1;-21;0;-22;-1;-23;-1;-23;-2;-24;-3;-24;-4;-24;-5;-24;-6;-24,stable,EXP_S142,ZONE_02,entree_zone,4.1,entree_zone,entree dans la zone
581452303,-53,6,a0:9f:7a:73:2b:3e,384,-110;-96;8;0;-23;-10;-27;-10;-29;-10;-30;-9;-29;-8;-28;-7;-27;-5;-24;-3;-22;-1;-19;1;-17;4;-14;6;-11;8;-8;10;-5;11;-2;12;0;14;3;15;5;16;6;16;7;17;8;17;8;16;8;16;8;15;2;3;0;0;0;0;0;0;0;0;0;0;0;0;0;0;0;0;0;0;5;4;21;17;21;20;20;24;17;27;14;28;10;27;6;25;3;20;1;13;1;6;1;-2;4;-9;7;-16;12;-21;16;-25;20;-27;23;-28;25;-28;26;-26;25;-25;23;-22;19;-19;14;-17;8;-14;1;-12;-4;-12;121;0;-7;22;-7;21;-7;20;-6;19;-4;17;-3;16;-1;14;-1;13;0;12;0;11;1;10;2;10;3;9;4;8;5;7;5;6;5;6;5;6;5;6;5;6;6;6;6;5;6;5;6;4;6;4;5;5;5;5;5;6;1;2;0;0;-1;-1;-1;-2;-1;-1;1;3;2;10;6;29;4;30;3;30;1;31;0;31;-2;32;-3;32;-4;32;-6;33;-7;33;-8;34;-9;33;-10;33;-10;32;-11;31;-12;31;-12;30;-12;30;-12;30;-11;29;-11;29;-11;28;-11;28;-11;28;-10;27;-9;27;-9;27;-8;26;121;0;-15;-47;-15;-46;-16;-44;-17;-42;-18;-40;-19;-38;-20;-36;-21;-34;-21;-32;-22;-30;-22;-28;-23;-26;-24;-25;-24;-24;-25;-23;-25;-22;-25;-21;-25;-20;-25;-20;-25;-19;-25;-18;-24;-17;-24;-16;-24;-16;-24;-16;-24;-16;-23;-17;-22;-18;-8;-7;-3;-2;0;0;-1;1;-1;0;0;-4;2;-11;6;-30;6;-30;6;-30;7;-30;7;-31;7;-32;7;-33;7;-34;7;-35;7;-35;7;-36;6;-37;6;-37;6;-38;6;-39;5;-39;5;-40;3;-40;1;-40;-1;-41;-2;-43;-4;-44;-5;-45;-7;-46;-8;-46;-10;-47;-12;-48;-13;-49,stable,EXP_S142,ZONE_02,entree_zone,4.1,entree_zone,entree dans la zone
581657592,-53,6,a0:9f:7a:73:2b:3e,384,-110;-96;8;0;7;-22;7;-25;7;-27;6;-28;5;-28;3;-27;1;-25;-1;-23;-3;-21;-5;-18;-7;-15;-8;-12;-9;-9;-10;-5;-11;-2;-12;1;-12;4;-12;7;-13;9;-13;11;-13;13;-13;13;-12;14;-12;14;-11;13;-3;3;0;0;0;0;0;0;0;0;0;0;0;0;0;0;0;0;0;0;-6;2;-25;10;-28;8;-31;5;-32;2;-32;-1;-29;-4;-25;-6;-19;-7;-13;-6;-6;-4;1;-1;7;4;12;10;16;15;18;20;19;24;20;28;19;29;18;30;17;28;15;25;13;21;11;16;10;9;9;2;9;-3;117;0;-24;-4;-23;-4;-22;-4;-20;-3;-19;-2;-17;-1;-15;0;-14;1;-12;2;-11;2;-11;3;-11;3;-10;4;-10;5;-9;6;-8;6;-8;6;-8;6;-8;6;-8;6;-8;7;-8;7;-7;7;-6;7;-6;7;-7;6;-8;6;-8;6;-3;2;-1;0;0;-1;1;-2;0;-1;-3;1;-10;5;-27;15;-28;14;-30;12;-32;11;-33;9;-33;7;-34;5;-35;3;-36;2;-37;0;-38;-1;-37;-1;-37;-2;-36;-3;-35;-5;-35;-6;-34;-6;-34;-7;-33;-7;-33;-7;-32;-7;-31;-7;-30;-7;-29;-8;-29;-7;-29;-6;-29;-5;-29;-5;117;0;41;-18;40;-18;38;-18;36;-18;34;-19;33;-20;31;-20;29;-20;28;-20;26;-20;25;-20;23;-21;22;-22;21;-23;20;-23;19;-23;19;-23;19;-23;19;-23;18;-22;17;-22;16;-21;16;-21;16;-21;16;-21;16;-20;17;-20;17;-20;6;-7;2;-2;-1;0;-2;0;-1;-1;2;-1;9;-1;26;-3;26;-2;27;-2;27;-1;28;-1;29;-1;30;-1;31;0;31;0;31;0;31;0;32;-1;33;-1;34;-1;34;-1;35;-2;35;-2;35;-4;35;-5;36;-7;38;-8;39;-9;39;-10;40;-11;40;-12;41;-14;42;-15;42;-17,stable,EXP_S142,ZONE_02,entree_zone,4.1,entree_zone,entree dans la zone
581852903,-53,6,a0:9f:7a:73:2b:3e,384,-110;-96;8;0;23;-1;26;-3;28;-4;28;-5;27;-6;25;-7;23;-8;20;-9;17;-11;13;-12;10;-12;7;-13;3;-13;0;-12;-3;-12;-6;-11;-9;-11;-11;-11;-14;-10;-15;-9;-17;-9;-18;-8;-18;-7;-18;-7;-17;-6;-5;-2;0;0;0;0;0;0;0;0;0;0;0;0;0;0;0;0;0;0;-6;-4;-23;-16;-23;-20;-22;-23;-20;-26;-17;-27;-13;-26;-9;-24;-5;-19;-2;-13;0;-6;0;2;-1;9;-4;16;-7;22;-10;27;-14;30;-16;31;-18;31;-18;30;-18;28;-16;25;-13;21;-9;17;-3;13;3;9;7;7;116;0;2;-23;2;-22;2;-21;1;-20;0;-18;-1;-17;-2;-14;-3;-13;-3;-11;-4;-10;-4;-9;-5;-9;-6;-8;-7;-7;-8;-6;-8;-6;-8;-5;-8;-5;-8;-5;-8;-5;-9;-5;-9;-4;-9;-4;-9;-3;-9;-3;-9;-4;-8;-4;-8;-5;-3;-2;-1;-1;0;0;0;1;0;1;-2;-3;-5;-11;-12;-29;-11;-30;-9;-32;-7;-32;-6;-33;-4;-34;-3;-34;-1;-35;1;-36;2;-36;2;-36;3;-36;3;-35;3;-35;4;-34;5;-34;6;-34;6;-33;6;-33;6;-32;6;-31;6;-30;6;-30;6;-29;5;-29;4;-29;3;-28;2;-28;116;0;22;39;23;38;23;36;23;34;24;32;24;30;25;28;25;26;25;24;25;22;25;21;25;19;26;17;26;16;27;14;27;14;27;13;27;13;27;12;26;12;26;11;25;10;25;10;25;9;25;9;25;9;24;10;24;11;8;4;2;1;-1;-1;-1;-2;0;-1;0;3;-1;9;-1;27;-1;27;-2;27;-2;28;-2;28;-1;29;-2;30;-2;31;-2;32;-2;32;-1;32;0;33;0;34;1;35;1;35;2;36;3;35;4;36;6;36;8;37;10;38;11;39;13;40;14;40;16;40;17;40;19;41;20;41,stable,EXP_S142,ZONE_02,entree_zone,4.1,entree_zone,entree dans la zone
582054668,-53,6,a0:9f:7a:73:2b:3e,384,-110;-96;8;0;-11;-17;-14;-19;-15;-20;-16;-20;-17;-19;-17;-17;-17;-15;-16;-13;-16;-10;-15;-7;-14;-4;-13;-1;-11;1;-9;4;-7;6;-6;8;-4;10;-2;12;0;13;1;14;2;15;2;16;3;16;3;15;3;14;0;3;0;0;0;0;0;0;0;0;0;0;0;0;0;0;0;0;0;0;-2;5;-6;23;-8;24;-12;25;-15;25;-17;23;-18;19;-17;15;-15;11;-11;6;-6;2;0;-1;7;-3;13;-4;19;-4;24;-3;28;-2;30;-1;32;0;31;1;30;2;27;2;23;1;18;-1;13;-3;7;-5;3;-8;121;0;-7;7;-7;7;-7;7;-6;6;-5;6;-4;6;-4;5;-3;5;-2;5;-2;4;-1;4;-1;4;-1;4;0;4;0;4;1;4;1;3;1;3;1;3;1;3;1;3;1;3;1;3;2;3;1;3;1;3;1;3;1;3;0;1;0;0;-1;-1;0;-1;0;-1;-1;1;-2;4;-5;12;-6;12;-7;12;-7;12;-8;12;-8;12;-9;12;-10;12;-11;11;-11;11;-11;11;-12;11;-12;10;-12;10;-12;9;-12;9;-12;9;-12;9;-12;9;-11;9;-11;9;-11;8;-10;8;-10;8;-10;8;-10;9;-10;9;-9;9;121;0;4;-20;3;-20;3;-19;2;-19;1;-18;0;-17;-1;-17;-1;-16;-2;-16;-3;-15;-3;-15;-4;-14;-4;-14;-5;-13;-5;-13;-6;-13;-6;-13;-6;-12;-6;-12;-6;-12;-6;-11;-6;-11;-6;-11;-7;-11;-7;-11;-6;-11;-6;-11;-6;-11;-2;-4;-1;-2;0;0;-1;0;-1;0;0;-2;3;-4;8;-9;8;-9;8;-9;9;-9;9;-10;9;-10;10;-10;10;-11;10;-11;10;-11;10;-11;10;-12;10;-12;10;-12;10;-13;10;-13;10;-13;9;-14;9;-14;8;-15;8;-16;8;-17;7;-18;7;-18;7;-19;6;-19;5;-20;5;-20,stable,EXP_S142,ZONE_02,entree_zone,4.1,entree_zone,entree dans la zone
582252277,-53,6,a0:9f:7a:73:2b:3e,384,-110;-96;8;0;-11;-21;-13;-23;-14;-24;-15;-24;-15;-23;-15;-22;-15;-19;-15;-16;-15;-14;-14;-10;-14;-7;-13;-4;-12;-1;-11;3;-10;6;-9;8;-8;11;-7;13;-6;14;-5;16;-5;16;-4;17;-4;17;-3;16;-3;15;-1;3;0;0;0;0;0;0;0;0;0;0;0;0;0;0;0;0;0;0;0;6;-1;25;-3;27;-7;28;-10;28;-12;26;-14;23;-14;18;-12;13;-9;8;-5;4;1;0;8;-3;14;-5;21;-5;26;-5;29;-4;32;-2;33;-1;33;1;31;1;28;1;24;1;19;-1;13;-4;7;-7;3;-10;119;0;-7;7;-7;7;-7;7;-7;7;-6;7;-5;7;-4;6;-3;5;-2;5;-2;4;-2;4;-2;4;-1;4;0;4;0;4;0;4;1;3;0;3;0;3;1;4;1;4;1;4;1;3;1;3;1;3;1;3;1;3;1;3;0;1;0;0;-1;-1;0;-1;0;-1;-1;1;-2;4;-4;12;-5;13;-6;13;-6;13;-7;13;-7;13;-8;12;-9;12;-10;12;-10;12;-11;12;-11;12;-11;12;-11;11;-11;10;-11;10;-12;10;-12;10;-11;10;-11;10;-10;10;-10;10;-10;9;-10;9;-10;9;-10;10;-9;10;-8;10;119;0;1;-23;1;-22;0;-21;0;-21;-1;-20;-2;-19;-3;-18;-4;-18;-4;-17;-5;-16;-5;-16;-6;-15;-7;-14;-7;-14;-8;-14;-8;-13;-8;-13;-8;-13;-8;-12;-8;-12;-8;-11;-8;-11;-8;-11;-9;-10;-9;-11;-8;-11;-8;-11;-8;-11;-3;-4;-1;-2;0;0;-1;0;-1;0;0;-2;2;-4;8;-11;8;-11;8;-11;8;-11;8;-12;9;-12;9;-12;9;-12;9;-13;9;-13;9;-13;9;-14;9;-14;9;-15;9;-15;9;-15;9;-15;8;-16;7;-16;6;-17;6;-18;6;-19;5;-20;5;-20;4;-21;3;-21;3;-22;2;-23,stable,EXP_S142,ZONE_02,entree_zone,4.1,entree_zone,entree dans la zone
582453275,-53,6,a0:9f:7a:73:2b:3e,384,-110;-96;8;0;15;-19;16;-22;17;-24;17;-25;16;-25;13;-24;11;-23;8;-21;5;-19;2;-17;-1;-14;-4;-12;-6;-9;-9;-6;-11;-4;-13;-1;-15;1;-17;3;-17;5;-18;6;-18;7;-17;7;-16;8;-15;8;-14;8;-4;2;0;0;0;0;0;0;0;0;0;0;0;0;0;0;0;0;0;0;-7;-1;-29;-2;-30;-5;-32;-9;-31;-12;-29;-14;-26;-15;-21;-15;-15;-13;-10;-10;-4;-5;1;1;5;8;7;15;8;22;8;27;8;31;7;34;6;36;5;36;4;33;4;30;4;25;4;19;5;12;6;5;8;-1;124;0;-12;-5;-12;-5;-12;-5;-11;-4;-11;-4;-10;-3;-9;-2;-8;-2;-7;-2;-7;-2;-7;-2;-7;-1;-7;0;-7;0;-6;1;-6;1;-5;1;-5;0;-5;0;-5;0;-5;1;-5;1;-5;1;-4;1;-4;1;-4;0;-5;0;-5;0;-2;-1;-1;-1;0;-1;0;-1;0;-1;-2;0;-5;2;-15;6;-15;6;-16;5;-16;4;-17;4;-17;3;-17;2;-18;1;-18;0;-19;-1;-19;-2;-19;-2;-18;-2;-18;-3;-17;-4;-17;-5;-17;-6;-17;-6;-17;-5;-17;-5;-16;-5;-16;-5;-16;-5;-16;-6;-16;-6;-16;-6;-16;-5;-16;-5;124;0;21;-7;21;-7;20;-7;19;-8;18;-8;17;-8;16;-9;15;-9;14;-9;14;-9;13;-9;12;-10;11;-10;11;-10;11;-11;10;-11;10;-11;10;-11;10;-10;10;-10;9;-10;9;-10;9;-10;9;-10;9;-10;9;-10;9;-9;10;-9;3;-3;1;-1;-1;0;-1;0;-1;-1;1;-1;5;-1;14;-2;14;-2;14;-1;14;-1;15;-1;15;-1;16;-1;16;0;16;0;16;0;16;-1;17;-1;17;-1;18;-1;18;0;18;0;18;0;17;-1;18;-2;18;-3;19;-4;20;-4;20;-4;20;-5;20;-5;20;-6;20;-7;21;-7,stable,EXP_S142,ZONE_02,entree_zone,4.1,entree_zone,entree dans la zone
582652474,-53,6,a0:9f:7a:73:2b:3e,384,-110;-96;8;0;22;2;25;2;27;1;28;1;27;0;25;-1;23;-3;21;-4;17;-5;14;-7;10;-8;6;-9;3;-9;0;-10;-4;-10;-7;-10;-9;-11;-11;-11;-13;-11;-14;-10;-15;-10;-15;-9;-15;-8;-14;-7;-14;-6;-4;-2;0;0;0;0;0;0;0;0;0;0;0;0;0;0;0;0;0;0;-4;-6;-13;-24;-11;-27;-9;-29;-6;-31;-4;-30;-1;-28;1;-24;2;-18;3;-12;1;-5;-1;2;-5;8;-10;14;-14;18;-19;21;-22;22;-25;23;-26;23;-26;21;-25;20;-22;18;-18;15;-13;13;-7;10;-1;7;4;6;114;0;5;-24;5;-24;4;-22;3;-21;3;-20;2;-18;1;-17;0;-16;-1;-15;-1;-14;-2;-13;-2;-12;-3;-12;-3;-11;-3;-11;-4;-10;-4;-10;-4;-9;-5;-9;-5;-9;-5;-8;-5;-8;-5;-8;-5;-8;-5;-8;-5;-8;-4;-8;-4;-8;-2;-3;-1;-1;0;0;0;1;0;0;-2;-3;-5;-10;-12;-27;-10;-28;-9;-29;-7;-30;-6;-31;-4;-32;-3;-33;-2;-33;0;-34;1;-34;2;-34;3;-34;4;-34;5;-33;6;-33;6;-32;7;-32;7;-31;8;-31;8;-31;8;-30;7;-30;7;-30;7;-30;7;-29;6;-29;6;-28;6;-28;114;0;17;38;17;37;18;36;18;34;18;32;19;30;19;28;19;27;20;25;20;23;20;22;20;20;21;19;21;18;21;17;22;16;22;15;21;15;21;14;21;13;21;13;20;12;20;11;20;11;20;11;19;11;19;12;19;13;6;4;1;1;-1;-1;-1;-2;-1;-1;0;2;1;9;2;26;1;26;0;27;0;27;-1;28;-1;29;-1;29;-1;30;-1;31;-1;32;-1;32;-1;33;0;33;0;33;1;33;1;34;2;34;3;34;4;35;5;35;7;36;8;37;9;38;11;38;12;39;14;39;15;39;16;39,stable,EXP_S142,ZONE_02,entree_zone,4.1,entree_zone,entree dans la zone
582852213,-53,6,a0:9f:7a:73:2b:3e,384,-110;-96;8;0;-22;-10;-25;-10;-27;-10;-28;-10;-27;-9;-26;-7;-24;-5;-21;-3;-19;-1;-16;1;-13;3;-10;5;-7;7;-4;9;-1;10;2;11;4;12;6;12;8;12;9;12;10;12;10;11;10;11;10;9;10;9;2;2;0;0;0;0;0;0;0;0;0;0;0;0;0;0;0;0;0;0;2;6;8;25;6;27;3;30;0;30;-2;29;-5;27;-6;23;-6;17;-5;11;-2;4;1;-2;6;-7;11;-12;17;-15;22;-17;26;-18;28;-18;30;-18;30;-17;28;-15;25;-14;21;-12;15;-10;9;-9;2;-9;-3;-9;117;0;-9;22;-8;22;-8;21;-7;20;-6;18;-5;16;-3;15;-3;14;-2;12;-2;12;-1;11;0;11;0;10;1;10;2;9;2;8;2;8;2;7;3;7;3;7;3;7;4;6;4;6;4;5;4;5;4;6;3;6;3;6;1;2;0;0;-1;-1;-1;-2;0;-1;0;2;1;9;4;27;3;28;1;29;0;30;-1;30;-3;31;-4;31;-5;31;-7;31;-8;32;-9;32;-10;32;-11;31;-12;30;-13;30;-13;29;-13;29;-13;29;-13;28;-12;28;-12;28;-12;27;-12;27;-12;27;-12;27;-11;26;-11;26;-10;26;117;0;-14;-42;-14;-41;-15;-39;-15;-37;-16;-35;-17;-33;-18;-31;-19;-29;-19;-27;-19;-26;-19;-24;-20;-23;-20;-21;-21;-20;-21;-19;-21;-18;-21;-17;-21;-17;-21;-16;-21;-15;-21;-14;-21;-13;-21;-13;-21;-12;-20;-12;-20;-12;-20;-13;-20;-13;-8;-5;-3;-2;0;0;-1;1;-1;0;0;-4;1;-11;4;-28;4;-28;5;-28;6;-29;6;-29;6;-30;6;-31;6;-32;6;-32;6;-33;6;-34;6;-34;6;-35;5;-35;5;-36;4;-36;3;-36;2;-37;1;-37;-1;-38;-2;-39;-4;-40;-6;-41;-7;-41;-8;-42;-9;-43;-10;-43;-11;-43,stable,EXP_S142,ZONE_02,entree_zone,4.1,entree_zone,entree dans la zone
583052721,-52,6,a0:9f:7a:73:2b:3e,384,-110;-96;8;0;9;22;11;25;12;26;13;26;13;25;13;23;12;20;12;17;12;13;11;9;11;6;11;2;10;-1;9;-4;9;-7;8;-10;8;-12;7;-14;7;-15;6;-16;5;-16;5;-16;4;-15;3;-15;2;-14;0;-4;0;0;0;0;0;0;0;0;0;0;0;0;0;0;0;0;0;0;0;-7;1;-28;3;-29;7;-30;10;-30;12;-28;13;-25;13;-20;11;-15;7;-9;2;-5;-4;-1;-11;2;-17;3;-24;3;-29;2;-33;0;-35;-1;-36;-3;-35;-4;-33;-4;-30;-4;-25;-3;-19;-1;-14;2;-8;5;-4;9;127;0;11;-6;10;-5;10;-5;9;-5;8;-5;7;-4;6;-4;6;-4;5;-4;5;-4;4;-4;4;-4;3;-4;3;-4;2;-4;2;-4;2;-4;2;-4;1;-4;1;-4;1;-4;1;-3;1;-3;1;-3;1;-3;1;-3;1;-3;1;-3;0;-2;0;-1;-1;0;-1;0;-1;0;0;-2;1;-5;5;-13;6;-13;7;-13;8;-13;9;-12;9;-12;10;-12;10;-11;11;-11;12;-11;12;-10;13;-10;13;-10;13;-9;13;-9;13;-8;14;-8;14;-8;14;-7;14;-7;13;-7;13;-7;13;-7;13;-7;13;-7;12;-7;12;-7;12;-7;127;0;-10;20;-10;19;-9;19;-8;18;-8;18;-7;17;-6;17;-6;16;-5;16;-4;16;-3;15;-3;15;-2;14;-1;14;-1;14;-1;14;0;13;0;13;0;13;0;12;0;12;1;12;1;12;1;12;1;12;0;12;0;12;0;12;0;4;-1;1;-1;-1;0;-1;0;-1;-1;1;-4;3;-10;10;-10;10;-11;10;-11;10;-11;10;-12;10;-12;11;-12;11;-13;11;-13;11;-13;12;-13;12;-14;12;-14;12;-14;12;-14;12;-14;13;-13;13;-13;14;-13;15;-13;15;-13;16;-12;17;-12;17;-12;18;-12;19;-11;19;-11;20,stable,EXP_S142,ZONE_02,entree_zone,4.1,entree_zone,entree dans la zone
583252302,-52,6,a0:9f:7a:73:2b:3e,384,-110;-96;8;0;11;22;13;24;14;25;15;25;14;24;14;21;14;19;13;16;13;12;12;9;12;5;12;2;11;-1;11;-4;11;-6;10;-9;10;-11;9;-12;9;-13;8;-14;7;-15;7;-15;6;-15;5;-14;4;-14;1;-4;0;0;0;0;0;0;0;0;0;0;0;0;0;0;0;0;0;0;-4;-6;-15;-24;-14;-27;-11;-30;-8;-31;-5;-31;-2;-29;0;-25;1;-19;1;-13;-2;-6;-5;0;-10;5;-16;9;-21;11;-27;12;-31;12;-34;11;-35;9;-35;7;-33;6;-29;5;-25;5;-19;6;-13;7;-7;9;-2;11;-125;0;8;-6;8;-6;8;-6;7;-6;6;-6;5;-6;4;-5;4;-5;3;-4;3;-4;3;-4;2;-4;2;-4;1;-4;1;-4;1;-4;0;-4;0;-3;0;-3;0;-4;0;-4;0;-4;-1;-3;-1;-3;-1;-3;0;-3;0;-3;0;-3;0;-2;0;-1;0;0;-1;0;-1;0;0;-2;1;-5;3;-13;4;-13;5;-13;6;-13;6;-13;7;-13;8;-12;9;-12;10;-12;10;-12;11;-12;11;-12;11;-11;11;-11;11;-10;12;-10;12;-10;12;-9;11;-9;11;-9;11;-9;11;-8;11;-8;11;-8;11;-8;11;-8;10;-9;10;-9;-125;0;-6;23;-6;22;-5;21;-4;21;-3;20;-2;19;-1;19;0;18;0;17;1;17;1;16;1;15;2;15;3;14;3;14;4;14;4;13;4;13;4;12;4;12;5;12;5;11;5;11;5;11;5;11;4;11;4;11;4;11;1;4;0;1;-1;-1;0;-1;0;-1;-1;1;-3;4;-9;12;-9;12;-10;12;-10;12;-10;12;-11;13;-11;13;-12;13;-12;13;-12;14;-12;14;-12;14;-12;15;-12;15;-12;15;-12;15;-12;15;-11;16;-11;16;-10;17;-10;19;-10;19;-9;20;-9;20;-9;21;-8;21;-7;22;-7;22,stable,EXP_S142,ZONE_02,entree_zone,4.1,entree_zone,entree dans la zone
583452358,-53,6,a0:9f:7a:73:2b:3e,384,-110;-96;8;0;-5;26;-5;28;-4;29;-4;29;-3;27;-2;25;-1;22;1;19;3;16;5;13;7;10;8;8;10;5;12;3;13;1;14;-1;15;-2;15;-4;15;-5;14;-6;13;-6;13;-7;12;-8;11;-8;10;-8;2;-2;0;0;0;0;0;0;0;0;0;0;0;0;0;0;0;0;0;0;0;-7;3;-27;6;-28;10;-28;13;-27;15;-25;15;-21;14;-16;11;-12;7;-8;1;-4;-6;-2;-12;-2;-19;-3;-25;-5;-29;-7;-32;-10;-33;-12;-32;-14;-31;-15;-28;-14;-25;-12;-21;-9;-17;-5;-13;0;-10;5;-8;10;-126;0;10;2;9;2;9;2;8;2;8;2;7;1;6;1;5;1;5;1;4;0;4;0;4;0;3;-1;3;-1;3;-1;2;-1;2;-1;2;-1;2;-1;2;-1;1;-1;1;-1;1;-1;1;-1;1;-1;1;-1;1;-1;1;-1;0;-1;0;-1;-1;0;-1;0;-1;0;1;-1;4;-3;11;-7;12;-6;12;-5;13;-5;13;-4;13;-3;14;-3;14;-2;15;-1;15;-1;15;0;15;0;15;0;15;1;14;1;14;2;14;2;14;2;14;2;13;2;13;2;13;3;13;3;13;3;12;3;12;2;12;2;12;2;-126;0;-19;13;-18;13;-18;13;-16;13;-15;13;-14;13;-13;13;-13;13;-12;13;-11;13;-10;13;-9;13;-9;13;-8;13;-7;13;-7;13;-6;12;-6;12;-6;12;-5;12;-5;12;-4;11;-4;11;-4;11;-4;11;-4;11;-4;11;-5;11;-2;4;-1;1;0;-1;0;-1;0;-1;-2;0;-5;1;-14;3;-14;3;-15;3;-15;3;-15;2;-16;2;-16;2;-17;2;-17;3;-18;3;-18;3;-18;3;-18;3;-18;3;-18;4;-19;4;-18;4;-18;5;-19;6;-19;7;-19;7;-20;8;-20;9;-20;10;-20;10;-20;11;-20;12;-20;13,stable,EXP_S142,ZONE_02,entree_zone,4.1,entree_zone,entree dans la zone
583655531,-53,6,a0:9f:7a:73:2b:3e,384,-110;-96;8;0;-22;-13;-24;-14;-26;-14;-26;-14;-25;-12;-24;-11;-22;-8;-20;-6;-18;-3;-15;0;-13;3;-10;5;-8;7;-6;9;-3;11;-1;13;1;13;2;14;3;15;5;15;6;14;7;13;7;12;7;11;7;10;2;2;0;0;0;0;0;0;0;0;0;0;0;0;0;0;0;0;0;0;2;5;9;24;7;26;4;28;1;29;-2;28;-4;25;-5;21;-6;16;-5;9;-2;3;2;-3;7;-9;12;-12;17;-15;22;-17;26;-17;29;-17;30;-16;30;-15;28;-13;25;-12;20;-10;14;-9;8;-9;1;-9;-4;-10;127;0;-15;18;-14;17;-13;17;-12;16;-11;15;-9;14;-8;12;-7;11;-6;10;-5;9;-5;9;-4;9;-3;9;-2;8;-2;8;-1;7;-1;7;-1;7;0;6;0;6;0;6;1;6;1;5;1;5;1;4;0;5;0;5;-1;6;-1;2;-1;0;-1;-1;-1;-2;0;-1;0;2;0;10;0;27;-1;28;-3;29;-5;29;-6;29;-8;29;-9;29;-11;29;-13;29;-14;29;-15;29;-15;29;-16;28;-16;27;-17;26;-18;25;-19;25;-19;25;-18;25;-18;24;-17;24;-17;23;-18;22;-18;22;-18;22;-17;22;-17;22;-16;22;127;0;-6;-44;-7;-43;-8;-41;-9;-40;-10;-38;-11;-36;-12;-35;-13;-33;-14;-32;-14;-30;-15;-28;-15;-27;-16;-26;-17;-25;-17;-24;-17;-23;-17;-23;-17;-22;-17;-21;-17;-21;-17;-20;-17;-19;-17;-18;-17;-18;-17;-17;-16;-18;-16;-18;-15;-18;-6;-7;-2;-3;0;0;-1;1;-1;0;0;-3;1;-10;5;-26;6;-26;7;-26;7;-26;8;-27;8;-27;9;-28;9;-29;10;-30;9;-30;9;-31;9;-32;9;-32;9;-33;9;-33;8;-34;8;-34;7;-35;5;-36;4;-37;3;-38;2;-40;1;-41;0;-41;-2;-42;-3;-43;-4;-44;-5;-44,stable,EXP_S142,ZONE_02,entree_zone,4.1,entree_zone,entree dans la zone
583852392,-53,6,a0:9f:7a:73:2b:3e,384,-110;-96;8;0;15;-19;16;-22;17;-23;16;-24;15;-23;13;-22;10;-21;7;-19;5;-18;2;-15;-1;-13;-4;-11;-7;-9;-9;-7;-11;-5;-13;-3;-14;-1;-15;1;-16;2;-16;3;-16;4;-16;5;-15;5;-14;5;-13;5;-4;1;0;0;0;0;0;0;0;0;0;0;0;0;0;0;0;0;0;0;-7;0;-26;2;-28;0;-29;-3;-29;-7;-27;-9;-24;-11;-19;-11;-13;-10;-8;-7;-2;-3;3;3;7;9;9;15;10;20;11;25;10;29;9;31;8;32;7;32;6;29;5;26;5;21;5;15;6;9;7;2;9;-3;111;0;-10;-5;-10;-5;-10;-5;-10;-5;-10;-4;-9;-3;-8;-2;-7;-2;-6;-2;-5;-2;-5;-2;-6;-1;-6;-1;-5;0;-5;1;-4;1;-4;0;-4;0;-4;0;-5;0;-5;0;-5;1;-4;1;-4;1;-3;1;-3;0;-4;0;-4;0;-2;0;-1;0;0;0;0;-1;0;-1;-2;0;-5;2;-14;5;-14;5;-15;5;-15;4;-15;3;-15;2;-16;1;-16;0;-17;-1;-18;-2;-18;-2;-18;-2;-17;-3;-16;-3;-16;-4;-16;-5;-16;-6;-16;-6;-16;-5;-15;-5;-14;-5;-14;-5;-13;-6;-13;-7;-14;-7;-14;-6;-14;-5;-14;-4;111;0;20;-9;19;-9;18;-9;17;-9;16;-9;15;-9;15;-10;14;-10;14;-10;13;-10;12;-10;11;-10;11;-10;10;-10;10;-10;10;-11;10;-10;10;-10;9;-10;9;-9;9;-9;8;-9;8;-9;8;-9;8;-9;8;-9;8;-8;8;-8;3;-3;0;-1;-1;0;-1;0;-1;0;1;-1;4;-1;11;-3;11;-3;11;-3;12;-3;12;-3;13;-3;14;-2;14;-2;14;-1;14;-2;14;-2;14;-3;15;-3;16;-3;16;-2;16;-2;16;-2;15;-3;16;-4;16;-5;18;-6;18;-6;19;-6;19;-6;19;-7;19;-7;19;-8;19;-9,stable,EXP_S142,ZONE_02,entree_zone,4.1,entree_zone,entree dans la zone
584053480,-52,6,a0:9f:7a:73:2b:3e,384,-110;-96;8;0;25;-2;28;-2;29;-3;29;-3;28;-4;26;-5;23;-6;20;-6;17;-7;13;-8;9;-9;6;-10;2;-11;0;-12;-3;-13;-5;-13;-8;-13;-9;-13;-11;-13;-12;-13;-12;-12;-12;-12;-12;-10;-12;-9;-12;-8;-3;-2;0;0;0;0;0;0;0;0;0;0;0;0;0;0;0;0;0;0;-7;-3;-26;-10;-26;-13;-26;-16;-25;-19;-22;-21;-18;-21;-14;-19;-10;-16;-6;-10;-3;-4;-1;3;-1;11;-2;18;-4;23;-7;27;-10;30;-12;32;-14;32;-15;31;-14;29;-13;25;-10;21;-6;17;-2;12;4;8;9;6;120;0;-3;-11;-3;-11;-3;-11;-3;-11;-4;-10;-4;-9;-4;-7;-3;-6;-3;-6;-2;-5;-2;-5;-3;-5;-3;-5;-4;-4;-3;-3;-3;-3;-3;-3;-2;-3;-2;-4;-3;-4;-3;-3;-4;-3;-3;-2;-3;-2;-3;-2;-2;-2;-2;-3;-2;-3;-1;-1;-1;-1;0;0;0;0;0;0;-2;-1;-5;-2;-14;-6;-14;-7;-14;-7;-14;-8;-13;-9;-12;-10;-12;-11;-11;-12;-11;-13;-11;-14;-11;-14;-11;-14;-10;-14;-9;-14;-8;-14;-7;-15;-7;-15;-7;-15;-7;-15;-7;-14;-7;-14;-6;-13;-5;-14;-5;-14;-5;-15;-5;-14;-6;-14;-6;-13;120;0;20;11;19;10;19;9;18;8;18;7;18;7;17;6;17;6;16;5;16;5;15;4;15;3;14;2;14;2;14;1;14;1;14;1;14;1;13;1;13;1;13;1;12;0;12;0;12;0;12;1;12;1;11;1;11;2;4;0;1;0;-1;-1;-1;-1;-1;-1;1;0;3;2;10;8;10;8;10;8;10;8;11;9;11;9;11;10;11;11;10;11;10;11;11;11;11;11;12;11;12;12;12;12;12;12;12;12;13;11;14;11;15;11;16;11;17;12;17;12;17;12;18;11;18;11;19;11;20;10,stable,EXP_S142,ZONE_02,entree_zone,4.1,entree_zone,entree dans la zone
584257679,-53,6,a0:9f:7a:73:2b:3e,384,-110;-96;8;0;-20;16;-22;18;-23;19;-22;20;-21;20;-19;19;-16;18;-13;16;-10;15;-7;14;-3;13;0;12;3;10;6;9;8;8;11;7;13;6;14;5;15;4;15;3;16;2;15;1;15;0;14;0;13;-1;3;-1;0;0;0;0;0;0;0;0;0;0;0;0;0;0;0;0;0;0;5;-3;24;-9;27;-7;29;-4;29;-1;28;2;25;4;20;5;15;5;8;4;2;0;-3;-4;-8;-9;-11;-16;-13;-21;-13;-26;-12;-30;-11;-33;-10;-34;-9;-33;-7;-31;-7;-28;-6;-23;-7;-17;-8;-10;-10;-4;-12;1;-128;0;6;9;5;9;5;9;5;8;5;7;5;6;4;5;4;5;3;4;3;4;3;3;3;3;3;2;3;2;3;2;3;1;3;1;3;1;3;1;3;1;3;1;3;1;3;0;2;0;2;0;2;1;2;1;2;1;0;0;0;0;-1;-1;-1;-1;-1;-1;1;0;4;0;13;3;13;4;13;5;13;6;13;6;12;7;12;8;12;9;12;10;11;10;11;11;11;11;11;11;10;11;10;12;9;12;9;12;8;12;8;12;8;12;8;11;7;11;7;11;7;12;7;11;7;11;7;11;7;11;-128;0;-23;-6;-23;-6;-22;-5;-21;-4;-21;-4;-20;-3;-19;-2;-19;-2;-18;-1;-17;-1;-17;0;-16;1;-16;1;-16;1;-15;1;-15;2;-15;2;-15;2;-14;2;-14;2;-13;2;-13;2;-12;2;-12;2;-12;2;-12;2;-12;2;-12;1;-5;0;-2;0;0;-1;0;0;0;0;-2;-1;-5;-3;-12;-6;-12;-7;-12;-7;-12;-7;-12;-8;-13;-8;-13;-9;-13;-9;-14;-9;-14;-9;-14;-9;-15;-9;-15;-9;-15;-10;-16;-10;-16;-10;-16;-9;-16;-9;-17;-9;-18;-8;-19;-8;-20;-8;-20;-8;-21;-8;-21;-7;-22;-7;-23;-6;-23;-6,stable,EXP_S142,ZONE_02,entree_zone,4.1,entree_zone,entree dans la zone
584455010,-52,6,a0:9f:7a:73:2b:3e,384,-110;-96;8;0;23;3;26;3;27;3;28;2;27;1;25;0;22;-1;20;-2;17;-4;14;-5;11;-7;8;-8;5;-9;2;-11;0;-12;-2;-13;-4;-14;-6;-14;-7;-14;-8;-14;-9;-14;-9;-13;-9;-13;-9;-12;-9;-11;-3;-3;0;0;0;0;0;0;0;0;0;0;0;0;0;0;0;0;0;0;-6;-3;-23;-13;-23;-16;-22;-19;-20;-22;-17;-23;-13;-22;-9;-19;-6;-15;-3;-9;-2;-3;-2;4;-3;10;-5;16;-8;21;-11;24;-14;27;-17;28;-18;27;-19;26;-18;24;-16;21;-13;18;-9;14;-4;11;3;8;8;6;-128;0;-4;-21;-4;-21;-3;-20;-4;-20;-5;-18;-5;-16;-6;-14;-5;-12;-4;-11;-4;-10;-4;-10;-4;-10;-5;-9;-6;-8;-6;-7;-6;-6;-5;-6;-5;-6;-5;-6;-5;-6;-6;-6;-6;-5;-6;-4;-6;-3;-5;-4;-4;-4;-4;-5;-4;-6;-2;-2;-1;-1;0;0;1;0;0;0;-3;-2;-8;-6;-21;-17;-21;-18;-21;-20;-20;-21;-19;-22;-18;-23;-16;-24;-15;-26;-14;-28;-14;-29;-13;-30;-13;-30;-12;-29;-10;-29;-9;-29;-8;-29;-7;-30;-7;-30;-8;-29;-8;-28;-7;-27;-6;-26;-5;-27;-4;-27;-5;-28;-6;-28;-7;-27;-7;-26;-128;0;35;25;35;24;34;23;33;21;32;19;32;17;32;16;31;15;30;14;30;13;28;11;28;10;27;8;27;7;27;7;27;6;26;6;26;6;25;5;24;5;23;4;23;4;22;3;22;3;22;3;21;4;21;4;20;5;7;2;2;0;-1;-1;-2;-2;-1;-1;1;2;5;6;15;19;15;19;15;19;15;20;16;21;17;22;17;23;16;24;16;25;16;24;17;24;18;25;19;26;19;27;19;28;19;27;19;27;20;26;22;25;24;25;26;26;28;27;29;27;29;27;30;27;32;26;34;25;35;25,stable,EXP_S142,ZONE_02,entree_zone,4.1,entree_zone,entree dans la zone
584652397,-52,6,a0:9f:7a:73:2b:3e,384,-110;-96;8;0;-10;-24;-11;-26;-12;-27;-12;-26;-12;-25;-12;-23;-12;-20;-12;-17;-12;-13;-12;-10;-12;-7;-11;-3;-11;0;-11;3;-11;6;-11;8;-10;10;-10;11;-9;12;-9;13;-8;13;-7;13;-6;12;-5;12;-5;11;-1;2;0;0;0;0;0;0;0;0;0;0;0;0;0;0;0;0;0;0;0;6;2;25;-1;26;-4;27;-7;26;-9;24;-10;21;-10;17;-9;12;-5;7;-1;2;5;-2;11;-4;17;-5;23;-5;27;-4;30;-3;32;-1;33;0;32;1;29;2;25;1;21;0;15;-2;10;-5;5;-9;1;-12;-126;0;-10;4;-10;4;-9;4;-9;4;-8;4;-7;4;-7;3;-6;3;-5;3;-5;3;-4;3;-4;3;-4;3;-3;3;-3;3;-3;3;-2;3;-2;3;-2;2;-2;2;-1;2;-1;2;-1;2;-1;2;-1;2;-1;2;-1;2;-2;2;-1;1;-1;0;0;-1;0;-1;0;-1;-1;1;-3;4;-7;11;-8;11;-8;10;-9;10;-10;10;-10;9;-11;9;-12;9;-12;8;-13;8;-13;8;-13;8;-13;7;-13;7;-13;6;-13;6;-13;6;-13;6;-13;6;-13;5;-13;5;-13;5;-13;5;-13;5;-13;5;-12;5;-12;6;-12;5;-126;0;5;-22;5;-21;4;-21;3;-20;2;-20;2;-19;1;-19;0;-18;0;-17;-1;-17;-2;-16;-2;-15;-3;-15;-3;-15;-4;-14;-4;-14;-4;-14;-4;-14;-4;-13;-4;-13;-4;-12;-5;-12;-5;-11;-5;-11;-5;-11;-5;-11;-4;-11;-4;-11;-2;-4;-1;-2;0;0;-1;0;-1;0;0;-2;2;-4;7;-11;8;-11;8;-10;8;-10;9;-11;9;-11;9;-11;10;-12;10;-12;10;-12;10;-13;10;-13;10;-14;10;-14;10;-14;10;-14;10;-14;10;-15;9;-16;9;-16;9;-17;8;-18;8;-19;8;-19;7;-20;6;-21;6;-21;6;-22,stable,EXP_S142,ZONE_02,entree_zone,4.1,entree_zone,entree dans la zone
584853023,-52,6,a0:9f:7a:73:2b:3e,384,-110;-96;8;0;-22;17;-24;19;-24;20;-24;20;-23;20;-21;19;-18;18;-15;16;-11;15;-7;14;-4;13;0;11;3;10;6;9;9;8;11;7;13;6;15;5;16;4;17;3;16;2;16;2;15;1;14;0;13;0;3;0;0;0;0;0;0;0;0;0;0;0;0;0;0;0;0;0;0;0;6;-3;26;-8;29;-6;30;-3;30;0;29;3;25;6;21;6;15;6;8;4;2;0;-3;-5;-8;-11;-10;-18;-12;-24;-12;-29;-12;-33;-10;-35;-9;-36;-8;-35;-7;-33;-6;-29;-6;-24;-6;-17;-8;-11;-10;-4;-13;1;124;0;8;8;7;8;7;8;7;7;7;6;7;5;6;4;5;3;5;3;4;3;4;3;4;2;5;2;4;1;4;0;3;0;3;0;3;0;3;1;3;1;4;0;4;0;3;-1;3;-1;3;0;3;0;3;0;3;0;1;0;0;0;-1;-1;-1;0;-1;-1;1;-1;5;0;14;0;14;1;14;1;14;2;14;3;14;4;14;5;14;6;14;7;15;8;15;8;14;8;14;8;13;9;12;9;12;10;12;10;12;10;12;10;12;9;11;9;10;9;10;10;10;10;10;10;11;10;11;9;11;9;124;0;-25;1;-24;1;-23;1;-22;2;-21;2;-20;3;-20;4;-19;4;-18;4;-18;5;-17;5;-16;5;-15;6;-15;6;-14;6;-14;6;-14;6;-13;6;-13;6;-12;6;-12;6;-11;6;-11;6;-11;6;-11;6;-11;6;-11;5;-11;5;-4;1;-2;0;0;-1;0;0;0;0;-2;-1;-5;-1;-14;-3;-14;-3;-15;-3;-15;-3;-15;-4;-16;-4;-16;-5;-16;-5;-17;-5;-17;-5;-17;-5;-18;-5;-18;-5;-19;-5;-19;-5;-19;-5;-19;-5;-19;-4;-19;-3;-20;-3;-21;-2;-22;-2;-23;-2;-23;-2;-23;-1;-24;0;-24;1;-25;1,stable,EXP_S142,ZONE_02,entree_zone,4.1,entree_zone,entree dans la zone
585056408,-52,6,a0:9f:7a:73:2b:3e,384,-110;-96;8;0;-23;-15;-26;-16;-28;-16;-28;-16;-27;-14;-26;-13;-24;-11;-22;-8;-19;-5;-17;-2;-14;1;-12;4;-10;6;-7;8;-5;11;-3;13;-1;14;0;15;2;16;2;16;3;16;4;15;4;15;5;13;5;12;1;3;0;0;0;0;0;0;0;0;0;0;0;0;0;0;0;0;0;0;3;5;15;23;13;26;11;29;7;30;4;29;1;26;-1;22;-2;16;-2;10;0;3;3;-4;8;-10;13;-15;18;-18;23;-20;27;-21;30;-21;31;-20;30;-18;28;-16;25;-15;20;-13;14;-12;8;-11;0;-11;-5;-12;121;0;-13;21;-12;20;-12;19;-11;18;-9;17;-8;16;-6;15;-5;13;-5;12;-4;12;-3;11;-2;11;-1;10;0;9;1;9;1;8;1;8;1;8;1;8;1;8;2;7;2;7;2;6;3;6;2;6;2;6;1;6;1;7;0;2;0;0;-1;-1;-1;-2;0;-1;0;3;1;10;2;29;0;29;-2;29;-3;30;-5;30;-6;30;-8;30;-9;30;-11;31;-12;31;-13;31;-14;31;-14;30;-15;29;-16;28;-17;28;-17;27;-17;27;-17;27;-16;26;-16;26;-16;25;-16;25;-16;26;-16;26;-15;26;-14;26;-14;26;121;0;-13;-47;-14;-46;-14;-44;-15;-42;-16;-40;-16;-38;-17;-36;-17;-34;-18;-32;-19;-30;-19;-28;-20;-27;-21;-25;-21;-24;-21;-23;-21;-23;-21;-22;-20;-21;-20;-20;-20;-19;-19;-18;-19;-17;-19;-16;-19;-15;-19;-15;-19;-15;-19;-16;-18;-16;-7;-6;-2;-2;0;0;-1;1;-1;0;0;-4;0;-11;2;-29;3;-29;4;-29;4;-30;5;-31;5;-32;5;-32;5;-34;6;-34;6;-35;5;-36;5;-37;4;-38;4;-38;4;-39;3;-39;3;-39;2;-39;1;-40;-1;-41;-2;-42;-4;-43;-5;-45;-6;-45;-8;-46;-10;-46;-11;-47;-13;-47,stable,EXP_S142,ZONE_02,entree_zone,4.1,entree_zone,entree dans la zone
585251147,-52,6,a0:9f:7a:73:2b:3e,384,-110;-96;8;0;-15;-22;-18;-24;-19;-25;-20;-25;-20;-24;-20;-22;-19;-19;-18;-16;-17;-12;-15;-9;-14;-5;-13;-1;-11;2;-10;5;-8;8;-7;10;-5;12;-4;14;-3;15;-2;16;-1;16;-1;16;0;15;1;14;1;13;0;3;0;0;0;0;0;0;0;0;0;0;0;0;0;0;0;0;0;0;0;7;-1;28;-4;30;-8;31;-11;30;-13;28;-14;24;-14;19;-12;14;-8;8;-3;2;4;-2;11;-5;18;-7;24;-7;30;-7;34;-5;36;-4;37;-3;36;-2;34;-1;30;-1;25;-2;19;-3;12;-6;6;-9;1;-11;121;0;-11;6;-11;6;-10;6;-10;6;-9;6;-8;6;-6;5;-6;5;-5;4;-5;4;-4;4;-4;4;-3;4;-3;4;-2;4;-2;4;-2;4;-2;4;-2;4;-2;4;-1;4;-1;4;-1;4;-1;3;-1;3;-1;3;-1;3;-1;4;-1;1;-1;0;0;-1;0;-1;0;-1;-1;1;-3;4;-8;13;-9;13;-9;13;-10;12;-11;12;-11;12;-12;11;-13;11;-14;11;-14;11;-15;10;-15;10;-15;9;-15;8;-15;8;-15;8;-15;8;-15;8;-15;8;-14;8;-14;7;-14;7;-14;7;-14;7;-14;7;-14;7;-13;7;-13;7;121;0;7;-24;6;-23;6;-22;5;-22;4;-21;3;-20;2;-20;1;-19;1;-19;0;-18;0;-17;-1;-17;-2;-16;-2;-16;-3;-15;-3;-15;-3;-15;-3;-14;-3;-14;-4;-13;-4;-13;-4;-12;-4;-12;-4;-12;-4;-12;-4;-11;-4;-11;-4;-11;-2;-4;-1;-2;0;0;-1;0;-1;0;0;-2;3;-5;9;-12;9;-12;9;-11;10;-11;10;-12;11;-12;11;-12;11;-13;11;-13;12;-13;12;-14;12;-14;12;-14;12;-14;12;-15;12;-15;12;-15;11;-16;11;-17;10;-18;10;-19;10;-20;10;-20;9;-21;9;-22;9;-22;8;-23;8;-23,stable,EXP_S142,ZONE_02,entree_zone,4.1,entree_zone,entree dans la zone
585456773,-52,6,a0:9f:7a:73:2b:3e,384,-110;-96;8;0;6;-25;5;-28;5;-30;5;-30;4;-30;3;-28;1;-26;0;-23;-2;-20;-4;-17;-6;-14;-7;-10;-9;-7;-10;-4;-11;-1;-12;2;-13;4;-13;6;-13;8;-13;9;-13;10;-12;10;-12;10;-11;10;-10;10;-3;2;0;0;0;0;0;0;0;0;0;0;0;0;0;0;0;0;0;0;-6;4;-23;16;-26;15;-29;13;-31;11;-30;7;-28;4;-24;1;-19;0;-12;-1;-5;0;3;2;9;5;15;9;20;14;23;18;25;22;25;25;25;26;24;26;22;25;20;23;17;18;14;13;12;7;10;0;9;-6;118;0;-24;-4;-24;-4;-23;-4;-22;-3;-21;-2;-19;-1;-17;0;-15;1;-14;1;-13;0;-12;1;-12;2;-12;3;-11;4;-10;4;-9;4;-8;4;-8;4;-8;4;-8;4;-8;5;-7;5;-7;5;-6;5;-6;5;-6;4;-6;4;-7;4;-3;1;-1;0;0;-1;1;-1;1;-1;-3;1;-10;3;-28;10;-29;9;-31;8;-31;6;-32;5;-32;4;-33;2;-34;0;-35;-2;-36;-3;-36;-4;-36;-4;-35;-4;-34;-5;-34;-7;-34;-7;-34;-8;-34;-8;-33;-8;-32;-7;-31;-7;-30;-7;-30;-8;-30;-8;-30;-7;-30;-6;-30;-5;-29;-4;118;0;41;-23;40;-23;38;-23;36;-23;34;-23;31;-23;30;-24;28;-24;26;-24;24;-24;22;-23;21;-23;19;-24;18;-24;17;-24;16;-24;15;-24;15;-23;14;-22;13;-22;12;-21;11;-21;10;-21;10;-21;9;-20;9;-20;10;-20;10;-19;3;-7;1;-2;-1;0;-2;0;-1;0;2;-1;9;-2;27;-5;27;-5;28;-4;29;-4;30;-4;31;-3;32;-3;33;-2;33;-2;34;-2;34;-3;35;-4;36;-4;37;-4;37;-5;37;-5;37;-6;37;-7;37;-9;38;-11;40;-12;41;-13;42;-15;42;-16;42;-17;42;-19;42;-21;42;-22,stable,EXP_S142,ZONE_02,entree_zone,4.1,entree_zone,entree dans la zone
585652111,-52,6,a0:9f:7a:73:2b:3e,384,-110;-96;8;0;-12;-23;-15;-25;-16;-27;-17;-26;-17;-25;-16;-23;-16;-21;-16;-18;-15;-15;-14;-11;-13;-7;-12;-3;-11;0;-10;3;-9;6;-8;9;-7;11;-6;13;-5;14;-5;15;-4;16;-3;16;-2;15;-2;14;-2;13;-1;3;0;0;0;0;0;0;0;0;0;0;0;0;0;0;0;0;0;0;-1;6;-3;28;-6;29;-10;30;-13;29;-15;26;-16;23;-15;18;-13;13;-9;7;-3;3;4;-1;11;-4;18;-5;24;-4;29;-4;33;-2;36;-1;37;1;36;2;33;2;30;2;25;1;20;-1;13;-4;7;-8;2;-11;-127;0;-8;8;-8;8;-8;8;-8;8;-7;8;-6;7;-5;7;-4;6;-4;5;-3;5;-3;5;-3;5;-2;5;-1;5;-1;5;-1;4;-1;4;-1;4;-1;4;-1;4;0;4;0;4;0;4;0;3;0;3;0;3;0;3;-1;4;-1;1;-1;0;-1;-1;0;-1;0;-1;-1;1;-1;5;-2;14;-3;14;-3;15;-4;15;-5;15;-6;14;-7;14;-8;14;-8;14;-9;15;-10;15;-10;15;-10;14;-11;13;-11;12;-12;12;-12;12;-12;12;-11;12;-11;12;-10;11;-10;11;-11;10;-11;10;-11;11;-11;11;-10;11;-10;11;-127;0;0;-25;0;-24;0;-23;-1;-22;-1;-21;-2;-20;-3;-19;-3;-19;-3;-18;-4;-17;-4;-17;-5;-16;-5;-15;-5;-15;-6;-14;-6;-14;-6;-14;-6;-13;-6;-13;-6;-12;-6;-12;-6;-11;-6;-11;-6;-11;-6;-11;-6;-11;-6;-11;-5;-11;-2;-4;-1;-2;0;0;-1;0;-1;0;0;-2;1;-5;3;-14;4;-14;4;-14;4;-14;5;-15;5;-15;6;-16;6;-16;6;-16;6;-16;6;-17;6;-17;6;-18;6;-18;7;-18;6;-18;6;-18;6;-18;5;-19;4;-20;4;-21;4;-22;4;-22;3;-23;3;-23;2;-24;1;-24;1;-24,stable,EXP_S142,ZONE_02,entree_zone,4.1,entree_zone,entree dans la zone
585852643,-52,6,a0:9f:7a:73:2b:3e,384,-110;-96;8;0;-12;23;-12;26;-12;28;-11;28;-10;28;-9;26;-7;25;-4;22;-2;19;0;16;3;13;5;11;7;8;9;5;10;2;12;0;13;-2;14;-4;14;-6;14;-7;14;-8;14;-9;13;-9;12;-9;11;-8;2;-2;0;0;0;0;0;0;0;0;0;0;0;0;0;0;0;0;0;0;5;-5;23;-16;26;-15;29;-12;30;-9;29;-6;27;-3;23;-1;17;1;10;1;3;-1;-4;-3;-10;-7;-16;-12;-20;-18;-22;-22;-23;-26;-23;-29;-22;-30;-21;-30;-19;-29;-17;-26;-15;-21;-13;-15;-12;-9;-11;-1;-11;4;127;0;22;9;21;9;20;8;19;7;17;6;16;5;15;4;14;3;13;2;12;1;11;0;11;-1;10;-2;9;-2;9;-3;8;-3;8;-4;7;-4;7;-4;7;-4;7;-4;6;-5;6;-5;5;-5;5;-5;5;-5;6;-4;6;-4;2;-2;0;-1;-1;0;-2;0;-1;-1;3;-1;10;-1;30;-1;30;0;30;2;30;4;31;5;31;6;31;8;31;9;31;10;31;12;31;12;31;13;30;14;29;14;29;14;28;15;28;15;28;15;28;15;28;15;27;15;27;14;27;14;27;14;27;13;27;12;26;11;26;11;127;0;-46;12;-45;13;-43;13;-41;14;-39;15;-38;15;-36;16;-34;17;-32;17;-30;18;-28;19;-26;19;-25;20;-23;20;-22;20;-21;20;-20;19;-19;19;-18;19;-17;19;-16;19;-15;19;-14;19;-14;19;-13;19;-13;19;-13;18;-14;18;-5;6;-2;1;0;-1;1;0;0;0;-4;-1;-11;-2;-29;-5;-29;-6;-29;-6;-30;-7;-30;-7;-31;-7;-32;-7;-33;-8;-34;-8;-35;-8;-36;-8;-37;-8;-37;-7;-38;-7;-38;-7;-39;-6;-39;-6;-40;-4;-40;-3;-41;-1;-42;0;-44;2;-45;3;-45;4;-46;6;-46;8;-47;10;-47;11,stable,EXP_S142,ZONE_02,entree_zone,4.1,entree_zone,entree dans la zone
586052755,-52,6,a0:9f:7a:73:2b:3e,384,-110;-96;8;0;-8;24;-8;27;-8;29;-8;29;-7;28;-6;27;-4;25;-2;22;0;18;3;15;5;12;6;9;8;6;9;3;11;0;12;-2;13;-4;13;-6;13;-8;13;-9;13;-10;12;-10;11;-11;10;-11;10;-10;2;-3;0;0;0;0;0;0;0;0;0;0;0;0;0;0;0;0;0;0;5;-5;22;-18;24;-17;27;-15;29;-12;28;-9;26;-5;22;-2;17;-1;10;0;3;-1;-5;-3;-11;-6;-17;-10;-22;-15;-24;-20;-26;-23;-26;-26;-26;-28;-24;-28;-22;-26;-19;-23;-17;-19;-14;-13;-12;-7;-10;0;-9;6;124;0;22;11;21;11;20;10;18;9;17;8;15;7;14;6;13;5;12;4;12;3;11;2;10;1;10;0;9;-1;9;-1;9;-1;9;-2;8;-2;8;-2;8;-2;7;-3;7;-3;7;-3;7;-3;7;-3;7;-3;7;-3;7;-3;2;-1;0;-1;-1;0;-2;0;-1;0;3;-1;10;-2;29;-5;30;-3;30;-1;31;1;31;2;32;4;32;5;32;7;32;8;32;10;32;11;32;12;31;13;31;14;30;15;29;15;28;15;28;15;27;16;27;16;27;16;26;15;26;15;26;15;26;14;25;14;25;13;25;13;124;0;-47;9;-45;9;-44;10;-42;10;-40;11;-38;12;-36;13;-35;13;-33;14;-31;14;-30;15;-28;15;-27;16;-26;16;-25;16;-24;16;-23;16;-22;16;-21;16;-20;16;-20;16;-19;16;-18;16;-17;16;-17;15;-17;15;-17;15;-18;15;-7;5;-2;1;0;-1;1;0;0;0;-3;0;-11;-1;-29;-1;-29;-2;-29;-3;-30;-4;-30;-5;-31;-5;-32;-5;-33;-5;-34;-5;-35;-6;-36;-6;-36;-6;-37;-6;-37;-6;-38;-5;-38;-5;-38;-4;-39;-3;-40;-2;-41;-1;-42;0;-43;1;-44;2;-45;4;-46;5;-47;7;-47;8;-47;9,stable,EXP_S142,ZONE_02,entree_zone,4.1,entree_zone,entree dans la zone
586256292,-52,6,a0:9f:7a:73:2b:3e,384,-110;-96;8;0;-14;21;-15;24;-15;25;-14;26;-13;26;-12;24;-9;23;-7;20;-5;18;-2;15;1;12;3;10;6;7;8;5;10;2;12;0;13;-2;14;-4;14;-5;15;-6;14;-7;14;-7;13;-8;12;-8;11;-8;2;-2;0;0;0;0;0;0;0;0;0;0;0;0;0;0;0;0;0;0;6;-3;26;-9;28;-7;30;-5;30;-1;29;2;26;4;22;5;16;5;9;4;3;1;-3;-4;-9;-9;-13;-15;-15;-20;-17;-25;-18;-29;-17;-32;-16;-33;-15;-33;-14;-31;-12;-28;-11;-23;-9;-17;-9;-10;-9;-3;-10;3;116;0;11;5;10;5;10;4;9;4;9;3;8;3;8;2;7;2;6;1;6;1;5;1;5;0;5;0;5;-1;4;-1;4;-1;4;-1;4;-1;4;-1;4;-1;3;-1;3;-2;3;-2;3;-2;3;-2;3;-1;3;-1;3;-1;1;-1;0;-1;-1;0;-1;0;-1;0;1;-1;4;-2;13;-6;14;-5;14;-4;15;-3;15;-3;15;-2;15;-1;16;0;16;1;17;2;17;2;17;3;16;3;15;4;15;4;15;5;15;5;15;5;15;5;15;5;14;5;14;5;14;5;14;6;14;6;14;5;13;5;13;5;116;0;-22;6;-22;6;-21;6;-20;6;-19;7;-18;7;-18;7;-17;7;-16;7;-15;7;-14;7;-13;8;-13;8;-12;8;-12;8;-12;8;-11;8;-11;8;-10;8;-10;8;-10;7;-9;7;-9;7;-9;7;-9;7;-9;7;-9;7;-9;6;-4;2;-1;0;0;-1;0;-1;0;-1;-2;0;-5;0;-14;2;-14;2;-14;1;-15;1;-15;1;-16;0;-16;0;-17;0;-17;0;-17;0;-18;0;-18;0;-18;0;-19;0;-19;0;-19;0;-19;0;-19;1;-19;1;-20;2;-20;3;-21;3;-21;3;-22;4;-22;4;-22;5;-22;6;-22;7,stable,EXP_S142,ZONE_02,entree_zone,4.1,entree_zone,entree dans la zone
586455641,-52,6,a0:9f:7a:73:2b:3e,384,-110;-96;8;0;-25;2;-29;3;-30;4;-30;5;-30;6;-28;6;-25;7;-22;7;-18;8;-15;9;-11;9;-7;10;-3;10;0;10;4;9;7;9;9;9;11;8;13;8;14;7;15;7;15;6;14;5;14;4;13;3;3;0;0;0;0;0;0;0;0;0;0;0;0;0;0;0;0;0;0;0;5;4;22;17;22;20;20;24;18;26;15;26;11;25;8;22;4;17;2;11;0;4;0;-4;2;-11;4;-18;7;-24;10;-29;13;-32;16;-33;17;-33;18;-32;17;-30;15;-27;12;-23;8;-19;3;-14;-3;-10;-8;-7;122;0;1;12;1;12;1;11;1;10;1;10;1;9;2;8;2;7;2;6;2;6;2;5;2;5;2;5;3;4;3;4;3;3;3;3;3;3;3;3;3;2;3;2;3;2;3;1;3;1;3;1;3;2;3;2;2;2;1;1;0;0;-1;-1;-1;-1;-1;-1;1;1;3;4;8;12;8;12;7;13;7;14;6;14;6;15;5;15;4;16;4;16;3;17;3;17;3;17;2;17;2;16;1;16;1;16;0;16;0;16;0;16;0;16;0;16;0;16;0;15;0;15;0;15;1;15;1;15;1;14;122;0;-16;-18;-16;-17;-16;-17;-16;-15;-16;-14;-16;-13;-15;-12;-15;-11;-15;-10;-15;-9;-15;-9;-14;-8;-14;-7;-14;-6;-14;-6;-14;-5;-14;-5;-14;-5;-13;-4;-13;-4;-13;-4;-12;-3;-12;-3;-12;-3;-12;-2;-12;-3;-12;-3;-12;-3;-4;-2;-2;-1;0;0;0;0;0;0;-1;-2;-3;-5;-6;-14;-6;-14;-6;-14;-5;-14;-5;-15;-5;-15;-6;-16;-6;-17;-6;-17;-6;-17;-6;-17;-7;-17;-7;-18;-7;-18;-7;-18;-7;-19;-8;-18;-8;-18;-9;-18;-10;-18;-11;-18;-12;-19;-12;-19;-13;-19;-14;-18;-15;-18;-16;-18;-16;-18,stable,EXP_S142,ZONE_02,entree_zone,4.1,entree_zone,entree dans la zone
586652228,-52,6,a0:9f:7a:73:2b:3e,384,-110;-96;8;0;21;10;25;10;27;10;27;10;27;9;26;7;24;6;21;4;19;1;16;-1;13;-4;10;-6;6;-7;4;-9;1;-10;-2;-12;-4;-13;-6;-14;-7;-14;-9;-14;-10;-14;-10;-14;-10;-13;-10;-12;-10;-11;-3;-3;0;0;0;0;0;0;0;0;0;0;0;0;0;0;0;0;0;0;-3;-7;-10;-27;-8;-29;-5;-31;-2;-32;1;-31;3;-28;5;-23;5;-18;4;-11;1;-4;-3;2;-8;8;-13;12;-18;16;-24;17;-28;18;-31;18;-32;18;-32;16;-30;15;-27;13;-23;11;-17;10;-10;9;-3;8;3;8;123;0;9;-24;9;-23;9;-22;8;-21;6;-20;5;-18;3;-17;2;-15;2;-14;1;-13;1;-13;0;-13;-1;-12;-1;-12;-2;-11;-2;-10;-3;-10;-2;-10;-2;-10;-3;-10;-3;-9;-3;-9;-4;-8;-3;-8;-3;-8;-3;-8;-2;-8;-2;-8;-1;-3;-1;-1;0;0;0;1;0;0;-2;-3;-4;-10;-11;-28;-9;-29;-8;-30;-6;-31;-4;-32;-3;-32;-1;-33;1;-34;3;-35;4;-35;5;-36;6;-35;7;-35;8;-34;9;-33;10;-33;11;-32;11;-32;11;-31;11;-31;11;-30;11;-29;11;-28;12;-28;12;-29;11;-29;10;-29;10;-29;123;0;10;44;11;43;11;41;11;39;12;37;13;35;13;33;14;32;14;31;14;29;14;27;14;26;15;24;15;23;16;22;16;22;16;21;15;21;15;20;15;19;15;18;15;17;14;17;14;16;14;16;13;17;13;17;12;17;4;6;1;1;-1;-1;-1;-2;-1;-1;0;2;1;9;3;27;2;27;2;28;1;28;0;29;0;30;-1;31;-2;32;-2;32;-2;32;-2;33;-2;33;-2;34;-2;35;-2;36;-2;36;-1;36;0;36;1;37;3;38;4;39;5;41;5;42;6;42;7;43;8;43;9;44;10;45,stable,EXP_S142,ZONE_02,entree_zone,4.1,entree_zone,entree dans la zone
586852230,-52,6,a0:9f:7a:73:2b:3e,384,-110;-96;8;0;23;-6;26;-7;28;-8;28;-9;27;-10;26;-10;23;-11;20;-11;16;-11;12;-11;8;-11;5;-11;1;-10;-2;-10;-5;-10;-8;-9;-11;-9;-13;-8;-14;-8;-15;-7;-16;-7;-16;-6;-16;-5;-15;-5;-14;-4;-4;-1;0;0;0;0;0;0;0;0;0;0;0;0;0;0;0;0;0;0;-7;-3;-25;-13;-26;-17;-25;-20;-23;-23;-20;-24;-16;-23;-12;-21;-8;-17;-5;-11;-2;-4;-1;3;-1;10;-2;17;-4;24;-7;28;-10;32;-12;33;-13;34;-14;33;-13;31;-12;27;-10;23;-7;18;-2;13;3;8;8;5;122;0;-5;-12;-4;-12;-4;-11;-4;-11;-4;-10;-5;-9;-4;-8;-4;-7;-4;-6;-4;-6;-4;-5;-4;-5;-4;-5;-5;-4;-5;-4;-4;-4;-4;-3;-4;-3;-4;-4;-4;-4;-4;-3;-5;-3;-5;-3;-4;-2;-4;-2;-4;-3;-4;-3;-4;-3;-2;-1;-1;-1;0;0;0;0;0;0;-2;-1;-5;-3;-14;-8;-14;-8;-13;-9;-13;-10;-13;-11;-12;-12;-11;-12;-11;-13;-11;-15;-10;-15;-10;-16;-10;-16;-9;-16;-8;-16;-8;-16;-7;-16;-7;-16;-7;-16;-7;-16;-6;-16;-6;-15;-6;-15;-5;-15;-5;-15;-5;-15;-6;-15;-6;-15;-6;-14;122;0;19;12;18;12;18;11;17;10;17;9;17;8;16;8;16;7;16;6;15;6;15;5;14;5;14;4;14;3;13;3;13;2;13;2;13;2;12;2;12;2;12;1;11;1;11;1;11;1;11;1;11;1;11;1;10;2;3;0;1;0;-1;-1;-1;-1;-1;-1;1;0;3;3;10;9;10;9;10;10;10;10;10;10;10;11;10;11;10;12;10;12;10;13;10;13;10;13;11;13;11;14;11;14;11;14;12;14;12;13;13;13;14;13;15;13;15;13;16;14;16;14;17;13;17;13;18;13;19;13,stable,EXP_S142,ZONE_02,entree_zone,4.1,entree_zone,entree dans la zone
587052292,-52,6,a0:9f:7a:73:2b:3e,384,-110;-96;8;0;23;-6;26;-8;28;-9;28;-9;27;-10;25;-10;22;-10;19;-11;16;-11;12;-11;8;-11;4;-11;1;-10;-3;-10;-6;-10;-8;-9;-11;-9;-13;-8;-15;-8;-16;-7;-16;-6;-16;-6;-16;-5;-15;-4;-14;-4;-4;-1;0;0;0;0;0;0;0;0;0;0;0;0;0;0;0;0;0;0;-7;-4;-25;-14;-25;-17;-24;-21;-22;-23;-19;-24;-15;-24;-11;-21;-7;-17;-4;-11;-2;-4;-1;3;-1;11;-3;18;-5;23;-7;28;-10;31;-12;33;-14;33;-14;32;-14;30;-13;27;-10;23;-7;18;-2;13;3;8;8;4;122;0;-7;-11;-6;-11;-6;-11;-6;-10;-6;-9;-6;-8;-6;-7;-5;-6;-5;-6;-5;-5;-5;-5;-5;-5;-5;-4;-5;-4;-5;-3;-5;-3;-5;-2;-4;-2;-4;-2;-5;-2;-5;-2;-5;-2;-5;-2;-4;-2;-4;-2;-4;-2;-4;-2;-4;-2;-2;-1;-1;-1;0;0;0;0;0;0;-2;-1;-5;-3;-14;-7;-14;-7;-14;-8;-14;-9;-13;-10;-13;-10;-13;-11;-12;-12;-12;-13;-12;-13;-12;-14;-12;-14;-11;-14;-10;-14;-9;-14;-9;-15;-9;-15;-9;-15;-9;-15;-9;-14;-8;-14;-8;-14;-8;-14;-8;-14;-8;-14;-8;-14;-8;-13;-8;-13;122;0;21;8;20;8;20;7;19;6;18;5;18;4;18;4;17;3;16;3;16;2;15;2;14;1;14;0;14;0;14;-1;14;-1;13;-1;13;-1;13;-1;12;-2;12;-2;11;-2;11;-2;11;-2;11;-2;11;-2;11;-2;11;-1;3;-1;1;-1;-1;0;-1;-1;-1;-1;1;0;3;2;10;8;10;8;10;8;10;9;11;9;11;9;11;10;12;10;12;11;12;11;12;11;12;11;13;11;13;12;13;12;13;12;14;11;14;11;15;10;16;10;17;10;17;10;18;10;18;10;19;10;19;9;20;9;20;9,stable,EXP_S142,ZONE_02,entree_zone,4.1,entree_zone,entree dans la zone
587252185,-52,6,a0:9f:7a:73:2b:3e,384,-110;-96;8;0;7;19;9;22;10;23;11;24;12;23;12;21;12;19;12;17;11;14;11;10;10;7;9;4;8;1;7;-3;6;-6;5;-9;4;-11;3;-13;2;-15;2;-16;1;-16;1;-16;1;-16;1;-14;0;-13;0;-4;0;0;0;0;0;0;0;0;0;0;0;0;0;0;0;0;0;0;3;-6;13;-21;16;-21;19;-21;21;-19;22;-16;21;-13;18;-10;14;-6;9;-4;3;-2;-3;-1;-10;-1;-16;-2;-22;-4;-26;-6;-29;-8;-31;-9;-32;-11;-31;-11;-29;-11;-26;-10;-22;-8;-18;-5;-13;-2;-8;2;-5;6;122;0;18;-14;18;-13;17;-13;16;-13;14;-13;13;-13;11;-12;9;-12;8;-11;7;-10;7;-11;6;-11;6;-11;5;-11;4;-11;3;-11;3;-10;3;-10;3;-10;3;-11;2;-11;2;-11;1;-10;1;-10;1;-9;2;-9;3;-9;3;-10;1;-4;0;-2;-1;0;-1;1;-1;0;1;-3;4;-9;11;-25;13;-25;14;-25;15;-24;17;-23;18;-23;19;-22;21;-21;22;-21;23;-21;24;-21;24;-20;24;-19;24;-18;24;-16;25;-16;25;-15;25;-15;25;-16;24;-16;23;-15;23;-15;23;-14;24;-14;24;-15;23;-15;22;-16;21;-16;122;0;-17;37;-16;36;-15;35;-14;34;-12;33;-10;32;-9;31;-8;31;-7;30;-5;29;-4;28;-3;27;-2;26;-2;26;-1;25;0;24;0;24;0;23;0;22;1;22;1;21;2;20;3;20;3;19;3;19;2;19;1;19;1;20;0;7;-1;2;-1;-1;0;-2;0;-1;-2;2;-6;6;-17;18;-17;18;-17;18;-18;18;-18;19;-19;19;-20;20;-21;20;-21;20;-22;20;-22;21;-22;22;-22;23;-23;23;-23;24;-23;23;-22;24;-21;24;-21;26;-20;27;-21;29;-21;31;-21;32;-21;33;-20;34;-19;35;-18;36;-17;37,stable,EXP_S142,ZONE_02,entree_zone,4.1,entree_zone,entree dans la zone
587454515,-52,6,a0:9f:7a:73:2b:3e,384,-110;-96;8;0;18;8;22;7;25;7;27;6;27;5;27;4;25;2;24;1;22;0;19;-2;16;-3;13;-4;9;-6;6;-7;3;-9;-1;-10;-4;-11;-6;-13;-9;-14;-10;-14;-11;-15;-12;-16;-11;-16;-11;-15;-10;-14;-3;-4;0;0;0;0;0;0;0;0;0;0;0;0;0;0;0;0;0;0;-5;-6;-16;-22;-15;-26;-14;-29;-11;-31;-7;-31;-4;-29;-2;-26;0;-21;1;-14;0;-7;-2;0;-6;6;-10;12;-15;16;-19;19;-23;22;-26;22;-28;22;-29;22;-28;21;-25;19;-22;17;-17;14;-12;12;-5;11;0;10;121;0;-2;-23;-2;-22;-2;-22;-3;-21;-4;-20;-5;-19;-6;-17;-7;-15;-7;-13;-6;-12;-7;-11;-7;-11;-8;-11;-9;-11;-10;-10;-10;-9;-9;-9;-9;-9;-9;-9;-9;-10;-9;-10;-10;-9;-10;-9;-9;-8;-9;-8;-8;-9;-7;-9;-6;-10;-2;-4;-1;-2;0;0;1;1;0;0;-3;-3;-8;-9;-20;-24;-19;-25;-18;-27;-17;-29;-15;-30;-14;-30;-12;-31;-10;-32;-8;-34;-7;-35;-7;-36;-6;-35;-5;-34;-4;-34;-2;-33;-1;-33;0;-33;0;-33;-1;-33;-2;-31;-2;-30;-1;-29;0;-29;0;-29;0;-29;-1;-29;-2;-29;-3;-28;121;0;20;41;19;40;19;38;19;36;19;34;20;32;21;30;21;29;21;27;20;26;20;25;20;23;20;22;21;20;21;20;21;19;21;18;21;18;20;17;20;17;19;16;19;15;19;14;19;14;19;14;18;15;18;16;17;16;6;6;1;1;-1;-1;-1;-2;-1;-1;1;2;3;9;8;26;8;26;7;26;7;27;7;28;7;29;6;31;5;32;4;32;4;32;5;33;5;33;6;34;5;35;5;36;5;36;6;36;7;36;8;36;10;37;12;38;13;40;13;40;14;41;15;41;16;41;17;41;18;42,stable,EXP_S142,ZONE_02,entree_zone,4.1,entree_zone,entree dans la zone
587652327,-52,6,a0:9f:7a:73:2b:3e,384,-110;-96;8;0;-14;14;-15;17;-15;20;-15;21;-15;21;-13;21;-12;21;-9;20;-7;18;-5;16;-2;14;0;12;2;9;4;7;7;4;9;2;11;0;12;-2;14;-3;15;-4;15;-5;16;-6;15;-6;14;-6;14;-6;3;-2;0;0;0;0;0;0;0;0;0;0;0;0;0;0;0;0;0;0;5;-2;24;-6;26;-4;29;-1;30;1;29;4;26;7;22;8;17;8;12;6;6;3;1;-1;-4;-7;-8;-13;-10;-18;-11;-23;-12;-27;-11;-30;-11;-32;-10;-32;-9;-31;-8;-29;-8;-25;-8;-20;-8;-14;-9;-8;-9;-4;122;0;19;2;19;2;19;2;18;1;18;0;17;-2;15;-3;13;-4;11;-4;10;-4;10;-4;10;-5;10;-6;9;-7;8;-8;7;-8;6;-7;6;-7;7;-7;7;-7;7;-8;6;-8;6;-9;5;-8;5;-7;5;-7;6;-6;6;-6;2;-3;0;-1;-1;0;-2;0;-1;0;2;-1;9;-2;27;-4;28;-3;29;-2;29;-1;29;0;29;1;29;2;29;4;30;6;31;7;31;7;31;7;30;7;29;8;28;9;27;10;27;10;28;10;28;9;27;8;26;7;25;7;24;7;24;7;25;7;25;6;25;4;25;3;122;0;-42;10;-41;10;-39;11;-37;12;-35;13;-32;14;-30;16;-29;17;-28;17;-26;17;-25;17;-23;18;-22;18;-20;19;-19;19;-19;20;-18;20;-17;20;-16;20;-15;19;-14;19;-13;19;-12;19;-12;20;-12;20;-13;19;-13;19;-13;18;-5;6;-2;1;0;-1;1;0;0;0;-3;-1;-10;-3;-26;-8;-26;-8;-26;-8;-27;-9;-28;-9;-29;-9;-30;-10;-31;-11;-31;-11;-31;-11;-31;-10;-32;-10;-33;-9;-34;-10;-35;-10;-35;-9;-34;-8;-34;-7;-35;-5;-37;-3;-38;-1;-40;0;-41;1;-41;2;-41;3;-41;5;-41;6;-42;7,stable,EXP_S142,ZONE_02,entree_zone,4.1,entree_zone,entree dans la zone
587854174,-51,6,a0:9f:7a:73:2b:3e,384,-110;-96;8;0;12;-18;12;-22;13;-24;13;-25;12;-26;11;-25;10;-25;8;-23;6;-21;4;-20;1;-18;-1;-16;-3;-13;-5;-11;-7;-9;-10;-7;-12;-5;-15;-4;-16;-3;-18;-3;-19;-2;-19;-1;-19;-2;-18;-2;-18;-2;-5;-1;0;0;0;0;0;0;0;0;0;0;0;0;0;0;0;0;0;0;-2;6;-10;25;-13;26;-17;26;-21;25;-23;22;-23;18;-22;14;-19;10;-14;7;-7;5;-1;4;6;5;13;7;18;10;22;14;25;17;26;20;26;23;25;24;24;24;22;22;19;19;17;15;15;10;14;4;13;-1;124;0;-22;-4;-21;-4;-20;-3;-18;-2;-17;-1;-16;0;-15;0;-14;1;-12;2;-12;2;-11;3;-10;3;-10;4;-10;4;-9;5;-9;6;-9;6;-9;6;-8;6;-8;6;-8;6;-8;6;-8;6;-8;6;-8;6;-8;5;-8;5;-8;5;-3;1;-1;0;0;-1;1;-1;0;-1;-3;0;-10;2;-27;6;-28;5;-29;3;-29;1;-30;0;-30;-2;-30;-3;-31;-4;-31;-4;-31;-6;-31;-7;-31;-7;-30;-8;-30;-9;-29;-10;-29;-10;-28;-10;-27;-10;-27;-10;-26;-9;-26;-9;-26;-9;-26;-8;-26;-8;-25;-8;-25;-7;-25;-6;-24;-5;124;0;46;-10;45;-10;43;-11;42;-12;40;-13;38;-14;36;-15;34;-16;32;-16;30;-17;28;-18;27;-18;26;-19;25;-20;24;-20;24;-21;23;-21;22;-21;21;-21;20;-21;19;-21;19;-20;18;-20;18;-20;18;-20;18;-20;18;-19;19;-18;7;-7;2;-2;-1;0;-2;-1;-1;-1;3;0;10;1;30;4;30;5;30;6;31;7;32;8;32;8;33;8;34;9;35;9;36;9;36;10;37;10;37;10;37;10;38;9;38;9;39;8;39;7;40;5;41;4;42;3;43;1;44;-1;45;-2;46;-3;46;-4;47;-5;48;-6,stable,EXP_S142,ZONE_02,entree_zone,4.1,entree_zone,entree dans la zone
588056763,-51,6,a0:9f:7a:73:2b:3e,384,-110;-96;8;0;4;-21;3;-24;2;-27;2;-28;1;-28;1;-27;0;-26;-1;-24;-3;-22;-4;-20;-6;-17;-7;-15;-8;-12;-9;-9;-10;-7;-12;-4;-13;-2;-15;0;-16;2;-18;3;-18;3;-19;4;-19;4;-19;3;-18;3;-5;0;0;0;0;0;0;0;0;0;0;0;0;0;0;0;0;0;0;0;1;6;6;25;4;28;1;30;-3;31;-6;30;-9;27;-10;23;-10;18;-7;13;-3;8;2;4;8;1;15;0;21;0;26;1;29;3;32;5;33;7;33;8;31;9;29;9;26;8;22;5;18;1;14;-3;12;-7;-117;0;-10;1;-10;1;-9;1;-8;1;-8;2;-7;2;-6;2;-5;2;-5;3;-4;3;-4;3;-4;3;-4;3;-3;4;-3;4;-3;4;-3;4;-3;4;-3;4;-3;4;-3;4;-2;4;-2;4;-2;4;-2;4;-2;4;-3;3;-3;3;-1;1;-1;0;0;-1;0;-1;0;-1;-2;0;-4;2;-12;7;-12;7;-13;6;-13;5;-14;5;-14;4;-14;4;-15;3;-15;3;-15;2;-15;2;-15;2;-15;1;-15;1;-15;1;-15;0;-14;0;-14;0;-14;0;-14;0;-13;0;-13;0;-13;0;-13;0;-13;0;-12;1;-12;1;-12;1;-117;0;20;-13;19;-13;18;-13;17;-13;16;-13;15;-13;14;-13;13;-14;12;-13;11;-13;10;-13;9;-14;9;-14;8;-14;8;-14;7;-14;7;-14;6;-14;6;-14;6;-14;6;-14;5;-13;5;-13;5;-13;5;-13;5;-13;6;-13;6;-12;2;-5;0;-2;-1;0;-1;0;-1;0;1;-1;5;-2;15;-4;15;-3;15;-3;15;-3;16;-2;16;-2;16;-2;17;-2;18;-2;18;-2;18;-2;18;-3;18;-3;19;-3;19;-3;19;-3;19;-3;19;-4;19;-5;19;-6;19;-7;20;-7;20;-8;20;-9;20;-10;20;-11;20;-11;21;-12,stable,EXP_S142,ZONE_02,entree_zone,4.1,entree_zone,entree dans la zone
588252690,-51,6,a0:9f:7a:73:2b:3e,384,-110;-96;8;0;-22;0;-25;1;-26;2;-27;3;-27;4;-26;5;-25;5;-23;6;-21;6;-19;7;-16;7;-14;8;-11;9;-8;9;-5;10;-2;11;1;12;3;13;5;14;6;15;6;16;7;17;6;17;6;17;5;16;1;4;0;0;0;0;0;0;0;0;0;0;0;0;0;0;0;0;0;0;5;-4;22;-14;25;-13;28;-10;30;-7;30;-3;28;0;25;2;20;3;14;2;8;0;3;-4;-1;-9;-4;-15;-5;-20;-6;-26;-5;-30;-4;-33;-2;-34;-1;-34;0;-33;0;-31;0;-27;-1;-23;-3;-19;-7;-14;-9;-11;-126;0;4;7;4;7;4;7;4;6;4;5;4;5;4;4;4;3;4;3;4;2;4;2;4;2;4;1;4;1;4;0;4;0;4;0;4;0;4;0;4;0;4;0;4;0;4;0;4;0;4;0;4;0;4;0;4;0;1;0;0;0;-1;-1;-1;-1;-1;-1;1;0;3;2;10;7;10;8;10;8;9;9;9;9;9;10;8;10;8;11;8;11;7;12;7;12;7;12;6;12;6;12;5;12;5;12;5;12;5;12;5;12;5;11;5;11;5;11;5;11;5;11;5;10;5;10;5;10;5;9;-126;0;-19;-15;-19;-15;-19;-14;-18;-13;-18;-12;-18;-11;-18;-10;-17;-9;-17;-8;-17;-7;-17;-6;-16;-5;-16;-5;-16;-4;-16;-4;-16;-3;-16;-3;-16;-3;-15;-3;-15;-3;-15;-2;-14;-2;-14;-2;-14;-1;-14;-2;-14;-2;-14;-2;-14;-3;-5;-1;-2;-1;0;0;0;0;0;0;-1;-2;-4;-5;-9;-14;-8;-14;-8;-14;-8;-14;-8;-15;-8;-15;-8;-16;-8;-16;-8;-17;-9;-17;-9;-17;-9;-17;-9;-17;-9;-18;-9;-18;-10;-17;-10;-17;-11;-17;-11;-17;-12;-17;-13;-17;-14;-17;-15;-17;-15;-17;-16;-17;-17;-16;-18;-16;-18;-16,stable,EXP_S142,ZONE_02,entree_zone,4.1,entree_zone,entree dans la zone
588452543,-52,6,a0:9f:7a:73:2b:3e,384,-110;-96;8;0;13;-18;14;-22;15;-24;14;-26;14;-26;13;-26;11;-25;10;-24;8;-22;6;-21;3;-19;1;-17;-2;-15;-4;-12;-7;-10;-10;-8;-12;-7;-15;-6;-17;-5;-18;-4;-19;-4;-20;-4;-20;-4;-19;-5;-19;-5;-5;-2;0;0;0;0;0;0;0;0;0;0;0;0;0;0;0;0;0;0;-2;6;-9;26;-13;27;-17;27;-21;26;-23;23;-24;19;-23;15;-19;10;-14;7;-8;4;-1;4;6;5;13;7;18;11;22;14;25;18;26;21;27;23;26;25;25;25;22;23;20;20;17;16;15;11;14;5;14;0;-127;0;-20;-2;-20;-2;-20;-2;-19;-2;-19;0;-17;2;-16;3;-13;4;-12;4;-11;3;-11;4;-11;4;-11;5;-10;6;-9;7;-9;7;-8;7;-8;6;-8;6;-9;6;-9;7;-8;7;-8;8;-7;7;-7;6;-8;5;-8;5;-9;4;-4;1;-2;0;0;-1;1;-1;0;-1;-3;1;-9;4;-25;13;-27;12;-28;11;-29;10;-30;9;-30;7;-30;5;-31;3;-33;1;-34;0;-34;-1;-34;-1;-33;-1;-32;-2;-31;-4;-31;-5;-31;-6;-31;-6;-31;-5;-30;-4;-28;-4;-27;-4;-26;-5;-26;-6;-26;-6;-26;-5;-26;-3;-26;-2;-127;0;48;-15;47;-15;45;-15;43;-16;40;-16;38;-18;37;-19;35;-20;33;-20;32;-20;30;-20;28;-20;27;-21;26;-22;25;-22;24;-23;24;-23;24;-23;23;-22;22;-22;21;-21;20;-21;20;-21;20;-21;20;-20;20;-20;21;-19;21;-18;7;-7;2;-2;-1;0;-2;0;-1;-1;3;-1;11;-1;31;-2;31;-2;31;-1;32;0;33;0;34;1;35;2;36;3;36;3;36;3;37;2;37;2;38;2;39;2;40;3;40;2;40;1;40;0;40;-2;41;-4;43;-5;45;-7;46;-7;46;-8;47;-9;47;-10;48;-12;49;-13,stable,EXP_S142,ZONE_02,entree_zone,4.1,entree_zone,entree dans la zone
588652395,-52,6,a0:9f:7a:73:2b:3e,384,-110;-96;8;0;14;-14;15;-18;16;-20;16;-21;15;-22;14;-22;13;-21;11;-20;9;-19;6;-18;4;-16;2;-14;-1;-12;-3;-11;-6;-9;-9;-7;-11;-6;-13;-5;-15;-4;-17;-4;-18;-3;-18;-3;-18;-3;-18;-3;-17;-3;-5;-1;0;0;0;0;0;0;0;0;0;0;0;0;0;0;0;0;0;0;-4;4;-17;17;-20;17;-24;15;-26;13;-27;10;-27;7;-24;4;-20;1;-14;0;-8;1;-2;2;4;5;9;9;13;13;15;18;17;21;17;24;17;27;16;27;15;27;13;25;12;22;11;17;11;12;11;6;11;2;-124;0;-19;0;-19;0;-19;0;-18;0;-17;1;-16;3;-14;4;-12;5;-10;4;-10;4;-9;4;-10;5;-9;6;-8;7;-7;7;-6;8;-6;7;-6;7;-7;7;-7;7;-6;8;-6;8;-5;8;-4;8;-4;7;-5;7;-6;7;-6;6;-3;2;-1;0;0;-1;1;-1;0;-1;-3;0;-9;2;-25;6;-26;5;-27;4;-28;3;-28;3;-28;2;-28;0;-28;-1;-29;-3;-30;-4;-31;-4;-31;-5;-30;-5;-28;-5;-27;-6;-27;-7;-27;-7;-28;-7;-27;-6;-27;-5;-26;-4;-25;-4;-24;-4;-24;-4;-25;-4;-25;-3;-25;-2;-24;-1;-124;0;41;-17;40;-17;38;-17;36;-18;34;-19;32;-20;30;-21;28;-21;26;-22;25;-23;23;-23;21;-23;19;-23;18;-24;17;-24;17;-24;16;-25;16;-25;15;-24;14;-24;14;-23;12;-23;11;-23;11;-23;11;-23;11;-22;12;-22;12;-21;4;-8;1;-3;-1;0;-2;-1;-1;-1;3;0;9;1;27;4;26;5;26;5;26;5;28;5;29;6;30;6;31;7;31;7;31;7;32;6;33;5;34;5;35;4;35;4;35;4;34;3;34;2;35;0;36;-3;37;-4;39;-6;40;-7;41;-8;41;-10;41;-12;41;-13;41;-15,stable,EXP_S142,ZONE_02,entree_zone,4.1,entree_zone,entree dans la zone
588852396,-52,6,a0:9f:7a:73:2b:3e,384,-110;-96;8;0;21;-7;24;-9;26;-11;27;-12;26;-13;25;-14;23;-14;21;-14;18;-14;15;-14;12;-13;8;-13;4;-12;1;-12;-2;-12;-6;-11;-9;-11;-12;-11;-14;-11;-16;-11;-17;-11;-17;-11;-17;-11;-16;-11;-16;-11;-4;-3;0;0;0;0;0;0;0;0;0;0;0;0;0;0;0;0;0;0;-7;1;-27;4;-30;2;-33;-2;-33;-6;-32;-9;-29;-12;-25;-12;-19;-11;-13;-9;-7;-5;-3;1;1;8;3;15;4;21;4;27;2;31;1;34;-1;36;-2;36;-2;35;-2;32;-1;27;0;23;2;17;6;12;9;7;-128;0;-9;-7;-9;-7;-9;-7;-9;-7;-9;-6;-9;-5;-8;-4;-7;-3;-6;-2;-6;-2;-6;-2;-6;-2;-7;-1;-7;0;-7;0;-6;1;-6;0;-6;0;-6;0;-6;0;-6;0;-6;1;-6;1;-5;1;-5;1;-5;0;-5;0;-5;-1;-2;-1;-1;-1;0;-1;0;0;0;0;-2;-1;-6;-1;-15;-3;-16;-3;-16;-4;-16;-5;-16;-5;-15;-6;-15;-7;-14;-8;-14;-10;-15;-10;-15;-11;-15;-11;-14;-11;-13;-11;-13;-11;-12;-11;-12;-12;-12;-12;-12;-11;-12;-11;-11;-10;-11;-10;-10;-10;-10;-11;-11;-11;-11;-10;-12;-10;-12;-9;-128;0;24;5;23;5;22;4;21;4;21;3;20;2;20;1;19;0;19;0;18;-1;17;-1;17;-2;16;-3;16;-4;16;-4;15;-4;15;-4;15;-4;15;-4;14;-4;14;-4;13;-4;13;-5;13;-5;13;-5;13;-4;13;-4;13;-3;4;-1;1;-1;-1;0;-1;-1;-1;-1;1;0;4;2;12;8;12;8;12;8;12;8;12;9;13;9;13;10;13;11;13;11;13;11;13;11;14;11;15;11;15;11;15;11;15;11;15;11;16;10;16;9;18;9;19;9;20;9;20;9;21;8;21;8;22;7;22;6;23;6,stable,EXP_S142,ZONE_02,entree_zone,4.1,entree_zone,entree dans la zone
589052315,-52,6,a0:9f:7a:73:2b:3e,384,-110;-96;8;0;-20;-7;-23;-7;-25;-7;-26;-6;-26;-5;-25;-4;-24;-2;-22;-1;-20;0;-18;2;-15;3;-13;5;-10;6;-7;8;-4;9;-1;10;1;11;3;12;5;13;6;14;7;15;7;15;7;15;7;14;7;14;1;3;0;0;0;0;0;0;0;0;0;0;0;0;0;0;0;0;0;0;5;2;21;12;21;15;20;19;18;21;16;23;12;23;9;21;5;17;3;12;1;6;1;-1;2;-7;5;-13;8;-18;12;-22;15;-24;17;-26;19;-26;20;-25;19;-23;18;-21;15;-19;11;-16;6;-14;1;-12;-3;-11;-128;0;0;19;0;19;0;18;0;17;2;16;3;14;3;13;4;11;4;10;4;9;4;8;5;8;6;7;6;7;6;6;6;6;6;5;6;5;6;5;6;5;7;5;7;5;7;4;7;4;7;4;7;4;6;5;6;5;2;2;0;0;-1;-1;-1;-2;-1;-1;1;2;4;8;11;24;10;25;8;26;7;26;6;27;5;27;3;28;2;28;1;29;-1;30;-1;30;-2;30;-2;30;-3;29;-4;28;-4;28;-5;28;-5;27;-4;27;-4;26;-4;25;-4;24;-4;24;-3;24;-3;24;-2;24;-1;24;-1;23;-128;0;-20;-39;-20;-38;-21;-36;-21;-34;-21;-32;-21;-31;-22;-29;-22;-27;-23;-25;-23;-24;-24;-22;-24;-20;-24;-19;-25;-18;-25;-17;-25;-16;-24;-16;-24;-15;-24;-15;-23;-14;-23;-14;-23;-12;-23;-12;-23;-11;-23;-11;-23;-11;-22;-12;-22;-12;-8;-5;-3;-2;0;0;0;1;-1;0;-1;-3;-1;-10;-1;-28;0;-28;0;-27;1;-28;1;-28;2;-29;2;-30;2;-31;2;-32;2;-32;2;-32;1;-33;0;-34;-1;-34;-1;-35;-1;-35;-2;-35;-3;-35;-4;-35;-6;-36;-8;-37;-9;-38;-10;-38;-12;-39;-14;-39;-16;-39;-18;-39;-19;-40,stable,EXP_S142,ZONE_02,entree_zone,4.1,entree_zone,entree dans la zone
589252670,-52,6,a0:9f:7a:73:2b:3e,384,-110;-96;8;0;12;-20;12;-23;13;-26;12;-27;11;-28;10;-27;8;-26;6;-24;3;-22;1;-20;-2;-18;-4;-15;-6;-12;-8;-9;-10;-6;-12;-3;-14;-1;-16;1;-17;3;-18;4;-19;5;-19;6;-19;7;-18;6;-18;6;-5;1;0;0;0;0;0;0;0;0;0;0;0;0;0;0;0;0;0;0;-6;4;-23;16;-27;15;-30;13;-32;10;-32;6;-31;2;-27;0;-21;-2;-15;-3;-8;-2;0;1;6;5;12;10;16;15;19;20;20;25;20;28;20;30;19;30;17;29;16;27;14;22;12;17;11;11;11;4;11;-1;124;0;-23;-7;-22;-7;-21;-6;-20;-5;-19;-4;-17;-3;-16;-1;-15;0;-13;0;-12;1;-12;2;-11;2;-11;3;-11;4;-10;5;-10;5;-9;5;-9;5;-9;5;-9;5;-9;5;-9;6;-8;6;-8;6;-8;6;-9;5;-9;5;-9;5;-4;2;-2;0;0;-1;1;-1;1;0;-4;0;-11;2;-31;5;-32;4;-32;2;-33;0;-34;-2;-34;-3;-34;-5;-34;-6;-34;-8;-35;-9;-35;-10;-34;-11;-33;-12;-32;-12;-31;-13;-31;-14;-30;-14;-30;-14;-30;-14;-29;-13;-29;-12;-28;-12;-28;-12;-27;-12;-27;-12;-27;-11;-27;-10;-26;-9;124;0;46;-9;46;-10;44;-10;42;-11;40;-12;38;-14;36;-15;35;-16;33;-17;31;-17;30;-17;28;-18;27;-19;26;-20;25;-20;24;-21;24;-21;23;-22;22;-21;21;-21;20;-21;19;-21;19;-21;19;-21;19;-20;19;-20;20;-19;20;-18;7;-7;2;-2;-1;0;-2;-1;-1;-1;3;0;10;2;28;6;28;6;28;7;29;8;29;8;30;9;31;10;32;10;33;10;33;10;34;10;34;10;34;10;35;10;36;10;36;9;36;8;37;7;38;5;39;4;41;2;43;1;44;-1;44;-2;45;-3;46;-4;47;-6;48;-6,stable,EXP_S142,ZONE_02,entree_zone,4.1,entree_zone,entree dans la zone
589456589,-52,6,a0:9f:7a:73:2b:3e,384,-110;-96;8;0;20;3;23;3;25;2;25;1;25;1;24;0;23;-2;21;-3;19;-4;16;-5;14;-6;11;-7;8;-8;6;-9;3;-11;0;-12;-2;-13;-4;-14;-6;-15;-7;-16;-8;-16;-8;-16;-9;-16;-8;-15;-8;-15;-2;-4;0;0;0;0;0;0;0;0;0;0;0;0;0;0;0;0;0;0;-6;-1;-25;-4;-26;-7;-27;-11;-26;-14;-24;-16;-21;-17;-17;-17;-12;-15;-8;-10;-5;-5;-3;1;-2;7;-2;14;-4;19;-6;23;-9;26;-12;28;-13;29;-14;28;-14;27;-13;24;-11;21;-8;18;-4;14;1;11;5;9;-121;0;-4;-20;-4;-19;-4;-18;-4;-17;-4;-15;-5;-14;-5;-12;-6;-11;-6;-10;-6;-9;-6;-8;-7;-8;-8;-7;-8;-7;-8;-6;-8;-5;-8;-5;-8;-5;-8;-5;-8;-5;-9;-5;-9;-4;-9;-4;-8;-4;-8;-4;-8;-4;-8;-5;-7;-5;-3;-2;-1;-1;0;0;1;1;0;0;-3;-2;-7;-7;-18;-20;-17;-21;-16;-23;-15;-24;-14;-25;-13;-26;-12;-27;-11;-27;-10;-28;-9;-29;-8;-30;-8;-29;-7;-29;-6;-29;-4;-28;-3;-28;-3;-28;-2;-28;-3;-27;-3;-26;-3;-26;-3;-25;-3;-25;-3;-25;-3;-24;-3;-24;-4;-23;-5;-23;-121;0;26;33;26;32;26;31;26;29;26;27;26;25;26;23;26;21;26;20;25;19;25;18;25;16;25;15;26;13;26;12;26;11;26;10;25;10;25;10;25;9;24;8;24;8;23;8;23;8;23;8;23;8;23;9;22;10;8;3;2;1;-1;-1;-1;-2;-1;-1;1;2;3;8;8;25;8;25;7;26;7;27;7;27;7;28;7;29;7;30;7;30;7;31;7;31;7;31;7;32;8;33;8;33;8;33;9;33;11;33;12;33;14;33;15;34;17;34;18;34;19;34;21;34;22;34;23;34;24;35,stable,EXP_S142,ZONE_02,entree_zone,4.1,entree_zone,entree dans la zone
589661145,-52,6,a0:9f:7a:73:2b:3e,384,-110;-96;8;0;-9;-21;-11;-24;-13;-25;-14;-25;-15;-24;-15;-23;-15;-21;-15;-19;-15;-16;-15;-13;-14;-10;-13;-6;-12;-3;-12;0;-11;4;-10;7;-9;9;-8;12;-8;14;-7;16;-7;17;-7;17;-7;17;-7;17;-6;16;-2;4;0;0;0;0;0;0;0;0;0;0;0;0;0;0;0;0;0;0;0;6;2;27;0;29;-4;30;-8;31;-10;29;-12;26;-13;21;-12;16;-9;10;-4;5;2;1;8;-3;15;-4;21;-5;26;-4;30;-4;33;-2;34;-1;34;0;32;1;29;1;25;0;20;-2;15;-4;9;-7;5;-10;125;0;-7;8;-6;8;-6;7;-5;7;-5;7;-4;7;-3;6;-2;6;-1;5;-1;5;-1;5;-1;5;0;5;0;5;1;4;1;4;1;4;1;4;1;4;1;4;2;4;2;4;2;4;2;4;2;3;1;4;1;4;1;4;0;1;0;0;-1;-1;0;-1;0;-1;-1;1;-1;5;-3;14;-4;14;-5;14;-6;14;-6;14;-7;14;-8;14;-9;13;-9;13;-10;13;-10;13;-11;13;-11;12;-11;12;-11;11;-11;11;-11;11;-11;11;-11;11;-10;11;-10;10;-9;10;-9;9;-9;9;-9;9;-9;10;-8;10;-8;10;125;0;1;-24;1;-23;1;-22;0;-22;-1;-21;-2;-20;-3;-19;-3;-19;-4;-18;-4;-17;-5;-17;-5;-16;-6;-16;-7;-15;-7;-15;-8;-14;-8;-14;-8;-14;-8;-13;-8;-13;-8;-12;-8;-12;-8;-12;-8;-12;-8;-12;-8;-12;-7;-12;-7;-12;-3;-5;-1;-2;0;0;-1;0;-1;0;0;-2;2;-5;7;-13;8;-12;8;-13;8;-13;8;-13;9;-13;9;-14;10;-14;10;-14;10;-15;9;-15;9;-15;10;-15;10;-16;10;-16;10;-16;9;-16;8;-17;8;-17;7;-18;7;-19;6;-20;6;-21;5;-21;5;-22;4;-22;3;-23;3;-23,stable,EXP_S142,ZONE_02,entree_zone,4.1,entree_zone,entree dans la zone
589852203,-52,6,a0:9f:7a:73:2b:3e,384,-110;-96;8;0;-10;-21;-12;-24;-14;-25;-15;-25;-16;-24;-16;-23;-16;-21;-16;-19;-16;-16;-16;-13;-15;-10;-14;-6;-13;-3;-12;0;-11;3;-10;6;-9;9;-9;12;-9;14;-8;16;-8;17;-8;17;-8;17;-7;17;-7;16;-2;4;0;0;0;0;0;0;0;0;0;0;0;0;0;0;0;0;0;0;2;6;9;26;6;29;3;31;-1;32;-4;31;-7;28;-9;24;-8;18;-7;12;-3;6;2;1;8;-4;14;-7;21;-8;26;-8;30;-8;33;-7;35;-5;35;-4;33;-3;30;-2;26;-3;21;-4;15;-6;9;-9;5;-12;123;0;-8;7;-8;7;-7;6;-7;6;-6;6;-5;6;-4;6;-3;5;-3;5;-2;5;-2;5;-1;5;-1;5;0;5;0;5;0;5;0;4;0;4;0;4;0;5;1;4;1;4;1;4;1;4;1;4;1;4;0;4;0;4;0;1;0;0;-1;-1;0;-1;0;-1;-1;1;-2;4;-6;13;-7;13;-8;13;-9;13;-10;12;-10;12;-11;12;-11;11;-12;11;-13;11;-13;11;-13;10;-13;10;-13;9;-13;9;-13;8;-13;8;-13;8;-13;8;-12;8;-12;8;-12;8;-11;7;-11;7;-11;8;-11;8;-10;8;-10;8;123;0;7;-23;6;-23;5;-22;4;-22;3;-21;2;-21;2;-20;1;-19;0;-19;-1;-18;-2;-18;-2;-17;-3;-17;-3;-17;-4;-16;-4;-16;-5;-16;-5;-15;-5;-15;-5;-15;-5;-14;-5;-14;-6;-14;-6;-13;-6;-13;-6;-13;-5;-14;-5;-14;-2;-5;-1;-2;0;0;-1;0;-1;0;1;-2;3;-4;10;-11;10;-11;11;-11;11;-11;11;-11;12;-11;12;-11;13;-12;13;-12;13;-12;13;-12;13;-13;13;-13;13;-14;13;-14;13;-14;13;-15;12;-15;12;-16;11;-17;11;-18;11;-19;11;-20;10;-20;10;-21;9;-22;8;-22;8;-23,stable,EXP_S142,ZONE_02,entree_zone,4.1,entree_zone,entree dans la zone
590054178,-52,6,a0:9f:7a:73:2b:3e,384,-110;-96;8;0;4;21;6;23;7;25;8;26;9;25;10;24;10;22;10;20;11;17;11;14;11;11;11;8;11;6;10;3;10;-1;10;-3;11;-6;11;-9;11;-11;12;-12;12;-14;12;-14;12;-14;12;-14;11;-13;2;-3;0;0;0;0;0;0;0;0;0;0;0;0;0;0;0;0;0;0;-3;-6;-10;-25;-8;-28;-5;-31;-1;-32;2;-31;5;-28;7;-24;7;-19;5;-13;1;-7;-3;-2;-9;2;-15;4;-21;5;-26;5;-30;4;-33;3;-34;1;-35;0;-33;-1;-30;-1;-26;-1;-21;1;-16;4;-11;7;-8;9;124;0;7;-6;7;-6;7;-6;6;-6;5;-6;4;-6;3;-6;3;-6;2;-5;2;-5;2;-5;1;-5;1;-6;0;-6;0;-6;0;-5;-1;-5;-1;-5;-1;-5;0;-6;-1;-6;-1;-6;-1;-5;-1;-5;-1;-5;0;-5;0;-5;0;-5;0;-2;0;-1;-1;0;-1;0;-1;0;0;-2;2;-5;6;-13;7;-13;7;-12;8;-12;9;-12;9;-11;10;-11;11;-10;11;-10;12;-10;12;-10;12;-10;12;-9;12;-8;12;-8;12;-7;12;-7;12;-7;12;-7;11;-7;11;-7;11;-7;10;-6;10;-6;10;-7;10;-7;10;-7;9;-7;124;0;-11;20;-11;19;-10;19;-9;19;-8;18;-7;18;-6;18;-5;17;-5;17;-4;16;-3;16;-3;16;-2;15;-1;15;-1;15;-1;15;0;14;0;14;0;14;0;14;1;13;1;13;1;13;1;13;1;13;1;13;0;13;0;13;0;4;-1;1;-1;-1;0;-1;0;-1;-2;1;-4;3;-11;9;-12;9;-12;9;-12;9;-13;9;-13;9;-14;9;-14;9;-14;9;-15;9;-15;9;-15;10;-15;10;-15;10;-15;11;-15;11;-15;11;-14;12;-14;13;-14;13;-14;15;-14;15;-14;16;-14;17;-13;18;-13;18;-13;19;-12;19,stable,EXP_S142,ZONE_02,entree_zone,4.1,entree_zone,entree dans la zone
590254954,-52,6,a0:9f:7a:73:2b:3e,384,-110;-96;8;0;-22;4;-25;7;-26;8;-27;9;-26;10;-26;11;-24;12;-22;12;-20;11;-17;11;-14;11;-11;11;-8;11;-4;11;-1;11;3;11;6;11;8;11;11;11;12;12;13;12;14;13;14;13;13;13;12;13;3;3;0;0;0;0;0;0;0;0;0;0;0;0;0;0;0;0;0;0;5;-3;24;-12;27;-10;31;-7;32;-3;31;0;29;3;25;5;19;6;13;4;7;1;2;-3;-2;-9;-5;-15;-7;-21;-7;-27;-7;-31;-5;-34;-4;-36;-3;-36;-2;-34;-2;-32;-2;-28;-3;-23;-5;-18;-8;-13;-10;-9;-122;0;8;5;7;5;7;5;7;4;7;4;7;2;6;1;6;0;5;0;5;0;5;0;5;0;5;-1;5;-2;5;-2;5;-3;4;-2;4;-2;4;-2;5;-2;5;-2;5;-3;5;-3;4;-3;4;-2;4;-2;4;-1;4;-1;1;-1;0;-1;-1;0;-1;-1;-1;-1;1;-1;5;0;14;1;14;1;14;2;14;3;14;3;14;4;13;5;13;6;14;7;14;7;14;8;14;8;13;8;12;8;11;9;11;9;10;9;11;9;11;9;11;8;11;7;10;7;9;7;9;8;9;8;10;7;10;7;10;6;-122;0;-24;-5;-24;-5;-23;-4;-23;-3;-22;-2;-21;-1;-20;0;-20;0;-19;1;-19;1;-18;1;-17;2;-17;3;-16;3;-16;4;-16;4;-16;4;-15;4;-15;4;-14;4;-14;4;-14;5;-13;5;-13;5;-13;4;-14;4;-14;3;-14;3;-5;1;-2;0;0;-1;0;0;0;0;-2;-1;-5;-3;-14;-8;-14;-8;-14;-8;-14;-8;-14;-9;-15;-9;-15;-10;-16;-10;-16;-11;-16;-11;-16;-10;-16;-11;-17;-11;-17;-11;-17;-11;-17;-11;-17;-11;-17;-10;-18;-9;-19;-8;-20;-8;-21;-8;-22;-7;-22;-7;-23;-7;-23;-7;-23;-6;-24;-6,stable,EXP_S142,ZONE_02,entree_zone,4.1,entree_zone,entree dans la zone
590452138,-52,6,a0:9f:7a:73:2b:3e,384,-110;-96;8;0;-23;0;-26;2;-27;3;-28;5;-28;6;-28;6;-26;7;-24;7;-22;8;-19;9;-16;9;-13;10;-10;10;-7;10;-3;10;0;11;3;12;6;13;8;13;9;14;10;15;11;15;11;15;11;15;10;15;2;3;0;0;0;0;0;0;0;0;0;0;0;0;0;0;0;0;0;0;6;-3;26;-8;29;-5;31;-2;32;2;31;5;28;8;24;10;18;9;13;7;7;3;2;-2;-1;-9;-3;-16;-3;-22;-3;-27;-1;-32;0;-34;2;-36;4;-36;4;-34;4;-32;3;-28;1;-24;-2;-19;-6;-14;-9;-11;-121;0;5;7;5;7;5;7;5;7;5;6;5;5;5;4;5;3;4;2;4;2;4;1;5;1;5;1;5;0;5;0;5;-1;5;-1;5;-1;5;-1;5;0;5;-1;5;-1;5;-1;5;-1;4;-1;4;-1;4;0;5;0;1;0;0;0;-1;0;-1;-1;-1;-1;1;0;4;2;12;6;12;7;12;8;12;9;11;9;11;10;10;10;10;11;9;12;9;13;9;13;9;13;8;13;8;12;7;12;6;12;6;13;6;12;6;12;6;12;6;11;6;11;6;11;6;11;6;11;6;11;7;10;7;9;-121;0;-21;-14;-21;-13;-20;-13;-20;-12;-20;-10;-19;-9;-19;-8;-19;-7;-18;-6;-18;-6;-18;-5;-17;-4;-17;-3;-17;-3;-17;-2;-17;-2;-16;-2;-16;-2;-16;-1;-16;-1;-15;-1;-15;-1;-15;0;-15;0;-14;0;-14;-1;-14;-1;-14;-1;-5;-1;-2;-1;0;-1;0;0;0;0;-2;-2;-4;-5;-10;-13;-9;-13;-9;-13;-9;-14;-9;-14;-10;-15;-10;-15;-10;-16;-10;-16;-10;-16;-10;-16;-11;-17;-11;-17;-11;-17;-11;-17;-12;-17;-12;-17;-12;-16;-13;-16;-14;-16;-15;-16;-16;-16;-17;-16;-18;-15;-18;-15;-19;-15;-20;-15;-21;-14,stable,EXP_S142,ZONE_02,entree_zone,4.1,entree_zone,entree dans la zone
590653650,-52,6,a0:9f:7a:73:2b:3e,384,-110;-96;8;0;-16;-16;-19;-16;-21;-17;-23;-17;-23;-16;-23;-15;-23;-14;-22;-12;-21;-11;-20;-9;-18;-6;-16;-4;-15;-1;-13;1;-11;4;-9;7;-8;10;-7;12;-6;14;-6;16;-6;17;-6;18;-7;18;-7;17;-7;17;-2;4;0;0;0;0;0;0;0;0;0;0;0;0;0;0;0;0;0;0;5;2;24;9;24;13;24;17;23;21;20;23;16;23;12;22;8;18;5;13;4;7;4;0;5;-6;8;-12;11;-17;15;-21;19;-23;22;-24;24;-24;25;-23;25;-22;23;-20;20;-18;16;-16;11;-15;6;-14;1;-14;124;0;-2;17;-2;17;-2;17;-2;17;0;16;2;15;3;13;4;11;4;9;4;8;4;8;4;9;5;9;7;9;7;8;8;7;7;6;6;6;6;7;6;8;7;8;8;8;8;7;8;6;7;6;6;7;5;7;5;8;1;3;0;1;-1;-1;-1;-2;-1;-1;1;2;3;8;9;25;8;26;7;27;6;28;5;28;3;28;1;28;-1;28;-3;30;-4;31;-4;31;-4;31;-5;30;-5;28;-7;27;-8;27;-8;27;-8;27;-7;27;-6;26;-6;24;-6;23;-7;22;-7;22;-7;23;-6;23;-4;24;-3;24;124;0;-11;-48;-11;-47;-11;-45;-12;-43;-13;-41;-15;-39;-16;-37;-16;-35;-17;-34;-17;-32;-18;-31;-18;-30;-19;-28;-19;-27;-20;-26;-20;-26;-20;-26;-20;-25;-20;-25;-19;-24;-19;-23;-19;-22;-19;-21;-19;-21;-19;-21;-18;-22;-17;-22;-17;-23;-6;-9;-2;-3;0;0;-1;1;-1;0;0;-4;0;-11;2;-30;3;-30;3;-30;4;-31;4;-32;5;-33;6;-34;7;-35;8;-35;8;-35;7;-36;7;-37;6;-38;6;-38;6;-39;6;-38;5;-38;4;-39;3;-39;1;-41;-1;-42;-2;-44;-3;-45;-4;-46;-5;-46;-7;-47;-8;-47;-9;-48,stable,EXP_S142,ZONE_02,entree_zone,4.1,entree_zone,entree dans la zone
