timestamp_us,rssi,channel,mac,csi_len,csi_data,experiment_id,zone_id,scenario,distance_tx_rx_m,ground_truth,comment,marker_state
704052486,-53,6,a0:9f:7a:73:2b:3e,384,-110;-96;8;0;-12;38;-13;35;-12;32;-10;28;-7;25;-2;23;2;22;6;22;9;24;10;26;11;28;10;30;9;31;7;31;5;29;4;27;3;24;3;20;5;17;7;15;10;14;13;14;14;16;15;17;16;19;4;5;0;0;0;0;0;0;0;0;0;0;0;0;0;0;0;0;0;0;-5;5;-20;21;-23;19;-26;16;-28;12;-28;8;-25;5;-21;4;-17;4;-13;7;-11;11;-10;15;-11;20;-14;24;-17;27;-20;28;-24;27;-26;26;-26;24;-25;22;-22;21;-19;21;-15;22;-12;25;-9;28;-8;32;-8;35;-105;0;1;6;1;6;1;6;0;6;-1;5;-2;5;-3;5;-4;5;-5;6;-5;6;-5;5;-5;5;-5;4;-6;3;-7;3;-7;3;-7;4;-7;4;-6;3;-6;2;-6;1;-6;0;-7;0;-7;0;-7;0;-7;0;-6;0;-6;-1;-2;-1;-1;-1;0;-1;0;0;0;0;-1;-2;-1;-4;-2;-11;-2;-12;-1;-12;0;-12;1;-11;2;-11;3;-11;4;-10;5;-10;6;-10;6;-10;6;-9;6;-8;7;-7;7;-6;8;-5;8;-5;8;-4;7;-4;7;-3;6;-1;6;0;6;2;6;2;6;2;5;2;4;3;4;3;-105;0;-7;32;-7;32;-6;31;-6;30;-6;29;-5;29;-5;28;-4;27;-4;26;-3;25;-3;25;-2;25;-2;25;-2;25;-2;24;-2;24;-2;24;-2;24;-3;23;-3;23;-4;23;-4;22;-5;22;-5;21;-6;21;-7;21;-8;20;-9;20;-4;7;-2;2;0;-1;-1;-2;-1;-1;0;1;1;5;3;16;2;17;2;17;1;18;0;19;0;19;-1;20;-2;21;-2;21;-3;22;-3;22;-4;23;-4;24;-5;24;-6;25;-6;25;-6;25;-6;26;-6;27;-6;27;-6;28;-6;29;-7;30;-6;30;-6;31;-6;32;-6;33;-7;34,empty,EXP_S144,ZONE_02,entree_zone,4.1,entree_zone,entree dans la zone
704252459,-53,6,a0:9f:7a:73:2b:3e,384,-110;-96;8;0;-25;-29;-23;-28;-20;-26;-18;-23;-17;-18;-17;-14;-18;-9;-20;-5;-23;-3;-26;-1;-28;-1;-30;-1;-31;-3;-30;-5;-28;-6;-26;-6;-23;-6;-20;-5;-18;-2;-17;1;-16;4;-16;6;-17;8;-19;10;-21;10;-6;2;0;0;0;0;0;0;0;0;0;0;0;0;0;0;0;0;0;0;0;-7;2;-27;6;-28;10;-27;14;-25;15;-21;15;-17;13;-14;9;-12;4;-11;-1;-12;-5;-15;-8;-20;-10;-25;-9;-29;-8;-33;-5;-35;-3;-35;-1;-34;0;-31;-1;-28;-3;-25;-7;-23;-12;-21;-17;-21;-21;-22;-24;-24;-113;0;-7;-2;-7;-2;-7;-2;-7;-3;-6;-4;-5;-4;-5;-5;-4;-6;-4;-6;-4;-6;-4;-6;-3;-6;-3;-6;-2;-6;-2;-7;-1;-7;-1;-7;-1;-7;-1;-7;-1;-7;0;-6;1;-6;1;-6;1;-7;1;-7;1;-6;1;-6;1;-5;0;-2;0;-1;-1;0;-1;-1;-1;-1;0;0;2;2;7;7;7;8;7;9;6;9;5;9;4;10;3;10;2;10;2;11;1;11;1;11;0;11;-1;10;-2;10;-3;9;-4;9;-4;9;-5;8;-5;8;-5;7;-5;6;-6;5;-7;4;-7;4;-7;4;-7;3;-7;2;-6;1;-113;0;-20;-24;-20;-23;-20;-23;-20;-22;-20;-21;-19;-20;-19;-19;-19;-18;-19;-17;-19;-16;-19;-15;-19;-14;-19;-14;-19;-13;-19;-13;-19;-13;-19;-13;-19;-13;-19;-13;-18;-13;-18;-13;-18;-13;-17;-13;-17;-13;-16;-14;-15;-14;-14;-15;-14;-16;-5;-6;-2;-2;0;0;0;0;0;0;-2;-2;-4;-4;-11;-11;-11;-12;-11;-12;-11;-13;-11;-14;-11;-14;-12;-15;-12;-16;-12;-17;-12;-17;-12;-18;-13;-19;-13;-19;-13;-20;-12;-20;-13;-21;-13;-21;-13;-21;-14;-21;-15;-22;-16;-22;-17;-23;-17;-23;-18;-23;-19;-24;-19;-24;-20;-25;-20;-25,empty,EXP_S144,ZONE_02,entree_zone,4.1,entree_zone,entree dans la zone
704453227,-53,6,a0:9f:7a:73:2b:3e,384,-110;-96;8;0;-26;27;-25;24;-23;21;-20;19;-16;18;-11;18;-7;18;-3;20;0;23;1;25;2;27;1;29;-1;30;-2;29;-4;28;-4;25;-4;22;-2;19;0;17;3;16;6;15;8;16;10;17;11;19;11;21;2;5;0;0;0;0;0;0;0;0;0;0;0;0;0;0;0;0;0;0;-7;0;-28;1;-29;-3;-29;-7;-27;-11;-24;-14;-20;-14;-16;-12;-13;-9;-12;-4;-12;1;-14;6;-18;10;-23;12;-27;12;-31;10;-33;8;-34;6;-33;4;-31;3;-28;3;-25;5;-22;8;-20;13;-19;17;-19;22;-20;24;-115;0;-1;7;0;7;0;7;0;6;-1;5;-2;4;-4;3;-5;4;-6;5;-6;5;-5;5;-5;4;-5;3;-6;2;-7;1;-8;2;-8;2;-7;2;-6;2;-6;1;-6;0;-6;-1;-7;-2;-7;-1;-7;-1;-7;-1;-6;-1;-5;-1;-2;-1;-1;-1;0;-1;-1;0;-1;0;0;-2;1;-5;3;-12;3;-12;4;-12;4;-11;5;-11;6;-10;7;-9;8;-8;9;-8;10;-8;10;-8;9;-7;9;-5;9;-4;9;-2;10;-1;10;-1;10;-1;9;-1;8;-1;6;1;6;2;6;4;6;5;6;4;6;4;5;3;4;3;-115;0;-15;25;-14;25;-14;25;-13;25;-12;24;-12;24;-11;23;-10;22;-9;22;-8;21;-8;21;-7;21;-7;22;-7;21;-7;21;-7;21;-7;21;-7;21;-7;21;-8;21;-8;20;-8;20;-9;19;-9;19;-10;18;-10;18;-12;17;-12;17;-5;6;-2;1;0;-1;0;-1;0;-1;-1;1;-2;5;-5;14;-5;14;-5;14;-6;15;-7;15;-8;16;-9;16;-9;17;-10;17;-10;17;-11;17;-11;18;-12;19;-13;19;-13;19;-13;19;-13;19;-13;19;-13;20;-13;21;-14;22;-14;23;-15;23;-15;24;-14;25;-14;25;-14;26;-15;27,empty,EXP_S144,ZONE_02,entree_zone,4.1,entree_zone,entree dans la zone
704655476,-53,6,a0:9f:7a:73:2b:3e,384,-110;-96;8;0;-3;36;-4;34;-4;31;-3;28;0;25;3;22;6;20;10;19;13;19;16;19;17;21;18;23;17;24;16;24;14;24;12;22;11;20;11;17;12;14;13;11;15;9;17;8;19;8;21;10;22;11;5;2;0;0;0;0;0;0;0;0;0;0;0;0;0;0;0;0;0;0;-5;4;-20;19;-23;17;-27;14;-29;10;-28;6;-26;3;-22;1;-18;1;-13;3;-10;7;-8;12;-7;17;-9;22;-13;26;-16;28;-20;28;-22;27;-24;25;-23;23;-21;22;-18;20;-14;20;-9;21;-6;24;-3;27;-1;31;-105;0;2;4;2;4;2;4;1;4;0;4;-1;4;-2;4;-2;4;-3;5;-3;5;-3;4;-4;4;-4;3;-5;3;-6;2;-6;3;-6;3;-6;3;-6;2;-6;2;-6;1;-6;0;-6;0;-6;0;-6;0;-6;0;-6;0;-5;-1;-2;-1;-1;-1;0;-1;0;0;-1;0;-1;-2;-1;-5;0;-12;0;-12;1;-12;2;-12;3;-12;4;-11;5;-11;6;-10;6;-10;7;-10;7;-10;8;-9;8;-8;8;-7;9;-6;9;-5;9;-5;9;-4;8;-4;8;-3;7;-2;7;-1;7;0;7;1;7;1;6;1;6;2;5;2;-105;0;-10;28;-10;28;-9;27;-9;27;-8;26;-7;26;-6;25;-6;24;-5;23;-5;23;-4;23;-3;23;-3;23;-2;23;-2;23;-2;23;-2;23;-2;23;-2;23;-3;22;-3;22;-4;22;-4;21;-5;21;-6;21;-7;20;-8;20;-9;19;-4;7;-2;2;0;-1;0;-1;0;-1;-1;1;-1;5;-3;15;-4;15;-5;16;-5;16;-6;17;-6;17;-7;18;-7;18;-8;19;-8;19;-9;20;-10;20;-11;20;-11;20;-12;21;-12;21;-11;21;-11;22;-11;22;-11;23;-11;24;-11;25;-11;26;-11;26;-11;27;-11;28;-11;28;-11;29,empty,EXP_S144,ZONE_02,entree_zone,4.1,entree_zone,entree dans la zone
704852220,-54,6,a0:9f:7a:73:2b:3e,384,-110;-96;8;0;-1;-39;0;-38;1;-36;0;-32;-2;-28;-4;-25;-8;-22;-12;-20;-15;-19;-18;-20;-20;-21;-21;-22;-22;-23;-21;-23;-19;-23;-17;-22;-16;-20;-15;-17;-15;-14;-16;-11;-18;-9;-19;-7;-21;-7;-23;-7;-24;-8;-6;-2;0;0;0;0;0;0;0;0;0;0;0;0;0;0;0;0;0;0;5;-5;21;-20;25;-18;29;-15;31;-10;31;-5;28;-2;24;0;19;0;14;-2;10;-6;8;-12;7;-18;9;-24;13;-28;16;-31;20;-32;23;-31;25;-29;25;-26;23;-24;19;-22;15;-22;10;-23;5;-25;2;-29;-1;-32;-114;0;-6;-4;-6;-4;-5;-4;-5;-4;-4;-4;-2;-4;-1;-5;-1;-6;0;-6;0;-6;0;-6;0;-6;1;-5;2;-5;2;-5;3;-6;2;-6;2;-6;2;-5;2;-4;3;-4;3;-4;4;-4;4;-4;4;-4;3;-4;3;-4;3;-3;1;-1;0;-1;-1;0;-1;-1;0;-1;0;1;0;4;2;12;1;12;0;13;-1;13;-2;13;-3;12;-4;12;-5;12;-6;12;-7;12;-7;12;-8;11;-8;10;-8;9;-9;8;-9;7;-10;7;-10;7;-10;6;-9;5;-9;4;-9;2;-9;1;-10;1;-9;1;-9;1;-8;0;-7;0;-114;0;1;-33;1;-32;0;-32;-1;-31;-2;-30;-2;-29;-3;-28;-4;-27;-5;-26;-6;-25;-7;-24;-8;-24;-8;-24;-8;-24;-8;-23;-8;-23;-9;-23;-9;-23;-8;-23;-8;-23;-8;-23;-7;-23;-7;-22;-7;-22;-6;-22;-5;-22;-4;-22;-3;-23;-1;-9;-1;-3;0;0;-1;1;-1;0;0;-2;0;-7;1;-18;2;-18;2;-18;2;-18;3;-19;3;-20;4;-21;5;-21;5;-22;5;-22;5;-23;5;-23;6;-24;6;-25;6;-25;6;-25;6;-25;6;-26;5;-27;5;-28;5;-28;5;-29;4;-30;4;-31;3;-32;2;-32;1;-33;1;-34,empty,EXP_S144,ZONE_02,entree_zone,4.1,entree_zone,entree dans la zone
705052273,-53,6,a0:9f:7a:73:2b:3e,384,-110;-96;8;0;-2;35;-3;34;-3;32;-3;29;-1;25;2;22;5;20;9;18;12;17;15;17;17;18;18;19;18;20;18;21;16;20;15;19;14;17;13;15;13;12;13;9;14;7;16;5;18;5;20;5;21;5;5;1;0;0;0;0;0;0;0;0;0;0;0;0;0;0;0;0;0;0;-6;3;-24;14;-27;12;-30;8;-31;3;-30;-1;-27;-4;-23;-6;-18;-5;-13;-2;-10;3;-8;9;-9;15;-11;20;-15;24;-19;26;-23;26;-26;25;-27;23;-27;20;-25;18;-21;17;-17;17;-12;19;-7;21;-4;25;-2;28;-112;0;4;3;4;3;4;3;4;3;3;3;1;3;0;4;-1;4;-1;5;-1;5;-1;5;-1;4;-2;3;-3;3;-4;3;-4;4;-4;4;-4;4;-4;3;-4;3;-4;2;-4;2;-5;2;-5;2;-5;2;-4;2;-4;2;-4;2;-2;0;-1;0;0;-1;0;0;0;0;-1;-2;-1;-5;-3;-13;-2;-13;-2;-14;-1;-14;0;-13;1;-13;2;-13;4;-13;5;-13;5;-13;6;-13;6;-12;6;-11;7;-10;8;-9;8;-8;9;-8;9;-7;8;-7;8;-6;8;-5;8;-4;8;-2;8;-2;8;-1;8;-1;7;-1;6;-1;-112;0;-4;29;-4;28;-3;28;-3;27;-2;26;-1;26;-1;25;0;24;0;23;1;22;2;22;2;22;3;21;3;21;3;21;3;21;3;21;3;21;3;21;3;21;2;20;2;20;1;20;1;19;0;19;-1;20;-2;20;-3;20;-1;7;-1;2;-1;-1;-1;-1;0;-1;0;1;-1;5;-1;15;-1;15;-2;15;-2;16;-3;17;-3;17;-4;18;-4;19;-5;19;-5;19;-5;20;-6;20;-6;21;-6;21;-7;22;-7;22;-7;22;-7;22;-6;23;-6;24;-6;25;-6;26;-6;26;-5;27;-5;28;-5;28;-4;29;-4;30,empty,EXP_S144,ZONE_02,entree_zone,4.1,entree_zone,entree dans la zone
705252458,-53,6,a0:9f:7a:73:2b:3e,384,-110;-96;8;0;-10;-36;-10;-35;-9;-32;-9;-29;-10;-25;-12;-22;-15;-19;-18;-17;-21;-17;-23;-17;-25;-18;-26;-19;-25;-20;-24;-20;-21;-20;-19;-19;-17;-16;-16;-14;-16;-10;-17;-7;-18;-5;-20;-4;-22;-3;-24;-4;-26;-5;-7;-2;0;0;0;0;0;0;0;0;0;0;0;0;0;0;0;0;0;0;1;-7;9;-28;13;-28;18;-27;21;-24;23;-20;23;-16;21;-12;17;-10;12;-10;7;-11;3;-15;0;-20;-1;-26;1;-30;3;-34;6;-36;8;-36;10;-36;11;-34;10;-32;8;-30;5;-28;1;-28;-4;-29;-7;-30;-9;-32;-109;0;-4;-3;-4;-3;-4;-3;-3;-4;-2;-4;-2;-4;-1;-5;-1;-5;0;-6;0;-6;0;-6;1;-6;1;-6;2;-6;3;-6;3;-6;3;-6;3;-6;4;-6;4;-5;4;-5;4;-5;4;-5;4;-5;4;-4;4;-4;4;-4;4;-3;1;-1;0;-1;-1;0;-1;-1;-1;-1;0;1;2;3;5;11;4;11;4;11;3;11;2;12;1;12;0;12;-1;12;-2;12;-2;12;-3;11;-3;11;-4;10;-5;10;-5;9;-6;8;-6;8;-6;7;-6;7;-6;6;-6;5;-6;4;-6;4;-6;3;-6;2;-6;2;-6;1;-5;1;-109;0;-7;-32;-7;-32;-7;-31;-8;-30;-8;-29;-9;-28;-9;-27;-10;-26;-10;-25;-10;-24;-11;-23;-11;-22;-12;-22;-12;-22;-12;-22;-12;-22;-12;-21;-12;-21;-12;-21;-12;-21;-11;-21;-11;-21;-10;-21;-10;-20;-9;-21;-8;-21;-7;-21;-6;-22;-2;-8;-1;-3;0;0;0;1;0;0;-1;-2;-2;-7;-5;-17;-4;-18;-4;-18;-3;-18;-3;-19;-3;-20;-3;-21;-3;-22;-3;-23;-3;-23;-2;-24;-2;-25;-2;-25;-1;-26;-1;-26;-1;-26;-1;-26;-1;-27;-2;-27;-3;-28;-3;-29;-4;-30;-4;-30;-5;-31;-6;-32;-6;-32;-7;-33;-7;-34,empty,EXP_S144,ZONE_02,entree_zone,4.1,entree_zone,entree dans la zone
705459420,-53,6,a0:9f:7a:73:2b:3e,384,-110;-96;8;0;16;33;14;32;13;29;13;25;14;21;15;17;18;14;21;13;24;11;26;12;28;13;28;14;27;16;25;17;23;17;20;15;18;13;16;10;16;7;17;4;18;1;20;-1;22;-1;25;0;26;1;6;0;0;0;0;0;0;0;0;0;0;0;0;0;0;0;0;0;0;0;0;7;-1;28;-6;29;-11;29;-15;27;-18;24;-18;20;-17;16;-13;13;-8;12;-3;13;1;16;5;20;6;25;6;29;4;33;2;35;-1;36;-3;36;-3;34;-3;32;-1;30;2;28;6;27;10;27;13;29;16;30;-100;0;3;2;3;2;3;2;2;3;1;3;1;4;0;4;-1;5;-1;6;-1;6;-1;6;-1;5;-2;5;-3;5;-3;6;-4;6;-4;6;-4;6;-4;5;-4;5;-5;4;-5;4;-6;4;-6;4;-6;4;-5;4;-5;3;-5;2;-2;0;-1;0;0;-1;0;0;0;0;-2;-1;-4;-4;-9;-9;-9;-10;-8;-11;-7;-11;-6;-11;-5;-11;-4;-12;-4;-12;-3;-13;-2;-13;-2;-13;-1;-12;0;-11;0;-10;1;-10;2;-10;3;-9;3;-9;3;-9;3;-8;3;-6;4;-5;4;-5;4;-4;4;-4;4;-3;3;-3;3;-2;-100;0;14;29;14;28;14;28;14;27;14;26;14;25;14;23;14;22;15;21;15;20;15;19;15;19;15;19;16;18;16;18;15;18;15;18;15;18;15;18;14;18;14;18;13;18;13;18;12;18;11;18;10;19;9;19;8;20;3;7;0;2;-1;-1;-1;-1;-1;-1;1;1;3;4;9;13;9;14;9;14;9;15;9;16;9;17;9;18;9;18;9;19;9;20;9;21;9;21;9;22;9;23;9;23;8;24;9;24;9;24;10;25;10;25;11;26;11;27;12;27;13;28;13;28;14;29;15;29;15;30,empty,EXP_S144,ZONE_02,entree_zone,4.1,entree_zone,entree dans la zone
705652579,-53,6,a0:9f:7a:73:2b:3e,384,-110;-96;8;0;4;-38;5;-36;5;-33;3;-29;0;-26;-3;-23;-8;-22;-11;-22;-15;-23;-16;-24;-17;-26;-17;-28;-16;-29;-14;-29;-11;-28;-9;-26;-8;-23;-9;-19;-10;-16;-12;-14;-14;-12;-17;-11;-19;-12;-20;-14;-21;-15;-6;-4;0;0;0;0;0;0;0;0;0;0;0;0;0;0;0;0;0;0;3;-6;16;-23;19;-22;23;-19;26;-16;26;-11;24;-8;21;-6;17;-5;13;-7;9;-10;7;-15;6;-20;8;-25;11;-28;14;-30;17;-31;19;-30;20;-28;20;-26;18;-25;15;-24;11;-25;8;-26;5;-29;3;-32;2;-35;-103;0;-2;-5;-2;-6;-1;-6;0;-6;1;-6;1;-6;2;-6;3;-6;3;-6;4;-6;4;-6;4;-5;5;-5;5;-5;6;-4;6;-4;6;-4;6;-4;6;-3;6;-3;6;-2;6;-2;6;-2;6;-2;6;-1;6;-1;5;-1;5;0;1;0;0;0;-1;0;-1;-1;0;-1;0;1;0;4;1;11;0;11;-1;11;-2;11;-3;11;-4;11;-4;10;-5;10;-6;10;-7;9;-7;9;-8;8;-8;7;-8;6;-8;5;-8;4;-8;4;-8;3;-8;2;-8;2;-7;1;-7;0;-7;-1;-6;-2;-6;-2;-5;-3;-5;-3;-4;-3;-103;0;7;-32;7;-32;6;-31;6;-30;5;-30;4;-29;4;-28;3;-27;2;-27;2;-26;1;-25;1;-25;1;-25;0;-25;0;-25;0;-25;0;-25;0;-24;0;-24;1;-24;1;-24;2;-23;2;-23;3;-22;4;-22;5;-22;6;-21;7;-21;2;-8;1;-3;-1;0;-1;1;-1;0;-1;-2;0;-6;0;-17;1;-17;1;-18;2;-18;2;-19;3;-19;3;-20;4;-21;4;-22;5;-22;5;-23;6;-23;7;-23;7;-24;8;-24;8;-24;8;-25;8;-25;8;-26;8;-27;7;-27;7;-28;7;-29;7;-30;7;-31;7;-32;7;-32;7;-33,empty,EXP_S144,ZONE_02,entree_zone,4.1,entree_zone,entree dans la zone
705857347,-53,6,a0:9f:7a:73:2b:3e,384,-110;-96;8;0;10;-35;11;-34;10;-31;9;-28;6;-25;3;-23;-1;-22;-5;-22;-8;-23;-10;-24;-12;-26;-11;-28;-10;-28;-9;-28;-7;-27;-6;-25;-5;-23;-6;-20;-7;-17;-9;-15;-12;-14;-14;-14;-16;-14;-17;-16;-17;-17;-5;-5;0;0;0;0;0;0;0;0;0;0;0;0;0;0;0;0;0;0;4;-5;21;-17;24;-16;27;-12;29;-8;28;-4;26;-1;22;1;18;0;14;-2;11;-6;10;-11;10;-16;13;-21;16;-24;20;-25;23;-26;25;-24;26;-23;26;-21;24;-19;21;-19;18;-19;14;-21;11;-24;9;-28;8;-31;-111;0;-3;-5;-3;-5;-3;-5;-2;-5;-1;-5;0;-5;1;-5;2;-5;2;-6;2;-6;2;-6;2;-5;3;-4;4;-4;4;-4;5;-4;5;-4;5;-4;5;-4;4;-3;4;-2;5;-1;5;-1;5;-2;5;-2;5;-2;4;-2;4;-1;1;-1;0;0;-1;0;-1;-1;0;-1;0;1;0;4;0;11;-1;11;-2;11;-2;11;-3;11;-4;10;-5;10;-6;9;-7;9;-7;9;-8;9;-8;9;-8;7;-8;6;-9;5;-9;4;-10;4;-9;3;-9;3;-8;3;-7;2;-7;1;-8;-1;-8;-1;-8;-2;-7;-2;-6;-2;-5;-2;-111;0;9;-30;8;-30;8;-29;7;-29;6;-28;5;-27;5;-26;4;-26;3;-25;2;-24;1;-24;1;-23;1;-23;0;-23;0;-23;0;-23;0;-23;0;-23;0;-23;1;-23;1;-22;1;-22;1;-21;2;-21;2;-21;3;-21;5;-20;6;-20;2;-8;0;-3;-1;0;-1;1;-1;0;0;-2;1;-6;3;-17;3;-17;4;-17;4;-17;5;-18;5;-19;6;-19;7;-20;7;-20;8;-21;8;-21;8;-22;9;-22;10;-22;10;-22;10;-22;10;-23;10;-23;10;-24;9;-25;9;-26;9;-27;9;-28;9;-28;9;-29;9;-30;9;-30;9;-31,empty,EXP_S144,ZONE_02,entree_zone,4.1,entree_zone,entree dans la zone
706057447,-53,6,a0:9f:7a:73:2b:3e,384,-110;-96;8;0;29;18;28;18;26;16;24;14;22;11;21;7;21;3;22;0;23;-3;24;-5;26;-6;27;-6;28;-5;27;-3;26;-2;24;-2;21;-2;19;-4;16;-6;15;-8;14;-10;15;-13;15;-14;17;-15;19;-16;4;-4;0;0;0;0;0;0;0;0;0;0;0;0;0;0;0;0;0;0;2;6;8;25;4;28;0;30;-5;30;-9;28;-11;24;-11;20;-9;16;-5;12;0;11;6;11;11;13;15;17;17;21;17;26;16;30;14;32;12;32;10;31;9;29;9;26;11;22;14;19;17;17;22;15;25;15;-107;0;4;-2;4;-2;4;-1;3;-1;3;0;3;1;2;2;2;3;2;3;2;3;2;3;2;3;1;4;0;4;0;5;0;5;0;5;0;5;-1;5;-1;5;-1;5;-2;5;-2;5;-2;5;-2;5;-2;4;-2;4;-2;3;-1;1;-1;0;0;-1;0;0;0;0;-2;-1;-4;-2;-11;-6;-11;-6;-11;-7;-11;-8;-10;-9;-9;-9;-9;-10;-8;-10;-7;-11;-7;-11;-6;-12;-6;-12;-5;-11;-4;-11;-3;-11;-2;-11;-1;-11;-1;-11;-1;-10;0;-10;0;-9;1;-8;1;-8;2;-8;2;-7;2;-7;2;-6;2;-5;-107;0;22;19;22;19;22;18;21;17;21;16;21;15;21;14;20;13;20;12;20;11;20;10;20;10;20;9;20;9;20;8;20;8;20;8;20;8;20;8;20;8;19;8;19;9;18;9;18;9;17;10;17;11;16;11;16;12;5;4;1;1;-1;-1;-1;-1;-1;-1;1;0;4;3;12;9;12;10;12;10;12;11;12;12;12;13;13;13;13;14;13;15;14;15;14;16;14;17;14;17;14;18;14;18;14;18;15;19;15;19;16;19;16;19;17;19;18;19;19;20;20;20;20;20;21;20;22;20;22;20,empty,EXP_S144,ZONE_02,entree_zone,4.1,entree_zone,entree dans la zone
706252392,-53,6,a0:9f:7a:73:2b:3e,384,-110;-96;8;0;33;-13;32;-12;30;-11;26;-10;22;-11;18;-12;15;-15;12;-18;11;-21;10;-23;10;-26;12;-27;13;-26;14;-25;14;-23;13;-21;12;-19;9;-17;6;-17;3;-17;1;-18;-1;-19;-3;-21;-2;-23;-2;-24;-1;-7;0;0;0;0;0;0;0;0;0;0;0;0;0;0;0;0;0;0;6;2;24;12;23;16;21;20;17;23;13;24;9;22;6;19;5;14;6;9;9;4;13;1;18;-1;24;-1;29;1;32;4;33;7;33;10;31;12;29;12;27;11;24;8;23;4;22;-1;23;-6;26;-10;28;-13;-106;0;2;-5;2;-5;3;-5;3;-4;3;-3;4;-3;4;-2;5;-1;5;-1;5;-1;5;0;5;0;5;1;5;2;5;2;5;3;5;3;5;3;4;3;4;3;3;3;3;4;3;4;3;4;3;4;2;4;2;3;2;3;0;1;0;0;-1;-1;0;-1;0;-1;-2;0;-4;1;-12;5;-12;4;-12;3;-13;2;-13;1;-13;0;-13;-1;-13;-2;-13;-3;-13;-4;-12;-4;-12;-5;-11;-5;-10;-6;-10;-6;-9;-7;-9;-7;-8;-8;-7;-8;-7;-8;-6;-8;-4;-8;-4;-8;-3;-8;-3;-8;-2;-8;-1;-7;-1;-7;-106;0;29;-6;28;-7;28;-7;27;-7;26;-7;25;-8;24;-8;23;-8;22;-8;21;-9;21;-9;20;-10;20;-10;20;-11;20;-11;19;-11;19;-11;19;-10;19;-10;19;-10;19;-9;19;-9;19;-9;19;-8;19;-7;19;-6;19;-5;19;-4;7;-2;2;-1;-1;0;-1;0;-1;0;1;-1;5;-2;14;-5;14;-5;15;-5;15;-4;16;-4;17;-4;18;-3;18;-3;19;-3;20;-3;20;-3;21;-3;22;-3;22;-2;23;-2;23;-2;23;-2;23;-2;24;-3;25;-3;25;-3;26;-4;27;-4;27;-5;28;-5;29;-6;29;-7;30;-7,empty,EXP_S144,ZONE_02,entree_zone,4.1,entree_zone,entree dans la zone
706452427,-54,6,a0:9f:7a:73:2b:3e,384,-110;-96;8;0;-22;-29;-20;-28;-18;-26;-17;-22;-16;-18;-16;-13;-18;-9;-20;-6;-23;-3;-26;-2;-28;-2;-30;-3;-30;-5;-29;-6;-27;-7;-25;-7;-22;-6;-19;-5;-17;-2;-16;1;-16;4;-17;7;-18;9;-20;10;-22;10;-6;2;0;0;0;0;0;0;0;0;0;0;0;0;0;0;0;0;0;0;0;-7;4;-27;8;-27;13;-26;16;-24;18;-20;18;-16;15;-13;11;-10;6;-10;1;-11;-3;-15;-6;-19;-8;-24;-7;-28;-5;-32;-3;-34;0;-34;2;-33;2;-31;1;-28;-1;-25;-5;-23;-9;-22;-14;-22;-19;-23;-21;-24;-118;0;-7;-2;-7;-2;-6;-3;-6;-3;-5;-4;-5;-4;-4;-5;-4;-6;-4;-7;-4;-7;-3;-7;-2;-7;-2;-7;-1;-7;0;-7;0;-8;0;-8;0;-7;0;-7;0;-7;1;-7;2;-6;2;-6;2;-6;2;-6;2;-6;2;-5;2;-5;0;-2;0;-1;-1;0;-1;-1;-1;-1;0;0;3;2;8;7;8;8;7;9;7;9;6;9;5;10;4;10;3;10;2;11;2;11;1;11;0;11;-1;10;-2;10;-3;9;-4;9;-4;9;-4;9;-4;8;-4;7;-5;6;-5;5;-6;4;-7;4;-7;4;-7;3;-6;2;-6;1;-118;0;-19;-24;-18;-23;-18;-23;-18;-22;-18;-21;-18;-20;-18;-19;-18;-17;-18;-16;-18;-15;-18;-15;-18;-14;-18;-14;-18;-14;-18;-13;-18;-13;-19;-13;-18;-14;-18;-14;-18;-14;-17;-14;-17;-14;-16;-14;-16;-14;-15;-14;-14;-15;-14;-16;-13;-16;-5;-6;-2;-2;0;0;0;0;0;0;-2;-2;-4;-4;-11;-12;-10;-12;-10;-13;-10;-13;-10;-14;-10;-15;-11;-16;-11;-16;-11;-17;-11;-18;-11;-18;-12;-19;-12;-20;-11;-20;-11;-20;-11;-21;-11;-21;-12;-21;-13;-21;-14;-22;-15;-22;-15;-23;-16;-23;-16;-23;-17;-24;-18;-24;-19;-24;-19;-25,empty,EXP_S144,ZONE_02,entree_zone,4.1,entree_zone,entree dans la zone
706652443,-53,6,a0:9f:7a:73:2b:3e,384,-110;-96;8;0;-14;-35;-13;-34;-11;-31;-11;-28;-11;-23;-13;-19;-16;-16;-19;-14;-22;-13;-25;-13;-27;-13;-27;-15;-27;-16;-26;-17;-24;-17;-21;-16;-19;-14;-17;-12;-16;-9;-17;-6;-18;-3;-20;-1;-21;0;-23;0;-25;-1;-7;-1;0;0;0;0;0;0;0;0;0;0;0;0;0;0;0;0;0;0;1;-7;8;-27;12;-27;16;-25;20;-23;21;-19;21;-15;18;-11;14;-9;9;-9;4;-12;0;-15;-2;-20;-2;-26;-1;-30;1;-33;4;-35;7;-35;8;-34;9;-32;8;-29;5;-27;1;-26;-3;-26;-8;-26;-11;-28;-14;-30;-114;0;-6;-3;-6;-3;-6;-3;-5;-4;-4;-4;-3;-4;-3;-5;-2;-6;-2;-7;-2;-7;-2;-7;-1;-6;-1;-6;0;-6;1;-7;1;-7;1;-7;1;-7;1;-7;2;-6;2;-6;3;-6;3;-6;3;-6;3;-6;3;-5;2;-5;2;-4;1;-2;0;-1;-1;0;-1;-1;-1;-1;0;0;2;3;7;8;7;9;6;10;5;10;4;10;4;11;2;11;1;11;0;11;0;12;0;12;-1;11;-2;10;-3;10;-4;9;-5;9;-5;9;-5;8;-5;8;-5;7;-5;5;-6;4;-6;4;-7;3;-7;3;-7;3;-6;2;-6;1;-114;0;-15;-28;-15;-28;-15;-27;-15;-26;-15;-25;-16;-24;-15;-23;-15;-22;-15;-21;-16;-20;-16;-19;-16;-18;-17;-18;-17;-18;-17;-18;-17;-17;-17;-17;-17;-17;-16;-17;-16;-17;-15;-17;-15;-17;-14;-17;-14;-17;-13;-17;-12;-18;-11;-18;-11;-19;-4;-7;-1;-3;0;0;0;0;0;0;-1;-2;-4;-5;-9;-14;-8;-14;-8;-15;-8;-16;-8;-16;-8;-17;-8;-18;-8;-19;-8;-20;-8;-20;-8;-21;-8;-22;-8;-22;-8;-23;-8;-23;-8;-24;-8;-24;-9;-24;-10;-24;-10;-25;-11;-26;-12;-26;-12;-27;-13;-27;-14;-28;-14;-28;-15;-29;-15;-29,empty,EXP_S144,ZONE_02,entree_zone,4.1,entree_zone,entree dans la zone
706852262,-54,6,a0:9f:7a:73:2b:3e,384,-110;-96;8;0;-7;-28;-6;-27;-6;-25;-6;-22;-7;-20;-8;-17;-11;-15;-13;-14;-15;-13;-17;-14;-18;-15;-18;-16;-18;-17;-17;-17;-15;-17;-13;-16;-12;-14;-11;-12;-11;-10;-12;-7;-14;-6;-15;-5;-16;-5;-18;-6;-18;-6;-5;-2;0;0;0;0;0;0;0;0;0;0;0;0;0;0;0;0;0;0;1;-6;6;-21;9;-21;13;-20;15;-18;17;-15;16;-12;14;-9;11;-7;8;-8;4;-9;1;-12;0;-16;-1;-20;0;-24;2;-26;4;-27;7;-27;8;-26;8;-25;8;-23;6;-22;3;-21;0;-21;-3;-22;-6;-23;-7;-25;-110;0;-7;-5;-6;-5;-6;-5;-5;-6;-4;-6;-2;-7;-1;-8;0;-9;0;-9;0;-10;1;-9;1;-9;3;-8;4;-8;4;-8;5;-9;5;-9;5;-8;6;-7;6;-7;6;-6;6;-5;7;-6;7;-6;7;-5;6;-5;6;-4;6;-4;2;-2;0;-1;-1;0;-1;-1;-1;-1;1;1;3;5;9;15;8;16;7;16;6;17;5;17;3;17;2;17;0;17;-2;18;-3;18;-3;18;-4;17;-5;16;-6;15;-7;14;-9;13;-9;12;-9;11;-9;10;-9;9;-9;7;-9;6;-10;5;-10;4;-10;3;-9;2;-8;2;-8;1;-110;0;-12;-49;-12;-48;-12;-47;-13;-46;-13;-44;-13;-43;-13;-41;-14;-39;-14;-38;-15;-36;-16;-35;-17;-34;-17;-34;-17;-34;-17;-34;-17;-34;-17;-34;-16;-34;-16;-34;-15;-33;-14;-33;-13;-32;-12;-32;-12;-32;-10;-32;-9;-32;-7;-32;-5;-32;-2;-12;-1;-4;0;1;0;1;0;0;-2;-3;-4;-9;-11;-24;-10;-24;-10;-25;-9;-26;-8;-27;-8;-28;-8;-30;-8;-31;-8;-33;-7;-34;-7;-35;-7;-36;-6;-37;-6;-38;-5;-38;-5;-39;-5;-39;-6;-40;-7;-41;-7;-42;-8;-43;-9;-44;-9;-45;-10;-46;-11;-47;-12;-48;-12;-50;-13;-50,empty,EXP_S144,ZONE_02,entree_zone,4.1,entree_zone,entree dans la zone
707052300,-53,6,a0:9f:7a:73:2b:3e,384,-110;-96;8;0;-22;-30;-20;-30;-19;-28;-17;-24;-17;-21;-18;-17;-19;-13;-22;-11;-24;-9;-27;-9;-29;-9;-29;-10;-29;-11;-28;-12;-26;-13;-24;-12;-21;-11;-19;-9;-18;-6;-18;-3;-19;-1;-20;1;-22;2;-24;2;-25;1;-7;0;0;0;0;0;0;0;0;0;0;0;0;0;0;0;0;0;0;0;-1;-7;-2;-28;2;-29;7;-30;11;-29;14;-26;15;-22;14;-18;11;-14;6;-13;1;-13;-4;-15;-7;-19;-10;-24;-10;-28;-9;-32;-7;-35;-4;-36;-2;-36;-1;-34;-1;-32;-2;-29;-5;-26;-9;-25;-13;-25;-17;-25;-20;-27;-107;0;-5;-2;-6;-2;-5;-2;-5;-2;-4;-3;-3;-3;-2;-4;-2;-5;-2;-6;-2;-6;-2;-6;-2;-6;-1;-6;0;-6;1;-6;1;-7;1;-7;0;-7;1;-6;1;-5;2;-5;2;-5;3;-5;3;-6;2;-5;2;-5;2;-5;2;-4;0;-2;0;-1;-1;0;-1;-1;-1;-1;1;0;3;1;9;5;9;6;9;7;8;8;8;8;7;9;6;9;5;10;4;11;4;11;3;11;3;11;2;10;1;10;-1;10;-1;10;-2;9;-2;9;-2;8;-3;8;-3;6;-4;5;-5;5;-5;5;-6;4;-5;4;-5;3;-4;2;-107;0;-20;-25;-20;-25;-20;-24;-20;-23;-19;-22;-19;-21;-19;-20;-19;-19;-18;-18;-18;-17;-18;-17;-19;-16;-19;-16;-19;-16;-19;-16;-19;-16;-19;-16;-19;-16;-18;-16;-18;-16;-17;-16;-16;-16;-16;-16;-15;-16;-14;-17;-13;-17;-12;-18;-11;-18;-4;-7;-1;-3;0;0;0;0;0;0;-2;-2;-5;-4;-13;-11;-13;-12;-13;-12;-13;-13;-13;-14;-13;-14;-13;-15;-13;-16;-13;-17;-13;-18;-14;-18;-14;-19;-14;-20;-14;-21;-13;-21;-13;-22;-14;-22;-14;-22;-15;-22;-16;-22;-16;-23;-17;-24;-18;-24;-18;-24;-19;-25;-19;-25;-20;-26;-20;-26,empty,EXP_S144,ZONE_02,entree_zone,4.1,entree_zone,entree dans la zone
707271871,-54,6,a0:9f:7a:73:2b:3e,384,-110;-96;8;0;-1;-31;-1;-30;-1;-27;-1;-24;-2;-21;-5;-19;-7;-17;-11;-16;-14;-15;-16;-15;-18;-16;-18;-17;-18;-18;-17;-18;-15;-18;-14;-17;-12;-15;-12;-13;-12;-11;-12;-8;-14;-6;-15;-5;-17;-4;-18;-5;-19;-5;-5;-2;0;0;0;0;0;0;0;0;0;0;0;0;0;0;0;0;0;0;3;-5;17;-16;19;-15;22;-12;23;-8;23;-5;21;-2;17;-1;13;-1;10;-3;7;-7;5;-11;5;-16;6;-20;9;-23;12;-25;15;-25;17;-24;18;-23;18;-21;16;-19;13;-18;10;-18;6;-19;2;-21;-1;-24;-2;-26;-105;0;-6;-8;-5;-9;-5;-9;-3;-9;-2;-9;0;-8;1;-8;2;-9;3;-9;3;-9;3;-9;3;-8;4;-8;6;-7;7;-7;7;-7;8;-7;7;-7;7;-6;7;-5;7;-4;8;-4;8;-3;8;-3;8;-3;7;-3;7;-3;6;-2;2;-1;0;-1;-1;0;0;-2;0;-1;-1;2;-2;6;-5;19;-6;19;-8;19;-9;18;-10;18;-11;17;-12;16;-14;15;-15;14;-16;13;-16;12;-17;11;-16;10;-16;8;-17;7;-17;5;-17;4;-17;4;-16;3;-15;2;-14;1;-14;-1;-13;-2;-14;-3;-13;-3;-12;-4;-11;-4;-10;-4;-105;0;15;-50;13;-49;12;-48;11;-47;10;-46;9;-45;7;-44;6;-42;4;-41;3;-40;1;-39;0;-39;-1;-39;-2;-39;-2;-39;-3;-39;-3;-39;-3;-38;-2;-38;-2;-38;-1;-37;0;-36;0;-35;0;-35;1;-35;3;-34;4;-34;6;-34;2;-13;1;-4;-1;1;-1;1;-1;0;0;-3;3;-10;9;-26;9;-26;10;-26;11;-26;12;-27;13;-28;14;-29;15;-30;16;-31;16;-32;17;-32;17;-33;18;-34;19;-34;19;-35;20;-35;19;-36;19;-37;18;-38;18;-39;18;-41;18;-42;18;-44;17;-45;17;-46;16;-48;16;-49;16;-51,empty,EXP_S144,ZONE_02,entree_zone,4.1,entree_zone,entree dans la zone
707455542,-53,6,a0:9f:7a:73:2b:3e,384,-110;-96;8;0;-41;1;-39;-1;-36;-1;-31;-1;-27;2;-23;5;-20;9;-19;14;-18;17;-19;21;-20;23;-22;24;-24;23;-24;22;-24;20;-23;17;-20;16;-17;14;-14;14;-10;15;-8;17;-6;18;-5;21;-5;23;-6;24;-2;6;0;0;0;0;0;0;0;0;0;0;0;0;0;0;0;0;0;0;-6;-6;-20;-23;-18;-26;-14;-29;-10;-31;-6;-30;-3;-26;-1;-22;-2;-17;-5;-13;-10;-9;-16;-8;-21;-8;-27;-10;-30;-14;-32;-18;-32;-22;-30;-24;-28;-24;-25;-23;-23;-20;-22;-16;-23;-11;-25;-6;-28;-2;-32;2;-36;3;-116;0;-6;4;-7;4;-7;4;-7;3;-7;2;-7;1;-7;0;-7;-1;-8;-1;-8;-1;-7;-2;-7;-2;-7;-3;-7;-4;-7;-4;-7;-5;-7;-5;-6;-5;-6;-5;-5;-5;-5;-5;-4;-6;-4;-6;-4;-6;-4;-6;-4;-5;-4;-5;-3;-5;-1;-2;-1;-1;0;0;-1;0;-1;-1;1;-1;4;-1;12;-1;12;0;12;1;12;2;12;2;11;3;11;4;11;5;10;6;10;7;10;8;9;8;8;8;7;8;6;9;5;9;5;10;4;9;3;9;2;9;1;8;0;8;-1;8;-1;8;-2;8;-2;7;-3;7;-3;6;-116;0;-34;-1;-33;-1;-32;0;-31;1;-31;1;-30;2;-29;3;-28;3;-27;4;-26;5;-25;5;-25;6;-25;6;-25;7;-25;7;-24;7;-24;7;-24;7;-24;7;-24;6;-23;6;-23;6;-23;5;-23;5;-23;4;-23;3;-23;2;-23;1;-9;0;-3;-1;0;-1;1;0;0;0;-2;0;-7;-1;-17;-1;-18;-1;-18;-2;-19;-2;-19;-3;-20;-3;-21;-3;-22;-4;-22;-4;-23;-5;-23;-5;-24;-5;-24;-6;-25;-6;-25;-6;-25;-6;-26;-6;-26;-6;-27;-5;-28;-5;-29;-4;-30;-4;-31;-3;-31;-3;-32;-2;-33;-2;-34;-2;-34;-1,empty,EXP_S144,ZONE_02,entree_zone,4.1,entree_zone,entree dans la zone
707656876,-54,6,a0:9f:7a:73:2b:3e,384,-110;-96;8;0;-26;18;-25;16;-23;14;-20;13;-16;12;-13;13;-10;14;-7;16;-6;19;-6;21;-7;23;-8;24;-9;24;-10;23;-10;21;-10;19;-9;16;-7;15;-5;14;-3;13;-1;13;1;14;1;16;2;18;1;19;0;5;0;0;0;0;0;0;0;0;0;0;0;0;0;0;0;0;0;0;-6;0;-23;2;-24;-1;-25;-4;-24;-8;-21;-10;-18;-10;-16;-9;-13;-7;-12;-4;-12;0;-14;3;-17;6;-20;7;-24;8;-27;7;-29;5;-29;3;-28;2;-27;1;-25;2;-23;3;-21;6;-20;9;-20;12;-21;15;-22;18;-105;0;-5;9;-4;10;-4;9;-3;8;-4;7;-6;5;-8;4;-10;4;-11;5;-11;5;-10;5;-10;4;-10;3;-11;1;-12;0;-12;0;-12;1;-12;1;-11;1;-9;0;-9;-2;-9;-3;-10;-4;-10;-3;-10;-3;-10;-2;-9;-3;-8;-3;-3;-1;-1;-1;0;0;-1;0;-1;0;0;-2;3;-6;9;-16;9;-15;10;-15;11;-14;12;-12;13;-11;14;-9;15;-8;16;-7;17;-6;17;-6;16;-5;15;-4;14;-2;14;0;14;2;14;2;14;3;13;3;10;3;8;4;7;6;6;8;6;9;6;9;6;8;5;7;3;7;-105;0;-38;36;-37;36;-35;36;-33;36;-32;35;-30;35;-29;34;-27;33;-25;32;-24;32;-23;33;-22;33;-21;33;-21;33;-20;33;-20;32;-20;32;-20;32;-20;31;-21;31;-21;30;-21;29;-21;28;-21;27;-21;26;-22;25;-24;24;-25;23;-9;8;-3;2;0;-1;0;-2;0;-1;-2;2;-6;7;-17;21;-17;21;-19;21;-20;22;-21;22;-22;22;-24;23;-25;23;-26;23;-27;23;-28;24;-29;24;-30;24;-32;25;-32;25;-33;25;-33;25;-33;26;-33;27;-34;28;-35;30;-36;31;-37;32;-37;33;-37;34;-38;36;-38;37;-39;38,empty,EXP_S144,ZONE_02,entree_zone,4.1,entree_zone,entree dans la zone
707852608,-53,6,a0:9f:7a:73:2b:3e,384,-110;-96;8;0;6;36;5;34;4;31;4;28;5;24;8;20;11;17;14;14;18;13;21;13;23;14;24;16;24;17;23;17;21;17;19;16;17;15;15;12;15;8;15;5;16;2;18;1;20;0;22;0;24;1;6;0;0;0;0;0;0;0;0;0;0;0;0;0;0;0;0;0;0;0;-4;5;-18;22;-22;20;-26;17;-28;13;-28;9;-26;5;-23;3;-17;2;-12;4;-8;8;-5;13;-4;19;-5;24;-8;29;-11;31;-15;32;-18;32;-19;30;-19;27;-17;25;-14;23;-9;22;-4;23;0;24;4;28;6;30;-107;0;4;3;4;4;3;4;3;4;2;4;1;4;0;5;0;5;-1;5;-1;6;-2;5;-2;5;-3;5;-3;5;-4;5;-4;5;-4;5;-4;5;-5;4;-5;4;-5;3;-5;3;-5;3;-5;3;-5;2;-5;2;-5;2;-5;1;-2;0;-1;0;0;-1;0;0;0;0;-1;-2;-2;-5;-4;-12;-3;-13;-2;-13;-1;-13;0;-13;1;-13;2;-13;3;-13;4;-13;4;-12;5;-12;5;-12;6;-11;7;-10;7;-9;7;-8;8;-7;8;-7;8;-6;7;-5;7;-4;7;-3;7;-3;7;-2;7;-1;7;-1;6;0;6;1;-107;0;0;30;1;29;1;29;2;28;2;27;3;26;3;25;4;24;4;23;5;22;5;22;6;21;6;21;7;21;7;21;7;21;7;21;7;21;7;21;7;20;6;20;6;20;5;20;5;20;4;20;3;20;2;20;1;20;0;7;-1;2;-1;-1;-1;-1;-1;-1;0;1;0;5;2;16;1;16;0;16;0;17;-1;17;-1;18;-1;19;-2;20;-2;20;-2;21;-3;22;-3;22;-3;23;-4;23;-4;23;-4;24;-4;24;-4;24;-3;25;-3;26;-2;26;-2;27;-2;28;-1;29;-1;29;-1;30;0;30;0;31,empty,EXP_S144,ZONE_02,entree_zone,4.1,entree_zone,entree dans la zone
708052433,-53,6,a0:9f:7a:73:2b:3e,384,-110;-96;8;0;-3;36;-4;34;-4;32;-2;28;0;24;3;21;7;19;11;17;15;17;18;18;20;19;20;20;20;22;19;22;17;22;15;20;14;18;13;15;13;12;14;9;16;6;18;5;20;4;22;5;23;5;6;1;0;0;0;0;0;0;0;0;0;0;0;0;0;0;0;0;0;0;-6;4;-25;15;-28;12;-31;8;-32;4;-30;0;-27;-3;-23;-4;-18;-3;-13;0;-10;5;-9;11;-10;17;-12;21;-16;25;-20;26;-24;26;-26;25;-27;23;-26;21;-23;19;-19;18;-15;19;-10;21;-6;23;-3;27;-1;30;-116;0;4;4;3;4;3;4;2;4;1;4;0;4;0;5;-1;5;-2;5;-2;5;-2;5;-2;5;-3;4;-4;4;-4;4;-5;5;-5;5;-5;4;-5;4;-5;4;-5;3;-5;3;-6;3;-6;3;-6;3;-5;3;-5;2;-5;2;-2;0;-1;0;0;-1;-1;0;-1;0;-1;-2;0;-5;0;-13;1;-13;2;-13;3;-13;4;-12;4;-12;5;-12;6;-11;7;-11;8;-11;8;-10;8;-9;9;-8;9;-7;9;-6;9;-6;9;-5;9;-5;9;-4;9;-4;8;-3;8;-2;8;-1;8;0;7;0;7;1;6;1;6;1;-116;0;-5;29;-4;29;-3;28;-3;28;-2;27;-1;26;0;26;1;25;2;24;3;23;3;23;4;22;5;22;5;22;5;22;6;22;6;22;6;22;6;22;5;22;5;22;5;21;4;21;4;21;3;21;3;21;2;21;1;21;0;7;-1;2;-1;-1;0;-2;0;-1;-1;1;-2;5;-4;16;-5;16;-5;16;-6;16;-6;17;-7;17;-7;18;-8;19;-8;19;-9;20;-9;20;-9;20;-9;21;-10;21;-10;21;-10;21;-10;22;-9;22;-9;23;-9;24;-9;25;-8;26;-8;27;-8;27;-7;28;-6;29;-6;30;-6;30,empty,EXP_S144,ZONE_02,entree_zone,4.1,entree_zone,entree dans la zone
708252327,-53,6,a0:9f:7a:73:2b:3e,384,-110;-96;8;0;-16;-34;-14;-33;-13;-30;-12;-26;-12;-21;-14;-17;-17;-14;-20;-11;-23;-9;-26;-8;-28;-8;-30;-10;-30;-11;-28;-13;-26;-13;-24;-13;-21;-11;-19;-9;-18;-5;-18;-2;-18;0;-19;3;-21;5;-23;5;-25;5;-7;1;0;0;0;0;0;0;0;0;0;0;0;0;0;0;0;0;0;0;2;-7;10;-26;15;-26;19;-24;22;-21;23;-17;23;-13;20;-10;15;-8;10;-8;5;-11;1;-15;-2;-20;-2;-25;-1;-30;2;-34;5;-35;8;-35;9;-34;10;-31;8;-29;6;-26;2;-25;-3;-24;-8;-25;-13;-27;-16;-29;-112;0;-5;-4;-5;-4;-4;-5;-4;-5;-3;-5;-2;-6;-1;-6;-1;-6;0;-6;0;-7;0;-7;1;-7;1;-7;2;-7;2;-7;3;-7;3;-6;3;-6;3;-6;4;-6;4;-5;4;-5;4;-5;4;-5;4;-5;4;-4;4;-4;4;-3;1;-1;0;-1;-1;0;-1;-1;-1;-1;0;1;1;4;3;11;2;11;1;12;0;12;-1;12;-1;12;-2;11;-3;11;-4;11;-5;11;-5;11;-6;10;-6;9;-7;9;-7;8;-8;7;-8;7;-8;6;-8;5;-8;4;-8;3;-8;3;-8;2;-8;1;-8;1;-7;0;-7;-1;-7;-1;-112;0;-5;-31;-5;-30;-5;-29;-6;-28;-6;-27;-7;-26;-7;-25;-8;-25;-8;-24;-9;-23;-10;-22;-11;-22;-11;-21;-11;-21;-12;-21;-12;-21;-12;-21;-11;-21;-11;-21;-11;-21;-10;-21;-10;-21;-10;-21;-9;-20;-9;-21;-8;-21;-6;-21;-5;-22;-2;-8;-1;-3;0;0;0;1;0;0;-1;-2;-1;-6;-3;-17;-2;-17;-2;-17;-1;-18;-1;-18;-1;-19;-1;-20;0;-21;0;-21;0;-22;1;-23;1;-23;1;-24;1;-24;1;-24;1;-24;1;-25;1;-25;0;-26;0;-26;-1;-27;-1;-28;-1;-28;-2;-29;-3;-30;-4;-30;-4;-31;-4;-32,empty,EXP_S144,ZONE_02,entree_zone,4.1,entree_zone,entree dans la zone
708454125,-53,6,a0:9f:7a:73:2b:3e,384,-110;-96;8;0;27;25;25;25;22;23;20;20;18;16;17;11;18;6;20;2;22;-1;25;-3;27;-4;29;-3;30;-2;30;-1;29;0;27;1;24;1;21;0;18;-2;16;-5;15;-8;15;-10;16;-12;18;-14;20;-14;5;-4;0;0;0;0;0;0;0;0;0;0;0;0;0;0;0;0;0;0;-1;6;-3;27;-7;28;-11;28;-15;26;-18;22;-18;18;-16;15;-12;12;-7;10;-2;11;3;14;7;18;9;23;9;28;8;32;6;34;3;35;1;34;0;32;0;28;2;25;6;22;10;20;15;19;20;19;24;20;-104;0;7;0;7;0;7;0;7;0;6;0;5;2;4;3;4;4;4;5;5;5;4;4;4;4;3;5;2;5;1;6;1;7;2;7;2;6;2;6;1;5;0;5;-1;5;-1;6;-1;6;-1;6;-1;6;-1;5;-1;5;-1;1;-1;0;-1;-1;0;0;0;0;-2;-1;-4;-2;-11;-6;-11;-7;-11;-7;-10;-8;-10;-9;-8;-9;-7;-10;-6;-11;-6;-12;-5;-13;-5;-13;-4;-12;-3;-12;-2;-11;-1;-11;0;-11;1;-12;1;-11;1;-11;2;-9;2;-8;4;-7;5;-7;6;-7;6;-7;6;-6;5;-5;5;-5;-104;0;22;20;22;19;22;18;21;17;21;16;21;15;21;14;21;13;20;12;20;11;20;11;20;10;21;10;21;10;20;9;20;9;20;9;20;9;20;10;20;10;20;10;19;10;18;11;18;11;18;11;17;12;16;13;16;14;5;5;1;1;-1;-1;-1;-1;-1;-1;1;0;4;3;13;9;13;9;13;10;13;10;13;11;13;12;14;13;14;14;14;14;14;15;14;15;15;16;15;16;15;17;15;18;15;18;15;18;16;18;16;18;17;18;18;19;19;19;19;19;20;19;21;19;22;20;22;20;23;20,empty,EXP_S144,ZONE_02,entree_zone,4.1,entree_zone,entree dans la zone
708652097,-54,6,a0:9f:7a:73:2b:3e,384,-110;-96;8;0;-9;28;-9;27;-9;24;-7;21;-5;18;-2;16;2;14;6;14;9;14;12;15;13;17;14;18;13;20;12;20;10;20;9;19;8;17;7;14;8;11;9;9;10;7;12;5;14;5;16;6;17;6;4;1;0;0;0;0;0;0;0;0;0;0;0;0;0;0;0;0;0;0;-6;2;-21;7;-23;5;-25;1;-24;-2;-23;-5;-20;-6;-16;-6;-13;-4;-10;-1;-9;3;-9;8;-11;12;-14;15;-17;17;-21;17;-23;16;-24;15;-24;13;-23;11;-21;10;-17;11;-13;12;-10;15;-7;18;-6;22;-5;25;-119;0;5;9;5;10;4;10;3;10;2;10;0;9;-2;10;-3;10;-4;11;-5;11;-5;10;-5;9;-6;9;-7;8;-8;8;-9;8;-9;8;-9;7;-9;7;-9;6;-9;5;-9;4;-10;4;-10;4;-10;3;-10;3;-9;3;-9;2;-4;0;-2;0;0;-1;-1;1;-1;0;-1;-3;0;-8;1;-20;2;-20;3;-20;5;-20;6;-19;8;-18;9;-17;11;-16;12;-16;14;-15;14;-14;15;-13;14;-11;14;-9;15;-7;15;-6;16;-5;16;-5;15;-4;14;-2;13;-1;13;1;12;2;12;4;12;4;11;5;10;5;9;6;-119;0;-13;45;-12;45;-11;44;-10;43;-9;42;-7;41;-6;40;-5;39;-3;38;-2;37;-1;37;0;36;0;36;1;36;1;36;1;36;1;35;1;35;1;35;1;35;0;35;0;34;-1;34;-2;33;-3;33;-5;33;-7;32;-8;32;-4;11;-2;3;0;-2;0;-2;0;-1;-1;2;-2;8;-6;24;-7;24;-7;25;-8;26;-9;27;-10;28;-11;29;-12;29;-13;30;-14;31;-14;32;-15;32;-16;33;-16;33;-17;34;-17;33;-17;34;-16;34;-16;36;-16;37;-16;39;-16;40;-16;41;-16;42;-15;44;-14;45;-14;46;-13;47,empty,EXP_S144,ZONE_02,entree_zone,4.1,entree_zone,entree dans la zone
708853767,-53,6,a0:9f:7a:73:2b:3e,384,-110;-96;8;0;7;-39;8;-37;8;-34;6;-30;4;-27;0;-24;-4;-22;-9;-21;-12;-22;-15;-23;-17;-25;-17;-26;-17;-28;-15;-28;-14;-28;-12;-26;-11;-24;-10;-21;-11;-18;-12;-15;-14;-13;-17;-12;-19;-12;-20;-13;-21;-14;-6;-4;0;0;0;0;0;0;0;0;0;0;0;0;0;0;0;0;0;0;5;-5;22;-18;26;-15;29;-12;30;-7;29;-3;26;0;22;1;17;0;13;-3;10;-8;9;-13;10;-19;13;-24;17;-27;21;-28;24;-28;26;-26;27;-24;26;-21;23;-20;20;-19;15;-20;11;-23;7;-26;5;-30;4;-34;-105;0;-4;-7;-3;-7;-3;-7;-2;-7;-1;-6;0;-6;1;-6;2;-6;2;-7;2;-7;2;-6;3;-6;3;-5;4;-5;4;-5;5;-5;5;-5;5;-5;5;-4;4;-4;5;-3;5;-2;5;-2;5;-2;5;-2;5;-2;5;-2;5;-2;1;-1;0;-1;-1;0;0;-1;0;-1;-1;1;-1;4;-2;11;-3;11;-4;11;-5;11;-6;10;-7;10;-8;9;-9;9;-9;8;-10;8;-10;7;-10;7;-10;6;-10;5;-11;4;-11;3;-11;2;-11;1;-10;1;-10;0;-9;-1;-9;-2;-8;-3;-8;-4;-8;-4;-7;-4;-7;-4;-6;-4;-105;0;11;-31;10;-31;10;-30;9;-29;8;-29;7;-28;6;-27;5;-27;5;-26;4;-25;3;-25;2;-25;2;-25;2;-25;1;-25;1;-25;1;-25;1;-25;1;-25;2;-24;2;-24;2;-24;3;-23;3;-23;4;-23;5;-22;6;-22;7;-21;2;-8;1;-3;-1;0;-1;1;-1;0;0;-2;1;-6;4;-17;4;-17;5;-17;6;-17;6;-18;7;-18;8;-19;8;-20;9;-20;9;-21;10;-21;10;-21;11;-21;12;-22;12;-22;12;-22;12;-23;12;-23;12;-24;12;-25;12;-26;12;-27;12;-27;12;-28;11;-29;11;-30;11;-31;11;-32,empty,EXP_S144,ZONE_02,entree_zone,4.1,entree_zone,entree dans la zone
709058427,-53,6,a0:9f:7a:73:2b:3e,384,-110;-96;8;0;33;-12;32;-10;30;-9;26;-9;22;-9;18;-11;15;-14;13;-16;11;-19;10;-22;11;-24;12;-25;13;-25;14;-24;14;-23;14;-21;13;-19;10;-17;7;-16;5;-16;2;-17;0;-18;-1;-19;-1;-21;-1;-23;-1;-6;0;0;0;0;0;0;0;0;0;0;0;0;0;0;0;0;0;0;6;2;24;11;23;15;21;19;18;22;14;23;10;22;8;19;6;14;7;9;10;5;14;2;19;0;24;0;28;2;31;4;33;8;32;10;31;12;29;12;27;11;25;8;23;4;23;-1;24;-5;26;-9;28;-11;-110;0;2;-6;3;-6;3;-5;3;-5;3;-4;3;-3;4;-2;5;-2;5;-1;5;-2;5;-1;5;-1;5;0;5;0;5;1;5;1;5;1;5;1;5;1;4;1;4;2;4;2;4;3;4;3;4;3;4;2;4;2;3;2;1;0;0;0;-1;-1;0;-1;0;-1;-2;0;-4;1;-11;4;-11;4;-12;3;-12;2;-12;1;-12;0;-12;-1;-12;-2;-12;-3;-12;-4;-12;-4;-12;-4;-11;-4;-10;-5;-9;-6;-9;-7;-9;-7;-8;-7;-8;-7;-6;-7;-5;-6;-4;-7;-3;-7;-3;-8;-2;-8;-2;-7;-2;-7;-1;-6;-110;0;28;-8;28;-8;27;-9;26;-9;25;-9;24;-9;23;-10;22;-10;21;-10;20;-11;19;-11;19;-12;18;-12;18;-12;18;-12;18;-13;17;-13;17;-12;17;-12;17;-12;17;-12;17;-11;17;-11;17;-10;17;-10;17;-9;18;-8;18;-7;6;-3;2;-1;-1;0;-1;0;-1;0;1;-1;5;-2;14;-5;15;-5;15;-4;16;-4;16;-4;17;-4;18;-4;19;-3;19;-3;20;-3;20;-3;21;-3;22;-3;22;-2;23;-2;23;-2;23;-2;23;-3;24;-3;25;-4;26;-4;26;-5;27;-5;27;-6;28;-6;28;-7;29;-7;29;-8,empty,EXP_S144,ZONE_02,entree_zone,4.1,entree_zone,entree dans la zone
709252905,-53,6,a0:9f:7a:73:2b:3e,384,-110;-96;8;0;-15;35;-16;33;-15;30;-13;27;-10;24;-6;22;-2;20;3;20;6;21;9;22;11;24;11;26;11;27;10;27;9;27;7;25;6;23;6;20;7;17;9;15;11;13;13;12;15;12;17;12;18;13;4;3;0;0;0;0;0;0;0;0;0;0;0;0;0;0;0;0;0;0;-7;2;-28;8;-30;5;-31;0;-31;-5;-28;-8;-24;-10;-20;-9;-16;-6;-13;-2;-12;3;-13;9;-15;14;-19;18;-24;20;-28;20;-31;19;-33;17;-33;14;-32;12;-29;11;-24;12;-20;14;-16;17;-13;21;-12;26;-11;29;-112;0;3;6;3;6;3;6;3;5;2;5;0;4;-1;4;-2;5;-2;5;-2;6;-2;5;-2;5;-3;4;-4;3;-5;3;-5;4;-5;4;-5;4;-5;4;-4;3;-5;2;-5;2;-6;1;-6;2;-6;2;-6;2;-5;2;-5;1;-2;0;-1;0;0;-1;-1;0;-1;0;0;-2;0;-5;2;-13;2;-13;3;-13;4;-12;4;-12;5;-11;6;-10;8;-10;9;-10;9;-10;9;-9;9;-8;9;-7;9;-6;10;-5;10;-4;11;-3;11;-3;10;-3;9;-2;8;-1;8;0;8;2;8;2;8;2;8;2;7;2;6;2;-112;0;-11;29;-10;28;-9;28;-8;27;-8;27;-7;26;-6;25;-5;25;-4;24;-3;23;-3;23;-2;23;-2;23;-1;23;-1;23;-1;23;-1;22;-1;22;-1;22;-1;22;-2;22;-2;21;-2;21;-3;21;-4;20;-4;20;-5;20;-6;20;-3;7;-1;2;0;-1;0;-1;0;-1;-1;1;-2;5;-5;15;-5;15;-5;15;-6;16;-6;17;-7;18;-8;18;-8;19;-9;19;-9;19;-10;20;-10;20;-11;21;-11;21;-12;21;-12;21;-12;21;-12;22;-11;23;-11;24;-11;25;-12;26;-12;26;-12;27;-11;28;-11;28;-11;29;-11;30,empty,EXP_S144,ZONE_02,entree_zone,4.1,entree_zone,entree dans la zone
709455374,-53,6,a0:9f:7a:73:2b:3e,384,-110;-96;8;0;-36;-17;-34;-17;-30;-16;-26;-13;-23;-9;-21;-4;-20;1;-20;6;-20;10;-22;13;-25;15;-27;16;-29;15;-29;13;-28;11;-26;9;-23;8;-19;8;-15;8;-12;10;-10;12;-8;15;-7;18;-8;20;-9;22;-3;5;0;0;0;0;0;0;0;0;0;0;0;0;0;0;0;0;0;0;-1;-8;-1;-29;2;-31;7;-31;11;-29;14;-25;14;-21;12;-16;8;-13;2;-11;-4;-11;-9;-13;-14;-16;-17;-21;-18;-26;-18;-31;-15;-34;-13;-35;-11;-34;-9;-31;-9;-27;-11;-23;-14;-19;-18;-15;-23;-12;-29;-11;-33;-11;-106;0;-8;1;-8;0;-8;-1;-8;-1;-8;-2;-7;-3;-7;-4;-7;-4;-7;-5;-7;-5;-6;-6;-6;-6;-5;-6;-5;-7;-5;-7;-4;-7;-4;-7;-4;-7;-3;-7;-3;-7;-2;-7;-2;-7;-2;-7;-2;-7;-1;-7;-1;-7;-1;-7;0;-7;0;-3;0;-1;0;0;-1;-1;-1;-1;1;0;4;1;11;5;11;6;10;7;9;8;9;9;8;10;7;10;7;11;6;11;5;12;4;12;3;12;2;12;1;11;0;11;-1;11;-2;10;-2;10;-3;9;-3;9;-4;8;-5;8;-5;7;-6;6;-6;6;-7;5;-7;4;-7;4;-106;0;-26;-17;-26;-17;-26;-16;-26;-15;-25;-14;-25;-13;-24;-12;-24;-11;-23;-10;-23;-9;-23;-8;-23;-7;-23;-7;-23;-6;-23;-6;-23;-6;-23;-6;-23;-6;-22;-6;-22;-7;-22;-7;-21;-7;-21;-7;-21;-7;-20;-8;-20;-9;-19;-10;-19;-10;-7;-4;-2;-2;0;0;0;0;0;0;-2;-1;-6;-3;-14;-9;-14;-9;-14;-10;-14;-11;-15;-11;-15;-12;-15;-12;-16;-13;-16;-14;-17;-14;-17;-15;-17;-16;-18;-16;-18;-16;-18;-16;-18;-17;-19;-17;-19;-17;-20;-17;-21;-17;-21;-17;-22;-17;-23;-17;-24;-18;-25;-18;-26;-18;-27;-18;-27;-18,empty,EXP_S144,ZONE_02,entree_zone,4.1,entree_zone,entree dans la zone
709659528,-53,6,a0:9f:7a:73:2b:3e,384,-110;-96;8;0;32;-21;31;-19;29;-17;25;-15;20;-15;16;-16;11;-18;8;-20;6;-23;5;-26;5;-29;6;-30;7;-31;9;-30;10;-28;10;-25;9;-23;7;-20;4;-18;1;-18;-2;-18;-4;-18;-6;-20;-7;-22;-6;-24;-2;-6;0;0;0;0;0;0;0;0;0;0;0;0;0;0;0;0;0;0;6;1;27;6;27;10;26;15;23;18;19;19;15;19;12;16;10;11;10;6;12;1;16;-3;21;-5;26;-6;30;-5;34;-3;35;0;35;2;34;4;31;4;29;3;26;0;24;-4;23;-9;23;-14;25;-18;27;-21;-111;0;2;-6;3;-7;3;-6;3;-6;4;-5;4;-4;5;-3;5;-3;6;-3;6;-3;6;-3;6;-2;6;-1;6;-1;6;0;6;0;7;0;6;0;6;1;5;1;5;1;5;2;5;2;5;2;5;2;5;2;4;2;4;2;1;0;0;0;-1;-1;0;-1;0;-1;-2;0;-4;2;-11;5;-11;5;-12;4;-12;3;-12;2;-12;1;-12;0;-12;-1;-13;-2;-13;-2;-12;-3;-12;-3;-11;-4;-10;-5;-9;-5;-9;-6;-9;-7;-8;-7;-8;-7;-7;-7;-6;-7;-5;-7;-4;-8;-4;-8;-3;-8;-2;-8;-2;-8;-1;-7;-111;0;28;-14;27;-15;26;-15;25;-15;24;-15;23;-15;22;-15;21;-15;20;-15;19;-16;18;-16;18;-16;17;-16;17;-17;17;-17;16;-17;16;-17;16;-16;16;-16;16;-16;16;-15;16;-15;16;-14;16;-14;16;-13;17;-12;17;-12;18;-11;6;-4;2;-1;-1;0;-1;0;-1;0;1;-1;5;-3;14;-8;14;-8;15;-8;15;-7;16;-7;17;-7;18;-7;19;-7;19;-8;20;-8;21;-8;21;-8;22;-8;23;-7;23;-7;23;-7;23;-8;24;-8;24;-9;25;-9;25;-10;26;-11;26;-11;27;-12;27;-13;28;-14;28;-15;29;-15,empty,EXP_S144,ZONE_02,entree_zone,4.1,entree_zone,entree dans la zone
709853696,-53,6,a0:9f:7a:73:2b:3e,384,-110;-96;8;0;-24;-30;-22;-29;-20;-27;-18;-24;-17;-19;-17;-14;-19;-10;-21;-6;-24;-4;-26;-2;-29;-2;-31;-3;-31;-4;-30;-6;-28;-7;-26;-7;-23;-7;-21;-5;-18;-2;-17;1;-17;4;-17;6;-18;8;-20;9;-22;10;-6;2;0;0;0;0;0;0;0;0;0;0;0;0;0;0;0;0;0;0;0;-7;3;-29;7;-29;12;-28;15;-26;17;-22;17;-18;14;-15;10;-12;5;-12;0;-13;-5;-16;-8;-21;-9;-26;-9;-31;-7;-34;-4;-36;-2;-36;0;-35;1;-33;0;-30;-3;-27;-6;-24;-11;-22;-16;-22;-20;-23;-24;-25;-105;0;-7;-3;-7;-3;-6;-4;-6;-4;-5;-4;-4;-5;-3;-6;-3;-6;-3;-7;-3;-7;-3;-7;-2;-7;-2;-7;-1;-7;0;-7;0;-7;0;-8;0;-7;0;-7;1;-7;1;-6;2;-6;2;-6;2;-6;2;-6;2;-6;2;-5;2;-5;0;-2;0;-1;-1;0;-1;-1;-1;-1;0;0;2;3;6;9;6;10;5;10;4;11;3;11;2;11;1;11;1;12;0;12;-1;12;-2;12;-2;11;-3;10;-4;10;-5;9;-5;9;-6;8;-6;8;-6;7;-6;6;-6;5;-7;4;-7;3;-8;3;-8;2;-7;2;-7;1;-7;0;-105;0;-16;-28;-16;-27;-16;-26;-16;-25;-17;-24;-16;-23;-16;-22;-16;-21;-16;-20;-17;-19;-17;-18;-17;-17;-17;-16;-18;-16;-18;-16;-18;-16;-18;-16;-17;-16;-17;-16;-17;-16;-16;-16;-16;-16;-15;-16;-15;-16;-14;-16;-13;-17;-13;-17;-12;-18;-4;-7;-2;-3;0;0;0;0;0;0;-2;-2;-4;-5;-10;-14;-9;-14;-9;-15;-9;-16;-9;-16;-9;-17;-9;-18;-9;-19;-9;-20;-9;-21;-9;-21;-9;-22;-9;-22;-9;-23;-9;-23;-9;-23;-9;-24;-10;-24;-10;-24;-11;-25;-12;-26;-13;-26;-13;-27;-14;-27;-15;-28;-16;-28;-16;-28;-17;-29,empty,EXP_S144,ZONE_02,entree_zone,4.1,entree_zone,entree dans la zone
710052873,-53,6,a0:9f:7a:73:2b:3e,384,-110;-96;8;0;37;1;35;2;32;2;28;1;25;-2;21;-5;19;-9;19;-12;19;-16;20;-18;22;-20;23;-20;25;-19;25;-17;25;-15;23;-13;20;-12;17;-11;14;-12;11;-13;9;-15;8;-18;8;-20;9;-22;11;-23;3;-6;0;0;0;0;0;0;0;0;0;0;0;0;0;0;0;0;0;0;5;3;23;16;21;20;18;24;14;26;10;26;7;24;5;21;4;16;6;11;10;8;14;6;20;5;25;7;29;10;31;13;31;16;30;19;28;20;26;19;24;17;23;14;23;10;24;6;27;2;30;0;33;-2;-115;0;5;-4;5;-4;5;-4;5;-3;4;-2;4;-1;5;0;6;1;6;1;6;1;6;2;5;2;4;3;4;4;4;4;5;5;5;5;5;5;4;4;3;4;2;5;2;5;2;6;2;6;2;6;2;5;2;5;1;4;0;1;0;0;-1;-1;0;-1;0;-1;-2;0;-4;1;-12;4;-12;3;-13;2;-13;2;-12;1;-12;-1;-12;-2;-12;-3;-12;-4;-12;-5;-12;-5;-11;-6;-10;-6;-9;-7;-8;-7;-7;-8;-7;-9;-7;-9;-6;-8;-5;-7;-3;-7;-2;-7;-1;-8;0;-8;0;-8;0;-7;0;-7;1;-6;-115;0;31;0;30;-1;30;-1;29;-1;28;-2;27;-2;26;-2;25;-2;24;-3;24;-4;23;-4;23;-5;22;-5;22;-6;22;-6;22;-5;22;-5;22;-5;22;-5;22;-4;22;-3;22;-3;21;-2;21;-2;21;-1;21;0;21;1;21;2;7;1;2;0;-1;0;-1;0;-1;0;1;-1;5;-2;15;-5;16;-5;16;-4;17;-4;18;-3;18;-3;19;-2;20;-2;21;-1;21;-1;22;-1;23;-1;23;0;24;0;24;1;24;1;25;1;25;1;26;1;26;0;27;0;28;1;29;0;29;0;30;0;31;-1;32;-1;32;-2,empty,EXP_S144,ZONE_02,entree_zone,4.1,entree_zone,entree dans la zone
710256451,-54,6,a0:9f:7a:73:2b:3e,384,-110;-96;8;0;7;-30;7;-28;7;-25;5;-22;3;-20;0;-18;-4;-17;-8;-17;-11;-17;-13;-18;-14;-20;-14;-21;-13;-22;-12;-22;-10;-22;-9;-20;-8;-17;-8;-15;-8;-12;-10;-10;-12;-8;-14;-7;-16;-7;-18;-8;-18;-9;-5;-3;0;0;0;0;0;0;0;0;0;0;0;0;0;0;0;0;0;0;4;-3;20;-11;22;-8;24;-5;24;-1;22;2;20;4;16;4;12;2;9;-1;7;-5;7;-10;9;-14;12;-18;15;-20;19;-20;21;-19;22;-18;22;-16;21;-15;19;-14;16;-14;13;-15;9;-17;6;-20;5;-24;4;-27;-115;0;-2;-10;-1;-10;0;-10;1;-10;2;-9;4;-9;5;-9;6;-8;7;-8;7;-8;8;-8;8;-7;9;-6;9;-5;10;-5;10;-4;10;-4;10;-3;10;-3;11;-2;10;-1;10;-1;10;-1;10;0;10;0;9;1;9;1;8;2;3;0;0;0;-1;-1;0;-2;0;-1;-1;2;-3;6;-8;18;-10;17;-11;17;-13;16;-14;15;-15;14;-16;13;-17;11;-18;10;-18;9;-19;8;-19;6;-18;5;-18;4;-18;2;-18;1;-17;0;-16;-1;-16;-2;-15;-3;-13;-4;-12;-5;-11;-6;-11;-7;-10;-7;-9;-8;-8;-8;-7;-8;-115;0;26;-43;25;-43;24;-42;23;-41;21;-40;19;-39;18;-39;16;-38;15;-37;13;-37;12;-36;11;-36;10;-37;9;-37;9;-37;9;-37;9;-37;9;-37;9;-36;10;-36;10;-35;10;-35;11;-34;12;-33;13;-32;14;-31;16;-30;17;-29;6;-11;2;-3;-1;1;-1;1;-1;0;1;-3;4;-9;12;-24;12;-24;13;-24;15;-24;16;-24;17;-25;17;-25;19;-27;20;-27;21;-28;22;-28;23;-29;24;-29;25;-29;25;-29;26;-30;26;-30;26;-31;26;-32;26;-34;26;-35;26;-37;26;-38;26;-39;27;-41;27;-42;27;-43;28;-44,empty,EXP_S144,ZONE_02,entree_zone,4.1,entree_zone,entree dans la zone
710452534,-54,6,a0:9f:7a:73:2b:3e,384,-110;-96;8;0;-29;-12;-27;-12;-24;-11;-22;-9;-19;-6;-18;-2;-18;1;-18;5;-20;7;-21;9;-23;9;-25;9;-25;8;-25;6;-24;4;-21;3;-19;3;-16;3;-14;5;-12;7;-11;9;-11;11;-12;13;-13;14;-15;15;-4;3;0;0;0;0;0;0;0;0;0;0;0;0;0;0;0;0;0;0;-4;-5;-13;-19;-11;-22;-8;-24;-4;-25;-1;-23;1;-21;1;-17;0;-14;-3;-11;-7;-9;-11;-9;-15;-11;-18;-13;-20;-17;-20;-20;-19;-22;-18;-23;-16;-23;-15;-22;-15;-20;-15;-17;-16;-14;-19;-11;-22;-9;-25;-9;-28;-9;-105;0;-10;0;-10;0;-10;-1;-10;-2;-9;-3;-9;-5;-9;-6;-9;-7;-9;-8;-9;-8;-8;-8;-8;-9;-7;-10;-6;-11;-6;-12;-5;-12;-5;-12;-4;-12;-4;-12;-3;-11;-2;-11;-2;-12;-1;-12;-1;-12;0;-12;0;-11;0;-10;0;-9;0;-4;0;-1;0;0;-2;-1;-1;-1;2;0;6;1;18;3;18;4;18;6;17;7;16;8;15;9;14;11;14;12;13;13;12;14;11;14;9;14;8;14;6;14;4;14;3;14;2;14;1;14;0;14;0;13;-2;12;-3;11;-4;10;-5;9;-6;8;-6;7;-6;6;-6;4;-105;0;-48;-20;-48;-20;-47;-19;-46;-17;-45;-16;-44;-14;-42;-13;-41;-11;-41;-10;-40;-8;-40;-7;-40;-6;-39;-6;-39;-5;-39;-6;-39;-6;-39;-6;-38;-6;-38;-6;-38;-6;-37;-7;-37;-7;-36;-8;-35;-9;-34;-10;-33;-12;-32;-13;-32;-15;-12;-6;-4;-2;1;0;1;0;0;0;-3;-1;-10;-3;-27;-7;-27;-8;-27;-9;-27;-10;-28;-11;-29;-12;-30;-13;-31;-14;-32;-15;-33;-16;-34;-17;-35;-17;-35;-18;-36;-20;-36;-20;-36;-21;-36;-21;-37;-21;-38;-21;-39;-21;-41;-21;-42;-21;-44;-21;-45;-21;-46;-21;-48;-20;-49;-20;-50;-21,empty,EXP_S144,ZONE_02,entree_zone,4.1,entree_zone,entree dans la zone
710655714,-53,6,a0:9f:7a:73:2b:3e,384,-110;-96;8;0;-38;6;-36;5;-33;4;-28;5;-24;6;-20;9;-17;12;-15;16;-14;20;-14;23;-16;25;-17;26;-19;26;-19;24;-19;22;-18;19;-16;17;-13;15;-9;15;-6;15;-3;16;-1;18;0;21;-1;23;-1;25;-1;6;0;0;0;0;0;0;0;0;0;0;0;0;0;0;0;0;0;0;-6;-5;-23;-18;-22;-22;-19;-26;-14;-28;-10;-28;-6;-25;-4;-21;-4;-17;-6;-11;-10;-7;-15;-5;-21;-4;-26;-5;-30;-8;-33;-11;-33;-15;-32;-17;-31;-18;-28;-18;-26;-16;-24;-12;-24;-7;-25;-3;-27;2;-30;5;-33;7;-104;0;-5;4;-5;4;-5;3;-6;2;-6;2;-7;1;-7;0;-7;-1;-7;-1;-7;-1;-7;-2;-7;-2;-7;-3;-7;-4;-7;-4;-7;-5;-7;-5;-6;-5;-6;-5;-6;-5;-5;-6;-5;-6;-5;-6;-5;-6;-4;-6;-4;-6;-4;-6;-3;-6;-1;-2;-1;-1;0;0;-1;0;-1;0;1;-1;4;-2;11;-4;12;-3;12;-2;12;-1;12;0;12;1;12;2;12;3;11;3;11;4;11;5;10;5;9;6;8;6;8;7;7;7;6;8;5;8;5;8;4;7;3;7;2;7;1;7;0;7;0;7;-1;7;-2;6;-2;5;-104;0;-31;3;-31;3;-30;4;-29;4;-28;5;-28;5;-27;5;-26;6;-25;7;-24;7;-23;8;-23;8;-22;9;-22;9;-22;9;-22;9;-22;9;-22;9;-22;8;-22;8;-22;7;-22;7;-21;7;-21;6;-21;5;-21;4;-21;3;-22;2;-8;0;-3;0;0;-1;0;-1;0;-1;-2;0;-6;1;-16;3;-17;2;-17;2;-18;1;-18;1;-19;0;-20;0;-21;0;-21;0;-22;-1;-23;-1;-23;-1;-24;-2;-24;-2;-24;-2;-25;-2;-25;-2;-25;-1;-26;-1;-27;-1;-28;0;-28;0;-29;1;-30;1;-31;2;-31;2;-32;3;-32;3,empty,EXP_S144,ZONE_02,entree_zone,4.1,entree_zone,entree dans la zone
710852366,-53,6,a0:9f:7a:73:2b:3e,384,-110;-96;8;0;37;-8;35;-7;32;-6;28;-6;23;-7;19;-10;16;-13;14;-17;13;-21;14;-24;15;-26;17;-27;18;-27;20;-25;20;-23;19;-20;17;-18;14;-16;11;-15;7;-16;4;-17;2;-19;1;-21;2;-24;3;-26;0;-7;0;0;0;0;0;0;0;0;0;0;0;0;0;0;0;0;0;0;6;2;24;12;23;16;21;20;18;23;14;23;10;22;8;18;7;14;8;9;11;5;15;2;21;1;26;2;30;4;32;7;33;10;32;13;30;14;28;13;26;11;24;8;24;4;24;-1;26;-5;30;-9;33;-11;-114;0;5;-5;5;-5;5;-5;5;-5;4;-3;5;-2;5;0;6;0;7;0;7;0;7;0;6;0;6;1;6;2;6;3;7;4;7;3;7;3;6;3;5;3;4;4;4;4;4;5;4;5;4;5;4;5;3;4;3;4;1;1;0;0;-1;-1;0;-1;0;-1;-2;0;-4;1;-11;5;-11;4;-12;3;-12;3;-12;2;-12;1;-11;-1;-12;-2;-12;-3;-12;-4;-12;-4;-11;-4;-10;-5;-9;-5;-8;-6;-8;-7;-8;-8;-7;-8;-7;-7;-5;-7;-4;-7;-2;-7;-1;-8;-1;-8;-1;-8;-1;-8;0;-7;0;-7;-114;0;30;-7;30;-7;29;-7;28;-8;27;-8;27;-8;26;-8;25;-9;24;-9;23;-9;22;-10;22;-10;21;-10;21;-10;21;-10;21;-11;21;-11;21;-11;21;-10;21;-10;21;-9;21;-8;21;-8;21;-7;21;-6;21;-5;21;-4;21;-2;7;-1;2;0;-1;0;-1;0;-1;0;1;-1;5;-3;14;-7;14;-6;15;-6;15;-6;16;-6;17;-6;18;-5;19;-5;20;-5;20;-5;21;-5;22;-4;23;-4;23;-4;24;-3;24;-3;24;-3;24;-3;25;-4;26;-4;27;-5;28;-5;28;-5;29;-6;29;-6;30;-7;31;-7;31;-7,empty,EXP_S144,ZONE_02,entree_zone,4.1,entree_zone,entree dans la zone
711061192,-53,6,a0:9f:7a:73:2b:3e,384,-110;-96;8;0;-36;11;-35;9;-32;8;-29;8;-25;9;-21;11;-18;14;-16;17;-16;20;-16;22;-17;24;-19;25;-21;24;-21;22;-21;20;-20;18;-18;16;-15;15;-12;15;-9;16;-7;17;-6;19;-6;21;-7;23;-8;24;-3;6;0;0;0;0;0;0;0;0;0;0;0;0;0;0;0;0;0;0;-7;-1;-27;-4;-28;-8;-28;-12;-26;-16;-22;-18;-19;-19;-16;-17;-13;-13;-13;-9;-14;-4;-17;-1;-21;2;-26;3;-30;2;-34;0;-35;-3;-36;-6;-35;-8;-33;-8;-31;-7;-29;-5;-27;-2;-27;2;-28;6;-30;10;-32;12;-100;0;-3;3;-3;3;-4;3;-4;2;-5;2;-5;1;-5;0;-6;0;-6;-1;-6;-1;-6;-1;-6;-2;-6;-2;-6;-3;-6;-3;-6;-4;-6;-4;-6;-4;-6;-4;-5;-4;-5;-5;-5;-5;-4;-5;-4;-5;-4;-5;-4;-5;-4;-5;-3;-5;-1;-2;-1;-1;0;0;-1;0;-1;0;0;-1;3;-3;8;-7;9;-6;9;-6;10;-5;10;-4;10;-3;10;-2;10;-1;11;-1;11;0;11;1;10;1;9;2;9;3;8;3;7;4;7;4;7;4;6;4;5;4;4;5;3;5;3;5;2;5;2;5;1;5;0;4;0;4;-100;0;-31;8;-31;8;-30;8;-29;9;-28;9;-27;9;-26;10;-25;10;-24;10;-24;10;-23;11;-23;11;-22;11;-22;11;-22;12;-22;11;-22;11;-22;11;-22;11;-22;10;-22;10;-22;9;-22;8;-22;8;-22;7;-22;5;-23;4;-23;3;-9;1;-3;0;0;-1;0;-1;0;-1;-2;0;-6;2;-15;7;-15;7;-16;6;-17;6;-17;6;-18;6;-19;6;-20;6;-21;5;-22;5;-23;5;-23;5;-24;4;-25;4;-25;4;-25;4;-25;4;-26;4;-26;4;-27;5;-28;5;-29;6;-30;7;-30;7;-31;7;-31;8;-32;8;-32;8,empty,EXP_S144,ZONE_02,entree_zone,4.1,entree_zone,entree dans la zone
711255534,-53,6,a0:9f:7a:73:2b:3e,384,-110;-96;8;0;6;37;5;35;5;33;5;29;6;25;8;22;11;19;14;17;18;16;21;16;23;17;23;18;23;19;22;20;20;20;18;18;16;16;15;14;15;11;16;8;17;5;19;4;21;3;23;4;25;5;6;1;0;0;0;0;0;0;0;0;0;0;0;0;0;0;0;0;0;0;-4;6;-15;25;-19;24;-24;22;-27;18;-28;14;-27;10;-23;7;-19;5;-14;6;-9;9;-6;14;-4;19;-4;25;-6;30;-10;33;-13;34;-16;34;-18;33;-18;30;-17;28;-14;26;-10;25;-6;25;-1;26;3;29;5;31;-110;0;4;2;4;2;4;3;3;3;2;3;1;3;0;4;-1;4;-1;5;-1;5;-1;5;-2;4;-2;4;-3;4;-4;4;-4;5;-4;5;-4;5;-4;4;-5;4;-5;3;-5;3;-6;3;-6;3;-6;3;-5;2;-5;2;-5;2;-2;0;-1;0;0;-1;0;0;0;0;-1;-2;-2;-5;-4;-13;-4;-13;-3;-13;-2;-13;-1;-13;0;-13;1;-13;2;-13;3;-13;4;-13;4;-13;5;-12;5;-11;6;-10;6;-9;7;-9;7;-8;7;-8;7;-7;7;-7;7;-5;7;-4;7;-4;7;-3;7;-3;7;-2;6;-2;6;-1;-110;0;1;31;2;31;2;30;3;29;3;28;4;27;4;26;5;25;6;24;6;24;7;23;8;22;8;22;8;22;8;22;9;22;9;21;8;21;8;21;8;21;8;21;7;21;7;21;6;21;6;21;5;21;4;21;3;22;0;7;0;2;-1;-1;-1;-2;-1;-1;0;1;0;6;2;16;1;17;1;17;0;18;0;18;0;19;-1;20;-1;21;-1;22;-2;22;-2;23;-2;24;-3;24;-3;25;-3;25;-4;25;-4;26;-3;26;-3;26;-2;27;-2;28;-2;29;-1;29;-1;30;0;31;0;31;1;32;1;33,empty,EXP_S144,ZONE_02,entree_zone,4.1,entree_zone,entree dans la zone
711458636,-54,6,a0:9f:7a:73:2b:3e,384,-110;-96;8;0;-7;27;-7;26;-7;24;-6;22;-4;19;-1;17;2;16;6;16;8;15;10;16;11;17;11;18;11;19;10;19;9;19;8;17;7;15;7;13;8;11;9;9;11;8;12;7;14;7;15;8;16;9;4;2;0;0;0;0;0;0;0;0;0;0;0;0;0;0;0;0;0;0;-5;3;-19;13;-21;11;-24;8;-25;4;-24;1;-22;-2;-18;-3;-15;-2;-11;0;-9;4;-8;8;-9;13;-11;17;-14;19;-17;20;-20;20;-22;19;-22;17;-22;16;-20;14;-18;14;-15;15;-11;16;-8;18;-6;21;-5;23;-110;0;4;6;4;7;4;7;3;7;1;6;-1;5;-3;5;-4;6;-5;7;-5;7;-5;7;-5;6;-6;5;-7;4;-8;4;-9;4;-10;5;-9;5;-8;4;-8;3;-8;2;-9;1;-9;1;-10;1;-9;1;-9;1;-8;0;-7;0;-3;-1;-1;-1;0;-1;0;1;-1;0;-1;-3;0;-8;0;-20;2;-20;3;-21;5;-20;6;-19;7;-18;9;-17;11;-16;12;-16;13;-15;14;-15;14;-15;13;-13;14;-11;14;-10;15;-8;16;-7;15;-6;14;-6;13;-5;12;-3;11;-1;11;0;12;1;11;2;11;1;10;1;9;1;-110;0;-17;45;-16;44;-15;43;-13;42;-12;41;-11;40;-10;39;-9;38;-7;37;-5;36;-3;36;-3;36;-2;36;-2;36;-1;36;-1;35;-1;35;-1;35;-2;34;-2;34;-3;34;-3;33;-4;33;-4;33;-5;32;-6;32;-8;32;-9;31;-4;11;-2;3;0;-2;0;-2;0;-1;-1;2;-2;9;-6;25;-6;25;-8;25;-8;26;-9;27;-10;28;-12;29;-13;30;-14;30;-15;31;-16;31;-16;32;-17;33;-18;34;-19;34;-19;34;-19;35;-19;35;-18;36;-18;38;-19;39;-20;40;-20;41;-19;42;-18;43;-18;45;-17;46;-18;47,empty,EXP_S144,ZONE_02,entree_zone,4.1,entree_zone,entree dans la zone
711652930,-53,6,a0:9f:7a:73:2b:3e,384,-110;-96;8;0;7;35;6;34;6;32;6;28;7;25;9;21;12;19;15;17;18;16;21;17;22;18;22;19;22;20;21;21;19;21;17;19;15;17;14;14;14;11;15;8;17;7;19;5;21;5;23;6;24;7;6;2;0;0;0;0;0;0;0;0;0;0;0;0;0;0;0;0;0;0;-2;6;-9;26;-13;26;-17;25;-21;22;-23;18;-23;14;-20;11;-16;9;-12;9;-7;11;-3;15;-1;20;-1;25;-2;29;-5;33;-8;34;-11;34;-12;34;-13;32;-12;29;-10;27;-7;26;-3;26;1;27;5;29;7;31;-106;0;4;2;4;2;4;2;4;2;2;2;1;3;0;3;-1;5;-1;5;0;6;0;5;-1;5;-2;4;-3;4;-4;5;-4;6;-4;6;-3;6;-3;5;-3;4;-4;3;-5;3;-5;3;-5;4;-5;4;-5;4;-4;3;-4;2;-2;0;-1;0;0;-1;0;0;0;0;-1;-1;-3;-3;-9;-9;-8;-9;-8;-10;-7;-11;-6;-11;-5;-11;-4;-11;-3;-12;-2;-13;-1;-13;-1;-13;-1;-13;0;-12;1;-11;2;-10;3;-10;4;-10;4;-10;3;-9;3;-8;3;-7;4;-5;5;-4;6;-4;6;-4;5;-4;5;-3;4;-3;-106;0;10;29;11;29;11;28;11;27;11;26;11;25;11;24;11;23;11;22;12;21;12;21;12;20;13;20;13;20;13;20;13;19;13;19;13;19;12;20;12;20;11;20;10;20;10;19;9;19;8;20;7;20;6;21;5;21;1;7;0;2;-1;-1;-1;-1;-1;-1;1;1;3;4;9;13;9;13;9;14;8;15;8;16;8;17;8;18;8;19;8;19;8;20;8;21;8;21;7;22;7;23;7;24;6;24;6;24;7;24;7;25;8;26;8;27;9;27;9;28;9;28;10;29;10;29;11;30;11;31,empty,EXP_S144,ZONE_02,entree_zone,4.1,entree_zone,entree dans la zone
711853977,-53,6,a0:9f:7a:73:2b:3e,384,-110;-96;8;0;26;-26;25;-24;23;-22;20;-20;16;-19;12;-20;8;-21;5;-23;3;-26;2;-28;3;-30;4;-32;6;-32;8;-30;9;-28;9;-25;8;-22;6;-20;3;-19;0;-18;-3;-18;-5;-20;-6;-22;-6;-24;-6;-26;-2;-7;0;0;0;0;0;0;0;0;0;0;0;0;0;0;0;0;0;0;6;-3;25;-9;27;-6;28;-2;28;3;26;6;23;8;19;7;16;5;13;2;13;-3;13;-8;16;-12;21;-14;25;-15;28;-15;31;-13;32;-11;32;-9;31;-8;29;-8;26;-9;24;-12;22;-15;21;-19;21;-23;22;-25;-110;0;1;-6;1;-6;1;-6;1;-5;2;-5;3;-4;4;-3;5;-3;6;-3;6;-4;5;-3;5;-3;5;-2;6;-1;7;0;7;0;7;0;7;0;6;0;6;0;5;1;5;2;6;2;6;2;6;2;5;2;5;2;4;2;1;0;0;0;-1;-1;0;-1;0;-1;-1;1;-1;3;-4;10;-4;10;-5;10;-6;9;-6;9;-7;8;-8;7;-9;6;-10;6;-10;6;-10;5;-10;5;-9;4;-9;2;-9;1;-10;0;-10;0;-10;0;-9;0;-8;-1;-7;-2;-6;-3;-6;-4;-6;-4;-5;-5;-5;-4;-4;-4;-3;-4;-110;0;20;-25;19;-24;19;-24;18;-24;17;-23;17;-23;16;-22;15;-22;14;-22;13;-22;12;-21;11;-22;11;-22;11;-22;11;-21;11;-21;11;-21;12;-21;12;-21;13;-20;13;-20;13;-19;13;-18;13;-18;14;-17;15;-16;16;-15;17;-14;6;-5;2;-2;-1;0;-1;0;-1;0;0;-2;1;-6;5;-15;6;-15;6;-15;7;-15;8;-16;9;-16;10;-17;11;-17;11;-17;12;-18;13;-18;13;-18;14;-19;15;-19;16;-19;16;-19;16;-19;16;-19;17;-20;17;-20;18;-21;18;-22;19;-22;19;-23;19;-24;19;-25;20;-26;20;-26,empty,EXP_S144,ZONE_02,entree_zone,4.1,entree_zone,entree dans la zone
712052799,-53,6,a0:9f:7a:73:2b:3e,384,-110;-96;8;0;30;21;28;20;25;19;22;16;20;12;20;7;21;3;23;-1;25;-3;28;-4;30;-4;31;-3;31;-1;30;0;29;2;26;3;23;3;20;1;18;-1;16;-4;16;-7;17;-10;19;-11;21;-12;23;-12;5;-3;0;0;0;0;0;0;0;0;0;0;0;0;0;0;0;0;0;0;3;5;11;24;8;26;4;28;0;28;-4;26;-5;23;-6;19;-4;16;0;13;4;12;9;13;13;15;16;19;18;22;18;26;17;29;15;30;13;30;12;28;11;26;12;23;15;20;18;18;22;17;26;16;29;17;-115;0;12;-1;12;-1;12;-2;11;-1;10;0;9;3;9;6;9;8;10;9;11;9;10;8;9;8;7;9;6;11;5;13;6;14;6;14;6;13;5;12;3;11;1;11;0;12;0;13;0;14;0;13;0;12;0;11;-1;10;-1;3;-1;0;-1;-1;1;-1;0;0;-3;0;-8;0;-23;0;-23;-2;-23;-3;-23;-5;-22;-6;-20;-8;-19;-10;-18;-13;-18;-15;-18;-16;-18;-16;-16;-16;-14;-15;-11;-16;-9;-17;-7;-18;-6;-18;-6;-18;-5;-16;-4;-14;-1;-13;2;-12;4;-12;5;-13;6;-13;5;-12;5;-10;5;-8;-115;0;59;19;58;18;57;17;56;16;54;15;53;14;52;12;50;11;49;9;48;7;47;6;47;5;47;5;47;5;47;5;47;5;46;5;46;5;46;6;46;7;45;8;44;9;43;10;43;11;42;12;41;14;40;17;39;19;14;7;4;2;-2;-1;-2;-1;-1;-1;3;0;11;0;31;2;31;3;31;4;32;5;34;6;35;8;36;9;37;11;38;12;39;12;40;13;42;14;43;15;44;16;44;17;44;18;45;18;45;18;47;18;48;18;50;19;52;19;53;19;55;19;57;19;58;19;60;18;61;19,empty,EXP_S144,ZONE_02,entree_zone,4.1,entree_zone,entree dans la zone
712254756,-53,6,a0:9f:7a:73:2b:3e,384,-110;-96;8;0;33;-17;31;-15;28;-14;25;-13;20;-13;16;-15;12;-17;9;-21;8;-24;7;-27;8;-29;10;-30;12;-30;13;-29;14;-26;14;-23;12;-21;9;-18;6;-17;3;-17;0;-18;-3;-19;-4;-22;-4;-24;-3;-26;-1;-7;0;0;0;0;0;0;0;0;0;0;0;0;0;0;0;0;0;0;6;0;26;4;27;7;26;12;23;16;20;17;16;17;13;15;10;11;10;6;12;2;15;-2;20;-5;25;-6;29;-5;32;-3;34;0;34;2;33;4;30;4;28;3;26;0;24;-3;23;-8;24;-12;26;-16;28;-18;-107;0;3;-5;4;-5;4;-5;4;-5;4;-4;5;-3;5;-2;6;-2;7;-1;7;-1;7;-1;6;0;6;0;6;1;7;2;7;2;7;2;7;2;6;3;5;3;5;3;5;4;4;4;5;4;4;4;4;4;4;4;3;3;1;1;0;0;-1;-1;0;-1;0;-1;-1;0;-4;2;-9;7;-10;6;-10;6;-11;5;-11;4;-11;3;-11;2;-11;1;-12;0;-12;-1;-12;-1;-11;-2;-11;-2;-10;-3;-9;-4;-9;-5;-9;-5;-8;-6;-7;-6;-6;-5;-5;-6;-4;-6;-3;-7;-3;-7;-2;-7;-2;-7;-1;-7;-1;-6;-107;0;28;-12;27;-13;27;-13;26;-13;25;-13;24;-13;23;-13;22;-13;21;-13;20;-14;19;-14;19;-14;19;-15;19;-15;19;-15;19;-15;19;-15;19;-14;19;-14;19;-13;19;-13;19;-12;19;-12;19;-11;19;-10;19;-9;20;-8;20;-7;7;-3;2;-1;-1;0;-1;0;-1;0;1;-2;4;-4;12;-9;12;-9;13;-9;14;-9;15;-9;16;-9;17;-9;17;-9;18;-9;19;-8;20;-8;20;-8;21;-8;22;-8;22;-8;22;-8;23;-8;23;-8;23;-9;24;-10;25;-10;26;-10;26;-11;27;-11;27;-12;28;-13;28;-13;29;-14,empty,EXP_S144,ZONE_02,entree_zone,4.1,entree_zone,entree dans la zone
712452422,-53,6,a0:9f:7a:73:2b:3e,384,-110;-96;8;0;-3;-37;-2;-35;-1;-32;-2;-28;-4;-24;-7;-21;-11;-18;-15;-17;-18;-17;-21;-18;-23;-20;-23;-22;-22;-23;-20;-24;-18;-24;-16;-22;-14;-20;-13;-17;-13;-13;-14;-11;-16;-8;-18;-7;-21;-7;-23;-8;-24;-9;-6;-3;0;0;0;0;0;0;0;0;0;0;0;0;0;0;0;0;0;0;2;-6;13;-23;16;-23;20;-21;22;-17;23;-13;21;-10;18;-8;14;-7;10;-8;6;-11;4;-16;3;-21;4;-25;7;-29;9;-31;12;-32;14;-31;15;-29;15;-27;13;-25;10;-24;6;-24;2;-25;-2;-28;-4;-31;-6;-33;-106;0;-5;-5;-5;-6;-5;-5;-4;-5;-3;-5;-2;-6;-1;-6;0;-7;0;-8;0;-8;0;-8;1;-7;1;-7;2;-7;3;-7;3;-7;3;-7;3;-7;3;-6;3;-5;4;-5;4;-4;5;-4;5;-5;5;-5;4;-4;4;-4;4;-3;1;-1;0;-1;-1;0;-1;-1;-1;-1;0;0;2;3;5;8;5;9;4;9;4;10;3;10;2;10;1;10;-1;10;-2;11;-2;11;-3;11;-3;10;-3;9;-4;8;-5;8;-6;7;-6;7;-6;6;-6;6;-6;4;-6;3;-6;2;-7;1;-7;0;-7;0;-7;0;-6;-1;-5;-2;-106;0;-8;-30;-8;-30;-9;-29;-9;-28;-9;-27;-9;-26;-9;-25;-9;-24;-9;-23;-10;-23;-10;-22;-10;-22;-11;-22;-11;-21;-11;-21;-11;-21;-11;-21;-11;-21;-11;-22;-10;-22;-9;-22;-9;-21;-8;-21;-7;-21;-6;-21;-5;-21;-4;-22;-3;-22;-1;-8;0;-3;0;0;0;0;0;0;-1;-2;-3;-5;-8;-14;-8;-14;-8;-15;-7;-16;-7;-16;-7;-17;-7;-18;-7;-19;-7;-20;-6;-20;-6;-21;-6;-22;-6;-22;-5;-23;-5;-24;-5;-24;-5;-24;-5;-24;-6;-25;-6;-26;-7;-27;-7;-27;-7;-28;-8;-28;-8;-29;-8;-30;-8;-31;-8;-31,empty,EXP_S144,ZONE_02,entree_zone,4.1,entree_zone,entree dans la zone
712652525,-53,6,a0:9f:7a:73:2b:3e,384,-110;-96;8;0;2;37;1;35;0;31;1;28;3;24;6;20;10;18;14;17;17;17;20;18;21;19;22;21;20;23;19;24;16;24;14;22;12;20;11;16;12;13;13;10;15;8;17;7;19;7;21;8;23;9;5;2;0;0;0;0;0;0;0;0;0;0;0;0;0;0;0;0;0;0;-3;6;-12;24;-16;23;-20;21;-23;18;-23;14;-22;11;-19;8;-15;8;-11;9;-7;11;-4;15;-3;20;-4;25;-6;28;-9;31;-12;32;-15;31;-16;29;-16;27;-14;25;-10;24;-6;24;-2;25;1;27;4;30;6;33;-103;0;3;4;3;5;2;5;2;5;1;5;0;5;-1;5;-2;6;-3;6;-3;6;-3;6;-3;6;-4;5;-4;5;-5;5;-6;5;-6;5;-5;5;-5;4;-5;4;-6;3;-6;2;-6;2;-7;2;-6;2;-6;2;-6;2;-6;1;-2;0;-1;0;0;-1;0;0;0;0;-1;-1;-2;-4;-5;-10;-5;-11;-4;-11;-3;-11;-2;-11;-1;-11;0;-11;1;-11;2;-11;3;-11;3;-11;3;-10;4;-10;5;-9;5;-8;6;-7;6;-7;6;-6;6;-5;6;-5;6;-3;6;-2;6;-1;6;0;6;0;6;0;5;1;5;1;-103;0;2;31;2;30;2;29;3;29;3;28;3;27;3;26;4;25;4;24;5;23;5;23;5;23;6;23;6;23;6;22;6;22;6;22;5;22;5;23;4;22;3;22;3;22;2;21;2;21;1;21;0;21;-1;21;-3;21;-1;7;-1;2;-1;-1;-1;-1;-1;-1;0;1;2;5;5;14;5;15;4;15;4;16;4;17;3;17;3;18;3;19;2;20;2;21;2;21;1;22;1;22;1;23;0;23;0;24;0;24;0;25;1;25;1;26;1;27;1;28;1;28;1;29;2;29;2;30;2;31;2;32,empty,EXP_S144,ZONE_02,entree_zone,4.1,entree_zone,entree dans la zone
712861819,-53,6,a0:9f:7a:73:2b:3e,384,-110;-96;8;0;15;33;13;32;12;29;11;25;11;21;13;16;16;13;19;10;22;9;24;9;26;11;27;12;27;14;26;15;24;16;21;15;19;13;17;11;16;7;16;4;17;2;18;0;20;-1;23;0;24;0;6;0;0;0;0;0;0;0;0;0;0;0;0;0;0;0;0;0;0;0;-1;6;-4;26;-7;27;-12;26;-15;24;-17;21;-17;17;-15;14;-11;12;-7;11;-2;12;1;15;4;20;4;25;4;29;2;32;-1;34;-4;34;-5;32;-5;30;-4;28;-1;25;3;24;7;24;10;25;14;27;17;29;-108;0;5;2;5;2;5;3;5;3;4;3;3;4;2;5;2;6;2;6;2;6;2;6;1;6;0;5;-1;6;-1;6;-2;7;-2;7;-2;7;-2;6;-2;6;-3;5;-4;5;-4;5;-4;5;-4;5;-4;5;-4;4;-4;3;-2;1;-1;0;0;-1;0;0;0;0;-2;-1;-4;-3;-10;-7;-10;-7;-9;-8;-9;-8;-8;-9;-7;-9;-6;-10;-5;-11;-4;-11;-4;-12;-3;-12;-3;-11;-1;-10;0;-10;1;-9;2;-9;2;-9;2;-9;2;-9;3;-8;3;-6;4;-5;5;-5;6;-5;6;-4;5;-4;5;-3;4;-2;-108;0;18;24;18;24;17;23;17;22;17;21;17;20;17;20;17;19;17;18;17;17;17;16;17;16;17;16;17;16;16;16;16;16;16;16;16;16;16;16;15;16;15;16;14;16;13;16;13;17;12;17;11;18;10;18;9;19;3;7;0;2;-1;-1;-1;-1;-1;-1;1;0;4;3;12;9;12;9;12;10;12;10;12;11;12;12;13;13;13;14;13;15;13;15;13;16;14;17;14;18;13;19;13;19;13;19;13;20;13;20;14;20;15;21;15;21;16;22;17;23;17;23;18;23;19;24;19;24;19;24,empty,EXP_S144,ZONE_02,entree_zone,4.1,entree_zone,entree dans la zone
713054327,-53,6,a0:9f:7a:73:2b:3e,384,-110;-96;8;0;19;31;17;30;15;27;14;23;14;19;15;14;17;10;20;8;23;6;25;5;28;6;29;7;29;9;28;10;26;11;23;11;21;10;18;8;17;5;16;2;17;-1;18;-3;20;-4;22;-5;24;-4;6;-1;0;0;0;0;0;0;0;0;0;0;0;0;0;0;0;0;0;0;-1;6;-2;26;-6;27;-10;27;-14;25;-16;21;-16;18;-14;14;-11;12;-6;11;-1;12;3;15;6;19;7;24;6;28;5;32;2;34;0;34;-2;33;-3;30;-2;28;1;25;4;23;9;22;13;23;17;24;20;26;-107;0;6;2;5;2;5;2;5;3;4;3;3;4;3;5;2;5;2;6;2;6;2;6;1;6;0;6;-1;6;-1;6;-1;7;-1;7;-1;7;-2;6;-2;6;-3;5;-3;5;-3;5;-3;5;-3;5;-3;5;-3;4;-4;4;-2;1;-1;0;0;-1;0;0;0;0;-2;-1;-4;-3;-10;-6;-10;-7;-10;-8;-9;-8;-8;-9;-7;-9;-6;-10;-5;-11;-4;-11;-4;-12;-3;-12;-3;-11;-1;-11;0;-10;1;-10;2;-10;2;-10;2;-9;3;-9;3;-7;3;-6;4;-6;5;-5;6;-5;6;-4;6;-4;5;-3;5;-2;-107;0;18;23;18;23;18;22;18;21;18;21;18;20;18;19;17;18;17;17;17;17;17;16;17;15;17;15;17;14;17;14;17;14;17;14;17;15;17;15;16;15;16;15;15;16;14;16;13;16;13;16;12;17;11;17;10;18;3;6;0;2;-1;-1;-1;-1;-1;-1;1;0;4;3;12;8;12;9;12;10;12;10;12;11;12;12;13;13;13;14;13;15;13;15;13;16;13;17;13;17;13;18;13;19;13;19;13;19;14;20;14;20;15;20;16;21;16;21;17;22;17;22;18;23;19;23;19;24;20;24,empty,EXP_S144,ZONE_02,entree_zone,4.1,entree_zone,entree dans la zone
713257410,-53,6,a0:9f:7a:73:2b:3e,384,-110;-96;8;0;36;5;34;5;30;5;27;4;23;1;20;-3;19;-7;19;-10;19;-14;20;-17;22;-18;24;-18;26;-17;26;-15;26;-13;24;-11;21;-10;18;-10;15;-10;12;-12;10;-14;9;-16;9;-19;11;-21;12;-22;3;-6;0;0;0;0;0;0;0;0;0;0;0;0;0;0;0;0;0;0;4;4;19;18;17;21;14;24;10;26;6;25;3;23;2;19;2;15;5;11;9;8;13;6;18;7;23;9;26;12;27;16;27;19;25;21;24;22;22;21;20;18;20;15;21;11;23;7;26;4;30;2;33;1;-102;0;6;-1;6;-1;5;0;5;0;5;1;5;2;5;3;5;3;4;4;4;4;4;4;4;5;3;5;3;5;2;6;2;6;2;6;2;6;1;6;1;6;0;6;0;5;0;5;0;5;0;5;-1;5;-1;5;-1;5;-1;1;-1;0;-1;-1;0;0;0;0;-2;0;-4;-1;-11;-1;-11;-2;-11;-3;-11;-4;-11;-5;-10;-6;-10;-7;-9;-8;-9;-9;-8;-9;-7;-10;-6;-10;-6;-10;-5;-10;-4;-10;-3;-10;-2;-9;-2;-9;-1;-9;0;-8;1;-8;2;-7;2;-7;3;-6;3;-6;4;-5;4;-5;4;-4;-102;0;27;13;27;12;26;11;26;11;25;10;25;9;24;8;24;8;23;7;22;7;22;7;22;6;22;6;22;5;22;5;22;5;22;5;22;5;22;5;21;5;21;6;20;6;20;7;20;7;19;8;19;9;18;10;17;11;6;4;1;1;-1;-1;-1;-1;-1;-1;1;0;5;1;15;3;15;3;15;4;15;5;16;5;16;6;17;6;17;7;18;7;18;8;18;8;19;9;19;10;19;11;20;11;20;11;20;12;21;12;21;12;22;12;23;12;24;12;25;12;25;12;26;12;26;13;27;13;28;13,empty,EXP_S144,ZONE_02,entree_zone,4.1,entree_zone,entree dans la zone
713454936,-53,6,a0:9f:7a:73:2b:3e,384,-110;-96;8;0;-36;13;-35;11;-32;9;-28;9;-23;10;-19;11;-16;14;-13;18;-12;21;-12;24;-13;26;-15;27;-17;27;-18;25;-18;23;-17;20;-16;18;-13;16;-10;16;-7;16;-5;17;-2;19;-1;21;-2;23;-3;24;-1;6;0;0;0;0;0;0;0;0;0;0;0;0;0;0;0;0;0;0;-7;-2;-27;-6;-27;-10;-26;-15;-24;-18;-20;-20;-16;-19;-13;-17;-11;-13;-11;-8;-13;-3;-17;0;-21;2;-27;3;-31;1;-34;-1;-35;-4;-35;-7;-33;-8;-31;-9;-29;-7;-27;-4;-25;0;-25;4;-27;9;-29;13;-31;15;-104;0;-5;4;-5;3;-5;3;-6;2;-6;1;-7;0;-7;0;-7;-1;-7;-1;-7;-1;-7;-2;-7;-2;-7;-3;-6;-3;-6;-4;-6;-4;-6;-5;-6;-5;-5;-5;-5;-5;-5;-5;-5;-5;-4;-6;-4;-6;-4;-6;-3;-6;-3;-6;-3;-5;-1;-2;-1;-1;0;0;-1;0;-1;0;1;-1;3;-2;10;-4;10;-4;10;-3;11;-2;11;-1;11;0;11;1;11;2;10;3;10;3;9;4;9;4;8;5;7;5;7;6;6;6;5;7;5;7;4;7;3;7;2;7;1;7;1;7;0;6;-1;6;-1;6;-2;5;-3;5;-104;0;-32;2;-31;2;-31;2;-30;3;-29;3;-28;4;-27;4;-26;5;-25;5;-24;6;-24;6;-23;7;-23;7;-23;7;-23;7;-23;7;-23;7;-23;7;-23;6;-23;6;-23;6;-22;5;-22;4;-22;4;-22;3;-22;2;-22;0;-22;-1;-8;-1;-3;-1;0;-1;0;-1;0;-1;-2;0;-6;1;-16;4;-16;3;-17;3;-17;2;-18;2;-19;2;-20;2;-20;2;-21;1;-22;1;-23;1;-23;0;-23;0;-24;0;-25;-1;-25;-1;-25;-1;-26;-1;-26;0;-27;0;-28;0;-29;1;-30;1;-30;2;-31;2;-32;2;-32;2;-33;3,empty,EXP_S144,ZONE_02,entree_zone,4.1,entree_zone,entree dans la zone
713652337,-53,6,a0:9f:7a:73:2b:3e,384,-110;-96;8;0;5;37;4;35;3;32;3;28;5;24;8;20;11;17;15;15;18;15;21;16;23;17;23;19;23;20;21;22;19;22;17;20;15;18;14;15;14;12;14;9;16;6;18;5;20;5;22;5;23;6;6;1;0;0;0;0;0;0;0;0;0;0;0;0;0;0;0;0;0;0;-3;6;-12;24;-16;23;-20;21;-23;18;-24;14;-23;10;-19;8;-15;7;-10;8;-6;11;-3;15;-2;20;-3;25;-5;29;-8;32;-12;33;-14;32;-15;30;-15;28;-13;26;-10;24;-5;24;-1;25;3;26;6;30;8;33;-102;0;3;4;3;4;2;5;1;5;1;5;0;6;-1;6;-2;6;-2;6;-3;6;-3;6;-3;5;-4;5;-4;5;-5;5;-5;5;-5;4;-5;4;-6;4;-6;3;-6;3;-6;3;-6;2;-6;2;-6;2;-6;1;-6;1;-6;1;-3;0;-1;0;0;-1;0;0;0;0;-1;-2;-2;-4;-4;-11;-3;-11;-2;-12;-1;-12;0;-12;1;-12;2;-12;3;-12;3;-11;4;-11;5;-11;6;-10;6;-9;6;-8;7;-7;7;-7;7;-6;7;-5;7;-4;7;-3;7;-3;7;-2;7;-1;7;0;6;0;6;1;5;2;5;2;-102;0;-1;31;-1;31;-1;30;-1;29;0;28;1;27;1;26;2;26;2;25;3;24;3;24;3;23;4;23;4;23;4;23;4;23;3;23;3;23;3;23;3;23;2;22;1;22;1;22;0;22;-1;21;-2;21;-4;21;-5;21;-2;7;-1;2;0;-1;-1;-1;-1;-1;0;1;1;5;3;15;3;15;2;16;1;16;1;17;0;18;0;18;0;19;0;20;0;21;-1;22;-2;22;-2;23;-3;23;-3;23;-3;24;-3;24;-3;25;-3;25;-2;26;-2;27;-2;28;-2;28;-2;29;-1;30;-1;31;-1;31;-1;32,empty,EXP_S144,ZONE_02,entree_zone,4.1,entree_zone,entree dans la zone
713857607,-53,6,a0:9f:7a:73:2b:3e,384,-110;-96;8;0;23;30;20;29;18;26;16;22;16;18;16;13;18;9;20;5;23;3;26;1;29;2;30;3;31;4;30;6;28;7;25;8;22;7;20;5;18;2;17;-1;17;-4;17;-6;18;-8;21;-9;23;-9;6;-3;0;0;0;0;0;0;0;0;0;0;0;0;0;0;0;0;0;0;-1;6;-3;27;-7;28;-11;27;-15;25;-17;21;-17;17;-15;14;-11;11;-6;11;-1;12;4;15;7;19;9;24;8;29;6;33;3;35;1;35;-1;33;-1;31;0;28;2;25;6;23;10;22;15;21;20;23;23;24;-113;0;5;3;5;3;5;4;4;4;3;4;2;5;2;5;1;6;1;6;1;6;0;6;0;6;-1;6;-1;6;-2;6;-2;7;-3;7;-3;6;-3;6;-3;5;-3;5;-4;5;-4;5;-4;5;-4;5;-4;4;-4;4;-4;4;-2;1;-1;0;0;-1;0;0;0;0;-1;-1;-3;-4;-8;-10;-7;-10;-6;-11;-5;-11;-4;-12;-3;-12;-2;-12;-1;-13;0;-13;0;-13;1;-12;2;-12;2;-11;3;-10;4;-10;4;-9;5;-9;5;-8;5;-7;6;-7;6;-6;6;-5;6;-4;7;-3;7;-2;6;-2;6;-1;6;0;-113;0;12;28;12;27;12;27;12;26;12;25;12;24;13;23;13;22;13;21;13;20;13;20;13;19;14;18;14;18;14;18;14;18;14;18;14;18;13;18;13;18;13;18;12;18;11;18;11;18;10;18;9;19;8;20;7;20;2;7;0;2;-1;-1;-1;-1;-1;-1;1;1;3;4;8;13;8;13;7;14;7;14;7;15;7;16;7;17;7;18;7;18;7;19;7;20;7;21;7;21;6;22;6;22;6;23;6;23;7;23;7;24;8;25;9;25;9;26;10;26;11;27;11;27;12;28;12;28;12;29,empty,EXP_S144,ZONE_02,entree_zone,4.1,entree_zone,entree dans la zone
714054885,-53,6,a0:9f:7a:73:2b:3e,384,-110;-96;8;0;0;39;-1;37;-1;33;0;29;2;25;5;22;9;19;14;18;17;18;20;19;22;20;22;22;21;24;20;25;17;25;15;23;13;21;12;17;12;14;14;11;15;8;18;7;21;6;23;7;24;9;6;2;0;0;0;0;0;0;0;0;0;0;0;0;0;0;0;0;0;0;-4;5;-17;23;-21;21;-25;18;-27;14;-27;10;-25;6;-21;5;-16;5;-12;7;-8;10;-6;15;-6;21;-7;26;-10;29;-14;31;-17;31;-20;31;-21;29;-20;26;-17;24;-14;23;-9;24;-5;25;-1;28;2;32;3;35;-110;0;4;5;4;5;4;5;3;5;2;4;1;5;0;5;-1;6;-1;7;-1;7;-1;7;-2;6;-2;6;-3;6;-4;6;-5;6;-4;7;-4;6;-4;6;-4;5;-5;4;-5;4;-6;4;-6;4;-6;4;-5;4;-5;3;-5;3;-2;0;-1;0;0;-1;0;0;0;0;-1;-2;-2;-4;-5;-11;-5;-12;-4;-12;-3;-12;-2;-12;-1;-12;0;-12;2;-12;3;-12;3;-12;3;-12;4;-12;4;-11;5;-9;6;-8;7;-8;7;-7;7;-7;6;-7;6;-5;6;-4;6;-3;7;-2;8;-1;8;-1;7;0;6;0;5;0;-110;0;6;31;6;31;6;30;7;29;7;28;7;27;7;26;7;25;8;25;9;24;9;23;10;22;10;22;10;22;10;22;10;22;10;22;10;22;10;22;9;22;8;22;8;22;7;21;7;21;6;21;5;21;4;22;2;22;0;8;0;2;-1;-1;-1;-1;-1;-1;0;1;2;5;5;15;5;15;4;16;4;16;4;17;4;18;3;19;3;20;3;21;3;21;3;22;2;23;2;24;2;24;2;24;1;24;1;25;2;25;2;26;3;27;3;28;3;29;4;29;4;30;5;30;6;31;6;32;6;32,empty,EXP_S144,ZONE_02,entree_zone,4.1,entree_zone,entree dans la zone
714253540,-53,6,a0:9f:7a:73:2b:3e,384,-110;-96;8;0;38;2;37;3;34;3;30;2;26;-1;23;-4;21;-8;20;-12;19;-16;20;-19;22;-21;24;-22;25;-21;26;-18;25;-16;23;-15;21;-13;18;-13;14;-13;11;-15;9;-17;8;-19;7;-21;8;-23;10;-25;2;-7;0;0;0;0;0;0;0;0;0;0;0;0;0;0;0;0;0;0;4;5;18;21;16;25;12;28;7;29;3;28;0;25;-1;21;0;16;3;11;8;8;14;6;19;7;24;9;28;13;29;18;29;22;27;24;25;24;23;23;22;21;21;17;21;12;23;7;27;4;31;1;34;-1;-115;0;5;-2;5;-2;5;-1;5;0;5;0;5;1;5;2;5;3;4;3;4;3;4;4;4;4;4;4;3;5;3;5;3;5;2;6;2;6;2;6;1;6;1;6;0;6;0;6;0;6;0;6;0;5;-1;5;-1;5;-1;1;-1;0;-1;-1;0;0;0;0;-2;-1;-5;-2;-13;-4;-12;-5;-12;-6;-12;-7;-11;-8;-11;-9;-10;-9;-9;-10;-9;-11;-8;-11;-7;-12;-6;-12;-5;-12;-5;-11;-4;-11;-3;-11;-2;-11;-1;-11;-1;-10;0;-10;1;-9;2;-9;2;-8;3;-8;3;-7;3;-7;4;-6;4;-6;-115;0;29;13;29;13;28;12;28;11;27;10;27;10;26;9;26;8;25;7;25;6;25;5;24;4;24;4;24;3;24;3;24;3;24;3;24;4;24;4;23;4;23;5;23;5;22;5;22;5;21;6;21;7;20;8;20;9;7;3;2;1;-1;-1;-1;-1;-1;-1;1;0;5;1;15;5;15;5;15;6;15;7;15;8;16;8;16;9;17;9;18;10;18;11;19;11;19;12;20;12;20;13;20;13;20;13;21;14;21;14;22;14;23;14;24;14;25;14;26;14;27;14;28;14;29;13;29;13;30;13,empty,EXP_S144,ZONE_02,entree_zone,4.1,entree_zone,entree dans la zone
714455607,-53,6,a0:9f:7a:73:2b:3e,384,-110;-96;8;0;4;37;3;35;3;32;3;28;5;23;8;19;12;16;16;14;19;13;22;14;24;15;25;17;25;19;23;20;21;19;19;18;16;16;15;13;14;9;15;5;16;3;18;1;21;0;23;0;25;1;6;0;0;0;0;0;0;0;0;0;0;0;0;0;0;0;0;0;0;0;-5;5;-18;21;-22;19;-26;16;-27;12;-27;7;-24;4;-20;2;-15;3;-10;5;-7;9;-5;14;-4;20;-6;25;-9;29;-13;31;-16;31;-18;30;-19;28;-18;26;-16;24;-12;22;-7;22;-2;23;2;26;5;30;7;33;-109;0;4;4;4;5;4;5;3;5;2;5;1;5;0;6;-1;6;-1;7;-1;7;-2;7;-2;6;-3;6;-4;6;-4;6;-5;6;-5;6;-5;6;-5;5;-5;5;-5;4;-6;4;-6;4;-6;4;-6;3;-6;3;-6;3;-6;2;-2;0;-1;0;0;-1;0;0;0;0;-1;-2;-2;-5;-4;-12;-4;-13;-3;-13;-2;-13;-1;-13;0;-13;1;-13;2;-13;3;-13;4;-12;5;-12;5;-11;5;-10;6;-9;7;-8;7;-8;7;-7;7;-7;7;-6;7;-5;7;-4;7;-2;7;-2;7;-1;7;0;7;0;6;1;6;1;-109;0;4;30;5;29;5;29;5;28;6;27;6;26;6;25;7;24;7;23;8;22;8;22;9;21;9;21;9;21;9;21;9;21;9;21;9;21;9;21;9;21;8;21;7;20;7;20;6;20;5;20;4;20;3;21;2;21;0;7;0;2;-1;-1;-1;-1;-1;-1;0;1;1;5;4;14;3;14;3;15;3;16;2;16;2;17;2;18;2;19;2;19;1;20;1;21;1;21;1;22;0;23;0;23;0;23;0;24;0;24;1;25;1;26;2;26;2;27;2;28;3;29;3;29;4;30;4;31;5;31,empty,EXP_S144,ZONE_02,entree_zone,4.1,entree_zone,entree dans la zone
714654094,-53,6,a0:9f:7a:73:2b:3e,384,-110;-96;8;0;8;36;6;34;5;31;5;27;6;22;9;18;13;14;16;12;20;11;23;11;25;12;26;14;26;16;25;17;23;17;20;16;17;15;15;12;14;8;15;5;16;1;18;-1;20;-2;22;-2;24;-1;6;-1;0;0;0;0;0;0;0;0;0;0;0;0;0;0;0;0;0;0;-4;5;-16;22;-19;21;-23;18;-25;14;-24;10;-22;7;-19;5;-14;5;-9;7;-5;10;-3;15;-2;20;-3;25;-6;29;-10;32;-13;32;-15;31;-16;29;-15;26;-13;24;-9;23;-4;22;1;23;5;25;8;29;11;31;-114;0;4;5;4;5;4;5;4;5;3;5;1;5;0;6;0;7;-1;7;-1;7;-1;7;-1;6;-2;6;-3;6;-4;6;-4;7;-4;7;-4;7;-4;6;-4;5;-5;4;-5;4;-6;4;-6;4;-6;4;-5;4;-5;4;-5;3;-2;1;-1;0;0;-1;0;0;0;0;-1;-2;-2;-4;-5;-11;-5;-12;-4;-12;-3;-12;-2;-12;-1;-12;0;-12;1;-12;2;-12;3;-12;3;-12;4;-11;4;-10;5;-9;6;-8;7;-8;7;-7;7;-7;6;-6;6;-5;6;-4;7;-3;7;-2;7;-1;7;-1;7;0;6;0;5;1;-114;0;7;29;7;28;7;28;8;27;8;26;8;25;9;24;9;23;9;22;10;21;10;20;10;20;10;20;10;20;11;19;11;19;11;19;11;19;10;19;10;19;10;19;9;19;8;19;8;19;7;19;6;19;5;20;4;20;1;7;0;2;-1;-1;-1;-1;-1;-1;0;1;2;4;6;13;5;13;5;14;5;15;5;15;5;16;4;17;4;18;4;19;4;20;4;20;4;21;3;22;3;22;2;23;2;23;3;23;3;24;4;24;4;25;5;26;5;26;5;27;6;28;6;28;7;29;7;29;7;30,empty,EXP_S144,ZONE_02,entree_zone,4.1,entree_zone,entree dans la zone
714854185,-54,6,a0:9f:7a:73:2b:3e,384,-110;-96;8;0;-13;-27;-12;-26;-11;-24;-11;-21;-11;-17;-12;-14;-14;-11;-17;-9;-19;-8;-21;-8;-22;-8;-23;-9;-23;-11;-22;-11;-20;-12;-18;-11;-16;-10;-15;-8;-14;-5;-14;-3;-15;-1;-16;1;-17;2;-19;2;-20;1;-6;0;0;0;0;0;0;0;0;0;0;0;0;0;0;0;0;0;0;0;1;-6;5;-22;8;-22;12;-21;14;-19;16;-15;15;-12;13;-10;9;-8;5;-8;2;-10;-1;-13;-3;-17;-4;-21;-3;-25;-1;-27;1;-29;3;-28;5;-27;5;-26;4;-23;2;-21;-1;-20;-5;-20;-9;-21;-12;-22;-13;-24;-111;0;-8;-6;-8;-6;-8;-6;-7;-6;-5;-6;-3;-7;-2;-8;-1;-10;-1;-11;-2;-11;-1;-11;0;-10;1;-10;2;-10;3;-11;3;-11;3;-12;2;-11;2;-10;3;-9;4;-8;5;-7;6;-8;6;-9;5;-9;4;-8;4;-7;4;-6;1;-2;0;-1;-1;0;-1;-2;-1;-1;1;1;3;6;7;17;7;18;6;18;5;18;3;18;1;18;0;18;-2;18;-4;19;-4;19;-4;19;-5;18;-5;16;-7;14;-8;13;-10;13;-11;12;-11;12;-10;11;-9;9;-9;7;-10;5;-11;3;-12;3;-12;3;-11;2;-9;1;-8;0;-111;0;-20;-47;-20;-46;-21;-44;-21;-42;-21;-40;-22;-39;-22;-37;-22;-35;-23;-33;-23;-31;-24;-30;-25;-30;-25;-29;-25;-29;-25;-29;-25;-28;-25;-28;-25;-28;-25;-28;-25;-29;-24;-28;-23;-28;-22;-28;-21;-28;-21;-28;-19;-29;-18;-30;-16;-30;-6;-11;-2;-4;0;0;0;1;0;0;-2;-3;-4;-9;-11;-23;-11;-24;-11;-24;-10;-25;-10;-27;-10;-29;-10;-30;-9;-31;-9;-33;-10;-34;-10;-34;-10;-36;-10;-37;-10;-37;-9;-38;-9;-38;-9;-39;-10;-39;-11;-40;-13;-41;-14;-42;-14;-43;-15;-44;-16;-44;-18;-45;-19;-46;-20;-47;-21;-48,empty,EXP_S144,ZONE_02,entree_zone,4.1,entree_zone,entree dans la zone
715058686,-53,6,a0:9f:7a:73:2b:3e,384,-110;-96;8;0;-2;39;-3;37;-3;34;-2;29;0;25;4;21;8;18;12;17;16;16;19;16;22;17;23;19;23;21;21;22;19;22;17;20;16;18;15;15;14;11;15;8;16;5;18;3;20;2;22;3;24;3;6;0;0;0;0;0;0;0;0;0;0;0;0;0;0;0;0;0;0;0;-7;4;-26;15;-29;12;-31;7;-31;3;-28;-1;-25;-3;-20;-3;-15;-1;-11;3;-8;8;-8;15;-9;20;-13;25;-17;28;-21;29;-25;28;-27;26;-27;23;-25;21;-22;19;-17;19;-12;20;-7;22;-3;25;0;30;2;33;-104;0;4;5;4;5;3;6;2;6;1;6;0;6;0;6;-1;6;-1;6;-2;6;-2;6;-3;6;-3;5;-4;5;-4;5;-5;5;-5;5;-5;4;-5;4;-5;4;-6;4;-6;3;-6;3;-6;3;-6;2;-6;2;-5;1;-5;1;-2;0;-1;0;0;-1;-1;0;-1;0;0;-2;0;-5;2;-13;2;-13;4;-13;5;-12;6;-12;6;-12;7;-11;8;-11;9;-10;9;-10;10;-9;10;-8;10;-7;10;-6;10;-5;10;-4;10;-3;10;-3;10;-2;10;-1;9;-1;9;0;9;1;8;1;8;2;7;3;7;3;6;4;-104;0;-5;31;-5;31;-4;30;-4;29;-3;28;-2;27;-1;26;0;25;1;25;2;24;2;24;3;23;3;23;4;23;4;23;4;23;4;23;4;23;4;22;3;22;3;22;3;22;3;21;2;21;1;21;0;21;-1;21;-2;21;-1;7;-1;2;-1;-1;0;-2;0;-1;-1;1;-1;5;-2;16;-3;16;-4;16;-4;16;-5;17;-5;17;-5;18;-6;19;-6;20;-7;21;-7;21;-8;22;-8;22;-8;22;-8;22;-8;23;-8;23;-8;24;-8;25;-8;25;-8;26;-7;27;-7;28;-7;29;-6;30;-6;31;-6;31;-5;32,empty,EXP_S144,ZONE_02,entree_zone,4.1,entree_zone,entree dans la zone
715254294,-53,6,a0:9f:7a:73:2b:3e,384,-110;-96;8;0;-39;-6;-36;-7;-33;-7;-30;-5;-26;-2;-24;1;-22;5;-22;9;-22;13;-23;16;-25;17;-27;17;-28;16;-28;14;-27;12;-25;11;-22;10;-19;10;-16;11;-14;12;-12;14;-11;17;-11;19;-12;21;-14;22;-4;5;0;0;0;0;0;0;0;0;0;0;0;0;0;0;0;0;0;0;-6;-6;-20;-22;-18;-26;-14;-29;-10;-30;-5;-28;-2;-25;-1;-21;-2;-17;-5;-13;-10;-10;-16;-8;-21;-9;-26;-12;-29;-16;-30;-20;-29;-23;-27;-25;-25;-26;-23;-25;-22;-22;-21;-19;-22;-14;-24;-10;-28;-6;-32;-4;-35;-3;-109;0;-6;2;-6;2;-6;1;-6;1;-6;0;-5;-1;-5;-2;-6;-3;-6;-4;-6;-4;-6;-3;-5;-4;-4;-4;-4;-5;-4;-6;-4;-7;-4;-7;-4;-6;-4;-6;-3;-6;-2;-6;-2;-6;-2;-7;-2;-7;-2;-6;-2;-6;-2;-6;-1;-5;-1;-2;0;-1;0;0;-1;-1;-1;-1;1;0;4;0;12;2;12;2;12;3;11;3;11;4;10;5;9;6;9;7;9;8;9;8;8;8;7;8;6;8;5;9;3;9;2;10;2;10;2;9;2;9;1;8;0;7;-1;7;-2;7;-3;7;-3;7;-3;6;-3;5;-3;4;-109;0;-32;-8;-31;-8;-31;-7;-30;-6;-29;-5;-29;-4;-28;-3;-27;-2;-26;-2;-26;-1;-25;-1;-25;0;-25;0;-25;1;-25;1;-25;1;-25;1;-25;1;-25;1;-25;1;-24;0;-24;0;-23;-1;-23;-2;-23;-3;-23;-4;-22;-5;-22;-6;-8;-2;-3;-1;0;0;1;0;0;0;-2;-1;-6;-1;-17;-3;-17;-3;-17;-4;-18;-4;-19;-5;-19;-5;-20;-6;-21;-6;-21;-7;-22;-7;-22;-8;-23;-8;-23;-9;-24;-10;-24;-10;-24;-10;-24;-10;-25;-10;-25;-10;-26;-9;-27;-9;-28;-9;-29;-9;-30;-9;-31;-9;-32;-9;-32;-9;-33;-9,empty,EXP_S144,ZONE_02,entree_zone,4.1,entree_zone,entree dans la zone
715452362,-53,6,a0:9f:7a:73:2b:3e,384,-110;-96;8;0;5;-37;6;-35;5;-32;4;-28;1;-25;-3;-22;-7;-20;-11;-19;-15;-20;-17;-21;-19;-23;-20;-24;-19;-25;-17;-26;-16;-25;-14;-23;-12;-21;-12;-17;-13;-14;-14;-11;-16;-9;-18;-8;-20;-8;-22;-9;-24;-10;-6;-3;0;0;0;0;0;0;0;0;0;0;0;0;0;0;0;0;0;0;5;-5;23;-16;26;-14;28;-10;29;-5;27;-2;24;1;19;1;14;-1;11;-4;8;-9;8;-14;9;-20;12;-24;16;-27;20;-28;23;-27;25;-25;25;-23;24;-21;21;-20;17;-19;12;-20;8;-23;5;-26;3;-30;2;-34;-111;0;-3;-7;-3;-7;-3;-7;-3;-7;-2;-6;0;-6;1;-6;2;-6;2;-7;2;-7;2;-7;2;-6;3;-5;4;-5;5;-5;5;-5;5;-5;5;-5;4;-5;4;-4;4;-3;5;-2;5;-2;5;-3;5;-3;5;-3;4;-2;4;-2;1;-1;0;-1;-1;0;0;-1;0;-1;0;1;-1;4;-2;12;-2;12;-3;12;-4;11;-5;11;-6;10;-7;9;-8;9;-9;9;-9;9;-10;8;-9;7;-9;6;-10;5;-10;4;-11;3;-11;3;-11;2;-10;2;-9;1;-8;0;-8;-1;-8;-3;-8;-3;-8;-3;-8;-3;-7;-4;-6;-4;-111;0;5;-31;5;-31;4;-30;3;-29;2;-28;2;-27;1;-27;0;-26;0;-25;-1;-24;-2;-24;-2;-24;-3;-24;-3;-24;-3;-24;-4;-24;-4;-23;-4;-23;-3;-23;-3;-23;-3;-23;-2;-23;-2;-23;-1;-22;0;-22;1;-22;2;-22;3;-22;1;-8;0;-3;0;0;-1;0;-1;0;0;-2;0;-6;1;-16;2;-16;2;-17;2;-17;3;-18;3;-18;4;-19;4;-20;5;-20;5;-21;5;-21;6;-22;6;-23;7;-23;8;-23;8;-24;8;-24;7;-24;7;-25;7;-26;7;-27;6;-27;6;-28;6;-29;6;-30;6;-31;5;-31;5;-32,empty,EXP_S144,ZONE_02,entree_zone,4.1,entree_zone,entree dans la zone
715657984,-53,6,a0:9f:7a:73:2b:3e,384,-110;-96;8;0;-5;37;-6;34;-6;31;-4;27;-1;24;3;21;7;20;11;19;14;20;17;21;18;23;18;24;17;26;15;26;13;25;11;23;10;20;10;17;10;13;12;10;15;8;17;8;20;8;21;9;22;11;5;2;0;0;0;0;0;0;0;0;0;0;0;0;0;0;0;0;0;0;-5;4;-21;19;-25;16;-28;13;-29;8;-28;4;-25;1;-21;0;-16;1;-12;4;-9;8;-8;14;-9;19;-11;24;-15;27;-19;28;-22;28;-24;26;-24;24;-23;22;-21;20;-17;20;-13;21;-9;23;-5;26;-3;30;-2;33;-112;0;2;5;2;5;2;5;2;5;1;5;-1;5;-2;5;-3;6;-3;6;-3;6;-3;6;-3;5;-4;4;-5;4;-6;4;-6;5;-6;5;-6;5;-6;4;-6;3;-6;2;-7;2;-7;2;-7;2;-7;2;-6;2;-6;1;-6;1;-2;0;-1;0;0;-1;0;0;0;0;-1;-2;-1;-5;-3;-12;-2;-13;-2;-13;-1;-13;0;-12;1;-12;2;-12;4;-12;5;-12;5;-12;5;-11;5;-11;6;-9;6;-8;7;-7;8;-6;8;-6;8;-6;7;-5;7;-4;6;-3;6;-2;7;-1;7;0;7;0;6;1;5;1;4;1;-112;0;0;30;0;30;0;29;1;29;1;28;2;27;2;26;3;25;3;24;3;24;4;23;4;23;5;23;5;22;5;22;5;22;5;22;5;22;5;22;4;22;4;22;3;22;3;21;2;21;1;21;0;21;-1;21;-2;21;-1;7;-1;2;-1;-1;-1;-1;-1;-1;0;1;1;5;3;15;2;15;2;16;1;16;1;17;0;18;0;19;0;20;-1;20;-1;21;-1;22;-2;22;-2;23;-3;23;-3;24;-3;24;-3;24;-3;24;-2;25;-2;26;-2;27;-2;28;-2;28;-1;29;-1;30;-1;30;0;31;0;32,empty,EXP_S144,ZONE_02,entree_zone,4.1,entree_zone,entree dans la zone
715853884,-53,6,a0:9f:7a:73:2b:3e,384,-110;-96;8;0;38;1;36;2;33;3;28;2;24;-1;21;-4;18;-9;16;-13;16;-17;17;-20;18;-22;20;-23;22;-23;22;-21;22;-19;21;-17;18;-15;15;-14;11;-14;8;-15;5;-16;3;-18;3;-20;3;-23;4;-25;1;-7;0;0;0;0;0;0;0;0;0;0;0;0;0;0;0;0;0;0;4;5;15;24;12;27;8;29;4;29;0;28;-3;24;-3;20;-2;15;2;11;7;8;13;7;19;9;24;11;27;15;28;20;27;23;25;25;23;25;21;24;19;21;19;17;19;12;21;7;25;3;29;0;33;-2;-117;0;6;-5;6;-4;6;-4;6;-3;6;-2;6;-1;6;0;6;0;7;1;7;1;6;1;6;2;5;2;5;3;5;4;5;4;5;4;5;4;4;5;4;5;3;5;3;5;3;5;3;6;3;5;2;5;2;5;1;5;0;1;0;0;-1;-1;0;-1;0;0;-2;0;-5;-1;-13;-1;-13;-2;-13;-2;-13;-3;-13;-4;-12;-5;-12;-6;-11;-7;-11;-8;-11;-9;-10;-9;-9;-9;-8;-9;-7;-10;-6;-10;-5;-11;-5;-11;-4;-11;-4;-10;-3;-10;-2;-9;-1;-9;0;-9;1;-9;1;-9;2;-9;2;-8;2;-7;-117;0;30;3;30;3;29;2;28;2;28;1;27;0;26;0;25;-1;24;-2;24;-2;23;-3;23;-4;22;-4;22;-5;22;-5;22;-5;22;-5;22;-5;22;-5;22;-4;22;-4;22;-3;21;-3;21;-2;21;-2;21;-1;21;1;20;2;7;0;2;0;-1;0;-1;-1;-1;-1;1;-1;5;0;15;0;16;1;16;1;16;2;17;2;18;3;19;3;19;3;20;4;20;4;21;4;22;5;22;5;22;6;23;6;23;6;23;6;24;6;24;6;25;5;26;5;27;5;28;5;28;5;29;4;30;4;31;4;31;3,empty,EXP_S144,ZONE_02,entree_zone,4.1,entree_zone,entree dans la zone
716052363,-53,6,a0:9f:7a:73:2b:3e,384,-110;-96;8;0;-3;37;-4;35;-5;32;-4;29;-2;25;1;21;5;18;9;16;13;16;16;16;18;18;19;19;19;20;19;21;17;21;15;20;14;19;13;16;13;13;13;10;14;7;16;6;17;5;19;5;21;6;5;1;0;0;0;0;0;0;0;0;0;0;0;0;0;0;0;0;0;0;-6;3;-24;14;-27;12;-29;8;-30;3;-28;0;-25;-3;-20;-3;-15;-1;-11;2;-9;7;-8;12;-10;18;-13;22;-17;25;-21;26;-24;26;-26;24;-26;22;-25;20;-22;18;-18;17;-13;17;-9;20;-5;23;-2;27;0;31;-107;0;4;5;4;6;4;6;4;5;3;5;1;4;0;5;-1;5;-1;6;-1;6;-1;6;-1;5;-2;5;-3;4;-4;5;-4;5;-4;5;-4;5;-4;4;-4;3;-4;3;-4;2;-5;2;-5;3;-5;3;-5;3;-5;2;-4;2;-2;0;-1;0;0;-1;0;0;-1;0;-1;-2;-1;-5;-1;-13;-1;-13;0;-13;1;-13;2;-12;3;-12;4;-11;5;-11;7;-11;7;-11;7;-11;8;-10;8;-9;8;-8;9;-7;9;-6;10;-5;10;-5;9;-4;9;-3;8;-2;8;-1;8;0;9;1;9;1;8;1;7;1;7;2;-107;0;-4;29;-4;28;-3;28;-3;27;-2;26;-2;26;-1;25;0;24;0;23;1;22;1;22;2;22;2;22;2;22;3;22;3;21;3;21;2;21;2;21;2;21;1;21;1;21;0;20;0;20;-1;20;-2;20;-3;20;-4;20;-2;7;-1;2;0;-1;-1;-1;0;-1;0;1;0;5;0;15;0;15;-1;16;-1;16;-2;17;-2;18;-3;18;-3;19;-3;19;-4;20;-4;20;-4;21;-5;21;-6;22;-6;22;-6;22;-6;22;-6;23;-5;24;-5;24;-5;25;-5;26;-5;27;-5;27;-5;28;-4;29;-4;29;-4;30,empty,EXP_S144,ZONE_02,entree_zone,4.1,entree_zone,entree dans la zone
716252364,-53,6,a0:9f:7a:73:2b:3e,384,-110;-96;8;0;32;17;30;18;27;17;24;14;21;10;19;6;18;1;18;-4;20;-7;22;-9;25;-11;26;-11;28;-10;28;-9;27;-7;26;-5;23;-5;20;-5;17;-6;14;-8;12;-10;12;-13;12;-15;13;-17;14;-18;3;-5;0;0;0;0;0;0;0;0;0;0;0;0;0;0;0;0;0;0;1;6;5;27;1;28;-3;29;-7;27;-10;24;-11;20;-10;16;-6;12;-1;10;4;10;9;12;13;16;16;20;17;25;16;28;14;31;12;32;10;31;8;29;8;25;9;21;12;17;16;14;20;12;25;12;29;12;-108;0;7;-2;7;-2;7;-2;7;-2;6;-1;5;0;5;2;6;3;6;3;6;3;6;3;5;3;4;3;3;4;3;5;3;6;3;6;3;6;3;5;2;5;1;5;0;5;0;6;0;6;0;6;0;5;0;5;0;4;0;1;-1;0;-1;-1;0;-1;0;0;-2;0;-5;0;-13;-1;-13;-1;-13;-2;-13;-3;-12;-4;-11;-5;-10;-7;-10;-8;-10;-9;-10;-10;-9;-10;-8;-10;-7;-10;-5;-10;-4;-10;-3;-11;-3;-12;-2;-11;-2;-11;-1;-10;0;-9;2;-8;3;-9;4;-9;4;-9;4;-8;4;-7;4;-6;-108;0;26;11;26;10;26;10;25;9;25;8;24;8;24;7;23;7;22;6;21;6;21;6;21;5;21;5;21;5;21;5;21;5;21;5;21;5;21;5;21;5;20;6;20;7;19;7;18;8;18;9;17;10;17;11;16;12;5;4;1;1;-1;-1;-1;0;-1;-1;1;-1;5;-1;15;-1;15;0;15;0;16;1;16;1;17;2;18;3;18;4;18;4;19;4;19;5;20;6;20;6;21;7;21;8;21;9;21;9;21;8;22;8;23;9;24;9;25;9;25;9;25;9;26;9;27;10;28;10;28;10,empty,EXP_S144,ZONE_02,entree_zone,4.1,entree_zone,entree dans la zone
716453172,-53,6,a0:9f:7a:73:2b:3e,384,-110;-96;8;0;2;36;1;34;0;31;1;27;2;22;5;18;9;15;13;14;17;13;20;14;22;15;23;17;23;19;22;20;20;20;17;19;15;17;13;14;13;11;13;7;14;5;16;3;19;2;21;2;22;2;5;0;0;0;0;0;0;0;0;0;0;0;0;0;0;0;0;0;0;0;-5;5;-18;19;-21;18;-25;15;-26;11;-25;7;-23;4;-19;3;-14;4;-10;6;-7;10;-6;15;-6;20;-8;24;-11;28;-14;29;-17;29;-19;28;-19;26;-18;24;-16;22;-12;21;-7;21;-3;22;1;25;4;29;6;32;-110;0;4;6;4;6;3;6;3;6;2;6;1;6;0;6;-1;7;-1;7;-1;7;-1;7;-2;6;-3;6;-3;6;-4;6;-4;6;-4;6;-4;6;-4;5;-5;5;-5;4;-5;4;-6;4;-6;4;-6;3;-6;3;-6;3;-6;2;-2;0;-1;0;0;-1;0;0;0;0;-1;-2;-2;-4;-4;-11;-3;-11;-3;-12;-2;-12;-1;-12;0;-11;1;-11;2;-11;3;-11;4;-11;4;-11;5;-10;5;-9;6;-8;7;-7;7;-7;8;-6;8;-5;7;-5;7;-3;7;-2;7;-1;7;-1;7;0;7;1;7;1;6;2;6;2;-110;0;2;29;3;28;3;28;3;27;3;26;4;25;4;24;4;24;5;23;5;22;5;21;6;21;6;21;6;21;7;21;7;21;7;21;6;21;6;21;6;21;5;20;4;20;4;20;3;20;2;20;1;20;0;20;-1;20;-1;7;-1;2;-1;-1;-1;-1;-1;-1;0;1;1;5;4;14;4;14;4;15;3;16;3;16;3;17;2;18;2;19;2;19;2;20;1;21;1;21;0;22;0;22;-1;22;-1;23;0;23;0;24;0;24;1;25;1;26;1;26;1;27;2;28;2;28;2;29;2;29;2;30,empty,EXP_S144,ZONE_02,entree_zone,4.1,entree_zone,entree dans la zone
716657276,-53,6,a0:9f:7a:73:2b:3e,384,-110;-96;8;0;4;37;2;35;2;31;2;26;4;22;7;18;10;14;14;12;18;12;21;12;24;13;24;15;24;17;23;19;21;19;18;18;16;16;14;13;13;9;14;6;15;3;17;1;19;0;21;0;23;1;5;0;0;0;0;0;0;0;0;0;0;0;0;0;0;0;0;0;0;0;-5;5;-18;20;-21;18;-24;15;-26;11;-25;8;-22;5;-19;4;-14;5;-10;7;-7;11;-5;16;-5;21;-7;25;-10;28;-13;30;-16;30;-18;28;-18;26;-17;24;-15;22;-11;21;-6;21;-1;23;3;25;6;29;8;32;-116;0;4;6;3;6;3;6;2;6;1;7;0;7;0;7;-1;7;-1;7;-2;7;-2;7;-3;6;-3;6;-4;6;-5;6;-5;6;-5;6;-5;5;-5;5;-5;5;-6;4;-6;4;-6;3;-6;3;-6;3;-6;3;-6;2;-5;2;-2;0;-1;0;0;-1;0;0;-1;0;-1;-2;-1;-4;-2;-11;-1;-12;0;-12;0;-11;1;-11;2;-11;3;-11;4;-10;5;-10;5;-10;6;-9;6;-8;7;-8;7;-7;8;-6;8;-5;8;-4;8;-4;8;-3;8;-2;7;-1;7;0;7;0;7;1;7;2;7;2;6;3;5;3;-116;0;-1;29;-1;29;-1;28;0;27;0;26;1;26;1;25;2;24;2;23;3;23;4;22;4;22;5;21;5;21;5;21;5;21;5;21;4;21;4;21;4;21;3;21;3;21;3;20;2;20;1;20;0;20;-1;20;-2;20;-1;7;-1;2;-1;-1;-1;-1;-1;-1;0;1;0;5;2;15;1;15;1;15;0;16;0;17;-1;17;-1;18;-1;19;-2;20;-2;20;-2;21;-3;22;-3;22;-3;22;-4;22;-4;23;-4;23;-4;23;-3;24;-3;25;-3;25;-3;26;-3;27;-2;28;-2;29;-2;29;-1;30;-1;30,empty,EXP_S144,ZONE_02,entree_zone,4.1,entree_zone,entree dans la zone
716852301,-53,6,a0:9f:7a:73:2b:3e,384,-110;-96;8;0;-37;12;-35;10;-32;8;-28;7;-23;8;-18;10;-14;13;-11;16;-10;20;-10;23;-10;25;-12;27;-13;27;-14;26;-15;24;-14;22;-13;19;-10;17;-7;16;-4;16;-1;16;1;18;3;19;3;22;3;23;0;6;0;0;0;0;0;0;0;0;0;0;0;0;0;0;0;0;0;0;-6;-4;-24;-17;-22;-20;-19;-24;-16;-26;-11;-26;-8;-23;-6;-19;-6;-14;-8;-9;-11;-5;-16;-3;-22;-2;-27;-3;-31;-6;-34;-9;-34;-12;-33;-14;-31;-15;-28;-15;-25;-12;-23;-9;-22;-4;-23;1;-25;6;-28;10;-30;12;-117;0;-5;6;-5;7;-5;6;-5;6;-5;5;-5;3;-6;2;-7;2;-8;1;-8;2;-8;1;-7;1;-7;0;-7;-1;-7;-2;-8;-2;-8;-2;-8;-2;-7;-2;-6;-2;-5;-3;-5;-4;-5;-4;-6;-4;-6;-4;-5;-4;-5;-4;-4;-3;-2;-2;-1;-1;0;0;-1;0;-1;0;0;-1;3;-3;10;-7;10;-7;11;-6;11;-5;11;-4;11;-3;11;-2;12;0;12;1;12;1;12;2;11;2;10;3;9;4;9;5;8;6;8;6;8;6;7;6;6;6;4;6;3;7;2;8;2;8;2;8;1;8;0;7;0;7;-117;0;-28;11;-28;11;-27;11;-26;12;-25;12;-24;12;-23;12;-22;12;-21;12;-20;12;-19;13;-19;13;-19;13;-19;13;-19;13;-18;13;-18;13;-18;13;-18;13;-18;13;-19;12;-19;12;-18;11;-19;10;-19;10;-19;9;-20;8;-20;7;-8;2;-3;0;0;-1;0;-1;0;-1;-2;0;-5;2;-14;8;-14;8;-15;7;-15;7;-16;7;-17;7;-18;7;-19;7;-19;7;-20;7;-21;7;-21;7;-22;7;-23;6;-23;6;-23;6;-23;6;-23;7;-24;7;-25;8;-26;8;-26;9;-27;9;-27;10;-28;10;-28;11;-29;11;-29;12,empty,EXP_S144,ZONE_02,entree_zone,4.1,entree_zone,entree dans la zone
717052403,-53,6,a0:9f:7a:73:2b:3e,384,-110;-96;8;0;-34;16;-33;14;-31;13;-27;12;-23;12;-18;13;-14;16;-11;18;-8;21;-7;24;-8;27;-9;28;-10;28;-11;27;-12;26;-11;23;-10;21;-8;19;-5;17;-1;17;2;17;4;18;6;20;6;22;6;23;1;6;0;0;0;0;0;0;0;0;0;0;0;0;0;0;0;0;0;0;-7;-4;-26;-14;-25;-18;-23;-23;-19;-26;-15;-26;-11;-25;-8;-21;-7;-16;-8;-10;-11;-5;-15;-2;-21;0;-27;1;-31;-1;-35;-4;-36;-8;-36;-10;-34;-12;-32;-12;-29;-11;-27;-8;-25;-3;-24;2;-25;7;-27;12;-29;15;-115;0;-3;5;-3;5;-3;5;-4;5;-4;4;-4;3;-5;2;-6;1;-7;1;-7;1;-7;1;-6;0;-6;0;-7;-1;-7;-2;-7;-2;-7;-2;-7;-2;-6;-2;-6;-3;-6;-3;-5;-4;-5;-4;-6;-4;-5;-4;-5;-4;-5;-4;-4;-4;-2;-2;-1;-1;0;0;-1;0;-1;0;1;-1;3;-3;11;-7;11;-6;12;-5;12;-4;12;-3;12;-2;12;-1;12;0;13;1;13;2;12;2;12;3;11;3;10;4;10;5;9;6;9;6;8;6;8;6;7;6;5;6;4;6;4;7;3;7;2;7;2;7;1;6;1;6;-115;0;-30;11;-29;11;-28;11;-27;12;-25;12;-24;12;-23;13;-22;13;-21;13;-20;13;-20;14;-19;14;-19;14;-18;15;-18;15;-18;15;-18;15;-18;15;-18;15;-18;14;-18;14;-18;13;-18;13;-18;13;-18;12;-19;11;-19;10;-19;10;-7;3;-3;0;0;-1;0;-1;0;-1;-2;0;-6;2;-16;5;-16;5;-17;5;-17;5;-18;5;-19;5;-20;4;-20;4;-21;4;-22;4;-22;4;-23;4;-24;4;-24;3;-25;3;-25;3;-25;4;-25;4;-25;5;-26;6;-27;6;-28;7;-28;8;-28;8;-29;9;-29;9;-30;10;-31;11,empty,EXP_S144,ZONE_02,entree_zone,4.1,entree_zone,entree dans la zone
717254286,-53,6,a0:9f:7a:73:2b:3e,384,-110;-96;8;0;-33;19;-33;18;-30;16;-27;15;-22;15;-18;16;-14;17;-10;20;-8;23;-7;26;-8;28;-9;29;-10;29;-11;28;-11;27;-11;24;-10;22;-8;20;-5;18;-2;17;1;18;3;19;5;21;5;23;5;25;1;6;0;0;0;0;0;0;0;0;0;0;0;0;0;0;0;0;0;0;-8;-2;-30;-8;-30;-12;-29;-17;-26;-21;-21;-23;-17;-22;-13;-19;-11;-15;-11;-9;-12;-4;-16;1;-22;4;-27;5;-32;4;-36;1;-38;-2;-38;-4;-37;-6;-34;-7;-32;-6;-29;-4;-26;0;-25;5;-25;10;-26;14;-28;17;-110;0;-1;6;-2;6;-2;5;-2;5;-3;4;-4;3;-5;3;-6;2;-6;2;-6;2;-6;2;-6;1;-6;0;-6;0;-7;-1;-7;-1;-7;-1;-7;-1;-7;-1;-6;-2;-6;-2;-6;-3;-6;-3;-6;-3;-6;-3;-6;-3;-5;-3;-5;-3;-2;-2;-1;-1;0;0;-1;0;-1;0;0;-2;3;-4;8;-10;9;-10;9;-9;10;-8;10;-7;11;-6;11;-5;12;-4;12;-4;13;-3;13;-2;12;-2;12;-1;11;0;11;1;10;2;10;3;10;3;9;3;8;3;7;4;6;4;6;5;5;6;5;6;4;6;3;5;2;5;-110;0;-26;18;-26;18;-25;18;-24;18;-23;18;-22;18;-21;18;-20;18;-18;18;-18;18;-17;18;-16;18;-16;18;-15;19;-15;19;-15;19;-15;19;-15;19;-15;18;-15;18;-15;18;-15;17;-15;16;-16;16;-16;15;-17;14;-18;13;-18;12;-7;4;-3;1;0;-1;0;-1;0;-1;-2;1;-5;4;-13;11;-13;11;-14;11;-15;11;-16;11;-17;11;-17;11;-18;11;-19;11;-20;12;-20;12;-21;11;-22;11;-23;11;-23;11;-23;11;-23;12;-23;12;-24;13;-24;14;-25;14;-25;15;-26;16;-26;17;-26;17;-27;18;-27;18;-27;19,empty,EXP_S144,ZONE_02,entree_zone,4.1,entree_zone,entree dans la zone
717455679,-53,6,a0:9f:7a:73:2b:3e,384,-110;-96;8;0;-37;13;-36;11;-33;10;-29;9;-25;10;-20;12;-17;14;-14;17;-13;20;-12;23;-12;26;-13;27;-15;27;-16;26;-16;24;-16;22;-14;20;-11;18;-8;17;-5;17;-3;17;-1;19;0;20;0;23;0;24;0;6;0;0;0;0;0;0;0;0;0;0;0;0;0;0;0;0;0;0;-7;-3;-27;-14;-26;-18;-24;-22;-20;-25;-16;-25;-12;-24;-9;-20;-8;-15;-9;-10;-12;-5;-17;-2;-22;0;-28;-1;-33;-3;-36;-6;-37;-9;-36;-12;-34;-13;-32;-13;-29;-11;-27;-8;-25;-4;-25;1;-26;6;-29;10;-31;13;-114;0;-4;5;-4;4;-5;4;-5;3;-6;2;-6;2;-6;1;-6;1;-6;0;-6;0;-6;-1;-6;-2;-6;-2;-6;-2;-6;-3;-6;-3;-6;-4;-6;-4;-5;-5;-5;-5;-5;-5;-5;-5;-4;-5;-4;-5;-4;-5;-3;-5;-3;-5;-3;-5;-1;-2;-1;-1;0;0;-1;0;-1;0;1;-1;4;-2;11;-4;11;-3;12;-2;12;-1;12;0;12;1;12;2;12;2;12;3;11;4;11;5;10;5;9;6;9;7;8;7;7;7;6;8;6;8;5;8;4;8;4;8;3;8;2;8;1;8;0;7;0;7;-1;7;-2;7;-114;0;-33;3;-32;3;-31;3;-30;4;-29;4;-28;5;-27;5;-26;6;-25;6;-24;7;-24;7;-23;8;-23;8;-23;9;-23;9;-23;9;-23;8;-23;8;-23;8;-22;7;-22;7;-22;7;-22;6;-22;6;-22;5;-22;4;-22;3;-22;2;-8;0;-3;0;0;-1;1;-1;0;-1;-2;0;-6;1;-17;4;-18;3;-18;3;-19;2;-19;2;-20;1;-20;1;-21;1;-23;1;-23;0;-24;0;-24;-1;-25;-1;-25;-1;-25;-1;-26;-1;-26;-1;-27;-1;-27;-1;-28;0;-28;0;-29;1;-30;1;-31;2;-32;2;-32;2;-33;2;-33;3,empty,EXP_S144,ZONE_02,entree_zone,4.1,entree_zone,entree dans la zone
717652388,-53,6,a0:9f:7a:73:2b:3e,384,-110;-96;8;0;12;36;10;34;8;32;7;28;8;23;10;18;12;14;16;11;19;9;22;8;25;9;26;10;26;11;26;12;25;13;22;13;20;12;18;9;16;7;15;3;16;0;17;-2;18;-4;20;-5;21;-5;5;-2;0;0;0;0;0;0;0;0;0;0;0;0;0;0;0;0;0;0;-5;5;-18;22;-21;21;-25;18;-27;14;-27;10;-24;6;-20;5;-15;4;-11;6;-7;10;-4;15;-3;21;-4;26;-6;30;-10;32;-13;33;-15;32;-17;30;-16;28;-14;25;-10;23;-6;22;0;22;5;24;9;26;12;29;-113;0;6;3;6;3;6;3;6;3;5;4;3;4;2;5;2;6;2;6;2;6;2;6;1;6;0;5;-1;6;-1;6;-2;6;-2;7;-1;6;-1;6;-2;5;-2;5;-3;4;-4;5;-4;5;-4;5;-3;5;-3;4;-3;4;-1;1;-1;0;0;-1;0;0;0;0;-1;-2;-3;-4;-6;-11;-5;-12;-5;-12;-4;-12;-3;-12;-2;-12;0;-12;1;-13;2;-13;3;-13;3;-13;3;-12;4;-11;4;-10;5;-9;6;-9;7;-9;7;-8;7;-8;6;-7;7;-5;7;-4;8;-3;8;-3;8;-3;8;-2;8;-2;7;-2;-113;0;9;28;9;27;9;27;10;25;10;25;10;24;10;23;10;21;11;20;11;19;12;19;12;18;13;18;13;18;13;18;12;17;12;17;12;17;12;17;12;17;11;17;11;17;11;17;10;17;10;17;9;18;8;18;7;19;2;6;0;2;-1;-1;-1;-1;-1;-1;0;1;2;5;6;14;6;14;5;15;5;16;5;16;5;17;5;18;4;19;4;20;4;20;4;21;4;22;4;22;4;23;3;23;3;23;4;23;4;24;5;24;5;25;6;26;6;26;6;27;7;27;8;28;9;28;9;29;10;29,empty,EXP_S144,ZONE_02,entree_zone,4.1,entree_zone,entree dans la zone
717855219,-53,6,a0:9f:7a:73:2b:3e,384,-110;-96;8;0;36;4;35;5;31;5;27;4;23;1;20;-2;17;-6;16;-11;15;-15;16;-18;18;-20;20;-21;21;-21;23;-19;23;-17;21;-15;19;-13;16;-12;12;-12;9;-13;7;-14;5;-16;4;-18;4;-21;5;-22;1;-6;0;0;0;0;0;0;0;0;0;0;0;0;0;0;0;0;0;0;3;5;14;23;12;26;8;28;4;28;0;27;-2;24;-3;20;-1;15;2;11;7;9;12;8;17;9;22;12;25;16;26;20;25;23;23;25;21;25;19;24;18;21;17;17;18;12;20;8;24;4;28;1;32;0;-114;0;6;-3;6;-3;6;-3;6;-2;6;-1;6;0;6;1;6;2;6;2;6;2;6;3;5;3;5;3;5;4;4;4;4;5;4;5;4;5;3;5;3;5;2;5;2;5;2;5;2;5;1;5;1;5;1;5;1;5;0;1;0;0;-1;-1;0;0;0;0;-2;0;-5;-1;-12;-1;-12;-2;-12;-3;-12;-4;-11;-5;-11;-6;-10;-7;-10;-8;-9;-9;-9;-9;-8;-10;-7;-10;-6;-10;-5;-10;-4;-10;-4;-10;-3;-11;-2;-10;-2;-10;-1;-10;0;-9;1;-9;2;-8;2;-8;3;-8;4;-7;4;-7;4;-6;-114;0;27;10;27;9;26;9;26;8;25;7;25;7;24;6;23;5;23;4;22;4;22;3;22;2;22;2;21;2;21;2;21;2;21;2;21;2;21;2;21;2;20;2;20;3;20;3;19;3;19;4;19;5;18;6;18;7;6;2;1;1;-1;-1;-1;-1;-1;-1;1;0;5;0;15;2;15;2;15;3;16;4;16;5;17;5;17;6;18;6;18;7;19;7;19;8;20;8;20;9;20;9;21;10;21;10;21;10;21;10;22;10;23;10;24;10;24;10;25;10;26;10;27;10;27;10;28;10;28;10,empty,EXP_S144,ZONE_02,entree_zone,4.1,entree_zone,entree dans la zone
718054464,-53,6,a0:9f:7a:73:2b:3e,384,-110;-96;8;0;-39;-8;-36;-9;-33;-9;-29;-7;-24;-5;-21;-1;-19;3;-19;8;-19;12;-20;15;-22;17;-24;18;-26;17;-26;16;-26;14;-25;12;-22;10;-19;9;-16;9;-13;11;-10;13;-9;15;-8;17;-9;19;-10;21;-3;5;0;0;0;0;0;0;0;0;0;0;0;0;0;0;0;0;0;0;-5;-6;-16;-24;-13;-27;-9;-30;-5;-30;-1;-29;1;-25;2;-21;0;-17;-3;-13;-8;-11;-14;-10;-19;-12;-24;-15;-26;-19;-27;-23;-26;-26;-24;-27;-22;-28;-20;-26;-18;-23;-18;-19;-19;-15;-22;-10;-26;-7;-30;-4;-33;-4;-110;0;-8;3;-8;3;-8;3;-7;3;-7;2;-7;0;-7;-1;-7;-2;-8;-2;-8;-2;-8;-2;-7;-3;-6;-4;-6;-4;-6;-5;-6;-6;-6;-6;-6;-5;-6;-5;-5;-5;-4;-5;-3;-6;-3;-6;-3;-6;-3;-6;-3;-6;-3;-6;-3;-6;-1;-2;-1;-1;0;0;-1;0;-1;0;1;-1;4;-1;11;-3;11;-2;11;-1;11;0;11;1;11;2;10;3;10;5;10;6;10;6;10;7;9;7;8;7;6;7;5;8;5;9;4;9;4;9;3;9;2;8;1;7;-1;7;-2;8;-3;8;-3;8;-3;8;-3;7;-4;6;-110;0;-31;-5;-30;-5;-30;-4;-29;-4;-29;-3;-28;-3;-27;-2;-26;-2;-25;-1;-24;-1;-24;0;-24;1;-24;1;-23;1;-23;1;-23;1;-23;1;-23;1;-23;0;-23;0;-23;-1;-22;-1;-22;-2;-21;-2;-21;-3;-21;-4;-21;-5;-21;-6;-8;-3;-3;-1;0;0;1;-1;0;-1;-2;0;-6;0;-17;2;-17;1;-17;1;-18;0;-19;0;-20;-1;-20;-1;-21;-2;-21;-3;-22;-3;-23;-3;-23;-4;-24;-4;-24;-5;-24;-5;-24;-6;-25;-6;-25;-6;-26;-5;-27;-5;-28;-5;-28;-5;-29;-5;-30;-5;-30;-5;-31;-5;-32;-4;-32;-5,empty,EXP_S144,ZONE_02,entree_zone,4.1,entree_zone,entree dans la zone
718257610,-54,6,a0:9f:7a:73:2b:3e,384,-110;-96;8;0;-18;-26;-16;-26;-14;-24;-12;-21;-12;-16;-12;-12;-13;-9;-15;-5;-18;-3;-20;-2;-22;-2;-24;-3;-25;-4;-24;-5;-23;-6;-21;-6;-19;-6;-16;-4;-15;-2;-13;0;-13;2;-13;5;-14;6;-16;7;-17;8;-5;2;0;0;0;0;0;0;0;0;0;0;0;0;0;0;0;0;0;0;1;-6;8;-22;11;-22;14;-20;17;-18;17;-14;16;-11;13;-9;10;-8;5;-8;1;-10;-2;-14;-3;-18;-4;-22;-3;-26;-1;-28;2;-30;4;-29;5;-28;5;-26;4;-23;2;-20;-2;-18;-6;-18;-11;-18;-14;-20;-17;-21;-112;0;-13;-5;-13;-5;-12;-6;-11;-6;-10;-7;-8;-8;-7;-9;-6;-10;-6;-11;-6;-12;-6;-11;-5;-11;-3;-11;-2;-11;-1;-12;0;-12;0;-12;0;-12;1;-12;1;-11;2;-10;3;-10;4;-10;4;-10;4;-10;4;-9;4;-9;4;-8;1;-3;0;-1;-1;0;-1;-1;-1;-1;1;1;4;4;13;14;12;15;11;16;10;17;8;17;6;18;4;18;2;19;1;19;0;20;-1;19;-2;19;-3;18;-5;16;-7;16;-8;15;-10;15;-10;14;-10;13;-10;11;-11;10;-12;8;-13;7;-14;6;-14;5;-13;4;-13;3;-13;2;-112;0;-25;-43;-25;-42;-25;-41;-25;-39;-25;-37;-24;-36;-24;-34;-24;-32;-24;-30;-25;-29;-25;-28;-25;-27;-26;-27;-26;-26;-26;-26;-26;-26;-26;-26;-25;-26;-25;-26;-24;-26;-23;-27;-22;-26;-22;-26;-21;-26;-20;-27;-18;-27;-17;-28;-16;-29;-6;-11;-2;-4;0;0;1;1;0;0;-3;-2;-7;-7;-18;-20;-18;-21;-17;-22;-17;-23;-17;-24;-17;-26;-17;-27;-17;-29;-17;-30;-17;-31;-17;-32;-17;-33;-17;-34;-17;-35;-17;-36;-16;-36;-17;-36;-17;-37;-18;-37;-19;-38;-20;-39;-21;-40;-22;-41;-23;-41;-24;-42;-25;-43;-26;-43;-26;-44,empty,EXP_S144,ZONE_02,entree_zone,4.1,entree_zone,entree dans la zone
718452287,-54,6,a0:9f:7a:73:2b:3e,384,-110;-96;8;0;7;-31;7;-29;7;-27;6;-24;3;-21;0;-19;-4;-17;-7;-17;-10;-18;-13;-19;-14;-20;-14;-21;-13;-22;-12;-23;-10;-22;-9;-20;-8;-18;-8;-16;-9;-13;-10;-11;-12;-9;-14;-8;-16;-8;-17;-9;-18;-10;-5;-3;0;0;0;0;0;0;0;0;0;0;0;0;0;0;0;0;0;0;5;-4;21;-12;23;-10;25;-6;25;-2;23;1;20;3;16;3;13;1;10;-2;8;-6;8;-11;9;-15;12;-19;16;-21;19;-21;21;-21;23;-19;23;-18;22;-16;20;-15;16;-15;13;-16;9;-18;6;-21;5;-25;4;-27;-110;0;-5;-11;-5;-11;-4;-11;-3;-10;-2;-10;0;-9;2;-9;4;-10;4;-11;4;-11;4;-11;5;-10;6;-9;7;-8;8;-8;8;-8;8;-8;7;-8;7;-7;7;-6;8;-4;8;-4;9;-4;9;-4;9;-4;8;-4;8;-3;7;-2;2;-1;0;-1;-1;0;0;-2;0;-1;-1;2;-1;7;-4;19;-5;19;-6;19;-8;19;-9;18;-10;17;-12;15;-14;15;-15;14;-16;14;-16;13;-16;12;-16;11;-16;9;-17;7;-17;5;-18;4;-17;3;-16;3;-15;1;-14;0;-13;-2;-13;-4;-14;-5;-13;-6;-12;-6;-11;-5;-9;-5;-110;0;13;-51;11;-50;10;-49;9;-48;7;-46;6;-45;5;-44;3;-42;2;-41;1;-40;-1;-40;-2;-39;-3;-39;-3;-39;-4;-39;-4;-39;-4;-39;-4;-38;-4;-38;-3;-38;-2;-37;-2;-37;-1;-36;-1;-36;0;-36;2;-35;4;-35;5;-35;2;-13;1;-4;-1;1;-1;1;-1;0;0;-3;1;-10;5;-27;6;-27;6;-28;7;-28;8;-29;9;-30;10;-31;11;-32;12;-33;13;-34;13;-35;14;-36;15;-37;16;-37;17;-38;17;-38;17;-38;16;-39;16;-40;15;-41;15;-43;16;-45;15;-46;15;-47;14;-49;13;-50;13;-51;13;-53,empty,EXP_S144,ZONE_02,entree_zone,4.1,entree_zone,entree dans la zone
718652234,-53,6,a0:9f:7a:73:2b:3e,384,-110;-96;8;0;37;-12;36;-10;32;-9;28;-9;23;-10;18;-12;14;-15;11;-19;9;-23;9;-27;10;-29;11;-30;13;-30;14;-29;15;-26;14;-24;13;-21;10;-19;6;-18;3;-17;-1;-18;-3;-20;-5;-22;-5;-24;-5;-26;-2;-7;0;0;0;0;0;0;0;0;0;0;0;0;0;0;0;0;0;0;6;3;24;17;22;21;19;25;15;27;10;26;7;24;4;20;4;14;6;9;10;4;16;1;22;1;27;2;32;5;34;8;34;12;33;14;31;15;29;15;26;12;24;8;23;3;23;-3;26;-8;29;-12;32;-14;-110;0;4;-6;5;-5;5;-5;6;-4;6;-3;6;-2;7;-2;7;-1;7;0;7;0;7;1;7;1;6;2;6;2;6;3;6;3;6;4;6;4;5;4;5;4;4;4;4;5;4;5;4;5;3;5;3;5;2;5;2;5;0;2;0;0;-1;-1;0;-1;0;-1;-2;0;-5;1;-13;4;-13;3;-13;2;-14;0;-14;-1;-14;-2;-14;-3;-13;-4;-13;-4;-13;-5;-12;-6;-12;-7;-11;-8;-10;-8;-9;-9;-8;-9;-7;-9;-6;-9;-6;-9;-5;-9;-4;-9;-3;-9;-2;-9;-1;-9;0;-9;1;-9;1;-8;2;-8;-110;0;31;-5;31;-6;30;-6;29;-6;28;-7;27;-7;26;-8;25;-8;24;-8;23;-9;22;-9;22;-9;22;-10;22;-10;22;-10;22;-10;22;-10;21;-10;21;-10;21;-10;21;-9;21;-9;21;-8;21;-7;21;-6;21;-5;21;-4;21;-3;7;-1;2;-1;-1;0;-1;0;-1;0;1;-1;5;-2;15;-5;16;-5;16;-4;17;-4;17;-3;18;-3;19;-3;20;-3;21;-3;21;-3;22;-3;23;-2;23;-2;24;-1;24;-1;24;-1;25;-1;25;-1;26;-2;26;-2;27;-3;28;-3;29;-4;29;-4;30;-4;31;-5;31;-5;32;-5,empty,EXP_S144,ZONE_02,entree_zone,4.1,entree_zone,entree dans la zone
718856504,-54,6,a0:9f:7a:73:2b:3e,384,-110;-96;8;0;16;-26;16;-24;15;-22;12;-19;8;-17;4;-16;0;-17;-4;-18;-6;-20;-8;-22;-8;-24;-7;-25;-6;-26;-5;-25;-3;-24;-2;-22;-2;-20;-3;-17;-4;-15;-6;-13;-8;-12;-11;-12;-13;-12;-14;-14;-14;-15;-4;-4;0;0;0;0;0;0;0;0;0;0;0;0;0;0;0;0;0;0;5;-2;22;-4;23;-1;23;2;22;6;19;7;16;8;12;6;10;3;9;-1;9;-5;11;-9;14;-12;17;-14;21;-14;24;-13;25;-11;26;-10;24;-8;22;-7;20;-7;17;-9;14;-12;12;-16;11;-19;11;-23;12;-26;-104;0;1;-13;1;-13;2;-13;3;-12;4;-11;5;-10;7;-9;9;-9;9;-9;10;-9;9;-9;9;-7;10;-6;10;-5;11;-4;12;-4;12;-4;11;-4;11;-3;10;-2;10;-1;10;0;10;1;11;1;10;0;10;0;9;0;8;1;3;0;0;0;-1;0;0;-2;0;-1;-1;1;-3;5;-9;16;-10;16;-11;15;-12;14;-14;13;-15;11;-16;10;-17;8;-18;8;-19;7;-19;6;-18;5;-17;3;-17;1;-17;-1;-17;-3;-17;-4;-16;-4;-15;-5;-13;-5;-11;-7;-10;-8;-10;-9;-9;-11;-8;-11;-7;-11;-5;-11;-4;-11;-104;0;26;-43;25;-43;24;-42;22;-41;21;-41;20;-40;18;-39;17;-38;15;-37;14;-36;13;-36;12;-36;11;-37;11;-37;11;-37;11;-36;11;-36;11;-36;12;-36;12;-36;13;-35;13;-34;14;-33;14;-32;16;-32;17;-31;19;-30;20;-28;7;-10;2;-3;-1;0;-1;1;-1;0;0;-3;3;-9;9;-24;10;-24;10;-24;12;-25;13;-25;14;-26;15;-26;16;-27;17;-28;18;-29;19;-29;20;-30;21;-30;22;-30;23;-30;23;-30;24;-31;24;-32;24;-33;24;-34;25;-36;25;-37;25;-38;25;-39;25;-41;25;-42;26;-44;26;-45,empty,EXP_S144,ZONE_02,entree_zone,4.1,entree_zone,entree dans la zone
719053348,-54,6,a0:9f:7a:73:2b:3e,384,-110;-96;8;0;32;1;30;2;27;2;23;1;20;0;17;-3;15;-7;14;-11;13;-14;13;-17;14;-19;16;-20;17;-19;18;-18;17;-16;16;-15;15;-13;12;-12;10;-12;7;-13;5;-14;3;-15;2;-17;2;-19;3;-20;0;-5;0;0;0;0;0;0;0;0;0;0;0;0;0;0;0;0;0;0;2;5;11;20;8;22;4;24;1;23;-2;21;-4;18;-3;14;-1;10;2;7;7;6;12;5;17;7;20;10;22;14;22;17;21;20;19;21;17;21;15;19;14;16;14;13;15;9;17;4;20;1;24;-2;28;-3;-116;0;5;-4;5;-4;5;-4;5;-3;5;-3;5;-1;5;-1;5;0;6;0;5;0;5;1;5;1;4;1;4;2;4;3;4;3;4;3;4;3;3;3;3;3;2;3;2;3;2;4;2;4;2;4;2;3;2;3;1;3;0;1;0;0;-1;-1;0;0;0;0;-2;0;-4;-1;-11;-2;-11;-2;-11;-3;-10;-4;-10;-4;-9;-5;-9;-6;-9;-7;-8;-8;-8;-8;-8;-9;-7;-9;-6;-9;-5;-9;-4;-9;-3;-9;-3;-9;-3;-9;-2;-9;-1;-9;0;-8;0;-8;1;-8;2;-8;2;-8;2;-7;3;-7;3;-6;-116;0;25;2;24;2;24;1;23;1;23;0;22;0;21;-1;21;-1;20;-2;19;-2;19;-3;18;-4;18;-4;18;-4;18;-4;18;-4;18;-4;18;-4;18;-4;18;-3;18;-3;18;-3;17;-2;17;-2;17;-1;17;0;17;1;17;1;6;0;1;0;-1;0;-1;0;-1;-1;1;-1;4;-1;12;0;13;0;13;0;13;1;14;1;14;1;15;2;15;2;16;2;16;3;17;3;17;3;18;3;18;4;18;4;18;4;19;4;19;4;20;4;20;4;21;4;22;3;22;3;23;3;24;3;25;2;25;2;25;1,empty,EXP_S144,ZONE_02,entree_zone,4.1,entree_zone,entree dans la zone
719253179,-54,6,a0:9f:7a:73:2b:3e,384,-110;-96;8;0;27;-16;26;-14;24;-12;21;-11;17;-11;13;-12;9;-14;6;-16;4;-19;3;-21;3;-23;4;-24;5;-25;6;-24;7;-23;7;-21;6;-19;4;-17;2;-15;-1;-15;-3;-14;-5;-15;-6;-16;-7;-17;-7;-19;-2;-5;0;0;0;0;0;0;0;0;0;0;0;0;0;0;0;0;0;0;5;2;20;11;19;14;16;17;13;18;10;18;7;16;5;13;5;9;6;5;9;1;13;-1;17;-3;22;-2;25;0;27;3;28;5;27;7;26;8;23;8;21;6;19;3;17;-1;17;-6;18;-10;20;-14;22;-16;-115;0;3;-13;3;-14;3;-14;4;-13;4;-10;6;-8;7;-7;9;-7;9;-7;10;-7;9;-7;9;-6;9;-4;9;-3;10;-2;11;-1;11;-2;11;-2;9;-1;8;0;8;1;8;2;8;3;9;3;9;2;8;2;7;2;6;2;2;0;0;0;-1;-1;0;-1;0;-1;-2;1;-6;4;-17;12;-17;11;-18;10;-18;9;-19;7;-19;5;-20;3;-21;1;-22;0;-22;-1;-21;-2;-20;-3;-19;-4;-18;-6;-17;-8;-17;-9;-17;-10;-16;-10;-15;-10;-14;-10;-11;-11;-9;-12;-8;-14;-8;-15;-7;-15;-6;-14;-5;-13;-4;-13;-115;0;39;-30;38;-30;37;-30;35;-30;34;-30;32;-30;31;-30;29;-29;27;-29;25;-29;24;-29;23;-30;22;-30;22;-30;22;-30;22;-30;22;-30;22;-30;22;-30;22;-29;22;-29;22;-27;22;-27;22;-26;23;-25;24;-24;26;-22;27;-21;9;-8;3;-2;-1;0;-2;1;-1;0;1;-2;6;-7;17;-18;18;-18;19;-17;20;-17;21;-18;23;-18;24;-18;25;-19;26;-19;27;-19;28;-20;29;-20;31;-20;32;-20;33;-19;33;-19;33;-20;33;-21;34;-22;35;-23;36;-24;37;-25;37;-26;37;-27;38;-29;38;-30;39;-32;40;-33,empty,EXP_S144,ZONE_02,entree_zone,4.1,entree_zone,entree dans la zone
719452249,-53,6,a0:9f:7a:73:2b:3e,384,-110;-96;8;0;29;27;27;27;24;25;21;21;19;17;19;12;20;7;21;2;24;-1;27;-4;29;-5;31;-4;32;-3;31;-2;30;0;27;0;25;0;22;-1;19;-3;17;-6;16;-9;16;-12;17;-14;18;-15;19;-16;5;-4;0;0;0;0;0;0;0;0;0;0;0;0;0;0;0;0;0;0;-2;7;-6;29;-11;29;-15;27;-19;24;-20;20;-19;15;-16;12;-11;9;-5;9;1;11;6;15;9;20;10;26;10;31;7;35;4;37;2;37;0;35;-1;32;-1;29;2;25;6;22;12;20;17;19;23;19;27;21;-110;0;8;-1;8;0;8;0;7;0;6;1;5;2;5;3;5;4;5;5;5;5;4;5;4;4;3;5;2;5;1;6;1;7;1;7;1;6;1;6;0;5;-1;5;-1;5;-2;6;-2;6;-1;6;-1;5;-1;5;-2;4;-1;1;-1;0;-1;-1;0;0;0;0;-2;-1;-4;-3;-11;-8;-11;-8;-11;-9;-10;-10;-9;-11;-8;-11;-7;-12;-6;-13;-5;-14;-5;-14;-4;-14;-4;-14;-2;-13;-1;-13;0;-13;1;-13;2;-13;2;-12;2;-11;3;-10;4;-9;5;-8;6;-8;6;-8;7;-7;6;-7;6;-6;6;-5;-110;0;25;20;24;19;24;18;24;17;24;16;23;15;23;15;23;14;22;13;22;12;21;11;21;10;22;10;22;10;22;10;22;9;22;9;22;9;22;10;21;10;21;10;20;10;19;11;19;11;18;12;18;13;17;14;16;14;5;5;1;1;-1;-1;-1;-1;-1;-1;1;0;5;2;13;8;13;8;13;9;14;9;14;10;14;11;15;12;15;13;15;13;16;14;16;14;16;15;16;16;16;17;16;17;16;17;17;17;17;17;18;18;20;18;21;18;21;19;22;19;23;19;23;19;24;20;25;20;26;20,empty,EXP_S144,ZONE_02,entree_zone,4.1,entree_zone,entree dans la zone
719652773,-52,6,a0:9f:7a:73:2b:3e,384,-110;-96;8;0;-41;-8;-38;-9;-35;-9;-31;-7;-27;-4;-24;0;-22;5;-22;9;-22;13;-24;16;-26;18;-28;18;-29;17;-29;15;-28;13;-26;12;-23;11;-20;10;-17;11;-14;13;-12;15;-11;17;-11;20;-12;22;-13;23;-4;6;0;0;0;0;0;0;0;0;0;0;0;0;0;0;0;0;0;0;-4;-7;-16;-26;-13;-29;-8;-31;-3;-31;0;-29;3;-25;3;-21;0;-16;-4;-12;-9;-10;-15;-10;-21;-12;-25;-15;-28;-20;-28;-24;-27;-28;-25;-30;-22;-29;-20;-28;-19;-24;-19;-20;-20;-15;-23;-10;-28;-7;-33;-5;-36;-4;-112;0;-7;1;-7;1;-7;0;-7;-1;-7;-2;-6;-2;-6;-3;-6;-4;-6;-5;-6;-5;-6;-5;-5;-5;-4;-6;-4;-6;-4;-7;-3;-7;-3;-7;-3;-7;-2;-7;-2;-7;-2;-7;-1;-7;-1;-7;-1;-7;0;-7;0;-6;0;-6;0;-6;0;-2;0;-1;0;0;-1;-1;-1;-1;1;0;4;1;11;5;11;5;10;6;10;7;9;8;8;9;8;9;7;10;6;11;6;11;5;11;4;11;3;11;2;11;1;11;0;11;-1;10;-1;10;-2;10;-2;9;-3;8;-4;8;-5;7;-5;7;-6;6;-6;6;-6;5;-6;4;-112;0;-30;-16;-30;-16;-29;-15;-29;-14;-28;-13;-28;-12;-27;-11;-27;-10;-26;-9;-26;-8;-25;-7;-25;-7;-25;-6;-25;-6;-25;-6;-25;-6;-25;-6;-25;-6;-25;-6;-25;-6;-24;-7;-24;-7;-23;-7;-23;-8;-22;-8;-22;-9;-21;-10;-21;-11;-8;-5;-3;-2;0;0;0;0;0;0;-2;-1;-6;-3;-16;-7;-16;-7;-16;-8;-16;-9;-17;-10;-17;-10;-18;-11;-18;-11;-19;-12;-19;-13;-20;-13;-20;-14;-20;-15;-20;-15;-21;-16;-21;-16;-21;-16;-22;-16;-23;-16;-24;-16;-25;-16;-26;-16;-27;-16;-27;-16;-28;-16;-29;-16;-30;-17;-31;-17,empty,EXP_S144,ZONE_02,entree_zone,4.1,entree_zone,entree dans la zone
719855829,-54,6,a0:9f:7a:73:2b:3e,384,-110;-96;8;0;-9;29;-10;27;-9;24;-7;21;-4;18;-1;17;3;16;7;16;9;16;11;18;12;19;12;21;11;22;10;22;9;21;7;19;7;17;6;14;7;11;9;9;11;8;13;7;15;7;16;8;17;9;4;2;0;0;0;0;0;0;0;0;0;0;0;0;0;0;0;0;0;0;-6;2;-22;9;-23;6;-25;2;-24;-1;-22;-4;-19;-5;-15;-5;-12;-2;-9;1;-8;5;-9;10;-11;14;-14;17;-17;18;-20;18;-23;17;-24;16;-23;14;-22;13;-19;12;-16;12;-13;14;-9;17;-7;20;-6;24;-6;26;-115;0;2;11;2;11;1;11;0;10;-1;9;-3;8;-5;8;-7;9;-7;9;-7;9;-7;9;-7;8;-8;6;-10;5;-11;5;-12;5;-12;5;-11;5;-10;4;-10;3;-10;2;-10;1;-11;0;-11;1;-10;1;-10;1;-9;0;-9;-1;-4;-1;-1;-1;0;-1;-1;1;-1;0;0;-3;1;-7;4;-20;5;-20;6;-19;8;-18;9;-17;11;-16;12;-15;14;-14;15;-14;16;-13;16;-12;16;-11;15;-9;16;-7;16;-5;17;-3;17;-3;16;-2;15;-1;13;0;12;2;11;4;11;5;11;6;10;6;9;6;8;6;7;6;-115;0;-17;46;-16;46;-15;45;-14;44;-13;43;-12;42;-11;41;-10;40;-8;38;-7;37;-6;37;-5;37;-4;37;-4;37;-4;37;-3;37;-3;37;-3;37;-4;37;-4;36;-5;36;-6;35;-6;34;-7;33;-8;33;-10;33;-11;33;-13;33;-5;11;-2;3;0;-2;0;-2;0;-1;-1;2;-2;8;-6;24;-6;24;-7;25;-8;25;-9;26;-10;27;-11;28;-12;29;-13;30;-14;30;-14;31;-15;32;-16;33;-17;33;-18;33;-18;34;-18;34;-18;35;-17;37;-18;38;-18;40;-18;41;-18;42;-18;43;-18;44;-18;45;-18;47;-18;48,empty,EXP_S144,ZONE_02,entree_zone,4.1,entree_zone,entree dans la zone
720052559,-53,6,a0:9f:7a:73:2b:3e,384,-110;-96;8;0;1;38;0;36;0;32;1;28;3;23;6;20;10;17;15;15;18;14;22;15;24;16;25;18;25;19;23;20;21;20;18;19;16;16;15;13;15;9;15;6;16;3;18;1;21;0;23;0;25;1;6;0;0;0;0;0;0;0;0;0;0;0;0;0;0;0;0;0;0;0;-6;4;-23;17;-26;14;-29;10;-30;6;-28;2;-24;-1;-20;-2;-15;0;-10;4;-7;9;-6;15;-7;20;-10;25;-14;28;-18;30;-21;29;-23;27;-23;25;-22;22;-19;20;-14;20;-9;20;-4;23;0;26;3;30;5;33;-112;0;4;6;4;6;3;6;3;6;1;6;0;6;-1;6;-2;7;-2;7;-2;7;-2;7;-3;6;-3;5;-5;5;-5;5;-6;5;-6;6;-6;6;-5;5;-5;4;-6;3;-6;2;-7;2;-7;3;-7;3;-6;2;-6;2;-5;1;-2;0;-1;0;0;-1;0;0;-1;0;-1;-2;-1;-5;-2;-13;-1;-14;0;-14;1;-14;2;-13;3;-13;4;-12;5;-12;6;-12;7;-12;7;-11;7;-10;8;-9;8;-8;9;-7;9;-6;10;-5;9;-5;9;-5;8;-4;8;-2;8;-1;8;0;8;1;8;1;8;1;7;2;6;2;-112;0;-1;30;0;30;0;29;0;28;1;28;2;27;2;26;2;25;3;24;4;24;4;23;5;23;5;23;5;23;5;22;5;22;5;22;5;22;5;22;5;22;4;22;3;22;3;21;2;21;2;21;1;21;-1;21;-2;22;-1;7;-1;2;-1;-1;-1;-1;-1;-1;0;1;0;5;2;15;1;15;1;15;0;16;0;17;0;18;-1;19;-1;19;-2;20;-2;20;-2;21;-2;22;-3;22;-3;23;-4;23;-4;23;-4;23;-3;24;-3;25;-3;26;-3;26;-2;27;-2;28;-2;29;-1;29;-1;30;0;31;0;32,empty,EXP_S144,ZONE_02,entree_zone,4.1,entree_zone,entree dans la zone
720252597,-53,6,a0:9f:7a:73:2b:3e,384,-110;-96;8;0;15;34;13;33;12;30;11;26;11;21;13;16;15;12;19;9;22;7;25;6;28;6;29;7;29;9;28;11;26;11;24;11;21;9;19;7;17;4;17;1;17;-2;18;-5;20;-7;22;-7;24;-7;6;-2;0;0;0;0;0;0;0;0;0;0;0;0;0;0;0;0;0;0;-3;6;-14;25;-18;24;-22;21;-24;17;-25;13;-23;9;-19;6;-14;6;-8;7;-3;10;0;15;2;21;1;26;-1;31;-5;33;-8;34;-11;34;-12;32;-12;29;-10;26;-6;24;-2;22;4;22;10;23;14;25;17;28;-112;0;5;4;4;4;4;5;3;5;2;6;2;6;1;6;1;6;0;6;-1;6;-1;6;-1;6;-2;6;-3;6;-3;6;-4;6;-4;5;-4;5;-5;5;-5;5;-5;5;-5;4;-5;4;-5;4;-5;3;-5;3;-5;2;-5;2;-2;0;-1;0;0;-1;0;0;0;0;-1;-2;-2;-5;-4;-13;-3;-13;-2;-13;-1;-13;0;-13;1;-13;2;-13;3;-13;4;-12;4;-12;5;-11;6;-11;6;-10;7;-9;7;-8;8;-8;8;-7;8;-6;8;-5;8;-5;8;-4;8;-3;8;-2;8;-2;7;-1;7;0;7;0;7;1;-112;0;4;30;5;30;5;29;5;28;6;26;6;26;6;25;7;24;7;23;8;22;8;22;9;21;9;21;10;21;10;21;10;21;9;21;9;21;9;21;8;21;8;21;8;20;7;20;7;20;6;20;5;20;4;21;3;21;0;7;0;2;-1;-1;-1;-1;-1;-1;0;1;1;5;4;15;4;15;3;15;3;16;2;17;2;17;2;18;2;19;2;20;1;21;1;21;1;22;0;22;0;23;0;23;0;24;0;24;1;24;1;25;1;25;2;26;2;27;2;28;3;28;4;29;4;30;4;30;5;31,empty,EXP_S144,ZONE_02,entree_zone,4.1,entree_zone,entree dans la zone
720452331,-53,6,a0:9f:7a:73:2b:3e,384,-110;-96;8;0;33;18;31;18;27;17;24;14;21;9;20;5;19;0;20;-5;21;-9;23;-12;26;-13;27;-13;29;-12;29;-10;28;-8;25;-7;22;-6;19;-7;16;-8;13;-11;11;-13;10;-16;10;-19;11;-20;13;-22;3;-6;0;0;0;0;0;0;0;0;0;0;0;0;0;0;0;0;0;0;0;7;1;28;-3;29;-8;29;-12;27;-15;24;-15;19;-13;15;-9;12;-3;10;3;10;8;12;13;16;16;21;16;26;15;30;12;33;10;34;8;33;7;30;7;27;8;23;11;19;16;15;21;13;26;12;30;13;-110;0;7;0;7;0;6;1;6;1;6;2;5;3;5;4;4;4;4;5;4;5;3;5;3;6;2;6;2;6;1;6;1;7;1;7;1;7;0;6;0;6;-1;6;-1;6;-1;6;-1;6;-2;5;-2;5;-2;5;-2;5;-1;1;-1;0;0;-1;0;0;0;0;-2;-1;-4;-3;-11;-8;-11;-9;-10;-9;-9;-10;-8;-11;-8;-11;-7;-12;-6;-12;-5;-13;-4;-13;-3;-13;-2;-13;-1;-13;0;-13;1;-12;1;-12;2;-11;3;-11;3;-10;3;-9;4;-8;4;-8;5;-7;6;-6;6;-6;6;-5;6;-4;6;-3;-110;0;23;19;23;19;22;18;22;17;22;16;22;15;21;14;21;13;21;12;21;11;20;11;20;10;20;10;21;9;21;9;21;9;21;9;21;9;21;9;20;9;20;9;19;10;19;10;18;10;18;11;17;12;16;13;16;13;5;5;1;1;-1;-1;-1;-1;-1;-1;1;0;4;3;12;9;12;9;12;10;12;11;12;11;13;12;13;13;13;13;14;14;14;15;14;15;14;16;14;17;14;17;14;17;15;18;15;18;16;18;16;18;17;19;18;19;19;19;20;19;20;19;21;20;22;20;22;20;23;20,empty,EXP_S144,ZONE_02,entree_zone,4.1,entree_zone,entree dans la zone
720652620,-54,6,a0:9f:7a:73:2b:3e,384,-110;-96;8;0;-16;-27;-14;-26;-13;-24;-11;-20;-11;-17;-12;-13;-14;-10;-16;-7;-19;-5;-21;-5;-23;-5;-24;-6;-25;-7;-24;-8;-22;-8;-20;-8;-18;-7;-16;-6;-15;-3;-14;-1;-14;1;-15;3;-16;4;-18;5;-19;5;-5;1;0;0;0;0;0;0;0;0;0;0;0;0;0;0;0;0;0;0;1;-6;7;-22;10;-21;14;-20;16;-17;17;-14;15;-11;13;-8;9;-8;5;-8;1;-10;-2;-13;-4;-18;-4;-22;-2;-25;0;-28;2;-29;4;-28;5;-27;5;-25;4;-22;2;-20;-2;-19;-6;-18;-10;-19;-14;-21;-16;-23;-112;0;-11;-6;-12;-6;-11;-5;-10;-5;-8;-6;-6;-7;-5;-9;-5;-10;-5;-11;-5;-11;-5;-11;-4;-10;-2;-10;-1;-11;0;-11;0;-12;0;-12;-1;-12;-1;-10;0;-9;2;-9;3;-9;4;-9;4;-10;3;-9;3;-9;3;-8;3;-7;1;-3;0;-1;-1;0;-1;-1;-1;-1;1;1;4;5;11;15;11;15;10;16;9;17;7;17;6;17;4;18;2;19;1;20;0;20;-1;20;-2;19;-3;18;-5;16;-7;15;-8;15;-9;14;-9;14;-9;12;-9;10;-10;8;-11;6;-13;5;-14;5;-14;5;-13;4;-12;3;-11;1;-112;0;-28;-41;-28;-40;-28;-39;-29;-37;-29;-36;-29;-34;-28;-32;-28;-31;-28;-29;-28;-27;-29;-26;-29;-25;-30;-24;-30;-24;-30;-24;-30;-23;-30;-23;-30;-23;-29;-23;-29;-24;-28;-24;-27;-24;-26;-24;-25;-25;-24;-25;-23;-26;-21;-27;-20;-28;-7;-10;-2;-4;0;0;1;1;0;0;-2;-2;-6;-7;-17;-20;-17;-20;-16;-21;-17;-22;-17;-24;-17;-25;-17;-26;-17;-28;-17;-29;-17;-30;-17;-31;-17;-32;-17;-33;-17;-34;-17;-35;-17;-35;-18;-35;-18;-36;-19;-36;-21;-37;-22;-38;-23;-38;-24;-39;-25;-40;-27;-40;-28;-41;-29;-42;-30;-42,empty,EXP_S144,ZONE_02,entree_zone,4.1,entree_zone,entree dans la zone
720852090,-53,6,a0:9f:7a:73:2b:3e,384,-110;-96;8;0;-2;-39;-1;-37;0;-33;-1;-29;-3;-25;-6;-21;-10;-18;-14;-16;-18;-16;-21;-16;-24;-18;-24;-19;-24;-21;-23;-22;-21;-22;-18;-20;-16;-18;-15;-15;-15;-12;-16;-9;-17;-6;-19;-4;-21;-3;-23;-3;-24;-4;-7;-1;0;0;0;0;0;0;0;0;0;0;0;0;0;0;0;0;0;0;5;-5;21;-19;24;-16;27;-12;28;-8;27;-4;24;-1;19;0;14;-1;10;-5;7;-9;5;-15;6;-21;9;-25;12;-29;16;-30;20;-30;22;-28;22;-26;21;-24;18;-22;14;-21;9;-21;4;-23;0;-26;-3;-30;-5;-33;-108;0;-5;-7;-4;-7;-3;-7;-2;-7;-2;-7;-1;-7;0;-7;0;-7;1;-7;1;-7;2;-7;2;-6;3;-6;3;-6;4;-6;4;-5;5;-5;5;-5;5;-5;5;-4;5;-4;5;-4;5;-3;5;-3;5;-3;5;-3;5;-2;4;-2;1;-1;0;-1;-1;0;0;-1;0;-1;0;1;-1;4;-1;12;-2;12;-3;12;-4;12;-5;11;-6;11;-7;10;-7;10;-8;9;-9;8;-9;8;-9;7;-10;6;-10;6;-10;5;-11;4;-11;3;-11;2;-10;2;-10;1;-10;0;-9;-1;-9;-1;-9;-2;-8;-3;-8;-3;-7;-4;-6;-4;-108;0;4;-31;4;-31;3;-30;3;-29;2;-28;1;-28;0;-27;0;-26;-1;-25;-1;-24;-2;-24;-3;-24;-3;-24;-3;-24;-4;-24;-4;-24;-4;-24;-4;-23;-4;-23;-3;-23;-3;-23;-3;-22;-2;-22;-2;-22;-1;-22;0;-22;1;-22;2;-22;1;-8;0;-3;0;0;-1;0;-1;0;-1;-2;0;-6;1;-16;1;-16;2;-17;2;-17;3;-18;3;-18;4;-19;4;-20;4;-21;5;-21;5;-22;6;-22;6;-22;7;-22;7;-23;7;-23;7;-24;7;-24;7;-25;6;-26;6;-26;6;-27;6;-28;6;-29;5;-29;5;-30;5;-31;5;-32,empty,EXP_S144,ZONE_02,entree_zone,4.1,entree_zone,entree dans la zone
721052355,-53,6,a0:9f:7a:73:2b:3e,384,-110;-96;8;0;-39;0;-37;-2;-34;-2;-29;-1;-25;1;-21;5;-18;9;-17;13;-16;17;-17;20;-18;22;-20;24;-21;23;-22;22;-22;20;-20;17;-18;16;-15;14;-12;14;-8;15;-6;16;-3;18;-2;20;-3;23;-3;24;-1;6;0;0;0;0;0;0;0;0;0;0;0;0;0;0;0;0;0;0;-5;-6;-16;-24;-14;-27;-10;-30;-5;-30;-1;-28;1;-25;2;-20;0;-15;-4;-11;-9;-8;-15;-7;-20;-8;-25;-11;-28;-15;-30;-19;-29;-23;-27;-25;-25;-25;-22;-23;-21;-20;-20;-16;-21;-11;-23;-6;-26;-2;-31;1;-34;3;-109;0;-7;3;-7;3;-7;2;-7;2;-7;1;-7;0;-7;-1;-7;-2;-7;-2;-7;-3;-7;-3;-7;-4;-6;-4;-6;-5;-6;-5;-6;-5;-6;-6;-5;-6;-5;-6;-5;-6;-4;-6;-4;-6;-4;-6;-4;-6;-3;-6;-3;-6;-3;-6;-2;-6;-1;-2;-1;-1;0;0;-1;-1;-1;-1;1;0;4;0;12;2;12;2;12;3;11;4;11;5;10;6;10;7;9;8;9;8;8;9;8;9;7;9;6;10;5;10;4;10;3;10;2;10;2;10;1;9;0;9;0;9;-1;8;-2;8;-3;8;-3;7;-4;7;-5;6;-5;6;-109;0;-31;-6;-31;-6;-30;-5;-29;-4;-28;-3;-28;-2;-27;-2;-26;-1;-26;0;-25;0;-24;1;-24;2;-24;2;-24;3;-24;3;-24;3;-24;3;-24;3;-23;3;-23;3;-23;2;-23;2;-22;2;-22;1;-22;0;-22;-1;-22;-2;-22;-3;-8;-1;-3;-1;0;-1;0;0;0;0;-2;-1;-6;-1;-16;-3;-16;-4;-16;-4;-17;-5;-17;-5;-18;-6;-19;-6;-19;-7;-20;-7;-21;-7;-21;-8;-22;-8;-22;-9;-22;-9;-22;-9;-23;-9;-23;-9;-24;-9;-24;-9;-25;-8;-26;-8;-27;-8;-28;-8;-29;-7;-30;-7;-31;-7;-31;-7;-32;-7,empty,EXP_S144,ZONE_02,entree_zone,4.1,entree_zone,entree dans la zone
721253483,-54,6,a0:9f:7a:73:2b:3e,384,-110;-96;8;0;-9;31;-10;29;-9;26;-8;23;-5;20;-2;18;2;17;6;16;9;17;11;18;12;20;12;22;11;22;10;23;9;22;7;20;6;18;6;16;7;13;8;11;10;9;12;9;14;9;15;10;16;11;4;3;0;0;0;0;0;0;0;0;0;0;0;0;0;0;0;0;0;0;-5;3;-21;12;-23;10;-25;6;-25;2;-23;-1;-21;-3;-17;-3;-13;-1;-10;2;-9;6;-8;11;-10;15;-13;18;-16;20;-20;20;-22;20;-24;18;-24;16;-23;15;-20;14;-17;14;-13;15;-9;18;-7;21;-6;25;-5;28;-102;0;1;5;1;5;0;5;0;5;-1;5;-2;4;-2;4;-3;4;-3;4;-4;4;-4;4;-4;4;-4;3;-5;3;-5;2;-5;2;-5;2;-5;2;-5;2;-5;1;-5;1;-5;1;-5;0;-5;0;-5;0;-5;0;-5;0;-4;0;-2;-1;-1;-1;0;-1;-1;0;-1;0;0;-2;0;-4;2;-10;3;-10;3;-10;4;-9;5;-9;5;-8;6;-8;7;-7;7;-7;8;-6;8;-6;8;-5;8;-4;8;-3;8;-3;8;-2;8;-1;8;-1;7;0;7;0;6;1;6;1;6;2;5;2;5;3;5;3;4;3;4;3;-102;0;-11;24;-10;23;-10;23;-9;22;-8;22;-8;21;-7;21;-6;21;-5;20;-5;20;-4;19;-4;19;-3;19;-3;19;-3;19;-3;19;-3;19;-3;19;-3;18;-4;18;-4;18;-4;18;-4;17;-5;17;-5;17;-6;17;-7;16;-7;16;-3;5;-1;1;0;-1;0;-1;0;-1;-1;1;-2;4;-4;13;-4;13;-5;13;-6;13;-6;13;-7;14;-7;14;-8;14;-8;15;-8;15;-9;16;-9;16;-10;17;-10;17;-11;17;-11;17;-11;18;-11;18;-11;19;-11;19;-11;20;-11;21;-11;21;-11;22;-11;23;-11;23;-10;24;-11;25,empty,EXP_S144,ZONE_02,entree_zone,4.1,entree_zone,entree dans la zone
721452517,-53,6,a0:9f:7a:73:2b:3e,384,-110;-96;8;0;8;37;6;35;5;32;5;28;7;23;9;19;13;15;16;13;20;11;23;11;26;12;27;13;27;15;25;16;23;17;21;16;19;14;17;11;16;7;16;4;17;1;18;-1;20;-3;22;-3;24;-2;6;-1;0;0;0;0;0;0;0;0;0;0;0;0;0;0;0;0;0;0;-5;5;-19;21;-23;19;-26;15;-28;11;-27;7;-24;4;-20;2;-15;3;-10;5;-6;10;-4;15;-4;21;-5;26;-8;30;-12;32;-16;32;-18;31;-19;29;-18;26;-15;24;-11;22;-6;22;-1;23;4;25;8;29;10;32;-110;0;4;4;4;5;3;5;3;5;2;6;1;6;0;6;-1;6;-1;6;-2;6;-2;6;-2;6;-3;6;-3;6;-4;6;-4;6;-4;5;-4;5;-5;5;-5;4;-5;4;-5;4;-5;4;-5;3;-5;3;-5;3;-5;2;-5;2;-2;0;-1;0;0;-1;0;0;-1;0;-1;-2;-1;-5;-1;-13;0;-13;1;-13;2;-13;3;-12;4;-12;5;-12;6;-12;7;-11;7;-11;8;-10;8;-9;8;-8;9;-8;9;-7;9;-6;9;-5;9;-5;9;-4;8;-3;8;-2;8;-1;8;0;8;0;7;1;7;2;7;2;6;3;-110;0;0;30;1;30;1;29;2;29;2;28;3;27;4;26;4;25;5;24;6;23;6;22;7;22;8;22;8;22;8;21;8;21;8;21;8;21;8;21;8;21;7;21;7;21;7;20;6;20;6;20;5;20;4;21;3;21;1;7;0;2;-1;-1;-1;-1;0;-1;0;1;0;5;0;15;-1;15;-2;16;-2;16;-3;17;-3;17;-3;18;-3;19;-4;20;-4;20;-4;21;-5;21;-5;22;-5;22;-5;23;-5;23;-5;23;-5;24;-4;25;-4;26;-4;26;-3;27;-3;28;-2;29;-2;29;-1;30;0;31;0;31,empty,EXP_S144,ZONE_02,entree_zone,4.1,entree_zone,entree dans la zone
721653940,-53,6,a0:9f:7a:73:2b:3e,384,-110;-96;8;0;-7;-39;-5;-37;-4;-33;-4;-29;-6;-25;-9;-21;-12;-17;-16;-15;-20;-14;-23;-14;-26;-15;-27;-17;-27;-18;-25;-19;-23;-19;-21;-18;-19;-16;-17;-14;-16;-10;-17;-7;-18;-4;-20;-2;-22;0;-24;0;-25;-1;-7;-1;0;0;0;0;0;0;0;0;0;0;0;0;0;0;0;0;0;0;4;-6;19;-21;23;-19;26;-16;27;-12;26;-7;23;-4;19;-3;14;-3;9;-6;6;-10;4;-16;4;-22;6;-27;9;-30;12;-32;16;-33;18;-31;19;-29;18;-26;16;-24;12;-22;7;-23;1;-24;-3;-27;-7;-30;-9;-33;-116;0;-4;-6;-4;-6;-4;-7;-3;-7;-2;-7;-1;-7;0;-7;0;-7;1;-7;1;-7;1;-7;2;-7;2;-6;3;-6;4;-6;4;-6;4;-6;4;-6;4;-5;4;-5;4;-4;5;-4;5;-4;5;-4;5;-4;5;-3;4;-3;4;-2;1;-1;0;-1;-1;0;-1;-1;0;-1;0;1;0;4;-1;12;-1;12;-2;12;-4;12;-5;11;-5;11;-6;11;-7;10;-8;10;-9;9;-9;9;-9;8;-10;7;-10;6;-10;5;-10;4;-10;4;-10;3;-10;2;-10;1;-9;0;-9;-1;-9;-1;-9;-2;-8;-3;-8;-3;-7;-4;-7;-4;-116;0;2;-32;2;-31;1;-31;0;-30;0;-29;-1;-28;-1;-27;-2;-27;-3;-26;-4;-25;-4;-24;-5;-24;-6;-24;-6;-24;-6;-24;-6;-24;-6;-24;-6;-24;-6;-24;-5;-23;-5;-23;-5;-23;-4;-22;-4;-22;-3;-22;-2;-22;-1;-22;0;-22;0;-8;0;-3;0;0;-1;0;-1;0;-1;-2;0;-6;0;-16;1;-17;1;-17;2;-17;2;-18;2;-18;3;-19;3;-20;4;-21;4;-21;4;-22;5;-22;5;-23;5;-23;6;-24;6;-24;6;-24;5;-25;5;-25;5;-26;5;-27;4;-28;4;-29;4;-29;3;-30;3;-31;2;-32;2;-33,empty,EXP_S144,ZONE_02,entree_zone,4.1,entree_zone,entree dans la zone
721865354,-54,6,a0:9f:7a:73:2b:3e,384,-110;-96;8;0;-26;-16;-24;-16;-22;-15;-20;-13;-18;-9;-16;-5;-16;-1;-17;2;-18;5;-19;7;-21;9;-22;9;-23;8;-23;7;-23;5;-21;5;-19;4;-16;5;-13;6;-11;7;-10;9;-9;11;-9;13;-10;15;-10;16;-3;4;0;0;0;0;0;0;0;0;0;0;0;0;0;0;0;0;0;0;-1;-6;0;-23;4;-24;8;-24;11;-22;13;-19;13;-16;11;-12;8;-10;3;-8;-2;-9;-6;-11;-9;-14;-12;-18;-12;-22;-11;-26;-9;-28;-7;-29;-6;-28;-5;-26;-5;-23;-6;-19;-9;-16;-12;-14;-16;-12;-20;-12;-23;-12;-109;0;-11;-4;-12;-4;-11;-5;-10;-5;-9;-6;-7;-7;-6;-9;-5;-10;-5;-11;-5;-11;-5;-11;-4;-11;-3;-11;-2;-11;-1;-12;0;-12;0;-12;0;-12;0;-11;1;-10;2;-10;3;-9;3;-10;3;-10;3;-9;3;-9;3;-8;3;-8;1;-3;0;-1;-1;0;-1;-1;-1;-1;1;1;4;5;12;15;11;16;10;18;8;18;7;19;5;19;4;20;2;21;1;21;-1;21;-2;21;-3;20;-4;19;-6;18;-7;17;-8;17;-9;16;-10;15;-10;13;-10;12;-10;10;-11;8;-12;7;-13;6;-13;5;-13;4;-13;3;-12;2;-109;0;-26;-42;-27;-41;-27;-39;-27;-38;-26;-36;-26;-34;-26;-32;-27;-31;-26;-29;-26;-27;-27;-26;-27;-25;-28;-24;-29;-24;-29;-23;-29;-23;-29;-23;-29;-23;-29;-23;-28;-23;-27;-23;-26;-23;-25;-24;-25;-24;-24;-25;-23;-26;-22;-26;-20;-27;-7;-10;-2;-4;0;0;0;1;0;0;-2;-3;-5;-8;-14;-23;-14;-23;-14;-24;-14;-24;-13;-25;-13;-26;-13;-28;-14;-29;-14;-30;-14;-31;-14;-32;-13;-33;-13;-34;-13;-35;-13;-36;-14;-36;-14;-37;-15;-37;-16;-37;-17;-38;-19;-39;-20;-40;-21;-40;-22;-41;-22;-41;-23;-42;-24;-43;-25;-44,empty,EXP_S144,ZONE_02,entree_zone,4.1,entree_zone,entree dans la zone
722052637,-52,6,a0:9f:7a:73:2b:3e,384,-110;-96;8;0;37;13;35;14;32;14;29;12;25;9;22;5;21;0;21;-4;21;-9;23;-12;24;-14;26;-14;28;-13;28;-12;28;-10;26;-9;24;-8;20;-7;17;-8;15;-10;13;-12;11;-15;11;-17;12;-19;14;-20;3;-6;0;0;0;0;0;0;0;0;0;0;0;0;0;0;0;0;0;0;3;6;11;26;8;29;4;32;-1;32;-4;30;-7;27;-7;23;-6;18;-2;14;3;12;9;12;15;14;19;17;22;22;23;27;22;30;20;33;17;33;15;32;14;29;14;25;15;20;18;16;22;12;27;10;31;9;-113;0;6;-4;6;-4;6;-4;6;-3;5;-3;5;-1;5;0;5;1;6;2;6;2;6;2;5;2;4;2;4;3;4;4;4;4;4;5;4;4;4;4;3;4;2;4;2;5;1;5;2;5;2;5;2;5;1;4;1;4;0;1;0;0;-1;-1;0;0;0;0;-2;-1;-5;-1;-13;-2;-13;-3;-13;-4;-12;-4;-12;-5;-11;-6;-11;-7;-10;-8;-10;-9;-10;-10;-10;-10;-9;-10;-8;-10;-6;-10;-5;-11;-4;-11;-4;-11;-3;-11;-3;-11;-2;-10;-1;-10;0;-9;1;-9;2;-9;2;-9;2;-9;2;-8;2;-7;-113;0;29;12;29;11;29;10;28;9;27;8;27;7;26;6;26;5;25;4;24;3;24;2;24;2;23;1;23;1;23;1;23;1;23;0;23;0;23;1;23;1;22;1;22;1;22;2;21;2;21;2;21;3;20;5;20;6;7;2;2;0;-1;-1;-2;-1;-1;-1;1;0;6;1;16;4;17;5;17;6;17;6;18;7;18;8;19;9;19;9;19;10;20;11;20;11;21;12;21;12;22;13;22;13;22;13;22;13;22;13;23;13;24;13;25;13;26;13;27;13;28;13;28;13;29;12;30;12;31;12,empty,EXP_S144,ZONE_02,entree_zone,4.1,entree_zone,entree dans la zone
722254326,-52,6,a0:9f:7a:73:2b:3e,384,-110;-96;8;0;-21;-24;-20;-24;-19;-23;-17;-21;-16;-18;-15;-15;-16;-12;-17;-9;-18;-7;-20;-5;-22;-5;-23;-5;-24;-6;-23;-7;-22;-8;-21;-8;-19;-8;-18;-7;-16;-5;-15;-3;-15;-2;-15;0;-16;2;-18;2;-19;2;-5;0;0;0;0;0;0;0;0;0;0;0;0;0;0;0;0;0;0;0;-2;-6;-5;-23;-2;-25;1;-26;5;-25;7;-24;8;-21;8;-18;6;-15;3;-14;-1;-13;-5;-14;-8;-17;-10;-20;-11;-24;-10;-27;-9;-30;-7;-31;-5;-31;-3;-30;-3;-28;-3;-25;-5;-23;-8;-20;-12;-19;-15;-19;-18;-20;-107;0;-10;2;-10;1;-10;1;-10;1;-9;0;-7;-1;-7;-3;-6;-5;-7;-6;-7;-6;-7;-6;-6;-6;-4;-6;-3;-7;-2;-8;-2;-9;-2;-9;-3;-9;-3;-8;-2;-8;-1;-7;1;-8;1;-8;1;-9;1;-9;0;-8;0;-8;1;-7;0;-3;0;-1;0;0;-1;-1;-1;-1;1;1;4;4;11;11;11;12;11;13;10;13;9;14;8;14;6;15;5;16;4;17;4;18;3;18;3;17;1;16;-1;16;-3;15;-4;16;-4;16;-4;16;-4;15;-4;13;-5;12;-6;11;-8;10;-9;10;-9;10;-9;9;-8;8;-7;7;-107;0;-32;-43;-32;-42;-32;-41;-32;-39;-32;-37;-31;-35;-31;-33;-31;-31;-31;-29;-31;-27;-31;-26;-31;-25;-31;-24;-32;-23;-32;-23;-32;-23;-32;-23;-31;-23;-31;-23;-30;-23;-29;-23;-28;-23;-27;-23;-26;-23;-25;-23;-24;-24;-23;-25;-22;-26;-8;-10;-3;-4;0;0;1;1;0;0;-3;-3;-8;-8;-21;-22;-21;-23;-20;-24;-20;-25;-20;-27;-20;-28;-20;-30;-20;-32;-21;-33;-21;-34;-21;-36;-21;-37;-21;-38;-20;-38;-20;-39;-20;-39;-20;-40;-21;-40;-22;-40;-24;-41;-25;-42;-26;-43;-28;-43;-29;-44;-30;-44;-31;-45;-32;-45;-33;-46,empty,EXP_S144,ZONE_02,entree_zone,4.1,entree_zone,entree dans la zone
722455754,-53,6,a0:9f:7a:73:2b:3e,384,-110;-96;8;0;-31;-6;-30;-7;-28;-8;-26;-7;-23;-6;-20;-3;-18;0;-17;3;-17;6;-17;8;-18;10;-20;11;-21;11;-22;10;-21;9;-21;8;-19;6;-17;5;-15;6;-13;6;-11;8;-10;9;-9;11;-10;13;-11;14;-3;3;0;0;0;0;0;0;0;0;0;0;0;0;0;0;0;0;0;0;-5;-5;-17;-18;-15;-20;-12;-23;-9;-24;-6;-23;-4;-22;-3;-19;-3;-16;-5;-13;-8;-11;-12;-9;-16;-10;-20;-11;-23;-14;-24;-17;-24;-20;-23;-22;-21;-23;-20;-22;-18;-21;-17;-18;-17;-15;-18;-11;-20;-8;-23;-6;-26;-5;-100;0;-8;7;-8;7;-8;6;-9;5;-9;4;-9;2;-9;1;-9;0;-9;-1;-9;-1;-9;-2;-9;-2;-8;-3;-8;-4;-8;-5;-8;-6;-8;-6;-8;-7;-7;-7;-7;-7;-6;-7;-6;-8;-5;-8;-5;-8;-5;-8;-4;-8;-4;-8;-3;-8;-1;-3;-1;-1;0;0;-2;-1;-1;-1;1;0;5;1;15;4;15;5;15;6;14;7;13;9;13;10;13;11;12;11;12;12;11;13;10;13;10;14;8;14;7;14;6;14;5;14;4;14;3;14;2;14;1;14;0;13;0;13;-1;13;-2;13;-3;12;-4;12;-4;11;-4;10;-100;0;-48;-22;-47;-21;-46;-20;-45;-18;-44;-16;-43;-14;-42;-13;-41;-11;-39;-10;-38;-8;-37;-6;-37;-5;-37;-4;-37;-4;-37;-3;-37;-3;-37;-3;-37;-3;-36;-3;-36;-4;-35;-4;-34;-4;-33;-4;-33;-5;-32;-6;-32;-7;-31;-8;-31;-10;-11;-4;-4;-2;1;0;1;0;0;0;-4;-1;-11;-3;-29;-8;-29;-9;-29;-11;-30;-12;-31;-13;-31;-15;-32;-16;-33;-17;-33;-18;-34;-20;-35;-21;-36;-22;-36;-22;-37;-23;-37;-23;-37;-24;-37;-24;-38;-25;-39;-25;-40;-24;-41;-24;-43;-24;-44;-24;-45;-24;-47;-23;-48;-23;-49;-23;-50;-22,empty,EXP_S144,ZONE_02,entree_zone,4.1,entree_zone,entree dans la zone
722652364,-53,6,a0:9f:7a:73:2b:3e,384,-110;-96;8;0;9;30;9;30;8;29;7;27;7;25;8;22;9;20;10;17;12;15;14;15;16;14;17;15;17;15;17;16;16;16;15;15;14;15;13;14;13;12;13;10;13;9;14;7;15;7;16;7;17;7;4;1;0;0;0;0;0;0;0;0;0;0;0;0;0;0;0;0;0;0;-1;6;-5;24;-8;24;-12;24;-15;22;-17;19;-18;16;-16;14;-13;12;-10;11;-6;12;-3;15;0;18;1;22;0;26;-2;29;-4;32;-7;33;-9;32;-10;31;-10;29;-9;27;-7;25;-3;24;0;23;4;24;7;25;-96;0;4;-1;4;-1;4;-1;4;-1;3;-1;2;0;1;0;1;1;1;2;1;2;1;2;1;2;0;1;0;2;-1;2;-1;2;-1;3;-1;3;-1;3;-1;2;-1;2;-2;2;-2;2;-2;2;-2;2;-2;2;-2;2;-2;2;-1;0;-1;0;0;-1;0;0;0;0;-1;-1;-2;-4;-4;-9;-3;-9;-3;-10;-3;-10;-2;-9;-1;-9;-1;-9;0;-10;1;-10;1;-11;1;-11;1;-10;2;-9;2;-9;3;-8;4;-8;4;-8;4;-8;4;-8;3;-7;3;-6;4;-6;4;-5;5;-5;5;-5;5;-5;4;-5;4;-5;-96;0;6;28;6;27;6;26;6;25;7;24;7;23;8;22;8;21;8;20;8;19;9;18;9;18;9;18;10;17;10;17;10;17;10;17;9;17;9;16;9;16;9;16;8;16;8;16;7;15;7;16;6;16;5;16;5;16;1;6;0;1;-1;-1;-1;-1;-1;-1;0;1;1;5;5;14;4;15;4;15;3;16;3;16;3;17;3;18;3;19;3;20;3;20;2;21;2;21;1;22;1;22;1;23;1;23;1;23;1;23;2;24;2;25;3;25;3;26;4;26;4;27;5;27;5;28;5;28;6;29,empty,EXP_S144,ZONE_02,entree_zone,4.1,entree_zone,entree dans la zone
722853148,-52,6,a0:9f:7a:73:2b:3e,384,-110;-96;8;0;-6;30;-7;29;-7;28;-7;25;-5;23;-3;21;0;19;2;18;5;18;7;18;9;19;9;20;9;21;8;22;7;21;6;20;5;18;5;16;5;14;6;12;8;11;9;11;11;11;12;11;12;12;3;3;0;0;0;0;0;0;0;0;0;0;0;0;0;0;0;0;0;0;-4;4;-15;18;-18;17;-21;15;-23;12;-23;9;-22;6;-19;5;-16;5;-13;6;-10;9;-8;12;-8;17;-10;20;-12;23;-15;25;-18;25;-20;24;-22;23;-22;22;-21;20;-19;19;-15;19;-12;19;-9;21;-7;23;-5;26;-102;0;6;4;6;5;6;5;5;5;4;5;3;5;1;5;0;6;-1;7;-1;7;-2;7;-2;6;-3;5;-4;5;-5;5;-6;6;-6;6;-6;6;-6;5;-6;5;-7;4;-7;3;-8;3;-8;3;-8;3;-7;3;-7;3;-7;2;-3;0;-1;0;0;-1;-1;1;-1;0;0;-2;0;-7;2;-17;3;-18;4;-18;5;-18;6;-17;7;-16;8;-15;9;-15;11;-15;12;-15;12;-15;12;-14;12;-13;12;-11;12;-9;13;-8;14;-8;14;-7;13;-7;12;-6;12;-5;11;-4;12;-2;12;-2;12;-1;12;-1;11;-1;10;-1;-102;0;-16;52;-15;51;-13;50;-12;48;-10;47;-9;45;-7;44;-6;42;-5;41;-3;40;-2;39;-1;39;0;38;1;38;1;38;1;37;1;37;1;37;1;36;1;36;1;36;0;35;0;34;-1;33;-2;33;-3;33;-5;33;-6;32;-3;11;-1;3;0;-2;0;-2;0;-1;-1;3;-1;10;-3;29;-4;29;-5;30;-7;31;-8;32;-9;33;-10;34;-11;35;-12;36;-13;37;-15;38;-16;39;-16;40;-17;40;-18;41;-18;41;-18;41;-18;42;-18;43;-18;45;-18;46;-18;48;-18;49;-17;50;-17;51;-17;52;-16;53;-16;54,empty,EXP_S144,ZONE_02,entree_zone,4.1,entree_zone,entree dans la zone
723055226,-53,6,a0:9f:7a:73:2b:3e,384,-110;-96;8;0;-32;11;-32;10;-31;8;-29;8;-26;7;-22;8;-19;9;-17;11;-15;13;-14;15;-14;17;-14;18;-14;19;-15;19;-15;19;-15;17;-14;16;-13;15;-11;14;-9;14;-7;14;-5;15;-4;16;-4;17;-5;18;-2;4;0;0;0;0;0;0;0;0;0;0;0;0;0;0;0;0;0;0;-6;-3;-24;-10;-24;-14;-22;-18;-20;-20;-16;-21;-13;-20;-10;-18;-9;-14;-9;-10;-11;-6;-15;-3;-19;-1;-24;-1;-28;-2;-31;-4;-33;-7;-33;-10;-32;-12;-31;-13;-28;-13;-26;-11;-24;-8;-23;-4;-23;0;-24;4;-25;7;-99;0;0;5;0;5;0;5;0;5;0;4;-1;3;-2;2;-3;2;-3;2;-3;2;-3;2;-3;2;-3;1;-3;0;-4;-1;-4;-1;-5;-1;-5;0;-4;0;-4;-1;-3;-1;-3;-2;-4;-2;-4;-2;-4;-2;-4;-2;-4;-2;-3;-1;-1;-1;-1;-1;0;0;-1;0;-1;0;0;-1;3;-2;9;-4;9;-4;9;-4;10;-3;9;-3;9;-2;9;-1;10;0;10;1;10;1;10;1;10;1;9;2;8;2;8;3;8;4;8;5;8;5;8;4;7;4;6;4;5;4;5;5;5;6;5;6;5;6;5;5;4;4;-99;0;-27;8;-27;8;-26;9;-25;9;-24;9;-23;9;-22;10;-21;10;-20;10;-19;10;-18;11;-18;11;-17;11;-17;11;-17;11;-17;11;-16;11;-16;11;-16;11;-16;11;-16;10;-16;10;-15;9;-15;9;-15;8;-16;8;-16;7;-16;6;-6;2;-2;0;0;-1;0;-1;0;-1;-2;0;-5;2;-14;6;-14;5;-15;5;-15;5;-16;5;-17;5;-18;5;-19;4;-20;4;-20;4;-21;4;-22;4;-22;4;-23;3;-23;3;-23;3;-23;3;-24;4;-24;4;-25;5;-25;5;-26;6;-27;6;-27;7;-27;7;-28;8;-28;8;-28;9,empty,EXP_S144,ZONE_02,entree_zone,4.1,entree_zone,entree dans la zone
723256317,-53,6,a0:9f:7a:73:2b:3e,384,-110;-96;8;0;14;27;13;26;12;25;12;24;12;22;12;19;13;17;14;15;15;13;17;12;18;11;19;11;19;12;18;12;18;12;17;12;16;11;15;10;14;8;14;6;14;5;15;4;16;3;17;4;18;4;4;1;0;0;0;0;0;0;0;0;0;0;0;0;0;0;0;0;0;0;0;5;0;23;-3;24;-7;24;-10;22;-12;20;-13;17;-12;14;-9;12;-6;11;-2;12;2;14;5;17;6;21;6;25;5;28;2;30;0;31;-2;31;-3;30;-3;28;-3;26;-1;24;2;23;5;22;8;22;11;23;-107;0;7;-2;6;-2;6;-1;6;-1;5;0;4;1;3;2;2;3;1;4;0;4;0;4;-1;4;-1;4;-2;4;-3;4;-3;5;-3;5;-3;5;-3;5;-4;5;-4;4;-5;4;-5;4;-5;4;-5;4;-5;3;-4;3;-4;2;-2;0;-1;0;0;-1;0;1;0;0;-1;-2;-3;-7;-6;-18;-5;-19;-4;-19;-3;-19;-1;-19;0;-19;1;-19;3;-19;4;-19;5;-19;5;-19;6;-18;6;-17;7;-16;8;-16;9;-15;9;-14;9;-14;9;-13;8;-12;8;-11;8;-10;9;-9;9;-8;9;-8;9;-7;8;-7;7;-7;-107;0;7;54;8;53;9;52;9;50;10;48;10;46;11;44;12;42;12;40;13;39;14;37;15;37;16;36;16;36;16;35;16;35;16;34;15;34;15;34;14;33;14;33;13;32;12;32;12;31;11;31;9;31;8;32;6;32;2;11;0;3;-1;-2;-1;-2;-1;-1;1;2;3;8;9;25;9;26;8;27;8;28;7;30;7;32;6;33;6;35;5;37;5;38;4;39;4;40;3;41;3;43;2;44;2;44;2;45;2;45;3;46;4;47;4;49;5;50;5;52;6;52;6;53;7;54;8;55;8;56,empty,EXP_S144,ZONE_02,entree_zone,4.1,entree_zone,entree dans la zone
723452320,-53,6,a0:9f:7a:73:2b:3e,384,-110;-96;8;0;30;5;29;5;28;5;25;4;23;3;22;1;21;-2;21;-4;21;-7;21;-8;22;-9;23;-9;23;-8;23;-7;23;-6;21;-5;20;-5;18;-5;16;-6;15;-7;14;-9;14;-10;14;-11;15;-12;17;-12;4;-3;0;0;0;0;0;0;0;0;0;0;0;0;0;0;0;0;0;0;5;2;19;12;18;15;15;18;12;20;9;20;6;19;4;16;4;12;6;9;9;6;13;5;17;5;21;6;24;8;25;12;26;15;25;17;23;18;22;18;20;17;19;15;19;12;20;9;22;6;25;4;27;3;-102;0;4;-5;4;-5;5;-4;5;-3;5;-2;5;-1;5;0;5;1;5;3;5;3;5;4;4;4;3;5;3;5;2;6;3;6;3;7;3;6;2;6;2;6;1;6;0;7;0;7;0;7;0;7;0;7;-1;6;-1;6;-1;2;-1;0;-1;-1;1;0;0;0;-2;0;-7;-1;-19;-2;-19;-3;-19;-4;-19;-6;-18;-7;-18;-9;-17;-10;-16;-11;-16;-12;-15;-13;-15;-13;-14;-14;-12;-14;-11;-14;-9;-15;-8;-15;-7;-15;-7;-15;-6;-14;-5;-13;-4;-13;-3;-12;-2;-12;-1;-12;0;-12;0;-11;1;-10;1;-9;-102;0;53;15;52;15;51;14;50;13;48;12;47;11;46;10;45;9;44;8;42;7;42;6;41;6;41;5;41;5;41;4;41;5;40;5;40;6;39;6;39;7;38;7;37;8;36;9;35;10;34;11;33;13;32;15;31;16;11;6;3;2;-2;-1;-2;0;-1;-1;2;-1;9;-1;26;-2;26;-1;27;0;28;1;29;3;31;3;32;4;33;5;35;6;36;7;37;8;38;10;38;11;39;12;40;13;40;13;41;13;41;13;42;14;44;14;46;14;47;14;49;14;50;14;51;14;52;15;53;15;54;15,empty,EXP_S144,ZONE_02,entree_zone,4.1,entree_zone,entree dans la zone
723653683,-53,6,a0:9f:7a:73:2b:3e,384,-110;-96;8;0;-19;26;-19;25;-18;24;-17;22;-15;21;-12;20;-9;20;-6;20;-4;20;-2;21;-1;23;0;24;-1;25;-1;25;-2;24;-2;23;-2;22;-2;20;-1;19;0;18;2;17;3;17;5;17;5;18;6;18;1;4;0;0;0;0;0;0;0;0;0;0;0;0;0;0;0;0;0;0;-6;0;-23;2;-24;-1;-24;-5;-23;-9;-20;-11;-17;-11;-13;-10;-10;-7;-9;-3;-9;2;-10;7;-14;10;-18;13;-22;13;-26;12;-28;11;-29;9;-29;7;-28;5;-26;5;-23;5;-20;7;-17;10;-15;14;-14;18;-14;21;-108;0;3;8;3;8;2;8;1;7;0;7;-1;6;-2;5;-3;5;-3;5;-4;4;-4;4;-4;3;-4;2;-5;1;-6;1;-7;1;-7;1;-7;0;-7;0;-6;0;-6;-1;-7;-1;-7;-1;-7;-2;-7;-1;-7;-1;-7;-1;-6;-1;-2;-1;-1;-1;0;0;-2;0;-1;0;1;-2;6;-5;17;-12;17;-11;18;-10;19;-9;19;-7;20;-6;20;-4;20;-3;21;-2;21;-2;21;-1;20;0;19;2;18;3;18;5;17;6;17;6;16;6;15;6;14;6;13;7;13;7;12;8;12;8;11;9;10;9;9;8;8;8;-108;0;-43;33;-43;33;-42;33;-40;33;-38;33;-36;33;-34;33;-33;33;-31;33;-30;33;-29;33;-29;33;-28;33;-28;33;-27;33;-28;33;-28;33;-28;32;-28;31;-28;30;-28;29;-28;29;-28;27;-28;26;-29;24;-30;23;-31;21;-32;20;-12;7;-4;1;0;-1;1;-1;0;-1;-2;1;-7;5;-19;14;-20;14;-21;14;-23;14;-24;14;-25;15;-26;15;-27;16;-29;16;-30;16;-31;17;-33;17;-34;17;-34;17;-35;17;-35;17;-36;18;-36;19;-37;21;-38;22;-39;24;-40;25;-41;27;-42;28;-43;29;-43;31;-44;32;-44;33,empty,EXP_S144,ZONE_02,entree_zone,4.1,entree_zone,entree dans la zone
723853479,-53,6,a0:9f:7a:73:2b:3e,384,-110;-96;8;0;5;-26;4;-27;4;-27;3;-27;2;-26;1;-25;-1;-25;-2;-24;-4;-24;-5;-24;-5;-23;-6;-23;-7;-22;-7;-21;-8;-20;-9;-19;-9;-18;-11;-17;-12;-16;-13;-16;-14;-16;-15;-16;-15;-17;-15;-17;-14;-18;-4;-5;0;0;0;0;0;0;0;0;0;0;0;0;0;0;0;0;0;0;5;-2;22;-6;24;-3;25;1;25;5;23;8;20;10;16;10;12;9;9;5;7;1;6;-4;8;-9;11;-13;15;-16;18;-18;22;-18;24;-17;26;-16;26;-14;25;-13;23;-12;21;-12;18;-12;14;-13;11;-15;9;-18;-107;0;-7;3;-7;2;-7;2;-7;3;-5;3;-3;4;-1;3;0;2;1;1;1;0;0;0;0;1;1;2;3;3;4;3;5;2;4;1;4;1;3;1;3;2;3;3;4;4;5;3;5;2;5;1;4;1;3;1;2;2;0;0;0;0;-1;0;0;-2;0;-1;-1;2;-3;7;-7;21;-9;21;-10;21;-11;20;-12;20;-12;19;-14;18;-15;17;-17;17;-18;17;-18;17;-18;16;-17;15;-17;13;-17;11;-18;11;-19;10;-19;10;-18;11;-16;10;-15;9;-14;7;-14;6;-14;6;-14;6;-13;7;-12;7;-11;8;-107;0;16;-49;16;-48;14;-48;13;-47;11;-46;10;-45;8;-45;6;-44;5;-43;3;-43;2;-42;1;-42;0;-42;0;-42;0;-43;0;-43;0;-43;0;-43;1;-43;2;-42;3;-42;3;-41;3;-40;4;-39;6;-39;8;-38;10;-38;12;-37;4;-14;1;-4;-1;1;-1;1;-1;0;1;-3;4;-9;12;-23;13;-23;13;-23;14;-23;15;-24;16;-25;17;-25;18;-26;19;-26;20;-27;20;-28;20;-29;21;-30;21;-30;22;-30;22;-31;22;-31;21;-32;21;-34;20;-36;20;-38;20;-39;20;-41;20;-42;19;-44;18;-46;18;-47;17;-49,empty,EXP_S144,ZONE_02,entree_zone,4.1,entree_zone,entree dans la zone
724055616,-53,6,a0:9f:7a:73:2b:3e,384,-110;-96;8;0;30;12;31;12;30;12;28;11;26;9;25;6;23;3;23;0;23;-3;24;-6;25;-8;26;-9;27;-10;28;-10;29;-9;28;-9;27;-8;25;-8;23;-8;21;-9;20;-10;19;-12;18;-13;19;-15;20;-16;5;-4;0;0;0;0;0;0;0;0;0;0;0;0;0;0;0;0;0;0;1;6;5;27;2;29;-3;31;-8;30;-12;28;-14;24;-14;19;-12;15;-8;12;-3;10;3;10;8;12;13;16;15;21;16;25;16;29;14;31;12;33;10;32;9;30;8;27;9;23;11;20;14;16;18;13;21;12;-106;0;2;-5;3;-5;3;-5;3;-5;2;-4;2;-3;2;-2;2;-1;3;0;3;0;3;0;3;0;2;1;2;1;2;2;2;3;3;3;3;3;3;2;2;2;2;2;1;3;1;4;2;4;2;4;2;4;2;4;2;4;0;1;0;0;-1;-1;0;0;0;0;-2;-1;-5;-2;-12;-5;-12;-6;-12;-7;-12;-8;-11;-8;-10;-9;-10;-9;-9;-10;-9;-11;-8;-11;-8;-12;-8;-11;-7;-11;-6;-11;-5;-11;-4;-12;-4;-12;-3;-12;-3;-11;-3;-10;-2;-10;-2;-9;-1;-9;0;-9;0;-9;0;-9;0;-8;0;-8;-106;0;24;15;24;14;24;13;24;12;24;11;24;10;24;9;24;9;24;8;23;7;23;6;24;6;24;5;25;5;25;5;25;5;25;5;25;6;25;6;25;7;24;7;24;8;23;8;23;9;22;10;21;11;21;13;20;14;7;5;2;1;-1;-1;-1;-1;-1;-1;1;0;4;3;12;9;12;9;12;10;12;11;13;11;13;12;13;13;13;14;13;14;13;14;14;15;14;15;14;16;14;16;14;17;15;17;15;17;15;17;16;17;17;16;18;17;19;17;20;17;20;16;21;16;22;16;23;16;24;16,empty,EXP_S144,ZONE_02,entree_zone,4.1,entree_zone,entree dans la zone
724252602,-52,6,a0:9f:7a:73:2b:3e,384,-110;-96;8;0;-4;-20;-7;-23;-8;-24;-9;-25;-9;-25;-10;-25;-10;-24;-10;-22;-10;-20;-11;-17;-11;-15;-12;-12;-12;-9;-13;-6;-14;-3;-16;-1;-18;1;-19;2;-20;2;-21;2;-21;3;-21;3;-21;3;-20;3;-19;2;-5;0;0;0;0;0;0;0;0;0;0;0;0;0;0;0;0;0;0;0;6;1;26;8;26;12;25;16;24;19;21;21;17;21;13;20;10;17;8;12;7;7;7;1;10;-5;13;-9;17;-13;22;-15;25;-16;28;-15;30;-14;31;-13;31;-11;29;-10;26;-9;22;-9;17;-10;12;-11;9;-12;-115;0;-9;14;-9;13;-9;13;-8;13;-7;13;-5;13;-3;12;-2;11;-2;10;-2;9;-2;9;-1;9;-1;10;0;10;1;9;1;8;1;7;0;7;-1;7;0;7;0;7;1;7;1;6;1;5;0;4;-1;4;-2;4;-2;4;-1;1;-1;0;0;-1;0;-2;0;-1;-1;2;-4;8;-10;22;-11;23;-12;23;-12;23;-13;22;-14;21;-15;21;-16;20;-17;20;-18;21;-19;21;-18;21;-18;19;-18;18;-19;16;-19;16;-19;16;-19;16;-18;17;-16;17;-15;16;-14;16;-14;15;-15;15;-15;15;-14;16;-13;17;-12;17;-115;0;11;-45;9;-45;8;-44;5;-42;3;-41;0;-40;-2;-39;-3;-38;-5;-37;-7;-36;-8;-35;-10;-34;-11;-33;-13;-33;-15;-33;-15;-33;-16;-33;-16;-34;-16;-33;-16;-33;-16;-32;-16;-32;-15;-32;-15;-32;-14;-32;-13;-32;-11;-32;-10;-32;-4;-12;-1;-4;0;1;-2;1;-1;0;1;-4;6;-10;17;-27;17;-27;18;-27;19;-27;20;-28;21;-29;23;-30;24;-30;25;-30;25;-31;26;-31;26;-32;27;-32;28;-32;28;-32;27;-32;27;-32;25;-33;24;-34;23;-36;22;-38;21;-40;21;-41;20;-42;19;-42;18;-43;16;-44;15;-45,empty,EXP_S144,ZONE_02,entree_zone,4.1,entree_zone,entree dans la zone
724454603,-52,6,a0:9f:7a:73:2b:3e,384,-110;-96;8;0;15;17;17;19;18;20;17;20;17;19;16;18;15;15;14;12;12;9;11;5;10;1;9;-3;8;-7;8;-11;8;-14;8;-17;9;-19;9;-20;9;-21;9;-21;9;-20;8;-19;7;-18;5;-16;4;-15;1;-4;0;0;0;0;0;0;0;0;0;0;0;0;0;0;0;0;0;0;-3;-7;-11;-26;-9;-28;-6;-29;-3;-29;-1;-28;1;-25;2;-21;2;-15;0;-10;-3;-5;-7;0;-12;4;-17;7;-22;8;-26;8;-30;8;-31;7;-32;5;-31;4;-29;3;-26;2;-21;2;-16;3;-10;4;-4;6;1;8;127;0;15;-17;15;-17;15;-17;14;-16;13;-16;11;-15;9;-14;8;-13;8;-12;8;-12;8;-12;7;-13;6;-13;5;-13;4;-12;4;-11;5;-10;6;-10;6;-10;6;-10;5;-10;5;-9;4;-8;5;-7;5;-6;6;-6;7;-6;7;-6;2;-3;0;-1;-1;0;-1;1;-1;0;0;-3;1;-9;4;-24;5;-25;6;-26;7;-26;8;-25;9;-25;11;-24;13;-24;14;-25;15;-25;16;-25;16;-25;16;-23;17;-22;18;-21;19;-20;19;-20;19;-21;18;-21;17;-21;17;-20;17;-19;17;-19;18;-19;18;-20;18;-20;17;-21;16;-21;127;0;3;38;4;37;5;36;7;34;9;32;11;31;12;30;13;29;14;28;15;27;16;26;17;25;18;24;19;24;20;24;21;25;21;25;21;25;21;25;21;25;21;24;20;25;20;25;19;25;18;26;17;27;15;27;14;27;4;10;1;3;-1;-1;0;-2;0;-1;-1;3;-2;10;-4;28;-5;28;-6;28;-7;29;-8;30;-9;31;-10;32;-11;32;-12;32;-12;32;-12;33;-12;33;-13;34;-13;34;-14;34;-13;33;-12;33;-11;33;-10;33;-8;34;-8;36;-7;37;-6;37;-5;37;-4;37;-2;37;0;38;1;38,empty,EXP_S144,ZONE_02,entree_zone,4.1,entree_zone,entree dans la zone
724652407,-51,6,a0:9f:7a:73:2b:3e,384,-110;-96;8;0;-4;-19;-6;-22;-7;-24;-7;-26;-8;-26;-8;-25;-7;-24;-7;-22;-7;-19;-7;-16;-7;-13;-7;-9;-7;-5;-8;-1;-10;2;-11;6;-13;8;-15;10;-17;10;-18;10;-18;10;-18;9;-17;8;-16;7;-15;6;-4;1;0;0;0;0;0;0;0;0;0;0;0;0;0;0;0;0;0;0;2;6;7;26;5;27;3;29;0;28;-2;27;-4;24;-4;21;-3;17;-1;12;2;8;7;4;11;1;17;0;22;-1;26;-1;29;0;31;1;32;2;32;3;31;4;28;4;25;3;21;2;16;0;11;-3;8;-6;127;0;-8;6;-8;6;-8;6;-8;6;-7;7;-6;7;-5;7;-5;7;-4;6;-4;6;-4;6;-4;6;-3;7;-3;7;-3;7;-2;6;-2;6;-3;6;-3;6;-3;6;-3;6;-2;6;-2;5;-2;5;-2;5;-2;4;-3;4;-3;4;-1;1;-1;0;0;-1;0;-1;0;-1;-1;0;-3;2;-9;7;-9;6;-10;6;-10;6;-10;6;-10;5;-11;5;-11;4;-12;4;-13;4;-13;5;-13;5;-12;5;-12;4;-12;4;-12;4;-12;4;-12;4;-12;4;-11;5;-11;5;-10;5;-10;5;-11;5;-11;5;-11;6;-10;7;-10;7;127;0;9;-19;9;-18;8;-18;6;-17;5;-17;4;-17;3;-16;2;-16;1;-16;0;-16;-1;-15;-2;-15;-3;-15;-3;-15;-4;-15;-4;-15;-5;-15;-5;-15;-5;-14;-5;-14;-5;-14;-5;-13;-5;-13;-5;-13;-5;-13;-5;-13;-5;-14;-4;-14;-2;-5;-1;-2;0;0;-1;0;-1;0;1;-2;3;-4;11;-11;11;-11;12;-11;12;-11;13;-11;14;-11;14;-11;15;-11;15;-11;16;-11;16;-11;16;-11;16;-11;16;-11;16;-11;16;-11;16;-12;15;-12;15;-13;15;-13;15;-14;15;-15;14;-15;14;-16;13;-16;12;-17;12;-18;11;-18,empty,EXP_S144,ZONE_02,entree_zone,4.1,entree_zone,entree dans la zone
724852473,-49,6,a0:9f:7a:73:2b:3e,384,-110;-96;8;0;-6;-18;-8;-21;-10;-23;-10;-24;-10;-25;-10;-25;-10;-24;-9;-22;-9;-20;-8;-17;-8;-14;-8;-11;-8;-7;-9;-4;-10;0;-12;2;-14;5;-16;6;-17;6;-19;6;-20;6;-20;5;-19;4;-18;3;-17;2;-4;0;0;0;0;0;0;0;0;0;0;0;0;0;0;0;0;0;0;0;5;3;22;12;22;15;20;17;18;19;16;19;13;18;10;16;8;13;8;8;8;4;9;-1;12;-5;15;-9;19;-11;22;-13;25;-13;27;-13;29;-12;29;-11;28;-9;26;-8;24;-8;20;-8;15;-8;11;-9;7;-11;-117;0;-13;14;-13;13;-13;13;-12;13;-11;13;-10;13;-9;13;-8;13;-7;12;-6;12;-6;12;-5;13;-5;13;-4;13;-4;13;-4;13;-4;12;-4;12;-4;12;-4;12;-4;11;-4;11;-3;10;-3;10;-4;9;-4;9;-5;9;-5;9;-2;3;-1;1;0;-1;0;-1;0;-1;-2;1;-5;5;-13;15;-13;15;-14;15;-15;15;-16;14;-16;13;-17;12;-18;12;-18;12;-19;12;-19;12;-19;12;-19;11;-19;11;-19;10;-19;10;-20;10;-19;10;-19;11;-18;11;-18;11;-17;11;-17;11;-17;12;-17;12;-17;13;-16;14;-15;14;-117;0;17;-39;16;-39;15;-38;13;-37;11;-36;9;-35;7;-34;5;-33;4;-32;2;-32;1;-31;0;-30;-2;-30;-3;-31;-4;-31;-4;-31;-5;-30;-5;-30;-5;-30;-4;-29;-5;-28;-5;-28;-5;-27;-5;-27;-4;-27;-4;-27;-3;-27;-2;-27;-1;-10;0;-3;0;0;-1;1;-1;0;1;-4;4;-11;13;-28;14;-28;16;-28;17;-28;19;-28;20;-28;21;-28;22;-29;24;-29;25;-29;25;-30;26;-30;26;-30;27;-29;27;-29;27;-29;27;-29;26;-30;26;-30;25;-31;25;-33;24;-34;24;-35;23;-36;22;-37;22;-38;21;-39;20;-39,empty,EXP_S144,ZONE_02,entree_zone,4.1,entree_zone,entree dans la zone
725056868,-50,6,a0:9f:7a:73:2b:3e,384,-110;-96;8;0;-13;13;-13;16;-13;18;-13;20;-13;21;-13;21;-13;21;-13;19;-12;18;-11;16;-10;15;-8;13;-5;11;-3;10;0;9;3;9;6;10;8;11;10;12;11;13;11;14;10;15;9;16;8;16;7;16;1;3;0;0;0;0;0;0;0;0;0;0;0;0;0;0;0;0;0;0;-5;-5;-19;-19;-17;-21;-15;-23;-12;-24;-10;-24;-7;-23;-6;-20;-5;-17;-6;-13;-8;-10;-11;-7;-14;-4;-18;-3;-22;-3;-25;-4;-28;-5;-30;-6;-30;-8;-30;-9;-30;-10;-28;-10;-26;-9;-23;-7;-21;-5;-19;-2;-17;1;-112;0;12;-8;12;-7;12;-7;13;-7;12;-8;11;-10;10;-10;8;-10;7;-10;6;-9;6;-9;7;-10;6;-11;6;-12;5;-12;4;-12;4;-11;5;-10;6;-10;6;-10;6;-10;5;-10;4;-10;4;-10;4;-9;4;-8;5;-7;5;-7;2;-3;0;-1;-1;0;-2;0;-1;0;1;-1;6;-3;17;-6;18;-6;18;-6;18;-5;17;-5;17;-4;17;-2;18;-1;19;0;20;0;20;-1;20;-2;18;-2;17;-1;17;-1;18;0;18;0;19;0;19;-2;18;-3;17;-3;15;-3;15;-3;16;-3;16;-3;17;-5;17;-6;17;-8;-112;0;-40;21;-38;21;-37;21;-35;22;-32;22;-30;23;-28;24;-26;24;-24;24;-23;24;-21;24;-20;24;-19;25;-18;25;-17;26;-16;26;-16;26;-16;26;-15;25;-15;25;-14;24;-13;24;-13;23;-12;23;-13;23;-13;22;-14;22;-15;21;-6;7;-2;2;0;-1;1;-1;0;-1;-3;1;-10;5;-28;14;-29;14;-30;13;-31;13;-33;12;-34;12;-36;11;-37;10;-38;9;-38;9;-39;9;-40;9;-40;8;-41;8;-41;7;-41;7;-41;8;-41;8;-40;10;-41;11;-42;13;-42;14;-43;15;-43;16;-42;17;-42;18;-42;19;-42;20,empty,EXP_S144,ZONE_02,entree_zone,4.1,entree_zone,entree dans la zone
725252249,-50,6,a0:9f:7a:73:2b:3e,384,-110;-96;8;0;13;6;16;3;19;2;22;1;24;1;25;1;26;1;26;2;24;2;23;3;20;3;17;3;14;2;11;0;8;-2;6;-5;4;-8;4;-12;4;-14;5;-16;6;-18;8;-18;9;-18;10;-17;11;-16;3;-4;0;0;0;0;0;0;0;0;0;0;0;0;0;0;0;0;0;0;-3;5;-12;22;-14;22;-17;21;-19;19;-20;17;-20;15;-18;13;-16;11;-12;10;-9;10;-6;11;-2;13;1;16;3;19;4;22;5;25;5;27;5;29;4;30;4;31;3;31;2;29;2;27;3;24;4;21;5;18;-118;0;-17;-7;-17;-7;-17;-6;-17;-6;-17;-5;-17;-4;-17;-3;-17;-2;-17;-1;-16;-1;-16;-1;-16;0;-17;0;-17;1;-17;1;-17;2;-16;2;-16;1;-16;1;-16;1;-15;1;-15;0;-15;1;-14;1;-14;0;-13;0;-13;-1;-13;-2;-5;-1;-2;-1;0;-1;0;0;0;0;-2;-2;-5;-5;-13;-13;-13;-13;-12;-14;-12;-14;-11;-14;-11;-14;-10;-15;-10;-15;-10;-15;-11;-16;-11;-16;-11;-16;-11;-15;-10;-15;-10;-15;-10;-15;-10;-15;-11;-14;-12;-14;-12;-13;-13;-12;-13;-11;-13;-11;-14;-11;-14;-11;-15;-11;-16;-10;-17;-10;-118;0;33;30;33;29;33;27;32;25;32;23;31;21;31;18;31;17;31;15;30;14;30;13;29;12;29;10;29;9;29;8;29;7;29;7;28;7;28;6;27;6;26;5;26;5;25;5;25;5;24;5;24;6;24;7;23;7;8;2;2;1;-1;-1;-2;-2;-1;-1;2;1;9;6;25;19;24;20;24;22;23;24;23;25;23;27;23;28;23;30;23;31;23;32;23;34;23;35;22;35;22;36;22;36;21;36;22;36;22;35;23;35;24;35;26;35;27;35;29;35;30;34;31;34;31;34;32;34;33;34,empty,EXP_S144,ZONE_02,entree_zone,4.1,entree_zone,entree dans la zone
725452406,-51,6,a0:9f:7a:73:2b:3e,384,-110;-96;8;0;18;-9;20;-12;22;-14;23;-16;24;-16;24;-16;24;-16;23;-15;21;-14;19;-13;16;-12;12;-11;9;-10;5;-11;1;-11;-2;-13;-4;-15;-6;-17;-7;-19;-7;-21;-7;-22;-6;-22;-5;-22;-4;-22;-2;-21;-1;-5;0;0;0;0;0;0;0;0;0;0;0;0;0;0;0;0;0;0;0;6;-1;28;-4;29;-7;29;-10;28;-13;26;-13;23;-13;19;-10;16;-7;13;-2;11;3;10;8;11;13;12;17;15;19;18;21;21;22;24;22;26;21;27;20;27;18;26;17;24;15;21;14;16;14;11;14;7;-120;0;-20;-3;-20;-3;-20;-3;-19;-2;-19;-1;-18;0;-17;1;-16;2;-15;2;-15;2;-15;3;-15;3;-15;4;-15;4;-14;4;-14;4;-13;4;-13;4;-14;4;-14;4;-14;4;-13;4;-12;4;-11;3;-11;3;-11;2;-11;1;-11;1;-4;0;-2;0;0;-1;1;0;0;0;-3;-1;-8;-2;-22;-5;-22;-5;-23;-6;-22;-7;-22;-8;-22;-8;-21;-9;-21;-10;-21;-11;-22;-12;-22;-12;-22;-12;-21;-12;-20;-12;-20;-12;-19;-12;-20;-13;-20;-12;-20;-11;-20;-11;-20;-10;-20;-9;-20;-9;-21;-9;-21;-8;-22;-8;-22;-7;-22;-6;-120;0;48;1;48;1;46;-1;45;-2;43;-4;41;-6;40;-7;39;-8;37;-10;36;-11;34;-12;33;-13;32;-14;32;-15;31;-16;31;-16;31;-17;31;-17;30;-16;30;-16;29;-16;28;-16;28;-16;27;-16;27;-15;28;-14;28;-12;28;-11;10;-4;3;-1;-1;0;-3;-1;-2;-1;3;0;12;0;33;2;33;4;34;5;35;7;35;8;36;9;37;11;38;12;39;13;39;13;40;14;41;15;41;15;41;16;41;16;41;16;41;16;41;15;42;14;43;13;44;12;46;11;47;10;48;9;49;8;49;6;49;5;50;4,empty,EXP_S144,ZONE_02,entree_zone,4.1,entree_zone,entree dans la zone
725652435,-51,6,a0:9f:7a:73:2b:3e,384,-110;-96;8;0;17;-9;20;-12;22;-13;24;-15;24;-15;24;-15;23;-14;21;-13;19;-12;16;-11;12;-11;8;-10;4;-9;-1;-9;-4;-10;-8;-11;-11;-13;-14;-15;-15;-16;-15;-18;-15;-18;-14;-19;-13;-18;-12;-18;-10;-17;-3;-4;0;0;0;0;0;0;0;0;0;0;0;0;0;0;0;0;0;0;-6;4;-24;16;-26;14;-28;12;-29;9;-28;6;-26;4;-22;2;-17;2;-12;2;-6;4;-1;8;3;12;6;17;7;21;8;25;8;29;7;31;6;33;5;33;5;32;4;29;4;26;4;21;5;16;7;11;8;7;-121;0;-9;-9;-9;-9;-8;-8;-8;-8;-9;-7;-8;-7;-8;-6;-8;-5;-8;-5;-8;-5;-8;-4;-8;-4;-8;-4;-8;-4;-8;-3;-8;-3;-8;-4;-8;-4;-7;-4;-7;-4;-7;-4;-7;-3;-7;-3;-6;-3;-6;-4;-6;-4;-5;-4;-5;-4;-2;-2;-1;-1;0;0;0;0;0;0;-2;-1;-4;-3;-10;-8;-10;-8;-10;-9;-9;-9;-9;-10;-9;-10;-8;-11;-8;-11;-8;-12;-8;-12;-8;-12;-8;-12;-7;-12;-7;-12;-7;-12;-6;-12;-6;-12;-6;-12;-7;-12;-7;-11;-7;-11;-7;-11;-7;-11;-7;-11;-8;-11;-8;-11;-9;-10;-9;-10;-121;0;19;9;19;9;18;8;18;7;18;6;18;5;17;4;17;3;17;2;16;2;16;1;16;0;16;0;16;-1;16;-1;16;-1;16;-2;16;-2;16;-2;15;-2;15;-2;15;-2;15;-2;15;-2;15;-1;15;-1;15;0;15;0;5;0;1;0;-1;0;-1;-1;-1;-1;1;0;4;2;13;7;13;8;13;9;13;9;13;10;13;11;13;12;13;12;13;13;13;13;13;14;13;14;13;14;13;14;13;14;13;14;13;14;13;14;14;14;15;13;15;13;16;13;17;13;17;13;18;12;18;12;19;11;19;11,empty,EXP_S144,ZONE_02,entree_zone,4.1,entree_zone,entree dans la zone
725851951,-50,6,a0:9f:7a:73:2b:3e,384,-110;-96;8;0;11;-15;12;-19;13;-22;14;-24;14;-25;14;-25;14;-24;13;-22;11;-20;9;-18;7;-16;4;-13;1;-10;-3;-8;-7;-6;-11;-5;-14;-5;-18;-6;-20;-6;-21;-7;-22;-8;-21;-9;-20;-10;-18;-10;-17;-10;-4;-3;0;0;0;0;0;0;0;0;0;0;0;0;0;0;0;0;0;0;-4;6;-14;24;-17;24;-20;22;-21;20;-22;17;-21;14;-18;11;-15;9;-10;7;-4;7;2;7;7;9;12;12;16;15;18;18;20;21;20;24;21;25;20;26;19;26;17;24;16;21;14;17;13;13;11;7;11;3;124;0;-22;-1;-22;-2;-22;-2;-22;-1;-22;0;-21;2;-20;3;-18;4;-17;4;-16;3;-17;3;-17;4;-18;5;-17;6;-16;7;-16;7;-15;6;-15;5;-16;4;-16;4;-16;5;-15;5;-14;5;-13;4;-13;3;-13;2;-13;0;-13;0;-5;-1;-2;-1;0;-1;1;-1;0;0;-3;0;-9;0;-24;0;-25;-1;-25;-2;-25;-2;-25;-3;-24;-4;-24;-6;-24;-8;-25;-9;-26;-9;-27;-9;-26;-9;-25;-8;-24;-9;-23;-10;-23;-11;-24;-11;-24;-10;-25;-9;-24;-8;-23;-7;-23;-7;-22;-7;-23;-7;-24;-7;-25;-6;-26;-4;-26;-3;124;0;43;-9;42;-9;40;-9;38;-10;36;-11;34;-13;32;-15;31;-16;30;-16;29;-17;27;-17;26;-18;25;-19;24;-20;24;-21;24;-22;24;-22;24;-21;23;-21;23;-20;22;-20;21;-20;21;-20;21;-20;22;-19;22;-18;23;-17;23;-16;8;-6;2;-2;-1;0;-2;0;-1;0;3;-1;10;-2;30;-5;30;-4;31;-3;32;-2;34;-1;35;0;36;1;37;3;37;4;37;4;38;4;38;4;39;5;40;5;40;6;39;6;39;6;38;5;39;4;40;2;41;1;42;0;43;0;43;-1;43;-2;43;-3;43;-5;43;-6,empty,EXP_S144,ZONE_02,entree_zone,4.1,entree_zone,entree dans la zone
726056443,-50,6,a0:9f:7a:73:2b:3e,384,-110;-96;8;0;1;18;3;22;5;24;6;26;6;27;6;27;6;26;5;24;5;22;5;19;5;16;5;13;6;9;7;5;9;2;11;-1;14;-4;16;-5;19;-6;20;-6;21;-5;21;-4;21;-3;20;-2;18;-1;4;-1;0;0;0;0;0;0;0;0;0;0;0;0;0;0;0;0;0;0;-5;-6;-16;-22;-15;-24;-13;-26;-10;-27;-7;-26;-5;-25;-3;-21;-3;-17;-4;-12;-6;-8;-9;-4;-13;0;-17;2;-22;4;-26;4;-29;4;-32;3;-33;2;-33;1;-32;0;-30;0;-27;0;-23;1;-19;2;-15;4;-11;6;-124;0;6;-9;6;-9;6;-9;5;-9;5;-9;4;-9;3;-8;3;-8;2;-8;2;-8;2;-8;2;-8;1;-8;1;-8;1;-8;1;-8;1;-8;1;-8;1;-7;1;-8;1;-7;1;-7;1;-7;1;-7;1;-6;1;-6;2;-6;2;-6;0;-2;0;-1;-1;0;-1;0;-1;0;0;-1;2;-3;7;-8;7;-8;8;-8;8;-7;8;-7;9;-7;9;-7;9;-7;10;-6;10;-6;10;-6;10;-6;10;-6;10;-6;10;-6;10;-6;10;-6;10;-6;9;-6;9;-6;9;-6;9;-6;8;-7;8;-7;8;-7;8;-8;8;-8;7;-9;-124;0;-11;19;-10;19;-10;18;-9;18;-8;18;-6;18;-6;17;-5;17;-4;17;-3;17;-2;16;-2;16;-1;16;0;16;0;16;0;16;0;16;0;16;0;16;0;15;0;15;1;15;1;14;1;14;1;14;0;14;-1;14;-1;14;-1;5;-1;1;-1;-1;0;-1;0;-1;-1;1;-4;4;-9;12;-10;12;-11;12;-12;11;-12;11;-13;12;-13;12;-14;12;-15;12;-15;12;-15;12;-16;12;-16;12;-16;12;-16;12;-16;12;-16;12;-16;13;-15;13;-15;14;-15;14;-15;15;-15;16;-15;17;-14;17;-14;18;-13;18;-13;19,empty,EXP_S144,ZONE_02,entree_zone,4.1,entree_zone,entree dans la zone
726252384,-50,6,a0:9f:7a:73:2b:3e,384,-110;-96;8;0;-8;15;-8;19;-8;22;-8;24;-9;25;-9;25;-8;24;-8;23;-8;21;-7;18;-5;15;-3;12;0;9;3;7;6;4;9;3;13;2;16;1;18;2;20;2;20;3;20;4;19;5;18;6;17;6;4;1;0;0;0;0;0;0;0;0;0;0;0;0;0;0;0;0;0;0;1;-6;5;-25;7;-25;10;-25;12;-23;14;-21;14;-18;12;-15;9;-12;6;-10;1;-8;-4;-7;-9;-7;-14;-9;-18;-10;-21;-12;-23;-15;-25;-17;-25;-18;-25;-19;-24;-19;-22;-18;-20;-16;-18;-14;-15;-10;-13;-6;-11;-2;-123;0;21;-3;21;-3;20;-4;19;-4;19;-5;18;-6;17;-6;16;-7;15;-7;15;-7;14;-8;14;-8;14;-9;13;-9;13;-9;13;-9;13;-9;12;-9;12;-8;12;-8;12;-8;12;-8;11;-7;11;-7;10;-7;11;-6;11;-5;11;-5;4;-2;1;-1;-1;0;-2;0;-1;-1;2;-1;7;-2;20;-3;21;-2;21;-1;21;0;21;1;21;2;21;2;22;3;22;3;22;4;22;4;22;4;22;4;21;4;21;5;21;5;21;5;21;4;21;4;21;3;21;3;21;2;22;2;22;1;22;1;22;0;23;-1;23;-2;-123;0;-39;11;-38;11;-37;12;-36;13;-34;14;-32;15;-31;16;-29;16;-28;17;-27;18;-25;19;-24;20;-23;20;-22;21;-22;21;-22;22;-21;22;-21;21;-21;21;-21;21;-20;20;-20;20;-19;20;-19;20;-19;19;-20;18;-21;17;-21;17;-8;6;-3;1;0;-1;1;-1;0;-1;-3;0;-10;2;-27;6;-28;5;-29;4;-30;3;-31;2;-32;2;-33;1;-34;0;-35;-1;-36;-2;-36;-2;-37;-2;-37;-2;-37;-2;-37;-2;-37;-2;-37;-2;-37;-1;-37;-1;-37;0;-38;1;-39;2;-40;3;-40;4;-40;6;-40;7;-40;9;-41;10,transition,EXP_S144,ZONE_02,entree_zone,4.1,entree_zone,entree dans la zone
726452378,-51,6,a0:9f:7a:73:2b:3e,384,-110;-96;8;0;-25;3;-27;4;-29;4;-29;5;-29;5;-28;5;-27;5;-25;5;-22;5;-19;6;-16;7;-13;8;-10;9;-7;11;-5;13;-3;15;-1;18;-1;20;-1;21;-1;22;-2;22;-3;22;-3;21;-4;20;-4;19;-1;4;0;0;0;0;0;0;0;0;0;0;0;0;0;0;0;0;0;0;2;-8;10;-31;13;-31;17;-29;19;-26;20;-22;19;-18;16;-14;11;-12;6;-11;0;-11;-5;-13;-10;-16;-13;-20;-15;-25;-16;-29;-15;-32;-14;-34;-12;-35;-11;-34;-9;-32;-8;-29;-8;-26;-9;-21;-10;-16;-13;-12;-15;-8;-109;0;6;6;6;6;6;6;6;5;6;4;6;4;6;3;5;2;5;2;5;2;5;2;5;2;6;1;6;1;5;0;5;0;5;0;5;1;5;1;5;1;5;1;5;0;5;0;4;0;4;1;3;1;3;1;3;2;1;0;0;0;-1;-1;-1;-1;-1;-1;1;0;3;2;11;6;10;7;10;7;10;7;9;8;9;8;8;9;8;10;8;10;8;11;8;11;8;10;7;10;6;10;6;10;5;10;5;11;6;10;6;10;6;9;6;9;6;8;5;9;5;9;6;9;6;8;7;8;7;7;-109;0;-24;-7;-24;-6;-24;-5;-23;-4;-22;-3;-21;-2;-21;-1;-20;0;-20;1;-19;2;-19;2;-18;3;-18;4;-18;4;-18;5;-18;5;-18;5;-18;5;-18;5;-18;5;-17;5;-17;5;-17;5;-17;5;-17;4;-17;3;-17;3;-17;2;-6;0;-2;0;0;-1;1;0;0;0;-2;-1;-7;-2;-18;-5;-18;-6;-18;-6;-18;-7;-19;-8;-19;-9;-20;-10;-20;-11;-20;-11;-20;-11;-20;-12;-21;-12;-21;-13;-20;-13;-20;-13;-20;-13;-20;-13;-20;-12;-21;-12;-21;-11;-22;-11;-23;-11;-23;-10;-24;-10;-24;-10;-24;-9;-25;-8;-25;-8,transition,EXP_S144,ZONE_02,entree_zone,4.1,entree_zone,entree dans la zone
726655431,-53,6,a0:9f:7a:73:2b:3e,384,-110;-96;8;0;-31;-5;-32;-6;-32;-6;-30;-6;-28;-6;-25;-4;-23;-2;-20;0;-18;3;-16;6;-14;8;-13;11;-12;13;-12;16;-11;17;-11;19;-11;19;-11;19;-10;19;-9;18;-9;18;-8;17;-6;17;-4;16;-4;16;-1;4;0;0;0;0;0;0;0;0;0;0;0;0;0;0;0;0;0;0;3;-6;16;-21;19;-19;21;-17;22;-13;21;-9;19;-6;15;-3;10;-3;4;-4;-2;-7;-6;-11;-9;-16;-11;-22;-10;-26;-9;-30;-7;-33;-4;-34;-2;-33;-1;-31;0;-28;-1;-24;-3;-20;-6;-16;-10;-12;-15;-8;-19;-7;-113;0;-2;8;-2;8;-2;8;-2;7;-1;7;-1;6;-1;5;-1;4;-2;4;-2;4;-2;4;-1;3;-1;3;0;2;-1;2;-1;1;-1;2;-2;2;-2;2;-1;2;-1;2;-1;1;-1;1;-1;1;-2;1;-2;1;-2;1;-2;1;-1;0;-1;0;0;-1;-1;-1;-1;-1;1;0;3;3;8;9;8;9;8;10;7;10;6;10;6;11;5;11;5;12;4;12;4;13;4;13;3;13;2;12;1;12;1;12;0;13;0;13;0;12;0;12;0;11;0;11;0;10;-1;11;-1;11;-1;11;-1;11;0;10;0;10;-113;0;-23;-11;-23;-11;-23;-10;-22;-9;-22;-8;-21;-7;-21;-6;-21;-5;-20;-4;-20;-4;-20;-3;-20;-2;-20;-1;-20;-1;-20;0;-20;0;-20;0;-20;-1;-20;-1;-20;-1;-19;-1;-19;-1;-19;-1;-19;-2;-18;-2;-18;-3;-18;-3;-18;-4;-7;-2;-2;-1;0;0;0;0;0;0;-2;-1;-4;-3;-11;-8;-11;-8;-11;-8;-11;-8;-12;-9;-12;-10;-13;-10;-13;-11;-13;-11;-14;-11;-14;-12;-14;-12;-15;-12;-15;-13;-15;-13;-15;-13;-15;-13;-16;-13;-17;-12;-18;-12;-19;-13;-20;-13;-20;-13;-21;-12;-21;-12;-22;-12;-23;-12;-23;-11,transition,EXP_S144,ZONE_02,entree_zone,4.1,entree_zone,entree dans la zone
726866705,-53,6,a0:9f:7a:73:2b:3e,384,-110;-96;8;0;-21;36;-22;34;-21;31;-19;28;-16;26;-12;24;-7;23;-3;23;0;24;3;25;5;27;6;29;7;30;7;31;6;31;6;30;5;29;5;28;6;26;6;24;7;23;8;22;9;21;10;21;11;22;2;5;0;0;0;0;0;0;0;0;0;0;0;0;0;0;0;0;0;0;-7;0;-28;-2;-28;-5;-27;-10;-24;-13;-20;-14;-15;-13;-12;-10;-9;-5;-9;1;-10;6;-13;12;-18;15;-24;17;-29;16;-33;14;-35;11;-36;8;-34;6;-31;5;-28;5;-23;7;-19;10;-16;15;-14;20;-13;26;-14;30;-105;0;2;8;1;7;1;7;1;7;0;6;0;5;-1;5;-2;5;-2;4;-2;4;-2;4;-2;3;-2;3;-3;2;-3;2;-3;2;-3;2;-3;2;-3;2;-3;2;-3;1;-3;1;-3;1;-3;1;-3;1;-3;1;-3;1;-3;1;-1;0;-1;0;0;-1;-1;0;-1;0;1;-1;3;-3;10;-6;10;-5;11;-5;11;-4;12;-3;12;-2;12;-1;12;0;12;0;12;1;12;2;12;2;11;3;11;4;11;4;10;5;10;5;9;6;9;6;8;6;8;7;7;7;7;7;6;8;6;8;5;8;5;8;5;8;-105;0;-23;23;-23;23;-22;23;-21;22;-20;22;-19;23;-18;23;-17;23;-16;23;-15;23;-15;23;-14;23;-14;23;-14;23;-14;24;-14;23;-14;23;-14;23;-14;23;-15;22;-15;22;-15;21;-16;21;-16;20;-17;19;-18;18;-19;17;-20;16;-7;5;-3;1;0;-1;0;-1;0;-1;-2;1;-4;3;-11;9;-11;9;-12;9;-13;9;-13;9;-14;9;-14;10;-15;10;-16;11;-16;11;-17;11;-17;12;-18;12;-19;12;-19;12;-20;13;-20;13;-20;14;-20;15;-20;16;-21;17;-21;18;-22;19;-22;20;-22;21;-23;21;-23;22;-24;23,transition,EXP_S144,ZONE_02,entree_zone,4.1,entree_zone,entree dans la zone
727054498,-54,6,a0:9f:7a:73:2b:3e,384,-110;-96;8;0;41;-1;40;1;38;2;34;1;30;0;26;-3;22;-6;19;-10;17;-14;15;-18;15;-22;15;-24;15;-26;16;-27;16;-27;16;-27;15;-26;14;-26;12;-25;10;-24;8;-24;6;-24;4;-24;2;-24;2;-25;0;-7;0;0;0;0;0;0;0;0;0;0;0;0;0;0;0;0;0;0;-1;7;-6;28;-10;28;-15;26;-18;22;-19;18;-18;13;-14;8;-8;5;-1;4;6;5;12;8;17;13;21;18;22;24;21;29;18;32;15;33;12;32;10;30;9;25;9;20;11;14;15;8;20;3;26;-1;30;-3;-114;0;6;-9;6;-9;6;-8;6;-8;5;-7;5;-5;5;-4;5;-3;5;-3;5;-3;5;-3;4;-3;3;-2;3;-1;3;0;3;0;4;0;4;0;3;-1;3;-1;2;0;2;0;2;1;2;1;3;1;3;0;3;0;3;0;1;-1;0;-1;-1;-1;0;0;0;0;-2;-1;-5;-3;-13;-8;-13;-9;-12;-10;-12;-11;-11;-11;-10;-12;-9;-13;-8;-14;-8;-14;-7;-15;-7;-15;-6;-15;-5;-15;-4;-15;-3;-15;-2;-15;-1;-15;-1;-15;-1;-15;0;-14;1;-13;2;-13;3;-13;3;-13;3;-13;3;-13;3;-12;3;-11;-114;0;30;6;29;6;29;5;29;4;28;3;28;3;27;2;26;2;26;1;25;0;25;-1;25;-2;25;-3;25;-3;26;-3;26;-3;26;-3;26;-2;26;-2;26;-2;26;-1;25;0;25;0;25;1;25;2;25;3;24;4;24;6;8;2;2;0;-1;-1;-1;-1;-1;-1;1;0;4;1;12;5;12;5;12;5;13;5;13;6;14;6;14;7;15;7;15;7;16;7;16;7;17;8;18;8;18;8;19;9;19;9;19;8;20;8;21;8;22;8;23;8;24;8;25;8;26;7;27;6;28;6;29;5;30;5,transition,EXP_S144,ZONE_02,entree_zone,4.1,entree_zone,entree dans la zone
727255155,-53,6,a0:9f:7a:73:2b:3e,384,-110;-96;8;0;-32;-19;-30;-18;-28;-17;-26;-14;-25;-11;-25;-7;-26;-4;-28;-2;-29;-1;-31;0;-33;-1;-34;-3;-33;-4;-31;-6;-29;-7;-27;-7;-25;-6;-23;-5;-22;-3;-22;-1;-23;0;-24;2;-25;2;-27;1;-28;0;-7;-1;0;0;0;0;0;0;0;0;0;0;0;0;0;0;0;0;0;0;-5;-5;-18;-18;-16;-21;-13;-23;-9;-23;-7;-22;-5;-20;-5;-17;-6;-14;-9;-11;-13;-10;-17;-10;-20;-12;-23;-15;-24;-18;-24;-21;-22;-24;-21;-25;-19;-24;-19;-22;-19;-20;-20;-18;-22;-16;-25;-14;-28;-13;-32;-14;-34;-15;-106;0;-4;-3;-3;-3;-3;-4;-3;-4;-3;-5;-3;-5;-2;-5;-2;-5;-1;-5;-1;-6;0;-6;0;-6;0;-6;0;-6;1;-6;1;-5;2;-5;2;-5;2;-5;3;-5;2;-5;2;-5;2;-4;2;-4;2;-3;3;-3;3;-3;3;-3;1;-1;0;-1;-1;0;-1;-1;-1;-1;0;0;2;2;5;6;5;6;4;7;3;7;2;8;2;8;1;8;1;8;0;8;0;7;-1;7;-2;7;-2;7;-2;7;-3;6;-3;6;-4;5;-4;4;-4;4;-5;3;-5;3;-4;3;-4;2;-4;1;-4;0;-5;0;-5;-1;-5;-1;-106;0;-23;-24;-23;-24;-23;-23;-23;-22;-22;-21;-22;-21;-22;-20;-22;-19;-21;-18;-21;-17;-21;-17;-21;-17;-22;-16;-22;-16;-22;-17;-21;-17;-21;-17;-21;-18;-20;-18;-19;-18;-19;-18;-18;-18;-17;-19;-16;-19;-15;-20;-14;-20;-13;-21;-11;-21;-4;-8;-1;-3;0;0;0;0;0;0;-2;-1;-5;-4;-13;-9;-13;-10;-13;-11;-13;-12;-13;-12;-13;-13;-13;-13;-14;-14;-14;-15;-14;-16;-14;-17;-14;-17;-15;-18;-15;-18;-15;-19;-15;-19;-16;-19;-16;-20;-16;-20;-17;-20;-18;-21;-19;-21;-20;-22;-21;-22;-22;-23;-22;-23;-23;-24;-24;-24,transition,EXP_S144,ZONE_02,entree_zone,4.1,entree_zone,entree dans la zone
727461001,-54,6,a0:9f:7a:73:2b:3e,384,-110;-96;8;0;-1;-39;0;-37;-1;-33;-2;-29;-5;-24;-9;-20;-14;-18;-18;-16;-22;-15;-26;-15;-28;-15;-29;-16;-29;-16;-29;-16;-27;-16;-26;-14;-25;-12;-24;-9;-24;-5;-24;-2;-25;0;-26;2;-28;3;-29;4;-30;3;-8;0;0;0;0;0;0;0;0;0;0;0;0;0;0;0;0;0;0;0;7;0;28;4;28;9;25;13;21;16;16;17;11;15;7;11;4;5;3;-2;4;-9;8;-16;13;-20;19;-23;24;-23;28;-21;31;-19;31;-16;29;-13;25;-11;20;-10;14;-11;8;-14;3;-19;-1;-24;-3;-30;-4;-34;-108;0;-6;-8;-6;-8;-6;-8;-5;-7;-4;-6;-2;-6;0;-6;0;-7;1;-7;0;-7;0;-6;1;-5;2;-5;3;-4;4;-5;4;-5;4;-5;3;-5;3;-4;3;-3;3;-2;4;-2;5;-2;5;-2;4;-3;4;-2;3;-2;2;-1;0;-1;0;0;-1;0;0;-1;0;-1;-1;1;-3;5;-7;13;-8;13;-9;13;-9;12;-10;11;-11;10;-12;9;-13;9;-14;8;-15;8;-15;7;-14;6;-14;5;-14;3;-15;2;-15;1;-15;1;-15;1;-14;0;-13;-1;-12;-2;-12;-3;-12;-4;-12;-4;-12;-5;-11;-5;-10;-5;-9;-5;-108;0;-2;-30;-3;-30;-4;-29;-4;-29;-5;-28;-6;-27;-7;-27;-7;-26;-8;-25;-9;-25;-9;-24;-10;-24;-11;-24;-11;-24;-12;-25;-12;-25;-12;-25;-12;-25;-11;-26;-11;-26;-10;-26;-9;-26;-9;-26;-8;-26;-7;-26;-5;-27;-4;-27;-2;-27;-1;-10;0;-3;0;0;-1;0;-1;0;0;-2;0;-5;2;-13;2;-13;2;-13;2;-14;3;-15;3;-16;3;-16;4;-16;3;-17;3;-17;3;-18;3;-19;4;-20;4;-20;5;-20;4;-20;4;-21;3;-22;3;-23;2;-24;2;-25;2;-26;1;-26;0;-27;0;-28;-1;-29;-2;-30;-2;-31,transition,EXP_S144,ZONE_02,entree_zone,4.1,entree_zone,entree dans la zone
727653401,-54,6,a0:9f:7a:73:2b:3e,384,-110;-96;8;0;-15;-32;-15;-32;-15;-31;-15;-29;-15;-27;-16;-24;-17;-22;-18;-20;-20;-18;-21;-16;-22;-15;-23;-14;-23;-14;-23;-13;-23;-11;-22;-10;-22;-8;-22;-7;-23;-5;-24;-4;-24;-4;-25;-3;-25;-3;-25;-4;-25;-4;-7;-1;0;0;0;0;0;0;0;0;0;0;0;0;0;0;0;0;0;0;4;-6;17;-23;21;-21;25;-18;27;-14;27;-9;24;-5;20;-3;15;-2;9;-4;4;-8;1;-13;-1;-19;0;-25;2;-30;5;-34;9;-36;12;-36;14;-35;15;-32;14;-29;12;-27;8;-25;3;-24;-2;-24;-6;-26;-9;-27;-110;0;-5;1;-5;1;-5;0;-4;0;-3;0;-2;0;-1;-1;-1;-1;-1;-1;-1;-1;0;-1;0;-1;0;-1;1;-1;1;-1;2;-1;2;-1;1;-1;1;-1;1;0;1;0;2;0;2;0;2;-1;1;-1;1;0;0;0;0;0;0;0;0;0;-1;0;0;-1;0;-1;0;1;-1;4;-2;13;-2;13;-3;13;-4;13;-4;13;-5;12;-6;12;-6;12;-7;12;-7;12;-8;12;-8;11;-8;10;-9;9;-9;9;-10;8;-10;8;-10;7;-9;7;-9;7;-8;6;-8;5;-8;5;-8;4;-8;4;-8;4;-7;4;-6;4;-110;0;-6;-31;-6;-31;-6;-30;-7;-29;-8;-28;-8;-27;-9;-26;-10;-25;-10;-24;-11;-24;-11;-23;-12;-22;-12;-22;-13;-21;-13;-21;-14;-21;-14;-21;-14;-21;-14;-21;-13;-21;-13;-21;-12;-20;-12;-20;-11;-20;-11;-21;-10;-21;-9;-21;-8;-22;-3;-8;-1;-3;0;0;-1;0;-1;0;0;-2;0;-6;1;-16;1;-16;2;-16;2;-17;2;-17;2;-18;2;-18;2;-19;2;-20;2;-21;2;-21;2;-22;3;-23;3;-23;3;-23;3;-24;2;-24;2;-25;1;-25;0;-26;-1;-27;-1;-28;-2;-29;-2;-30;-3;-31;-4;-31;-4;-32;-4;-32,transition,EXP_S144,ZONE_02,entree_zone,4.1,entree_zone,entree dans la zone
727852343,-54,6,a0:9f:7a:73:2b:3e,384,-110;-96;8;0;18;-25;18;-23;17;-21;15;-20;12;-18;9;-18;6;-19;3;-19;1;-21;0;-23;-1;-24;0;-26;0;-26;1;-26;2;-25;3;-24;3;-23;2;-21;1;-20;0;-19;-1;-18;-2;-18;-3;-19;-3;-19;-3;-20;-1;-5;0;0;0;0;0;0;0;0;0;0;0;0;0;0;0;0;0;0;5;-2;20;-8;22;-5;22;-1;22;2;19;4;16;4;13;3;11;1;10;-3;10;-6;11;-10;14;-13;17;-15;21;-15;24;-14;25;-12;26;-10;25;-8;23;-8;21;-8;18;-9;15;-12;14;-15;13;-18;13;-22;14;-24;-108;0;0;-12;0;-12;0;-12;0;-11;1;-9;3;-8;4;-7;5;-7;6;-7;6;-8;5;-7;5;-6;5;-5;6;-3;7;-3;7;-3;7;-3;6;-4;5;-4;5;-3;5;-2;5;-1;6;-1;6;-1;6;-1;6;-2;5;-2;4;-2;1;-1;0;-1;-1;0;0;-1;0;-1;-2;1;-4;4;-11;13;-12;13;-13;12;-14;11;-14;9;-15;8;-16;6;-17;5;-18;4;-18;3;-18;2;-17;1;-17;0;-16;-2;-16;-3;-16;-5;-16;-6;-16;-6;-14;-6;-12;-7;-10;-8;-9;-9;-9;-10;-9;-11;-8;-11;-8;-11;-6;-10;-5;-10;-108;0;31;-42;30;-42;28;-41;27;-41;25;-41;24;-40;23;-40;21;-39;20;-38;18;-38;17;-38;16;-38;16;-39;16;-39;16;-39;17;-39;17;-39;17;-39;18;-39;19;-38;19;-37;20;-35;21;-34;21;-33;23;-31;24;-30;26;-28;27;-27;10;-10;3;-3;-1;0;-1;1;-1;0;1;-3;4;-8;13;-22;13;-23;14;-23;15;-23;16;-24;18;-24;19;-25;20;-25;21;-26;22;-27;23;-27;24;-28;25;-28;26;-28;27;-28;27;-28;27;-29;27;-30;28;-31;28;-33;29;-34;30;-35;30;-37;30;-38;30;-39;30;-40;31;-42;31;-43,transition,EXP_S144,ZONE_02,entree_zone,4.1,entree_zone,entree dans la zone
728052230,-52,6,a0:9f:7a:73:2b:3e,384,-110;-96;8;0;-33;17;-29;14;-24;13;-19;14;-13;16;-9;19;-6;24;-5;28;-5;31;-7;34;-10;36;-13;36;-16;34;-17;31;-17;27;-16;23;-12;20;-8;18;-4;18;0;19;3;22;4;25;4;28;2;32;-1;34;-1;8;0;0;0;0;0;0;0;0;0;0;0;0;0;0;0;0;0;0;-7;0;-27;0;-27;-3;-27;-6;-25;-8;-22;-9;-20;-8;-18;-6;-17;-3;-18;1;-19;4;-22;6;-26;7;-29;7;-31;6;-32;4;-32;2;-31;1;-30;1;-27;3;-25;6;-24;9;-24;13;-25;17;-27;21;-30;23;-32;24;-110;0;-9;2;-9;1;-9;1;-9;0;-9;-1;-10;-1;-10;-2;-10;-3;-10;-3;-10;-4;-10;-4;-10;-5;-9;-5;-9;-6;-9;-7;-9;-7;-9;-7;-8;-8;-8;-8;-7;-8;-6;-8;-6;-9;-5;-9;-5;-9;-4;-9;-4;-9;-3;-9;-2;-8;-1;-3;-1;-1;0;0;-1;0;-1;0;0;-1;2;-2;6;-6;7;-5;7;-4;7;-4;7;-3;7;-2;7;-1;7;-1;7;0;7;1;6;1;6;2;5;2;5;3;4;3;3;4;3;4;2;4;2;4;1;4;0;4;-1;4;-2;5;-3;4;-4;4;-5;4;-5;3;-6;3;-110;0;-27;18;-26;18;-25;18;-25;18;-24;18;-23;18;-22;18;-21;18;-20;18;-20;18;-20;19;-20;19;-20;19;-20;19;-20;19;-20;19;-21;19;-21;18;-22;18;-22;17;-23;16;-23;15;-23;14;-23;13;-24;11;-25;10;-25;8;-26;7;-10;2;-3;0;0;-1;0;-1;0;-1;-1;1;-4;4;-9;13;-10;13;-11;13;-12;13;-13;13;-14;14;-15;14;-16;14;-17;14;-18;14;-19;14;-20;14;-21;13;-21;13;-22;13;-22;13;-22;13;-23;13;-23;14;-23;14;-24;15;-25;15;-25;16;-25;16;-26;17;-26;17;-27;18;-27;18,transition,EXP_S144,ZONE_02,entree_zone,4.1,entree_zone,entree dans la zone
728252194,-52,6,a0:9f:7a:73:2b:3e,384,-110;-96;8;0;-2;-45;0;-41;1;-36;-1;-30;-4;-24;-8;-20;-13;-17;-19;-15;-23;-15;-26;-17;-29;-18;-30;-20;-30;-22;-29;-23;-26;-23;-24;-22;-22;-20;-21;-16;-20;-13;-21;-10;-21;-8;-23;-6;-24;-6;-26;-6;-27;-6;-7;-2;0;0;0;0;0;0;0;0;0;0;0;0;0;0;0;0;0;0;6;-3;27;-10;28;-7;27;-3;24;0;19;1;15;0;10;-3;7;-8;5;-14;6;-20;9;-25;13;-29;18;-31;22;-31;25;-29;27;-26;26;-23;23;-19;19;-17;13;-16;6;-17;0;-21;-5;-25;-8;-31;-10;-37;-10;-41;-111;0;-7;-12;-7;-12;-7;-11;-6;-10;-4;-9;-2;-9;-1;-10;0;-10;0;-10;0;-10;0;-9;0;-8;1;-7;2;-7;3;-7;4;-7;4;-7;3;-7;3;-6;3;-5;3;-4;4;-3;4;-3;4;-3;4;-4;3;-3;3;-3;3;-3;0;-1;0;-1;-1;0;0;-1;0;-1;0;1;-1;4;-2;11;-2;11;-3;11;-4;10;-5;10;-7;9;-8;9;-10;9;-10;9;-11;8;-11;7;-11;6;-12;5;-12;3;-13;2;-14;2;-14;1;-13;0;-13;-1;-12;-2;-12;-4;-12;-5;-12;-6;-13;-7;-12;-7;-11;-7;-10;-8;-9;-8;-111;0;-8;-32;-9;-32;-9;-31;-9;-31;-9;-30;-9;-29;-9;-29;-9;-28;-9;-27;-9;-26;-10;-26;-10;-26;-10;-26;-10;-26;-9;-27;-9;-27;-8;-27;-8;-27;-7;-27;-6;-27;-5;-27;-4;-27;-3;-27;-2;-26;0;-26;1;-26;3;-25;5;-25;2;-9;0;-3;-1;0;0;0;0;0;-2;-2;-4;-5;-11;-13;-10;-14;-10;-14;-10;-15;-10;-17;-9;-17;-9;-18;-9;-19;-9;-20;-9;-20;-9;-21;-8;-22;-8;-23;-7;-24;-6;-24;-6;-24;-6;-24;-7;-25;-7;-26;-7;-27;-7;-27;-7;-28;-8;-29;-8;-29;-9;-30;-10;-31;-10;-32;-10;-33,transition,EXP_S144,ZONE_02,entree_zone,4.1,entree_zone,entree dans la zone
728457187,-53,6,a0:9f:7a:73:2b:3e,384,-110;-96;8;0;-26;34;-26;32;-25;28;-21;24;-16;21;-10;17;-4;15;3;13;9;12;14;13;18;14;21;15;23;17;24;17;23;18;22;17;21;15;19;13;17;9;16;6;15;2;15;-2;16;-5;17;-8;19;-9;4;-3;0;0;0;0;0;0;0;0;0;0;0;0;0;0;0;0;0;0;-1;-9;0;-35;4;-35;8;-33;11;-29;12;-24;10;-18;7;-13;1;-8;-6;-5;-14;-3;-22;-4;-29;-7;-34;-11;-37;-15;-38;-19;-37;-22;-34;-24;-31;-24;-26;-21;-22;-17;-18;-10;-15;-3;-14;6;-14;15;-16;23;-18;28;-119;0;1;13;1;13;0;13;0;12;-1;11;-2;10;-2;9;-3;9;-4;9;-4;8;-4;8;-4;7;-4;6;-5;6;-5;5;-6;5;-6;5;-6;5;-6;4;-5;4;-5;3;-5;3;-6;2;-6;2;-6;2;-6;2;-5;2;-5;1;-2;0;-1;0;0;-1;-1;0;-1;0;1;-1;5;-2;15;-4;15;-3;16;-2;16;-1;16;0;15;1;16;3;16;4;16;5;16;6;16;6;15;7;14;8;13;9;12;10;12;11;12;11;11;11;11;11;10;11;9;12;8;12;7;13;7;14;6;14;6;14;5;13;4;13;-119;0;-22;18;-22;18;-21;18;-19;18;-18;18;-17;19;-15;19;-14;19;-13;19;-12;19;-11;19;-10;19;-10;19;-10;20;-9;20;-9;20;-9;20;-9;20;-9;20;-8;20;-9;20;-9;19;-9;19;-9;18;-10;18;-11;18;-11;17;-12;17;-5;6;-2;1;0;-1;0;-1;0;-1;-2;1;-5;4;-12;11;-12;11;-13;11;-14;11;-15;11;-16;11;-17;11;-18;11;-19;11;-19;11;-20;12;-21;11;-22;11;-22;11;-22;11;-22;11;-22;11;-22;12;-22;13;-23;13;-23;14;-24;15;-24;16;-24;16;-24;17;-24;18;-24;18;-24;19,transition,EXP_S144,ZONE_02,entree_zone,4.1,entree_zone,entree dans la zone
728652308,-55,6,a0:9f:7a:73:2b:3e,384,-110;-96;8;0;-39;31;-39;28;-36;24;-32;20;-25;17;-18;15;-10;13;-3;13;4;15;10;17;15;19;18;22;20;25;21;27;21;28;19;29;17;28;16;25;14;22;13;18;13;14;13;10;14;6;16;3;17;1;4;0;0;0;0;0;0;0;0;0;0;0;0;0;0;0;0;0;0;0;1;-5;7;-20;9;-20;11;-17;12;-14;11;-10;8;-6;3;-4;-3;-2;-10;-2;-16;-4;-22;-7;-26;-11;-29;-15;-30;-19;-29;-23;-26;-24;-23;-24;-20;-22;-17;-18;-15;-11;-14;-4;-14;4;-16;13;-19;20;-24;27;-28;31;-125;0;-6;16;-6;16;-6;16;-6;15;-6;14;-6;12;-7;12;-7;11;-7;11;-7;11;-7;11;-6;10;-6;9;-7;8;-7;8;-7;7;-7;7;-7;7;-6;7;-6;7;-5;6;-5;5;-6;4;-6;4;-6;4;-6;4;-5;4;-5;4;-2;1;-1;0;0;-1;-1;0;-1;-1;1;-1;3;-1;11;-1;11;0;11;1;11;2;10;3;10;4;10;6;10;7;10;8;9;8;9;9;8;10;7;10;6;11;5;12;5;13;5;13;4;13;3;13;2;13;1;14;0;15;-1;16;-1;16;-1;17;-1;16;-2;16;-2;16;-125;0;-28;17;-27;17;-26;17;-25;17;-25;17;-24;17;-23;16;-22;16;-21;16;-20;16;-19;16;-19;16;-18;17;-19;17;-18;17;-18;16;-18;16;-18;16;-18;15;-18;15;-18;15;-18;14;-18;14;-18;13;-19;13;-19;12;-20;11;-20;10;-8;3;-3;0;0;-1;0;-1;0;-1;-1;0;-3;0;-9;2;-9;3;-9;3;-9;4;-10;4;-10;5;-11;5;-11;6;-12;6;-13;7;-13;8;-14;8;-15;9;-16;9;-17;9;-18;10;-18;11;-19;11;-20;12;-21;13;-22;13;-23;14;-23;14;-24;15;-25;16;-26;17;-27;18;-28;18,transition,EXP_S144,ZONE_02,entree_zone,4.1,entree_zone,entree dans la zone
728858284,-61,6,a0:9f:7a:73:2b:3e,384,-110;-96;8;0;-22;-14;-20;-10;-16;-6;-11;-2;-6;2;0;5;6;8;11;11;16;14;20;16;22;18;23;20;23;21;21;20;18;19;14;16;9;12;5;7;0;2;-5;-4;-8;-10;-11;-15;-13;-20;-14;-24;-14;-27;-4;-7;0;0;0;0;0;0;0;0;0;0;0;0;0;0;0;0;0;0;1;-2;5;-3;8;4;11;12;13;20;14;27;13;33;11;36;9;38;7;37;5;33;3;29;2;23;1;15;1;7;1;-1;1;-8;1;-14;0;-20;-1;-24;-3;-27;-5;-29;-8;-30;-12;-29;-16;-28;-19;-26;-22;-25;107;0;-4;-11;-5;-11;-5;-11;-6;-11;-7;-11;-7;-12;-8;-13;-8;-13;-9;-14;-9;-14;-9;-14;-9;-15;-8;-15;-8;-16;-7;-16;-7;-17;-7;-17;-6;-17;-5;-17;-4;-17;-4;-17;-3;-17;-2;-16;-1;-16;-1;-16;0;-15;1;-15;2;-14;1;-5;0;-2;0;0;0;1;-1;0;-1;-3;-1;-9;-1;-25;1;-24;4;-24;6;-23;7;-23;8;-22;9;-21;10;-21;11;-20;12;-19;12;-18;13;-17;13;-16;13;-14;12;-13;12;-12;11;-11;10;-10;9;-10;9;-9;7;-9;6;-9;5;-9;4;-9;2;-9;1;-9;1;-9;0;-10;107;0;-19;-11;-20;-11;-20;-10;-19;-10;-19;-9;-18;-8;-17;-7;-16;-6;-16;-5;-16;-4;-15;-4;-15;-3;-15;-2;-15;-1;-15;-1;-15;0;-15;0;-15;1;-16;1;-16;1;-16;1;-16;1;-16;1;-16;1;-17;1;-17;0;-18;-1;-18;-2;-7;-1;-3;-1;0;-1;0;0;0;0;-2;-2;-5;-6;-12;-16;-11;-16;-10;-16;-9;-16;-9;-16;-8;-15;-9;-15;-9;-15;-9;-15;-9;-15;-9;-14;-9;-14;-10;-14;-10;-13;-11;-13;-11;-13;-12;-13;-13;-13;-13;-13;-14;-12;-15;-12;-16;-12;-17;-12;-18;-12;-19;-12;-20;-12;-20;-12;-21;-12,transition,EXP_S144,ZONE_02,entree_zone,4.1,entree_zone,entree dans la zone
729058348,-57,6,a0:9f:7a:73:2b:3e,384,-110;-96;8;0;-27;-46;-24;-41;-20;-35;-15;-28;-8;-21;-1;-15;7;-9;15;-3;22;1;29;5;34;8;38;10;40;12;41;13;40;14;37;15;32;16;26;16;19;16;11;16;3;16;-5;16;-12;16;-18;15;-23;14;-7;3;0;0;0;0;0;0;0;0;0;0;0;0;0;0;0;0;0;0;-2;0;-6;0;-8;0;-12;1;-14;3;-16;5;-18;7;-18;10;-18;14;-16;16;-14;18;-11;20;-8;21;-4;21;0;19;3;17;6;13;8;8;8;1;8;-6;6;-14;2;-22;-2;-30;-7;-37;-12;-43;-17;-48;-21;-50;80;0;-17;-25;-17;-25;-18;-25;-18;-24;-18;-24;-18;-24;-18;-24;-18;-25;-19;-25;-19;-24;-19;-24;-19;-24;-19;-24;-18;-24;-18;-24;-18;-25;-18;-25;-17;-24;-17;-24;-16;-24;-15;-23;-14;-23;-14;-23;-13;-23;-12;-23;-11;-23;-10;-23;-9;-22;-4;-8;-1;-3;0;0;-1;0;-1;0;0;-1;2;-3;6;-7;6;-6;6;-6;6;-6;6;-6;5;-7;5;-7;4;-7;4;-7;3;-7;3;-7;3;-8;2;-8;1;-9;0;-10;-2;-10;-3;-10;-3;-11;-4;-12;-5;-13;-6;-15;-7;-16;-9;-17;-11;-17;-12;-18;-13;-19;-13;-20;-13;-21;80;0;-15;-22;-15;-21;-15;-21;-15;-20;-15;-19;-14;-19;-13;-18;-12;-16;-11;-15;-11;-13;-11;-12;-12;-11;-12;-10;-11;-10;-10;-9;-10;-8;-9;-7;-10;-6;-10;-5;-11;-5;-11;-5;-11;-5;-10;-5;-10;-4;-10;-4;-10;-3;-11;-3;-11;-4;-4;-2;-2;-1;0;0;0;0;0;0;-1;-1;-2;-4;-4;-9;-4;-9;-4;-9;-4;-9;-5;-9;-5;-10;-6;-10;-7;-11;-8;-11;-8;-12;-9;-13;-9;-13;-10;-14;-10;-14;-11;-15;-11;-16;-12;-16;-13;-17;-13;-18;-14;-18;-14;-19;-15;-19;-16;-19;-16;-20;-17;-21;-18;-22;-18;-23;-18;-24,transition,EXP_S144,ZONE_02,entree_zone,4.1,entree_zone,entree dans la zone
729255452,-59,6,a0:9f:7a:73:2b:3e,384,-110;-96;8;0;11;48;9;44;6;38;4;31;3;22;4;12;5;2;8;-8;11;-16;15;-23;20;-27;24;-30;29;-31;32;-29;33;-26;33;-22;30;-17;25;-12;19;-8;11;-4;4;-3;-4;-2;-11;-3;-18;-6;-22;-8;-6;-3;0;0;0;0;0;0;0;0;0;0;0;0;0;0;0;0;0;0;-2;-3;-6;-13;-6;-16;-5;-20;-4;-22;-3;-23;-1;-22;-1;-20;-2;-16;-4;-12;-6;-8;-10;-4;-14;0;-18;2;-22;4;-25;5;-26;5;-26;6;-24;7;-21;8;-17;11;-11;14;-5;19;2;24;7;30;11;36;14;41;127;0;6;17;6;17;5;18;5;18;4;19;3;19;3;19;2;20;2;20;1;20;1;20;0;20;0;20;-1;20;-2;20;-3;20;-3;20;-4;20;-4;19;-5;19;-5;18;-6;17;-6;16;-7;16;-7;15;-8;15;-9;14;-9;13;-4;4;-2;1;0;-1;0;0;0;0;-2;-1;-4;-3;-9;-8;-8;-9;-7;-9;-6;-10;-5;-10;-5;-10;-4;-10;-3;-9;-2;-9;-1;-9;0;-9;1;-8;2;-7;3;-6;4;-5;4;-4;5;-3;5;-2;5;0;6;1;6;2;6;4;7;5;7;7;7;8;7;10;7;11;7;12;127;0;1;31;1;30;1;30;2;29;2;28;2;27;3;26;3;25;3;24;4;23;4;22;4;22;4;22;5;21;5;21;5;20;5;20;5;19;6;19;6;19;5;19;5;18;4;18;4;18;3;18;3;18;2;19;1;19;0;7;0;2;-1;-1;0;-1;0;-1;-1;1;-3;3;-7;10;-7;9;-7;9;-7;9;-6;10;-6;10;-5;11;-5;12;-4;12;-4;13;-3;14;-3;14;-3;15;-3;16;-3;17;-3;18;-2;19;-2;20;-1;21;-1;22;0;23;0;24;1;26;1;27;1;28;1;29;1;31;1;31,transition,EXP_S144,ZONE_02,entree_zone,4.1,entree_zone,entree dans la zone
729454227,-59,6,a0:9f:7a:73:2b:3e,384,-110;-96;8;0;21;-27;16;-23;10;-18;3;-13;-5;-8;-12;-3;-20;1;-28;4;-35;6;-40;7;-44;6;-47;5;-48;3;-46;1;-41;-2;-35;-4;-28;-4;-19;-4;-10;-2;-2;1;6;5;12;10;17;16;20;21;21;26;5;6;0;0;0;0;0;0;0;0;0;0;0;0;0;0;0;0;0;0;0;-2;-1;-3;-4;1;-8;6;-12;10;-17;13;-21;15;-24;15;-25;15;-25;13;-24;11;-21;8;-17;6;-12;4;-6;2;-1;0;4;-2;10;-3;14;-5;18;-8;21;-11;23;-15;25;-19;27;-22;28;-26;28;-28;28;-30;112;0;16;-6;16;-7;16;-7;16;-7;17;-7;18;-7;19;-6;20;-7;20;-7;20;-7;20;-6;20;-6;21;-4;21;-3;22;-2;22;-2;22;-1;22;0;21;1;20;2;19;3;19;4;18;5;18;6;17;6;16;7;14;7;13;8;4;3;1;0;-1;-1;-1;-1;-1;-1;1;-1;5;0;15;1;15;2;15;3;15;5;15;6;15;6;14;6;14;7;13;7;12;8;12;8;11;9;11;9;10;8;10;8;9;7;9;7;8;6;8;5;9;5;9;4;9;2;10;1;10;0;11;-1;11;-2;12;-2;12;-3;112;0;11;-27;11;-27;11;-27;12;-27;12;-26;12;-26;12;-25;12;-24;11;-23;10;-23;10;-23;10;-23;10;-22;11;-22;11;-21;11;-21;10;-21;10;-21;11;-20;11;-20;12;-19;12;-18;13;-18;13;-17;14;-17;15;-16;16;-16;17;-15;6;-6;2;-2;-1;0;-2;0;-1;0;1;-2;6;-4;17;-9;17;-8;17;-6;17;-5;16;-4;15;-4;14;-4;13;-4;13;-4;12;-4;11;-4;10;-5;9;-6;9;-7;8;-8;8;-9;8;-10;8;-12;7;-13;7;-14;7;-15;7;-17;7;-19;7;-21;8;-22;8;-24;9;-25;9;-26,transition,EXP_S144,ZONE_02,entree_zone,4.1,entree_zone,entree dans la zone
729661893,-55,6,a0:9f:7a:73:2b:3e,384,-110;-96;8;0;-23;-20;-22;-17;-22;-12;-22;-8;-23;-3;-25;2;-28;5;-31;7;-33;7;-36;7;-37;6;-38;3;-37;1;-34;-2;-30;-4;-25;-4;-20;-3;-15;0;-11;4;-9;9;-8;14;-9;19;-12;22;-15;24;-18;25;-5;6;0;0;0;0;0;0;0;0;0;0;0;0;0;0;0;0;0;0;0;-6;2;-24;6;-25;11;-26;15;-24;17;-21;18;-17;17;-13;14;-10;9;-8;4;-8;-1;-9;-6;-11;-9;-15;-12;-19;-13;-23;-14;-25;-14;-27;-14;-29;-14;-29;-15;-29;-16;-29;-17;-28;-19;-27;-21;-26;-22;-26;-24;-25;-109;0;4;-4;4;-5;4;-5;4;-6;5;-6;5;-7;5;-7;6;-8;6;-8;6;-9;6;-9;7;-9;7;-9;8;-9;8;-9;9;-9;9;-9;9;-9;9;-8;10;-8;10;-8;10;-7;10;-7;10;-7;10;-6;10;-5;10;-5;10;-4;3;-2;1;-1;-1;0;-1;-1;-1;-1;1;0;4;2;12;6;12;6;11;7;11;8;10;8;9;9;9;9;8;9;8;10;7;10;7;10;6;9;5;9;5;9;4;8;3;8;3;7;3;7;3;6;3;5;3;4;2;4;2;3;2;2;3;1;3;0;3;0;3;-1;-109;0;-19;-27;-19;-27;-19;-26;-18;-26;-18;-25;-17;-24;-17;-24;-17;-23;-17;-22;-16;-21;-16;-21;-16;-20;-16;-20;-16;-20;-16;-20;-15;-20;-15;-20;-14;-20;-13;-20;-13;-21;-12;-21;-11;-20;-11;-20;-10;-20;-9;-21;-7;-21;-6;-21;-5;-22;-2;-8;-1;-3;0;0;0;0;0;0;-1;-2;-3;-4;-9;-10;-8;-10;-8;-11;-8;-11;-9;-11;-9;-12;-9;-12;-10;-13;-10;-13;-11;-14;-11;-15;-12;-15;-12;-16;-12;-16;-13;-17;-13;-18;-13;-18;-13;-18;-14;-19;-15;-20;-16;-20;-17;-21;-18;-22;-18;-23;-19;-24;-19;-25;-20;-26;-20;-26,transition,EXP_S144,ZONE_02,entree_zone,4.1,entree_zone,entree dans la zone
729852180,-53,6,a0:9f:7a:73:2b:3e,384,-110;-96;8;0;10;37;8;36;6;33;5;29;5;23;6;17;9;12;12;7;16;3;21;1;25;1;29;2;31;4;33;8;32;11;29;14;25;16;20;16;15;14;11;11;7;6;5;1;5;-5;7;-10;9;-13;2;-4;0;0;0;0;0;0;0;0;0;0;0;0;0;0;0;0;0;0;-6;3;-23;14;-26;13;-29;12;-30;9;-31;7;-29;4;-27;3;-23;3;-19;5;-16;7;-13;11;-11;16;-11;20;-12;23;-13;26;-15;27;-16;27;-16;27;-15;26;-13;25;-9;24;-5;24;0;24;4;26;8;29;11;32;-110;0;5;6;6;6;6;6;5;7;5;7;4;8;4;8;4;9;4;9;4;9;4;10;4;10;4;10;4;11;3;11;3;12;3;12;3;12;2;12;2;12;1;12;1;12;1;13;0;13;0;13;-1;13;-1;13;-2;13;-1;4;-1;1;-1;-1;0;0;0;0;-1;-1;-2;-4;-5;-9;-4;-10;-4;-10;-3;-10;-3;-10;-2;-10;-1;-10;0;-9;0;-9;1;-9;1;-9;2;-9;2;-8;2;-8;3;-7;3;-6;4;-6;4;-5;4;-4;4;-4;4;-3;4;-2;5;-1;5;0;5;0;6;1;6;2;6;2;-110;0;4;30;4;29;5;28;5;27;6;26;6;25;6;24;7;23;7;22;7;21;8;20;8;20;9;19;9;19;9;19;9;18;8;18;8;18;8;17;8;17;8;17;7;17;7;16;6;16;6;16;5;16;4;16;3;16;1;6;0;1;-1;-1;-1;-2;0;-1;0;2;-1;7;-1;20;-2;20;-2;20;-3;20;-4;20;-4;21;-4;21;-4;21;-5;22;-5;22;-5;22;-4;23;-4;23;-4;23;-4;23;-4;24;-3;24;-3;24;-2;25;-1;25;-1;26;0;27;1;27;2;28;2;28;3;29;4;30;4;30,transition,EXP_S144,ZONE_02,entree_zone,4.1,entree_zone,entree dans la zone
730052839,-53,6,a0:9f:7a:73:2b:3e,384,-110;-96;8;0;-12;40;-14;38;-15;35;-14;31;-12;26;-9;21;-4;16;1;13;7;10;13;9;18;9;22;11;25;13;26;15;26;18;24;20;21;20;18;19;15;17;12;13;10;9;10;4;10;-1;13;-4;15;-7;4;-2;0;0;0;0;0;0;0;0;0;0;0;0;0;0;0;0;0;0;-7;-5;-25;-18;-23;-20;-21;-22;-18;-23;-15;-22;-12;-19;-11;-15;-11;-10;-12;-4;-15;1;-19;5;-24;8;-29;10;-33;9;-37;8;-38;6;-38;4;-36;2;-33;2;-29;2;-24;4;-19;8;-14;13;-10;19;-8;25;-7;30;-115;0;7;9;7;10;7;10;7;9;6;9;5;9;4;9;3;9;2;10;2;10;2;10;2;10;2;9;1;9;0;9;-1;10;-1;10;-1;10;-1;10;-2;10;-2;9;-3;9;-4;9;-5;9;-5;9;-5;9;-5;8;-6;8;-2;2;-1;0;0;-1;-1;0;-1;0;0;-1;2;-4;7;-9;7;-9;8;-8;8;-8;8;-7;9;-6;9;-5;10;-5;11;-4;11;-4;11;-4;11;-3;11;-2;11;-1;11;0;11;1;12;1;12;1;11;1;10;2;10;3;10;4;10;5;10;6;11;6;10;6;10;6;9;6;-115;0;-14;26;-13;26;-12;25;-11;25;-10;24;-9;23;-8;23;-7;22;-6;21;-5;21;-4;20;-3;20;-3;20;-2;21;-2;20;-2;20;-2;20;-2;20;-2;20;-2;20;-2;20;-3;20;-3;19;-3;19;-4;19;-5;18;-6;18;-7;18;-3;6;-1;2;0;-1;0;-1;0;-1;-1;1;-3;5;-8;15;-8;15;-9;15;-9;16;-10;16;-10;17;-11;17;-11;17;-12;18;-12;18;-13;19;-13;19;-14;20;-14;20;-14;20;-14;20;-14;20;-14;21;-14;22;-14;22;-14;23;-15;24;-15;25;-15;25;-14;26;-14;27;-13;27;-13;28,transition,EXP_S144,ZONE_02,entree_zone,4.1,entree_zone,entree dans la zone
730255045,-53,6,a0:9f:7a:73:2b:3e,384,-110;-96;8;0;10;44;7;42;4;37;2;31;2;24;4;16;7;9;11;3;16;-3;21;-6;27;-8;33;-7;36;-4;38;-1;38;3;35;6;32;9;26;9;20;8;15;5;10;1;7;-5;5;-11;6;-17;8;-21;2;-6;0;0;0;0;0;0;0;0;0;0;0;0;0;0;0;0;0;0;-7;-1;-27;-5;-27;-6;-25;-7;-23;-7;-21;-6;-19;-4;-17;0;-16;4;-16;9;-17;13;-18;17;-20;20;-23;22;-26;23;-27;22;-28;20;-27;19;-24;17;-20;16;-15;16;-9;17;-2;19;4;23;9;27;13;32;15;36;-113;0;6;13;6;13;5;13;5;13;4;13;3;13;2;13;1;14;1;14;1;14;1;14;0;14;-1;14;-2;14;-3;14;-4;14;-4;15;-5;15;-5;14;-5;13;-6;13;-7;12;-8;11;-9;11;-9;11;-10;10;-10;10;-10;9;-4;3;-2;0;0;-1;-1;0;-1;0;0;-1;1;-3;4;-7;4;-7;4;-6;4;-6;5;-5;5;-4;6;-4;7;-3;7;-3;7;-3;7;-3;7;-2;7;-1;7;0;8;1;8;2;8;2;8;2;8;3;7;4;7;5;7;6;8;7;8;8;8;8;8;9;8;9;7;10;-113;0;-4;30;-4;29;-3;28;-2;28;-2;27;-2;26;-1;25;-1;24;0;23;0;23;0;22;1;22;1;23;1;23;1;23;1;22;1;22;1;22;1;22;1;22;0;22;-1;22;-2;21;-3;21;-4;21;-5;21;-6;20;-7;20;-3;7;-1;2;0;-1;-1;-2;-1;-1;0;1;1;6;2;18;2;18;1;18;0;19;0;19;-1;20;-1;20;-2;21;-2;22;-2;22;-3;23;-3;23;-4;23;-5;24;-5;24;-5;24;-5;24;-4;25;-4;25;-4;26;-4;27;-4;28;-4;28;-3;29;-3;29;-4;30;-4;31;-4;31,transition,EXP_S144,ZONE_02,entree_zone,4.1,entree_zone,entree dans la zone
730460069,-53,6,a0:9f:7a:73:2b:3e,384,-110;-96;8;0;-44;12;-41;13;-37;14;-31;13;-26;10;-19;6;-14;1;-9;-4;-7;-11;-5;-17;-5;-23;-5;-28;-6;-31;-8;-33;-9;-34;-10;-33;-11;-31;-10;-28;-9;-23;-7;-18;-4;-13;0;-9;4;-5;8;-2;12;0;3;0;0;0;0;0;0;0;0;0;0;0;0;0;0;0;0;0;0;0;3;-4;15;-16;15;-16;13;-15;11;-13;9;-10;7;-6;6;-1;5;4;4;10;4;16;5;21;7;25;8;28;10;29;12;30;13;28;13;25;12;21;10;17;6;13;0;9;-7;6;-15;4;-23;3;-31;4;-36;5;61;0;-27;6;-27;6;-26;6;-26;6;-25;6;-24;6;-24;6;-23;6;-23;6;-23;6;-22;7;-22;7;-21;7;-21;6;-21;6;-21;6;-21;6;-20;5;-20;5;-19;5;-19;5;-18;4;-18;4;-18;3;-18;3;-17;2;-17;2;-17;1;-6;0;-2;0;0;-1;0;-1;0;-1;-1;1;-3;3;-9;9;-9;8;-10;8;-11;8;-12;7;-12;7;-13;7;-14;7;-15;7;-15;7;-16;7;-16;6;-17;6;-17;5;-18;5;-19;5;-19;5;-19;5;-20;5;-20;5;-21;5;-22;5;-23;6;-24;6;-24;6;-25;7;-25;7;-26;7;61;0;-15;-10;-15;-9;-15;-8;-15;-6;-16;-6;-16;-5;-15;-5;-15;-4;-14;-3;-14;-2;-14;-1;-13;0;-13;0;-13;1;-13;1;-13;1;-13;2;-13;2;-12;3;-12;3;-13;3;-12;3;-12;3;-12;2;-12;2;-12;2;-12;2;-12;2;-5;0;-2;0;0;-1;0;0;0;0;-1;-1;-1;-3;-1;-9;-1;-9;-1;-9;-1;-9;-2;-9;-2;-10;-2;-10;-3;-10;-3;-10;-4;-10;-4;-11;-5;-11;-5;-11;-5;-12;-5;-12;-6;-11;-7;-11;-8;-11;-9;-11;-9;-12;-10;-12;-10;-11;-11;-11;-12;-11;-13;-11;-14;-10;-15;-10;-15;-10,transition,EXP_S144,ZONE_02,entree_zone,4.1,entree_zone,entree dans la zone
730652284,-56,6,a0:9f:7a:73:2b:3e,384,-110;-96;8;0;-6;45;-5;42;-5;37;-4;31;-4;23;-3;15;-3;6;-3;-3;-3;-11;-4;-18;-5;-24;-6;-29;-7;-33;-7;-35;-8;-35;-8;-33;-8;-30;-7;-26;-7;-20;-6;-14;-5;-7;-5;0;-4;6;-3;13;-3;17;-1;4;0;0;0;0;0;0;0;0;0;0;0;0;0;0;0;0;0;0;-1;7;-3;28;-3;27;-4;26;-4;22;-4;18;-3;12;-2;5;-1;-2;1;-10;2;-17;4;-23;5;-29;7;-33;8;-36;9;-37;8;-36;7;-34;6;-29;5;-23;3;-16;2;-7;0;2;-1;12;-2;21;-4;30;-4;36;90;0;3;23;2;23;2;22;1;22;1;21;1;20;0;20;0;19;0;19;0;19;0;18;0;17;0;17;-1;16;-1;16;-1;16;-2;16;-2;16;-2;15;-2;15;-3;14;-3;14;-3;14;-3;14;-4;13;-4;13;-5;13;-5;12;-2;4;-1;1;0;-1;-1;-1;-1;-1;1;0;4;1;13;5;12;6;12;6;12;7;11;8;11;9;11;10;11;11;10;12;10;13;10;13;9;14;8;14;8;15;7;16;7;16;7;17;7;17;6;17;6;18;6;18;6;19;5;20;5;20;5;21;5;21;5;22;4;22;90;0;-13;17;-13;17;-11;17;-10;17;-9;17;-8;17;-7;16;-6;16;-5;16;-4;16;-2;16;-1;16;0;16;1;16;1;16;2;16;2;17;2;17;3;17;3;17;3;18;3;18;3;18;3;18;2;18;2;19;1;19;0;19;0;7;-1;2;-1;-1;0;-1;0;-1;-2;0;-5;1;-12;4;-13;4;-13;3;-14;3;-14;4;-14;4;-15;4;-15;4;-15;5;-16;5;-16;5;-16;6;-16;6;-16;6;-16;6;-16;7;-16;7;-16;8;-16;9;-16;10;-16;11;-16;12;-16;13;-16;14;-15;15;-15;16;-15;17;-15;17,transition,EXP_S144,ZONE_02,entree_zone,4.1,entree_zone,entree dans la zone
730855641,-54,6,a0:9f:7a:73:2b:3e,384,-110;-96;8;0;7;-36;7;-33;5;-28;1;-23;-4;-19;-10;-16;-16;-15;-21;-14;-26;-15;-29;-17;-31;-20;-31;-23;-29;-25;-26;-26;-22;-25;-18;-22;-14;-17;-13;-12;-13;-5;-14;0;-17;5;-21;9;-25;10;-30;10;-34;9;-9;2;0;0;0;0;0;0;0;0;0;0;0;0;0;0;0;0;0;0;5;-1;24;-3;25;0;25;5;23;8;19;10;15;10;11;8;9;4;7;-1;7;-7;9;-12;12;-17;16;-19;21;-21;24;-21;25;-19;26;-18;25;-17;22;-16;19;-17;15;-19;11;-22;8;-25;5;-30;4;-34;4;-37;-123;0;3;-8;3;-8;3;-8;4;-8;5;-7;6;-7;7;-7;8;-7;9;-7;9;-7;9;-7;9;-6;10;-6;11;-5;12;-5;12;-4;12;-4;12;-4;12;-3;12;-2;12;-1;12;0;12;0;12;0;12;0;11;1;11;2;10;2;3;1;1;0;-1;-1;0;-1;0;-1;-1;1;-1;4;-3;13;-4;12;-5;12;-6;12;-7;11;-8;10;-9;9;-9;9;-10;8;-10;7;-10;7;-10;6;-10;4;-10;3;-10;2;-10;1;-9;1;-9;0;-8;-1;-7;-1;-6;-2;-6;-3;-5;-4;-5;-5;-4;-5;-3;-6;-2;-6;-1;-6;-123;0;8;-30;8;-30;7;-29;7;-29;6;-28;6;-28;5;-27;4;-26;3;-25;2;-25;1;-25;0;-25;0;-25;0;-25;0;-25;0;-25;0;-25;0;-26;0;-26;1;-26;1;-25;2;-25;2;-25;2;-25;3;-25;5;-24;6;-24;8;-24;3;-9;1;-3;-1;0;-1;0;-1;0;0;-2;0;-4;0;-11;1;-11;1;-12;1;-12;2;-13;2;-14;3;-15;3;-16;4;-16;4;-17;4;-18;5;-19;5;-20;6;-20;6;-21;7;-21;7;-21;7;-22;7;-23;7;-24;8;-25;8;-26;8;-27;8;-28;7;-29;7;-30;7;-30;7;-31,transition,EXP_S144,ZONE_02,entree_zone,4.1,entree_zone,entree dans la zone
731055522,-53,6,a0:9f:7a:73:2b:3e,384,-110;-96;8;0;42;7;41;8;39;8;35;6;31;4;28;0;25;-4;23;-8;21;-12;21;-16;20;-18;20;-20;19;-21;19;-22;18;-22;16;-21;14;-20;11;-20;8;-20;6;-20;3;-21;1;-22;0;-23;-1;-24;-1;-24;-1;-7;0;0;0;0;0;0;0;0;0;0;0;0;0;0;0;0;0;0;-4;6;-16;25;-20;22;-24;18;-25;13;-23;7;-19;2;-13;0;-6;-1;2;1;9;6;14;12;17;19;18;27;17;32;14;37;11;39;7;39;5;37;3;34;4;29;6;23;9;17;15;13;21;9;27;7;32;6;-116;0;5;-8;5;-9;4;-8;3;-8;3;-6;2;-5;3;-3;3;-2;4;-1;4;-1;4;-2;3;-1;2;-1;1;1;2;2;2;2;2;2;2;2;2;1;1;1;0;2;0;2;0;3;0;3;0;3;0;2;0;2;0;1;0;0;-1;0;-1;-1;1;0;0;0;-2;-1;-6;-3;-16;-8;-16;-9;-16;-10;-15;-11;-14;-12;-13;-13;-13;-14;-12;-15;-12;-16;-11;-17;-11;-17;-9;-16;-8;-16;-6;-17;-5;-17;-4;-17;-4;-18;-4;-17;-4;-16;-3;-15;-2;-14;0;-14;1;-14;1;-15;1;-15;1;-14;1;-13;1;-11;-116;0;33;3;33;3;32;3;31;2;31;1;30;1;29;0;28;0;27;-1;26;-1;25;-1;25;-2;24;-2;24;-3;24;-3;24;-3;24;-3;23;-3;23;-3;23;-3;22;-3;22;-2;21;-2;21;-2;21;-1;21;0;21;1;21;2;7;1;2;0;-1;0;-1;-1;-1;-1;1;0;3;0;9;0;10;0;11;-1;12;0;13;0;14;0;14;1;15;1;15;1;16;1;18;1;19;1;20;2;21;3;21;4;21;4;22;3;23;3;24;3;26;3;27;3;28;3;29;3;30;3;31;2;32;2;33;2;34;2,transition,EXP_S144,ZONE_02,entree_zone,4.1,entree_zone,entree dans la zone
731252330,-52,6,a0:9f:7a:73:2b:3e,384,-110;-96;8;0;27;-7;29;-9;30;-9;29;-9;27;-9;25;-10;22;-10;19;-11;17;-12;13;-13;10;-14;7;-14;5;-15;2;-16;0;-16;-2;-17;-3;-17;-5;-17;-6;-17;-7;-17;-8;-17;-9;-16;-9;-15;-9;-14;-9;-14;-3;-4;0;0;0;0;0;0;0;0;0;0;0;0;0;0;0;0;0;0;-5;5;-18;22;-22;20;-25;17;-27;13;-27;9;-24;5;-20;2;-14;1;-8;1;-1;3;5;6;10;12;13;17;15;23;15;28;13;31;12;34;10;34;8;33;6;31;6;27;6;22;8;17;10;11;13;6;17;2;-124;0;-5;-8;-5;-8;-5;-8;-5;-7;-5;-7;-5;-6;-4;-4;-4;-4;-3;-3;-3;-3;-3;-3;-3;-3;-4;-2;-4;-2;-3;-1;-3;-1;-2;-1;-2;-1;-2;-1;-3;-1;-3;-1;-3;0;-3;0;-2;0;-2;0;-2;-1;-2;-1;-2;-1;-1;-1;-1;-1;-1;-1;0;0;0;0;-2;-1;-6;-1;-15;-3;-15;-3;-15;-4;-15;-5;-15;-6;-14;-7;-14;-8;-14;-9;-14;-10;-14;-10;-14;-11;-13;-11;-13;-11;-12;-11;-11;-12;-10;-12;-10;-13;-10;-12;-10;-12;-10;-11;-9;-11;-8;-11;-8;-11;-8;-11;-8;-11;-8;-11;-8;-10;-8;-9;-124;0;25;2;25;1;24;1;23;0;22;0;22;-1;21;-2;20;-2;19;-2;18;-3;18;-3;17;-4;17;-4;16;-4;16;-5;16;-5;16;-5;15;-5;15;-5;15;-5;14;-5;14;-5;14;-5;14;-5;14;-4;14;-3;14;-3;14;-2;5;-1;1;-1;-1;0;-1;-1;-1;-1;1;0;4;0;12;1;12;1;13;1;13;2;14;2;15;2;16;3;16;3;16;4;16;4;17;4;17;4;18;5;19;5;19;5;19;5;19;5;19;5;20;4;21;4;22;3;23;3;23;3;24;3;24;3;25;2;25;2;26;2,transition,EXP_S144,ZONE_02,entree_zone,4.1,entree_zone,entree dans la zone
731454165,-53,6,a0:9f:7a:73:2b:3e,384,-110;-96;8;0;-37;17;-37;17;-35;16;-32;15;-29;15;-25;16;-21;17;-17;18;-13;20;-11;22;-9;24;-8;25;-7;26;-6;25;-4;25;-3;24;-2;23;0;22;3;21;5;20;7;20;8;19;9;20;10;20;10;21;2;5;0;0;0;0;0;0;0;0;0;0;0;0;0;0;0;0;0;0;-3;-8;-7;-31;-3;-32;2;-31;7;-28;9;-24;9;-18;7;-12;2;-7;-4;-3;-11;-2;-19;-3;-26;-6;-31;-10;-34;-15;-35;-21;-34;-25;-32;-27;-29;-28;-25;-26;-23;-23;-20;-18;-19;-12;-20;-5;-21;2;-25;8;-28;12;-115;0;0;8;0;8;0;7;0;6;0;5;-1;4;-1;3;-2;2;-2;2;-2;2;-2;1;-2;0;-2;0;-2;-1;-2;-2;-2;-2;-2;-2;-2;-2;-2;-2;-1;-2;-1;-3;-1;-3;-1;-3;-1;-3;-1;-3;-1;-3;-1;-3;0;-3;0;-1;0;-1;0;0;-1;-1;-1;-1;1;0;5;0;15;2;15;3;15;4;15;5;14;6;14;7;14;8;14;9;13;10;13;11;13;11;12;12;11;12;10;12;9;13;9;13;8;13;8;13;7;13;7;12;6;12;5;12;4;12;4;12;4;12;3;11;3;11;3;10;-115;0;-33;6;-32;6;-31;6;-30;7;-29;7;-28;7;-27;8;-26;8;-25;9;-24;9;-24;9;-23;10;-23;10;-23;10;-22;10;-22;10;-22;10;-22;10;-21;9;-21;9;-21;9;-20;8;-20;8;-20;8;-20;7;-20;6;-20;5;-20;4;-8;1;-3;0;0;-1;0;-1;0;-1;-2;0;-5;1;-13;4;-13;4;-14;4;-15;4;-16;3;-17;3;-18;3;-19;3;-19;2;-20;2;-21;2;-22;2;-23;2;-23;1;-24;1;-24;1;-25;1;-25;2;-26;2;-27;3;-28;3;-29;3;-30;3;-30;4;-31;4;-31;5;-32;6;-33;6,transition,EXP_S144,ZONE_02,entree_zone,4.1,entree_zone,entree dans la zone
731655474,-53,6,a0:9f:7a:73:2b:3e,384,-110;-96;8;0;5;36;6;36;6;35;6;32;7;29;9;25;11;22;14;19;16;16;19;14;21;14;23;13;23;13;23;13;22;12;21;10;20;8;19;6;18;3;18;0;18;-3;19;-5;20;-7;21;-8;22;-8;5;-2;0;0;0;0;0;0;0;0;0;0;0;0;0;0;0;0;0;0;-7;0;-29;2;-30;-3;-30;-9;-28;-13;-24;-16;-18;-17;-13;-16;-8;-11;-5;-5;-3;2;-4;9;-7;16;-12;22;-17;25;-23;27;-27;26;-30;25;-31;22;-31;20;-28;18;-24;16;-19;16;-13;17;-8;20;-2;23;1;27;-119;0;6;1;6;1;5;2;4;2;3;2;2;2;1;2;0;2;0;2;-1;2;-1;2;-2;2;-2;1;-3;1;-3;1;-4;1;-4;1;-4;1;-5;1;-5;0;-5;0;-5;0;-5;0;-5;-1;-5;-1;-5;-1;-5;-1;-5;-2;-2;-1;-1;-1;0;-1;-1;0;-1;0;0;-2;2;-6;6;-15;7;-15;9;-14;10;-14;11;-13;11;-13;12;-12;13;-11;13;-11;14;-10;14;-9;14;-9;14;-8;14;-7;14;-6;14;-5;14;-5;13;-4;13;-3;13;-3;12;-3;12;-2;11;-2;11;-1;10;-1;10;-1;9;0;9;0;-119;0;-13;28;-13;28;-12;28;-11;27;-10;26;-9;26;-8;25;-8;25;-7;24;-6;23;-6;23;-5;23;-4;23;-4;23;-3;22;-3;22;-3;22;-3;22;-3;22;-3;21;-3;21;-3;20;-3;20;-3;20;-4;20;-5;19;-6;19;-7;19;-3;6;-1;1;0;-1;0;-1;0;-1;-1;1;-2;3;-6;9;-6;10;-7;10;-7;10;-8;11;-8;12;-8;12;-9;13;-10;14;-10;15;-11;15;-11;16;-12;16;-12;17;-13;17;-13;18;-13;18;-13;19;-13;20;-13;21;-13;22;-13;23;-13;24;-13;25;-13;26;-14;27;-14;28;-14;29,transition,EXP_S144,ZONE_02,entree_zone,4.1,entree_zone,entree dans la zone
731852497,-56,6,a0:9f:7a:73:2b:3e,384,-110;-96;8;0;-41;2;-40;2;-38;3;-33;4;-27;5;-20;6;-13;7;-6;8;1;9;8;10;14;10;18;10;22;10;24;9;25;7;25;6;23;3;21;1;17;-3;14;-5;10;-8;6;-11;2;-13;-2;-16;-5;-17;-2;-5;0;0;0;0;0;0;0;0;0;0;0;0;0;0;0;0;0;0;-3;6;-12;26;-15;27;-19;26;-22;24;-23;21;-23;16;-20;11;-16;5;-11;-2;-4;-8;4;-12;12;-16;20;-18;26;-20;31;-20;34;-19;35;-18;34;-16;31;-15;26;-13;19;-10;11;-8;1;-5;-8;-3;-18;-2;-24;-1;99;0;-12;12;-12;12;-11;11;-11;10;-11;8;-10;7;-10;6;-10;5;-10;4;-10;4;-10;3;-9;3;-9;2;-9;1;-8;1;-8;0;-8;0;-8;0;-8;0;-7;-1;-7;-1;-7;-1;-7;-2;-7;-2;-7;-2;-7;-2;-6;-2;-6;-2;-2;-1;-1;-1;0;0;-1;-1;-1;-1;1;1;4;4;13;13;12;15;12;16;11;17;9;18;8;19;7;19;6;20;5;21;4;22;3;22;2;22;1;22;0;21;-2;21;-3;21;-3;21;-4;21;-5;20;-5;19;-6;19;-7;18;-8;18;-9;18;-9;17;-9;17;-9;16;-9;16;99;0;-22;-12;-22;-11;-22;-10;-22;-9;-21;-7;-21;-6;-21;-6;-20;-5;-20;-4;-19;-3;-19;-2;-19;-1;-19;0;-19;1;-19;2;-19;2;-18;2;-18;3;-18;3;-18;4;-18;4;-18;4;-18;4;-18;4;-18;3;-18;3;-18;2;-19;2;-7;0;-3;0;0;-1;0;0;0;0;-1;-2;-2;-4;-4;-10;-4;-10;-5;-10;-5;-10;-6;-10;-6;-11;-6;-11;-6;-12;-7;-12;-7;-12;-8;-12;-9;-12;-9;-13;-10;-13;-10;-14;-11;-14;-12;-14;-12;-13;-14;-13;-15;-13;-16;-14;-17;-14;-18;-14;-18;-13;-19;-13;-21;-13;-22;-13;-22;-13,transition,EXP_S144,ZONE_02,entree_zone,4.1,entree_zone,entree dans la zone
732052358,-53,6,a0:9f:7a:73:2b:3e,384,-110;-96;8;0;3;30;3;30;2;29;3;28;3;26;4;24;6;23;7;21;9;20;10;20;11;19;12;19;12;19;13;19;13;18;13;17;14;16;14;15;15;14;16;14;16;14;17;13;17;14;17;15;17;16;4;4;0;0;0;0;0;0;0;0;0;0;0;0;0;0;0;0;0;0;-4;4;-15;15;-18;14;-21;11;-22;8;-21;4;-19;2;-16;0;-12;1;-8;3;-4;6;-3;10;-3;16;-5;20;-8;23;-11;25;-14;26;-17;25;-18;23;-19;21;-17;20;-15;18;-12;17;-8;18;-4;19;-1;21;1;24;-107;0;9;-1;9;0;8;0;7;0;6;0;4;-1;2;0;1;0;1;1;1;1;0;0;0;0;-1;-1;-2;-1;-3;-1;-4;-1;-4;-1;-4;-1;-3;-1;-3;-2;-4;-2;-4;-2;-5;-3;-5;-2;-5;-2;-4;-2;-4;-3;-3;-3;-1;-1;-1;-1;0;0;-1;1;-1;0;0;-2;1;-7;3;-19;5;-19;6;-19;7;-18;8;-18;10;-17;11;-17;12;-16;14;-16;14;-16;15;-15;15;-14;15;-13;16;-11;16;-10;16;-9;16;-9;16;-9;16;-8;15;-7;15;-6;15;-5;15;-4;15;-4;15;-4;14;-4;13;-4;13;-4;-107;0;-8;53;-7;52;-6;52;-5;51;-3;49;-2;48;-1;47;0;46;1;45;2;45;3;44;4;44;5;43;6;44;6;44;6;44;6;44;5;44;4;44;4;43;3;43;2;43;2;42;0;42;-1;42;-3;41;-6;41;-8;41;-3;14;-2;4;0;-2;0;-2;0;-1;-1;2;-2;7;-5;22;-6;22;-6;23;-7;24;-8;25;-8;26;-9;27;-10;28;-10;29;-11;30;-11;31;-11;33;-12;34;-12;34;-13;35;-13;36;-13;36;-12;38;-12;39;-11;41;-11;42;-11;44;-10;46;-10;47;-9;49;-8;51;-8;52;-7;53,transition,EXP_S144,ZONE_02,entree_zone,4.1,entree_zone,entree dans la zone
732252934,-53,6,a0:9f:7a:73:2b:3e,384,-110;-96;8;0;19;8;23;8;25;8;27;7;27;6;27;5;26;3;24;1;22;-1;20;-3;17;-4;14;-6;11;-8;7;-9;3;-11;0;-13;-3;-16;-6;-18;-8;-19;-9;-21;-10;-21;-11;-22;-11;-21;-11;-21;-10;-20;-3;-5;0;0;0;0;0;0;0;0;0;0;0;0;0;0;0;0;0;0;-5;-5;-17;-19;-16;-22;-14;-25;-11;-27;-7;-28;-4;-26;-1;-23;1;-18;2;-12;2;-5;0;1;-4;8;-8;13;-13;17;-18;20;-22;21;-25;22;-27;21;-28;20;-27;19;-25;17;-21;15;-16;13;-11;11;-4;10;1;9;120;0;8;-23;7;-22;6;-21;5;-20;4;-18;2;-17;1;-16;0;-15;-1;-15;-1;-14;-2;-14;-3;-13;-4;-13;-4;-13;-5;-13;-5;-13;-5;-13;-5;-13;-5;-13;-5;-13;-5;-13;-5;-12;-5;-12;-5;-12;-4;-11;-3;-11;-2;-12;-2;-12;-1;-5;0;-2;0;0;0;1;0;0;-2;-3;-4;-11;-9;-29;-7;-30;-5;-30;-3;-31;-1;-32;0;-32;1;-33;3;-33;5;-34;6;-34;7;-34;8;-34;9;-33;10;-32;11;-31;11;-31;12;-30;12;-29;12;-29;12;-28;12;-28;12;-27;12;-27;12;-27;11;-27;10;-27;10;-26;9;-26;120;0;2;43;3;43;4;42;5;41;6;40;7;39;8;37;9;36;10;35;11;34;12;32;13;31;14;31;15;30;16;30;16;30;16;30;16;30;16;30;15;30;15;30;15;30;14;30;14;30;13;30;12;31;10;32;8;32;2;11;0;3;-1;-2;0;-2;0;-1;0;2;-1;7;-1;20;-2;21;-2;21;-3;22;-3;23;-4;24;-4;25;-5;27;-5;28;-6;29;-6;29;-6;30;-6;31;-6;31;-6;32;-6;33;-6;34;-6;34;-5;35;-4;36;-3;37;-3;39;-2;40;-1;41;-1;42;0;43;1;44;1;45,transition,EXP_S144,ZONE_02,entree_zone,4.1,entree_zone,entree dans la zone
732452361,-53,6,a0:9f:7a:73:2b:3e,384,-110;-96;8;0;-28;26;-28;24;-26;22;-23;20;-19;17;-14;16;-8;14;-3;14;2;14;6;15;10;16;13;17;15;18;16;19;17;19;17;19;17;18;16;16;16;14;15;12;15;10;15;7;15;5;16;3;16;2;4;0;0;0;0;0;0;0;0;0;0;0;0;0;0;0;0;0;0;0;1;-6;7;-23;10;-22;12;-19;13;-15;12;-11;9;-7;4;-4;-2;-2;-9;-2;-15;-3;-20;-6;-24;-10;-27;-15;-28;-19;-27;-22;-25;-24;-22;-24;-18;-23;-15;-20;-13;-15;-11;-8;-11;-2;-12;6;-13;12;-16;18;-19;22;-126;0;1;25;2;24;2;24;2;22;2;20;1;17;-1;16;-2;15;-2;15;-2;15;-2;14;-1;12;-1;10;-2;9;-3;8;-4;8;-4;8;-4;9;-3;8;-3;7;-2;6;-3;5;-3;4;-4;4;-4;5;-4;5;-3;5;-3;5;-1;1;-1;0;0;-1;-2;-1;-1;-1;2;0;8;0;24;2;24;3;24;5;24;7;23;9;23;11;23;13;23;15;23;17;23;18;22;18;20;19;18;20;17;22;15;23;15;24;15;24;15;24;14;24;12;24;11;24;10;25;9;26;10;27;10;27;9;26;8;25;7;24;-126;0;-39;31;-38;32;-37;32;-35;33;-33;33;-32;33;-31;33;-29;33;-28;33;-26;33;-24;33;-23;34;-22;34;-22;35;-22;35;-22;34;-22;34;-22;34;-22;33;-22;33;-22;33;-22;32;-22;31;-23;30;-24;29;-25;28;-26;27;-27;26;-10;9;-4;2;0;-1;0;-1;0;-1;-2;1;-6;4;-16;12;-16;12;-17;13;-19;14;-21;14;-22;14;-23;14;-24;14;-25;15;-27;16;-28;17;-30;17;-31;17;-32;17;-33;16;-32;16;-32;17;-33;19;-34;20;-35;22;-36;23;-37;24;-37;25;-37;27;-37;29;-38;31;-39;33;-40;34,transition,EXP_S144,ZONE_02,entree_zone,4.1,entree_zone,entree dans la zone
732655128,-52,6,a0:9f:7a:73:2b:3e,384,-110;-96;8;0;-13;-35;-11;-35;-10;-34;-9;-31;-9;-28;-10;-24;-12;-21;-14;-17;-16;-15;-18;-13;-20;-11;-22;-10;-23;-9;-24;-9;-25;-9;-24;-8;-24;-8;-23;-8;-23;-7;-22;-5;-21;-4;-21;-3;-21;-1;-20;-1;-20;0;-5;0;0;0;0;0;0;0;0;0;0;0;0;0;0;0;0;0;0;0;5;-2;23;-7;23;-3;23;1;20;4;17;6;12;5;8;3;4;-1;2;-6;1;-12;2;-18;5;-23;9;-26;14;-28;18;-28;21;-26;22;-24;22;-21;20;-19;17;-16;12;-15;7;-15;1;-17;-4;-19;-9;-23;-11;-27;-120;0;-9;-3;-9;-3;-8;-3;-7;-3;-6;-3;-6;-3;-5;-3;-4;-3;-4;-3;-4;-3;-3;-3;-3;-2;-3;-2;-2;-2;-2;-2;-2;-2;-2;-2;-2;-2;-2;-2;-1;-1;-1;-1;-1;-1;-1;-1;0;-1;-1;-1;-1;-1;-1;-1;-1;-1;-1;-1;-1;0;-1;0;0;-1;0;-1;-1;1;-3;3;-7;9;-7;9;-8;9;-9;8;-10;8;-10;7;-11;7;-12;6;-12;6;-12;6;-13;5;-13;4;-13;4;-13;3;-13;2;-13;2;-13;1;-13;1;-12;1;-12;0;-12;0;-12;-1;-12;-1;-12;-1;-12;-1;-11;-2;-11;-2;-10;-2;-120;0;-3;-29;-3;-28;-3;-28;-4;-27;-4;-27;-5;-26;-5;-25;-6;-25;-6;-24;-7;-23;-7;-23;-8;-22;-8;-22;-8;-22;-8;-22;-8;-22;-8;-22;-8;-22;-7;-22;-7;-22;-6;-21;-6;-21;-6;-20;-5;-20;-5;-20;-4;-20;-3;-20;-2;-20;-1;-7;0;-3;0;0;0;0;0;0;-1;-2;-1;-4;-1;-11;-1;-11;-1;-12;0;-12;0;-13;0;-14;0;-14;0;-15;0;-16;1;-17;1;-17;1;-18;2;-19;2;-19;2;-20;2;-20;2;-21;2;-21;1;-22;1;-23;1;-24;0;-24;0;-25;-1;-26;-1;-27;-2;-28;-2;-28;-2;-29,transition,EXP_S144,ZONE_02,entree_zone,4.1,entree_zone,entree dans la zone
732852345,-54,6,a0:9f:7a:73:2b:3e,384,-110;-96;8;0;-27;-15;-26;-15;-24;-14;-22;-12;-20;-9;-19;-5;-19;-2;-19;1;-20;4;-21;6;-22;8;-23;8;-24;8;-24;7;-23;6;-21;6;-19;6;-16;7;-14;8;-13;10;-12;12;-11;14;-11;16;-12;17;-13;17;-4;4;0;0;0;0;0;0;0;0;0;0;0;0;0;0;0;0;0;0;0;-6;4;-23;8;-23;12;-21;14;-18;15;-14;14;-10;11;-7;6;-5;1;-5;-4;-7;-8;-10;-11;-15;-12;-19;-12;-23;-10;-27;-8;-29;-5;-29;-4;-28;-3;-26;-3;-23;-5;-19;-8;-16;-11;-14;-16;-12;-20;-12;-23;-12;-116;0;-11;2;-11;2;-11;1;-10;1;-8;-1;-7;-3;-6;-4;-6;-6;-6;-7;-6;-7;-6;-7;-5;-7;-3;-8;-2;-8;-2;-9;-2;-10;-2;-10;-2;-10;-1;-9;0;-8;1;-8;2;-8;3;-8;2;-8;2;-8;2;-7;2;-7;3;-6;1;-2;0;-1;-1;0;-2;-2;-1;-1;1;1;5;5;15;17;14;18;13;19;11;20;10;21;8;21;6;22;5;23;4;24;3;24;2;24;0;23;-1;22;-3;21;-4;21;-5;20;-6;19;-6;18;-7;17;-7;16;-8;14;-9;13;-10;12;-10;12;-11;11;-10;10;-10;9;-10;8;-116;0;-41;-30;-41;-29;-40;-28;-40;-26;-40;-24;-39;-22;-39;-21;-39;-19;-38;-18;-38;-16;-38;-15;-38;-14;-38;-13;-39;-13;-39;-13;-39;-13;-39;-12;-39;-13;-39;-13;-38;-13;-38;-14;-37;-14;-36;-14;-35;-15;-35;-16;-34;-17;-33;-19;-32;-20;-12;-8;-4;-3;1;0;1;0;0;0;-2;-2;-6;-5;-17;-14;-17;-14;-17;-15;-18;-16;-18;-17;-19;-18;-19;-19;-20;-20;-21;-21;-22;-22;-23;-23;-23;-24;-24;-25;-24;-26;-24;-27;-25;-27;-25;-27;-26;-27;-28;-28;-29;-28;-31;-28;-33;-29;-34;-29;-35;-29;-37;-30;-38;-30;-40;-30;-41;-31,transition,EXP_S144,ZONE_02,entree_zone,4.1,entree_zone,entree dans la zone
733055833,-53,6,a0:9f:7a:73:2b:3e,384,-110;-96;8;0;-35;-24;-34;-25;-31;-25;-28;-23;-26;-19;-24;-15;-22;-11;-22;-6;-23;-2;-24;2;-26;4;-27;6;-28;7;-29;7;-30;7;-29;6;-28;6;-26;6;-24;6;-22;7;-20;8;-19;9;-18;11;-17;12;-17;13;-5;3;0;0;0;0;0;0;0;0;0;0;0;0;0;0;0;0;0;0;2;-7;9;-27;13;-27;17;-25;20;-21;20;-16;18;-12;14;-9;9;-7;3;-8;-3;-10;-8;-15;-11;-21;-12;-27;-11;-32;-9;-37;-6;-39;-3;-39;0;-38;1;-34;1;-30;-1;-26;-5;-22;-11;-19;-17;-17;-23;-16;-28;-17;-117;0;-9;4;-9;4;-9;4;-8;4;-8;3;-7;2;-6;1;-6;0;-6;-1;-6;-1;-6;-1;-6;-1;-5;-1;-4;-2;-4;-2;-4;-3;-4;-3;-4;-3;-4;-2;-4;-2;-3;-2;-3;-2;-2;-3;-2;-3;-3;-3;-3;-3;-3;-3;-3;-3;-1;-1;-1;-1;0;0;-1;-1;-1;-1;1;0;3;2;9;8;9;9;9;9;8;10;7;11;6;11;5;12;4;13;4;13;3;14;2;14;1;14;0;13;-1;13;-2;13;-3;13;-4;13;-4;13;-4;12;-4;11;-5;10;-6;10;-7;9;-7;9;-8;9;-8;9;-7;8;-7;7;-117;0;-27;-20;-27;-19;-27;-19;-26;-18;-26;-16;-26;-15;-25;-15;-25;-14;-25;-13;-24;-12;-24;-12;-24;-11;-24;-10;-24;-10;-24;-10;-24;-10;-24;-10;-24;-10;-23;-10;-23;-10;-22;-10;-22;-10;-21;-11;-21;-11;-20;-12;-19;-13;-19;-13;-18;-14;-7;-5;-2;-2;0;0;0;0;0;0;-2;-1;-5;-3;-12;-8;-12;-9;-12;-9;-13;-10;-13;-10;-14;-11;-14;-12;-15;-12;-15;-13;-16;-13;-16;-14;-17;-15;-17;-16;-17;-17;-17;-17;-17;-17;-18;-17;-19;-17;-20;-17;-21;-17;-22;-18;-23;-18;-24;-18;-24;-19;-25;-19;-26;-19;-27;-20;-27;-20,transition,EXP_S144,ZONE_02,entree_zone,4.1,entree_zone,entree dans la zone
733252081,-53,6,a0:9f:7a:73:2b:3e,384,-110;-96;8;0;29;-25;30;-26;29;-27;26;-27;22;-25;17;-24;12;-21;6;-18;1;-14;-4;-11;-9;-7;-13;-3;-16;1;-18;4;-19;8;-20;11;-20;14;-19;16;-17;17;-15;18;-13;18;-10;18;-6;17;-3;16;-1;15;0;3;0;0;0;0;0;0;0;0;0;0;0;0;0;0;0;0;0;0;0;-8;3;-32;6;-32;10;-32;12;-30;14;-26;14;-20;14;-14;11;-6;8;1;3;9;-2;16;-7;22;-13;27;-19;30;-23;32;-26;32;-27;31;-27;30;-25;27;-22;23;-17;18;-11;12;-5;6;2;-1;9;-7;15;-12;108;0;3;-19;3;-18;3;-17;3;-16;3;-15;2;-14;2;-13;2;-12;1;-11;1;-10;1;-10;0;-9;0;-9;0;-8;0;-8;-1;-7;-1;-7;-1;-7;-1;-6;-1;-6;-1;-6;-1;-6;-1;-6;-1;-5;-1;-5;-1;-5;-1;-5;-1;-5;-1;-2;-1;-1;0;0;0;0;0;0;-2;-2;-5;-6;-12;-15;-12;-16;-11;-18;-10;-19;-9;-20;-8;-21;-7;-21;-6;-22;-6;-23;-5;-23;-4;-24;-3;-24;-2;-24;-1;-24;-1;-24;0;-24;1;-23;1;-23;2;-23;2;-23;2;-23;3;-23;3;-22;3;-22;3;-21;3;-21;3;-21;3;-21;108;0;22;9;22;8;21;8;21;7;21;6;21;5;20;4;20;3;19;3;18;2;18;1;18;1;18;0;18;-1;18;-1;18;-1;18;-2;18;-2;18;-2;17;-2;17;-2;17;-2;17;-2;17;-1;17;-1;16;0;16;0;16;1;5;0;1;0;-1;0;-1;-1;-1;-1;0;0;2;2;7;7;7;7;7;8;7;8;8;8;8;8;8;9;9;9;10;9;10;10;10;10;10;10;11;11;11;11;12;11;12;11;13;11;14;11;14;11;15;11;16;11;17;11;18;10;19;10;19;10;20;10;21;10;21;10,transition,EXP_S144,ZONE_02,entree_zone,4.1,entree_zone,entree dans la zone
733453272,-54,6,a0:9f:7a:73:2b:3e,384,-110;-96;8;0;6;-30;6;-31;6;-31;5;-29;3;-27;1;-24;-1;-21;-4;-17;-6;-13;-8;-9;-10;-5;-12;-1;-14;2;-15;6;-15;9;-16;11;-16;13;-15;14;-14;15;-13;16;-11;16;-9;16;-7;15;-5;15;-4;14;-1;3;0;0;0;0;0;0;0;0;0;0;0;0;0;0;0;0;0;0;-7;-1;-27;-3;-27;-5;-26;-8;-24;-11;-20;-12;-15;-12;-9;-11;-3;-8;2;-4;7;1;11;7;13;13;15;19;15;24;15;27;14;29;12;30;10;29;9;27;7;23;6;18;5;11;4;5;4;-3;4;-10;4;-15;105;0;-20;-17;-20;-17;-20;-16;-19;-15;-18;-13;-16;-11;-14;-10;-13;-9;-11;-9;-11;-9;-11;-8;-12;-7;-11;-5;-11;-4;-9;-4;-9;-4;-8;-5;-9;-5;-9;-5;-9;-4;-9;-3;-8;-2;-7;-2;-6;-2;-6;-3;-6;-4;-6;-4;-7;-4;-3;-2;-1;-1;0;0;1;-1;1;-1;-4;1;-11;2;-30;6;-31;5;-32;3;-33;1;-33;-1;-33;-3;-34;-5;-35;-7;-35;-8;-36;-9;-35;-10;-34;-12;-33;-13;-32;-14;-31;-16;-31;-17;-31;-18;-30;-18;-30;-17;-28;-17;-27;-17;-27;-18;-26;-19;-26;-19;-27;-19;-26;-18;-26;-17;-25;-17;105;0;31;-28;29;-28;28;-28;26;-28;25;-28;23;-29;22;-29;21;-29;20;-29;18;-28;17;-28;16;-28;15;-29;14;-29;14;-30;14;-31;14;-31;15;-30;14;-30;14;-29;14;-29;15;-28;15;-28;16;-27;17;-26;18;-26;19;-25;19;-24;7;-9;2;-3;-1;0;-1;0;-1;0;1;-2;5;-4;15;-11;15;-11;16;-11;17;-12;18;-12;19;-12;20;-11;21;-11;21;-11;22;-12;23;-13;24;-14;25;-14;26;-14;27;-14;27;-14;26;-14;26;-16;26;-17;27;-19;28;-20;29;-20;30;-21;29;-22;29;-23;29;-25;29;-27;30;-28,transition,EXP_S144,ZONE_02,entree_zone,4.1,entree_zone,entree dans la zone
733652414,-53,6,a0:9f:7a:73:2b:3e,384,-110;-96;8;0;-3;13;3;11;8;11;13;10;17;10;20;11;22;12;24;13;24;14;23;14;21;14;19;14;16;13;14;11;11;8;8;4;7;0;6;-4;6;-9;7;-12;9;-15;11;-16;13;-17;14;-16;15;-16;4;-4;0;0;0;0;0;0;0;0;0;0;0;0;0;0;0;0;0;0;-5;-1;-19;-1;-22;-3;-24;-6;-26;-8;-26;-11;-26;-13;-24;-15;-21;-15;-18;-14;-16;-12;-13;-8;-11;-4;-10;1;-11;5;-11;10;-12;14;-14;18;-16;21;-18;24;-19;25;-20;26;-21;26;-21;26;-20;24;-19;22;-17;20;-121;0;-21;-9;-20;-9;-19;-9;-19;-8;-19;-8;-20;-7;-21;-6;-21;-5;-20;-3;-19;-3;-19;-3;-19;-3;-19;-3;-20;-3;-20;-3;-20;-2;-20;-2;-19;-2;-18;-2;-18;-2;-18;-3;-18;-3;-17;-3;-17;-2;-16;-3;-15;-3;-14;-4;-14;-5;-5;-2;-2;-1;0;0;0;0;0;0;-2;-2;-5;-6;-13;-15;-13;-16;-13;-17;-13;-18;-13;-18;-12;-18;-12;-18;-11;-18;-10;-19;-10;-20;-10;-21;-11;-20;-11;-20;-11;-19;-10;-18;-10;-17;-10;-17;-10;-17;-12;-18;-13;-17;-14;-16;-15;-15;-15;-14;-15;-13;-15;-14;-17;-14;-18;-14;-19;-14;-121;0;3;46;3;46;4;44;5;43;6;41;7;39;9;37;10;35;11;34;12;33;13;32;13;31;14;30;14;29;15;28;16;27;17;27;17;26;17;26;16;25;16;24;15;24;15;23;15;23;15;23;14;23;13;24;12;24;4;9;1;2;-1;-1;0;-2;0;-1;-1;3;-2;9;-5;27;-6;27;-7;28;-7;29;-8;30;-8;31;-9;32;-10;33;-11;34;-11;35;-12;35;-12;35;-12;36;-13;36;-13;37;-12;38;-12;38;-11;38;-10;39;-9;40;-8;41;-7;43;-6;44;-5;45;-4;46;-3;46;-2;47;-1;47,transition,EXP_S144,ZONE_02,entree_zone,4.1,entree_zone,entree dans la zone
733852503,-50,6,a0:9f:7a:73:2b:3e,384,-110;-96;8;0;-13;8;-14;13;-15;16;-16;19;-17;21;-18;22;-18;21;-18;20;-17;19;-15;18;-13;16;-11;14;-8;12;-5;10;-1;9;3;9;7;9;10;10;12;11;13;12;14;13;14;14;14;14;13;15;12;15;2;3;0;0;0;0;0;0;0;0;0;0;0;0;0;0;0;0;0;0;1;-5;6;-20;9;-21;12;-22;14;-21;16;-19;16;-16;16;-14;14;-11;10;-9;6;-7;2;-7;-3;-7;-8;-8;-12;-11;-16;-13;-18;-16;-20;-19;-21;-21;-21;-22;-21;-23;-20;-23;-18;-22;-17;-20;-15;-17;-14;-13;-13;-9;127;0;21;1;20;1;20;1;19;0;19;0;19;-2;18;-2;17;-3;16;-4;16;-4;15;-4;15;-5;15;-5;15;-6;15;-6;14;-6;13;-6;13;-5;13;-5;12;-5;12;-5;12;-5;11;-5;11;-5;10;-4;10;-3;10;-3;10;-2;3;-1;1;0;-1;0;-2;-1;-1;-1;2;0;6;1;19;3;19;4;19;5;19;6;18;6;18;7;18;7;18;8;19;9;19;9;19;9;19;9;19;9;19;9;18;9;18;9;18;9;19;9;19;8;19;8;20;7;20;6;20;6;21;6;21;5;22;4;22;3;22;3;127;0;-43;-11;-43;-10;-42;-9;-41;-7;-40;-6;-39;-4;-38;-3;-38;-1;-37;0;-36;1;-36;2;-35;3;-35;4;-34;5;-34;5;-34;6;-33;6;-33;5;-32;5;-31;5;-31;4;-30;5;-29;4;-29;4;-28;4;-28;3;-28;2;-28;1;-10;0;-3;-1;0;-1;1;0;0;0;-3;-1;-8;-4;-23;-12;-23;-12;-23;-13;-23;-14;-23;-15;-24;-16;-24;-17;-25;-18;-26;-19;-26;-19;-27;-20;-27;-20;-27;-21;-28;-21;-28;-21;-29;-21;-29;-20;-30;-20;-31;-19;-32;-18;-34;-17;-35;-17;-37;-17;-38;-16;-39;-15;-40;-15;-41;-14;-42;-14,transition,EXP_S144,ZONE_02,entree_zone,4.1,entree_zone,entree dans la zone
734052308,-49,6,a0:9f:7a:73:2b:3e,384,-110;-96;8;0;13;-11;14;-15;16;-18;17;-20;18;-22;18;-22;19;-21;18;-20;17;-18;15;-17;12;-15;10;-14;7;-12;3;-12;0;-11;-4;-11;-7;-13;-9;-14;-11;-15;-12;-17;-12;-17;-11;-18;-10;-18;-9;-18;-8;-18;-2;-5;0;0;0;0;0;0;0;0;0;0;0;0;0;0;0;0;0;0;-1;5;-1;21;-3;22;-6;23;-9;23;-11;22;-12;20;-12;17;-10;14;-8;11;-4;9;0;7;5;7;9;7;14;9;17;11;20;13;21;15;22;17;23;19;22;20;21;20;19;19;17;16;15;13;14;9;13;5;-120;0;-20;3;-20;3;-19;3;-19;3;-19;4;-18;5;-17;6;-15;6;-14;6;-14;6;-13;6;-13;6;-13;7;-13;8;-12;8;-11;8;-11;7;-11;7;-11;6;-11;6;-11;6;-10;7;-10;7;-9;6;-8;5;-8;4;-9;4;-9;3;-4;1;-2;0;0;-1;1;-1;0;0;-2;0;-7;0;-19;0;-19;0;-19;-1;-20;-1;-20;-1;-19;-2;-19;-3;-20;-3;-20;-4;-21;-4;-22;-5;-22;-4;-21;-4;-20;-5;-20;-5;-20;-5;-20;-5;-21;-4;-21;-4;-21;-2;-21;-2;-21;-1;-21;-1;-21;-2;-22;-1;-23;0;-23;1;-23;2;-120;0;43;-9;43;-9;42;-10;40;-11;39;-12;37;-14;36;-15;34;-16;33;-17;32;-17;30;-18;29;-18;28;-19;27;-20;27;-20;27;-21;27;-21;27;-20;26;-20;25;-19;24;-19;24;-19;23;-18;23;-18;22;-17;23;-16;23;-15;23;-14;8;-5;2;-2;-1;0;-2;-1;-1;-1;2;0;9;1;25;3;26;4;26;4;26;5;27;6;28;6;29;7;30;8;31;8;31;9;32;9;33;9;33;9;34;9;34;9;34;8;35;8;35;7;35;5;37;4;38;3;39;2;41;1;41;0;42;-2;43;-3;43;-5;44;-6,transition,EXP_S144,ZONE_02,entree_zone,4.1,entree_zone,entree dans la zone
734252372,-50,6,a0:9f:7a:73:2b:3e,384,-110;-96;8;0;-9;-17;-12;-19;-14;-21;-15;-22;-16;-23;-16;-23;-15;-23;-14;-22;-13;-21;-12;-19;-11;-17;-10;-14;-10;-11;-10;-8;-11;-5;-12;-2;-14;0;-16;2;-17;3;-19;3;-20;2;-20;1;-20;0;-19;-1;-18;-2;-5;-1;0;0;0;0;0;0;0;0;0;0;0;0;0;0;0;0;0;0;5;-2;22;-5;23;-3;25;0;25;3;24;5;22;7;19;7;16;6;12;4;10;1;8;-3;8;-7;8;-12;10;-16;12;-19;14;-21;16;-23;18;-23;20;-23;20;-22;20;-21;19;-19;16;-17;13;-16;10;-15;6;-15;-116;0;-2;17;-2;16;-2;16;-1;16;-1;16;0;15;1;14;2;13;2;12;2;12;2;12;2;12;3;12;3;11;4;11;4;11;4;10;3;10;3;10;2;10;2;10;3;10;3;9;3;8;2;8;2;8;1;8;1;8;0;3;0;1;-1;-1;0;-2;0;-1;-1;1;-1;6;-2;17;-3;17;-3;18;-4;18;-4;18;-5;18;-6;18;-7;18;-8;18;-8;18;-8;19;-8;18;-8;18;-8;17;-8;16;-8;16;-9;17;-8;17;-8;17;-7;17;-6;17;-6;17;-6;17;-6;17;-5;18;-5;18;-4;19;-3;19;-116;0;1;-47;1;-46;0;-45;-2;-44;-3;-42;-5;-41;-6;-39;-7;-38;-8;-37;-9;-36;-10;-34;-11;-34;-11;-33;-12;-33;-13;-32;-13;-32;-13;-32;-13;-31;-12;-31;-12;-30;-11;-29;-11;-28;-11;-27;-11;-27;-10;-26;-9;-26;-8;-26;-7;-26;-3;-10;-1;-3;0;0;-1;1;-1;0;0;-4;1;-10;5;-28;6;-28;7;-28;8;-28;9;-29;10;-30;11;-31;12;-32;13;-32;13;-33;13;-33;14;-34;14;-34;14;-35;14;-35;14;-35;14;-35;13;-36;12;-37;11;-38;10;-40;9;-41;8;-42;7;-43;6;-44;5;-45;4;-46;3;-47,transition,EXP_S144,ZONE_02,entree_zone,4.1,entree_zone,entree dans la zone
734453351,-50,6,a0:9f:7a:73:2b:3e,384,-110;-96;8;0;-2;20;-1;23;-1;25;-1;27;-1;27;-2;27;-2;26;-2;24;-2;22;-2;20;-1;17;1;14;3;12;5;10;8;9;10;8;13;8;14;8;15;8;16;9;16;10;16;10;15;10;13;11;12;11;3;2;0;0;0;0;0;0;0;0;0;0;0;0;0;0;0;0;0;0;-6;-2;-21;-9;-21;-11;-20;-14;-19;-16;-17;-17;-14;-17;-12;-15;-10;-13;-9;-9;-9;-5;-10;-1;-12;2;-14;5;-18;8;-21;9;-24;9;-26;9;-28;8;-29;7;-29;6;-27;5;-25;4;-22;4;-18;5;-15;7;-12;9;-113;0;10;-12;11;-12;12;-12;12;-12;11;-13;10;-14;8;-14;6;-13;6;-11;6;-10;7;-10;7;-11;6;-12;5;-13;4;-12;3;-11;3;-9;4;-9;5;-9;6;-9;5;-10;4;-10;3;-10;3;-8;3;-7;3;-6;4;-6;5;-6;1;-2;0;-1;-1;0;-1;0;-1;0;1;-2;4;-5;12;-12;12;-12;12;-12;12;-12;12;-12;12;-11;13;-9;14;-9;16;-9;17;-10;17;-11;16;-11;15;-11;15;-10;15;-8;16;-8;17;-8;17;-9;16;-11;14;-11;13;-11;13;-11;13;-10;15;-9;16;-10;16;-12;15;-14;14;-15;-113;0;-24;38;-24;38;-23;37;-21;36;-19;36;-17;35;-15;35;-14;35;-13;35;-12;35;-11;34;-10;33;-8;33;-7;33;-7;33;-6;33;-6;33;-7;32;-7;31;-7;30;-6;29;-6;28;-6;27;-6;27;-6;26;-7;26;-8;25;-9;25;-4;9;-2;2;0;-1;1;-2;0;-1;-2;2;-7;7;-18;19;-19;19;-20;19;-21;19;-22;20;-24;20;-25;20;-27;20;-27;20;-28;20;-28;20;-28;21;-29;21;-29;21;-30;21;-29;21;-29;22;-28;22;-28;24;-28;26;-28;28;-29;30;-29;31;-29;32;-28;33;-27;34;-26;35;-26;36,transition,EXP_S144,ZONE_02,entree_zone,4.1,entree_zone,entree dans la zone
734652249,-50,6,a0:9f:7a:73:2b:3e,384,-110;-96;8;0;18;11;21;11;23;12;24;13;24;13;24;14;22;14;21;13;19;12;17;10;15;7;14;5;13;2;13;0;13;-3;14;-5;15;-7;16;-8;17;-8;18;-8;18;-8;18;-6;18;-6;17;-5;16;-4;4;-1;0;0;0;0;0;0;0;0;0;0;0;0;0;0;0;0;0;0;-3;4;-12;19;-14;18;-17;17;-18;15;-19;13;-19;11;-17;9;-14;8;-10;7;-7;8;-4;10;-1;13;1;16;2;20;2;23;1;26;0;28;-1;29;-2;29;-3;29;-4;27;-4;25;-3;22;0;19;3;16;6;14;-102;0;-7;-15;-6;-15;-6;-15;-6;-15;-7;-15;-8;-14;-8;-12;-8;-11;-7;-10;-7;-9;-7;-10;-7;-10;-8;-10;-9;-9;-9;-8;-8;-7;-7;-7;-6;-7;-6;-8;-6;-8;-6;-8;-7;-7;-6;-6;-6;-6;-5;-5;-4;-6;-3;-6;-3;-6;-1;-3;-1;-1;0;0;0;0;0;0;-1;-2;-3;-6;-7;-15;-7;-16;-7;-16;-6;-16;-6;-16;-5;-16;-4;-16;-3;-17;-3;-18;-3;-19;-4;-19;-4;-19;-4;-18;-3;-17;-2;-17;-2;-18;-2;-18;-3;-19;-4;-19;-5;-18;-5;-17;-5;-16;-4;-17;-4;-17;-4;-18;-6;-19;-7;-19;-8;-18;-102;0;32;35;31;34;31;32;31;30;32;28;32;26;32;24;32;23;32;21;31;20;31;19;31;18;31;17;32;16;32;15;32;14;32;14;31;14;30;14;29;13;28;13;27;12;27;12;26;12;26;13;25;13;24;14;23;15;8;5;2;1;-1;-1;-1;-2;-1;-1;1;2;4;8;13;25;13;25;12;26;12;27;12;28;11;29;11;30;11;31;11;32;12;33;12;34;11;34;11;35;11;36;11;36;12;36;13;35;14;35;16;35;18;35;20;36;21;36;23;37;24;37;25;37;26;37;28;37;29;37,transition,EXP_S144,ZONE_02,entree_zone,4.1,entree_zone,entree dans la zone
735052227,-49,6,a0:9f:7a:73:2b:3e,384,-110;-96;8;0;-6;21;-5;23;-5;25;-5;27;-5;27;-6;27;-6;26;-6;25;-6;22;-5;20;-4;18;-2;16;0;15;2;13;5;13;7;13;9;13;10;14;11;14;11;15;11;16;10;16;9;16;8;16;7;15;1;3;0;0;0;0;0;0;0;0;0;0;0;0;0;0;0;0;0;0;-6;0;-23;0;-24;-2;-25;-5;-24;-8;-23;-10;-20;-11;-18;-10;-15;-9;-13;-6;-12;-3;-12;1;-13;4;-15;8;-18;10;-20;12;-23;13;-26;13;-28;12;-29;11;-29;10;-28;9;-26;8;-23;7;-20;8;-16;9;-13;10;-110;0;10;-11;10;-11;10;-11;10;-11;10;-11;8;-11;7;-11;6;-10;5;-10;5;-9;5;-9;5;-10;5;-10;4;-10;3;-10;3;-9;2;-8;3;-8;3;-7;4;-7;3;-8;3;-8;2;-7;2;-7;2;-6;3;-5;3;-5;4;-5;1;-2;0;-1;-1;0;-1;0;-1;0;0;-2;3;-5;9;-13;9;-13;10;-13;10;-13;10;-12;10;-12;11;-11;12;-10;13;-10;14;-11;14;-12;14;-12;13;-11;12;-11;13;-10;14;-9;14;-9;15;-10;14;-11;13;-11;13;-11;12;-11;13;-10;13;-10;14;-11;14;-12;13;-13;13;-14;-110;0;-27;41;-26;41;-24;40;-23;39;-21;38;-19;38;-18;38;-16;38;-15;37;-13;37;-12;36;-11;35;-10;35;-10;35;-9;35;-9;35;-9;34;-10;34;-10;33;-10;32;-9;30;-9;29;-9;29;-9;28;-9;28;-10;27;-11;26;-12;26;-5;9;-2;2;0;-1;1;-2;0;-1;-2;2;-7;8;-18;23;-19;23;-20;23;-21;23;-22;23;-24;23;-25;24;-26;24;-28;24;-28;24;-29;24;-29;24;-30;25;-31;25;-31;25;-31;25;-31;25;-30;26;-29;28;-29;29;-29;31;-30;32;-30;33;-30;35;-29;36;-29;37;-28;39;-27;40,stable,EXP_S144,ZONE_02,entree_zone,4.1,entree_zone,entree dans la zone
735255567,-54,6,a0:9f:7a:73:2b:3e,384,-110;-96;8;0;0;-10;-5;-11;-11;-13;-15;-15;-19;-17;-21;-19;-23;-20;-23;-21;-23;-21;-22;-20;-20;-19;-18;-17;-16;-15;-14;-12;-12;-8;-10;-3;-9;2;-9;6;-10;10;-11;13;-12;15;-13;17;-15;17;-16;17;-17;17;-5;4;0;0;0;0;0;0;0;0;0;0;0;0;0;0;0;0;0;0;3;3;12;13;12;16;11;19;10;22;8;24;6;24;3;24;1;21;0;18;0;14;1;10;3;5;5;1;9;-3;12;-7;16;-10;20;-12;23;-13;26;-14;29;-15;30;-14;30;-14;28;-13;26;-12;23;-11;20;-10;-126;0;8;24;8;24;8;23;8;22;9;22;10;21;10;20;10;19;10;18;10;17;11;17;11;17;11;16;11;16;10;16;10;16;10;15;10;15;9;15;9;14;8;14;8;13;8;13;8;12;7;12;6;12;6;12;5;12;1;4;0;1;-1;-1;-1;-2;-1;-1;0;2;2;7;5;20;4;20;3;21;2;21;1;22;1;22;0;23;-1;23;-1;23;-2;23;-2;23;-2;23;-2;23;-2;23;-2;23;-1;23;-1;23;-1;22;0;23;0;23;1;23;2;23;2;24;3;24;4;24;5;25;6;25;6;25;-126;0;18;-41;17;-41;17;-41;15;-40;14;-40;12;-39;11;-38;10;-38;8;-37;7;-37;6;-36;5;-36;4;-37;4;-37;4;-37;4;-37;4;-37;4;-36;5;-36;5;-35;5;-34;5;-33;5;-32;6;-32;7;-31;8;-30;9;-30;10;-29;3;-11;1;-4;-1;0;-1;1;-1;0;0;-3;3;-8;9;-21;10;-22;11;-22;12;-22;13;-22;14;-22;15;-23;16;-24;17;-24;18;-25;19;-25;20;-26;21;-26;21;-26;22;-27;22;-27;22;-27;21;-28;22;-29;22;-30;22;-32;21;-33;21;-34;21;-36;20;-37;20;-39;20;-40;20;-41,stable,EXP_S144,ZONE_02,entree_zone,4.1,entree_zone,entree dans la zone
735452299,-52,6,a0:9f:7a:73:2b:3e,384,-110;-96;8;0;4;-27;3;-25;1;-24;-1;-22;-4;-21;-7;-20;-10;-21;-12;-23;-13;-24;-13;-26;-12;-28;-11;-28;-8;-28;-6;-27;-4;-25;-3;-22;-3;-18;-4;-15;-6;-13;-9;-12;-12;-11;-14;-12;-16;-14;-16;-17;-16;-19;-4;-5;0;0;0;0;0;0;0;0;0;0;0;0;0;0;0;0;0;0;1;-5;7;-20;10;-19;13;-18;15;-16;16;-13;16;-10;14;-8;12;-8;9;-8;7;-10;5;-12;4;-15;5;-18;6;-21;7;-23;8;-24;9;-24;10;-24;10;-24;10;-23;8;-24;7;-25;6;-26;5;-27;5;-28;5;-29;-108;0;5;-7;4;-7;4;-6;4;-5;6;-5;8;-4;10;-5;11;-7;11;-8;11;-9;11;-8;11;-7;12;-5;14;-5;15;-5;16;-5;15;-6;14;-5;13;-4;13;-2;13;-1;14;1;15;1;15;0;15;0;14;1;12;2;11;3;3;1;1;0;-1;0;-1;-1;-1;-1;1;1;3;5;10;14;9;14;8;15;7;15;6;15;4;14;2;15;1;15;0;16;0;16;0;16;-1;15;-1;13;-2;11;-3;10;-5;10;-5;9;-5;9;-4;8;-2;6;-2;4;-2;2;-3;0;-3;0;-2;0;-1;0;1;0;3;-1;-108;0;-8;-54;-8;-53;-8;-53;-7;-52;-7;-51;-7;-50;-7;-48;-7;-47;-8;-46;-8;-45;-9;-44;-9;-43;-8;-43;-8;-43;-7;-43;-7;-43;-6;-43;-5;-43;-3;-43;-2;-42;0;-41;1;-40;2;-39;3;-38;4;-37;6;-37;9;-36;11;-36;4;-13;1;-4;-1;1;0;1;0;0;-2;-2;-5;-7;-14;-19;-14;-20;-14;-21;-13;-22;-13;-24;-13;-26;-12;-28;-11;-30;-11;-31;-10;-33;-10;-34;-9;-35;-9;-37;-8;-38;-7;-39;-6;-39;-6;-40;-6;-40;-7;-41;-7;-43;-8;-44;-8;-46;-8;-47;-9;-49;-9;-50;-9;-52;-9;-53;-9;-54,stable,EXP_S144,ZONE_02,entree_zone,4.1,entree_zone,entree dans la zone
735652546,-53,6,a0:9f:7a:73:2b:3e,384,-110;-96;8;0;29;6;30;6;29;5;28;4;26;2;25;0;24;-3;23;-5;23;-7;23;-9;23;-10;22;-11;21;-11;21;-11;19;-11;17;-12;15;-12;13;-14;12;-16;11;-17;10;-18;10;-20;10;-21;11;-22;12;-22;3;-6;0;0;0;0;0;0;0;0;0;0;0;0;0;0;0;0;0;0;-1;6;-5;25;-8;24;-13;22;-15;19;-16;15;-15;10;-12;7;-7;4;-1;3;5;5;10;8;14;12;16;17;16;22;15;26;13;29;10;31;8;30;6;28;6;25;6;21;8;17;10;14;14;10;19;8;22;7;-116;0;5;-9;5;-8;4;-7;3;-6;2;-4;1;-3;0;-2;0;-1;-1;0;-1;1;-2;1;-3;1;-4;2;-5;2;-5;3;-6;3;-6;3;-7;3;-7;3;-7;3;-7;3;-7;3;-8;3;-8;3;-8;3;-8;2;-8;2;-8;2;-3;0;-1;0;0;-1;0;1;0;0;-2;-3;-5;-9;-12;-23;-10;-24;-9;-25;-7;-26;-5;-27;-4;-27;-3;-28;-1;-28;0;-29;2;-29;3;-28;4;-28;5;-27;6;-26;7;-26;8;-25;8;-24;9;-23;9;-22;9;-21;9;-20;9;-19;9;-18;9;-17;8;-16;8;-15;8;-14;7;-13;-116;0;36;39;36;38;36;37;36;36;36;34;36;32;36;31;36;29;36;28;36;27;36;26;36;25;36;24;37;24;37;23;37;23;37;24;36;24;36;25;35;25;34;25;33;25;32;25;31;26;29;27;27;28;26;30;24;31;8;11;2;3;-1;-1;-2;-1;-1;-1;1;1;6;5;16;14;16;15;16;17;16;18;16;19;17;20;18;22;18;23;19;25;19;26;19;27;19;29;19;30;19;31;20;32;20;33;21;33;22;33;23;34;24;34;26;35;27;36;29;37;30;37;32;38;33;39;35;39;36;40,stable,EXP_S144,ZONE_02,entree_zone,4.1,entree_zone,entree dans la zone
735855701,-52,6,a0:9f:7a:73:2b:3e,384,-110;-96;8;0;22;-19;21;-19;19;-18;17;-19;15;-19;13;-21;12;-22;11;-24;11;-25;11;-26;12;-26;13;-25;14;-23;14;-21;13;-19;11;-18;9;-16;6;-16;4;-17;2;-18;1;-19;0;-21;1;-23;3;-24;4;-24;1;-7;0;0;0;0;0;0;0;0;0;0;0;0;0;0;0;0;0;0;5;-2;20;-5;21;-2;21;1;20;4;17;6;14;6;12;5;9;3;9;-1;9;-5;11;-9;14;-11;18;-13;22;-13;25;-11;26;-10;27;-8;27;-7;26;-6;25;-6;24;-7;22;-9;21;-11;21;-14;21;-16;22;-18;-100;0;-1;-1;-1;-1;0;0;1;1;2;1;3;2;3;3;3;3;4;4;4;5;4;6;4;6;4;7;4;8;4;8;4;9;4;10;4;10;3;10;3;10;3;10;3;11;2;11;2;11;1;11;0;10;-1;10;-1;10;-1;3;-1;1;-1;-1;0;-1;0;-1;-2;1;-6;3;-17;8;-17;6;-18;5;-19;4;-19;2;-19;1;-19;0;-19;-1;-19;-2;-18;-2;-18;-3;-17;-4;-17;-5;-16;-6;-16;-6;-15;-7;-14;-7;-13;-7;-12;-7;-11;-7;-10;-7;-9;-6;-8;-6;-8;-5;-7;-5;-6;-4;-5;-4;-4;-3;-100;0;49;-27;48;-27;48;-27;47;-26;45;-26;44;-26;43;-26;42;-26;40;-26;39;-26;37;-26;37;-26;36;-26;36;-26;36;-26;36;-25;36;-24;36;-23;37;-23;36;-22;36;-20;36;-19;35;-18;35;-17;35;-15;36;-13;36;-11;37;-9;13;-3;4;-1;-2;0;-1;0;-1;0;1;-2;5;-6;14;-16;15;-16;16;-16;18;-16;20;-17;21;-17;23;-18;25;-18;26;-19;28;-19;30;-19;31;-18;32;-18;34;-18;35;-18;36;-18;37;-18;38;-18;38;-19;40;-20;41;-21;42;-22;43;-23;45;-24;46;-25;47;-26;49;-27;50;-28,stable,EXP_S144,ZONE_02,entree_zone,4.1,entree_zone,entree dans la zone
736052344,-52,6,a0:9f:7a:73:2b:3e,384,-110;-96;8;0;29;-1;30;-2;30;-2;29;-2;27;-3;26;-4;24;-6;22;-7;20;-9;19;-11;18;-12;16;-13;15;-13;14;-14;12;-15;10;-15;9;-16;7;-17;6;-18;5;-19;4;-20;4;-21;4;-21;4;-21;5;-21;1;-6;0;0;0;0;0;0;0;0;0;0;0;0;0;0;0;0;0;0;-1;5;-3;23;-6;23;-10;22;-13;19;-15;15;-14;11;-11;7;-6;4;-1;3;5;3;11;5;15;9;18;14;20;19;19;23;18;26;15;28;13;29;11;27;9;25;9;21;9;17;11;13;14;8;17;5;21;2;-122;0;-2;-13;-2;-13;-3;-12;-3;-11;-4;-10;-4;-8;-4;-5;-3;-4;-2;-3;-2;-3;-3;-2;-4;-2;-5;-1;-6;1;-5;2;-5;3;-4;3;-4;2;-4;2;-5;2;-6;2;-7;3;-6;3;-6;3;-5;3;-5;2;-5;1;-6;1;-2;0;-1;0;0;-1;1;0;0;0;-3;-1;-9;-4;-24;-10;-24;-11;-24;-12;-23;-14;-22;-15;-21;-17;-20;-18;-20;-20;-19;-22;-19;-22;-18;-23;-17;-23;-15;-23;-14;-23;-12;-24;-11;-24;-11;-25;-11;-24;-10;-23;-10;-22;-9;-21;-7;-20;-6;-21;-6;-21;-6;-21;-6;-20;-6;-18;-6;-17;-122;0;52;9;51;8;50;7;49;6;47;5;46;4;45;3;44;2;43;2;42;1;41;1;40;0;40;-1;40;-2;40;-2;40;-2;39;-2;39;-1;39;-1;38;0;37;0;36;1;36;2;35;2;35;4;34;6;34;8;33;9;12;3;3;1;-2;-1;-2;0;-1;-1;1;-1;6;-1;18;-1;19;-1;20;-1;22;0;23;0;25;1;26;2;27;3;28;4;29;4;31;5;33;6;34;7;35;8;35;9;35;9;36;9;37;9;39;8;40;8;42;8;44;9;46;9;47;9;48;9;49;8;51;8;52;8,stable,EXP_S144,ZONE_02,entree_zone,4.1,entree_zone,entree dans la zone
736256551,-53,6,a0:9f:7a:73:2b:3e,384,-110;-96;8;0;-32;-11;-33;-12;-32;-12;-30;-11;-28;-9;-27;-6;-24;-3;-23;0;-21;3;-20;6;-19;8;-18;11;-17;13;-16;15;-14;16;-13;17;-12;18;-10;18;-8;19;-6;19;-5;20;-4;20;-3;20;-3;21;-2;21;-1;5;0;0;0;0;0;0;0;0;0;0;0;0;0;0;0;0;0;0;5;-3;22;-10;24;-7;24;-3;23;2;20;5;16;6;10;6;5;3;-1;-1;-5;-7;-6;-13;-6;-20;-5;-26;-2;-30;1;-33;4;-35;7;-35;9;-33;10;-30;9;-26;6;-22;2;-18;-3;-15;-8;-12;-15;-10;-19;-10;-124;0;-6;7;-6;7;-6;6;-5;6;-4;5;-3;4;-3;3;-3;2;-3;1;-3;1;-2;1;-2;1;-1;1;0;1;0;0;0;0;0;-1;0;0;0;0;0;0;1;0;1;0;2;-1;1;-1;1;-1;1;-1;1;-1;1;0;0;0;0;0;-1;0;-1;-1;-1;-1;0;1;1;4;4;12;3;13;3;13;2;14;1;14;0;14;-1;15;-2;15;-3;15;-3;16;-4;16;-4;15;-4;15;-5;14;-6;14;-6;14;-7;14;-7;13;-6;13;-6;12;-7;11;-7;11;-7;11;-8;11;-7;11;-7;10;-6;10;-6;10;-124;0;-19;-20;-19;-19;-19;-18;-19;-17;-19;-16;-19;-16;-19;-15;-19;-14;-19;-13;-19;-12;-19;-12;-19;-11;-19;-10;-20;-10;-20;-10;-20;-10;-20;-10;-20;-10;-19;-10;-19;-10;-18;-10;-18;-10;-17;-10;-17;-10;-17;-10;-17;-11;-16;-11;-16;-12;-6;-5;-2;-2;0;0;0;0;0;0;-1;-1;-3;-3;-7;-7;-7;-7;-7;-8;-7;-8;-8;-9;-8;-10;-8;-11;-8;-11;-9;-12;-9;-12;-9;-13;-10;-14;-10;-14;-10;-15;-10;-16;-10;-16;-11;-16;-11;-16;-12;-17;-13;-17;-14;-18;-15;-19;-15;-19;-16;-19;-16;-19;-17;-19;-18;-20;-19;-20,stable,EXP_S144,ZONE_02,entree_zone,4.1,entree_zone,entree dans la zone
736453330,-51,6,a0:9f:7a:73:2b:3e,384,-110;-96;8;0;-14;31;-15;31;-15;30;-15;27;-13;25;-11;24;-9;22;-6;21;-4;20;-1;20;0;20;2;20;3;21;4;21;5;22;5;22;5;22;5;21;6;20;6;19;6;19;6;18;6;18;6;17;6;17;1;4;0;0;0;0;0;0;0;0;0;0;0;0;0;0;0;0;0;0;-6;0;-24;1;-23;-2;-22;-5;-20;-7;-17;-8;-13;-7;-11;-5;-9;-1;-8;4;-9;9;-12;13;-16;15;-21;17;-25;17;-28;16;-30;13;-31;11;-30;8;-28;7;-25;6;-22;7;-18;9;-15;12;-12;16;-11;20;-10;23;-104;0;10;9;11;9;11;8;11;7;10;5;8;4;5;3;3;4;2;5;3;5;3;5;4;3;4;2;2;0;0;0;-1;1;-1;2;0;3;1;2;1;1;1;0;0;-1;-1;-2;-2;-1;-2;0;-2;1;-1;1;0;1;0;0;0;0;0;-1;-1;0;-1;0;1;-2;5;-5;14;-14;14;-14;15;-13;16;-12;16;-10;17;-9;19;-7;20;-6;22;-6;22;-6;22;-5;21;-4;20;-3;20;-1;21;1;21;2;22;2;21;2;20;2;18;2;17;4;16;6;17;7;18;8;19;7;18;6;17;4;15;4;-104;0;-27;49;-26;48;-25;47;-24;47;-22;46;-21;45;-20;44;-19;43;-18;42;-17;41;-16;40;-15;40;-15;40;-15;41;-15;40;-15;40;-16;39;-16;38;-17;37;-17;37;-17;36;-18;34;-18;33;-19;32;-20;31;-21;29;-23;28;-24;27;-9;9;-3;2;0;-2;0;-2;0;-1;-1;2;-1;7;-4;22;-4;23;-5;24;-6;25;-8;27;-9;28;-11;29;-12;29;-12;30;-13;31;-14;32;-16;34;-18;35;-20;35;-21;35;-21;35;-21;36;-21;36;-21;38;-22;40;-23;42;-24;43;-24;44;-24;45;-24;46;-25;48;-25;50;-25;51,stable,EXP_S144,ZONE_02,entree_zone,4.1,entree_zone,entree dans la zone
736656070,-53,6,a0:9f:7a:73:2b:3e,384,-110;-96;8;0;29;21;29;22;28;22;27;20;25;16;24;13;24;9;23;5;23;2;23;-1;23;-4;23;-6;23;-8;23;-10;22;-12;21;-13;20;-14;19;-16;18;-17;17;-19;16;-20;16;-20;15;-21;15;-21;15;-21;3;-6;0;0;0;0;0;0;0;0;0;0;0;0;0;0;0;0;0;0;-7;2;-27;10;-28;6;-28;0;-26;-4;-22;-7;-16;-8;-10;-7;-4;-3;1;3;4;10;4;17;3;24;0;30;-5;34;-9;36;-13;36;-16;34;-17;31;-16;27;-14;23;-10;20;-4;17;2;15;8;14;15;15;20;16;-116;0;7;-6;7;-6;7;-6;6;-6;4;-5;3;-4;2;-3;2;-2;2;-1;2;-1;2;-2;1;-2;0;-2;-1;-1;-2;-1;-2;0;-1;0;-1;0;-1;-1;-1;-2;-2;-2;-3;-2;-3;-1;-3;0;-2;0;-1;-1;-1;-1;-1;-2;-1;-1;-1;-1;0;-1;0;0;0;0;-1;-2;-3;-5;-8;-14;-7;-15;-6;-15;-5;-16;-4;-16;-3;-17;-1;-17;0;-18;0;-19;1;-19;2;-19;2;-18;3;-17;4;-16;6;-16;6;-16;7;-16;7;-15;6;-15;6;-13;7;-12;7;-12;8;-11;9;-12;8;-12;8;-11;7;-11;6;-10;-116;0;20;20;20;20;20;19;20;18;20;17;20;17;20;16;20;16;19;15;19;14;19;14;19;13;19;13;20;13;20;13;20;13;20;13;20;14;19;14;19;14;18;15;17;15;17;15;16;16;15;16;14;17;13;18;12;19;4;7;1;2;-1;-1;-1;-1;-1;-1;0;0;3;1;8;5;9;5;9;5;10;6;10;7;11;8;11;9;11;9;11;10;12;10;12;11;13;12;13;13;13;14;13;15;13;15;13;15;14;15;15;16;16;16;16;17;17;18;17;18;18;18;18;19;19;19;20;19;21;20,stable,EXP_S144,ZONE_02,entree_zone,4.1,entree_zone,entree dans la zone
736852713,-53,6,a0:9f:7a:73:2b:3e,384,-110;-96;8;0;-15;-32;-15;-31;-15;-30;-15;-28;-16;-26;-17;-24;-19;-22;-20;-20;-22;-19;-23;-18;-24;-17;-24;-16;-24;-15;-23;-14;-22;-12;-22;-10;-22;-8;-23;-6;-24;-4;-25;-3;-26;-2;-27;-1;-28;-2;-29;-3;-29;-4;-8;-1;0;0;0;0;0;0;0;0;0;0;0;0;0;0;0;0;0;0;4;-5;20;-19;23;-16;25;-12;25;-7;23;-3;19;0;14;1;8;-1;4;-4;0;-9;-2;-15;-2;-22;1;-28;4;-32;9;-34;13;-34;15;-33;17;-31;17;-28;15;-25;12;-23;8;-22;3;-22;-2;-22;-7;-24;-10;-26;-105;0;-5;1;-5;1;-4;1;-4;1;-3;1;-1;1;-1;0;0;0;1;-1;1;-1;1;0;1;0;2;0;2;0;3;0;3;0;3;0;3;0;3;0;3;1;3;1;3;1;3;1;3;1;3;1;3;1;2;1;2;2;0;0;0;0;-1;-1;0;-1;0;-1;-1;1;-1;4;-2;13;-3;13;-4;13;-5;13;-6;12;-6;12;-7;12;-8;12;-9;12;-9;12;-10;11;-10;10;-10;9;-11;8;-11;8;-11;7;-11;7;-11;7;-10;6;-10;6;-9;5;-9;5;-9;4;-9;4;-9;4;-8;3;-7;3;-7;3;-105;0;-8;-30;-8;-30;-8;-29;-9;-29;-9;-28;-10;-27;-11;-26;-11;-25;-11;-25;-12;-24;-12;-23;-12;-23;-13;-22;-13;-22;-13;-22;-14;-23;-14;-23;-13;-23;-13;-23;-13;-23;-12;-23;-11;-23;-11;-23;-10;-23;-9;-23;-8;-23;-6;-24;-5;-24;-2;-9;-1;-3;0;0;0;0;0;0;-1;-2;-1;-5;-3;-12;-3;-13;-3;-13;-3;-14;-2;-15;-2;-16;-2;-16;-2;-17;-2;-18;-2;-19;-2;-20;-2;-20;-1;-21;-1;-22;-1;-22;-1;-22;-1;-23;-2;-23;-2;-24;-3;-25;-3;-26;-4;-26;-5;-27;-5;-28;-6;-29;-6;-29;-7;-30;-7;-31,stable,EXP_S144,ZONE_02,entree_zone,4.1,entree_zone,entree dans la zone
737052669,-54,6,a0:9f:7a:73:2b:3e,384,-110;-96;8;0;-12;25;-12;25;-11;24;-10;24;-8;23;-6;23;-4;22;-2;22;-1;22;0;22;1;21;2;20;3;20;4;19;5;18;6;17;8;16;10;15;11;15;13;15;14;15;14;16;14;17;13;17;13;17;3;4;0;0;0;0;0;0;0;0;0;0;0;0;0;0;0;0;0;0;-6;-2;-22;-6;-22;-10;-20;-13;-16;-15;-12;-16;-8;-14;-6;-10;-4;-6;-4;-1;-7;4;-10;8;-15;11;-19;12;-23;11;-27;9;-29;7;-29;5;-29;3;-27;2;-24;2;-21;3;-18;5;-16;8;-13;11;-12;15;-11;17;-117;0;7;2;7;1;7;1;6;-1;5;-2;3;-3;1;-3;-1;-2;-1;-1;-1;-1;-1;-2;-1;-4;-2;-5;-3;-6;-4;-6;-5;-5;-4;-5;-4;-4;-2;-5;-2;-6;-2;-7;-3;-7;-4;-7;-4;-6;-4;-6;-3;-5;-2;-5;-1;-5;-1;-2;0;-1;0;0;-1;1;-1;0;1;-2;5;-7;15;-17;15;-17;16;-16;17;-15;18;-14;19;-12;21;-11;22;-10;23;-9;23;-9;23;-9;22;-8;21;-6;21;-5;21;-3;22;-2;22;-2;21;-2;20;-2;18;-1;17;-1;16;0;16;1;16;1;16;1;15;0;14;-1;12;-2;-117;0;-17;46;-16;46;-15;45;-14;44;-13;44;-11;43;-10;42;-9;41;-7;41;-6;40;-4;40;-3;40;-3;40;-2;40;-2;40;-2;40;-2;40;-3;40;-4;40;-5;39;-5;39;-6;38;-6;38;-7;37;-8;37;-10;36;-12;35;-13;35;-5;12;-2;3;0;-2;0;-2;0;-1;-1;1;-2;6;-6;18;-7;18;-7;19;-8;20;-9;21;-11;22;-12;23;-13;23;-13;24;-14;25;-15;27;-16;28;-16;29;-17;29;-18;29;-18;30;-18;30;-18;31;-18;33;-18;35;-19;37;-19;38;-19;39;-19;40;-18;42;-17;43;-17;45;-17;46,stable,EXP_S144,ZONE_02,entree_zone,4.1,entree_zone,entree dans la zone
737254067,-54,6,a0:9f:7a:73:2b:3e,384,-110;-96;8;0;-29;8;-29;8;-28;8;-27;8;-25;9;-23;10;-21;11;-19;13;-18;14;-17;15;-16;16;-15;16;-14;16;-13;17;-12;17;-11;17;-9;17;-8;18;-7;19;-6;20;-6;20;-6;21;-6;21;-7;21;-7;21;-2;5;0;0;0;0;0;0;0;0;0;0;0;0;0;0;0;0;0;0;-4;-5;-12;-20;-9;-22;-5;-23;-2;-22;1;-19;3;-15;2;-10;0;-6;-4;-3;-9;-1;-15;-1;-20;-3;-24;-6;-27;-9;-27;-13;-27;-16;-25;-19;-23;-19;-20;-18;-18;-16;-17;-13;-17;-9;-17;-5;-19;-1;-21;3;-23;5;-107;0;-1;10;-1;10;-1;8;-1;7;-1;5;-1;4;-1;3;-1;2;-1;1;0;0;0;0;1;-1;1;-2;2;-2;2;-3;2;-3;2;-3;2;-3;3;-3;3;-3;3;-3;3;-3;4;-3;4;-3;4;-3;3;-2;3;-2;3;-1;1;-1;0;-1;-1;0;-2;-1;-1;-1;2;0;7;2;21;6;21;8;21;9;20;11;19;13;18;14;18;15;17;17;16;18;16;19;14;20;13;20;12;20;10;20;9;20;8;21;7;20;6;20;5;20;4;19;4;19;3;18;2;17;2;17;2;16;2;16;1;15;1;14;-107;0;-52;-5;-52;-5;-51;-5;-49;-4;-48;-3;-47;-2;-46;-1;-45;0;-44;0;-43;1;-43;1;-42;2;-42;2;-43;2;-43;2;-43;2;-43;1;-43;1;-43;0;-42;-1;-41;-2;-41;-3;-40;-4;-39;-5;-39;-7;-38;-10;-37;-12;-36;-14;-13;-6;-4;-2;1;0;1;-1;0;-1;-2;0;-7;1;-19;3;-20;2;-21;2;-22;1;-24;1;-25;0;-27;0;-28;-1;-30;-1;-31;-2;-32;-3;-33;-3;-34;-4;-35;-5;-36;-6;-37;-6;-37;-6;-38;-7;-39;-6;-41;-6;-42;-6;-44;-6;-46;-6;-47;-6;-49;-5;-50;-5;-51;-5;-52;-4,stable,EXP_S144,ZONE_02,entree_zone,4.1,entree_zone,entree dans la zone
737453982,-54,6,a0:9f:7a:73:2b:3e,384,-110;-96;8;0;3;-32;4;-31;4;-30;3;-29;2;-26;0;-25;-3;-23;-5;-22;-7;-22;-9;-21;-10;-21;-11;-20;-12;-20;-13;-19;-13;-19;-13;-18;-14;-16;-15;-15;-15;-14;-16;-14;-17;-13;-18;-13;-18;-13;-18;-13;-17;-14;-5;-4;0;0;0;0;0;0;0;0;0;0;0;0;0;0;0;0;0;0;5;-1;22;-2;22;1;21;5;18;8;14;9;10;8;7;5;4;1;3;-4;4;-10;6;-15;10;-18;15;-20;19;-20;23;-19;25;-18;26;-15;26;-12;24;-11;21;-10;17;-10;13;-12;9;-15;6;-18;4;-22;2;-25;-117;0;-11;-5;-11;-5;-11;-5;-10;-4;-8;-2;-5;-1;-3;-2;-2;-3;-1;-3;-1;-3;-2;-2;-1;-1;0;0;1;1;2;1;3;0;3;-1;2;-1;1;0;0;1;1;2;2;3;3;3;3;2;3;1;2;1;1;1;0;2;-1;0;-1;0;0;0;0;-2;0;-1;-1;2;-4;7;-11;20;-12;20;-13;19;-15;18;-16;17;-17;16;-19;15;-21;14;-22;14;-22;13;-22;12;-22;11;-22;9;-23;7;-23;5;-24;5;-24;4;-23;4;-22;4;-21;3;-19;1;-19;-1;-19;-1;-19;-2;-19;-1;-18;-1;-17;-1;-15;-1;-117;0;6;-53;5;-53;4;-51;4;-50;3;-49;2;-48;1;-47;0;-46;-1;-45;-2;-44;-2;-44;-3;-43;-3;-43;-4;-43;-4;-43;-3;-43;-3;-43;-2;-44;-1;-43;1;-43;2;-42;3;-41;3;-40;4;-40;6;-39;8;-38;10;-37;12;-37;4;-13;1;-4;-1;1;0;1;0;0;-1;-2;-1;-7;-3;-19;-3;-19;-3;-21;-3;-22;-2;-24;-1;-25;0;-27;0;-28;1;-29;1;-30;1;-32;2;-34;3;-35;5;-36;6;-36;6;-36;6;-37;6;-38;5;-40;5;-42;6;-44;6;-45;6;-46;6;-48;5;-49;5;-51;4;-52;4;-54,stable,EXP_S144,ZONE_02,entree_zone,4.1,entree_zone,entree dans la zone
737654373,-53,6,a0:9f:7a:73:2b:3e,384,-110;-96;8;0;-32;9;-32;8;-30;7;-28;7;-25;8;-23;9;-21;10;-19;12;-17;14;-16;15;-16;17;-15;18;-14;18;-14;18;-13;19;-12;18;-11;18;-9;18;-8;19;-7;19;-7;19;-6;20;-6;20;-7;20;-7;20;-2;5;0;0;0;0;0;0;0;0;0;0;0;0;0;0;0;0;0;0;-4;-5;-12;-20;-9;-21;-5;-22;-2;-20;1;-17;2;-13;1;-9;-2;-5;-6;-2;-11;0;-17;-1;-22;-3;-26;-7;-28;-11;-28;-14;-27;-17;-25;-19;-23;-19;-20;-18;-18;-15;-17;-12;-17;-7;-18;-3;-19;1;-22;5;-25;7;-114;0;-1;11;0;12;1;12;1;10;2;8;1;5;-1;3;-3;2;-4;2;-4;2;-2;2;-1;1;0;0;-1;-2;-2;-3;-3;-4;-4;-3;-3;-2;-2;-1;0;-2;1;-3;1;-4;0;-5;-1;-5;-2;-4;-2;-3;-1;-2;0;-1;0;-1;0;0;0;0;-2;0;-1;-1;2;-1;8;-1;23;-2;23;-1;22;1;22;2;21;4;21;6;21;8;22;10;22;12;22;13;21;13;20;13;18;14;16;15;15;17;15;18;15;18;14;17;14;16;12;15;9;15;8;16;7;17;7;17;8;17;8;15;7;13;6;12;-114;0;-49;21;-48;21;-47;22;-46;22;-44;23;-43;23;-42;23;-41;23;-39;23;-38;24;-36;24;-36;25;-35;25;-35;25;-36;25;-36;24;-37;24;-37;23;-37;22;-37;21;-37;20;-36;19;-36;18;-36;17;-36;15;-37;13;-37;11;-38;9;-14;2;-5;0;1;-1;0;-1;0;-1;-2;1;-5;4;-14;11;-15;12;-16;12;-18;13;-20;13;-22;13;-24;12;-25;12;-26;13;-27;13;-29;14;-31;15;-33;15;-34;14;-35;13;-35;13;-35;13;-36;14;-38;15;-39;16;-41;17;-43;17;-44;18;-44;19;-45;20;-46;22;-47;23;-48;25,stable,EXP_S144,ZONE_02,entree_zone,4.1,entree_zone,entree dans la zone
737852553,-53,6,a0:9f:7a:73:2b:3e,384,-110;-96;8;0;-33;-6;-32;-7;-31;-7;-29;-6;-27;-4;-25;-2;-23;1;-22;3;-22;5;-22;7;-22;8;-22;10;-21;10;-21;11;-20;11;-19;12;-19;12;-18;13;-16;13;-15;14;-15;15;-14;15;-14;16;-15;16;-15;16;-4;4;0;0;0;0;0;0;0;0;0;0;0;0;0;0;0;0;0;0;-1;-6;-3;-23;0;-23;4;-22;7;-19;8;-16;7;-11;5;-8;0;-5;-5;-4;-11;-5;-15;-8;-19;-12;-21;-16;-21;-21;-20;-25;-18;-27;-15;-28;-12;-28;-11;-26;-10;-22;-10;-18;-12;-14;-15;-10;-18;-7;-23;-5;-26;-4;-114;0;-4;4;-4;4;-4;4;-4;3;-3;2;-3;2;-3;1;-2;0;-2;0;-2;-1;-2;-1;-1;-1;-1;-1;-1;-1;-1;-2;0;-2;-1;-2;-1;-2;0;-1;0;-1;1;-1;1;-1;1;-2;1;-2;1;-2;1;-1;1;-1;0;-1;0;-1;0;-1;-1;0;-1;-1;-1;-1;0;0;2;2;8;7;7;8;6;8;6;9;5;10;4;10;4;11;3;11;3;12;2;12;1;12;1;12;0;12;-1;11;-1;11;-2;11;-2;11;-2;10;-3;10;-3;9;-3;9;-4;9;-4;8;-4;8;-4;8;-4;7;-4;7;-4;7;-114;0;-25;-12;-25;-12;-25;-11;-24;-10;-24;-10;-23;-9;-23;-9;-23;-8;-22;-8;-22;-7;-22;-6;-22;-6;-22;-6;-22;-5;-22;-5;-22;-6;-22;-6;-22;-7;-21;-7;-21;-8;-20;-8;-20;-8;-19;-8;-19;-9;-18;-9;-18;-10;-17;-11;-17;-12;-6;-5;-2;-2;0;0;0;0;0;0;-1;-1;-4;-1;-10;-2;-10;-2;-11;-3;-11;-3;-12;-4;-13;-4;-13;-5;-14;-5;-14;-6;-15;-7;-16;-7;-16;-8;-16;-8;-17;-9;-17;-9;-17;-9;-18;-10;-18;-10;-19;-10;-19;-10;-20;-10;-21;-11;-22;-11;-22;-11;-23;-11;-24;-11;-25;-11;-25;-12,stable,EXP_S144,ZONE_02,entree_zone,4.1,entree_zone,entree dans la zone
738053527,-53,6,a0:9f:7a:73:2b:3e,384,-110;-96;8;0;-19;-27;-18;-27;-17;-26;-17;-24;-16;-21;-17;-19;-17;-16;-19;-14;-20;-12;-21;-10;-22;-9;-23;-8;-23;-7;-23;-7;-23;-6;-22;-5;-22;-4;-21;-2;-21;-1;-21;0;-21;1;-22;1;-22;2;-22;1;-22;1;-6;0;0;0;0;0;0;0;0;0;0;0;0;0;0;0;0;0;0;0;3;-5;14;-18;17;-15;19;-12;19;-8;17;-4;13;-2;9;-2;4;-3;-1;-6;-4;-11;-5;-16;-5;-21;-3;-26;0;-29;4;-31;7;-31;9;-30;10;-28;10;-25;9;-22;6;-20;1;-18;-3;-18;-8;-18;-12;-19;-15;-21;-114;0;-12;2;-12;3;-11;3;-10;3;-8;3;-6;2;-5;0;-4;-2;-4;-2;-4;-3;-3;-2;-2;-1;0;-1;1;-1;1;-2;1;-3;1;-3;0;-2;1;-1;1;0;2;0;3;0;4;-1;4;-1;3;-2;2;-1;1;-1;1;0;0;0;0;0;-1;0;-1;-2;-1;-1;0;2;1;8;3;22;2;22;1;22;0;22;-2;22;-4;22;-6;23;-8;23;-9;23;-10;23;-10;23;-11;21;-12;20;-13;19;-15;18;-16;17;-16;17;-16;17;-15;15;-14;14;-15;12;-15;11;-16;10;-17;10;-16;10;-15;10;-14;9;-13;8;-114;0;-30;-46;-30;-45;-30;-44;-30;-42;-30;-41;-30;-40;-30;-38;-30;-37;-30;-35;-30;-34;-30;-33;-31;-32;-31;-32;-32;-32;-32;-32;-31;-32;-31;-32;-30;-33;-29;-33;-28;-33;-27;-33;-26;-33;-25;-33;-23;-33;-22;-34;-20;-35;-18;-35;-16;-36;-6;-14;-2;-5;0;1;0;0;0;0;-2;-2;-5;-5;-14;-14;-14;-15;-15;-16;-15;-17;-16;-19;-16;-21;-16;-22;-17;-24;-17;-25;-18;-26;-18;-28;-19;-30;-18;-31;-18;-32;-17;-33;-17;-34;-18;-34;-19;-35;-20;-36;-22;-37;-23;-39;-24;-40;-24;-41;-25;-42;-27;-43;-28;-44;-29;-45;-30;-46,stable,EXP_S144,ZONE_02,entree_zone,4.1,entree_zone,entree dans la zone
738251999,-54,6,a0:9f:7a:73:2b:3e,384,-110;-96;8;0;-6;27;-6;27;-6;26;-5;24;-3;23;-1;21;1;20;3;19;4;18;6;18;7;18;8;18;9;18;9;17;10;16;10;15;11;15;11;14;12;12;13;12;13;11;14;11;14;11;14;12;14;12;3;3;0;0;0;0;0;0;0;0;0;0;0;0;0;0;0;0;0;0;-5;0;-20;0;-20;-2;-19;-6;-17;-8;-13;-9;-10;-8;-7;-6;-5;-2;-4;3;-5;7;-7;11;-11;15;-15;16;-19;17;-22;16;-24;14;-25;11;-25;9;-23;8;-20;7;-16;8;-13;9;-9;11;-7;15;-5;18;-4;21;-115;0;7;7;7;7;6;6;5;6;4;5;3;4;2;3;1;3;0;2;0;2;-1;1;-1;0;-1;0;-1;-1;-2;-1;-2;-1;-2;-1;-2;-2;-2;-2;-2;-3;-2;-3;-2;-3;-2;-3;-2;-3;-2;-3;-2;-3;-1;-3;-1;-3;-1;-1;-1;-1;0;0;-2;0;-1;0;1;-2;5;-4;16;-10;17;-9;18;-8;19;-7;19;-5;20;-4;21;-3;21;-2;21;-1;21;0;21;1;21;2;20;3;20;4;19;5;19;5;18;6;17;6;17;7;16;7;15;7;14;7;14;8;13;8;13;8;12;8;11;7;11;7;-115;0;-28;38;-27;37;-26;37;-25;37;-24;36;-22;36;-21;36;-20;35;-19;35;-18;35;-17;35;-16;35;-15;35;-15;35;-15;35;-15;35;-16;35;-16;34;-17;34;-17;33;-17;32;-17;31;-18;30;-18;30;-19;29;-20;27;-22;26;-23;25;-9;8;-3;2;0;-1;0;-1;0;-1;-1;1;-3;5;-8;14;-9;15;-10;16;-11;17;-12;17;-13;18;-14;19;-15;20;-17;20;-18;21;-19;22;-20;22;-21;23;-21;23;-22;23;-22;24;-23;24;-23;25;-24;26;-24;27;-25;29;-26;30;-26;31;-27;33;-27;34;-27;36;-27;37;-27;38,stable,EXP_S144,ZONE_02,entree_zone,4.1,entree_zone,entree dans la zone
738452501,-54,6,a0:9f:7a:73:2b:3e,384,-110;-96;8;0;-31;-5;-31;-6;-29;-6;-27;-5;-25;-3;-24;-1;-22;1;-21;4;-21;6;-21;7;-22;9;-22;10;-21;10;-21;10;-20;10;-19;10;-18;11;-17;11;-15;12;-15;13;-14;14;-14;15;-14;15;-15;15;-15;15;-4;3;0;0;0;0;0;0;0;0;0;0;0;0;0;0;0;0;0;0;-2;-6;-6;-21;-3;-22;1;-21;4;-19;5;-16;5;-12;3;-9;-1;-6;-5;-4;-10;-5;-15;-7;-19;-10;-21;-14;-22;-18;-21;-22;-19;-24;-16;-26;-14;-25;-12;-23;-12;-20;-12;-16;-13;-13;-16;-9;-19;-6;-23;-4;-25;-3;-112;0;-7;8;-7;7;-7;7;-6;6;-5;4;-5;3;-4;2;-4;0;-4;-1;-4;-1;-3;-1;-2;-2;-1;-2;-1;-3;0;-4;0;-4;0;-4;0;-4;1;-3;1;-3;2;-4;2;-4;3;-4;3;-4;2;-4;2;-4;2;-3;2;-2;0;-1;0;-1;-1;0;-1;-1;-1;-1;1;1;5;5;14;14;13;15;12;16;11;17;10;18;8;19;7;20;6;21;5;21;4;22;3;22;2;22;1;21;0;21;-2;21;-3;20;-3;20;-4;20;-4;19;-5;18;-5;17;-6;16;-7;16;-7;15;-7;14;-7;13;-6;12;-6;11;-112;0;-49;-20;-49;-20;-48;-19;-47;-18;-46;-16;-46;-15;-45;-14;-44;-13;-44;-11;-43;-10;-42;-9;-42;-7;-42;-7;-42;-7;-42;-7;-42;-8;-42;-9;-42;-9;-41;-10;-40;-10;-39;-11;-39;-11;-38;-12;-37;-12;-36;-14;-35;-15;-34;-17;-33;-18;-12;-7;-4;-3;1;0;1;0;0;0;-2;-1;-7;-2;-19;-4;-20;-5;-20;-5;-21;-6;-23;-7;-24;-8;-25;-9;-26;-10;-27;-11;-28;-12;-30;-13;-31;-14;-32;-15;-32;-16;-33;-17;-33;-18;-34;-18;-35;-18;-36;-18;-38;-19;-39;-19;-41;-19;-42;-19;-44;-19;-45;-19;-47;-19;-48;-19;-49;-19,stable,EXP_S144,ZONE_02,entree_zone,4.1,entree_zone,entree dans la zone
738651871,-53,6,a0:9f:7a:73:2b:3e,384,-110;-96;8;0;-30;14;-29;12;-28;11;-26;10;-23;11;-20;12;-18;13;-16;15;-15;17;-14;18;-14;19;-15;20;-15;20;-15;19;-15;19;-14;18;-13;17;-12;16;-11;16;-9;16;-8;17;-8;18;-7;19;-8;19;-9;19;-3;4;0;0;0;0;0;0;0;0;0;0;0;0;0;0;0;0;0;0;-6;-2;-21;-6;-19;-9;-17;-12;-14;-13;-11;-13;-9;-11;-7;-7;-7;-3;-9;1;-12;4;-16;6;-21;6;-25;5;-28;2;-30;-1;-31;-4;-30;-6;-28;-8;-25;-8;-23;-6;-21;-3;-20;0;-19;4;-21;8;-23;12;-25;14;-104;0;-4;10;-4;9;-4;9;-4;7;-4;6;-4;4;-5;2;-6;1;-7;0;-7;0;-6;0;-5;-1;-4;-2;-4;-3;-4;-4;-4;-5;-5;-4;-4;-4;-4;-4;-3;-4;-2;-4;-1;-5;-1;-6;-2;-6;-2;-6;-2;-5;-2;-4;-2;-4;-1;-2;0;-1;0;0;-2;0;-1;-1;1;-1;6;-1;18;-1;18;-1;18;1;18;2;17;4;17;5;17;7;17;9;17;10;17;11;17;11;15;11;14;12;12;13;11;14;10;15;10;15;10;15;9;14;7;14;6;14;4;14;3;14;2;15;2;15;2;14;1;12;0;11;-104;0;-53;15;-52;15;-51;15;-50;15;-49;15;-47;15;-46;15;-44;15;-43;16;-42;16;-41;16;-40;17;-40;17;-40;17;-41;17;-41;16;-41;15;-41;15;-41;13;-41;12;-41;11;-40;9;-40;8;-40;7;-39;5;-39;3;-39;0;-39;-2;-14;-1;-5;-1;1;-1;0;-1;0;-1;-2;1;-6;4;-16;13;-17;13;-18;13;-20;13;-21;13;-23;13;-25;13;-26;13;-28;14;-30;14;-32;13;-33;13;-35;12;-36;11;-37;10;-38;10;-39;11;-39;11;-41;12;-42;13;-44;13;-46;14;-47;14;-48;14;-50;15;-51;15;-52;15;-53;16,stable,EXP_S144,ZONE_02,entree_zone,4.1,entree_zone,entree dans la zone
738856229,-54,6,a0:9f:7a:73:2b:3e,384,-110;-96;8;0;29;-3;28;-2;26;-2;24;-3;22;-4;20;-6;20;-8;19;-10;19;-12;20;-13;21;-13;21;-13;22;-12;22;-11;21;-10;19;-9;18;-9;16;-9;14;-10;13;-11;13;-12;13;-13;14;-14;15;-14;17;-14;4;-4;0;0;0;0;0;0;0;0;0;0;0;0;0;0;0;0;0;0;4;1;19;5;18;8;16;11;14;12;11;12;8;11;7;9;7;5;8;2;11;0;14;-2;19;-2;22;0;25;2;26;5;26;8;25;10;24;10;22;10;21;9;20;7;20;4;21;1;23;-1;25;-3;27;-4;-105;0;4;-4;4;-4;4;-3;5;-1;5;0;4;1;4;2;4;3;4;4;4;4;3;5;3;6;2;6;1;6;1;6;0;6;0;7;0;7;-1;7;-1;7;-1;6;-2;6;-2;6;-2;6;-3;5;-3;5;-3;5;-4;5;-2;2;-1;0;0;-1;1;-1;0;0;-2;0;-6;0;-17;-1;-17;-2;-17;-4;-16;-6;-16;-8;-16;-9;-15;-10;-15;-11;-14;-12;-13;-13;-12;-14;-11;-14;-10;-14;-10;-14;-9;-15;-7;-14;-6;-14;-4;-14;-3;-14;-2;-13;-1;-13;0;-12;0;-11;1;-11;2;-10;3;-9;3;-8;4;-8;-105;0;52;8;51;7;50;7;49;7;48;6;47;6;46;6;45;5;43;5;42;4;42;4;42;3;42;3;42;3;42;3;42;3;42;4;41;5;41;6;40;8;39;8;38;9;37;10;36;12;35;13;34;15;32;17;31;18;11;6;3;2;-2;-1;-2;0;-1;0;1;-1;6;-3;19;-8;20;-7;21;-7;22;-6;24;-6;25;-5;27;-4;29;-3;30;-2;32;-1;33;0;34;0;35;1;36;2;37;3;39;4;39;4;40;5;41;5;42;5;44;6;45;6;46;6;47;6;49;6;50;6;52;6;53;7,stable,EXP_S144,ZONE_02,entree_zone,4.1,entree_zone,entree dans la zone
739052322,-53,6,a0:9f:7a:73:2b:3e,384,-110;-96;8;0;1;30;1;29;1;27;2;25;4;23;5;22;8;22;9;22;11;22;11;23;11;23;10;24;9;24;8;23;7;22;6;20;7;18;7;16;9;15;10;14;12;14;13;15;14;16;13;17;13;18;3;4;0;0;0;0;0;0;0;0;0;0;0;0;0;0;0;0;0;0;-1;5;-5;20;-8;20;-12;19;-14;16;-15;13;-14;11;-12;9;-9;8;-5;9;-2;11;0;14;0;18;-1;22;-3;25;-5;27;-8;28;-10;28;-12;27;-12;25;-11;24;-9;23;-7;23;-4;23;-2;25;0;26;1;28;-111;0;2;2;1;2;1;2;0;2;-1;2;-2;2;-4;2;-5;3;-5;3;-6;3;-6;2;-7;1;-8;1;-9;0;-10;0;-10;0;-10;0;-10;0;-9;-1;-9;-1;-9;-2;-9;-2;-9;-2;-9;-3;-9;-3;-8;-3;-7;-3;-7;-3;-2;-2;-1;-1;0;0;0;1;-1;0;-1;-2;-1;-7;-2;-18;-1;-18;1;-18;2;-18;3;-18;5;-17;6;-17;7;-17;8;-16;9;-15;10;-15;10;-14;11;-13;11;-12;11;-10;12;-9;12;-8;11;-8;11;-7;10;-6;9;-5;9;-4;9;-3;9;-3;8;-2;7;-2;6;-2;5;-1;-111;0;-5;56;-4;55;-4;54;-4;52;-3;51;-3;50;-2;48;-1;47;-1;46;0;45;1;45;1;44;1;44;2;44;1;44;1;44;0;44;0;44;-1;43;-2;43;-3;42;-4;41;-5;40;-7;39;-8;38;-10;37;-13;36;-15;36;-6;12;-2;3;0;-2;-1;-2;-1;-1;1;2;2;7;7;21;7;22;6;23;5;25;5;27;4;28;3;30;3;32;2;34;1;35;0;36;-1;37;-2;39;-3;40;-4;41;-4;41;-5;42;-5;43;-5;44;-4;45;-4;47;-4;49;-4;50;-4;51;-4;53;-4;54;-4;55;-5;56,stable,EXP_S144,ZONE_02,entree_zone,4.1,entree_zone,entree dans la zone
739252278,-52,6,a0:9f:7a:73:2b:3e,384,-110;-96;8;0;26;-13;26;-12;24;-12;22;-12;20;-13;18;-15;17;-16;16;-18;16;-19;16;-20;17;-20;18;-20;18;-19;17;-17;16;-16;15;-15;14;-14;12;-14;10;-15;9;-16;8;-17;8;-18;9;-19;10;-20;12;-20;3;-5;0;0;0;0;0;0;0;0;0;0;0;0;0;0;0;0;0;0;5;-2;20;-4;21;-1;21;3;20;6;17;7;15;8;12;6;10;4;10;0;11;-3;13;-6;16;-8;20;-9;24;-8;26;-7;28;-4;28;-2;28;-1;27;0;26;-1;24;-2;23;-4;22;-6;23;-8;24;-11;25;-12;-103;0;1;-3;1;-3;1;-3;1;-2;1;-1;2;1;3;2;4;2;5;3;5;3;4;3;3;4;3;5;2;6;3;6;3;7;3;7;3;6;3;6;2;6;1;7;1;7;1;8;1;8;1;7;1;6;0;6;0;6;-1;2;-1;0;-1;-1;0;-1;0;-1;-2;0;-6;2;-16;6;-17;5;-17;4;-18;3;-18;2;-17;0;-17;-1;-18;-3;-18;-4;-18;-4;-18;-5;-17;-5;-16;-6;-14;-7;-13;-8;-13;-9;-12;-9;-12;-9;-11;-8;-9;-8;-8;-7;-7;-8;-6;-8;-5;-8;-5;-8;-5;-7;-4;-6;-3;-5;-103;0;52;-18;51;-18;50;-18;49;-18;48;-18;46;-18;45;-18;43;-19;42;-19;40;-19;39;-19;39;-19;38;-19;38;-20;38;-20;38;-20;38;-19;38;-18;38;-17;38;-16;38;-15;37;-14;37;-13;36;-11;37;-10;37;-7;37;-5;37;-3;13;-1;4;0;-2;0;-2;0;-1;0;1;-2;6;-6;17;-15;18;-15;19;-14;21;-14;23;-14;24;-15;26;-15;28;-15;29;-15;31;-15;33;-15;35;-14;36;-13;37;-12;39;-12;39;-12;40;-12;41;-13;42;-13;43;-14;45;-14;46;-15;47;-16;48;-16;49;-17;50;-18;52;-18;53;-19,stable,EXP_S144,ZONE_02,entree_zone,4.1,entree_zone,entree dans la zone
739452220,-52,6,a0:9f:7a:73:2b:3e,384,-110;-96;8;0;29;6;28;6;27;6;25;5;23;3;22;0;21;-2;21;-4;22;-6;23;-6;24;-7;24;-6;24;-5;24;-4;23;-4;21;-3;19;-3;18;-4;16;-6;16;-7;16;-8;16;-9;17;-10;18;-10;19;-9;5;-3;0;0;0;0;0;0;0;0;0;0;0;0;0;0;0;0;0;0;4;2;17;11;15;14;13;16;10;17;7;16;5;14;4;11;5;8;7;5;11;3;15;3;18;4;22;6;23;9;24;13;23;15;22;17;20;18;19;17;18;15;18;12;18;10;20;7;22;5;25;4;27;4;-113;0;6;-4;6;-5;6;-5;4;-5;3;-3;2;0;2;2;4;4;5;4;5;3;5;3;3;3;2;4;1;6;1;7;2;8;3;8;3;7;2;5;1;5;-1;5;-2;6;-3;8;-2;8;-1;8;-1;6;-1;5;-1;3;-1;1;-1;0;-1;-1;1;-1;0;0;-2;0;-7;-1;-19;-1;-19;-2;-19;-2;-18;-3;-17;-5;-16;-7;-15;-9;-15;-11;-16;-12;-16;-13;-15;-13;-14;-12;-12;-12;-10;-13;-8;-14;-8;-15;-7;-16;-8;-15;-7;-14;-6;-12;-3;-11;-1;-11;1;-12;1;-13;1;-13;0;-11;-1;-10;0;-8;-113;0;53;4;53;3;52;3;51;2;50;1;49;1;47;1;46;0;45;0;43;-1;43;-1;43;-2;43;-2;42;-2;42;-1;41;-1;41;-1;41;0;41;1;40;2;39;3;38;4;37;5;36;6;36;8;35;10;34;12;34;14;12;5;3;2;-2;-1;-2;0;-1;0;2;-1;6;-3;19;-9;19;-9;21;-9;22;-9;24;-8;26;-7;28;-6;30;-5;31;-5;32;-4;34;-4;36;-3;37;-2;38;-1;39;0;39;1;40;2;40;2;42;1;43;1;45;2;47;2;48;2;49;2;50;1;52;1;53;1;55;1,stable,EXP_S144,ZONE_02,entree_zone,4.1,entree_zone,entree dans la zone
739654771,-53,6,a0:9f:7a:73:2b:3e,384,-110;-96;8;0;0;-34;0;-33;1;-32;0;-29;-1;-26;-4;-24;-7;-23;-9;-22;-11;-22;-12;-22;-14;-23;-14;-23;-14;-23;-14;-23;-13;-22;-12;-21;-12;-19;-12;-17;-13;-16;-15;-15;-16;-14;-16;-14;-17;-14;-17;-15;-17;-16;-5;-4;0;0;0;0;0;0;0;0;0;0;0;0;0;0;0;0;0;0;3;-5;16;-16;18;-14;20;-10;20;-6;18;-3;15;-2;11;-2;7;-4;3;-7;2;-12;2;-17;4;-22;7;-26;11;-28;15;-28;18;-27;20;-25;20;-23;19;-20;16;-19;13;-18;9;-19;5;-20;2;-23;-1;-27;-2;-30;-104;0;-4;-4;-4;-4;-4;-4;-3;-4;-3;-3;-2;-3;-1;-3;0;-3;0;-3;0;-3;0;-3;1;-3;1;-2;2;-2;2;-2;2;-2;2;-2;2;-2;2;-1;2;-1;2;0;2;0;2;0;3;0;2;0;2;0;2;0;1;0;0;0;0;0;-1;-1;0;-1;0;-1;-1;1;-2;3;-4;9;-5;9;-6;9;-6;8;-7;8;-8;7;-9;7;-9;6;-10;6;-10;6;-10;5;-11;4;-11;3;-11;3;-11;2;-11;1;-11;1;-11;1;-10;0;-9;0;-9;-1;-8;-2;-8;-2;-8;-2;-8;-2;-8;-2;-7;-3;-7;-3;-104;0;5;-29;4;-29;4;-28;4;-28;3;-27;3;-26;2;-26;2;-25;1;-25;1;-24;0;-24;-1;-23;-1;-23;-1;-23;-1;-24;0;-23;0;-23;0;-23;1;-23;1;-23;2;-22;2;-22;2;-22;3;-21;4;-21;5;-20;6;-20;7;-19;2;-7;0;-2;-1;0;0;0;0;0;-1;-2;-1;-4;-2;-11;-2;-12;-2;-12;-1;-13;-1;-14;0;-15;0;-15;1;-16;1;-17;1;-18;2;-18;2;-19;3;-20;3;-20;4;-20;4;-21;4;-21;4;-22;4;-22;4;-23;4;-24;5;-25;5;-25;4;-26;4;-27;4;-28;4;-29;4;-29,stable,EXP_S144,ZONE_02,entree_zone,4.1,entree_zone,entree dans la zone
739852360,-53,6,a0:9f:7a:73:2b:3e,384,-110;-96;8;0;23;21;23;21;22;20;21;18;20;16;20;13;20;11;20;8;21;5;22;4;23;3;23;2;23;2;23;1;22;1;21;0;21;-1;20;-2;20;-4;19;-5;19;-6;20;-7;20;-8;20;-7;21;-7;5;-2;0;0;0;0;0;0;0;0;0;0;0;0;0;0;0;0;0;0;-2;5;-8;21;-11;20;-15;18;-17;14;-16;10;-14;7;-11;5;-6;4;-1;5;4;8;8;12;10;17;10;23;8;27;5;30;2;32;-1;31;-3;30;-4;27;-3;24;-1;21;2;18;6;16;11;15;16;16;19;16;-114;0;5;-2;5;-2;4;-1;4;-1;3;-1;2;-1;2;0;1;0;1;0;0;0;0;0;0;0;-1;0;-1;0;-2;1;-2;1;-2;1;-2;1;-2;0;-2;0;-3;0;-3;0;-3;0;-3;0;-3;0;-2;0;-2;-1;-2;-1;-1;-1;-1;-1;0;0;0;0;-1;0;-1;-2;-1;-4;-2;-11;-2;-12;-1;-12;0;-12;1;-12;2;-12;3;-12;3;-12;4;-12;5;-12;5;-11;6;-11;6;-11;6;-10;7;-10;7;-9;7;-8;7;-8;7;-7;7;-7;7;-7;7;-6;7;-6;7;-5;7;-5;6;-5;6;-4;6;-4;-114;0;11;24;12;24;12;23;12;22;12;21;12;21;12;20;13;19;13;18;13;18;13;17;13;17;14;17;14;17;14;16;14;16;14;16;13;16;13;16;13;16;12;16;12;16;11;16;11;16;10;16;9;17;8;17;7;17;2;6;0;1;-1;-1;-1;-1;-1;-1;0;0;2;3;5;8;5;9;5;9;5;10;5;11;5;11;5;12;6;13;6;14;6;15;6;15;6;16;6;17;5;17;5;18;6;18;6;19;6;19;6;19;7;20;7;21;8;21;9;22;9;22;10;23;11;23;11;24;12;24,stable,EXP_S144,ZONE_02,entree_zone,4.1,entree_zone,entree dans la zone
740054530,-53,6,a0:9f:7a:73:2b:3e,384,-110;-96;8;0;8;-29;8;-29;8;-28;7;-26;6;-25;4;-24;2;-23;-1;-22;-3;-22;-4;-22;-5;-22;-6;-22;-7;-21;-8;-21;-8;-20;-8;-19;-9;-19;-10;-18;-11;-17;-12;-17;-13;-16;-13;-16;-13;-17;-13;-17;-13;-17;-3;-5;0;0;0;0;0;0;0;0;0;0;0;0;0;0;0;0;0;0;5;-2;21;-4;21;-1;21;2;19;6;16;7;12;7;9;5;6;2;5;-3;5;-7;7;-12;11;-15;15;-18;19;-18;23;-18;25;-16;26;-14;26;-12;24;-10;22;-9;19;-9;15;-10;12;-13;9;-16;8;-20;7;-23;-106;0;-8;-8;-8;-7;-8;-6;-7;-5;-6;-4;-4;-3;-2;-2;-1;-2;0;-3;0;-3;0;-2;0;-1;0;0;1;1;1;2;2;1;2;1;2;0;1;1;1;2;1;3;1;3;2;4;2;3;2;2;1;2;1;2;0;2;0;0;-1;0;-1;-1;0;-1;0;-1;-2;1;-6;4;-16;13;-17;12;-18;11;-19;9;-20;8;-20;6;-21;5;-22;4;-23;3;-24;2;-24;2;-23;1;-22;0;-22;-2;-21;-3;-21;-4;-21;-5;-21;-5;-20;-5;-18;-5;-17;-6;-16;-7;-16;-8;-16;-8;-15;-8;-15;-7;-14;-6;-13;-6;-106;0;28;-44;27;-43;26;-43;25;-42;23;-41;22;-41;21;-40;19;-40;18;-39;17;-39;16;-39;15;-39;14;-39;14;-39;13;-39;13;-39;13;-39;14;-39;14;-39;15;-38;15;-37;15;-36;16;-35;16;-34;18;-33;19;-32;21;-31;22;-29;8;-11;2;-3;-1;1;-1;1;-1;0;0;-2;2;-7;8;-18;9;-19;10;-19;11;-20;12;-21;13;-22;14;-23;16;-24;17;-25;18;-25;19;-26;20;-27;22;-27;23;-27;24;-27;24;-28;24;-28;24;-29;25;-31;25;-32;26;-34;27;-35;27;-36;27;-38;28;-39;28;-41;28;-43;29;-44,stable,EXP_S144,ZONE_02,entree_zone,4.1,entree_zone,entree dans la zone
740252068,-53,6,a0:9f:7a:73:2b:3e,384,-110;-96;8;0;-21;25;-21;24;-20;23;-18;22;-16;21;-13;21;-10;20;-8;21;-5;21;-3;22;-2;22;-1;23;-1;23;0;23;1;22;2;21;3;20;4;19;5;19;7;18;8;18;9;18;9;18;9;19;9;20;2;5;0;0;0;0;0;0;0;0;0;0;0;0;0;0;0;0;0;0;-6;-3;-22;-10;-21;-14;-18;-17;-14;-18;-10;-18;-7;-15;-4;-11;-4;-6;-5;-1;-9;4;-13;7;-19;9;-24;9;-29;7;-32;4;-33;1;-33;-2;-31;-4;-29;-5;-25;-4;-22;-2;-19;2;-17;6;-16;11;-16;15;-17;19;-117;0;2;4;2;5;2;4;1;4;1;3;0;2;0;1;-1;1;-1;1;-1;1;-1;1;-1;0;-1;0;-1;-1;-2;-2;-2;-2;-2;-2;-2;-2;-1;-2;-1;-2;-1;-2;-1;-3;-1;-3;-2;-3;-2;-3;-1;-2;-1;-2;-1;-2;0;-1;0;-1;0;0;-1;0;-1;0;1;-1;4;-2;11;-4;11;-3;11;-2;11;-2;11;-1;12;0;12;1;12;2;13;3;12;3;12;3;12;4;11;4;10;5;10;5;10;6;9;6;9;6;9;6;8;6;7;6;6;6;6;6;6;7;6;6;5;6;5;5;5;5;-117;0;-22;16;-22;16;-21;16;-21;16;-20;16;-19;16;-18;16;-17;16;-16;16;-15;16;-15;16;-15;16;-14;17;-14;17;-14;17;-14;17;-14;16;-14;16;-14;16;-14;16;-14;15;-14;15;-14;14;-14;13;-15;13;-15;12;-16;11;-16;11;-6;3;-2;1;0;-1;0;-1;0;-1;-1;0;-3;2;-8;6;-8;7;-9;7;-9;7;-10;7;-11;7;-12;8;-13;8;-13;8;-14;8;-15;9;-16;9;-16;9;-17;9;-18;8;-18;9;-18;9;-18;9;-19;10;-19;11;-20;11;-21;12;-21;13;-21;13;-21;14;-22;15;-22;15;-22;16,stable,EXP_S144,ZONE_02,entree_zone,4.1,entree_zone,entree dans la zone
740453421,-53,6,a0:9f:7a:73:2b:3e,384,-110;-96;8;0;-13;31;-13;30;-13;29;-12;27;-9;25;-7;24;-4;23;-2;22;1;22;2;23;3;23;4;24;5;23;5;23;6;22;6;21;6;21;7;19;9;18;10;18;11;17;11;17;11;18;11;18;11;19;2;4;0;0;0;0;0;0;0;0;0;0;0;0;0;0;0;0;0;0;-6;1;-24;2;-24;-1;-24;-5;-21;-8;-17;-10;-13;-9;-10;-7;-7;-3;-6;2;-7;8;-10;12;-15;16;-20;17;-24;17;-27;16;-30;14;-31;11;-30;9;-28;7;-25;7;-21;8;-17;10;-14;13;-12;17;-11;21;-10;24;-105;0;8;8;8;7;8;7;7;5;6;4;4;3;1;2;-1;3;-2;4;-2;4;-1;3;-1;1;-2;-1;-3;-2;-4;-2;-5;-1;-5;0;-4;0;-3;0;-2;-2;-2;-3;-3;-4;-4;-5;-5;-4;-4;-3;-4;-2;-3;-2;-2;-2;-1;-1;-1;-1;0;-1;-1;1;-1;0;1;-3;4;-7;11;-19;13;-19;14;-18;15;-17;16;-16;17;-14;19;-13;21;-12;22;-11;23;-11;23;-10;22;-9;22;-7;22;-5;22;-3;23;-2;23;-1;22;-1;21;-1;19;0;17;1;17;3;17;4;17;5;17;5;16;4;15;3;13;2;-105;0;-20;52;-20;51;-19;50;-18;49;-17;49;-15;48;-14;47;-13;46;-12;45;-11;45;-10;44;-9;44;-9;44;-8;44;-8;44;-9;44;-9;43;-10;43;-11;42;-12;41;-12;40;-13;39;-13;38;-14;38;-16;37;-18;36;-20;35;-21;34;-8;12;-3;3;0;-2;0;-2;0;-1;0;2;-1;7;-1;20;-2;21;-3;22;-4;24;-5;26;-7;27;-8;28;-9;29;-10;30;-11;31;-12;32;-13;34;-14;35;-16;36;-17;36;-17;36;-17;37;-17;38;-17;40;-18;42;-19;43;-20;45;-20;46;-20;47;-20;49;-19;50;-19;52;-20;53,stable,EXP_S144,ZONE_02,entree_zone,4.1,entree_zone,entree dans la zone
740662954,-53,6,a0:9f:7a:73:2b:3e,384,-110;-96;8;0;24;18;23;18;22;18;21;17;20;14;19;12;19;9;20;7;20;4;21;3;22;2;22;1;22;1;22;1;22;1;21;0;20;0;19;-2;19;-3;18;-4;18;-5;19;-5;19;-6;19;-6;20;-5;5;-2;0;0;0;0;0;0;0;0;0;0;0;0;0;0;0;0;0;0;-1;5;-2;21;-5;21;-9;19;-11;17;-12;13;-11;10;-8;7;-4;5;1;6;6;8;9;11;11;16;12;20;11;24;9;27;6;29;3;29;1;28;1;26;1;23;2;20;5;17;9;15;13;14;17;14;20;15;-108;0;9;-5;9;-6;8;-6;7;-6;5;-5;3;-3;2;-1;2;1;2;2;3;2;2;1;1;1;0;1;-2;2;-2;3;-2;4;-2;4;-1;3;-1;2;-2;1;-3;1;-4;1;-4;2;-4;2;-3;2;-3;2;-2;1;-2;0;-1;0;-1;-1;0;-1;0;0;0;0;-2;-2;-5;-6;-14;-16;-13;-17;-12;-18;-11;-18;-9;-19;-8;-20;-6;-21;-4;-22;-4;-24;-3;-24;-2;-24;-1;-23;0;-22;2;-21;3;-21;4;-21;5;-21;5;-21;5;-19;5;-17;6;-16;8;-14;9;-14;9;-14;9;-14;8;-14;7;-12;6;-11;-108;0;41;31;41;30;41;29;40;28;40;26;40;25;39;24;39;23;38;22;37;20;37;19;37;18;37;18;37;18;37;18;37;18;37;18;36;19;35;19;35;20;34;20;32;20;31;21;30;21;29;22;28;24;26;25;25;26;8;9;2;3;-1;-1;-2;-1;-1;-1;1;0;6;2;18;6;18;7;19;8;20;9;21;10;22;12;23;13;24;15;24;16;25;17;26;18;27;19;28;21;28;22;28;23;28;24;29;24;30;24;31;25;33;26;34;27;35;28;36;28;37;29;38;29;40;29;42;29;43;30,stable,EXP_S144,ZONE_02,entree_zone,4.1,entree_zone,entree dans la zone
740852178,-53,6,a0:9f:7a:73:2b:3e,384,-110;-96;8;0;-1;-32;0;-31;0;-30;0;-28;-1;-26;-3;-24;-5;-22;-7;-21;-9;-20;-11;-20;-12;-20;-13;-20;-13;-20;-13;-20;-13;-19;-13;-18;-13;-17;-13;-16;-14;-15;-15;-14;-15;-13;-16;-13;-17;-13;-17;-13;-17;-14;-5;-4;0;0;0;0;0;0;0;0;0;0;0;0;0;0;0;0;0;0;4;-4;18;-13;20;-10;21;-6;20;-3;17;0;14;1;10;1;6;-2;3;-6;2;-10;3;-15;5;-20;8;-23;12;-25;16;-25;19;-24;20;-22;21;-20;20;-18;18;-16;14;-15;10;-16;6;-17;3;-20;0;-23;-1;-26;-118;0;-11;-4;-10;-4;-10;-4;-8;-4;-7;-4;-5;-4;-4;-4;-3;-4;-2;-4;-2;-4;-1;-3;-1;-3;0;-2;1;-2;2;-2;3;-2;3;-2;3;-1;3;-1;3;0;3;0;3;1;4;0;4;0;4;0;3;0;2;1;2;1;0;0;0;0;-1;-1;0;-2;0;-1;-1;2;-2;7;-6;19;-7;19;-8;19;-10;18;-12;18;-13;17;-15;16;-16;16;-17;15;-18;14;-18;13;-19;12;-19;10;-20;9;-20;7;-21;6;-21;6;-20;5;-19;5;-18;4;-18;3;-17;2;-17;1;-17;1;-17;0;-16;0;-15;0;-14;-1;-118;0;3;-53;3;-53;2;-52;2;-51;1;-50;0;-48;-1;-47;-2;-46;-2;-45;-3;-44;-4;-43;-5;-42;-5;-42;-5;-42;-5;-43;-4;-43;-4;-43;-3;-42;-2;-42;-2;-42;-1;-41;0;-40;1;-39;2;-39;4;-38;6;-37;8;-37;10;-36;4;-13;1;-4;-1;1;0;1;0;0;-1;-2;-3;-7;-6;-19;-6;-20;-5;-21;-4;-23;-4;-25;-3;-26;-3;-28;-2;-29;-2;-31;-1;-33;-1;-34;0;-36;1;-37;3;-37;4;-37;4;-38;4;-39;4;-40;4;-41;4;-43;3;-44;3;-46;3;-47;3;-48;3;-50;2;-52;2;-53;1;-54,stable,EXP_S144,ZONE_02,entree_zone,4.1,entree_zone,entree dans la zone
741052614,-53,6,a0:9f:7a:73:2b:3e,384,-110;-96;8;0;-33;9;-33;8;-31;7;-29;7;-27;8;-24;9;-22;11;-20;13;-18;14;-17;16;-17;18;-17;18;-16;19;-16;18;-15;18;-14;18;-13;18;-12;18;-10;18;-9;19;-8;19;-8;20;-7;20;-8;20;-9;20;-3;5;0;0;0;0;0;0;0;0;0;0;0;0;0;0;0;0;0;0;-5;-4;-18;-17;-15;-19;-12;-21;-8;-21;-4;-19;-2;-16;-2;-12;-3;-7;-7;-3;-11;-1;-17;0;-22;-1;-26;-3;-30;-7;-31;-11;-30;-14;-29;-17;-26;-18;-24;-17;-22;-15;-20;-12;-19;-8;-20;-3;-21;1;-24;5;-26;8;-114;0;-3;5;-3;4;-2;4;-2;3;-2;2;-2;2;-2;1;-2;0;-2;0;-2;0;-2;-1;-1;-1;-1;-1;-1;-2;-1;-2;-1;-2;-1;-2;-1;-2;0;-2;0;-2;0;-2;0;-2;0;-2;0;-2;0;-2;1;-2;1;-2;1;-2;0;-1;0;-1;-1;0;-1;-1;-1;-1;1;0;3;1;10;3;9;4;9;5;9;6;8;7;8;7;8;8;7;9;7;9;6;10;6;10;5;10;4;10;4;10;3;11;3;11;2;10;2;10;1;10;1;9;0;9;0;9;-1;9;-1;8;-1;8;-1;8;-2;7;-2;7;-114;0;-29;-5;-28;-4;-28;-4;-27;-4;-27;-3;-26;-3;-26;-2;-25;-2;-24;-1;-24;-1;-23;0;-23;0;-23;0;-23;1;-24;1;-23;1;-23;0;-23;0;-23;-1;-23;-1;-22;-2;-21;-2;-21;-2;-21;-3;-20;-4;-20;-5;-20;-6;-19;-6;-7;-3;-2;-1;0;0;0;-1;0;-1;-2;0;-4;0;-11;1;-12;0;-12;0;-13;0;-14;-1;-14;-1;-15;-1;-16;-2;-17;-2;-18;-3;-18;-3;-19;-4;-19;-4;-20;-5;-20;-5;-21;-5;-21;-5;-21;-5;-22;-5;-23;-5;-24;-5;-25;-5;-25;-5;-26;-5;-27;-5;-28;-5;-28;-5;-29;-5,stable,EXP_S144,ZONE_02,entree_zone,4.1,entree_zone,entree dans la zone
741252257,-53,6,a0:9f:7a:73:2b:3e,384,-110;-96;8;0;-31;11;-31;10;-29;9;-27;9;-25;10;-22;11;-20;12;-18;13;-16;15;-14;17;-14;18;-14;19;-13;20;-13;19;-12;19;-11;19;-9;18;-8;18;-7;18;-6;19;-5;19;-4;19;-3;20;-4;21;-4;21;-1;5;0;0;0;0;0;0;0;0;0;0;0;0;0;0;0;0;0;0;-5;-5;-16;-18;-13;-20;-9;-22;-5;-22;-2;-19;0;-16;0;-11;-2;-7;-5;-3;-10;0;-16;1;-21;0;-26;-3;-29;-7;-30;-11;-29;-14;-27;-17;-25;-18;-23;-17;-20;-15;-19;-12;-18;-7;-18;-2;-20;3;-22;6;-25;9;-106;0;-2;11;-2;11;-1;10;-1;9;-1;7;-1;5;-2;3;-3;2;-4;1;-4;1;-3;1;-2;1;-1;-1;-1;-3;-2;-4;-3;-5;-3;-4;-3;-3;-2;-3;-1;-3;0;-4;0;-5;0;-5;-1;-5;-1;-5;-1;-4;-1;-3;0;-3;0;-1;0;-1;0;0;-2;-1;-1;-1;2;-1;8;0;22;1;22;2;22;3;22;5;21;7;21;8;20;10;20;12;21;14;20;14;19;15;18;15;16;15;14;17;13;18;12;19;12;20;12;19;11;18;10;17;8;16;6;17;5;17;5;18;5;17;5;16;5;14;4;13;-106;0;-53;11;-53;11;-52;12;-50;12;-49;13;-47;14;-46;14;-45;14;-43;15;-42;16;-41;16;-40;17;-40;17;-40;17;-40;17;-40;17;-40;16;-40;16;-40;15;-40;14;-39;13;-39;12;-38;11;-38;10;-38;9;-38;7;-38;4;-38;2;-14;0;-5;-1;1;-1;1;-1;0;-1;-2;0;-7;2;-18;8;-19;8;-20;8;-22;8;-24;8;-26;8;-28;7;-29;7;-31;7;-32;7;-33;7;-35;6;-37;5;-38;5;-39;4;-39;4;-39;4;-40;5;-42;6;-44;6;-46;7;-47;8;-48;8;-49;9;-50;10;-51;11;-52;11;-53;12,stable,EXP_S144,ZONE_02,entree_zone,4.1,entree_zone,entree dans la zone
741454338,-53,6,a0:9f:7a:73:2b:3e,384,-110;-96;8;0;19;-27;19;-26;19;-25;17;-24;15;-23;12;-22;9;-22;7;-22;5;-23;3;-24;2;-24;1;-25;1;-25;0;-25;0;-24;-1;-23;-2;-22;-3;-21;-4;-21;-5;-20;-6;-21;-7;-21;-7;-21;-7;-22;-6;-22;-2;-6;0;0;0;0;0;0;0;0;0;0;0;0;0;0;0;0;0;0;5;0;23;3;22;6;20;9;17;12;14;12;10;11;7;8;6;3;6;-2;8;-6;12;-10;17;-12;22;-13;26;-12;29;-10;31;-7;31;-4;30;-2;27;-1;25;-1;21;-3;18;-6;16;-9;15;-14;15;-18;16;-22;-111;0;-7;-10;-7;-10;-7;-9;-6;-8;-5;-6;-3;-5;-2;-4;0;-4;1;-4;1;-4;0;-4;0;-3;0;-1;1;1;2;1;3;1;3;1;3;0;2;0;1;1;1;2;1;3;2;4;3;3;3;3;2;2;1;2;0;2;0;0;-1;0;-1;-1;1;-1;0;-1;-2;1;-7;4;-20;10;-20;9;-21;8;-22;7;-22;5;-23;4;-23;2;-24;0;-25;-1;-25;-2;-25;-2;-24;-3;-23;-4;-22;-6;-22;-7;-21;-9;-21;-9;-21;-9;-19;-8;-18;-8;-17;-9;-16;-10;-15;-11;-15;-12;-15;-11;-14;-10;-13;-9;-12;-9;-111;0;36;-43;35;-42;34;-42;32;-42;31;-41;29;-41;28;-41;26;-40;25;-40;23;-40;22;-40;21;-40;20;-40;20;-40;20;-40;20;-40;20;-40;21;-40;21;-39;21;-38;22;-37;22;-36;22;-35;22;-34;23;-33;24;-31;26;-30;27;-28;10;-10;3;-3;-1;1;-1;1;-1;0;1;-2;3;-7;10;-18;11;-19;12;-20;13;-21;15;-22;17;-22;18;-23;19;-23;20;-24;22;-25;23;-26;25;-27;27;-27;28;-27;29;-27;29;-27;30;-28;30;-29;30;-30;31;-32;32;-33;33;-35;34;-36;34;-37;34;-39;35;-41;35;-43;36;-45,stable,EXP_S144,ZONE_02,entree_zone,4.1,entree_zone,entree dans la zone
741652337,-53,6,a0:9f:7a:73:2b:3e,384,-110;-96;8;0;-2;-30;-2;-30;-1;-28;-2;-27;-3;-25;-4;-23;-6;-21;-8;-20;-10;-19;-11;-18;-12;-18;-13;-18;-13;-18;-13;-18;-13;-17;-13;-16;-13;-15;-14;-14;-14;-13;-15;-12;-16;-11;-16;-11;-17;-11;-17;-11;-17;-12;-5;-3;0;0;0;0;0;0;0;0;0;0;0;0;0;0;0;0;0;0;4;-3;17;-12;18;-9;19;-6;19;-2;17;0;13;1;10;1;6;-1;3;-5;2;-10;2;-14;4;-19;7;-22;11;-24;14;-24;17;-23;19;-21;19;-19;19;-17;16;-15;13;-15;9;-15;6;-16;2;-19;0;-21;-1;-24;-109;0;-8;-6;-8;-6;-7;-6;-6;-5;-5;-4;-4;-4;-2;-3;-1;-3;0;-3;0;-3;0;-2;0;-2;1;-1;2;-1;2;0;3;0;2;0;2;0;2;0;2;1;2;1;2;2;2;2;3;2;2;2;2;1;1;2;1;2;0;0;0;0;-1;-1;0;-1;0;-1;-2;1;-5;5;-13;14;-14;13;-15;13;-16;11;-17;10;-18;9;-19;8;-20;7;-21;7;-21;6;-21;5;-21;4;-21;3;-21;1;-21;0;-20;-1;-20;-2;-19;-2;-19;-2;-18;-3;-17;-4;-16;-5;-15;-5;-15;-6;-15;-5;-14;-5;-13;-5;-12;-5;-109;0;19;-47;18;-46;17;-46;16;-45;15;-44;13;-44;12;-43;11;-42;10;-41;9;-40;8;-39;7;-39;7;-40;6;-40;6;-40;6;-40;6;-40;6;-40;7;-39;7;-38;8;-38;9;-37;9;-36;10;-35;11;-34;13;-33;15;-32;16;-31;6;-11;2;-4;-1;1;-1;1;-1;0;0;-2;1;-7;4;-19;4;-20;5;-20;6;-21;7;-22;8;-23;9;-24;9;-25;10;-27;11;-28;12;-29;14;-29;15;-30;16;-30;17;-31;18;-32;18;-32;18;-33;18;-34;18;-36;18;-37;18;-39;18;-40;18;-41;18;-42;19;-44;19;-46;19;-47,stable,EXP_S144,ZONE_02,entree_zone,4.1,entree_zone,entree dans la zone
741852800,-53,6,a0:9f:7a:73:2b:3e,384,-110;-96;8;0;8;31;7;31;7;30;7;28;7;25;8;23;10;20;11;19;13;18;15;17;16;16;17;16;17;16;17;15;17;14;16;14;17;13;17;11;17;10;18;9;18;8;19;8;19;8;19;8;19;9;4;2;0;0;0;0;0;0;0;0;0;0;0;0;0;0;0;0;0;0;-4;4;-17;16;-19;14;-21;10;-21;6;-19;3;-16;1;-12;0;-7;2;-3;5;-1;10;0;15;-1;20;-4;24;-7;27;-11;28;-15;28;-17;27;-18;24;-17;22;-15;20;-12;18;-8;18;-4;18;0;20;4;22;6;25;-107;0;10;0;10;0;10;0;9;-1;6;-1;4;-1;2;0;1;2;1;3;1;3;1;2;0;1;-2;0;-3;0;-4;0;-5;1;-4;2;-3;2;-3;1;-3;0;-4;-1;-5;-2;-6;-2;-5;-1;-5;0;-4;0;-3;-1;-2;-2;-1;-1;-1;-1;0;-1;0;1;-1;0;-1;-3;-1;-8;-1;-23;-1;-23;1;-23;2;-23;3;-22;5;-21;7;-21;9;-22;11;-23;12;-23;12;-22;12;-21;13;-19;14;-17;16;-15;17;-15;17;-15;17;-15;15;-14;14;-12;14;-10;15;-8;16;-7;16;-7;16;-7;15;-7;13;-7;11;-6;-107;0;15;52;15;51;15;50;16;49;16;48;17;46;17;45;17;44;17;42;18;41;18;40;18;40;19;39;19;39;19;39;19;39;18;39;17;39;16;39;16;39;15;39;13;39;12;38;11;38;9;37;7;38;5;38;3;39;0;14;-1;4;-1;-2;-1;-2;-1;-1;1;1;3;5;10;16;10;17;11;19;11;20;11;23;11;24;10;26;10;27;10;28;10;30;10;32;10;33;9;35;8;36;8;37;8;37;8;38;9;39;10;41;11;42;11;44;11;46;12;47;12;48;13;49;14;51;15;52;15;53,stable,EXP_S144,ZONE_02,entree_zone,4.1,entree_zone,entree dans la zone
742052888,-53,6,a0:9f:7a:73:2b:3e,384,-110;-96;8;0;-27;-21;-26;-21;-25;-21;-24;-19;-22;-16;-22;-14;-22;-11;-23;-9;-23;-7;-24;-5;-25;-4;-25;-3;-25;-3;-25;-3;-24;-2;-23;-2;-23;-1;-22;0;-22;1;-21;3;-21;4;-22;4;-22;4;-22;4;-23;4;-6;0;0;0;0;0;0;0;0;0;0;0;0;0;0;0;0;0;0;0;0;-6;1;-24;4;-24;8;-22;11;-19;12;-15;11;-12;7;-9;3;-7;-2;-7;-7;-9;-11;-13;-13;-18;-14;-23;-13;-27;-11;-30;-8;-32;-5;-33;-3;-31;-2;-29;-2;-26;-3;-23;-6;-20;-10;-18;-14;-16;-19;-16;-22;-17;-118;0;-6;1;-6;1;-5;1;-5;1;-4;0;-3;0;-2;-1;-2;-1;-2;-2;-2;-2;-1;-2;-1;-1;-1;-1;0;-1;1;-2;1;-2;1;-2;1;-2;1;-2;1;-1;1;-1;1;-1;2;-1;2;-1;1;-1;1;-1;1;-1;1;-1;0;-1;0;0;-1;0;-1;-1;-1;-1;0;0;1;3;4;9;3;10;2;10;2;10;1;11;0;11;-1;11;-2;11;-2;12;-3;12;-3;11;-4;11;-5;10;-5;10;-6;9;-6;9;-6;9;-6;8;-6;8;-6;7;-6;6;-7;6;-7;5;-7;5;-7;5;-7;5;-6;4;-6;4;-118;0;-17;-24;-17;-24;-17;-23;-17;-22;-16;-21;-16;-21;-16;-20;-16;-19;-16;-19;-16;-18;-16;-17;-17;-17;-17;-16;-17;-16;-17;-17;-17;-17;-16;-17;-16;-17;-15;-17;-15;-17;-14;-17;-14;-17;-13;-17;-13;-17;-12;-18;-11;-18;-9;-18;-8;-19;-3;-7;-1;-3;0;0;0;0;0;0;-1;-1;-4;-3;-9;-7;-9;-8;-9;-8;-9;-9;-10;-10;-10;-11;-10;-11;-10;-12;-11;-13;-11;-14;-11;-15;-11;-16;-11;-16;-11;-17;-11;-18;-11;-18;-11;-18;-11;-19;-12;-19;-13;-20;-13;-20;-14;-21;-14;-21;-15;-22;-15;-22;-16;-23;-17;-24;-17;-24,stable,EXP_S144,ZONE_02,entree_zone,4.1,entree_zone,entree dans la zone
742252897,-53,6,a0:9f:7a:73:2b:3e,384,-110;-96;8;0;-17;-30;-17;-29;-16;-29;-15;-26;-15;-24;-15;-21;-16;-19;-18;-16;-19;-15;-21;-14;-21;-13;-22;-12;-22;-12;-22;-12;-22;-11;-21;-10;-21;-9;-21;-8;-21;-6;-21;-5;-22;-4;-22;-4;-22;-4;-23;-4;-23;-5;-6;-2;0;0;0;0;0;0;0;0;0;0;0;0;0;0;0;0;0;0;2;-6;10;-21;13;-20;16;-17;17;-14;16;-10;14;-6;10;-5;5;-5;1;-7;-3;-11;-5;-16;-6;-21;-4;-26;-1;-30;2;-32;5;-33;8;-32;9;-30;9;-27;8;-24;5;-22;1;-21;-3;-20;-7;-20;-11;-22;-14;-24;-112;0;-6;0;-6;1;-6;1;-5;1;-4;1;-3;0;-1;-1;-1;-2;-2;-3;-2;-3;-2;-2;-1;-1;0;-1;1;-1;1;-2;1;-2;1;-3;0;-2;0;-1;0;0;1;0;2;0;2;-1;2;-2;1;-2;1;-2;1;-1;0;-1;0;0;0;0;-1;0;-1;-1;-1;-1;0;1;1;3;3;10;3;10;2;10;2;10;1;10;0;10;-1;11;-2;11;-3;12;-3;12;-3;12;-4;11;-4;10;-5;9;-6;9;-7;9;-7;9;-7;9;-6;8;-6;7;-6;6;-7;5;-8;5;-8;5;-8;5;-7;5;-6;5;-5;4;-112;0;-16;-24;-16;-24;-16;-23;-16;-22;-17;-22;-17;-21;-16;-20;-16;-19;-16;-18;-16;-18;-16;-17;-16;-16;-17;-16;-17;-16;-17;-17;-17;-17;-17;-17;-16;-17;-16;-17;-15;-17;-14;-17;-14;-17;-13;-17;-12;-17;-12;-18;-11;-18;-9;-19;-8;-19;-3;-7;-1;-3;0;0;0;0;0;0;-1;-1;-3;-3;-9;-7;-9;-7;-9;-8;-9;-9;-10;-10;-10;-11;-10;-12;-10;-12;-10;-13;-11;-13;-11;-14;-12;-15;-12;-16;-11;-17;-11;-18;-11;-18;-11;-18;-11;-18;-12;-19;-13;-20;-13;-21;-14;-21;-14;-22;-15;-22;-16;-22;-16;-23;-17;-23;-18;-24,stable,EXP_S144,ZONE_02,entree_zone,4.1,entree_zone,entree dans la zone
742453839,-53,6,a0:9f:7a:73:2b:3e,384,-110;-96;8;0;-19;25;-19;24;-18;22;-17;21;-15;20;-12;19;-9;19;-7;20;-5;20;-3;21;-2;21;-1;22;-1;22;0;22;0;21;1;21;1;20;3;19;4;18;5;18;6;18;6;18;7;18;7;19;6;19;1;4;0;0;0;0;0;0;0;0;0;0;0;0;0;0;0;0;0;0;-6;-1;-22;-5;-21;-8;-19;-11;-16;-13;-13;-13;-9;-12;-7;-8;-6;-4;-6;1;-9;5;-12;8;-17;10;-22;11;-26;10;-29;8;-30;5;-30;2;-29;0;-27;-1;-24;0;-21;1;-18;4;-15;8;-14;12;-14;16;-15;19;-110;0;5;8;5;8;5;8;5;7;4;6;2;4;1;3;-1;3;-2;3;-2;3;-2;2;-2;1;-2;0;-3;-2;-3;-2;-4;-2;-4;-1;-4;-1;-3;-1;-3;-2;-2;-3;-2;-4;-3;-4;-4;-4;-4;-4;-3;-3;-2;-3;-2;-3;-1;-1;0;-1;0;0;-2;0;-1;0;1;-2;6;-5;17;-12;18;-11;19;-9;19;-8;20;-6;21;-5;21;-3;22;-2;23;-1;23;0;23;0;22;1;21;3;20;4;20;6;19;7;19;7;19;7;18;7;16;7;15;8;14;9;13;9;13;9;13;9;13;9;12;8;11;7;-110;0;-34;39;-33;39;-32;38;-31;38;-29;38;-27;38;-26;37;-24;37;-23;37;-22;37;-21;36;-20;36;-20;36;-20;36;-19;36;-20;36;-20;36;-20;35;-20;35;-21;34;-21;33;-21;32;-21;31;-22;30;-22;29;-24;28;-25;26;-27;25;-10;8;-4;2;0;-2;0;-2;0;-1;-1;1;-4;6;-10;16;-10;17;-12;17;-13;18;-15;19;-16;20;-17;21;-18;21;-20;22;-21;23;-22;24;-24;25;-25;25;-26;25;-27;25;-27;25;-28;25;-28;26;-29;28;-29;29;-30;31;-31;32;-32;33;-32;35;-32;36;-33;38;-33;39;-33;40,stable,EXP_S144,ZONE_02,entree_zone,4.1,entree_zone,entree dans la zone
742654878,-53,6,a0:9f:7a:73:2b:3e,384,-110;-96;8;0;-33;-8;-33;-8;-31;-8;-29;-7;-27;-6;-25;-3;-24;-1;-23;2;-22;4;-23;6;-23;8;-23;9;-23;9;-23;9;-22;9;-21;10;-20;10;-19;10;-17;11;-16;12;-16;13;-16;14;-16;15;-16;15;-16;15;-5;3;0;0;0;0;0;0;0;0;0;0;0;0;0;0;0;0;0;0;-2;-6;-6;-23;-3;-24;1;-24;5;-22;7;-18;7;-14;5;-10;1;-7;-4;-6;-10;-6;-15;-8;-19;-11;-21;-16;-22;-21;-21;-25;-19;-28;-16;-29;-14;-28;-12;-27;-11;-24;-11;-20;-12;-15;-15;-12;-19;-9;-23;-6;-27;-6;-111;0;-4;4;-4;4;-4;4;-4;3;-3;3;-2;2;-2;1;-2;0;-3;-1;-3;-1;-2;-1;-2;-1;-1;-1;0;-2;0;-2;-1;-3;-1;-3;-1;-2;0;-2;0;-2;1;-2;1;-2;1;-2;1;-2;1;-2;0;-2;0;-2;1;-1;0;-1;0;-1;-1;0;-1;-1;-1;-1;1;0;3;2;9;6;9;6;8;7;8;7;7;8;6;9;6;10;5;10;5;11;4;11;4;11;3;11;2;11;1;11;0;11;0;11;-1;11;-1;11;-1;10;-1;9;-2;9;-2;8;-3;8;-3;9;-3;8;-3;8;-2;7;-2;7;-111;0;-27;-11;-26;-10;-26;-10;-25;-9;-25;-8;-25;-8;-24;-7;-24;-7;-23;-6;-22;-5;-22;-5;-22;-5;-23;-5;-23;-4;-23;-4;-23;-4;-23;-5;-22;-5;-22;-6;-21;-6;-21;-6;-20;-7;-20;-7;-19;-7;-19;-8;-18;-9;-18;-10;-17;-11;-6;-4;-2;-2;0;0;0;0;0;0;-2;0;-4;-1;-11;-1;-11;-2;-12;-2;-12;-2;-13;-3;-14;-3;-15;-4;-15;-5;-16;-5;-16;-6;-17;-6;-17;-7;-18;-8;-18;-8;-18;-9;-19;-9;-19;-9;-20;-9;-20;-9;-21;-9;-22;-9;-23;-10;-23;-10;-24;-10;-25;-10;-25;-10;-26;-10;-27;-10,stable,EXP_S144,ZONE_02,entree_zone,4.1,entree_zone,entree dans la zone
742853163,-53,6,a0:9f:7a:73:2b:3e,384,-110;-96;8;0;-27;15;-27;15;-26;14;-24;13;-22;13;-19;13;-16;14;-14;15;-13;17;-12;18;-11;19;-11;19;-11;19;-10;19;-9;19;-9;19;-8;19;-7;18;-5;18;-4;18;-3;18;-3;19;-3;19;-3;20;-4;20;-1;5;0;0;0;0;0;0;0;0;0;0;0;0;0;0;0;0;0;0;-5;-3;-20;-10;-18;-13;-16;-15;-12;-16;-9;-16;-6;-13;-5;-10;-5;-6;-7;-1;-10;2;-15;4;-19;4;-24;3;-27;1;-29;-2;-30;-5;-29;-7;-27;-9;-25;-9;-22;-8;-20;-5;-18;-2;-18;2;-18;6;-20;10;-21;13;-111;0;1;9;1;9;1;8;0;7;0;6;-1;4;-2;3;-2;2;-3;2;-3;2;-3;1;-3;0;-2;-1;-2;-2;-2;-2;-2;-3;-3;-3;-2;-3;-2;-3;-2;-3;-1;-3;-1;-4;-1;-4;-1;-4;-1;-4;-1;-4;-1;-3;0;-3;0;-2;0;-1;0;0;-2;0;-1;0;2;-1;6;-2;19;-4;19;-3;19;-1;20;0;20;2;20;3;20;4;20;6;20;7;20;8;19;9;18;10;17;11;16;12;15;13;14;13;14;14;13;14;12;13;11;13;10;13;9;13;8;13;7;14;7;13;6;13;6;12;5;11;-111;0;-48;20;-47;20;-46;20;-45;21;-43;21;-42;21;-41;22;-39;22;-38;22;-36;22;-35;22;-35;22;-35;23;-35;23;-35;23;-35;23;-35;22;-35;21;-35;20;-35;19;-34;18;-34;17;-34;16;-34;15;-35;14;-35;12;-36;10;-36;8;-13;2;-4;0;1;-1;0;-1;0;-1;-2;1;-6;4;-15;12;-16;12;-17;12;-19;12;-21;13;-22;13;-24;13;-25;13;-27;13;-28;13;-30;13;-31;13;-33;12;-34;12;-35;12;-36;12;-36;12;-37;13;-37;14;-39;14;-40;15;-42;16;-43;17;-44;18;-45;19;-46;20;-47;20;-47;21,stable,EXP_S144,ZONE_02,entree_zone,4.1,entree_zone,entree dans la zone
743055071,-53,6,a0:9f:7a:73:2b:3e,384,-110;-96;8;0;18;-20;18;-19;17;-18;16;-18;14;-17;12;-17;9;-17;7;-17;6;-18;4;-19;3;-20;3;-20;2;-20;2;-20;2;-20;1;-19;0;-18;-1;-18;-2;-17;-3;-17;-4;-17;-4;-17;-5;-17;-4;-18;-4;-18;-1;-5;0;0;0;0;0;0;0;0;0;0;0;0;0;0;0;0;0;0;4;1;17;5;16;8;15;11;12;12;9;12;6;10;4;7;4;3;5;-1;7;-5;11;-7;15;-8;19;-8;23;-7;25;-4;26;-2;25;0;24;2;22;2;20;1;17;0;15;-3;13;-6;13;-10;13;-14;14;-17;-111;0;-2;-10;-2;-10;-2;-9;-1;-8;-1;-7;0;-5;0;-4;1;-4;1;-3;2;-3;1;-2;1;-1;1;-1;1;0;1;1;2;1;2;1;1;1;1;2;1;2;1;2;1;3;1;3;1;3;0;3;0;2;0;2;-1;2;-1;0;-1;0;-1;-1;1;-1;0;0;-2;0;-7;0;-18;1;-18;0;-18;-1;-19;-3;-19;-5;-19;-6;-19;-7;-19;-8;-18;-9;-18;-10;-18;-11;-17;-11;-16;-12;-15;-12;-14;-13;-13;-14;-13;-14;-12;-14;-11;-14;-10;-14;-10;-13;-9;-14;-8;-14;-7;-14;-7;-13;-6;-12;-6;-12;-6;-11;-111;0;41;-20;40;-20;39;-20;38;-21;36;-21;35;-21;34;-22;32;-22;31;-21;30;-21;30;-21;29;-21;29;-22;28;-23;28;-23;28;-23;28;-23;28;-23;28;-22;28;-22;28;-21;28;-20;28;-18;28;-17;28;-16;29;-15;29;-13;29;-12;10;-4;3;-1;-1;0;-1;0;-1;0;1;-2;4;-4;13;-10;14;-10;15;-10;16;-10;18;-10;19;-10;20;-11;21;-11;23;-12;24;-12;26;-11;27;-11;28;-10;30;-9;30;-9;31;-9;32;-10;32;-11;33;-12;34;-13;35;-14;36;-15;37;-16;37;-17;39;-17;40;-18;41;-19;41;-19,stable,EXP_S144,ZONE_02,entree_zone,4.1,entree_zone,entree dans la zone
743265490,-53,6,a0:9f:7a:73:2b:3e,384,-110;-96;8;0;-34;2;-33;2;-32;1;-30;1;-27;2;-25;4;-23;6;-22;8;-21;10;-20;12;-20;14;-20;14;-19;15;-19;15;-18;15;-17;15;-17;15;-15;15;-14;15;-13;16;-12;17;-12;17;-12;18;-12;18;-13;18;-4;4;0;0;0;0;0;0;0;0;0;0;0;0;0;0;0;0;0;0;-4;-5;-14;-20;-11;-22;-7;-23;-3;-22;0;-19;1;-16;1;-12;-2;-7;-6;-4;-11;-3;-16;-3;-21;-5;-25;-8;-27;-12;-28;-17;-27;-20;-25;-22;-22;-22;-20;-21;-18;-19;-17;-15;-17;-11;-19;-6;-21;-3;-25;0;-27;2;-117;0;-3;4;-2;5;-2;4;-2;4;-2;3;-1;2;-2;1;-2;0;-2;0;-2;0;-2;0;-2;0;-1;-1;-1;-1;-1;-2;-1;-2;-1;-2;-1;-2;-1;-2;0;-2;0;-2;0;-2;0;-3;0;-3;0;-3;0;-2;0;-2;0;-2;0;-1;0;-1;0;0;-1;-1;-1;-1;1;0;3;1;10;3;10;3;10;4;9;5;9;5;8;6;8;7;7;8;7;9;7;9;7;9;6;9;5;9;5;9;4;10;3;10;3;10;3;10;3;9;2;9;1;8;1;8;0;8;0;8;0;8;0;8;0;7;0;7;-117;0;-29;-1;-28;-1;-28;-1;-27;0;-26;0;-26;1;-25;1;-25;2;-24;2;-23;3;-23;3;-23;4;-23;4;-23;4;-23;4;-23;4;-23;3;-23;3;-22;3;-22;2;-22;2;-21;1;-21;1;-21;0;-21;0;-20;-1;-20;-3;-20;-3;-7;-2;-3;-1;0;0;0;-1;0;-1;-2;0;-4;0;-11;2;-11;2;-12;1;-13;1;-14;1;-14;0;-15;0;-16;0;-17;0;-17;-1;-18;-1;-19;-1;-19;-2;-20;-2;-20;-3;-21;-3;-21;-3;-21;-3;-22;-3;-23;-2;-24;-2;-25;-2;-25;-2;-26;-2;-27;-2;-28;-1;-29;-1;-29;-1,stable,EXP_S144,ZONE_02,entree_zone,4.1,entree_zone,entree dans la zone
743454699,-53,6,a0:9f:7a:73:2b:3e,384,-110;-96;8;0;15;-28;15;-27;15;-26;13;-24;11;-23;9;-22;6;-21;4;-21;1;-22;0;-22;-1;-23;-2;-24;-2;-23;-2;-23;-3;-22;-3;-22;-4;-21;-4;-20;-5;-19;-6;-19;-7;-19;-8;-19;-9;-19;-8;-19;-8;-20;-2;-5;0;0;0;0;0;0;0;0;0;0;0;0;0;0;0;0;0;0;5;-1;21;-2;21;1;20;5;18;8;15;9;11;8;8;6;6;2;6;-3;7;-8;9;-12;13;-15;18;-16;23;-16;26;-14;28;-11;28;-9;27;-7;25;-5;23;-5;19;-6;16;-8;13;-12;12;-16;11;-20;11;-23;-118;0;-7;-9;-6;-9;-6;-9;-5;-8;-4;-6;-3;-5;-1;-4;0;-4;1;-4;1;-4;0;-3;0;-2;1;-1;1;0;2;0;2;0;3;0;2;0;2;1;1;1;1;2;1;3;2;3;2;3;2;3;2;2;1;2;0;2;0;0;-1;0;-1;-1;0;-1;0;-1;-2;1;-6;4;-17;12;-18;11;-19;9;-20;8;-20;6;-21;5;-21;3;-22;2;-23;1;-23;0;-23;-1;-22;-2;-21;-3;-21;-4;-20;-6;-20;-7;-20;-8;-19;-8;-18;-8;-17;-8;-16;-9;-15;-10;-14;-10;-14;-10;-14;-10;-13;-9;-12;-9;-12;-8;-118;0;33;-41;32;-41;31;-40;30;-40;29;-39;28;-39;27;-38;25;-38;24;-37;22;-37;21;-37;20;-37;19;-37;19;-37;19;-37;20;-37;20;-37;21;-36;21;-35;22;-34;22;-33;22;-32;22;-31;23;-30;24;-29;25;-27;26;-26;27;-24;10;-9;3;-3;-1;0;-1;1;-1;0;0;-2;2;-7;7;-18;8;-19;9;-19;10;-20;12;-21;13;-22;15;-23;16;-24;17;-25;19;-26;20;-26;21;-27;23;-27;24;-27;25;-27;26;-27;26;-28;27;-29;27;-30;28;-32;29;-33;30;-34;31;-35;31;-36;31;-38;31;-39;32;-41;32;-42,stable,EXP_S144,ZONE_02,entree_zone,4.1,entree_zone,entree dans la zone
743652305,-53,6,a0:9f:7a:73:2b:3e,384,-110;-96;8;0;22;21;22;21;20;20;19;18;18;16;18;13;18;11;19;8;19;6;20;5;21;4;22;3;22;3;22;3;21;3;21;2;20;1;19;0;19;-1;18;-2;18;-3;19;-4;19;-4;19;-4;20;-4;5;-1;0;0;0;0;0;0;0;0;0;0;0;0;0;0;0;0;0;0;-1;5;-4;21;-7;20;-11;18;-13;15;-13;12;-11;8;-8;6;-4;5;1;6;5;8;8;12;10;16;10;21;9;25;6;28;3;29;1;29;-1;28;-2;25;-2;23;0;20;4;17;7;16;12;15;16;15;19;16;-114;0;10;-2;10;-2;9;-3;8;-3;7;-2;5;-1;3;0;3;2;2;2;2;2;2;2;1;1;-1;1;-2;2;-3;2;-3;3;-3;3;-2;2;-2;1;-3;0;-3;0;-4;0;-5;0;-5;1;-4;1;-3;1;-3;0;-3;-1;-1;-1;-1;-1;0;-1;0;1;0;0;-1;-2;-3;-7;-8;-20;-7;-20;-5;-21;-4;-21;-2;-21;0;-21;2;-22;4;-22;5;-23;6;-23;6;-22;7;-21;8;-20;9;-19;10;-18;11;-18;12;-17;12;-17;12;-16;11;-14;12;-12;12;-11;13;-10;13;-10;13;-10;12;-10;11;-9;11;-8;-114;0;27;44;27;43;26;42;26;41;26;39;26;38;26;37;26;35;26;34;26;33;26;33;26;32;27;32;27;31;27;31;26;31;26;31;25;32;24;32;23;32;22;32;20;32;19;32;18;32;17;32;15;33;13;34;11;34;3;12;0;3;-1;-2;-1;-1;-1;-1;1;1;5;4;15;12;15;13;15;14;16;16;16;17;17;19;17;21;17;22;17;24;17;25;17;26;18;28;17;29;17;31;17;32;18;33;18;33;19;34;20;35;21;36;21;37;22;39;22;40;23;40;24;41;26;42;27;43;28;44,stable,EXP_S144,ZONE_02,entree_zone,4.1,entree_zone,entree dans la zone
743857019,-53,6,a0:9f:7a:73:2b:3e,384,-110;-96;8;0;16;26;15;26;15;25;14;23;14;20;14;18;15;15;16;13;17;11;18;10;19;10;20;9;20;9;20;9;20;9;19;8;19;7;18;6;18;4;18;3;18;3;19;2;19;2;20;2;20;3;5;0;0;0;0;0;0;0;0;0;0;0;0;0;0;0;0;0;0;0;-2;5;-9;19;-12;18;-14;16;-16;12;-15;9;-13;6;-10;5;-5;5;-1;6;2;9;5;14;5;18;4;23;2;26;-1;29;-4;29;-6;29;-8;27;-8;24;-7;22;-4;19;-1;18;3;17;7;18;11;19;14;20;-104;0;9;-2;9;-1;8;-1;7;-1;6;-1;5;0;3;1;2;1;2;2;2;2;1;2;0;2;-1;2;-2;2;-2;2;-3;2;-3;2;-3;2;-3;1;-3;1;-4;0;-4;0;-4;0;-4;1;-4;1;-4;0;-3;0;-3;-1;-1;-1;-1;-1;0;-1;0;1;0;0;-1;-2;-2;-7;-4;-19;-3;-20;-2;-20;0;-20;2;-20;3;-20;5;-20;6;-21;7;-21;9;-20;9;-20;10;-19;11;-18;12;-17;12;-16;13;-15;14;-15;14;-13;13;-12;13;-11;13;-10;13;-9;14;-8;14;-8;13;-8;13;-8;12;-7;12;-6;-104;0;21;47;21;46;22;45;22;44;22;43;22;41;22;40;22;38;22;37;23;36;23;35;23;34;24;34;24;34;24;34;23;34;23;34;22;34;21;34;20;34;19;34;18;33;17;33;16;33;15;34;13;34;11;35;9;35;3;12;0;3;-1;-2;-1;-1;-1;-1;1;1;4;5;13;15;13;15;13;17;13;18;13;19;13;21;13;23;13;24;14;26;14;28;14;29;13;30;13;32;13;33;13;34;13;35;14;36;14;36;15;37;15;39;16;40;17;41;18;42;19;43;20;44;21;45;21;46;22;47,stable,EXP_S144,ZONE_02,entree_zone,4.1,entree_zone,entree dans la zone
744053034,-53,6,a0:9f:7a:73:2b:3e,384,-110;-96;8;0;6;-34;6;-34;6;-32;6;-30;4;-28;1;-26;-1;-25;-4;-24;-6;-23;-8;-24;-9;-24;-10;-24;-10;-24;-10;-23;-10;-23;-10;-22;-11;-21;-11;-19;-12;-18;-13;-17;-14;-17;-15;-16;-16;-17;-15;-17;-15;-18;-4;-5;0;0;0;0;0;0;0;0;0;0;0;0;0;0;0;0;0;0;5;-3;22;-9;23;-6;23;-2;21;2;18;4;14;5;10;3;7;0;5;-5;5;-10;6;-16;9;-20;13;-23;18;-24;22;-23;25;-22;27;-19;26;-17;25;-14;22;-13;18;-13;14;-14;10;-17;7;-20;5;-24;4;-28;-106;0;-5;-3;-5;-3;-4;-3;-4;-3;-3;-3;-2;-3;-2;-3;-1;-3;-1;-2;-1;-2;0;-2;0;-2;0;-1;0;-1;1;-1;1;-1;1;0;1;0;1;0;2;0;2;0;2;0;1;0;1;0;1;1;1;1;1;1;1;1;0;0;0;0;-1;-1;0;-1;0;-1;-1;1;-3;3;-7;8;-8;8;-9;7;-9;7;-10;6;-10;6;-11;5;-11;5;-12;4;-12;3;-12;3;-12;2;-12;1;-12;1;-12;0;-12;-1;-12;-1;-11;-1;-11;-2;-11;-2;-10;-2;-10;-2;-9;-2;-9;-3;-9;-3;-8;-3;-8;-3;-7;-4;-106;0;10;-27;9;-27;9;-27;9;-27;8;-26;7;-26;6;-25;6;-25;5;-24;5;-24;4;-23;3;-23;3;-23;3;-23;3;-23;3;-23;3;-23;4;-23;4;-22;4;-22;4;-22;5;-21;5;-21;6;-20;6;-20;7;-19;8;-19;9;-18;3;-7;1;-2;-1;0;-1;0;-1;0;0;-2;0;-4;1;-11;1;-12;2;-12;3;-12;3;-13;4;-14;4;-15;4;-16;5;-17;6;-17;6;-18;7;-18;8;-18;8;-18;9;-19;9;-19;9;-19;9;-20;9;-21;9;-21;9;-22;9;-23;9;-24;9;-25;10;-26;10;-27;10;-27;10;-28,stable,EXP_S144,ZONE_02,entree_zone,4.1,entree_zone,entree dans la zone
744254463,-53,6,a0:9f:7a:73:2b:3e,384,-110;-96;8;0;14;27;13;27;12;26;11;24;11;22;12;19;13;17;14;15;16;14;17;13;18;12;18;12;19;11;19;11;19;11;18;10;18;9;17;7;18;6;18;5;18;5;19;4;19;4;19;5;19;5;4;1;0;0;0;0;0;0;0;0;0;0;0;0;0;0;0;0;0;0;-3;4;-10;19;-13;17;-16;14;-17;11;-16;7;-14;5;-10;3;-6;4;-2;6;2;10;4;14;4;19;2;24;0;27;-3;29;-7;29;-9;28;-10;26;-10;24;-9;21;-6;19;-3;18;1;18;5;18;9;20;11;21;-112;0;10;-2;10;-3;9;-3;8;-3;6;-3;4;-2;2;0;1;1;2;3;2;3;2;2;1;1;-1;0;-2;0;-3;1;-4;2;-3;3;-2;2;-2;1;-2;0;-3;-1;-5;-1;-5;0;-5;1;-4;1;-4;1;-3;0;-2;-1;-1;-1;-1;-1;0;-1;0;1;0;0;-2;-2;-4;-7;-9;-19;-9;-20;-8;-20;-6;-20;-4;-21;-2;-21;0;-22;2;-23;3;-23;4;-24;4;-23;5;-22;7;-20;8;-19;10;-18;12;-18;12;-18;11;-17;10;-16;10;-14;11;-12;12;-11;13;-10;14;-10;13;-11;12;-10;10;-9;9;-8;-112;0;26;44;26;44;26;43;26;42;26;41;26;39;26;38;25;37;25;35;25;34;25;33;25;33;25;32;25;32;25;33;24;33;24;33;23;34;22;34;21;34;20;34;18;34;17;33;15;33;14;34;12;35;9;35;7;36;2;13;0;4;-1;-2;-2;-1;-1;-1;1;1;5;3;16;10;16;11;16;12;17;14;17;16;18;18;18;20;18;21;18;22;19;23;19;25;20;27;20;29;19;30;19;31;18;32;18;32;19;33;20;34;22;35;22;37;23;38;24;39;24;40;25;41;26;42;27;43;28;44,stable,EXP_S144,ZONE_02,entree_zone,4.1,entree_zone,entree dans la zone
744455294,-53,6,a0:9f:7a:73:2b:3e,384,-110;-96;8;0;22;24;22;25;20;24;19;22;18;20;18;17;19;14;20;12;21;10;22;9;23;8;23;7;23;7;23;7;23;6;22;6;22;5;21;3;21;2;21;1;21;0;21;-1;22;0;22;0;22;1;5;0;0;0;0;0;0;0;0;0;0;0;0;0;0;0;0;0;0;0;-1;5;-5;23;-8;22;-12;20;-14;17;-14;13;-13;10;-10;7;-5;6;0;6;5;9;8;13;10;19;10;24;8;28;6;31;2;33;-1;32;-3;31;-3;28;-3;25;-1;22;2;20;7;18;11;18;15;18;18;19;-111;0;4;-3;4;-3;4;-4;4;-4;2;-4;1;-2;1;-1;1;0;1;1;1;1;1;0;0;0;-1;0;-2;0;-2;1;-2;2;-1;2;0;1;-1;0;-1;0;-2;0;-3;0;-3;1;-3;1;-2;1;-1;1;-1;0;-1;0;-1;-1;-1;-1;0;-1;0;0;0;0;-1;-1;-4;-3;-9;-8;-9;-8;-8;-9;-7;-9;-7;-10;-6;-10;-5;-11;-4;-12;-4;-13;-3;-13;-3;-13;-2;-12;-1;-12;0;-12;1;-12;2;-12;2;-12;2;-12;1;-11;2;-10;2;-9;3;-8;4;-8;5;-8;4;-9;4;-8;3;-7;2;-7;-111;0;22;17;22;16;22;16;22;15;21;14;21;14;21;13;20;13;20;12;20;12;20;11;20;11;20;11;20;11;20;11;19;11;19;11;19;11;18;12;18;12;17;12;17;13;16;13;15;13;14;14;13;14;12;15;11;16;4;6;1;2;-1;-1;-1;-1;-1;-1;1;0;3;0;10;2;10;2;10;2;11;3;12;4;13;5;13;6;13;7;14;7;14;7;15;8;16;9;16;10;16;11;16;11;15;12;16;12;16;12;17;12;18;13;19;14;20;14;20;15;21;15;21;15;22;15;23;15;24;15,stable,EXP_S144,ZONE_02,entree_zone,4.1,entree_zone,entree dans la zone
744652586,-53,6,a0:9f:7a:73:2b:3e,384,-110;-96;8;0;22;-25;22;-25;22;-24;20;-22;18;-22;15;-21;12;-21;10;-22;8;-23;6;-24;5;-25;5;-25;4;-25;3;-25;3;-24;3;-24;2;-23;0;-22;-1;-22;-2;-22;-3;-22;-4;-22;-4;-23;-3;-23;-3;-23;-1;-6;0;0;0;0;0;0;0;0;0;0;0;0;0;0;0;0;0;0;5;0;23;3;22;6;21;10;18;13;14;13;10;12;7;8;6;4;7;-1;9;-6;13;-10;18;-12;23;-12;27;-11;30;-8;32;-5;32;-3;31;-1;28;1;26;0;22;-2;20;-5;18;-9;17;-13;17;-17;18;-21;-105;0;-3;-5;-3;-6;-3;-5;-3;-5;-2;-4;-2;-3;-1;-3;0;-2;0;-2;0;-2;0;-2;0;-1;0;-1;0;0;1;1;1;1;1;0;1;1;1;1;0;1;0;1;0;2;1;2;1;2;1;1;1;1;0;1;0;1;0;0;-1;0;-1;-1;0;-1;0;-1;-1;0;-4;2;-10;5;-10;5;-11;5;-11;4;-11;3;-11;2;-12;1;-12;0;-13;0;-13;-1;-13;-1;-12;-2;-12;-3;-11;-4;-11;-5;-11;-5;-11;-5;-11;-5;-10;-5;-9;-5;-9;-5;-8;-6;-8;-6;-8;-6;-7;-6;-7;-6;-6;-6;-6;-5;-105;0;20;-20;20;-20;20;-20;19;-20;18;-19;18;-19;17;-19;16;-19;15;-19;15;-18;14;-18;14;-18;14;-18;14;-18;14;-18;14;-18;14;-18;14;-18;15;-18;15;-17;15;-16;15;-16;15;-15;15;-14;15;-13;16;-12;17;-11;17;-10;6;-4;2;-1;-1;0;-1;0;-1;0;0;-2;1;-4;4;-10;5;-10;5;-11;6;-11;7;-11;8;-12;9;-12;9;-13;10;-13;11;-14;12;-14;13;-14;14;-14;14;-14;15;-14;15;-14;15;-14;16;-15;16;-15;17;-16;17;-17;18;-17;18;-18;18;-18;19;-19;19;-19;20;-20;21;-21,stable,EXP_S144,ZONE_02,entree_zone,4.1,entree_zone,entree dans la zone
744852404,-53,6,a0:9f:7a:73:2b:3e,384,-110;-96;8;0;-14;-29;-13;-29;-12;-28;-12;-26;-12;-23;-13;-21;-14;-18;-15;-16;-17;-15;-18;-14;-19;-13;-20;-13;-20;-12;-20;-12;-20;-11;-20;-10;-19;-10;-19;-8;-19;-7;-19;-6;-20;-5;-20;-4;-21;-4;-21;-4;-21;-5;-6;-2;0;0;0;0;0;0;0;0;0;0;0;0;0;0;0;0;0;0;2;-5;12;-18;15;-17;17;-13;18;-10;17;-6;14;-4;10;-3;5;-3;1;-6;-2;-10;-3;-15;-3;-20;-1;-25;2;-28;5;-30;8;-30;11;-29;12;-27;12;-24;10;-22;7;-20;4;-19;-1;-18;-5;-19;-9;-21;-11;-23;-115;0;-12;-1;-12;-1;-11;-1;-9;-1;-7;-1;-5;-1;-4;-2;-3;-3;-3;-3;-3;-3;-2;-3;-1;-2;0;-2;1;-2;2;-2;2;-3;2;-3;2;-2;2;-2;2;-1;3;0;4;0;4;0;4;-1;4;-1;3;-1;2;-1;1;0;0;0;0;0;-1;0;-1;-2;0;-1;0;2;0;7;0;20;-1;21;-2;21;-4;21;-6;21;-8;20;-9;20;-11;19;-12;19;-13;19;-14;19;-14;18;-15;16;-16;15;-17;14;-18;13;-18;12;-18;12;-17;11;-16;9;-16;8;-16;6;-17;6;-17;5;-16;5;-15;5;-14;5;-13;5;-115;0;-13;-52;-13;-52;-14;-50;-14;-49;-14;-47;-14;-46;-14;-45;-15;-44;-15;-42;-16;-41;-16;-40;-17;-39;-18;-39;-18;-39;-18;-39;-18;-39;-17;-39;-16;-39;-15;-40;-14;-39;-13;-39;-12;-38;-11;-38;-10;-37;-8;-37;-6;-37;-4;-37;-2;-37;-1;-14;0;-4;0;1;0;1;0;0;-2;-2;-4;-6;-11;-17;-11;-18;-11;-20;-11;-21;-11;-23;-11;-25;-10;-26;-10;-28;-10;-29;-10;-31;-9;-32;-9;-34;-9;-35;-8;-36;-8;-37;-7;-38;-7;-38;-8;-39;-8;-41;-9;-42;-9;-43;-10;-45;-10;-46;-11;-47;-12;-48;-13;-50;-14;-51;-14;-52,stable,EXP_S144,ZONE_02,entree_zone,4.1,entree_zone,entree dans la zone
745052208,-53,6,a0:9f:7a:73:2b:3e,384,-110;-96;8;0;30;14;29;14;28;14;27;13;25;11;24;8;23;5;23;3;23;1;23;-1;24;-2;24;-3;24;-3;24;-3;23;-4;22;-4;21;-5;20;-6;20;-7;20;-8;19;-9;19;-10;19;-10;20;-10;20;-10;5;-3;0;0;0;0;0;0;0;0;0;0;0;0;0;0;0;0;0;0;1;5;3;23;0;23;-4;23;-8;20;-9;17;-9;13;-7;9;-2;7;3;6;8;6;12;9;16;13;18;18;18;23;17;27;14;29;11;30;9;29;7;27;7;24;8;21;10;17;13;14;17;12;21;11;25;11;-109;0;9;-6;9;-6;9;-6;7;-5;6;-4;4;-3;3;-1;2;0;2;1;3;1;2;1;1;1;0;1;-2;1;-3;2;-3;3;-2;3;-2;3;-2;2;-3;1;-4;0;-5;1;-5;1;-5;2;-4;2;-3;1;-3;1;-3;0;-1;0;-1;-1;0;-1;0;0;0;0;-2;-2;-6;-6;-15;-17;-14;-18;-13;-19;-11;-20;-10;-21;-8;-22;-6;-23;-5;-24;-4;-25;-3;-26;-2;-26;0;-25;1;-24;3;-24;4;-23;6;-23;6;-23;6;-22;6;-21;7;-19;8;-17;9;-16;10;-15;10;-15;10;-15;9;-14;9;-13;8;-12;-109;0;42;38;42;37;42;36;41;34;41;33;40;31;40;30;40;29;39;28;38;27;37;26;37;25;38;25;38;24;38;24;38;25;37;25;36;25;36;26;35;26;33;27;32;27;31;28;29;28;28;29;26;30;24;32;23;33;8;12;2;3;-1;-1;-2;-1;-1;-1;2;0;7;2;19;7;20;8;21;9;22;11;23;12;24;14;25;15;25;17;26;18;27;19;28;21;28;22;29;24;29;26;29;27;29;28;30;29;31;29;32;30;34;30;35;32;37;33;38;33;39;34;40;35;41;36;43;36;44;37,stable,EXP_S144,ZONE_02,entree_zone,4.1,entree_zone,entree dans la zone
745252326,-53,6,a0:9f:7a:73:2b:3e,384,-110;-96;8;0;-25;19;-25;19;-24;18;-22;17;-20;16;-17;16;-15;17;-12;17;-11;18;-10;19;-9;20;-8;21;-8;21;-7;21;-7;21;-6;20;-5;19;-4;19;-2;19;-1;19;-1;19;0;19;0;20;-1;20;-1;20;-1;5;0;0;0;0;0;0;0;0;0;0;0;0;0;0;0;0;0;0;-6;-2;-21;-8;-20;-11;-18;-14;-15;-15;-11;-15;-8;-13;-6;-9;-5;-5;-7;-1;-10;3;-14;6;-19;7;-24;7;-27;5;-30;2;-31;-1;-31;-3;-29;-5;-27;-6;-24;-5;-21;-3;-19;1;-18;4;-18;8;-19;13;-20;15;-104;0;3;9;3;9;3;9;3;8;3;6;2;4;0;3;-2;2;-3;2;-3;2;-2;2;-2;1;-2;-1;-2;-2;-3;-3;-4;-3;-4;-2;-3;-2;-2;-2;-1;-2;-1;-3;-1;-4;-2;-5;-2;-5;-3;-4;-2;-3;-2;-3;-1;-3;-1;-1;0;-1;0;0;-2;0;-1;0;1;-2;6;-4;18;-10;18;-9;19;-8;19;-6;20;-5;20;-3;21;-1;22;0;22;2;23;2;22;3;21;4;20;5;19;6;19;8;19;9;18;10;18;10;17;9;15;9;13;10;12;11;11;12;11;12;11;12;11;11;10;10;9;9;-104;0;-42;32;-41;32;-40;32;-38;32;-37;32;-36;32;-34;31;-33;31;-31;30;-30;30;-29;31;-28;31;-28;31;-28;31;-29;31;-29;31;-29;30;-30;29;-30;28;-30;27;-30;26;-30;25;-30;24;-30;23;-31;22;-32;20;-33;18;-34;16;-13;5;-4;1;0;-1;0;-2;0;-1;-2;1;-4;5;-11;16;-11;16;-12;17;-14;18;-16;19;-18;19;-20;19;-21;20;-22;20;-23;20;-24;21;-26;22;-28;22;-29;22;-30;21;-31;21;-31;22;-32;23;-33;24;-34;25;-35;26;-37;27;-38;28;-38;29;-39;30;-39;32;-40;33;-41;34,stable,EXP_S144,ZONE_02,entree_zone,4.1,entree_zone,entree dans la zone
745453864,-53,6,a0:9f:7a:73:2b:3e,384,-110;-96;8;0;15;-30;15;-30;15;-28;14;-27;11;-25;8;-24;5;-23;3;-23;0;-23;-2;-24;-3;-24;-4;-24;-5;-24;-5;-24;-5;-23;-6;-23;-6;-22;-8;-21;-9;-20;-10;-19;-11;-19;-11;-19;-12;-19;-12;-19;-12;-20;-3;-5;0;0;0;0;0;0;0;0;0;0;0;0;0;0;0;0;0;0;5;0;23;2;22;5;20;9;17;11;14;12;10;11;7;7;5;2;5;-3;7;-8;11;-12;16;-15;21;-16;25;-15;29;-13;30;-10;31;-7;30;-5;28;-4;24;-4;20;-5;17;-8;14;-12;12;-16;11;-21;11;-24;-107;0;-8;-11;-8;-11;-7;-10;-6;-9;-5;-8;-3;-7;-2;-6;-1;-5;0;-5;0;-4;0;-4;0;-3;1;-2;1;-1;2;0;3;0;3;0;3;0;2;1;2;1;1;2;1;3;2;3;2;3;2;2;1;2;1;2;0;2;0;0;-1;0;-1;-1;1;-1;0;-1;-2;1;-7;4;-20;11;-21;9;-21;8;-22;6;-23;5;-23;4;-24;2;-25;1;-25;-1;-26;-2;-25;-3;-25;-4;-24;-5;-23;-7;-23;-8;-22;-9;-22;-10;-21;-10;-20;-10;-19;-10;-18;-10;-17;-11;-16;-11;-16;-12;-15;-12;-14;-11;-13;-11;-12;-11;-107;0;36;-42;36;-42;34;-42;33;-41;31;-41;30;-40;29;-40;28;-40;26;-39;25;-39;23;-38;22;-38;22;-38;21;-39;21;-39;22;-39;22;-39;22;-39;22;-38;23;-37;23;-36;24;-35;24;-34;25;-32;26;-31;27;-29;29;-27;30;-26;11;-9;3;-3;-1;0;-1;1;-1;0;0;-2;3;-7;9;-19;10;-19;11;-20;13;-20;14;-21;16;-22;17;-23;18;-24;20;-25;21;-26;23;-27;24;-27;26;-27;27;-27;28;-27;29;-27;29;-28;30;-29;30;-30;31;-32;32;-33;32;-34;33;-36;34;-37;35;-39;35;-41;36;-42;37;-43,stable,EXP_S144,ZONE_02,entree_zone,4.1,entree_zone,entree dans la zone
745652354,-53,6,a0:9f:7a:73:2b:3e,384,-110;-96;8;0;7;33;6;33;6;31;6;29;6;27;7;24;9;21;11;19;13;17;15;16;16;16;17;15;18;15;19;14;19;14;19;13;19;12;19;10;19;9;19;8;19;7;20;6;20;6;21;6;21;7;5;1;0;0;0;0;0;0;0;0;0;0;0;0;0;0;0;0;0;0;-5;3;-21;12;-23;9;-24;5;-23;1;-20;-2;-16;-3;-11;-2;-7;1;-4;5;-2;10;-3;16;-5;21;-8;25;-12;27;-16;28;-19;27;-21;25;-22;23;-21;20;-18;18;-14;16;-10;16;-5;17;-1;19;3;22;5;25;-108;0;6;2;6;1;5;1;5;1;4;1;3;1;2;1;1;1;1;1;1;1;1;1;0;1;0;0;-1;0;-1;0;-2;0;-2;0;-2;0;-2;0;-2;0;-2;-1;-2;-1;-2;-1;-2;-1;-2;-1;-2;-1;-2;-1;-1;-1;-1;-1;-1;-1;0;0;-1;0;-1;0;0;-2;1;-4;5;-10;5;-10;6;-10;7;-10;7;-9;8;-9;9;-8;9;-8;10;-8;10;-7;11;-7;11;-6;11;-5;11;-4;11;-4;11;-3;11;-3;11;-3;10;-3;10;-2;9;-2;9;-1;9;-1;9;-1;9;0;9;0;8;0;8;0;-108;0;-3;28;-2;27;-2;27;-1;26;-1;26;0;25;1;24;1;24;1;23;2;23;2;22;3;22;3;22;4;22;4;22;4;22;3;22;3;22;3;22;2;21;2;21;2;20;1;20;1;20;0;20;-1;20;-2;20;-3;19;-2;7;-1;2;-1;-1;-1;-1;0;-1;0;1;0;3;0;10;0;10;0;11;-1;12;-1;13;-1;13;-2;14;-2;15;-3;15;-3;16;-3;17;-4;18;-4;18;-4;19;-5;19;-5;19;-5;20;-4;20;-4;21;-4;22;-4;23;-4;24;-4;24;-4;25;-3;26;-3;26;-3;27;-2;28,stable,EXP_S144,ZONE_02,entree_zone,4.1,entree_zone,entree dans la zone
745852427,-53,6,a0:9f:7a:73:2b:3e,384,-110;-96;8;0;19;-25;19;-25;19;-23;18;-22;15;-21;12;-20;10;-20;7;-20;5;-21;3;-21;2;-22;1;-22;0;-23;0;-23;-1;-22;-1;-22;-2;-21;-3;-21;-4;-20;-5;-20;-6;-20;-6;-20;-6;-20;-6;-20;-6;-20;-2;-5;0;0;0;0;0;0;0;0;0;0;0;0;0;0;0;0;0;0;5;1;20;6;20;8;17;12;14;13;11;13;7;12;5;8;4;3;5;-1;8;-6;12;-9;16;-10;21;-11;26;-9;28;-7;30;-4;29;-1;28;1;26;1;23;1;20;-1;17;-4;15;-7;14;-12;14;-16;15;-19;-105;0;-6;-10;-6;-11;-7;-10;-7;-9;-6;-7;-4;-5;-2;-4;0;-4;1;-4;1;-5;0;-4;-1;-3;-1;-1;0;0;1;1;2;1;2;0;2;-1;0;-1;-1;0;-1;1;-1;3;0;3;1;3;1;2;1;1;0;1;0;1;-1;0;-1;0;-1;-1;1;-1;0;-1;-2;1;-7;4;-18;11;-19;10;-20;9;-20;8;-21;6;-21;4;-23;2;-24;1;-25;0;-25;-1;-25;-1;-23;-2;-22;-3;-22;-5;-21;-7;-22;-8;-22;-9;-21;-9;-20;-8;-18;-9;-16;-9;-15;-11;-15;-12;-15;-13;-15;-12;-15;-11;-14;-9;-13;-8;-105;0;35;-38;34;-38;33;-38;32;-38;30;-37;29;-37;28;-37;27;-36;25;-35;24;-35;23;-35;22;-35;22;-35;22;-35;22;-35;22;-35;23;-35;23;-34;23;-34;24;-33;24;-32;24;-30;25;-29;25;-28;26;-27;27;-25;29;-23;30;-22;11;-8;3;-2;-1;0;-1;1;-1;0;0;-2;3;-6;8;-17;9;-18;9;-19;10;-20;12;-21;13;-22;15;-22;16;-23;17;-23;18;-24;20;-25;21;-26;23;-26;25;-26;26;-26;27;-26;27;-26;27;-27;28;-29;29;-30;30;-31;31;-32;32;-33;32;-34;32;-36;33;-37;34;-39;34;-40,stable,EXP_S144,ZONE_02,entree_zone,4.1,entree_zone,entree dans la zone
746052394,-53,6,a0:9f:7a:73:2b:3e,384,-110;-96;8;0;30;4;30;5;29;5;27;4;25;3;23;1;22;-1;20;-3;20;-6;19;-8;19;-9;19;-10;19;-11;19;-11;18;-12;18;-12;17;-12;16;-13;15;-14;14;-14;13;-15;13;-15;13;-16;13;-16;13;-16;3;-4;0;0;0;0;0;0;0;0;0;0;0;0;0;0;0;0;0;0;1;5;5;20;2;21;-2;21;-5;19;-7;16;-7;12;-5;9;-2;6;3;4;8;4;13;6;17;9;19;14;20;18;19;21;18;24;15;25;13;25;11;23;10;20;10;17;11;13;14;9;17;6;21;4;24;3;-113;0;4;-11;4;-11;3;-11;3;-10;2;-8;2;-6;2;-4;2;-3;3;-3;3;-2;2;-2;1;-2;0;-1;0;0;0;1;0;2;0;2;0;1;0;1;-1;1;-1;1;-2;2;-2;3;-1;3;-1;3;-1;2;-1;1;-2;0;-1;0;-1;-1;-1;-1;1;0;0;0;-2;-2;-7;-5;-18;-13;-17;-13;-17;-14;-16;-15;-14;-16;-13;-18;-12;-19;-12;-20;-11;-21;-10;-22;-9;-22;-8;-22;-7;-22;-5;-21;-4;-22;-3;-22;-3;-22;-3;-21;-2;-21;-2;-20;-1;-19;1;-18;2;-18;2;-18;2;-18;1;-17;1;-16;1;-15;-113;0;50;10;50;9;49;8;48;6;47;5;46;4;46;3;45;2;44;1;43;-1;42;-2;41;-3;41;-4;41;-4;41;-4;41;-4;41;-3;41;-3;40;-2;40;-2;39;-1;38;-1;38;0;37;0;37;2;36;4;36;6;35;7;12;3;3;1;-2;-1;-2;-1;-1;-1;1;0;6;0;19;1;19;1;20;2;21;3;23;4;24;5;25;6;26;6;28;7;29;7;31;8;32;9;33;10;34;11;34;12;34;12;35;12;36;12;38;12;39;12;41;12;43;12;44;12;46;11;47;10;49;9;50;9;51;9,stable,EXP_S144,ZONE_02,entree_zone,4.1,entree_zone,entree dans la zone
746254268,-53,6,a0:9f:7a:73:2b:3e,384,-110;-96;8;0;30;-5;30;-4;29;-4;27;-4;25;-4;22;-5;20;-7;19;-9;17;-11;16;-13;16;-14;15;-15;15;-16;15;-16;14;-17;14;-17;13;-16;12;-16;11;-17;10;-17;9;-18;8;-18;8;-18;8;-18;9;-18;2;-5;0;0;0;0;0;0;0;0;0;0;0;0;0;0;0;0;0;0;3;4;11;18;8;19;4;20;1;19;-2;17;-3;13;-2;9;0;5;4;2;9;1;14;2;19;4;23;7;25;11;25;15;24;17;22;19;19;20;17;19;15;16;14;13;14;9;15;4;18;1;21;-3;23;-4;-105;0;3;-12;2;-12;2;-11;2;-10;1;-9;1;-7;1;-5;2;-4;3;-3;3;-3;2;-3;1;-2;0;-1;-1;0;0;1;0;1;1;1;1;1;0;1;-1;1;-2;1;-2;2;-2;2;-2;2;-1;2;-1;1;-1;1;-1;0;-1;0;-1;0;-1;-1;1;0;0;0;-3;-1;-8;-2;-20;-6;-20;-7;-20;-8;-20;-10;-19;-11;-18;-13;-17;-15;-17;-16;-16;-17;-16;-18;-15;-18;-14;-19;-12;-19;-11;-20;-9;-21;-9;-21;-8;-21;-8;-21;-7;-20;-6;-19;-5;-18;-4;-18;-2;-18;-2;-19;-2;-19;-2;-18;-2;-16;-2;-15;-105;0;50;0;50;0;49;-1;48;-2;47;-2;46;-3;45;-4;44;-4;43;-5;42;-5;41;-6;40;-6;40;-6;40;-7;40;-7;40;-7;40;-6;40;-6;40;-5;39;-4;39;-3;38;-2;37;-1;37;0;36;2;36;4;35;6;35;8;12;3;3;1;-2;-1;-2;0;-1;0;1;-1;6;-3;18;-6;18;-6;19;-6;21;-5;23;-5;24;-4;26;-4;27;-3;28;-3;30;-2;31;-2;33;-1;34;0;35;1;36;2;36;2;37;2;38;2;39;1;41;1;42;1;44;1;45;1;46;1;48;0;49;0;50;-1;51;-1,stable,EXP_S144,ZONE_02,entree_zone,4.1,entree_zone,entree dans la zone
746452472,-53,6,a0:9f:7a:73:2b:3e,384,-110;-96;8;0;-25;23;-25;22;-24;21;-22;20;-20;19;-17;18;-14;18;-11;18;-8;19;-6;20;-4;21;-3;22;-2;23;-2;23;-1;23;-1;22;0;22;1;21;2;21;3;20;4;20;5;20;5;20;6;20;5;20;1;5;0;0;0;0;0;0;0;0;0;0;0;0;0;0;0;0;0;0;-5;-3;-20;-13;-18;-16;-15;-18;-11;-19;-7;-17;-5;-14;-4;-10;-4;-5;-7;0;-11;4;-16;6;-21;6;-26;5;-30;3;-32;-1;-33;-4;-32;-6;-30;-8;-27;-8;-24;-7;-21;-4;-18;0;-17;5;-16;10;-17;14;-19;18;-119;0;0;6;0;6;0;6;0;5;0;4;0;3;-1;2;-1;2;-2;2;-2;1;-2;1;-1;1;-1;0;-1;0;-1;-1;-2;-1;-2;-1;-1;-1;-1;0;-1;-1;0;-1;0;-2;0;-2;-1;-2;-1;-2;-1;-1;-1;-1;0;-1;0;-1;0;-1;0;0;-1;0;-1;-1;1;-1;3;-1;10;0;10;0;10;1;10;2;10;3;10;4;10;5;10;5;10;6;10;7;10;7;9;7;9;7;8;8;7;8;7;9;7;9;6;9;6;9;5;8;4;8;4;8;3;9;3;9;3;9;3;8;3;8;3;7;-119;0;-26;10;-25;10;-24;10;-24;11;-23;11;-22;11;-21;11;-21;11;-20;11;-19;12;-19;12;-18;12;-18;13;-18;13;-18;13;-18;13;-18;13;-18;12;-18;12;-18;11;-18;11;-18;11;-18;10;-18;10;-18;9;-18;8;-19;7;-19;6;-7;2;-3;0;0;-1;0;-1;0;-1;-1;0;-4;1;-9;5;-10;5;-10;5;-11;5;-12;5;-13;5;-14;5;-14;5;-15;5;-15;5;-16;5;-17;5;-18;5;-18;5;-19;5;-19;5;-20;5;-20;5;-21;6;-21;6;-22;7;-23;7;-23;7;-24;8;-24;9;-25;9;-25;10;-26;10,stable,EXP_S144,ZONE_02,entree_zone,4.1,entree_zone,entree dans la zone
746652382,-53,6,a0:9f:7a:73:2b:3e,384,-110;-96;8;0;-35;8;-34;7;-33;6;-30;5;-26;6;-23;7;-20;9;-18;11;-16;13;-14;15;-13;17;-13;19;-12;20;-12;20;-12;20;-11;20;-10;20;-9;20;-7;20;-6;20;-5;19;-4;19;-4;20;-3;20;-3;20;-1;5;0;0;0;0;0;0;0;0;0;0;0;0;0;0;0;0;0;0;-3;-6;-8;-23;-5;-24;-1;-23;2;-21;4;-18;4;-13;2;-9;-1;-5;-6;-3;-12;-2;-18;-4;-23;-7;-26;-11;-28;-15;-28;-19;-26;-22;-23;-24;-20;-23;-18;-22;-16;-18;-15;-14;-15;-9;-17;-3;-19;1;-23;5;-26;7;-115;0;-2;7;-2;7;-2;7;-1;7;-1;6;-1;4;-2;3;-2;2;-3;2;-3;2;-2;2;-2;2;-1;1;-1;0;-1;-1;-2;-1;-2;-1;-2;0;-2;0;-1;0;0;-1;0;-1;0;-2;-1;-2;-1;-2;-1;-1;-1;-1;-1;-1;-1;0;0;0;0;-1;-1;-1;-1;-1;1;0;4;0;11;1;11;1;11;2;11;3;10;4;10;5;10;6;10;7;10;8;10;8;9;8;9;9;8;9;7;9;6;10;6;11;6;11;5;11;5;10;4;10;3;10;2;10;2;10;2;10;2;10;2;10;2;9;1;8;-115;0;-27;6;-27;6;-26;6;-25;6;-25;7;-24;7;-23;7;-23;7;-22;7;-21;8;-21;8;-20;8;-20;8;-20;8;-21;8;-21;8;-21;8;-21;8;-21;7;-20;7;-20;6;-20;6;-20;5;-20;4;-20;4;-20;2;-20;1;-20;0;-7;0;-3;-1;0;-1;0;-1;0;-1;-1;0;-4;1;-9;5;-10;5;-10;5;-11;5;-12;5;-13;5;-14;4;-15;4;-15;4;-16;5;-17;5;-18;4;-19;4;-19;3;-20;3;-20;3;-20;3;-20;4;-21;4;-22;4;-23;4;-24;5;-24;5;-25;5;-25;6;-26;6;-27;7;-27;7,stable,EXP_S144,ZONE_02,entree_zone,4.1,entree_zone,entree dans la zone
746852392,-53,6,a0:9f:7a:73:2b:3e,384,-110;-96;8;0;35;-2;35;-1;33;0;30;0;27;-1;24;-3;21;-5;19;-8;18;-11;17;-13;16;-16;16;-17;17;-18;17;-19;17;-19;16;-18;16;-18;14;-18;13;-17;12;-17;10;-18;10;-18;9;-18;9;-19;9;-19;2;-5;0;0;0;0;0;0;0;0;0;0;0;0;0;0;0;0;0;0;2;5;7;23;4;23;0;23;-3;21;-5;17;-5;13;-3;8;1;5;7;4;12;4;18;6;22;9;25;14;25;18;25;22;23;25;20;26;17;25;14;23;13;19;13;14;14;9;17;5;20;1;25;-2;28;-4;-110;0;4;-7;4;-7;4;-7;4;-6;3;-5;3;-4;3;-3;3;-2;3;-2;3;-2;3;-2;2;-2;1;-1;1;-1;1;0;1;0;1;0;1;0;1;0;1;0;0;0;0;0;-1;1;0;1;0;1;0;0;0;0;0;0;0;0;0;-1;-1;-1;0;0;0;0;-2;-1;-4;-2;-10;-6;-10;-7;-10;-7;-9;-8;-8;-9;-8;-10;-7;-11;-6;-11;-6;-12;-6;-12;-5;-12;-5;-12;-4;-12;-3;-12;-2;-12;-1;-13;-1;-13;-1;-12;0;-12;0;-11;1;-11;2;-11;2;-11;3;-11;3;-11;2;-10;2;-10;2;-9;-110;0;27;5;27;5;26;4;26;4;25;3;25;3;24;3;24;2;23;2;22;1;22;1;22;1;22;0;22;0;22;0;22;1;21;1;21;1;21;2;21;2;20;3;20;3;19;3;19;4;19;5;18;6;18;7;17;8;6;3;1;1;-1;-1;-1;0;-1;0;1;-1;3;-1;11;-3;11;-2;12;-2;12;-2;13;-1;14;-1;15;0;15;1;16;1;17;1;18;2;18;2;19;3;19;4;19;4;20;4;20;4;20;4;21;4;22;4;23;4;24;5;24;5;25;5;25;4;26;4;27;4;28;4,stable,EXP_S144,ZONE_02,entree_zone,4.1,entree_zone,entree dans la zone
747052089,-53,6,a0:9f:7a:73:2b:3e,384,-110;-96;8;0;31;7;30;8;29;8;26;7;24;6;22;3;21;1;19;-2;19;-5;19;-7;19;-9;19;-10;20;-11;20;-11;19;-11;19;-11;18;-11;17;-11;16;-12;15;-12;14;-13;13;-13;13;-14;13;-14;13;-14;3;-4;0;0;0;0;0;0;0;0;0;0;0;0;0;0;0;0;0;0;0;5;2;22;-1;22;-5;21;-7;18;-8;15;-7;11;-5;8;-1;6;4;5;9;6;14;8;17;12;19;16;19;21;17;24;15;27;12;27;10;26;8;24;7;20;8;16;10;13;13;9;17;6;22;5;25;4;-118;0;9;-10;9;-10;8;-9;7;-9;6;-7;6;-6;5;-4;5;-2;5;-2;5;-2;5;-2;3;-2;2;-1;1;0;1;1;2;2;2;2;2;1;1;1;0;1;-1;1;-2;1;-2;2;-1;2;0;2;0;1;0;1;-1;0;-1;0;-1;0;-1;-1;0;0;0;0;-2;-2;-6;-6;-14;-15;-14;-16;-13;-17;-12;-18;-10;-19;-9;-20;-8;-21;-7;-22;-6;-23;-5;-24;-4;-24;-3;-23;-2;-22;0;-22;2;-22;3;-22;3;-22;3;-21;3;-21;4;-19;5;-18;6;-17;7;-17;8;-18;8;-18;7;-17;7;-16;6;-14;-118;0;48;19;47;18;47;17;46;15;45;14;45;12;44;11;43;11;42;10;41;8;41;7;40;6;40;6;40;5;40;5;40;6;40;6;40;6;39;7;39;7;38;8;37;8;36;9;35;9;35;11;33;12;32;14;31;16;11;6;3;2;-2;-1;-2;-1;-1;-1;2;0;7;1;20;2;20;3;21;4;22;5;24;7;25;8;26;9;27;10;28;11;29;12;30;13;31;14;32;15;33;16;33;17;33;17;34;18;35;18;36;18;38;18;39;18;41;18;42;19;43;19;45;18;47;18;48;18;49;18,stable,EXP_S144,ZONE_02,entree_zone,4.1,entree_zone,entree dans la zone
747253222,-53,6,a0:9f:7a:73:2b:3e,384,-110;-96;8;0;13;-33;14;-32;14;-30;13;-28;10;-26;7;-24;4;-23;1;-22;-2;-22;-4;-23;-6;-23;-7;-24;-8;-24;-8;-24;-8;-24;-8;-23;-9;-22;-9;-21;-10;-20;-11;-19;-11;-18;-12;-18;-12;-18;-12;-18;-12;-18;-3;-5;0;0;0;0;0;0;0;0;0;0;0;0;0;0;0;0;0;0;6;-1;24;0;23;4;21;7;18;9;15;10;11;8;8;5;6;1;6;-5;8;-10;12;-14;16;-17;21;-18;26;-17;29;-15;31;-12;31;-10;30;-7;27;-6;23;-6;19;-7;15;-10;12;-14;10;-18;9;-23;9;-27;-118;0;-3;-7;-3;-7;-3;-7;-3;-6;-2;-5;-2;-4;-1;-4;0;-4;0;-4;0;-4;0;-3;0;-3;0;-2;0;-2;1;-1;1;-1;1;-1;1;-1;0;-1;0;-1;0;0;0;0;0;0;1;0;1;0;0;0;0;0;0;0;0;0;-1;0;-1;0;0;-1;0;-1;-1;0;-4;1;-10;3;-11;3;-11;2;-11;1;-12;0;-12;0;-12;-1;-12;-2;-13;-3;-13;-3;-12;-4;-12;-4;-11;-5;-11;-5;-11;-6;-10;-7;-10;-7;-10;-7;-9;-7;-9;-7;-8;-7;-8;-8;-7;-8;-7;-8;-7;-8;-7;-8;-6;-7;-6;-7;-118;0;20;-21;19;-21;18;-21;18;-20;17;-20;16;-20;15;-20;15;-20;14;-19;13;-19;12;-19;12;-19;11;-20;11;-20;11;-20;11;-20;12;-19;12;-19;12;-19;12;-18;12;-18;12;-17;12;-17;13;-16;13;-15;14;-15;14;-14;15;-13;5;-5;1;-2;-1;0;-1;0;-1;0;0;-1;2;-4;5;-10;6;-10;6;-10;7;-11;8;-11;9;-11;10;-12;10;-12;11;-13;12;-13;12;-13;13;-13;14;-13;15;-13;15;-13;16;-14;16;-14;16;-14;16;-15;17;-16;17;-16;18;-17;18;-18;18;-18;19;-19;19;-20;19;-21;20;-21,stable,EXP_S144,ZONE_02,entree_zone,4.1,entree_zone,entree dans la zone
747465900,-53,6,a0:9f:7a:73:2b:3e,384,-110;-96;8;0;-29;-22;-27;-22;-25;-21;-23;-19;-22;-16;-21;-13;-21;-10;-21;-7;-21;-4;-22;-2;-23;0;-24;1;-25;2;-25;2;-24;2;-24;3;-23;3;-22;4;-21;5;-21;6;-20;7;-19;8;-19;8;-19;9;-19;9;-5;2;0;0;0;0;0;0;0;0;0;0;0;0;0;0;0;0;0;0;2;-6;9;-22;12;-21;14;-18;15;-14;14;-10;12;-7;8;-6;3;-6;-3;-7;-7;-11;-10;-15;-11;-20;-11;-26;-9;-30;-6;-33;-2;-33;0;-33;2;-31;2;-28;1;-24;-1;-20;-5;-17;-10;-15;-15;-14;-20;-14;-23;-16;-105;0;-8;1;-7;1;-7;1;-6;0;-6;0;-5;0;-4;-1;-4;-1;-4;-1;-3;-2;-3;-1;-2;-1;-2;-1;-1;-1;-1;-2;-1;-2;-1;-2;-1;-2;-1;-1;0;-1;0;-1;0;-1;0;-1;0;-1;0;-1;0;-1;0;-1;0;-1;0;-1;0;-1;-1;0;-1;-1;0;-1;0;1;0;3;1;10;1;10;0;11;-1;11;-2;11;-2;11;-3;11;-4;11;-5;11;-5;11;-6;11;-7;10;-7;10;-8;9;-8;9;-8;8;-9;8;-9;7;-9;7;-9;6;-9;6;-9;5;-9;5;-9;5;-9;4;-9;4;-9;3;-9;3;-105;0;-16;-23;-16;-23;-16;-22;-16;-22;-16;-21;-16;-20;-16;-20;-16;-19;-16;-18;-15;-17;-16;-17;-16;-16;-16;-16;-17;-16;-17;-16;-16;-16;-16;-16;-16;-16;-16;-16;-15;-16;-15;-16;-14;-16;-13;-16;-13;-16;-12;-17;-11;-17;-10;-18;-9;-18;-4;-7;-1;-2;0;0;0;0;0;0;-1;-1;-3;-3;-8;-8;-8;-8;-9;-9;-9;-10;-9;-10;-9;-11;-9;-12;-10;-13;-10;-14;-10;-14;-10;-15;-10;-16;-10;-17;-10;-17;-10;-18;-10;-18;-10;-18;-10;-19;-11;-19;-12;-20;-12;-20;-13;-21;-13;-21;-14;-22;-14;-22;-15;-23;-16;-23;-16;-24,stable,EXP_S144,ZONE_02,entree_zone,4.1,entree_zone,entree dans la zone
747652287,-53,6,a0:9f:7a:73:2b:3e,384,-110;-96;8;0;-30;-21;-29;-22;-27;-22;-25;-20;-23;-17;-22;-14;-21;-10;-21;-7;-22;-4;-22;-1;-23;1;-24;3;-24;4;-25;4;-25;5;-24;5;-24;5;-23;6;-22;7;-21;8;-20;9;-19;9;-19;10;-19;10;-19;11;-5;2;0;0;0;0;0;0;0;0;0;0;0;0;0;0;0;0;0;0;2;-6;12;-21;14;-20;17;-16;17;-13;16;-9;12;-6;8;-5;3;-5;-3;-7;-7;-12;-10;-17;-10;-22;-9;-28;-7;-32;-4;-34;-1;-35;2;-34;4;-31;4;-28;3;-24;0;-21;-4;-17;-10;-15;-15;-14;-20;-14;-24;-15;-105;0;-8;2;-9;2;-8;2;-7;2;-6;2;-5;1;-5;0;-4;-1;-4;-1;-4;-1;-4;-1;-3;-1;-2;-1;-2;-1;-1;-2;-1;-2;-1;-2;-2;-2;-2;-1;-1;-1;-1;-1;0;-1;0;-1;0;-1;0;-2;0;-1;-1;-1;-1;-1;-1;-1;-1;0;0;0;-1;-1;-1;-1;0;1;1;3;2;11;2;11;1;11;0;11;-1;11;-2;11;-3;11;-4;12;-5;12;-5;12;-5;12;-6;11;-6;11;-7;10;-8;10;-8;10;-8;9;-8;9;-8;8;-8;8;-8;7;-9;6;-9;6;-10;6;-10;5;-9;5;-9;5;-9;5;-105;0;-19;-22;-19;-22;-19;-21;-19;-20;-19;-19;-18;-19;-18;-18;-18;-17;-18;-16;-18;-15;-18;-15;-19;-14;-19;-14;-19;-14;-19;-14;-19;-14;-19;-14;-18;-14;-18;-15;-17;-15;-17;-15;-16;-15;-16;-15;-15;-15;-15;-15;-14;-15;-13;-16;-12;-17;-5;-6;-2;-2;0;0;0;0;0;0;-1;-1;-4;-3;-9;-7;-9;-8;-10;-8;-10;-9;-10;-10;-10;-11;-11;-11;-11;-12;-11;-13;-11;-14;-12;-14;-12;-15;-12;-16;-12;-17;-12;-17;-12;-17;-12;-18;-13;-18;-13;-18;-14;-19;-15;-19;-15;-20;-16;-20;-16;-21;-17;-21;-18;-21;-19;-22;-20;-22,stable,EXP_S144,ZONE_02,entree_zone,4.1,entree_zone,entree dans la zone
747856534,-53,6,a0:9f:7a:73:2b:3e,384,-110;-96;8;0;-34;13;-34;11;-32;10;-29;9;-26;10;-22;10;-19;11;-16;13;-13;15;-11;17;-10;19;-9;21;-8;22;-8;23;-8;23;-7;23;-6;22;-5;22;-4;21;-3;21;-2;20;-1;20;0;19;1;20;1;20;0;5;0;0;0;0;0;0;0;0;0;0;0;0;0;0;0;0;0;0;-3;-6;-9;-23;-6;-24;-2;-24;1;-22;3;-18;3;-14;1;-9;-2;-5;-7;-2;-13;-1;-19;-2;-24;-5;-28;-8;-30;-13;-29;-17;-28;-20;-26;-22;-23;-22;-20;-20;-18;-17;-16;-12;-16;-7;-17;-1;-19;4;-22;9;-25;12;-110;0;-3;7;-3;7;-3;7;-4;6;-4;5;-3;4;-3;4;-3;3;-3;2;-3;2;-3;2;-3;1;-2;1;-2;0;-2;0;-2;0;-2;-1;-2;-1;-2;-1;-2;-1;-1;-1;-1;-1;-1;-1;-1;-1;-1;-1;-1;-1;-1;-1;-1;0;-1;0;-1;0;-1;-1;-1;-1;-1;-1;1;0;3;1;9;5;9;6;8;7;8;8;7;8;7;9;7;10;6;10;5;11;5;11;4;11;4;12;3;12;3;12;2;12;2;12;1;12;1;12;0;11;0;11;-1;11;-1;11;-1;11;-1;10;-1;10;-2;10;-2;10;-2;10;-110;0;-28;-1;-28;0;-27;0;-27;0;-26;1;-25;1;-25;2;-24;3;-23;3;-23;4;-22;4;-22;4;-22;5;-22;5;-22;5;-22;5;-22;5;-22;5;-22;4;-21;4;-21;3;-21;3;-20;3;-20;2;-20;1;-20;0;-20;0;-20;-1;-7;-1;-3;-1;0;-1;0;-1;0;-1;-2;0;-4;0;-11;1;-12;1;-12;0;-13;0;-14;0;-14;0;-15;-1;-16;-1;-17;-1;-18;-2;-18;-2;-19;-3;-19;-3;-20;-3;-20;-4;-20;-4;-21;-4;-21;-3;-22;-3;-23;-3;-24;-3;-25;-2;-25;-2;-26;-2;-26;-1;-27;-1;-28;-1;-28;-1,stable,EXP_S144,ZONE_02,entree_zone,4.1,entree_zone,entree dans la zone
748055654,-53,6,a0:9f:7a:73:2b:3e,384,-110;-96;8;0;3;34;2;34;1;32;1;29;2;26;4;23;6;20;9;17;11;14;14;13;16;12;18;12;19;11;20;11;21;11;20;10;20;9;20;8;20;7;19;5;19;4;19;3;19;2;19;1;19;1;4;0;0;0;0;0;0;0;0;0;0;0;0;0;0;0;0;0;0;0;-6;-1;-24;-2;-23;-5;-22;-9;-19;-11;-15;-11;-10;-9;-7;-6;-5;-1;-4;5;-5;10;-8;16;-12;20;-17;22;-22;22;-25;21;-28;18;-29;15;-28;13;-25;11;-21;10;-16;10;-11;11;-6;14;-1;17;2;22;4;26;-116;0;7;4;7;4;6;4;6;3;5;3;4;3;3;3;2;3;2;3;2;3;2;2;1;2;1;1;0;1;0;1;0;1;-1;1;-1;1;0;1;0;1;-1;0;-1;0;-1;0;-1;0;-1;0;-1;0;-1;0;0;0;0;0;0;0;0;-1;-1;0;-1;0;0;-1;2;-4;7;-9;8;-9;8;-8;9;-8;10;-7;10;-6;11;-5;12;-5;12;-4;12;-4;12;-3;12;-3;12;-2;12;-1;12;-1;12;0;12;0;12;0;12;1;11;1;11;2;11;2;10;3;10;3;10;3;10;2;9;2;9;2;-116;0;-6;26;-5;25;-5;25;-4;24;-3;24;-3;24;-2;23;-2;23;-1;22;-1;21;0;21;1;21;1;21;1;21;1;21;1;21;1;21;1;21;0;21;0;20;0;20;0;19;-1;19;-1;19;-2;19;-3;18;-4;18;-4;18;-2;6;-1;1;0;-1;0;-1;0;-1;-1;0;-1;3;-1;9;-1;10;-2;10;-2;11;-3;12;-3;12;-4;13;-4;14;-5;15;-5;15;-5;16;-6;16;-6;17;-7;17;-7;17;-7;18;-7;18;-7;18;-7;19;-7;20;-7;21;-7;22;-7;22;-7;23;-6;24;-6;25;-6;26;-6;26,stable,EXP_S144,ZONE_02,entree_zone,4.1,entree_zone,entree dans la zone
748259764,-53,6,a0:9f:7a:73:2b:3e,384,-110;-96;8;0;7;31;6;31;5;29;5;27;5;23;6;20;8;17;10;14;12;12;14;10;16;9;17;8;19;7;20;7;20;7;20;6;20;5;19;4;19;3;19;2;18;1;18;0;18;-1;17;-2;17;-2;4;-1;0;0;0;0;0;0;0;0;0;0;0;0;0;0;0;0;0;0;-6;0;-23;0;-22;-3;-21;-7;-18;-9;-14;-10;-10;-8;-6;-5;-4;-1;-3;4;-4;10;-6;15;-10;19;-14;21;-18;22;-22;21;-24;19;-25;17;-24;14;-22;12;-18;10;-14;10;-9;11;-4;13;0;15;4;19;6;22;-123;0;15;3;16;3;16;2;14;1;12;1;9;1;7;2;6;3;6;4;6;4;6;3;6;1;4;1;2;1;0;1;0;3;0;3;1;3;2;2;1;1;0;0;-1;-1;-2;0;-2;1;-2;1;-1;1;0;1;1;0;0;0;0;-1;-1;-1;-1;1;-1;0;0;-3;1;-8;3;-23;4;-23;5;-22;7;-21;9;-20;11;-20;13;-19;15;-19;16;-20;17;-20;17;-19;18;-17;18;-15;20;-13;21;-12;21;-11;22;-11;21;-11;20;-11;19;-9;19;-7;20;-5;21;-4;22;-4;22;-5;20;-5;19;-5;17;-5;-123;0;10;47;10;46;11;45;11;43;12;42;13;41;13;40;13;39;14;38;14;37;15;35;16;35;16;34;16;34;16;35;15;35;15;35;14;35;14;35;13;35;12;34;11;34;10;34;9;33;8;33;6;34;3;34;2;34;0;12;-1;3;-1;-2;-1;-1;-1;-1;0;1;3;5;8;15;8;15;9;16;9;18;9;20;8;22;8;24;7;25;7;26;8;27;8;29;8;31;7;32;6;33;5;34;4;34;5;34;6;35;7;37;7;38;8;40;8;41;8;42;9;42;10;43;11;44;12;46;13;47,stable,EXP_S144,ZONE_02,entree_zone,4.1,entree_zone,entree dans la zone
748452557,-53,6,a0:9f:7a:73:2b:3e,384,-110;-96;8;0;-7;-32;-6;-31;-5;-30;-5;-27;-5;-25;-6;-21;-8;-18;-10;-15;-12;-13;-14;-11;-17;-10;-19;-9;-20;-9;-20;-8;-20;-7;-21;-7;-21;-6;-20;-5;-20;-4;-19;-3;-19;-2;-18;-1;-18;0;-18;1;-18;1;-5;0;0;0;0;0;0;0;0;0;0;0;0;0;0;0;0;0;0;0;5;0;21;2;20;5;19;8;15;10;12;10;8;9;5;5;3;1;2;-5;3;-10;5;-15;9;-19;14;-21;18;-21;22;-20;24;-18;25;-16;24;-13;22;-11;18;-10;14;-10;9;-11;4;-13;-1;-16;-4;-20;-6;-23;-122;0;-16;-8;-15;-8;-14;-7;-13;-7;-11;-7;-10;-6;-8;-6;-7;-6;-6;-6;-5;-5;-5;-5;-4;-4;-3;-4;-3;-3;-2;-3;-1;-3;-1;-3;-1;-3;-1;-3;-1;-2;0;-2;0;-1;0;-1;0;-1;0;-1;0;-1;-1;-1;-1;-1;-1;-1;-1;0;0;0;0;-2;0;-1;-2;1;-5;6;-14;16;-15;16;-17;15;-18;14;-19;13;-20;11;-22;10;-23;9;-24;8;-24;7;-25;6;-25;5;-25;4;-25;3;-25;1;-25;0;-24;0;-24;-1;-23;-2;-23;-3;-22;-3;-22;-4;-22;-5;-22;-5;-21;-5;-21;-5;-20;-6;-19;-6;-122;0;8;-48;7;-47;7;-47;6;-46;5;-45;3;-44;2;-43;2;-42;1;-41;-1;-40;-2;-39;-3;-39;-4;-39;-4;-39;-4;-39;-4;-39;-3;-39;-3;-39;-3;-39;-2;-38;-1;-37;-1;-37;0;-36;1;-36;2;-35;4;-35;5;-34;7;-34;2;-12;1;-4;-1;1;0;1;-1;0;-1;-2;-1;-7;0;-19;0;-19;1;-20;2;-21;2;-23;3;-24;4;-25;4;-27;5;-28;5;-29;6;-30;7;-31;8;-32;9;-33;10;-33;10;-34;10;-34;10;-35;10;-36;10;-38;10;-39;10;-40;9;-42;9;-43;8;-45;8;-47;7;-48;7;-49,stable,EXP_S144,ZONE_02,entree_zone,4.1,entree_zone,entree dans la zone
748657817,-53,6,a0:9f:7a:73:2b:3e,384,-110;-96;8;0;30;16;29;17;28;17;25;16;23;13;21;10;20;7;19;3;18;-1;18;-4;18;-7;19;-9;19;-11;19;-12;19;-12;19;-13;18;-14;17;-14;16;-14;15;-15;13;-15;12;-15;11;-16;10;-16;10;-17;2;-5;0;0;0;0;0;0;0;0;0;0;0;0;0;0;0;0;0;0;-5;4;-19;15;-21;13;-22;9;-22;5;-19;2;-15;0;-10;-1;-4;1;1;4;5;9;7;15;7;21;6;26;3;30;-1;32;-4;33;-7;32;-8;30;-8;26;-7;22;-4;18;0;15;6;12;12;11;18;10;22;11;-118;0;8;-4;8;-4;7;-4;6;-4;6;-3;5;-3;5;-2;4;-2;4;-1;4;-1;3;-1;3;-1;2;-1;1;-1;1;-1;1;0;1;0;1;0;1;0;0;0;0;0;0;0;0;0;0;0;0;0;0;0;0;0;0;-1;0;-1;0;-1;0;-1;0;0;0;0;-1;-2;-2;-5;-4;-12;-3;-12;-2;-13;-1;-13;0;-13;1;-13;2;-13;2;-14;3;-14;4;-14;4;-14;5;-13;5;-13;6;-12;7;-12;8;-12;8;-11;8;-11;8;-11;7;-10;8;-9;8;-9;9;-9;9;-9;9;-8;8;-8;8;-7;8;-7;-118;0;17;20;17;19;16;19;16;18;16;17;16;16;16;16;16;15;16;15;16;14;16;13;16;13;16;12;16;12;16;12;16;12;16;12;16;12;15;12;15;12;15;12;14;12;14;12;13;13;13;13;12;14;11;14;10;15;3;5;1;1;-1;-1;-1;-1;-1;-1;0;0;2;2;7;6;7;6;8;7;8;7;8;8;8;9;9;10;9;10;9;11;10;12;10;13;10;13;10;14;10;15;10;15;10;16;10;16;11;16;11;16;12;17;13;17;13;18;14;18;14;19;15;19;16;19;16;20;17;20,stable,EXP_S144,ZONE_02,entree_zone,4.1,entree_zone,entree dans la zone
748854161,-53,6,a0:9f:7a:73:2b:3e,384,-110;-96;8;0;-3;35;-4;35;-4;33;-4;30;-2;27;0;24;2;21;5;19;8;17;11;16;13;15;15;14;17;14;18;13;19;13;19;12;19;12;19;10;19;9;19;8;19;6;19;5;19;4;19;3;19;3;4;0;0;0;0;0;0;0;0;0;0;0;0;0;0;0;0;0;0;0;-6;-2;-23;-9;-22;-12;-19;-15;-15;-16;-11;-16;-7;-13;-5;-8;-4;-2;-5;4;-7;9;-11;14;-16;17;-22;18;-27;17;-30;15;-32;12;-33;9;-31;7;-28;5;-24;4;-19;6;-14;8;-9;12;-5;16;-2;21;-1;25;-125;0;7;4;7;4;7;4;6;3;5;3;4;2;3;2;2;2;2;3;2;3;2;2;2;2;1;1;1;1;0;1;0;1;0;1;0;1;0;1;0;0;0;0;0;-1;-1;-1;-1;0;-1;0;-1;0;0;0;0;0;0;0;0;-1;0;-1;-1;0;-1;0;0;-2;2;-4;7;-10;8;-9;9;-9;9;-8;10;-7;11;-7;12;-6;12;-6;13;-5;13;-5;13;-4;13;-3;13;-3;13;-2;13;-1;13;0;13;0;13;0;12;1;12;1;11;2;11;2;11;3;11;3;11;3;11;3;10;3;9;2;-125;0;-8;26;-8;25;-7;25;-6;24;-6;24;-5;23;-4;23;-4;23;-4;22;-3;22;-3;21;-2;21;-2;21;-2;21;-1;21;-2;21;-2;21;-2;21;-2;21;-3;20;-3;20;-3;19;-4;19;-4;19;-5;18;-6;18;-7;18;-8;17;-3;6;-1;1;0;-1;0;-1;0;-1;0;1;-1;3;-1;9;-1;10;-1;10;-2;11;-2;12;-3;13;-4;13;-4;14;-4;14;-5;15;-5;15;-6;16;-6;17;-7;17;-8;17;-8;17;-8;18;-7;18;-7;19;-8;20;-8;21;-8;22;-8;22;-8;23;-8;23;-8;24;-8;25;-8;26,stable,EXP_S144,ZONE_02,entree_zone,4.1,entree_zone,entree dans la zone
749052395,-53,6,a0:9f:7a:73:2b:3e,384,-110;-96;8;0;2;-35;3;-35;3;-33;3;-31;2;-28;0;-25;-3;-23;-6;-20;-9;-18;-12;-17;-14;-16;-16;-16;-17;-16;-19;-15;-19;-15;-19;-14;-19;-14;-19;-13;-19;-11;-19;-10;-19;-9;-19;-7;-20;-7;-20;-6;-20;-6;-5;-2;0;0;0;0;0;0;0;0;0;0;0;0;0;0;0;0;0;0;5;1;23;6;22;9;19;12;16;13;12;13;8;11;5;7;3;2;3;-4;6;-10;9;-14;14;-18;20;-19;24;-19;28;-17;30;-14;30;-12;29;-9;27;-7;23;-7;18;-7;13;-9;8;-13;4;-17;2;-22;0;-26;-110;0;-8;-5;-8;-5;-7;-5;-7;-4;-6;-4;-5;-3;-4;-3;-3;-3;-3;-4;-3;-4;-3;-3;-3;-3;-2;-2;-1;-2;-1;-2;0;-2;0;-2;-1;-2;-1;-2;-1;-1;-1;-1;0;0;0;0;0;0;0;-1;0;-1;-1;-1;-1;-1;-1;-1;-1;-1;-1;0;0;-1;0;-1;-1;1;-3;3;-9;8;-9;8;-10;7;-10;7;-11;6;-12;5;-12;4;-13;4;-14;3;-14;3;-14;3;-14;2;-14;1;-14;0;-14;0;-14;-1;-14;-1;-14;-2;-13;-2;-12;-2;-12;-3;-12;-4;-12;-4;-12;-4;-12;-4;-11;-4;-11;-4;-10;-4;-110;0;8;-27;7;-26;7;-25;6;-25;5;-24;5;-24;4;-24;4;-23;3;-23;2;-22;2;-22;2;-22;1;-22;1;-22;1;-22;1;-22;1;-22;1;-22;1;-22;2;-21;2;-21;2;-20;3;-20;3;-20;4;-19;5;-19;5;-19;6;-18;2;-7;0;-2;-1;0;-1;0;-1;0;0;-2;0;-4;1;-10;1;-11;1;-11;2;-12;2;-13;3;-13;3;-14;4;-15;4;-15;4;-16;5;-16;5;-17;6;-17;7;-18;8;-18;8;-18;8;-19;7;-19;7;-20;7;-21;8;-21;8;-22;8;-23;8;-23;8;-24;8;-25;8;-26;8;-27,stable,EXP_S144,ZONE_02,entree_zone,4.1,entree_zone,entree dans la zone
749257127,-53,6,a0:9f:7a:73:2b:3e,384,-110;-96;8;0;-34;-11;-33;-12;-32;-12;-29;-11;-27;-10;-24;-7;-22;-4;-21;0;-20;3;-20;5;-20;8;-20;10;-20;12;-20;13;-19;13;-19;14;-18;14;-17;15;-16;15;-15;15;-14;15;-13;16;-12;16;-11;17;-11;17;-3;4;0;0;0;0;0;0;0;0;0;0;0;0;0;0;0;0;0;0;2;-6;10;-22;13;-20;16;-17;17;-13;15;-10;13;-6;8;-4;3;-4;-3;-6;-8;-9;-11;-13;-14;-19;-14;-24;-13;-29;-10;-32;-7;-34;-4;-34;-2;-32;-1;-29;-1;-25;-2;-20;-6;-16;-10;-12;-15;-10;-21;-8;-25;-8;-119;0;-7;5;-7;5;-7;5;-6;4;-5;4;-5;3;-4;2;-4;1;-4;1;-4;1;-4;1;-3;1;-2;1;-2;0;-2;-1;-2;-1;-2;-1;-2;-1;-2;0;-1;0;-1;0;0;-1;0;-1;0;-1;0;-1;-1;-1;-1;-1;-1;0;-1;0;-1;0;0;-1;-1;-1;-1;-1;0;1;2;3;5;10;5;10;4;11;3;11;2;11;2;12;1;12;0;13;-1;13;-1;13;-2;13;-2;13;-3;12;-4;12;-4;12;-5;12;-5;12;-5;11;-5;11;-5;10;-6;9;-6;9;-7;9;-7;9;-7;9;-6;9;-6;8;-6;8;-119;0;-23;-16;-23;-16;-22;-15;-22;-14;-22;-13;-22;-13;-21;-12;-21;-11;-21;-10;-21;-10;-21;-9;-21;-8;-21;-8;-21;-8;-21;-8;-21;-8;-21;-8;-20;-8;-20;-9;-19;-9;-19;-9;-19;-9;-18;-9;-18;-9;-17;-10;-17;-11;-16;-11;-16;-12;-6;-5;-2;-2;0;0;0;0;0;0;-1;-1;-4;-2;-10;-5;-10;-5;-10;-5;-11;-6;-11;-7;-12;-8;-12;-8;-12;-9;-13;-10;-13;-10;-14;-11;-14;-12;-15;-12;-15;-13;-15;-13;-15;-14;-15;-14;-16;-14;-16;-14;-17;-14;-18;-15;-19;-15;-19;-15;-20;-15;-21;-15;-22;-15;-23;-16;-24;-16,stable,EXP_S144,ZONE_02,entree_zone,4.1,entree_zone,entree dans la zone
749452292,-53,6,a0:9f:7a:73:2b:3e,384,-110;-96;8;0;-35;0;-35;-1;-33;-2;-30;-1;-27;0;-24;2;-22;4;-19;7;-17;9;-16;12;-15;14;-15;16;-14;17;-14;18;-13;19;-13;19;-12;19;-11;19;-9;19;-8;19;-6;18;-5;18;-5;19;-4;19;-4;19;-1;4;0;0;0;0;0;0;0;0;0;0;0;0;0;0;0;0;0;0;0;-6;3;-24;6;-23;10;-21;12;-18;12;-14;11;-10;7;-6;2;-4;-4;-4;-9;-6;-14;-9;-18;-13;-20;-18;-21;-23;-19;-27;-17;-30;-14;-30;-12;-29;-10;-27;-9;-23;-9;-18;-10;-13;-13;-9;-17;-5;-22;-1;-26;0;-118;0;-5;7;-5;6;-5;6;-4;5;-4;4;-4;3;-4;3;-3;2;-3;2;-3;1;-3;1;-3;1;-2;1;-2;0;-2;0;-2;0;-1;0;-1;-1;-1;-1;-1;-1;-1;-1;-1;-1;-1;-1;-1;-1;-1;-1;0;-1;0;-1;0;-1;0;-1;0;-1;-1;-1;-1;-1;-1;-1;0;0;3;2;8;7;7;8;7;9;6;10;6;10;5;11;5;12;4;12;3;12;2;13;2;13;1;13;0;13;0;13;-1;13;-1;12;-2;12;-2;12;-3;11;-3;11;-3;11;-4;11;-4;10;-4;10;-4;10;-4;9;-5;9;-5;8;-118;0;-25;-10;-25;-10;-25;-9;-24;-9;-24;-8;-23;-7;-23;-7;-23;-6;-22;-5;-22;-4;-22;-4;-22;-3;-22;-3;-22;-3;-22;-3;-22;-3;-22;-3;-21;-4;-21;-4;-21;-4;-20;-4;-20;-4;-20;-5;-19;-5;-19;-6;-18;-6;-18;-7;-17;-8;-7;-3;-2;-1;0;0;0;0;0;0;-2;-1;-4;-1;-10;-2;-11;-3;-11;-3;-11;-4;-12;-4;-12;-5;-13;-5;-14;-6;-15;-6;-15;-7;-16;-7;-16;-8;-16;-8;-17;-9;-17;-9;-17;-10;-18;-10;-18;-10;-19;-10;-19;-10;-20;-10;-21;-10;-22;-10;-23;-10;-24;-10;-24;-10;-25;-10;-25;-10,stable,EXP_S144,ZONE_02,entree_zone,4.1,entree_zone,entree dans la zone
749653281,-53,6,a0:9f:7a:73:2b:3e,384,-110;-96;8;0;32;-12;32;-11;30;-10;28;-9;25;-9;21;-10;18;-11;15;-13;12;-15;10;-17;9;-19;8;-21;7;-22;7;-23;6;-23;5;-23;5;-22;4;-22;3;-21;1;-21;0;-21;-1;-20;-2;-20;-3;-21;-3;-21;-1;-6;0;0;0;0;0;0;0;0;0;0;0;0;0;0;0;0;0;0;1;5;4;22;1;23;-3;22;-6;20;-8;16;-7;12;-5;7;-1;4;4;1;10;1;16;2;21;5;24;10;26;14;26;18;24;21;22;23;19;23;16;21;14;18;13;13;13;8;14;2;17;-2;20;-7;24;-10;-121;0;2;-9;2;-8;2;-8;2;-7;1;-6;1;-5;2;-4;2;-4;2;-3;2;-3;1;-3;1;-3;1;-2;0;-2;0;-1;1;-1;1;0;1;-1;0;-1;0;-1;0;0;0;0;0;0;0;1;0;0;0;0;0;0;0;0;0;-1;-1;-1;-1;-1;0;0;0;0;-2;-1;-4;-2;-11;-5;-11;-6;-11;-7;-11;-8;-10;-8;-9;-9;-9;-10;-9;-11;-8;-11;-8;-12;-8;-12;-7;-12;-6;-12;-5;-12;-4;-13;-4;-13;-3;-13;-3;-13;-3;-13;-2;-12;-2;-12;-1;-12;-1;-12;-1;-12;0;-12;0;-11;0;-11;0;-10;-121;0;26;0;26;0;25;-1;25;-1;24;-2;24;-2;23;-3;22;-3;22;-3;21;-3;20;-4;20;-4;20;-5;20;-5;20;-5;20;-5;20;-5;20;-4;20;-4;20;-4;20;-3;19;-3;19;-2;19;-2;19;-1;19;0;18;1;18;2;6;1;2;0;-1;0;-1;0;-1;0;0;-1;3;-1;9;-3;9;-2;10;-2;11;-2;12;-2;12;-1;13;-1;14;-1;14;-1;15;0;16;0;17;0;17;1;18;1;18;2;18;2;19;2;19;1;20;1;21;1;21;1;22;1;23;1;24;0;24;0;25;0;26;0;26;0,stable,EXP_S144,ZONE_02,entree_zone,4.1,entree_zone,entree dans la zone
749859317,-53,6,a0:9f:7a:73:2b:3e,384,-110;-96;8;0;-34;10;-34;9;-33;8;-30;7;-27;8;-23;8;-20;10;-17;12;-14;14;-12;16;-11;18;-10;20;-9;21;-9;22;-8;22;-7;22;-6;22;-5;21;-4;21;-2;21;-1;20;0;20;1;20;2;20;2;20;0;5;0;0;0;0;0;0;0;0;0;0;0;0;0;0;0;0;0;0;-1;-6;-3;-24;0;-25;4;-23;7;-21;8;-17;8;-12;5;-8;1;-4;-5;-3;-11;-3;-17;-4;-22;-8;-25;-12;-27;-17;-26;-22;-25;-25;-22;-26;-19;-25;-16;-23;-14;-20;-13;-15;-14;-10;-15;-4;-18;1;-22;5;-25;8;-121;0;-3;8;-3;7;-3;7;-3;6;-3;5;-3;4;-3;4;-3;3;-3;3;-2;2;-2;2;-2;1;-2;1;-2;0;-2;0;-2;0;-2;-1;-1;-1;-1;-1;-1;-1;-1;-1;-1;-1;-1;-1;-1;-1;0;-1;0;-1;0;-1;0;-1;0;-1;0;0;-1;-1;-1;-1;-1;-1;1;0;3;2;10;6;9;7;9;7;9;8;8;9;8;10;7;10;6;11;6;11;5;12;5;12;4;12;4;12;3;12;2;12;2;12;1;12;1;12;0;12;0;12;0;12;-1;11;-1;11;-1;11;-1;11;-2;10;-2;10;-2;10;-121;0;-27;-2;-27;-2;-27;-2;-26;-1;-26;-1;-25;0;-25;0;-24;1;-23;2;-23;2;-22;3;-22;3;-22;4;-22;4;-22;4;-22;4;-22;4;-22;3;-22;3;-21;2;-21;2;-21;2;-20;2;-20;1;-20;1;-20;0;-20;-1;-20;-2;-8;-1;-3;-1;0;-1;0;-1;0;0;-2;0;-4;0;-11;0;-11;0;-11;0;-12;-1;-13;-1;-13;-1;-14;-2;-15;-2;-16;-2;-17;-3;-17;-3;-18;-4;-18;-4;-19;-4;-19;-4;-19;-4;-20;-5;-20;-5;-21;-4;-22;-4;-23;-4;-24;-4;-25;-4;-25;-3;-26;-3;-27;-3;-27;-2;-28;-2,stable,EXP_S144,ZONE_02,entree_zone,4.1,entree_zone,entree dans la zone
750055667,-53,6,a0:9f:7a:73:2b:3e,384,-110;-96;8;0;3;33;2;33;2;31;1;29;2;26;4;23;6;20;8;18;11;15;13;14;15;13;16;13;18;12;19;12;19;11;19;11;19;10;19;8;19;7;19;6;19;5;19;4;19;3;19;3;19;3;4;0;0;0;0;0;0;0;0;0;0;0;0;0;0;0;0;0;0;0;-6;0;-24;0;-23;-3;-22;-7;-19;-10;-15;-11;-11;-9;-7;-6;-5;-2;-4;4;-4;9;-7;15;-11;19;-16;21;-20;22;-24;21;-27;19;-28;16;-27;13;-25;11;-21;10;-16;10;-11;11;-7;13;-2;17;1;21;3;24;-112;0;7;2;7;2;6;2;6;1;5;1;4;1;3;1;2;1;2;2;2;2;1;1;1;1;1;0;0;0;-1;0;-1;1;-1;1;0;1;0;1;0;0;-1;-1;-1;-1;-1;-1;-1;0;-1;0;-1;0;-1;0;-1;-1;-1;-1;-1;-1;0;-1;-1;0;-1;0;0;-2;1;-4;5;-10;5;-10;6;-10;7;-10;8;-9;8;-8;9;-8;10;-8;11;-8;11;-7;11;-7;11;-6;11;-5;11;-5;12;-4;12;-3;12;-3;12;-3;11;-3;10;-2;10;-1;10;-1;10;0;10;0;10;0;10;0;9;0;9;0;-112;0;0;26;0;25;0;25;1;24;2;24;2;23;3;22;3;22;3;21;4;21;4;20;4;20;5;20;5;20;5;20;5;20;5;20;5;20;5;20;4;19;4;19;3;19;3;19;2;18;2;18;1;18;0;18;-1;18;-1;6;-1;2;-1;-1;-1;-1;-1;-1;0;0;0;3;1;9;1;9;0;10;0;11;0;12;-1;12;-1;13;-1;14;-1;14;-1;15;-1;16;-2;16;-3;17;-3;17;-3;18;-3;18;-3;18;-3;19;-2;20;-2;21;-2;21;-2;22;-2;23;-2;23;-2;24;-1;24;-1;25;-1;26,stable,EXP_S144,ZONE_02,entree_zone,4.1,entree_zone,entree dans la zone
750252891,-52,6,a0:9f:7a:73:2b:3e,384,-110;-96;8;0;11;-32;12;-31;12;-30;11;-27;9;-25;7;-23;4;-22;0;-21;-3;-21;-5;-20;-7;-20;-9;-21;-10;-21;-11;-21;-11;-21;-11;-20;-12;-20;-12;-19;-13;-18;-13;-17;-14;-16;-14;-15;-15;-15;-15;-14;-15;-14;-4;-4;0;0;0;0;0;0;0;0;0;0;0;0;0;0;0;0;0;0;5;1;21;6;20;9;18;12;14;13;10;13;7;10;4;7;4;2;5;-3;7;-8;11;-12;16;-14;21;-15;26;-14;29;-11;30;-9;30;-6;29;-4;26;-2;22;-3;18;-4;14;-7;11;-11;9;-16;8;-21;7;-24;-109;0;-11;-12;-11;-12;-11;-11;-10;-10;-9;-8;-7;-7;-5;-6;-3;-6;-3;-7;-3;-7;-3;-6;-3;-5;-2;-3;-1;-2;0;-2;1;-2;1;-3;1;-3;0;-3;0;-2;0;0;0;1;1;1;1;0;1;0;1;-1;0;-1;-1;-1;-1;-1;-1;0;-1;0;1;-1;0;-1;-2;1;-7;4;-18;12;-19;12;-20;11;-21;10;-21;8;-22;6;-23;5;-25;3;-26;2;-26;2;-26;1;-25;0;-24;-2;-24;-3;-24;-5;-24;-6;-24;-7;-24;-7;-23;-7;-21;-7;-20;-8;-19;-9;-19;-11;-19;-11;-19;-11;-18;-10;-17;-10;-16;-10;-109;0;25;-47;24;-46;23;-46;21;-45;20;-45;19;-44;18;-44;16;-43;15;-42;14;-41;13;-40;12;-40;11;-41;11;-41;10;-41;11;-41;11;-41;11;-41;12;-40;13;-40;13;-39;14;-38;14;-37;15;-36;16;-35;18;-34;19;-33;21;-32;7;-12;2;-4;-1;1;-1;1;-1;0;0;-2;1;-7;4;-19;5;-20;6;-21;7;-22;8;-23;10;-24;11;-25;12;-26;13;-27;14;-28;15;-29;17;-30;18;-31;19;-31;20;-31;21;-31;21;-32;21;-33;21;-35;22;-37;23;-38;23;-39;24;-40;24;-41;24;-43;24;-45;24;-47;24;-48,stable,EXP_S144,ZONE_02,entree_zone,4.1,entree_zone,entree dans la zone
750452320,-53,6,a0:9f:7a:73:2b:3e,384,-110;-96;8;0;1;31;0;31;0;29;0;27;1;24;2;21;4;19;7;16;9;14;11;13;14;12;15;11;16;11;17;10;18;10;18;10;18;9;17;8;17;7;17;5;17;4;17;3;17;2;17;2;17;2;4;0;0;0;0;0;0;0;0;0;0;0;0;0;0;0;0;0;0;0;-6;-1;-22;-3;-21;-6;-19;-9;-16;-11;-13;-11;-9;-10;-6;-7;-4;-2;-4;3;-5;9;-8;13;-12;16;-16;18;-21;18;-24;17;-26;15;-27;13;-26;10;-24;8;-20;7;-16;8;-11;9;-7;12;-3;15;0;19;2;22;-117;0;13;6;13;6;13;5;12;5;10;4;8;4;6;4;5;4;4;4;4;4;4;4;4;3;3;2;1;1;0;1;0;2;-1;2;0;2;0;2;0;1;-1;0;-1;0;-2;0;-2;0;-2;0;-1;0;-1;0;0;0;0;0;0;-1;-1;-1;-1;1;-1;0;1;-2;4;-7;13;-17;14;-17;15;-16;16;-15;17;-13;19;-12;20;-11;21;-10;22;-10;23;-9;23;-8;23;-7;23;-6;23;-4;23;-3;23;-2;23;-1;23;-1;22;0;21;1;20;2;20;3;20;3;20;3;20;3;19;3;18;3;17;3;-117;0;-9;47;-8;46;-7;45;-6;44;-5;44;-4;43;-3;42;-2;41;-1;40;1;39;2;39;3;38;3;38;4;38;4;38;3;38;3;38;3;37;2;37;2;37;1;36;1;36;0;35;-1;35;-2;34;-3;34;-5;34;-7;33;-3;12;-2;3;0;-2;0;-2;0;-1;0;1;-1;6;-1;17;-1;17;-2;18;-3;20;-4;21;-5;23;-5;24;-6;25;-7;26;-7;27;-8;29;-9;30;-10;31;-11;32;-11;32;-11;32;-11;33;-11;34;-10;35;-10;37;-11;38;-11;40;-11;41;-11;42;-10;44;-9;45;-8;47;-8;48,stable,EXP_S144,ZONE_02,entree_zone,4.1,entree_zone,entree dans la zone
750652417,-53,6,a0:9f:7a:73:2b:3e,384,-110;-96;8;0;-29;20;-29;19;-28;17;-26;16;-23;16;-19;15;-15;15;-12;16;-8;17;-6;18;-4;20;-2;21;-1;22;0;23;0;23;1;23;2;22;3;21;4;21;5;20;6;19;7;18;7;18;8;17;8;17;2;4;0;0;0;0;0;0;0;0;0;0;0;0;0;0;0;0;0;0;-3;-6;-10;-22;-7;-23;-3;-23;0;-22;3;-18;4;-14;2;-9;-1;-5;-6;-1;-12;1;-17;1;-23;-1;-28;-4;-31;-8;-31;-12;-31;-16;-29;-18;-26;-18;-23;-17;-20;-14;-18;-10;-16;-5;-15;1;-16;6;-19;12;-21;15;-115;0;2;17;2;17;2;16;2;15;2;12;1;10;0;8;-2;7;-2;7;-2;7;-2;6;-1;5;-1;4;-1;2;-2;2;-3;1;-3;1;-3;2;-2;2;-1;1;-1;0;0;-1;-1;-2;-1;-2;-2;-1;-2;-1;-1;0;-1;0;-1;0;0;0;0;-1;-2;0;-1;-1;2;-1;8;-1;23;-2;24;0;24;1;24;3;23;5;23;7;24;9;24;11;24;12;24;13;24;14;22;15;20;16;19;18;18;19;17;20;17;20;16;20;15;19;14;19;12;19;10;20;10;20;9;21;9;21;9;20;9;19;8;18;-115;0;-49;23;-48;23;-47;23;-45;23;-44;24;-42;24;-41;25;-39;25;-38;24;-37;24;-35;24;-35;25;-34;25;-34;26;-34;26;-34;26;-34;25;-35;25;-34;24;-34;23;-34;22;-34;21;-34;20;-34;19;-34;17;-35;15;-35;13;-36;12;-13;4;-5;0;1;-1;0;-1;0;-1;-2;1;-6;4;-16;12;-17;12;-18;13;-19;13;-21;13;-23;13;-25;13;-26;13;-27;14;-29;14;-30;14;-32;14;-34;14;-35;13;-36;13;-37;13;-37;13;-37;14;-38;15;-40;16;-42;17;-43;18;-44;19;-45;20;-46;21;-47;22;-48;23;-49;24,stable,EXP_S144,ZONE_02,entree_zone,4.1,entree_zone,entree dans la zone
750852638,-53,6,a0:9f:7a:73:2b:3e,384,-110;-96;8;0;20;-28;21;-27;21;-26;19;-24;16;-22;13;-21;9;-20;5;-19;2;-19;-1;-20;-4;-21;-6;-22;-7;-22;-8;-23;-8;-23;-9;-22;-9;-22;-10;-21;-10;-20;-11;-18;-12;-17;-12;-16;-13;-15;-14;-15;-14;-15;-4;-4;0;0;0;0;0;0;0;0;0;0;0;0;0;0;0;0;0;0;4;4;15;17;12;19;8;20;4;20;1;17;-1;13;-1;8;1;3;5;-2;9;-5;15;-7;21;-7;26;-5;30;-2;32;2;32;5;31;8;28;9;25;9;22;7;18;4;15;-1;13;-6;12;-12;13;-17;14;-22;-114;0;-5;-8;-5;-8;-5;-8;-4;-7;-4;-6;-3;-5;-2;-5;-1;-5;-1;-5;-1;-4;-1;-4;-1;-3;-1;-3;-1;-2;0;-2;0;-2;0;-2;0;-2;0;-2;0;-1;0;-1;0;0;0;0;0;0;0;-1;0;-1;0;-1;0;-1;0;-1;0;0;-1;0;0;-1;0;-1;-2;0;-4;1;-11;4;-12;4;-12;3;-13;2;-13;1;-13;0;-13;0;-14;-1;-14;-2;-14;-3;-14;-3;-14;-4;-13;-5;-13;-6;-12;-7;-12;-7;-12;-7;-12;-7;-11;-7;-10;-7;-10;-8;-9;-8;-9;-9;-9;-9;-9;-9;-8;-9;-8;-8;-7;-8;-114;0;18;-19;18;-19;17;-19;17;-19;16;-19;15;-19;15;-19;14;-18;13;-18;13;-18;12;-18;12;-18;11;-18;11;-18;11;-18;11;-18;11;-18;12;-18;12;-17;12;-17;12;-17;12;-16;12;-15;13;-15;13;-14;14;-13;14;-12;15;-11;5;-4;1;-2;-1;0;-1;0;-1;0;0;-1;1;-4;4;-9;4;-9;5;-9;6;-10;6;-10;7;-11;8;-11;8;-11;9;-12;10;-12;11;-13;12;-13;12;-13;13;-13;14;-13;14;-13;14;-13;14;-14;15;-14;15;-15;16;-15;16;-16;17;-17;17;-17;17;-18;18;-18;18;-19;18;-19,stable,EXP_S144,ZONE_02,entree_zone,4.1,entree_zone,entree dans la zone
751052364,-53,6,a0:9f:7a:73:2b:3e,384,-110;-96;8;0;-8;34;-9;34;-9;32;-8;29;-6;27;-4;24;-1;22;2;20;6;18;9;18;12;17;14;17;15;17;16;17;17;16;17;16;17;15;17;14;17;13;17;11;18;10;18;8;19;7;19;6;19;6;4;1;0;0;0;0;0;0;0;0;0;0;0;0;0;0;0;0;0;0;-6;-3;-23;-10;-21;-13;-18;-16;-14;-17;-10;-16;-7;-13;-4;-9;-4;-3;-5;3;-8;8;-13;12;-18;14;-23;15;-28;14;-32;11;-34;8;-33;6;-32;4;-29;2;-24;2;-20;3;-15;7;-11;11;-8;16;-6;21;-5;25;-121;0;6;5;6;5;5;5;5;5;4;4;3;4;2;3;1;3;1;3;1;3;1;2;1;2;0;1;0;1;-1;1;-1;1;-1;1;-1;1;-1;1;-1;0;-1;0;-1;0;-1;0;-2;0;-1;0;-1;0;-1;0;-1;0;0;-1;0;-1;-1;-1;-1;0;-1;0;1;-1;3;-2;10;-5;11;-5;11;-4;12;-3;12;-2;12;-2;13;-1;13;0;13;1;13;1;13;2;13;2;12;3;12;3;12;4;12;4;12;4;11;4;11;4;10;5;10;5;10;5;9;6;9;6;9;5;9;5;9;5;8;5;-121;0;-14;23;-13;23;-12;23;-12;23;-11;23;-10;22;-9;22;-8;22;-7;22;-6;22;-5;21;-5;21;-4;21;-4;21;-4;21;-4;21;-4;21;-4;21;-4;21;-4;20;-4;20;-4;20;-4;19;-4;19;-5;19;-6;18;-7;18;-7;18;-3;6;-1;1;0;-1;0;-1;0;-1;-1;0;-2;3;-6;8;-6;8;-6;9;-7;9;-8;10;-9;10;-9;11;-10;11;-11;11;-11;12;-12;13;-12;13;-13;14;-13;14;-13;14;-14;14;-14;15;-14;15;-14;16;-14;17;-14;18;-15;19;-15;20;-15;20;-14;21;-14;22;-14;23;-13;24,stable,EXP_S144,ZONE_02,entree_zone,4.1,entree_zone,entree dans la zone
751252482,-52,6,a0:9f:7a:73:2b:3e,384,-110;-96;8;0;-22;-27;-21;-28;-19;-27;-18;-25;-17;-22;-17;-18;-17;-15;-18;-11;-19;-8;-20;-6;-21;-4;-22;-2;-23;-1;-24;-1;-24;0;-23;1;-23;1;-22;2;-21;3;-21;4;-20;5;-19;6;-19;7;-19;7;-19;7;-5;1;0;0;0;0;0;0;0;0;0;0;0;0;0;0;0;0;0;0;4;-4;19;-13;20;-10;21;-7;20;-3;17;0;13;1;8;0;4;-2;0;-6;-2;-11;-3;-17;-2;-23;1;-27;4;-30;8;-31;11;-31;13;-30;14;-27;14;-24;11;-20;7;-18;3;-16;-3;-16;-8;-16;-14;-18;-17;-20;-121;0;-17;2;-16;2;-15;1;-14;1;-12;0;-11;0;-9;-1;-8;-2;-8;-2;-7;-2;-6;-2;-6;-2;-4;-2;-3;-1;-3;-2;-2;-2;-2;-2;-2;-2;-1;-2;-1;-1;0;-1;0;-1;1;-1;1;-2;1;-2;0;-1;0;-1;0;-1;0;-1;0;0;-1;0;0;-2;0;-1;-1;2;-1;7;-3;22;-4;22;-6;22;-7;22;-9;22;-11;22;-13;21;-14;21;-16;20;-17;20;-17;19;-18;18;-19;17;-20;16;-21;14;-21;14;-22;13;-21;13;-21;12;-20;11;-20;10;-20;9;-21;8;-21;8;-21;7;-20;7;-19;6;-18;6;-121;0;-21;-49;-21;-48;-22;-47;-22;-46;-23;-44;-23;-43;-23;-41;-23;-40;-24;-38;-24;-37;-25;-36;-25;-35;-26;-34;-26;-34;-27;-34;-27;-34;-27;-34;-26;-35;-25;-35;-24;-34;-23;-34;-22;-34;-21;-33;-21;-33;-20;-34;-18;-34;-16;-35;-14;-35;-5;-13;-2;-4;0;1;0;1;0;0;-2;-2;-4;-7;-11;-18;-11;-18;-11;-19;-11;-21;-11;-22;-11;-24;-11;-26;-11;-28;-11;-29;-11;-31;-11;-32;-11;-34;-11;-35;-10;-36;-10;-37;-10;-38;-10;-38;-11;-39;-12;-40;-13;-41;-14;-43;-15;-44;-16;-45;-17;-46;-18;-47;-20;-48;-21;-49;-22;-50,stable,EXP_S144,ZONE_02,entree_zone,4.1,entree_zone,entree dans la zone
751451579,-53,6,a0:9f:7a:73:2b:3e,384,-110;-96;8;0;-34;-11;-34;-12;-32;-12;-29;-11;-27;-9;-25;-7;-23;-4;-22;-1;-21;2;-20;5;-21;8;-21;10;-21;11;-21;12;-20;13;-20;13;-19;13;-18;14;-17;14;-16;14;-15;14;-14;15;-13;15;-13;16;-13;16;-4;4;0;0;0;0;0;0;0;0;0;0;0;0;0;0;0;0;0;0;1;-6;7;-23;10;-22;13;-19;14;-15;14;-11;11;-8;7;-5;2;-5;-4;-6;-9;-9;-13;-13;-15;-18;-15;-24;-14;-28;-12;-31;-9;-33;-6;-33;-4;-32;-3;-29;-3;-24;-4;-20;-7;-16;-11;-12;-16;-10;-22;-8;-25;-8;-110;0;-6;5;-6;5;-6;5;-6;4;-5;4;-4;3;-4;2;-4;1;-4;1;-4;1;-3;1;-3;1;-2;0;-2;0;-1;-1;-2;-1;-2;-1;-2;-1;-1;-1;-1;-1;-1;-1;0;-1;0;-1;0;-2;0;-2;-1;-1;-1;-1;-1;0;-1;0;-1;0;0;0;-1;-1;-1;-1;0;0;2;3;6;9;5;10;5;10;4;11;3;11;2;11;2;12;1;12;0;13;0;13;-1;13;-1;12;-2;12;-3;12;-4;12;-5;12;-5;12;-5;12;-4;11;-5;10;-5;10;-6;9;-6;9;-6;9;-6;9;-6;9;-5;8;-5;8;-110;0;-24;-14;-24;-14;-24;-13;-24;-13;-23;-12;-23;-11;-23;-10;-22;-9;-22;-9;-22;-8;-22;-7;-22;-7;-22;-7;-22;-6;-22;-6;-22;-6;-22;-7;-21;-7;-21;-7;-21;-7;-20;-7;-20;-8;-19;-8;-19;-8;-18;-9;-18;-9;-17;-10;-17;-11;-6;-4;-2;-2;0;0;0;0;0;0;-2;-1;-4;-2;-10;-4;-10;-5;-11;-5;-11;-5;-12;-6;-13;-7;-13;-8;-13;-8;-14;-9;-15;-9;-15;-10;-16;-11;-16;-12;-16;-12;-16;-13;-16;-13;-16;-13;-17;-13;-18;-13;-19;-13;-20;-13;-20;-13;-21;-14;-22;-14;-23;-14;-23;-14;-24;-14;-25;-14,stable,EXP_S144,ZONE_02,entree_zone,4.1,entree_zone,entree dans la zone
751656610,-53,6,a0:9f:7a:73:2b:3e,384,-110;-96;8;0;-17;-27;-16;-27;-15;-27;-14;-25;-14;-22;-14;-19;-14;-16;-15;-13;-17;-10;-18;-8;-19;-6;-20;-5;-21;-4;-22;-3;-22;-3;-22;-2;-21;-1;-21;-1;-20;0;-20;1;-19;2;-19;3;-19;4;-18;4;-19;4;-5;1;0;0;0;0;0;0;0;0;0;0;0;0;0;0;0;0;0;0;4;-3;18;-11;19;-8;20;-5;19;-1;16;1;12;2;8;1;4;-1;1;-6;-1;-11;-1;-16;0;-21;3;-25;6;-27;10;-28;13;-28;15;-26;15;-23;15;-21;12;-18;9;-16;4;-15;-1;-15;-6;-16;-10;-18;-13;-20;-118;0;-15;-2;-16;-1;-15;-1;-14;0;-12;0;-9;0;-7;-1;-6;-2;-5;-3;-5;-4;-5;-3;-5;-2;-4;-1;-2;-1;-1;-2;-1;-3;-1;-3;-2;-3;-2;-2;-1;-1;0;0;1;0;2;-1;2;-1;1;-2;0;-2;-1;-1;-1;-1;-1;0;-1;0;0;0;0;-2;0;-1;-1;2;-2;7;-6;19;-7;19;-8;20;-9;19;-11;18;-12;18;-14;17;-16;17;-17;17;-18;17;-18;16;-18;15;-19;13;-20;12;-21;11;-22;10;-22;10;-21;10;-20;9;-19;8;-19;6;-19;5;-20;4;-20;4;-20;4;-19;5;-18;5;-17;4;-118;0;-13;-49;-13;-48;-14;-46;-15;-45;-16;-43;-17;-42;-18;-40;-18;-39;-18;-38;-18;-37;-18;-36;-19;-35;-20;-35;-21;-35;-21;-35;-21;-35;-21;-35;-20;-35;-20;-35;-19;-34;-18;-34;-17;-34;-16;-34;-15;-34;-14;-34;-12;-34;-10;-34;-9;-34;-3;-13;-1;-4;0;1;0;1;0;0;-1;-2;-3;-6;-7;-17;-7;-18;-7;-19;-7;-20;-7;-22;-7;-24;-6;-25;-6;-26;-7;-28;-7;-29;-7;-30;-6;-32;-5;-34;-4;-35;-3;-35;-3;-36;-4;-36;-5;-37;-6;-38;-7;-40;-8;-41;-9;-42;-9;-43;-10;-44;-10;-45;-11;-46;-12;-48;-13;-49,stable,EXP_S144,ZONE_02,entree_zone,4.1,entree_zone,entree dans la zone
751852522,-53,6,a0:9f:7a:73:2b:3e,384,-110;-96;8;0;-19;-26;-18;-26;-17;-26;-16;-24;-15;-21;-15;-18;-15;-15;-16;-12;-17;-9;-19;-7;-20;-5;-21;-4;-22;-3;-22;-2;-22;-2;-22;-1;-21;0;-21;1;-20;2;-20;3;-19;4;-19;5;-19;5;-18;6;-19;6;-5;1;0;0;0;0;0;0;0;0;0;0;0;0;0;0;0;0;0;0;4;-4;18;-12;19;-9;20;-5;19;-2;16;1;12;2;8;1;4;-1;0;-5;-2;-10;-2;-15;-1;-21;1;-25;5;-27;8;-29;11;-29;13;-27;14;-25;14;-22;12;-19;8;-17;4;-15;-2;-15;-7;-16;-11;-17;-14;-19;-111;0;-15;3;-14;3;-13;3;-12;3;-10;3;-9;2;-8;1;-7;0;-6;-1;-6;-2;-6;-1;-5;-1;-4;-1;-2;-1;-2;-2;-1;-2;-2;-2;-2;-2;-2;-2;-1;-1;0;-1;1;-1;1;-1;1;-1;1;-2;0;-1;0;-1;0;-1;0;-1;0;0;-1;0;-1;-2;0;-1;0;2;0;7;0;20;-1;21;-3;21;-4;21;-6;21;-7;21;-9;21;-11;21;-12;21;-13;21;-14;20;-14;19;-15;18;-16;17;-17;16;-18;15;-18;15;-18;14;-17;14;-17;12;-17;11;-17;10;-18;10;-18;9;-18;9;-17;9;-16;8;-15;8;-111;0;-24;-43;-25;-43;-25;-42;-25;-41;-26;-39;-26;-38;-26;-36;-26;-35;-26;-33;-27;-32;-27;-30;-27;-30;-28;-29;-28;-29;-28;-29;-28;-29;-28;-29;-28;-30;-28;-29;-27;-29;-26;-29;-25;-29;-24;-29;-23;-29;-22;-30;-20;-30;-18;-31;-17;-32;-6;-12;-2;-4;0;1;0;0;0;0;-2;-2;-4;-6;-11;-15;-11;-16;-11;-17;-12;-18;-12;-20;-12;-21;-12;-23;-12;-24;-13;-25;-13;-27;-13;-28;-13;-30;-13;-32;-12;-33;-12;-33;-12;-33;-13;-34;-13;-34;-15;-36;-16;-37;-17;-38;-18;-39;-19;-40;-20;-41;-21;-42;-23;-43;-24;-44;-25;-44,stable,EXP_S144,ZONE_02,entree_zone,4.1,entree_zone,entree dans la zone
752052274,-53,6,a0:9f:7a:73:2b:3e,384,-110;-96;8;0;-32;-5;-31;-6;-30;-6;-28;-6;-25;-5;-23;-3;-21;0;-20;2;-19;5;-18;7;-18;9;-17;11;-17;12;-17;13;-16;14;-16;14;-15;14;-14;14;-13;15;-12;15;-11;16;-10;16;-10;16;-10;16;-9;16;-3;4;0;0;0;0;0;0;0;0;0;0;0;0;0;0;0;0;0;0;0;-6;4;-22;7;-21;10;-19;12;-16;12;-12;10;-8;7;-5;2;-4;-3;-4;-8;-6;-12;-10;-15;-14;-16;-19;-16;-23;-15;-26;-13;-29;-10;-29;-8;-28;-6;-26;-5;-22;-6;-18;-8;-14;-11;-10;-15;-7;-20;-5;-23;-4;-108;0;-5;13;-5;13;-5;13;-4;12;-3;10;-2;8;-3;5;-4;4;-5;3;-5;4;-4;4;-2;4;-1;2;-1;0;-1;-1;-2;-2;-3;-2;-3;-1;-2;0;-1;0;1;0;1;-2;1;-3;0;-3;-1;-3;-2;-2;-1;-1;-1;0;-1;0;0;0;0;0;-2;-1;-1;-1;2;0;7;3;19;9;19;10;19;11;18;12;17;14;15;15;14;17;14;19;13;20;13;21;13;21;11;21;9;21;7;21;5;22;4;23;4;23;5;23;5;22;3;20;2;19;0;19;-2;20;-2;21;-1;20;0;19;0;18;0;16;-108;0;-50;-4;-49;-4;-48;-3;-47;-2;-47;-1;-46;0;-45;1;-43;2;-42;2;-41;3;-40;4;-40;5;-40;6;-40;6;-40;6;-41;5;-41;5;-40;5;-40;4;-39;3;-38;2;-38;2;-37;1;-37;0;-36;-1;-36;-3;-36;-5;-35;-7;-13;-3;-4;-2;1;0;1;-1;0;-1;-2;0;-7;0;-17;2;-18;2;-19;2;-21;1;-23;1;-25;0;-26;-1;-27;-2;-28;-3;-29;-3;-31;-3;-32;-3;-34;-5;-34;-6;-34;-7;-34;-7;-35;-7;-36;-6;-38;-6;-40;-5;-42;-5;-43;-5;-44;-5;-45;-5;-46;-5;-48;-4;-49;-3;-50;-3,stable,EXP_S144,ZONE_02,entree_zone,4.1,entree_zone,entree dans la zone
752253882,-53,6,a0:9f:7a:73:2b:3e,384,-110;-96;8;0;2;-32;3;-31;3;-30;3;-28;1;-26;-1;-23;-3;-21;-5;-19;-8;-18;-10;-17;-12;-17;-14;-16;-15;-16;-16;-16;-16;-15;-16;-14;-17;-14;-17;-12;-17;-11;-17;-10;-18;-9;-18;-8;-18;-8;-18;-7;-18;-7;-5;-2;0;0;0;0;0;0;0;0;0;0;0;0;0;0;0;0;0;0;5;0;21;2;20;5;19;9;16;11;12;11;8;10;5;6;3;2;3;-3;4;-9;7;-13;12;-17;16;-18;21;-18;24;-17;26;-15;27;-12;26;-10;24;-8;21;-7;16;-8;12;-9;8;-12;5;-16;2;-20;1;-24;-115;0;-14;-6;-14;-6;-13;-6;-12;-5;-10;-5;-8;-4;-6;-4;-5;-4;-5;-5;-4;-5;-4;-4;-4;-3;-3;-2;-1;-2;0;-2;0;-2;1;-2;0;-2;0;-2;0;-1;1;0;1;0;2;0;2;0;2;0;1;0;0;0;-1;0;-1;0;-1;0;0;-1;0;-2;0;-1;-2;1;-5;6;-13;17;-14;17;-15;16;-16;15;-17;14;-19;13;-20;12;-22;11;-23;10;-23;9;-23;9;-23;7;-23;6;-23;4;-23;3;-24;2;-24;1;-24;1;-23;1;-22;0;-21;-1;-20;-2;-20;-3;-20;-3;-20;-3;-19;-3;-18;-3;-17;-3;-115;0;8;-49;7;-49;7;-48;6;-47;5;-46;3;-45;2;-44;1;-43;0;-42;-1;-42;-2;-41;-3;-40;-4;-40;-4;-40;-4;-40;-4;-41;-3;-40;-3;-40;-3;-40;-2;-40;-1;-39;-1;-38;0;-38;1;-37;2;-36;4;-36;6;-35;8;-35;3;-13;1;-4;-1;1;-1;1;-1;0;0;-2;0;-7;0;-18;0;-19;0;-20;1;-21;2;-23;3;-24;4;-25;4;-27;5;-28;5;-29;6;-30;7;-32;8;-33;9;-33;10;-34;10;-34;10;-34;10;-35;10;-37;10;-39;9;-40;9;-42;9;-43;9;-44;8;-46;8;-47;8;-49;7;-50,stable,EXP_S144,ZONE_02,entree_zone,4.1,entree_zone,entree dans la zone
752454636,-53,6,a0:9f:7a:73:2b:3e,384,-110;-96;8;0;2;35;1;34;1;33;1;30;2;28;3;25;6;22;8;20;11;18;13;16;15;16;16;15;18;15;19;14;19;14;19;13;19;12;19;11;19;9;20;8;20;7;20;6;20;5;20;5;20;5;5;1;0;0;0;0;0;0;0;0;0;0;0;0;0;0;0;0;0;0;-6;0;-24;2;-24;-2;-23;-6;-20;-9;-17;-10;-12;-9;-8;-6;-5;-2;-4;4;-4;10;-7;15;-11;20;-16;23;-20;23;-24;23;-27;21;-28;18;-28;15;-25;13;-22;12;-18;11;-13;12;-8;15;-3;18;0;22;2;25;-117;0;6;3;6;3;6;3;5;3;5;2;4;2;3;2;2;2;1;2;1;2;1;1;1;1;1;1;0;0;-1;0;-1;0;-1;0;-1;0;-1;0;-1;0;-1;-1;-1;-1;-2;-1;-2;-1;-2;-1;-1;-1;-1;-1;0;-1;0;-1;0;-1;0;0;-1;0;-1;0;0;-2;2;-4;7;-9;8;-9;8;-9;9;-8;10;-7;10;-7;11;-6;11;-6;12;-5;12;-5;12;-4;12;-4;12;-3;12;-2;12;-1;12;-1;12;0;12;0;12;0;11;0;11;1;10;1;10;2;10;2;10;2;10;2;9;2;9;1;-117;0;-7;27;-7;26;-6;26;-6;25;-5;25;-4;25;-4;24;-3;23;-2;23;-2;22;-1;22;-1;22;0;22;0;22;0;22;0;22;0;22;-1;22;-1;22;-1;21;-1;21;-2;20;-2;20;-2;20;-3;20;-4;19;-5;19;-6;19;-3;6;-1;2;0;-1;0;-1;0;-1;-1;0;-1;3;-2;9;-2;10;-2;10;-2;11;-3;12;-4;13;-4;13;-5;14;-5;14;-5;15;-6;16;-6;16;-7;17;-7;17;-8;17;-8;18;-8;18;-8;19;-8;20;-8;20;-8;21;-8;22;-8;23;-8;24;-7;24;-7;25;-7;26;-7;27,stable,EXP_S144,ZONE_02,entree_zone,4.1,entree_zone,entree dans la zone
752652437,-53,6,a0:9f:7a:73:2b:3e,384,-110;-96;8;0;8;-34;9;-34;9;-32;8;-30;6;-27;4;-25;1;-23;-2;-22;-6;-21;-8;-20;-11;-20;-12;-20;-13;-20;-14;-20;-15;-20;-15;-19;-15;-18;-16;-17;-16;-16;-17;-14;-17;-13;-18;-12;-19;-12;-19;-11;-19;-11;-5;-3;0;0;0;0;0;0;0;0;0;0;0;0;0;0;0;0;0;0;5;1;22;6;21;10;18;13;15;14;11;14;7;11;4;7;3;2;4;-4;7;-9;10;-14;16;-16;21;-17;26;-16;30;-14;31;-11;31;-8;30;-6;27;-4;23;-4;19;-5;15;-8;11;-12;7;-17;6;-22;5;-26;-117;0;-6;-6;-6;-6;-6;-6;-5;-5;-4;-5;-4;-5;-3;-4;-2;-4;-2;-4;-2;-4;-2;-3;-1;-3;-1;-2;-1;-2;0;-1;0;-1;0;-1;0;-1;0;-1;0;-1;0;0;0;0;0;0;0;0;0;0;0;0;0;0;0;0;-1;0;-1;0;-1;-1;0;-1;0;-1;-2;0;-4;2;-11;5;-11;5;-12;4;-12;3;-13;2;-13;2;-13;1;-14;0;-14;0;-14;-1;-14;-1;-14;-2;-13;-3;-13;-3;-13;-4;-13;-5;-13;-5;-12;-5;-12;-5;-11;-5;-11;-5;-10;-6;-10;-6;-10;-6;-10;-6;-9;-6;-9;-6;-9;-6;-117;0;14;-24;13;-24;13;-24;12;-23;11;-23;10;-23;10;-23;9;-22;8;-22;8;-21;7;-21;6;-21;6;-21;6;-22;6;-22;6;-22;6;-22;6;-21;6;-21;6;-21;7;-20;7;-20;7;-19;7;-19;8;-19;9;-18;10;-17;10;-17;3;-6;1;-2;-1;0;-1;0;-1;0;0;-1;1;-4;4;-10;4;-10;4;-10;5;-11;6;-11;6;-12;7;-12;8;-13;8;-13;9;-14;9;-14;10;-15;11;-15;12;-15;12;-15;12;-15;12;-16;12;-16;13;-17;13;-18;13;-19;13;-20;13;-20;13;-21;14;-22;14;-23;14;-23;14;-24,stable,EXP_S144,ZONE_02,entree_zone,4.1,entree_zone,entree dans la zone
752856592,-53,6,a0:9f:7a:73:2b:3e,384,-110;-96;8;0;24;-25;25;-25;25;-23;23;-22;20;-20;16;-19;13;-19;9;-20;5;-20;2;-21;0;-22;-1;-24;-3;-24;-3;-24;-4;-24;-5;-24;-6;-23;-6;-22;-7;-22;-8;-21;-10;-20;-10;-19;-11;-19;-11;-19;-11;-19;-3;-5;0;0;0;0;0;0;0;0;0;0;0;0;0;0;0;0;0;0;3;4;14;19;11;21;7;22;3;21;0;18;-2;14;-2;9;1;4;5;-1;10;-4;16;-5;22;-4;27;-2;31;2;33;6;32;9;31;12;28;13;25;12;22;10;19;7;16;2;15;-4;15;-10;16;-16;18;-20;-108;0;-4;-8;-4;-8;-3;-8;-3;-7;-3;-6;-2;-5;-1;-5;-1;-4;-1;-4;-1;-4;-1;-4;-1;-3;-1;-2;-1;-2;0;-1;0;-1;0;-1;0;-1;0;-1;-1;-1;-1;-1;-1;0;0;0;0;0;0;0;0;0;0;0;-1;-1;-1;-1;-1;0;-1;0;0;-1;0;0;-2;0;-5;0;-13;1;-13;0;-13;-1;-13;-2;-13;-3;-13;-4;-13;-4;-13;-5;-13;-6;-13;-7;-13;-7;-12;-8;-12;-8;-11;-9;-11;-9;-10;-10;-10;-10;-10;-10;-9;-10;-9;-10;-8;-10;-7;-10;-7;-10;-7;-10;-7;-10;-7;-10;-6;-9;-6;-9;-108;0;23;-16;22;-16;21;-16;21;-16;20;-16;19;-17;18;-17;17;-17;16;-16;16;-16;15;-16;14;-17;14;-17;14;-17;14;-17;14;-17;14;-17;14;-17;14;-17;14;-16;14;-16;14;-16;14;-15;14;-15;15;-14;15;-13;16;-12;16;-11;6;-4;1;-1;-1;0;-1;0;-1;0;0;-1;2;-3;7;-7;7;-7;8;-7;9;-7;9;-8;10;-8;11;-8;12;-8;13;-9;13;-9;14;-9;15;-9;16;-9;17;-9;17;-9;17;-9;17;-9;18;-10;18;-10;19;-11;20;-12;20;-12;21;-13;21;-14;21;-14;22;-15;22;-16;22;-16,stable,EXP_S144,ZONE_02,entree_zone,4.1,entree_zone,entree dans la zone
753056847,-53,6,a0:9f:7a:73:2b:3e,384,-110;-96;8;0;-35;-8;-35;-9;-33;-10;-30;-9;-27;-7;-25;-4;-23;-1;-21;2;-20;5;-19;8;-18;11;-18;13;-18;14;-18;15;-18;16;-17;16;-17;16;-15;17;-14;17;-13;17;-12;17;-11;17;-10;18;-9;18;-8;18;-2;4;0;0;0;0;0;0;0;0;0;0;0;0;0;0;0;0;0;0;2;-6;10;-23;12;-21;15;-18;16;-14;15;-10;12;-6;8;-4;2;-3;-4;-5;-9;-8;-13;-13;-15;-18;-16;-24;-15;-28;-12;-32;-9;-34;-6;-33;-4;-31;-2;-28;-3;-24;-4;-19;-7;-15;-11;-11;-17;-8;-22;-6;-26;-5;-125;0;-6;6;-6;6;-6;6;-5;6;-4;5;-3;4;-3;3;-4;2;-4;1;-4;1;-4;1;-3;1;-2;1;-2;0;-2;-1;-2;-1;-2;-1;-2;0;-2;0;-1;0;-1;0;0;0;0;-1;0;-1;-1;-1;-1;-1;-1;0;-1;0;-1;0;-1;0;0;-1;-1;-1;-1;-1;1;0;3;2;8;8;8;8;7;9;6;10;5;10;5;11;4;12;4;13;3;13;3;14;2;13;1;13;1;13;-1;13;-1;13;-2;13;-2;13;-2;13;-2;12;-3;11;-3;11;-4;10;-5;10;-5;11;-5;10;-4;10;-4;10;-4;9;-125;0;-26;-10;-26;-9;-25;-9;-25;-8;-25;-7;-24;-7;-24;-6;-24;-5;-23;-5;-23;-4;-22;-4;-22;-3;-22;-3;-22;-3;-22;-3;-22;-3;-22;-3;-22;-3;-22;-4;-21;-4;-21;-4;-20;-4;-20;-5;-20;-5;-19;-6;-19;-7;-19;-8;-18;-9;-7;-4;-2;-2;0;0;0;0;0;0;-2;-1;-4;-1;-10;-2;-11;-2;-11;-2;-12;-3;-13;-3;-13;-4;-14;-5;-14;-5;-15;-6;-16;-6;-16;-6;-17;-7;-18;-8;-18;-9;-18;-9;-18;-9;-18;-9;-19;-9;-20;-9;-21;-9;-22;-9;-22;-9;-23;-9;-23;-9;-24;-9;-25;-9;-26;-9;-27;-9,stable,EXP_S144,ZONE_02,entree_zone,4.1,entree_zone,entree dans la zone
753252982,-53,6,a0:9f:7a:73:2b:3e,384,-110;-96;8;0;-33;11;-33;10;-32;9;-29;8;-26;8;-23;9;-19;10;-16;12;-13;14;-11;16;-10;18;-9;20;-8;21;-7;22;-7;22;-6;22;-6;22;-4;21;-3;21;-2;20;-1;20;0;20;1;19;2;19;2;19;0;5;0;0;0;0;0;0;0;0;0;0;0;0;0;0;0;0;0;0;-2;-6;-4;-24;-1;-24;3;-23;6;-20;8;-16;7;-12;4;-8;0;-4;-6;-3;-12;-3;-17;-4;-22;-8;-25;-12;-27;-17;-26;-21;-25;-23;-22;-25;-19;-24;-17;-22;-15;-19;-14;-14;-14;-9;-15;-3;-17;2;-21;6;-24;8;-116;0;-2;8;-2;8;-2;7;-2;7;-2;6;-2;5;-2;4;-2;3;-3;3;-2;3;-2;3;-2;2;-1;2;-1;1;-1;0;-2;0;-2;0;-2;0;-1;0;-1;0;-1;0;-1;-1;-1;-1;-1;-1;-1;-1;-1;-1;-1;-1;-1;0;-1;0;0;-1;0;0;-1;-1;-1;-1;1;0;4;1;11;3;11;4;11;4;10;5;10;6;10;7;9;8;9;9;9;9;8;10;8;10;7;10;6;11;5;11;5;11;4;12;4;12;4;11;3;11;3;11;2;11;1;11;1;11;1;11;1;11;1;11;0;10;0;9;-116;0;-27;3;-26;3;-26;3;-25;4;-24;4;-24;5;-23;5;-22;6;-22;6;-21;6;-21;6;-21;7;-21;7;-20;7;-20;7;-20;7;-21;7;-21;6;-21;6;-20;6;-20;5;-20;5;-20;4;-19;4;-20;3;-20;2;-20;1;-19;0;-7;0;-3;-1;0;-1;0;-1;0;-1;-1;0;-4;1;-10;3;-10;3;-11;3;-11;3;-12;2;-13;2;-14;2;-15;2;-15;2;-16;2;-17;2;-18;1;-18;1;-19;0;-19;0;-19;0;-20;0;-20;0;-21;1;-22;1;-23;1;-23;2;-24;2;-24;2;-25;3;-26;3;-26;3;-27;3,stable,EXP_S144,ZONE_02,entree_zone,4.1,entree_zone,entree dans la zone
753452476,-53,6,a0:9f:7a:73:2b:3e,384,-110;-96;8;0;-35;-8;-34;-9;-32;-9;-30;-8;-27;-7;-24;-4;-22;-1;-20;2;-19;5;-18;8;-18;11;-18;13;-18;15;-18;16;-17;16;-17;16;-16;16;-15;16;-14;16;-13;17;-11;17;-10;17;-9;17;-9;18;-8;18;-2;4;0;0;0;0;0;0;0;0;0;0;0;0;0;0;0;0;0;0;2;-6;9;-22;12;-20;14;-18;15;-14;14;-10;12;-7;7;-4;2;-4;-4;-5;-9;-8;-13;-13;-15;-18;-16;-23;-15;-28;-12;-31;-9;-33;-7;-32;-4;-31;-3;-28;-3;-23;-4;-19;-7;-14;-11;-10;-16;-7;-22;-5;-26;-5;-111;0;-5;7;-5;7;-5;6;-4;6;-4;5;-4;4;-4;3;-4;3;-4;2;-4;2;-4;2;-3;1;-2;1;-2;0;-2;0;-2;0;-2;0;-2;0;-2;0;-1;0;-1;0;-1;-1;-1;-1;-1;-1;-1;-1;-1;-1;-1;-1;-1;-1;-1;-1;-1;-1;0;0;-1;-1;-1;-1;1;0;3;2;9;7;8;7;8;8;7;9;6;9;6;10;5;11;5;12;4;12;4;13;3;13;2;12;1;12;1;12;0;12;-1;12;-1;12;-1;12;-2;12;-2;11;-2;11;-3;11;-3;11;-4;11;-4;11;-4;10;-4;10;-4;9;-111;0;-26;-7;-26;-7;-25;-6;-25;-6;-25;-5;-24;-4;-24;-4;-23;-3;-22;-3;-22;-2;-22;-2;-22;-1;-22;-1;-22;-1;-22;-1;-22;-1;-22;-1;-22;-2;-21;-2;-21;-2;-21;-2;-20;-3;-20;-3;-20;-4;-19;-4;-19;-5;-19;-6;-18;-7;-7;-3;-2;-1;0;0;0;-1;0;0;-1;0;-4;0;-10;-1;-10;-1;-11;-1;-12;-2;-13;-2;-13;-3;-14;-3;-15;-4;-15;-4;-16;-4;-17;-5;-17;-5;-17;-6;-18;-7;-18;-7;-18;-7;-19;-7;-19;-7;-20;-7;-21;-7;-22;-7;-22;-7;-23;-7;-24;-7;-24;-7;-25;-7;-26;-6;-26;-6,stable,EXP_S144,ZONE_02,entree_zone,4.1,entree_zone,entree dans la zone
753652341,-53,6,a0:9f:7a:73:2b:3e,384,-110;-96;8;0;1;34;-1;34;-1;32;-1;29;0;26;2;23;4;20;7;17;10;15;12;14;14;14;16;13;18;13;19;13;19;13;19;13;19;13;19;11;18;10;18;8;18;7;18;6;18;6;18;5;18;5;4;1;0;0;0;0;0;0;0;0;0;0;0;0;0;0;0;0;0;0;-6;0;-24;-1;-23;-4;-21;-7;-18;-10;-14;-10;-10;-9;-7;-5;-5;0;-4;5;-5;11;-9;15;-13;19;-17;21;-22;21;-25;20;-28;18;-28;15;-27;12;-25;10;-21;9;-16;9;-11;11;-6;14;-2;18;1;22;3;26;-109;0;8;3;8;3;7;3;7;2;6;2;4;2;3;2;3;2;2;3;2;3;2;2;2;2;1;1;1;1;0;1;-1;1;-1;2;0;2;0;1;0;1;0;0;-1;0;-2;0;-2;0;-2;0;-1;1;-1;0;0;0;0;0;0;0;0;-1;-1;0;-1;0;0;-2;1;-4;4;-11;4;-11;5;-11;6;-10;6;-10;7;-9;8;-9;9;-9;10;-8;10;-8;10;-8;10;-7;11;-6;11;-5;11;-4;12;-4;12;-3;12;-3;11;-3;11;-2;10;-1;10;-1;11;0;11;0;11;0;10;0;10;0;9;0;-109;0;0;25;0;25;1;25;1;24;1;24;2;23;2;23;2;22;3;22;3;21;3;20;4;20;4;20;4;20;4;20;3;20;3;20;3;20;2;20;2;20;1;20;1;19;1;19;0;19;-1;18;-2;18;-3;18;-4;18;-2;6;-1;1;0;-1;-1;-1;-1;-1;0;0;1;3;3;9;3;9;3;9;3;10;3;11;2;12;2;13;2;14;1;14;1;15;1;16;1;17;0;18;0;18;-1;18;-1;18;-1;18;0;19;0;20;0;21;0;22;0;22;0;23;0;23;1;24;1;25;1;25;2;26,stable,EXP_S144,ZONE_02,entree_zone,4.1,entree_zone,entree dans la zone
753857171,-53,6,a0:9f:7a:73:2b:3e,384,-110;-96;8;0;27;22;25;23;23;22;21;20;20;17;19;14;18;10;18;6;19;3;20;0;22;-2;23;-3;24;-3;24;-4;24;-4;24;-4;23;-4;22;-5;21;-5;20;-6;19;-7;18;-8;18;-9;17;-9;17;-9;4;-3;0;0;0;0;0;0;0;0;0;0;0;0;0;0;0;0;0;0;-3;5;-13;19;-15;17;-17;14;-18;10;-16;6;-13;4;-8;3;-3;4;2;6;6;11;8;16;8;21;7;26;4;30;1;32;-2;32;-5;31;-6;29;-7;25;-5;22;-2;18;2;15;8;14;13;13;19;14;22;15;-121;0;7;-4;7;-4;7;-4;6;-4;5;-3;4;-2;4;-1;4;-1;4;0;4;0;3;0;3;-1;2;0;1;0;1;1;1;1;1;1;1;1;1;0;1;0;0;0;-1;0;-1;1;-1;1;0;1;0;1;0;0;0;0;0;0;0;-1;-1;-1;0;0;0;0;-1;-1;-3;-4;-7;-10;-6;-10;-6;-11;-5;-11;-4;-11;-3;-12;-2;-12;-1;-13;0;-13;0;-14;1;-13;1;-13;2;-12;3;-12;4;-12;4;-12;5;-12;5;-12;5;-11;5;-10;5;-9;6;-9;7;-8;7;-8;7;-8;7;-8;6;-8;6;-7;-121;0;21;15;21;15;21;15;21;14;21;14;20;13;20;13;20;12;19;12;19;11;19;10;19;10;19;10;19;10;19;10;19;10;19;10;18;11;18;11;17;11;17;11;16;12;16;12;15;12;14;13;13;13;12;14;12;15;4;5;1;1;-1;-1;-1;-1;-1;-1;1;0;3;0;9;2;9;2;10;3;11;4;11;4;12;5;12;6;12;6;13;7;13;7;14;8;14;9;15;10;15;11;15;11;15;11;15;12;16;12;16;12;17;13;18;13;18;14;19;14;19;14;20;14;21;14;22;15;23;15,stable,EXP_S144,ZONE_02,entree_zone,4.1,entree_zone,entree dans la zone
754052393,-53,6,a0:9f:7a:73:2b:3e,384,-110;-96;8;0;27;17;26;17;24;17;22;15;20;13;19;10;19;7;18;4;19;1;19;-1;20;-3;21;-4;22;-4;22;-5;22;-5;21;-5;21;-5;20;-6;18;-6;17;-7;17;-8;16;-9;16;-9;16;-10;16;-10;4;-3;0;0;0;0;0;0;0;0;0;0;0;0;0;0;0;0;0;0;-2;5;-6;20;-9;19;-12;17;-14;13;-13;10;-11;7;-8;5;-3;5;2;6;6;8;9;12;11;17;11;21;10;25;7;28;4;30;1;29;0;27;-1;25;0;21;1;18;5;15;9;12;14;11;19;11;22;12;-104;0;12;-5;12;-5;11;-4;10;-3;9;-3;8;-2;7;-1;6;0;6;0;5;0;5;0;4;1;3;1;2;1;1;2;1;2;1;2;1;2;0;2;0;2;-1;2;-1;1;-2;2;-2;2;-2;2;-1;1;-1;1;-1;0;-1;0;-1;0;0;-1;0;1;0;0;-1;-2;-2;-7;-5;-20;-4;-20;-3;-21;-1;-21;0;-21;2;-21;3;-22;4;-22;6;-22;7;-22;8;-21;9;-20;10;-20;11;-19;12;-18;13;-17;13;-17;13;-17;13;-16;13;-15;14;-14;14;-13;14;-12;14;-12;14;-11;13;-10;13;-9;13;-9;-104;0;32;39;32;38;32;37;32;35;32;34;32;32;32;31;32;30;32;29;32;28;32;27;32;26;32;25;32;25;32;24;32;25;32;24;31;25;31;25;30;25;29;25;28;25;27;25;26;26;25;26;23;27;22;28;20;29;7;10;1;3;-1;-1;-1;-1;-1;-1;1;1;5;4;14;12;14;13;14;14;15;15;15;17;16;18;16;20;17;21;18;22;18;24;18;25;18;27;19;28;19;29;19;30;19;31;19;31;20;32;21;33;22;34;24;35;25;35;26;36;27;37;29;37;30;38;31;39;32;40,stable,EXP_S144,ZONE_02,entree_zone,4.1,entree_zone,entree dans la zone
754252480,-53,6,a0:9f:7a:73:2b:3e,384,-110;-96;8;0;20;-26;20;-25;20;-24;19;-22;16;-21;13;-20;10;-19;7;-19;4;-20;2;-21;1;-22;0;-22;-1;-23;-1;-24;-1;-24;-2;-23;-2;-22;-3;-21;-3;-21;-4;-20;-5;-20;-6;-19;-6;-19;-6;-19;-6;-19;-2;-5;0;0;0;0;0;0;0;0;0;0;0;0;0;0;0;0;0;0;5;1;20;6;19;9;17;12;13;13;10;13;7;11;5;7;4;3;6;-2;9;-6;13;-9;18;-11;23;-11;27;-9;29;-6;30;-3;30;-1;28;2;26;2;22;2;19;-1;16;-4;14;-8;13;-13;14;-18;14;-21;-105;0;-7;-13;-7;-13;-8;-12;-8;-11;-7;-8;-5;-7;-2;-5;0;-6;1;-7;0;-7;0;-7;-1;-5;-1;-4;0;-2;1;-1;2;-2;2;-3;2;-3;1;-3;0;-2;-1;0;0;1;1;2;2;1;2;0;2;-1;1;-1;0;-1;-1;-1;-1;0;-1;0;0;-1;0;-1;-2;1;-6;4;-17;12;-17;11;-18;11;-19;9;-19;8;-20;6;-22;4;-23;2;-25;1;-25;1;-25;0;-24;-1;-22;-2;-22;-4;-22;-6;-22;-7;-22;-8;-22;-8;-20;-7;-18;-8;-16;-9;-15;-11;-15;-13;-16;-13;-16;-13;-16;-12;-14;-11;-13;-10;-105;0;31;-43;30;-43;29;-42;28;-42;27;-41;26;-41;25;-40;23;-39;22;-38;21;-37;20;-37;19;-37;19;-37;19;-38;19;-38;19;-38;19;-37;20;-37;20;-36;21;-35;21;-34;21;-33;22;-32;22;-30;24;-29;25;-27;26;-26;27;-24;10;-9;3;-3;-1;0;-1;1;-1;0;0;-2;1;-7;5;-19;5;-20;6;-21;8;-22;9;-23;11;-24;12;-24;13;-25;14;-26;15;-27;16;-28;18;-29;20;-29;22;-29;23;-29;23;-29;23;-30;24;-31;24;-33;25;-34;26;-36;27;-36;28;-37;28;-38;28;-40;29;-42;30;-43;30;-44,stable,EXP_S144,ZONE_02,entree_zone,4.1,entree_zone,entree dans la zone
754452808,-53,6,a0:9f:7a:73:2b:3e,384,-110;-96;8;0;7;-35;8;-35;8;-33;7;-31;6;-28;3;-26;0;-24;-3;-22;-6;-21;-8;-21;-11;-21;-13;-21;-14;-21;-14;-21;-15;-21;-15;-20;-15;-19;-15;-18;-15;-17;-16;-16;-16;-15;-17;-14;-17;-13;-18;-13;-18;-13;-5;-4;0;0;0;0;0;0;0;0;0;0;0;0;0;0;0;0;0;0;6;0;24;2;23;5;21;9;18;11;14;12;10;10;6;7;5;2;4;-4;6;-10;9;-14;14;-18;19;-19;24;-19;28;-17;30;-15;31;-12;30;-9;27;-7;24;-7;19;-8;15;-10;11;-13;7;-18;5;-23;4;-27;-120;0;-7;-6;-7;-5;-6;-5;-6;-5;-5;-4;-4;-4;-3;-4;-2;-4;-2;-4;-2;-3;-2;-3;-1;-3;-1;-2;-1;-2;0;-2;0;-2;0;-2;0;-2;0;-1;0;-1;0;-1;0;0;0;0;0;0;0;0;0;0;0;0;0;0;0;0;-1;0;-1;0;0;-1;0;-1;-1;0;-4;2;-9;7;-10;7;-10;6;-11;5;-11;5;-12;4;-12;3;-13;3;-13;2;-14;2;-14;1;-14;0;-13;0;-13;-1;-13;-2;-13;-2;-13;-3;-13;-3;-12;-3;-12;-3;-11;-4;-11;-4;-11;-5;-11;-5;-11;-5;-10;-5;-10;-5;-9;-5;-120;0;11;-26;11;-26;11;-26;10;-25;9;-25;8;-25;8;-24;7;-24;6;-23;5;-23;5;-23;4;-23;4;-23;4;-23;4;-23;4;-23;4;-23;5;-23;5;-22;5;-22;5;-22;6;-21;6;-20;6;-20;7;-19;8;-19;9;-18;9;-18;3;-7;1;-2;-1;0;-1;0;-1;0;0;-2;0;-4;2;-11;2;-11;3;-11;3;-12;4;-12;5;-13;5;-14;6;-14;6;-15;7;-16;7;-16;8;-17;9;-17;9;-17;10;-17;10;-17;10;-18;10;-18;10;-19;11;-20;11;-21;11;-22;11;-23;11;-23;11;-24;11;-25;11;-26;11;-26,stable,EXP_S144,ZONE_02,entree_zone,4.1,entree_zone,entree dans la zone
754652456,-53,6,a0:9f:7a:73:2b:3e,384,-110;-96;8;0;-33;-2;-33;-3;-31;-4;-29;-3;-26;-2;-24;0;-22;2;-20;4;-18;7;-17;9;-17;11;-17;13;-17;14;-17;15;-16;15;-16;15;-15;15;-14;16;-13;16;-12;16;-11;16;-10;16;-9;17;-9;17;-9;17;-3;4;0;0;0;0;0;0;0;0;0;0;0;0;0;0;0;0;0;0;-1;-6;-1;-22;2;-22;5;-21;8;-18;9;-15;8;-11;5;-7;1;-5;-4;-4;-10;-5;-14;-7;-18;-11;-20;-16;-20;-20;-19;-24;-17;-27;-15;-28;-12;-27;-10;-25;-10;-21;-10;-17;-11;-13;-13;-9;-17;-5;-21;-2;-25;-1;-118;0;-6;5;-5;4;-5;4;-5;4;-4;3;-4;3;-4;2;-3;1;-3;1;-3;1;-3;0;-2;0;-2;0;-1;0;-1;-1;-1;-1;-1;-1;-1;-1;-1;-1;-1;-1;-1;-1;0;-1;0;-1;0;-1;0;-1;0;-1;0;-1;0;-1;0;-1;0;0;0;0;-1;-1;-1;-1;0;0;2;2;6;8;5;8;5;9;4;9;4;10;3;10;2;10;1;11;1;11;0;11;0;11;0;11;-1;11;-2;11;-3;11;-3;11;-3;11;-3;11;-4;10;-4;9;-4;9;-5;9;-5;8;-5;8;-5;8;-5;8;-5;7;-5;7;-118;0;-23;-13;-23;-13;-22;-13;-22;-12;-21;-11;-21;-11;-21;-10;-21;-9;-20;-9;-20;-8;-20;-8;-20;-7;-20;-7;-20;-7;-20;-7;-20;-7;-20;-7;-20;-8;-19;-8;-19;-8;-19;-8;-18;-8;-18;-9;-17;-9;-17;-9;-16;-10;-16;-11;-15;-11;-6;-4;-2;-2;0;0;0;0;0;0;-1;-1;-4;-2;-9;-4;-10;-4;-10;-4;-11;-5;-11;-5;-12;-6;-12;-6;-12;-7;-13;-8;-13;-8;-14;-9;-14;-9;-14;-10;-15;-11;-15;-11;-15;-12;-15;-12;-16;-12;-16;-12;-17;-12;-18;-12;-19;-12;-19;-13;-20;-13;-21;-13;-21;-13;-22;-13;-23;-14,stable,EXP_S144,ZONE_02,entree_zone,4.1,entree_zone,entree dans la zone
754852498,-53,6,a0:9f:7a:73:2b:3e,384,-110;-96;8;0;-36;0;-35;-1;-34;-1;-32;-1;-29;0;-26;1;-23;4;-21;6;-19;9;-19;11;-18;14;-18;15;-18;16;-17;17;-17;18;-16;18;-15;18;-14;17;-13;17;-12;18;-11;18;-10;18;-9;19;-9;19;-9;19;-3;4;0;0;0;0;0;0;0;0;0;0;0;0;0;0;0;0;0;0;-2;-6;-4;-24;0;-24;3;-23;6;-21;8;-17;7;-13;5;-9;1;-6;-5;-4;-10;-5;-16;-7;-20;-11;-23;-15;-24;-20;-23;-24;-21;-27;-19;-28;-16;-28;-14;-26;-12;-22;-12;-18;-13;-13;-15;-9;-19;-4;-24;-1;-27;0;-117;0;-4;7;-4;6;-3;6;-3;5;-3;4;-3;4;-3;3;-3;2;-3;2;-3;1;-3;1;-2;1;-2;0;-2;0;-1;-1;-1;-1;-2;-1;-1;-1;-1;-1;-1;-1;-1;-1;-1;-1;-1;-2;-1;-2;-1;-2;-1;-1;-1;-1;-1;-1;-1;-1;0;-1;0;0;-1;-1;-1;-1;1;0;3;2;9;6;8;7;8;7;7;8;7;9;6;9;6;10;5;11;5;11;4;12;4;12;3;12;3;12;2;12;1;12;1;12;0;12;0;11;0;11;-1;11;-1;10;-1;10;-2;10;-2;10;-2;10;-2;9;-2;9;-2;9;-117;0;-28;-6;-28;-6;-28;-5;-27;-5;-26;-4;-26;-3;-25;-3;-25;-2;-24;-1;-24;-1;-23;0;-23;0;-23;0;-23;1;-23;1;-23;1;-23;0;-23;0;-23;0;-22;-1;-22;-1;-21;-1;-21;-2;-21;-2;-21;-3;-20;-4;-20;-5;-20;-5;-7;-2;-3;-1;0;0;0;0;0;0;-2;-1;-4;-1;-11;-1;-11;-1;-12;-2;-12;-2;-13;-2;-14;-3;-14;-3;-15;-4;-16;-4;-17;-5;-17;-5;-18;-5;-18;-6;-19;-7;-19;-7;-19;-7;-20;-7;-20;-7;-21;-7;-22;-7;-23;-7;-24;-7;-25;-7;-25;-6;-26;-6;-27;-6;-28;-6;-28;-6,stable,EXP_S144,ZONE_02,entree_zone,4.1,entree_zone,entree dans la zone
755052497,-53,6,a0:9f:7a:73:2b:3e,384,-110;-96;8;0;-32;10;-31;9;-30;8;-28;7;-25;7;-22;8;-19;10;-16;11;-14;13;-13;15;-12;17;-12;18;-11;19;-11;20;-10;20;-10;20;-9;20;-8;19;-7;19;-6;19;-5;19;-4;19;-3;19;-3;19;-3;19;-1;4;0;0;0;0;0;0;0;0;0;0;0;0;0;0;0;0;0;0;-3;-5;-11;-20;-8;-21;-4;-22;-1;-20;2;-18;2;-14;1;-9;-2;-6;-6;-3;-11;-1;-16;-2;-21;-4;-25;-8;-27;-11;-27;-15;-26;-18;-24;-20;-22;-20;-19;-19;-17;-16;-16;-12;-15;-8;-16;-3;-18;2;-21;6;-24;8;-22;0;0;14;0;13;0;12;0;11;0;10;-1;8;-2;7;-3;6;-4;5;-4;4;-4;4;-3;3;-2;2;-2;1;-3;0;-3;-1;-3;-1;-3;0;-3;-1;-2;-1;-1;-2;-1;-2;-1;-3;-2;-3;-2;-3;-2;-2;-2;-2;-1;-1;-1;-1;-1;-1;0;0;-2;0;-1;-1;2;-1;7;-1;20;0;20;1;21;2;21;4;21;5;20;7;20;9;20;10;20;12;20;13;19;14;18;15;16;16;15;17;14;18;13;18;13;18;12;18;11;18;10;17;9;17;7;18;7;18;6;19;6;18;5;17;5;16;4;15;-22;0;-49;16;-49;16;-48;17;-47;17;-45;18;-44;18;-43;19;-41;19;-40;19;-38;19;-37;19;-37;19;-37;20;-37;20;-37;20;-37;20;-37;19;-37;19;-37;18;-37;17;-36;16;-36;15;-36;14;-36;13;-36;11;-36;9;-37;7;-37;5;-14;1;-5;0;1;-1;0;-1;0;-1;-2;1;-6;3;-16;10;-17;10;-18;11;-20;11;-22;11;-23;11;-25;11;-26;11;-28;11;-29;11;-31;11;-32;11;-34;10;-35;9;-36;9;-36;9;-37;9;-38;9;-39;10;-41;11;-42;12;-44;13;-45;13;-46;14;-47;14;-48;15;-49;16;-50;17,stable,EXP_S144,ZONE_02,entree_zone,4.1,entree_zone,entree dans la zone
755252251,-53,6,a0:9f:7a:73:2b:3e,384,-110;-96;8;0;33;-10;33;-9;32;-8;29;-8;26;-8;23;-9;20;-11;18;-13;16;-15;15;-16;14;-18;14;-20;13;-21;13;-21;13;-21;12;-21;11;-21;10;-21;9;-21;8;-20;7;-21;6;-21;6;-21;6;-21;6;-21;1;-6;0;0;0;0;0;0;0;0;0;0;0;0;0;0;0;0;0;0;3;4;13;19;10;20;6;21;2;20;-1;18;-2;14;-1;10;1;5;6;2;11;0;16;1;22;3;26;6;28;10;29;14;28;17;26;19;23;19;20;18;18;15;17;11;17;7;17;2;19;-2;23;-6;26;-9;-20;0;-1;-8;-1;-8;-1;-7;0;-6;0;-6;0;-5;0;-4;1;-4;1;-4;0;-3;0;-3;0;-3;0;-2;0;-1;1;-1;1;-1;1;0;1;0;1;0;0;0;0;0;0;0;0;1;0;1;0;1;0;0;0;0;0;0;-1;0;-1;0;-1;-1;0;-1;0;0;-2;0;-5;0;-12;0;-12;-1;-12;-2;-12;-3;-12;-4;-12;-4;-11;-5;-11;-6;-11;-7;-11;-7;-10;-8;-10;-8;-9;-9;-9;-9;-8;-10;-8;-10;-7;-10;-7;-10;-7;-10;-6;-10;-6;-10;-5;-10;-5;-10;-5;-10;-4;-10;-4;-10;-4;-9;-3;-9;-20;0;26;-10;25;-11;25;-11;24;-11;24;-11;23;-11;22;-11;21;-12;21;-12;20;-12;19;-12;19;-13;19;-13;19;-13;19;-13;19;-12;19;-12;19;-12;19;-11;19;-11;19;-10;19;-10;18;-9;18;-9;18;-8;19;-7;19;-6;19;-5;7;-2;2;-1;-1;0;-1;0;-1;0;0;-1;2;-3;8;-7;8;-7;9;-7;10;-7;11;-7;12;-7;12;-7;13;-7;14;-7;15;-7;16;-7;17;-7;17;-7;18;-6;19;-6;19;-6;19;-6;20;-6;20;-7;21;-7;22;-8;22;-8;23;-9;24;-9;24;-10;25;-10;26;-11;26;-11,stable,EXP_S144,ZONE_02,entree_zone,4.1,entree_zone,entree dans la zone
755452336,-53,6,a0:9f:7a:73:2b:3e,384,-110;-96;8;0;-20;24;-20;24;-20;22;-18;21;-16;19;-13;19;-10;18;-7;18;-5;18;-3;19;-2;20;-1;21;0;22;0;22;0;22;1;21;1;21;2;20;3;19;4;19;4;18;5;18;5;18;5;18;5;18;1;4;0;0;0;0;0;0;0;0;0;0;0;0;0;0;0;0;0;0;-6;-2;-21;-6;-20;-9;-18;-12;-15;-13;-11;-13;-8;-11;-6;-8;-6;-3;-7;1;-9;5;-13;8;-18;10;-22;10;-26;8;-29;6;-30;3;-30;0;-29;-1;-26;-2;-23;-1;-20;1;-16;4;-14;8;-14;12;-14;16;-15;20;-20;0;5;11;5;10;4;9;2;8;2;8;1;7;0;6;0;6;-1;5;-1;4;-2;3;-2;2;-2;2;-2;1;-2;1;-2;0;-2;0;-2;-1;-3;-1;-3;-1;-3;-1;-3;-2;-2;-2;-2;-2;-2;-2;-2;-2;-2;-2;-1;-2;-1;-1;-1;-1;0;0;-2;0;-1;0;1;-2;6;-3;17;-8;17;-7;18;-5;19;-3;20;-2;20;-1;20;0;20;2;20;3;20;4;20;6;20;7;20;8;19;8;19;9;18;10;17;10;16;11;15;12;14;12;14;12;13;12;12;12;11;12;11;12;10;12;9;12;8;12;-20;0;-39;33;-39;33;-37;33;-36;32;-35;32;-33;32;-32;32;-31;32;-29;31;-28;31;-26;31;-26;32;-25;32;-25;32;-25;32;-25;32;-26;31;-26;31;-27;30;-27;30;-27;29;-27;28;-27;27;-27;26;-28;24;-29;22;-30;21;-30;19;-11;6;-4;1;0;-1;0;-2;0;-1;-1;1;-4;5;-12;16;-13;16;-14;16;-15;16;-17;17;-18;17;-19;18;-21;19;-22;20;-24;20;-25;20;-26;20;-27;21;-28;21;-29;21;-30;21;-31;21;-32;22;-33;22;-33;24;-34;25;-35;26;-36;28;-37;29;-37;30;-38;32;-39;33;-40;34,stable,EXP_S144,ZONE_02,entree_zone,4.1,entree_zone,entree dans la zone
755655179,-53,6,a0:9f:7a:73:2b:3e,384,-110;-96;8;0;-34;-13;-33;-14;-31;-14;-29;-13;-27;-11;-25;-8;-23;-5;-22;-2;-22;1;-22;3;-23;5;-23;7;-23;8;-23;9;-23;9;-23;10;-22;10;-21;10;-19;11;-18;12;-18;12;-17;13;-17;13;-17;13;-17;13;-5;3;0;0;0;0;0;0;0;0;0;0;0;0;0;0;0;0;0;0;0;-6;3;-24;6;-23;10;-22;12;-18;12;-14;10;-10;7;-7;2;-6;-4;-6;-9;-8;-13;-12;-16;-17;-17;-22;-17;-27;-14;-31;-11;-33;-8;-33;-6;-31;-5;-29;-5;-25;-6;-21;-9;-17;-12;-13;-17;-11;-22;-9;-26;-9;-20;0;-6;5;-6;4;-5;4;-5;3;-5;2;-4;2;-4;1;-4;1;-3;1;-3;0;-3;0;-2;0;-2;-1;-2;-1;-2;-1;-1;-1;-1;-1;-1;-1;-1;-1;-1;-1;-1;-1;0;-1;0;-1;0;-1;0;-1;0;-1;0;-1;0;-1;0;-1;0;-1;-1;0;-1;-1;-1;-1;0;0;2;3;6;8;5;9;4;10;3;10;3;11;2;11;2;12;1;12;0;12;0;12;-1;12;-2;12;-2;12;-3;12;-3;12;-4;11;-4;11;-5;10;-5;10;-5;10;-6;9;-6;9;-6;9;-6;8;-6;8;-6;7;-6;7;-6;7;-20;0;-24;-17;-24;-16;-24;-15;-23;-15;-23;-14;-23;-13;-23;-13;-22;-12;-22;-11;-22;-10;-21;-10;-21;-9;-22;-9;-22;-9;-22;-9;-22;-9;-21;-9;-21;-9;-21;-10;-20;-10;-20;-10;-19;-10;-19;-10;-18;-11;-18;-11;-17;-12;-16;-13;-16;-13;-6;-5;-2;-2;0;0;0;0;0;0;-2;-1;-4;-2;-10;-4;-11;-5;-11;-6;-11;-6;-12;-7;-12;-7;-13;-8;-13;-9;-14;-9;-14;-10;-15;-11;-15;-12;-15;-12;-15;-13;-16;-13;-16;-14;-17;-14;-17;-14;-17;-15;-18;-15;-19;-15;-20;-15;-21;-15;-21;-16;-22;-16;-23;-16;-24;-17;-24;-17,stable,EXP_S144,ZONE_02,entree_zone,4.1,entree_zone,entree dans la zone
755854752,-53,6,a0:9f:7a:73:2b:3e,384,-110;-96;8;0;-1;-36;0;-36;1;-34;1;-32;0;-29;-2;-26;-5;-23;-7;-21;-10;-19;-13;-18;-15;-18;-16;-17;-18;-17;-18;-17;-19;-17;-19;-16;-19;-16;-19;-14;-19;-13;-19;-12;-19;-11;-19;-10;-20;-9;-20;-9;-20;-9;-5;-3;0;0;0;0;0;0;0;0;0;0;0;0;0;0;0;0;0;0;5;-2;23;-4;23;0;22;3;20;6;16;8;12;7;8;4;5;0;3;-5;4;-11;6;-16;10;-21;15;-23;19;-24;23;-23;26;-21;27;-19;27;-16;25;-13;22;-12;17;-12;12;-13;7;-16;3;-19;0;-23;-2;-27;-16;0;-8;-5;-7;-5;-6;-4;-6;-4;-5;-4;-4;-3;-4;-3;-3;-3;-2;-3;-2;-3;-2;-3;-1;-2;-1;-2;-1;-2;-1;-2;0;-2;0;-2;0;-2;0;-1;0;-1;0;-1;0;0;0;0;0;0;0;-1;0;-1;0;-1;0;0;0;0;0;0;-1;0;0;-1;0;-1;-1;0;-3;3;-7;8;-8;7;-9;7;-10;7;-10;6;-11;6;-12;5;-12;4;-13;4;-13;3;-14;3;-14;2;-13;2;-13;1;-13;1;-13;0;-13;-1;-13;-1;-12;-2;-12;-2;-11;-3;-11;-3;-11;-3;-11;-4;-11;-4;-10;-4;-10;-4;-9;-5;-16;0;7;-28;7;-27;6;-27;6;-26;5;-26;5;-26;4;-25;4;-25;3;-24;3;-23;2;-23;2;-23;1;-23;1;-23;1;-23;1;-23;1;-23;1;-23;2;-23;2;-22;2;-22;3;-21;3;-21;3;-21;4;-20;5;-20;6;-19;7;-19;2;-7;1;-2;-1;0;-1;0;-1;0;-1;-2;0;-4;0;-11;0;-11;1;-12;2;-13;2;-13;2;-14;3;-14;3;-15;4;-16;4;-16;5;-17;5;-17;6;-18;6;-18;7;-19;7;-19;7;-20;7;-20;7;-21;8;-21;8;-22;8;-23;8;-24;8;-25;8;-25;8;-26;8;-27;8;-28,stable,EXP_S144,ZONE_02,entree_zone,4.1,entree_zone,entree dans la zone
756052162,-53,6,a0:9f:7a:73:2b:3e,384,-110;-96;8;0;23;25;22;25;21;25;19;23;18;20;18;17;18;13;18;10;19;7;20;4;21;3;22;1;22;0;23;-1;23;-2;23;-2;23;-3;22;-4;21;-5;20;-6;19;-7;19;-7;19;-8;19;-8;19;-8;4;-2;0;0;0;0;0;0;0;0;0;0;0;0;0;0;0;0;0;0;-5;4;-17;16;-20;14;-21;10;-21;6;-19;2;-15;0;-10;0;-5;1;0;5;3;10;4;16;4;22;2;27;-1;30;-5;32;-8;32;-11;31;-12;29;-12;25;-10;22;-7;19;-2;16;3;15;9;15;14;16;18;18;-20;0;7;-4;7;-4;6;-4;6;-4;5;-3;4;-3;3;-2;3;-1;3;-1;3;0;2;0;2;-1;1;0;0;0;0;0;0;0;0;0;0;0;0;0;0;0;-1;0;-1;0;-1;0;-1;0;-1;0;-1;0;-1;0;-1;0;-1;0;-1;-1;-1;-1;0;0;0;0;-1;-2;-3;-4;-6;-11;-5;-11;-5;-12;-4;-12;-3;-13;-2;-13;-1;-13;0;-14;1;-14;2;-14;2;-14;3;-14;3;-13;4;-13;5;-12;5;-12;6;-12;6;-12;6;-11;6;-10;6;-10;7;-9;7;-9;8;-9;8;-8;7;-8;7;-7;7;-7;-20;0;17;20;17;19;17;19;17;18;17;18;17;17;17;16;17;16;17;15;17;14;17;13;17;13;17;13;17;13;17;13;17;13;16;14;16;14;15;14;15;14;14;14;14;14;13;14;13;14;12;15;11;15;10;16;9;16;3;6;0;1;-1;-1;-1;-1;-1;-1;0;0;3;1;9;4;9;4;9;5;9;6;10;7;10;8;10;8;11;9;11;10;11;11;11;11;12;12;12;13;12;13;12;14;12;14;12;14;12;15;13;16;14;16;14;17;15;18;15;18;16;18;17;19;17;19;18;19;19;19,stable,EXP_S144,ZONE_02,entree_zone,4.1,entree_zone,entree dans la zone
756252898,-53,6,a0:9f:7a:73:2b:3e,384,-110;-96;8;0;-27;-22;-26;-23;-24;-22;-22;-21;-21;-18;-20;-15;-20;-11;-20;-8;-21;-5;-21;-3;-23;-1;-23;1;-24;2;-24;2;-24;3;-23;3;-22;4;-21;5;-20;6;-20;7;-19;8;-19;9;-18;10;-18;10;-19;10;-5;2;0;0;0;0;0;0;0;0;0;0;0;0;0;0;0;0;0;0;3;-5;13;-19;16;-17;18;-13;18;-10;17;-6;13;-3;9;-2;4;-3;-1;-6;-5;-10;-7;-16;-8;-21;-7;-26;-4;-30;-1;-33;2;-33;5;-32;7;-30;7;-27;6;-24;3;-20;-1;-18;-6;-16;-11;-15;-17;-15;-21;-17;-24;0;-8;2;-8;2;-7;2;-7;1;-6;1;-5;0;-4;0;-4;-1;-4;-1;-3;-1;-3;-1;-2;-1;-2;-1;-1;-1;-1;-2;-1;-2;-1;-2;-1;-1;-1;-1;0;-1;0;-1;0;-1;1;-1;1;-1;0;-1;0;-1;0;-1;0;-1;0;0;0;0;-1;0;-1;-1;-1;-1;0;1;1;3;2;10;2;11;1;11;0;11;-1;12;-2;12;-3;12;-3;12;-4;12;-5;12;-5;12;-6;11;-7;11;-7;10;-8;10;-8;9;-8;9;-8;9;-8;8;-8;8;-8;7;-9;6;-9;6;-9;6;-9;5;-9;5;-8;5;-8;4;-24;0;-15;-23;-15;-22;-15;-22;-15;-21;-15;-20;-15;-20;-15;-19;-15;-19;-15;-18;-15;-17;-15;-16;-16;-16;-16;-16;-16;-16;-16;-16;-16;-16;-16;-16;-15;-16;-15;-16;-15;-16;-14;-16;-13;-16;-13;-16;-12;-16;-12;-17;-11;-17;-10;-18;-9;-18;-3;-7;-1;-2;0;0;0;0;0;0;-1;-1;-3;-3;-8;-7;-8;-8;-8;-8;-8;-9;-9;-10;-9;-10;-9;-11;-9;-12;-10;-13;-10;-14;-10;-14;-10;-15;-10;-16;-10;-16;-10;-17;-10;-17;-10;-18;-10;-18;-11;-18;-11;-19;-12;-20;-13;-20;-13;-21;-14;-21;-14;-22;-15;-22;-15;-23;-16;-23,stable,EXP_S144,ZONE_02,entree_zone,4.1,entree_zone,entree dans la zone
756453896,-54,6,a0:9f:7a:73:2b:3e,384,-110;-96;8;0;4;32;3;31;2;29;2;27;3;24;5;21;7;19;9;16;12;14;14;13;16;13;17;13;18;13;18;13;18;12;18;11;18;10;17;9;17;8;17;6;18;5;18;4;18;3;19;3;19;3;5;0;0;0;0;0;0;0;0;0;0;0;0;0;0;0;0;0;0;0;-6;1;-22;4;-23;1;-22;-3;-20;-6;-16;-7;-12;-7;-8;-4;-5;0;-3;4;-3;10;-5;15;-8;19;-12;22;-16;23;-20;23;-23;21;-24;19;-24;16;-22;13;-19;12;-14;11;-9;12;-5;14;0;17;3;21;4;24;-14;0;5;4;4;4;3;4;2;4;1;4;1;4;1;4;1;3;0;2;0;2;-1;2;-1;1;-2;1;-1;1;-1;1;-1;1;-1;0;-2;0;-2;-1;-2;-1;-2;0;-2;0;-2;0;-2;-1;-1;-1;-2;-2;-2;-2;-2;-2;-1;-1;-1;-1;0;0;-1;0;-1;0;0;-1;2;-3;7;-7;8;-7;9;-6;10;-5;11;-4;11;-4;11;-4;11;-3;11;-2;11;-1;11;0;12;0;12;1;12;1;11;1;11;2;10;2;10;3;10;4;10;4;9;4;9;4;8;4;8;4;7;4;6;5;6;5;6;6;-14;0;-13;22;-13;22;-12;21;-12;21;-11;20;-11;20;-10;20;-9;20;-8;19;-8;19;-7;19;-7;19;-6;19;-6;19;-6;19;-7;19;-7;19;-7;19;-7;18;-8;18;-8;18;-8;17;-8;17;-9;16;-9;16;-10;15;-11;15;-12;14;-5;5;-2;1;0;-1;0;-1;0;-1;-1;1;-1;3;-3;9;-4;9;-4;9;-5;9;-5;10;-6;10;-6;11;-7;12;-7;13;-8;13;-9;13;-10;13;-10;13;-10;14;-10;14;-11;15;-11;15;-12;15;-12;16;-12;16;-12;17;-12;18;-12;19;-12;20;-13;21;-13;21;-13;22;-14;22,stable,EXP_S144,ZONE_02,entree_zone,4.1,entree_zone,entree dans la zone
756656873,-54,6,a0:9f:7a:73:2b:3e,384,-110;-96;8;0;-4;32;-5;32;-5;30;-5;27;-3;24;-1;22;2;20;5;18;8;16;11;15;13;15;15;15;16;15;17;14;17;14;17;13;17;12;17;11;16;10;17;8;17;7;17;6;18;4;18;4;18;4;4;1;0;0;0;0;0;0;0;0;0;0;0;0;0;0;0;0;0;0;-6;-2;-22;-7;-21;-10;-19;-13;-15;-14;-11;-14;-8;-11;-5;-7;-4;-2;-5;3;-7;8;-11;13;-15;16;-20;17;-24;16;-28;14;-30;12;-30;9;-29;6;-26;5;-22;4;-17;6;-13;8;-9;12;-5;16;-3;21;-2;25;-14;0;5;5;5;5;5;4;4;4;3;4;2;4;2;3;1;3;1;3;1;2;0;2;0;2;0;1;-1;1;-1;1;-1;1;-1;1;-1;1;-1;0;-2;0;-2;0;-1;0;-1;0;-2;0;-1;0;-1;-1;-1;-1;-1;-1;-1;-1;-1;-1;0;0;-1;0;-1;0;0;-1;3;-3;9;-6;9;-6;10;-5;10;-4;11;-3;11;-3;11;-2;12;-1;12;-1;12;0;12;0;12;1;12;1;12;2;11;2;11;3;11;3;11;3;10;4;10;4;10;4;9;4;9;4;9;4;8;4;8;4;8;4;8;4;-14;0;-10;23;-10;23;-9;23;-8;22;-8;22;-7;22;-6;21;-6;21;-5;20;-4;20;-3;20;-3;20;-2;20;-2;20;-2;20;-2;20;-2;20;-2;20;-2;19;-2;19;-2;19;-3;19;-3;18;-3;18;-3;18;-4;17;-5;17;-6;17;-3;6;-1;1;0;-1;0;-1;0;-1;-1;0;-2;3;-4;8;-4;8;-5;9;-5;9;-6;10;-6;10;-7;11;-8;11;-8;12;-9;13;-9;13;-10;13;-10;14;-10;14;-11;14;-11;15;-11;15;-11;15;-11;16;-11;17;-11;17;-11;18;-11;19;-11;20;-11;21;-11;22;-11;23;-11;23,stable,EXP_S144,ZONE_02,entree_zone,4.1,entree_zone,entree dans la zone
756854148,-54,6,a0:9f:7a:73:2b:3e,384,-110;-96;8;0;31;-12;30;-12;29;-11;27;-10;23;-10;20;-11;17;-12;13;-14;11;-16;9;-18;8;-20;7;-21;7;-22;6;-23;6;-23;5;-22;4;-22;3;-21;2;-21;0;-20;-1;-20;-2;-20;-3;-20;-4;-20;-4;-20;-1;-5;0;0;0;0;0;0;0;0;0;0;0;0;0;0;0;0;0;0;1;5;6;22;3;22;-1;22;-4;20;-6;16;-6;12;-4;8;0;4;4;1;10;0;16;1;21;4;24;8;26;12;26;16;25;19;22;21;20;21;17;19;15;16;13;11;13;6;14;1;17;-4;20;-8;23;-11;-18;0;2;-16;2;-15;2;-14;3;-13;3;-11;3;-9;3;-8;4;-6;4;-6;4;-5;3;-4;3;-4;2;-3;2;-2;2;-1;2;-1;2;0;2;0;1;0;1;0;0;1;0;1;0;2;0;2;0;2;0;1;-1;1;0;1;-1;0;0;0;0;-1;1;0;0;0;-3;-1;-9;-2;-23;-5;-23;-7;-22;-9;-22;-11;-22;-13;-21;-14;-21;-16;-20;-17;-19;-19;-18;-20;-18;-21;-16;-21;-15;-22;-14;-22;-12;-23;-11;-23;-10;-24;-9;-23;-8;-23;-7;-23;-6;-22;-5;-22;-4;-22;-3;-22;-3;-21;-2;-21;-2;-20;-2;-19;-18;0;50;-8;50;-9;49;-10;47;-10;46;-11;45;-11;44;-11;42;-12;41;-13;40;-13;39;-14;38;-15;38;-16;38;-16;38;-16;39;-15;39;-15;39;-14;39;-13;38;-12;38;-11;37;-11;37;-10;36;-8;36;-7;37;-5;37;-3;37;-1;13;0;4;0;-2;0;-2;0;-1;0;1;-1;6;-3;17;-9;18;-8;19;-8;20;-8;22;-7;23;-7;25;-7;27;-7;28;-7;29;-6;31;-6;32;-5;34;-5;35;-4;36;-4;37;-3;37;-3;38;-3;39;-4;41;-4;42;-5;44;-5;45;-6;46;-7;47;-7;49;-8;50;-9;51;-9,stable,EXP_S144,ZONE_02,entree_zone,4.1,entree_zone,entree dans la zone
757052570,-54,6,a0:9f:7a:73:2b:3e,384,-110;-96;8;0;-4;-33;-4;-33;-3;-31;-3;-29;-4;-26;-5;-23;-7;-21;-10;-18;-12;-17;-14;-16;-16;-15;-18;-14;-19;-13;-19;-13;-20;-12;-20;-11;-20;-10;-20;-9;-19;-8;-19;-6;-20;-5;-20;-4;-20;-4;-20;-4;-20;-4;-5;-1;0;0;0;0;0;0;0;0;0;0;0;0;0;0;0;0;0;0;5;-1;22;-2;22;2;21;6;18;8;14;9;10;8;7;5;4;1;2;-4;3;-10;6;-15;9;-19;14;-22;18;-23;22;-22;25;-21;26;-18;25;-15;23;-13;20;-12;15;-11;11;-12;6;-14;2;-18;-2;-21;-3;-25;-25;0;-8;-2;-8;-2;-7;-2;-6;-2;-5;-2;-5;-2;-4;-2;-3;-2;-3;-2;-2;-2;-2;-2;-2;-2;-1;-1;-1;-1;0;-1;0;-2;0;-2;0;-2;0;-1;0;-1;0;0;0;0;1;0;1;0;0;-1;0;-1;0;0;0;0;0;0;0;0;-1;0;0;-1;0;-1;-1;1;-2;3;-4;10;-5;10;-6;10;-7;10;-7;9;-8;9;-9;9;-9;9;-10;8;-11;8;-11;8;-11;7;-12;6;-12;5;-12;5;-12;4;-12;4;-12;3;-12;3;-11;2;-11;2;-11;1;-11;1;-11;1;-11;1;-10;0;-10;0;-10;0;-25;0;-3;-26;-3;-26;-4;-25;-4;-25;-4;-24;-5;-23;-5;-23;-5;-22;-6;-22;-6;-21;-6;-21;-7;-20;-7;-20;-7;-20;-7;-20;-7;-20;-7;-20;-7;-20;-6;-20;-6;-20;-6;-20;-5;-20;-5;-19;-5;-19;-4;-19;-3;-19;-2;-19;-1;-19;0;-7;0;-3;0;0;0;0;0;0;-1;-1;-2;-4;-3;-10;-3;-10;-3;-11;-3;-11;-3;-12;-2;-13;-2;-14;-2;-14;-2;-15;-2;-16;-2;-17;-1;-17;-1;-18;0;-18;0;-19;0;-19;0;-19;0;-20;-1;-20;-1;-21;-1;-22;-1;-23;-1;-23;-2;-24;-2;-25;-2;-25;-3;-26;-3;-26,stable,EXP_S144,ZONE_02,entree_zone,4.1,entree_zone,entree dans la zone
757256975,-54,6,a0:9f:7a:73:2b:3e,384,-110;-96;8;0;32;-8;32;-7;30;-7;28;-6;25;-7;21;-8;18;-10;16;-12;14;-15;12;-17;11;-19;10;-20;10;-21;10;-21;9;-21;8;-21;7;-21;6;-20;4;-20;3;-20;2;-20;1;-20;0;-21;0;-21;0;-21;0;-6;0;0;0;0;0;0;0;0;0;0;0;0;0;0;0;0;0;0;1;5;4;22;1;23;-4;22;-7;19;-8;16;-8;11;-5;7;-1;4;4;2;10;2;15;3;20;6;23;11;25;15;24;19;22;22;20;23;17;23;15;21;13;18;12;13;13;8;14;3;17;-1;21;-5;24;-8;-21;0;2;-8;2;-7;2;-7;2;-6;2;-5;2;-4;2;-4;2;-3;2;-3;1;-2;1;-2;1;-1;1;-1;1;-1;1;0;1;0;0;0;0;0;0;0;0;0;0;1;0;1;-1;0;-1;0;-1;0;-1;0;-1;1;-1;1;-1;0;-1;0;0;-1;0;0;0;0;-2;-1;-4;-2;-10;-6;-10;-7;-10;-8;-9;-9;-9;-10;-8;-10;-8;-11;-7;-12;-7;-12;-6;-12;-6;-13;-5;-13;-4;-13;-4;-13;-3;-13;-3;-13;-2;-13;-2;-13;-1;-12;0;-12;0;-12;0;-12;0;-11;1;-11;1;-10;1;-10;2;-10;2;-10;-21;0;26;2;25;2;25;2;24;1;24;1;23;0;23;0;22;-1;21;-1;21;-2;21;-3;21;-3;20;-3;21;-3;21;-3;20;-3;20;-3;20;-3;20;-2;20;-2;20;-2;19;-1;19;-1;19;0;19;0;19;1;18;2;18;3;6;1;1;0;-1;-1;-1;0;-1;0;0;-1;3;-1;9;-1;9;-1;10;-1;11;0;11;0;12;0;12;1;13;1;14;1;15;1;15;2;16;2;16;3;17;3;17;3;18;4;18;4;19;4;19;4;20;4;21;4;22;3;22;3;23;3;24;3;25;3;25;2;26;2,stable,EXP_S144,ZONE_02,entree_zone,4.1,entree_zone,entree dans la zone
757454610,-54,6,a0:9f:7a:73:2b:3e,384,-110;-96;8;0;-32;-11;-31;-12;-29;-12;-27;-11;-25;-8;-23;-5;-21;-2;-20;1;-20;4;-20;6;-20;8;-20;10;-20;11;-20;12;-19;12;-19;12;-18;13;-16;13;-15;13;-14;14;-13;15;-12;15;-11;16;-11;16;-11;17;-3;4;0;0;0;0;0;0;0;0;0;0;0;0;0;0;0;0;0;0;1;-6;8;-21;11;-20;14;-17;15;-13;14;-10;11;-6;7;-4;2;-4;-3;-5;-8;-8;-11;-12;-13;-18;-14;-23;-12;-27;-10;-30;-7;-32;-4;-32;-2;-30;-2;-27;-2;-23;-4;-18;-7;-15;-11;-11;-16;-9;-21;-8;-25;-8;-24;0;-11;10;-11;9;-10;7;-10;6;-9;4;-9;3;-8;3;-8;2;-7;1;-6;0;-5;-1;-5;-2;-4;-2;-4;-2;-3;-2;-2;-2;-2;-2;-1;-2;-1;-2;-1;-2;-1;-2;0;-2;0;-2;0;-2;1;-2;1;-2;1;-2;1;-2;0;-1;0;-1;-1;0;-1;-2;-1;-1;1;1;4;6;11;17;10;19;9;20;7;21;6;23;5;23;4;24;2;24;1;25;-1;25;-2;25;-4;25;-5;25;-6;24;-6;24;-7;23;-8;22;-9;21;-10;20;-11;20;-11;19;-11;19;-11;18;-12;17;-12;15;-13;15;-13;14;-13;13;-24;0;-44;-27;-44;-27;-44;-26;-43;-24;-43;-23;-42;-22;-41;-20;-41;-19;-40;-18;-40;-17;-39;-16;-39;-15;-40;-14;-40;-13;-40;-13;-40;-13;-40;-14;-39;-14;-39;-15;-38;-15;-38;-15;-37;-16;-36;-16;-35;-17;-34;-18;-33;-20;-32;-22;-31;-23;-11;-9;-4;-3;1;0;1;0;0;0;-2;-1;-7;-3;-19;-7;-19;-8;-20;-10;-21;-11;-21;-12;-22;-12;-23;-13;-24;-15;-25;-16;-26;-17;-27;-19;-27;-20;-27;-21;-28;-22;-29;-23;-30;-24;-30;-24;-31;-25;-32;-25;-33;-25;-35;-26;-36;-26;-38;-26;-39;-27;-41;-27;-42;-28;-43;-28;-44;-28,stable,EXP_S144,ZONE_02,entree_zone,4.1,entree_zone,entree dans la zone
757652300,-53,6,a0:9f:7a:73:2b:3e,384,-110;-96;8;0;-31;-28;-30;-29;-28;-27;-26;-25;-24;-22;-23;-18;-23;-14;-23;-9;-24;-5;-26;-2;-27;1;-28;2;-29;3;-29;4;-29;4;-28;5;-27;6;-26;6;-25;8;-24;9;-23;10;-22;12;-21;13;-21;14;-22;14;-6;3;0;0;0;0;0;0;0;0;0;0;0;0;0;0;0;0;0;0;4;-6;18;-21;21;-18;23;-14;23;-9;20;-5;16;-2;10;-2;4;-3;-1;-7;-6;-13;-8;-19;-8;-26;-6;-32;-3;-37;2;-39;6;-40;9;-38;10;-35;10;-31;9;-27;5;-23;0;-20;-7;-18;-14;-17;-20;-18;-25;-20;-11;0;-10;2;-9;1;-8;0;-8;-1;-7;-1;-7;-2;-6;-1;-6;-1;-5;-1;-4;-1;-3;-2;-2;-2;-2;-3;-2;-2;-2;-2;-1;-2;-1;-1;0;-2;0;-2;0;-2;0;-2;0;-2;0;-2;0;-1;1;-1;1;-1;1;-1;1;-1;0;-1;0;-1;-1;0;-1;-1;0;-1;0;1;0;4;-1;13;-2;13;-3;13;-5;13;-6;13;-6;13;-7;13;-8;13;-8;12;-9;12;-10;12;-11;11;-12;11;-12;11;-12;10;-12;9;-12;8;-12;7;-13;7;-13;6;-13;6;-13;6;-12;6;-12;5;-11;4;-11;3;-12;3;-12;3;-11;0;-14;-30;-15;-29;-15;-29;-15;-28;-15;-27;-15;-26;-15;-25;-16;-24;-16;-23;-16;-22;-17;-22;-17;-21;-17;-21;-18;-21;-18;-20;-18;-21;-18;-21;-17;-21;-17;-21;-16;-21;-16;-21;-15;-21;-15;-21;-14;-21;-13;-21;-12;-21;-11;-22;-10;-22;-4;-8;-1;-3;0;0;0;0;0;0;-1;-1;-3;-4;-7;-10;-7;-11;-7;-12;-7;-13;-7;-13;-7;-14;-7;-15;-8;-16;-8;-17;-7;-19;-7;-19;-7;-20;-7;-21;-7;-21;-7;-22;-8;-23;-8;-23;-8;-24;-8;-24;-8;-24;-9;-25;-10;-26;-11;-27;-12;-28;-12;-29;-13;-29;-14;-30;-14;-30,stable,EXP_S144,ZONE_02,entree_zone,4.1,entree_zone,entree dans la zone
757855678,-53,6,a0:9f:7a:73:2b:3e,384,-110;-96;8;0;1;-41;2;-41;3;-39;2;-36;0;-33;-2;-29;-5;-26;-9;-23;-12;-21;-16;-20;-18;-19;-21;-19;-22;-18;-23;-18;-23;-17;-23;-16;-23;-15;-23;-14;-23;-12;-24;-10;-24;-8;-24;-6;-25;-5;-25;-5;-25;-5;-7;-2;0;0;0;0;0;0;0;0;0;0;0;0;0;0;0;0;0;0;6;1;27;6;26;10;23;14;18;16;13;16;9;13;5;9;3;2;4;-5;6;-11;10;-17;15;-21;22;-23;28;-23;33;-21;35;-17;36;-14;34;-11;31;-9;27;-8;21;-9;15;-11;9;-15;5;-20;1;-26;-1;-31;-16;0;-8;-7;-8;-6;-7;-6;-5;-6;-5;-6;-4;-6;-4;-5;-3;-5;-2;-4;-2;-3;-1;-3;-1;-3;0;-3;0;-3;-1;-2;0;-2;0;-1;0;-1;0;-1;1;-1;1;-1;1;-1;0;-1;0;0;0;0;0;0;1;0;1;1;0;0;0;0;-1;-1;0;-1;0;-1;-2;0;-5;2;-12;6;-13;5;-14;4;-15;3;-15;3;-16;2;-16;1;-16;1;-16;0;-16;-1;-17;-2;-17;-3;-17;-3;-16;-4;-16;-4;-15;-4;-15;-5;-14;-6;-14;-6;-14;-7;-14;-7;-13;-7;-13;-7;-12;-7;-11;-7;-11;-7;-10;-7;-10;-8;-16;0;14;-29;13;-29;13;-29;12;-28;11;-28;10;-28;9;-27;8;-27;7;-26;6;-26;5;-26;5;-26;4;-26;4;-26;3;-26;3;-26;3;-26;4;-26;4;-26;4;-25;4;-25;4;-25;4;-24;5;-24;6;-23;7;-23;8;-22;8;-22;3;-8;1;-3;-1;0;-1;0;-1;0;0;-2;1;-4;5;-11;5;-11;6;-12;6;-12;7;-12;7;-13;8;-14;9;-15;10;-15;11;-16;11;-16;12;-16;12;-17;13;-17;13;-18;14;-18;14;-19;14;-19;14;-20;14;-21;14;-22;15;-23;15;-24;15;-25;15;-26;15;-27;15;-28;15;-28,stable,EXP_S144,ZONE_02,entree_zone,4.1,entree_zone,entree dans la zone
758052388,-54,6,a0:9f:7a:73:2b:3e,384,-110;-96;8;0;-32;-5;-32;-6;-30;-6;-28;-5;-25;-4;-23;-1;-21;1;-19;4;-18;7;-17;9;-16;12;-16;13;-16;15;-15;15;-15;16;-13;16;-12;16;-11;17;-10;17;-8;17;-7;18;-6;18;-5;18;-5;19;-5;19;-2;4;0;0;0;0;0;0;0;0;0;0;0;0;0;0;0;0;0;0;2;-6;9;-20;12;-19;15;-16;16;-13;15;-9;12;-5;8;-3;3;-3;-3;-4;-8;-6;-12;-10;-15;-15;-15;-21;-14;-25;-12;-29;-9;-31;-7;-31;-4;-29;-3;-26;-3;-23;-4;-19;-7;-14;-10;-10;-15;-7;-20;-5;-24;-4;-15;0;-12;11;-11;10;-10;8;-10;6;-10;5;-9;4;-9;4;-8;3;-6;3;-5;2;-4;0;-4;-1;-3;-1;-3;-1;-3;-1;-2;-1;-1;-1;0;-1;0;-2;0;-2;0;-2;0;-2;0;-2;1;-1;1;-1;2;-1;2;-1;2;-2;0;-1;0;-1;-1;0;-1;-2;-1;-1;1;2;3;7;9;20;8;20;6;22;4;23;3;24;2;25;1;25;0;25;-2;25;-4;25;-6;25;-7;25;-8;25;-8;24;-9;24;-9;23;-10;21;-11;20;-12;20;-13;20;-13;20;-13;19;-12;18;-12;17;-12;15;-13;14;-14;14;-14;14;-15;0;-39;-31;-39;-31;-39;-30;-39;-29;-38;-27;-38;-25;-38;-23;-37;-22;-37;-21;-37;-20;-37;-19;-37;-18;-37;-17;-37;-17;-37;-17;-37;-17;-37;-17;-37;-17;-36;-18;-36;-17;-35;-17;-34;-17;-33;-18;-33;-18;-32;-20;-30;-21;-29;-23;-28;-24;-10;-9;-3;-3;0;0;0;0;0;0;-2;-1;-6;-4;-16;-10;-16;-11;-17;-12;-17;-13;-18;-14;-19;-15;-20;-16;-21;-17;-22;-19;-23;-21;-23;-22;-23;-23;-23;-24;-23;-25;-24;-26;-25;-26;-25;-27;-26;-28;-26;-29;-28;-29;-29;-29;-32;-29;-33;-30;-35;-30;-36;-31;-37;-32;-38;-33;-39;-33,stable,EXP_S144,ZONE_02,entree_zone,4.1,entree_zone,entree dans la zone
758257097,-54,6,a0:9f:7a:73:2b:3e,384,-110;-96;8;0;-7;31;-7;31;-7;30;-7;28;-5;25;-3;23;0;21;2;20;5;18;8;17;10;17;12;16;13;16;14;15;15;14;16;14;16;13;16;11;17;10;17;9;18;8;18;7;18;7;19;6;19;6;4;1;0;0;0;0;0;0;0;0;0;0;0;0;0;0;0;0;0;0;-6;-3;-21;-10;-20;-13;-17;-16;-13;-17;-9;-17;-6;-14;-3;-10;-3;-4;-4;1;-7;7;-11;11;-16;13;-21;14;-26;13;-30;11;-32;8;-32;6;-30;3;-28;2;-24;2;-20;3;-16;5;-11;9;-8;13;-6;18;-5;22;-15;0;12;7;11;8;10;7;9;7;7;6;6;5;4;5;3;4;3;4;2;3;2;3;1;2;1;1;0;1;0;0;-1;0;-1;0;-1;0;-1;-1;-1;-1;-1;-2;-1;-2;-1;-2;-1;-3;-1;-3;-1;-3;-1;-3;-1;-3;-1;-1;0;-1;0;0;-2;1;-1;0;1;-3;6;-6;17;-16;18;-15;20;-14;21;-12;23;-11;24;-10;24;-9;25;-7;26;-6;27;-4;27;-3;27;-1;26;0;26;1;25;2;25;3;24;3;23;5;23;5;22;6;21;7;21;7;20;8;19;8;19;8;18;8;17;8;17;8;-15;0;-26;43;-26;43;-25;42;-24;42;-22;41;-21;41;-20;40;-19;39;-17;38;-16;38;-14;38;-13;38;-13;38;-13;39;-13;38;-13;38;-14;38;-14;38;-15;38;-15;37;-16;36;-16;35;-16;34;-17;34;-18;33;-20;31;-22;30;-23;29;-9;10;-3;2;0;-1;0;-2;0;-1;-1;1;-2;6;-5;17;-6;18;-7;18;-9;19;-10;20;-11;21;-12;22;-13;23;-14;24;-16;25;-17;26;-18;27;-19;27;-20;28;-21;28;-22;29;-22;30;-23;30;-24;31;-24;32;-24;34;-25;36;-25;37;-25;39;-25;40;-26;41;-26;42;-27;43,stable,EXP_S144,ZONE_02,entree_zone,4.1,entree_zone,entree dans la zone
758452636,-54,6,a0:9f:7a:73:2b:3e,384,-110;-96;8;0;12;28;11;28;11;27;10;25;10;23;10;20;12;17;13;14;14;11;16;9;17;7;18;6;19;5;20;4;20;2;20;1;20;0;19;-1;19;-2;19;-3;19;-4;19;-5;18;-6;18;-7;18;-7;4;-2;0;0;0;0;0;0;0;0;0;0;0;0;0;0;0;0;0;0;-6;0;-23;1;-23;-3;-22;-6;-19;-9;-15;-10;-11;-10;-7;-7;-4;-3;-2;2;-2;8;-3;14;-7;19;-11;22;-15;23;-19;23;-22;22;-24;20;-24;18;-22;15;-19;13;-15;12;-10;12;-5;13;0;15;5;17;8;20;-21;0;15;1;14;1;12;1;10;2;9;2;8;2;8;2;6;1;5;1;4;0;2;0;1;1;1;1;1;0;1;0;0;-1;0;-1;-1;-1;-2;-1;-2;-1;-2;-1;-2;-1;-2;-1;-2;-2;-2;-2;-2;-3;-2;-3;-2;-3;-1;-1;-1;-1;0;0;-1;1;-1;0;0;-3;3;-8;10;-21;12;-20;14;-20;16;-19;17;-18;19;-18;20;-17;20;-16;21;-15;22;-14;23;-13;24;-12;24;-11;25;-10;24;-9;24;-8;24;-7;23;-5;23;-4;23;-4;22;-3;22;-3;21;-3;20;-2;20;-2;19;-1;19;0;18;0;-21;0;-4;48;-3;48;-2;47;-2;46;-1;45;0;44;1;42;2;41;3;40;4;39;5;39;6;38;7;38;7;38;8;39;8;39;7;39;7;38;7;38;6;38;5;37;5;36;4;36;3;35;1;35;0;35;-2;35;-4;35;-2;12;-1;3;-1;-2;-1;-2;0;-1;0;1;0;6;1;17;0;18;-1;19;-2;20;-2;21;-2;22;-2;24;-3;26;-4;27;-5;29;-6;30;-7;30;-7;31;-7;32;-7;33;-7;34;-8;35;-8;36;-8;37;-8;38;-7;39;-7;40;-6;42;-6;44;-6;45;-5;47;-5;48;-5;49,stable,EXP_S144,ZONE_02,entree_zone,4.1,entree_zone,entree dans la zone
758652135,-53,6,a0:9f:7a:73:2b:3e,384,-110;-96;8;0;3;39;2;39;2;37;2;35;3;32;5;28;8;25;10;22;13;19;16;17;18;15;20;14;22;13;23;12;23;11;24;9;24;8;24;6;24;5;24;3;24;2;24;1;24;0;24;-1;25;-1;6;-1;0;0;0;0;0;0;0;0;0;0;0;0;0;0;0;0;0;0;-7;-2;-28;-8;-27;-12;-24;-16;-19;-18;-14;-18;-10;-16;-6;-11;-3;-5;-3;3;-6;9;-10;16;-15;20;-22;22;-28;23;-32;21;-35;19;-36;15;-35;12;-33;10;-28;9;-23;9;-16;10;-10;14;-5;18;-1;23;2;27;-19;0;9;4;8;4;6;4;5;4;4;4;4;4;4;4;3;3;3;2;2;1;1;1;1;1;0;1;0;1;0;0;0;0;0;-1;-1;-1;-1;-1;-2;-1;-2;-1;-1;-1;-1;-1;-1;-1;-1;-2;-1;-2;-1;-2;-1;-2;-1;-1;-1;-1;-1;0;-1;0;-1;0;1;-2;4;-3;12;-8;13;-7;13;-6;14;-5;15;-4;15;-4;16;-3;16;-2;16;-1;16;0;16;1;16;1;16;2;16;2;16;2;15;3;14;3;14;4;14;5;14;5;13;5;13;5;13;4;12;4;11;5;11;5;10;5;10;6;-19;0;-16;27;-15;27;-15;26;-14;26;-13;25;-12;25;-11;25;-10;24;-9;24;-8;24;-7;24;-7;24;-6;24;-6;24;-5;24;-6;24;-6;24;-6;24;-6;24;-6;24;-6;23;-6;23;-6;22;-7;22;-7;22;-8;21;-9;21;-10;20;-4;7;-2;2;0;-1;0;-1;0;-1;-1;1;-2;3;-6;10;-6;10;-7;10;-8;10;-8;11;-9;11;-9;12;-10;13;-11;14;-12;14;-13;15;-13;15;-14;15;-14;15;-14;16;-15;16;-16;17;-16;17;-16;18;-16;19;-16;20;-16;21;-16;22;-16;23;-16;24;-17;25;-17;26;-17;27,stable,EXP_S144,ZONE_02,entree_zone,4.1,entree_zone,entree dans la zone
758852706,-54,6,a0:9f:7a:73:2b:3e,384,-110;-96;8;0;-28;-14;-27;-14;-26;-14;-25;-13;-23;-10;-22;-8;-21;-5;-20;-2;-19;0;-19;3;-19;5;-19;7;-19;8;-18;9;-18;10;-17;11;-16;12;-15;12;-14;13;-13;14;-12;14;-12;15;-11;15;-11;16;-11;16;-3;4;0;0;0;0;0;0;0;0;0;0;0;0;0;0;0;0;0;0;3;-5;15;-17;17;-15;19;-11;19;-7;17;-4;14;-1;9;0;4;-1;-1;-4;-5;-8;-8;-13;-9;-18;-8;-23;-6;-28;-3;-30;0;-31;2;-31;4;-29;4;-26;3;-23;1;-19;-2;-16;-6;-13;-11;-11;-16;-10;-20;-11;-26;0;-11;10;-10;8;-10;7;-9;6;-9;5;-8;4;-7;3;-6;2;-5;2;-4;1;-3;0;-3;0;-2;0;-2;0;-1;0;-1;0;0;0;1;-1;1;-1;1;-1;1;-1;1;-1;1;-1;2;0;2;0;2;0;2;0;2;-1;0;-1;0;-1;-1;-1;-1;-2;-1;-1;1;2;3;7;8;20;6;21;4;22;3;23;1;24;0;25;-1;25;-3;25;-4;25;-5;25;-7;24;-8;24;-9;24;-10;23;-11;23;-11;22;-12;21;-12;20;-13;19;-13;18;-13;18;-13;17;-13;16;-13;15;-13;14;-13;13;-14;12;-14;11;-26;0;-35;-34;-35;-34;-35;-33;-34;-32;-34;-30;-33;-29;-33;-27;-33;-26;-33;-25;-33;-24;-33;-22;-33;-21;-34;-20;-34;-20;-34;-20;-34;-20;-34;-21;-33;-21;-33;-21;-32;-21;-31;-21;-31;-21;-30;-21;-29;-22;-28;-23;-27;-24;-25;-25;-24;-27;-9;-10;-3;-4;0;0;0;0;0;0;-2;-2;-6;-4;-15;-12;-15;-13;-15;-14;-15;-15;-16;-16;-17;-16;-18;-18;-19;-19;-19;-21;-20;-23;-20;-24;-20;-25;-20;-26;-21;-27;-21;-27;-21;-28;-22;-29;-22;-30;-23;-31;-24;-31;-26;-32;-27;-32;-29;-33;-31;-33;-32;-34;-33;-35;-34;-36;-34;-36,stable,EXP_S144,ZONE_02,entree_zone,4.1,entree_zone,entree dans la zone
