timestamp_us,rssi,channel,mac,csi_len,csi_data,experiment_id,zone_id,scenario,distance_tx_rx_m,ground_truth,comment,marker_state
919456545,-54,6,a0:9f:7a:73:2b:3e,384,-110;-96;8;0;-31;11;-28;9;-24;8;-19;8;-14;9;-10;12;-7;15;-5;19;-5;23;-6;26;-8;28;-11;29;-13;28;-15;26;-16;23;-16;19;-14;15;-12;13;-8;11;-4;10;0;12;3;14;5;16;5;19;4;21;1;5;0;0;0;0;0;0;0;0;0;0;0;0;0;0;0;0;0;0;-5;-1;-20;-4;-20;-6;-19;-9;-18;-11;-16;-11;-14;-10;-13;-9;-12;-6;-13;-4;-14;-1;-17;1;-20;2;-22;1;-25;0;-26;-1;-26;-2;-26;-3;-24;-3;-23;-1;-22;1;-21;4;-22;8;-22;11;-24;14;-27;16;-29;17;-107;0;-16;3;-16;2;-16;2;-16;1;-16;0;-17;-1;-18;-3;-18;-4;-19;-4;-19;-5;-19;-6;-18;-7;-17;-9;-17;-10;-17;-11;-17;-11;-17;-11;-16;-11;-16;-12;-14;-12;-13;-13;-12;-14;-12;-14;-11;-15;-11;-15;-10;-15;-9;-15;-8;-16;-3;-6;-1;-2;0;0;-1;0;-1;0;0;-2;3;-4;10;-10;10;-9;11;-8;12;-7;12;-6;12;-4;12;-2;12;-1;12;0;12;1;12;1;11;2;9;3;8;4;7;5;6;6;5;7;4;7;3;6;1;6;-1;7;-2;7;-4;8;-5;8;-6;7;-8;6;-9;5;-10;5;-107;0;-51;19;-50;19;-49;19;-48;19;-46;19;-45;19;-44;19;-42;19;-41;19;-40;19;-39;19;-39;19;-38;19;-38;19;-38;18;-38;17;-39;17;-39;16;-39;15;-39;13;-38;12;-38;11;-37;9;-37;8;-37;6;-37;4;-37;1;-36;-1;-13;-1;-4;-1;1;-1;0;-2;0;-1;-2;1;-6;6;-16;17;-17;17;-19;16;-20;17;-21;17;-23;17;-24;17;-26;17;-28;17;-30;17;-31;17;-33;17;-34;16;-36;15;-37;15;-38;15;-38;15;-39;15;-40;16;-41;16;-42;17;-44;18;-45;19;-46;19;-48;20;-49;20;-50;20;-51;20,empty,EXP_S151,ZONE_02,sortie_zone,4.1,sortie_zone,sortie de la zone
919652409,-53,6,a0:9f:7a:73:2b:3e,384,-110;-96;8;0;-22;34;-21;30;-18;26;-14;23;-9;20;-3;19;2;20;7;22;10;25;12;29;12;33;10;35;7;37;4;36;0;34;-2;31;-3;26;-2;21;0;17;4;14;8;12;12;12;16;13;18;16;19;19;4;5;0;0;0;0;0;0;0;0;0;0;0;0;0;0;0;0;0;0;-6;3;-22;12;-24;9;-26;6;-27;3;-25;1;-23;-1;-21;0;-18;1;-16;4;-15;8;-16;12;-18;15;-21;18;-24;19;-27;19;-28;18;-28;17;-27;16;-26;15;-23;16;-20;18;-17;21;-15;25;-14;30;-15;34;-16;36;-111;0;-5;7;-5;7;-6;7;-6;6;-7;6;-8;6;-9;5;-9;5;-10;5;-10;5;-10;4;-10;3;-11;3;-11;2;-11;2;-12;2;-12;1;-12;1;-12;0;-11;-1;-11;-1;-11;-2;-11;-2;-11;-2;-10;-3;-10;-3;-10;-4;-9;-4;-4;-2;-1;-1;0;0;-1;0;-1;0;0;-1;0;-4;1;-9;1;-9;2;-9;3;-9;4;-8;4;-8;5;-7;5;-7;6;-6;6;-6;6;-5;6;-4;6;-3;6;-2;6;-1;6;0;6;0;5;1;5;1;4;2;3;3;3;3;2;4;2;5;1;5;0;5;-1;5;-1;5;-111;0;-18;28;-18;27;-17;27;-17;26;-16;26;-15;25;-14;25;-14;25;-13;24;-13;24;-12;24;-12;23;-11;23;-11;23;-12;23;-12;23;-12;22;-13;22;-13;21;-13;21;-13;20;-14;19;-14;18;-15;17;-15;16;-16;15;-17;14;-17;14;-7;4;-3;1;0;-1;0;-1;0;-1;0;1;-1;5;-2;15;-3;15;-4;15;-5;16;-5;17;-6;17;-7;18;-8;18;-9;19;-10;20;-11;20;-11;20;-12;20;-13;20;-14;21;-14;21;-14;21;-15;21;-15;22;-15;23;-16;24;-16;25;-16;25;-17;26;-17;27;-18;27;-18;28;-18;28,empty,EXP_S151,ZONE_02,sortie_zone,4.1,sortie_zone,sortie de la zone
919852398,-53,6,a0:9f:7a:73:2b:3e,384,-110;-96;8;0;8;37;7;34;7;31;7;27;9;23;12;20;16;18;19;17;22;18;24;20;25;22;24;24;23;26;20;27;17;27;14;26;11;23;10;19;10;15;12;12;14;10;17;9;20;10;22;12;23;14;5;3;0;0;0;0;0;0;0;0;0;0;0;0;0;0;0;0;0;0;1;5;3;23;0;24;-3;24;-6;23;-7;21;-8;19;-7;18;-4;17;-1;17;1;18;3;20;4;23;4;27;4;29;2;31;0;32;-1;32;-2;32;-1;31;0;30;2;29;5;29;8;31;10;32;11;34;12;36;-109;0;2;5;2;5;2;5;2;5;1;5;0;5;-1;6;-2;7;-1;8;-1;8;-1;7;-2;7;-3;6;-4;7;-4;7;-5;8;-5;8;-4;8;-4;7;-5;6;-5;5;-6;5;-7;5;-7;6;-7;6;-7;5;-7;5;-6;4;-3;1;-1;0;0;-1;0;0;0;0;-1;-1;-3;-3;-6;-7;-6;-7;-6;-7;-5;-7;-5;-7;-4;-7;-3;-7;-2;-8;-2;-8;-1;-8;-1;-8;-1;-8;0;-7;0;-6;1;-6;2;-6;2;-6;2;-5;2;-5;2;-4;2;-2;2;-1;3;-1;4;-1;4;-1;3;0;2;0;1;1;-109;0;16;29;16;28;16;28;16;27;16;26;15;25;15;24;15;23;15;23;15;22;15;22;15;22;15;22;15;22;14;21;14;22;14;22;13;22;13;22;12;22;11;22;10;22;9;22;8;22;6;22;5;22;4;22;2;22;0;8;0;2;-1;-1;-1;-1;-1;-1;1;0;4;2;12;6;12;7;13;8;13;9;13;10;14;11;14;12;14;14;14;14;15;16;15;17;14;18;14;19;14;20;13;21;13;21;13;22;14;22;14;23;15;24;15;24;16;25;16;26;16;27;17;27;17;28;17;29;17;30,empty,EXP_S151,ZONE_02,sortie_zone,4.1,sortie_zone,sortie de la zone
920053449,-53,6,a0:9f:7a:73:2b:3e,384,-110;-96;8;0;-8;30;-8;28;-7;25;-5;23;-2;21;1;20;4;20;7;21;9;22;9;24;10;26;8;28;6;29;4;29;2;28;0;26;-1;23;0;20;1;18;3;16;5;15;7;15;9;16;10;18;10;20;2;5;0;0;0;0;0;0;0;0;0;0;0;0;0;0;0;0;0;0;-2;4;-8;16;-10;16;-13;14;-15;13;-15;11;-15;9;-13;8;-11;7;-9;8;-7;10;-6;12;-6;15;-6;18;-8;20;-10;21;-12;22;-14;21;-14;21;-14;20;-12;20;-11;20;-8;21;-6;23;-5;25;-4;27;-4;29;-97;0;-2;9;-1;9;-1;9;-2;8;-4;7;-5;7;-7;7;-8;8;-9;9;-9;9;-9;9;-9;7;-10;6;-12;5;-13;5;-14;6;-14;7;-13;7;-12;6;-12;4;-12;3;-13;1;-13;1;-14;1;-14;2;-14;1;-13;1;-13;0;-5;-1;-2;-1;0;-1;0;0;0;0;-1;-2;-1;-5;-3;-13;-3;-14;-2;-14;-1;-14;0;-13;1;-13;3;-12;4;-12;5;-12;5;-13;6;-12;5;-11;6;-10;6;-8;8;-7;8;-6;9;-6;8;-5;7;-5;6;-3;5;-2;5;0;6;2;6;3;6;3;5;3;3;3;2;3;-97;0;-8;53;-7;52;-7;52;-6;51;-6;50;-5;49;-4;48;-4;47;-4;46;-3;46;-3;46;-3;46;-3;46;-3;46;-4;46;-5;46;-6;45;-7;45;-8;45;-10;45;-11;44;-13;42;-15;40;-16;39;-18;37;-20;36;-22;34;-23;33;-9;11;-3;3;0;-2;-1;-2;-1;-1;0;2;1;7;5;20;4;21;3;22;3;23;2;25;2;26;1;28;1;29;0;30;-1;32;-2;33;-3;34;-4;35;-5;36;-6;37;-7;38;-7;39;-7;39;-6;40;-6;42;-6;43;-6;45;-6;46;-6;48;-6;49;-7;51;-7;52;-7;54,empty,EXP_S151,ZONE_02,sortie_zone,4.1,sortie_zone,sortie de la zone
920255376,-53,6,a0:9f:7a:73:2b:3e,384,-110;-96;8;0;-35;-16;-32;-15;-29;-13;-27;-10;-25;-5;-25;-1;-27;3;-29;6;-32;7;-35;8;-37;7;-39;4;-39;2;-38;-2;-35;-4;-32;-5;-28;-5;-25;-3;-22;0;-21;3;-21;6;-22;8;-24;10;-27;10;-30;9;-8;2;0;0;0;0;0;0;0;0;0;0;0;0;0;0;0;0;0;0;-5;-4;-17;-14;-16;-16;-14;-18;-11;-19;-9;-19;-7;-17;-7;-14;-8;-12;-11;-10;-14;-9;-17;-9;-20;-10;-23;-12;-24;-15;-25;-18;-24;-20;-23;-20;-22;-20;-22;-18;-22;-16;-24;-14;-26;-12;-29;-10;-33;-10;-36;-11;-38;-12;-106;0;-4;-5;-4;-5;-4;-6;-3;-7;-3;-7;-3;-7;-2;-8;-2;-8;-2;-8;-1;-9;-1;-9;-1;-9;0;-9;0;-9;1;-9;1;-9;2;-9;2;-9;3;-9;3;-9;3;-8;3;-8;3;-8;4;-7;4;-7;4;-7;5;-7;5;-6;2;-3;0;-1;-1;0;-1;-1;-1;-1;0;0;2;1;6;3;6;3;6;4;5;4;5;5;4;5;4;6;3;6;3;6;2;6;2;6;1;6;0;6;0;6;-1;5;-1;5;-2;5;-2;4;-3;3;-3;3;-3;3;-4;2;-4;1;-4;1;-4;0;-5;-1;-4;-2;-4;-3;-106;0;-28;-20;-28;-20;-28;-20;-27;-20;-27;-19;-26;-19;-26;-18;-25;-17;-25;-17;-25;-16;-25;-16;-25;-16;-25;-16;-25;-16;-25;-17;-25;-17;-24;-18;-23;-19;-23;-19;-22;-20;-21;-20;-20;-21;-19;-21;-17;-21;-16;-22;-14;-23;-13;-24;-11;-24;-4;-9;-1;-3;0;0;0;0;0;0;-2;-1;-5;-1;-13;-2;-13;-3;-13;-4;-14;-4;-14;-5;-15;-6;-16;-6;-16;-7;-17;-8;-18;-9;-18;-10;-18;-11;-19;-11;-19;-12;-19;-13;-20;-13;-20;-14;-20;-14;-21;-15;-22;-15;-23;-16;-24;-16;-25;-17;-26;-17;-27;-18;-27;-18;-28;-19;-29;-20,empty,EXP_S151,ZONE_02,sortie_zone,4.1,sortie_zone,sortie de la zone
920453777,-53,6,a0:9f:7a:73:2b:3e,384,-110;-96;8;0;16;-27;15;-24;12;-21;9;-19;5;-18;1;-18;-2;-20;-5;-22;-6;-24;-6;-27;-5;-29;-3;-31;-1;-31;2;-30;4;-27;5;-24;5;-21;3;-18;1;-16;-2;-15;-5;-14;-7;-16;-9;-18;-9;-20;-8;-22;-2;-6;0;0;0;0;0;0;0;0;0;0;0;0;0;0;0;0;0;0;3;-4;12;-14;14;-12;15;-11;15;-9;15;-8;14;-7;12;-7;11;-8;10;-10;10;-12;10;-14;11;-16;13;-18;15;-18;16;-18;17;-17;17;-16;16;-16;15;-16;13;-17;11;-19;10;-22;9;-24;10;-27;11;-29;13;-30;-111;0;8;-10;8;-10;9;-10;9;-9;10;-8;11;-8;12;-7;13;-7;14;-7;14;-6;14;-6;14;-5;15;-3;15;-2;16;-1;16;-1;16;0;16;0;15;1;14;2;14;3;14;4;14;4;14;5;14;5;13;6;12;6;11;7;3;2;1;0;-1;-1;0;-1;0;-1;-1;1;-1;3;-2;10;-2;10;-3;10;-4;9;-5;9;-6;8;-7;7;-7;6;-8;6;-8;5;-8;4;-8;3;-8;1;-8;0;-8;-1;-8;-2;-7;-3;-7;-3;-6;-3;-4;-4;-3;-6;-2;-7;-1;-8;-1;-8;0;-8;1;-8;3;-8;4;-8;-111;0;21;-50;21;-49;21;-48;21;-48;20;-46;19;-45;18;-44;17;-43;17;-42;16;-41;16;-40;16;-40;16;-41;16;-41;17;-40;18;-40;18;-39;20;-39;21;-38;22;-37;23;-36;24;-33;25;-31;26;-30;27;-28;29;-25;30;-23;32;-21;11;-8;3;-2;-1;0;0;1;0;0;-1;-3;-2;-9;-5;-24;-4;-25;-3;-26;-2;-27;0;-28;0;-29;1;-30;2;-32;3;-33;5;-34;6;-35;8;-36;9;-36;11;-37;12;-37;13;-38;14;-39;14;-40;15;-41;15;-42;15;-43;16;-44;16;-45;17;-47;18;-48;19;-49;20;-50;20;-51,empty,EXP_S151,ZONE_02,sortie_zone,4.1,sortie_zone,sortie de la zone
920652383,-54,6,a0:9f:7a:73:2b:3e,384,-110;-96;8;0;30;9;27;9;23;8;19;4;15;0;14;-5;13;-9;14;-14;16;-17;18;-20;21;-20;23;-20;25;-18;26;-16;25;-13;23;-10;20;-8;16;-8;12;-8;9;-10;6;-12;5;-15;5;-18;6;-20;7;-22;2;-6;0;0;0;0;0;0;0;0;0;0;0;0;0;0;0;0;0;0;1;4;5;17;3;17;1;16;-1;14;-1;12;0;10;2;8;5;7;9;7;12;8;15;10;17;13;17;16;17;18;16;20;14;20;12;19;11;16;11;13;12;10;15;6;18;4;22;2;27;1;31;2;33;3;-114;0;9;1;9;1;9;1;8;2;7;2;7;4;7;5;7;6;7;6;7;6;6;5;6;5;5;6;4;7;4;8;3;8;3;8;3;8;3;7;2;7;1;7;0;7;0;8;0;8;0;8;-1;7;-1;7;-1;6;-1;2;-1;0;-1;-1;0;0;0;0;-1;-1;-3;-1;-8;-2;-8;-2;-7;-3;-7;-3;-6;-4;-6;-5;-5;-6;-5;-7;-5;-7;-4;-7;-4;-7;-3;-7;-2;-7;-1;-7;0;-7;1;-7;1;-7;1;-7;2;-6;3;-5;4;-5;5;-4;6;-4;6;-4;7;-4;7;-3;7;-2;7;-2;-114;0;25;2;25;2;24;2;24;2;23;2;23;2;22;1;22;1;21;1;21;1;20;1;21;1;21;1;21;1;21;2;20;2;20;2;20;3;20;4;20;5;19;5;19;6;18;7;17;7;16;8;15;9;15;10;14;11;5;4;1;1;-1;-1;-1;0;-1;0;0;-1;2;-2;7;-6;7;-6;8;-6;9;-6;10;-5;11;-5;12;-5;12;-5;13;-4;14;-4;15;-4;16;-3;16;-3;17;-2;17;-2;18;-1;18;-1;19;-1;19;-1;20;0;21;0;21;0;22;0;23;0;24;0;24;0;25;0;26;1,empty,EXP_S151,ZONE_02,sortie_zone,4.1,sortie_zone,sortie de la zone
920852494,-53,6,a0:9f:7a:73:2b:3e,384,-110;-96;8;0;33;-5;29;-4;25;-5;21;-7;17;-11;14;-15;13;-19;14;-24;16;-27;19;-28;22;-29;24;-28;26;-25;27;-22;26;-19;25;-16;21;-13;17;-12;13;-13;10;-15;8;-18;8;-21;9;-23;11;-25;13;-26;3;-7;0;0;0;0;0;0;0;0;0;0;0;0;0;0;0;0;0;0;4;0;19;4;18;6;17;8;15;9;14;10;12;8;11;6;12;4;13;1;16;0;18;-1;21;-1;24;0;25;2;26;3;25;5;24;5;23;4;22;2;22;-1;22;-4;24;-8;27;-10;30;-11;33;-12;35;-12;-111;0;8;0;8;0;8;0;7;1;7;2;7;3;7;4;8;5;8;5;8;5;8;5;7;5;6;6;6;7;6;8;6;8;6;8;5;8;5;7;4;7;3;7;2;8;2;8;2;8;2;8;2;8;1;8;0;7;0;2;-1;0;-1;-1;0;-1;0;-1;-1;0;-2;1;-6;3;-6;3;-6;3;-6;2;-6;1;-6;0;-6;-1;-6;-1;-7;-2;-7;-2;-6;-2;-5;-2;-5;-3;-4;-3;-3;-4;-3;-5;-3;-5;-2;-5;-1;-4;0;-4;1;-4;2;-4;3;-4;3;-4;4;-4;4;-3;5;-2;5;-2;-111;0;27;-12;27;-12;27;-12;26;-12;26;-11;26;-11;25;-11;24;-11;24;-11;23;-11;23;-11;24;-11;24;-10;24;-10;25;-10;25;-9;25;-8;25;-8;26;-6;26;-5;26;-4;25;-2;25;-1;24;0;24;2;23;3;23;5;23;7;8;2;2;1;-1;-1;-1;0;-1;0;0;-2;2;-4;6;-10;7;-10;7;-10;8;-10;9;-11;10;-11;11;-11;12;-11;13;-11;13;-11;14;-11;15;-11;16;-11;17;-10;18;-10;18;-10;19;-10;19;-10;20;-10;21;-11;22;-11;22;-11;23;-11;24;-12;24;-12;25;-12;26;-13;27;-13,empty,EXP_S151,ZONE_02,sortie_zone,4.1,sortie_zone,sortie de la zone
921052383,-53,6,a0:9f:7a:73:2b:3e,384,-110;-96;8;0;-2;38;-2;33;-1;26;1;19;5;13;11;8;17;4;23;1;28;0;32;0;36;2;37;5;37;8;35;10;32;11;27;11;22;9;17;6;14;1;12;-5;11;-10;11;-15;13;-20;16;-22;19;-24;5;-6;0;0;0;0;0;0;0;0;0;0;0;0;0;0;0;0;0;0;-6;-2;-21;-9;-20;-11;-17;-12;-14;-12;-11;-11;-8;-7;-7;-3;-8;2;-9;7;-12;12;-16;15;-20;17;-23;17;-26;16;-27;14;-26;12;-24;10;-21;10;-16;10;-10;12;-5;16;0;20;4;26;6;31;7;36;6;40;-116;0;-1;13;-1;13;-2;13;-3;12;-4;12;-5;12;-5;12;-6;12;-6;11;-6;11;-7;11;-7;10;-8;10;-9;9;-10;9;-10;9;-11;9;-11;8;-11;7;-11;7;-11;6;-11;5;-12;5;-12;4;-12;4;-12;3;-11;2;-11;1;-4;0;-2;0;0;-1;-1;0;-1;0;0;-2;1;-4;3;-10;4;-10;5;-9;6;-8;6;-8;7;-7;8;-6;8;-5;9;-5;9;-4;9;-3;9;-2;9;-1;9;0;9;1;9;2;8;3;8;3;7;4;7;5;6;6;6;7;5;8;5;8;4;9;3;10;3;10;2;11;-116;0;3;28;3;27;4;27;4;26;4;26;5;25;5;25;5;24;6;23;6;23;6;22;7;23;7;23;7;23;7;23;7;23;7;23;6;23;6;23;5;23;4;23;3;23;3;23;2;23;1;23;-1;22;-2;22;-3;22;-2;8;-1;2;-1;-1;-1;-1;-1;-1;0;0;1;3;3;9;3;10;2;10;2;11;2;12;2;13;2;13;2;14;2;15;2;16;1;17;1;17;1;18;0;19;0;19;0;20;0;20;0;21;1;21;1;22;1;23;1;24;2;24;2;25;3;26;3;27;3;28;3;29,empty,EXP_S151,ZONE_02,sortie_zone,4.1,sortie_zone,sortie de la zone
921252601,-53,6,a0:9f:7a:73:2b:3e,384,-110;-96;8;0;13;34;11;31;9;25;9;19;11;12;15;6;19;2;24;-1;29;-2;33;-1;37;1;38;4;38;8;36;11;33;13;28;14;23;12;18;9;15;4;13;-1;13;-6;15;-11;18;-14;23;-15;26;-16;6;-4;0;0;0;0;0;0;0;0;0;0;0;0;0;0;0;0;0;0;-3;4;-12;17;-14;16;-16;14;-16;12;-15;10;-14;9;-11;9;-8;11;-6;13;-4;15;-3;18;-3;21;-4;24;-5;26;-7;26;-8;26;-8;25;-6;23;-3;21;1;20;5;20;10;21;14;24;17;27;20;30;21;33;-113;0;0;10;0;10;-1;11;-1;11;-2;11;-3;11;-4;11;-4;11;-5;11;-5;11;-6;11;-6;11;-7;10;-8;10;-9;10;-9;10;-10;10;-10;9;-10;9;-10;8;-10;7;-11;6;-11;5;-11;5;-12;4;-12;4;-11;3;-11;2;-4;0;-2;0;0;-1;0;0;0;0;-1;-1;-2;-3;-4;-7;-3;-7;-2;-7;-2;-7;-1;-7;0;-7;1;-7;1;-7;2;-7;2;-6;3;-6;3;-5;3;-4;4;-3;4;-3;4;-2;4;-1;4;-1;4;0;4;1;4;2;4;3;4;4;4;5;3;6;3;6;2;7;2;8;-113;0;8;28;8;28;8;27;8;27;8;26;9;26;9;25;9;24;9;24;9;23;9;23;9;23;9;23;9;23;9;24;8;24;8;24;7;24;7;25;6;25;5;24;4;24;3;24;2;24;0;24;-1;23;-3;23;-5;23;-2;8;-1;2;0;-1;-1;-1;-1;-1;0;0;2;3;7;9;7;9;7;10;7;11;7;12;6;13;7;13;7;14;7;15;7;16;6;17;6;18;6;18;6;19;6;20;5;20;5;21;5;21;6;22;6;22;6;23;7;24;7;25;8;25;8;26;8;27;8;28;9;28,empty,EXP_S151,ZONE_02,sortie_zone,4.1,sortie_zone,sortie de la zone
921452369,-53,6,a0:9f:7a:73:2b:3e,384,-110;-96;8;0;27;-26;25;-23;21;-20;16;-18;10;-18;5;-19;0;-21;-4;-24;-6;-27;-8;-30;-8;-33;-7;-35;-5;-36;-4;-36;-2;-34;-1;-32;-1;-30;-1;-27;-3;-24;-5;-22;-8;-21;-10;-20;-13;-20;-14;-22;-14;-23;-4;-6;0;0;0;0;0;0;0;0;0;0;0;0;0;0;0;0;0;0;4;3;18;12;16;13;12;13;9;11;7;8;7;3;8;-1;11;-5;15;-8;20;-9;25;-8;29;-6;31;-3;32;0;31;3;28;5;25;6;21;5;17;2;14;-3;13;-9;12;-15;13;-21;16;-26;19;-29;22;-31;-120;0;6;-10;6;-10;6;-9;6;-8;6;-7;6;-6;7;-5;7;-5;7;-5;7;-5;7;-4;6;-3;6;-2;6;-2;7;-1;7;-1;7;-1;7;-2;6;-1;6;-1;5;0;5;1;5;1;6;1;6;1;6;1;5;1;5;1;1;0;0;0;-1;-1;0;-1;0;0;-2;0;-4;0;-10;-1;-10;-1;-10;-2;-10;-3;-10;-4;-9;-5;-10;-6;-10;-7;-10;-7;-9;-8;-8;-8;-7;-9;-6;-9;-5;-10;-5;-11;-5;-11;-4;-11;-4;-11;-3;-11;-2;-11;-1;-11;0;-11;0;-12;1;-12;1;-12;2;-11;3;-10;4;-10;-120;0;15;-23;15;-24;15;-24;15;-24;14;-24;14;-24;13;-24;13;-24;13;-23;12;-23;12;-24;12;-24;13;-24;13;-24;14;-24;14;-24;15;-24;16;-23;16;-23;17;-22;18;-21;18;-19;19;-18;19;-17;20;-15;21;-14;21;-12;22;-11;8;-4;2;-1;-1;0;-1;0;-1;0;-1;-2;0;-5;1;-14;1;-14;2;-14;4;-15;5;-15;5;-15;6;-16;7;-16;8;-17;8;-17;9;-17;10;-17;12;-17;12;-17;13;-16;13;-16;13;-17;13;-17;13;-17;14;-18;14;-18;14;-19;14;-20;14;-21;15;-21;15;-22;16;-23;16;-24,empty,EXP_S151,ZONE_02,sortie_zone,4.1,sortie_zone,sortie de la zone
921655111,-54,6,a0:9f:7a:73:2b:3e,384,-110;-96;8;0;19;-35;16;-31;13;-26;10;-19;7;-12;6;-5;4;3;4;9;5;16;6;21;7;25;9;28;10;30;12;30;12;29;12;27;11;24;10;20;7;15;5;10;2;6;-1;2;-5;-2;-8;-6;-10;-8;-3;-3;0;0;0;0;0;0;0;0;0;0;0;0;0;0;0;0;0;0;1;0;6;1;4;2;1;2;-2;2;-6;3;-10;3;-14;4;-18;4;-22;5;-25;5;-26;5;-27;6;-27;6;-25;6;-22;5;-19;4;-14;3;-9;0;-4;-4;2;-8;7;-13;12;-18;17;-24;21;-29;23;-33;23;-35;87;0;8;-24;7;-24;6;-23;6;-22;6;-22;6;-21;6;-20;6;-20;5;-20;4;-20;3;-20;3;-19;3;-18;3;-18;3;-18;4;-18;4;-18;3;-17;3;-17;3;-16;3;-15;3;-15;3;-14;3;-14;3;-14;3;-13;3;-13;3;-13;1;-5;0;-2;-1;0;0;0;0;0;-1;-1;-1;-3;-2;-8;-2;-8;-1;-9;0;-9;0;-10;1;-11;1;-11;1;-12;2;-13;2;-13;3;-13;3;-14;4;-14;4;-15;5;-15;5;-16;5;-16;5;-16;5;-17;6;-17;6;-18;7;-19;7;-20;7;-21;6;-21;6;-22;7;-22;7;-22;87;0;5;-17;4;-18;4;-18;3;-18;3;-18;2;-17;2;-17;2;-16;1;-15;0;-15;-1;-15;-2;-15;-2;-15;-1;-16;-1;-15;-1;-15;-1;-14;-1;-14;-2;-14;-2;-14;-2;-14;-1;-13;-1;-13;-1;-12;-1;-12;-1;-12;0;-12;0;-12;0;-5;0;-2;0;0;0;0;-1;0;-1;-1;-1;-2;-1;-6;0;-6;0;-6;1;-7;1;-7;1;-7;2;-8;2;-9;3;-9;3;-10;4;-10;4;-10;5;-11;5;-11;5;-11;5;-12;5;-12;5;-13;6;-14;6;-14;6;-14;6;-15;6;-15;5;-16;5;-17;5;-18;5;-19;5;-19,empty,EXP_S151,ZONE_02,sortie_zone,4.1,sortie_zone,sortie de la zone
921852820,-55,6,a0:9f:7a:73:2b:3e,384,-110;-96;8;0;17;-26;15;-21;15;-15;17;-9;19;-4;23;0;27;3;31;5;34;4;37;3;39;1;40;-2;39;-5;37;-7;33;-8;28;-9;22;-7;16;-5;11;-1;7;3;4;9;2;14;1;19;2;24;3;27;0;7;0;0;0;0;0;0;0;0;0;0;0;0;0;0;0;0;0;0;-2;-4;-7;-16;-8;-17;-9;-18;-9;-18;-10;-18;-10;-18;-10;-18;-9;-18;-8;-17;-7;-17;-6;-17;-4;-16;-2;-15;1;-14;4;-14;6;-15;10;-15;13;-16;17;-18;20;-21;23;-24;24;-27;25;-30;25;-32;25;-34;23;-35;60;0;29;-14;28;-14;28;-14;27;-15;26;-15;25;-15;24;-16;24;-16;23;-16;22;-16;21;-16;21;-16;20;-16;20;-16;20;-16;19;-16;19;-16;19;-16;18;-16;18;-15;17;-15;16;-14;16;-14;16;-13;16;-13;16;-12;15;-11;15;-11;5;-4;1;-1;-1;0;-1;0;-1;0;1;-1;3;-1;10;-2;10;-2;11;-2;11;-2;12;-2;12;-2;13;-2;14;-2;15;-2;15;-2;16;-2;17;-3;17;-3;18;-3;18;-4;19;-4;19;-4;20;-5;21;-5;22;-6;22;-7;23;-8;24;-9;25;-10;26;-10;26;-11;27;-12;28;-12;60;0;0;-12;-1;-13;-1;-13;-1;-13;-2;-13;-2;-13;-2;-13;-3;-13;-3;-13;-4;-13;-4;-13;-4;-13;-5;-13;-5;-14;-5;-14;-5;-14;-5;-14;-5;-14;-5;-15;-5;-15;-4;-15;-4;-15;-4;-14;-3;-15;-3;-15;-2;-15;-1;-15;-1;-15;0;-6;0;-2;0;0;0;-1;0;-1;-1;0;-3;0;-7;1;-7;1;-7;0;-7;-1;-6;-1;-6;-2;-6;-3;-6;-3;-5;-4;-5;-4;-4;-4;-4;-5;-4;-5;-3;-6;-3;-6;-2;-7;-2;-7;-2;-7;-1;-8;-1;-8;-1;-8;-1;-9;-1;-10;-1;-10;-1;-11;-1;-12;-1;-12;-1;-13,empty,EXP_S151,ZONE_02,sortie_zone,4.1,sortie_zone,sortie de la zone
922052395,-53,6,a0:9f:7a:73:2b:3e,384,-110;-96;8;0;34;17;30;14;25;13;20;13;15;14;11;16;8;19;6;22;6;25;8;28;9;29;11;30;13;30;14;28;14;26;14;23;12;20;9;17;6;15;3;13;-1;13;-4;13;-7;14;-10;15;-12;16;-3;4;0;0;0;0;0;0;0;0;0;0;0;0;0;0;0;0;0;0;1;-2;7;-6;9;-5;12;-3;15;-3;18;-2;21;-2;24;-2;26;-3;28;-4;28;-5;28;-7;26;-8;24;-8;21;-7;18;-5;16;-3;14;1;13;6;13;11;14;16;17;20;20;24;25;26;30;27;34;26;36;25;52;0;27;16;27;16;26;15;26;14;25;13;25;13;24;12;24;11;24;10;24;10;23;9;23;8;23;8;22;8;22;7;22;7;22;7;21;6;21;6;20;6;19;6;18;6;18;6;18;5;17;5;17;5;16;6;15;6;5;2;1;0;-1;-1;-1;-1;-1;-1;1;0;4;1;11;4;11;4;12;5;12;6;12;7;13;8;13;8;14;9;14;10;14;10;14;11;15;12;15;13;16;13;16;13;16;14;16;14;17;14;17;14;18;15;19;15;21;15;22;15;22;15;23;15;24;16;25;16;25;16;52;0;10;1;10;0;10;0;10;0;10;0;10;0;9;0;8;0;7;-1;7;-2;7;-3;7;-3;7;-3;7;-3;7;-3;6;-4;5;-4;5;-5;6;-5;6;-5;7;-5;7;-5;7;-4;6;-4;6;-4;6;-4;6;-4;6;-4;2;-2;0;-1;-1;0;-1;0;-1;0;0;-1;1;-2;3;-3;3;-3;4;-3;4;-2;4;-2;5;-2;5;-3;6;-3;7;-2;8;-2;8;-1;9;0;8;0;8;0;9;0;9;0;10;1;10;1;10;2;10;2;10;2;10;1;10;1;11;0;12;1;12;1;12;1;12;2,empty,EXP_S151,ZONE_02,sortie_zone,4.1,sortie_zone,sortie de la zone
922258434,-56,6,a0:9f:7a:73:2b:3e,384,-110;-96;8;0;14;31;14;30;14;28;14;27;12;25;11;24;9;23;7;23;6;24;5;25;5;26;5;27;6;27;7;27;8;26;9;25;9;23;9;20;7;17;5;15;3;13;0;12;-3;11;-5;12;-7;13;-2;3;0;0;0;0;0;0;0;0;0;0;0;0;0;0;0;0;0;0;4;2;18;10;20;9;22;6;23;4;22;1;21;-1;18;-1;15;-1;12;1;10;4;8;7;8;11;8;14;9;17;11;19;13;21;15;21;16;21;17;20;17;20;17;20;16;21;15;22;14;24;14;26;13;27;39;0;23;58;23;57;23;56;23;54;22;53;22;51;22;50;23;49;23;47;24;46;24;44;24;43;24;42;23;41;23;40;22;40;22;39;21;37;20;36;19;35;19;34;18;33;17;32;17;30;16;30;15;29;14;29;13;29;4;10;1;3;-1;-1;-1;-1;-1;-1;1;1;5;4;14;12;14;14;14;15;14;17;13;19;13;21;13;23;13;25;13;27;13;29;13;31;13;32;13;33;12;35;12;36;12;37;12;39;13;40;13;42;14;43;15;45;16;46;17;48;18;50;20;52;21;54;22;55;22;56;39;0;-4;3;-3;3;-2;3;-1;4;0;5;0;5;0;5;1;5;2;4;3;4;5;3;6;4;6;4;7;5;7;5;7;5;8;5;9;5;9;5;10;6;11;7;11;7;10;8;10;8;10;9;10;9;10;10;10;11;3;4;1;1;-1;-1;0;1;0;0;-2;-3;-6;-7;-16;-20;-15;-20;-14;-20;-12;-20;-11;-20;-11;-20;-10;-19;-9;-19;-8;-18;-8;-17;-7;-16;-7;-15;-7;-14;-7;-13;-6;-12;-6;-11;-5;-9;-5;-8;-6;-7;-6;-6;-6;-5;-6;-4;-5;-4;-5;-2;-4;-1;-4;1;-4;2;-4;3,empty,EXP_S151,ZONE_02,sortie_zone,4.1,sortie_zone,sortie de la zone
922458156,-54,6,a0:9f:7a:73:2b:3e,384,-110;-96;8;0;-5;44;-5;37;-3;29;0;21;4;13;9;5;15;-2;20;-7;26;-11;31;-14;36;-15;40;-16;42;-15;42;-14;41;-12;38;-10;34;-8;28;-7;22;-7;15;-8;9;-10;3;-13;-1;-16;-5;-21;-7;-24;-2;-7;0;0;0;0;0;0;0;0;0;0;0;0;0;0;0;0;0;0;2;-4;9;-12;9;-9;6;-6;2;-2;-2;0;-8;2;-14;3;-20;2;-25;0;-29;-3;-31;-7;-31;-9;-31;-12;-28;-13;-25;-12;-21;-10;-16;-6;-11;-1;-7;5;-3;12;0;20;2;28;3;36;2;42;1;47;0;51;125;0;-2;20;-2;19;-1;19;-1;18;-2;17;-2;17;-3;17;-3;17;-3;17;-2;17;-2;16;-2;15;-2;15;-3;14;-4;15;-4;15;-4;15;-4;15;-4;14;-4;14;-4;13;-5;13;-5;13;-5;13;-5;13;-5;13;-5;12;-6;12;-2;4;-1;1;0;-1;-1;-1;-1;-1;1;0;3;1;9;4;9;5;8;5;8;6;8;7;7;8;7;9;7;9;7;10;6;10;5;11;4;12;4;12;3;13;3;13;3;13;3;14;2;14;2;14;1;14;0;15;0;16;1;17;1;17;1;17;0;17;-1;17;-2;17;125;0;6;29;7;29;7;29;8;28;8;28;8;27;8;27;8;26;9;25;10;24;11;24;12;24;11;24;11;24;11;24;10;24;10;24;10;25;9;25;8;25;8;25;7;25;6;24;5;24;4;24;3;24;1;24;0;24;0;8;-1;2;-1;-1;-1;-1;-1;-1;0;0;0;2;0;8;0;8;0;9;0;9;0;10;0;10;0;11;0;12;1;13;1;14;0;15;0;16;0;17;0;17;1;17;1;18;1;19;1;20;1;21;2;22;2;23;2;24;3;25;4;26;5;27;6;28;6;29;6;29,empty,EXP_S151,ZONE_02,sortie_zone,4.1,sortie_zone,sortie de la zone
922652195,-54,6,a0:9f:7a:73:2b:3e,384,-110;-96;8;0;-5;39;-7;36;-7;32;-6;26;-4;20;-2;13;2;7;6;1;11;-4;15;-8;20;-11;24;-12;28;-12;31;-11;32;-10;31;-7;29;-5;26;-3;21;-2;16;-1;10;-2;4;-3;-1;-6;-5;-10;-7;-13;-2;-4;0;0;0;0;0;0;0;0;0;0;0;0;0;0;0;0;0;0;1;-4;5;-16;6;-15;5;-13;4;-11;1;-9;-2;-6;-6;-5;-11;-4;-15;-4;-19;-4;-23;-5;-25;-6;-27;-8;-28;-9;-27;-10;-26;-10;-23;-9;-20;-7;-17;-4;-13;0;-9;6;-6;12;-3;18;-1;24;0;30;0;34;-126;0;3;14;3;14;2;14;2;14;2;14;1;14;1;14;1;14;1;14;1;14;1;14;0;13;0;13;0;13;-1;13;-1;13;-2;14;-2;13;-2;13;-3;13;-3;13;-4;12;-4;12;-4;12;-5;12;-6;12;-6;11;-7;11;-3;4;-1;1;0;-1;-1;-1;-1;-1;0;0;2;0;7;0;7;1;6;1;6;2;6;2;6;3;6;3;6;4;6;5;6;5;6;5;6;6;5;6;5;7;5;7;5;8;5;8;5;8;5;8;5;9;4;9;4;10;4;10;4;11;4;12;4;12;4;13;4;13;-126;0;-8;23;-8;22;-7;22;-6;21;-6;21;-5;21;-4;20;-3;20;-3;19;-2;19;-1;18;-1;18;0;18;0;18;0;18;0;18;0;18;0;18;-1;18;-1;17;-1;17;-1;17;-1;17;-2;16;-2;16;-3;16;-4;16;-5;16;-2;5;-1;1;0;-1;0;-1;0;-1;-1;0;-2;3;-3;9;-4;9;-4;9;-4;9;-5;10;-5;11;-5;11;-6;12;-6;13;-7;13;-7;14;-7;15;-8;15;-8;15;-8;15;-9;16;-9;16;-9;17;-9;17;-9;18;-9;19;-9;19;-9;20;-9;21;-8;22;-8;23;-8;23;-8;23,empty,EXP_S151,ZONE_02,sortie_zone,4.1,sortie_zone,sortie de la zone
922854101,-51,6,a0:9f:7a:73:2b:3e,384,-110;-96;8;0;-30;22;-26;18;-21;15;-15;12;-9;10;-2;9;4;10;10;11;15;14;18;16;20;19;21;22;20;24;19;25;17;25;14;24;11;21;9;18;8;13;7;9;8;4;9;0;11;-3;14;-5;16;-6;4;-2;0;0;0;0;0;0;0;0;0;0;0;0;0;0;0;0;0;0;0;-4;2;-15;2;-13;1;-10;-1;-8;-5;-6;-9;-5;-13;-5;-18;-6;-21;-8;-24;-11;-25;-13;-25;-16;-24;-17;-23;-18;-20;-17;-18;-15;-15;-12;-13;-8;-12;-2;-12;4;-13;10;-15;16;-17;22;-21;26;-24;29;-27;30;-117;0;-22;22;-21;22;-20;21;-20;19;-19;17;-20;16;-20;15;-21;14;-21;15;-20;15;-20;14;-19;13;-19;12;-19;10;-20;9;-21;9;-21;9;-20;9;-20;9;-19;8;-18;6;-18;5;-18;4;-19;4;-19;3;-19;3;-18;2;-18;2;-7;0;-2;-1;0;-1;-1;-1;-1;-1;1;1;3;3;10;10;9;10;7;11;6;12;5;14;4;15;4;16;4;17;3;17;2;17;1;17;-1;17;-3;17;-4;18;-5;19;-5;20;-5;20;-6;19;-8;19;-10;19;-11;20;-12;21;-12;22;-13;23;-13;22;-14;21;-16;21;-17;20;-117;0;-29;40;-29;40;-28;41;-27;40;-26;40;-25;39;-24;38;-22;37;-21;36;-20;35;-19;35;-19;36;-19;36;-19;36;-19;36;-19;35;-19;34;-19;33;-20;33;-20;33;-21;32;-22;30;-23;28;-23;27;-24;25;-25;24;-26;22;-27;21;-10;7;-4;2;0;-1;0;-2;0;-1;-1;2;-2;7;-5;21;-6;22;-7;23;-9;24;-11;25;-12;25;-13;26;-14;27;-15;28;-16;29;-18;30;-20;30;-22;29;-23;29;-24;29;-24;30;-24;31;-25;32;-26;33;-27;34;-27;34;-27;35;-27;37;-27;38;-27;40;-29;41;-30;42;-31;43,empty,EXP_S151,ZONE_02,sortie_zone,4.1,sortie_zone,sortie de la zone
923054455,-53,6,a0:9f:7a:73:2b:3e,384,-110;-96;8;0;-31;23;-32;22;-30;19;-28;16;-24;14;-19;12;-14;11;-8;10;-2;10;3;11;7;13;11;15;14;16;15;18;16;19;15;20;14;21;13;20;12;18;10;16;9;13;8;10;8;7;9;4;9;2;2;0;0;0;0;0;0;0;0;0;0;0;0;0;0;0;0;0;0;0;3;-4;15;-15;15;-13;15;-11;14;-8;11;-6;7;-4;2;-4;-3;-4;-8;-6;-12;-9;-16;-13;-18;-16;-20;-20;-20;-24;-19;-26;-17;-27;-15;-26;-13;-24;-11;-21;-10;-16;-10;-10;-10;-4;-11;3;-14;9;-18;15;-21;19;-124;0;-4;26;-4;26;-4;26;-4;25;-4;23;-4;22;-5;20;-5;19;-6;19;-6;18;-6;18;-6;17;-5;16;-5;15;-5;14;-6;14;-6;14;-7;13;-6;13;-6;12;-6;11;-6;10;-6;10;-6;9;-7;9;-7;9;-7;9;-7;8;-3;3;-1;0;0;-1;-1;-1;-1;-1;1;1;4;5;13;14;12;15;11;15;11;16;10;17;9;18;9;19;8;20;8;21;8;22;7;22;6;22;5;23;4;23;3;24;3;24;3;24;3;24;2;24;2;24;1;24;0;25;0;26;0;27;0;27;-1;27;-1;27;-2;26;-124;0;-48;15;-47;15;-46;15;-44;16;-43;17;-41;17;-40;18;-39;18;-37;18;-36;19;-34;19;-33;19;-32;19;-32;19;-32;19;-31;19;-31;18;-30;18;-30;18;-29;17;-29;17;-28;16;-28;16;-28;15;-28;14;-28;12;-28;11;-28;10;-10;3;-4;0;0;-1;1;-1;0;-1;-3;0;-8;1;-20;4;-21;4;-21;3;-23;3;-24;3;-25;3;-26;3;-27;3;-29;3;-30;3;-32;3;-33;3;-34;3;-34;3;-35;3;-35;3;-36;4;-37;5;-38;6;-39;7;-41;8;-42;9;-43;10;-44;11;-45;12;-46;14;-47;15;-47;16,empty,EXP_S151,ZONE_02,sortie_zone,4.1,sortie_zone,sortie de la zone
923252323,-52,6,a0:9f:7a:73:2b:3e,384,-110;-96;8;0;33;39;28;36;23;31;18;24;13;15;8;6;5;-4;3;-13;1;-22;0;-29;0;-35;1;-40;2;-43;4;-44;5;-43;6;-40;7;-36;6;-31;4;-24;0;-18;-4;-11;-8;-6;-13;-1;-19;2;-23;4;-6;1;0;0;0;0;0;0;0;0;0;0;0;0;0;0;0;0;0;0;0;-6;3;-22;4;-20;4;-18;3;-14;1;-9;-2;-5;-7;0;-13;4;-19;7;-25;8;-30;9;-35;8;-38;7;-39;6;-38;4;-35;2;-31;2;-24;2;-16;3;-8;5;1;8;11;13;19;18;27;24;33;29;36;34;119;0;17;15;17;15;16;15;15;15;14;15;14;15;13;15;12;15;12;15;12;14;11;14;11;14;10;14;10;14;9;15;9;15;8;15;7;15;7;15;6;14;6;14;5;14;4;14;4;14;3;14;3;14;2;14;2;14;0;5;0;1;-1;-1;-1;0;-1;0;0;-1;2;-3;7;-8;7;-7;8;-7;9;-6;10;-6;10;-5;11;-5;12;-4;13;-3;13;-3;14;-2;14;-1;14;0;15;1;15;2;16;2;16;3;16;4;16;5;16;6;17;6;17;7;17;8;18;9;18;10;18;10;18;11;18;12;119;0;16;24;17;23;17;23;17;22;17;21;17;20;17;19;17;18;17;17;17;16;18;16;18;15;19;15;19;15;19;15;19;15;19;15;19;15;19;15;19;15;18;16;18;16;17;16;16;17;15;17;14;18;13;18;12;19;4;7;1;2;-1;-1;-1;-1;-1;-1;0;0;2;3;7;9;7;9;7;10;7;11;7;12;7;12;7;13;8;14;8;15;8;16;8;17;8;17;8;18;8;18;8;19;9;19;9;20;10;20;10;20;11;21;12;22;12;22;13;22;14;23;15;23;16;24;17;25;17;25,empty,EXP_S151,ZONE_02,sortie_zone,4.1,sortie_zone,sortie de la zone
923452471,-53,6,a0:9f:7a:73:2b:3e,384,-110;-96;8;0;19;-29;19;-26;18;-22;15;-19;11;-17;7;-16;3;-16;-1;-17;-4;-19;-5;-22;-6;-24;-5;-27;-4;-28;-1;-29;1;-28;3;-26;4;-23;4;-20;3;-17;1;-15;-2;-14;-5;-13;-7;-14;-9;-16;-9;-18;-3;-5;0;0;0;0;0;0;0;0;0;0;0;0;0;0;0;0;0;0;3;-3;16;-9;17;-8;17;-6;17;-5;16;-4;14;-4;12;-4;11;-7;11;-9;11;-12;12;-15;15;-16;18;-17;20;-17;22;-16;23;-15;22;-13;21;-12;19;-12;17;-12;14;-14;12;-17;11;-21;10;-24;11;-28;13;-30;-103;0;6;-14;6;-14;6;-14;7;-13;7;-12;8;-11;9;-10;10;-10;11;-10;11;-10;11;-9;11;-9;11;-8;12;-7;12;-6;13;-6;14;-5;14;-5;13;-5;13;-4;12;-3;13;-2;13;-1;14;-1;14;0;14;0;13;1;13;1;4;0;1;0;-1;0;0;-1;0;-1;-1;0;-3;2;-7;7;-8;6;-9;6;-9;5;-10;4;-10;3;-11;1;-11;0;-12;-1;-12;-2;-12;-2;-11;-3;-10;-4;-9;-6;-9;-7;-9;-8;-9;-8;-8;-9;-7;-9;-6;-9;-5;-10;-3;-11;-3;-12;-2;-13;-2;-13;-1;-13;0;-13;1;-13;-103;0;37;-38;37;-38;36;-37;34;-37;33;-36;32;-36;30;-35;28;-34;27;-33;25;-33;24;-33;24;-33;23;-33;23;-33;24;-33;24;-32;24;-32;24;-32;25;-31;25;-31;26;-30;26;-28;27;-27;27;-26;28;-24;29;-22;31;-20;32;-19;11;-7;3;-2;-1;0;-1;1;-1;0;0;-3;2;-8;8;-23;8;-23;10;-24;11;-25;13;-25;14;-26;15;-27;17;-28;18;-29;19;-30;21;-31;23;-31;24;-31;26;-31;27;-31;28;-31;29;-31;30;-32;30;-32;31;-33;32;-34;33;-36;33;-37;34;-38;35;-39;36;-40;37;-41;37;-42,empty,EXP_S151,ZONE_02,sortie_zone,4.1,sortie_zone,sortie de la zone
923656250,-51,6,a0:9f:7a:73:2b:3e,384,-110;-96;8;0;31;-19;26;-16;20;-12;13;-8;5;-3;-1;2;-8;6;-14;10;-19;14;-23;17;-26;20;-28;22;-29;23;-29;22;-28;21;-25;19;-22;16;-17;13;-12;9;-7;6;-1;2;4;-1;9;-4;14;-6;18;-8;4;-2;0;0;0;0;0;0;0;0;0;0;0;0;0;0;0;0;0;0;1;-2;4;-6;3;-4;1;-2;-2;1;-5;4;-9;6;-13;9;-16;12;-20;13;-22;14;-24;15;-24;14;-23;14;-21;12;-18;10;-15;8;-10;5;-4;2;2;-2;9;-6;15;-10;22;-14;27;-17;32;-20;35;-23;37;-24;99;0;20;-11;19;-11;19;-11;18;-10;18;-10;17;-10;17;-9;17;-9;17;-10;16;-10;15;-10;15;-10;15;-9;15;-9;15;-9;15;-9;15;-9;15;-9;14;-8;14;-8;13;-7;13;-7;13;-6;13;-6;13;-6;13;-6;13;-5;13;-5;4;-2;1;-1;-1;0;-1;0;-1;0;0;-1;0;-3;2;-8;3;-8;3;-8;4;-8;5;-8;6;-8;6;-8;7;-9;7;-9;8;-8;8;-8;9;-8;10;-8;11;-8;11;-8;11;-9;12;-9;12;-8;13;-8;14;-8;14;-9;15;-9;16;-10;16;-10;16;-10;17;-10;17;-10;18;-10;99;0;13;-16;13;-16;12;-17;12;-17;11;-17;11;-16;10;-16;9;-16;8;-16;7;-16;7;-16;7;-17;7;-17;7;-17;7;-17;7;-17;7;-17;7;-17;7;-17;7;-17;7;-17;8;-16;8;-15;8;-15;8;-14;9;-14;9;-14;10;-13;3;-5;1;-2;-1;0;-1;0;-1;0;0;-1;1;-2;4;-6;5;-6;5;-6;6;-6;6;-6;7;-6;7;-7;8;-7;8;-8;9;-8;10;-8;10;-8;11;-8;11;-8;11;-8;11;-9;12;-10;12;-10;13;-11;13;-11;13;-11;13;-12;13;-13;13;-14;13;-15;14;-15;14;-16;15;-16,empty,EXP_S151,ZONE_02,sortie_zone,4.1,sortie_zone,sortie de la zone
923852350,-53,6,a0:9f:7a:73:2b:3e,384,-110;-96;8;0;20;23;16;19;11;15;6;11;0;9;-6;8;-12;8;-17;9;-20;12;-22;15;-24;18;-24;20;-23;22;-22;23;-19;23;-16;21;-13;19;-10;15;-7;11;-5;6;-4;1;-3;-4;-4;-8;-4;-13;-5;-16;-2;-4;0;0;0;0;0;0;0;0;0;0;0;0;0;0;0;0;0;0;-2;-3;-5;-9;-2;-9;2;-9;6;-9;10;-9;14;-10;18;-11;21;-12;23;-13;24;-14;24;-15;23;-15;21;-14;19;-13;17;-10;14;-7;12;-3;10;3;9;8;9;14;10;19;12;24;14;28;17;31;20;32;22;32;72;0;9;23;9;22;9;21;9;21;9;20;9;19;9;18;9;18;9;17;9;17;9;16;9;15;9;15;9;15;9;15;9;15;9;14;9;14;9;14;8;13;8;13;7;12;7;12;7;12;7;12;6;12;6;12;5;12;1;4;0;1;-1;-1;-1;-1;-1;-1;1;1;3;3;8;10;7;11;7;11;6;12;6;13;6;13;6;14;6;14;6;15;6;16;6;16;5;17;5;17;5;18;5;18;5;18;5;18;5;19;5;19;5;19;6;20;7;20;7;21;7;21;8;22;8;22;8;22;8;23;72;0;10;7;11;7;11;6;12;6;12;6;11;5;11;5;11;4;11;4;11;3;12;3;12;3;12;3;12;3;12;3;12;3;12;3;12;3;12;3;12;3;12;4;11;4;11;4;10;5;10;5;10;5;9;5;9;6;3;2;1;0;-1;-1;-1;-1;-1;-1;0;0;1;1;4;4;4;4;4;5;3;5;3;5;3;5;4;5;4;6;5;6;5;7;5;7;5;8;4;8;4;7;4;7;5;7;5;8;5;8;6;8;6;8;6;8;7;8;8;8;8;8;9;8;9;8;10;8;10;8,empty,EXP_S151,ZONE_02,sortie_zone,4.1,sortie_zone,sortie de la zone
924057434,-53,6,a0:9f:7a:73:2b:3e,384,-110;-96;8;0;-15;-29;-11;-24;-5;-20;0;-18;6;-17;11;-18;16;-20;19;-23;21;-26;21;-30;20;-33;18;-35;15;-36;12;-36;8;-34;6;-31;4;-26;3;-21;3;-15;4;-10;7;-5;10;-1;14;2;18;4;20;5;5;1;0;0;0;0;0;0;0;0;0;0;0;0;0;0;0;0;0;0;-4;0;-14;1;-15;-1;-17;-3;-19;-5;-22;-7;-24;-9;-27;-10;-28;-10;-29;-10;-29;-10;-28;-9;-26;-9;-23;-9;-20;-9;-16;-11;-13;-13;-10;-16;-7;-20;-5;-24;-5;-29;-5;-33;-7;-38;-9;-41;-12;-42;-15;-42;-17;-41;57;0;-10;-31;-10;-31;-10;-30;-10;-29;-11;-28;-11;-27;-11;-26;-12;-26;-13;-25;-13;-24;-13;-23;-13;-22;-13;-21;-13;-21;-14;-21;-14;-21;-15;-20;-14;-20;-14;-19;-13;-18;-13;-18;-12;-17;-12;-17;-12;-17;-12;-17;-12;-16;-12;-16;-11;-16;-4;-6;-2;-2;0;0;0;0;0;0;-1;-2;-3;-6;-6;-16;-5;-16;-5;-17;-4;-18;-4;-18;-4;-19;-4;-20;-4;-20;-3;-21;-3;-22;-2;-22;-2;-23;-2;-24;-2;-24;-2;-24;-2;-24;-2;-25;-3;-25;-3;-26;-3;-26;-4;-27;-5;-28;-5;-28;-6;-29;-6;-29;-7;-30;-7;-30;-7;-31;57;0;-12;-2;-13;-2;-14;-2;-15;-2;-15;-3;-14;-3;-13;-2;-13;-1;-13;0;-13;0;-14;1;-14;1;-15;0;-14;0;-14;-1;-14;0;-14;0;-14;0;-15;0;-15;-1;-15;-1;-14;-2;-13;-3;-13;-3;-12;-3;-12;-3;-12;-4;-12;-4;-5;-2;-2;-1;0;0;0;0;0;0;-1;-1;-2;-1;-6;-1;-6;-2;-5;-2;-5;-2;-5;-2;-5;-2;-6;-2;-7;-3;-7;-3;-7;-4;-7;-5;-7;-5;-7;-5;-7;-4;-7;-4;-8;-4;-8;-5;-8;-5;-8;-5;-8;-5;-9;-5;-9;-4;-10;-3;-11;-3;-12;-4;-12;-4;-13;-4;-13;-5,empty,EXP_S151,ZONE_02,sortie_zone,4.1,sortie_zone,sortie de la zone
924252236,-54,6,a0:9f:7a:73:2b:3e,384,-110;-96;8;0;33;-31;29;-31;23;-29;19;-25;15;-20;13;-15;13;-9;14;-4;17;-1;21;1;25;2;29;1;32;-1;33;-3;33;-7;31;-10;28;-12;23;-13;18;-13;13;-11;9;-8;5;-4;3;1;2;6;2;10;0;2;0;0;0;0;0;0;0;0;0;0;0;0;0;0;0;0;0;0;-5;-5;-18;-19;-17;-19;-15;-20;-13;-20;-10;-20;-7;-21;-3;-23;1;-25;4;-27;6;-30;7;-33;8;-35;7;-36;7;-37;6;-37;5;-35;4;-32;4;-28;6;-24;9;-20;13;-17;18;-15;23;-15;28;-17;33;-20;36;-23;52;0;27;-18;26;-18;25;-17;24;-17;23;-17;21;-17;20;-17;19;-17;18;-17;17;-17;16;-17;15;-17;14;-17;14;-17;13;-17;13;-17;12;-16;12;-16;11;-16;11;-16;10;-15;10;-15;9;-14;9;-14;9;-14;9;-13;9;-13;9;-13;3;-5;1;-2;-1;0;-1;0;-1;0;1;-2;5;-5;16;-14;17;-13;18;-13;19;-12;20;-12;20;-12;21;-12;22;-12;23;-12;24;-11;24;-11;25;-11;25;-11;26;-11;26;-11;26;-11;26;-11;26;-11;26;-12;27;-12;27;-13;27;-13;27;-14;28;-15;28;-15;28;-16;28;-17;28;-17;52;0;12;-1;12;-2;12;-3;11;-3;11;-4;10;-5;10;-5;9;-6;9;-7;8;-7;8;-8;7;-8;7;-9;7;-10;7;-10;6;-10;6;-11;6;-11;6;-11;6;-11;6;-12;6;-12;6;-12;6;-11;7;-11;7;-11;8;-11;8;-11;3;-4;0;-2;-1;0;-1;-1;-1;-1;0;0;0;1;0;2;1;2;1;2;1;2;2;3;2;3;2;3;3;3;3;3;4;3;4;3;5;3;5;4;5;4;6;4;6;4;7;3;7;3;8;3;8;3;9;2;10;2;10;2;11;1;11;1;12;1;12;0;12;0,empty,EXP_S151,ZONE_02,sortie_zone,4.1,sortie_zone,sortie de la zone
924452207,-54,6,a0:9f:7a:73:2b:3e,384,-110;-96;8;0;36;-30;37;-30;35;-29;32;-27;27;-24;21;-21;15;-17;8;-12;1;-8;-6;-4;-12;1;-18;4;-23;7;-27;9;-30;11;-31;12;-32;12;-30;11;-27;10;-24;9;-19;8;-13;7;-8;6;-2;5;2;5;1;1;0;0;0;0;0;0;0;0;0;0;0;0;0;0;0;0;0;0;-1;-8;-3;-30;-1;-30;1;-29;3;-26;4;-21;5;-16;4;-9;3;-1;0;6;-3;14;-7;21;-11;27;-15;31;-19;34;-22;36;-23;36;-23;34;-22;32;-19;28;-15;23;-10;17;-4;10;2;2;9;-5;16;-13;22;-18;103;0;1;-22;1;-22;1;-22;1;-21;1;-20;1;-19;2;-17;2;-17;3;-16;3;-16;2;-16;2;-16;2;-15;2;-14;3;-14;4;-13;5;-13;5;-13;5;-13;5;-13;5;-12;5;-11;5;-10;6;-10;7;-10;7;-10;8;-10;8;-10;3;-4;0;-1;-1;0;0;0;0;0;-2;-1;-5;-4;-14;-11;-13;-11;-13;-12;-12;-13;-12;-14;-11;-15;-11;-16;-10;-17;-10;-18;-10;-19;-10;-19;-9;-19;-8;-19;-7;-20;-6;-20;-6;-21;-5;-21;-5;-21;-5;-21;-4;-21;-4;-21;-3;-21;-2;-22;-2;-23;-2;-24;-3;-24;-3;-23;-2;-23;103;0;27;-3;26;-3;25;-4;24;-5;23;-6;22;-6;22;-7;21;-7;20;-7;19;-7;18;-8;17;-9;17;-9;17;-10;17;-10;17;-9;16;-9;16;-9;16;-9;15;-9;15;-9;15;-9;15;-9;15;-8;15;-8;15;-7;15;-6;15;-6;5;-2;1;-1;-1;0;-1;0;-1;0;1;-1;3;-1;10;-2;10;-2;11;-2;12;-2;13;-2;14;-1;14;-1;14;0;15;0;16;-1;17;-1;18;0;18;0;19;1;19;1;19;1;19;1;20;0;21;0;22;-1;23;-1;24;-1;24;-1;24;-2;24;-3;25;-3;26;-4;27;-4,empty,EXP_S151,ZONE_02,sortie_zone,4.1,sortie_zone,sortie de la zone
924652452,-53,6,a0:9f:7a:73:2b:3e,384,-110;-96;8;0;42;-7;41;-10;37;-12;33;-14;27;-14;21;-13;15;-10;10;-6;7;-1;5;5;4;10;5;15;7;19;10;22;13;23;16;23;18;21;19;19;20;15;19;11;16;7;13;3;9;1;4;-1;1;-2;0;-1;0;0;0;0;0;0;0;0;0;0;0;0;0;0;0;0;0;0;-7;-3;-28;-9;-28;-10;-28;-11;-26;-11;-23;-12;-19;-13;-15;-15;-10;-18;-6;-21;-2;-24;1;-27;4;-31;5;-34;6;-36;6;-37;5;-37;4;-35;3;-32;3;-29;3;-24;6;-18;9;-13;14;-8;20;-5;27;-3;31;-2;53;0;26;-8;26;-8;25;-7;24;-7;22;-7;21;-7;20;-7;19;-7;18;-7;17;-7;17;-8;16;-8;16;-7;15;-7;15;-7;14;-7;14;-7;13;-7;13;-6;12;-6;12;-6;11;-5;11;-5;10;-5;10;-5;10;-5;10;-4;10;-4;3;-2;1;-1;-1;0;-1;0;-1;0;1;-2;5;-6;15;-15;16;-15;17;-14;18;-13;19;-13;20;-12;21;-12;22;-11;23;-11;23;-10;24;-10;24;-9;25;-9;25;-8;25;-8;25;-7;26;-7;26;-7;26;-7;26;-7;26;-7;26;-7;26;-7;27;-7;27;-8;27;-8;27;-8;27;-8;53;0;9;12;10;11;10;11;10;10;10;10;10;9;10;9;10;8;10;7;10;7;10;6;11;6;11;5;11;5;12;5;12;5;12;5;12;4;12;4;12;4;12;4;11;4;11;4;11;4;11;4;11;5;11;5;10;6;3;2;1;0;-1;-1;0;-1;0;-1;-1;0;-2;1;-3;5;-3;5;-3;5;-3;5;-2;5;-2;5;-2;5;-2;6;-1;6;-1;6;-1;7;0;7;0;8;0;8;1;8;1;8;2;8;2;9;3;9;4;9;4;10;5;10;6;11;6;11;7;11;8;11;8;12;9;12,empty,EXP_S151,ZONE_02,sortie_zone,4.1,sortie_zone,sortie de la zone
924852364,-54,6,a0:9f:7a:73:2b:3e,384,-110;-96;8;0;-7;31;-7;33;-5;34;-3;33;-1;31;1;27;2;22;2;17;1;11;-1;6;-4;1;-8;-2;-12;-4;-17;-5;-21;-5;-24;-4;-26;-2;-26;1;-26;4;-23;6;-20;8;-16;10;-12;10;-7;10;-3;9;-1;2;0;0;0;0;0;0;0;0;0;0;0;0;0;0;0;0;0;0;0;-7;3;-26;4;-29;4;-32;4;-33;3;-33;4;-32;4;-29;5;-25;7;-20;9;-15;12;-10;15;-5;19;0;23;4;26;7;29;8;31;8;32;8;32;7;30;6;27;6;22;6;17;7;12;10;6;13;2;17;58;0;5;23;5;23;4;22;4;21;3;20;3;19;3;18;2;17;2;17;2;16;2;15;2;15;2;14;1;13;1;13;1;12;1;12;0;12;0;11;0;11;0;10;0;10;-1;9;-1;9;-1;8;-1;8;-2;8;-2;8;-1;3;-1;0;0;-1;-2;-1;-1;-1;1;0;6;1;18;4;18;6;18;7;18;9;17;10;17;11;17;12;17;13;16;15;16;16;15;17;15;18;14;19;13;19;12;20;11;20;11;21;11;21;10;21;10;22;9;22;9;22;9;23;8;23;8;23;8;24;7;24;7;24;58;0;-13;-3;-13;-2;-13;-2;-12;-2;-12;-1;-12;0;-12;0;-12;0;-12;1;-12;1;-12;1;-12;2;-12;3;-12;3;-12;3;-13;4;-13;4;-13;4;-13;4;-14;4;-14;3;-14;3;-14;3;-15;3;-15;2;-15;1;-15;0;-16;0;-6;-1;-2;-1;0;-1;0;0;0;0;-1;-2;-3;-4;-8;-10;-7;-11;-7;-11;-6;-11;-6;-10;-6;-10;-6;-10;-5;-10;-5;-10;-5;-10;-5;-9;-5;-9;-5;-9;-5;-9;-6;-8;-6;-8;-6;-7;-6;-7;-7;-6;-7;-6;-8;-6;-9;-5;-9;-5;-10;-5;-10;-4;-11;-4;-11;-4;-12;-3,empty,EXP_S151,ZONE_02,sortie_zone,4.1,sortie_zone,sortie de la zone
925054070,-54,6,a0:9f:7a:73:2b:3e,384,-110;-96;8;0;33;2;30;2;28;2;25;3;24;4;23;6;23;8;23;9;24;10;26;10;28;9;29;8;31;6;31;4;31;1;29;-1;27;-2;24;-3;20;-3;17;-2;14;0;12;3;11;5;11;8;12;11;3;2;0;0;0;0;0;0;0;0;0;0;0;0;0;0;0;0;0;0;4;-2;16;-6;17;-6;18;-7;19;-7;20;-6;21;-6;21;-5;22;-5;22;-4;23;-3;23;-2;23;-2;23;-1;23;0;23;1;23;2;23;3;24;4;25;5;27;6;28;7;30;7;32;8;34;7;35;6;36;5;40;0;31;2;31;2;30;1;30;1;29;1;28;0;27;0;27;-1;26;-1;26;-2;25;-3;24;-3;24;-4;24;-4;23;-4;23;-4;23;-5;23;-5;22;-5;21;-5;21;-5;20;-4;20;-4;20;-4;20;-4;19;-4;19;-3;19;-3;7;-1;2;-1;-1;0;-1;0;-1;0;1;-1;5;-2;14;-5;15;-4;15;-3;16;-3;17;-2;18;-2;18;-1;19;0;20;0;20;1;21;2;21;2;22;3;22;3;23;4;23;4;23;4;24;4;24;4;25;4;26;4;26;4;27;4;28;4;29;3;29;3;30;3;30;3;40;0;2;-3;3;-3;3;-4;3;-4;4;-4;4;-4;4;-3;3;-4;3;-4;3;-5;3;-5;4;-6;4;-6;5;-5;5;-5;5;-5;5;-5;5;-5;5;-6;6;-6;7;-6;7;-5;7;-4;7;-4;7;-3;7;-3;7;-3;8;-3;2;-1;0;-1;-1;0;0;0;0;0;-1;-1;-2;-1;-3;-1;-3;-1;-3;-1;-2;-1;-2;-1;-2;-1;-2;-2;-2;-2;-2;-2;-1;-2;-1;-2;-1;-2;-1;-2;-1;-2;-1;-2;0;-2;1;-2;1;-2;1;-2;1;-2;1;-2;1;-2;1;-2;2;-3;2;-3;3;-3;3;-3;3;-2,empty,EXP_S151,ZONE_02,sortie_zone,4.1,sortie_zone,sortie de la zone
925252434,-54,6,a0:9f:7a:73:2b:3e,384,-110;-96;8;0;-26;-2;-19;-4;-11;-7;-5;-11;1;-15;5;-20;9;-25;10;-29;11;-33;10;-36;9;-38;7;-39;5;-38;3;-36;1;-33;0;-29;0;-23;0;-17;1;-11;2;-5;5;1;7;6;10;10;13;13;16;16;4;4;0;0;0;0;0;0;0;0;0;0;0;0;0;0;0;0;0;0;0;2;4;9;4;12;5;14;5;17;6;20;7;22;7;23;7;24;7;23;6;22;5;20;3;17;1;14;-1;10;-5;6;-9;3;-13;-1;-18;-4;-24;-5;-29;-7;-34;-7;-38;-7;-41;-6;-43;-5;-43;-3;-42;-2;77;0;-28;-7;-28;-6;-27;-6;-26;-6;-26;-6;-26;-6;-26;-5;-25;-4;-25;-3;-24;-2;-24;-2;-23;-2;-23;-1;-23;-1;-23;-1;-23;-1;-22;0;-22;0;-21;0;-20;0;-19;0;-19;-1;-19;0;-19;0;-19;0;-19;0;-18;0;-18;-1;-7;-1;-2;-1;0;-1;0;-1;0;0;-1;0;-4;0;-10;0;-11;-1;-11;-1;-12;-2;-12;-2;-13;-2;-13;-3;-14;-4;-14;-4;-15;-5;-15;-6;-16;-6;-16;-6;-17;-6;-17;-7;-17;-7;-18;-7;-18;-8;-19;-8;-20;-8;-21;-8;-22;-8;-23;-7;-23;-7;-24;-7;-25;-8;-26;-8;-27;-8;77;0;-7;14;-8;14;-8;15;-9;15;-9;14;-8;13;-8;13;-7;13;-6;13;-6;13;-6;14;-6;14;-7;14;-7;14;-7;14;-7;14;-7;14;-7;14;-7;15;-8;14;-9;14;-10;13;-10;12;-10;11;-10;10;-10;10;-11;9;-11;9;-4;3;-2;0;0;-1;-1;-1;-1;-1;0;0;1;2;2;6;2;7;1;7;0;7;0;7;0;8;-1;8;-2;9;-2;9;-3;9;-4;9;-5;9;-5;9;-5;9;-6;10;-6;10;-7;10;-7;10;-7;10;-7;10;-7;10;-6;11;-7;12;-7;13;-8;13;-9;13;-9;13;-9;13,empty,EXP_S151,ZONE_02,sortie_zone,4.1,sortie_zone,sortie de la zone
925452541,-55,6,a0:9f:7a:73:2b:3e,384,-110;-96;8;0;25;-1;21;3;18;7;15;11;13;15;13;19;13;23;14;26;15;28;17;29;18;29;19;29;20;28;21;26;20;23;18;21;16;18;12;15;8;13;3;11;-1;10;-6;10;-10;11;-14;12;-17;12;-5;3;0;0;0;0;0;0;0;0;0;0;0;0;0;0;0;0;0;0;1;-3;7;-12;7;-15;7;-19;6;-23;5;-25;3;-27;2;-27;0;-27;-1;-25;-1;-22;-1;-19;0;-15;2;-11;5;-7;9;-3;13;0;17;2;22;3;27;2;31;2;35;0;37;-1;39;-3;40;-5;38;-6;37;-7;54;0;30;-2;29;-2;29;-2;28;-2;28;-2;27;-2;27;-3;26;-3;26;-4;25;-4;24;-4;24;-4;24;-4;24;-4;24;-4;23;-4;23;-5;23;-5;22;-5;21;-4;21;-4;20;-3;20;-3;20;-3;20;-3;19;-2;19;-2;19;-1;6;-1;2;0;-1;0;-1;0;-1;0;0;-1;2;-2;8;-5;8;-4;9;-4;10;-4;11;-4;12;-4;12;-4;13;-3;14;-3;15;-2;16;-2;17;-1;17;-1;18;-1;18;0;18;0;19;0;20;0;21;0;22;0;23;0;23;-1;24;-1;25;-1;26;0;27;0;28;0;29;0;54;0;-1;-11;-1;-12;0;-12;1;-12;1;-12;2;-11;2;-10;1;-9;1;-10;1;-10;1;-11;2;-11;2;-11;3;-11;3;-10;3;-10;3;-10;3;-10;4;-11;5;-11;6;-10;6;-10;7;-9;7;-8;7;-7;7;-7;8;-7;8;-7;3;-3;1;-1;-1;0;0;0;0;0;-2;-1;-4;-3;-10;-7;-10;-8;-9;-8;-9;-8;-8;-9;-8;-9;-8;-10;-8;-11;-7;-11;-6;-12;-5;-11;-5;-11;-4;-11;-4;-11;-4;-12;-4;-12;-3;-12;-2;-12;-2;-12;-2;-11;-2;-11;-2;-11;-3;-12;-2;-12;-1;-13;0;-13;0;-12;1;-12,empty,EXP_S151,ZONE_02,sortie_zone,4.1,sortie_zone,sortie de la zone
925653317,-54,6,a0:9f:7a:73:2b:3e,384,-110;-96;8;0;-7;27;-9;26;-11;26;-12;25;-13;25;-13;24;-13;23;-14;22;-14;22;-15;21;-16;21;-16;21;-16;22;-16;22;-16;22;-15;21;-14;20;-12;18;-11;16;-10;14;-9;11;-9;7;-9;4;-11;1;-12;-1;-3;-1;0;0;0;0;0;0;0;0;0;0;0;0;0;0;0;0;0;0;3;5;13;20;16;21;20;22;23;21;25;20;26;17;26;15;24;12;20;11;16;10;12;10;7;11;3;13;-1;17;-4;20;-5;24;-5;28;-4;31;-2;34;0;35;2;36;3;35;4;34;4;33;3;31;2;30;43;0;-12;28;-12;28;-12;27;-12;27;-11;26;-11;25;-11;24;-10;24;-10;23;-10;23;-9;22;-9;22;-9;21;-9;21;-9;20;-9;20;-9;19;-9;19;-9;18;-9;17;-9;16;-9;16;-9;15;-9;14;-9;14;-9;13;-10;12;-10;12;-4;4;-2;1;0;-1;-1;-1;-1;-1;0;1;1;5;3;15;3;16;2;16;1;17;0;18;-1;18;-2;19;-3;20;-4;20;-5;21;-5;21;-6;21;-7;22;-7;22;-8;22;-8;22;-9;22;-9;23;-9;23;-10;24;-10;24;-10;25;-11;26;-11;26;-11;27;-11;28;-12;28;-12;28;43;0;3;-2;3;-2;3;-2;2;-1;2;-1;2;0;2;0;1;0;1;1;1;1;1;2;1;2;1;2;1;3;0;4;0;4;-1;5;-1;5;-1;5;-2;5;-2;6;-3;6;-3;6;-4;6;-5;6;-5;6;-6;6;-7;5;-3;2;-1;0;0;-1;-1;0;-1;0;0;-2;1;-5;3;-13;4;-13;5;-12;6;-12;6;-11;7;-11;7;-10;7;-10;8;-10;8;-9;8;-9;8;-8;8;-8;8;-7;8;-7;8;-6;7;-6;7;-6;7;-5;6;-5;6;-5;6;-5;6;-4;5;-4;5;-4;4;-4;4;-4;4;-3,empty,EXP_S151,ZONE_02,sortie_zone,4.1,sortie_zone,sortie de la zone
925852861,-57,6,a0:9f:7a:73:2b:3e,384,-110;-96;8;0;-2;32;-2;30;-2;29;-2;26;-3;24;-4;21;-6;19;-8;17;-10;16;-13;16;-15;17;-17;18;-18;20;-17;22;-16;23;-14;24;-11;24;-8;22;-5;19;-3;15;-2;11;-2;6;-3;2;-5;-2;-7;-5;-2;-2;0;0;0;0;0;0;0;0;0;0;0;0;0;0;0;0;0;0;2;3;11;15;14;16;18;17;22;17;25;16;27;15;27;13;26;11;23;9;20;8;16;9;13;10;9;12;6;15;5;18;4;21;3;24;4;26;5;28;5;29;6;30;6;30;5;30;4;30;3;31;2;31;48;0;1;29;1;29;1;28;1;27;1;26;1;25;1;24;1;23;1;23;2;22;2;21;2;21;2;20;2;19;2;19;1;18;1;18;1;18;1;17;1;16;0;15;0;15;0;14;0;14;0;13;0;13;-1;13;-1;13;-1;4;-1;1;-1;-1;-1;-1;-1;-1;0;1;2;4;7;13;7;13;6;14;6;15;6;16;6;16;5;17;5;18;4;19;3;20;3;21;3;21;2;22;2;22;2;22;1;22;1;23;1;23;1;24;1;24;1;25;1;25;1;26;1;27;1;27;2;28;2;28;2;29;48;0;-1;1;-1;1;0;2;0;3;0;3;-1;4;-1;4;-1;4;-1;4;0;4;0;5;0;6;1;7;0;7;0;8;0;8;0;8;0;9;0;9;0;10;0;10;0;10;0;10;-1;11;-1;11;-2;11;-2;11;-2;11;-1;4;-1;1;0;-1;-1;0;-1;0;0;-2;2;-5;6;-12;6;-11;7;-10;7;-10;7;-9;7;-9;7;-9;7;-9;7;-9;7;-8;7;-7;6;-7;6;-7;5;-6;5;-6;5;-6;5;-5;4;-4;3;-4;3;-3;2;-3;2;-3;2;-3;2;-2;2;-1;1;-1;0;0;0;0,empty,EXP_S151,ZONE_02,sortie_zone,4.1,sortie_zone,sortie de la zone
926052280,-54,6,a0:9f:7a:73:2b:3e,384,-110;-96;8;0;16;-30;14;-25;11;-20;10;-13;10;-7;10;-2;12;4;15;8;18;11;21;13;25;14;28;14;30;12;32;10;32;8;31;5;29;3;25;1;21;-1;16;-2;11;-1;5;0;1;1;-4;4;-7;6;-2;1;0;0;0;0;0;0;0;0;0;0;0;0;0;0;0;0;0;0;-3;-1;-12;-4;-14;-8;-16;-12;-18;-16;-20;-19;-23;-22;-25;-24;-26;-25;-27;-25;-26;-25;-25;-24;-22;-22;-19;-20;-15;-18;-10;-16;-5;-15;0;-14;6;-15;12;-17;17;-19;21;-22;24;-26;27;-29;28;-32;27;-35;26;-36;65;0;17;-23;17;-23;16;-22;15;-21;14;-21;13;-20;12;-20;11;-20;10;-20;9;-20;8;-20;7;-19;7;-19;7;-18;7;-18;6;-18;6;-18;5;-18;5;-18;5;-17;4;-16;4;-16;4;-15;4;-15;4;-15;4;-15;5;-15;5;-15;1;-6;0;-2;-1;0;-1;0;-1;0;0;-2;3;-6;9;-16;10;-16;11;-16;13;-16;13;-16;14;-16;14;-16;15;-16;16;-16;16;-16;17;-16;18;-16;18;-16;18;-16;18;-16;18;-17;18;-16;18;-16;19;-17;19;-17;19;-18;19;-19;19;-20;18;-20;18;-21;18;-21;18;-22;18;-22;65;0;0;-14;0;-14;0;-15;0;-15;0;-15;0;-15;0;-14;0;-14;0;-13;-1;-13;-1;-13;-1;-14;-1;-15;-1;-15;0;-15;0;-14;0;-14;0;-14;1;-14;1;-15;2;-15;3;-15;3;-14;4;-13;4;-13;5;-12;5;-12;6;-11;2;-4;0;-2;-1;0;0;0;0;0;-1;-1;-3;-3;-6;-8;-6;-9;-5;-9;-4;-9;-4;-10;-4;-10;-4;-10;-4;-11;-3;-12;-3;-12;-2;-12;-1;-12;-1;-12;-1;-11;-1;-12;-1;-12;-1;-13;0;-13;0;-13;1;-13;0;-12;0;-13;-1;-13;-1;-14;-1;-14;0;-15;0;-15;1;-15,empty,EXP_S151,ZONE_02,sortie_zone,4.1,sortie_zone,sortie de la zone
926252205,-52,6,a0:9f:7a:73:2b:3e,384,-110;-96;8;0;-24;-4;-20;-5;-17;-7;-14;-10;-12;-12;-12;-15;-12;-17;-13;-19;-14;-20;-16;-20;-17;-20;-18;-19;-19;-18;-20;-16;-19;-14;-18;-12;-16;-11;-14;-10;-11;-9;-8;-8;-6;-8;-3;-9;-1;-10;1;-11;2;-12;0;-3;0;0;0;0;0;0;0;0;0;0;0;0;0;0;0;0;0;0;-3;1;-12;7;-15;7;-18;8;-21;9;-24;10;-25;12;-26;13;-26;14;-25;14;-24;14;-22;13;-20;11;-18;9;-17;5;-16;2;-16;-2;-17;-6;-19;-9;-22;-11;-25;-12;-28;-13;-31;-12;-33;-11;-35;-9;-34;-7;-34;-5;41;0;-26;-6;-26;-5;-25;-5;-24;-5;-23;-5;-22;-5;-22;-5;-21;-4;-21;-3;-20;-3;-20;-2;-19;-2;-19;-2;-18;-2;-18;-2;-18;-2;-18;-2;-17;-2;-17;-2;-16;-3;-15;-3;-15;-3;-15;-3;-14;-3;-14;-3;-14;-4;-14;-4;-13;-4;-5;-2;-2;-1;0;0;0;-1;0;-1;-2;0;-6;2;-16;5;-17;4;-18;3;-18;2;-19;2;-19;1;-20;0;-20;0;-21;-2;-21;-3;-21;-3;-22;-4;-22;-4;-22;-4;-22;-4;-22;-5;-22;-5;-22;-6;-23;-6;-23;-6;-23;-6;-24;-6;-24;-6;-25;-6;-25;-6;-26;-6;-26;-6;-26;-6;41;0;-3;6;-3;7;-4;7;-5;7;-5;7;-5;6;-5;5;-4;5;-4;5;-3;5;-4;5;-4;5;-5;5;-5;5;-6;4;-5;4;-5;4;-5;4;-6;4;-6;3;-7;3;-7;2;-7;1;-6;1;-6;0;-6;0;-6;0;-6;-1;-3;-1;-1;-1;0;-1;-1;-1;0;-1;0;0;0;2;1;6;0;6;0;6;-1;6;-1;6;-1;6;-1;7;-1;8;-2;8;-3;8;-4;7;-4;6;-4;6;-3;6;-3;7;-4;7;-4;7;-5;7;-5;6;-4;6;-4;6;-3;6;-3;7;-3;7;-4;8;-4;7;-5;7;-5;6,empty,EXP_S151,ZONE_02,sortie_zone,4.1,sortie_zone,sortie de la zone
926451590,-53,6,a0:9f:7a:73:2b:3e,384,-110;-96;8;0;-10;25;-10;21;-10;17;-12;14;-14;11;-16;10;-18;9;-20;9;-21;10;-22;11;-23;13;-23;14;-22;15;-21;16;-19;17;-17;16;-15;15;-14;13;-12;11;-11;8;-10;6;-9;3;-10;1;-10;-2;-11;-4;-3;-1;0;0;0;0;0;0;0;0;0;0;0;0;0;0;0;0;0;0;1;3;5;13;4;15;3;19;3;22;3;25;4;28;5;29;6;30;7;30;8;28;8;26;7;24;5;21;3;19;-1;17;-4;16;-8;16;-12;17;-15;18;-17;21;-19;23;-19;26;-18;29;-17;32;-15;33;-13;33;43;0;-19;20;-18;20;-18;19;-17;18;-16;18;-16;17;-15;17;-15;17;-14;16;-13;16;-12;16;-12;16;-12;15;-12;15;-12;15;-12;15;-11;14;-11;14;-11;13;-11;13;-11;12;-11;12;-11;11;-11;11;-11;11;-11;10;-11;9;-12;9;-5;3;-2;0;0;-1;0;-2;0;-1;-1;1;-1;6;-3;17;-4;17;-6;17;-7;17;-8;18;-9;18;-10;18;-11;18;-12;18;-13;18;-14;18;-14;18;-15;18;-15;18;-15;17;-16;17;-16;17;-17;17;-17;17;-17;17;-17;17;-18;18;-18;18;-18;19;-18;19;-18;20;-18;20;-18;20;43;0;2;6;2;6;2;6;2;6;2;6;1;6;1;6;1;6;1;6;1;6;1;6;1;6;1;6;0;6;0;6;-1;6;-1;6;-2;6;-2;6;-3;6;-3;6;-3;5;-4;5;-4;5;-5;4;-5;4;-5;4;-6;3;-2;1;-1;0;0;-1;-1;-1;-1;-1;0;0;2;0;6;2;6;2;6;3;6;3;6;4;5;4;5;5;5;5;5;5;5;6;4;6;4;6;4;6;4;6;3;6;3;6;3;6;3;7;3;7;2;7;3;7;3;7;2;7;2;7;2;7;2;7;2;7;3;7,empty,EXP_S151,ZONE_02,sortie_zone,4.1,sortie_zone,sortie de la zone
926656536,-53,6,a0:9f:7a:73:2b:3e,384,-110;-96;8;0;27;2;24;2;20;3;17;4;14;6;12;8;11;11;11;14;12;16;13;17;15;18;17;18;18;18;20;16;20;14;21;12;20;10;18;8;15;6;12;5;9;4;5;4;2;5;0;7;-2;8;-1;2;0;0;0;0;0;0;0;0;0;0;0;0;0;0;0;0;0;0;2;-3;10;-8;12;-8;15;-8;18;-9;21;-9;23;-10;24;-11;24;-12;24;-13;23;-13;22;-13;20;-12;19;-10;17;-8;16;-5;16;-3;16;1;17;4;19;6;21;8;24;9;27;10;29;10;32;9;34;7;34;6;47;0;24;10;23;9;23;9;22;8;21;8;20;7;20;7;19;6;19;6;19;5;18;4;18;4;17;3;17;3;17;3;17;3;17;3;16;3;16;3;15;3;14;3;14;3;13;3;13;3;13;3;13;3;12;3;12;4;4;1;1;0;-1;-1;-1;-1;-1;-1;1;0;5;0;15;1;16;2;16;3;16;4;17;4;17;5;17;5;17;6;17;7;17;8;18;9;18;9;18;10;18;10;18;10;18;10;18;10;18;10;19;10;19;10;20;10;20;10;21;10;22;10;22;10;22;10;23;10;23;10;47;0;5;-2;6;-3;6;-3;7;-3;7;-3;7;-2;7;-2;6;-2;6;-2;6;-3;6;-3;6;-3;7;-3;7;-2;7;-2;7;-2;7;-1;7;-1;7;-1;8;-1;8;0;8;0;8;1;7;1;7;2;7;2;7;2;7;3;2;1;0;0;-1;-1;-1;0;-1;0;0;-1;0;-3;2;-7;2;-6;2;-6;3;-5;3;-5;3;-5;3;-6;4;-6;5;-6;5;-5;5;-5;5;-4;5;-4;5;-4;5;-4;5;-4;6;-4;6;-4;6;-3;6;-3;5;-3;5;-3;5;-4;6;-4;6;-4;7;-4;7;-3;7;-3,empty,EXP_S151,ZONE_02,sortie_zone,4.1,sortie_zone,sortie de la zone
926852147,-53,6,a0:9f:7a:73:2b:3e,384,-110;-96;8;0;21;23;19;20;16;18;12;15;8;14;4;14;1;15;-2;17;-3;20;-4;22;-4;24;-3;26;-1;27;1;28;3;28;5;26;7;23;7;20;7;16;6;13;4;10;1;7;-2;5;-5;4;-8;3;-3;0;0;0;0;0;0;0;0;0;0;0;0;0;0;0;0;0;0;0;3;-1;13;-2;15;0;17;2;20;4;22;5;24;6;26;6;28;6;28;6;28;5;27;5;26;5;23;5;20;5;18;6;16;8;13;11;12;14;11;17;11;21;12;24;13;27;15;29;18;31;20;31;22;31;50;0;30;47;29;46;29;44;28;42;28;40;27;38;27;36;27;35;27;33;27;32;27;30;27;29;26;28;26;27;25;26;25;26;25;25;25;24;24;23;24;22;22;21;21;21;20;21;19;21;19;20;18;20;17;20;17;20;6;7;1;2;-1;-1;-2;-2;-1;-1;2;2;9;7;25;22;24;24;23;26;23;28;22;30;22;31;22;32;22;34;21;35;21;36;21;38;20;39;19;40;19;41;19;41;19;41;20;42;20;42;20;43;21;43;22;44;23;44;25;45;26;45;27;46;27;46;27;47;27;48;50;0;14;7;15;7;15;7;15;8;15;8;15;9;14;8;13;8;13;7;13;6;14;6;15;6;16;7;16;8;16;8;15;9;15;9;15;9;15;10;15;11;15;11;14;13;13;13;12;14;11;14;9;14;9;15;8;15;3;5;0;1;-1;-1;-1;0;-1;0;1;-1;3;-3;10;-6;10;-6;10;-4;10;-4;11;-3;11;-3;12;-3;12;-2;13;-1;14;0;13;1;13;2;12;2;12;2;12;2;13;3;13;4;13;4;13;5;13;5;13;5;13;4;14;4;14;5;15;6;16;7;16;8;15;8,empty,EXP_S151,ZONE_02,sortie_zone,4.1,sortie_zone,sortie de la zone
927052245,-53,6,a0:9f:7a:73:2b:3e,384,-110;-96;8;0;-26;14;-23;12;-19;9;-17;6;-15;2;-14;-2;-15;-6;-16;-8;-18;-10;-20;-12;-22;-12;-24;-11;-26;-9;-27;-7;-27;-5;-25;-3;-23;-1;-20;0;-16;1;-13;1;-9;0;-6;-2;-3;-4;-1;-7;0;-9;0;-3;0;0;0;0;0;0;0;0;0;0;0;0;0;0;0;0;0;0;-1;3;-1;12;-3;13;-5;15;-7;18;-9;20;-10;22;-10;24;-10;25;-10;26;-10;26;-9;25;-9;23;-8;20;-8;18;-9;15;-11;12;-13;9;-16;7;-19;6;-23;5;-26;5;-29;6;-33;8;-35;10;-35;12;-34;13;47;0;-23;13;-22;13;-21;13;-20;13;-19;13;-19;12;-18;12;-17;12;-16;12;-15;13;-14;13;-13;13;-13;12;-13;12;-12;12;-12;12;-12;12;-11;12;-11;11;-10;11;-10;10;-10;10;-9;10;-9;9;-9;9;-9;9;-9;8;-9;8;-3;3;-1;0;0;-1;0;-1;0;-1;-2;1;-4;3;-12;10;-12;10;-13;9;-14;9;-15;9;-16;9;-16;9;-17;9;-18;8;-18;8;-19;8;-20;8;-20;8;-20;8;-20;8;-20;8;-20;8;-21;8;-21;8;-21;9;-22;9;-22;10;-22;10;-22;11;-22;12;-23;12;-23;13;-23;13;47;0;-3;7;-3;8;-3;8;-3;8;-4;8;-4;8;-4;8;-4;7;-3;7;-3;7;-3;7;-3;8;-3;8;-3;8;-4;8;-4;8;-4;8;-4;8;-4;8;-5;8;-5;8;-6;8;-6;7;-6;7;-6;6;-6;6;-7;5;-7;5;-3;2;-1;0;0;-1;-1;-1;-1;-1;0;0;1;1;2;5;2;5;1;5;1;5;0;5;1;5;0;6;0;6;0;7;-1;7;-2;7;-2;6;-2;6;-2;6;-2;6;-2;7;-2;7;-3;7;-3;7;-3;6;-3;6;-3;7;-3;7;-3;8;-3;8;-3;8;-4;8;-4;8,empty,EXP_S151,ZONE_02,sortie_zone,4.1,sortie_zone,sortie de la zone
927254379,-53,6,a0:9f:7a:73:2b:3e,384,-110;-96;8;0;-31;8;-27;7;-22;4;-18;1;-15;-2;-13;-7;-12;-11;-12;-15;-13;-18;-16;-20;-18;-21;-20;-21;-22;-20;-24;-19;-25;-17;-24;-14;-23;-11;-20;-8;-17;-6;-13;-4;-8;-3;-4;-3;0;-4;3;-6;5;-8;1;-2;0;0;0;0;0;0;0;0;0;0;0;0;0;0;0;0;0;0;-1;3;-1;12;-3;14;-6;16;-8;18;-10;21;-12;23;-13;25;-13;26;-13;27;-12;27;-11;26;-11;24;-10;21;-10;18;-11;15;-13;11;-15;7;-17;4;-21;1;-24;-1;-28;-2;-32;-1;-36;0;-39;2;-40;4;-40;6;46;0;-28;1;-28;2;-27;2;-26;2;-25;2;-24;3;-23;3;-22;3;-22;3;-21;4;-20;4;-19;4;-19;4;-18;4;-18;4;-18;4;-17;4;-17;4;-16;4;-16;4;-15;4;-14;3;-14;3;-14;3;-13;3;-13;3;-13;3;-13;2;-5;0;-2;0;0;-1;0;-1;0;-1;-2;0;-6;2;-16;5;-16;4;-17;4;-18;3;-18;2;-19;2;-20;2;-20;2;-21;1;-21;0;-22;0;-23;-1;-23;-1;-23;-2;-23;-2;-23;-2;-23;-2;-24;-2;-24;-1;-24;-1;-25;-1;-26;0;-26;0;-27;0;-27;0;-27;0;-28;0;-28;0;46;0;-8;6;-8;6;-8;7;-9;7;-9;7;-9;6;-9;6;-8;6;-8;6;-8;6;-7;7;-8;7;-8;7;-9;7;-9;6;-9;6;-9;6;-9;6;-9;6;-10;6;-10;5;-10;5;-10;4;-10;3;-10;3;-10;2;-10;2;-11;2;-4;0;-2;0;0;-1;-1;-1;0;-1;0;0;0;2;0;6;-1;6;-1;6;-2;6;-2;6;-2;6;-2;6;-3;6;-4;7;-4;6;-5;6;-5;6;-5;5;-5;5;-5;6;-6;6;-6;6;-7;6;-7;6;-7;5;-7;5;-7;6;-7;6;-8;7;-8;7;-9;7;-9;7;-9;6,empty,EXP_S151,ZONE_02,sortie_zone,4.1,sortie_zone,sortie de la zone
927455115,-53,6,a0:9f:7a:73:2b:3e,384,-110;-96;8;0;-6;-29;-5;-25;-4;-20;-1;-16;2;-13;6;-11;9;-10;13;-9;15;-10;18;-12;19;-14;20;-17;19;-19;18;-20;16;-21;13;-21;11;-20;8;-18;6;-15;4;-11;3;-8;2;-4;3;0;4;3;5;6;1;1;0;0;0;0;0;0;0;0;0;0;0;0;0;0;0;0;0;0;-3;-1;-12;-2;-13;-4;-15;-6;-17;-9;-19;-10;-21;-12;-23;-13;-24;-13;-24;-13;-24;-12;-24;-12;-22;-11;-19;-10;-16;-10;-13;-11;-10;-12;-7;-13;-3;-16;-1;-19;1;-22;2;-25;2;-29;1;-32;0;-34;-2;-36;-3;-37;54;0;4;-25;3;-25;3;-24;3;-23;2;-22;2;-22;1;-21;1;-20;0;-20;0;-19;0;-19;-1;-18;-1;-17;-1;-17;-1;-17;-1;-17;-1;-16;-1;-16;-1;-15;-1;-15;-1;-14;-1;-14;-1;-13;-1;-13;-1;-13;0;-12;0;-12;0;-12;0;-4;0;-2;-1;0;0;0;0;0;-1;-2;-1;-6;-2;-15;-2;-15;-1;-16;0;-16;0;-17;1;-17;1;-18;2;-18;2;-19;3;-19;4;-19;4;-20;4;-20;5;-20;5;-20;5;-20;5;-20;5;-21;5;-21;5;-21;5;-22;5;-22;5;-23;5;-23;5;-24;4;-24;4;-24;4;-25;54;0;-5;-9;-5;-9;-5;-9;-5;-9;-5;-9;-5;-9;-5;-9;-5;-9;-5;-9;-5;-9;-5;-9;-5;-9;-5;-9;-5;-9;-5;-9;-5;-9;-4;-9;-4;-10;-4;-10;-3;-10;-3;-10;-3;-10;-3;-10;-2;-10;-2;-10;-1;-10;-1;-10;0;-10;0;-4;0;-1;0;0;0;0;0;0;-1;-1;-3;-1;-6;-1;-6;-2;-6;-2;-6;-3;-6;-3;-6;-3;-6;-4;-6;-4;-6;-5;-6;-5;-6;-6;-5;-6;-5;-6;-5;-6;-5;-6;-5;-6;-5;-7;-5;-7;-5;-7;-5;-7;-5;-7;-5;-8;-5;-8;-5;-8;-5;-9;-5;-9;-5;-9;-5;-9,empty,EXP_S151,ZONE_02,sortie_zone,4.1,sortie_zone,sortie de la zone
927652114,-53,6,a0:9f:7a:73:2b:3e,384,-110;-96;8;0;30;9;26;7;21;7;16;8;12;9;8;11;5;14;3;17;2;21;3;23;5;26;6;27;9;28;11;27;13;25;14;23;14;20;13;16;11;12;9;9;5;6;1;4;-2;3;-6;3;-9;4;-3;1;0;0;0;0;0;0;0;0;0;0;0;0;0;0;0;0;0;0;1;-3;8;-11;11;-10;14;-11;17;-12;20;-12;23;-13;24;-14;25;-15;26;-16;25;-16;24;-15;22;-14;20;-12;18;-10;17;-6;16;-3;16;1;16;5;18;9;20;13;23;15;26;17;30;18;33;18;35;17;36;16;52;0;22;16;21;16;21;15;20;14;20;14;19;13;19;12;18;12;18;11;18;10;17;9;17;9;17;8;16;8;16;8;16;8;15;8;15;7;14;7;14;7;13;7;13;6;12;6;12;6;11;6;11;6;11;6;10;6;3;2;1;0;-1;-1;-1;-1;-1;-1;1;0;5;1;15;4;15;5;15;6;15;7;16;8;16;9;16;10;16;11;16;11;16;12;17;13;17;14;17;14;17;14;17;15;17;15;17;15;17;15;17;16;18;16;18;16;19;16;19;16;20;16;21;16;21;17;21;17;21;17;52;0;10;0;10;0;10;0;10;0;10;0;10;0;9;0;9;0;9;0;9;-1;9;-1;10;-1;10;-1;10;0;10;0;10;1;10;1;10;1;10;1;10;2;10;2;10;2;9;3;9;3;9;4;8;4;8;5;8;5;2;2;0;0;-1;-1;-1;0;-1;0;0;-1;1;-2;3;-6;3;-6;3;-5;4;-5;4;-5;4;-5;5;-4;5;-4;6;-4;6;-4;6;-3;6;-3;6;-3;6;-3;7;-3;7;-2;7;-2;8;-2;8;-1;8;-1;8;-1;8;-1;9;-1;9;-1;10;-1;10;-1;10;-1;10;-1,empty,EXP_S151,ZONE_02,sortie_zone,4.1,sortie_zone,sortie de la zone
927854000,-53,6,a0:9f:7a:73:2b:3e,384,-110;-96;8;0;30;-13;25;-11;21;-8;17;-5;15;-1;13;4;12;8;13;12;15;14;17;16;20;17;23;17;25;16;26;14;26;12;25;9;23;6;20;4;17;2;12;1;8;1;4;2;0;4;-3;6;-5;8;-2;2;0;0;0;0;0;0;0;0;0;0;0;0;0;0;0;0;0;0;0;-4;0;-14;2;-16;5;-18;7;-21;8;-23;10;-25;11;-27;11;-28;11;-29;10;-29;9;-28;8;-26;8;-23;8;-20;9;-16;11;-13;13;-10;16;-7;20;-4;24;-3;28;-2;32;-3;35;-4;38;-7;39;-9;39;-11;55;0;28;1;27;1;27;0;26;0;25;-1;24;-1;23;-2;22;-2;21;-3;20;-3;20;-3;19;-3;19;-4;18;-4;18;-4;17;-4;17;-4;16;-4;16;-4;15;-4;15;-4;14;-4;14;-4;13;-4;13;-4;13;-3;12;-3;12;-3;4;-1;1;-1;-1;0;-2;0;-1;-1;1;-1;5;-1;16;-2;16;-2;17;-1;18;0;18;1;19;1;19;1;20;2;20;2;21;3;21;3;21;4;22;4;22;5;22;5;22;5;23;5;23;5;23;4;24;4;24;4;25;4;25;3;26;3;26;3;27;3;27;3;28;2;55;0;9;-6;9;-6;9;-7;9;-7;9;-7;8;-6;8;-6;8;-6;8;-7;7;-7;8;-7;8;-7;8;-7;8;-7;8;-7;8;-7;8;-7;9;-6;9;-6;9;-6;9;-6;9;-5;9;-5;9;-4;9;-4;10;-3;10;-3;10;-2;3;-1;1;-1;-1;0;-1;0;-1;0;-1;-1;0;-3;0;-6;1;-7;1;-7;1;-7;2;-7;2;-7;2;-7;3;-7;3;-7;4;-7;4;-7;5;-7;5;-6;5;-6;6;-6;6;-6;6;-6;6;-6;7;-6;7;-6;7;-6;7;-6;7;-6;8;-6;8;-6;8;-6;8;-6;9;-7,empty,EXP_S151,ZONE_02,sortie_zone,4.1,sortie_zone,sortie de la zone
928052168,-52,6,a0:9f:7a:73:2b:3e,384,-110;-96;8;0;-23;-22;-20;-19;-16;-16;-11;-14;-6;-13;-2;-14;2;-15;5;-17;7;-20;8;-22;8;-25;7;-27;5;-29;3;-29;0;-28;-2;-27;-4;-24;-5;-20;-5;-16;-4;-12;-2;-8;0;-5;3;-3;6;-1;9;0;2;0;0;0;0;0;0;0;0;0;0;0;0;0;0;0;0;0;0;0;-3;1;-12;4;-14;3;-17;2;-20;2;-23;1;-26;1;-28;2;-29;2;-29;2;-29;2;-28;2;-26;1;-23;1;-20;-1;-18;-3;-16;-5;-14;-9;-12;-12;-12;-17;-13;-21;-14;-24;-16;-27;-18;-30;-21;-31;-23;-31;-25;-31;45;0;-39;-40;-38;-38;-37;-37;-36;-35;-35;-33;-34;-31;-33;-30;-33;-29;-33;-27;-33;-25;-32;-24;-31;-23;-30;-22;-30;-21;-30;-21;-30;-21;-29;-20;-29;-19;-28;-18;-26;-17;-25;-16;-24;-16;-23;-16;-23;-16;-22;-16;-22;-15;-21;-15;-20;-15;-7;-6;-2;-2;0;0;1;0;0;0;-4;-2;-10;-6;-27;-17;-27;-18;-27;-21;-27;-22;-27;-24;-27;-25;-27;-27;-27;-28;-27;-30;-27;-31;-27;-33;-27;-34;-26;-35;-27;-36;-27;-36;-27;-36;-27;-36;-27;-37;-28;-37;-29;-38;-30;-38;-32;-39;-33;-39;-34;-39;-35;-39;-35;-39;-36;-40;-36;-41;45;0;-19;-4;-20;-3;-21;-3;-22;-3;-22;-4;-21;-5;-20;-5;-19;-5;-18;-4;-18;-3;-19;-2;-20;-2;-21;-3;-21;-4;-21;-5;-20;-5;-20;-5;-20;-5;-21;-5;-21;-6;-21;-7;-21;-8;-19;-9;-18;-10;-17;-10;-17;-11;-17;-11;-16;-12;-6;-5;-2;-2;0;0;0;-1;0;-1;-1;1;-4;3;-10;8;-10;7;-10;6;-10;5;-10;5;-11;5;-12;5;-13;5;-15;4;-16;3;-16;1;-15;0;-15;0;-15;0;-15;1;-17;0;-18;0;-18;-2;-18;-3;-17;-3;-17;-3;-17;-2;-18;-2;-19;-2;-21;-3;-22;-4;-22;-5;-22;-6,empty,EXP_S151,ZONE_02,sortie_zone,4.1,sortie_zone,sortie de la zone
928255737,-52,6,a0:9f:7a:73:2b:3e,384,-110;-96;8;0;20;-22;17;-19;15;-15;13;-11;12;-7;13;-2;14;1;16;4;18;6;21;6;23;6;26;5;27;3;27;1;27;-1;25;-3;22;-5;18;-5;15;-5;11;-4;7;-3;4;0;2;3;1;6;0;8;-1;2;0;0;0;0;0;0;0;0;0;0;0;0;0;0;0;0;0;0;-2;-3;-5;-12;-4;-14;-3;-17;-2;-20;-1;-23;-1;-25;-2;-27;-2;-28;-2;-28;-3;-28;-3;-27;-3;-25;-2;-23;0;-20;2;-18;4;-15;7;-13;11;-12;15;-12;19;-12;22;-14;25;-15;27;-18;29;-20;29;-23;28;-24;53;0;39;-35;38;-34;37;-33;35;-33;33;-32;31;-31;30;-31;28;-31;26;-30;25;-30;24;-30;22;-29;22;-29;21;-28;20;-28;20;-28;19;-27;18;-27;17;-26;17;-25;16;-24;15;-23;15;-22;15;-21;15;-21;15;-20;15;-20;15;-19;5;-7;1;-2;-1;0;-2;1;-1;0;1;-3;6;-9;17;-25;19;-24;21;-24;22;-24;24;-24;25;-25;27;-25;28;-25;29;-25;30;-25;32;-24;33;-24;34;-24;35;-24;36;-24;36;-24;36;-24;36;-24;37;-25;37;-26;38;-27;38;-28;39;-29;39;-30;39;-31;39;-31;40;-32;40;-33;53;0;4;-19;4;-20;4;-20;4;-20;4;-20;4;-20;4;-19;4;-18;3;-18;3;-19;2;-19;2;-20;3;-20;3;-20;4;-20;4;-19;4;-19;4;-19;5;-19;5;-20;6;-20;7;-19;8;-18;9;-17;9;-16;10;-16;11;-15;11;-15;4;-6;1;-2;-1;0;0;0;0;0;-1;-1;-3;-3;-8;-9;-7;-10;-6;-10;-6;-11;-5;-11;-5;-11;-5;-12;-5;-13;-4;-14;-3;-15;-2;-15;-1;-15;0;-14;0;-14;0;-14;0;-15;1;-16;1;-16;2;-16;2;-16;3;-16;2;-17;2;-17;3;-18;3;-19;4;-20;5;-20;5;-21,empty,EXP_S151,ZONE_02,sortie_zone,4.1,sortie_zone,sortie de la zone
928452462,-52,6,a0:9f:7a:73:2b:3e,384,-110;-96;8;0;-31;-5;-26;-5;-21;-5;-16;-6;-12;-7;-9;-10;-6;-14;-5;-17;-5;-20;-6;-23;-8;-25;-10;-26;-12;-26;-14;-25;-15;-24;-16;-21;-16;-18;-15;-15;-13;-11;-10;-8;-6;-6;-3;-4;1;-4;5;-4;7;-5;2;-2;0;0;0;0;0;0;0;0;0;0;0;0;0;0;0;0;0;0;-2;2;-7;10;-10;10;-13;11;-15;12;-18;13;-20;15;-21;16;-22;17;-22;17;-22;17;-21;17;-19;16;-18;14;-16;11;-15;8;-15;4;-16;0;-17;-4;-18;-7;-21;-10;-24;-13;-28;-14;-31;-14;-34;-13;-36;-12;-37;-11;55;0;-25;-9;-25;-9;-24;-8;-24;-7;-23;-7;-22;-6;-22;-5;-21;-5;-21;-4;-20;-3;-20;-3;-19;-2;-18;-2;-18;-2;-18;-2;-18;-1;-17;-1;-17;-1;-16;-1;-16;-1;-15;-1;-14;-1;-14;-1;-13;-1;-13;-1;-13;-1;-12;-1;-12;-1;-5;-1;-2;-1;0;0;0;0;0;0;-2;-1;-6;-2;-15;-4;-15;-4;-16;-5;-16;-6;-16;-7;-17;-7;-17;-8;-17;-8;-18;-9;-18;-10;-18;-10;-19;-11;-19;-11;-19;-11;-19;-11;-19;-11;-19;-11;-20;-11;-20;-11;-20;-11;-21;-11;-22;-11;-23;-11;-23;-11;-24;-10;-25;-10;-25;-10;-25;-10;55;0;-10;2;-10;2;-11;2;-11;2;-10;3;-10;2;-10;2;-10;3;-10;3;-9;3;-9;3;-10;3;-10;3;-10;3;-10;3;-10;3;-10;3;-11;3;-11;2;-11;2;-11;2;-11;1;-10;1;-10;1;-10;0;-10;0;-10;-1;-10;-1;-4;-1;-2;-1;0;-1;0;-1;0;-1;-1;0;-1;1;-3;5;-3;5;-4;4;-4;4;-4;4;-5;4;-5;4;-5;4;-6;4;-6;4;-7;3;-7;3;-7;3;-7;3;-7;3;-7;3;-8;2;-8;2;-8;2;-8;2;-8;2;-9;2;-9;2;-9;3;-10;3;-10;3;-11;3;-11;2,empty,EXP_S151,ZONE_02,sortie_zone,4.1,sortie_zone,sortie de la zone
928652243,-52,6,a0:9f:7a:73:2b:3e,384,-110;-96;8;0;-26;-18;-22;-15;-18;-13;-13;-12;-8;-12;-4;-13;-1;-15;2;-17;3;-20;3;-23;3;-26;1;-28;0;-29;-2;-29;-5;-28;-6;-25;-7;-23;-8;-19;-7;-15;-6;-12;-4;-8;-1;-5;2;-3;6;-2;8;-1;2;-1;0;0;0;0;0;0;0;0;0;0;0;0;0;0;0;0;0;0;-3;1;-11;6;-13;5;-16;5;-19;5;-22;5;-24;5;-26;5;-27;6;-28;6;-27;6;-26;7;-24;6;-22;4;-20;3;-18;0;-16;-3;-15;-7;-14;-10;-14;-14;-15;-18;-17;-21;-19;-24;-22;-26;-25;-26;-27;-26;-29;-25;52;0;-36;-39;-36;-38;-35;-37;-34;-35;-34;-33;-33;-31;-33;-30;-33;-28;-32;-27;-32;-25;-31;-24;-30;-22;-30;-21;-29;-21;-29;-20;-29;-20;-28;-19;-28;-19;-27;-18;-26;-17;-25;-16;-24;-16;-23;-15;-22;-15;-21;-15;-21;-15;-20;-15;-20;-15;-7;-6;-3;-2;0;0;1;1;0;0;-3;-2;-10;-6;-26;-18;-25;-19;-25;-21;-25;-22;-25;-24;-25;-25;-25;-26;-26;-28;-25;-29;-25;-31;-25;-32;-25;-34;-25;-35;-24;-35;-24;-36;-24;-36;-25;-36;-25;-36;-26;-37;-27;-38;-29;-38;-30;-38;-31;-39;-32;-39;-32;-39;-33;-40;-34;-41;-34;-41;52;0;-19;-5;-20;-5;-20;-5;-20;-5;-20;-5;-20;-5;-20;-5;-19;-5;-19;-4;-19;-4;-19;-3;-20;-3;-20;-3;-20;-4;-20;-4;-20;-5;-20;-5;-20;-6;-20;-6;-20;-7;-20;-8;-20;-9;-19;-9;-18;-10;-17;-10;-17;-11;-16;-11;-16;-12;-6;-5;-2;-2;0;0;0;-1;0;-1;-1;1;-3;3;-9;8;-9;7;-10;6;-10;5;-11;5;-12;4;-12;4;-13;4;-14;3;-14;2;-15;1;-14;0;-14;0;-14;0;-15;0;-15;0;-16;-1;-16;-2;-16;-3;-16;-3;-16;-3;-17;-3;-18;-2;-19;-2;-20;-3;-20;-4;-21;-5;-20;-5,empty,EXP_S151,ZONE_02,sortie_zone,4.1,sortie_zone,sortie de la zone
928852148,-53,6,a0:9f:7a:73:2b:3e,384,-110;-96;8;0;-29;11;-25;9;-20;6;-17;3;-14;0;-13;-4;-12;-8;-13;-12;-14;-15;-16;-17;-19;-17;-21;-17;-23;-16;-25;-15;-25;-12;-24;-10;-22;-7;-19;-5;-16;-3;-12;-2;-8;-2;-4;-3;-1;-4;2;-6;4;-8;1;-3;0;0;0;0;0;0;0;0;0;0;0;0;0;0;0;0;0;0;0;2;-1;12;-2;13;-5;16;-6;18;-8;20;-9;22;-9;24;-10;25;-10;25;-9;25;-9;24;-8;22;-8;20;-9;17;-9;14;-11;11;-13;8;-16;5;-19;3;-23;2;-26;2;-30;2;-33;3;-35;5;-36;8;-36;9;50;0;-25;9;-24;9;-23;9;-22;8;-21;8;-21;8;-20;8;-20;8;-19;9;-18;9;-17;9;-16;9;-16;9;-15;8;-15;8;-15;8;-15;8;-14;8;-14;8;-13;8;-12;7;-12;7;-12;6;-12;6;-11;6;-11;6;-11;6;-11;6;-4;2;-2;0;0;-1;0;-1;0;-1;-2;1;-5;3;-13;8;-13;8;-14;7;-15;7;-16;7;-16;7;-17;6;-17;6;-18;6;-19;5;-20;5;-20;4;-21;4;-21;4;-21;4;-21;4;-21;4;-21;4;-22;4;-22;5;-23;5;-23;6;-24;6;-24;7;-24;7;-24;7;-25;7;-25;8;50;0;-5;7;-5;7;-6;8;-6;8;-6;8;-7;8;-7;7;-6;7;-6;7;-5;7;-5;7;-5;8;-6;8;-6;8;-6;8;-6;7;-6;7;-6;7;-7;7;-7;7;-8;7;-8;7;-8;6;-8;6;-8;5;-8;5;-8;5;-9;5;-3;1;-1;0;0;-1;-1;-1;-1;-1;0;0;0;1;2;5;1;5;1;5;0;5;0;5;0;5;0;6;0;6;-1;7;-2;7;-3;6;-3;6;-3;6;-3;6;-3;6;-3;7;-4;7;-5;7;-5;6;-5;6;-5;6;-5;6;-4;7;-5;7;-5;8;-6;8;-6;8;-7;8,empty,EXP_S151,ZONE_02,sortie_zone,4.1,sortie_zone,sortie de la zone
929054646,-53,6,a0:9f:7a:73:2b:3e,384,-110;-96;8;0;29;0;25;-1;21;0;16;2;13;4;10;7;8;11;7;14;8;17;9;20;11;21;13;22;15;22;17;21;19;19;19;16;18;13;16;10;13;7;10;5;6;4;2;3;-1;3;-5;4;-7;6;-2;1;0;0;0;0;0;0;0;0;0;0;0;0;0;0;0;0;0;0;1;-3;5;-11;7;-12;10;-13;12;-14;14;-16;16;-17;18;-18;19;-19;19;-20;18;-20;18;-19;17;-18;15;-16;14;-13;14;-10;13;-7;14;-3;16;0;18;3;21;5;24;7;28;8;31;9;34;8;36;6;36;5;50;0;25;3;25;3;24;2;23;2;22;2;22;1;21;1;20;0;20;0;19;-1;18;-2;18;-2;17;-2;17;-2;17;-2;16;-2;16;-3;16;-3;15;-3;14;-3;13;-3;13;-2;12;-2;12;-2;12;-2;12;-2;11;-2;11;-2;4;-1;1;-1;-1;0;-1;0;-1;-1;1;-1;5;-1;14;-1;15;0;15;0;16;1;16;2;17;2;17;3;17;3;18;3;18;4;18;5;19;5;19;6;19;6;20;6;20;6;20;6;20;6;20;6;21;6;22;6;22;5;23;5;23;4;23;4;24;4;25;4;25;4;50;0;8;-4;8;-5;8;-6;9;-6;9;-5;9;-5;8;-4;8;-4;7;-5;7;-5;7;-5;8;-6;8;-6;8;-5;8;-5;8;-5;8;-5;8;-5;8;-5;8;-5;9;-5;9;-4;9;-4;9;-3;9;-3;8;-2;8;-2;9;-2;3;-1;1;-1;-1;0;-1;0;-1;0;-1;-1;0;-3;0;-6;1;-6;1;-5;2;-5;2;-5;2;-5;2;-6;3;-6;4;-6;4;-6;5;-5;5;-5;5;-4;5;-4;5;-5;5;-5;6;-5;6;-5;6;-4;6;-4;6;-4;6;-4;6;-5;7;-5;7;-5;8;-5;8;-5;8;-5,empty,EXP_S151,ZONE_02,sortie_zone,4.1,sortie_zone,sortie de la zone
929252495,-52,6,a0:9f:7a:73:2b:3e,384,-110;-96;8;0;-30;8;-26;7;-21;5;-17;2;-14;-2;-12;-5;-11;-10;-12;-13;-13;-16;-15;-19;-18;-20;-20;-20;-22;-19;-24;-17;-24;-14;-24;-12;-22;-9;-20;-6;-16;-5;-12;-3;-8;-3;-4;-3;0;-4;3;-6;5;-8;1;-3;0;0;0;0;0;0;0;0;0;0;0;0;0;0;0;0;0;0;-1;2;-3;12;-4;13;-7;15;-9;17;-11;19;-12;21;-13;23;-14;24;-13;24;-13;24;-13;23;-12;21;-12;19;-11;16;-11;13;-12;10;-14;6;-17;3;-20;1;-23;-1;-27;-2;-30;-2;-34;-1;-36;1;-38;3;-37;4;46;0;-27;3;-26;4;-25;4;-24;4;-23;4;-22;4;-22;4;-21;5;-20;5;-19;6;-18;6;-18;6;-17;6;-17;6;-16;6;-16;7;-16;7;-15;7;-15;6;-14;6;-13;6;-13;6;-13;5;-12;5;-12;5;-12;5;-12;5;-11;4;-4;1;-2;0;0;-1;0;-1;0;-1;-2;0;-6;1;-15;3;-15;3;-16;2;-17;2;-17;1;-18;1;-19;1;-19;0;-20;0;-20;-1;-20;-1;-21;-1;-21;-2;-22;-2;-22;-2;-22;-1;-22;-1;-22;-1;-23;-1;-23;-1;-24;-1;-24;0;-25;0;-25;1;-25;1;-26;1;-26;2;-27;2;46;0;-7;6;-8;6;-8;7;-8;7;-8;7;-8;7;-8;6;-7;6;-7;6;-7;6;-7;7;-7;7;-7;7;-7;7;-8;7;-8;7;-8;7;-8;7;-8;7;-8;7;-8;7;-8;6;-9;6;-9;5;-9;5;-9;4;-9;4;-9;4;-4;1;-2;0;0;-1;-1;-1;0;-1;0;0;0;2;0;5;-1;5;-1;5;-2;5;-2;5;-2;5;-2;5;-3;6;-3;6;-4;6;-4;5;-5;5;-5;5;-5;5;-5;5;-5;5;-6;5;-6;5;-7;5;-7;5;-7;5;-6;5;-7;6;-7;6;-7;7;-8;7;-8;6;-8;6,empty,EXP_S151,ZONE_02,sortie_zone,4.1,sortie_zone,sortie de la zone
929456121,-53,6,a0:9f:7a:73:2b:3e,384,-110;-96;8;0;24;-18;20;-16;17;-12;14;-8;12;-4;12;1;12;5;13;8;16;11;18;12;21;13;23;13;25;11;26;9;26;7;25;4;23;2;19;1;15;0;11;-1;7;0;3;1;0;3;-2;6;-4;8;-2;2;0;0;0;0;0;0;0;0;0;0;0;0;0;0;0;0;0;0;-2;-3;-4;-12;-3;-14;-2;-17;-1;-20;0;-22;0;-24;1;-26;1;-28;0;-28;0;-28;0;-26;0;-25;1;-23;2;-20;4;-17;6;-14;9;-12;12;-10;16;-9;20;-9;24;-9;27;-10;30;-12;32;-14;33;-17;33;-18;53;0;22;-13;22;-13;21;-13;20;-13;19;-12;18;-12;18;-12;17;-12;16;-12;15;-12;14;-12;14;-12;13;-12;13;-12;13;-11;12;-11;12;-11;12;-11;11;-11;11;-10;10;-10;10;-9;9;-9;9;-9;9;-9;9;-8;9;-8;9;-7;3;-3;1;-1;-1;0;-1;0;-1;0;0;-2;3;-4;10;-11;11;-11;12;-10;13;-10;13;-10;14;-10;14;-10;15;-10;16;-10;17;-9;17;-9;18;-9;18;-9;19;-9;19;-9;19;-9;19;-9;19;-9;20;-9;20;-9;21;-10;21;-10;21;-11;21;-11;22;-12;22;-12;22;-12;22;-12;53;0;4;-9;4;-9;4;-10;4;-10;4;-10;5;-10;4;-9;4;-9;4;-9;3;-9;3;-9;3;-10;3;-10;4;-10;4;-10;4;-10;4;-9;4;-9;4;-10;5;-10;5;-10;6;-9;6;-9;6;-8;6;-7;6;-7;7;-7;7;-7;2;-3;0;-1;-1;0;0;0;0;0;-1;-1;-2;-2;-4;-5;-3;-5;-3;-6;-2;-6;-2;-6;-2;-6;-2;-7;-2;-7;-1;-8;0;-8;0;-8;1;-8;1;-7;1;-7;1;-8;1;-8;2;-8;2;-8;3;-8;3;-8;3;-8;2;-8;2;-9;2;-9;3;-10;3;-10;4;-10;5;-10,empty,EXP_S151,ZONE_02,sortie_zone,4.1,sortie_zone,sortie de la zone
929652352,-52,6,a0:9f:7a:73:2b:3e,384,-110;-96;8;0;-25;-20;-21;-17;-17;-15;-12;-13;-8;-12;-3;-13;0;-15;3;-17;5;-20;6;-23;5;-26;4;-28;2;-29;-1;-30;-3;-28;-5;-26;-6;-24;-7;-20;-7;-16;-5;-12;-3;-8;-1;-5;3;-3;6;-1;9;-1;2;-1;0;0;0;0;0;0;0;0;0;0;0;0;0;0;0;0;0;0;-3;1;-12;5;-14;4;-17;3;-20;3;-23;3;-25;3;-27;3;-28;3;-28;4;-28;4;-27;4;-25;3;-23;2;-20;1;-18;-1;-16;-4;-15;-8;-13;-11;-13;-15;-14;-19;-15;-22;-18;-26;-20;-28;-23;-29;-25;-29;-27;-29;61;0;-30;-45;-30;-44;-30;-42;-29;-40;-29;-38;-29;-36;-29;-34;-29;-33;-28;-31;-29;-29;-29;-27;-29;-26;-28;-25;-28;-24;-28;-23;-28;-22;-27;-22;-27;-21;-26;-20;-25;-19;-24;-18;-23;-17;-23;-16;-22;-16;-22;-15;-21;-15;-20;-16;-19;-16;-7;-6;-2;-2;0;0;1;1;0;0;-3;-3;-8;-9;-20;-24;-19;-26;-19;-27;-18;-29;-17;-30;-17;-32;-17;-33;-17;-34;-17;-36;-17;-37;-16;-39;-16;-39;-16;-40;-16;-40;-16;-41;-16;-41;-17;-42;-17;-42;-18;-43;-19;-43;-20;-43;-21;-44;-23;-45;-24;-45;-26;-46;-27;-46;-28;-46;-28;-46;61;0;-20;-9;-20;-9;-20;-9;-20;-8;-20;-8;-20;-7;-20;-7;-20;-7;-20;-7;-20;-7;-20;-6;-20;-6;-20;-6;-21;-6;-21;-6;-21;-6;-21;-7;-21;-7;-21;-8;-20;-8;-20;-9;-20;-9;-19;-9;-19;-10;-18;-10;-18;-11;-17;-12;-17;-13;-6;-5;-2;-2;0;0;0;-1;0;-1;-1;0;-4;1;-10;5;-11;4;-11;4;-12;3;-13;2;-13;1;-14;0;-14;0;-14;-1;-14;-2;-14;-2;-15;-3;-15;-3;-15;-4;-15;-4;-15;-5;-15;-5;-15;-6;-16;-6;-16;-6;-17;-7;-17;-7;-17;-7;-18;-7;-18;-8;-19;-8;-19;-8;-20;-8,empty,EXP_S151,ZONE_02,sortie_zone,4.1,sortie_zone,sortie de la zone
929852699,-52,6,a0:9f:7a:73:2b:3e,384,-110;-96;8;0;7;33;6;28;4;23;1;18;-3;15;-7;13;-11;11;-15;11;-18;12;-21;14;-23;17;-23;20;-23;22;-21;24;-18;25;-15;24;-12;23;-9;20;-6;16;-5;12;-4;8;-4;3;-5;-1;-7;-5;-8;-7;-3;-2;0;0;0;0;0;0;0;0;0;0;0;0;0;0;0;0;0;0;3;0;13;1;15;3;17;6;19;8;21;10;23;12;25;13;27;13;27;13;27;13;26;12;24;11;22;11;18;11;15;11;11;13;7;15;4;17;1;21;-1;25;-2;29;-3;33;-1;36;1;39;3;41;5;41;55;0;-7;28;-7;28;-6;27;-6;26;-5;25;-5;24;-5;23;-4;23;-3;22;-3;22;-2;21;-1;20;-1;20;-1;19;-1;19;-1;18;-1;18;-1;18;-1;17;-1;16;-1;15;-1;15;-1;14;-1;14;-1;14;-1;13;-2;13;-2;13;-1;4;-1;1;0;-1;-1;-2;0;-1;0;1;0;6;1;16;0;17;-1;17;-2;18;-3;18;-3;19;-4;19;-4;20;-5;20;-6;21;-7;21;-7;21;-8;22;-8;22;-8;22;-8;22;-8;23;-9;23;-9;23;-9;23;-9;24;-8;25;-8;25;-8;26;-8;27;-8;27;-8;27;-8;27;55;0;3;9;4;10;4;10;4;10;4;10;3;10;3;10;3;10;3;9;3;9;4;9;4;9;4;10;4;10;4;10;3;10;3;10;3;10;3;10;3;11;2;11;2;11;1;11;1;10;0;10;0;10;-1;10;-1;10;-1;3;-1;1;0;-1;-1;-1;-1;-1;0;-1;2;0;6;0;5;1;5;1;5;2;5;2;5;2;5;3;6;3;6;4;5;5;5;5;4;6;4;6;4;6;4;6;4;6;4;7;4;7;3;7;3;7;3;7;3;7;4;8;4;8;4;9;4;10;4;10;4;10,empty,EXP_S151,ZONE_02,sortie_zone,4.1,sortie_zone,sortie de la zone
930052496,-52,6,a0:9f:7a:73:2b:3e,384,-110;-96;8;0;27;16;23;13;19;11;14;10;9;11;4;12;0;14;-2;17;-4;20;-4;23;-3;26;-2;28;0;29;2;29;5;28;6;26;7;23;8;19;7;15;5;11;3;7;0;4;-4;2;-7;1;-10;0;-3;0;0;0;0;0;0;0;0;0;0;0;0;0;0;0;0;0;0;0;2;-3;9;-9;12;-9;15;-9;18;-9;20;-10;23;-10;25;-11;26;-11;26;-11;26;-12;25;-11;23;-10;21;-9;19;-6;17;-3;16;0;15;3;14;7;15;12;16;16;18;19;21;22;24;24;27;24;30;24;31;23;56;0;43;33;42;32;41;30;40;29;39;28;38;27;37;25;36;24;36;22;35;20;35;19;34;17;33;17;32;17;32;16;31;16;31;15;30;15;29;14;28;13;26;13;25;13;24;12;24;12;23;12;22;12;22;12;21;12;7;4;2;1;-1;-1;-2;-1;-1;-1;3;0;10;3;29;10;29;12;29;14;29;16;29;18;30;19;31;21;31;22;31;24;31;26;31;27;31;28;31;29;32;29;32;30;32;30;32;30;32;31;32;32;33;32;35;33;36;33;37;33;38;33;39;33;40;33;41;34;41;34;56;0;20;1;21;1;21;0;22;1;22;1;21;2;20;2;19;1;19;1;19;0;20;-1;21;-1;21;0;22;0;21;1;21;2;21;2;21;2;21;2;21;3;21;4;21;5;20;6;19;6;19;7;18;8;17;8;17;9;6;3;1;1;-1;-1;-1;0;-1;0;0;-2;2;-4;6;-11;7;-10;8;-9;8;-8;8;-8;9;-8;9;-8;11;-8;12;-8;13;-7;13;-5;13;-4;13;-4;13;-3;14;-4;15;-3;16;-3;16;-2;16;-1;16;0;16;0;17;-1;18;-2;19;-1;20;-1;21;0;22;1;22;2,empty,EXP_S151,ZONE_02,sortie_zone,4.1,sortie_zone,sortie de la zone
930252854,-53,6,a0:9f:7a:73:2b:3e,384,-110;-96;8;0;-24;-19;-21;-17;-17;-14;-12;-12;-8;-12;-3;-12;1;-14;4;-16;6;-19;7;-22;6;-25;5;-27;4;-28;2;-29;-1;-28;-3;-26;-5;-23;-5;-20;-5;-16;-5;-12;-3;-8;0;-4;3;-2;6;0;8;1;2;0;0;0;0;0;0;0;0;0;0;0;0;0;0;0;0;0;0;0;-3;1;-11;6;-13;6;-16;5;-19;5;-22;5;-24;5;-25;6;-27;6;-27;6;-27;7;-26;6;-24;6;-22;4;-19;3;-17;0;-16;-3;-14;-6;-13;-10;-13;-14;-14;-18;-15;-21;-17;-25;-20;-27;-23;-28;-25;-28;-26;-27;54;0;-29;-44;-29;-43;-28;-41;-28;-39;-28;-37;-27;-36;-27;-34;-27;-32;-27;-31;-27;-29;-27;-27;-27;-26;-26;-25;-26;-25;-26;-24;-25;-24;-25;-23;-25;-22;-24;-21;-23;-20;-22;-19;-21;-19;-20;-18;-20;-17;-19;-17;-19;-17;-18;-17;-17;-17;-6;-6;-2;-2;0;0;1;1;0;0;-3;-3;-8;-8;-22;-21;-21;-23;-20;-25;-20;-26;-19;-28;-19;-29;-19;-31;-19;-32;-19;-33;-18;-35;-18;-36;-18;-37;-18;-37;-18;-38;-18;-38;-18;-39;-19;-39;-18;-40;-19;-41;-19;-41;-20;-42;-21;-42;-23;-42;-24;-43;-25;-43;-26;-43;-27;-44;-28;-44;54;0;-19;-9;-19;-9;-20;-9;-20;-9;-20;-8;-20;-8;-19;-8;-19;-8;-19;-7;-19;-7;-19;-7;-20;-7;-20;-7;-20;-8;-20;-8;-20;-8;-20;-8;-20;-8;-20;-9;-20;-10;-20;-10;-19;-11;-18;-11;-18;-11;-17;-12;-17;-13;-16;-13;-16;-14;-6;-6;-2;-2;0;0;0;-1;0;-1;-1;0;-4;2;-10;6;-10;5;-11;4;-11;3;-11;3;-12;3;-13;2;-14;2;-14;1;-14;0;-14;-1;-14;-2;-14;-3;-14;-3;-15;-4;-15;-4;-16;-4;-16;-5;-16;-6;-16;-6;-16;-6;-16;-7;-17;-7;-18;-7;-19;-7;-19;-8;-20;-9;-20;-9,empty,EXP_S151,ZONE_02,sortie_zone,4.1,sortie_zone,sortie de la zone
930452279,-53,6,a0:9f:7a:73:2b:3e,384,-110;-96;8;0;2;-34;2;-29;2;-24;4;-19;6;-14;9;-10;13;-7;17;-6;20;-6;24;-7;26;-9;27;-11;27;-13;27;-16;25;-18;22;-18;18;-18;15;-17;11;-14;8;-11;5;-7;3;-3;3;2;3;6;4;9;1;2;0;0;0;0;0;0;0;0;0;0;0;0;0;0;0;0;0;0;-4;-2;-13;-6;-14;-8;-15;-11;-17;-14;-19;-16;-20;-18;-21;-20;-22;-21;-23;-21;-23;-21;-22;-20;-20;-19;-17;-17;-14;-16;-11;-16;-8;-16;-4;-16;0;-18;4;-20;7;-23;10;-27;11;-31;12;-35;12;-38;10;-40;9;-41;57;0;2;-29;2;-29;2;-28;1;-26;1;-25;1;-24;0;-24;-1;-23;-1;-23;-2;-22;-3;-21;-3;-21;-3;-20;-3;-19;-3;-19;-3;-19;-3;-19;-3;-18;-3;-17;-4;-16;-3;-16;-3;-15;-3;-15;-3;-14;-3;-14;-3;-14;-2;-14;-2;-14;-1;-5;-1;-2;0;0;0;1;-1;0;-1;-2;-1;-6;-2;-17;-1;-17;0;-18;1;-18;1;-19;2;-20;2;-20;2;-20;3;-21;4;-21;5;-22;5;-22;6;-23;6;-23;6;-23;6;-23;6;-23;6;-23;6;-24;6;-24;5;-25;5;-26;4;-27;4;-27;4;-27;4;-28;4;-28;4;-28;57;0;-5;-10;-6;-10;-6;-10;-7;-11;-6;-11;-6;-11;-5;-11;-5;-10;-5;-10;-6;-9;-6;-9;-7;-10;-7;-10;-6;-11;-6;-11;-6;-10;-6;-10;-6;-10;-6;-10;-6;-11;-6;-12;-5;-12;-4;-12;-3;-11;-3;-11;-3;-11;-3;-11;-2;-11;-1;-4;-1;-2;0;0;0;0;0;0;-1;0;-3;-1;-7;-2;-7;-2;-7;-2;-6;-3;-6;-3;-6;-3;-7;-3;-7;-4;-7;-5;-7;-6;-6;-6;-6;-7;-5;-6;-5;-6;-6;-6;-6;-7;-6;-8;-6;-8;-5;-9;-5;-9;-4;-8;-5;-8;-6;-8;-6;-9;-6;-10;-6;-11;-6;-11;-6;-11,empty,EXP_S151,ZONE_02,sortie_zone,4.1,sortie_zone,sortie de la zone
930652801,-53,6,a0:9f:7a:73:2b:3e,384,-110;-96;8;0;-4;32;-4;28;-4;22;-5;17;-7;13;-10;9;-14;6;-18;4;-21;4;-24;5;-27;7;-28;10;-29;12;-28;14;-26;16;-23;17;-19;17;-15;15;-12;13;-8;10;-6;6;-4;2;-4;-2;-4;-6;-4;-10;-2;-3;0;0;0;0;0;0;0;0;0;0;0;0;0;0;0;0;0;0;2;1;11;6;12;8;14;11;15;14;17;16;18;18;20;20;21;21;21;21;21;20;20;19;19;18;16;17;13;16;10;15;6;15;2;15;-2;17;-6;19;-9;22;-11;26;-13;29;-13;33;-13;36;-12;39;-10;40;54;0;-14;24;-13;24;-13;23;-12;23;-11;22;-10;21;-10;21;-9;21;-8;20;-7;20;-6;20;-6;19;-5;18;-5;18;-5;18;-4;17;-4;17;-4;17;-4;16;-4;15;-4;15;-4;14;-3;14;-3;13;-3;13;-3;12;-4;12;-4;12;-2;4;-1;1;0;-1;0;-1;0;-1;-1;1;-2;5;-6;15;-7;15;-8;15;-9;15;-9;15;-10;16;-11;16;-11;16;-12;17;-13;17;-13;17;-14;17;-14;18;-15;17;-15;18;-15;18;-15;18;-15;18;-15;19;-15;19;-15;20;-15;20;-15;21;-15;22;-15;23;-15;23;-15;23;-15;24;54;0;0;11;0;11;1;11;1;11;1;11;0;11;0;11;0;10;1;10;1;10;2;10;2;10;2;10;2;11;2;11;1;11;1;11;1;11;1;11;0;11;0;11;0;11;-1;11;-1;11;-1;11;-2;10;-3;10;-3;10;-2;3;-1;1;0;-1;-1;-1;-1;-1;0;0;1;0;5;3;5;3;5;3;4;4;4;4;4;4;4;5;4;6;3;6;3;7;3;7;3;7;2;7;2;7;2;7;2;7;1;8;1;8;1;8;1;8;1;9;1;9;1;9;1;10;1;10;1;10;1;11;1;11,empty,EXP_S151,ZONE_02,sortie_zone,4.1,sortie_zone,sortie de la zone
930859258,-53,6,a0:9f:7a:73:2b:3e,384,-110;-96;8;0;-5;-33;-5;-28;-3;-23;-1;-19;2;-15;6;-12;10;-10;15;-9;18;-10;21;-12;23;-14;24;-17;23;-19;22;-22;19;-23;16;-23;13;-22;10;-19;7;-16;4;-13;3;-8;2;-4;3;1;4;5;5;7;1;2;0;0;0;0;0;0;0;0;0;0;0;0;0;0;0;0;0;0;-4;-1;-13;-3;-15;-5;-17;-8;-19;-10;-21;-12;-23;-13;-25;-15;-26;-15;-27;-15;-27;-15;-25;-14;-24;-13;-21;-13;-18;-12;-14;-12;-11;-13;-7;-15;-3;-17;0;-20;2;-24;4;-28;4;-32;4;-36;2;-39;0;-41;-1;-41;49;0;0;-29;-1;-28;-1;-27;-2;-26;-2;-25;-2;-24;-3;-23;-3;-23;-4;-22;-5;-21;-5;-20;-6;-20;-6;-19;-6;-18;-6;-18;-6;-18;-6;-18;-6;-17;-6;-16;-6;-16;-6;-15;-6;-14;-5;-14;-5;-13;-5;-13;-5;-13;-5;-13;-5;-13;-2;-5;-1;-2;0;0;0;0;-1;0;-1;-2;-1;-6;-1;-16;0;-17;1;-17;1;-18;2;-19;2;-19;2;-19;3;-20;3;-20;4;-21;5;-21;5;-22;5;-22;5;-22;5;-22;5;-23;5;-23;5;-23;4;-24;4;-24;4;-25;3;-26;3;-26;2;-26;2;-27;2;-27;1;-28;1;-28;49;0;-6;-10;-6;-10;-7;-10;-7;-10;-7;-10;-7;-10;-7;-10;-7;-9;-7;-9;-7;-8;-7;-8;-8;-9;-8;-9;-8;-10;-8;-10;-8;-9;-8;-9;-8;-9;-8;-10;-8;-10;-7;-10;-7;-10;-6;-11;-6;-10;-5;-10;-5;-10;-5;-10;-5;-11;-2;-4;-1;-2;0;0;0;0;0;0;-1;0;-3;-1;-7;-2;-7;-2;-6;-3;-6;-3;-6;-3;-6;-3;-7;-4;-7;-4;-7;-5;-7;-6;-6;-6;-6;-6;-5;-6;-5;-6;-6;-7;-6;-7;-6;-7;-6;-8;-5;-8;-5;-8;-5;-8;-5;-8;-6;-8;-6;-9;-7;-9;-7;-10;-7;-11;-6;-11,empty,EXP_S151,ZONE_02,sortie_zone,4.1,sortie_zone,sortie de la zone
931061363,-52,6,a0:9f:7a:73:2b:3e,384,-110;-96;8;0;-33;0;-28;0;-23;-1;-18;-2;-14;-5;-11;-8;-9;-12;-8;-16;-9;-19;-10;-22;-12;-24;-14;-25;-17;-24;-19;-23;-20;-21;-21;-18;-20;-15;-18;-12;-15;-9;-12;-6;-8;-5;-4;-4;0;-4;4;-6;7;-7;1;-2;0;0;0;0;0;0;0;0;0;0;0;0;0;0;0;0;0;0;-2;2;-6;11;-8;12;-11;13;-13;15;-15;16;-17;18;-19;19;-19;20;-19;21;-19;21;-19;20;-18;18;-17;16;-16;13;-15;10;-15;7;-16;3;-17;0;-20;-3;-23;-6;-26;-8;-30;-9;-33;-10;-36;-9;-38;-7;-39;-5;53;0;-28;-2;-27;-1;-26;-1;-25;-1;-24;0;-24;0;-23;0;-22;1;-22;1;-21;2;-20;2;-20;2;-19;2;-19;3;-18;3;-18;3;-18;3;-17;3;-17;3;-16;3;-15;2;-14;2;-14;2;-14;2;-13;2;-13;2;-13;1;-13;1;-5;0;-2;0;0;-1;0;-1;0;-1;-2;0;-6;1;-16;2;-16;2;-17;1;-18;0;-18;0;-19;-1;-19;-1;-19;-2;-20;-2;-20;-3;-21;-4;-21;-4;-22;-4;-22;-5;-22;-5;-22;-5;-23;-5;-23;-5;-23;-5;-24;-5;-24;-4;-25;-4;-26;-3;-26;-3;-26;-3;-27;-3;-27;-3;-27;-3;53;0;-9;4;-9;5;-10;5;-10;5;-10;5;-10;5;-10;4;-9;4;-9;4;-8;5;-8;5;-9;5;-9;5;-9;5;-9;5;-9;5;-9;5;-10;5;-10;5;-10;5;-10;4;-10;4;-10;3;-10;3;-10;2;-10;2;-10;2;-11;1;-4;0;-2;0;0;-1;-1;-1;0;-1;0;0;0;2;-1;5;-1;5;-1;5;-2;5;-2;5;-2;5;-3;5;-3;5;-4;6;-5;5;-5;5;-6;5;-6;4;-6;4;-6;4;-6;4;-7;4;-7;4;-8;4;-8;4;-7;4;-7;4;-8;5;-8;5;-9;5;-9;5;-10;5;-10;5,empty,EXP_S151,ZONE_02,sortie_zone,4.1,sortie_zone,sortie de la zone
931252462,-53,6,a0:9f:7a:73:2b:3e,384,-110;-96;8;0;-2;30;-1;25;-2;20;-3;16;-5;11;-8;8;-12;6;-15;5;-19;4;-22;5;-24;7;-26;9;-26;12;-25;14;-23;15;-20;16;-17;16;-14;14;-10;12;-8;9;-5;6;-4;2;-3;-2;-3;-6;-4;-9;-1;-3;0;0;0;0;0;0;0;0;0;0;0;0;0;0;0;0;0;0;2;0;11;3;12;5;13;7;15;10;17;12;18;14;20;15;21;16;21;16;21;16;20;15;19;14;16;13;14;12;10;12;7;12;3;13;0;15;-4;17;-6;20;-8;23;-10;27;-10;31;-9;34;-8;35;-6;36;56;0;-10;23;-9;23;-9;22;-8;21;-7;21;-7;20;-6;20;-6;19;-5;19;-4;18;-4;18;-3;17;-3;17;-3;16;-3;16;-2;16;-2;16;-2;15;-2;15;-2;14;-2;13;-2;13;-2;12;-2;12;-2;12;-2;12;-2;11;-2;11;-1;4;-1;1;0;-1;0;-1;0;-1;-1;1;-1;5;-3;14;-4;14;-5;14;-6;14;-7;15;-7;15;-7;15;-8;16;-9;16;-9;16;-10;16;-10;16;-11;17;-11;17;-11;17;-11;17;-11;17;-11;18;-11;18;-11;18;-11;19;-11;20;-11;20;-11;21;-10;21;-10;22;-10;22;-11;23;56;0;1;10;2;10;2;10;2;10;2;10;1;10;1;10;1;9;2;9;2;9;2;9;2;9;3;9;2;10;2;10;2;10;2;10;2;10;2;10;2;10;1;10;1;10;0;10;0;10;0;9;-1;9;-1;9;-2;9;-1;3;-1;1;-1;-1;-1;-1;-1;-1;0;0;1;0;4;2;4;2;4;3;4;3;4;3;4;3;4;4;4;4;4;5;3;5;3;6;3;6;2;6;2;6;2;6;2;7;2;7;1;7;1;7;1;8;1;8;2;8;2;8;2;9;2;9;2;10;2;10;2;10,empty,EXP_S151,ZONE_02,sortie_zone,4.1,sortie_zone,sortie de la zone
931454038,-53,6,a0:9f:7a:73:2b:3e,384,-110;-96;8;0;30;-1;25;-1;21;-1;16;1;12;4;9;7;6;11;5;15;6;18;7;21;9;23;11;24;13;24;15;23;17;21;17;19;17;15;15;12;13;9;10;6;6;4;2;3;-2;2;-6;3;-9;4;-3;1;0;0;0;0;0;0;0;0;0;0;0;0;0;0;0;0;0;0;0;-3;2;-12;4;-13;7;-15;9;-17;11;-18;13;-20;14;-22;14;-23;15;-23;15;-23;14;-22;13;-21;12;-18;12;-15;12;-12;12;-9;13;-5;15;-1;17;2;20;4;24;6;28;7;31;8;34;7;36;6;37;4;48;0;24;5;24;5;23;4;23;3;22;3;21;3;21;2;20;1;20;1;19;0;18;-1;18;-1;17;-1;17;-1;16;-2;16;-2;16;-2;16;-2;15;-2;14;-2;14;-2;13;-2;12;-2;12;-2;12;-2;12;-2;11;-2;11;-2;4;-1;1;-1;-1;0;-1;-1;-1;-1;1;0;5;0;14;2;14;2;14;3;15;4;15;4;16;5;16;5;16;6;17;6;17;7;17;8;18;8;18;8;18;8;18;8;18;8;19;8;19;8;19;8;20;8;20;8;21;8;22;7;23;7;23;7;23;7;24;6;24;6;48;0;9;-4;9;-4;10;-5;10;-5;10;-5;10;-4;9;-4;9;-4;8;-5;8;-5;8;-6;8;-6;9;-6;9;-5;9;-5;9;-5;9;-5;9;-5;9;-5;10;-5;10;-5;10;-4;10;-4;10;-3;9;-3;9;-3;9;-2;9;-2;3;-1;1;-1;-1;0;-1;0;-1;0;0;-1;0;-3;2;-6;2;-6;2;-5;3;-5;3;-5;3;-5;3;-5;4;-5;5;-5;5;-5;6;-4;6;-4;6;-4;6;-4;6;-4;6;-4;7;-4;7;-4;7;-4;7;-3;8;-3;8;-4;8;-4;9;-4;9;-5;10;-4;10;-4;10;-4,empty,EXP_S151,ZONE_02,sortie_zone,4.1,sortie_zone,sortie de la zone
931657177,-52,6,a0:9f:7a:73:2b:3e,384,-110;-96;8;0;-29;11;-25;9;-21;7;-17;3;-14;0;-12;-5;-11;-9;-11;-13;-13;-16;-15;-18;-17;-20;-20;-20;-22;-19;-23;-18;-24;-15;-23;-12;-22;-10;-19;-7;-16;-5;-12;-3;-8;-3;-4;-3;0;-4;3;-6;6;-7;1;-2;0;0;0;0;0;0;0;0;0;0;0;0;0;0;0;0;0;0;0;2;1;11;-1;13;-2;16;-4;18;-5;21;-6;23;-7;25;-7;26;-7;27;-7;26;-6;25;-6;23;-6;21;-7;18;-8;15;-10;11;-12;8;-15;5;-18;4;-22;2;-26;2;-30;2;-33;3;-36;6;-37;8;-37;9;61;0;-26;1;-26;1;-25;2;-24;2;-23;2;-23;3;-22;3;-21;3;-20;4;-19;4;-19;5;-18;5;-17;5;-17;5;-17;5;-16;5;-16;5;-16;5;-15;4;-15;4;-14;4;-14;4;-13;4;-13;4;-12;4;-12;3;-12;3;-12;3;-5;1;-2;0;0;-1;0;-1;0;-1;-2;0;-6;1;-15;3;-15;2;-16;2;-17;1;-17;1;-18;1;-18;0;-19;0;-19;-1;-20;-1;-21;-2;-21;-2;-21;-2;-21;-2;-21;-2;-22;-2;-22;-2;-22;-2;-22;-2;-23;-2;-23;-2;-24;-2;-24;-1;-25;-1;-25;0;-26;0;-26;0;-26;1;61;0;-9;6;-9;6;-9;6;-9;6;-9;6;-9;6;-9;6;-8;6;-8;6;-8;6;-8;7;-8;7;-8;7;-8;7;-8;7;-9;6;-9;6;-9;6;-9;6;-9;6;-9;6;-10;5;-10;5;-10;4;-10;4;-10;4;-10;3;-10;3;-4;1;-2;0;0;-1;-1;-1;0;-1;0;0;0;1;0;5;-1;5;-1;5;-2;5;-2;5;-2;5;-3;5;-3;6;-4;6;-4;6;-5;6;-5;5;-5;5;-5;5;-5;5;-6;5;-6;5;-7;5;-7;5;-7;5;-7;5;-7;5;-8;5;-8;6;-9;6;-9;6;-9;6;-9;6,empty,EXP_S151,ZONE_02,sortie_zone,4.1,sortie_zone,sortie de la zone
931862069,-52,6,a0:9f:7a:73:2b:3e,384,-110;-96;8;0;-32;-11;-27;-9;-22;-8;-16;-8;-11;-9;-7;-11;-4;-14;-1;-18;0;-22;0;-25;-2;-27;-3;-29;-6;-30;-8;-30;-10;-28;-12;-26;-12;-22;-12;-18;-10;-15;-8;-11;-5;-7;-2;-5;2;-3;6;-2;9;-2;2;-1;0;0;0;0;0;0;0;0;0;0;0;0;0;0;0;0;0;0;-2;2;-8;10;-10;10;-14;11;-16;12;-19;13;-21;14;-23;15;-24;15;-25;16;-25;16;-24;15;-22;14;-20;12;-19;9;-17;6;-16;3;-16;-1;-16;-6;-17;-9;-20;-13;-23;-16;-26;-19;-30;-20;-33;-20;-35;-19;-35;-18;49;0;-25;-13;-25;-12;-24;-11;-23;-11;-23;-10;-22;-9;-22;-9;-21;-8;-21;-7;-21;-6;-20;-5;-19;-5;-19;-4;-18;-4;-18;-5;-18;-4;-18;-4;-18;-4;-17;-3;-16;-3;-15;-3;-14;-3;-14;-3;-14;-3;-14;-3;-13;-3;-13;-3;-13;-3;-5;-1;-2;-1;0;0;0;0;0;0;-2;-1;-6;-2;-15;-5;-16;-6;-16;-7;-16;-8;-16;-8;-17;-9;-17;-9;-17;-10;-17;-10;-18;-11;-18;-12;-18;-13;-18;-13;-19;-13;-19;-13;-19;-13;-19;-13;-19;-14;-19;-14;-20;-14;-21;-14;-21;-14;-22;-13;-23;-13;-23;-13;-24;-13;-24;-13;-25;-13;49;0;-10;1;-11;1;-11;2;-12;2;-12;1;-12;1;-12;0;-11;0;-10;1;-10;2;-10;2;-11;2;-12;2;-12;2;-12;1;-11;1;-11;1;-11;1;-12;1;-12;1;-12;1;-12;0;-12;0;-11;-1;-11;-1;-11;-1;-11;-2;-11;-2;-4;-1;-2;-1;0;0;0;-1;0;-1;-1;0;-1;2;-3;5;-4;5;-4;4;-4;4;-5;4;-5;4;-5;4;-6;4;-7;4;-8;3;-8;2;-8;2;-7;2;-7;2;-8;2;-8;2;-9;2;-9;1;-10;1;-9;0;-9;0;-9;1;-9;2;-10;2;-11;2;-12;2;-12;1;-12;1,empty,EXP_S151,ZONE_02,sortie_zone,4.1,sortie_zone,sortie de la zone
932052389,-53,6,a0:9f:7a:73:2b:3e,384,-110;-96;8;0;19;28;17;23;13;19;8;15;3;13;-2;12;-7;12;-12;14;-15;16;-17;19;-18;22;-18;25;-17;27;-14;29;-12;29;-9;28;-6;25;-4;22;-2;18;-1;13;-1;8;-2;3;-4;-1;-6;-4;-9;-7;-3;-2;0;0;0;0;0;0;0;0;0;0;0;0;0;0;0;0;0;0;2;-2;11;-7;14;-6;17;-5;20;-4;23;-4;26;-3;28;-3;30;-3;30;-3;30;-4;29;-4;27;-3;24;-2;21;-1;18;2;15;5;12;8;10;12;9;17;9;22;9;26;11;30;13;34;16;36;19;36;21;36;59;0;12;26;12;25;12;24;11;23;11;22;11;21;11;20;11;19;11;18;11;17;12;17;12;16;11;15;11;15;11;15;11;14;11;14;11;13;11;13;10;12;9;11;9;11;9;11;8;11;8;10;8;10;8;10;7;10;2;3;0;1;-1;-1;-1;-1;-1;-1;1;1;3;4;9;13;9;13;8;14;8;15;8;16;8;17;8;17;8;18;7;19;7;19;6;20;6;20;6;21;6;21;6;22;6;22;6;22;6;22;7;23;7;23;7;24;8;24;9;24;9;24;10;25;10;25;11;25;11;26;59;0;9;6;10;6;10;6;10;6;10;6;10;6;9;6;9;6;9;5;9;5;9;4;10;4;10;5;10;5;10;5;10;6;10;6;10;6;10;6;10;6;10;7;9;7;9;7;8;7;8;8;7;8;7;8;7;9;2;3;0;1;-1;-1;-1;0;-1;0;0;-1;2;-2;5;-3;5;-3;6;-2;6;-2;6;-2;6;-1;7;-1;7;-1;8;0;8;1;8;2;8;2;7;2;7;2;7;3;8;3;8;3;8;4;8;4;8;4;8;4;8;4;9;4;9;4;10;5;10;5;10;6;10;7,empty,EXP_S151,ZONE_02,sortie_zone,4.1,sortie_zone,sortie de la zone
932253931,-53,6,a0:9f:7a:73:2b:3e,384,-110;-96;8;0;-19;-25;-17;-21;-13;-18;-9;-15;-5;-14;0;-13;4;-14;7;-15;9;-18;11;-20;11;-23;11;-25;9;-27;7;-28;4;-28;2;-27;0;-24;-2;-21;-3;-17;-3;-12;-1;-8;1;-5;3;-2;6;1;8;2;2;0;0;0;0;0;0;0;0;0;0;0;0;0;0;0;0;0;0;0;-3;0;-12;2;-14;1;-17;0;-20;-2;-22;-2;-25;-3;-27;-3;-28;-3;-28;-3;-28;-2;-27;-2;-25;-2;-23;-3;-20;-4;-17;-5;-15;-7;-12;-10;-10;-14;-9;-17;-9;-21;-9;-25;-10;-28;-12;-31;-15;-33;-17;-34;-19;-34;52;0;-14;-23;-14;-22;-14;-21;-14;-20;-14;-19;-13;-19;-13;-18;-14;-17;-14;-16;-14;-15;-14;-14;-13;-14;-13;-13;-13;-13;-13;-12;-13;-12;-13;-12;-13;-11;-13;-11;-12;-10;-12;-10;-11;-9;-11;-9;-10;-9;-10;-9;-10;-9;-10;-8;-9;-8;-4;-3;-1;-1;0;0;0;0;0;0;-2;-2;-4;-5;-9;-13;-8;-13;-8;-14;-8;-15;-8;-16;-8;-16;-8;-17;-8;-17;-8;-18;-7;-19;-7;-19;-7;-20;-6;-21;-6;-21;-6;-21;-7;-21;-7;-21;-7;-21;-8;-21;-8;-22;-9;-22;-10;-22;-10;-23;-11;-23;-11;-23;-12;-23;-12;-23;-12;-24;52;0;-9;-5;-10;-5;-10;-5;-10;-5;-10;-5;-10;-5;-10;-5;-9;-5;-9;-4;-9;-4;-10;-3;-10;-3;-10;-4;-10;-4;-10;-4;-10;-4;-10;-4;-10;-4;-11;-4;-11;-4;-11;-5;-10;-5;-10;-6;-9;-6;-9;-6;-9;-6;-9;-7;-9;-7;-3;-3;-1;-1;0;0;0;-1;0;-1;-1;0;-2;0;-6;2;-6;1;-6;1;-6;0;-6;0;-6;0;-7;0;-7;0;-8;-1;-8;-2;-8;-2;-7;-3;-7;-3;-7;-3;-7;-3;-8;-3;-8;-3;-8;-4;-8;-4;-8;-5;-8;-4;-8;-4;-8;-4;-9;-4;-9;-5;-10;-5;-10;-6;-10;-6,empty,EXP_S151,ZONE_02,sortie_zone,4.1,sortie_zone,sortie de la zone
932456213,-53,6,a0:9f:7a:73:2b:3e,384,-110;-96;8;0;19;23;16;20;13;16;8;13;4;12;-1;11;-6;12;-10;13;-12;15;-14;18;-14;21;-14;23;-13;25;-11;26;-8;26;-6;25;-3;23;-2;20;0;16;0;11;-1;7;-2;3;-4;-1;-7;-4;-9;-5;-3;-2;0;0;0;0;0;0;0;0;0;0;0;0;0;0;0;0;0;0;2;-2;10;-6;12;-5;15;-5;18;-4;21;-4;23;-4;25;-3;27;-4;27;-4;27;-4;25;-4;24;-4;21;-3;19;-1;16;1;14;4;11;7;10;11;9;15;9;19;9;23;11;27;13;30;16;31;19;32;20;32;54;0;12;22;12;22;12;20;12;19;12;18;11;18;11;17;11;17;12;16;12;15;12;14;12;13;11;12;11;12;11;12;11;12;11;12;11;11;11;10;10;10;9;10;9;9;8;9;8;9;8;9;8;8;8;8;7;8;2;3;0;0;-1;-1;-1;-1;-1;-1;1;1;3;3;9;10;9;11;9;12;8;13;8;14;8;14;8;15;8;15;8;16;7;17;7;18;7;18;7;19;7;19;7;19;7;19;7;19;7;19;7;20;8;20;8;21;9;21;9;21;10;21;11;21;11;21;11;22;11;22;54;0;8;4;9;4;9;4;10;4;10;5;9;5;9;5;8;5;8;4;8;3;9;3;10;3;10;3;10;4;9;4;9;4;9;4;9;4;9;4;9;5;9;5;9;6;8;6;8;6;7;6;7;6;7;6;7;7;2;2;0;0;-1;-1;-1;0;-1;0;0;-1;1;-2;5;-4;5;-3;5;-2;5;-2;5;-2;5;-2;6;-2;6;-1;7;-1;7;0;7;1;7;1;7;1;6;1;7;1;7;1;8;2;8;3;7;3;7;4;7;3;7;3;8;3;9;3;9;3;10;4;10;5;9;5,empty,EXP_S151,ZONE_02,sortie_zone,4.1,sortie_zone,sortie de la zone
932652386,-52,6,a0:9f:7a:73:2b:3e,384,-110;-96;8;0;11;30;9;25;7;21;4;17;0;14;-4;13;-8;12;-12;12;-15;14;-17;17;-18;19;-18;22;-17;24;-15;25;-13;25;-10;25;-7;23;-5;20;-3;16;-2;12;-2;8;-3;4;-5;0;-7;-3;-9;-5;-3;-2;0;0;0;0;0;0;0;0;0;0;0;0;0;0;0;0;0;0;3;-1;13;0;14;2;16;4;18;6;21;8;23;9;25;9;26;10;26;10;26;9;25;9;24;8;21;8;18;8;15;9;12;11;9;13;6;15;4;19;2;22;2;26;2;30;3;33;5;36;7;37;9;37;44;0;0;27;1;26;1;26;1;25;1;24;1;23;2;22;2;21;2;21;3;20;3;19;3;19;3;18;3;18;3;17;3;17;3;16;3;16;3;16;3;15;3;14;3;14;2;13;2;13;2;13;2;12;1;12;1;12;0;4;0;1;-1;-1;-1;-1;-1;-1;0;1;2;5;5;14;4;15;3;16;3;16;2;17;2;17;1;18;1;19;0;19;0;20;-1;20;-1;21;-2;21;-2;21;-2;22;-2;22;-2;22;-2;22;-2;23;-2;23;-2;23;-1;24;-1;24;-1;25;-1;25;0;26;0;26;0;27;44;0;5;8;5;8;6;8;6;8;6;8;5;8;5;8;5;8;5;7;5;7;5;7;6;7;6;8;6;8;5;8;5;8;5;8;5;8;5;8;5;9;5;9;4;9;4;9;3;9;3;9;2;9;2;9;1;9;0;3;0;1;-1;-1;-1;0;-1;-1;0;-1;2;-1;5;-1;5;-1;5;0;5;0;5;0;5;0;5;1;6;1;6;2;6;3;5;3;5;4;5;4;5;4;5;4;5;5;5;5;5;5;5;6;4;6;4;6;5;6;5;6;5;7;6;7;6;8;6;8;5;8,empty,EXP_S151,ZONE_02,sortie_zone,4.1,sortie_zone,sortie de la zone
932852313,-52,6,a0:9f:7a:73:2b:3e,384,-110;-96;8;0;-30;12;-26;11;-21;8;-17;5;-15;1;-13;-3;-12;-7;-13;-11;-14;-14;-16;-16;-19;-18;-22;-18;-24;-17;-25;-15;-26;-13;-25;-10;-24;-7;-21;-5;-17;-3;-13;-2;-9;-2;-4;-2;-1;-4;2;-6;5;-8;1;-2;0;0;0;0;0;0;0;0;0;0;0;0;0;0;0;0;0;0;0;3;1;12;-1;14;-3;16;-5;18;-6;21;-7;23;-8;25;-8;26;-8;26;-8;26;-8;25;-8;24;-8;21;-8;19;-9;16;-10;12;-12;9;-15;7;-18;5;-22;4;-26;3;-29;3;-33;4;-36;6;-37;8;-37;10;47;0;-26;5;-26;6;-25;6;-24;6;-23;6;-22;6;-21;6;-21;6;-20;6;-19;7;-18;8;-17;8;-17;8;-16;7;-16;7;-16;7;-16;7;-15;7;-14;7;-14;7;-13;6;-13;6;-12;6;-12;6;-12;6;-12;5;-11;5;-11;5;-4;1;-2;0;0;-1;0;-1;0;-1;-2;0;-5;2;-14;5;-15;5;-15;4;-16;4;-17;4;-18;3;-18;3;-19;2;-19;2;-20;1;-21;1;-21;1;-22;1;-22;1;-22;1;-22;1;-22;1;-22;1;-23;1;-23;1;-24;1;-25;2;-25;2;-25;3;-26;4;-26;4;-26;4;-26;5;47;0;-8;5;-8;6;-8;7;-8;7;-9;7;-9;7;-9;6;-8;6;-7;6;-7;6;-7;7;-7;7;-7;8;-8;8;-8;7;-8;7;-8;7;-8;7;-8;7;-9;7;-9;7;-9;7;-9;6;-9;6;-9;5;-9;5;-9;5;-10;4;-4;1;-2;0;0;-1;-1;-1;0;-1;0;0;0;1;1;5;0;5;0;5;-1;5;-1;5;-1;5;-1;5;-2;6;-3;6;-4;6;-4;6;-4;5;-4;5;-4;5;-5;5;-5;6;-6;6;-6;6;-7;5;-7;5;-7;5;-7;5;-6;6;-7;6;-7;7;-8;7;-8;7;-9;6,empty,EXP_S151,ZONE_02,sortie_zone,4.1,sortie_zone,sortie de la zone
933052457,-52,6,a0:9f:7a:73:2b:3e,384,-110;-96;8;0;23;19;20;16;16;13;12;11;7;10;2;10;-2;11;-6;13;-9;16;-10;19;-10;22;-10;24;-8;26;-6;27;-3;27;-1;26;1;23;3;20;3;16;3;11;2;7;0;3;-3;0;-6;-3;-8;-4;-3;-2;0;0;0;0;0;0;0;0;0;0;0;0;0;0;0;0;0;0;1;-3;8;-9;10;-9;12;-9;15;-9;18;-8;20;-8;22;-8;23;-8;24;-8;25;-8;24;-8;23;-7;21;-6;19;-4;17;-3;15;0;13;3;12;6;12;10;12;15;13;18;15;22;18;25;20;27;23;27;24;27;63;0;36;34;36;32;35;30;34;28;33;27;32;26;32;24;31;23;32;21;32;19;31;17;31;16;30;15;29;15;28;15;28;15;28;14;28;13;27;12;26;12;24;11;23;11;22;10;21;10;21;10;21;10;20;10;20;10;7;3;2;1;-1;-1;-2;-1;-1;-1;2;1;8;5;23;16;23;17;22;19;22;20;22;22;23;23;23;24;23;26;23;27;22;29;22;30;23;31;23;31;24;31;24;32;25;32;24;32;24;32;25;33;26;33;27;34;28;34;30;34;31;34;32;33;33;33;34;33;35;34;63;0;19;6;20;5;21;4;21;5;22;5;21;6;20;6;19;5;19;4;19;2;20;1;21;1;22;1;22;2;22;3;21;3;21;3;21;3;22;3;22;4;22;5;22;5;21;6;20;7;19;7;19;8;19;8;18;9;6;3;2;1;-1;-1;-1;0;-1;0;0;-1;2;-3;6;-6;7;-5;7;-4;7;-4;7;-3;8;-4;9;-4;10;-3;11;-3;12;-1;12;0;12;1;11;1;11;1;12;1;13;1;14;2;15;3;15;5;14;5;14;5;15;4;16;4;17;3;19;4;20;5;21;6;21;7,empty,EXP_S151,ZONE_02,sortie_zone,4.1,sortie_zone,sortie de la zone
933254142,-52,6,a0:9f:7a:73:2b:3e,384,-110;-96;8;0;13;29;11;24;7;20;3;18;-1;16;-5;15;-9;15;-12;17;-15;19;-16;21;-16;24;-16;26;-14;28;-12;28;-9;28;-6;26;-4;24;-3;20;-2;16;-2;12;-3;8;-5;4;-7;1;-10;-2;-12;-3;-4;-1;0;0;0;0;0;0;0;0;0;0;0;0;0;0;0;0;0;0;2;0;12;1;14;3;16;5;19;8;22;9;25;10;27;11;29;10;29;10;29;9;27;9;26;8;22;8;19;8;15;9;11;11;8;13;5;17;4;21;3;25;4;30;5;33;6;37;9;39;11;39;14;39;53;0;4;28;4;28;4;27;4;26;5;25;5;24;5;23;6;22;6;22;7;21;7;20;7;19;7;19;7;18;7;18;7;18;7;17;7;17;7;16;7;15;7;15;6;14;6;14;6;13;6;13;5;13;5;12;5;12;1;4;0;1;-1;-1;-1;-1;-1;-1;0;1;1;5;4;15;3;16;2;16;2;17;1;18;1;19;1;19;1;20;0;20;0;21;-1;22;-1;22;-2;23;-2;23;-2;23;-2;23;-1;23;-1;24;-1;24;-1;25;0;25;0;26;0;26;1;27;1;27;2;28;2;28;2;28;53;0;8;6;8;6;8;6;8;6;8;6;8;6;8;6;8;5;8;5;8;5;8;5;8;5;8;5;8;5;8;5;8;5;8;6;8;6;8;6;7;6;7;6;7;7;6;7;6;7;5;7;5;7;5;7;4;8;1;2;0;0;-1;-1;-1;0;-1;-1;0;-1;2;-1;6;0;6;0;6;1;6;1;6;1;7;2;7;2;7;2;7;3;7;3;7;4;7;4;7;4;7;4;7;4;7;5;7;5;7;5;7;6;7;6;7;6;7;6;7;6;8;6;8;6;8;6;8;7;8;7,empty,EXP_S151,ZONE_02,sortie_zone,4.1,sortie_zone,sortie de la zone
933452403,-53,6,a0:9f:7a:73:2b:3e,384,-110;-96;8;0;15;26;12;22;8;19;4;16;-1;14;-5;13;-9;13;-13;14;-15;16;-16;19;-17;21;-17;23;-16;25;-14;26;-12;26;-10;25;-8;23;-6;20;-5;16;-4;12;-4;8;-5;4;-6;1;-8;-2;-10;-5;-3;-2;0;0;0;0;0;0;0;0;0;0;0;0;0;0;0;0;0;0;2;-1;10;-2;13;0;16;2;20;3;24;5;27;5;30;5;31;5;32;4;31;2;30;1;27;1;24;1;20;2;16;4;12;7;9;10;6;14;5;19;4;24;5;28;7;32;9;35;12;36;14;37;16;36;48;0;5;27;5;26;5;25;6;24;6;23;6;22;6;22;7;21;7;20;7;19;8;18;8;18;8;17;8;17;8;16;8;16;8;15;8;15;8;15;7;14;7;13;6;13;6;13;6;12;6;12;6;12;5;12;5;12;1;4;0;1;-1;-1;-1;-1;-1;-1;0;1;1;5;5;15;4;16;3;17;3;17;2;18;2;18;2;19;1;20;1;20;0;20;0;21;0;21;-1;22;-1;22;-1;22;-1;22;-1;23;0;23;0;23;0;23;1;24;1;24;2;25;2;25;3;26;3;26;3;26;4;27;48;0;8;6;8;6;9;6;9;6;9;6;8;6;8;6;7;5;7;5;7;5;8;4;8;4;8;5;8;5;8;5;8;5;7;6;7;6;7;6;7;6;7;6;6;7;6;7;5;7;5;7;4;7;4;8;3;8;1;3;0;0;-1;-1;-1;-1;-1;-1;0;0;3;0;8;1;8;1;8;2;8;2;8;3;8;3;8;3;9;4;9;4;9;5;8;5;8;5;8;6;8;5;8;6;7;6;7;6;7;6;7;6;7;6;8;6;8;6;8;6;8;6;8;6;9;6;9;6;9;6,empty,EXP_S151,ZONE_02,sortie_zone,4.1,sortie_zone,sortie de la zone
933652318,-53,6,a0:9f:7a:73:2b:3e,384,-110;-96;8;0;-5;24;-6;20;-8;16;-10;13;-13;11;-15;10;-18;10;-20;10;-21;11;-22;12;-23;13;-23;15;-22;16;-20;16;-19;16;-17;16;-15;14;-13;12;-12;10;-10;7;-10;5;-9;2;-9;-1;-10;-3;-10;-5;-3;-2;0;0;0;0;0;0;0;0;0;0;0;0;0;0;0;0;0;0;2;2;8;11;9;15;10;18;12;21;14;24;16;25;18;26;20;25;20;24;19;22;17;19;15;17;11;15;6;14;2;14;-2;15;-6;17;-10;19;-12;23;-13;26;-13;30;-13;33;-12;35;-10;36;-7;36;-5;35;45;0;-19;19;-18;19;-18;18;-17;18;-16;18;-16;17;-15;17;-14;17;-13;16;-12;16;-12;16;-11;16;-11;16;-11;15;-11;15;-11;15;-10;14;-10;14;-10;14;-10;13;-10;13;-10;12;-9;12;-9;11;-9;11;-10;10;-10;10;-10;9;-4;3;-2;0;0;-1;0;-2;0;-1;-1;1;-2;6;-6;16;-7;16;-8;16;-9;16;-10;16;-11;16;-12;16;-13;16;-14;17;-14;17;-15;17;-16;16;-16;16;-17;16;-17;16;-17;16;-17;16;-18;16;-18;16;-18;16;-18;16;-19;17;-19;17;-19;18;-19;18;-19;19;-19;19;-19;19;45;0;4;7;4;7;4;7;4;7;3;7;3;7;3;6;3;6;2;6;2;6;2;6;2;6;2;6;1;6;1;6;0;6;0;6;-1;6;-1;6;-2;6;-2;6;-3;6;-3;6;-3;5;-4;5;-4;4;-5;4;-5;4;-2;1;-1;0;0;-1;-1;-1;-1;-1;0;0;3;1;8;3;8;3;8;4;8;4;7;5;7;5;7;5;7;5;7;6;7;6;7;7;6;7;6;7;6;7;5;7;5;7;5;7;5;7;5;7;5;7;5;7;5;7;5;7;5;8;5;8;5;8;5;8;5;8,empty,EXP_S151,ZONE_02,sortie_zone,4.1,sortie_zone,sortie de la zone
933852434,-52,6,a0:9f:7a:73:2b:3e,384,-110;-96;8;0;22;-18;19;-15;17;-11;15;-7;15;-3;15;0;16;3;17;5;19;6;21;6;23;6;25;5;25;4;25;3;24;1;23;-1;20;-2;18;-2;15;-2;11;-1;8;0;6;2;4;4;2;6;1;8;0;2;0;0;0;0;0;0;0;0;0;0;0;0;0;0;0;0;0;0;-1;-3;0;-13;2;-15;4;-18;6;-22;7;-25;8;-28;8;-30;7;-32;6;-32;5;-32;3;-30;3;-27;3;-24;4;-20;6;-16;9;-13;12;-11;16;-9;20;-8;24;-9;28;-10;30;-12;32;-15;33;-17;32;-20;31;-21;48;0;24;-11;24;-10;23;-10;22;-10;21;-10;20;-10;19;-10;18;-10;17;-10;17;-11;16;-11;15;-11;15;-10;14;-10;14;-10;14;-10;13;-10;13;-10;12;-10;12;-9;11;-9;11;-8;11;-8;10;-8;10;-8;10;-7;10;-7;10;-6;3;-3;1;-1;-1;0;-1;0;-1;0;1;-2;5;-4;14;-11;15;-10;15;-10;16;-9;17;-9;18;-9;18;-9;19;-8;20;-8;20;-8;21;-7;22;-7;22;-6;22;-6;22;-6;22;-6;22;-6;22;-6;23;-7;23;-7;23;-7;24;-8;24;-8;24;-8;24;-9;25;-9;25;-9;25;-10;48;0;3;-9;3;-9;2;-9;2;-9;2;-9;3;-8;2;-8;2;-8;2;-8;2;-8;2;-8;2;-8;3;-8;3;-8;3;-8;3;-7;3;-7;3;-7;4;-7;4;-7;4;-7;5;-6;5;-6;5;-5;5;-5;6;-5;6;-4;6;-4;2;-2;0;-1;-1;0;0;0;0;0;-1;-1;-1;-3;-2;-9;-2;-9;-1;-9;-1;-9;-1;-9;0;-9;0;-9;0;-10;0;-10;1;-10;1;-10;2;-10;2;-10;2;-9;2;-9;2;-9;2;-9;2;-9;2;-9;3;-9;2;-9;2;-9;2;-9;2;-10;2;-10;3;-10;3;-10;3;-10,empty,EXP_S151,ZONE_02,sortie_zone,4.1,sortie_zone,sortie de la zone
934054106,-54,6,a0:9f:7a:73:2b:3e,384,-110;-96;8;0;-11;17;-9;11;-8;5;-7;-1;-7;-7;-8;-11;-9;-15;-10;-18;-12;-21;-13;-22;-15;-22;-15;-22;-16;-21;-15;-19;-14;-17;-13;-15;-10;-13;-8;-11;-5;-8;-2;-6;1;-4;4;-2;7;0;9;1;11;1;3;0;0;0;0;0;0;0;0;0;0;0;0;0;0;0;0;0;0;0;2;0;10;0;13;0;18;1;23;1;26;2;29;1;31;1;32;1;32;0;30;0;26;0;22;0;16;0;11;2;5;3;-1;5;-7;8;-11;12;-15;15;-18;20;-21;23;-22;27;-22;29;-22;31;-20;31;-18;30;70;0;-18;13;-17;13;-16;12;-16;12;-15;11;-15;11;-14;11;-13;11;-12;11;-11;11;-11;11;-10;11;-10;11;-10;10;-10;10;-10;11;-9;11;-9;10;-8;10;-8;9;-8;9;-8;8;-8;8;-8;8;-8;8;-7;8;-8;7;-8;7;-3;2;-1;0;0;-1;0;-1;0;-1;-1;1;-4;3;-10;10;-10;10;-11;10;-12;10;-13;10;-13;10;-14;10;-14;9;-15;9;-15;8;-16;8;-17;8;-17;9;-17;9;-17;9;-17;9;-17;8;-17;8;-17;8;-18;9;-18;10;-18;10;-18;11;-17;11;-17;11;-18;11;-18;12;-18;12;70;0;4;12;5;12;5;12;4;12;4;12;3;11;3;10;3;10;3;9;4;9;4;9;4;9;3;9;3;9;2;9;2;9;2;9;2;9;2;9;1;9;1;9;0;8;0;8;-1;7;-1;7;-1;7;-2;7;-2;7;-1;2;-1;0;0;-1;-1;-1;-1;-1;1;0;3;3;8;9;7;10;6;10;6;10;5;10;5;11;5;11;5;12;5;13;4;13;4;13;3;13;3;13;3;13;4;13;4;13;3;13;3;13;3;13;3;13;3;12;4;13;5;13;5;13;5;14;5;14;4;14;4;14,empty,EXP_S151,ZONE_02,sortie_zone,4.1,sortie_zone,sortie de la zone
934252456,-57,6,a0:9f:7a:73:2b:3e,384,-110;-96;8;0;-29;-29;-26;-26;-23;-21;-21;-16;-19;-11;-19;-5;-19;0;-20;5;-20;9;-22;12;-24;14;-27;16;-28;17;-29;17;-30;16;-30;14;-30;13;-28;11;-26;9;-23;8;-20;7;-16;7;-13;8;-11;9;-9;11;-2;2;0;0;0;0;0;0;0;0;0;0;0;0;0;0;0;0;0;0;1;-1;3;-5;1;-7;-2;-11;-3;-16;-3;-22;-2;-27;1;-31;4;-34;8;-35;11;-34;14;-32;15;-29;15;-26;13;-22;10;-19;5;-16;0;-14;-6;-13;-12;-13;-18;-14;-23;-15;-28;-18;-32;-21;-34;-24;-36;-27;-36;-29;-108;0;-7;-12;-8;-12;-8;-11;-8;-10;-8;-9;-7;-8;-7;-8;-8;-7;-8;-7;-8;-6;-8;-5;-8;-5;-8;-4;-8;-4;-8;-4;-8;-4;-8;-4;-8;-3;-8;-3;-8;-3;-8;-2;-7;-2;-7;-2;-7;-3;-7;-3;-7;-3;-7;-3;-7;-3;-3;-1;-1;-1;0;0;0;0;0;0;-1;-2;-1;-4;-2;-11;-2;-12;-1;-12;-1;-12;-1;-12;-1;-13;-1;-13;-1;-13;-1;-13;0;-13;0;-13;0;-13;0;-13;-1;-13;-1;-13;-1;-13;-2;-13;-2;-13;-2;-13;-2;-13;-3;-13;-4;-13;-5;-13;-5;-13;-6;-13;-6;-12;-6;-12;-6;-12;-108;0;-23;-21;-23;-21;-24;-21;-24;-20;-23;-19;-23;-18;-23;-17;-23;-16;-22;-15;-22;-15;-22;-14;-22;-13;-23;-13;-23;-13;-22;-13;-22;-14;-21;-14;-21;-14;-20;-14;-20;-14;-19;-14;-18;-14;-17;-13;-16;-13;-16;-14;-15;-14;-14;-14;-13;-15;-5;-6;-2;-2;0;0;0;0;0;0;-2;-2;-5;-4;-12;-11;-12;-12;-11;-13;-11;-14;-11;-14;-11;-14;-12;-15;-12;-16;-13;-17;-13;-18;-13;-18;-13;-19;-13;-19;-13;-19;-13;-19;-14;-19;-14;-20;-14;-20;-15;-20;-16;-20;-17;-20;-18;-20;-19;-20;-20;-21;-21;-21;-22;-21;-23;-22;-24;-22,empty,EXP_S151,ZONE_02,sortie_zone,4.1,sortie_zone,sortie de la zone
934452329,-54,6,a0:9f:7a:73:2b:3e,384,-110;-96;8;0;-9;46;-7;45;-5;41;-3;36;-2;30;-1;23;-1;15;-2;8;-4;1;-7;-6;-10;-12;-13;-17;-17;-22;-20;-25;-23;-27;-25;-28;-26;-29;-26;-28;-25;-26;-23;-23;-20;-19;-17;-16;-13;-12;-9;-8;-5;-6;-1;-2;0;0;0;0;0;0;0;0;0;0;0;0;0;0;0;0;0;0;-5;-2;-17;-5;-14;-6;-9;-6;-4;-7;2;-8;9;-8;15;-9;20;-10;25;-11;29;-12;32;-12;33;-13;33;-13;32;-13;30;-13;26;-12;22;-11;17;-8;12;-4;7;1;2;7;-2;13;-6;21;-9;28;-11;34;-12;39;80;0;5;26;5;26;6;25;7;24;7;22;7;21;7;20;7;20;7;20;8;19;9;19;10;18;10;17;9;16;9;16;9;17;9;17;9;17;9;17;9;16;8;15;8;15;7;14;7;14;6;15;6;15;5;15;5;15;1;5;0;1;-1;-1;-1;-1;-1;-1;0;1;1;5;4;15;3;15;2;15;1;16;1;16;0;17;0;18;0;19;0;19;0;19;-1;19;-1;20;-1;20;-1;20;-1;21;-1;21;0;21;0;21;0;21;0;21;0;22;0;23;1;24;2;24;3;25;4;25;5;25;5;25;80;0;-10;17;-9;17;-9;17;-8;17;-8;18;-8;18;-8;18;-9;17;-8;16;-7;16;-7;15;-6;16;-6;16;-6;17;-7;17;-8;16;-8;15;-8;15;-8;14;-8;14;-8;14;-9;13;-9;13;-10;12;-10;11;-10;10;-10;9;-10;9;-4;3;-2;0;0;-1;0;-1;0;-1;-1;1;-1;3;-3;9;-4;10;-5;10;-6;10;-6;10;-7;9;-6;9;-6;10;-7;10;-7;11;-8;12;-8;12;-9;11;-9;11;-8;11;-8;11;-8;12;-8;12;-9;13;-9;13;-10;13;-10;13;-9;14;-9;14;-8;16;-8;17;-8;18;-9;19,empty,EXP_S151,ZONE_02,sortie_zone,4.1,sortie_zone,sortie de la zone
934661188,-54,6,a0:9f:7a:73:2b:3e,384,-110;-96;8;0;-19;40;-17;39;-14;37;-11;34;-8;30;-6;24;-4;18;-4;11;-5;4;-6;-2;-9;-8;-12;-14;-15;-18;-18;-22;-21;-25;-23;-26;-25;-26;-25;-25;-25;-23;-24;-21;-22;-18;-18;-15;-15;-11;-11;-9;-7;-6;-2;-2;0;0;0;0;0;0;0;0;0;0;0;0;0;0;0;0;0;0;-3;-5;-11;-16;-8;-15;-5;-13;-1;-11;3;-8;8;-5;12;-3;17;-1;22;1;26;2;29;3;31;3;32;3;32;2;31;2;29;2;25;2;21;1;16;2;10;4;4;7;-1;11;-7;15;-11;21;-15;26;-17;30;73;0;-8;24;-8;24;-8;23;-7;22;-7;22;-6;21;-6;21;-5;21;-5;20;-4;20;-3;20;-3;20;-3;19;-3;19;-3;19;-3;19;-3;18;-3;18;-3;18;-4;17;-4;17;-4;17;-4;16;-4;16;-4;15;-5;15;-6;14;-6;14;-3;5;-1;1;0;-1;0;-1;0;-1;0;1;-1;5;-2;14;-3;15;-4;15;-4;15;-5;15;-6;16;-6;16;-7;16;-7;17;-8;17;-9;17;-9;17;-9;17;-9;18;-10;18;-10;18;-10;18;-10;18;-10;19;-10;19;-10;19;-10;20;-10;21;-10;21;-9;22;-9;23;-9;23;-8;23;73;0;-17;6;-17;6;-17;6;-16;6;-16;6;-16;6;-16;6;-16;6;-16;6;-15;6;-15;6;-15;6;-15;6;-15;6;-15;6;-15;6;-15;5;-15;5;-15;4;-15;3;-15;3;-15;2;-15;2;-14;1;-14;1;-14;0;-14;-1;-14;-1;-5;-1;-2;-1;0;-1;0;-1;0;-1;-1;0;-3;1;-8;4;-8;4;-8;3;-9;3;-9;3;-9;3;-10;3;-10;3;-10;3;-11;3;-11;2;-11;2;-12;2;-12;2;-12;2;-12;2;-12;3;-13;3;-13;3;-13;3;-14;4;-14;4;-15;4;-15;5;-15;5;-16;6;-16;6;-16;6,empty,EXP_S151,ZONE_02,sortie_zone,4.1,sortie_zone,sortie de la zone
934852531,-55,6,a0:9f:7a:73:2b:3e,384,-110;-96;8;0;32;26;33;24;32;21;31;17;27;13;23;10;17;7;11;6;5;6;-1;8;-6;10;-11;13;-15;17;-17;21;-19;25;-19;28;-18;30;-16;31;-14;31;-12;29;-9;26;-7;22;-6;17;-5;12;-4;8;-1;1;0;0;0;0;0;0;0;0;0;0;0;0;0;0;0;0;0;0;-4;-4;-14;-14;-12;-14;-9;-14;-6;-13;-2;-13;2;-13;7;-13;11;-14;15;-15;19;-16;22;-16;24;-17;24;-18;24;-19;23;-19;21;-19;19;-17;17;-15;15;-11;14;-7;13;-2;13;4;15;10;17;16;20;21;23;24;59;0;25;7;25;7;25;6;24;6;24;5;23;5;22;4;21;4;21;4;21;4;21;3;21;2;21;2;20;2;19;2;19;3;19;3;19;4;19;4;19;3;18;3;17;3;16;4;16;5;15;5;15;6;15;7;15;7;5;2;1;0;-1;-1;-1;0;-1;-1;1;-1;5;-1;15;-2;15;-1;16;0;16;1;17;2;17;2;18;3;18;3;19;4;19;5;19;5;19;6;19;6;19;7;20;7;20;7;20;7;20;7;20;7;20;7;21;8;22;8;22;8;23;7;24;7;24;7;25;6;25;6;59;0;4;13;4;13;5;12;6;12;6;13;6;13;5;14;5;14;4;13;4;13;4;12;5;12;5;13;5;13;5;14;4;14;3;14;2;13;2;13;2;13;2;13;2;13;1;13;0;13;-1;13;-2;12;-3;12;-3;12;-1;4;-1;1;0;-1;-1;-1;-1;-1;0;0;1;1;3;4;3;5;2;5;2;6;2;6;1;6;1;6;2;5;2;6;3;6;3;7;2;8;2;8;1;8;1;7;2;7;2;7;3;8;3;9;3;9;3;10;3;10;3;10;3;10;4;10;5;11;5;12;5;13,empty,EXP_S151,ZONE_02,sortie_zone,4.1,sortie_zone,sortie de la zone
935053254,-54,6,a0:9f:7a:73:2b:3e,384,-110;-96;8;0;-42;9;-41;11;-38;13;-34;13;-30;13;-24;11;-19;9;-14;6;-9;1;-5;-4;-3;-10;-1;-16;0;-21;0;-26;-1;-30;-2;-33;-3;-35;-4;-35;-6;-34;-7;-31;-7;-28;-7;-23;-7;-18;-5;-14;-3;-10;-1;-3;0;0;0;0;0;0;0;0;0;0;0;0;0;0;0;0;0;0;3;-4;14;-16;13;-14;13;-11;12;-8;10;-4;9;1;8;6;7;11;7;16;7;21;7;24;8;27;9;29;10;30;10;29;10;28;10;25;8;22;6;19;3;15;-2;11;-7;8;-13;6;-20;5;-26;5;-31;5;74;0;-25;8;-25;8;-24;9;-23;9;-22;9;-21;9;-21;8;-20;8;-20;8;-20;9;-19;9;-18;10;-18;10;-17;9;-17;9;-17;8;-17;8;-18;8;-17;7;-17;7;-17;7;-16;6;-16;6;-16;5;-16;5;-16;4;-16;3;-16;3;-6;1;-2;0;0;-1;0;-1;0;-1;-2;1;-4;3;-12;10;-12;9;-13;9;-14;8;-15;8;-16;7;-16;7;-17;7;-18;7;-18;6;-19;6;-19;5;-19;5;-20;5;-20;5;-21;5;-21;5;-21;5;-21;5;-21;5;-22;5;-22;6;-23;6;-23;7;-24;7;-24;8;-24;9;-24;9;74;0;-12;-12;-12;-11;-12;-11;-13;-10;-13;-10;-13;-10;-13;-10;-13;-10;-12;-10;-12;-10;-12;-9;-12;-9;-13;-9;-13;-10;-13;-10;-13;-11;-12;-11;-11;-11;-11;-11;-11;-11;-11;-11;-10;-11;-10;-12;-9;-12;-8;-12;-7;-12;-7;-12;-6;-12;-2;-5;-1;-2;0;0;0;0;0;0;-1;-1;-3;-2;-7;-5;-7;-5;-7;-6;-7;-6;-6;-7;-6;-7;-6;-7;-6;-7;-7;-7;-7;-7;-7;-8;-7;-8;-7;-9;-6;-9;-6;-9;-7;-9;-7;-8;-8;-8;-8;-9;-9;-9;-9;-10;-9;-10;-9;-10;-10;-10;-11;-9;-12;-10;-12;-10;-13;-10,empty,EXP_S151,ZONE_02,sortie_zone,4.1,sortie_zone,sortie de la zone
935262618,-53,6,a0:9f:7a:73:2b:3e,384,-110;-96;8;0;35;17;36;15;35;13;33;10;29;7;24;5;19;4;13;3;6;4;1;5;-5;8;-9;11;-13;14;-16;18;-18;21;-18;24;-18;26;-17;27;-16;26;-14;25;-11;23;-9;19;-7;15;-5;11;-4;7;-1;1;0;0;0;0;0;0;0;0;0;0;0;0;0;0;0;0;0;0;-6;0;-21;2;-20;1;-18;0;-14;-2;-11;-4;-7;-7;-3;-10;1;-14;4;-17;7;-21;9;-24;11;-27;11;-28;11;-30;10;-30;9;-29;8;-26;7;-23;6;-19;6;-15;7;-9;10;-3;13;3;17;8;21;12;25;14;62;0;24;2;24;2;23;2;23;1;22;1;21;1;21;1;20;0;20;0;19;0;19;0;19;-1;18;-1;18;-1;18;0;18;0;18;0;17;1;17;1;17;1;16;1;15;1;15;2;14;2;14;3;14;3;13;4;13;4;4;1;1;0;-1;-1;-1;0;-1;0;1;-1;4;-3;13;-6;14;-6;14;-5;15;-4;15;-3;16;-3;17;-2;17;-2;18;-1;18;-1;18;0;18;0;19;1;19;2;19;2;19;2;20;2;20;2;20;2;20;2;21;2;21;2;22;2;22;2;23;2;23;1;24;1;24;1;62;0;5;14;5;13;5;13;5;13;5;13;5;13;5;13;5;12;5;12;5;12;5;11;5;11;5;12;5;12;5;13;5;13;4;13;4;13;3;12;3;12;3;12;2;12;1;12;1;12;0;12;-1;12;-1;11;-2;11;-1;4;-1;1;-1;-1;-1;-1;-1;-1;0;0;1;2;4;6;4;6;4;6;3;7;3;7;3;8;2;8;3;8;3;8;3;8;3;9;2;9;2;9;2;10;2;10;2;9;2;9;3;10;3;10;3;10;3;11;4;11;4;11;4;12;5;12;5;12;5;13;6;13,empty,EXP_S151,ZONE_02,sortie_zone,4.1,sortie_zone,sortie de la zone
935452304,-53,6,a0:9f:7a:73:2b:3e,384,-110;-96;8;0;-23;28;-21;29;-18;29;-15;27;-12;24;-10;21;-7;16;-6;10;-5;5;-6;0;-7;-6;-9;-10;-12;-14;-14;-17;-17;-19;-19;-20;-21;-21;-22;-20;-22;-18;-21;-16;-19;-14;-17;-11;-14;-8;-10;-6;-7;-5;-2;-2;0;0;0;0;0;0;0;0;0;0;0;0;0;0;0;0;0;0;0;-5;0;-20;1;-18;2;-16;3;-13;4;-9;6;-5;8;-1;11;3;13;7;16;10;18;12;21;13;22;15;23;15;23;14;23;13;21;11;19;10;15;9;11;8;6;8;0;9;-5;11;-10;14;-15;17;-18;19;61;0;-9;43;-8;43;-7;42;-6;41;-5;40;-4;38;-4;36;-4;35;-4;35;-3;35;-2;35;-1;34;0;33;0;32;-1;31;-2;31;-3;31;-4;31;-4;31;-3;31;-3;29;-3;28;-4;26;-5;26;-6;25;-7;25;-9;26;-9;26;-4;9;-2;2;0;-1;-1;-2;-1;-1;0;2;2;9;7;26;6;26;4;27;3;27;1;28;-1;29;-2;31;-3;32;-3;33;-4;33;-5;33;-6;33;-8;33;-9;34;-9;34;-9;35;-8;35;-8;35;-8;36;-8;36;-9;36;-9;37;-9;39;-9;40;-8;41;-7;42;-7;42;-7;42;61;0;-27;6;-26;6;-25;7;-24;8;-24;10;-25;10;-26;9;-26;9;-25;8;-24;7;-22;8;-22;9;-22;10;-23;10;-24;10;-25;8;-25;7;-25;6;-24;6;-23;6;-23;6;-24;5;-24;4;-24;2;-23;1;-23;-1;-22;-2;-21;-2;-8;-1;-3;-1;0;-1;0;-1;0;-1;-2;0;-5;2;-13;5;-13;5;-14;5;-16;4;-16;3;-17;2;-17;2;-16;2;-17;2;-17;3;-18;3;-19;2;-20;1;-19;0;-19;0;-18;1;-18;2;-19;4;-21;4;-22;4;-23;4;-23;3;-22;4;-22;5;-23;7;-24;8;-25;9;-26;9,empty,EXP_S151,ZONE_02,sortie_zone,4.1,sortie_zone,sortie de la zone
935652267,-53,6,a0:9f:7a:73:2b:3e,384,-110;-96;8;0;-36;-16;-37;-15;-36;-12;-34;-10;-30;-7;-26;-5;-20;-3;-14;-3;-8;-4;-2;-6;3;-8;7;-11;11;-15;14;-18;16;-22;17;-24;17;-26;16;-28;14;-27;12;-26;10;-23;8;-20;6;-17;4;-12;3;-9;0;-2;0;0;0;0;0;0;0;0;0;0;0;0;0;0;0;0;0;0;5;-2;20;-7;19;-6;17;-4;14;-2;11;1;7;4;4;8;0;11;-3;15;-6;19;-8;23;-9;26;-9;28;-9;29;-9;29;-8;28;-7;27;-6;24;-5;20;-6;15;-7;10;-9;4;-13;-1;-17;-6;-22;-11;-26;-14;61;0;-25;0;-25;0;-24;1;-23;1;-22;2;-21;2;-20;1;-20;1;-20;1;-20;2;-20;3;-19;3;-19;4;-18;3;-18;3;-18;2;-18;2;-18;1;-18;1;-17;1;-17;1;-16;1;-16;1;-15;0;-15;-1;-15;-1;-15;-2;-15;-2;-6;-1;-2;-1;0;0;0;-1;0;-1;-2;0;-5;2;-13;7;-14;6;-14;5;-15;5;-15;4;-16;3;-17;3;-18;2;-18;2;-19;2;-19;1;-19;1;-19;0;-20;0;-20;0;-21;0;-21;0;-21;0;-20;0;-21;-1;-21;-1;-22;-1;-23;-1;-23;0;-24;0;-24;1;-24;1;-24;1;61;0;-6;-15;-6;-14;-7;-13;-7;-13;-8;-13;-8;-13;-8;-13;-8;-13;-7;-13;-7;-13;-7;-12;-8;-12;-9;-12;-9;-12;-8;-13;-8;-13;-7;-13;-6;-13;-6;-12;-6;-12;-6;-12;-6;-12;-5;-13;-4;-13;-4;-13;-3;-12;-2;-12;-2;-12;-1;-4;-1;-2;0;0;0;0;0;0;-1;-1;-2;-3;-5;-7;-5;-7;-5;-8;-4;-9;-4;-9;-3;-9;-3;-9;-3;-9;-3;-9;-4;-10;-4;-10;-4;-11;-3;-11;-3;-11;-3;-10;-3;-10;-4;-10;-4;-10;-5;-11;-5;-12;-5;-12;-4;-12;-4;-12;-5;-12;-6;-12;-7;-12;-8;-13;-8;-14,empty,EXP_S151,ZONE_02,sortie_zone,4.1,sortie_zone,sortie de la zone
935857085,-54,6,a0:9f:7a:73:2b:3e,384,-110;-96;8;0;-32;23;-31;24;-28;25;-24;24;-20;22;-16;19;-13;16;-10;11;-7;5;-6;-1;-6;-6;-7;-12;-8;-17;-10;-21;-12;-25;-14;-27;-15;-27;-17;-27;-18;-25;-18;-23;-17;-20;-15;-17;-12;-13;-9;-10;-6;-7;-2;-2;0;0;0;0;0;0;0;0;0;0;0;0;0;0;0;0;0;0;1;-6;6;-21;6;-20;6;-17;6;-14;7;-10;8;-6;8;-1;10;4;11;9;13;13;14;17;16;20;18;22;20;22;20;22;20;21;19;19;17;17;14;14;11;12;6;11;0;10;-6;10;-13;11;-19;13;-23;14;64;0;-15;44;-14;44;-14;44;-13;43;-12;42;-11;40;-10;39;-10;38;-9;37;-9;37;-8;37;-7;36;-6;35;-6;34;-7;33;-8;33;-8;33;-9;33;-9;32;-9;32;-9;30;-9;29;-9;28;-10;26;-11;25;-12;25;-14;25;-14;25;-6;9;-2;2;0;-1;-1;-2;-1;-1;0;3;1;10;4;28;3;29;1;29;0;30;-2;30;-3;32;-5;33;-6;34;-7;35;-8;35;-9;35;-11;36;-12;36;-13;35;-14;35;-14;36;-14;36;-14;36;-14;37;-14;38;-14;39;-15;39;-15;41;-14;42;-14;44;-14;44;-14;44;-14;44;64;0;-30;1;-30;1;-29;2;-28;3;-28;4;-28;4;-29;4;-29;4;-28;3;-27;3;-26;4;-26;5;-26;6;-27;6;-28;5;-28;3;-28;2;-28;1;-27;1;-27;1;-27;0;-27;0;-27;-1;-26;-3;-25;-4;-24;-5;-24;-6;-23;-7;-9;-3;-3;-1;0;0;0;-1;0;-1;-2;0;-6;1;-16;2;-16;2;-17;1;-18;0;-18;-1;-18;-2;-18;-3;-18;-3;-18;-3;-19;-2;-20;-2;-21;-3;-21;-4;-21;-4;-20;-4;-20;-4;-20;-3;-21;-3;-22;-2;-23;-2;-24;-2;-24;-2;-25;-1;-25;0;-26;1;-27;3;-28;3;-29;3,empty,EXP_S151,ZONE_02,sortie_zone,4.1,sortie_zone,sortie de la zone
936052358,-54,6,a0:9f:7a:73:2b:3e,384,-110;-96;8;0;35;-13;35;-14;33;-16;30;-16;26;-15;21;-14;16;-12;12;-8;8;-4;4;1;2;6;1;12;0;17;0;22;1;26;2;29;3;30;5;30;6;29;6;27;7;24;6;20;5;16;4;11;3;8;0;1;0;0;0;0;0;0;0;0;0;0;0;0;0;0;0;0;0;0;-3;4;-11;19;-11;18;-11;15;-10;12;-10;8;-9;3;-9;-1;-9;-7;-10;-12;-11;-16;-11;-20;-12;-23;-13;-26;-14;-27;-15;-27;-16;-26;-15;-24;-14;-22;-12;-19;-8;-16;-4;-13;2;-10;8;-9;14;-8;21;-8;25;-8;59;0;16;-17;16;-17;16;-17;15;-16;15;-16;14;-15;13;-15;13;-15;13;-14;12;-14;12;-14;12;-14;11;-14;11;-13;11;-13;11;-13;12;-12;12;-12;12;-12;11;-11;11;-11;11;-10;11;-10;11;-9;11;-8;12;-7;12;-7;12;-6;4;-3;1;-1;-1;0;-1;0;-1;0;0;-2;0;-6;2;-15;3;-15;4;-15;5;-15;6;-15;7;-15;7;-15;8;-15;9;-15;10;-16;10;-15;11;-15;12;-14;13;-14;13;-14;13;-14;13;-14;13;-14;14;-15;14;-15;14;-15;14;-15;15;-16;15;-17;16;-17;16;-17;16;-17;16;-17;59;0;12;6;12;6;12;6;12;5;12;5;13;5;13;5;13;5;12;5;12;5;12;4;12;4;12;4;12;4;12;5;12;5;12;6;11;6;11;6;11;6;10;7;10;7;10;7;9;8;9;8;8;9;7;9;7;9;2;3;0;1;-1;-1;-1;-1;-1;-1;0;0;2;0;7;1;7;2;7;2;7;3;7;3;7;4;7;4;7;4;7;4;7;4;8;5;8;5;8;5;7;6;7;6;7;5;8;5;8;5;8;5;9;5;9;5;10;5;10;6;11;5;11;5;12;5;12;5;13;5,empty,EXP_S151,ZONE_02,sortie_zone,4.1,sortie_zone,sortie de la zone
936253245,-53,6,a0:9f:7a:73:2b:3e,384,-110;-96;8;0;38;-8;38;-9;36;-11;33;-12;29;-13;24;-12;18;-10;13;-7;9;-3;5;2;3;7;1;12;0;18;0;22;1;26;2;29;4;31;5;31;6;30;7;27;8;24;8;20;7;16;5;11;3;8;0;1;0;0;0;0;0;0;0;0;0;0;0;0;0;0;0;0;0;0;-5;3;-19;14;-18;12;-17;10;-15;8;-13;4;-11;0;-9;-4;-7;-9;-6;-14;-5;-19;-5;-23;-5;-27;-6;-29;-6;-31;-7;-31;-8;-30;-8;-28;-8;-26;-6;-23;-4;-19;0;-15;4;-11;10;-8;16;-6;22;-5;26;-4;72;0;20;-15;19;-15;19;-15;18;-15;17;-15;16;-14;15;-14;15;-14;14;-14;14;-14;14;-14;13;-14;13;-14;12;-14;12;-13;12;-13;13;-13;13;-12;13;-12;12;-12;12;-12;11;-11;11;-10;11;-10;12;-9;12;-8;12;-8;13;-7;4;-3;1;-1;-1;0;-1;0;-1;0;0;-2;2;-5;6;-14;7;-14;8;-13;9;-13;10;-13;11;-13;12;-13;13;-13;14;-13;14;-13;14;-13;15;-12;15;-12;16;-12;16;-12;17;-12;17;-12;17;-12;17;-12;17;-12;17;-12;18;-13;18;-13;19;-14;19;-14;19;-15;19;-15;19;-16;72;0;11;9;11;8;11;7;12;6;12;6;13;6;13;6;12;7;12;7;11;6;11;6;11;5;12;5;13;5;13;6;12;6;12;7;11;7;11;6;10;6;10;6;10;6;10;7;10;8;9;8;8;8;8;8;7;8;2;3;0;0;-1;-1;-1;-1;-1;-1;0;0;2;1;6;4;6;4;6;5;6;5;6;6;5;6;5;6;5;6;5;6;6;6;6;7;6;7;6;8;5;8;5;8;5;7;6;7;7;7;7;7;8;7;8;8;8;8;8;8;8;7;9;7;10;7;11;7;12;7,empty,EXP_S151,ZONE_02,sortie_zone,4.1,sortie_zone,sortie de la zone
936455136,-53,6,a0:9f:7a:73:2b:3e,384,-110;-96;8;0;-39;6;-39;8;-37;9;-33;10;-29;11;-24;10;-19;9;-14;6;-9;2;-5;-3;-2;-8;0;-13;2;-18;2;-23;2;-27;1;-30;0;-31;-2;-32;-4;-31;-5;-29;-6;-25;-6;-21;-6;-17;-5;-13;-4;-9;-1;-2;0;0;0;0;0;0;0;0;0;0;0;0;0;0;0;0;0;0;3;-5;15;-18;14;-17;14;-14;13;-11;11;-8;10;-4;8;1;7;6;7;11;7;16;7;21;7;24;7;27;8;28;9;29;9;28;9;26;8;24;7;20;4;17;1;13;-4;10;-10;7;-16;5;-22;4;-27;3;76;0;-22;9;-22;9;-22;9;-21;9;-20;9;-19;9;-19;8;-18;8;-18;8;-17;9;-17;9;-16;9;-16;9;-15;9;-15;8;-15;8;-15;8;-15;8;-15;7;-15;7;-14;7;-14;6;-14;6;-13;5;-13;5;-13;4;-14;4;-14;3;-5;1;-2;0;0;-1;0;-1;0;-1;-1;1;-4;3;-10;10;-11;10;-12;9;-13;9;-14;9;-14;9;-15;8;-16;8;-16;8;-17;8;-18;7;-18;7;-19;6;-19;6;-19;6;-19;6;-19;6;-19;6;-20;6;-20;6;-20;7;-21;7;-21;7;-21;8;-22;8;-22;8;-22;9;-22;9;76;0;-10;-12;-10;-12;-10;-11;-11;-11;-11;-11;-11;-10;-11;-10;-11;-10;-11;-10;-11;-9;-11;-9;-11;-9;-11;-9;-12;-9;-12;-10;-11;-10;-11;-10;-11;-10;-10;-10;-10;-10;-10;-10;-10;-10;-9;-11;-9;-11;-8;-11;-7;-11;-6;-12;-6;-12;-2;-5;-1;-2;0;0;0;0;0;0;-1;-1;-2;-3;-5;-7;-5;-7;-5;-8;-5;-8;-5;-8;-4;-8;-4;-9;-4;-9;-4;-9;-4;-9;-4;-9;-4;-9;-4;-10;-4;-10;-4;-10;-4;-10;-5;-10;-5;-10;-6;-10;-6;-10;-6;-10;-7;-10;-7;-10;-8;-11;-9;-11;-9;-11;-10;-11;-10;-11,empty,EXP_S151,ZONE_02,sortie_zone,4.1,sortie_zone,sortie de la zone
936654874,-54,6,a0:9f:7a:73:2b:3e,384,-110;-96;8;0;5;37;7;37;8;36;9;33;10;29;9;24;8;19;5;14;2;9;-2;4;-7;0;-12;-2;-17;-4;-22;-5;-26;-6;-29;-6;-30;-5;-31;-4;-30;-3;-29;-2;-26;-1;-22;0;-18;0;-13;0;-10;0;-3;0;0;0;0;0;0;0;0;0;0;0;0;0;0;0;0;0;0;0;-6;-3;-22;-10;-21;-10;-19;-10;-16;-9;-12;-8;-7;-8;-2;-8;4;-8;9;-8;14;-9;19;-9;23;-10;26;-11;27;-12;28;-13;27;-14;26;-14;23;-13;20;-12;16;-9;13;-5;10;0;7;6;5;13;3;19;3;24;76;0;14;18;14;17;14;17;14;16;14;15;13;14;13;14;12;13;12;13;12;13;13;13;13;12;12;12;12;11;11;11;11;12;11;12;10;12;10;12;10;12;9;12;9;11;8;11;7;11;7;11;6;12;5;12;5;12;1;4;0;1;-1;-1;-1;-1;-1;-1;1;0;5;1;13;3;13;4;13;5;13;6;13;7;13;8;13;9;13;10;13;10;13;11;13;12;13;12;12;13;12;13;12;14;12;14;12;14;12;14;12;14;12;15;12;15;13;15;13;16;14;16;14;16;15;16;15;16;15;16;76;0;-10;11;-10;11;-9;11;-8;11;-8;12;-8;12;-8;12;-8;12;-8;11;-8;11;-7;11;-7;11;-7;11;-7;12;-7;12;-8;12;-8;11;-8;11;-8;11;-8;10;-8;10;-9;10;-9;10;-9;9;-10;8;-10;8;-10;7;-10;6;-4;2;-2;0;0;-1;0;-1;0;-1;-1;0;-2;2;-5;7;-5;7;-6;7;-6;7;-7;7;-7;6;-8;6;-8;6;-8;6;-8;7;-8;7;-9;7;-9;7;-9;6;-9;6;-9;6;-9;6;-8;7;-8;7;-9;8;-9;8;-9;8;-9;9;-9;9;-9;10;-9;10;-9;11;-9;12,transition,EXP_S151,ZONE_02,sortie_zone,4.1,sortie_zone,sortie de la zone
936856653,-54,6,a0:9f:7a:73:2b:3e,384,-110;-96;8;0;-23;28;-22;29;-20;29;-18;28;-15;26;-12;22;-9;18;-7;13;-6;8;-5;2;-5;-4;-6;-9;-7;-14;-9;-19;-11;-22;-14;-24;-15;-25;-16;-25;-17;-24;-17;-23;-16;-20;-14;-17;-12;-13;-10;-10;-7;-7;-2;-2;0;0;0;0;0;0;0;0;0;0;0;0;0;0;0;0;0;0;-3;-6;-10;-21;-10;-20;-8;-19;-7;-17;-4;-14;-1;-11;3;-7;6;-3;10;0;14;3;18;6;22;8;24;9;26;10;28;10;28;9;27;8;25;6;21;6;17;5;12;5;6;6;1;8;-5;11;-11;14;-14;17;65;0;-17;40;-17;40;-17;39;-16;38;-15;37;-14;36;-14;35;-13;34;-12;33;-11;33;-10;33;-10;32;-10;32;-10;31;-10;30;-11;30;-11;29;-12;29;-12;28;-12;27;-12;26;-12;25;-12;24;-13;23;-13;22;-15;22;-16;21;-17;20;-7;7;-3;2;0;-1;-1;-2;-1;-1;0;2;2;9;5;26;4;26;2;27;0;28;-2;29;-3;30;-4;30;-6;31;-7;32;-9;32;-10;33;-11;33;-12;33;-12;33;-13;33;-14;33;-14;33;-14;34;-15;34;-15;34;-15;35;-16;36;-16;36;-16;37;-16;38;-16;39;-16;40;-16;41;65;0;-29;-7;-29;-7;-28;-6;-28;-5;-28;-4;-28;-4;-28;-3;-27;-3;-27;-3;-27;-3;-27;-3;-27;-2;-27;-2;-27;-2;-28;-2;-28;-2;-28;-3;-27;-4;-27;-5;-27;-5;-26;-6;-26;-6;-25;-7;-24;-8;-24;-9;-23;-10;-23;-11;-22;-12;-8;-5;-3;-2;0;0;1;0;0;0;-2;-1;-6;-1;-17;-3;-18;-3;-18;-4;-18;-5;-19;-6;-19;-7;-19;-7;-19;-8;-20;-9;-20;-9;-20;-9;-20;-10;-19;-10;-19;-10;-19;-10;-19;-10;-19;-10;-20;-10;-21;-10;-22;-10;-23;-10;-23;-9;-24;-9;-24;-8;-25;-8;-26;-7;-27;-7;-29;-7,transition,EXP_S151,ZONE_02,sortie_zone,4.1,sortie_zone,sortie de la zone
937052462,-55,6,a0:9f:7a:73:2b:3e,384,-110;-96;8;0;-39;10;-39;12;-37;14;-34;15;-30;15;-26;15;-21;12;-16;9;-12;5;-10;-1;-8;-6;-8;-12;-8;-17;-10;-22;-12;-26;-15;-28;-17;-30;-19;-30;-21;-28;-21;-25;-21;-22;-19;-18;-16;-14;-13;-10;-10;-8;-3;-2;0;0;0;0;0;0;0;0;0;0;0;0;0;0;0;0;0;0;5;-1;23;-2;23;-2;21;-1;19;0;16;1;13;4;10;6;7;10;3;14;1;17;0;21;-2;25;-2;27;-2;30;-2;31;-1;31;0;30;0;28;0;25;-1;22;-3;18;-6;14;-11;11;-16;9;-22;8;-27;7;58;0;-25;12;-25;11;-24;11;-23;11;-23;11;-22;10;-21;10;-21;10;-20;10;-19;10;-19;10;-19;10;-19;10;-19;10;-19;9;-18;9;-18;9;-18;8;-18;8;-18;7;-17;7;-17;6;-17;6;-17;5;-17;4;-17;3;-17;3;-17;2;-6;0;-2;0;0;-1;0;-1;0;-1;-1;1;-3;4;-8;13;-9;13;-10;12;-11;12;-12;12;-13;12;-14;12;-15;11;-16;11;-17;11;-17;11;-18;11;-19;10;-19;10;-19;10;-20;9;-20;9;-20;9;-21;9;-21;9;-22;10;-22;10;-22;10;-23;11;-23;11;-24;12;-24;12;-25;12;58;0;-9;-11;-9;-11;-9;-11;-9;-11;-9;-10;-9;-10;-10;-10;-10;-10;-10;-10;-10;-10;-10;-10;-10;-10;-10;-10;-10;-10;-10;-11;-10;-11;-10;-11;-10;-11;-9;-12;-9;-12;-8;-12;-8;-12;-7;-12;-7;-13;-6;-13;-5;-13;-5;-13;-4;-13;-2;-5;-1;-2;0;0;0;0;0;0;-1;-1;-2;-3;-5;-6;-4;-7;-4;-7;-4;-7;-4;-7;-4;-7;-4;-7;-4;-8;-3;-8;-3;-8;-3;-8;-3;-8;-3;-8;-3;-8;-3;-9;-3;-9;-4;-9;-4;-9;-4;-9;-5;-9;-5;-9;-5;-9;-6;-9;-6;-9;-7;-10;-7;-10;-8;-10;-8;-10,transition,EXP_S151,ZONE_02,sortie_zone,4.1,sortie_zone,sortie de la zone
937252743,-56,6,a0:9f:7a:73:2b:3e,384,-110;-96;8;0;-36;-25;-34;-22;-31;-18;-27;-15;-22;-12;-17;-10;-11;-9;-5;-10;0;-11;4;-14;8;-17;11;-20;13;-23;15;-26;15;-29;14;-30;13;-31;11;-31;9;-30;7;-28;5;-24;4;-20;3;-16;3;-11;3;-8;0;-2;0;0;0;0;0;0;0;0;0;0;0;0;0;0;0;0;0;0;1;2;6;9;2;8;-2;8;-7;8;-12;9;-17;11;-21;12;-24;14;-27;16;-28;18;-28;20;-27;20;-25;20;-23;19;-21;17;-18;14;-16;10;-14;5;-13;0;-14;-6;-15;-12;-17;-17;-21;-21;-25;-25;-29;-27;-32;-29;63;0;-20;-21;-20;-21;-20;-20;-19;-19;-19;-18;-19;-17;-19;-17;-19;-16;-18;-15;-19;-14;-19;-13;-19;-12;-19;-12;-19;-11;-18;-11;-18;-11;-18;-11;-18;-11;-17;-11;-16;-11;-16;-10;-15;-10;-15;-10;-15;-10;-14;-10;-14;-10;-13;-10;-13;-10;-5;-4;-2;-2;0;0;0;0;0;0;-2;-2;-5;-5;-12;-12;-12;-13;-12;-13;-11;-14;-11;-15;-11;-16;-11;-16;-11;-17;-11;-18;-11;-18;-11;-19;-11;-19;-12;-19;-12;-20;-12;-20;-12;-20;-12;-20;-12;-20;-13;-21;-13;-21;-14;-21;-15;-21;-15;-21;-16;-22;-17;-22;-18;-22;-19;-22;-19;-22;63;0;-7;-14;-7;-14;-7;-14;-7;-14;-6;-13;-6;-13;-6;-13;-6;-13;-6;-12;-6;-12;-5;-12;-5;-13;-5;-13;-5;-13;-5;-13;-4;-13;-4;-13;-3;-13;-2;-13;-2;-13;-1;-13;-1;-13;0;-12;0;-12;1;-12;2;-12;2;-12;3;-11;1;-4;0;-2;-1;0;0;0;0;0;-1;-1;-3;-3;-7;-6;-7;-7;-7;-7;-7;-8;-7;-8;-7;-8;-7;-9;-7;-9;-7;-9;-7;-10;-6;-10;-6;-10;-6;-10;-6;-10;-6;-10;-6;-10;-6;-10;-6;-11;-6;-11;-6;-11;-7;-11;-7;-11;-7;-12;-7;-12;-7;-12;-7;-12;-8;-13;-8;-13,transition,EXP_S151,ZONE_02,sortie_zone,4.1,sortie_zone,sortie de la zone
937454066,-52,6,a0:9f:7a:73:2b:3e,384,-110;-96;8;0;-19;-15;-13;-12;-6;-10;0;-9;6;-8;11;-9;15;-10;19;-11;21;-13;22;-14;23;-15;23;-16;22;-16;20;-16;19;-15;17;-13;14;-10;12;-7;9;-4;7;-1;5;2;3;5;1;8;0;11;-1;12;-1;3;0;0;0;0;0;0;0;0;0;0;0;0;0;0;0;0;0;0;-1;1;-2;7;-4;11;-6;16;-8;21;-10;25;-10;29;-11;32;-10;33;-10;33;-8;32;-7;29;-6;25;-5;20;-4;13;-5;7;-6;0;-8;-6;-11;-12;-14;-18;-18;-22;-22;-25;-25;-27;-28;-28;-31;-27;-32;-25;-31;-24;69;0;-13;-21;-13;-20;-13;-20;-12;-19;-12;-18;-12;-17;-12;-17;-12;-16;-12;-15;-12;-14;-12;-14;-12;-13;-12;-13;-11;-13;-11;-13;-11;-13;-11;-12;-11;-12;-11;-12;-10;-12;-10;-11;-9;-11;-9;-11;-9;-11;-9;-11;-8;-11;-8;-11;-7;-11;-3;-4;-1;-2;0;0;0;0;0;0;-2;-1;-5;-4;-12;-10;-12;-11;-11;-12;-11;-13;-11;-14;-11;-14;-11;-15;-11;-15;-10;-16;-10;-17;-9;-17;-9;-18;-9;-18;-9;-19;-9;-19;-9;-19;-9;-19;-9;-19;-9;-19;-9;-20;-10;-20;-10;-20;-11;-20;-11;-20;-11;-20;-11;-20;-12;-21;-12;-22;69;0;-15;2;-15;2;-15;2;-15;2;-14;2;-13;2;-13;2;-12;2;-11;2;-11;2;-11;2;-11;2;-11;1;-11;1;-11;1;-10;1;-10;0;-10;0;-10;0;-10;-1;-10;-1;-9;-2;-8;-2;-8;-3;-7;-3;-7;-3;-7;-3;-7;-4;-3;-2;-1;-1;0;0;0;-1;0;-1;-2;0;-5;2;-12;5;-13;5;-13;4;-13;3;-13;3;-14;3;-14;3;-15;3;-16;2;-16;2;-16;1;-16;1;-15;0;-15;0;-15;0;-16;0;-16;0;-16;0;-16;0;-15;0;-15;1;-15;2;-16;2;-16;2;-16;2;-17;1;-16;1;-16;1,transition,EXP_S151,ZONE_02,sortie_zone,4.1,sortie_zone,sortie de la zone
937652416,-54,6,a0:9f:7a:73:2b:3e,384,-110;-96;8;0;-28;14;-25;14;-22;12;-19;10;-16;7;-14;4;-13;0;-13;-3;-15;-6;-17;-8;-19;-9;-22;-9;-24;-8;-26;-7;-27;-4;-26;-2;-25;1;-22;2;-19;4;-15;4;-12;4;-8;2;-5;0;-3;-3;-1;-6;-1;-2;0;0;0;0;0;0;0;0;0;0;0;0;0;0;0;0;0;0;-1;3;-3;14;-4;16;-6;17;-7;19;-8;21;-8;23;-9;24;-9;24;-9;24;-10;24;-10;22;-10;21;-10;19;-11;17;-11;16;-13;14;-14;12;-15;10;-18;9;-20;8;-23;7;-26;7;-29;7;-31;8;-32;10;-33;12;46;0;-22;13;-22;13;-21;13;-20;13;-19;12;-18;12;-17;12;-17;12;-16;12;-16;12;-15;12;-14;11;-13;11;-13;11;-13;10;-13;10;-13;10;-12;10;-12;10;-11;10;-11;9;-10;9;-10;8;-10;8;-10;8;-10;7;-10;7;-10;7;-4;2;-2;0;0;-1;0;-1;0;-1;-1;1;-4;4;-9;12;-10;12;-11;12;-12;12;-13;12;-14;12;-14;12;-15;12;-16;11;-17;11;-18;11;-18;10;-19;10;-19;10;-19;10;-19;10;-19;10;-20;10;-20;10;-20;10;-21;11;-21;11;-21;12;-21;12;-22;12;-22;13;-22;13;-22;13;46;0;-6;3;-6;4;-6;5;-6;5;-7;5;-7;5;-7;5;-7;4;-7;4;-6;4;-6;5;-6;5;-7;6;-7;6;-8;6;-8;5;-8;5;-8;5;-8;5;-8;5;-9;5;-9;5;-9;4;-9;4;-9;3;-9;3;-9;3;-10;2;-4;1;-2;0;0;-1;-1;-1;-1;-1;0;0;1;0;4;2;4;3;3;3;3;3;3;3;3;3;3;3;3;4;2;4;1;5;0;5;-1;4;-1;4;-1;4;-1;4;-1;5;-2;5;-3;5;-3;4;-4;4;-4;3;-3;4;-3;4;-4;5;-5;5;-5;6;-6;5;-7;5,transition,EXP_S151,ZONE_02,sortie_zone,4.1,sortie_zone,sortie de la zone
937853965,-56,6,a0:9f:7a:73:2b:3e,384,-110;-96;8;0;-38;-3;-34;-2;-29;-2;-23;-4;-18;-6;-13;-9;-10;-13;-7;-18;-6;-23;-7;-27;-8;-31;-11;-33;-14;-35;-17;-35;-20;-33;-22;-30;-22;-26;-21;-21;-19;-15;-16;-10;-11;-6;-5;-2;0;0;7;1;11;0;3;0;0;0;0;0;0;0;0;0;0;0;0;0;0;0;0;0;0;0;-2;3;-6;16;-7;18;-8;21;-9;23;-10;25;-10;26;-10;26;-11;26;-11;25;-12;23;-12;21;-13;18;-14;16;-15;13;-16;10;-18;7;-20;5;-22;2;-24;0;-27;-3;-30;-5;-33;-6;-37;-7;-40;-7;-42;-7;-43;-6;54;0;-32;-5;-32;-5;-30;-4;-29;-4;-28;-3;-28;-3;-27;-3;-27;-2;-26;-2;-25;-1;-25;0;-24;0;-23;1;-23;1;-22;1;-22;1;-22;1;-21;1;-20;1;-19;1;-18;1;-17;1;-17;1;-17;1;-17;0;-16;0;-16;0;-16;0;-6;0;-2;-1;0;-1;0;-1;0;0;-2;0;-6;0;-16;0;-16;-1;-17;-2;-18;-2;-18;-3;-19;-3;-19;-4;-19;-5;-20;-6;-20;-7;-21;-7;-21;-7;-22;-7;-22;-7;-23;-8;-23;-8;-23;-8;-24;-8;-24;-8;-25;-8;-26;-8;-27;-8;-27;-7;-28;-7;-29;-7;-30;-6;-30;-6;-31;-6;54;0;-10;2;-10;3;-11;3;-12;3;-13;3;-13;2;-13;2;-12;2;-12;2;-12;3;-13;4;-13;4;-14;4;-15;4;-15;4;-15;4;-15;4;-15;4;-16;4;-17;4;-17;4;-18;3;-18;2;-18;1;-18;1;-18;0;-18;0;-19;-1;-7;-1;-3;-1;0;-1;-1;-1;-1;-1;0;0;1;2;4;6;3;6;3;7;2;7;2;7;2;7;1;7;0;7;-1;7;-2;7;-2;6;-3;6;-3;5;-3;5;-4;5;-4;5;-5;5;-6;4;-6;4;-6;3;-6;3;-6;3;-6;4;-7;4;-8;4;-9;4;-10;3;-11;3,transition,EXP_S151,ZONE_02,sortie_zone,4.1,sortie_zone,sortie de la zone
938052309,-54,6,a0:9f:7a:73:2b:3e,384,-110;-96;8;0;-11;24;-7;25;-4;26;-1;27;1;30;3;32;3;35;2;37;1;38;-1;38;-3;37;-5;35;-7;32;-7;29;-5;25;-3;22;0;20;4;19;7;20;10;22;12;25;12;28;10;31;7;34;4;35;0;9;0;0;0;0;0;0;0;0;0;0;0;0;0;0;0;0;0;0;-4;3;-17;12;-18;10;-20;8;-20;6;-20;5;-18;4;-17;4;-15;4;-13;6;-12;8;-12;10;-12;13;-13;16;-14;18;-15;19;-17;21;-18;22;-19;23;-19;24;-20;24;-20;25;-21;26;-20;27;-20;27;-19;26;-19;26;-107;0;-5;-5;-5;-5;-5;-5;-5;-6;-5;-7;-6;-7;-7;-7;-7;-7;-7;-7;-7;-7;-7;-7;-6;-7;-7;-8;-7;-8;-7;-9;-7;-9;-7;-8;-7;-8;-6;-8;-5;-9;-5;-9;-5;-9;-5;-10;-5;-9;-5;-9;-4;-9;-3;-8;-2;-8;-1;-3;0;-1;0;0;-1;0;-1;0;0;-1;0;-3;2;-8;2;-7;2;-7;3;-7;3;-6;3;-6;3;-6;4;-6;4;-6;4;-6;3;-6;3;-5;3;-5;3;-5;3;-4;3;-4;3;-4;2;-4;1;-5;1;-5;0;-4;-1;-4;-1;-4;-1;-4;-1;-5;-2;-5;-3;-6;-3;-6;-107;0;-11;30;-11;30;-11;30;-10;29;-10;29;-10;28;-9;28;-8;27;-8;27;-7;27;-7;27;-7;27;-8;27;-8;27;-8;27;-9;27;-10;27;-11;27;-12;26;-13;26;-14;25;-14;24;-15;23;-16;22;-17;21;-18;20;-19;18;-21;17;-8;6;-3;1;0;-1;0;-1;0;-1;-1;1;-1;4;-2;12;-2;12;-2;12;-3;13;-3;13;-4;14;-4;15;-5;16;-5;16;-5;17;-6;17;-6;18;-7;19;-7;19;-8;20;-8;20;-9;20;-9;21;-9;22;-9;23;-9;24;-9;25;-9;26;-10;27;-10;28;-10;29;-10;29;-10;30,transition,EXP_S151,ZONE_02,sortie_zone,4.1,sortie_zone,sortie de la zone
938252551,-53,6,a0:9f:7a:73:2b:3e,384,-110;-96;8;0;-10;-23;-14;-25;-16;-27;-18;-28;-20;-28;-22;-27;-23;-25;-24;-23;-24;-21;-24;-18;-24;-15;-23;-12;-22;-8;-21;-4;-19;0;-18;4;-17;8;-16;13;-15;17;-15;21;-16;25;-17;27;-18;29;-19;29;-20;29;-5;7;0;0;0;0;0;0;0;0;0;0;0;0;0;0;0;0;0;0;2;4;9;19;7;23;3;26;-1;28;-5;27;-9;25;-12;21;-13;16;-12;10;-9;3;-4;-3;2;-8;9;-11;16;-12;23;-13;28;-12;32;-11;35;-8;36;-6;35;-5;32;-4;29;-4;24;-4;18;-6;12;-8;7;-11;119;0;-6;10;-6;10;-5;9;-4;9;-3;9;-2;8;-1;8;0;7;1;6;1;6;1;6;2;6;2;6;3;6;4;6;4;6;4;5;4;5;4;6;4;6;4;6;5;7;5;7;5;6;5;6;5;6;4;7;3;7;1;2;0;0;-1;-1;-1;-1;0;-1;0;1;0;5;-1;15;-1;15;-2;16;-3;16;-4;16;-5;16;-6;16;-6;16;-7;16;-8;16;-9;16;-9;16;-10;16;-10;15;-10;14;-11;14;-11;14;-11;14;-11;14;-10;13;-10;13;-9;13;-9;12;-9;12;-9;12;-9;12;-9;13;-8;13;119;0;3;-27;3;-27;3;-27;2;-26;1;-26;0;-26;-1;-25;-2;-25;-2;-25;-2;-24;-3;-24;-3;-24;-4;-24;-5;-24;-5;-25;-5;-25;-5;-25;-5;-26;-5;-26;-5;-26;-4;-25;-4;-25;-3;-25;-3;-25;-2;-26;-1;-26;1;-26;2;-26;1;-10;0;-3;0;0;-1;0;-1;0;0;-1;2;-3;6;-7;6;-7;6;-7;6;-8;6;-8;6;-9;6;-9;6;-10;7;-10;7;-11;7;-11;7;-12;7;-13;7;-14;8;-14;8;-15;7;-15;7;-16;7;-17;6;-18;6;-19;6;-20;5;-21;5;-22;5;-23;5;-24;5;-25;5;-26,transition,EXP_S151,ZONE_02,sortie_zone,4.1,sortie_zone,sortie de la zone
938452741,-54,6,a0:9f:7a:73:2b:3e,384,-110;-96;8;0;30;-6;34;-7;36;-7;35;-8;33;-9;31;-10;27;-11;22;-12;17;-13;12;-14;7;-15;1;-16;-4;-16;-9;-17;-13;-16;-17;-16;-21;-15;-24;-14;-26;-12;-28;-11;-29;-9;-30;-8;-30;-6;-29;-4;-28;-3;-7;-1;0;0;0;0;0;0;0;0;0;0;0;0;0;0;0;0;0;0;-4;-5;-13;-21;-11;-24;-8;-27;-5;-29;-1;-29;3;-26;6;-22;7;-16;8;-9;7;-1;4;6;-1;13;-6;19;-11;24;-16;27;-21;29;-24;29;-27;28;-27;26;-26;23;-23;20;-19;16;-13;11;-6;7;2;3;8;0;118;0;-3;-16;-3;-16;-3;-16;-4;-15;-4;-14;-5;-12;-5;-10;-4;-9;-3;-8;-3;-8;-3;-8;-4;-8;-5;-7;-5;-6;-5;-5;-4;-4;-4;-4;-3;-4;-4;-5;-5;-5;-6;-4;-6;-3;-6;-2;-5;-2;-4;-2;-4;-3;-4;-4;-4;-4;-2;-2;-1;-1;0;0;0;0;0;0;-2;-1;-5;-3;-14;-9;-14;-10;-14;-11;-14;-12;-14;-12;-13;-13;-13;-14;-12;-15;-12;-17;-12;-18;-12;-18;-11;-19;-10;-18;-9;-18;-8;-19;-7;-20;-7;-20;-7;-20;-8;-20;-8;-19;-7;-19;-6;-19;-5;-19;-5;-20;-5;-20;-6;-20;-6;-20;-7;-19;118;0;22;10;21;10;21;9;21;8;21;6;21;5;21;4;22;4;21;3;21;3;20;2;20;1;20;0;21;-1;22;-1;23;-1;23;-1;23;-1;23;0;23;0;23;0;23;0;23;1;24;1;24;2;24;4;23;5;23;6;8;2;2;1;-1;-1;-1;-1;-1;-1;0;0;1;2;4;7;4;7;4;6;5;6;6;7;7;8;7;9;7;9;7;9;7;9;8;9;9;9;10;10;10;11;10;11;10;12;10;11;10;10;12;10;14;10;15;11;16;11;16;12;17;12;17;11;18;10;19;10;20;9,transition,EXP_S151,ZONE_02,sortie_zone,4.1,sortie_zone,sortie de la zone
938659189,-56,6,a0:9f:7a:73:2b:3e,384,-110;-96;8;0;29;-12;31;-13;31;-14;29;-15;25;-15;20;-15;15;-14;8;-13;3;-10;-3;-6;-8;-2;-12;3;-15;7;-16;12;-16;16;-15;20;-13;22;-10;24;-6;24;-2;24;2;22;6;20;10;16;14;12;16;9;4;2;0;0;0;0;0;0;0;0;0;0;0;0;0;0;0;0;0;0;5;3;21;15;22;18;22;22;22;25;20;26;18;26;14;25;9;22;4;19;-2;15;-9;10;-15;5;-21;0;-26;-5;-30;-9;-33;-12;-34;-14;-34;-14;-33;-14;-30;-14;-26;-12;-20;-11;-13;-10;-5;-9;3;-9;10;-9;78;0;15;-15;15;-14;14;-13;13;-12;12;-11;12;-10;11;-9;10;-8;9;-8;9;-7;8;-7;7;-7;7;-6;6;-6;6;-5;5;-5;5;-4;5;-4;5;-4;4;-3;4;-3;3;-3;3;-2;3;-2;3;-2;3;-2;3;-1;3;-1;1;-1;0;-1;-1;0;0;1;0;0;-1;-2;-3;-7;-7;-19;-5;-20;-4;-21;-2;-22;-1;-22;0;-22;2;-23;3;-23;4;-23;6;-24;7;-23;8;-23;9;-23;10;-23;10;-22;11;-22;12;-21;13;-21;13;-20;13;-20;14;-20;14;-19;14;-19;15;-19;15;-18;15;-18;15;-18;15;-17;78;0;6;14;6;14;7;14;8;13;8;13;9;12;10;12;10;11;11;11;11;10;12;10;12;10;13;9;14;9;15;9;15;9;15;10;16;10;16;10;16;11;16;11;16;11;16;12;16;12;15;13;15;14;14;15;14;16;4;6;1;2;-1;-1;0;-1;0;-1;-1;1;-2;3;-5;9;-5;9;-5;9;-5;9;-6;9;-5;9;-6;9;-6;10;-6;10;-6;10;-5;10;-5;10;-5;10;-5;10;-5;11;-5;11;-4;11;-3;11;-3;11;-2;11;-1;12;0;12;0;13;1;13;2;13;3;14;4;14;4;14,transition,EXP_S151,ZONE_02,sortie_zone,4.1,sortie_zone,sortie de la zone
938856642,-54,6,a0:9f:7a:73:2b:3e,384,-110;-96;8;0;15;-34;13;-28;9;-21;4;-16;-3;-11;-10;-8;-18;-6;-25;-6;-31;-6;-36;-8;-39;-11;-40;-14;-39;-17;-36;-20;-32;-20;-28;-19;-23;-17;-19;-13;-16;-8;-14;-2;-14;4;-14;9;-16;14;-19;17;-22;18;-6;4;0;0;0;0;0;0;0;0;0;0;0;0;0;0;0;0;0;0;2;3;9;14;8;14;7;14;6;12;6;10;6;7;8;4;11;2;14;0;18;-1;21;-2;23;-1;25;0;25;1;23;2;21;2;18;1;14;-2;10;-6;7;-11;5;-17;3;-24;3;-30;4;-36;7;-40;9;-43;-121;0;10;-14;11;-13;11;-12;12;-12;12;-11;12;-11;13;-10;13;-10;13;-9;13;-9;13;-8;13;-7;13;-7;14;-6;14;-5;14;-5;14;-5;14;-4;13;-3;13;-3;12;-2;12;-1;12;-1;12;0;12;0;11;0;11;1;10;1;3;0;1;0;-1;-1;0;-1;0;-1;-1;0;-2;1;-4;4;-4;4;-5;3;-5;3;-5;2;-6;1;-6;0;-6;-1;-6;-2;-6;-3;-6;-3;-5;-4;-5;-5;-4;-6;-4;-7;-3;-8;-3;-8;-2;-9;-1;-9;0;-10;1;-10;2;-11;3;-12;3;-12;4;-13;6;-13;7;-13;7;-13;-121;0;6;-27;6;-27;6;-27;6;-26;6;-26;6;-26;5;-26;5;-25;5;-25;5;-24;5;-24;5;-25;5;-25;5;-25;5;-26;6;-26;7;-26;8;-25;9;-25;10;-24;11;-24;11;-23;12;-22;13;-21;14;-20;16;-19;17;-17;18;-16;6;-6;2;-2;-1;0;0;0;-1;0;-1;-2;0;-4;0;-11;0;-11;1;-12;1;-12;1;-12;2;-13;2;-14;2;-14;3;-15;3;-15;4;-16;4;-16;5;-16;5;-17;6;-17;6;-18;6;-18;6;-19;6;-19;6;-20;6;-20;6;-21;5;-22;6;-23;6;-24;6;-25;7;-26;7;-26,transition,EXP_S151,ZONE_02,sortie_zone,4.1,sortie_zone,sortie de la zone
939052317,-55,6,a0:9f:7a:73:2b:3e,384,-110;-96;8;0;-21;-40;-18;-38;-16;-34;-14;-28;-14;-21;-14;-13;-15;-6;-17;0;-19;6;-22;11;-24;14;-27;17;-28;19;-30;20;-30;20;-30;20;-28;19;-26;18;-23;18;-19;17;-15;17;-11;18;-8;19;-5;20;-3;21;-1;5;0;0;0;0;0;0;0;0;0;0;0;0;0;0;0;0;0;0;0;3;2;15;0;13;-3;10;-4;6;-4;1;-2;-5;1;-10;5;-14;11;-17;16;-19;22;-19;26;-17;29;-15;30;-11;30;-8;28;-6;24;-3;18;-2;12;-2;5;-4;-2;-7;-9;-12;-15;-17;-20;-23;-23;-29;-25;-33;-121;0;-14;-12;-13;-12;-13;-11;-12;-10;-11;-10;-10;-9;-9;-9;-8;-9;-8;-9;-8;-9;-8;-8;-7;-7;-7;-7;-6;-7;-5;-7;-5;-7;-5;-7;-5;-7;-5;-7;-5;-6;-4;-5;-3;-5;-2;-5;-2;-6;-2;-6;-3;-6;-3;-6;-2;-5;-1;-2;-1;-1;0;0;0;-1;0;-1;-2;0;-5;0;-12;1;-13;1;-13;0;-13;-1;-13;-2;-14;-2;-14;-3;-15;-4;-15;-4;-15;-4;-15;-5;-15;-6;-15;-6;-15;-7;-15;-8;-15;-8;-15;-8;-15;-8;-14;-8;-14;-9;-14;-10;-15;-10;-15;-10;-15;-10;-15;-10;-15;-10;-14;-10;-14;-11;-121;0;-13;-26;-13;-25;-13;-25;-14;-25;-14;-24;-15;-24;-15;-23;-15;-23;-15;-22;-15;-22;-16;-21;-16;-21;-17;-21;-17;-22;-17;-22;-17;-22;-17;-22;-16;-23;-16;-23;-15;-23;-14;-23;-14;-23;-13;-23;-12;-23;-11;-24;-9;-24;-8;-24;-7;-24;-3;-9;-1;-3;0;0;0;0;0;0;-1;-1;-2;-2;-5;-6;-5;-6;-5;-7;-5;-8;-5;-8;-5;-9;-5;-10;-5;-10;-6;-11;-6;-12;-6;-13;-6;-14;-5;-15;-5;-15;-5;-16;-5;-16;-6;-17;-6;-17;-7;-18;-7;-19;-7;-20;-8;-20;-9;-21;-10;-21;-11;-22;-11;-23;-12;-25;-13;-25,transition,EXP_S151,ZONE_02,sortie_zone,4.1,sortie_zone,sortie de la zone
939252329,-54,6,a0:9f:7a:73:2b:3e,384,-110;-96;8;0;31;23;33;23;34;21;34;18;31;14;27;9;22;4;16;0;10;-3;3;-5;-4;-6;-10;-6;-16;-4;-21;-2;-24;0;-26;3;-27;6;-27;9;-25;12;-21;14;-17;15;-13;16;-8;16;-3;15;0;14;0;3;0;0;0;0;0;0;0;0;0;0;0;0;0;0;0;0;0;0;-3;6;-10;25;-13;26;-15;26;-17;24;-19;22;-19;18;-19;12;-18;6;-17;-1;-16;-8;-14;-15;-12;-22;-11;-28;-9;-33;-8;-37;-7;-39;-6;-39;-6;-38;-6;-36;-5;-31;-3;-25;0;-18;4;-11;8;-3;13;4;17;10;84;0;23;0;22;0;21;1;20;1;19;1;17;0;16;0;15;1;14;1;13;1;13;1;12;0;11;0;11;0;10;0;9;0;9;0;9;0;8;0;8;0;7;0;6;0;6;0;6;0;6;0;6;1;6;1;6;1;2;0;0;0;-1;-1;-1;1;-1;0;1;-2;4;-6;12;-17;13;-16;14;-16;15;-15;17;-15;18;-14;19;-14;20;-13;21;-12;22;-12;23;-11;23;-10;24;-9;24;-7;24;-6;24;-6;25;-5;25;-5;25;-4;25;-4;25;-4;25;-3;25;-3;25;-3;25;-2;25;-2;25;-2;25;-2;84;0;-4;19;-3;19;-3;19;-2;18;-1;18;-1;18;0;18;0;18;0;18;1;17;1;17;2;16;3;16;3;17;3;17;3;18;3;18;3;18;3;17;3;18;3;18;2;18;2;18;1;18;1;18;0;18;-1;18;-2;17;-1;6;-1;1;-1;-1;0;-1;0;-1;-1;0;-2;1;-5;4;-5;4;-5;4;-5;4;-5;5;-5;5;-6;6;-6;6;-6;6;-5;7;-6;7;-6;8;-6;9;-6;9;-7;9;-6;9;-6;10;-6;11;-5;11;-5;12;-5;13;-5;14;-5;15;-5;15;-4;16;-4;17;-4;18;-3;18,transition,EXP_S151,ZONE_02,sortie_zone,4.1,sortie_zone,sortie de la zone
939457699,-54,6,a0:9f:7a:73:2b:3e,384,-110;-96;8;0;-33;-4;-34;-3;-34;-1;-32;1;-28;3;-24;4;-18;5;-12;5;-6;4;-1;2;4;-1;8;-4;11;-9;12;-13;13;-16;12;-20;11;-22;8;-23;5;-23;2;-22;-1;-20;-4;-17;-7;-14;-8;-10;-10;-7;-3;-2;0;0;0;0;0;0;0;0;0;0;0;0;0;0;0;0;0;0;1;-6;6;-23;8;-23;10;-22;11;-21;12;-18;13;-15;14;-10;14;-5;13;0;13;6;13;12;12;18;12;22;11;26;12;29;12;30;12;30;11;29;10;27;9;24;6;20;2;15;-3;10;-8;6;-14;2;-18;-1;67;0;-17;12;-17;11;-16;11;-15;11;-14;10;-13;9;-12;8;-12;7;-11;7;-11;7;-10;7;-10;7;-9;7;-8;6;-8;6;-8;5;-8;5;-8;4;-8;4;-7;4;-7;4;-6;4;-6;3;-6;2;-6;2;-6;2;-6;2;-6;2;-3;0;-1;0;0;-1;-1;-2;0;-1;0;1;0;5;-1;16;-2;16;-3;17;-4;17;-5;17;-6;18;-8;18;-9;18;-10;18;-11;18;-12;18;-12;18;-13;17;-14;17;-15;16;-15;16;-16;16;-16;16;-16;15;-16;15;-16;15;-17;14;-17;14;-18;14;-18;14;-18;14;-17;14;-17;14;67;0;-8;-14;-8;-13;-9;-12;-9;-11;-10;-11;-10;-11;-11;-11;-11;-10;-11;-10;-11;-10;-11;-9;-12;-9;-12;-9;-13;-8;-13;-9;-13;-9;-13;-9;-13;-9;-13;-9;-13;-9;-13;-9;-13;-9;-13;-10;-13;-10;-12;-11;-12;-11;-11;-12;-11;-12;-4;-5;-1;-2;0;0;0;0;0;0;-1;-1;-1;-2;-2;-4;-2;-4;-3;-4;-3;-5;-3;-6;-3;-6;-3;-7;-2;-7;-2;-7;-2;-7;-3;-8;-3;-9;-3;-9;-3;-10;-2;-10;-2;-10;-2;-10;-3;-10;-4;-10;-4;-11;-4;-12;-5;-12;-5;-12;-5;-12;-6;-12;-7;-12;-7;-12;-8;-13,transition,EXP_S151,ZONE_02,sortie_zone,4.1,sortie_zone,sortie de la zone
939652254,-52,6,a0:9f:7a:73:2b:3e,384,-110;-96;8;0;-15;38;-17;35;-17;31;-15;26;-12;22;-8;18;-3;15;3;13;8;12;13;12;17;14;20;16;21;18;22;20;21;21;20;22;17;22;15;20;13;18;12;15;11;11;11;8;13;5;14;3;16;1;4;0;0;0;0;0;0;0;0;0;0;0;0;0;0;0;0;0;0;0;-4;-4;-15;-15;-13;-16;-11;-16;-9;-15;-8;-12;-7;-8;-8;-5;-9;-1;-13;3;-17;5;-21;7;-25;7;-29;6;-31;4;-32;1;-32;-1;-29;-2;-26;-3;-22;-2;-17;0;-13;4;-9;9;-6;15;-5;22;-5;28;-6;32;-115;0;4;12;4;12;4;12;4;11;3;11;2;10;1;10;0;10;0;10;0;10;0;9;0;9;0;8;-1;7;-2;7;-3;7;-3;7;-3;8;-3;7;-3;6;-3;5;-3;5;-4;4;-4;4;-5;4;-5;4;-4;4;-4;4;-2;1;-1;0;0;-1;-1;0;-1;0;0;-1;2;-2;6;-4;6;-4;6;-3;7;-2;7;-2;7;-1;8;0;9;1;9;1;9;1;9;2;9;2;8;3;8;4;9;5;9;6;9;6;9;6;8;6;8;7;7;7;7;9;7;9;8;10;8;10;8;10;7;10;7;10;-115;0;-10;25;-10;24;-9;24;-8;24;-8;23;-8;23;-7;23;-7;22;-6;21;-6;21;-5;21;-5;21;-5;21;-5;21;-6;21;-6;21;-6;20;-6;20;-7;20;-7;19;-7;19;-8;18;-8;18;-9;17;-9;16;-10;16;-11;15;-12;15;-5;5;-2;1;0;-1;0;-1;0;-1;-1;1;-1;4;-2;11;-2;12;-3;12;-3;13;-4;13;-5;13;-5;14;-5;14;-6;15;-6;15;-7;16;-7;16;-8;17;-9;17;-9;17;-9;17;-9;17;-9;18;-9;19;-9;19;-9;20;-9;21;-9;21;-9;22;-9;23;-9;24;-9;25;-9;26,transition,EXP_S151,ZONE_02,sortie_zone,4.1,sortie_zone,sortie de la zone
939852274,-53,6,a0:9f:7a:73:2b:3e,384,-110;-96;8;0;27;-25;24;-22;20;-19;14;-17;8;-17;2;-18;-3;-21;-6;-25;-8;-29;-8;-33;-7;-36;-4;-38;-1;-38;3;-36;5;-32;5;-28;5;-23;2;-18;-3;-15;-8;-14;-12;-14;-16;-15;-19;-19;-20;-23;-20;-26;-5;-7;0;0;0;0;0;0;0;0;0;0;0;0;0;0;0;0;0;0;5;-1;22;-2;22;1;22;4;20;6;18;6;16;6;14;3;14;0;14;-3;16;-6;18;-9;21;-11;24;-11;27;-10;29;-9;29;-7;28;-6;26;-6;24;-8;22;-10;20;-14;19;-18;19;-22;20;-26;22;-29;24;-31;-118;0;7;-6;7;-6;7;-6;8;-5;8;-4;9;-3;10;-2;10;-2;11;-2;11;-2;10;-2;10;-1;10;0;11;1;11;2;12;2;12;3;11;3;10;3;10;4;9;5;9;6;9;6;9;6;9;6;8;6;7;7;6;7;2;2;0;0;-1;-1;0;-1;0;-1;-1;0;-2;2;-5;6;-6;6;-6;6;-6;5;-7;4;-7;3;-7;2;-8;1;-8;1;-8;0;-8;0;-7;0;-6;-1;-6;-2;-6;-3;-6;-4;-6;-4;-5;-4;-4;-4;-3;-4;-2;-5;-1;-6;0;-6;0;-7;1;-7;2;-6;2;-6;3;-5;-118;0;19;-23;19;-23;19;-23;18;-23;17;-23;17;-23;16;-22;15;-22;13;-21;13;-22;12;-22;12;-22;12;-22;12;-22;12;-22;12;-22;13;-22;13;-22;14;-22;15;-21;15;-20;15;-19;15;-19;16;-18;16;-17;18;-16;19;-15;20;-14;7;-5;2;-2;-1;0;-1;0;-1;0;0;-2;1;-5;3;-13;3;-13;4;-14;5;-14;6;-15;7;-15;8;-16;9;-16;9;-17;10;-17;11;-18;12;-18;13;-18;14;-18;15;-18;15;-18;16;-18;16;-18;16;-19;17;-20;17;-20;18;-21;18;-22;18;-22;19;-23;19;-24;20;-25;20;-25,transition,EXP_S151,ZONE_02,sortie_zone,4.1,sortie_zone,sortie de la zone
940056239,-53,6,a0:9f:7a:73:2b:3e,384,-110;-96;8;0;45;-18;41;-16;34;-13;27;-10;18;-7;8;-5;-1;-3;-11;-2;-19;-1;-26;-1;-33;-1;-37;-1;-40;-3;-40;-4;-39;-4;-36;-5;-32;-5;-27;-4;-20;-3;-14;0;-7;3;-1;6;5;9;9;13;12;17;3;4;0;0;0;0;0;0;0;0;0;0;0;0;0;0;0;0;0;0;-3;-6;-10;-21;-9;-20;-8;-18;-7;-15;-6;-11;-5;-5;-5;1;-6;7;-8;14;-10;20;-13;24;-15;28;-17;31;-19;31;-20;30;-19;27;-17;23;-13;18;-8;13;-2;7;5;1;13;-5;21;-11;28;-16;36;-20;41;-22;103;0;19;-13;19;-13;19;-13;19;-12;18;-11;18;-10;18;-10;18;-9;18;-9;17;-9;17;-9;16;-9;16;-8;16;-7;16;-6;16;-6;16;-6;16;-6;16;-5;15;-5;14;-4;14;-3;14;-3;14;-2;14;-2;13;-2;13;-1;12;-1;4;-1;1;0;-1;0;0;0;0;0;-1;-1;-2;-3;-5;-9;-4;-9;-3;-9;-2;-10;-1;-10;-1;-11;0;-12;1;-13;2;-13;3;-13;3;-13;4;-13;6;-13;7;-13;8;-13;8;-14;9;-14;9;-14;10;-14;11;-14;12;-14;13;-14;14;-14;15;-15;15;-15;16;-15;16;-14;17;-14;103;0;25;-7;25;-8;24;-9;23;-10;22;-10;21;-10;21;-11;20;-11;19;-11;18;-12;17;-13;16;-14;16;-14;16;-15;16;-14;16;-14;15;-14;15;-14;15;-15;15;-15;15;-14;15;-14;15;-14;15;-13;15;-13;15;-13;16;-12;16;-12;6;-4;1;-2;-1;0;-1;0;-1;-1;1;-1;4;-1;12;-1;12;0;13;0;13;0;14;0;14;1;15;1;15;1;16;1;17;1;18;1;18;1;19;1;19;1;19;1;19;1;19;0;20;0;21;-1;21;-1;22;-2;23;-2;23;-3;24;-4;24;-5;25;-6;26;-7;27;-7,transition,EXP_S151,ZONE_02,sortie_zone,4.1,sortie_zone,sortie de la zone
940254960,-54,6,a0:9f:7a:73:2b:3e,384,-110;-96;8;0;30;33;28;33;24;31;20;27;16;21;13;15;12;7;11;0;11;-7;11;-14;13;-20;15;-23;18;-26;21;-27;22;-26;23;-25;23;-23;21;-20;18;-17;15;-14;10;-12;5;-11;0;-11;-5;-12;-8;-13;-3;-4;0;0;0;0;0;0;0;0;0;0;0;0;0;0;0;0;0;0;-6;-4;-21;-14;-20;-16;-18;-17;-15;-16;-12;-14;-9;-11;-7;-6;-7;0;-8;6;-9;12;-13;17;-17;21;-21;24;-24;25;-27;24;-29;22;-29;20;-26;17;-22;14;-16;12;-9;11;-1;11;7;12;15;15;22;18;27;22;123;0;16;2;16;2;16;2;15;2;14;2;13;3;12;4;12;4;12;5;12;5;12;4;11;4;10;4;10;5;9;6;9;6;9;7;9;7;9;6;8;6;7;6;7;6;6;7;6;7;6;8;6;8;6;8;5;8;2;2;0;0;-1;-1;-1;0;-1;0;0;-2;0;-4;1;-10;2;-11;2;-11;3;-10;4;-10;5;-10;6;-10;7;-10;8;-10;8;-10;8;-10;9;-9;9;-8;10;-8;11;-7;12;-7;12;-7;13;-6;12;-6;13;-5;13;-4;14;-3;15;-3;16;-3;16;-3;16;-3;16;-2;16;-2;123;0;15;23;15;22;16;21;16;20;16;19;16;19;16;18;16;17;16;16;16;16;16;15;16;14;17;14;17;14;17;14;17;13;17;13;16;13;16;13;16;13;16;13;15;13;14;14;14;14;13;14;12;14;11;15;11;15;3;5;1;1;-1;-1;-1;-1;-1;-1;0;1;2;3;6;10;6;11;6;11;6;12;6;13;6;13;6;14;7;14;7;15;7;16;8;16;7;17;7;18;7;19;7;19;7;19;8;19;9;19;10;20;10;20;11;21;11;21;12;22;12;22;13;22;14;23;15;23;16;24,transition,EXP_S151,ZONE_02,sortie_zone,4.1,sortie_zone,sortie de la zone
940456904,-60,6,a0:9f:7a:73:2b:3e,384,-110;-96;8;0;46;11;43;12;38;12;30;11;21;9;12;6;2;2;-7;-3;-16;-8;-23;-14;-28;-19;-32;-24;-34;-27;-34;-30;-32;-32;-29;-31;-25;-29;-20;-25;-15;-19;-10;-12;-6;-5;-3;3;-1;11;0;18;0;23;-1;6;0;0;0;0;0;0;0;0;0;0;0;0;0;0;0;0;0;0;-1;-2;-4;-9;-6;-11;-7;-14;-8;-17;-8;-18;-8;-18;-8;-17;-8;-15;-9;-12;-10;-8;-11;-3;-13;1;-15;6;-17;9;-19;12;-20;14;-20;15;-18;14;-15;13;-10;12;-3;10;5;8;13;7;22;6;31;5;36;6;106;0;22;-5;22;-5;22;-5;22;-4;22;-3;22;-2;22;0;23;1;23;1;23;1;23;2;22;2;21;3;21;4;21;5;21;6;21;6;20;7;20;7;18;7;17;8;16;8;15;9;15;9;15;10;14;10;13;10;13;10;4;3;1;1;-1;-1;0;-1;0;-1;-1;0;-2;2;-6;7;-6;6;-7;6;-7;5;-7;4;-7;3;-7;2;-7;1;-7;0;-6;-1;-6;-2;-5;-2;-4;-3;-3;-3;-2;-4;-1;-5;0;-6;1;-6;2;-7;4;-7;6;-7;8;-7;10;-8;11;-8;13;-8;14;-8;15;-8;16;-7;106;0;23;8;23;7;23;6;23;5;23;4;23;4;22;4;22;3;21;2;20;1;20;0;20;0;21;-1;21;-1;21;-1;21;-1;21;-2;21;-2;21;-2;22;-2;22;-2;22;-1;22;0;22;1;22;1;22;2;22;4;22;5;8;1;2;0;-1;-1;-1;-1;-1;-1;0;0;2;2;7;7;7;7;7;7;7;7;7;7;8;7;8;7;9;7;10;8;10;8;11;8;11;8;12;9;12;9;13;9;13;9;14;9;14;9;15;9;16;9;17;9;18;8;19;8;20;8;21;8;22;8;23;8;24;8,transition,EXP_S151,ZONE_02,sortie_zone,4.1,sortie_zone,sortie de la zone
940655198,-54,6,a0:9f:7a:73:2b:3e,384,-110;-96;8;0;-47;-14;-44;-16;-39;-16;-32;-15;-25;-12;-18;-7;-12;-2;-6;5;-2;12;0;20;1;26;0;32;-3;36;-6;38;-10;38;-13;36;-16;31;-16;25;-15;18;-12;12;-7;6;-2;1;5;-1;11;-2;16;-2;4;-1;0;0;0;0;0;0;0;0;0;0;0;0;0;0;0;0;0;0;3;-3;16;-10;17;-10;19;-9;20;-9;20;-8;18;-8;16;-9;14;-10;11;-13;8;-16;6;-19;5;-23;4;-26;3;-29;4;-31;4;-32;4;-31;3;-29;1;-26;-3;-23;-7;-19;-13;-15;-20;-12;-27;-9;-34;-8;-39;-9;-121;0;-17;4;-17;4;-17;4;-17;4;-17;4;-17;3;-17;2;-18;1;-18;1;-19;1;-19;1;-18;1;-18;0;-17;-1;-18;-2;-18;-3;-19;-3;-19;-3;-18;-3;-18;-4;-17;-4;-16;-5;-15;-6;-15;-7;-15;-7;-15;-8;-14;-8;-13;-9;-5;-4;-2;-2;0;0;-1;0;-1;-1;0;-1;2;-1;5;-1;5;-1;6;0;5;0;5;1;4;1;4;2;3;3;3;4;3;4;2;4;2;4;1;4;-1;4;-2;5;-3;6;-3;6;-4;6;-4;6;-5;5;-6;5;-7;5;-9;6;-10;6;-11;7;-12;7;-12;6;-12;5;-121;0;-29;-11;-29;-11;-28;-10;-28;-9;-28;-8;-27;-7;-26;-7;-25;-6;-24;-5;-23;-4;-23;-3;-22;-3;-22;-2;-22;-2;-22;-2;-21;-2;-20;-2;-20;-2;-19;-1;-19;-1;-19;-1;-19;-1;-18;-2;-17;-2;-16;-2;-16;-2;-16;-2;-16;-3;-6;-1;-2;-1;0;-1;0;0;0;0;-2;-1;-5;-2;-13;-5;-13;-5;-14;-6;-14;-6;-15;-7;-16;-7;-16;-8;-17;-9;-18;-9;-18;-10;-19;-11;-19;-11;-19;-12;-20;-12;-20;-12;-20;-12;-21;-12;-21;-12;-22;-12;-23;-12;-24;-12;-25;-12;-26;-12;-27;-11;-28;-11;-29;-11;-30;-11;-31;-11,transition,EXP_S151,ZONE_02,sortie_zone,4.1,sortie_zone,sortie de la zone
940858135,-58,6,a0:9f:7a:73:2b:3e,384,-110;-96;8;0;-26;-36;-24;-35;-21;-33;-18;-29;-16;-23;-15;-15;-15;-7;-16;0;-18;8;-21;14;-26;19;-31;23;-35;24;-39;23;-41;21;-41;18;-40;14;-36;10;-30;7;-23;6;-15;6;-8;8;-2;12;2;16;5;21;1;5;0;0;0;0;0;0;0;0;0;0;0;0;0;0;0;0;0;0;1;-3;8;-8;11;-6;13;-2;14;2;13;5;11;7;9;7;6;6;3;4;1;0;1;-4;2;-8;3;-13;6;-16;8;-18;10;-19;11;-19;12;-19;10;-18;7;-17;3;-16;-2;-16;-8;-18;-14;-20;-20;-23;-24;-27;-124;0;-11;-7;-11;-8;-11;-8;-11;-9;-11;-10;-11;-10;-10;-11;-10;-11;-10;-12;-10;-12;-10;-12;-10;-13;-10;-13;-9;-14;-9;-14;-9;-15;-8;-15;-8;-15;-7;-15;-7;-15;-6;-15;-5;-15;-4;-15;-4;-16;-3;-16;-2;-16;-1;-16;0;-15;0;-6;0;-2;0;0;-1;-1;-1;-1;1;0;3;2;9;6;9;7;8;7;7;8;6;8;5;8;4;8;3;9;3;8;2;8;1;8;0;8;-1;7;-2;7;-3;6;-4;5;-4;5;-5;4;-5;3;-6;2;-6;2;-7;1;-8;0;-8;-1;-9;-2;-9;-3;-10;-4;-10;-4;-124;0;-12;-27;-13;-28;-13;-28;-14;-28;-14;-27;-14;-27;-15;-26;-15;-26;-15;-25;-15;-25;-16;-24;-16;-24;-16;-24;-16;-24;-16;-24;-16;-24;-16;-24;-16;-24;-15;-24;-15;-24;-14;-24;-14;-24;-13;-24;-12;-24;-11;-24;-10;-24;-9;-24;-8;-24;-3;-9;-1;-3;0;0;-1;0;-1;0;0;-1;0;-1;0;-1;0;-2;0;-2;0;-3;-1;-3;-1;-4;-1;-5;-2;-6;-2;-7;-3;-8;-3;-9;-3;-10;-3;-10;-3;-11;-3;-12;-4;-13;-4;-14;-5;-15;-5;-16;-6;-17;-7;-18;-7;-19;-8;-20;-9;-22;-10;-23;-11;-24;-11;-25;-12;-26,transition,EXP_S151,ZONE_02,sortie_zone,4.1,sortie_zone,sortie de la zone
941061234,-57,6,a0:9f:7a:73:2b:3e,384,-110;-96;8;0;-11;-20;-7;-13;-3;-6;2;1;8;7;13;13;19;18;24;22;28;24;31;26;34;26;34;26;34;25;31;23;27;20;22;17;15;13;8;8;0;3;-7;-1;-14;-6;-20;-10;-26;-14;-30;-17;-32;-20;-9;-6;0;0;0;0;0;0;0;0;0;0;0;0;0;0;0;0;0;0;1;3;4;15;2;16;-2;18;-5;18;-7;19;-9;19;-11;18;-11;17;-11;15;-11;12;-10;10;-8;6;-6;3;-4;-1;-2;-5;-1;-9;-1;-14;-1;-19;-2;-23;-3;-28;-5;-31;-7;-35;-10;-37;-12;-38;-14;-37;-15;-36;91;0;0;-23;0;-22;0;-22;0;-22;0;-22;0;-23;0;-23;0;-24;-1;-24;-1;-23;-1;-23;-1;-23;0;-23;1;-24;1;-24;1;-25;1;-25;1;-24;2;-24;3;-23;4;-22;5;-22;6;-22;6;-22;7;-21;8;-21;9;-20;10;-19;3;-7;1;-2;-1;0;-1;0;-1;0;0;-2;2;-6;5;-15;6;-15;7;-14;8;-14;8;-13;8;-13;9;-13;9;-13;9;-12;9;-12;9;-12;9;-12;9;-12;8;-12;8;-12;7;-12;7;-12;7;-12;6;-13;6;-14;5;-15;4;-15;4;-16;3;-16;3;-17;3;-18;3;-19;3;-20;91;0;-21;-6;-21;-7;-22;-7;-22;-7;-21;-7;-20;-7;-20;-6;-20;-6;-20;-5;-20;-5;-20;-5;-21;-5;-21;-6;-20;-6;-20;-5;-20;-5;-20;-5;-20;-5;-21;-6;-21;-7;-20;-8;-19;-8;-18;-8;-18;-8;-18;-9;-17;-10;-17;-11;-17;-12;-6;-5;-2;-2;0;0;0;-1;0;-1;-1;0;-1;0;-2;0;-2;0;-2;0;-2;0;-3;0;-4;0;-5;0;-6;0;-7;-1;-7;-1;-8;-2;-8;-2;-9;-2;-10;-2;-11;-3;-11;-3;-12;-4;-12;-4;-13;-4;-13;-4;-14;-4;-15;-4;-17;-4;-18;-5;-19;-5;-19;-6;-20;-7;-21;-7,transition,EXP_S151,ZONE_02,sortie_zone,4.1,sortie_zone,sortie de la zone
941252444,-59,6,a0:9f:7a:73:2b:3e,384,-110;-96;8;0;-30;10;-30;10;-29;10;-28;9;-26;8;-25;6;-24;3;-24;1;-25;-2;-26;-4;-28;-6;-29;-7;-30;-7;-31;-7;-31;-7;-30;-7;-28;-6;-25;-7;-22;-7;-19;-9;-16;-10;-13;-13;-11;-15;-9;-18;-8;-20;-2;-6;0;0;0;0;0;0;0;0;0;0;0;0;0;0;0;0;0;0;-2;7;-5;28;-2;27;2;25;5;22;7;18;7;13;6;9;3;4;-1;1;-6;0;-11;-1;-15;0;-19;3;-21;6;-23;10;-22;13;-21;16;-20;18;-18;19;-16;18;-15;17;-15;15;-17;13;-19;12;-21;10;-23;10;53;0;-47;28;-47;28;-47;29;-46;29;-45;29;-44;29;-44;30;-43;30;-42;30;-41;31;-41;31;-40;31;-40;31;-40;30;-41;30;-41;29;-42;29;-42;28;-41;27;-41;25;-40;23;-39;22;-39;21;-39;21;-39;19;-39;18;-39;16;-39;14;-14;4;-5;1;1;-1;1;-1;0;-1;-3;0;-10;1;-25;4;-25;4;-25;3;-25;3;-25;3;-26;2;-27;2;-28;2;-29;3;-30;3;-31;4;-30;5;-30;5;-30;6;-31;6;-32;7;-33;8;-34;9;-35;11;-36;12;-37;14;-37;15;-39;17;-40;19;-42;21;-43;23;-45;25;-45;26;53;0;-3;-7;-3;-5;-3;-2;-5;0;-7;2;-8;1;-9;1;-8;0;-7;1;-5;2;-5;4;-5;6;-7;7;-7;7;-8;7;-7;6;-6;6;-5;7;-5;9;-6;10;-7;11;-8;10;-8;9;-7;9;-6;8;-5;9;-6;10;-6;10;-3;4;-1;1;0;-1;-1;1;-1;0;1;-4;4;-11;12;-30;13;-29;14;-29;15;-28;16;-27;17;-26;17;-25;17;-23;17;-22;16;-21;15;-21;14;-20;14;-20;14;-19;13;-18;12;-16;11;-15;9;-14;7;-14;6;-14;6;-14;6;-13;6;-12;4;-10;2;-8;0;-7;-2;-7;-3;-6,transition,EXP_S151,ZONE_02,sortie_zone,4.1,sortie_zone,sortie de la zone
941452270,-58,6,a0:9f:7a:73:2b:3e,384,-110;-96;8;0;18;-40;17;-38;15;-34;13;-28;11;-21;9;-13;8;-5;7;4;6;12;6;20;6;27;6;32;6;36;6;39;6;39;5;38;5;35;4;31;2;25;1;19;0;12;-2;5;-3;-2;-4;-9;-5;-14;-2;-4;0;0;0;0;0;0;0;0;0;0;0;0;0;0;0;0;0;0;6;-2;27;-5;24;-6;19;-7;14;-8;9;-8;2;-8;-4;-7;-11;-5;-17;-3;-22;-1;-26;2;-29;4;-32;7;-32;9;-32;11;-30;12;-27;12;-23;11;-18;8;-13;4;-8;-1;-2;-7;2;-14;7;-21;11;-27;14;-32;82;0;5;-26;5;-26;5;-26;5;-25;5;-25;5;-24;5;-24;5;-24;5;-23;5;-23;5;-23;5;-22;5;-22;6;-22;6;-21;6;-21;7;-21;7;-21;7;-20;7;-19;7;-18;8;-18;8;-17;9;-16;9;-16;10;-15;10;-14;10;-14;3;-5;1;-2;-1;0;-1;0;-1;0;0;-2;0;-5;1;-12;1;-12;2;-12;2;-12;3;-12;3;-12;3;-12;3;-13;3;-13;3;-13;4;-14;4;-14;4;-14;4;-14;4;-15;4;-15;4;-16;4;-16;4;-17;4;-18;4;-19;4;-19;4;-21;4;-22;4;-23;4;-23;5;-24;5;-24;82;0;11;-11;11;-12;10;-13;10;-14;9;-15;9;-15;8;-15;7;-15;6;-15;5;-15;5;-16;4;-16;4;-17;4;-17;4;-17;5;-17;4;-17;4;-17;4;-17;4;-17;5;-17;5;-17;5;-16;6;-16;6;-15;7;-15;7;-14;8;-14;3;-5;1;-2;-1;0;-2;0;-1;-1;2;-1;6;-1;19;-2;19;-1;19;0;19;1;19;1;19;2;19;2;19;2;19;2;19;2;19;2;19;2;18;2;17;2;17;2;16;1;16;1;16;0;15;-1;15;-2;15;-3;15;-3;14;-5;14;-6;13;-7;13;-9;13;-10;13;-10,transition,EXP_S151,ZONE_02,sortie_zone,4.1,sortie_zone,sortie de la zone
941652391,-58,6,a0:9f:7a:73:2b:3e,384,-110;-96;8;0;29;18;30;19;30;19;27;19;23;18;18;17;12;15;5;13;-2;12;-9;10;-15;9;-22;8;-27;7;-31;5;-33;4;-34;2;-34;1;-31;-1;-27;-3;-22;-5;-17;-6;-11;-7;-4;-8;2;-8;7;-9;2;-3;0;0;0;0;0;0;0;0;0;0;0;0;0;0;0;0;0;0;0;7;3;28;5;27;8;26;11;23;13;19;14;15;15;10;14;4;13;-2;10;-9;7;-14;4;-20;0;-24;-3;-28;-7;-30;-10;-32;-12;-31;-14;-30;-14;-28;-13;-24;-10;-19;-7;-14;-2;-9;4;-3;10;2;15;6;82;0;23;-2;23;-2;23;-2;23;-2;23;-2;22;-1;22;-1;22;-1;22;-1;22;-1;21;-1;21;-1;21;-1;21;-1;21;0;21;0;21;1;21;1;20;2;20;2;19;3;19;3;18;4;18;4;17;5;17;6;16;6;16;7;5;2;1;0;-1;-1;-1;0;-1;0;0;-1;1;-1;5;-1;5;-1;5;-1;5;-2;5;-2;6;-1;6;-1;7;-1;8;-1;8;-2;9;-2;9;-2;9;-2;10;-2;10;-2;11;-2;12;-2;13;-2;13;-2;14;-2;15;-2;16;-2;17;-2;18;-2;19;-3;20;-3;21;-3;21;-3;82;0;-1;13;0;12;1;12;2;11;3;10;4;10;5;9;5;9;6;8;6;7;7;6;7;5;8;5;9;5;9;5;10;5;10;4;10;4;10;4;10;4;10;4;10;4;10;4;10;4;10;5;9;5;9;5;9;5;3;2;1;0;-1;-1;0;-2;0;-1;-1;2;-4;7;-10;20;-11;20;-12;19;-13;19;-13;18;-14;18;-14;18;-14;18;-15;17;-15;17;-15;17;-14;17;-14;16;-14;16;-13;15;-13;15;-12;14;-11;14;-10;15;-9;15;-9;15;-8;15;-7;15;-7;15;-5;15;-4;15;-3;15;-2;15,transition,EXP_S151,ZONE_02,sortie_zone,4.1,sortie_zone,sortie de la zone
941857300,-59,6,a0:9f:7a:73:2b:3e,384,-110;-96;8;0;-34;26;-35;28;-34;28;-32;26;-29;23;-25;19;-21;13;-17;7;-14;0;-11;-7;-8;-14;-5;-20;-3;-26;-1;-30;2;-33;4;-34;6;-34;8;-33;10;-30;11;-26;13;-21;14;-16;15;-10;15;-4;16;0;4;0;0;0;0;0;0;0;0;0;0;0;0;0;0;0;0;0;0;0;-4;-6;-16;-21;-16;-18;-16;-14;-15;-9;-13;-4;-10;1;-6;6;-2;10;3;13;8;15;14;16;19;16;23;15;27;13;29;10;30;6;30;3;28;0;25;-2;20;-3;14;-3;7;-1;-1;1;-9;5;-16;9;-21;13;85;0;-5;24;-5;24;-5;25;-5;25;-4;25;-4;24;-5;23;-5;23;-6;23;-6;24;-5;24;-5;24;-5;24;-6;23;-6;23;-7;23;-8;23;-9;22;-9;22;-10;22;-10;21;-10;20;-11;19;-11;18;-12;17;-13;17;-14;16;-14;15;-6;5;-2;1;0;-1;0;-1;0;-1;-1;1;-3;3;-6;8;-6;8;-6;7;-6;7;-6;6;-7;6;-7;7;-7;8;-7;9;-6;9;-6;9;-5;9;-5;9;-6;9;-6;10;-5;11;-5;12;-4;13;-4;13;-4;14;-4;14;-5;15;-5;17;-5;18;-4;20;-4;21;-3;22;-3;22;85;0;-20;-1;-19;-1;-18;0;-17;1;-17;2;-17;3;-17;3;-16;2;-15;2;-14;2;-13;2;-12;3;-12;4;-12;4;-12;3;-11;3;-10;2;-9;2;-8;2;-7;3;-7;3;-7;3;-7;2;-7;1;-6;1;-5;1;-4;1;-4;1;-1;0;-1;0;0;-1;1;0;0;0;-2;-1;-6;-3;-17;-8;-17;-9;-17;-9;-17;-10;-17;-10;-16;-11;-16;-10;-16;-10;-16;-10;-16;-10;-17;-10;-17;-10;-17;-10;-17;-10;-17;-9;-16;-9;-16;-8;-17;-7;-17;-7;-18;-6;-19;-6;-19;-6;-19;-5;-18;-4;-18;-3;-19;-2;-20;-1;-21;0,transition,EXP_S151,ZONE_02,sortie_zone,4.1,sortie_zone,sortie de la zone
942053925,-59,6,a0:9f:7a:73:2b:3e,384,-110;-96;8;0;-33;1;-28;2;-23;1;-18;-2;-15;-6;-13;-10;-13;-15;-14;-20;-16;-23;-19;-25;-23;-26;-26;-26;-28;-24;-29;-22;-29;-19;-27;-16;-24;-14;-20;-14;-16;-14;-12;-14;-9;-16;-6;-18;-4;-21;-3;-24;-3;-26;-1;-7;0;0;0;0;0;0;0;0;0;0;0;0;0;0;0;0;0;0;-7;4;-25;16;-24;14;-23;11;-22;9;-22;6;-23;3;-24;0;-25;-2;-26;-4;-26;-4;-27;-5;-26;-5;-24;-5;-23;-5;-22;-6;-20;-7;-19;-9;-19;-12;-21;-14;-23;-17;-26;-18;-30;-19;-34;-18;-38;-16;-41;-12;-42;-9;44;0;-29;-9;-29;-8;-28;-7;-28;-6;-28;-5;-28;-5;-27;-4;-27;-3;-27;-2;-27;-1;-27;-1;-26;0;-26;0;-26;0;-26;0;-26;0;-26;0;-25;0;-25;0;-25;0;-24;0;-23;0;-23;0;-23;0;-23;0;-22;-1;-22;-2;-22;-2;-8;-1;-3;-1;0;0;1;0;0;0;-3;-2;-8;-6;-20;-15;-20;-16;-19;-17;-18;-18;-17;-18;-17;-19;-17;-19;-17;-19;-17;-20;-17;-20;-17;-20;-16;-20;-16;-20;-17;-19;-17;-19;-17;-19;-17;-18;-18;-17;-18;-17;-19;-16;-20;-16;-21;-15;-22;-14;-23;-14;-24;-13;-25;-12;-26;-12;-26;-11;44;0;-12;7;-12;7;-12;7;-13;7;-13;7;-13;6;-12;6;-11;6;-10;6;-10;6;-10;6;-9;6;-9;6;-9;5;-8;5;-7;5;-6;5;-6;5;-5;6;-5;6;-5;6;-5;5;-4;5;-4;5;-3;5;-3;5;-3;6;-3;6;-1;2;-1;0;0;-1;-1;0;-1;0;0;-1;0;-3;2;-7;2;-7;3;-7;3;-6;3;-5;3;-4;3;-3;2;-3;1;-2;0;-2;0;-2;0;-2;0;-1;-1;0;-2;1;-3;1;-4;2;-5;2;-6;2;-6;2;-6;3;-7;4;-8;5;-9;6;-10;6;-11;6;-12;6;-12;7,transition,EXP_S151,ZONE_02,sortie_zone,4.1,sortie_zone,sortie de la zone
942252250,-63,6,a0:9f:7a:73:2b:3e,384,-110;-96;8;0;-33;6;-28;7;-22;7;-14;7;-5;6;4;5;13;5;21;4;28;3;34;3;39;3;42;3;44;4;43;4;40;5;36;5;30;5;22;4;14;3;5;2;-4;0;-12;-2;-19;-4;-25;-7;-30;-9;-8;-3;0;0;0;0;0;0;0;0;0;0;0;0;0;0;0;0;0;0;4;-5;16;-19;16;-15;15;-9;13;-4;11;1;8;5;5;8;1;10;-2;10;-5;9;-8;7;-9;5;-10;2;-11;-1;-12;-4;-12;-7;-13;-8;-15;-9;-18;-10;-20;-9;-23;-8;-27;-7;-30;-5;-33;-3;-36;-1;-38;1;101;0;-16;-5;-16;-4;-17;-4;-17;-4;-18;-4;-18;-4;-19;-5;-20;-4;-21;-4;-21;-4;-21;-4;-21;-4;-21;-4;-21;-5;-22;-5;-22;-5;-22;-5;-22;-5;-22;-5;-21;-6;-21;-6;-20;-7;-20;-8;-20;-8;-20;-8;-19;-9;-18;-9;-18;-10;-7;-4;-2;-2;0;0;-1;1;-1;0;-1;-3;0;-8;1;-21;2;-20;3;-19;4;-18;5;-17;5;-17;6;-17;6;-16;6;-16;6;-15;6;-15;6;-14;6;-13;6;-12;5;-11;4;-10;3;-9;2;-9;1;-9;0;-8;-2;-7;-3;-7;-5;-6;-6;-6;-7;-6;-8;-6;-9;-6;-10;-6;101;0;-24;10;-24;10;-25;10;-25;10;-25;9;-24;9;-23;9;-22;9;-21;10;-21;10;-20;11;-20;11;-20;11;-20;11;-19;10;-18;10;-18;10;-18;11;-17;11;-17;11;-17;11;-17;11;-16;11;-16;10;-16;10;-16;10;-16;10;-17;9;-7;3;-2;0;0;-1;-1;0;-1;0;1;-1;4;-3;11;-6;11;-5;11;-4;11;-3;10;-1;9;0;8;1;7;1;6;2;5;3;4;3;2;4;1;5;-1;6;-2;6;-4;6;-6;6;-7;7;-8;7;-10;8;-11;8;-13;9;-14;10;-16;10;-18;11;-20;11;-22;11;-22;11,transition,EXP_S151,ZONE_02,sortie_zone,4.1,sortie_zone,sortie de la zone
942454273,-60,6,a0:9f:7a:73:2b:3e,384,-110;-96;8;0;43;31;41;29;37;25;31;20;23;15;15;10;6;5;-3;0;-12;-4;-20;-8;-27;-10;-33;-12;-37;-12;-40;-12;-41;-12;-39;-12;-36;-11;-31;-10;-25;-8;-19;-6;-11;-5;-4;-3;3;-2;10;-1;15;0;4;0;0;0;0;0;0;0;0;0;0;0;0;0;0;0;0;0;0;0;1;0;7;3;7;4;7;5;6;6;4;6;2;5;-1;3;-5;1;-9;-3;-12;-6;-16;-10;-18;-13;-20;-16;-21;-17;-22;-18;-21;-18;-20;-17;-17;-14;-13;-10;-7;-5;0;0;7;6;15;12;23;18;30;23;35;27;93;0;25;6;26;6;26;6;25;6;24;5;23;6;23;6;23;6;23;6;23;6;22;5;22;5;21;5;20;6;20;6;20;6;20;6;20;6;19;6;18;6;18;6;17;6;16;6;16;7;16;7;16;7;15;7;15;7;5;2;1;0;-1;-1;0;0;-1;0;-1;-1;-1;-3;-1;-7;0;-8;0;-8;1;-8;2;-8;3;-7;4;-7;5;-7;6;-7;7;-7;8;-6;9;-6;10;-5;11;-4;12;-4;13;-3;14;-3;15;-2;15;-2;16;-1;17;0;19;1;20;1;21;1;22;1;22;2;23;2;23;3;93;0;18;18;18;17;19;17;19;16;19;15;19;15;19;14;18;13;18;11;17;10;17;9;18;8;18;7;18;7;18;7;18;6;17;6;17;5;17;4;17;3;17;3;16;3;16;3;15;2;15;2;15;2;15;2;15;2;5;0;1;0;-1;-1;0;-1;0;-1;-1;0;-1;0;-2;0;-1;0;-1;0;0;1;1;1;1;2;2;3;2;3;3;4;3;5;4;5;5;7;5;8;6;8;6;9;6;9;7;10;8;11;9;12;10;13;11;13;12;14;13;14;14;15;16;15;17;16;19;17;19;18,transition,EXP_S151,ZONE_02,sortie_zone,4.1,sortie_zone,sortie de la zone
942655520,-59,6,a0:9f:7a:73:2b:3e,384,-110;-96;8;0;32;-36;28;-33;24;-29;18;-23;12;-16;6;-8;0;0;-5;8;-10;16;-13;24;-15;30;-17;36;-18;40;-17;41;-16;41;-15;40;-12;36;-10;31;-7;25;-3;18;0;10;3;3;6;-5;8;-12;10;-16;2;-5;0;0;0;0;0;0;0;0;0;0;0;0;0;0;0;0;0;0;2;-1;8;0;9;0;9;1;9;2;7;4;5;5;2;7;-2;8;-7;9;-11;10;-15;10;-18;11;-21;11;-23;10;-24;9;-22;8;-20;6;-17;3;-12;0;-6;-4;0;-8;7;-14;14;-19;20;-24;25;-30;29;-33;86;0;13;-24;13;-24;12;-23;12;-23;12;-22;12;-21;12;-21;12;-21;11;-21;10;-21;9;-21;9;-20;9;-19;9;-19;10;-18;10;-18;10;-18;10;-18;9;-17;9;-17;9;-15;9;-15;9;-14;9;-14;10;-14;9;-13;9;-13;9;-12;3;-5;1;-2;-1;0;0;0;0;0;-1;-1;-2;-3;-3;-6;-3;-7;-2;-7;-2;-8;-2;-9;-1;-9;0;-10;0;-11;1;-11;1;-12;2;-13;3;-13;3;-13;4;-14;5;-14;5;-15;6;-16;6;-16;6;-17;7;-17;8;-18;8;-18;9;-19;9;-20;10;-21;10;-22;10;-22;10;-22;86;0;14;-17;14;-18;14;-19;13;-20;13;-20;12;-20;12;-20;11;-20;10;-20;9;-20;8;-21;7;-22;7;-23;7;-23;7;-23;7;-23;7;-23;6;-23;6;-23;6;-23;6;-22;6;-22;6;-21;6;-21;6;-20;6;-20;7;-19;7;-19;2;-7;1;-3;-1;0;0;-1;0;-1;-1;0;-1;1;-1;3;-1;2;0;2;0;1;1;1;1;1;2;0;2;0;3;0;4;-1;5;-1;6;-1;6;-1;7;-2;7;-2;8;-3;8;-4;9;-5;10;-6;11;-6;11;-7;12;-8;12;-9;12;-10;13;-12;13;-14;14;-15;15;-16,transition,EXP_S151,ZONE_02,sortie_zone,4.1,sortie_zone,sortie de la zone
942852389,-58,6,a0:9f:7a:73:2b:3e,384,-110;-96;8;0;9;-44;9;-38;8;-32;5;-24;1;-15;-4;-7;-10;1;-16;7;-23;12;-30;14;-36;15;-41;15;-44;13;-45;10;-44;5;-41;2;-35;-2;-28;-4;-20;-4;-12;-3;-4;0;3;5;9;10;12;17;14;21;3;5;0;0;0;0;0;0;0;0;0;0;0;0;0;0;0;0;0;0;2;0;9;3;12;6;15;10;17;14;18;17;18;20;18;21;17;21;16;20;15;18;15;15;15;11;17;8;18;4;19;1;20;-3;20;-6;20;-10;18;-13;16;-18;14;-22;11;-28;9;-33;8;-39;7;-43;7;-46;127;0;4;-19;4;-19;4;-19;4;-19;4;-19;5;-19;6;-19;7;-20;7;-21;6;-21;6;-21;7;-20;7;-20;8;-20;9;-20;10;-20;11;-20;11;-19;11;-19;11;-17;12;-16;12;-15;13;-15;14;-15;14;-14;14;-13;15;-12;15;-12;5;-4;1;-1;-1;0;-1;0;-1;0;1;-1;3;-2;11;-4;11;-3;11;-2;11;-2;11;-1;11;-1;10;0;10;0;9;1;8;2;8;2;8;2;7;1;6;0;5;0;4;-1;3;-1;3;-1;3;-2;3;-4;3;-5;3;-7;2;-9;1;-10;1;-11;1;-12;2;-13;3;-14;127;0;2;-31;2;-30;1;-30;1;-29;1;-29;0;-28;0;-26;0;-25;-1;-24;-2;-23;-2;-23;-3;-23;-3;-24;-3;-24;-3;-24;-3;-24;-3;-23;-3;-23;-2;-23;-2;-23;-1;-23;0;-23;1;-22;2;-21;3;-21;3;-20;4;-20;5;-20;2;-8;0;-3;-1;0;0;0;0;0;-1;-2;-1;-4;-3;-12;-2;-12;-2;-13;-2;-13;-2;-14;-2;-15;-2;-16;-2;-17;-2;-18;-1;-19;-1;-20;0;-20;0;-21;1;-22;1;-23;2;-24;2;-24;2;-25;2;-25;2;-26;2;-27;2;-27;1;-28;1;-29;1;-30;1;-31;2;-32;2;-33,transition,EXP_S151,ZONE_02,sortie_zone,4.1,sortie_zone,sortie de la zone
943052453,-54,6,a0:9f:7a:73:2b:3e,384,-110;-96;8;0;-2;43;-3;39;-3;33;-1;27;3;21;8;16;14;12;20;11;26;11;30;12;33;15;34;18;33;21;31;23;27;24;23;23;19;20;16;15;15;10;15;4;16;-1;19;-4;23;-6;27;-7;30;-6;7;-2;0;0;0;0;0;0;0;0;0;0;0;0;0;0;0;0;0;0;-6;2;-25;9;-27;6;-27;2;-26;-1;-23;-4;-19;-4;-15;-2;-11;2;-9;7;-9;12;-10;18;-13;22;-16;25;-20;26;-24;26;-25;24;-26;22;-24;20;-20;18;-15;18;-9;19;-4;22;1;26;4;32;6;37;6;41;-115;0;1;11;0;11;-1;11;-2;11;-3;11;-4;11;-5;10;-6;10;-6;10;-7;10;-7;9;-8;9;-9;9;-9;8;-10;8;-10;7;-11;6;-11;6;-11;5;-11;4;-11;4;-11;3;-11;2;-11;2;-11;1;-11;0;-11;-1;-11;-1;-4;-1;-2;-1;0;-1;0;0;-1;0;-1;-2;-1;-4;-1;-12;0;-12;1;-12;2;-11;3;-11;4;-11;5;-10;6;-10;7;-9;8;-8;8;-8;9;-6;9;-5;9;-4;9;-3;9;-2;9;-1;9;0;9;1;8;2;8;3;8;4;7;5;7;6;6;7;5;8;4;9;4;9;-115;0;-3;32;-3;32;-2;31;-2;31;-2;30;-1;29;-1;29;0;28;0;28;0;27;1;27;1;27;1;26;1;26;1;27;1;27;0;27;-1;27;-1;26;-2;26;-3;26;-4;25;-4;25;-5;24;-6;24;-8;23;-9;22;-11;22;-4;7;-2;2;0;-1;-1;-1;-1;-1;0;1;1;4;4;13;3;13;3;14;2;15;2;15;2;16;1;17;1;18;1;19;0;20;0;21;-1;21;-1;22;-2;23;-2;23;-2;23;-2;24;-2;25;-2;25;-2;26;-2;27;-2;28;-2;29;-2;30;-2;31;-2;32;-2;32;-2;33,transition,EXP_S151,ZONE_02,sortie_zone,4.1,sortie_zone,sortie de la zone
943252545,-53,6,a0:9f:7a:73:2b:3e,384,-110;-96;8;0;-30;-8;-27;-7;-24;-6;-22;-4;-19;-1;-18;3;-18;6;-19;9;-21;11;-23;12;-26;12;-27;10;-28;8;-28;5;-26;3;-23;0;-20;-1;-16;0;-13;2;-11;4;-10;7;-10;10;-11;12;-14;14;-16;14;-5;3;0;0;0;0;0;0;0;0;0;0;0;0;0;0;0;0;0;0;-5;-2;-17;-7;-16;-9;-15;-11;-14;-13;-13;-13;-11;-12;-11;-11;-11;-9;-12;-8;-14;-7;-16;-6;-18;-7;-20;-7;-21;-8;-22;-10;-23;-11;-22;-12;-22;-12;-22;-11;-22;-9;-23;-8;-24;-6;-26;-5;-28;-4;-30;-4;-32;-5;-115;0;-12;-4;-12;-4;-11;-4;-10;-4;-9;-6;-9;-8;-10;-10;-11;-11;-12;-11;-12;-11;-12;-10;-11;-11;-9;-12;-9;-14;-9;-15;-9;-16;-9;-16;-9;-15;-8;-15;-6;-15;-4;-15;-3;-16;-3;-16;-3;-17;-3;-17;-2;-16;-1;-16;0;-15;0;-6;0;-2;0;0;-1;0;-1;0;1;-1;4;-2;11;-4;11;-3;11;-3;11;-2;10;-1;9;0;9;1;9;2;9;3;10;3;9;3;8;3;6;3;5;3;4;5;4;5;4;6;4;5;3;4;1;2;-1;2;-3;2;-4;3;-5;3;-5;3;-5;2;-5;0;-5;-2;-115;0;-54;-1;-53;-1;-53;-1;-52;-1;-50;-1;-49;-1;-47;-1;-46;0;-44;0;-43;1;-42;1;-42;2;-42;1;-42;1;-41;0;-41;0;-40;0;-40;-1;-40;-2;-39;-4;-38;-5;-36;-6;-35;-7;-34;-7;-33;-8;-32;-10;-32;-12;-31;-13;-11;-5;-4;-2;1;0;1;-1;0;-1;-2;1;-7;3;-19;10;-20;10;-21;10;-22;10;-24;10;-26;10;-28;9;-30;8;-32;8;-33;7;-35;6;-36;5;-38;4;-39;3;-40;2;-41;1;-41;1;-42;1;-43;1;-45;1;-46;1;-48;1;-49;1;-50;1;-52;0;-53;0;-55;0;-56;0,transition,EXP_S151,ZONE_02,sortie_zone,4.1,sortie_zone,sortie de la zone
943452760,-53,6,a0:9f:7a:73:2b:3e,384,-110;-96;8;0;30;9;28;8;25;6;23;3;21;0;21;-4;22;-8;24;-10;26;-12;28;-12;31;-12;32;-10;32;-7;31;-4;29;-2;26;-1;22;-2;20;-4;18;-7;17;-10;18;-12;19;-15;22;-16;25;-15;28;-14;7;-4;0;0;0;0;0;0;0;0;0;0;0;0;0;0;0;0;0;0;5;2;20;10;20;12;18;15;15;17;12;18;10;17;9;15;9;12;10;10;13;7;15;6;18;7;22;8;24;10;25;12;24;14;24;16;23;16;22;15;22;14;23;12;24;9;26;8;28;6;30;6;32;6;-102;0;2;2;2;2;2;3;2;3;2;4;2;4;2;5;2;5;1;6;1;6;1;6;0;7;0;7;-1;7;-1;7;-2;8;-2;8;-3;8;-3;8;-3;7;-4;7;-4;7;-4;7;-5;6;-5;6;-6;5;-6;5;-6;4;-3;1;-1;0;0;-1;0;-1;0;0;-1;0;-4;0;-9;-1;-9;-1;-9;-2;-8;-3;-8;-3;-8;-4;-7;-4;-7;-5;-7;-5;-6;-5;-5;-5;-5;-6;-4;-6;-4;-6;-3;-6;-3;-5;-2;-5;-2;-5;-1;-5;-1;-5;0;-4;0;-4;0;-3;1;-3;1;-2;2;-1;2;-1;2;-1;-102;0;27;11;26;10;26;10;26;9;25;9;25;8;24;8;24;7;24;7;23;6;23;6;23;6;24;6;24;6;24;6;24;7;24;8;24;9;24;9;23;10;23;11;22;12;21;12;21;13;20;15;18;16;17;17;16;18;5;6;1;2;-1;-1;-1;0;-1;0;1;-1;4;-1;13;-2;14;-2;14;-1;15;-1;15;0;16;1;17;1;18;2;18;3;19;4;19;4;20;5;20;6;20;7;21;7;21;8;21;8;21;8;22;9;22;9;23;9;23;9;24;9;25;10;26;10;26;10;27;10;27;10,transition,EXP_S151,ZONE_02,sortie_zone,4.1,sortie_zone,sortie de la zone
943654786,-53,6,a0:9f:7a:73:2b:3e,384,-110;-96;8;0;-3;34;-3;29;0;24;4;19;9;16;14;14;20;14;24;16;28;18;30;22;29;25;27;28;24;30;20;30;16;29;13;25;11;21;11;16;12;11;15;7;19;5;23;4;27;6;30;9;31;12;8;3;0;0;0;0;0;0;0;0;0;0;0;0;0;0;0;0;0;0;-4;3;-14;14;-15;13;-16;11;-16;10;-15;8;-13;8;-11;9;-9;11;-8;14;-8;16;-9;19;-10;21;-11;22;-12;22;-13;22;-13;21;-12;20;-10;20;-7;20;-3;22;0;24;3;27;4;31;5;35;4;38;3;40;-111;0;-6;8;-7;8;-7;8;-8;7;-8;7;-9;6;-10;6;-10;6;-10;6;-10;6;-11;6;-11;5;-11;5;-12;4;-12;3;-13;3;-13;2;-12;2;-12;1;-12;0;-12;-1;-12;-1;-12;-2;-11;-2;-11;-3;-11;-4;-10;-4;-10;-5;-4;-2;-1;-1;0;0;0;0;-1;0;-1;-1;-1;-3;-1;-7;-1;-7;0;-7;1;-6;1;-6;2;-6;2;-5;3;-5;3;-4;3;-4;3;-3;3;-2;3;-2;3;-1;3;0;3;0;2;1;2;2;2;2;1;3;1;4;0;4;0;5;-1;5;-2;6;-2;6;-3;7;-3;7;-111;0;2;30;2;30;2;30;2;29;2;29;2;28;2;28;2;27;2;27;3;27;3;27;3;27;2;27;2;27;2;27;1;27;0;27;-1;27;-2;27;-3;27;-4;27;-5;26;-6;25;-7;25;-9;24;-11;23;-12;22;-13;22;-5;7;-2;2;0;-1;-1;-1;-1;-1;0;1;2;3;6;10;6;11;5;12;5;12;5;13;5;14;4;14;4;15;4;16;4;17;3;18;3;19;3;19;2;20;2;21;2;21;1;22;1;22;1;23;1;23;2;24;2;25;2;26;2;27;2;28;2;29;2;30;2;31,transition,EXP_S151,ZONE_02,sortie_zone,4.1,sortie_zone,sortie de la zone
943852283,-54,6,a0:9f:7a:73:2b:3e,384,-110;-96;8;0;-4;-35;-4;-32;-4;-27;-7;-23;-11;-19;-16;-16;-21;-15;-26;-16;-29;-18;-31;-21;-32;-24;-32;-27;-30;-28;-27;-29;-23;-28;-20;-25;-19;-22;-18;-17;-19;-13;-22;-10;-25;-8;-28;-8;-31;-9;-33;-12;-34;-15;-9;-4;0;0;0;0;0;0;0;0;0;0;0;0;0;0;0;0;0;0;3;-5;16;-17;18;-14;20;-11;20;-8;18;-5;15;-3;11;-4;7;-5;5;-9;4;-13;4;-17;5;-21;7;-24;10;-25;13;-26;14;-25;14;-23;14;-21;11;-19;7;-19;3;-20;-1;-22;-4;-25;-7;-28;-8;-32;-8;-35;-114;0;0;-9;0;-9;0;-9;1;-8;2;-8;3;-8;4;-8;5;-8;5;-9;5;-9;5;-8;6;-7;7;-6;8;-6;9;-6;9;-6;9;-6;8;-5;8;-4;8;-3;8;-2;9;-2;9;-1;9;-1;9;-1;8;-1;8;0;7;1;2;0;0;0;-1;0;-1;-1;0;-1;0;1;-1;3;-1;10;-1;10;-2;10;-2;9;-3;9;-4;8;-5;8;-6;8;-7;7;-7;7;-7;6;-7;5;-7;4;-7;3;-8;2;-8;2;-8;1;-8;1;-7;0;-6;-1;-6;-2;-6;-3;-6;-4;-6;-5;-5;-5;-4;-5;-3;-6;-2;-6;-114;0;-7;-29;-7;-29;-8;-29;-8;-29;-8;-29;-8;-28;-9;-28;-9;-28;-10;-27;-10;-27;-11;-27;-11;-27;-11;-28;-11;-29;-10;-29;-10;-30;-9;-31;-8;-31;-7;-31;-5;-32;-4;-32;-2;-31;-1;-31;0;-30;1;-30;4;-30;6;-29;8;-29;3;-11;1;-4;-1;1;0;0;0;0;-1;-2;-2;-4;-5;-11;-5;-11;-4;-12;-4;-13;-4;-14;-3;-14;-3;-15;-3;-16;-3;-17;-3;-17;-2;-18;-2;-19;-2;-19;-2;-20;-2;-20;-1;-20;-1;-21;-2;-21;-2;-22;-2;-22;-2;-23;-3;-24;-3;-25;-4;-25;-5;-26;-6;-27;-7;-28;-7;-28,transition,EXP_S151,ZONE_02,sortie_zone,4.1,sortie_zone,sortie de la zone
944052271,-53,6,a0:9f:7a:73:2b:3e,384,-110;-96;8;0;10;33;9;30;9;26;9;21;12;16;15;13;20;10;24;9;28;10;31;12;32;15;32;18;30;20;28;22;24;22;20;21;17;18;15;14;15;10;16;6;18;2;22;1;25;1;28;3;30;5;7;1;0;0;0;0;0;0;0;0;0;0;0;0;0;0;0;0;0;0;-1;4;-5;19;-7;19;-10;18;-12;16;-12;14;-11;12;-9;10;-6;10;-3;11;0;13;1;16;2;20;2;23;0;25;-1;26;-3;27;-4;26;-3;25;-2;23;1;22;4;22;8;23;12;25;14;27;16;30;16;32;-116;0;3;8;3;7;2;7;1;7;0;7;-1;8;-2;9;-2;9;-2;10;-2;10;-2;9;-3;9;-4;8;-5;8;-6;9;-7;9;-7;9;-7;8;-7;7;-7;6;-8;6;-8;5;-9;5;-9;5;-9;5;-9;4;-9;3;-9;2;-3;0;-1;0;0;-1;0;0;0;0;-1;-1;-3;-2;-7;-5;-7;-6;-6;-6;-5;-6;-5;-7;-4;-7;-3;-7;-2;-8;-2;-8;-1;-8;-1;-8;0;-7;0;-6;1;-6;2;-5;3;-5;3;-5;3;-5;3;-4;3;-2;4;-1;4;0;5;1;5;1;5;1;4;2;3;3;3;4;-116;0;18;24;18;24;17;23;17;23;17;23;17;22;16;21;16;21;16;20;16;20;16;20;16;20;16;21;16;21;15;21;15;21;15;21;14;22;13;23;12;23;11;24;10;24;8;23;7;23;6;24;4;24;2;24;1;25;0;9;-1;2;-1;-1;-1;-1;-1;-1;1;0;3;1;9;5;9;5;10;6;10;6;10;7;11;8;11;9;11;9;12;10;12;11;12;12;12;13;12;14;12;14;12;15;12;16;13;16;13;16;14;17;14;18;15;18;15;19;16;20;17;20;17;21;18;22;18;23;18;24,transition,EXP_S151,ZONE_02,sortie_zone,4.1,sortie_zone,sortie de la zone
944253870,-53,6,a0:9f:7a:73:2b:3e,384,-110;-96;8;0;-34;-5;-30;-5;-26;-3;-23;0;-20;4;-19;9;-20;13;-21;17;-24;19;-27;20;-30;20;-32;18;-33;15;-33;12;-31;9;-28;7;-24;6;-20;7;-16;8;-14;11;-13;15;-14;18;-16;20;-19;22;-22;22;-6;5;0;0;0;0;0;0;0;0;0;0;0;0;0;0;0;0;0;0;-5;-3;-17;-12;-16;-14;-14;-16;-12;-17;-10;-17;-8;-15;-7;-13;-8;-11;-10;-9;-12;-7;-15;-6;-18;-7;-21;-8;-22;-10;-23;-11;-23;-13;-22;-13;-21;-12;-21;-11;-21;-8;-22;-5;-24;-2;-27;-1;-31;0;-34;0;-36;0;-108;0;-8;-3;-8;-3;-8;-3;-7;-4;-7;-4;-6;-6;-7;-7;-7;-7;-7;-7;-7;-7;-7;-7;-6;-7;-5;-8;-5;-9;-5;-10;-5;-10;-5;-10;-4;-9;-4;-9;-3;-9;-2;-9;-1;-9;-1;-10;-1;-10;-1;-10;-1;-9;0;-9;1;-8;0;-3;0;-1;0;0;-1;0;-1;0;0;-1;2;-1;6;-3;7;-2;7;-2;7;-1;6;-1;6;0;6;1;6;2;6;2;6;3;5;3;4;2;3;3;3;3;2;4;1;4;1;4;1;4;0;3;-1;2;-2;2;-3;2;-4;2;-4;2;-5;2;-5;1;-5;0;-5;-1;-108;0;-29;3;-29;3;-29;3;-29;4;-29;4;-28;4;-27;4;-27;4;-26;4;-26;4;-26;5;-26;5;-27;5;-27;5;-27;4;-27;4;-27;3;-27;2;-27;1;-27;0;-27;-1;-26;-2;-26;-3;-25;-4;-25;-5;-24;-7;-24;-8;-23;-10;-9;-4;-3;-2;0;0;0;-1;0;-1;-2;0;-4;1;-12;4;-12;3;-12;3;-13;3;-14;3;-14;3;-15;2;-16;2;-16;2;-17;2;-17;2;-18;2;-19;1;-19;1;-20;1;-20;1;-20;1;-21;1;-22;1;-22;1;-23;2;-24;2;-25;2;-26;3;-27;3;-28;3;-29;4;-30;4,transition,EXP_S151,ZONE_02,sortie_zone,4.1,sortie_zone,sortie de la zone
944457193,-54,6,a0:9f:7a:73:2b:3e,384,-110;-96;8;0;20;21;18;18;16;15;15;10;16;6;17;2;20;-2;23;-4;26;-5;29;-4;31;-3;32;0;31;2;30;4;27;6;23;6;20;5;17;3;15;-1;14;-4;15;-7;16;-10;19;-11;21;-11;24;-11;6;-3;0;0;0;0;0;0;0;0;0;0;0;0;0;0;0;0;0;0;-1;3;-2;15;-4;14;-6;13;-6;11;-6;8;-4;7;-1;6;2;6;5;7;7;10;8;13;9;15;8;18;7;20;6;20;4;20;4;18;4;16;6;14;9;12;12;11;17;11;20;12;23;14;25;17;26;19;-112;0;4;6;4;6;4;6;3;6;2;7;1;7;0;8;0;8;0;8;0;8;0;8;-1;8;-2;8;-3;8;-3;8;-4;9;-4;8;-4;8;-4;7;-5;6;-5;6;-6;6;-6;6;-7;6;-7;5;-6;5;-6;4;-6;3;-3;1;-1;0;0;-1;0;0;0;0;-1;-1;-2;-2;-6;-5;-5;-5;-5;-6;-4;-6;-3;-6;-3;-6;-2;-7;-1;-7;-1;-7;0;-7;0;-7;1;-6;2;-5;2;-5;3;-5;3;-4;3;-4;3;-3;4;-3;4;-2;4;-1;5;0;5;0;5;1;5;1;4;2;4;3;4;3;-112;0;22;12;22;12;22;12;21;12;21;12;21;12;20;12;20;12;19;11;19;11;19;11;19;11;19;12;19;12;19;12;18;13;18;13;17;14;17;15;16;15;15;16;14;16;13;16;12;17;11;17;9;18;8;18;7;19;2;7;0;2;-1;-1;-1;-1;-1;-1;0;-1;2;0;7;0;7;0;7;0;8;1;9;1;9;1;10;2;10;2;11;3;11;3;12;3;13;4;13;5;13;5;13;6;14;6;14;6;15;7;16;7;16;7;17;8;18;8;19;9;19;9;20;9;21;10;22;11;23;11,transition,EXP_S151,ZONE_02,sortie_zone,4.1,sortie_zone,sortie de la zone
944652349,-53,6,a0:9f:7a:73:2b:3e,384,-110;-96;8;0;-26;-21;-23;-19;-21;-16;-19;-11;-19;-6;-20;-2;-22;2;-25;5;-28;5;-31;5;-34;3;-35;1;-34;-2;-33;-5;-30;-6;-26;-7;-22;-6;-18;-4;-16;-1;-15;3;-15;6;-17;8;-19;10;-22;11;-24;10;-7;2;0;0;0;0;0;0;0;0;0;0;0;0;0;0;0;0;0;0;-2;-5;-6;-17;-4;-18;-2;-18;0;-16;0;-15;0;-13;-2;-11;-5;-11;-8;-11;-10;-12;-12;-14;-14;-16;-14;-18;-14;-20;-13;-21;-12;-21;-11;-20;-11;-18;-12;-16;-14;-14;-18;-13;-22;-12;-25;-12;-29;-14;-31;-16;-32;-18;-113;0;-7;-6;-7;-6;-7;-6;-6;-6;-5;-7;-4;-7;-4;-8;-4;-9;-4;-9;-4;-9;-4;-9;-3;-9;-2;-9;-2;-10;-1;-10;-1;-10;-1;-10;-1;-10;-1;-9;0;-9;1;-8;2;-9;2;-9;2;-9;2;-9;2;-8;2;-7;3;-6;1;-3;0;-1;-1;0;-1;-1;-1;-1;0;0;2;0;5;2;5;2;5;2;4;3;4;3;3;4;2;4;2;5;2;5;1;5;1;5;0;4;-1;4;-2;4;-3;4;-3;4;-3;3;-3;3;-3;2;-4;1;-4;1;-5;0;-6;0;-6;0;-6;-1;-6;-2;-5;-3;-5;-4;-113;0;-28;-8;-28;-8;-28;-8;-27;-8;-27;-8;-26;-8;-26;-7;-25;-7;-25;-7;-25;-6;-24;-6;-24;-6;-24;-6;-24;-7;-24;-7;-23;-8;-23;-8;-23;-9;-23;-9;-22;-10;-21;-11;-20;-11;-19;-11;-18;-12;-17;-12;-17;-13;-16;-14;-15;-15;-6;-6;-2;-2;0;0;0;-1;0;-1;-2;0;-4;0;-11;1;-11;1;-12;0;-12;0;-13;-1;-13;-1;-14;-1;-15;-2;-15;-2;-16;-2;-17;-3;-17;-3;-18;-4;-18;-4;-18;-4;-19;-4;-19;-5;-20;-5;-21;-5;-22;-5;-22;-5;-23;-5;-24;-5;-25;-5;-26;-6;-27;-6;-28;-6;-29;-7,transition,EXP_S151,ZONE_02,sortie_zone,4.1,sortie_zone,sortie de la zone
944852308,-53,6,a0:9f:7a:73:2b:3e,384,-110;-96;8;0;8;36;7;34;7;31;8;27;10;24;13;22;17;21;20;21;23;22;24;24;25;26;24;28;21;29;19;30;16;28;14;26;12;24;12;21;13;18;15;16;17;15;20;14;22;15;23;18;23;20;5;5;0;0;0;0;0;0;0;0;0;0;0;0;0;0;0;0;0;0;-1;5;-2;23;-5;23;-9;22;-12;20;-13;17;-13;14;-11;12;-7;10;-4;11;0;12;3;16;4;19;4;23;3;27;1;29;-2;30;-4;30;-4;29;-4;27;-2;26;0;26;3;26;7;27;10;29;12;32;13;34;-111;0;0;4;0;4;-1;4;-1;4;-2;4;-3;4;-3;5;-4;5;-4;5;-5;5;-5;5;-5;4;-6;4;-6;4;-7;3;-7;3;-7;3;-7;3;-7;2;-7;2;-7;2;-7;1;-7;1;-7;1;-7;1;-7;0;-7;0;-7;-1;-3;-1;-1;-1;0;-1;0;0;0;0;-1;-1;-2;-4;-4;-9;-4;-10;-3;-10;-2;-10;-1;-10;0;-10;0;-9;1;-9;2;-9;2;-9;3;-9;3;-8;4;-7;4;-7;4;-6;5;-5;5;-5;5;-4;4;-4;4;-3;4;-2;4;-1;4;-1;4;0;4;0;3;1;2;1;2;2;-111;0;7;33;7;32;7;32;7;31;7;31;7;30;7;29;7;29;7;28;7;28;7;28;7;28;7;27;7;28;7;28;7;28;6;28;5;28;4;28;3;28;2;27;1;27;0;27;-1;26;-3;26;-4;26;-6;25;-7;25;-3;9;-2;2;0;-1;-1;-1;-1;-1;0;1;2;4;6;11;5;11;5;12;5;13;5;13;5;14;5;15;5;16;5;16;5;17;4;18;4;19;4;20;3;20;3;21;3;21;4;22;4;22;5;23;5;24;6;25;6;26;6;27;7;28;7;29;7;30;7;31;7;32,transition,EXP_S151,ZONE_02,sortie_zone,4.1,sortie_zone,sortie de la zone
945055528,-53,6,a0:9f:7a:73:2b:3e,384,-110;-96;8;0;26;-15;25;-15;24;-14;22;-14;19;-15;17;-17;16;-19;15;-20;15;-22;15;-23;17;-24;18;-24;19;-23;19;-21;19;-19;18;-17;16;-16;14;-15;12;-15;10;-16;9;-17;8;-18;8;-20;10;-21;11;-22;3;-6;0;0;0;0;0;0;0;0;0;0;0;0;0;0;0;0;0;0;4;-1;18;-3;19;-1;20;3;19;6;17;8;14;9;12;8;10;6;9;3;9;0;10;-4;13;-6;16;-8;20;-8;23;-8;25;-6;26;-4;26;-3;25;-2;24;-2;23;-3;22;-5;21;-7;22;-10;23;-13;24;-15;-112;0;2;-3;2;-4;3;-3;3;-2;4;-1;5;0;5;1;6;2;7;2;7;2;7;3;7;4;6;5;6;6;7;7;7;8;7;8;7;8;6;8;6;8;5;8;4;9;4;9;4;9;4;9;4;9;3;8;2;8;0;3;0;0;-1;-1;0;-1;0;-1;-2;1;-5;3;-14;9;-15;8;-16;8;-16;7;-17;5;-17;4;-17;3;-17;2;-18;1;-18;0;-18;-1;-17;-1;-16;-2;-15;-3;-14;-4;-14;-5;-13;-6;-13;-6;-12;-6;-11;-6;-10;-6;-8;-6;-7;-7;-6;-7;-6;-7;-5;-6;-4;-6;-3;-5;-112;0;52;-21;52;-21;51;-20;50;-20;49;-21;48;-21;47;-21;46;-21;45;-21;44;-20;43;-20;43;-20;43;-21;43;-20;44;-20;44;-19;44;-18;44;-17;44;-16;44;-14;43;-13;43;-11;42;-9;42;-7;41;-5;41;-2;41;0;40;3;14;1;4;0;-2;0;-2;0;-1;0;1;-2;6;-4;17;-11;18;-11;19;-10;20;-10;21;-11;22;-11;23;-11;25;-12;26;-12;28;-12;29;-12;30;-12;32;-11;33;-11;34;-11;35;-11;36;-11;37;-12;38;-13;39;-14;40;-15;42;-16;43;-17;45;-18;47;-19;48;-20;50;-21;51;-21,transition,EXP_S151,ZONE_02,sortie_zone,4.1,sortie_zone,sortie de la zone
945252295,-53,6,a0:9f:7a:73:2b:3e,384,-110;-96;8;0;31;-5;30;-4;28;-4;26;-4;23;-6;22;-8;21;-10;20;-12;21;-14;22;-15;23;-15;25;-15;25;-13;25;-11;25;-9;23;-7;21;-6;18;-6;16;-7;15;-9;14;-11;14;-12;15;-14;17;-14;19;-14;5;-4;0;0;0;0;0;0;0;0;0;0;0;0;0;0;0;0;0;0;5;-2;20;-4;21;-2;22;1;21;4;20;6;18;7;16;7;15;5;14;3;14;1;16;-1;18;-3;21;-4;24;-3;27;-2;28;-1;29;1;29;2;28;3;27;3;27;2;26;1;26;-1;27;-3;29;-5;30;-5;-110;0;2;-2;2;-2;2;-2;1;-1;1;-1;2;0;2;1;3;1;4;1;4;1;4;1;3;2;3;2;3;3;3;4;3;4;3;4;3;4;3;3;2;4;1;4;1;4;1;5;1;5;1;5;1;5;1;5;0;4;0;1;-1;0;-1;-1;0;-1;0;-1;-1;0;-2;1;-6;4;-6;4;-6;4;-6;3;-6;3;-6;2;-7;1;-7;1;-8;0;-8;0;-8;0;-7;0;-7;0;-6;-1;-6;-2;-6;-2;-6;-3;-6;-3;-5;-2;-5;-2;-4;-2;-3;-3;-2;-3;-2;-4;-2;-4;-2;-3;-2;-3;-1;-2;-110;0;28;-8;28;-8;27;-8;27;-8;26;-7;25;-8;24;-7;24;-8;23;-8;22;-8;22;-8;21;-8;21;-8;21;-8;21;-8;21;-7;22;-7;22;-6;22;-6;22;-5;22;-4;21;-3;21;-2;20;-1;20;0;20;1;20;2;19;4;7;1;2;0;-1;-1;-1;0;-1;0;0;-2;2;-4;8;-10;9;-10;9;-10;10;-10;11;-10;12;-10;13;-10;14;-10;15;-10;16;-10;17;-10;18;-9;19;-9;20;-9;20;-8;21;-8;21;-8;22;-8;22;-8;23;-8;24;-8;24;-9;25;-9;26;-9;26;-9;27;-9;28;-9;28;-9,transition,EXP_S151,ZONE_02,sortie_zone,4.1,sortie_zone,sortie de la zone
945457141,-54,6,a0:9f:7a:73:2b:3e,384,-110;-96;8;0;-1;30;-2;28;-2;25;-1;21;2;18;5;16;8;15;12;15;15;15;17;17;17;19;17;21;15;23;13;23;11;23;9;21;7;18;7;15;8;12;9;10;11;8;14;8;16;9;17;10;18;12;4;3;0;0;0;0;0;0;0;0;0;0;0;0;0;0;0;0;0;0;-2;4;-9;17;-11;17;-14;16;-16;14;-17;11;-16;9;-14;8;-11;7;-9;8;-6;10;-5;12;-4;16;-5;19;-6;21;-8;22;-10;23;-12;23;-12;21;-12;20;-10;19;-7;19;-4;19;-2;21;1;23;2;26;3;28;-104;0;2;11;2;11;2;10;1;10;-1;10;-3;10;-5;10;-6;11;-7;12;-7;12;-7;11;-7;10;-9;9;-10;9;-11;9;-12;9;-12;9;-12;9;-11;7;-11;6;-12;4;-13;3;-13;3;-14;3;-13;3;-13;2;-12;1;-12;1;-5;0;-2;-1;0;-1;0;0;0;0;-1;-2;-3;-5;-7;-13;-6;-14;-5;-14;-4;-15;-3;-15;-2;-14;0;-14;2;-15;3;-15;4;-15;4;-15;4;-14;5;-12;6;-11;7;-10;8;-9;9;-8;9;-7;9;-6;8;-4;7;-2;8;0;8;2;9;2;9;3;8;3;7;4;6;4;-104;0;3;50;3;49;4;48;4;47;4;46;5;45;5;44;6;42;6;41;7;41;8;40;8;40;8;40;8;40;8;40;8;40;7;40;6;40;5;40;4;40;2;40;1;39;0;38;-1;38;-3;38;-5;37;-7;37;-9;36;-4;13;-2;3;0;-2;-1;-2;-1;-1;1;2;3;7;9;22;8;22;7;23;7;24;6;26;6;27;5;28;4;29;4;30;3;31;3;32;3;33;2;35;1;36;0;37;0;38;0;38;0;38;0;39;1;41;1;42;1;43;2;44;2;45;3;47;4;48;4;50;4;51,transition,EXP_S151,ZONE_02,sortie_zone,4.1,sortie_zone,sortie de la zone
945652433,-52,6,a0:9f:7a:73:2b:3e,384,-110;-96;8;0;34;18;31;17;28;15;25;11;23;7;23;2;24;-3;27;-6;29;-9;32;-10;35;-9;37;-7;38;-4;37;-2;34;1;31;2;27;2;23;0;20;-3;18;-6;18;-10;19;-13;22;-15;25;-16;28;-15;7;-4;0;0;0;0;0;0;0;0;0;0;0;0;0;0;0;0;0;0;3;4;15;19;13;22;9;24;6;25;3;25;0;22;0;19;1;16;3;13;7;11;11;11;16;12;19;15;21;19;22;22;21;24;19;26;18;26;17;24;17;22;18;19;21;16;24;14;28;13;32;13;35;14;-105;0;6;2;6;2;6;2;5;2;5;3;4;4;4;5;4;6;4;7;4;7;4;7;3;7;2;7;2;8;1;9;1;9;1;9;1;9;0;8;0;8;-1;8;-2;8;-2;9;-3;9;-3;8;-3;8;-3;7;-4;7;-2;2;-1;0;0;-1;0;-1;0;0;-2;0;-4;0;-11;-1;-11;-1;-11;-2;-11;-2;-10;-3;-10;-4;-9;-5;-9;-6;-8;-7;-8;-7;-8;-7;-7;-7;-6;-7;-5;-7;-4;-8;-3;-8;-2;-8;-2;-8;-1;-7;-1;-6;0;-5;1;-5;2;-5;3;-5;3;-4;3;-3;3;-2;3;-2;-105;0;31;11;31;11;30;10;30;10;29;9;29;9;28;8;28;7;28;7;27;7;27;6;27;6;27;6;27;6;27;6;27;6;27;7;27;7;27;8;26;9;26;10;25;10;24;11;23;12;22;13;21;14;20;15;19;17;7;6;1;2;-1;-1;-1;-1;-1;-1;1;0;5;0;14;1;14;1;14;2;15;2;16;3;16;4;17;4;18;5;19;5;19;6;20;6;20;7;21;8;21;8;21;9;22;9;22;9;22;10;23;10;24;10;25;10;26;10;27;10;28;10;29;10;30;10;31;11;32;11,transition,EXP_S151,ZONE_02,sortie_zone,4.1,sortie_zone,sortie de la zone
945855716,-53,6,a0:9f:7a:73:2b:3e,384,-110;-96;8;0;35;15;31;15;27;12;24;8;21;3;20;-2;21;-8;23;-12;26;-15;29;-16;32;-16;34;-14;35;-11;35;-7;33;-4;29;-2;25;-2;20;-3;16;-6;14;-10;13;-13;13;-17;15;-20;19;-21;21;-22;5;-6;0;0;0;0;0;0;0;0;0;0;0;0;0;0;0;0;0;0;4;4;15;18;14;21;11;24;7;25;4;24;2;22;2;19;3;15;6;12;9;11;13;11;18;12;21;15;22;18;23;21;22;23;20;24;19;23;18;21;19;18;20;15;23;12;26;10;30;9;34;9;37;10;-106;0;8;2;8;2;7;2;7;3;6;4;5;5;5;6;6;7;6;8;6;8;5;8;4;8;3;8;2;9;2;10;2;11;2;11;1;10;1;10;0;9;-1;9;-2;9;-3;10;-3;10;-3;9;-3;9;-3;8;-3;7;-2;2;-1;0;0;-1;0;-1;0;0;-1;0;-4;0;-10;1;-10;1;-10;0;-10;-1;-10;-1;-9;-2;-9;-4;-9;-5;-8;-6;-8;-6;-8;-6;-7;-6;-6;-6;-4;-6;-3;-7;-3;-7;-2;-8;-2;-7;-1;-7;0;-6;1;-5;2;-5;3;-5;4;-5;4;-4;4;-3;4;-2;4;-1;-106;0;30;8;30;8;30;8;29;7;29;7;28;7;27;6;27;6;26;5;26;5;26;4;26;4;26;4;25;4;25;4;25;5;25;5;25;5;25;6;25;7;24;8;23;9;22;9;22;10;21;11;20;12;20;14;19;15;6;5;1;1;-1;-1;-1;0;-1;0;1;-1;5;-1;14;-3;14;-3;15;-2;15;-2;16;-1;17;0;18;0;19;1;19;1;20;2;21;2;21;3;22;4;22;5;23;5;23;6;23;6;24;6;24;6;25;6;26;6;27;7;28;7;28;7;29;7;30;7;31;7;32;8,transition,EXP_S151,ZONE_02,sortie_zone,4.1,sortie_zone,sortie de la zone
946057960,-53,6,a0:9f:7a:73:2b:3e,384,-110;-96;8;0;-30;-24;-27;-22;-24;-20;-22;-15;-21;-10;-21;-5;-23;-1;-26;2;-30;4;-33;4;-35;3;-37;1;-37;-2;-35;-4;-32;-6;-28;-7;-24;-6;-21;-4;-18;-1;-17;3;-17;7;-19;10;-21;12;-24;13;-27;13;-7;3;0;0;0;0;0;0;0;0;0;0;0;0;0;0;0;0;0;0;-3;-6;-11;-22;-8;-24;-4;-26;0;-26;2;-24;4;-21;3;-18;1;-15;-2;-13;-6;-12;-10;-13;-14;-16;-17;-19;-18;-22;-17;-26;-16;-28;-14;-28;-13;-28;-13;-26;-13;-23;-16;-21;-19;-19;-23;-17;-26;-17;-30;-18;-32;-20;-116;0;-7;-5;-7;-5;-6;-5;-6;-5;-5;-6;-4;-7;-4;-8;-4;-9;-4;-10;-4;-10;-3;-9;-3;-9;-2;-10;-1;-10;0;-11;0;-11;0;-11;0;-10;1;-10;2;-9;3;-9;3;-9;4;-9;4;-9;4;-9;4;-9;4;-8;4;-7;1;-3;0;-1;-1;0;-1;0;-1;-1;1;-1;3;-1;9;0;9;0;9;1;9;2;9;3;8;4;7;5;7;5;7;6;6;7;6;7;5;7;4;7;2;7;1;7;1;7;0;7;0;6;-1;6;-1;5;-3;4;-4;3;-5;3;-5;2;-5;2;-5;1;-5;0;-5;-1;-116;0;-28;-16;-28;-16;-28;-15;-27;-15;-27;-15;-26;-14;-25;-14;-25;-13;-24;-12;-24;-12;-24;-11;-24;-11;-24;-12;-24;-12;-24;-12;-24;-12;-24;-13;-23;-13;-23;-14;-22;-15;-21;-15;-20;-15;-19;-16;-18;-16;-17;-17;-16;-18;-15;-19;-14;-20;-5;-7;-2;-3;0;0;0;0;0;0;-2;-1;-5;-1;-14;-2;-14;-2;-14;-3;-15;-3;-15;-4;-16;-4;-17;-5;-17;-6;-18;-7;-19;-7;-19;-8;-19;-8;-20;-9;-20;-10;-20;-11;-21;-11;-21;-11;-21;-12;-22;-12;-23;-12;-24;-13;-25;-13;-25;-13;-26;-14;-27;-14;-28;-15;-29;-15;-29;-16,transition,EXP_S151,ZONE_02,sortie_zone,4.1,sortie_zone,sortie de la zone
946251792,-53,6,a0:9f:7a:73:2b:3e,384,-110;-96;8;0;3;37;2;33;2;29;3;24;6;19;11;15;16;13;21;12;25;12;28;14;30;16;30;20;28;22;25;24;22;24;18;22;15;19;13;14;13;9;14;5;16;1;19;-2;23;-3;26;-2;29;0;7;0;0;0;0;0;0;0;0;0;0;0;0;0;0;0;0;0;0;0;-4;4;-15;18;-18;17;-21;14;-22;11;-22;8;-20;6;-17;4;-13;5;-9;7;-7;10;-5;15;-5;19;-6;23;-9;26;-11;27;-13;27;-15;26;-14;25;-13;23;-10;22;-6;22;-2;23;2;26;6;29;8;32;9;36;-105;0;0;8;0;8;-1;8;-1;8;-2;8;-3;8;-4;8;-5;8;-5;9;-5;9;-6;8;-6;8;-7;7;-8;7;-9;7;-9;7;-9;7;-9;6;-9;6;-9;5;-9;4;-10;4;-10;3;-11;3;-11;3;-10;2;-10;2;-10;1;-4;0;-1;-1;0;-1;0;0;0;0;-1;-1;-2;-4;-3;-10;-3;-10;-2;-11;-1;-11;0;-10;0;-10;1;-10;2;-10;3;-9;3;-9;4;-9;4;-8;4;-7;5;-6;6;-5;6;-4;6;-4;6;-3;6;-3;5;-2;5;0;5;1;5;2;5;2;5;3;4;3;3;4;2;4;-105;0;2;30;2;30;2;29;3;29;3;28;3;27;4;27;4;26;4;25;5;25;5;24;5;24;6;24;6;24;5;24;5;24;5;24;5;24;4;24;4;24;3;24;2;24;2;23;1;23;0;23;-1;23;-3;23;-4;23;-2;8;-1;2;-1;-1;-1;-1;-1;-1;0;1;1;4;3;12;2;12;2;13;2;13;2;14;1;15;1;16;1;17;1;17;1;18;1;19;0;20;0;20;-1;21;-1;21;-1;21;-1;22;-1;23;0;23;0;24;0;25;1;26;1;27;1;27;1;28;2;29;2;30;2;31,transition,EXP_S151,ZONE_02,sortie_zone,4.1,sortie_zone,sortie de la zone
946452378,-53,6,a0:9f:7a:73:2b:3e,384,-110;-96;8;0;32;-19;29;-17;25;-15;20;-14;15;-15;10;-17;7;-21;4;-25;3;-28;3;-32;5;-34;7;-36;10;-35;13;-33;14;-29;13;-25;12;-22;8;-19;4;-17;0;-17;-4;-18;-7;-20;-9;-23;-9;-26;-8;-29;-2;-8;0;0;0;0;0;0;0;0;0;0;0;0;0;0;0;0;0;0;5;0;23;1;24;5;24;9;22;12;19;13;16;13;13;11;12;8;12;4;13;0;15;-4;19;-6;23;-7;27;-6;29;-4;30;-2;30;-1;29;0;27;0;25;-2;24;-6;23;-9;23;-13;24;-17;26;-21;28;-23;-105;0;5;-4;6;-3;6;-3;7;-2;7;-1;8;-1;8;0;8;0;8;1;8;1;9;2;9;2;9;3;8;3;8;4;8;4;8;5;8;5;7;6;7;6;7;6;6;6;6;6;6;7;5;7;4;7;4;7;3;7;1;2;0;0;-1;-1;0;-1;0;-1;-1;0;-3;2;-8;6;-9;5;-9;4;-9;4;-10;3;-10;2;-10;1;-10;0;-10;0;-10;-1;-9;-2;-9;-2;-9;-3;-8;-3;-7;-4;-7;-4;-6;-5;-5;-5;-5;-5;-4;-5;-3;-6;-2;-6;-1;-6;0;-6;1;-5;1;-5;2;-5;3;-5;-105;0;28;-13;28;-13;27;-13;26;-13;25;-13;25;-14;24;-14;23;-14;22;-14;21;-14;21;-14;20;-15;20;-15;20;-15;20;-15;20;-15;21;-15;21;-15;21;-14;21;-14;21;-13;21;-12;21;-12;21;-11;21;-10;22;-8;22;-7;23;-6;8;-2;2;-1;-1;0;-1;0;-1;0;1;-1;3;-3;11;-8;11;-8;12;-8;13;-8;13;-8;14;-8;15;-8;16;-8;17;-8;18;-8;18;-8;19;-8;20;-8;20;-8;21;-8;21;-8;22;-8;22;-8;22;-8;23;-9;24;-9;24;-10;25;-11;26;-11;26;-12;27;-12;28;-13;28;-13,transition,EXP_S151,ZONE_02,sortie_zone,4.1,sortie_zone,sortie de la zone
946652470,-54,6,a0:9f:7a:73:2b:3e,384,-110;-96;8;0;15;24;13;22;12;19;11;16;12;12;14;8;17;5;19;4;22;3;25;4;26;6;27;8;26;10;24;12;22;13;18;12;16;10;13;7;13;4;13;1;14;-2;16;-4;19;-4;21;-4;23;-3;6;-1;0;0;0;0;0;0;0;0;0;0;0;0;0;0;0;0;0;0;0;4;2;18;0;19;-4;20;-6;19;-8;17;-8;14;-7;12;-5;10;-2;10;1;10;4;12;6;14;7;17;7;20;6;22;4;24;3;24;2;23;2;21;4;20;6;18;9;18;12;18;15;19;17;20;18;22;-105;0;7;8;6;8;6;9;5;9;4;10;2;11;2;12;1;13;0;14;0;14;-1;14;-2;14;-3;14;-5;14;-6;14;-7;15;-8;15;-8;14;-8;13;-9;12;-10;11;-11;10;-11;10;-12;10;-12;9;-12;9;-12;7;-12;6;-5;2;-2;0;0;-1;0;0;0;0;-2;-1;-6;-2;-16;-6;-15;-7;-15;-7;-14;-8;-13;-9;-12;-10;-11;-11;-10;-12;-9;-13;-8;-14;-6;-14;-5;-13;-3;-13;-2;-12;0;-12;1;-12;2;-11;2;-11;3;-9;3;-8;4;-7;5;-5;6;-4;7;-3;7;-2;7;-1;6;0;6;2;-105;0;34;35;34;35;33;35;33;34;32;33;32;32;31;31;30;30;30;29;30;28;30;28;30;28;30;28;29;28;29;28;28;28;28;29;27;30;26;30;25;31;23;32;22;32;20;32;19;32;16;33;14;34;11;35;9;36;3;13;0;4;-1;-2;-2;-1;-1;-1;2;0;7;2;20;7;20;8;20;9;21;10;21;11;22;12;23;14;23;15;24;16;25;17;25;19;25;20;26;22;25;23;25;24;25;25;26;25;26;26;27;27;28;28;29;29;30;29;31;30;32;31;33;32;34;33;35;34;36;35,transition,EXP_S151,ZONE_02,sortie_zone,4.1,sortie_zone,sortie de la zone
946852560,-53,6,a0:9f:7a:73:2b:3e,384,-110;-96;8;0;-30;24;-28;22;-25;20;-20;19;-15;19;-11;20;-7;22;-5;26;-3;29;-4;32;-6;34;-9;35;-11;34;-13;32;-14;29;-14;26;-13;22;-10;19;-6;17;-2;17;1;18;4;20;5;23;4;26;3;29;0;7;0;0;0;0;0;0;0;0;0;0;0;0;0;0;0;0;0;0;-6;2;-23;9;-25;6;-26;2;-26;-1;-24;-4;-22;-5;-19;-5;-16;-3;-15;1;-15;4;-16;8;-18;11;-22;13;-25;14;-28;13;-30;12;-30;11;-30;9;-28;9;-26;10;-24;13;-23;16;-22;19;-23;23;-24;26;-26;27;-116;0;-6;5;-6;5;-6;4;-6;4;-6;3;-7;2;-8;1;-9;1;-9;1;-10;1;-9;1;-9;0;-9;-1;-9;-2;-10;-3;-10;-3;-11;-3;-10;-3;-9;-3;-9;-4;-8;-5;-8;-5;-8;-6;-8;-6;-8;-6;-7;-6;-7;-6;-6;-6;-2;-3;-1;-1;0;0;-1;0;-1;0;0;-1;0;-4;2;-10;2;-10;3;-10;3;-9;4;-8;5;-8;5;-7;6;-6;7;-6;7;-5;7;-5;7;-5;6;-3;6;-2;6;-1;6;0;6;0;6;1;5;1;4;1;3;2;2;3;2;4;1;4;1;4;0;4;-1;3;-2;3;-116;0;-22;25;-21;25;-21;24;-21;24;-20;24;-19;23;-19;23;-18;22;-17;22;-17;21;-16;21;-16;21;-16;21;-16;21;-16;21;-17;20;-17;20;-17;20;-18;19;-18;19;-18;18;-19;17;-19;16;-19;15;-20;14;-20;13;-21;11;-22;10;-8;3;-3;0;0;-1;0;-1;0;-1;-1;1;-2;4;-4;13;-5;13;-5;14;-6;14;-7;15;-8;15;-9;16;-9;16;-10;17;-11;17;-12;17;-13;18;-13;18;-14;18;-15;18;-15;18;-16;19;-16;19;-16;20;-17;21;-17;21;-18;22;-18;23;-19;24;-19;24;-20;25;-21;26;-21;26,transition,EXP_S151,ZONE_02,sortie_zone,4.1,sortie_zone,sortie de la zone
947052399,-53,6,a0:9f:7a:73:2b:3e,384,-110;-96;8;0;35;-15;33;-13;30;-12;26;-12;21;-13;17;-16;14;-19;13;-23;13;-27;14;-30;16;-31;18;-32;20;-30;22;-28;23;-25;22;-22;19;-19;15;-17;11;-16;7;-17;4;-19;3;-22;3;-25;4;-28;6;-30;1;-8;0;0;0;0;0;0;0;0;0;0;0;0;0;0;0;0;0;0;5;0;24;1;24;4;24;9;22;12;19;14;16;14;13;12;11;9;11;5;12;1;15;-3;19;-5;24;-5;28;-4;31;-3;32;0;32;2;31;3;29;3;28;1;26;-1;25;-5;26;-9;27;-13;30;-16;32;-18;-109;0;5;-4;5;-4;5;-4;5;-3;5;-2;6;-1;7;0;8;1;8;1;8;1;8;1;7;1;7;2;7;4;7;5;8;5;8;5;7;4;7;4;5;5;5;5;4;6;4;7;4;7;4;7;4;6;3;6;3;6;1;2;0;0;-1;-1;0;-1;0;-1;-1;0;-3;2;-7;7;-8;7;-8;6;-9;6;-9;5;-9;3;-10;2;-10;1;-11;1;-11;0;-11;0;-10;-1;-9;-1;-9;-2;-8;-3;-8;-4;-8;-5;-8;-5;-7;-5;-5;-4;-4;-5;-3;-5;-2;-6;-1;-7;-1;-7;0;-6;0;-5;1;-5;-109;0;29;-14;29;-15;28;-15;28;-15;27;-14;27;-14;26;-14;25;-14;24;-14;23;-14;23;-14;23;-15;23;-15;23;-15;23;-14;23;-14;23;-14;23;-14;24;-13;24;-12;24;-11;24;-10;23;-9;23;-8;23;-7;24;-5;24;-4;24;-2;8;-1;2;0;-1;0;-1;0;-1;0;1;-2;3;-4;10;-10;10;-10;11;-10;11;-10;12;-10;13;-10;14;-10;15;-10;16;-10;16;-10;17;-10;18;-10;19;-10;20;-10;21;-10;21;-10;21;-10;22;-10;22;-11;23;-11;24;-12;25;-12;26;-13;26;-13;27;-14;28;-14;29;-15;30;-15,transition,EXP_S151,ZONE_02,sortie_zone,4.1,sortie_zone,sortie de la zone
947252241,-53,6,a0:9f:7a:73:2b:3e,384,-110;-96;8;0;-40;10;-37;8;-32;7;-27;7;-21;9;-16;12;-12;16;-10;21;-10;26;-11;30;-13;33;-16;34;-19;33;-21;31;-22;28;-22;24;-20;20;-16;17;-11;15;-6;15;-2;16;1;19;3;23;3;27;2;30;0;7;0;0;0;0;0;0;0;0;0;0;0;0;0;0;0;0;0;0;-6;-3;-22;-12;-21;-15;-19;-18;-17;-20;-14;-19;-11;-18;-10;-15;-10;-12;-12;-8;-14;-5;-18;-3;-23;-2;-27;-3;-30;-5;-31;-8;-31;-10;-30;-11;-28;-11;-26;-9;-25;-7;-24;-3;-24;2;-26;7;-29;11;-33;14;-36;15;-118;0;-9;4;-9;4;-9;4;-9;3;-9;2;-10;1;-10;1;-11;0;-11;0;-11;-1;-11;-1;-11;-2;-10;-3;-11;-4;-11;-4;-11;-5;-11;-5;-11;-5;-10;-6;-10;-6;-9;-7;-8;-7;-8;-8;-8;-8;-8;-8;-7;-8;-6;-8;-6;-9;-2;-3;-1;-1;0;0;-1;0;-1;0;0;-1;2;-3;7;-6;7;-5;7;-5;8;-4;8;-3;8;-2;8;-1;8;-1;9;0;8;1;8;1;8;2;7;3;6;3;5;4;5;5;5;5;4;5;3;5;2;5;1;6;0;6;-1;6;-1;7;-2;7;-3;6;-4;6;-5;5;-118;0;-29;13;-29;13;-29;13;-28;13;-27;13;-26;13;-26;13;-25;13;-24;13;-24;14;-23;14;-23;14;-23;14;-23;14;-23;14;-23;14;-24;13;-24;13;-24;12;-24;12;-24;11;-24;10;-24;9;-24;8;-24;7;-24;5;-25;4;-25;3;-9;0;-3;0;0;-1;0;-1;0;-1;-2;1;-4;3;-11;9;-12;9;-12;8;-13;8;-14;8;-15;8;-16;8;-17;8;-18;8;-19;9;-20;8;-20;8;-21;8;-22;8;-22;8;-22;8;-23;8;-23;8;-24;9;-24;9;-25;10;-26;10;-27;11;-27;12;-28;12;-29;13;-29;13;-29;13,transition,EXP_S151,ZONE_02,sortie_zone,4.1,sortie_zone,sortie de la zone
947452513,-53,6,a0:9f:7a:73:2b:3e,384,-110;-96;8;0;-35;17;-32;15;-27;14;-22;13;-17;15;-13;18;-10;22;-8;26;-8;29;-9;33;-11;35;-14;35;-17;34;-20;31;-20;27;-19;23;-17;20;-13;17;-9;16;-4;16;-1;18;2;21;3;24;2;28;0;30;-1;7;0;0;0;0;0;0;0;0;0;0;0;0;0;0;0;0;0;0;-6;0;-23;1;-24;-2;-25;-6;-24;-9;-21;-10;-19;-10;-17;-9;-15;-6;-15;-3;-16;1;-18;4;-21;6;-24;7;-27;6;-30;5;-31;3;-31;2;-30;2;-28;3;-27;4;-26;7;-25;11;-26;15;-27;19;-30;21;-32;22;-115;0;-8;3;-8;2;-8;2;-8;1;-8;1;-9;0;-10;-1;-10;-1;-11;-1;-11;-1;-10;-2;-10;-2;-10;-3;-10;-4;-10;-5;-10;-5;-10;-5;-10;-5;-9;-6;-9;-6;-8;-6;-8;-7;-8;-7;-7;-8;-7;-7;-7;-7;-6;-7;-5;-8;-2;-3;-1;-1;0;0;-1;0;-1;0;0;-1;1;-3;5;-7;5;-7;6;-7;6;-6;6;-5;7;-4;7;-3;7;-3;7;-2;7;-2;7;-1;7;-1;6;0;5;0;5;1;5;2;5;3;4;3;3;3;2;3;1;3;0;3;-1;4;-1;4;-2;4;-3;4;-3;3;-4;3;-115;0;-28;18;-27;18;-27;18;-26;18;-25;18;-25;18;-24;18;-23;17;-22;17;-21;17;-21;18;-21;18;-21;18;-21;18;-21;17;-21;17;-21;17;-21;16;-22;16;-22;15;-22;14;-22;13;-22;13;-22;12;-22;11;-23;9;-23;8;-24;7;-9;2;-3;0;0;-1;0;-1;0;-1;-1;1;-4;3;-10;10;-10;10;-11;10;-12;10;-12;10;-13;10;-14;11;-15;11;-16;11;-17;11;-17;11;-18;11;-19;11;-19;11;-20;11;-21;12;-21;12;-21;12;-22;13;-22;13;-23;14;-24;15;-25;16;-25;16;-26;17;-26;18;-27;18;-28;19,transition,EXP_S151,ZONE_02,sortie_zone,4.1,sortie_zone,sortie de la zone
947652531,-53,6,a0:9f:7a:73:2b:3e,384,-110;-96;8;0;34;15;31;15;28;13;24;10;22;5;21;0;21;-5;23;-9;25;-12;28;-14;31;-13;34;-12;35;-9;34;-6;33;-4;29;-2;25;-1;21;-2;17;-5;15;-8;14;-12;14;-15;16;-18;19;-20;21;-20;5;-5;0;0;0;0;0;0;0;0;0;0;0;0;0;0;0;0;0;0;3;4;13;19;11;22;8;24;4;25;1;24;-1;22;-2;18;0;15;3;12;7;10;11;10;15;12;19;14;21;18;21;21;20;24;19;25;17;25;16;23;16;20;17;17;19;14;23;11;27;10;31;10;34;10;-111;0;6;2;6;2;6;2;6;3;5;4;5;5;4;6;4;7;4;7;4;8;4;7;3;7;2;8;1;8;1;9;1;10;1;10;0;10;0;9;-1;8;-2;8;-3;8;-3;8;-3;8;-3;8;-4;8;-4;7;-4;7;-2;2;-1;0;0;-1;0;0;0;0;-2;0;-4;-1;-11;-1;-11;-2;-10;-3;-10;-3;-10;-4;-9;-5;-8;-6;-8;-7;-8;-7;-7;-8;-7;-8;-6;-8;-5;-8;-4;-8;-3;-8;-2;-8;-1;-8;-1;-8;-1;-7;0;-7;1;-6;2;-5;3;-5;4;-5;4;-4;4;-3;4;-3;4;-2;-111;0;27;14;27;14;27;13;27;13;27;12;26;12;25;11;25;10;24;10;24;9;24;9;24;9;24;8;24;9;24;9;24;9;24;9;23;10;23;10;23;11;22;12;21;12;20;12;19;13;19;14;18;15;17;16;16;17;5;6;1;2;-1;-1;-1;-1;-1;-1;1;0;5;0;13;2;13;2;14;3;14;3;15;4;15;5;16;5;17;6;17;7;18;7;18;8;19;8;19;9;19;10;19;10;19;11;20;11;20;11;21;11;22;12;23;12;24;12;24;12;25;12;26;13;27;13;28;13;29;13,transition,EXP_S151,ZONE_02,sortie_zone,4.1,sortie_zone,sortie de la zone
947853087,-53,6,a0:9f:7a:73:2b:3e,384,-110;-96;8;0;-15;-36;-13;-33;-11;-29;-11;-24;-13;-19;-16;-15;-20;-12;-25;-10;-29;-10;-32;-11;-35;-13;-35;-16;-34;-19;-31;-21;-28;-22;-24;-21;-20;-18;-18;-15;-17;-11;-17;-6;-19;-3;-22;0;-26;1;-29;-1;-32;-2;-8;-1;0;0;0;0;0;0;0;0;0;0;0;0;0;0;0;0;0;0;0;-6;4;-23;7;-23;10;-22;13;-20;14;-17;13;-14;11;-12;7;-11;3;-12;0;-14;-3;-17;-4;-21;-4;-25;-3;-29;-1;-31;1;-31;2;-31;3;-29;2;-27;0;-25;-3;-24;-7;-24;-12;-25;-16;-27;-18;-30;-20;-33;-107;0;-3;-8;-3;-8;-2;-8;-1;-8;0;-9;1;-9;2;-9;3;-9;3;-10;3;-10;4;-9;4;-9;5;-8;6;-8;7;-8;7;-8;7;-8;7;-7;7;-7;8;-6;8;-5;8;-4;9;-4;9;-4;9;-3;9;-3;9;-2;9;-1;3;-1;0;0;-1;0;-1;-1;-1;-1;0;0;2;2;5;7;5;7;4;8;3;8;2;8;1;8;0;8;-1;8;-1;8;-2;8;-3;8;-3;8;-4;7;-4;6;-5;5;-6;5;-6;4;-6;3;-6;3;-6;1;-6;0;-6;-1;-6;-2;-6;-2;-6;-3;-6;-4;-5;-4;-4;-5;-107;0;-10;-31;-10;-31;-10;-30;-10;-30;-9;-29;-9;-29;-9;-28;-9;-27;-9;-27;-9;-26;-9;-26;-10;-26;-10;-26;-10;-26;-10;-26;-9;-27;-9;-27;-8;-27;-7;-27;-6;-27;-5;-27;-4;-27;-3;-26;-1;-26;0;-26;2;-26;4;-25;5;-25;2;-9;0;-3;-1;0;0;0;0;0;-1;-2;-4;-4;-9;-11;-9;-11;-9;-12;-9;-12;-8;-13;-8;-14;-8;-15;-9;-16;-9;-17;-9;-18;-8;-19;-8;-19;-8;-20;-7;-21;-7;-21;-7;-22;-7;-22;-7;-23;-8;-23;-8;-24;-8;-25;-9;-26;-9;-27;-9;-28;-10;-29;-10;-30;-10;-30;-10;-31,transition,EXP_S151,ZONE_02,sortie_zone,4.1,sortie_zone,sortie de la zone
948058494,-53,6,a0:9f:7a:73:2b:3e,384,-110;-96;8;0;-9;36;-10;33;-9;29;-6;25;-2;22;2;19;7;19;12;19;16;21;18;24;18;27;18;29;16;31;13;32;10;31;8;28;6;25;6;20;7;16;9;13;12;11;16;10;19;11;21;13;22;15;5;4;0;0;0;0;0;0;0;0;0;0;0;0;0;0;0;0;0;0;-5;4;-18;16;-20;14;-23;11;-24;7;-23;4;-21;2;-18;1;-14;3;-11;5;-9;9;-9;13;-10;18;-12;21;-16;23;-18;24;-21;23;-22;22;-22;20;-20;19;-17;19;-13;19;-10;21;-7;24;-5;28;-4;32;-4;35;-114;0;1;7;1;8;0;8;-1;7;-2;7;-3;7;-4;7;-5;7;-5;8;-6;8;-6;7;-6;6;-7;6;-8;5;-8;5;-9;5;-9;5;-9;5;-9;4;-9;3;-9;3;-9;2;-10;1;-10;1;-10;1;-9;1;-9;0;-9;-1;-3;-1;-1;-1;0;-1;0;0;0;0;-1;-1;-2;-4;-4;-10;-4;-10;-3;-10;-2;-10;-1;-10;0;-10;1;-10;2;-10;3;-10;3;-10;4;-9;4;-8;5;-7;5;-6;6;-5;6;-5;7;-4;6;-4;6;-3;6;-2;5;-1;5;0;5;1;5;2;5;3;4;3;4;4;3;4;-114;0;-2;30;-2;30;-1;30;-1;29;-1;28;-1;28;-1;27;0;26;0;26;1;25;1;25;1;25;1;25;0;25;0;25;0;25;-1;25;-1;25;-2;25;-3;25;-4;24;-4;24;-5;23;-6;22;-7;22;-8;21;-10;21;-11;20;-5;7;-2;2;0;-1;-1;-1;-1;-1;0;1;1;4;4;12;4;12;4;13;3;13;3;14;3;15;2;16;2;17;2;18;1;18;1;19;1;20;0;20;0;21;-1;21;-1;22;-1;22;-1;23;-1;23;-1;24;-1;25;-1;26;-1;27;-1;27;-1;28;-1;29;-1;30;-1;31,transition,EXP_S151,ZONE_02,sortie_zone,4.1,sortie_zone,sortie de la zone
948252314,-53,6,a0:9f:7a:73:2b:3e,384,-110;-96;8;0;-36;-16;-33;-16;-30;-14;-27;-11;-25;-7;-24;-2;-25;3;-27;6;-29;8;-32;9;-35;8;-37;7;-37;5;-36;2;-34;0;-31;-2;-27;-2;-23;0;-20;2;-18;5;-18;9;-19;12;-21;14;-24;15;-27;15;-7;3;0;0;0;0;0;0;0;0;0;0;0;0;0;0;0;0;0;0;-5;-4;-18;-17;-17;-20;-14;-24;-10;-25;-7;-24;-4;-22;-3;-19;-4;-16;-6;-13;-10;-11;-14;-11;-18;-12;-22;-14;-24;-17;-25;-20;-25;-23;-24;-24;-22;-25;-21;-23;-21;-21;-22;-18;-24;-16;-27;-14;-30;-12;-33;-12;-36;-12;-109;0;-7;-2;-7;-2;-7;-1;-6;-2;-5;-3;-5;-4;-5;-6;-5;-7;-6;-7;-6;-7;-6;-7;-5;-7;-4;-7;-4;-8;-3;-9;-4;-10;-4;-10;-4;-9;-3;-8;-2;-8;-1;-8;0;-9;0;-9;0;-10;0;-9;0;-9;1;-8;1;-8;0;-3;0;-1;0;0;-1;0;-1;0;1;-1;3;-1;9;-2;10;-2;10;-1;10;0;9;1;9;1;8;3;8;4;8;5;8;5;8;5;7;5;6;5;5;5;4;6;3;6;3;6;2;6;2;6;1;5;0;4;-2;4;-3;4;-3;4;-4;4;-3;3;-3;2;-4;1;-109;0;-33;-8;-33;-8;-33;-8;-32;-7;-32;-7;-31;-7;-30;-6;-29;-5;-28;-5;-28;-4;-28;-4;-28;-4;-28;-4;-28;-4;-28;-4;-28;-4;-27;-4;-28;-5;-27;-6;-27;-6;-27;-7;-26;-8;-25;-8;-24;-9;-24;-10;-23;-11;-22;-12;-21;-14;-8;-5;-3;-2;0;0;0;-1;0;0;-2;0;-6;0;-15;0;-15;0;-15;0;-16;-1;-17;-1;-18;-1;-18;-2;-19;-3;-20;-3;-21;-3;-21;-4;-22;-4;-23;-5;-23;-6;-24;-6;-24;-7;-24;-7;-25;-7;-26;-7;-27;-7;-28;-7;-29;-7;-30;-7;-30;-7;-31;-7;-32;-7;-33;-8;-34;-8,transition,EXP_S151,ZONE_02,sortie_zone,4.1,sortie_zone,sortie de la zone
948456480,-53,6,a0:9f:7a:73:2b:3e,384,-110;-96;8;0;34;15;31;14;28;13;25;10;22;6;21;1;22;-4;23;-8;26;-10;29;-12;31;-12;33;-10;34;-8;34;-5;32;-3;29;-1;25;0;21;-1;18;-4;15;-7;15;-10;15;-14;17;-16;20;-18;23;-18;6;-5;0;0;0;0;0;0;0;0;0;0;0;0;0;0;0;0;0;0;4;4;16;17;14;20;11;23;7;24;4;23;2;21;1;18;2;15;4;12;8;10;12;10;16;11;20;14;22;17;23;20;22;22;20;24;19;24;18;22;18;20;18;17;21;14;24;12;27;10;31;10;34;11;-114;0;6;0;6;0;6;0;6;1;5;2;5;3;5;4;5;5;6;5;6;5;5;5;5;5;4;6;3;7;3;8;3;8;3;8;3;8;2;8;1;8;0;8;0;8;-1;8;-1;9;-1;8;-1;8;-1;7;-2;7;-1;2;-1;0;-1;-1;0;-1;0;-1;-2;0;-4;0;-10;1;-11;1;-11;0;-11;0;-10;-1;-10;-2;-9;-3;-9;-4;-9;-5;-9;-6;-9;-6;-8;-6;-7;-6;-6;-7;-4;-7;-4;-8;-3;-8;-3;-8;-3;-7;-2;-6;-1;-6;1;-5;2;-6;3;-6;3;-5;3;-5;3;-4;3;-2;-114;0;30;6;30;6;30;5;29;5;29;5;28;5;27;4;27;4;26;3;25;2;25;2;25;2;25;2;25;2;25;2;25;3;25;3;25;3;25;4;25;5;24;6;23;6;22;7;22;7;21;8;21;10;20;11;19;12;7;4;2;1;-1;-1;-1;0;-1;0;1;-1;4;-1;13;-3;13;-3;14;-2;14;-2;15;-1;16;-1;17;0;18;0;19;1;19;1;20;2;21;2;21;3;22;4;22;4;22;5;22;5;23;5;24;5;25;5;26;5;26;5;27;5;28;5;29;5;30;5;31;5;31;5,transition,EXP_S151,ZONE_02,sortie_zone,4.1,sortie_zone,sortie de la zone
948654384,-53,6,a0:9f:7a:73:2b:3e,384,-110;-96;8;0;-32;19;-29;17;-26;15;-21;15;-16;15;-11;18;-7;21;-5;25;-4;29;-5;32;-7;34;-9;35;-12;34;-14;32;-15;28;-15;24;-13;21;-9;18;-5;16;-1;16;3;17;6;19;8;23;8;26;7;29;1;7;0;0;0;0;0;0;0;0;0;0;0;0;0;0;0;0;0;0;-7;0;-26;1;-27;-3;-27;-7;-26;-11;-23;-13;-20;-13;-17;-12;-14;-9;-13;-5;-14;-1;-17;3;-20;6;-24;7;-27;7;-30;6;-32;4;-32;3;-31;2;-30;2;-28;4;-26;6;-25;10;-25;14;-26;18;-28;20;-29;22;-112;0;-6;5;-6;5;-6;4;-6;4;-6;3;-7;2;-9;1;-10;1;-10;1;-10;1;-10;1;-10;0;-10;-1;-10;-2;-11;-3;-12;-3;-12;-3;-11;-3;-10;-3;-10;-4;-9;-5;-9;-6;-9;-6;-9;-6;-9;-6;-9;-6;-8;-6;-7;-6;-3;-2;-1;-1;0;0;-1;0;-1;0;0;-2;1;-4;3;-11;3;-11;4;-10;5;-10;5;-9;6;-8;6;-7;7;-6;8;-6;8;-6;8;-5;8;-5;7;-4;7;-2;7;-1;7;0;7;0;7;0;6;0;4;1;3;1;2;2;2;4;1;4;1;4;0;4;-1;3;-2;3;-112;0;-21;23;-21;23;-20;23;-20;23;-19;23;-19;22;-18;22;-17;21;-16;21;-15;21;-15;21;-15;21;-15;21;-15;21;-15;21;-15;21;-15;21;-15;21;-16;20;-16;20;-17;19;-17;18;-17;17;-17;16;-18;16;-19;15;-20;14;-21;13;-8;4;-3;1;0;-1;0;-1;0;-1;-1;1;-3;4;-6;13;-7;13;-7;13;-8;13;-9;14;-10;14;-11;15;-11;15;-12;15;-13;16;-13;16;-14;16;-15;16;-16;16;-17;16;-17;16;-17;17;-17;17;-18;18;-18;19;-19;20;-19;20;-20;21;-20;22;-20;22;-21;23;-22;24;-22;24,transition,EXP_S151,ZONE_02,sortie_zone,4.1,sortie_zone,sortie de la zone
948852906,-53,6,a0:9f:7a:73:2b:3e,384,-110;-96;8;0;20;31;18;29;17;26;16;22;16;18;18;14;21;11;25;10;28;9;31;9;33;11;33;14;31;17;29;19;26;19;22;18;19;16;17;13;16;9;17;5;18;2;21;0;24;0;27;1;28;3;7;1;0;0;0;0;0;0;0;0;0;0;0;0;0;0;0;0;0;0;2;5;7;23;5;24;1;26;-3;26;-6;24;-7;22;-7;19;-5;16;-2;14;2;14;6;15;9;18;11;21;11;25;10;28;9;30;7;31;6;31;6;29;6;28;8;26;12;25;15;25;19;25;22;27;23;29;-114;0;3;4;3;4;3;4;2;5;2;5;1;6;0;6;0;7;0;8;0;8;-1;8;-1;7;-2;7;-3;8;-4;8;-4;8;-4;8;-4;8;-5;7;-5;7;-5;6;-6;6;-6;6;-7;6;-7;5;-7;5;-6;4;-6;4;-3;1;-1;0;0;-1;0;0;0;0;-1;-1;-4;-2;-9;-4;-9;-5;-9;-5;-9;-6;-8;-6;-7;-7;-6;-7;-6;-8;-5;-9;-5;-9;-4;-9;-4;-8;-3;-8;-2;-8;-1;-7;0;-7;1;-7;1;-7;1;-6;1;-5;1;-4;2;-3;3;-3;3;-2;3;-2;3;-1;3;0;2;0;-114;0;21;25;21;24;21;24;21;23;20;23;20;22;20;21;20;20;19;20;19;19;19;19;19;19;19;18;19;18;18;19;18;19;18;19;17;19;17;19;16;20;15;20;14;20;13;20;12;20;11;21;10;21;8;22;7;22;2;8;0;2;-1;-1;-1;-1;-1;-1;1;0;4;2;12;7;12;7;12;8;13;9;13;9;13;10;14;11;14;12;14;13;15;13;15;14;15;15;15;16;15;17;15;18;15;18;15;18;16;19;16;19;17;20;18;20;19;21;19;22;20;22;21;23;21;24;22;24;22;25,transition,EXP_S151,ZONE_02,sortie_zone,4.1,sortie_zone,sortie de la zone
949056897,-53,6,a0:9f:7a:73:2b:3e,384,-110;-96;8;0;-7;-36;-6;-34;-6;-30;-7;-26;-9;-22;-13;-20;-16;-18;-20;-18;-23;-19;-25;-21;-25;-23;-25;-25;-23;-27;-20;-27;-17;-27;-14;-25;-12;-22;-11;-18;-12;-14;-14;-11;-16;-9;-19;-9;-22;-9;-24;-11;-25;-13;-7;-4;0;0;0;0;0;0;0;0;0;0;0;0;0;0;0;0;0;0;0;-6;1;-24;4;-25;8;-25;11;-23;13;-21;13;-18;12;-15;9;-14;6;-13;3;-14;0;-17;-2;-20;-2;-24;-1;-27;0;-30;2;-31;3;-31;4;-31;4;-29;3;-28;0;-27;-3;-28;-6;-29;-8;-30;-10;-33;-10;-35;-100;0;-3;-6;-3;-6;-3;-6;-2;-6;-1;-6;0;-6;1;-7;2;-8;1;-9;1;-9;1;-8;2;-8;3;-7;4;-7;4;-8;5;-8;5;-8;5;-8;4;-7;5;-6;5;-5;6;-5;6;-5;7;-5;6;-5;6;-5;6;-4;6;-4;2;-2;0;-1;-1;0;-1;-1;-1;-1;0;0;2;1;7;5;7;5;7;6;6;6;5;7;4;7;3;7;2;8;2;8;1;9;1;8;1;8;0;7;-1;6;-2;6;-3;6;-3;6;-3;5;-3;5;-3;3;-3;2;-4;1;-4;0;-5;0;-5;-1;-4;-1;-3;-2;-3;-2;-100;0;-15;-29;-15;-29;-14;-28;-14;-28;-14;-27;-14;-26;-14;-25;-14;-24;-14;-23;-14;-22;-14;-22;-14;-22;-14;-22;-14;-22;-14;-22;-13;-22;-13;-22;-13;-23;-12;-23;-11;-23;-10;-23;-9;-23;-9;-22;-8;-22;-7;-22;-6;-23;-4;-23;-3;-23;-1;-9;0;-3;0;0;0;0;0;0;-2;-1;-4;-4;-11;-10;-11;-11;-11;-11;-11;-12;-11;-13;-11;-14;-11;-15;-11;-16;-11;-17;-11;-17;-11;-18;-11;-19;-11;-20;-11;-20;-11;-21;-11;-22;-11;-22;-11;-22;-11;-23;-12;-23;-12;-24;-13;-25;-13;-26;-14;-26;-15;-27;-15;-28;-16;-29;-16;-29,transition,EXP_S151,ZONE_02,sortie_zone,4.1,sortie_zone,sortie de la zone
949253863,-53,6,a0:9f:7a:73:2b:3e,384,-110;-96;8;0;-10;-37;-8;-35;-8;-31;-9;-26;-10;-22;-14;-19;-18;-18;-22;-17;-25;-18;-27;-20;-28;-22;-27;-25;-25;-26;-22;-27;-19;-27;-16;-25;-13;-22;-12;-18;-13;-14;-14;-11;-17;-8;-21;-8;-23;-8;-26;-10;-27;-12;-7;-4;0;0;0;0;0;0;0;0;0;0;0;0;0;0;0;0;0;0;-1;-6;-2;-25;1;-26;5;-26;9;-25;11;-22;11;-19;10;-17;8;-15;4;-14;1;-16;-2;-18;-4;-22;-5;-25;-4;-28;-2;-31;-1;-32;1;-32;2;-31;2;-30;0;-29;-2;-28;-5;-28;-9;-30;-12;-31;-13;-34;-14;-36;-109;0;-3;-8;-3;-7;-3;-7;-2;-6;-1;-6;0;-7;2;-8;2;-9;2;-10;1;-10;1;-9;2;-8;3;-8;4;-7;5;-8;6;-8;6;-9;5;-8;5;-7;5;-6;6;-5;7;-4;8;-5;8;-5;7;-5;7;-4;6;-4;6;-3;2;-1;0;-1;-1;0;-1;-1;-1;-1;0;0;3;1;8;4;8;4;8;5;7;5;6;5;5;6;4;6;3;7;3;8;2;8;2;8;2;8;1;7;0;6;-2;6;-3;6;-3;6;-3;6;-3;5;-3;3;-3;2;-4;0;-5;0;-6;-1;-5;-1;-5;-1;-3;-2;-3;-2;-109;0;-17;-29;-17;-29;-16;-29;-16;-28;-15;-28;-15;-27;-15;-26;-14;-25;-14;-24;-14;-23;-14;-23;-14;-23;-14;-23;-14;-23;-13;-23;-13;-23;-13;-23;-12;-24;-12;-24;-11;-24;-9;-24;-8;-24;-7;-24;-6;-23;-5;-23;-4;-24;-2;-24;-1;-24;0;-9;0;-3;0;0;0;0;0;0;-2;-1;-5;-3;-13;-8;-13;-8;-13;-9;-13;-10;-14;-11;-14;-12;-14;-13;-14;-14;-14;-15;-14;-15;-15;-16;-15;-17;-15;-18;-14;-19;-14;-20;-14;-21;-14;-21;-14;-21;-15;-22;-15;-23;-16;-24;-16;-24;-17;-25;-17;-26;-17;-27;-18;-28;-18;-29;-18;-29,transition,EXP_S151,ZONE_02,sortie_zone,4.1,sortie_zone,sortie de la zone
949454194,-53,6,a0:9f:7a:73:2b:3e,384,-110;-96;8;0;37;8;33;8;29;7;25;3;22;-1;21;-6;21;-11;22;-15;25;-18;28;-20;31;-19;33;-18;34;-15;34;-11;32;-8;29;-5;24;-4;20;-5;16;-8;13;-11;12;-14;12;-18;14;-21;17;-23;20;-24;5;-6;0;0;0;0;0;0;0;0;0;0;0;0;0;0;0;0;0;0;4;3;19;13;18;16;16;19;13;21;10;21;7;19;6;17;7;14;8;10;11;8;15;7;19;8;23;9;25;12;26;14;25;16;24;17;23;17;22;15;22;13;23;10;25;7;28;4;32;3;36;2;38;3;-104;0;7;1;7;1;7;2;7;2;7;3;6;4;6;5;7;6;7;6;7;6;6;6;5;6;5;7;4;8;4;9;4;9;3;9;3;9;2;9;1;9;1;9;0;9;0;10;-1;10;-1;10;-1;9;-2;8;-2;7;-1;2;-1;0;-1;-1;0;-1;0;-1;-1;0;-4;1;-9;3;-9;3;-9;2;-9;1;-9;0;-9;-1;-9;-1;-9;-2;-9;-3;-9;-4;-8;-4;-7;-4;-6;-5;-5;-5;-4;-6;-4;-6;-3;-6;-3;-6;-2;-6;-1;-5;0;-5;1;-5;2;-5;2;-4;3;-4;3;-3;4;-2;4;-2;-104;0;32;1;32;1;32;1;31;1;30;1;30;0;29;0;28;0;27;0;27;-1;26;-1;26;-1;26;-1;26;-1;26;-1;26;0;26;0;26;1;26;2;25;2;25;3;24;4;24;5;23;5;23;6;22;8;21;9;21;11;7;4;2;1;-1;-1;-1;0;-1;0;1;-1;4;-2;13;-6;13;-5;14;-5;14;-5;15;-4;16;-4;17;-4;18;-3;19;-3;20;-3;20;-2;21;-2;22;-2;22;-1;23;-1;23;0;23;0;24;0;25;0;25;0;26;0;27;0;28;0;29;0;31;-1;31;-1;32;-1;33;-1,transition,EXP_S151,ZONE_02,sortie_zone,4.1,sortie_zone,sortie de la zone
949652773,-53,6,a0:9f:7a:73:2b:3e,384,-110;-96;8;0;-17;34;-16;30;-14;27;-10;24;-5;22;0;21;5;22;8;25;10;27;11;30;11;33;8;35;5;36;2;35;-1;32;-2;28;-2;24;-1;20;3;17;6;15;10;15;13;16;16;18;16;21;16;24;4;6;0;0;0;0;0;0;0;0;0;0;0;0;0;0;0;0;0;0;-4;4;-17;16;-20;15;-22;12;-23;9;-23;6;-21;4;-18;4;-15;5;-12;7;-11;10;-10;14;-12;18;-14;21;-17;22;-20;23;-22;22;-23;21;-22;20;-20;19;-18;20;-15;21;-13;24;-11;27;-10;31;-11;34;-11;37;-106;0;-5;5;-5;5;-6;5;-6;4;-7;4;-7;3;-8;3;-9;3;-9;3;-9;2;-10;2;-10;1;-10;0;-10;0;-10;-1;-11;-1;-11;-1;-11;-2;-10;-2;-10;-3;-9;-3;-9;-4;-9;-5;-9;-5;-9;-5;-8;-5;-7;-6;-7;-6;-3;-2;-1;-1;0;0;0;0;-1;0;-1;-1;0;-4;0;-10;0;-10;1;-10;2;-9;3;-9;4;-8;4;-7;5;-7;5;-7;6;-6;6;-6;6;-5;6;-4;6;-3;6;-2;6;-1;6;0;5;0;5;0;4;1;3;2;2;2;2;3;2;4;1;4;0;4;-1;4;-2;4;-106;0;-16;28;-16;28;-16;27;-15;27;-15;26;-14;26;-13;25;-13;25;-12;24;-12;24;-12;23;-12;23;-12;23;-12;23;-12;23;-12;23;-13;23;-13;22;-13;22;-14;21;-14;21;-15;20;-15;19;-16;18;-17;17;-18;16;-19;15;-20;14;-8;4;-3;1;0;-1;0;-1;0;-1;0;1;-1;4;-1;13;-2;13;-2;14;-3;14;-4;15;-4;15;-5;16;-5;17;-6;18;-7;18;-7;19;-8;19;-9;20;-10;20;-11;20;-11;20;-11;21;-12;21;-12;22;-12;23;-12;24;-13;25;-13;26;-14;26;-14;27;-15;28;-16;28;-16;29,transition,EXP_S151,ZONE_02,sortie_zone,4.1,sortie_zone,sortie de la zone
949852481,-53,6,a0:9f:7a:73:2b:3e,384,-110;-96;8;0;-1;36;-2;33;-1;29;1;24;5;20;9;18;14;17;18;17;22;18;24;20;24;23;23;26;21;28;18;29;15;28;11;25;9;21;9;17;10;12;12;9;15;7;19;6;22;6;25;9;26;11;6;3;0;0;0;0;0;0;0;0;0;0;0;0;0;0;0;0;0;0;-3;5;-10;20;-13;19;-16;18;-18;15;-19;12;-17;10;-15;9;-12;9;-9;10;-6;13;-4;16;-4;20;-5;23;-7;26;-9;27;-11;27;-12;27;-12;25;-11;24;-9;24;-5;24;-2;25;2;28;4;31;5;34;5;37;-113;0;-1;7;-1;7;-2;7;-2;7;-3;7;-4;7;-5;7;-6;7;-6;7;-6;7;-7;7;-7;6;-8;6;-8;6;-9;5;-9;5;-10;5;-10;5;-9;4;-9;3;-10;2;-10;2;-10;1;-10;1;-10;1;-9;0;-9;0;-9;-1;-3;-1;-1;-1;0;-1;0;0;0;0;-1;-1;-2;-3;-5;-8;-4;-9;-3;-9;-3;-9;-2;-9;-1;-9;0;-9;1;-9;2;-9;2;-8;3;-8;3;-7;3;-7;3;-6;4;-5;4;-4;4;-4;4;-3;4;-2;4;-2;4;0;4;1;4;2;3;2;3;3;3;3;2;4;1;4;-113;0;2;31;2;30;2;30;2;29;2;29;3;28;3;27;3;27;3;26;3;25;4;25;4;24;4;25;4;25;4;25;3;25;3;25;2;25;2;24;1;24;0;24;0;23;-1;23;-2;23;-3;22;-4;22;-6;22;-7;22;-3;7;-1;2;0;-1;-1;-1;-1;-1;0;1;2;4;5;11;5;12;5;13;4;13;4;14;4;15;4;16;4;17;4;17;3;18;3;19;3;20;2;20;2;21;2;22;1;22;1;22;1;23;2;24;2;25;2;25;2;26;2;27;2;28;3;29;3;30;3;31;3;32,transition,EXP_S151,ZONE_02,sortie_zone,4.1,sortie_zone,sortie de la zone
950052264,-53,6,a0:9f:7a:73:2b:3e,384,-110;-96;8;0;27;23;24;22;21;19;19;15;18;10;19;5;21;0;24;-4;27;-6;30;-7;33;-5;35;-3;35;0;33;3;31;5;27;6;23;5;19;3;16;-1;15;-4;15;-8;16;-12;18;-14;22;-15;24;-15;6;-4;0;0;0;0;0;0;0;0;0;0;0;0;0;0;0;0;0;0;2;5;7;22;4;23;0;25;-3;24;-6;22;-7;19;-6;16;-4;13;0;12;4;11;8;13;11;15;14;19;15;22;14;25;12;27;11;28;9;27;9;25;10;22;12;20;16;17;20;16;24;16;28;17;30;19;-107;0;5;3;5;4;5;4;5;5;4;6;4;6;3;7;3;8;3;8;2;8;2;9;1;9;0;9;0;9;-1;9;-1;10;-2;10;-2;9;-3;9;-3;8;-4;8;-4;8;-5;8;-5;7;-5;7;-6;6;-6;6;-6;6;-3;2;-1;0;0;-1;0;-1;0;0;-2;0;-4;-1;-10;-1;-10;-2;-10;-3;-10;-4;-9;-5;-9;-5;-8;-6;-8;-7;-7;-7;-6;-8;-6;-8;-5;-8;-4;-8;-3;-8;-2;-8;-1;-8;-1;-7;0;-7;1;-6;1;-6;2;-5;3;-5;4;-4;4;-3;5;-2;5;-1;5;-1;5;0;-107;0;25;16;25;16;25;15;24;15;24;15;23;14;23;13;22;13;22;12;21;12;21;12;21;11;21;11;21;11;21;12;21;12;21;12;20;13;20;13;19;14;19;14;18;14;17;15;16;15;15;16;14;17;13;18;12;19;4;7;1;2;-1;-1;-1;-1;-1;-1;1;0;4;0;13;2;13;2;13;3;13;3;14;4;14;4;15;5;16;6;16;6;17;7;17;8;17;9;18;9;18;10;18;11;18;11;19;11;19;12;20;12;20;12;21;12;22;13;23;13;24;14;25;14;25;15;26;15;26;15,transition,EXP_S151,ZONE_02,sortie_zone,4.1,sortie_zone,sortie de la zone
950252426,-54,6,a0:9f:7a:73:2b:3e,384,-110;-96;8;0;28;6;25;6;22;5;19;3;17;-1;15;-5;15;-9;16;-13;17;-16;20;-17;22;-18;24;-17;25;-15;25;-12;24;-9;21;-7;18;-6;14;-6;11;-7;8;-10;6;-13;5;-16;6;-18;8;-20;10;-21;2;-6;0;0;0;0;0;0;0;0;0;0;0;0;0;0;0;0;0;0;3;3;12;14;11;16;8;19;5;19;3;18;1;17;0;14;1;11;3;9;6;7;10;7;13;7;16;9;18;11;19;13;18;15;18;16;17;15;16;14;16;12;17;10;18;7;21;5;24;3;27;3;30;3;-117;0;10;5;10;6;10;6;9;8;8;9;7;11;7;12;7;13;7;14;6;14;6;14;5;15;4;15;3;16;2;16;1;17;1;17;0;17;-1;16;-2;15;-3;15;-4;14;-4;15;-5;15;-5;14;-6;14;-6;13;-7;12;-3;4;-1;1;0;-1;1;-1;0;0;-2;0;-6;0;-17;-1;-17;-2;-17;-4;-16;-5;-15;-7;-15;-8;-14;-9;-13;-10;-12;-11;-11;-12;-11;-12;-9;-12;-8;-12;-6;-12;-5;-12;-3;-12;-2;-12;-1;-11;0;-10;1;-9;3;-8;4;-7;5;-6;6;-5;7;-4;7;-3;7;-1;8;0;-117;0;46;20;45;19;45;18;44;18;43;17;43;16;41;15;41;14;40;13;39;12;39;12;38;11;39;11;39;11;38;11;38;11;38;11;38;12;37;13;37;14;36;15;34;16;33;16;32;17;31;19;30;20;29;22;27;24;9;8;2;2;-2;-1;-2;-1;-1;-1;2;0;7;1;22;3;22;4;22;5;23;6;23;6;24;7;25;8;26;9;27;10;28;11;29;12;30;13;30;14;31;15;31;16;32;16;33;16;33;16;34;16;36;17;37;17;39;17;40;18;41;18;43;18;44;19;46;19;46;19,transition,EXP_S151,ZONE_02,sortie_zone,4.1,sortie_zone,sortie de la zone
950452460,-53,6,a0:9f:7a:73:2b:3e,384,-110;-96;8;0;-3;36;-4;32;-3;28;-1;24;3;20;7;18;12;17;16;18;20;19;22;21;23;24;22;27;20;29;16;29;13;28;10;25;8;22;8;17;9;13;12;10;15;8;18;7;22;7;24;10;26;12;6;3;0;0;0;0;0;0;0;0;0;0;0;0;0;0;0;0;0;0;-3;4;-13;19;-16;18;-19;16;-21;13;-21;10;-20;7;-17;6;-14;6;-11;8;-8;11;-6;14;-6;18;-7;22;-9;25;-12;26;-14;26;-15;25;-15;24;-14;23;-12;22;-9;23;-5;24;-2;27;1;30;2;33;2;36;-111;0;-2;6;-2;6;-2;7;-3;6;-4;6;-5;6;-6;6;-6;6;-7;6;-7;6;-7;6;-7;6;-8;5;-9;4;-9;4;-10;4;-10;4;-10;4;-9;3;-9;2;-9;1;-10;1;-10;0;-10;0;-10;0;-9;0;-9;-1;-9;-1;-3;-1;-1;-1;0;-1;0;0;0;0;-1;-1;-2;-4;-4;-9;-3;-10;-2;-10;-1;-10;-1;-10;0;-9;1;-9;2;-9;3;-9;3;-9;4;-8;4;-7;4;-6;4;-5;5;-5;5;-4;5;-3;5;-3;5;-2;4;-1;4;0;4;1;3;2;3;3;3;3;2;3;1;4;1;4;-111;0;-3;30;-3;30;-2;29;-2;29;-2;28;-1;27;-1;27;-1;26;0;25;0;25;1;25;1;25;1;25;1;25;1;25;0;24;0;24;-1;25;-1;25;-2;24;-3;24;-3;23;-4;23;-4;22;-5;22;-7;22;-8;21;-9;21;-4;7;-2;2;0;-1;-1;-1;-1;-1;0;1;1;4;2;13;2;13;1;14;1;14;1;15;0;16;0;16;0;17;-1;18;-1;18;-1;19;-2;20;-2;20;-2;21;-3;21;-3;21;-3;22;-3;22;-3;23;-3;24;-3;25;-3;26;-3;27;-3;27;-2;28;-2;29;-2;30;-2;31,transition,EXP_S151,ZONE_02,sortie_zone,4.1,sortie_zone,sortie de la zone
950654185,-53,6,a0:9f:7a:73:2b:3e,384,-110;-96;8;0;-38;4;-35;3;-31;3;-27;4;-24;7;-21;10;-19;15;-19;19;-19;22;-21;24;-24;25;-27;25;-28;23;-29;20;-28;17;-26;14;-23;12;-19;11;-15;12;-12;14;-9;16;-8;19;-9;22;-11;25;-13;26;-4;6;0;0;0;0;0;0;0;0;0;0;0;0;0;0;0;0;0;0;-6;-2;-23;-8;-23;-12;-22;-16;-20;-19;-16;-19;-13;-19;-10;-16;-10;-12;-10;-8;-12;-5;-16;-3;-20;-2;-25;-2;-28;-4;-30;-6;-31;-8;-31;-10;-29;-11;-28;-10;-27;-8;-26;-5;-27;-2;-28;2;-31;5;-34;7;-36;7;-115;0;-6;1;-6;1;-6;0;-7;0;-7;-1;-7;-2;-7;-3;-8;-3;-8;-4;-8;-4;-8;-5;-7;-5;-7;-6;-7;-6;-7;-7;-7;-7;-7;-8;-6;-8;-6;-8;-5;-8;-5;-8;-4;-8;-4;-8;-4;-8;-3;-8;-3;-9;-2;-9;-2;-9;-1;-3;-1;-1;0;0;-1;0;-1;0;0;-1;3;-3;8;-7;8;-6;9;-5;9;-4;9;-3;9;-2;9;-2;9;-1;9;0;9;1;9;1;8;2;8;3;7;3;6;4;6;4;5;4;4;4;3;4;3;4;2;4;1;4;0;4;-1;4;-1;4;-2;4;-3;3;-3;3;-115;0;-32;7;-32;7;-31;7;-31;7;-30;7;-29;7;-28;8;-28;8;-27;8;-26;8;-26;8;-26;8;-26;8;-26;8;-26;8;-26;8;-26;7;-26;7;-26;6;-26;5;-26;4;-26;4;-25;3;-25;2;-25;1;-25;-1;-25;-2;-24;-4;-9;-2;-3;-1;0;-1;0;-1;0;-1;-2;0;-5;2;-12;6;-13;6;-14;6;-14;5;-15;5;-16;5;-17;5;-18;5;-18;5;-19;5;-20;5;-21;5;-22;4;-22;4;-23;4;-23;4;-24;4;-24;4;-25;4;-25;5;-26;5;-27;6;-28;6;-29;6;-30;7;-31;7;-32;7;-32;7,transition,EXP_S151,ZONE_02,sortie_zone,4.1,sortie_zone,sortie de la zone
950852387,-54,6,a0:9f:7a:73:2b:3e,384,-110;-96;8;0;-34;9;-31;8;-28;7;-24;8;-19;10;-16;13;-13;16;-12;20;-12;24;-13;27;-15;29;-17;29;-19;28;-21;25;-21;22;-19;19;-17;16;-13;14;-9;14;-5;15;-2;16;0;19;1;22;0;25;-2;28;-1;7;0;0;0;0;0;0;0;0;0;0;0;0;0;0;0;0;0;0;-6;-2;-22;-9;-22;-12;-21;-16;-18;-19;-14;-20;-11;-19;-8;-17;-7;-13;-8;-9;-10;-5;-13;-2;-18;-1;-22;-1;-26;-2;-28;-4;-29;-6;-29;-8;-28;-9;-26;-8;-25;-7;-24;-4;-24;0;-25;4;-27;7;-29;10;-31;11;-113;0;-6;3;-6;3;-6;3;-6;3;-6;1;-6;0;-8;-1;-9;-1;-9;-1;-9;-1;-9;-1;-8;-2;-8;-3;-8;-4;-9;-5;-10;-5;-10;-5;-9;-4;-8;-4;-7;-5;-6;-6;-6;-7;-6;-7;-7;-7;-7;-7;-7;-7;-6;-6;-5;-6;-2;-3;-1;-1;0;0;-1;0;-1;0;0;-1;2;-3;7;-8;7;-8;8;-8;8;-7;8;-6;8;-5;9;-4;9;-3;10;-2;10;-2;10;-2;9;-1;8;0;7;1;7;2;7;3;7;3;6;3;6;3;4;2;3;3;1;3;1;4;0;5;0;5;0;4;-1;3;-2;2;-113;0;-26;14;-25;14;-25;14;-25;14;-24;14;-23;14;-22;14;-21;14;-20;15;-20;15;-20;15;-19;15;-20;15;-19;15;-19;15;-19;15;-19;15;-20;15;-20;15;-20;14;-20;13;-20;12;-20;11;-20;10;-21;10;-21;9;-22;7;-22;6;-8;2;-3;0;0;-1;0;-1;0;-1;-2;0;-4;2;-11;7;-11;7;-11;7;-12;7;-13;7;-14;8;-15;8;-15;7;-16;7;-16;8;-17;8;-18;8;-19;8;-19;8;-20;7;-20;7;-20;8;-20;8;-21;9;-22;10;-22;10;-23;11;-24;12;-24;12;-25;13;-25;13;-26;14;-26;14,transition,EXP_S151,ZONE_02,sortie_zone,4.1,sortie_zone,sortie de la zone
951052479,-54,6,a0:9f:7a:73:2b:3e,384,-110;-96;8;0;35;13;32;12;29;10;25;7;22;2;21;-3;21;-9;22;-13;25;-16;28;-18;31;-18;34;-17;35;-15;35;-11;33;-8;29;-6;25;-5;20;-6;16;-8;13;-11;11;-15;11;-19;12;-22;15;-25;18;-26;4;-7;0;0;0;0;0;0;0;0;0;0;0;0;0;0;0;0;0;0;3;4;14;20;11;23;8;26;4;26;0;25;-2;23;-2;19;-1;15;2;12;6;10;11;10;15;11;19;14;21;18;22;21;21;23;20;25;19;24;18;23;18;20;19;16;22;13;25;10;29;9;33;8;36;9;-107;0;6;3;6;3;6;3;5;4;5;5;5;6;4;7;4;8;4;8;4;8;4;8;3;9;2;9;1;9;1;10;1;10;1;10;0;10;0;10;-1;10;-2;9;-2;9;-3;9;-3;9;-3;9;-3;9;-4;8;-4;8;-2;2;-1;0;0;-1;0;0;0;0;-2;0;-5;-1;-12;-1;-12;-2;-11;-3;-11;-4;-11;-5;-10;-6;-9;-6;-9;-7;-8;-8;-8;-8;-7;-9;-6;-9;-5;-9;-4;-9;-3;-9;-2;-9;-2;-8;-1;-8;0;-7;0;-7;1;-6;2;-5;3;-4;4;-4;4;-3;4;-2;4;-2;5;-1;-107;0;28;14;28;14;28;13;28;13;27;12;27;12;26;11;26;10;25;9;25;9;25;8;25;8;25;8;25;8;25;8;25;8;25;8;25;9;25;9;24;10;24;10;23;11;22;11;21;12;21;13;20;14;19;15;18;16;6;6;1;2;-1;-1;-1;-1;-1;-1;1;0;4;1;13;3;13;4;14;4;14;5;14;5;15;6;16;7;16;7;17;8;17;9;18;9;18;10;19;10;19;11;19;11;19;12;20;12;20;12;21;12;22;13;23;13;24;13;25;13;26;13;27;14;28;14;29;14;29;14,transition,EXP_S151,ZONE_02,sortie_zone,4.1,sortie_zone,sortie de la zone
951252501,-53,6,a0:9f:7a:73:2b:3e,384,-110;-96;8;0;-5;-35;-4;-33;-4;-29;-5;-24;-8;-20;-12;-16;-16;-14;-21;-13;-25;-14;-28;-15;-29;-18;-29;-20;-28;-22;-25;-24;-21;-23;-18;-22;-15;-19;-14;-15;-14;-10;-15;-6;-17;-3;-20;-1;-24;0;-27;-1;-29;-3;-8;-1;0;0;0;0;0;0;0;0;0;0;0;0;0;0;0;0;0;0;2;-6;11;-21;14;-20;18;-19;20;-16;21;-12;19;-9;17;-7;13;-6;9;-8;5;-10;3;-14;2;-19;3;-23;5;-26;7;-28;9;-29;11;-28;11;-27;10;-26;8;-24;5;-24;1;-24;-3;-26;-6;-28;-8;-31;-9;-34;-117;0;-2;-7;-2;-7;-1;-7;0;-7;1;-8;2;-8;2;-8;3;-8;4;-9;4;-9;4;-8;5;-8;5;-8;6;-7;7;-7;7;-7;7;-7;8;-7;8;-6;8;-5;8;-5;8;-4;9;-4;9;-4;8;-3;8;-3;8;-2;8;-2;2;-1;0;0;-1;0;-1;-1;-1;-1;0;0;2;3;5;8;5;9;4;9;3;9;2;10;1;10;0;9;0;9;-1;9;-2;9;-3;9;-3;8;-4;8;-4;7;-5;6;-6;5;-6;5;-6;4;-6;3;-5;2;-5;1;-5;0;-5;-1;-5;-1;-5;-2;-5;-3;-4;-4;-3;-4;-117;0;-5;-30;-5;-30;-5;-29;-6;-29;-6;-28;-6;-27;-6;-26;-6;-25;-7;-24;-7;-24;-7;-24;-8;-24;-8;-24;-8;-24;-8;-24;-8;-24;-7;-24;-7;-25;-6;-25;-6;-25;-5;-24;-4;-24;-3;-24;-2;-24;-1;-23;0;-23;2;-23;3;-23;1;-9;0;-3;0;0;0;0;0;0;-1;-2;-3;-5;-6;-13;-6;-13;-5;-13;-5;-14;-5;-15;-5;-16;-5;-16;-5;-17;-5;-18;-4;-19;-4;-20;-4;-20;-3;-21;-3;-21;-3;-22;-2;-22;-3;-22;-3;-23;-3;-24;-3;-24;-4;-25;-4;-26;-4;-27;-5;-27;-5;-28;-5;-29;-5;-30;-5;-30,transition,EXP_S151,ZONE_02,sortie_zone,4.1,sortie_zone,sortie de la zone
951452550,-53,6,a0:9f:7a:73:2b:3e,384,-110;-96;8;0;34;8;31;8;28;7;25;4;22;0;20;-5;20;-9;21;-13;23;-16;26;-17;28;-18;30;-17;31;-14;31;-12;29;-9;27;-7;23;-6;19;-7;15;-9;12;-11;11;-14;11;-18;12;-20;15;-22;17;-23;4;-6;0;0;0;0;0;0;0;0;0;0;0;0;0;0;0;0;0;0;4;4;15;17;13;20;10;23;6;24;3;23;1;21;0;18;1;14;3;10;7;8;11;8;16;8;19;11;22;13;23;16;22;19;21;20;20;20;19;19;19;17;19;13;21;10;24;8;27;6;30;5;33;5;-110;0;6;0;6;0;6;0;6;1;5;1;5;3;5;4;6;4;6;5;6;5;6;5;5;5;4;6;4;7;4;7;4;8;4;8;4;8;3;7;2;7;1;7;1;8;1;8;1;8;1;8;0;8;0;7;-1;7;-1;2;-1;0;-1;-1;0;-1;0;-1;-2;0;-4;1;-11;2;-11;2;-11;1;-11;0;-11;-1;-11;-2;-10;-3;-10;-4;-10;-5;-10;-5;-9;-5;-9;-6;-8;-6;-6;-6;-5;-7;-5;-7;-4;-7;-4;-7;-3;-7;-2;-6;-1;-6;0;-5;1;-5;1;-6;2;-5;2;-5;2;-4;3;-3;-110;0;29;1;29;1;29;0;29;0;28;0;27;-1;27;-1;26;-2;25;-2;25;-2;24;-3;24;-3;25;-3;25;-3;25;-3;25;-3;25;-2;25;-2;25;-2;25;-1;24;0;24;1;23;1;23;2;22;3;22;5;22;6;21;7;7;2;2;1;-1;-1;-1;0;-1;0;1;-1;4;-1;13;-2;13;-2;13;-1;14;-1;14;-1;15;0;16;0;17;0;17;0;18;1;18;1;19;1;20;2;20;2;20;3;21;3;21;3;22;3;22;3;23;2;24;2;25;2;26;1;27;1;27;1;28;1;29;1;30;1,transition,EXP_S151,ZONE_02,sortie_zone,4.1,sortie_zone,sortie de la zone
951652108,-53,6,a0:9f:7a:73:2b:3e,384,-110;-96;8;0;34;-14;31;-12;28;-11;23;-12;18;-13;14;-17;12;-21;10;-25;11;-29;12;-32;15;-33;17;-33;20;-31;21;-29;21;-25;20;-22;17;-19;13;-17;9;-16;5;-17;2;-20;0;-23;0;-26;1;-29;3;-31;1;-8;0;0;0;0;0;0;0;0;0;0;0;0;0;0;0;0;0;0;5;0;23;3;23;7;22;11;20;14;17;15;14;14;11;12;10;9;10;5;12;1;15;-2;20;-4;24;-4;27;-3;29;-1;30;1;30;3;29;3;27;2;25;0;24;-3;24;-7;25;-10;27;-14;30;-16;32;-18;-103;0;7;-4;6;-4;6;-4;6;-3;6;-2;7;0;8;1;9;1;9;1;9;1;9;1;8;2;8;3;8;4;8;5;9;5;9;5;8;5;7;5;6;5;5;6;5;7;5;7;5;8;5;7;4;7;3;7;3;7;0;2;0;0;-1;-1;0;-1;0;-1;-1;0;-3;2;-7;8;-7;7;-8;7;-8;6;-9;5;-9;4;-9;3;-10;2;-10;2;-11;1;-10;1;-10;0;-9;-1;-8;-2;-8;-3;-7;-4;-7;-4;-7;-4;-6;-4;-5;-4;-3;-4;-2;-5;-1;-6;-1;-7;0;-6;0;-6;1;-5;2;-4;-103;0;26;-18;26;-18;25;-18;25;-18;24;-18;24;-18;23;-17;22;-17;21;-17;21;-17;20;-17;21;-17;21;-17;21;-17;21;-17;21;-16;21;-16;21;-16;22;-15;22;-15;22;-13;22;-12;22;-11;22;-10;22;-9;23;-7;23;-6;23;-5;8;-2;2;-1;-1;0;-1;0;-1;0;0;-2;3;-4;8;-11;9;-11;9;-11;10;-11;10;-11;11;-11;12;-12;13;-12;13;-12;14;-12;15;-12;16;-12;17;-12;18;-12;18;-12;19;-12;19;-12;19;-13;20;-14;20;-14;21;-15;22;-16;22;-16;23;-17;24;-17;25;-18;26;-18;26;-18,transition,EXP_S151,ZONE_02,sortie_zone,4.1,sortie_zone,sortie de la zone
951861207,-54,6,a0:9f:7a:73:2b:3e,384,-110;-96;8;0;3;30;2;27;2;24;4;20;6;17;9;15;13;13;17;13;19;14;22;15;23;18;22;20;20;22;18;22;15;21;12;20;10;17;9;13;10;10;11;7;14;5;16;4;19;4;21;6;22;7;5;2;0;0;0;0;0;0;0;0;0;0;0;0;0;0;0;0;0;0;-2;4;-9;17;-12;17;-14;16;-16;13;-17;10;-16;8;-13;6;-10;6;-7;7;-4;9;-2;13;-2;16;-2;20;-4;22;-6;24;-8;24;-10;23;-10;22;-9;21;-7;20;-4;20;-1;20;2;22;5;24;6;27;7;29;-102;0;0;5;0;5;-1;5;-1;5;-2;5;-3;5;-4;5;-4;6;-4;6;-4;6;-5;6;-5;5;-5;5;-6;4;-7;4;-7;4;-7;4;-7;4;-7;4;-7;3;-7;2;-8;2;-8;1;-8;1;-8;1;-8;1;-7;0;-7;0;-3;0;-1;-1;0;-1;0;0;0;0;-1;-1;-2;-3;-4;-8;-4;-8;-3;-9;-2;-9;-2;-9;-1;-9;0;-9;1;-8;2;-8;2;-8;2;-8;3;-7;3;-7;3;-6;4;-5;4;-5;4;-4;4;-4;4;-3;4;-2;3;-1;3;0;4;1;4;1;4;1;3;2;2;2;2;3;-102;0;4;25;4;25;4;25;4;24;4;24;4;23;4;23;4;22;5;21;5;21;5;21;5;20;5;20;5;20;5;20;5;20;5;21;4;21;3;21;3;20;2;20;1;20;1;19;0;19;-1;19;-2;19;-3;19;-4;18;-2;6;-1;2;0;-1;-1;-1;-1;-1;0;1;1;3;4;10;4;10;4;10;4;11;3;11;3;12;3;13;3;13;3;14;3;15;3;16;2;16;2;17;2;17;2;17;2;18;2;18;2;19;2;19;3;20;3;21;3;21;3;22;3;23;4;24;4;25;4;25;4;26,transition,EXP_S151,ZONE_02,sortie_zone,4.1,sortie_zone,sortie de la zone
952052493,-53,6,a0:9f:7a:73:2b:3e,384,-110;-96;8;0;37;-12;34;-11;30;-10;26;-11;21;-13;17;-16;15;-20;14;-24;15;-28;17;-31;19;-32;22;-31;24;-30;25;-27;25;-23;23;-20;20;-17;16;-16;12;-16;8;-17;5;-20;4;-23;4;-26;6;-29;9;-30;2;-8;0;0;0;0;0;0;0;0;0;0;0;0;0;0;0;0;0;0;6;0;24;2;25;6;24;10;22;13;19;15;15;14;13;12;11;9;12;4;14;1;17;-2;21;-3;25;-4;29;-3;31;-1;32;1;31;3;30;4;29;3;27;1;26;-2;26;-6;27;-9;30;-13;33;-15;35;-16;-109;0;7;-3;7;-3;6;-3;6;-2;6;-1;6;1;7;2;8;2;9;2;9;2;8;2;7;3;7;4;7;5;7;6;7;7;7;7;7;6;6;6;5;6;4;7;3;8;3;8;3;8;3;8;3;8;2;7;2;7;0;2;0;0;-1;-1;0;-1;0;-1;-1;0;-3;2;-7;7;-8;7;-8;7;-9;6;-9;5;-9;4;-9;2;-10;1;-11;1;-11;0;-10;0;-10;-1;-9;-1;-8;-2;-8;-3;-7;-4;-7;-5;-7;-5;-6;-4;-5;-4;-3;-5;-1;-5;0;-6;0;-6;0;-6;1;-5;1;-5;2;-4;-109;0;30;-15;29;-15;29;-15;29;-15;28;-15;28;-14;27;-14;26;-14;25;-13;24;-13;24;-14;24;-14;24;-14;24;-14;24;-13;24;-13;25;-13;25;-12;25;-11;25;-10;25;-9;25;-8;25;-7;24;-6;24;-5;25;-3;25;-1;25;0;9;0;2;0;-1;0;-1;0;-1;0;0;-2;3;-4;9;-11;9;-11;10;-11;10;-11;11;-11;12;-12;13;-12;14;-12;15;-12;16;-12;17;-12;18;-12;19;-12;20;-12;20;-11;21;-11;21;-11;22;-12;22;-12;23;-13;24;-13;25;-14;26;-14;26;-14;27;-15;28;-16;29;-16;30;-16,transition,EXP_S151,ZONE_02,sortie_zone,4.1,sortie_zone,sortie de la zone
952255461,-53,6,a0:9f:7a:73:2b:3e,384,-110;-96;8;0;-24;-30;-21;-28;-19;-24;-18;-20;-19;-15;-21;-10;-23;-7;-27;-4;-30;-3;-33;-4;-35;-5;-36;-8;-35;-10;-33;-13;-30;-14;-26;-13;-22;-12;-20;-9;-18;-5;-18;-1;-19;3;-21;5;-24;6;-27;6;-29;5;-8;1;0;0;0;0;0;0;0;0;0;0;0;0;0;0;0;0;0;0;-2;-6;-5;-24;-1;-26;3;-26;6;-25;8;-22;9;-19;7;-16;5;-14;1;-13;-3;-13;-7;-15;-10;-18;-12;-22;-12;-26;-11;-29;-9;-30;-7;-31;-6;-30;-6;-28;-8;-25;-10;-24;-14;-22;-18;-22;-22;-23;-25;-25;-27;-26;-103;0;-5;-6;-5;-6;-5;-6;-4;-6;-3;-7;-2;-7;-1;-8;-1;-9;-1;-10;-1;-10;-1;-9;0;-9;1;-9;2;-9;3;-10;3;-10;3;-10;3;-10;3;-9;4;-8;5;-7;5;-7;6;-7;6;-7;6;-7;5;-7;5;-6;5;-5;1;-2;0;-1;-1;0;-1;-1;-1;-1;1;0;3;1;8;5;8;5;8;6;7;6;6;7;5;7;4;8;3;8;3;9;2;9;2;8;1;8;0;7;-1;7;-2;7;-2;7;-3;7;-3;6;-3;5;-3;4;-4;3;-4;2;-5;1;-6;1;-6;0;-5;0;-5;-1;-4;-2;-103;0;-22;-24;-22;-24;-22;-23;-22;-23;-21;-22;-21;-21;-21;-21;-21;-20;-20;-19;-20;-18;-20;-18;-20;-18;-20;-18;-20;-18;-20;-18;-20;-18;-20;-18;-19;-19;-19;-19;-18;-20;-17;-20;-16;-20;-15;-20;-14;-20;-13;-20;-12;-21;-11;-22;-10;-22;-4;-8;-1;-3;0;0;0;0;0;0;-2;-1;-5;-3;-12;-8;-12;-8;-12;-9;-12;-9;-13;-10;-13;-11;-13;-12;-14;-13;-14;-13;-14;-14;-15;-15;-15;-16;-15;-16;-15;-17;-15;-18;-15;-18;-15;-18;-16;-19;-16;-19;-17;-20;-18;-20;-19;-20;-19;-21;-20;-21;-21;-22;-22;-23;-22;-24;-23;-24,transition,EXP_S151,ZONE_02,sortie_zone,4.1,sortie_zone,sortie de la zone
952452172,-53,6,a0:9f:7a:73:2b:3e,384,-110;-96;8;0;-36;14;-33;12;-29;11;-24;11;-20;13;-16;16;-13;20;-12;24;-12;28;-14;30;-16;32;-19;32;-21;30;-23;27;-23;24;-21;20;-18;17;-14;15;-10;15;-6;16;-3;18;-2;21;-2;24;-4;27;-5;29;-2;7;0;0;0;0;0;0;0;0;0;0;0;0;0;0;0;0;0;0;-7;0;-25;-1;-26;-4;-26;-8;-24;-12;-21;-14;-18;-14;-15;-12;-13;-8;-13;-4;-14;-1;-17;2;-21;4;-25;5;-29;4;-31;3;-32;1;-32;-1;-31;-2;-29;-1;-28;1;-26;4;-26;7;-27;11;-29;14;-31;17;-33;18;-110;0;-7;2;-7;2;-7;2;-7;1;-7;0;-8;-1;-8;-2;-9;-3;-10;-3;-10;-3;-9;-3;-9;-4;-8;-5;-8;-6;-8;-7;-9;-7;-9;-7;-8;-7;-7;-7;-6;-7;-5;-8;-5;-8;-5;-9;-5;-9;-5;-9;-4;-8;-4;-8;-3;-8;-1;-3;-1;-1;0;0;-1;0;-1;0;0;-1;2;-4;6;-9;6;-8;7;-8;7;-7;7;-6;8;-5;8;-4;8;-3;9;-2;9;-2;9;-1;8;-1;7;0;7;1;6;2;6;3;6;3;6;3;5;3;3;3;2;3;1;4;0;5;0;5;-1;5;-1;4;-2;3;-3;3;-110;0;-29;14;-29;14;-29;14;-28;14;-28;14;-27;14;-26;13;-25;13;-24;13;-24;14;-23;14;-23;14;-23;14;-24;13;-24;13;-24;12;-24;12;-24;11;-25;11;-25;10;-25;8;-24;7;-24;7;-24;6;-24;5;-24;3;-24;2;-25;0;-9;-1;-3;-1;0;-1;0;-1;0;-1;-1;1;-4;3;-9;10;-10;10;-10;10;-11;10;-12;10;-13;11;-14;11;-15;11;-16;11;-17;11;-18;11;-18;11;-19;11;-20;11;-21;11;-21;11;-22;11;-22;11;-23;11;-23;12;-24;12;-25;13;-26;13;-27;14;-27;14;-28;15;-29;16;-29;16,transition,EXP_S151,ZONE_02,sortie_zone,4.1,sortie_zone,sortie de la zone
952656035,-53,6,a0:9f:7a:73:2b:3e,384,-110;-96;8;0;2;-38;2;-35;1;-31;-1;-27;-4;-24;-9;-21;-13;-21;-17;-21;-20;-23;-22;-25;-23;-28;-22;-30;-19;-32;-16;-32;-13;-31;-10;-28;-9;-24;-9;-20;-10;-16;-13;-13;-16;-11;-19;-11;-22;-12;-24;-14;-25;-17;-7;-5;0;0;0;0;0;0;0;0;0;0;0;0;0;0;0;0;0;0;2;-6;10;-22;14;-21;17;-19;19;-17;20;-13;18;-11;16;-9;12;-9;9;-10;6;-13;4;-17;4;-21;5;-25;7;-27;10;-29;12;-29;14;-29;14;-27;13;-26;10;-25;7;-25;4;-27;1;-29;-2;-32;-3;-35;-3;-38;-110;0;-1;-8;-1;-7;0;-7;1;-7;2;-7;2;-7;3;-7;4;-8;4;-8;4;-8;5;-8;5;-7;6;-6;7;-6;7;-6;8;-6;8;-6;8;-5;8;-5;7;-4;8;-3;8;-2;8;-2;8;-2;8;-2;8;-2;7;-1;7;0;2;0;0;0;-1;0;-1;-1;-1;-1;0;0;1;3;4;8;3;8;2;9;2;9;1;9;0;9;-1;9;-2;8;-3;8;-3;8;-4;8;-4;7;-4;6;-5;5;-5;5;-6;4;-6;3;-6;3;-6;2;-5;1;-5;0;-5;-1;-5;-2;-5;-3;-5;-3;-4;-4;-3;-4;-2;-4;-110;0;-3;-33;-3;-33;-3;-32;-3;-32;-4;-31;-4;-30;-4;-29;-5;-28;-5;-28;-5;-27;-5;-27;-5;-27;-5;-27;-5;-27;-5;-27;-5;-27;-4;-26;-4;-26;-3;-26;-3;-26;-2;-26;-1;-26;0;-25;1;-25;2;-24;4;-24;5;-23;6;-23;2;-8;1;-3;-1;0;0;0;0;0;-1;-2;-2;-5;-6;-14;-6;-14;-5;-15;-5;-15;-5;-16;-4;-17;-4;-18;-4;-18;-4;-19;-4;-20;-4;-21;-3;-22;-2;-22;-2;-23;-1;-23;-1;-24;-1;-24;-2;-25;-2;-26;-2;-26;-3;-27;-3;-28;-3;-29;-4;-30;-4;-31;-3;-32;-3;-33;-3;-33,transition,EXP_S151,ZONE_02,sortie_zone,4.1,sortie_zone,sortie de la zone
952854113,-53,6,a0:9f:7a:73:2b:3e,384,-110;-96;8;0;-7;38;-7;34;-6;30;-3;26;1;23;6;21;11;21;15;22;18;24;19;26;19;29;18;32;16;33;13;33;9;31;7;28;6;24;6;20;8;15;11;13;14;11;18;11;20;13;22;15;23;18;5;4;0;0;0;0;0;0;0;0;0;0;0;0;0;0;0;0;0;0;-4;5;-15;20;-18;18;-21;16;-23;13;-23;9;-21;7;-18;6;-15;6;-11;8;-9;11;-8;15;-8;19;-9;23;-12;26;-15;27;-17;27;-18;26;-18;25;-17;24;-15;23;-11;24;-8;25;-5;28;-3;31;-2;35;-2;37;-107;0;0;7;-1;7;-1;7;-2;6;-2;6;-4;6;-5;7;-5;7;-6;7;-6;7;-6;7;-6;6;-7;6;-8;5;-9;5;-9;5;-9;5;-9;5;-9;4;-9;3;-9;3;-9;2;-10;2;-10;2;-9;2;-9;1;-8;1;-8;0;-3;0;-1;-1;0;-1;0;0;0;0;-1;-2;-2;-4;-4;-10;-3;-11;-2;-11;-2;-11;-1;-10;0;-10;1;-10;2;-9;3;-9;3;-9;4;-9;4;-8;4;-7;4;-6;5;-5;5;-5;6;-4;5;-4;5;-3;4;-2;4;-1;4;0;4;1;4;1;4;2;3;2;2;3;1;3;-107;0;1;32;2;32;2;32;2;31;3;30;3;29;3;29;3;28;4;27;5;27;6;26;6;26;6;26;6;26;5;26;5;26;5;26;4;26;3;26;3;25;2;25;2;25;1;24;1;24;0;23;-2;23;-3;23;-4;23;-2;8;-1;2;0;-1;-1;-1;-1;-1;0;1;1;4;3;13;3;14;2;14;2;15;2;16;1;17;1;17;1;18;0;19;0;20;0;20;0;21;0;22;0;22;-1;23;-1;23;-1;23;-1;24;-1;25;0;26;0;27;0;28;0;29;1;30;1;31;2;32;2;32;2;33,transition,EXP_S151,ZONE_02,sortie_zone,4.1,sortie_zone,sortie de la zone
953054904,-53,6,a0:9f:7a:73:2b:3e,384,-110;-96;8;0;-22;-23;-20;-22;-18;-19;-17;-16;-17;-11;-18;-8;-20;-5;-22;-3;-25;-2;-27;-2;-30;-3;-30;-5;-30;-8;-28;-9;-25;-10;-22;-10;-19;-9;-16;-7;-15;-4;-15;-1;-16;2;-17;4;-19;5;-22;5;-24;4;-7;0;0;0;0;0;0;0;0;0;0;0;0;0;0;0;0;0;0;0;-2;-5;-8;-19;-5;-21;-2;-22;1;-22;3;-20;4;-18;3;-16;1;-13;-1;-12;-4;-11;-8;-12;-10;-15;-12;-17;-13;-21;-12;-23;-11;-25;-10;-25;-9;-24;-9;-23;-10;-21;-11;-19;-14;-18;-17;-17;-20;-18;-23;-19;-24;-21;-107;0;-8;-9;-8;-9;-8;-9;-7;-9;-6;-10;-4;-11;-3;-13;-3;-14;-3;-15;-3;-15;-2;-14;-1;-14;0;-14;2;-15;3;-16;3;-17;4;-17;4;-16;4;-15;5;-14;6;-13;7;-13;8;-13;8;-13;8;-12;8;-11;8;-10;7;-9;2;-3;0;-1;-1;0;-1;-1;-1;-1;1;0;5;2;14;6;14;7;13;8;12;9;11;10;10;10;8;11;7;13;6;14;5;14;4;14;3;13;2;12;0;11;-1;11;-2;11;-3;10;-4;10;-4;9;-4;7;-5;5;-6;4;-7;3;-8;2;-8;1;-8;0;-7;-1;-7;-2;-107;0;-39;-38;-39;-37;-39;-36;-39;-35;-38;-34;-38;-33;-37;-31;-36;-30;-36;-28;-36;-27;-36;-26;-36;-26;-36;-26;-36;-26;-35;-26;-35;-27;-35;-27;-34;-28;-33;-28;-32;-29;-31;-30;-29;-30;-28;-30;-27;-30;-25;-30;-23;-31;-21;-33;-19;-34;-7;-13;-2;-4;0;0;1;0;0;0;-3;-2;-8;-5;-21;-12;-21;-13;-21;-14;-22;-15;-22;-16;-23;-17;-24;-18;-25;-20;-25;-21;-26;-22;-26;-23;-27;-25;-27;-26;-27;-27;-27;-28;-27;-28;-27;-29;-28;-30;-29;-31;-31;-31;-32;-32;-34;-33;-35;-33;-36;-34;-38;-34;-39;-35;-41;-36;-42;-37,transition,EXP_S151,ZONE_02,sortie_zone,4.1,sortie_zone,sortie de la zone
953253017,-53,6,a0:9f:7a:73:2b:3e,384,-110;-96;8;0;30;-23;28;-21;25;-19;20;-18;15;-19;11;-21;7;-24;5;-27;5;-31;6;-34;8;-36;10;-36;13;-35;15;-33;16;-29;15;-25;13;-22;10;-19;6;-18;2;-18;-1;-20;-3;-22;-4;-25;-3;-28;-1;-31;-1;-8;0;0;0;0;0;0;0;0;0;0;0;0;0;0;0;0;0;0;5;-2;23;-7;25;-4;26;0;25;3;23;6;20;7;17;6;15;4;13;0;13;-4;15;-8;18;-11;22;-13;25;-13;28;-12;30;-10;30;-9;30;-8;28;-8;26;-9;24;-11;23;-14;22;-18;23;-22;25;-25;27;-27;-107;0;5;-4;5;-4;5;-4;6;-3;6;-2;7;-1;7;-1;8;0;8;0;8;0;8;0;8;1;8;2;8;3;8;3;8;4;8;4;8;4;7;4;7;5;6;5;6;6;6;6;5;6;5;6;4;6;4;6;3;6;1;2;0;0;-1;-1;0;-1;0;-1;-1;1;-2;3;-5;8;-6;8;-7;7;-7;7;-8;6;-8;5;-9;4;-9;3;-9;3;-9;2;-9;1;-9;1;-9;0;-8;-1;-8;-1;-7;-2;-7;-3;-7;-3;-6;-3;-5;-4;-4;-4;-3;-5;-2;-5;-2;-5;-1;-5;0;-5;1;-5;1;-5;-107;0;26;-21;26;-21;25;-20;25;-20;24;-20;23;-20;23;-19;22;-19;21;-19;20;-19;20;-19;19;-19;20;-19;20;-19;20;-19;20;-18;20;-18;20;-17;21;-17;21;-16;21;-15;21;-14;21;-13;21;-12;21;-11;22;-10;22;-8;23;-7;8;-3;2;-1;-1;0;-1;0;-1;0;0;-2;2;-5;8;-12;8;-12;9;-12;9;-12;10;-13;11;-13;12;-13;13;-14;14;-14;14;-14;15;-14;16;-15;17;-15;18;-15;18;-15;19;-15;19;-15;20;-15;20;-16;21;-16;21;-17;22;-18;23;-18;23;-19;24;-20;24;-21;25;-21;26;-22,transition,EXP_S151,ZONE_02,sortie_zone,4.1,sortie_zone,sortie de la zone
953452301,-53,6,a0:9f:7a:73:2b:3e,384,-110;-96;8;0;20;31;17;28;16;25;15;20;16;15;18;11;21;8;25;5;28;4;31;5;33;6;34;9;33;12;31;14;28;15;24;14;20;12;18;9;16;5;16;1;17;-2;19;-5;22;-6;26;-6;28;-5;7;-1;0;0;0;0;0;0;0;0;0;0;0;0;0;0;0;0;0;0;0;5;1;23;-2;24;-6;25;-9;23;-11;21;-11;18;-10;15;-7;13;-3;12;1;13;4;15;7;18;8;22;8;26;7;29;5;30;4;30;3;29;3;27;4;26;7;24;10;23;14;23;18;23;22;26;24;28;-111;0;2;5;2;6;2;6;1;6;0;6;-1;7;-1;7;-2;8;-2;8;-2;8;-3;8;-3;8;-4;8;-5;8;-5;8;-6;8;-6;8;-6;7;-6;7;-6;6;-7;6;-7;5;-8;5;-8;5;-8;5;-8;4;-8;3;-7;3;-3;1;-1;0;0;-1;0;0;0;0;-1;-1;-3;-3;-7;-8;-7;-8;-6;-9;-5;-9;-5;-9;-4;-9;-3;-9;-2;-10;-1;-10;-1;-10;0;-10;1;-9;1;-9;2;-8;2;-7;3;-7;3;-6;3;-6;3;-5;3;-4;4;-3;4;-2;4;-1;4;0;4;0;4;1;3;2;3;2;-111;0;14;28;14;27;14;27;14;26;14;25;14;25;14;24;14;23;14;23;14;22;14;21;14;21;14;21;15;21;14;21;14;21;14;21;13;21;13;21;12;21;11;21;10;21;10;21;9;21;8;21;7;21;5;22;4;22;1;8;0;2;-1;-1;-1;-1;-1;-1;1;1;3;3;8;10;8;11;8;11;8;12;8;13;8;13;8;14;8;15;8;16;8;17;9;18;9;18;9;19;8;20;8;20;8;21;9;21;9;22;9;22;10;23;11;24;11;24;12;25;12;26;13;26;14;27;14;28;15;28,transition,EXP_S151,ZONE_02,sortie_zone,4.1,sortie_zone,sortie de la zone
953652657,-53,6,a0:9f:7a:73:2b:3e,384,-110;-96;8;0;-28;25;-26;23;-23;21;-19;19;-14;19;-9;20;-5;22;-3;25;-2;29;-2;32;-4;34;-6;35;-8;34;-11;33;-12;30;-12;26;-11;22;-8;19;-4;17;0;17;3;18;5;20;7;22;6;25;5;27;1;7;0;0;0;0;0;0;0;0;0;0;0;0;0;0;0;0;0;0;-6;2;-24;7;-25;5;-27;1;-27;-3;-25;-6;-22;-7;-19;-7;-16;-4;-14;-1;-14;3;-15;7;-17;11;-21;13;-25;13;-28;13;-30;12;-30;10;-30;9;-28;9;-26;9;-24;11;-22;14;-21;18;-21;22;-23;25;-24;27;-108;0;-5;5;-5;5;-4;5;-5;4;-5;3;-6;2;-8;2;-9;2;-9;2;-9;2;-9;2;-8;1;-8;0;-9;-1;-10;-2;-10;-2;-10;-1;-10;-1;-9;-2;-8;-2;-7;-3;-8;-5;-8;-5;-8;-5;-8;-5;-8;-4;-7;-5;-6;-5;-2;-2;-1;-1;0;0;-1;0;-1;0;0;-2;0;-4;2;-10;2;-10;3;-10;4;-10;4;-9;5;-8;6;-7;7;-7;8;-6;8;-6;8;-6;8;-5;7;-4;7;-3;7;-1;7;-1;7;0;7;0;6;0;5;0;4;1;3;3;2;4;2;4;2;4;1;4;0;3;-1;3;-108;0;-19;26;-19;26;-18;25;-18;25;-17;25;-17;24;-16;24;-15;23;-14;23;-14;22;-14;22;-13;23;-14;23;-14;22;-14;22;-14;22;-14;22;-14;22;-15;21;-15;21;-16;20;-16;19;-16;18;-17;17;-17;16;-18;15;-19;14;-20;13;-8;4;-3;1;0;-1;0;-1;0;-1;-1;1;-2;4;-5;13;-6;13;-6;13;-7;14;-7;14;-8;15;-9;15;-10;15;-10;16;-11;16;-11;16;-12;17;-13;17;-14;17;-15;17;-15;18;-15;18;-15;19;-15;19;-16;20;-16;21;-17;22;-17;23;-17;24;-18;24;-18;25;-19;26;-19;26,transition,EXP_S151,ZONE_02,sortie_zone,4.1,sortie_zone,sortie de la zone
953853261,-53,6,a0:9f:7a:73:2b:3e,384,-110;-96;8;0;-29;-25;-26;-24;-24;-21;-22;-17;-22;-13;-23;-8;-25;-5;-27;-2;-30;-1;-33;-1;-36;-2;-37;-5;-36;-7;-34;-9;-31;-11;-27;-11;-24;-10;-21;-7;-19;-4;-19;0;-19;3;-21;5;-24;7;-27;6;-29;5;-8;1;0;0;0;0;0;0;0;0;0;0;0;0;0;0;0;0;0;0;-4;-6;-12;-22;-10;-24;-6;-26;-2;-27;1;-25;3;-22;3;-19;1;-16;-2;-14;-6;-13;-11;-13;-14;-16;-17;-19;-18;-22;-18;-26;-17;-28;-15;-29;-13;-29;-13;-27;-14;-25;-15;-23;-18;-21;-22;-20;-25;-19;-29;-20;-31;-22;-106;0;-6;-5;-6;-4;-5;-4;-5;-5;-4;-5;-3;-6;-2;-7;-2;-8;-3;-9;-3;-9;-2;-8;-2;-8;-1;-8;0;-9;1;-9;1;-10;1;-10;1;-9;1;-9;2;-8;3;-7;4;-7;4;-8;4;-8;4;-8;4;-7;4;-7;4;-6;1;-2;0;-1;-1;0;-1;-1;-1;-1;1;0;3;0;10;1;10;2;9;3;9;3;8;4;7;5;7;6;6;7;6;7;5;8;5;8;4;7;3;7;2;7;1;7;0;7;0;7;-1;7;-1;6;-1;5;-2;4;-3;3;-4;3;-5;2;-5;2;-5;1;-4;1;-4;0;-106;0;-27;-19;-27;-19;-27;-19;-27;-18;-26;-18;-26;-17;-25;-16;-25;-16;-24;-15;-24;-15;-24;-14;-24;-14;-24;-14;-24;-14;-23;-14;-23;-14;-23;-15;-23;-15;-22;-16;-21;-16;-20;-17;-19;-17;-18;-17;-17;-17;-17;-18;-15;-19;-14;-20;-13;-20;-5;-8;-2;-3;0;0;0;0;0;0;-2;-1;-5;-2;-14;-4;-14;-5;-15;-5;-15;-6;-15;-7;-16;-7;-17;-8;-17;-9;-18;-10;-18;-10;-18;-11;-19;-12;-19;-12;-19;-13;-19;-14;-20;-14;-20;-14;-20;-15;-21;-15;-22;-15;-23;-16;-24;-16;-24;-16;-25;-17;-26;-17;-27;-18;-28;-18;-28;-19,transition,EXP_S151,ZONE_02,sortie_zone,4.1,sortie_zone,sortie de la zone
954052289,-54,6,a0:9f:7a:73:2b:3e,384,-110;-96;8;0;-27;-13;-25;-12;-23;-11;-20;-8;-19;-4;-19;-1;-19;2;-21;5;-23;6;-25;7;-27;6;-28;4;-29;2;-28;0;-26;-2;-23;-2;-20;-2;-17;-1;-15;2;-14;4;-14;7;-14;9;-16;10;-19;11;-21;10;-6;2;0;0;0;0;0;0;0;0;0;0;0;0;0;0;0;0;0;0;-4;-4;-14;-14;-13;-16;-10;-19;-8;-20;-5;-19;-3;-17;-2;-15;-3;-12;-5;-10;-8;-8;-11;-8;-14;-9;-17;-11;-19;-13;-19;-16;-19;-18;-18;-19;-17;-18;-16;-17;-16;-15;-17;-13;-19;-11;-21;-10;-23;-9;-26;-9;-28;-10;-109;0;-8;-5;-8;-6;-7;-7;-7;-8;-6;-9;-6;-10;-5;-11;-5;-12;-4;-12;-4;-13;-3;-13;-2;-13;-2;-14;-1;-14;0;-14;0;-15;1;-15;2;-14;2;-14;3;-13;3;-13;4;-12;5;-12;5;-12;6;-11;6;-11;6;-10;7;-9;2;-4;0;-1;-1;0;-1;-1;-1;-1;1;0;5;0;15;3;15;4;14;5;14;6;13;8;12;8;11;9;10;10;9;11;8;11;7;12;6;12;4;11;3;11;2;11;1;11;0;10;-1;10;-2;9;-3;8;-4;7;-4;6;-5;5;-6;4;-6;2;-7;1;-7;0;-7;-1;-109;0;-45;-27;-44;-27;-44;-27;-43;-26;-42;-25;-42;-23;-41;-22;-40;-21;-39;-20;-39;-19;-38;-19;-38;-19;-38;-18;-38;-19;-38;-19;-38;-20;-37;-20;-37;-21;-36;-22;-35;-22;-34;-23;-32;-23;-31;-23;-30;-24;-28;-25;-26;-27;-24;-28;-22;-29;-8;-11;-2;-4;0;0;1;0;0;0;-3;-1;-8;-2;-22;-6;-22;-7;-23;-8;-23;-9;-24;-10;-25;-11;-26;-11;-27;-12;-28;-14;-29;-15;-29;-16;-30;-17;-30;-19;-30;-19;-31;-20;-31;-21;-32;-21;-32;-22;-34;-22;-35;-22;-37;-23;-38;-23;-40;-23;-41;-24;-42;-25;-44;-26;-45;-27;-45;-27,transition,EXP_S151,ZONE_02,sortie_zone,4.1,sortie_zone,sortie de la zone
954252345,-53,6,a0:9f:7a:73:2b:3e,384,-110;-96;8;0;-36;11;-34;9;-30;9;-26;9;-21;11;-18;14;-16;18;-15;22;-15;25;-17;28;-19;29;-22;29;-24;27;-25;24;-24;21;-23;18;-20;15;-16;14;-12;14;-9;15;-6;18;-5;20;-5;23;-7;26;-9;27;-3;7;0;0;0;0;0;0;0;0;0;0;0;0;0;0;0;0;0;0;-6;-1;-25;-3;-25;-7;-24;-11;-22;-14;-19;-15;-16;-15;-13;-13;-12;-10;-12;-6;-14;-2;-17;1;-21;3;-25;3;-29;2;-31;0;-32;-2;-32;-4;-31;-5;-29;-4;-28;-2;-27;0;-26;4;-27;8;-30;11;-32;13;-35;14;-103;0;-7;2;-7;2;-6;2;-6;2;-6;0;-7;-1;-8;-2;-9;-2;-9;-2;-9;-3;-9;-3;-8;-3;-8;-4;-8;-5;-8;-6;-8;-6;-8;-6;-8;-6;-7;-6;-6;-6;-5;-7;-5;-7;-5;-8;-5;-8;-5;-8;-5;-8;-4;-7;-3;-7;-1;-3;-1;-1;0;0;-1;0;-1;0;0;-1;2;-3;6;-8;7;-8;7;-7;8;-6;8;-5;8;-4;8;-3;9;-3;9;-2;9;-1;9;-1;8;0;8;0;7;1;6;2;6;3;6;3;5;3;5;3;4;3;2;3;1;4;0;4;0;5;-1;4;-1;4;-2;3;-3;3;-103;0;-29;15;-29;14;-28;14;-28;14;-27;14;-26;14;-26;14;-25;14;-24;14;-23;14;-23;14;-23;14;-23;14;-23;14;-23;14;-23;13;-23;13;-23;13;-24;12;-24;11;-24;10;-24;9;-23;8;-23;7;-23;6;-24;5;-24;3;-24;2;-9;0;-3;-1;0;-1;0;-1;0;-1;-1;1;-4;3;-10;9;-11;9;-11;9;-12;9;-13;9;-14;10;-14;10;-15;10;-16;10;-17;10;-18;10;-18;10;-19;10;-20;10;-21;10;-21;10;-21;10;-22;10;-22;11;-23;12;-24;12;-25;13;-25;13;-26;14;-27;14;-28;15;-29;15;-29;15,transition,EXP_S151,ZONE_02,sortie_zone,4.1,sortie_zone,sortie de la zone
954452416,-53,6,a0:9f:7a:73:2b:3e,384,-110;-96;8;0;-13;-36;-12;-34;-11;-30;-11;-26;-13;-21;-16;-18;-20;-15;-24;-14;-27;-14;-30;-16;-31;-18;-31;-21;-29;-23;-27;-24;-23;-24;-20;-22;-17;-19;-15;-16;-15;-12;-17;-8;-19;-6;-22;-4;-24;-4;-27;-5;-29;-7;-8;-2;0;0;0;0;0;0;0;0;0;0;0;0;0;0;0;0;0;0;0;-7;2;-25;5;-25;9;-25;12;-22;14;-19;14;-16;12;-14;8;-12;4;-12;0;-14;-3;-17;-5;-21;-5;-25;-4;-29;-2;-31;0;-32;2;-32;3;-31;3;-29;1;-27;-2;-26;-6;-26;-10;-27;-13;-29;-16;-31;-17;-34;-114;0;-2;-6;-2;-7;-1;-7;0;-7;0;-7;1;-8;2;-8;3;-8;3;-8;4;-8;4;-8;4;-7;5;-7;6;-7;6;-6;7;-6;7;-6;7;-6;7;-5;7;-5;8;-4;8;-4;8;-3;8;-3;7;-2;7;-2;7;-1;7;-1;2;-1;0;0;-1;0;-1;-1;-1;-1;0;0;2;2;5;8;5;8;4;9;3;9;2;9;1;9;0;9;-1;9;-1;9;-2;9;-3;9;-3;8;-4;7;-4;7;-5;6;-6;5;-6;5;-6;4;-6;3;-6;2;-6;1;-6;1;-5;0;-5;-1;-5;-2;-5;-3;-4;-3;-4;-4;-114;0;-7;-33;-7;-32;-7;-32;-7;-31;-7;-30;-7;-29;-8;-29;-8;-28;-8;-27;-8;-27;-8;-26;-8;-26;-8;-26;-8;-26;-8;-26;-7;-27;-7;-26;-6;-26;-5;-26;-4;-26;-4;-26;-3;-25;-2;-25;-1;-25;0;-24;2;-24;3;-24;5;-23;2;-9;0;-3;-1;0;0;0;0;0;-1;-2;-3;-5;-8;-12;-8;-13;-7;-13;-7;-14;-7;-15;-7;-15;-7;-16;-7;-17;-7;-18;-7;-19;-7;-20;-7;-21;-6;-22;-6;-22;-5;-23;-5;-23;-5;-24;-5;-24;-6;-25;-6;-26;-7;-26;-7;-27;-7;-28;-8;-29;-8;-30;-8;-31;-8;-32;-8;-33,transition,EXP_S151,ZONE_02,sortie_zone,4.1,sortie_zone,sortie de la zone
954654465,-53,6,a0:9f:7a:73:2b:3e,384,-110;-96;8;0;-20;33;-19;30;-16;26;-12;24;-8;22;-3;22;2;24;5;26;7;29;8;32;7;34;5;36;2;36;-1;35;-3;32;-4;28;-3;24;-1;21;2;18;5;17;8;16;11;17;13;20;14;23;14;25;3;6;0;0;0;0;0;0;0;0;0;0;0;0;0;0;0;0;0;0;-5;3;-20;14;-23;12;-26;8;-26;4;-25;1;-22;-1;-18;-1;-15;1;-12;4;-11;8;-11;12;-13;17;-16;19;-19;21;-23;21;-25;20;-26;19;-26;17;-24;16;-22;17;-19;18;-16;21;-14;25;-13;28;-13;32;-14;34;-103;0;-5;4;-5;4;-6;3;-6;3;-7;2;-8;2;-8;1;-8;1;-9;0;-9;0;-9;0;-9;-1;-9;-2;-9;-2;-9;-3;-9;-3;-9;-4;-9;-4;-9;-4;-8;-5;-8;-5;-8;-5;-7;-6;-7;-6;-7;-6;-6;-6;-6;-7;-5;-7;-2;-3;-1;-1;0;0;-1;0;-1;0;0;-2;1;-4;4;-10;4;-9;5;-9;6;-8;7;-8;7;-7;8;-6;8;-5;8;-5;8;-4;8;-3;8;-2;8;-2;8;-1;7;0;7;1;6;1;6;2;5;2;5;3;4;3;3;3;2;4;1;4;0;4;0;4;-1;4;-2;4;-103;0;-24;23;-24;22;-23;22;-23;22;-22;22;-21;22;-20;21;-20;21;-19;21;-18;20;-18;20;-18;20;-18;20;-18;20;-18;20;-18;20;-19;19;-19;19;-20;18;-20;18;-20;17;-20;16;-20;15;-20;14;-21;13;-21;11;-22;10;-22;9;-8;3;-3;0;0;-1;0;-1;0;-1;-1;1;-3;4;-7;12;-7;12;-8;12;-9;12;-10;12;-10;13;-11;13;-12;14;-13;14;-13;15;-14;15;-15;15;-16;15;-17;15;-17;15;-18;16;-18;16;-18;16;-19;17;-19;18;-20;19;-20;19;-21;20;-21;21;-22;21;-23;22;-23;23;-24;23,transition,EXP_S151,ZONE_02,sortie_zone,4.1,sortie_zone,sortie de la zone
954852355,-53,6,a0:9f:7a:73:2b:3e,384,-110;-96;8;0;-7;38;-7;35;-6;31;-3;27;1;24;5;22;10;22;14;23;17;24;19;27;19;29;18;32;15;33;12;33;9;32;7;28;6;25;6;20;8;17;11;14;14;12;17;12;20;13;22;16;23;18;5;4;0;0;0;0;0;0;0;0;0;0;0;0;0;0;0;0;0;0;-4;5;-15;20;-18;18;-22;16;-24;12;-23;9;-21;6;-18;5;-14;6;-10;8;-8;11;-6;15;-7;20;-9;24;-12;27;-15;28;-17;27;-19;27;-19;25;-18;24;-15;23;-12;24;-8;25;-5;28;-2;31;-1;35;-1;38;-100;0;-1;6;-1;6;-2;6;-2;6;-3;5;-4;5;-5;5;-6;6;-6;6;-6;6;-7;5;-7;5;-8;4;-8;4;-9;3;-9;3;-9;3;-9;3;-9;3;-9;2;-9;1;-9;0;-9;0;-9;0;-9;0;-9;-1;-8;-1;-8;-2;-3;-1;-1;-1;0;-1;0;0;-1;0;-1;-2;-1;-4;-2;-11;-1;-11;0;-11;0;-11;1;-10;2;-10;3;-10;4;-9;5;-9;5;-9;5;-8;5;-8;6;-7;6;-6;6;-5;7;-4;7;-3;6;-3;6;-2;5;-1;5;0;4;1;4;2;4;2;4;3;3;3;2;3;1;3;-100;0;-4;33;-4;32;-3;32;-3;31;-3;31;-2;30;-2;29;-1;29;-1;28;0;28;0;27;0;27;0;27;0;27;0;27;0;27;-1;27;-1;27;-2;26;-2;26;-3;26;-4;25;-5;24;-5;24;-6;23;-8;23;-9;22;-10;22;-4;7;-2;2;0;-1;-1;-1;-1;-1;0;1;0;5;1;14;1;14;0;14;0;15;0;16;-1;17;-1;17;-1;18;-2;19;-2;19;-2;20;-3;21;-3;22;-4;22;-4;23;-4;23;-4;23;-4;24;-4;25;-4;26;-4;27;-4;28;-4;29;-4;30;-3;31;-3;32;-3;33;-3;33,transition,EXP_S151,ZONE_02,sortie_zone,4.1,sortie_zone,sortie de la zone
955052348,-53,6,a0:9f:7a:73:2b:3e,384,-110;-96;8;0;-22;-23;-20;-22;-18;-20;-17;-16;-17;-12;-18;-8;-20;-5;-23;-3;-25;-2;-28;-2;-30;-3;-31;-5;-30;-8;-28;-10;-26;-11;-23;-11;-20;-9;-17;-7;-16;-4;-15;-1;-16;2;-18;4;-20;5;-22;5;-24;4;-7;1;0;0;0;0;0;0;0;0;0;0;0;0;0;0;0;0;0;0;-2;-5;-7;-20;-5;-22;-2;-23;1;-22;4;-20;5;-18;4;-15;2;-13;-1;-11;-5;-11;-8;-12;-11;-15;-13;-18;-13;-21;-12;-23;-11;-25;-9;-26;-9;-25;-9;-24;-9;-22;-11;-20;-14;-18;-17;-18;-21;-18;-23;-19;-25;-20;-111;0;-8;-9;-8;-9;-7;-9;-6;-10;-4;-11;-3;-12;-2;-13;-1;-14;-2;-15;-2;-15;-1;-15;0;-14;2;-14;4;-14;5;-15;5;-15;5;-16;5;-15;6;-14;7;-13;8;-12;9;-11;9;-11;10;-11;10;-11;9;-10;9;-9;9;-8;3;-3;1;-1;-1;0;-1;-1;-1;-1;1;0;5;2;15;8;14;9;13;10;12;11;11;12;9;12;8;13;6;14;5;15;5;15;4;15;3;14;1;13;0;12;-2;12;-4;12;-4;11;-5;11;-5;9;-5;8;-6;6;-7;4;-8;3;-9;2;-9;1;-8;0;-8;-1;-7;-2;-111;0;-38;-41;-38;-41;-37;-40;-37;-39;-36;-38;-35;-37;-35;-36;-34;-35;-34;-33;-34;-32;-34;-31;-34;-31;-34;-31;-34;-31;-33;-32;-33;-32;-32;-32;-31;-32;-30;-33;-28;-34;-27;-34;-25;-34;-24;-34;-22;-34;-20;-35;-18;-36;-16;-37;-14;-38;-5;-14;-1;-5;0;1;1;0;0;0;-3;-2;-8;-4;-21;-12;-21;-13;-21;-14;-22;-15;-22;-16;-23;-17;-24;-19;-24;-20;-25;-22;-25;-23;-26;-24;-26;-26;-26;-27;-26;-28;-26;-29;-27;-30;-27;-30;-28;-31;-29;-32;-30;-33;-31;-34;-32;-35;-33;-35;-35;-36;-36;-37;-38;-38;-39;-40;-40;-41,transition,EXP_S151,ZONE_02,sortie_zone,4.1,sortie_zone,sortie de la zone
955252338,-54,6,a0:9f:7a:73:2b:3e,384,-110;-96;8;0;5;30;4;27;4;24;5;21;7;17;10;15;13;13;16;13;19;13;21;14;22;17;22;19;20;21;17;21;15;21;12;19;11;16;10;13;10;10;11;7;13;5;16;4;18;4;20;6;21;8;5;2;0;0;0;0;0;0;0;0;0;0;0;0;0;0;0;0;0;0;-2;4;-6;19;-8;19;-12;18;-14;16;-15;13;-14;11;-12;8;-9;8;-6;8;-3;10;0;13;1;16;0;20;-1;23;-3;24;-5;25;-6;25;-7;24;-6;22;-5;21;-2;21;1;21;4;22;7;24;8;26;10;28;-106;0;0;10;0;10;-1;10;-2;10;-4;10;-5;10;-7;10;-8;10;-8;10;-9;10;-10;10;-10;9;-11;9;-12;8;-13;8;-14;8;-14;7;-14;7;-14;6;-14;4;-14;3;-14;2;-14;2;-14;1;-14;1;-13;0;-13;-1;-13;-2;-5;-1;-2;-1;0;-1;0;0;0;0;-2;-2;-3;-6;-8;-16;-7;-16;-6;-16;-4;-17;-3;-17;-1;-17;0;-17;2;-16;3;-16;4;-16;5;-15;6;-14;6;-13;7;-12;8;-10;8;-9;9;-8;9;-7;8;-6;8;-4;8;-2;7;0;7;1;7;2;7;3;5;4;4;5;3;5;-106;0;4;53;4;52;4;51;4;49;5;48;5;47;5;46;5;45;6;44;6;43;6;42;7;42;7;42;6;42;6;42;5;42;4;42;3;42;2;41;1;41;-1;40;-2;39;-3;38;-4;38;-6;37;-8;36;-11;36;-13;35;-5;12;-2;3;0;-2;-1;-2;-1;-1;1;2;3;7;9;20;8;21;8;22;7;23;7;24;7;25;7;27;6;28;6;29;5;31;5;32;4;33;4;34;3;35;3;36;3;37;3;38;3;39;3;40;4;41;4;42;4;44;5;45;5;47;5;49;6;50;6;52;6;53,transition,EXP_S151,ZONE_02,sortie_zone,4.1,sortie_zone,sortie de la zone
955452415,-53,6,a0:9f:7a:73:2b:3e,384,-110;-96;8;0;37;1;34;2;30;1;27;-1;23;-5;21;-9;20;-13;21;-17;22;-21;24;-22;27;-23;29;-22;30;-20;31;-17;29;-14;27;-11;23;-10;19;-10;15;-11;12;-13;10;-16;10;-20;11;-22;13;-24;16;-25;4;-7;0;0;0;0;0;0;0;0;0;0;0;0;0;0;0;0;0;0;5;2;20;12;19;15;17;19;14;21;10;21;7;19;6;16;6;12;8;9;11;6;15;4;19;4;23;5;26;8;28;11;28;13;27;14;26;15;25;13;24;11;24;8;25;4;28;1;31;-1;34;-2;37;-2;-115;0;6;-1;6;-2;6;-1;6;-1;5;0;6;2;6;3;7;4;8;4;8;4;7;4;6;4;5;5;5;6;5;7;6;7;6;7;5;7;5;7;4;7;3;7;2;7;2;8;2;8;2;8;2;7;1;7;1;7;0;2;-1;0;-1;-1;0;-1;0;-1;-1;0;-4;1;-10;4;-10;4;-11;3;-11;2;-11;1;-10;0;-10;-1;-10;-2;-10;-3;-10;-3;-10;-4;-9;-4;-8;-4;-7;-5;-7;-6;-6;-6;-6;-7;-5;-6;-4;-6;-3;-5;-2;-5;0;-5;1;-6;1;-6;1;-6;2;-5;2;-4;3;-3;-115;0;31;-7;31;-7;31;-7;30;-7;29;-7;29;-8;28;-8;27;-8;26;-8;25;-8;25;-8;25;-8;25;-9;25;-9;25;-8;25;-8;25;-8;25;-8;25;-7;25;-6;25;-5;24;-4;24;-3;23;-3;23;-2;23;0;23;1;23;3;8;1;2;0;-1;0;-1;0;-1;0;1;-1;4;-3;12;-6;12;-6;13;-6;13;-6;14;-5;15;-5;16;-5;17;-5;17;-5;18;-5;19;-5;20;-4;20;-4;21;-4;22;-4;22;-4;23;-4;23;-4;24;-4;25;-5;26;-5;27;-5;27;-6;28;-6;29;-6;30;-7;31;-7;32;-7,transition,EXP_S151,ZONE_02,sortie_zone,4.1,sortie_zone,sortie de la zone
955652293,-54,6,a0:9f:7a:73:2b:3e,384,-110;-96;8;0;28;-5;26;-4;23;-4;19;-6;16;-8;14;-10;12;-13;12;-16;13;-19;14;-21;16;-22;18;-21;19;-20;20;-17;19;-15;18;-13;15;-11;12;-10;9;-11;7;-12;5;-14;4;-16;4;-18;6;-20;8;-21;2;-6;0;0;0;0;0;0;0;0;0;0;0;0;0;0;0;0;0;0;4;1;17;5;17;8;16;11;14;13;11;13;9;13;7;11;7;8;7;5;9;2;12;0;15;-1;18;0;21;1;23;3;23;5;22;6;22;6;21;6;20;4;19;1;19;-1;20;-4;22;-6;25;-8;27;-8;-109;0;8;-1;9;-1;9;0;9;1;9;3;9;4;9;5;10;7;10;7;10;8;9;8;9;9;8;10;7;11;7;11;7;12;6;12;6;12;5;12;4;12;3;12;3;12;2;12;1;12;1;12;0;11;0;11;-1;11;-1;4;-1;1;-1;-1;1;-1;0;-1;-2;0;-6;1;-17;4;-17;3;-17;1;-17;0;-16;-1;-16;-2;-15;-3;-15;-4;-15;-5;-15;-6;-14;-7;-13;-8;-11;-9;-10;-9;-9;-10;-8;-10;-7;-10;-6;-10;-4;-9;-3;-9;-1;-9;0;-8;1;-8;2;-8;3;-7;4;-6;5;-5;5;-4;-109;0;49;-4;48;-4;48;-4;47;-4;46;-5;44;-5;44;-5;43;-6;41;-6;40;-6;40;-7;39;-7;39;-7;39;-7;39;-7;39;-7;40;-6;40;-5;39;-4;39;-3;38;-2;37;-1;37;0;36;1;35;3;34;5;34;7;33;9;12;3;3;1;-2;-1;-2;0;-1;0;2;-1;7;-3;19;-7;20;-6;20;-6;22;-5;23;-5;24;-5;25;-5;26;-4;27;-4;29;-4;30;-3;32;-3;33;-2;33;-2;34;-1;34;-1;35;-1;36;-1;37;-1;39;-2;40;-2;41;-2;43;-3;44;-3;46;-4;47;-4;48;-5;49;-5,transition,EXP_S151,ZONE_02,sortie_zone,4.1,sortie_zone,sortie de la zone
955852517,-53,6,a0:9f:7a:73:2b:3e,384,-110;-96;8;0;11;35;10;33;9;29;10;24;12;20;15;16;19;14;23;13;26;14;29;15;30;17;30;20;28;22;25;23;22;23;19;21;16;18;15;15;15;11;16;7;18;4;21;3;24;3;27;4;28;6;7;1;0;0;0;0;0;0;0;0;0;0;0;0;0;0;0;0;0;0;-1;5;-3;24;-7;24;-11;23;-14;21;-16;18;-15;15;-13;12;-9;11;-5;11;-1;13;2;15;3;20;4;24;2;28;0;30;-2;31;-4;31;-4;30;-4;28;-2;27;1;25;5;25;9;26;12;28;15;31;16;33;-105;0;2;5;1;5;1;6;0;6;-1;6;-1;6;-2;7;-3;7;-3;8;-3;8;-4;7;-4;7;-5;7;-6;6;-6;6;-7;6;-7;6;-7;6;-7;6;-7;5;-7;4;-8;4;-8;3;-8;3;-8;3;-8;3;-8;2;-8;2;-3;0;-1;0;0;-1;0;0;0;0;-1;-1;-3;-3;-7;-9;-6;-9;-6;-10;-5;-10;-4;-10;-3;-10;-2;-10;-1;-10;0;-10;0;-10;1;-10;1;-9;2;-9;2;-8;3;-7;4;-7;4;-6;4;-6;4;-5;4;-4;4;-3;4;-2;4;-1;4;0;4;0;4;1;3;2;3;2;-105;0;12;30;12;30;12;29;12;28;12;28;12;27;12;26;12;25;12;25;12;24;12;23;12;23;12;23;12;23;12;23;12;23;11;24;11;24;10;24;9;24;8;24;7;23;7;23;6;23;5;23;3;23;2;23;1;23;0;8;-1;2;-1;-1;-1;-1;-1;-1;0;1;2;3;8;11;7;11;7;12;7;12;7;13;7;14;7;15;7;16;7;17;7;17;7;18;7;19;7;20;7;20;7;21;7;21;7;22;7;22;8;23;8;24;9;24;9;25;10;26;10;27;11;28;12;28;12;29;12;30,transition,EXP_S151,ZONE_02,sortie_zone,4.1,sortie_zone,sortie de la zone
956052176,-54,6,a0:9f:7a:73:2b:3e,384,-110;-96;8;0;-23;-19;-21;-18;-19;-15;-18;-12;-17;-9;-18;-5;-19;-2;-21;1;-24;1;-26;1;-28;1;-29;-1;-29;-3;-27;-5;-25;-6;-22;-6;-19;-6;-17;-4;-15;-1;-14;2;-14;4;-15;7;-17;8;-20;8;-22;7;-6;1;0;0;0;0;0;0;0;0;0;0;0;0;0;0;0;0;0;0;-3;-5;-8;-18;-6;-20;-3;-21;0;-20;2;-19;3;-17;3;-14;1;-11;-2;-10;-5;-9;-8;-10;-11;-12;-13;-15;-14;-18;-14;-20;-13;-22;-11;-22;-10;-22;-10;-20;-11;-18;-12;-16;-15;-15;-17;-14;-20;-14;-23;-15;-25;-16;-113;0;-7;-7;-7;-7;-7;-8;-7;-8;-6;-9;-5;-10;-4;-11;-4;-12;-3;-13;-3;-13;-2;-13;-1;-13;0;-13;1;-14;1;-14;2;-15;2;-15;2;-14;3;-14;4;-13;5;-13;5;-13;6;-13;6;-13;7;-12;7;-11;7;-10;7;-10;2;-4;0;-1;-1;0;-1;-1;-1;-1;1;0;5;2;14;6;14;7;13;8;12;9;12;10;11;11;9;11;8;12;7;13;6;13;5;13;4;13;2;12;1;12;-1;11;-2;11;-3;10;-3;10;-3;9;-4;7;-4;6;-5;5;-6;4;-7;3;-7;2;-7;1;-6;0;-6;-1;-113;0;-41;-31;-41;-31;-40;-30;-40;-29;-39;-28;-38;-27;-38;-26;-37;-25;-37;-24;-37;-23;-37;-22;-37;-21;-37;-21;-37;-21;-37;-21;-36;-22;-36;-22;-35;-23;-34;-24;-33;-25;-31;-25;-30;-25;-29;-25;-28;-26;-27;-26;-25;-27;-23;-29;-21;-30;-8;-11;-2;-4;0;0;1;0;0;0;-3;-1;-8;-4;-20;-10;-20;-10;-20;-11;-20;-12;-21;-13;-22;-14;-23;-15;-24;-16;-24;-17;-25;-19;-26;-20;-26;-21;-27;-22;-27;-23;-27;-24;-27;-24;-28;-25;-29;-25;-30;-26;-31;-26;-33;-27;-34;-27;-35;-28;-37;-28;-38;-29;-40;-30;-41;-30;-42;-31,transition,EXP_S151,ZONE_02,sortie_zone,4.1,sortie_zone,sortie de la zone
956252617,-53,6,a0:9f:7a:73:2b:3e,384,-110;-96;8;0;-37;7;-35;6;-31;5;-27;6;-23;9;-20;12;-18;16;-18;20;-19;23;-21;25;-23;26;-25;26;-27;24;-28;21;-27;18;-25;15;-22;13;-18;12;-14;13;-11;14;-9;17;-8;20;-9;22;-11;24;-13;25;-4;6;0;0;0;0;0;0;0;0;0;0;0;0;0;0;0;0;0;0;-6;-1;-24;-5;-24;-9;-23;-12;-21;-15;-18;-17;-15;-16;-12;-14;-11;-10;-12;-6;-14;-3;-17;0;-21;1;-25;1;-29;-1;-31;-3;-31;-5;-31;-7;-30;-8;-28;-7;-27;-5;-26;-2;-27;2;-28;5;-30;8;-33;10;-35;11;-111;0;-7;1;-7;1;-7;1;-6;1;-6;0;-7;-2;-7;-3;-8;-3;-8;-3;-8;-4;-8;-4;-8;-4;-7;-5;-7;-6;-7;-7;-7;-7;-7;-7;-7;-7;-6;-7;-5;-7;-4;-7;-4;-8;-4;-8;-4;-8;-4;-8;-3;-8;-3;-8;-2;-7;-1;-3;-1;-1;0;0;-1;0;-1;0;0;-1;2;-3;7;-8;7;-7;8;-6;8;-6;8;-5;8;-4;9;-3;9;-2;9;-1;9;0;9;0;8;1;8;1;7;2;6;3;6;3;5;4;5;4;4;4;3;4;2;4;1;4;0;4;-1;5;-1;4;-2;4;-2;3;-3;3;-111;0;-31;11;-30;11;-30;11;-29;11;-29;11;-28;11;-27;11;-26;11;-26;11;-25;11;-25;11;-25;11;-25;11;-25;11;-25;11;-25;10;-25;10;-25;9;-25;8;-25;7;-25;6;-25;5;-24;4;-24;4;-24;2;-24;1;-24;0;-24;-2;-9;-1;-3;-1;0;-1;0;-1;0;-1;-2;1;-4;3;-11;9;-11;9;-12;9;-12;9;-13;9;-14;9;-15;8;-16;8;-17;8;-18;8;-18;9;-19;9;-20;8;-21;8;-22;8;-22;8;-22;8;-23;8;-23;9;-24;9;-25;9;-26;10;-27;10;-28;11;-28;11;-29;12;-30;12;-31;12,transition,EXP_S151,ZONE_02,sortie_zone,4.1,sortie_zone,sortie de la zone
956454639,-53,6,a0:9f:7a:73:2b:3e,384,-110;-96;8;0;-23;31;-22;28;-19;25;-15;23;-10;22;-5;22;-1;24;2;26;4;29;4;32;3;35;1;36;-2;36;-5;34;-7;31;-7;28;-6;24;-4;21;-1;18;3;17;6;17;9;19;11;21;11;24;10;27;2;6;0;0;0;0;0;0;0;0;0;0;0;0;0;0;0;0;0;0;-5;3;-22;12;-24;9;-26;5;-26;2;-25;-1;-22;-3;-18;-3;-15;-1;-13;3;-12;7;-12;11;-14;15;-18;18;-21;19;-25;19;-27;17;-28;16;-27;14;-26;14;-23;15;-21;16;-18;19;-16;23;-16;27;-16;30;-18;32;-114;0;-5;4;-6;3;-6;3;-6;3;-7;2;-7;1;-8;0;-8;0;-9;0;-9;0;-9;-1;-9;-1;-9;-2;-9;-3;-9;-3;-9;-4;-9;-4;-9;-4;-8;-4;-8;-5;-7;-5;-7;-6;-7;-6;-7;-6;-6;-6;-6;-6;-6;-6;-5;-7;-2;-3;-1;-1;0;0;-1;0;-1;0;0;-2;1;-4;4;-9;5;-9;6;-8;6;-8;7;-7;7;-6;8;-5;8;-4;9;-4;9;-3;9;-3;8;-2;8;-1;8;-1;7;0;7;1;7;2;6;2;5;2;4;3;3;3;2;3;2;4;1;4;0;4;-1;4;-1;4;-2;4;-114;0;-25;22;-24;22;-24;21;-23;21;-22;21;-22;21;-21;21;-20;21;-19;20;-19;20;-19;19;-19;19;-19;20;-19;20;-19;20;-19;19;-19;19;-19;18;-19;18;-19;18;-19;17;-20;15;-20;14;-21;13;-21;12;-22;11;-22;10;-22;9;-8;3;-3;0;0;-1;0;-1;0;-1;-1;1;-3;4;-8;11;-9;11;-9;12;-10;12;-11;12;-11;12;-12;13;-13;13;-13;14;-14;14;-15;14;-15;14;-16;13;-18;14;-18;14;-19;14;-19;15;-19;15;-19;16;-20;17;-20;18;-21;19;-21;19;-22;20;-23;20;-24;20;-25;21;-26;22,transition,EXP_S151,ZONE_02,sortie_zone,4.1,sortie_zone,sortie de la zone
956652322,-53,6,a0:9f:7a:73:2b:3e,384,-110;-96;8;0;-19;-34;-17;-32;-16;-28;-16;-24;-17;-19;-19;-15;-23;-12;-26;-10;-29;-11;-32;-12;-34;-14;-34;-16;-33;-18;-30;-20;-27;-20;-23;-19;-20;-17;-18;-13;-18;-9;-18;-5;-20;-3;-22;-1;-25;-1;-28;-2;-30;-3;-8;-1;0;0;0;0;0;0;0;0;0;0;0;0;0;0;0;0;0;0;-1;-6;-3;-25;0;-26;4;-26;8;-25;10;-22;10;-19;9;-16;6;-14;2;-13;-2;-14;-5;-16;-8;-20;-9;-24;-9;-28;-7;-31;-6;-32;-4;-32;-3;-32;-3;-30;-5;-28;-7;-26;-11;-25;-14;-26;-18;-27;-20;-29;-22;-31;-114;0;-4;-6;-4;-6;-3;-6;-2;-7;-2;-7;-1;-7;0;-8;0;-9;1;-9;1;-9;1;-9;2;-9;2;-8;3;-8;4;-9;4;-9;4;-9;4;-8;5;-8;5;-7;5;-7;6;-6;6;-6;6;-6;6;-5;6;-5;6;-4;6;-4;2;-2;0;-1;-1;0;-1;-1;-1;-1;0;0;2;2;7;6;7;6;6;7;6;8;5;8;4;8;3;9;2;9;2;9;1;9;0;9;0;9;-1;8;-2;8;-3;7;-3;7;-4;6;-4;5;-4;5;-4;4;-5;3;-5;2;-5;1;-6;0;-6;0;-5;-1;-5;-2;-4;-3;-114;0;-19;-28;-19;-28;-19;-28;-19;-27;-18;-26;-18;-25;-18;-25;-18;-24;-18;-23;-18;-23;-18;-22;-18;-22;-18;-22;-18;-22;-17;-22;-17;-22;-17;-22;-16;-23;-16;-23;-15;-23;-14;-23;-13;-23;-12;-23;-11;-23;-10;-23;-8;-23;-7;-24;-5;-24;-2;-9;-1;-3;0;0;0;0;0;0;-2;-1;-4;-4;-11;-10;-11;-10;-11;-11;-11;-11;-11;-12;-12;-13;-12;-14;-12;-15;-13;-16;-13;-16;-13;-17;-13;-18;-13;-19;-12;-20;-12;-20;-12;-21;-13;-21;-13;-21;-14;-22;-14;-23;-15;-23;-16;-24;-17;-25;-17;-25;-18;-26;-18;-27;-19;-28;-19;-28,transition,EXP_S151,ZONE_02,sortie_zone,4.1,sortie_zone,sortie de la zone
956852303,-53,6,a0:9f:7a:73:2b:3e,384,-110;-96;8;0;-33;-20;-31;-19;-28;-16;-25;-13;-24;-8;-24;-3;-25;1;-27;4;-30;6;-33;6;-36;5;-37;3;-37;0;-36;-3;-33;-4;-29;-5;-26;-5;-22;-3;-20;0;-19;4;-19;7;-20;10;-22;12;-25;12;-28;11;-7;2;0;0;0;0;0;0;0;0;0;0;0;0;0;0;0;0;0;0;-4;-5;-15;-20;-13;-23;-10;-25;-6;-26;-3;-25;-1;-22;0;-19;-2;-15;-5;-13;-9;-11;-13;-11;-17;-13;-20;-16;-22;-20;-22;-23;-21;-25;-20;-26;-18;-26;-18;-24;-18;-22;-19;-19;-22;-16;-25;-15;-29;-14;-32;-15;-35;-15;-109;0;-6;-3;-6;-3;-6;-4;-6;-4;-5;-5;-4;-6;-4;-7;-4;-8;-4;-8;-4;-8;-4;-8;-3;-8;-2;-8;-2;-9;-1;-9;-1;-10;-1;-10;-1;-10;0;-9;0;-9;1;-8;2;-8;2;-9;2;-9;2;-8;2;-8;3;-7;3;-7;1;-3;0;-1;-1;0;-1;0;-1;-1;1;-1;3;0;10;0;10;1;10;1;9;2;9;3;8;4;8;5;7;6;7;6;6;7;6;7;5;7;4;7;3;7;2;7;1;7;1;7;0;7;0;6;-1;5;-2;4;-3;3;-4;3;-4;3;-4;2;-4;2;-4;1;-4;0;-109;0;-31;-13;-31;-13;-30;-13;-30;-13;-30;-12;-29;-12;-28;-11;-27;-11;-27;-10;-26;-10;-26;-9;-26;-9;-26;-9;-26;-9;-26;-9;-26;-9;-26;-10;-26;-10;-25;-11;-25;-12;-24;-13;-23;-13;-22;-13;-21;-14;-20;-14;-19;-15;-18;-16;-17;-17;-6;-7;-2;-3;0;0;0;0;0;0;-2;-1;-6;-1;-15;-2;-15;-2;-15;-3;-15;-3;-16;-4;-17;-4;-18;-5;-18;-6;-19;-6;-19;-7;-20;-7;-20;-8;-21;-9;-21;-9;-22;-10;-22;-10;-22;-10;-23;-10;-23;-11;-24;-11;-25;-11;-26;-11;-27;-12;-28;-12;-29;-12;-30;-12;-31;-12;-32;-13,transition,EXP_S151,ZONE_02,sortie_zone,4.1,sortie_zone,sortie de la zone
957055451,-54,6,a0:9f:7a:73:2b:3e,384,-110;-96;8;0;24;-17;23;-15;21;-14;17;-14;14;-14;11;-16;9;-18;7;-21;7;-23;8;-25;9;-27;11;-27;13;-26;14;-23;15;-21;14;-18;12;-16;10;-15;7;-14;4;-15;2;-16;1;-18;0;-20;2;-22;3;-23;1;-6;0;0;0;0;0;0;0;0;0;0;0;0;0;0;0;0;0;0;4;-2;18;-6;19;-4;20;0;20;3;18;5;16;6;13;5;11;3;10;0;10;-3;11;-6;14;-8;17;-10;20;-10;22;-9;24;-7;24;-6;23;-5;22;-5;21;-6;20;-8;19;-10;18;-13;19;-16;21;-18;22;-19;-107;0;7;-5;7;-5;8;-4;8;-3;9;-2;10;-1;11;0;12;1;12;2;12;2;12;2;12;3;11;4;11;5;11;6;11;7;11;7;10;8;10;8;9;8;8;9;7;9;7;10;7;10;6;10;5;10;4;10;3;10;1;3;0;1;-1;-1;0;-1;0;-1;-1;1;-3;4;-8;13;-9;12;-10;12;-11;11;-12;9;-13;8;-14;7;-14;6;-15;5;-15;3;-15;2;-14;1;-14;0;-13;-1;-12;-2;-12;-3;-11;-4;-10;-5;-9;-5;-7;-5;-6;-6;-5;-7;-3;-7;-2;-7;-1;-7;0;-7;1;-7;3;-6;-107;0;43;-31;42;-31;41;-31;40;-30;39;-30;38;-29;37;-29;36;-28;35;-27;34;-27;33;-27;33;-27;33;-27;33;-27;33;-27;33;-26;34;-25;34;-24;35;-23;35;-22;35;-20;35;-19;35;-17;35;-16;35;-14;35;-12;36;-9;36;-7;13;-3;3;-1;-2;0;-1;1;-1;0;1;-2;4;-7;12;-19;13;-19;14;-19;15;-19;16;-20;17;-20;18;-20;20;-21;21;-21;23;-22;24;-22;25;-22;26;-22;28;-22;29;-22;30;-22;31;-23;31;-23;32;-24;33;-25;34;-26;35;-27;36;-28;37;-29;38;-30;40;-31;41;-32;43;-32,transition,EXP_S151,ZONE_02,sortie_zone,4.1,sortie_zone,sortie de la zone
957257219,-54,6,a0:9f:7a:73:2b:3e,384,-110;-96;8;0;5;-29;5;-27;4;-24;2;-21;-1;-19;-5;-18;-8;-18;-11;-19;-13;-21;-14;-22;-14;-24;-13;-26;-11;-27;-8;-26;-6;-24;-5;-22;-5;-19;-5;-16;-7;-13;-9;-12;-11;-11;-14;-11;-16;-12;-17;-14;-17;-16;-5;-4;0;0;0;0;0;0;0;0;0;0;0;0;0;0;0;0;0;0;2;-4;12;-15;14;-14;17;-12;18;-9;18;-6;16;-4;13;-3;10;-3;8;-5;5;-8;4;-12;5;-15;6;-18;9;-20;11;-21;13;-21;14;-20;14;-19;14;-18;12;-18;9;-18;7;-20;4;-21;3;-24;2;-27;2;-29;-110;0;2;-9;3;-9;4;-9;5;-8;6;-8;7;-8;8;-7;9;-7;10;-7;10;-7;11;-7;11;-6;11;-5;12;-4;13;-4;13;-3;13;-3;13;-3;13;-2;12;-1;12;0;12;1;12;1;12;1;12;1;11;2;11;3;10;4;3;1;1;0;-1;-1;0;-2;0;-1;0;1;-1;6;-2;16;-3;17;-5;16;-6;16;-7;15;-8;14;-9;13;-10;12;-11;11;-11;11;-12;10;-12;9;-12;7;-12;6;-12;5;-12;3;-12;2;-12;1;-11;1;-10;0;-9;-1;-8;-2;-7;-4;-7;-4;-6;-5;-5;-6;-3;-6;-1;-7;-110;0;14;-49;14;-49;13;-48;13;-48;12;-47;11;-46;10;-45;9;-44;8;-43;7;-42;6;-42;6;-41;5;-41;5;-41;5;-42;5;-42;6;-41;6;-41;7;-41;8;-40;9;-39;10;-38;10;-37;11;-36;13;-35;15;-34;17;-32;18;-31;7;-11;2;-4;-1;1;-1;1;-1;0;0;-3;1;-8;3;-21;4;-22;4;-22;5;-23;6;-23;6;-24;7;-26;7;-27;8;-28;9;-30;10;-30;11;-31;12;-32;13;-33;13;-33;13;-34;14;-35;14;-36;14;-37;13;-38;13;-40;13;-41;13;-43;13;-44;13;-46;13;-48;14;-49;14;-50,transition,EXP_S151,ZONE_02,sortie_zone,4.1,sortie_zone,sortie de la zone
957454347,-53,6,a0:9f:7a:73:2b:3e,384,-110;-96;8;0;-30;-25;-28;-24;-25;-21;-24;-17;-23;-13;-24;-8;-26;-4;-28;-2;-32;-1;-34;-1;-37;-3;-37;-5;-37;-7;-35;-9;-32;-10;-29;-10;-25;-9;-22;-7;-20;-3;-20;0;-20;4;-22;6;-25;7;-27;6;-29;5;-8;1;0;0;0;0;0;0;0;0;0;0;0;0;0;0;0;0;0;0;-4;-6;-12;-23;-9;-25;-5;-27;-1;-27;2;-25;4;-22;4;-18;2;-15;-2;-12;-6;-12;-11;-13;-15;-16;-18;-19;-19;-23;-18;-26;-17;-29;-15;-30;-14;-29;-13;-28;-13;-25;-15;-23;-18;-20;-22;-19;-26;-19;-29;-20;-32;-22;-107;0;-6;-3;-7;-3;-7;-3;-6;-3;-5;-4;-4;-5;-4;-7;-4;-8;-4;-8;-4;-8;-4;-8;-3;-8;-2;-8;-1;-9;-1;-9;0;-10;-1;-10;-1;-10;0;-9;1;-8;2;-8;3;-8;3;-8;3;-9;3;-9;3;-8;3;-7;3;-6;1;-2;0;-1;-1;0;-1;0;-1;-1;1;-1;4;-1;11;-1;11;0;11;1;10;1;10;2;9;3;9;4;8;6;8;6;8;7;7;7;6;7;5;7;4;7;2;7;2;8;1;8;1;7;1;7;0;6;-1;5;-2;4;-4;4;-4;4;-4;4;-4;3;-4;2;-4;1;-107;0;-32;-14;-31;-13;-31;-13;-30;-13;-30;-12;-29;-12;-29;-12;-28;-11;-28;-10;-27;-10;-27;-10;-27;-9;-27;-10;-27;-10;-26;-10;-26;-11;-26;-11;-25;-12;-25;-13;-24;-13;-23;-14;-22;-15;-21;-15;-21;-15;-20;-16;-18;-17;-17;-18;-16;-19;-6;-7;-2;-3;0;0;0;0;0;0;-2;0;-6;-1;-14;-1;-15;-1;-15;-1;-15;-2;-16;-3;-17;-3;-18;-4;-18;-4;-19;-5;-19;-6;-20;-6;-21;-7;-22;-7;-22;-8;-22;-8;-22;-9;-23;-9;-23;-9;-24;-10;-25;-10;-26;-10;-27;-10;-28;-11;-29;-11;-30;-11;-31;-11;-32;-12;-32;-12,transition,EXP_S151,ZONE_02,sortie_zone,4.1,sortie_zone,sortie de la zone
957652135,-53,6,a0:9f:7a:73:2b:3e,384,-110;-96;8;0;-8;38;-8;35;-7;32;-4;28;-1;25;4;24;8;24;12;25;15;27;16;29;16;31;14;33;12;34;10;34;7;32;5;29;4;26;5;22;7;18;9;16;12;15;15;15;18;16;19;19;19;21;4;5;0;0;0;0;0;0;0;0;0;0;0;0;0;0;0;0;0;0;-4;5;-15;21;-18;19;-22;17;-24;13;-24;9;-22;6;-18;5;-14;5;-10;7;-8;10;-6;15;-6;20;-8;24;-11;27;-15;28;-17;28;-19;27;-20;25;-19;24;-16;23;-13;23;-9;25;-6;28;-4;31;-3;35;-3;37;-104;0;-1;6;-1;6;-1;6;-2;5;-3;5;-4;5;-5;5;-6;5;-6;6;-6;6;-6;5;-6;4;-7;4;-8;3;-9;3;-9;3;-9;3;-9;3;-8;2;-8;1;-8;0;-9;-1;-9;-1;-9;-1;-9;-1;-8;-1;-8;-1;-8;-2;-3;-1;-1;-1;0;-1;0;0;0;0;-1;-2;-2;-4;-4;-11;-4;-11;-3;-11;-2;-11;-1;-11;0;-11;2;-11;3;-11;4;-10;4;-10;5;-10;5;-9;5;-8;5;-7;6;-6;7;-5;7;-5;7;-4;6;-3;5;-2;5;-1;5;0;5;1;5;2;5;2;4;2;3;2;2;3;-104;0;-3;33;-3;33;-2;33;-2;32;-2;31;-2;31;-2;30;-1;29;-1;28;-1;28;0;27;0;27;0;27;-1;27;-1;27;-2;27;-2;27;-3;27;-3;27;-4;26;-5;25;-6;25;-6;24;-7;23;-8;23;-9;22;-11;21;-12;21;-5;7;-2;2;0;-1;-1;-1;-1;-1;0;1;1;4;4;13;3;13;3;14;2;14;2;15;2;16;1;17;1;18;1;19;0;19;0;20;0;21;-1;22;-1;22;-2;23;-2;23;-2;24;-2;24;-2;25;-2;26;-2;27;-2;28;-2;29;-2;30;-2;31;-1;32;-1;33;-2;34,transition,EXP_S151,ZONE_02,sortie_zone,4.1,sortie_zone,sortie de la zone
957855196,-53,6,a0:9f:7a:73:2b:3e,384,-110;-96;8;0;6;-38;6;-35;6;-32;3;-29;0;-26;-4;-24;-8;-24;-12;-25;-15;-26;-16;-29;-16;-31;-15;-33;-13;-34;-10;-34;-7;-32;-5;-29;-4;-26;-5;-22;-7;-19;-9;-17;-12;-16;-15;-16;-17;-17;-18;-19;-19;-21;-5;-6;0;0;0;0;0;0;0;0;0;0;0;0;0;0;0;0;0;0;2;-6;12;-21;15;-20;19;-18;21;-15;21;-11;19;-8;16;-7;13;-7;9;-9;6;-12;5;-16;5;-20;7;-24;10;-27;13;-29;15;-29;17;-27;17;-26;16;-25;14;-24;11;-24;8;-25;5;-28;3;-31;2;-34;2;-37;-101;0;0;-7;-1;-7;-1;-7;0;-6;1;-6;2;-5;4;-6;5;-6;5;-7;5;-7;4;-7;5;-6;5;-5;6;-4;7;-4;8;-4;8;-5;7;-4;6;-4;6;-3;6;-2;7;-1;7;-1;8;-1;7;-1;7;-1;6;-1;6;0;2;0;0;0;-1;0;-1;-1;-1;-1;0;1;1;3;2;9;2;9;1;10;0;10;-1;9;-2;9;-3;9;-4;9;-5;9;-5;9;-5;8;-6;7;-6;6;-6;5;-7;4;-7;4;-8;3;-7;3;-7;2;-6;1;-5;0;-5;-2;-6;-2;-6;-3;-6;-3;-5;-3;-4;-3;-3;-3;-101;0;2;-33;2;-33;1;-33;1;-32;1;-31;1;-31;1;-30;0;-29;0;-28;-1;-27;-1;-27;-1;-27;-1;-27;-1;-27;-1;-27;0;-27;0;-27;1;-27;1;-27;2;-26;3;-26;4;-25;4;-24;5;-24;5;-23;7;-23;8;-22;9;-22;3;-8;1;-3;-1;0;0;0;0;0;-1;-2;-2;-5;-4;-14;-4;-14;-3;-15;-3;-15;-3;-16;-2;-17;-2;-18;-1;-19;-1;-19;-1;-20;-1;-21;0;-22;0;-22;1;-23;1;-23;2;-24;2;-24;2;-25;2;-25;1;-26;1;-27;1;-28;1;-29;1;-30;1;-31;1;-32;1;-33;1;-34,transition,EXP_S151,ZONE_02,sortie_zone,4.1,sortie_zone,sortie de la zone
958052520,-53,6,a0:9f:7a:73:2b:3e,384,-110;-96;8;0;37;4;35;4;31;4;27;2;24;-2;22;-6;21;-10;21;-14;23;-17;25;-19;28;-20;30;-18;31;-16;31;-14;30;-11;27;-8;24;-7;20;-7;16;-9;14;-11;12;-14;12;-17;13;-19;15;-21;17;-22;4;-6;0;0;0;0;0;0;0;0;0;0;0;0;0;0;0;0;0;0;5;3;20;13;19;16;17;19;13;21;10;21;7;19;5;16;5;13;7;9;11;6;15;5;19;5;24;6;26;9;28;12;28;15;27;16;25;17;24;15;23;13;23;10;24;6;27;3;30;1;33;0;36;-1;-113;0;6;-2;6;-2;6;-1;6;-1;5;0;5;2;6;3;6;4;7;4;7;4;6;4;6;4;5;5;5;6;5;7;5;7;5;7;4;7;4;6;3;6;2;7;1;7;1;7;1;8;1;7;1;7;0;7;0;6;0;2;-1;0;-1;-1;0;-1;0;-1;-1;0;-4;1;-9;5;-10;4;-10;3;-10;3;-10;2;-10;1;-10;-1;-11;-2;-11;-3;-11;-3;-10;-3;-10;-4;-8;-4;-7;-5;-7;-6;-6;-7;-6;-7;-5;-7;-5;-6;-3;-6;-2;-6;-1;-6;0;-6;1;-6;1;-6;2;-5;2;-4;2;-3;-113;0;32;-4;31;-4;31;-4;31;-4;30;-4;29;-4;28;-4;27;-4;26;-4;26;-4;25;-4;25;-4;25;-4;25;-4;25;-4;25;-4;25;-3;25;-3;25;-2;25;-1;24;0;24;1;23;1;22;2;22;3;22;4;21;6;21;7;7;2;2;1;-1;-1;-1;0;-1;0;1;-1;4;-3;12;-7;12;-6;13;-6;13;-6;14;-6;15;-6;16;-6;17;-5;17;-5;18;-5;19;-5;20;-5;21;-4;22;-4;22;-3;23;-3;23;-3;23;-3;24;-3;25;-4;26;-4;27;-4;28;-4;28;-4;29;-4;30;-4;31;-5;32;-4,transition,EXP_S151,ZONE_02,sortie_zone,4.1,sortie_zone,sortie de la zone
958254419,-53,6,a0:9f:7a:73:2b:3e,384,-110;-96;8;0;-3;-39;-2;-37;-2;-33;-3;-29;-6;-25;-10;-22;-14;-21;-18;-20;-21;-21;-24;-23;-25;-26;-24;-28;-22;-30;-19;-31;-16;-30;-13;-27;-11;-24;-10;-20;-11;-16;-13;-13;-16;-11;-19;-10;-21;-11;-24;-13;-25;-15;-7;-4;0;0;0;0;0;0;0;0;0;0;0;0;0;0;0;0;0;0;1;-6;8;-24;11;-24;15;-22;18;-20;19;-16;18;-13;15;-10;11;-10;7;-11;4;-13;1;-17;0;-22;1;-26;3;-30;6;-32;9;-32;11;-32;11;-30;11;-29;9;-27;6;-26;2;-27;-2;-29;-5;-31;-7;-35;-8;-38;-103;0;-2;-7;-1;-7;-1;-7;0;-7;1;-7;2;-7;2;-7;3;-7;3;-7;4;-7;4;-7;5;-7;5;-6;6;-6;6;-6;7;-5;7;-5;7;-5;7;-4;7;-4;7;-3;7;-3;7;-2;7;-2;7;-2;7;-1;7;-1;7;0;2;0;0;0;-1;0;-1;-1;-1;-1;0;0;1;3;4;9;4;9;3;9;2;10;1;10;0;10;-1;10;-2;9;-3;9;-4;9;-4;8;-5;8;-5;7;-6;6;-6;6;-7;5;-7;4;-7;3;-7;3;-6;2;-6;1;-6;0;-6;-1;-6;-2;-5;-2;-5;-3;-4;-4;-4;-4;-103;0;-2;-34;-2;-34;-2;-33;-2;-32;-3;-32;-3;-31;-3;-30;-3;-29;-3;-29;-3;-28;-4;-28;-4;-27;-4;-27;-4;-27;-4;-27;-3;-27;-3;-27;-2;-27;-2;-27;-1;-26;0;-26;1;-25;1;-25;2;-24;3;-24;5;-23;6;-23;7;-22;2;-8;1;-3;-1;0;0;0;0;0;-1;-2;-3;-5;-6;-14;-6;-14;-5;-15;-5;-15;-5;-16;-5;-17;-5;-18;-5;-19;-4;-20;-4;-21;-4;-22;-3;-22;-3;-23;-2;-23;-2;-24;-2;-24;-2;-25;-2;-25;-2;-26;-2;-27;-2;-28;-3;-29;-3;-30;-3;-31;-3;-32;-3;-33;-3;-34;-3;-34,transition,EXP_S151,ZONE_02,sortie_zone,4.1,sortie_zone,sortie de la zone
958452105,-53,6,a0:9f:7a:73:2b:3e,384,-110;-96;8;0;-37;7;-35;6;-31;5;-27;6;-23;8;-19;11;-17;15;-16;19;-16;22;-18;25;-20;26;-23;26;-25;25;-25;23;-25;19;-23;16;-21;14;-17;12;-13;12;-9;13;-7;15;-5;18;-5;21;-7;24;-8;25;-3;6;0;0;0;0;0;0;0;0;0;0;0;0;0;0;0;0;0;0;-6;-2;-24;-7;-24;-11;-22;-15;-20;-17;-16;-19;-13;-18;-11;-15;-10;-11;-11;-7;-13;-4;-17;-1;-21;0;-25;0;-29;-2;-31;-4;-32;-7;-31;-8;-30;-9;-28;-9;-27;-6;-26;-3;-26;0;-27;4;-29;7;-32;10;-35;11;-116;0;-7;3;-7;4;-6;4;-6;3;-6;1;-6;0;-8;-2;-9;-2;-10;-2;-10;-1;-9;-1;-8;-2;-8;-3;-8;-4;-8;-5;-9;-6;-9;-5;-9;-5;-8;-4;-6;-5;-5;-6;-5;-7;-5;-7;-5;-8;-6;-7;-5;-7;-5;-6;-4;-6;-2;-2;-1;-1;0;0;-1;0;-1;0;0;-1;2;-3;6;-9;7;-8;7;-8;8;-7;8;-6;8;-5;8;-4;9;-2;10;-2;10;-1;10;-1;9;-1;8;0;7;1;7;2;7;3;7;4;6;4;6;3;4;3;2;3;1;4;0;5;0;6;0;6;-1;5;-1;4;-2;3;-116;0;-29;14;-28;14;-28;14;-27;14;-27;14;-26;14;-25;13;-24;13;-23;13;-23;13;-22;13;-22;13;-22;13;-22;13;-22;13;-22;13;-22;12;-22;12;-22;11;-23;10;-23;9;-22;8;-22;7;-22;7;-22;6;-22;5;-22;4;-22;2;-8;0;-3;0;0;-1;0;-1;0;-1;-1;1;-4;3;-10;9;-10;9;-11;9;-11;9;-12;10;-13;10;-14;10;-15;10;-16;10;-16;10;-17;10;-18;10;-19;10;-20;10;-21;10;-21;10;-21;10;-21;11;-22;11;-23;12;-24;12;-25;13;-25;13;-26;13;-27;14;-27;14;-28;15;-29;15,transition,EXP_S151,ZONE_02,sortie_zone,4.1,sortie_zone,sortie de la zone
958652254,-53,6,a0:9f:7a:73:2b:3e,384,-110;-96;8;0;-38;-10;-35;-10;-31;-9;-28;-6;-25;-3;-23;2;-23;6;-24;10;-25;13;-27;15;-30;16;-33;15;-34;13;-34;9;-32;7;-29;5;-25;4;-21;4;-18;6;-15;8;-14;11;-13;14;-14;17;-16;19;-19;20;-5;5;0;0;0;0;0;0;0;0;0;0;0;0;0;0;0;0;0;0;-5;-4;-19;-17;-17;-20;-15;-23;-11;-24;-8;-24;-5;-22;-4;-18;-5;-15;-7;-12;-11;-9;-15;-8;-20;-9;-24;-11;-26;-14;-27;-17;-27;-20;-26;-22;-24;-21;-23;-20;-22;-17;-23;-14;-24;-11;-27;-8;-31;-5;-35;-5;-38;-5;-110;0;-7;-2;-7;-2;-7;-2;-7;-2;-6;-3;-6;-4;-6;-5;-6;-6;-6;-6;-6;-6;-6;-6;-5;-7;-5;-7;-4;-8;-4;-9;-4;-9;-4;-9;-4;-9;-3;-8;-3;-8;-2;-8;-1;-9;-1;-9;-1;-9;-1;-9;-1;-8;0;-8;0;-7;0;-3;0;-1;0;0;-1;0;-1;-1;1;-1;3;-1;10;0;10;0;10;1;9;2;9;3;8;4;8;4;7;5;7;6;7;6;6;7;5;6;4;6;3;7;2;7;1;7;1;7;1;7;0;6;0;5;-1;5;-2;4;-3;4;-4;4;-4;4;-5;3;-4;2;-4;1;-110;0;-32;-10;-32;-9;-32;-9;-31;-8;-30;-8;-30;-7;-29;-7;-28;-6;-27;-5;-27;-5;-27;-4;-27;-4;-27;-3;-27;-3;-26;-3;-26;-4;-26;-4;-26;-4;-26;-5;-25;-5;-25;-6;-24;-6;-23;-6;-23;-7;-22;-8;-22;-9;-21;-10;-21;-11;-8;-4;-3;-2;0;0;0;0;0;0;-2;-1;-6;-1;-15;-2;-15;-2;-15;-3;-16;-3;-16;-4;-17;-4;-18;-5;-19;-5;-19;-6;-20;-6;-20;-6;-21;-7;-22;-8;-22;-8;-22;-9;-23;-9;-23;-9;-24;-9;-24;-9;-25;-9;-26;-9;-27;-9;-28;-9;-29;-9;-30;-9;-31;-9;-32;-9;-33;-9,transition,EXP_S151,ZONE_02,sortie_zone,4.1,sortie_zone,sortie de la zone
958872524,-53,6,a0:9f:7a:73:2b:3e,384,-110;-96;8;0;13;-37;13;-34;12;-30;9;-27;5;-24;0;-23;-4;-23;-8;-25;-11;-27;-12;-30;-12;-32;-11;-34;-8;-35;-6;-34;-3;-32;-1;-29;-1;-26;-2;-22;-4;-18;-7;-16;-10;-15;-13;-16;-15;-17;-17;-20;-17;-22;-5;-6;0;0;0;0;0;0;0;0;0;0;0;0;0;0;0;0;0;0;4;-5;17;-18;20;-16;23;-13;24;-10;23;-6;21;-4;18;-3;14;-4;11;-6;9;-10;9;-15;10;-19;12;-23;16;-24;19;-25;21;-25;22;-23;22;-22;21;-21;19;-20;15;-21;12;-23;10;-27;8;-30;8;-34;8;-36;-116;0;-1;-8;-1;-8;-1;-8;0;-7;1;-6;2;-6;4;-6;5;-7;5;-8;5;-8;4;-7;5;-6;5;-6;6;-5;7;-5;8;-5;8;-5;7;-5;7;-5;6;-3;7;-2;7;-2;8;-1;8;-2;8;-2;7;-2;7;-1;6;-1;2;0;0;0;-1;0;-1;-1;-1;-1;0;0;1;3;2;9;2;10;2;10;1;10;0;10;-1;9;-3;9;-4;9;-5;9;-5;9;-5;8;-5;8;-5;7;-6;5;-7;4;-7;4;-8;3;-8;3;-7;2;-6;1;-5;0;-5;-2;-6;-3;-6;-3;-6;-4;-5;-4;-4;-4;-3;-4;-116;0;1;-33;1;-33;1;-32;1;-32;0;-31;0;-30;0;-29;0;-29;-1;-28;-1;-27;-2;-27;-2;-27;-2;-27;-2;-26;-1;-26;-1;-26;-1;-26;0;-26;0;-26;1;-25;2;-25;2;-24;3;-24;4;-23;4;-22;6;-22;7;-22;8;-21;3;-8;1;-3;-1;0;0;0;0;0;-1;-2;-2;-5;-4;-14;-4;-14;-4;-15;-3;-15;-3;-16;-3;-17;-2;-18;-2;-19;-2;-20;-1;-20;-1;-21;-1;-22;0;-23;0;-23;1;-24;1;-24;1;-24;1;-25;1;-26;1;-27;1;-28;1;-28;1;-29;1;-30;0;-31;0;-32;0;-33;0;-34,transition,EXP_S151,ZONE_02,sortie_zone,4.1,sortie_zone,sortie de la zone
959052258,-53,6,a0:9f:7a:73:2b:3e,384,-110;-96;8;0;32;22;29;21;26;19;24;15;22;11;22;6;23;1;25;-2;29;-4;32;-4;34;-3;35;-1;35;1;34;4;32;6;28;7;25;6;21;4;18;1;17;-3;17;-6;18;-9;20;-10;23;-11;26;-10;6;-3;0;0;0;0;0;0;0;0;0;0;0;0;0;0;0;0;0;0;3;4;14;20;12;23;8;25;4;26;1;24;-1;22;-1;18;0;15;3;12;7;11;12;12;16;14;19;17;20;20;20;24;19;26;17;28;16;27;15;25;15;23;17;20;20;17;23;16;27;15;31;16;34;17;-103;0;6;3;6;3;5;3;5;4;4;4;3;5;2;6;2;7;2;8;3;8;2;7;1;7;0;8;-1;8;-1;9;-1;9;-1;9;-1;9;-2;8;-2;7;-3;7;-4;7;-4;7;-5;7;-4;7;-4;6;-5;6;-5;5;-2;1;-1;0;0;-1;0;0;0;0;-2;-1;-4;-1;-11;-2;-11;-3;-11;-4;-10;-5;-10;-5;-9;-6;-8;-7;-7;-8;-7;-9;-6;-9;-6;-9;-5;-9;-4;-8;-3;-8;-2;-8;-1;-9;0;-8;0;-8;0;-7;1;-6;2;-5;3;-4;4;-4;5;-4;5;-3;4;-3;4;-2;4;-1;-103;0;27;19;27;19;26;18;26;18;25;17;25;17;24;16;24;16;23;15;23;15;22;15;22;14;22;14;22;14;22;14;21;14;21;14;21;15;20;15;19;16;19;16;17;16;16;16;16;17;15;17;14;18;12;19;11;19;4;7;1;2;-1;-1;-1;-1;-1;-1;1;0;4;1;14;3;14;3;14;4;14;4;15;5;15;6;16;7;17;7;17;8;18;9;18;9;18;10;19;11;19;12;19;13;19;13;20;14;20;14;21;14;22;14;23;15;23;15;24;16;25;16;26;17;26;18;27;18;28;19,transition,EXP_S151,ZONE_02,sortie_zone,4.1,sortie_zone,sortie de la zone
959254295,-53,6,a0:9f:7a:73:2b:3e,384,-110;-96;8;0;-36;14;-34;12;-30;11;-26;11;-21;12;-17;15;-14;18;-12;22;-12;25;-12;28;-14;30;-17;31;-19;30;-21;27;-21;24;-20;21;-18;18;-15;16;-11;15;-7;15;-4;17;-2;19;-1;22;-1;25;-3;27;-1;6;0;0;0;0;0;0;0;0;0;0;0;0;0;0;0;0;0;0;-7;-1;-25;-3;-26;-6;-25;-10;-23;-14;-20;-15;-16;-15;-14;-13;-12;-10;-12;-5;-14;-1;-17;2;-21;4;-25;5;-29;4;-32;2;-33;0;-33;-2;-32;-3;-30;-3;-28;-2;-26;2;-26;5;-26;9;-28;13;-30;17;-33;18;-109;0;-6;3;-6;3;-6;3;-6;2;-7;2;-7;1;-8;0;-8;-1;-9;-1;-9;-1;-9;-1;-9;-2;-8;-3;-8;-3;-8;-4;-9;-4;-9;-4;-8;-4;-8;-5;-7;-5;-7;-5;-7;-6;-6;-6;-6;-6;-6;-6;-6;-6;-5;-6;-5;-6;-2;-3;-1;-1;0;0;-1;0;-1;0;0;-1;2;-3;6;-8;7;-8;8;-7;8;-6;8;-6;9;-5;9;-4;9;-3;9;-2;10;-1;9;-1;9;0;8;0;8;1;7;2;7;3;6;3;6;4;5;4;4;4;3;4;2;4;1;5;1;5;0;5;-1;5;-2;4;-2;4;-109;0;-29;15;-28;15;-28;15;-27;15;-27;15;-26;15;-25;15;-24;15;-23;15;-22;15;-22;15;-21;15;-21;15;-21;15;-21;15;-22;14;-22;14;-22;14;-22;13;-22;12;-22;11;-22;11;-21;10;-21;9;-21;8;-21;7;-22;6;-22;5;-8;1;-3;0;0;-1;0;-1;0;-1;-2;1;-4;3;-11;9;-11;9;-12;9;-12;9;-13;9;-14;9;-15;9;-16;10;-17;10;-17;10;-18;10;-19;10;-20;10;-20;10;-21;10;-21;10;-22;10;-22;11;-23;11;-23;12;-24;12;-25;13;-26;14;-27;14;-27;15;-28;16;-28;16;-29;17,transition,EXP_S151,ZONE_02,sortie_zone,4.1,sortie_zone,sortie de la zone
959452812,-53,6,a0:9f:7a:73:2b:3e,384,-110;-96;8;0;-14;-37;-12;-35;-11;-31;-11;-27;-12;-22;-15;-18;-19;-15;-23;-14;-26;-14;-29;-14;-31;-16;-31;-19;-30;-21;-27;-22;-24;-23;-21;-21;-18;-19;-16;-15;-16;-12;-16;-8;-18;-5;-20;-3;-23;-2;-26;-3;-28;-5;-7;-2;0;0;0;0;0;0;0;0;0;0;0;0;0;0;0;0;0;0;0;-7;2;-25;6;-26;10;-25;13;-23;15;-20;14;-17;13;-14;9;-12;5;-12;1;-14;-3;-17;-5;-21;-5;-26;-4;-30;-2;-32;0;-34;2;-33;3;-32;3;-30;2;-28;-1;-27;-5;-26;-9;-27;-13;-28;-16;-31;-18;-34;-111;0;-3;-6;-3;-7;-3;-7;-2;-7;-1;-7;0;-7;0;-8;1;-8;1;-8;1;-8;2;-8;2;-8;3;-8;4;-8;4;-8;5;-8;5;-8;5;-8;5;-7;5;-6;6;-6;6;-6;6;-6;6;-5;7;-5;6;-4;6;-4;6;-3;2;-1;0;-1;-1;0;-1;-1;-1;-1;0;0;2;3;5;9;4;9;3;9;3;9;2;9;1;9;0;9;-1;9;-2;9;-2;9;-3;9;-3;8;-4;7;-5;7;-5;6;-6;5;-6;5;-6;4;-6;4;-6;3;-6;2;-6;1;-6;0;-6;-1;-6;-1;-5;-2;-5;-3;-4;-3;-111;0;-10;-32;-10;-32;-10;-31;-10;-31;-10;-30;-10;-29;-10;-28;-10;-27;-11;-27;-11;-26;-11;-25;-12;-25;-12;-24;-12;-24;-12;-24;-12;-24;-11;-24;-11;-24;-10;-24;-9;-24;-8;-24;-8;-24;-7;-23;-7;-23;-6;-23;-4;-23;-3;-23;-2;-23;-1;-9;0;-3;0;0;0;0;0;0;-1;-2;-3;-5;-7;-13;-7;-14;-6;-14;-6;-15;-6;-15;-6;-16;-6;-17;-6;-18;-6;-19;-6;-20;-6;-21;-6;-22;-6;-22;-5;-23;-5;-23;-5;-24;-5;-24;-6;-25;-6;-25;-6;-26;-7;-27;-7;-28;-8;-29;-8;-29;-9;-30;-10;-31;-10;-32;-10;-33,transition,EXP_S151,ZONE_02,sortie_zone,4.1,sortie_zone,sortie de la zone
959657302,-54,6,a0:9f:7a:73:2b:3e,384,-110;-96;8;0;29;-8;27;-7;24;-6;21;-7;17;-8;14;-11;12;-14;11;-17;11;-20;12;-22;13;-24;16;-24;17;-23;18;-21;18;-18;17;-15;15;-13;12;-12;9;-11;6;-12;3;-14;2;-16;1;-18;2;-20;3;-22;1;-6;0;0;0;0;0;0;0;0;0;0;0;0;0;0;0;0;0;0;4;1;19;5;19;8;18;11;15;14;13;15;10;14;8;12;7;9;8;5;9;2;12;0;16;-1;20;-1;23;0;25;2;25;4;25;6;23;6;22;6;21;4;20;2;20;-2;21;-5;23;-8;25;-10;27;-11;-104;0;10;-7;10;-7;9;-7;9;-6;9;-4;10;-1;12;1;13;2;14;2;14;1;14;1;12;2;11;4;11;6;12;7;13;8;13;8;13;7;12;7;10;8;8;9;7;10;7;10;8;10;8;10;7;10;7;9;5;9;1;3;0;1;-1;-1;0;-1;0;-1;-2;1;-5;4;-12;12;-13;12;-14;12;-15;10;-15;8;-15;6;-16;4;-17;3;-18;1;-18;1;-18;0;-17;0;-15;-2;-14;-4;-13;-6;-13;-8;-13;-8;-12;-8;-10;-7;-8;-7;-6;-7;-3;-9;-2;-10;-1;-11;-1;-11;0;-10;1;-8;2;-7;-104;0;46;-22;45;-23;45;-23;44;-23;43;-22;42;-22;40;-21;39;-21;37;-21;36;-21;35;-21;35;-21;35;-21;35;-21;35;-20;34;-20;34;-20;34;-20;35;-19;35;-18;35;-16;35;-14;34;-13;34;-12;34;-10;34;-8;35;-6;35;-4;12;-2;4;0;-2;0;-2;0;-1;0;1;-2;5;-6;16;-15;17;-15;17;-15;18;-16;20;-16;21;-16;23;-16;25;-16;26;-17;27;-17;28;-17;29;-17;31;-17;32;-16;33;-16;34;-16;34;-16;35;-17;36;-18;37;-19;39;-20;40;-20;41;-21;42;-21;43;-22;44;-23;46;-24;47;-25,transition,EXP_S151,ZONE_02,sortie_zone,4.1,sortie_zone,sortie de la zone
959852442,-53,6,a0:9f:7a:73:2b:3e,384,-110;-96;8;0;12;-36;12;-33;11;-30;8;-26;4;-23;0;-22;-5;-22;-9;-23;-12;-25;-13;-28;-13;-31;-12;-33;-10;-34;-7;-33;-4;-32;-2;-29;-2;-25;-2;-21;-5;-18;-7;-16;-11;-15;-14;-15;-16;-16;-18;-19;-18;-21;-5;-6;0;0;0;0;0;0;0;0;0;0;0;0;0;0;0;0;0;0;3;-5;16;-18;19;-16;22;-13;23;-10;23;-7;21;-4;17;-3;14;-4;11;-6;9;-10;8;-14;9;-18;11;-22;15;-24;18;-25;20;-25;21;-23;21;-22;20;-20;18;-20;15;-21;12;-23;9;-26;7;-29;6;-33;7;-35;-103;0;0;-7;0;-8;0;-8;1;-7;2;-6;3;-6;4;-6;5;-6;6;-6;6;-7;5;-6;6;-5;6;-5;7;-4;8;-3;8;-3;8;-3;8;-3;7;-3;7;-2;7;-1;7;0;8;0;8;0;8;0;7;0;7;1;6;1;2;0;0;0;-1;-1;-1;-1;-1;-1;0;0;1;3;2;9;1;9;1;10;0;10;-1;9;-2;9;-3;8;-4;8;-5;8;-6;8;-6;7;-6;7;-6;6;-6;4;-7;3;-8;3;-8;2;-8;2;-7;1;-6;0;-6;-1;-5;-2;-5;-3;-6;-4;-5;-4;-5;-4;-4;-4;-3;-4;-103;0;7;-31;7;-31;7;-31;6;-30;6;-29;6;-29;6;-28;5;-27;4;-26;4;-26;4;-26;4;-25;4;-25;4;-25;4;-25;4;-25;5;-25;5;-24;6;-24;6;-24;7;-23;8;-23;8;-22;9;-21;10;-20;11;-20;12;-19;13;-18;5;-7;1;-2;-1;0;0;0;0;0;-1;-2;-1;-5;-3;-14;-2;-14;-2;-15;-1;-15;-1;-16;-1;-17;0;-18;0;-19;1;-19;1;-20;2;-20;2;-21;3;-22;4;-22;4;-23;5;-23;5;-23;5;-24;5;-25;5;-25;5;-26;5;-27;5;-28;5;-29;6;-30;6;-31;6;-31;7;-32,transition,EXP_S151,ZONE_02,sortie_zone,4.1,sortie_zone,sortie de la zone
960052377,-53,6,a0:9f:7a:73:2b:3e,384,-110;-96;8;0;-38;-8;-35;-9;-31;-8;-27;-5;-23;-1;-21;4;-21;9;-22;13;-23;16;-26;18;-29;18;-31;18;-33;16;-33;13;-31;10;-28;7;-25;6;-20;6;-16;7;-13;10;-11;13;-11;17;-12;19;-14;22;-16;23;-5;5;0;0;0;0;0;0;0;0;0;0;0;0;0;0;0;0;0;0;-5;-4;-18;-17;-17;-20;-14;-23;-11;-24;-7;-24;-5;-21;-4;-18;-4;-15;-7;-11;-10;-9;-15;-8;-19;-9;-23;-11;-26;-14;-27;-17;-26;-19;-25;-21;-23;-21;-22;-19;-22;-16;-23;-13;-24;-9;-27;-6;-31;-4;-35;-4;-37;-3;-113;0;-8;-2;-8;-2;-8;-3;-7;-3;-7;-4;-6;-5;-6;-6;-6;-7;-7;-7;-7;-8;-6;-8;-5;-8;-5;-8;-4;-9;-4;-10;-4;-10;-4;-10;-3;-10;-3;-10;-2;-9;-1;-9;0;-9;0;-9;0;-9;0;-9;0;-9;1;-9;1;-8;0;-3;0;-1;-1;0;-1;0;-1;-1;1;-1;3;-1;10;-1;10;0;10;0;10;1;9;2;9;3;8;4;8;5;7;5;7;6;7;6;6;6;5;6;4;6;2;7;2;7;1;7;1;7;0;6;0;5;-1;5;-3;4;-4;4;-4;4;-5;4;-5;3;-5;2;-5;1;-113;0;-31;-10;-31;-9;-31;-9;-30;-9;-30;-8;-29;-7;-28;-7;-28;-6;-27;-6;-26;-5;-26;-5;-26;-5;-26;-5;-26;-5;-26;-5;-26;-5;-26;-5;-26;-6;-25;-6;-25;-6;-24;-7;-23;-8;-23;-8;-22;-9;-22;-10;-21;-11;-20;-12;-20;-13;-7;-5;-2;-2;0;0;0;0;0;0;-2;0;-5;-1;-14;-1;-14;-2;-15;-2;-15;-2;-16;-3;-17;-3;-18;-4;-18;-4;-19;-4;-20;-5;-20;-6;-21;-6;-21;-7;-21;-8;-22;-8;-22;-8;-22;-8;-23;-8;-24;-8;-25;-8;-26;-8;-27;-8;-28;-8;-29;-8;-30;-9;-30;-9;-31;-9;-32;-10,transition,EXP_S151,ZONE_02,sortie_zone,4.1,sortie_zone,sortie de la zone
960252728,-53,6,a0:9f:7a:73:2b:3e,384,-110;-96;8;0;-34;-15;-31;-15;-27;-13;-24;-10;-22;-5;-21;0;-21;4;-23;8;-25;11;-28;13;-31;13;-33;11;-34;8;-34;6;-31;3;-28;1;-24;1;-20;2;-17;4;-14;7;-13;10;-13;14;-15;17;-17;18;-20;19;-6;4;0;0;0;0;0;0;0;0;0;0;0;0;0;0;0;0;0;0;-4;-5;-14;-19;-12;-22;-9;-24;-5;-25;-2;-23;0;-21;0;-18;-1;-14;-4;-12;-8;-10;-13;-10;-17;-12;-20;-14;-21;-18;-22;-21;-21;-23;-19;-24;-18;-23;-17;-22;-17;-19;-18;-16;-21;-13;-25;-11;-29;-9;-32;-9;-35;-10;-111;0;-7;-3;-7;-3;-7;-3;-7;-4;-6;-5;-6;-6;-6;-6;-6;-7;-5;-8;-5;-8;-5;-8;-4;-8;-4;-9;-3;-9;-3;-10;-3;-10;-2;-10;-2;-10;-1;-10;-1;-10;0;-9;0;-9;0;-9;1;-9;1;-9;2;-9;2;-8;2;-8;0;-3;0;-1;-1;0;-1;0;-1;-1;1;-1;3;-1;9;0;9;0;9;1;9;2;8;3;8;4;7;4;7;5;6;6;6;6;5;6;4;6;4;6;3;6;2;6;1;6;0;6;0;6;-1;6;-2;5;-2;5;-3;4;-4;3;-4;3;-5;2;-5;2;-5;1;-5;0;-111;0;-29;-12;-29;-12;-29;-11;-28;-11;-27;-10;-27;-10;-26;-9;-26;-9;-25;-8;-25;-7;-25;-7;-25;-6;-25;-6;-25;-6;-25;-7;-24;-7;-24;-7;-24;-8;-24;-8;-23;-9;-23;-9;-22;-9;-22;-10;-21;-10;-20;-11;-20;-12;-19;-13;-18;-14;-7;-5;-2;-2;0;0;0;0;0;0;-2;-1;-5;-1;-13;-2;-14;-2;-14;-3;-14;-3;-15;-4;-16;-4;-16;-5;-17;-6;-18;-6;-18;-7;-19;-7;-19;-8;-20;-8;-20;-9;-20;-9;-21;-10;-21;-10;-21;-10;-22;-10;-23;-10;-24;-10;-25;-10;-26;-11;-27;-11;-27;-11;-28;-11;-29;-11;-30;-11,transition,EXP_S151,ZONE_02,sortie_zone,4.1,sortie_zone,sortie de la zone
960452285,-53,6,a0:9f:7a:73:2b:3e,384,-110;-96;8;0;-14;34;-14;31;-12;27;-9;24;-5;21;0;20;5;21;9;22;12;25;14;28;13;30;12;32;9;34;6;33;4;31;2;28;1;24;2;20;4;16;7;13;11;12;14;13;17;14;19;17;19;19;4;5;0;0;0;0;0;0;0;0;0;0;0;0;0;0;0;0;0;0;-5;3;-18;14;-21;12;-24;9;-25;6;-24;3;-21;1;-18;0;-14;2;-11;4;-10;8;-10;12;-11;17;-14;20;-17;21;-20;22;-22;21;-23;20;-23;19;-21;18;-19;18;-15;19;-12;21;-10;25;-9;29;-9;32;-9;35;-106;0;-3;7;-3;7;-3;6;-4;6;-5;5;-6;5;-7;5;-8;5;-8;5;-8;5;-8;4;-8;4;-9;3;-9;2;-10;2;-10;1;-10;1;-10;1;-10;0;-9;0;-9;-1;-9;-2;-9;-2;-9;-2;-9;-2;-9;-3;-8;-3;-8;-4;-3;-2;-1;-1;0;0;0;0;-1;0;-1;-2;-1;-4;-2;-10;-1;-11;-1;-11;0;-11;1;-10;2;-10;3;-9;4;-9;5;-8;5;-8;6;-8;6;-7;6;-6;6;-5;6;-4;7;-3;7;-2;6;-2;6;-1;5;0;4;1;4;2;4;3;4;4;3;4;2;4;1;4;0;4;-106;0;-10;29;-10;29;-10;29;-9;28;-9;28;-9;27;-8;26;-8;26;-7;25;-7;24;-7;24;-7;24;-7;24;-7;24;-7;24;-7;24;-8;23;-8;23;-9;23;-9;23;-10;22;-10;21;-11;20;-11;20;-12;19;-13;18;-14;17;-15;17;-6;6;-2;1;0;-1;-1;-1;0;-1;0;1;0;4;0;12;0;13;-1;13;-1;14;-1;14;-2;15;-2;16;-3;17;-3;17;-4;18;-4;19;-5;19;-5;20;-6;20;-7;21;-7;21;-7;21;-7;22;-7;23;-8;24;-8;24;-8;25;-8;26;-8;27;-9;28;-9;29;-9;29;-10;30,transition,EXP_S151,ZONE_02,sortie_zone,4.1,sortie_zone,sortie de la zone
960654794,-53,6,a0:9f:7a:73:2b:3e,384,-110;-96;8;0;-4;-37;-3;-34;-3;-30;-5;-26;-7;-21;-11;-18;-15;-16;-20;-16;-23;-17;-26;-19;-27;-22;-26;-24;-25;-26;-22;-26;-19;-26;-16;-24;-13;-21;-12;-17;-13;-12;-14;-9;-17;-6;-20;-5;-23;-5;-25;-7;-27;-8;-7;-3;0;0;0;0;0;0;0;0;0;0;0;0;0;0;0;0;0;0;2;-6;9;-21;12;-21;16;-19;18;-16;18;-13;17;-10;14;-9;11;-8;7;-10;4;-12;2;-16;2;-20;3;-24;4;-27;7;-29;9;-30;10;-29;11;-27;9;-26;7;-25;4;-24;0;-25;-4;-27;-6;-30;-8;-33;-8;-36;-113;0;-2;-8;-2;-8;-2;-8;-1;-8;0;-8;1;-8;2;-8;3;-9;3;-9;3;-9;3;-9;4;-8;4;-8;5;-8;6;-7;7;-7;7;-7;6;-7;6;-6;6;-6;7;-5;7;-5;8;-4;8;-4;8;-4;7;-4;7;-3;7;-2;2;-1;0;-1;-1;0;-1;-1;-1;-1;0;0;1;3;5;8;4;8;3;9;3;9;2;9;1;9;0;9;-1;9;-2;9;-3;9;-3;8;-3;8;-4;7;-5;6;-5;5;-6;4;-6;4;-6;4;-6;3;-5;2;-5;1;-6;-1;-6;-2;-6;-2;-6;-3;-5;-3;-4;-4;-3;-4;-113;0;-7;-31;-7;-31;-7;-30;-7;-29;-7;-29;-8;-28;-8;-27;-8;-26;-8;-25;-9;-25;-9;-24;-9;-24;-9;-24;-9;-24;-9;-24;-8;-24;-8;-24;-8;-24;-7;-24;-6;-24;-6;-24;-5;-24;-4;-23;-4;-23;-3;-23;-1;-23;0;-23;2;-23;0;-8;0;-3;0;0;0;0;0;0;-1;-2;-3;-5;-6;-12;-6;-12;-6;-13;-6;-13;-6;-14;-6;-15;-6;-16;-6;-17;-6;-18;-6;-18;-6;-19;-5;-20;-5;-21;-5;-21;-4;-22;-4;-22;-4;-23;-4;-23;-5;-24;-5;-25;-6;-25;-6;-26;-6;-27;-7;-28;-7;-29;-8;-30;-8;-31;-8;-31,transition,EXP_S151,ZONE_02,sortie_zone,4.1,sortie_zone,sortie de la zone
960857713,-53,6,a0:9f:7a:73:2b:3e,384,-110;-96;8;0;-21;30;-20;27;-17;24;-14;21;-9;20;-4;19;1;21;4;23;7;26;8;29;7;32;5;34;2;34;0;33;-3;31;-4;27;-4;23;-2;19;1;16;5;14;8;14;12;14;14;16;15;19;15;22;3;5;0;0;0;0;0;0;0;0;0;0;0;0;0;0;0;0;0;0;-5;2;-21;9;-23;6;-25;3;-25;-1;-23;-3;-20;-5;-17;-4;-14;-2;-12;1;-11;5;-12;10;-14;13;-18;16;-21;17;-24;16;-26;15;-27;14;-26;13;-25;12;-22;13;-19;14;-17;17;-15;21;-15;25;-15;29;-16;32;-112;0;-4;5;-4;5;-5;5;-5;5;-6;4;-7;4;-8;3;-8;3;-9;3;-9;3;-9;2;-9;2;-9;1;-10;0;-10;0;-10;-1;-10;-1;-10;-1;-10;-2;-9;-2;-9;-3;-9;-3;-9;-3;-9;-4;-8;-4;-8;-4;-7;-4;-7;-5;-3;-2;-1;-1;0;0;-1;0;-1;0;0;-2;0;-4;1;-10;2;-10;3;-10;4;-9;5;-9;5;-8;6;-8;6;-7;7;-6;7;-6;7;-5;7;-4;7;-3;7;-3;7;-2;7;-1;6;0;6;0;6;1;5;2;4;2;3;3;3;3;2;4;1;4;1;4;0;5;-1;5;-112;0;-17;26;-17;25;-16;25;-16;24;-15;24;-14;24;-14;23;-13;23;-13;22;-12;22;-12;22;-12;22;-12;22;-11;22;-11;22;-12;22;-12;21;-12;21;-13;21;-13;20;-13;19;-13;18;-14;18;-14;17;-15;16;-16;16;-17;15;-18;14;-7;4;-3;1;0;-1;0;-1;0;-1;-1;1;-2;4;-4;12;-5;12;-5;12;-6;13;-6;13;-7;13;-7;14;-8;15;-9;15;-9;16;-10;16;-10;16;-11;16;-12;17;-13;17;-13;18;-13;18;-13;19;-13;19;-14;20;-14;21;-15;22;-15;22;-15;23;-15;24;-16;25;-16;26;-17;26,transition,EXP_S151,ZONE_02,sortie_zone,4.1,sortie_zone,sortie de la zone
961052696,-53,6,a0:9f:7a:73:2b:3e,384,-110;-96;8;0;8;35;6;32;6;28;7;23;9;19;12;15;16;12;21;11;24;12;27;13;29;15;29;18;28;20;25;21;22;21;18;20;16;17;14;13;13;9;14;5;16;2;19;0;22;-1;25;0;27;1;6;0;0;0;0;0;0;0;0;0;0;0;0;0;0;0;0;0;0;0;-2;5;-9;20;-12;20;-16;19;-18;16;-19;13;-18;10;-15;8;-11;7;-7;8;-4;11;-2;15;0;19;-1;23;-3;26;-5;28;-7;29;-9;28;-9;27;-8;25;-6;24;-2;23;2;23;6;25;9;27;11;30;12;33;-112;0;1;6;1;6;0;6;0;7;-1;7;-1;7;-2;7;-2;7;-3;8;-3;7;-4;7;-4;7;-5;7;-6;7;-6;7;-7;7;-7;7;-7;6;-8;6;-8;6;-8;5;-8;5;-8;4;-8;4;-8;3;-8;3;-8;2;-8;2;-3;0;-1;0;0;-1;0;0;0;0;-1;-1;-2;-4;-5;-9;-5;-10;-4;-10;-3;-10;-2;-10;-1;-10;0;-10;0;-10;1;-10;2;-9;2;-9;3;-8;3;-8;4;-7;4;-6;5;-5;5;-5;5;-4;5;-4;5;-3;5;-2;5;-1;5;-1;4;0;4;1;4;2;3;3;3;3;-112;0;7;29;7;29;7;28;7;27;8;27;8;26;8;25;8;25;8;24;9;23;9;23;9;22;9;22;9;22;9;22;9;22;9;22;8;22;8;22;7;22;7;22;6;22;6;21;5;21;4;21;3;21;1;21;0;22;0;8;-1;2;-1;-1;-1;-1;-1;-1;0;1;1;4;4;11;4;11;4;12;4;13;4;13;4;14;4;15;4;15;4;16;4;17;3;18;3;19;3;19;3;20;3;20;3;21;3;21;3;22;4;22;4;23;5;24;5;25;5;26;6;26;6;27;7;28;7;29;8;29,transition,EXP_S151,ZONE_02,sortie_zone,4.1,sortie_zone,sortie de la zone
961252541,-53,6,a0:9f:7a:73:2b:3e,384,-110;-96;8;0;-37;-4;-34;-5;-31;-4;-27;-2;-24;1;-21;6;-21;10;-21;14;-22;17;-24;19;-27;20;-29;19;-31;17;-31;14;-30;11;-27;8;-24;7;-20;7;-16;8;-13;10;-11;13;-10;16;-11;19;-13;21;-16;22;-5;5;0;0;0;0;0;0;0;0;0;0;0;0;0;0;0;0;0;0;-6;-3;-20;-13;-20;-16;-18;-19;-14;-21;-11;-22;-8;-20;-7;-17;-7;-14;-8;-10;-11;-7;-15;-6;-20;-5;-24;-7;-27;-9;-28;-12;-28;-15;-27;-16;-26;-16;-24;-15;-24;-13;-24;-10;-25;-6;-27;-3;-30;0;-34;1;-37;1;-109;0;-7;-1;-7;-1;-7;-2;-7;-2;-7;-3;-7;-4;-7;-5;-7;-6;-7;-6;-7;-6;-7;-6;-6;-7;-5;-7;-5;-8;-5;-9;-5;-9;-4;-9;-4;-9;-4;-9;-3;-8;-2;-8;-1;-9;-1;-9;-1;-9;-1;-9;-1;-8;-1;-8;0;-8;0;-3;0;-1;0;0;-1;0;-1;0;0;-1;3;-1;9;-3;9;-3;9;-2;9;-1;9;0;9;1;8;2;8;3;8;4;8;4;7;4;7;4;6;5;5;5;4;5;3;6;3;6;2;6;1;5;0;5;-1;4;-2;4;-2;4;-3;4;-4;4;-4;3;-4;2;-4;1;-109;0;-32;-4;-32;-4;-31;-4;-31;-3;-30;-3;-29;-3;-29;-3;-28;-2;-27;-2;-26;-1;-26;-1;-26;-1;-26;-1;-26;-1;-26;-1;-26;-1;-26;-1;-26;-2;-25;-2;-25;-3;-24;-3;-23;-4;-23;-5;-23;-5;-22;-6;-22;-7;-21;-8;-21;-9;-8;-4;-3;-2;0;0;0;-1;0;-1;-2;0;-5;0;-14;1;-14;1;-15;1;-15;0;-16;0;-17;0;-17;-1;-18;-1;-19;-2;-19;-2;-20;-2;-21;-3;-21;-3;-22;-4;-22;-4;-23;-4;-23;-4;-23;-4;-24;-4;-25;-4;-26;-4;-27;-4;-28;-4;-29;-4;-30;-4;-31;-4;-32;-4;-33;-4,transition,EXP_S151,ZONE_02,sortie_zone,4.1,sortie_zone,sortie de la zone
961454035,-53,6,a0:9f:7a:73:2b:3e,384,-110;-96;8;0;21;30;19;28;18;25;17;21;17;16;19;12;21;8;25;6;28;5;31;5;33;7;33;9;33;12;31;14;27;15;24;14;21;12;18;9;17;6;17;2;18;-1;20;-3;22;-4;25;-4;27;-3;7;-1;0;0;0;0;0;0;0;0;0;0;0;0;0;0;0;0;0;0;1;5;3;24;0;25;-4;26;-8;25;-10;22;-11;19;-10;16;-7;13;-3;12;1;12;5;14;8;17;10;21;10;25;9;28;7;30;5;31;4;30;4;28;5;26;7;24;11;23;15;22;19;23;22;25;24;27;-115;0;4;4;4;4;4;4;3;4;2;5;1;5;1;6;1;7;1;8;1;8;0;8;0;7;-1;7;-3;7;-3;8;-3;8;-3;9;-3;8;-3;7;-4;7;-4;6;-5;6;-6;6;-6;6;-6;6;-5;5;-5;5;-5;4;-2;1;-1;0;0;-1;0;0;0;0;-2;-1;-4;-2;-10;-5;-10;-6;-9;-7;-9;-7;-8;-8;-7;-8;-6;-8;-5;-9;-5;-10;-4;-10;-4;-10;-3;-10;-2;-9;-1;-9;0;-8;1;-8;1;-8;2;-8;1;-7;2;-6;2;-5;3;-4;4;-3;5;-3;5;-3;4;-2;4;-1;3;0;-115;0;21;23;21;22;21;22;21;21;21;21;21;20;20;19;20;18;20;18;19;17;19;17;19;17;19;17;19;17;19;17;19;17;18;17;18;17;18;17;17;18;16;18;15;18;14;18;13;18;12;19;11;19;10;20;9;21;3;7;0;2;-1;-1;-1;-1;-1;-1;1;0;4;2;11;7;11;8;11;8;11;9;12;10;12;10;12;11;13;12;13;13;13;13;14;14;14;15;14;15;14;16;14;17;14;17;14;18;15;18;16;18;17;19;17;19;18;19;19;20;19;20;20;21;21;22;21;23;22;23,transition,EXP_S151,ZONE_02,sortie_zone,4.1,sortie_zone,sortie de la zone
961652487,-53,6,a0:9f:7a:73:2b:3e,384,-110;-96;8;0;-33;-17;-31;-17;-28;-15;-25;-12;-23;-7;-23;-3;-24;1;-27;5;-29;6;-32;7;-35;6;-36;4;-36;2;-35;-1;-33;-3;-29;-4;-25;-4;-22;-2;-19;1;-18;4;-18;8;-19;10;-22;12;-25;12;-27;12;-7;2;0;0;0;0;0;0;0;0;0;0;0;0;0;0;0;0;0;0;-5;-5;-17;-19;-15;-22;-12;-25;-8;-26;-5;-25;-2;-23;-1;-20;-2;-16;-5;-13;-8;-11;-13;-11;-17;-12;-20;-15;-22;-18;-23;-21;-22;-24;-21;-25;-19;-25;-18;-24;-18;-21;-19;-18;-22;-16;-25;-14;-28;-13;-32;-13;-34;-14;-105;0;-6;-3;-7;-3;-6;-3;-6;-4;-5;-4;-5;-5;-4;-7;-4;-7;-5;-8;-5;-8;-4;-8;-3;-8;-2;-8;-1;-9;-1;-10;-1;-10;-1;-10;-1;-10;0;-9;0;-8;1;-8;2;-8;3;-8;3;-9;3;-9;3;-8;3;-7;3;-7;1;-3;0;-1;-1;0;-1;0;-1;-1;1;-1;3;-1;10;-2;10;-2;10;-1;10;0;9;1;9;2;8;3;8;4;8;5;8;5;7;6;7;6;5;6;4;6;3;6;2;7;2;7;2;6;1;6;0;5;-1;4;-2;4;-3;4;-4;4;-4;3;-4;3;-4;1;-4;0;-105;0;-31;-11;-30;-11;-30;-11;-30;-11;-29;-11;-28;-10;-28;-10;-27;-9;-27;-9;-26;-8;-26;-8;-26;-8;-26;-8;-26;-8;-26;-9;-25;-9;-25;-10;-25;-10;-25;-11;-24;-12;-23;-12;-22;-13;-21;-13;-20;-14;-19;-15;-18;-16;-17;-17;-16;-18;-6;-7;-2;-3;0;0;0;-1;0;0;-2;0;-6;0;-14;0;-15;0;-15;-1;-16;-1;-17;-2;-17;-2;-18;-3;-19;-3;-19;-4;-20;-4;-20;-5;-21;-6;-21;-6;-22;-7;-22;-8;-22;-8;-22;-8;-23;-8;-24;-9;-25;-9;-26;-9;-27;-9;-28;-9;-28;-9;-29;-10;-30;-10;-31;-11;-32;-11,transition,EXP_S151,ZONE_02,sortie_zone,4.1,sortie_zone,sortie de la zone
961852611,-54,6,a0:9f:7a:73:2b:3e,384,-110;-96;8;0;13;-27;13;-25;11;-22;8;-20;4;-19;0;-19;-3;-20;-6;-22;-7;-24;-7;-26;-7;-28;-5;-29;-3;-29;-1;-28;1;-26;2;-23;2;-20;0;-17;-3;-15;-6;-14;-8;-14;-11;-15;-12;-17;-12;-19;-12;-21;-3;-6;0;0;0;0;0;0;0;0;0;0;0;0;0;0;0;0;0;0;3;-4;15;-13;17;-11;19;-9;20;-6;19;-3;17;-1;14;0;12;-1;9;-4;8;-7;8;-10;9;-14;11;-16;14;-18;16;-18;18;-18;19;-17;19;-16;18;-15;16;-15;14;-16;12;-18;10;-20;9;-23;10;-26;10;-28;-101;0;5;-9;5;-9;5;-8;6;-7;7;-6;8;-5;10;-5;11;-5;12;-5;12;-5;12;-5;12;-4;12;-2;13;-1;14;0;15;0;15;0;14;1;13;1;13;3;12;4;12;5;12;5;12;5;11;5;11;5;10;6;9;6;3;2;0;0;-1;-1;0;-2;0;-1;0;1;-1;5;-2;16;-3;16;-5;16;-6;16;-7;15;-8;13;-10;12;-11;11;-12;10;-13;10;-13;9;-13;8;-12;7;-12;5;-12;3;-13;2;-13;1;-12;1;-11;0;-9;-1;-8;-3;-7;-4;-6;-6;-6;-7;-5;-7;-4;-7;-2;-7;-1;-6;-101;0;24;-46;23;-46;23;-45;22;-44;21;-44;21;-43;20;-42;19;-41;18;-41;17;-40;16;-40;16;-40;16;-40;16;-40;16;-40;17;-39;18;-39;18;-39;19;-38;20;-37;21;-36;21;-34;22;-33;23;-32;24;-31;26;-29;28;-27;29;-26;10;-9;3;-3;-1;0;-1;1;-1;0;0;-3;1;-8;4;-23;4;-23;5;-24;6;-24;7;-25;8;-26;9;-28;10;-29;11;-30;12;-30;13;-31;14;-31;16;-31;17;-32;18;-32;18;-33;19;-33;19;-34;19;-35;20;-37;20;-38;21;-40;21;-41;21;-42;22;-43;22;-45;23;-47;23;-48,transition,EXP_S151,ZONE_02,sortie_zone,4.1,sortie_zone,sortie de la zone
962054163,-53,6,a0:9f:7a:73:2b:3e,384,-110;-96;8;0;-7;36;-7;33;-6;29;-3;26;0;23;5;22;9;22;13;23;16;25;18;27;17;30;16;32;13;33;10;33;7;31;5;28;4;24;5;20;7;16;10;14;14;13;17;13;19;15;21;18;21;20;5;5;0;0;0;0;0;0;0;0;0;0;0;0;0;0;0;0;0;0;-3;5;-14;21;-17;19;-21;17;-23;13;-23;10;-21;7;-18;5;-15;5;-11;7;-8;10;-7;14;-7;19;-8;23;-11;25;-14;27;-16;27;-18;26;-18;25;-17;23;-15;22;-12;23;-9;25;-6;27;-4;30;-3;33;-3;36;-108;0;-2;6;-2;6;-2;6;-3;5;-3;5;-5;5;-6;5;-7;5;-7;5;-7;5;-7;5;-7;4;-8;3;-9;2;-10;2;-10;2;-10;2;-10;2;-9;1;-9;0;-9;0;-9;-1;-9;-2;-9;-2;-9;-2;-9;-2;-8;-2;-7;-3;-3;-1;-1;-1;0;0;0;0;0;0;-1;-1;-2;-4;-5;-10;-4;-11;-3;-11;-3;-11;-2;-11;0;-10;1;-10;2;-10;3;-10;3;-10;3;-10;4;-9;4;-8;4;-7;5;-6;6;-5;6;-4;6;-4;5;-3;4;-2;4;-1;4;0;4;1;4;2;4;2;3;2;2;2;1;3;-108;0;-3;31;-3;31;-3;31;-3;30;-3;30;-2;29;-2;28;-2;28;-1;27;-1;27;-1;27;-1;26;-1;26;-1;26;-2;26;-2;26;-3;26;-3;26;-4;26;-5;25;-6;25;-7;24;-8;23;-8;23;-9;22;-11;22;-12;21;-13;20;-5;7;-2;2;0;-1;-1;-1;-1;-1;0;1;1;4;4;13;4;13;3;14;3;14;3;15;2;16;2;17;2;18;1;18;1;19;1;20;0;21;0;21;-1;22;-2;22;-2;23;-2;23;-2;24;-2;24;-2;25;-2;26;-2;27;-2;28;-2;29;-2;30;-2;31;-2;31;-2;32,transition,EXP_S151,ZONE_02,sortie_zone,4.1,sortie_zone,sortie de la zone
962252157,-53,6,a0:9f:7a:73:2b:3e,384,-110;-96;8;0;24;-27;22;-25;19;-22;15;-21;11;-20;6;-22;2;-24;-1;-27;-2;-30;-3;-33;-2;-35;1;-37;4;-36;6;-34;8;-31;8;-27;7;-23;4;-20;1;-18;-3;-18;-7;-18;-10;-20;-12;-22;-12;-25;-11;-28;-3;-8;0;0;0;0;0;0;0;0;0;0;0;0;0;0;0;0;0;0;5;-3;22;-8;24;-5;26;-1;25;3;23;5;20;6;16;6;13;4;12;0;11;-5;12;-9;15;-12;19;-15;23;-16;26;-15;28;-13;28;-12;28;-11;26;-10;24;-11;22;-13;20;-15;18;-19;18;-24;19;-27;21;-29;-106;0;4;-4;4;-4;4;-4;5;-4;6;-3;6;-2;7;-2;7;-1;8;-1;8;-1;8;-1;8;0;8;1;8;1;8;2;9;2;8;2;8;3;8;3;8;3;7;4;7;4;7;4;6;5;6;5;6;5;5;5;5;5;1;2;0;0;-1;-1;0;-1;0;-1;-1;1;-2;3;-5;9;-6;8;-7;8;-7;7;-8;6;-8;6;-9;5;-9;4;-9;3;-10;3;-10;2;-9;1;-9;1;-9;0;-8;-1;-8;-2;-8;-2;-7;-3;-6;-3;-5;-3;-5;-3;-4;-4;-3;-4;-2;-4;-1;-5;-1;-5;0;-5;1;-5;-106;0;21;-23;21;-23;21;-23;20;-22;19;-22;19;-22;18;-22;17;-22;17;-21;16;-21;15;-21;15;-21;15;-21;15;-21;15;-21;15;-21;15;-21;16;-21;16;-20;17;-20;17;-19;17;-18;17;-18;17;-17;18;-16;18;-14;19;-13;20;-12;7;-5;2;-2;-1;0;-1;0;-1;0;0;-2;2;-5;7;-12;7;-12;8;-12;9;-12;9;-12;10;-13;11;-13;12;-14;12;-14;13;-14;14;-15;15;-15;15;-15;16;-15;16;-15;17;-15;17;-15;17;-16;18;-16;18;-17;19;-18;19;-19;19;-20;20;-20;20;-21;21;-22;21;-23;21;-23,transition,EXP_S151,ZONE_02,sortie_zone,4.1,sortie_zone,sortie de la zone
962452653,-53,6,a0:9f:7a:73:2b:3e,384,-110;-96;8;0;35;-8;32;-7;28;-7;24;-8;20;-11;17;-14;16;-18;15;-22;16;-25;18;-27;20;-28;23;-27;25;-25;25;-23;25;-19;23;-16;20;-14;16;-13;12;-14;9;-16;6;-18;5;-21;6;-24;8;-26;11;-28;3;-7;0;0;0;0;0;0;0;0;0;0;0;0;0;0;0;0;0;0;5;0;23;3;24;7;23;11;21;14;17;15;14;15;11;13;10;10;10;6;12;2;15;-1;19;-2;24;-2;27;-1;29;1;30;3;30;5;29;6;27;5;26;4;25;1;25;-3;26;-6;28;-9;31;-11;33;-12;-108;0;5;-1;5;-1;6;-1;6;0;6;1;6;2;6;3;6;4;6;4;6;4;6;4;6;5;5;5;5;6;5;7;5;7;5;8;4;8;3;7;3;7;2;8;1;8;1;8;1;8;1;8;0;8;0;7;-1;7;-1;2;-1;0;-1;-1;0;-1;0;-1;-1;0;-3;2;-8;6;-9;6;-9;5;-10;4;-10;3;-10;2;-10;1;-10;0;-10;-1;-10;-1;-10;-2;-9;-2;-9;-3;-8;-3;-7;-4;-7;-5;-6;-5;-5;-5;-5;-5;-4;-5;-3;-5;-1;-5;0;-5;0;-5;1;-5;1;-4;2;-4;2;-3;-108;0;30;-7;30;-7;29;-7;29;-7;28;-7;28;-7;27;-7;26;-7;26;-7;25;-7;25;-7;24;-8;25;-8;25;-7;25;-7;25;-7;25;-6;25;-5;25;-4;25;-3;25;-3;24;-2;24;-1;23;0;23;1;23;3;22;4;22;6;8;2;2;0;-1;-1;-1;0;-1;0;1;-1;3;-3;11;-9;11;-9;11;-8;12;-8;13;-8;14;-8;15;-8;16;-8;17;-8;17;-8;18;-7;19;-7;20;-7;20;-6;21;-6;22;-6;22;-6;22;-6;23;-6;24;-6;25;-7;26;-7;26;-7;27;-7;28;-8;29;-8;30;-8;30;-8,transition,EXP_S151,ZONE_02,sortie_zone,4.1,sortie_zone,sortie de la zone
962652545,-53,6,a0:9f:7a:73:2b:3e,384,-110;-96;8;0;17;-32;16;-30;14;-27;11;-24;6;-23;1;-23;-3;-24;-6;-26;-8;-29;-8;-32;-7;-34;-5;-36;-3;-36;-1;-35;1;-32;2;-29;2;-25;0;-22;-3;-19;-7;-18;-10;-18;-13;-19;-14;-21;-15;-24;-14;-26;-4;-7;0;0;0;0;0;0;0;0;0;0;0;0;0;0;0;0;0;0;4;-4;20;-14;22;-12;24;-8;25;-4;23;-1;21;1;17;1;14;0;11;-3;10;-7;11;-12;12;-16;15;-19;19;-20;22;-21;24;-20;25;-18;25;-17;23;-16;21;-17;18;-18;15;-20;14;-23;13;-27;14;-30;14;-33;-102;0;3;-6;3;-6;2;-6;3;-5;3;-4;5;-4;6;-3;7;-4;7;-4;7;-4;7;-4;7;-3;7;-2;8;-1;8;-1;9;-1;9;-1;9;-1;8;-1;7;0;7;1;7;2;7;2;8;2;7;2;7;2;6;2;6;3;2;1;0;0;-1;-1;0;-1;0;-1;-1;1;-1;3;-2;10;-3;10;-4;10;-4;9;-5;8;-6;8;-7;7;-7;6;-8;6;-9;6;-9;6;-8;5;-8;4;-8;3;-8;2;-8;1;-8;0;-8;0;-7;0;-6;-1;-5;-2;-4;-3;-4;-4;-4;-5;-4;-5;-3;-4;-2;-4;-1;-4;-102;0;13;-29;13;-29;12;-29;12;-28;11;-28;11;-27;10;-27;9;-26;9;-26;8;-25;8;-25;8;-25;8;-26;8;-26;8;-26;8;-25;8;-25;8;-25;9;-25;10;-25;10;-24;11;-23;11;-22;12;-21;12;-21;14;-20;15;-19;16;-18;5;-7;1;-2;-1;0;-1;0;-1;0;0;-2;1;-5;3;-14;3;-14;3;-14;4;-15;5;-15;5;-16;6;-16;7;-17;7;-17;8;-18;8;-18;9;-19;9;-19;10;-20;11;-20;11;-20;11;-20;11;-21;11;-22;11;-22;12;-23;12;-24;12;-25;12;-26;12;-27;13;-28;13;-29;13;-30,transition,EXP_S151,ZONE_02,sortie_zone,4.1,sortie_zone,sortie de la zone
962852395,-53,6,a0:9f:7a:73:2b:3e,384,-110;-96;8;0;23;-28;22;-26;19;-23;15;-22;11;-21;6;-22;3;-24;0;-27;-2;-30;-2;-32;-1;-35;2;-36;4;-36;6;-34;8;-31;8;-27;7;-24;4;-21;1;-19;-2;-18;-6;-19;-8;-21;-10;-23;-10;-26;-9;-28;-2;-8;0;0;0;0;0;0;0;0;0;0;0;0;0;0;0;0;0;0;5;-3;22;-10;24;-7;25;-3;25;1;23;3;20;5;16;4;13;2;12;-1;11;-6;12;-10;14;-13;18;-16;22;-17;25;-16;27;-15;28;-13;27;-12;26;-11;23;-12;21;-14;19;-17;18;-20;17;-24;18;-27;20;-29;-114;0;3;-4;3;-4;4;-4;4;-4;5;-3;5;-3;6;-2;7;-2;7;-2;7;-2;7;-1;7;-1;7;0;8;0;8;1;8;1;8;2;8;2;7;2;7;3;7;3;6;4;6;4;6;4;6;4;5;4;5;4;4;5;1;1;0;0;-1;-1;0;-1;0;-1;-1;1;-2;3;-5;9;-5;9;-6;8;-7;7;-7;7;-8;6;-8;5;-9;5;-9;4;-9;3;-9;3;-9;2;-9;1;-8;0;-8;0;-8;-1;-8;-2;-7;-2;-7;-2;-6;-3;-5;-3;-4;-4;-4;-4;-3;-4;-2;-5;-2;-5;-1;-5;0;-5;-114;0;20;-24;20;-24;20;-24;19;-24;18;-23;18;-23;17;-23;16;-23;15;-23;15;-22;14;-22;14;-22;14;-22;14;-22;14;-22;14;-22;15;-22;15;-21;16;-21;16;-20;17;-19;17;-19;17;-18;17;-17;17;-16;18;-15;19;-13;20;-12;7;-5;2;-2;-1;0;-1;0;-1;0;0;-2;2;-5;6;-12;6;-12;7;-12;7;-13;8;-13;9;-13;9;-14;10;-14;11;-15;12;-15;12;-16;13;-16;14;-16;14;-16;15;-16;15;-16;16;-17;16;-17;16;-18;17;-19;17;-19;18;-20;18;-21;18;-22;19;-23;19;-24;19;-24;20;-25,transition,EXP_S151,ZONE_02,sortie_zone,4.1,sortie_zone,sortie de la zone
963053495,-53,6,a0:9f:7a:73:2b:3e,384,-110;-96;8;0;-18;-34;-16;-31;-15;-28;-14;-24;-16;-19;-18;-15;-21;-12;-25;-10;-29;-10;-32;-11;-33;-13;-34;-15;-32;-18;-30;-19;-27;-20;-23;-19;-20;-16;-18;-13;-17;-9;-18;-5;-19;-2;-22;0;-25;0;-27;-1;-29;-2;-8;-1;0;0;0;0;0;0;0;0;0;0;0;0;0;0;0;0;0;0;-1;-6;-1;-25;3;-26;7;-26;11;-24;12;-21;13;-18;11;-14;7;-12;3;-12;-1;-13;-5;-16;-7;-20;-8;-24;-7;-28;-5;-31;-3;-32;-2;-32;0;-31;-1;-29;-2;-27;-5;-25;-8;-25;-13;-25;-17;-26;-20;-28;-21;-31;-101;0;-4;-6;-4;-6;-4;-6;-3;-6;-2;-7;-1;-7;0;-8;0;-8;0;-9;0;-9;1;-9;1;-8;2;-8;3;-9;3;-9;4;-9;4;-9;4;-8;4;-8;5;-7;5;-7;6;-6;6;-6;6;-6;6;-6;6;-5;6;-5;6;-4;2;-2;0;-1;-1;0;-1;-1;-1;-1;0;0;2;2;7;6;7;7;6;7;6;8;5;8;4;8;3;9;2;9;1;9;1;9;0;9;-1;9;-1;8;-2;7;-3;7;-4;7;-4;6;-4;6;-4;5;-4;4;-5;3;-5;2;-6;1;-6;1;-6;0;-5;-1;-5;-1;-5;-2;-101;0;-17;-28;-18;-28;-18;-27;-18;-26;-17;-26;-17;-25;-17;-24;-17;-23;-17;-23;-17;-22;-17;-22;-17;-21;-17;-21;-17;-21;-17;-21;-17;-22;-16;-22;-16;-22;-15;-22;-14;-23;-13;-23;-12;-22;-12;-22;-11;-22;-10;-22;-8;-23;-7;-23;-6;-23;-2;-9;-1;-3;0;0;0;0;0;0;-2;-1;-4;-4;-11;-10;-10;-10;-10;-11;-10;-12;-11;-13;-11;-13;-11;-14;-11;-15;-11;-16;-11;-17;-12;-17;-12;-18;-12;-19;-12;-19;-12;-20;-12;-20;-12;-21;-12;-21;-13;-22;-13;-22;-14;-23;-15;-24;-15;-24;-16;-25;-17;-26;-18;-26;-18;-27;-19;-28,transition,EXP_S151,ZONE_02,sortie_zone,4.1,sortie_zone,sortie de la zone
963252087,-53,6,a0:9f:7a:73:2b:3e,384,-110;-96;8;0;-39;0;-36;-1;-32;-1;-28;1;-24;4;-22;8;-21;12;-21;16;-22;19;-24;21;-27;22;-29;21;-31;19;-31;16;-30;13;-28;11;-24;9;-20;8;-16;10;-13;12;-11;15;-11;18;-12;20;-14;22;-16;23;-5;5;0;0;0;0;0;0;0;0;0;0;0;0;0;0;0;0;0;0;-6;-3;-23;-11;-22;-14;-20;-18;-17;-20;-14;-21;-10;-19;-8;-17;-8;-13;-10;-9;-12;-6;-16;-4;-21;-4;-25;-5;-28;-7;-30;-10;-30;-12;-29;-14;-28;-14;-26;-13;-25;-11;-25;-8;-26;-4;-28;-1;-31;2;-35;3;-37;4;-107;0;-7;2;-7;1;-7;1;-7;0;-7;-1;-7;-2;-8;-3;-8;-4;-9;-4;-9;-4;-8;-4;-7;-4;-7;-5;-7;-6;-7;-7;-7;-7;-7;-7;-7;-7;-6;-7;-5;-7;-4;-7;-3;-8;-3;-8;-3;-9;-3;-8;-3;-8;-3;-8;-2;-7;-1;-3;0;-1;0;0;-1;0;-1;0;0;-1;2;-3;7;-7;8;-7;8;-6;9;-5;9;-4;9;-3;9;-2;9;-1;10;0;10;0;9;1;9;1;8;2;7;3;6;4;5;4;5;5;5;5;4;4;3;4;1;4;0;4;-1;5;-1;5;-2;5;-2;4;-3;3;-3;3;-107;0;-32;8;-32;8;-31;8;-31;8;-30;8;-29;8;-29;7;-28;7;-27;8;-26;8;-26;8;-26;8;-26;8;-26;8;-26;8;-26;7;-26;7;-26;6;-26;6;-26;5;-25;4;-25;3;-25;2;-24;1;-24;0;-24;-1;-24;-3;-23;-4;-9;-2;-3;-1;0;-1;0;-1;0;-1;-2;0;-5;2;-12;7;-12;7;-13;7;-14;7;-14;7;-15;7;-16;7;-17;6;-18;6;-19;6;-20;6;-20;6;-21;6;-22;6;-23;5;-23;5;-23;6;-24;6;-24;6;-25;6;-26;7;-27;7;-28;7;-29;8;-30;8;-31;9;-31;9;-32;9,transition,EXP_S151,ZONE_02,sortie_zone,4.1,sortie_zone,sortie de la zone
963454073,-53,6,a0:9f:7a:73:2b:3e,384,-110;-96;8;0;11;-36;11;-33;10;-29;7;-25;3;-23;-2;-21;-7;-21;-11;-23;-14;-24;-16;-27;-16;-30;-15;-32;-13;-33;-10;-33;-7;-31;-5;-28;-4;-24;-4;-20;-6;-17;-9;-14;-12;-13;-16;-12;-18;-13;-20;-16;-21;-18;-6;-5;0;0;0;0;0;0;0;0;0;0;0;0;0;0;0;0;0;0;4;-4;18;-15;21;-13;23;-10;24;-6;23;-3;20;-1;17;0;13;-1;10;-4;8;-8;8;-13;9;-17;12;-21;15;-23;18;-23;21;-23;22;-22;22;-20;20;-19;18;-19;15;-20;11;-22;8;-25;6;-29;6;-32;6;-35;-115;0;1;-7;1;-7;2;-7;2;-7;3;-6;4;-6;5;-6;6;-6;6;-6;7;-6;7;-5;7;-5;7;-4;8;-3;8;-3;9;-3;9;-2;9;-2;8;-2;8;-1;8;0;8;0;8;1;8;1;8;1;7;1;7;2;7;2;2;0;0;0;-1;-1;-1;-1;0;-1;0;1;0;3;0;10;0;10;-1;10;-2;10;-3;9;-4;9;-5;8;-6;8;-7;8;-7;7;-7;7;-8;6;-8;5;-8;4;-8;3;-8;2;-8;1;-8;0;-7;0;-7;-1;-6;-2;-5;-3;-5;-4;-5;-4;-4;-5;-3;-5;-2;-5;-2;-5;-115;0;9;-30;9;-30;9;-29;9;-29;9;-28;8;-27;8;-27;7;-26;7;-26;6;-26;5;-25;5;-25;5;-25;5;-25;6;-25;6;-25;6;-24;7;-24;7;-24;8;-23;9;-23;9;-22;9;-21;10;-21;10;-20;11;-19;13;-18;14;-18;5;-7;1;-2;-1;0;-1;0;-1;0;-1;-2;0;-5;0;-14;0;-14;1;-14;1;-15;2;-15;2;-16;3;-17;3;-17;4;-18;4;-19;5;-19;5;-20;6;-20;6;-21;7;-21;7;-21;7;-22;7;-22;8;-23;8;-24;8;-24;8;-25;8;-26;8;-27;8;-28;8;-29;9;-30;9;-30,transition,EXP_S151,ZONE_02,sortie_zone,4.1,sortie_zone,sortie de la zone
963652375,-53,6,a0:9f:7a:73:2b:3e,384,-110;-96;8;0;-19;31;-19;28;-16;25;-13;23;-8;21;-3;20;1;21;5;23;8;26;9;29;8;31;7;33;4;34;1;33;-1;31;-2;28;-2;24;-1;20;2;17;5;15;9;14;12;15;15;17;16;19;16;22;4;5;0;0;0;0;0;0;0;0;0;0;0;0;0;0;0;0;0;0;-5;2;-21;11;-23;8;-26;4;-26;1;-24;-2;-21;-4;-18;-4;-15;-2;-12;1;-11;6;-12;10;-14;14;-17;17;-20;18;-23;18;-26;17;-27;16;-26;15;-25;14;-22;14;-19;16;-16;18;-14;22;-13;26;-14;30;-14;32;-100;0;-4;5;-4;5;-4;5;-5;5;-5;5;-6;4;-7;4;-7;4;-8;3;-8;3;-8;3;-8;2;-9;2;-9;1;-10;1;-10;0;-10;0;-10;0;-9;-1;-9;-1;-9;-2;-9;-2;-9;-2;-9;-3;-9;-3;-8;-3;-8;-3;-7;-4;-3;-2;-1;-1;0;0;-1;0;-1;0;0;-2;0;-4;2;-10;3;-10;4;-10;4;-10;5;-9;5;-8;6;-7;7;-7;7;-6;7;-6;8;-5;8;-5;7;-4;7;-3;7;-2;7;-1;7;0;7;0;6;1;5;1;4;2;4;2;3;3;3;4;2;4;1;4;1;4;0;4;-100;0;-17;26;-16;26;-16;26;-15;25;-14;25;-14;24;-13;24;-12;24;-12;23;-11;23;-10;23;-10;23;-10;23;-10;23;-10;23;-10;23;-10;22;-10;22;-11;22;-11;22;-11;21;-12;20;-12;20;-13;19;-13;19;-14;18;-15;17;-16;16;-6;5;-2;1;0;-1;0;-1;0;-1;-1;1;-2;4;-6;12;-6;12;-7;12;-7;12;-8;13;-8;13;-9;14;-9;14;-10;15;-11;15;-11;16;-12;16;-13;16;-13;17;-14;17;-14;17;-14;18;-14;18;-14;19;-14;20;-15;21;-15;22;-15;23;-16;23;-16;24;-16;25;-17;26;-17;26,transition,EXP_S151,ZONE_02,sortie_zone,4.1,sortie_zone,sortie de la zone
963852395,-53,6,a0:9f:7a:73:2b:3e,384,-110;-96;8;0;-30;-27;-27;-26;-24;-23;-22;-19;-21;-13;-22;-8;-24;-3;-27;1;-31;3;-34;4;-37;3;-38;1;-38;-2;-37;-5;-34;-7;-30;-7;-26;-7;-22;-5;-19;-1;-18;3;-18;7;-19;11;-21;13;-24;14;-27;14;-7;3;0;0;0;0;0;0;0;0;0;0;0;0;0;0;0;0;0;0;-2;-7;-6;-25;-3;-27;1;-28;5;-28;8;-25;9;-22;8;-18;5;-15;1;-13;-4;-13;-9;-15;-13;-18;-15;-22;-16;-26;-15;-29;-13;-32;-11;-32;-10;-32;-10;-29;-11;-27;-13;-24;-16;-22;-21;-20;-26;-20;-30;-21;-32;-23;-114;0;-7;-5;-7;-5;-7;-5;-6;-5;-5;-6;-4;-7;-4;-8;-4;-9;-4;-10;-4;-10;-4;-10;-3;-9;-2;-10;-1;-10;0;-11;0;-12;0;-12;0;-11;0;-10;1;-10;2;-9;3;-9;3;-9;3;-10;3;-10;3;-9;3;-8;3;-8;1;-3;0;-1;-1;0;-1;-1;-1;-1;1;0;3;1;10;3;10;3;10;4;10;5;9;6;8;6;7;7;6;8;5;9;5;9;5;9;4;9;3;8;1;8;0;8;-1;8;-2;8;-2;8;-2;7;-2;5;-3;4;-4;3;-5;3;-6;3;-6;2;-6;1;-5;0;-5;-1;-114;0;-28;-21;-28;-20;-27;-20;-27;-19;-27;-18;-26;-18;-26;-17;-25;-16;-25;-15;-24;-14;-24;-14;-25;-14;-25;-14;-25;-14;-25;-14;-24;-14;-24;-14;-24;-14;-24;-15;-23;-15;-22;-16;-21;-16;-20;-16;-20;-16;-19;-17;-18;-18;-17;-19;-16;-20;-6;-8;-2;-3;0;0;0;0;0;0;-2;-1;-5;-3;-13;-7;-14;-7;-14;-8;-14;-8;-15;-9;-15;-9;-16;-10;-16;-11;-17;-12;-17;-12;-18;-13;-18;-14;-18;-15;-18;-15;-18;-16;-19;-16;-19;-17;-20;-17;-20;-17;-22;-17;-23;-18;-24;-18;-24;-18;-25;-19;-26;-19;-27;-20;-28;-20;-28;-21,transition,EXP_S151,ZONE_02,sortie_zone,4.1,sortie_zone,sortie de la zone
964052876,-53,6,a0:9f:7a:73:2b:3e,384,-110;-96;8;0;39;3;36;3;32;3;28;1;23;-3;21;-8;19;-13;20;-18;22;-22;24;-24;27;-25;30;-24;31;-22;31;-19;30;-16;28;-12;24;-10;19;-10;15;-11;11;-14;8;-17;8;-21;9;-24;11;-26;13;-28;3;-7;0;0;0;0;0;0;0;0;0;0;0;0;0;0;0;0;0;0;5;3;20;15;19;19;16;22;12;24;8;24;5;22;4;19;4;14;6;10;10;7;14;6;19;6;24;8;27;11;29;13;29;16;27;18;26;18;24;16;24;14;24;10;25;6;28;3;31;0;35;-1;38;-1;-115;0;8;-2;8;-2;7;-1;7;-1;7;1;7;2;7;4;8;5;9;5;9;5;8;5;7;5;6;6;6;7;6;8;6;9;6;9;6;8;5;8;4;8;2;8;1;9;1;9;1;10;1;9;1;9;0;8;0;8;-1;2;-1;0;-1;-1;0;-1;0;-1;-1;0;-4;2;-10;6;-11;6;-11;5;-11;4;-11;3;-11;2;-11;0;-12;-1;-12;-2;-12;-3;-11;-3;-11;-3;-9;-4;-8;-5;-7;-6;-7;-7;-6;-7;-6;-7;-5;-7;-4;-6;-2;-6;0;-6;1;-6;2;-7;2;-7;2;-6;3;-5;3;-4;-115;0;33;-4;33;-4;32;-5;31;-5;31;-5;30;-5;29;-5;28;-5;27;-5;27;-5;26;-5;26;-5;26;-5;26;-5;26;-5;26;-5;26;-4;26;-4;26;-3;26;-3;26;-2;25;-1;25;1;24;1;24;3;24;4;23;6;23;7;8;2;2;1;-1;-1;-1;0;-1;0;1;-1;4;-3;12;-7;13;-7;13;-7;14;-7;15;-7;16;-6;17;-6;17;-6;18;-6;19;-6;20;-5;21;-5;22;-5;22;-4;23;-4;24;-3;24;-3;24;-4;25;-4;26;-4;27;-4;28;-5;29;-5;29;-5;30;-5;32;-5;33;-5;34;-5,transition,EXP_S151,ZONE_02,sortie_zone,4.1,sortie_zone,sortie de la zone
964252444,-54,6,a0:9f:7a:73:2b:3e,384,-110;-96;8;0;39;2;36;3;32;2;28;0;23;-4;20;-8;19;-13;19;-18;21;-22;24;-24;26;-25;29;-25;30;-22;31;-20;30;-16;28;-13;24;-11;19;-11;14;-12;11;-14;8;-17;7;-21;8;-24;10;-27;13;-28;3;-8;0;0;0;0;0;0;0;0;0;0;0;0;0;0;0;0;0;0;5;3;20;14;19;18;17;22;13;24;9;24;6;22;5;18;5;14;7;10;10;7;15;6;20;6;24;7;27;10;29;13;29;15;28;17;26;17;25;16;24;13;24;9;26;5;28;2;32;-1;36;-2;39;-2;-108;0;8;-2;8;-3;7;-3;6;-2;6;0;6;1;7;3;8;4;9;4;9;3;9;3;8;4;7;5;6;6;7;7;7;8;7;7;7;7;6;6;5;6;3;7;3;8;3;9;3;9;3;8;3;8;2;7;2;7;0;2;0;0;-1;-1;0;-1;0;-1;-1;0;-4;2;-10;6;-10;6;-11;5;-11;5;-11;4;-11;2;-11;1;-11;-1;-11;-2;-12;-2;-12;-3;-11;-3;-10;-3;-8;-4;-7;-5;-7;-6;-7;-7;-6;-6;-6;-6;-4;-5;-2;-5;0;-6;1;-7;1;-7;1;-7;2;-6;2;-5;3;-4;-108;0;32;-8;32;-8;31;-9;31;-9;30;-8;30;-8;29;-8;27;-8;26;-8;25;-9;25;-9;25;-10;25;-10;25;-9;25;-9;25;-9;25;-9;25;-8;26;-8;26;-6;26;-5;25;-4;25;-4;24;-3;24;-2;24;-1;24;1;24;2;8;1;2;0;-1;0;-1;0;-1;0;1;-1;4;-3;12;-8;12;-7;13;-7;13;-7;14;-7;15;-7;16;-7;17;-7;18;-6;19;-6;19;-6;20;-7;21;-6;22;-6;23;-6;23;-5;23;-6;24;-6;24;-6;26;-7;27;-7;28;-7;28;-7;29;-8;30;-8;31;-9;32;-9;33;-9,transition,EXP_S151,ZONE_02,sortie_zone,4.1,sortie_zone,sortie de la zone
964452364,-53,6,a0:9f:7a:73:2b:3e,384,-110;-96;8;0;32;-16;30;-14;27;-12;22;-12;17;-13;13;-16;10;-19;8;-23;7;-27;8;-30;10;-32;13;-33;15;-32;17;-29;17;-26;16;-22;14;-19;11;-17;7;-16;3;-16;0;-17;-3;-20;-4;-23;-3;-26;-2;-28;-1;-8;0;0;0;0;0;0;0;0;0;0;0;0;0;0;0;0;0;0;5;0;22;2;23;6;22;10;20;13;18;14;14;14;12;12;10;9;10;5;12;1;14;-3;18;-5;22;-5;26;-5;29;-3;30;0;29;1;28;2;27;1;25;0;23;-3;23;-7;23;-11;25;-15;28;-18;30;-19;-103;0;5;-3;6;-3;6;-2;6;-2;6;-1;7;0;7;0;8;1;8;1;8;1;8;2;7;2;7;3;7;4;7;4;7;5;7;5;7;5;6;5;6;6;5;6;5;6;5;7;5;7;4;7;4;7;3;6;3;6;1;2;0;0;-1;-1;0;-1;0;-1;-1;0;-3;2;-8;6;-9;5;-9;4;-10;4;-10;3;-10;2;-10;1;-10;0;-10;-1;-10;-1;-9;-2;-9;-2;-8;-3;-8;-4;-7;-4;-6;-5;-6;-5;-5;-5;-5;-5;-4;-5;-3;-5;-2;-5;-1;-5;0;-5;1;-5;1;-5;2;-5;2;-4;-103;0;28;-11;28;-11;27;-11;27;-11;26;-11;25;-11;25;-12;24;-12;23;-12;22;-12;21;-12;21;-12;21;-13;21;-13;21;-13;21;-12;21;-12;21;-12;22;-11;22;-11;21;-10;21;-9;21;-9;21;-8;21;-7;21;-6;22;-4;22;-3;8;-1;2;-1;-1;0;-1;0;-1;0;1;-1;4;-3;11;-7;11;-7;12;-7;12;-7;13;-7;14;-7;14;-7;15;-7;16;-7;17;-7;18;-7;19;-7;19;-7;20;-7;20;-6;21;-6;21;-6;21;-7;22;-7;23;-8;24;-8;24;-9;25;-9;26;-10;27;-11;27;-11;28;-12;29;-12,transition,EXP_S151,ZONE_02,sortie_zone,4.1,sortie_zone,sortie de la zone
964652368,-53,6,a0:9f:7a:73:2b:3e,384,-110;-96;8;0;26;-25;24;-23;21;-20;17;-19;12;-18;8;-19;4;-22;0;-25;-2;-28;-2;-31;-1;-34;1;-35;4;-34;6;-33;8;-30;8;-27;7;-23;5;-19;2;-17;-2;-16;-6;-16;-9;-18;-11;-20;-11;-23;-11;-26;-3;-7;0;0;0;0;0;0;0;0;0;0;0;0;0;0;0;0;0;0;5;-2;22;-5;24;-2;24;2;23;6;21;8;18;9;15;8;12;5;11;1;12;-3;13;-7;16;-10;20;-12;24;-12;26;-11;28;-10;28;-8;28;-7;26;-7;24;-8;21;-10;20;-14;19;-18;19;-22;21;-25;22;-27;-115;0;4;-6;4;-6;4;-6;4;-5;5;-5;6;-4;7;-3;8;-3;8;-3;8;-3;8;-3;8;-2;8;-1;8;0;9;0;9;0;9;0;9;0;8;1;8;1;7;2;7;3;7;3;8;3;7;3;7;3;6;3;6;3;2;1;0;0;-1;-1;0;-1;0;-1;-1;0;-2;3;-4;9;-5;8;-5;8;-6;8;-6;7;-7;6;-7;5;-8;5;-9;4;-9;4;-9;3;-9;3;-8;2;-8;0;-8;-1;-8;-2;-8;-2;-7;-2;-7;-2;-5;-3;-5;-3;-4;-4;-3;-5;-3;-6;-3;-6;-2;-5;-1;-5;0;-5;-115;0;18;-25;18;-25;18;-24;17;-24;16;-24;16;-23;15;-23;14;-23;13;-22;13;-22;12;-22;12;-22;12;-22;12;-22;12;-22;12;-22;12;-21;12;-21;12;-21;13;-21;13;-20;13;-19;14;-18;14;-17;15;-17;15;-16;16;-15;17;-14;6;-5;2;-2;-1;0;-1;0;-1;0;0;-2;2;-5;6;-12;6;-12;6;-12;7;-13;8;-13;8;-14;9;-14;10;-14;10;-15;11;-15;11;-16;12;-16;13;-16;13;-16;14;-16;14;-17;15;-17;15;-17;15;-18;15;-19;15;-20;16;-21;16;-22;16;-22;17;-23;17;-24;18;-25;18;-25,transition,EXP_S151,ZONE_02,sortie_zone,4.1,sortie_zone,sortie de la zone
964874420,-53,6,a0:9f:7a:73:2b:3e,384,-110;-96;8;0;16;-34;16;-31;14;-28;10;-25;6;-23;1;-23;-3;-24;-7;-26;-9;-28;-10;-31;-9;-34;-7;-36;-4;-36;-2;-35;0;-33;2;-29;2;-26;0;-22;-2;-19;-6;-17;-9;-17;-12;-18;-14;-20;-15;-23;-15;-25;-4;-7;0;0;0;0;0;0;0;0;0;0;0;0;0;0;0;0;0;0;4;-5;17;-16;20;-15;22;-12;23;-8;23;-5;21;-3;17;-2;14;-3;11;-6;10;-9;10;-13;11;-17;14;-21;17;-23;20;-23;22;-22;23;-21;23;-20;21;-19;19;-19;16;-20;13;-22;11;-26;11;-29;11;-33;12;-35;-101;0;1;-8;0;-8;0;-8;1;-7;2;-6;3;-6;5;-6;6;-7;6;-7;5;-7;5;-7;5;-6;6;-5;7;-4;8;-4;8;-4;9;-4;8;-4;7;-4;7;-3;7;-1;8;-1;8;0;9;0;8;-1;8;0;7;0;6;0;2;0;0;0;-1;0;-1;-1;-1;-1;0;0;1;3;3;9;2;9;1;9;1;9;0;9;-1;8;-2;8;-4;8;-4;8;-5;8;-5;8;-5;7;-5;6;-5;4;-6;3;-7;3;-7;3;-7;2;-6;2;-6;1;-5;-1;-5;-2;-5;-3;-5;-4;-5;-4;-4;-4;-3;-4;-2;-4;-101;0;3;-33;3;-32;2;-32;2;-31;2;-31;2;-30;2;-29;2;-28;1;-28;0;-27;0;-27;0;-27;0;-27;0;-27;1;-26;1;-26;1;-26;2;-26;2;-26;3;-26;4;-25;5;-24;5;-24;6;-23;6;-23;8;-22;9;-22;11;-21;4;-8;1;-3;-1;0;0;0;0;0;-1;-2;-2;-5;-4;-14;-4;-14;-3;-14;-3;-15;-3;-16;-2;-17;-2;-18;-2;-19;-1;-19;-1;-20;-1;-21;0;-21;0;-22;1;-23;1;-23;2;-24;2;-24;2;-24;2;-25;2;-26;2;-27;2;-28;2;-29;2;-30;1;-31;1;-32;2;-33;2;-33,transition,EXP_S151,ZONE_02,sortie_zone,4.1,sortie_zone,sortie de la zone
965055816,-53,6,a0:9f:7a:73:2b:3e,384,-110;-96;8;0;6;36;4;33;4;30;5;25;8;21;11;17;16;15;20;14;24;15;26;17;27;20;26;22;25;24;22;25;19;25;16;23;13;20;12;16;12;11;14;8;16;5;19;4;22;4;25;6;27;8;6;2;0;0;0;0;0;0;0;0;0;0;0;0;0;0;0;0;0;0;-2;5;-8;22;-11;22;-15;20;-18;18;-19;15;-18;12;-15;10;-12;9;-8;10;-5;12;-2;15;-1;20;-2;24;-3;27;-6;29;-8;30;-9;29;-10;28;-9;26;-6;25;-3;24;1;25;4;26;7;29;9;32;10;35;-109;0;2;6;2;6;2;6;1;7;0;7;-1;7;-2;8;-2;8;-3;8;-3;8;-3;8;-4;8;-4;8;-5;7;-6;7;-6;7;-7;7;-7;7;-7;6;-7;5;-8;5;-8;4;-8;4;-8;4;-8;3;-8;3;-8;2;-8;2;-3;0;-1;0;0;-1;0;0;0;0;-1;-1;-3;-3;-8;-7;-8;-8;-7;-8;-6;-9;-5;-9;-4;-9;-3;-10;-3;-10;-2;-10;-1;-10;0;-10;0;-10;1;-9;2;-8;2;-8;3;-7;3;-6;4;-6;4;-5;4;-4;4;-3;4;-2;5;-1;5;0;5;1;4;1;4;2;4;3;-109;0;12;29;11;28;11;28;11;27;11;27;11;26;11;25;11;25;11;24;11;23;11;23;11;22;12;22;11;22;11;22;10;23;10;23;9;23;9;23;8;23;7;23;7;22;6;22;5;22;4;22;2;22;1;22;0;22;-1;8;-1;2;-1;-1;-1;-1;-1;-1;1;0;3;3;9;9;9;10;8;11;8;11;8;12;8;13;8;14;9;15;9;15;9;16;9;17;9;18;9;19;9;19;9;20;8;20;8;21;9;21;9;22;9;23;10;24;10;24;11;25;11;26;12;26;12;27;13;28;13;29,transition,EXP_S151,ZONE_02,sortie_zone,4.1,sortie_zone,sortie de la zone
965251207,-53,6,a0:9f:7a:73:2b:3e,384,-110;-96;8;0;-2;-38;-1;-35;-1;-31;-3;-26;-6;-22;-10;-19;-14;-18;-19;-18;-23;-19;-25;-21;-26;-23;-26;-26;-24;-28;-21;-29;-17;-28;-14;-26;-12;-22;-11;-18;-12;-14;-14;-10;-17;-8;-20;-6;-23;-7;-26;-8;-27;-10;-7;-3;0;0;0;0;0;0;0;0;0;0;0;0;0;0;0;0;0;0;2;-6;11;-21;14;-21;18;-19;20;-16;20;-12;19;-10;16;-8;12;-7;8;-9;5;-12;3;-16;3;-20;4;-24;6;-27;9;-29;11;-29;13;-29;13;-27;12;-26;9;-25;6;-25;2;-26;-2;-28;-5;-31;-6;-34;-7;-37;-115;0;-1;-8;-1;-8;-1;-8;0;-8;1;-8;2;-7;3;-8;4;-8;4;-9;4;-9;4;-8;5;-7;6;-7;7;-6;7;-6;8;-6;8;-6;8;-6;8;-6;7;-5;8;-4;8;-3;8;-3;8;-3;8;-3;8;-2;7;-2;7;-1;2;-1;0;0;-1;0;-1;-1;-1;-1;0;0;1;3;4;8;4;9;3;9;2;10;1;9;0;9;-1;9;-2;9;-3;9;-3;9;-4;9;-4;8;-4;7;-5;6;-6;5;-6;4;-7;4;-7;3;-6;3;-6;2;-5;0;-5;-1;-6;-2;-6;-3;-6;-3;-5;-3;-4;-4;-3;-4;-115;0;-3;-32;-3;-32;-3;-31;-4;-31;-4;-30;-4;-29;-4;-28;-4;-28;-4;-27;-5;-26;-5;-26;-5;-26;-5;-26;-5;-26;-5;-26;-5;-25;-4;-25;-4;-25;-4;-26;-3;-25;-2;-25;-1;-25;0;-24;0;-24;2;-24;3;-23;4;-23;5;-23;2;-9;0;-3;-1;0;0;0;0;0;-1;-2;-2;-5;-5;-13;-5;-13;-5;-14;-5;-15;-5;-15;-4;-16;-4;-17;-4;-18;-4;-19;-4;-19;-4;-20;-3;-21;-3;-22;-2;-22;-2;-23;-2;-23;-2;-24;-2;-24;-2;-25;-2;-26;-3;-26;-3;-27;-4;-28;-4;-29;-4;-30;-4;-31;-4;-32;-4;-33,transition,EXP_S151,ZONE_02,sortie_zone,4.1,sortie_zone,sortie de la zone
965452473,-53,6,a0:9f:7a:73:2b:3e,384,-110;-96;8;0;-41;-8;-37;-8;-32;-7;-28;-4;-25;0;-23;6;-22;11;-23;15;-25;19;-27;21;-31;21;-33;20;-35;18;-35;14;-33;11;-30;8;-26;7;-21;7;-17;9;-14;12;-12;15;-11;19;-12;22;-15;24;-17;26;-5;6;0;0;0;0;0;0;0;0;0;0;0;0;0;0;0;0;0;0;-5;-4;-20;-17;-19;-20;-16;-24;-12;-25;-9;-25;-6;-23;-5;-19;-6;-16;-8;-12;-12;-9;-16;-8;-21;-9;-25;-11;-27;-14;-29;-17;-28;-19;-27;-21;-26;-21;-25;-19;-24;-16;-25;-13;-27;-9;-30;-5;-34;-3;-37;-2;-40;-2;-102;0;-7;-2;-8;-3;-8;-3;-8;-4;-7;-5;-7;-6;-7;-6;-7;-7;-7;-8;-7;-8;-7;-8;-6;-9;-5;-9;-5;-9;-5;-10;-4;-10;-4;-11;-3;-11;-3;-10;-2;-10;-2;-10;-1;-10;-1;-10;0;-10;0;-10;0;-10;1;-9;1;-9;0;-4;0;-1;-1;0;-1;0;-1;-1;1;-1;3;-1;10;-2;10;-1;10;0;10;1;10;2;9;3;9;4;9;5;8;5;7;6;7;6;6;6;5;6;4;7;3;7;2;7;2;7;1;6;0;6;-1;6;-2;5;-2;5;-3;4;-4;4;-5;3;-5;2;-6;1;-6;1;-102;0;-34;-9;-34;-8;-33;-8;-33;-8;-32;-7;-31;-7;-31;-6;-30;-5;-29;-5;-29;-4;-28;-3;-28;-3;-28;-3;-28;-3;-28;-3;-28;-3;-28;-4;-28;-4;-28;-5;-27;-6;-27;-6;-26;-7;-26;-7;-25;-8;-25;-9;-24;-10;-23;-11;-22;-13;-8;-5;-3;-2;0;0;0;-1;0;0;-2;0;-6;0;-15;-1;-16;-1;-16;-2;-16;-2;-17;-3;-18;-3;-19;-4;-19;-4;-20;-5;-21;-5;-22;-6;-22;-6;-23;-7;-23;-7;-24;-8;-24;-8;-24;-8;-25;-8;-26;-8;-27;-8;-28;-8;-29;-8;-30;-8;-31;-8;-32;-8;-33;-8;-34;-8;-35;-8,transition,EXP_S151,ZONE_02,sortie_zone,4.1,sortie_zone,sortie de la zone
965653078,-53,6,a0:9f:7a:73:2b:3e,384,-110;-96;8;0;-40;8;-37;6;-32;6;-27;7;-22;9;-18;13;-16;18;-15;22;-15;26;-17;29;-19;31;-22;31;-25;29;-26;26;-26;22;-24;19;-21;16;-17;14;-12;14;-8;15;-4;18;-2;21;-2;25;-3;28;-5;30;-2;7;0;0;0;0;0;0;0;0;0;0;0;0;0;0;0;0;0;0;-6;-2;-24;-9;-24;-13;-23;-17;-20;-20;-16;-21;-13;-20;-11;-17;-10;-13;-11;-8;-13;-5;-17;-2;-22;-1;-26;-1;-30;-3;-32;-5;-33;-8;-33;-9;-31;-10;-29;-9;-28;-6;-27;-3;-27;1;-29;6;-32;9;-35;12;-38;12;-102;0;-8;1;-8;1;-8;1;-8;0;-8;-1;-9;-2;-9;-3;-10;-4;-10;-4;-10;-4;-10;-4;-9;-5;-8;-6;-8;-7;-8;-8;-9;-8;-9;-8;-8;-8;-7;-8;-7;-8;-6;-8;-5;-9;-5;-9;-5;-10;-5;-9;-4;-9;-4;-9;-3;-9;-1;-3;-1;-1;0;0;-1;0;-1;0;0;-1;3;-3;9;-7;9;-6;9;-5;10;-5;10;-4;9;-3;10;-1;10;0;10;0;10;1;10;1;9;2;8;2;7;3;6;4;5;5;5;5;4;5;4;5;2;5;1;5;0;5;-1;5;-2;5;-2;5;-3;4;-4;3;-4;3;-102;0;-33;8;-33;8;-32;8;-32;9;-31;9;-30;9;-29;9;-28;9;-27;9;-27;10;-26;10;-26;10;-26;10;-26;10;-26;10;-26;10;-26;9;-26;9;-26;9;-26;8;-26;7;-26;6;-25;5;-25;4;-25;3;-25;2;-25;0;-25;-1;-9;-1;-3;-1;0;-1;0;-1;0;-1;-2;0;-5;2;-13;6;-14;6;-14;5;-15;5;-16;5;-17;5;-18;5;-18;5;-19;5;-20;5;-21;5;-22;5;-23;4;-23;4;-24;4;-24;4;-25;4;-25;4;-26;5;-27;6;-28;6;-29;7;-29;7;-30;8;-31;8;-32;8;-33;8;-34;8,transition,EXP_S151,ZONE_02,sortie_zone,4.1,sortie_zone,sortie de la zone
965854781,-53,6,a0:9f:7a:73:2b:3e,384,-110;-96;8;0;-33;22;-31;20;-27;18;-22;17;-17;17;-12;19;-8;22;-5;26;-4;30;-4;33;-6;36;-8;37;-11;36;-13;34;-15;31;-15;27;-13;23;-10;19;-5;17;-1;17;3;18;6;20;8;23;8;27;7;29;1;7;0;0;0;0;0;0;0;0;0;0;0;0;0;0;0;0;0;0;-7;0;-26;1;-27;-2;-27;-7;-26;-10;-23;-13;-20;-13;-16;-11;-14;-8;-13;-4;-14;1;-16;4;-20;7;-24;9;-28;9;-31;7;-33;6;-33;4;-32;3;-30;3;-28;4;-26;7;-25;12;-24;16;-25;21;-27;24;-29;25;-110;0;-6;5;-6;6;-6;5;-6;4;-7;3;-8;2;-9;1;-10;1;-11;1;-11;2;-10;1;-10;0;-10;-1;-10;-2;-11;-3;-12;-3;-12;-3;-11;-3;-10;-3;-9;-4;-9;-5;-8;-6;-9;-6;-9;-6;-9;-6;-8;-6;-7;-6;-7;-6;-3;-2;-1;-1;0;0;-1;0;-1;0;0;-2;1;-4;4;-11;4;-11;5;-10;5;-10;6;-9;6;-8;7;-7;8;-6;9;-5;9;-5;9;-5;9;-4;8;-3;7;-2;7;0;7;1;7;1;7;1;6;1;5;2;3;2;2;3;2;5;2;5;1;5;0;5;-1;4;-2;4;-110;0;-23;24;-23;24;-22;24;-22;24;-21;23;-20;23;-20;23;-19;22;-18;22;-17;22;-17;22;-17;22;-17;22;-17;22;-17;21;-17;21;-17;21;-17;21;-18;20;-18;20;-18;19;-19;18;-19;17;-19;16;-20;15;-20;14;-21;13;-22;12;-8;4;-3;1;0;-1;0;-1;0;-1;-1;1;-3;4;-8;12;-8;12;-8;12;-9;13;-10;13;-10;14;-11;14;-12;14;-13;15;-13;15;-14;16;-15;16;-16;16;-17;16;-18;16;-18;16;-18;17;-18;17;-18;18;-19;19;-19;20;-20;21;-21;22;-21;22;-22;23;-22;24;-23;24;-24;25,transition,EXP_S151,ZONE_02,sortie_zone,4.1,sortie_zone,sortie de la zone
966054781,-54,6,a0:9f:7a:73:2b:3e,384,-110;-96;8;0;15;-37;14;-34;12;-30;8;-26;3;-24;-2;-23;-8;-23;-12;-25;-15;-27;-17;-30;-18;-33;-16;-36;-13;-37;-10;-37;-6;-35;-4;-31;-3;-26;-5;-22;-7;-18;-11;-15;-15;-13;-18;-13;-22;-14;-24;-17;-25;-20;-7;-6;0;0;0;0;0;0;0;0;0;0;0;0;0;0;0;0;0;0;5;-4;21;-14;24;-11;26;-8;27;-4;25;-1;22;1;18;2;15;0;12;-4;11;-8;10;-13;12;-18;15;-21;19;-23;22;-23;24;-22;25;-21;25;-20;23;-19;20;-19;17;-21;14;-23;11;-27;9;-31;9;-35;10;-38;-105;0;2;-7;3;-7;3;-7;4;-7;5;-6;6;-6;7;-6;7;-6;8;-6;8;-5;8;-5;9;-4;9;-4;9;-3;10;-3;10;-2;10;-2;10;-2;10;-1;10;-1;9;0;9;1;9;1;9;1;9;1;9;2;8;2;8;2;2;1;0;0;-1;-1;0;-1;0;-1;-1;1;-1;3;-3;10;-3;10;-4;10;-5;10;-6;9;-7;8;-7;8;-8;7;-8;6;-9;6;-9;5;-9;4;-9;3;-9;2;-9;1;-9;1;-8;0;-8;-1;-7;-1;-6;-2;-6;-3;-5;-3;-4;-4;-4;-5;-3;-5;-2;-6;-1;-6;-1;-6;-105;0;14;-31;14;-31;13;-30;12;-30;12;-29;11;-29;11;-28;10;-28;9;-27;8;-27;7;-27;7;-27;7;-27;7;-27;7;-27;7;-27;7;-27;8;-26;8;-26;9;-26;9;-25;10;-24;10;-24;10;-23;11;-23;12;-22;13;-21;14;-21;5;-8;1;-3;-1;0;-1;0;-1;0;0;-2;1;-5;4;-14;4;-14;5;-14;6;-15;6;-15;7;-16;7;-17;8;-17;9;-18;9;-19;10;-19;10;-20;11;-20;11;-20;12;-21;12;-21;12;-21;12;-22;13;-23;13;-24;13;-25;13;-26;14;-27;14;-28;14;-29;14;-30;14;-31;14;-32,transition,EXP_S151,ZONE_02,sortie_zone,4.1,sortie_zone,sortie de la zone
966252259,-53,6,a0:9f:7a:73:2b:3e,384,-110;-96;8;0;34;-10;31;-8;27;-8;22;-8;18;-11;14;-14;12;-18;11;-22;11;-25;12;-28;15;-30;17;-30;20;-29;21;-26;21;-22;19;-19;17;-16;13;-15;9;-14;5;-16;2;-18;0;-20;-1;-23;1;-26;2;-28;0;-8;0;0;0;0;0;0;0;0;0;0;0;0;0;0;0;0;0;0;5;1;21;5;21;9;20;12;18;15;15;16;12;16;9;13;8;10;9;6;11;2;14;-1;18;-2;22;-2;26;-1;28;2;29;4;28;6;27;6;25;5;24;3;23;0;23;-4;24;-7;26;-11;29;-13;32;-14;-105;0;6;-2;6;-2;6;-1;6;0;6;1;7;1;7;2;7;3;7;3;7;4;7;4;7;4;6;5;6;6;6;6;6;7;5;7;5;7;5;7;4;7;3;7;3;8;2;8;2;8;2;8;1;8;1;8;0;8;0;2;-1;0;-1;-1;0;-1;0;-1;-1;0;-3;2;-8;6;-9;5;-9;4;-10;3;-10;2;-10;2;-10;1;-10;0;-10;-1;-10;-2;-9;-2;-9;-3;-8;-3;-7;-4;-7;-5;-6;-5;-5;-5;-5;-6;-4;-6;-3;-5;-2;-5;-1;-5;0;-5;1;-5;1;-5;2;-5;3;-4;3;-3;-105;0;29;-7;28;-7;28;-7;27;-7;27;-7;26;-7;25;-7;25;-8;24;-8;24;-8;23;-8;23;-8;23;-8;23;-8;23;-8;23;-7;23;-7;23;-7;23;-6;23;-6;23;-5;23;-4;22;-3;22;-2;22;-1;22;0;22;2;22;3;7;1;2;0;-1;0;-1;0;-1;0;1;-1;3;-3;10;-7;11;-6;11;-6;12;-6;13;-6;13;-6;14;-6;15;-6;16;-6;17;-6;17;-6;18;-6;19;-5;20;-5;20;-5;20;-5;21;-5;21;-5;22;-5;23;-5;24;-6;24;-6;25;-6;26;-7;27;-7;28;-7;28;-8;29;-8,transition,EXP_S151,ZONE_02,sortie_zone,4.1,sortie_zone,sortie de la zone
966452684,-54,6,a0:9f:7a:73:2b:3e,384,-110;-96;8;0;34;-5;31;-4;27;-4;23;-5;19;-8;16;-11;14;-16;14;-20;14;-23;16;-26;19;-27;21;-26;23;-25;24;-22;24;-19;22;-16;19;-13;15;-12;11;-13;7;-14;5;-17;3;-20;3;-23;5;-26;7;-27;2;-7;0;0;0;0;0;0;0;0;0;0;0;0;0;0;0;0;0;0;5;1;20;8;20;11;18;15;16;17;12;18;10;17;8;14;7;11;8;7;10;4;14;1;18;1;22;1;25;3;26;5;27;7;26;9;25;9;24;9;23;6;22;3;23;0;25;-4;27;-7;30;-9;32;-9;-105;0;6;-2;6;-2;6;-1;6;-1;6;0;6;1;7;2;7;3;8;3;7;3;7;4;6;4;6;5;5;6;5;6;5;7;5;7;5;7;5;7;4;7;3;7;2;8;2;8;2;8;2;8;1;7;1;7;1;7;0;2;0;0;-1;-1;0;-1;0;-1;-1;0;-3;2;-8;6;-9;5;-9;4;-9;4;-10;3;-9;2;-9;1;-10;0;-10;-1;-10;-1;-9;-2;-9;-2;-8;-3;-7;-4;-6;-4;-6;-5;-5;-5;-5;-5;-4;-5;-3;-5;-2;-5;-1;-5;0;-5;1;-6;1;-5;2;-5;2;-4;3;-3;-105;0;28;-7;28;-7;27;-7;27;-7;26;-7;26;-7;25;-7;24;-7;24;-8;23;-8;23;-8;23;-8;23;-8;23;-8;23;-8;22;-7;22;-7;23;-7;23;-6;23;-5;23;-4;22;-4;22;-3;22;-2;22;-1;22;0;21;2;21;3;7;1;2;0;-1;-1;-1;0;-1;0;1;-1;3;-3;10;-7;10;-7;11;-7;11;-7;12;-7;13;-7;14;-7;15;-6;15;-6;16;-6;17;-6;18;-6;18;-6;19;-5;19;-5;20;-5;20;-5;21;-5;21;-6;22;-6;23;-6;24;-6;24;-7;25;-7;26;-8;27;-8;28;-8;28;-8,transition,EXP_S151,ZONE_02,sortie_zone,4.1,sortie_zone,sortie de la zone
966654424,-53,6,a0:9f:7a:73:2b:3e,384,-110;-96;8;0;-21;29;-20;26;-17;23;-13;21;-9;20;-4;20;1;21;4;24;6;26;6;29;5;32;3;34;1;34;-2;33;-4;30;-5;27;-4;23;-2;19;1;17;5;15;8;15;11;16;13;18;14;21;13;24;3;6;0;0;0;0;0;0;0;0;0;0;0;0;0;0;0;0;0;0;-5;2;-20;10;-23;7;-25;4;-25;0;-23;-2;-21;-4;-18;-4;-14;-2;-12;1;-11;5;-12;9;-14;13;-17;15;-21;16;-23;16;-25;16;-26;14;-26;13;-24;13;-22;13;-19;15;-17;18;-15;21;-15;25;-16;28;-17;30;-112;0;-4;5;-4;5;-4;5;-4;5;-5;4;-6;4;-7;3;-8;3;-8;3;-8;3;-8;3;-8;2;-9;1;-9;1;-10;0;-10;0;-10;0;-10;0;-10;-1;-9;-1;-9;-2;-9;-3;-9;-3;-9;-3;-9;-4;-8;-4;-8;-4;-7;-4;-3;-2;-1;-1;0;0;0;0;-1;0;-1;-2;-1;-4;0;-10;0;-10;1;-10;2;-10;3;-9;3;-9;4;-8;5;-8;6;-7;6;-7;6;-6;6;-6;6;-5;6;-4;6;-3;6;-2;6;-1;6;-1;5;-1;5;0;4;1;3;2;3;3;2;3;2;3;1;3;0;3;0;3;-112;0;-14;27;-13;26;-13;26;-13;26;-12;25;-12;25;-11;24;-11;24;-10;23;-9;23;-9;23;-9;23;-9;23;-9;23;-9;23;-9;23;-10;22;-10;22;-11;22;-11;21;-11;21;-12;20;-12;20;-13;19;-14;18;-15;17;-16;17;-17;16;-7;5;-2;1;0;-1;0;-1;0;-1;-1;1;-1;4;-3;12;-3;12;-4;12;-4;13;-5;13;-5;14;-6;15;-6;15;-7;16;-7;16;-8;17;-8;17;-9;18;-10;18;-10;18;-11;19;-11;19;-11;20;-11;20;-11;21;-11;22;-12;23;-12;23;-12;24;-12;25;-13;26;-13;27;-13;28,transition,EXP_S151,ZONE_02,sortie_zone,4.1,sortie_zone,sortie de la zone
966859969,-53,6,a0:9f:7a:73:2b:3e,384,-110;-96;8;0;7;34;6;31;5;27;6;23;8;18;12;15;16;13;20;12;24;12;27;14;28;16;28;19;26;21;24;23;20;22;17;21;14;18;13;14;13;9;14;6;16;3;19;1;22;1;25;2;27;4;7;1;0;0;0;0;0;0;0;0;0;0;0;0;0;0;0;0;0;0;-2;5;-7;21;-10;21;-14;20;-17;17;-18;14;-17;11;-15;9;-11;8;-7;9;-4;11;-1;14;0;18;0;22;-2;26;-4;28;-6;28;-8;28;-8;27;-7;25;-5;24;-2;23;1;23;5;25;8;27;10;30;11;32;-111;0;1;6;1;6;1;6;0;7;-1;7;-2;7;-2;7;-3;7;-4;8;-4;8;-4;7;-5;7;-5;7;-6;6;-7;6;-8;6;-8;6;-8;6;-8;5;-8;5;-8;4;-9;4;-9;3;-9;3;-9;3;-9;2;-8;2;-8;1;-3;0;-1;0;0;-1;0;0;0;0;-1;-1;-3;-3;-8;-8;-7;-8;-6;-9;-6;-9;-5;-9;-4;-9;-3;-10;-2;-10;-1;-10;0;-10;0;-10;1;-9;1;-8;2;-8;3;-7;4;-6;4;-6;4;-5;4;-5;4;-4;4;-3;4;-2;4;-1;4;0;4;1;4;1;3;2;3;2;-111;0;9;28;9;28;9;27;9;27;8;26;8;25;8;25;8;24;9;23;9;23;9;22;10;22;9;22;9;22;9;22;9;22;8;22;8;23;7;23;6;23;5;23;5;22;4;22;3;22;2;22;1;22;-1;22;-2;22;-1;8;-1;2;-1;-1;-1;-1;-1;-1;0;1;2;3;7;10;7;10;7;11;7;11;7;12;7;13;7;14;7;15;7;16;7;16;6;17;7;18;6;18;6;19;6;19;6;20;6;20;6;21;6;21;7;22;7;23;7;24;8;25;8;25;9;26;9;27;10;28;10;28,transition,EXP_S151,ZONE_02,sortie_zone,4.1,sortie_zone,sortie de la zone
967052462,-53,6,a0:9f:7a:73:2b:3e,384,-110;-96;8;0;-39;12;-36;10;-31;10;-26;10;-21;12;-17;16;-14;20;-13;24;-13;28;-15;31;-17;33;-20;33;-23;31;-24;29;-24;25;-23;21;-19;18;-15;16;-11;15;-6;17;-3;19;-1;22;-1;25;-3;29;-4;31;-2;7;0;0;0;0;0;0;0;0;0;0;0;0;0;0;0;0;0;0;-7;-1;-26;-4;-26;-8;-26;-12;-24;-15;-20;-17;-17;-17;-14;-15;-13;-11;-13;-7;-14;-3;-18;0;-22;2;-27;2;-30;1;-33;0;-34;-3;-33;-4;-32;-5;-30;-4;-29;-2;-28;1;-28;5;-29;9;-31;13;-34;15;-36;16;-112;0;-8;4;-8;4;-7;4;-7;3;-7;2;-8;0;-9;-1;-11;-1;-11;-1;-11;-1;-11;-1;-10;-2;-9;-3;-9;-5;-10;-5;-11;-6;-11;-5;-10;-5;-9;-5;-8;-6;-7;-7;-7;-8;-7;-8;-7;-8;-7;-8;-7;-8;-6;-7;-5;-7;-2;-3;-1;-1;0;0;-1;0;-1;0;0;-2;1;-4;5;-10;5;-10;6;-10;6;-9;7;-8;7;-7;8;-6;9;-5;10;-4;10;-4;10;-4;9;-3;8;-2;7;-1;7;1;7;2;7;2;7;2;6;2;4;2;3;3;1;4;1;5;0;6;0;6;-1;5;-2;4;-3;3;-112;0;-28;20;-27;20;-27;20;-26;20;-26;19;-25;19;-24;19;-23;18;-22;18;-21;18;-21;18;-21;18;-21;18;-22;18;-21;18;-21;17;-22;17;-22;17;-23;17;-23;16;-23;15;-23;13;-23;12;-23;11;-23;10;-24;9;-24;7;-25;6;-9;2;-3;0;0;-1;0;-1;0;-1;-1;1;-3;4;-9;11;-9;11;-10;11;-10;12;-11;12;-12;13;-13;13;-14;13;-15;13;-15;13;-16;14;-17;14;-18;14;-19;14;-20;14;-20;14;-20;14;-21;15;-21;15;-22;16;-23;17;-24;18;-24;18;-25;19;-25;19;-26;20;-27;21;-28;21,transition,EXP_S151,ZONE_02,sortie_zone,4.1,sortie_zone,sortie de la zone
967252815,-53,6,a0:9f:7a:73:2b:3e,384,-110;-96;8;0;-39;-12;-35;-11;-31;-10;-27;-7;-24;-2;-23;3;-23;9;-24;13;-26;16;-29;18;-33;18;-35;17;-36;14;-36;10;-34;7;-30;5;-26;4;-22;5;-17;7;-14;10;-13;14;-13;18;-14;21;-17;23;-20;24;-6;6;0;0;0;0;0;0;0;0;0;0;0;0;0;0;0;0;0;0;-5;-5;-18;-18;-17;-22;-14;-25;-10;-26;-6;-25;-4;-23;-3;-20;-4;-16;-7;-13;-10;-10;-15;-9;-19;-10;-23;-12;-26;-16;-27;-19;-26;-21;-25;-23;-24;-22;-23;-21;-22;-18;-23;-15;-26;-11;-29;-9;-33;-7;-37;-6;-40;-7;-110;0;-7;-3;-7;-4;-7;-4;-7;-5;-7;-6;-7;-6;-6;-7;-6;-8;-6;-9;-6;-9;-5;-9;-5;-10;-4;-10;-4;-10;-3;-11;-3;-11;-2;-11;-2;-11;-1;-11;-1;-11;0;-11;0;-10;1;-10;1;-10;1;-10;2;-10;2;-9;3;-9;1;-3;0;-1;-1;0;-1;0;-1;-1;1;-1;3;-1;10;-1;10;-1;10;0;10;1;10;2;9;3;9;4;8;5;8;5;7;6;6;6;6;6;5;7;4;7;3;7;2;7;1;7;0;6;0;6;-1;5;-2;5;-3;4;-3;4;-4;3;-5;2;-5;1;-6;1;-6;0;-110;0;-33;-12;-32;-12;-32;-11;-31;-11;-31;-10;-30;-10;-29;-9;-29;-8;-28;-8;-28;-7;-28;-7;-27;-6;-27;-6;-27;-6;-27;-7;-27;-7;-27;-7;-27;-8;-27;-8;-26;-9;-26;-9;-25;-10;-24;-10;-24;-11;-23;-12;-22;-13;-21;-15;-20;-16;-7;-6;-2;-2;0;0;0;0;0;0;-2;0;-6;-1;-15;-1;-15;-2;-16;-3;-16;-3;-17;-4;-17;-4;-18;-5;-19;-5;-20;-6;-20;-6;-21;-7;-21;-8;-22;-8;-22;-9;-23;-9;-23;-9;-24;-10;-24;-10;-25;-10;-26;-10;-27;-10;-28;-10;-29;-10;-30;-11;-31;-11;-32;-11;-32;-11;-33;-11,transition,EXP_S151,ZONE_02,sortie_zone,4.1,sortie_zone,sortie de la zone
967456419,-53,6,a0:9f:7a:73:2b:3e,384,-110;-96;8;0;35;5;32;5;28;4;24;2;21;-2;19;-7;19;-11;19;-15;21;-19;23;-21;26;-22;29;-21;30;-18;30;-15;29;-11;26;-9;22;-8;18;-8;14;-9;11;-12;9;-15;8;-18;9;-21;12;-24;14;-25;3;-7;0;0;0;0;0;0;0;0;0;0;0;0;0;0;0;0;0;0;4;3;18;13;16;16;14;20;11;21;8;21;5;19;4;17;4;13;6;10;10;7;13;6;18;6;22;7;24;10;25;13;25;15;24;17;23;16;22;15;21;13;22;10;24;6;26;3;29;1;33;0;36;0;-113;0;6;1;6;1;6;2;6;2;6;3;6;4;6;5;6;5;6;6;6;6;5;6;5;7;4;7;4;8;3;8;3;9;3;9;2;9;2;9;1;8;1;8;0;8;0;8;-1;8;-1;8;-1;8;-2;7;-2;7;-1;2;-1;0;0;-1;0;-1;0;-1;-2;0;-4;0;-10;2;-10;1;-10;0;-10;-1;-10;-1;-10;-2;-9;-3;-9;-4;-9;-5;-8;-5;-8;-6;-7;-6;-6;-6;-5;-6;-5;-7;-4;-7;-3;-7;-3;-6;-2;-6;-1;-6;0;-5;1;-5;2;-5;2;-4;3;-4;3;-3;4;-2;4;-2;-113;0;30;4;30;4;29;4;29;3;28;3;28;2;27;2;26;2;25;1;25;1;24;1;24;0;24;0;24;0;24;0;24;0;24;1;24;1;24;2;24;2;23;3;23;4;22;4;22;5;21;6;21;7;20;9;20;10;7;3;2;1;-1;-1;-1;0;-1;-1;1;-1;4;-1;12;-2;13;-2;13;-1;14;-1;14;-1;15;0;16;0;17;0;17;1;18;1;19;1;19;2;20;3;20;3;21;3;21;4;22;4;22;4;23;4;24;4;25;4;25;3;26;3;27;3;28;3;29;3;30;4;31;4,transition,EXP_S151,ZONE_02,sortie_zone,4.1,sortie_zone,sortie de la zone
967654815,-53,6,a0:9f:7a:73:2b:3e,384,-110;-96;8;0;-6;-36;-5;-33;-5;-29;-6;-25;-8;-21;-12;-18;-16;-16;-21;-16;-24;-17;-27;-19;-27;-21;-27;-24;-25;-26;-22;-27;-19;-26;-15;-24;-13;-21;-12;-17;-13;-12;-14;-9;-17;-7;-20;-6;-23;-6;-26;-8;-27;-10;-7;-3;0;0;0;0;0;0;0;0;0;0;0;0;0;0;0;0;0;0;1;-6;5;-23;8;-23;12;-22;15;-19;16;-16;16;-13;13;-11;10;-10;6;-11;3;-13;1;-16;-1;-20;0;-24;1;-27;3;-29;5;-30;7;-29;8;-28;7;-27;5;-26;2;-25;-2;-25;-5;-27;-8;-29;-10;-32;-11;-35;-102;0;-1;-7;-1;-7;-1;-7;0;-7;1;-8;2;-8;3;-8;3;-8;4;-8;4;-8;4;-8;5;-7;5;-7;6;-7;7;-7;7;-6;7;-6;8;-6;8;-5;8;-4;8;-4;8;-3;8;-3;8;-3;8;-2;8;-2;7;-1;7;-1;2;0;0;0;-1;0;-1;-1;-1;-1;0;0;2;2;5;7;5;8;4;8;3;8;2;8;1;9;0;9;0;9;-1;8;-2;8;-2;8;-3;7;-4;7;-4;6;-5;5;-5;4;-5;4;-5;3;-5;2;-5;2;-5;1;-5;0;-5;-1;-5;-2;-5;-3;-4;-3;-3;-4;-3;-4;-102;0;-6;-31;-6;-31;-6;-30;-6;-30;-6;-29;-6;-28;-6;-28;-6;-27;-6;-26;-6;-26;-7;-25;-7;-25;-7;-25;-7;-25;-7;-25;-6;-25;-6;-25;-5;-25;-4;-25;-3;-25;-2;-25;-2;-25;-1;-24;0;-24;1;-23;2;-23;4;-23;5;-23;2;-9;0;-3;-1;0;0;0;0;0;-1;-2;-3;-4;-7;-12;-7;-12;-7;-12;-7;-13;-6;-14;-6;-15;-6;-16;-6;-17;-6;-18;-6;-19;-6;-19;-6;-20;-5;-21;-5;-21;-5;-22;-4;-22;-4;-23;-5;-23;-5;-24;-5;-25;-5;-25;-5;-26;-6;-27;-6;-28;-6;-29;-7;-30;-7;-31;-7;-31,transition,EXP_S151,ZONE_02,sortie_zone,4.1,sortie_zone,sortie de la zone
967857286,-53,6,a0:9f:7a:73:2b:3e,384,-110;-96;8;0;13;-38;12;-34;10;-30;7;-27;2;-24;-3;-23;-9;-23;-13;-25;-16;-27;-18;-31;-17;-34;-16;-36;-13;-37;-10;-37;-7;-34;-5;-31;-4;-26;-5;-22;-7;-18;-10;-15;-14;-14;-18;-14;-21;-16;-23;-19;-24;-21;-6;-6;0;0;0;0;0;0;0;0;0;0;0;0;0;0;0;0;0;0;4;-5;18;-17;21;-15;24;-12;25;-8;24;-5;22;-2;18;-2;14;-3;11;-6;9;-10;9;-14;10;-19;13;-22;16;-25;19;-25;22;-25;23;-23;22;-22;21;-21;18;-21;15;-22;11;-25;9;-28;7;-32;7;-36;8;-39;-114;0;2;-7;2;-7;3;-7;3;-7;4;-7;5;-6;6;-6;7;-6;8;-6;8;-6;8;-6;8;-5;8;-4;9;-3;10;-3;10;-3;10;-2;10;-2;10;-1;9;-1;9;0;9;1;9;1;9;1;9;2;9;2;8;2;8;3;2;1;0;0;-1;-1;-1;-1;0;-1;0;1;0;3;1;10;1;10;0;10;-1;10;-2;10;-3;10;-4;9;-5;9;-6;8;-6;8;-7;7;-7;6;-7;5;-7;4;-8;3;-8;2;-8;1;-8;1;-7;0;-6;-1;-6;-2;-5;-3;-5;-4;-4;-4;-4;-5;-3;-5;-2;-5;-1;-5;-114;0;8;-33;8;-33;8;-32;8;-32;7;-31;7;-31;6;-30;6;-29;5;-28;5;-28;5;-28;5;-27;5;-27;5;-28;5;-27;5;-27;5;-27;6;-27;6;-27;7;-27;8;-26;9;-25;9;-24;10;-23;11;-23;12;-22;14;-21;15;-20;5;-7;1;-2;-1;0;0;0;-1;0;-1;-2;-1;-5;-2;-14;-1;-15;-1;-15;0;-16;0;-17;1;-17;1;-18;1;-19;2;-20;2;-21;3;-21;4;-22;5;-23;5;-23;6;-23;6;-24;6;-24;6;-25;7;-25;7;-26;7;-27;6;-28;6;-29;7;-30;7;-31;8;-32;8;-33;8;-34,transition,EXP_S151,ZONE_02,sortie_zone,4.1,sortie_zone,sortie de la zone
968059149,-53,6,a0:9f:7a:73:2b:3e,384,-110;-96;8;0;39;0;36;0;32;0;27;-2;23;-6;20;-10;19;-15;19;-20;21;-23;24;-25;27;-26;29;-25;31;-23;31;-20;30;-16;28;-13;24;-11;19;-10;15;-12;11;-14;9;-18;9;-21;10;-24;12;-27;15;-28;4;-7;0;0;0;0;0;0;0;0;0;0;0;0;0;0;0;0;0;0;5;2;23;10;22;13;20;17;17;20;13;21;10;19;8;17;8;13;9;9;12;6;16;4;21;3;25;4;28;6;30;9;30;11;29;13;28;13;27;12;26;10;26;6;27;2;29;-1;33;-3;36;-4;39;-5;-108;0;8;-1;8;-1;7;-1;7;0;7;1;7;3;7;4;8;5;8;5;8;5;8;5;7;6;6;7;5;8;5;9;5;9;5;9;5;9;4;8;3;8;2;9;1;9;1;10;1;10;1;9;0;9;0;8;-1;8;-1;2;-1;0;-1;-1;0;-1;0;-1;-1;0;-4;2;-9;6;-10;6;-10;5;-10;4;-10;3;-10;2;-10;1;-11;0;-11;-1;-11;-2;-11;-2;-10;-3;-9;-3;-8;-4;-7;-5;-6;-6;-6;-6;-5;-6;-5;-6;-3;-5;-2;-5;0;-5;1;-6;1;-6;2;-6;2;-5;3;-4;3;-3;-108;0;33;-5;33;-5;32;-5;32;-5;31;-5;31;-5;30;-5;29;-5;28;-5;27;-5;27;-5;27;-5;27;-5;27;-5;27;-5;27;-4;27;-4;27;-4;27;-3;27;-2;27;-1;26;0;25;1;25;2;24;4;24;5;24;7;23;8;8;3;2;1;-1;-1;-1;0;-1;0;1;-1;4;-3;12;-8;12;-8;13;-8;13;-8;14;-8;15;-8;16;-7;17;-7;18;-7;19;-7;20;-7;21;-7;21;-6;22;-5;23;-5;23;-5;24;-5;24;-5;25;-5;26;-5;27;-5;28;-6;29;-6;30;-6;31;-6;32;-6;33;-6;34;-6,transition,EXP_S151,ZONE_02,sortie_zone,4.1,sortie_zone,sortie de la zone
968252669,-54,6,a0:9f:7a:73:2b:3e,384,-110;-96;8;0;-23;-32;-21;-30;-19;-26;-18;-21;-18;-16;-20;-10;-24;-6;-28;-4;-31;-3;-35;-3;-37;-5;-39;-7;-38;-10;-36;-13;-32;-14;-28;-13;-24;-12;-21;-8;-19;-4;-18;0;-19;4;-21;8;-24;9;-28;9;-31;9;-8;2;0;0;0;0;0;0;0;0;0;0;0;0;0;0;0;0;0;0;-1;-7;-1;-25;2;-27;6;-27;10;-25;12;-22;12;-19;10;-16;7;-14;3;-13;-2;-14;-6;-16;-8;-20;-10;-24;-10;-28;-9;-31;-7;-33;-5;-33;-4;-32;-5;-30;-6;-27;-9;-25;-13;-24;-17;-24;-22;-25;-25;-27;-27;-30;-112;0;-4;-7;-4;-7;-3;-8;-3;-8;-2;-9;-1;-9;-1;-9;0;-10;1;-10;1;-10;1;-10;2;-10;3;-10;3;-10;4;-10;4;-10;5;-10;5;-9;5;-9;5;-9;6;-8;6;-8;7;-7;7;-7;7;-7;7;-6;7;-6;7;-5;2;-2;0;-1;-1;0;-1;-1;-1;-1;0;0;2;2;8;7;7;7;6;8;5;9;5;9;4;9;3;9;2;10;1;9;1;9;0;9;-1;9;-2;8;-3;8;-3;7;-4;7;-4;6;-4;5;-5;4;-5;3;-5;2;-5;2;-6;1;-6;0;-6;-1;-5;-3;-5;-3;-5;-4;-112;0;-18;-29;-18;-29;-18;-29;-18;-28;-18;-27;-18;-26;-18;-25;-18;-24;-18;-24;-18;-23;-18;-22;-18;-22;-18;-21;-18;-21;-18;-22;-18;-22;-18;-22;-17;-22;-17;-22;-16;-23;-15;-23;-15;-23;-14;-23;-13;-23;-12;-23;-10;-23;-9;-24;-8;-24;-3;-9;-1;-3;0;0;0;0;0;0;-2;-2;-4;-4;-10;-11;-10;-12;-10;-12;-10;-13;-10;-14;-10;-14;-10;-15;-11;-16;-11;-17;-11;-18;-11;-19;-11;-20;-11;-20;-11;-21;-11;-21;-11;-22;-11;-22;-12;-23;-12;-23;-13;-24;-14;-25;-14;-25;-15;-26;-16;-27;-17;-28;-17;-28;-18;-29;-18;-30,transition,EXP_S151,ZONE_02,sortie_zone,4.1,sortie_zone,sortie de la zone
968452127,-53,6,a0:9f:7a:73:2b:3e,384,-110;-96;8;0;33;-14;30;-12;26;-11;22;-12;16;-14;12;-17;9;-21;7;-25;7;-29;8;-32;10;-34;13;-34;16;-33;17;-30;18;-27;17;-23;14;-19;10;-17;6;-16;1;-16;-2;-18;-5;-20;-6;-24;-5;-27;-4;-30;-1;-8;0;0;0;0;0;0;0;0;0;0;0;0;0;0;0;0;0;0;5;1;22;5;23;9;21;13;19;16;16;17;13;16;10;13;9;10;9;5;11;2;14;-1;19;-3;23;-3;27;-2;29;0;30;2;29;3;28;4;27;3;25;1;24;-3;23;-7;24;-11;26;-14;29;-17;32;-18;-108;0;6;-5;6;-5;6;-5;6;-4;6;-3;7;-2;8;-1;9;-1;10;0;10;0;9;0;9;1;8;2;9;3;9;4;10;4;10;4;9;4;9;4;8;5;7;5;7;6;7;7;7;7;6;7;6;6;5;6;4;6;1;2;0;0;-1;-1;0;-1;0;-1;-1;1;-2;3;-6;9;-7;8;-7;8;-8;8;-8;7;-8;6;-9;4;-10;4;-10;3;-10;2;-10;2;-10;1;-9;0;-8;-1;-8;-2;-8;-3;-8;-3;-7;-3;-6;-3;-5;-3;-4;-4;-3;-5;-2;-6;-1;-6;-1;-6;0;-6;1;-5;2;-4;-108;0;23;-19;23;-20;23;-20;23;-20;22;-19;21;-19;21;-19;20;-18;19;-18;18;-18;18;-18;17;-18;17;-18;18;-18;18;-18;18;-18;18;-18;18;-17;18;-17;19;-16;19;-16;20;-15;19;-14;19;-13;20;-12;20;-10;21;-9;22;-8;8;-3;2;-1;-1;0;-1;0;-1;0;0;-2;2;-4;7;-11;7;-11;8;-11;8;-11;9;-11;10;-12;11;-12;12;-12;12;-13;13;-13;14;-13;15;-14;16;-14;16;-14;17;-14;17;-13;17;-14;18;-14;18;-15;19;-16;20;-16;20;-17;21;-18;21;-18;22;-19;22;-20;23;-20;23;-21,transition,EXP_S151,ZONE_02,sortie_zone,4.1,sortie_zone,sortie de la zone
968652521,-54,6,a0:9f:7a:73:2b:3e,384,-110;-96;8;0;-10;33;-10;30;-8;26;-5;23;-1;20;4;19;8;19;12;20;15;22;17;24;17;27;15;29;13;31;10;31;7;29;5;26;4;22;5;18;7;14;9;11;13;10;16;10;19;11;21;14;22;16;5;4;0;0;0;0;0;0;0;0;0;0;0;0;0;0;0;0;0;0;-4;4;-16;15;-19;14;-22;11;-23;7;-22;4;-20;2;-17;1;-14;2;-11;5;-9;8;-8;12;-8;16;-10;20;-13;22;-16;22;-19;22;-20;21;-20;20;-18;19;-16;19;-13;19;-10;21;-7;24;-5;28;-4;31;-5;33;-108;0;-3;6;-3;6;-3;6;-4;5;-5;5;-5;5;-6;5;-7;5;-7;5;-8;5;-8;4;-8;4;-8;3;-9;3;-9;2;-10;2;-10;2;-10;2;-9;1;-9;0;-9;0;-9;-1;-9;-1;-9;-1;-9;-1;-9;-2;-8;-2;-8;-3;-3;-1;-1;-1;0;0;0;0;-1;0;-1;-2;-1;-4;-2;-10;-1;-10;0;-10;1;-10;1;-10;2;-9;3;-9;4;-9;4;-8;5;-8;5;-7;5;-7;5;-6;6;-5;6;-4;6;-3;6;-2;6;-2;5;-1;4;0;4;0;3;1;3;2;3;3;3;3;2;3;1;4;0;4;-108;0;-8;28;-7;28;-7;28;-7;27;-6;27;-6;26;-6;25;-5;25;-5;24;-4;24;-3;24;-3;23;-3;23;-3;23;-3;23;-4;23;-4;23;-4;23;-5;23;-6;23;-6;22;-7;22;-7;21;-8;21;-8;20;-10;20;-11;19;-12;18;-5;6;-2;1;0;-1;-1;-1;0;-1;0;1;0;4;0;12;-1;12;-1;12;-2;13;-2;14;-3;14;-3;15;-3;16;-4;16;-4;17;-5;17;-5;18;-5;19;-6;19;-6;19;-6;19;-7;20;-7;20;-7;21;-7;22;-7;23;-7;24;-7;25;-7;25;-7;27;-7;27;-7;28;-7;29,transition,EXP_S151,ZONE_02,sortie_zone,4.1,sortie_zone,sortie de la zone
968852487,-53,6,a0:9f:7a:73:2b:3e,384,-110;-96;8;0;33;-14;31;-12;27;-11;23;-12;18;-13;14;-16;11;-20;10;-24;10;-27;11;-31;13;-32;16;-32;18;-30;20;-28;20;-24;19;-21;17;-18;13;-16;9;-16;5;-17;2;-19;-1;-22;-1;-25;0;-27;2;-29;0;-8;0;0;0;0;0;0;0;0;0;0;0;0;0;0;0;0;0;0;5;0;22;1;23;5;23;9;21;12;18;13;15;13;12;11;11;8;11;4;12;1;15;-2;19;-4;23;-5;26;-4;29;-2;30;0;29;1;28;2;27;1;25;0;24;-3;24;-7;25;-11;27;-14;29;-17;32;-18;-107;0;6;-3;6;-3;6;-2;6;-2;6;-1;7;0;7;1;8;2;8;2;8;2;8;2;8;3;7;4;7;4;7;5;7;6;7;6;7;6;6;6;5;6;5;6;4;7;4;7;4;7;4;7;3;7;3;7;2;7;0;2;0;0;-1;-1;0;-1;0;-1;-1;0;-3;2;-7;7;-7;7;-8;6;-8;5;-9;4;-9;3;-9;2;-10;2;-10;1;-10;0;-10;0;-9;-1;-8;-2;-8;-2;-7;-3;-7;-4;-7;-4;-6;-4;-5;-4;-4;-4;-3;-5;-2;-5;-1;-5;0;-6;0;-5;1;-5;2;-4;3;-4;-107;0;28;-14;27;-14;27;-14;26;-14;26;-14;25;-14;24;-14;23;-14;22;-14;22;-14;21;-14;21;-14;22;-13;22;-14;22;-13;22;-13;22;-13;22;-13;22;-12;22;-11;22;-10;22;-9;22;-8;22;-7;22;-6;23;-5;23;-4;23;-2;8;-1;2;0;-1;0;-1;0;-1;0;0;-2;3;-4;9;-9;10;-9;10;-9;11;-9;11;-9;12;-9;13;-10;14;-10;15;-10;15;-10;16;-10;17;-10;18;-10;19;-10;19;-10;20;-10;20;-10;21;-10;21;-11;22;-11;23;-12;23;-12;24;-13;25;-13;26;-14;26;-14;27;-14;28;-15,transition,EXP_S151,ZONE_02,sortie_zone,4.1,sortie_zone,sortie de la zone
969052301,-54,6,a0:9f:7a:73:2b:3e,384,-110;-96;8;0;32;-22;30;-20;26;-18;21;-17;16;-18;11;-20;7;-23;4;-27;2;-32;3;-35;5;-38;7;-38;11;-37;13;-35;14;-32;14;-28;12;-24;8;-20;4;-19;0;-18;-4;-19;-8;-22;-9;-25;-9;-28;-8;-31;-2;-8;0;0;0;0;0;0;0;0;0;0;0;0;0;0;0;0;0;0;6;-1;25;-1;26;2;26;7;24;10;21;12;18;13;14;11;12;8;12;3;13;-1;15;-5;19;-8;24;-10;28;-9;30;-8;32;-6;32;-4;31;-3;29;-4;27;-5;25;-8;24;-12;24;-17;25;-21;27;-24;29;-26;-104;0;5;-5;6;-5;6;-4;7;-4;7;-3;8;-2;8;-2;9;-1;9;-1;9;0;9;0;9;1;9;1;9;2;10;3;10;3;10;4;9;4;9;4;8;5;8;5;7;6;7;6;7;6;7;6;6;6;5;7;5;7;1;2;0;0;-1;-1;0;-1;0;-1;-1;1;-2;3;-6;9;-7;9;-8;8;-8;7;-9;6;-9;6;-10;5;-10;4;-10;3;-10;2;-10;2;-10;1;-9;0;-9;-1;-9;-2;-8;-3;-8;-3;-7;-3;-6;-4;-5;-4;-4;-5;-3;-5;-2;-5;-2;-6;-1;-6;0;-6;1;-5;2;-5;-104;0;25;-22;25;-22;24;-22;24;-22;23;-21;22;-21;21;-21;21;-21;20;-21;19;-21;19;-20;19;-20;18;-21;18;-21;18;-21;18;-21;19;-20;19;-20;19;-20;19;-19;20;-18;20;-17;20;-16;21;-15;21;-14;22;-13;22;-11;23;-10;8;-4;2;-1;-1;0;-1;0;-1;0;0;-2;2;-4;8;-12;9;-12;9;-12;10;-12;10;-12;11;-13;12;-13;13;-13;13;-14;14;-14;15;-14;16;-14;17;-14;18;-14;18;-14;19;-15;19;-15;20;-16;20;-16;20;-17;21;-18;22;-19;22;-20;23;-20;23;-21;24;-21;25;-22;26;-22,transition,EXP_S151,ZONE_02,sortie_zone,4.1,sortie_zone,sortie de la zone
969254352,-54,6,a0:9f:7a:73:2b:3e,384,-110;-96;8;0;-5;-39;-4;-36;-4;-32;-6;-27;-9;-23;-13;-19;-18;-18;-22;-17;-26;-18;-29;-20;-30;-23;-30;-26;-27;-28;-24;-29;-21;-28;-17;-26;-15;-22;-13;-18;-14;-13;-16;-9;-19;-7;-22;-5;-26;-6;-29;-7;-31;-10;-8;-3;0;0;0;0;0;0;0;0;0;0;0;0;0;0;0;0;0;0;1;-6;9;-24;12;-23;16;-22;19;-19;20;-15;19;-12;16;-10;12;-9;8;-10;4;-13;2;-17;1;-21;2;-26;4;-29;6;-31;8;-32;10;-31;10;-30;9;-28;7;-27;4;-27;0;-27;-4;-29;-7;-32;-9;-36;-10;-39;-116;0;-1;-8;-1;-8;-1;-8;0;-8;1;-8;2;-8;4;-8;4;-9;5;-9;5;-9;5;-9;5;-8;6;-8;7;-7;8;-7;8;-7;8;-7;8;-7;8;-6;8;-5;8;-4;9;-3;9;-3;9;-3;9;-3;9;-2;8;-2;8;-1;3;-1;0;0;-1;0;-1;-1;-1;-1;0;0;2;3;6;9;5;9;4;9;3;10;2;10;1;10;0;10;-1;10;-2;10;-3;10;-3;9;-3;8;-4;8;-5;7;-5;6;-6;5;-6;5;-6;4;-6;3;-6;2;-5;0;-5;-1;-6;-2;-6;-2;-5;-3;-5;-3;-4;-4;-3;-5;-116;0;-6;-33;-6;-33;-6;-33;-6;-32;-6;-31;-7;-31;-7;-30;-7;-29;-7;-28;-8;-27;-8;-27;-8;-27;-8;-27;-8;-27;-8;-27;-7;-27;-7;-27;-6;-27;-6;-27;-5;-27;-4;-27;-3;-27;-2;-26;-2;-26;0;-26;1;-26;3;-25;4;-25;1;-9;0;-3;-1;0;0;0;0;0;-1;-2;-3;-5;-7;-13;-7;-13;-6;-14;-6;-14;-6;-15;-6;-16;-6;-17;-6;-18;-6;-19;-6;-20;-6;-21;-5;-22;-5;-22;-5;-23;-4;-23;-4;-24;-4;-24;-4;-25;-5;-26;-5;-27;-5;-27;-5;-28;-6;-29;-6;-30;-7;-31;-7;-32;-7;-33;-7;-34,transition,EXP_S151,ZONE_02,sortie_zone,4.1,sortie_zone,sortie de la zone
969452254,-54,6,a0:9f:7a:73:2b:3e,384,-110;-96;8;0;-15;36;-15;33;-12;29;-8;25;-3;23;2;21;7;22;12;24;15;26;17;29;17;32;15;35;12;36;9;35;6;33;4;30;3;25;4;20;7;16;10;13;14;12;18;12;21;13;23;16;24;19;6;5;0;0;0;0;0;0;0;0;0;0;0;0;0;0;0;0;0;0;-5;3;-22;13;-24;11;-27;7;-27;3;-26;0;-23;-2;-19;-2;-15;0;-12;3;-11;7;-11;12;-13;16;-16;20;-19;22;-22;22;-25;22;-26;20;-25;19;-23;18;-20;18;-17;20;-14;23;-11;26;-10;30;-10;35;-10;37;-101;0;-5;7;-5;7;-5;7;-5;6;-6;5;-7;4;-8;4;-9;4;-10;5;-10;5;-9;5;-9;3;-10;2;-10;1;-11;1;-12;1;-12;1;-12;1;-11;0;-10;-1;-10;-2;-10;-3;-11;-3;-11;-3;-11;-3;-10;-3;-9;-3;-8;-3;-3;-2;-1;-1;0;0;-1;0;-1;0;0;-2;0;-5;1;-12;2;-12;2;-12;3;-11;4;-11;5;-10;6;-9;7;-8;8;-7;8;-7;8;-7;7;-6;7;-5;7;-3;7;-2;7;-1;7;-1;7;-1;6;0;5;0;4;1;3;3;3;4;3;4;2;4;2;4;1;4;0;4;-101;0;-14;30;-14;30;-13;29;-13;29;-12;28;-12;28;-11;27;-10;27;-9;26;-8;26;-8;26;-8;26;-8;26;-8;26;-8;26;-8;26;-8;25;-9;25;-10;25;-10;25;-11;24;-11;23;-11;23;-12;22;-12;21;-13;21;-15;20;-16;20;-6;7;-2;2;0;-1;0;-1;0;-1;-1;1;-2;4;-4;13;-4;13;-5;13;-5;14;-6;15;-7;15;-7;16;-8;16;-9;17;-9;17;-9;18;-10;19;-11;19;-11;20;-12;20;-12;20;-12;21;-12;21;-12;22;-13;23;-13;24;-13;25;-13;26;-13;27;-13;28;-14;29;-14;30;-14;31,transition,EXP_S151,ZONE_02,sortie_zone,4.1,sortie_zone,sortie de la zone
969653143,-53,6,a0:9f:7a:73:2b:3e,384,-110;-96;8;0;-24;-29;-21;-27;-19;-24;-18;-19;-18;-14;-20;-10;-22;-6;-26;-3;-29;-3;-32;-3;-34;-5;-35;-7;-35;-10;-33;-12;-29;-13;-26;-13;-22;-12;-19;-8;-17;-5;-17;-1;-18;3;-20;5;-23;6;-26;6;-29;5;-8;1;0;0;0;0;0;0;0;0;0;0;0;0;0;0;0;0;0;0;-2;-6;-7;-23;-4;-24;0;-25;4;-25;6;-23;7;-20;6;-17;4;-14;0;-13;-4;-13;-7;-15;-10;-18;-12;-21;-12;-25;-12;-28;-10;-29;-9;-29;-8;-29;-8;-27;-9;-25;-11;-23;-14;-21;-18;-21;-22;-22;-25;-24;-27;-26;-107;0;-6;-5;-6;-5;-6;-5;-5;-6;-4;-6;-3;-7;-3;-8;-2;-9;-3;-9;-3;-9;-2;-9;-2;-9;0;-9;0;-9;1;-10;1;-10;1;-10;1;-10;2;-9;2;-8;3;-8;4;-8;5;-8;5;-8;5;-8;4;-8;4;-7;5;-6;1;-2;0;-1;-1;0;-1;-1;-1;-1;1;0;3;0;9;2;9;2;9;3;8;3;8;4;7;5;6;6;6;6;5;7;5;7;4;7;3;7;2;6;1;6;0;6;-1;6;-1;6;-1;6;-2;5;-2;4;-3;3;-4;2;-5;2;-5;2;-5;1;-5;0;-5;-1;-4;-2;-107;0;-25;-19;-25;-19;-25;-19;-25;-19;-24;-18;-24;-17;-23;-17;-23;-16;-23;-15;-23;-15;-22;-14;-22;-14;-22;-14;-22;-14;-22;-15;-22;-15;-21;-15;-21;-16;-21;-16;-20;-17;-19;-17;-18;-17;-17;-17;-16;-17;-15;-18;-14;-19;-13;-20;-12;-21;-4;-8;-1;-3;0;0;0;0;0;0;-2;-1;-5;-2;-13;-4;-13;-5;-13;-5;-13;-6;-14;-6;-15;-7;-15;-8;-16;-9;-16;-9;-17;-10;-17;-11;-18;-11;-18;-12;-18;-13;-18;-13;-18;-14;-18;-14;-19;-14;-20;-15;-21;-15;-21;-16;-22;-16;-23;-16;-24;-17;-25;-17;-26;-18;-26;-18;-27;-19,transition,EXP_S151,ZONE_02,sortie_zone,4.1,sortie_zone,sortie de la zone
969853752,-53,6,a0:9f:7a:73:2b:3e,384,-110;-96;8;0;18;-31;17;-28;14;-25;10;-22;6;-21;1;-21;-4;-22;-8;-24;-10;-27;-11;-30;-10;-33;-8;-34;-6;-35;-3;-34;-1;-31;1;-28;1;-24;-1;-20;-4;-17;-8;-14;-11;-14;-15;-15;-17;-17;-18;-20;-18;-22;-5;-6;0;0;0;0;0;0;0;0;0;0;0;0;0;0;0;0;0;0;4;-3;20;-11;22;-8;24;-5;24;-1;22;2;19;3;16;3;13;1;11;-3;10;-6;11;-11;13;-14;16;-17;20;-18;22;-18;24;-17;25;-16;24;-15;22;-14;20;-15;17;-17;14;-20;13;-23;12;-27;13;-30;14;-33;-109;0;3;-8;2;-8;2;-8;2;-7;3;-6;5;-5;6;-5;7;-6;8;-6;7;-6;7;-6;7;-5;7;-4;8;-3;9;-3;10;-3;10;-3;9;-3;8;-2;8;-1;8;0;8;1;8;1;9;1;8;1;8;1;7;1;7;1;2;0;0;0;-1;0;-1;-1;0;-1;0;1;0;3;0;9;0;10;-1;10;-2;9;-2;9;-3;8;-4;8;-6;7;-6;7;-7;7;-7;7;-7;6;-6;5;-7;4;-7;2;-8;2;-8;1;-8;1;-7;1;-5;0;-4;-2;-4;-3;-4;-5;-4;-5;-4;-5;-3;-5;-2;-4;-1;-4;-109;0;8;-30;7;-29;7;-29;7;-29;7;-28;6;-28;6;-27;5;-26;5;-25;4;-25;4;-25;3;-25;4;-25;4;-25;4;-25;4;-25;4;-25;4;-25;5;-25;6;-24;6;-24;7;-23;8;-22;8;-21;9;-21;10;-20;11;-20;12;-19;4;-7;1;-2;-1;0;0;0;-1;0;-1;-2;0;-5;0;-13;0;-13;0;-14;1;-14;1;-15;1;-16;2;-16;2;-17;3;-18;3;-18;3;-19;4;-19;5;-20;6;-20;6;-21;6;-21;6;-21;6;-22;6;-23;6;-24;6;-25;7;-25;7;-26;7;-27;7;-28;7;-29;8;-30;8;-31,transition,EXP_S151,ZONE_02,sortie_zone,4.1,sortie_zone,sortie de la zone
970061549,-53,6,a0:9f:7a:73:2b:3e,384,-110;-96;8;0;-34;17;-32;14;-28;13;-23;13;-17;14;-13;17;-9;20;-7;24;-6;28;-7;31;-9;33;-12;34;-15;33;-17;31;-17;27;-17;24;-15;20;-11;17;-6;16;-2;16;2;17;4;19;5;23;5;26;4;28;0;7;0;0;0;0;0;0;0;0;0;0;0;0;0;0;0;0;0;0;-6;-1;-24;-3;-25;-7;-24;-11;-22;-14;-19;-15;-16;-15;-13;-13;-12;-9;-12;-5;-13;-1;-16;2;-20;4;-24;5;-28;4;-31;2;-32;0;-32;-1;-30;-2;-28;-1;-27;1;-25;4;-24;8;-25;12;-27;16;-29;19;-32;21;-106;0;-7;3;-7;3;-7;3;-7;3;-7;2;-8;0;-9;0;-10;-1;-10;-1;-10;-1;-10;-1;-10;-2;-9;-3;-10;-4;-10;-5;-10;-5;-10;-5;-10;-5;-9;-5;-9;-5;-8;-6;-8;-7;-8;-7;-8;-7;-7;-7;-7;-7;-6;-7;-6;-7;-2;-3;-1;-1;0;0;-1;0;-1;0;0;-1;2;-3;6;-9;7;-8;7;-8;8;-7;8;-6;8;-5;8;-4;9;-3;9;-2;9;-1;9;-1;8;-1;8;0;7;1;6;2;6;3;6;3;5;3;5;3;3;3;2;3;1;4;0;5;0;5;-1;5;-1;5;-2;4;-3;3;-106;0;-27;17;-27;17;-26;17;-25;17;-25;17;-24;17;-23;16;-23;16;-22;17;-21;17;-20;17;-20;17;-20;17;-19;17;-19;17;-19;17;-20;16;-20;16;-20;16;-21;15;-21;14;-21;13;-20;13;-20;12;-21;11;-21;10;-22;9;-22;8;-9;2;-3;0;0;-1;0;-1;0;-1;-1;1;-4;3;-10;9;-11;9;-11;9;-12;9;-12;9;-13;9;-14;10;-15;10;-16;10;-17;10;-17;10;-18;10;-19;11;-19;11;-20;11;-20;11;-21;11;-21;11;-22;12;-22;13;-23;13;-24;14;-24;15;-25;15;-25;16;-26;17;-27;18;-27;18,transition,EXP_S151,ZONE_02,sortie_zone,4.1,sortie_zone,sortie de la zone
970252492,-53,6,a0:9f:7a:73:2b:3e,384,-110;-96;8;0;31;20;28;19;25;16;22;12;21;7;21;2;22;-3;25;-7;27;-9;31;-10;33;-10;35;-7;36;-4;35;-1;32;1;28;2;24;2;20;0;17;-3;15;-7;14;-10;15;-14;17;-16;21;-18;23;-18;6;-5;0;0;0;0;0;0;0;0;0;0;0;0;0;0;0;0;0;0;3;5;11;21;8;23;5;25;1;25;-2;23;-3;21;-3;17;-1;14;2;12;6;11;10;11;14;14;17;17;19;20;18;24;17;26;16;26;15;26;14;24;15;21;17;18;20;16;23;14;27;13;31;14;34;15;-117;0;6;4;6;4;5;4;5;5;4;5;4;6;3;7;3;8;3;8;3;8;3;8;2;8;1;9;0;9;-1;10;-1;10;-1;10;-1;10;-2;9;-2;9;-3;8;-4;8;-4;8;-4;8;-4;8;-4;8;-5;7;-5;6;-2;2;-1;0;0;-1;0;0;0;0;-2;0;-4;-1;-11;-2;-11;-3;-11;-3;-10;-4;-10;-5;-9;-6;-8;-6;-7;-7;-7;-8;-6;-8;-6;-8;-5;-8;-4;-8;-3;-8;-2;-8;-1;-8;0;-8;0;-7;0;-7;1;-6;2;-5;3;-4;4;-4;4;-3;4;-3;4;-2;4;-1;4;0;-117;0;27;16;27;15;27;15;26;14;26;14;25;13;25;13;24;12;24;11;24;11;23;11;23;11;23;11;23;11;23;11;23;11;23;11;22;11;22;12;22;12;21;12;20;13;19;13;18;14;18;15;17;16;16;17;15;18;5;6;1;2;-1;-1;-1;-1;-1;-1;1;0;4;1;13;3;13;3;13;4;13;4;14;5;15;5;15;6;16;6;17;7;17;8;18;8;18;9;18;10;19;11;19;11;19;12;20;12;20;12;21;12;22;13;23;13;24;13;24;13;25;14;26;14;27;15;27;15;28;16,transition,EXP_S151,ZONE_02,sortie_zone,4.1,sortie_zone,sortie de la zone
970452209,-53,6,a0:9f:7a:73:2b:3e,384,-110;-96;8;0;16;-32;15;-29;13;-26;9;-23;4;-21;-1;-21;-5;-21;-9;-23;-12;-25;-13;-29;-13;-32;-11;-34;-9;-34;-5;-34;-3;-31;-1;-28;-1;-24;-2;-20;-5;-16;-8;-14;-12;-13;-15;-13;-18;-15;-20;-18;-20;-20;-5;-6;0;0;0;0;0;0;0;0;0;0;0;0;0;0;0;0;0;0;4;-4;19;-12;21;-10;23;-7;24;-3;22;0;20;2;17;2;13;0;11;-3;9;-7;10;-11;12;-15;14;-18;18;-20;21;-20;22;-19;23;-18;23;-16;22;-16;19;-16;16;-18;13;-20;11;-24;10;-28;10;-31;11;-34;-114;0;3;-6;4;-5;5;-5;5;-5;6;-4;7;-4;7;-4;7;-3;8;-3;8;-3;8;-2;9;-2;9;-1;9;0;9;0;9;0;9;1;9;2;9;2;9;2;8;3;8;3;8;3;7;4;7;4;6;4;6;5;6;5;2;2;0;0;-1;-1;0;-1;0;-1;-1;1;-1;3;-3;9;-3;9;-4;8;-5;8;-6;7;-7;7;-7;6;-8;6;-8;5;-8;4;-8;3;-8;3;-8;2;-8;1;-8;0;-8;-1;-7;-2;-7;-2;-6;-3;-5;-3;-5;-4;-4;-4;-3;-4;-3;-5;-2;-5;-1;-5;0;-6;1;-6;-114;0;18;-25;18;-25;17;-24;17;-24;16;-23;15;-23;15;-23;14;-22;14;-22;13;-22;13;-21;13;-21;12;-21;12;-21;12;-22;12;-22;13;-21;13;-21;13;-21;14;-20;14;-19;14;-18;15;-18;15;-17;16;-16;17;-15;17;-14;18;-13;6;-5;2;-2;-1;0;-1;0;-1;0;0;-2;1;-5;4;-12;5;-12;5;-13;6;-13;6;-13;7;-14;7;-14;8;-15;9;-16;9;-16;10;-16;11;-16;12;-16;12;-16;13;-17;13;-17;14;-18;14;-18;14;-19;14;-19;15;-20;15;-21;15;-22;16;-23;16;-23;17;-24;18;-24;18;-25,transition,EXP_S151,ZONE_02,sortie_zone,4.1,sortie_zone,sortie de la zone
970655654,-53,6,a0:9f:7a:73:2b:3e,384,-110;-96;8;0;38;-12;34;-11;30;-10;25;-10;20;-13;15;-16;12;-21;11;-25;11;-30;13;-33;16;-35;19;-35;21;-33;23;-30;23;-27;21;-22;18;-19;14;-17;9;-16;4;-17;1;-19;-1;-23;-2;-26;-1;-30;1;-32;0;-9;0;0;0;0;0;0;0;0;0;0;0;0;0;0;0;0;0;0;6;1;24;6;24;10;23;14;20;17;17;18;13;17;11;15;10;11;10;7;13;3;16;0;21;-2;25;-2;29;-1;32;2;32;4;32;5;30;6;29;5;27;3;26;-1;26;-5;27;-9;30;-13;33;-15;36;-17;-119;0;8;-4;8;-5;7;-5;7;-4;7;-2;7;0;8;1;10;1;11;1;11;1;10;1;9;2;8;3;8;5;9;6;10;6;10;6;9;5;8;5;7;6;6;7;5;8;5;9;6;9;6;8;5;7;4;7;3;7;1;2;0;0;-1;-1;0;-1;0;-1;-1;1;-3;3;-6;9;-7;9;-8;9;-8;8;-9;7;-9;5;-9;4;-10;3;-11;2;-12;2;-11;2;-10;1;-9;0;-9;-1;-8;-3;-8;-4;-8;-4;-8;-4;-7;-4;-5;-4;-3;-4;-2;-5;-1;-6;-1;-7;-1;-7;0;-6;1;-5;2;-4;-119;0;28;-18;28;-18;27;-18;27;-18;26;-18;26;-17;25;-17;24;-17;23;-17;22;-17;22;-17;22;-17;22;-17;22;-17;22;-16;22;-16;22;-15;22;-15;23;-15;23;-14;24;-13;23;-11;23;-11;23;-10;23;-9;24;-8;24;-6;25;-4;9;-2;2;-1;-1;0;-1;0;-1;0;0;-2;3;-5;8;-12;8;-12;9;-12;10;-12;10;-12;12;-13;13;-13;14;-13;14;-13;15;-13;16;-14;17;-14;17;-14;18;-14;19;-14;20;-14;20;-14;20;-14;21;-14;22;-15;23;-16;24;-16;24;-16;25;-17;26;-18;26;-19;27;-20;28;-20,transition,EXP_S151,ZONE_02,sortie_zone,4.1,sortie_zone,sortie de la zone
970853784,-53,6,a0:9f:7a:73:2b:3e,384,-110;-96;8;0;7;-36;7;-33;5;-29;3;-26;-1;-22;-6;-21;-10;-20;-15;-21;-18;-23;-20;-26;-20;-28;-19;-31;-17;-32;-14;-32;-11;-30;-8;-27;-7;-24;-7;-20;-9;-16;-12;-13;-15;-11;-18;-11;-21;-12;-23;-14;-24;-17;-7;-5;0;0;0;0;0;0;0;0;0;0;0;0;0;0;0;0;0;0;3;-5;14;-18;17;-17;20;-14;22;-11;21;-8;19;-5;17;-4;13;-5;10;-7;7;-10;6;-14;7;-19;9;-22;11;-24;14;-26;16;-25;17;-25;17;-23;16;-22;14;-22;11;-22;7;-24;5;-27;3;-30;2;-34;2;-37;-106;0;2;-7;2;-7;2;-7;2;-7;3;-6;4;-6;5;-6;6;-6;7;-6;7;-6;7;-6;7;-5;7;-4;8;-4;9;-3;9;-3;9;-3;9;-3;9;-2;8;-2;8;-1;8;0;9;0;9;0;8;0;8;1;7;1;7;1;2;0;0;0;-1;-1;-1;-1;0;-1;0;1;0;3;1;9;0;9;-1;9;-1;9;-2;9;-3;8;-4;8;-5;8;-6;7;-6;7;-6;6;-6;6;-6;5;-7;4;-7;3;-7;2;-7;1;-7;1;-6;0;-6;0;-5;-2;-5;-3;-4;-3;-4;-4;-4;-4;-3;-5;-2;-5;-1;-5;-106;0;7;-31;6;-31;6;-30;6;-30;5;-29;5;-28;4;-28;4;-27;4;-26;3;-26;3;-25;3;-25;2;-26;2;-26;3;-26;3;-26;3;-26;3;-25;4;-25;4;-25;5;-25;6;-24;6;-23;7;-23;8;-22;9;-22;11;-21;12;-20;4;-8;1;-2;-1;0;0;0;-1;0;-1;-2;-1;-5;-1;-14;0;-14;0;-14;0;-15;1;-15;1;-16;1;-17;2;-18;2;-18;3;-19;3;-20;4;-20;4;-21;5;-21;5;-22;6;-22;6;-22;6;-23;6;-23;6;-24;6;-25;6;-26;6;-27;6;-28;6;-29;6;-30;6;-31;6;-31,transition,EXP_S151,ZONE_02,sortie_zone,4.1,sortie_zone,sortie de la zone
971071501,-53,6,a0:9f:7a:73:2b:3e,384,-110;-96;8;0;-33;-16;-30;-15;-26;-13;-23;-10;-21;-5;-21;0;-22;4;-24;8;-27;10;-30;10;-32;10;-34;8;-35;6;-34;3;-32;1;-28;-1;-24;-1;-20;1;-17;3;-15;6;-15;10;-15;13;-17;15;-20;17;-23;17;-6;4;0;0;0;0;0;0;0;0;0;0;0;0;0;0;0;0;0;0;-4;-5;-14;-18;-12;-21;-9;-23;-6;-24;-3;-23;-1;-21;-1;-18;-2;-15;-5;-12;-8;-10;-12;-10;-16;-12;-19;-15;-21;-18;-21;-20;-20;-22;-19;-23;-18;-23;-17;-21;-18;-19;-19;-16;-21;-14;-25;-12;-28;-11;-32;-11;-34;-12;-116;0;-7;-3;-7;-3;-7;-3;-6;-4;-6;-4;-5;-6;-5;-7;-5;-8;-6;-8;-6;-9;-5;-8;-4;-8;-3;-9;-3;-9;-2;-10;-2;-10;-2;-11;-2;-10;-2;-9;-1;-9;0;-9;1;-9;2;-9;2;-9;2;-9;2;-9;2;-8;2;-7;1;-3;0;-1;-1;0;-1;0;-1;-1;0;-1;3;-1;9;-2;9;-1;9;-1;9;0;9;1;8;2;8;3;7;4;7;5;7;5;6;5;6;5;5;5;3;6;2;6;2;6;1;6;1;6;1;5;0;4;-2;3;-3;3;-4;3;-4;3;-5;3;-5;2;-5;1;-5;0;-116;0;-29;-10;-29;-10;-29;-9;-29;-9;-28;-9;-27;-9;-27;-8;-26;-7;-25;-7;-25;-6;-25;-5;-25;-5;-25;-5;-25;-6;-24;-6;-25;-7;-25;-7;-25;-7;-24;-8;-24;-9;-23;-10;-22;-10;-21;-11;-21;-11;-20;-12;-20;-13;-19;-14;-18;-15;-7;-6;-2;-2;0;0;0;-1;0;0;-2;0;-5;0;-13;0;-14;0;-14;-1;-14;-1;-15;-1;-16;-2;-17;-2;-17;-3;-18;-3;-18;-4;-19;-4;-20;-5;-21;-5;-21;-6;-21;-6;-21;-7;-21;-7;-22;-7;-23;-7;-24;-7;-25;-8;-25;-8;-26;-8;-27;-8;-28;-8;-29;-8;-30;-8;-30;-8,transition,EXP_S151,ZONE_02,sortie_zone,4.1,sortie_zone,sortie de la zone
971251014,-53,6,a0:9f:7a:73:2b:3e,384,-110;-96;8;0;-19;31;-18;28;-16;25;-11;22;-7;20;-1;19;4;21;8;23;11;26;12;29;11;32;9;34;6;35;4;34;1;31;-1;28;-1;23;1;19;4;15;7;13;11;12;15;13;18;14;20;17;20;20;5;5;0;0;0;0;0;0;0;0;0;0;0;0;0;0;0;0;0;0;-6;2;-22;9;-24;6;-26;2;-26;-1;-24;-4;-21;-6;-17;-5;-14;-3;-12;1;-11;5;-12;9;-14;13;-18;16;-21;17;-24;17;-26;16;-27;15;-26;13;-24;13;-21;14;-19;16;-16;19;-14;23;-13;26;-14;30;-14;33;-105;0;-3;6;-4;6;-4;6;-5;6;-6;5;-6;5;-7;5;-8;5;-9;5;-9;5;-9;4;-9;3;-9;2;-10;2;-11;1;-11;1;-11;1;-11;1;-11;0;-10;0;-10;-1;-10;-2;-10;-2;-10;-2;-10;-2;-10;-3;-9;-3;-9;-4;-3;-2;-1;-1;0;0;0;0;-1;0;-1;-2;-1;-4;0;-11;0;-11;1;-11;2;-11;3;-10;4;-10;4;-9;5;-8;6;-8;6;-8;7;-7;7;-6;6;-5;7;-4;7;-3;7;-2;7;-1;7;-1;6;-1;5;0;4;1;4;2;3;3;3;4;3;4;2;4;1;4;0;4;-105;0;-11;29;-11;28;-11;28;-10;27;-10;27;-9;26;-8;26;-8;25;-7;25;-7;24;-7;24;-7;24;-7;24;-7;24;-7;24;-7;24;-7;24;-7;24;-8;24;-8;23;-9;23;-9;22;-10;21;-10;20;-11;20;-13;19;-14;19;-15;18;-6;6;-2;1;0;-1;0;-1;0;-1;-1;1;-1;4;-2;12;-3;13;-3;13;-4;13;-4;14;-4;15;-5;15;-5;16;-6;17;-6;17;-7;18;-7;18;-8;19;-9;19;-9;19;-10;19;-10;20;-10;21;-10;21;-10;22;-10;23;-10;24;-10;25;-10;26;-11;27;-11;27;-11;28;-11;29,transition,EXP_S151,ZONE_02,sortie_zone,4.1,sortie_zone,sortie de la zone
971452251,-53,6,a0:9f:7a:73:2b:3e,384,-110;-96;8;0;-13;-34;-11;-32;-10;-28;-10;-23;-12;-19;-15;-15;-19;-12;-23;-11;-26;-11;-29;-13;-31;-15;-31;-18;-30;-20;-27;-21;-23;-22;-20;-20;-17;-17;-15;-14;-15;-10;-16;-6;-18;-3;-21;-1;-24;-1;-27;-2;-29;-4;-8;-2;0;0;0;0;0;0;0;0;0;0;0;0;0;0;0;0;0;0;0;-6;1;-23;4;-23;8;-23;11;-21;13;-19;13;-16;11;-13;8;-12;4;-12;1;-13;-2;-16;-4;-19;-5;-23;-4;-27;-2;-29;0;-30;1;-30;2;-29;2;-27;0;-25;-3;-24;-6;-24;-10;-25;-13;-27;-16;-30;-17;-32;-113;0;-2;-7;-2;-7;-2;-7;-2;-7;-1;-7;1;-7;2;-8;2;-8;3;-9;3;-9;3;-8;3;-8;4;-8;5;-8;6;-8;6;-8;7;-8;6;-7;6;-6;6;-6;7;-5;7;-4;7;-4;8;-4;8;-4;7;-3;7;-3;7;-2;2;-1;0;-1;-1;0;-1;-1;-1;-1;0;0;2;2;6;6;6;6;5;7;4;7;4;8;3;8;2;8;1;8;0;8;-1;8;-1;8;-2;8;-2;7;-3;6;-3;6;-4;5;-4;5;-5;4;-5;4;-4;2;-4;1;-5;0;-5;-1;-5;-1;-5;-2;-5;-3;-4;-3;-4;-3;-113;0;-10;-29;-10;-29;-10;-29;-10;-28;-10;-27;-10;-27;-10;-26;-10;-25;-10;-24;-10;-24;-11;-23;-11;-23;-11;-23;-11;-23;-11;-24;-10;-24;-10;-24;-9;-24;-9;-24;-8;-24;-7;-24;-6;-24;-5;-24;-4;-24;-3;-23;-2;-23;0;-23;1;-23;0;-9;0;-3;0;0;0;0;0;0;-1;-2;-3;-4;-9;-11;-9;-11;-8;-12;-8;-12;-8;-13;-8;-14;-8;-15;-8;-16;-8;-16;-9;-17;-9;-18;-8;-18;-8;-19;-8;-20;-8;-21;-8;-21;-8;-22;-8;-22;-8;-23;-9;-23;-9;-24;-9;-25;-10;-26;-10;-26;-11;-27;-11;-28;-11;-29;-12;-30,transition,EXP_S151,ZONE_02,sortie_zone,4.1,sortie_zone,sortie de la zone
971653815,-54,6,a0:9f:7a:73:2b:3e,384,-110;-96;8;0;-9;-35;-7;-32;-7;-28;-8;-24;-10;-19;-14;-15;-18;-13;-22;-12;-26;-12;-29;-13;-31;-16;-31;-18;-29;-21;-26;-22;-23;-22;-19;-20;-16;-17;-14;-14;-14;-9;-15;-5;-18;-2;-20;0;-23;1;-27;0;-29;-2;-8;-1;0;0;0;0;0;0;0;0;0;0;0;0;0;0;0;0;0;0;1;-6;8;-21;11;-21;15;-20;17;-17;18;-14;17;-11;14;-9;11;-8;7;-9;3;-12;0;-15;-1;-19;0;-23;1;-27;4;-29;6;-29;7;-29;8;-27;7;-26;4;-24;1;-24;-3;-24;-7;-26;-10;-28;-12;-31;-13;-33;-105;0;-1;-7;-1;-7;0;-7;1;-8;2;-8;2;-8;3;-8;4;-8;4;-8;4;-8;5;-8;5;-8;5;-7;6;-7;7;-7;7;-7;7;-6;8;-6;8;-5;8;-5;8;-4;8;-4;8;-4;8;-3;8;-3;8;-2;8;-2;7;-1;2;-1;0;0;-1;0;-1;-1;-1;-1;0;0;1;3;4;8;3;9;2;9;1;9;0;9;-1;9;-2;9;-2;9;-3;8;-4;8;-4;7;-5;7;-5;6;-5;5;-6;5;-6;4;-6;3;-6;2;-6;2;-6;1;-6;0;-5;-1;-5;-1;-5;-2;-4;-3;-4;-4;-3;-4;-3;-5;-105;0;-3;-30;-3;-30;-4;-30;-4;-29;-4;-28;-4;-28;-4;-27;-5;-26;-5;-25;-6;-25;-6;-24;-7;-24;-7;-24;-7;-24;-7;-24;-6;-24;-6;-24;-5;-24;-5;-24;-4;-24;-4;-24;-3;-24;-2;-24;-2;-23;-1;-23;1;-23;2;-23;3;-23;1;-8;0;-3;-1;0;0;0;0;0;-1;-2;-2;-5;-4;-13;-4;-13;-4;-13;-3;-14;-3;-15;-3;-15;-3;-16;-3;-17;-2;-18;-2;-19;-2;-19;-2;-20;-2;-21;-1;-21;-1;-22;-1;-22;-1;-22;-1;-23;-1;-24;-1;-24;-2;-25;-2;-26;-2;-27;-3;-27;-3;-28;-4;-29;-4;-30;-4;-31,transition,EXP_S151,ZONE_02,sortie_zone,4.1,sortie_zone,sortie de la zone
971853033,-53,6,a0:9f:7a:73:2b:3e,384,-110;-96;8;0;21;-31;20;-28;17;-25;13;-22;8;-21;3;-22;-1;-23;-5;-26;-6;-29;-6;-33;-5;-35;-3;-37;-1;-37;1;-35;3;-33;5;-29;4;-25;2;-21;-2;-18;-5;-17;-9;-17;-12;-19;-14;-21;-14;-24;-14;-27;-4;-7;0;0;0;0;0;0;0;0;0;0;0;0;0;0;0;0;0;0;5;-3;21;-11;23;-9;25;-5;25;-2;23;1;20;3;17;3;14;1;12;-2;12;-6;12;-10;14;-14;18;-16;21;-18;24;-18;25;-17;26;-15;26;-14;24;-14;22;-15;19;-17;17;-20;16;-23;16;-26;17;-30;18;-32;-101;0;2;-8;2;-8;2;-7;2;-7;3;-6;5;-5;6;-5;7;-6;7;-6;7;-6;7;-6;7;-5;7;-4;8;-3;9;-3;10;-3;10;-3;9;-3;9;-2;8;-1;8;0;9;1;9;1;9;1;9;1;8;1;7;2;7;2;2;0;0;0;-1;-1;-1;-1;0;-1;0;1;0;3;0;10;0;10;-1;10;-2;10;-2;9;-3;8;-4;8;-5;8;-6;7;-7;7;-7;7;-6;6;-6;5;-7;3;-7;2;-7;1;-8;1;-7;1;-7;0;-6;0;-5;-1;-4;-3;-4;-4;-4;-4;-4;-5;-3;-4;-2;-4;-1;-4;-101;0;8;-30;8;-30;8;-30;8;-30;8;-29;7;-29;7;-28;6;-27;5;-27;4;-26;4;-26;4;-26;4;-26;4;-26;5;-26;5;-26;5;-26;5;-26;6;-26;7;-25;8;-25;8;-24;9;-23;9;-22;10;-22;11;-21;13;-20;14;-20;5;-7;1;-2;-1;0;-1;0;-1;0;-1;-2;0;-5;0;-14;0;-14;0;-14;1;-15;1;-15;2;-16;2;-17;3;-18;3;-18;3;-19;4;-20;4;-21;5;-21;5;-21;6;-22;7;-22;7;-22;7;-23;7;-23;7;-25;7;-25;7;-26;8;-27;7;-28;7;-29;7;-30;7;-31;8;-32,transition,EXP_S151,ZONE_02,sortie_zone,4.1,sortie_zone,sortie de la zone
972056443,-53,6,a0:9f:7a:73:2b:3e,384,-110;-96;8;0;-20;35;-19;31;-16;27;-12;24;-6;22;-1;22;5;23;9;25;11;29;12;32;12;35;9;38;7;38;3;37;1;34;-1;30;-1;26;1;21;4;17;8;15;12;14;16;15;19;17;20;20;21;23;5;6;0;0;0;0;0;0;0;0;0;0;0;0;0;0;0;0;0;0;-6;3;-23;11;-26;9;-28;5;-28;1;-26;-2;-23;-4;-19;-4;-16;-2;-13;2;-12;6;-13;11;-15;15;-18;18;-22;20;-25;20;-27;19;-28;17;-28;16;-26;15;-23;16;-19;18;-16;21;-14;25;-14;29;-14;33;-15;36;-106;0;-4;6;-5;6;-5;5;-6;5;-7;5;-8;4;-9;4;-9;4;-10;3;-10;3;-11;2;-11;2;-11;1;-11;0;-12;0;-12;-1;-12;-1;-12;-2;-11;-2;-11;-3;-11;-4;-10;-4;-10;-5;-10;-5;-9;-5;-9;-6;-9;-6;-8;-6;-3;-3;-1;-1;0;0;0;0;-1;0;-1;-2;-1;-5;0;-12;0;-12;1;-12;2;-11;3;-11;4;-10;5;-10;6;-9;7;-8;7;-8;8;-7;8;-6;8;-5;8;-4;8;-3;8;-2;7;-1;7;0;6;0;5;1;5;2;4;3;3;3;3;4;2;4;1;5;0;5;-1;5;-106;0;-17;29;-16;29;-16;29;-16;28;-15;27;-15;27;-14;26;-14;26;-13;25;-12;25;-12;25;-11;25;-11;25;-11;25;-12;25;-12;25;-13;24;-13;24;-14;23;-15;23;-15;22;-16;21;-16;20;-17;20;-17;19;-19;18;-20;16;-21;15;-8;5;-3;1;0;-1;0;-1;0;-1;-1;1;-1;4;-2;13;-3;14;-3;14;-4;15;-5;15;-6;16;-6;16;-7;17;-7;18;-8;18;-9;19;-10;19;-10;20;-11;20;-11;20;-12;21;-12;21;-12;22;-13;22;-13;23;-13;24;-14;25;-14;26;-15;27;-15;28;-15;29;-15;30;-16;30,transition,EXP_S151,ZONE_02,sortie_zone,4.1,sortie_zone,sortie de la zone
972252314,-53,6,a0:9f:7a:73:2b:3e,384,-110;-96;8;0;12;33;11;30;10;26;10;22;12;17;15;13;18;10;22;9;26;8;29;9;31;12;31;15;30;17;27;19;23;19;20;18;17;15;15;12;14;8;15;4;17;1;19;-2;22;-2;26;-1;28;0;7;0;0;0;0;0;0;0;0;0;0;0;0;0;0;0;0;0;0;0;-1;5;-3;22;-6;22;-10;22;-13;20;-14;17;-14;15;-13;12;-9;10;-5;10;-2;12;2;14;3;18;4;22;3;25;1;28;-1;29;-2;29;-3;28;-2;26;0;24;2;23;6;23;10;23;13;25;16;28;17;30;-112;0;1;6;1;6;0;6;0;6;-1;7;-2;7;-2;7;-3;7;-3;8;-4;8;-4;7;-5;7;-5;7;-6;7;-7;7;-7;6;-7;6;-8;6;-8;5;-8;5;-8;4;-8;4;-8;4;-8;3;-8;3;-8;2;-8;2;-9;1;-3;0;-1;0;0;-1;0;0;0;0;-1;-1;-3;-3;-7;-7;-7;-8;-6;-9;-5;-9;-4;-9;-3;-9;-2;-9;-1;-9;-1;-9;0;-9;1;-9;1;-9;2;-8;2;-7;3;-7;3;-6;4;-5;4;-5;4;-4;4;-3;4;-2;4;-1;4;-1;4;0;4;1;4;2;3;2;3;3;-112;0;8;28;8;28;9;28;9;27;9;26;9;25;9;25;9;24;9;24;9;23;9;23;10;22;10;22;10;22;9;22;9;22;9;22;8;23;7;23;7;22;6;22;5;22;5;22;4;22;3;22;1;22;0;22;-1;22;-1;8;-1;2;-1;-1;-1;-1;-1;-1;0;1;2;3;7;10;6;11;6;11;6;12;6;12;6;13;6;14;6;15;6;16;6;17;6;17;6;18;6;19;5;19;5;20;5;20;5;21;6;21;6;22;6;22;7;23;7;24;8;25;8;26;8;26;9;27;9;28;9;29,transition,EXP_S151,ZONE_02,sortie_zone,4.1,sortie_zone,sortie de la zone
972452490,-53,6,a0:9f:7a:73:2b:3e,384,-110;-96;8;0;-4;-36;-3;-33;-3;-29;-4;-25;-7;-21;-11;-18;-15;-16;-20;-16;-23;-17;-26;-19;-27;-21;-27;-24;-25;-26;-22;-26;-19;-26;-16;-24;-13;-20;-12;-16;-13;-12;-14;-9;-17;-6;-20;-5;-23;-5;-26;-6;-27;-8;-7;-3;0;0;0;0;0;0;0;0;0;0;0;0;0;0;0;0;0;0;2;-6;9;-21;12;-20;16;-19;18;-16;19;-13;18;-10;15;-9;11;-8;8;-9;5;-12;3;-16;2;-20;3;-23;5;-26;7;-28;9;-29;10;-28;11;-27;10;-26;7;-24;4;-24;0;-25;-3;-27;-6;-30;-7;-33;-8;-36;-112;0;-2;-7;-1;-7;-1;-7;0;-7;0;-7;1;-8;2;-8;3;-8;3;-9;3;-9;4;-8;4;-8;5;-7;5;-7;6;-7;6;-7;7;-7;7;-7;7;-6;7;-6;7;-5;7;-5;7;-4;8;-4;8;-4;7;-3;7;-3;7;-2;2;-1;0;-1;-1;0;-1;-1;-1;-1;0;0;1;3;4;8;4;8;3;9;2;9;1;9;0;9;-1;9;-1;9;-2;8;-3;8;-3;8;-4;7;-4;6;-5;6;-5;5;-6;4;-6;4;-6;3;-6;2;-5;1;-5;0;-5;-1;-5;-1;-5;-2;-5;-3;-4;-3;-4;-4;-3;-4;-112;0;-7;-30;-7;-30;-7;-30;-7;-29;-7;-28;-7;-28;-8;-27;-8;-26;-8;-25;-9;-25;-9;-24;-9;-24;-9;-24;-9;-24;-9;-24;-9;-24;-9;-24;-8;-24;-8;-24;-7;-24;-7;-24;-6;-24;-5;-23;-4;-23;-3;-23;-2;-23;-1;-23;1;-23;0;-9;0;-3;0;0;0;0;0;0;-1;-2;-2;-5;-5;-13;-5;-13;-5;-13;-5;-14;-5;-15;-5;-15;-5;-16;-5;-17;-5;-18;-4;-19;-4;-19;-4;-20;-4;-21;-3;-21;-3;-22;-3;-22;-3;-23;-3;-23;-4;-24;-4;-25;-5;-25;-5;-26;-5;-27;-6;-28;-6;-29;-7;-30;-7;-30;-7;-31,transition,EXP_S151,ZONE_02,sortie_zone,4.1,sortie_zone,sortie de la zone
972654420,-53,6,a0:9f:7a:73:2b:3e,384,-110;-96;8;0;-27;24;-25;21;-22;19;-18;18;-13;17;-8;19;-4;21;-2;24;0;28;0;31;-2;33;-4;34;-7;34;-9;32;-10;29;-11;25;-10;22;-7;18;-3;16;1;16;4;16;7;18;9;21;9;24;8;27;2;6;0;0;0;0;0;0;0;0;0;0;0;0;0;0;0;0;0;0;-6;1;-22;6;-24;3;-25;-1;-25;-4;-23;-7;-20;-8;-17;-7;-14;-5;-13;-1;-13;3;-14;7;-17;10;-20;12;-24;12;-27;11;-29;10;-29;9;-28;8;-27;7;-24;8;-22;11;-21;14;-20;18;-20;22;-22;25;-23;27;-108;0;-4;5;-4;5;-5;5;-5;5;-6;4;-7;3;-8;3;-9;3;-9;3;-9;3;-9;2;-9;1;-9;1;-9;0;-10;-1;-10;-1;-10;-1;-10;-1;-10;-1;-9;-2;-9;-3;-9;-4;-9;-4;-9;-4;-9;-4;-8;-4;-8;-4;-7;-5;-3;-2;-1;-1;0;0;-1;0;-1;0;-1;-2;0;-4;1;-10;1;-10;2;-10;3;-10;4;-9;4;-8;5;-8;6;-7;6;-7;7;-6;7;-6;7;-5;6;-4;6;-3;6;-2;6;-1;6;-1;6;0;5;0;4;1;3;2;3;3;2;4;2;4;2;4;1;4;0;4;-1;4;-108;0;-16;26;-16;26;-16;25;-15;25;-15;25;-14;24;-13;24;-13;23;-12;23;-12;23;-11;23;-11;23;-11;22;-11;22;-11;22;-11;22;-12;22;-12;22;-12;21;-13;21;-14;20;-14;19;-14;18;-15;18;-15;17;-16;16;-17;15;-18;14;-7;5;-3;1;0;-1;0;-1;0;-1;-1;1;-2;4;-4;12;-4;12;-5;12;-5;13;-6;14;-6;14;-7;15;-7;15;-8;16;-9;16;-9;17;-10;17;-11;18;-11;18;-12;18;-12;18;-12;18;-13;19;-13;20;-13;21;-13;21;-14;22;-14;23;-14;24;-15;25;-15;26;-16;26;-16;27,transition,EXP_S151,ZONE_02,sortie_zone,4.1,sortie_zone,sortie de la zone
972852358,-53,6,a0:9f:7a:73:2b:3e,384,-110;-96;8;0;31;-24;29;-21;25;-19;20;-18;14;-18;9;-21;5;-24;2;-28;0;-32;1;-35;3;-38;6;-39;9;-38;11;-36;13;-32;13;-28;11;-24;7;-20;3;-18;-2;-18;-6;-19;-9;-21;-11;-24;-11;-28;-10;-31;-3;-8;0;0;0;0;0;0;0;0;0;0;0;0;0;0;0;0;0;0;6;-1;25;-3;26;1;26;5;25;9;22;11;18;12;15;10;13;7;12;3;13;-2;15;-6;19;-9;23;-11;27;-10;30;-9;32;-7;32;-6;31;-5;29;-5;26;-7;24;-10;23;-14;23;-18;24;-22;26;-26;28;-28;-112;0;5;-6;5;-6;6;-6;6;-5;6;-4;7;-3;8;-2;9;-2;10;-2;10;-2;10;-2;9;-1;9;1;10;2;10;2;11;3;11;3;10;3;9;3;9;4;8;5;8;6;8;6;8;6;7;6;7;6;6;6;5;6;1;2;0;0;-1;-1;0;-1;0;-1;-1;1;-1;3;-4;10;-4;10;-5;10;-6;9;-7;9;-7;8;-8;7;-9;6;-10;5;-10;5;-10;4;-10;3;-9;2;-9;1;-9;0;-9;-1;-9;-2;-8;-2;-7;-2;-6;-3;-5;-4;-4;-5;-3;-6;-3;-6;-2;-6;-1;-6;0;-5;1;-5;-112;0;22;-25;22;-25;21;-25;21;-25;21;-24;20;-24;19;-23;19;-22;18;-22;17;-22;17;-22;17;-22;16;-22;17;-22;17;-22;17;-22;17;-21;18;-21;18;-21;19;-20;19;-19;19;-18;19;-17;20;-16;20;-15;21;-13;22;-12;23;-11;8;-4;2;-1;-1;0;-1;0;-1;0;0;-2;1;-5;5;-13;5;-14;6;-14;6;-14;7;-15;8;-15;9;-16;10;-16;10;-17;11;-17;12;-17;13;-18;14;-18;15;-18;15;-18;16;-18;16;-18;16;-19;17;-20;17;-20;18;-21;19;-22;19;-23;20;-23;20;-24;21;-25;22;-26;22;-26,transition,EXP_S151,ZONE_02,sortie_zone,4.1,sortie_zone,sortie de la zone
973057599,-54,6,a0:9f:7a:73:2b:3e,384,-110;-96;8;0;-21;-29;-18;-27;-16;-23;-16;-19;-16;-14;-18;-10;-21;-6;-24;-4;-28;-3;-31;-4;-33;-5;-34;-8;-33;-10;-31;-13;-28;-14;-24;-13;-21;-11;-18;-8;-16;-5;-16;-1;-17;3;-19;6;-22;7;-25;7;-28;6;-8;1;0;0;0;0;0;0;0;0;0;0;0;0;0;0;0;0;0;0;-1;-6;-3;-22;0;-24;4;-24;7;-23;9;-21;10;-18;8;-15;6;-13;2;-12;-2;-12;-6;-14;-8;-17;-10;-21;-10;-24;-9;-27;-7;-29;-5;-29;-4;-28;-5;-26;-6;-24;-8;-22;-12;-21;-16;-21;-19;-22;-22;-24;-24;-26;-111;0;-3;-6;-2;-6;-2;-7;-1;-7;-1;-8;0;-8;0;-8;1;-9;1;-9;2;-9;2;-9;3;-8;3;-8;4;-8;4;-8;5;-8;5;-8;6;-7;6;-7;7;-7;7;-6;7;-6;7;-6;7;-5;7;-5;7;-4;7;-3;7;-3;2;-1;0;-1;-1;0;-1;-1;-1;-1;0;0;2;2;7;6;6;6;6;7;5;7;4;8;3;8;3;8;2;8;1;8;0;8;0;8;-1;8;-2;7;-3;7;-3;6;-4;5;-4;5;-4;4;-5;3;-5;3;-5;2;-5;1;-5;0;-5;0;-5;-1;-5;-2;-4;-3;-4;-4;-111;0;-13;-28;-13;-27;-13;-27;-13;-26;-13;-25;-13;-25;-13;-24;-13;-23;-13;-23;-13;-22;-13;-21;-13;-21;-13;-21;-13;-21;-13;-21;-13;-22;-12;-22;-12;-22;-11;-22;-10;-22;-10;-22;-9;-22;-8;-22;-7;-22;-6;-22;-5;-22;-3;-23;-2;-23;-1;-9;0;-3;0;0;0;0;0;0;-1;-1;-4;-4;-9;-10;-9;-10;-9;-11;-9;-11;-9;-12;-9;-13;-9;-13;-9;-14;-9;-15;-10;-16;-10;-17;-9;-18;-9;-18;-9;-19;-9;-19;-9;-20;-9;-20;-9;-21;-9;-21;-10;-22;-11;-22;-11;-23;-12;-24;-12;-25;-13;-25;-13;-26;-14;-27;-14;-27,transition,EXP_S151,ZONE_02,sortie_zone,4.1,sortie_zone,sortie de la zone
973252162,-54,6,a0:9f:7a:73:2b:3e,384,-110;-96;8;0;18;28;16;26;15;23;14;19;15;14;17;9;20;6;23;4;27;3;30;4;32;6;32;8;31;11;29;13;26;14;22;14;19;12;16;8;15;5;15;1;17;-3;19;-5;22;-6;25;-5;27;-4;7;-1;0;0;0;0;0;0;0;0;0;0;0;0;0;0;0;0;0;0;1;5;3;21;0;22;-4;23;-8;22;-10;20;-10;17;-9;14;-7;12;-3;11;1;11;5;13;7;16;8;20;8;23;7;26;6;27;4;28;3;27;3;25;4;23;7;21;10;20;14;21;18;22;21;24;22;25;-112;0;4;5;4;5;4;5;3;5;2;5;1;6;0;7;-1;8;0;9;0;9;0;8;-1;8;-2;8;-4;8;-5;8;-5;9;-5;9;-5;8;-5;7;-5;6;-6;5;-7;5;-7;5;-8;6;-7;6;-7;5;-7;4;-7;3;-3;1;-1;0;0;-1;0;0;0;0;-2;-1;-4;-1;-10;-2;-10;-3;-10;-4;-10;-4;-9;-5;-8;-5;-7;-6;-6;-7;-6;-8;-5;-9;-5;-9;-4;-8;-3;-8;-2;-7;-1;-7;0;-7;1;-8;1;-7;1;-6;1;-5;2;-4;3;-3;4;-2;5;-2;5;-2;4;-1;3;0;3;1;-112;0;20;20;20;20;20;20;20;19;19;19;19;19;18;18;18;18;18;17;18;16;18;16;18;16;17;16;17;16;17;17;16;17;16;17;16;18;15;18;14;19;13;19;12;19;11;19;10;19;9;19;8;20;6;21;5;21;1;8;0;2;-1;-1;-1;-1;-1;-1;1;0;4;1;11;3;11;3;11;4;12;4;12;5;13;6;13;7;13;8;14;8;14;9;14;10;15;10;15;11;15;12;15;12;15;13;15;14;16;14;16;15;17;15;18;16;18;16;19;17;19;17;20;18;21;18;22;19;22;19,transition,EXP_S151,ZONE_02,sortie_zone,4.1,sortie_zone,sortie de la zone
973452835,-53,6,a0:9f:7a:73:2b:3e,384,-110;-96;8;0;-35;-4;-32;-4;-29;-3;-25;-1;-22;3;-19;7;-18;12;-19;16;-21;19;-23;21;-26;22;-28;21;-30;19;-30;16;-29;12;-26;10;-22;8;-18;8;-14;9;-11;12;-9;15;-8;18;-9;21;-11;24;-14;25;-4;6;0;0;0;0;0;0;0;0;0;0;0;0;0;0;0;0;0;0;-5;-3;-19;-13;-18;-16;-15;-20;-12;-21;-9;-21;-7;-20;-5;-17;-5;-13;-7;-10;-10;-7;-14;-6;-19;-6;-22;-7;-25;-10;-26;-12;-26;-14;-25;-15;-24;-16;-23;-14;-22;-12;-23;-9;-24;-5;-26;-2;-30;0;-33;0;-36;1;-110;0;-8;-1;-8;-1;-7;-1;-7;-2;-7;-3;-7;-4;-7;-5;-7;-6;-8;-6;-8;-6;-7;-6;-7;-7;-6;-8;-5;-8;-5;-9;-5;-10;-5;-10;-5;-9;-4;-9;-3;-9;-2;-9;-2;-9;-1;-10;-1;-10;-1;-9;-1;-9;0;-8;0;-8;0;-3;0;-1;0;0;-1;0;-1;0;0;-1;3;-2;8;-5;8;-4;9;-4;9;-3;9;-2;9;-1;8;0;8;1;8;2;8;3;8;3;7;3;6;3;5;4;5;4;4;5;3;5;3;5;2;5;1;4;0;4;-1;4;-2;4;-3;4;-3;3;-4;3;-4;2;-4;1;-110;0;-31;0;-30;0;-30;0;-29;0;-29;0;-28;0;-27;0;-27;1;-26;1;-25;2;-25;3;-25;3;-25;3;-25;3;-25;2;-25;2;-25;1;-25;1;-25;0;-25;-1;-25;-2;-24;-3;-24;-3;-23;-4;-23;-5;-23;-6;-22;-7;-22;-8;-8;-4;-3;-2;0;0;0;-1;0;-1;-2;0;-5;1;-12;4;-13;3;-13;3;-14;3;-14;3;-15;3;-16;2;-17;2;-18;2;-18;1;-19;1;-20;1;-20;1;-21;1;-21;0;-22;0;-22;0;-23;0;-23;0;-24;0;-25;0;-26;0;-27;0;-28;0;-28;1;-29;1;-30;1;-31;1,transition,EXP_S151,ZONE_02,sortie_zone,4.1,sortie_zone,sortie de la zone
973652024,-53,6,a0:9f:7a:73:2b:3e,384,-110;-96;8;0;-36;-2;-33;-3;-29;-2;-25;0;-21;4;-19;8;-18;13;-18;17;-20;20;-22;22;-25;23;-27;23;-29;20;-30;17;-28;14;-26;11;-22;9;-18;9;-14;10;-10;12;-8;15;-7;19;-8;22;-10;25;-12;26;-4;6;0;0;0;0;0;0;0;0;0;0;0;0;0;0;0;0;0;0;-5;-3;-19;-13;-19;-16;-16;-20;-13;-21;-10;-21;-7;-20;-6;-17;-6;-13;-8;-10;-11;-7;-14;-5;-19;-5;-23;-7;-26;-9;-27;-12;-27;-14;-26;-15;-25;-15;-24;-14;-23;-11;-23;-8;-24;-5;-27;-2;-30;1;-33;2;-36;2;-110;0;-7;-1;-7;-1;-7;-2;-7;-2;-7;-3;-7;-4;-7;-5;-8;-6;-8;-6;-8;-7;-7;-7;-7;-7;-6;-7;-6;-8;-5;-9;-5;-9;-5;-9;-5;-9;-4;-9;-3;-9;-3;-9;-2;-9;-2;-10;-2;-10;-1;-10;-1;-9;0;-9;0;-9;0;-3;0;-1;0;0;-1;0;-1;0;0;-1;3;-2;9;-5;9;-4;9;-3;9;-3;9;-2;9;-1;9;0;9;1;9;2;8;3;8;3;7;3;6;4;5;4;4;5;4;5;3;5;3;5;2;5;1;4;0;4;-1;4;-2;4;-3;4;-3;3;-4;3;-4;2;-5;1;-110;0;-31;0;-31;0;-30;0;-30;0;-29;0;-28;1;-28;1;-27;1;-26;2;-26;2;-25;3;-25;3;-25;3;-25;2;-25;2;-26;2;-26;1;-26;1;-26;0;-25;0;-25;-1;-25;-2;-24;-3;-24;-3;-23;-5;-23;-6;-22;-7;-22;-9;-8;-4;-3;-2;0;0;0;-1;0;-1;-2;0;-5;1;-13;3;-13;3;-13;3;-14;3;-15;2;-16;2;-16;2;-17;2;-18;2;-18;1;-19;1;-20;1;-21;0;-21;0;-22;0;-22;-1;-23;-1;-23;-1;-24;-1;-25;0;-25;0;-26;0;-27;0;-28;0;-29;1;-30;1;-30;1;-31;1,transition,EXP_S151,ZONE_02,sortie_zone,4.1,sortie_zone,sortie de la zone
973852301,-53,6,a0:9f:7a:73:2b:3e,384,-110;-96;8;0;31;-25;28;-22;25;-20;20;-19;14;-19;9;-21;5;-24;2;-28;1;-32;1;-35;3;-38;6;-39;8;-38;11;-36;12;-33;12;-28;11;-24;7;-21;3;-19;-1;-18;-5;-19;-8;-21;-10;-25;-10;-28;-9;-31;-2;-8;0;0;0;0;0;0;0;0;0;0;0;0;0;0;0;0;0;0;6;-2;25;-4;26;-1;26;4;25;7;23;10;19;10;16;9;14;6;13;2;13;-2;15;-6;18;-10;23;-11;27;-12;30;-11;31;-9;31;-7;31;-6;29;-6;26;-8;24;-10;23;-14;22;-19;23;-23;25;-26;27;-28;-113;0;6;-5;6;-5;6;-4;6;-3;7;-2;8;-1;8;-1;9;0;10;0;10;0;10;1;9;1;9;2;9;3;9;4;9;4;9;4;9;4;8;4;7;5;7;5;6;6;6;7;6;7;6;7;5;7;5;7;4;7;1;2;0;0;-1;-1;0;-1;0;-1;-1;1;-2;3;-5;9;-6;9;-7;8;-8;8;-8;7;-9;6;-9;5;-10;4;-10;3;-11;3;-11;2;-10;1;-10;0;-9;0;-9;-1;-8;-2;-8;-3;-7;-3;-6;-4;-5;-4;-4;-5;-3;-5;-2;-6;-1;-6;-1;-6;0;-6;1;-5;2;-5;-113;0;26;-21;26;-21;25;-21;25;-21;24;-21;23;-20;22;-20;21;-20;20;-19;20;-19;20;-19;20;-19;20;-20;20;-20;20;-20;20;-19;20;-19;20;-19;21;-18;21;-17;22;-17;22;-15;22;-14;22;-13;22;-12;23;-11;23;-9;24;-8;8;-3;2;-1;-1;0;-1;0;-1;0;0;-2;2;-5;7;-12;8;-12;8;-12;9;-12;10;-13;11;-13;12;-13;12;-14;13;-14;14;-14;15;-15;16;-15;17;-15;18;-15;18;-15;19;-15;19;-15;19;-16;20;-16;20;-17;21;-18;22;-18;22;-19;23;-20;24;-20;25;-21;25;-21;26;-22,transition,EXP_S151,ZONE_02,sortie_zone,4.1,sortie_zone,sortie de la zone
974052359,-54,6,a0:9f:7a:73:2b:3e,384,-110;-96;8;0;13;36;11;33;10;29;11;24;12;19;16;14;20;11;25;9;29;8;32;9;35;12;35;15;34;18;31;20;27;20;23;18;19;16;17;12;16;7;17;2;18;-2;21;-5;24;-6;28;-5;31;-4;8;-1;0;0;0;0;0;0;0;0;0;0;0;0;0;0;0;0;0;0;-2;5;-8;24;-12;24;-16;22;-19;19;-20;16;-19;13;-16;10;-12;9;-8;9;-3;12;0;15;1;20;2;24;0;28;-2;31;-4;32;-6;32;-7;30;-6;28;-4;27;0;25;4;25;9;26;13;28;16;32;17;34;-113;0;1;7;0;7;0;7;-1;7;-2;8;-2;8;-3;8;-4;8;-5;9;-5;8;-5;8;-6;8;-7;8;-7;7;-8;7;-8;7;-9;7;-9;7;-9;6;-9;5;-9;5;-10;4;-10;4;-10;4;-10;3;-10;3;-10;2;-10;1;-4;0;-2;0;0;-1;0;0;0;0;-1;-1;-3;-4;-6;-10;-6;-11;-5;-11;-4;-11;-3;-11;-2;-11;-1;-11;0;-11;1;-11;2;-11;2;-10;3;-10;3;-9;4;-8;4;-7;5;-6;5;-6;5;-5;5;-4;5;-3;5;-2;5;-1;5;0;5;1;4;2;4;2;3;3;3;4;-113;0;7;32;7;31;7;31;7;30;8;29;8;29;8;28;9;27;9;26;9;26;9;25;9;25;9;25;10;25;10;25;9;25;9;25;9;25;8;25;8;25;7;25;6;25;5;25;4;25;3;25;2;25;0;25;-1;25;-1;9;-1;2;-1;-1;-1;-1;-1;-1;0;1;1;4;5;12;5;13;4;13;4;14;4;15;4;15;4;16;4;17;4;18;4;19;4;20;3;20;3;21;3;22;3;22;3;23;3;23;3;24;4;25;4;25;5;26;5;27;6;28;6;29;6;30;7;31;7;32;7;32,transition,EXP_S151,ZONE_02,sortie_zone,4.1,sortie_zone,sortie de la zone
974255491,-53,6,a0:9f:7a:73:2b:3e,384,-110;-96;8;0;-36;6;-33;5;-29;5;-24;6;-20;9;-16;13;-14;17;-13;21;-14;25;-16;28;-19;29;-21;29;-23;28;-24;25;-24;21;-22;18;-19;15;-15;14;-10;14;-6;15;-3;17;-1;20;-1;23;-3;27;-4;29;-2;7;0;0;0;0;0;0;0;0;0;0;0;0;0;0;0;0;0;0;-6;-3;-22;-10;-22;-13;-20;-17;-17;-20;-14;-20;-11;-19;-9;-16;-8;-12;-9;-8;-12;-5;-15;-3;-20;-2;-24;-2;-27;-4;-29;-6;-30;-8;-29;-10;-28;-10;-26;-9;-25;-7;-25;-3;-25;1;-27;4;-29;7;-33;9;-35;10;-102;0;-8;0;-8;0;-8;0;-8;-1;-8;-2;-8;-3;-8;-4;-9;-4;-9;-5;-9;-5;-9;-5;-8;-6;-8;-7;-7;-7;-7;-8;-7;-9;-7;-9;-7;-8;-6;-8;-5;-8;-5;-9;-4;-9;-4;-9;-4;-10;-3;-9;-3;-9;-2;-9;-2;-9;-1;-3;-1;-1;0;0;-1;0;-1;0;0;-1;3;-3;8;-6;9;-5;9;-5;9;-4;9;-3;9;-2;9;-1;9;0;9;1;9;2;9;2;8;2;7;3;6;3;6;4;5;5;4;5;4;5;3;5;2;4;1;4;0;4;-1;4;-2;5;-3;4;-3;4;-4;3;-5;2;-102;0;-31;6;-31;6;-30;6;-30;6;-29;6;-28;6;-27;7;-26;7;-26;7;-25;7;-25;7;-25;7;-25;7;-25;7;-25;7;-25;7;-25;7;-25;7;-25;7;-25;6;-25;5;-25;4;-24;3;-24;2;-24;1;-24;-1;-24;-2;-24;-3;-9;-2;-3;-1;0;-1;0;-1;0;-1;-2;0;-5;1;-13;5;-13;4;-13;4;-14;4;-15;4;-15;4;-16;4;-17;4;-18;4;-19;4;-19;4;-20;3;-21;3;-22;2;-22;2;-22;2;-23;2;-23;3;-24;3;-24;4;-25;4;-26;5;-27;5;-28;5;-29;5;-30;5;-31;5;-31;6,transition,EXP_S151,ZONE_02,sortie_zone,4.1,sortie_zone,sortie de la zone
