timestamp_us,rssi,channel,mac,csi_len,csi_data,experiment_id,zone_id,scenario,distance_tx_rx_m,ground_truth,comment,marker_state
1908182444,-54,6,a0:9f:7a:73:2b:3e,384,-110;-96;8;0;32;7;35;8;35;9;34;8;32;8;30;6;27;4;23;1;20;-2;17;-6;14;-10;12;-13;10;-17;9;-20;7;-22;6;-24;6;-26;6;-26;5;-26;5;-26;4;-25;3;-23;2;-22;0;-20;-1;-19;-1;-5;0;0;0;0;0;0;0;0;0;0;0;0;0;0;0;0;0;0;-7;1;-29;5;-31;2;-33;-2;-33;-6;-31;-10;-27;-12;-22;-12;-16;-11;-11;-7;-6;-1;-2;6;0;13;0;20;-2;27;-4;32;-7;35;-10;36;-13;36;-14;34;-14;31;-12;26;-9;22;-4;17;2;13;9;10;15;8;-117;0;2;-12;2;-12;2;-12;2;-11;1;-10;1;-9;1;-8;0;-8;1;-7;1;-7;1;-7;0;-7;0;-6;-1;-6;-1;-5;-1;-5;0;-5;0;-5;0;-5;-1;-5;-1;-5;-1;-4;-1;-4;-1;-4;0;-4;0;-4;0;-4;0;-4;0;-2;0;-1;-1;0;0;0;0;0;-1;-2;-3;-5;-7;-13;-7;-14;-6;-14;-6;-15;-5;-15;-5;-15;-4;-16;-3;-16;-3;-17;-2;-17;-2;-18;-2;-17;-1;-17;0;-17;0;-16;1;-16;1;-16;1;-16;1;-16;1;-16;1;-15;1;-15;2;-15;2;-15;2;-15;2;-15;1;-15;1;-14;-117;0;22;17;21;16;21;15;21;13;22;12;22;10;22;9;22;8;21;7;21;6;21;5;21;4;21;3;21;2;21;2;21;1;22;1;21;1;21;1;21;0;21;0;21;0;20;0;20;1;20;1;19;2;19;2;19;3;6;1;2;0;-1;-1;-1;-1;-1;-1;0;1;1;5;2;15;2;15;2;15;2;16;2;16;2;17;3;17;3;18;3;18;3;18;4;18;5;19;5;19;5;19;6;19;6;19;7;19;8;19;9;19;11;19;12;19;13;19;15;19;16;19;17;19;18;18;19;18;20;18,empty,EXP_S141,ZONE_02,entree_zone,4.1,entree_zone,entree dans la zone
1908385539,-54,6,a0:9f:7a:73:2b:3e,384,-110;-96;8;0;-35;0;-38;0;-38;-1;-37;-1;-34;0;-31;1;-27;3;-23;5;-18;7;-14;9;-11;13;-8;16;-5;18;-3;21;-1;23;0;24;1;26;2;26;3;25;3;24;4;23;4;21;5;19;6;17;7;16;1;4;0;0;0;0;0;0;0;0;0;0;0;0;0;0;0;0;0;0;6;-2;27;-6;30;-4;32;0;32;4;29;7;26;10;20;10;14;9;8;5;3;0;-1;-6;-4;-14;-4;-21;-4;-28;-2;-33;1;-36;4;-38;6;-38;7;-36;7;-32;6;-28;3;-22;-1;-16;-6;-11;-13;-7;-18;-4;-121;0;-3;12;-3;11;-3;11;-3;10;-3;9;-3;8;-2;8;-2;7;-2;6;-2;6;-2;6;-2;5;-2;5;-1;5;-1;4;-1;4;-1;4;-1;4;-1;4;-1;4;-1;4;-1;3;-1;3;-1;3;-1;3;-1;3;-2;3;-2;3;-1;1;-1;0;0;-1;-1;-1;-1;-1;1;1;3;4;9;11;8;12;8;12;7;13;6;14;6;14;5;15;4;15;4;16;3;16;2;16;2;16;1;16;1;16;0;16;0;16;-1;16;-1;16;-1;16;-1;15;-2;15;-2;15;-2;14;-3;14;-3;14;-3;14;-2;14;-2;14;-121;0;-23;-16;-23;-15;-23;-15;-23;-13;-23;-12;-23;-11;-23;-10;-22;-9;-22;-8;-22;-7;-22;-6;-22;-5;-22;-4;-22;-4;-22;-3;-22;-3;-22;-3;-22;-3;-22;-3;-22;-3;-21;-3;-21;-3;-21;-3;-20;-3;-20;-4;-20;-4;-20;-5;-19;-6;-7;-2;-2;-1;0;0;0;0;0;0;-1;-2;-3;-6;-6;-15;-6;-15;-6;-15;-5;-15;-5;-16;-6;-16;-6;-16;-6;-17;-7;-17;-7;-17;-7;-17;-8;-18;-8;-18;-9;-18;-9;-18;-10;-18;-10;-18;-11;-18;-12;-18;-13;-18;-15;-18;-16;-18;-17;-18;-18;-18;-19;-17;-21;-17;-22;-17;-22;-17,empty,EXP_S141,ZONE_02,entree_zone,4.1,entree_zone,entree dans la zone
1908584217,-54,6,a0:9f:7a:73:2b:3e,384,-110;-96;8;0;-32;-13;-34;-15;-35;-15;-33;-15;-31;-13;-28;-10;-25;-7;-22;-3;-18;1;-15;5;-12;9;-10;13;-7;16;-5;20;-4;22;-2;24;-1;25;0;25;1;25;2;24;3;23;4;21;5;19;6;17;7;15;2;3;0;0;0;0;0;0;0;0;0;0;0;0;0;0;0;0;0;0;5;4;19;21;19;24;17;28;14;30;10;30;6;29;3;25;0;19;-1;12;-1;4;1;-4;5;-12;10;-18;15;-22;20;-25;24;-26;27;-26;29;-25;28;-23;26;-20;22;-17;17;-14;10;-12;2;-10;-7;-9;-13;-10;126;0;-7;12;-7;11;-7;11;-6;11;-5;10;-5;9;-4;8;-4;7;-4;6;-4;6;-4;6;-3;6;-3;6;-2;5;-2;4;-2;4;-2;4;-3;4;-3;4;-2;4;-2;4;-1;3;-1;3;-2;2;-2;2;-2;3;-3;3;-2;3;-1;1;-1;0;0;-1;-1;-1;-1;-1;0;1;2;5;5;14;5;15;4;15;4;16;3;16;2;16;1;16;0;17;-1;17;-1;18;-1;18;-2;18;-2;17;-3;17;-4;17;-5;16;-5;17;-5;17;-5;16;-5;16;-5;15;-6;15;-6;15;-6;15;-6;15;-6;15;-6;15;-5;14;126;0;-18;-20;-18;-19;-18;-18;-18;-17;-19;-16;-19;-14;-20;-13;-20;-12;-20;-11;-20;-10;-20;-9;-20;-8;-20;-7;-20;-7;-21;-6;-21;-6;-21;-6;-21;-6;-21;-6;-20;-5;-20;-5;-20;-5;-20;-5;-19;-6;-19;-6;-19;-7;-18;-7;-18;-8;-7;-3;-2;-1;0;0;0;0;-1;0;-1;-2;-1;-6;0;-16;0;-16;0;-16;0;-16;0;-16;-1;-17;-1;-18;-1;-18;-1;-18;-1;-18;-2;-18;-2;-19;-3;-19;-3;-19;-3;-20;-3;-19;-4;-19;-5;-19;-6;-19;-8;-19;-9;-20;-10;-20;-11;-21;-12;-20;-13;-20;-15;-20;-16;-20;-17;-20,empty,EXP_S141,ZONE_02,entree_zone,4.1,entree_zone,entree dans la zone
1908782188,-54,6,a0:9f:7a:73:2b:3e,384,-110;-96;8;0;26;24;28;26;28;27;27;26;25;24;23;21;22;18;21;13;19;9;19;4;18;-1;18;-5;18;-9;19;-12;19;-15;20;-17;20;-18;20;-19;20;-19;19;-19;18;-19;16;-18;14;-18;12;-17;11;-17;2;-5;0;0;0;0;0;0;0;0;0;0;0;0;0;0;0;0;0;0;-8;-2;-30;-7;-31;-11;-31;-16;-29;-19;-26;-22;-21;-22;-16;-21;-12;-17;-8;-11;-5;-3;-5;4;-6;12;-10;19;-14;24;-19;28;-23;29;-27;29;-29;27;-29;25;-27;22;-24;19;-18;16;-12;15;-4;14;4;14;10;16;-120;0;18;-17;18;-16;18;-16;17;-15;15;-14;13;-13;12;-12;11;-10;10;-9;10;-9;9;-9;8;-10;7;-10;6;-9;5;-8;5;-7;5;-7;5;-7;5;-7;5;-7;4;-7;3;-6;3;-6;3;-5;3;-5;4;-5;5;-6;5;-6;2;-3;0;-1;-1;0;-1;1;-1;0;-1;-4;0;-11;2;-30;4;-30;5;-31;7;-31;8;-31;9;-30;11;-30;12;-30;14;-30;15;-30;16;-30;17;-30;18;-28;19;-27;20;-26;21;-25;21;-25;21;-25;20;-25;20;-24;20;-23;20;-23;21;-22;21;-22;22;-22;21;-22;21;-22;20;-21;-120;0;16;56;16;55;18;53;19;51;21;49;23;47;25;45;26;43;27;41;27;40;28;38;29;36;30;34;32;33;33;33;33;32;34;32;34;31;34;31;33;30;33;29;32;29;31;29;30;29;29;30;27;31;26;32;25;33;8;12;2;3;-1;-2;0;-2;0;-1;-2;3;-5;11;-14;31;-15;30;-15;30;-16;31;-16;32;-16;33;-16;34;-16;35;-15;36;-15;37;-15;38;-14;39;-14;40;-14;40;-14;41;-13;41;-11;42;-9;43;-6;44;-4;46;-2;48;0;50;2;51;4;52;6;53;8;55;10;56;12;56,empty,EXP_S141,ZONE_02,entree_zone,4.1,entree_zone,entree dans la zone
1908982322,-54,6,a0:9f:7a:73:2b:3e,384,-110;-96;8;0;-34;-1;-37;-1;-37;-1;-36;-1;-34;-1;-31;0;-28;2;-23;3;-19;6;-15;8;-12;11;-9;14;-6;17;-3;19;-1;21;1;23;2;24;2;25;3;25;3;24;4;23;4;21;5;20;6;18;7;16;1;4;0;0;0;0;0;0;0;0;0;0;0;0;0;0;0;0;0;0;6;-2;28;-5;30;-3;32;1;32;5;30;8;27;11;22;11;16;10;10;6;4;1;0;-5;-2;-13;-3;-20;-2;-27;0;-33;2;-36;5;-38;7;-38;9;-36;9;-33;8;-29;5;-24;1;-18;-4;-13;-11;-8;-16;-5;-121;0;-3;12;-3;12;-3;11;-3;10;-2;10;-2;9;-2;8;-2;7;-2;7;-1;6;-1;6;-1;6;-1;5;0;5;0;4;0;4;0;4;0;4;0;4;0;4;0;4;0;3;0;3;0;3;-1;3;-1;3;-1;3;-1;3;-1;1;-1;0;0;-1;-1;-1;-1;-1;0;1;2;4;7;12;7;13;6;13;5;14;5;14;4;14;4;15;3;15;3;16;2;16;2;16;1;16;1;16;0;16;-1;16;-1;16;-1;16;-1;16;-1;16;-1;15;-2;15;-2;15;-2;15;-2;15;-2;15;-2;15;-2;14;-2;14;-121;0;-22;-17;-22;-17;-22;-16;-22;-14;-22;-13;-22;-12;-22;-10;-22;-9;-22;-8;-22;-7;-22;-6;-21;-5;-21;-4;-21;-3;-22;-3;-22;-3;-22;-3;-22;-2;-21;-2;-21;-2;-21;-2;-21;-2;-20;-2;-20;-2;-20;-2;-19;-3;-19;-4;-19;-4;-7;-2;-2;-1;0;0;0;1;0;0;-1;-2;-2;-6;-4;-16;-4;-16;-3;-16;-3;-17;-3;-17;-4;-17;-4;-18;-4;-18;-4;-19;-5;-19;-5;-19;-6;-19;-6;-20;-7;-20;-7;-20;-7;-20;-8;-20;-9;-20;-10;-19;-12;-19;-13;-19;-14;-19;-15;-19;-16;-19;-18;-19;-19;-19;-20;-18;-21;-18,empty,EXP_S141,ZONE_02,entree_zone,4.1,entree_zone,entree dans la zone
1909182438,-54,6,a0:9f:7a:73:2b:3e,384,-110;-96;8;0;-15;27;-16;30;-17;31;-17;30;-16;29;-13;27;-10;24;-7;21;-3;18;1;15;5;13;9;10;12;8;16;6;19;4;21;3;23;2;24;2;24;1;24;0;23;0;21;-1;19;-2;17;-3;16;-4;3;-2;0;0;0;0;0;0;0;0;0;0;0;0;0;0;0;0;0;0;4;-5;20;-18;24;-18;27;-16;29;-13;29;-9;28;-6;24;-3;18;0;12;0;4;0;-3;-2;-10;-6;-16;-11;-20;-16;-23;-21;-24;-26;-24;-29;-23;-30;-21;-30;-18;-29;-16;-25;-13;-20;-12;-13;-11;-5;-10;2;-10;8;-123;0;20;17;19;17;18;17;17;16;16;14;15;13;14;12;13;11;12;10;12;9;11;8;11;7;11;6;10;6;10;5;9;5;9;5;9;5;8;5;8;5;8;4;7;4;7;4;7;4;6;4;6;4;6;5;6;5;2;2;0;0;-1;-1;-2;-1;-1;-1;3;-1;10;0;29;1;29;3;29;5;30;6;30;8;30;9;30;10;30;12;30;13;30;14;29;16;29;16;28;17;28;18;27;19;26;19;26;20;26;20;25;20;25;20;25;20;24;20;24;20;24;20;24;20;24;19;24;19;23;19;-123;0;-49;12;-48;13;-47;15;-45;16;-43;18;-41;19;-39;20;-38;21;-36;22;-34;23;-32;24;-30;26;-29;27;-28;28;-28;28;-28;29;-27;29;-27;29;-26;29;-26;28;-25;28;-24;28;-24;27;-24;27;-24;26;-25;25;-25;24;-26;23;-10;8;-3;2;0;-1;1;0;0;0;-4;-2;-10;-5;-27;-14;-27;-14;-27;-15;-27;-15;-28;-15;-28;-15;-29;-15;-30;-15;-31;-15;-32;-15;-33;-15;-34;-14;-35;-14;-36;-13;-36;-12;-37;-12;-37;-10;-38;-9;-39;-7;-40;-5;-42;-3;-44;-1;-45;0;-46;2;-47;5;-48;7;-49;9;-49;10,empty,EXP_S141,ZONE_02,entree_zone,4.1,entree_zone,entree dans la zone
1909384622,-53,6,a0:9f:7a:73:2b:3e,384,-110;-96;8;0;23;-24;25;-26;25;-26;24;-26;22;-25;19;-23;15;-21;11;-18;6;-16;1;-14;-3;-11;-8;-9;-12;-7;-15;-5;-18;-4;-20;-3;-22;-2;-23;-1;-23;0;-22;0;-21;1;-19;2;-17;2;-14;3;-12;4;-3;1;0;0;0;0;0;0;0;0;0;0;0;0;0;0;0;0;0;0;-8;-1;-29;-3;-31;-5;-31;-9;-30;-12;-27;-14;-23;-15;-18;-14;-12;-11;-6;-6;0;-1;4;6;7;14;9;21;9;27;8;33;7;36;5;38;4;38;3;37;2;33;2;28;3;22;4;14;7;6;10;-1;13;-7;117;0;-9;-12;-9;-12;-9;-12;-9;-11;-8;-10;-8;-9;-7;-9;-6;-8;-6;-8;-6;-8;-5;-7;-6;-7;-6;-6;-6;-5;-5;-5;-5;-5;-5;-5;-4;-5;-4;-5;-5;-5;-5;-4;-4;-4;-4;-4;-4;-4;-3;-4;-3;-5;-3;-5;-3;-5;-2;-2;-1;-1;0;0;0;-1;0;0;-2;0;-6;-1;-16;-1;-17;-2;-17;-2;-17;-3;-17;-4;-17;-5;-17;-6;-17;-7;-17;-8;-17;-9;-17;-10;-17;-10;-16;-10;-15;-11;-14;-12;-14;-12;-14;-13;-14;-13;-14;-13;-14;-12;-13;-12;-13;-13;-12;-13;-12;-14;-12;-14;-12;-14;-12;-13;-12;-12;117;0;25;-5;24;-5;23;-6;22;-6;21;-7;20;-7;19;-8;19;-8;18;-8;17;-9;16;-9;15;-9;14;-10;14;-10;13;-11;13;-11;13;-11;13;-11;12;-11;12;-10;12;-10;11;-10;11;-10;11;-10;11;-9;11;-9;11;-8;11;-8;4;-3;1;-1;-1;0;-1;-1;-1;-1;1;0;4;0;12;1;12;1;13;1;13;1;14;2;15;2;15;2;16;3;16;3;16;2;17;2;17;2;18;2;18;2;19;2;19;2;19;2;19;1;20;0;21;-1;22;-1;22;-1;23;-1;23;-2;24;-3;24;-4;24;-5;25;-5,empty,EXP_S141,ZONE_02,entree_zone,4.1,entree_zone,entree dans la zone
1909582462,-54,6,a0:9f:7a:73:2b:3e,384,-110;-96;8;0;-2;33;-2;35;-2;36;-3;35;-2;32;-2;29;0;25;2;20;4;16;6;12;9;9;12;6;15;4;17;2;19;0;20;-1;21;-1;21;-2;21;-3;20;-4;19;-4;17;-5;15;-5;14;-6;12;-7;3;-2;0;0;0;0;0;0;0;0;0;0;0;0;0;0;0;0;0;0;-4;-7;-14;-28;-12;-30;-8;-33;-4;-33;-1;-31;2;-27;3;-22;2;-16;-1;-10;-5;-4;-11;1;-18;4;-25;5;-31;4;-36;3;-39;1;-41;-2;-41;-4;-39;-5;-36;-5;-31;-5;-26;-2;-20;1;-14;6;-9;12;-6;16;127;0;11;-1;11;-1;11;-1;11;-1;10;-2;9;-2;8;-2;7;-1;6;0;6;0;6;0;6;-1;5;-1;4;-2;4;-1;3;-1;3;0;4;0;4;0;4;-1;3;-1;2;-1;2;-1;2;-1;2;0;2;0;3;0;3;0;1;0;0;-1;-1;-1;-1;0;-1;0;0;-2;2;-5;7;-13;8;-13;8;-13;9;-13;9;-12;10;-11;11;-10;12;-10;13;-10;14;-10;14;-10;14;-10;13;-9;13;-8;14;-6;15;-6;15;-6;15;-6;15;-6;14;-6;13;-5;13;-4;14;-3;14;-3;15;-3;14;-4;14;-4;13;-5;127;0;-11;26;-10;25;-9;24;-8;23;-6;22;-5;22;-4;22;-3;21;-3;20;-2;19;-1;19;0;18;1;18;2;18;2;17;3;17;3;17;3;17;3;16;4;16;4;16;4;15;4;15;3;15;3;15;2;15;2;15;2;15;0;5;0;1;-1;-1;0;-1;0;-1;-1;1;-3;4;-9;13;-9;13;-9;13;-9;13;-10;14;-11;15;-12;15;-12;15;-13;15;-12;16;-13;16;-13;17;-14;17;-14;18;-15;18;-15;18;-14;18;-14;18;-13;19;-13;21;-13;22;-13;23;-13;23;-13;24;-12;24;-12;25;-11;25;-11;26,empty,EXP_S141,ZONE_02,entree_zone,4.1,entree_zone,entree dans la zone
1909783092,-54,6,a0:9f:7a:73:2b:3e,384,-110;-96;8;0;8;32;8;34;8;34;7;33;6;29;6;25;6;21;7;16;9;11;10;7;12;3;14;0;16;-3;17;-5;19;-7;19;-8;19;-8;19;-8;18;-9;16;-9;14;-9;12;-10;10;-10;8;-10;7;-11;1;-3;0;0;0;0;0;0;0;0;0;0;0;0;0;0;0;0;0;0;-5;-6;-17;-24;-16;-27;-13;-30;-10;-31;-6;-30;-3;-27;-2;-23;-1;-17;-2;-10;-5;-4;-10;2;-16;6;-22;9;-28;10;-33;10;-37;9;-38;7;-38;5;-37;3;-33;2;-28;1;-22;3;-15;5;-9;9;-3;14;1;18;-114;0;12;0;11;0;11;0;11;0;10;0;9;0;8;0;7;0;6;0;6;0;6;0;6;0;5;0;4;0;4;0;4;0;3;0;3;0;3;0;3;-1;3;-1;2;-1;2;-1;2;-1;2;-1;2;-1;2;-1;2;-1;0;-1;0;-1;-1;0;-1;0;-1;0;0;-2;3;-4;8;-10;9;-10;10;-10;10;-9;11;-9;11;-9;12;-8;12;-8;13;-7;14;-7;14;-7;14;-6;14;-6;14;-5;14;-4;14;-4;14;-4;14;-4;14;-4;14;-3;14;-3;14;-3;14;-2;14;-2;14;-2;14;-2;14;-2;14;-2;-114;0;-8;25;-7;24;-6;24;-5;23;-3;22;-2;22;-1;21;0;20;1;19;2;18;3;18;4;17;4;17;5;16;5;16;6;15;6;15;6;15;7;14;7;14;7;13;7;13;7;13;7;12;7;12;7;12;7;12;6;12;2;4;0;1;-1;-1;0;-1;0;-1;-2;1;-5;3;-13;10;-13;10;-13;10;-14;10;-14;10;-15;11;-15;11;-15;12;-16;12;-16;12;-16;13;-16;14;-16;14;-16;14;-16;15;-16;15;-15;15;-15;16;-14;17;-14;18;-14;19;-13;20;-13;21;-12;22;-11;23;-11;24;-10;24;-9;25,empty,EXP_S141,ZONE_02,entree_zone,4.1,entree_zone,entree dans la zone
1909986388,-54,6,a0:9f:7a:73:2b:3e,384,-110;-96;8;0;2;36;2;37;1;36;1;34;1;30;2;26;4;21;6;16;8;11;11;7;14;4;16;1;19;-1;20;-2;21;-4;21;-4;21;-5;20;-6;19;-6;17;-7;15;-8;13;-9;11;-10;9;-11;8;-12;1;-3;0;0;0;0;0;0;0;0;0;0;0;0;0;0;0;0;0;0;-4;-7;-12;-29;-10;-32;-6;-34;-2;-35;1;-33;4;-29;5;-24;4;-17;1;-10;-4;-4;-10;1;-17;4;-24;6;-31;6;-36;4;-39;2;-41;-1;-40;-3;-38;-4;-34;-4;-28;-3;-22;-1;-16;4;-10;9;-5;15;-1;21;-119;0;12;3;12;3;11;3;10;3;9;3;8;3;7;3;6;3;6;3;6;3;5;3;5;2;5;2;4;1;3;1;3;2;3;2;3;2;3;2;2;1;2;1;1;1;1;1;1;1;1;1;1;1;2;1;2;0;0;0;0;0;-1;-1;-1;0;-1;0;0;-2;3;-4;10;-11;10;-11;11;-11;12;-10;12;-10;13;-9;13;-8;14;-7;15;-7;16;-6;16;-6;16;-5;16;-5;15;-4;15;-3;16;-2;16;-2;16;-1;16;-1;15;-1;15;0;15;0;15;1;15;1;15;1;15;1;14;1;14;1;-119;0;-12;25;-11;24;-10;24;-8;23;-7;23;-6;22;-5;22;-4;21;-3;20;-2;20;-1;19;0;19;1;18;2;18;2;18;3;17;3;17;4;17;4;16;4;16;4;16;4;15;4;15;4;15;4;14;4;14;3;15;3;15;1;5;0;1;-1;-1;0;-1;0;-1;-2;1;-5;3;-14;9;-14;9;-15;9;-15;9;-16;10;-16;10;-17;10;-17;11;-17;11;-17;11;-17;12;-17;12;-18;13;-18;13;-18;13;-18;14;-18;14;-17;15;-16;16;-16;18;-16;19;-16;20;-16;21;-15;21;-15;22;-14;23;-13;24;-13;25,empty,EXP_S141,ZONE_02,entree_zone,4.1,entree_zone,entree dans la zone
1910187166,-55,6,a0:9f:7a:73:2b:3e,384,-110;-96;8;0;-34;-6;-35;-7;-34;-8;-31;-8;-28;-6;-24;-4;-21;-1;-17;2;-14;5;-12;9;-10;12;-8;15;-8;17;-7;19;-6;19;-5;20;-5;20;-4;19;-2;18;-1;16;1;15;2;14;4;13;5;12;6;12;1;2;0;0;0;0;0;0;0;0;0;0;0;0;0;0;0;0;0;0;6;-3;26;-11;29;-9;31;-5;31;-1;29;2;26;5;20;6;14;5;8;1;3;-4;-1;-10;-3;-17;-4;-23;-3;-29;-1;-34;2;-36;4;-37;7;-36;8;-34;7;-30;5;-25;2;-20;-3;-15;-9;-11;-16;-8;-20;-6;-127;0;-5;9;-5;9;-5;9;-5;9;-4;8;-4;7;-4;5;-4;4;-5;4;-5;4;-5;4;-4;4;-3;3;-3;2;-3;1;-3;1;-3;1;-3;1;-3;1;-3;1;-2;1;-2;0;-2;0;-2;0;-2;0;-3;0;-2;1;-2;1;-1;0;-1;0;0;-1;-1;-1;-1;-1;1;0;4;2;11;7;11;8;11;8;11;9;10;9;9;10;8;11;8;12;7;13;7;14;7;14;7;14;5;14;4;14;3;14;2;14;1;15;1;15;2;14;1;13;0;13;-1;12;-2;13;-2;13;-3;13;-2;13;-2;13;-2;12;-127;0;-24;-12;-24;-11;-23;-10;-23;-9;-22;-7;-22;-6;-22;-6;-21;-5;-20;-4;-19;-4;-19;-3;-18;-2;-18;-1;-18;0;-18;0;-18;0;-18;0;-17;0;-17;1;-17;1;-16;1;-16;1;-16;1;-16;1;-15;1;-15;1;-15;0;-15;-1;-6;-1;-2;-1;0;-1;0;0;0;0;-2;-2;-5;-4;-12;-11;-12;-11;-12;-11;-12;-12;-12;-12;-13;-13;-13;-13;-13;-14;-13;-14;-13;-14;-14;-14;-15;-14;-15;-14;-15;-15;-15;-15;-15;-15;-16;-14;-16;-14;-17;-13;-18;-13;-20;-13;-21;-14;-21;-14;-21;-13;-22;-13;-23;-12;-24;-12;-25;-11,empty,EXP_S141,ZONE_02,entree_zone,4.1,entree_zone,entree dans la zone
1910383971,-55,6,a0:9f:7a:73:2b:3e,384,-110;-96;8;0;23;31;23;32;21;31;20;28;18;25;16;20;15;14;14;8;14;2;14;-3;15;-7;15;-11;16;-13;16;-15;16;-16;15;-17;14;-17;12;-17;10;-17;8;-16;5;-16;3;-16;0;-16;-2;-15;-3;-15;-1;-4;0;0;0;0;0;0;0;0;0;0;0;0;0;0;0;0;0;0;-6;-6;-23;-24;-22;-27;-20;-31;-16;-33;-12;-33;-8;-30;-4;-25;-2;-18;-2;-10;-4;-2;-8;6;-13;12;-19;17;-26;21;-31;22;-35;21;-38;19;-38;17;-36;14;-32;12;-26;10;-19;10;-10;11;-2;13;6;16;12;19;-124;0;11;-6;12;-5;12;-5;11;-4;10;-4;9;-3;8;-3;7;-2;7;-1;7;-1;6;-1;6;-1;5;-1;4;-1;3;0;3;0;3;1;3;0;3;0;3;0;2;0;1;0;1;0;1;1;1;1;2;0;2;0;2;-1;0;-1;0;-1;-1;0;0;1;-1;0;-1;-2;-1;-6;-3;-17;-2;-18;-1;-18;0;-18;1;-18;2;-17;3;-17;4;-18;6;-18;6;-18;7;-18;7;-18;8;-17;9;-15;10;-15;11;-14;11;-14;11;-14;11;-14;11;-13;11;-12;11;-11;12;-11;13;-11;13;-10;13;-10;12;-10;12;-9;-124;0;10;26;10;25;10;24;11;23;11;21;12;20;12;19;12;18;12;17;12;16;13;14;13;13;14;12;14;12;14;11;14;11;14;10;14;10;14;9;14;9;14;9;14;8;14;8;14;8;14;8;13;8;13;8;13;9;4;3;1;1;-1;-1;0;-2;0;-1;-1;1;-1;6;-2;17;-2;17;-3;17;-3;17;-3;18;-3;18;-3;19;-3;19;-3;20;-3;20;-2;20;-2;21;-2;22;-2;22;-2;22;-2;22;-1;22;0;22;1;23;2;23;3;24;4;25;5;26;5;26;7;26;8;26;9;26;10;27,empty,EXP_S141,ZONE_02,entree_zone,4.1,entree_zone,entree dans la zone
1910582589,-55,6,a0:9f:7a:73:2b:3e,384,-110;-96;8;0;6;-38;7;-38;7;-37;7;-34;5;-30;2;-25;-1;-21;-5;-16;-9;-12;-13;-9;-16;-7;-19;-5;-22;-4;-23;-3;-23;-2;-23;-1;-22;0;-21;2;-19;3;-17;5;-15;6;-13;8;-12;10;-11;12;-10;13;-3;3;0;0;0;0;0;0;0;0;0;0;0;0;0;0;0;0;0;0;0;7;-1;32;-5;33;-9;34;-13;33;-16;30;-17;25;-16;19;-12;13;-6;7;1;3;9;0;17;0;25;1;31;3;36;7;38;10;38;13;36;15;34;15;29;13;24;10;18;5;14;-1;10;-9;7;-17;5;-23;124;0;-11;-8;-11;-8;-10;-8;-9;-8;-8;-7;-7;-6;-6;-6;-5;-6;-4;-6;-4;-6;-4;-6;-4;-5;-3;-5;-3;-4;-2;-4;-2;-4;-1;-4;-2;-4;-2;-4;-2;-3;-1;-3;-1;-2;-1;-2;0;-2;-1;-2;-1;-2;-1;-2;-1;-2;-1;-1;-1;-1;0;0;0;-1;0;-1;-2;1;-5;3;-14;9;-15;9;-15;8;-16;7;-16;6;-17;5;-17;4;-18;3;-19;2;-19;2;-19;1;-19;0;-18;0;-18;-1;-18;-2;-18;-3;-18;-4;-18;-4;-17;-4;-17;-4;-16;-5;-15;-6;-15;-6;-15;-7;-15;-7;-15;-7;-14;-7;-14;-7;124;0;15;-23;15;-23;13;-23;12;-23;10;-22;9;-22;8;-22;7;-21;6;-20;4;-20;3;-19;2;-19;1;-19;0;-19;-1;-19;-1;-19;-1;-19;-2;-19;-2;-18;-3;-18;-3;-18;-3;-18;-3;-17;-3;-17;-3;-17;-3;-17;-3;-17;-2;-17;-1;-6;-1;-2;0;0;-2;0;-1;0;1;-1;5;-3;16;-7;16;-6;16;-6;16;-6;17;-7;17;-7;18;-7;18;-7;18;-8;18;-8;19;-9;19;-9;19;-10;19;-10;20;-10;20;-11;19;-11;19;-12;19;-13;19;-15;19;-16;19;-17;19;-18;18;-19;18;-20;17;-21;17;-22;17;-23,empty,EXP_S141,ZONE_02,entree_zone,4.1,entree_zone,entree dans la zone
1910782824,-55,6,a0:9f:7a:73:2b:3e,384,-110;-96;8;0;-21;-33;-21;-34;-19;-33;-18;-30;-16;-25;-16;-20;-15;-14;-15;-8;-15;-3;-16;2;-17;6;-18;10;-18;12;-19;14;-18;15;-17;16;-16;16;-13;16;-11;16;-8;16;-6;16;-3;16;-1;16;1;16;2;16;0;4;0;0;0;0;0;0;0;0;0;0;0;0;0;0;0;0;0;0;4;6;18;26;17;29;13;32;9;34;5;33;1;29;-1;24;-2;16;-1;8;2;0;7;-7;14;-13;20;-16;27;-18;32;-18;36;-17;38;-15;37;-13;35;-10;31;-9;24;-8;17;-9;8;-11;0;-14;-7;-18;-12;-22;124;0;-13;2;-13;2;-13;2;-12;2;-11;1;-9;1;-8;0;-8;-1;-7;-2;-7;-2;-7;-2;-6;-1;-5;-1;-4;-2;-4;-2;-4;-3;-4;-3;-4;-3;-4;-2;-3;-1;-2;-1;-2;-1;-1;-2;-2;-2;-2;-2;-2;-2;-2;-1;-2;-1;-1;0;-1;0;0;0;-1;-2;0;-1;0;1;0;5;1;16;0;17;-1;17;-2;17;-3;17;-4;16;-6;16;-7;16;-9;16;-10;17;-10;17;-10;16;-11;15;-11;14;-12;13;-13;12;-14;12;-14;12;-14;11;-13;10;-13;9;-14;8;-15;7;-15;7;-15;7;-15;7;-14;7;-13;6;124;0;-9;-27;-9;-26;-10;-25;-11;-24;-11;-23;-12;-22;-12;-21;-13;-19;-13;-18;-13;-16;-14;-15;-14;-15;-15;-14;-15;-14;-15;-13;-15;-13;-15;-12;-15;-12;-15;-12;-15;-11;-15;-11;-15;-11;-15;-10;-15;-10;-15;-10;-14;-11;-14;-11;-14;-12;-5;-5;-2;-2;0;0;-1;1;-1;0;0;-2;1;-7;2;-17;3;-17;3;-17;2;-17;2;-18;3;-19;3;-19;3;-19;3;-20;3;-20;2;-20;2;-21;2;-22;2;-22;2;-22;2;-22;1;-22;0;-22;-1;-23;-2;-24;-3;-25;-3;-26;-4;-26;-5;-26;-6;-26;-7;-27;-8;-27;-9;-28,empty,EXP_S141,ZONE_02,entree_zone,4.1,entree_zone,entree dans la zone
1910987469,-55,6,a0:9f:7a:73:2b:3e,384,-110;-96;8;0;35;11;36;11;34;11;32;10;28;8;24;5;20;1;16;-3;12;-7;9;-11;7;-15;5;-18;3;-20;2;-22;1;-23;0;-22;-1;-22;-3;-21;-5;-19;-6;-18;-8;-16;-9;-14;-11;-13;-12;-11;-13;-10;-4;-3;0;0;0;0;0;0;0;0;0;0;0;0;0;0;0;0;0;0;-8;-3;-32;-11;-32;-15;-31;-19;-28;-22;-24;-24;-19;-23;-14;-20;-9;-15;-5;-7;-3;1;-3;10;-4;18;-7;25;-11;30;-16;34;-19;35;-22;35;-23;33;-22;30;-20;26;-16;21;-10;17;-2;13;6;10;14;9;20;8;-121;0;8;-10;8;-10;8;-10;7;-9;7;-8;6;-7;5;-6;5;-5;5;-4;5;-4;5;-4;4;-4;3;-3;3;-3;3;-2;3;-1;3;-1;3;-2;2;-2;2;-2;1;-2;1;-1;1;-1;1;-1;1;-1;1;-1;1;-2;1;-2;0;-1;0;-1;-1;0;0;0;0;0;-2;-2;-4;-6;-9;-15;-9;-16;-8;-16;-7;-17;-6;-17;-5;-18;-4;-18;-2;-19;-2;-19;-1;-20;0;-20;0;-20;1;-19;2;-19;3;-18;4;-18;5;-18;5;-18;5;-17;5;-16;5;-16;6;-15;7;-15;7;-15;7;-15;7;-15;7;-14;6;-14;-121;0;20;17;20;16;20;15;20;13;20;12;20;11;20;10;19;9;19;8;19;7;18;5;18;4;18;3;18;2;18;2;18;1;18;0;17;0;17;0;17;-1;17;-1;17;-1;16;-1;16;-1;16;-1;16;-1;16;0;16;1;5;0;1;0;-1;0;-1;-1;-1;-1;0;1;2;5;5;15;5;15;5;15;5;15;5;16;6;17;6;17;6;18;6;18;6;18;7;18;7;19;8;19;8;20;8;20;9;20;9;19;10;19;11;19;13;19;14;20;15;20;15;20;16;20;17;19;18;19;20;19;20;19,empty,EXP_S141,ZONE_02,entree_zone,4.1,entree_zone,entree dans la zone
1911182327,-55,6,a0:9f:7a:73:2b:3e,384,-110;-96;8;0;1;39;0;39;0;37;0;33;1;28;3;23;6;17;8;12;11;6;14;2;17;-2;19;-5;20;-7;21;-9;22;-11;21;-12;19;-12;17;-13;15;-14;12;-14;9;-15;7;-16;4;-16;2;-16;0;-17;-1;-5;0;0;0;0;0;0;0;0;0;0;0;0;0;0;0;0;0;0;2;-8;10;-31;14;-31;18;-30;21;-28;22;-23;21;-18;18;-13;13;-8;6;-4;-3;-1;-12;0;-20;-1;-28;-3;-33;-7;-37;-10;-39;-13;-38;-15;-36;-17;-32;-17;-28;-14;-22;-10;-16;-5;-11;2;-6;10;-3;17;0;23;124;0;13;4;13;4;13;4;12;3;10;3;9;3;7;3;6;4;6;4;6;4;6;4;5;3;4;3;3;2;2;3;2;3;2;3;2;3;2;2;2;2;2;1;1;1;0;1;0;2;1;2;1;2;1;1;2;1;0;0;0;0;-1;-1;-1;0;-1;0;0;-2;2;-6;7;-16;7;-16;8;-16;9;-16;10;-15;11;-14;12;-13;14;-13;15;-12;16;-12;16;-12;16;-11;16;-9;16;-8;17;-6;17;-6;18;-5;18;-5;17;-5;17;-4;16;-3;16;-2;16;-1;17;0;17;0;17;0;16;0;15;0;124;0;-4;26;-3;25;-2;24;-1;23;0;23;1;23;2;22;2;21;3;20;3;19;4;18;5;18;6;18;6;18;7;17;7;17;7;17;8;16;8;16;8;16;8;16;8;16;8;16;8;16;7;16;7;16;6;16;5;16;1;5;0;1;-1;-1;0;-1;0;-1;-1;1;-4;4;-9;13;-9;12;-9;13;-9;13;-9;14;-10;14;-10;15;-11;15;-11;15;-10;15;-10;15;-10;16;-11;17;-11;17;-11;17;-11;17;-10;17;-9;18;-8;19;-8;21;-8;22;-8;23;-8;23;-7;23;-6;24;-5;25;-4;26;-4;26,empty,EXP_S141,ZONE_02,entree_zone,4.1,entree_zone,entree dans la zone
1911382354,-55,6,a0:9f:7a:73:2b:3e,384,-110;-96;8;0;24;-27;25;-27;24;-26;22;-23;19;-21;14;-19;9;-17;4;-15;-1;-14;-6;-13;-10;-13;-13;-13;-16;-13;-17;-13;-18;-12;-18;-12;-18;-11;-17;-9;-17;-7;-16;-5;-15;-3;-15;0;-14;2;-14;4;-14;5;-4;1;0;0;0;0;0;0;0;0;0;0;0;0;0;0;0;0;0;0;-4;6;-17;24;-21;24;-25;22;-27;19;-27;15;-25;10;-21;7;-15;4;-7;2;0;3;8;5;15;9;20;14;24;19;25;24;25;27;23;29;21;30;19;28;16;25;13;20;12;13;11;5;12;-3;14;-11;16;-16;127;0;-14;-21;-14;-21;-13;-20;-12;-19;-11;-18;-9;-16;-7;-15;-6;-14;-4;-14;-4;-14;-4;-13;-4;-12;-3;-10;-2;-9;-1;-8;0;-8;0;-8;0;-8;-1;-7;-1;-6;-1;-5;0;-4;0;-4;1;-4;0;-4;0;-4;-1;-4;-2;-4;-1;-2;-1;-1;-1;0;1;-1;1;-1;-3;1;-11;4;-29;11;-30;10;-31;8;-32;7;-32;5;-32;3;-32;0;-33;-2;-34;-4;-35;-5;-35;-6;-34;-7;-33;-9;-31;-11;-30;-13;-30;-15;-30;-16;-29;-16;-29;-16;-27;-16;-26;-16;-24;-18;-24;-19;-23;-20;-23;-21;-23;-20;-22;-20;-20;-19;127;0;40;-33;39;-33;37;-33;34;-33;32;-34;29;-34;27;-34;25;-34;23;-33;21;-33;18;-32;16;-32;14;-32;13;-33;12;-33;11;-33;10;-32;9;-32;8;-32;7;-32;7;-31;6;-31;6;-30;6;-30;6;-29;7;-29;8;-29;8;-28;3;-10;1;-3;-1;0;-2;0;-1;0;3;-1;10;-3;30;-7;30;-7;30;-7;31;-7;32;-7;33;-7;34;-7;35;-7;35;-8;36;-8;37;-10;38;-11;39;-11;39;-11;40;-11;39;-12;39;-13;39;-14;39;-17;40;-19;41;-21;42;-23;42;-24;42;-26;42;-28;42;-30;42;-32;42;-33,empty,EXP_S141,ZONE_02,entree_zone,4.1,entree_zone,entree dans la zone
1911586837,-55,6,a0:9f:7a:73:2b:3e,384,-110;-96;8;0;-35;-8;-36;-9;-34;-10;-31;-9;-28;-7;-24;-5;-21;-2;-18;1;-15;5;-13;8;-12;12;-10;15;-10;17;-9;18;-8;19;-8;19;-7;19;-5;18;-4;17;-2;16;0;16;1;15;3;14;4;14;5;13;1;3;0;0;0;0;0;0;0;0;0;0;0;0;0;0;0;0;0;0;5;-5;24;-17;27;-15;30;-12;31;-8;30;-4;26;-1;21;1;15;0;9;-2;3;-6;-2;-12;-5;-18;-6;-25;-6;-31;-4;-35;-1;-38;2;-39;4;-38;5;-36;5;-32;3;-27;0;-22;-5;-17;-11;-12;-17;-9;-22;-8;-120;0;-5;9;-5;9;-5;8;-5;8;-4;7;-4;6;-4;5;-4;4;-4;4;-4;3;-4;3;-3;3;-3;2;-3;2;-3;1;-3;1;-3;1;-3;1;-2;1;-2;1;-2;1;-2;0;-2;0;-2;0;-2;0;-2;0;-1;1;-1;1;-1;0;-1;0;0;-1;-1;-1;-1;-1;1;0;3;3;10;9;9;10;9;11;8;11;8;12;7;12;6;13;5;13;5;14;5;15;4;15;3;15;2;14;1;14;0;14;0;14;0;14;-1;14;-1;14;-1;14;-2;13;-2;13;-3;13;-3;13;-3;13;-3;12;-3;12;-3;11;-120;0;-25;-13;-25;-12;-24;-11;-24;-10;-23;-9;-23;-7;-22;-6;-21;-5;-21;-4;-20;-3;-19;-2;-19;-1;-19;0;-18;0;-18;1;-18;1;-17;2;-17;2;-17;3;-17;3;-16;3;-16;4;-16;4;-16;4;-16;4;-15;3;-16;3;-16;2;-6;0;-2;0;0;-1;0;0;0;0;-2;-2;-4;-5;-11;-13;-10;-13;-10;-14;-10;-14;-11;-14;-11;-15;-12;-15;-12;-16;-13;-16;-13;-16;-14;-17;-14;-17;-15;-17;-15;-18;-15;-18;-15;-18;-16;-17;-16;-17;-17;-17;-19;-17;-20;-16;-21;-16;-22;-16;-22;-16;-23;-15;-24;-15;-25;-14;-25;-14,empty,EXP_S141,ZONE_02,entree_zone,4.1,entree_zone,entree dans la zone
1911784717,-55,6,a0:9f:7a:73:2b:3e,384,-110;-96;8;0;-36;16;-37;15;-35;14;-32;12;-28;11;-23;11;-17;11;-12;12;-7;13;-2;14;2;16;5;18;7;19;8;20;9;20;10;19;10;18;10;16;11;14;11;12;12;10;12;7;13;5;14;3;14;2;3;0;0;0;0;0;0;0;0;0;0;0;0;0;0;0;0;0;0;0;4;-7;20;-25;23;-23;27;-21;29;-17;28;-13;26;-9;21;-5;14;-4;7;-4;-1;-5;-8;-9;-14;-15;-19;-21;-21;-27;-21;-32;-20;-36;-17;-37;-15;-37;-13;-35;-11;-30;-10;-25;-11;-17;-12;-10;-16;-2;-20;5;-24;9;-123;0;-1;12;-1;11;-1;11;-1;10;-2;9;-2;8;-2;7;-2;7;-3;6;-3;6;-2;5;-2;5;-2;4;-2;4;-2;3;-2;3;-2;2;-2;2;-2;2;-2;2;-2;2;-2;1;-2;1;-2;1;-2;1;-1;1;-1;1;-1;1;-1;0;-1;0;0;-1;-1;-1;-1;-1;1;0;5;1;14;4;14;5;14;6;13;7;13;8;13;9;12;10;12;11;12;11;11;12;11;13;10;13;9;13;8;14;7;14;7;14;6;14;6;14;6;14;5;14;4;14;4;14;3;14;3;14;3;14;2;14;2;14;2;13;-123;0;-29;1;-29;1;-28;2;-27;3;-26;4;-24;4;-23;5;-22;6;-21;6;-20;7;-19;7;-18;8;-17;9;-16;9;-16;10;-15;10;-15;10;-14;10;-14;10;-13;11;-13;11;-12;11;-12;11;-12;11;-12;11;-12;11;-12;10;-13;10;-5;3;-2;1;0;-1;0;0;0;0;-2;-1;-6;-3;-16;-8;-16;-8;-15;-8;-16;-9;-16;-9;-17;-9;-17;-9;-18;-9;-19;-9;-19;-9;-20;-9;-20;-9;-21;-9;-21;-9;-21;-9;-22;-8;-22;-8;-23;-7;-23;-7;-24;-6;-25;-5;-26;-4;-27;-4;-28;-3;-28;-2;-29;-1;-30;0;-30;0,empty,EXP_S141,ZONE_02,entree_zone,4.1,entree_zone,entree dans la zone
1911985317,-55,6,a0:9f:7a:73:2b:3e,384,-110;-96;8;0;-36;-14;-37;-15;-35;-14;-31;-13;-28;-11;-24;-8;-20;-4;-17;0;-14;5;-12;9;-10;13;-9;16;-9;19;-8;20;-8;21;-7;21;-6;21;-5;19;-3;18;-2;16;0;15;3;13;5;12;7;11;8;11;2;2;0;0;0;0;0;0;0;0;0;0;0;0;0;0;0;0;0;0;7;-1;30;-1;31;3;31;7;29;10;26;13;21;13;16;12;10;8;6;2;2;-5;0;-12;0;-20;2;-27;5;-32;9;-36;12;-37;15;-36;16;-34;16;-31;14;-27;10;-22;5;-18;-2;-14;-10;-12;-18;-10;-23;-10;-123;0;-9;8;-9;7;-9;7;-9;7;-8;6;-7;5;-7;4;-7;3;-6;3;-6;2;-6;2;-5;2;-5;2;-5;1;-4;1;-4;1;-4;1;-4;1;-4;1;-3;1;-3;1;-3;0;-2;0;-3;0;-3;0;-3;0;-3;0;-2;1;-1;0;-1;0;0;-1;-1;-1;-1;-1;0;1;1;4;3;14;2;14;2;14;1;15;0;15;-1;15;-2;15;-3;15;-4;16;-4;16;-5;16;-5;16;-5;15;-6;15;-7;14;-7;14;-7;14;-8;14;-8;13;-8;13;-8;12;-9;11;-9;11;-9;11;-9;11;-9;11;-9;11;-9;11;-123;0;-21;-19;-21;-18;-21;-17;-21;-15;-21;-14;-21;-12;-21;-11;-21;-10;-20;-9;-20;-8;-19;-6;-19;-5;-19;-4;-19;-3;-19;-2;-19;-2;-19;-1;-18;-1;-18;0;-18;0;-17;1;-17;1;-16;1;-16;2;-16;2;-16;1;-16;1;-16;1;-6;0;-2;0;0;-1;0;1;0;0;-1;-2;-1;-6;-3;-17;-3;-17;-3;-17;-3;-17;-3;-17;-4;-18;-4;-18;-4;-19;-4;-19;-5;-19;-5;-20;-6;-20;-6;-21;-7;-21;-7;-21;-8;-21;-8;-21;-10;-21;-11;-21;-12;-21;-13;-21;-15;-22;-15;-21;-17;-21;-18;-21;-19;-20;-20;-20;-21;-21,empty,EXP_S141,ZONE_02,entree_zone,4.1,entree_zone,entree dans la zone
1912189541,-54,6,a0:9f:7a:73:2b:3e,384,-110;-96;8;0;2;-38;3;-39;3;-38;3;-35;2;-31;0;-26;-3;-21;-6;-16;-9;-12;-12;-8;-15;-5;-18;-2;-20;0;-21;2;-22;3;-22;4;-21;5;-20;5;-19;6;-16;7;-14;8;-12;9;-10;10;-8;11;-6;12;-2;3;0;0;0;0;0;0;0;0;0;0;0;0;0;0;0;0;0;0;-1;8;-3;32;-6;33;-10;34;-14;32;-16;28;-17;24;-15;18;-11;12;-5;7;2;2;10;0;18;-1;26;1;32;3;36;6;38;9;39;12;37;13;34;14;30;12;25;9;19;4;13;-2;9;-9;5;-16;3;-22;124;0;-13;-6;-12;-6;-12;-6;-11;-6;-10;-5;-9;-5;-8;-5;-7;-5;-6;-5;-6;-5;-6;-5;-6;-4;-5;-4;-4;-4;-4;-3;-3;-4;-3;-4;-3;-4;-3;-3;-3;-3;-3;-2;-2;-2;-2;-2;-2;-2;-2;-2;-2;-3;-2;-2;-2;-2;-1;-1;-1;-1;0;0;0;-1;0;-1;-2;1;-5;4;-12;11;-13;11;-13;10;-14;10;-15;9;-15;8;-16;7;-17;6;-18;5;-18;5;-19;4;-19;4;-18;3;-18;2;-18;0;-18;0;-18;-1;-18;-1;-18;-1;-17;-2;-17;-2;-16;-3;-16;-4;-17;-4;-17;-4;-16;-4;-16;-4;-15;-4;124;0;12;-25;11;-25;10;-24;9;-24;7;-23;6;-23;5;-22;4;-22;3;-21;2;-20;1;-20;0;-19;-1;-19;-2;-18;-2;-18;-2;-18;-3;-18;-3;-18;-4;-17;-4;-17;-4;-16;-4;-16;-4;-16;-4;-16;-4;-15;-4;-15;-4;-15;-3;-15;-2;-6;-1;-2;0;0;-1;0;-1;0;1;-2;4;-4;13;-11;13;-11;13;-10;14;-11;14;-11;15;-11;15;-12;16;-12;16;-12;16;-12;16;-13;16;-14;17;-14;17;-14;17;-14;17;-15;16;-15;16;-16;16;-17;15;-18;16;-19;16;-20;15;-21;15;-22;14;-23;14;-24;13;-25;13;-25,empty,EXP_S141,ZONE_02,entree_zone,4.1,entree_zone,entree dans la zone
1912382318,-54,6,a0:9f:7a:73:2b:3e,384,-110;-96;8;0;-32;21;-33;21;-32;19;-29;17;-26;16;-21;15;-16;14;-10;14;-5;14;0;14;4;15;8;16;10;17;12;17;13;17;14;16;14;15;14;13;14;12;14;10;14;7;14;5;14;3;14;1;14;-1;3;-1;0;0;0;0;0;0;0;0;0;0;0;0;0;0;0;0;0;0;4;-7;20;-25;24;-24;27;-21;29;-18;29;-14;26;-10;22;-6;15;-4;8;-4;0;-5;-8;-8;-14;-13;-19;-19;-22;-25;-22;-30;-21;-34;-20;-36;-17;-36;-15;-34;-13;-30;-11;-25;-11;-18;-12;-10;-14;-2;-18;6;-21;11;-122;0;0;12;0;11;0;11;0;10;0;9;0;8;-1;8;-1;7;-1;6;-1;6;-1;6;-1;5;-1;4;-1;4;-1;3;-2;3;-2;3;-1;3;-1;3;-1;2;-1;2;-1;2;-1;1;-1;1;-1;1;-1;1;-1;1;-1;1;-1;0;0;0;0;-1;-1;-1;-1;-1;1;0;5;2;14;6;13;6;13;7;13;8;12;9;12;10;12;10;11;11;11;12;11;13;10;13;10;14;9;14;8;14;7;14;7;14;6;14;6;15;6;14;5;14;5;14;4;14;4;14;4;14;3;14;3;14;3;14;3;13;-122;0;-28;1;-28;2;-27;3;-26;4;-25;5;-23;5;-23;6;-22;7;-20;8;-19;8;-18;9;-17;10;-16;10;-15;11;-15;11;-14;11;-14;12;-13;12;-13;12;-12;12;-11;12;-11;12;-10;12;-10;12;-10;12;-10;12;-11;12;-11;11;-4;4;-2;1;0;-1;0;0;0;0;-2;-1;-6;-4;-15;-10;-15;-10;-15;-10;-15;-10;-16;-11;-16;-11;-17;-11;-17;-11;-17;-11;-18;-11;-19;-11;-19;-11;-20;-11;-20;-10;-21;-10;-21;-10;-21;-9;-22;-9;-23;-8;-24;-7;-25;-6;-26;-6;-26;-5;-27;-4;-28;-3;-28;-1;-29;0;-29;0,empty,EXP_S141,ZONE_02,entree_zone,4.1,entree_zone,entree dans la zone
1912582472,-54,6,a0:9f:7a:73:2b:3e,384,-110;-96;8;0;12;-33;13;-33;13;-32;12;-30;10;-26;7;-23;3;-19;-1;-16;-5;-13;-9;-11;-13;-9;-16;-8;-18;-7;-20;-7;-20;-6;-20;-5;-20;-4;-19;-3;-18;-1;-17;0;-16;2;-14;4;-13;5;-12;7;-11;8;-3;2;0;0;0;0;0;0;0;0;0;0;0;0;0;0;0;0;0;0;-2;7;-6;28;-9;29;-13;29;-16;27;-18;24;-18;19;-16;14;-12;9;-6;5;1;3;9;2;16;3;23;5;28;8;31;12;32;16;32;18;30;19;28;19;24;17;20;13;16;8;13;1;10;-6;9;-14;9;-20;-124;0;-9;-9;-8;-9;-8;-9;-7;-8;-6;-8;-5;-7;-5;-7;-4;-7;-4;-6;-3;-6;-3;-6;-3;-5;-3;-5;-2;-4;-2;-4;-2;-4;-2;-4;-2;-4;-2;-3;-2;-3;-1;-3;-1;-2;-1;-2;-1;-2;-1;-2;-1;-2;-1;-2;-1;-2;-1;-1;-1;-1;0;0;0;-1;0;-1;-2;0;-5;1;-14;4;-15;3;-15;2;-15;1;-16;1;-16;0;-16;-1;-16;-2;-16;-3;-17;-3;-17;-4;-16;-5;-16;-6;-16;-6;-15;-7;-15;-7;-14;-7;-14;-8;-14;-8;-14;-8;-13;-8;-13;-8;-12;-9;-12;-9;-12;-9;-11;-9;-11;-9;-11;-9;-124;0;18;-17;18;-18;17;-18;16;-18;14;-18;13;-18;12;-18;11;-17;9;-17;8;-17;7;-17;6;-17;5;-17;4;-17;4;-17;3;-17;3;-17;2;-17;2;-17;1;-16;1;-16;1;-16;1;-16;0;-16;0;-15;1;-15;1;-15;1;-15;0;-6;0;-2;-1;0;-1;0;-1;0;1;-1;5;-1;15;-3;15;-3;15;-2;16;-2;16;-2;16;-2;17;-3;17;-3;18;-3;18;-3;19;-4;19;-4;19;-4;19;-5;19;-5;19;-6;19;-6;20;-7;20;-8;20;-9;20;-10;20;-11;20;-12;20;-13;20;-14;20;-15;20;-16;20;-17,empty,EXP_S141,ZONE_02,entree_zone,4.1,entree_zone,entree dans la zone
1912782502,-54,6,a0:9f:7a:73:2b:3e,384,-110;-96;8;0;-36;-12;-36;-13;-35;-13;-32;-12;-28;-10;-25;-7;-21;-3;-17;1;-14;5;-12;9;-10;13;-9;16;-8;18;-7;20;-7;21;-6;21;-5;21;-3;20;-2;19;0;17;1;16;3;15;5;13;7;12;8;12;2;2;0;0;0;0;0;0;0;0;0;0;0;0;0;0;0;0;0;0;7;-1;31;-2;32;1;33;5;32;9;29;12;25;13;19;12;13;9;7;3;3;-3;1;-11;0;-19;1;-26;4;-32;8;-36;11;-38;14;-38;16;-36;16;-33;14;-29;11;-24;5;-19;-1;-15;-8;-12;-16;-10;-21;-9;-126;0;-9;8;-9;8;-9;8;-9;7;-8;6;-7;5;-7;4;-6;3;-6;3;-6;2;-6;2;-5;2;-5;2;-4;1;-4;0;-4;0;-4;0;-4;0;-4;0;-3;0;-3;0;-2;0;-2;0;-2;0;-2;0;-2;0;-2;0;-2;0;-1;0;-1;0;0;-1;-1;-1;-1;-1;1;1;3;4;8;12;8;13;7;13;6;14;6;14;4;15;3;15;2;16;1;16;1;17;0;17;-1;17;-1;16;-2;16;-3;16;-4;16;-5;16;-5;16;-5;15;-6;14;-6;14;-7;13;-7;13;-8;13;-8;13;-8;13;-8;12;-8;12;-126;0;-20;-19;-20;-19;-20;-18;-20;-16;-20;-15;-20;-14;-20;-13;-19;-11;-19;-10;-19;-9;-18;-8;-18;-7;-19;-6;-18;-6;-18;-5;-18;-5;-18;-5;-18;-4;-18;-4;-17;-3;-17;-3;-17;-3;-17;-3;-16;-3;-16;-3;-16;-3;-16;-4;-16;-4;-6;-2;-2;-1;0;0;0;0;0;0;-1;-2;-3;-6;-8;-16;-8;-16;-7;-16;-7;-16;-7;-17;-8;-17;-8;-18;-8;-19;-8;-19;-8;-19;-9;-19;-9;-20;-9;-20;-10;-21;-10;-21;-10;-21;-10;-21;-11;-20;-12;-20;-13;-20;-14;-21;-15;-21;-16;-21;-17;-21;-18;-20;-19;-20;-20;-20;-21;-21,empty,EXP_S141,ZONE_02,entree_zone,4.1,entree_zone,entree dans la zone
1912985264,-55,6,a0:9f:7a:73:2b:3e,384,-110;-96;8;0;-22;-30;-22;-31;-21;-30;-19;-28;-17;-24;-15;-20;-15;-15;-15;-10;-15;-5;-15;0;-16;4;-17;7;-18;9;-18;11;-18;12;-17;13;-16;13;-15;13;-14;13;-12;13;-9;13;-7;13;-5;14;-3;14;-2;14;-1;3;0;0;0;0;0;0;0;0;0;0;0;0;0;0;0;0;0;0;6;3;26;14;26;17;25;21;22;24;18;25;13;23;9;20;6;14;4;7;4;-1;7;-8;10;-15;15;-20;20;-24;25;-25;29;-25;31;-23;32;-21;30;-18;27;-16;22;-14;15;-13;8;-13;0;-14;-7;-17;-12;-20;-124;0;-11;4;-11;3;-11;3;-10;3;-9;3;-8;2;-8;1;-7;1;-7;0;-7;0;-7;0;-6;0;-5;0;-5;0;-4;-1;-4;-1;-4;-1;-4;-1;-4;-1;-3;0;-3;0;-2;0;-2;-1;-2;-1;-2;-1;-2;-1;-2;0;-2;0;-1;0;-1;0;0;0;-1;-1;0;-1;0;1;0;5;-1;14;-1;14;-2;15;-3;15;-4;15;-4;14;-5;14;-7;14;-7;14;-8;15;-9;15;-9;14;-10;13;-10;12;-11;11;-12;11;-12;11;-12;11;-12;10;-11;10;-11;9;-12;8;-12;8;-13;8;-13;8;-13;7;-12;7;-12;6;-124;0;-10;-26;-10;-25;-11;-24;-11;-23;-12;-21;-12;-20;-13;-19;-13;-18;-14;-17;-14;-16;-14;-14;-14;-13;-15;-12;-15;-12;-15;-11;-15;-11;-15;-10;-15;-10;-15;-9;-15;-9;-15;-8;-15;-8;-15;-8;-15;-8;-14;-8;-14;-8;-14;-8;-14;-8;-5;-3;-2;-1;0;0;-1;1;-1;0;0;-2;0;-6;2;-17;2;-17;2;-17;2;-17;2;-18;3;-18;3;-19;3;-19;2;-20;2;-20;2;-21;2;-21;2;-22;2;-22;2;-22;1;-22;1;-22;0;-23;-1;-23;-2;-24;-3;-25;-4;-25;-5;-26;-6;-26;-7;-26;-8;-26;-9;-27;-9;-27,empty,EXP_S141,ZONE_02,entree_zone,4.1,entree_zone,entree dans la zone
1913182246,-54,6,a0:9f:7a:73:2b:3e,384,-110;-96;8;0;-28;24;-29;24;-28;22;-26;20;-23;18;-18;17;-14;15;-8;14;-3;14;1;14;5;14;9;15;11;15;13;15;15;15;15;14;15;14;15;12;15;10;15;8;14;6;14;4;14;2;14;0;14;-2;3;-1;0;0;0;0;0;0;0;0;0;0;0;0;0;0;0;0;0;0;3;-7;15;-27;18;-27;22;-26;25;-22;26;-18;24;-14;20;-9;15;-6;7;-5;-1;-5;-8;-7;-15;-11;-21;-16;-24;-21;-26;-26;-26;-30;-25;-32;-22;-33;-20;-31;-17;-28;-14;-22;-13;-16;-13;-8;-14;0;-16;7;-19;12;-123;0;5;10;4;10;4;10;4;9;3;8;3;7;2;7;1;6;1;6;1;6;1;5;1;5;1;4;0;4;0;3;-1;3;-1;3;0;3;0;3;0;2;0;2;0;1;-1;1;-1;1;-1;1;0;2;0;2;0;1;0;0;0;0;-1;-1;-1;0;-1;-1;1;-1;5;-1;14;-2;15;-1;15;0;15;1;15;2;15;3;15;4;15;5;15;6;15;7;15;7;15;7;14;8;13;8;13;9;12;10;12;10;12;10;11;10;11;10;10;10;9;11;9;11;8;11;8;11;8;11;8;11;8;10;-123;0;-25;11;-24;11;-23;12;-22;12;-20;13;-19;13;-18;13;-17;14;-16;14;-14;14;-13;14;-12;14;-11;15;-11;15;-10;15;-9;15;-9;15;-8;15;-8;15;-7;15;-7;15;-7;14;-6;14;-6;14;-6;14;-6;14;-7;14;-7;13;-3;4;-1;1;0;-1;1;0;0;0;-2;-1;-6;-1;-17;-2;-17;-2;-17;-2;-17;-2;-18;-2;-18;-3;-19;-3;-20;-3;-20;-3;-20;-2;-21;-2;-21;-2;-22;-2;-22;-1;-22;-1;-23;-1;-22;0;-23;1;-23;2;-24;3;-25;4;-25;5;-25;6;-25;6;-25;8;-26;9;-26;10;-26;11,empty,EXP_S141,ZONE_02,entree_zone,4.1,entree_zone,entree dans la zone
1913384146,-54,6,a0:9f:7a:73:2b:3e,384,-110;-96;8;0;32;19;32;20;31;20;28;18;25;16;22;12;19;8;17;3;15;-2;14;-6;13;-10;13;-13;12;-16;12;-18;12;-19;11;-19;11;-19;9;-19;8;-18;6;-17;4;-16;2;-16;-1;-15;-2;-15;-4;-15;-1;-4;0;0;0;0;0;0;0;0;0;0;0;0;0;0;0;0;0;0;-8;0;-32;0;-34;-3;-34;-8;-33;-12;-29;-14;-25;-15;-19;-14;-13;-10;-9;-5;-5;2;-4;10;-4;18;-6;25;-10;30;-14;34;-17;35;-20;35;-21;33;-21;30;-19;26;-15;22;-10;18;-3;15;5;13;13;13;19;14;-118;0;10;-6;10;-5;10;-5;9;-5;8;-4;7;-4;7;-3;6;-2;6;-2;6;-2;5;-2;5;-1;4;-1;4;-1;3;-1;3;0;3;0;3;0;3;0;2;-1;2;-1;1;0;1;0;1;0;1;0;1;-1;1;-1;1;-1;0;-1;0;-1;-1;0;0;0;-1;0;-1;-2;-1;-6;-3;-15;-2;-16;-1;-16;0;-16;1;-16;2;-16;3;-16;4;-16;5;-16;6;-16;7;-16;7;-16;8;-15;8;-14;9;-14;9;-13;10;-13;10;-13;10;-12;10;-12;10;-11;10;-10;11;-10;11;-10;11;-9;11;-9;11;-9;11;-9;-118;0;11;25;12;24;12;23;12;22;13;21;13;19;13;18;13;17;13;16;13;15;14;13;14;12;14;11;15;10;15;10;15;9;15;9;15;8;15;8;15;8;14;7;14;7;14;6;14;6;14;6;14;6;13;7;13;7;4;2;1;0;-1;-1;0;-2;0;-1;0;1;-1;6;-1;17;-1;17;-2;17;-2;17;-2;18;-2;18;-2;19;-2;19;-2;20;-2;20;-2;21;-1;21;-1;22;-1;22;0;22;0;22;1;22;1;23;2;23;3;24;4;24;5;25;6;25;7;25;8;25;9;26;10;26;11;26,empty,EXP_S141,ZONE_02,entree_zone,4.1,entree_zone,entree dans la zone
1913583459,-54,6,a0:9f:7a:73:2b:3e,384,-110;-96;8;0;20;30;20;31;19;31;18;28;16;25;15;20;14;15;13;9;13;3;14;-1;14;-6;14;-9;15;-12;16;-13;16;-15;15;-15;14;-15;12;-15;10;-15;8;-15;6;-15;3;-14;1;-14;-1;-14;-2;-14;-1;-4;0;0;0;0;0;0;0;0;0;0;0;0;0;0;0;0;0;0;-6;-6;-23;-24;-21;-27;-19;-31;-15;-32;-11;-32;-7;-29;-4;-24;-2;-17;-2;-9;-5;-1;-9;6;-14;12;-20;17;-26;19;-31;20;-35;19;-37;17;-37;15;-35;13;-31;11;-25;10;-18;10;-10;11;-2;13;5;16;11;19;125;0;12;-3;12;-2;12;-2;11;-2;10;-2;9;-1;8;-1;7;0;7;0;6;1;6;0;5;0;5;0;4;0;3;0;3;1;3;1;3;1;3;1;2;0;2;0;2;0;1;1;1;1;1;1;1;0;2;0;2;0;0;0;0;-1;-1;-1;-1;0;-1;0;-1;-2;0;-6;1;-17;2;-17;3;-17;4;-17;5;-16;6;-16;7;-16;8;-16;9;-15;10;-15;10;-15;11;-15;11;-14;11;-13;12;-12;13;-11;13;-11;13;-11;13;-10;13;-10;13;-9;13;-8;13;-7;14;-7;14;-7;14;-7;13;-6;13;-6;125;0;3;27;4;26;4;25;5;24;6;23;7;22;7;21;7;20;7;19;8;18;8;16;9;15;10;15;10;14;10;13;10;13;11;13;11;12;11;11;11;11;11;11;11;10;10;10;10;10;10;10;10;10;10;10;9;10;3;3;1;1;-1;-1;0;-2;0;-1;-1;1;-2;5;-5;16;-5;16;-5;16;-5;16;-5;17;-6;17;-6;18;-6;18;-7;19;-6;19;-6;20;-6;20;-6;21;-6;21;-6;21;-6;21;-5;21;-4;22;-3;22;-3;23;-2;24;-2;25;-1;25;0;26;1;26;2;27;3;27;4;28,empty,EXP_S141,ZONE_02,entree_zone,4.1,entree_zone,entree dans la zone
1913787442,-55,6,a0:9f:7a:73:2b:3e,384,-110;-96;8;0;25;30;24;31;23;30;21;28;18;24;17;19;15;13;14;7;14;1;14;-4;14;-9;14;-13;15;-15;16;-17;15;-18;15;-18;14;-18;12;-18;10;-17;7;-17;4;-16;2;-16;-1;-15;-4;-15;-5;-15;-2;-4;0;0;0;0;0;0;0;0;0;0;0;0;0;0;0;0;0;0;-7;-6;-26;-22;-25;-26;-22;-30;-18;-32;-14;-32;-9;-29;-6;-24;-3;-17;-3;-9;-5;0;-8;8;-13;15;-19;20;-25;22;-30;23;-35;23;-37;21;-37;19;-35;16;-31;13;-24;12;-17;11;-8;12;0;14;8;16;14;20;-122;0;12;-5;12;-5;12;-4;11;-4;10;-3;9;-3;8;-2;8;-1;7;-1;7;0;7;-1;6;-1;5;-1;4;0;4;0;4;0;4;1;4;1;3;0;3;0;3;0;2;0;2;0;2;1;2;1;2;0;2;0;2;0;0;0;0;0;-1;-1;0;0;-1;0;-1;-2;-1;-6;-2;-17;-1;-17;0;-18;1;-18;2;-18;3;-17;4;-17;5;-17;7;-18;7;-18;8;-17;8;-17;9;-16;10;-15;11;-14;11;-14;12;-14;12;-13;12;-13;12;-12;12;-11;12;-10;13;-10;13;-9;13;-9;13;-9;13;-9;12;-8;-122;0;10;26;10;25;11;24;11;23;12;21;12;20;13;19;13;18;13;16;13;15;13;14;13;13;14;12;14;12;15;11;15;10;15;10;15;9;15;9;15;8;15;8;15;7;15;7;14;7;14;7;14;8;14;8;14;8;5;3;1;1;-1;-1;0;-2;0;-1;-1;1;-1;6;-2;17;-2;17;-3;17;-3;18;-3;18;-3;19;-3;19;-3;20;-3;20;-3;20;-2;21;-2;21;-2;22;-2;22;-2;22;-1;22;-1;22;0;23;1;23;3;24;3;25;4;25;5;26;6;26;7;26;8;27;9;27;9;27,empty,EXP_S141,ZONE_02,entree_zone,4.1,entree_zone,entree dans la zone
1913982521,-55,6,a0:9f:7a:73:2b:3e,384,-110;-96;8;0;38;-5;38;-4;37;-4;33;-3;29;-4;24;-5;18;-7;13;-9;7;-11;2;-14;-2;-16;-5;-18;-8;-20;-10;-21;-11;-21;-12;-21;-12;-20;-13;-18;-13;-16;-13;-13;-14;-10;-14;-7;-15;-4;-15;-2;-15;0;-4;0;0;0;0;0;0;0;0;0;0;0;0;0;0;0;0;0;0;0;-8;-2;-33;-6;-34;-9;-34;-13;-32;-17;-28;-19;-22;-19;-17;-17;-11;-13;-6;-6;-2;2;1;10;1;19;0;26;-2;32;-5;36;-9;39;-11;39;-12;37;-13;34;-11;29;-9;24;-4;18;2;11;9;6;17;1;22;-1;-127;0;5;-13;5;-13;5;-13;5;-12;5;-11;4;-10;4;-8;4;-7;4;-7;4;-7;4;-6;3;-6;3;-5;3;-4;3;-4;3;-3;3;-3;3;-3;3;-3;2;-3;2;-3;2;-2;2;-2;2;-1;2;-2;2;-2;2;-2;1;-3;0;-1;0;-1;-1;0;0;0;0;0;-2;-1;-5;-4;-14;-11;-13;-12;-13;-13;-12;-14;-11;-14;-10;-15;-9;-16;-9;-17;-8;-18;-7;-18;-7;-19;-6;-19;-5;-18;-4;-18;-3;-18;-2;-19;-1;-19;-1;-19;-1;-18;-1;-18;0;-17;1;-17;2;-17;2;-17;2;-17;2;-17;2;-17;2;-16;-127;0;25;9;24;8;24;7;23;5;23;4;22;3;22;2;21;1;20;0;19;-1;19;-2;18;-3;18;-3;17;-4;17;-5;17;-5;17;-6;16;-6;16;-6;16;-7;16;-7;15;-7;15;-7;15;-7;15;-6;15;-6;15;-6;15;-5;5;-2;1;-1;-1;0;-1;-1;-1;-1;1;1;3;4;10;12;10;12;10;12;10;12;10;13;11;13;11;14;11;14;12;14;12;14;13;14;13;14;14;15;14;15;14;15;14;15;15;14;16;14;17;13;18;13;19;13;20;12;21;12;22;12;22;11;23;10;24;10;25;9,empty,EXP_S141,ZONE_02,entree_zone,4.1,entree_zone,entree dans la zone
1914182130,-55,6,a0:9f:7a:73:2b:3e,384,-110;-96;8;0;-2;38;-2;38;-2;37;-2;34;-1;29;1;25;3;19;6;14;10;9;13;5;16;1;18;-1;20;-3;21;-5;22;-6;22;-7;20;-8;19;-8;17;-9;14;-10;12;-11;9;-13;7;-14;5;-15;3;-15;0;-4;0;0;0;0;0;0;0;0;0;0;0;0;0;0;0;0;0;0;0;-9;2;-34;6;-35;10;-35;14;-33;16;-30;17;-25;15;-18;11;-12;5;-7;-3;-3;-11;0;-20;0;-27;-1;-33;-3;-38;-6;-40;-9;-40;-12;-39;-13;-35;-14;-31;-12;-25;-10;-20;-5;-14;2;-9;9;-5;17;-3;22;-125;0;12;4;12;4;11;4;11;3;10;3;8;3;7;3;6;4;5;4;5;4;5;4;5;3;4;2;3;2;2;2;2;2;2;3;2;2;2;2;2;2;2;1;1;1;1;1;1;1;1;1;1;1;1;1;2;1;0;0;0;0;-1;-1;-1;0;-1;0;0;-2;3;-5;10;-13;11;-13;12;-13;12;-13;13;-12;13;-11;14;-10;15;-9;17;-9;17;-8;18;-8;17;-7;17;-6;17;-5;17;-4;17;-3;18;-2;18;-2;17;-2;16;-2;16;-1;16;0;16;1;16;1;16;1;16;1;15;1;14;1;-125;0;-8;26;-7;25;-6;25;-5;24;-3;24;-2;23;-1;22;-1;21;0;20;1;19;2;19;3;18;4;18;5;17;6;17;6;17;7;16;7;16;7;15;8;15;8;15;8;14;8;14;8;14;8;14;8;14;7;14;7;15;2;5;0;1;-1;-1;0;-1;0;-1;-2;1;-5;4;-13;11;-13;10;-14;11;-14;11;-14;11;-15;12;-15;12;-16;12;-16;12;-16;13;-15;13;-15;14;-16;15;-16;15;-16;15;-16;16;-15;16;-14;17;-14;18;-13;20;-13;21;-13;22;-13;22;-12;23;-11;24;-10;25;-10;26;-9;27,empty,EXP_S141,ZONE_02,entree_zone,4.1,entree_zone,entree dans la zone
1914384252,-55,6,a0:9f:7a:73:2b:3e,384,-110;-96;8;0;-30;22;-31;22;-30;21;-27;19;-23;17;-18;16;-13;14;-7;13;-2;13;3;12;8;13;11;13;14;13;16;13;17;12;18;11;17;10;17;8;17;6;16;4;15;1;14;-1;13;-4;12;-6;12;-7;3;-2;0;0;0;0;0;0;0;0;0;0;0;0;0;0;0;0;0;0;6;-4;28;-16;31;-14;33;-11;34;-7;32;-3;29;0;23;2;16;2;8;1;0;-3;-7;-8;-12;-14;-16;-21;-17;-28;-17;-33;-16;-36;-14;-38;-12;-38;-10;-35;-9;-31;-8;-25;-8;-17;-10;-9;-12;-1;-16;6;-19;12;-123;0;0;12;0;12;0;12;-1;11;-1;10;-1;9;-2;8;-2;7;-2;6;-2;6;-2;6;-2;5;-2;4;-2;4;-2;3;-3;3;-3;3;-2;3;-2;3;-2;2;-2;2;-2;1;-2;1;-2;1;-2;1;-2;1;-2;1;-1;1;-1;0;-1;0;0;-1;-1;-1;-1;-1;1;0;5;0;16;2;16;3;16;5;15;6;15;7;15;8;14;9;14;10;14;11;13;12;13;13;13;13;12;13;11;13;10;14;9;14;8;15;8;15;7;15;7;14;6;14;5;14;5;14;4;15;4;15;4;15;3;14;3;14;-123;0;-27;1;-26;2;-25;3;-24;4;-23;4;-22;5;-21;6;-20;6;-19;7;-18;7;-17;8;-17;9;-16;9;-15;10;-15;10;-14;10;-14;10;-13;11;-13;11;-13;11;-12;11;-12;11;-11;11;-11;11;-11;11;-12;11;-12;10;-12;10;-5;3;-2;1;0;-1;0;0;0;0;-2;-1;-6;-3;-16;-7;-16;-7;-16;-8;-16;-8;-16;-8;-17;-8;-17;-8;-18;-9;-18;-9;-18;-8;-19;-8;-19;-8;-20;-8;-20;-8;-21;-8;-21;-8;-21;-7;-21;-7;-22;-6;-23;-5;-24;-4;-24;-4;-25;-3;-26;-2;-26;-2;-27;-1;-27;0;-28;1,empty,EXP_S141,ZONE_02,entree_zone,4.1,entree_zone,entree dans la zone
1914582452,-55,6,a0:9f:7a:73:2b:3e,384,-110;-96;8;0;2;37;1;38;1;36;1;33;2;28;3;23;5;18;8;13;11;8;13;4;16;1;18;-2;20;-4;21;-6;21;-7;20;-8;20;-8;18;-9;16;-10;13;-11;11;-12;8;-13;6;-14;4;-15;3;-15;0;-4;0;0;0;0;0;0;0;0;0;0;0;0;0;0;0;0;0;0;-1;-8;-3;-32;1;-34;5;-35;9;-34;12;-31;13;-26;12;-20;9;-13;4;-7;-3;-2;-11;1;-19;3;-26;3;-33;1;-37;-2;-40;-5;-40;-7;-38;-9;-35;-9;-31;-8;-25;-6;-19;-2;-13;4;-7;10;-3;17;0;22;127;0;11;6;10;6;10;5;9;5;8;5;7;5;6;5;5;4;4;4;4;4;4;4;3;4;3;4;2;3;2;3;2;3;1;3;1;3;1;2;1;2;1;2;1;2;0;2;0;2;0;1;0;1;0;1;1;1;0;0;0;0;-1;-1;-1;0;-1;0;1;-2;4;-5;12;-11;12;-11;13;-10;14;-9;14;-8;15;-8;16;-7;16;-6;17;-5;18;-4;18;-4;18;-3;18;-2;17;-1;17;-1;17;0;17;1;16;1;16;2;16;2;15;2;15;3;15;4;14;4;14;4;14;4;13;4;13;4;127;0;-12;24;-11;23;-10;23;-9;23;-8;22;-7;22;-6;21;-4;21;-3;20;-2;20;-1;19;0;18;1;18;2;18;2;17;3;17;3;17;4;16;4;16;4;16;5;16;5;15;5;15;5;15;5;15;5;15;4;15;4;15;1;5;0;1;-1;-1;0;-1;0;-1;-2;1;-6;3;-15;8;-15;8;-15;8;-15;7;-16;8;-16;8;-17;8;-17;9;-17;9;-18;9;-18;10;-18;10;-18;11;-18;12;-18;12;-18;13;-17;13;-17;14;-17;15;-17;16;-17;17;-17;18;-16;19;-16;20;-15;21;-14;23;-14;24;-13;24,empty,EXP_S141,ZONE_02,entree_zone,4.1,entree_zone,entree dans la zone
1914782347,-55,6,a0:9f:7a:73:2b:3e,384,-110;-96;8;0;-21;34;-22;33;-22;31;-20;28;-16;25;-12;22;-7;19;-2;17;3;15;8;13;12;13;15;13;18;12;20;12;21;11;21;10;20;9;19;7;19;5;18;3;17;0;16;-2;15;-4;15;-6;15;-7;3;-2;0;0;0;0;0;0;0;0;0;0;0;0;0;0;0;0;0;0;1;-8;6;-33;10;-33;14;-33;18;-31;20;-26;20;-21;17;-16;12;-11;5;-7;-3;-4;-12;-4;-20;-6;-27;-9;-32;-14;-35;-18;-36;-21;-35;-24;-32;-25;-29;-24;-25;-21;-21;-16;-18;-10;-15;-2;-14;6;-14;15;-14;21;124;0;7;10;7;10;7;9;6;9;6;8;5;7;3;6;2;6;1;6;1;6;1;6;2;5;1;4;0;4;0;3;-1;3;-1;4;-1;4;0;3;0;3;0;2;0;1;-1;1;-1;1;-1;2;-1;2;0;2;0;1;0;0;0;0;0;-1;-1;0;-1;0;1;-2;4;-4;13;-9;14;-9;15;-8;15;-8;15;-6;16;-5;16;-4;17;-3;18;-2;19;-1;19;0;18;0;17;1;16;2;16;4;16;5;17;5;16;6;16;6;15;6;13;6;13;7;12;8;13;9;13;9;12;9;12;8;11;8;124;0;-21;20;-20;20;-18;20;-17;20;-16;20;-15;20;-13;20;-12;20;-11;19;-10;18;-9;18;-8;18;-7;18;-7;19;-6;19;-6;18;-5;18;-5;18;-4;18;-4;18;-3;18;-3;17;-3;17;-4;17;-4;17;-4;17;-5;17;-5;16;-2;6;-1;1;0;-1;0;-1;0;-1;-2;0;-6;2;-16;6;-16;6;-16;6;-17;6;-17;7;-18;7;-19;7;-19;6;-19;7;-19;7;-19;7;-20;8;-21;8;-21;9;-21;9;-21;9;-21;10;-20;11;-20;12;-21;13;-22;14;-22;15;-22;16;-22;16;-22;17;-21;18;-21;19;-22;20,empty,EXP_S141,ZONE_02,entree_zone,4.1,entree_zone,entree dans la zone
1914981936,-55,6,a0:9f:7a:73:2b:3e,384,-110;-96;8;0;-40;5;-40;4;-38;3;-35;2;-30;3;-26;4;-21;6;-16;9;-11;12;-7;15;-4;18;-2;20;0;22;1;23;2;23;3;23;3;22;4;21;5;19;7;17;8;15;10;13;11;11;12;10;13;9;3;2;0;0;0;0;0;0;0;0;0;0;0;0;0;0;0;0;0;0;6;-5;26;-19;29;-16;32;-13;33;-9;32;-4;28;-1;22;1;15;1;8;-1;1;-5;-5;-11;-9;-19;-11;-26;-11;-32;-10;-37;-8;-40;-6;-41;-3;-40;-1;-37;-1;-32;-2;-26;-5;-20;-9;-13;-15;-6;-21;-1;-26;1;-127;0;-3;12;-3;11;-3;11;-4;10;-4;9;-4;8;-4;7;-4;6;-4;6;-4;5;-4;5;-4;4;-3;4;-3;3;-3;2;-3;2;-3;2;-3;2;-3;1;-3;1;-3;1;-2;1;-3;0;-2;0;-2;0;-2;0;-2;1;-2;1;-1;0;-1;0;0;-1;-1;-1;-1;-1;1;0;5;2;14;6;14;7;13;8;13;9;12;10;12;11;11;11;11;12;10;13;10;14;9;14;8;15;7;15;6;15;6;15;5;15;4;16;4;16;3;15;3;15;2;15;2;15;1;15;1;15;0;15;0;14;0;14;0;14;-127;0;-29;-4;-29;-3;-28;-2;-27;-1;-26;0;-25;1;-24;2;-24;3;-23;3;-22;4;-21;5;-20;6;-20;7;-19;7;-19;8;-18;8;-18;8;-18;8;-17;8;-17;9;-16;9;-16;9;-16;9;-16;9;-16;9;-16;8;-16;8;-16;7;-6;2;-2;0;0;-1;0;0;0;0;-2;-1;-6;-4;-15;-10;-15;-10;-15;-10;-15;-10;-15;-11;-16;-11;-16;-11;-17;-12;-17;-12;-18;-12;-18;-12;-19;-12;-20;-12;-20;-12;-20;-12;-20;-12;-21;-11;-21;-11;-22;-10;-23;-10;-24;-9;-25;-8;-26;-8;-27;-7;-28;-6;-29;-5;-29;-5;-30;-4,empty,EXP_S141,ZONE_02,entree_zone,4.1,entree_zone,entree dans la zone
1915185795,-55,6,a0:9f:7a:73:2b:3e,384,-110;-96;8;0;2;-39;3;-39;4;-37;3;-34;2;-30;0;-26;-3;-21;-6;-16;-10;-12;-14;-9;-17;-7;-20;-5;-22;-3;-23;-2;-24;-1;-24;0;-23;0;-22;2;-20;3;-18;5;-16;6;-15;8;-13;9;-12;11;-11;12;-3;3;0;0;0;0;0;0;0;0;0;0;0;0;0;0;0;0;0;0;2;7;7;30;4;33;0;34;-4;33;-8;30;-10;26;-10;20;-7;13;-3;7;3;2;11;-2;18;-4;26;-4;32;-3;36;0;39;3;39;6;37;8;34;8;30;8;24;5;19;1;13;-5;8;-12;5;-19;3;-25;-128;0;-11;-6;-11;-6;-11;-6;-11;-5;-10;-5;-8;-4;-7;-4;-6;-5;-5;-5;-5;-5;-5;-5;-5;-4;-4;-4;-3;-3;-3;-3;-2;-4;-2;-4;-3;-4;-3;-3;-3;-3;-2;-2;-2;-2;-1;-2;-1;-2;-1;-2;-1;-2;-2;-2;-2;-2;-1;-1;-1;-1;0;0;0;-1;0;-1;-1;1;-4;4;-11;12;-12;11;-12;11;-13;10;-13;10;-14;9;-15;7;-16;6;-17;6;-18;5;-18;5;-18;5;-18;4;-17;3;-17;1;-17;1;-18;0;-18;0;-17;0;-16;0;-16;-1;-15;-3;-15;-3;-16;-4;-16;-4;-16;-3;-15;-3;-14;-3;-128;0;9;-27;8;-27;7;-26;6;-26;5;-25;4;-24;3;-24;2;-23;0;-22;-1;-22;-3;-21;-4;-20;-5;-20;-5;-19;-5;-19;-5;-19;-6;-19;-6;-18;-6;-18;-6;-18;-6;-18;-7;-17;-7;-17;-7;-17;-7;-16;-7;-16;-6;-17;-6;-17;-2;-6;-1;-2;0;0;-1;0;-1;0;1;-2;4;-5;12;-12;12;-12;12;-11;12;-12;13;-12;13;-12;14;-12;14;-12;14;-13;14;-13;14;-14;14;-15;14;-16;14;-17;14;-17;14;-17;14;-17;13;-18;13;-19;13;-20;13;-21;13;-22;13;-23;12;-24;11;-25;10;-26;9;-27;8;-28,empty,EXP_S141,ZONE_02,entree_zone,4.1,entree_zone,entree dans la zone
1915382330,-55,6,a0:9f:7a:73:2b:3e,384,-110;-96;8;0;3;-40;4;-40;5;-38;4;-35;3;-31;1;-26;-3;-21;-6;-17;-10;-13;-14;-10;-17;-7;-20;-5;-22;-3;-24;-2;-24;-1;-24;-1;-23;0;-22;2;-21;3;-19;5;-17;6;-15;8;-13;10;-12;11;-11;12;-3;3;0;0;0;0;0;0;0;0;0;0;0;0;0;0;0;0;0;0;1;7;6;32;3;34;-2;35;-6;34;-10;31;-11;26;-11;20;-8;13;-3;7;3;2;11;-2;19;-4;27;-3;33;-1;37;1;40;4;40;7;38;10;35;10;31;9;25;6;19;2;13;-4;9;-11;5;-19;3;-25;124;0;-10;-9;-10;-9;-9;-9;-9;-9;-8;-8;-6;-7;-5;-7;-4;-7;-4;-7;-4;-7;-4;-6;-3;-6;-3;-5;-2;-5;-2;-4;-1;-4;-1;-4;-1;-4;-1;-4;-1;-3;-1;-3;-1;-2;-1;-2;0;-2;-1;-2;-1;-2;-1;-2;-1;-2;-1;-1;-1;-1;-1;0;0;-1;0;-1;-2;1;-5;4;-13;10;-14;10;-15;9;-15;8;-16;7;-16;6;-17;5;-18;3;-19;2;-19;2;-19;1;-19;1;-19;0;-18;-1;-18;-2;-18;-3;-18;-4;-18;-4;-17;-5;-17;-5;-16;-6;-15;-7;-15;-7;-15;-8;-15;-8;-14;-8;-14;-8;-14;-7;124;0;17;-23;16;-23;15;-23;14;-23;12;-22;11;-22;10;-22;9;-22;8;-21;7;-20;6;-20;5;-20;4;-20;3;-20;2;-20;2;-20;2;-20;1;-19;1;-19;1;-19;1;-19;0;-18;0;-18;0;-18;0;-18;1;-18;1;-18;2;-18;0;-7;0;-2;-1;0;-1;0;-1;0;1;-2;4;-4;14;-10;14;-9;14;-9;15;-9;15;-9;16;-9;16;-10;17;-10;17;-10;17;-10;17;-11;17;-11;18;-12;18;-12;19;-12;19;-13;18;-13;18;-14;18;-15;18;-16;19;-17;19;-18;19;-19;18;-19;18;-20;18;-22;18;-23;18;-24,empty,EXP_S141,ZONE_02,entree_zone,4.1,entree_zone,entree dans la zone
1915582139,-55,6,a0:9f:7a:73:2b:3e,384,-110;-96;8;0;-14;-36;-14;-37;-12;-35;-11;-33;-11;-28;-11;-23;-12;-17;-13;-12;-15;-7;-16;-2;-18;1;-20;4;-21;6;-22;8;-22;9;-21;9;-20;10;-18;10;-16;11;-14;12;-12;12;-9;13;-7;14;-5;15;-4;15;-1;3;0;0;0;0;0;0;0;0;0;0;0;0;0;0;0;0;0;0;5;5;21;23;19;27;16;30;12;31;7;31;4;27;1;22;0;15;1;7;3;0;8;-7;14;-12;21;-16;27;-17;33;-16;36;-15;38;-12;37;-10;35;-8;30;-7;24;-7;17;-8;9;-11;2;-14;-4;-19;-8;-24;125;0;-12;-4;-12;-4;-12;-4;-11;-4;-10;-4;-9;-4;-8;-4;-7;-4;-6;-4;-6;-5;-5;-4;-5;-4;-4;-4;-4;-3;-3;-3;-3;-3;-3;-3;-3;-3;-3;-3;-2;-3;-2;-2;-2;-2;-2;-2;-2;-2;-2;-2;-2;-2;-2;-2;-2;-2;-1;-1;-1;-1;0;0;0;-1;0;-1;-1;1;-3;5;-7;14;-8;14;-9;14;-10;13;-11;13;-12;12;-13;11;-14;11;-14;10;-15;10;-16;9;-16;8;-16;7;-16;6;-17;6;-17;5;-17;4;-17;4;-17;3;-16;2;-16;2;-16;1;-16;0;-16;0;-16;-1;-15;-1;-15;-1;-14;-1;125;0;4;-28;4;-28;3;-27;2;-26;1;-25;0;-25;-1;-24;-2;-23;-3;-22;-3;-21;-4;-20;-5;-19;-6;-19;-7;-19;-7;-19;-7;-18;-8;-18;-8;-18;-8;-17;-8;-17;-8;-17;-8;-16;-8;-16;-8;-16;-8;-16;-8;-16;-7;-16;-7;-17;-3;-6;-1;-2;0;0;-1;0;-1;0;0;-2;3;-6;8;-15;9;-15;9;-14;9;-15;10;-15;10;-15;10;-16;11;-16;11;-16;11;-17;11;-18;11;-18;11;-19;11;-19;11;-19;11;-19;11;-20;10;-20;10;-21;9;-22;9;-23;8;-24;8;-25;7;-26;7;-26;6;-27;5;-28;5;-29,empty,EXP_S141,ZONE_02,entree_zone,4.1,entree_zone,entree dans la zone
1915785372,-55,6,a0:9f:7a:73:2b:3e,384,-110;-96;8;0;37;3;38;4;36;4;33;4;28;2;24;0;19;-3;15;-6;11;-10;8;-14;6;-17;4;-19;2;-22;1;-23;1;-23;0;-23;-1;-22;-2;-21;-4;-20;-6;-18;-7;-16;-9;-15;-10;-13;-12;-12;-13;-11;-4;-3;0;0;0;0;0;0;0;0;0;0;0;0;0;0;0;0;0;0;-8;2;-32;8;-34;5;-36;0;-35;-4;-32;-8;-28;-10;-22;-9;-15;-7;-8;-3;-3;3;1;10;3;18;3;26;1;32;-1;37;-4;39;-7;39;-9;38;-10;34;-9;30;-6;24;-2;19;4;13;10;9;18;5;24;3;-118;0;3;-12;3;-12;3;-12;3;-11;3;-10;3;-9;3;-7;3;-6;4;-6;4;-6;3;-5;3;-5;2;-4;2;-4;2;-3;3;-3;3;-3;3;-3;2;-3;1;-3;1;-2;1;-2;1;-1;1;-1;1;-1;1;-2;1;-2;1;-2;0;-1;0;-1;-1;0;0;0;0;0;-2;-1;-6;-3;-15;-7;-15;-8;-15;-9;-15;-9;-14;-10;-13;-11;-12;-12;-12;-13;-12;-15;-11;-15;-11;-16;-10;-16;-9;-16;-7;-16;-6;-16;-5;-17;-5;-17;-5;-17;-5;-17;-4;-16;-3;-16;-2;-15;-1;-16;0;-16;0;-16;0;-16;0;-15;0;-14;-118;0;27;5;26;4;26;4;25;2;24;1;23;0;23;-1;22;-1;21;-2;20;-2;19;-3;18;-4;18;-5;18;-6;17;-6;17;-7;17;-7;17;-7;16;-7;16;-8;16;-8;16;-8;15;-8;15;-7;15;-7;15;-7;15;-6;15;-5;5;-2;1;-1;-1;0;-1;-1;-1;-1;1;0;5;3;14;9;13;9;13;9;14;9;14;9;14;10;15;10;15;11;15;11;16;11;16;11;17;11;18;11;18;11;18;11;18;11;18;11;19;10;20;9;21;9;22;9;23;9;24;8;25;8;25;7;26;6;27;6;27;5,empty,EXP_S141,ZONE_02,entree_zone,4.1,entree_zone,entree dans la zone
1915987235,-55,6,a0:9f:7a:73:2b:3e,384,-110;-96;8;0;-22;-32;-22;-32;-20;-31;-19;-29;-17;-24;-15;-20;-15;-14;-15;-9;-15;-3;-16;1;-17;5;-18;9;-18;11;-19;13;-18;14;-17;14;-16;14;-15;14;-12;14;-10;14;-7;14;-5;15;-3;15;-1;15;0;15;0;3;0;0;0;0;0;0;0;0;0;0;0;0;0;0;0;0;0;0;6;4;25;19;24;22;22;26;18;28;14;29;9;26;6;22;3;15;2;7;3;-1;7;-8;12;-15;17;-20;23;-22;28;-23;32;-23;34;-21;34;-18;32;-15;28;-13;22;-12;15;-12;7;-12;-1;-14;-8;-18;-13;-21;127;0;-12;2;-13;2;-12;2;-12;2;-10;2;-9;1;-8;0;-7;-1;-7;-2;-7;-2;-7;-2;-6;-1;-5;-1;-4;-1;-4;-2;-4;-2;-4;-2;-4;-2;-4;-2;-3;-1;-3;-1;-2;-1;-2;-1;-2;-2;-2;-2;-3;-1;-3;-1;-2;-1;-1;-1;-1;0;0;0;-1;-1;-1;-1;0;1;1;5;3;15;2;15;1;16;0;16;-1;16;-2;16;-3;16;-5;16;-6;16;-7;17;-7;17;-8;16;-9;15;-9;14;-11;13;-12;13;-12;13;-12;12;-12;12;-11;11;-12;10;-12;8;-13;8;-14;8;-14;8;-14;7;-13;7;-12;6;127;0;-10;-27;-11;-26;-11;-24;-11;-23;-12;-22;-12;-21;-13;-20;-13;-19;-13;-18;-13;-16;-13;-15;-14;-14;-14;-14;-14;-13;-15;-13;-15;-12;-15;-12;-15;-12;-15;-11;-15;-11;-15;-11;-15;-11;-14;-10;-14;-10;-14;-10;-14;-11;-13;-11;-13;-12;-5;-5;-2;-2;0;0;0;1;-1;0;-1;-2;-1;-7;-1;-17;-1;-17;-1;-17;-1;-17;-1;-18;-1;-19;0;-19;0;-20;0;-20;0;-20;-1;-20;-1;-21;-1;-22;-1;-22;-1;-22;-1;-22;-2;-22;-3;-22;-4;-23;-5;-24;-5;-25;-6;-25;-6;-26;-7;-26;-8;-26;-9;-26;-10;-27;-10;-27,empty,EXP_S141,ZONE_02,entree_zone,4.1,entree_zone,entree dans la zone
1916184594,-55,6,a0:9f:7a:73:2b:3e,384,-110;-96;8;0;-29;26;-30;25;-28;24;-26;22;-22;20;-17;18;-11;16;-6;15;-1;14;4;14;8;14;12;14;15;15;17;14;17;14;18;13;18;12;18;10;17;7;16;5;16;2;15;0;15;-2;15;-4;15;-6;3;-2;0;0;0;0;0;0;0;0;0;0;0;0;0;0;0;0;0;0;4;-7;20;-26;24;-25;27;-22;30;-19;29;-14;27;-10;22;-6;15;-4;7;-3;-1;-4;-9;-7;-16;-12;-21;-18;-24;-24;-25;-29;-25;-32;-23;-34;-21;-34;-18;-32;-16;-28;-14;-22;-13;-15;-13;-7;-14;1;-17;9;-19;15;-127;0;1;12;1;12;1;11;1;11;0;10;0;9;-1;8;-1;7;-1;6;-2;6;-2;6;-1;5;-1;5;-2;4;-2;3;-2;3;-2;3;-2;3;-2;2;-1;2;-1;2;-1;1;-1;1;-1;1;-1;1;-1;1;-1;1;-1;1;-1;0;-1;0;0;-1;-1;-1;-1;-1;1;0;5;1;15;4;15;4;15;5;15;6;15;7;14;8;14;9;14;10;14;11;14;12;13;12;12;12;11;13;10;13;9;14;9;14;9;14;9;14;8;14;8;14;7;14;6;14;6;14;5;14;5;14;5;14;4;13;4;13;-127;0;-28;6;-27;6;-26;7;-25;8;-24;9;-22;9;-21;10;-20;11;-19;11;-18;12;-16;12;-15;12;-14;13;-14;13;-13;13;-12;14;-12;14;-11;14;-11;14;-10;14;-10;15;-9;14;-9;14;-9;14;-9;14;-9;14;-10;14;-10;13;-4;4;-2;1;0;-1;0;0;0;0;-2;-1;-6;-3;-16;-7;-16;-8;-16;-8;-16;-8;-17;-8;-17;-8;-18;-8;-18;-8;-19;-8;-19;-8;-20;-8;-21;-8;-21;-7;-22;-7;-22;-7;-22;-7;-22;-6;-23;-5;-23;-4;-24;-3;-25;-2;-26;-1;-27;0;-27;0;-28;2;-28;3;-28;4;-29;4,empty,EXP_S141,ZONE_02,entree_zone,4.1,entree_zone,entree dans la zone
1916387501,-55,6,a0:9f:7a:73:2b:3e,384,-110;-96;8;0;11;-38;12;-38;12;-36;11;-33;8;-29;5;-25;1;-21;-4;-17;-8;-14;-12;-11;-16;-9;-19;-7;-22;-6;-23;-5;-24;-4;-24;-3;-23;-2;-22;0;-20;1;-18;3;-17;5;-15;7;-13;9;-12;11;-11;12;-3;3;0;0;0;0;0;0;0;0;0;0;0;0;0;0;0;0;0;0;-1;8;-5;32;-9;33;-14;33;-17;31;-19;27;-19;22;-17;16;-13;10;-6;6;2;2;11;1;19;1;27;4;32;7;36;11;37;15;37;18;35;19;32;19;27;16;23;12;18;6;13;-1;10;-9;9;-18;8;-24;127;0;-10;-10;-10;-10;-9;-9;-9;-9;-8;-8;-7;-7;-6;-7;-4;-7;-4;-7;-4;-7;-4;-6;-3;-6;-3;-5;-2;-4;-2;-4;-1;-4;-1;-4;-1;-4;-2;-4;-2;-3;-1;-3;-1;-2;0;-2;0;-3;-1;-3;-1;-3;-1;-3;-2;-2;-1;-1;-1;-1;0;0;0;-1;0;-1;-2;1;-6;3;-15;8;-16;7;-17;7;-17;6;-17;5;-17;4;-18;3;-19;2;-19;1;-20;0;-20;0;-19;-1;-19;-2;-18;-3;-18;-4;-18;-5;-18;-6;-18;-6;-17;-6;-17;-6;-16;-6;-15;-7;-15;-8;-15;-9;-15;-9;-14;-9;-14;-8;-13;-8;127;0;17;-23;16;-23;15;-23;14;-22;12;-22;11;-22;10;-22;8;-22;7;-21;6;-20;5;-20;4;-20;3;-20;2;-20;1;-20;1;-20;0;-19;0;-19;-1;-19;-1;-19;-2;-19;-2;-18;-2;-18;-2;-18;-2;-18;-1;-18;-1;-18;-1;-18;0;-7;0;-2;0;0;-2;0;-1;0;1;-1;5;-3;16;-7;16;-6;16;-6;16;-7;16;-7;17;-7;18;-7;18;-7;18;-8;18;-8;18;-9;19;-9;19;-10;20;-10;20;-10;20;-10;20;-11;19;-12;19;-14;19;-15;20;-16;20;-17;20;-18;19;-19;19;-20;18;-21;18;-22;18;-23,empty,EXP_S141,ZONE_02,entree_zone,4.1,entree_zone,entree dans la zone
1916582446,-55,6,a0:9f:7a:73:2b:3e,384,-110;-96;8;0;35;12;35;13;34;13;31;12;27;10;23;6;19;2;16;-2;13;-7;11;-11;9;-15;8;-18;8;-20;7;-22;6;-22;6;-22;5;-22;3;-21;1;-20;-1;-18;-3;-17;-5;-16;-7;-15;-8;-14;-10;-13;-3;-4;0;0;0;0;0;0;0;0;0;0;0;0;0;0;0;0;0;0;-8;0;-32;1;-34;-3;-35;-7;-33;-11;-30;-14;-25;-15;-19;-14;-13;-10;-8;-5;-4;2;-1;10;-1;18;-3;26;-6;31;-9;35;-13;37;-16;37;-17;34;-17;31;-15;27;-12;22;-6;18;1;14;8;11;16;9;22;9;-120;0;7;-10;7;-10;7;-10;7;-9;6;-8;5;-7;5;-6;5;-5;5;-4;5;-4;5;-4;4;-3;4;-3;3;-2;3;-2;3;-1;3;-1;3;-1;3;-2;2;-2;2;-1;1;-1;1;-1;1;0;1;0;2;-1;1;-1;1;-2;0;-1;0;-1;-1;0;0;0;0;0;-2;-2;-5;-4;-12;-12;-11;-13;-11;-14;-10;-14;-9;-15;-8;-15;-7;-16;-6;-17;-5;-17;-5;-18;-4;-18;-3;-18;-2;-18;-1;-17;0;-17;1;-17;2;-17;2;-17;2;-17;2;-16;3;-15;4;-15;4;-15;5;-15;5;-15;6;-14;5;-14;5;-13;-120;0;23;14;23;14;22;13;22;11;22;10;21;9;21;7;20;6;20;5;19;5;19;4;18;3;18;2;18;1;18;1;18;0;18;0;18;-1;17;-1;17;-1;17;-2;17;-2;17;-2;16;-2;16;-1;16;-1;16;0;16;0;6;0;1;0;-1;0;-1;-1;-1;-1;1;1;3;5;9;13;9;13;9;13;9;14;9;14;9;15;10;16;10;16;10;16;11;16;11;16;12;17;12;17;12;18;12;18;12;17;13;17;14;17;15;17;16;16;17;17;18;17;19;16;20;16;21;16;22;16;23;15;23;15,empty,EXP_S141,ZONE_02,entree_zone,4.1,entree_zone,entree dans la zone
1916785179,-55,6,a0:9f:7a:73:2b:3e,384,-110;-96;8;0;7;-38;8;-38;8;-36;7;-33;5;-29;2;-24;-1;-20;-5;-16;-9;-13;-13;-10;-16;-7;-19;-5;-21;-4;-23;-3;-23;-2;-23;-1;-22;0;-20;2;-19;3;-17;5;-15;6;-13;8;-12;10;-11;11;-10;12;-3;3;0;0;0;0;0;0;0;0;0;0;0;0;0;0;0;0;0;0;-1;7;-3;32;-6;33;-10;33;-14;32;-17;28;-17;22;-16;17;-12;11;-6;6;2;2;10;0;19;0;26;2;31;5;35;8;37;11;37;14;35;15;32;15;28;13;23;10;18;5;13;-2;9;-10;7;-17;6;-23;-122;0;-11;-7;-11;-7;-11;-7;-10;-7;-9;-6;-8;-5;-7;-5;-5;-6;-5;-6;-5;-6;-5;-6;-5;-5;-4;-4;-3;-4;-2;-4;-1;-4;-1;-4;-2;-4;-2;-4;-2;-3;-2;-3;-1;-2;-1;-2;0;-3;-1;-3;-1;-3;-2;-3;-2;-2;-1;-1;-1;-1;0;0;0;-1;0;-1;-1;1;-4;5;-10;14;-10;13;-11;13;-12;12;-12;12;-13;11;-14;9;-16;8;-17;8;-18;7;-18;7;-18;6;-17;5;-17;4;-17;2;-18;1;-18;1;-18;1;-18;1;-17;0;-16;-1;-16;-2;-16;-3;-16;-4;-16;-4;-16;-4;-15;-4;-15;-4;-122;0;10;-26;9;-25;8;-25;7;-24;6;-24;5;-23;5;-23;4;-22;3;-21;2;-20;1;-20;-1;-19;-1;-19;-2;-19;-2;-19;-2;-19;-3;-18;-3;-18;-3;-18;-3;-18;-4;-17;-4;-17;-4;-17;-4;-17;-4;-17;-3;-17;-3;-17;-2;-17;-1;-6;-1;-2;0;0;-1;0;-1;0;1;-2;4;-5;11;-13;10;-12;10;-12;11;-13;11;-13;12;-14;13;-14;13;-14;13;-14;13;-14;13;-15;13;-16;13;-17;14;-17;14;-17;14;-16;14;-17;13;-17;13;-19;13;-20;13;-21;13;-22;13;-22;12;-23;11;-24;11;-25;10;-26;10;-27,empty,EXP_S141,ZONE_02,entree_zone,4.1,entree_zone,entree dans la zone
1916985325,-55,6,a0:9f:7a:73:2b:3e,384,-110;-96;8;0;-15;-34;-14;-35;-13;-34;-12;-31;-11;-26;-11;-21;-11;-16;-12;-11;-13;-6;-15;-1;-17;2;-18;5;-19;7;-20;9;-20;10;-19;10;-18;11;-16;11;-14;11;-12;12;-9;12;-7;13;-5;14;-3;14;-2;15;-1;3;0;0;0;0;0;0;0;0;0;0;0;0;0;0;0;0;0;0;4;5;18;24;16;27;13;30;9;31;5;30;2;27;-1;22;-2;15;0;7;3;0;8;-6;14;-12;21;-15;27;-16;32;-15;35;-14;37;-11;36;-9;33;-7;29;-6;23;-6;16;-7;9;-10;2;-14;-4;-18;-8;-23;-123;0;-12;-1;-12;-2;-12;-2;-11;-2;-10;-3;-9;-3;-8;-3;-7;-3;-7;-3;-6;-3;-6;-3;-5;-3;-5;-3;-4;-3;-4;-3;-3;-3;-3;-3;-3;-3;-3;-3;-2;-2;-2;-2;-2;-2;-2;-2;-2;-2;-2;-2;-2;-2;-2;-1;-2;-1;-1;-1;-1;-1;0;0;0;-1;0;-1;-1;1;-2;5;-5;14;-6;14;-7;14;-8;14;-9;13;-10;13;-10;13;-11;12;-12;12;-13;11;-14;11;-14;10;-14;9;-15;8;-15;7;-15;6;-15;6;-15;5;-15;5;-15;5;-15;4;-15;3;-15;3;-15;2;-15;2;-15;1;-14;1;-14;1;-123;0;0;-27;-1;-27;-1;-26;-2;-25;-3;-24;-4;-23;-5;-22;-5;-21;-6;-20;-7;-19;-7;-18;-8;-17;-8;-17;-9;-16;-9;-16;-10;-16;-10;-15;-10;-15;-10;-15;-10;-14;-10;-14;-11;-14;-10;-13;-10;-13;-10;-13;-10;-13;-9;-14;-9;-14;-4;-5;-1;-2;0;0;-1;0;-1;0;0;-2;2;-6;6;-15;7;-15;7;-15;7;-15;8;-15;8;-16;8;-16;8;-17;8;-17;8;-18;8;-18;8;-19;8;-19;8;-19;8;-20;8;-20;7;-20;7;-21;6;-22;6;-22;5;-23;4;-24;4;-25;3;-25;2;-26;2;-27;1;-27;0;-28,empty,EXP_S141,ZONE_02,entree_zone,4.1,entree_zone,entree dans la zone
1917185360,-55,6,a0:9f:7a:73:2b:3e,384,-110;-96;8;0;38;-4;38;-4;37;-3;33;-3;29;-4;24;-5;18;-7;13;-9;9;-12;5;-15;1;-18;-1;-20;-3;-22;-4;-23;-5;-23;-6;-23;-7;-21;-8;-20;-9;-17;-10;-15;-11;-13;-12;-11;-14;-9;-15;-7;-15;-6;-4;-2;0;0;0;0;0;0;0;0;0;0;0;0;0;0;0;0;0;0;-8;2;-31;10;-34;7;-36;3;-36;-1;-33;-5;-29;-7;-23;-8;-15;-6;-8;-3;-2;3;3;10;6;18;7;26;6;32;4;37;1;40;-1;40;-3;39;-5;36;-4;31;-2;25;1;18;6;12;12;6;19;1;24;-2;-126;0;5;-12;5;-12;5;-11;5;-10;5;-9;4;-8;4;-7;4;-6;4;-5;4;-5;4;-5;4;-4;3;-4;3;-3;3;-2;3;-2;3;-2;3;-2;2;-2;2;-2;1;-2;1;-1;1;-1;1;-1;1;-1;1;-1;1;-1;1;-2;0;-1;0;-1;-1;0;0;0;0;0;-2;-1;-5;-4;-14;-10;-14;-11;-13;-12;-13;-13;-12;-13;-11;-14;-10;-15;-9;-16;-8;-17;-8;-18;-7;-18;-6;-18;-5;-18;-4;-18;-3;-18;-2;-18;-2;-18;-1;-18;-1;-17;0;-17;0;-16;1;-16;2;-16;2;-16;3;-16;3;-16;3;-15;3;-15;-126;0;26;10;25;9;25;8;24;7;24;5;23;4;22;3;22;3;21;2;20;1;19;0;19;-1;19;-2;18;-3;18;-3;18;-4;18;-4;17;-5;17;-5;17;-5;16;-5;16;-5;16;-5;16;-5;16;-5;16;-5;16;-4;16;-4;5;-2;1;-1;-1;0;-1;-1;-1;-1;1;1;4;4;11;12;11;12;11;12;11;12;12;13;12;13;12;14;13;14;13;14;13;14;14;14;14;14;15;15;15;15;16;15;16;15;16;14;17;14;18;13;19;13;20;13;21;13;22;13;23;12;24;12;24;11;25;11;26;11,empty,EXP_S141,ZONE_02,entree_zone,4.1,entree_zone,entree dans la zone
1917382411,-55,6,a0:9f:7a:73:2b:3e,384,-110;-96;8;0;-41;1;-41;1;-39;0;-35;0;-30;1;-26;2;-20;5;-15;8;-10;11;-6;14;-3;17;0;20;2;21;3;22;5;23;5;22;6;21;7;19;8;17;10;14;11;12;12;10;13;8;14;6;15;4;3;1;0;0;0;0;0;0;0;0;0;0;0;0;0;0;0;0;0;0;8;-2;33;-5;35;-1;36;3;35;7;32;11;27;12;20;12;14;9;7;4;1;-4;-3;-12;-4;-20;-4;-28;-3;-35;0;-39;3;-42;5;-42;8;-41;8;-37;7;-32;5;-26;1;-20;-5;-14;-12;-8;-20;-4;-25;-1;-127;0;-5;12;-5;12;-5;11;-5;10;-5;9;-5;8;-5;7;-5;6;-5;5;-5;5;-5;5;-4;4;-4;4;-4;3;-4;2;-4;2;-4;1;-4;1;-3;1;-3;1;-3;1;-2;0;-2;0;-2;0;-3;0;-2;1;-2;1;-2;1;-1;0;-1;0;0;-1;-1;-1;-1;-1;1;0;5;3;14;8;14;9;14;10;13;11;12;12;12;13;11;14;10;15;9;16;9;17;8;17;7;17;6;17;5;17;4;17;3;17;2;17;2;17;2;17;1;16;0;16;0;16;-1;16;-2;16;-2;16;-2;16;-2;15;-2;14;-127;0;-29;-7;-28;-7;-27;-6;-26;-4;-26;-3;-25;-2;-24;-1;-23;0;-22;1;-21;2;-21;2;-20;3;-20;4;-19;5;-19;5;-18;6;-18;6;-18;6;-17;7;-17;7;-17;7;-16;7;-16;7;-16;7;-16;7;-16;7;-16;6;-17;6;-6;2;-2;0;0;-1;0;0;0;0;-2;-2;-5;-5;-13;-12;-13;-12;-13;-12;-14;-13;-14;-13;-14;-13;-15;-14;-15;-14;-15;-14;-16;-14;-17;-14;-17;-14;-18;-14;-18;-15;-18;-15;-19;-15;-19;-14;-20;-14;-21;-13;-22;-12;-23;-12;-24;-12;-25;-11;-26;-10;-26;-10;-27;-9;-28;-9;-29;-8,empty,EXP_S141,ZONE_02,entree_zone,4.1,entree_zone,entree dans la zone
1917582323,-55,6,a0:9f:7a:73:2b:3e,384,-110;-96;8;0;37;-3;38;-3;36;-2;33;-2;28;-3;23;-4;18;-7;13;-9;8;-12;4;-15;1;-17;-1;-19;-3;-21;-5;-22;-6;-22;-7;-22;-7;-21;-8;-19;-9;-17;-11;-15;-12;-12;-13;-10;-14;-8;-15;-6;-15;-5;-4;-2;0;0;0;0;0;0;0;0;0;0;0;0;0;0;0;0;0;0;-8;1;-32;5;-34;2;-36;-2;-35;-6;-32;-9;-27;-11;-21;-11;-14;-8;-8;-4;-2;3;2;10;4;18;4;25;3;32;1;36;-2;39;-4;39;-6;38;-7;35;-6;30;-4;24;0;18;5;12;11;7;18;2;23;0;-128;0;3;-12;3;-12;3;-12;2;-12;2;-10;2;-9;2;-8;3;-7;3;-6;3;-6;3;-6;3;-6;2;-5;2;-4;2;-3;3;-3;3;-3;2;-3;2;-3;1;-3;1;-2;1;-2;1;-1;1;-1;1;-2;1;-2;1;-2;0;-3;0;-1;0;-1;-1;0;0;0;0;0;-2;-1;-6;-3;-15;-8;-15;-9;-15;-10;-14;-10;-14;-11;-13;-12;-12;-13;-11;-14;-11;-15;-11;-16;-10;-17;-10;-17;-9;-17;-7;-17;-6;-17;-5;-17;-5;-18;-5;-17;-5;-17;-4;-16;-3;-15;-2;-15;-1;-16;0;-16;0;-16;0;-16;0;-16;0;-15;-128;0;26;4;26;3;25;2;24;1;24;0;23;-1;22;-2;21;-3;20;-3;19;-4;18;-5;18;-6;17;-7;16;-8;16;-8;16;-8;15;-9;15;-9;15;-9;14;-9;14;-9;14;-9;13;-9;13;-9;13;-9;13;-9;13;-9;14;-8;5;-3;1;-1;-1;0;-1;-1;-1;-1;1;1;4;3;13;9;13;9;13;9;13;9;13;10;14;11;14;11;14;12;14;12;15;11;16;11;17;11;17;11;17;11;18;12;18;11;18;11;19;10;20;9;21;9;22;9;23;8;24;8;24;7;25;6;26;5;27;5;27;4,empty,EXP_S141,ZONE_02,entree_zone,4.1,entree_zone,entree dans la zone
1917785278,-55,6,a0:9f:7a:73:2b:3e,384,-110;-96;8;0;4;-39;5;-39;5;-37;4;-34;3;-30;1;-25;-3;-21;-6;-16;-10;-12;-14;-9;-17;-6;-20;-4;-22;-3;-23;-1;-23;-1;-23;0;-22;1;-21;3;-19;4;-17;6;-15;7;-13;9;-12;10;-10;12;-9;13;-3;3;0;0;0;0;0;0;0;0;0;0;0;0;0;0;0;0;0;0;1;8;3;32;0;34;-5;35;-9;34;-12;30;-13;26;-12;20;-9;13;-4;7;3;2;11;-2;19;-3;26;-2;33;0;37;3;39;6;39;9;38;10;34;11;30;10;24;7;18;2;13;-4;9;-11;5;-18;4;-24;124;0;-11;-7;-11;-8;-11;-7;-10;-7;-9;-6;-8;-6;-7;-6;-5;-6;-5;-6;-5;-6;-4;-6;-4;-5;-4;-4;-3;-4;-2;-4;-2;-4;-2;-4;-2;-4;-2;-4;-2;-3;-2;-3;-1;-2;-1;-2;-1;-2;-1;-3;-1;-3;-2;-2;-2;-2;-1;-1;-1;-1;0;0;0;-1;0;-1;-1;1;-4;4;-11;12;-12;12;-13;12;-14;11;-14;10;-15;9;-16;8;-17;7;-18;6;-18;6;-19;5;-18;5;-18;3;-18;2;-18;1;-18;0;-18;-1;-18;-1;-18;-1;-17;-1;-16;-2;-16;-3;-16;-4;-16;-5;-16;-5;-16;-5;-15;-5;-14;-5;124;0;12;-26;11;-26;10;-25;8;-25;7;-24;6;-24;5;-23;4;-22;3;-22;2;-21;1;-20;0;-20;-1;-20;-2;-19;-2;-19;-3;-19;-3;-19;-4;-19;-4;-18;-4;-18;-4;-18;-4;-17;-4;-17;-4;-17;-4;-17;-4;-17;-3;-17;-3;-17;-1;-7;-1;-2;0;0;-1;0;-1;0;1;-2;4;-5;12;-12;12;-11;13;-11;13;-12;13;-12;14;-12;15;-13;15;-13;15;-13;15;-13;15;-14;15;-14;16;-15;16;-15;16;-15;16;-16;15;-16;15;-17;14;-18;14;-19;15;-21;15;-22;14;-22;14;-23;13;-24;13;-25;12;-26;12;-26,empty,EXP_S141,ZONE_02,entree_zone,4.1,entree_zone,entree dans la zone
1917985370,-55,6,a0:9f:7a:73:2b:3e,384,-110;-96;8;0;4;-39;4;-39;5;-37;4;-34;3;-29;1;-25;-2;-21;-6;-16;-10;-12;-13;-9;-17;-7;-20;-6;-22;-5;-23;-4;-23;-3;-23;-2;-22;-1;-21;0;-20;1;-18;3;-16;5;-14;7;-13;9;-12;10;-11;11;-3;2;0;0;0;0;0;0;0;0;0;0;0;0;0;0;0;0;0;0;3;7;11;29;8;32;4;34;0;34;-4;31;-6;27;-7;21;-6;15;-2;8;4;2;10;-3;18;-5;25;-6;32;-5;36;-2;39;1;39;4;38;6;35;7;30;6;25;4;19;0;13;-6;8;-12;5;-19;3;-25;-118;0;-10;-8;-10;-8;-9;-8;-8;-8;-7;-7;-6;-7;-5;-6;-5;-6;-4;-6;-4;-6;-4;-6;-3;-5;-3;-5;-2;-4;-2;-4;-1;-4;-1;-4;-1;-4;-2;-3;-1;-3;-1;-3;-1;-2;0;-2;0;-2;0;-2;-1;-2;-1;-2;-1;-2;-1;-1;-1;-1;0;0;0;-1;0;-1;-2;1;-5;3;-13;9;-13;9;-14;8;-15;7;-15;6;-16;5;-16;4;-17;4;-18;3;-18;2;-18;1;-18;1;-17;0;-17;-1;-17;-2;-17;-3;-17;-4;-17;-4;-16;-4;-16;-4;-15;-5;-14;-6;-14;-6;-14;-7;-14;-7;-14;-7;-13;-7;-13;-7;-118;0;15;-23;14;-23;13;-23;12;-23;11;-23;9;-22;8;-22;7;-22;6;-21;5;-20;4;-20;3;-20;2;-19;1;-19;0;-19;0;-19;-1;-19;-1;-19;-2;-19;-2;-18;-2;-18;-2;-18;-2;-17;-2;-17;-2;-17;-2;-17;-1;-17;-1;-17;-1;-6;0;-2;0;0;-1;0;-1;0;1;-1;5;-3;14;-9;14;-9;15;-8;15;-8;15;-8;16;-9;16;-9;17;-9;17;-10;17;-10;17;-11;18;-11;18;-12;19;-12;19;-12;19;-12;18;-13;18;-14;18;-15;18;-16;18;-17;18;-18;18;-19;17;-20;17;-21;17;-22;16;-23;16;-24,empty,EXP_S141,ZONE_02,entree_zone,4.1,entree_zone,entree dans la zone
1918182996,-55,6,a0:9f:7a:73:2b:3e,384,-110;-96;8;0;34;-20;35;-20;33;-18;30;-17;25;-16;20;-15;14;-14;8;-14;3;-15;-3;-16;-7;-17;-11;-18;-13;-19;-15;-19;-16;-18;-16;-17;-17;-16;-17;-14;-17;-11;-16;-9;-16;-6;-16;-3;-16;-1;-16;1;-17;3;-5;0;0;0;0;0;0;0;0;0;0;0;0;0;0;0;0;0;0;0;-7;4;-29;18;-32;16;-35;12;-36;8;-34;4;-30;0;-24;-2;-17;-3;-8;-1;-1;3;7;8;12;15;16;23;17;29;16;35;15;38;13;40;10;39;8;36;7;31;6;25;7;17;10;9;13;1;18;-7;22;-12;-125;0;0;-14;1;-14;1;-13;1;-12;1;-11;1;-10;2;-9;2;-8;3;-8;3;-7;2;-7;2;-6;2;-5;2;-4;2;-4;2;-3;2;-3;2;-3;2;-3;2;-3;1;-2;1;-2;1;-2;1;-2;1;-2;1;-2;1;-2;1;-2;0;-1;0;-1;-1;0;1;0;0;0;-2;-1;-7;-1;-18;-4;-18;-5;-18;-6;-17;-7;-17;-8;-17;-9;-16;-10;-15;-12;-15;-13;-15;-14;-15;-14;-14;-15;-13;-15;-11;-16;-10;-16;-9;-17;-9;-17;-9;-17;-8;-17;-7;-16;-7;-16;-6;-16;-5;-16;-4;-17;-4;-17;-4;-17;-3;-16;-3;-16;-125;0;28;-1;27;-2;26;-3;25;-3;24;-4;24;-5;23;-5;22;-6;20;-6;19;-7;18;-8;17;-9;17;-9;16;-10;16;-10;16;-10;15;-11;15;-11;14;-11;14;-11;14;-11;13;-11;13;-11;13;-11;13;-11;13;-10;14;-10;14;-9;5;-4;1;-1;-1;0;-2;-1;-1;-1;1;0;5;2;16;5;16;5;16;6;16;6;16;6;17;7;17;7;18;7;18;7;19;7;19;7;20;7;21;7;21;7;21;7;21;7;21;6;22;6;22;5;23;4;24;4;25;4;26;3;27;2;27;1;28;0;28;-1;29;-1,empty,EXP_S141,ZONE_02,entree_zone,4.1,entree_zone,entree dans la zone
1918382473,-55,6,a0:9f:7a:73:2b:3e,384,-110;-96;8;0;38;-5;38;-4;37;-4;33;-4;29;-4;23;-6;18;-8;13;-10;8;-12;4;-15;1;-18;-1;-20;-3;-22;-4;-23;-5;-23;-6;-23;-7;-21;-8;-20;-9;-18;-10;-15;-11;-13;-12;-11;-14;-9;-15;-8;-16;-7;-4;-2;0;0;0;0;0;0;0;0;0;0;0;0;0;0;0;0;0;0;-8;3;-30;13;-33;10;-35;6;-35;2;-33;-2;-29;-5;-23;-6;-16;-5;-8;-1;-2;4;3;10;7;17;9;25;8;32;6;37;3;39;1;40;-1;39;-2;36;-2;31;-1;25;2;18;7;12;12;6;19;1;25;-3;-125;0;5;-12;5;-11;5;-10;5;-9;5;-9;5;-8;5;-7;5;-6;5;-6;4;-5;4;-5;4;-4;4;-3;3;-3;3;-3;3;-2;3;-2;3;-2;2;-2;2;-1;2;-1;2;-1;2;-1;1;-1;1;-1;1;-1;1;-1;1;-1;0;-1;0;-1;-1;0;0;0;0;0;-2;-1;-5;-4;-13;-11;-13;-12;-12;-13;-11;-14;-10;-14;-10;-15;-9;-16;-8;-16;-7;-17;-7;-17;-6;-18;-5;-18;-4;-18;-3;-18;-2;-18;-1;-18;-1;-17;0;-17;0;-17;1;-17;1;-16;2;-16;2;-16;3;-16;3;-15;4;-15;4;-14;4;-14;-125;0;25;11;25;10;24;9;24;8;23;7;23;6;22;5;21;4;21;3;20;2;19;1;19;0;19;-1;18;-2;18;-3;18;-3;18;-3;17;-4;17;-4;17;-4;17;-5;16;-5;16;-5;16;-5;16;-5;16;-4;16;-4;16;-3;5;-1;1;-1;-1;0;-1;-1;-1;-1;1;1;4;4;11;12;11;13;10;13;10;13;11;14;11;14;11;14;12;15;12;15;13;15;13;15;14;16;14;16;14;16;15;16;15;16;16;15;16;15;17;15;18;15;19;14;20;14;21;14;22;13;23;13;24;13;25;12;25;12,empty,EXP_S141,ZONE_02,entree_zone,4.1,entree_zone,entree dans la zone
1918582481,-55,6,a0:9f:7a:73:2b:3e,384,-110;-96;8;0;-35;-15;-35;-16;-33;-16;-30;-15;-26;-12;-23;-8;-19;-4;-16;1;-14;5;-11;9;-10;13;-9;16;-8;19;-7;20;-7;21;-6;21;-4;20;-3;19;-1;18;1;16;3;15;5;14;7;13;9;11;10;11;2;2;0;0;0;0;0;0;0;0;0;0;0;0;0;0;0;0;0;0;7;1;30;7;31;11;30;15;28;18;24;20;19;20;13;17;8;12;5;5;2;-3;2;-11;4;-19;7;-26;10;-31;14;-34;18;-35;20;-34;21;-32;21;-29;18;-25;14;-21;8;-17;0;-14;-8;-12;-16;-11;-22;-11;127;0;-9;8;-9;8;-9;8;-8;8;-7;7;-7;6;-6;4;-6;3;-6;3;-7;2;-6;2;-6;2;-5;2;-4;1;-4;0;-4;0;-4;0;-4;0;-4;0;-3;1;-3;0;-2;0;-2;-1;-2;-1;-3;-1;-3;0;-2;0;-2;0;-1;0;-1;0;0;-1;-1;-1;-1;-1;1;1;3;4;10;11;10;12;9;13;9;14;8;14;7;14;6;15;4;16;4;17;3;18;3;18;2;18;1;17;0;17;-2;16;-3;16;-3;16;-3;16;-3;16;-4;15;-4;14;-5;14;-6;14;-7;14;-7;14;-7;13;-7;13;-7;12;127;0;-23;-16;-23;-15;-22;-14;-22;-12;-22;-11;-21;-10;-21;-9;-21;-8;-20;-7;-20;-6;-19;-5;-19;-4;-19;-3;-19;-2;-19;-2;-18;-2;-18;-1;-18;-1;-18;0;-17;0;-17;0;-17;0;-17;0;-17;0;-17;0;-17;0;-17;-1;-17;-1;-6;-1;-2;-1;0;-1;0;0;0;0;-2;-2;-4;-5;-10;-14;-10;-14;-9;-14;-10;-14;-10;-15;-10;-16;-10;-16;-10;-17;-10;-17;-11;-17;-11;-17;-12;-17;-13;-18;-13;-18;-13;-18;-13;-18;-13;-18;-14;-17;-15;-17;-16;-17;-17;-17;-18;-18;-19;-18;-20;-17;-21;-17;-22;-17;-23;-16;-23;-16,empty,EXP_S141,ZONE_02,entree_zone,4.1,entree_zone,entree dans la zone
1918786850,-55,6,a0:9f:7a:73:2b:3e,384,-110;-96;8;0;-37;15;-37;14;-36;13;-33;12;-28;11;-23;10;-17;11;-11;12;-6;14;-1;15;2;17;5;19;7;20;9;21;10;21;11;20;11;19;11;17;12;15;12;12;13;10;14;7;14;5;15;3;16;2;4;0;0;0;0;0;0;0;0;0;0;0;0;0;0;0;0;0;0;0;5;-6;23;-23;27;-22;31;-19;32;-14;31;-10;28;-5;23;-2;16;-1;7;-2;-1;-5;-8;-10;-13;-16;-17;-23;-18;-29;-18;-34;-17;-38;-14;-39;-12;-39;-10;-36;-8;-32;-7;-26;-9;-18;-11;-10;-15;-3;-20;4;-24;8;-125;0;-1;12;-1;12;-1;12;-1;11;-1;10;-2;9;-2;7;-3;7;-3;6;-3;6;-3;5;-3;5;-3;4;-3;3;-3;3;-3;2;-3;2;-3;2;-3;2;-2;2;-2;1;-2;1;-2;1;-2;0;-2;1;-2;1;-2;1;-2;1;-1;0;-1;0;0;-1;-2;-1;-1;-1;1;-1;5;0;16;2;16;3;16;4;16;5;16;6;15;6;15;8;14;9;14;10;14;11;14;11;13;12;12;12;10;13;9;14;9;14;8;15;8;15;8;14;7;14;6;14;5;14;4;14;4;15;4;15;3;14;3;14;2;13;-125;0;-29;2;-28;3;-27;3;-26;4;-25;5;-24;6;-23;7;-22;7;-21;7;-20;8;-19;8;-18;9;-17;9;-17;10;-16;10;-16;11;-16;11;-15;11;-15;11;-14;12;-14;12;-14;11;-13;11;-13;11;-14;11;-14;10;-14;10;-15;9;-6;3;-2;0;0;-1;1;0;0;0;-2;-1;-7;-2;-17;-5;-17;-6;-17;-6;-17;-6;-18;-6;-18;-6;-19;-7;-19;-7;-20;-7;-20;-7;-21;-6;-21;-7;-22;-7;-22;-7;-22;-7;-22;-7;-23;-6;-23;-5;-24;-4;-25;-4;-26;-3;-27;-2;-27;-2;-28;-1;-28;0;-29;0;-29;1;-30;2,empty,EXP_S141,ZONE_02,entree_zone,4.1,entree_zone,entree dans la zone
1918986313,-55,6,a0:9f:7a:73:2b:3e,384,-110;-96;8;0;38;-3;39;-2;37;-2;34;-2;29;-2;24;-4;19;-6;13;-9;9;-12;5;-15;2;-18;-1;-20;-3;-22;-4;-23;-5;-23;-6;-23;-7;-22;-8;-20;-9;-18;-10;-15;-11;-13;-13;-11;-14;-9;-15;-7;-15;-6;-4;-2;0;0;0;0;0;0;0;0;0;0;0;0;0;0;0;0;0;0;-8;2;-33;7;-35;4;-37;0;-36;-5;-33;-8;-28;-10;-22;-10;-15;-8;-8;-3;-2;3;2;11;5;19;5;27;4;33;1;37;-1;40;-4;41;-6;39;-7;36;-6;31;-4;25;0;18;5;12;12;7;19;2;24;-1;-127;0;3;-13;3;-13;3;-13;3;-12;2;-11;2;-9;3;-8;3;-7;4;-7;4;-7;4;-6;3;-6;2;-5;2;-4;2;-3;3;-3;3;-2;3;-3;2;-3;2;-3;1;-2;1;-1;1;-1;2;-1;2;-1;2;-2;1;-2;1;-2;0;-1;0;-1;-1;0;1;0;0;0;-2;-1;-7;-2;-18;-4;-18;-5;-17;-6;-17;-7;-16;-8;-16;-9;-15;-10;-15;-12;-14;-13;-14;-14;-14;-15;-13;-15;-12;-15;-10;-15;-9;-16;-8;-17;-8;-17;-8;-17;-7;-17;-6;-16;-5;-16;-4;-16;-3;-16;-2;-17;-2;-17;-2;-17;-2;-16;-2;-15;-127;0;27;2;27;2;26;1;25;0;24;-1;23;-1;23;-2;22;-3;21;-3;20;-4;19;-5;18;-6;18;-6;17;-7;17;-7;17;-7;16;-7;16;-7;16;-8;16;-8;15;-8;15;-8;15;-8;15;-8;15;-8;15;-7;15;-6;15;-6;5;-2;1;-1;-1;0;-2;-1;-1;-1;1;0;5;2;15;5;15;5;15;5;15;6;16;6;17;7;17;7;17;8;17;8;18;8;18;7;19;7;20;7;20;8;20;8;20;8;20;8;21;7;22;6;23;6;24;6;25;6;25;5;25;5;26;4;27;3;28;2;28;2,empty,EXP_S141,ZONE_02,entree_zone,4.1,entree_zone,entree dans la zone
1919185843,-55,6,a0:9f:7a:73:2b:3e,384,-110;-96;8;0;31;-25;32;-24;31;-22;28;-20;24;-18;19;-17;13;-16;7;-16;2;-16;-3;-16;-7;-17;-11;-18;-13;-19;-15;-19;-15;-19;-16;-18;-16;-17;-16;-15;-16;-13;-16;-10;-16;-7;-16;-5;-16;-3;-17;-1;-17;0;-5;0;0;0;0;0;0;0;0;0;0;0;0;0;0;0;0;0;0;0;-5;7;-18;28;-22;27;-26;25;-29;22;-29;17;-27;12;-22;8;-16;5;-8;3;1;4;9;7;15;12;21;17;24;23;25;28;25;32;23;34;20;34;18;32;15;28;13;22;12;15;13;6;15;-2;18;-10;20;-15;-127;0;-5;-12;-5;-12;-5;-12;-5;-11;-4;-10;-4;-9;-3;-8;-2;-8;-1;-8;-1;-8;-1;-7;-1;-7;-1;-6;-1;-5;0;-4;0;-4;1;-4;0;-4;0;-4;0;-3;0;-3;0;-2;0;-2;1;-2;0;-2;0;-3;0;-3;-1;-3;-1;-1;-1;-1;-1;0;0;-1;0;-1;-2;0;-6;1;-16;4;-17;4;-17;3;-18;2;-17;1;-17;0;-17;-2;-18;-3;-18;-4;-19;-5;-19;-6;-18;-6;-17;-7;-16;-8;-15;-9;-15;-10;-15;-11;-15;-11;-14;-10;-13;-10;-12;-10;-11;-11;-11;-12;-11;-13;-11;-13;-11;-13;-10;-12;-9;-12;-127;0;24;-15;23;-15;22;-16;21;-16;20;-16;18;-17;17;-17;16;-16;15;-16;14;-16;12;-16;11;-17;10;-17;9;-17;9;-17;9;-17;8;-17;8;-17;7;-17;7;-17;7;-17;6;-17;6;-17;6;-17;6;-17;6;-16;7;-16;7;-16;2;-6;0;-2;-1;0;-2;0;-1;0;1;-1;6;-1;17;-3;17;-3;17;-3;17;-3;18;-3;19;-3;19;-3;19;-2;19;-3;20;-3;20;-3;21;-4;22;-4;22;-4;22;-4;22;-4;22;-5;22;-6;22;-7;23;-8;24;-9;24;-10;25;-11;25;-11;25;-13;25;-14;25;-15;25;-15,empty,EXP_S141,ZONE_02,entree_zone,4.1,entree_zone,entree dans la zone
1919389224,-55,6,a0:9f:7a:73:2b:3e,384,-110;-96;8;0;22;-33;23;-33;22;-32;20;-29;17;-26;12;-23;7;-20;1;-17;-4;-15;-9;-14;-13;-13;-17;-13;-19;-12;-21;-12;-22;-11;-22;-10;-21;-9;-21;-7;-20;-5;-19;-3;-17;0;-16;2;-16;5;-15;6;-15;8;-4;2;0;0;0;0;0;0;0;0;0;0;0;0;0;0;0;0;0;0;-3;7;-13;30;-17;30;-22;29;-25;26;-26;22;-25;17;-21;11;-15;7;-7;4;2;3;11;4;19;7;25;11;29;16;32;21;32;25;31;27;28;28;25;27;22;24;18;18;15;11;14;3;13;-6;13;-15;15;-21;122;0;-9;-11;-9;-11;-9;-11;-8;-10;-7;-9;-6;-8;-5;-7;-3;-7;-3;-7;-3;-7;-3;-7;-3;-6;-3;-5;-2;-5;-1;-4;0;-5;0;-5;-1;-5;-1;-4;-1;-3;-1;-3;-1;-2;0;-2;0;-2;0;-3;-1;-3;-1;-3;-1;-3;-1;-1;-1;-1;0;0;0;-1;0;-1;-2;1;-6;3;-15;8;-16;8;-17;7;-17;6;-17;5;-17;4;-18;3;-19;1;-20;0;-20;-1;-20;-1;-20;-1;-19;-2;-18;-3;-18;-5;-18;-6;-18;-6;-18;-6;-17;-6;-16;-6;-15;-7;-14;-8;-14;-9;-14;-10;-14;-10;-14;-10;-13;-9;-13;-9;122;0;19;-22;18;-22;17;-21;15;-22;14;-22;13;-22;12;-21;11;-21;10;-20;8;-20;7;-19;6;-19;5;-19;4;-19;3;-20;3;-19;2;-19;2;-19;1;-19;1;-19;1;-19;1;-18;1;-18;1;-18;1;-18;1;-18;1;-18;2;-18;0;-7;0;-2;-1;0;-2;0;-1;0;1;-1;5;-3;16;-7;16;-7;16;-7;16;-7;17;-8;17;-8;18;-8;18;-7;18;-7;18;-8;18;-9;19;-10;20;-10;20;-10;20;-10;20;-10;20;-11;19;-12;20;-13;20;-15;21;-16;21;-16;21;-17;21;-18;20;-19;20;-20;20;-22;20;-22,empty,EXP_S141,ZONE_02,entree_zone,4.1,entree_zone,entree dans la zone
1919589371,-55,6,a0:9f:7a:73:2b:3e,384,-110;-96;8;0;-18;34;-19;34;-18;32;-16;29;-13;26;-10;22;-5;19;-1;16;4;14;8;12;13;11;16;11;18;10;20;9;21;8;21;8;20;7;19;5;18;2;17;0;16;-2;15;-4;14;-6;14;-7;13;-9;3;-3;0;0;0;0;0;0;0;0;0;0;0;0;0;0;0;0;0;0;0;-9;4;-33;7;-34;12;-34;16;-32;18;-27;18;-22;16;-17;11;-11;5;-6;-3;-4;-12;-3;-20;-4;-27;-7;-32;-11;-35;-15;-36;-18;-36;-21;-33;-23;-30;-22;-26;-19;-22;-15;-18;-8;-15;-1;-13;7;-12;15;-12;21;-122;0;8;9;7;9;6;9;6;9;5;8;4;7;3;7;2;7;1;7;1;6;1;6;1;5;0;4;0;4;-1;4;-1;3;-1;3;-1;3;-1;3;-1;2;-1;2;-1;2;-1;1;-1;1;-1;1;-1;1;-1;1;-1;1;0;0;0;0;-1;-1;-1;0;-1;0;1;-2;4;-5;12;-12;12;-11;13;-10;14;-9;15;-8;15;-7;16;-6;16;-5;17;-4;18;-3;18;-2;18;-1;17;0;17;1;17;2;16;3;16;4;16;4;16;5;15;5;14;6;13;7;13;7;13;8;13;8;12;8;11;8;11;8;-122;0;-20;19;-19;19;-19;19;-17;19;-16;18;-15;18;-14;18;-13;18;-12;18;-11;18;-10;17;-9;17;-8;17;-7;17;-7;17;-7;17;-6;17;-6;17;-6;17;-6;16;-6;16;-5;16;-5;16;-5;16;-5;16;-6;15;-7;15;-7;15;-3;5;-1;1;0;-1;0;-1;0;-1;-2;1;-6;3;-15;9;-15;9;-15;8;-15;8;-16;8;-16;8;-17;9;-18;9;-18;9;-18;9;-19;9;-19;10;-19;10;-20;10;-20;10;-20;10;-20;11;-20;11;-20;12;-20;13;-20;14;-21;15;-21;16;-21;17;-21;18;-21;18;-21;19;-21;20,empty,EXP_S141,ZONE_02,entree_zone,4.1,entree_zone,entree dans la zone
1919782455,-55,6,a0:9f:7a:73:2b:3e,384,-110;-96;8;0;-28;-29;-28;-30;-26;-29;-24;-26;-21;-22;-19;-17;-17;-12;-16;-6;-16;-1;-16;5;-16;9;-16;12;-16;15;-16;16;-16;17;-15;18;-14;18;-12;17;-10;17;-7;16;-5;16;-2;15;1;15;3;15;4;15;1;3;0;0;0;0;0;0;0;0;0;0;0;0;0;0;0;0;0;0;7;3;28;16;28;20;26;24;23;26;18;27;13;25;9;21;5;14;3;7;4;-2;6;-10;10;-17;15;-23;21;-27;26;-28;29;-28;32;-27;32;-24;30;-21;27;-18;21;-15;13;-14;5;-14;-4;-15;-12;-17;-17;-20;-120;0;-12;4;-12;4;-12;4;-11;3;-10;3;-9;2;-8;1;-8;0;-8;0;-7;0;-7;0;-6;0;-6;0;-5;-1;-5;-1;-4;-2;-4;-2;-4;-1;-4;-1;-3;-1;-3;-1;-2;-1;-2;-1;-2;-2;-3;-2;-3;-1;-3;-1;-2;-1;-1;0;-1;0;0;0;-1;-1;0;-1;0;1;0;5;2;16;1;16;0;17;-1;17;-2;17;-3;16;-4;16;-5;16;-6;17;-7;17;-8;17;-8;16;-9;15;-10;14;-11;13;-11;13;-12;13;-12;12;-12;12;-11;11;-12;11;-12;10;-13;9;-13;9;-14;9;-13;9;-13;8;-12;8;-120;0;-14;-26;-15;-25;-15;-24;-15;-22;-15;-21;-16;-20;-16;-18;-16;-17;-16;-16;-16;-14;-16;-13;-17;-12;-17;-11;-17;-11;-18;-10;-18;-9;-17;-9;-17;-8;-17;-8;-17;-8;-17;-7;-17;-7;-17;-7;-17;-6;-17;-7;-17;-7;-16;-7;-16;-8;-6;-3;-2;-1;0;0;0;1;-1;0;-1;-2;-1;-7;-1;-18;0;-18;0;-18;0;-18;0;-19;0;-19;0;-20;0;-20;0;-21;-1;-21;-1;-22;-1;-23;-2;-23;-2;-23;-2;-23;-2;-23;-3;-23;-4;-23;-5;-24;-6;-24;-7;-25;-8;-25;-9;-26;-10;-26;-11;-26;-12;-26;-13;-26;-14;-27,empty,EXP_S141,ZONE_02,entree_zone,4.1,entree_zone,entree dans la zone
1919982485,-55,6,a0:9f:7a:73:2b:3e,384,-110;-96;8;0;27;-29;28;-28;27;-27;24;-24;21;-22;16;-20;11;-18;5;-16;-1;-15;-6;-15;-11;-15;-14;-15;-16;-15;-18;-15;-19;-15;-19;-14;-19;-13;-18;-11;-18;-9;-17;-6;-17;-4;-16;-1;-16;1;-15;3;-15;5;-4;1;0;0;0;0;0;0;0;0;0;0;0;0;0;0;0;0;0;0;-4;7;-17;28;-21;27;-26;25;-28;22;-29;17;-27;12;-23;8;-16;4;-8;3;1;3;9;6;16;10;22;15;26;20;27;26;27;29;25;32;23;32;20;31;17;27;15;21;13;14;13;5;13;-4;15;-12;18;-18;-127;0;-6;-12;-6;-12;-5;-12;-5;-11;-4;-10;-4;-9;-3;-8;-2;-8;-1;-8;-1;-8;-1;-7;-1;-7;-1;-6;0;-5;0;-5;1;-5;1;-4;1;-4;0;-4;0;-3;0;-3;0;-2;0;-2;1;-2;1;-2;0;-3;0;-3;0;-3;0;-1;-1;-1;-1;0;0;-1;0;-1;-2;0;-6;2;-16;6;-17;5;-17;4;-18;3;-18;2;-18;1;-18;-1;-18;-2;-19;-3;-19;-4;-19;-5;-19;-6;-18;-7;-17;-8;-16;-9;-16;-10;-16;-10;-15;-10;-15;-10;-14;-10;-13;-10;-12;-11;-12;-12;-11;-13;-11;-13;-11;-13;-10;-12;-10;-12;-127;0;24;-15;23;-15;22;-15;21;-16;20;-16;18;-16;17;-16;16;-16;15;-16;13;-16;12;-16;12;-16;11;-16;10;-16;10;-17;9;-17;8;-17;8;-17;8;-17;7;-17;7;-16;7;-16;7;-16;7;-16;7;-16;7;-15;7;-15;8;-15;3;-6;0;-2;-1;0;-2;0;-1;0;1;-1;6;-2;16;-4;16;-4;16;-4;17;-4;17;-4;18;-4;19;-3;19;-3;19;-4;20;-4;20;-4;21;-4;21;-4;22;-4;22;-4;22;-5;22;-5;22;-6;22;-7;23;-8;23;-9;24;-10;24;-11;24;-12;24;-12;24;-13;25;-14;25;-15,empty,EXP_S141,ZONE_02,entree_zone,4.1,entree_zone,entree dans la zone
1920183350,-55,6,a0:9f:7a:73:2b:3e,384,-110;-96;8;0;23;-29;24;-28;23;-27;21;-25;18;-22;13;-20;8;-17;3;-15;-2;-14;-7;-13;-11;-13;-14;-13;-17;-12;-18;-12;-19;-11;-19;-10;-19;-9;-18;-7;-17;-5;-17;-3;-16;-1;-15;1;-14;3;-14;5;-13;6;-4;1;0;0;0;0;0;0;0;0;0;0;0;0;0;0;0;0;0;0;-5;6;-18;25;-22;24;-26;22;-28;19;-28;15;-26;10;-21;6;-15;4;-7;2;1;3;8;5;15;9;21;14;24;19;26;24;25;28;24;30;22;30;19;28;17;25;14;19;13;12;12;4;12;-4;14;-11;16;-17;-118;0;-11;-22;-11;-22;-11;-22;-10;-20;-9;-19;-7;-17;-5;-15;-4;-14;-2;-14;-2;-14;-2;-13;-3;-12;-2;-10;-2;-9;0;-8;0;-8;1;-8;0;-7;0;-7;-1;-6;-1;-5;0;-4;1;-4;1;-4;1;-4;0;-4;-1;-4;-2;-4;-1;-2;-1;-1;-1;0;1;-1;1;-1;-4;1;-12;2;-32;7;-33;5;-33;4;-34;2;-33;0;-33;-2;-33;-5;-34;-7;-35;-9;-35;-10;-35;-11;-34;-12;-32;-14;-30;-15;-29;-17;-28;-19;-28;-20;-28;-20;-27;-19;-26;-19;-24;-20;-22;-21;-21;-22;-21;-23;-21;-23;-20;-23;-20;-22;-19;-21;-118;0;44;-30;42;-30;40;-30;38;-30;35;-31;33;-32;30;-32;28;-31;25;-31;23;-31;20;-31;18;-31;16;-32;15;-32;14;-32;13;-32;12;-33;11;-33;9;-33;9;-32;8;-32;8;-32;7;-31;7;-31;7;-30;8;-30;9;-29;9;-29;3;-11;1;-4;-1;0;-3;0;-1;-1;3;-1;11;-1;31;-3;31;-2;32;-2;32;-2;33;-2;35;-2;36;-2;36;-2;36;-3;37;-4;38;-5;39;-5;41;-6;41;-6;42;-6;41;-7;41;-8;41;-10;42;-12;43;-14;44;-16;45;-18;45;-20;45;-21;45;-23;45;-26;45;-28;46;-29,empty,EXP_S141,ZONE_02,entree_zone,4.1,entree_zone,entree dans la zone
1920382371,-55,6,a0:9f:7a:73:2b:3e,384,-110;-96;8;0;-37;3;-37;2;-35;1;-32;1;-28;2;-23;4;-18;5;-13;8;-9;10;-5;13;-2;15;0;18;2;19;3;20;4;20;5;20;5;19;6;17;7;15;8;13;9;11;10;9;11;7;12;5;13;4;3;1;0;0;0;0;0;0;0;0;0;0;0;0;0;0;0;0;0;0;7;-3;29;-10;31;-7;33;-3;32;1;30;4;26;6;20;7;14;5;7;1;1;-4;-4;-10;-6;-18;-7;-25;-6;-31;-5;-36;-2;-38;1;-39;3;-38;3;-34;3;-30;1;-24;-2;-18;-7;-12;-12;-7;-19;-2;-24;0;121;0;-6;10;-6;9;-6;9;-6;8;-6;7;-6;6;-6;5;-6;5;-5;4;-5;4;-5;3;-5;3;-4;2;-4;2;-4;2;-4;1;-4;1;-3;1;-3;1;-3;0;-3;0;-2;0;-2;0;-2;0;-2;0;-2;0;-2;0;-2;0;-1;0;-1;0;0;-1;-1;-1;-1;-1;1;0;4;3;11;9;11;10;10;11;9;12;8;13;8;13;7;14;7;15;6;15;5;16;4;16;3;16;2;16;1;16;1;16;0;16;-1;15;-1;15;-2;15;-2;15;-3;14;-3;14;-3;14;-4;14;-4;13;-5;13;-5;12;-5;12;121;0;-24;-12;-24;-11;-23;-10;-23;-9;-22;-8;-22;-7;-21;-6;-21;-5;-20;-4;-19;-3;-19;-2;-18;-1;-18;0;-18;0;-18;1;-18;1;-17;1;-17;2;-17;2;-16;2;-16;3;-16;3;-16;3;-15;3;-15;3;-16;2;-16;2;-16;2;-6;0;-2;0;0;-1;0;0;0;0;-2;-2;-4;-5;-11;-13;-11;-13;-11;-13;-10;-13;-11;-14;-11;-14;-11;-14;-12;-15;-12;-15;-13;-15;-13;-16;-13;-16;-14;-16;-14;-16;-14;-16;-15;-16;-15;-16;-16;-16;-17;-15;-17;-15;-19;-15;-20;-15;-21;-14;-22;-14;-23;-14;-23;-13;-24;-13;-24;-13,empty,EXP_S141,ZONE_02,entree_zone,4.1,entree_zone,entree dans la zone
1920586395,-55,6,a0:9f:7a:73:2b:3e,384,-110;-96;8;0;16;-34;16;-33;16;-32;15;-29;12;-26;9;-22;4;-19;0;-16;-5;-14;-9;-12;-13;-11;-16;-11;-18;-10;-20;-9;-20;-9;-20;-8;-20;-7;-19;-5;-18;-4;-17;-2;-16;0;-15;3;-14;4;-13;6;-13;7;-4;1;0;0;0;0;0;0;0;0;0;0;0;0;0;0;0;0;0;0;-1;7;-5;30;-8;31;-12;31;-16;29;-18;25;-18;20;-16;15;-12;10;-5;6;2;3;10;2;18;3;25;6;29;9;32;13;34;16;33;19;31;20;28;20;24;17;20;13;17;7;14;0;12;-7;11;-15;11;-21;125;0;-8;-10;-8;-9;-8;-9;-7;-9;-7;-8;-6;-7;-4;-7;-3;-6;-3;-7;-3;-7;-3;-6;-3;-6;-2;-5;-2;-4;-1;-4;-1;-4;-1;-4;-1;-4;-1;-4;-1;-3;-1;-3;-1;-2;0;-2;0;-2;0;-2;-1;-3;-1;-2;-1;-2;-1;-1;-1;-1;-1;0;0;-1;0;-1;-2;1;-5;3;-13;8;-14;8;-15;7;-15;6;-15;5;-16;4;-16;3;-17;2;-18;1;-18;0;-18;0;-18;-1;-17;-2;-17;-3;-16;-4;-16;-5;-16;-5;-16;-6;-16;-6;-15;-6;-14;-6;-13;-7;-13;-8;-13;-9;-13;-9;-12;-9;-12;-9;-11;-8;125;0;18;-20;17;-20;16;-20;14;-20;13;-20;12;-20;11;-20;10;-19;9;-19;8;-18;7;-18;6;-18;5;-18;4;-18;4;-18;3;-18;3;-17;2;-17;2;-17;2;-17;1;-17;1;-17;1;-16;1;-16;1;-16;1;-16;2;-16;2;-16;1;-6;0;-2;-1;0;-1;0;-1;0;1;-1;5;-3;14;-7;14;-7;14;-7;15;-7;15;-7;16;-7;16;-7;17;-8;17;-8;17;-8;17;-9;18;-9;18;-9;19;-10;19;-10;19;-10;19;-11;18;-11;18;-12;18;-14;19;-15;19;-15;19;-16;19;-17;19;-18;19;-19;18;-20;19;-20,empty,EXP_S141,ZONE_02,entree_zone,4.1,entree_zone,entree dans la zone
1920790733,-55,6,a0:9f:7a:73:2b:3e,384,-110;-96;8;0;-10;35;-11;35;-11;33;-10;30;-8;26;-5;22;-2;19;2;15;6;12;10;10;13;8;16;7;18;6;20;5;20;4;20;4;19;3;18;1;17;0;16;-2;14;-4;13;-6;12;-7;11;-9;10;-10;2;-3;0;0;0;0;0;0;0;0;0;0;0;0;0;0;0;0;0;0;-2;-8;-4;-31;-1;-32;4;-33;7;-32;10;-29;11;-24;11;-19;8;-13;3;-8;-4;-4;-11;-1;-19;0;-26;-1;-31;-4;-35;-7;-37;-10;-37;-12;-35;-14;-32;-14;-28;-13;-23;-10;-19;-5;-14;2;-11;9;-9;16;-8;21;-128;0;9;6;9;6;9;6;8;5;8;5;6;4;5;4;4;4;4;5;3;5;3;4;3;4;3;3;2;2;1;2;1;3;0;3;1;3;1;2;1;2;0;1;0;1;0;1;-1;1;0;1;0;1;1;1;1;1;0;0;0;0;-1;-1;-1;0;-1;0;0;-2;3;-4;10;-12;10;-11;11;-11;12;-11;12;-10;12;-9;13;-8;14;-7;15;-6;16;-6;16;-6;16;-5;15;-4;15;-3;15;-1;15;-1;16;0;16;0;15;0;14;0;14;1;13;2;14;3;14;3;14;3;14;3;13;3;12;3;-128;0;-12;23;-11;23;-10;23;-9;22;-8;22;-7;21;-6;21;-5;20;-4;19;-3;19;-2;18;-1;18;0;17;1;17;1;17;1;17;2;16;2;16;3;16;3;15;3;15;3;15;3;15;3;14;3;14;3;14;2;15;2;15;0;5;0;1;-1;-1;0;-1;0;-1;-2;1;-5;3;-13;10;-13;9;-13;9;-13;10;-14;10;-14;11;-15;11;-15;11;-15;11;-15;12;-15;12;-16;13;-16;13;-16;14;-16;14;-16;14;-16;14;-15;15;-15;16;-15;17;-15;19;-15;19;-15;20;-14;21;-14;21;-13;22;-12;23;-12;24,empty,EXP_S141,ZONE_02,entree_zone,4.1,entree_zone,entree dans la zone
1920994986,-55,6,a0:9f:7a:73:2b:3e,384,-110;-96;8;0;26;30;25;31;24;30;22;27;20;23;18;17;16;12;15;6;15;0;15;-5;15;-9;15;-13;15;-16;15;-18;15;-19;14;-19;12;-19;10;-19;8;-18;5;-17;2;-17;0;-16;-2;-16;-4;-15;-6;-15;-2;-4;0;0;0;0;0;0;0;0;0;0;0;0;0;0;0;0;0;0;-7;-6;-25;-24;-24;-28;-21;-32;-17;-33;-13;-33;-8;-30;-5;-24;-3;-17;-2;-8;-4;0;-8;8;-14;15;-20;20;-26;23;-31;24;-35;23;-37;21;-37;19;-35;16;-30;14;-24;12;-16;11;-8;12;1;14;9;17;15;20;-124;0;12;-4;13;-3;12;-3;11;-3;10;-2;9;-2;8;-1;7;0;7;0;7;0;6;0;6;0;5;0;4;0;4;1;3;1;3;1;3;1;3;1;2;0;2;0;1;0;1;1;1;1;1;1;1;0;1;0;1;0;0;-1;0;-1;-1;0;0;1;-1;0;-1;-2;-1;-7;0;-18;1;-18;2;-18;3;-18;4;-18;5;-18;6;-17;8;-17;9;-17;10;-17;10;-17;11;-16;11;-15;12;-14;12;-13;13;-13;13;-12;14;-12;14;-12;13;-11;13;-10;14;-9;14;-8;14;-8;14;-8;14;-8;14;-8;14;-7;-124;0;8;27;9;26;9;25;10;24;10;23;11;22;11;20;11;19;11;18;12;16;12;15;13;14;13;13;14;13;14;12;14;11;14;11;14;10;14;10;14;9;14;9;14;9;14;8;14;8;14;8;14;8;13;9;13;9;4;3;1;1;-1;-1;0;-2;0;-1;-1;1;-2;6;-4;17;-4;17;-4;17;-4;17;-4;17;-5;18;-5;19;-5;19;-5;20;-5;20;-4;21;-4;22;-4;22;-3;22;-3;23;-3;23;-3;23;-2;23;-1;24;0;25;1;25;2;26;2;26;3;27;5;27;6;27;7;28;8;28,empty,EXP_S141,ZONE_02,entree_zone,4.1,entree_zone,entree dans la zone
1921182623,-55,6,a0:9f:7a:73:2b:3e,384,-110;-96;8;0;-12;35;-12;35;-12;33;-11;30;-9;27;-6;23;-2;19;2;15;6;12;10;9;14;7;17;6;19;5;20;4;21;3;21;2;20;1;19;0;17;-2;16;-4;14;-5;12;-7;11;-9;10;-11;9;-11;2;-3;0;0;0;0;0;0;0;0;0;0;0;0;0;0;0;0;0;0;0;-8;4;-31;7;-32;11;-32;15;-30;17;-27;17;-22;15;-16;11;-11;4;-6;-3;-3;-11;-2;-19;-2;-26;-4;-31;-8;-35;-12;-36;-15;-36;-17;-34;-19;-31;-18;-27;-16;-22;-12;-18;-7;-14;0;-11;8;-9;16;-8;21;-124;0;8;8;8;8;7;8;7;7;6;7;5;6;4;6;3;5;3;6;2;6;2;5;2;4;2;4;1;3;1;3;0;3;0;3;0;3;1;3;1;2;0;2;0;1;0;1;0;1;0;1;0;1;0;1;0;1;0;0;0;0;-1;-1;-1;0;-1;0;1;-1;5;-3;14;-7;14;-6;15;-5;15;-5;15;-4;15;-3;16;-2;16;-1;17;0;17;1;17;1;17;1;16;2;16;3;15;4;15;5;15;6;15;6;14;5;14;5;13;6;13;6;12;7;12;8;12;8;12;8;11;7;11;7;-124;0;-18;20;-17;20;-16;20;-14;20;-13;20;-11;20;-10;19;-9;19;-8;19;-7;18;-6;18;-5;18;-4;17;-3;17;-2;17;-2;17;-1;17;-1;16;0;16;1;16;1;16;1;15;1;15;1;15;1;15;1;15;1;15;0;15;0;5;-1;1;-1;-1;0;-1;0;-1;-2;0;-6;1;-16;3;-16;3;-16;3;-16;4;-17;4;-18;4;-18;4;-19;4;-19;5;-19;5;-19;6;-20;6;-20;7;-21;7;-21;7;-20;8;-20;8;-20;9;-20;10;-20;12;-20;13;-20;14;-20;15;-20;16;-20;17;-19;18;-19;19;-19;20,empty,EXP_S141,ZONE_02,entree_zone,4.1,entree_zone,entree dans la zone
1921385147,-55,6,a0:9f:7a:73:2b:3e,384,-110;-96;8;0;-39;12;-39;12;-38;10;-34;9;-30;9;-25;9;-19;10;-13;11;-8;13;-3;15;1;17;4;19;6;20;7;21;8;21;9;21;10;20;10;18;10;16;11;13;12;11;13;8;14;6;14;4;15;3;3;0;0;0;0;0;0;0;0;0;0;0;0;0;0;0;0;0;0;0;6;-6;26;-21;29;-20;32;-16;34;-12;33;-8;29;-4;23;-1;16;0;8;-2;0;-5;-7;-11;-12;-17;-15;-25;-17;-31;-16;-37;-14;-40;-12;-41;-9;-41;-7;-38;-6;-33;-6;-27;-8;-20;-11;-12;-15;-4;-21;2;-25;6;126;0;-1;12;-2;12;-2;12;-2;11;-2;10;-2;9;-2;7;-3;7;-3;6;-3;6;-3;6;-3;5;-3;4;-3;3;-3;3;-3;2;-3;2;-3;2;-2;2;-2;2;-2;1;-2;1;-2;1;-2;1;-2;1;-2;1;-2;1;-1;1;-1;0;-1;0;0;-1;-1;-1;-1;-1;1;0;5;1;15;5;15;6;15;6;15;7;14;8;14;9;13;10;13;11;13;12;12;13;12;14;11;14;10;14;9;14;8;15;7;15;7;16;6;16;6;15;5;15;5;15;4;15;3;15;3;15;2;16;2;15;2;15;2;14;126;0;-30;0;-29;0;-28;1;-27;2;-26;3;-25;4;-24;5;-23;6;-22;6;-21;7;-20;7;-19;8;-18;9;-17;9;-17;10;-16;10;-16;10;-15;11;-15;11;-14;11;-14;11;-14;11;-13;11;-13;11;-13;11;-13;10;-14;10;-14;10;-5;3;-2;1;0;-1;1;0;0;0;-2;-1;-6;-3;-16;-8;-16;-8;-16;-8;-17;-9;-17;-9;-18;-9;-18;-10;-19;-10;-19;-10;-20;-10;-20;-10;-21;-10;-21;-10;-22;-10;-22;-10;-22;-10;-22;-9;-23;-8;-24;-7;-25;-6;-26;-6;-27;-5;-28;-5;-28;-4;-29;-3;-30;-2;-30;-1;-31;-1,empty,EXP_S141,ZONE_02,entree_zone,4.1,entree_zone,entree dans la zone
1921582593,-55,6,a0:9f:7a:73:2b:3e,384,-110;-96;8;0;19;-35;20;-35;20;-34;18;-31;15;-27;11;-24;6;-20;1;-17;-5;-15;-10;-14;-14;-12;-17;-12;-20;-11;-22;-11;-22;-10;-22;-9;-22;-8;-21;-6;-20;-4;-19;-2;-18;0;-17;3;-15;5;-15;7;-14;8;-4;2;0;0;0;0;0;0;0;0;0;0;0;0;0;0;0;0;0;0;-2;8;-9;32;-13;33;-18;32;-21;29;-23;25;-22;20;-19;14;-14;9;-6;5;2;4;11;4;19;6;26;9;31;14;34;18;35;22;34;24;32;26;28;24;24;21;20;16;17;10;14;1;13;-7;13;-16;13;-22;-121;0;-10;-10;-10;-10;-10;-10;-9;-9;-8;-8;-7;-8;-6;-7;-5;-7;-4;-7;-4;-7;-4;-7;-4;-6;-4;-5;-3;-5;-2;-4;-1;-5;-1;-5;-2;-4;-2;-4;-2;-3;-1;-3;-1;-2;0;-2;0;-3;0;-3;-1;-3;-1;-3;-2;-2;-1;-1;-1;-1;0;0;0;-1;0;-1;-2;1;-6;3;-15;8;-16;8;-16;7;-17;6;-17;5;-17;4;-17;3;-18;2;-19;1;-20;0;-20;0;-19;-1;-18;-2;-18;-3;-18;-4;-18;-5;-18;-6;-18;-6;-17;-5;-16;-5;-16;-6;-15;-7;-15;-8;-15;-8;-15;-9;-15;-8;-14;-8;-13;-8;-121;0;17;-24;17;-23;15;-23;14;-23;12;-23;11;-23;10;-23;9;-22;7;-22;6;-21;4;-20;3;-20;2;-20;1;-20;1;-20;0;-20;0;-20;-1;-19;-1;-19;-1;-19;-2;-19;-2;-18;-2;-18;-2;-18;-2;-18;-2;-18;-1;-18;-1;-17;-1;-7;0;-2;0;0;-2;0;-1;0;1;-1;5;-3;15;-7;15;-7;15;-7;16;-7;17;-8;17;-8;18;-8;18;-8;18;-9;19;-9;19;-10;20;-11;20;-11;21;-11;21;-11;20;-11;20;-12;19;-13;19;-14;20;-16;20;-17;20;-18;20;-19;20;-20;19;-21;19;-22;18;-23;18;-24,empty,EXP_S141,ZONE_02,entree_zone,4.1,entree_zone,entree dans la zone
1921782597,-54,6,a0:9f:7a:73:2b:3e,384,-110;-96;8;0;37;-7;37;-7;36;-6;32;-6;28;-6;23;-7;18;-8;13;-10;8;-13;4;-15;1;-18;-2;-20;-4;-22;-5;-23;-5;-23;-6;-22;-7;-21;-8;-20;-9;-18;-9;-16;-10;-13;-11;-11;-13;-9;-14;-8;-15;-6;-4;-2;0;0;0;0;0;0;0;0;0;0;0;0;0;0;0;0;0;0;-7;4;-27;15;-30;13;-33;9;-33;5;-32;1;-28;-2;-22;-4;-15;-3;-8;-1;-1;3;4;9;8;16;10;23;10;30;9;34;6;37;4;38;2;37;0;35;0;30;1;24;4;17;8;11;13;4;19;-1;24;-4;-128;0;4;-12;4;-12;5;-11;4;-10;4;-9;4;-8;4;-7;4;-6;4;-6;4;-5;4;-5;3;-5;3;-4;3;-3;3;-3;3;-2;3;-2;3;-2;2;-2;2;-2;1;-2;1;-1;1;-1;1;-1;1;-1;1;-1;1;-2;1;-2;0;-1;0;-1;-1;0;0;0;0;0;-2;-1;-5;-3;-13;-9;-13;-10;-13;-11;-12;-12;-12;-12;-11;-13;-10;-14;-9;-15;-9;-16;-8;-16;-8;-17;-7;-17;-6;-17;-5;-17;-4;-17;-3;-17;-2;-17;-2;-17;-2;-16;-1;-16;0;-15;0;-15;1;-15;2;-16;2;-16;2;-15;2;-15;2;-14;-128;0;26;8;25;7;25;6;24;5;23;3;23;3;22;2;22;1;21;0;20;0;19;-1;18;-2;18;-3;18;-4;18;-4;17;-5;17;-5;17;-5;17;-5;16;-6;16;-6;16;-6;15;-6;15;-6;15;-6;15;-5;15;-5;15;-4;5;-2;1;-1;-1;0;-1;-1;-1;-1;1;1;4;3;11;11;11;11;11;11;11;11;12;11;12;12;12;12;13;13;13;13;13;13;14;13;15;13;15;13;15;13;16;13;16;13;17;13;17;12;18;12;19;12;20;11;21;11;22;11;23;10;24;10;25;9;26;9;26;8,empty,EXP_S141,ZONE_02,entree_zone,4.1,entree_zone,entree dans la zone
1921982547,-55,6,a0:9f:7a:73:2b:3e,384,-110;-96;8;0;21;33;21;34;20;33;18;31;17;26;16;21;15;15;15;9;15;4;16;-2;16;-6;17;-10;18;-13;18;-15;18;-16;17;-16;16;-17;14;-17;12;-17;9;-17;6;-17;4;-17;2;-16;-1;-17;-2;-17;-1;-5;0;0;0;0;0;0;0;0;0;0;0;0;0;0;0;0;0;0;-6;-6;-22;-26;-20;-30;-17;-33;-13;-35;-9;-34;-5;-31;-2;-25;0;-18;-1;-10;-4;-1;-8;6;-14;12;-21;17;-28;19;-34;20;-38;18;-40;16;-40;14;-38;11;-33;9;-27;9;-19;9;-11;11;-3;13;5;17;11;21;123;0;12;-3;12;-3;12;-3;11;-3;10;-2;9;-2;8;-1;7;-1;7;0;6;0;6;0;5;0;5;0;4;0;3;0;3;1;3;1;3;1;3;0;2;0;2;0;1;0;1;0;1;0;1;0;1;0;1;0;1;0;0;0;0;-1;-1;-1;-1;1;-1;0;0;-2;0;-7;2;-18;3;-18;4;-18;5;-18;6;-17;7;-17;8;-17;9;-17;10;-17;11;-16;12;-16;12;-15;13;-14;13;-13;13;-12;14;-12;14;-11;14;-11;14;-11;14;-10;14;-9;14;-8;14;-8;15;-8;15;-7;14;-7;14;-7;13;-6;123;0;6;28;6;27;7;26;8;25;8;24;9;23;10;22;10;21;10;19;11;18;11;17;12;16;12;15;13;14;13;14;13;13;14;13;14;12;14;11;14;11;14;11;14;10;14;10;14;10;14;10;13;10;13;10;12;11;4;4;1;1;-1;-1;0;-2;0;-1;-1;1;-2;5;-6;16;-6;16;-7;16;-7;16;-7;16;-7;17;-7;18;-7;18;-7;19;-7;19;-7;20;-7;21;-7;21;-6;22;-6;22;-6;22;-5;22;-4;23;-3;23;-2;24;-2;25;-1;26;0;27;1;27;2;28;3;28;4;28;5;29,empty,EXP_S141,ZONE_02,entree_zone,4.1,entree_zone,entree dans la zone
1922186231,-55,6,a0:9f:7a:73:2b:3e,384,-110;-96;8;0;0;40;-1;41;-2;39;-2;36;-1;31;1;26;4;21;7;16;10;11;14;7;17;4;20;1;22;-1;23;-2;24;-3;24;-4;23;-5;21;-6;19;-7;17;-8;15;-10;12;-11;10;-12;9;-14;7;-15;1;-4;0;0;0;0;0;0;0;0;0;0;0;0;0;0;0;0;0;0;-2;-9;-7;-34;-4;-36;1;-37;5;-37;9;-34;11;-29;10;-22;8;-15;3;-8;-3;-3;-11;1;-20;3;-28;3;-35;2;-40;-1;-42;-4;-43;-7;-41;-9;-38;-10;-33;-9;-28;-6;-21;-2;-14;4;-9;10;-5;18;-2;24;125;0;13;3;12;4;12;4;11;3;10;3;9;3;8;3;7;4;6;4;6;4;6;4;5;3;4;3;3;2;3;3;2;3;2;3;2;3;2;3;2;2;1;2;1;1;0;2;0;2;0;2;1;2;1;2;1;1;0;0;0;0;-1;-1;-1;0;-1;0;0;-2;2;-6;7;-16;8;-16;8;-16;9;-15;10;-15;11;-14;12;-13;13;-13;14;-12;15;-12;16;-11;16;-10;16;-9;16;-8;16;-6;17;-5;17;-5;18;-5;17;-5;17;-4;16;-3;16;-2;16;-1;17;-1;17;0;17;0;16;0;15;0;125;0;-7;28;-6;27;-6;27;-5;26;-3;25;-2;25;-1;24;-1;23;0;22;1;21;2;20;3;20;3;19;4;19;5;19;5;19;5;18;5;18;6;18;6;17;6;17;6;17;6;16;6;16;5;16;5;16;4;16;4;16;1;6;0;1;-1;-1;0;-1;0;-1;-2;1;-4;5;-10;14;-10;14;-10;14;-11;14;-11;14;-12;15;-12;16;-13;16;-13;16;-13;17;-13;17;-13;18;-13;18;-14;19;-14;19;-14;19;-13;19;-12;20;-12;21;-11;22;-11;23;-11;24;-11;25;-10;26;-9;26;-8;27;-8;28;-7;29,empty,EXP_S141,ZONE_02,entree_zone,4.1,entree_zone,entree dans la zone
1922389114,-54,6,a0:9f:7a:73:2b:3e,384,-110;-96;8;0;20;34;20;34;18;33;17;30;15;26;14;21;14;15;14;9;14;3;15;-1;17;-5;18;-9;20;-11;20;-13;20;-14;20;-14;19;-14;17;-14;15;-15;12;-15;10;-15;7;-15;5;-16;3;-16;1;-17;0;-5;0;0;0;0;0;0;0;0;0;0;0;0;0;0;0;0;0;0;-7;-5;-25;-20;-24;-24;-22;-28;-18;-30;-14;-29;-10;-27;-6;-22;-4;-15;-3;-8;-5;0;-8;8;-13;14;-19;18;-26;21;-31;22;-35;20;-37;18;-36;15;-34;13;-30;11;-24;10;-16;10;-8;11;0;13;7;18;12;21;-122;0;12;-2;12;-2;12;-2;12;-2;10;-2;9;-1;8;-1;7;0;7;1;7;1;7;1;6;0;5;0;4;0;3;1;3;2;3;2;3;2;3;1;3;1;2;1;1;1;1;1;1;1;1;1;1;1;2;1;2;0;0;0;0;-1;-1;-1;0;0;-1;0;-1;-2;-1;-6;-1;-16;0;-16;1;-17;2;-17;2;-17;4;-16;5;-16;6;-16;8;-16;8;-16;9;-16;9;-15;10;-14;11;-13;12;-12;12;-11;13;-11;13;-11;13;-11;12;-10;12;-9;13;-8;14;-8;14;-7;14;-7;14;-7;13;-7;13;-6;-122;0;7;27;7;26;8;25;8;24;9;23;9;22;10;21;10;20;11;19;11;18;11;17;12;16;12;15;12;15;13;14;13;14;13;14;13;13;13;13;13;13;13;12;13;12;12;12;12;12;12;12;11;12;11;13;10;13;3;4;1;1;-1;-1;0;-2;0;-1;-1;1;-1;6;-2;16;-3;16;-3;16;-3;16;-3;17;-3;18;-4;18;-4;19;-4;19;-4;19;-3;20;-3;21;-3;21;-3;22;-3;22;-3;21;-2;21;-1;22;0;23;1;24;1;24;2;25;2;26;3;26;4;26;5;26;6;27;7;27,empty,EXP_S141,ZONE_02,entree_zone,4.1,entree_zone,entree dans la zone
1922584958,-54,6,a0:9f:7a:73:2b:3e,384,-110;-96;8;0;41;4;41;4;39;5;36;4;31;2;26;0;20;-3;15;-7;10;-11;6;-15;3;-18;0;-21;-2;-23;-4;-25;-5;-26;-6;-25;-6;-24;-7;-22;-8;-20;-10;-18;-11;-15;-12;-12;-14;-10;-15;-7;-15;-6;-4;-2;0;0;0;0;0;0;0;0;0;0;0;0;0;0;0;0;0;0;-9;-2;-33;-10;-33;-13;-33;-18;-30;-21;-26;-23;-21;-22;-15;-19;-9;-14;-5;-6;-2;2;-1;11;-2;20;-4;28;-8;34;-12;37;-15;39;-18;39;-19;36;-19;32;-16;28;-12;22;-6;17;1;12;10;7;18;4;25;3;120;0;7;-13;7;-13;7;-12;6;-12;6;-11;5;-9;5;-8;5;-7;6;-6;6;-6;5;-6;4;-6;4;-5;3;-4;3;-3;4;-3;4;-3;4;-3;3;-3;3;-3;2;-3;2;-2;1;-2;2;-1;2;-2;2;-2;2;-2;1;-2;0;-1;0;-1;-1;0;0;0;0;0;-2;-2;-5;-5;-12;-13;-12;-14;-11;-15;-11;-15;-10;-16;-9;-16;-8;-17;-7;-18;-6;-19;-5;-20;-5;-20;-4;-20;-3;-20;-2;-20;0;-20;0;-20;1;-20;1;-20;1;-19;2;-18;2;-18;3;-17;4;-17;5;-18;5;-18;5;-17;5;-17;5;-16;120;0;26;11;26;10;25;9;25;7;25;6;24;5;24;4;23;3;22;2;22;1;21;0;20;-1;20;-2;20;-3;20;-3;19;-4;19;-4;19;-5;18;-5;18;-5;18;-5;17;-5;17;-5;17;-5;16;-5;16;-5;16;-4;17;-4;6;-2;1;-1;-1;0;-1;-1;-1;-1;1;1;3;4;9;13;9;13;9;13;9;14;10;14;10;15;10;15;10;16;10;16;11;16;12;16;12;16;13;16;13;17;14;17;14;16;14;16;15;15;17;15;18;15;20;15;21;15;21;15;22;14;23;13;24;13;26;12;26;12,empty,EXP_S141,ZONE_02,entree_zone,4.1,entree_zone,entree dans la zone
1922788617,-54,6,a0:9f:7a:73:2b:3e,384,-110;-96;8;0;-39;9;-39;8;-38;7;-34;6;-30;6;-24;7;-19;8;-13;10;-8;12;-4;14;0;17;2;19;5;21;6;22;7;22;8;22;8;21;9;19;9;17;10;15;11;12;11;10;12;7;13;5;14;4;3;1;0;0;0;0;0;0;0;0;0;0;0;0;0;0;0;0;0;0;6;-4;28;-13;31;-10;33;-7;33;-3;31;1;27;4;21;5;14;4;7;0;0;-5;-5;-11;-8;-18;-10;-25;-10;-31;-9;-36;-6;-39;-4;-40;-1;-39;0;-36;0;-31;-1;-25;-4;-18;-8;-11;-13;-4;-19;1;-24;4;123;0;-4;12;-4;12;-5;11;-4;11;-4;9;-4;8;-4;7;-5;6;-5;6;-5;5;-4;5;-4;5;-4;4;-3;3;-4;3;-4;2;-4;2;-4;2;-3;2;-3;2;-3;1;-2;1;-2;1;-3;1;-3;1;-2;1;-2;1;-2;1;-1;0;-1;0;0;-1;-1;-1;-1;-1;1;0;5;2;13;6;13;7;13;8;12;9;12;10;11;11;10;12;10;13;9;14;9;15;8;15;8;15;7;15;6;15;5;15;4;16;3;16;3;16;2;16;2;16;1;15;0;15;0;15;-1;15;-1;15;-1;15;-1;15;-1;14;123;0;-28;-5;-27;-4;-27;-3;-26;-2;-25;-1;-24;0;-24;0;-23;1;-22;2;-21;2;-20;3;-20;4;-20;5;-19;5;-19;6;-19;6;-18;6;-18;6;-17;6;-17;6;-17;6;-16;7;-16;7;-16;7;-16;6;-16;6;-16;5;-16;5;-6;1;-2;0;0;-1;0;0;0;0;-2;-1;-5;-4;-14;-10;-14;-10;-14;-10;-14;-10;-14;-11;-14;-11;-15;-12;-15;-12;-15;-12;-16;-12;-17;-12;-17;-12;-18;-12;-18;-12;-18;-12;-19;-12;-19;-12;-20;-11;-20;-10;-21;-10;-23;-10;-24;-9;-24;-9;-25;-8;-26;-7;-27;-6;-28;-6;-28;-5,empty,EXP_S141,ZONE_02,entree_zone,4.1,entree_zone,entree dans la zone
1922982457,-54,6,a0:9f:7a:73:2b:3e,384,-110;-96;8;0;35;-16;36;-15;34;-14;31;-13;26;-12;21;-12;16;-12;10;-13;4;-14;-1;-15;-5;-17;-9;-18;-11;-19;-13;-20;-14;-20;-14;-19;-15;-18;-15;-16;-15;-14;-15;-12;-15;-9;-15;-6;-15;-4;-15;-1;-15;0;-4;0;0;0;0;0;0;0;0;0;0;0;0;0;0;0;0;0;0;0;-7;3;-29;11;-32;9;-34;5;-34;1;-32;-3;-27;-5;-21;-6;-14;-5;-7;-2;0;3;5;9;9;16;11;23;11;29;10;34;8;37;6;38;4;37;2;34;1;29;2;23;4;16;7;8;12;1;17;-6;22;-10;-122;0;1;-14;1;-14;1;-13;2;-12;2;-11;2;-10;2;-9;2;-8;3;-8;3;-7;2;-7;2;-6;2;-6;2;-5;2;-5;2;-4;2;-4;2;-4;2;-4;1;-3;1;-3;1;-3;1;-2;1;-2;1;-2;1;-2;1;-2;1;-2;0;-1;0;-1;-1;0;0;0;0;0;-2;-1;-6;-2;-15;-5;-15;-6;-15;-8;-15;-9;-14;-10;-14;-10;-13;-11;-13;-12;-13;-13;-12;-14;-12;-15;-11;-15;-10;-16;-9;-16;-8;-16;-7;-16;-7;-17;-6;-17;-6;-16;-5;-16;-5;-16;-4;-16;-3;-16;-3;-17;-2;-17;-2;-16;-2;-16;-1;-16;-122;0;26;-1;26;-1;25;-2;24;-3;23;-4;23;-5;22;-5;21;-6;20;-6;19;-7;18;-8;17;-8;17;-9;16;-9;16;-10;16;-10;15;-10;15;-10;14;-10;14;-11;14;-11;14;-11;13;-10;13;-10;13;-10;13;-9;13;-9;13;-8;5;-3;1;-1;-1;0;-1;-1;-1;-1;1;0;5;2;13;7;13;7;13;8;14;8;14;8;14;8;15;8;15;8;16;8;16;8;17;8;17;8;18;8;18;8;18;8;18;8;19;7;19;7;20;6;21;6;22;5;23;4;24;4;24;3;25;2;26;1;26;1;27;0,empty,EXP_S141,ZONE_02,entree_zone,4.1,entree_zone,entree dans la zone
1923182369,-55,6,a0:9f:7a:73:2b:3e,384,-110;-96;8;0;-21;-31;-21;-32;-20;-31;-18;-28;-16;-25;-15;-20;-14;-14;-14;-8;-14;-3;-14;2;-15;7;-15;10;-16;13;-16;15;-15;16;-15;17;-14;17;-12;17;-10;17;-8;16;-5;15;-2;15;0;14;2;14;3;14;1;3;0;0;0;0;0;0;0;0;0;0;0;0;0;0;0;0;0;0;3;6;13;27;11;30;7;32;4;32;0;30;-3;27;-4;21;-4;14;-2;7;2;0;7;-6;14;-11;20;-14;27;-15;32;-15;35;-13;36;-11;36;-9;34;-7;29;-6;23;-5;16;-6;8;-9;0;-12;-7;-16;-11;-19;-128;0;-13;2;-13;2;-13;1;-12;1;-11;1;-10;1;-9;0;-8;0;-8;-1;-8;-1;-7;-1;-7;-1;-6;-1;-5;-1;-5;-1;-5;-2;-4;-2;-4;-2;-4;-1;-4;-1;-3;-1;-3;-1;-3;-1;-2;-1;-3;-1;-3;-1;-3;-1;-3;0;-1;0;-1;0;0;0;0;-1;0;-1;-1;1;-1;5;-3;14;-4;14;-5;15;-6;14;-7;14;-7;14;-8;14;-10;13;-11;13;-11;13;-12;13;-12;13;-13;12;-13;11;-14;10;-14;9;-15;9;-15;9;-15;9;-14;8;-14;7;-14;7;-15;6;-15;6;-15;6;-15;6;-15;5;-14;5;-128;0;-7;-26;-7;-25;-8;-24;-8;-23;-9;-22;-10;-21;-10;-20;-11;-19;-11;-18;-12;-17;-12;-15;-13;-14;-13;-14;-14;-13;-14;-13;-14;-13;-14;-12;-14;-12;-14;-11;-14;-11;-14;-10;-14;-10;-14;-10;-14;-10;-14;-10;-14;-10;-13;-10;-13;-11;-5;-4;-2;-2;0;0;-1;0;-1;0;0;-2;1;-6;5;-15;5;-15;5;-15;5;-15;6;-16;6;-16;6;-17;6;-17;6;-18;6;-18;5;-19;5;-19;5;-20;5;-20;5;-20;5;-20;4;-21;3;-21;2;-22;1;-22;0;-23;0;-24;-1;-25;-2;-25;-3;-25;-4;-26;-5;-26;-6;-26,empty,EXP_S141,ZONE_02,entree_zone,4.1,entree_zone,entree dans la zone
1923387628,-54,6,a0:9f:7a:73:2b:3e,384,-110;-96;8;0;36;7;38;9;37;10;35;10;32;10;28;8;24;5;20;2;16;-2;12;-7;10;-11;8;-15;7;-18;6;-20;6;-22;5;-23;5;-24;5;-23;4;-22;3;-21;2;-20;0;-18;-2;-16;-4;-15;-5;-15;-2;-4;0;0;0;0;0;0;0;0;0;0;0;0;0;0;0;0;0;0;-8;2;-31;10;-34;8;-36;4;-36;1;-34;-3;-30;-5;-25;-6;-19;-4;-13;-1;-7;4;-3;10;0;18;1;25;0;32;-3;37;-6;40;-9;41;-11;41;-12;38;-12;34;-11;29;-7;24;-2;19;5;14;12;10;18;7;-119;0;3;-14;3;-14;3;-13;3;-12;3;-11;3;-10;3;-9;3;-9;3;-8;3;-8;3;-7;3;-7;3;-6;2;-6;2;-5;2;-5;2;-4;2;-4;2;-4;2;-4;2;-3;1;-3;1;-3;1;-3;1;-3;1;-3;1;-3;1;-3;0;-1;0;-1;-1;0;0;0;0;0;-2;-1;-4;-4;-11;-10;-11;-10;-11;-11;-10;-12;-10;-12;-9;-13;-9;-14;-8;-14;-8;-15;-7;-16;-7;-16;-6;-17;-5;-17;-4;-17;-3;-17;-2;-17;-2;-17;-2;-17;-1;-17;-1;-17;-1;-16;0;-16;0;-17;1;-17;1;-17;1;-17;1;-16;2;-16;-119;0;24;16;23;15;23;14;22;13;22;11;22;10;21;9;21;8;21;7;20;6;19;5;19;4;19;3;19;2;19;2;19;2;18;1;18;1;18;0;18;0;17;0;17;0;17;0;16;0;16;1;16;1;16;2;16;2;5;1;1;0;-1;-1;-1;-1;-1;-1;1;1;4;4;13;12;13;13;12;13;12;14;12;15;13;15;13;16;13;16;14;17;14;17;14;18;14;18;14;19;14;19;15;19;15;19;15;19;16;19;16;19;17;19;18;18;19;18;20;18;21;18;22;18;23;17;23;17;24;17,empty,EXP_S141,ZONE_02,entree_zone,4.1,entree_zone,entree dans la zone
1923582863,-54,6,a0:9f:7a:73:2b:3e,384,-110;-96;8;0;-33;4;-35;5;-36;5;-34;5;-32;5;-29;5;-25;5;-20;6;-15;7;-11;9;-6;10;-2;11;2;12;6;13;9;14;11;15;13;15;14;15;14;15;14;14;14;13;13;11;12;9;11;7;10;5;2;1;0;0;0;0;0;0;0;0;0;0;0;0;0;0;0;0;0;0;6;2;26;10;26;13;25;17;22;19;19;20;15;19;10;16;6;12;2;5;0;-2;-1;-9;-1;-17;1;-24;3;-29;6;-33;9;-36;12;-36;13;-36;13;-34;13;-30;10;-25;7;-20;2;-15;-4;-10;-10;-5;-15;-2;126;0;-1;13;-1;13;-1;12;-1;12;-1;11;-1;10;0;9;-1;8;-1;8;-1;7;0;7;0;7;0;6;0;6;0;5;0;5;0;5;0;5;0;5;0;5;0;5;0;4;0;4;0;4;0;4;0;4;-1;4;-1;4;-1;1;-1;0;-1;-1;-1;-1;-1;-1;1;1;4;3;11;10;10;11;10;11;9;12;8;13;8;13;7;14;7;15;6;15;6;16;5;16;5;16;4;16;3;16;3;16;2;16;2;16;2;16;2;16;1;16;1;16;1;15;0;15;0;15;0;15;0;15;1;15;1;15;126;0;-23;-12;-23;-12;-22;-11;-22;-10;-21;-9;-21;-8;-20;-7;-20;-6;-19;-5;-18;-4;-18;-3;-18;-3;-18;-2;-18;-2;-17;-1;-17;-1;-17;-1;-17;-1;-16;-1;-16;0;-16;0;-15;0;-15;0;-15;0;-14;0;-14;-1;-14;-1;-14;-2;-5;-1;-2;-1;0;-1;0;0;0;0;-2;-1;-4;-4;-10;-10;-10;-10;-10;-10;-10;-11;-10;-11;-10;-12;-11;-12;-11;-12;-12;-13;-12;-13;-13;-13;-13;-14;-13;-14;-14;-14;-14;-15;-14;-15;-14;-14;-15;-14;-16;-14;-17;-14;-18;-14;-19;-14;-19;-14;-20;-13;-21;-13;-22;-13;-22;-12;-23;-12,empty,EXP_S141,ZONE_02,entree_zone,4.1,entree_zone,entree dans la zone
1923782013,-55,6,a0:9f:7a:73:2b:3e,384,-110;-96;8;0;28;-23;29;-23;29;-22;27;-21;24;-20;20;-19;15;-18;10;-17;5;-18;0;-18;-5;-19;-8;-20;-11;-20;-14;-21;-16;-22;-17;-22;-18;-22;-19;-21;-19;-20;-19;-19;-19;-17;-19;-15;-19;-13;-19;-11;-19;-9;-5;-3;0;0;0;0;0;0;0;0;0;0;0;0;0;0;0;0;0;0;-5;6;-18;24;-21;23;-25;21;-27;17;-27;12;-25;8;-21;5;-15;2;-7;1;0;2;7;4;13;9;18;14;21;20;21;25;21;28;19;30;16;31;14;29;12;26;10;21;9;14;10;6;11;-1;14;-8;17;-13;-121;0;-11;-22;-10;-22;-10;-22;-10;-20;-9;-19;-8;-16;-6;-15;-5;-14;-4;-14;-4;-13;-4;-13;-4;-12;-4;-10;-4;-9;-3;-8;-2;-8;-2;-8;-3;-8;-3;-8;-4;-8;-4;-7;-3;-6;-2;-6;-2;-6;-1;-6;-1;-7;-1;-8;-2;-8;-1;-3;-1;-1;0;0;1;-1;0;0;-4;0;-12;-1;-31;-2;-32;-3;-32;-5;-32;-6;-31;-8;-31;-9;-31;-11;-31;-14;-31;-16;-31;-17;-30;-18;-29;-19;-28;-20;-26;-21;-24;-22;-24;-23;-24;-24;-23;-24;-23;-24;-21;-23;-20;-23;-19;-24;-18;-24;-18;-25;-18;-26;-17;-25;-17;-25;-16;-24;-121;0;48;-21;47;-22;46;-23;44;-25;42;-27;40;-28;38;-29;36;-29;34;-30;32;-30;30;-31;29;-33;28;-34;28;-35;28;-36;28;-36;28;-37;28;-37;28;-37;28;-37;28;-36;29;-36;29;-35;29;-34;30;-33;32;-31;33;-29;34;-28;12;-10;4;-3;-2;1;-2;-1;-1;-1;3;0;11;1;30;4;30;4;30;5;30;5;31;5;32;6;32;6;33;6;33;6;34;5;35;4;36;4;37;3;37;3;37;3;37;2;38;1;38;-1;39;-3;41;-5;43;-7;44;-9;45;-10;45;-12;46;-15;47;-17;47;-19;48;-20,empty,EXP_S141,ZONE_02,entree_zone,4.1,entree_zone,entree dans la zone
1923983040,-56,6,a0:9f:7a:73:2b:3e,384,-110;-96;8;0;8;-38;9;-37;9;-34;8;-30;6;-26;3;-22;-1;-19;-6;-16;-10;-14;-14;-14;-18;-13;-20;-14;-22;-14;-23;-14;-24;-15;-23;-15;-23;-14;-21;-13;-21;-12;-20;-10;-19;-8;-18;-5;-18;-3;-18;-2;-18;-1;-5;0;0;0;0;0;0;0;0;0;0;0;0;0;0;0;0;0;0;0;6;4;23;19;21;22;18;24;14;25;10;24;6;20;4;15;4;9;5;3;9;-3;14;-7;20;-10;25;-10;30;-9;33;-7;34;-5;34;-2;32;0;28;1;23;0;18;-2;13;-6;9;-12;5;-18;3;-24;3;-29;-120;0;-8;-9;-8;-9;-8;-9;-7;-8;-6;-8;-5;-7;-4;-7;-3;-7;-3;-7;-3;-7;-3;-7;-3;-6;-3;-6;-2;-5;-1;-5;-1;-5;-1;-5;-1;-5;-2;-5;-2;-4;-1;-4;-1;-3;0;-3;0;-4;0;-4;-1;-4;-1;-4;-1;-4;-1;-2;-1;-1;0;0;0;-1;0;-1;-1;1;-3;3;-9;10;-10;9;-10;9;-11;8;-11;7;-12;6;-13;5;-14;4;-14;4;-15;3;-15;2;-14;2;-14;1;-14;-1;-14;-2;-14;-2;-14;-3;-14;-3;-14;-3;-13;-4;-12;-5;-12;-6;-12;-7;-12;-7;-12;-7;-11;-7;-11;-7;-10;-7;-120;0;8;-26;7;-26;6;-26;5;-25;5;-25;4;-25;3;-24;3;-24;2;-23;1;-22;0;-22;-1;-22;-1;-22;-1;-22;-2;-22;-2;-22;-2;-22;-1;-22;-1;-22;-1;-22;-1;-22;-1;-21;0;-21;0;-21;1;-20;2;-20;3;-20;4;-20;1;-7;0;-3;-1;0;-1;0;-1;0;0;-2;2;-6;7;-15;8;-15;8;-15;9;-15;9;-15;10;-15;10;-15;11;-15;11;-16;11;-16;11;-16;11;-17;12;-17;12;-17;12;-17;12;-17;11;-17;11;-18;11;-19;10;-20;10;-21;10;-22;10;-22;9;-23;9;-24;9;-25;8;-26;8;-27,empty,EXP_S141,ZONE_02,entree_zone,4.1,entree_zone,entree dans la zone
1924183128,-58,6,a0:9f:7a:73:2b:3e,384,-110;-96;8;0;-29;-14;-29;-14;-28;-14;-27;-11;-24;-8;-22;-5;-20;-1;-17;2;-15;6;-13;10;-11;13;-9;15;-7;17;-5;19;-3;20;-1;22;0;22;2;22;4;22;6;21;7;20;8;19;9;18;10;16;11;15;2;3;0;0;0;0;0;0;0;0;0;0;0;0;0;0;0;0;0;0;5;4;22;17;21;20;18;24;14;26;10;26;5;24;1;20;-2;13;-3;6;-3;-2;0;-9;4;-16;8;-21;13;-24;18;-26;21;-26;23;-25;23;-23;22;-20;19;-17;14;-14;8;-12;2;-11;-5;-10;-12;-10;-17;-11;-125;0;-14;13;-14;13;-14;13;-12;12;-10;11;-8;9;-7;7;-7;5;-7;4;-7;4;-6;4;-4;4;-3;4;-2;3;-2;2;-2;2;-3;2;-3;3;-3;4;-2;4;-1;4;0;3;0;2;-1;1;-2;2;-3;3;-3;4;-3;4;-1;1;-1;0;0;-1;-1;-2;-1;-2;1;3;4;11;13;31;11;32;9;33;7;34;5;34;3;34;1;34;-2;35;-4;35;-5;36;-6;35;-7;35;-8;33;-10;32;-12;30;-13;30;-14;29;-14;29;-13;28;-13;26;-14;24;-15;23;-16;22;-16;22;-16;22;-15;21;-14;20;-13;19;-125;0;-36;-32;-36;-31;-36;-28;-36;-26;-36;-23;-37;-21;-37;-19;-36;-17;-36;-14;-36;-12;-36;-9;-37;-7;-38;-6;-39;-5;-39;-4;-40;-4;-40;-3;-41;-3;-41;-3;-41;-3;-41;-3;-41;-3;-41;-3;-41;-4;-41;-5;-41;-7;-41;-9;-41;-11;-15;-4;-5;-2;1;0;0;1;0;0;-1;-3;-1;-10;-3;-26;-3;-26;-3;-26;-3;-26;-4;-26;-4;-27;-4;-28;-4;-28;-5;-28;-6;-28;-7;-28;-9;-29;-10;-30;-11;-31;-11;-31;-12;-31;-13;-31;-15;-31;-17;-31;-20;-32;-22;-33;-24;-33;-25;-34;-27;-33;-29;-33;-31;-33;-34;-33;-35;-33,empty,EXP_S141,ZONE_02,entree_zone,4.1,entree_zone,entree dans la zone
1924389050,-55,6,a0:9f:7a:73:2b:3e,384,-110;-96;8;0;8;32;8;34;9;34;9;32;10;29;10;24;10;19;9;12;8;6;7;-1;6;-7;4;-13;2;-18;0;-23;-2;-28;-3;-31;-5;-33;-6;-33;-7;-33;-8;-31;-9;-28;-9;-24;-10;-19;-11;-14;-11;-10;-3;-3;0;0;0;0;0;0;0;0;0;0;0;0;0;0;0;0;0;0;5;4;23;18;23;21;22;24;20;25;17;25;13;24;9;20;4;16;0;10;-4;2;-8;-5;-10;-13;-11;-20;-12;-26;-12;-31;-11;-34;-11;-35;-9;-35;-8;-33;-7;-29;-5;-24;-3;-17;-1;-9;1;-1;3;7;4;13;108;0;16;6;16;6;16;6;15;5;14;4;13;3;12;3;11;3;11;3;11;3;11;2;11;2;11;1;10;1;10;1;9;1;10;2;10;2;10;2;10;2;10;2;9;2;8;2;8;3;8;3;8;4;8;5;9;5;3;1;1;0;-1;-1;-1;0;-1;0;1;-1;5;-3;15;-8;16;-7;16;-7;17;-6;17;-5;17;-4;18;-3;18;-2;19;-1;20;0;20;0;20;1;19;2;19;2;19;3;19;4;19;5;19;5;19;5;18;5;18;5;17;5;18;6;18;6;18;6;18;6;18;5;18;5;108;0;-11;16;-10;16;-9;16;-7;16;-6;17;-5;18;-4;18;-3;18;-3;18;-2;18;-1;18;0;18;1;19;2;19;2;20;2;21;2;21;2;21;1;21;1;21;1;21;1;21;1;21;0;21;-1;21;-2;21;-3;20;-4;20;-2;7;-1;2;0;-1;0;-1;0;-1;-2;0;-5;1;-14;3;-14;3;-13;3;-14;3;-14;3;-15;3;-15;3;-15;2;-15;2;-15;2;-15;3;-15;4;-16;4;-16;4;-16;4;-16;4;-15;4;-14;5;-14;7;-14;8;-14;9;-15;10;-14;10;-14;11;-13;12;-12;13;-11;14;-11;15,empty,EXP_S141,ZONE_02,entree_zone,4.1,entree_zone,entree dans la zone
1924584631,-54,6,a0:9f:7a:73:2b:3e,384,-110;-96;8;0;-32;4;-33;3;-31;3;-29;2;-26;2;-22;2;-18;3;-14;4;-10;6;-6;8;-3;11;0;13;2;16;4;18;5;21;5;22;5;23;4;23;3;22;2;21;2;18;2;16;3;13;4;11;5;9;1;2;0;0;0;0;0;0;0;0;0;0;0;0;0;0;0;0;0;0;4;-5;20;-19;22;-17;22;-13;21;-10;19;-7;15;-5;10;-5;4;-6;-1;-9;-5;-12;-9;-17;-10;-22;-11;-26;-10;-31;-8;-33;-6;-34;-4;-33;-2;-31;-2;-28;-2;-24;-3;-19;-5;-14;-9;-9;-13;-4;-18;-1;-22;2;-115;0;-6;9;-6;9;-6;8;-5;8;-5;8;-4;7;-4;7;-4;6;-4;6;-4;6;-3;6;-3;6;-3;6;-3;6;-3;5;-3;5;-3;5;-3;5;-3;6;-3;5;-3;5;-3;5;-3;5;-3;4;-4;4;-4;4;-4;4;-5;4;-2;1;-1;0;0;-1;-1;-1;-1;-1;0;1;2;3;5;10;5;10;4;11;3;11;2;11;1;12;0;12;0;12;-1;13;-1;13;-2;12;-2;12;-3;12;-4;11;-4;11;-5;11;-5;11;-5;11;-5;11;-5;10;-5;10;-5;10;-6;10;-6;10;-6;10;-5;10;-5;10;-5;10;-115;0;-21;-10;-21;-10;-20;-9;-20;-8;-19;-6;-19;-5;-19;-4;-18;-3;-18;-3;-17;-2;-17;-1;-17;-1;-17;0;-17;1;-18;1;-18;1;-18;1;-18;1;-18;1;-17;1;-17;2;-17;1;-17;1;-17;1;-17;0;-16;-1;-16;-1;-16;-1;-6;-1;-2;-1;0;-1;0;0;0;0;-2;-1;-5;-3;-13;-6;-13;-7;-14;-7;-14;-8;-14;-9;-14;-9;-15;-10;-15;-11;-15;-11;-16;-12;-16;-12;-16;-13;-16;-13;-16;-14;-16;-14;-16;-14;-16;-14;-16;-14;-17;-14;-17;-13;-18;-13;-19;-13;-19;-13;-20;-12;-20;-12;-21;-12;-21;-12;-22;-12,empty,EXP_S141,ZONE_02,entree_zone,4.1,entree_zone,entree dans la zone
1924785432,-52,6,a0:9f:7a:73:2b:3e,384,-110;-96;8;0;-9;-29;-9;-31;-8;-30;-7;-29;-6;-27;-6;-25;-7;-23;-7;-20;-8;-17;-9;-15;-11;-13;-13;-11;-14;-9;-16;-8;-17;-8;-19;-7;-20;-7;-20;-8;-20;-8;-19;-8;-19;-8;-18;-8;-16;-8;-15;-7;-15;-6;-4;-2;0;0;0;0;0;0;0;0;0;0;0;0;0;0;0;0;0;0;5;-4;24;-12;25;-10;26;-6;25;-3;23;0;19;1;15;0;12;-2;9;-6;7;-10;7;-15;8;-19;11;-23;14;-26;17;-27;20;-26;22;-24;23;-22;22;-20;20;-18;17;-16;13;-15;8;-15;3;-16;-1;-19;-4;-21;-113;0;-16;0;-16;0;-16;0;-15;0;-14;1;-12;1;-11;1;-10;1;-10;1;-9;0;-9;1;-9;1;-8;2;-7;2;-7;2;-7;2;-6;2;-6;1;-7;1;-7;1;-7;1;-7;2;-6;1;-6;1;-6;1;-6;0;-6;0;-6;0;-2;0;-1;0;0;-1;0;-2;0;-1;-1;1;-4;5;-10;16;-11;16;-12;15;-13;15;-14;14;-15;13;-16;12;-17;12;-18;12;-19;11;-19;11;-20;10;-20;8;-21;7;-21;6;-21;5;-21;4;-21;4;-21;4;-20;4;-20;3;-19;3;-20;2;-20;2;-20;2;-20;2;-19;2;-19;2;-113;0;9;-50;9;-49;8;-48;6;-47;5;-45;3;-44;2;-43;1;-42;0;-41;-1;-40;-2;-39;-3;-38;-3;-37;-4;-37;-4;-37;-4;-37;-4;-36;-4;-36;-4;-35;-3;-35;-3;-34;-3;-34;-2;-33;-2;-33;-1;-32;1;-31;2;-31;3;-30;1;-11;0;-4;-1;1;0;2;-1;0;-1;-4;-1;-12;-1;-33;0;-33;2;-33;4;-34;5;-35;7;-36;8;-37;9;-38;9;-39;10;-40;12;-40;13;-41;14;-40;15;-40;16;-40;16;-40;16;-40;15;-41;15;-42;14;-43;14;-44;13;-45;13;-46;12;-47;12;-48;11;-49;10;-50;10;-51,empty,EXP_S141,ZONE_02,entree_zone,4.1,entree_zone,entree dans la zone
1924982336,-52,6,a0:9f:7a:73:2b:3e,384,-110;-96;8;0;22;7;25;7;26;7;27;7;27;7;26;6;25;6;24;6;22;5;20;4;18;2;15;0;14;-2;12;-5;11;-7;11;-10;11;-12;12;-14;13;-15;14;-16;15;-15;16;-14;16;-13;15;-11;15;-10;3;-3;0;0;0;0;0;0;0;0;0;0;0;0;0;0;0;0;0;0;-2;6;-8;24;-11;24;-15;23;-17;20;-18;17;-17;14;-15;12;-12;10;-8;9;-3;10;1;12;4;15;7;18;8;22;8;26;7;29;5;31;4;31;3;31;2;29;1;27;2;24;3;21;5;18;9;14;11;12;-115;0;-7;-14;-6;-14;-6;-14;-7;-13;-7;-12;-8;-11;-8;-10;-8;-9;-8;-9;-8;-9;-8;-9;-8;-8;-9;-8;-10;-7;-10;-7;-10;-6;-9;-6;-9;-7;-9;-7;-8;-7;-8;-7;-8;-7;-8;-6;-8;-6;-7;-6;-7;-7;-6;-7;-5;-8;-2;-3;-1;-2;0;0;0;0;0;0;-2;-2;-5;-6;-12;-16;-12;-17;-11;-17;-11;-18;-10;-18;-9;-19;-8;-19;-7;-20;-6;-21;-6;-22;-6;-22;-6;-22;-5;-21;-4;-20;-3;-20;-3;-20;-3;-21;-3;-21;-4;-20;-4;-20;-4;-19;-4;-18;-4;-18;-4;-19;-4;-19;-5;-19;-6;-18;-6;-18;-115;0;38;30;38;29;38;27;37;25;37;23;36;21;36;19;36;18;35;16;35;15;35;13;34;12;34;10;34;9;34;9;34;8;34;8;33;9;32;9;32;8;31;8;30;8;30;7;29;7;29;8;28;9;27;10;26;11;9;4;2;1;-1;-1;-2;-2;-1;-1;2;1;8;6;23;19;22;20;22;21;22;23;22;24;22;26;22;27;22;29;22;30;22;31;23;33;23;33;23;34;23;34;23;34;23;35;23;35;24;34;25;34;26;34;28;34;29;34;31;34;32;34;34;34;35;32;37;32;38;31,empty,EXP_S141,ZONE_02,entree_zone,4.1,entree_zone,entree dans la zone
1925182277,-53,6,a0:9f:7a:73:2b:3e,384,-110;-96;8;0;22;24;23;25;22;26;21;25;19;24;18;21;16;18;15;14;14;10;13;5;13;1;13;-3;14;-7;16;-10;17;-12;19;-14;21;-14;22;-14;23;-13;22;-12;21;-10;19;-9;16;-8;13;-8;10;-8;2;-2;0;0;0;0;0;0;0;0;0;0;0;0;0;0;0;0;0;0;-8;1;-32;5;-33;2;-33;-2;-31;-5;-28;-7;-23;-7;-19;-6;-15;-3;-11;2;-9;9;-9;15;-10;20;-13;25;-16;28;-20;30;-23;30;-25;28;-25;26;-24;23;-22;20;-18;18;-13;16;-7;15;0;15;6;15;11;16;-122;0;7;-8;7;-8;7;-8;6;-8;5;-8;4;-8;4;-7;4;-7;4;-6;4;-6;4;-7;3;-7;3;-7;2;-7;2;-6;2;-6;3;-6;3;-6;4;-6;3;-7;3;-7;3;-6;3;-5;4;-5;4;-4;5;-4;5;-5;6;-5;2;-2;0;-1;-1;0;0;0;-1;0;-1;-2;0;-5;0;-13;0;-13;0;-13;1;-13;2;-12;3;-12;4;-12;5;-12;6;-13;6;-13;6;-13;6;-13;6;-12;7;-11;8;-10;9;-10;9;-11;8;-11;8;-11;7;-10;7;-10;8;-9;8;-9;8;-9;8;-10;8;-10;7;-10;7;-10;-122;0;12;23;12;22;13;20;13;19;14;18;14;17;15;16;15;15;15;14;15;13;15;12;15;11;16;10;16;10;17;10;17;9;17;9;16;9;16;9;16;8;16;8;16;8;16;8;15;8;15;8;15;9;14;9;14;10;5;3;1;1;-1;-1;-1;-2;-1;-1;0;1;2;5;7;16;7;17;6;17;6;18;5;19;5;20;4;20;4;21;4;21;4;22;4;22;4;23;3;23;3;23;2;23;2;23;3;23;4;22;5;23;6;23;6;23;7;24;7;24;8;24;9;23;10;23;11;23;12;23,transition,EXP_S141,ZONE_02,entree_zone,4.1,entree_zone,entree dans la zone
1925382603,-55,6,a0:9f:7a:73:2b:3e,384,-110;-96;8;0;35;-14;35;-13;34;-11;31;-9;28;-8;23;-8;18;-8;13;-9;9;-10;4;-13;1;-15;-2;-18;-4;-21;-5;-23;-5;-26;-4;-27;-3;-28;-2;-27;0;-26;0;-23;0;-20;-1;-17;-2;-14;-5;-12;-7;-10;-2;-3;0;0;0;0;0;0;0;0;0;0;0;0;0;0;0;0;0;0;1;8;3;32;0;32;-3;31;-6;29;-7;25;-6;21;-3;16;1;13;7;11;13;11;18;13;23;16;26;19;28;23;28;27;26;29;24;30;21;29;18;27;16;23;14;17;14;11;15;5;18;-1;22;-7;25;-10;-116;0;2;-12;2;-12;1;-12;1;-12;0;-11;0;-10;1;-9;1;-8;2;-8;2;-8;1;-9;0;-8;0;-8;0;-7;0;-7;1;-7;1;-8;1;-8;1;-8;1;-8;1;-8;1;-7;1;-7;2;-7;3;-7;3;-7;4;-7;4;-7;1;-3;0;-1;-1;0;0;0;0;0;-2;-1;-4;-2;-11;-5;-11;-5;-11;-6;-10;-6;-10;-7;-9;-8;-9;-10;-8;-11;-9;-12;-9;-12;-8;-12;-8;-12;-6;-12;-5;-12;-5;-13;-4;-13;-4;-14;-4;-13;-4;-13;-3;-12;-2;-12;-1;-13;0;-13;0;-14;0;-14;-1;-14;-1;-13;-1;-12;-116;0;27;-2;26;-3;25;-4;24;-5;23;-5;22;-6;21;-7;21;-7;19;-8;18;-8;17;-9;17;-9;16;-10;16;-11;16;-11;16;-11;16;-11;15;-11;15;-11;15;-11;15;-11;15;-11;15;-11;15;-10;15;-10;15;-9;15;-9;15;-8;5;-3;1;-1;-1;0;-2;0;-1;0;1;-1;6;-2;18;-5;19;-5;19;-4;20;-3;21;-3;22;-2;22;-1;23;0;23;0;24;0;24;1;25;1;25;2;26;3;26;3;25;3;25;3;25;3;26;2;26;2;27;2;27;1;27;1;27;0;28;0;28;-1;28;-2;29;-2,transition,EXP_S141,ZONE_02,entree_zone,4.1,entree_zone,entree dans la zone
1925582409,-57,6,a0:9f:7a:73:2b:3e,384,-110;-96;8;0;29;24;27;23;24;21;20;17;16;12;13;6;9;0;6;-7;4;-14;2;-20;1;-25;1;-29;1;-32;1;-33;1;-33;0;-32;0;-30;-1;-27;-3;-23;-6;-19;-9;-15;-12;-11;-15;-7;-18;-4;-21;-3;-6;-1;0;0;0;0;0;0;0;0;0;0;0;0;0;0;0;0;0;0;-2;-8;-4;-29;-2;-30;2;-31;5;-29;7;-26;8;-21;7;-15;5;-8;0;-2;-5;4;-12;8;-18;11;-24;12;-29;12;-32;11;-34;9;-33;7;-31;5;-26;3;-20;3;-13;3;-5;4;4;6;12;9;18;13;23;16;119;0;15;-1;15;-1;15;-1;14;-1;13;0;12;1;12;1;11;2;11;2;11;2;11;2;10;2;9;2;9;3;8;4;8;4;9;5;9;4;8;4;7;4;7;4;6;4;6;5;6;5;6;5;6;5;6;5;5;4;2;1;0;0;-1;-1;0;0;0;0;-1;-2;-2;-6;-4;-15;-3;-16;-2;-16;-1;-16;0;-16;1;-16;2;-16;4;-16;5;-16;6;-16;7;-16;7;-15;8;-14;9;-13;11;-12;11;-12;12;-12;12;-11;12;-11;12;-10;12;-9;13;-8;14;-7;15;-7;15;-7;15;-6;15;-5;14;-4;119;0;16;14;16;14;16;13;17;12;18;11;18;10;18;9;18;8;18;7;18;6;19;5;19;4;20;4;20;4;21;4;21;4;21;3;22;3;22;3;22;3;22;4;22;5;21;5;21;6;21;7;20;8;20;9;20;10;7;3;2;1;-1;-1;-1;-1;-1;-1;0;1;1;4;2;12;2;12;2;13;3;13;3;13;3;14;3;14;3;15;3;15;3;15;4;15;4;16;4;16;4;16;4;16;4;16;5;16;6;16;7;16;8;16;9;17;10;17;10;16;11;16;12;16;14;16;15;16;15;16,transition,EXP_S141,ZONE_02,entree_zone,4.1,entree_zone,entree dans la zone
1925786087,-58,6,a0:9f:7a:73:2b:3e,384,-110;-96;8;0;-26;24;-25;21;-23;18;-20;15;-15;13;-10;12;-5;11;0;12;4;13;7;14;9;16;11;18;12;20;13;21;12;21;12;21;11;20;11;18;11;16;12;15;13;13;14;11;15;10;17;9;18;9;4;2;0;0;0;0;0;0;0;0;0;0;0;0;0;0;0;0;0;0;-8;-4;-28;-17;-27;-20;-24;-24;-21;-25;-17;-24;-13;-22;-11;-17;-11;-12;-12;-6;-16;-1;-21;2;-27;4;-32;3;-36;1;-38;-2;-39;-5;-38;-7;-35;-9;-31;-8;-27;-6;-23;-3;-20;2;-18;7;-18;13;-19;18;-20;21;-119;0;-2;9;-2;9;-2;8;-2;8;-2;7;-3;7;-3;6;-4;6;-4;5;-4;5;-4;5;-4;4;-3;4;-4;3;-4;3;-4;3;-4;4;-3;4;-3;4;-3;3;-3;3;-3;2;-3;2;-3;3;-3;3;-3;3;-3;3;-3;3;-2;1;-1;0;0;-1;-1;0;-1;0;1;-1;3;-2;11;-6;11;-5;11;-5;12;-4;12;-2;12;-1;12;0;12;1;12;2;12;3;12;3;11;3;10;4;9;5;9;6;9;7;8;8;8;8;7;8;6;8;5;8;4;9;3;9;3;10;2;10;2;10;2;9;1;9;-119;0;-23;12;-22;12;-20;12;-18;13;-17;13;-15;13;-14;14;-13;14;-11;14;-10;14;-9;15;-8;16;-7;16;-7;17;-6;18;-6;18;-6;19;-6;19;-6;20;-6;20;-7;20;-7;20;-8;20;-8;20;-9;20;-11;20;-12;19;-12;19;-5;6;-2;2;0;-1;0;-1;0;-1;-2;1;-6;3;-16;10;-17;10;-18;10;-18;10;-19;10;-19;10;-20;10;-21;10;-22;10;-22;10;-23;10;-23;9;-24;9;-25;9;-25;8;-25;9;-25;9;-25;9;-25;10;-25;10;-26;10;-26;11;-26;11;-26;11;-26;12;-25;12;-26;12;-26;12,transition,EXP_S141,ZONE_02,entree_zone,4.1,entree_zone,entree dans la zone
1925985786,-58,6,a0:9f:7a:73:2b:3e,384,-110;-96;8;0;5;29;6;30;6;30;6;28;6;26;7;22;8;17;8;13;9;8;10;3;10;-1;11;-5;11;-9;11;-12;11;-15;11;-18;11;-20;10;-21;10;-22;9;-22;7;-21;6;-20;4;-19;2;-18;1;-17;0;-4;0;0;0;0;0;0;0;0;0;0;0;0;0;0;0;0;0;0;1;-8;8;-31;12;-31;16;-30;18;-28;20;-24;19;-20;16;-15;12;-10;5;-5;-2;-2;-10;0;-18;0;-25;-1;-31;-4;-35;-7;-37;-9;-38;-12;-36;-13;-34;-13;-30;-12;-25;-10;-20;-6;-15;-1;-10;4;-5;10;-2;15;122;0;12;2;11;2;11;2;10;2;9;1;8;1;7;1;6;1;6;1;6;0;5;0;5;-1;5;-1;4;-1;4;-1;4;-1;4;-2;4;-2;4;-2;4;-2;4;-2;4;-2;4;-2;4;-2;4;-2;4;-2;5;-2;5;-1;1;-1;0;-1;-1;0;-1;0;-1;0;1;-2;4;-4;13;-10;14;-9;14;-9;15;-8;16;-7;16;-6;16;-6;17;-5;17;-4;18;-3;18;-2;17;-2;17;-1;17;-1;17;0;17;0;17;1;16;1;16;1;16;1;15;2;15;2;14;2;14;2;14;2;14;2;14;2;14;2;122;0;-13;19;-12;18;-11;18;-9;18;-8;17;-6;17;-5;17;-4;16;-2;16;-1;15;0;15;2;15;3;15;4;15;5;15;5;15;6;16;6;16;7;16;7;16;7;16;7;16;7;16;7;17;7;17;6;17;5;18;5;18;1;6;0;2;-1;-1;0;-1;0;-1;-2;0;-5;2;-14;6;-14;6;-14;6;-14;6;-15;7;-15;7;-16;7;-16;8;-17;8;-17;9;-17;9;-17;9;-18;10;-18;10;-18;10;-18;10;-18;11;-17;11;-17;12;-17;13;-17;14;-17;15;-17;16;-17;16;-16;17;-16;18;-15;19;-15;19,transition,EXP_S141,ZONE_02,entree_zone,4.1,entree_zone,entree dans la zone
1926182303,-58,6,a0:9f:7a:73:2b:3e,384,-110;-96;8;0;-22;29;-21;28;-18;25;-15;23;-10;20;-5;17;0;14;5;12;10;10;14;9;18;8;20;7;21;6;22;4;22;2;21;0;21;-2;20;-4;19;-7;18;-9;16;-11;15;-13;14;-14;13;-15;12;-15;3;-4;0;0;0;0;0;0;0;0;0;0;0;0;0;0;0;0;0;0;7;-6;30;-20;32;-17;33;-12;32;-8;29;-4;23;-1;16;1;8;1;-1;-1;-9;-6;-15;-11;-20;-17;-23;-24;-24;-29;-24;-34;-22;-36;-19;-36;-16;-34;-13;-30;-11;-25;-10;-18;-9;-10;-9;-1;-11;8;-13;15;-15;20;118;0;1;12;1;12;1;11;0;10;0;9;-1;8;-1;7;-2;6;-2;5;-2;5;-2;4;-2;3;-2;3;-2;2;-2;1;-2;1;-2;1;-2;1;-1;0;-1;0;-1;0;-1;-1;-1;-1;-1;-1;0;-1;0;-1;0;0;1;0;0;0;0;0;-1;-1;-2;0;-1;-1;2;-1;6;-1;18;0;18;1;18;2;18;3;18;4;18;6;18;7;18;8;18;9;17;10;17;11;16;12;15;12;14;13;13;13;12;14;12;14;11;14;10;14;10;14;9;14;8;14;7;14;7;14;6;14;6;14;5;13;5;13;118;0;-20;13;-19;13;-18;13;-17;14;-16;14;-14;15;-13;15;-12;16;-11;16;-10;16;-9;17;-8;17;-8;17;-7;18;-7;18;-7;18;-7;18;-7;19;-7;19;-7;18;-7;18;-7;18;-7;18;-8;17;-8;17;-9;16;-10;16;-10;15;-4;5;-2;1;0;-1;0;-1;0;-1;-2;0;-6;1;-15;4;-15;4;-16;4;-16;4;-17;4;-18;4;-18;4;-19;3;-20;4;-20;4;-21;4;-21;4;-22;4;-22;4;-22;4;-22;4;-21;4;-21;5;-22;5;-22;6;-22;7;-23;8;-23;8;-22;9;-22;10;-22;11;-21;12;-21;13,transition,EXP_S141,ZONE_02,entree_zone,4.1,entree_zone,entree dans la zone
1926382523,-57,6,a0:9f:7a:73:2b:3e,384,-110;-96;8;0;15;-33;15;-28;13;-23;9;-17;4;-12;-2;-7;-9;-5;-16;-3;-21;-2;-26;-3;-30;-4;-32;-6;-32;-7;-31;-9;-29;-9;-26;-9;-24;-7;-21;-5;-18;-2;-16;2;-14;6;-14;10;-14;13;-15;16;-17;18;-5;4;0;0;0;0;0;0;0;0;0;0;0;0;0;0;0;0;0;0;1;6;6;25;4;25;1;23;0;20;0;16;2;11;5;7;9;3;15;1;20;0;25;0;29;1;32;4;33;7;32;9;30;11;26;11;22;9;17;6;13;1;9;-5;6;-12;5;-19;5;-26;7;-32;9;-36;-119;0;3;-15;4;-15;4;-15;4;-14;5;-13;5;-12;6;-12;6;-12;7;-11;7;-11;6;-10;6;-9;7;-8;7;-8;7;-7;8;-7;8;-7;7;-7;7;-6;7;-5;7;-5;7;-4;7;-4;7;-4;6;-4;6;-3;6;-3;5;-3;1;-1;0;-1;-1;0;0;-1;0;-1;-2;0;-4;1;-11;3;-11;3;-11;2;-11;1;-11;-1;-11;-2;-11;-3;-11;-4;-11;-4;-11;-5;-11;-6;-10;-7;-9;-8;-9;-9;-8;-10;-8;-10;-7;-11;-7;-11;-6;-11;-5;-12;-4;-12;-4;-13;-3;-14;-3;-14;-2;-15;-1;-15;0;-15;0;-15;-119;0;9;-20;9;-21;8;-21;6;-20;5;-20;5;-20;4;-20;2;-19;1;-19;0;-19;-1;-20;-1;-20;-1;-21;-2;-21;-2;-22;-1;-22;-1;-22;-1;-23;0;-23;0;-23;1;-23;2;-23;3;-23;4;-23;5;-22;7;-22;8;-21;9;-21;3;-8;1;-3;-1;0;-1;0;-1;0;0;-2;1;-6;4;-15;4;-15;5;-15;6;-16;6;-16;7;-16;8;-17;8;-17;9;-18;9;-18;10;-18;11;-18;12;-18;13;-18;13;-18;13;-17;13;-18;13;-18;13;-18;13;-19;13;-19;13;-19;12;-20;12;-20;12;-21;11;-21;11;-21;11;-22,transition,EXP_S141,ZONE_02,entree_zone,4.1,entree_zone,entree dans la zone
1926587230,-56,6,a0:9f:7a:73:2b:3e,384,-110;-96;8;0;36;21;35;21;33;21;29;19;25;15;21;11;17;6;13;0;10;-5;7;-10;5;-15;3;-19;2;-22;1;-25;0;-27;0;-27;-1;-28;-1;-27;-2;-26;-3;-24;-4;-22;-5;-19;-6;-17;-8;-14;-9;-12;-3;-3;0;0;0;0;0;0;0;0;0;0;0;0;0;0;0;0;0;0;-5;-6;-20;-23;-18;-25;-14;-26;-11;-25;-7;-22;-4;-17;-3;-11;-3;-3;-4;4;-7;12;-11;18;-16;22;-21;26;-26;27;-30;27;-32;25;-32;22;-31;19;-27;16;-21;13;-14;11;-6;10;2;9;11;9;20;11;26;13;125;0;14;-7;14;-7;14;-7;13;-6;12;-6;11;-5;10;-5;10;-4;9;-4;9;-3;8;-4;8;-4;7;-4;6;-3;6;-3;6;-3;6;-3;6;-3;5;-3;5;-4;4;-4;4;-4;4;-3;4;-3;4;-3;4;-3;5;-3;5;-4;1;-2;0;-1;-1;0;0;0;-1;0;-1;-2;-1;-6;0;-15;0;-15;1;-15;2;-15;3;-15;4;-15;6;-15;7;-16;8;-16;8;-16;9;-15;9;-15;10;-14;11;-13;12;-13;12;-13;13;-12;13;-12;13;-12;13;-11;13;-11;14;-10;14;-10;15;-10;15;-10;15;-10;15;-9;14;-9;125;0;17;20;17;19;17;18;17;17;17;15;17;14;17;13;17;12;17;11;17;10;17;9;17;8;17;7;18;7;18;7;18;6;18;6;18;6;18;6;18;6;18;6;18;6;17;7;17;7;17;8;16;8;16;9;15;9;5;3;1;1;-1;-1;-1;-1;-1;-1;0;1;2;3;7;11;7;11;7;12;7;12;7;13;7;13;7;14;7;15;8;15;8;16;8;16;9;17;9;18;9;18;9;18;9;18;10;18;11;18;11;19;12;19;13;20;13;20;14;20;14;20;15;20;16;20;17;20;18;20,transition,EXP_S141,ZONE_02,entree_zone,4.1,entree_zone,entree dans la zone
1926783679,-57,6,a0:9f:7a:73:2b:3e,384,-110;-96;8;0;13;-32;14;-32;15;-31;15;-29;14;-25;12;-20;10;-15;8;-9;6;-3;3;3;0;8;-2;12;-5;16;-7;18;-8;20;-10;20;-11;20;-10;18;-10;15;-8;12;-6;9;-4;5;-1;2;2;-1;4;-4;1;-1;0;0;0;0;0;0;0;0;0;0;0;0;0;0;0;0;0;0;-8;-4;-29;-16;-30;-17;-29;-18;-28;-18;-25;-17;-22;-14;-18;-10;-14;-5;-9;1;-5;8;-2;15;0;21;2;28;3;33;3;37;3;39;3;40;3;39;3;36;3;31;3;25;3;17;3;9;4;0;6;-8;7;-14;106;0;-10;-16;-10;-16;-9;-17;-9;-16;-9;-16;-8;-15;-7;-15;-7;-14;-7;-14;-6;-14;-6;-13;-6;-13;-6;-13;-6;-12;-6;-12;-5;-12;-5;-12;-5;-12;-5;-12;-5;-11;-5;-11;-4;-11;-4;-11;-4;-11;-4;-11;-3;-11;-3;-11;-3;-11;-1;-4;-1;-2;0;0;0;-1;0;0;-2;0;-5;0;-13;2;-13;1;-13;0;-14;0;-14;-1;-14;-2;-14;-3;-14;-4;-15;-5;-15;-6;-15;-7;-15;-7;-14;-8;-14;-8;-13;-9;-13;-10;-13;-11;-13;-11;-13;-12;-13;-12;-12;-12;-12;-13;-12;-14;-12;-14;-12;-15;-12;-15;-12;-15;-12;-15;106;0;19;-7;18;-7;16;-7;14;-7;13;-7;12;-8;10;-8;9;-8;8;-8;6;-8;4;-8;3;-8;2;-9;2;-9;1;-10;1;-10;0;-10;0;-10;-1;-11;-1;-11;-2;-11;-2;-12;-2;-12;-2;-12;-2;-12;-1;-12;-1;-13;-1;-13;-1;-5;0;-2;0;0;-2;0;-1;0;1;-1;5;-3;16;-9;17;-8;17;-8;18;-7;19;-7;19;-6;20;-6;21;-6;21;-6;21;-5;22;-5;22;-5;23;-5;23;-4;23;-4;22;-4;22;-4;22;-4;22;-4;22;-5;22;-5;23;-6;22;-6;22;-6;21;-6;21;-7;21;-8;21;-8,transition,EXP_S141,ZONE_02,entree_zone,4.1,entree_zone,entree dans la zone
1926988570,-61,6,a0:9f:7a:73:2b:3e,384,-110;-96;8;0;-16;27;-14;23;-10;20;-7;18;-3;18;0;18;3;19;5;20;6;21;6;22;6;22;6;22;6;22;6;21;6;20;7;19;8;19;9;18;10;18;11;19;11;19;12;20;12;20;13;21;13;22;3;5;0;0;0;0;0;0;0;0;0;0;0;0;0;0;0;0;0;0;-3;6;-10;25;-13;23;-15;21;-16;17;-15;15;-12;14;-9;14;-6;16;-5;18;-4;22;-5;25;-7;28;-10;30;-13;31;-16;30;-18;28;-18;26;-17;25;-15;25;-13;26;-11;27;-10;30;-10;32;-11;34;-13;35;-14;35;-98;0;-5;3;-5;3;-5;3;-5;2;-5;2;-5;1;-6;1;-6;1;-5;1;-5;0;-5;0;-5;0;-5;0;-5;-1;-5;-1;-5;0;-4;0;-3;0;-3;0;-3;0;-3;0;-3;1;-3;1;-3;2;-3;2;-3;3;-3;3;-3;3;-1;1;-1;0;0;-1;-1;0;-1;0;0;-2;0;-4;2;-10;3;-10;3;-9;4;-8;5;-7;5;-6;6;-6;6;-5;7;-5;7;-4;6;-3;6;-3;5;-1;5;0;5;1;5;1;5;1;4;1;3;1;2;2;1;2;0;3;0;4;0;3;-1;3;-2;3;-2;2;-3;2;-98;0;-9;28;-9;27;-8;26;-7;24;-6;23;-5;22;-4;21;-3;20;-2;19;-1;18;0;18;2;18;3;18;4;19;4;19;5;20;5;21;5;21;5;22;4;23;4;23;3;24;2;24;1;25;-1;25;-2;25;-4;26;-6;26;-3;9;-2;2;0;-1;-1;-1;-1;-1;0;1;2;5;6;14;6;15;5;16;5;17;4;18;4;19;4;20;4;21;3;22;3;23;2;24;1;25;0;26;-1;26;-2;27;-3;27;-3;28;-4;28;-4;28;-5;29;-5;30;-6;30;-6;31;-7;31;-7;31;-8;31;-9;31;-9;31,transition,EXP_S141,ZONE_02,entree_zone,4.1,entree_zone,entree dans la zone
1927182375,-56,6,a0:9f:7a:73:2b:3e,384,-110;-96;8;0;0;-29;0;-30;0;-31;0;-31;-1;-30;-1;-29;-2;-28;-2;-27;-1;-27;-1;-26;-1;-26;-1;-25;-1;-25;-1;-25;-2;-24;-3;-23;-3;-21;-3;-19;-2;-16;-1;-13;1;-11;4;-9;7;-8;10;-7;12;-8;3;-2;0;0;0;0;0;0;0;0;0;0;0;0;0;0;0;0;0;0;-8;-2;-30;-6;-32;-5;-34;-3;-35;-1;-34;1;-33;2;-30;2;-26;1;-22;-2;-18;-6;-15;-10;-13;-15;-13;-20;-13;-25;-15;-28;-18;-31;-21;-32;-23;-31;-25;-29;-26;-27;-25;-24;-23;-22;-20;-20;-16;-20;-12;-20;-9;-21;37;0;-7;-29;-6;-29;-6;-28;-6;-27;-6;-26;-6;-25;-6;-24;-6;-23;-6;-23;-6;-22;-6;-21;-6;-21;-6;-20;-6;-20;-6;-20;-6;-20;-6;-19;-6;-19;-6;-19;-6;-18;-5;-18;-5;-17;-5;-17;-5;-17;-4;-17;-4;-17;-3;-17;-3;-17;-1;-6;-1;-2;0;0;1;0;0;0;-3;-1;-7;-4;-18;-12;-18;-13;-17;-14;-17;-16;-16;-17;-16;-18;-15;-19;-15;-20;-14;-22;-14;-23;-13;-23;-12;-24;-11;-25;-10;-25;-10;-25;-9;-26;-9;-26;-8;-26;-8;-27;-8;-27;-8;-27;-8;-28;-8;-28;-8;-29;-8;-29;-8;-30;-8;-30;-8;-30;37;0;4;6;4;6;3;5;2;5;1;4;1;4;0;3;-1;3;-1;3;-2;2;-3;2;-3;1;-4;0;-5;-1;-5;-1;-5;-2;-6;-3;-6;-3;-6;-4;-7;-5;-6;-6;-6;-6;-6;-7;-5;-7;-5;-8;-5;-9;-4;-9;-4;-10;-2;-4;-1;-2;0;0;-1;-1;-1;-1;0;1;2;3;5;9;5;9;5;9;4;9;4;9;4;9;4;9;4;9;4;9;4;9;4;8;4;8;5;8;5;8;4;8;4;8;4;8;4;7;5;7;5;7;6;7;6;7;6;7;6;7;5;6;5;6;5;6;6;6,transition,EXP_S141,ZONE_02,entree_zone,4.1,entree_zone,entree dans la zone
1927382603,-56,6,a0:9f:7a:73:2b:3e,384,-110;-96;8;0;33;-7;35;-9;36;-11;35;-13;33;-15;31;-16;28;-16;25;-15;22;-14;21;-12;19;-9;18;-7;19;-5;19;-3;19;-1;20;0;21;2;21;3;20;4;20;5;19;6;19;7;18;8;17;10;16;11;4;3;0;0;0;0;0;0;0;0;0;0;0;0;0;0;0;0;0;0;-5;-4;-19;-16;-19;-16;-19;-14;-19;-13;-17;-12;-14;-11;-10;-10;-5;-11;0;-12;5;-14;9;-17;12;-21;14;-25;14;-28;13;-31;12;-34;9;-35;7;-34;4;-33;3;-30;2;-25;3;-21;6;-16;10;-12;15;-9;18;-7;42;0;18;-23;18;-22;18;-22;18;-22;17;-21;16;-21;15;-20;14;-20;14;-19;13;-19;13;-19;13;-19;13;-19;12;-19;12;-19;12;-19;12;-19;12;-18;12;-18;12;-18;12;-18;12;-17;12;-17;12;-17;13;-16;13;-16;14;-15;15;-15;5;-6;1;-2;-1;0;0;0;0;0;-1;-2;-1;-6;-3;-15;-2;-16;-1;-16;0;-16;1;-17;2;-17;3;-17;4;-18;5;-19;5;-20;6;-20;7;-19;8;-19;10;-19;11;-19;11;-20;12;-20;12;-20;12;-20;13;-20;13;-20;14;-20;15;-21;16;-22;17;-23;17;-23;17;-23;17;-23;42;0;3;13;3;12;2;11;2;9;2;8;2;8;2;8;1;8;0;8;-1;7;-2;6;-2;4;-1;3;-1;3;-1;3;-1;3;-2;2;-3;1;-3;0;-3;-1;-2;-2;-1;-2;0;-2;0;-2;0;-2;-1;-2;-1;-3;0;-3;0;-2;0;-1;0;0;-1;-1;-1;-1;0;0;1;2;4;5;4;5;4;5;5;5;5;6;5;6;4;7;4;7;4;6;5;6;5;6;6;7;6;8;6;9;5;9;5;9;5;8;6;8;6;9;7;10;7;11;6;11;5;12;5;11;5;11;5;11;6;11;6;11,transition,EXP_S141,ZONE_02,entree_zone,4.1,entree_zone,entree dans la zone
1927582460,-57,6,a0:9f:7a:73:2b:3e,384,-110;-96;8;0;-1;36;1;32;2;28;2;23;0;19;-3;16;-6;13;-9;12;-12;13;-15;15;-16;17;-17;20;-16;22;-14;24;-12;25;-9;25;-7;24;-4;21;-3;17;-3;13;-3;9;-5;5;-7;2;-10;0;-13;-1;-4;-1;0;0;0;0;0;0;0;0;0;0;0;0;0;0;0;0;0;0;3;0;15;2;15;3;14;6;14;8;14;11;13;14;13;17;14;19;14;22;15;23;16;24;17;24;18;23;17;22;17;20;15;18;13;16;9;15;6;15;1;16;-3;18;-6;21;-9;25;-10;29;-9;33;-8;36;46;0;4;27;4;26;5;25;5;24;5;23;5;22;6;21;6;20;7;20;8;19;9;18;9;17;9;17;9;16;9;16;9;16;10;15;10;15;10;14;10;13;10;13;9;13;9;12;9;12;10;12;10;12;9;12;9;12;3;4;1;1;-1;-1;-1;-1;-1;-1;0;1;2;5;7;15;6;16;5;16;4;17;3;18;3;18;3;19;3;19;2;20;2;20;1;21;1;21;1;21;0;22;0;22;0;22;0;22;0;22;0;23;0;23;0;24;1;24;1;25;2;26;3;26;3;26;4;26;4;26;46;0;-2;8;-1;8;0;8;1;9;2;9;1;9;1;8;1;7;2;6;3;5;4;5;5;5;6;6;6;6;6;6;6;5;6;5;7;4;7;4;8;5;8;5;8;6;8;6;7;6;7;6;7;6;7;6;7;6;2;2;0;0;-1;-1;-1;-1;-1;-1;0;-1;1;0;2;0;2;1;1;2;1;3;0;3;0;3;1;3;1;3;1;4;0;6;0;6;-1;7;-2;6;-2;6;-2;6;-2;6;-1;7;-2;8;-2;9;-3;9;-3;8;-3;8;-2;8;-2;8;-1;9;-1;10;-1;10;-2;11,transition,EXP_S141,ZONE_02,entree_zone,4.1,entree_zone,entree dans la zone
1927791474,-63,6,a0:9f:7a:73:2b:3e,384,-110;-96;8;0;-30;30;-27;29;-24;28;-21;25;-19;22;-19;18;-19;15;-20;13;-21;12;-22;12;-23;13;-23;15;-22;16;-20;16;-18;16;-15;16;-12;14;-9;11;-8;7;-8;3;-9;-2;-12;-6;-15;-9;-20;-12;-23;-13;-6;-4;0;0;0;0;0;0;0;0;0;0;0;0;0;0;0;0;0;0;5;0;20;1;20;1;18;1;16;2;13;4;10;7;7;10;5;14;3;19;3;23;4;27;5;29;7;31;9;32;11;31;12;28;12;24;10;20;7;16;2;13;-5;11;-11;11;-18;12;-24;15;-28;19;-31;22;56;0;-20;22;-19;22;-19;22;-17;22;-16;22;-14;22;-12;22;-11;22;-10;22;-8;21;-7;21;-6;21;-5;21;-3;21;-2;21;-1;20;0;20;2;20;3;20;4;20;5;19;6;19;6;19;7;19;8;19;8;19;9;20;9;20;3;7;0;2;-1;-1;0;-1;0;-1;-1;1;-3;5;-7;14;-7;13;-8;13;-9;13;-10;12;-11;12;-11;12;-12;13;-13;13;-13;13;-14;13;-15;12;-16;12;-17;12;-17;13;-18;13;-18;13;-19;14;-19;14;-19;14;-20;15;-20;16;-20;17;-20;18;-20;19;-20;20;-20;20;-20;21;56;0;-13;0;-12;0;-11;0;-9;0;-8;0;-6;0;-5;0;-3;1;-2;1;0;1;1;1;3;0;4;0;5;0;7;0;8;1;9;1;10;1;11;1;12;2;12;2;13;3;13;3;14;4;14;4;14;5;14;6;14;7;5;2;1;1;-1;-1;-1;0;0;0;0;-1;0;-2;0;-5;-1;-5;-1;-5;-2;-4;-3;-4;-3;-4;-4;-4;-5;-4;-6;-3;-7;-3;-8;-3;-9;-3;-10;-3;-11;-3;-11;-3;-12;-3;-13;-3;-13;-2;-14;-2;-14;-2;-15;-1;-15;-1;-15;-1;-16;-1;-16;0;-16;0;-16;0;-16;0,transition,EXP_S141,ZONE_02,entree_zone,4.1,entree_zone,entree dans la zone
1927988430,-58,6,a0:9f:7a:73:2b:3e,384,-110;-96;8;0;20;23;21;25;23;26;24;25;26;24;27;22;27;19;26;16;24;13;23;10;20;8;17;6;14;5;11;4;8;4;5;5;3;7;1;9;-1;10;-1;13;-1;15;0;17;1;18;2;20;3;20;1;5;0;0;0;0;0;0;0;0;0;0;0;0;0;0;0;0;0;0;2;-6;11;-23;10;-24;10;-25;9;-25;8;-24;8;-21;8;-18;9;-15;11;-11;14;-7;17;-4;20;-2;24;0;27;1;30;0;32;-1;33;-2;33;-3;33;-5;31;-5;29;-5;26;-4;24;-1;22;3;20;7;19;10;40;0;29;4;28;4;28;4;27;4;26;4;25;3;24;2;22;2;21;1;20;1;20;1;19;1;19;0;18;-1;17;-1;17;-2;16;-2;15;-2;15;-3;14;-3;14;-3;14;-3;14;-4;13;-4;13;-5;13;-5;13;-5;13;-4;4;-2;1;-1;-1;0;-1;0;-1;0;1;-2;4;-4;13;-9;14;-9;15;-8;16;-7;17;-7;17;-6;18;-5;19;-4;20;-3;21;-3;21;-2;22;-1;22;0;22;0;23;1;23;2;24;2;24;2;25;2;25;2;26;2;26;2;27;3;27;3;28;3;29;4;29;4;29;4;40;0;-11;5;-10;4;-10;3;-9;3;-9;3;-9;3;-9;3;-10;3;-10;2;-10;1;-10;0;-10;-1;-9;-2;-9;-2;-9;-2;-9;-3;-10;-4;-9;-5;-9;-6;-8;-7;-7;-7;-6;-7;-5;-7;-5;-7;-4;-8;-4;-8;-3;-9;-2;-9;-1;-4;-1;-1;0;0;0;-1;0;-1;-1;0;-3;1;-7;5;-7;5;-7;4;-7;4;-7;4;-8;4;-8;3;-8;3;-7;2;-7;3;-6;3;-6;4;-7;4;-7;4;-7;3;-7;3;-6;3;-6;3;-6;4;-6;5;-7;5;-8;5;-8;5;-8;4;-8;4;-7;5;-7;5;-8;6,transition,EXP_S141,ZONE_02,entree_zone,4.1,entree_zone,entree dans la zone
1928191941,-62,6,a0:9f:7a:73:2b:3e,384,-110;-96;8;0;50;-16;46;-14;42;-11;35;-8;29;-5;21;-3;13;-2;5;-1;-2;0;-8;1;-13;1;-17;1;-20;1;-22;0;-22;0;-21;0;-21;-1;-19;-1;-16;-1;-14;-2;-11;-2;-8;-3;-5;-3;-2;-4;0;-5;0;-2;0;0;0;0;0;0;0;0;0;0;0;0;0;0;0;0;0;0;0;-8;1;-28;0;-24;-1;-19;-2;-12;-5;-5;-8;2;-12;8;-17;15;-21;20;-25;24;-28;27;-30;28;-31;29;-30;28;-29;27;-25;24;-21;21;-15;17;-9;12;-2;7;6;1;15;-4;24;-9;31;-13;39;-16;44;-17;104;0;18;-16;18;-16;17;-17;16;-16;15;-16;14;-15;14;-14;14;-13;13;-13;13;-13;12;-13;11;-12;10;-12;9;-11;8;-10;8;-10;7;-10;6;-10;5;-10;4;-10;4;-10;3;-10;2;-10;2;-11;2;-11;1;-12;1;-13;2;-13;0;-5;0;-2;-1;0;-1;0;-1;0;0;-2;0;-6;2;-14;3;-14;4;-13;5;-13;6;-13;7;-13;8;-14;9;-14;9;-14;10;-14;10;-13;11;-13;12;-13;12;-13;13;-13;13;-14;13;-14;13;-14;13;-14;13;-14;14;-14;15;-15;16;-16;16;-17;16;-17;16;-17;16;-17;16;-16;104;0;26;-3;26;-3;25;-3;24;-3;23;-3;22;-2;20;-2;19;-1;17;-1;15;-1;14;-2;13;-2;12;-2;11;-2;10;-2;9;-1;8;-2;7;-2;6;-3;5;-3;4;-4;4;-5;4;-5;4;-5;4;-6;4;-6;4;-6;4;-7;1;-3;0;-1;-1;0;-2;0;-1;0;2;-1;7;-3;20;-6;20;-5;20;-4;20;-3;21;-3;21;-2;20;-2;21;-2;21;-3;21;-3;22;-3;22;-2;22;-2;22;-2;22;-2;22;-2;23;-3;23;-3;24;-4;24;-4;25;-4;25;-4;25;-5;26;-5;27;-6;27;-6;28;-7;29;-7,transition,EXP_S141,ZONE_02,entree_zone,4.1,entree_zone,entree dans la zone
1928387317,-62,6,a0:9f:7a:73:2b:3e,384,-110;-96;8;0;28;-38;25;-38;22;-37;17;-33;13;-27;10;-21;8;-15;7;-8;7;-1;9;6;12;11;15;15;19;18;23;19;26;20;28;19;29;18;28;16;26;13;23;11;19;9;14;8;8;7;2;7;-3;7;-2;2;0;0;0;0;0;0;0;0;0;0;0;0;0;0;0;0;0;0;3;5;12;20;11;19;9;18;6;16;3;14;-1;11;-5;8;-10;4;-16;0;-21;-3;-26;-5;-31;-6;-34;-7;-36;-7;-37;-6;-36;-5;-34;-4;-30;-3;-24;-2;-17;-3;-9;-5;-1;-7;8;-11;15;-16;21;-22;25;-26;69;0;7;-26;7;-26;7;-26;6;-25;6;-24;5;-23;5;-22;5;-22;4;-22;3;-21;2;-21;1;-21;1;-20;0;-20;0;-20;0;-20;-1;-21;-1;-21;-2;-21;-2;-21;-2;-21;-2;-21;-2;-21;-2;-21;-1;-22;-1;-23;0;-23;1;-24;0;-9;0;-3;0;0;0;0;0;0;-2;-2;-4;-5;-10;-14;-9;-15;-8;-16;-7;-16;-6;-17;-5;-18;-4;-18;-4;-19;-3;-19;-3;-20;-2;-20;-1;-21;0;-21;1;-21;1;-22;2;-22;2;-22;2;-22;3;-23;3;-23;4;-23;5;-24;5;-25;5;-25;5;-26;5;-26;5;-27;5;-27;69;0;19;-6;18;-7;17;-7;16;-7;15;-8;14;-8;14;-8;13;-9;11;-9;10;-10;9;-10;8;-10;8;-11;7;-11;7;-12;6;-12;6;-12;6;-13;6;-13;5;-13;5;-14;5;-14;5;-14;6;-13;6;-13;6;-13;7;-13;7;-13;2;-5;0;-2;-1;0;-1;0;-1;0;0;-1;1;-1;5;-2;6;-2;6;-2;7;-1;7;-1;8;-1;8;-1;9;-1;9;-2;10;-2;11;-2;12;-2;12;-2;12;-2;13;-2;13;-2;13;-3;14;-3;15;-4;16;-4;16;-4;17;-4;17;-5;17;-5;18;-6;18;-7;19;-7;19;-7,transition,EXP_S141,ZONE_02,entree_zone,4.1,entree_zone,entree dans la zone
1928587980,-59,6,a0:9f:7a:73:2b:3e,384,-110;-96;8;0;40;16;39;15;36;15;32;14;26;13;20;11;13;10;7;9;1;8;-5;7;-11;6;-15;6;-18;5;-21;3;-22;2;-22;0;-21;-1;-19;-4;-16;-6;-13;-8;-9;-10;-4;-11;0;-13;5;-14;9;-15;2;-4;0;0;0;0;0;0;0;0;0;0;0;0;0;0;0;0;0;0;6;-2;27;-8;26;-7;24;-7;20;-6;15;-6;9;-6;2;-7;-6;-7;-13;-8;-20;-8;-26;-9;-32;-9;-36;-9;-38;-9;-39;-8;-39;-8;-36;-6;-32;-4;-27;-2;-20;1;-12;3;-3;6;6;8;15;10;23;11;29;12;105;0;20;-5;20;-5;20;-5;20;-6;19;-6;18;-5;17;-5;17;-5;17;-5;17;-5;17;-6;16;-6;16;-6;15;-6;15;-6;16;-6;16;-6;16;-6;15;-7;15;-6;15;-6;15;-6;15;-6;15;-6;15;-6;15;-6;15;-5;16;-5;5;-2;1;-1;-1;0;-1;0;-1;0;0;-2;1;-5;3;-13;4;-13;4;-12;5;-12;6;-11;7;-11;8;-11;9;-11;9;-11;10;-11;10;-10;11;-10;11;-9;12;-8;13;-8;14;-8;14;-8;14;-8;14;-8;14;-7;15;-7;16;-6;17;-6;17;-7;18;-7;18;-7;18;-7;18;-7;105;0;13;18;13;17;12;15;11;14;11;12;10;11;9;11;8;9;7;8;6;6;6;5;6;4;5;3;5;2;5;1;4;1;3;0;3;-1;3;-2;3;-3;3;-4;4;-4;3;-5;3;-5;3;-5;3;-6;3;-6;4;-6;1;-3;0;-1;-1;0;-1;-1;-1;-1;1;1;3;3;10;10;10;10;10;11;10;12;11;13;11;13;11;14;11;14;11;15;12;15;12;16;12;17;12;17;12;18;12;18;12;18;12;18;13;18;13;18;14;18;14;19;14;19;15;19;15;19;15;19;16;18;16;18;16;19,transition,EXP_S141,ZONE_02,entree_zone,4.1,entree_zone,entree dans la zone
1928784799,-55,6,a0:9f:7a:73:2b:3e,384,-110;-96;8;0;-2;-41;-2;-41;-2;-39;-2;-35;-1;-30;0;-25;2;-19;5;-13;9;-8;13;-3;16;1;19;5;22;7;24;9;25;10;25;11;23;11;21;10;17;9;12;8;7;8;2;7;-3;6;-8;6;-12;5;-4;1;0;0;0;0;0;0;0;0;0;0;0;0;0;0;0;0;0;0;6;-5;24;-18;23;-18;21;-18;18;-17;15;-15;10;-12;5;-8;-1;-3;-7;2;-12;8;-17;13;-21;19;-24;23;-25;27;-26;30;-24;32;-22;32;-20;30;-16;27;-12;22;-9;16;-6;8;-3;-1;-2;-10;-1;-19;0;-26;84;0;-16;-20;-16;-20;-15;-20;-15;-20;-14;-19;-14;-18;-13;-18;-13;-17;-12;-17;-12;-17;-12;-17;-12;-17;-12;-16;-11;-16;-11;-16;-11;-16;-10;-17;-10;-16;-10;-16;-10;-16;-9;-16;-8;-15;-8;-16;-7;-16;-7;-16;-6;-16;-6;-16;-5;-16;-2;-6;-1;-2;0;0;0;-1;0;0;-2;0;-5;0;-14;0;-14;0;-14;-1;-14;-2;-14;-3;-14;-4;-15;-5;-16;-6;-16;-6;-17;-7;-17;-7;-16;-8;-16;-9;-15;-10;-15;-11;-16;-12;-16;-13;-16;-13;-16;-13;-16;-13;-16;-14;-16;-15;-16;-16;-16;-17;-17;-18;-17;-18;-17;-18;-17;-18;84;0;12;-14;11;-13;10;-12;8;-12;6;-12;5;-12;5;-11;4;-10;3;-10;2;-9;0;-8;-1;-8;-2;-9;-2;-9;-3;-9;-3;-9;-4;-8;-4;-8;-6;-7;-6;-8;-7;-8;-7;-9;-6;-9;-6;-9;-6;-9;-6;-9;-6;-9;-6;-10;-2;-4;-1;-2;0;0;-1;0;-1;0;0;-2;3;-5;9;-12;9;-12;10;-12;11;-12;12;-12;12;-12;13;-12;13;-12;13;-13;14;-13;14;-13;15;-13;16;-13;16;-12;16;-12;16;-12;15;-12;15;-13;15;-13;15;-14;15;-14;15;-14;15;-14;14;-14;14;-14;13;-15;13;-15;13;-15,transition,EXP_S141,ZONE_02,entree_zone,4.1,entree_zone,entree dans la zone
1928984594,-58,6,a0:9f:7a:73:2b:3e,384,-110;-96;8;0;-38;-6;-38;-7;-36;-8;-32;-8;-26;-7;-20;-5;-13;-3;-6;0;0;3;6;7;10;10;15;14;17;17;19;19;20;20;20;20;19;20;18;18;17;15;15;11;13;7;12;2;11;-3;11;-8;12;-12;3;-4;0;0;0;0;0;0;0;0;0;0;0;0;0;0;0;0;0;0;5;6;23;27;23;29;22;32;20;34;17;33;14;30;11;26;9;19;7;11;7;2;9;-7;12;-15;16;-22;20;-28;24;-31;28;-32;30;-32;30;-30;28;-27;25;-23;20;-19;13;-14;4;-10;-5;-7;-14;-4;-21;-3;-128;0;-12;13;-12;12;-12;12;-12;11;-12;10;-11;9;-11;8;-11;8;-11;7;-11;7;-10;7;-10;7;-9;6;-9;6;-9;5;-10;5;-10;5;-9;5;-9;5;-9;5;-9;4;-9;4;-9;3;-9;3;-9;3;-9;3;-9;3;-9;3;-4;1;-1;0;0;-1;-1;-1;-1;-1;1;1;3;4;9;12;8;12;8;13;7;14;6;14;5;15;4;15;3;16;2;17;1;17;1;18;0;18;-1;17;-2;17;-4;17;-5;17;-5;17;-6;17;-6;17;-6;16;-7;16;-7;15;-8;15;-9;16;-10;16;-10;15;-10;15;-10;15;-128;0;-18;-15;-18;-14;-18;-12;-18;-10;-18;-8;-17;-6;-17;-5;-17;-3;-17;-2;-16;0;-16;1;-16;3;-16;4;-16;5;-17;6;-17;7;-17;8;-17;9;-17;9;-18;10;-18;10;-19;10;-19;10;-19;9;-20;9;-20;9;-21;8;-21;7;-8;2;-3;0;0;-1;0;1;0;0;-2;-3;-4;-8;-10;-21;-10;-21;-9;-21;-9;-22;-9;-22;-9;-22;-9;-23;-9;-24;-9;-24;-9;-24;-9;-24;-9;-25;-9;-25;-9;-25;-10;-24;-10;-24;-10;-23;-11;-23;-12;-22;-13;-22;-14;-22;-15;-22;-15;-21;-16;-20;-17;-20;-17;-19;-18;-18;-19;-17,transition,EXP_S141,ZONE_02,entree_zone,4.1,entree_zone,entree dans la zone
1929187779,-54,6,a0:9f:7a:73:2b:3e,384,-110;-96;8;0;-21;-41;-21;-40;-20;-37;-19;-32;-17;-26;-15;-20;-13;-12;-10;-5;-7;2;-4;8;-1;13;2;17;4;21;7;23;9;24;11;23;12;22;13;20;13;17;14;14;14;9;13;5;12;1;12;-3;11;-6;2;-2;0;0;0;0;0;0;0;0;0;0;0;0;0;0;0;0;0;0;-10;-3;-36;-11;-35;-14;-32;-16;-28;-17;-22;-17;-15;-15;-8;-11;0;-6;8;0;15;7;21;13;26;20;29;26;31;31;31;34;30;35;28;34;25;32;21;27;16;21;11;14;6;5;0;-4;-5;-12;-10;-21;-14;-28;106;0;-20;-7;-20;-7;-19;-7;-18;-6;-17;-6;-15;-5;-13;-5;-12;-6;-12;-6;-12;-5;-11;-5;-11;-4;-10;-4;-9;-3;-8;-4;-8;-4;-8;-4;-8;-4;-8;-4;-7;-3;-6;-3;-6;-3;-5;-3;-5;-3;-5;-3;-5;-3;-5;-3;-5;-3;-2;-1;-1;-1;0;0;1;-1;0;-1;-2;1;-7;4;-18;12;-19;11;-19;10;-20;9;-21;8;-21;7;-22;6;-24;5;-25;4;-25;3;-25;3;-25;2;-24;1;-24;-1;-24;-1;-25;-2;-25;-2;-25;-3;-24;-3;-24;-3;-23;-4;-23;-5;-23;-6;-24;-6;-24;-6;-24;-5;-23;-5;-22;-5;106;0;1;-26;0;-25;-1;-24;-2;-23;-3;-23;-4;-22;-5;-21;-5;-20;-6;-19;-7;-17;-8;-16;-9;-16;-10;-16;-10;-16;-11;-16;-11;-15;-11;-15;-11;-15;-11;-14;-12;-14;-12;-14;-12;-14;-12;-14;-12;-14;-11;-14;-11;-15;-10;-15;-10;-15;-4;-6;-1;-2;0;0;-1;0;-1;0;0;-2;1;-5;3;-13;3;-14;4;-14;4;-15;5;-16;6;-16;6;-16;6;-17;6;-17;6;-18;5;-19;6;-20;6;-20;7;-21;7;-20;7;-20;6;-20;5;-21;5;-22;5;-23;5;-24;5;-25;4;-25;4;-25;2;-25;1;-26;1;-27;0;-28,transition,EXP_S141,ZONE_02,entree_zone,4.1,entree_zone,entree dans la zone
1929382465,-53,6,a0:9f:7a:73:2b:3e,384,-110;-96;8;0;28;33;27;34;25;33;22;30;19;25;16;20;14;14;12;7;10;1;9;-6;9;-11;9;-16;10;-19;10;-22;11;-24;11;-24;11;-24;11;-23;9;-21;7;-19;5;-17;2;-15;-2;-13;-5;-11;-7;-10;-2;-3;0;0;0;0;0;0;0;0;0;0;0;0;0;0;0;0;0;0;-6;-7;-23;-29;-21;-31;-17;-33;-13;-32;-9;-29;-6;-24;-5;-17;-5;-8;-7;0;-11;8;-16;14;-23;20;-29;23;-34;23;-39;23;-41;21;-41;18;-39;16;-35;13;-29;11;-22;10;-13;11;-3;12;6;15;14;18;20;22;-126;0;16;-3;16;-3;15;-3;15;-2;14;-2;13;-2;11;-1;11;-1;10;-1;10;0;10;-1;9;-1;9;-1;8;0;8;0;7;0;7;1;7;1;7;0;7;0;6;0;6;1;5;1;5;1;5;1;6;2;6;1;5;1;2;0;0;0;-1;-1;0;1;-1;0;-1;-2;0;-6;0;-17;1;-17;2;-17;3;-17;4;-16;6;-16;7;-16;8;-16;10;-16;10;-16;11;-16;11;-15;12;-14;13;-12;14;-12;15;-11;15;-11;15;-11;15;-10;15;-9;15;-9;16;-8;16;-7;17;-7;17;-7;17;-7;17;-7;16;-6;-126;0;10;27;10;26;10;25;11;23;11;22;11;21;12;20;12;19;12;17;12;16;12;15;12;14;13;13;13;12;13;12;14;11;14;11;14;10;14;10;14;9;14;9;14;10;14;10;14;10;13;10;13;10;12;11;12;12;4;4;1;1;-1;-1;-1;-2;-1;-1;0;1;2;6;6;16;6;17;5;17;5;18;5;19;5;20;5;20;4;21;5;22;5;22;5;23;5;24;4;24;4;25;4;25;4;25;4;25;5;25;6;25;6;26;7;27;7;27;8;27;9;28;9;28;10;28;11;28;11;28,transition,EXP_S141,ZONE_02,entree_zone,4.1,entree_zone,entree dans la zone
1929584137,-56,6,a0:9f:7a:73:2b:3e,384,-110;-96;8;0;-40;-19;-40;-19;-38;-18;-34;-16;-29;-13;-23;-9;-17;-5;-11;-1;-4;3;2;7;8;10;12;13;16;15;19;17;22;17;22;17;22;16;21;14;20;11;17;8;15;4;12;0;9;-4;5;-8;4;-11;0;-3;0;0;0;0;0;0;0;0;0;0;0;0;0;0;0;0;0;0;-7;6;-27;24;-29;23;-31;21;-31;18;-30;14;-26;10;-20;6;-12;2;-3;-1;6;-3;15;-4;24;-4;32;-3;38;-2;42;0;43;1;43;2;41;3;36;3;30;2;22;1;12;-1;2;-4;-8;-7;-18;-10;-25;-12;102;0;-18;10;-18;9;-18;9;-17;8;-16;7;-15;7;-14;6;-14;5;-14;4;-13;4;-13;4;-12;4;-12;3;-11;3;-11;2;-11;2;-11;2;-11;2;-11;2;-10;2;-9;1;-9;1;-9;0;-9;0;-9;0;-9;0;-9;0;-9;0;-4;0;-1;-1;0;-1;-1;-2;-1;-1;0;1;2;6;5;17;4;18;3;19;2;19;1;19;0;19;-2;19;-3;20;-5;21;-6;21;-7;21;-8;20;-9;19;-10;19;-11;18;-12;18;-13;18;-13;17;-13;17;-14;16;-14;15;-15;15;-16;14;-17;14;-17;14;-18;14;-17;13;-17;13;102;0;-17;-20;-17;-19;-17;-17;-17;-16;-17;-14;-18;-13;-18;-12;-17;-11;-17;-10;-17;-9;-16;-8;-17;-7;-17;-6;-17;-5;-18;-5;-18;-4;-18;-4;-18;-3;-18;-3;-18;-2;-18;-2;-18;-2;-18;-3;-18;-3;-18;-3;-18;-4;-18;-5;-18;-5;-7;-2;-2;-1;0;0;0;0;0;0;-1;-2;-3;-6;-7;-15;-7;-15;-7;-16;-7;-16;-7;-17;-7;-17;-7;-18;-7;-18;-7;-18;-7;-18;-8;-19;-8;-19;-8;-20;-8;-20;-8;-20;-8;-20;-8;-20;-10;-20;-11;-20;-12;-20;-13;-21;-13;-21;-14;-21;-14;-20;-15;-20;-16;-20;-17;-20;-18;-20,transition,EXP_S141,ZONE_02,entree_zone,4.1,entree_zone,entree dans la zone
1929782297,-55,6,a0:9f:7a:73:2b:3e,384,-110;-96;8;0;-21;29;-22;30;-23;30;-22;28;-21;25;-18;21;-15;17;-11;12;-7;8;-2;4;3;0;7;-2;10;-5;14;-6;16;-7;18;-7;18;-6;18;-5;17;-4;14;-3;11;-2;8;-1;5;-1;1;-1;-2;-1;-1;-1;0;0;0;0;0;0;0;0;0;0;0;0;0;0;0;0;0;0;6;0;28;2;30;4;31;5;31;7;30;8;27;9;23;8;18;5;12;2;6;-3;0;-9;-4;-16;-7;-22;-9;-28;-11;-33;-11;-36;-11;-38;-10;-39;-9;-37;-9;-33;-8;-28;-7;-21;-8;-13;-9;-4;-10;5;-12;11;113;0;9;12;9;13;9;13;9;13;9;12;8;11;8;10;7;10;6;10;6;10;6;10;6;9;6;9;5;8;5;8;5;8;4;8;4;8;4;8;4;8;4;7;4;7;3;7;3;7;3;7;3;7;3;7;3;7;1;2;0;0;-1;-1;-1;0;-1;0;1;-1;4;-1;12;-3;12;-3;13;-2;13;-2;13;-1;13;-1;13;1;13;2;14;3;14;4;15;4;14;5;14;5;13;6;12;7;13;8;13;8;13;9;13;9;13;9;12;9;12;9;11;10;12;11;12;12;12;12;12;12;12;12;113;0;-24;8;-22;8;-21;8;-20;8;-18;9;-17;9;-16;10;-15;9;-14;9;-12;9;-11;9;-10;9;-9;9;-8;9;-8;9;-7;8;-6;8;-5;8;-4;8;-3;8;-3;8;-2;8;-2;8;-2;8;-1;7;-1;7;-1;7;-1;7;-1;2;-1;0;0;-1;1;0;0;0;-3;-1;-7;-1;-19;-3;-19;-3;-18;-3;-19;-3;-19;-3;-19;-3;-20;-4;-20;-3;-21;-3;-21;-3;-21;-2;-22;-2;-22;-2;-22;-2;-22;-2;-22;-2;-22;-1;-22;0;-22;1;-23;2;-24;3;-24;4;-24;4;-24;5;-24;6;-24;7;-24;8;-25;9,transition,EXP_S141,ZONE_02,entree_zone,4.1,entree_zone,entree dans la zone
1929984616,-56,6,a0:9f:7a:73:2b:3e,384,-110;-96;8;0;30;42;26;40;22;36;17;30;14;22;11;14;9;4;8;-4;7;-12;8;-20;10;-26;12;-30;15;-33;17;-34;19;-33;19;-30;19;-27;17;-23;14;-19;9;-14;4;-11;-1;-8;-7;-6;-12;-5;-17;-5;-5;-2;0;0;0;0;0;0;0;0;0;0;0;0;0;0;0;0;0;0;-3;-6;-10;-22;-9;-23;-7;-23;-6;-21;-4;-18;-4;-14;-5;-8;-7;-2;-10;4;-14;9;-19;13;-24;16;-29;17;-32;17;-34;16;-35;14;-32;12;-28;10;-23;9;-15;9;-7;11;3;13;12;17;20;21;27;27;31;31;123;0;17;10;17;10;16;10;16;10;15;11;14;11;13;11;12;11;12;12;12;12;11;11;11;11;10;11;9;11;9;11;8;12;8;12;8;12;8;12;7;11;7;11;6;11;5;11;5;11;5;11;5;11;4;11;4;11;1;4;0;1;-1;-1;-1;0;-1;0;0;-1;0;-4;1;-10;1;-10;2;-10;3;-9;4;-9;5;-9;6;-9;7;-9;8;-9;9;-8;10;-8;10;-7;11;-6;12;-5;13;-4;13;-3;14;-3;14;-2;14;-1;14;0;15;1;16;2;16;3;17;4;17;4;17;5;17;6;17;7;123;0;12;28;13;27;13;26;13;25;13;24;13;24;13;22;13;21;13;20;13;18;13;17;14;17;14;16;14;16;14;16;14;15;14;15;14;14;14;14;14;14;14;14;13;14;13;14;13;14;12;14;12;14;11;15;10;15;3;5;1;1;-1;-1;-1;-1;-1;-1;0;1;0;4;2;12;2;12;2;12;2;13;3;13;3;14;3;14;3;15;4;16;4;16;5;17;5;18;5;19;5;19;5;20;6;20;6;21;7;21;8;22;8;23;9;24;10;25;10;25;11;26;12;26;13;27;14;28;14;28,transition,EXP_S141,ZONE_02,entree_zone,4.1,entree_zone,entree dans la zone
1930188239,-57,6,a0:9f:7a:73:2b:3e,384,-110;-96;8;0;-30;31;-28;30;-24;28;-20;24;-15;19;-10;13;-7;6;-4;-2;-2;-10;-2;-17;-3;-23;-4;-28;-6;-32;-9;-34;-11;-34;-14;-32;-15;-29;-16;-24;-16;-19;-16;-12;-13;-6;-10;0;-6;7;-2;12;1;16;0;4;0;0;0;0;0;0;0;0;0;0;0;0;0;0;0;0;0;0;-5;-4;-21;-17;-22;-18;-22;-20;-21;-20;-19;-19;-15;-18;-10;-16;-4;-13;2;-10;9;-8;16;-5;22;-3;28;-1;33;1;36;1;36;2;35;2;32;2;28;2;22;2;15;4;7;6;-1;10;-9;14;-16;19;-21;23;72;0;-12;22;-12;21;-12;21;-12;20;-12;19;-11;18;-11;17;-11;16;-10;16;-10;15;-10;15;-9;14;-9;14;-9;13;-9;12;-9;12;-9;12;-9;12;-8;12;-8;11;-8;11;-8;10;-8;10;-8;9;-8;9;-8;9;-8;9;-8;9;-3;3;-1;0;0;-1;-1;-1;-1;-1;1;1;3;4;8;13;7;14;6;15;5;16;4;17;4;17;3;18;2;19;1;20;0;20;-1;21;-1;21;-2;21;-3;21;-4;21;-5;21;-6;21;-6;22;-7;22;-7;22;-8;22;-9;22;-9;22;-10;23;-10;23;-10;23;-10;23;-11;23;72;0;-18;1;-17;2;-17;3;-16;4;-15;6;-15;7;-14;7;-14;8;-13;9;-12;10;-11;11;-10;12;-10;13;-10;14;-10;15;-10;16;-10;16;-10;17;-10;17;-10;18;-10;18;-11;18;-11;18;-11;18;-12;18;-13;18;-14;17;-14;17;-6;6;-2;1;0;-1;0;0;0;0;-1;-2;-2;-4;-3;-11;-3;-10;-4;-10;-4;-10;-5;-10;-5;-10;-5;-10;-6;-10;-6;-9;-7;-9;-7;-9;-8;-9;-9;-9;-9;-9;-10;-9;-10;-8;-11;-8;-11;-7;-12;-7;-13;-6;-14;-6;-15;-6;-15;-5;-16;-4;-16;-3;-17;-2;-18;-1;-18;0,transition,EXP_S141,ZONE_02,entree_zone,4.1,entree_zone,entree dans la zone
1930384538,-55,6,a0:9f:7a:73:2b:3e,384,-110;-96;8;0;30;-24;29;-25;27;-24;23;-23;18;-21;12;-19;6;-15;1;-11;-4;-6;-9;-1;-13;5;-16;10;-18;14;-19;19;-18;22;-17;25;-16;26;-13;27;-10;26;-6;24;-2;22;2;18;6;15;10;11;12;8;3;1;0;0;0;0;0;0;0;0;0;0;0;0;0;0;0;0;0;0;6;-4;25;-15;27;-13;29;-11;29;-8;28;-5;25;-2;20;2;14;5;6;9;-2;12;-9;14;-17;15;-24;16;-29;16;-33;15;-35;14;-35;13;-33;12;-30;10;-25;8;-19;5;-12;1;-4;-3;4;-7;12;-11;18;-15;87;0;6;-19;6;-18;6;-17;6;-16;6;-15;5;-14;5;-13;5;-13;4;-12;4;-12;3;-11;3;-11;3;-10;3;-10;3;-10;3;-9;3;-9;3;-9;3;-8;3;-8;3;-8;3;-8;3;-7;3;-7;3;-7;3;-6;4;-6;4;-6;1;-3;0;-1;-1;0;0;1;0;0;-2;-2;-4;-7;-9;-18;-9;-18;-7;-19;-6;-20;-5;-21;-5;-21;-4;-22;-3;-22;-2;-23;-1;-23;0;-24;1;-24;2;-24;2;-23;3;-23;4;-23;4;-22;5;-22;5;-22;5;-22;5;-22;6;-22;6;-22;6;-22;6;-21;6;-21;6;-21;6;-21;87;0;19;3;19;2;19;1;19;0;18;-1;18;-2;18;-3;17;-4;17;-5;16;-6;16;-7;16;-8;16;-9;16;-10;17;-10;17;-11;18;-11;18;-11;18;-11;18;-11;18;-11;19;-11;19;-11;19;-10;19;-10;19;-9;20;-8;20;-7;7;-3;2;-1;-1;0;-1;-1;-1;-1;0;1;1;3;3;9;3;9;3;9;3;9;3;9;4;9;4;9;5;9;5;10;6;10;6;10;7;10;8;10;8;10;9;10;9;9;10;9;10;9;11;9;12;8;13;8;14;8;15;7;15;7;16;6;17;5;18;5;18;4,transition,EXP_S141,ZONE_02,entree_zone,4.1,entree_zone,entree dans la zone
1930585331,-57,6,a0:9f:7a:73:2b:3e,384,-110;-96;8;0;10;39;11;36;11;30;10;24;8;16;5;9;2;2;-2;-5;-7;-10;-12;-14;-17;-17;-22;-18;-26;-17;-29;-16;-31;-13;-31;-10;-30;-6;-28;-2;-24;3;-19;7;-14;10;-8;13;-1;15;5;16;9;16;2;4;0;0;0;0;0;0;0;0;0;0;0;0;0;0;0;0;0;0;-5;4;-21;17;-22;15;-23;13;-23;9;-21;5;-19;0;-15;-5;-11;-11;-6;-17;-1;-22;3;-27;7;-31;11;-34;13;-35;15;-35;16;-34;15;-31;14;-26;12;-21;11;-13;9;-5;8;3;8;12;7;21;8;28;8;33;82;0;13;18;12;18;12;17;11;16;10;15;10;14;9;13;8;13;8;12;8;11;8;11;8;10;7;9;7;9;6;8;6;8;6;8;6;8;6;8;6;7;5;7;5;7;5;7;5;6;5;6;5;6;5;6;5;6;1;2;0;0;-1;-1;-2;-1;-1;-1;2;0;6;1;18;3;18;4;18;5;18;7;18;8;19;9;19;10;19;11;19;12;19;13;18;14;18;15;18;15;17;16;17;16;17;16;16;17;16;17;16;18;15;18;15;18;15;18;15;18;15;19;15;19;15;19;15;18;14;18;82;0;-2;17;-1;17;1;17;2;17;3;16;4;16;5;16;6;15;7;14;8;13;10;13;11;13;12;13;13;13;14;13;15;14;15;14;16;14;16;15;16;15;16;15;16;15;16;15;16;16;16;16;15;17;15;18;14;19;5;7;1;2;-1;-1;0;-1;0;-1;-1;0;-2;0;-6;0;-6;1;-6;1;-6;2;-7;3;-7;3;-7;3;-7;4;-7;5;-8;6;-8;7;-8;7;-8;8;-9;8;-9;8;-8;9;-8;9;-8;10;-8;11;-8;12;-8;13;-7;14;-7;14;-6;15;-5;15;-4;16;-3;17;-3;17,transition,EXP_S141,ZONE_02,entree_zone,4.1,entree_zone,entree dans la zone
1930782809,-55,6,a0:9f:7a:73:2b:3e,384,-110;-96;8;0;-11;-29;-13;-31;-14;-32;-14;-30;-15;-27;-16;-24;-16;-19;-17;-15;-17;-10;-17;-6;-17;-2;-17;3;-16;7;-15;11;-13;14;-12;17;-10;20;-9;21;-7;23;-5;24;-4;24;-2;24;-1;23;1;22;2;21;0;5;0;0;0;0;0;0;0;0;0;0;0;0;0;0;0;0;0;0;-4;6;-15;27;-19;27;-23;26;-27;23;-28;18;-27;13;-24;8;-18;3;-11;-1;-3;-4;5;-5;14;-4;22;-2;29;1;33;4;36;7;36;10;36;12;34;12;31;12;26;9;21;6;14;2;9;-3;3;-9;0;-14;121;0;-12;2;-12;2;-12;2;-11;2;-10;3;-8;3;-7;2;-6;2;-5;1;-5;1;-5;1;-5;2;-4;3;-3;3;-3;2;-2;2;-2;2;-3;2;-3;2;-3;2;-3;3;-2;3;-1;2;-1;2;-2;2;-2;1;-3;1;-3;1;-2;0;-1;0;0;-1;0;-2;0;-1;-1;1;-4;6;-10;17;-11;16;-12;16;-13;16;-14;15;-15;14;-16;13;-17;12;-18;12;-19;11;-19;11;-19;11;-19;10;-19;9;-19;8;-19;7;-19;6;-19;6;-18;6;-18;6;-17;5;-16;5;-16;4;-17;4;-16;4;-16;4;-16;5;-15;5;121;0;6;-25;5;-25;4;-24;3;-23;2;-23;1;-23;0;-22;-1;-22;-2;-21;-2;-20;-3;-20;-4;-20;-5;-20;-6;-20;-7;-20;-7;-20;-7;-20;-7;-20;-7;-20;-7;-20;-7;-20;-7;-20;-7;-20;-7;-20;-6;-20;-6;-21;-5;-21;-4;-21;-2;-8;-1;-3;0;0;-1;0;-1;0;1;-2;3;-4;9;-9;9;-9;9;-10;9;-10;9;-11;10;-11;10;-11;11;-11;11;-11;10;-12;10;-12;10;-13;11;-14;11;-14;12;-14;11;-14;11;-15;10;-15;10;-16;9;-18;9;-19;9;-20;9;-21;9;-21;8;-22;7;-23;7;-24;6;-24,transition,EXP_S141,ZONE_02,entree_zone,4.1,entree_zone,entree dans la zone
1930984179,-57,6,a0:9f:7a:73:2b:3e,384,-110;-96;8;0;24;29;23;27;22;24;21;19;20;14;19;8;19;3;19;-2;18;-7;18;-11;17;-15;16;-18;15;-20;14;-22;12;-24;10;-26;8;-28;6;-29;4;-29;2;-29;0;-29;-1;-28;-3;-27;-5;-25;-6;-24;-2;-6;0;0;0;0;0;0;0;0;0;0;0;0;0;0;0;0;0;0;-3;-8;-8;-29;-4;-30;1;-29;6;-25;8;-19;9;-12;8;-4;4;3;-2;10;-8;15;-15;18;-22;19;-28;18;-32;16;-35;12;-35;9;-33;6;-29;4;-24;3;-17;3;-9;5;-2;7;6;11;12;15;17;19;21;23;-127;0;11;3;10;3;9;3;8;2;7;2;6;2;5;2;5;2;4;1;4;1;3;0;3;0;2;-1;2;-1;1;-1;1;-1;1;-2;1;-2;1;-2;1;-3;1;-3;1;-3;1;-3;1;-3;1;-3;2;-3;2;-3;2;-4;0;-2;0;-1;-1;0;-1;0;-1;0;1;-2;5;-5;14;-12;15;-11;16;-10;17;-9;17;-8;18;-7;18;-7;19;-6;19;-5;19;-4;20;-3;19;-2;19;-1;19;0;19;0;18;1;18;1;17;1;17;2;16;2;16;2;16;2;15;3;15;3;15;3;14;3;13;3;13;3;-127;0;9;23;10;23;11;22;11;21;12;21;13;20;14;19;15;18;15;17;16;16;16;16;17;15;18;15;18;14;19;14;19;15;20;15;20;15;20;15;20;15;20;15;19;15;19;15;19;16;18;16;17;17;16;18;16;19;5;7;1;2;-1;-1;0;-1;0;-1;-1;1;-1;3;-3;9;-3;9;-3;9;-3;10;-3;10;-3;11;-3;11;-3;12;-3;13;-2;13;-2;14;-2;15;-2;15;-2;16;-2;16;-2;16;-1;17;0;18;0;18;1;19;2;20;3;20;3;21;4;22;5;22;6;23;7;23;8;24,transition,EXP_S141,ZONE_02,entree_zone,4.1,entree_zone,entree dans la zone
1931184979,-57,6,a0:9f:7a:73:2b:3e,384,-110;-96;8;0;27;-17;27;-18;27;-19;25;-19;22;-19;18;-20;14;-20;11;-20;7;-20;3;-20;0;-20;-3;-20;-6;-19;-9;-18;-12;-17;-15;-16;-17;-15;-19;-14;-21;-14;-22;-13;-23;-12;-23;-11;-22;-10;-21;-9;-21;-8;-5;-2;0;0;0;0;0;0;0;0;0;0;0;0;0;0;0;0;0;0;-6;5;-22;19;-26;17;-30;14;-32;9;-32;4;-29;0;-24;-4;-17;-5;-9;-5;-1;-2;6;2;12;8;15;15;17;21;18;27;16;31;14;33;12;33;11;31;9;28;9;23;9;17;10;11;13;4;16;-2;18;-7;-119;0;-5;-8;-4;-8;-4;-8;-4;-7;-4;-6;-4;-5;-3;-4;-3;-3;-2;-3;-3;-3;-3;-2;-3;-2;-3;-1;-3;-1;-3;0;-3;0;-3;0;-3;0;-4;-1;-4;-1;-4;0;-4;0;-4;0;-4;-1;-4;-1;-4;-2;-4;-2;-4;-3;-2;-1;-1;-1;0;0;1;0;0;0;-2;-1;-7;-1;-18;-3;-18;-4;-18;-5;-18;-6;-18;-7;-17;-8;-17;-9;-17;-10;-16;-11;-16;-12;-16;-12;-15;-13;-14;-13;-13;-13;-12;-13;-12;-13;-11;-14;-11;-13;-11;-13;-10;-12;-9;-12;-9;-12;-8;-12;-8;-12;-8;-12;-7;-11;-7;-11;-7;-10;-119;0;26;-6;25;-7;24;-7;23;-8;22;-9;21;-10;21;-10;20;-11;19;-11;18;-12;17;-12;16;-13;15;-14;15;-15;15;-15;14;-16;14;-16;14;-16;14;-16;14;-16;13;-16;13;-16;13;-16;13;-16;14;-15;14;-15;15;-14;16;-14;5;-5;1;-2;-1;0;-1;-1;-1;-1;1;0;4;2;11;6;11;6;11;6;11;6;12;6;12;6;13;6;13;6;14;6;14;6;15;5;15;5;16;5;17;5;17;5;17;4;17;4;18;3;19;2;20;1;21;0;22;-1;23;-1;23;-2;24;-3;24;-4;25;-5;26;-5,transition,EXP_S141,ZONE_02,entree_zone,4.1,entree_zone,entree dans la zone
1931382539,-56,6,a0:9f:7a:73:2b:3e,384,-110;-96;8;0;-31;-12;-33;-12;-34;-11;-34;-10;-32;-7;-29;-4;-25;-2;-20;1;-15;3;-10;4;-4;5;2;6;7;6;12;6;17;5;20;3;23;2;25;0;26;-2;25;-4;24;-5;22;-6;19;-7;16;-8;13;-9;3;-3;0;0;0;0;0;0;0;0;0;0;0;0;0;0;0;0;0;0;-7;0;-29;0;-31;-2;-32;-5;-32;-7;-31;-9;-27;-10;-22;-11;-15;-11;-8;-10;1;-8;9;-5;16;-2;23;2;29;6;33;9;35;11;36;13;36;14;34;13;31;12;26;10;20;7;12;4;4;1;-4;-2;-10;-5;95;0;-13;12;-13;12;-13;11;-13;11;-12;10;-10;10;-9;9;-9;8;-8;7;-8;7;-8;7;-7;7;-6;7;-6;7;-5;7;-5;6;-5;6;-6;6;-6;6;-6;7;-5;6;-5;6;-5;6;-5;5;-6;5;-6;5;-7;5;-7;5;-3;1;-1;0;0;-1;-1;-2;-1;-1;0;1;2;6;5;16;4;17;3;18;2;19;1;19;0;19;-2;20;-3;20;-4;21;-5;21;-6;21;-7;21;-8;20;-10;19;-11;18;-11;18;-12;18;-12;18;-12;18;-12;17;-13;17;-13;16;-14;16;-14;16;-15;16;-15;15;-14;15;-14;15;95;0;-6;-21;-6;-20;-6;-20;-7;-19;-7;-18;-8;-17;-9;-16;-9;-16;-9;-15;-9;-15;-9;-14;-10;-13;-11;-12;-11;-12;-12;-12;-12;-12;-12;-12;-12;-13;-12;-12;-12;-12;-12;-13;-12;-13;-12;-13;-12;-14;-12;-14;-11;-15;-10;-16;-9;-16;-4;-6;-1;-2;0;0;0;0;-1;0;-1;-2;-1;-5;-1;-12;0;-12;0;-12;-1;-12;-1;-13;-1;-13;0;-14;0;-14;0;-14;0;-14;-1;-15;-1;-15;-1;-16;-1;-17;-1;-17;-1;-17;-1;-17;-2;-17;-2;-17;-3;-18;-4;-19;-4;-19;-4;-20;-4;-20;-5;-20;-5;-20;-6;-20;-7;-21,transition,EXP_S141,ZONE_02,entree_zone,4.1,entree_zone,entree dans la zone
1931587509,-51,6,a0:9f:7a:73:2b:3e,384,-110;-96;8;0;24;6;28;6;30;7;31;7;31;6;29;5;27;4;24;3;20;1;16;-1;11;-3;6;-5;2;-8;-3;-11;-7;-13;-10;-16;-12;-18;-14;-19;-15;-20;-15;-21;-15;-20;-14;-19;-13;-17;-11;-15;-11;-13;-3;-3;0;0;0;0;0;0;0;0;0;0;0;0;0;0;0;0;0;0;0;-6;3;-25;5;-25;8;-26;10;-25;12;-23;12;-19;11;-15;9;-11;6;-6;2;-1;-4;3;-10;6;-15;8;-20;10;-25;10;-28;11;-30;10;-31;10;-31;9;-29;8;-26;7;-21;6;-16;5;-10;4;-2;4;3;4;115;0;5;-29;5;-29;5;-28;5;-28;3;-27;2;-26;1;-24;1;-22;1;-21;1;-21;1;-21;0;-21;-1;-21;-1;-20;-1;-20;-1;-19;0;-18;1;-18;2;-18;2;-18;2;-17;2;-17;1;-16;2;-14;3;-14;4;-13;5;-13;6;-13;2;-5;0;-2;-1;0;0;1;0;0;-2;-3;-4;-9;-11;-25;-10;-26;-9;-27;-8;-27;-6;-28;-5;-28;-3;-29;-1;-30;0;-31;1;-32;1;-33;2;-33;3;-32;4;-31;5;-31;6;-31;6;-31;6;-31;6;-31;5;-31;5;-30;6;-29;6;-30;7;-30;6;-31;6;-32;5;-33;4;-32;115;0;21;36;21;35;21;33;21;31;22;30;22;28;23;28;24;27;24;26;24;25;24;24;24;22;25;21;25;21;26;21;26;21;26;22;25;22;24;22;23;22;23;21;23;21;23;21;22;21;21;22;20;23;18;23;17;24;6;8;1;2;-1;-1;-1;-2;-1;-1;0;2;2;7;7;21;6;21;6;21;6;22;6;23;6;24;5;25;4;26;4;26;4;27;4;27;5;28;5;28;5;29;5;30;5;29;6;29;7;29;9;29;10;30;11;31;12;33;13;34;14;34;15;34;17;34;19;34;20;34,transition,EXP_S141,ZONE_02,entree_zone,4.1,entree_zone,entree dans la zone
1931782304,-53,6,a0:9f:7a:73:2b:3e,384,-110;-96;8;0;15;14;19;16;21;17;23;18;23;19;23;18;22;17;20;15;18;13;16;9;13;6;10;3;7;-1;5;-5;2;-9;0;-13;-1;-16;-2;-19;-2;-22;-2;-23;-2;-24;-1;-23;-1;-22;0;-20;0;-18;0;-5;0;0;0;0;0;0;0;0;0;0;0;0;0;0;0;0;0;0;1;-6;7;-22;9;-22;11;-22;13;-21;14;-19;14;-16;12;-13;10;-9;6;-6;1;-3;-4;0;-10;2;-15;2;-20;3;-25;2;-28;1;-30;1;-32;0;-31;-1;-30;-1;-28;-2;-24;-1;-19;0;-14;2;-7;3;-3;5;110;0;15;-23;15;-23;15;-22;14;-22;13;-22;11;-22;10;-21;9;-20;8;-20;8;-19;8;-19;8;-20;7;-20;6;-20;5;-19;5;-19;5;-18;5;-17;6;-17;6;-17;6;-17;5;-17;5;-16;5;-15;5;-14;6;-13;8;-12;9;-12;3;-5;1;-2;-1;0;-1;1;-1;0;0;-3;1;-8;5;-22;6;-23;7;-23;8;-23;8;-22;9;-22;11;-22;12;-22;14;-22;15;-23;15;-23;15;-23;16;-22;16;-21;17;-21;18;-20;18;-21;18;-21;18;-22;17;-22;17;-22;17;-22;17;-22;18;-23;18;-24;18;-25;17;-25;17;-26;110;0;-6;40;-6;39;-5;38;-5;37;-3;36;-2;35;-1;35;0;34;1;34;1;33;2;32;2;31;3;30;4;30;4;30;4;30;4;31;3;30;3;30;2;29;2;28;2;28;2;27;2;27;1;26;-1;26;-2;26;-3;25;-2;9;-1;2;0;-1;0;-2;0;-1;-1;2;-2;7;-6;21;-6;21;-7;21;-7;22;-8;22;-9;23;-10;24;-11;24;-12;25;-12;25;-12;25;-12;26;-12;27;-13;27;-13;27;-14;27;-13;27;-12;27;-11;28;-10;30;-10;32;-10;33;-10;34;-10;35;-9;36;-8;37;-7;38;-6;39,transition,EXP_S141,ZONE_02,entree_zone,4.1,entree_zone,entree dans la zone
1931982835,-55,6,a0:9f:7a:73:2b:3e,384,-110;-96;8;0;-24;-5;-28;-4;-31;-4;-33;-4;-33;-5;-34;-6;-33;-7;-32;-7;-29;-7;-27;-6;-24;-5;-22;-3;-19;-1;-17;1;-16;5;-15;8;-15;11;-16;13;-18;15;-20;15;-21;15;-22;14;-23;13;-23;11;-23;9;-6;2;0;0;0;0;0;0;0;0;0;0;0;0;0;0;0;0;0;0;0;-6;1;-24;3;-25;6;-26;9;-25;11;-24;12;-22;12;-19;11;-17;8;-15;5;-13;1;-13;-4;-13;-8;-15;-11;-18;-13;-22;-14;-25;-14;-28;-14;-30;-13;-32;-11;-32;-10;-31;-9;-29;-9;-26;-10;-23;-11;-19;-13;-16;-103;0;6;6;6;6;6;6;6;6;6;6;6;5;6;4;6;3;6;3;5;3;5;3;6;3;6;3;6;3;6;3;6;2;6;2;5;2;5;2;5;3;6;3;6;2;5;2;5;2;4;2;4;2;4;3;3;3;1;1;0;0;-1;-1;-1;-1;-1;-1;0;0;2;1;5;4;5;5;5;5;5;5;5;5;5;6;5;6;4;6;4;7;5;7;5;8;5;7;5;7;4;7;4;7;3;8;3;8;4;8;4;8;5;7;5;7;5;7;5;7;5;8;5;8;5;8;6;8;7;7;-103;0;-23;-18;-23;-18;-23;-17;-22;-16;-22;-15;-22;-14;-22;-13;-22;-12;-22;-11;-22;-10;-21;-10;-21;-9;-21;-9;-21;-8;-21;-8;-21;-8;-21;-8;-21;-8;-21;-8;-20;-8;-19;-8;-19;-8;-19;-8;-18;-8;-18;-8;-17;-9;-17;-9;-16;-10;-6;-4;-2;-2;0;0;0;0;0;0;-2;-2;-4;-5;-11;-13;-10;-14;-10;-14;-10;-15;-10;-15;-10;-16;-10;-16;-10;-17;-10;-18;-10;-18;-10;-18;-10;-19;-10;-19;-11;-19;-11;-19;-11;-19;-11;-19;-12;-18;-13;-18;-14;-18;-15;-18;-16;-19;-17;-19;-18;-19;-19;-19;-20;-19;-21;-19;-21;-19,transition,EXP_S141,ZONE_02,entree_zone,4.1,entree_zone,entree dans la zone
1932183948,-58,6,a0:9f:7a:73:2b:3e,384,-110;-96;8;0;7;-17;9;-23;11;-28;12;-31;12;-33;13;-33;12;-33;11;-31;9;-28;7;-24;5;-19;2;-14;0;-9;-3;-4;-6;2;-9;6;-13;10;-15;13;-18;16;-20;17;-21;17;-21;17;-21;16;-19;14;-18;13;-5;3;0;0;0;0;0;0;0;0;0;0;0;0;0;0;0;0;0;0;-4;-5;-16;-19;-17;-21;-17;-23;-16;-25;-15;-26;-13;-25;-11;-23;-8;-20;-6;-15;-4;-10;-2;-3;-1;3;-1;10;-1;16;-2;22;-2;27;-3;31;-3;34;-3;35;-4;35;-4;34;-3;31;-3;26;-2;20;0;13;1;7;113;0;-18;-4;-17;-5;-17;-5;-17;-5;-17;-4;-17;-3;-16;-2;-15;-1;-14;-1;-14;-1;-14;-1;-15;-1;-15;-1;-15;0;-14;0;-13;0;-13;0;-13;-1;-13;-1;-13;-2;-13;-2;-12;-1;-12;-1;-11;-1;-11;-1;-10;-2;-10;-3;-10;-4;-4;-2;-2;-1;0;0;0;-1;0;0;-2;0;-5;0;-12;1;-13;0;-13;0;-14;-1;-14;-1;-14;-1;-14;-2;-14;-3;-15;-4;-15;-5;-16;-5;-16;-5;-15;-5;-15;-5;-15;-6;-15;-6;-15;-7;-16;-7;-16;-6;-16;-6;-16;-5;-16;-5;-16;-5;-17;-6;-17;-6;-18;-6;-19;-6;-19;-5;113;0;21;0;21;1;21;0;20;0;19;-1;18;-2;18;-3;18;-4;18;-4;17;-4;17;-4;16;-4;16;-5;15;-5;15;-6;15;-6;16;-6;16;-6;15;-6;15;-5;14;-5;14;-5;14;-5;14;-5;14;-4;14;-4;14;-3;14;-2;5;-1;1;-1;-1;0;-1;-1;-1;-1;1;0;4;1;13;3;13;4;13;4;13;4;13;5;14;5;14;6;14;7;14;7;14;7;14;7;14;7;14;7;14;8;15;8;14;8;14;7;14;7;15;6;16;5;17;5;18;4;19;4;19;4;19;4;19;3;20;3;20;2,transition,EXP_S141,ZONE_02,entree_zone,4.1,entree_zone,entree dans la zone
1932388983,-58,6,a0:9f:7a:73:2b:3e,384,-110;-96;8;0;4;-18;6;-24;7;-28;7;-31;6;-33;6;-34;5;-33;4;-30;3;-27;2;-23;1;-18;0;-13;-2;-7;-3;-2;-4;4;-6;10;-7;14;-9;18;-10;21;-10;22;-11;23;-11;23;-11;22;-10;20;-10;18;-3;4;0;0;0;0;0;0;0;0;0;0;0;0;0;0;0;0;0;0;-2;-6;-8;-22;-8;-24;-7;-27;-6;-28;-5;-28;-4;-27;-3;-25;-1;-21;0;-16;0;-10;0;-4;-1;3;-2;10;-3;16;-4;21;-5;25;-6;29;-6;31;-6;33;-6;33;-6;31;-5;28;-5;24;-4;18;-2;11;-1;6;103;0;-18;-1;-18;-1;-18;-1;-17;-1;-17;-1;-17;0;-16;0;-15;1;-14;1;-14;0;-14;0;-14;0;-14;1;-14;2;-14;2;-13;2;-13;2;-12;1;-12;1;-12;0;-12;1;-12;1;-11;1;-11;1;-10;0;-10;-1;-10;-1;-10;-2;-4;-1;-2;-1;0;0;0;-1;0;-1;-2;0;-5;1;-12;3;-13;3;-13;2;-14;2;-14;1;-14;1;-14;0;-15;0;-15;-1;-16;-1;-16;-2;-16;-2;-16;-2;-16;-3;-16;-3;-16;-3;-16;-4;-16;-4;-17;-3;-17;-3;-17;-3;-17;-3;-17;-3;-18;-3;-18;-3;-19;-3;-19;-2;-20;-2;103;0;19;-4;19;-4;19;-4;18;-4;17;-5;16;-6;16;-6;15;-6;15;-7;15;-7;14;-7;13;-7;13;-8;13;-8;13;-9;13;-9;13;-9;13;-8;13;-8;13;-7;12;-7;12;-7;11;-8;12;-8;12;-7;12;-6;12;-6;12;-5;4;-2;1;-1;-1;0;-1;-1;-1;-1;1;0;4;0;12;1;12;1;12;2;12;2;12;2;13;3;13;3;14;4;14;4;14;4;14;4;14;4;14;4;15;4;15;4;15;4;14;4;14;3;15;3;15;2;16;1;17;1;18;1;18;0;18;0;18;-1;18;-2;18;-3,stable,EXP_S141,ZONE_02,entree_zone,4.1,entree_zone,entree dans la zone
1932582626,-54,6,a0:9f:7a:73:2b:3e,384,-110;-96;8;0;18;-17;22;-21;25;-24;26;-26;25;-27;24;-27;22;-26;19;-25;15;-22;11;-19;6;-15;2;-10;-2;-6;-7;-1;-11;3;-15;7;-18;10;-21;13;-23;15;-24;16;-24;16;-23;16;-21;15;-19;13;-17;12;-4;3;0;0;0;0;0;0;0;0;0;0;0;0;0;0;0;0;0;0;1;-7;5;-28;7;-30;9;-31;11;-31;12;-29;13;-26;12;-22;11;-17;8;-11;5;-5;0;1;-5;7;-10;13;-15;17;-19;21;-23;24;-25;26;-26;27;-26;27;-25;26;-23;24;-20;21;-16;17;-11;12;-5;6;0;1;96;0;-28;-26;-28;-26;-28;-26;-28;-25;-28;-23;-28;-21;-27;-19;-26;-17;-25;-17;-24;-17;-24;-17;-25;-16;-25;-15;-25;-14;-24;-13;-23;-12;-22;-12;-21;-13;-21;-14;-21;-14;-21;-14;-20;-13;-19;-12;-18;-11;-16;-12;-15;-13;-14;-14;-14;-15;-5;-6;-2;-2;0;0;1;0;0;0;-4;-1;-11;-4;-30;-10;-30;-11;-30;-13;-30;-14;-30;-15;-29;-16;-29;-18;-29;-20;-29;-23;-30;-24;-30;-25;-30;-26;-29;-26;-27;-26;-25;-27;-25;-28;-25;-29;-26;-29;-27;-29;-27;-28;-27;-27;-27;-27;-27;-28;-28;-29;-29;-30;-30;-30;-31;-29;-32;-28;96;0;43;11;42;10;41;9;40;7;39;5;38;3;38;2;38;1;38;1;37;0;36;-1;34;-3;34;-4;34;-6;35;-6;36;-6;36;-5;36;-4;34;-3;33;-3;32;-3;32;-4;31;-4;31;-4;31;-3;31;-1;30;1;29;2;10;1;3;0;-2;0;-2;-1;-1;-1;2;1;9;5;24;14;23;14;23;14;23;15;24;16;24;18;24;19;24;21;24;21;24;21;25;21;26;21;27;21;27;21;27;22;26;21;26;21;26;19;28;18;30;17;32;17;34;17;35;18;36;17;36;15;37;13;38;12;39;10,stable,EXP_S141,ZONE_02,entree_zone,4.1,entree_zone,entree dans la zone
1932788886,-58,6,a0:9f:7a:73:2b:3e,384,-110;-96;8;0;-24;-17;-27;-17;-29;-16;-30;-13;-30;-10;-29;-6;-27;-2;-24;1;-20;5;-16;7;-11;9;-5;11;0;11;7;11;12;11;18;10;22;8;25;6;28;4;29;2;29;-1;28;-3;26;-5;23;-8;21;-9;5;-3;0;0;0;0;0;0;0;0;0;0;0;0;0;0;0;0;0;0;-6;-5;-21;-18;-18;-21;-15;-24;-11;-26;-6;-26;-1;-25;4;-22;9;-17;14;-12;18;-6;21;1;23;7;24;13;24;18;24;21;23;23;22;24;21;24;19;22;16;19;13;15;9;10;5;5;0;0;-5;-5;-9;-9;87;0;-28;12;-27;12;-25;12;-23;12;-20;12;-18;13;-16;13;-15;13;-13;13;-12;13;-11;13;-11;14;-10;14;-9;14;-9;14;-8;14;-8;13;-9;13;-9;13;-9;12;-8;12;-8;11;-7;10;-7;9;-7;9;-8;8;-9;7;-10;6;-4;2;-2;0;0;-1;1;-3;1;-1;-3;4;-11;13;-30;36;-32;34;-34;33;-37;30;-39;29;-41;27;-42;25;-43;24;-45;22;-45;21;-46;19;-46;18;-45;16;-45;15;-44;13;-44;12;-43;11;-42;11;-41;11;-40;11;-38;10;-37;10;-37;10;-36;11;-35;11;-34;12;-33;13;-32;13;87;0;1;-41;0;-41;-1;-40;-2;-40;-3;-39;-4;-39;-6;-39;-7;-39;-8;-39;-9;-38;-10;-38;-11;-37;-12;-38;-13;-38;-13;-39;-13;-40;-13;-41;-12;-41;-11;-42;-11;-42;-10;-43;-9;-43;-8;-43;-7;-43;-5;-43;-3;-43;0;-43;2;-43;1;-16;0;-5;0;1;-1;0;-1;-1;0;-1;2;-1;5;-1;4;-2;3;-3;3;-4;3;-6;3;-7;3;-8;3;-10;3;-11;3;-12;3;-14;3;-16;4;-17;4;-18;5;-19;5;-20;5;-21;4;-23;4;-25;4;-26;4;-28;3;-29;3;-31;3;-33;2;-34;1;-36;0;-38;0;-39,stable,EXP_S141,ZONE_02,entree_zone,4.1,entree_zone,entree dans la zone
1932982305,-55,6,a0:9f:7a:73:2b:3e,384,-110;-96;8;0;-26;7;-29;9;-29;10;-29;11;-27;12;-24;13;-22;14;-18;15;-14;15;-10;15;-6;16;-3;15;1;15;5;14;9;13;12;13;15;12;18;10;20;9;21;8;22;7;22;6;22;4;22;3;22;2;5;0;0;0;0;0;0;0;0;0;0;0;0;0;0;0;0;0;0;0;6;2;26;10;26;14;25;19;22;22;18;23;13;23;8;20;3;16;-1;9;-4;2;-5;-6;-4;-14;-2;-22;0;-27;3;-32;6;-35;9;-36;11;-36;11;-34;11;-31;9;-27;6;-23;3;-18;-2;-13;-7;-8;-12;-4;121;0;5;8;5;8;5;8;5;8;5;7;5;5;5;4;4;3;3;3;3;2;3;2;4;2;4;1;4;0;4;0;3;-1;3;0;3;0;3;1;3;1;4;0;4;-1;3;-1;2;-1;2;-1;2;0;2;0;2;1;0;0;0;0;-1;-1;-2;-1;-1;-1;1;0;6;2;16;6;16;7;16;8;16;9;15;10;15;11;14;12;14;13;13;14;13;15;13;15;12;15;12;15;11;14;10;15;9;15;9;15;9;15;9;15;9;14;8;13;7;13;7;13;7;13;7;13;8;12;8;12;8;11;121;0;-24;-5;-24;-5;-23;-4;-22;-3;-22;-2;-21;-1;-21;0;-21;1;-20;1;-19;2;-19;3;-19;4;-19;5;-19;5;-19;6;-19;6;-19;6;-19;6;-19;6;-19;6;-19;6;-19;6;-19;6;-19;5;-20;5;-20;4;-20;3;-21;2;-8;0;-3;0;0;-1;0;0;0;0;-2;-1;-4;-3;-9;-7;-9;-7;-9;-7;-10;-7;-10;-7;-11;-8;-12;-8;-12;-9;-12;-9;-12;-9;-13;-8;-14;-8;-15;-9;-15;-9;-16;-10;-16;-10;-16;-10;-16;-9;-17;-8;-18;-8;-19;-8;-20;-8;-21;-8;-21;-8;-22;-7;-22;-6;-23;-6;-24;-5,stable,EXP_S141,ZONE_02,entree_zone,4.1,entree_zone,entree dans la zone
1933187633,-55,6,a0:9f:7a:73:2b:3e,384,-110;-96;8;0;-23;-25;-25;-24;-27;-22;-27;-19;-26;-15;-24;-10;-21;-6;-16;-2;-11;1;-6;3;0;4;5;3;10;1;14;-2;17;-5;19;-8;20;-12;19;-15;18;-18;16;-20;12;-21;9;-21;5;-20;2;-18;-1;-16;-1;-4;0;0;0;0;0;0;0;0;0;0;0;0;0;0;0;0;0;0;5;-5;21;-20;23;-19;25;-17;26;-15;25;-11;23;-7;21;-2;17;3;13;9;9;14;5;20;1;25;-3;30;-6;33;-8;36;-8;37;-8;36;-8;35;-7;32;-6;27;-5;22;-5;15;-6;7;-8;0;-10;-7;-12;-13;70;0;-20;0;-20;0;-19;0;-18;0;-16;1;-15;1;-14;1;-13;1;-12;1;-12;1;-11;2;-11;2;-10;3;-9;3;-9;3;-9;3;-9;3;-9;3;-9;3;-9;3;-8;4;-8;4;-8;3;-8;3;-8;2;-8;2;-9;2;-9;2;-4;0;-1;0;0;-1;0;-2;0;-1;-2;2;-5;6;-13;17;-14;17;-16;16;-17;16;-18;15;-19;14;-20;13;-22;12;-23;12;-24;11;-24;10;-25;9;-25;7;-25;6;-25;5;-25;4;-25;4;-25;3;-24;3;-24;3;-24;2;-24;2;-24;1;-24;1;-24;1;-24;1;-23;1;-23;1;70;0;2;-18;2;-17;2;-17;1;-16;0;-16;-1;-16;-2;-16;-2;-15;-2;-15;-3;-15;-3;-14;-4;-14;-5;-14;-5;-14;-6;-15;-6;-15;-6;-15;-6;-15;-6;-15;-6;-15;-6;-15;-6;-16;-6;-16;-5;-16;-4;-17;-4;-17;-3;-17;-2;-17;-1;-6;0;-2;0;0;-1;0;-1;0;0;-1;1;-2;3;-5;3;-5;2;-6;2;-6;3;-7;3;-7;3;-8;3;-8;3;-8;3;-8;3;-9;3;-10;4;-11;4;-11;5;-11;4;-11;4;-12;3;-12;3;-13;3;-14;3;-14;4;-15;4;-15;4;-16;3;-16;2;-17;2;-17;2;-18,stable,EXP_S141,ZONE_02,entree_zone,4.1,entree_zone,entree dans la zone
1933386399,-53,6,a0:9f:7a:73:2b:3e,384,-110;-96;8;0;-27;1;-30;2;-31;3;-30;4;-29;6;-27;7;-24;8;-21;9;-17;9;-13;9;-8;9;-4;9;0;9;5;9;9;9;12;8;15;7;17;7;19;6;20;5;20;4;20;4;18;3;17;1;15;0;3;0;0;0;0;0;0;0;0;0;0;0;0;0;0;0;0;0;0;0;2;6;8;24;5;26;2;27;-2;27;-5;25;-7;21;-8;15;-8;9;-6;2;-3;-5;1;-11;6;-16;11;-20;16;-23;20;-24;23;-25;25;-25;26;-24;25;-22;23;-20;19;-18;14;-15;9;-12;2;-9;-4;-6;-10;-5;104;0;5;24;5;23;5;23;5;22;6;20;7;18;7;16;6;14;6;13;5;12;5;12;6;12;7;11;8;10;8;9;7;8;6;8;6;9;5;10;6;10;6;9;6;9;5;8;5;7;3;7;3;8;2;8;2;9;0;3;0;1;-1;-1;-2;-1;-1;-1;3;1;10;5;29;16;28;17;27;19;26;21;25;23;24;24;22;26;21;29;21;31;20;32;19;33;17;33;15;33;13;33;11;33;10;33;10;34;9;34;10;33;9;32;8;31;7;30;6;30;6;31;6;31;7;30;7;30;8;29;104;0;-40;-22;-39;-21;-38;-20;-37;-19;-36;-17;-35;-15;-35;-13;-34;-12;-34;-11;-33;-10;-33;-9;-32;-8;-32;-7;-32;-6;-32;-5;-32;-5;-32;-6;-32;-6;-31;-6;-31;-6;-30;-5;-30;-5;-30;-5;-30;-6;-30;-7;-29;-9;-28;-10;-28;-12;-10;-5;-3;-2;1;0;0;0;0;0;-2;-1;-6;-4;-16;-9;-16;-8;-16;-8;-17;-9;-19;-10;-20;-11;-21;-12;-21;-13;-22;-13;-23;-14;-24;-14;-26;-15;-27;-16;-27;-18;-27;-19;-27;-19;-27;-19;-28;-19;-29;-19;-31;-19;-33;-20;-35;-20;-36;-21;-36;-21;-37;-21;-38;-21;-39;-20;-40;-20,stable,EXP_S141,ZONE_02,entree_zone,4.1,entree_zone,entree dans la zone
1933583405,-54,6,a0:9f:7a:73:2b:3e,384,-110;-96;8;0;-21;-37;-21;-38;-20;-37;-19;-33;-18;-29;-17;-23;-16;-17;-15;-10;-14;-4;-13;3;-12;8;-11;14;-10;18;-9;21;-8;24;-7;26;-5;27;-4;26;-2;25;0;24;2;22;5;19;7;17;9;14;11;12;2;3;0;0;0;0;0;0;0;0;0;0;0;0;0;0;0;0;0;0;-5;5;-21;22;-23;21;-26;18;-27;14;-26;10;-23;5;-17;1;-10;-3;-2;-5;7;-6;16;-5;24;-3;31;0;36;4;39;7;40;11;39;13;37;14;33;13;27;11;21;8;14;3;6;-2;-1;-9;-7;-16;-12;-22;119;0;-17;-6;-16;-6;-15;-6;-14;-6;-13;-6;-12;-5;-11;-5;-10;-5;-10;-5;-9;-4;-9;-4;-8;-4;-7;-3;-7;-3;-6;-3;-6;-3;-6;-3;-6;-3;-6;-3;-5;-3;-5;-2;-5;-2;-4;-2;-4;-2;-4;-2;-4;-2;-4;-2;-4;-2;-2;-1;-1;-1;0;0;0;-1;0;-1;-2;1;-5;4;-14;11;-15;10;-16;9;-17;8;-18;7;-19;7;-19;6;-20;5;-21;4;-21;3;-22;2;-22;1;-22;1;-22;0;-22;-1;-22;-2;-21;-2;-21;-3;-21;-3;-21;-3;-21;-4;-20;-4;-20;-4;-20;-5;-20;-5;-20;-5;-20;-5;-19;-5;119;0;8;-26;7;-26;7;-25;6;-25;5;-24;4;-24;3;-23;2;-23;1;-22;0;-21;-1;-21;-2;-21;-3;-21;-3;-21;-4;-21;-4;-21;-4;-21;-4;-21;-4;-21;-4;-21;-4;-21;-4;-21;-4;-20;-4;-20;-3;-20;-3;-21;-2;-21;-1;-21;-1;-8;0;-3;0;0;-1;0;-1;0;0;-1;2;-3;7;-9;7;-9;7;-9;8;-9;8;-10;8;-10;9;-11;9;-12;9;-12;10;-13;10;-14;10;-14;10;-15;11;-15;11;-16;11;-16;11;-16;11;-17;11;-18;11;-19;10;-20;10;-21;10;-22;10;-23;9;-24;9;-25;9;-26;9;-26,stable,EXP_S141,ZONE_02,entree_zone,4.1,entree_zone,entree dans la zone
1933787535,-53,6,a0:9f:7a:73:2b:3e,384,-110;-96;8;0;-8;40;-9;41;-8;40;-7;37;-4;33;-2;29;1;23;5;18;8;13;11;8;14;3;16;-1;18;-5;20;-9;21;-12;21;-15;21;-17;20;-18;18;-19;16;-20;14;-20;12;-19;9;-19;6;-18;4;-18;1;-5;0;0;0;0;0;0;0;0;0;0;0;0;0;0;0;0;0;0;7;-2;29;-7;30;-4;30;0;28;4;24;7;19;8;12;8;4;7;-4;4;-11;-1;-17;-7;-22;-14;-25;-21;-26;-26;-26;-31;-25;-33;-23;-34;-20;-33;-18;-30;-15;-25;-12;-19;-9;-11;-7;-2;-6;7;-6;16;-6;23;107;0;11;11;11;11;10;11;10;10;9;9;8;8;7;7;6;7;6;6;5;6;6;5;5;5;5;4;5;3;4;3;4;3;4;3;4;3;4;3;4;2;4;2;4;2;3;1;3;1;3;2;3;2;3;2;3;3;1;1;0;0;-1;-1;-2;0;-1;0;1;-1;6;-2;17;-5;17;-4;18;-3;18;-2;18;0;19;1;19;2;20;3;20;4;20;5;20;6;19;7;19;8;18;8;18;9;18;10;17;11;17;11;17;11;16;11;15;11;15;12;15;12;15;12;15;12;15;12;14;11;14;11;107;0;-20;19;-19;18;-18;18;-17;18;-16;18;-15;19;-15;19;-14;19;-13;18;-12;18;-11;18;-10;18;-10;19;-9;19;-9;19;-9;19;-9;19;-9;19;-9;19;-9;18;-9;18;-9;18;-9;18;-9;17;-10;17;-10;16;-11;16;-12;15;-5;5;-2;1;0;-1;0;-1;0;-1;-2;0;-4;1;-10;4;-10;4;-10;5;-10;5;-11;5;-12;6;-12;6;-13;6;-13;7;-13;7;-14;8;-15;8;-16;8;-16;9;-17;9;-17;9;-16;9;-16;10;-17;11;-17;12;-18;13;-19;14;-19;15;-19;15;-19;16;-19;17;-19;18;-20;19,stable,EXP_S141,ZONE_02,entree_zone,4.1,entree_zone,entree dans la zone
1933983547,-53,6,a0:9f:7a:73:2b:3e,384,-110;-96;8;0;0;40;0;41;1;40;1;37;2;33;4;27;6;22;8;16;10;10;12;4;14;-1;15;-6;16;-10;17;-14;17;-17;17;-19;17;-20;16;-21;14;-22;12;-22;10;-21;7;-20;4;-19;1;-18;0;-17;-1;-5;0;0;0;0;0;0;0;0;0;0;0;0;0;0;0;0;0;0;6;-4;26;-14;27;-11;28;-7;27;-3;24;0;19;3;13;5;5;5;-3;3;-11;1;-18;-3;-24;-9;-29;-14;-31;-19;-32;-24;-31;-27;-29;-28;-26;-27;-23;-25;-19;-21;-15;-15;-11;-8;-7;0;-4;9;-1;17;0;24;111;0;12;10;11;10;11;10;10;9;10;8;9;7;8;7;7;6;6;6;6;5;6;5;6;4;6;3;5;3;5;3;4;3;4;3;4;3;5;2;5;2;4;1;4;1;4;1;3;1;3;1;4;1;4;2;4;2;1;0;0;0;-1;-1;-2;0;-1;0;1;-1;5;-2;16;-5;16;-4;17;-3;17;-2;18;0;18;1;18;2;19;3;19;4;19;5;19;5;19;6;18;7;18;8;18;8;17;9;17;9;17;9;16;10;16;10;16;10;15;11;15;11;15;11;15;11;15;11;15;10;14;10;111;0;-17;20;-17;20;-16;20;-14;20;-13;20;-12;20;-11;20;-10;20;-9;20;-9;19;-8;19;-7;19;-6;19;-6;19;-6;20;-5;20;-5;20;-5;19;-5;19;-5;19;-5;19;-5;18;-5;18;-5;18;-5;18;-6;17;-7;17;-7;17;-3;6;-1;1;0;-1;0;-1;0;-1;-1;0;-4;1;-10;5;-10;5;-10;5;-10;5;-11;6;-11;6;-12;6;-12;7;-13;7;-13;8;-13;8;-14;9;-15;9;-15;9;-16;10;-16;10;-16;10;-16;11;-16;12;-16;13;-17;14;-17;15;-17;16;-17;17;-17;18;-17;19;-17;20;-17;21,stable,EXP_S141,ZONE_02,entree_zone,4.1,entree_zone,entree dans la zone
1934184794,-54,6,a0:9f:7a:73:2b:3e,384,-110;-96;8;0;-12;-39;-12;-39;-12;-38;-11;-35;-12;-31;-12;-25;-12;-20;-12;-14;-13;-8;-14;-2;-15;3;-15;8;-16;12;-16;15;-16;18;-15;20;-14;21;-13;22;-12;22;-10;22;-8;21;-6;20;-3;18;-1;17;1;16;0;3;0;0;0;0;0;0;0;0;0;0;0;0;0;0;0;0;0;0;-4;5;-16;23;-19;22;-22;19;-23;15;-21;11;-18;6;-14;2;-7;-2;1;-4;9;-5;17;-4;24;-2;30;2;34;5;36;9;37;12;35;14;33;14;29;13;24;11;18;7;12;2;6;-5;0;-11;-4;-18;-7;-24;116;0;-15;-8;-14;-8;-13;-8;-13;-7;-12;-7;-11;-6;-10;-6;-9;-6;-9;-5;-8;-5;-8;-4;-7;-3;-7;-3;-6;-3;-6;-3;-6;-3;-6;-3;-5;-2;-5;-2;-5;-2;-5;-2;-5;-1;-4;-1;-4;-1;-4;-1;-5;-2;-5;-2;-5;-2;-2;-1;-1;-1;0;0;0;-1;0;-1;-2;0;-5;2;-15;7;-15;6;-16;5;-17;4;-17;3;-18;2;-18;1;-19;0;-19;-1;-20;-2;-20;-2;-20;-3;-20;-3;-19;-4;-19;-5;-19;-5;-19;-6;-18;-6;-18;-6;-18;-6;-18;-7;-17;-7;-17;-8;-17;-8;-17;-8;-17;-7;-17;-7;-17;-7;116;0;10;-25;9;-25;9;-24;8;-24;7;-24;6;-23;5;-23;4;-22;3;-22;2;-21;1;-21;0;-21;0;-21;-1;-21;-1;-21;-1;-21;-1;-21;-1;-21;-1;-21;-1;-20;-1;-20;-1;-20;-1;-19;-1;-19;-1;-19;0;-19;0;-19;1;-19;0;-7;0;-2;0;0;-1;0;-1;0;0;-1;2;-3;7;-8;7;-8;7;-8;8;-9;8;-9;9;-9;9;-10;9;-10;10;-11;10;-12;10;-12;10;-13;11;-13;11;-14;11;-14;12;-14;12;-15;11;-16;11;-17;11;-18;11;-19;11;-20;11;-20;11;-21;11;-22;10;-23;10;-24;10;-25,stable,EXP_S141,ZONE_02,entree_zone,4.1,entree_zone,entree dans la zone
1934382512,-54,6,a0:9f:7a:73:2b:3e,384,-110;-96;8;0;-25;-33;-25;-33;-24;-32;-23;-29;-21;-24;-20;-19;-18;-14;-16;-8;-15;-2;-14;3;-12;9;-11;13;-10;17;-8;21;-7;23;-6;25;-4;26;-3;25;-1;25;1;24;2;22;4;20;5;18;7;15;8;14;2;3;0;0;0;0;0;0;0;0;0;0;0;0;0;0;0;0;0;0;-3;6;-11;26;-14;25;-18;23;-19;19;-19;14;-17;9;-13;3;-7;-2;0;-6;8;-8;16;-9;24;-9;30;-7;35;-5;38;-2;39;1;38;3;35;4;31;5;25;4;18;2;11;-2;3;-6;-5;-11;-11;-16;-16;-21;122;0;-16;0;-16;1;-16;1;-15;1;-14;1;-12;1;-11;0;-10;0;-9;-1;-9;0;-9;0;-8;1;-7;1;-6;1;-6;0;-6;0;-6;0;-6;0;-6;0;-6;1;-5;1;-5;1;-4;1;-4;0;-4;0;-5;0;-5;0;-5;0;-2;0;-1;0;0;0;0;-2;0;-1;-1;1;-2;5;-5;16;-6;16;-7;16;-8;15;-10;15;-11;14;-12;14;-14;14;-15;13;-16;13;-16;13;-17;12;-17;11;-17;10;-18;9;-19;8;-19;8;-19;8;-19;7;-18;6;-18;5;-18;4;-19;4;-19;4;-19;4;-19;4;-18;4;-18;4;122;0;-7;-26;-7;-26;-8;-25;-8;-24;-9;-23;-9;-23;-9;-22;-10;-22;-10;-21;-10;-20;-10;-19;-11;-18;-12;-18;-12;-18;-12;-18;-12;-18;-12;-18;-12;-18;-11;-18;-11;-17;-11;-17;-11;-17;-10;-17;-10;-17;-9;-17;-8;-18;-8;-18;-7;-18;-3;-7;-1;-2;0;0;0;0;0;0;-1;-2;-1;-4;-1;-10;-1;-11;-1;-11;-1;-12;-1;-12;-1;-13;-1;-13;-1;-14;-1;-14;-2;-14;-2;-15;-2;-16;-2;-17;-1;-18;-1;-18;-1;-18;-2;-18;-3;-19;-3;-20;-4;-21;-4;-22;-4;-23;-4;-23;-5;-23;-6;-24;-6;-25;-7;-25;-8;-26,stable,EXP_S141,ZONE_02,entree_zone,4.1,entree_zone,entree dans la zone
1934582455,-54,6,a0:9f:7a:73:2b:3e,384,-110;-96;8;0;35;-20;35;-20;34;-19;30;-18;26;-17;21;-16;15;-16;8;-15;2;-14;-4;-14;-9;-13;-14;-13;-18;-12;-21;-11;-23;-10;-25;-9;-26;-8;-26;-6;-26;-5;-25;-3;-23;-1;-21;2;-19;4;-17;6;-16;7;-4;2;0;0;0;0;0;0;0;0;0;0;0;0;0;0;0;0;0;0;-6;-4;-24;-17;-22;-19;-19;-22;-15;-23;-10;-21;-5;-18;-1;-13;3;-6;5;2;6;10;5;18;4;25;1;31;-3;35;-6;37;-9;37;-11;36;-12;32;-11;28;-9;22;-6;16;-1;10;5;3;11;-4;18;-9;23;-13;120;0;3;-16;3;-16;3;-15;2;-14;2;-13;2;-12;2;-11;2;-10;2;-9;1;-9;1;-8;0;-8;0;-7;0;-7;0;-6;0;-6;0;-6;0;-6;-1;-5;-1;-5;-1;-5;-1;-4;-1;-4;-1;-4;-1;-4;-1;-5;-1;-5;-1;-5;-1;-2;-1;-1;-1;0;0;0;0;0;-2;-2;-5;-5;-12;-12;-12;-13;-11;-14;-10;-15;-9;-16;-9;-17;-8;-18;-8;-18;-7;-19;-6;-20;-6;-20;-5;-20;-4;-20;-3;-20;-2;-20;-1;-20;-1;-20;0;-20;0;-20;0;-19;0;-19;1;-19;1;-19;1;-19;1;-19;1;-19;2;-18;2;-18;120;0;25;0;25;-1;24;-2;24;-2;23;-3;23;-4;22;-4;22;-5;21;-5;20;-6;19;-6;19;-7;19;-8;18;-9;19;-9;19;-9;19;-9;18;-9;18;-9;18;-9;18;-9;18;-9;18;-8;17;-8;18;-7;18;-7;18;-6;18;-5;6;-2;1;-1;-1;0;-1;-1;-1;-1;0;0;3;1;8;3;8;4;8;4;9;4;10;4;10;4;11;4;11;4;12;4;13;4;14;4;14;4;15;5;15;5;16;5;16;5;17;5;17;4;18;4;19;3;20;3;21;3;22;2;23;2;23;1;24;1;25;0;26;0,stable,EXP_S141,ZONE_02,entree_zone,4.1,entree_zone,entree dans la zone
1934784199,-54,6,a0:9f:7a:73:2b:3e,384,-110;-96;8;0;6;40;6;40;6;38;6;35;7;30;8;25;9;19;10;13;12;7;13;1;14;-5;15;-9;15;-13;16;-17;15;-19;15;-21;14;-23;12;-24;10;-24;8;-23;6;-22;4;-21;1;-20;-1;-18;-3;-17;-1;-4;0;0;0;0;0;0;0;0;0;0;0;0;0;0;0;0;0;0;5;-5;23;-16;25;-14;27;-10;26;-6;23;-2;18;2;12;4;4;5;-4;4;-13;2;-20;-2;-26;-6;-31;-11;-33;-16;-34;-19;-33;-22;-31;-23;-28;-23;-24;-21;-20;-17;-15;-12;-10;-5;-5;3;-1;11;2;19;4;25;122;0;15;5;14;5;14;5;13;4;12;4;11;3;9;3;9;3;8;3;8;3;8;3;7;2;6;1;6;1;5;1;5;1;4;1;5;1;5;1;4;0;4;0;4;0;3;0;3;0;3;0;4;0;4;1;4;0;1;0;0;0;-1;-1;-1;0;-1;0;1;-2;4;-5;13;-12;13;-11;14;-10;15;-10;16;-9;17;-8;17;-7;18;-6;19;-5;20;-4;20;-3;20;-3;20;-1;19;0;19;1;19;1;20;2;19;2;19;2;18;2;18;3;18;3;18;4;18;4;18;4;18;4;17;4;17;4;122;0;-5;25;-5;25;-4;24;-3;24;-2;23;-2;23;-1;23;-1;22;0;21;1;21;2;20;2;20;3;20;3;20;4;20;4;20;4;20;3;20;3;19;3;19;3;19;3;19;3;19;3;19;2;18;1;18;0;18;-1;18;-1;6;-1;2;-1;-1;0;-1;0;-1;-1;0;-2;2;-5;7;-5;8;-5;8;-5;9;-6;9;-6;10;-7;11;-7;11;-7;11;-7;12;-7;13;-7;14;-8;15;-8;15;-8;15;-8;15;-8;16;-7;16;-7;18;-7;19;-7;20;-7;21;-7;21;-7;22;-6;23;-5;24;-5;25;-5;25,stable,EXP_S141,ZONE_02,entree_zone,4.1,entree_zone,entree dans la zone
1934986522,-54,6,a0:9f:7a:73:2b:3e,384,-110;-96;8;0;-36;18;-37;19;-35;18;-31;18;-26;17;-21;16;-15;15;-9;14;-2;12;3;11;9;10;14;9;18;7;21;6;23;4;25;3;26;1;26;-1;25;-3;23;-5;21;-6;19;-8;16;-10;13;-11;11;-12;2;-3;0;0;0;0;0;0;0;0;0;0;0;0;0;0;0;0;0;0;3;5;15;24;12;25;9;27;5;26;1;23;-2;19;-5;12;-6;5;-6;-4;-5;-12;-2;-20;1;-26;6;-31;10;-35;13;-36;16;-36;17;-34;17;-31;15;-27;12;-22;8;-17;2;-10;-4;-4;-11;2;-18;7;-23;11;108;0;-5;15;-5;15;-5;14;-5;13;-5;12;-4;11;-4;10;-3;9;-3;9;-3;8;-2;8;-2;7;-1;7;-1;6;-1;6;-1;5;-1;5;-1;5;0;5;0;4;0;4;0;4;0;4;0;4;0;4;0;4;0;4;0;4;0;1;0;0;0;-1;-1;-1;-1;-1;1;1;2;5;8;15;7;15;6;16;5;17;4;17;4;18;3;18;2;19;1;19;1;20;0;20;-1;20;-2;20;-3;20;-3;20;-4;19;-4;19;-4;19;-4;19;-4;19;-5;19;-5;18;-5;18;-5;18;-5;18;-5;18;-5;17;-5;17;108;0;-26;-4;-26;-3;-25;-3;-25;-2;-24;-1;-23;0;-23;1;-22;2;-22;3;-21;3;-20;4;-20;5;-20;5;-19;6;-19;7;-19;7;-19;7;-19;7;-19;7;-18;7;-18;7;-18;7;-18;7;-18;7;-18;7;-18;6;-18;5;-18;5;-7;1;-2;0;0;-1;0;0;0;0;-1;-1;-3;-3;-7;-7;-7;-7;-8;-7;-8;-8;-9;-8;-9;-8;-10;-8;-11;-8;-11;-8;-12;-9;-13;-9;-14;-9;-14;-9;-14;-10;-15;-10;-15;-10;-16;-9;-17;-9;-18;-9;-19;-8;-20;-8;-21;-8;-22;-7;-23;-7;-23;-6;-24;-6;-25;-5;-25;-5,stable,EXP_S141,ZONE_02,entree_zone,4.1,entree_zone,entree dans la zone
1935182358,-54,6,a0:9f:7a:73:2b:3e,384,-110;-96;8;0;34;-27;35;-27;33;-26;30;-25;25;-23;19;-21;13;-19;7;-17;0;-15;-6;-14;-12;-12;-16;-10;-21;-8;-24;-6;-27;-5;-28;-3;-29;-1;-29;0;-28;2;-26;4;-24;6;-22;7;-19;9;-16;10;-14;11;-4;2;0;0;0;0;0;0;0;0;0;0;0;0;0;0;0;0;0;0;-7;-5;-25;-18;-24;-21;-21;-24;-17;-25;-11;-24;-6;-21;-1;-15;3;-8;6;1;7;10;7;19;5;27;2;33;-1;38;-4;41;-7;41;-9;40;-10;37;-10;32;-8;26;-5;19;-1;11;5;3;10;-5;17;-12;22;-17;107;0;-1;-18;-1;-18;-1;-17;-2;-16;-2;-15;-2;-13;-1;-11;-1;-10;0;-10;0;-10;-1;-10;-2;-9;-2;-8;-2;-7;-2;-7;-1;-6;-1;-6;-1;-7;-2;-7;-2;-6;-3;-6;-3;-5;-2;-4;-2;-4;-1;-5;-1;-5;-1;-6;-1;-6;-1;-3;-1;-1;0;0;1;0;0;0;-2;-1;-7;-3;-17;-8;-17;-9;-17;-10;-16;-11;-16;-13;-15;-14;-15;-15;-14;-17;-14;-18;-14;-19;-13;-19;-12;-19;-11;-20;-10;-20;-9;-20;-8;-21;-8;-21;-7;-21;-7;-21;-6;-20;-5;-20;-4;-20;-4;-21;-4;-22;-4;-22;-4;-21;-4;-20;-4;-19;107;0;27;-6;26;-7;25;-7;24;-8;23;-9;23;-9;22;-10;22;-10;21;-10;20;-10;19;-11;18;-12;18;-12;18;-13;18;-13;18;-13;18;-13;18;-13;17;-13;17;-12;17;-12;17;-12;17;-12;17;-11;17;-11;17;-10;18;-9;18;-8;6;-3;2;-1;-1;0;-1;-1;-1;-1;1;0;3;0;10;1;10;0;10;0;11;0;12;0;12;1;13;1;13;1;13;1;14;0;15;0;16;0;17;0;18;0;18;1;18;0;18;0;19;-1;20;-2;21;-2;23;-2;23;-3;24;-3;24;-4;24;-5;25;-6;26;-7;27;-7,stable,EXP_S141,ZONE_02,entree_zone,4.1,entree_zone,entree dans la zone
1935387099,-54,6,a0:9f:7a:73:2b:3e,384,-110;-96;8;0;-36;-19;-36;-19;-35;-18;-32;-15;-29;-12;-25;-8;-21;-4;-17;1;-12;5;-8;9;-5;13;-1;16;3;19;6;21;8;22;11;22;12;22;14;21;15;20;15;17;16;15;16;12;15;9;15;6;15;3;3;0;0;0;0;0;0;0;0;0;0;0;0;0;0;0;0;0;0;0;-3;6;-10;27;-13;26;-16;24;-18;20;-18;15;-16;10;-13;4;-8;-2;-1;-7;6;-11;13;-13;21;-14;28;-14;33;-13;36;-11;38;-9;37;-7;34;-5;30;-4;24;-3;17;-3;9;-4;0;-5;-9;-7;-17;-10;-23;-12;109;0;-16;5;-15;5;-15;5;-14;5;-13;4;-12;4;-11;3;-10;3;-9;3;-9;2;-8;3;-8;3;-7;3;-6;2;-6;2;-6;2;-5;2;-5;2;-5;2;-5;2;-4;2;-4;2;-4;2;-4;2;-4;2;-4;2;-4;2;-4;2;-2;0;-1;0;0;-1;0;-2;0;-1;-1;1;-1;6;-3;16;-4;16;-6;16;-7;16;-8;16;-9;16;-10;16;-11;16;-13;15;-13;15;-14;15;-15;14;-15;13;-16;12;-17;12;-17;11;-17;11;-17;11;-17;10;-17;10;-17;9;-17;9;-18;9;-18;8;-18;8;-17;8;-17;8;-17;7;109;0;-13;-22;-13;-22;-14;-21;-14;-20;-14;-19;-15;-18;-15;-17;-15;-17;-15;-16;-15;-15;-15;-14;-16;-13;-16;-13;-17;-13;-17;-12;-17;-12;-17;-12;-17;-12;-17;-12;-16;-12;-16;-12;-16;-12;-16;-12;-16;-12;-15;-12;-15;-13;-14;-13;-14;-14;-5;-5;-2;-2;0;0;0;0;0;0;-1;-2;-1;-4;-2;-10;-2;-10;-2;-10;-2;-11;-2;-11;-2;-12;-2;-13;-3;-13;-3;-14;-4;-14;-4;-15;-4;-15;-4;-16;-4;-17;-4;-17;-5;-17;-5;-17;-6;-18;-7;-18;-7;-19;-8;-20;-9;-20;-9;-20;-10;-21;-11;-21;-12;-22;-13;-22;-13;-23,stable,EXP_S141,ZONE_02,entree_zone,4.1,entree_zone,entree dans la zone
1935582316,-54,6,a0:9f:7a:73:2b:3e,384,-110;-96;8;0;-25;-32;-25;-32;-24;-30;-23;-27;-22;-23;-20;-17;-18;-12;-16;-6;-14;0;-12;5;-10;10;-8;15;-6;18;-4;21;-2;23;0;25;2;25;4;25;5;24;7;22;8;19;9;17;10;14;11;12;12;9;3;2;0;0;0;0;0;0;0;0;0;0;0;0;0;0;0;0;0;0;-5;5;-19;20;-22;19;-24;15;-24;11;-23;7;-19;3;-14;-1;-7;-4;1;-7;9;-7;17;-6;24;-5;30;-2;34;1;37;4;37;7;36;9;33;9;29;9;23;7;17;4;9;0;2;-5;-5;-10;-11;-16;-16;-20;115;0;-17;-2;-17;-2;-16;-2;-15;-2;-13;-2;-12;-2;-11;-2;-10;-2;-10;-2;-9;-1;-9;-1;-8;-1;-8;-1;-7;-1;-7;-1;-6;-1;-6;-1;-6;-1;-6;0;-6;0;-5;0;-5;0;-5;0;-4;0;-5;0;-5;0;-5;0;-5;0;-2;0;-1;0;0;-1;0;-1;0;-1;-1;1;-4;5;-9;14;-10;13;-11;13;-13;12;-14;12;-15;11;-16;11;-17;10;-18;10;-18;9;-19;8;-19;7;-19;6;-20;5;-20;5;-20;4;-20;3;-20;3;-20;3;-19;2;-19;2;-19;1;-20;1;-20;1;-19;0;-19;0;-19;0;-18;0;115;0;-3;-25;-3;-25;-4;-24;-4;-24;-5;-23;-6;-22;-6;-22;-6;-21;-7;-20;-7;-20;-8;-19;-9;-18;-9;-18;-10;-18;-10;-18;-10;-18;-10;-18;-10;-18;-10;-18;-9;-18;-9;-17;-9;-17;-9;-17;-8;-17;-8;-17;-7;-18;-6;-18;-6;-18;-2;-7;-1;-2;0;0;-1;0;-1;0;0;-2;0;-4;2;-10;2;-10;2;-10;2;-11;2;-11;2;-12;2;-12;2;-13;2;-14;2;-14;2;-15;2;-16;2;-16;2;-17;2;-17;2;-17;2;-18;2;-18;1;-19;1;-20;0;-21;0;-22;0;-22;-1;-23;-1;-24;-2;-24;-2;-25;-3;-25,stable,EXP_S141,ZONE_02,entree_zone,4.1,entree_zone,entree dans la zone
1935782557,-54,6,a0:9f:7a:73:2b:3e,384,-110;-96;8;0;-40;-3;-40;-3;-38;-3;-35;-2;-31;0;-26;2;-20;4;-15;7;-9;9;-4;11;1;13;6;15;10;16;13;16;16;17;18;16;20;15;21;14;21;12;21;10;20;7;19;5;17;2;16;-1;15;-3;3;-1;0;0;0;0;0;0;0;0;0;0;0;0;0;0;0;0;0;0;0;6;2;27;-1;28;-4;27;-7;25;-10;21;-11;15;-10;9;-7;2;-4;-5;1;-12;7;-17;13;-21;19;-24;24;-25;28;-24;30;-23;30;-21;29;-18;26;-16;21;-13;14;-10;7;-7;-2;-5;-10;-3;-19;-3;-25;-3;110;0;-10;12;-10;12;-9;12;-9;11;-8;10;-7;9;-6;8;-6;7;-6;7;-6;7;-5;7;-5;6;-4;6;-3;5;-3;5;-3;4;-3;4;-3;4;-3;5;-2;5;-2;4;-2;4;-2;3;-2;3;-2;3;-2;3;-2;4;-3;4;-1;1;-1;0;0;-1;-1;-1;-1;-1;0;1;2;5;6;15;5;15;4;16;3;17;2;17;1;17;0;18;-1;19;-2;19;-3;19;-3;19;-4;19;-5;19;-6;18;-7;18;-7;18;-8;18;-8;18;-8;17;-8;17;-8;16;-9;16;-10;16;-10;16;-10;16;-10;16;-9;16;-9;15;110;0;-23;-12;-23;-11;-22;-10;-22;-9;-22;-8;-22;-7;-22;-6;-21;-5;-21;-5;-20;-4;-20;-3;-20;-2;-20;-1;-20;-1;-20;-1;-20;-1;-20;-1;-20;-1;-20;-1;-20;0;-19;0;-19;0;-19;-1;-19;-1;-19;-1;-19;-2;-18;-3;-18;-4;-7;-2;-2;-1;0;0;0;0;0;0;-1;-1;-3;-3;-7;-8;-7;-8;-7;-8;-7;-8;-8;-9;-8;-9;-8;-10;-9;-10;-9;-10;-10;-10;-11;-10;-12;-11;-12;-11;-13;-12;-13;-12;-13;-12;-13;-12;-14;-12;-15;-12;-16;-12;-17;-12;-18;-12;-19;-12;-19;-12;-20;-12;-21;-11;-22;-11;-23;-11,stable,EXP_S141,ZONE_02,entree_zone,4.1,entree_zone,entree dans la zone
1935982859,-54,6,a0:9f:7a:73:2b:3e,384,-110;-96;8;0;13;-38;13;-38;12;-37;10;-34;8;-30;4;-26;1;-21;-4;-16;-7;-12;-11;-7;-14;-3;-17;1;-19;5;-21;8;-22;11;-22;13;-21;14;-20;16;-19;16;-17;17;-14;17;-11;17;-8;16;-5;15;-3;15;-1;3;0;0;0;0;0;0;0;0;0;0;0;0;0;0;0;0;0;0;-7;-1;-28;-5;-28;-8;-27;-11;-24;-13;-20;-15;-14;-14;-8;-12;-1;-8;5;-3;10;4;14;12;16;19;17;25;16;30;15;34;13;35;11;35;9;33;7;29;6;24;5;17;4;9;4;0;5;-9;7;-17;8;-24;117;0;-10;-14;-10;-14;-10;-13;-9;-12;-9;-11;-8;-10;-6;-9;-5;-9;-5;-9;-5;-8;-5;-8;-5;-7;-5;-6;-5;-5;-4;-5;-4;-5;-3;-5;-4;-5;-4;-5;-4;-5;-4;-4;-4;-3;-3;-3;-3;-3;-3;-4;-3;-4;-3;-5;-3;-5;-2;-2;-1;-1;0;0;0;-1;0;-1;-2;0;-6;1;-17;4;-17;4;-18;3;-18;2;-18;0;-19;-1;-19;-3;-20;-4;-20;-5;-20;-6;-20;-7;-20;-7;-19;-8;-18;-10;-18;-11;-17;-12;-17;-12;-17;-12;-17;-12;-16;-12;-15;-12;-14;-13;-14;-14;-14;-15;-14;-14;-14;-14;-14;-14;-13;-13;117;0;17;-18;17;-18;16;-18;15;-18;14;-18;13;-19;12;-18;12;-18;11;-18;10;-17;9;-17;8;-17;8;-18;8;-18;8;-19;8;-19;8;-18;8;-18;8;-18;8;-18;8;-17;8;-17;8;-17;8;-17;9;-16;10;-15;10;-15;11;-14;4;-5;1;-2;-1;0;-1;0;-1;0;0;-1;2;-2;7;-5;7;-6;8;-6;8;-7;9;-7;10;-7;10;-7;10;-7;10;-7;10;-8;11;-9;12;-10;13;-10;13;-10;14;-10;14;-10;13;-10;13;-11;14;-12;15;-13;15;-14;16;-14;16;-15;16;-15;16;-16;16;-17;16;-18;17;-19,stable,EXP_S141,ZONE_02,entree_zone,4.1,entree_zone,entree dans la zone
1936182452,-54,6,a0:9f:7a:73:2b:3e,384,-110;-96;8;0;-15;36;-15;37;-14;35;-12;32;-9;29;-5;25;-1;20;2;15;6;10;10;5;13;0;15;-4;17;-8;19;-11;19;-14;19;-16;19;-17;17;-19;15;-19;13;-19;10;-19;8;-18;5;-17;1;-16;-1;-15;-1;-4;0;0;0;0;0;0;0;0;0;0;0;0;0;0;0;0;0;0;6;2;25;11;25;13;23;16;19;18;15;18;9;16;4;13;-2;8;-6;1;-10;-6;-13;-14;-14;-22;-14;-28;-13;-33;-11;-36;-10;-38;-8;-37;-6;-35;-4;-31;-4;-25;-4;-18;-4;-10;-4;-1;-6;8;-8;16;-9;22;116;0;8;14;8;14;7;13;7;12;7;11;6;10;5;9;5;8;4;8;4;7;4;7;4;6;4;6;4;5;3;5;3;4;3;4;3;4;3;4;3;4;3;3;3;3;2;3;2;3;2;3;2;3;2;3;2;3;1;1;0;0;-1;-1;-2;0;-1;-1;1;-1;5;-1;16;-1;17;0;17;1;17;3;17;4;17;5;17;6;17;7;17;8;17;9;17;10;16;11;16;11;15;12;15;12;14;13;14;14;14;14;13;14;12;14;12;14;12;14;11;15;11;15;11;15;11;14;11;14;11;14;116;0;-20;15;-19;15;-18;15;-17;15;-15;16;-15;16;-14;16;-13;16;-13;16;-12;16;-11;16;-10;16;-10;16;-9;17;-9;17;-9;17;-8;17;-8;17;-8;17;-8;17;-8;17;-8;16;-8;16;-8;16;-9;15;-9;15;-10;15;-10;14;-4;5;-2;1;0;-1;0;-1;0;-1;-2;0;-4;0;-10;2;-10;2;-10;2;-11;3;-11;3;-12;3;-12;3;-12;3;-13;4;-13;4;-14;5;-14;5;-15;5;-16;5;-16;5;-16;6;-16;6;-16;7;-17;8;-17;9;-18;10;-18;11;-18;11;-18;12;-19;13;-19;14;-19;14;-20;15,stable,EXP_S141,ZONE_02,entree_zone,4.1,entree_zone,entree dans la zone
1936383568,-54,6,a0:9f:7a:73:2b:3e,384,-110;-96;8;0;-24;35;-24;36;-23;35;-20;32;-15;29;-11;25;-6;21;-1;16;4;11;9;6;13;1;16;-3;19;-7;21;-11;21;-14;22;-16;21;-18;19;-20;17;-21;15;-21;11;-20;8;-20;5;-18;1;-17;-1;-16;-1;-4;0;0;0;0;0;0;0;0;0;0;0;0;0;0;0;0;0;0;4;6;17;25;15;27;12;28;8;28;4;25;0;21;-4;15;-7;7;-8;-1;-8;-11;-7;-20;-5;-27;-2;-34;1;-38;4;-41;5;-42;7;-41;8;-38;8;-33;6;-27;4;-20;1;-11;-3;-2;-7;7;-12;15;-15;21;109;0;6;17;6;17;5;16;5;15;5;14;4;13;3;12;3;11;3;10;3;10;3;9;3;8;3;7;3;7;2;6;2;6;2;6;2;6;2;6;2;5;2;5;2;4;2;4;2;4;1;4;1;5;1;5;2;5;0;2;0;0;-1;-1;-2;-1;-1;-1;2;-1;6;0;18;2;18;3;18;4;18;6;18;7;18;9;18;10;18;11;17;13;17;14;17;14;16;15;15;16;14;16;14;17;13;17;12;18;12;18;12;18;11;18;10;18;9;18;9;19;9;19;9;19;9;19;9;18;9;18;109;0;-23;12;-23;12;-22;12;-21;12;-20;13;-19;13;-19;14;-18;14;-17;14;-16;14;-15;14;-14;14;-14;15;-13;15;-13;16;-13;16;-13;16;-13;16;-13;16;-13;15;-13;15;-13;15;-13;15;-13;14;-13;14;-14;13;-15;12;-15;12;-6;4;-2;1;0;-1;0;-1;0;-1;-2;0;-4;0;-11;0;-11;1;-11;1;-11;1;-12;1;-13;1;-13;1;-14;1;-14;1;-15;2;-15;2;-16;3;-17;3;-18;3;-18;3;-18;3;-18;3;-18;4;-19;5;-20;6;-21;7;-21;7;-22;8;-22;8;-22;9;-22;10;-23;11;-23;12,stable,EXP_S141,ZONE_02,entree_zone,4.1,entree_zone,entree dans la zone
1936587545,-54,6,a0:9f:7a:73:2b:3e,384,-110;-96;8;0;35;24;35;24;34;23;32;20;28;16;24;11;20;5;16;0;11;-5;6;-10;1;-14;-3;-18;-7;-21;-10;-23;-13;-24;-16;-24;-17;-24;-19;-23;-19;-20;-20;-18;-19;-14;-19;-11;-18;-7;-17;-3;-16;0;-4;0;0;0;0;0;0;0;0;0;0;0;0;0;0;0;0;0;0;0;5;-5;24;-19;26;-17;28;-14;28;-10;25;-5;21;-1;15;2;7;5;-2;7;-11;7;-19;6;-27;4;-34;1;-38;-1;-41;-4;-42;-7;-41;-8;-38;-9;-33;-9;-27;-8;-19;-5;-11;-2;-2;2;7;6;15;11;21;15;112;0;17;-8;17;-8;16;-8;15;-8;14;-7;12;-7;11;-6;11;-5;10;-4;10;-4;10;-5;9;-5;8;-5;7;-5;6;-4;6;-3;6;-3;6;-3;6;-4;5;-4;5;-4;4;-4;4;-3;4;-3;5;-2;5;-2;5;-3;5;-3;2;-1;0;-1;-1;0;0;1;-1;0;-1;-2;-1;-7;0;-19;1;-19;2;-20;3;-20;5;-20;6;-19;8;-19;9;-20;10;-20;11;-20;12;-19;13;-19;14;-17;14;-16;15;-16;16;-15;16;-15;16;-15;16;-15;16;-14;16;-13;17;-12;18;-12;18;-12;18;-12;18;-12;17;-12;17;-11;112;0;14;21;14;20;14;19;15;18;15;17;16;17;16;16;16;15;15;14;15;13;15;12;16;11;16;11;17;11;17;11;17;11;17;11;17;10;17;10;17;10;17;10;17;11;16;11;16;11;15;11;15;12;14;12;14;13;4;4;1;1;-1;-1;-1;-1;-1;-1;0;1;0;3;1;9;1;9;2;10;2;10;3;11;3;12;2;12;2;13;3;13;4;13;4;14;5;15;5;16;5;16;4;16;4;16;5;16;6;16;8;17;8;18;9;19;9;19;10;20;10;19;12;20;13;20;14;20;15;21,stable,EXP_S141,ZONE_02,entree_zone,4.1,entree_zone,entree dans la zone
1936783192,-54,6,a0:9f:7a:73:2b:3e,384,-110;-96;8;0;0;43;0;43;1;41;3;37;4;32;6;26;7;19;8;11;9;4;9;-3;9;-9;8;-15;7;-20;6;-24;4;-27;2;-28;0;-29;-2;-29;-5;-27;-7;-25;-9;-22;-10;-18;-12;-14;-13;-10;-13;-7;-4;-2;0;0;0;0;0;0;0;0;0;0;0;0;0;0;0;0;0;0;5;5;19;23;17;25;14;27;11;27;6;25;2;21;-2;16;-6;9;-9;0;-12;-8;-13;-16;-13;-24;-13;-31;-11;-37;-10;-40;-8;-42;-7;-41;-5;-38;-4;-33;-3;-27;-3;-20;-2;-11;-1;-1;-1;9;0;19;-1;26;98;0;11;16;10;15;10;15;9;14;9;13;8;12;7;11;7;11;6;10;6;9;6;9;6;8;6;7;5;6;5;6;5;6;4;5;4;5;4;5;4;5;4;4;4;4;3;4;3;4;3;4;3;4;3;4;3;4;1;1;0;0;-1;-1;-2;-1;-1;-1;2;-1;6;0;19;0;19;1;19;3;19;4;19;5;19;7;19;8;19;9;19;10;19;11;19;12;18;13;18;14;17;14;16;15;16;15;16;15;15;16;15;16;15;16;14;16;14;17;14;17;14;17;14;17;13;17;13;17;13;16;98;0;-18;16;-18;17;-17;17;-16;17;-15;17;-14;17;-13;17;-12;17;-11;17;-10;17;-9;17;-8;18;-7;18;-7;18;-7;19;-7;19;-7;19;-6;19;-6;19;-6;19;-6;19;-6;19;-6;18;-6;18;-7;18;-7;17;-8;17;-9;17;-4;6;-2;1;0;-1;0;-1;0;-1;-2;0;-4;0;-10;1;-10;1;-10;1;-11;2;-11;2;-12;2;-12;2;-13;3;-13;3;-14;4;-14;4;-15;5;-16;5;-16;5;-16;5;-16;6;-16;6;-17;7;-17;8;-17;9;-18;10;-18;11;-18;12;-18;13;-18;14;-18;15;-18;16;-18;17,stable,EXP_S141,ZONE_02,entree_zone,4.1,entree_zone,entree dans la zone
1936983403,-54,6,a0:9f:7a:73:2b:3e,384,-110;-96;8;0;2;-43;2;-44;1;-42;0;-38;-2;-33;-4;-27;-6;-21;-8;-14;-10;-7;-11;0;-12;6;-12;12;-12;17;-12;21;-11;24;-9;26;-8;28;-6;27;-3;27;-1;25;2;22;4;19;6;16;8;13;10;10;2;2;0;0;0;0;0;0;0;0;0;0;0;0;0;0;0;0;0;0;-6;-5;-24;-19;-23;-22;-21;-24;-17;-25;-12;-24;-7;-21;-2;-16;3;-10;7;-2;11;6;13;14;14;22;14;29;13;34;11;38;10;39;8;39;6;36;5;32;4;26;3;18;2;9;1;-1;1;-10;1;-20;2;-27;106;0;-15;-14;-15;-14;-14;-13;-14;-12;-13;-11;-12;-9;-10;-9;-9;-9;-9;-9;-8;-9;-9;-8;-9;-7;-8;-6;-7;-6;-7;-5;-6;-6;-6;-6;-6;-6;-7;-5;-7;-4;-6;-4;-6;-3;-5;-3;-5;-4;-5;-4;-5;-5;-5;-5;-5;-5;-2;-2;-1;-1;0;0;1;-1;0;-1;-2;0;-7;2;-18;5;-19;4;-19;3;-20;2;-20;0;-21;-1;-21;-2;-22;-3;-23;-4;-23;-5;-23;-6;-22;-7;-22;-8;-21;-9;-21;-10;-21;-11;-21;-11;-21;-11;-20;-11;-19;-11;-19;-12;-18;-12;-18;-13;-18;-14;-19;-14;-18;-13;-18;-13;-17;-13;106;0;13;-22;12;-22;11;-22;10;-22;8;-22;7;-22;7;-22;6;-22;5;-21;4;-20;3;-20;2;-20;2;-21;1;-21;1;-21;1;-21;1;-21;1;-21;1;-21;1;-21;0;-21;1;-21;1;-20;1;-20;2;-20;3;-20;4;-19;4;-19;1;-7;0;-3;-1;0;-1;0;-1;0;1;-1;3;-2;9;-5;8;-5;8;-6;9;-7;9;-7;10;-7;10;-7;11;-7;10;-8;10;-8;10;-9;11;-10;12;-11;13;-11;13;-11;13;-11;12;-12;12;-13;12;-14;13;-15;13;-16;14;-17;14;-17;13;-18;13;-19;12;-20;12;-21;12;-22,stable,EXP_S141,ZONE_02,entree_zone,4.1,entree_zone,entree dans la zone
1937187135,-54,6,a0:9f:7a:73:2b:3e,384,-110;-96;8;0;-28;35;-28;36;-26;34;-22;32;-18;29;-13;24;-7;20;-1;15;4;10;9;5;14;0;17;-5;20;-9;22;-13;23;-16;23;-18;23;-20;21;-21;18;-22;15;-22;12;-21;8;-20;4;-19;0;-17;-3;-16;-1;-4;0;0;0;0;0;0;0;0;0;0;0;0;0;0;0;0;0;0;3;7;11;29;8;30;5;31;1;30;-3;26;-6;21;-8;14;-9;6;-8;-3;-7;-13;-4;-21;-1;-28;3;-35;7;-39;10;-41;12;-41;14;-40;14;-36;13;-32;10;-25;7;-18;3;-10;-2;-1;-8;8;-14;16;-18;22;112;0;4;19;4;19;4;18;3;17;3;15;3;14;2;13;2;12;2;12;2;11;2;11;2;10;2;9;2;8;2;7;1;7;1;7;1;7;2;7;2;7;2;6;2;5;1;5;1;5;1;5;1;6;1;6;1;6;0;2;0;0;-1;-1;-2;-1;-1;-1;2;0;6;1;18;5;18;6;18;8;18;9;17;10;17;12;16;13;16;14;16;15;16;16;15;17;14;18;13;18;11;19;11;20;10;20;10;20;10;20;9;20;9;20;8;20;8;20;7;21;7;21;7;21;7;21;7;20;6;20;112;0;-24;10;-24;10;-23;11;-22;12;-21;13;-20;13;-19;14;-19;14;-18;13;-17;14;-16;14;-15;14;-15;15;-14;16;-14;16;-14;16;-14;16;-14;16;-14;16;-14;16;-14;16;-14;16;-14;16;-14;15;-15;14;-15;14;-16;13;-16;12;-6;4;-2;1;0;-1;0;0;0;0;-2;-1;-4;-1;-11;-2;-11;-2;-11;-1;-12;-1;-12;-1;-13;-1;-14;-1;-14;-1;-14;0;-15;0;-16;1;-17;1;-18;1;-18;0;-18;0;-18;1;-18;1;-19;2;-19;3;-20;4;-21;5;-22;5;-22;6;-23;7;-23;8;-23;9;-24;10;-24;10,stable,EXP_S141,ZONE_02,entree_zone,4.1,entree_zone,entree dans la zone
1937384192,-54,6,a0:9f:7a:73:2b:3e,384,-110;-96;8;0;-22;-39;-22;-39;-22;-36;-21;-32;-19;-27;-18;-20;-16;-14;-14;-7;-11;0;-8;7;-5;12;-2;17;1;21;4;24;6;26;9;27;11;27;12;25;14;23;15;20;15;16;15;12;15;8;15;4;14;1;3;0;0;0;0;0;0;0;0;0;0;0;0;0;0;0;0;0;0;0;-8;-2;-30;-8;-30;-11;-29;-14;-26;-16;-21;-17;-15;-16;-8;-14;-1;-11;7;-6;13;0;19;6;24;12;27;18;29;24;29;28;28;30;26;30;23;28;20;25;15;21;10;14;5;6;0;-2;-5;-10;-10;-18;-14;-24;108;0;-18;-10;-18;-10;-17;-9;-16;-8;-15;-8;-14;-7;-13;-7;-12;-6;-11;-6;-11;-6;-11;-5;-10;-4;-10;-4;-9;-3;-8;-3;-8;-3;-8;-4;-8;-3;-8;-3;-8;-3;-7;-2;-7;-2;-6;-2;-6;-2;-6;-2;-6;-2;-6;-2;-6;-2;-3;-1;-1;-1;0;0;1;-1;0;-1;-2;1;-7;3;-18;8;-18;7;-19;6;-20;5;-20;3;-21;2;-22;1;-22;0;-23;-1;-23;-2;-24;-3;-23;-3;-23;-4;-23;-5;-23;-6;-23;-6;-23;-7;-22;-7;-22;-7;-22;-7;-21;-8;-21;-8;-21;-9;-21;-9;-21;-9;-21;-9;-21;-8;-21;-8;108;0;6;-25;5;-25;4;-24;3;-24;2;-24;1;-23;0;-23;-1;-23;-2;-22;-3;-21;-4;-21;-5;-21;-6;-21;-6;-21;-6;-21;-6;-21;-6;-21;-7;-21;-7;-20;-7;-20;-7;-20;-7;-20;-7;-20;-6;-19;-6;-19;-5;-19;-4;-20;-4;-20;-2;-7;-1;-3;0;0;-1;0;-1;0;0;-1;2;-3;7;-6;7;-7;7;-7;7;-8;8;-8;8;-8;9;-9;9;-9;9;-10;9;-10;9;-11;9;-12;10;-13;10;-13;10;-13;10;-14;9;-14;9;-15;9;-16;9;-18;9;-19;9;-20;9;-20;8;-21;7;-22;7;-23;6;-24;6;-25,stable,EXP_S141,ZONE_02,entree_zone,4.1,entree_zone,entree dans la zone
1937585357,-54,6,a0:9f:7a:73:2b:3e,384,-110;-96;8;0;-30;-28;-30;-27;-29;-25;-27;-22;-25;-18;-21;-13;-18;-7;-14;-2;-10;3;-6;8;-2;12;2;16;6;19;9;21;11;22;14;22;15;21;17;20;17;17;17;15;17;11;16;7;15;4;14;0;13;-3;3;-1;0;0;0;0;0;0;0;0;0;0;0;0;0;0;0;0;0;0;-7;1;-27;5;-28;3;-29;0;-27;-4;-23;-6;-18;-8;-12;-9;-4;-8;3;-7;11;-5;18;-2;24;2;29;6;32;10;34;13;33;15;32;16;29;16;25;14;20;12;14;8;7;3;0;-2;-7;-8;-14;-13;-19;-18;112;0;-18;1;-18;1;-17;1;-16;1;-15;1;-14;1;-12;1;-12;1;-11;0;-11;1;-10;1;-10;1;-9;2;-8;2;-8;1;-8;1;-7;1;-7;1;-7;1;-7;2;-6;2;-5;1;-5;1;-5;1;-6;1;-6;1;-6;1;-6;1;-2;0;-1;0;0;-1;0;-1;0;-1;-1;1;-4;4;-10;13;-11;13;-12;13;-13;12;-14;12;-15;11;-16;11;-17;10;-18;10;-19;9;-19;9;-19;8;-19;7;-20;6;-20;5;-20;5;-21;5;-20;5;-20;4;-20;4;-20;3;-20;3;-20;3;-20;3;-20;3;-20;3;-20;3;-19;2;112;0;-8;-23;-8;-22;-9;-21;-10;-20;-11;-20;-11;-19;-12;-18;-12;-17;-12;-16;-12;-15;-13;-15;-14;-14;-14;-14;-15;-13;-15;-13;-15;-13;-15;-13;-15;-13;-16;-12;-16;-12;-16;-12;-15;-12;-15;-12;-15;-12;-14;-12;-14;-13;-13;-13;-13;-14;-5;-5;-2;-2;0;0;-1;0;-1;0;0;-1;1;-3;3;-8;3;-9;3;-9;3;-10;3;-10;3;-11;3;-11;3;-12;2;-12;2;-13;2;-13;2;-14;2;-15;2;-15;2;-16;2;-16;1;-16;0;-17;-1;-18;-2;-19;-2;-19;-3;-20;-3;-20;-4;-21;-5;-21;-6;-22;-6;-22;-7;-23,stable,EXP_S141,ZONE_02,entree_zone,4.1,entree_zone,entree dans la zone
1937788256,-54,6,a0:9f:7a:73:2b:3e,384,-110;-96;8;0;40;0;40;0;38;-1;35;-2;29;-4;23;-6;17;-7;10;-9;3;-10;-3;-10;-9;-10;-15;-10;-19;-9;-23;-8;-26;-7;-27;-5;-28;-3;-28;-1;-26;1;-24;3;-21;5;-18;7;-14;9;-11;10;-8;11;-2;3;0;0;0;0;0;0;0;0;0;0;0;0;0;0;0;0;0;0;4;-5;20;-20;22;-18;24;-16;24;-12;23;-8;19;-4;14;1;8;5;0;8;-8;10;-16;12;-23;12;-30;11;-34;10;-37;9;-39;7;-38;6;-35;4;-31;3;-25;2;-17;1;-9;1;0;0;10;0;19;0;25;1;104;0;12;-14;12;-14;12;-14;11;-13;10;-12;9;-11;8;-10;8;-9;8;-8;7;-8;7;-8;6;-8;5;-8;5;-7;5;-7;5;-6;5;-6;5;-6;4;-6;4;-6;3;-6;3;-5;3;-5;3;-5;3;-5;3;-5;3;-5;4;-5;1;-2;0;-1;-1;0;0;1;0;0;-1;-2;-2;-7;-5;-18;-4;-18;-3;-19;-2;-19;-1;-19;0;-20;2;-20;3;-21;4;-21;5;-21;5;-21;6;-21;7;-20;8;-20;9;-19;10;-19;10;-19;10;-19;10;-19;10;-18;11;-18;11;-17;12;-17;12;-18;12;-18;12;-17;12;-17;12;-17;104;0;20;11;20;10;19;9;19;8;20;7;20;6;20;6;19;5;19;4;18;4;18;3;18;2;18;1;19;1;19;0;19;0;19;0;19;0;19;0;19;0;19;0;18;0;18;0;18;1;18;1;18;2;17;3;17;3;6;1;1;0;-1;-1;-1;-1;-1;-1;0;0;1;2;3;8;4;7;4;7;5;8;5;8;5;9;6;9;6;9;6;9;7;9;8;10;8;10;9;11;9;12;9;12;9;12;10;11;11;11;12;11;13;11;14;12;15;12;15;12;16;11;17;11;18;11;19;11;20;11,stable,EXP_S141,ZONE_02,entree_zone,4.1,entree_zone,entree dans la zone
1937986966,-54,6,a0:9f:7a:73:2b:3e,384,-110;-96;8;0;38;-11;38;-11;36;-11;32;-12;27;-12;21;-12;14;-12;8;-11;1;-10;-6;-9;-11;-7;-17;-5;-21;-4;-24;-2;-26;0;-27;2;-27;4;-27;6;-25;8;-22;9;-19;10;-15;11;-11;12;-7;12;-4;12;-1;3;0;0;0;0;0;0;0;0;0;0;0;0;0;0;0;0;0;0;3;-7;14;-24;17;-23;19;-21;20;-18;19;-14;17;-9;14;-3;9;2;2;7;-5;12;-12;15;-18;17;-25;18;-30;18;-33;18;-34;17;-34;15;-32;13;-28;11;-23;8;-16;5;-8;3;1;0;9;-3;18;-5;24;-7;105;0;9;-16;9;-16;9;-15;9;-14;8;-13;7;-12;7;-11;6;-10;6;-10;6;-9;5;-9;5;-9;4;-8;4;-8;4;-7;4;-7;4;-7;3;-7;3;-7;3;-6;3;-6;2;-6;2;-5;2;-5;3;-5;3;-5;3;-5;3;-5;1;-2;0;-1;-1;0;0;0;0;0;-2;-2;-4;-6;-9;-16;-8;-17;-7;-17;-6;-18;-4;-19;-4;-20;-2;-20;-1;-21;0;-21;1;-21;2;-22;2;-22;3;-21;4;-21;5;-21;6;-20;6;-20;6;-20;7;-20;7;-19;8;-19;8;-19;9;-19;9;-19;9;-19;9;-19;9;-18;9;-18;105;0;21;7;21;7;20;6;20;5;20;4;20;4;20;3;19;2;19;1;18;0;18;-1;18;-2;18;-2;18;-2;19;-3;19;-2;19;-2;19;-2;19;-2;18;-2;18;-2;18;-2;18;-2;18;-2;18;-1;18;0;17;1;17;1;6;0;1;0;-1;0;-1;-1;-1;-1;0;0;2;2;5;6;5;6;5;6;6;6;6;7;7;7;7;7;7;8;8;8;9;8;9;8;10;8;10;9;11;9;11;9;11;9;12;9;13;9;13;9;14;9;15;9;16;9;17;9;17;9;18;8;19;7;20;7;21;7,stable,EXP_S141,ZONE_02,entree_zone,4.1,entree_zone,entree dans la zone
1938184604,-54,6,a0:9f:7a:73:2b:3e,384,-110;-96;8;0;43;-11;43;-11;40;-12;36;-12;31;-12;24;-12;16;-12;9;-12;1;-11;-6;-9;-12;-8;-18;-6;-23;-3;-26;-1;-29;1;-30;4;-30;6;-29;8;-27;9;-24;11;-21;12;-16;13;-12;14;-7;14;-4;14;-1;3;0;0;0;0;0;0;0;0;0;0;0;0;0;0;0;0;0;0;4;-7;19;-25;21;-24;24;-21;24;-17;23;-13;21;-7;16;-2;9;4;2;9;-6;13;-14;16;-22;18;-29;19;-34;19;-38;17;-40;16;-39;14;-36;12;-32;10;-26;8;-18;5;-9;2;0;0;10;-3;20;-5;27;-7;97;0;14;-15;14;-14;14;-14;13;-13;12;-12;11;-11;10;-10;10;-10;9;-9;8;-9;8;-9;7;-8;6;-8;6;-8;6;-7;5;-7;5;-7;5;-7;5;-7;4;-7;4;-6;4;-6;4;-6;4;-5;4;-5;4;-5;4;-5;4;-5;1;-2;0;-1;-1;0;0;1;-1;0;-1;-3;-2;-7;-3;-20;-2;-20;-1;-21;1;-21;2;-21;3;-22;4;-22;6;-22;7;-23;8;-23;9;-22;10;-22;11;-21;12;-21;12;-20;13;-20;13;-20;13;-19;14;-19;14;-19;14;-18;14;-18;15;-18;15;-18;15;-18;15;-18;15;-17;15;-17;97;0;20;14;21;13;21;12;21;11;21;10;21;9;21;8;20;7;20;6;20;5;20;4;20;3;20;2;20;2;21;1;21;1;21;1;21;1;21;1;21;1;20;1;20;1;20;1;20;2;20;2;19;3;19;4;19;4;7;1;2;0;-1;-1;-1;-1;-1;-1;0;1;1;3;3;9;3;9;3;9;4;9;4;10;4;10;4;10;5;11;6;11;6;11;7;12;7;12;8;13;8;13;9;13;9;14;10;14;10;14;11;14;12;14;13;15;14;15;15;15;16;15;17;14;18;14;19;14;20;14,stable,EXP_S141,ZONE_02,entree_zone,4.1,entree_zone,entree dans la zone
1938386736,-54,6,a0:9f:7a:73:2b:3e,384,-110;-96;8;0;-31;32;-31;32;-29;31;-25;29;-20;26;-14;23;-8;19;-2;14;4;9;9;4;13;-1;17;-5;20;-9;22;-13;23;-17;23;-19;22;-21;20;-22;17;-23;14;-23;10;-22;7;-20;2;-19;-2;-17;-5;-15;-2;-4;0;0;0;0;0;0;0;0;0;0;0;0;0;0;0;0;0;0;0;7;-1;31;-4;31;-7;30;-10;28;-12;23;-13;17;-13;10;-11;2;-8;-6;-4;-14;1;-22;6;-28;12;-32;16;-35;20;-37;22;-37;22;-35;22;-32;19;-27;16;-22;11;-15;5;-8;-1;0;-8;8;-15;15;-20;20;109;0;-2;20;-1;20;-1;19;-1;18;-1;16;-1;15;-1;13;-2;12;-2;12;-2;12;-1;11;-1;11;0;10;0;9;0;8;-1;8;-1;8;-1;8;-1;8;0;8;0;7;0;6;0;6;-1;5;-1;6;-1;6;-1;6;-1;6;-1;2;-1;0;0;-1;-2;-1;-1;-1;1;0;6;3;17;9;16;10;16;12;15;13;14;14;14;15;13;17;12;18;12;19;11;20;10;21;9;21;8;21;7;22;6;22;5;22;5;22;5;22;4;22;4;22;3;22;2;22;2;22;1;23;1;23;1;23;1;22;1;21;109;0;-25;4;-25;4;-24;5;-23;6;-23;7;-22;8;-22;8;-21;8;-20;9;-19;9;-18;10;-18;11;-18;11;-18;12;-18;12;-18;12;-18;12;-18;12;-17;12;-17;12;-17;12;-18;12;-18;11;-18;11;-18;10;-18;9;-19;8;-19;8;-7;2;-3;0;0;-1;0;0;0;0;-2;-1;-4;-2;-10;-4;-10;-3;-10;-3;-11;-3;-11;-3;-12;-3;-12;-4;-13;-4;-13;-3;-14;-3;-15;-3;-16;-3;-16;-3;-17;-3;-17;-3;-17;-3;-17;-2;-18;-2;-19;-1;-20;-1;-21;0;-22;0;-23;0;-23;1;-23;2;-24;3;-25;4;-26;5,stable,EXP_S141,ZONE_02,entree_zone,4.1,entree_zone,entree dans la zone
1938584719,-54,6,a0:9f:7a:73:2b:3e,384,-110;-96;8;0;38;13;38;13;37;11;33;9;29;7;24;3;19;-1;13;-4;7;-8;1;-11;-5;-13;-10;-15;-14;-16;-18;-17;-21;-17;-24;-16;-25;-15;-25;-13;-25;-11;-24;-8;-22;-5;-20;-2;-18;1;-15;4;-13;6;-3;1;0;0;0;0;0;0;0;0;0;0;0;0;0;0;0;0;0;0;5;-5;22;-17;24;-15;26;-13;26;-9;23;-5;19;-1;14;3;7;6;-1;8;-10;8;-18;8;-25;7;-31;5;-36;3;-38;1;-39;-1;-38;-3;-35;-4;-31;-4;-25;-4;-17;-3;-9;-1;0;1;9;3;18;6;24;8;97;0;16;-10;15;-10;15;-10;14;-9;13;-9;11;-8;11;-7;10;-6;10;-6;9;-6;9;-6;8;-6;7;-6;6;-5;6;-4;6;-4;6;-4;6;-4;6;-4;6;-5;5;-4;4;-4;4;-3;4;-3;5;-3;5;-3;5;-3;5;-3;2;-2;0;-1;-1;0;0;1;-1;0;-1;-2;-1;-7;-3;-18;-2;-19;0;-19;1;-19;2;-19;4;-19;5;-19;6;-20;7;-20;8;-20;9;-20;10;-19;11;-18;12;-18;13;-17;13;-17;14;-16;14;-16;14;-16;14;-15;15;-14;15;-14;16;-14;16;-14;16;-14;16;-14;15;-13;15;-13;97;0;16;17;16;16;16;15;16;13;17;13;17;12;17;12;17;11;17;10;16;10;16;9;17;8;18;7;18;7;18;7;18;7;18;7;18;7;18;7;18;7;18;7;17;7;17;7;17;8;16;8;16;9;15;10;15;10;5;3;1;1;-1;-1;-1;-1;-1;-1;0;0;0;3;2;8;2;8;3;8;3;9;4;9;4;10;4;10;4;10;4;11;5;11;6;11;6;12;6;13;6;13;6;14;6;13;7;13;8;13;9;14;10;15;11;15;11;16;12;16;12;15;13;15;14;15;16;16;16;16,stable,EXP_S141,ZONE_02,entree_zone,4.1,entree_zone,entree dans la zone
1938783014,-54,6,a0:9f:7a:73:2b:3e,384,-110;-96;8;0;28;-36;28;-37;25;-36;22;-33;17;-30;11;-25;5;-20;0;-15;-6;-9;-10;-3;-14;2;-17;8;-19;13;-20;17;-20;21;-19;24;-18;25;-16;26;-13;26;-10;25;-6;23;-2;20;2;17;6;14;8;12;2;2;0;0;0;0;0;0;0;0;0;0;0;0;0;0;0;0;0;0;1;-8;7;-32;10;-32;13;-30;15;-27;16;-23;16;-17;14;-9;11;-1;7;7;2;14;-4;21;-9;27;-15;32;-20;34;-24;35;-26;35;-26;33;-25;30;-22;26;-18;20;-13;14;-7;6;0;-1;6;-9;13;-17;18;-23;102;0;0;-22;0;-22;0;-21;0;-20;0;-18;0;-17;0;-16;0;-15;0;-14;0;-13;-1;-13;-1;-12;-1;-11;-1;-11;-1;-10;-1;-10;-1;-9;-1;-9;-1;-9;-1;-9;-1;-8;-1;-8;-1;-7;-1;-7;-1;-7;-1;-7;-1;-7;-1;-8;0;-3;-1;-1;0;0;1;0;0;0;-2;-2;-6;-5;-17;-13;-16;-14;-16;-15;-15;-17;-14;-18;-13;-19;-13;-20;-12;-21;-11;-22;-10;-23;-9;-23;-9;-24;-8;-24;-7;-24;-6;-24;-5;-25;-5;-25;-4;-25;-4;-24;-3;-24;-3;-24;-2;-24;-2;-24;-2;-24;-2;-24;-2;-24;-2;-24;-1;-24;102;0;25;-5;24;-6;23;-7;23;-7;22;-8;21;-9;21;-9;20;-10;19;-10;18;-11;17;-11;17;-12;16;-13;16;-14;16;-14;16;-14;16;-14;16;-14;16;-14;16;-14;16;-14;15;-14;15;-14;16;-13;16;-13;16;-12;17;-12;17;-11;6;-4;1;-1;-1;0;-1;-1;-1;-1;0;0;3;1;8;4;9;4;9;4;9;4;10;4;10;4;11;4;12;4;12;4;13;3;14;3;14;3;15;3;16;3;16;3;16;3;17;3;17;2;18;1;19;1;20;0;21;0;21;-1;22;-2;22;-3;23;-4;24;-4;25;-5,stable,EXP_S141,ZONE_02,entree_zone,4.1,entree_zone,entree dans la zone
1938989203,-54,6,a0:9f:7a:73:2b:3e,384,-110;-96;8;0;38;-5;38;-5;37;-6;33;-6;28;-7;22;-8;16;-9;9;-9;2;-9;-4;-9;-10;-8;-15;-7;-19;-6;-23;-5;-25;-3;-27;-1;-27;1;-27;2;-25;4;-23;6;-20;7;-16;9;-13;10;-9;11;-6;11;-2;3;0;0;0;0;0;0;0;0;0;0;0;0;0;0;0;0;0;0;4;-6;18;-20;20;-19;22;-17;23;-14;21;-9;19;-5;14;0;8;4;1;7;-6;10;-14;12;-21;13;-27;14;-31;13;-35;12;-36;10;-36;9;-33;7;-29;6;-24;4;-17;2;-9;1;0;0;9;-1;18;-2;24;-3;108;0;8;-16;8;-16;7;-16;6;-15;5;-14;5;-13;4;-11;5;-10;5;-10;5;-10;4;-10;3;-10;2;-9;2;-8;2;-7;3;-7;3;-7;3;-7;2;-8;2;-8;1;-7;1;-6;1;-5;2;-5;2;-5;2;-6;2;-6;2;-6;1;-3;0;-1;-1;0;0;0;0;0;-2;-2;-4;-5;-10;-15;-10;-15;-9;-16;-8;-17;-7;-18;-6;-18;-5;-19;-4;-20;-3;-21;-3;-22;-2;-22;-1;-21;0;-21;1;-21;3;-21;3;-21;4;-21;4;-21;4;-20;4;-20;5;-19;6;-19;7;-19;7;-20;7;-20;6;-20;6;-19;6;-19;108;0;21;5;21;4;20;3;20;2;20;1;20;0;20;0;19;0;19;-1;18;-1;17;-2;17;-3;17;-4;18;-5;18;-5;18;-5;18;-5;18;-5;17;-5;17;-5;17;-5;17;-5;17;-4;17;-4;17;-3;17;-2;17;-2;17;-1;6;-1;1;0;-1;0;-1;-1;-1;-1;0;0;2;2;5;6;5;5;6;5;7;5;7;6;8;6;8;7;8;7;8;6;9;6;10;6;11;6;11;7;12;8;12;8;12;8;12;7;13;6;14;6;16;6;16;7;17;7;17;7;17;7;18;6;19;5;20;5;21;4,stable,EXP_S141,ZONE_02,entree_zone,4.1,entree_zone,entree dans la zone
1939182422,-54,6,a0:9f:7a:73:2b:3e,384,-110;-96;8;0;-41;-19;-41;-19;-40;-17;-37;-14;-32;-10;-27;-6;-21;-2;-15;2;-9;6;-2;9;4;12;9;14;14;15;19;16;22;15;25;14;26;13;27;10;27;8;25;5;23;2;21;-1;18;-4;14;-7;11;-9;2;-3;0;0;0;0;0;0;0;0;0;0;0;0;0;0;0;0;0;0;-8;1;-31;6;-32;4;-32;0;-31;-3;-27;-6;-22;-8;-15;-10;-7;-10;2;-9;11;-8;20;-4;27;-1;33;3;37;6;39;9;40;11;39;12;36;12;31;11;25;9;18;6;9;3;0;-1;-10;-5;-19;-9;-25;-12;107;0;-20;7;-19;7;-19;7;-18;6;-16;6;-15;5;-14;5;-13;4;-12;4;-12;4;-11;4;-11;4;-10;4;-9;4;-9;3;-9;3;-9;3;-8;3;-8;3;-8;3;-7;3;-6;3;-6;2;-6;2;-6;2;-7;2;-7;2;-7;2;-3;0;-1;0;0;-1;0;-2;0;-1;0;2;-1;6;-3;19;-4;19;-5;19;-7;19;-8;19;-9;19;-11;19;-12;19;-14;19;-15;19;-15;18;-16;17;-17;16;-18;16;-18;15;-19;14;-19;14;-19;14;-19;13;-19;12;-20;12;-20;11;-21;11;-21;11;-21;11;-21;11;-21;11;-20;10;107;0;-14;-22;-14;-21;-15;-20;-15;-19;-16;-18;-16;-17;-16;-16;-16;-16;-16;-15;-16;-14;-16;-13;-17;-12;-18;-12;-18;-12;-19;-12;-19;-12;-18;-12;-18;-11;-18;-11;-18;-11;-18;-11;-18;-11;-18;-11;-17;-12;-17;-12;-16;-13;-16;-13;-15;-14;-6;-5;-2;-2;0;0;0;0;0;0;-1;-2;-1;-4;-1;-10;-1;-10;-2;-11;-2;-11;-2;-12;-2;-12;-2;-13;-2;-13;-3;-13;-3;-14;-4;-14;-4;-15;-4;-16;-4;-16;-4;-17;-4;-17;-5;-17;-6;-17;-7;-18;-8;-19;-9;-19;-9;-20;-10;-20;-10;-20;-11;-20;-12;-21;-13;-21;-14;-22,stable,EXP_S141,ZONE_02,entree_zone,4.1,entree_zone,entree dans la zone
1939383740,-54,6,a0:9f:7a:73:2b:3e,384,-110;-96;8;0;-18;39;-18;40;-17;39;-14;36;-11;32;-7;27;-3;21;2;15;6;9;9;3;12;-3;14;-8;16;-13;17;-18;17;-21;16;-24;15;-26;13;-27;11;-27;8;-26;5;-24;2;-22;-2;-20;-5;-17;-7;-14;-2;-4;0;0;0;0;0;0;0;0;0;0;0;0;0;0;0;0;0;0;3;6;13;27;11;29;7;30;4;30;0;27;-4;22;-6;15;-8;7;-9;-1;-9;-11;-7;-19;-5;-27;-2;-34;1;-39;4;-41;6;-42;7;-41;8;-39;8;-34;7;-28;5;-20;2;-11;-1;-2;-5;8;-9;17;-12;23;109;0;8;18;8;17;8;17;7;16;7;14;6;13;5;12;5;11;4;11;4;10;5;10;5;9;5;8;4;7;4;7;3;7;3;7;3;7;3;7;3;6;3;5;3;5;2;4;2;4;2;5;2;5;2;5;2;6;1;2;0;0;-1;-1;-2;0;-1;-1;2;-1;6;-1;19;0;19;1;19;2;19;4;19;5;19;7;19;8;19;10;19;11;19;12;19;13;18;14;17;14;16;15;16;16;15;17;15;17;15;17;14;17;14;17;13;17;12;18;12;18;12;19;12;19;12;18;12;18;12;18;109;0;-22;13;-21;14;-20;14;-19;14;-18;15;-17;16;-17;16;-16;16;-15;15;-14;15;-13;15;-12;16;-12;17;-12;17;-12;18;-12;18;-12;18;-11;18;-11;18;-11;17;-11;17;-11;17;-11;17;-12;16;-12;16;-13;15;-14;14;-14;14;-6;5;-2;1;0;-1;0;-1;0;-1;-2;0;-4;0;-11;0;-10;1;-11;1;-11;2;-12;2;-12;2;-13;2;-13;2;-14;2;-14;3;-14;4;-16;4;-17;4;-17;4;-17;4;-17;4;-17;4;-17;5;-18;7;-19;7;-20;8;-20;9;-20;9;-20;10;-20;11;-21;12;-21;13;-22;14,stable,EXP_S141,ZONE_02,entree_zone,4.1,entree_zone,entree dans la zone
1939589357,-54,6,a0:9f:7a:73:2b:3e,384,-110;-96;8;0;-30;-34;-31;-33;-30;-31;-29;-27;-26;-22;-23;-16;-19;-10;-15;-3;-10;3;-6;8;-1;13;4;17;8;20;12;22;16;23;19;22;21;21;22;19;22;17;22;13;21;9;20;5;18;1;16;-3;14;-6;3;-2;0;0;0;0;0;0;0;0;0;0;0;0;0;0;0;0;0;0;-8;-2;-31;-9;-31;-12;-29;-16;-26;-18;-22;-18;-15;-18;-8;-16;-1;-12;7;-7;14;-1;20;5;25;11;29;17;32;23;32;26;32;28;30;28;27;27;23;24;18;20;12;14;6;7;-1;0;-8;-8;-14;-16;-19;-22;106;0;-21;-2;-21;-2;-20;-3;-19;-2;-17;-2;-16;-2;-15;-2;-14;-2;-14;-2;-13;-1;-12;-1;-12;-1;-11;-1;-10;0;-10;0;-9;-1;-9;0;-9;0;-8;0;-8;0;-8;0;-7;0;-7;0;-7;0;-6;0;-7;0;-7;0;-7;0;-3;0;-1;0;0;-1;0;-1;0;-1;-2;1;-5;5;-14;14;-15;14;-16;13;-18;12;-19;11;-20;10;-21;10;-22;9;-23;8;-23;8;-24;7;-24;6;-25;4;-24;3;-24;2;-24;2;-24;1;-24;1;-24;1;-24;0;-24;0;-24;0;-24;-1;-24;-1;-24;-1;-24;-1;-24;-1;-23;-1;106;0;-3;-26;-4;-25;-4;-25;-5;-24;-6;-23;-7;-23;-7;-22;-8;-21;-9;-20;-10;-20;-11;-19;-12;-18;-12;-18;-13;-18;-13;-18;-13;-18;-13;-18;-13;-18;-13;-18;-13;-18;-13;-18;-13;-18;-13;-17;-13;-17;-12;-17;-11;-18;-11;-18;-10;-19;-4;-7;-1;-3;0;0;-1;0;-1;0;0;-1;1;-4;4;-9;4;-9;4;-9;5;-10;5;-10;5;-11;5;-11;5;-12;5;-13;5;-13;5;-14;5;-15;5;-16;5;-16;5;-17;5;-17;4;-17;4;-18;4;-19;3;-20;2;-21;2;-21;1;-22;0;-23;-1;-24;-2;-25;-3;-25;-3;-26,stable,EXP_S141,ZONE_02,entree_zone,4.1,entree_zone,entree dans la zone
1939782603,-54,6,a0:9f:7a:73:2b:3e,384,-110;-96;8;0;-11;-39;-11;-39;-12;-37;-12;-33;-13;-29;-13;-23;-12;-16;-11;-9;-10;-3;-8;4;-6;10;-4;15;-1;19;1;22;4;25;6;26;9;26;11;25;12;23;13;20;14;17;14;13;14;8;14;4;14;1;3;0;0;0;0;0;0;0;0;0;0;0;0;0;0;0;0;0;0;0;-5;-5;-20;-21;-18;-23;-15;-25;-12;-25;-8;-24;-4;-20;0;-16;5;-9;8;-2;12;5;14;12;15;20;15;26;14;31;13;34;12;36;10;36;9;33;7;29;6;24;4;17;2;9;-1;0;-3;-8;-5;-17;-6;-24;105;0;-14;-14;-14;-13;-13;-13;-12;-12;-11;-11;-11;-10;-10;-10;-10;-9;-9;-8;-9;-8;-9;-7;-8;-7;-8;-6;-8;-6;-7;-6;-7;-5;-7;-5;-7;-5;-7;-5;-6;-4;-6;-4;-6;-4;-6;-4;-6;-4;-6;-4;-5;-4;-5;-4;-5;-4;-2;-2;-1;-1;0;0;1;-1;0;0;-2;0;-7;0;-19;-1;-19;-2;-19;-3;-19;-4;-19;-5;-19;-6;-20;-7;-20;-8;-20;-9;-20;-10;-20;-11;-19;-12;-19;-13;-18;-13;-18;-14;-17;-14;-17;-14;-17;-14;-17;-14;-16;-15;-16;-15;-16;-15;-16;-15;-16;-15;-16;-15;-16;-15;-16;-15;-16;-15;105;0;13;-18;12;-19;11;-19;10;-19;9;-19;9;-19;8;-19;6;-19;5;-19;4;-19;3;-19;2;-19;2;-19;1;-19;1;-20;1;-20;0;-20;0;-20;0;-20;0;-20;0;-20;0;-20;0;-20;0;-20;1;-19;1;-19;2;-19;3;-19;1;-7;0;-3;-1;0;-1;0;-1;0;0;-1;2;-1;8;-3;8;-3;8;-2;8;-3;9;-3;9;-3;10;-4;10;-4;11;-5;11;-5;11;-6;12;-6;12;-6;13;-7;13;-7;13;-8;13;-8;13;-9;14;-10;14;-11;14;-11;14;-12;14;-13;14;-14;14;-15;14;-16;14;-17;14;-18,stable,EXP_S141,ZONE_02,entree_zone,4.1,entree_zone,entree dans la zone
1939982642,-55,6,a0:9f:7a:73:2b:3e,384,-110;-96;8;0;-19;41;-19;40;-16;37;-13;33;-9;28;-4;23;1;16;6;10;10;4;14;-2;17;-7;19;-12;21;-16;22;-20;21;-22;21;-24;19;-25;16;-26;12;-25;9;-25;5;-23;0;-21;-4;-19;-8;-17;-11;-15;-3;-4;0;0;0;0;0;0;0;0;0;0;0;0;0;0;0;0;0;0;4;5;18;23;16;25;12;26;8;26;3;23;-1;19;-5;12;-8;4;-10;-4;-11;-13;-11;-22;-9;-29;-7;-36;-3;-40;-1;-42;2;-42;3;-40;4;-36;4;-30;3;-23;2;-14;-1;-5;-3;5;-7;14;-10;23;-13;29;113;0;4;18;4;18;5;17;4;16;4;15;3;14;3;13;2;12;2;11;2;11;2;10;2;9;2;8;2;7;2;7;1;7;1;7;1;7;2;6;2;6;2;5;1;5;1;5;1;5;1;5;1;5;1;5;1;5;0;2;0;0;-1;-1;-2;-1;-1;-1;2;0;6;1;18;5;18;6;18;7;17;8;17;10;17;11;17;12;16;14;16;15;16;16;15;16;14;17;13;18;12;18;11;19;11;19;11;19;10;19;10;19;10;19;9;19;8;19;8;20;8;20;8;20;8;20;7;19;7;19;113;0;-19;17;-18;17;-17;18;-16;18;-15;19;-14;19;-13;19;-12;19;-11;19;-10;20;-8;20;-7;20;-7;21;-7;21;-7;21;-7;22;-7;22;-6;22;-6;22;-6;22;-6;22;-6;22;-6;22;-7;21;-7;21;-8;21;-9;20;-10;20;-4;7;-2;2;0;-1;0;-1;0;-1;-1;0;-4;0;-9;0;-9;0;-9;1;-10;1;-11;1;-12;1;-12;2;-12;2;-13;2;-14;3;-14;4;-15;4;-16;5;-17;5;-17;5;-17;5;-17;6;-17;7;-17;8;-18;9;-19;10;-19;10;-19;11;-19;12;-19;14;-19;15;-19;16;-19;17,stable,EXP_S141,ZONE_02,entree_zone,4.1,entree_zone,entree dans la zone
1940182432,-56,6,a0:9f:7a:73:2b:3e,384,-110;-96;8;0;-22;-37;-22;-36;-21;-33;-19;-28;-18;-22;-17;-16;-16;-9;-14;-2;-13;4;-12;10;-10;16;-9;20;-7;24;-6;26;-4;28;-2;28;0;28;3;27;5;26;7;23;9;20;11;17;13;14;15;10;16;8;4;2;0;0;0;0;0;0;0;0;0;0;0;0;0;0;0;0;0;0;-6;4;-23;17;-25;15;-27;11;-27;6;-24;2;-19;-2;-12;-5;-4;-7;4;-8;13;-7;21;-5;28;-1;33;3;36;7;37;11;36;13;34;15;30;14;25;13;19;10;12;5;5;-1;-2;-7;-8;-14;-13;-21;-17;-26;106;0;-16;-7;-16;-7;-15;-7;-14;-7;-13;-6;-11;-6;-11;-6;-10;-6;-9;-5;-9;-5;-8;-4;-8;-4;-7;-4;-6;-3;-6;-3;-6;-3;-5;-3;-5;-3;-5;-3;-5;-3;-5;-3;-4;-2;-4;-2;-4;-2;-4;-2;-4;-2;-4;-2;-5;-2;-2;-1;-1;-1;0;0;0;-1;0;-1;-2;1;-5;4;-14;12;-15;11;-16;10;-17;9;-18;8;-19;7;-20;6;-20;5;-21;4;-22;3;-22;2;-22;2;-22;1;-22;0;-21;-1;-21;-2;-21;-2;-21;-3;-21;-3;-20;-4;-20;-4;-20;-5;-20;-5;-20;-5;-19;-5;-19;-6;-19;-6;-19;-6;106;0;-2;-26;-3;-26;-4;-25;-4;-25;-5;-24;-6;-23;-7;-23;-7;-22;-8;-21;-9;-21;-10;-20;-11;-19;-11;-19;-12;-19;-12;-19;-13;-20;-13;-20;-13;-20;-13;-20;-13;-20;-13;-20;-12;-19;-12;-19;-12;-19;-11;-20;-11;-20;-10;-21;-9;-21;-3;-8;-1;-3;0;0;-1;0;-1;0;0;-1;1;-3;4;-8;4;-8;4;-9;4;-9;4;-10;4;-10;4;-11;4;-12;4;-13;4;-13;4;-14;4;-15;4;-16;4;-16;4;-16;4;-17;4;-17;4;-18;3;-19;3;-20;3;-21;2;-21;2;-22;1;-23;0;-24;-1;-25;-1;-25;-2;-26,stable,EXP_S141,ZONE_02,entree_zone,4.1,entree_zone,entree dans la zone
1940382350,-56,6,a0:9f:7a:73:2b:3e,384,-110;-96;8;0;-39;-12;-39;-12;-37;-10;-33;-8;-28;-5;-23;-1;-17;3;-11;6;-6;10;0;12;5;15;9;16;13;17;17;17;20;17;21;16;23;14;23;11;23;9;22;6;21;3;19;-1;17;-4;14;-7;12;-10;3;-3;0;0;0;0;0;0;0;0;0;0;0;0;0;0;0;0;0;0;-5;6;-19;24;-21;23;-24;20;-24;15;-23;10;-20;5;-15;0;-8;-5;-1;-9;8;-12;16;-14;24;-14;31;-13;35;-11;38;-9;39;-7;38;-5;35;-3;30;-2;23;-2;15;-2;7;-3;-3;-4;-12;-5;-21;-7;-26;-9;114;0;-16;7;-15;7;-15;7;-14;7;-12;6;-11;5;-10;4;-10;3;-10;3;-9;3;-9;3;-8;3;-7;3;-6;3;-6;2;-6;2;-6;2;-6;2;-6;2;-5;3;-5;2;-4;2;-4;2;-4;1;-5;1;-5;1;-5;2;-5;2;-2;0;-1;0;0;-1;-1;-2;0;-1;0;2;0;6;1;19;0;19;-1;20;-3;20;-4;20;-5;19;-7;20;-8;20;-10;20;-10;20;-11;20;-12;19;-13;18;-14;17;-15;16;-15;16;-16;16;-15;15;-15;15;-15;14;-15;13;-16;12;-17;12;-17;12;-17;12;-16;11;-16;11;-15;10;114;0;-19;-17;-19;-16;-19;-15;-19;-14;-19;-12;-20;-11;-20;-11;-19;-10;-19;-9;-19;-8;-19;-7;-19;-6;-20;-6;-20;-5;-21;-5;-21;-5;-21;-5;-21;-5;-20;-5;-20;-5;-20;-5;-20;-5;-20;-5;-20;-5;-20;-6;-19;-7;-19;-8;-19;-8;-7;-3;-2;-2;0;0;0;0;0;0;-1;-1;-2;-4;-3;-9;-4;-9;-4;-9;-5;-10;-5;-11;-5;-11;-5;-12;-5;-12;-6;-12;-7;-12;-8;-13;-8;-14;-8;-15;-8;-15;-8;-16;-8;-15;-9;-15;-10;-15;-11;-15;-12;-16;-13;-17;-13;-17;-14;-17;-15;-17;-16;-16;-17;-16;-18;-17;-19;-17,stable,EXP_S141,ZONE_02,entree_zone,4.1,entree_zone,entree dans la zone
1940581922,-56,6,a0:9f:7a:73:2b:3e,384,-110;-96;8;0;30;-25;29;-25;26;-23;22;-21;16;-19;11;-18;4;-16;-2;-15;-8;-13;-13;-12;-18;-10;-22;-9;-25;-8;-26;-6;-27;-4;-27;-2;-27;-1;-26;2;-24;4;-22;6;-20;9;-17;11;-14;13;-11;15;-10;16;-3;4;0;0;0;0;0;0;0;0;0;0;0;0;0;0;0;0;0;0;-7;-3;-26;-14;-25;-17;-22;-20;-18;-22;-12;-21;-7;-18;-1;-14;3;-7;7;1;9;9;9;17;8;24;6;31;3;35;0;37;-3;37;-5;35;-6;31;-6;26;-4;20;-2;13;2;5;7;-2;12;-10;17;-16;22;-20;126;0;3;-15;3;-15;3;-14;3;-13;3;-11;3;-10;3;-9;3;-8;3;-8;3;-7;2;-7;2;-6;1;-6;1;-5;2;-4;2;-4;2;-5;2;-5;1;-5;0;-4;0;-4;0;-3;1;-3;1;-3;1;-3;1;-4;1;-4;1;-4;0;-2;0;-1;-1;0;0;0;0;0;-2;-2;-5;-5;-14;-12;-14;-13;-13;-14;-12;-15;-11;-16;-10;-17;-10;-18;-9;-19;-8;-20;-8;-20;-7;-20;-6;-20;-5;-20;-4;-20;-3;-20;-3;-21;-2;-20;-2;-20;-1;-19;-1;-19;0;-18;1;-18;1;-19;1;-19;1;-19;1;-18;1;-17;1;-16;126;0;23;-7;23;-8;22;-9;21;-10;20;-11;20;-11;19;-12;19;-13;18;-13;17;-13;16;-14;15;-15;15;-16;14;-16;14;-17;14;-17;14;-17;14;-17;13;-17;13;-17;13;-17;13;-17;13;-17;14;-16;14;-16;14;-16;15;-15;16;-14;5;-5;1;-2;-1;0;-1;-1;-1;-1;0;0;2;1;8;4;8;4;8;3;9;3;10;3;10;3;11;4;11;4;11;3;12;3;13;3;14;3;15;3;15;3;16;3;16;3;16;2;17;1;18;0;19;0;20;-1;20;-1;21;-2;21;-3;22;-4;22;-5;23;-6;24;-6,stable,EXP_S141,ZONE_02,entree_zone,4.1,entree_zone,entree dans la zone
1940786170,-55,6,a0:9f:7a:73:2b:3e,384,-110;-96;8;0;-18;38;-17;38;-15;35;-12;32;-8;28;-4;23;1;18;5;12;10;7;13;2;17;-3;19;-7;21;-11;22;-15;22;-18;22;-20;20;-21;18;-23;15;-23;12;-23;8;-23;5;-22;1;-20;-3;-19;-5;-18;-2;-5;0;0;0;0;0;0;0;0;0;0;0;0;0;0;0;0;0;0;5;4;23;17;21;20;18;22;14;23;9;22;4;19;-1;15;-6;8;-10;0;-12;-9;-13;-17;-12;-25;-11;-31;-9;-36;-6;-39;-4;-40;-2;-38;0;-35;1;-30;0;-24;0;-16;-1;-7;-3;2;-6;11;-9;20;-11;25;111;0;6;16;6;16;6;15;6;14;5;12;4;11;3;10;2;10;2;10;2;9;3;9;3;7;3;6;2;5;2;5;1;5;1;5;2;6;2;5;3;5;3;4;2;3;1;3;1;3;1;4;1;4;2;5;2;5;1;1;0;0;-1;-1;-2;0;-1;-1;2;-1;6;0;19;0;19;1;19;2;19;4;18;5;18;6;18;8;18;9;18;11;18;12;18;12;17;13;16;14;15;14;14;15;14;16;14;16;14;16;13;16;12;16;11;16;10;16;10;17;10;18;11;18;10;17;10;16;10;16;111;0;-19;16;-18;17;-17;17;-15;17;-14;18;-14;18;-13;19;-12;19;-11;18;-10;18;-9;19;-8;19;-7;20;-7;20;-7;21;-7;21;-7;21;-7;21;-7;21;-7;21;-7;21;-8;21;-8;21;-8;20;-9;20;-10;19;-11;19;-12;18;-5;6;-2;1;0;-1;0;-1;0;-1;-2;-1;-4;-1;-9;0;-9;0;-9;1;-9;2;-10;2;-11;2;-12;2;-12;2;-12;3;-12;4;-13;5;-14;5;-15;6;-15;5;-16;5;-15;5;-15;6;-15;7;-16;9;-17;10;-18;10;-18;11;-18;11;-18;12;-18;13;-18;15;-18;16;-18;17,stable,EXP_S141,ZONE_02,entree_zone,4.1,entree_zone,entree dans la zone
1940990725,-55,6,a0:9f:7a:73:2b:3e,384,-110;-96;8;0;-31;-24;-31;-24;-30;-22;-28;-19;-25;-14;-22;-10;-18;-5;-14;0;-9;4;-4;8;1;11;5;14;10;15;14;16;17;16;20;15;21;14;23;11;23;9;23;6;22;4;20;0;17;-2;14;-5;12;-7;3;-2;0;0;0;0;0;0;0;0;0;0;0;0;0;0;0;0;0;0;-7;-1;-27;-5;-27;-7;-27;-10;-24;-13;-20;-14;-15;-15;-9;-14;-2;-12;6;-9;12;-4;18;0;23;5;27;10;29;14;30;17;30;19;29;20;26;19;23;17;18;14;12;10;6;5;-1;0;-8;-6;-14;-11;-19;-16;94;0;-36;0;-35;0;-34;0;-32;1;-29;1;-26;1;-24;1;-22;0;-21;0;-21;0;-20;1;-18;2;-17;3;-15;3;-14;2;-14;2;-14;1;-14;1;-14;2;-14;3;-12;3;-11;4;-11;3;-11;2;-11;2;-12;2;-13;2;-13;2;-5;0;-2;0;0;-1;0;-2;0;-1;-2;3;-6;11;-17;31;-20;30;-22;29;-25;28;-27;27;-29;26;-32;25;-34;24;-36;22;-38;21;-38;20;-39;19;-39;17;-40;15;-41;13;-41;12;-41;11;-41;10;-41;9;-40;8;-40;7;-40;6;-41;5;-42;5;-42;5;-41;5;-40;5;-39;5;94;0;-10;-43;-11;-42;-12;-40;-14;-39;-15;-38;-16;-37;-17;-36;-18;-35;-19;-34;-20;-33;-21;-31;-23;-29;-24;-29;-25;-29;-26;-29;-26;-29;-26;-29;-26;-29;-26;-29;-26;-29;-26;-29;-25;-29;-25;-29;-24;-30;-23;-30;-22;-31;-20;-32;-19;-33;-7;-12;-2;-4;0;0;-1;0;-1;0;0;-2;2;-5;6;-14;5;-14;4;-15;4;-16;4;-18;4;-19;4;-19;4;-20;4;-20;3;-21;3;-23;2;-25;3;-27;3;-28;3;-28;3;-29;2;-29;1;-30;-1;-32;-1;-33;-2;-35;-2;-36;-3;-37;-4;-38;-6;-39;-8;-40;-10;-42;-11;-43,stable,EXP_S141,ZONE_02,entree_zone,4.1,entree_zone,entree dans la zone
1941182424,-55,6,a0:9f:7a:73:2b:3e,384,-110;-96;8;0;1;44;2;44;3;41;4;37;6;32;7;25;9;18;9;10;10;2;9;-5;9;-11;8;-17;6;-22;5;-26;2;-29;0;-30;-3;-31;-5;-31;-8;-29;-10;-27;-11;-24;-13;-19;-13;-15;-14;-11;-15;-7;-4;-2;0;0;0;0;0;0;0;0;0;0;0;0;0;0;0;0;0;0;4;5;18;23;16;25;13;27;9;27;4;25;0;21;-5;15;-8;8;-11;0;-14;-9;-15;-17;-15;-25;-14;-32;-12;-37;-10;-40;-9;-41;-7;-40;-5;-37;-4;-32;-3;-26;-2;-18;-1;-9;0;1;1;11;1;21;1;28;98;0;13;15;13;15;12;14;11;13;11;12;10;11;9;10;8;9;8;9;8;8;7;8;7;7;7;6;6;5;6;5;6;5;6;5;6;5;6;4;6;4;5;4;5;3;5;3;5;3;5;4;5;4;5;4;5;4;1;1;0;0;-1;-1;-2;0;-1;-1;2;-1;6;-2;19;-4;19;-3;20;-2;20;0;20;1;21;3;21;4;21;5;22;7;22;8;22;9;21;10;20;11;20;12;19;13;19;13;19;14;19;14;18;14;18;14;17;14;17;15;17;15;17;15;17;15;16;15;16;15;15;15;98;0;-14;20;-14;20;-13;20;-12;20;-11;21;-10;21;-9;21;-8;21;-7;20;-6;20;-5;20;-5;20;-4;20;-3;20;-3;21;-3;21;-3;21;-3;21;-3;21;-3;21;-3;21;-3;21;-3;21;-4;20;-5;20;-5;20;-6;20;-7;19;-3;7;-1;2;0;-1;0;-1;0;-1;-1;0;-3;0;-9;2;-9;2;-9;3;-9;3;-9;4;-10;4;-10;4;-11;5;-11;5;-11;6;-12;7;-12;8;-13;8;-14;8;-14;8;-14;9;-13;9;-13;10;-14;11;-14;13;-15;14;-15;15;-15;15;-15;16;-14;17;-14;19;-14;19;-14;20,stable,EXP_S141,ZONE_02,entree_zone,4.1,entree_zone,entree dans la zone
1941386223,-55,6,a0:9f:7a:73:2b:3e,384,-110;-96;8;0;-22;34;-21;34;-19;33;-16;30;-12;26;-8;22;-3;18;1;12;5;7;9;1;12;-4;14;-9;16;-13;16;-17;16;-20;15;-23;14;-24;12;-25;9;-25;7;-24;4;-23;0;-20;-3;-18;-6;-15;-8;-13;-2;-3;0;0;0;0;0;0;0;0;0;0;0;0;0;0;0;0;0;0;0;6;2;26;-1;27;-4;27;-7;25;-9;21;-10;16;-11;9;-10;2;-8;-6;-6;-14;-3;-21;1;-26;5;-31;9;-34;12;-35;14;-35;14;-34;14;-31;13;-26;10;-21;7;-14;3;-7;-1;2;-6;9;-11;17;-14;22;103;0;2;18;2;17;2;16;1;15;1;14;1;13;1;12;1;11;1;11;1;10;2;9;2;9;2;8;2;8;2;7;2;7;2;6;2;6;2;6;2;6;2;5;2;5;2;5;2;5;2;5;2;5;2;5;2;5;0;2;0;0;-1;-1;-1;-1;-1;-1;1;0;5;3;14;9;14;10;13;11;13;12;12;13;12;14;11;15;11;16;10;17;9;18;9;19;8;19;7;19;7;19;6;20;6;20;5;20;5;20;4;20;4;20;4;20;4;20;3;20;3;20;3;20;3;20;3;19;3;19;103;0;-22;9;-21;9;-20;9;-20;10;-19;10;-18;11;-17;11;-16;12;-15;12;-14;13;-14;13;-13;14;-12;14;-12;15;-12;15;-12;15;-12;15;-12;16;-12;16;-12;16;-12;15;-11;15;-11;15;-11;15;-12;15;-12;14;-13;14;-13;13;-5;4;-2;1;0;-1;0;0;0;0;-1;-1;-3;-1;-8;-3;-8;-3;-8;-3;-8;-3;-9;-3;-9;-3;-10;-3;-11;-2;-11;-2;-12;-2;-13;-2;-14;-2;-14;-1;-15;-1;-15;-1;-15;-1;-16;0;-16;0;-17;1;-18;1;-18;2;-19;3;-20;4;-20;4;-21;5;-21;6;-21;7;-21;7,stable,EXP_S141,ZONE_02,entree_zone,4.1,entree_zone,entree dans la zone
1941584534,-55,6,a0:9f:7a:73:2b:3e,384,-110;-96;8;0;29;28;29;28;28;26;26;22;23;18;20;12;17;7;13;1;9;-5;6;-10;2;-14;-2;-18;-5;-21;-8;-23;-11;-25;-13;-25;-15;-24;-16;-23;-17;-21;-18;-18;-18;-15;-18;-12;-17;-8;-16;-4;-16;-2;-4;-1;0;0;0;0;0;0;0;0;0;0;0;0;0;0;0;0;0;0;6;-3;25;-10;26;-7;26;-4;25;0;22;3;17;6;11;7;3;8;-5;7;-13;5;-20;2;-26;-1;-31;-5;-34;-9;-36;-12;-36;-14;-34;-15;-31;-15;-26;-14;-21;-11;-14;-8;-7;-3;1;2;8;8;14;13;19;18;101;0;18;0;17;0;16;0;15;0;14;0;13;0;12;0;11;0;10;0;10;0;9;0;9;-1;8;-1;7;-1;7;-1;7;-1;6;-1;6;-1;6;-1;6;-1;6;-2;5;-2;5;-1;5;-1;5;-1;5;-1;6;-1;6;-1;2;-1;0;-1;-1;0;-1;0;-1;0;0;-2;2;-6;7;-16;8;-16;9;-15;10;-15;12;-14;13;-14;14;-13;15;-13;16;-12;17;-12;18;-11;18;-10;18;-9;19;-8;19;-7;19;-7;19;-6;19;-6;19;-5;19;-5;19;-4;19;-3;20;-3;20;-3;20;-3;20;-3;19;-2;19;-2;101;0;6;22;6;22;6;21;7;21;8;20;8;20;8;19;9;19;9;18;9;17;10;16;10;16;11;15;12;15;12;15;12;15;12;16;12;16;12;16;12;16;12;15;11;15;11;15;11;15;10;16;9;16;8;17;8;17;2;6;0;1;-1;-1;0;-1;0;-1;-1;0;-1;2;-2;7;-2;7;-2;8;-2;8;-2;9;-2;9;-2;10;-2;10;-2;11;-1;11;-1;12;-1;13;-1;14;-1;14;-1;14;-1;15;0;15;0;16;1;17;1;17;1;18;2;19;2;20;3;20;4;21;5;21;5;22;6;22,stable,EXP_S141,ZONE_02,entree_zone,4.1,entree_zone,entree dans la zone
1941783859,-55,6,a0:9f:7a:73:2b:3e,384,-110;-96;8;0;15;38;15;38;15;35;15;31;15;26;14;19;13;12;12;6;10;-1;8;-7;7;-13;5;-18;3;-22;0;-25;-2;-27;-4;-28;-6;-28;-8;-28;-10;-26;-11;-23;-12;-20;-13;-17;-14;-13;-14;-9;-15;-6;-4;-2;0;0;0;0;0;0;0;0;0;0;0;0;0;0;0;0;0;0;6;0;26;4;26;7;25;10;22;12;17;13;12;13;5;12;-2;8;-9;4;-15;-1;-20;-7;-24;-13;-27;-19;-28;-23;-28;-27;-26;-29;-24;-29;-21;-27;-18;-24;-14;-19;-10;-13;-5;-5;0;3;4;11;8;19;10;25;99;0;16;6;16;6;16;5;15;5;14;4;12;4;11;4;10;4;10;3;10;3;10;2;9;2;8;1;7;1;7;1;6;1;6;1;7;1;7;1;7;0;6;0;5;-1;5;0;5;0;5;0;5;0;6;0;6;0;2;0;0;0;-1;-1;-1;0;-1;0;1;-2;5;-4;14;-10;15;-10;16;-9;16;-8;17;-7;18;-6;19;-5;19;-4;20;-3;21;-3;21;-2;21;-1;21;0;20;1;20;2;20;2;21;3;20;3;20;3;20;3;19;4;19;4;20;5;20;5;20;5;20;4;19;4;18;4;99;0;-2;24;-1;23;0;23;1;22;2;22;3;21;3;21;4;21;4;20;5;19;6;18;7;18;8;18;8;18;9;18;9;18;9;18;9;18;9;17;9;17;9;17;9;17;9;17;8;17;8;17;7;17;6;18;5;18;2;6;0;2;-1;-1;0;-1;0;-1;-1;0;-2;1;-6;5;-6;5;-5;6;-5;7;-6;7;-6;8;-6;8;-6;9;-6;9;-6;10;-6;11;-6;12;-7;13;-7;13;-7;13;-7;13;-6;14;-6;15;-5;16;-5;17;-5;18;-5;19;-5;20;-4;20;-3;21;-2;22;-2;23;-1;24,stable,EXP_S141,ZONE_02,entree_zone,4.1,entree_zone,entree dans la zone
1941987424,-55,6,a0:9f:7a:73:2b:3e,384,-110;-96;8;0;31;29;31;28;30;26;28;22;25;17;21;12;17;6;13;0;9;-6;5;-11;0;-15;-4;-19;-8;-21;-11;-23;-14;-24;-17;-24;-19;-23;-20;-22;-21;-19;-21;-16;-20;-13;-19;-9;-18;-6;-16;-2;-15;1;-4;0;0;0;0;0;0;0;0;0;0;0;0;0;0;0;0;0;0;0;6;-2;27;-6;28;-3;28;1;26;4;22;7;16;9;9;9;1;9;-7;7;-15;4;-22;0;-28;-4;-33;-9;-35;-13;-37;-16;-36;-17;-34;-18;-31;-18;-26;-16;-20;-13;-13;-8;-6;-3;2;3;9;9;16;14;21;19;101;0;19;0;18;0;18;0;17;-1;15;0;14;0;13;0;12;0;11;1;11;0;10;0;10;-1;9;-1;8;-1;7;-1;7;-1;7;-1;7;-1;7;-1;7;-1;6;-2;6;-2;5;-1;5;-1;6;-1;6;-1;6;-1;6;-1;2;-1;0;-1;-1;0;-1;1;-1;0;0;-2;2;-7;7;-17;8;-17;9;-17;10;-16;12;-16;13;-15;14;-15;16;-14;17;-14;18;-13;18;-12;19;-12;19;-11;20;-10;20;-9;20;-8;21;-7;21;-7;20;-6;20;-5;20;-5;21;-4;21;-4;21;-3;21;-4;21;-4;20;-3;20;-3;101;0;7;23;8;22;8;22;9;21;10;20;10;20;10;19;10;19;10;18;11;17;11;16;12;15;12;15;13;15;13;15;14;15;14;15;13;15;13;15;13;15;13;15;12;15;12;15;12;15;11;16;10;16;9;17;9;17;3;6;0;1;-1;-1;0;-1;0;-1;-1;0;-1;2;-2;7;-1;7;-1;8;-1;8;-1;9;-1;10;-1;10;-1;11;0;11;0;12;1;12;1;13;1;14;1;15;0;15;1;15;1;15;2;16;2;17;3;18;3;19;3;20;4;20;5;20;6;21;7;21;8;22;8;23,stable,EXP_S141,ZONE_02,entree_zone,4.1,entree_zone,entree dans la zone
1942191772,-55,6,a0:9f:7a:73:2b:3e,384,-110;-96;8;0;-26;-35;-26;-35;-25;-33;-23;-29;-21;-24;-19;-18;-17;-11;-15;-4;-12;2;-10;8;-8;13;-5;18;-3;22;-1;25;1;27;3;28;5;29;6;28;8;26;9;23;10;20;11;17;12;13;12;10;13;7;3;1;0;0;0;0;0;0;0;0;0;0;0;0;0;0;0;0;0;0;-6;3;-24;14;-25;11;-26;8;-25;4;-23;0;-18;-3;-11;-6;-4;-7;5;-7;13;-6;21;-3;27;0;32;4;35;8;36;11;36;13;34;14;30;14;26;13;20;10;13;6;6;0;-1;-6;-8;-12;-14;-19;-18;-24;118;0;-19;-2;-19;-2;-18;-1;-17;-1;-15;0;-13;0;-12;-1;-11;-1;-11;-1;-11;-1;-11;-1;-10;0;-9;0;-8;0;-7;0;-7;0;-8;-1;-8;0;-8;0;-8;1;-7;1;-6;1;-6;1;-6;0;-6;0;-7;0;-7;0;-7;0;-3;0;-1;0;0;0;0;-1;0;-1;-1;1;-4;5;-10;14;-11;13;-12;13;-13;12;-14;12;-15;11;-16;10;-17;10;-18;10;-19;9;-19;9;-19;8;-20;7;-20;6;-20;5;-21;4;-21;4;-21;4;-20;4;-20;3;-20;2;-20;1;-21;1;-21;1;-21;1;-21;1;-20;1;-20;1;118;0;-8;-25;-9;-24;-10;-23;-10;-22;-11;-22;-12;-21;-12;-21;-12;-20;-12;-19;-13;-18;-13;-17;-14;-17;-15;-16;-15;-16;-16;-16;-16;-16;-16;-16;-15;-16;-15;-15;-15;-15;-15;-15;-15;-15;-15;-15;-15;-16;-14;-16;-13;-16;-13;-17;-12;-17;-5;-7;-2;-2;0;0;-1;0;-1;0;0;-1;0;-3;2;-8;1;-9;1;-9;1;-10;1;-11;1;-11;1;-12;1;-12;0;-12;0;-13;-1;-14;-1;-15;0;-16;0;-16;0;-17;0;-17;-1;-17;-2;-18;-3;-19;-3;-20;-3;-21;-4;-22;-4;-22;-5;-22;-6;-23;-7;-24;-8;-25;-9;-25,stable,EXP_S141,ZONE_02,entree_zone,4.1,entree_zone,entree dans la zone
1942386878,-54,6,a0:9f:7a:73:2b:3e,384,-110;-96;8;0;30;-32;30;-32;28;-30;24;-28;19;-25;14;-22;8;-18;1;-15;-5;-11;-11;-8;-16;-4;-20;-1;-24;1;-26;4;-28;6;-29;8;-28;10;-27;11;-25;12;-22;13;-19;14;-15;14;-11;14;-7;14;-4;14;-1;3;0;0;0;0;0;0;0;0;0;0;0;0;0;0;0;0;0;0;-5;-6;-19;-22;-17;-24;-13;-26;-9;-25;-5;-22;-1;-18;3;-12;5;-4;7;4;7;12;6;21;4;28;0;33;-3;37;-6;39;-9;39;-10;37;-10;33;-10;28;-7;22;-4;14;0;6;4;-2;10;-10;16;-18;20;-23;103;0;4;-19;4;-18;4;-17;4;-16;4;-15;4;-14;3;-13;3;-12;3;-12;3;-11;3;-11;2;-10;2;-9;2;-9;2;-8;2;-8;1;-8;1;-8;1;-8;1;-7;1;-7;1;-7;1;-6;1;-6;1;-6;1;-6;1;-6;1;-7;0;-3;0;-1;-1;0;0;0;0;0;-2;-2;-5;-4;-14;-12;-13;-13;-12;-14;-11;-15;-11;-16;-10;-17;-9;-18;-9;-19;-8;-20;-7;-20;-6;-21;-5;-21;-4;-21;-3;-21;-2;-21;-1;-21;-1;-21;0;-21;0;-21;1;-21;1;-21;1;-21;2;-21;2;-21;2;-21;3;-21;3;-21;4;-20;103;0;25;-3;25;-3;25;-3;24;-4;23;-5;23;-5;22;-6;22;-6;21;-7;20;-8;19;-8;19;-9;18;-9;18;-10;19;-10;19;-10;19;-10;19;-10;18;-10;18;-10;18;-10;18;-10;18;-9;18;-9;18;-8;18;-7;19;-7;19;-6;7;-2;2;-1;-1;0;-1;-1;-1;-1;0;0;2;1;8;3;8;3;8;2;9;2;9;2;10;2;11;2;11;2;12;2;13;2;14;3;15;3;15;3;16;3;16;3;16;3;17;3;18;2;18;2;19;1;20;1;21;1;22;0;23;0;24;-1;24;-2;25;-2;25;-2,stable,EXP_S141,ZONE_02,entree_zone,4.1,entree_zone,entree dans la zone
1942584130,-54,6,a0:9f:7a:73:2b:3e,384,-110;-96;8;0;-11;-44;-11;-44;-11;-41;-11;-37;-11;-31;-11;-24;-11;-17;-11;-9;-11;-2;-10;5;-10;11;-9;17;-8;21;-7;25;-5;28;-4;29;-2;29;0;29;1;27;3;25;5;22;7;18;9;14;10;10;12;7;3;1;0;0;0;0;0;0;0;0;0;0;0;0;0;0;0;0;0;0;-8;-1;-29;-5;-29;-7;-28;-11;-25;-13;-20;-14;-14;-14;-7;-12;1;-8;8;-3;14;3;19;9;23;15;26;21;27;26;26;30;25;32;23;31;20;29;17;25;13;20;9;12;5;4;1;-5;-3;-14;-6;-23;-8;-30;112;0;-16;-12;-16;-12;-16;-11;-15;-11;-14;-10;-13;-9;-12;-8;-11;-8;-10;-8;-10;-8;-10;-7;-10;-6;-9;-5;-8;-5;-8;-5;-7;-5;-7;-5;-8;-5;-8;-4;-8;-4;-7;-3;-7;-3;-6;-3;-6;-3;-6;-4;-6;-4;-7;-4;-7;-4;-3;-2;-1;-1;0;0;1;-1;0;-1;-2;0;-7;2;-17;5;-18;4;-19;3;-19;2;-19;1;-20;0;-21;-1;-21;-2;-22;-3;-22;-4;-22;-5;-21;-6;-21;-7;-21;-8;-20;-9;-20;-10;-21;-10;-20;-10;-20;-10;-19;-10;-19;-10;-19;-11;-19;-11;-20;-12;-20;-12;-19;-12;-19;-12;-18;-11;112;0;7;-26;7;-25;6;-25;4;-25;3;-24;2;-24;1;-24;0;-23;-1;-23;-1;-22;-2;-21;-3;-21;-4;-21;-5;-21;-5;-21;-5;-21;-5;-21;-5;-21;-6;-21;-6;-21;-6;-20;-6;-20;-6;-20;-5;-20;-5;-20;-4;-20;-3;-20;-3;-20;-1;-8;-1;-3;0;0;-1;0;-1;0;0;-1;2;-2;7;-6;7;-6;7;-7;7;-7;8;-8;8;-8;9;-9;9;-9;9;-10;9;-11;9;-12;10;-13;10;-13;11;-13;11;-14;11;-14;10;-15;10;-16;10;-17;10;-18;10;-19;10;-20;10;-21;9;-22;8;-23;8;-24;7;-25;7;-26,stable,EXP_S141,ZONE_02,entree_zone,4.1,entree_zone,entree dans la zone
1942785727,-55,6,a0:9f:7a:73:2b:3e,384,-110;-96;8;0;37;-22;37;-21;34;-21;30;-19;24;-18;18;-16;11;-15;5;-13;-2;-10;-8;-8;-14;-6;-19;-4;-23;-2;-26;0;-28;2;-29;4;-28;6;-27;7;-25;8;-23;9;-19;10;-15;11;-11;12;-7;12;-4;13;-1;3;0;0;0;0;0;0;0;0;0;0;0;0;0;0;0;0;0;0;-2;-7;-6;-28;-3;-29;0;-29;3;-27;6;-23;7;-17;7;-10;6;-3;4;5;1;13;-3;20;-8;25;-13;29;-17;32;-21;33;-23;32;-23;30;-22;27;-20;22;-16;17;-10;12;-3;6;4;0;11;-6;19;-12;25;-15;109;0;6;-18;6;-18;6;-17;5;-16;5;-15;4;-14;4;-13;4;-12;4;-11;4;-11;3;-11;3;-10;2;-10;2;-9;2;-8;2;-8;2;-8;2;-8;2;-8;1;-8;1;-7;1;-7;1;-6;1;-6;2;-6;2;-6;2;-7;2;-7;0;-3;0;-1;-1;0;0;0;0;0;-2;-2;-5;-5;-12;-13;-11;-14;-11;-15;-10;-16;-9;-17;-8;-17;-7;-18;-7;-19;-6;-20;-5;-21;-4;-21;-3;-21;-2;-21;-1;-21;0;-21;1;-21;1;-21;1;-21;1;-21;2;-21;2;-20;3;-20;4;-21;4;-21;4;-21;4;-21;4;-20;4;-20;109;0;24;0;24;-1;23;-2;23;-2;22;-3;22;-4;21;-5;20;-5;20;-5;19;-6;18;-7;17;-8;17;-9;17;-9;18;-9;18;-9;18;-9;17;-10;17;-10;17;-10;17;-10;17;-10;17;-9;17;-9;17;-8;17;-8;17;-7;17;-6;6;-2;1;-1;-1;0;-1;-1;-1;-1;0;0;2;1;7;4;8;4;8;4;9;4;9;4;10;5;10;5;11;5;11;5;12;4;13;4;14;5;15;5;15;5;15;6;15;5;16;5;16;4;18;4;19;4;20;3;21;3;21;3;22;2;22;1;23;0;24;0;25;-1,stable,EXP_S141,ZONE_02,entree_zone,4.1,entree_zone,entree dans la zone
1942983997,-55,6,a0:9f:7a:73:2b:3e,384,-110;-96;8;0;38;-21;37;-21;35;-20;30;-19;25;-18;18;-16;11;-14;4;-12;-3;-10;-9;-8;-15;-5;-20;-3;-24;-1;-26;1;-28;3;-29;5;-28;7;-27;8;-25;10;-22;11;-18;11;-14;12;-10;12;-6;13;-3;13;-1;3;0;0;0;0;0;0;0;0;0;0;0;0;0;0;0;0;0;0;-1;-8;-3;-29;0;-30;3;-29;6;-27;8;-22;9;-16;9;-10;7;-2;4;6;0;13;-5;20;-10;25;-15;29;-20;32;-23;32;-25;31;-26;29;-24;25;-21;21;-17;17;-11;11;-4;5;4;-1;12;-7;20;-12;26;-15;111;0;10;-17;10;-16;10;-15;9;-14;9;-13;8;-12;8;-11;7;-11;7;-10;6;-10;6;-10;5;-9;5;-9;5;-8;4;-8;4;-8;4;-7;4;-7;3;-7;3;-7;3;-6;2;-6;2;-6;2;-6;2;-6;3;-6;3;-6;3;-6;1;-3;0;-1;-1;0;0;0;0;0;-1;-2;-3;-6;-7;-17;-6;-17;-5;-18;-4;-19;-3;-19;-2;-20;-1;-20;0;-21;1;-21;2;-21;3;-21;4;-21;5;-21;6;-21;6;-21;7;-20;7;-20;8;-20;8;-20;8;-19;9;-19;9;-19;9;-19;10;-19;10;-19;10;-19;10;-18;10;-18;111;0;24;6;24;5;23;4;23;3;23;3;22;2;22;1;21;0;21;-1;20;-2;19;-3;19;-4;19;-5;19;-5;19;-6;19;-6;19;-6;19;-6;19;-6;19;-6;19;-6;18;-6;18;-6;18;-6;18;-5;18;-5;18;-4;18;-3;6;-1;2;-1;-1;0;-1;-1;-1;-1;0;0;2;2;6;7;6;7;6;7;6;7;7;7;7;7;8;8;9;8;10;8;10;9;11;9;11;9;12;10;12;10;13;10;13;10;14;10;15;9;16;9;17;9;18;9;19;9;20;8;21;8;21;8;22;7;23;7;23;7,stable,EXP_S141,ZONE_02,entree_zone,4.1,entree_zone,entree dans la zone
1943183301,-55,6,a0:9f:7a:73:2b:3e,384,-110;-96;8;0;42;-6;42;-6;39;-6;35;-7;29;-7;22;-8;15;-9;8;-10;2;-11;-5;-11;-11;-11;-16;-11;-20;-11;-24;-11;-26;-10;-28;-9;-28;-7;-28;-5;-26;-3;-24;-1;-22;1;-19;4;-16;6;-12;8;-10;10;-3;2;0;0;0;0;0;0;0;0;0;0;0;0;0;0;0;0;0;0;0;-7;2;-28;5;-29;7;-28;10;-25;11;-21;11;-15;10;-8;7;-1;2;6;-4;13;-10;18;-16;22;-22;24;-27;24;-30;24;-32;23;-32;21;-30;18;-26;15;-20;11;-13;8;-5;4;4;1;13;-2;22;-4;28;-5;106;0;10;-16;10;-16;9;-16;8;-15;7;-14;7;-12;6;-11;6;-10;6;-10;6;-10;5;-10;4;-9;4;-9;3;-8;3;-7;4;-7;4;-7;4;-7;3;-8;3;-7;2;-7;2;-6;2;-5;2;-5;3;-6;3;-6;3;-6;3;-7;1;-3;0;-1;-1;0;0;0;0;0;-2;-2;-3;-6;-8;-15;-8;-16;-7;-17;-6;-17;-5;-18;-4;-19;-3;-19;-2;-20;-1;-21;0;-21;1;-21;1;-21;3;-21;4;-20;5;-20;5;-20;6;-21;6;-20;6;-20;6;-19;7;-19;8;-18;9;-19;9;-19;9;-19;8;-19;8;-19;8;-18;106;0;24;5;23;4;23;3;23;2;23;1;22;0;22;0;21;-1;20;-2;19;-3;19;-4;19;-5;19;-6;19;-6;19;-6;19;-6;19;-6;19;-6;19;-7;18;-7;18;-7;18;-7;18;-7;18;-6;18;-6;18;-5;18;-4;18;-4;6;-2;2;-1;-1;0;-1;-1;-1;-1;0;0;2;2;6;6;6;6;7;6;7;6;8;6;9;7;9;8;9;8;9;7;10;7;11;7;13;8;13;8;14;9;14;9;14;8;14;8;15;7;16;7;18;7;19;8;19;8;20;8;20;7;21;6;23;5;24;5;25;4,stable,EXP_S141,ZONE_02,entree_zone,4.1,entree_zone,entree dans la zone
1943386209,-55,6,a0:9f:7a:73:2b:3e,384,-110;-96;8;0;9;42;9;41;9;38;9;34;9;28;9;21;9;14;9;7;9;0;8;-6;8;-12;7;-18;6;-22;5;-25;4;-28;2;-29;1;-29;-1;-28;-3;-26;-5;-24;-6;-21;-8;-17;-9;-13;-11;-10;-12;-7;-4;-2;0;0;0;0;0;0;0;0;0;0;0;0;0;0;0;0;0;0;6;0;28;4;28;7;26;10;23;12;18;13;13;13;6;11;-1;7;-8;2;-14;-3;-19;-10;-23;-16;-25;-22;-26;-27;-26;-31;-24;-32;-22;-32;-19;-30;-16;-26;-13;-21;-9;-14;-5;-5;-1;3;2;12;5;21;6;28;111;0;15;10;15;10;14;10;13;9;12;9;11;8;10;8;9;7;9;7;9;7;8;6;8;6;7;5;7;4;6;4;6;4;6;4;6;4;6;4;6;3;5;3;5;3;4;3;4;3;4;3;4;4;5;4;5;4;1;1;0;0;-1;-1;-1;0;-1;0;1;-2;5;-4;14;-10;15;-9;15;-8;16;-7;17;-6;18;-5;19;-4;19;-3;20;-2;20;-1;20;0;20;1;20;2;20;4;20;5;20;5;20;6;20;6;19;6;19;6;18;7;18;8;18;8;19;9;19;9;18;9;18;9;17;9;111;0;-7;23;-6;23;-5;22;-5;22;-4;22;-3;22;-2;21;-2;21;-1;20;0;20;1;19;2;19;2;19;3;19;3;19;3;19;3;19;3;19;3;19;3;19;3;19;3;19;2;18;2;18;1;18;1;18;0;18;-1;18;-1;6;-1;2;-1;-1;0;-1;0;-1;-1;0;-3;2;-7;7;-7;7;-7;7;-7;8;-7;8;-8;9;-8;9;-8;10;-8;10;-8;11;-8;12;-9;13;-9;13;-10;13;-10;14;-10;14;-9;14;-9;15;-9;16;-9;17;-9;18;-9;19;-9;20;-8;20;-8;21;-7;22;-7;23;-7;23,stable,EXP_S141,ZONE_02,entree_zone,4.1,entree_zone,entree dans la zone
1943582883,-54,6,a0:9f:7a:73:2b:3e,384,-110;-96;8;0;10;-43;10;-43;9;-41;6;-37;4;-31;1;-25;-2;-18;-5;-12;-8;-5;-10;2;-12;8;-14;13;-14;18;-14;21;-13;24;-12;26;-10;27;-8;27;-6;26;-3;23;0;21;2;18;5;14;8;11;9;8;2;1;0;0;0;0;0;0;0;0;0;0;0;0;0;0;0;0;0;0;-5;-6;-17;-25;-16;-27;-13;-28;-9;-27;-5;-25;-1;-20;3;-14;6;-6;8;2;9;10;9;19;8;26;6;33;4;37;2;40;0;40;-2;39;-2;36;-3;31;-2;24;-2;15;-1;6;1;-3;3;-13;5;-22;7;-29;105;0;-9;-18;-9;-18;-9;-17;-8;-16;-8;-15;-7;-14;-6;-13;-6;-13;-5;-12;-5;-12;-6;-11;-6;-10;-5;-9;-5;-9;-5;-8;-5;-8;-4;-8;-5;-8;-5;-8;-5;-7;-5;-7;-4;-6;-4;-6;-4;-6;-4;-6;-4;-6;-4;-6;-4;-6;-2;-3;-1;-1;0;0;1;0;0;0;-2;0;-7;-1;-19;-1;-19;-2;-19;-4;-19;-5;-19;-6;-19;-8;-19;-9;-19;-10;-19;-11;-19;-13;-19;-14;-18;-14;-18;-15;-17;-16;-16;-16;-16;-16;-15;-17;-15;-17;-14;-17;-14;-18;-13;-18;-13;-19;-13;-19;-13;-19;-13;-19;-12;-19;-12;-19;-12;-19;105;0;17;-18;16;-18;15;-19;14;-19;13;-19;13;-19;12;-19;11;-19;10;-19;8;-19;7;-19;6;-19;5;-19;5;-20;5;-20;5;-20;5;-20;5;-20;5;-20;5;-20;4;-19;4;-19;4;-19;4;-19;5;-19;6;-19;6;-18;7;-18;2;-7;0;-2;-1;0;-1;0;-1;0;1;-1;3;-1;9;-3;9;-3;9;-3;9;-4;10;-4;10;-4;11;-4;11;-4;12;-5;12;-5;13;-6;13;-7;14;-7;14;-8;15;-8;15;-8;15;-8;15;-9;15;-10;16;-11;17;-12;17;-12;17;-13;17;-14;17;-15;17;-17;17;-18;17;-19,stable,EXP_S141,ZONE_02,entree_zone,4.1,entree_zone,entree dans la zone
1943791772,-54,6,a0:9f:7a:73:2b:3e,384,-110;-96;8;0;22;-39;21;-39;20;-37;16;-33;12;-29;8;-24;3;-19;-2;-13;-7;-7;-11;-1;-14;4;-17;9;-19;13;-19;17;-19;20;-19;22;-18;23;-16;24;-13;23;-10;22;-7;20;-3;18;0;16;4;13;6;11;1;2;0;0;0;0;0;0;0;0;0;0;0;0;0;0;0;0;0;0;-3;-7;-10;-29;-8;-30;-5;-31;-2;-29;2;-25;4;-20;6;-13;7;-5;7;4;5;13;3;21;0;28;-4;33;-7;37;-10;39;-11;39;-12;38;-12;34;-11;29;-9;23;-6;15;-2;6;2;-3;7;-12;11;-20;15;-26;110;0;-5;-20;-5;-20;-5;-20;-5;-18;-5;-17;-4;-15;-3;-14;-3;-14;-2;-13;-2;-13;-3;-12;-3;-12;-3;-10;-3;-9;-3;-9;-2;-9;-2;-9;-2;-9;-3;-9;-3;-8;-3;-7;-3;-7;-2;-6;-2;-7;-2;-7;-2;-8;-2;-8;-2;-8;-1;-3;-1;-1;0;0;1;0;0;0;-2;-1;-7;-2;-18;-5;-18;-6;-18;-7;-18;-8;-18;-9;-17;-11;-17;-12;-17;-14;-17;-15;-17;-16;-16;-17;-15;-17;-14;-18;-13;-18;-12;-19;-12;-20;-12;-20;-12;-20;-11;-20;-10;-20;-9;-20;-9;-21;-8;-21;-8;-22;-9;-22;-8;-22;-8;-21;-8;-20;110;0;21;-13;20;-14;19;-14;18;-15;17;-16;16;-16;16;-16;15;-16;14;-16;12;-16;11;-16;10;-17;10;-17;10;-18;10;-18;10;-18;10;-18;10;-18;9;-18;9;-18;9;-18;9;-18;9;-18;10;-17;10;-17;11;-16;11;-16;12;-15;4;-6;1;-2;-1;0;-1;0;-1;0;1;0;3;-1;9;-1;9;-1;10;-2;10;-2;11;-2;12;-2;12;-2;12;-2;12;-2;13;-3;14;-4;15;-4;16;-4;16;-4;16;-4;16;-4;16;-5;16;-6;17;-7;18;-8;19;-8;20;-9;20;-9;20;-10;20;-11;20;-13;20;-14;21;-14,stable,EXP_S141,ZONE_02,entree_zone,4.1,entree_zone,entree dans la zone
1943989258,-55,6,a0:9f:7a:73:2b:3e,384,-110;-96;8;0;-36;-25;-36;-25;-34;-23;-31;-20;-27;-16;-23;-11;-18;-5;-13;0;-8;5;-3;10;2;14;6;17;10;19;14;21;16;21;18;21;20;20;20;18;20;15;20;12;19;9;17;5;15;1;13;-2;12;-5;2;-2;0;0;0;0;0;0;0;0;0;0;0;0;0;0;0;0;0;0;-7;2;-27;11;-28;9;-29;5;-28;2;-25;-1;-19;-4;-13;-6;-5;-7;3;-7;12;-6;20;-4;27;-1;32;3;36;6;38;8;38;10;36;11;33;11;28;10;22;8;15;5;7;1;-2;-4;-11;-8;-19;-13;-24;-17;99;0;-20;2;-20;2;-19;2;-18;2;-17;2;-15;2;-14;1;-13;1;-13;0;-12;1;-12;1;-11;1;-10;1;-9;1;-9;1;-9;1;-9;0;-9;1;-8;1;-8;1;-7;1;-7;1;-7;1;-7;1;-7;1;-7;1;-7;1;-7;1;-3;0;-1;0;0;-1;0;-2;0;-1;-1;1;-3;5;-7;16;-8;16;-9;15;-10;15;-12;15;-13;14;-14;14;-15;13;-16;13;-17;13;-18;12;-18;11;-19;11;-19;10;-20;9;-20;8;-20;8;-20;8;-20;7;-20;7;-20;6;-21;5;-21;5;-22;5;-22;5;-21;5;-21;5;-20;5;99;0;-12;-23;-12;-22;-13;-21;-13;-20;-14;-19;-14;-18;-14;-18;-14;-17;-15;-16;-15;-15;-15;-14;-16;-13;-16;-13;-17;-12;-17;-12;-17;-12;-17;-12;-17;-12;-17;-11;-17;-11;-17;-11;-17;-11;-17;-11;-17;-11;-16;-11;-16;-12;-15;-13;-15;-13;-6;-5;-2;-2;0;0;-1;0;-1;0;0;-2;0;-4;1;-10;0;-10;0;-11;0;-11;0;-12;0;-12;0;-13;0;-13;-1;-13;-1;-14;-2;-15;-2;-16;-2;-17;-2;-17;-2;-17;-2;-17;-3;-18;-4;-18;-5;-19;-5;-20;-6;-20;-6;-21;-7;-21;-8;-21;-9;-22;-10;-22;-11;-22;-12;-23,stable,EXP_S141,ZONE_02,entree_zone,4.1,entree_zone,entree dans la zone
1944186677,-54,6,a0:9f:7a:73:2b:3e,384,-110;-96;8;0;-44;-6;-43;-6;-41;-5;-37;-3;-31;-1;-25;1;-18;4;-11;6;-4;8;3;9;9;10;14;11;19;11;23;10;25;9;27;7;28;6;27;4;26;2;23;-1;20;-3;17;-6;13;-8;9;-10;7;-12;1;-3;0;0;0;0;0;0;0;0;0;0;0;0;0;0;0;0;0;0;-6;4;-23;19;-25;17;-26;14;-26;11;-24;6;-20;2;-14;-2;-7;-6;1;-9;9;-11;18;-11;25;-11;31;-11;36;-9;39;-7;40;-6;38;-4;35;-3;30;-2;24;-1;16;-1;6;-1;-3;-2;-13;-3;-23;-4;-29;-5;105;0;-16;11;-16;11;-16;11;-15;10;-14;9;-12;8;-12;7;-11;7;-11;6;-10;6;-10;6;-9;6;-8;6;-7;5;-7;5;-7;5;-7;5;-7;5;-7;5;-6;5;-5;5;-5;4;-5;4;-5;4;-5;4;-6;4;-6;4;-6;5;-2;1;-1;0;0;-1;-1;-2;0;-1;0;1;0;6;0;18;-1;18;-2;18;-3;18;-5;18;-6;18;-7;18;-8;19;-9;19;-10;19;-11;19;-12;18;-13;17;-14;17;-14;16;-15;16;-15;16;-15;16;-15;15;-15;15;-15;14;-16;14;-17;14;-17;14;-17;14;-17;14;-16;14;-16;13;105;0;-20;-15;-20;-14;-21;-13;-21;-12;-21;-10;-21;-9;-21;-8;-21;-8;-20;-7;-20;-6;-20;-5;-20;-4;-20;-3;-20;-3;-21;-2;-21;-2;-20;-2;-20;-1;-20;-1;-20;-1;-20;0;-20;0;-20;-1;-20;-1;-19;-2;-19;-2;-19;-3;-19;-4;-7;-2;-3;-1;0;0;0;0;0;0;-1;-2;-1;-4;-3;-10;-3;-10;-4;-10;-4;-10;-5;-11;-5;-12;-5;-12;-5;-12;-6;-12;-7;-12;-8;-13;-8;-14;-9;-15;-9;-15;-9;-15;-9;-15;-10;-15;-11;-15;-12;-15;-13;-16;-14;-16;-15;-16;-16;-16;-16;-16;-18;-15;-19;-15;-20;-15;-21;-15,stable,EXP_S141,ZONE_02,entree_zone,4.1,entree_zone,entree dans la zone
1944384689,-54,6,a0:9f:7a:73:2b:3e,384,-110;-96;8;0;40;-17;40;-17;37;-16;32;-16;27;-15;20;-14;13;-13;6;-12;-1;-10;-8;-8;-14;-6;-19;-4;-23;-2;-26;0;-28;2;-29;4;-29;6;-27;7;-25;9;-22;10;-19;11;-15;11;-11;12;-6;12;-3;13;-1;3;0;0;0;0;0;0;0;0;0;0;0;0;0;0;0;0;0;0;1;-8;5;-30;8;-29;11;-28;13;-25;14;-20;13;-14;11;-8;8;-1;3;7;-3;13;-9;18;-15;23;-21;25;-26;27;-30;27;-32;26;-31;24;-29;21;-26;18;-20;14;-13;9;-6;4;3;0;11;-5;20;-9;26;-11;105;0;10;-17;10;-16;10;-15;9;-14;9;-14;8;-13;8;-12;7;-11;7;-10;7;-10;6;-10;6;-9;5;-9;5;-8;5;-8;4;-7;4;-7;4;-7;4;-7;3;-7;3;-7;3;-6;3;-6;3;-6;3;-5;3;-6;4;-6;4;-6;1;-3;0;-1;-1;0;0;0;0;0;-2;-2;-4;-6;-9;-16;-8;-17;-7;-18;-6;-19;-5;-19;-4;-20;-3;-21;-2;-21;-1;-22;0;-22;1;-22;2;-22;3;-22;4;-21;5;-21;6;-21;7;-21;7;-21;7;-21;8;-20;8;-20;8;-20;9;-20;9;-20;9;-20;10;-19;10;-19;10;-19;105;0;23;6;23;6;23;5;22;4;22;3;22;2;21;1;21;1;20;0;19;-1;19;-2;19;-2;19;-3;19;-4;19;-4;19;-4;19;-4;19;-4;19;-5;19;-5;19;-5;19;-5;18;-4;18;-4;18;-3;18;-3;18;-2;18;-1;6;-1;2;0;-1;0;-1;-1;-1;-1;0;0;2;2;6;6;6;6;7;7;7;7;8;7;8;7;9;8;9;8;10;8;11;8;11;8;12;9;12;9;13;10;13;10;13;10;14;9;15;9;16;9;17;9;18;9;19;8;19;8;20;8;21;8;22;7;23;7;23;7,stable,EXP_S141,ZONE_02,entree_zone,4.1,entree_zone,entree dans la zone
1944586699,-55,6,a0:9f:7a:73:2b:3e,384,-110;-96;8;0;-12;-42;-12;-41;-12;-39;-12;-34;-11;-29;-11;-23;-11;-15;-10;-8;-10;-1;-9;5;-8;11;-7;16;-6;21;-5;24;-3;27;-2;28;0;28;1;27;3;25;5;23;6;19;8;16;9;12;11;8;12;5;3;1;0;0;0;0;0;0;0;0;0;0;0;0;0;0;0;0;0;0;-8;-1;-29;-4;-29;-7;-28;-10;-25;-12;-21;-13;-15;-13;-8;-11;-1;-8;6;-4;12;2;18;8;22;14;24;20;26;25;26;28;24;30;22;30;20;28;17;25;13;20;9;13;5;5;1;-4;-3;-13;-6;-21;-8;-28;102;0;-16;-11;-16;-11;-15;-11;-14;-10;-13;-9;-12;-9;-11;-8;-10;-8;-10;-7;-10;-7;-9;-7;-9;-6;-9;-5;-8;-5;-8;-5;-7;-5;-7;-5;-7;-5;-7;-4;-7;-4;-7;-3;-6;-3;-6;-3;-6;-3;-6;-4;-6;-4;-6;-4;-6;-4;-2;-2;-1;-1;0;0;0;-1;0;-1;-2;0;-6;2;-16;6;-17;5;-18;4;-18;3;-19;2;-19;1;-20;0;-20;-1;-21;-2;-21;-3;-21;-4;-21;-5;-21;-6;-20;-7;-20;-8;-20;-8;-20;-9;-20;-9;-19;-9;-19;-9;-19;-10;-19;-10;-19;-10;-19;-11;-19;-11;-19;-11;-18;-11;-18;-11;102;0;6;-24;6;-24;5;-24;4;-23;3;-23;2;-23;1;-22;0;-22;-1;-21;-2;-21;-3;-20;-3;-20;-4;-20;-5;-20;-5;-20;-6;-20;-6;-20;-6;-20;-6;-19;-6;-19;-6;-19;-6;-19;-6;-19;-5;-19;-5;-19;-5;-19;-4;-19;-3;-19;-1;-7;-1;-3;0;0;-1;0;-1;0;0;-1;2;-3;7;-6;7;-6;7;-7;8;-7;8;-8;8;-8;9;-9;9;-9;9;-10;9;-11;9;-11;10;-12;10;-12;10;-13;11;-13;10;-14;10;-14;10;-15;10;-16;10;-17;10;-18;10;-19;9;-20;9;-21;8;-22;8;-23;8;-24;7;-24,stable,EXP_S141,ZONE_02,entree_zone,4.1,entree_zone,entree dans la zone
1944789544,-55,6,a0:9f:7a:73:2b:3e,384,-110;-96;8;0;-26;34;-25;34;-24;32;-20;29;-16;26;-11;21;-6;17;0;12;5;7;10;2;14;-2;17;-6;19;-10;21;-13;22;-16;22;-18;21;-19;19;-20;17;-20;13;-20;10;-19;6;-17;3;-16;-1;-14;-4;-13;-2;-4;0;0;0;0;0;0;0;0;0;0;0;0;0;0;0;0;0;0;3;6;12;25;10;26;7;27;4;26;0;23;-3;18;-5;12;-7;4;-7;-4;-6;-12;-4;-20;-2;-27;2;-33;5;-37;7;-39;9;-39;10;-37;11;-34;10;-29;7;-23;5;-16;1;-8;-4;1;-9;9;-14;17;-17;22;105;0;4;18;4;18;5;17;5;16;4;15;4;13;3;12;2;12;1;11;2;11;2;11;2;10;3;8;2;7;1;7;1;7;1;7;1;8;1;7;2;7;2;6;1;5;1;5;1;5;0;6;0;6;1;7;1;7;0;2;0;0;0;-1;-2;-1;-1;-1;1;-1;6;0;17;0;17;1;17;2;17;3;17;5;17;6;17;8;17;9;17;11;17;11;17;12;16;13;14;14;13;15;13;16;12;17;12;17;12;17;12;16;11;16;10;17;9;17;9;18;9;19;9;19;9;19;8;18;8;17;105;0;-21;13;-20;13;-19;13;-17;14;-17;15;-16;15;-16;15;-15;15;-14;15;-13;14;-12;14;-11;15;-11;16;-11;16;-11;16;-11;17;-10;16;-10;16;-10;16;-10;16;-10;16;-10;16;-10;16;-11;15;-11;15;-12;14;-12;13;-13;13;-5;4;-2;1;0;-1;0;-1;0;-1;-2;0;-4;0;-10;1;-10;1;-10;2;-10;3;-11;3;-12;3;-13;3;-13;3;-13;3;-13;4;-14;5;-15;5;-16;5;-16;5;-17;4;-16;5;-16;5;-16;6;-17;8;-18;9;-19;9;-19;9;-19;10;-19;10;-19;11;-19;13;-20;14;-20;14,stable,EXP_S141,ZONE_02,entree_zone,4.1,entree_zone,entree dans la zone
1944985867,-55,6,a0:9f:7a:73:2b:3e,384,-110;-96;8;0;40;-11;40;-12;37;-11;33;-11;28;-11;21;-11;14;-11;7;-10;0;-10;-7;-9;-13;-8;-18;-7;-22;-5;-25;-4;-27;-2;-28;0;-29;1;-28;3;-26;4;-23;6;-20;7;-16;9;-12;10;-8;11;-5;11;-1;3;0;0;0;0;0;0;0;0;0;0;0;0;0;0;0;0;0;0;1;-7;7;-28;9;-28;12;-26;14;-23;15;-19;14;-13;11;-7;7;0;2;6;-4;12;-11;17;-17;20;-23;23;-28;23;-31;23;-33;22;-32;20;-30;18;-27;15;-21;11;-14;8;-6;4;3;0;12;-3;21;-6;27;-7;101;0;8;-17;8;-17;7;-17;7;-16;6;-15;6;-13;5;-12;5;-11;5;-11;5;-11;4;-11;4;-10;3;-9;3;-9;3;-8;3;-8;3;-8;3;-8;3;-8;2;-8;2;-7;1;-7;2;-6;2;-6;2;-6;2;-6;2;-7;2;-7;1;-3;0;-1;-1;0;0;0;0;0;-2;-2;-4;-5;-11;-14;-10;-15;-10;-16;-9;-17;-8;-17;-7;-18;-6;-19;-5;-20;-4;-21;-3;-21;-2;-22;-1;-22;-1;-21;1;-21;2;-21;2;-22;3;-22;3;-21;3;-21;4;-20;5;-20;6;-20;6;-20;6;-21;6;-21;6;-21;6;-20;6;-20;101;0;23;3;23;2;22;1;22;0;22;-1;21;-2;21;-2;20;-3;19;-4;19;-4;18;-5;18;-6;18;-7;18;-8;18;-8;18;-8;18;-8;18;-8;17;-8;17;-8;17;-8;17;-8;17;-8;17;-7;17;-7;17;-6;17;-6;17;-5;6;-2;1;-1;-1;0;-1;-1;-1;-1;0;0;2;2;7;5;7;5;8;5;8;5;9;5;9;6;10;6;10;7;10;6;11;6;12;6;13;6;14;7;14;7;14;7;14;7;15;6;16;6;17;5;18;5;19;6;19;6;20;5;20;5;21;4;22;3;23;2;24;2,stable,EXP_S141,ZONE_02,entree_zone,4.1,entree_zone,entree dans la zone
1945182224,-55,6,a0:9f:7a:73:2b:3e,384,-110;-96;8;0;-37;23;-36;23;-33;22;-29;21;-23;19;-17;17;-11;14;-4;11;2;7;8;4;13;0;17;-3;21;-6;23;-9;24;-12;24;-14;23;-15;22;-17;19;-17;16;-18;12;-17;8;-16;4;-15;0;-14;-3;-13;-1;-3;0;0;0;0;0;0;0;0;0;0;0;0;0;0;0;0;0;0;-2;7;-8;28;-11;27;-13;26;-15;23;-16;18;-15;13;-13;6;-9;0;-4;-7;1;-14;7;-20;13;-24;18;-27;23;-29;26;-30;28;-29;28;-27;26;-24;23;-20;18;-16;12;-11;5;-5;-3;0;-11;6;-19;11;-24;15;96;0;-8;18;-8;17;-7;16;-7;15;-7;14;-7;13;-6;12;-6;11;-6;11;-5;10;-5;10;-4;9;-4;9;-4;8;-3;8;-3;8;-3;7;-3;7;-3;7;-3;7;-3;6;-3;6;-2;6;-3;6;-3;6;-3;6;-3;6;-3;6;-1;2;-1;0;0;-1;-1;-1;-1;-1;1;1;3;4;10;14;9;14;8;15;7;16;7;17;6;18;5;19;4;20;3;20;2;21;1;21;0;21;-1;21;-2;21;-3;21;-3;21;-4;21;-4;21;-4;21;-5;20;-5;20;-6;20;-6;20;-6;20;-6;20;-7;20;-7;20;-7;19;96;0;-25;-2;-24;-2;-24;-1;-23;0;-22;1;-22;2;-21;3;-21;4;-20;4;-20;5;-19;5;-19;6;-18;7;-18;7;-18;8;-18;8;-18;8;-18;8;-17;9;-17;9;-17;9;-17;9;-17;8;-17;8;-17;7;-17;7;-18;6;-18;5;-7;2;-2;0;0;-1;0;0;0;0;-1;-1;-3;-3;-8;-6;-8;-7;-9;-7;-9;-7;-9;-7;-10;-7;-11;-7;-11;-7;-12;-7;-12;-7;-13;-7;-14;-7;-14;-8;-15;-8;-15;-8;-15;-8;-16;-8;-17;-7;-18;-7;-19;-7;-19;-6;-20;-6;-21;-5;-22;-5;-23;-4;-23;-4;-24;-3;-25;-3,stable,EXP_S141,ZONE_02,entree_zone,4.1,entree_zone,entree dans la zone
1945382516,-55,6,a0:9f:7a:73:2b:3e,384,-110;-96;8;0;-43;5;-43;5;-40;5;-36;6;-30;7;-24;7;-17;8;-9;8;-2;8;5;7;11;7;16;6;21;5;24;3;27;1;28;0;28;-2;27;-4;25;-6;22;-8;19;-9;15;-10;11;-11;6;-12;3;-13;0;-4;0;0;0;0;0;0;0;0;0;0;0;0;0;0;0;0;0;0;-5;5;-18;23;-20;22;-22;20;-23;16;-22;12;-19;7;-15;2;-9;-3;-2;-8;6;-12;14;-14;22;-16;28;-17;33;-16;36;-16;37;-15;36;-13;34;-11;30;-9;23;-7;16;-5;7;-3;-3;-1;-13;0;-22;2;-28;2;99;0;-11;16;-11;16;-11;15;-10;14;-9;13;-8;12;-8;11;-8;10;-8;9;-8;9;-7;9;-6;9;-6;8;-5;7;-5;7;-5;6;-6;6;-6;7;-5;7;-5;7;-4;6;-4;5;-4;5;-4;5;-5;5;-5;5;-5;5;-5;5;-2;2;-1;0;0;-1;-1;-1;-1;-1;1;1;3;5;10;14;9;15;8;16;7;17;6;17;5;18;4;19;3;20;2;21;1;21;0;21;-1;21;-2;21;-3;21;-5;21;-5;21;-6;21;-6;21;-6;20;-7;20;-8;19;-8;19;-9;19;-9;19;-9;20;-10;19;-10;19;-10;19;99;0;-24;-7;-24;-6;-23;-5;-23;-4;-22;-3;-22;-2;-22;-1;-21;-1;-21;0;-20;0;-20;1;-20;2;-20;3;-20;3;-20;4;-20;4;-19;4;-19;4;-19;4;-19;4;-19;4;-19;4;-19;4;-19;3;-19;2;-19;2;-19;1;-19;0;-7;0;-3;-1;0;-1;0;0;0;0;-1;-1;-3;-3;-8;-7;-8;-7;-8;-7;-9;-7;-9;-8;-10;-8;-10;-8;-10;-8;-11;-8;-12;-8;-13;-8;-13;-8;-14;-9;-14;-10;-14;-10;-14;-10;-15;-9;-16;-9;-17;-9;-18;-9;-19;-9;-20;-9;-20;-9;-20;-8;-21;-8;-22;-7;-23;-7;-24;-7,stable,EXP_S141,ZONE_02,entree_zone,4.1,entree_zone,entree dans la zone
1945582922,-55,6,a0:9f:7a:73:2b:3e,384,-110;-96;8;0;6;41;6;41;7;39;7;35;8;29;8;22;8;15;7;7;7;0;6;-6;5;-12;3;-18;1;-22;-1;-25;-3;-27;-5;-28;-7;-28;-8;-27;-10;-24;-11;-21;-12;-17;-12;-13;-13;-9;-13;-4;-13;-1;-4;0;0;0;0;0;0;0;0;0;0;0;0;0;0;0;0;0;0;0;4;5;19;21;18;23;16;25;12;25;9;23;4;20;0;15;-4;8;-8;1;-11;-8;-13;-16;-14;-23;-14;-30;-14;-35;-13;-38;-12;-39;-10;-39;-9;-36;-7;-32;-5;-26;-4;-18;-2;-9;0;0;2;10;3;19;4;26;103;0;17;10;16;10;16;9;15;9;14;8;12;8;11;7;11;7;10;7;10;7;9;6;9;5;8;5;8;4;7;4;7;4;7;4;7;4;6;4;6;3;6;3;5;3;5;3;5;3;5;3;5;3;5;3;5;3;1;1;0;0;-1;-1;-1;0;-1;0;1;-2;5;-4;14;-10;15;-9;16;-8;17;-7;18;-6;18;-5;19;-4;20;-3;21;-2;21;-1;21;0;21;1;21;2;21;3;21;4;21;5;21;5;21;6;21;6;20;7;20;7;20;8;20;8;20;8;20;9;19;9;19;9;19;9;103;0;-7;22;-6;21;-6;21;-5;21;-3;21;-2;21;-2;20;-1;20;0;19;0;19;1;18;2;18;3;18;3;18;4;18;4;18;4;18;4;18;5;18;5;18;5;18;5;18;4;17;4;17;3;17;3;17;2;17;1;17;0;6;0;1;-1;-1;0;-1;0;-1;-1;0;-3;2;-8;6;-8;6;-8;7;-8;7;-9;8;-9;8;-9;8;-9;9;-9;9;-9;10;-9;11;-10;11;-10;12;-11;12;-11;12;-11;13;-10;13;-10;14;-10;15;-10;16;-10;17;-10;18;-9;18;-9;19;-9;20;-8;21;-8;21;-7;22,stable,EXP_S141,ZONE_02,entree_zone,4.1,entree_zone,entree dans la zone
1945784270,-54,6,a0:9f:7a:73:2b:3e,384,-110;-96;8;0;-30;31;-30;31;-27;30;-24;28;-19;24;-14;20;-8;16;-2;11;3;6;8;1;12;-4;15;-8;18;-13;19;-16;20;-19;20;-21;18;-23;16;-23;13;-23;10;-22;6;-20;3;-18;-1;-15;-5;-13;-8;-11;-2;-3;0;0;0;0;0;0;0;0;0;0;0;0;0;0;0;0;0;0;-1;7;-4;29;-6;29;-9;29;-11;27;-12;23;-13;17;-12;10;-9;3;-6;-5;-2;-12;3;-19;8;-25;13;-30;17;-33;21;-34;22;-35;23;-33;22;-30;20;-26;16;-21;11;-15;5;-8;-1;0;-7;7;-14;14;-18;19;100;0;-1;20;-1;19;-1;19;-1;18;-1;17;-1;15;-2;14;-2;13;-2;13;-2;12;-1;12;-1;11;-1;10;-1;9;-1;9;-1;8;-1;8;-1;8;-1;8;-1;8;-1;7;-1;7;-1;6;-1;6;-1;6;-1;6;-1;6;-1;7;-1;2;-1;0;0;-1;-1;-1;-1;-1;1;0;5;2;15;8;15;9;14;10;14;11;13;12;13;13;12;15;12;16;11;17;11;18;10;19;9;19;8;20;7;20;6;20;6;21;5;21;5;21;5;21;4;21;3;21;3;21;2;22;2;22;2;22;2;22;2;22;1;21;100;0;-23;5;-23;5;-22;6;-21;7;-21;7;-20;8;-19;9;-19;9;-18;9;-16;10;-16;10;-15;11;-15;12;-15;12;-15;13;-15;13;-14;13;-14;13;-14;13;-14;13;-14;13;-14;13;-14;13;-14;12;-14;12;-15;11;-15;11;-16;10;-6;3;-2;1;0;-1;0;0;0;0;-2;-1;-4;-2;-11;-4;-11;-4;-11;-4;-11;-4;-12;-4;-12;-4;-13;-4;-13;-4;-14;-4;-14;-3;-15;-3;-16;-3;-17;-3;-17;-3;-17;-4;-17;-3;-17;-3;-18;-2;-19;-2;-20;-1;-21;0;-21;0;-22;1;-22;1;-22;3;-23;4;-23;5;-24;5,stable,EXP_S141,ZONE_02,entree_zone,4.1,entree_zone,entree dans la zone
1945983608,-54,6,a0:9f:7a:73:2b:3e,384,-110;-96;8;0;-37;-23;-37;-23;-36;-21;-33;-17;-29;-14;-24;-9;-18;-4;-12;0;-6;4;0;8;6;10;11;12;16;14;20;14;23;14;25;13;25;11;25;9;25;6;23;4;20;1;17;-3;13;-5;10;-8;7;-10;1;-3;0;0;0;0;0;0;0;0;0;0;0;0;0;0;0;0;0;0;-8;-1;-30;-2;-31;-4;-31;-7;-28;-9;-25;-11;-19;-11;-13;-11;-5;-9;3;-7;11;-4;19;0;25;4;30;9;34;13;36;16;36;18;34;19;32;18;27;16;22;13;15;9;8;4;-1;0;-10;-5;-18;-10;-23;-14;93;0;-21;2;-21;1;-20;1;-19;1;-17;1;-16;1;-15;1;-14;0;-14;0;-13;0;-13;1;-12;1;-11;1;-11;1;-10;0;-10;0;-10;0;-10;0;-9;0;-9;0;-8;0;-8;0;-7;0;-7;0;-7;0;-7;0;-8;0;-8;0;-3;0;-1;0;0;-1;0;-2;0;-1;-1;1;-3;5;-7;16;-8;16;-9;16;-11;15;-12;15;-13;15;-14;14;-15;14;-16;14;-18;13;-18;13;-19;12;-20;11;-20;10;-20;9;-21;8;-21;8;-21;7;-21;7;-21;6;-22;6;-22;5;-22;5;-23;5;-23;5;-23;5;-22;4;-22;4;93;0;-9;-23;-9;-22;-9;-21;-10;-20;-11;-19;-11;-19;-11;-18;-12;-17;-12;-16;-12;-15;-13;-14;-14;-13;-14;-13;-15;-13;-15;-13;-15;-13;-15;-13;-15;-12;-15;-12;-16;-12;-16;-12;-16;-12;-15;-12;-15;-12;-15;-13;-14;-13;-14;-13;-13;-14;-5;-5;-2;-2;0;0;-1;0;-1;0;0;-2;0;-4;1;-11;1;-11;1;-11;1;-12;1;-12;1;-13;1;-13;1;-14;1;-14;1;-14;0;-15;0;-16;0;-17;0;-17;0;-17;0;-17;0;-18;-1;-18;-2;-19;-2;-19;-3;-20;-3;-21;-4;-21;-5;-21;-6;-22;-7;-22;-8;-22;-9;-23,stable,EXP_S141,ZONE_02,entree_zone,4.1,entree_zone,entree dans la zone
1946189658,-54,6,a0:9f:7a:73:2b:3e,384,-110;-96;8;0;-31;31;-31;31;-28;30;-24;28;-20;25;-14;21;-8;16;-2;11;3;5;7;0;11;-6;14;-11;16;-15;17;-19;17;-22;16;-24;15;-26;12;-26;9;-25;6;-24;2;-21;-1;-18;-4;-15;-8;-11;-10;-8;-3;-2;0;0;0;0;0;0;0;0;0;0;0;0;0;0;0;0;0;0;-4;6;-16;26;-18;25;-20;24;-21;21;-21;17;-19;12;-16;6;-11;0;-5;-7;1;-13;7;-18;14;-23;20;-27;25;-29;29;-29;30;-29;30;-28;29;-25;25;-22;21;-18;15;-12;8;-6;0;1;-7;7;-15;14;-20;19;97;0;2;43;2;42;2;40;3;38;3;35;2;32;2;30;1;28;0;27;0;26;1;25;2;24;3;22;3;20;2;19;1;18;1;18;2;18;3;18;3;17;3;15;3;14;2;13;1;13;1;14;1;14;1;15;2;15;0;5;0;1;-1;-1;-2;-2;-1;-1;3;1;11;6;30;19;30;21;29;23;28;26;27;28;26;30;25;32;24;35;23;37;23;39;22;40;20;41;17;41;15;42;13;43;12;44;12;45;12;45;12;44;11;44;9;44;8;44;8;45;7;46;7;47;7;46;7;45;6;44;97;0;-45;13;-44;14;-42;15;-40;18;-38;20;-37;22;-35;23;-34;23;-32;23;-30;23;-28;24;-26;25;-25;27;-25;29;-24;30;-24;31;-23;31;-22;31;-21;31;-21;32;-20;32;-21;32;-21;31;-22;30;-22;29;-23;29;-24;28;-25;27;-9;9;-3;2;0;-1;1;0;0;0;-3;-1;-7;-4;-20;-9;-20;-9;-21;-8;-22;-8;-24;-8;-25;-9;-26;-9;-26;-9;-26;-8;-27;-7;-29;-6;-31;-6;-33;-7;-34;-8;-34;-8;-33;-7;-34;-5;-35;-3;-37;-1;-39;0;-41;1;-42;3;-42;4;-42;5;-43;7;-44;9;-45;11;-46;13,stable,EXP_S141,ZONE_02,entree_zone,4.1,entree_zone,entree dans la zone
1946382512,-54,6,a0:9f:7a:73:2b:3e,384,-110;-96;8;0;37;20;37;19;36;17;33;14;28;11;23;7;17;3;11;-2;5;-5;-2;-9;-8;-11;-13;-13;-17;-14;-21;-14;-24;-14;-26;-12;-27;-11;-27;-9;-26;-6;-24;-3;-21;0;-18;2;-14;5;-11;8;-8;9;-2;2;0;0;0;0;0;0;0;0;0;0;0;0;0;0;0;0;0;0;7;-1;29;-1;30;1;30;4;28;6;24;8;19;9;12;9;5;8;-4;6;-12;3;-20;0;-26;-5;-32;-9;-35;-12;-37;-15;-38;-17;-37;-17;-34;-17;-30;-15;-24;-13;-17;-9;-9;-5;0;-1;9;4;17;9;23;12;107;0;20;-6;19;-6;19;-6;18;-6;16;-6;14;-5;13;-4;12;-4;12;-3;12;-3;11;-4;11;-4;10;-4;9;-4;8;-3;8;-3;8;-3;9;-3;8;-3;7;-4;7;-4;6;-3;6;-3;6;-2;6;-2;7;-2;7;-2;7;-2;2;-1;0;-1;-1;0;-1;1;-1;0;0;-2;0;-7;2;-18;3;-18;5;-18;6;-18;7;-18;8;-18;10;-17;11;-18;13;-18;14;-18;14;-17;15;-16;16;-15;16;-14;17;-14;18;-13;18;-13;18;-13;18;-12;18;-12;19;-11;19;-10;20;-10;21;-10;21;-10;20;-10;20;-10;20;-9;107;0;11;20;11;19;12;18;12;16;13;15;14;15;14;14;14;14;14;13;13;12;14;11;14;10;15;9;16;9;16;9;16;9;16;8;16;8;16;8;16;7;17;8;16;8;16;8;16;8;15;9;15;9;14;10;14;10;5;3;1;1;-1;-1;0;-1;-1;-1;-1;1;-1;3;-1;10;0;10;0;10;0;11;0;11;0;12;0;12;0;13;0;13;1;13;2;14;2;14;2;15;2;16;1;16;1;16;2;16;3;16;5;17;5;18;6;19;6;19;6;19;7;19;8;19;9;19;11;20;11;20,stable,EXP_S141,ZONE_02,entree_zone,4.1,entree_zone,entree dans la zone
1946582407,-55,6,a0:9f:7a:73:2b:3e,384,-110;-96;8;0;38;-17;38;-18;36;-18;31;-17;26;-16;20;-14;13;-13;6;-10;-1;-7;-7;-4;-13;-1;-17;3;-20;6;-23;10;-24;13;-24;15;-23;16;-21;17;-19;18;-15;18;-11;17;-7;16;-3;14;2;12;5;10;1;2;0;0;0;0;0;0;0;0;0;0;0;0;0;0;0;0;0;0;5;-5;22;-20;24;-19;25;-17;26;-14;24;-10;21;-6;16;-2;9;3;2;7;-6;10;-14;13;-21;15;-28;16;-33;16;-36;16;-38;15;-38;14;-36;12;-31;10;-26;8;-19;5;-10;2;-1;-1;8;-5;17;-8;23;-11;96;0;8;-20;8;-19;8;-19;7;-18;6;-16;6;-15;5;-14;5;-13;5;-12;5;-12;4;-12;4;-11;3;-11;3;-10;3;-9;3;-9;3;-9;3;-9;3;-9;2;-9;2;-8;1;-7;2;-7;2;-7;2;-7;3;-7;3;-8;3;-8;1;-3;0;-1;-1;0;0;0;0;0;-2;-2;-4;-6;-11;-15;-10;-16;-9;-17;-8;-18;-7;-19;-6;-19;-5;-20;-4;-21;-4;-22;-3;-23;-2;-23;-1;-23;0;-22;1;-22;2;-23;3;-23;3;-23;4;-23;4;-23;4;-22;5;-22;5;-22;6;-22;6;-22;6;-23;6;-22;6;-22;6;-21;96;0;22;4;21;3;21;2;20;1;20;0;20;-1;19;-2;19;-2;18;-3;17;-3;16;-4;16;-5;16;-6;17;-7;17;-8;17;-8;17;-8;16;-8;16;-8;16;-8;16;-8;16;-8;16;-8;16;-8;16;-7;16;-7;16;-6;17;-6;6;-2;1;-1;-1;0;-1;-1;-1;-1;0;0;2;2;6;7;7;7;7;7;8;7;8;7;9;8;9;8;9;8;9;8;10;8;11;8;11;8;12;9;12;10;12;10;13;9;13;9;14;8;15;8;16;8;17;8;18;8;18;8;18;7;19;6;20;5;21;5;22;4,stable,EXP_S141,ZONE_02,entree_zone,4.1,entree_zone,entree dans la zone
1946782413,-54,6,a0:9f:7a:73:2b:3e,384,-110;-96;8;0;-42;-15;-42;-14;-40;-13;-37;-10;-32;-7;-26;-4;-20;-1;-12;2;-5;4;2;6;8;7;14;7;19;7;24;6;27;4;28;2;29;0;28;-2;26;-4;23;-6;20;-8;15;-10;11;-11;6;-12;2;-12;0;-4;0;0;0;0;0;0;0;0;0;0;0;0;0;0;0;0;0;0;-8;-2;-31;-6;-32;-8;-31;-10;-29;-12;-25;-13;-19;-13;-13;-12;-5;-11;3;-8;11;-4;19;0;26;4;31;8;35;12;38;15;38;17;37;18;34;17;30;15;25;13;17;9;9;5;0;1;-9;-2;-19;-6;-25;-10;100;0;-22;3;-22;3;-21;2;-20;2;-19;2;-17;2;-16;2;-15;1;-15;1;-14;2;-13;2;-13;2;-12;2;-11;2;-11;2;-10;1;-10;1;-10;1;-9;1;-9;1;-9;1;-8;1;-8;1;-8;1;-8;1;-8;1;-8;1;-8;1;-3;0;-1;0;0;-1;0;-2;0;-1;-1;1;-3;6;-9;16;-10;16;-11;15;-12;15;-14;15;-15;14;-16;14;-17;13;-18;13;-19;12;-20;12;-21;11;-21;10;-22;10;-22;9;-22;8;-23;8;-23;7;-23;7;-23;7;-23;6;-23;6;-24;6;-24;5;-24;5;-24;5;-24;5;-23;5;100;0;-8;-23;-9;-22;-9;-21;-10;-20;-10;-19;-11;-18;-11;-18;-12;-17;-13;-16;-13;-15;-14;-14;-14;-13;-15;-12;-15;-12;-16;-12;-16;-12;-16;-11;-16;-11;-16;-11;-16;-11;-16;-11;-17;-11;-16;-11;-16;-11;-16;-11;-16;-12;-15;-13;-15;-13;-6;-5;-2;-2;0;0;-1;0;-1;0;0;-2;1;-4;2;-11;2;-11;3;-11;3;-12;3;-12;3;-12;2;-13;2;-14;2;-14;2;-15;2;-16;2;-16;2;-17;2;-17;2;-17;2;-18;1;-18;0;-18;0;-19;-1;-20;-2;-20;-2;-21;-3;-21;-4;-22;-5;-22;-6;-22;-7;-23;-8;-23,stable,EXP_S141,ZONE_02,entree_zone,4.1,entree_zone,entree dans la zone
1946983483,-54,6,a0:9f:7a:73:2b:3e,384,-110;-96;8;0;22;35;23;35;23;32;22;29;20;24;17;18;14;11;10;5;6;-1;2;-7;-3;-12;-7;-16;-11;-19;-15;-20;-18;-21;-20;-21;-22;-20;-22;-18;-22;-15;-22;-12;-20;-8;-18;-4;-16;0;-13;4;-10;6;-3;1;0;0;0;0;0;0;0;0;0;0;0;0;0;0;0;0;0;0;5;4;22;19;21;21;19;23;17;24;13;23;8;20;3;16;-2;10;-7;3;-12;-4;-16;-11;-19;-18;-21;-25;-22;-30;-22;-34;-22;-36;-20;-36;-19;-34;-16;-30;-13;-25;-9;-18;-5;-10;0;-2;5;6;10;15;14;21;97;0;20;5;20;5;19;5;18;5;16;4;15;4;14;3;13;4;12;4;12;3;12;3;11;2;10;2;10;1;9;2;9;2;9;2;9;2;8;1;8;1;7;1;7;1;6;1;6;1;6;1;7;1;7;1;7;1;2;0;0;0;-1;-1;-1;0;-1;0;1;-2;4;-5;13;-13;14;-12;15;-12;16;-11;17;-10;17;-9;18;-8;19;-7;20;-7;21;-6;22;-5;22;-4;22;-3;22;-2;22;-1;22;0;23;0;23;1;22;1;22;1;22;2;22;2;22;3;23;3;23;3;23;3;22;3;22;3;97;0;-3;22;-2;22;-1;21;0;20;1;20;2;20;3;19;3;19;4;18;4;17;5;16;6;16;7;16;8;16;8;16;9;16;9;16;9;16;9;16;9;15;9;15;9;15;9;15;9;15;8;16;8;16;7;16;7;16;2;6;0;1;-1;-1;0;-1;0;-1;-1;0;-3;2;-7;8;-7;8;-7;8;-7;9;-7;9;-8;10;-8;10;-8;11;-8;11;-8;12;-8;12;-8;13;-8;14;-9;14;-9;14;-9;14;-8;14;-7;15;-7;16;-7;17;-7;18;-7;19;-6;19;-6;20;-5;20;-4;21;-3;22;-3;23,stable,EXP_S141,ZONE_02,entree_zone,4.1,entree_zone,entree dans la zone
1947187984,-54,6,a0:9f:7a:73:2b:3e,384,-110;-96;8;0;-30;-31;-30;-31;-29;-29;-28;-25;-25;-20;-22;-15;-17;-9;-12;-3;-7;2;-2;6;4;10;9;13;13;15;17;16;21;16;23;15;25;13;25;11;24;8;23;5;20;2;17;-1;14;-4;10;-7;7;-9;1;-3;0;0;0;0;0;0;0;0;0;0;0;0;0;0;0;0;0;0;-7;-5;-25;-18;-25;-20;-23;-22;-20;-23;-16;-22;-11;-20;-6;-16;0;-11;6;-5;12;2;16;9;20;15;23;22;25;26;26;30;26;31;24;32;22;30;19;27;15;22;11;16;5;9;-1;1;-7;-6;-13;-14;-18;-19;91;0;-22;-3;-21;-3;-21;-3;-19;-2;-18;-2;-17;-2;-15;-2;-14;-2;-14;-2;-13;-2;-13;-2;-12;-1;-12;-1;-11;-1;-10;-1;-10;-1;-10;-1;-10;-1;-10;-1;-9;-1;-8;0;-8;0;-8;-1;-8;-1;-8;-1;-8;-1;-8;-1;-8;-1;-3;-1;-1;-1;0;0;0;-1;0;-1;-1;1;-4;5;-11;14;-12;14;-13;13;-15;13;-16;12;-17;11;-18;11;-19;10;-20;9;-21;9;-22;8;-22;7;-22;6;-22;5;-23;4;-23;4;-24;3;-24;3;-23;2;-23;2;-23;1;-23;0;-23;0;-24;0;-24;0;-24;0;-24;0;-23;0;91;0;-2;-23;-3;-23;-4;-22;-5;-21;-6;-20;-6;-20;-7;-19;-7;-19;-8;-18;-9;-17;-9;-16;-10;-15;-11;-15;-12;-15;-12;-15;-12;-15;-12;-15;-12;-15;-12;-15;-13;-15;-13;-15;-13;-15;-13;-15;-12;-15;-12;-15;-11;-15;-11;-16;-10;-16;-4;-6;-1;-2;0;0;-1;0;-1;0;0;-1;1;-4;4;-10;4;-10;4;-10;4;-11;4;-11;4;-12;5;-12;5;-12;5;-13;5;-13;4;-14;4;-15;4;-16;5;-16;5;-16;5;-16;4;-17;3;-17;3;-18;2;-19;2;-20;2;-20;2;-21;1;-21;0;-22;-1;-22;-2;-23;-2;-24,stable,EXP_S141,ZONE_02,entree_zone,4.1,entree_zone,entree dans la zone
1947387064,-55,6,a0:9f:7a:73:2b:3e,384,-110;-96;8;0;40;-10;40;-11;38;-11;34;-11;29;-11;22;-11;15;-10;8;-9;1;-8;-6;-6;-12;-4;-17;-1;-21;1;-24;4;-26;6;-27;8;-26;10;-25;12;-23;13;-20;13;-16;14;-12;14;-7;13;-2;12;1;12;0;2;0;0;0;0;0;0;0;0;0;0;0;0;0;0;0;0;0;0;5;-5;22;-19;24;-18;26;-16;26;-13;24;-9;21;-5;15;-1;9;3;2;7;-7;9;-15;12;-22;13;-29;14;-34;13;-38;12;-40;11;-39;10;-37;8;-32;7;-27;5;-19;3;-11;1;-1;-1;8;-3;17;-5;24;-6;99;0;11;-17;11;-17;11;-16;10;-15;9;-14;8;-13;8;-12;7;-12;7;-11;7;-11;6;-11;6;-10;5;-10;4;-9;4;-8;4;-8;4;-8;4;-8;4;-8;3;-8;3;-8;3;-7;3;-7;3;-6;3;-6;3;-6;3;-7;3;-7;1;-3;0;-1;-1;0;0;1;0;0;-1;-2;-3;-6;-7;-17;-6;-18;-5;-18;-4;-19;-3;-20;-2;-20;-1;-21;0;-21;1;-22;2;-22;3;-22;4;-22;5;-22;7;-21;7;-21;8;-21;8;-21;8;-21;8;-21;9;-20;9;-20;9;-20;10;-20;10;-20;11;-20;11;-20;11;-19;11;-19;99;0;20;9;20;8;20;7;20;6;20;5;19;4;19;3;19;2;18;1;18;0;17;-1;17;-2;17;-3;17;-3;18;-4;18;-4;18;-4;18;-4;18;-4;18;-5;18;-5;18;-5;18;-4;18;-4;18;-4;18;-3;18;-2;18;-2;6;-1;2;-1;-1;0;-1;-1;-1;-1;0;1;1;3;5;8;5;8;5;8;5;9;6;9;6;9;7;10;7;10;8;10;8;11;9;11;9;12;10;12;10;12;10;12;10;12;11;12;12;11;13;11;14;12;15;12;16;12;16;11;17;11;18;11;19;10;20;10;20;10,stable,EXP_S141,ZONE_02,entree_zone,4.1,entree_zone,entree dans la zone
1947586363,-55,6,a0:9f:7a:73:2b:3e,384,-110;-96;8;0;-15;39;-15;39;-13;37;-10;34;-8;30;-4;24;-1;18;2;11;5;4;7;-2;8;-8;9;-13;10;-18;10;-22;9;-25;7;-27;6;-28;4;-28;1;-26;-1;-24;-3;-21;-6;-18;-8;-14;-10;-10;-11;-7;-3;-2;0;0;0;0;0;0;0;0;0;0;0;0;0;0;0;0;0;0;1;7;5;29;3;30;0;30;-3;28;-5;25;-7;20;-8;14;-8;6;-7;-2;-6;-11;-4;-19;-1;-26;3;-32;6;-36;8;-39;10;-40;11;-38;11;-36;10;-32;8;-26;6;-19;3;-10;0;-1;-3;8;-6;17;-9;23;104;0;4;19;3;19;3;18;3;17;3;16;2;15;2;14;2;13;1;12;1;12;1;11;1;10;1;10;1;9;1;9;1;8;1;8;1;8;1;8;1;7;1;7;1;7;1;6;1;6;1;6;1;6;0;6;0;6;0;2;0;0;-1;-1;-2;-1;-1;-1;1;0;6;1;17;3;17;5;16;6;16;7;16;9;16;10;16;11;16;13;16;14;15;15;14;16;14;17;13;17;12;18;11;18;11;19;10;19;9;19;9;19;9;19;8;20;8;20;7;20;7;20;7;20;6;20;6;20;6;20;104;0;-22;8;-21;8;-20;9;-20;9;-19;10;-18;10;-17;11;-16;11;-15;11;-14;12;-14;12;-13;12;-13;13;-12;14;-12;14;-12;14;-12;14;-12;15;-11;15;-11;15;-11;15;-11;15;-12;14;-12;14;-12;14;-13;13;-14;12;-14;12;-5;4;-2;1;0;-1;0;0;0;0;-2;-1;-4;-1;-11;-1;-11;-1;-11;-1;-12;-1;-12;-1;-12;-1;-13;-1;-13;-1;-14;0;-15;0;-15;0;-16;0;-16;0;-17;0;-17;0;-17;0;-18;0;-18;1;-18;2;-19;2;-20;3;-20;4;-21;4;-21;5;-21;6;-22;6;-22;7;-22;8,stable,EXP_S141,ZONE_02,entree_zone,4.1,entree_zone,entree dans la zone
1947784066,-54,6,a0:9f:7a:73:2b:3e,384,-110;-96;8;0;27;31;28;30;27;28;25;25;23;20;19;15;16;9;11;3;7;-3;2;-8;-3;-12;-7;-16;-11;-18;-15;-20;-18;-20;-20;-20;-22;-19;-22;-17;-22;-15;-22;-12;-20;-8;-18;-5;-16;-1;-13;3;-11;5;-3;1;0;0;0;0;0;0;0;0;0;0;0;0;0;0;0;0;0;0;7;1;28;8;28;11;27;13;24;15;20;15;15;15;9;13;1;9;-6;5;-12;-1;-18;-6;-23;-12;-27;-18;-29;-23;-31;-26;-31;-28;-29;-29;-27;-27;-24;-25;-19;-21;-13;-15;-7;-9;-1;-1;6;6;12;13;16;18;105;0;39;3;39;3;37;3;35;3;33;3;31;3;29;3;27;3;25;3;24;2;23;2;22;2;20;1;19;1;18;0;18;0;17;0;17;0;16;0;16;0;15;-1;14;-1;13;0;13;0;13;0;13;1;14;1;14;1;5;0;1;0;-1;0;-2;1;-1;0;2;-4;7;-11;21;-28;23;-27;25;-26;28;-25;30;-24;32;-23;34;-22;36;-21;38;-19;40;-18;41;-16;42;-14;42;-12;43;-10;43;-8;43;-7;43;-6;43;-5;43;-5;43;-4;44;-3;44;-2;44;-2;44;-1;44;0;44;0;44;1;43;1;105;0;2;45;3;44;5;43;7;42;9;40;11;39;12;37;13;36;14;35;15;33;16;32;18;30;19;29;21;29;22;29;22;29;23;29;23;29;24;28;24;28;24;28;24;28;23;28;23;29;22;29;21;30;19;31;18;31;6;11;1;3;-1;-1;0;-2;0;-1;-1;1;-4;6;-10;18;-10;18;-10;18;-11;19;-11;20;-11;21;-11;22;-11;24;-11;25;-11;26;-11;28;-12;29;-12;30;-13;31;-13;31;-12;31;-11;32;-10;33;-9;35;-8;37;-7;38;-6;40;-5;41;-4;42;-2;43;-1;44;1;45;2;46,stable,EXP_S141,ZONE_02,entree_zone,4.1,entree_zone,entree dans la zone
1947983491,-55,6,a0:9f:7a:73:2b:3e,384,-110;-96;8;0;-10;-41;-11;-41;-11;-39;-11;-35;-11;-29;-11;-23;-10;-16;-9;-9;-8;-2;-6;4;-4;10;-2;15;1;19;3;23;6;25;8;26;10;26;11;24;13;22;13;19;14;15;14;11;13;7;12;2;12;-1;2;-1;0;0;0;0;0;0;0;0;0;0;0;0;0;0;0;0;0;0;-6;-6;-20;-22;-19;-24;-17;-26;-14;-26;-10;-25;-6;-21;-2;-16;3;-10;6;-3;9;5;12;13;13;21;14;28;13;33;13;36;12;38;11;38;9;36;8;32;6;26;4;19;2;10;-1;1;-3;-8;-5;-17;-6;-24;93;0;-17;-12;-16;-12;-16;-12;-15;-11;-14;-10;-13;-9;-12;-9;-11;-9;-11;-9;-10;-8;-10;-8;-10;-7;-9;-6;-9;-6;-8;-6;-8;-6;-8;-6;-8;-6;-8;-6;-8;-5;-7;-5;-7;-4;-6;-4;-6;-5;-6;-5;-6;-5;-6;-5;-6;-5;-3;-2;-1;-1;0;0;0;-1;0;-1;-2;1;-6;3;-16;9;-16;8;-17;7;-18;6;-19;5;-19;4;-20;2;-21;1;-22;0;-23;-1;-23;-2;-23;-3;-22;-4;-22;-5;-22;-6;-22;-7;-22;-8;-22;-8;-21;-8;-21;-9;-20;-9;-20;-10;-20;-10;-21;-11;-21;-11;-20;-11;-20;-11;-19;-11;93;0;10;-21;9;-21;8;-20;7;-20;6;-20;5;-20;4;-20;4;-19;3;-19;2;-19;1;-18;0;-18;-1;-18;-2;-19;-2;-19;-2;-19;-2;-19;-2;-19;-2;-19;-2;-19;-2;-19;-2;-19;-2;-19;-2;-19;-1;-19;0;-19;1;-19;1;-19;0;-7;0;-3;0;0;-1;0;-1;0;0;-1;2;-3;7;-7;7;-7;7;-8;7;-8;8;-8;8;-9;9;-9;9;-9;9;-9;9;-10;10;-11;10;-11;10;-12;11;-12;11;-12;11;-12;11;-13;11;-13;11;-14;11;-15;11;-16;11;-17;11;-17;11;-18;10;-19;10;-20;9;-21;9;-21,stable,EXP_S141,ZONE_02,entree_zone,4.1,entree_zone,entree dans la zone
1948184142,-54,6,a0:9f:7a:73:2b:3e,384,-110;-96;8;0;31;27;31;27;31;25;29;21;25;17;21;12;17;7;12;1;6;-3;1;-8;-4;-11;-9;-14;-14;-16;-18;-17;-21;-17;-23;-16;-25;-15;-25;-13;-25;-11;-24;-8;-22;-5;-19;-1;-16;2;-12;5;-10;7;-3;2;0;0;0;0;0;0;0;0;0;0;0;0;0;0;0;0;0;0;7;1;28;7;28;9;28;12;25;14;21;14;16;14;10;12;2;9;-5;5;-12;1;-19;-5;-24;-10;-29;-16;-31;-21;-33;-24;-33;-26;-32;-26;-29;-25;-26;-23;-21;-19;-15;-14;-8;-8;-1;-2;6;5;13;11;19;16;92;0;20;-2;20;-2;19;-2;18;-2;16;-2;15;-1;14;-1;13;-1;12;-1;12;-1;11;-1;11;-1;10;-2;10;-2;9;-1;9;-1;9;-1;9;-1;8;-1;8;-2;7;-2;7;-2;7;-1;6;-1;7;-1;7;-1;7;-1;7;0;2;0;0;0;-1;0;-1;1;-1;0;0;-2;2;-6;6;-17;8;-17;9;-17;10;-16;11;-16;12;-15;14;-15;15;-14;16;-14;17;-13;18;-13;18;-12;19;-11;19;-10;20;-9;21;-9;21;-8;21;-8;21;-7;21;-7;21;-6;21;-5;21;-5;22;-5;22;-4;22;-4;22;-4;21;-4;92;0;4;22;5;21;6;20;6;19;7;19;8;18;8;18;8;17;9;16;9;15;10;14;10;13;11;13;12;13;13;13;13;13;13;13;13;13;13;13;13;13;13;13;13;13;13;13;12;13;12;13;11;14;11;14;10;14;3;5;1;1;-1;-1;0;-1;0;-1;-1;1;-1;3;-3;10;-3;10;-3;10;-3;10;-3;11;-3;11;-3;12;-3;12;-3;13;-3;13;-3;14;-3;15;-3;15;-3;16;-3;16;-3;16;-2;16;-1;17;-1;17;0;18;0;19;0;20;1;20;1;20;2;21;3;21;4;22;4;22,stable,EXP_S141,ZONE_02,entree_zone,4.1,entree_zone,entree dans la zone
1948388518,-55,6,a0:9f:7a:73:2b:3e,384,-110;-96;8;0;-25;-34;-26;-34;-25;-31;-24;-28;-22;-23;-19;-17;-16;-11;-12;-5;-7;1;-3;6;2;11;6;14;10;17;13;19;17;20;19;19;20;18;21;16;21;14;20;11;19;7;17;3;15;0;12;-4;10;-7;2;-2;0;0;0;0;0;0;0;0;0;0;0;0;0;0;0;0;0;0;-7;-4;-26;-15;-26;-17;-24;-20;-21;-21;-17;-20;-12;-18;-7;-15;-1;-11;6;-5;11;1;16;8;20;14;23;20;25;25;25;29;25;31;23;31;21;30;18;26;15;22;10;16;5;9;0;1;-6;-7;-12;-14;-16;-20;100;0;-19;-10;-19;-10;-18;-9;-17;-9;-16;-9;-14;-8;-13;-8;-13;-8;-12;-7;-11;-7;-11;-6;-11;-6;-10;-5;-10;-5;-9;-5;-8;-5;-8;-5;-8;-5;-8;-5;-8;-5;-7;-4;-7;-4;-7;-4;-7;-4;-7;-4;-7;-4;-7;-5;-6;-5;-3;-2;-1;-1;0;0;0;-1;0;-1;-2;1;-5;4;-13;11;-14;11;-16;10;-17;9;-18;8;-19;7;-20;6;-21;5;-22;4;-22;3;-22;2;-22;1;-23;0;-23;-1;-23;-2;-23;-3;-23;-4;-23;-4;-22;-5;-22;-5;-22;-6;-22;-7;-22;-7;-22;-7;-22;-8;-22;-8;-22;-8;-22;-8;100;0;6;-22;5;-22;4;-21;4;-21;3;-21;2;-20;1;-20;1;-19;0;-19;-1;-18;-2;-18;-3;-18;-4;-18;-4;-18;-5;-19;-5;-19;-5;-19;-5;-18;-5;-19;-5;-18;-5;-18;-5;-18;-4;-18;-4;-18;-3;-19;-3;-19;-2;-19;-1;-19;-1;-7;0;-3;0;0;-1;0;-1;0;0;-1;2;-3;6;-9;6;-9;6;-9;6;-9;6;-10;7;-10;7;-10;7;-11;8;-11;8;-12;8;-12;8;-13;8;-13;9;-14;9;-14;9;-14;9;-15;8;-15;8;-16;8;-17;8;-18;8;-19;8;-19;8;-20;7;-20;7;-21;7;-22;6;-23,stable,EXP_S141,ZONE_02,entree_zone,4.1,entree_zone,entree dans la zone
1948582771,-54,6,a0:9f:7a:73:2b:3e,384,-110;-96;8;0;41;0;42;-1;40;-1;36;-2;31;-4;24;-5;17;-6;10;-7;3;-7;-4;-7;-11;-6;-16;-5;-21;-3;-25;-1;-27;1;-29;3;-29;5;-28;7;-25;8;-22;9;-19;10;-14;11;-10;11;-5;12;-2;11;-1;2;0;0;0;0;0;0;0;0;0;0;0;0;0;0;0;0;0;0;6;-3;27;-12;29;-10;29;-8;29;-5;26;-2;22;1;15;4;8;6;-1;7;-9;8;-18;7;-26;6;-32;4;-37;3;-40;1;-42;0;-41;-1;-38;-2;-34;-2;-28;-2;-20;-2;-11;-2;-2;-1;8;-1;18;0;25;0;103;0;17;-12;17;-12;16;-11;15;-10;14;-9;14;-9;13;-8;12;-8;11;-7;11;-7;10;-7;9;-7;9;-7;8;-6;8;-6;7;-6;7;-5;7;-5;7;-5;7;-5;6;-5;6;-5;6;-5;6;-4;6;-4;6;-4;6;-4;6;-4;2;-2;0;-1;-1;0;0;1;-1;0;-1;-2;-2;-7;-3;-18;-2;-19;-1;-19;1;-20;2;-20;3;-20;5;-20;6;-21;7;-21;8;-21;9;-21;10;-20;11;-19;12;-19;13;-18;14;-18;14;-18;15;-17;15;-17;15;-16;16;-16;16;-16;16;-16;17;-16;17;-15;17;-15;17;-15;17;-14;103;0;15;16;15;16;15;15;15;14;16;13;16;12;16;11;16;10;15;9;15;8;15;7;16;6;16;6;17;5;17;5;17;5;18;5;18;5;18;4;18;4;18;5;17;5;17;5;17;5;17;6;17;6;16;7;16;8;5;3;1;1;-1;-1;-1;-1;-1;-1;0;1;1;3;3;9;3;9;3;9;3;10;3;10;3;11;4;11;4;12;4;12;5;13;5;13;5;14;5;14;6;15;6;15;6;15;7;15;7;15;8;15;9;16;10;16;11;16;11;17;12;17;13;17;13;16;14;16;15;16,stable,EXP_S141,ZONE_02,entree_zone,4.1,entree_zone,entree dans la zone
1948782455,-54,6,a0:9f:7a:73:2b:3e,384,-110;-96;8;0;-43;2;-43;3;-41;4;-37;4;-32;5;-25;6;-18;7;-11;7;-4;6;4;5;10;4;15;2;20;0;24;-2;26;-4;27;-6;28;-8;26;-10;24;-11;21;-13;17;-13;13;-14;9;-13;4;-13;0;-12;-1;-3;0;0;0;0;0;0;0;0;0;0;0;0;0;0;0;0;0;0;-7;3;-27;13;-29;12;-30;9;-29;6;-27;3;-23;0;-17;-3;-10;-6;-1;-8;8;-9;16;-9;24;-9;31;-8;36;-7;39;-5;40;-5;40;-4;38;-2;33;-2;27;-1;20;-1;11;0;1;0;-9;1;-19;1;-25;1;91;0;-9;18;-9;18;-9;18;-8;17;-7;16;-6;14;-6;13;-7;12;-7;11;-7;11;-6;11;-5;11;-4;10;-4;9;-4;8;-4;8;-4;8;-4;8;-4;9;-3;8;-3;8;-2;7;-3;6;-3;6;-4;6;-4;7;-4;7;-4;7;-2;2;-1;0;0;-1;-1;-1;-1;-1;1;1;3;5;10;14;10;15;9;16;8;17;7;17;6;18;5;19;4;20;3;21;2;22;2;22;1;22;-1;22;-2;22;-3;22;-4;22;-4;22;-4;22;-4;22;-5;21;-5;20;-7;20;-8;21;-8;22;-8;22;-8;22;-7;21;-7;20;91;0;-23;-7;-22;-7;-21;-5;-21;-4;-21;-2;-21;-1;-21;-1;-21;0;-20;0;-19;1;-18;2;-18;3;-18;4;-18;5;-19;5;-19;5;-19;5;-18;6;-18;6;-18;6;-18;7;-18;7;-19;6;-19;5;-19;5;-19;4;-19;3;-19;3;-7;1;-3;0;0;-1;0;0;0;0;-1;-1;-3;-3;-8;-8;-8;-7;-8;-7;-9;-7;-10;-8;-10;-9;-10;-9;-10;-9;-10;-9;-11;-9;-12;-9;-13;-9;-14;-10;-14;-11;-14;-11;-14;-11;-14;-10;-15;-9;-16;-9;-18;-9;-19;-10;-19;-10;-19;-10;-19;-9;-20;-8;-21;-7;-22;-7;-23;-7,stable,EXP_S141,ZONE_02,entree_zone,4.1,entree_zone,entree dans la zone
1948985388,-55,6,a0:9f:7a:73:2b:3e,384,-110;-96;8;0;35;-20;35;-21;33;-21;29;-20;24;-19;18;-17;12;-14;6;-11;0;-8;-6;-4;-11;0;-15;4;-19;7;-21;11;-22;14;-23;16;-22;18;-20;19;-18;20;-15;19;-11;18;-7;17;-3;15;1;13;3;11;1;2;0;0;0;0;0;0;0;0;0;0;0;0;0;0;0;0;0;0;4;-6;17;-24;19;-23;21;-21;22;-18;21;-14;19;-10;15;-5;10;0;3;6;-4;10;-11;14;-18;17;-24;19;-30;20;-33;20;-35;20;-35;19;-33;17;-30;15;-25;12;-18;8;-11;4;-2;0;6;-5;14;-9;20;-12;91;0;3;-20;3;-20;3;-19;3;-18;2;-17;2;-16;2;-15;2;-14;2;-13;2;-13;2;-13;1;-12;1;-11;1;-10;1;-10;1;-10;1;-10;1;-10;1;-9;1;-9;0;-8;0;-8;1;-7;1;-7;1;-8;1;-8;2;-8;2;-8;0;-3;0;-1;-1;0;0;0;0;0;-2;-1;-6;-4;-14;-11;-14;-12;-14;-13;-13;-15;-12;-16;-11;-17;-11;-18;-10;-19;-9;-20;-9;-20;-8;-21;-7;-21;-6;-21;-4;-21;-3;-22;-3;-22;-2;-23;-2;-23;-2;-22;-1;-22;-1;-22;0;-22;0;-22;1;-23;1;-23;1;-23;1;-22;1;-22;91;0;22;1;21;0;20;-1;20;-2;19;-3;19;-4;19;-4;18;-5;17;-5;16;-6;15;-7;15;-8;15;-9;15;-9;15;-10;15;-10;15;-10;15;-10;15;-10;15;-10;15;-10;15;-10;16;-10;16;-10;16;-9;16;-8;16;-8;17;-7;6;-3;1;-1;-1;0;-1;-1;-1;-1;0;0;3;1;8;4;8;4;8;4;9;4;10;4;10;4;11;5;11;5;11;5;12;5;13;5;13;5;14;6;14;6;15;6;14;6;15;5;15;5;16;4;17;4;18;4;19;4;19;4;20;3;20;2;21;1;22;1;22;0,stable,EXP_S141,ZONE_02,entree_zone,4.1,entree_zone,entree dans la zone
1949182516,-55,6,a0:9f:7a:73:2b:3e,384,-110;-96;8;0;-32;-25;-33;-25;-32;-23;-29;-20;-26;-16;-23;-12;-18;-7;-13;-2;-7;2;-2;6;4;9;9;11;13;13;18;14;21;14;23;14;24;12;25;10;24;8;23;5;21;2;18;0;15;-3;11;-6;8;-8;2;-3;0;0;0;0;0;0;0;0;0;0;0;0;0;0;0;0;0;0;-7;-2;-28;-7;-28;-9;-28;-12;-26;-14;-22;-15;-17;-14;-11;-13;-4;-10;3;-6;11;-2;17;3;22;9;27;14;29;18;31;21;32;23;30;23;28;23;24;20;20;17;14;12;8;7;1;1;-7;-5;-14;-11;-19;-15;93;0;-20;4;-20;4;-19;4;-18;4;-17;3;-16;3;-15;2;-14;2;-13;2;-13;2;-12;2;-12;2;-11;2;-10;2;-10;2;-10;1;-10;1;-10;1;-9;1;-9;1;-8;1;-8;1;-8;1;-8;0;-8;0;-8;0;-8;0;-8;0;-3;0;-1;0;0;-1;0;-2;0;-1;-1;1;-1;6;-3;17;-4;17;-5;17;-6;17;-7;17;-9;17;-10;17;-12;17;-13;16;-14;16;-15;16;-16;15;-17;14;-18;12;-18;11;-19;11;-19;11;-19;11;-19;10;-19;10;-20;9;-20;8;-21;8;-21;8;-22;8;-21;7;-21;7;-20;6;93;0;-8;-21;-9;-20;-9;-20;-9;-19;-10;-18;-11;-17;-11;-17;-11;-16;-12;-15;-12;-14;-12;-13;-13;-12;-13;-12;-14;-12;-14;-12;-14;-12;-14;-12;-15;-12;-15;-12;-15;-12;-15;-12;-15;-12;-15;-12;-14;-13;-14;-13;-13;-14;-12;-15;-12;-15;-4;-6;-2;-2;0;0;0;0;0;0;-1;-2;-1;-4;-1;-10;-1;-10;-1;-10;-1;-11;-1;-12;-1;-12;-1;-13;-1;-13;-1;-13;-2;-14;-2;-15;-2;-15;-2;-16;-2;-16;-2;-17;-2;-16;-2;-17;-3;-17;-3;-17;-4;-18;-4;-19;-5;-19;-5;-20;-6;-20;-7;-20;-8;-21;-9;-21;-9;-21,stable,EXP_S141,ZONE_02,entree_zone,4.1,entree_zone,entree dans la zone
1949387109,-55,6,a0:9f:7a:73:2b:3e,384,-110;-96;8;0;-2;40;-2;40;-1;38;1;35;2;30;3;24;4;17;5;10;5;3;4;-4;4;-10;2;-16;0;-20;-2;-24;-4;-26;-6;-27;-8;-28;-9;-27;-11;-24;-12;-21;-13;-18;-13;-13;-13;-9;-13;-5;-12;-1;-3;0;0;0;0;0;0;0;0;0;0;0;0;0;0;0;0;0;0;0;1;6;5;28;3;29;0;29;-2;28;-4;25;-6;20;-8;14;-8;6;-8;-2;-7;-10;-6;-18;-4;-25;-2;-31;0;-36;2;-39;4;-40;4;-39;5;-37;5;-33;4;-27;3;-20;2;-11;1;-2;0;7;-1;16;-1;23;89;0;14;13;14;13;13;13;13;12;12;11;11;10;10;10;9;9;9;9;9;9;8;8;8;7;8;7;7;6;7;6;6;6;6;6;7;6;7;5;6;5;6;4;6;4;5;4;5;4;5;5;5;5;5;5;5;5;1;2;0;0;-1;-1;-2;0;-1;0;1;-1;5;-3;16;-6;17;-5;17;-4;18;-3;18;-2;19;-1;19;1;20;2;20;3;21;4;21;5;20;6;20;7;19;8;19;9;19;10;19;10;19;10;18;11;18;11;18;11;17;12;17;12;18;13;17;13;17;13;17;13;16;13;89;0;-13;17;-13;17;-12;17;-11;17;-9;17;-8;17;-7;17;-7;17;-6;17;-5;16;-4;16;-3;16;-2;16;-2;17;-2;17;-1;17;-1;17;-1;18;-1;17;-1;18;-1;18;-1;18;-1;18;-2;18;-2;18;-3;17;-4;17;-4;17;-2;6;-1;1;0;-1;0;-1;0;-1;-1;0;-4;1;-9;4;-9;4;-9;4;-10;5;-10;5;-11;5;-11;5;-11;5;-11;6;-11;7;-12;7;-13;8;-13;8;-14;8;-14;8;-14;8;-14;9;-14;9;-14;10;-14;11;-14;12;-14;13;-14;13;-14;14;-14;15;-14;16;-14;17;-13;17,stable,EXP_S141,ZONE_02,entree_zone,4.1,entree_zone,entree dans la zone
1949585004,-55,6,a0:9f:7a:73:2b:3e,384,-110;-96;8;0;14;-39;13;-40;12;-38;9;-35;7;-31;4;-25;0;-19;-2;-12;-5;-6;-7;1;-8;7;-8;13;-8;18;-6;22;-5;25;-3;27;-2;28;0;28;2;26;4;24;6;20;8;16;9;11;10;7;11;3;2;0;0;0;0;0;0;0;0;0;0;0;0;0;0;0;0;0;0;0;0;-8;4;-30;6;-30;9;-30;11;-27;12;-24;12;-18;11;-12;9;-4;6;3;3;11;-1;18;-5;24;-9;30;-13;33;-16;36;-18;36;-18;35;-18;33;-16;29;-14;23;-11;17;-7;9;-3;0;1;-8;5;-17;8;-23;97;0;-8;-20;-8;-20;-8;-19;-7;-18;-7;-17;-6;-16;-6;-15;-6;-14;-5;-14;-5;-13;-5;-12;-5;-12;-5;-11;-5;-10;-5;-10;-4;-9;-4;-9;-4;-9;-4;-9;-4;-9;-4;-8;-4;-8;-4;-7;-3;-7;-3;-8;-3;-8;-3;-8;-3;-8;-1;-3;-1;-1;0;0;1;0;0;0;-2;-1;-7;-1;-18;-3;-18;-4;-18;-6;-18;-7;-18;-8;-18;-10;-18;-11;-18;-12;-18;-13;-18;-14;-18;-15;-17;-16;-16;-17;-15;-17;-14;-18;-13;-19;-13;-19;-13;-19;-13;-19;-12;-19;-12;-19;-12;-20;-11;-20;-11;-21;-11;-21;-11;-21;-11;-21;-10;-20;97;0;19;-11;18;-12;17;-12;16;-12;15;-13;14;-13;14;-14;13;-14;12;-14;11;-14;10;-14;9;-15;8;-15;8;-16;8;-17;8;-17;8;-17;8;-17;8;-17;8;-17;8;-17;8;-17;8;-17;8;-17;9;-17;9;-17;10;-16;10;-16;3;-6;1;-2;-1;0;-1;0;-1;0;1;-1;3;-1;9;-1;9;-1;9;-1;10;-1;11;-1;11;-1;12;-1;12;-1;13;-1;13;-2;14;-2;14;-2;15;-2;16;-2;16;-2;16;-2;16;-3;16;-4;16;-5;17;-6;18;-6;18;-6;19;-7;18;-8;19;-9;19;-10;19;-10;19;-11,stable,EXP_S141,ZONE_02,entree_zone,4.1,entree_zone,entree dans la zone
1949782298,-55,6,a0:9f:7a:73:2b:3e,384,-110;-96;8;0;-36;19;-36;20;-34;20;-30;19;-26;18;-20;16;-13;13;-7;10;-1;6;5;2;10;-2;14;-6;17;-10;19;-14;20;-17;20;-20;19;-22;17;-23;14;-23;11;-22;8;-21;4;-19;0;-16;-4;-13;-7;-11;-2;-3;0;0;0;0;0;0;0;0;0;0;0;0;0;0;0;0;0;0;-6;4;-23;18;-24;17;-26;15;-26;13;-25;9;-22;5;-17;1;-11;-4;-3;-8;4;-11;12;-14;19;-16;26;-18;31;-18;34;-18;36;-17;36;-16;34;-15;30;-13;25;-10;18;-7;10;-4;2;0;-7;4;-15;8;-22;11;99;0;-9;18;-8;18;-8;17;-8;16;-7;15;-7;14;-7;13;-6;12;-6;12;-5;12;-5;11;-4;11;-4;10;-3;9;-3;9;-3;9;-3;9;-3;9;-3;8;-2;8;-2;8;-2;7;-2;7;-2;7;-3;7;-3;7;-3;7;-3;7;-1;2;-1;0;0;-1;-1;-1;-1;-1;0;1;2;5;7;15;6;16;6;17;5;17;4;18;3;19;2;19;1;20;0;21;-1;21;-2;22;-3;22;-4;22;-4;21;-5;21;-6;21;-6;21;-6;21;-7;21;-7;20;-7;20;-8;20;-8;21;-8;21;-8;21;-8;21;-8;20;-8;20;99;0;-22;-7;-21;-6;-21;-5;-21;-4;-20;-3;-20;-1;-20;0;-19;0;-18;1;-18;2;-17;3;-17;4;-17;5;-17;6;-18;6;-18;7;-18;7;-17;7;-17;7;-17;8;-17;8;-17;8;-17;8;-17;8;-18;7;-18;7;-18;6;-18;5;-7;1;-2;0;0;-1;0;0;0;0;-1;-1;-3;-3;-6;-9;-6;-9;-7;-9;-7;-9;-8;-9;-8;-10;-8;-10;-8;-10;-9;-10;-10;-10;-10;-10;-11;-11;-12;-11;-12;-12;-12;-12;-12;-12;-13;-11;-14;-11;-15;-11;-16;-11;-16;-11;-17;-11;-18;-10;-19;-10;-20;-9;-20;-8;-21;-8;-22;-8,stable,EXP_S141,ZONE_02,entree_zone,4.1,entree_zone,entree dans la zone
1949985475,-55,6,a0:9f:7a:73:2b:3e,384,-110;-96;8;0;6;40;7;40;8;38;8;34;9;29;9;23;8;16;7;9;6;2;4;-5;2;-11;0;-16;-3;-20;-5;-23;-8;-26;-10;-27;-12;-27;-13;-25;-14;-23;-15;-20;-15;-16;-15;-12;-14;-8;-13;-3;-12;0;-3;0;0;0;0;0;0;0;0;0;0;0;0;0;0;0;0;0;0;0;3;6;14;25;13;26;10;28;7;27;4;25;1;21;-3;16;-5;9;-8;1;-10;-7;-11;-15;-11;-23;-10;-30;-9;-35;-8;-39;-7;-40;-6;-40;-5;-37;-4;-33;-3;-27;-2;-20;-1;-12;1;-2;2;7;3;16;4;23;95;0;12;15;12;15;11;14;11;14;10;13;9;12;8;11;8;11;7;10;7;10;7;9;7;9;6;8;6;7;6;7;5;7;5;7;5;7;5;7;5;6;5;6;4;5;4;5;4;5;4;6;4;6;3;6;3;6;1;2;0;0;-1;-1;-2;0;-1;0;1;-1;5;-2;16;-6;17;-5;17;-3;18;-2;18;0;19;1;19;2;20;3;20;4;20;6;20;7;20;8;20;9;19;10;19;10;18;11;18;12;18;12;17;13;17;13;16;13;16;14;16;15;16;15;16;15;15;15;15;15;15;15;95;0;-16;16;-15;16;-14;15;-13;16;-12;16;-11;16;-11;16;-10;16;-9;16;-8;16;-7;16;-6;16;-5;16;-5;17;-5;17;-5;17;-5;17;-4;18;-4;18;-4;18;-4;18;-5;18;-5;18;-5;17;-6;17;-7;17;-7;17;-8;16;-3;6;-1;1;0;-1;0;-1;0;-1;-1;0;-4;1;-9;4;-10;4;-10;4;-10;4;-11;4;-11;4;-11;5;-12;5;-12;5;-12;6;-13;6;-13;6;-14;7;-14;7;-15;7;-15;7;-15;8;-15;8;-15;9;-16;10;-16;11;-16;11;-16;12;-16;13;-16;13;-16;14;-16;15;-16;15,stable,EXP_S141,ZONE_02,entree_zone,4.1,entree_zone,entree dans la zone
1950184312,-55,6,a0:9f:7a:73:2b:3e,384,-110;-96;8;0;34;21;35;21;34;20;31;17;27;13;23;9;18;4;12;0;6;-4;0;-7;-6;-10;-11;-12;-16;-13;-20;-14;-23;-14;-26;-13;-27;-12;-27;-10;-26;-8;-25;-5;-22;-2;-19;1;-16;3;-12;6;-9;8;-2;2;0;0;0;0;0;0;0;0;0;0;0;0;0;0;0;0;0;0;7;0;28;1;29;3;29;6;27;8;23;10;18;11;12;10;4;9;-4;6;-12;2;-19;-2;-25;-6;-30;-11;-33;-15;-35;-18;-36;-19;-35;-20;-33;-20;-29;-18;-23;-15;-17;-11;-10;-7;-2;-2;7;3;15;8;21;12;100;0;19;-6;19;-6;18;-5;17;-5;16;-4;15;-4;14;-4;13;-3;13;-3;12;-3;12;-3;11;-3;10;-3;9;-3;9;-2;9;-2;9;-2;9;-2;8;-2;8;-2;8;-2;7;-2;7;-1;7;-1;7;-1;7;-1;7;0;7;0;2;0;0;0;-1;0;0;1;-1;0;-1;-2;-1;-7;-1;-18;0;-18;2;-18;3;-19;5;-19;6;-19;7;-19;9;-19;10;-19;11;-19;12;-18;13;-17;14;-16;15;-15;16;-15;17;-14;17;-14;18;-13;18;-13;18;-12;18;-12;19;-11;19;-11;20;-10;20;-10;20;-9;20;-9;20;-8;100;0;8;20;8;19;9;19;9;18;10;17;10;16;11;15;11;15;11;14;11;13;11;12;12;12;12;11;13;11;13;11;14;12;14;12;14;12;14;12;14;12;14;12;13;12;13;13;13;13;12;14;11;14;11;15;10;15;3;5;0;1;-1;-1;-1;-1;-1;-1;0;1;0;3;1;9;1;9;1;9;2;10;2;10;2;11;2;12;2;12;2;13;2;13;2;14;3;15;2;15;2;16;2;16;2;16;2;16;3;16;4;17;4;17;5;18;5;18;6;19;6;19;7;19;7;19;8;20;9;20,stable,EXP_S141,ZONE_02,entree_zone,4.1,entree_zone,entree dans la zone
1950388241,-55,6,a0:9f:7a:73:2b:3e,384,-110;-96;8;0;-41;-7;-42;-6;-40;-5;-36;-4;-32;-2;-26;0;-19;2;-12;4;-5;5;2;5;8;5;14;4;19;3;23;1;26;0;28;-2;28;-4;27;-6;25;-8;23;-9;19;-11;15;-12;10;-12;5;-12;2;-12;0;-3;0;0;0;0;0;0;0;0;0;0;0;0;0;0;0;0;0;0;-8;0;-30;3;-31;1;-31;-2;-29;-4;-26;-7;-21;-8;-15;-9;-7;-9;1;-8;9;-6;17;-4;25;-2;31;1;35;4;38;6;39;8;38;9;36;9;32;8;26;7;19;5;10;3;1;1;-8;-1;-18;-3;-24;-5;98;0;-19;9;-19;9;-18;8;-17;8;-16;7;-15;7;-14;6;-13;6;-13;5;-12;5;-12;6;-11;6;-10;5;-9;5;-9;5;-9;4;-9;4;-9;4;-8;5;-8;5;-7;4;-7;4;-7;4;-7;3;-7;3;-7;3;-8;3;-8;3;-3;1;-1;0;0;-1;0;-2;0;-1;0;1;-1;6;-2;17;-4;17;-5;17;-6;17;-7;18;-9;17;-10;17;-11;18;-12;18;-13;17;-14;17;-15;17;-15;16;-16;15;-17;14;-18;14;-18;14;-18;14;-18;13;-18;13;-18;12;-19;12;-19;11;-20;12;-20;12;-20;12;-20;11;-19;11;98;0;-13;-19;-13;-18;-14;-17;-14;-16;-15;-15;-15;-14;-16;-13;-16;-12;-16;-11;-16;-10;-16;-9;-16;-9;-17;-8;-17;-7;-18;-7;-18;-7;-18;-7;-18;-6;-18;-6;-18;-6;-19;-6;-19;-6;-18;-6;-18;-7;-18;-7;-18;-8;-18;-9;-17;-9;-7;-4;-2;-2;0;0;0;0;-1;0;-1;-2;-1;-4;-1;-10;-1;-10;-1;-11;-1;-11;-2;-12;-2;-13;-2;-13;-2;-13;-2;-13;-3;-14;-3;-15;-3;-15;-3;-16;-3;-16;-3;-17;-3;-17;-4;-17;-5;-17;-6;-17;-7;-18;-8;-19;-8;-19;-9;-19;-9;-19;-10;-19;-11;-19;-12;-19;-13;-19,stable,EXP_S141,ZONE_02,entree_zone,4.1,entree_zone,entree dans la zone
1950588472,-55,6,a0:9f:7a:73:2b:3e,384,-110;-96;8;0;-29;29;-29;30;-27;29;-23;27;-19;25;-14;21;-9;16;-4;11;1;6;6;0;9;-5;11;-10;13;-15;13;-20;13;-23;13;-25;11;-27;9;-27;7;-26;4;-25;1;-22;-2;-19;-5;-15;-7;-11;-9;-8;-3;-2;0;0;0;0;0;0;0;0;0;0;0;0;0;0;0;0;0;0;-5;6;-17;24;-20;23;-22;22;-23;19;-22;15;-20;10;-17;5;-12;-1;-6;-7;1;-13;8;-17;15;-21;21;-24;25;-26;28;-27;30;-27;30;-26;29;-24;26;-21;22;-17;16;-12;9;-7;2;0;-6;7;-13;13;-18;17;94;0;11;40;11;40;11;39;10;37;9;34;9;31;7;29;6;27;5;26;5;26;6;25;6;23;6;21;6;19;5;18;4;18;4;18;4;18;4;18;5;17;5;16;4;14;3;14;2;14;1;15;1;16;1;16;2;17;0;6;0;1;-1;-1;-3;-1;-2;-1;3;-1;13;1;36;3;36;5;36;8;36;11;36;13;35;16;35;19;35;22;35;25;35;27;34;29;33;30;30;32;28;34;26;36;25;37;25;38;24;38;24;38;23;38;21;38;20;39;19;41;19;42;19;43;18;42;18;41;17;40;94;0;-41;17;-40;17;-37;18;-35;19;-33;21;-32;22;-32;23;-30;23;-29;23;-27;23;-24;23;-23;25;-22;27;-22;28;-22;29;-23;29;-23;29;-22;29;-22;29;-21;30;-22;30;-22;30;-23;29;-24;29;-25;28;-26;26;-27;25;-27;24;-10;8;-4;2;0;-1;1;-1;0;0;-3;-1;-7;-1;-20;0;-20;0;-20;1;-21;1;-23;2;-25;1;-26;1;-26;0;-26;1;-27;2;-28;3;-30;4;-32;4;-33;3;-33;2;-33;2;-32;3;-33;5;-34;7;-36;9;-38;9;-39;10;-39;10;-39;12;-39;13;-39;16;-40;17;-41;19,stable,EXP_S141,ZONE_02,entree_zone,4.1,entree_zone,entree dans la zone
1950787071,-54,6,a0:9f:7a:73:2b:3e,384,-110;-96;8;0;27;-31;27;-32;25;-31;22;-29;17;-26;12;-23;7;-18;2;-13;-3;-7;-7;-2;-11;3;-13;8;-15;13;-16;17;-16;21;-16;23;-15;25;-13;25;-10;25;-7;23;-4;21;-1;18;2;15;5;12;7;9;2;2;0;0;0;0;0;0;0;0;0;0;0;0;0;0;0;0;0;0;2;-7;9;-28;12;-28;14;-27;16;-25;16;-21;16;-16;13;-10;10;-3;5;4;0;11;-6;17;-12;22;-17;26;-22;29;-25;30;-27;30;-28;29;-27;27;-24;23;-20;19;-15;14;-9;7;-2;0;4;-7;11;-13;16;-18;103;0;-9;-40;-9;-40;-9;-39;-9;-37;-8;-34;-7;-31;-6;-29;-5;-28;-5;-27;-5;-26;-5;-25;-6;-24;-6;-22;-6;-20;-5;-19;-5;-19;-4;-19;-4;-19;-5;-18;-5;-18;-5;-16;-5;-15;-4;-15;-3;-15;-3;-15;-3;-16;-3;-16;-3;-16;-1;-6;-1;-2;0;0;2;0;1;0;-4;-1;-13;-3;-35;-9;-35;-11;-35;-14;-35;-17;-35;-19;-34;-22;-33;-25;-33;-27;-33;-30;-32;-32;-31;-34;-29;-35;-27;-36;-25;-37;-23;-39;-22;-40;-22;-41;-21;-41;-20;-41;-19;-40;-18;-41;-16;-42;-15;-43;-15;-44;-15;-44;-15;-44;-15;-43;-14;-42;103;0;42;-16;41;-16;39;-17;37;-18;35;-20;34;-21;33;-22;32;-23;30;-23;28;-23;25;-24;24;-26;23;-27;23;-29;23;-29;23;-30;23;-30;23;-30;22;-30;22;-31;22;-31;22;-31;23;-30;24;-30;24;-29;26;-28;27;-26;28;-25;10;-9;3;-3;-1;0;-2;-1;-1;-1;2;0;7;0;19;2;19;1;20;1;21;1;23;1;24;1;25;1;25;2;25;1;26;0;28;-1;30;-1;32;-1;33;0;33;1;33;0;33;-1;33;-3;34;-4;36;-6;38;-6;39;-7;40;-7;40;-9;40;-11;41;-13;42;-15;42;-16,stable,EXP_S141,ZONE_02,entree_zone,4.1,entree_zone,entree dans la zone
1950985994,-55,6,a0:9f:7a:73:2b:3e,384,-110;-96;8;0;-41;-8;-41;-7;-39;-6;-36;-4;-31;-2;-25;0;-19;2;-12;4;-5;5;2;6;8;6;14;6;19;5;23;4;26;3;27;1;28;-1;28;-3;26;-5;23;-6;20;-8;16;-9;12;-11;7;-11;4;-12;0;-3;0;0;0;0;0;0;0;0;0;0;0;0;0;0;0;0;0;0;-7;2;-29;8;-30;6;-30;3;-29;1;-26;-2;-22;-4;-16;-6;-8;-7;0;-7;8;-7;16;-6;24;-4;30;-2;35;0;38;2;39;4;39;5;36;5;32;5;26;5;19;3;11;2;1;0;-8;-1;-18;-3;-24;-5;94;0;-18;10;-18;9;-17;9;-16;8;-15;7;-14;7;-13;7;-13;6;-12;6;-11;6;-11;6;-10;6;-10;5;-9;5;-9;5;-8;4;-8;4;-8;4;-8;4;-7;4;-7;4;-7;4;-7;4;-7;3;-7;3;-7;3;-7;3;-7;3;-3;1;-1;0;0;-1;-1;-2;0;-1;0;1;-1;6;-1;17;-2;17;-4;17;-5;17;-6;17;-7;17;-8;18;-10;18;-11;18;-12;18;-13;17;-14;17;-14;16;-15;16;-16;15;-16;15;-17;14;-17;14;-17;13;-17;13;-18;13;-18;12;-18;12;-18;12;-19;12;-19;12;-19;12;-19;12;94;0;-14;-19;-14;-18;-15;-17;-15;-16;-15;-15;-15;-14;-15;-13;-16;-12;-16;-11;-16;-10;-16;-9;-17;-8;-17;-7;-18;-7;-18;-6;-18;-6;-18;-6;-18;-6;-18;-6;-19;-6;-19;-6;-19;-6;-19;-6;-18;-6;-18;-7;-18;-7;-18;-8;-17;-9;-7;-4;-2;-2;0;0;0;0;0;0;-1;-2;-1;-4;-2;-11;-2;-11;-2;-11;-2;-11;-2;-12;-2;-12;-3;-13;-3;-13;-3;-14;-3;-14;-4;-15;-4;-16;-4;-16;-4;-16;-4;-17;-5;-17;-5;-17;-6;-17;-7;-17;-7;-18;-8;-18;-9;-18;-10;-19;-11;-19;-12;-19;-12;-19;-13;-19;-14;-19,stable,EXP_S141,ZONE_02,entree_zone,4.1,entree_zone,entree dans la zone
1951184524,-55,6,a0:9f:7a:73:2b:3e,384,-110;-96;8;0;-39;-11;-40;-10;-38;-9;-35;-7;-30;-5;-25;-2;-19;0;-12;3;-5;4;2;5;8;6;13;6;18;5;22;4;25;2;27;1;28;-1;27;-3;25;-5;23;-7;19;-8;15;-10;11;-11;6;-11;3;-12;0;-3;0;0;0;0;0;0;0;0;0;0;0;0;0;0;0;0;0;0;-8;0;-29;0;-30;-2;-30;-5;-28;-7;-25;-9;-20;-10;-14;-10;-6;-9;2;-8;10;-5;17;-3;24;1;30;4;34;7;37;10;38;11;37;12;34;12;30;11;25;9;18;7;10;4;1;1;-8;-2;-17;-4;-23;-7;102;0;-19;8;-19;8;-18;8;-17;7;-16;7;-15;6;-14;5;-13;5;-12;5;-12;5;-11;5;-10;5;-10;5;-9;5;-9;4;-9;4;-9;4;-9;4;-8;4;-8;4;-7;4;-7;4;-7;4;-7;3;-7;3;-7;3;-7;3;-7;3;-3;1;-1;0;0;-1;0;-2;0;-1;-1;1;-1;6;-3;17;-4;17;-6;17;-7;17;-8;17;-10;17;-11;16;-12;16;-13;16;-14;16;-15;16;-16;15;-16;15;-17;14;-17;14;-18;13;-18;13;-18;12;-18;12;-18;12;-19;11;-19;11;-20;10;-20;10;-20;10;-20;11;-19;11;-19;11;102;0;-12;-19;-13;-18;-13;-17;-13;-16;-14;-15;-14;-14;-15;-13;-15;-12;-15;-12;-15;-10;-15;-9;-16;-9;-16;-8;-17;-7;-17;-7;-18;-7;-18;-7;-18;-7;-18;-6;-18;-6;-18;-6;-18;-6;-18;-6;-18;-6;-18;-7;-18;-7;-17;-8;-17;-9;-6;-4;-2;-2;0;0;-1;0;0;0;0;-2;0;-4;0;-10;-1;-10;-1;-11;-1;-11;-1;-12;-1;-12;-1;-13;-1;-13;-1;-14;-2;-14;-2;-15;-2;-15;-2;-16;-2;-16;-2;-16;-3;-17;-3;-17;-4;-17;-5;-17;-6;-18;-7;-19;-7;-19;-8;-19;-8;-19;-9;-19;-10;-19;-11;-19;-12;-20,stable,EXP_S141,ZONE_02,entree_zone,4.1,entree_zone,entree dans la zone
1951386866,-55,6,a0:9f:7a:73:2b:3e,384,-110;-96;8;0;-25;-33;-26;-33;-25;-31;-24;-28;-22;-23;-19;-17;-16;-11;-12;-5;-7;0;-3;5;2;10;6;14;10;16;14;18;17;19;19;19;21;18;22;16;22;14;21;11;20;7;18;3;15;0;12;-4;10;-6;2;-2;0;0;0;0;0;0;0;0;0;0;0;0;0;0;0;0;0;0;-7;-4;-25;-15;-25;-18;-24;-20;-21;-21;-17;-21;-12;-19;-7;-15;-1;-11;5;-5;11;1;15;8;19;15;22;21;23;26;24;29;24;31;23;31;21;30;18;27;15;22;10;16;5;9;0;1;-6;-6;-11;-14;-15;-20;103;0;-21;-3;-21;-3;-20;-3;-19;-3;-18;-2;-16;-2;-15;-2;-14;-2;-13;-2;-13;-2;-13;-2;-12;-1;-11;-1;-11;-1;-10;-1;-10;-2;-10;-2;-10;-1;-10;-1;-9;-1;-9;-1;-8;-1;-8;-1;-8;-1;-8;-2;-8;-2;-8;-2;-8;-2;-3;-1;-1;-1;0;0;0;-1;0;-1;-1;1;-4;5;-10;15;-11;14;-12;14;-13;13;-14;12;-15;12;-17;11;-18;11;-19;10;-20;9;-20;9;-21;8;-21;7;-21;6;-22;5;-22;4;-22;4;-22;3;-22;3;-22;2;-22;2;-22;1;-23;0;-23;0;-23;0;-23;0;-23;0;-22;0;103;0;-1;-23;-2;-22;-2;-21;-3;-21;-4;-20;-5;-20;-6;-19;-7;-19;-7;-18;-8;-17;-8;-16;-9;-16;-10;-16;-11;-16;-11;-16;-11;-16;-11;-16;-11;-16;-11;-15;-11;-15;-11;-15;-11;-16;-11;-16;-11;-16;-10;-16;-10;-17;-9;-17;-8;-18;-3;-7;-1;-2;0;0;-1;0;-1;0;0;-1;1;-4;3;-10;3;-10;3;-10;3;-11;3;-11;4;-12;4;-12;4;-13;4;-13;4;-13;4;-14;4;-15;4;-16;4;-16;5;-16;5;-16;4;-16;4;-17;3;-18;3;-19;3;-19;2;-20;2;-20;1;-21;1;-21;0;-22;-1;-23;-1;-23,stable,EXP_S141,ZONE_02,entree_zone,4.1,entree_zone,entree dans la zone
1951582488,-55,6,a0:9f:7a:73:2b:3e,384,-110;-96;8;0;38;-13;38;-14;36;-14;33;-14;27;-14;21;-13;14;-11;7;-10;1;-7;-6;-4;-11;-1;-16;2;-20;5;-23;8;-24;11;-25;14;-24;16;-23;17;-20;17;-17;17;-13;17;-9;16;-5;14;0;13;3;11;1;2;0;0;0;0;0;0;0;0;0;0;0;0;0;0;0;0;0;0;5;-5;23;-17;25;-16;27;-14;26;-11;24;-8;21;-4;16;0;9;3;2;7;-6;9;-14;11;-22;12;-29;13;-34;13;-37;12;-39;11;-39;10;-37;9;-33;7;-27;6;-20;4;-12;1;-3;-1;7;-4;16;-6;23;-8;96;0;9;-19;8;-19;8;-18;7;-17;7;-16;6;-15;6;-14;6;-13;5;-13;5;-13;4;-12;4;-12;3;-11;3;-10;3;-10;3;-9;3;-9;3;-9;3;-9;2;-9;2;-8;2;-8;2;-7;2;-7;3;-7;3;-8;3;-8;3;-8;1;-3;0;-1;-1;0;0;0;0;0;-2;-2;-4;-6;-9;-16;-9;-16;-8;-17;-7;-18;-6;-19;-5;-19;-4;-20;-3;-21;-2;-22;-1;-22;0;-23;0;-22;1;-22;2;-22;4;-22;4;-22;5;-22;5;-22;5;-22;5;-22;6;-21;6;-21;7;-22;7;-22;7;-22;7;-22;7;-22;6;-21;96;0;21;6;20;5;20;4;20;3;19;2;19;1;19;0;19;0;18;-1;17;-2;17;-3;16;-4;16;-5;16;-6;17;-7;17;-7;17;-7;17;-7;17;-7;17;-7;17;-8;17;-8;17;-7;17;-7;17;-6;17;-6;18;-5;18;-5;6;-2;1;-1;-1;0;-1;-1;-1;-1;0;0;2;2;6;7;6;7;6;7;7;7;7;8;8;8;8;9;8;9;9;9;9;9;10;9;11;10;11;10;11;11;11;11;11;11;12;10;13;9;14;9;15;9;16;9;17;9;17;9;18;8;18;8;19;7;20;6;21;6,stable,EXP_S141,ZONE_02,entree_zone,4.1,entree_zone,entree dans la zone
1951782824,-54,6,a0:9f:7a:73:2b:3e,384,-110;-96;8;0;-42;-3;-42;-3;-40;-2;-36;0;-31;1;-25;3;-19;4;-12;5;-4;5;3;5;9;5;15;4;20;2;24;1;27;-1;28;-3;28;-5;27;-6;25;-8;23;-10;19;-11;15;-12;10;-12;5;-12;1;-13;0;-4;0;0;0;0;0;0;0;0;0;0;0;0;0;0;0;0;0;0;-7;2;-28;9;-30;7;-30;5;-29;2;-27;-1;-22;-3;-16;-5;-9;-7;0;-8;8;-8;16;-7;24;-6;30;-4;35;-2;39;0;40;1;39;2;37;3;32;3;26;3;19;2;11;1;1;1;-9;0;-18;-1;-25;-2;92;0;-17;11;-17;11;-17;10;-16;10;-15;9;-14;9;-13;8;-12;7;-12;6;-11;6;-11;6;-10;6;-9;6;-9;6;-9;5;-9;5;-8;5;-8;5;-8;5;-8;5;-7;5;-7;4;-7;4;-7;4;-7;4;-7;4;-8;4;-8;4;-3;1;-1;0;0;-1;-1;-2;0;-1;0;1;0;6;1;17;0;17;-1;18;-2;18;-3;18;-4;18;-6;19;-7;19;-8;19;-9;19;-10;19;-11;19;-12;18;-13;17;-14;17;-15;17;-15;17;-15;16;-15;16;-15;15;-16;15;-16;14;-17;14;-17;14;-18;14;-18;14;-18;14;-17;14;92;0;-16;-17;-16;-16;-16;-15;-16;-14;-17;-13;-17;-12;-17;-11;-17;-10;-17;-9;-17;-8;-17;-8;-17;-7;-18;-6;-18;-6;-19;-5;-19;-5;-19;-5;-19;-5;-19;-4;-19;-4;-19;-4;-19;-5;-19;-5;-19;-6;-19;-6;-19;-7;-18;-8;-18;-8;-7;-3;-2;-1;0;0;0;0;0;0;-1;-2;-1;-4;-3;-10;-3;-10;-4;-10;-4;-11;-4;-11;-4;-12;-4;-12;-4;-13;-5;-13;-5;-13;-6;-14;-6;-15;-6;-15;-6;-16;-6;-16;-6;-16;-7;-16;-8;-16;-9;-16;-10;-17;-11;-17;-11;-17;-12;-17;-12;-17;-13;-17;-14;-17;-15;-18;-16;-18,stable,EXP_S141,ZONE_02,entree_zone,4.1,entree_zone,entree dans la zone
1951984096,-54,6,a0:9f:7a:73:2b:3e,384,-110;-96;8;0;-39;15;-39;16;-37;16;-33;16;-28;15;-21;13;-15;11;-8;9;-1;6;5;2;10;-2;15;-5;18;-9;20;-13;21;-16;22;-19;21;-20;19;-21;16;-22;13;-21;9;-20;5;-18;1;-16;-3;-13;-6;-11;-2;-3;0;0;0;0;0;0;0;0;0;0;0;0;0;0;0;0;0;0;-7;3;-27;14;-28;12;-29;10;-29;7;-27;4;-23;1;-17;-3;-10;-6;-2;-8;6;-10;14;-12;22;-13;28;-13;34;-13;37;-12;39;-11;38;-10;36;-9;32;-8;26;-6;19;-4;11;-2;2;1;-8;4;-17;7;-23;9;100;0;-10;18;-10;18;-10;17;-10;16;-9;15;-8;14;-8;13;-8;12;-7;11;-7;11;-6;11;-6;11;-5;10;-5;9;-5;9;-5;8;-5;8;-5;8;-5;8;-5;8;-4;7;-4;7;-4;6;-4;6;-5;6;-5;6;-5;6;-5;7;-2;2;-1;0;0;-1;-1;-1;-1;-1;1;1;3;5;10;14;9;15;8;16;7;17;6;18;5;18;4;19;3;20;2;21;1;22;0;22;-1;22;-2;22;-3;22;-4;22;-5;22;-5;22;-6;22;-6;21;-6;21;-7;21;-8;21;-8;21;-8;21;-9;21;-9;21;-9;21;-9;21;100;0;-21;-8;-21;-7;-21;-6;-20;-5;-20;-4;-20;-3;-20;-2;-19;-1;-19;-1;-18;0;-18;1;-18;2;-18;3;-18;3;-18;4;-18;4;-18;4;-19;4;-19;4;-19;4;-19;4;-19;4;-19;4;-19;4;-19;3;-19;2;-19;1;-19;1;-7;0;-3;-1;0;-1;0;0;0;0;-1;-1;-3;-3;-8;-8;-8;-8;-8;-8;-8;-8;-9;-8;-9;-9;-9;-9;-10;-9;-10;-9;-11;-9;-11;-10;-12;-10;-12;-10;-13;-11;-13;-11;-13;-11;-13;-11;-14;-10;-15;-10;-16;-10;-17;-10;-17;-10;-18;-10;-18;-10;-19;-9;-20;-9;-21;-8;-22;-8,stable,EXP_S141,ZONE_02,entree_zone,4.1,entree_zone,entree dans la zone
1952186755,-54,6,a0:9f:7a:73:2b:3e,384,-110;-96;8;0;-14;36;-13;36;-12;35;-9;32;-7;28;-4;23;-1;17;1;10;3;3;5;-3;6;-9;6;-14;5;-19;4;-23;3;-25;2;-27;0;-28;-2;-27;-4;-25;-6;-23;-7;-19;-9;-15;-10;-11;-10;-6;-11;-3;-3;-1;0;0;0;0;0;0;0;0;0;0;0;0;0;0;0;0;0;0;-2;6;-6;27;-8;27;-10;26;-12;24;-13;21;-13;16;-12;10;-10;3;-7;-4;-4;-11;0;-18;4;-24;8;-29;12;-32;15;-34;16;-35;16;-34;16;-31;14;-27;12;-23;9;-16;6;-9;2;-1;-2;7;-6;15;-8;21;100;0;3;19;3;19;3;18;3;17;3;16;2;14;2;13;1;13;1;12;1;12;2;11;2;10;2;10;2;9;2;9;1;8;1;8;1;8;1;8;2;8;2;7;2;7;1;6;1;6;1;7;1;7;0;7;0;7;0;2;0;0;-1;-1;-1;-1;-1;-1;1;0;5;1;15;4;15;5;15;7;15;8;15;9;14;10;14;12;14;13;14;14;13;15;13;16;12;16;11;17;11;17;10;18;9;18;9;19;8;19;8;19;8;19;7;19;6;19;6;20;6;20;6;20;6;20;6;20;6;19;100;0;-20;6;-19;7;-18;7;-17;8;-16;9;-16;9;-15;10;-15;10;-14;10;-13;10;-12;11;-11;11;-11;12;-11;13;-11;13;-10;13;-10;14;-10;14;-10;14;-10;14;-10;14;-10;14;-10;14;-11;14;-11;13;-12;13;-12;12;-12;12;-5;4;-2;1;0;-1;0;0;0;0;-2;-1;-4;-1;-10;-2;-10;-2;-10;-2;-11;-2;-11;-2;-12;-2;-12;-2;-12;-2;-12;-2;-13;-1;-13;-1;-14;-1;-15;-1;-15;-1;-16;-1;-16;-1;-16;-1;-16;0;-17;1;-17;1;-18;2;-19;2;-19;2;-19;3;-19;4;-19;5;-20;6;-20;6,stable,EXP_S141,ZONE_02,entree_zone,4.1,entree_zone,entree dans la zone
1952385493,-54,6,a0:9f:7a:73:2b:3e,384,-110;-96;8;0;-33;-20;-34;-20;-33;-18;-30;-15;-26;-12;-22;-8;-17;-4;-11;-1;-5;3;1;5;6;7;11;8;16;9;20;9;23;8;25;7;25;6;25;4;24;1;22;-1;19;-3;15;-6;11;-8;7;-9;4;-10;0;-3;0;0;0;0;0;0;0;0;0;0;0;0;0;0;0;0;0;0;-7;-3;-26;-10;-26;-12;-25;-14;-23;-15;-20;-15;-15;-15;-9;-13;-3;-10;4;-6;10;-1;16;4;21;8;25;13;28;17;29;20;30;22;29;22;27;21;23;19;19;15;13;11;7;7;0;1;-8;-4;-15;-9;-20;-13;91;0;-19;4;-19;4;-18;4;-17;5;-16;5;-15;4;-14;3;-13;3;-12;3;-12;3;-12;3;-11;4;-10;4;-9;3;-9;3;-9;2;-9;2;-9;2;-9;3;-8;3;-7;3;-7;3;-6;2;-7;2;-7;2;-7;2;-8;2;-8;2;-3;1;-1;0;0;-1;0;-1;0;-1;-1;1;-3;5;-7;14;-8;14;-9;14;-10;14;-11;14;-12;13;-13;13;-14;13;-16;12;-16;12;-17;12;-17;12;-17;11;-18;10;-18;9;-19;9;-19;9;-19;9;-19;8;-19;8;-19;7;-19;7;-20;6;-21;7;-21;7;-20;7;-20;7;-19;7;91;0;-9;-19;-9;-18;-10;-17;-11;-16;-11;-15;-12;-15;-13;-14;-13;-13;-13;-12;-13;-11;-14;-10;-14;-9;-15;-8;-16;-8;-16;-8;-16;-8;-16;-8;-16;-7;-16;-7;-16;-7;-16;-7;-17;-7;-17;-7;-16;-7;-16;-7;-16;-8;-16;-8;-15;-9;-6;-4;-2;-2;0;0;-1;0;-1;0;0;-2;0;-4;2;-10;1;-10;1;-10;1;-10;1;-11;1;-12;2;-12;2;-12;1;-12;1;-13;0;-13;0;-15;0;-15;0;-16;0;-16;0;-16;-1;-15;-1;-16;-2;-17;-3;-17;-3;-18;-4;-19;-4;-19;-5;-18;-6;-18;-7;-19;-9;-19;-9;-20,stable,EXP_S141,ZONE_02,entree_zone,4.1,entree_zone,entree dans la zone
1952589826,-54,6,a0:9f:7a:73:2b:3e,384,-110;-96;8;0;38;1;38;0;36;-1;33;-2;28;-3;22;-4;15;-5;9;-6;2;-5;-5;-5;-10;-4;-16;-3;-20;-1;-23;1;-25;3;-26;5;-26;7;-25;9;-22;10;-19;11;-15;11;-11;11;-7;11;-3;11;1;10;0;2;0;0;0;0;0;0;0;0;0;0;0;0;0;0;0;0;0;0;6;-2;26;-5;28;-3;28;-1;26;2;23;4;19;5;13;6;6;7;-2;7;-10;6;-17;4;-24;3;-30;0;-34;-2;-37;-3;-38;-5;-37;-6;-35;-6;-31;-5;-25;-5;-18;-4;-10;-3;-1;-2;8;-1;16;-1;23;0;95;0;16;-10;16;-9;16;-9;15;-8;14;-7;13;-7;12;-7;11;-6;11;-6;10;-6;10;-6;9;-6;9;-5;8;-5;8;-5;8;-5;7;-5;7;-5;7;-5;6;-5;6;-4;6;-4;6;-4;5;-4;5;-4;6;-4;6;-3;6;-3;2;-1;0;-1;-1;0;0;1;-1;0;-1;-2;-1;-6;0;-17;1;-17;2;-17;4;-18;5;-18;6;-18;7;-18;8;-18;9;-18;10;-18;11;-18;12;-17;13;-17;14;-16;14;-15;15;-15;15;-14;15;-14;15;-14;16;-13;16;-13;16;-13;17;-12;17;-12;17;-12;17;-12;17;-12;17;-12;95;0;12;16;12;15;13;14;13;13;13;12;13;11;14;11;14;10;14;9;14;8;14;7;14;6;14;6;15;5;15;5;15;5;16;5;16;4;16;4;16;4;16;4;16;4;15;4;15;5;15;5;15;5;15;6;15;7;5;2;1;0;-1;-1;-1;-1;-1;-1;0;1;0;3;1;9;1;9;1;9;1;9;1;10;1;10;2;10;2;11;2;11;2;12;3;12;3;13;3;14;3;14;3;14;4;14;4;14;5;14;5;15;6;15;7;15;7;16;8;16;9;16;10;16;10;16;11;16;12;16,stable,EXP_S141,ZONE_02,entree_zone,4.1,entree_zone,entree dans la zone
1952782935,-54,6,a0:9f:7a:73:2b:3e,384,-110;-96;8;0;-35;-20;-35;-20;-34;-18;-31;-15;-27;-12;-22;-8;-17;-4;-11;0;-5;3;1;6;6;8;11;10;16;10;20;10;23;10;24;9;25;7;25;5;24;3;21;0;18;-2;15;-5;11;-7;8;-9;5;-10;1;-3;0;0;0;0;0;0;0;0;0;0;0;0;0;0;0;0;0;0;-7;-2;-28;-6;-28;-8;-28;-10;-25;-12;-22;-13;-17;-12;-11;-11;-4;-9;4;-6;11;-2;17;2;23;7;27;11;30;15;32;17;32;19;31;19;29;19;25;17;20;14;14;10;7;5;-1;0;-9;-4;-16;-9;-21;-13;100;0;-19;6;-19;5;-18;5;-17;5;-16;5;-14;5;-13;4;-13;3;-12;3;-12;3;-12;3;-11;3;-10;3;-9;3;-9;2;-9;2;-9;2;-9;2;-9;3;-8;3;-7;3;-7;3;-7;2;-7;2;-7;1;-7;2;-7;2;-8;2;-3;0;-1;0;0;-1;0;-1;0;-1;-1;1;-1;5;-4;16;-5;16;-6;16;-7;16;-8;16;-9;15;-11;15;-12;15;-13;15;-14;15;-15;15;-15;14;-16;13;-16;13;-17;12;-18;12;-18;11;-18;11;-18;11;-18;10;-18;9;-19;9;-19;9;-20;9;-20;9;-20;9;-20;9;-19;8;100;0;-11;-19;-11;-18;-12;-17;-13;-16;-13;-15;-14;-14;-14;-13;-14;-13;-14;-12;-14;-11;-14;-10;-15;-9;-15;-8;-16;-8;-16;-8;-16;-8;-16;-8;-16;-7;-16;-7;-17;-7;-17;-7;-17;-7;-17;-7;-16;-7;-16;-8;-16;-8;-16;-9;-15;-9;-6;-4;-2;-2;0;0;-1;0;-1;0;0;-2;0;-4;0;-10;-1;-10;-1;-10;-1;-11;-1;-12;-1;-12;-1;-13;-1;-13;-1;-13;-2;-13;-2;-14;-3;-15;-3;-16;-3;-16;-2;-16;-2;-16;-3;-16;-4;-16;-5;-17;-6;-17;-6;-18;-7;-18;-7;-18;-8;-18;-9;-18;-10;-18;-11;-19;-12;-19,stable,EXP_S141,ZONE_02,entree_zone,4.1,entree_zone,entree dans la zone
1952986271,-54,6,a0:9f:7a:73:2b:3e,384,-110;-96;8;0;-13;-42;-13;-41;-13;-39;-13;-34;-12;-29;-12;-23;-11;-16;-9;-8;-7;-1;-5;6;-2;12;1;17;3;21;6;24;9;25;11;26;12;25;13;24;14;21;15;17;15;13;14;9;13;4;12;0;11;-4;2;-2;0;0;0;0;0;0;0;0;0;0;0;0;0;0;0;0;0;0;-6;-6;-20;-23;-19;-25;-17;-27;-14;-26;-10;-25;-6;-21;-2;-16;2;-10;6;-2;10;6;12;14;14;22;14;28;14;33;14;37;13;38;11;38;10;35;8;31;6;25;4;18;2;9;-1;0;-4;-10;-7;-19;-8;-26;96;0;-19;-10;-19;-9;-19;-9;-18;-8;-17;-7;-15;-7;-14;-7;-13;-7;-12;-7;-12;-7;-12;-6;-11;-5;-11;-4;-10;-4;-9;-4;-9;-5;-9;-5;-9;-5;-9;-4;-9;-3;-8;-3;-7;-3;-7;-3;-7;-4;-7;-4;-8;-4;-8;-4;-8;-4;-3;-2;-1;-1;0;0;0;-1;0;-1;-2;1;-6;3;-15;9;-16;9;-17;8;-18;7;-18;6;-19;5;-20;4;-21;3;-22;2;-23;1;-23;1;-23;0;-22;-1;-22;-3;-22;-4;-23;-4;-23;-5;-23;-5;-22;-5;-22;-5;-22;-6;-22;-7;-22;-8;-23;-8;-23;-8;-23;-8;-22;-7;-21;-7;96;0;4;-23;4;-23;2;-22;1;-22;0;-21;-1;-21;-2;-21;-2;-20;-3;-20;-4;-19;-5;-18;-6;-18;-7;-18;-8;-18;-8;-18;-8;-18;-8;-18;-8;-17;-9;-17;-9;-17;-9;-17;-9;-17;-9;-17;-9;-17;-8;-17;-7;-17;-7;-18;-6;-18;-3;-7;-1;-2;0;0;-1;0;-1;0;0;-1;2;-3;7;-8;7;-8;7;-8;7;-9;7;-10;8;-10;8;-10;9;-10;8;-11;8;-11;8;-12;8;-13;9;-14;9;-14;10;-14;9;-14;9;-15;8;-15;8;-17;8;-18;8;-19;8;-19;8;-20;7;-20;6;-21;5;-22;4;-23;4;-24,stable,EXP_S141,ZONE_02,entree_zone,4.1,entree_zone,entree dans la zone
1953187629,-54,6,a0:9f:7a:73:2b:3e,384,-110;-96;8;0;36;-24;36;-24;34;-23;30;-22;24;-20;18;-17;11;-14;4;-11;-2;-8;-9;-4;-14;0;-18;3;-22;6;-24;9;-26;11;-26;13;-26;15;-24;16;-21;16;-17;16;-13;16;-9;15;-5;14;0;12;3;11;1;2;0;0;0;0;0;0;0;0;0;0;0;0;0;0;0;0;0;0;1;-8;6;-30;8;-30;11;-29;13;-26;14;-22;13;-17;11;-10;8;-3;3;5;-2;12;-8;18;-14;23;-20;26;-24;28;-28;29;-30;28;-30;27;-29;25;-26;21;-21;17;-14;11;-7;5;1;-1;9;-6;17;-12;23;-16;100;0;4;-21;4;-20;4;-20;4;-19;4;-17;3;-16;3;-15;4;-14;4;-13;3;-13;3;-13;2;-12;2;-11;2;-10;2;-10;2;-10;2;-10;2;-9;2;-9;2;-9;2;-8;2;-8;2;-7;2;-7;2;-7;2;-7;2;-7;2;-7;0;-3;0;-1;-1;0;0;0;0;0;-2;-1;-6;-4;-15;-11;-14;-12;-14;-13;-13;-14;-12;-15;-11;-16;-11;-17;-10;-19;-9;-20;-9;-21;-8;-21;-7;-21;-6;-22;-4;-22;-3;-22;-3;-23;-2;-23;-2;-23;-2;-22;-1;-22;0;-22;0;-22;1;-23;1;-23;2;-23;2;-23;2;-23;2;-22;100;0;23;-1;23;-2;22;-3;22;-4;21;-5;21;-5;20;-6;19;-6;18;-7;17;-7;16;-8;16;-9;16;-10;16;-10;16;-11;16;-11;16;-11;16;-11;16;-11;16;-11;16;-11;16;-11;16;-11;16;-10;16;-10;16;-9;16;-9;17;-8;6;-3;1;-1;-1;0;-1;-1;-1;-1;1;0;3;1;9;4;9;4;10;4;10;4;11;4;11;4;12;5;12;5;13;5;13;5;14;4;15;5;16;5;16;5;16;5;16;5;16;5;17;4;18;3;19;3;20;3;21;3;21;2;21;2;22;1;23;0;23;-1;24;-1,stable,EXP_S141,ZONE_02,entree_zone,4.1,entree_zone,entree dans la zone
1953392861,-54,6,a0:9f:7a:73:2b:3e,384,-110;-96;8;0;-44;1;-44;1;-41;1;-37;2;-31;3;-24;4;-17;6;-9;6;-2;6;5;7;12;7;17;6;22;5;25;4;28;3;29;1;29;-1;28;-2;25;-4;22;-6;18;-8;14;-9;10;-11;5;-12;2;-13;0;-4;0;0;0;0;0;0;0;0;0;0;0;0;0;0;0;0;0;0;-6;5;-22;21;-24;20;-26;17;-26;14;-24;10;-20;6;-15;1;-9;-3;-1;-7;7;-10;15;-12;23;-13;30;-13;35;-13;38;-11;40;-10;39;-8;36;-7;31;-6;25;-4;17;-3;8;-2;-2;-1;-12;0;-22;0;-29;0;102;0;-18;11;-17;11;-16;10;-16;10;-15;9;-14;8;-13;8;-13;7;-12;7;-11;7;-11;6;-10;6;-9;6;-9;6;-9;5;-8;5;-8;5;-8;5;-8;5;-7;4;-7;4;-7;4;-7;3;-6;3;-6;3;-7;3;-7;3;-7;3;-3;1;-1;0;0;-1;-1;-2;0;-1;0;1;0;6;1;17;0;17;-2;17;-3;18;-4;18;-5;18;-7;18;-8;18;-9;19;-10;19;-11;19;-12;18;-13;18;-13;17;-14;16;-15;16;-15;16;-15;16;-16;15;-16;15;-16;14;-17;14;-17;14;-17;14;-18;14;-18;14;-17;14;-17;13;102;0;-19;-16;-20;-15;-20;-14;-20;-13;-20;-12;-20;-11;-20;-10;-19;-9;-19;-8;-19;-7;-19;-5;-19;-4;-19;-3;-19;-3;-20;-2;-20;-2;-20;-2;-20;-2;-20;-2;-20;-1;-20;-1;-20;-1;-20;-1;-20;-2;-20;-2;-19;-3;-19;-3;-19;-4;-7;-2;-3;-1;0;0;0;0;0;0;-1;-2;-2;-4;-4;-11;-4;-11;-4;-11;-4;-11;-4;-12;-5;-12;-5;-13;-5;-13;-6;-14;-6;-14;-7;-15;-7;-15;-8;-16;-8;-16;-8;-16;-9;-16;-9;-16;-10;-16;-11;-17;-12;-17;-13;-17;-14;-17;-15;-17;-16;-17;-17;-17;-18;-17;-19;-17;-19;-17,stable,EXP_S141,ZONE_02,entree_zone,4.1,entree_zone,entree dans la zone
1953585565,-54,6,a0:9f:7a:73:2b:3e,384,-110;-96;8;0;44;1;44;1;41;1;37;0;31;-2;24;-4;17;-5;9;-7;1;-8;-6;-9;-12;-9;-18;-9;-23;-9;-26;-8;-29;-7;-30;-6;-30;-4;-29;-2;-27;0;-24;2;-20;4;-16;6;-12;8;-8;10;-5;12;-1;3;0;0;0;0;0;0;0;0;0;0;0;0;0;0;0;0;0;0;4;-6;20;-23;22;-22;24;-19;24;-16;23;-12;19;-7;14;-2;8;2;0;6;-9;9;-17;11;-25;12;-32;12;-37;11;-40;10;-42;8;-41;7;-38;5;-33;4;-26;3;-18;2;-8;1;2;0;11;0;21;0;29;1;106;0;16;-13;16;-13;15;-13;14;-13;13;-12;12;-10;11;-9;11;-8;11;-8;11;-8;10;-8;9;-8;8;-7;8;-6;7;-6;8;-5;8;-5;8;-5;7;-6;7;-6;6;-5;5;-5;5;-4;6;-3;6;-3;6;-4;6;-4;6;-4;2;-2;0;-1;-1;0;0;1;0;0;-1;-2;-3;-6;-7;-17;-6;-18;-5;-18;-4;-19;-2;-19;-1;-20;1;-20;2;-21;3;-22;4;-22;5;-22;6;-21;7;-21;8;-20;9;-20;10;-20;11;-20;11;-20;11;-19;12;-19;12;-18;13;-17;14;-17;15;-18;15;-18;15;-18;15;-17;14;-17;106;0;20;13;20;12;20;11;20;10;20;9;20;8;20;7;19;6;19;6;18;4;18;3;18;2;19;1;19;1;19;1;20;1;19;1;19;1;19;1;19;0;19;0;19;1;19;1;19;1;19;2;18;3;18;3;18;4;6;1;2;0;-1;-1;-1;-1;-1;-1;0;1;2;3;5;9;6;8;6;8;7;9;7;9;7;10;7;11;7;11;8;11;8;11;9;11;10;12;11;13;11;13;10;14;10;13;11;13;12;13;13;13;14;13;15;14;16;14;16;14;16;14;17;13;19;13;20;12;21;13,stable,EXP_S141,ZONE_02,entree_zone,4.1,entree_zone,entree dans la zone
1953782531,-54,6,a0:9f:7a:73:2b:3e,384,-110;-96;8;0;-5;-45;-6;-44;-6;-42;-6;-37;-6;-31;-6;-24;-7;-17;-8;-9;-9;-1;-9;6;-9;13;-9;18;-8;22;-7;26;-6;28;-5;30;-4;29;-2;28;0;26;2;23;4;20;7;16;9;11;11;7;12;4;3;0;0;0;0;0;0;0;0;0;0;0;0;0;0;0;0;0;0;0;-8;-3;-29;-10;-28;-13;-27;-16;-24;-17;-19;-17;-14;-16;-7;-12;-1;-8;5;-2;11;5;15;12;18;19;20;25;21;31;20;34;19;36;17;36;15;33;12;29;9;23;6;15;3;6;1;-3;-2;-13;-4;-23;-4;-29;105;0;-18;-11;-17;-11;-17;-11;-16;-11;-15;-10;-13;-9;-12;-9;-11;-9;-11;-9;-11;-9;-10;-8;-10;-7;-9;-7;-8;-6;-8;-6;-7;-7;-7;-7;-7;-6;-8;-6;-7;-6;-7;-5;-6;-5;-6;-5;-5;-5;-5;-5;-6;-6;-6;-6;-6;-6;-2;-2;-1;-1;0;0;0;-1;0;-1;-2;1;-5;3;-14;10;-15;10;-16;9;-17;8;-17;7;-18;6;-19;4;-20;3;-21;2;-22;2;-22;1;-22;0;-22;-1;-22;-3;-22;-4;-22;-5;-22;-5;-22;-6;-21;-6;-21;-7;-21;-7;-21;-8;-21;-9;-21;-9;-21;-10;-21;-10;-21;-10;-20;-10;105;0;5;-25;5;-25;4;-24;3;-24;2;-23;1;-23;0;-22;0;-22;-1;-21;-2;-20;-3;-19;-5;-19;-6;-20;-6;-20;-6;-20;-6;-20;-6;-20;-6;-20;-6;-20;-6;-20;-6;-20;-6;-20;-6;-20;-6;-20;-5;-20;-4;-20;-3;-20;-3;-20;-1;-8;-1;-3;0;0;-1;0;-1;0;0;-1;2;-4;6;-9;6;-9;6;-10;6;-10;7;-11;7;-11;8;-12;8;-12;8;-12;8;-13;8;-14;8;-15;9;-15;9;-16;9;-16;9;-16;9;-16;8;-17;8;-18;8;-19;8;-20;8;-21;8;-21;7;-22;7;-23;6;-24;5;-25;5;-26,stable,EXP_S141,ZONE_02,entree_zone,4.1,entree_zone,entree dans la zone
1953982583,-54,6,a0:9f:7a:73:2b:3e,384,-110;-96;8;0;43;12;43;12;40;11;36;9;30;6;24;3;17;-1;10;-5;3;-8;-4;-11;-10;-13;-15;-15;-20;-16;-23;-17;-26;-16;-28;-16;-28;-14;-28;-12;-26;-9;-24;-6;-21;-3;-18;1;-15;4;-11;8;-9;10;-2;2;0;0;0;0;0;0;0;0;0;0;0;0;0;0;0;0;0;0;5;-6;21;-22;23;-20;25;-18;25;-15;23;-10;19;-6;14;-1;6;3;-2;6;-11;8;-19;9;-27;9;-34;8;-39;6;-42;4;-43;2;-42;1;-38;0;-33;-1;-26;-1;-18;-1;-8;0;2;2;12;3;22;5;29;7;102;0;17;-12;17;-11;16;-11;15;-10;14;-10;13;-9;13;-8;12;-7;12;-7;11;-7;11;-7;10;-7;9;-6;8;-6;8;-5;8;-5;8;-4;8;-5;8;-5;7;-5;6;-4;6;-4;6;-3;6;-3;6;-3;6;-3;7;-3;7;-4;2;-2;0;-1;-1;0;0;1;-1;0;-1;-2;-2;-7;-3;-18;-2;-18;-1;-19;0;-19;1;-19;3;-19;4;-20;5;-20;6;-20;7;-21;8;-21;9;-20;10;-19;12;-18;13;-18;13;-18;14;-18;14;-18;14;-17;14;-17;15;-16;15;-16;16;-16;17;-16;17;-16;17;-15;17;-15;16;-14;102;0;19;15;20;14;20;13;20;11;20;10;20;9;20;9;20;8;19;7;19;6;19;5;19;4;19;3;20;2;20;2;20;2;20;2;20;2;20;1;20;1;20;1;20;1;20;2;19;2;19;2;19;3;19;4;19;4;6;1;2;0;-1;-1;-1;-1;-1;-1;0;1;1;3;4;10;4;10;5;10;5;10;5;11;5;12;5;12;6;12;6;13;7;13;8;13;8;14;9;15;9;15;9;15;9;15;10;15;11;15;12;15;13;15;14;16;15;16;15;16;16;16;17;15;18;15;19;15;20;15,stable,EXP_S141,ZONE_02,entree_zone,4.1,entree_zone,entree dans la zone
1954185453,-54,6,a0:9f:7a:73:2b:3e,384,-110;-96;8;0;44;5;43;5;40;4;36;3;30;1;23;-2;16;-4;8;-6;1;-8;-6;-9;-12;-10;-18;-11;-23;-11;-26;-10;-29;-9;-30;-8;-30;-6;-29;-4;-27;-2;-24;1;-20;3;-17;5;-12;8;-8;10;-5;12;-1;3;0;0;0;0;0;0;0;0;0;0;0;0;0;0;0;0;0;0;5;-6;22;-20;24;-19;25;-17;25;-13;23;-9;19;-5;14;-1;7;3;-1;6;-10;8;-18;9;-26;9;-33;8;-38;7;-41;6;-42;4;-41;3;-38;1;-32;1;-26;0;-17;0;-8;0;2;0;12;1;22;2;29;3;97;0;16;-13;16;-13;16;-13;15;-12;14;-11;13;-10;12;-9;12;-8;11;-8;11;-7;10;-8;9;-7;8;-7;8;-6;8;-5;8;-5;8;-5;8;-5;7;-5;7;-5;6;-5;6;-4;6;-4;6;-3;6;-3;6;-3;7;-4;7;-4;2;-2;0;-1;-1;0;0;0;0;0;-1;-2;-3;-6;-7;-17;-6;-17;-5;-18;-4;-19;-3;-19;-1;-20;0;-20;2;-21;3;-22;4;-22;5;-22;6;-22;7;-21;8;-20;9;-20;10;-20;11;-20;11;-20;11;-19;12;-19;13;-18;14;-17;14;-17;15;-18;15;-18;15;-17;15;-17;15;-16;97;0;20;12;20;11;20;10;20;9;20;8;20;8;20;7;19;6;19;5;18;4;18;3;19;2;19;1;19;1;19;1;20;1;20;1;20;1;19;0;19;0;19;1;19;1;19;1;19;2;19;2;19;3;18;4;18;4;6;1;2;0;-1;-1;-1;-1;-1;-1;0;0;2;3;6;8;6;8;6;8;7;8;7;9;7;10;7;10;8;11;8;11;9;11;10;11;10;12;11;12;11;13;11;13;11;13;11;12;12;12;13;12;14;13;15;13;16;14;16;14;17;13;18;13;19;12;20;12;21;12,stable,EXP_S141,ZONE_02,entree_zone,4.1,entree_zone,entree dans la zone
1954384194,-54,6,a0:9f:7a:73:2b:3e,384,-110;-96;8;0;-35;-27;-35;-27;-33;-25;-30;-21;-26;-17;-21;-12;-16;-6;-11;0;-6;5;0;10;4;14;9;17;13;20;16;21;19;22;20;21;21;20;21;18;21;15;20;11;18;7;16;3;14;-1;12;-5;10;-8;2;-3;0;0;0;0;0;0;0;0;0;0;0;0;0;0;0;0;0;0;-8;2;-29;7;-30;5;-30;2;-29;0;-25;-3;-20;-5;-13;-6;-5;-6;3;-5;12;-3;20;-1;26;2;32;6;36;9;37;12;38;14;36;15;33;15;28;13;22;11;14;7;6;2;-2;-3;-10;-8;-18;-13;-24;-18;103;0;-21;2;-21;2;-20;2;-19;2;-18;2;-16;2;-15;1;-14;0;-14;0;-14;0;-13;1;-12;1;-11;1;-10;1;-10;0;-10;0;-10;0;-10;0;-10;0;-9;1;-8;0;-7;0;-7;0;-7;-1;-8;-1;-8;-1;-8;0;-8;0;-3;0;-1;0;0;0;0;-1;0;-1;-1;1;-2;5;-5;16;-6;16;-7;16;-9;15;-10;15;-11;15;-12;14;-14;14;-15;14;-16;14;-17;13;-17;12;-18;12;-18;11;-19;10;-20;9;-20;9;-20;9;-20;8;-20;7;-20;7;-21;6;-21;6;-22;6;-22;6;-22;6;-21;6;-21;5;103;0;-12;-22;-12;-21;-13;-20;-13;-19;-14;-18;-15;-17;-15;-17;-15;-16;-15;-15;-15;-14;-16;-12;-16;-11;-17;-11;-18;-11;-18;-11;-18;-10;-18;-10;-18;-10;-18;-10;-18;-10;-18;-10;-18;-10;-18;-10;-18;-10;-17;-11;-17;-11;-16;-12;-16;-12;-6;-5;-2;-2;0;0;-1;0;-1;0;0;-2;0;-4;0;-11;0;-11;-1;-12;-1;-12;-1;-13;-1;-14;0;-14;0;-14;-1;-14;-1;-15;-2;-16;-2;-17;-2;-17;-2;-18;-2;-18;-2;-18;-3;-18;-4;-18;-5;-19;-6;-20;-6;-21;-6;-21;-7;-21;-8;-21;-9;-21;-10;-21;-12;-22;-12;-23,stable,EXP_S141,ZONE_02,entree_zone,4.1,entree_zone,entree dans la zone
1954587150,-54,6,a0:9f:7a:73:2b:3e,384,-110;-96;8;0;-16;-43;-16;-42;-15;-39;-15;-34;-14;-28;-13;-21;-11;-13;-9;-5;-7;2;-5;9;-2;15;0;20;3;24;5;27;7;28;9;29;11;28;12;25;13;22;13;18;13;14;13;9;13;4;12;-1;12;-4;3;-2;0;0;0;0;0;0;0;0;0;0;0;0;0;0;0;0;0;0;-7;-4;-26;-17;-25;-19;-23;-21;-19;-22;-15;-21;-10;-18;-4;-14;1;-8;7;-2;12;6;16;13;19;20;20;27;21;32;20;35;19;36;17;35;15;33;13;28;9;22;6;14;2;6;-2;-4;-6;-13;-9;-22;-11;-29;100;0;-18;-13;-18;-13;-17;-12;-16;-12;-15;-11;-14;-10;-13;-10;-12;-9;-12;-9;-11;-9;-11;-8;-10;-7;-10;-7;-9;-6;-9;-6;-9;-6;-8;-6;-8;-6;-8;-6;-8;-6;-7;-5;-7;-5;-7;-5;-6;-5;-6;-5;-6;-5;-6;-5;-6;-5;-3;-2;-1;-1;0;0;0;-1;0;-1;-2;0;-6;2;-17;6;-17;6;-18;5;-19;4;-19;2;-20;1;-20;0;-21;-1;-22;-2;-22;-2;-22;-3;-22;-4;-22;-6;-21;-7;-21;-8;-21;-8;-21;-8;-21;-9;-21;-9;-21;-9;-20;-10;-20;-10;-21;-11;-21;-12;-21;-12;-21;-12;-20;-12;-20;-12;100;0;5;-24;4;-24;3;-23;2;-23;1;-23;0;-22;-1;-22;-1;-21;-2;-21;-3;-20;-4;-20;-5;-19;-6;-19;-7;-19;-7;-19;-8;-19;-8;-19;-8;-19;-8;-19;-8;-19;-8;-19;-8;-19;-8;-19;-8;-19;-7;-19;-7;-19;-6;-19;-5;-19;-2;-7;-1;-3;0;0;-1;0;-1;0;0;-1;2;-3;7;-7;7;-8;8;-8;8;-8;8;-9;9;-9;9;-10;9;-10;9;-11;9;-11;9;-12;10;-13;10;-13;10;-14;10;-14;10;-14;10;-15;9;-16;9;-17;9;-18;9;-19;9;-19;8;-20;8;-21;7;-22;7;-23;6;-24;6;-24,stable,EXP_S141,ZONE_02,entree_zone,4.1,entree_zone,entree dans la zone
1954787462,-55,6,a0:9f:7a:73:2b:3e,384,-110;-96;8;0;22;37;21;36;20;34;19;29;17;23;15;16;12;9;9;2;6;-5;2;-11;-1;-16;-4;-20;-7;-24;-9;-27;-11;-28;-13;-28;-15;-27;-16;-25;-17;-22;-17;-18;-17;-14;-16;-9;-15;-4;-14;0;-13;4;-4;1;0;0;0;0;0;0;0;0;0;0;0;0;0;0;0;0;0;0;6;1;27;8;26;10;25;12;22;14;18;15;12;14;5;11;-2;8;-8;3;-14;-3;-20;-9;-24;-15;-27;-21;-28;-25;-28;-28;-27;-30;-25;-30;-22;-28;-19;-25;-14;-19;-9;-13;-3;-5;2;3;7;11;12;19;16;25;108;0;19;6;19;6;18;5;17;5;16;5;14;5;13;5;12;5;12;5;12;5;11;4;11;4;10;3;9;3;8;3;8;3;8;4;8;3;8;3;7;2;7;2;6;2;5;2;5;3;5;3;6;3;6;3;6;3;2;1;0;0;-1;-1;-1;0;-1;0;0;-2;3;-6;10;-14;11;-14;12;-13;13;-13;14;-12;15;-11;16;-10;18;-10;19;-9;20;-8;20;-7;20;-6;20;-5;20;-4;21;-3;21;-2;21;-2;21;-1;21;-1;21;0;21;1;21;2;21;2;22;3;22;3;22;3;21;3;21;3;108;0;2;23;2;22;3;22;4;21;5;21;6;20;6;20;7;19;7;18;7;18;8;17;9;16;10;16;10;16;11;16;11;16;11;16;11;16;11;16;11;16;11;16;11;16;10;16;9;16;9;17;8;17;7;17;7;18;2;6;0;2;-1;-1;0;-1;0;-1;-1;0;-2;2;-4;8;-4;8;-4;9;-4;9;-4;10;-4;10;-4;11;-4;11;-4;12;-3;12;-3;13;-4;14;-4;15;-4;15;-4;15;-4;15;-3;15;-3;16;-2;17;-2;18;-2;19;-2;20;-1;20;-1;20;0;21;1;22;2;22;2;23,stable,EXP_S141,ZONE_02,entree_zone,4.1,entree_zone,entree dans la zone
1954984180,-54,6,a0:9f:7a:73:2b:3e,384,-110;-96;8;0;-44;-10;-43;-10;-40;-9;-36;-8;-30;-5;-24;-1;-17;2;-10;5;-3;8;3;11;9;13;14;14;19;15;22;15;25;15;27;14;27;13;27;10;25;7;23;4;21;1;18;-2;15;-6;12;-9;9;-11;2;-3;0;0;0;0;0;0;0;0;0;0;0;0;0;0;0;0;0;0;-5;5;-19;21;-22;19;-23;17;-23;13;-22;9;-18;4;-13;-1;-7;-5;1;-8;10;-11;18;-12;25;-12;31;-11;36;-10;38;-8;39;-6;38;-4;34;-2;29;-2;22;-1;14;-1;5;-1;-5;-2;-15;-4;-24;-5;-30;-7;107;0;-16;12;-16;12;-16;11;-15;11;-14;10;-13;9;-12;7;-12;7;-11;6;-11;6;-10;6;-10;6;-9;5;-8;5;-8;4;-8;4;-8;4;-8;4;-8;4;-7;4;-6;4;-6;3;-6;3;-6;2;-7;2;-7;2;-7;3;-7;3;-3;1;-1;0;0;-1;-1;-2;-1;-1;0;1;1;5;4;16;4;17;3;17;1;17;0;18;-1;18;-2;19;-4;19;-5;20;-6;20;-7;20;-8;19;-9;19;-10;18;-11;18;-12;18;-12;18;-12;18;-12;17;-13;16;-13;16;-14;16;-15;16;-16;16;-16;16;-16;15;-16;15;-15;14;107;0;-22;-12;-22;-11;-22;-10;-22;-9;-22;-8;-22;-7;-22;-6;-22;-5;-21;-5;-21;-4;-21;-3;-21;-2;-21;-1;-21;-1;-22;-1;-22;-1;-22;-1;-22;-1;-22;0;-22;0;-22;0;-22;-1;-21;-1;-21;-2;-21;-3;-21;-3;-21;-4;-21;-5;-8;-2;-3;-1;0;0;0;0;0;0;-1;-1;-2;-3;-6;-8;-6;-8;-6;-8;-7;-8;-8;-9;-8;-10;-8;-10;-8;-10;-9;-10;-10;-10;-11;-10;-11;-11;-12;-12;-12;-13;-12;-13;-12;-12;-12;-12;-13;-12;-15;-12;-16;-12;-17;-13;-18;-13;-18;-13;-19;-12;-20;-12;-21;-12;-22;-12;-23;-12,stable,EXP_S141,ZONE_02,entree_zone,4.1,entree_zone,entree dans la zone
1955182404,-55,6,a0:9f:7a:73:2b:3e,384,-110;-96;8;0;-40;18;-39;17;-35;16;-31;15;-25;14;-18;13;-11;11;-4;9;3;8;9;6;15;4;20;2;24;0;27;-2;28;-4;29;-5;28;-7;27;-8;24;-10;21;-11;17;-12;13;-13;8;-14;4;-15;1;-15;0;-4;0;0;0;0;0;0;0;0;0;0;0;0;0;0;0;0;0;0;-1;6;-2;27;-5;27;-8;26;-10;23;-11;19;-12;13;-10;7;-8;-1;-4;-8;1;-14;6;-20;12;-25;17;-28;22;-29;25;-29;26;-28;26;-26;24;-23;21;-19;16;-14;10;-9;3;-4;-5;1;-14;6;-21;10;-27;13;114;0;-8;17;-7;17;-7;16;-7;16;-6;14;-6;13;-6;12;-6;11;-6;11;-5;10;-5;10;-4;10;-4;9;-4;8;-4;7;-4;7;-4;7;-4;7;-4;7;-3;7;-3;6;-3;5;-3;5;-3;5;-4;5;-4;5;-4;5;-3;6;-2;2;-1;0;0;-1;-1;-1;-1;-1;1;1;4;4;11;11;10;12;10;13;9;14;8;15;7;16;6;17;6;18;5;19;4;19;3;20;2;20;1;20;0;20;-1;20;-2;20;-2;21;-2;20;-2;20;-3;20;-4;19;-5;19;-5;20;-5;20;-5;20;-5;20;-5;19;-5;19;114;0;-24;1;-24;2;-23;2;-22;3;-22;5;-21;5;-21;6;-21;7;-20;7;-19;7;-18;8;-18;9;-18;10;-18;10;-18;11;-18;11;-18;11;-18;11;-17;11;-17;11;-18;11;-18;11;-18;10;-18;10;-18;9;-18;9;-19;8;-19;7;-7;2;-3;0;0;-1;0;0;0;0;-1;-1;-3;-2;-8;-5;-8;-5;-9;-4;-9;-4;-10;-5;-11;-5;-11;-5;-11;-5;-12;-5;-13;-5;-14;-4;-14;-5;-15;-5;-16;-6;-16;-6;-16;-5;-16;-5;-17;-4;-18;-4;-19;-3;-20;-3;-21;-3;-21;-2;-22;-1;-22;-1;-23;0;-24;1;-24;1,stable,EXP_S141,ZONE_02,entree_zone,4.1,entree_zone,entree dans la zone
1955387530,-55,6,a0:9f:7a:73:2b:3e,384,-110;-96;8;0;14;-41;13;-40;12;-37;9;-33;6;-28;3;-22;-1;-16;-5;-10;-9;-4;-12;2;-14;8;-16;13;-18;17;-18;20;-18;23;-17;24;-15;25;-13;25;-10;24;-7;22;-4;20;0;18;4;15;7;12;9;10;2;2;0;0;0;0;0;0;0;0;0;0;0;0;0;0;0;0;0;0;-5;-6;-17;-22;-16;-24;-13;-25;-9;-25;-5;-22;-1;-18;2;-12;5;-5;7;2;8;11;8;18;7;25;5;31;3;35;1;37;-1;38;-3;36;-4;33;-4;27;-3;21;-2;13;-1;4;1;-5;4;-14;6;-22;9;-28;113;0;-8;-18;-8;-18;-8;-17;-7;-16;-7;-15;-6;-14;-5;-13;-4;-13;-4;-12;-4;-12;-5;-11;-5;-10;-5;-9;-4;-9;-3;-8;-3;-8;-3;-9;-3;-9;-4;-8;-4;-8;-4;-7;-3;-6;-3;-6;-2;-6;-2;-7;-2;-7;-2;-7;-3;-7;-1;-3;-1;-1;0;0;1;0;0;0;-2;0;-6;-1;-17;-2;-17;-3;-17;-4;-17;-5;-17;-6;-17;-8;-17;-9;-17;-10;-17;-11;-17;-12;-17;-13;-16;-14;-15;-14;-14;-15;-14;-16;-14;-17;-14;-17;-14;-17;-13;-17;-12;-17;-12;-17;-11;-18;-11;-19;-11;-19;-11;-19;-11;-19;-11;-18;-10;-18;113;0;15;-18;14;-18;13;-18;12;-19;11;-19;11;-19;10;-19;9;-19;8;-19;7;-19;6;-19;5;-19;4;-20;4;-20;4;-21;4;-21;4;-21;4;-21;4;-21;4;-21;4;-21;4;-21;4;-20;5;-20;5;-20;6;-19;6;-19;7;-19;2;-7;0;-2;-1;0;-1;0;-1;0;0;-1;2;-1;8;-2;8;-2;8;-3;9;-3;9;-4;10;-4;10;-4;11;-4;11;-5;11;-5;12;-6;13;-7;13;-7;14;-7;14;-7;14;-7;13;-8;13;-9;14;-10;15;-11;15;-12;16;-12;16;-13;15;-14;15;-15;15;-16;15;-18;15;-18,stable,EXP_S141,ZONE_02,entree_zone,4.1,entree_zone,entree dans la zone
1955582537,-55,6,a0:9f:7a:73:2b:3e,384,-110;-96;8;0;42;-5;41;-5;38;-6;33;-6;27;-7;20;-8;13;-8;6;-9;-2;-9;-9;-8;-15;-8;-20;-7;-25;-6;-27;-5;-29;-4;-30;-2;-30;0;-29;2;-26;4;-23;6;-20;8;-15;10;-11;11;-7;13;-3;14;-1;3;0;0;0;0;0;0;0;0;0;0;0;0;0;0;0;0;0;0;3;-6;15;-23;18;-22;20;-19;20;-16;19;-11;16;-7;12;-1;6;4;-1;8;-8;12;-15;14;-22;16;-28;17;-32;16;-36;14;-37;12;-36;11;-32;9;-28;7;-21;5;-14;3;-5;1;4;-1;13;-3;22;-4;29;-4;107;0;15;-12;15;-12;14;-11;13;-11;13;-10;12;-9;11;-9;10;-8;10;-8;9;-8;9;-8;8;-7;7;-7;7;-7;6;-6;6;-6;6;-6;6;-6;6;-6;5;-6;5;-5;5;-5;4;-5;4;-5;4;-5;4;-5;4;-5;4;-5;1;-2;0;-1;-1;0;0;1;-1;0;-1;-2;-1;-6;0;-17;1;-17;2;-18;3;-18;4;-18;5;-18;6;-18;7;-18;8;-18;9;-18;10;-18;11;-18;11;-17;12;-17;13;-16;13;-16;14;-16;14;-16;14;-15;14;-15;14;-15;15;-15;15;-15;15;-15;15;-15;15;-15;15;-14;15;-14;107;0;20;10;20;10;20;9;20;8;20;7;20;6;20;5;20;3;19;2;19;1;19;0;19;-1;19;-2;19;-2;20;-3;20;-3;20;-3;20;-3;20;-3;20;-3;20;-3;20;-3;20;-3;20;-3;20;-3;20;-2;20;-1;20;-1;7;0;2;0;-1;0;-1;-1;-1;-1;0;0;0;3;2;8;2;8;2;8;3;9;3;9;4;9;4;10;5;10;5;11;6;11;6;11;7;12;7;12;8;13;8;13;9;13;9;12;10;12;11;12;12;13;13;13;14;13;15;13;16;12;17;12;18;12;19;11;20;11,stable,EXP_S141,ZONE_02,entree_zone,4.1,entree_zone,entree dans la zone
1955782554,-55,6,a0:9f:7a:73:2b:3e,384,-110;-96;8;0;40;-15;39;-15;36;-15;31;-14;25;-13;18;-12;11;-11;3;-10;-4;-8;-10;-6;-16;-5;-21;-3;-25;-1;-28;1;-30;3;-30;5;-29;6;-28;8;-25;9;-22;10;-17;11;-13;12;-9;13;-4;14;-1;14;0;3;0;0;0;0;0;0;0;0;0;0;0;0;0;0;0;0;0;0;1;-7;8;-27;10;-26;13;-25;14;-21;15;-17;14;-11;11;-5;7;1;2;8;-4;13;-10;18;-17;21;-22;23;-27;24;-30;23;-32;22;-31;20;-29;17;-25;14;-19;10;-12;6;-5;2;4;-2;12;-6;21;-9;27;-12;101;0;13;-14;13;-14;13;-13;12;-12;12;-11;11;-10;10;-10;10;-9;9;-9;9;-8;8;-8;8;-8;7;-7;7;-7;7;-7;6;-6;6;-6;6;-6;6;-6;5;-6;5;-5;5;-5;5;-5;5;-4;5;-4;5;-4;5;-4;5;-4;1;-2;0;-1;-1;0;0;0;0;0;-1;-2;-3;-6;-6;-16;-5;-17;-4;-17;-3;-18;-1;-19;0;-19;1;-20;2;-20;3;-20;4;-20;5;-20;6;-20;7;-20;8;-19;8;-19;9;-19;10;-19;10;-18;11;-18;11;-18;11;-18;12;-18;12;-17;12;-17;13;-17;13;-17;13;-16;13;-16;101;0;22;7;22;7;21;6;21;5;21;4;20;3;20;2;20;1;19;1;19;0;19;-1;19;-2;19;-3;19;-3;19;-4;20;-4;20;-4;20;-4;20;-4;20;-4;20;-3;20;-3;20;-3;20;-2;20;-2;20;-1;20;0;20;1;7;0;2;0;-1;0;-1;-1;-1;-1;0;0;1;2;5;6;5;7;5;7;5;7;6;7;6;8;7;8;7;8;8;9;9;9;9;9;10;9;10;10;10;10;11;10;11;10;12;10;13;10;13;10;14;10;15;10;16;10;17;10;18;9;19;9;20;9;21;8;21;8,stable,EXP_S141,ZONE_02,entree_zone,4.1,entree_zone,entree dans la zone
1955987041,-55,6,a0:9f:7a:73:2b:3e,384,-110;-96;8;0;-41;15;-40;15;-37;14;-32;13;-26;12;-19;11;-12;10;-4;9;3;7;10;5;16;3;21;1;25;-1;28;-3;29;-5;30;-6;29;-8;28;-9;25;-10;21;-12;17;-13;12;-14;7;-15;2;-15;-1;-16;-1;-4;0;0;0;0;0;0;0;0;0;0;0;0;0;0;0;0;0;0;-3;6;-9;26;-12;25;-15;24;-16;20;-16;16;-15;10;-12;4;-8;-2;-3;-9;3;-14;9;-19;16;-23;21;-25;26;-25;29;-25;31;-23;30;-21;28;-18;24;-15;19;-11;12;-7;4;-2;-5;2;-14;6;-22;9;-28;12;104;0;-8;18;-8;18;-8;17;-7;16;-6;15;-6;14;-6;12;-6;12;-6;11;-6;11;-5;11;-5;10;-4;9;-4;8;-4;8;-4;7;-4;7;-4;7;-4;7;-3;7;-3;6;-3;6;-3;5;-3;5;-4;5;-4;6;-4;6;-3;6;-2;2;-1;0;0;-1;-1;-1;-1;-1;1;1;3;4;10;12;10;13;9;14;8;15;7;16;6;17;5;17;5;18;4;19;4;20;3;20;2;20;0;20;-1;20;-2;21;-2;21;-3;21;-3;21;-3;20;-3;20;-4;20;-5;20;-5;20;-6;21;-6;21;-6;21;-6;20;-6;19;104;0;-24;2;-23;2;-23;3;-22;4;-22;5;-21;6;-21;7;-20;7;-20;8;-19;8;-18;9;-17;10;-17;11;-17;11;-17;12;-17;12;-17;12;-17;12;-17;12;-17;12;-17;12;-18;12;-18;12;-18;11;-18;11;-18;10;-19;9;-19;9;-7;3;-3;0;0;-1;0;0;0;0;-1;-1;-3;-2;-8;-6;-8;-5;-8;-5;-9;-5;-10;-5;-10;-6;-11;-6;-11;-6;-11;-6;-12;-5;-13;-5;-14;-5;-15;-6;-15;-6;-15;-6;-15;-6;-16;-5;-17;-5;-18;-4;-19;-4;-20;-3;-20;-3;-21;-2;-21;-2;-22;-1;-23;0;-24;1;-24;1,stable,EXP_S141,ZONE_02,entree_zone,4.1,entree_zone,entree dans la zone
1956184782,-55,6,a0:9f:7a:73:2b:3e,384,-110;-96;8;0;33;-27;32;-27;29;-26;25;-23;20;-20;13;-17;7;-13;0;-10;-6;-6;-12;-2;-17;2;-21;5;-24;9;-25;12;-26;14;-26;16;-25;17;-23;18;-19;18;-15;18;-11;17;-7;16;-2;15;2;13;5;12;1;3;0;0;0;0;0;0;0;0;0;0;0;0;0;0;0;0;0;0;0;-7;4;-27;7;-27;9;-26;11;-24;12;-19;12;-13;11;-7;8;0;4;7;-1;14;-6;19;-12;24;-17;27;-21;29;-24;29;-26;28;-26;26;-24;23;-21;19;-16;14;-11;8;-4;2;3;-4;10;-10;17;-16;23;-19;96;0;7;-19;7;-19;6;-18;6;-17;5;-16;5;-15;5;-13;5;-13;5;-12;4;-12;4;-12;3;-11;3;-10;3;-10;3;-9;3;-9;3;-9;3;-9;3;-9;2;-8;2;-8;2;-7;2;-6;2;-6;2;-7;2;-7;2;-7;2;-7;1;-3;0;-1;-1;0;0;0;0;0;-2;-2;-5;-5;-12;-13;-12;-14;-11;-15;-10;-16;-9;-16;-8;-17;-7;-18;-6;-19;-5;-20;-5;-21;-4;-21;-3;-21;-2;-21;-1;-21;0;-22;0;-22;1;-22;1;-22;1;-22;2;-21;3;-21;4;-21;4;-21;4;-22;4;-22;4;-22;4;-21;4;-21;96;0;22;-3;22;-4;21;-5;20;-6;20;-7;20;-7;19;-8;19;-8;18;-9;17;-9;16;-10;16;-11;16;-12;16;-13;16;-13;16;-13;16;-13;16;-13;16;-13;16;-13;16;-13;16;-13;16;-12;16;-12;17;-12;17;-11;17;-10;18;-9;6;-4;2;-1;-1;0;-1;-1;-1;-1;0;0;2;1;7;4;7;4;7;4;8;3;9;4;9;4;10;4;10;5;10;4;11;4;12;4;13;4;13;4;14;4;14;4;14;4;14;3;15;3;16;2;17;2;18;2;19;2;19;1;19;0;20;-1;21;-2;22;-3;23;-3,stable,EXP_S141,ZONE_02,entree_zone,4.1,entree_zone,entree dans la zone
1956384157,-55,6,a0:9f:7a:73:2b:3e,384,-110;-96;8;0;-43;-1;-42;0;-38;0;-34;1;-28;3;-21;4;-14;6;-6;7;1;7;8;7;14;7;19;7;23;6;26;5;28;3;29;2;29;0;28;-2;25;-4;22;-6;19;-9;14;-11;10;-12;5;-14;2;-15;0;-4;0;0;0;0;0;0;0;0;0;0;0;0;0;0;0;0;0;0;-6;4;-22;16;-23;14;-25;12;-24;8;-22;5;-18;1;-13;-3;-6;-6;1;-9;9;-11;16;-12;23;-12;29;-11;33;-10;36;-8;36;-6;35;-5;32;-3;27;-2;20;-1;13;0;4;0;-5;0;-15;1;-23;1;-30;0;97;0;-17;10;-17;10;-16;10;-15;10;-14;9;-13;8;-12;7;-12;6;-11;6;-11;6;-10;6;-9;6;-8;6;-8;5;-8;4;-8;4;-8;4;-8;4;-7;4;-7;4;-6;4;-5;4;-5;3;-6;3;-6;3;-6;3;-6;4;-6;4;-2;1;-1;0;0;-1;-1;-2;0;-1;0;1;0;5;-1;16;-2;16;-3;16;-4;17;-5;17;-6;17;-7;17;-9;17;-10;17;-10;17;-11;17;-12;17;-13;16;-14;15;-14;15;-15;15;-15;15;-15;15;-15;14;-15;14;-15;13;-16;13;-17;13;-17;13;-17;13;-17;13;-16;13;-16;12;97;0;-20;-12;-20;-11;-20;-10;-20;-8;-21;-7;-21;-6;-21;-5;-20;-5;-20;-4;-20;-3;-19;-2;-20;-1;-20;0;-20;1;-21;1;-21;1;-21;2;-21;2;-21;2;-21;2;-21;2;-21;2;-21;2;-21;1;-21;1;-21;0;-21;-1;-21;-2;-8;-1;-3;-1;0;-1;0;0;0;0;-1;-1;-1;-3;-2;-9;-3;-9;-3;-9;-4;-9;-4;-10;-4;-10;-4;-11;-5;-11;-5;-11;-6;-11;-7;-12;-8;-12;-8;-13;-8;-13;-8;-13;-8;-13;-9;-13;-10;-13;-11;-13;-13;-13;-14;-14;-14;-14;-15;-13;-16;-13;-17;-12;-18;-12;-19;-12;-20;-12,stable,EXP_S141,ZONE_02,entree_zone,4.1,entree_zone,entree dans la zone
1956593471,-55,6,a0:9f:7a:73:2b:3e,384,-110;-96;8;0;4;45;4;44;5;41;5;36;6;29;7;22;8;14;8;5;8;-3;8;-10;7;-17;6;-23;5;-27;4;-31;2;-33;0;-34;-2;-33;-4;-32;-6;-29;-8;-26;-10;-22;-12;-17;-14;-12;-15;-7;-16;-4;-5;-1;0;0;0;0;0;0;0;0;0;0;0;0;0;0;0;0;0;0;5;4;22;18;20;21;18;23;14;23;10;21;4;18;-1;13;-6;7;-10;0;-14;-8;-16;-16;-17;-24;-17;-30;-17;-35;-15;-39;-13;-40;-11;-38;-9;-35;-7;-30;-5;-23;-2;-15;-1;-5;1;5;3;15;4;24;4;31;103;0;13;16;13;16;12;15;11;14;11;13;10;12;9;11;8;11;8;11;7;10;7;10;7;9;7;8;6;7;5;7;5;7;5;7;5;7;5;6;5;6;5;5;4;5;4;5;4;5;4;5;4;5;4;5;4;5;1;2;0;0;-1;-1;-2;0;-1;-1;1;-1;6;-2;17;-4;18;-3;18;-1;19;0;19;1;19;2;19;4;20;5;20;6;20;7;20;8;20;9;20;10;19;11;19;12;18;12;18;13;18;13;17;13;17;14;17;14;16;15;16;15;16;15;16;16;16;16;16;15;15;15;103;0;-10;22;-10;22;-8;22;-7;22;-6;22;-5;22;-5;22;-4;21;-3;21;-2;21;-1;21;0;21;1;21;2;21;2;22;2;22;2;22;3;22;3;22;3;22;2;22;2;22;2;22;1;22;1;22;0;22;-1;22;-2;22;-1;8;-1;2;-1;-1;0;-1;0;-1;-1;0;-4;1;-9;3;-9;4;-9;4;-9;4;-10;5;-10;5;-11;5;-11;6;-11;7;-11;7;-11;8;-12;9;-12;9;-13;10;-13;10;-13;10;-13;11;-13;12;-13;13;-13;14;-13;15;-13;16;-13;17;-12;18;-12;19;-11;20;-11;21;-11;22,stable,EXP_S141,ZONE_02,entree_zone,4.1,entree_zone,entree dans la zone
1956784784,-55,6,a0:9f:7a:73:2b:3e,384,-110;-96;8;0;39;14;38;13;36;12;32;9;27;6;21;2;14;-2;8;-6;1;-9;-5;-11;-11;-13;-17;-14;-21;-14;-24;-14;-27;-13;-29;-11;-29;-9;-29;-7;-27;-4;-25;-1;-22;2;-18;5;-15;8;-11;11;-8;12;-2;3;0;0;0;0;0;0;0;0;0;0;0;0;0;0;0;0;0;0;6;-2;26;-5;27;-3;27;0;26;3;22;6;17;8;10;9;3;9;-5;8;-13;6;-20;4;-27;0;-32;-3;-35;-6;-37;-9;-37;-11;-35;-12;-32;-12;-26;-11;-20;-9;-13;-6;-5;-4;4;0;13;3;21;6;27;9;100;0;19;-3;18;-3;18;-3;17;-2;16;-2;15;-2;14;-2;13;-2;12;-1;12;-2;11;-2;10;-2;10;-2;9;-2;9;-2;8;-2;8;-2;8;-2;7;-2;7;-2;6;-2;6;-2;6;-2;6;-1;6;-1;6;-1;6;-1;6;-1;2;-1;0;-1;-1;0;-1;0;-1;0;0;-2;2;-6;7;-16;8;-16;9;-16;10;-16;11;-15;12;-15;13;-15;14;-14;16;-14;16;-13;17;-12;18;-12;19;-11;19;-10;19;-9;19;-9;19;-8;20;-8;20;-7;20;-7;20;-7;20;-6;20;-6;21;-6;21;-5;21;-5;20;-5;20;-5;100;0;12;18;12;17;12;17;13;16;13;15;14;15;14;14;15;13;15;12;15;11;16;10;16;9;17;9;17;8;18;8;18;8;18;9;19;9;19;9;19;9;18;9;18;9;18;9;18;9;17;10;17;11;16;11;16;12;5;4;1;1;-1;-1;0;-1;0;-1;-1;0;-1;2;-2;8;-2;8;-2;8;-2;8;-2;9;-2;9;-1;10;-1;10;-1;11;-1;12;0;12;0;13;0;13;0;14;1;14;1;14;1;14;2;15;3;15;4;16;5;16;6;17;6;17;7;18;8;18;9;18;10;18;11;18,stable,EXP_S141,ZONE_02,entree_zone,4.1,entree_zone,entree dans la zone
1956985279,-55,6,a0:9f:7a:73:2b:3e,384,-110;-96;8;0;-18;-36;-17;-35;-17;-32;-16;-28;-14;-22;-13;-16;-11;-9;-10;-2;-8;4;-6;10;-4;15;-1;20;1;23;3;25;5;27;7;27;8;26;10;24;11;22;12;18;13;14;14;10;14;6;14;2;15;-1;3;-1;0;0;0;0;0;0;0;0;0;0;0;0;0;0;0;0;0;0;-7;-2;-26;-6;-26;-9;-25;-11;-22;-13;-18;-14;-13;-14;-7;-12;0;-9;6;-5;12;0;16;6;20;11;23;17;24;21;24;24;23;26;21;26;18;24;15;21;11;17;6;11;2;4;-2;-4;-7;-11;-11;-19;-13;-24;107;0;-17;-7;-17;-7;-16;-7;-15;-7;-14;-7;-13;-6;-12;-6;-11;-6;-11;-6;-10;-6;-10;-5;-9;-5;-9;-4;-8;-4;-7;-4;-7;-4;-7;-4;-7;-4;-7;-4;-7;-3;-6;-3;-6;-3;-5;-3;-5;-3;-5;-4;-5;-4;-5;-4;-5;-4;-2;-2;-1;-1;0;0;0;-1;0;-1;-2;1;-5;3;-12;10;-13;10;-14;9;-15;8;-16;7;-17;7;-18;6;-18;5;-19;4;-20;3;-20;3;-20;2;-20;0;-20;-1;-20;-1;-20;-2;-20;-2;-20;-3;-20;-3;-20;-4;-20;-4;-20;-5;-20;-5;-20;-5;-20;-6;-19;-6;-19;-6;-19;-6;107;0;-2;-22;-2;-22;-3;-21;-4;-21;-4;-20;-5;-20;-6;-19;-7;-19;-7;-18;-8;-18;-9;-17;-10;-17;-10;-17;-11;-17;-11;-17;-12;-17;-12;-17;-12;-17;-12;-17;-12;-17;-11;-17;-11;-18;-11;-18;-11;-18;-10;-18;-9;-18;-8;-19;-8;-19;-3;-7;-1;-3;0;0;-1;0;-1;0;0;-1;1;-3;5;-7;5;-7;5;-7;5;-8;5;-8;5;-9;5;-9;5;-10;5;-10;5;-11;5;-12;5;-12;5;-13;5;-13;5;-13;5;-14;5;-14;4;-15;4;-16;3;-17;3;-17;3;-18;2;-18;2;-19;1;-20;0;-21;-1;-22;-1;-22,stable,EXP_S141,ZONE_02,entree_zone,4.1,entree_zone,entree dans la zone
1957184485,-56,6,a0:9f:7a:73:2b:3e,384,-110;-96;8;0;12;-41;12;-40;10;-37;7;-33;4;-28;1;-21;-3;-15;-6;-8;-9;-1;-11;6;-13;12;-14;17;-14;21;-14;25;-12;27;-10;28;-8;28;-6;27;-3;25;1;23;4;20;7;16;10;12;13;8;15;5;3;1;0;0;0;0;0;0;0;0;0;0;0;0;0;0;0;0;0;0;-3;-7;-10;-28;-8;-30;-5;-30;-1;-29;2;-26;4;-21;6;-14;8;-7;8;2;7;10;6;18;4;25;1;31;-2;36;-5;38;-7;38;-8;36;-8;33;-8;28;-7;22;-5;14;-3;5;0;-4;2;-13;5;-22;7;-28;109;0;-1;-20;-1;-20;0;-19;0;-18;0;-17;0;-16;0;-15;0;-14;0;-13;0;-12;0;-12;0;-11;0;-11;0;-10;0;-10;0;-9;0;-9;0;-8;0;-8;0;-8;0;-7;0;-7;-1;-7;0;-7;0;-7;0;-6;0;-6;0;-6;0;-3;0;-1;0;0;0;0;0;0;-2;-1;-6;-4;-16;-10;-15;-11;-14;-12;-14;-14;-13;-15;-13;-16;-13;-17;-12;-18;-12;-19;-11;-19;-10;-20;-9;-21;-8;-21;-8;-21;-7;-21;-6;-21;-6;-21;-5;-22;-5;-22;-4;-22;-4;-22;-4;-22;-3;-22;-3;-22;-3;-22;-2;-22;-2;-22;-2;-22;109;0;20;-10;20;-11;19;-12;18;-12;17;-13;16;-13;15;-14;15;-15;14;-15;12;-16;11;-16;11;-17;10;-17;9;-18;9;-18;9;-19;9;-19;9;-20;9;-20;9;-20;9;-20;9;-20;9;-19;9;-19;9;-19;10;-19;11;-18;12;-18;4;-7;1;-2;-1;0;-1;-1;-1;-1;0;0;3;1;8;4;9;4;9;4;9;4;9;3;9;3;10;3;11;3;11;3;12;3;13;2;13;2;14;2;14;1;14;1;15;1;15;0;16;0;17;-1;17;-2;18;-2;18;-3;19;-4;19;-5;20;-6;20;-7;20;-8;21;-9,stable,EXP_S141,ZONE_02,entree_zone,4.1,entree_zone,entree dans la zone
1957382497,-56,6,a0:9f:7a:73:2b:3e,384,-110;-96;8;0;30;-30;30;-30;27;-28;23;-26;17;-23;11;-19;5;-14;-1;-10;-7;-5;-12;0;-17;4;-21;8;-23;12;-24;15;-24;17;-24;19;-22;21;-19;21;-15;21;-12;20;-7;19;-3;17;2;15;6;13;9;12;2;2;0;0;0;0;0;0;0;0;0;0;0;0;0;0;0;0;0;0;0;-8;2;-30;4;-30;8;-30;10;-28;12;-24;12;-18;11;-11;9;-3;6;4;2;12;-3;19;-9;25;-14;29;-18;31;-22;32;-24;32;-24;30;-23;27;-20;23;-16;17;-11;11;-5;4;2;-3;9;-11;15;-17;20;-21;96;0;2;-21;1;-20;1;-20;1;-19;1;-17;1;-15;1;-14;2;-13;2;-13;2;-13;2;-12;1;-12;1;-11;1;-10;1;-9;2;-9;2;-9;2;-9;1;-9;0;-9;0;-8;0;-7;1;-6;2;-6;2;-6;2;-7;2;-7;1;-7;0;-3;0;-1;-1;0;1;0;0;0;-2;-1;-6;-3;-17;-8;-17;-9;-16;-10;-16;-11;-15;-13;-15;-14;-14;-15;-14;-17;-13;-18;-13;-19;-12;-20;-11;-20;-10;-20;-8;-21;-7;-21;-7;-22;-7;-22;-6;-22;-6;-22;-5;-22;-4;-21;-3;-22;-2;-22;-2;-23;-2;-23;-2;-23;-2;-22;-1;-22;96;0;22;-8;21;-9;20;-10;19;-11;18;-12;18;-12;17;-12;17;-12;16;-13;14;-13;13;-14;13;-15;12;-16;12;-17;13;-17;13;-17;12;-17;12;-17;12;-17;12;-17;12;-18;12;-17;13;-17;13;-17;13;-16;14;-16;15;-15;15;-14;5;-5;1;-2;-1;0;-1;-1;-1;-1;1;0;3;1;9;3;9;3;9;2;10;2;11;2;11;2;11;2;12;3;12;2;12;1;13;1;14;1;15;1;15;1;15;1;15;1;15;0;16;-1;17;-2;18;-2;19;-3;20;-3;20;-3;20;-4;20;-5;20;-7;21;-8;22;-9,stable,EXP_S141,ZONE_02,entree_zone,4.1,entree_zone,entree dans la zone
1957583001,-55,6,a0:9f:7a:73:2b:3e,384,-110;-96;8;0;-42;-13;-41;-13;-38;-11;-34;-9;-28;-6;-22;-2;-15;1;-8;4;-1;7;6;9;12;11;17;12;22;12;25;11;27;10;28;8;29;6;28;4;25;1;23;-2;19;-5;15;-8;11;-11;7;-13;4;-15;0;-4;0;0;0;0;0;0;0;0;0;0;0;0;0;0;0;0;0;0;-7;2;-28;9;-30;6;-31;3;-29;0;-26;-3;-21;-5;-15;-7;-7;-8;2;-8;10;-8;18;-6;26;-4;32;-1;36;2;39;4;39;6;37;7;34;8;29;7;22;6;14;5;6;2;-4;-1;-14;-3;-22;-6;-29;-8;104;0;-19;9;-19;9;-18;9;-17;8;-16;8;-14;7;-14;5;-13;5;-13;4;-13;4;-12;4;-11;4;-10;4;-9;3;-9;3;-9;2;-9;2;-9;2;-9;3;-8;3;-7;2;-6;2;-6;1;-7;1;-7;1;-7;1;-7;1;-7;2;-3;0;-1;0;0;-1;-1;-2;0;-1;0;1;1;6;2;17;1;18;0;18;-1;18;-2;19;-4;19;-5;19;-7;19;-8;20;-9;20;-10;20;-11;19;-12;18;-13;17;-14;17;-15;17;-15;16;-16;16;-16;16;-16;15;-16;14;-17;14;-18;14;-19;14;-19;14;-18;13;-18;13;-18;12;104;0;-19;-15;-19;-14;-19;-13;-19;-12;-20;-10;-20;-10;-20;-9;-19;-8;-19;-7;-19;-6;-19;-5;-19;-4;-20;-3;-20;-3;-21;-3;-21;-3;-21;-3;-21;-3;-21;-2;-21;-2;-21;-2;-21;-2;-21;-3;-21;-3;-21;-4;-21;-5;-20;-6;-20;-6;-8;-3;-3;-1;0;0;0;0;0;0;-1;-2;-1;-4;-3;-10;-3;-10;-4;-10;-4;-10;-5;-11;-5;-12;-5;-12;-5;-12;-5;-12;-6;-12;-7;-13;-8;-13;-8;-14;-8;-15;-8;-15;-8;-15;-9;-14;-10;-14;-11;-15;-12;-15;-13;-16;-13;-16;-14;-16;-15;-15;-16;-15;-17;-14;-19;-14;-20;-15,stable,EXP_S141,ZONE_02,entree_zone,4.1,entree_zone,entree dans la zone
1957784131,-56,6,a0:9f:7a:73:2b:3e,384,-110;-96;8;0;38;21;37;21;34;19;30;15;26;11;20;6;14;1;8;-5;2;-9;-3;-13;-8;-17;-13;-20;-17;-21;-20;-22;-22;-22;-23;-21;-24;-20;-24;-17;-23;-14;-22;-10;-20;-5;-18;-1;-16;3;-14;7;-12;10;-3;2;0;0;0;0;0;0;0;0;0;0;0;0;0;0;0;0;0;0;6;-4;25;-15;27;-13;28;-11;27;-7;24;-3;20;0;13;3;6;5;-3;6;-12;6;-20;5;-27;3;-34;0;-38;-3;-40;-5;-40;-7;-38;-9;-35;-9;-30;-9;-23;-7;-15;-5;-6;-2;3;2;13;6;21;10;27;14;110;0;18;-8;18;-8;18;-7;17;-7;15;-6;14;-5;13;-4;13;-4;12;-3;12;-3;11;-3;11;-3;9;-3;8;-2;8;-2;8;-1;8;-1;9;-2;8;-2;7;-2;6;-2;6;-1;5;-1;6;0;6;0;6;0;6;-1;6;-1;2;-1;0;-1;-1;0;0;1;0;0;-1;-2;-2;-7;-3;-18;-2;-18;-2;-18;0;-19;1;-19;2;-19;4;-19;5;-20;7;-20;8;-20;9;-20;10;-20;11;-19;13;-17;14;-17;14;-16;15;-16;15;-16;15;-16;15;-15;16;-14;17;-13;17;-13;18;-13;18;-13;18;-12;18;-12;18;-11;110;0;17;15;17;14;17;13;18;12;18;11;19;11;19;10;18;10;18;9;18;8;18;6;18;5;19;5;19;5;20;5;20;5;20;5;20;5;20;4;20;5;20;5;21;5;20;6;20;6;19;7;19;7;18;8;18;9;6;3;2;1;-1;-1;-1;-1;-1;-1;0;1;1;3;3;9;3;9;4;9;4;9;4;10;5;11;5;11;5;11;5;11;6;12;7;12;7;13;8;14;8;14;7;14;7;14;8;13;9;14;10;14;11;15;12;15;12;16;13;16;14;15;15;15;16;15;18;15;18;15,stable,EXP_S141,ZONE_02,entree_zone,4.1,entree_zone,entree dans la zone
1957982306,-55,6,a0:9f:7a:73:2b:3e,384,-110;-96;8;0;16;38;15;37;15;34;14;29;13;23;11;17;10;9;8;1;7;-6;5;-12;3;-17;1;-22;-1;-25;-2;-28;-4;-29;-6;-29;-7;-29;-9;-27;-10;-24;-11;-20;-12;-16;-13;-11;-14;-7;-14;-2;-15;1;-4;0;0;0;0;0;0;0;0;0;0;0;0;0;0;0;0;0;0;0;6;0;27;4;26;6;25;9;23;11;19;12;13;12;7;10;0;7;-7;3;-13;-3;-19;-8;-23;-14;-25;-20;-26;-24;-27;-27;-26;-29;-24;-28;-21;-27;-17;-24;-13;-18;-8;-12;-3;-4;1;4;6;12;9;20;12;26;96;0;17;7;17;7;16;7;15;6;14;6;12;6;12;6;11;6;10;6;10;6;10;5;9;5;8;4;7;4;7;4;7;4;7;4;7;4;7;4;6;3;6;3;5;3;4;3;4;3;4;3;4;3;4;3;4;3;1;1;0;0;-1;-1;-1;0;-1;0;1;-2;3;-5;10;-13;11;-12;12;-11;13;-11;14;-10;15;-9;16;-8;17;-8;18;-7;19;-6;19;-6;19;-5;19;-3;20;-2;20;-1;20;0;20;0;20;1;20;1;20;2;19;2;20;3;20;4;20;4;20;4;20;5;19;5;19;5;96;0;2;22;2;22;3;21;4;21;5;20;5;20;6;19;7;19;7;18;8;17;8;16;9;16;10;16;10;16;11;16;11;16;11;16;11;16;11;16;11;16;11;16;11;16;10;16;10;16;9;16;9;17;8;17;7;17;2;6;0;2;-1;-1;0;-1;0;-1;-1;0;-2;2;-5;8;-5;8;-5;8;-5;9;-5;9;-5;10;-5;10;-5;10;-5;11;-5;12;-5;12;-5;13;-6;14;-6;14;-6;14;-6;14;-5;15;-4;15;-4;16;-3;17;-3;18;-3;19;-3;20;-2;20;-1;21;0;21;1;22;1;23,stable,EXP_S141,ZONE_02,entree_zone,4.1,entree_zone,entree dans la zone
1958182343,-55,6,a0:9f:7a:73:2b:3e,384,-110;-96;8;0;14;44;14;43;14;39;13;34;12;27;11;20;10;12;8;3;6;-5;4;-12;2;-18;-1;-23;-3;-28;-6;-30;-8;-32;-10;-31;-11;-30;-13;-28;-14;-25;-15;-21;-15;-16;-16;-11;-15;-5;-15;0;-15;3;-4;1;0;0;0;0;0;0;0;0;0;0;0;0;0;0;0;0;0;0;6;4;24;18;23;20;21;22;17;23;13;22;7;19;2;14;-4;8;-9;1;-14;-6;-17;-14;-20;-22;-21;-29;-21;-34;-20;-38;-19;-39;-17;-38;-14;-35;-12;-30;-8;-24;-5;-16;-2;-6;2;3;6;13;9;23;10;29;107;0;15;15;15;14;14;14;13;13;12;13;11;12;10;11;9;11;9;10;9;10;8;9;8;9;7;8;7;7;6;7;6;7;6;7;6;7;6;6;6;6;5;6;5;5;4;5;4;5;4;5;4;5;4;5;4;5;1;2;0;0;-1;-1;-2;0;-1;0;1;-1;6;-3;17;-7;17;-6;18;-5;19;-3;19;-2;20;-1;20;0;21;1;22;3;22;4;22;5;22;6;21;7;21;8;21;9;20;10;20;10;20;11;20;11;19;12;19;12;19;13;19;13;19;14;19;14;19;14;18;14;18;14;107;0;-9;23;-8;23;-7;22;-6;22;-4;22;-4;22;-3;22;-2;21;-1;21;0;20;1;20;2;20;3;20;4;20;4;21;4;21;4;21;4;21;4;21;4;21;4;21;4;21;4;21;4;21;3;21;2;21;1;21;0;21;0;7;-1;2;-1;-1;0;-1;0;-1;-1;0;-4;2;-9;5;-9;5;-9;6;-9;6;-10;6;-10;7;-10;7;-11;8;-11;8;-11;9;-12;10;-12;10;-12;11;-12;11;-12;11;-12;12;-12;12;-12;13;-12;14;-12;15;-12;16;-12;17;-11;18;-11;19;-10;20;-10;21;-9;22;-9;23,stable,EXP_S141,ZONE_02,entree_zone,4.1,entree_zone,entree dans la zone
1958382460,-55,6,a0:9f:7a:73:2b:3e,384,-110;-96;8;0;-4;42;-3;41;-2;38;-1;34;1;28;2;21;4;14;6;6;7;-1;7;-8;7;-14;7;-20;6;-24;5;-27;4;-30;2;-30;0;-30;-1;-29;-4;-27;-6;-24;-8;-20;-10;-15;-12;-11;-13;-6;-14;-3;-4;-1;0;0;0;0;0;0;0;0;0;0;0;0;0;0;0;0;0;0;3;6;14;24;12;26;9;27;6;26;2;23;-1;19;-4;13;-7;6;-8;-2;-9;-10;-9;-18;-9;-25;-7;-32;-6;-36;-4;-39;-2;-39;-1;-38;0;-35;1;-30;1;-23;1;-15;1;-6;1;3;0;13;-1;22;-1;28;99;0;9;18;8;17;8;17;7;16;7;15;6;14;6;13;5;12;5;12;5;11;4;11;4;10;4;9;4;8;3;8;3;8;3;8;3;8;3;7;3;7;3;6;3;6;2;6;2;6;2;6;2;6;2;6;2;6;0;2;0;0;-1;-1;-2;0;-1;-1;1;-1;6;-1;17;-1;17;0;17;1;17;3;17;4;18;5;18;6;18;7;18;9;18;10;18;11;17;12;16;13;16;14;15;14;15;15;14;15;14;15;14;16;13;16;13;16;13;17;12;17;12;17;12;18;12;18;11;18;11;18;99;0;-15;17;-14;17;-13;17;-12;17;-11;18;-10;18;-9;18;-9;18;-8;18;-7;18;-6;18;-5;18;-5;18;-4;19;-4;19;-3;19;-3;19;-3;20;-3;19;-3;20;-3;20;-4;20;-4;19;-4;19;-5;19;-6;18;-6;18;-7;18;-3;6;-1;1;0;-1;0;-1;0;-1;-2;0;-4;0;-10;2;-10;2;-10;2;-10;2;-11;3;-11;3;-12;3;-12;4;-12;4;-13;5;-13;5;-14;5;-14;6;-15;6;-15;6;-14;6;-14;7;-14;8;-15;9;-15;10;-15;11;-16;11;-16;12;-15;13;-15;14;-15;15;-15;16;-15;17,stable,EXP_S141,ZONE_02,entree_zone,4.1,entree_zone,entree dans la zone
1958588552,-55,6,a0:9f:7a:73:2b:3e,384,-110;-96;8;0;3;37;4;36;4;33;5;29;5;24;6;17;6;11;5;4;5;-3;4;-9;2;-14;0;-19;-2;-22;-4;-25;-6;-26;-8;-26;-9;-25;-11;-23;-12;-21;-13;-17;-13;-13;-13;-9;-13;-5;-12;0;-11;3;-3;1;0;0;0;0;0;0;0;0;0;0;0;0;0;0;0;0;0;0;2;5;7;24;6;25;3;25;1;24;-2;21;-4;17;-6;12;-7;5;-8;-2;-9;-10;-8;-17;-7;-23;-6;-28;-4;-32;-3;-34;-1;-35;-1;-34;0;-31;1;-26;1;-21;1;-14;2;-6;2;3;2;11;2;19;3;25;90;0;12;12;12;12;12;12;11;11;10;10;9;10;8;9;8;9;7;9;7;8;7;8;7;7;6;6;6;6;5;6;5;6;5;6;5;6;5;5;5;5;4;5;4;4;4;4;3;4;3;4;3;5;4;5;4;5;1;1;0;0;-1;-1;-1;0;-1;0;1;-1;5;-2;14;-5;15;-5;15;-4;16;-3;16;-2;17;-1;17;1;18;2;18;3;18;3;18;4;18;5;17;6;17;7;17;8;17;9;17;9;16;9;16;9;16;10;16;10;15;11;15;11;16;12;16;12;15;12;15;12;14;12;90;0;-7;17;-7;17;-6;17;-5;17;-4;17;-3;17;-3;17;-2;17;-2;17;-1;16;0;16;1;16;2;16;2;16;3;17;3;17;3;17;3;17;3;17;3;17;3;17;2;17;2;17;2;17;1;17;1;17;0;17;-1;17;-1;6;-1;1;-1;-1;0;-1;0;-1;-1;0;-3;1;-8;4;-8;4;-8;4;-8;4;-8;5;-9;5;-9;5;-9;5;-9;6;-9;7;-9;7;-10;8;-10;8;-11;8;-11;8;-10;8;-10;9;-10;10;-10;11;-10;11;-10;12;-10;13;-10;13;-9;14;-9;15;-8;16;-8;17;-7;18,stable,EXP_S141,ZONE_02,entree_zone,4.1,entree_zone,entree dans la zone
1958782362,-55,6,a0:9f:7a:73:2b:3e,384,-110;-96;8;0;10;40;10;39;10;36;11;31;10;25;10;18;8;10;6;3;4;-4;1;-10;-2;-16;-5;-20;-8;-23;-11;-25;-14;-26;-16;-26;-18;-24;-19;-22;-19;-18;-19;-14;-18;-10;-16;-5;-15;0;-12;4;-10;7;-3;2;0;0;0;0;0;0;0;0;0;0;0;0;0;0;0;0;0;0;1;6;5;27;3;28;1;29;-2;27;-4;24;-6;19;-8;13;-9;5;-10;-3;-10;-11;-9;-19;-8;-26;-7;-31;-5;-36;-4;-38;-3;-39;-1;-38;-1;-35;0;-30;1;-23;1;-16;2;-7;3;3;5;12;6;21;7;27;87;0;14;15;14;14;14;14;13;13;12;12;11;12;10;11;9;10;8;10;8;10;8;9;8;8;7;8;7;7;6;7;6;7;6;7;6;7;6;6;6;6;5;5;5;5;4;5;4;5;4;5;4;5;4;5;4;5;1;1;0;0;-1;-1;-2;0;-1;0;1;-1;6;-2;16;-5;17;-5;18;-4;18;-2;19;-1;19;0;19;1;20;3;21;4;21;5;21;6;20;6;20;8;19;9;19;10;19;11;19;11;19;11;18;11;18;12;18;12;17;13;18;13;18;14;18;14;17;14;17;14;16;14;87;0;-8;19;-8;19;-6;19;-5;19;-4;19;-3;19;-3;19;-2;19;-1;18;0;18;0;17;1;17;2;18;3;18;3;18;3;19;3;19;3;19;4;19;4;19;4;19;4;19;3;19;3;19;2;18;1;18;1;18;0;18;0;6;-1;2;-1;-1;0;-1;0;-1;-1;0;-4;1;-9;4;-9;4;-9;4;-9;4;-10;5;-10;5;-10;5;-10;5;-10;6;-10;7;-10;8;-11;8;-11;9;-12;9;-12;9;-11;9;-11;10;-11;10;-11;12;-11;13;-11;14;-11;14;-11;15;-10;16;-10;16;-9;17;-9;19;-9;19,stable,EXP_S141,ZONE_02,entree_zone,4.1,entree_zone,entree dans la zone
1958985167,-55,6,a0:9f:7a:73:2b:3e,384,-110;-96;8;0;30;-31;29;-31;26;-29;22;-26;16;-23;10;-19;5;-14;-1;-9;-6;-3;-10;3;-13;8;-16;13;-18;17;-18;21;-17;24;-16;25;-14;26;-11;26;-8;25;-4;23;-1;20;2;16;6;13;9;9;11;6;3;1;0;0;0;0;0;0;0;0;0;0;0;0;0;0;0;0;0;0;4;-6;18;-23;20;-22;22;-20;22;-17;21;-13;19;-8;15;-3;9;3;3;8;-4;13;-10;17;-17;20;-22;23;-27;24;-30;24;-32;23;-31;21;-29;19;-25;16;-20;11;-14;7;-7;1;0;-5;8;-11;15;-17;20;-21;96;0;15;-40;14;-39;14;-38;14;-36;13;-33;13;-30;13;-29;12;-27;12;-26;11;-25;10;-24;9;-23;8;-21;8;-20;8;-19;8;-19;7;-18;7;-18;6;-17;6;-17;6;-16;5;-15;5;-14;5;-14;6;-13;6;-13;6;-13;6;-13;2;-5;0;-2;-1;0;1;1;0;0;-3;-3;-9;-10;-24;-28;-22;-29;-20;-31;-18;-33;-17;-35;-15;-37;-13;-39;-12;-41;-10;-42;-8;-44;-6;-45;-4;-45;-2;-45;0;-45;2;-45;3;-45;4;-45;5;-45;6;-45;7;-44;8;-44;9;-44;10;-45;11;-45;12;-45;12;-45;13;-44;13;-44;96;0;42;-2;42;-4;41;-5;40;-7;39;-9;38;-10;38;-11;36;-13;35;-14;34;-16;33;-18;32;-19;31;-21;31;-22;32;-22;32;-23;32;-23;32;-23;32;-23;32;-23;32;-23;32;-23;32;-23;32;-22;33;-21;33;-20;34;-18;35;-17;13;-6;4;-2;-2;0;-1;-1;-1;-1;1;1;5;4;15;12;15;11;15;11;16;12;16;12;17;12;18;12;19;12;20;12;21;12;23;12;24;13;25;13;26;13;26;12;27;12;28;11;29;10;30;9;32;8;34;8;35;7;37;6;38;4;39;3;41;1;42;0;43;-1,stable,EXP_S141,ZONE_02,entree_zone,4.1,entree_zone,entree dans la zone
1959183517,-54,6,a0:9f:7a:73:2b:3e,384,-110;-96;8;0;-46;-4;-45;-3;-42;-2;-37;0;-31;1;-24;3;-16;5;-7;6;1;6;8;6;15;5;21;4;25;2;29;0;31;-2;32;-4;31;-6;29;-8;26;-10;22;-11;17;-13;12;-14;7;-15;1;-15;-2;-14;-1;-4;0;0;0;0;0;0;0;0;0;0;0;0;0;0;0;0;0;0;-8;1;-31;4;-32;2;-32;-1;-30;-4;-26;-6;-21;-8;-14;-9;-5;-9;3;-9;12;-8;20;-6;28;-3;34;-1;38;2;40;4;41;6;39;6;36;7;30;6;23;6;15;5;6;3;-5;2;-15;1;-24;-1;-31;-2;99;0;-20;11;-20;10;-19;10;-18;9;-17;9;-16;8;-15;7;-14;6;-14;6;-13;6;-12;6;-12;6;-11;6;-10;5;-10;5;-10;4;-10;4;-9;4;-9;4;-8;4;-8;4;-7;3;-7;3;-7;3;-7;3;-8;3;-8;3;-8;3;-3;1;-1;0;0;-1;-1;-2;0;-1;0;1;0;6;0;18;-1;18;-3;19;-4;19;-6;19;-7;19;-8;19;-9;20;-11;20;-12;20;-13;20;-14;19;-14;18;-15;18;-16;17;-17;17;-17;17;-18;16;-18;16;-18;15;-18;15;-19;14;-19;14;-20;14;-20;14;-20;14;-20;14;-20;13;99;0;-20;-14;-20;-14;-20;-12;-20;-11;-20;-10;-20;-9;-20;-8;-20;-7;-20;-6;-20;-5;-20;-4;-20;-3;-21;-3;-21;-2;-22;-2;-22;-2;-22;-2;-22;-2;-22;-1;-22;-1;-22;-1;-22;-1;-22;-2;-21;-2;-21;-3;-21;-3;-21;-4;-20;-5;-8;-2;-3;-1;0;0;0;0;0;0;-1;-2;-1;-4;-3;-10;-3;-10;-3;-11;-4;-11;-4;-12;-4;-12;-4;-13;-5;-13;-5;-13;-6;-13;-6;-14;-7;-14;-7;-15;-7;-15;-7;-15;-8;-15;-9;-15;-10;-15;-11;-15;-12;-15;-12;-16;-13;-16;-14;-16;-15;-16;-16;-15;-17;-15;-18;-15;-19;-15,stable,EXP_S141,ZONE_02,entree_zone,4.1,entree_zone,entree dans la zone
1959387328,-54,6,a0:9f:7a:73:2b:3e,384,-110;-96;8;0;-44;8;-44;8;-40;8;-35;8;-29;9;-21;9;-13;8;-5;7;2;5;9;4;16;2;21;0;25;-3;28;-5;30;-8;30;-10;29;-12;26;-13;23;-15;19;-15;14;-16;9;-16;4;-15;-1;-14;-5;-13;-2;-4;0;0;0;0;0;0;0;0;0;0;0;0;0;0;0;0;0;0;-7;3;-26;14;-28;12;-29;9;-28;6;-26;3;-22;0;-16;-4;-8;-7;0;-9;9;-11;17;-12;25;-12;31;-11;36;-10;39;-8;40;-7;39;-6;35;-4;30;-3;24;-2;16;-1;6;1;-4;2;-14;4;-23;5;-30;5;103;0;-15;15;-15;15;-14;15;-13;14;-13;13;-12;12;-11;11;-11;10;-11;10;-10;9;-9;9;-9;9;-8;8;-8;8;-7;7;-7;7;-7;7;-7;7;-7;7;-6;6;-6;6;-5;5;-5;5;-6;5;-6;5;-6;5;-6;5;-6;5;-2;2;-1;0;0;-1;-1;-2;-1;-1;0;1;1;6;4;17;3;17;2;18;1;19;0;19;-1;19;-2;20;-4;20;-5;21;-6;21;-7;21;-8;21;-9;21;-10;20;-11;20;-11;20;-12;20;-12;20;-12;19;-12;19;-13;19;-13;19;-14;19;-14;19;-14;19;-15;18;-14;18;-15;18;103;0;-22;-8;-22;-7;-22;-6;-22;-5;-22;-3;-22;-2;-22;-1;-21;0;-21;0;-20;1;-20;2;-20;3;-20;4;-20;5;-20;5;-20;5;-20;6;-20;6;-20;6;-20;6;-20;6;-20;6;-20;5;-20;5;-20;4;-20;4;-20;3;-21;2;-8;0;-3;0;0;-1;0;0;0;0;-1;-2;-2;-4;-5;-10;-5;-10;-6;-10;-6;-10;-6;-10;-7;-11;-7;-11;-7;-11;-8;-11;-9;-11;-10;-11;-10;-12;-11;-13;-11;-13;-11;-13;-11;-13;-12;-12;-13;-12;-14;-12;-15;-12;-16;-12;-17;-11;-18;-11;-18;-10;-20;-10;-21;-9;-22;-9;-23;-9,stable,EXP_S141,ZONE_02,entree_zone,4.1,entree_zone,entree dans la zone
1959583742,-55,6,a0:9f:7a:73:2b:3e,384,-110;-96;8;0;-38;-20;-38;-19;-35;-17;-31;-14;-27;-10;-21;-6;-15;-2;-9;3;-2;6;4;9;9;12;14;14;19;15;22;15;25;15;26;13;27;11;26;9;25;6;22;3;19;0;16;-4;12;-7;9;-10;6;-13;1;-4;0;0;0;0;0;0;0;0;0;0;0;0;0;0;0;0;0;0;-7;0;-29;2;-29;0;-29;-3;-27;-5;-23;-7;-18;-8;-12;-9;-4;-8;4;-7;11;-5;19;-1;25;2;30;6;34;9;35;12;35;14;34;14;30;14;26;12;20;10;13;7;4;3;-4;-1;-13;-5;-21;-10;-26;-13;99;0;-21;2;-20;1;-20;1;-19;1;-17;1;-16;1;-15;0;-14;0;-14;0;-13;0;-13;0;-12;1;-11;1;-10;0;-10;0;-10;0;-10;-1;-10;0;-9;0;-9;0;-8;0;-8;0;-7;-1;-7;-1;-7;-1;-7;-1;-8;-1;-8;0;-3;0;-1;0;0;-1;0;-1;0;-1;-1;1;-3;5;-7;15;-8;15;-9;14;-10;14;-11;14;-13;13;-14;13;-15;13;-16;12;-17;12;-18;12;-18;11;-19;10;-19;9;-20;9;-20;8;-20;8;-21;7;-21;7;-20;6;-21;5;-21;5;-22;4;-22;4;-22;5;-22;4;-21;4;-21;4;99;0;-11;-20;-12;-19;-12;-18;-13;-17;-14;-16;-14;-16;-15;-15;-15;-14;-15;-14;-16;-12;-16;-11;-17;-10;-18;-10;-18;-10;-18;-10;-18;-10;-18;-9;-18;-9;-18;-9;-19;-9;-19;-10;-19;-10;-18;-10;-18;-10;-18;-10;-17;-11;-17;-11;-16;-12;-6;-5;-2;-2;0;0;-1;0;-1;0;0;-2;0;-4;1;-10;1;-10;1;-10;0;-11;0;-11;1;-12;1;-12;1;-13;1;-13;0;-13;0;-14;-1;-15;-1;-16;-1;-16;-1;-16;-1;-16;-2;-16;-3;-16;-4;-17;-4;-18;-5;-19;-5;-19;-6;-19;-7;-19;-8;-19;-10;-19;-11;-20;-11;-20,stable,EXP_S141,ZONE_02,entree_zone,4.1,entree_zone,entree dans la zone
1959784608,-55,6,a0:9f:7a:73:2b:3e,384,-110;-96;8;0;20;37;20;36;19;33;17;28;16;22;13;16;11;8;8;1;5;-6;2;-12;-2;-17;-5;-21;-8;-25;-10;-27;-12;-28;-14;-27;-16;-26;-16;-24;-17;-20;-17;-16;-17;-12;-16;-7;-15;-2;-14;3;-13;6;-4;1;0;0;0;0;0;0;0;0;0;0;0;0;0;0;0;0;0;0;6;2;25;12;24;14;22;16;19;18;15;17;10;16;4;13;-2;8;-8;2;-13;-4;-18;-10;-21;-17;-23;-22;-24;-27;-24;-30;-23;-32;-21;-31;-19;-29;-15;-26;-12;-20;-7;-14;-2;-6;3;3;7;11;12;19;14;25;103;0;18;8;18;8;17;7;16;7;15;6;13;6;12;6;11;6;11;6;11;6;11;5;10;4;9;3;8;3;8;4;7;4;7;4;8;4;8;3;7;3;6;2;5;2;5;2;5;3;5;3;5;3;5;3;5;3;2;1;0;0;-1;-1;-1;0;-1;0;1;-2;4;-4;13;-11;14;-10;15;-9;16;-8;16;-7;17;-6;18;-5;19;-5;20;-4;20;-3;21;-2;21;-2;20;-1;20;0;21;1;21;2;21;3;21;3;20;3;20;4;20;4;20;5;20;6;21;6;21;6;21;6;20;5;20;5;103;0;0;22;1;21;2;21;3;20;4;20;5;20;5;20;6;19;7;18;7;17;8;16;10;16;10;16;11;16;11;16;12;16;12;15;12;15;12;15;12;15;12;16;12;16;12;16;12;15;11;16;10;16;10;16;9;16;3;6;0;1;-1;-1;0;-1;0;-1;-1;0;-3;2;-7;6;-7;7;-6;7;-7;8;-7;8;-7;9;-8;9;-8;9;-7;9;-7;10;-7;11;-7;12;-8;13;-8;13;-8;13;-7;13;-7;14;-6;14;-5;16;-5;17;-5;18;-5;18;-5;18;-4;19;-3;20;-1;21;-1;22;0;23,stable,EXP_S141,ZONE_02,entree_zone,4.1,entree_zone,entree dans la zone
1959982560,-55,6,a0:9f:7a:73:2b:3e,384,-110;-96;8;0;-33;-26;-33;-26;-31;-23;-28;-20;-24;-15;-19;-10;-14;-4;-9;2;-4;7;1;11;5;15;9;19;13;21;16;22;18;22;20;21;21;20;21;17;20;14;19;10;18;6;16;1;14;-3;13;-7;11;-10;2;-3;0;0;0;0;0;0;0;0;0;0;0;0;0;0;0;0;0;0;-7;1;-28;4;-29;2;-29;-1;-27;-3;-23;-6;-18;-7;-12;-8;-4;-8;4;-7;11;-4;19;-1;25;3;30;6;33;10;34;13;34;15;32;16;29;15;24;14;18;11;11;7;4;2;-4;-3;-12;-8;-19;-13;-24;-18;106;0;-20;-3;-19;-3;-18;-4;-17;-4;-16;-4;-15;-4;-14;-4;-14;-4;-13;-3;-12;-3;-12;-3;-11;-3;-10;-3;-10;-3;-9;-3;-9;-3;-9;-3;-8;-3;-8;-3;-8;-3;-7;-3;-7;-2;-7;-2;-6;-2;-6;-2;-6;-2;-6;-3;-6;-3;-3;-1;-1;-1;0;0;0;-1;0;-1;-1;1;-4;4;-10;13;-11;12;-12;12;-14;11;-15;10;-16;10;-17;9;-17;9;-18;8;-19;7;-20;6;-20;5;-21;5;-21;4;-21;3;-21;2;-21;2;-21;1;-21;1;-21;0;-21;0;-21;0;-21;-1;-21;-1;-21;-1;-21;-2;-21;-2;-21;-2;106;0;-7;-22;-8;-22;-8;-21;-9;-20;-10;-20;-10;-19;-11;-18;-12;-17;-12;-17;-13;-16;-14;-15;-14;-14;-15;-14;-16;-14;-16;-14;-16;-14;-17;-13;-17;-13;-17;-13;-17;-14;-16;-14;-16;-14;-16;-13;-16;-14;-16;-14;-15;-14;-15;-15;-14;-16;-5;-6;-2;-2;0;0;-1;0;-1;0;0;-1;1;-4;4;-9;4;-9;4;-9;4;-10;4;-10;4;-11;4;-11;4;-12;3;-12;3;-13;3;-14;3;-14;3;-15;3;-15;3;-16;2;-16;2;-17;2;-17;1;-18;0;-18;-1;-19;-1;-19;-2;-20;-3;-21;-4;-21;-5;-22;-6;-22;-6;-22,stable,EXP_S141,ZONE_02,entree_zone,4.1,entree_zone,entree dans la zone
1960187278,-55,6,a0:9f:7a:73:2b:3e,384,-110;-96;8;0;-20;-35;-20;-34;-19;-31;-18;-27;-16;-21;-14;-15;-12;-8;-8;-2;-5;4;-1;10;2;14;5;18;8;21;12;22;14;23;16;22;17;20;18;18;18;14;18;11;17;6;15;2;14;-2;12;-6;10;-9;2;-3;0;0;0;0;0;0;0;0;0;0;0;0;0;0;0;0;0;0;-6;-5;-21;-18;-20;-20;-18;-22;-15;-23;-11;-22;-7;-19;-2;-15;3;-10;7;-3;11;3;15;10;17;17;18;22;19;27;18;30;17;31;16;31;13;29;11;25;8;20;4;13;1;5;-3;-3;-8;-11;-11;-18;-14;-23;104;0;-18;-8;-18;-8;-17;-7;-16;-7;-15;-6;-14;-6;-13;-6;-12;-6;-11;-6;-11;-6;-11;-5;-10;-4;-10;-4;-9;-4;-8;-4;-8;-4;-8;-4;-8;-4;-8;-4;-7;-3;-7;-3;-6;-3;-6;-3;-6;-3;-6;-3;-6;-3;-6;-3;-6;-3;-2;-1;-1;-1;0;0;0;-1;0;-1;-2;1;-5;3;-14;10;-14;9;-15;9;-16;8;-17;7;-18;6;-19;5;-20;4;-20;3;-21;3;-21;2;-21;1;-21;0;-21;-1;-21;-2;-21;-3;-21;-3;-21;-3;-21;-4;-20;-4;-20;-5;-20;-5;-20;-6;-21;-6;-21;-6;-21;-6;-20;-6;-20;-6;104;0;-1;-21;-2;-21;-3;-20;-4;-20;-5;-19;-6;-19;-6;-19;-7;-18;-7;-17;-8;-17;-9;-16;-10;-15;-11;-15;-11;-15;-12;-15;-12;-15;-12;-15;-12;-15;-13;-15;-13;-15;-13;-15;-13;-15;-12;-15;-12;-16;-12;-16;-11;-16;-11;-17;-10;-17;-4;-7;-1;-2;0;0;-1;0;-1;0;0;-1;2;-3;6;-6;6;-7;6;-7;6;-8;6;-8;6;-9;6;-9;6;-9;6;-9;6;-10;6;-11;6;-12;6;-12;6;-13;6;-13;6;-13;5;-14;5;-14;4;-15;4;-16;4;-17;4;-18;3;-18;2;-18;1;-19;1;-20;0;-21;-1;-21,stable,EXP_S141,ZONE_02,entree_zone,4.1,entree_zone,entree dans la zone
1960382945,-55,6,a0:9f:7a:73:2b:3e,384,-110;-96;8;0;28;-31;28;-32;26;-32;22;-30;17;-27;12;-23;7;-18;2;-13;-2;-7;-6;-1;-9;6;-11;11;-11;17;-11;21;-10;25;-8;28;-6;29;-3;28;0;27;3;25;5;21;8;17;10;12;11;8;12;4;3;0;0;0;0;0;0;0;0;0;0;0;0;0;0;0;0;0;0;0;6;-4;28;-15;30;-14;32;-11;32;-9;30;-6;27;-2;21;2;14;5;6;9;-2;12;-11;15;-19;17;-26;18;-32;19;-36;19;-38;19;-39;18;-37;17;-33;15;-28;12;-22;8;-14;3;-6;-2;2;-8;10;-14;16;-18;86;0;-1;-23;-1;-23;-1;-22;-1;-21;-1;-19;-1;-18;-1;-16;0;-15;0;-15;0;-14;0;-14;-1;-13;-1;-12;-1;-11;-1;-11;-1;-10;0;-10;0;-10;-1;-10;-1;-9;-1;-9;-1;-8;-1;-8;0;-8;0;-8;0;-8;0;-8;0;-8;0;-3;0;-1;-1;0;1;0;0;0;-3;-1;-7;-4;-19;-10;-18;-11;-18;-12;-18;-14;-17;-15;-16;-16;-16;-18;-15;-19;-15;-20;-14;-22;-13;-22;-12;-23;-11;-23;-10;-24;-9;-24;-8;-25;-7;-25;-7;-25;-7;-25;-6;-24;-5;-24;-5;-24;-4;-25;-4;-26;-4;-26;-4;-26;-4;-25;-3;-24;86;0;21;-3;21;-3;20;-4;19;-5;18;-6;18;-7;18;-7;17;-8;16;-8;15;-9;14;-10;14;-11;14;-12;14;-12;14;-13;14;-13;14;-13;14;-13;14;-13;14;-13;14;-14;14;-14;14;-13;15;-13;15;-13;16;-12;16;-11;17;-11;6;-4;1;-1;-1;0;-1;-1;-1;-1;1;0;3;2;9;6;9;5;9;5;9;5;10;5;10;5;11;6;11;6;11;6;12;5;12;5;13;5;14;5;14;5;14;5;14;5;14;4;15;3;16;2;17;2;18;2;19;2;19;2;19;1;20;0;20;-1;21;-2;21;-3,stable,EXP_S141,ZONE_02,entree_zone,4.1,entree_zone,entree dans la zone
1960585462,-53,6,a0:9f:7a:73:2b:3e,384,-110;-96;8;0;-34;-8;-37;-8;-37;-7;-36;-6;-33;-4;-30;-2;-25;1;-20;3;-14;5;-8;7;-3;9;3;10;8;11;13;11;17;11;20;10;23;10;24;9;25;7;25;5;24;3;22;0;20;-2;18;-5;15;-6;3;-2;0;0;0;0;0;0;0;0;0;0;0;0;0;0;0;0;0;0;-5;5;-20;21;-23;21;-26;19;-28;16;-27;12;-25;8;-21;3;-15;-1;-8;-4;0;-7;8;-9;16;-10;24;-10;30;-9;35;-7;38;-6;39;-4;38;-3;36;-2;32;-1;26;-1;19;-2;10;-2;1;-3;-7;-4;-14;-5;114;0;-13;11;-13;11;-12;11;-12;10;-10;10;-9;9;-8;8;-7;8;-7;7;-7;7;-6;7;-6;7;-5;7;-4;7;-4;6;-4;6;-4;5;-4;5;-4;6;-4;6;-3;6;-3;5;-3;5;-3;4;-3;4;-3;4;-4;4;-4;5;-2;1;-1;0;0;-1;0;-2;0;-1;-1;1;-1;6;-3;17;-4;18;-5;18;-6;18;-7;18;-8;18;-9;17;-10;18;-11;18;-12;18;-13;18;-13;17;-14;17;-14;16;-14;15;-15;15;-15;15;-15;15;-15;15;-14;14;-14;14;-15;13;-15;13;-15;13;-15;13;-15;14;-14;14;-14;14;114;0;-9;-22;-10;-21;-10;-20;-11;-19;-12;-18;-12;-17;-13;-16;-14;-15;-14;-14;-14;-13;-15;-12;-15;-12;-16;-11;-16;-10;-17;-10;-17;-10;-17;-10;-17;-10;-17;-10;-17;-10;-17;-9;-17;-9;-17;-9;-17;-10;-17;-10;-17;-11;-16;-11;-16;-12;-6;-5;-2;-2;0;0;-1;0;-1;0;0;-2;1;-4;2;-12;2;-11;2;-11;1;-12;2;-12;2;-13;2;-14;2;-14;2;-14;1;-15;1;-15;0;-16;0;-17;0;-17;0;-17;0;-17;0;-17;-1;-18;-2;-18;-3;-19;-3;-20;-4;-21;-4;-21;-5;-21;-6;-21;-7;-21;-9;-22;-9;-22,stable,EXP_S141,ZONE_02,entree_zone,4.1,entree_zone,entree dans la zone
1960782535,-53,6,a0:9f:7a:73:2b:3e,384,-110;-96;8;0;-35;5;-37;7;-37;8;-36;9;-32;9;-28;10;-22;11;-17;11;-11;10;-4;9;2;8;7;6;12;3;17;1;20;-2;23;-5;25;-7;25;-9;24;-11;23;-12;21;-14;18;-14;14;-15;10;-15;7;-15;1;-4;0;0;0;0;0;0;0;0;0;0;0;0;0;0;0;0;0;0;-6;5;-24;19;-27;18;-29;16;-30;13;-30;10;-27;6;-23;2;-17;-2;-9;-6;-1;-9;8;-11;16;-12;24;-13;30;-12;35;-12;38;-11;39;-10;39;-9;36;-8;32;-7;26;-6;19;-4;10;-3;2;-2;-8;0;-15;1;104;0;-5;17;-5;17;-5;17;-4;16;-4;15;-3;14;-3;12;-3;11;-3;11;-3;10;-2;10;-2;9;-1;9;-1;8;-1;8;-1;7;-1;7;-1;7;-1;7;-1;7;0;7;0;6;-1;6;-1;5;-1;5;-2;5;-2;6;-2;6;-1;2;-1;0;0;-1;-1;-1;-1;-1;1;1;4;5;11;15;10;16;10;17;9;18;8;18;7;19;6;20;5;21;4;22;3;22;3;23;1;23;0;22;-1;22;-2;22;-3;22;-3;22;-3;22;-3;22;-3;21;-3;21;-4;20;-4;20;-4;21;-5;21;-5;21;-4;20;-4;20;104;0;-19;-13;-19;-13;-18;-12;-18;-11;-18;-9;-19;-8;-19;-7;-19;-7;-18;-6;-18;-5;-18;-5;-18;-4;-18;-3;-19;-2;-19;-2;-19;-2;-19;-2;-19;-2;-19;-2;-19;-1;-19;-1;-19;-2;-19;-2;-19;-3;-19;-3;-19;-4;-19;-5;-19;-6;-7;-2;-2;-1;0;0;0;0;0;0;-1;-2;-2;-4;-6;-10;-6;-10;-6;-10;-6;-10;-7;-11;-7;-11;-7;-12;-7;-12;-8;-12;-8;-12;-9;-12;-9;-13;-10;-14;-10;-14;-10;-15;-10;-15;-10;-14;-11;-14;-12;-14;-13;-14;-14;-14;-15;-15;-15;-15;-16;-14;-16;-14;-17;-14;-18;-14;-19;-14,stable,EXP_S141,ZONE_02,entree_zone,4.1,entree_zone,entree dans la zone
1960988422,-54,6,a0:9f:7a:73:2b:3e,384,-110;-96;8;0;-27;-26;-30;-27;-30;-27;-30;-24;-29;-21;-26;-16;-23;-11;-19;-6;-15;-1;-10;3;-5;7;0;10;6;13;11;15;15;16;19;16;21;16;23;14;25;12;25;10;24;7;22;4;20;1;17;-2;15;-5;3;-2;0;0;0;0;0;0;0;0;0;0;0;0;0;0;0;0;0;0;-8;-3;-31;-11;-31;-14;-31;-17;-29;-20;-26;-21;-21;-21;-15;-19;-8;-16;-1;-11;7;-6;14;1;19;7;24;14;28;19;30;24;31;27;31;29;29;29;27;27;24;24;19;19;14;14;8;7;1;0;-6;-7;-11;-12;95;0;-38;9;-37;9;-36;9;-34;9;-32;9;-29;9;-26;8;-24;7;-23;6;-22;6;-21;6;-20;7;-19;8;-17;8;-16;7;-16;6;-16;6;-16;6;-16;6;-16;7;-15;7;-13;7;-12;6;-12;5;-12;4;-13;3;-14;3;-14;3;-6;1;-2;0;0;-1;0;-3;0;-2;-2;4;-6;13;-16;37;-18;37;-21;36;-23;36;-26;35;-28;34;-31;32;-34;31;-37;31;-39;30;-40;29;-41;27;-42;25;-42;23;-43;21;-43;20;-44;19;-44;18;-44;18;-43;17;-42;16;-42;14;-43;14;-44;13;-44;13;-44;14;-43;14;-42;14;95;0;2;-48;1;-47;0;-45;-2;-43;-5;-42;-7;-41;-8;-40;-10;-39;-11;-38;-12;-37;-13;-36;-15;-35;-17;-34;-18;-34;-19;-34;-19;-35;-19;-35;-19;-35;-19;-34;-19;-34;-20;-34;-20;-34;-20;-35;-19;-35;-18;-36;-16;-37;-14;-37;-13;-38;-5;-14;-1;-5;0;1;-1;1;-1;0;1;-3;4;-8;11;-21;11;-21;11;-21;11;-22;11;-23;12;-24;13;-24;14;-24;14;-25;13;-25;12;-27;12;-29;13;-31;13;-32;14;-32;14;-32;13;-32;12;-34;11;-35;10;-38;10;-40;10;-41;10;-42;9;-42;7;-43;5;-45;3;-46;2;-48,stable,EXP_S141,ZONE_02,entree_zone,4.1,entree_zone,entree dans la zone
1961182981,-54,6,a0:9f:7a:73:2b:3e,384,-110;-96;8;0;-10;-36;-11;-37;-12;-37;-12;-34;-13;-30;-13;-25;-13;-19;-12;-13;-11;-6;-10;0;-8;6;-6;11;-4;15;-1;19;2;22;4;24;7;25;9;25;11;24;12;22;13;19;14;16;14;12;14;8;14;5;3;1;0;0;0;0;0;0;0;0;0;0;0;0;0;0;0;0;0;0;-6;-5;-24;-18;-24;-21;-23;-24;-20;-26;-16;-26;-12;-24;-7;-21;-1;-15;4;-9;8;-1;12;7;14;15;16;22;17;28;16;33;16;36;15;36;13;36;12;33;10;29;7;23;5;15;2;7;-1;-2;-3;-11;-5;-18;100;0;-17;-9;-16;-9;-16;-9;-15;-9;-14;-8;-12;-7;-11;-7;-10;-6;-10;-6;-9;-6;-9;-5;-9;-5;-9;-4;-8;-4;-7;-4;-7;-4;-7;-4;-7;-4;-7;-4;-7;-3;-7;-3;-6;-3;-6;-3;-5;-3;-5;-3;-5;-4;-5;-4;-5;-4;-2;-2;-1;-1;0;0;0;-1;0;-1;-2;1;-6;4;-15;11;-16;10;-17;9;-19;8;-19;7;-20;6;-21;5;-22;4;-23;2;-23;1;-24;0;-24;-1;-23;-2;-23;-3;-23;-4;-22;-5;-22;-5;-22;-6;-22;-6;-21;-7;-21;-7;-20;-8;-20;-8;-20;-9;-20;-9;-20;-9;-20;-9;-19;-9;100;0;13;-18;13;-18;12;-18;11;-18;10;-18;9;-18;8;-18;7;-18;7;-18;6;-18;5;-18;4;-18;4;-18;3;-19;3;-19;3;-19;3;-19;3;-19;3;-19;3;-19;4;-19;4;-19;4;-19;5;-19;5;-18;6;-18;7;-18;8;-18;3;-7;1;-2;-1;0;-1;0;-1;0;1;-1;3;-2;9;-6;9;-6;9;-6;9;-6;10;-7;10;-7;10;-7;11;-7;11;-7;11;-8;11;-8;12;-9;12;-9;13;-9;13;-10;13;-10;13;-10;13;-11;13;-12;13;-12;13;-13;14;-14;14;-14;14;-15;14;-16;14;-17;13;-17;13;-18,stable,EXP_S141,ZONE_02,entree_zone,4.1,entree_zone,entree dans la zone
1961388206,-55,6,a0:9f:7a:73:2b:3e,384,-110;-96;8;0;11;35;12;36;12;34;13;31;13;26;13;21;12;15;10;8;8;2;6;-4;3;-9;0;-14;-3;-17;-6;-20;-9;-22;-12;-22;-15;-22;-16;-21;-18;-19;-18;-16;-18;-13;-18;-9;-17;-5;-16;-1;-14;1;-4;0;0;0;0;0;0;0;0;0;0;0;0;0;0;0;0;0;0;0;3;6;14;25;12;27;10;28;7;29;4;27;0;24;-3;19;-6;12;-9;5;-11;-3;-12;-11;-13;-19;-12;-26;-12;-32;-11;-36;-10;-38;-9;-38;-7;-36;-6;-33;-5;-28;-4;-22;-2;-14;0;-6;2;3;4;12;6;18;96;0;16;8;15;8;15;8;14;7;13;7;12;6;11;6;10;6;9;5;9;5;9;4;8;4;8;3;7;3;7;3;7;3;6;3;6;3;6;2;6;2;6;2;5;2;5;2;5;2;5;2;5;2;5;3;5;3;1;1;0;0;-1;-1;-1;0;-1;0;1;-2;5;-4;15;-10;16;-9;17;-8;18;-7;19;-6;19;-5;20;-4;21;-3;21;-2;22;-1;22;0;22;1;22;3;21;4;21;4;21;5;21;6;20;6;20;6;20;6;20;7;19;7;19;8;19;8;19;8;19;8;18;8;18;8;96;0;-11;18;-10;17;-10;17;-9;17;-8;17;-7;17;-6;17;-5;17;-4;17;-3;17;-3;17;-2;17;-1;17;0;17;0;17;0;17;0;18;0;18;0;18;0;18;0;18;0;18;0;18;-1;18;-1;17;-2;17;-3;17;-4;17;-2;6;-1;1;0;-1;0;-1;0;-1;-2;0;-4;1;-10;4;-10;4;-9;4;-9;4;-10;4;-10;5;-10;5;-11;5;-11;6;-11;6;-11;7;-12;7;-12;8;-12;8;-13;8;-12;8;-12;9;-12;9;-12;10;-12;11;-13;12;-13;13;-13;14;-13;14;-12;15;-12;16;-11;17;-11;17,stable,EXP_S141,ZONE_02,entree_zone,4.1,entree_zone,entree dans la zone
1961587069,-55,6,a0:9f:7a:73:2b:3e,384,-110;-96;8;0;34;16;35;16;34;14;32;11;28;8;23;4;17;1;11;-3;5;-5;-2;-8;-8;-9;-13;-9;-18;-8;-22;-7;-25;-6;-27;-4;-28;-2;-27;1;-26;3;-24;5;-21;7;-17;9;-12;10;-7;11;-4;12;-1;3;0;0;0;0;0;0;0;0;0;0;0;0;0;0;0;0;0;0;6;3;25;14;24;16;24;18;21;20;18;20;13;19;7;16;1;13;-5;8;-12;2;-18;-3;-23;-9;-26;-14;-29;-19;-31;-22;-31;-24;-31;-24;-29;-23;-25;-21;-20;-18;-15;-14;-8;-9;-1;-4;7;1;14;6;20;9;96;0;17;-10;17;-10;16;-10;15;-9;14;-9;12;-8;11;-7;11;-7;11;-6;10;-6;10;-6;9;-7;8;-6;7;-6;6;-5;6;-5;7;-4;7;-5;7;-5;6;-5;5;-5;5;-5;4;-4;5;-3;5;-3;6;-4;6;-4;6;-4;2;-2;0;-1;-1;0;-1;1;-1;0;-1;-2;0;-7;2;-19;3;-19;4;-19;5;-19;6;-19;7;-19;9;-19;10;-19;11;-19;12;-19;13;-19;13;-18;14;-17;15;-16;16;-15;16;-15;17;-15;17;-15;16;-15;16;-14;16;-13;17;-13;18;-13;18;-13;18;-13;18;-13;17;-13;17;-13;96;0;12;16;12;16;12;14;13;13;13;12;14;12;14;11;14;11;14;10;14;9;14;8;15;6;15;6;16;5;17;5;17;6;17;6;17;5;17;5;17;5;17;5;17;5;17;5;17;6;17;6;16;7;16;7;16;8;5;3;1;1;-1;-1;0;-1;0;-1;-1;1;-1;3;-2;9;-2;9;-2;9;-1;9;-1;10;-1;11;-1;11;-1;11;-1;11;0;11;1;12;1;13;1;14;1;14;1;14;1;14;2;14;3;14;4;14;5;15;6;16;6;16;6;16;7;16;8;16;10;16;11;16;12;16,stable,EXP_S141,ZONE_02,entree_zone,4.1,entree_zone,entree dans la zone
1961787178,-54,6,a0:9f:7a:73:2b:3e,384,-110;-96;8;0;21;-35;21;-36;19;-35;16;-33;12;-29;7;-25;3;-20;-1;-14;-5;-8;-8;-2;-11;4;-13;10;-14;15;-14;19;-13;23;-12;25;-10;27;-8;27;-5;26;-2;25;0;22;3;19;6;16;8;12;10;9;2;2;0;0;0;0;0;0;0;0;0;0;0;0;0;0;0;0;0;0;1;-8;8;-29;10;-30;13;-29;16;-27;17;-23;17;-18;15;-11;12;-4;8;3;4;11;-2;17;-7;23;-13;28;-17;31;-21;33;-23;33;-24;32;-23;30;-21;26;-18;21;-13;15;-8;8;-3;0;3;-7;8;-15;12;-20;101;0;-6;-20;-6;-20;-6;-19;-6;-18;-6;-16;-5;-15;-4;-14;-4;-13;-3;-13;-3;-12;-4;-12;-4;-11;-4;-10;-4;-9;-3;-9;-3;-9;-3;-9;-3;-9;-3;-9;-3;-8;-3;-7;-3;-7;-2;-6;-2;-6;-2;-7;-2;-7;-2;-7;-2;-8;-1;-3;-1;-1;0;0;1;0;0;0;-3;-1;-7;-1;-19;-3;-19;-4;-19;-6;-19;-7;-19;-8;-19;-10;-19;-11;-19;-13;-19;-14;-18;-15;-18;-16;-17;-17;-16;-17;-15;-18;-14;-19;-14;-19;-13;-20;-13;-20;-13;-20;-12;-20;-11;-20;-10;-20;-10;-21;-10;-22;-10;-22;-10;-21;-9;-21;-9;-20;101;0;20;-9;19;-10;19;-10;18;-11;17;-12;16;-12;16;-12;15;-13;14;-13;13;-13;12;-14;11;-14;11;-15;11;-16;11;-16;12;-16;12;-16;12;-16;12;-16;11;-16;11;-16;12;-16;12;-16;12;-15;13;-15;13;-14;14;-13;14;-13;5;-5;1;-2;-1;0;-1;-1;-1;-1;1;0;3;0;9;1;9;1;9;1;10;0;10;0;11;0;11;1;12;1;12;0;12;0;13;-1;14;-1;14;-1;15;-1;15;-1;15;-1;15;-1;15;-2;16;-3;17;-4;18;-4;19;-5;19;-5;19;-6;19;-7;19;-8;20;-9;20;-10,stable,EXP_S141,ZONE_02,entree_zone,4.1,entree_zone,entree dans la zone
1961986502,-55,6,a0:9f:7a:73:2b:3e,384,-110;-96;8;0;15;-36;15;-37;13;-35;10;-33;7;-29;3;-24;0;-18;-4;-13;-7;-7;-10;-1;-12;5;-13;10;-13;15;-13;19;-12;22;-11;24;-9;26;-7;26;-5;25;-2;23;1;21;4;18;6;15;9;11;10;9;2;2;0;0;0;0;0;0;0;0;0;0;0;0;0;0;0;0;0;0;-1;-7;-3;-29;-1;-30;2;-30;5;-28;7;-25;9;-20;10;-14;10;-6;8;2;6;10;3;17;-1;24;-4;29;-8;33;-11;35;-13;36;-14;35;-14;32;-13;28;-11;23;-8;16;-5;8;-1;0;3;-8;7;-16;9;-22;99;0;-7;-18;-7;-18;-7;-17;-7;-16;-6;-14;-6;-13;-5;-12;-5;-12;-5;-11;-5;-11;-5;-10;-5;-9;-5;-8;-4;-8;-4;-7;-4;-7;-4;-7;-4;-7;-4;-7;-4;-7;-4;-6;-4;-5;-3;-5;-3;-5;-3;-5;-3;-6;-3;-6;-4;-6;-2;-3;-1;-1;0;0;1;0;0;0;-2;-1;-7;-3;-18;-7;-17;-8;-17;-9;-17;-10;-17;-11;-16;-12;-16;-13;-16;-14;-16;-15;-16;-16;-15;-17;-14;-17;-14;-18;-13;-18;-12;-19;-12;-19;-11;-19;-11;-19;-11;-19;-10;-19;-10;-19;-9;-19;-9;-19;-10;-20;-10;-20;-10;-19;-9;-19;-9;-19;99;0;18;-12;18;-12;17;-13;16;-14;15;-14;14;-15;13;-15;12;-15;12;-15;10;-16;9;-16;8;-16;8;-17;7;-18;7;-18;7;-18;7;-18;7;-18;7;-18;6;-18;6;-18;6;-18;6;-18;6;-18;7;-18;7;-18;8;-17;9;-17;3;-6;1;-2;-1;0;-1;-1;-1;-1;0;0;3;1;8;3;8;2;8;2;9;1;10;1;10;1;11;1;11;1;11;1;11;0;12;-1;13;-1;14;-1;14;-1;14;-1;14;-1;14;-2;15;-3;15;-4;16;-5;17;-5;18;-6;18;-7;18;-8;18;-9;18;-10;18;-11;19;-12,stable,EXP_S141,ZONE_02,entree_zone,4.1,entree_zone,entree dans la zone
1962190294,-55,6,a0:9f:7a:73:2b:3e,384,-110;-96;8;0;-8;38;-7;38;-6;37;-4;33;-2;29;0;23;3;17;5;11;7;4;9;-2;10;-7;11;-13;11;-17;11;-21;10;-24;9;-26;7;-27;5;-27;3;-26;0;-25;-2;-22;-5;-20;-7;-16;-10;-13;-11;-10;-3;-3;0;0;0;0;0;0;0;0;0;0;0;0;0;0;0;0;0;0;4;5;16;22;15;24;12;26;9;26;5;24;1;21;-2;16;-6;9;-8;1;-10;-7;-10;-15;-10;-23;-8;-29;-6;-34;-5;-37;-3;-38;-2;-38;0;-36;0;-32;1;-26;0;-19;0;-10;-1;-1;-2;8;-4;17;-5;23;99;0;12;13;11;13;11;12;10;11;10;10;9;9;8;9;7;8;6;8;6;8;6;7;6;6;6;5;5;5;5;5;4;5;4;5;4;5;5;4;5;4;4;3;4;3;3;3;3;3;3;4;3;4;4;4;4;4;1;1;0;0;-1;-1;-2;0;-1;0;1;-1;6;-2;17;-4;17;-3;18;-2;18;-1;18;0;18;1;19;3;19;4;19;5;20;6;20;7;19;8;19;8;18;9;18;10;17;11;17;11;17;11;17;11;16;11;16;12;15;12;15;13;15;13;15;13;15;13;15;13;14;12;99;0;-14;17;-13;17;-12;17;-11;17;-10;18;-9;18;-8;18;-8;18;-7;18;-6;17;-5;17;-4;18;-3;18;-3;18;-3;19;-3;19;-2;19;-2;19;-2;19;-2;19;-2;19;-2;19;-3;19;-3;19;-4;19;-4;18;-5;18;-6;18;-3;6;-1;1;0;-1;0;-1;0;-1;-2;0;-4;0;-10;2;-9;2;-9;2;-10;3;-10;3;-11;3;-11;3;-12;3;-12;4;-12;5;-12;6;-13;6;-13;6;-14;7;-14;7;-14;7;-14;7;-14;8;-14;10;-14;11;-15;12;-15;12;-15;13;-15;14;-14;14;-14;16;-14;17;-14;17,stable,EXP_S141,ZONE_02,entree_zone,4.1,entree_zone,entree dans la zone
1962391972,-55,6,a0:9f:7a:73:2b:3e,384,-110;-96;8;0;7;-41;6;-41;5;-39;3;-35;1;-31;-2;-25;-4;-18;-6;-11;-7;-4;-8;3;-8;9;-8;15;-7;20;-5;24;-3;26;-1;28;1;28;3;27;5;25;7;23;9;19;10;15;12;11;12;6;13;3;3;0;0;0;0;0;0;0;0;0;0;0;0;0;0;0;0;0;0;0;-1;-8;-2;-30;0;-31;2;-31;5;-30;8;-26;9;-21;10;-15;10;-7;9;1;7;10;4;18;1;25;-2;30;-5;34;-8;37;-10;38;-10;37;-11;34;-10;30;-9;24;-7;17;-5;9;-2;-1;0;-10;2;-18;4;-25;98;0;-9;-19;-9;-18;-9;-18;-8;-17;-8;-16;-7;-14;-6;-13;-6;-13;-5;-13;-5;-12;-5;-12;-5;-11;-5;-10;-4;-9;-4;-8;-3;-8;-3;-9;-4;-9;-4;-8;-4;-8;-4;-7;-4;-6;-3;-6;-3;-6;-2;-7;-2;-7;-2;-7;-2;-7;-1;-3;-1;-1;0;0;1;-1;0;0;-2;0;-7;0;-19;0;-19;-1;-20;-3;-20;-4;-20;-5;-20;-7;-20;-8;-20;-10;-20;-11;-20;-12;-20;-13;-19;-14;-18;-15;-17;-15;-16;-16;-16;-17;-16;-18;-16;-18;-15;-18;-14;-18;-14;-18;-13;-18;-13;-19;-13;-20;-13;-20;-12;-20;-12;-19;-11;-19;98;0;17;-13;17;-14;16;-14;14;-15;14;-15;13;-16;12;-16;12;-16;11;-16;10;-16;9;-16;8;-16;8;-17;8;-18;8;-18;8;-18;8;-18;8;-18;8;-18;8;-18;8;-18;8;-18;9;-18;9;-18;9;-17;10;-17;11;-16;11;-15;4;-6;1;-2;-1;0;-1;0;-1;0;1;-1;3;-1;9;-1;9;-1;9;-2;9;-2;10;-2;11;-2;11;-2;11;-2;11;-2;11;-3;12;-4;13;-4;14;-4;14;-4;14;-4;14;-4;14;-5;14;-6;14;-7;15;-8;16;-8;17;-8;17;-9;17;-9;17;-11;17;-12;17;-13;17;-14,stable,EXP_S141,ZONE_02,entree_zone,4.1,entree_zone,entree dans la zone
1962586392,-54,6,a0:9f:7a:73:2b:3e,384,-110;-96;8;0;16;-39;16;-39;14;-38;11;-35;7;-30;4;-25;0;-19;-3;-12;-6;-5;-9;1;-10;8;-11;13;-11;19;-10;23;-9;26;-7;28;-5;29;-3;28;0;27;3;24;5;21;7;17;9;13;11;8;12;5;3;1;0;0;0;0;0;0;0;0;0;0;0;0;0;0;0;0;0;0;1;-8;7;-29;9;-29;12;-29;14;-27;15;-23;15;-18;14;-11;12;-4;8;4;4;11;-1;18;-6;24;-11;29;-15;32;-18;34;-20;35;-20;34;-20;31;-18;27;-15;22;-12;15;-8;8;-3;-1;2;-10;6;-18;9;-24;101;0;-7;-20;-7;-20;-6;-19;-6;-18;-5;-17;-5;-16;-4;-15;-4;-14;-4;-14;-4;-13;-4;-13;-4;-12;-3;-11;-3;-10;-3;-10;-2;-9;-2;-9;-2;-9;-2;-9;-2;-8;-2;-8;-2;-7;-2;-7;-1;-7;-1;-7;-1;-7;-1;-7;-1;-7;-1;-3;-1;-1;0;0;1;0;0;0;-3;0;-7;-1;-19;-3;-19;-4;-19;-5;-20;-7;-19;-8;-19;-9;-19;-11;-19;-12;-19;-13;-19;-14;-18;-15;-17;-16;-16;-17;-15;-18;-14;-19;-14;-19;-13;-20;-13;-20;-13;-20;-12;-20;-12;-20;-11;-21;-11;-21;-11;-21;-10;-22;-10;-22;-10;-22;-9;-21;101;0;19;-12;18;-12;18;-12;17;-12;16;-13;15;-13;14;-14;14;-14;13;-14;12;-15;11;-15;11;-15;11;-16;10;-16;11;-17;11;-17;11;-17;11;-17;11;-17;11;-17;11;-17;11;-17;11;-16;12;-16;12;-16;13;-15;14;-14;14;-14;5;-5;1;-2;-1;0;-1;-1;-1;-1;1;0;3;0;9;0;9;0;9;0;9;0;10;0;11;-1;11;-1;11;-1;12;-1;12;-2;13;-2;14;-2;14;-2;15;-2;15;-2;15;-2;15;-3;15;-4;16;-4;16;-5;17;-6;17;-6;18;-7;18;-8;18;-9;18;-10;19;-10;19;-11,stable,EXP_S141,ZONE_02,entree_zone,4.1,entree_zone,entree dans la zone
1962785499,-54,6,a0:9f:7a:73:2b:3e,384,-110;-96;8;0;-22;35;-22;36;-20;35;-17;32;-13;28;-8;24;-3;18;1;12;5;6;8;0;11;-6;12;-11;13;-16;14;-20;13;-24;12;-26;10;-28;8;-28;5;-27;2;-26;-1;-23;-4;-20;-6;-17;-9;-13;-11;-10;-3;-3;0;0;0;0;0;0;0;0;0;0;0;0;0;0;0;0;0;0;-2;7;-7;28;-10;28;-13;27;-15;25;-16;21;-16;16;-15;10;-12;3;-9;-5;-4;-13;1;-19;6;-25;11;-30;15;-33;18;-34;21;-35;21;-33;21;-31;19;-27;15;-22;11;-16;6;-8;1;0;-4;8;-10;15;-14;21;98;0;4;20;3;19;3;18;3;17;3;16;3;14;2;13;2;13;1;12;1;11;2;11;2;10;2;9;2;8;2;8;1;8;1;8;1;8;2;7;2;7;2;6;2;6;2;5;1;5;1;6;1;6;1;6;1;6;0;2;0;0;-1;-1;-2;-1;-1;-1;1;0;6;1;17;5;17;6;17;8;17;9;16;10;16;11;16;13;15;14;15;16;15;17;14;17;13;18;12;18;12;19;11;19;10;20;10;20;9;20;9;20;8;20;8;20;7;20;7;21;7;21;7;21;6;21;6;21;6;20;98;0;-22;8;-21;9;-20;9;-19;10;-18;11;-18;11;-17;12;-17;12;-16;12;-15;12;-14;13;-14;13;-13;14;-13;15;-13;15;-13;15;-13;16;-13;15;-12;15;-12;15;-12;15;-12;15;-13;15;-13;14;-13;14;-14;13;-15;13;-15;12;-6;4;-2;1;0;-1;0;0;0;0;-2;-1;-4;-1;-10;-3;-10;-3;-10;-3;-10;-3;-11;-2;-11;-2;-12;-3;-12;-2;-12;-2;-13;-2;-13;-1;-14;-1;-15;-1;-15;-1;-16;-1;-16;-1;-16;0;-17;1;-17;1;-18;2;-19;2;-20;3;-20;3;-20;4;-20;5;-21;6;-21;7;-22;8,stable,EXP_S141,ZONE_02,entree_zone,4.1,entree_zone,entree dans la zone
1962983898,-54,6,a0:9f:7a:73:2b:3e,384,-110;-96;8;0;-7;42;-7;42;-6;40;-4;36;-2;31;1;26;4;19;7;13;9;6;11;0;12;-6;13;-12;14;-16;14;-20;13;-23;12;-26;11;-27;9;-27;6;-27;4;-26;1;-24;-2;-21;-5;-19;-7;-16;-9;-13;-3;-3;0;0;0;0;0;0;0;0;0;0;0;0;0;0;0;0;0;0;5;4;23;17;21;19;19;22;15;23;11;22;6;19;1;15;-4;9;-8;1;-12;-7;-14;-15;-14;-23;-14;-30;-13;-35;-11;-38;-9;-40;-8;-39;-6;-37;-4;-32;-3;-26;-3;-19;-2;-10;-2;0;-3;10;-4;19;-4;25;114;0;12;13;12;13;12;12;11;11;10;10;9;9;8;9;7;8;7;8;7;7;7;7;7;6;6;5;6;4;5;4;5;4;5;4;5;4;5;4;5;3;5;3;4;2;4;2;4;3;4;3;4;3;4;3;4;3;1;1;0;0;-1;-1;-2;0;-1;0;1;-1;6;-2;17;-4;18;-3;18;-2;19;-1;19;1;19;2;19;3;20;4;20;6;20;6;20;7;20;8;19;9;18;10;18;11;18;12;18;12;18;12;17;12;17;12;16;12;16;13;16;13;16;14;16;14;16;14;15;13;14;13;114;0;-15;20;-14;20;-13;20;-12;20;-11;20;-10;20;-9;20;-8;20;-7;20;-6;19;-5;19;-4;19;-4;20;-3;20;-3;20;-3;20;-3;20;-3;20;-2;20;-2;20;-2;20;-2;20;-3;20;-3;19;-4;19;-4;19;-5;19;-6;18;-3;6;-1;2;0;-1;0;-1;0;-1;-1;0;-4;0;-9;2;-9;2;-9;3;-10;3;-10;4;-11;4;-11;5;-12;5;-12;5;-12;6;-12;7;-13;8;-14;8;-15;8;-15;8;-15;8;-14;9;-14;10;-14;11;-15;13;-15;14;-16;14;-16;15;-16;16;-15;17;-15;18;-15;19;-15;20,stable,EXP_S141,ZONE_02,entree_zone,4.1,entree_zone,entree dans la zone
1963184149,-54,6,a0:9f:7a:73:2b:3e,384,-110;-96;8;0;26;33;26;33;26;30;24;26;22;21;20;15;17;9;14;2;10;-4;6;-10;3;-15;-1;-19;-4;-22;-7;-25;-10;-26;-12;-26;-14;-25;-16;-24;-17;-21;-18;-18;-18;-15;-18;-11;-17;-7;-17;-3;-16;0;-4;0;0;0;0;0;0;0;0;0;0;0;0;0;0;0;0;0;0;0;7;-1;29;-2;30;1;29;4;27;7;23;9;17;11;10;10;2;9;-6;6;-14;3;-21;-2;-27;-7;-31;-12;-34;-17;-35;-21;-35;-23;-33;-23;-29;-22;-25;-20;-20;-16;-14;-11;-7;-5;0;2;6;9;12;16;16;21;104;0;18;5;17;5;16;5;15;5;14;4;13;4;12;4;11;4;10;3;10;3;9;2;9;2;8;1;7;1;7;1;6;1;6;1;6;1;6;0;6;0;5;0;5;0;5;0;5;0;5;0;5;0;5;0;5;0;2;0;0;0;-1;0;-1;0;-1;0;1;-2;5;-4;15;-11;16;-10;16;-9;17;-8;18;-7;19;-6;20;-5;20;-5;21;-4;22;-3;22;-2;22;-1;22;0;22;1;22;1;22;2;21;2;21;3;21;3;21;3;21;4;20;4;20;4;20;5;20;5;20;5;20;5;20;5;104;0;-2;24;-2;24;-1;24;1;23;2;23;3;22;3;21;4;21;5;20;5;19;6;19;7;18;7;18;8;18;9;18;9;18;9;18;9;18;10;18;10;18;9;17;9;17;9;17;9;17;8;17;7;17;7;18;6;18;2;6;0;2;-1;-1;0;-1;0;-1;-1;0;-3;2;-7;6;-7;6;-7;7;-7;7;-7;7;-7;8;-8;9;-8;9;-8;10;-8;11;-8;12;-8;12;-8;13;-8;13;-8;14;-8;14;-8;15;-7;15;-7;17;-7;18;-6;19;-6;20;-6;20;-5;21;-4;22;-4;23;-3;24;-3;25,stable,EXP_S141,ZONE_02,entree_zone,4.1,entree_zone,entree dans la zone
