timestamp_us,rssi,channel,mac,csi_len,csi_data,experiment_id,zone_id,scenario,distance_tx_rx_m,ground_truth,comment,marker_state
1215252268,-56,6,a0:9f:7a:73:2b:3e,384,-110;-96;8;0;-9;-25;-11;-27;-13;-27;-14;-26;-15;-25;-17;-22;-18;-20;-20;-17;-21;-13;-21;-10;-21;-6;-21;-2;-20;2;-19;6;-18;10;-17;14;-16;18;-15;21;-15;24;-14;27;-14;29;-13;30;-12;29;-11;29;-11;29;-3;7;0;0;0;0;0;0;0;0;0;0;0;0;0;0;0;0;0;0;-2;6;-9;26;-13;28;-18;28;-23;26;-26;22;-27;18;-26;12;-22;6;-17;2;-10;-2;-2;-5;6;-6;14;-5;21;-2;26;1;29;4;31;6;31;8;29;9;26;10;23;8;19;6;14;2;9;-3;4;-8;1;-11;-128;0;-16;10;-16;10;-15;10;-13;10;-11;10;-8;10;-5;9;-4;8;-3;7;-2;7;-2;8;-1;9;1;10;3;10;4;9;4;8;3;8;2;9;2;9;2;10;3;11;4;10;5;9;5;8;3;7;2;8;1;8;0;10;-1;3;-1;1;-1;-1;1;-2;0;-1;-2;3;-7;11;-20;30;-22;30;-24;30;-26;29;-27;28;-28;27;-29;25;-30;24;-32;23;-33;22;-34;22;-34;21;-33;20;-33;18;-33;16;-32;15;-32;14;-32;15;-31;15;-29;14;-28;14;-27;13;-26;12;-26;12;-26;13;-24;13;-22;13;-21;13;-128;0;0;-45;0;-45;-2;-45;-5;-44;-7;-43;-10;-43;-13;-42;-15;-41;-17;-41;-19;-40;-21;-39;-23;-38;-25;-38;-27;-38;-29;-39;-30;-39;-31;-40;-32;-41;-32;-41;-32;-42;-32;-42;-32;-42;-32;-42;-31;-43;-30;-45;-28;-46;-26;-48;-24;-49;-9;-18;-3;-6;0;1;-2;0;-1;0;3;-2;10;-4;28;-10;28;-9;27;-9;27;-9;27;-10;27;-10;28;-11;28;-11;27;-10;26;-11;25;-12;25;-14;24;-16;24;-17;24;-18;23;-18;22;-19;20;-21;18;-23;17;-26;16;-29;15;-32;14;-33;13;-35;11;-37;8;-39;6;-41;5;-42,empty,EXP_S154,ZONE_02,sortie_zone,4.1,sortie_zone,sortie de la zone
1215452263,-55,6,a0:9f:7a:73:2b:3e,384,-110;-96;8;0;-19;-14;-23;-14;-25;-14;-27;-13;-28;-12;-28;-10;-28;-9;-27;-7;-26;-4;-25;-2;-23;1;-21;3;-18;6;-15;9;-12;13;-10;17;-8;20;-6;24;-5;27;-5;29;-5;30;-5;31;-5;31;-5;31;-5;30;-2;7;0;0;0;0;0;0;0;0;0;0;0;0;0;0;0;0;0;0;3;4;15;20;14;23;11;27;8;30;4;31;0;29;-4;26;-6;20;-7;14;-6;7;-3;0;1;-6;6;-11;11;-14;16;-16;20;-17;24;-17;25;-16;25;-15;24;-13;22;-12;18;-11;13;-11;8;-10;2;-11;-2;-11;-124;0;-2;18;-2;17;-1;17;0;16;2;15;4;14;5;12;6;10;6;9;7;8;8;8;9;8;10;8;11;7;12;6;11;5;11;5;10;6;10;7;11;7;12;7;12;6;12;5;11;5;10;5;9;6;8;7;8;8;3;3;0;1;-1;-1;0;-3;0;-2;-1;3;-2;11;-7;32;-8;32;-10;32;-11;32;-12;31;-13;31;-13;30;-15;30;-16;29;-17;30;-17;30;-17;29;-17;29;-17;27;-17;26;-17;25;-17;25;-16;25;-14;25;-13;24;-12;23;-11;22;-11;22;-10;22;-9;22;-7;22;-6;22;-4;22;-124;0;-21;-40;-22;-40;-24;-39;-26;-37;-28;-35;-30;-33;-32;-31;-34;-29;-36;-28;-37;-26;-38;-24;-39;-22;-41;-20;-42;-19;-43;-18;-45;-18;-46;-18;-47;-18;-47;-18;-47;-18;-47;-18;-47;-17;-47;-17;-47;-18;-47;-19;-47;-21;-46;-23;-45;-25;-17;-10;-5;-4;1;0;-2;1;-1;0;2;-3;7;-8;21;-20;21;-19;21;-18;21;-18;21;-18;21;-19;21;-20;21;-20;21;-21;20;-21;18;-22;17;-23;15;-24;14;-25;14;-26;13;-26;11;-27;9;-28;6;-29;4;-31;2;-33;-1;-34;-3;-36;-5;-37;-8;-38;-11;-39;-14;-39;-16;-40,empty,EXP_S154,ZONE_02,sortie_zone,4.1,sortie_zone,sortie de la zone
1215652249,-55,6,a0:9f:7a:73:2b:3e,384,-110;-96;8;0;19;-11;22;-13;23;-15;23;-16;21;-18;20;-19;18;-20;15;-21;12;-21;9;-21;5;-20;1;-19;-3;-17;-7;-16;-12;-15;-17;-14;-21;-13;-25;-13;-28;-13;-30;-13;-31;-13;-31;-12;-31;-12;-29;-11;-28;-10;-7;-3;0;0;0;0;0;0;0;0;0;0;0;0;0;0;0;0;0;0;-5;-3;-20;-14;-20;-17;-19;-22;-17;-26;-14;-27;-10;-28;-6;-26;-2;-22;2;-17;4;-10;5;-3;4;4;2;11;-1;16;-4;20;-7;23;-9;25;-11;24;-11;23;-11;21;-10;19;-8;15;-4;11;-1;7;4;3;7;0;-123;0;-11;-16;-11;-16;-12;-15;-12;-14;-13;-12;-13;-9;-13;-7;-12;-5;-12;-4;-12;-4;-13;-3;-14;-3;-15;-1;-15;0;-15;1;-15;1;-14;1;-14;0;-15;0;-15;0;-15;0;-15;1;-14;1;-13;1;-13;0;-13;-1;-13;-3;-13;-4;-5;-2;-2;-1;0;0;1;1;0;1;-3;-3;-7;-10;-18;-28;-17;-29;-16;-31;-15;-32;-14;-32;-13;-32;-12;-33;-11;-33;-10;-34;-9;-35;-9;-35;-8;-35;-8;-34;-7;-33;-6;-32;-6;-31;-5;-31;-6;-31;-6;-30;-7;-29;-7;-27;-7;-26;-8;-26;-8;-25;-9;-25;-10;-24;-11;-22;-12;-21;-123;0;37;5;38;4;38;2;39;0;39;-3;39;-5;40;-8;40;-10;40;-12;40;-14;39;-16;38;-18;38;-20;39;-22;40;-24;41;-25;42;-25;43;-25;43;-25;43;-25;43;-25;43;-25;43;-25;43;-25;44;-24;45;-22;46;-19;47;-17;17;-6;5;-2;-2;0;0;-2;0;-1;-1;3;-3;9;-7;25;-7;25;-7;24;-7;24;-6;24;-6;24;-6;25;-6;25;-5;24;-4;23;-2;23;-1;23;1;23;2;23;4;23;5;22;6;21;8;20;11;19;14;19;17;18;19;18;21;17;23;16;26;14;29;12;31;10;33;9,empty,EXP_S154,ZONE_02,sortie_zone,4.1,sortie_zone,sortie de la zone
1215852092,-54,6,a0:9f:7a:73:2b:3e,384,-110;-96;8;0;10;25;11;26;12;26;13;26;14;24;15;22;16;20;17;17;18;15;18;13;19;10;19;8;20;5;20;2;21;-1;21;-4;22;-7;23;-9;24;-11;25;-13;26;-13;26;-13;27;-13;26;-12;26;-11;6;-3;0;0;0;0;0;0;0;0;0;0;0;0;0;0;0;0;0;0;-6;-4;-23;-15;-22;-18;-20;-23;-16;-26;-12;-27;-7;-25;-3;-22;-1;-16;1;-10;0;-3;-3;4;-8;9;-13;12;-18;14;-23;15;-27;15;-29;13;-30;11;-29;9;-27;8;-23;7;-19;7;-13;8;-8;10;-3;13;0;15;-124;0;13;-8;13;-7;12;-7;10;-7;8;-8;6;-8;4;-7;3;-7;2;-6;1;-6;1;-6;0;-7;-1;-8;-2;-8;-3;-8;-3;-7;-3;-7;-2;-8;-2;-8;-2;-9;-3;-10;-4;-10;-4;-10;-4;-9;-3;-8;-2;-8;-1;-9;0;-10;0;-4;0;-2;0;0;-1;1;-1;0;0;-4;3;-10;11;-28;13;-28;15;-28;16;-27;18;-26;19;-25;20;-24;22;-23;24;-22;25;-22;25;-21;25;-20;25;-18;25;-17;25;-15;25;-14;25;-13;24;-13;24;-13;23;-12;22;-11;21;-11;21;-10;20;-10;20;-10;19;-10;18;-10;17;-10;-124;0;-2;48;-1;47;1;46;3;45;5;44;7;44;10;43;11;43;13;43;14;42;15;41;16;41;18;41;20;41;21;41;22;42;22;43;22;43;22;44;21;44;21;44;20;44;19;44;17;45;16;46;13;47;11;48;9;48;2;17;0;5;-1;-2;1;-2;0;-1;-2;2;-7;7;-18;19;-18;18;-19;18;-19;18;-20;19;-20;20;-21;20;-21;21;-21;21;-21;22;-20;23;-20;23;-20;24;-20;25;-20;26;-19;26;-18;28;-17;29;-16;31;-15;33;-14;35;-13;37;-12;39;-11;40;-10;42;-8;43;-7;45;-6;46,empty,EXP_S154,ZONE_02,sortie_zone,4.1,sortie_zone,sortie de la zone
1216052369,-53,6,a0:9f:7a:73:2b:3e,384,-110;-96;8;0;12;25;13;27;14;28;15;26;15;24;16;21;17;18;18;14;20;11;21;8;22;5;23;2;23;-1;24;-4;24;-6;24;-8;24;-10;23;-13;22;-15;21;-17;21;-19;20;-20;20;-21;20;-21;19;-22;4;-6;0;0;0;0;0;0;0;0;0;0;0;0;0;0;0;0;0;0;-6;-5;-23;-21;-21;-25;-19;-30;-15;-33;-10;-34;-5;-33;-1;-29;1;-23;2;-16;1;-8;-2;-1;-7;6;-14;10;-20;12;-26;13;-31;13;-34;11;-35;9;-35;6;-32;5;-28;4;-23;4;-16;5;-10;7;-4;10;1;13;-124;0;7;-5;7;-5;7;-5;6;-5;5;-5;4;-4;3;-4;2;-3;2;-2;2;-2;1;-2;1;-2;0;-3;-1;-2;-2;-2;-2;-1;-1;-1;-1;-1;-1;-1;-1;-2;-2;-2;-3;-2;-3;-2;-3;-1;-3;-1;-2;-1;-2;-1;-2;-2;-1;-1;-1;-1;0;-1;-1;1;-1;0;0;-2;0;-6;2;-17;3;-18;4;-18;5;-18;6;-18;6;-17;7;-16;9;-16;10;-16;11;-16;11;-16;11;-15;11;-15;11;-14;12;-13;12;-12;13;-12;13;-12;12;-11;11;-11;11;-10;11;-9;11;-8;11;-8;11;-8;10;-8;9;-8;9;-8;-124;0;2;24;2;23;3;23;5;22;6;22;7;22;8;21;9;21;10;21;11;20;12;20;12;19;13;19;14;19;15;19;15;20;15;20;15;20;15;21;15;21;15;21;14;21;14;21;13;21;13;22;12;23;11;23;10;24;3;8;0;2;-1;-1;0;-1;0;-1;-1;1;-4;4;-10;12;-10;12;-10;12;-11;12;-11;13;-11;13;-12;13;-13;13;-13;13;-13;13;-12;14;-12;14;-12;14;-12;15;-12;15;-12;15;-11;15;-10;16;-9;16;-8;17;-7;19;-7;20;-6;20;-5;21;-4;21;-3;22;-2;22;-1;23,empty,EXP_S154,ZONE_02,sortie_zone,4.1,sortie_zone,sortie de la zone
1216252249,-54,6,a0:9f:7a:73:2b:3e,384,-110;-96;8;0;19;13;22;14;24;14;26;12;27;10;27;8;27;5;26;2;25;-1;23;-5;20;-8;17;-10;13;-13;9;-15;4;-18;0;-21;-4;-24;-7;-27;-10;-29;-12;-31;-14;-32;-15;-32;-16;-31;-16;-31;-15;-30;-4;-8;0;0;0;0;0;0;0;0;0;0;0;0;0;0;0;0;0;0;1;-7;9;-26;13;-26;18;-25;22;-22;24;-18;25;-14;23;-8;19;-3;14;2;7;5;0;7;-7;8;-15;8;-21;6;-26;4;-29;1;-31;-1;-31;-2;-29;-4;-27;-4;-23;-4;-18;-2;-12;0;-7;2;-1;5;4;7;120;0;12;-17;12;-16;11;-16;9;-16;6;-17;3;-16;1;-15;-1;-14;-1;-13;-2;-13;-3;-14;-4;-14;-6;-15;-8;-14;-9;-14;-9;-13;-8;-12;-7;-13;-7;-14;-7;-15;-8;-15;-9;-15;-10;-14;-9;-13;-8;-13;-6;-13;-4;-15;-3;-16;-1;-6;0;-2;0;0;-1;2;-1;0;1;-4;5;-13;17;-34;19;-34;21;-33;23;-32;24;-31;25;-30;26;-29;28;-28;29;-27;31;-27;31;-26;31;-25;30;-24;30;-23;29;-22;29;-21;29;-20;28;-20;27;-20;26;-19;25;-19;24;-18;23;-18;22;-18;21;-19;20;-20;18;-20;17;-20;120;0;8;39;10;38;11;38;14;37;16;37;18;36;21;36;23;35;24;35;26;34;27;33;28;33;30;33;32;32;34;33;36;34;36;35;36;36;36;37;35;38;34;38;34;38;34;38;33;39;32;41;30;42;27;44;25;45;8;16;2;5;-2;-2;1;-1;0;-1;-3;1;-7;3;-20;11;-19;10;-18;10;-18;11;-18;12;-19;13;-20;13;-21;13;-20;13;-19;13;-18;14;-18;15;-18;17;-18;18;-18;18;-17;18;-16;19;-14;20;-11;22;-10;24;-9;27;-8;28;-7;29;-5;30;-3;32;-1;33;2;35;4;36,empty,EXP_S154,ZONE_02,sortie_zone,4.1,sortie_zone,sortie de la zone
1216457147,-54,6,a0:9f:7a:73:2b:3e,384,-110;-96;8;0;-9;29;-7;31;-6;32;-4;33;-3;33;-1;33;1;33;3;32;5;30;7;29;8;27;10;25;12;22;14;19;17;17;21;15;24;13;27;13;30;13;32;14;32;14;32;15;31;15;30;16;29;16;7;4;0;0;0;0;0;0;0;0;0;0;0;0;0;0;0;0;0;0;-3;-7;-10;-26;-6;-28;0;-30;5;-28;9;-25;11;-19;11;-13;9;-7;5;-1;-1;3;-7;6;-14;6;-21;5;-26;2;-29;-1;-30;-4;-30;-6;-29;-8;-27;-8;-24;-7;-21;-5;-18;-1;-15;4;-13;9;-11;14;-10;18;-114;0;6;2;6;1;5;1;5;0;4;-1;4;-2;4;-2;3;-3;3;-3;3;-4;3;-4;3;-5;3;-5;3;-6;3;-6;3;-6;3;-6;3;-6;3;-6;3;-5;3;-5;3;-5;3;-5;3;-5;3;-5;4;-4;4;-4;4;-4;1;-2;0;-1;-1;0;-2;-1;-1;-1;1;0;6;1;16;3;16;4;16;5;15;6;15;7;15;8;14;8;14;9;14;9;13;9;13;10;12;10;12;9;11;9;11;9;10;9;10;9;9;9;9;8;9;8;9;7;8;7;8;6;8;6;8;5;7;4;7;4;7;3;-114;0;-21;18;-21;18;-20;19;-20;20;-19;20;-18;21;-17;22;-16;22;-15;23;-14;23;-14;24;-13;24;-13;25;-12;26;-12;26;-13;27;-13;27;-13;27;-13;27;-13;27;-13;26;-14;26;-14;25;-14;25;-15;24;-16;24;-17;23;-18;22;-7;7;-3;2;0;-1;0;0;0;0;-2;-1;-4;-2;-10;-5;-10;-5;-11;-5;-11;-5;-11;-5;-11;-4;-12;-4;-12;-4;-13;-3;-13;-3;-14;-3;-14;-2;-15;-2;-15;-1;-15;-1;-16;0;-16;1;-16;2;-17;3;-17;4;-18;6;-19;7;-19;8;-20;10;-20;11;-21;13;-21;14;-21;15,empty,EXP_S154,ZONE_02,sortie_zone,4.1,sortie_zone,sortie de la zone
1216654874,-54,6,a0:9f:7a:73:2b:3e,384,-110;-96;8;0;-24;0;-28;1;-29;2;-30;3;-29;4;-28;5;-25;6;-22;7;-19;8;-15;9;-12;11;-8;12;-4;13;0;14;4;15;7;16;10;16;12;17;14;17;15;17;15;16;16;15;16;14;16;12;15;11;3;2;0;0;0;0;0;0;0;0;0;0;0;0;0;0;0;0;0;0;6;1;27;8;28;12;29;17;28;21;25;23;21;24;16;23;11;20;7;14;3;8;1;0;1;-8;2;-16;4;-22;7;-27;10;-31;13;-33;15;-34;16;-33;16;-31;14;-28;12;-24;8;-20;3;-16;-2;-11;-7;-9;124;0;4;10;4;10;3;9;4;9;4;8;4;7;4;6;4;5;3;4;3;4;3;4;4;3;4;3;4;2;4;2;4;2;3;2;3;2;3;2;3;2;3;2;3;1;3;1;2;1;2;1;2;1;2;2;2;2;0;0;0;0;-1;-1;-1;-1;-1;-1;1;1;4;4;11;11;11;12;11;12;10;13;10;13;9;14;9;14;8;15;8;15;7;16;7;16;7;16;6;16;5;16;4;16;4;16;3;16;4;16;4;15;4;15;4;14;4;14;4;13;4;13;4;13;4;13;4;13;5;12;124;0;-20;-13;-20;-13;-19;-12;-19;-10;-19;-9;-19;-7;-19;-6;-19;-5;-19;-4;-19;-3;-19;-2;-19;-1;-18;0;-19;1;-19;2;-19;2;-19;2;-19;3;-19;3;-18;3;-18;4;-18;4;-18;4;-18;4;-19;3;-19;3;-19;2;-19;1;-7;0;-3;-1;0;-1;0;0;0;0;-1;-2;-2;-6;-5;-16;-5;-16;-5;-16;-5;-16;-5;-17;-5;-17;-5;-18;-5;-18;-5;-18;-6;-18;-6;-18;-6;-19;-7;-19;-7;-19;-7;-19;-7;-19;-8;-18;-9;-18;-10;-17;-11;-17;-12;-17;-14;-17;-15;-17;-15;-17;-16;-16;-17;-16;-17;-15;-18;-15,empty,EXP_S154,ZONE_02,sortie_zone,4.1,sortie_zone,sortie de la zone
1216855410,-57,6,a0:9f:7a:73:2b:3e,384,-110;-96;8;0;-29;-16;-30;-15;-31;-14;-31;-13;-30;-12;-30;-10;-30;-8;-30;-6;-30;-4;-29;-3;-29;-2;-29;-1;-28;-1;-26;0;-24;1;-22;2;-20;4;-19;6;-18;8;-18;10;-18;12;-18;13;-19;14;-20;14;-21;14;-6;3;0;0;0;0;0;0;0;0;0;0;0;0;0;0;0;0;0;0;-2;-6;-4;-22;0;-22;4;-22;8;-20;10;-16;10;-13;8;-9;5;-6;0;-5;-6;-5;-11;-7;-16;-11;-19;-16;-20;-22;-20;-27;-18;-31;-16;-34;-14;-35;-12;-35;-10;-34;-9;-32;-10;-29;-12;-25;-14;-22;-18;-19;-20;-18;-113;0;1;4;1;4;1;3;1;3;1;2;1;1;2;0;2;0;2;-1;2;-1;2;-2;2;-2;3;-2;3;-2;3;-3;3;-3;3;-3;3;-3;3;-3;3;-2;3;-2;3;-3;4;-3;3;-3;3;-3;3;-3;3;-2;3;-2;1;-1;0;-1;-1;0;-1;-1;-1;-1;0;0;2;3;7;9;7;10;7;10;6;11;6;11;5;11;5;12;5;12;4;12;4;13;3;13;3;13;3;13;2;12;2;12;1;12;1;12;1;12;1;11;1;11;1;10;1;9;0;9;0;9;0;9;0;8;1;8;1;7;-113;0;-23;-24;-23;-24;-23;-23;-22;-22;-22;-21;-22;-20;-21;-19;-21;-18;-20;-17;-20;-16;-20;-15;-20;-15;-21;-15;-21;-14;-21;-14;-21;-14;-21;-14;-20;-14;-20;-14;-19;-14;-19;-14;-18;-14;-17;-14;-16;-14;-16;-14;-15;-15;-14;-15;-14;-15;-5;-6;-2;-2;0;0;0;0;0;0;-1;-1;-3;-1;-7;-1;-7;-2;-8;-2;-9;-3;-10;-4;-11;-5;-12;-6;-12;-7;-13;-8;-14;-9;-14;-10;-15;-11;-15;-12;-16;-14;-16;-15;-16;-16;-16;-16;-17;-17;-18;-18;-19;-18;-20;-19;-21;-20;-21;-20;-22;-21;-22;-22;-23;-23;-23;-24;-23;-24,empty,EXP_S154,ZONE_02,sortie_zone,4.1,sortie_zone,sortie de la zone
1217063780,-63,6,a0:9f:7a:73:2b:3e,384,-110;-96;8;0;-39;16;-35;12;-28;9;-19;9;-10;10;-2;13;5;17;10;22;13;28;15;33;15;37;13;40;11;41;8;41;5;38;4;34;3;29;4;24;6;19;9;14;13;10;17;8;21;7;24;7;26;7;6;2;0;0;0;0;0;0;0;0;0;0;0;0;0;0;0;0;0;0;0;0;2;1;2;-1;2;-2;3;-2;3;-3;2;-3;1;-2;-2;-2;-4;-2;-7;-4;-9;-5;-11;-6;-13;-9;-14;-10;-14;-11;-13;-11;-12;-10;-11;-6;-10;-2;-11;4;-13;10;-17;15;-21;20;-27;24;-32;26;-36;27;-120;0;-18;5;-18;5;-18;5;-17;4;-17;2;-17;1;-18;0;-18;0;-18;0;-17;0;-16;-1;-15;-1;-14;-2;-14;-3;-14;-4;-14;-4;-14;-4;-13;-4;-12;-4;-11;-4;-10;-4;-9;-5;-9;-5;-9;-5;-8;-5;-8;-5;-7;-4;-6;-4;-2;-2;-1;-1;0;0;-1;0;-1;0;0;-1;0;-2;1;-4;1;-4;2;-3;2;-3;2;-2;2;-2;2;-1;1;-1;1;0;1;1;0;1;0;2;-1;2;-1;3;-2;4;-3;4;-3;5;-4;5;-5;5;-6;5;-8;5;-9;6;-10;7;-11;7;-12;7;-13;7;-14;6;-14;6;-120;0;-24;16;-25;16;-25;17;-25;17;-25;17;-25;17;-24;16;-24;16;-23;16;-22;16;-22;17;-22;18;-22;18;-22;17;-22;17;-23;16;-23;16;-23;15;-24;15;-24;14;-24;14;-24;13;-23;12;-23;12;-23;11;-24;9;-24;8;-25;7;-9;2;-3;0;0;-1;0;0;-1;0;-1;-2;-1;-4;-2;-9;-1;-8;-1;-7;0;-6;0;-5;-1;-3;-1;-2;-2;-1;-3;0;-4;1;-5;2;-6;3;-7;4;-8;4;-9;5;-10;6;-11;7;-12;8;-13;9;-14;9;-16;10;-17;11;-18;12;-19;13;-20;14;-21;15;-23;16;-23;17,empty,EXP_S154,ZONE_02,sortie_zone,4.1,sortie_zone,sortie de la zone
1217252210,-57,6,a0:9f:7a:73:2b:3e,384,-110;-96;8;0;-17;-7;-21;-12;-23;-15;-25;-18;-26;-20;-27;-20;-26;-20;-24;-20;-22;-19;-19;-18;-15;-17;-12;-16;-7;-15;-3;-15;1;-14;5;-12;9;-11;11;-10;14;-8;16;-6;17;-4;17;-3;18;-1;18;1;17;3;4;1;0;0;0;0;0;0;0;0;0;0;0;0;0;0;0;0;0;0;4;-3;19;-10;20;-13;20;-17;19;-20;18;-23;16;-24;13;-24;10;-22;6;-19;3;-15;0;-9;-3;-3;-5;4;-6;11;-7;18;-6;24;-5;29;-4;33;-2;36;-1;37;0;36;1;33;1;29;1;25;-2;19;-4;14;69;0;-21;13;-21;13;-21;12;-20;12;-20;12;-20;11;-20;11;-19;11;-18;11;-18;10;-17;10;-17;10;-17;10;-17;9;-17;9;-17;9;-16;8;-16;7;-16;7;-16;6;-16;6;-15;6;-15;5;-14;5;-14;4;-14;4;-14;3;-14;2;-5;0;-2;0;0;-1;0;-1;0;-1;-1;0;-1;2;-2;6;-2;7;-3;7;-3;8;-4;8;-4;8;-5;8;-5;9;-7;9;-8;9;-8;10;-9;10;-9;11;-10;10;-10;10;-11;10;-12;11;-13;11;-14;11;-14;12;-15;12;-15;12;-16;12;-17;12;-18;13;-19;13;-20;14;-20;14;69;0;12;-8;12;-8;11;-7;10;-7;10;-6;9;-6;8;-6;7;-6;7;-6;7;-5;7;-5;6;-4;6;-3;5;-3;5;-3;5;-3;5;-2;5;-2;5;-1;4;0;4;0;3;0;3;0;3;1;2;1;2;2;2;2;1;3;0;1;0;0;-1;-1;-1;0;-1;0;1;-2;5;-5;14;-12;14;-11;14;-11;15;-10;15;-9;15;-9;16;-9;16;-9;16;-8;16;-8;16;-8;16;-8;16;-8;16;-8;16;-8;15;-7;15;-7;15;-7;14;-7;14;-8;14;-8;14;-8;14;-8;14;-8;14;-8;13;-9;12;-9;12;-9,empty,EXP_S154,ZONE_02,sortie_zone,4.1,sortie_zone,sortie de la zone
1217455073,-63,6,a0:9f:7a:73:2b:3e,384,-110;-96;8;0;13;-20;12;-19;10;-16;7;-13;3;-8;0;-3;-2;2;-3;8;-4;13;-3;18;-1;22;2;25;5;25;8;24;11;21;12;17;13;12;12;6;10;-1;6;-7;1;-12;-4;-16;-11;-18;-16;-20;-21;-20;-6;-5;0;0;0;0;0;0;0;0;0;0;0;0;0;0;0;0;0;0;-2;1;-8;5;-14;7;-22;10;-28;14;-32;17;-35;20;-37;22;-37;23;-36;22;-34;20;-31;16;-27;11;-24;6;-21;0;-19;-6;-17;-11;-15;-15;-14;-19;-12;-22;-11;-23;-8;-24;-6;-24;-2;-24;2;-24;5;-23;8;-23;66;0;8;-16;8;-15;8;-14;7;-12;7;-11;7;-10;7;-8;8;-8;8;-7;8;-6;8;-6;8;-5;8;-4;9;-4;9;-3;9;-3;10;-3;10;-3;10;-3;10;-2;10;-2;10;-2;11;-2;11;-2;11;-2;11;-2;11;-1;11;-1;4;-1;1;0;-1;0;-1;1;-1;0;-1;-3;0;-9;2;-24;3;-24;4;-24;5;-24;5;-25;5;-25;5;-26;5;-26;6;-27;6;-27;7;-27;7;-27;8;-27;7;-27;7;-26;7;-26;7;-25;7;-25;8;-24;7;-24;7;-23;7;-23;7;-23;7;-22;7;-21;7;-20;7;-20;7;-19;66;0;5;-5;5;-6;6;-6;6;-7;7;-8;7;-9;7;-9;7;-10;6;-11;6;-12;6;-13;6;-14;5;-15;5;-16;5;-16;5;-17;4;-18;4;-18;4;-19;4;-20;4;-20;4;-20;3;-20;3;-20;3;-20;3;-21;4;-21;4;-21;1;-8;0;-3;-1;0;1;0;0;0;-3;-2;-7;-5;-18;-13;-17;-14;-16;-13;-15;-13;-14;-12;-14;-12;-14;-11;-14;-11;-13;-11;-13;-10;-12;-9;-11;-8;-10;-7;-10;-6;-9;-6;-8;-5;-8;-5;-7;-4;-6;-4;-5;-3;-4;-3;-4;-2;-3;-2;-2;-3;-1;-3;1;-3;2;-3;2;-4,empty,EXP_S154,ZONE_02,sortie_zone,4.1,sortie_zone,sortie de la zone
1217654772,-59,6,a0:9f:7a:73:2b:3e,384,-110;-96;8;0;0;15;-2;9;-3;2;-4;-5;-4;-12;-5;-17;-5;-22;-6;-27;-7;-30;-8;-32;-9;-33;-10;-33;-10;-32;-10;-29;-10;-25;-10;-20;-10;-15;-9;-9;-9;-2;-8;4;-6;10;-5;15;-4;20;-3;24;-2;27;-1;7;0;0;0;0;0;0;0;0;0;0;0;0;0;0;0;0;0;0;-2;-4;-8;-17;-12;-20;-17;-23;-21;-26;-24;-29;-26;-30;-26;-31;-25;-31;-22;-29;-19;-26;-15;-22;-10;-17;-6;-11;-1;-5;3;1;6;7;9;13;12;18;14;23;15;27;15;30;14;33;13;34;12;34;10;33;8;32;106;0;-11;17;-11;17;-11;16;-10;16;-10;15;-9;15;-9;15;-8;14;-7;14;-7;14;-6;14;-6;13;-5;13;-5;13;-5;13;-5;13;-4;13;-4;13;-4;12;-4;12;-4;11;-4;11;-3;11;-3;11;-3;11;-2;11;-3;11;-3;10;-1;3;-1;1;0;-1;0;-1;0;-1;-1;1;-2;4;-5;13;-6;13;-7;13;-8;14;-8;14;-8;14;-8;14;-9;14;-9;14;-10;14;-11;15;-11;15;-11;15;-12;15;-12;15;-12;14;-12;14;-12;14;-12;15;-12;15;-12;15;-12;15;-12;16;-12;16;-12;16;-12;16;-12;17;-12;17;106;0;13;8;13;9;13;9;12;9;12;9;12;9;12;9;13;8;13;8;13;8;14;8;15;8;15;8;16;8;16;8;17;8;17;8;17;8;18;9;18;9;18;9;18;9;18;8;17;8;17;9;17;9;17;9;17;10;6;3;1;1;-1;-1;-2;-1;-1;-1;2;0;7;3;21;8;20;9;20;9;19;9;19;9;19;9;19;9;19;9;19;9;18;9;18;9;17;9;16;8;16;8;15;7;15;7;14;7;14;7;14;7;13;7;13;6;13;6;13;7;13;7;13;7;13;7;13;8;13;8,empty,EXP_S154,ZONE_02,sortie_zone,4.1,sortie_zone,sortie de la zone
1217855288,-61,6,a0:9f:7a:73:2b:3e,384,-110;-96;8;0;-10;27;-9;19;-7;10;-6;1;-5;-8;-3;-17;-2;-26;-2;-33;-2;-39;-2;-43;-3;-46;-5;-48;-6;-47;-7;-44;-8;-40;-8;-34;-7;-27;-7;-18;-6;-9;-5;0;-3;9;-2;16;0;24;2;31;4;35;1;9;0;0;0;0;0;0;0;0;0;0;0;0;0;0;0;0;0;0;1;-2;5;-7;1;-9;-4;-12;-8;-15;-12;-17;-15;-20;-17;-22;-18;-24;-17;-25;-15;-25;-13;-24;-10;-22;-6;-19;-4;-15;-2;-11;0;-6;1;0;2;6;2;12;1;19;0;24;-2;30;-4;34;-6;37;-8;39;-8;40;104;0;-15;20;-15;20;-14;20;-14;20;-14;20;-14;20;-14;20;-13;21;-12;21;-11;21;-10;21;-9;21;-9;21;-9;21;-8;21;-7;22;-6;22;-5;21;-5;21;-4;20;-4;20;-4;19;-3;20;-2;20;-1;20;-1;20;-1;20;-1;19;-1;7;-1;2;-1;-1;-1;-1;-1;-1;0;0;2;2;7;8;6;8;6;9;5;9;5;10;5;10;5;10;4;11;4;11;3;11;2;11;1;12;0;12;-1;13;-2;13;-2;13;-3;13;-4;13;-5;13;-7;14;-7;15;-8;15;-9;16;-9;16;-10;16;-11;17;-12;18;-13;18;104;0;6;17;7;17;8;17;8;18;9;17;9;17;10;16;11;15;12;15;14;14;15;14;16;15;17;15;17;15;18;14;19;14;20;14;20;13;21;14;21;14;21;14;21;14;21;14;21;13;21;13;21;14;21;14;20;15;7;5;2;1;-1;-1;-2;-1;-1;-1;2;0;7;1;20;4;19;5;19;6;18;7;17;7;16;7;15;7;15;8;14;9;13;9;12;10;11;10;10;10;9;10;8;10;7;10;7;11;6;11;6;11;5;11;5;12;5;12;5;13;5;13;5;15;6;16;6;17;6;17,empty,EXP_S154,ZONE_02,sortie_zone,4.1,sortie_zone,sortie de la zone
1218052690,-60,6,a0:9f:7a:73:2b:3e,384,-110;-96;8;0;-4;16;1;16;6;16;10;14;14;12;17;9;20;6;22;2;24;-1;26;-4;26;-7;26;-8;26;-9;25;-10;22;-10;19;-9;15;-9;10;-9;5;-9;0;-9;-5;-9;-9;-10;-13;-11;-16;-12;-18;-13;-5;-4;0;0;0;0;0;0;0;0;0;0;0;0;0;0;0;0;0;0;-1;-2;1;-8;5;-14;11;-21;18;-26;25;-29;31;-30;35;-28;37;-24;37;-19;34;-14;29;-9;22;-4;13;0;4;2;-5;4;-14;5;-21;5;-28;5;-33;4;-35;4;-36;4;-35;5;-33;6;-30;8;-25;10;-22;11;105;0;-6;-7;-6;-6;-6;-5;-6;-4;-6;-3;-6;-2;-7;-1;-7;0;-7;1;-7;1;-8;2;-8;2;-8;2;-9;2;-9;2;-9;3;-9;3;-9;3;-9;3;-9;3;-9;3;-9;2;-9;2;-9;2;-9;2;-8;1;-8;1;-8;1;-3;0;-1;0;0;-1;1;0;0;0;-3;-1;-8;-4;-22;-11;-21;-13;-20;-14;-19;-16;-19;-17;-18;-18;-17;-18;-17;-19;-16;-20;-15;-21;-14;-22;-12;-22;-11;-22;-10;-22;-9;-21;-8;-20;-7;-20;-6;-19;-6;-18;-6;-18;-6;-17;-6;-16;-6;-15;-6;-14;-5;-13;-5;-12;-5;-11;-5;-11;105;0;-8;22;-8;22;-8;22;-7;22;-6;22;-6;21;-5;21;-4;21;-4;20;-3;20;-3;19;-2;19;-2;18;-2;18;-1;18;-1;18;-1;18;-1;17;-1;17;-1;17;-1;17;-1;17;-1;16;-1;16;-2;16;-3;16;-3;16;-4;16;-2;5;-1;1;0;-1;1;-1;0;-1;-3;1;-8;3;-21;10;-21;9;-21;8;-21;7;-20;6;-20;6;-19;6;-19;7;-19;7;-18;7;-18;7;-17;7;-16;7;-16;8;-15;9;-15;9;-14;10;-14;10;-13;11;-12;12;-12;14;-11;15;-11;17;-10;18;-10;19;-10;20;-10;21;-9;21,empty,EXP_S154,ZONE_02,sortie_zone,4.1,sortie_zone,sortie de la zone
1218256714,-61,6,a0:9f:7a:73:2b:3e,384,-110;-96;8;0;-22;-1;-20;0;-17;1;-12;1;-6;2;0;2;7;2;12;3;18;4;22;5;26;6;28;7;28;9;27;10;25;10;20;10;15;8;10;6;3;3;-3;-1;-8;-6;-13;-10;-16;-15;-18;-19;-19;-23;-5;-6;0;0;0;0;0;0;0;0;0;0;0;0;0;0;0;0;0;0;0;1;5;7;10;11;16;17;21;22;24;27;25;31;24;34;22;35;19;33;16;30;12;25;8;18;6;10;4;2;3;-5;1;-12;1;-17;0;-22;-1;-24;-3;-24;-4;-24;-7;-22;-10;-19;-14;-15;-17;-12;-19;-9;101;0;-6;-3;-7;-3;-8;-3;-9;-3;-10;-3;-11;-4;-12;-4;-13;-4;-14;-5;-14;-5;-15;-5;-15;-5;-15;-6;-15;-6;-16;-7;-16;-7;-16;-8;-16;-8;-16;-8;-15;-8;-15;-9;-14;-9;-14;-10;-14;-10;-14;-10;-13;-11;-13;-11;-12;-12;-4;-5;-2;-2;0;0;-1;1;-1;0;0;-3;1;-8;6;-20;7;-19;9;-19;10;-18;11;-18;12;-17;12;-16;13;-16;13;-15;14;-14;15;-13;15;-12;15;-11;14;-9;14;-8;13;-7;12;-6;11;-5;10;-5;9;-4;8;-4;7;-4;5;-3;3;-3;2;-2;1;-2;0;-2;-1;-2;101;0;-18;-3;-17;-3;-17;-2;-16;-1;-16;0;-15;1;-15;2;-14;3;-14;4;-13;5;-13;6;-12;6;-12;7;-12;8;-12;8;-11;9;-11;10;-11;10;-12;11;-12;11;-12;11;-13;11;-13;10;-13;10;-14;10;-14;10;-15;9;-16;9;-6;3;-2;0;0;-1;1;1;0;0;-3;-3;-7;-8;-17;-21;-16;-21;-14;-22;-13;-21;-12;-21;-12;-20;-12;-20;-11;-20;-11;-20;-11;-19;-11;-19;-10;-18;-10;-17;-11;-16;-11;-16;-11;-15;-12;-14;-12;-14;-12;-13;-13;-12;-14;-11;-14;-10;-15;-9;-16;-8;-16;-8;-17;-7;-17;-6;-17;-6,empty,EXP_S154,ZONE_02,sortie_zone,4.1,sortie_zone,sortie de la zone
1218454072,-58,6,a0:9f:7a:73:2b:3e,384,-110;-96;8;0;3;5;10;4;15;4;18;4;19;3;19;2;18;1;16;0;14;-1;11;-2;7;-3;4;-4;1;-5;-2;-6;-4;-6;-6;-6;-7;-6;-8;-5;-9;-4;-8;-3;-8;-1;-7;0;-7;2;-5;4;-5;6;-1;1;0;0;0;0;0;0;0;0;0;0;0;0;0;0;0;0;0;0;2;-3;9;-13;11;-19;14;-27;17;-33;21;-38;24;-41;27;-41;28;-40;28;-36;26;-30;23;-24;17;-17;9;-11;1;-5;-7;0;-15;5;-23;8;-29;10;-35;12;-38;13;-39;14;-38;13;-36;12;-32;11;-26;9;-21;8;113;0;-9;-11;-8;-10;-7;-10;-6;-9;-6;-8;-6;-8;-5;-7;-5;-6;-4;-5;-3;-5;-3;-5;-2;-4;-2;-4;-2;-4;-2;-3;-1;-3;-1;-3;0;-3;0;-3;0;-3;0;-2;0;-2;1;-2;1;-2;1;-2;1;-2;1;-2;1;-2;0;-1;0;-1;-1;0;1;0;0;0;-2;-1;-7;-2;-18;-6;-18;-8;-18;-9;-18;-10;-19;-11;-19;-11;-19;-11;-18;-12;-18;-13;-17;-14;-17;-15;-17;-16;-17;-16;-17;-16;-16;-15;-15;-15;-14;-15;-13;-15;-13;-15;-14;-15;-14;-15;-14;-14;-13;-13;-12;-13;-11;-13;-11;-13;-11;-13;-12;-13;113;0;2;18;2;18;3;17;3;15;4;13;5;12;5;11;5;10;6;9;6;8;6;7;6;5;6;4;6;3;6;2;6;1;7;0;6;0;6;-1;6;-2;6;-2;6;-3;6;-4;6;-4;7;-5;7;-5;7;-5;7;-5;2;-2;0;-1;-1;0;1;-2;0;-1;-2;2;-7;7;-18;21;-18;20;-18;19;-18;18;-18;18;-17;18;-17;19;-18;19;-18;20;-18;19;-18;19;-17;19;-16;19;-15;19;-14;19;-14;19;-13;19;-12;19;-11;19;-9;19;-7;20;-6;21;-5;21;-5;21;-4;21;-3;21;-2;21;-1;20,empty,EXP_S154,ZONE_02,sortie_zone,4.1,sortie_zone,sortie de la zone
1218654441,-59,6,a0:9f:7a:73:2b:3e,384,-110;-96;8;0;-1;-20;-3;-24;-3;-28;-2;-29;-2;-29;-1;-27;-1;-23;0;-19;0;-14;0;-8;0;-3;-1;2;-3;7;-4;11;-6;14;-8;16;-9;17;-11;16;-11;14;-11;12;-10;9;-9;6;-7;3;-4;0;-1;-2;0;-1;0;0;0;0;0;0;0;0;0;0;0;0;0;0;0;0;0;0;-4;0;-16;3;-20;8;-25;14;-30;18;-35;21;-40;23;-42;23;-43;21;-41;18;-38;14;-31;11;-23;9;-14;8;-5;9;4;10;12;12;19;14;25;16;29;18;31;19;30;19;28;18;24;17;20;13;15;8;11;3;119;0;-10;7;-11;7;-11;6;-12;6;-12;6;-11;6;-11;5;-10;5;-10;4;-10;4;-11;4;-11;4;-10;4;-10;4;-10;4;-10;4;-10;4;-11;4;-11;4;-10;4;-10;4;-10;4;-9;4;-10;4;-10;4;-10;4;-10;4;-10;4;-4;1;-1;0;0;-1;-1;-1;-1;-1;0;1;2;5;5;14;4;15;3;16;2;17;2;18;2;18;2;17;1;17;0;16;-1;16;-3;17;-3;17;-3;17;-3;17;-3;15;-4;14;-5;13;-6;13;-6;13;-6;13;-6;13;-6;12;-6;11;-7;10;-8;10;-9;10;-10;10;-10;10;119;0;10;-18;9;-17;8;-17;6;-16;4;-16;2;-15;1;-15;0;-15;-1;-14;-2;-13;-2;-12;-3;-11;-4;-10;-5;-9;-6;-9;-6;-8;-6;-8;-6;-7;-6;-5;-7;-4;-8;-3;-8;-3;-8;-2;-9;-2;-9;-2;-9;-1;-9;-1;-9;-1;-4;-1;-2;-1;0;0;-2;-1;-1;-1;3;0;10;2;29;6;29;7;28;7;28;8;27;7;27;6;28;6;29;5;29;5;28;5;27;5;26;4;25;3;25;1;25;0;24;-1;24;-2;23;-3;22;-4;21;-6;20;-8;20;-10;19;-11;19;-12;17;-13;16;-14;15;-15;14;-16,empty,EXP_S154,ZONE_02,sortie_zone,4.1,sortie_zone,sortie de la zone
1218852229,-60,6,a0:9f:7a:73:2b:3e,384,-110;-96;8;0;-7;-21;-6;-22;-6;-21;-6;-19;-6;-17;-6;-13;-5;-9;-3;-5;0;-1;3;2;7;4;11;6;15;6;18;5;21;2;23;0;23;-4;22;-7;19;-10;15;-12;11;-14;6;-15;0;-14;-5;-13;-8;-11;-3;-3;0;0;0;0;0;0;0;0;0;0;0;0;0;0;0;0;0;0;1;3;4;16;5;22;7;28;9;34;11;38;13;41;13;41;13;40;12;37;10;33;7;28;2;23;-3;17;-9;12;-14;8;-19;5;-23;2;-27;1;-29;0;-30;-1;-29;-2;-28;-3;-25;-4;-22;-7;-18;-10;-15;-12;65;0;-16;-12;-15;-11;-14;-11;-13;-10;-11;-10;-10;-9;-9;-9;-9;-8;-8;-8;-8;-7;-8;-7;-7;-6;-7;-6;-6;-6;-5;-6;-5;-6;-5;-6;-5;-6;-5;-6;-5;-6;-5;-5;-4;-5;-4;-5;-4;-5;-4;-6;-4;-6;-4;-6;-4;-6;-2;-3;-1;-1;0;0;1;-1;0;0;-3;0;-9;1;-24;2;-24;1;-24;-1;-25;-2;-25;-3;-26;-3;-26;-4;-25;-5;-25;-6;-26;-7;-26;-8;-26;-9;-26;-9;-25;-10;-24;-10;-23;-10;-23;-11;-22;-11;-22;-12;-22;-12;-21;-12;-21;-12;-20;-12;-20;-12;-20;-12;-19;-12;-18;-12;-18;-12;65;0;3;-3;3;-4;2;-4;1;-5;1;-7;1;-8;1;-9;1;-10;0;-10;0;-11;-1;-11;-2;-12;-2;-13;-3;-14;-3;-15;-3;-15;-3;-16;-3;-16;-3;-17;-3;-17;-3;-18;-2;-18;-2;-19;-2;-19;-1;-19;0;-19;1;-19;2;-19;0;-7;0;-3;-1;0;0;-2;0;-1;0;2;-1;8;-2;22;-3;21;-4;20;-4;18;-4;17;-4;17;-4;17;-4;17;-5;17;-5;16;-5;14;-4;13;-4;12;-3;12;-2;11;-2;11;-2;10;-2;9;-2;8;-1;7;1;6;1;5;2;5;2;4;2;3;2;2;2;0;2;-1,empty,EXP_S154,ZONE_02,sortie_zone,4.1,sortie_zone,sortie de la zone
1219052323,-53,6,a0:9f:7a:73:2b:3e,384,-110;-96;8;0;23;5;25;7;26;9;28;10;29;9;29;7;28;5;26;4;24;2;21;2;18;3;15;4;12;7;10;10;9;13;9;17;9;19;10;21;11;22;12;22;12;21;12;19;12;17;10;15;9;13;2;3;0;0;0;0;0;0;0;0;0;0;0;0;0;0;0;0;0;0;1;-4;7;-14;8;-17;9;-21;10;-25;9;-28;8;-30;6;-31;5;-30;4;-28;3;-25;4;-22;5;-18;8;-14;11;-10;15;-8;19;-7;23;-7;26;-8;29;-10;30;-12;30;-14;29;-15;27;-15;25;-14;23;-11;22;-9;41;0;55;-3;54;-2;52;-1;51;1;49;2;48;3;46;3;45;4;43;5;42;6;41;7;41;8;40;9;39;10;39;11;38;12;36;14;35;15;34;17;32;18;31;19;29;19;27;20;25;21;23;23;21;24;19;26;17;27;6;9;1;3;-1;-1;-1;1;-1;0;0;-4;1;-12;6;-32;8;-32;11;-32;14;-32;17;-32;19;-32;21;-32;24;-31;27;-31;29;-30;32;-29;34;-27;36;-26;38;-24;39;-22;40;-21;41;-20;42;-18;43;-17;44;-16;46;-15;47;-14;48;-13;50;-12;51;-11;53;-9;54;-8;55;-7;41;0;-14;0;-14;0;-14;0;-13;1;-13;2;-13;3;-13;3;-12;4;-12;3;-12;3;-12;3;-11;4;-11;4;-11;5;-12;6;-12;6;-13;6;-13;6;-12;5;-12;5;-12;5;-12;5;-13;5;-13;5;-14;5;-14;4;-14;3;-14;2;-5;0;-2;0;0;-1;1;0;0;0;-3;0;-9;-1;-24;-2;-23;-4;-22;-5;-21;-6;-20;-7;-20;-7;-20;-8;-20;-9;-19;-10;-18;-11;-17;-11;-16;-11;-16;-10;-15;-10;-15;-10;-15;-10;-14;-10;-13;-10;-13;-9;-13;-8;-13;-7;-13;-6;-13;-6;-13;-5;-13;-4;-13;-4;-13;-3;-13;-2,empty,EXP_S154,ZONE_02,sortie_zone,4.1,sortie_zone,sortie de la zone
1219252219,-53,6,a0:9f:7a:73:2b:3e,384,-110;-96;8;0;14;35;15;30;14;25;12;19;8;14;4;11;-1;8;-6;7;-11;7;-15;9;-18;12;-21;15;-22;19;-22;22;-21;25;-19;27;-16;27;-13;26;-10;24;-7;21;-5;18;-4;13;-4;9;-4;4;-5;1;-2;0;0;0;0;0;0;0;0;0;0;0;0;0;0;0;0;0;0;0;3;-4;14;-12;16;-9;18;-6;20;-3;22;0;25;3;27;5;29;7;31;9;32;10;32;10;32;10;30;9;28;9;24;9;21;9;16;10;13;11;9;14;6;18;3;22;2;27;2;32;3;36;5;39;7;40;56;0;13;24;13;23;13;21;13;20;12;19;12;18;12;17;12;17;12;16;13;15;13;14;14;13;13;12;13;12;13;12;13;12;13;12;13;12;13;11;13;11;12;10;11;10;11;10;11;10;11;10;11;11;10;11;10;11;3;4;1;1;-1;-1;-1;-1;-1;-1;1;1;5;5;14;16;13;17;12;18;11;19;11;20;11;20;10;21;10;22;9;22;9;23;8;23;8;24;8;24;8;24;8;24;8;24;8;24;8;24;8;24;8;24;8;24;9;24;9;24;10;24;11;24;11;24;12;24;12;24;56;0;6;10;7;10;7;10;8;11;8;11;7;11;7;11;6;11;6;10;6;10;6;9;7;10;7;10;7;11;7;11;6;12;5;11;5;11;5;11;5;11;4;11;4;12;3;12;2;11;1;11;0;11;0;10;-1;10;-1;3;-1;1;-1;-1;-1;-1;-1;-1;0;-1;1;0;4;1;4;2;4;2;3;3;3;3;3;3;3;3;4;3;4;4;4;5;4;6;3;6;3;6;3;6;3;6;4;6;4;6;4;7;4;8;4;8;4;8;4;8;5;8;6;8;6;9;7;10;7;11;7;11,empty,EXP_S154,ZONE_02,sortie_zone,4.1,sortie_zone,sortie de la zone
1219452545,-55,6,a0:9f:7a:73:2b:3e,384,-110;-96;8;0;22;-30;17;-25;11;-19;4;-12;-3;-6;-9;0;-15;6;-19;12;-23;17;-25;22;-27;26;-29;29;-29;31;-29;31;-27;31;-24;29;-21;26;-17;22;-12;18;-7;13;-2;8;4;4;9;0;15;-4;19;-6;5;-2;0;0;0;0;0;0;0;0;0;0;0;0;0;0;0;0;0;0;2;-3;11;-8;12;-4;11;0;10;5;7;9;4;14;0;18;-4;22;-8;24;-11;25;-14;25;-16;24;-17;22;-17;18;-15;14;-12;9;-8;4;-3;-2;2;-8;7;-13;13;-19;18;-25;22;-29;25;-33;27;-36;29;-37;107;0;17;-13;17;-13;16;-13;16;-12;15;-12;14;-12;14;-12;13;-12;13;-13;12;-13;12;-13;11;-13;11;-13;11;-13;11;-13;11;-13;11;-13;11;-14;10;-14;10;-14;10;-13;10;-13;10;-13;10;-13;10;-13;11;-13;11;-13;11;-12;4;-5;1;-2;-1;0;-1;0;-1;0;0;-2;1;-6;5;-14;6;-14;6;-14;7;-14;8;-13;9;-13;9;-13;10;-13;10;-13;11;-13;12;-13;12;-13;13;-12;13;-12;14;-12;14;-12;14;-11;14;-11;14;-11;15;-11;15;-11;15;-12;16;-12;16;-12;16;-13;17;-13;17;-13;17;-13;107;0;8;-24;8;-24;8;-24;7;-24;7;-25;6;-24;5;-24;4;-24;4;-24;3;-24;3;-24;2;-24;2;-25;2;-25;2;-25;2;-25;3;-25;3;-25;3;-24;4;-24;4;-24;5;-23;5;-22;6;-21;6;-21;7;-20;8;-19;8;-19;3;-7;1;-2;-1;0;-1;0;-1;0;0;-1;0;-1;1;-2;1;-2;2;-2;2;-3;3;-3;3;-4;3;-5;4;-5;4;-6;5;-7;6;-7;6;-8;7;-8;7;-8;8;-9;8;-10;8;-11;8;-12;9;-13;9;-13;9;-14;9;-15;9;-17;9;-18;9;-19;9;-21;9;-22;10;-22,empty,EXP_S154,ZONE_02,sortie_zone,4.1,sortie_zone,sortie de la zone
1219652473,-52,6,a0:9f:7a:73:2b:3e,384,-110;-96;8;0;16;17;18;19;20;20;21;21;21;22;21;21;21;20;20;19;19;16;18;13;17;10;16;7;16;3;16;-1;17;-4;18;-7;20;-9;21;-11;22;-13;23;-13;24;-13;24;-13;23;-12;22;-12;21;-11;5;-3;0;0;0;0;0;0;0;0;0;0;0;0;0;0;0;0;0;0;-4;-2;-16;-9;-16;-12;-16;-15;-14;-17;-12;-19;-9;-19;-6;-17;-3;-14;-1;-10;0;-5;-1;1;-3;6;-6;11;-10;14;-14;16;-17;17;-20;17;-22;17;-23;16;-22;14;-21;12;-18;11;-14;10;-9;9;-4;10;0;10;-116;0;3;-19;3;-20;3;-20;2;-20;1;-20;-1;-18;-3;-16;-3;-15;-3;-14;-2;-13;-2;-14;-3;-14;-4;-14;-5;-14;-6;-12;-6;-11;-5;-10;-4;-10;-3;-11;-3;-12;-4;-12;-5;-11;-6;-10;-5;-8;-4;-7;-3;-7;-2;-7;-1;-8;-1;-3;0;-1;0;0;-1;1;-1;0;0;-3;1;-8;3;-21;3;-21;4;-22;5;-22;5;-22;6;-22;7;-22;8;-22;9;-23;10;-23;10;-24;10;-24;10;-23;10;-22;10;-22;11;-21;11;-22;11;-22;10;-22;9;-22;8;-22;8;-21;8;-21;8;-22;8;-23;7;-24;5;-24;4;-24;-116;0;17;42;17;42;18;41;19;39;21;38;22;37;24;36;25;36;26;35;27;34;27;33;28;32;29;31;30;31;31;31;31;32;31;32;31;33;30;33;29;33;29;32;28;32;27;32;26;33;25;33;23;34;21;35;19;36;6;13;1;4;-1;-2;0;-1;0;-1;-2;1;-5;5;-12;15;-12;15;-12;15;-12;15;-11;16;-11;17;-11;18;-12;19;-11;19;-11;20;-10;21;-9;22;-9;23;-8;24;-8;25;-7;26;-6;26;-4;27;-3;28;-1;29;1;31;2;33;4;35;5;36;7;37;9;38;11;39;13;39,empty,EXP_S154,ZONE_02,sortie_zone,4.1,sortie_zone,sortie de la zone
1219858752,-59,6,a0:9f:7a:73:2b:3e,384,-110;-96;8;0;-11;29;-10;29;-7;28;-5;26;-2;23;1;18;3;13;4;7;4;1;3;-5;0;-11;-3;-15;-7;-19;-12;-21;-17;-22;-22;-22;-26;-21;-29;-19;-30;-15;-31;-11;-29;-7;-27;-2;-23;2;-18;6;-14;8;-4;2;0;0;0;0;0;0;0;0;0;0;0;0;0;0;0;0;0;0;-5;-6;-21;-24;-21;-26;-21;-29;-20;-31;-18;-31;-16;-30;-12;-28;-8;-25;-2;-21;3;-17;9;-13;15;-9;20;-5;25;-2;29;1;31;3;32;4;31;5;30;6;27;6;22;7;17;9;12;11;6;14;1;18;-3;20;75;0;-4;19;-4;19;-4;18;-3;17;-3;15;-3;15;-2;14;-2;13;-1;12;-1;12;0;11;0;11;1;10;1;10;1;10;2;10;2;10;2;9;2;9;2;9;2;9;2;9;1;9;1;9;1;10;0;10;0;10;-1;10;-1;3;-1;1;-1;-1;-1;-2;-1;-1;1;1;4;6;11;19;10;20;9;21;7;22;6;22;5;23;5;23;4;24;3;24;2;25;1;25;0;25;-1;25;-2;25;-3;24;-3;24;-4;24;-4;24;-4;23;-4;23;-4;23;-4;23;-4;23;-5;22;-5;22;-5;22;-4;22;-4;21;75;0;-11;1;-11;2;-12;2;-12;3;-13;4;-13;5;-13;6;-13;7;-14;8;-14;8;-14;9;-14;10;-15;11;-15;11;-16;12;-17;12;-18;12;-18;12;-19;12;-20;12;-20;12;-20;11;-21;10;-21;10;-22;9;-22;8;-23;7;-23;6;-9;2;-3;0;0;-1;-1;0;-1;0;0;-2;0;-5;0;-12;0;-12;1;-12;1;-12;1;-12;1;-12;0;-11;0;-11;0;-11;0;-11;0;-11;0;-11;0;-11;-1;-11;-1;-10;-2;-10;-2;-9;-3;-9;-3;-8;-4;-8;-4;-7;-5;-7;-6;-6;-7;-5;-7;-4;-8;-3;-9;-2;-9;-2,empty,EXP_S154,ZONE_02,sortie_zone,4.1,sortie_zone,sortie de la zone
1220061365,-54,6,a0:9f:7a:73:2b:3e,384,-110;-96;8;0;6;-30;6;-33;6;-34;4;-35;2;-34;-1;-32;-4;-28;-6;-24;-8;-19;-10;-14;-11;-8;-11;-1;-11;5;-10;11;-9;17;-7;22;-6;26;-3;28;-1;30;1;31;3;31;6;29;7;27;9;24;10;22;2;5;0;0;0;0;0;0;0;0;0;0;0;0;0;0;0;0;0;0;3;-5;15;-20;17;-20;20;-18;23;-15;23;-12;23;-8;21;-4;18;1;14;6;10;11;5;15;-1;19;-6;21;-11;23;-15;24;-18;25;-19;24;-20;23;-19;21;-18;19;-15;15;-13;10;-9;5;-6;-1;-2;-8;0;-13;94;0;-11;-15;-11;-14;-11;-14;-11;-13;-11;-12;-11;-11;-10;-10;-10;-9;-9;-8;-9;-8;-9;-7;-10;-7;-10;-6;-10;-6;-9;-6;-9;-5;-9;-6;-8;-6;-8;-6;-8;-6;-8;-5;-8;-5;-7;-5;-7;-5;-6;-5;-6;-5;-5;-6;-5;-6;-2;-2;-1;-1;0;0;1;0;0;0;-2;-1;-7;-3;-19;-8;-18;-9;-18;-10;-18;-11;-17;-12;-17;-13;-17;-14;-17;-15;-16;-16;-16;-16;-16;-17;-15;-17;-14;-18;-14;-18;-13;-18;-13;-18;-12;-18;-12;-18;-12;-18;-12;-17;-12;-17;-12;-17;-12;-17;-12;-17;-12;-17;-12;-17;-12;-16;-12;-16;94;0;17;-5;17;-5;17;-6;17;-6;17;-7;17;-8;17;-8;17;-8;17;-8;17;-8;17;-8;17;-9;18;-9;19;-10;19;-10;20;-9;21;-9;21;-8;21;-8;21;-7;21;-6;21;-6;21;-5;21;-4;21;-2;21;-1;21;1;21;2;7;1;2;0;-1;0;-1;-1;-1;-1;0;0;1;1;4;4;3;4;4;4;4;4;4;4;4;4;5;4;5;4;5;4;5;3;6;3;6;3;7;3;7;3;7;2;7;2;8;2;8;1;9;0;10;0;11;0;12;-1;12;-1;13;-2;13;-2;14;-3;15;-4;15;-4,empty,EXP_S154,ZONE_02,sortie_zone,4.1,sortie_zone,sortie de la zone
1220252374,-56,6,a0:9f:7a:73:2b:3e,384,-110;-96;8;0;6;24;8;27;10;29;12;30;13;31;14;30;15;29;15;27;15;25;16;23;17;20;18;17;18;14;20;10;21;7;23;4;25;2;27;0;28;-2;29;-3;30;-4;30;-4;30;-4;29;-4;29;-4;7;-1;0;0;0;0;0;0;0;0;0;0;0;0;0;0;0;0;0;0;-3;-4;-12;-17;-10;-21;-7;-25;-4;-27;0;-27;4;-26;7;-22;9;-17;9;-11;7;-5;4;1;-2;6;-8;10;-14;11;-20;12;-24;11;-28;9;-30;7;-30;6;-29;4;-27;4;-23;4;-19;4;-15;6;-10;9;-6;12;-120;0;13;-14;13;-13;13;-13;11;-13;10;-14;8;-14;5;-14;4;-12;2;-11;2;-11;2;-11;2;-12;1;-13;0;-13;-1;-12;-1;-11;-1;-10;0;-9;1;-9;1;-9;1;-10;0;-10;-1;-9;-1;-8;-1;-6;0;-5;1;-4;1;-4;0;-2;0;-1;-1;0;-2;1;-1;0;1;-3;6;-9;19;-24;20;-24;22;-23;23;-22;24;-21;24;-20;25;-19;26;-19;27;-18;28;-18;28;-18;28;-17;27;-17;27;-16;27;-15;27;-14;27;-13;26;-13;25;-13;24;-13;23;-13;22;-13;21;-13;21;-13;21;-13;20;-15;19;-16;18;-16;-120;0;-19;48;-18;48;-17;48;-15;49;-13;49;-12;49;-10;50;-9;50;-8;50;-7;50;-6;50;-5;51;-4;52;-3;53;-3;53;-4;54;-4;54;-5;55;-6;54;-7;54;-8;53;-9;52;-10;51;-11;50;-13;50;-16;49;-19;48;-21;47;-8;16;-3;4;0;-2;1;0;0;0;-3;-1;-9;-1;-24;-2;-23;-2;-22;-2;-21;-1;-21;0;-21;1;-22;2;-22;3;-22;3;-21;4;-21;6;-21;8;-22;10;-22;11;-23;12;-23;14;-22;15;-22;18;-21;20;-21;23;-21;26;-22;29;-22;31;-22;34;-21;36;-21;39;-20;42;-20;44,empty,EXP_S154,ZONE_02,sortie_zone,4.1,sortie_zone,sortie de la zone
1220452273,-57,6,a0:9f:7a:73:2b:3e,384,-110;-96;8;0;38;-4;36;-4;32;-5;27;-7;21;-9;15;-12;9;-15;4;-18;-1;-21;-5;-23;-10;-26;-13;-27;-16;-28;-18;-28;-20;-28;-21;-27;-22;-25;-22;-22;-22;-18;-22;-15;-22;-11;-22;-7;-22;-3;-22;1;-22;4;-6;1;0;0;0;0;0;0;0;0;0;0;0;0;0;0;0;0;0;0;-2;-6;-6;-25;-2;-26;2;-25;7;-23;11;-19;13;-13;14;-7;13;1;10;9;6;15;1;20;-5;24;-10;25;-15;25;-18;24;-20;21;-19;17;-17;13;-14;9;-8;5;-2;2;6;-1;13;-3;21;-4;27;-5;32;-6;113;0;12;-7;11;-7;11;-6;10;-6;9;-5;8;-4;8;-3;8;-3;7;-3;7;-3;6;-3;6;-3;5;-3;5;-2;5;-2;5;-2;5;-2;5;-2;5;-2;5;-2;4;-2;4;-1;4;-1;5;-1;5;-1;5;-1;5;-1;5;-1;2;-1;0;-1;-1;0;-1;1;-1;0;0;-3;0;-7;2;-19;3;-19;4;-19;6;-19;7;-19;8;-18;8;-18;9;-18;10;-18;10;-17;11;-17;11;-16;11;-16;12;-15;12;-15;13;-14;13;-13;13;-13;12;-12;12;-11;12;-11;13;-11;13;-10;13;-10;12;-10;12;-10;12;-9;11;-9;113;0;24;2;24;1;24;0;25;0;25;-1;25;-2;25;-2;24;-3;24;-4;24;-5;24;-6;24;-6;24;-7;25;-7;25;-7;26;-7;26;-7;26;-7;26;-6;26;-6;26;-5;25;-5;25;-4;25;-4;25;-3;25;-2;24;0;24;0;8;0;2;0;-1;0;0;-1;0;-1;-1;0;-1;2;-2;6;-2;6;-1;5;-1;5;0;5;0;6;0;5;1;5;2;5;3;5;4;5;5;5;6;6;6;6;7;6;8;5;9;5;10;5;11;5;13;5;14;5;15;5;16;4;17;4;19;3;20;3;22;2;23;2,empty,EXP_S154,ZONE_02,sortie_zone,4.1,sortie_zone,sortie de la zone
1220656697,-57,6,a0:9f:7a:73:2b:3e,384,-110;-96;8;0;-20;-37;-18;-34;-17;-29;-16;-22;-15;-15;-15;-7;-15;1;-16;8;-17;15;-17;21;-18;26;-19;30;-19;32;-19;33;-19;33;-17;33;-15;31;-12;29;-8;26;-4;23;0;20;5;18;10;16;14;14;18;14;4;3;0;0;0;0;0;0;0;0;0;0;0;0;0;0;0;0;0;0;-5;3;-21;12;-22;9;-23;5;-22;0;-19;-4;-15;-8;-8;-11;-1;-12;6;-12;13;-11;19;-9;24;-5;27;-1;28;2;28;5;25;8;21;9;16;8;11;5;5;2;-2;-3;-7;-9;-13;-16;-17;-22;-20;-28;-22;-33;125;0;-9;-14;-9;-14;-9;-13;-8;-13;-7;-12;-7;-12;-6;-12;-6;-11;-6;-11;-5;-11;-5;-10;-5;-10;-5;-10;-5;-10;-4;-10;-4;-10;-4;-10;-4;-10;-4;-9;-4;-9;-4;-9;-3;-9;-3;-9;-3;-9;-3;-9;-3;-9;-3;-9;-3;-9;-1;-3;-1;-1;0;0;1;0;0;0;-2;0;-7;-1;-17;-2;-17;-3;-17;-4;-17;-5;-17;-5;-17;-6;-17;-6;-17;-7;-17;-8;-17;-8;-17;-9;-16;-9;-16;-10;-15;-10;-15;-11;-15;-11;-14;-11;-14;-11;-13;-12;-13;-12;-13;-12;-12;-12;-12;-12;-12;-13;-12;-13;-12;-13;-11;-13;-11;-13;125;0;-8;-25;-9;-25;-10;-25;-11;-25;-11;-25;-12;-24;-13;-24;-14;-23;-15;-22;-15;-22;-16;-21;-17;-21;-17;-21;-18;-21;-18;-21;-19;-22;-19;-22;-19;-22;-19;-22;-18;-22;-18;-22;-17;-22;-17;-22;-16;-22;-15;-22;-14;-23;-13;-24;-12;-24;-5;-9;-2;-3;0;0;-1;-1;-1;-1;0;0;2;0;6;0;6;0;6;0;6;-1;5;-1;5;-2;5;-3;4;-4;4;-4;4;-5;3;-6;3;-7;3;-8;3;-9;3;-10;2;-11;2;-12;1;-13;0;-14;0;-15;-1;-16;-2;-17;-3;-19;-3;-20;-4;-21;-5;-22;-6;-24;-7;-24,empty,EXP_S154,ZONE_02,sortie_zone,4.1,sortie_zone,sortie de la zone
1220854500,-57,6,a0:9f:7a:73:2b:3e,384,-110;-96;8;0;20;32;19;29;17;24;16;18;15;11;14;4;13;-4;13;-11;12;-17;11;-23;11;-28;10;-32;9;-34;8;-36;7;-36;5;-35;3;-34;1;-31;-2;-28;-5;-24;-9;-20;-13;-16;-16;-12;-20;-9;-23;-7;-6;-2;0;0;0;0;0;0;0;0;0;0;0;0;0;0;0;0;0;0;5;0;22;1;21;5;19;9;16;12;11;15;5;16;-2;16;-8;14;-14;11;-19;7;-23;2;-26;-2;-26;-7;-25;-11;-23;-13;-20;-14;-16;-14;-12;-12;-7;-9;-1;-4;4;1;8;7;13;13;16;19;19;24;21;28;112;0;10;11;10;11;10;10;9;9;8;8;7;8;6;8;6;8;6;8;6;8;6;7;6;6;5;6;4;6;4;7;4;7;4;8;5;7;5;7;4;6;3;6;3;6;3;6;3;7;3;7;3;7;4;6;3;6;1;2;0;0;-1;-1;-2;-1;-1;-1;2;0;6;1;18;3;18;4;18;5;17;6;17;6;17;7;17;8;17;8;17;9;17;9;16;9;16;9;15;10;15;10;15;10;14;10;14;10;14;10;13;10;13;10;12;10;12;10;13;11;13;10;12;10;12;10;12;10;11;10;112;0;11;20;12;19;13;19;14;19;15;19;15;19;15;19;16;18;16;17;17;17;18;16;19;16;19;16;20;16;20;16;20;16;21;16;21;17;21;17;20;17;20;18;19;18;19;18;18;18;17;18;16;19;16;19;15;20;5;7;1;2;-1;-1;0;0;0;0;-1;-1;-2;-1;-5;-2;-4;-2;-4;-1;-4;0;-4;0;-4;1;-4;1;-3;1;-2;2;-2;3;-2;4;-2;5;-2;6;-2;6;-1;7;0;7;0;8;1;9;2;10;2;12;3;12;3;13;5;14;6;15;7;16;8;17;9;18;10;19,empty,EXP_S154,ZONE_02,sortie_zone,4.1,sortie_zone,sortie de la zone
1221053892,-56,6,a0:9f:7a:73:2b:3e,384,-110;-96;8;0;-41;-8;-38;-8;-35;-5;-31;-2;-27;3;-23;7;-19;12;-16;17;-14;21;-12;25;-10;29;-9;32;-8;34;-7;35;-6;36;-5;35;-4;35;-2;33;0;31;2;29;5;27;7;25;10;23;12;22;14;21;3;5;0;0;0;0;0;0;0;0;0;0;0;0;0;0;0;0;0;0;3;3;14;14;10;16;5;17;-1;15;-6;12;-11;6;-13;-1;-14;-9;-13;-16;-10;-22;-6;-28;-1;-31;4;-32;9;-31;12;-29;13;-25;12;-20;10;-15;5;-11;-1;-7;-8;-4;-15;-2;-22;-1;-29;-1;-35;-2;-39;-4;-118;0;-13;0;-12;0;-11;-1;-11;-1;-10;-1;-10;-1;-9;-1;-8;-1;-7;-1;-7;-1;-6;-1;-6;-1;-6;-1;-6;-1;-5;-1;-5;-1;-5;-1;-5;-1;-5;-2;-5;-2;-5;-2;-5;-2;-4;-1;-4;-1;-4;-1;-4;-1;-4;-2;-4;-2;-2;-1;-1;-1;0;0;0;-1;0;-1;-2;1;-6;4;-15;11;-15;10;-16;9;-17;9;-17;8;-17;8;-18;7;-18;7;-18;7;-19;6;-19;6;-19;5;-19;4;-18;4;-18;3;-18;3;-18;2;-17;2;-17;2;-17;2;-16;2;-16;2;-16;2;-15;1;-15;1;-15;1;-14;0;-14;0;-118;0;-28;-10;-28;-10;-29;-10;-29;-9;-29;-8;-29;-7;-29;-6;-29;-5;-29;-4;-29;-4;-29;-3;-29;-3;-30;-2;-31;-2;-31;-2;-31;-2;-31;-3;-31;-3;-31;-4;-31;-4;-31;-4;-30;-5;-29;-6;-29;-7;-28;-8;-28;-9;-27;-10;-27;-11;-10;-4;-3;-2;0;0;0;0;0;0;-1;-1;-1;-1;-2;-3;-2;-3;-2;-3;-3;-4;-3;-4;-4;-4;-5;-4;-6;-5;-7;-5;-7;-6;-8;-7;-9;-7;-9;-8;-10;-8;-11;-9;-12;-9;-13;-10;-13;-10;-14;-10;-16;-10;-17;-10;-18;-10;-20;-10;-21;-10;-23;-11;-24;-11;-25;-11;-26;-10,empty,EXP_S154,ZONE_02,sortie_zone,4.1,sortie_zone,sortie de la zone
1221258628,-57,6,a0:9f:7a:73:2b:3e,384,-110;-96;8;0;23;-22;18;-21;14;-21;8;-21;3;-21;-2;-22;-7;-22;-10;-23;-13;-24;-16;-24;-18;-24;-20;-23;-21;-21;-23;-20;-24;-18;-25;-16;-25;-14;-26;-12;-26;-10;-26;-8;-26;-6;-25;-4;-24;-2;-24;0;-23;1;-6;0;0;0;0;0;0;0;0;0;0;0;0;0;0;0;0;0;0;0;-2;-2;-6;-8;-2;-10;4;-12;10;-12;16;-9;22;-5;25;0;27;6;27;12;25;17;22;21;17;23;13;23;9;21;6;17;4;12;3;7;4;1;6;-5;9;-11;12;-16;16;-20;21;-23;24;-24;27;-25;28;-26;-114;0;18;-9;16;-9;14;-8;13;-7;11;-6;10;-5;10;-5;9;-5;8;-5;7;-5;5;-5;4;-5;3;-4;3;-3;3;-3;3;-3;2;-4;1;-4;0;-4;0;-4;-1;-3;-1;-3;0;-3;-1;-4;-2;-4;-3;-5;-4;-6;-5;-6;-2;-2;-1;-1;0;0;-2;1;-2;0;3;-2;10;-6;30;-16;31;-15;32;-14;32;-13;33;-12;33;-12;33;-12;33;-12;33;-12;33;-11;33;-11;32;-10;32;-10;32;-11;31;-11;30;-11;29;-11;27;-10;27;-10;26;-9;25;-10;25;-10;24;-11;23;-11;21;-10;20;-10;19;-9;19;-9;-114;0;32;-42;32;-43;30;-44;29;-45;27;-45;25;-46;23;-47;21;-47;18;-47;16;-48;14;-48;12;-50;10;-51;9;-52;8;-53;8;-53;7;-53;8;-53;8;-53;8;-53;8;-52;7;-51;7;-50;7;-50;7;-49;9;-48;10;-47;12;-46;4;-17;1;-5;-1;1;-1;1;-1;0;-1;-2;0;-6;1;-17;3;-17;5;-16;7;-16;8;-16;9;-16;11;-16;12;-17;14;-17;16;-18;18;-17;20;-17;21;-17;21;-17;22;-18;23;-19;25;-19;26;-20;27;-21;29;-22;29;-24;30;-26;31;-28;32;-31;33;-34;33;-36;34;-38;35;-40,empty,EXP_S154,ZONE_02,sortie_zone,4.1,sortie_zone,sortie de la zone
1221452161,-56,6,a0:9f:7a:73:2b:3e,384,-110;-96;8;0;29;25;26;20;22;15;17;9;11;3;5;-2;-2;-6;-8;-8;-15;-10;-21;-10;-26;-10;-31;-9;-34;-7;-36;-5;-37;-3;-36;0;-34;2;-30;4;-26;5;-21;7;-15;7;-8;8;-2;8;5;7;9;7;2;1;0;0;0;0;0;0;0;0;0;0;0;0;0;0;0;0;0;0;-4;2;-14;7;-16;3;-18;-2;-19;-8;-20;-14;-20;-19;-20;-25;-19;-29;-17;-33;-15;-35;-13;-36;-11;-35;-8;-33;-5;-29;-3;-25;0;-20;2;-14;5;-7;8;0;12;7;15;13;19;20;23;25;27;28;30;31;32;32;95;0;18;14;17;13;17;12;16;10;15;9;14;9;14;8;14;8;14;7;14;6;14;5;13;4;13;3;12;3;12;4;13;4;13;3;13;3;13;2;12;1;12;1;11;2;11;2;11;2;12;3;12;3;12;3;12;3;4;1;1;0;-1;-1;-2;-1;-1;-1;2;1;6;3;17;11;17;12;16;13;16;14;16;15;16;16;16;16;16;16;16;17;15;17;15;17;15;18;15;18;15;18;15;18;15;18;15;17;15;17;15;17;15;17;15;17;16;17;16;16;17;16;17;15;17;15;17;14;17;15;95;0;17;10;18;9;18;8;19;8;19;8;19;8;19;7;19;6;18;5;18;5;19;4;20;3;20;3;21;3;21;4;21;4;20;4;20;3;21;3;21;3;21;4;20;5;20;5;19;6;18;6;18;7;18;7;17;8;6;3;1;0;-1;-1;-1;0;-1;-1;0;-1;2;-1;7;-2;7;-1;7;0;7;0;7;1;7;1;8;1;9;1;10;2;10;3;10;5;10;6;9;6;9;6;10;6;11;6;11;7;12;8;12;9;12;9;12;9;13;9;14;8;15;8;16;9;17;9;18;10;18;11,empty,EXP_S154,ZONE_02,sortie_zone,4.1,sortie_zone,sortie de la zone
1221654002,-52,6,a0:9f:7a:73:2b:3e,384,-110;-96;8;0;31;8;27;6;23;5;18;5;14;5;10;7;7;9;5;12;4;15;4;18;5;21;7;23;9;24;12;24;14;23;16;21;16;18;16;15;15;12;13;9;9;6;6;4;2;4;-1;3;-4;4;-2;1;0;0;0;0;0;0;0;0;0;0;0;0;0;0;0;0;0;0;2;-4;9;-13;11;-13;14;-12;17;-12;19;-12;22;-12;23;-13;25;-13;26;-13;26;-13;25;-13;24;-12;22;-11;21;-9;19;-7;18;-4;17;0;16;3;17;6;19;10;21;13;23;15;26;16;29;17;32;16;34;15;54;0;25;6;25;6;24;5;23;4;22;4;21;3;20;3;20;2;20;2;19;1;19;1;18;0;17;0;17;0;16;0;16;0;16;0;16;-1;16;-1;15;-1;14;-1;13;-1;13;-1;13;0;13;0;13;0;13;0;12;0;4;0;1;0;-1;-1;-2;0;-1;-1;1;-1;6;-1;17;-1;18;0;18;1;18;2;19;3;19;3;20;4;20;4;20;5;20;6;20;7;21;8;21;8;21;8;21;8;21;8;21;8;21;8;21;8;21;8;22;8;23;8;23;7;24;7;24;7;24;7;24;7;24;7;54;0;8;-1;9;-1;9;-2;10;-2;10;-2;10;-1;10;-1;9;-1;8;-1;8;-2;8;-2;9;-2;10;-2;10;-1;10;-1;9;0;9;0;9;0;9;0;10;0;10;0;10;1;10;2;9;2;9;3;8;3;8;3;8;3;3;1;0;0;-1;-1;-1;0;-1;0;0;-1;0;-2;1;-5;2;-5;2;-4;2;-3;2;-3;2;-4;2;-4;3;-5;4;-5;5;-4;5;-3;5;-3;5;-2;4;-2;5;-3;5;-3;6;-3;7;-3;7;-2;7;-1;7;-1;7;-2;7;-2;8;-2;9;-2;10;-2;10;-1;10;-1,empty,EXP_S154,ZONE_02,sortie_zone,4.1,sortie_zone,sortie de la zone
1221857198,-53,6,a0:9f:7a:73:2b:3e,384,-110;-96;8;0;18;34;19;31;20;28;19;23;18;19;15;15;11;12;6;10;2;11;-2;12;-5;14;-8;17;-9;21;-9;24;-8;27;-5;28;-3;29;0;27;3;25;5;22;6;18;5;13;4;9;2;5;0;3;-1;0;0;0;0;0;0;0;0;0;0;0;0;0;0;0;0;0;0;0;4;-3;19;-12;19;-11;20;-9;20;-8;20;-6;20;-3;21;-1;22;2;22;5;23;7;24;9;25;10;26;11;26;11;26;11;25;10;24;10;22;10;19;10;16;11;14;13;11;16;10;20;9;24;10;28;12;31;39;0;17;22;16;21;16;20;16;19;15;18;15;17;15;16;14;16;14;16;14;15;14;14;14;13;13;13;13;12;13;12;12;12;12;12;12;12;12;11;12;11;11;10;10;10;10;10;9;10;9;10;8;10;8;10;8;11;2;4;0;1;-1;-1;-2;-1;-1;-1;1;0;6;2;17;8;16;9;16;10;16;11;16;12;16;13;16;14;16;15;15;15;15;16;15;17;14;18;14;18;13;19;13;19;13;19;13;19;13;20;14;20;14;20;14;20;14;20;15;21;16;21;16;21;16;21;16;21;16;21;39;0;-3;10;-2;9;-2;9;-1;10;-1;10;-1;11;-1;11;-1;10;-1;10;-1;9;0;9;0;9;1;10;1;10;0;11;0;10;0;10;0;10;0;10;0;10;0;10;0;11;-1;11;-1;11;-2;11;-2;10;-3;10;-3;10;-1;3;-1;1;0;-1;0;0;0;-1;-1;-1;-1;0;-2;0;-2;0;-2;0;-2;1;-2;1;-3;1;-2;0;-2;0;-1;1;-1;1;-1;2;-2;3;-2;3;-2;3;-2;3;-2;3;-1;4;-1;5;-1;5;-2;6;-2;6;-2;6;-2;6;-1;7;-1;8;-1;9;-1;9;-1;10,empty,EXP_S154,ZONE_02,sortie_zone,4.1,sortie_zone,sortie de la zone
1222052385,-52,6,a0:9f:7a:73:2b:3e,384,-110;-96;8;0;37;9;36;6;33;3;29;1;25;-1;20;-1;15;1;11;3;8;6;6;10;6;14;7;18;9;21;12;24;15;25;18;24;20;22;22;20;22;16;21;12;18;8;15;5;11;3;6;2;3;2;0;0;0;0;0;0;0;0;0;0;0;0;0;0;0;0;0;0;0;0;2;-5;9;-19;11;-19;13;-19;14;-18;16;-18;18;-17;20;-16;21;-16;23;-15;24;-14;25;-13;25;-13;25;-12;25;-11;24;-10;23;-9;22;-7;21;-5;20;-3;20;0;21;3;22;6;24;9;27;11;30;12;33;13;45;0;24;12;24;12;23;11;22;11;22;10;21;9;20;9;20;8;19;7;19;6;19;6;19;5;18;5;18;5;18;5;17;5;17;5;16;5;16;5;15;5;15;5;14;5;14;5;14;5;13;5;13;5;12;5;12;6;4;2;1;0;-1;-1;-2;-1;-1;-1;2;0;7;1;19;3;19;4;19;5;19;6;20;7;20;8;20;9;20;10;20;11;20;12;20;12;20;12;20;13;20;13;20;13;20;14;20;14;20;14;20;14;20;14;21;14;21;14;22;14;22;14;23;13;24;13;24;13;24;13;45;0;4;8;5;9;5;9;5;9;5;9;5;9;5;9;5;9;5;9;5;8;5;8;6;9;6;9;6;9;6;9;6;9;6;10;6;10;6;10;5;10;5;10;5;10;4;10;4;10;4;11;3;11;2;11;2;11;0;4;0;1;-1;-1;0;0;-1;0;-1;-1;-1;-1;-1;-2;-1;-2;0;-2;0;-2;0;-2;0;-2;1;-2;1;-1;1;-1;1;-1;2;-1;2;0;2;0;2;1;2;1;2;1;2;2;2;2;3;3;3;3;3;4;4;5;4;5;4;5;4;6;4;7;4;7;5;7,empty,EXP_S154,ZONE_02,sortie_zone,4.1,sortie_zone,sortie de la zone
1222252217,-52,6,a0:9f:7a:73:2b:3e,384,-110;-96;8;0;17;-17;16;-14;17;-11;17;-9;18;-7;18;-6;19;-5;19;-5;20;-5;20;-5;21;-5;21;-5;21;-5;21;-5;21;-5;20;-5;19;-4;18;-4;16;-3;15;-2;14;-2;12;-1;11;1;10;3;9;4;2;1;0;0;0;0;0;0;0;0;0;0;0;0;0;0;0;0;0;0;0;-4;4;-17;5;-20;6;-24;6;-27;5;-30;3;-32;1;-33;0;-32;-2;-31;-2;-28;-2;-25;-1;-21;1;-18;4;-15;8;-13;12;-11;16;-11;19;-12;22;-14;24;-16;25;-19;26;-21;25;-24;24;-25;22;-26;21;-25;51;0;22;-14;22;-14;21;-13;20;-13;19;-12;19;-12;18;-12;17;-12;16;-11;16;-11;15;-11;15;-11;15;-11;15;-11;15;-10;14;-10;14;-10;14;-9;14;-9;14;-8;13;-8;13;-7;13;-7;13;-6;12;-6;12;-5;13;-4;13;-4;4;-2;1;-1;-1;0;-1;0;-1;0;0;-2;2;-6;7;-16;8;-16;9;-16;10;-16;11;-16;12;-15;13;-15;14;-15;15;-15;16;-15;16;-14;17;-14;18;-14;18;-14;19;-13;19;-13;19;-13;19;-12;20;-12;20;-12;20;-13;20;-13;21;-13;21;-13;21;-14;22;-14;22;-14;22;-14;51;0;-2;-6;-2;-6;-2;-6;-2;-5;-2;-5;-1;-5;-1;-4;-1;-4;-1;-4;0;-4;0;-4;0;-4;1;-4;1;-3;1;-3;1;-3;2;-3;2;-2;2;-2;3;-2;3;-2;3;-1;3;-1;3;-1;3;0;3;0;3;1;3;1;1;0;0;0;-1;-1;0;0;0;0;-2;-1;-4;-1;-10;-3;-10;-3;-9;-4;-9;-5;-9;-5;-9;-6;-9;-6;-9;-6;-9;-7;-9;-7;-8;-7;-8;-8;-7;-8;-7;-8;-6;-8;-6;-8;-6;-8;-6;-8;-6;-8;-5;-8;-5;-8;-5;-8;-4;-8;-4;-8;-4;-8;-4;-8;-4;-7;-4;-7,empty,EXP_S154,ZONE_02,sortie_zone,4.1,sortie_zone,sortie de la zone
1222454159,-53,6,a0:9f:7a:73:2b:3e,384,-110;-96;8;0;24;-6;24;-4;23;-3;23;-2;23;-2;23;-2;22;-2;21;-2;20;-2;20;-2;20;-2;20;-1;20;-1;20;0;20;0;21;0;21;0;20;0;19;0;18;-1;16;-1;14;-1;12;0;11;1;9;2;2;0;0;0;0;0;0;0;0;0;0;0;0;0;0;0;0;0;0;0;3;-3;15;-12;17;-13;19;-15;21;-18;22;-20;22;-22;21;-22;20;-22;18;-22;16;-20;15;-18;15;-15;15;-12;16;-9;18;-6;20;-5;23;-4;25;-4;27;-5;29;-6;30;-8;29;-10;28;-11;28;-12;27;-12;26;-11;29;0;54;-1;53;-1;51;0;49;0;47;1;45;1;44;1;43;1;42;1;41;0;40;0;39;0;38;1;37;1;37;2;36;3;35;4;34;4;33;5;32;6;31;7;30;8;29;8;28;9;27;10;25;11;24;13;23;14;8;5;2;1;-1;-1;-2;1;-1;0;2;-4;8;-11;25;-29;27;-28;30;-26;32;-25;35;-24;36;-23;38;-21;39;-20;41;-18;42;-16;44;-14;45;-13;45;-11;46;-10;47;-9;47;-8;47;-7;48;-6;48;-5;48;-4;49;-4;50;-4;50;-4;51;-4;52;-3;53;-3;53;-2;54;-2;29;0;-5;-5;-4;-5;-3;-5;-2;-5;-1;-4;-1;-3;-1;-3;-1;-2;-1;-2;0;-2;0;-1;1;-1;2;0;3;1;3;1;3;2;3;2;3;2;3;3;4;4;4;4;4;6;4;7;3;7;3;8;2;8;1;8;1;9;0;3;0;1;-1;-1;0;0;0;0;-2;-1;-6;-3;-15;-7;-14;-8;-13;-9;-12;-9;-12;-10;-12;-10;-12;-11;-12;-12;-11;-12;-10;-13;-9;-12;-9;-12;-8;-12;-8;-11;-8;-12;-8;-12;-7;-12;-6;-11;-5;-10;-5;-9;-5;-9;-6;-9;-6;-9;-6;-9;-5;-8;-5;-8;-5;-7;-5;-6,empty,EXP_S154,ZONE_02,sortie_zone,4.1,sortie_zone,sortie de la zone
1222652465,-52,6,a0:9f:7a:73:2b:3e,384,-110;-96;8;0;-22;-20;-21;-18;-19;-17;-17;-16;-16;-15;-14;-14;-12;-14;-10;-15;-9;-16;-9;-17;-9;-18;-10;-20;-11;-21;-13;-21;-14;-20;-15;-19;-16;-17;-17;-15;-16;-12;-14;-10;-12;-8;-9;-7;-6;-6;-3;-6;-1;-7;-1;-2;0;0;0;0;0;0;0;0;0;0;0;0;0;0;0;0;0;0;-5;-2;-18;-8;-19;-9;-20;-10;-21;-11;-22;-11;-24;-11;-24;-11;-24;-11;-23;-11;-22;-11;-21;-12;-20;-12;-18;-13;-17;-14;-17;-15;-16;-16;-16;-17;-16;-18;-17;-19;-18;-20;-18;-21;-19;-21;-20;-22;-21;-23;-22;-23;-22;-23;35;0;-37;-40;-36;-39;-35;-38;-34;-36;-33;-35;-32;-33;-31;-32;-30;-30;-30;-29;-29;-28;-29;-27;-29;-26;-28;-25;-27;-25;-27;-24;-26;-24;-25;-24;-25;-24;-24;-23;-23;-23;-21;-22;-20;-22;-19;-21;-18;-21;-17;-21;-16;-21;-15;-22;-14;-22;-5;-8;-2;-3;0;0;2;0;1;0;-4;-1;-13;-5;-35;-13;-34;-15;-34;-17;-34;-20;-34;-22;-34;-23;-34;-25;-34;-27;-33;-28;-33;-30;-33;-32;-33;-33;-32;-33;-32;-34;-32;-34;-32;-35;-31;-35;-31;-36;-32;-37;-32;-37;-33;-37;-33;-38;-34;-38;-35;-39;-36;-39;-36;-39;-37;-40;-37;-40;35;0;-4;-3;-5;-3;-6;-3;-7;-4;-8;-5;-8;-6;-7;-7;-6;-7;-6;-7;-6;-7;-7;-7;-8;-7;-8;-8;-9;-9;-8;-10;-8;-11;-7;-11;-7;-11;-7;-11;-8;-12;-7;-13;-7;-14;-5;-15;-4;-15;-3;-15;-2;-15;-2;-15;-1;-16;-1;-6;0;-2;0;0;-1;-1;0;-1;0;0;-1;2;-1;7;-1;6;-1;6;-1;6;-1;6;-1;6;-2;7;-3;7;-4;6;-5;5;-5;4;-4;4;-4;4;-4;4;-4;4;-5;4;-6;3;-6;2;-5;1;-5;1;-4;1;-4;1;-4;2;-5;1;-6;1;-7;-1;-7;-2;-6;-3,empty,EXP_S154,ZONE_02,sortie_zone,4.1,sortie_zone,sortie de la zone
1222852191,-53,6,a0:9f:7a:73:2b:3e,384,-110;-96;8;0;-27;12;-25;12;-22;12;-19;11;-17;9;-15;7;-14;4;-14;2;-15;0;-16;-1;-18;-2;-20;-1;-22;0;-23;1;-23;3;-23;5;-22;7;-20;8;-17;8;-14;8;-11;7;-9;5;-7;2;-6;0;-6;-3;-2;-1;0;0;0;0;0;0;0;0;0;0;0;0;0;0;0;0;0;0;-2;3;-9;13;-10;13;-12;14;-14;14;-16;15;-17;15;-19;16;-19;17;-20;17;-19;17;-19;17;-19;16;-18;15;-18;14;-17;12;-17;11;-17;9;-18;8;-19;6;-21;5;-22;5;-24;5;-26;5;-28;6;-29;7;-30;9;48;0;-47;16;-45;16;-44;16;-42;16;-40;16;-38;16;-37;16;-35;16;-34;17;-33;17;-31;17;-30;17;-29;17;-28;17;-27;17;-27;17;-27;17;-26;17;-25;16;-24;16;-24;15;-23;14;-22;14;-22;13;-22;13;-22;12;-22;11;-22;11;-8;3;-3;1;0;-1;1;-2;1;-1;-3;2;-11;7;-29;19;-31;18;-32;17;-34;15;-35;14;-36;14;-38;13;-39;12;-40;11;-41;10;-42;10;-43;9;-43;8;-43;7;-43;7;-43;7;-43;7;-44;7;-44;8;-45;8;-45;9;-45;10;-46;11;-47;12;-47;13;-48;13;-48;14;-47;14;48;0;-11;2;-11;2;-11;2;-11;2;-11;3;-12;3;-12;3;-12;3;-12;3;-11;3;-11;4;-12;4;-12;4;-12;4;-13;4;-13;4;-13;4;-14;4;-14;4;-15;4;-15;3;-15;3;-15;2;-16;2;-16;1;-16;0;-16;0;-17;-1;-6;-1;-2;-1;0;-1;-1;-1;-1;-1;0;0;0;2;1;6;1;6;0;6;0;6;-1;6;-1;6;-1;6;-2;6;-3;6;-3;6;-4;6;-4;6;-4;5;-5;5;-5;4;-6;4;-6;4;-7;4;-7;4;-8;4;-8;4;-8;3;-8;4;-9;4;-10;4;-10;3;-11;3;-11;3,empty,EXP_S154,ZONE_02,sortie_zone,4.1,sortie_zone,sortie de la zone
1223052511,-54,6,a0:9f:7a:73:2b:3e,384,-110;-96;8;0;-3;30;-1;28;0;26;0;23;-1;20;-2;18;-3;17;-5;16;-6;16;-8;17;-9;18;-9;20;-9;21;-8;23;-6;24;-4;24;-2;23;-1;21;1;19;1;16;1;13;0;10;-2;8;-4;6;-6;6;-2;1;0;0;0;0;0;0;0;0;0;0;0;0;0;0;0;0;0;0;1;3;6;14;5;15;5;17;4;18;4;20;4;21;4;22;4;22;4;23;4;23;4;23;3;22;3;21;2;21;1;20;0;20;-1;20;-3;20;-4;20;-5;21;-6;22;-7;24;-8;26;-7;28;-7;30;-6;31;38;0;-12;51;-11;50;-11;49;-10;47;-9;46;-8;45;-7;43;-6;42;-5;41;-4;41;-3;40;-2;39;-2;38;-2;37;-2;36;-1;36;-1;35;-1;35;-1;34;-1;33;-1;32;-2;31;-2;30;-2;29;-3;28;-3;28;-4;27;-5;27;-2;9;-1;2;0;-1;-1;-2;-1;-2;1;3;2;10;6;30;4;31;2;32;0;33;-1;34;-3;35;-4;36;-5;37;-6;38;-8;39;-9;39;-10;40;-11;40;-12;40;-13;40;-13;40;-13;41;-14;41;-14;42;-14;42;-14;43;-13;45;-13;46;-13;47;-13;48;-13;49;-13;50;-13;50;38;0;-3;9;-3;9;-3;9;-3;9;-3;9;-3;9;-3;9;-3;9;-3;8;-3;8;-2;9;-2;9;-1;10;-2;11;-2;11;-2;11;-3;11;-3;12;-3;12;-3;13;-3;13;-4;13;-5;13;-6;13;-6;12;-7;12;-8;12;-9;12;-3;4;-2;1;0;-1;-1;0;-1;0;0;-1;1;-1;4;-2;4;-2;4;-2;4;-1;4;-1;4;0;4;0;5;1;5;1;4;2;4;2;3;3;3;3;2;3;2;4;2;4;2;4;1;5;1;5;0;6;0;6;0;6;0;6;-1;7;-1;8;-2;9;-2;9;-2;9,empty,EXP_S154,ZONE_02,sortie_zone,4.1,sortie_zone,sortie de la zone
1223252364,-55,6,a0:9f:7a:73:2b:3e,384,-110;-96;8;0;23;20;20;14;18;7;17;-1;17;-8;19;-15;22;-21;26;-24;29;-26;33;-26;36;-25;37;-23;37;-20;35;-17;32;-13;28;-11;22;-10;16;-10;11;-12;6;-15;3;-20;1;-24;1;-28;2;-32;4;-34;1;-9;0;0;0;0;0;0;0;0;0;0;0;0;0;0;0;0;0;0;-3;1;-12;4;-10;3;-8;2;-5;3;-1;4;2;7;4;11;5;15;5;19;3;22;1;24;-1;25;-3;24;-3;23;-3;20;-1;17;2;14;7;11;13;10;19;10;25;11;30;13;34;16;36;20;37;23;36;25;-122;0;4;14;4;14;3;13;2;13;1;13;0;14;-1;14;-1;15;0;14;0;14;-1;13;-1;13;-2;13;-3;13;-3;14;-3;14;-3;14;-4;13;-4;12;-5;12;-6;11;-6;11;-7;11;-7;12;-7;11;-7;11;-7;10;-7;9;-3;3;-1;0;0;-1;-1;0;-1;0;0;-1;0;-3;1;-8;2;-7;3;-7;3;-6;4;-6;5;-5;5;-5;6;-5;6;-4;6;-3;6;-2;7;-1;7;-1;7;0;8;1;7;1;7;2;7;3;6;4;6;5;7;6;7;7;7;8;7;8;6;9;5;10;5;11;4;11;-122;0;30;7;30;7;30;7;30;7;29;7;29;7;28;7;27;6;27;6;27;6;27;6;27;6;27;7;27;7;27;8;27;9;27;9;27;10;26;11;25;12;24;13;23;14;21;15;20;16;19;17;17;18;16;19;15;20;5;7;1;2;-1;-1;-1;0;-1;-1;0;-1;2;-1;7;-1;7;-1;8;-1;9;0;10;0;10;0;11;0;12;0;13;0;14;1;15;1;16;2;16;2;17;3;17;3;18;3;19;4;20;4;21;4;21;4;22;4;23;4;25;4;26;5;27;5;28;6;29;6;30;7,empty,EXP_S154,ZONE_02,sortie_zone,4.1,sortie_zone,sortie de la zone
1223455344,-52,6,a0:9f:7a:73:2b:3e,384,-110;-96;8;0;-15;11;-16;15;-17;18;-18;20;-18;21;-19;22;-19;22;-18;22;-17;21;-16;19;-14;18;-12;17;-9;15;-6;15;-3;14;0;14;3;15;6;15;8;16;10;17;11;18;11;20;10;20;9;21;8;21;2;5;0;0;0;0;0;0;0;0;0;0;0;0;0;0;0;0;0;0;-1;-5;0;-19;2;-21;5;-23;8;-24;11;-23;12;-21;13;-18;13;-14;11;-11;7;-8;2;-5;-3;-4;-9;-5;-14;-6;-18;-9;-21;-11;-23;-14;-24;-17;-25;-18;-24;-19;-23;-19;-21;-18;-19;-16;-17;-13;-15;-9;-14;-6;-110;0;15;-8;15;-7;16;-7;16;-7;15;-8;14;-10;12;-11;10;-11;8;-10;8;-9;8;-9;9;-10;9;-11;8;-12;6;-13;5;-12;4;-11;5;-10;6;-9;6;-9;7;-10;6;-11;5;-11;4;-10;3;-9;3;-8;4;-7;5;-6;1;-3;0;-1;-1;0;-2;0;-1;0;1;-2;6;-4;17;-10;18;-9;19;-9;19;-9;19;-9;19;-8;20;-7;21;-6;22;-5;23;-5;24;-5;24;-5;23;-5;22;-4;22;-3;21;-2;22;-2;22;-2;23;-4;22;-5;21;-6;20;-5;20;-5;20;-4;21;-4;21;-5;21;-7;21;-8;-110;0;-44;17;-44;17;-43;17;-41;17;-39;18;-37;20;-36;21;-35;22;-34;23;-34;23;-33;23;-32;23;-31;24;-31;24;-31;25;-31;25;-31;26;-32;25;-32;24;-31;23;-31;22;-30;21;-30;20;-30;20;-30;19;-31;17;-32;15;-33;13;-12;4;-4;1;0;-1;1;0;0;0;-3;-1;-9;-2;-25;-5;-25;-5;-24;-5;-25;-5;-25;-5;-27;-5;-28;-5;-29;-6;-29;-6;-29;-6;-29;-5;-30;-4;-31;-4;-32;-4;-33;-4;-33;-4;-33;-3;-33;-2;-34;0;-35;3;-37;5;-38;6;-40;8;-41;9;-42;10;-42;11;-43;13;-43;14,empty,EXP_S154,ZONE_02,sortie_zone,4.1,sortie_zone,sortie de la zone
1223654468,-51,6,a0:9f:7a:73:2b:3e,384,-110;-96;8;0;9;-10;11;-15;13;-19;14;-22;14;-24;14;-26;13;-26;12;-25;11;-24;9;-22;7;-20;4;-17;1;-14;-2;-11;-6;-7;-9;-4;-12;-2;-16;1;-19;2;-21;3;-23;4;-24;4;-24;4;-24;4;-24;3;-6;0;0;0;0;0;0;0;0;0;0;0;0;0;0;0;0;0;0;0;-4;-2;-16;-6;-18;-8;-19;-11;-20;-14;-19;-17;-17;-18;-15;-18;-12;-17;-8;-15;-5;-11;-1;-6;1;-1;2;5;3;11;4;16;3;21;3;25;2;28;2;29;1;30;1;29;0;27;0;23;1;19;2;14;3;9;111;0;-26;-1;-26;-1;-25;-1;-25;0;-24;1;-23;2;-22;3;-20;4;-19;5;-18;4;-18;4;-18;5;-18;6;-18;7;-18;7;-17;7;-16;7;-16;6;-16;5;-16;5;-16;5;-16;6;-15;6;-14;6;-13;5;-13;3;-13;2;-14;1;-5;0;-2;-1;0;-1;1;-1;0;-1;-3;1;-8;2;-22;7;-23;6;-25;5;-26;4;-26;3;-26;3;-27;2;-27;1;-28;-1;-29;-2;-30;-3;-30;-3;-29;-4;-29;-4;-28;-5;-28;-5;-28;-6;-28;-6;-29;-5;-29;-5;-28;-4;-28;-4;-28;-4;-28;-4;-28;-4;-29;-3;-30;-2;-30;-1;111;0;39;0;39;0;38;0;37;-1;36;-2;36;-4;35;-5;34;-6;34;-7;33;-8;32;-8;32;-9;31;-10;31;-11;31;-11;32;-12;32;-12;33;-11;33;-11;32;-10;31;-10;31;-9;31;-9;31;-8;31;-7;31;-6;31;-4;31;-2;11;-1;3;0;-2;0;-2;-1;-1;-1;2;1;6;4;16;11;16;11;15;11;16;11;16;11;17;11;18;12;19;12;19;13;19;13;19;12;20;12;21;12;22;12;23;12;23;12;23;11;24;10;25;9;26;8;28;7;30;6;32;6;33;6;34;5;35;4;36;3;37;2,empty,EXP_S154,ZONE_02,sortie_zone,4.1,sortie_zone,sortie de la zone
1223852971,-50,6,a0:9f:7a:73:2b:3e,384,-110;-96;8;0;-11;-2;-17;-2;-22;-1;-26;-1;-29;0;-30;1;-31;2;-30;3;-28;4;-25;5;-21;5;-17;5;-12;5;-7;4;-2;4;3;3;9;3;13;2;17;2;20;2;22;2;23;1;24;1;23;1;22;1;5;0;0;0;0;0;0;0;0;0;0;0;0;0;0;0;0;0;0;0;-4;2;-17;9;-20;9;-24;8;-26;7;-28;6;-28;5;-27;3;-24;1;-20;-1;-15;-2;-9;-3;-2;-4;5;-4;11;-3;17;-2;22;-2;27;-1;30;-1;32;-1;33;-1;33;-1;31;-1;28;-1;23;-1;17;-2;12;-2;96;0;1;16;1;16;1;15;1;15;1;14;1;14;2;13;2;12;2;12;3;11;3;11;3;11;3;11;3;11;3;11;3;10;3;10;2;10;2;10;2;10;2;10;2;9;2;9;1;9;1;8;0;8;0;8;-1;8;-1;3;-1;0;-1;-1;-1;-1;-1;-1;0;1;2;3;6;11;6;11;5;12;5;13;5;13;4;14;4;14;3;14;2;15;2;16;1;16;1;17;1;16;0;16;0;16;-1;16;-1;16;-1;16;-1;16;-1;16;-1;16;-1;16;0;16;0;17;0;17;0;17;0;17;0;18;96;0;2;-19;2;-19;2;-19;1;-18;1;-18;0;-17;-1;-17;-1;-17;-2;-17;-2;-16;-2;-16;-2;-16;-3;-16;-3;-15;-3;-16;-3;-16;-3;-16;-3;-16;-3;-15;-2;-15;-2;-15;-2;-15;-2;-15;-2;-15;-1;-15;0;-15;1;-15;1;-15;0;-6;0;-2;0;0;-1;0;-1;0;0;-2;1;-4;3;-11;3;-10;3;-10;3;-10;4;-11;4;-11;4;-12;5;-12;5;-12;5;-12;5;-12;5;-13;5;-13;5;-13;5;-14;6;-14;6;-14;5;-14;5;-14;5;-15;4;-15;4;-16;4;-17;4;-17;3;-17;3;-18;3;-18;3;-19,empty,EXP_S154,ZONE_02,sortie_zone,4.1,sortie_zone,sortie de la zone
1224057564,-56,6,a0:9f:7a:73:2b:3e,384,-110;-96;8;0;11;-35;11;-35;11;-34;9;-33;7;-31;5;-30;3;-29;0;-29;-3;-28;-5;-27;-7;-26;-9;-26;-10;-25;-12;-24;-13;-24;-15;-23;-16;-23;-17;-22;-18;-22;-19;-22;-19;-21;-19;-21;-19;-20;-18;-20;-18;-20;-5;-5;0;0;0;0;0;0;0;0;0;0;0;0;0;0;0;0;0;0;4;3;16;16;12;17;7;18;2;17;-2;13;-4;8;-4;2;-2;-4;2;-10;7;-13;13;-15;19;-16;24;-14;28;-11;30;-8;30;-5;29;-3;27;-1;24;-1;20;-3;17;-5;14;-9;11;-14;10;-19;9;-24;9;-28;-106;0;-6;-5;-6;-4;-5;-4;-5;-3;-4;-3;-4;-2;-3;-2;-3;-1;-2;-1;-2;-1;-2;0;-2;0;-2;1;-2;1;-1;1;-1;1;-1;0;-1;0;-1;1;-1;1;-1;1;-1;1;-1;1;-1;0;-1;0;-1;0;-1;0;-2;0;-1;0;-1;0;0;-1;0;0;0;0;-2;-1;-6;-1;-16;-2;-16;-3;-15;-4;-15;-5;-15;-6;-15;-6;-14;-7;-14;-7;-14;-8;-14;-8;-13;-8;-13;-8;-12;-9;-12;-9;-12;-9;-11;-9;-11;-9;-10;-9;-10;-8;-9;-8;-9;-8;-9;-7;-9;-7;-8;-7;-8;-7;-8;-6;-8;-6;-7;-5;-106;0;14;-27;14;-27;13;-27;13;-27;12;-27;11;-26;10;-26;10;-26;9;-26;9;-26;8;-26;7;-26;7;-26;6;-26;6;-26;7;-26;7;-26;7;-26;8;-26;8;-26;8;-25;9;-25;9;-24;9;-23;10;-23;11;-22;12;-21;13;-20;4;-8;1;-3;-1;0;-1;0;-1;0;0;-1;1;-2;4;-5;4;-5;4;-6;5;-6;5;-7;6;-7;6;-8;6;-9;7;-9;7;-10;8;-11;9;-12;9;-12;10;-12;10;-13;10;-13;11;-14;11;-15;11;-16;12;-18;12;-19;12;-20;12;-21;13;-22;13;-23;13;-25;13;-26;14;-26,empty,EXP_S154,ZONE_02,sortie_zone,4.1,sortie_zone,sortie de la zone
1224253595,-57,6,a0:9f:7a:73:2b:3e,384,-110;-96;8;0;-3;43;-1;40;1;36;3;30;4;24;5;16;5;9;4;2;2;-5;-1;-11;-4;-16;-7;-20;-11;-23;-15;-25;-18;-25;-21;-24;-23;-23;-23;-20;-23;-17;-23;-14;-20;-10;-18;-5;-14;-1;-11;2;-8;4;-2;1;0;0;0;0;0;0;0;0;0;0;0;0;0;0;0;0;0;0;-6;1;-23;6;-22;3;-20;-1;-16;-5;-12;-10;-7;-14;-1;-18;4;-22;9;-25;14;-27;18;-29;21;-30;23;-30;24;-29;24;-27;22;-24;20;-20;16;-15;13;-10;9;-3;5;4;1;12;-1;19;-4;27;-5;33;-5;38;78;0;6;22;6;21;6;20;6;18;6;17;6;15;6;14;6;14;6;13;6;13;7;12;7;11;7;10;7;9;6;9;6;9;7;9;7;9;7;8;8;8;7;7;7;6;6;6;6;6;6;7;6;7;6;7;6;7;2;2;0;0;-1;-1;-1;-2;-1;-1;1;1;4;5;12;16;11;17;10;18;9;19;8;19;8;20;8;21;8;21;7;22;7;22;6;22;6;22;5;23;4;23;4;23;4;24;5;23;5;23;5;22;4;22;4;22;5;23;5;23;6;23;6;23;6;22;6;22;6;22;78;0;-8;19;-8;19;-7;19;-6;19;-5;19;-5;19;-5;19;-4;19;-4;18;-3;18;-2;17;-1;18;-1;18;0;18;0;19;-1;19;-1;19;-1;18;0;18;0;18;-1;18;-1;18;-2;18;-2;18;-3;17;-3;17;-4;17;-5;16;-2;6;-1;1;0;-1;0;-1;0;-1;-1;0;-1;1;-3;5;-3;5;-4;6;-4;6;-5;6;-5;6;-5;6;-5;7;-5;8;-5;9;-6;9;-7;10;-8;10;-8;9;-8;9;-7;10;-7;11;-7;12;-8;13;-8;13;-9;14;-8;14;-8;15;-8;16;-8;17;-8;18;-8;19;-8;20,empty,EXP_S154,ZONE_02,sortie_zone,4.1,sortie_zone,sortie de la zone
1224452346,-54,6,a0:9f:7a:73:2b:3e,384,-110;-96;8;0;45;4;41;2;35;0;29;-3;22;-5;14;-6;6;-7;-2;-8;-9;-7;-16;-6;-22;-4;-27;-2;-31;0;-33;2;-34;5;-34;7;-32;8;-30;10;-26;11;-22;12;-17;12;-11;12;-6;11;-1;11;3;10;1;2;0;0;0;0;0;0;0;0;0;0;0;0;0;0;0;0;0;0;6;3;23;13;19;14;14;15;7;14;0;13;-7;10;-14;7;-21;3;-27;-1;-32;-5;-36;-8;-38;-11;-39;-14;-38;-15;-35;-16;-31;-16;-26;-15;-19;-12;-12;-9;-4;-6;5;-3;13;0;22;2;30;3;37;4;41;5;96;0;21;-1;21;-2;20;-2;19;-2;17;-2;16;-2;15;-2;15;-3;14;-3;13;-3;13;-4;12;-4;11;-4;11;-4;10;-4;10;-4;10;-4;10;-4;10;-4;9;-4;8;-4;8;-4;8;-4;8;-3;8;-3;8;-3;8;-3;8;-3;3;-2;0;-1;-1;0;-2;0;-1;0;2;-2;6;-4;19;-10;19;-9;20;-7;21;-6;21;-5;22;-5;23;-4;23;-4;23;-3;24;-2;24;-2;24;-1;24;-1;24;0;24;0;23;0;23;0;23;0;23;0;23;0;23;0;23;0;23;0;23;-1;23;-1;23;-2;22;-2;22;-2;96;0;21;9;21;8;21;8;21;7;21;6;21;5;21;5;21;4;21;3;20;2;20;1;21;0;21;0;21;0;22;0;21;0;21;1;21;1;21;1;21;1;20;1;20;2;20;2;19;2;19;3;18;4;18;4;17;5;6;2;1;0;-1;-1;-1;-1;-1;-1;0;0;2;1;5;5;6;6;6;6;6;7;6;8;6;8;6;8;7;9;7;9;8;9;8;10;9;10;9;11;9;11;9;10;10;10;11;10;11;10;12;11;13;11;14;11;15;11;15;11;17;10;18;10;19;9;20;9;21;9,empty,EXP_S154,ZONE_02,sortie_zone,4.1,sortie_zone,sortie de la zone
1224655464,-54,6,a0:9f:7a:73:2b:3e,384,-110;-96;8;0;-31;-16;-30;-16;-28;-15;-26;-13;-24;-10;-23;-7;-21;-3;-20;1;-19;4;-18;7;-17;9;-16;12;-16;15;-16;17;-15;18;-15;19;-15;19;-14;20;-13;19;-12;19;-11;18;-10;18;-9;17;-7;16;-6;16;-2;4;0;0;0;0;0;0;0;0;0;0;0;0;0;0;0;0;0;0;6;1;24;5;21;7;17;10;12;10;7;9;2;5;-2;0;-4;-6;-5;-13;-4;-19;-1;-25;3;-28;7;-30;11;-30;13;-29;15;-27;15;-24;13;-20;10;-17;6;-14;0;-11;-6;-10;-12;-10;-17;-10;-23;-11;-26;-13;-126;0;-19;4;-19;5;-17;5;-16;5;-13;5;-11;4;-10;3;-9;2;-9;2;-9;2;-8;3;-7;3;-6;3;-5;3;-4;2;-4;2;-5;2;-5;2;-5;3;-5;3;-4;3;-3;3;-3;2;-3;1;-4;1;-4;1;-5;1;-5;2;-2;0;-1;0;0;-1;0;-2;0;-1;-1;3;-4;10;-11;28;-12;27;-14;27;-16;25;-18;24;-20;23;-21;23;-22;22;-23;22;-23;21;-24;20;-24;18;-25;17;-26;16;-26;15;-26;14;-26;14;-25;13;-24;12;-24;10;-24;9;-24;9;-24;9;-24;9;-23;9;-22;9;-21;9;-20;8;-126;0;-41;-30;-41;-30;-41;-29;-40;-28;-40;-26;-40;-25;-40;-24;-40;-23;-39;-22;-39;-21;-39;-20;-39;-19;-39;-19;-39;-19;-39;-20;-39;-20;-38;-21;-37;-21;-37;-22;-35;-22;-34;-23;-33;-23;-31;-23;-30;-24;-28;-25;-26;-26;-24;-27;-23;-28;-8;-11;-3;-4;0;0;0;0;0;0;-2;-2;-6;-4;-16;-12;-16;-13;-17;-14;-17;-15;-18;-16;-18;-17;-18;-18;-19;-19;-20;-19;-21;-20;-22;-21;-23;-23;-23;-24;-22;-25;-22;-25;-23;-25;-24;-25;-25;-25;-27;-26;-29;-27;-30;-27;-31;-28;-33;-28;-34;-28;-36;-28;-38;-29;-40;-29;-41;-30,empty,EXP_S154,ZONE_02,sortie_zone,4.1,sortie_zone,sortie de la zone
1224853821,-52,6,a0:9f:7a:73:2b:3e,384,-110;-96;8;0;-27;-2;-30;-2;-32;-1;-33;1;-33;2;-31;4;-28;6;-24;7;-20;8;-16;9;-11;9;-5;9;0;8;5;7;10;6;15;5;18;4;21;3;23;2;25;1;25;0;24;-2;23;-3;21;-4;19;-4;4;-2;0;0;0;0;0;0;0;0;0;0;0;0;0;0;0;0;0;0;-5;3;-21;11;-23;9;-25;7;-25;4;-24;1;-22;-2;-18;-5;-13;-7;-7;-8;0;-9;6;-10;13;-9;19;-8;24;-6;28;-4;30;-3;31;-2;31;-1;30;0;27;0;23;0;18;-1;12;-1;6;-2;-2;-2;-7;-3;103;0;-9;13;-9;12;-9;12;-8;11;-7;11;-6;11;-5;10;-5;10;-4;10;-4;9;-4;9;-3;9;-3;9;-2;9;-2;9;-2;8;-2;8;-2;8;-2;8;-2;8;-2;8;-2;7;-2;7;-2;7;-2;6;-2;6;-3;6;-3;6;-2;2;-1;0;0;-1;0;-1;0;-1;-1;1;-1;5;-3;16;-4;16;-5;16;-6;16;-7;16;-8;15;-9;15;-9;15;-10;15;-11;15;-11;15;-12;15;-12;14;-12;14;-13;14;-13;13;-13;13;-13;13;-12;13;-12;13;-12;13;-12;13;-12;13;-12;13;-11;13;-11;13;-11;13;-11;13;103;0;-5;-20;-5;-20;-6;-20;-6;-19;-6;-19;-7;-18;-7;-18;-8;-18;-8;-17;-8;-17;-8;-16;-9;-16;-9;-16;-9;-16;-9;-16;-9;-16;-9;-16;-9;-16;-9;-16;-8;-16;-8;-16;-8;-16;-7;-16;-7;-16;-6;-16;-6;-16;-5;-16;-4;-16;-2;-6;-1;-2;0;0;-1;0;-1;0;0;-1;0;-3;1;-7;1;-7;1;-7;1;-7;1;-8;1;-8;1;-9;1;-9;1;-10;1;-10;1;-11;1;-11;1;-12;1;-12;1;-12;1;-13;1;-13;0;-13;0;-14;-1;-15;-1;-15;-2;-16;-2;-16;-3;-17;-3;-18;-4;-18;-4;-19;-5;-19,empty,EXP_S154,ZONE_02,sortie_zone,4.1,sortie_zone,sortie de la zone
1225052424,-54,6,a0:9f:7a:73:2b:3e,384,-110;-96;8;0;33;-27;31;-27;28;-26;23;-25;17;-23;11;-20;5;-18;-1;-14;-7;-11;-12;-7;-17;-3;-21;1;-23;4;-25;8;-26;11;-27;13;-26;15;-24;16;-22;17;-19;18;-16;18;-12;18;-8;17;-4;16;-1;16;0;4;0;0;0;0;0;0;0;0;0;0;0;0;0;0;0;0;0;0;2;-8;12;-28;14;-24;16;-19;16;-13;15;-7;12;1;9;7;3;14;-3;20;-8;24;-14;28;-19;30;-23;30;-26;30;-28;27;-28;25;-26;21;-22;17;-18;13;-12;8;-6;3;2;-3;8;-8;15;-13;22;-18;26;-21;111;0;11;-15;10;-14;10;-14;9;-13;8;-12;8;-11;7;-11;6;-10;5;-10;5;-10;4;-9;3;-9;3;-9;3;-8;3;-8;3;-7;2;-7;2;-7;2;-7;2;-6;2;-6;2;-6;2;-5;2;-5;2;-5;2;-5;2;-5;2;-5;0;-2;0;-1;-1;0;-1;1;-1;0;0;-3;0;-8;2;-22;3;-22;5;-22;6;-22;8;-21;9;-21;9;-21;10;-21;11;-21;12;-21;12;-21;13;-20;13;-20;14;-19;14;-19;14;-19;14;-18;14;-18;14;-17;14;-17;13;-17;13;-17;13;-17;13;-17;12;-17;12;-17;12;-17;12;-17;111;0;24;1;24;0;23;0;23;-1;23;-1;22;-2;22;-3;21;-3;21;-4;20;-4;20;-5;20;-5;20;-6;21;-6;21;-6;21;-6;21;-6;21;-5;21;-5;21;-5;21;-4;20;-4;20;-3;20;-2;20;-2;19;-1;19;1;19;1;6;0;2;0;-1;0;-1;-1;-1;-1;0;0;2;0;7;1;7;2;8;2;8;2;9;3;9;3;10;3;10;4;11;4;12;4;12;5;12;5;13;5;13;5;13;5;14;5;14;5;15;5;16;4;17;4;17;4;18;3;19;3;20;3;21;2;22;2;23;1;23;1,empty,EXP_S154,ZONE_02,sortie_zone,4.1,sortie_zone,sortie de la zone
1225256184,-54,6,a0:9f:7a:73:2b:3e,384,-110;-96;8;0;-19;35;-14;32;-10;26;-6;20;-4;14;-2;7;-3;0;-4;-6;-7;-11;-11;-14;-16;-17;-20;-17;-24;-16;-27;-14;-29;-11;-30;-8;-29;-4;-27;0;-24;3;-19;6;-14;8;-9;8;-4;8;2;6;5;5;1;1;0;0;0;0;0;0;0;0;0;0;0;0;0;0;0;0;0;0;3;-4;15;-14;17;-11;20;-6;22;-2;25;3;28;8;30;12;32;15;33;18;34;20;34;21;32;21;30;21;27;20;23;18;18;17;12;16;6;15;0;15;-7;17;-13;19;-18;22;-23;26;-25;30;-27;33;-27;35;74;0;-14;23;-13;22;-11;21;-10;20;-9;18;-9;17;-8;16;-7;16;-6;16;-5;16;-4;15;-3;14;-2;13;-2;12;-2;12;-2;12;-1;12;-1;12;0;12;0;11;0;10;0;9;0;9;0;9;0;9;0;10;0;9;0;9;0;3;0;1;-1;-1;0;-2;0;-1;-1;2;-4;8;-10;23;-11;22;-13;22;-14;22;-15;22;-16;22;-16;22;-17;22;-17;22;-18;22;-19;22;-19;22;-19;22;-19;22;-19;22;-19;22;-19;21;-18;21;-18;21;-18;21;-18;21;-18;22;-17;23;-17;23;-16;23;-15;23;-15;23;-15;22;74;0;-8;13;-8;14;-7;14;-7;15;-7;15;-7;15;-7;15;-7;15;-6;14;-5;14;-4;14;-4;15;-3;15;-3;16;-4;16;-4;16;-4;16;-4;16;-5;16;-5;16;-5;16;-5;16;-6;16;-6;15;-7;15;-7;14;-8;14;-8;14;-3;5;-1;1;0;-1;-1;-1;0;-1;0;0;0;2;0;6;-1;6;-2;6;-3;6;-3;6;-3;6;-3;6;-3;7;-3;8;-4;9;-5;9;-6;8;-6;8;-6;8;-5;8;-6;8;-6;9;-7;10;-8;10;-8;10;-8;10;-8;10;-7;11;-7;12;-7;13;-8;14;-8;14;-9;15,empty,EXP_S154,ZONE_02,sortie_zone,4.1,sortie_zone,sortie de la zone
1225457405,-55,6,a0:9f:7a:73:2b:3e,384,-110;-96;8;0;-25;-28;-25;-26;-24;-23;-23;-19;-21;-16;-18;-13;-14;-11;-10;-10;-7;-10;-5;-11;-2;-14;-2;-17;-2;-20;-3;-22;-5;-24;-8;-25;-11;-25;-14;-23;-16;-20;-17;-16;-17;-12;-15;-8;-12;-4;-9;-2;-6;-1;-2;0;0;0;0;0;0;0;0;0;0;0;0;0;0;0;0;0;0;0;-6;0;-22;1;-24;-1;-27;-3;-30;-5;-33;-6;-36;-7;-37;-7;-38;-7;-37;-7;-36;-6;-35;-6;-33;-7;-31;-8;-29;-9;-27;-11;-25;-13;-24;-15;-23;-16;-22;-18;-22;-19;-21;-21;-21;-22;-21;-24;-22;-26;-23;-27;-23;-29;42;0;-17;-26;-17;-25;-16;-23;-16;-22;-15;-21;-15;-19;-14;-18;-14;-17;-13;-16;-13;-15;-13;-14;-13;-14;-13;-13;-13;-12;-12;-12;-12;-11;-12;-11;-12;-11;-11;-10;-11;-10;-11;-10;-10;-9;-10;-9;-10;-9;-9;-9;-9;-9;-9;-9;-8;-9;-3;-4;-1;-1;0;0;1;0;0;0;-3;-2;-8;-5;-23;-13;-22;-14;-22;-16;-21;-18;-21;-19;-21;-20;-20;-21;-20;-22;-20;-23;-19;-24;-19;-25;-18;-25;-18;-26;-18;-26;-17;-26;-17;-27;-17;-27;-16;-27;-16;-26;-16;-26;-16;-26;-17;-27;-17;-27;-17;-27;-17;-26;-17;-26;-17;-26;-17;-26;42;0;1;-7;1;-7;0;-7;0;-7;0;-8;0;-8;1;-9;1;-9;2;-9;1;-8;1;-8;0;-9;0;-9;0;-10;0;-11;0;-11;1;-11;1;-11;1;-11;1;-11;1;-12;1;-12;2;-12;2;-12;3;-12;3;-12;4;-12;4;-12;1;-4;0;-2;-1;0;0;-1;0;-1;-1;0;-3;2;-7;5;-7;4;-7;4;-7;3;-7;3;-6;3;-7;3;-7;3;-8;2;-7;1;-7;0;-6;0;-6;-1;-5;-1;-5;-1;-5;-1;-5;-1;-5;-2;-4;-3;-4;-3;-3;-3;-3;-3;-2;-3;-3;-4;-2;-5;-2;-5;-1;-6;-1;-6,empty,EXP_S154,ZONE_02,sortie_zone,4.1,sortie_zone,sortie de la zone
1225652328,-56,6,a0:9f:7a:73:2b:3e,384,-110;-96;8;0;-30;18;-29;18;-26;18;-23;17;-18;17;-14;14;-10;11;-7;7;-5;2;-5;-3;-6;-7;-9;-11;-12;-14;-16;-15;-21;-15;-24;-14;-27;-11;-29;-7;-29;-2;-27;2;-24;6;-19;9;-14;11;-8;11;-4;10;-1;2;0;0;0;0;0;0;0;0;0;0;0;0;0;0;0;0;0;0;3;3;15;14;16;18;18;22;19;25;21;28;22;29;22;29;22;29;20;29;17;28;14;27;10;26;6;25;2;24;-2;24;-5;25;-8;25;-10;25;-12;25;-13;24;-15;23;-16;22;-18;20;-21;19;-24;18;-26;18;47;0;-38;36;-37;35;-35;33;-33;31;-31;29;-29;27;-27;26;-26;25;-24;24;-23;24;-21;23;-19;23;-18;22;-17;21;-16;21;-16;20;-16;20;-16;19;-15;19;-15;19;-14;18;-13;17;-13;16;-13;16;-14;15;-15;15;-15;14;-16;14;-6;5;-2;1;0;-1;-1;-3;0;-2;0;5;-1;17;-3;47;-6;47;-10;48;-13;49;-16;49;-18;50;-20;50;-22;49;-25;49;-27;49;-30;49;-32;48;-34;47;-35;46;-36;44;-36;43;-37;42;-37;41;-38;41;-38;40;-39;40;-39;40;-39;40;-40;40;-40;40;-40;39;-39;39;-39;38;47;0;-15;-3;-16;-3;-17;-4;-18;-4;-19;-4;-21;-4;-22;-4;-22;-4;-23;-4;-23;-4;-23;-3;-25;-3;-26;-2;-28;-2;-29;-3;-30;-4;-31;-5;-32;-6;-33;-7;-33;-7;-33;-8;-34;-9;-34;-11;-34;-12;-33;-14;-33;-16;-32;-18;-32;-20;-12;-8;-4;-3;1;0;-2;0;-1;-1;2;-1;8;-1;22;0;21;1;20;3;19;4;18;4;18;4;17;5;17;5;16;6;14;7;13;7;11;7;10;6;10;6;9;5;8;6;6;6;4;6;2;5;0;4;-1;3;-2;2;-3;2;-5;2;-7;2;-9;1;-11;1;-12;0,empty,EXP_S154,ZONE_02,sortie_zone,4.1,sortie_zone,sortie de la zone
1225852359,-58,6,a0:9f:7a:73:2b:3e,384,-110;-96;8;0;29;-29;26;-28;22;-26;17;-23;11;-19;6;-13;2;-7;-1;0;-3;7;-4;14;-2;20;0;25;4;29;7;32;12;32;15;31;18;29;21;24;22;19;21;13;20;6;17;1;13;-5;8;-10;4;-13;0;-4;0;0;0;0;0;0;0;0;0;0;0;0;0;0;0;0;0;0;-2;5;-9;20;-11;21;-14;23;-16;23;-18;22;-20;21;-21;18;-22;14;-23;10;-24;5;-24;0;-24;-5;-24;-9;-23;-13;-22;-15;-21;-17;-19;-18;-16;-18;-12;-19;-8;-18;-2;-19;4;-19;10;-19;16;-21;22;-22;26;-24;77;0;13;-21;13;-21;12;-20;11;-19;11;-18;10;-17;10;-16;9;-16;9;-15;8;-15;7;-15;6;-14;6;-14;6;-13;6;-12;6;-12;6;-12;5;-12;5;-12;4;-12;4;-11;3;-10;4;-10;4;-10;4;-10;4;-10;4;-10;4;-10;1;-4;0;-1;-1;0;0;1;-1;0;-1;-3;-1;-7;-2;-20;-1;-21;0;-21;2;-22;3;-22;3;-22;4;-22;5;-22;6;-23;7;-23;7;-23;8;-23;9;-23;9;-22;10;-22;10;-22;11;-22;11;-22;11;-22;11;-22;12;-22;12;-22;12;-22;12;-23;12;-23;12;-23;12;-22;12;-22;77;0;13;-7;13;-8;13;-8;14;-9;14;-10;14;-10;14;-11;14;-11;14;-11;13;-11;13;-12;13;-13;13;-14;14;-15;14;-16;14;-16;15;-16;15;-16;15;-16;15;-16;16;-16;16;-16;16;-15;17;-15;18;-14;18;-13;19;-12;19;-12;7;-4;2;-2;-1;0;0;-1;0;-1;-1;0;-3;1;-8;4;-7;4;-7;3;-7;3;-6;3;-6;3;-6;2;-6;2;-5;1;-4;1;-3;0;-2;0;-2;0;-1;1;-1;0;0;0;1;-1;2;-1;3;-2;4;-2;5;-2;6;-2;6;-3;7;-4;8;-5;10;-5;11;-6;12;-6,empty,EXP_S154,ZONE_02,sortie_zone,4.1,sortie_zone,sortie de la zone
1226057837,-56,6,a0:9f:7a:73:2b:3e,384,-110;-96;8;0;-45;-12;-40;-11;-33;-8;-25;-5;-16;-1;-7;3;3;7;12;11;20;14;27;16;33;18;37;19;41;19;43;19;43;18;42;16;39;13;35;9;29;5;24;0;18;-5;11;-10;5;-15;0;-20;-4;-23;-2;-6;0;0;0;0;0;0;0;0;0;0;0;0;0;0;0;0;0;0;-5;-2;-17;-7;-16;-9;-15;-11;-13;-13;-9;-15;-4;-15;1;-15;6;-13;12;-11;16;-9;20;-6;23;-2;24;1;24;4;23;6;20;8;16;8;10;8;3;7;-4;6;-13;4;-21;1;-29;-1;-36;-4;-42;-7;-46;-9;103;0;-25;-7;-25;-7;-24;-6;-23;-6;-22;-6;-21;-7;-21;-7;-20;-7;-20;-6;-20;-6;-19;-5;-19;-5;-18;-5;-18;-5;-17;-5;-17;-5;-18;-5;-17;-5;-17;-4;-16;-4;-15;-4;-14;-4;-14;-5;-14;-5;-14;-5;-14;-5;-14;-5;-13;-5;-5;-2;-2;-1;0;0;0;-1;0;-1;-2;0;-4;2;-11;7;-12;7;-12;6;-13;6;-14;5;-14;5;-15;4;-16;3;-16;3;-17;2;-17;2;-18;1;-18;1;-18;0;-19;0;-19;-1;-19;-1;-19;-2;-20;-3;-20;-3;-21;-3;-21;-4;-22;-4;-23;-4;-23;-4;-24;-5;-24;-5;-24;-5;103;0;-24;-5;-24;-5;-25;-5;-26;-4;-27;-4;-27;-3;-27;-3;-27;-2;-26;-1;-26;-1;-27;0;-28;1;-28;1;-29;1;-29;1;-29;1;-30;1;-30;1;-30;1;-30;0;-30;0;-30;-1;-29;-2;-29;-2;-29;-3;-28;-4;-28;-5;-28;-7;-10;-3;-3;-1;0;0;-1;0;-1;0;0;-1;2;-1;5;-2;4;-2;4;-2;3;-2;3;-2;2;-2;1;-2;1;-2;0;-2;-1;-3;-2;-3;-3;-3;-4;-4;-4;-4;-5;-4;-6;-4;-7;-4;-9;-5;-10;-5;-11;-6;-12;-6;-13;-6;-15;-5;-16;-5;-18;-5;-20;-5;-22;-6;-23;-6,empty,EXP_S154,ZONE_02,sortie_zone,4.1,sortie_zone,sortie de la zone
1226252367,-56,6,a0:9f:7a:73:2b:3e,384,-110;-96;8;0;-44;0;-39;0;-33;0;-25;1;-17;3;-8;5;1;7;9;8;17;10;24;11;30;11;35;12;38;12;40;12;40;11;38;10;35;8;31;6;27;3;21;-1;15;-5;10;-9;4;-13;-1;-18;-4;-21;-2;-6;0;0;0;0;0;0;0;0;0;0;0;0;0;0;0;0;0;0;-5;3;-19;11;-20;9;-20;6;-20;3;-17;-1;-14;-4;-9;-7;-3;-10;3;-12;9;-13;15;-13;20;-12;23;-11;25;-9;26;-7;24;-4;21;-2;16;0;10;1;3;2;-5;3;-13;4;-22;4;-30;4;-37;3;-41;2;113;0;-21;0;-21;0;-21;0;-20;0;-19;-1;-19;-1;-18;-1;-18;-1;-18;-1;-17;0;-17;0;-16;0;-16;0;-15;0;-16;-1;-16;-1;-16;-1;-16;-1;-15;-1;-15;-1;-14;-1;-14;-1;-14;-1;-14;-1;-14;-2;-14;-2;-13;-2;-13;-2;-5;-1;-2;-1;0;0;0;-1;0;-1;-1;1;-3;4;-7;12;-7;12;-8;12;-9;11;-10;11;-11;10;-12;10;-13;9;-13;9;-14;8;-15;8;-15;7;-15;7;-16;6;-16;6;-17;5;-17;5;-17;4;-17;4;-17;3;-18;3;-19;3;-19;2;-20;2;-20;2;-20;2;-20;2;-21;2;113;0;-24;-4;-24;-3;-24;-2;-24;-2;-24;-1;-25;0;-25;1;-24;1;-24;2;-24;3;-24;4;-24;5;-25;6;-25;6;-25;6;-26;6;-26;6;-26;6;-26;6;-26;6;-26;5;-26;5;-26;4;-26;4;-26;3;-26;2;-26;1;-26;0;-10;0;-3;-1;0;-1;-1;0;-1;0;0;-1;0;-3;2;-7;2;-7;2;-7;1;-7;1;-7;0;-7;0;-7;-1;-7;-2;-7;-2;-7;-3;-7;-4;-7;-5;-7;-5;-7;-6;-7;-7;-7;-8;-7;-10;-7;-11;-7;-12;-7;-13;-7;-15;-7;-16;-6;-17;-5;-19;-5;-20;-5;-22;-5;-23;-5,empty,EXP_S154,ZONE_02,sortie_zone,4.1,sortie_zone,sortie de la zone
1226452230,-56,6,a0:9f:7a:73:2b:3e,384,-110;-96;8;0;-27;-35;-25;-32;-22;-27;-18;-21;-15;-14;-11;-6;-7;1;-3;9;2;15;6;21;9;27;12;31;14;33;16;35;17;35;17;34;17;31;17;27;16;22;14;16;13;9;12;2;11;-5;11;-11;10;-15;2;-5;0;0;0;0;0;0;0;0;0;0;0;0;0;0;0;0;0;0;-6;-2;-23;-9;-22;-11;-20;-13;-17;-15;-13;-15;-7;-13;-2;-11;4;-8;9;-4;14;1;18;6;21;10;22;15;22;18;21;19;19;20;16;19;12;16;7;12;2;7;-3;1;-8;-6;-14;-13;-19;-19;-23;-25;-25;-29;106;0;-16;-15;-15;-14;-15;-14;-14;-14;-13;-13;-13;-13;-12;-13;-12;-13;-12;-13;-12;-12;-12;-12;-11;-11;-11;-11;-10;-11;-10;-11;-10;-11;-10;-11;-10;-11;-10;-11;-9;-10;-9;-10;-8;-10;-8;-10;-8;-11;-8;-11;-7;-11;-7;-11;-7;-11;-3;-4;-1;-2;0;0;0;-1;0;-1;-2;0;-5;2;-14;6;-14;5;-15;4;-16;3;-16;2;-16;1;-17;0;-17;0;-18;-1;-18;-2;-18;-3;-17;-4;-17;-5;-17;-6;-17;-7;-17;-7;-17;-8;-17;-8;-17;-9;-16;-9;-16;-10;-16;-11;-17;-11;-17;-11;-17;-12;-17;-12;-17;-13;-16;-13;106;0;-10;-21;-11;-21;-12;-20;-13;-20;-13;-19;-14;-19;-14;-19;-15;-18;-15;-17;-15;-17;-16;-16;-17;-16;-18;-16;-18;-16;-19;-16;-19;-16;-19;-16;-19;-16;-19;-17;-19;-17;-19;-17;-19;-17;-18;-18;-17;-18;-16;-19;-16;-20;-15;-20;-14;-21;-5;-8;-2;-3;0;0;-1;0;-1;0;0;-1;2;-2;6;-6;6;-6;6;-6;6;-6;6;-6;5;-6;5;-7;5;-7;4;-7;4;-8;3;-8;3;-9;3;-9;3;-10;2;-10;2;-11;1;-11;0;-12;-1;-13;-2;-14;-3;-15;-3;-15;-4;-16;-6;-17;-7;-18;-8;-19;-9;-20;-9;-21,empty,EXP_S154,ZONE_02,sortie_zone,4.1,sortie_zone,sortie de la zone
1226652297,-56,6,a0:9f:7a:73:2b:3e,384,-110;-96;8;0;-33;-33;-30;-31;-27;-27;-23;-21;-19;-15;-15;-7;-11;0;-7;8;-3;15;0;22;2;28;4;32;6;36;7;39;7;39;8;39;8;36;8;33;9;28;9;22;10;16;12;10;13;4;16;-2;17;-6;4;-2;0;0;0;0;0;0;0;0;0;0;0;0;0;0;0;0;0;0;-6;2;-23;11;-24;8;-24;5;-22;2;-19;-2;-14;-5;-8;-7;0;-8;7;-8;14;-6;20;-4;25;-1;29;2;30;5;30;7;29;9;25;9;20;9;14;7;8;4;0;0;-7;-5;-14;-11;-21;-16;-27;-22;-30;-26;114;0;-20;-8;-20;-8;-19;-8;-18;-7;-17;-7;-15;-7;-15;-8;-14;-8;-14;-8;-14;-8;-14;-7;-14;-7;-13;-7;-12;-7;-12;-8;-12;-8;-12;-8;-13;-8;-12;-7;-11;-7;-10;-7;-9;-7;-9;-7;-9;-8;-9;-8;-9;-9;-9;-9;-9;-8;-3;-3;-1;-1;0;0;0;-1;0;-1;-1;1;-4;4;-10;12;-11;11;-12;11;-13;10;-13;9;-14;8;-15;7;-16;7;-17;6;-17;5;-17;5;-18;4;-18;3;-18;2;-19;1;-19;0;-19;0;-19;-1;-18;-1;-18;-2;-19;-3;-19;-4;-20;-4;-20;-4;-20;-4;-20;-4;-20;-5;-20;-5;114;0;-17;-19;-18;-19;-18;-18;-19;-18;-20;-17;-20;-17;-20;-17;-20;-16;-20;-15;-20;-14;-21;-14;-21;-13;-22;-13;-23;-13;-23;-13;-23;-13;-23;-13;-23;-13;-23;-13;-23;-14;-23;-14;-22;-15;-22;-16;-21;-16;-20;-17;-19;-18;-19;-18;-18;-19;-7;-7;-2;-3;0;0;-1;0;-1;0;0;-1;1;-3;2;-9;2;-9;2;-9;2;-9;1;-9;1;-10;1;-10;1;-10;0;-10;-1;-10;-2;-11;-2;-11;-2;-12;-2;-12;-3;-13;-4;-13;-5;-13;-6;-13;-7;-14;-8;-15;-8;-16;-9;-16;-10;-16;-12;-16;-13;-17;-15;-18;-16;-19;-17;-19,empty,EXP_S154,ZONE_02,sortie_zone,4.1,sortie_zone,sortie de la zone
1226857425,-55,6,a0:9f:7a:73:2b:3e,384,-110;-96;8;0;-1;47;-1;45;-1;41;0;35;1;28;4;20;6;12;9;4;12;-4;14;-12;16;-19;18;-24;20;-29;21;-32;22;-34;22;-34;21;-34;19;-32;15;-30;11;-26;6;-23;1;-20;-5;-16;-10;-14;-14;-12;-4;-3;0;0;0;0;0;0;0;0;0;0;0;0;0;0;0;0;0;0;6;2;25;10;24;12;22;15;18;16;14;17;8;15;2;12;-4;7;-9;2;-14;-5;-17;-12;-19;-18;-19;-24;-18;-28;-17;-30;-15;-31;-13;-30;-10;-27;-7;-22;-5;-16;-2;-8;0;1;1;11;2;20;3;29;3;35;111;0;11;17;11;16;11;16;11;15;10;14;8;13;7;13;7;13;6;13;7;13;7;13;7;12;6;11;6;11;5;11;5;11;5;12;5;12;5;11;5;11;4;10;3;9;2;9;2;10;2;10;2;11;2;11;1;11;0;3;0;1;-1;-1;-2;0;-1;0;1;-1;5;-2;16;-3;16;-3;17;-2;17;0;17;1;17;2;17;3;18;4;18;5;18;6;18;7;17;7;16;8;16;9;16;10;16;11;16;11;15;11;15;11;14;12;14;12;14;13;14;14;14;14;14;14;14;14;14;14;13;15;111;0;-5;24;-4;24;-3;25;-2;25;-1;25;-1;26;-1;25;0;25;1;24;1;24;2;24;3;24;4;24;4;25;4;25;4;26;4;26;4;26;4;26;3;26;3;26;2;26;1;26;1;26;0;25;-2;25;-3;25;-4;25;-2;9;-1;2;-1;-1;0;-1;0;-1;-2;0;-4;1;-10;3;-9;3;-9;3;-9;4;-10;4;-10;4;-10;4;-10;4;-9;5;-9;6;-9;7;-9;8;-9;8;-10;9;-10;9;-9;10;-8;10;-8;12;-8;13;-8;14;-8;15;-8;16;-8;17;-7;18;-6;20;-5;21;-5;23;-5;24,empty,EXP_S154,ZONE_02,sortie_zone,4.1,sortie_zone,sortie de la zone
1227053801,-55,6,a0:9f:7a:73:2b:3e,384,-110;-96;8;0;-4;-44;-4;-43;-4;-40;-5;-35;-5;-29;-6;-21;-7;-13;-8;-5;-9;3;-9;11;-9;18;-10;24;-10;29;-10;33;-9;35;-8;36;-7;35;-6;34;-3;30;-1;26;2;22;5;16;8;11;12;6;14;3;3;0;0;0;0;0;0;0;0;0;0;0;0;0;0;0;0;0;0;0;-5;-5;-19;-20;-17;-22;-15;-24;-11;-24;-8;-22;-3;-19;1;-14;5;-8;8;-2;11;5;12;12;13;19;13;24;12;28;10;31;8;32;6;30;5;27;3;23;1;17;0;9;-2;1;-3;-8;-4;-17;-5;-25;-5;-32;97;0;-11;-18;-10;-18;-10;-17;-9;-16;-9;-16;-8;-15;-8;-14;-7;-14;-7;-14;-7;-13;-8;-13;-7;-12;-7;-12;-7;-12;-6;-11;-6;-11;-6;-11;-6;-11;-6;-11;-5;-11;-5;-10;-5;-10;-4;-10;-4;-10;-4;-10;-4;-10;-3;-10;-3;-10;-1;-4;-1;-2;0;0;1;0;0;0;-2;-1;-6;-2;-17;-4;-17;-5;-16;-6;-16;-7;-16;-8;-16;-9;-16;-10;-16;-11;-16;-12;-15;-12;-15;-13;-15;-13;-14;-14;-14;-14;-13;-15;-13;-15;-13;-15;-13;-16;-12;-16;-12;-16;-12;-16;-12;-16;-12;-17;-12;-17;-12;-17;-12;-17;-12;-17;-12;-17;97;0;9;-22;8;-22;7;-22;7;-23;6;-23;5;-23;4;-23;3;-23;2;-23;1;-22;0;-22;-1;-23;-1;-23;-2;-24;-2;-24;-2;-24;-2;-24;-2;-25;-2;-25;-2;-25;-2;-25;-1;-24;-1;-24;-1;-24;0;-24;1;-24;2;-24;3;-24;1;-9;0;-3;-1;0;-1;-1;-1;-1;1;0;3;0;9;0;9;0;9;0;9;0;9;0;9;0;10;-1;10;-1;10;-2;10;-3;10;-3;10;-4;11;-4;11;-5;11;-5;11;-6;10;-7;10;-8;11;-9;11;-10;11;-12;11;-13;11;-14;10;-15;10;-17;10;-18;10;-20;10;-21,empty,EXP_S154,ZONE_02,sortie_zone,4.1,sortie_zone,sortie de la zone
1227252057,-55,6,a0:9f:7a:73:2b:3e,384,-110;-96;8;0;-34;-28;-34;-27;-32;-25;-29;-21;-25;-16;-20;-10;-14;-4;-9;1;-3;7;2;12;8;16;13;20;17;23;20;25;23;26;24;26;25;25;25;22;24;19;22;14;19;10;17;4;14;-1;11;-6;9;-10;2;-3;0;0;0;0;0;0;0;0;0;0;0;0;0;0;0;0;0;0;-7;-2;-26;-8;-26;-11;-24;-14;-22;-15;-18;-16;-13;-15;-7;-13;0;-10;6;-7;12;-3;18;2;22;7;25;11;26;15;27;18;26;20;24;20;21;18;17;16;12;13;6;8;-1;2;-8;-3;-15;-9;-21;-14;-25;-19;101;0;-20;-8;-19;-8;-18;-8;-18;-8;-17;-8;-16;-8;-15;-7;-15;-7;-14;-7;-14;-6;-14;-6;-13;-6;-13;-6;-12;-6;-12;-6;-12;-6;-11;-6;-11;-6;-11;-6;-11;-6;-10;-6;-10;-6;-9;-6;-9;-6;-9;-6;-8;-7;-8;-7;-8;-7;-3;-3;-1;-1;0;0;0;-1;0;-1;-2;1;-6;3;-15;8;-16;7;-17;6;-17;5;-18;4;-18;3;-19;3;-19;2;-19;1;-20;0;-20;-1;-20;-1;-20;-2;-20;-3;-20;-3;-20;-4;-20;-4;-20;-5;-20;-5;-20;-5;-20;-5;-20;-6;-20;-6;-20;-6;-21;-6;-21;-6;-21;-7;-21;-7;101;0;-6;-23;-6;-23;-7;-22;-7;-22;-8;-21;-9;-21;-9;-20;-10;-20;-11;-19;-11;-19;-12;-19;-13;-18;-13;-18;-14;-19;-14;-19;-14;-19;-14;-19;-14;-19;-14;-19;-14;-19;-14;-19;-14;-19;-13;-20;-13;-20;-12;-20;-11;-21;-10;-21;-10;-22;-4;-8;-1;-3;0;0;-1;0;-1;0;0;-1;2;-3;7;-6;7;-6;7;-6;7;-7;7;-7;6;-7;6;-7;6;-8;6;-8;6;-9;6;-9;6;-10;5;-10;5;-11;5;-11;4;-12;4;-12;3;-13;2;-14;2;-15;1;-16;0;-16;-1;-17;-1;-18;-2;-19;-3;-20;-4;-21;-5;-22,empty,EXP_S154,ZONE_02,sortie_zone,4.1,sortie_zone,sortie de la zone
1227453903,-55,6,a0:9f:7a:73:2b:3e,384,-110;-96;8;0;1;44;1;43;2;40;3;34;4;28;5;20;5;12;5;4;5;-5;4;-12;3;-19;1;-25;-1;-30;-3;-34;-4;-36;-6;-37;-8;-36;-10;-34;-11;-30;-12;-25;-12;-20;-13;-14;-13;-7;-13;-1;-13;3;-4;1;0;0;0;0;0;0;0;0;0;0;0;0;0;0;0;0;0;0;-1;6;-3;27;-6;27;-8;26;-10;24;-12;20;-13;15;-13;9;-12;2;-11;-5;-9;-12;-6;-19;-3;-25;-1;-29;2;-32;4;-34;6;-34;6;-32;7;-29;7;-24;6;-17;5;-10;5;-1;4;8;3;17;2;25;2;32;99;0;12;18;12;18;12;17;11;16;10;15;9;14;8;14;8;14;7;13;8;13;8;12;8;12;7;11;7;11;6;11;6;11;5;11;6;11;6;11;6;10;5;10;4;9;3;9;3;9;3;10;2;10;2;10;2;10;0;3;0;1;-1;-1;-2;0;-1;-1;1;-1;6;-1;17;-1;17;0;18;2;18;3;18;4;17;5;18;6;18;7;18;8;18;9;18;10;17;10;17;11;16;12;16;13;16;13;15;14;15;14;15;14;14;14;14;15;14;15;14;16;14;16;15;16;15;16;14;16;14;16;99;0;-8;20;-7;20;-6;20;-5;20;-4;21;-4;21;-4;21;-3;21;-3;20;-2;20;-1;20;-1;20;0;21;0;22;1;22;1;22;1;22;1;22;1;22;0;23;0;23;-1;23;-1;23;-2;22;-3;22;-4;22;-5;22;-6;22;-3;7;-1;2;0;-1;0;-1;0;-1;-1;0;-4;0;-9;0;-9;0;-9;1;-9;1;-9;1;-10;1;-10;1;-9;2;-9;2;-9;3;-9;4;-9;5;-10;5;-10;5;-10;5;-10;6;-9;7;-9;8;-9;9;-9;10;-9;11;-9;12;-9;13;-9;14;-8;15;-8;17;-8;18;-8;19,empty,EXP_S154,ZONE_02,sortie_zone,4.1,sortie_zone,sortie de la zone
1227652401,-55,6,a0:9f:7a:73:2b:3e,384,-110;-96;8;0;-32;29;-32;30;-29;29;-25;27;-20;24;-14;20;-8;15;-2;9;3;3;8;-3;12;-10;14;-16;16;-21;17;-26;16;-30;15;-32;13;-33;11;-33;7;-32;4;-29;0;-25;-4;-21;-8;-16;-11;-10;-13;-6;-4;-2;0;0;0;0;0;0;0;0;0;0;0;0;0;0;0;0;0;0;-8;1;-30;6;-31;4;-32;2;-31;-1;-29;-3;-25;-6;-19;-8;-12;-10;-5;-12;3;-13;11;-14;18;-14;24;-14;29;-14;32;-13;33;-12;33;-11;31;-9;27;-7;22;-4;16;-1;9;2;1;7;-7;11;-15;16;-20;20;88;0;-6;22;-5;22;-5;21;-4;20;-4;19;-4;17;-4;16;-4;15;-4;15;-4;15;-3;15;-3;14;-2;13;-2;12;-3;12;-3;11;-4;12;-3;12;-3;12;-2;11;-2;10;-2;9;-3;9;-4;9;-4;9;-4;9;-5;9;-4;9;-2;3;-1;1;0;-1;-1;-1;-1;-1;1;1;3;5;9;16;9;17;8;17;7;18;6;18;5;19;5;20;4;20;3;21;3;22;2;22;1;22;0;22;-1;22;-2;22;-2;23;-2;23;-2;22;-2;22;-3;22;-3;22;-3;22;-4;22;-4;23;-4;23;-4;23;-3;23;-4;22;88;0;-21;2;-21;3;-20;4;-20;6;-20;7;-20;8;-20;9;-19;9;-19;9;-18;9;-17;10;-17;11;-17;12;-18;13;-18;14;-18;14;-18;14;-18;14;-17;14;-17;15;-18;15;-18;15;-19;14;-19;13;-19;12;-20;12;-20;11;-21;10;-8;3;-3;1;0;-1;0;0;0;0;-1;-2;-2;-4;-5;-10;-5;-10;-5;-9;-6;-9;-6;-10;-6;-10;-6;-10;-6;-10;-6;-9;-6;-8;-7;-8;-8;-8;-9;-8;-9;-8;-9;-8;-10;-8;-10;-6;-11;-5;-12;-4;-14;-4;-15;-4;-15;-3;-16;-3;-16;-2;-17;-1;-18;1;-20;2;-21;2,empty,EXP_S154,ZONE_02,sortie_zone,4.1,sortie_zone,sortie de la zone
1227852818,-56,6,a0:9f:7a:73:2b:3e,384,-110;-96;8;0;32;-25;32;-26;30;-26;26;-24;21;-22;16;-19;9;-15;3;-11;-2;-5;-7;0;-12;6;-15;11;-17;16;-19;21;-19;25;-18;27;-17;29;-14;29;-11;28;-7;26;-4;23;0;19;4;15;8;10;11;7;3;1;0;0;0;0;0;0;0;0;0;0;0;0;0;0;0;0;0;0;7;-2;29;-5;30;-4;31;-2;31;0;29;3;25;5;19;7;13;8;5;9;-2;10;-10;11;-17;11;-24;10;-29;9;-33;8;-35;8;-35;7;-33;5;-30;4;-25;2;-19;0;-12;-3;-4;-6;4;-10;12;-14;18;-17;94;0;7;-21;7;-20;7;-20;7;-19;7;-18;7;-16;7;-15;7;-15;6;-14;6;-14;5;-14;5;-13;5;-13;5;-12;5;-12;5;-11;5;-11;5;-11;5;-10;5;-10;5;-9;5;-9;5;-8;5;-8;5;-7;5;-7;6;-7;6;-7;2;-3;0;-1;-1;0;0;0;0;0;-2;-2;-5;-6;-12;-15;-11;-16;-10;-17;-9;-18;-8;-19;-7;-19;-6;-20;-5;-21;-5;-22;-4;-22;-3;-22;-2;-23;-1;-22;0;-22;1;-22;1;-22;2;-23;3;-23;3;-23;3;-22;4;-22;4;-22;5;-22;5;-23;5;-23;5;-23;5;-23;6;-23;94;0;19;2;19;1;19;0;19;0;19;-1;19;-2;19;-2;18;-3;18;-4;17;-4;17;-5;17;-6;18;-7;18;-7;19;-7;19;-7;19;-7;20;-7;20;-7;20;-7;20;-7;20;-6;20;-6;21;-5;21;-5;21;-4;21;-3;21;-2;7;-1;2;0;-1;0;-1;-1;-1;-1;0;1;2;3;5;10;5;10;5;9;5;9;5;10;5;10;5;10;5;10;5;10;5;10;6;9;6;9;7;9;7;9;7;9;8;8;8;8;9;7;10;7;11;6;12;6;13;6;13;5;14;4;15;4;16;3;17;2;18;2,empty,EXP_S154,ZONE_02,sortie_zone,4.1,sortie_zone,sortie de la zone
1228052255,-55,6,a0:9f:7a:73:2b:3e,384,-110;-96;8;0;-40;9;-41;10;-39;11;-35;12;-30;12;-24;12;-17;10;-10;8;-3;4;4;0;9;-4;14;-9;18;-14;20;-19;21;-22;20;-25;19;-27;16;-28;13;-28;9;-27;5;-24;0;-21;-4;-17;-7;-12;-10;-8;-3;-2;0;0;0;0;0;0;0;0;0;0;0;0;0;0;0;0;0;0;-6;-6;-23;-23;-23;-25;-23;-27;-21;-28;-19;-27;-15;-25;-11;-22;-5;-18;1;-14;7;-9;14;-4;19;2;24;6;28;10;31;14;33;16;33;16;31;16;28;15;24;13;18;12;11;10;2;8;-7;8;-16;7;-22;7;77;0;-17;16;-17;15;-17;14;-17;13;-16;12;-15;11;-15;11;-14;10;-13;10;-13;10;-12;9;-12;9;-11;8;-11;8;-11;7;-11;7;-10;7;-10;7;-10;6;-10;6;-10;5;-10;5;-9;5;-9;5;-9;4;-9;4;-9;3;-9;3;-4;1;-1;0;0;-1;-1;-2;0;-1;0;2;1;6;3;19;2;19;0;20;-1;20;-3;21;-4;21;-5;21;-6;21;-7;22;-8;21;-9;21;-10;21;-11;21;-12;20;-13;20;-13;19;-14;19;-14;18;-15;18;-16;18;-16;18;-16;18;-17;18;-17;18;-17;17;-17;17;-18;17;-18;17;77;0;-15;-13;-15;-13;-16;-12;-16;-11;-16;-11;-16;-10;-17;-9;-17;-8;-18;-8;-18;-7;-18;-6;-18;-6;-19;-6;-19;-5;-19;-5;-20;-5;-20;-5;-20;-5;-20;-5;-21;-5;-21;-6;-21;-6;-21;-6;-21;-7;-20;-8;-20;-9;-20;-10;-19;-11;-7;-4;-2;-2;0;0;0;0;-1;0;-1;-2;-1;-5;-1;-13;0;-13;0;-13;1;-13;1;-13;1;-13;1;-13;1;-13;0;-13;0;-13;0;-13;0;-13;0;-13;-1;-13;-2;-13;-2;-13;-3;-13;-4;-13;-4;-13;-5;-13;-6;-13;-7;-13;-9;-13;-10;-13;-11;-13;-12;-13;-13;-13;-13;-13,empty,EXP_S154,ZONE_02,sortie_zone,4.1,sortie_zone,sortie de la zone
1228252357,-56,6,a0:9f:7a:73:2b:3e,384,-110;-96;8;0;36;9;38;8;37;7;35;5;31;3;26;0;19;-2;12;-3;5;-3;-2;-3;-9;-2;-16;1;-21;4;-25;7;-27;10;-29;13;-29;16;-27;17;-24;19;-21;19;-16;19;-11;18;-5;16;0;13;4;11;1;2;0;0;0;0;0;0;0;0;0;0;0;0;0;0;0;0;0;0;0;7;3;30;2;32;0;33;-1;34;-2;32;-4;29;-6;25;-8;19;-10;12;-12;4;-13;-3;-15;-11;-16;-17;-17;-23;-17;-27;-18;-30;-18;-31;-17;-31;-16;-29;-13;-26;-9;-22;-4;-17;1;-12;8;-6;15;-2;20;2;86;0;22;-5;21;-5;21;-4;20;-4;19;-4;17;-4;16;-3;16;-3;15;-3;14;-3;14;-3;13;-3;13;-3;12;-3;12;-2;12;-2;12;-2;11;-2;11;-2;11;-2;10;-2;10;-1;9;-1;9;-1;9;0;9;0;9;1;9;1;3;0;0;0;-1;-1;-1;1;-1;0;0;-2;2;-7;7;-18;8;-18;10;-18;11;-17;12;-17;13;-16;14;-16;15;-16;17;-15;18;-15;18;-14;19;-13;19;-12;20;-12;20;-11;21;-10;21;-10;21;-9;21;-9;21;-8;21;-8;22;-8;22;-8;22;-7;22;-7;23;-7;22;-7;22;-7;86;0;4;16;4;16;5;16;6;15;6;15;7;15;8;15;8;15;9;14;9;14;9;14;10;13;11;13;12;13;12;13;13;14;13;14;13;14;13;14;13;14;13;15;12;15;12;16;11;16;11;17;10;18;9;18;9;19;3;6;0;2;-1;-1;0;-1;0;-1;-1;1;-4;3;-9;9;-10;9;-10;8;-10;8;-10;8;-10;8;-10;8;-10;8;-10;8;-10;8;-9;8;-9;8;-9;9;-9;9;-8;9;-8;9;-7;9;-6;9;-5;10;-4;11;-4;11;-3;12;-2;12;-1;13;0;14;1;14;1;15;2;15,empty,EXP_S154,ZONE_02,sortie_zone,4.1,sortie_zone,sortie de la zone
1228452378,-55,6,a0:9f:7a:73:2b:3e,384,-110;-96;8;0;30;19;30;19;30;17;28;14;24;11;20;7;15;3;10;-1;3;-4;-3;-7;-9;-8;-15;-9;-21;-9;-26;-8;-29;-7;-32;-5;-33;-3;-32;-1;-31;2;-28;5;-24;7;-19;9;-14;11;-8;12;-4;13;-1;3;0;0;0;0;0;0;0;0;0;0;0;0;0;0;0;0;0;0;1;6;4;27;2;28;1;30;-1;30;-3;28;-5;25;-7;21;-8;15;-10;9;-11;2;-12;-5;-13;-12;-13;-18;-12;-23;-12;-27;-12;-29;-11;-29;-10;-28;-8;-26;-6;-23;-3;-19;1;-13;6;-7;10;-1;15;5;19;9;84;0;20;-1;19;-1;19;-1;18;-2;16;-2;15;-2;14;-1;13;-1;13;-1;13;-1;12;-2;12;-2;11;-2;10;-2;10;-2;10;-1;10;-1;10;-1;10;-2;10;-2;9;-2;8;-2;8;-1;8;0;8;0;8;0;8;0;8;1;3;0;0;0;-1;-1;-1;0;-1;0;1;-2;4;-5;11;-13;12;-13;13;-12;14;-12;15;-11;15;-10;16;-10;17;-9;18;-8;19;-8;19;-8;19;-7;19;-7;19;-6;20;-5;20;-5;20;-4;20;-4;20;-4;20;-4;20;-3;20;-3;20;-3;21;-3;21;-3;21;-3;20;-3;20;-3;84;0;4;15;5;15;6;14;7;14;8;14;9;14;9;15;10;14;10;14;10;13;11;13;12;12;13;12;14;13;15;13;15;13;15;13;15;14;15;14;15;14;15;14;15;15;14;15;14;15;13;16;13;17;12;17;11;18;4;6;1;2;-1;-1;0;-1;0;-1;-2;0;-4;2;-11;5;-10;5;-10;5;-10;5;-10;5;-11;5;-11;5;-10;4;-10;4;-9;4;-9;4;-8;5;-8;6;-8;6;-8;6;-7;6;-6;6;-5;7;-4;8;-4;9;-3;10;-3;10;-2;11;-1;11;0;12;1;12;2;13;3;14,empty,EXP_S154,ZONE_02,sortie_zone,4.1,sortie_zone,sortie de la zone
1228653944,-56,6,a0:9f:7a:73:2b:3e,384,-110;-96;8;0;14;-37;13;-36;10;-34;7;-31;4;-25;1;-19;-2;-12;-4;-5;-5;2;-5;10;-5;17;-3;23;-1;28;2;31;6;34;9;34;12;33;14;30;16;26;18;21;18;15;18;9;17;3;15;-3;14;-8;3;-3;0;0;0;0;0;0;0;0;0;0;0;0;0;0;0;0;0;0;6;0;26;4;28;6;28;8;28;11;26;12;22;14;18;15;12;15;6;16;-1;15;-8;15;-14;14;-20;13;-24;12;-27;11;-29;9;-29;7;-27;5;-25;3;-21;0;-16;-4;-11;-8;-6;-13;0;-18;5;-24;8;-28;87;0;-1;-23;-1;-22;-1;-21;-1;-20;-1;-19;-1;-18;-1;-17;-1;-16;-1;-16;-1;-15;-2;-15;-2;-14;-2;-13;-2;-13;-1;-12;-1;-12;-1;-12;-1;-12;-1;-12;-1;-11;-1;-11;-1;-10;-1;-10;-1;-10;0;-10;0;-10;0;-10;0;-9;0;-4;0;-1;0;0;0;0;0;0;-2;-2;-5;-6;-13;-15;-13;-16;-12;-17;-11;-18;-10;-19;-10;-19;-9;-20;-8;-21;-8;-21;-7;-22;-6;-22;-6;-22;-5;-23;-5;-23;-4;-23;-4;-23;-3;-23;-3;-23;-3;-23;-3;-23;-2;-23;-2;-23;-2;-23;-2;-23;-2;-24;-2;-24;-2;-24;-2;-23;87;0;12;-11;12;-11;12;-12;11;-13;11;-14;11;-15;11;-15;11;-16;10;-16;9;-17;9;-18;9;-19;9;-20;9;-20;9;-21;9;-21;9;-22;10;-22;10;-22;10;-22;11;-22;11;-22;11;-21;12;-21;13;-21;14;-20;15;-20;16;-19;5;-7;1;-2;-1;0;-1;-1;-1;-1;0;1;1;3;3;10;3;9;2;9;2;9;2;8;2;8;2;8;2;8;2;7;3;7;3;6;3;6;3;5;4;5;4;4;4;3;5;2;5;1;6;0;7;0;8;-1;8;-2;9;-3;9;-4;9;-5;10;-7;11;-8;11;-9,empty,EXP_S154,ZONE_02,sortie_zone,4.1,sortie_zone,sortie de la zone
1228852397,-57,6,a0:9f:7a:73:2b:3e,384,-110;-96;8;0;-11;37;-9;35;-7;31;-4;25;-2;19;-1;12;0;4;0;-4;-3;-11;-6;-17;-9;-23;-14;-26;-19;-29;-23;-29;-26;-28;-29;-25;-30;-21;-30;-16;-29;-10;-26;-4;-22;2;-16;7;-10;11;-4;15;1;17;0;4;0;0;0;0;0;0;0;0;0;0;0;0;0;0;0;0;0;0;-3;-6;-11;-25;-10;-27;-9;-30;-8;-31;-6;-31;-4;-30;-1;-28;3;-25;7;-21;11;-17;15;-13;19;-10;22;-6;24;-3;26;1;26;3;25;5;23;7;20;9;17;11;12;14;7;17;2;21;-2;25;-6;29;-8;32;80;0;-7;23;-7;22;-6;21;-6;21;-6;20;-5;19;-5;18;-4;17;-4;16;-3;16;-3;15;-2;15;-2;14;-2;14;-2;14;-2;13;-2;13;-1;12;-1;12;-1;11;-1;11;-1;11;-1;10;-1;10;-1;10;-1;10;-1;9;-2;9;-1;3;-1;1;0;-1;-1;-2;0;-1;0;2;0;7;1;20;0;20;-1;20;-2;21;-3;21;-3;21;-4;22;-5;22;-5;22;-6;22;-7;22;-7;22;-7;22;-8;22;-8;22;-8;22;-8;22;-8;22;-8;22;-8;22;-8;22;-8;23;-8;23;-8;23;-8;23;-7;23;-7;24;-7;24;80;0;-10;10;-10;11;-10;11;-10;12;-10;13;-9;14;-9;15;-9;16;-8;16;-7;17;-7;17;-6;18;-6;19;-6;20;-6;21;-6;22;-6;23;-6;23;-6;24;-6;24;-6;24;-7;24;-7;24;-7;24;-8;24;-9;23;-10;23;-11;23;-5;8;-2;2;0;-1;-1;0;-1;0;0;-2;1;-4;5;-10;5;-9;5;-9;5;-8;5;-8;5;-8;4;-7;4;-7;4;-7;3;-6;3;-6;2;-5;1;-5;1;-4;0;-4;-1;-3;-1;-3;-2;-2;-3;-1;-3;0;-4;0;-5;1;-6;2;-7;3;-7;5;-8;6;-9;7;-9;7,empty,EXP_S154,ZONE_02,sortie_zone,4.1,sortie_zone,sortie de la zone
1229052215,-57,6,a0:9f:7a:73:2b:3e,384,-110;-96;8;0;-18;-33;-17;-30;-16;-26;-14;-21;-11;-15;-6;-10;-1;-4;5;0;11;4;17;5;24;5;29;5;33;3;36;0;37;-3;36;-7;33;-10;29;-13;24;-15;17;-17;10;-17;2;-15;-5;-13;-12;-10;-17;-7;-5;-2;0;0;0;0;0;0;0;0;0;0;0;0;0;0;0;0;0;0;5;3;23;12;24;14;26;16;26;17;25;18;23;18;19;18;15;18;10;17;4;17;-2;16;-8;16;-13;15;-17;15;-20;14;-22;13;-23;11;-24;9;-23;6;-22;3;-21;-2;-19;-7;-18;-13;-18;-18;-18;-23;-18;-27;74;0;-14;-22;-14;-21;-13;-20;-13;-19;-12;-18;-12;-17;-11;-17;-11;-16;-11;-15;-11;-15;-11;-14;-11;-13;-10;-12;-10;-12;-9;-12;-9;-12;-9;-12;-9;-12;-9;-11;-9;-11;-8;-10;-8;-10;-7;-10;-7;-10;-7;-10;-7;-10;-7;-10;-7;-9;-3;-4;-1;-1;0;0;1;0;0;0;-2;-1;-6;-3;-17;-9;-17;-10;-17;-11;-17;-12;-16;-13;-16;-14;-16;-14;-16;-15;-15;-16;-15;-17;-15;-17;-15;-18;-14;-18;-14;-18;-14;-19;-14;-19;-13;-19;-13;-20;-13;-20;-13;-20;-13;-20;-13;-20;-14;-20;-14;-20;-14;-21;-14;-21;-14;-21;-14;-21;74;0;-2;-12;-3;-13;-4;-13;-5;-14;-6;-14;-6;-15;-7;-15;-8;-15;-8;-15;-9;-15;-10;-15;-11;-16;-12;-16;-13;-17;-14;-17;-14;-18;-14;-18;-15;-18;-15;-19;-15;-19;-15;-20;-15;-21;-14;-21;-14;-21;-13;-22;-12;-23;-12;-23;-11;-24;-4;-9;-1;-3;0;0;-1;-1;-1;-1;0;1;2;3;5;10;5;10;5;10;4;10;4;9;4;9;4;9;3;9;3;8;3;8;3;7;3;6;3;5;3;5;2;4;2;3;2;2;2;1;2;-1;2;-2;2;-3;2;-3;1;-4;1;-5;0;-7;0;-8;-1;-10;-1;-10,empty,EXP_S154,ZONE_02,sortie_zone,4.1,sortie_zone,sortie de la zone
1229252204,-56,6,a0:9f:7a:73:2b:3e,384,-110;-96;8;0;-4;38;-3;36;-2;31;-1;25;-1;19;-2;12;-4;4;-8;-2;-13;-7;-18;-12;-24;-14;-29;-15;-34;-15;-37;-12;-39;-9;-39;-5;-37;-1;-33;4;-28;8;-21;10;-13;11;-5;11;3;10;10;8;15;5;4;1;0;0;0;0;0;0;0;0;0;0;0;0;0;0;0;0;0;0;0;-7;0;-29;0;-32;0;-34;1;-34;1;-33;2;-31;4;-28;6;-24;8;-19;11;-14;14;-9;18;-5;21;0;24;3;26;6;27;8;26;9;25;10;23;11;20;13;16;15;11;19;7;22;3;26;0;30;-2;34;69;0;-1;27;-1;26;-1;25;-1;24;-1;23;-1;22;-1;21;0;21;0;20;0;19;1;19;1;18;1;17;1;17;1;17;1;16;1;16;1;16;1;15;1;15;1;14;1;13;0;13;0;13;0;12;0;12;0;12;-1;12;-1;4;-1;1;-1;-1;-1;-2;-1;-1;1;1;3;5;9;16;8;17;7;18;6;19;6;20;5;20;5;21;4;22;3;22;3;23;2;23;1;23;1;23;0;23;0;24;0;24;-1;24;-1;24;-1;24;-1;24;-1;25;-1;25;-1;25;-1;26;-1;26;-1;26;-1;27;-1;27;69;0;-5;10;-5;10;-5;11;-4;12;-3;13;-3;14;-3;15;-2;15;-2;16;-1;16;0;17;1;17;2;18;2;19;2;20;3;21;3;21;3;22;3;23;3;23;2;23;2;24;1;24;1;24;0;24;-1;24;-2;25;-3;25;-2;9;-1;2;-1;-1;0;0;-1;0;-1;-2;-1;-5;-1;-14;0;-13;0;-13;0;-13;0;-12;0;-12;0;-11;1;-11;1;-11;1;-10;0;-9;0;-9;0;-8;-1;-7;-1;-6;-1;-6;-2;-5;-2;-4;-3;-3;-3;-2;-4;-1;-4;0;-4;1;-5;2;-5;4;-5;5;-5;6;-5;7,empty,EXP_S154,ZONE_02,sortie_zone,4.1,sortie_zone,sortie de la zone
1229452761,-56,6,a0:9f:7a:73:2b:3e,384,-110;-96;8;0;13;34;13;31;12;27;11;21;8;16;4;10;-1;5;-7;0;-13;-2;-19;-3;-25;-3;-31;-2;-34;0;-36;3;-36;7;-34;11;-31;13;-27;15;-21;16;-14;16;-7;14;0;11;6;7;11;2;15;-2;4;-1;0;0;0;0;0;0;0;0;0;0;0;0;0;0;0;0;0;0;-4;-6;-15;-23;-15;-24;-16;-26;-15;-26;-14;-25;-12;-24;-9;-23;-5;-20;0;-18;5;-16;9;-14;14;-12;18;-10;22;-9;24;-8;25;-7;26;-6;24;-4;23;-2;21;1;18;5;16;10;14;15;13;20;12;26;12;29;77;0;6;24;6;23;6;22;5;22;5;21;5;20;5;19;5;18;5;18;5;17;6;17;6;16;6;15;5;15;5;15;5;14;5;14;5;14;5;13;4;13;4;12;4;12;4;11;3;11;3;11;3;11;3;11;2;11;0;3;0;1;-1;-1;-1;-1;-1;-1;1;1;4;4;12;12;12;12;11;13;11;14;10;15;10;16;9;17;9;17;9;18;8;19;8;19;7;20;7;20;7;20;6;20;6;21;6;21;6;21;6;21;6;21;6;22;6;22;6;22;6;23;6;23;7;23;7;23;7;24;77;0;-2;11;-2;11;-1;12;0;12;0;13;1;14;1;14;2;14;3;14;3;14;4;15;5;15;6;16;7;17;7;17;7;18;8;18;8;19;8;19;8;20;8;20;7;20;7;20;6;20;6;21;5;21;4;22;4;22;1;8;0;2;-1;-1;0;0;0;0;-1;-2;-2;-4;-5;-10;-5;-10;-4;-10;-4;-10;-4;-10;-4;-9;-4;-9;-3;-9;-3;-8;-3;-8;-3;-7;-3;-7;-4;-6;-4;-5;-4;-5;-4;-4;-4;-3;-4;-2;-4;-1;-4;0;-4;1;-4;2;-4;3;-4;4;-4;6;-4;7;-3;8;-3;9,empty,EXP_S154,ZONE_02,sortie_zone,4.1,sortie_zone,sortie de la zone
1229655281,-56,6,a0:9f:7a:73:2b:3e,384,-110;-96;8;0;14;-35;13;-34;10;-30;8;-25;5;-19;4;-12;3;-4;4;3;6;10;9;15;13;20;17;24;21;25;24;26;27;24;29;21;30;17;28;12;25;6;21;1;16;-3;9;-7;2;-10;-5;-12;-10;-13;-3;-4;0;0;0;0;0;0;0;0;0;0;0;0;0;0;0;0;0;0;0;6;3;26;2;28;2;29;1;28;0;27;-2;25;-4;22;-6;17;-9;13;-12;8;-16;4;-19;0;-22;-4;-24;-7;-26;-9;-26;-11;-25;-12;-23;-12;-20;-13;-17;-14;-12;-15;-6;-17;-1;-20;4;-24;8;-28;11;-31;76;0;14;-20;14;-20;13;-20;13;-19;12;-18;12;-17;12;-17;11;-16;10;-16;9;-16;9;-16;8;-16;8;-15;8;-15;8;-14;8;-14;7;-14;7;-14;7;-13;7;-13;6;-12;6;-12;6;-11;6;-11;6;-11;6;-11;6;-10;6;-10;2;-4;0;-1;-1;0;-1;1;-1;0;0;-2;0;-7;1;-18;2;-18;3;-18;4;-18;5;-18;6;-18;7;-19;8;-19;9;-19;9;-19;10;-19;10;-19;11;-19;11;-19;11;-19;12;-19;12;-19;12;-18;12;-18;13;-19;13;-19;13;-19;14;-19;14;-20;14;-20;14;-21;14;-21;14;-21;76;0;11;-6;11;-7;11;-8;11;-9;11;-10;11;-10;11;-11;11;-12;10;-12;9;-13;9;-14;9;-15;9;-17;9;-17;9;-18;9;-18;10;-19;10;-19;10;-20;10;-20;11;-20;11;-20;11;-20;12;-20;12;-19;13;-19;14;-18;15;-18;5;-7;1;-2;-1;0;0;-1;0;-1;-1;1;-2;3;-5;10;-5;10;-5;9;-5;9;-5;8;-5;8;-5;8;-4;8;-4;7;-3;7;-3;6;-2;6;-2;6;-1;6;-1;5;0;5;0;4;1;4;2;3;3;3;4;2;5;2;6;1;6;0;7;-1;8;-2;9;-3;10;-4,empty,EXP_S154,ZONE_02,sortie_zone,4.1,sortie_zone,sortie de la zone
1229852165,-56,6,a0:9f:7a:73:2b:3e,384,-110;-96;8;0;-14;-41;-15;-38;-14;-33;-13;-26;-10;-19;-6;-12;-2;-5;4;1;11;6;17;9;24;11;29;11;34;11;37;9;39;6;39;3;37;-1;33;-5;27;-8;21;-10;14;-12;6;-12;-2;-12;-10;-11;-15;-9;-5;-3;0;0;0;0;0;0;0;0;0;0;0;0;0;0;0;0;0;0;6;1;27;6;28;8;28;9;27;10;25;11;21;11;16;12;10;13;4;14;-2;15;-8;16;-14;17;-18;18;-22;18;-24;18;-25;17;-25;16;-24;13;-22;9;-19;5;-17;-1;-15;-8;-13;-15;-13;-22;-12;-29;-12;-34;86;0;-13;-24;-13;-23;-13;-22;-13;-21;-12;-20;-12;-20;-11;-19;-11;-18;-11;-18;-11;-17;-11;-16;-11;-15;-11;-14;-11;-14;-10;-14;-10;-14;-10;-14;-10;-14;-10;-13;-10;-12;-9;-12;-9;-11;-8;-11;-8;-11;-8;-11;-8;-11;-8;-11;-8;-11;-3;-4;-1;-2;0;0;0;0;0;0;-2;-1;-6;-4;-16;-11;-16;-11;-15;-12;-15;-13;-15;-14;-15;-15;-14;-16;-14;-16;-14;-17;-14;-18;-13;-19;-13;-19;-12;-19;-12;-20;-12;-20;-12;-20;-12;-21;-12;-21;-12;-21;-12;-21;-12;-22;-12;-22;-13;-22;-13;-23;-13;-23;-14;-23;-14;-23;-14;-23;86;0;0;-16;-1;-16;-2;-17;-3;-17;-4;-18;-5;-18;-6;-18;-7;-18;-8;-18;-9;-17;-10;-17;-11;-17;-12;-18;-13;-18;-14;-18;-14;-18;-14;-19;-15;-19;-15;-19;-16;-19;-16;-20;-16;-20;-15;-20;-15;-21;-14;-21;-14;-22;-13;-22;-12;-23;-5;-9;-2;-3;0;0;-1;-1;-1;-1;0;0;2;2;8;6;7;6;7;6;7;6;7;6;7;5;7;5;7;5;7;4;7;4;7;3;7;2;7;1;7;1;6;0;6;-1;6;-2;5;-3;5;-4;5;-6;5;-7;5;-7;4;-8;4;-10;3;-11;2;-13;1;-14;1;-15,empty,EXP_S154,ZONE_02,sortie_zone,4.1,sortie_zone,sortie de la zone
1230052440,-56,6,a0:9f:7a:73:2b:3e,384,-110;-96;8;0;21;37;20;34;19;29;16;23;13;16;8;9;3;2;-4;-4;-10;-9;-16;-14;-23;-16;-28;-17;-33;-17;-36;-16;-38;-14;-39;-11;-37;-7;-34;-3;-30;1;-24;4;-18;7;-11;10;-4;12;4;13;9;14;2;3;0;0;0;0;0;0;0;0;0;0;0;0;0;0;0;0;0;0;-6;4;-23;15;-24;15;-25;13;-25;11;-24;8;-22;4;-19;0;-15;-5;-11;-11;-6;-16;-2;-20;2;-24;6;-26;8;-28;10;-29;11;-28;11;-26;12;-23;12;-18;12;-12;12;-5;12;3;13;12;15;20;16;26;18;31;92;0;21;12;21;12;21;11;20;10;18;10;17;10;16;10;16;10;16;10;16;9;16;8;15;7;14;7;13;7;12;8;12;8;13;8;13;8;13;7;12;7;11;6;9;7;9;7;9;8;9;8;10;8;10;7;9;7;3;2;0;0;-1;-1;-2;0;-1;0;1;-1;6;-3;17;-6;17;-5;18;-4;18;-3;18;-2;19;-1;19;0;19;1;20;2;20;3;21;3;20;4;20;5;20;6;20;6;20;7;21;7;20;7;20;8;20;8;20;9;20;9;21;10;22;10;22;10;22;10;22;10;21;10;92;0;8;14;9;14;10;13;12;13;13;13;13;14;14;14;13;14;14;13;14;11;15;11;17;10;18;11;19;11;19;12;19;12;19;12;19;12;20;12;20;13;20;13;20;14;19;15;19;15;18;16;18;16;17;17;17;18;6;6;1;2;-1;-1;0;-1;0;-1;-2;0;-4;0;-9;2;-9;2;-9;2;-9;2;-9;2;-9;2;-9;2;-8;2;-7;2;-6;3;-6;4;-6;5;-6;5;-6;5;-5;5;-4;5;-3;5;-2;6;-1;8;-1;9;0;10;0;10;1;10;3;10;4;11;6;12;7;13;8;14,empty,EXP_S154,ZONE_02,sortie_zone,4.1,sortie_zone,sortie de la zone
1230254201,-56,6,a0:9f:7a:73:2b:3e,384,-110;-96;8;0;-31;31;-28;29;-24;26;-18;22;-12;16;-6;10;-1;3;4;-5;7;-12;9;-20;10;-26;10;-32;9;-36;8;-39;5;-41;2;-40;-1;-38;-4;-34;-6;-29;-9;-23;-11;-16;-12;-8;-13;0;-13;7;-13;12;-4;3;0;0;0;0;0;0;0;0;0;0;0;0;0;0;0;0;0;0;-6;-4;-23;-14;-22;-15;-21;-17;-18;-18;-15;-18;-10;-18;-4;-17;1;-16;8;-14;13;-12;19;-10;23;-7;27;-5;29;-3;29;-1;29;1;26;2;22;3;17;5;11;7;4;10;-3;13;-10;16;-17;20;-23;24;-27;27;80;0;-18;16;-17;16;-17;16;-17;15;-16;15;-16;14;-15;14;-14;13;-14;13;-13;13;-12;13;-12;12;-12;12;-11;12;-11;11;-11;11;-11;11;-11;11;-10;10;-10;10;-10;10;-10;9;-10;9;-9;9;-9;8;-9;8;-9;7;-10;7;-4;2;-2;0;0;-1;0;-2;0;-1;-1;1;-1;6;-3;17;-4;17;-5;17;-6;17;-7;17;-8;17;-9;17;-10;17;-11;17;-12;17;-12;17;-13;17;-13;16;-14;16;-14;16;-14;16;-15;16;-15;16;-15;16;-16;16;-16;16;-16;16;-16;16;-17;17;-17;17;-17;17;-17;17;-17;17;80;0;-18;6;-18;7;-18;7;-18;8;-18;9;-18;10;-17;11;-17;12;-17;13;-16;13;-16;14;-15;15;-15;16;-15;16;-15;17;-16;18;-16;18;-17;18;-17;18;-17;18;-17;18;-18;18;-18;18;-18;17;-18;17;-19;16;-20;15;-21;15;-8;5;-3;1;0;-1;-1;0;-1;0;0;-1;0;-3;0;-9;0;-8;0;-8;0;-8;0;-8;-1;-7;-1;-7;-1;-7;-2;-7;-2;-7;-3;-6;-4;-6;-5;-6;-5;-5;-6;-5;-7;-5;-7;-4;-8;-4;-9;-3;-10;-3;-11;-2;-12;-1;-13;0;-14;1;-15;2;-16;3;-17;4;-17;4,empty,EXP_S154,ZONE_02,sortie_zone,4.1,sortie_zone,sortie de la zone
1230454696,-56,6,a0:9f:7a:73:2b:3e,384,-110;-96;8;0;16;-40;14;-36;10;-30;7;-24;3;-16;-1;-8;-5;0;-8;8;-11;16;-13;23;-14;29;-14;34;-13;38;-12;40;-10;41;-8;40;-5;37;-2;33;1;27;5;21;8;15;11;8;13;1;16;-5;18;-10;4;-3;0;0;0;0;0;0;0;0;0;0;0;0;0;0;0;0;0;0;4;-4;16;-14;18;-13;19;-10;19;-7;18;-3;16;2;13;6;9;10;4;14;-1;17;-6;20;-10;21;-13;22;-16;21;-18;20;-18;17;-17;13;-15;9;-12;3;-8;-3;-4;-9;0;-16;4;-23;8;-29;12;-35;14;-38;106;0;6;-23;6;-22;5;-22;5;-21;5;-20;5;-19;5;-19;5;-18;4;-18;3;-18;3;-18;2;-17;2;-16;2;-16;3;-16;3;-16;3;-16;2;-16;2;-15;2;-15;2;-14;2;-13;2;-13;3;-13;2;-13;2;-13;2;-13;2;-13;0;-5;0;-2;-1;0;0;0;0;0;-1;-2;-3;-5;-7;-14;-6;-15;-5;-16;-4;-16;-4;-17;-3;-17;-2;-17;-2;-18;-1;-18;-1;-19;0;-19;1;-19;1;-19;2;-19;2;-19;2;-19;3;-19;3;-19;3;-19;4;-20;4;-20;4;-21;4;-21;4;-22;4;-22;4;-22;4;-22;5;-22;106;0;8;-20;7;-20;7;-21;6;-22;5;-22;5;-23;4;-23;3;-23;2;-23;1;-23;0;-24;-1;-24;-1;-25;-2;-26;-2;-26;-2;-26;-2;-26;-2;-26;-2;-27;-2;-27;-2;-27;-1;-27;-1;-27;0;-27;1;-27;1;-27;2;-27;3;-27;1;-10;0;-3;-1;0;-1;-1;-1;-1;0;0;0;2;2;5;2;5;2;4;2;4;3;4;3;3;3;3;3;2;3;1;3;1;4;0;5;-1;5;-1;5;-2;6;-2;6;-4;6;-5;7;-6;7;-7;8;-8;8;-9;8;-10;8;-11;8;-13;8;-14;8;-16;9;-17;9;-18,empty,EXP_S154,ZONE_02,sortie_zone,4.1,sortie_zone,sortie de la zone
1230652334,-56,6,a0:9f:7a:73:2b:3e,384,-110;-96;8;0;-37;-23;-32;-20;-27;-16;-20;-10;-13;-5;-6;1;1;6;9;11;15;15;22;18;27;21;31;22;34;23;36;23;36;21;35;19;33;16;30;12;25;7;20;2;15;-4;9;-9;4;-14;-1;-19;-4;-22;-2;-6;0;0;0;0;0;0;0;0;0;0;0;0;0;0;0;0;0;0;-4;-4;-15;-14;-13;-16;-11;-17;-7;-17;-3;-16;2;-14;7;-11;11;-7;16;-3;19;1;21;5;22;9;22;12;21;15;19;16;16;16;12;14;7;12;1;8;-5;4;-12;-1;-18;-6;-24;-11;-30;-15;-35;-19;-38;-22;98;0;-19;-15;-18;-14;-18;-14;-17;-14;-16;-14;-16;-13;-15;-13;-15;-13;-15;-13;-15;-12;-14;-11;-14;-11;-14;-11;-13;-11;-13;-11;-13;-11;-13;-11;-13;-10;-13;-10;-12;-10;-12;-10;-11;-10;-11;-10;-11;-10;-10;-10;-10;-10;-10;-10;-9;-10;-4;-4;-1;-2;0;0;0;-1;0;-1;-2;0;-6;1;-15;3;-15;2;-15;1;-16;1;-16;0;-16;-1;-17;-2;-17;-3;-17;-4;-17;-4;-17;-5;-17;-6;-17;-7;-17;-8;-17;-8;-17;-9;-17;-9;-17;-9;-17;-10;-17;-10;-17;-11;-18;-11;-18;-12;-18;-12;-18;-12;-18;-13;-18;-13;-18;-14;98;0;-18;-14;-19;-14;-19;-13;-20;-13;-21;-13;-21;-12;-21;-11;-22;-11;-22;-10;-23;-10;-23;-9;-24;-9;-24;-8;-25;-8;-25;-8;-25;-8;-26;-8;-26;-9;-26;-9;-26;-9;-26;-10;-25;-10;-25;-11;-24;-11;-24;-12;-23;-13;-23;-14;-22;-15;-8;-6;-3;-2;0;0;-1;0;-1;0;0;-1;1;-1;4;-3;4;-3;3;-3;3;-3;3;-3;2;-3;2;-4;1;-4;0;-4;0;-5;-1;-5;-1;-6;-2;-7;-2;-7;-3;-7;-4;-8;-4;-8;-5;-9;-6;-10;-7;-10;-9;-10;-9;-11;-11;-11;-12;-12;-13;-12;-15;-13;-16;-14;-17;-14,empty,EXP_S154,ZONE_02,sortie_zone,4.1,sortie_zone,sortie de la zone
1230853949,-55,6,a0:9f:7a:73:2b:3e,384,-110;-96;8;0;41;10;35;9;28;6;20;2;11;-1;1;-5;-8;-9;-17;-12;-24;-15;-30;-18;-36;-19;-40;-20;-42;-20;-43;-19;-43;-18;-40;-16;-37;-13;-32;-9;-26;-5;-20;0;-14;5;-8;11;-2;16;3;20;6;24;1;6;0;0;0;0;0;0;0;0;0;0;0;0;0;0;0;0;0;0;4;0;18;2;17;4;15;6;12;9;8;10;3;11;-3;11;-9;10;-14;9;-19;6;-23;4;-26;1;-27;-2;-26;-4;-24;-6;-21;-7;-16;-7;-10;-7;-2;-6;6;-4;14;-2;22;0;30;3;37;5;42;8;45;9;100;0;24;4;23;4;22;3;21;3;20;4;20;4;19;5;20;5;20;4;19;3;19;3;18;2;17;3;17;3;17;4;17;4;18;3;17;3;17;2;15;2;14;3;13;3;13;4;14;4;14;4;14;4;14;3;13;3;4;1;1;0;-1;-1;-1;0;-1;0;0;-2;3;-4;8;-11;9;-10;10;-10;11;-9;11;-8;12;-8;13;-7;13;-7;14;-6;15;-6;15;-5;15;-4;16;-3;16;-3;17;-2;17;-2;17;-1;17;-1;18;0;18;0;19;1;20;1;20;1;21;1;21;1;21;2;21;2;22;3;100;0;23;-1;23;-2;24;-3;25;-3;26;-4;26;-4;25;-4;24;-5;23;-6;23;-7;23;-8;24;-9;25;-9;25;-9;26;-9;26;-9;26;-9;26;-9;27;-9;27;-9;28;-8;28;-7;27;-6;27;-6;26;-5;26;-4;27;-3;27;-1;9;-1;3;0;-1;0;0;-1;0;-1;-1;0;-1;1;-3;4;-2;4;-2;4;-1;3;-1;3;-1;3;0;3;1;3;2;3;3;3;4;3;5;3;6;4;6;3;7;3;8;3;9;2;10;2;12;3;13;3;13;3;14;2;15;1;17;1;19;0;21;0;22;0;23;0,empty,EXP_S154,ZONE_02,sortie_zone,4.1,sortie_zone,sortie de la zone
1231055346,-56,6,a0:9f:7a:73:2b:3e,384,-110;-96;8;0;-23;36;-19;30;-14;23;-8;15;-2;6;4;-3;10;-11;14;-19;18;-26;21;-32;23;-37;24;-40;25;-42;24;-43;22;-41;19;-39;15;-35;10;-30;5;-23;-1;-17;-7;-10;-12;-4;-17;2;-22;7;-26;11;-7;3;0;0;0;0;0;0;0;0;0;0;0;0;0;0;0;0;0;0;-3;3;-11;12;-13;11;-14;8;-14;5;-13;0;-11;-4;-9;-9;-5;-14;-2;-17;2;-20;6;-23;9;-23;11;-23;13;-21;13;-18;12;-14;10;-9;7;-4;4;3;-1;10;-6;17;-10;24;-15;30;-19;35;-22;40;-24;42;105;0;-17;20;-16;19;-16;19;-15;18;-15;17;-16;16;-16;16;-16;16;-15;17;-14;17;-13;17;-12;17;-12;16;-13;15;-13;15;-13;16;-13;16;-12;16;-12;15;-12;14;-12;13;-11;13;-12;13;-12;13;-11;13;-11;13;-11;12;-11;12;-4;4;-2;1;0;-1;-1;-1;-1;-1;0;1;2;3;5;11;4;11;3;12;2;12;1;13;0;13;-1;14;-1;14;-2;14;-3;14;-4;14;-5;14;-5;15;-6;15;-7;15;-7;15;-8;15;-9;15;-10;15;-10;15;-11;16;-12;16;-13;17;-13;17;-13;18;-14;18;-14;18;-15;18;105;0;-7;22;-7;23;-7;24;-6;24;-6;25;-5;25;-5;25;-4;24;-3;24;-1;24;0;25;0;25;1;26;1;27;0;27;0;27;1;27;0;28;0;28;-1;28;-1;28;-2;28;-2;27;-3;27;-3;27;-4;26;-6;26;-7;26;-3;9;-2;2;0;-1;0;0;0;0;-1;-1;-1;-2;-3;-4;-3;-4;-3;-3;-3;-3;-3;-2;-3;-2;-3;-1;-4;0;-4;1;-4;2;-5;3;-6;3;-6;4;-6;5;-6;5;-6;6;-7;8;-7;9;-8;10;-8;11;-8;12;-8;13;-8;14;-8;16;-8;18;-8;19;-8;21;-9;22,empty,EXP_S154,ZONE_02,sortie_zone,4.1,sortie_zone,sortie de la zone
1231255799,-56,6,a0:9f:7a:73:2b:3e,384,-110;-96;8;0;21;-37;17;-31;12;-24;7;-15;2;-6;-3;3;-8;11;-12;20;-15;27;-18;33;-19;38;-19;42;-18;44;-16;45;-14;44;-12;41;-9;36;-5;30;-1;23;3;16;7;8;11;1;14;-7;18;-13;20;-18;5;-5;0;0;0;0;0;0;0;0;0;0;0;0;0;0;0;0;0;0;3;-3;13;-8;14;-6;14;-3;13;0;11;4;9;8;5;12;1;15;-3;18;-8;20;-11;21;-14;20;-16;19;-17;17;-16;14;-15;10;-12;6;-9;0;-5;-6;0;-12;5;-19;10;-26;15;-32;19;-37;22;-41;24;-43;100;0;12;-24;12;-24;11;-23;11;-22;11;-22;11;-21;11;-21;11;-21;10;-21;9;-21;8;-21;7;-20;7;-19;7;-19;7;-19;7;-20;7;-20;6;-20;6;-19;6;-18;6;-17;6;-16;6;-16;6;-17;6;-17;5;-17;5;-16;5;-15;1;-6;0;-2;-1;0;0;0;0;0;-1;-2;-3;-4;-6;-11;-5;-12;-4;-13;-3;-13;-2;-14;-2;-14;-1;-15;0;-15;1;-16;1;-16;2;-16;3;-16;4;-16;4;-17;5;-17;5;-17;6;-17;6;-17;7;-17;8;-18;9;-19;9;-20;9;-20;9;-21;10;-21;10;-22;11;-22;11;-22;100;0;1;-23;1;-24;0;-25;-1;-25;-1;-26;-1;-26;-2;-25;-3;-25;-4;-24;-6;-24;-7;-24;-8;-25;-8;-26;-8;-26;-8;-26;-8;-27;-8;-27;-9;-27;-9;-27;-8;-28;-8;-28;-7;-28;-6;-28;-5;-27;-5;-27;-4;-27;-3;-28;-1;-28;-1;-10;0;-4;0;0;-1;-1;-1;-1;0;0;0;1;1;2;1;2;1;1;2;1;2;0;2;0;2;-1;1;-2;2;-3;2;-4;2;-5;3;-5;3;-6;3;-7;3;-7;3;-9;3;-10;4;-11;4;-12;4;-13;4;-14;4;-15;3;-16;3;-18;3;-19;2;-21;2;-23;2;-23,empty,EXP_S154,ZONE_02,sortie_zone,4.1,sortie_zone,sortie de la zone
1231454170,-56,6,a0:9f:7a:73:2b:3e,384,-110;-96;8;0;32;24;27;19;20;14;12;9;3;4;-6;0;-15;-4;-24;-6;-32;-7;-38;-8;-43;-7;-47;-6;-49;-4;-49;-1;-47;1;-43;3;-38;5;-30;6;-22;7;-14;7;-5;7;4;7;12;6;19;5;25;4;6;0;0;0;0;0;0;0;0;0;0;0;0;0;0;0;0;0;0;0;-2;3;-8;13;-9;11;-11;9;-13;6;-14;3;-15;-2;-16;-6;-15;-11;-15;-15;-14;-19;-12;-22;-11;-23;-9;-23;-6;-23;-4;-21;-2;-18;2;-13;5;-8;10;-2;14;4;19;10;24;16;29;21;33;25;37;28;39;30;90;0;23;16;23;15;22;14;21;14;21;13;20;13;20;13;21;13;21;12;21;11;21;9;20;8;19;8;19;9;19;9;20;9;20;8;20;7;19;6;18;6;17;6;16;6;16;7;17;6;17;6;17;6;16;5;16;5;5;2;1;0;-1;-1;-1;0;-1;0;1;-1;4;-1;12;-2;12;-2;13;-1;13;0;13;1;13;2;14;3;14;4;14;5;14;6;15;6;15;7;15;8;15;8;15;9;16;9;16;10;16;10;16;11;16;12;17;12;18;13;19;13;20;13;20;13;21;13;21;14;21;15;90;0;20;1;21;1;22;0;23;-1;24;-1;23;0;23;-1;22;-2;21;-3;21;-5;22;-6;23;-7;24;-7;24;-7;24;-7;24;-7;24;-7;25;-8;25;-8;26;-7;26;-7;26;-6;26;-5;25;-5;25;-4;25;-3;25;-2;25;-1;9;-1;2;0;-1;0;0;-1;0;0;-1;-1;-2;-1;-3;0;-3;0;-2;0;-2;0;-1;0;-1;0;0;0;1;0;2;0;3;1;4;2;5;2;5;3;5;3;6;2;7;2;8;3;10;3;10;4;11;5;11;4;12;4;13;3;15;3;17;2;19;2;20;3;21;3,empty,EXP_S154,ZONE_02,sortie_zone,4.1,sortie_zone,sortie de la zone
1231652531,-56,6,a0:9f:7a:73:2b:3e,384,-110;-96;8;0;-23;32;-19;26;-14;19;-8;11;-3;2;1;-7;5;-16;7;-24;9;-32;10;-38;9;-43;8;-46;7;-48;5;-48;2;-46;0;-43;-2;-37;-4;-30;-6;-23;-8;-14;-9;-5;-9;3;-10;11;-10;19;-10;24;-3;6;0;0;0;0;0;0;0;0;0;0;0;0;0;0;0;0;0;0;-4;-2;-14;-5;-13;-7;-12;-9;-9;-11;-6;-13;-2;-15;3;-16;7;-17;11;-17;15;-16;18;-15;20;-14;20;-12;20;-9;18;-6;15;-3;11;1;6;5;1;10;-5;15;-10;20;-16;25;-21;30;-24;34;-27;37;-28;39;97;0;-20;19;-19;19;-19;19;-18;18;-17;18;-17;18;-17;18;-16;18;-15;18;-14;18;-13;18;-12;18;-12;17;-12;17;-12;17;-12;18;-11;18;-11;18;-10;17;-10;17;-10;16;-9;16;-9;15;-9;15;-9;15;-8;15;-8;15;-8;14;-3;5;-1;1;0;-1;0;-1;0;-1;-1;1;-1;4;-2;11;-3;11;-4;12;-5;12;-6;12;-7;12;-7;12;-8;12;-9;12;-10;12;-11;12;-11;12;-12;12;-12;12;-13;12;-13;12;-14;13;-14;13;-15;13;-15;13;-16;14;-17;14;-17;15;-17;16;-17;16;-18;17;-18;17;-19;18;97;0;-5;21;-5;21;-4;22;-4;23;-3;23;-3;23;-2;23;-1;23;0;23;1;23;2;23;3;24;3;25;3;25;3;25;4;25;4;26;4;26;3;26;3;27;3;27;2;26;2;26;1;26;0;26;0;26;-2;26;-3;26;-1;9;-1;2;-1;-1;-1;0;-1;0;0;-1;0;-1;0;-3;0;-2;0;-2;0;-1;-1;-1;-1;0;-1;0;-1;1;-2;2;-2;2;-3;3;-4;4;-4;4;-4;5;-4;5;-5;6;-5;7;-6;8;-6;9;-7;10;-7;11;-7;12;-6;13;-6;15;-6;16;-7;18;-7;19;-7;20,empty,EXP_S154,ZONE_02,sortie_zone,4.1,sortie_zone,sortie de la zone
1231852393,-56,6,a0:9f:7a:73:2b:3e,384,-110;-96;8;0;35;-2;28;-2;20;-2;12;0;3;1;-6;3;-14;6;-21;9;-26;13;-31;16;-33;20;-35;23;-35;25;-34;26;-31;26;-27;25;-22;23;-16;20;-10;16;-4;12;2;6;8;1;12;-4;16;-9;19;-13;5;-4;0;0;0;0;0;0;0;0;0;0;0;0;0;0;0;0;0;0;0;3;1;13;-1;13;-3;13;-6;12;-9;10;-11;8;-14;5;-16;2;-18;-1;-19;-4;-20;-7;-20;-9;-19;-11;-17;-12;-14;-12;-10;-12;-5;-11;0;-9;6;-8;13;-6;19;-5;26;-3;32;-3;37;-3;40;-2;42;-2;93;0;24;5;23;5;23;5;22;5;22;5;21;5;21;5;21;4;21;3;20;3;20;2;19;2;19;2;19;2;19;2;19;1;19;1;18;0;18;0;17;0;16;0;16;0;16;0;16;0;16;0;15;0;15;0;15;0;5;0;1;0;-1;0;-1;0;-1;0;0;-1;3;-3;9;-7;9;-6;10;-5;11;-5;11;-4;12;-4;12;-3;13;-3;13;-2;14;-1;14;-1;14;0;15;1;15;1;15;2;16;2;16;2;16;3;17;3;17;4;18;4;19;4;20;4;20;4;21;4;21;5;22;5;22;5;93;0;17;-6;17;-7;18;-8;18;-8;18;-9;18;-9;18;-9;17;-10;17;-10;16;-11;16;-12;16;-13;17;-14;17;-14;18;-14;18;-14;18;-15;18;-15;18;-15;19;-15;19;-14;20;-14;19;-13;19;-13;19;-12;20;-11;20;-10;21;-9;7;-4;2;-1;-1;0;0;-1;0;0;-1;0;-2;0;-3;0;-3;0;-2;0;-2;0;-1;-1;-1;-1;0;-1;0;-1;1;-1;2;-1;3;-1;4;-1;4;-1;5;-1;5;-1;6;-1;7;-1;8;-1;9;-1;10;-1;10;-1;11;-2;12;-3;13;-3;14;-4;15;-4;16;-5;17;-5,empty,EXP_S154,ZONE_02,sortie_zone,4.1,sortie_zone,sortie de la zone
1232052371,-57,6,a0:9f:7a:73:2b:3e,384,-110;-96;8;0;-33;18;-28;15;-21;11;-14;6;-8;0;-2;-7;2;-14;5;-21;7;-28;7;-34;6;-39;4;-43;2;-45;-1;-45;-4;-43;-6;-39;-8;-34;-9;-27;-10;-19;-9;-11;-8;-3;-5;5;-2;12;2;19;5;23;1;6;0;0;0;0;0;0;0;0;0;0;0;0;0;0;0;0;0;0;0;-5;3;-17;5;-17;7;-17;9;-16;10;-14;12;-12;14;-9;15;-5;17;-1;18;2;18;5;18;8;17;10;16;12;14;13;10;13;6;13;2;13;-4;13;-10;13;-16;13;-22;14;-28;16;-33;17;-37;19;-38;20;75;0;-26;9;-26;9;-25;9;-24;9;-24;9;-23;9;-23;9;-22;9;-21;10;-20;10;-20;11;-19;11;-19;11;-18;11;-18;11;-18;11;-18;11;-17;11;-16;11;-15;11;-15;11;-15;10;-14;10;-14;10;-14;10;-13;10;-13;10;-13;10;-5;3;-2;1;0;-1;0;-1;0;-1;-1;1;-3;3;-8;10;-9;10;-10;10;-10;9;-11;9;-12;9;-13;8;-13;8;-14;8;-15;7;-15;7;-16;7;-16;6;-17;6;-17;6;-18;6;-18;6;-19;5;-19;5;-20;5;-21;6;-21;6;-22;6;-23;7;-23;7;-24;7;-24;7;-25;8;75;0;-12;12;-12;12;-12;13;-12;14;-12;15;-12;15;-11;16;-10;16;-10;17;-9;18;-8;18;-8;19;-8;20;-8;20;-8;21;-7;21;-7;22;-7;22;-8;22;-8;23;-8;23;-8;22;-9;22;-9;21;-9;21;-10;21;-11;21;-12;21;-5;7;-2;2;0;-1;-1;0;-1;0;0;-1;1;-1;4;-3;4;-3;3;-3;3;-2;3;-2;2;-2;2;-2;1;-1;1;-1;0;0;-1;0;-2;0;-2;0;-3;0;-3;1;-4;1;-5;2;-6;2;-6;2;-7;3;-8;4;-8;4;-9;6;-10;7;-11;8;-11;9;-12;10;-13;10,empty,EXP_S154,ZONE_02,sortie_zone,4.1,sortie_zone,sortie de la zone
1232252420,-56,6,a0:9f:7a:73:2b:3e,384,-110;-96;8;0;1;-41;1;-35;1;-27;2;-19;4;-11;8;-3;12;5;18;11;24;15;29;17;35;18;39;17;42;14;44;11;43;7;40;3;35;0;29;-4;21;-6;13;-6;4;-6;-4;-5;-12;-2;-19;1;-23;4;-7;1;0;0;0;0;0;0;0;0;0;0;0;0;0;0;0;0;0;0;1;4;3;18;3;19;1;20;-1;20;-3;19;-6;18;-9;16;-12;14;-15;11;-18;9;-20;6;-22;4;-23;2;-23;-1;-22;-2;-21;-4;-18;-6;-14;-10;-11;-13;-7;-18;-3;-23;0;-28;3;-34;5;-39;5;-43;5;-45;71;0;1;-30;1;-30;0;-29;0;-28;0;-27;0;-27;0;-26;-1;-26;-2;-26;-3;-25;-4;-24;-5;-23;-5;-23;-4;-23;-4;-23;-5;-23;-6;-23;-6;-22;-7;-21;-6;-20;-6;-19;-5;-18;-5;-18;-6;-18;-6;-18;-7;-18;-6;-17;-6;-16;-2;-6;-1;-2;0;0;0;0;0;0;-1;-2;-3;-5;-7;-13;-6;-14;-6;-14;-5;-15;-4;-15;-4;-16;-3;-17;-2;-17;-2;-18;-1;-18;-1;-19;0;-19;0;-20;1;-20;1;-21;1;-21;2;-21;2;-22;2;-22;3;-23;3;-24;3;-25;2;-26;2;-26;2;-27;2;-27;1;-28;2;-29;71;0;-5;-15;-7;-16;-8;-16;-9;-17;-9;-18;-9;-18;-9;-17;-10;-17;-11;-16;-12;-15;-14;-15;-15;-15;-16;-16;-16;-16;-16;-17;-16;-16;-17;-16;-18;-16;-19;-16;-19;-17;-19;-18;-18;-18;-18;-18;-17;-18;-17;-18;-16;-18;-16;-19;-15;-19;-6;-7;-2;-3;0;0;-1;-1;-1;-1;0;0;0;2;0;6;0;5;0;5;0;4;0;4;0;4;0;3;-1;3;-1;1;-1;0;0;-1;0;-1;0;-2;0;-2;0;-3;-1;-4;-1;-5;-1;-6;0;-7;0;-8;0;-8;-1;-8;-2;-9;-3;-10;-4;-12;-4;-14;-4;-15;-4;-16,empty,EXP_S154,ZONE_02,sortie_zone,4.1,sortie_zone,sortie de la zone
1232452292,-56,6,a0:9f:7a:73:2b:3e,384,-110;-96;8;0;-38;15;-32;13;-25;10;-18;6;-12;0;-6;-6;-1;-13;2;-21;3;-28;3;-34;1;-40;-2;-44;-5;-45;-9;-45;-12;-43;-14;-39;-15;-33;-16;-26;-15;-19;-12;-11;-8;-3;-4;4;2;10;8;15;13;18;3;4;0;0;0;0;0;0;0;0;0;0;0;0;0;0;0;0;0;0;3;-4;15;-13;16;-12;17;-11;18;-9;18;-7;18;-4;18;-1;17;3;16;7;15;11;14;14;13;17;11;19;10;20;7;20;5;20;1;18;-2;16;-7;15;-13;13;-19;12;-25;11;-31;11;-36;11;-40;13;-42;13;69;0;-28;10;-27;10;-26;10;-25;10;-25;10;-24;10;-23;10;-23;11;-22;12;-21;13;-20;13;-19;13;-19;13;-18;13;-18;13;-18;13;-17;14;-17;14;-16;14;-15;13;-14;13;-14;12;-14;12;-14;12;-13;12;-13;13;-12;12;-12;12;-4;4;-2;1;0;-1;0;-1;0;-1;-1;1;-4;3;-11;10;-11;10;-12;9;-13;9;-14;8;-14;8;-15;8;-16;8;-16;7;-17;7;-18;7;-18;6;-19;6;-19;5;-20;5;-20;5;-21;5;-21;5;-21;5;-22;5;-23;6;-24;6;-24;7;-25;7;-25;8;-26;8;-26;8;-27;8;69;0;-12;9;-12;11;-12;12;-12;13;-13;14;-13;14;-12;15;-12;15;-10;15;-9;16;-9;17;-8;19;-8;19;-8;20;-8;20;-8;21;-7;21;-7;22;-7;23;-7;23;-8;23;-8;23;-9;22;-9;22;-9;21;-9;22;-10;22;-11;22;-4;8;-2;2;0;-1;-1;0;-1;0;0;-1;2;-1;5;-3;5;-3;4;-3;4;-3;3;-3;3;-3;3;-2;3;-2;2;-1;1;-1;0;-1;-1;-1;-2;-1;-2;-1;-2;-1;-3;0;-4;1;-5;1;-6;1;-7;1;-8;2;-8;3;-8;4;-9;5;-11;6;-12;7;-13;8;-14;8,empty,EXP_S154,ZONE_02,sortie_zone,4.1,sortie_zone,sortie de la zone
1232652365,-56,6,a0:9f:7a:73:2b:3e,384,-110;-96;8;0;24;-28;20;-24;16;-19;12;-12;10;-6;9;2;9;10;11;17;14;22;18;26;22;28;26;29;30;28;32;25;33;22;32;17;30;12;25;7;20;3;13;-1;5;-3;-2;-4;-10;-3;-16;-1;-21;0;-6;0;0;0;0;0;0;0;0;0;0;0;0;0;0;0;0;0;0;0;-4;2;-16;10;-17;10;-18;9;-19;8;-19;6;-19;3;-19;0;-18;-3;-18;-7;-17;-10;-17;-13;-16;-15;-15;-17;-13;-18;-11;-19;-9;-19;-6;-18;-2;-17;3;-17;7;-18;13;-19;18;-20;23;-22;26;-25;29;-27;30;-29;63;0;21;-19;20;-19;20;-19;19;-19;18;-18;17;-18;17;-18;16;-18;15;-19;14;-19;13;-19;12;-18;12;-18;12;-18;12;-18;11;-18;11;-18;10;-18;10;-18;9;-17;9;-17;9;-16;8;-16;8;-16;8;-16;7;-16;7;-15;7;-15;2;-6;0;-2;-1;0;-1;0;-1;0;0;-2;1;-5;4;-14;5;-14;6;-14;7;-14;8;-13;9;-13;9;-13;10;-14;11;-14;12;-14;13;-13;13;-13;14;-13;15;-13;15;-13;15;-13;16;-13;16;-13;17;-13;17;-14;18;-14;18;-15;19;-15;19;-16;19;-16;20;-17;20;-17;21;-18;63;0;5;-13;5;-14;5;-15;4;-16;4;-16;4;-16;4;-16;3;-16;2;-17;1;-17;0;-18;0;-19;0;-20;-1;-20;-1;-20;-1;-20;-1;-20;-1;-21;-2;-21;-1;-22;-1;-22;-1;-22;0;-22;0;-21;1;-21;1;-21;2;-22;3;-22;1;-8;0;-3;-1;0;0;-1;0;-1;-1;0;-2;1;-4;4;-4;3;-4;3;-3;3;-3;3;-3;2;-3;2;-3;1;-2;1;-2;0;-1;0;0;0;0;0;0;-1;1;-1;1;-2;2;-3;2;-4;3;-4;4;-5;4;-5;4;-6;4;-7;5;-8;5;-10;6;-11;6;-12;6;-12,empty,EXP_S154,ZONE_02,sortie_zone,4.1,sortie_zone,sortie de la zone
1232854286,-55,6,a0:9f:7a:73:2b:3e,384,-110;-96;8;0;1;-39;0;-32;0;-24;2;-16;4;-7;8;0;12;7;17;13;23;17;29;19;33;19;37;18;40;16;41;13;41;9;38;5;34;2;27;-2;20;-4;12;-5;4;-5;-4;-5;-12;-3;-18;0;-23;2;-6;0;0;0;0;0;0;0;0;0;0;0;0;0;0;0;0;0;0;0;1;4;4;16;3;17;1;18;-2;18;-4;18;-7;17;-11;16;-14;14;-17;13;-20;11;-22;9;-23;6;-23;4;-22;2;-21;-1;-19;-3;-16;-6;-12;-10;-8;-15;-5;-20;-1;-25;1;-31;4;-36;5;-41;5;-44;4;-46;79;0;2;-30;2;-29;2;-28;1;-27;1;-26;1;-26;1;-25;0;-25;-1;-25;-2;-24;-3;-23;-3;-23;-3;-22;-3;-22;-4;-22;-4;-22;-5;-21;-5;-21;-6;-20;-5;-19;-5;-18;-5;-18;-5;-18;-5;-18;-6;-18;-6;-17;-5;-17;-5;-17;-2;-6;-1;-2;0;0;0;0;0;0;-1;-2;-3;-5;-6;-13;-6;-14;-5;-15;-4;-15;-4;-16;-3;-16;-2;-17;-2;-18;-1;-18;0;-19;0;-19;1;-20;1;-20;2;-20;2;-21;3;-21;3;-21;3;-22;3;-22;4;-23;4;-24;3;-25;3;-25;3;-26;3;-27;3;-27;3;-28;3;-28;79;0;-7;-16;-8;-16;-9;-17;-10;-17;-10;-18;-11;-18;-11;-17;-11;-16;-12;-16;-13;-15;-14;-15;-15;-15;-16;-15;-16;-16;-17;-16;-17;-15;-17;-15;-18;-15;-18;-16;-18;-16;-18;-17;-17;-17;-17;-17;-16;-17;-16;-17;-15;-17;-15;-18;-14;-19;-5;-7;-2;-3;0;0;0;-1;0;-1;0;0;-1;1;-1;4;-1;3;-1;3;-1;2;-1;2;-1;2;-2;1;-2;0;-2;-1;-2;-2;-2;-2;-1;-3;-1;-3;-1;-4;-2;-4;-2;-5;-2;-6;-2;-7;-2;-8;-2;-9;-2;-9;-3;-9;-4;-10;-5;-11;-6;-13;-6;-14;-6;-15;-6;-16,empty,EXP_S154,ZONE_02,sortie_zone,4.1,sortie_zone,sortie de la zone
1233052450,-56,6,a0:9f:7a:73:2b:3e,384,-110;-96;8;0;12;-41;9;-36;7;-28;4;-20;2;-11;0;-2;0;7;0;15;2;22;3;29;6;34;8;37;11;39;13;39;15;37;16;34;16;30;15;24;14;17;12;10;9;3;5;-4;2;-10;-2;-16;-5;-20;-2;-6;0;0;0;0;0;0;0;0;0;0;0;0;0;0;0;0;0;0;4;-1;18;0;18;2;16;4;13;6;10;9;6;11;1;13;-4;15;-9;16;-13;17;-17;17;-20;17;-22;16;-23;15;-22;12;-20;10;-17;6;-13;2;-9;-3;-4;-9;1;-16;5;-23;9;-29;12;-35;14;-40;15;-43;84;0;8;-25;7;-24;7;-24;6;-23;6;-22;6;-22;6;-21;5;-21;5;-21;4;-21;3;-20;3;-20;2;-19;2;-19;2;-19;2;-19;2;-19;1;-18;1;-18;1;-17;1;-17;1;-16;1;-16;0;-16;0;-16;0;-16;0;-15;0;-15;0;-6;0;-2;-1;0;0;0;0;0;-1;-2;-2;-5;-5;-14;-5;-14;-4;-15;-3;-15;-2;-16;-1;-16;-1;-17;0;-17;1;-17;1;-18;2;-18;3;-18;4;-18;4;-18;5;-19;5;-19;5;-19;5;-19;6;-19;6;-20;6;-20;7;-21;7;-22;7;-22;7;-23;7;-23;7;-23;8;-23;84;0;3;-21;3;-21;2;-22;1;-22;0;-22;0;-22;-1;-22;-2;-22;-3;-21;-4;-21;-5;-21;-6;-21;-7;-22;-7;-22;-7;-22;-7;-22;-8;-22;-8;-22;-9;-22;-9;-22;-8;-22;-8;-22;-8;-22;-7;-22;-7;-21;-6;-22;-5;-22;-5;-22;-2;-8;-1;-3;0;0;-1;-1;-1;-1;0;0;0;1;2;2;2;2;2;1;2;1;3;1;3;0;3;0;3;-1;3;-2;4;-3;4;-3;4;-4;5;-4;5;-5;5;-6;5;-7;5;-8;5;-9;6;-10;6;-11;6;-12;6;-13;5;-14;5;-15;5;-17;4;-18;4;-20;4;-20,empty,EXP_S154,ZONE_02,sortie_zone,4.1,sortie_zone,sortie de la zone
1233252390,-56,6,a0:9f:7a:73:2b:3e,384,-110;-96;8;0;6;45;6;39;6;31;6;23;4;13;2;3;-1;-6;-4;-14;-9;-22;-13;-28;-17;-32;-21;-35;-24;-36;-26;-36;-27;-35;-27;-31;-26;-27;-24;-21;-21;-15;-17;-9;-12;-2;-7;4;-2;9;3;14;7;18;2;4;0;0;0;0;0;0;0;0;0;0;0;0;0;0;0;0;0;0;-4;3;-16;12;-17;10;-18;7;-18;4;-17;0;-15;-5;-12;-10;-9;-15;-5;-19;-1;-23;2;-26;5;-28;8;-28;10;-27;11;-25;11;-22;10;-18;9;-12;8;-5;7;3;6;11;5;19;5;28;5;36;5;42;5;45;94;0;2;25;1;25;1;24;1;23;1;23;1;22;1;21;1;21;2;21;2;20;2;19;3;19;3;18;2;18;2;18;2;18;3;17;3;17;3;17;3;16;2;15;2;15;2;15;2;15;2;14;2;14;1;14;1;14;0;5;0;1;-1;-1;-1;-1;-1;-1;1;0;4;3;12;9;12;10;11;11;10;12;10;13;9;14;9;14;9;15;8;16;8;16;7;17;6;17;6;18;5;18;4;19;4;20;4;20;3;20;3;20;3;20;3;21;3;22;3;22;3;23;3;23;3;24;2;24;2;25;94;0;1;22;2;22;3;22;4;22;5;22;5;22;6;22;6;21;7;21;8;20;9;20;9;20;10;20;11;20;11;20;11;20;12;20;12;20;12;21;12;21;12;20;11;20;10;20;10;20;9;20;9;21;8;21;8;21;2;7;0;2;-1;-1;0;0;0;0;-1;-1;-2;-1;-4;-3;-4;-2;-4;-2;-4;-1;-4;-1;-3;0;-3;0;-3;1;-3;2;-3;3;-3;4;-4;5;-4;5;-4;6;-4;7;-4;8;-3;9;-3;10;-3;11;-3;12;-3;13;-2;14;-2;15;-1;17;-1;18;0;19;0;20;1;21,empty,EXP_S154,ZONE_02,sortie_zone,4.1,sortie_zone,sortie de la zone
1233452133,-57,6,a0:9f:7a:73:2b:3e,384,-110;-96;8;0;-10;42;-8;37;-5;29;-3;21;-2;12;-2;3;-2;-6;-4;-15;-7;-22;-11;-28;-15;-32;-18;-35;-21;-36;-24;-35;-25;-33;-26;-29;-25;-24;-23;-19;-20;-13;-16;-7;-11;0;-5;5;1;9;7;13;12;16;3;4;0;0;0;0;0;0;0;0;0;0;0;0;0;0;0;0;0;0;-5;-2;-19;-8;-19;-10;-17;-12;-15;-14;-11;-15;-7;-16;-2;-17;3;-17;8;-17;13;-17;17;-17;20;-16;22;-15;23;-13;23;-11;21;-9;18;-6;14;-2;10;2;5;8;1;14;-4;20;-7;27;-10;34;-12;39;-13;43;77;0;-8;24;-7;24;-7;24;-7;23;-7;22;-6;21;-6;21;-6;21;-5;20;-4;20;-4;20;-3;19;-3;18;-3;18;-3;18;-3;18;-3;18;-2;17;-2;17;-2;16;-2;16;-2;15;-2;15;-1;15;-1;15;-1;14;-1;14;-2;14;-1;5;-1;1;0;-1;-1;-1;-1;-1;0;1;2;5;6;14;5;14;4;15;3;16;2;16;2;16;1;17;0;17;0;18;-1;18;-2;18;-2;19;-3;19;-4;19;-4;19;-5;19;-5;20;-5;20;-6;20;-6;20;-6;21;-7;21;-7;22;-7;22;-7;23;-7;23;-7;24;-7;24;77;0;-5;19;-5;19;-4;20;-3;20;-2;21;-1;21;-1;21;0;20;1;20;2;19;3;19;4;20;5;20;6;20;6;20;6;21;7;21;7;21;7;21;7;21;7;21;7;21;7;21;7;20;7;20;6;21;5;21;4;21;1;7;0;2;-1;-1;0;0;0;0;-1;-1;-1;-2;-1;-5;-1;-5;-2;-4;-2;-4;-2;-3;-2;-3;-2;-2;-2;-1;-3;0;-3;0;-4;1;-4;2;-5;2;-5;3;-5;4;-5;4;-6;5;-6;6;-6;7;-7;8;-7;9;-7;11;-6;12;-6;13;-6;15;-6;16;-6;18;-6;18,empty,EXP_S154,ZONE_02,sortie_zone,4.1,sortie_zone,sortie de la zone
1233652004,-57,6,a0:9f:7a:73:2b:3e,384,-110;-96;8;0;44;-9;37;-9;30;-8;22;-6;14;-2;6;2;0;8;-6;15;-9;22;-10;29;-10;35;-8;39;-5;43;-1;44;3;42;7;40;9;35;11;28;12;21;11;13;8;5;5;-3;0;-9;-6;-14;-10;-18;-3;-5;0;0;0;0;0;0;0;0;0;0;0;0;0;0;0;0;0;0;-6;2;-21;11;-22;10;-24;8;-24;6;-23;4;-22;0;-21;-4;-19;-8;-17;-13;-16;-18;-14;-21;-12;-24;-10;-26;-8;-27;-6;-27;-4;-26;-2;-23;2;-20;6;-17;12;-13;18;-10;25;-7;32;-5;38;-4;43;-4;46;-4;73;0;29;-8;29;-8;27;-8;26;-8;25;-8;24;-7;24;-7;23;-8;23;-9;22;-9;20;-10;19;-10;19;-10;18;-10;18;-10;19;-10;18;-11;18;-11;16;-11;15;-11;14;-10;14;-10;14;-10;14;-10;14;-11;14;-11;13;-11;13;-11;4;-4;1;-1;-1;0;-1;0;-1;0;1;-2;4;-5;11;-14;12;-14;13;-13;14;-12;15;-12;16;-11;17;-11;18;-11;18;-10;19;-9;20;-9;20;-8;21;-8;21;-7;22;-7;22;-7;22;-7;23;-6;23;-6;24;-6;25;-6;25;-6;26;-6;26;-7;27;-7;27;-8;27;-8;28;-7;73;0;16;-6;16;-7;16;-9;17;-10;17;-11;17;-11;16;-11;16;-11;14;-12;14;-14;13;-15;13;-16;13;-17;14;-17;14;-17;14;-18;13;-18;13;-18;13;-19;13;-20;13;-20;14;-19;14;-19;14;-18;14;-18;14;-18;15;-18;16;-18;5;-7;1;-2;-1;0;0;-1;0;-1;-1;0;-3;1;-6;3;-6;2;-5;2;-5;2;-4;3;-4;2;-4;2;-3;2;-2;1;-1;1;0;1;1;2;1;2;1;2;2;1;3;0;4;0;6;0;7;0;8;0;9;0;9;-1;10;-2;11;-3;13;-4;15;-5;16;-5;17;-6,empty,EXP_S154,ZONE_02,sortie_zone,4.1,sortie_zone,sortie de la zone
1233853635,-56,6,a0:9f:7a:73:2b:3e,384,-110;-96;8;0;-13;-41;-13;-35;-11;-28;-7;-20;-3;-13;3;-7;9;-2;16;1;23;3;30;2;35;1;39;-2;41;-6;42;-9;40;-13;37;-16;32;-17;26;-17;19;-16;11;-13;5;-9;-1;-4;-6;2;-10;8;-13;13;-4;3;0;0;0;0;0;0;0;0;0;0;0;0;0;0;0;0;0;0;1;4;6;18;4;19;2;20;0;20;-2;20;-5;19;-9;18;-13;16;-16;15;-19;13;-22;11;-24;10;-25;8;-25;6;-24;4;-22;2;-20;-1;-17;-5;-14;-9;-11;-15;-9;-21;-7;-27;-6;-33;-7;-39;-8;-43;-9;-45;79;0;-1;-30;-2;-30;-2;-29;-2;-28;-3;-27;-3;-26;-3;-25;-4;-25;-5;-24;-6;-23;-7;-22;-7;-22;-8;-21;-8;-21;-8;-21;-8;-20;-8;-20;-9;-19;-9;-19;-9;-18;-9;-17;-9;-17;-9;-16;-9;-16;-10;-16;-10;-16;-9;-16;-9;-16;-3;-6;-1;-2;0;0;0;0;0;0;-1;-2;-3;-6;-7;-15;-7;-16;-6;-16;-5;-17;-4;-18;-3;-18;-3;-19;-2;-19;-2;-20;-1;-20;-1;-21;0;-21;0;-22;0;-22;1;-22;1;-23;1;-23;2;-23;2;-24;2;-24;2;-25;1;-26;1;-26;1;-27;0;-27;0;-28;-1;-29;-1;-29;79;0;-5;-18;-5;-18;-6;-18;-7;-18;-8;-18;-8;-18;-8;-18;-9;-17;-10;-17;-11;-16;-12;-16;-13;-16;-14;-16;-14;-16;-15;-16;-15;-15;-16;-15;-16;-15;-16;-15;-17;-16;-17;-16;-16;-16;-16;-16;-16;-16;-15;-16;-15;-17;-14;-17;-14;-18;-5;-7;-2;-2;0;0;0;-1;0;-1;0;0;-1;1;-1;4;-1;4;-1;3;0;3;0;2;0;2;-1;1;-1;1;-1;0;-1;-1;0;-2;0;-2;0;-3;0;-3;0;-4;0;-5;0;-6;0;-7;0;-8;0;-9;0;-9;-1;-10;-1;-11;-2;-12;-2;-13;-3;-15;-3;-16;-4;-16,empty,EXP_S154,ZONE_02,sortie_zone,4.1,sortie_zone,sortie de la zone
1234052568,-54,6,a0:9f:7a:73:2b:3e,384,-110;-96;8;0;-37;3;-31;3;-24;2;-17;-1;-10;-4;-5;-8;0;-14;3;-20;5;-26;4;-32;3;-36;0;-39;-3;-41;-7;-42;-10;-40;-13;-37;-14;-32;-15;-26;-14;-20;-12;-13;-8;-6;-3;0;3;4;9;8;13;10;3;2;0;0;0;0;0;0;0;0;0;0;0;0;0;0;0;0;0;0;3;1;15;7;15;8;16;11;16;13;15;14;14;16;12;18;10;19;8;21;5;21;3;22;0;21;-2;20;-4;19;-6;17;-9;15;-11;12;-14;9;-18;7;-22;4;-26;1;-31;-1;-36;-2;-39;-2;-42;-1;-43;-1;62;0;-29;2;-29;3;-27;3;-26;4;-25;4;-25;4;-24;4;-24;5;-23;6;-23;7;-21;8;-21;8;-20;8;-20;8;-20;8;-20;9;-20;10;-19;10;-18;11;-17;10;-16;10;-16;9;-16;9;-16;9;-16;10;-16;10;-15;10;-15;10;-5;3;-2;1;0;-1;0;-1;0;-1;-2;0;-5;2;-14;5;-15;5;-15;4;-16;4;-17;3;-17;2;-18;2;-18;1;-19;0;-19;0;-20;0;-20;-1;-21;-1;-21;-1;-21;-1;-22;-2;-22;-2;-22;-2;-23;-2;-23;-2;-24;-2;-25;-1;-26;-1;-26;0;-26;0;-27;1;-28;1;-28;1;62;0;-11;8;-12;9;-12;10;-13;11;-14;11;-14;11;-13;11;-13;11;-12;11;-11;12;-11;13;-11;14;-12;15;-12;15;-12;15;-12;15;-12;15;-12;16;-12;16;-12;17;-13;17;-14;16;-14;15;-14;15;-14;14;-14;14;-14;14;-15;14;-6;5;-2;1;0;-1;-1;-1;-1;-1;0;0;1;0;4;2;4;2;3;2;3;1;3;1;3;2;2;2;2;3;1;3;0;3;-1;3;-2;2;-2;2;-2;2;-3;3;-3;4;-4;4;-6;4;-7;3;-7;3;-7;3;-7;4;-7;5;-8;6;-10;7;-11;7;-12;7;-13;7,empty,EXP_S154,ZONE_02,sortie_zone,4.1,sortie_zone,sortie de la zone
1234252321,-54,6,a0:9f:7a:73:2b:3e,384,-110;-96;8;0;6;-40;4;-35;3;-29;3;-22;5;-15;8;-9;13;-3;18;1;24;2;29;2;35;0;38;-3;40;-6;41;-10;39;-14;36;-18;31;-19;25;-20;18;-18;12;-15;6;-11;1;-5;-2;2;-3;9;-4;14;-1;3;0;0;0;0;0;0;0;0;0;0;0;0;0;0;0;0;0;0;-6;1;-22;7;-23;6;-24;5;-25;4;-25;3;-25;1;-24;-1;-24;-4;-23;-7;-22;-10;-21;-12;-20;-15;-19;-17;-17;-18;-15;-19;-13;-20;-10;-21;-7;-22;-3;-23;0;-25;4;-27;8;-30;10;-34;11;-38;12;-41;11;-44;60;0;10;-30;9;-30;9;-29;8;-29;7;-28;6;-27;5;-27;4;-26;3;-26;1;-26;0;-25;-1;-24;-1;-23;-2;-23;-2;-23;-3;-23;-3;-23;-4;-22;-4;-22;-5;-21;-5;-20;-5;-20;-5;-19;-5;-19;-6;-19;-6;-18;-6;-18;-6;-18;-2;-7;-1;-2;0;0;-1;1;-1;0;0;-2;0;-7;2;-17;3;-18;4;-18;5;-18;6;-18;7;-18;8;-19;9;-19;9;-19;10;-20;11;-20;12;-20;12;-21;12;-21;12;-21;12;-21;13;-21;13;-22;13;-22;13;-23;13;-23;13;-24;13;-25;12;-26;12;-27;12;-28;11;-29;11;-29;60;0;-1;-14;-1;-14;-2;-15;-2;-16;-3;-16;-3;-16;-3;-17;-4;-16;-5;-16;-6;-16;-7;-16;-7;-17;-8;-17;-8;-18;-8;-18;-8;-18;-9;-18;-9;-18;-9;-18;-9;-19;-9;-19;-9;-19;-8;-19;-8;-19;-8;-19;-7;-19;-7;-19;-6;-19;-2;-7;-1;-3;0;0;0;-1;0;-1;-1;0;-2;1;-4;5;-4;4;-4;4;-4;4;-4;3;-4;3;-4;3;-4;2;-3;1;-3;1;-2;0;-2;0;-2;0;-2;-1;-2;-1;-2;-2;-1;-3;-1;-4;0;-5;0;-5;1;-6;0;-7;0;-8;0;-9;0;-10;0;-11;0;-12;0;-13,empty,EXP_S154,ZONE_02,sortie_zone,4.1,sortie_zone,sortie de la zone
1234457744,-54,6,a0:9f:7a:73:2b:3e,384,-110;-96;8;0;-30;35;-26;33;-21;30;-16;24;-12;18;-9;10;-8;2;-9;-6;-11;-13;-15;-18;-20;-22;-25;-25;-29;-25;-33;-24;-35;-22;-36;-18;-35;-14;-32;-10;-28;-6;-22;-2;-16;0;-8;2;-1;1;6;0;11;-2;3;-1;0;0;0;0;0;0;0;0;0;0;0;0;0;0;0;0;0;0;4;-5;16;-17;17;-17;17;-16;17;-14;17;-11;17;-8;17;-3;16;2;16;7;17;12;18;15;19;19;19;21;19;22;18;23;17;22;15;21;12;19;7;18;2;17;-5;16;-12;17;-18;20;-24;23;-28;27;-31;29;70;0;-18;24;-17;24;-16;24;-15;23;-15;22;-14;22;-13;21;-13;21;-12;21;-11;21;-10;21;-9;20;-8;20;-8;19;-8;19;-8;19;-8;19;-7;19;-7;19;-6;18;-6;17;-6;16;-5;16;-5;16;-5;16;-5;16;-5;16;-5;15;-2;5;-1;1;0;-1;0;-2;0;-1;-1;1;-1;6;-3;16;-4;16;-5;17;-6;17;-7;17;-8;17;-9;17;-10;18;-11;18;-11;18;-12;18;-12;18;-13;18;-14;18;-14;18;-15;18;-15;18;-15;19;-16;19;-16;19;-16;19;-17;20;-17;21;-17;22;-17;23;-17;23;-17;23;-17;23;70;0;-13;10;-13;10;-12;11;-11;12;-11;13;-11;14;-11;14;-11;14;-10;14;-9;14;-8;15;-7;16;-7;17;-7;17;-7;17;-7;17;-7;17;-6;18;-6;18;-6;18;-6;18;-6;18;-7;18;-7;17;-7;17;-7;17;-8;17;-8;17;-3;6;-1;1;0;-1;0;0;0;0;-1;-1;-1;-3;-1;-6;-1;-6;-1;-6;-2;-6;-2;-6;-2;-6;-2;-6;-2;-5;-3;-4;-4;-4;-4;-4;-5;-4;-6;-4;-6;-3;-6;-3;-6;-2;-7;-1;-8;0;-8;1;-9;1;-10;2;-10;2;-10;3;-11;5;-11;6;-12;7;-13;8;-13;9,empty,EXP_S154,ZONE_02,sortie_zone,4.1,sortie_zone,sortie de la zone
1234657149,-54,6,a0:9f:7a:73:2b:3e,384,-110;-96;8;0;46;1;41;-1;35;-3;28;-3;20;-2;12;0;4;3;-3;8;-8;14;-11;20;-13;26;-13;32;-11;36;-9;39;-5;41;-2;40;1;38;4;33;6;27;7;21;7;13;5;6;3;-1;-1;-7;-4;-11;-2;-3;0;0;0;0;0;0;0;0;0;0;0;0;0;0;0;0;0;0;-6;1;-22;3;-22;2;-22;0;-22;-2;-20;-5;-18;-8;-15;-12;-12;-16;-10;-20;-7;-23;-5;-26;-3;-29;-2;-30;0;-30;0;-30;1;-27;3;-24;4;-20;7;-16;11;-11;16;-6;22;-1;28;3;34;5;40;6;44;7;68;0;29;-3;28;-3;27;-4;26;-4;25;-4;24;-4;24;-4;23;-4;23;-5;22;-6;21;-7;20;-7;19;-7;19;-7;19;-6;19;-7;19;-7;19;-7;18;-7;17;-7;16;-7;16;-7;15;-7;15;-7;15;-7;15;-7;15;-7;15;-6;5;-3;1;-1;-1;0;-1;0;-1;0;1;-2;5;-4;14;-11;14;-10;15;-9;16;-8;17;-7;17;-7;18;-6;19;-6;20;-5;20;-5;21;-4;21;-4;22;-3;22;-3;23;-2;23;-2;23;-2;23;-2;24;-2;24;-2;25;-2;25;-2;26;-2;27;-3;27;-3;28;-3;28;-3;28;-3;68;0;17;2;17;1;18;0;18;-1;19;-1;19;-2;19;-2;18;-2;17;-3;17;-5;17;-6;17;-7;18;-7;18;-7;19;-7;19;-7;18;-7;18;-7;18;-8;19;-8;19;-8;19;-7;19;-7;18;-7;18;-6;18;-5;18;-5;19;-4;6;-2;2;-1;-1;0;0;-1;0;-1;-1;0;-2;0;-3;2;-3;2;-3;2;-2;2;-2;2;-2;2;-2;2;-1;2;0;2;1;2;2;2;2;3;3;3;3;3;3;3;4;3;5;3;6;3;8;3;8;3;9;3;10;3;11;3;12;2;13;2;15;1;16;1;17;1,empty,EXP_S154,ZONE_02,sortie_zone,4.1,sortie_zone,sortie de la zone
1234854410,-54,6,a0:9f:7a:73:2b:3e,384,-110;-96;8;0;-44;-21;-41;-17;-35;-13;-28;-9;-20;-7;-11;-6;-2;-6;6;-8;13;-12;18;-17;22;-22;24;-27;25;-32;23;-36;21;-38;17;-38;13;-37;9;-34;5;-29;1;-23;-1;-16;-3;-8;-3;-1;-2;6;-1;11;0;3;0;0;0;0;0;0;0;0;0;0;0;0;0;0;0;0;0;0;5;1;21;5;21;6;20;8;18;10;15;12;11;14;7;17;3;20;-1;22;-5;24;-8;26;-11;28;-12;28;-13;28;-13;27;-13;24;-13;20;-13;15;-14;10;-16;3;-18;-4;-22;-11;-26;-16;-32;-21;-37;-24;-40;-26;65;0;-28;-15;-27;-14;-27;-13;-26;-12;-25;-12;-24;-11;-24;-10;-24;-10;-24;-9;-24;-8;-23;-6;-23;-6;-22;-5;-21;-5;-21;-5;-21;-5;-21;-4;-21;-4;-21;-3;-20;-3;-19;-3;-18;-3;-18;-3;-18;-3;-18;-3;-18;-3;-18;-3;-17;-3;-6;-1;-2;-1;0;0;1;0;0;0;-2;0;-7;-1;-18;-2;-18;-3;-18;-4;-19;-5;-19;-6;-19;-7;-20;-8;-20;-8;-20;-9;-20;-10;-21;-11;-21;-11;-21;-12;-21;-13;-21;-13;-21;-13;-21;-14;-21;-14;-22;-14;-22;-14;-23;-15;-23;-15;-24;-15;-25;-15;-26;-14;-26;-14;-26;-14;-27;-14;65;0;-15;-12;-16;-11;-17;-10;-18;-10;-18;-10;-19;-9;-19;-9;-18;-8;-18;-7;-18;-6;-19;-5;-20;-4;-20;-4;-21;-4;-21;-4;-21;-4;-21;-3;-21;-3;-21;-3;-22;-3;-22;-3;-22;-3;-21;-4;-21;-4;-20;-4;-20;-4;-20;-5;-20;-5;-8;-2;-3;-1;0;0;-1;0;-1;0;0;-1;1;-1;3;-1;3;-1;2;-2;2;-2;2;-2;2;-2;1;-2;1;-3;0;-3;-1;-4;-1;-5;-1;-6;-1;-6;-2;-6;-2;-6;-3;-7;-4;-7;-5;-8;-6;-9;-7;-9;-7;-10;-8;-10;-9;-10;-10;-10;-12;-10;-14;-11;-15;-12;-15;-12,empty,EXP_S154,ZONE_02,sortie_zone,4.1,sortie_zone,sortie de la zone
1235054966,-55,6,a0:9f:7a:73:2b:3e,384,-110;-96;8;0;18;-43;15;-39;11;-33;8;-27;6;-19;5;-10;5;-1;6;7;9;14;13;20;17;24;22;27;26;28;30;27;32;25;33;22;32;19;29;14;25;9;20;5;14;1;7;-1;0;-3;-7;-4;-12;-4;-4;-1;0;0;0;0;0;0;0;0;0;0;0;0;0;0;0;0;0;0;1;5;5;20;4;20;2;19;0;18;-3;16;-6;13;-10;10;-14;7;-18;3;-22;0;-25;-2;-27;-4;-29;-6;-29;-7;-29;-7;-26;-7;-23;-8;-18;-9;-12;-10;-6;-12;0;-16;7;-20;12;-25;17;-31;21;-36;22;-39;72;0;8;-29;7;-28;7;-27;6;-27;6;-26;6;-25;5;-24;5;-24;5;-24;4;-23;3;-23;2;-22;2;-21;2;-21;2;-21;2;-21;2;-21;1;-21;1;-20;0;-19;0;-18;0;-18;0;-17;0;-17;0;-18;0;-17;0;-17;0;-17;0;-6;0;-2;0;0;0;0;0;0;-1;-2;-2;-5;-6;-14;-5;-15;-4;-15;-3;-16;-2;-17;-2;-17;-1;-18;0;-19;1;-19;1;-20;2;-20;3;-20;3;-20;4;-21;5;-21;5;-21;6;-22;6;-22;6;-22;6;-23;7;-23;7;-24;7;-25;7;-26;7;-26;7;-27;7;-27;7;-27;72;0;7;-17;7;-17;6;-18;5;-19;5;-19;5;-20;4;-19;4;-19;3;-19;2;-19;1;-19;0;-20;0;-20;0;-21;0;-21;0;-21;0;-20;-1;-20;-1;-21;-1;-21;-1;-21;0;-21;0;-21;0;-20;1;-20;1;-20;2;-20;2;-20;1;-7;0;-3;-1;0;-1;-1;-1;-1;0;0;1;1;3;3;3;3;4;2;4;2;4;2;4;2;4;1;4;1;4;0;4;-1;5;-1;6;-2;6;-2;6;-2;6;-3;6;-4;6;-5;6;-6;7;-7;7;-8;8;-9;8;-9;7;-10;7;-12;7;-13;7;-15;8;-16;8;-17,empty,EXP_S154,ZONE_02,sortie_zone,4.1,sortie_zone,sortie de la zone
1235254068,-57,6,a0:9f:7a:73:2b:3e,384,-110;-96;8;0;-42;-16;-38;-14;-34;-11;-27;-7;-20;-3;-12;2;-4;6;4;9;11;12;18;15;25;17;30;17;35;17;38;16;39;14;39;12;38;9;35;5;31;1;26;-3;20;-7;14;-11;8;-15;2;-19;-2;-21;-1;-6;0;0;0;0;0;0;0;0;0;0;0;0;0;0;0;0;0;0;-6;-3;-23;-13;-22;-16;-21;-19;-18;-21;-14;-22;-9;-22;-3;-20;3;-17;9;-14;14;-9;19;-5;22;1;25;5;26;9;25;12;23;14;19;15;15;14;9;13;3;10;-4;7;-11;3;-19;-1;-26;-5;-33;-9;-37;-12;103;0;-22;-6;-22;-6;-21;-6;-20;-6;-19;-6;-18;-6;-17;-6;-16;-7;-16;-6;-16;-6;-16;-5;-15;-5;-15;-4;-14;-5;-14;-5;-14;-5;-14;-5;-14;-5;-14;-4;-13;-4;-12;-4;-11;-4;-11;-4;-11;-5;-12;-5;-12;-5;-12;-5;-12;-4;-4;-2;-2;-1;0;0;0;-1;0;-1;-2;1;-5;4;-14;13;-15;12;-16;12;-17;11;-17;10;-18;9;-19;8;-20;8;-20;7;-21;6;-21;5;-21;4;-21;4;-21;3;-21;2;-21;2;-21;1;-21;0;-21;0;-21;-1;-21;-2;-22;-2;-22;-2;-22;-3;-22;-3;-22;-3;-22;-4;-22;-4;103;0;-18;-13;-19;-13;-20;-12;-21;-12;-22;-11;-22;-11;-23;-10;-23;-9;-23;-9;-23;-8;-24;-7;-25;-7;-26;-6;-26;-6;-27;-7;-27;-7;-27;-7;-28;-7;-28;-7;-28;-7;-28;-7;-28;-8;-28;-9;-27;-9;-27;-10;-26;-11;-26;-13;-26;-14;-10;-5;-3;-2;0;0;-1;0;-1;0;0;-1;2;-2;7;-4;7;-3;6;-3;6;-3;6;-3;5;-4;5;-4;5;-4;4;-4;3;-4;2;-4;1;-5;1;-6;0;-6;0;-6;-1;-7;-3;-7;-4;-7;-5;-8;-6;-9;-7;-10;-8;-10;-9;-10;-11;-10;-13;-11;-14;-11;-16;-12;-17;-12,empty,EXP_S154,ZONE_02,sortie_zone,4.1,sortie_zone,sortie de la zone
1235452299,-55,6,a0:9f:7a:73:2b:3e,384,-110;-96;8;0;-19;-35;-20;-32;-20;-27;-19;-21;-17;-16;-14;-10;-9;-5;-4;-1;2;1;8;2;14;1;19;-1;24;-4;26;-8;27;-13;27;-17;25;-21;21;-23;16;-25;10;-25;5;-23;-1;-20;-6;-15;-9;-10;-11;-6;-3;-2;0;0;0;0;0;0;0;0;0;0;0;0;0;0;0;0;0;0;0;5;2;23;-1;25;-5;27;-8;28;-11;29;-14;30;-17;29;-20;28;-22;26;-24;24;-26;21;-27;19;-28;15;-28;12;-28;9;-27;7;-26;4;-24;0;-22;-3;-20;-6;-17;-11;-15;-15;-14;-20;-14;-25;-15;-29;-15;-33;63;0;-13;-21;-13;-20;-13;-19;-13;-18;-12;-16;-11;-15;-11;-14;-10;-13;-10;-13;-10;-12;-10;-11;-10;-10;-10;-9;-10;-9;-9;-9;-9;-9;-9;-9;-9;-8;-9;-8;-9;-8;-8;-7;-8;-7;-7;-7;-7;-7;-7;-7;-7;-7;-6;-7;-6;-7;-3;-3;-1;-1;0;0;1;0;0;0;-3;-2;-8;-6;-21;-16;-20;-17;-20;-19;-19;-20;-19;-21;-18;-21;-18;-22;-18;-23;-17;-24;-17;-25;-16;-25;-16;-25;-15;-25;-15;-25;-15;-25;-14;-25;-14;-25;-14;-25;-14;-24;-14;-24;-14;-24;-14;-24;-14;-24;-14;-24;-15;-23;-15;-23;-15;-22;-15;-22;63;0;0;-15;0;-15;0;-15;-1;-16;-1;-16;-1;-16;-1;-17;-1;-17;-2;-17;-2;-17;-3;-17;-3;-17;-4;-18;-4;-19;-4;-19;-4;-20;-4;-20;-3;-20;-3;-21;-3;-21;-3;-21;-2;-21;-2;-21;-1;-21;0;-21;1;-21;2;-21;3;-21;1;-8;0;-3;-1;0;0;-1;0;-1;-1;0;-2;2;-5;5;-5;4;-6;4;-5;3;-5;2;-5;2;-5;2;-5;1;-5;1;-5;0;-5;-1;-4;-2;-4;-2;-3;-3;-3;-3;-3;-4;-3;-4;-3;-5;-2;-6;-2;-7;-1;-8;-1;-8;-1;-9;-1;-10;-1;-11;-1;-12;-1;-13;-1;-13,empty,EXP_S154,ZONE_02,sortie_zone,4.1,sortie_zone,sortie de la zone
1235654184,-54,6,a0:9f:7a:73:2b:3e,384,-110;-96;8;0;-41;-9;-39;-6;-35;-3;-30;0;-24;2;-17;3;-10;2;-3;-1;3;-4;7;-9;10;-14;12;-19;12;-25;11;-29;9;-32;6;-34;2;-34;-1;-32;-4;-29;-7;-24;-8;-19;-9;-13;-8;-7;-6;-1;-4;3;-1;1;0;0;0;0;0;0;0;0;0;0;0;0;0;0;0;0;0;0;4;1;18;7;18;10;17;13;16;17;14;20;12;23;10;25;7;27;4;29;1;31;-2;31;-4;31;-6;31;-7;29;-8;28;-9;25;-9;22;-10;18;-11;13;-13;8;-16;3;-19;-2;-24;-6;-28;-10;-33;-12;-36;-14;63;0;-26;0;-25;0;-24;1;-23;1;-21;2;-20;2;-19;1;-19;1;-18;2;-18;2;-17;3;-17;4;-16;4;-15;4;-15;3;-15;3;-15;3;-15;3;-15;3;-14;3;-13;3;-13;2;-12;2;-12;1;-13;1;-13;1;-13;1;-13;1;-5;0;-2;0;0;-1;1;-1;0;-1;-2;1;-7;3;-20;9;-21;8;-22;7;-23;6;-23;5;-24;5;-24;4;-25;4;-25;3;-26;2;-26;1;-26;0;-26;0;-26;0;-26;0;-26;-1;-26;-1;-26;-1;-25;-1;-25;-1;-25;-1;-26;-1;-26;-1;-26;0;-26;0;-26;0;-26;0;-26;0;63;0;-14;-9;-15;-8;-15;-8;-16;-7;-16;-7;-17;-7;-17;-7;-16;-7;-16;-7;-15;-6;-16;-6;-16;-5;-17;-5;-18;-5;-18;-5;-18;-6;-18;-6;-17;-6;-18;-6;-18;-6;-18;-6;-18;-6;-17;-7;-17;-7;-16;-8;-15;-8;-15;-9;-15;-9;-6;-4;-2;-1;0;0;-1;-1;0;-1;0;0;0;1;1;5;0;4;-1;4;-2;3;-2;2;-2;2;-2;2;-2;2;-4;2;-5;2;-5;0;-6;-1;-6;-2;-5;-2;-5;-2;-6;-2;-7;-2;-8;-3;-9;-4;-9;-5;-9;-5;-9;-6;-10;-5;-11;-5;-12;-6;-13;-6;-14;-7;-15;-8,empty,EXP_S154,ZONE_02,sortie_zone,4.1,sortie_zone,sortie de la zone
1235852287,-59,6,a0:9f:7a:73:2b:3e,384,-110;-96;8;0;14;42;12;39;11;34;10;27;9;20;10;12;11;5;14;-3;16;-10;19;-16;22;-21;26;-25;29;-28;32;-28;34;-28;34;-27;34;-25;32;-22;28;-20;23;-17;18;-16;11;-15;5;-15;-1;-17;-5;-19;-2;-5;0;0;0;0;0;0;0;0;0;0;0;0;0;0;0;0;0;0;0;-7;4;-26;6;-25;8;-23;9;-20;9;-16;6;-11;3;-6;-2;-2;-8;1;-14;3;-20;3;-25;3;-29;1;-31;-2;-31;-4;-30;-6;-26;-7;-21;-6;-16;-5;-9;-2;-3;3;4;9;10;15;14;22;17;29;19;34;127;0;10;15;10;14;9;14;9;13;8;13;8;13;8;12;8;12;8;12;8;12;8;11;8;10;8;10;7;10;7;11;7;11;7;11;7;11;7;11;7;11;6;11;6;11;5;11;5;11;5;11;5;11;5;12;4;12;1;4;0;1;-1;-1;-1;0;-1;0;0;-1;3;-2;9;-5;10;-5;10;-4;11;-3;11;-2;11;-1;12;0;12;1;12;2;13;3;13;3;12;4;12;5;12;6;12;6;12;7;12;8;11;8;11;9;11;9;11;10;11;11;11;11;11;12;11;12;11;12;11;12;11;13;127;0;6;25;7;25;8;25;9;25;10;25;10;25;11;25;11;24;12;24;13;23;13;23;14;23;15;23;15;24;15;24;15;24;14;25;14;25;13;25;13;26;12;26;11;26;10;26;9;26;8;26;7;26;5;26;4;26;1;9;0;2;-1;-1;0;-1;0;-1;-1;1;-3;3;-9;10;-9;10;-9;10;-9;10;-10;10;-10;10;-10;11;-10;11;-9;11;-9;12;-9;12;-9;13;-8;13;-8;13;-7;13;-7;14;-6;14;-5;15;-4;16;-3;17;-2;18;-2;19;0;19;1;20;2;21;4;22;5;24;5;25,empty,EXP_S154,ZONE_02,sortie_zone,4.1,sortie_zone,sortie de la zone
1236052393,-53,6,a0:9f:7a:73:2b:3e,384,-110;-96;8;0;45;20;43;19;39;18;34;15;28;11;22;7;16;2;10;-4;5;-10;0;-16;-4;-21;-8;-26;-10;-31;-11;-35;-11;-38;-10;-40;-9;-41;-7;-39;-5;-37;-4;-33;-3;-28;-2;-22;-3;-16;-4;-11;-5;-7;-2;-2;0;0;0;0;0;0;0;0;0;0;0;0;0;0;0;0;0;0;0;-7;3;-25;4;-23;4;-19;4;-15;2;-9;-2;-4;-6;2;-11;6;-17;10;-22;12;-27;14;-31;14;-34;13;-35;12;-34;10;-32;8;-28;7;-22;5;-16;5;-8;4;1;4;10;5;19;7;27;9;35;12;40;14;124;0;21;-2;20;-3;20;-4;19;-4;17;-5;16;-4;16;-4;16;-4;16;-4;16;-5;16;-6;15;-6;14;-7;14;-6;13;-6;14;-5;14;-5;15;-5;15;-6;14;-6;13;-6;12;-5;12;-5;12;-4;13;-3;13;-3;13;-3;13;-2;4;-1;1;-1;-1;0;-1;0;-1;0;0;-1;3;-3;9;-8;9;-7;10;-7;10;-6;11;-5;12;-5;13;-4;14;-5;15;-5;15;-5;15;-4;15;-3;15;-2;16;-2;16;-2;17;-2;17;-2;16;-2;16;-2;16;-1;17;-1;18;-1;19;-2;20;-2;20;-3;20;-3;19;-3;19;-3;124;0;24;14;24;13;24;12;25;11;25;10;25;10;25;10;25;10;24;10;23;9;23;8;23;8;23;7;24;8;24;8;23;9;22;9;22;9;21;9;21;9;20;9;20;10;19;10;18;11;16;11;15;12;14;12;13;12;4;4;1;1;-1;-1;-1;-1;-1;-1;1;1;3;4;9;11;9;12;8;13;8;13;8;14;8;14;8;14;8;14;9;14;9;14;10;14;10;15;10;15;10;15;10;15;11;14;12;14;13;14;14;14;15;14;16;14;16;14;17;14;19;13;20;13;22;13;23;13;24;14,empty,EXP_S154,ZONE_02,sortie_zone,4.1,sortie_zone,sortie de la zone
1236252289,-54,6,a0:9f:7a:73:2b:3e,384,-110;-96;8;0;29;24;28;25;27;24;24;22;21;19;18;15;15;10;12;5;9;0;7;-6;6;-11;6;-16;5;-20;6;-24;7;-27;9;-29;11;-29;12;-28;13;-26;13;-24;12;-20;11;-17;9;-13;6;-10;3;-8;0;-2;0;0;0;0;0;0;0;0;0;0;0;0;0;0;0;0;0;0;-2;-6;-5;-22;-4;-21;-2;-18;-1;-15;-1;-11;-3;-6;-5;-1;-8;4;-12;8;-16;10;-21;12;-24;13;-27;12;-28;11;-28;10;-28;9;-25;7;-22;6;-17;5;-11;5;-5;6;2;7;8;9;15;12;20;14;24;16;119;0;30;3;30;2;29;1;28;0;26;-1;25;-2;24;-1;23;-1;23;-1;24;-1;24;-3;23;-4;23;-4;22;-4;21;-4;21;-3;22;-2;22;-2;23;-3;22;-3;21;-3;20;-3;19;-2;19;-1;19;0;20;1;20;2;19;2;7;1;2;0;-1;-1;-2;0;-1;0;1;-1;5;-3;16;-8;17;-8;17;-7;18;-6;19;-5;20;-4;21;-3;22;-2;23;-2;24;-2;24;-1;23;0;23;1;24;2;25;3;25;3;26;3;25;3;25;3;24;3;25;3;26;4;27;4;28;3;29;3;29;2;29;2;29;2;119;0;23;41;23;40;24;39;25;38;25;37;25;36;25;36;25;35;24;34;23;33;23;32;23;31;23;31;24;31;24;31;23;31;21;31;20;30;19;30;18;30;17;29;16;29;14;29;13;29;11;28;9;28;7;27;6;27;2;9;0;2;-1;-1;-1;-2;-1;-1;1;2;2;8;7;24;6;25;6;26;5;27;4;27;4;28;4;28;5;29;5;29;5;30;5;31;5;32;4;32;4;32;4;32;6;32;7;32;9;32;10;33;12;34;13;35;14;36;15;36;17;37;18;38;20;39;21;40;22;42,empty,EXP_S154,ZONE_02,sortie_zone,4.1,sortie_zone,sortie de la zone
1236454186,-55,6,a0:9f:7a:73:2b:3e,384,-110;-96;8;0;-21;38;-22;38;-22;36;-20;33;-18;29;-15;25;-11;20;-6;16;0;12;5;8;11;5;16;3;22;2;27;2;31;2;34;4;35;6;34;7;33;9;30;10;26;10;21;9;17;8;12;5;9;3;2;0;0;0;0;0;0;0;0;0;0;0;0;0;0;0;0;0;0;0;6;-4;24;-13;24;-11;22;-9;20;-7;16;-5;11;-5;5;-5;-1;-7;-7;-9;-12;-13;-15;-17;-18;-21;-19;-25;-20;-28;-19;-29;-18;-30;-16;-28;-14;-25;-12;-21;-11;-16;-9;-9;-9;-2;-9;7;-10;15;-12;22;-13;27;122;0;5;15;6;15;6;15;7;14;7;13;7;12;6;11;6;11;6;11;7;11;7;11;8;10;8;10;8;9;7;9;7;9;7;10;7;11;8;11;8;10;8;10;7;9;7;9;6;9;6;10;5;11;5;11;5;11;1;4;0;1;-1;-1;-1;-1;-1;-1;0;0;2;2;8;6;8;6;7;6;7;7;6;7;6;8;6;9;6;10;6;11;6;11;6;11;5;11;5;11;4;12;4;13;4;13;4;13;5;13;5;13;4;13;4;13;4;14;4;15;5;15;6;15;6;15;6;14;6;14;122;0;-20;19;-19;19;-18;19;-17;19;-16;20;-15;21;-15;21;-15;20;-14;20;-13;19;-12;19;-12;19;-11;20;-11;20;-11;20;-12;20;-12;19;-12;18;-11;18;-11;17;-11;17;-11;17;-11;16;-11;15;-12;14;-12;13;-12;13;-12;12;-5;4;-2;1;0;-1;0;-1;0;-1;-2;0;-6;1;-16;4;-16;4;-16;4;-17;3;-17;3;-17;3;-17;3;-18;3;-18;3;-18;4;-18;4;-19;4;-19;4;-19;4;-19;5;-19;5;-18;6;-18;7;-18;9;-19;10;-19;11;-19;11;-19;12;-19;13;-19;15;-19;16;-19;17;-19;18,empty,EXP_S154,ZONE_02,sortie_zone,4.1,sortie_zone,sortie de la zone
1236652910,-53,6,a0:9f:7a:73:2b:3e,384,-110;-96;8;0;-15;-41;-14;-43;-13;-42;-11;-40;-10;-37;-9;-32;-8;-27;-8;-20;-9;-14;-10;-7;-12;-1;-15;5;-18;10;-21;14;-25;17;-28;18;-31;18;-32;17;-33;15;-32;12;-29;9;-26;6;-21;4;-17;3;-13;3;-3;0;0;0;0;0;0;0;0;0;0;0;0;0;0;0;0;0;0;0;-1;7;-4;28;-5;27;-7;25;-8;23;-7;19;-5;15;-2;10;3;6;8;3;14;0;20;-1;25;-1;30;0;33;1;35;2;35;4;33;5;31;5;27;4;23;3;17;0;11;-4;5;-9;-1;-15;-6;-21;-9;-26;126;0;-17;-5;-17;-4;-17;-4;-16;-3;-16;-2;-15;-2;-15;-2;-14;-2;-14;-2;-15;-1;-15;-1;-15;0;-14;0;-14;0;-14;0;-13;0;-14;-1;-14;-1;-14;-1;-14;-1;-13;-1;-13;-1;-13;-1;-12;-2;-12;-2;-12;-3;-12;-3;-12;-3;-5;-2;-2;-1;0;0;0;-1;0;-1;-2;0;-4;0;-10;2;-11;2;-11;1;-11;1;-11;0;-12;-1;-12;-1;-13;-2;-13;-2;-14;-2;-14;-3;-14;-3;-13;-3;-13;-4;-14;-5;-14;-5;-14;-5;-14;-5;-14;-4;-14;-4;-14;-4;-15;-5;-15;-5;-16;-5;-17;-5;-17;-4;-17;-4;-16;-4;126;0;1;-29;1;-28;0;-28;-1;-27;-1;-27;-2;-26;-3;-26;-3;-26;-3;-25;-4;-25;-4;-24;-5;-23;-6;-23;-6;-23;-6;-23;-6;-23;-5;-23;-5;-23;-4;-22;-4;-22;-4;-21;-4;-21;-3;-21;-3;-20;-2;-20;-1;-19;-1;-19;0;-18;0;-7;0;-2;0;0;-1;0;-1;0;0;-2;3;-6;8;-15;9;-15;9;-15;10;-15;10;-15;11;-15;11;-15;11;-15;11;-16;11;-16;11;-17;11;-17;11;-17;11;-17;11;-17;10;-18;9;-18;9;-19;8;-20;7;-21;7;-22;7;-22;6;-23;5;-24;4;-25;3;-26;3;-27;2;-28,empty,EXP_S154,ZONE_02,sortie_zone,4.1,sortie_zone,sortie de la zone
1236852478,-54,6,a0:9f:7a:73:2b:3e,384,-110;-96;8;0;9;-39;10;-40;11;-39;11;-37;10;-34;9;-30;6;-26;4;-20;1;-15;-3;-10;-8;-5;-13;0;-17;3;-22;6;-26;8;-30;8;-32;7;-34;6;-34;4;-32;2;-29;0;-26;-1;-21;-2;-16;-2;-13;-1;-3;-1;0;0;0;0;0;0;0;0;0;0;0;0;0;0;0;0;0;0;-7;2;-25;9;-26;8;-25;6;-23;4;-20;3;-15;2;-10;3;-5;4;1;6;6;9;11;12;15;16;17;20;19;23;19;26;19;27;17;26;16;25;14;22;12;18;10;12;8;6;7;-1;6;-9;5;-17;6;-23;124;0;-12;-12;-12;-12;-13;-11;-13;-11;-12;-10;-12;-10;-12;-9;-12;-9;-11;-9;-12;-9;-12;-8;-12;-8;-12;-7;-12;-7;-12;-7;-12;-8;-12;-8;-12;-8;-12;-8;-12;-8;-11;-8;-11;-8;-10;-8;-10;-8;-9;-9;-9;-9;-9;-10;-8;-10;-3;-4;-1;-2;0;0;0;0;0;0;-2;-1;-4;-1;-10;-3;-10;-3;-10;-4;-10;-4;-10;-5;-10;-6;-10;-6;-10;-7;-11;-8;-11;-8;-11;-9;-11;-9;-10;-9;-10;-10;-10;-10;-10;-11;-10;-11;-10;-11;-10;-11;-10;-11;-10;-11;-11;-11;-11;-12;-12;-12;-12;-12;-12;-12;-12;-12;-12;-11;124;0;15;-19;15;-19;14;-19;14;-20;13;-20;12;-20;12;-20;11;-20;10;-20;10;-20;9;-19;8;-19;8;-20;8;-20;8;-20;8;-20;9;-19;9;-19;9;-18;9;-18;9;-17;9;-17;9;-16;9;-16;9;-15;10;-14;10;-13;10;-12;3;-5;1;-2;-1;0;-1;0;-1;0;1;-1;4;-3;13;-7;13;-7;14;-7;14;-6;14;-6;15;-6;15;-6;15;-6;15;-6;16;-7;16;-7;16;-7;16;-7;16;-8;16;-8;16;-8;15;-9;15;-9;15;-10;15;-11;16;-12;16;-13;16;-14;16;-15;16;-16;15;-17;15;-18;15;-19,empty,EXP_S154,ZONE_02,sortie_zone,4.1,sortie_zone,sortie de la zone
1237052440,-54,6,a0:9f:7a:73:2b:3e,384,-110;-96;8;0;-23;36;-25;37;-24;37;-23;35;-21;33;-18;29;-15;25;-10;19;-6;14;-1;8;5;3;10;-2;16;-6;21;-9;26;-12;30;-13;33;-14;35;-13;35;-11;34;-10;31;-8;27;-6;22;-4;17;-3;13;-2;2;-1;0;0;0;0;0;0;0;0;0;0;0;0;0;0;0;0;0;0;5;4;21;19;20;20;19;20;16;19;13;16;10;13;7;8;4;2;2;-5;0;-11;-1;-18;-1;-24;-1;-29;0;-33;1;-36;2;-37;3;-36;3;-34;2;-30;1;-26;0;-19;-2;-12;-4;-4;-7;4;-11;13;-13;19;107;0;2;19;2;19;3;18;3;18;4;17;4;16;4;16;4;15;5;15;5;15;6;15;6;14;6;14;6;14;6;14;6;14;6;14;5;14;5;14;5;14;5;14;5;13;5;13;4;13;4;13;3;13;2;14;2;14;0;5;0;1;-1;-1;-1;-1;-1;-1;0;1;2;3;6;10;5;10;5;11;4;11;3;11;3;12;3;12;2;13;2;14;1;14;1;15;1;15;1;15;0;15;0;15;0;16;0;16;0;16;0;16;0;16;0;16;0;17;1;17;1;18;1;18;2;19;3;19;3;19;107;0;-26;3;-26;4;-25;4;-24;5;-24;6;-24;6;-23;7;-23;7;-22;8;-21;8;-21;8;-20;9;-20;10;-20;10;-20;10;-20;10;-20;9;-19;9;-19;9;-19;9;-18;8;-18;8;-18;8;-17;7;-17;6;-17;6;-17;5;-17;4;-6;1;-2;0;0;-1;0;0;0;0;-2;-1;-6;-3;-15;-7;-15;-8;-15;-8;-15;-8;-15;-9;-15;-9;-15;-9;-16;-9;-16;-9;-16;-9;-17;-9;-17;-9;-17;-9;-17;-9;-18;-8;-18;-8;-18;-7;-18;-6;-19;-6;-20;-5;-21;-4;-22;-3;-22;-2;-23;-1;-23;0;-24;1;-25;2;-26;3,empty,EXP_S154,ZONE_02,sortie_zone,4.1,sortie_zone,sortie de la zone
1237452049,-55,6,a0:9f:7a:73:2b:3e,384,-110;-96;8;0;3;31;2;32;2;32;2;31;2;29;2;25;2;21;2;16;2;10;3;5;4;-1;5;-6;6;-11;7;-16;9;-19;11;-22;12;-23;14;-24;14;-23;14;-21;14;-19;12;-16;10;-13;8;-10;6;-8;1;-2;0;0;0;0;0;0;0;0;0;0;0;0;0;0;0;0;0;0;5;0;22;3;22;4;20;4;18;5;15;5;12;4;8;2;3;-1;-1;-4;-5;-7;-8;-11;-11;-15;-13;-18;-15;-22;-15;-24;-15;-24;-14;-24;-13;-23;-12;-21;-10;-17;-8;-13;-6;-7;-4;-1;-2;5;0;11;1;16;115;0;12;8;12;8;12;8;12;7;11;7;11;6;10;6;10;6;10;6;10;6;10;5;10;5;10;5;10;5;10;5;10;5;9;5;9;6;9;6;9;6;9;6;9;6;8;6;8;6;7;6;7;7;7;7;6;8;2;2;0;0;-1;-1;-1;0;-1;-1;0;-1;3;0;8;0;9;0;9;0;9;1;9;1;9;2;9;3;10;4;10;4;10;4;10;4;10;5;10;5;10;6;10;6;10;7;10;7;10;7;10;7;10;7;10;7;10;7;11;8;11;8;12;8;12;8;12;8;12;7;115;0;-12;15;-12;14;-11;14;-10;14;-9;14;-9;15;-9;15;-9;15;-8;14;-8;14;-8;14;-7;14;-7;14;-7;14;-7;14;-7;14;-7;14;-8;13;-7;13;-7;12;-7;12;-7;12;-8;11;-8;11;-8;10;-9;9;-9;9;-9;8;-4;3;-1;0;0;-1;0;-1;0;-1;-2;0;-4;2;-10;7;-11;6;-11;6;-11;6;-11;6;-12;6;-12;6;-12;6;-12;6;-12;6;-12;6;-13;6;-13;6;-13;6;-13;6;-13;6;-12;7;-12;7;-12;8;-12;9;-12;10;-13;10;-12;11;-12;11;-12;12;-12;13;-12;14;-12;14,transition,EXP_S154,ZONE_02,sortie_zone,4.1,sortie_zone,sortie de la zone
1237652428,-55,6,a0:9f:7a:73:2b:3e,384,-110;-96;8;0;-41;-15;-41;-16;-39;-16;-35;-14;-32;-12;-27;-10;-22;-6;-17;-2;-11;2;-6;6;-2;11;2;16;5;21;7;25;8;28;8;31;7;33;6;33;4;32;3;30;2;26;1;22;1;17;1;12;2;9;0;1;0;0;0;0;0;0;0;0;0;0;0;0;0;0;0;0;0;0;0;6;0;24;-2;23;-4;21;-5;18;-4;13;-3;8;0;3;3;-2;8;-7;12;-11;17;-14;21;-16;25;-17;28;-17;29;-15;29;-14;27;-12;24;-11;20;-9;14;-8;8;-7;0;-7;-8;-6;-16;-7;-24;-8;-29;-9;112;0;-17;4;-17;4;-16;4;-16;4;-15;4;-15;4;-14;5;-14;5;-13;5;-13;5;-13;6;-12;6;-12;6;-12;6;-12;6;-12;5;-12;5;-12;5;-12;5;-12;5;-12;5;-11;4;-11;4;-11;4;-11;3;-11;3;-11;2;-11;2;-4;0;-2;0;0;-1;0;-1;0;-1;-1;0;-3;2;-9;7;-9;7;-10;6;-10;6;-11;5;-12;5;-12;5;-13;4;-13;4;-14;4;-14;4;-14;3;-14;3;-15;3;-15;3;-15;2;-15;2;-15;2;-15;2;-15;3;-15;3;-16;3;-16;3;-17;3;-17;4;-17;4;-17;4;-17;4;112;0;-17;-21;-17;-20;-17;-20;-17;-19;-17;-18;-17;-17;-18;-17;-18;-16;-18;-15;-18;-15;-17;-14;-18;-14;-18;-14;-18;-14;-18;-14;-17;-14;-17;-14;-16;-14;-16;-14;-15;-14;-15;-14;-14;-13;-13;-13;-13;-13;-12;-13;-11;-14;-10;-14;-10;-14;-4;-5;-1;-2;0;0;0;0;0;0;-1;-2;-1;-5;-3;-13;-3;-13;-2;-13;-2;-14;-2;-14;-2;-14;-2;-15;-3;-15;-3;-15;-3;-16;-4;-16;-4;-16;-4;-17;-4;-17;-4;-17;-5;-17;-6;-17;-6;-17;-7;-18;-8;-18;-9;-18;-10;-18;-11;-19;-12;-19;-13;-19;-14;-20;-15;-20;-16;-20,transition,EXP_S154,ZONE_02,sortie_zone,4.1,sortie_zone,sortie de la zone
1237852326,-54,6,a0:9f:7a:73:2b:3e,384,-110;-96;8;0;11;-35;8;-31;5;-25;3;-18;3;-12;4;-5;6;0;9;5;13;8;17;10;22;11;26;9;30;7;32;4;33;1;32;-3;30;-6;26;-9;21;-11;15;-12;10;-11;4;-9;-1;-6;-5;-2;-8;1;-2;0;0;0;0;0;0;0;0;0;0;0;0;0;0;0;0;0;0;0;-5;1;-18;5;-20;2;-23;-1;-26;-5;-29;-8;-31;-11;-33;-13;-34;-15;-34;-17;-33;-17;-32;-18;-30;-18;-26;-18;-22;-17;-18;-17;-13;-17;-8;-18;-2;-19;3;-20;8;-22;12;-25;16;-28;18;-31;19;-35;20;-38;20;-40;68;0;13;-24;12;-23;11;-23;10;-21;9;-20;8;-19;8;-19;7;-19;6;-18;5;-18;3;-18;2;-17;2;-16;2;-16;2;-16;2;-16;1;-16;1;-16;0;-16;0;-15;0;-14;0;-13;0;-13;0;-13;0;-13;-1;-14;-1;-14;-1;-14;-1;-5;-1;-2;0;0;-1;1;-1;0;0;-3;2;-9;6;-23;7;-23;9;-23;10;-23;11;-23;12;-23;12;-23;13;-23;14;-23;14;-23;15;-23;16;-23;16;-23;17;-23;16;-22;16;-22;16;-22;16;-22;16;-22;17;-22;16;-22;16;-23;16;-24;15;-24;15;-24;14;-24;14;-24;14;-24;68;0;2;-14;2;-15;2;-15;2;-16;2;-16;2;-16;3;-16;2;-15;1;-15;1;-15;0;-15;0;-16;0;-17;0;-17;1;-17;1;-17;1;-17;1;-17;1;-17;1;-18;2;-18;2;-18;3;-18;3;-17;4;-17;4;-16;5;-16;6;-16;2;-6;0;-2;-1;0;0;0;0;0;-1;-1;-3;-2;-7;-6;-6;-6;-5;-7;-4;-7;-4;-6;-4;-6;-4;-7;-4;-8;-4;-9;-3;-9;-2;-9;-1;-9;-1;-9;-1;-8;-1;-9;-1;-10;-1;-11;0;-11;1;-11;2;-11;2;-11;1;-11;1;-11;1;-12;1;-13;1;-14;2;-15;3;-15,transition,EXP_S154,ZONE_02,sortie_zone,4.1,sortie_zone,sortie de la zone
1238051878,-55,6,a0:9f:7a:73:2b:3e,384,-110;-96;8;0;-29;-31;-28;-30;-27;-27;-25;-22;-24;-16;-22;-10;-21;-4;-19;2;-18;9;-16;14;-14;19;-13;23;-11;26;-9;28;-7;30;-5;31;-3;31;-1;29;2;28;5;25;7;23;9;20;12;17;14;14;16;12;4;3;0;0;0;0;0;0;0;0;0;0;0;0;0;0;0;0;0;0;-5;5;-19;21;-21;18;-23;12;-23;6;-20;0;-16;-6;-9;-11;-1;-14;7;-16;15;-16;23;-15;29;-12;33;-8;35;-4;36;0;35;2;31;4;27;5;21;4;14;2;7;-1;-1;-6;-8;-11;-15;-16;-20;-21;-23;-25;111;0;-15;1;-15;2;-14;2;-12;2;-11;1;-9;1;-9;0;-8;-1;-8;-1;-8;-1;-8;0;-7;0;-6;0;-5;0;-5;-1;-5;-1;-5;-1;-6;-1;-6;-1;-5;0;-4;0;-4;-1;-4;-1;-4;-2;-4;-2;-5;-2;-5;-1;-5;-1;-2;-1;-1;0;0;0;0;-2;0;-1;-2;2;-5;6;-12;18;-13;18;-14;17;-15;16;-16;15;-17;15;-18;14;-19;14;-19;13;-20;13;-20;12;-20;11;-20;10;-20;9;-20;8;-20;8;-20;8;-19;7;-19;7;-19;6;-18;5;-18;5;-18;5;-18;5;-18;5;-17;5;-16;4;-15;4;111;0;-21;-18;-21;-18;-21;-17;-22;-17;-22;-16;-22;-15;-22;-15;-22;-14;-22;-13;-22;-12;-23;-11;-23;-10;-24;-10;-24;-11;-24;-11;-24;-11;-24;-11;-24;-11;-24;-11;-24;-12;-23;-12;-23;-12;-22;-12;-22;-13;-21;-13;-20;-14;-19;-15;-19;-16;-7;-6;-2;-2;0;0;0;0;0;0;-1;-1;-1;-2;-2;-5;-3;-5;-3;-5;-4;-6;-4;-7;-4;-8;-4;-8;-4;-8;-5;-8;-6;-9;-7;-10;-8;-11;-8;-12;-8;-12;-8;-12;-8;-12;-9;-13;-10;-13;-11;-14;-12;-15;-13;-15;-14;-16;-15;-16;-16;-16;-17;-16;-19;-17;-20;-17;-21;-17,transition,EXP_S154,ZONE_02,sortie_zone,4.1,sortie_zone,sortie de la zone
1238256852,-52,6,a0:9f:7a:73:2b:3e,384,-110;-96;8;0;12;20;13;22;14;22;15;21;16;19;17;17;16;14;15;11;13;9;11;7;8;6;5;7;2;8;1;10;0;13;0;15;1;17;3;19;5;19;7;19;9;17;10;14;11;11;11;8;10;6;2;1;0;0;0;0;0;0;0;0;0;0;0;0;0;0;0;0;0;0;4;-3;20;-9;22;-9;25;-9;26;-9;28;-9;28;-9;28;-9;27;-8;26;-6;24;-4;22;-2;21;1;21;5;21;8;21;11;22;13;24;15;26;15;27;14;28;13;27;12;26;11;24;10;22;10;20;11;17;12;36;0;27;41;25;40;23;39;22;37;21;35;20;34;19;32;18;30;17;28;16;27;15;26;15;26;14;25;13;24;13;24;12;23;11;23;11;23;10;23;9;22;9;21;8;21;7;20;6;20;5;20;4;20;2;20;2;19;0;7;0;2;-1;-1;-3;0;-2;0;4;-2;14;-5;40;-10;41;-8;43;-4;44;-1;45;3;45;6;45;8;46;12;46;15;46;18;46;20;45;23;43;25;42;28;41;29;40;31;38;33;37;34;36;35;35;36;35;36;34;37;34;38;33;39;32;40;32;40;31;41;31;42;36;0;-11;-6;-11;-6;-10;-6;-10;-5;-10;-4;-11;-2;-12;-1;-12;-1;-12;-1;-12;-1;-12;-1;-12;0;-12;1;-13;1;-14;2;-15;2;-16;1;-16;1;-16;1;-17;0;-17;0;-17;0;-18;-1;-18;-2;-18;-4;-18;-5;-18;-6;-18;-7;-7;-3;-2;-1;0;0;0;0;0;0;-1;-1;-3;-4;-7;-9;-6;-9;-6;-9;-6;-9;-6;-9;-6;-10;-6;-10;-5;-11;-5;-11;-4;-11;-3;-11;-4;-10;-4;-10;-4;-10;-4;-10;-4;-10;-4;-9;-4;-9;-5;-8;-6;-8;-7;-8;-7;-8;-8;-9;-8;-8;-8;-8;-8;-7;-9;-7;-10;-7,transition,EXP_S154,ZONE_02,sortie_zone,4.1,sortie_zone,sortie de la zone
1238452192,-53,6,a0:9f:7a:73:2b:3e,384,-110;-96;8;0;-30;-25;-31;-25;-31;-22;-30;-19;-28;-14;-24;-10;-19;-5;-13;-1;-7;1;-1;3;6;4;12;3;17;1;22;-1;24;-4;26;-8;26;-11;25;-14;23;-17;19;-19;14;-20;9;-20;4;-19;0;-17;-4;-15;-2;-4;0;0;0;0;0;0;0;0;0;0;0;0;0;0;0;0;0;0;4;-6;18;-24;20;-24;22;-22;22;-20;22;-17;21;-13;19;-7;17;-1;14;6;10;12;7;19;4;24;1;30;-1;34;-3;37;-4;38;-4;38;-4;36;-4;33;-4;29;-5;22;-6;15;-8;7;-11;0;-15;-8;-18;-13;78;0;-23;-5;-23;-5;-22;-5;-21;-4;-19;-4;-18;-4;-17;-4;-16;-4;-15;-3;-14;-3;-14;-2;-13;-1;-12;-1;-11;-1;-11;-1;-10;-1;-10;-1;-10;-1;-10;-1;-9;-1;-9;-1;-8;-1;-7;-1;-7;-1;-7;-1;-7;-2;-7;-2;-8;-2;-3;-1;-1;-1;0;0;1;-1;0;-1;-2;1;-7;4;-18;11;-19;10;-20;9;-21;8;-22;7;-22;6;-23;5;-24;4;-25;3;-26;2;-26;2;-26;1;-26;0;-26;0;-26;-1;-26;-2;-26;-2;-26;-3;-26;-3;-26;-3;-26;-4;-26;-4;-26;-4;-26;-4;-26;-4;-26;-4;-25;-4;-25;-4;78;0;3;-18;2;-18;1;-17;0;-17;-1;-17;-2;-17;-2;-17;-3;-17;-3;-17;-4;-16;-5;-16;-6;-16;-7;-17;-7;-17;-8;-17;-8;-18;-8;-18;-7;-18;-7;-19;-7;-19;-7;-19;-7;-19;-7;-19;-6;-19;-5;-20;-4;-20;-3;-20;-2;-20;-1;-8;-1;-3;0;0;-1;0;-1;0;0;-1;2;-2;5;-5;5;-5;5;-6;5;-6;5;-7;6;-7;6;-7;7;-7;7;-7;7;-8;7;-9;7;-9;7;-10;8;-10;8;-10;8;-10;7;-10;7;-10;6;-11;6;-12;6;-13;6;-14;6;-14;5;-14;5;-15;4;-16;3;-17;3;-18,transition,EXP_S154,ZONE_02,sortie_zone,4.1,sortie_zone,sortie de la zone
1238652429,-54,6,a0:9f:7a:73:2b:3e,384,-110;-96;8;0;3;-44;1;-43;-2;-40;-4;-36;-6;-30;-7;-23;-7;-16;-6;-9;-4;-2;-1;5;3;10;7;14;12;17;16;18;20;18;23;17;25;15;26;12;25;8;24;4;21;1;17;-3;13;-5;8;-7;4;-9;0;-3;0;0;0;0;0;0;0;0;0;0;0;0;0;0;0;0;0;0;6;1;25;5;25;7;24;9;22;11;19;13;14;14;9;15;3;16;-4;17;-11;17;-17;18;-22;18;-27;18;-30;18;-32;18;-32;17;-31;16;-28;14;-24;11;-20;7;-15;2;-11;-4;-6;-11;-2;-18;1;-25;3;-31;73;0;-9;-23;-9;-22;-9;-21;-9;-20;-8;-19;-8;-17;-7;-16;-7;-16;-6;-15;-6;-15;-7;-14;-7;-13;-7;-12;-6;-11;-6;-11;-5;-11;-5;-11;-5;-11;-5;-10;-6;-10;-5;-9;-5;-8;-4;-8;-4;-8;-4;-8;-3;-9;-3;-9;-3;-9;-1;-3;-1;-1;0;0;1;0;0;0;-2;-1;-7;-3;-19;-7;-18;-8;-18;-10;-18;-11;-18;-13;-18;-14;-17;-15;-17;-16;-17;-17;-17;-18;-16;-19;-15;-20;-14;-20;-14;-21;-13;-22;-13;-22;-13;-22;-12;-22;-12;-22;-11;-22;-11;-23;-11;-23;-11;-23;-11;-24;-11;-24;-11;-24;-11;-23;-11;-23;73;0;13;-14;13;-15;12;-15;11;-15;11;-16;10;-16;10;-16;10;-16;9;-16;9;-16;8;-16;7;-16;7;-17;7;-17;7;-17;7;-17;7;-17;7;-17;7;-16;7;-16;7;-16;7;-16;7;-16;8;-16;8;-15;9;-14;9;-14;9;-13;3;-5;1;-2;-1;0;-1;-1;-1;0;0;0;1;0;4;0;4;0;4;-1;5;-1;5;-1;6;-1;6;-1;6;-1;6;-2;6;-3;7;-3;8;-4;8;-4;9;-3;9;-4;8;-4;8;-5;8;-6;9;-7;10;-8;10;-8;11;-9;11;-9;11;-10;11;-11;11;-13;12;-14;12;-14,transition,EXP_S154,ZONE_02,sortie_zone,4.1,sortie_zone,sortie de la zone
1238855064,-54,6,a0:9f:7a:73:2b:3e,384,-110;-96;8;0;-31;-8;-32;-6;-31;-4;-29;-1;-26;1;-22;3;-18;4;-14;3;-11;2;-8;-1;-6;-4;-6;-7;-7;-10;-8;-13;-11;-14;-13;-15;-16;-14;-18;-13;-19;-10;-19;-7;-18;-5;-16;-2;-14;0;-11;1;-8;2;-2;0;0;0;0;0;0;0;0;0;0;0;0;0;0;0;0;0;0;0;-1;5;-4;20;-5;21;-6;21;-7;21;-8;21;-9;20;-11;19;-12;18;-15;16;-17;15;-19;13;-21;12;-23;12;-25;11;-26;12;-26;12;-26;12;-25;12;-24;12;-23;11;-21;9;-20;6;-20;3;-21;-1;-23;-4;-24;-6;47;0;-49;0;-48;0;-46;0;-44;0;-41;0;-39;0;-37;0;-35;0;-33;0;-32;0;-31;1;-30;1;-29;2;-27;2;-26;2;-25;2;-25;1;-25;1;-24;1;-23;0;-22;0;-21;0;-21;0;-20;-1;-20;-2;-19;-2;-19;-3;-19;-3;-7;-2;-2;-1;0;0;1;-2;0;-1;-2;3;-8;10;-22;29;-24;28;-27;27;-29;26;-31;25;-34;24;-36;23;-38;22;-40;20;-42;19;-44;17;-45;15;-46;14;-47;12;-47;10;-48;9;-48;8;-48;7;-48;6;-48;6;-49;5;-50;5;-51;4;-51;4;-51;3;-51;3;-51;2;-51;2;47;0;-1;-18;-2;-17;-2;-17;-3;-16;-3;-16;-4;-17;-4;-17;-3;-18;-3;-18;-3;-17;-3;-17;-4;-16;-4;-16;-5;-17;-5;-18;-5;-18;-4;-18;-4;-18;-4;-18;-4;-18;-3;-18;-3;-19;-2;-19;-1;-19;-1;-19;0;-19;1;-18;2;-18;0;-7;0;-2;0;0;-1;0;-1;0;0;-1;1;-1;2;-1;2;-1;2;-2;1;-2;1;-3;2;-4;2;-4;2;-4;2;-3;1;-4;0;-4;0;-5;1;-6;1;-7;2;-7;1;-7;1;-7;0;-7;-1;-8;-1;-10;0;-11;0;-11;0;-11;-1;-12;-1;-12;-2;-13;-2;-14;-2;-15,transition,EXP_S154,ZONE_02,sortie_zone,4.1,sortie_zone,sortie de la zone
1239052473,-53,6,a0:9f:7a:73:2b:3e,384,-110;-96;8;0;-12;-3;-17;-5;-21;-6;-24;-6;-26;-4;-27;-2;-26;0;-25;2;-22;4;-19;5;-16;6;-12;5;-8;4;-3;2;0;-1;3;-4;6;-7;7;-11;8;-14;8;-16;7;-18;6;-19;5;-19;4;-19;3;-18;0;-5;0;0;0;0;0;0;0;0;0;0;0;0;0;0;0;0;0;0;1;-4;6;-15;9;-17;12;-19;15;-21;16;-22;18;-22;18;-20;17;-19;17;-15;15;-11;13;-6;11;-1;9;5;8;11;7;16;6;21;6;24;7;28;8;29;9;30;10;29;10;27;9;23;8;19;5;14;3;10;68;0;-19;30;-19;29;-18;28;-18;27;-17;25;-16;24;-14;23;-13;22;-12;21;-12;21;-11;20;-11;20;-11;20;-10;19;-10;19;-10;18;-10;18;-10;17;-10;17;-11;16;-11;16;-11;15;-11;15;-11;14;-12;12;-12;11;-13;10;-14;9;-5;3;-2;0;0;-1;-2;-2;-1;-1;2;2;6;9;17;25;15;27;13;29;11;31;9;33;8;34;6;35;4;36;1;37;-1;38;-3;39;-5;39;-7;39;-9;38;-10;37;-12;37;-13;36;-14;36;-15;36;-15;36;-16;35;-16;35;-17;34;-18;34;-19;34;-19;34;-20;34;-20;34;68;0;16;-25;16;-24;16;-24;15;-23;14;-22;13;-22;12;-22;12;-22;11;-21;11;-21;10;-20;10;-20;9;-20;8;-20;8;-20;8;-21;8;-21;8;-20;8;-20;8;-20;8;-19;8;-19;8;-19;9;-19;10;-19;11;-18;12;-17;13;-16;5;-6;1;-2;-1;0;-1;0;-1;0;1;-2;4;-5;12;-12;12;-11;12;-11;12;-10;12;-10;12;-11;13;-11;13;-12;14;-12;14;-12;13;-12;13;-12;13;-13;14;-14;14;-14;14;-14;14;-14;14;-15;13;-15;13;-16;13;-18;14;-19;14;-20;15;-20;15;-21;15;-22;15;-23;15;-23,transition,EXP_S154,ZONE_02,sortie_zone,4.1,sortie_zone,sortie de la zone
1239254590,-58,6,a0:9f:7a:73:2b:3e,384,-110;-96;8;0;-43;3;-43;2;-41;2;-37;2;-31;3;-25;5;-18;8;-11;10;-5;13;1;16;6;20;10;22;13;24;15;25;16;25;16;24;16;22;16;19;16;14;16;10;15;6;16;1;16;-3;17;-7;17;-9;4;-3;0;0;0;0;0;0;0;0;0;0;0;0;0;0;0;0;0;0;2;4;9;19;8;23;6;27;4;29;0;29;-3;27;-6;23;-9;17;-9;10;-9;1;-7;-7;-3;-14;2;-21;7;-26;12;-29;16;-30;19;-29;20;-27;19;-25;17;-21;12;-16;6;-11;-1;-6;-10;-2;-19;1;-26;2;121;0;-8;13;-9;13;-9;12;-9;11;-8;10;-8;9;-8;7;-8;6;-9;5;-9;5;-9;5;-8;4;-8;3;-7;2;-7;1;-8;1;-8;0;-8;0;-7;0;-7;0;-6;-1;-6;-1;-6;-2;-6;-2;-6;-3;-5;-2;-5;-2;-5;-2;-2;-1;-1;-1;0;0;-1;-1;-1;-1;1;0;4;3;12;9;12;10;12;11;11;12;11;12;10;13;10;14;9;15;8;16;7;17;7;18;6;18;5;18;4;18;3;18;2;18;1;18;1;18;1;18;0;18;-1;17;-2;17;-3;17;-4;18;-4;18;-5;17;-5;17;-5;16;121;0;-26;-8;-26;-7;-26;-6;-26;-5;-26;-4;-26;-4;-25;-3;-25;-3;-24;-2;-24;-1;-23;0;-23;1;-23;2;-23;2;-23;2;-23;2;-23;2;-22;2;-22;2;-22;2;-22;2;-22;3;-21;2;-21;2;-21;2;-21;1;-21;0;-21;0;-8;-1;-3;-1;0;-1;0;0;0;0;-1;-2;-1;-6;-1;-14;-1;-14;-1;-13;-1;-12;-1;-12;-2;-12;-2;-12;-3;-12;-3;-12;-4;-11;-5;-11;-6;-10;-8;-10;-8;-10;-9;-11;-10;-10;-10;-10;-11;-9;-13;-9;-15;-9;-16;-9;-18;-9;-19;-9;-20;-8;-22;-8;-23;-7;-25;-7;-26;-6,transition,EXP_S154,ZONE_02,sortie_zone,4.1,sortie_zone,sortie de la zone
1239458732,-61,6,a0:9f:7a:73:2b:3e,384,-110;-96;8;0;1;-14;1;-17;0;-19;-2;-20;-5;-20;-8;-19;-12;-17;-15;-14;-17;-11;-18;-7;-18;-4;-17;0;-15;3;-11;5;-6;8;-1;9;5;11;11;11;17;11;21;10;26;9;29;7;31;5;32;3;32;1;8;0;0;0;0;0;0;0;0;0;0;0;0;0;0;0;0;0;0;0;2;-1;10;-5;16;-5;24;-4;30;-4;35;-3;38;-1;40;0;39;2;36;4;32;6;26;8;19;10;11;12;3;13;-4;14;-11;16;-16;16;-20;16;-22;17;-23;16;-22;15;-20;14;-18;11;-14;8;-10;4;-6;0;89;0;-12;-7;-11;-7;-10;-6;-9;-5;-8;-3;-7;-2;-7;-1;-6;0;-6;1;-6;2;-6;3;-6;4;-6;4;-6;5;-6;5;-6;6;-7;6;-7;6;-7;6;-8;6;-8;6;-8;6;-8;6;-9;6;-9;5;-9;5;-10;4;-10;4;-4;1;-2;0;0;-1;1;-1;0;-1;-3;0;-8;1;-22;4;-22;3;-23;1;-23;0;-24;-2;-24;-3;-24;-4;-24;-5;-24;-6;-24;-7;-24;-8;-24;-9;-23;-10;-22;-11;-22;-12;-21;-12;-20;-12;-19;-13;-19;-13;-18;-13;-17;-12;-17;-12;-16;-12;-16;-12;-15;-11;-15;-11;-14;-10;-14;-10;89;0;11;1;11;1;12;0;12;-1;12;-1;13;-2;12;-3;12;-4;12;-5;12;-6;12;-6;13;-7;13;-8;14;-9;14;-9;15;-10;16;-10;16;-10;17;-10;17;-10;17;-10;18;-10;18;-9;19;-9;20;-8;21;-7;21;-6;21;-5;7;-2;2;-1;-1;0;0;-2;0;-1;-1;2;-2;7;-4;19;-5;18;-6;17;-7;16;-7;15;-7;15;-7;14;-7;14;-7;14;-6;13;-6;12;-6;12;-5;11;-4;10;-3;10;-3;9;-2;8;-1;8;0;7;1;7;2;7;3;6;4;6;5;5;6;5;7;4;8;3;9;3,transition,EXP_S154,ZONE_02,sortie_zone,4.1,sortie_zone,sortie de la zone
1239652403,-54,6,a0:9f:7a:73:2b:3e,384,-110;-96;8;0;3;-39;0;-36;-2;-32;-3;-27;-4;-21;-4;-16;-2;-10;1;-5;5;-1;9;1;14;3;18;3;22;2;25;0;27;-3;27;-6;26;-9;23;-12;19;-13;15;-14;10;-14;5;-12;1;-9;-2;-6;-4;-3;-2;-1;0;0;0;0;0;0;0;0;0;0;0;0;0;0;0;0;0;0;-1;4;-4;18;-6;16;-8;14;-10;12;-13;9;-16;6;-19;3;-22;0;-25;-3;-27;-6;-29;-7;-31;-8;-31;-9;-31;-10;-30;-10;-28;-9;-25;-9;-21;-9;-16;-10;-12;-12;-7;-14;-2;-18;1;-22;4;-27;6;-31;7;-34;65;0;-2;-25;-2;-25;-2;-24;-3;-22;-3;-21;-3;-20;-3;-19;-3;-18;-4;-17;-4;-17;-5;-16;-5;-15;-5;-14;-5;-14;-5;-13;-5;-13;-5;-13;-5;-12;-5;-12;-5;-11;-5;-10;-5;-10;-4;-9;-4;-9;-4;-9;-4;-9;-4;-9;-4;-9;-2;-4;-1;-1;0;0;0;0;0;0;-1;-2;-3;-6;-8;-16;-7;-17;-6;-17;-5;-18;-5;-19;-4;-20;-4;-21;-3;-22;-3;-22;-2;-23;-2;-23;-1;-23;-1;-23;0;-24;0;-24;0;-24;0;-24;0;-24;0;-24;0;-24;0;-25;0;-25;0;-26;-1;-26;-1;-26;-2;-26;-2;-26;-2;-25;65;0;7;-11;6;-12;5;-12;5;-13;5;-13;4;-13;4;-13;4;-13;4;-13;3;-13;2;-13;2;-13;2;-14;2;-15;2;-15;2;-15;2;-14;2;-14;2;-15;2;-15;2;-15;2;-15;3;-15;3;-14;3;-14;4;-14;4;-13;5;-13;1;-5;0;-2;-1;0;-1;0;-1;0;-1;-1;0;-2;0;-4;0;-5;1;-5;2;-5;3;-5;3;-4;3;-4;3;-5;3;-5;3;-6;4;-6;5;-6;5;-5;5;-5;5;-5;4;-5;4;-6;5;-7;5;-8;6;-8;6;-8;6;-8;6;-8;5;-9;5;-10;6;-11;6;-12;7;-12,transition,EXP_S154,ZONE_02,sortie_zone,4.1,sortie_zone,sortie de la zone
1239854147,-53,6,a0:9f:7a:73:2b:3e,384,-110;-96;8;0;-9;45;-8;45;-6;42;-4;38;-1;33;2;26;4;18;7;10;9;2;10;-5;10;-13;10;-20;10;-26;8;-31;7;-35;5;-37;3;-38;1;-38;-2;-36;-4;-33;-7;-28;-9;-23;-12;-18;-14;-13;-15;-9;-4;-2;0;0;0;0;0;0;0;0;0;0;0;0;0;0;0;0;0;0;-2;5;-7;20;-9;19;-13;16;-15;12;-16;7;-16;1;-16;-6;-13;-12;-11;-18;-7;-23;-4;-28;0;-32;4;-34;8;-35;10;-34;12;-32;13;-29;13;-25;12;-19;10;-13;8;-5;5;3;2;11;-1;20;-3;28;-5;34;97;0;5;22;6;21;6;20;6;19;6;17;5;16;5;15;5;14;5;14;5;13;6;12;6;12;6;11;5;10;5;10;4;10;4;10;4;10;4;10;4;9;4;8;4;8;3;7;2;7;2;7;2;8;2;8;1;8;0;3;0;0;-1;-1;-1;-1;-1;-1;1;1;4;4;12;13;11;14;10;15;10;16;9;17;9;17;8;18;8;19;8;20;8;20;7;21;7;21;6;21;6;22;6;22;5;22;5;22;5;22;5;22;5;22;5;22;5;22;5;23;6;23;6;23;7;22;7;22;7;22;97;0;-16;17;-16;17;-15;18;-15;18;-14;19;-14;19;-14;20;-13;20;-13;20;-12;20;-12;20;-11;21;-11;21;-11;22;-11;23;-11;23;-11;23;-12;22;-12;22;-12;22;-12;22;-12;21;-13;21;-13;20;-14;20;-15;19;-15;18;-16;17;-6;6;-2;1;0;-1;0;-1;0;-1;-1;0;-1;0;-2;1;-3;2;-3;2;-4;2;-4;2;-5;2;-5;2;-5;3;-6;3;-6;4;-7;4;-8;4;-9;4;-9;4;-9;5;-9;5;-10;6;-10;7;-11;8;-12;8;-13;9;-13;10;-13;10;-13;11;-13;13;-14;14;-15;15;-16;16,transition,EXP_S154,ZONE_02,sortie_zone,4.1,sortie_zone,sortie de la zone
1240060565,-53,6,a0:9f:7a:73:2b:3e,384,-110;-96;8;0;20;-29;21;-30;20;-29;17;-28;14;-26;10;-23;6;-19;1;-15;-3;-11;-8;-7;-12;-3;-16;1;-19;5;-21;8;-23;11;-24;14;-25;15;-24;16;-22;17;-19;17;-16;16;-12;16;-8;16;-4;15;-1;14;0;3;0;0;0;0;0;0;0;0;0;0;0;0;0;0;0;0;0;0;-2;-7;-4;-25;-1;-25;2;-24;5;-22;7;-18;9;-12;9;-6;8;0;6;6;4;13;1;18;-3;23;-7;26;-10;28;-12;29;-14;29;-15;27;-15;24;-13;21;-11;16;-8;11;-5;4;0;-2;4;-8;8;-14;12;-18;98;0;-2;-34;-3;-33;-3;-32;-3;-30;-3;-28;-3;-26;-2;-24;-2;-22;-2;-22;-2;-21;-3;-20;-3;-19;-3;-18;-3;-17;-2;-16;-2;-16;-1;-16;-1;-16;-1;-16;-1;-15;-1;-14;-1;-12;0;-12;1;-11;2;-11;3;-11;3;-10;4;-10;1;-4;0;-1;-1;0;1;1;0;0;-3;-3;-9;-9;-22;-26;-21;-27;-19;-29;-18;-31;-16;-32;-15;-33;-14;-34;-13;-36;-12;-37;-11;-37;-10;-38;-9;-38;-8;-37;-7;-37;-6;-38;-6;-38;-5;-38;-5;-37;-5;-37;-4;-36;-3;-36;-3;-36;-3;-37;-3;-37;-3;-37;-4;-37;-4;-36;-4;-36;98;0;39;-10;39;-11;38;-12;37;-13;37;-15;37;-16;36;-16;35;-17;34;-17;33;-18;33;-19;33;-20;33;-21;34;-21;34;-22;35;-21;35;-21;35;-20;35;-20;35;-19;35;-18;35;-17;35;-16;35;-15;36;-14;36;-12;36;-10;37;-8;13;-3;4;-1;-2;0;-1;-1;-1;-1;1;0;4;0;13;1;13;1;14;1;15;1;16;2;17;2;17;3;18;3;19;3;19;2;20;3;21;3;22;3;23;3;23;3;23;3;24;2;25;1;26;0;28;0;29;-1;30;-1;31;-2;32;-4;33;-5;35;-7;36;-8;38;-9,transition,EXP_S154,ZONE_02,sortie_zone,4.1,sortie_zone,sortie de la zone
1240253277,-53,6,a0:9f:7a:73:2b:3e,384,-110;-96;8;0;-2;37;-2;37;-1;35;1;32;3;27;5;23;7;18;9;12;12;7;14;2;16;-3;17;-8;19;-11;19;-14;20;-17;19;-19;19;-21;17;-22;15;-22;12;-22;10;-21;6;-20;3;-19;0;-19;-2;-18;-1;-5;0;0;0;0;0;0;0;0;0;0;0;0;0;0;0;0;0;0;6;0;24;4;23;6;19;9;15;11;10;12;4;11;-2;9;-8;5;-13;0;-17;-6;-20;-12;-21;-17;-21;-22;-20;-26;-19;-28;-16;-29;-13;-28;-11;-25;-8;-21;-6;-16;-4;-9;-2;-2;-1;5;0;13;0;20;0;25;107;0;7;12;7;12;7;11;6;10;6;9;5;8;5;8;5;7;4;7;4;6;4;6;4;5;4;5;3;4;3;4;3;4;3;4;3;4;2;3;2;3;2;3;1;3;1;2;1;2;1;2;1;2;0;2;0;2;0;0;0;0;-1;-1;-1;-1;-1;-1;1;0;5;2;15;7;15;8;14;9;14;10;14;11;14;11;13;12;13;13;13;13;13;14;12;14;12;15;11;15;10;15;10;15;10;15;9;15;9;15;9;15;9;15;9;14;9;14;9;14;9;14;9;14;9;14;8;14;8;14;107;0;-14;18;-13;18;-13;18;-12;18;-12;19;-11;19;-11;19;-10;19;-10;19;-9;19;-9;19;-8;19;-8;20;-8;20;-8;20;-8;20;-9;20;-9;20;-9;20;-9;19;-10;19;-10;18;-10;18;-10;17;-11;17;-11;16;-12;15;-13;15;-5;5;-2;1;0;-1;0;-1;0;-1;-1;0;-2;1;-6;4;-6;4;-6;4;-7;4;-7;4;-8;4;-8;5;-8;5;-9;5;-9;5;-10;6;-10;6;-11;6;-11;6;-11;7;-11;7;-11;7;-12;8;-12;9;-12;10;-12;11;-13;11;-13;12;-13;13;-13;14;-13;15;-13;16;-13;17,transition,EXP_S154,ZONE_02,sortie_zone,4.1,sortie_zone,sortie de la zone
1240452796,-53,6,a0:9f:7a:73:2b:3e,384,-110;-96;8;0;-1;-32;-1;-34;-1;-34;-2;-33;-3;-30;-5;-27;-6;-23;-8;-19;-9;-14;-11;-8;-12;-3;-13;2;-14;7;-14;11;-14;15;-14;19;-14;21;-14;23;-13;24;-12;24;-10;23;-8;22;-5;20;-3;19;-1;18;-1;4;0;0;0;0;0;0;0;0;0;0;0;0;0;0;0;0;0;0;-5;-3;-19;-10;-18;-12;-15;-15;-11;-15;-7;-15;-3;-13;2;-10;6;-6;9;-1;12;4;14;9;15;14;15;19;14;23;12;26;10;27;8;27;7;25;5;23;4;19;3;14;1;8;0;2;0;-5;0;-12;0;-18;106;0;-12;-9;-12;-9;-12;-9;-12;-8;-11;-7;-11;-6;-10;-5;-9;-5;-9;-5;-9;-4;-9;-4;-9;-3;-9;-3;-8;-2;-8;-2;-7;-2;-7;-2;-7;-2;-7;-2;-7;-2;-7;-2;-6;-2;-6;-2;-5;-2;-5;-2;-5;-3;-5;-3;-5;-3;-2;-1;-1;-1;0;0;0;0;0;0;-2;-1;-6;-2;-15;-5;-15;-6;-15;-7;-14;-8;-14;-8;-14;-9;-14;-9;-14;-10;-15;-11;-14;-11;-14;-11;-14;-11;-13;-12;-13;-12;-13;-12;-13;-12;-13;-12;-13;-12;-13;-12;-13;-11;-13;-11;-13;-11;-13;-11;-13;-11;-13;-11;-14;-11;-14;-10;-14;-10;106;0;12;-15;12;-16;12;-16;11;-16;11;-17;10;-17;10;-17;9;-17;9;-17;9;-17;9;-17;8;-18;8;-18;8;-19;8;-19;8;-19;9;-19;9;-19;9;-19;9;-18;9;-18;9;-17;10;-17;10;-16;11;-16;11;-15;12;-14;12;-14;4;-5;1;-2;-1;0;-1;0;-1;0;0;-1;1;-1;3;-3;3;-3;4;-4;4;-4;5;-4;5;-4;6;-4;6;-4;6;-5;7;-5;7;-5;8;-5;8;-5;9;-5;9;-5;9;-6;9;-6;9;-7;10;-8;10;-9;11;-9;11;-10;11;-10;11;-11;12;-12;12;-13;12;-14;13;-15,transition,EXP_S154,ZONE_02,sortie_zone,4.1,sortie_zone,sortie de la zone
1240654944,-54,6,a0:9f:7a:73:2b:3e,384,-110;-96;8;0;28;13;29;13;29;13;27;12;25;10;23;7;20;4;17;0;14;-3;11;-7;9;-11;6;-15;4;-18;3;-21;2;-24;1;-26;-1;-26;-2;-27;-2;-27;-3;-25;-4;-24;-5;-21;-6;-19;-8;-17;-9;-15;-3;-4;0;0;0;0;0;0;0;0;0;0;0;0;0;0;0;0;0;0;-2;-6;-7;-22;-4;-23;0;-22;3;-20;6;-16;7;-12;7;-7;5;-1;2;5;-2;10;-7;14;-12;16;-17;17;-21;17;-24;16;-26;15;-27;14;-26;11;-23;9;-19;7;-15;6;-9;5;-3;5;4;5;11;6;16;7;119;0;19;-17;19;-16;18;-16;17;-15;15;-14;13;-13;12;-11;11;-10;11;-9;11;-9;10;-10;10;-10;9;-10;8;-9;8;-8;8;-7;8;-6;8;-6;8;-6;8;-6;7;-5;6;-5;6;-4;6;-3;6;-2;7;-1;8;-1;8;-1;2;-1;0;-1;-1;-1;-1;1;-1;0;0;-4;1;-11;3;-30;4;-30;6;-30;8;-29;10;-29;11;-29;13;-29;14;-29;15;-29;16;-28;17;-28;17;-27;18;-26;19;-25;20;-24;21;-24;21;-23;20;-23;20;-22;20;-22;20;-21;20;-21;21;-21;21;-21;21;-21;21;-21;20;-21;19;-21;119;0;26;33;26;32;26;31;27;30;27;28;28;28;29;27;29;27;29;26;29;25;29;24;30;23;31;23;32;23;32;24;32;25;32;26;31;26;30;27;30;27;29;28;28;28;27;29;25;30;23;31;21;32;19;33;17;34;5;12;1;3;-1;-2;-1;-1;-1;-1;0;0;2;3;6;9;6;10;7;11;7;12;8;13;8;15;8;15;8;16;8;16;9;17;10;18;10;20;10;21;10;22;10;23;11;23;12;23;13;24;14;24;15;26;17;27;18;28;19;29;20;29;21;30;23;30;24;31;25;32,transition,EXP_S154,ZONE_02,sortie_zone,4.1,sortie_zone,sortie de la zone
1240852416,-54,6,a0:9f:7a:73:2b:3e,384,-110;-96;8;0;-40;14;-39;13;-36;12;-32;12;-27;13;-21;14;-14;15;-8;16;-2;18;5;20;10;21;15;23;19;24;22;25;25;26;27;25;27;24;27;22;27;20;27;16;26;12;25;8;24;4;24;0;25;-3;6;-1;0;0;0;0;0;0;0;0;0;0;0;0;0;0;0;0;0;0;3;4;11;19;7;20;3;20;-2;19;-6;15;-10;10;-12;4;-12;-3;-11;-10;-9;-17;-6;-22;-1;-27;4;-29;8;-30;11;-29;14;-27;15;-23;14;-19;12;-15;9;-10;4;-4;-2;1;-9;5;-16;9;-23;12;-29;13;121;0;-10;13;-9;13;-8;12;-8;12;-7;10;-6;9;-6;8;-6;8;-6;8;-6;8;-5;8;-4;7;-3;6;-3;5;-4;5;-4;5;-4;5;-5;5;-4;5;-4;4;-3;4;-3;3;-4;2;-4;2;-4;2;-5;2;-5;2;-5;2;-2;0;-1;0;0;-1;0;-2;0;-1;-1;1;-2;6;-5;16;-5;16;-6;16;-7;16;-8;16;-8;16;-9;16;-10;16;-10;16;-11;16;-11;16;-11;16;-11;15;-11;15;-12;15;-12;15;-12;15;-11;15;-11;14;-11;14;-11;14;-11;14;-11;14;-11;15;-10;15;-10;15;-9;14;-9;14;121;0;-25;1;-25;2;-25;3;-26;4;-26;5;-26;6;-26;6;-26;7;-26;8;-25;9;-25;10;-25;11;-26;12;-26;12;-27;13;-27;12;-28;12;-28;12;-28;11;-28;11;-28;10;-28;10;-28;10;-27;9;-27;8;-28;7;-28;6;-28;4;-10;1;-4;0;0;-1;0;0;0;0;-1;-1;-1;-2;-2;-3;-3;-3;-3;-4;-4;-4;-4;-4;-5;-5;-5;-5;-5;-5;-6;-5;-7;-5;-7;-5;-8;-5;-9;-6;-9;-6;-10;-6;-10;-5;-11;-5;-12;-5;-13;-5;-14;-4;-15;-4;-16;-4;-17;-3;-18;-2;-20;-1;-21;0;-23;1;-24;1,transition,EXP_S154,ZONE_02,sortie_zone,4.1,sortie_zone,sortie de la zone
1241052319,-54,6,a0:9f:7a:73:2b:3e,384,-110;-96;8;0;32;0;33;-2;33;-3;31;-5;28;-7;24;-8;19;-9;13;-9;7;-9;2;-7;-4;-5;-9;-2;-14;1;-17;5;-20;8;-22;12;-23;14;-23;16;-21;18;-19;19;-17;19;-13;18;-10;17;-6;15;-3;14;-1;3;0;0;0;0;0;0;0;0;0;0;0;0;0;0;0;0;0;0;4;3;15;16;13;17;9;18;6;18;2;16;-2;14;-7;11;-11;8;-15;4;-18;0;-22;-5;-24;-8;-26;-12;-27;-14;-27;-16;-26;-17;-25;-17;-23;-16;-20;-15;-16;-13;-11;-10;-6;-8;1;-5;7;-3;14;-2;19;-1;84;0;14;-12;13;-12;13;-12;12;-11;11;-11;10;-11;9;-10;8;-10;8;-10;7;-10;7;-10;6;-10;6;-10;6;-10;5;-9;5;-9;5;-9;5;-9;5;-8;5;-8;5;-8;5;-7;5;-7;5;-7;5;-6;5;-6;6;-6;6;-6;2;-2;0;-1;-1;0;-1;1;-1;0;0;-2;2;-6;8;-16;8;-16;9;-15;10;-15;11;-15;12;-15;13;-15;13;-15;14;-14;15;-14;15;-14;15;-13;16;-13;16;-12;16;-12;16;-11;16;-11;16;-11;16;-11;16;-11;16;-11;15;-11;15;-12;15;-12;15;-12;15;-13;15;-13;14;-13;84;0;10;13;10;12;11;12;11;12;11;11;12;11;12;11;12;10;12;10;12;9;13;9;13;8;13;8;14;8;14;9;15;9;15;9;14;10;14;10;14;10;14;10;13;10;13;11;13;11;12;11;11;12;11;12;10;13;3;4;0;1;-1;-1;-1;-1;-1;-1;0;0;0;0;2;2;2;2;2;2;3;3;3;3;3;4;3;4;3;5;3;5;3;6;4;7;4;7;4;8;4;8;4;9;4;8;4;8;4;9;5;9;5;10;6;10;6;11;7;11;8;11;8;11;9;12;10;12;10;12,transition,EXP_S154,ZONE_02,sortie_zone,4.1,sortie_zone,sortie de la zone
1241255719,-55,6,a0:9f:7a:73:2b:3e,384,-110;-96;8;0;-18;-23;-20;-25;-21;-25;-22;-24;-22;-21;-22;-18;-22;-14;-21;-10;-20;-6;-19;-2;-17;3;-15;7;-13;10;-10;14;-8;17;-5;20;-3;23;-1;25;1;26;3;27;4;27;5;26;6;25;7;23;8;22;2;5;0;0;0;0;0;0;0;0;0;0;0;0;0;0;0;0;0;0;-3;6;-14;27;-18;27;-22;25;-25;23;-27;19;-26;14;-24;9;-19;4;-13;0;-5;-3;3;-5;12;-5;20;-4;26;-1;31;1;34;4;35;6;35;8;33;9;29;9;25;8;19;5;13;2;6;-2;0;-7;-4;-11;126;0;-11;5;-11;5;-11;5;-10;5;-9;5;-7;5;-6;5;-5;4;-5;4;-4;3;-4;4;-3;4;-3;5;-2;5;-1;4;-1;4;-2;4;-2;4;-2;5;-2;5;-2;5;-1;5;-1;5;-1;4;-1;4;-2;3;-2;4;-3;4;-1;1;-1;0;0;-1;0;-2;0;-1;-1;1;-3;6;-8;16;-9;16;-10;16;-11;16;-12;15;-13;15;-14;14;-15;14;-16;13;-16;13;-17;13;-17;12;-17;11;-17;10;-17;10;-18;9;-18;9;-18;8;-17;8;-16;8;-16;8;-16;7;-16;7;-16;6;-15;7;-15;7;-14;7;-14;7;126;0;0;-23;-1;-23;-1;-22;-2;-22;-4;-21;-5;-21;-6;-20;-7;-20;-8;-19;-8;-19;-9;-19;-10;-18;-11;-18;-12;-19;-12;-19;-12;-19;-13;-19;-13;-19;-12;-19;-12;-19;-12;-19;-12;-19;-12;-19;-11;-20;-11;-20;-10;-20;-9;-21;-8;-21;-3;-8;-1;-3;0;0;-1;0;-1;0;0;-2;2;-4;8;-11;8;-10;8;-11;8;-11;9;-11;9;-12;10;-12;10;-12;10;-12;10;-12;10;-12;10;-13;10;-13;10;-14;10;-14;10;-14;9;-14;9;-15;8;-15;7;-16;7;-17;6;-18;6;-19;5;-19;4;-20;3;-21;2;-21;1;-22,transition,EXP_S154,ZONE_02,sortie_zone,4.1,sortie_zone,sortie de la zone
1241458137,-55,6,a0:9f:7a:73:2b:3e,384,-110;-96;8;0;31;-11;31;-11;30;-11;28;-11;25;-12;22;-14;19;-16;16;-18;14;-21;11;-23;9;-25;8;-26;6;-27;4;-27;3;-27;1;-27;-1;-27;-4;-27;-6;-27;-8;-27;-10;-27;-11;-27;-12;-27;-12;-28;-12;-28;-3;-7;0;0;0;0;0;0;0;0;0;0;0;0;0;0;0;0;0;0;-4;5;-14;21;-18;20;-23;17;-25;13;-25;7;-23;3;-19;-1;-13;-4;-6;-4;1;-2;8;2;13;7;16;13;17;19;16;24;14;27;11;29;9;29;7;27;5;23;5;18;7;12;9;7;12;1;17;-3;21;-6;-116;0;-2;-16;-2;-16;-2;-16;-3;-14;-3;-11;-2;-8;-1;-6;1;-5;2;-4;2;-4;1;-4;-1;-2;-2;-1;-2;1;-1;2;0;3;1;2;0;1;-1;1;-3;2;-3;3;-3;4;-3;5;-2;5;-1;5;-1;3;-2;2;-3;2;-1;0;-1;0;-1;-1;1;0;0;0;-4;-1;-11;-2;-31;-6;-31;-8;-31;-10;-31;-12;-30;-14;-29;-16;-28;-18;-28;-20;-27;-22;-27;-23;-26;-24;-25;-25;-23;-25;-21;-25;-19;-26;-18;-27;-17;-27;-17;-27;-16;-26;-14;-25;-12;-24;-10;-24;-9;-24;-9;-24;-9;-24;-9;-23;-9;-21;-8;-20;-116;0;50;-14;49;-15;48;-16;48;-17;47;-19;46;-21;45;-22;44;-23;43;-24;42;-25;41;-25;41;-27;42;-28;42;-30;43;-30;43;-31;44;-30;45;-30;45;-29;46;-29;46;-27;46;-26;47;-24;47;-23;48;-21;49;-18;50;-16;51;-13;18;-5;5;-1;-2;0;-2;-1;-1;-1;2;0;7;3;20;9;20;9;19;8;20;8;21;8;22;9;22;10;22;10;23;9;23;8;24;8;26;7;27;7;28;7;29;7;29;6;30;5;31;4;33;2;35;0;37;-1;39;-2;40;-3;41;-5;43;-7;45;-9;47;-11;49;-12,transition,EXP_S154,ZONE_02,sortie_zone,4.1,sortie_zone,sortie de la zone
1241670374,-55,6,a0:9f:7a:73:2b:3e,384,-110;-96;8;0;21;-31;21;-32;19;-31;16;-29;12;-26;8;-23;3;-19;-3;-15;-8;-10;-12;-6;-16;-2;-19;2;-21;5;-23;8;-23;11;-22;13;-21;15;-19;17;-16;18;-12;19;-8;19;-4;19;0;19;3;19;6;19;1;4;0;0;0;0;0;0;0;0;0;0;0;0;0;0;0;0;0;0;-6;-7;-20;-27;-17;-30;-14;-32;-9;-31;-5;-29;-1;-25;3;-19;6;-11;7;-3;7;6;6;14;5;22;2;29;-1;34;-4;37;-7;38;-9;38;-9;35;-9;32;-8;26;-6;20;-3;12;1;4;5;-4;9;-12;12;-17;101;0;-4;-17;-4;-16;-3;-15;-3;-14;-3;-13;-2;-12;-2;-11;-1;-10;-1;-9;-1;-9;-1;-8;-1;-7;-1;-7;-1;-6;0;-5;0;-5;0;-5;0;-5;0;-4;0;-4;0;-3;0;-3;0;-3;0;-2;0;-2;0;-2;0;-2;1;-2;0;-1;0;-1;-1;0;1;0;0;0;-3;-1;-7;-4;-19;-10;-19;-11;-18;-12;-18;-14;-17;-15;-16;-16;-16;-17;-15;-18;-14;-19;-14;-19;-13;-20;-13;-20;-12;-20;-11;-20;-11;-20;-10;-20;-9;-20;-9;-20;-8;-20;-8;-19;-7;-19;-7;-19;-6;-19;-6;-19;-6;-19;-6;-19;-6;-18;-6;-18;101;0;22;-7;21;-7;21;-8;20;-9;19;-10;18;-10;17;-11;16;-11;15;-12;14;-12;14;-13;13;-14;13;-15;12;-16;12;-17;12;-17;12;-17;12;-18;12;-18;12;-18;12;-18;12;-18;12;-18;12;-18;13;-17;14;-17;14;-16;15;-16;5;-6;1;-2;-1;0;-1;-1;-1;-1;1;0;3;1;10;3;10;3;10;3;10;3;11;3;11;3;12;4;12;4;12;4;13;4;13;3;14;3;15;3;15;3;15;3;16;3;16;2;17;2;17;1;18;0;19;0;20;-1;20;-1;20;-2;21;-3;21;-4;22;-5;22;-6,transition,EXP_S154,ZONE_02,sortie_zone,4.1,sortie_zone,sortie de la zone
1241856884,-55,6,a0:9f:7a:73:2b:3e,384,-110;-96;8;0;-33;2;-34;2;-34;2;-33;3;-30;4;-27;5;-24;7;-21;9;-18;11;-15;13;-12;16;-9;17;-6;19;-4;21;-1;22;1;23;3;24;5;24;6;25;7;24;8;24;9;23;10;22;10;21;11;19;2;4;0;0;0;0;0;0;0;0;0;0;0;0;0;0;0;0;0;0;6;-3;27;-10;29;-7;31;-3;31;2;28;6;24;9;18;9;12;8;5;4;0;-1;-5;-7;-7;-14;-7;-21;-6;-28;-4;-32;-1;-35;2;-37;4;-36;6;-34;5;-30;4;-25;1;-20;-3;-15;-8;-10;-13;-5;-18;-3;127;0;-2;10;-2;9;-2;9;-2;8;-2;7;-1;6;-1;5;-1;5;-1;4;-1;4;0;3;0;3;0;3;1;2;1;2;1;2;1;2;1;2;1;2;1;2;1;2;1;1;1;1;1;1;0;1;0;1;0;1;0;1;0;0;0;0;-1;-1;-1;-1;-1;-1;1;1;4;4;11;11;10;12;9;13;9;14;8;14;7;15;6;15;6;16;5;16;4;17;4;17;3;17;2;17;1;17;1;16;0;16;0;16;0;16;0;15;-1;15;-1;15;-1;14;-2;14;-2;14;-2;13;-2;13;-2;12;-2;12;127;0;-23;-12;-23;-12;-23;-11;-23;-10;-23;-9;-23;-8;-23;-7;-23;-6;-23;-5;-23;-4;-22;-3;-22;-3;-23;-2;-23;-1;-23;-1;-23;-1;-24;-1;-24;-1;-24;-1;-23;-1;-23;-1;-23;-1;-23;-2;-23;-2;-23;-3;-22;-4;-22;-5;-22;-6;-8;-3;-3;-1;0;0;0;0;0;0;-1;-2;-3;-4;-9;-11;-8;-12;-8;-12;-8;-12;-8;-13;-8;-13;-9;-13;-9;-14;-9;-14;-10;-14;-10;-15;-10;-15;-11;-15;-11;-15;-11;-15;-11;-15;-12;-15;-13;-15;-13;-15;-14;-15;-16;-15;-17;-15;-18;-15;-19;-14;-20;-14;-21;-14;-21;-14;-22;-14,transition,EXP_S154,ZONE_02,sortie_zone,4.1,sortie_zone,sortie de la zone
1242052290,-55,6,a0:9f:7a:73:2b:3e,384,-110;-96;8;0;-23;30;-23;29;-21;28;-17;26;-13;24;-7;22;-2;21;4;20;10;20;15;20;18;20;21;19;24;19;25;19;27;17;27;15;28;13;28;10;28;7;28;3;28;0;28;-3;28;-5;29;-7;29;-9;7;-3;0;0;0;0;0;0;0;0;0;0;0;0;0;0;0;0;0;0;5;-6;22;-21;25;-18;28;-13;29;-8;27;-2;22;2;16;5;8;6;0;5;-8;2;-15;-3;-21;-9;-24;-15;-24;-21;-23;-26;-21;-29;-18;-30;-15;-29;-12;-26;-9;-21;-8;-14;-7;-7;-8;2;-10;10;-12;17;-15;22;-119;0;7;22;7;22;6;20;5;18;4;16;2;13;0;12;-1;11;-2;11;-2;10;-1;9;-1;7;-2;5;-3;4;-4;3;-5;3;-5;4;-5;4;-4;3;-3;1;-3;0;-4;-2;-5;-2;-6;-2;-6;-1;-5;0;-4;0;-3;-1;-1;0;-1;-1;0;-1;-3;-1;-2;-1;4;0;13;1;38;6;37;8;37;10;37;12;36;15;35;17;34;19;34;21;33;23;32;24;31;24;30;25;28;25;27;26;25;27;24;28;23;28;22;28;21;27;20;27;18;26;17;27;16;27;16;27;15;27;15;25;14;24;13;23;-119;0;-36;37;-34;39;-32;40;-30;42;-29;43;-27;45;-25;46;-24;47;-22;47;-20;48;-19;49;-18;50;-17;52;-16;53;-15;55;-15;55;-15;56;-16;56;-17;57;-18;56;-19;56;-19;54;-20;53;-22;53;-24;52;-26;51;-28;50;-30;48;-11;17;-4;4;0;-2;1;0;0;0;-3;-1;-8;-2;-22;-4;-22;-4;-22;-3;-23;-2;-24;-2;-25;-2;-26;-3;-26;-2;-26;-2;-27;0;-28;1;-29;2;-30;2;-31;2;-32;3;-32;4;-31;6;-32;9;-32;11;-33;14;-35;16;-36;18;-36;20;-35;22;-35;25;-36;28;-36;31;-37;33,transition,EXP_S154,ZONE_02,sortie_zone,4.1,sortie_zone,sortie de la zone
1242252204,-54,6,a0:9f:7a:73:2b:3e,384,-110;-96;8;0;8;-33;8;-33;8;-32;6;-30;4;-29;1;-28;-2;-28;-5;-29;-7;-29;-9;-30;-9;-30;-9;-31;-9;-30;-9;-30;-9;-28;-10;-26;-11;-25;-13;-24;-15;-24;-16;-24;-18;-24;-19;-24;-19;-26;-18;-27;-17;-28;-5;-8;0;0;0;0;0;0;0;0;0;0;0;0;0;0;0;0;0;0;6;-1;25;-3;26;1;25;6;23;10;19;12;15;12;10;10;6;6;4;1;4;-5;6;-10;9;-15;14;-18;19;-19;23;-18;26;-16;27;-14;27;-12;25;-10;22;-10;18;-10;15;-13;11;-16;8;-20;7;-24;6;-28;-108;0;-3;-4;-3;-4;-3;-3;-2;-3;-1;-2;0;-2;0;-2;1;-1;1;-1;1;-1;1;-1;2;0;2;1;2;1;3;1;3;1;3;1;2;2;2;2;2;2;2;2;2;3;2;3;2;3;2;3;1;2;1;2;0;2;0;0;0;0;-1;-1;0;-1;0;-1;-2;0;-4;2;-11;7;-11;6;-12;6;-12;5;-13;4;-13;3;-13;2;-13;2;-13;1;-13;1;-13;0;-13;0;-13;-1;-12;-1;-12;-2;-12;-3;-11;-3;-11;-3;-11;-3;-10;-3;-9;-4;-9;-4;-8;-4;-8;-4;-7;-4;-7;-4;-6;-4;-6;-3;-108;0;13;-27;12;-27;12;-27;11;-27;10;-27;10;-27;9;-27;8;-27;7;-27;6;-27;6;-27;5;-27;5;-28;5;-28;5;-28;5;-29;5;-29;6;-29;7;-29;7;-29;8;-28;8;-28;9;-27;9;-27;11;-26;12;-25;13;-24;14;-24;5;-9;1;-3;-1;0;-1;0;-1;0;0;-1;3;-3;9;-9;9;-9;10;-9;10;-8;11;-9;11;-9;11;-9;12;-9;12;-10;12;-10;12;-11;12;-11;13;-12;13;-12;13;-12;13;-13;13;-13;13;-14;13;-15;13;-16;13;-17;13;-19;13;-20;13;-21;13;-22;13;-24;13;-25;13;-26,transition,EXP_S154,ZONE_02,sortie_zone,4.1,sortie_zone,sortie de la zone
1242455193,-54,6,a0:9f:7a:73:2b:3e,384,-110;-96;8;0;-12;-28;-13;-30;-13;-30;-13;-29;-14;-27;-14;-25;-15;-22;-17;-19;-18;-17;-19;-14;-20;-11;-21;-8;-22;-5;-22;-3;-23;0;-24;2;-25;4;-25;6;-26;8;-27;9;-27;10;-26;10;-26;11;-25;10;-25;10;-6;2;0;0;0;0;0;0;0;0;0;0;0;0;0;0;0;0;0;0;5;3;21;15;19;18;16;22;12;24;8;24;4;23;0;19;-2;13;-2;7;-1;0;2;-6;7;-11;13;-15;18;-16;23;-16;27;-15;29;-13;30;-10;29;-8;26;-7;22;-6;17;-6;11;-8;6;-10;0;-14;-3;-17;-122;0;-18;5;-17;4;-16;4;-14;5;-12;5;-10;5;-8;5;-7;4;-6;4;-5;4;-5;4;-4;5;-3;5;-2;6;-1;6;0;5;-1;5;-1;5;-2;5;-1;6;-1;6;0;6;0;6;0;5;0;5;-1;4;-2;4;-2;5;-1;1;-1;0;0;-1;1;-2;0;-1;-2;2;-7;8;-18;22;-20;22;-21;21;-23;20;-24;19;-25;18;-26;17;-27;16;-28;16;-29;15;-29;14;-29;13;-29;12;-29;11;-29;10;-29;9;-29;9;-28;8;-28;8;-27;8;-26;7;-25;7;-25;6;-25;6;-24;6;-23;7;-22;7;-21;7;-122;0;4;-50;3;-50;1;-49;-1;-49;-3;-48;-5;-48;-7;-47;-8;-47;-9;-46;-11;-45;-12;-45;-14;-45;-15;-45;-17;-45;-18;-46;-18;-47;-18;-47;-18;-47;-18;-48;-17;-47;-17;-47;-16;-47;-15;-47;-14;-47;-12;-47;-10;-47;-8;-47;-6;-47;-2;-17;-1;-6;0;1;-2;1;-1;0;1;-2;6;-6;17;-17;17;-17;17;-17;18;-17;18;-18;19;-18;19;-19;20;-19;20;-20;20;-21;20;-22;20;-23;21;-24;21;-24;21;-25;20;-26;20;-27;18;-28;17;-30;16;-32;15;-34;14;-36;13;-38;12;-40;11;-42;10;-44;8;-46;7;-48,transition,EXP_S154,ZONE_02,sortie_zone,4.1,sortie_zone,sortie de la zone
1242652215,-53,6,a0:9f:7a:73:2b:3e,384,-110;-96;8;0;0;33;-1;35;-1;35;0;35;1;33;2;31;4;29;5;27;7;24;9;22;12;21;14;19;17;17;19;16;21;15;23;14;24;13;26;12;26;11;27;10;27;10;27;10;26;10;26;9;25;9;6;2;0;0;0;0;0;0;0;0;0;0;0;0;0;0;0;0;0;0;-6;-4;-23;-16;-22;-19;-19;-23;-15;-26;-11;-27;-6;-25;-3;-21;0;-16;0;-9;-2;-3;-5;3;-10;8;-17;11;-22;12;-28;12;-31;10;-34;8;-34;5;-33;3;-30;2;-26;2;-21;3;-16;5;-12;9;-7;13;-5;17;-112;0;8;0;8;0;8;0;8;-1;7;-1;6;-2;4;-2;3;-2;3;-1;3;-1;3;-1;3;-2;2;-3;2;-3;1;-3;0;-2;1;-2;1;-2;1;-2;2;-2;1;-3;1;-3;0;-3;0;-2;0;-2;0;-1;0;-1;0;-1;0;-1;0;-1;0;0;-1;0;-1;0;1;-2;3;-4;10;-10;11;-10;11;-10;12;-9;12;-8;12;-8;13;-7;14;-6;14;-6;15;-6;15;-5;15;-5;15;-4;14;-4;14;-3;14;-2;15;-2;14;-2;14;-2;13;-2;13;-2;12;-1;12;-1;13;0;13;-1;12;-1;12;-2;11;-2;-112;0;-13;25;-12;25;-11;25;-10;25;-9;25;-8;25;-7;26;-7;26;-6;26;-5;26;-4;26;-3;26;-3;26;-3;26;-3;26;-3;27;-3;27;-3;27;-4;26;-4;26;-5;26;-5;26;-5;25;-6;25;-7;24;-8;24;-9;23;-10;23;-4;8;-2;2;0;-1;0;-1;0;-1;-2;0;-4;2;-12;6;-12;6;-12;6;-12;6;-13;7;-13;7;-14;7;-14;7;-14;7;-14;7;-14;8;-15;9;-15;9;-15;10;-15;10;-15;10;-14;11;-14;11;-14;13;-14;14;-14;15;-14;17;-14;18;-14;19;-14;20;-13;21;-13;23;-12;23,transition,EXP_S154,ZONE_02,sortie_zone,4.1,sortie_zone,sortie de la zone
1242852276,-54,6,a0:9f:7a:73:2b:3e,384,-110;-96;8;0;7;-32;8;-34;7;-34;7;-33;6;-31;4;-30;1;-27;-1;-25;-4;-23;-7;-20;-10;-18;-13;-16;-15;-14;-17;-12;-19;-10;-20;-8;-22;-7;-23;-6;-24;-4;-24;-3;-25;-2;-24;-1;-24;0;-23;0;-22;1;-6;0;0;0;0;0;0;0;0;0;0;0;0;0;0;0;0;0;0;0;1;6;6;26;2;28;-2;29;-7;28;-10;25;-12;21;-12;15;-10;9;-6;4;0;0;7;-3;14;-4;21;-4;27;-1;31;2;34;5;34;8;33;10;31;11;28;11;24;9;20;6;16;1;12;-5;10;-11;8;-16;126;0;-11;-3;-10;-3;-9;-3;-8;-3;-8;-3;-7;-2;-6;-2;-6;-1;-5;-1;-5;-1;-4;0;-4;0;-4;0;-3;0;-3;1;-3;1;-3;1;-3;1;-3;1;-2;1;-2;1;-2;1;-2;1;-2;1;-2;1;-2;1;-2;1;-2;1;-1;0;-1;0;0;-1;0;-1;0;-1;-2;0;-5;2;-14;6;-15;6;-15;5;-16;4;-16;3;-16;3;-17;2;-17;1;-17;1;-18;0;-18;-1;-18;-1;-17;-2;-17;-2;-17;-3;-16;-3;-16;-4;-16;-4;-16;-4;-15;-4;-15;-4;-14;-4;-14;-4;-14;-4;-14;-4;-13;-4;-13;-4;-13;-4;126;0;18;-20;18;-20;17;-20;16;-20;15;-20;14;-20;13;-20;12;-20;11;-20;10;-20;9;-20;9;-20;8;-21;7;-21;7;-21;7;-21;7;-21;7;-21;7;-21;7;-21;7;-20;6;-20;6;-20;6;-20;7;-19;8;-19;8;-18;9;-18;3;-7;1;-2;-1;0;-1;0;-1;0;1;-1;3;-2;10;-5;11;-5;11;-5;11;-4;12;-5;12;-5;13;-5;13;-5;14;-6;14;-6;15;-6;15;-7;16;-7;16;-7;16;-8;16;-8;17;-9;17;-9;17;-10;17;-11;17;-12;18;-13;18;-14;18;-15;18;-17;18;-18;19;-19;19;-19,transition,EXP_S154,ZONE_02,sortie_zone,4.1,sortie_zone,sortie de la zone
1243052226,-53,6,a0:9f:7a:73:2b:3e,384,-110;-96;8;0;-29;21;-30;21;-30;21;-29;19;-27;18;-23;18;-19;18;-15;18;-11;19;-8;20;-5;22;-2;23;0;24;1;24;3;24;4;24;5;24;7;24;8;23;9;22;10;21;11;20;12;20;13;20;13;20;3;5;0;0;0;0;0;0;0;0;0;0;0;0;0;0;0;0;0;0;-2;-7;-6;-29;-3;-31;2;-32;6;-31;10;-28;11;-24;11;-19;9;-14;4;-9;-2;-5;-9;-4;-16;-5;-23;-7;-28;-11;-31;-15;-32;-20;-32;-23;-30;-25;-27;-26;-24;-25;-20;-21;-18;-16;-17;-10;-17;-3;-18;4;-19;9;-116;0;9;17;8;17;7;16;6;15;6;13;5;11;4;9;2;8;2;7;1;6;1;6;1;5;1;3;1;2;0;1;-1;0;-1;0;-1;0;0;0;0;-1;0;-2;0;-2;0;-3;-1;-3;-1;-3;0;-2;0;-2;1;-2;0;-1;0;-1;0;0;-2;-1;-1;-1;2;-1;10;0;28;3;28;4;28;6;28;7;27;9;27;10;27;12;27;14;27;15;27;16;26;17;26;18;25;18;23;19;22;20;21;21;21;21;20;21;20;21;19;21;18;21;17;21;16;21;16;22;15;21;15;21;15;20;14;19;-116;0;-58;10;-57;10;-55;12;-54;13;-52;15;-50;17;-49;18;-47;20;-45;21;-43;22;-42;24;-41;25;-40;27;-40;28;-39;29;-39;29;-39;29;-39;29;-39;29;-39;28;-38;28;-38;27;-38;26;-38;26;-38;24;-39;23;-40;21;-41;20;-15;7;-5;1;1;-1;1;0;0;0;-4;-1;-11;-2;-30;-6;-30;-7;-31;-7;-31;-8;-32;-8;-34;-9;-35;-10;-36;-10;-37;-11;-38;-11;-39;-11;-40;-11;-41;-11;-42;-12;-43;-11;-43;-11;-44;-10;-44;-8;-45;-7;-47;-6;-49;-4;-51;-3;-52;-1;-53;0;-54;2;-56;4;-57;6;-58;7,transition,EXP_S154,ZONE_02,sortie_zone,4.1,sortie_zone,sortie de la zone
1243254896,-54,6,a0:9f:7a:73:2b:3e,384,-110;-96;8;0;-18;25;-19;27;-19;27;-18;26;-16;25;-13;24;-10;22;-6;21;-3;20;0;20;4;19;6;19;9;18;11;17;13;16;15;16;16;15;17;13;19;12;19;11;20;10;20;9;21;8;21;7;21;6;5;1;0;0;0;0;0;0;0;0;0;0;0;0;0;0;0;0;0;0;-1;-8;-3;-29;1;-31;6;-31;10;-30;13;-26;15;-22;14;-16;11;-11;6;-6;0;-3;-8;-2;-15;-2;-22;-5;-27;-8;-30;-12;-32;-15;-32;-18;-30;-20;-28;-21;-25;-20;-22;-17;-18;-13;-16;-7;-14;-1;-14;6;-14;11;-118;0;15;7;15;8;15;7;14;6;13;5;11;3;8;2;6;2;5;3;5;3;5;2;5;1;4;-1;3;-2;1;-2;0;-2;0;-1;0;0;1;-1;2;-2;2;-3;1;-3;-1;-4;-1;-3;-2;-2;-1;-1;0;-1;1;-1;0;-1;0;-1;-1;-1;-2;0;-1;0;2;-2;10;-6;28;-15;29;-14;30;-12;31;-11;31;-9;31;-7;31;-5;32;-3;34;-1;34;0;34;0;34;1;32;2;31;3;30;5;29;6;30;7;30;7;29;6;28;6;26;6;24;7;24;8;24;9;24;9;24;8;23;7;22;6;-118;0;-39;34;-38;35;-36;35;-34;36;-32;36;-29;37;-28;37;-26;38;-24;38;-21;38;-19;38;-17;39;-16;39;-15;40;-15;41;-15;41;-15;41;-15;41;-15;41;-15;40;-15;40;-14;39;-14;39;-14;39;-16;38;-17;38;-19;37;-21;36;-8;13;-3;3;0;-2;1;-1;0;-1;-3;0;-10;2;-26;8;-26;8;-26;8;-27;8;-29;8;-30;8;-32;8;-33;8;-33;8;-34;8;-34;9;-35;11;-36;11;-37;11;-38;11;-38;11;-37;12;-37;13;-37;16;-38;18;-39;20;-40;22;-41;23;-41;25;-40;28;-40;30;-39;33;-39;34,transition,EXP_S154,ZONE_02,sortie_zone,4.1,sortie_zone,sortie de la zone
1243452907,-54,6,a0:9f:7a:73:2b:3e,384,-110;-96;8;0;-14;30;-15;31;-15;31;-14;31;-12;29;-10;28;-7;26;-3;24;0;23;3;22;6;21;9;21;11;21;13;20;14;19;16;18;17;17;18;16;19;15;20;13;21;12;21;11;22;10;22;10;22;10;5;2;0;0;0;0;0;0;0;0;0;0;0;0;0;0;0;0;0;0;-5;-6;-19;-24;-17;-27;-13;-31;-8;-32;-3;-32;1;-29;3;-23;3;-17;2;-11;-2;-4;-8;0;-14;3;-22;4;-28;3;-33;1;-36;-3;-37;-6;-37;-8;-35;-9;-32;-9;-28;-8;-24;-5;-20;-1;-16;5;-14;11;-13;16;-108;0;6;5;6;5;5;5;5;4;4;4;3;3;3;3;2;2;2;2;2;1;1;1;1;1;1;0;1;0;0;-1;0;-1;0;-1;0;-1;0;-1;0;-1;0;-1;0;-2;0;-2;0;-2;0;-2;0;-2;0;-1;0;-1;0;-1;0;-1;0;0;-1;0;-1;-1;1;-1;5;-1;15;-3;15;-2;16;-1;16;0;16;1;15;2;15;3;15;4;15;5;15;5;15;6;14;6;14;6;14;6;13;6;13;7;12;7;12;8;11;7;11;7;11;7;10;7;10;7;10;7;9;7;9;6;9;6;9;6;-108;0;-27;11;-26;11;-25;12;-24;12;-23;13;-23;13;-22;14;-21;14;-20;15;-19;15;-18;16;-17;16;-17;17;-16;18;-16;18;-16;18;-16;18;-16;18;-16;18;-16;18;-15;18;-15;17;-15;17;-16;17;-16;17;-17;16;-17;15;-18;15;-7;5;-2;1;0;-1;0;0;0;0;-2;-1;-6;-1;-15;-2;-16;-2;-16;-2;-16;-2;-17;-3;-17;-3;-18;-3;-18;-3;-19;-3;-19;-3;-20;-3;-20;-3;-20;-3;-21;-3;-21;-2;-22;-2;-22;-1;-22;-1;-22;0;-23;1;-24;2;-25;3;-25;4;-25;5;-26;6;-26;7;-27;8;-28;9,transition,EXP_S154,ZONE_02,sortie_zone,4.1,sortie_zone,sortie de la zone
1243652332,-54,6,a0:9f:7a:73:2b:3e,384,-110;-96;8;0;10;26;11;28;12;28;12;27;12;25;13;22;13;18;13;13;14;9;15;5;15;1;16;-2;16;-5;16;-8;16;-11;16;-13;15;-15;14;-16;13;-17;11;-18;9;-19;8;-20;6;-20;5;-20;4;-20;0;-5;0;0;0;0;0;0;0;0;0;0;0;0;0;0;0;0;0;0;-3;-7;-8;-29;-5;-32;-1;-34;3;-34;7;-33;10;-29;11;-24;10;-17;7;-11;2;-5;-4;1;-11;4;-18;6;-25;6;-30;5;-35;4;-37;2;-37;-1;-36;-2;-33;-3;-29;-3;-23;-1;-17;1;-11;4;-5;9;-1;12;120;0;10;-5;9;-5;9;-4;8;-4;7;-4;6;-4;5;-3;4;-3;4;-2;4;-2;3;-2;3;-2;2;-3;1;-3;1;-2;1;-2;1;-1;1;-1;1;-1;1;-2;0;-2;-1;-2;-1;-1;-1;-1;0;-1;0;-1;0;-1;1;-1;0;-1;0;-1;-1;-1;-1;0;-1;0;0;-2;1;-6;4;-16;5;-16;6;-16;7;-16;7;-16;8;-15;9;-15;10;-14;11;-14;12;-14;12;-14;12;-14;12;-13;12;-12;13;-11;13;-10;14;-10;14;-10;13;-10;13;-10;12;-9;12;-8;12;-8;13;-7;13;-8;12;-8;12;-8;11;-8;120;0;-3;23;-3;22;-2;22;-1;21;0;20;2;20;3;19;3;19;4;18;5;18;6;17;7;17;7;16;8;16;9;16;9;16;9;16;10;16;10;16;10;16;10;16;10;16;10;16;9;16;9;16;8;16;8;17;7;18;2;6;0;2;-1;-1;0;-1;0;-1;-1;1;-3;4;-9;12;-9;11;-9;11;-10;12;-10;12;-11;13;-11;13;-12;13;-12;13;-12;13;-12;14;-12;14;-12;15;-12;15;-12;15;-12;15;-11;15;-11;15;-10;16;-9;17;-9;18;-9;19;-8;20;-8;20;-7;21;-6;21;-5;22;-4;23,transition,EXP_S154,ZONE_02,sortie_zone,4.1,sortie_zone,sortie de la zone
1243855725,-53,6,a0:9f:7a:73:2b:3e,384,-110;-96;8;0;-30;-11;-32;-12;-33;-12;-32;-11;-31;-9;-28;-7;-26;-5;-23;-1;-19;2;-16;6;-13;9;-11;12;-8;15;-6;17;-3;19;-1;20;1;21;2;21;4;21;5;20;6;19;8;18;9;16;10;15;11;14;2;3;0;0;0;0;0;0;0;0;0;0;0;0;0;0;0;0;0;0;6;3;26;15;25;19;24;24;21;27;17;28;12;27;8;24;4;19;2;12;0;4;1;-5;4;-13;8;-20;12;-25;17;-29;21;-31;25;-31;27;-30;27;-28;25;-25;22;-22;17;-19;11;-16;3;-13;-4;-11;-10;-11;-122;0;-6;11;-6;10;-6;10;-5;9;-5;8;-4;7;-4;6;-3;6;-3;5;-3;5;-2;4;-2;4;-2;4;-1;3;-1;3;-1;2;-1;2;-1;2;-1;2;-1;2;-1;2;-1;2;0;1;-1;1;-1;1;-1;1;-1;1;-1;1;-1;0;-1;0;0;-1;-1;-1;-1;-1;0;1;1;5;5;15;4;16;3;17;2;17;1;17;0;18;-1;18;-1;18;-2;19;-3;19;-4;19;-4;19;-5;18;-5;18;-6;17;-6;17;-6;17;-7;16;-7;16;-7;15;-7;15;-7;15;-7;14;-7;14;-7;14;-7;14;-7;14;-6;13;-122;0;-13;-24;-14;-23;-14;-22;-14;-21;-15;-19;-15;-18;-15;-17;-16;-16;-16;-14;-16;-13;-16;-12;-17;-11;-17;-10;-18;-10;-18;-9;-18;-9;-18;-8;-18;-8;-18;-8;-18;-7;-18;-7;-18;-7;-18;-7;-17;-7;-17;-7;-17;-8;-17;-8;-17;-9;-6;-4;-2;-2;0;0;0;0;-1;0;-1;-2;-1;-6;-1;-15;0;-16;0;-16;0;-16;0;-16;0;-17;0;-18;0;-18;0;-19;0;-19;0;-20;0;-20;0;-21;0;-21;-1;-21;-1;-21;-2;-21;-3;-22;-4;-22;-5;-22;-6;-23;-6;-23;-7;-24;-8;-24;-9;-24;-10;-24;-11;-24;-12;-25,transition,EXP_S154,ZONE_02,sortie_zone,4.1,sortie_zone,sortie de la zone
1244052305,-53,6,a0:9f:7a:73:2b:3e,384,-110;-96;8;0;31;-6;33;-7;34;-7;33;-7;30;-7;28;-8;24;-9;21;-11;18;-13;15;-15;12;-17;10;-19;8;-20;6;-21;4;-22;3;-23;1;-24;0;-24;-2;-24;-3;-23;-4;-23;-5;-22;-6;-22;-7;-22;-8;-22;-2;-6;0;0;0;0;0;0;0;0;0;0;0;0;0;0;0;0;0;0;-3;6;-13;26;-18;26;-23;24;-26;21;-27;17;-27;12;-23;8;-18;4;-11;3;-4;3;3;6;9;10;13;16;16;22;16;27;15;32;14;34;11;36;9;35;8;33;6;28;7;23;8;17;11;11;15;6;19;2;-119;0;-3;-10;-3;-9;-2;-9;-2;-8;-2;-7;-2;-6;-2;-5;-2;-5;-1;-4;-1;-4;-1;-3;-2;-3;-2;-2;-2;-2;-2;-1;-1;-1;-1;-1;-1;-1;-1;-1;-1;-1;-2;-1;-2;0;-1;0;-1;0;-1;0;-1;0;-1;-1;-1;-1;-1;-1;-1;-1;0;0;0;0;0;0;-2;-1;-6;-3;-14;-7;-14;-7;-14;-8;-14;-9;-13;-10;-13;-11;-12;-11;-12;-12;-11;-13;-11;-14;-11;-14;-10;-14;-10;-14;-9;-14;-8;-14;-8;-14;-7;-15;-7;-15;-7;-14;-7;-14;-6;-13;-6;-13;-5;-13;-5;-13;-5;-13;-5;-13;-5;-12;-5;-12;-119;0;27;6;26;5;26;4;25;3;25;2;24;1;24;0;24;-1;23;-2;22;-2;22;-3;21;-4;21;-5;21;-6;21;-6;21;-7;21;-7;21;-7;21;-7;20;-7;20;-7;20;-7;20;-7;20;-7;20;-6;20;-5;20;-5;20;-4;7;-2;2;-1;-1;0;-1;-1;-1;-1;1;0;4;3;12;9;12;9;12;10;12;10;12;10;13;11;13;11;13;12;14;12;14;12;14;13;15;13;15;13;16;13;16;13;16;13;17;13;17;12;18;12;19;11;20;11;21;11;22;10;23;10;24;9;25;8;26;8;27;7,transition,EXP_S154,ZONE_02,sortie_zone,4.1,sortie_zone,sortie de la zone
1244257406,-54,6,a0:9f:7a:73:2b:3e,384,-110;-96;8;0;-27;-20;-29;-21;-29;-21;-28;-20;-27;-18;-26;-15;-24;-11;-23;-8;-23;-4;-22;0;-22;4;-21;7;-21;10;-20;12;-19;15;-18;16;-17;18;-16;19;-14;21;-13;22;-12;22;-10;23;-9;23;-8;24;-7;24;-2;6;0;0;0;0;0;0;0;0;0;0;0;0;0;0;0;0;0;0;7;-1;30;-2;32;2;33;8;31;12;28;16;23;17;17;17;12;14;7;9;3;2;2;-6;2;-15;4;-22;8;-28;13;-32;17;-34;21;-34;23;-32;24;-30;22;-26;19;-23;15;-20;8;-17;1;-15;-6;-15;-11;-16;-117;0;-7;7;-7;7;-6;7;-6;6;-5;6;-4;5;-3;4;-3;3;-3;2;-3;2;-2;2;-2;2;-1;2;0;1;0;1;0;0;0;0;-1;0;0;0;0;0;0;0;1;0;1;0;1;0;0;-1;0;0;0;0;0;0;0;0;0;0;-1;0;-1;-1;-1;-1;0;1;1;5;4;15;3;16;3;16;2;17;1;17;0;17;-1;17;-2;17;-3;17;-4;17;-4;18;-4;17;-5;17;-6;16;-7;15;-8;15;-8;15;-8;15;-7;14;-7;14;-7;13;-7;13;-8;12;-8;12;-8;12;-8;12;-7;11;-7;11;-117;0;-14;-25;-14;-25;-14;-24;-15;-22;-16;-21;-16;-20;-17;-19;-17;-18;-17;-17;-18;-16;-18;-15;-19;-14;-19;-13;-20;-13;-21;-12;-21;-12;-21;-12;-22;-12;-22;-12;-21;-12;-21;-12;-21;-12;-21;-12;-20;-12;-20;-13;-20;-14;-19;-15;-19;-15;-7;-6;-2;-2;0;0;0;0;-1;0;-1;-2;-1;-6;-1;-15;-1;-16;-1;-16;-1;-16;-1;-17;-1;-18;0;-19;0;-19;0;-20;0;-20;0;-20;0;-21;0;-21;-1;-22;-1;-22;-1;-22;-2;-22;-3;-22;-4;-22;-5;-23;-6;-24;-7;-24;-8;-25;-8;-25;-9;-25;-10;-25;-11;-26;-12;-26,transition,EXP_S154,ZONE_02,sortie_zone,4.1,sortie_zone,sortie de la zone
1244457827,-53,6,a0:9f:7a:73:2b:3e,384,-110;-96;8;0;26;19;28;20;28;20;27;19;26;18;25;15;23;11;22;8;21;4;20;0;19;-3;19;-6;19;-9;19;-12;18;-14;18;-15;17;-17;16;-18;15;-19;14;-19;13;-20;12;-20;10;-20;9;-20;8;-20;2;-5;0;0;0;0;0;0;0;0;0;0;0;0;0;0;0;0;0;0;-7;1;-29;4;-31;1;-32;-4;-31;-8;-29;-12;-24;-14;-19;-14;-13;-12;-8;-7;-4;-1;-2;6;-2;14;-3;21;-7;26;-11;30;-15;33;-18;33;-20;32;-21;29;-20;26;-17;23;-13;19;-8;17;-1;15;6;14;11;14;-120;0;7;-8;6;-8;6;-7;5;-7;5;-6;4;-5;3;-5;3;-4;3;-4;2;-3;2;-3;2;-3;1;-3;1;-3;0;-2;0;-2;0;-2;0;-2;0;-2;0;-2;0;-2;0;-1;-1;-1;-1;-1;0;-1;0;-1;0;-1;0;-1;0;-1;0;-1;-1;0;0;0;-1;0;-1;-2;-2;-6;-3;-15;-2;-16;-1;-16;0;-16;0;-16;1;-16;2;-16;3;-17;4;-17;4;-17;5;-17;5;-16;6;-16;6;-15;7;-15;8;-14;8;-14;8;-14;8;-13;8;-13;8;-12;8;-12;8;-12;8;-11;8;-11;8;-11;7;-11;7;-11;-120;0;9;26;9;25;10;24;10;23;11;22;12;21;12;20;13;19;13;18;14;18;14;17;15;16;15;16;15;15;16;15;16;15;16;15;16;14;16;14;16;14;16;14;15;14;15;14;15;14;14;14;14;15;13;16;12;16;4;6;1;1;-1;-1;0;-1;0;-1;0;1;-1;5;-1;14;-1;14;-2;14;-2;14;-2;15;-2;15;-2;16;-3;17;-3;17;-3;18;-2;18;-2;19;-2;19;-2;20;-2;20;-2;20;-1;20;-1;21;0;21;1;22;2;22;3;23;4;24;5;24;6;25;7;25;7;26;8;26,transition,EXP_S154,ZONE_02,sortie_zone,4.1,sortie_zone,sortie de la zone
1244657056,-53,6,a0:9f:7a:73:2b:3e,384,-110;-96;8;0;25;-22;27;-23;27;-23;27;-23;25;-22;22;-22;19;-21;15;-21;11;-21;7;-21;4;-21;1;-21;-2;-22;-5;-22;-7;-22;-9;-22;-11;-22;-13;-22;-14;-21;-15;-20;-15;-19;-16;-19;-16;-18;-17;-17;-17;-16;-5;-4;0;0;0;0;0;0;0;0;0;0;0;0;0;0;0;0;0;0;0;7;0;29;-4;31;-9;32;-14;30;-17;27;-19;22;-18;17;-15;12;-9;7;-2;4;5;3;13;5;20;8;25;12;29;16;30;21;30;24;28;27;26;27;23;26;20;23;18;18;16;12;15;6;16;-1;18;-7;-117;0;-8;-7;-8;-7;-8;-7;-7;-7;-7;-6;-6;-4;-5;-4;-4;-3;-4;-3;-3;-3;-3;-3;-4;-2;-4;-2;-3;-1;-3;-1;-2;0;-2;-1;-2;-1;-2;-1;-2;-1;-2;0;-2;0;-2;0;-1;0;-1;0;-1;-1;-1;-1;-2;-1;-1;-1;-1;-1;0;0;0;-1;0;-1;-2;0;-6;1;-16;4;-16;3;-17;2;-17;1;-17;0;-17;0;-17;-2;-17;-3;-18;-4;-18;-5;-18;-5;-18;-5;-17;-6;-16;-6;-16;-7;-15;-8;-15;-8;-15;-8;-15;-8;-14;-8;-13;-8;-13;-8;-12;-8;-12;-9;-12;-9;-12;-8;-12;-8;-11;-7;-117;0;27;-10;27;-10;26;-10;25;-11;24;-11;23;-12;22;-13;21;-13;20;-13;19;-14;18;-14;17;-15;17;-15;16;-16;16;-16;16;-16;16;-16;16;-16;16;-16;16;-16;16;-16;15;-16;15;-16;15;-15;16;-15;16;-14;17;-13;17;-12;6;-5;2;-2;-1;0;-1;0;-1;-1;1;-1;5;-1;14;-1;14;-1;15;-1;15;0;16;0;17;0;17;0;18;1;18;1;19;1;19;0;20;0;21;0;21;0;22;0;22;1;22;0;22;0;22;-1;23;-2;24;-3;25;-4;25;-4;25;-5;26;-6;26;-7;27;-8;27;-9,transition,EXP_S154,ZONE_02,sortie_zone,4.1,sortie_zone,sortie de la zone
1244854209,-53,6,a0:9f:7a:73:2b:3e,384,-110;-96;8;0;-3;32;-3;34;-2;34;-2;33;-1;32;1;29;3;27;5;24;7;21;10;19;12;17;14;15;15;13;17;11;19;10;20;8;21;6;22;5;22;3;23;2;23;1;23;0;23;-1;23;-1;22;-2;5;-1;0;0;0;0;0;0;0;0;0;0;0;0;0;0;0;0;0;0;-6;-5;-23;-18;-22;-22;-19;-27;-15;-29;-10;-30;-6;-28;-2;-24;0;-18;0;-11;-3;-4;-7;2;-13;7;-19;10;-26;11;-31;10;-35;8;-38;6;-39;3;-38;1;-35;0;-30;0;-25;1;-20;4;-15;8;-11;13;-8;17;-115;0;8;-2;8;-2;8;-2;7;-2;6;-2;5;-2;4;-2;3;-2;2;-1;2;-1;2;-2;2;-2;1;-2;1;-3;0;-2;0;-2;0;-2;0;-2;0;-2;0;-2;0;-3;-1;-3;-1;-3;-1;-2;-1;-2;0;-2;0;-2;0;-2;0;-1;0;-1;-1;0;-1;0;-1;0;0;-2;2;-5;8;-13;9;-13;9;-13;10;-12;11;-12;11;-11;12;-10;13;-10;14;-9;14;-9;15;-9;15;-8;14;-8;14;-7;14;-6;14;-6;15;-5;14;-5;14;-5;13;-5;13;-4;13;-4;13;-3;13;-3;12;-3;12;-3;11;-4;11;-4;-115;0;-11;26;-11;26;-10;25;-9;25;-7;25;-6;24;-5;24;-4;24;-3;23;-2;23;-1;22;-1;22;0;22;1;22;2;22;2;22;2;22;2;22;3;22;3;21;3;21;3;21;2;20;2;20;2;20;1;20;0;20;0;20;-1;7;-1;2;-1;-1;0;-1;0;-1;-2;1;-4;3;-11;9;-11;9;-11;9;-12;9;-12;10;-13;10;-13;11;-14;11;-14;11;-14;12;-15;12;-15;13;-15;13;-16;13;-16;14;-16;14;-16;14;-15;15;-15;16;-15;17;-15;19;-15;20;-15;21;-14;22;-14;23;-13;24;-13;25;-13;25,transition,EXP_S154,ZONE_02,sortie_zone,4.1,sortie_zone,sortie de la zone
1245052344,-53,6,a0:9f:7a:73:2b:3e,384,-110;-96;8;0;-29;-18;-30;-19;-30;-19;-29;-18;-28;-16;-27;-13;-25;-10;-24;-6;-23;-3;-23;1;-22;4;-22;7;-21;9;-20;10;-19;12;-18;13;-17;15;-15;16;-14;17;-13;18;-11;19;-10;20;-9;21;-9;21;-9;22;-3;5;0;0;0;0;0;0;0;0;0;0;0;0;0;0;0;0;0;0;6;-3;26;-10;30;-7;32;-3;32;2;29;6;26;9;20;10;14;9;8;5;3;0;0;-7;-1;-15;-1;-22;2;-28;5;-33;9;-35;12;-36;15;-35;16;-33;16;-30;13;-26;9;-23;4;-19;-2;-17;-9;-15;-14;-15;-120;0;-7;7;-7;6;-6;5;-5;5;-5;4;-4;3;-4;3;-3;2;-3;2;-2;2;-2;1;-1;1;-1;1;-1;0;0;0;0;0;0;0;1;0;1;0;1;0;1;0;1;0;1;0;1;0;1;0;1;0;1;0;1;0;0;0;0;0;-1;-1;-1;-1;0;-1;0;1;0;5;1;15;0;15;-1;15;-2;15;-3;15;-4;16;-4;16;-5;16;-6;15;-6;15;-7;15;-8;15;-8;14;-8;14;-9;13;-9;13;-9;13;-9;12;-9;12;-9;11;-9;11;-9;11;-9;10;-9;10;-8;9;-8;9;-8;9;-8;9;-120;0;-10;-27;-11;-27;-11;-26;-12;-25;-12;-24;-13;-23;-13;-22;-14;-21;-14;-20;-15;-19;-15;-18;-16;-17;-16;-16;-17;-16;-17;-16;-18;-15;-18;-15;-18;-15;-18;-15;-17;-15;-17;-14;-17;-14;-17;-14;-17;-14;-16;-14;-16;-15;-15;-15;-15;-16;-6;-6;-2;-2;0;0;-1;0;-1;0;0;-2;0;-6;1;-15;2;-15;2;-15;3;-15;3;-16;3;-16;3;-17;3;-18;3;-18;3;-19;3;-20;3;-20;3;-20;2;-21;2;-21;2;-21;1;-22;1;-22;0;-23;-1;-23;-2;-24;-3;-25;-4;-25;-5;-26;-6;-27;-7;-27;-8;-28;-9;-28,transition,EXP_S154,ZONE_02,sortie_zone,4.1,sortie_zone,sortie de la zone
1245255902,-54,6,a0:9f:7a:73:2b:3e,384,-110;-96;8;0;11;28;12;30;12;30;12;29;12;27;12;24;13;21;14;18;15;14;17;11;18;9;19;7;20;5;20;3;21;1;21;-1;21;-2;21;-4;20;-6;20;-7;20;-8;20;-10;19;-11;19;-11;19;-11;4;-3;0;0;0;0;0;0;0;0;0;0;0;0;0;0;0;0;0;0;-7;-1;-28;-4;-29;-8;-29;-13;-27;-17;-23;-20;-19;-20;-14;-19;-9;-15;-6;-10;-5;-3;-5;4;-7;11;-11;17;-16;21;-21;23;-26;23;-29;22;-31;20;-31;18;-29;15;-26;13;-21;12;-15;12;-9;14;-3;16;1;19;-109;0;14;-8;14;-8;14;-7;13;-7;11;-7;8;-7;6;-5;5;-4;4;-2;4;-2;4;-2;3;-3;1;-4;0;-4;-2;-3;-2;-2;-2;-1;-1;-1;-1;-2;-1;-3;-2;-4;-3;-4;-4;-3;-4;-2;-3;-1;-2;-1;-2;-2;-1;-3;-1;-1;-1;-1;0;-1;-1;1;-1;0;0;-3;2;-10;5;-28;7;-29;8;-29;10;-29;11;-28;12;-27;14;-26;16;-26;18;-26;19;-26;20;-26;20;-26;20;-24;20;-22;21;-20;22;-19;23;-19;23;-19;22;-19;21;-18;20;-17;20;-15;20;-14;21;-14;21;-14;20;-14;19;-14;17;-14;-109;0;-2;55;-1;54;1;52;3;50;5;49;8;47;9;46;11;45;12;43;12;42;13;41;15;39;16;39;18;38;19;37;20;37;20;37;21;36;21;36;21;36;21;35;21;35;20;35;19;35;19;35;17;36;16;36;14;37;5;13;1;4;-1;-2;0;-2;0;-1;-2;2;-5;8;-13;24;-14;24;-14;24;-15;25;-15;26;-16;27;-16;29;-17;29;-18;30;-17;31;-17;32;-18;33;-18;34;-19;35;-19;36;-19;36;-18;37;-16;38;-14;40;-13;42;-12;44;-11;46;-11;47;-9;49;-8;50;-7;51;-6;53;-5;54,transition,EXP_S154,ZONE_02,sortie_zone,4.1,sortie_zone,sortie de la zone
1245452433,-53,6,a0:9f:7a:73:2b:3e,384,-110;-96;8;0;-8;30;-9;32;-9;32;-8;31;-7;30;-5;28;-3;26;0;23;3;21;5;19;8;17;11;16;13;15;15;13;16;12;18;11;19;10;20;8;20;7;21;6;21;4;21;3;21;2;21;2;21;1;5;0;0;0;0;0;0;0;0;0;0;0;0;0;0;0;0;0;0;0;-5;-6;-19;-22;-17;-26;-14;-29;-10;-31;-5;-31;-1;-28;1;-24;2;-18;1;-12;-2;-6;-7;0;-13;4;-20;6;-27;6;-32;4;-36;2;-38;-1;-38;-4;-37;-6;-34;-6;-30;-6;-26;-4;-21;0;-16;4;-13;10;-11;14;-121;0;9;0;9;1;8;1;8;0;7;0;6;0;4;-1;3;0;3;0;2;0;2;0;2;-1;2;-1;1;-2;1;-2;0;-1;0;-1;0;-1;0;-1;0;-1;0;-2;0;-2;-1;-2;-1;-1;-1;-1;-1;-1;0;-1;0;-1;0;-1;0;-1;0;-1;-1;0;-1;0;0;-2;3;-5;9;-12;9;-12;10;-11;11;-11;11;-10;12;-10;13;-9;13;-8;14;-8;15;-7;15;-7;15;-7;15;-6;15;-5;15;-4;15;-3;15;-3;15;-3;14;-3;14;-3;13;-2;13;-2;13;-1;13;-1;13;-1;12;-1;12;-1;11;-2;-121;0;-17;22;-16;22;-15;21;-14;21;-13;21;-12;21;-10;21;-9;21;-9;21;-8;20;-7;20;-6;20;-5;20;-5;20;-4;20;-4;20;-4;20;-4;20;-4;20;-3;20;-3;20;-3;19;-4;19;-4;19;-4;19;-5;19;-6;19;-7;18;-3;6;-1;2;0;-1;0;-1;0;-1;-2;1;-5;3;-12;8;-12;8;-13;8;-13;8;-14;8;-14;9;-15;9;-16;9;-16;9;-16;9;-17;10;-17;10;-18;10;-18;11;-18;11;-18;11;-18;11;-18;12;-17;13;-18;14;-18;16;-18;17;-18;17;-18;18;-18;19;-18;20;-18;21;-18;21,transition,EXP_S154,ZONE_02,sortie_zone,4.1,sortie_zone,sortie de la zone
1245653625,-54,6,a0:9f:7a:73:2b:3e,384,-110;-96;8;0;-26;-19;-27;-20;-27;-21;-26;-20;-25;-18;-24;-16;-23;-13;-22;-9;-21;-6;-21;-3;-21;0;-21;3;-21;5;-20;7;-20;9;-19;10;-19;12;-18;13;-17;14;-16;15;-15;16;-14;16;-13;17;-12;17;-12;18;-3;4;0;0;0;0;0;0;0;0;0;0;0;0;0;0;0;0;0;0;5;-4;24;-12;27;-9;30;-5;30;-1;29;3;26;6;21;8;15;7;9;4;5;-1;1;-7;0;-14;0;-21;2;-27;5;-31;9;-33;12;-34;15;-34;16;-32;16;-29;14;-25;10;-22;5;-19;0;-17;-7;-16;-12;-16;-111;0;-5;7;-5;7;-5;6;-5;6;-4;5;-4;4;-3;4;-3;3;-2;2;-2;2;-2;2;-2;1;-1;1;-1;1;-1;1;-1;0;-1;0;-1;0;0;0;0;0;0;0;0;0;0;-1;0;-1;0;-1;0;-1;0;-1;0;0;0;0;0;0;-1;0;-1;-1;-1;-1;0;1;2;4;5;12;4;13;4;13;3;14;2;14;1;14;1;14;0;15;-1;15;-1;15;-2;15;-2;15;-3;15;-4;14;-5;14;-5;13;-5;13;-5;13;-5;13;-5;12;-5;12;-5;11;-6;11;-6;11;-6;11;-6;10;-6;10;-5;10;-111;0;-14;-24;-14;-24;-14;-23;-14;-22;-15;-21;-15;-20;-16;-19;-16;-17;-16;-16;-16;-15;-16;-15;-17;-14;-17;-13;-18;-13;-18;-13;-18;-12;-18;-12;-18;-12;-18;-12;-18;-12;-18;-12;-18;-12;-17;-12;-17;-12;-17;-12;-16;-13;-16;-13;-15;-14;-6;-5;-2;-2;0;0;0;0;0;0;-1;-2;-1;-6;-3;-15;-2;-15;-2;-15;-2;-15;-2;-16;-2;-16;-2;-17;-2;-18;-2;-18;-2;-19;-2;-19;-2;-20;-2;-20;-2;-21;-3;-21;-3;-21;-3;-21;-4;-21;-5;-22;-6;-22;-7;-22;-8;-23;-9;-23;-10;-24;-11;-24;-11;-25;-12;-25;-12;-25,transition,EXP_S154,ZONE_02,sortie_zone,4.1,sortie_zone,sortie de la zone
1245852375,-54,6,a0:9f:7a:73:2b:3e,384,-110;-96;8;0;30;5;32;5;32;6;31;5;29;4;27;2;24;-1;22;-3;19;-6;17;-9;15;-12;14;-14;12;-16;11;-18;10;-19;8;-20;7;-21;6;-21;4;-22;2;-22;1;-22;-1;-21;-2;-21;-3;-21;-3;-21;-1;-6;0;0;0;0;0;0;0;0;0;0;0;0;0;0;0;0;0;0;-6;4;-23;15;-27;13;-30;9;-32;5;-31;1;-28;-3;-23;-5;-17;-5;-11;-4;-5;0;0;5;4;12;5;18;5;25;3;30;0;34;-2;36;-5;36;-6;34;-7;31;-6;27;-4;22;0;18;5;14;11;10;16;8;-118;0;2;-10;2;-9;2;-9;2;-8;1;-7;1;-7;1;-5;1;-5;1;-4;1;-3;1;-3;0;-3;0;-3;-1;-2;-1;-2;-1;-1;-1;-1;0;-1;-1;-1;-1;-1;-1;-1;-1;-1;-1;0;-1;0;-1;0;-1;0;0;0;-1;-1;-1;-1;-1;-1;-1;-1;0;0;0;0;-2;-2;-4;-5;-9;-12;-9;-13;-8;-14;-8;-14;-7;-15;-6;-15;-5;-15;-5;-16;-4;-16;-4;-17;-3;-17;-3;-17;-2;-17;-1;-16;-1;-16;0;-16;1;-16;1;-16;1;-15;0;-15;1;-14;1;-14;1;-14;2;-13;2;-13;2;-13;1;-13;1;-12;-118;0;19;18;19;17;19;16;19;15;19;14;19;12;19;12;19;11;19;10;19;9;19;8;19;7;19;6;19;5;20;5;20;4;20;4;20;4;20;4;20;4;19;4;19;3;19;3;19;4;19;4;18;5;18;6;18;6;6;2;1;0;-1;-1;-1;-1;-1;-1;0;1;1;4;5;12;4;13;4;13;4;14;4;14;4;15;5;15;4;16;5;16;5;16;5;17;6;17;6;18;6;18;6;18;7;18;7;18;8;18;9;18;10;18;11;19;12;19;13;19;14;19;15;19;16;19;17;19;18;19,transition,EXP_S154,ZONE_02,sortie_zone,4.1,sortie_zone,sortie de la zone
1246054185,-54,6,a0:9f:7a:73:2b:3e,384,-110;-96;8;0;27;13;29;14;29;15;28;14;27;12;25;10;23;7;22;4;21;1;20;-3;19;-6;18;-8;18;-10;17;-12;16;-14;15;-15;15;-17;13;-18;12;-19;11;-19;10;-20;9;-21;8;-21;7;-21;7;-21;1;-6;0;0;0;0;0;0;0;0;0;0;0;0;0;0;0;0;0;0;-6;3;-24;13;-27;11;-30;7;-31;3;-30;-1;-28;-5;-23;-7;-17;-7;-11;-4;-5;0;-1;5;1;12;2;19;1;25;-2;30;-5;33;-8;35;-11;34;-12;33;-13;30;-11;26;-8;22;-4;18;2;15;8;13;13;12;-111;0;4;-9;4;-8;3;-8;3;-7;2;-7;2;-6;1;-5;1;-4;1;-3;1;-3;1;-3;0;-3;0;-2;-1;-2;-1;-2;-1;-1;-1;-1;-1;-1;-1;-1;-1;-1;-1;-1;-2;-1;-2;-1;-2;-1;-1;-1;-1;-1;-1;-1;-1;-1;-1;-1;-1;-1;-1;-1;0;0;0;0;-1;-2;-3;-5;-8;-12;-8;-13;-7;-14;-6;-14;-6;-15;-5;-15;-4;-15;-3;-16;-2;-16;-2;-17;-1;-17;-1;-17;0;-16;0;-16;1;-16;2;-16;2;-15;3;-15;3;-15;2;-14;2;-13;3;-13;3;-13;4;-13;4;-12;4;-12;3;-12;3;-11;-111;0;16;21;16;21;16;20;16;18;16;17;17;16;17;15;17;14;17;13;17;12;17;12;17;11;18;10;18;10;18;9;18;9;19;9;19;9;19;9;18;9;18;8;18;8;18;9;18;9;17;9;17;10;16;11;16;12;5;4;1;1;-1;-1;-1;-1;-1;-1;0;1;1;4;3;13;3;13;3;14;3;14;3;14;3;15;3;16;3;16;3;17;3;17;3;17;3;17;4;18;4;18;4;19;4;19;5;19;6;19;7;19;8;20;9;20;10;21;10;21;11;21;12;21;13;21;14;22;15;22,transition,EXP_S154,ZONE_02,sortie_zone,4.1,sortie_zone,sortie de la zone
1246252860,-54,6,a0:9f:7a:73:2b:3e,384,-110;-96;8;0;29;-9;31;-10;32;-9;31;-9;28;-10;25;-11;22;-12;19;-13;16;-14;14;-16;11;-17;8;-19;6;-20;4;-21;2;-22;1;-22;-1;-22;-3;-22;-4;-22;-6;-22;-7;-22;-8;-21;-8;-21;-9;-21;-9;-21;-3;-5;0;0;0;0;0;0;0;0;0;0;0;0;0;0;0;0;0;0;-3;6;-11;25;-15;25;-20;24;-23;21;-25;17;-25;12;-22;8;-17;4;-11;2;-4;2;3;4;9;8;14;13;17;19;18;24;18;28;16;31;14;33;12;32;10;30;9;26;8;21;9;16;11;10;14;4;18;0;-119;0;-4;-8;-4;-9;-4;-9;-4;-8;-4;-7;-4;-6;-3;-4;-2;-3;-1;-3;-1;-3;-1;-3;-2;-3;-2;-2;-2;-1;-2;-1;-1;0;-1;0;-1;-1;-1;-1;-2;-1;-2;0;-2;0;-2;1;-1;1;-1;0;0;0;-1;-1;-1;-1;-1;-1;-1;-1;-1;0;0;-1;0;0;-2;0;-6;0;-15;0;-16;-1;-16;-1;-16;-2;-16;-3;-15;-4;-15;-5;-15;-7;-15;-8;-15;-9;-15;-9;-15;-9;-14;-9;-13;-10;-12;-10;-12;-11;-12;-12;-11;-12;-11;-11;-11;-11;-10;-10;-9;-11;-8;-11;-8;-11;-8;-11;-8;-11;-8;-11;-8;-10;-119;0;27;0;26;-1;25;-1;25;-2;24;-3;24;-4;23;-4;22;-5;22;-5;21;-6;20;-6;20;-7;20;-7;19;-8;19;-8;19;-8;19;-8;19;-8;19;-8;19;-8;19;-8;19;-8;19;-7;19;-7;19;-6;19;-5;19;-4;19;-3;7;-1;2;-1;-1;0;-1;-1;-1;-1;1;0;4;1;13;3;13;3;13;3;13;3;14;4;15;4;15;5;15;5;15;5;16;5;16;5;17;5;17;5;18;6;18;6;18;6;18;6;19;5;19;4;20;4;22;3;23;3;23;3;24;3;24;2;25;1;26;0;26;0,transition,EXP_S154,ZONE_02,sortie_zone,4.1,sortie_zone,sortie de la zone
1246452412,-54,6,a0:9f:7a:73:2b:3e,384,-110;-96;8;0;18;24;19;25;19;26;19;25;18;23;18;20;18;17;18;13;18;10;18;7;19;4;20;2;20;0;20;-3;20;-4;20;-6;20;-8;19;-9;19;-10;18;-12;18;-12;17;-13;17;-14;16;-14;16;-15;4;-4;0;0;0;0;0;0;0;0;0;0;0;0;0;0;0;0;0;0;-7;1;-27;3;-29;0;-31;-5;-30;-9;-28;-13;-23;-15;-18;-15;-13;-12;-8;-8;-5;-2;-4;5;-4;12;-7;18;-10;23;-14;27;-18;28;-22;28;-24;27;-25;24;-24;22;-21;19;-16;16;-11;15;-5;15;1;15;6;17;-113;0;10;-14;11;-14;11;-13;10;-12;8;-11;6;-9;5;-8;4;-6;4;-5;4;-5;3;-5;2;-5;1;-4;0;-4;-1;-3;-1;-2;-1;-1;-1;-1;-1;-2;-1;-2;-2;-2;-2;-2;-3;-1;-3;-1;-3;0;-2;-1;-2;-1;-2;-2;-1;-1;-1;-1;0;0;0;1;0;0;-2;-3;-4;-10;-9;-27;-8;-28;-6;-29;-4;-30;-3;-30;-1;-30;1;-30;3;-31;4;-32;6;-32;7;-32;7;-31;8;-30;9;-29;10;-28;12;-27;12;-27;13;-26;12;-26;12;-25;12;-23;13;-22;13;-21;14;-21;14;-21;13;-21;12;-20;11;-20;-113;0;19;49;19;48;20;46;21;44;22;42;23;41;24;39;24;38;25;36;25;34;26;33;27;31;28;30;29;29;30;29;30;29;31;28;30;28;30;28;30;27;30;27;29;27;29;27;29;27;28;28;27;29;26;30;24;32;8;11;2;3;-1;-1;-1;-2;0;-1;0;2;0;9;1;27;0;27;-1;28;-1;29;-1;30;-2;31;-2;32;-2;33;-2;34;-2;35;-2;36;-2;37;-2;38;-2;39;-2;39;-1;40;0;40;1;40;3;41;4;42;6;43;7;45;9;46;10;47;12;47;14;48;16;49;18;50,transition,EXP_S154,ZONE_02,sortie_zone,4.1,sortie_zone,sortie de la zone
1246658458,-54,6,a0:9f:7a:73:2b:3e,384,-110;-96;8;0;-7;-31;-7;-32;-7;-33;-7;-32;-8;-30;-8;-27;-10;-24;-11;-21;-13;-18;-15;-15;-17;-13;-18;-11;-20;-9;-21;-7;-21;-5;-22;-3;-22;-2;-22;0;-22;1;-22;3;-22;4;-22;5;-22;6;-21;6;-21;6;-6;1;0;0;0;0;0;0;0;0;0;0;0;0;0;0;0;0;0;0;6;2;25;10;25;14;23;19;20;22;16;24;11;23;7;21;4;16;2;10;2;3;4;-4;8;-10;14;-14;19;-17;25;-18;29;-18;32;-16;33;-14;33;-11;30;-9;27;-8;22;-8;16;-9;10;-12;5;-15;1;-19;-114;0;-9;2;-9;2;-9;1;-8;1;-7;2;-6;1;-5;1;-4;1;-4;0;-3;0;-3;0;-3;0;-2;1;-2;1;-1;1;0;0;0;0;-1;0;-1;0;-1;1;-1;1;0;1;0;1;0;0;0;0;0;0;-1;0;-1;0;-1;0;-1;0;0;-1;0;-1;0;-1;-1;1;-2;4;-4;13;-5;13;-6;14;-6;13;-7;13;-8;13;-9;12;-10;12;-11;12;-12;11;-12;11;-12;11;-12;10;-12;9;-13;9;-13;8;-13;8;-13;7;-13;7;-13;7;-12;6;-12;5;-12;5;-12;5;-12;4;-12;5;-11;5;-11;4;-114;0;5;-27;4;-27;4;-26;3;-26;2;-25;1;-24;0;-24;-1;-23;-1;-23;-2;-22;-3;-22;-4;-21;-5;-21;-5;-21;-6;-21;-6;-21;-6;-21;-6;-21;-6;-21;-5;-21;-5;-21;-5;-20;-5;-20;-5;-20;-4;-20;-4;-20;-3;-20;-2;-20;-1;-8;0;-3;0;0;-1;0;-1;0;0;-2;2;-5;6;-13;6;-13;7;-13;7;-13;7;-13;8;-14;8;-14;9;-14;9;-15;9;-15;9;-16;9;-16;9;-17;10;-17;10;-17;10;-17;10;-18;9;-18;9;-19;8;-20;8;-21;8;-22;8;-23;7;-23;7;-24;6;-25;5;-26;5;-27,transition,EXP_S154,ZONE_02,sortie_zone,4.1,sortie_zone,sortie de la zone
1246852261,-53,6,a0:9f:7a:73:2b:3e,384,-110;-96;8;0;-29;13;-31;14;-31;14;-30;14;-27;13;-25;14;-21;14;-18;15;-14;16;-11;17;-8;19;-6;19;-4;20;-1;21;1;21;2;21;4;21;5;21;7;20;8;20;10;19;11;19;12;18;12;18;13;17;3;4;0;0;0;0;0;0;0;0;0;0;0;0;0;0;0;0;0;0;1;-7;5;-28;9;-29;14;-29;18;-26;21;-23;21;-18;19;-13;15;-9;9;-6;2;-4;-5;-5;-12;-8;-18;-12;-22;-17;-24;-22;-24;-26;-23;-30;-21;-32;-19;-32;-16;-30;-14;-26;-13;-21;-13;-15;-14;-9;-17;-2;-19;2;-123;0;11;13;11;13;11;13;10;12;10;10;8;7;7;6;4;5;3;4;2;5;3;4;3;3;4;1;3;0;2;-1;1;-2;0;-1;0;0;1;0;1;-1;1;-2;1;-3;0;-4;-1;-3;-1;-3;-1;-2;0;-1;1;-1;0;0;0;0;-1;0;-2;0;-1;-1;3;-1;10;-2;29;-3;30;-2;30;0;31;1;30;3;30;4;29;6;29;8;30;10;31;11;31;12;30;12;29;13;27;14;25;15;24;16;24;17;25;17;25;16;23;15;22;15;20;15;19;16;19;17;19;17;19;16;19;15;18;14;-123;0;-54;13;-53;14;-51;15;-49;17;-47;18;-45;19;-44;20;-41;21;-39;22;-37;24;-35;25;-33;27;-33;28;-32;29;-32;29;-31;30;-31;30;-31;30;-31;29;-31;29;-31;29;-30;29;-30;29;-29;29;-30;28;-31;27;-32;26;-33;24;-12;8;-4;2;1;-1;1;0;0;0;-4;-1;-11;-2;-29;-5;-29;-5;-29;-6;-30;-6;-31;-6;-33;-7;-34;-8;-35;-9;-36;-9;-36;-9;-37;-8;-39;-8;-40;-7;-41;-7;-42;-7;-42;-7;-42;-7;-42;-5;-43;-3;-45;-2;-47;0;-49;1;-50;2;-51;4;-51;6;-52;9;-52;11;-53;13,transition,EXP_S154,ZONE_02,sortie_zone,4.1,sortie_zone,sortie de la zone
1247052384,-54,6,a0:9f:7a:73:2b:3e,384,-110;-96;8;0;-26;1;-27;1;-27;1;-26;1;-24;2;-22;4;-20;5;-17;6;-15;8;-13;10;-10;12;-9;13;-7;14;-5;15;-3;16;-2;16;-1;17;1;17;3;17;4;16;5;16;6;16;6;15;7;14;7;14;1;3;0;0;0;0;0;0;0;0;0;0;0;0;0;0;0;0;0;0;4;-4;18;-15;21;-13;24;-10;25;-7;25;-3;22;0;19;2;14;3;8;2;2;-1;-2;-5;-6;-10;-8;-16;-8;-21;-7;-25;-6;-29;-4;-30;-2;-31;0;-30;0;-27;0;-24;-1;-20;-3;-15;-6;-11;-10;-7;-14;-4;-124;0;2;15;1;15;1;14;1;13;1;12;2;10;1;7;1;6;0;5;-1;5;0;5;0;4;1;3;1;1;1;0;1;-1;0;-1;0;0;0;0;0;0;1;0;1;-1;1;-2;0;-2;0;-2;0;-1;0;0;0;0;0;0;0;0;0;-1;-2;-1;-1;-1;2;0;8;3;23;10;23;11;22;13;22;14;21;15;20;16;19;17;18;19;18;20;17;21;17;22;16;22;15;22;13;22;12;22;11;23;10;24;10;24;10;23;9;22;9;21;7;20;7;21;6;21;6;21;6;21;6;20;6;19;-124;0;-42;-14;-41;-13;-40;-12;-39;-10;-39;-8;-38;-7;-37;-5;-37;-4;-36;-3;-35;-1;-34;0;-34;2;-33;3;-33;4;-33;5;-33;5;-33;5;-33;5;-33;5;-33;5;-32;6;-32;6;-32;6;-32;5;-32;4;-32;3;-32;2;-32;0;-12;0;-4;-1;1;-1;1;0;0;0;-3;-2;-7;-6;-18;-15;-18;-15;-18;-15;-18;-16;-19;-16;-20;-17;-20;-19;-21;-20;-21;-20;-22;-20;-23;-20;-24;-20;-25;-21;-26;-22;-26;-22;-25;-22;-25;-22;-26;-21;-28;-20;-30;-19;-32;-19;-34;-19;-35;-19;-36;-18;-37;-17;-38;-16;-40;-15;-41;-14,transition,EXP_S154,ZONE_02,sortie_zone,4.1,sortie_zone,sortie de la zone
1247253971,-53,6,a0:9f:7a:73:2b:3e,384,-110;-96;8;0;-8;-31;-9;-33;-9;-33;-8;-32;-9;-30;-9;-27;-10;-24;-12;-21;-13;-17;-15;-15;-17;-12;-19;-10;-20;-8;-21;-6;-21;-4;-22;-3;-22;-1;-22;0;-22;2;-22;3;-21;5;-21;6;-21;7;-20;7;-20;8;-5;2;0;0;0;0;0;0;0;0;0;0;0;0;0;0;0;0;0;0;6;1;26;7;26;11;26;16;23;20;19;22;15;22;10;20;6;15;4;9;3;2;4;-5;8;-11;13;-16;18;-19;24;-21;28;-20;31;-19;33;-17;33;-14;30;-12;27;-11;22;-10;16;-11;10;-13;4;-17;0;-20;-116;0;-9;2;-9;2;-8;1;-8;1;-7;1;-6;1;-5;1;-4;0;-4;0;-4;0;-3;0;-3;0;-2;0;-2;0;-1;0;-1;0;-1;0;-1;0;-1;0;-1;0;0;0;0;0;0;0;0;0;0;0;0;0;0;0;0;0;0;0;0;0;-1;0;0;-1;0;-1;-1;1;-2;4;-6;13;-6;13;-7;13;-8;13;-9;12;-10;12;-10;11;-11;11;-12;11;-13;10;-13;10;-13;9;-13;9;-14;8;-14;7;-14;7;-14;6;-14;6;-14;6;-13;5;-13;5;-13;4;-13;4;-13;4;-12;4;-12;4;-12;3;-11;3;-116;0;7;-27;6;-27;6;-26;5;-26;4;-25;2;-25;2;-24;1;-24;0;-23;-1;-22;-2;-22;-3;-21;-4;-21;-4;-21;-5;-21;-5;-21;-5;-21;-5;-21;-6;-21;-6;-21;-6;-20;-5;-20;-5;-20;-5;-20;-5;-20;-4;-20;-3;-20;-2;-20;-1;-8;0;-3;0;0;-1;0;-1;0;0;-2;2;-5;8;-12;8;-12;8;-12;9;-12;9;-12;10;-13;10;-13;10;-14;11;-14;11;-15;11;-15;11;-16;12;-16;12;-16;12;-17;12;-17;12;-17;11;-18;11;-19;11;-20;10;-21;10;-22;10;-23;9;-24;9;-25;8;-26;8;-26;8;-27,transition,EXP_S154,ZONE_02,sortie_zone,4.1,sortie_zone,sortie de la zone
1247455291,-54,6,a0:9f:7a:73:2b:3e,384,-110;-96;8;0;-19;24;-20;25;-20;26;-19;25;-17;24;-14;23;-11;22;-8;21;-4;20;0;19;3;18;6;18;8;18;10;17;12;16;13;15;15;14;16;13;17;12;18;11;19;9;19;8;20;7;20;6;20;5;5;1;0;0;0;0;0;0;0;0;0;0;0;0;0;0;0;0;0;0;-2;-7;-3;-28;0;-30;5;-31;9;-30;12;-28;14;-23;14;-18;12;-13;7;-8;1;-4;-6;-2;-13;-2;-20;-4;-26;-7;-30;-11;-32;-15;-32;-18;-31;-20;-29;-21;-26;-21;-23;-18;-20;-14;-17;-8;-16;-2;-15;5;-15;10;-120;0;13;12;12;12;12;11;10;10;9;9;8;8;7;6;6;5;4;4;4;4;3;3;3;2;3;1;3;0;2;-1;1;-1;1;-1;1;-1;1;-1;1;-2;1;-2;1;-3;0;-3;0;-3;0;-2;0;-2;0;-2;0;-2;0;-1;0;-1;-1;0;-2;0;-1;-1;3;-1;10;-1;29;-1;29;0;29;2;30;4;30;5;30;7;29;8;29;10;30;11;30;13;30;14;29;14;28;15;27;15;26;16;25;17;24;17;24;17;23;17;22;17;22;16;21;16;20;16;19;17;19;16;19;16;18;15;18;14;-120;0;-51;13;-50;14;-49;15;-47;17;-45;19;-43;20;-40;21;-38;22;-36;23;-34;24;-33;25;-31;27;-30;28;-29;29;-29;30;-28;31;-28;31;-28;31;-27;31;-27;31;-26;31;-26;31;-25;30;-26;30;-26;30;-27;29;-28;28;-29;27;-11;9;-4;2;0;-1;1;0;0;0;-3;-1;-10;-3;-27;-7;-27;-7;-27;-8;-28;-8;-29;-9;-30;-9;-32;-9;-33;-10;-34;-10;-35;-10;-36;-10;-37;-9;-38;-9;-39;-9;-40;-9;-40;-8;-40;-7;-40;-6;-42;-4;-43;-3;-45;-1;-47;0;-48;2;-49;4;-50;6;-51;8;-52;10;-52;11,transition,EXP_S154,ZONE_02,sortie_zone,4.1,sortie_zone,sortie de la zone
1247652069,-53,6,a0:9f:7a:73:2b:3e,384,-110;-96;8;0;26;15;28;16;28;16;27;15;26;13;24;11;23;8;22;5;21;1;20;-2;19;-5;19;-7;18;-10;17;-12;16;-13;16;-15;15;-16;13;-17;12;-18;11;-19;10;-20;9;-21;8;-21;7;-21;7;-21;1;-6;0;0;0;0;0;0;0;0;0;0;0;0;0;0;0;0;0;0;-7;2;-26;11;-29;8;-31;4;-32;-1;-31;-5;-27;-8;-22;-9;-16;-8;-10;-5;-5;-1;-2;6;0;13;0;20;-2;26;-5;31;-8;33;-12;34;-14;34;-15;32;-15;29;-14;25;-10;22;-5;18;0;15;7;14;12;13;-117;0;3;-9;3;-8;3;-8;3;-8;2;-7;1;-6;1;-5;1;-4;1;-3;1;-3;1;-3;0;-3;0;-3;-1;-2;-1;-1;-1;-1;-1;-1;0;-1;-1;-1;-1;-1;-2;-1;-2;-1;-2;0;-2;0;-1;0;-1;0;-1;-1;-1;-1;-1;-1;-1;-1;-1;-1;0;0;0;0;-1;-2;-3;-5;-8;-13;-7;-14;-7;-14;-6;-15;-6;-15;-5;-15;-4;-15;-3;-16;-2;-17;-1;-17;-1;-17;-1;-17;-1;-16;0;-16;1;-15;2;-15;2;-16;2;-16;2;-15;2;-15;2;-14;3;-13;3;-13;4;-13;4;-13;3;-13;3;-12;2;-12;-117;0;16;21;17;20;17;19;17;18;17;17;17;15;18;14;18;13;18;13;18;11;18;10;18;9;18;8;19;8;19;7;19;7;19;7;19;7;19;7;19;7;19;7;19;6;19;6;19;6;18;7;18;8;18;9;17;9;6;3;1;1;-1;-1;-1;-1;-1;-1;0;1;1;4;3;13;3;13;3;13;3;14;3;14;3;15;3;16;3;17;3;17;3;17;4;17;4;18;5;19;5;19;5;19;5;19;5;19;6;19;7;19;8;20;9;21;10;21;11;21;12;21;13;21;14;21;15;21;16;21,transition,EXP_S154,ZONE_02,sortie_zone,4.1,sortie_zone,sortie de la zone
1247852302,-53,6,a0:9f:7a:73:2b:3e,384,-110;-96;8;0;-21;24;-22;25;-22;25;-21;24;-19;24;-16;22;-12;21;-9;20;-5;20;-2;19;1;19;4;19;6;19;8;18;10;18;12;17;13;16;14;15;16;14;17;13;17;11;18;10;19;9;19;8;19;8;4;2;0;0;0;0;0;0;0;0;0;0;0;0;0;0;0;0;0;0;-2;-7;-6;-28;-2;-30;2;-32;7;-31;10;-29;13;-25;13;-19;11;-14;6;-9;0;-5;-6;-2;-14;-2;-21;-4;-26;-7;-30;-11;-33;-15;-33;-18;-32;-20;-30;-21;-27;-20;-24;-18;-21;-14;-18;-8;-16;-2;-16;5;-16;10;-117;0;7;6;6;6;6;5;5;5;4;4;4;3;3;3;2;2;2;2;2;2;2;1;1;1;1;0;1;0;0;-1;0;-1;0;-1;0;-1;0;-1;0;-1;0;-1;0;-1;-1;-2;-1;-2;-1;-2;-1;-1;0;-1;0;-1;0;-1;0;-1;-1;0;-1;0;-1;0;1;-1;5;-2;14;-3;14;-2;15;-1;15;-1;15;0;15;1;15;1;15;2;15;3;15;4;15;4;15;5;14;5;14;6;13;6;13;7;13;7;13;7;12;7;12;7;11;7;11;7;11;7;11;7;10;7;10;7;9;6;9;6;-117;0;-26;9;-25;9;-25;10;-24;10;-22;11;-21;11;-20;12;-19;12;-18;13;-17;13;-16;14;-15;14;-15;15;-14;15;-14;15;-14;16;-13;16;-13;16;-13;16;-13;16;-13;16;-12;16;-12;16;-12;16;-13;15;-13;15;-14;14;-14;14;-6;5;-2;1;0;-1;0;0;0;0;-2;-1;-5;-1;-14;-2;-14;-2;-15;-2;-15;-2;-16;-2;-16;-3;-17;-3;-18;-3;-18;-3;-19;-3;-19;-2;-20;-2;-20;-2;-21;-2;-21;-2;-21;-2;-21;-1;-21;-1;-22;0;-22;1;-23;2;-24;3;-24;4;-25;5;-25;6;-26;7;-26;7;-26;8,transition,EXP_S154,ZONE_02,sortie_zone,4.1,sortie_zone,sortie de la zone
1248053981,-53,6,a0:9f:7a:73:2b:3e,384,-110;-96;8;0;-31;-9;-33;-9;-33;-9;-32;-9;-30;-7;-28;-5;-26;-3;-24;0;-22;3;-20;6;-19;8;-17;11;-16;13;-15;15;-14;16;-12;17;-11;18;-10;19;-8;20;-7;20;-6;21;-4;21;-3;21;-3;21;-2;21;-1;5;0;0;0;0;0;0;0;0;0;0;0;0;0;0;0;0;0;0;4;-5;21;-19;24;-17;28;-14;30;-9;29;-5;27;-1;23;2;17;3;10;1;4;-2;-1;-7;-5;-13;-7;-20;-7;-27;-5;-32;-3;-36;0;-38;3;-38;5;-36;5;-33;5;-29;2;-25;-1;-20;-6;-16;-12;-12;-16;-10;-112;0;-2;8;-2;8;-2;8;-2;7;-1;6;-1;5;-1;4;-1;3;-1;3;-1;2;-1;2;-1;2;0;2;0;1;0;0;0;0;0;0;0;0;0;0;0;0;1;0;1;-1;1;-1;1;-1;0;-1;0;-1;0;0;0;0;0;0;0;0;0;0;-1;-1;-1;-1;1;0;4;3;11;8;11;9;11;10;10;11;10;11;9;12;8;12;7;13;7;14;6;15;6;15;6;15;5;15;4;14;3;15;2;15;1;15;1;15;1;14;1;14;1;13;0;12;0;12;-1;12;-1;12;-1;12;-1;12;0;11;-112;0;-22;-17;-22;-17;-22;-16;-22;-15;-22;-14;-22;-12;-22;-12;-21;-11;-21;-10;-21;-9;-21;-8;-21;-7;-21;-6;-21;-6;-21;-5;-21;-5;-21;-5;-21;-5;-21;-5;-21;-5;-21;-5;-20;-5;-20;-5;-20;-5;-20;-6;-20;-7;-19;-8;-19;-8;-7;-3;-2;-2;0;0;0;0;0;0;-1;-2;-4;-5;-9;-12;-9;-12;-9;-12;-9;-12;-10;-13;-10;-14;-10;-14;-10;-15;-10;-15;-11;-16;-11;-16;-11;-16;-11;-17;-12;-17;-12;-18;-12;-18;-12;-18;-13;-17;-14;-17;-15;-17;-16;-17;-17;-18;-18;-18;-19;-18;-20;-18;-20;-18;-21;-18;-22;-18,transition,EXP_S154,ZONE_02,sortie_zone,4.1,sortie_zone,sortie de la zone
1248254185,-54,6,a0:9f:7a:73:2b:3e,384,-110;-96;8;0;-15;-28;-16;-29;-15;-29;-15;-28;-15;-26;-15;-23;-16;-20;-16;-17;-17;-13;-18;-10;-19;-7;-20;-5;-20;-2;-21;0;-21;2;-21;3;-21;5;-20;6;-20;8;-19;10;-18;11;-18;12;-18;12;-17;13;-17;13;-5;3;0;0;0;0;0;0;0;0;0;0;0;0;0;0;0;0;0;0;6;0;26;4;27;8;27;13;25;17;22;19;17;20;12;18;8;14;4;9;3;2;3;-5;6;-12;10;-18;14;-22;19;-24;24;-25;27;-24;29;-22;29;-20;27;-17;23;-15;19;-14;13;-14;7;-14;1;-16;-4;-19;-128;0;-14;9;-15;9;-15;9;-13;9;-11;9;-8;8;-5;6;-5;4;-5;2;-5;1;-5;2;-4;3;-2;3;0;3;1;1;1;0;0;-1;-2;0;-2;1;-1;2;0;3;2;3;3;1;2;0;1;-1;0;-1;-1;0;-1;1;-1;0;-1;0;0;0;-1;-2;-1;-2;0;2;2;10;5;28;4;29;3;30;1;30;0;30;-2;29;-5;29;-8;30;-10;31;-11;32;-12;32;-12;31;-12;29;-13;27;-15;26;-16;25;-18;25;-18;26;-17;25;-15;23;-15;21;-16;18;-17;17;-19;17;-18;18;-17;18;-15;19;-14;18;-128;0;-14;-54;-14;-52;-14;-50;-16;-48;-17;-46;-19;-44;-20;-42;-20;-41;-21;-39;-22;-37;-23;-36;-24;-34;-25;-33;-26;-33;-27;-32;-27;-32;-28;-32;-28;-32;-28;-32;-27;-31;-27;-31;-26;-30;-26;-30;-26;-30;-25;-31;-23;-32;-22;-33;-21;-34;-8;-13;-2;-4;0;0;-1;1;-1;0;0;-4;0;-10;1;-28;2;-28;2;-28;2;-29;2;-30;2;-32;4;-33;4;-34;5;-34;4;-34;3;-35;3;-36;3;-38;3;-40;4;-40;4;-40;3;-40;2;-40;0;-42;-2;-44;-3;-46;-4;-48;-5;-49;-6;-49;-7;-49;-9;-51;-11;-52;-13;-53,transition,EXP_S154,ZONE_02,sortie_zone,4.1,sortie_zone,sortie de la zone
1248452672,-54,6,a0:9f:7a:73:2b:3e,384,-110;-96;8;0;7;30;7;31;7;32;7;30;7;28;8;26;9;22;11;19;13;16;14;13;16;11;18;8;19;7;20;5;20;3;21;1;21;0;21;-2;21;-4;21;-5;20;-6;20;-7;20;-8;19;-9;19;-9;4;-3;0;0;0;0;0;0;0;0;0;0;0;0;0;0;0;0;0;0;-7;-3;-26;-10;-27;-14;-25;-19;-23;-23;-19;-24;-14;-24;-9;-21;-6;-17;-4;-11;-4;-4;-5;4;-9;10;-14;14;-20;17;-25;18;-30;18;-33;16;-34;14;-34;12;-32;10;-28;8;-23;8;-17;9;-11;12;-5;15;-1;18;-117;0;8;-3;8;-3;8;-3;7;-3;6;-3;5;-2;4;-2;3;-2;2;-1;2;-1;2;-1;2;-2;1;-2;0;-2;0;-2;-1;-1;-1;-1;0;-1;0;-1;0;-2;-1;-2;-1;-2;-1;-2;-1;-1;-1;-1;-1;-1;-1;-1;-1;-1;-1;-1;-1;-1;0;0;-1;0;-1;0;0;-2;1;-5;4;-14;5;-14;6;-14;6;-14;7;-14;8;-13;9;-13;10;-12;11;-12;11;-12;12;-12;12;-11;12;-11;12;-10;12;-9;12;-8;13;-8;13;-8;12;-8;12;-7;11;-7;11;-6;11;-6;11;-5;11;-5;11;-6;10;-6;10;-6;-117;0;-6;26;-6;26;-5;25;-4;24;-3;24;-2;23;-1;23;0;22;1;22;2;21;3;21;3;20;4;20;5;20;5;20;5;19;6;19;6;19;6;19;6;19;6;19;6;19;6;19;6;18;5;19;4;19;3;19;3;19;1;7;0;2;-1;-1;0;-1;0;-1;-1;1;-3;4;-8;11;-8;11;-8;11;-9;11;-9;12;-10;13;-10;13;-11;13;-11;14;-11;14;-11;14;-11;15;-11;16;-12;16;-12;16;-12;16;-12;17;-11;17;-11;18;-10;19;-10;20;-10;21;-10;22;-9;23;-9;24;-8;24;-7;25;-7;26,transition,EXP_S154,ZONE_02,sortie_zone,4.1,sortie_zone,sortie de la zone
1248652148,-54,6,a0:9f:7a:73:2b:3e,384,-110;-96;8;0;-24;-20;-25;-21;-25;-21;-25;-20;-24;-18;-23;-16;-22;-12;-21;-9;-21;-6;-20;-2;-20;1;-20;4;-20;6;-20;8;-19;9;-18;11;-17;13;-16;14;-15;15;-14;16;-13;17;-12;18;-11;18;-10;19;-10;19;-3;4;0;0;0;0;0;0;0;0;0;0;0;0;0;0;0;0;0;0;6;-2;27;-6;29;-2;30;3;30;7;27;11;23;13;18;13;12;10;7;6;3;1;1;-6;1;-14;3;-21;6;-26;10;-30;14;-32;17;-32;20;-31;20;-29;19;-26;17;-23;13;-20;7;-17;1;-16;-5;-15;-11;-16;-114;0;-14;13;-13;12;-12;11;-11;9;-10;8;-9;7;-8;6;-7;5;-6;4;-5;4;-4;3;-3;2;-2;2;-2;2;-1;2;-1;2;0;1;0;1;0;1;1;0;1;0;1;0;1;0;1;0;2;0;2;0;1;0;1;0;0;0;0;0;-1;-1;-1;-2;-1;-1;1;3;2;10;5;29;3;29;1;29;-1;30;-3;30;-4;30;-5;31;-7;31;-9;31;-10;31;-12;30;-13;30;-14;29;-15;28;-16;27;-16;26;-16;25;-17;24;-17;23;-17;23;-17;22;-17;21;-17;20;-17;20;-17;19;-16;18;-16;17;-16;17;-114;0;-14;-52;-15;-51;-16;-50;-17;-48;-19;-46;-20;-44;-21;-42;-21;-40;-22;-38;-23;-36;-24;-35;-26;-34;-27;-33;-28;-32;-28;-32;-29;-32;-29;-31;-29;-31;-29;-31;-29;-31;-29;-30;-28;-30;-28;-30;-27;-30;-26;-30;-25;-31;-24;-32;-22;-33;-8;-12;-3;-4;0;0;-1;1;-1;0;-1;-3;0;-10;1;-28;2;-28;3;-29;3;-29;4;-30;4;-31;4;-32;4;-33;4;-35;4;-36;5;-37;5;-38;5;-39;4;-40;4;-40;4;-41;3;-41;2;-42;1;-43;0;-44;-2;-45;-4;-46;-6;-48;-7;-49;-9;-50;-11;-51;-12;-52;-13;-53,transition,EXP_S154,ZONE_02,sortie_zone,4.1,sortie_zone,sortie de la zone
1248852964,-54,6,a0:9f:7a:73:2b:3e,384,-110;-96;8;0;-31;6;-33;6;-33;6;-32;6;-30;6;-27;7;-24;8;-21;10;-18;12;-16;13;-13;15;-11;17;-9;18;-7;19;-6;20;-4;21;-3;21;-1;21;1;21;2;21;3;21;4;21;5;20;5;20;6;20;1;5;0;0;0;0;0;0;0;0;0;0;0;0;0;0;0;0;0;0;1;-7;9;-27;12;-27;17;-26;21;-23;23;-19;23;-14;20;-10;16;-6;10;-4;3;-4;-4;-6;-10;-10;-15;-15;-18;-20;-19;-25;-19;-30;-17;-33;-15;-34;-12;-34;-11;-31;-9;-28;-9;-23;-10;-17;-12;-11;-16;-6;-19;-2;-119;0;3;7;3;7;3;7;3;7;3;6;3;4;2;3;1;2;0;2;0;2;0;2;1;2;1;1;1;0;1;-1;0;-1;0;-1;0;0;0;0;1;0;1;-1;1;-1;1;-2;0;-2;0;-2;0;-1;0;-1;0;0;0;0;0;0;0;-1;-1;0;-1;-1;1;-1;5;-1;14;0;14;1;15;2;15;2;14;3;14;4;13;5;13;6;14;8;14;8;14;9;13;9;13;9;11;9;10;9;10;10;10;11;10;11;10;10;9;10;8;9;7;9;6;10;6;10;6;10;7;10;7;9;7;8;-119;0;-28;-1;-28;-1;-27;0;-26;1;-25;2;-25;3;-24;3;-23;4;-22;4;-21;5;-21;6;-20;7;-20;7;-20;8;-20;8;-20;8;-20;8;-20;8;-20;8;-19;8;-19;8;-19;8;-19;8;-19;7;-19;7;-19;6;-20;5;-20;5;-7;1;-3;0;0;-1;0;0;0;0;-2;-1;-5;-2;-14;-5;-14;-5;-14;-5;-14;-5;-15;-5;-16;-6;-16;-6;-16;-7;-17;-7;-17;-7;-17;-7;-18;-7;-19;-7;-19;-7;-20;-8;-20;-8;-20;-7;-20;-7;-21;-6;-22;-5;-23;-5;-24;-5;-25;-4;-25;-4;-26;-3;-26;-2;-27;-2;-28;-1,transition,EXP_S154,ZONE_02,sortie_zone,4.1,sortie_zone,sortie de la zone
1249052462,-54,6,a0:9f:7a:73:2b:3e,384,-110;-96;8;0;30;-1;32;-1;33;0;31;-1;29;-1;27;-3;24;-5;21;-7;19;-9;16;-12;14;-14;13;-16;11;-17;10;-19;8;-19;7;-20;6;-21;4;-21;2;-22;1;-22;-1;-22;-2;-22;-3;-22;-3;-22;-3;-22;-1;-6;0;0;0;0;0;0;0;0;0;0;0;0;0;0;0;0;0;0;-4;5;-15;23;-19;22;-24;20;-27;16;-27;12;-26;7;-23;3;-18;1;-11;0;-4;2;2;5;7;10;11;16;12;22;12;28;10;32;8;34;6;35;4;34;2;32;2;28;3;23;5;18;9;12;13;8;17;5;-116;0;-2;-9;-2;-9;-2;-9;-2;-8;-2;-7;-2;-6;-2;-5;-1;-4;-1;-3;0;-3;0;-3;-1;-3;-2;-2;-2;-2;-2;-1;-1;0;-1;0;0;-1;-1;-1;-1;-1;-2;-1;-2;0;-2;0;-1;1;-1;0;-1;0;-1;0;-1;-1;-1;-1;-1;-1;-1;-1;0;0;0;0;-2;-1;-6;-2;-15;-4;-15;-4;-15;-5;-15;-6;-14;-7;-14;-8;-13;-9;-13;-10;-13;-11;-13;-12;-13;-12;-12;-12;-11;-12;-10;-12;-9;-13;-9;-13;-8;-14;-8;-14;-8;-13;-8;-13;-7;-12;-6;-12;-5;-12;-5;-13;-5;-13;-5;-12;-5;-12;-5;-11;-116;0;26;6;25;6;25;5;24;4;24;3;23;2;23;1;23;1;22;0;21;-1;21;-1;20;-2;20;-3;20;-3;20;-4;20;-4;20;-4;20;-4;20;-4;20;-4;20;-4;19;-4;19;-3;19;-3;19;-3;19;-2;19;-1;19;0;7;0;2;0;-1;0;-1;-1;-1;-1;1;0;4;2;12;6;11;6;12;6;12;7;12;7;13;7;13;8;14;9;14;9;14;9;14;9;15;9;16;9;16;10;16;10;16;10;17;10;17;10;18;9;19;9;20;9;21;9;22;9;22;8;23;8;24;7;25;6;25;6,transition,EXP_S154,ZONE_02,sortie_zone,4.1,sortie_zone,sortie de la zone
1249253668,-54,6,a0:9f:7a:73:2b:3e,384,-110;-96;8;0;3;30;4;32;4;32;4;31;4;29;5;27;7;24;9;20;11;17;13;15;15;13;16;11;18;9;19;7;20;6;21;4;21;2;21;1;21;-1;21;-2;21;-4;21;-5;21;-6;20;-6;20;-7;5;-2;0;0;0;0;0;0;0;0;0;0;0;0;0;0;0;0;0;0;-7;-3;-25;-13;-25;-17;-23;-22;-20;-25;-16;-26;-11;-25;-7;-22;-4;-17;-3;-11;-3;-4;-6;3;-10;8;-16;12;-22;15;-27;15;-32;15;-34;13;-36;10;-35;8;-32;6;-28;5;-23;5;-18;7;-12;10;-7;14;-4;18;-120;0;8;-2;8;-2;8;-2;7;-2;6;-2;5;-2;4;-2;3;-1;3;-1;2;-1;2;-1;2;-1;1;-2;1;-2;0;-1;0;-1;0;-1;0;-1;0;-1;0;-1;-1;-2;-1;-2;-1;-1;-1;-1;-1;-1;-1;-1;-1;-1;-1;-1;-1;-1;0;-1;-1;0;-1;0;-1;0;0;-2;2;-5;6;-14;6;-13;7;-13;8;-13;9;-12;10;-12;10;-11;11;-11;12;-11;13;-10;13;-10;13;-9;13;-9;13;-8;13;-8;13;-7;13;-6;13;-6;13;-6;12;-6;12;-5;12;-5;12;-4;12;-4;12;-4;11;-4;11;-4;10;-4;-120;0;-9;26;-8;25;-7;25;-6;24;-5;24;-4;23;-3;23;-2;22;-1;22;0;21;1;21;2;21;2;20;3;20;4;20;4;20;4;20;4;20;4;20;4;20;4;19;4;19;4;19;4;19;4;19;3;19;2;20;1;20;0;7;0;2;-1;-1;0;-1;0;-1;-1;1;-4;3;-10;10;-10;10;-10;10;-11;10;-11;11;-11;11;-12;11;-13;12;-13;12;-13;12;-13;13;-13;13;-13;14;-14;14;-14;15;-14;15;-14;15;-13;16;-13;17;-12;18;-12;19;-12;20;-12;21;-11;22;-11;22;-10;23;-9;25;-9;25,transition,EXP_S154,ZONE_02,sortie_zone,4.1,sortie_zone,sortie de la zone
1249455362,-53,6,a0:9f:7a:73:2b:3e,384,-110;-96;8;0;8;-31;8;-33;8;-33;8;-32;6;-30;4;-28;2;-26;-1;-24;-4;-22;-7;-21;-9;-19;-12;-18;-14;-17;-15;-16;-17;-15;-18;-14;-19;-13;-20;-11;-21;-9;-21;-8;-22;-7;-22;-6;-22;-6;-22;-5;-22;-5;-6;-2;0;0;0;0;0;0;0;0;0;0;0;0;0;0;0;0;0;0;5;4;20;18;18;22;15;26;11;29;7;29;3;27;0;22;-1;17;-1;10;2;4;6;-1;12;-5;19;-7;25;-8;30;-7;34;-4;36;-1;36;1;35;3;32;3;28;3;24;1;19;-2;15;-7;11;-12;10;-17;-113;0;-9;-2;-9;-2;-9;-2;-8;-2;-7;-1;-6;-1;-5;-1;-4;-1;-3;-1;-3;-1;-3;-1;-3;0;-2;0;-2;0;-1;0;-1;0;-1;0;-1;0;-1;0;-1;0;-1;1;0;1;0;1;0;1;0;0;0;0;-1;0;-1;0;-1;0;-1;0;-1;0;0;-1;0;-1;-1;1;-4;3;-10;10;-11;10;-12;9;-12;9;-13;8;-13;8;-14;7;-15;6;-16;5;-16;5;-16;5;-16;4;-16;4;-15;3;-15;2;-15;1;-16;1;-16;1;-15;1;-14;1;-14;0;-13;0;-13;-1;-13;-1;-13;-1;-13;-1;-12;-1;-12;0;-113;0;16;-23;15;-23;14;-23;13;-23;12;-22;11;-22;10;-22;9;-22;8;-22;7;-22;6;-21;5;-21;4;-21;3;-22;3;-22;2;-22;2;-22;2;-22;2;-22;2;-22;2;-22;2;-21;2;-21;2;-21;3;-21;4;-21;5;-20;5;-20;2;-7;0;-3;-1;0;-1;0;-1;0;1;-1;4;-3;11;-8;12;-8;12;-8;12;-8;13;-8;13;-9;14;-9;15;-9;15;-9;15;-9;15;-10;16;-10;16;-11;17;-11;17;-11;17;-12;17;-12;17;-13;17;-14;17;-15;17;-16;17;-17;18;-18;17;-19;17;-20;17;-21;17;-22;17;-23,transition,EXP_S154,ZONE_02,sortie_zone,4.1,sortie_zone,sortie de la zone
1249654132,-54,6,a0:9f:7a:73:2b:3e,384,-110;-96;8;0;-32;-1;-33;-1;-33;-1;-32;0;-30;1;-28;2;-25;4;-22;6;-19;8;-17;11;-15;13;-13;15;-11;17;-10;18;-8;19;-6;20;-5;21;-3;21;-1;21;0;21;2;21;3;21;4;21;5;20;6;20;1;5;0;0;0;0;0;0;0;0;0;0;0;0;0;0;0;0;0;0;4;-6;18;-21;22;-20;26;-17;28;-13;28;-9;27;-4;23;-1;17;0;10;0;3;-2;-3;-6;-7;-12;-10;-18;-11;-25;-11;-30;-9;-34;-7;-37;-4;-37;-2;-36;-1;-33;-1;-29;-2;-24;-5;-19;-9;-14;-14;-9;-18;-6;-120;0;0;9;0;9;-1;8;-1;7;-1;6;-1;5;-1;4;-1;4;-1;3;-1;3;-1;2;0;2;0;1;0;1;0;0;0;0;0;0;0;0;0;0;0;0;0;-1;0;-1;0;-1;0;-1;0;-1;0;-1;0;-1;0;-1;0;0;0;0;-1;-1;-1;-1;-1;-1;1;0;4;3;11;9;11;9;10;10;9;11;9;12;8;12;8;13;8;13;7;14;6;14;6;15;5;15;5;15;4;15;3;14;3;14;3;14;2;14;2;14;2;14;2;13;1;13;1;13;1;13;1;12;1;12;1;11;1;11;-120;0;-24;-14;-24;-13;-24;-12;-23;-11;-23;-10;-23;-9;-23;-8;-22;-7;-22;-6;-22;-5;-22;-4;-22;-3;-21;-2;-21;-1;-21;-1;-21;0;-21;0;-21;0;-21;0;-21;0;-21;0;-21;0;-21;0;-20;0;-20;0;-20;-1;-20;-2;-20;-3;-8;-1;-3;-1;0;-1;0;0;0;0;-1;-2;-4;-5;-9;-12;-9;-12;-9;-13;-9;-13;-9;-13;-9;-14;-9;-14;-10;-15;-10;-15;-10;-16;-11;-16;-11;-16;-12;-17;-12;-17;-12;-17;-12;-17;-13;-17;-14;-17;-14;-16;-16;-16;-17;-16;-18;-16;-19;-16;-20;-16;-21;-16;-22;-15;-23;-15;-23;-15,transition,EXP_S154,ZONE_02,sortie_zone,4.1,sortie_zone,sortie de la zone
1249855997,-53,6,a0:9f:7a:73:2b:3e,384,-110;-96;8;0;-2;33;-1;34;-1;35;-1;33;0;31;1;28;4;26;6;22;9;19;12;17;14;14;16;12;18;11;20;9;21;7;21;6;22;4;22;2;22;0;22;-1;22;-3;22;-4;22;-5;22;-6;22;-7;5;-2;0;0;0;0;0;0;0;0;0;0;0;0;0;0;0;0;0;0;-6;-5;-22;-21;-20;-25;-17;-30;-13;-32;-8;-32;-4;-29;-1;-25;1;-19;0;-12;-2;-5;-7;1;-13;6;-20;9;-27;10;-33;9;-37;7;-39;5;-40;2;-39;0;-36;-1;-31;-1;-26;0;-20;3;-15;8;-10;13;-7;17;-114;0;9;-1;9;0;8;0;8;0;7;-1;6;-1;5;-1;4;-1;3;0;3;0;2;0;2;-1;1;-1;1;-1;0;-1;0;-1;0;-1;0;-1;0;-1;0;-1;0;-2;-1;-2;-1;-2;-2;-1;-1;-1;-1;-1;-1;-1;-1;-1;0;-1;0;-1;0;0;-1;0;-1;0;0;-2;3;-5;10;-12;11;-12;11;-11;12;-11;13;-10;13;-10;14;-9;14;-8;15;-8;16;-8;16;-7;16;-7;16;-6;15;-6;15;-5;15;-4;15;-4;15;-4;15;-3;15;-3;14;-3;14;-2;14;-2;14;-2;13;-2;13;-2;12;-2;12;-2;-114;0;-14;25;-13;25;-12;24;-11;24;-9;24;-8;24;-7;23;-6;23;-5;23;-3;22;-2;22;-1;22;0;22;0;22;1;22;1;22;2;22;2;22;2;21;2;21;2;21;2;21;2;21;2;20;2;20;1;21;0;21;0;21;-1;7;-1;2;-1;-1;0;-1;0;-1;-2;0;-5;3;-13;8;-13;8;-13;8;-14;8;-14;8;-15;9;-15;9;-16;9;-17;9;-17;10;-17;10;-17;11;-18;11;-18;12;-18;12;-18;12;-18;13;-17;14;-17;15;-17;16;-17;17;-17;18;-17;19;-17;20;-16;21;-16;23;-15;24;-15;24,transition,EXP_S154,ZONE_02,sortie_zone,4.1,sortie_zone,sortie de la zone
1250067602,-54,6,a0:9f:7a:73:2b:3e,384,-110;-96;8;0;16;-27;17;-28;17;-28;16;-28;15;-26;12;-25;9;-24;6;-22;3;-22;0;-21;-3;-21;-6;-20;-8;-20;-10;-19;-12;-18;-13;-18;-15;-17;-16;-16;-17;-15;-18;-14;-19;-13;-19;-12;-19;-11;-20;-11;-20;-10;-5;-3;0;0;0;0;0;0;0;0;0;0;0;0;0;0;0;0;0;0;3;5;12;24;9;27;5;30;1;30;-3;29;-6;26;-8;21;-7;15;-5;9;0;4;6;1;13;-1;19;0;26;1;30;4;33;7;33;10;33;12;31;14;29;14;25;12;21;9;18;4;16;-1;14;-8;14;-12;-118;0;-8;-3;-8;-4;-8;-4;-8;-3;-7;-2;-6;-2;-5;-1;-4;-1;-3;-2;-3;-2;-3;-2;-3;-1;-3;0;-2;0;-1;0;-1;0;-1;-1;-1;-1;-1;-1;-1;0;-1;1;-1;1;0;1;0;1;0;0;0;0;-1;0;-1;0;-1;0;-1;0;0;0;0;-1;0;-1;-2;0;-5;2;-13;7;-13;6;-14;6;-14;6;-14;5;-14;4;-15;3;-15;2;-16;1;-17;1;-17;1;-16;1;-16;0;-15;-1;-15;-2;-15;-2;-15;-3;-15;-2;-15;-2;-14;-2;-13;-2;-13;-3;-12;-4;-13;-4;-13;-4;-13;-3;-12;-3;-12;-2;-118;0;19;-19;19;-19;18;-19;16;-19;15;-20;14;-20;13;-20;12;-20;11;-20;10;-20;8;-20;7;-20;6;-20;6;-20;6;-21;5;-21;5;-21;5;-21;5;-21;5;-21;5;-21;4;-20;4;-20;5;-20;5;-20;6;-19;7;-19;7;-19;2;-7;1;-2;-1;0;-1;0;-1;0;1;-1;4;-2;13;-4;13;-4;13;-4;13;-5;14;-5;15;-5;16;-5;16;-5;17;-5;17;-5;17;-6;17;-6;18;-7;18;-7;19;-7;19;-7;18;-7;18;-8;18;-9;19;-11;19;-12;20;-12;20;-13;20;-14;20;-15;20;-16;19;-18;19;-19,transition,EXP_S154,ZONE_02,sortie_zone,4.1,sortie_zone,sortie de la zone
1250254127,-53,6,a0:9f:7a:73:2b:3e,384,-110;-96;8;0;-33;-4;-35;-4;-35;-4;-34;-4;-32;-3;-29;-1;-27;1;-24;3;-22;6;-20;9;-18;11;-16;14;-14;16;-13;17;-12;19;-10;20;-9;21;-7;21;-6;21;-5;21;-3;22;-2;22;-1;22;0;22;0;22;0;5;0;0;0;0;0;0;0;0;0;0;0;0;0;0;0;0;0;0;3;-6;16;-24;20;-23;25;-20;28;-17;29;-12;27;-8;23;-4;18;-2;11;-1;4;-3;-2;-7;-7;-13;-11;-19;-12;-26;-11;-31;-10;-35;-7;-38;-4;-39;-2;-38;-1;-35;-1;-31;-2;-26;-5;-20;-9;-15;-14;-11;-19;-8;-119;0;0;9;0;8;0;8;0;8;1;7;1;5;1;4;0;3;-1;3;-1;2;-1;2;0;2;0;1;1;1;0;0;0;0;0;0;0;0;0;0;0;0;1;0;1;-1;1;-1;0;-1;0;-1;0;-1;0;-1;0;0;0;0;0;0;0;0;-1;-1;-1;-1;1;0;4;2;12;6;12;7;12;8;12;9;11;10;11;10;10;11;10;12;9;13;9;13;9;14;8;14;8;13;7;13;6;14;5;14;5;14;5;14;5;14;4;13;4;13;3;12;2;12;2;12;2;12;3;12;3;11;3;11;-119;0;-27;-11;-27;-10;-27;-9;-26;-8;-26;-7;-25;-5;-25;-4;-24;-3;-24;-2;-23;-1;-23;0;-22;0;-22;1;-22;2;-22;2;-22;3;-22;3;-22;3;-22;3;-22;3;-21;3;-21;3;-21;3;-21;3;-21;3;-21;2;-21;1;-21;0;-8;0;-3;-1;0;-1;0;0;0;0;-2;-2;-4;-4;-11;-11;-11;-11;-11;-11;-12;-12;-12;-12;-12;-13;-13;-13;-13;-14;-13;-14;-13;-14;-14;-14;-15;-15;-15;-15;-16;-15;-16;-16;-16;-16;-16;-15;-17;-15;-18;-14;-19;-14;-21;-14;-22;-14;-23;-14;-23;-14;-24;-13;-25;-13;-26;-12;-27;-12,transition,EXP_S154,ZONE_02,sortie_zone,4.1,sortie_zone,sortie de la zone
1250452177,-53,6,a0:9f:7a:73:2b:3e,384,-110;-96;8;0;-24;-22;-25;-23;-25;-23;-24;-22;-24;-20;-23;-17;-22;-14;-21;-11;-21;-7;-21;-4;-21;-1;-21;2;-21;4;-20;6;-20;8;-19;10;-19;11;-18;13;-17;14;-16;15;-15;16;-14;16;-13;17;-12;17;-12;18;-3;4;0;0;0;0;0;0;0;0;0;0;0;0;0;0;0;0;0;0;6;-3;26;-8;29;-5;31;-1;30;4;28;8;25;10;20;11;14;9;9;5;4;0;2;-7;1;-14;3;-21;5;-27;9;-31;13;-33;16;-33;19;-32;20;-30;19;-27;17;-24;13;-21;7;-18;1;-17;-5;-17;-10;-17;-123;0;-8;4;-8;4;-8;4;-7;4;-6;4;-5;3;-4;3;-3;2;-3;1;-3;0;-3;1;-2;1;-1;1;-1;1;0;0;0;0;-1;0;-1;0;-1;0;-1;1;0;1;1;1;1;0;1;0;0;-1;0;0;0;0;0;0;0;0;0;0;0;0;0;-1;0;-1;0;1;-1;4;-2;13;-2;14;-3;14;-4;14;-5;14;-5;13;-6;13;-7;13;-8;13;-9;13;-9;13;-9;13;-9;12;-10;12;-10;11;-11;11;-11;10;-11;10;-11;10;-10;10;-10;9;-10;8;-10;8;-10;7;-10;7;-10;8;-9;8;-9;8;-123;0;-4;-28;-5;-28;-5;-27;-6;-26;-7;-24;-8;-24;-9;-23;-10;-22;-10;-21;-10;-20;-11;-19;-11;-18;-12;-18;-13;-18;-14;-17;-14;-17;-14;-17;-14;-16;-14;-16;-15;-16;-14;-15;-14;-15;-14;-15;-14;-15;-13;-16;-13;-16;-12;-16;-12;-17;-4;-6;-2;-2;0;0;-1;0;-1;0;0;-2;1;-5;4;-14;4;-14;5;-14;5;-15;5;-15;5;-16;6;-16;6;-17;6;-17;6;-18;6;-18;6;-19;6;-19;7;-20;7;-20;6;-20;6;-21;5;-21;4;-22;3;-23;2;-24;2;-25;1;-25;0;-26;0;-26;-1;-27;-2;-28;-2;-29,transition,EXP_S154,ZONE_02,sortie_zone,4.1,sortie_zone,sortie de la zone
1250654207,-54,6,a0:9f:7a:73:2b:3e,384,-110;-96;8;0;30;-2;32;-2;33;-2;32;-2;29;-3;27;-5;24;-6;21;-8;18;-10;16;-12;14;-14;12;-16;10;-18;8;-19;6;-20;5;-21;3;-22;1;-22;0;-22;-2;-22;-3;-22;-4;-22;-4;-21;-5;-21;-5;-21;-2;-6;0;0;0;0;0;0;0;0;0;0;0;0;0;0;0;0;0;0;-4;5;-16;22;-20;22;-24;20;-27;16;-28;12;-27;7;-23;4;-18;1;-11;1;-5;2;2;5;7;10;11;17;12;23;12;28;11;32;9;35;6;36;5;35;3;32;3;28;4;23;5;18;9;13;13;8;17;5;-121;0;-2;-9;-2;-9;-2;-9;-2;-9;-2;-8;-3;-6;-2;-5;-1;-4;-1;-4;-1;-4;-1;-4;-1;-3;-2;-2;-2;-2;-2;-1;-1;0;-1;-1;-1;-1;-1;-1;-1;-1;-2;-1;-2;0;-2;0;-1;1;-1;0;-1;0;-1;-1;-1;-1;-1;-1;-1;-1;-1;0;0;0;0;0;-2;-1;-6;-2;-15;-4;-15;-5;-15;-6;-15;-7;-14;-7;-14;-8;-13;-9;-13;-10;-13;-11;-13;-12;-13;-13;-12;-13;-11;-12;-10;-13;-9;-13;-9;-14;-8;-14;-8;-14;-8;-14;-8;-13;-7;-12;-6;-12;-5;-12;-5;-13;-5;-13;-5;-13;-6;-12;-6;-11;-121;0;26;6;25;5;25;5;24;4;24;3;23;2;23;1;22;0;22;-1;21;-1;21;-2;20;-3;20;-4;20;-4;20;-5;20;-5;20;-5;20;-5;20;-5;19;-5;19;-5;19;-5;19;-5;19;-5;19;-4;19;-3;19;-3;19;-2;7;-1;2;0;-1;0;-1;-1;-1;-1;1;0;4;2;12;7;12;7;12;7;12;7;12;8;13;8;14;9;14;10;14;10;14;10;14;10;15;10;16;10;16;11;16;11;16;11;16;11;17;10;18;10;19;9;20;9;21;9;22;9;22;9;23;8;24;8;25;7;26;6,transition,EXP_S154,ZONE_02,sortie_zone,4.1,sortie_zone,sortie de la zone
1250851916,-54,6,a0:9f:7a:73:2b:3e,384,-110;-96;8;0;-30;11;-32;12;-32;12;-30;11;-28;11;-25;12;-22;12;-19;13;-15;15;-12;16;-9;17;-7;19;-5;20;-2;20;0;21;1;21;3;21;4;20;6;20;7;19;9;19;10;18;11;18;11;17;12;17;3;4;0;0;0;0;0;0;0;0;0;0;0;0;0;0;0;0;0;0;1;-7;8;-27;12;-27;17;-27;20;-24;22;-20;22;-15;20;-11;16;-7;10;-5;3;-4;-5;-5;-11;-9;-17;-13;-20;-19;-22;-24;-22;-28;-21;-31;-18;-33;-16;-33;-14;-30;-12;-27;-12;-22;-12;-16;-14;-10;-16;-3;-19;1;-119;0;3;8;3;8;3;8;3;7;3;6;3;5;2;3;1;3;0;3;0;3;0;3;1;2;1;1;1;0;1;-1;0;-1;-1;-1;-1;0;0;0;1;0;1;-1;1;-1;0;-2;0;-2;-1;-2;-1;-1;0;-1;0;0;0;0;0;0;0;0;-1;-1;-1;-1;1;0;5;1;14;3;14;4;14;4;14;5;13;5;13;6;12;7;12;8;12;9;13;10;13;10;12;10;11;10;10;10;9;11;9;12;9;12;9;12;9;11;8;11;8;10;7;10;6;11;6;11;6;11;6;11;7;10;7;9;-119;0;-28;-2;-27;-2;-27;-1;-26;0;-25;1;-24;2;-24;3;-23;4;-22;5;-21;5;-21;6;-20;7;-20;8;-20;8;-19;9;-19;9;-19;9;-19;9;-19;9;-18;9;-18;9;-18;9;-18;9;-18;9;-18;9;-18;8;-18;7;-19;7;-7;2;-3;0;0;-1;0;0;0;0;-2;-1;-5;-3;-13;-7;-13;-7;-13;-7;-13;-7;-14;-8;-15;-8;-15;-9;-15;-9;-15;-10;-16;-10;-17;-9;-17;-9;-18;-9;-19;-10;-19;-10;-19;-10;-19;-10;-19;-9;-20;-8;-21;-7;-23;-7;-24;-7;-25;-6;-25;-6;-26;-5;-26;-4;-27;-3;-27;-2,transition,EXP_S154,ZONE_02,sortie_zone,4.1,sortie_zone,sortie de la zone
1251056375,-54,6,a0:9f:7a:73:2b:3e,384,-110;-96;8;0;3;-31;4;-33;4;-33;3;-32;2;-30;0;-28;-2;-26;-4;-23;-7;-21;-10;-18;-12;-17;-15;-15;-16;-14;-17;-12;-19;-11;-20;-9;-20;-8;-21;-7;-21;-5;-22;-4;-22;-3;-22;-1;-22;0;-22;1;-22;1;-6;0;0;0;0;0;0;0;0;0;0;0;0;0;0;0;0;0;0;0;5;4;20;18;18;22;15;26;11;28;7;28;3;26;0;22;-2;16;-1;10;1;3;5;-2;11;-7;18;-9;24;-10;30;-9;33;-7;35;-4;36;-2;34;0;32;1;28;1;23;-1;18;-4;13;-8;9;-13;7;-17;-111;0;-9;-3;-9;-3;-8;-3;-8;-3;-7;-2;-6;-2;-5;-2;-4;-2;-4;-2;-3;-1;-3;-1;-3;-1;-2;0;-2;0;-2;0;-1;0;-1;0;-1;0;-1;0;-1;0;-1;0;-1;0;0;0;0;0;0;0;0;0;0;0;0;0;0;0;0;0;-1;0;0;-1;0;-1;-2;1;-4;3;-12;8;-12;8;-13;7;-14;7;-14;6;-15;5;-15;4;-15;4;-16;3;-16;2;-16;2;-16;1;-16;1;-16;0;-16;0;-16;-1;-16;-1;-15;-2;-15;-2;-14;-2;-14;-2;-14;-2;-13;-3;-13;-3;-13;-3;-13;-3;-12;-2;-12;-2;-111;0;18;-20;17;-20;16;-20;15;-20;14;-20;13;-20;12;-20;11;-20;10;-20;8;-20;7;-20;7;-20;6;-20;5;-21;5;-21;5;-21;4;-21;4;-21;4;-21;4;-21;4;-21;4;-20;4;-20;4;-20;5;-20;5;-19;6;-19;7;-19;2;-7;0;-2;-1;0;-1;0;-1;0;1;-1;4;-3;12;-6;12;-6;13;-6;13;-6;14;-6;14;-6;15;-6;16;-6;16;-7;16;-7;17;-7;17;-7;17;-7;18;-8;18;-8;18;-8;18;-9;18;-9;18;-10;18;-11;19;-12;19;-13;19;-14;19;-15;19;-16;19;-18;19;-18;19;-19,transition,EXP_S154,ZONE_02,sortie_zone,4.1,sortie_zone,sortie de la zone
1251254759,-54,6,a0:9f:7a:73:2b:3e,384,-110;-96;8;0;-16;-28;-17;-29;-17;-29;-17;-28;-17;-26;-17;-23;-17;-20;-17;-16;-18;-13;-19;-10;-20;-7;-21;-4;-21;-2;-22;0;-22;2;-21;4;-21;6;-21;7;-20;9;-19;10;-19;11;-18;12;-17;13;-17;13;-16;14;-4;3;0;0;0;0;0;0;0;0;0;0;0;0;0;0;0;0;0;0;6;0;27;4;28;7;28;12;26;16;23;19;18;20;14;18;9;14;5;9;4;2;4;-5;6;-12;10;-18;14;-22;19;-25;23;-26;27;-25;29;-23;29;-21;27;-18;24;-16;19;-15;13;-14;7;-14;0;-16;-4;-19;-123;0;-15;11;-15;10;-14;10;-13;9;-11;8;-9;7;-8;6;-7;4;-6;3;-6;3;-5;3;-4;3;-3;3;-2;2;-1;2;-1;1;-1;1;-1;1;-1;1;0;1;1;2;1;1;2;1;2;0;1;0;1;0;0;0;0;1;0;0;0;0;-1;0;-1;-2;0;-1;0;3;0;10;-1;28;-2;29;-4;29;-5;29;-7;29;-9;29;-10;29;-12;29;-14;29;-15;29;-16;29;-17;28;-17;27;-18;25;-19;24;-20;23;-20;22;-20;22;-19;22;-19;21;-18;20;-19;19;-19;18;-19;17;-19;17;-19;17;-18;17;-17;16;-123;0;-10;-54;-10;-53;-11;-52;-13;-50;-15;-48;-17;-46;-18;-44;-19;-42;-20;-41;-21;-39;-23;-37;-24;-36;-25;-34;-26;-34;-27;-34;-27;-34;-28;-33;-28;-33;-28;-32;-28;-32;-28;-31;-28;-31;-27;-30;-27;-30;-26;-31;-25;-32;-23;-33;-22;-34;-8;-13;-3;-4;0;1;-1;1;-1;0;0;-4;2;-11;7;-28;7;-28;8;-28;9;-29;9;-30;10;-31;10;-32;10;-33;11;-34;11;-36;11;-37;11;-38;11;-39;10;-39;10;-40;10;-40;9;-41;8;-41;7;-43;5;-44;4;-46;2;-47;1;-49;-1;-50;-3;-51;-5;-52;-7;-54;-8;-54,transition,EXP_S154,ZONE_02,sortie_zone,4.1,sortie_zone,sortie de la zone
1251452703,-53,6,a0:9f:7a:73:2b:3e,384,-110;-96;8;0;-32;3;-34;3;-34;3;-33;3;-31;4;-28;5;-25;6;-22;8;-19;10;-17;12;-14;14;-12;16;-10;18;-9;19;-7;20;-5;20;-4;21;-2;21;0;21;1;21;2;21;3;20;4;20;5;20;5;20;1;5;0;0;0;0;0;0;0;0;0;0;0;0;0;0;0;0;0;0;2;-7;13;-25;17;-25;21;-23;24;-20;26;-16;25;-11;22;-7;17;-4;10;-3;3;-3;-3;-6;-9;-11;-13;-17;-15;-23;-16;-28;-15;-32;-13;-35;-10;-36;-8;-36;-7;-33;-6;-29;-6;-24;-8;-18;-11;-13;-15;-8;-19;-4;-112;0;1;8;1;8;0;8;1;7;1;6;1;5;1;4;0;3;0;2;-1;2;0;2;0;2;0;1;1;1;0;0;0;0;0;0;0;0;0;0;1;0;1;0;1;-1;1;-1;0;-1;0;-1;0;-1;0;-1;0;0;0;0;0;0;0;-1;-1;-1;-1;-1;1;0;4;1;13;5;13;6;13;7;12;8;12;8;11;9;10;10;10;11;10;12;10;13;10;13;9;13;8;13;8;13;7;13;6;13;6;14;6;14;6;13;5;12;5;12;4;11;3;11;3;12;3;12;3;12;3;11;4;10;-112;0;-27;-9;-26;-8;-26;-7;-25;-6;-25;-5;-24;-4;-24;-3;-24;-2;-23;-1;-22;-1;-22;0;-22;1;-21;2;-21;3;-21;3;-21;4;-21;4;-21;4;-21;4;-20;4;-20;4;-20;4;-20;4;-20;4;-20;3;-20;3;-20;2;-20;1;-8;0;-3;0;0;-1;0;0;0;0;-2;-1;-5;-4;-12;-10;-12;-10;-12;-10;-12;-10;-12;-11;-13;-11;-13;-12;-13;-13;-13;-13;-14;-13;-14;-13;-15;-13;-15;-13;-16;-14;-16;-14;-16;-14;-16;-14;-17;-13;-18;-12;-19;-12;-21;-12;-22;-12;-22;-12;-23;-12;-24;-11;-24;-11;-25;-10;-26;-10,transition,EXP_S154,ZONE_02,sortie_zone,4.1,sortie_zone,sortie de la zone
1251652250,-53,6,a0:9f:7a:73:2b:3e,384,-110;-96;8;0;29;11;31;11;32;11;31;11;29;9;27;6;25;4;23;0;21;-3;19;-6;18;-9;17;-12;16;-14;14;-16;13;-17;12;-18;10;-20;9;-21;7;-21;6;-22;4;-22;3;-23;2;-23;1;-22;0;-22;0;-6;0;0;0;0;0;0;0;0;0;0;0;0;0;0;0;0;0;0;-7;3;-27;11;-30;9;-33;4;-33;0;-32;-5;-28;-8;-23;-9;-17;-9;-10;-6;-5;-1;-1;5;2;13;2;20;1;27;-2;32;-5;35;-9;36;-11;36;-13;34;-13;31;-11;27;-8;23;-3;19;2;15;9;12;14;11;-127;0;2;-10;2;-10;2;-9;2;-8;1;-8;1;-7;1;-5;1;-4;1;-4;0;-3;0;-3;0;-3;-1;-3;-1;-2;-1;-2;-1;-1;-1;-1;-1;-1;-1;-1;-1;-1;-2;-1;-2;-1;-2;0;-2;0;-1;0;-1;-1;-1;-1;-1;-1;-1;-1;-1;-1;-1;0;0;0;0;0;-2;-1;-5;-4;-12;-11;-11;-12;-11;-13;-10;-14;-9;-14;-9;-15;-8;-15;-7;-16;-6;-17;-6;-17;-5;-17;-5;-17;-4;-17;-3;-17;-2;-17;-1;-17;-1;-17;-1;-17;-1;-16;-1;-16;0;-15;0;-15;1;-14;1;-14;1;-14;1;-14;1;-13;1;-13;-127;0;20;18;20;17;20;16;20;15;20;14;20;13;20;11;20;11;20;10;20;9;19;8;19;8;20;7;20;6;20;5;20;5;20;5;20;5;20;5;20;4;20;5;19;5;19;5;19;5;19;6;19;7;18;7;18;8;6;3;1;1;-1;-1;-1;-1;-1;-1;0;1;2;4;7;12;7;12;7;12;7;13;7;13;7;14;7;15;7;15;7;16;7;16;8;16;8;17;8;17;8;18;9;18;9;18;9;18;10;18;11;18;12;18;13;18;14;18;15;18;16;19;17;19;18;19;19;19;19;19,transition,EXP_S154,ZONE_02,sortie_zone,4.1,sortie_zone,sortie de la zone
1251852404,-54,6,a0:9f:7a:73:2b:3e,384,-110;-96;8;0;-2;-31;-2;-33;-2;-33;-3;-33;-4;-30;-5;-28;-7;-25;-9;-22;-11;-19;-13;-16;-16;-14;-18;-12;-19;-10;-20;-8;-21;-7;-22;-5;-22;-3;-22;-2;-22;0;-22;1;-22;3;-22;4;-22;5;-22;6;-21;6;-6;1;0;0;0;0;0;0;0;0;0;0;0;0;0;0;0;0;0;0;5;3;21;17;20;21;18;25;14;28;9;28;5;27;2;23;0;17;0;10;1;4;5;-3;10;-8;16;-11;23;-13;28;-12;32;-11;35;-9;36;-6;35;-4;32;-3;28;-2;23;-3;17;-6;12;-9;7;-14;4;-18;-127;0;-10;-2;-9;-2;-9;-2;-8;-2;-7;-1;-6;-1;-5;-1;-4;-1;-4;-1;-3;-1;-3;-1;-3;0;-2;0;-2;0;-1;0;-1;0;-1;0;-1;0;-1;0;-1;0;-1;1;0;1;0;1;0;0;0;0;0;0;0;0;0;0;-1;0;-1;0;0;-1;0;-1;0;-1;-1;1;-4;3;-11;10;-12;9;-12;9;-13;8;-14;8;-14;7;-15;6;-15;6;-16;5;-16;4;-16;4;-16;4;-16;3;-16;3;-16;2;-16;2;-16;1;-16;1;-15;1;-15;0;-14;0;-14;0;-14;-1;-14;-1;-13;-1;-13;-1;-13;-1;-12;0;-127;0;15;-23;14;-23;13;-23;12;-23;11;-22;9;-22;8;-22;7;-22;6;-22;5;-21;4;-21;3;-21;2;-21;2;-22;1;-22;1;-22;0;-22;0;-22;0;-22;0;-22;0;-21;0;-21;0;-21;0;-21;1;-21;1;-21;2;-21;3;-21;1;-8;0;-3;-1;0;-1;0;-1;0;1;-1;4;-3;12;-8;12;-7;13;-7;13;-7;14;-7;14;-7;15;-8;15;-8;16;-8;16;-8;16;-9;16;-9;17;-10;17;-10;17;-10;17;-11;17;-11;17;-12;17;-13;17;-14;17;-15;17;-16;17;-17;16;-18;16;-19;16;-20;16;-21;16;-22,transition,EXP_S154,ZONE_02,sortie_zone,4.1,sortie_zone,sortie de la zone
1252057709,-54,6,a0:9f:7a:73:2b:3e,384,-110;-96;8;0;10;29;10;30;10;30;10;29;11;27;11;24;12;21;13;18;14;15;15;12;17;9;18;7;19;5;20;3;20;1;20;0;21;-2;21;-4;20;-5;20;-7;20;-8;19;-9;19;-9;18;-10;18;-10;4;-3;0;0;0;0;0;0;0;0;0;0;0;0;0;0;0;0;0;0;-7;-2;-27;-6;-28;-10;-27;-15;-25;-19;-21;-21;-17;-22;-12;-20;-8;-16;-5;-10;-4;-3;-5;4;-8;10;-12;15;-18;19;-23;21;-27;21;-30;20;-32;18;-32;15;-29;13;-26;12;-21;11;-15;11;-9;12;-4;15;0;18;-111;0;16;-6;16;-5;15;-5;14;-5;12;-5;10;-5;8;-4;6;-3;5;-2;5;-2;4;-2;4;-3;2;-4;1;-3;0;-3;-1;-2;-1;-2;0;-1;0;-2;0;-2;-1;-3;-2;-3;-2;-2;-2;-2;-2;-1;-1;-1;-1;-2;0;-2;0;-1;0;-1;-1;0;-1;1;-1;0;0;-3;1;-11;6;-28;7;-28;9;-28;11;-28;12;-27;14;-26;16;-25;18;-25;20;-25;21;-24;21;-24;22;-24;22;-22;22;-21;23;-19;24;-18;24;-17;24;-17;23;-16;22;-16;22;-14;22;-13;22;-12;22;-11;22;-11;21;-12;20;-12;20;-12;-111;0;-9;52;-8;51;-7;50;-5;49;-3;48;-1;47;1;46;3;45;4;44;6;42;7;41;9;40;10;40;11;39;12;39;12;39;13;39;13;39;13;38;13;38;13;38;13;37;12;37;12;37;11;37;10;38;8;38;6;39;2;14;0;4;-1;-2;0;-2;0;-1;-2;2;-5;8;-13;24;-14;24;-15;24;-15;24;-16;25;-17;26;-18;27;-19;28;-20;28;-19;29;-19;30;-19;31;-20;33;-20;34;-21;34;-21;34;-20;34;-19;35;-18;37;-17;39;-17;41;-16;44;-16;45;-15;46;-13;48;-12;49;-11;51;-9;53,transition,EXP_S154,ZONE_02,sortie_zone,4.1,sortie_zone,sortie de la zone
1252252750,-54,6,a0:9f:7a:73:2b:3e,384,-110;-96;8;0;-10;-30;-10;-31;-11;-32;-11;-31;-11;-29;-11;-26;-12;-23;-13;-20;-15;-16;-16;-13;-18;-11;-19;-8;-20;-7;-21;-5;-21;-3;-22;-1;-22;1;-22;2;-22;4;-22;5;-21;6;-21;7;-20;8;-20;9;-20;9;-5;2;0;0;0;0;0;0;0;0;0;0;0;0;0;0;0;0;0;0;6;1;26;7;27;11;26;16;24;20;20;22;15;22;10;20;6;15;4;9;3;2;4;-5;7;-11;12;-16;17;-20;23;-21;27;-21;30;-20;32;-17;32;-15;30;-13;26;-11;21;-11;15;-12;9;-13;3;-16;-1;-19;-114;0;-9;3;-9;2;-8;2;-7;2;-7;2;-6;2;-5;1;-4;1;-4;1;-3;0;-3;0;-3;1;-2;1;-2;1;-1;1;-1;0;-1;0;-1;0;-1;0;0;0;0;1;0;1;0;0;0;0;0;0;0;0;0;0;0;0;0;0;0;0;-1;0;0;-1;0;-1;-1;1;-2;4;-5;13;-5;13;-6;13;-7;13;-8;13;-9;12;-9;12;-10;12;-11;11;-12;11;-12;11;-12;11;-12;10;-12;9;-13;8;-13;8;-13;7;-13;7;-13;7;-12;6;-12;6;-12;6;-12;5;-12;5;-12;5;-12;5;-11;5;-10;5;-114;0;3;-27;3;-27;2;-26;1;-26;0;-25;-1;-24;-2;-24;-2;-23;-3;-22;-4;-22;-5;-21;-6;-21;-7;-20;-7;-20;-8;-20;-8;-20;-8;-20;-8;-20;-8;-20;-8;-20;-8;-20;-8;-19;-8;-19;-8;-19;-7;-19;-7;-20;-6;-20;-5;-20;-2;-8;-1;-3;0;0;-1;0;-1;0;0;-2;2;-5;7;-13;7;-13;8;-13;8;-13;8;-13;9;-14;9;-14;9;-15;10;-15;10;-15;10;-16;10;-16;10;-17;11;-17;11;-18;10;-18;10;-18;10;-19;9;-20;9;-20;8;-21;8;-22;7;-23;7;-24;6;-25;5;-26;5;-26;4;-27,transition,EXP_S154,ZONE_02,sortie_zone,4.1,sortie_zone,sortie de la zone
1252455447,-53,6,a0:9f:7a:73:2b:3e,384,-110;-96;8;0;-17;-28;-18;-29;-17;-30;-17;-28;-17;-26;-16;-23;-17;-20;-17;-16;-18;-13;-19;-10;-20;-7;-21;-5;-22;-2;-22;0;-22;2;-22;3;-22;5;-22;6;-21;8;-20;9;-20;10;-19;11;-19;12;-19;13;-18;13;-5;3;0;0;0;0;0;0;0;0;0;0;0;0;0;0;0;0;0;0;6;-1;27;-1;29;3;30;8;28;12;25;15;21;17;16;16;11;13;7;8;4;2;3;-5;5;-12;8;-19;12;-24;17;-27;21;-28;25;-27;27;-25;28;-23;26;-21;23;-18;18;-16;12;-15;6;-15;0;-17;-5;-19;-115;0;-15;8;-16;8;-16;7;-15;7;-12;7;-10;6;-8;5;-7;3;-6;2;-6;1;-5;1;-4;2;-3;2;-1;2;0;1;0;0;0;0;-1;0;-1;0;-1;1;0;2;1;2;2;1;2;0;2;0;1;0;0;0;-1;1;-1;0;-1;0;0;0;-1;-2;0;-1;0;2;0;10;0;28;-2;29;-4;29;-5;29;-7;29;-8;28;-10;28;-13;28;-15;28;-16;28;-17;28;-17;28;-17;26;-18;25;-19;23;-21;22;-22;22;-22;22;-21;21;-20;20;-19;19;-19;17;-20;15;-21;15;-21;15;-20;15;-19;15;-18;15;-115;0;-4;-56;-5;-55;-6;-53;-8;-51;-10;-49;-12;-48;-14;-46;-15;-44;-16;-42;-17;-41;-18;-39;-19;-38;-21;-38;-22;-37;-23;-37;-24;-37;-24;-37;-24;-37;-24;-36;-24;-36;-24;-36;-24;-35;-23;-35;-23;-36;-21;-36;-20;-37;-18;-38;-17;-38;-6;-14;-2;-5;0;1;-1;1;-1;0;0;-4;2;-11;7;-29;7;-29;8;-29;8;-29;9;-30;9;-32;11;-33;11;-34;12;-35;11;-35;11;-36;11;-37;12;-38;12;-39;13;-40;12;-40;11;-41;10;-41;8;-43;7;-45;5;-47;4;-48;4;-50;3;-51;1;-52;0;-53;-2;-55;-3;-56,transition,EXP_S154,ZONE_02,sortie_zone,4.1,sortie_zone,sortie de la zone
1252652376,-53,6,a0:9f:7a:73:2b:3e,384,-110;-96;8;0;4;-31;4;-33;4;-33;4;-32;3;-30;1;-28;-1;-26;-4;-23;-7;-21;-10;-18;-13;-16;-15;-15;-16;-13;-18;-12;-20;-10;-21;-9;-21;-8;-22;-6;-22;-5;-22;-3;-22;-2;-23;0;-23;1;-22;2;-22;3;-6;0;0;0;0;0;0;0;0;0;0;0;0;0;0;0;0;0;0;0;4;5;18;21;15;25;12;28;8;30;3;30;-1;27;-3;23;-4;17;-3;10;0;4;5;-2;12;-6;19;-8;25;-8;30;-6;34;-4;36;-2;36;1;35;3;32;4;28;4;23;2;18;-2;13;-7;10;-12;7;-17;-113;0;-9;0;-10;0;-9;0;-9;0;-8;1;-6;1;-5;1;-4;0;-3;-1;-3;-1;-3;-1;-3;0;-2;0;-2;1;-1;1;0;0;-1;0;-1;0;-1;0;-1;0;-1;1;0;1;0;1;1;0;0;0;0;0;0;0;-1;0;-1;0;-1;0;-1;0;0;-1;0;-1;-1;1;-3;4;-8;12;-9;12;-10;12;-10;12;-11;11;-11;10;-12;10;-13;9;-14;9;-15;9;-15;9;-15;8;-15;7;-15;6;-15;5;-15;5;-16;4;-16;4;-15;4;-14;4;-14;4;-13;3;-13;2;-13;2;-14;2;-13;2;-13;2;-12;3;-113;0;10;-26;9;-25;8;-25;7;-25;6;-24;5;-24;4;-23;3;-23;2;-23;1;-22;0;-22;-1;-21;-2;-21;-2;-21;-3;-21;-3;-22;-4;-22;-4;-22;-4;-22;-4;-21;-4;-21;-4;-21;-4;-21;-3;-21;-3;-21;-2;-21;-1;-21;0;-21;0;-8;0;-3;0;0;-1;0;-1;0;1;-2;3;-4;10;-10;10;-10;10;-10;10;-11;10;-11;11;-11;12;-12;13;-12;13;-12;13;-12;13;-13;13;-14;13;-14;14;-14;14;-14;14;-14;14;-15;13;-15;13;-17;13;-18;13;-19;13;-20;13;-21;12;-22;12;-22;11;-23;11;-24;11;-25,transition,EXP_S154,ZONE_02,sortie_zone,4.1,sortie_zone,sortie de la zone
1252855497,-54,6,a0:9f:7a:73:2b:3e,384,-110;-96;8;0;-7;30;-7;32;-7;32;-6;31;-5;29;-3;27;-1;25;2;22;5;20;7;18;10;17;12;15;14;14;16;13;17;11;19;10;19;9;20;7;20;6;21;4;21;3;21;2;21;1;21;0;21;0;5;-1;0;0;0;0;0;0;0;0;0;0;0;0;0;0;0;0;0;0;-5;-5;-18;-21;-17;-24;-14;-28;-10;-30;-5;-30;-1;-27;1;-23;2;-17;1;-11;-2;-4;-7;1;-13;5;-20;7;-26;7;-31;6;-34;3;-36;1;-37;-2;-35;-4;-33;-4;-28;-4;-24;-2;-19;2;-15;6;-11;11;-9;16;-115;0;9;1;8;1;7;1;7;1;6;1;5;0;4;0;3;0;3;0;2;0;2;-1;1;-1;1;-1;1;-1;0;-1;0;-1;0;-1;0;-1;0;-1;0;-1;0;-1;-1;-1;-1;-1;-1;-1;-1;-1;-1;-1;-1;-1;-1;-1;-1;-1;-1;-1;0;0;-1;0;-1;0;1;-2;3;-4;10;-10;11;-9;12;-8;12;-8;13;-7;14;-6;14;-6;15;-5;15;-5;15;-4;15;-4;15;-3;15;-3;15;-2;15;-2;15;-1;14;-1;14;0;14;0;13;0;13;0;13;0;12;0;12;1;12;1;11;0;11;0;11;0;-115;0;-17;21;-17;21;-16;21;-14;21;-13;21;-12;21;-11;21;-10;21;-8;21;-8;20;-7;20;-6;20;-5;21;-4;21;-4;21;-4;21;-3;21;-3;20;-3;20;-3;20;-2;20;-2;20;-2;20;-3;19;-3;19;-4;19;-4;19;-5;19;-2;7;-1;2;0;-1;0;-1;0;-1;-2;0;-5;2;-13;5;-13;5;-14;5;-14;5;-14;5;-15;5;-15;5;-16;6;-16;6;-17;6;-17;7;-17;7;-18;7;-18;7;-18;8;-18;9;-18;9;-18;10;-18;11;-18;12;-18;13;-19;14;-19;15;-19;16;-18;17;-18;18;-18;19;-18;20,transition,EXP_S154,ZONE_02,sortie_zone,4.1,sortie_zone,sortie de la zone
1253052411,-53,6,a0:9f:7a:73:2b:3e,384,-110;-96;8;0;-32;6;-33;6;-33;6;-32;6;-30;7;-27;8;-24;9;-21;10;-18;12;-15;14;-13;16;-11;18;-9;19;-7;20;-5;21;-4;21;-2;21;0;22;1;21;3;21;4;21;5;20;6;20;7;20;8;20;2;5;0;0;0;0;0;0;0;0;0;0;0;0;0;0;0;0;0;0;2;-7;10;-26;15;-26;19;-25;23;-22;24;-17;24;-13;21;-8;16;-5;10;-3;3;-3;-4;-5;-10;-10;-15;-15;-18;-21;-18;-27;-17;-31;-16;-34;-14;-35;-11;-34;-9;-32;-8;-28;-8;-23;-10;-17;-12;-11;-16;-6;-20;-2;-115;0;1;8;1;8;1;7;1;7;1;6;1;5;0;4;0;3;0;3;0;2;0;2;0;1;0;1;0;0;0;0;0;0;0;0;0;0;0;0;0;-1;0;-1;0;-1;0;-1;0;-1;0;-1;0;-1;0;-1;0;-1;0;-1;0;-1;-1;0;-1;-1;-1;-1;1;0;4;1;13;5;13;6;13;6;12;7;12;8;12;9;11;10;11;10;11;11;10;12;10;12;9;13;9;13;8;13;7;13;7;13;6;13;6;13;6;13;5;12;5;12;4;12;4;12;4;12;3;12;3;11;3;11;3;10;-115;0;-27;-8;-27;-8;-26;-7;-26;-6;-25;-5;-25;-4;-24;-3;-24;-2;-23;-1;-23;0;-22;1;-22;2;-22;2;-22;3;-22;3;-22;3;-22;4;-22;4;-21;4;-21;4;-21;4;-21;4;-21;4;-21;3;-21;3;-21;2;-21;1;-21;0;-8;0;-3;-1;0;-1;0;0;0;0;-2;-1;-5;-3;-12;-9;-12;-9;-12;-9;-12;-10;-12;-10;-13;-11;-13;-11;-14;-11;-14;-12;-15;-12;-15;-12;-15;-13;-16;-13;-16;-13;-16;-13;-17;-13;-17;-13;-18;-12;-18;-12;-19;-12;-21;-12;-22;-11;-23;-11;-24;-11;-24;-10;-25;-10;-26;-9;-27;-9,transition,EXP_S154,ZONE_02,sortie_zone,4.1,sortie_zone,sortie de la zone
1253252216,-54,6,a0:9f:7a:73:2b:3e,384,-110;-96;8;0;-13;29;-13;30;-13;30;-12;30;-10;28;-8;26;-5;24;-2;22;1;21;4;19;7;19;9;18;11;17;13;16;14;15;16;14;17;12;18;11;19;9;19;8;20;7;20;5;20;4;21;4;21;4;5;1;0;0;0;0;0;0;0;0;0;0;0;0;0;0;0;0;0;0;-4;-6;-15;-24;-13;-27;-9;-30;-5;-31;0;-30;3;-27;5;-22;5;-16;3;-10;-1;-4;-7;0;-14;3;-21;4;-27;3;-32;0;-35;-3;-36;-6;-36;-9;-35;-10;-32;-10;-28;-9;-23;-6;-19;-2;-16;4;-13;10;-12;15;-114;0;8;3;7;3;7;3;6;3;5;2;4;2;4;2;3;1;3;1;2;1;2;0;1;0;1;0;1;-1;0;-1;0;-1;0;-1;0;-1;0;-1;0;-1;0;-1;-1;-2;-1;-2;-1;-2;-1;-2;0;-2;-1;-2;-1;-2;-1;-1;-1;-1;0;0;-1;0;-1;0;1;-1;4;-3;12;-8;13;-7;13;-6;14;-6;14;-5;15;-4;15;-4;15;-3;16;-2;16;-2;16;-1;16;0;16;1;15;1;15;2;14;2;14;3;14;3;13;3;13;3;13;3;13;3;12;3;12;3;11;4;11;3;10;3;10;3;-114;0;-22;16;-22;16;-21;16;-20;16;-19;17;-17;17;-16;17;-15;17;-14;18;-13;18;-12;18;-11;18;-11;18;-10;18;-10;18;-10;19;-10;19;-10;19;-9;18;-9;18;-9;18;-9;18;-9;18;-9;18;-9;17;-10;17;-11;16;-12;16;-5;5;-2;1;0;-1;0;-1;0;-1;-2;0;-5;1;-13;4;-14;3;-14;3;-15;3;-15;3;-16;3;-16;3;-17;3;-17;3;-18;4;-18;4;-19;4;-19;4;-19;4;-20;5;-20;5;-20;6;-20;6;-20;7;-21;8;-21;9;-21;10;-22;11;-22;12;-23;13;-23;14;-23;15;-23;15,transition,EXP_S154,ZONE_02,sortie_zone,4.1,sortie_zone,sortie de la zone
1253453981,-54,6,a0:9f:7a:73:2b:3e,384,-110;-96;8;0;9;-29;9;-31;9;-31;8;-30;7;-29;5;-27;2;-25;-1;-23;-4;-21;-7;-19;-10;-18;-12;-17;-14;-15;-15;-14;-17;-13;-18;-11;-19;-10;-20;-9;-20;-7;-21;-6;-21;-5;-21;-3;-21;-2;-21;-1;-22;-1;-6;0;0;0;0;0;0;0;0;0;0;0;0;0;0;0;0;0;0;0;3;5;12;23;10;26;6;29;1;30;-3;28;-6;25;-8;20;-7;14;-5;8;0;3;5;-2;12;-4;19;-5;25;-3;30;-1;33;2;34;5;34;7;32;9;30;9;26;8;22;5;17;0;14;-5;11;-11;10;-15;-123;0;-9;-4;-8;-4;-7;-4;-7;-4;-6;-3;-5;-3;-5;-3;-4;-2;-3;-2;-3;-2;-3;-1;-2;-1;-2;-1;-2;0;-1;0;-1;0;-1;0;-1;0;-1;0;-1;0;-1;0;0;0;0;0;0;0;0;0;0;0;0;0;-1;0;-1;0;-1;0;-1;-1;0;-1;0;-1;-2;0;-5;1;-14;4;-15;4;-15;3;-15;2;-16;2;-16;1;-16;0;-16;-1;-16;-1;-16;-2;-16;-2;-16;-3;-16;-3;-16;-4;-15;-4;-15;-5;-15;-5;-14;-5;-14;-5;-14;-5;-13;-5;-13;-5;-13;-5;-13;-5;-12;-5;-11;-5;-11;-5;-11;-5;-123;0;21;-16;20;-16;19;-16;18;-17;17;-17;16;-17;15;-17;14;-17;13;-18;11;-18;11;-18;10;-18;9;-18;8;-19;8;-19;8;-19;7;-20;7;-20;7;-20;7;-19;6;-19;6;-19;6;-19;6;-19;7;-19;7;-18;8;-18;8;-17;3;-7;1;-2;-1;0;-1;0;-1;0;1;-1;4;-1;13;-2;13;-2;13;-1;13;-1;14;-1;14;-1;15;-2;16;-2;16;-2;17;-2;17;-3;18;-3;18;-3;18;-3;19;-3;19;-4;19;-4;19;-5;19;-6;20;-7;20;-8;20;-9;21;-10;21;-11;21;-12;21;-13;21;-14;22;-15,transition,EXP_S154,ZONE_02,sortie_zone,4.1,sortie_zone,sortie de la zone
1253652531,-54,6,a0:9f:7a:73:2b:3e,384,-110;-96;8;0;18;25;19;26;19;26;19;25;18;23;18;20;18;17;18;13;18;10;19;6;20;3;20;1;21;-1;21;-3;21;-5;20;-7;20;-8;19;-10;19;-12;18;-13;17;-14;16;-15;15;-16;15;-17;15;-17;3;-5;0;0;0;0;0;0;0;0;0;0;0;0;0;0;0;0;0;0;-7;0;-28;0;-30;-4;-30;-9;-29;-13;-26;-16;-21;-18;-16;-17;-11;-14;-7;-9;-4;-2;-3;5;-4;12;-7;19;-12;24;-16;27;-21;28;-24;27;-26;25;-26;23;-25;20;-22;18;-17;16;-11;15;-5;15;2;16;6;18;-116;0;15;-10;14;-9;13;-8;12;-7;10;-6;9;-6;7;-5;6;-4;5;-4;4;-4;4;-4;3;-3;2;-3;1;-3;0;-2;0;-2;-1;-2;-1;-2;-1;-2;-1;-2;-2;-2;-2;-2;-2;-2;-2;-1;-2;-1;-2;-1;-2;-2;-2;-2;-1;-1;-1;-1;0;0;-1;1;-1;0;-1;-4;0;-11;3;-30;4;-30;6;-30;9;-30;10;-30;12;-29;13;-29;15;-28;17;-28;18;-28;19;-27;19;-26;20;-25;20;-24;21;-23;21;-21;22;-20;22;-20;22;-19;21;-18;21;-17;20;-16;20;-15;20;-15;20;-15;19;-15;19;-14;18;-14;-116;0;1;54;2;53;3;52;5;50;6;48;8;47;9;46;11;44;12;43;14;41;15;40;16;39;18;38;19;37;20;37;21;37;21;37;21;37;21;36;21;36;21;36;21;35;20;35;20;35;19;36;18;37;16;37;14;38;5;13;1;4;-1;-2;0;-2;0;-1;-1;2;-4;9;-11;25;-11;25;-12;25;-13;26;-13;27;-14;28;-14;29;-15;30;-15;31;-16;32;-15;33;-15;34;-15;35;-15;36;-15;37;-15;37;-15;38;-13;39;-12;40;-11;42;-10;44;-9;45;-8;47;-6;48;-5;50;-3;51;-2;53;-1;54,transition,EXP_S154,ZONE_02,sortie_zone,4.1,sortie_zone,sortie de la zone
1253852509,-54,6,a0:9f:7a:73:2b:3e,384,-110;-96;8;0;11;-28;12;-30;12;-30;11;-29;9;-28;7;-26;4;-25;1;-23;-2;-21;-5;-20;-8;-19;-11;-18;-13;-17;-14;-16;-16;-15;-17;-14;-18;-12;-19;-11;-20;-9;-21;-8;-21;-7;-22;-6;-22;-5;-22;-4;-22;-4;-6;-1;0;0;0;0;0;0;0;0;0;0;0;0;0;0;0;0;0;0;3;5;11;24;8;27;4;29;0;30;-4;29;-7;25;-9;20;-8;14;-5;8;-1;3;5;-1;12;-3;19;-3;25;-1;30;1;32;4;33;7;33;10;31;11;29;11;25;9;21;6;17;2;14;-4;12;-10;11;-14;-115;0;-9;-4;-8;-4;-8;-3;-7;-3;-7;-2;-6;-2;-5;-2;-4;-2;-3;-2;-3;-1;-3;-1;-3;-1;-2;0;-2;0;-1;0;-1;0;-1;0;-1;0;-1;0;-1;0;-1;1;0;1;0;1;0;1;0;1;0;0;-1;0;-1;0;-1;0;-1;0;-1;-1;0;-1;0;-1;-2;0;-5;2;-13;7;-14;6;-14;5;-15;5;-15;4;-15;3;-16;2;-16;2;-16;1;-17;0;-17;0;-17;0;-16;-1;-16;-1;-15;-2;-15;-2;-15;-3;-15;-3;-15;-3;-14;-3;-13;-3;-13;-3;-13;-4;-13;-4;-13;-4;-12;-3;-12;-3;-11;-3;-115;0;18;-19;17;-19;16;-19;15;-19;14;-20;13;-20;12;-20;11;-20;10;-20;9;-20;8;-20;6;-20;6;-20;5;-21;5;-21;4;-21;4;-21;4;-21;4;-21;4;-21;4;-21;4;-21;4;-20;4;-20;4;-20;5;-20;5;-20;6;-19;2;-7;0;-2;-1;0;-1;0;-1;0;1;-1;4;-2;12;-4;13;-4;13;-4;13;-4;14;-4;14;-4;15;-4;15;-4;16;-4;16;-4;17;-5;17;-5;18;-6;18;-6;18;-6;18;-6;18;-7;18;-8;18;-9;18;-10;19;-11;19;-12;19;-13;19;-14;19;-15;19;-16;19;-17;19;-18,transition,EXP_S154,ZONE_02,sortie_zone,4.1,sortie_zone,sortie de la zone
1254052482,-54,6,a0:9f:7a:73:2b:3e,384,-110;-96;8;0;-21;22;-22;23;-22;23;-21;23;-20;22;-17;21;-14;20;-10;20;-7;19;-4;19;-1;19;2;19;4;19;6;19;8;18;10;18;11;17;13;16;14;15;15;15;16;13;17;12;17;11;18;11;18;11;4;2;0;0;0;0;0;0;0;0;0;0;0;0;0;0;0;0;0;0;-2;-7;-4;-27;0;-29;4;-30;9;-30;12;-27;14;-23;14;-17;11;-12;7;-8;1;-4;-6;-2;-13;-3;-20;-5;-25;-8;-29;-12;-30;-16;-30;-19;-29;-21;-27;-22;-24;-21;-21;-18;-19;-14;-17;-9;-15;-3;-16;4;-16;9;-117;0;12;11;12;11;11;11;10;10;9;8;8;6;6;5;5;4;4;3;3;3;3;2;3;2;3;0;2;-1;1;-1;1;-1;0;-1;0;-1;1;-1;1;-1;1;-2;1;-3;0;-3;0;-3;0;-2;0;-2;0;-1;0;-1;0;-1;0;-1;0;0;-2;0;-1;0;2;-1;10;-3;28;-6;29;-4;29;-2;29;-1;30;1;29;3;30;4;30;6;30;8;30;9;30;10;30;11;29;11;28;12;26;13;26;14;25;14;24;15;24;14;23;14;22;14;20;14;20;15;19;15;19;14;19;14;18;13;18;12;-117;0;-50;17;-49;18;-48;19;-46;20;-44;21;-42;22;-40;23;-38;24;-36;25;-34;26;-33;27;-31;28;-30;29;-29;30;-29;30;-28;31;-28;31;-28;31;-28;31;-28;31;-27;30;-27;30;-26;30;-27;29;-27;29;-28;28;-29;27;-30;26;-11;9;-4;2;0;-1;1;0;0;0;-3;-1;-10;-1;-28;-3;-28;-3;-28;-4;-29;-4;-30;-5;-31;-5;-32;-6;-33;-6;-34;-6;-35;-6;-35;-5;-36;-5;-37;-4;-38;-4;-39;-4;-39;-4;-39;-3;-40;-1;-41;0;-42;2;-44;3;-46;5;-47;6;-47;8;-48;10;-49;12;-50;14;-51;15,transition,EXP_S154,ZONE_02,sortie_zone,4.1,sortie_zone,sortie de la zone
1254252277,-54,6,a0:9f:7a:73:2b:3e,384,-110;-96;8;0;-36;4;-38;4;-38;4;-36;4;-34;5;-31;6;-28;7;-25;9;-22;11;-19;14;-17;16;-15;18;-13;20;-11;21;-9;22;-7;23;-5;24;-3;24;-2;24;0;24;1;24;2;24;3;24;4;24;4;24;1;6;0;0;0;0;0;0;0;0;0;0;0;0;0;0;0;0;0;0;2;-7;13;-28;17;-27;22;-26;26;-22;28;-17;27;-12;23;-7;18;-4;11;-2;3;-3;-4;-6;-11;-11;-15;-17;-18;-24;-19;-30;-18;-35;-15;-38;-13;-39;-10;-38;-9;-35;-8;-31;-8;-25;-10;-19;-13;-14;-17;-8;-22;-4;-118;0;1;10;1;9;1;8;0;7;0;6;0;6;0;5;0;4;0;3;0;3;0;2;0;2;0;1;0;1;0;1;0;0;0;0;0;0;0;0;0;-1;0;-1;0;-1;0;-1;0;-1;0;-1;0;-1;0;-1;0;-1;0;-1;0;-1;-1;0;-1;-1;-1;-1;1;0;5;2;14;6;14;7;14;8;13;9;13;10;12;11;12;12;12;12;11;13;10;14;10;14;9;15;8;15;8;15;7;15;6;15;6;15;5;14;5;14;4;14;4;14;4;14;4;14;3;13;3;13;3;13;3;12;2;12;-118;0;-29;-12;-29;-11;-29;-10;-28;-9;-28;-8;-27;-7;-27;-6;-26;-5;-26;-5;-25;-3;-25;-2;-25;-2;-25;-1;-25;0;-25;0;-25;0;-25;0;-25;0;-25;0;-24;0;-24;0;-24;0;-23;0;-23;0;-23;-1;-23;-2;-23;-3;-23;-4;-9;-2;-3;-1;0;-1;0;0;0;0;-2;-1;-5;-4;-12;-10;-12;-10;-12;-11;-12;-11;-12;-12;-13;-12;-13;-12;-14;-13;-14;-13;-15;-14;-15;-14;-16;-14;-16;-15;-16;-15;-17;-15;-17;-15;-18;-15;-18;-15;-19;-14;-20;-14;-22;-14;-23;-14;-24;-13;-25;-13;-26;-13;-27;-13;-28;-12;-28;-12,transition,EXP_S154,ZONE_02,sortie_zone,4.1,sortie_zone,sortie de la zone
1254452440,-54,6,a0:9f:7a:73:2b:3e,384,-110;-96;8;0;-3;30;-4;32;-3;32;-3;31;-2;29;0;27;2;24;4;22;7;19;9;17;11;16;13;15;15;13;17;12;18;10;19;9;20;8;20;6;21;5;21;3;21;2;21;1;21;0;21;0;21;-1;5;-1;0;0;0;0;0;0;0;0;0;0;0;0;0;0;0;0;0;0;-6;-4;-22;-16;-21;-20;-19;-25;-15;-27;-11;-28;-6;-26;-3;-22;-1;-17;-1;-10;-2;-4;-6;2;-12;7;-18;10;-24;11;-29;10;-33;8;-36;6;-36;3;-35;1;-32;0;-28;0;-24;1;-18;4;-14;8;-10;12;-7;17;-120;0;8;-1;8;0;8;0;7;-1;6;-1;5;-1;4;-1;3;-1;2;0;2;0;2;0;2;-1;1;-1;1;-2;0;-2;0;-1;0;-1;0;-1;0;-1;0;-1;0;-2;-1;-2;-1;-2;-1;-2;-1;-1;-1;-1;-1;-1;0;-1;0;-1;0;-1;-1;0;-1;0;-1;0;0;-2;2;-5;6;-14;6;-14;7;-13;8;-13;9;-12;9;-12;10;-11;11;-11;12;-10;13;-10;13;-10;13;-9;13;-8;13;-7;13;-6;13;-6;14;-5;14;-5;13;-5;13;-5;12;-4;12;-3;12;-3;12;-2;12;-2;12;-3;11;-3;10;-3;-120;0;-12;24;-12;23;-11;23;-10;23;-9;22;-8;22;-7;22;-6;22;-5;21;-4;21;-4;21;-3;20;-2;20;-2;21;-2;21;-1;21;-1;21;-1;21;-1;21;-1;20;-2;20;-2;20;-2;20;-2;20;-3;20;-4;20;-5;20;-6;19;-2;7;-1;2;0;-1;0;-1;0;-1;-1;1;-4;3;-9;10;-9;10;-10;10;-10;10;-10;10;-11;11;-12;11;-12;11;-13;11;-13;12;-13;12;-13;13;-13;13;-14;13;-14;14;-14;14;-14;14;-14;15;-13;16;-13;17;-14;18;-14;19;-14;19;-14;20;-13;21;-13;22;-12;23;-12;23,transition,EXP_S154,ZONE_02,sortie_zone,4.1,sortie_zone,sortie de la zone
1254652417,-54,6,a0:9f:7a:73:2b:3e,384,-110;-96;8;0;-28;13;-29;14;-29;14;-28;14;-27;14;-24;14;-21;14;-18;15;-14;16;-11;17;-8;18;-6;19;-4;19;-1;20;0;21;2;21;3;21;5;21;6;20;7;20;9;19;10;19;10;18;11;18;11;18;2;4;0;0;0;0;0;0;0;0;0;0;0;0;0;0;0;0;0;0;0;-7;4;-27;8;-27;12;-27;16;-25;19;-22;20;-17;18;-12;14;-8;9;-5;2;-4;-5;-4;-12;-6;-17;-10;-21;-15;-23;-20;-24;-24;-23;-27;-21;-29;-18;-29;-16;-28;-14;-24;-13;-20;-13;-14;-14;-8;-16;-2;-18;2;-120;0;11;12;10;12;10;12;10;11;9;10;8;8;6;6;5;5;3;4;3;4;3;4;4;3;4;2;3;0;2;-1;1;-1;1;-1;1;0;1;0;2;0;2;-1;2;-3;1;-3;0;-3;0;-2;0;-1;0;0;0;0;0;0;0;0;-1;-1;-2;0;-1;-1;2;-1;10;-2;28;-4;28;-3;29;-1;29;0;29;1;29;3;29;4;29;6;29;8;30;9;30;10;29;11;27;12;26;13;24;15;23;16;23;16;23;16;23;16;22;15;21;15;20;15;19;16;18;17;18;17;18;16;18;15;17;13;-120;0;-51;11;-51;12;-49;13;-48;14;-46;15;-44;17;-43;18;-41;19;-40;20;-39;21;-37;22;-36;23;-35;24;-35;24;-34;25;-34;25;-34;25;-34;25;-34;25;-34;25;-33;25;-33;25;-33;24;-33;23;-34;22;-34;20;-35;19;-36;17;-13;6;-5;1;1;-1;1;0;0;0;-4;-1;-10;-2;-27;-4;-27;-5;-27;-5;-27;-5;-29;-5;-30;-6;-31;-6;-32;-7;-33;-7;-33;-6;-34;-6;-36;-6;-37;-6;-38;-6;-39;-6;-38;-6;-38;-6;-39;-4;-40;-3;-42;-1;-44;1;-45;2;-47;3;-48;4;-49;6;-50;8;-51;9;-51;10,transition,EXP_S154,ZONE_02,sortie_zone,4.1,sortie_zone,sortie de la zone
1254854427,-54,6,a0:9f:7a:73:2b:3e,384,-110;-96;8;0;-19;-26;-20;-27;-20;-27;-20;-26;-19;-24;-19;-22;-19;-18;-19;-15;-20;-11;-20;-8;-21;-4;-21;-2;-22;0;-22;3;-22;5;-21;6;-21;8;-21;9;-20;10;-19;12;-19;13;-18;14;-17;15;-16;15;-16;15;-4;3;0;0;0;0;0;0;0;0;0;0;0;0;0;0;0;0;0;0;6;-1;27;0;28;4;28;9;27;13;23;16;19;17;14;16;9;13;5;8;3;1;2;-6;4;-13;7;-19;11;-24;16;-27;20;-28;23;-27;25;-26;25;-23;24;-20;21;-18;16;-16;11;-15;4;-15;-2;-16;-7;-18;-115;0;-14;11;-14;11;-13;10;-12;10;-10;9;-8;8;-6;7;-5;5;-5;3;-5;3;-4;3;-3;3;-2;3;-1;3;0;2;0;1;-1;0;-1;1;-1;1;-1;2;0;2;1;1;2;1;1;0;1;-1;0;-1;0;0;0;1;0;0;0;0;0;0;-1;-2;0;-1;0;2;1;10;3;28;1;29;-1;30;-2;30;-4;30;-6;30;-8;29;-10;29;-11;29;-13;30;-13;30;-13;29;-14;28;-15;27;-16;26;-17;25;-18;25;-18;24;-17;24;-16;22;-16;21;-16;20;-17;19;-17;18;-17;18;-17;18;-15;18;-14;18;-115;0;-17;-53;-18;-52;-19;-50;-20;-48;-21;-46;-22;-44;-24;-42;-25;-40;-25;-38;-26;-37;-27;-35;-28;-34;-29;-33;-30;-32;-31;-31;-32;-31;-32;-31;-32;-31;-32;-31;-31;-30;-31;-30;-30;-29;-30;-29;-30;-29;-29;-30;-28;-31;-27;-32;-26;-33;-9;-12;-3;-4;0;0;-1;1;-1;0;0;-3;1;-10;4;-27;5;-27;5;-28;5;-28;5;-30;5;-31;6;-32;6;-33;7;-33;6;-34;6;-35;6;-36;6;-37;6;-38;6;-39;5;-39;4;-40;2;-40;0;-42;-2;-43;-4;-45;-5;-47;-6;-48;-7;-49;-9;-50;-11;-51;-12;-52;-13;-54,transition,EXP_S154,ZONE_02,sortie_zone,4.1,sortie_zone,sortie de la zone
1255053112,-54,6,a0:9f:7a:73:2b:3e,384,-110;-96;8;0;24;-19;25;-21;25;-21;24;-20;22;-20;19;-19;16;-19;13;-19;9;-19;6;-20;3;-20;0;-21;-2;-21;-4;-21;-6;-21;-7;-21;-9;-20;-10;-20;-12;-19;-13;-18;-14;-17;-15;-17;-16;-16;-16;-15;-16;-15;-4;-4;0;0;0;0;0;0;0;0;0;0;0;0;0;0;0;0;0;0;0;6;0;26;-4;28;-8;29;-13;27;-16;24;-17;20;-16;15;-13;10;-8;6;-2;3;5;2;12;3;18;6;23;10;26;15;27;19;27;22;25;24;23;24;21;23;18;20;16;16;15;10;15;4;16;-3;17;-8;-124;0;-14;-11;-13;-11;-13;-11;-12;-10;-11;-9;-9;-7;-8;-6;-6;-5;-5;-5;-4;-4;-4;-4;-4;-3;-4;-2;-3;-1;-2;0;-1;0;-1;0;-1;0;-2;0;-2;1;-2;1;-2;2;-1;2;0;2;0;1;0;1;-1;1;-1;0;-1;0;-1;0;-1;-1;1;-1;0;-1;-3;1;-11;2;-29;6;-30;5;-30;4;-31;2;-31;1;-31;-1;-31;-3;-31;-5;-32;-6;-32;-7;-32;-8;-32;-9;-31;-10;-29;-11;-28;-12;-28;-13;-27;-14;-27;-14;-27;-13;-26;-13;-24;-13;-23;-13;-22;-14;-22;-14;-21;-14;-21;-14;-20;-13;-20;-12;-124;0;48;-23;47;-24;45;-24;43;-25;41;-26;39;-27;37;-28;35;-29;34;-30;32;-30;30;-31;28;-32;27;-32;26;-33;25;-34;25;-35;25;-35;25;-35;24;-35;24;-34;24;-34;23;-34;23;-33;23;-33;24;-32;25;-31;26;-30;27;-29;10;-10;3;-3;-1;1;-2;-1;-1;-1;3;0;9;0;27;0;27;0;27;0;28;0;29;0;30;1;31;1;32;1;33;1;34;1;35;0;36;0;37;-1;38;-1;39;-1;39;-1;39;-2;39;-4;40;-6;42;-8;43;-9;45;-11;46;-12;46;-14;47;-16;48;-18;48;-20;49;-22,transition,EXP_S154,ZONE_02,sortie_zone,4.1,sortie_zone,sortie de la zone
1255256514,-54,6,a0:9f:7a:73:2b:3e,384,-110;-96;8;0;-34;-1;-36;-1;-36;-1;-35;-1;-33;0;-30;2;-27;4;-24;7;-21;9;-19;12;-17;15;-14;17;-12;18;-10;20;-8;21;-7;22;-5;23;-3;23;-1;23;0;23;2;24;3;23;4;23;5;23;6;23;1;5;0;0;0;0;0;0;0;0;0;0;0;0;0;0;0;0;0;0;5;-6;22;-22;26;-20;30;-17;32;-12;32;-7;29;-2;25;1;18;2;11;2;3;-2;-3;-7;-8;-13;-11;-21;-11;-28;-10;-33;-8;-38;-5;-40;-3;-41;0;-39;1;-36;1;-31;-1;-26;-4;-20;-9;-14;-14;-10;-19;-7;-113;0;1;9;1;9;1;8;2;8;2;7;2;5;1;4;1;3;0;2;-1;2;0;2;0;2;1;1;1;0;1;-1;0;-1;0;-1;0;0;0;0;1;0;1;0;1;-1;1;-2;0;-2;0;-2;-1;-1;0;-1;0;0;0;0;0;0;0;0;-1;-1;-1;-1;1;0;5;2;15;6;15;7;15;8;15;8;14;9;13;10;13;11;12;12;12;13;12;14;12;14;12;14;10;14;9;14;8;14;7;14;7;15;7;15;7;14;7;13;6;13;5;13;4;13;4;13;4;13;4;13;5;12;5;11;-113;0;-29;-7;-29;-7;-28;-6;-27;-5;-27;-3;-26;-2;-26;-1;-25;0;-25;1;-24;2;-23;3;-23;4;-23;4;-23;5;-23;6;-23;6;-23;6;-23;6;-23;6;-23;6;-22;6;-22;6;-22;6;-22;5;-22;5;-22;4;-22;3;-22;2;-8;0;-3;0;0;-1;0;0;0;0;-2;-1;-5;-4;-13;-9;-12;-10;-13;-10;-13;-10;-14;-10;-14;-11;-15;-12;-15;-13;-15;-13;-15;-13;-16;-13;-17;-13;-18;-13;-18;-14;-18;-14;-18;-14;-18;-13;-19;-13;-20;-12;-21;-12;-23;-11;-24;-11;-25;-11;-25;-11;-26;-10;-27;-9;-28;-8;-28;-8,transition,EXP_S154,ZONE_02,sortie_zone,4.1,sortie_zone,sortie de la zone
1255462455,-54,6,a0:9f:7a:73:2b:3e,384,-110;-96;8;0;2;-32;2;-33;2;-33;1;-32;0;-30;-1;-28;-3;-25;-6;-23;-8;-21;-11;-19;-13;-17;-15;-15;-17;-14;-18;-12;-19;-10;-20;-9;-21;-7;-22;-5;-22;-4;-22;-2;-23;-1;-23;0;-23;1;-23;1;-22;2;-6;0;0;0;0;0;0;0;0;0;0;0;0;0;0;0;0;0;0;0;5;4;21;17;19;21;17;25;13;27;8;28;4;26;1;22;-1;16;-1;9;1;3;5;-3;11;-7;18;-10;24;-11;29;-10;33;-9;35;-6;36;-4;35;-2;32;-1;28;-1;23;-2;18;-5;13;-9;9;-13;6;-18;-117;0;-9;1;-9;0;-9;0;-8;1;-7;1;-6;1;-4;1;-3;0;-3;0;-3;0;-3;0;-3;0;-2;1;-1;1;-1;1;0;0;0;0;-1;0;-1;0;-1;1;-1;1;0;1;1;1;1;1;0;0;0;0;-1;0;-1;0;-1;0;-1;0;0;0;0;-1;0;-1;-1;1;-2;4;-6;13;-7;13;-8;13;-8;13;-9;12;-10;12;-10;11;-12;11;-13;10;-13;10;-13;10;-14;10;-13;9;-14;8;-14;7;-14;6;-15;6;-14;6;-14;6;-13;6;-12;5;-12;4;-12;3;-13;3;-13;3;-13;3;-12;3;-11;3;-117;0;7;-27;6;-26;6;-26;5;-25;4;-25;2;-24;2;-24;1;-23;0;-23;-1;-22;-2;-22;-2;-22;-3;-21;-4;-21;-4;-21;-4;-22;-5;-22;-5;-21;-5;-21;-5;-21;-5;-21;-4;-21;-4;-21;-4;-21;-3;-21;-2;-21;-1;-21;-1;-21;0;-8;0;-3;0;0;-1;0;-1;0;0;-2;2;-4;7;-12;7;-11;8;-11;8;-12;8;-12;9;-13;9;-13;10;-13;10;-14;10;-14;10;-15;10;-15;11;-16;11;-16;12;-16;12;-16;11;-17;11;-17;10;-18;10;-19;10;-21;10;-22;10;-22;9;-23;9;-24;8;-25;8;-26;8;-27,transition,EXP_S154,ZONE_02,sortie_zone,4.1,sortie_zone,sortie de la zone
1255654236,-54,6,a0:9f:7a:73:2b:3e,384,-110;-96;8;0;24;-26;25;-27;25;-27;24;-26;22;-25;19;-25;15;-24;11;-23;7;-23;3;-23;0;-23;-3;-23;-5;-23;-7;-23;-10;-22;-11;-22;-13;-21;-14;-20;-16;-19;-17;-18;-18;-17;-19;-16;-20;-15;-21;-14;-21;-14;-6;-4;0;0;0;0;0;0;0;0;0;0;0;0;0;0;0;0;0;0;1;7;6;29;2;32;-3;33;-8;33;-12;30;-15;25;-15;20;-13;13;-8;8;-1;4;6;2;14;2;22;4;28;7;32;12;34;16;34;19;33;22;30;23;27;22;24;19;21;14;19;9;17;2;17;-6;18;-11;-117;0;-8;-7;-8;-7;-7;-6;-7;-6;-7;-5;-6;-4;-5;-3;-4;-3;-3;-3;-3;-3;-3;-3;-3;-2;-3;-1;-2;0;-2;0;-1;0;-1;0;-1;0;-1;0;-1;0;-1;1;-1;1;0;1;0;1;0;1;0;0;-1;0;-1;0;-1;-1;-1;0;-1;0;0;-1;0;-1;-2;0;-6;1;-16;3;-17;2;-17;2;-18;1;-17;0;-17;-1;-17;-2;-18;-3;-18;-4;-18;-4;-18;-5;-18;-5;-17;-6;-16;-6;-16;-7;-15;-8;-15;-8;-15;-8;-15;-8;-14;-7;-14;-7;-13;-7;-13;-8;-12;-8;-12;-8;-12;-8;-12;-7;-12;-6;-117;0;27;-14;26;-14;25;-14;24;-14;23;-15;22;-16;21;-16;19;-17;18;-17;17;-17;16;-17;15;-18;14;-18;14;-19;13;-19;13;-20;13;-20;13;-20;13;-20;12;-20;12;-20;12;-20;12;-19;12;-19;13;-19;13;-18;14;-17;15;-17;5;-6;1;-2;-1;0;-1;-1;-1;-1;1;0;5;0;14;0;15;0;15;0;15;0;16;0;17;0;18;0;18;0;18;0;19;0;19;0;20;-1;21;-1;21;-1;22;-1;22;-1;22;-1;22;-2;22;-3;23;-5;24;-6;25;-7;26;-7;26;-8;26;-9;27;-11;27;-12;27;-13,transition,EXP_S154,ZONE_02,sortie_zone,4.1,sortie_zone,sortie de la zone
1255852544,-54,6,a0:9f:7a:73:2b:3e,384,-110;-96;8;0;0;30;0;32;0;32;0;31;1;29;2;27;4;24;6;22;8;19;10;17;12;15;14;13;16;12;17;10;19;9;20;7;20;6;21;5;21;3;21;2;21;1;21;0;21;-1;21;-2;21;-2;5;-1;0;0;0;0;0;0;0;0;0;0;0;0;0;0;0;0;0;0;-6;-4;-24;-14;-23;-18;-21;-22;-18;-25;-14;-26;-9;-25;-5;-22;-3;-17;-2;-10;-3;-4;-6;3;-11;8;-17;11;-22;12;-28;12;-32;11;-34;9;-35;7;-34;5;-32;3;-28;3;-23;4;-18;6;-13;9;-9;13;-5;17;-125;0;8;-1;8;-1;7;-1;7;-1;6;-1;5;-1;4;-1;3;-1;3;0;2;0;2;-1;2;-1;1;-1;1;-2;0;-2;0;-1;0;-1;0;-1;0;-1;0;-1;0;-1;-1;-2;-1;-2;-1;-1;-1;-1;-1;-1;-1;-1;-1;-1;0;-1;0;-1;0;0;-1;0;-1;0;0;-2;2;-5;7;-13;7;-13;8;-12;9;-12;10;-11;10;-11;11;-10;12;-9;13;-9;13;-9;13;-8;13;-8;13;-7;13;-6;13;-5;14;-5;14;-4;13;-4;13;-4;13;-4;12;-3;12;-3;12;-3;12;-2;11;-2;11;-2;11;-2;11;-2;-125;0;-12;23;-12;23;-11;23;-10;23;-9;22;-8;22;-7;22;-6;22;-6;21;-5;21;-5;20;-4;20;-3;21;-2;21;-2;21;-1;21;-1;21;-1;21;-1;21;-1;20;-1;20;-1;20;-2;20;-2;20;-3;19;-3;19;-4;19;-5;19;-2;7;-1;2;0;-1;0;-1;0;-1;-1;1;-4;3;-10;9;-10;8;-11;9;-11;9;-11;9;-12;10;-12;10;-13;10;-13;11;-14;11;-14;11;-14;11;-15;12;-15;12;-15;12;-15;13;-15;13;-14;14;-14;15;-14;16;-14;17;-14;18;-14;19;-14;19;-14;20;-14;21;-14;22;-14;23,transition,EXP_S154,ZONE_02,sortie_zone,4.1,sortie_zone,sortie de la zone
1256054458,-54,6,a0:9f:7a:73:2b:3e,384,-110;-96;8;0;28;12;29;12;30;12;29;11;27;10;26;8;24;5;22;2;21;-1;20;-4;19;-7;18;-10;17;-12;16;-14;14;-16;13;-17;12;-18;11;-19;9;-20;8;-21;7;-21;6;-22;5;-22;4;-22;4;-22;0;-6;0;0;0;0;0;0;0;0;0;0;0;0;0;0;0;0;0;0;-6;3;-25;11;-28;9;-31;4;-31;0;-30;-4;-26;-8;-21;-9;-15;-8;-9;-5;-4;-1;0;5;2;13;2;19;1;25;-2;30;-5;33;-8;34;-11;34;-12;32;-12;29;-10;25;-7;21;-3;18;3;15;9;12;14;11;-120;0;3;-9;3;-8;3;-8;3;-7;2;-6;2;-5;1;-5;1;-4;1;-4;1;-3;0;-3;0;-3;-1;-2;-1;-2;-1;-2;-1;-1;-1;-1;-1;-1;-1;-1;-1;-1;-2;-1;-2;-1;-2;0;-1;0;-1;0;-1;0;-1;-1;-1;-1;-1;-1;-1;-1;0;-1;0;0;0;0;-1;-2;-3;-5;-8;-14;-7;-14;-6;-15;-5;-15;-4;-16;-4;-16;-3;-16;-2;-16;-2;-17;-1;-17;0;-17;0;-17;1;-16;1;-16;2;-16;3;-15;3;-15;3;-15;3;-14;3;-14;3;-14;3;-13;3;-13;3;-13;3;-12;3;-12;3;-12;3;-11;-120;0;16;20;16;20;16;19;16;18;17;17;17;16;17;15;17;14;17;13;17;12;17;11;18;10;18;10;18;9;19;8;19;8;19;8;19;8;19;8;19;7;19;7;18;7;18;7;18;8;18;8;17;9;17;10;16;10;6;3;1;1;-1;-1;-1;-1;-1;-1;0;1;1;4;2;12;2;13;2;13;2;13;2;14;2;14;2;15;2;15;3;16;3;16;3;17;3;17;4;18;4;18;4;18;4;19;5;19;6;19;6;19;7;19;8;19;10;20;10;20;11;20;12;21;13;21;14;21;15;21,transition,EXP_S154,ZONE_02,sortie_zone,4.1,sortie_zone,sortie de la zone
1256255512,-54,6,a0:9f:7a:73:2b:3e,384,-110;-96;8;0;19;24;21;25;21;25;20;24;19;22;19;19;19;16;19;13;19;10;19;6;20;4;20;1;21;-1;21;-3;21;-5;21;-7;20;-8;20;-10;19;-11;19;-12;18;-13;17;-14;17;-14;17;-15;16;-15;4;-4;0;0;0;0;0;0;0;0;0;0;0;0;0;0;0;0;0;0;-7;1;-27;5;-30;2;-31;-3;-30;-8;-28;-12;-23;-14;-18;-14;-13;-11;-8;-7;-5;-1;-3;5;-3;13;-5;19;-9;24;-13;28;-17;29;-20;29;-23;28;-23;25;-22;23;-20;20;-15;18;-10;16;-4;15;2;16;7;17;-113;0;9;-15;9;-14;9;-14;8;-12;7;-11;5;-9;4;-8;4;-7;4;-6;3;-6;3;-5;2;-5;0;-4;-1;-4;-2;-3;-2;-2;-1;-1;-1;-1;-1;-2;-1;-2;-2;-2;-3;-2;-3;-1;-3;-1;-2;0;-2;-1;-2;-1;-2;-2;-1;-1;-1;-1;0;0;0;1;0;0;-2;-3;-5;-10;-12;-27;-10;-28;-9;-29;-7;-30;-6;-30;-4;-31;-2;-31;-1;-32;1;-32;2;-32;3;-32;5;-32;6;-31;7;-30;8;-29;9;-28;10;-28;10;-27;10;-27;10;-26;10;-25;10;-24;11;-23;11;-23;11;-22;11;-22;10;-21;9;-21;-113;0;25;47;25;46;26;45;26;44;27;42;28;40;29;37;29;36;29;34;30;32;30;31;30;29;32;28;33;27;33;26;34;26;34;26;34;25;34;25;34;25;33;25;33;25;32;25;31;26;31;26;29;28;28;30;27;31;9;11;2;3;-2;-1;-1;-2;-1;-1;0;3;1;9;3;27;3;27;3;27;2;28;2;29;2;30;2;32;2;33;3;34;3;35;3;36;4;37;4;38;4;38;4;39;4;39;5;39;7;40;8;41;10;42;12;43;14;44;15;45;17;45;19;46;20;47;22;48;23;48,transition,EXP_S154,ZONE_02,sortie_zone,4.1,sortie_zone,sortie de la zone
1256456867,-54,6,a0:9f:7a:73:2b:3e,384,-110;-96;8;0;24;-19;26;-20;26;-20;24;-20;22;-20;19;-20;16;-19;13;-19;9;-19;6;-20;3;-21;0;-21;-2;-21;-4;-21;-6;-21;-8;-20;-10;-20;-11;-19;-13;-18;-14;-18;-15;-17;-16;-16;-17;-15;-17;-15;-18;-14;-5;-4;0;0;0;0;0;0;0;0;0;0;0;0;0;0;0;0;0;0;-1;6;-4;26;-8;28;-13;27;-17;25;-19;22;-20;17;-19;12;-15;7;-9;4;-2;2;5;2;12;4;18;7;22;12;25;17;25;21;25;24;23;26;21;26;19;25;17;21;15;17;14;11;14;4;15;-2;17;-7;-120;0;-10;-15;-10;-15;-9;-14;-9;-13;-8;-11;-7;-9;-6;-7;-5;-6;-4;-5;-3;-5;-3;-4;-4;-3;-4;-2;-3;-1;-3;-1;-3;0;-2;0;-2;0;-2;0;-3;0;-3;1;-3;1;-2;2;-2;2;-1;2;-2;1;-2;1;-2;0;-1;0;-1;0;0;-1;1;0;0;0;-4;-1;-11;-2;-30;-6;-30;-8;-30;-10;-30;-11;-29;-13;-28;-14;-28;-16;-28;-18;-28;-19;-27;-20;-27;-21;-26;-22;-25;-22;-23;-22;-22;-22;-21;-23;-21;-23;-20;-23;-20;-22;-19;-22;-18;-21;-17;-21;-16;-21;-16;-21;-15;-21;-15;-20;-15;-19;-15;-19;-120;0;53;-5;52;-6;51;-7;49;-9;48;-10;46;-12;45;-13;43;-14;41;-16;40;-17;38;-19;36;-20;35;-22;35;-23;35;-24;34;-25;34;-25;34;-25;34;-25;34;-25;33;-25;33;-24;32;-24;32;-24;32;-23;33;-22;34;-21;35;-19;12;-7;4;-2;-2;0;-2;-1;-1;-1;2;1;8;4;24;11;24;12;24;12;24;12;25;13;26;14;27;14;28;15;29;15;30;15;31;15;32;14;33;14;34;14;35;14;35;14;36;13;37;12;39;10;41;9;43;8;44;7;46;6;48;4;49;2;51;0;52;-1;53;-3,transition,EXP_S154,ZONE_02,sortie_zone,4.1,sortie_zone,sortie de la zone
1256657970,-54,6,a0:9f:7a:73:2b:3e,384,-110;-96;8;0;9;-31;9;-32;9;-32;9;-32;7;-30;5;-28;3;-26;0;-24;-3;-22;-6;-21;-9;-19;-11;-18;-13;-17;-15;-15;-16;-14;-18;-13;-19;-12;-20;-10;-21;-9;-21;-7;-22;-6;-22;-5;-22;-5;-22;-4;-22;-3;-6;-1;0;0;0;0;0;0;0;0;0;0;0;0;0;0;0;0;0;0;4;5;16;22;14;25;10;28;6;30;1;29;-3;26;-5;21;-5;15;-3;9;0;3;6;-2;12;-5;19;-6;25;-5;30;-4;34;-1;35;1;36;4;34;6;31;6;27;5;23;3;18;-1;15;-6;12;-11;10;-16;-113;0;-9;-2;-9;-2;-9;-2;-8;-2;-8;-1;-6;0;-5;0;-4;-1;-3;-1;-3;-1;-3;-1;-3;0;-3;0;-2;1;-1;1;-1;0;-1;0;-1;0;-1;0;-2;0;-1;1;-1;1;0;1;0;1;0;0;0;0;-1;0;-1;0;-1;0;-1;0;-1;0;0;-1;0;-1;-1;1;-4;4;-10;11;-11;11;-12;10;-12;10;-13;9;-13;8;-14;7;-15;6;-16;6;-16;5;-17;5;-16;5;-16;4;-16;3;-15;2;-16;2;-16;1;-16;1;-15;1;-14;1;-14;1;-13;0;-13;-1;-13;-1;-13;-1;-13;-1;-13;0;-12;0;-113;0;15;-23;15;-23;14;-23;13;-22;12;-22;11;-22;10;-22;9;-22;8;-22;7;-21;6;-21;5;-21;4;-21;4;-21;3;-21;3;-21;3;-22;3;-22;3;-22;3;-21;3;-21;3;-21;3;-20;3;-20;3;-20;4;-20;5;-20;6;-20;2;-7;0;-3;-1;0;-1;0;-1;0;1;-1;3;-3;11;-8;11;-8;11;-8;11;-8;12;-9;12;-9;13;-9;14;-9;14;-9;14;-9;14;-10;14;-11;15;-11;16;-11;16;-11;16;-12;16;-12;15;-13;15;-14;16;-15;16;-16;16;-17;17;-18;17;-18;16;-19;16;-21;16;-22;16;-23,transition,EXP_S154,ZONE_02,sortie_zone,4.1,sortie_zone,sortie de la zone
1256852344,-53,6,a0:9f:7a:73:2b:3e,384,-110;-96;8;0;6;32;7;33;7;34;8;32;8;30;9;27;10;24;12;20;14;17;15;14;17;11;18;8;20;6;21;4;21;2;22;0;22;-2;21;-4;21;-6;21;-8;20;-9;20;-11;19;-11;19;-12;18;-12;4;-3;0;0;0;0;0;0;0;0;0;0;0;0;0;0;0;0;0;0;-7;-4;-24;-18;-23;-22;-21;-26;-17;-29;-12;-30;-7;-28;-3;-24;-1;-18;0;-10;-2;-3;-6;4;-11;10;-17;14;-23;16;-29;16;-34;15;-37;13;-38;10;-37;8;-34;6;-29;6;-24;6;-18;8;-12;11;-6;15;-2;18;-114;0;8;-5;8;-4;8;-4;7;-4;6;-4;4;-4;3;-3;2;-2;2;-2;2;-1;2;-2;2;-2;1;-2;0;-2;-1;-2;-1;-1;-1;-1;0;-1;0;-1;0;-2;-1;-2;-1;-2;-2;-2;-2;-1;-2;-1;-1;-1;-1;-1;-1;-1;0;-1;0;-1;-1;-1;-1;1;-1;0;0;-2;0;-6;1;-17;2;-17;3;-17;4;-17;5;-17;6;-16;7;-16;8;-16;9;-16;10;-16;10;-16;10;-15;10;-14;11;-13;11;-12;12;-12;12;-11;12;-11;12;-11;11;-10;11;-10;11;-9;11;-8;11;-8;11;-8;11;-8;10;-8;9;-8;-114;0;-1;28;0;27;0;27;1;26;2;25;3;24;4;24;4;23;5;22;6;22;6;21;7;20;7;20;8;20;8;19;9;19;9;19;9;19;9;19;9;19;9;19;9;18;8;18;8;18;8;18;7;19;6;19;5;20;2;7;0;2;-1;-1;0;-1;0;-1;-1;1;-2;4;-5;13;-5;12;-5;13;-6;13;-6;14;-6;14;-7;15;-7;15;-7;15;-7;16;-7;16;-7;17;-7;18;-8;19;-8;19;-8;19;-7;19;-7;19;-6;20;-5;22;-5;23;-5;24;-5;25;-4;25;-3;26;-2;27;-1;27;-1;28,transition,EXP_S154,ZONE_02,sortie_zone,4.1,sortie_zone,sortie de la zone
1257052545,-54,6,a0:9f:7a:73:2b:3e,384,-110;-96;8;0;-9;31;-9;32;-9;32;-8;31;-7;29;-5;27;-3;25;0;23;3;21;6;19;8;18;10;17;12;16;14;15;16;13;17;12;18;11;19;10;20;8;20;7;21;6;21;5;21;4;21;3;21;3;5;0;0;0;0;0;0;0;0;0;0;0;0;0;0;0;0;0;0;0;-5;-5;-20;-20;-18;-24;-15;-28;-11;-29;-6;-29;-2;-27;1;-22;2;-17;1;-10;-2;-4;-7;2;-13;5;-20;7;-26;7;-31;5;-35;3;-37;1;-37;-2;-35;-4;-32;-5;-29;-4;-24;-2;-20;2;-16;6;-12;12;-10;16;-116;0;7;0;8;1;7;1;7;0;6;0;5;-1;4;-1;2;-1;2;0;2;0;2;0;2;-1;1;-1;1;-2;0;-2;-1;-1;-1;-1;0;-1;0;-1;0;-2;0;-2;-1;-2;-1;-2;-1;-2;-1;-1;-1;-1;0;-1;0;-1;0;-1;0;-1;0;-1;-1;0;-1;0;0;-2;3;-5;9;-12;9;-12;10;-11;11;-11;11;-10;12;-9;12;-8;13;-8;14;-7;15;-7;15;-7;15;-7;14;-6;14;-5;14;-4;14;-3;14;-3;14;-3;14;-3;13;-3;12;-2;12;-1;12;-1;12;0;12;-1;12;-1;11;-2;11;-2;-116;0;-15;24;-14;23;-13;23;-12;23;-11;22;-10;22;-9;22;-8;22;-7;22;-6;21;-5;21;-4;21;-4;21;-3;21;-2;21;-2;21;-2;21;-2;21;-2;21;-1;20;-1;20;-1;20;-1;20;-2;20;-2;20;-3;19;-4;19;-4;19;-2;7;-1;2;0;-1;0;-1;0;-1;-2;0;-4;2;-11;7;-11;7;-12;7;-12;8;-12;8;-13;9;-14;9;-14;9;-14;9;-14;9;-15;10;-15;10;-15;11;-16;11;-17;11;-17;12;-16;12;-16;13;-15;14;-16;15;-16;17;-16;18;-16;19;-16;19;-16;20;-15;21;-15;22;-15;23,transition,EXP_S154,ZONE_02,sortie_zone,4.1,sortie_zone,sortie de la zone
1257252231,-54,6,a0:9f:7a:73:2b:3e,384,-110;-96;8;0;33;-11;35;-11;36;-11;34;-11;32;-12;29;-12;25;-13;21;-15;18;-16;15;-18;12;-20;9;-22;7;-23;5;-24;3;-24;1;-25;-1;-25;-3;-25;-5;-25;-6;-24;-8;-24;-9;-23;-10;-23;-11;-23;-11;-22;-3;-6;0;0;0;0;0;0;0;0;0;0;0;0;0;0;0;0;0;0;-2;7;-10;28;-15;28;-20;27;-24;24;-26;20;-26;14;-23;9;-18;5;-11;3;-3;2;5;4;12;8;17;14;21;20;22;26;22;31;20;34;18;36;15;36;13;33;12;29;11;23;12;17;14;10;18;4;21;-1;-116;0;-3;-10;-3;-10;-3;-10;-3;-9;-3;-8;-3;-7;-2;-5;-2;-4;-1;-4;-1;-3;-1;-3;-1;-3;-2;-2;-2;-2;-2;-1;-1;0;-1;0;-1;-1;-1;-1;-2;-1;-2;0;-2;0;-2;1;-1;1;-1;1;-1;0;-1;0;-1;-1;-1;-1;-1;-1;-1;-1;0;0;0;0;-2;-1;-6;-2;-16;-6;-16;-7;-16;-8;-16;-8;-15;-9;-15;-10;-14;-11;-14;-12;-13;-14;-13;-14;-13;-15;-13;-15;-12;-14;-11;-14;-10;-15;-9;-15;-9;-15;-9;-15;-9;-15;-8;-14;-7;-14;-6;-13;-6;-14;-5;-14;-5;-14;-6;-14;-6;-13;-6;-12;-116;0;30;6;30;5;29;4;28;3;27;2;27;1;26;0;26;0;25;-1;24;-2;24;-3;23;-5;23;-5;23;-6;23;-6;22;-7;22;-7;22;-7;22;-7;22;-6;22;-6;22;-6;21;-6;21;-6;21;-6;21;-5;22;-4;22;-3;7;-1;2;-1;-1;0;-1;-1;-1;-1;1;0;4;2;12;8;12;8;12;8;12;8;13;9;13;9;14;10;14;10;14;11;15;10;15;10;16;10;17;11;18;11;18;11;18;11;19;11;19;10;20;10;22;10;23;9;24;10;25;9;26;9;27;8;28;7;29;6;30;6,transition,EXP_S154,ZONE_02,sortie_zone,4.1,sortie_zone,sortie de la zone
1257452528,-54,6,a0:9f:7a:73:2b:3e,384,-110;-96;8;0;4;30;4;32;4;32;5;31;5;29;6;26;8;23;9;20;11;17;13;14;15;12;17;10;18;8;19;6;20;4;20;2;21;1;21;-1;21;-2;20;-4;20;-5;20;-7;19;-8;19;-8;19;-9;4;-3;0;0;0;0;0;0;0;0;0;0;0;0;0;0;0;0;0;0;-6;-4;-22;-15;-21;-19;-19;-24;-16;-26;-11;-27;-7;-25;-3;-22;-1;-16;0;-10;-2;-3;-5;3;-10;8;-16;12;-22;14;-27;14;-31;13;-34;11;-35;9;-34;7;-31;5;-28;4;-22;5;-17;7;-11;10;-6;14;-3;17;-119;0;8;-2;8;-2;8;-1;7;-1;6;-1;5;-1;4;-1;3;-1;3;-1;2;-1;2;-1;2;-1;1;-1;1;-1;0;-1;0;-1;0;-1;0;-1;0;-1;0;-1;-1;-1;-1;-1;-1;-1;-1;-1;-1;-1;-1;-1;-1;-1;-1;-1;0;-1;0;-1;0;0;-1;0;-1;0;0;-2;2;-5;7;-13;8;-13;9;-12;10;-12;10;-11;11;-11;11;-10;12;-10;13;-9;13;-9;13;-9;14;-8;14;-7;14;-7;14;-6;14;-5;14;-5;13;-5;13;-5;13;-4;13;-4;12;-4;12;-3;12;-3;12;-3;12;-3;11;-3;11;-3;-119;0;-11;24;-10;24;-9;23;-9;23;-7;23;-6;22;-5;22;-4;22;-4;22;-3;21;-2;21;-1;20;0;20;0;20;1;20;1;20;1;20;1;20;1;20;1;20;1;19;1;19;1;19;1;19;1;19;0;19;-1;19;-2;19;-1;7;-1;2;-1;-1;0;-1;0;-1;-1;0;-4;3;-10;8;-10;8;-10;8;-11;8;-11;8;-11;9;-12;9;-12;10;-13;10;-13;10;-13;11;-13;12;-14;12;-14;12;-14;13;-14;13;-14;13;-13;14;-13;15;-13;16;-13;17;-13;18;-13;19;-13;20;-12;21;-12;22;-12;23;-11;23,transition,EXP_S154,ZONE_02,sortie_zone,4.1,sortie_zone,sortie de la zone
1257652845,-54,6,a0:9f:7a:73:2b:3e,384,-110;-96;8;0;2;-32;2;-33;2;-34;2;-33;1;-31;-1;-29;-3;-26;-5;-24;-8;-21;-10;-19;-13;-17;-15;-15;-16;-14;-18;-13;-19;-11;-20;-10;-21;-8;-21;-7;-22;-6;-22;-5;-22;-3;-22;-2;-22;-1;-22;0;-22;0;-6;0;0;0;0;0;0;0;0;0;0;0;0;0;0;0;0;0;0;0;5;3;21;15;20;19;18;23;14;26;9;26;5;25;2;21;0;16;0;9;1;3;5;-3;10;-8;17;-11;23;-12;28;-11;32;-10;34;-8;35;-5;34;-3;31;-2;28;-2;23;-3;18;-6;13;-9;8;-14;6;-18;-123;0;-9;0;-9;0;-9;0;-8;0;-7;1;-6;1;-5;1;-4;0;-3;0;-3;-1;-3;-1;-3;0;-2;1;-2;1;-1;1;-1;0;-1;0;-1;0;-1;0;-1;0;-1;1;0;1;0;1;0;0;0;0;0;0;-1;0;-1;0;-1;0;-1;0;-1;0;0;-1;0;-1;-1;1;-3;4;-7;12;-7;12;-8;12;-9;12;-9;12;-10;11;-11;10;-12;10;-13;10;-13;9;-14;9;-14;9;-13;8;-13;7;-14;6;-14;5;-14;5;-14;5;-14;5;-13;5;-12;4;-12;4;-12;3;-13;3;-13;3;-12;3;-12;3;-11;3;-123;0;8;-26;8;-26;7;-26;6;-25;5;-25;4;-24;3;-24;2;-23;1;-23;1;-22;0;-22;-1;-22;-2;-22;-2;-22;-3;-22;-3;-22;-3;-22;-3;-22;-3;-22;-3;-21;-3;-21;-3;-21;-3;-21;-2;-20;-2;-20;-1;-20;0;-20;0;-20;0;-8;0;-3;0;0;-1;0;-1;0;0;-2;3;-4;8;-11;8;-10;8;-10;9;-11;9;-11;10;-12;10;-12;11;-12;11;-13;11;-13;11;-13;11;-14;12;-15;12;-15;12;-15;12;-15;12;-16;11;-16;11;-17;11;-19;11;-20;11;-21;11;-22;10;-23;10;-23;9;-24;9;-25;9;-26,transition,EXP_S154,ZONE_02,sortie_zone,4.1,sortie_zone,sortie de la zone
1257852235,-54,6,a0:9f:7a:73:2b:3e,384,-110;-96;8;0;29;16;31;17;31;17;31;17;29;15;28;12;26;8;24;5;23;1;21;-2;21;-5;20;-8;19;-11;18;-14;17;-16;16;-17;15;-18;14;-20;12;-21;11;-22;9;-22;8;-22;7;-23;6;-23;6;-24;1;-6;0;0;0;0;0;0;0;0;0;0;0;0;0;0;0;0;0;0;-7;2;-29;8;-32;5;-34;0;-34;-5;-32;-9;-28;-12;-22;-13;-16;-11;-9;-7;-5;-1;-1;6;0;14;-1;21;-3;28;-6;33;-10;36;-14;37;-16;36;-18;34;-17;31;-15;27;-11;23;-6;19;0;17;8;15;13;14;-120;0;5;-9;5;-9;5;-8;4;-8;3;-7;3;-6;2;-5;2;-4;1;-4;1;-3;1;-3;0;-3;0;-3;0;-2;-1;-2;-1;-1;-1;-1;-1;-1;-1;-2;-1;-2;-1;-1;-2;-1;-2;-1;-2;-1;-1;-1;-1;-1;-1;-1;-1;-1;-1;-1;-1;-1;0;-1;0;0;0;0;-1;-2;-3;-6;-6;-16;-5;-16;-4;-17;-3;-17;-2;-17;-1;-18;0;-18;1;-18;1;-18;2;-19;3;-19;3;-18;4;-18;4;-17;5;-17;5;-16;5;-16;5;-16;5;-15;5;-15;5;-14;6;-14;6;-13;6;-13;6;-13;6;-13;6;-12;5;-12;-120;0;14;26;14;25;15;24;15;23;15;22;16;20;16;19;16;18;17;18;17;16;17;15;17;14;18;13;18;13;19;12;19;12;19;12;19;12;19;11;19;11;19;11;19;11;18;11;18;11;18;11;17;12;17;13;16;13;5;5;1;1;-1;-1;-1;-1;0;-1;0;1;0;5;0;14;0;15;-1;15;-1;15;-1;15;-1;16;-1;17;-1;17;-1;18;0;18;0;19;0;19;0;20;1;20;1;21;1;21;2;21;3;22;4;22;5;23;6;23;7;24;8;25;9;25;10;26;11;26;12;26;13;26,transition,EXP_S154,ZONE_02,sortie_zone,4.1,sortie_zone,sortie de la zone
1258052507,-54,6,a0:9f:7a:73:2b:3e,384,-110;-96;8;0;25;19;26;20;26;20;26;20;25;18;23;15;22;12;21;8;20;5;20;1;20;-2;19;-4;19;-7;19;-9;18;-11;18;-12;17;-14;16;-15;15;-16;14;-17;13;-17;12;-18;11;-18;10;-19;10;-19;2;-5;0;0;0;0;0;0;0;0;0;0;0;0;0;0;0;0;0;0;-7;2;-26;8;-29;5;-31;1;-31;-4;-29;-8;-25;-11;-20;-11;-14;-10;-9;-6;-5;-1;-2;6;-1;13;-2;20;-4;26;-8;30;-11;32;-15;33;-17;32;-18;30;-18;27;-16;24;-12;20;-7;18;-1;15;6;15;11;15;-125;0;5;-8;5;-8;5;-8;4;-7;4;-6;3;-6;2;-5;2;-4;2;-3;2;-3;2;-3;1;-3;0;-3;0;-2;-1;-2;-1;-1;-1;-1;-1;-1;0;-1;-1;-1;-1;-1;-2;-1;-2;-1;-2;0;-1;0;-1;0;-1;-1;-1;-1;-1;-1;-1;-1;0;-1;0;0;0;0;-1;-2;-3;-5;-7;-13;-6;-14;-6;-15;-5;-15;-4;-15;-3;-15;-2;-16;-1;-16;0;-16;0;-17;1;-17;1;-17;1;-16;2;-16;3;-15;4;-15;4;-15;4;-15;4;-15;4;-14;4;-13;4;-13;5;-12;5;-12;5;-12;5;-12;5;-12;4;-11;-125;0;13;24;13;23;13;22;13;21;14;20;14;19;14;18;14;17;14;16;14;16;15;15;15;14;15;14;16;13;16;13;16;12;17;12;17;12;17;12;16;12;16;12;16;12;15;12;15;12;15;12;14;13;14;14;13;14;4;5;1;1;-1;-1;-1;-1;-1;-1;0;1;0;4;2;13;2;13;1;13;1;13;1;14;1;15;1;16;1;16;1;17;2;17;2;17;2;18;2;18;2;19;2;19;3;19;3;19;4;19;5;20;6;20;7;21;7;22;8;22;9;23;10;23;11;23;11;24;12;24,transition,EXP_S154,ZONE_02,sortie_zone,4.1,sortie_zone,sortie de la zone
1258252192,-54,6,a0:9f:7a:73:2b:3e,384,-110;-96;8;0;11;-30;12;-32;12;-32;11;-31;10;-29;8;-27;5;-25;2;-23;-2;-22;-5;-20;-8;-19;-10;-18;-12;-17;-14;-16;-16;-15;-17;-14;-18;-13;-19;-12;-19;-10;-20;-9;-20;-7;-21;-6;-21;-5;-21;-4;-21;-4;-6;-1;0;0;0;0;0;0;0;0;0;0;0;0;0;0;0;0;0;0;3;5;13;23;11;26;7;29;3;30;-1;29;-5;26;-7;21;-7;15;-4;9;0;3;6;-1;12;-4;19;-5;26;-4;31;-1;34;2;35;5;35;8;34;9;31;10;27;8;22;5;18;1;15;-4;12;-10;11;-15;-123;0;-9;-3;-9;-3;-9;-3;-9;-2;-8;-2;-7;-1;-5;-1;-4;-1;-3;-1;-3;-2;-3;-1;-3;-1;-3;0;-2;0;-1;0;-1;0;-1;-1;-1;-1;-2;-1;-2;0;-1;1;-1;1;0;1;0;0;0;0;0;0;0;0;-1;0;-1;0;-1;0;-1;0;0;-1;0;-1;-2;1;-4;3;-12;9;-12;8;-13;8;-13;7;-14;7;-14;6;-15;5;-15;4;-16;4;-17;3;-17;3;-17;3;-16;2;-16;2;-16;1;-16;0;-16;-1;-16;0;-15;0;-15;0;-14;0;-13;-1;-13;-2;-13;-2;-14;-2;-13;-2;-13;-1;-12;-1;-123;0;17;-23;16;-22;15;-22;14;-22;13;-22;12;-22;10;-22;10;-22;9;-21;8;-21;7;-21;6;-21;5;-21;4;-21;3;-21;3;-21;3;-21;2;-21;2;-21;2;-21;2;-20;2;-20;2;-20;2;-20;2;-20;3;-20;4;-20;4;-19;1;-7;0;-2;-1;0;-1;0;-1;0;1;-1;4;-2;12;-6;12;-6;12;-6;13;-6;13;-6;14;-7;14;-7;15;-7;15;-7;15;-7;15;-8;16;-8;16;-9;17;-9;17;-9;17;-10;17;-10;17;-11;17;-12;17;-14;18;-15;18;-16;18;-16;18;-17;18;-18;18;-19;17;-21;18;-22,transition,EXP_S154,ZONE_02,sortie_zone,4.1,sortie_zone,sortie de la zone
1258453998,-53,6,a0:9f:7a:73:2b:3e,384,-110;-96;8;0;-31;11;-33;12;-33;12;-32;12;-29;12;-27;12;-23;13;-19;14;-15;15;-12;16;-10;18;-7;19;-5;20;-3;20;-1;21;1;21;3;21;4;21;6;20;8;20;9;19;10;18;11;18;12;17;12;17;3;4;0;0;0;0;0;0;0;0;0;0;0;0;0;0;0;0;0;0;1;-7;8;-27;12;-28;17;-27;21;-24;23;-20;23;-15;20;-11;16;-7;10;-4;2;-3;-5;-5;-12;-8;-17;-13;-21;-19;-23;-24;-23;-29;-21;-32;-19;-33;-17;-33;-15;-31;-13;-28;-12;-22;-13;-16;-14;-10;-17;-4;-20;1;-120;0;2;9;2;9;2;8;1;7;1;6;1;5;1;4;1;4;0;3;0;2;0;2;0;2;0;1;0;1;0;0;0;0;0;0;0;0;0;0;0;0;0;-1;0;-1;0;-1;0;-1;0;-1;0;-1;0;-1;0;-1;0;-1;0;-1;-1;0;-1;-1;-1;-1;1;0;4;1;13;5;13;5;13;7;13;8;12;8;12;9;12;10;11;11;11;12;11;12;10;13;10;13;9;13;9;13;8;13;7;13;7;13;6;13;6;13;6;13;5;12;5;12;4;12;4;12;4;12;4;11;4;11;4;11;-120;0;-28;-8;-28;-7;-27;-6;-27;-5;-26;-4;-26;-3;-25;-2;-24;-1;-24;-1;-23;0;-22;1;-22;2;-22;3;-22;3;-21;4;-21;4;-21;4;-21;4;-21;5;-21;5;-20;5;-20;5;-20;5;-20;4;-20;4;-20;3;-20;3;-20;2;-8;0;-3;0;0;-1;0;0;0;0;-2;-1;-5;-3;-12;-9;-12;-9;-12;-10;-12;-10;-12;-10;-13;-11;-13;-11;-14;-11;-14;-12;-15;-12;-15;-12;-16;-13;-16;-13;-16;-13;-17;-13;-17;-13;-18;-13;-19;-12;-19;-12;-20;-12;-22;-11;-23;-11;-24;-11;-24;-10;-25;-10;-26;-9;-27;-9;-27;-9,transition,EXP_S154,ZONE_02,sortie_zone,4.1,sortie_zone,sortie de la zone
1258652303,-54,6,a0:9f:7a:73:2b:3e,384,-110;-96;8;0;-19;-26;-21;-27;-20;-27;-20;-26;-19;-24;-19;-22;-19;-19;-18;-15;-19;-11;-19;-8;-20;-5;-21;-2;-21;1;-21;2;-21;4;-20;6;-20;8;-20;9;-19;11;-18;12;-17;13;-16;14;-15;14;-15;15;-14;15;-4;3;0;0;0;0;0;0;0;0;0;0;0;0;0;0;0;0;0;0;6;-1;27;0;28;3;29;8;27;12;24;15;20;17;15;16;10;13;6;8;3;1;2;-6;4;-13;7;-19;11;-24;15;-28;20;-29;23;-29;25;-27;26;-25;25;-22;22;-19;17;-17;11;-16;5;-16;-2;-17;-6;-19;-111;0;-17;10;-16;9;-15;8;-13;7;-12;6;-10;6;-9;5;-8;4;-7;3;-6;3;-5;3;-4;3;-3;2;-3;2;-2;2;-2;1;-1;1;-1;1;-1;1;-1;1;0;1;0;1;0;1;1;1;1;1;1;1;0;1;0;1;0;0;0;0;-1;-1;0;-2;0;-1;-1;3;-1;10;-4;28;-5;28;-7;28;-9;28;-11;27;-13;27;-14;27;-16;27;-17;27;-19;26;-20;26;-20;25;-21;24;-21;23;-22;22;-22;21;-23;20;-23;19;-23;19;-22;18;-22;17;-21;16;-21;15;-21;15;-21;15;-20;14;-20;14;-19;14;-111;0;-2;-56;-3;-55;-4;-53;-6;-51;-7;-50;-8;-48;-10;-47;-11;-45;-13;-44;-14;-42;-16;-40;-18;-39;-19;-38;-20;-37;-21;-37;-22;-36;-22;-36;-22;-36;-22;-35;-22;-35;-22;-35;-22;-34;-22;-34;-22;-34;-22;-34;-20;-34;-19;-35;-17;-36;-6;-13;-2;-5;0;1;-1;1;-1;0;0;-3;3;-10;10;-27;11;-27;12;-27;12;-27;13;-27;13;-28;13;-29;14;-30;14;-31;15;-33;15;-34;15;-35;15;-36;15;-37;14;-38;14;-38;13;-39;13;-40;12;-42;10;-43;9;-45;9;-47;8;-49;6;-50;4;-52;3;-54;1;-55;0;-56,transition,EXP_S154,ZONE_02,sortie_zone,4.1,sortie_zone,sortie de la zone
1258852243,-54,6,a0:9f:7a:73:2b:3e,384,-110;-96;8;0;7;-31;7;-33;7;-33;7;-32;5;-31;4;-29;1;-26;-1;-23;-4;-21;-8;-20;-10;-18;-13;-17;-15;-15;-16;-14;-18;-12;-19;-11;-20;-10;-21;-9;-21;-7;-22;-6;-22;-4;-22;-3;-22;-2;-22;-1;-22;-1;-6;0;0;0;0;0;0;0;0;0;0;0;0;0;0;0;0;0;0;0;4;4;17;21;15;24;11;28;7;29;3;29;-1;27;-3;22;-4;16;-3;10;1;4;5;-1;12;-5;19;-7;25;-7;30;-5;34;-3;36;0;36;2;35;4;32;5;28;4;23;2;18;-1;14;-6;11;-12;9;-17;-112;0;-10;-2;-9;-2;-9;-2;-8;-2;-7;-2;-6;-2;-5;-1;-5;-1;-4;-1;-4;-1;-3;-1;-3;-1;-3;0;-2;0;-2;0;-2;0;-1;0;-1;0;-1;0;-1;0;-1;0;-1;0;0;0;0;0;0;0;0;0;-1;0;-1;0;-1;0;-1;0;0;0;0;-1;0;-1;-2;1;-5;3;-12;8;-13;7;-13;7;-14;6;-14;6;-14;5;-15;4;-15;4;-16;3;-17;2;-17;2;-17;2;-16;1;-16;1;-16;0;-16;-1;-16;-1;-16;-1;-15;-1;-15;-1;-14;-1;-14;-2;-14;-2;-13;-2;-13;-2;-13;-2;-13;-2;-12;-2;-112;0;18;-21;17;-21;16;-21;15;-21;14;-21;13;-21;11;-21;10;-21;9;-21;8;-21;7;-21;6;-21;5;-21;4;-21;4;-21;3;-21;3;-21;3;-21;3;-21;2;-21;2;-21;2;-20;2;-20;2;-20;2;-20;3;-20;4;-20;4;-20;1;-7;0;-3;-1;0;-1;0;-1;0;1;-1;4;-2;13;-5;13;-5;13;-5;13;-5;14;-5;14;-5;15;-6;16;-6;16;-6;16;-6;17;-7;17;-7;17;-8;18;-8;18;-8;18;-9;18;-9;18;-10;18;-11;18;-12;19;-13;19;-14;19;-15;19;-16;19;-17;18;-19;18;-20;19;-21,transition,EXP_S154,ZONE_02,sortie_zone,4.1,sortie_zone,sortie de la zone
1259052551,-54,6,a0:9f:7a:73:2b:3e,384,-110;-96;8;0;3;-32;3;-33;3;-34;3;-33;2;-31;0;-29;-2;-26;-4;-23;-7;-21;-10;-18;-13;-16;-14;-15;-16;-13;-18;-12;-19;-10;-20;-9;-21;-7;-22;-6;-22;-5;-22;-3;-22;-2;-22;0;-22;1;-21;2;-21;2;-6;0;0;0;0;0;0;0;0;0;0;0;0;0;0;0;0;0;0;0;4;4;18;19;16;23;13;27;9;29;5;29;1;26;-2;22;-3;16;-2;10;1;4;5;-2;11;-6;18;-9;24;-9;29;-8;33;-6;35;-4;36;-1;35;1;32;2;28;2;23;0;18;-3;13;-8;9;-13;7;-17;-115;0;-10;0;-9;0;-9;0;-9;0;-8;1;-6;1;-5;1;-4;0;-4;0;-4;-1;-4;0;-3;0;-3;1;-2;1;-1;1;-1;0;-1;0;-1;0;-1;0;-1;0;-1;1;0;1;0;1;0;0;0;0;0;0;-1;0;-1;0;-1;0;-1;0;-1;0;0;-1;0;-1;-1;1;-4;3;-10;10;-10;10;-11;10;-12;10;-12;9;-12;9;-13;8;-14;7;-15;7;-15;7;-15;7;-15;7;-15;6;-15;5;-15;4;-15;3;-15;3;-15;3;-15;4;-14;3;-14;3;-13;2;-13;2;-13;2;-13;2;-13;2;-13;2;-12;2;-115;0;10;-26;9;-25;8;-25;7;-25;6;-25;5;-24;3;-24;2;-23;1;-23;0;-22;-1;-22;-1;-21;-2;-21;-3;-21;-4;-21;-4;-21;-4;-21;-5;-21;-5;-21;-5;-21;-5;-20;-5;-20;-5;-20;-5;-20;-5;-20;-4;-20;-3;-20;-2;-20;-1;-8;-1;-3;0;0;-1;0;-1;0;1;-1;4;-3;11;-8;11;-8;11;-8;11;-8;12;-9;12;-9;13;-10;13;-10;13;-10;13;-11;14;-11;14;-12;14;-13;15;-13;15;-13;15;-13;14;-14;14;-15;14;-16;13;-17;13;-18;13;-19;13;-20;13;-21;12;-22;12;-24;11;-25;11;-25,transition,EXP_S154,ZONE_02,sortie_zone,4.1,sortie_zone,sortie de la zone
1259252489,-53,6,a0:9f:7a:73:2b:3e,384,-110;-96;8;0;-13;-30;-14;-32;-13;-32;-13;-31;-13;-29;-13;-26;-14;-23;-15;-19;-16;-16;-17;-12;-19;-9;-20;-7;-21;-5;-21;-3;-22;-1;-22;1;-22;3;-22;4;-22;5;-22;7;-21;8;-20;9;-20;10;-19;11;-19;11;-5;2;0;0;0;0;0;0;0;0;0;0;0;0;0;0;0;0;0;0;6;1;26;7;26;11;25;16;23;19;19;22;15;22;10;20;6;15;3;9;2;2;4;-5;7;-12;11;-17;16;-21;22;-22;26;-23;29;-21;31;-19;31;-17;29;-14;25;-13;20;-12;14;-12;8;-14;2;-17;-2;-20;-117;0;-17;7;-17;7;-17;6;-15;6;-13;6;-11;6;-9;5;-8;4;-7;2;-6;2;-6;2;-5;2;-4;2;-3;2;-2;2;-1;1;-1;1;-1;1;-1;1;-1;2;0;2;1;2;1;1;1;1;1;0;0;0;0;0;0;1;-1;0;0;0;0;0;0;-2;0;-1;-1;3;-3;10;-8;27;-10;28;-11;28;-13;27;-14;27;-15;26;-17;25;-19;25;-20;25;-22;24;-23;24;-23;23;-23;22;-24;20;-24;19;-25;18;-25;17;-25;17;-24;17;-24;16;-23;15;-23;14;-23;13;-23;12;-23;12;-23;12;-21;12;-20;12;-117;0;2;-56;1;-55;0;-54;-2;-53;-4;-51;-6;-50;-8;-48;-10;-47;-11;-45;-12;-44;-13;-42;-15;-41;-16;-41;-17;-40;-18;-40;-19;-40;-19;-39;-20;-39;-20;-39;-20;-38;-20;-37;-19;-37;-19;-37;-18;-37;-17;-37;-16;-38;-14;-38;-13;-39;-5;-14;-1;-5;0;1;-1;1;-1;0;1;-3;4;-9;13;-24;14;-24;14;-24;14;-25;15;-26;16;-27;16;-28;17;-29;17;-30;17;-31;17;-32;17;-33;18;-34;19;-35;19;-35;18;-36;17;-37;16;-38;15;-40;13;-42;12;-44;11;-46;10;-48;9;-50;8;-51;7;-53;6;-54;5;-56,transition,EXP_S154,ZONE_02,sortie_zone,4.1,sortie_zone,sortie de la zone
1259452879,-54,6,a0:9f:7a:73:2b:3e,384,-110;-96;8;0;13;-29;13;-31;14;-31;13;-30;12;-29;9;-27;7;-25;3;-23;0;-22;-3;-21;-6;-20;-9;-19;-11;-18;-13;-17;-15;-16;-16;-15;-18;-14;-19;-13;-19;-12;-20;-11;-20;-10;-21;-8;-21;-7;-21;-7;-21;-6;-6;-2;0;0;0;0;0;0;0;0;0;0;0;0;0;0;0;0;0;0;3;5;12;24;9;27;5;29;1;30;-3;29;-7;26;-8;20;-8;14;-5;9;0;3;6;0;13;-3;20;-3;26;-1;30;1;33;5;34;8;34;10;33;12;30;12;26;10;22;7;18;3;15;-3;13;-9;12;-14;-122;0;-9;-5;-8;-5;-8;-5;-7;-4;-6;-4;-6;-3;-5;-3;-4;-3;-4;-2;-3;-2;-3;-2;-3;-2;-3;-1;-2;-1;-2;0;-2;0;-2;0;-2;0;-2;0;-2;0;-1;0;-1;0;-1;1;-1;1;-1;0;-1;0;-1;0;-1;0;-1;0;-1;0;0;-1;0;-1;0;-1;-2;0;-5;2;-14;5;-14;5;-15;4;-15;3;-16;2;-16;1;-16;1;-16;0;-16;-1;-17;-2;-17;-2;-17;-2;-16;-3;-16;-3;-15;-4;-15;-5;-15;-5;-15;-5;-14;-5;-14;-5;-13;-5;-13;-5;-13;-6;-12;-6;-12;-6;-12;-5;-12;-5;-11;-5;-122;0;23;-15;22;-15;21;-16;20;-16;19;-16;18;-16;17;-17;16;-17;15;-17;14;-17;13;-17;12;-18;11;-18;11;-19;10;-19;10;-19;10;-19;10;-19;10;-19;10;-19;10;-19;9;-18;9;-18;9;-18;10;-18;11;-17;11;-17;12;-16;4;-6;1;-2;-1;0;-1;0;-1;0;1;-1;4;-1;13;-3;13;-2;13;-2;14;-2;14;-2;15;-2;15;-2;16;-2;16;-2;17;-2;17;-3;18;-3;18;-3;19;-3;19;-3;19;-4;20;-4;20;-5;20;-6;20;-7;21;-8;21;-9;22;-9;22;-10;22;-11;23;-12;23;-13;23;-14,transition,EXP_S154,ZONE_02,sortie_zone,4.1,sortie_zone,sortie de la zone
1259652256,-53,6,a0:9f:7a:73:2b:3e,384,-110;-96;8;0;19;24;20;26;21;26;20;25;19;23;19;20;19;16;19;13;19;9;19;5;19;2;20;-1;20;-3;20;-5;20;-7;20;-9;19;-10;19;-12;18;-13;17;-14;16;-15;15;-16;14;-17;13;-17;13;-18;3;-5;0;0;0;0;0;0;0;0;0;0;0;0;0;0;0;0;0;0;-7;0;-28;-2;-29;-5;-30;-10;-28;-15;-25;-18;-20;-19;-15;-18;-10;-15;-6;-9;-4;-2;-3;5;-4;12;-7;19;-12;23;-17;26;-21;28;-24;27;-26;26;-27;23;-25;21;-22;18;-18;16;-12;15;-5;14;2;15;7;16;-120;0;15;-12;15;-11;14;-10;13;-10;10;-10;8;-9;6;-7;5;-5;4;-4;4;-3;4;-4;3;-4;2;-4;1;-4;0;-3;0;-3;0;-2;1;-2;1;-3;0;-4;-1;-4;-2;-4;-2;-3;-2;-2;-2;-1;-1;-1;-1;-2;-1;-2;0;-1;0;-1;-1;-1;0;1;-1;0;-1;-4;-1;-11;-2;-29;0;-30;2;-31;4;-31;6;-31;7;-31;9;-30;12;-30;14;-31;15;-31;16;-30;17;-29;17;-28;17;-27;18;-26;19;-26;20;-25;20;-24;19;-23;19;-21;18;-20;19;-18;19;-17;19;-17;19;-17;18;-17;17;-17;17;-17;-120;0;7;55;8;53;9;51;11;49;12;47;14;46;15;44;16;43;16;41;17;40;17;39;19;38;20;37;22;36;23;35;24;35;24;34;24;34;25;34;25;34;24;33;24;33;23;33;22;33;21;34;20;35;19;36;17;36;6;13;1;4;-1;-2;0;-2;0;-1;-1;2;-3;9;-7;26;-8;26;-8;27;-9;28;-9;29;-9;29;-10;30;-11;31;-11;32;-11;32;-10;33;-10;34;-11;35;-11;36;-12;37;-11;39;-10;39;-8;40;-7;41;-5;43;-4;45;-3;47;-2;48;-1;49;0;50;2;51;3;53;4;54,transition,EXP_S154,ZONE_02,sortie_zone,4.1,sortie_zone,sortie de la zone
1259852308,-54,6,a0:9f:7a:73:2b:3e,384,-110;-96;8;0;-1;-35;-1;-37;-1;-38;-1;-37;-1;-34;-3;-32;-5;-29;-7;-26;-10;-22;-13;-19;-16;-17;-18;-15;-20;-13;-21;-11;-22;-9;-24;-7;-24;-6;-25;-5;-25;-3;-25;-2;-25;0;-25;2;-24;3;-24;4;-24;4;-6;1;0;0;0;0;0;0;0;0;0;0;0;0;0;0;0;0;0;0;5;4;23;18;22;23;19;27;14;30;10;31;5;29;1;24;-1;18;-1;11;1;4;5;-3;11;-9;18;-12;25;-14;31;-13;36;-11;39;-9;39;-6;38;-4;36;-2;31;-2;26;-3;20;-6;14;-10;9;-15;5;-20;-123;0;-10;1;-10;1;-10;1;-10;1;-9;2;-7;2;-5;1;-4;1;-4;0;-4;0;-4;0;-4;1;-3;1;-2;1;-1;1;-1;0;-1;0;-1;0;-2;0;-2;1;-1;1;0;1;0;1;0;0;0;0;0;0;-1;0;-1;0;-1;0;-1;0;0;0;0;-1;0;-1;-1;1;-2;5;-6;14;-7;14;-8;15;-9;14;-9;14;-10;13;-11;12;-13;12;-14;12;-15;11;-15;11;-15;11;-15;10;-15;9;-15;8;-16;7;-16;7;-16;7;-16;7;-15;7;-14;6;-14;5;-14;4;-14;3;-14;4;-14;4;-13;4;-12;5;-123;0;8;-30;8;-29;7;-29;6;-28;4;-28;3;-27;2;-27;1;-26;1;-25;0;-25;-1;-24;-2;-24;-3;-24;-4;-24;-4;-24;-4;-24;-5;-24;-5;-24;-5;-24;-5;-24;-5;-23;-4;-23;-4;-23;-4;-23;-3;-23;-2;-23;-1;-23;-1;-23;0;-9;0;-3;0;0;-1;0;-1;0;0;-2;3;-5;9;-13;9;-13;9;-13;9;-13;10;-13;10;-14;11;-15;11;-15;12;-15;11;-15;11;-16;12;-17;12;-17;13;-18;13;-18;13;-18;13;-18;12;-19;12;-20;11;-21;11;-23;11;-24;11;-25;11;-25;10;-26;9;-27;9;-28;9;-29,transition,EXP_S154,ZONE_02,sortie_zone,4.1,sortie_zone,sortie de la zone
1260052213,-54,6,a0:9f:7a:73:2b:3e,384,-110;-96;8;0;30;5;32;5;32;5;32;5;30;3;27;2;25;-1;23;-3;20;-5;18;-8;17;-11;15;-14;13;-15;12;-17;11;-18;9;-19;8;-21;6;-21;5;-22;4;-22;2;-22;1;-22;0;-22;-1;-22;-1;-22;-1;-6;0;0;0;0;0;0;0;0;0;0;0;0;0;0;0;0;0;0;-5;4;-21;17;-25;15;-28;12;-30;8;-30;3;-27;0;-23;-3;-17;-4;-10;-2;-4;1;1;5;5;11;7;18;7;25;6;30;3;34;0;36;-2;36;-4;35;-4;32;-4;28;-2;23;1;18;6;14;11;10;16;8;-122;0;3;-9;3;-9;3;-8;2;-8;2;-7;1;-6;1;-5;1;-4;1;-4;0;-3;0;-3;0;-3;-1;-3;-1;-2;-1;-2;-1;-1;-1;-1;-1;-1;-1;-1;-1;-1;-2;-1;-2;-1;-2;-1;-1;0;-1;0;-1;-1;-1;-1;-1;-1;-1;-1;-1;-1;-1;0;0;0;0;0;-1;-2;-3;-5;-8;-13;-7;-14;-6;-14;-5;-15;-5;-15;-4;-15;-3;-16;-2;-16;-2;-16;-1;-17;-1;-17;0;-17;0;-16;0;-16;1;-16;2;-16;2;-16;2;-15;2;-15;2;-14;2;-14;3;-13;3;-13;3;-13;3;-13;3;-13;2;-12;2;-12;-122;0;17;20;17;20;17;19;18;17;18;16;18;15;18;14;18;13;18;12;18;11;18;10;18;9;19;8;19;7;19;7;19;6;19;6;19;6;19;6;19;6;19;6;19;6;19;5;18;6;18;6;18;7;18;7;18;8;6;3;1;1;-1;-1;-1;-1;-1;-1;0;1;1;4;3;13;3;13;2;13;2;13;2;14;3;15;3;15;3;16;3;16;3;17;3;17;4;17;4;18;4;18;5;19;5;19;5;19;6;19;7;19;8;19;9;20;10;20;11;21;12;21;13;21;14;21;15;21;16;21,transition,EXP_S154,ZONE_02,sortie_zone,4.1,sortie_zone,sortie de la zone
1260253625,-53,6,a0:9f:7a:73:2b:3e,384,-110;-96;8;0;-17;-29;-18;-30;-18;-31;-18;-29;-17;-27;-17;-24;-18;-21;-18;-18;-19;-14;-20;-10;-21;-7;-21;-4;-22;-1;-22;1;-22;3;-22;5;-22;6;-21;8;-21;10;-20;11;-20;12;-19;13;-18;14;-17;14;-17;15;-5;3;0;0;0;0;0;0;0;0;0;0;0;0;0;0;0;0;0;0;6;0;27;4;29;8;28;13;26;17;23;20;18;20;13;18;8;14;5;9;3;2;3;-6;5;-13;9;-19;14;-24;20;-26;24;-27;28;-26;29;-24;29;-22;28;-19;24;-17;20;-15;13;-15;6;-15;0;-17;-5;-20;-117;0;-18;9;-17;8;-16;8;-15;7;-13;7;-11;6;-9;5;-8;4;-7;3;-6;3;-6;2;-5;3;-4;3;-3;3;-2;2;-1;2;-1;1;-1;1;-1;1;-1;2;0;2;1;1;1;1;1;0;1;0;1;0;0;1;0;1;-1;0;-1;0;0;-1;0;-2;0;-1;-1;3;-2;10;-7;29;-8;29;-10;29;-12;29;-13;29;-14;28;-16;28;-18;27;-19;27;-21;27;-22;26;-22;25;-23;24;-23;22;-24;21;-25;20;-25;19;-25;19;-25;19;-24;18;-23;17;-23;16;-23;15;-23;15;-23;14;-22;14;-22;14;-21;14;-117;0;0;-58;-1;-57;-2;-56;-4;-54;-6;-52;-7;-51;-9;-49;-10;-47;-12;-46;-13;-44;-14;-43;-16;-41;-18;-41;-19;-40;-21;-40;-21;-40;-22;-40;-22;-39;-22;-39;-22;-39;-22;-38;-22;-38;-21;-37;-21;-37;-20;-37;-19;-38;-17;-39;-16;-39;-6;-15;-2;-5;0;1;-1;1;-1;0;1;-3;4;-10;12;-26;12;-26;13;-26;13;-26;13;-27;14;-28;15;-30;15;-31;16;-32;16;-33;16;-35;16;-36;16;-37;17;-38;17;-38;17;-39;16;-40;15;-41;14;-43;12;-45;11;-47;10;-48;9;-50;8;-52;6;-53;5;-55;4;-57;3;-58,transition,EXP_S154,ZONE_02,sortie_zone,4.1,sortie_zone,sortie de la zone
1260452837,-53,6,a0:9f:7a:73:2b:3e,384,-110;-96;8;0;9;-31;9;-32;9;-32;9;-32;7;-30;5;-28;3;-26;0;-24;-3;-22;-7;-20;-9;-18;-12;-17;-14;-16;-16;-14;-17;-13;-18;-11;-20;-10;-20;-9;-21;-7;-22;-6;-22;-5;-22;-3;-22;-2;-22;-1;-22;-1;-6;-1;0;0;0;0;0;0;0;0;0;0;0;0;0;0;0;0;0;0;3;5;13;24;10;27;6;30;1;30;-3;29;-6;26;-8;21;-7;15;-5;9;-1;3;5;-2;12;-4;19;-5;26;-4;31;-1;34;2;36;5;36;7;34;9;31;9;27;8;23;5;18;1;14;-4;12;-10;10;-15;-114;0;-9;-4;-9;-4;-9;-4;-8;-3;-7;-3;-6;-2;-5;-2;-4;-2;-4;-2;-3;-2;-3;-2;-3;-1;-3;-1;-2;0;-2;0;-1;0;-1;0;-1;0;-1;0;-1;0;-1;1;-1;1;-1;1;0;0;0;0;0;0;-1;0;-1;0;-1;0;-1;0;-1;-1;0;-1;0;-1;-2;1;-5;3;-13;8;-14;7;-14;7;-15;6;-15;5;-15;4;-16;3;-16;3;-17;2;-17;1;-17;1;-17;0;-17;0;-16;-1;-16;-2;-16;-2;-16;-3;-16;-3;-16;-3;-15;-3;-14;-3;-14;-3;-14;-4;-13;-4;-13;-4;-13;-4;-13;-3;-12;-3;-114;0;20;-18;20;-18;19;-19;18;-19;16;-19;15;-19;15;-19;14;-19;13;-19;11;-19;10;-19;9;-19;8;-19;8;-20;8;-20;7;-20;7;-20;7;-20;7;-20;7;-20;7;-20;7;-20;7;-19;7;-19;7;-19;8;-19;8;-18;9;-18;3;-7;1;-2;-1;0;-1;0;-1;0;1;-1;4;-2;12;-5;12;-5;13;-5;13;-5;14;-5;14;-5;15;-5;15;-5;16;-5;16;-5;17;-6;17;-6;18;-6;18;-7;18;-7;19;-7;19;-7;19;-8;19;-9;19;-10;20;-11;20;-12;20;-13;20;-14;20;-15;20;-16;20;-17;21;-18,transition,EXP_S154,ZONE_02,sortie_zone,4.1,sortie_zone,sortie de la zone
1260652846,-54,6,a0:9f:7a:73:2b:3e,384,-110;-96;8;0;30;-4;32;-4;33;-4;32;-4;30;-5;27;-6;24;-7;21;-9;18;-11;16;-13;14;-15;12;-17;10;-18;9;-19;7;-20;5;-21;4;-22;3;-22;1;-22;0;-23;-1;-23;-2;-22;-3;-22;-4;-22;-4;-22;-1;-6;0;0;0;0;0;0;0;0;0;0;0;0;0;0;0;0;0;0;-3;6;-11;24;-15;25;-20;23;-23;20;-25;16;-24;12;-22;8;-17;4;-11;3;-4;3;3;5;8;9;13;14;15;20;16;25;15;30;13;33;11;34;9;33;7;31;6;27;6;22;8;17;11;12;15;6;18;3;-117;0;-2;-9;-2;-9;-2;-9;-2;-8;-2;-7;-2;-6;-2;-5;-1;-4;-1;-4;-1;-3;-1;-3;-1;-3;-2;-2;-2;-2;-2;-1;-1;-1;-1;-1;-1;-1;-1;-1;-1;-1;-2;-1;-2;0;-2;0;-1;0;-1;0;-1;0;-1;-1;-1;-1;-1;-1;-1;-1;0;0;0;0;0;0;-2;-1;-5;-2;-14;-6;-14;-6;-14;-7;-13;-8;-13;-9;-12;-9;-12;-10;-11;-11;-11;-12;-11;-12;-11;-13;-10;-13;-10;-13;-9;-13;-8;-13;-7;-14;-7;-14;-7;-14;-7;-14;-7;-13;-6;-13;-5;-12;-5;-12;-4;-13;-4;-13;-5;-12;-5;-12;-5;-11;-117;0;26;7;25;7;25;6;24;5;24;4;23;3;23;2;23;2;22;1;22;0;21;-1;21;-2;21;-3;21;-3;21;-4;21;-4;21;-4;20;-4;20;-4;20;-4;20;-4;20;-4;20;-4;19;-4;19;-3;19;-2;19;-1;19;0;7;0;2;0;-1;0;-1;-1;-1;-1;1;0;4;2;11;8;11;8;11;8;11;8;11;9;12;9;12;10;12;10;13;11;13;11;14;11;14;11;15;11;15;12;16;12;16;12;16;12;16;11;17;11;18;11;19;10;20;10;21;10;22;10;23;9;24;9;25;8;26;8,transition,EXP_S154,ZONE_02,sortie_zone,4.1,sortie_zone,sortie de la zone
1260854107,-53,6,a0:9f:7a:73:2b:3e,384,-110;-96;8;0;-2;-32;-2;-34;-2;-34;-3;-33;-3;-32;-5;-29;-6;-26;-8;-23;-10;-20;-13;-18;-15;-16;-17;-14;-19;-12;-20;-10;-21;-8;-22;-6;-23;-5;-23;-4;-23;-2;-23;-1;-23;1;-23;2;-22;3;-22;4;-22;4;-6;1;0;0;0;0;0;0;0;0;0;0;0;0;0;0;0;0;0;0;5;3;23;14;23;18;21;23;17;26;13;27;9;26;5;22;2;17;1;10;2;3;5;-3;10;-9;16;-12;23;-14;28;-15;32;-13;35;-11;36;-9;35;-7;33;-5;28;-4;23;-5;18;-7;12;-10;8;-15;4;-19;-125;0;-10;0;-10;0;-9;0;-9;0;-8;0;-6;0;-5;0;-5;0;-4;-1;-4;-1;-3;0;-3;0;-2;0;-2;0;-1;0;-1;0;-1;0;-1;0;-1;0;-1;0;-1;1;0;1;0;1;0;0;0;0;0;0;0;0;0;0;0;0;-1;0;0;-1;0;-1;0;-1;-1;1;-3;4;-9;12;-10;11;-11;11;-11;10;-12;10;-12;9;-13;9;-14;8;-15;8;-15;7;-15;7;-15;6;-15;6;-15;6;-15;5;-15;4;-16;4;-15;3;-15;3;-14;3;-14;2;-14;2;-13;1;-13;1;-13;1;-13;1;-13;2;-12;2;-125;0;12;-26;11;-26;10;-25;9;-25;8;-25;7;-24;6;-24;5;-23;3;-23;2;-22;1;-22;0;-22;0;-22;-1;-22;-2;-22;-2;-22;-2;-22;-2;-22;-2;-22;-2;-22;-2;-22;-2;-21;-2;-21;-2;-21;-2;-21;-1;-21;-1;-21;0;-21;0;-8;0;-3;0;0;-1;0;-1;0;1;-2;3;-4;11;-10;11;-10;11;-10;11;-10;12;-10;12;-10;13;-11;14;-11;14;-11;14;-11;14;-12;14;-12;15;-13;15;-13;15;-13;15;-14;15;-14;15;-15;15;-16;14;-17;14;-18;14;-19;14;-20;14;-21;13;-22;13;-23;13;-25;13;-26,transition,EXP_S154,ZONE_02,sortie_zone,4.1,sortie_zone,sortie de la zone
1261053977,-53,6,a0:9f:7a:73:2b:3e,384,-110;-96;8;0;10;29;11;31;11;31;11;30;11;28;12;25;12;22;14;19;15;15;16;11;17;8;19;6;20;4;21;2;21;0;21;-2;21;-3;21;-5;21;-7;20;-8;20;-9;19;-11;18;-12;18;-12;18;-13;4;-4;0;0;0;0;0;0;0;0;0;0;0;0;0;0;0;0;0;0;-7;-3;-27;-10;-27;-14;-26;-19;-23;-23;-19;-25;-15;-24;-10;-22;-6;-17;-4;-11;-3;-4;-5;4;-8;10;-13;15;-19;18;-25;20;-29;20;-32;19;-34;17;-33;14;-31;12;-27;11;-22;10;-16;11;-10;13;-4;16;0;18;-125;0;8;-4;8;-4;7;-4;7;-4;6;-3;5;-3;4;-3;3;-2;3;-2;2;-2;2;-2;2;-2;1;-2;1;-2;0;-2;0;-2;0;-1;0;-1;0;-1;0;-1;-1;-1;-1;-1;-1;-1;-1;-1;-1;-1;-1;-1;-1;-1;0;-1;0;-1;0;-1;-1;0;-1;0;-1;0;0;-2;1;-5;4;-14;5;-14;6;-14;7;-14;7;-14;8;-14;9;-13;9;-13;10;-13;11;-13;11;-12;11;-12;12;-11;12;-10;12;-10;12;-9;12;-9;12;-9;12;-9;11;-8;11;-8;11;-7;11;-7;11;-7;11;-7;11;-7;10;-7;10;-6;-125;0;-3;27;-3;27;-2;26;-1;25;0;25;1;24;2;23;3;23;4;22;5;21;5;21;6;20;7;20;8;19;8;19;9;19;9;19;9;19;9;18;9;18;9;18;9;18;9;18;9;18;8;18;8;18;7;18;6;19;2;7;0;2;-1;-1;0;-1;0;-1;-1;1;-3;4;-9;11;-9;11;-9;11;-9;11;-10;12;-10;12;-10;13;-11;13;-11;14;-11;14;-11;15;-11;16;-11;16;-11;16;-11;17;-11;17;-11;17;-10;18;-10;19;-9;20;-8;21;-8;22;-7;23;-7;24;-6;25;-6;25;-5;26;-4;27,transition,EXP_S154,ZONE_02,sortie_zone,4.1,sortie_zone,sortie de la zone
1261254072,-54,6,a0:9f:7a:73:2b:3e,384,-110;-96;8;0;6;30;6;31;6;32;6;31;7;28;8;26;9;23;10;20;12;17;13;14;15;11;16;9;18;7;19;5;20;3;21;2;21;0;21;-2;21;-3;20;-4;20;-6;20;-7;19;-7;19;-8;19;-9;4;-3;0;0;0;0;0;0;0;0;0;0;0;0;0;0;0;0;0;0;-7;-3;-25;-12;-25;-16;-24;-21;-21;-24;-17;-26;-12;-25;-8;-22;-5;-17;-3;-11;-3;-4;-6;3;-10;8;-15;13;-21;15;-26;17;-30;16;-33;15;-35;12;-34;10;-32;8;-28;7;-23;7;-17;8;-12;10;-6;14;-2;17;-113;0;8;-4;8;-4;7;-4;7;-4;6;-4;4;-4;3;-3;3;-2;2;-2;2;-1;2;-1;2;-2;1;-2;0;-2;0;-2;-1;-1;0;-1;0;-1;0;-1;0;-2;-1;-2;-1;-2;-1;-2;-1;-1;-1;-1;-1;-1;0;-1;0;-1;0;-1;0;-1;0;-1;-1;0;-1;0;0;-2;0;-6;2;-15;2;-15;3;-15;4;-15;5;-14;6;-14;7;-14;8;-13;9;-13;9;-13;10;-13;10;-13;10;-12;10;-11;10;-11;11;-10;11;-10;11;-10;11;-10;10;-9;10;-8;10;-8;10;-7;10;-7;10;-7;10;-7;10;-8;9;-8;-113;0;-2;26;-1;26;-1;25;0;24;1;24;2;23;3;22;3;22;4;21;5;20;6;20;6;19;7;19;8;19;8;18;8;18;8;18;8;18;8;18;8;18;8;18;8;17;8;17;8;17;8;17;7;18;6;18;6;18;2;6;0;2;-1;-1;0;-1;0;-1;-1;1;-3;4;-7;12;-7;12;-7;12;-7;12;-7;13;-8;13;-8;14;-9;14;-9;14;-9;15;-9;15;-9;16;-9;17;-9;17;-9;17;-9;18;-9;18;-8;18;-7;19;-7;20;-6;21;-6;22;-6;23;-6;23;-5;24;-4;25;-3;25;-3;26,transition,EXP_S154,ZONE_02,sortie_zone,4.1,sortie_zone,sortie de la zone
1261455158,-53,6,a0:9f:7a:73:2b:3e,384,-110;-96;8;0;-32;-4;-34;-4;-35;-4;-33;-4;-31;-2;-29;-1;-26;1;-23;3;-21;6;-19;8;-17;11;-15;13;-14;15;-12;17;-10;18;-9;19;-7;20;-6;21;-4;21;-3;21;-1;21;0;21;0;21;1;21;2;21;0;5;0;0;0;0;0;0;0;0;0;0;0;0;0;0;0;0;0;0;4;-6;20;-20;23;-19;27;-16;29;-12;29;-7;27;-3;23;0;17;1;11;1;4;-2;-2;-7;-6;-13;-9;-20;-9;-26;-9;-31;-7;-35;-4;-38;-1;-38;0;-37;1;-34;1;-30;0;-25;-3;-20;-8;-15;-13;-11;-17;-8;-122;0;1;8;0;8;0;9;1;8;1;7;2;6;1;4;0;3;-1;2;-1;2;-1;3;0;2;1;2;1;1;1;0;0;-1;-1;-1;-1;0;0;0;0;1;1;0;1;-1;1;-2;0;-2;-1;-1;-1;-1;-1;0;0;0;0;0;0;0;0;-1;-1;-1;-1;-1;1;0;4;1;13;5;14;5;14;6;14;7;13;7;12;8;12;9;11;10;11;12;11;13;11;13;11;12;10;12;9;12;7;13;7;13;6;14;7;14;7;13;7;12;6;12;4;11;3;12;3;12;3;13;4;12;5;11;5;10;-122;0;-28;-8;-27;-8;-26;-7;-26;-6;-25;-5;-25;-4;-24;-3;-24;-2;-23;-1;-23;0;-22;1;-22;1;-22;2;-22;3;-21;3;-21;3;-21;4;-21;4;-21;4;-21;4;-21;4;-20;4;-20;4;-20;3;-20;3;-20;2;-20;1;-21;1;-8;0;-3;-1;0;-1;0;0;0;0;-2;-1;-5;-4;-12;-9;-12;-9;-12;-9;-12;-9;-13;-9;-14;-10;-14;-11;-14;-12;-14;-12;-14;-12;-15;-12;-16;-12;-17;-12;-17;-13;-17;-13;-17;-13;-17;-13;-18;-12;-19;-12;-20;-11;-22;-11;-23;-11;-23;-11;-24;-11;-24;-10;-25;-9;-26;-9;-27;-9,transition,EXP_S154,ZONE_02,sortie_zone,4.1,sortie_zone,sortie de la zone
1261652463,-54,6,a0:9f:7a:73:2b:3e,384,-110;-96;8;0;28;-14;29;-15;30;-15;29;-14;27;-14;24;-14;21;-15;17;-15;14;-16;10;-18;7;-19;5;-20;3;-20;1;-21;-1;-22;-3;-22;-4;-22;-6;-21;-7;-21;-9;-20;-10;-20;-11;-19;-12;-19;-12;-18;-13;-18;-4;-5;0;0;0;0;0;0;0;0;0;0;0;0;0;0;0;0;0;0;-1;6;-5;26;-9;27;-14;27;-18;25;-21;22;-21;17;-20;12;-16;8;-10;5;-3;3;4;4;11;6;17;10;21;15;23;20;23;25;22;28;20;30;18;30;16;28;14;25;12;20;12;14;13;8;16;1;18;-3;-124;0;-11;-15;-11;-15;-10;-15;-9;-14;-9;-12;-8;-10;-7;-8;-5;-7;-4;-6;-3;-6;-4;-6;-4;-5;-4;-4;-4;-2;-3;-1;-2;-1;-1;-1;-1;-1;-2;-1;-2;-1;-3;0;-3;1;-2;1;-2;2;-1;1;-1;0;-1;0;-1;0;-1;-1;-1;-1;0;-1;1;-1;0;0;-3;0;-11;0;-29;1;-30;0;-31;-2;-31;-4;-31;-6;-30;-7;-30;-9;-30;-11;-30;-13;-30;-14;-30;-15;-29;-15;-28;-16;-26;-17;-25;-18;-24;-19;-24;-20;-23;-20;-23;-20;-22;-19;-21;-19;-20;-19;-19;-20;-18;-20;-18;-20;-18;-20;-17;-19;-17;-18;-124;0;54;-6;53;-7;51;-8;50;-9;48;-11;46;-12;45;-14;43;-15;41;-16;40;-17;38;-18;37;-19;36;-20;36;-21;35;-22;35;-22;35;-23;34;-23;34;-23;33;-23;33;-22;33;-22;33;-22;33;-21;33;-20;34;-19;34;-17;35;-16;12;-6;3;-2;-2;0;-2;-1;-1;-1;3;0;9;1;27;5;27;6;27;6;28;7;29;7;30;8;31;8;32;9;33;9;33;9;34;9;36;9;37;9;38;10;39;10;39;10;39;9;40;8;41;6;43;5;45;4;47;3;48;2;49;0;50;-1;51;-3;53;-4;54;-5,transition,EXP_S154,ZONE_02,sortie_zone,4.1,sortie_zone,sortie de la zone
1261852744,-53,6,a0:9f:7a:73:2b:3e,384,-110;-96;8;0;6;-32;6;-34;7;-35;6;-34;5;-32;3;-30;1;-27;-2;-25;-5;-23;-8;-21;-11;-19;-13;-17;-15;-15;-17;-14;-18;-13;-20;-12;-20;-11;-21;-9;-22;-8;-22;-6;-22;-5;-22;-4;-22;-3;-22;-2;-22;-1;-6;-1;0;0;0;0;0;0;0;0;0;0;0;0;0;0;0;0;0;0;4;4;19;20;17;24;14;28;10;30;6;30;2;27;-1;23;-3;17;-2;11;1;4;6;-1;12;-6;19;-8;26;-8;31;-7;35;-5;37;-2;38;1;36;3;34;4;29;3;25;1;20;-2;15;-7;11;-13;9;-17;-110;0;-10;-1;-10;-1;-9;-1;-9;-1;-8;0;-7;0;-5;0;-5;0;-4;-1;-4;-1;-4;-1;-3;0;-3;0;-2;1;-1;1;-1;0;-1;0;-1;0;-1;0;-1;0;-1;1;0;1;0;1;0;0;0;0;0;0;-1;0;-1;0;-1;0;-1;0;-1;0;0;-1;0;-1;-1;1;-4;3;-10;10;-11;10;-12;10;-12;9;-13;9;-13;8;-14;7;-15;7;-15;6;-16;6;-16;6;-16;5;-16;5;-15;4;-15;3;-16;3;-16;2;-16;2;-16;2;-15;2;-14;2;-14;1;-14;0;-14;0;-14;0;-14;1;-13;1;-12;1;-110;0;14;-26;13;-25;12;-25;11;-25;9;-24;8;-24;7;-24;6;-24;5;-23;4;-23;3;-22;2;-22;1;-22;0;-22;-1;-22;-1;-22;-1;-22;-1;-22;-1;-22;-1;-22;-2;-22;-2;-21;-2;-21;-2;-21;-1;-21;-1;-21;0;-21;1;-21;0;-8;0;-3;0;0;-1;0;-1;0;1;-1;4;-3;12;-8;12;-8;12;-8;13;-8;13;-9;14;-9;14;-9;15;-10;15;-10;15;-10;15;-11;16;-11;16;-12;17;-12;17;-12;17;-13;17;-13;16;-14;16;-15;16;-16;16;-18;17;-19;16;-19;16;-20;16;-22;15;-23;15;-24;15;-25,transition,EXP_S154,ZONE_02,sortie_zone,4.1,sortie_zone,sortie de la zone
1262052951,-54,6,a0:9f:7a:73:2b:3e,384,-110;-96;8;0;28;-13;29;-14;30;-14;29;-14;27;-14;24;-14;21;-14;17;-15;14;-16;11;-17;8;-18;5;-19;3;-20;1;-21;-1;-21;-3;-21;-4;-21;-6;-21;-7;-21;-9;-20;-10;-19;-11;-19;-12;-18;-12;-17;-13;-17;-4;-5;0;0;0;0;0;0;0;0;0;0;0;0;0;0;0;0;0;0;-2;6;-7;26;-11;27;-16;26;-20;24;-22;20;-22;15;-20;11;-16;6;-10;4;-3;3;4;3;10;6;16;11;20;16;22;21;22;26;21;29;19;31;17;30;15;29;13;25;11;20;11;15;13;8;15;2;18;-2;-117;0;-12;-16;-11;-16;-10;-15;-10;-14;-10;-12;-9;-10;-7;-8;-5;-7;-4;-6;-3;-6;-4;-6;-4;-5;-4;-3;-4;-2;-3;-1;-2;-1;-2;-1;-2;-1;-2;-2;-3;-1;-3;0;-3;1;-2;1;-1;1;-1;1;-1;0;-1;-1;-1;-1;-1;-1;-1;-1;0;0;1;-1;0;-1;-3;0;-11;2;-29;4;-30;3;-31;1;-31;-1;-31;-2;-31;-4;-31;-6;-31;-8;-31;-10;-32;-12;-32;-13;-31;-14;-30;-14;-28;-15;-27;-17;-26;-18;-26;-19;-25;-19;-25;-19;-24;-18;-22;-18;-20;-18;-19;-19;-19;-19;-19;-19;-19;-19;-18;-18;-18;-17;-117;0;53;-8;52;-8;51;-9;49;-10;47;-11;46;-12;45;-13;43;-14;41;-15;39;-16;37;-17;36;-18;36;-19;35;-21;35;-22;35;-22;34;-22;34;-22;34;-22;34;-21;34;-21;33;-21;33;-20;33;-20;33;-19;34;-17;35;-16;35;-14;12;-5;4;-2;-2;0;-2;-1;-1;-1;3;0;9;1;27;2;27;3;27;3;28;4;29;4;30;4;31;5;32;6;33;6;34;6;34;6;36;6;37;6;38;6;39;7;39;7;39;6;40;5;41;3;43;2;45;1;46;0;48;0;49;-2;50;-3;51;-5;53;-6;54;-7,transition,EXP_S154,ZONE_02,sortie_zone,4.1,sortie_zone,sortie de la zone
1262253854,-53,6,a0:9f:7a:73:2b:3e,384,-110;-96;8;0;-15;28;-16;30;-16;30;-15;29;-14;28;-11;26;-9;24;-5;22;-2;21;1;20;5;19;7;18;9;17;12;16;13;15;15;15;16;14;17;12;18;11;18;10;19;8;19;7;20;6;20;5;20;5;5;1;0;0;0;0;0;0;0;0;0;0;0;0;0;0;0;0;0;0;-4;-6;-13;-25;-10;-28;-6;-31;-1;-32;3;-31;6;-27;8;-22;7;-16;4;-10;-1;-5;-7;-1;-14;1;-21;1;-27;0;-32;-3;-35;-6;-36;-9;-36;-12;-34;-14;-31;-14;-28;-12;-24;-9;-20;-4;-17;1;-14;8;-13;13;-123;0;8;4;8;4;7;3;7;3;6;2;6;2;4;1;3;1;2;1;2;1;2;1;2;0;2;0;1;-1;1;-1;0;-1;0;-1;0;0;0;0;1;-1;0;-1;0;-2;0;-2;-1;-2;-1;-1;-1;-1;0;-1;0;-1;0;-1;0;-1;0;-1;-1;0;-1;0;1;-1;4;-3;12;-8;12;-8;13;-7;14;-7;14;-6;14;-5;14;-4;15;-3;16;-3;16;-2;16;-2;16;-1;16;-1;15;0;15;1;15;2;15;2;15;2;14;2;14;2;13;2;12;3;12;3;12;3;12;3;12;3;12;3;11;2;-123;0;-23;17;-22;17;-21;17;-20;17;-18;17;-17;17;-16;17;-15;18;-14;18;-13;17;-12;17;-12;18;-11;18;-10;18;-10;18;-10;19;-9;19;-9;19;-9;18;-9;18;-9;18;-8;18;-8;18;-9;17;-9;17;-10;17;-11;17;-11;16;-4;6;-2;1;0;-1;0;-1;0;-1;-2;0;-5;1;-14;4;-14;3;-14;4;-15;4;-15;4;-16;4;-17;4;-17;4;-18;4;-18;4;-18;4;-18;5;-19;5;-20;5;-20;5;-20;5;-20;6;-20;7;-20;8;-21;9;-21;10;-22;11;-22;12;-23;12;-23;13;-23;14;-23;15;-23;16,transition,EXP_S154,ZONE_02,sortie_zone,4.1,sortie_zone,sortie de la zone
1262452615,-53,6,a0:9f:7a:73:2b:3e,384,-110;-96;8;0;30;9;31;10;32;11;31;10;29;8;27;6;25;4;23;1;21;-1;20;-4;18;-7;17;-10;16;-12;15;-14;14;-16;13;-17;12;-18;11;-19;10;-20;9;-20;8;-21;7;-21;6;-21;5;-21;5;-21;1;-6;0;0;0;0;0;0;0;0;0;0;0;0;0;0;0;0;0;0;-5;4;-21;18;-24;16;-28;13;-30;9;-30;4;-28;1;-24;-2;-18;-3;-12;-2;-5;1;0;6;3;12;5;19;5;25;4;31;1;34;-2;36;-4;36;-6;35;-7;32;-6;28;-4;24;0;20;4;16;10;12;15;11;-120;0;-1;-9;0;-9;0;-9;-1;-9;-1;-8;-2;-7;-2;-5;-1;-4;0;-3;0;-3;0;-3;-1;-3;-1;-3;-2;-2;-2;-1;-1;-1;-1;-1;0;-1;-1;-2;-1;-2;-2;-1;-2;-1;-2;0;-1;0;-1;0;-1;0;-1;-1;-1;-1;-1;-1;-1;-1;-1;0;0;0;0;0;-2;-1;-5;-3;-13;-7;-13;-7;-13;-8;-13;-9;-13;-10;-12;-10;-11;-11;-11;-12;-10;-13;-10;-14;-10;-14;-10;-14;-9;-14;-8;-14;-7;-14;-6;-15;-6;-15;-6;-15;-6;-15;-5;-14;-5;-13;-4;-13;-3;-13;-2;-13;-2;-13;-3;-13;-3;-13;-3;-12;-120;0;25;12;25;11;24;10;24;9;23;8;23;7;23;6;22;5;22;5;21;4;21;4;20;3;20;2;20;1;20;1;21;0;21;0;21;0;20;0;20;0;20;0;20;0;19;0;19;1;19;1;19;2;19;3;19;4;6;1;2;0;-1;-1;-1;-1;-1;-1;1;0;3;3;10;9;10;9;10;9;10;9;11;10;11;11;11;11;12;12;12;12;12;12;12;12;13;13;13;13;14;14;14;14;14;14;14;14;15;13;16;13;18;13;19;13;20;13;20;14;21;13;22;13;23;13;24;12;24;12,transition,EXP_S154,ZONE_02,sortie_zone,4.1,sortie_zone,sortie de la zone
1262652481,-53,6,a0:9f:7a:73:2b:3e,384,-110;-96;8;0;-8;-31;-9;-33;-9;-34;-9;-33;-9;-30;-10;-28;-11;-24;-12;-21;-13;-18;-15;-15;-17;-13;-18;-10;-20;-8;-21;-6;-22;-4;-22;-2;-22;-1;-22;1;-22;2;-22;4;-22;5;-21;6;-21;6;-21;7;-20;7;-5;2;0;0;0;0;0;0;0;0;0;0;0;0;0;0;0;0;0;0;6;2;25;9;26;13;25;18;22;21;18;23;14;23;9;20;6;16;4;9;3;2;5;-4;9;-11;14;-15;19;-19;24;-20;29;-20;32;-18;33;-16;33;-14;31;-12;27;-11;22;-10;16;-11;10;-13;5;-16;1;-20;-120;0;-10;2;-10;2;-9;2;-8;1;-7;1;-6;1;-6;0;-5;0;-4;0;-4;0;-3;0;-3;0;-2;0;-2;1;-2;0;-1;0;-1;0;-1;1;-1;0;-1;0;-1;0;0;0;0;0;0;0;0;0;0;0;0;0;0;0;0;0;0;0;-1;-1;0;-1;0;-1;-1;1;-2;4;-6;13;-7;13;-8;12;-9;12;-10;12;-10;11;-11;11;-11;11;-12;10;-13;10;-13;9;-13;9;-14;8;-14;8;-14;7;-14;7;-14;6;-14;6;-14;6;-14;5;-13;5;-13;5;-13;4;-13;4;-13;4;-12;4;-12;4;-11;3;-120;0;7;-27;6;-27;5;-27;4;-26;4;-26;3;-25;2;-24;1;-24;0;-23;-1;-22;-3;-22;-3;-22;-4;-21;-5;-21;-5;-21;-5;-21;-6;-21;-6;-21;-6;-21;-6;-21;-6;-21;-6;-20;-6;-20;-6;-20;-5;-20;-5;-20;-4;-20;-3;-20;-1;-8;-1;-3;0;0;-1;0;-1;0;0;-2;3;-5;8;-12;8;-12;9;-12;9;-12;10;-12;10;-12;10;-13;11;-13;11;-14;12;-15;12;-15;12;-15;12;-16;12;-16;12;-17;12;-17;12;-17;12;-18;11;-19;11;-20;11;-21;10;-22;10;-23;10;-24;9;-25;9;-26;8;-27;8;-27,transition,EXP_S154,ZONE_02,sortie_zone,4.1,sortie_zone,sortie de la zone
1262852580,-53,6,a0:9f:7a:73:2b:3e,384,-110;-96;8;0;32;-4;34;-5;34;-4;33;-5;31;-5;28;-6;25;-8;22;-10;18;-12;15;-14;13;-16;10;-18;8;-20;6;-21;4;-22;3;-22;1;-23;-1;-23;-2;-23;-4;-23;-5;-22;-6;-22;-7;-21;-8;-21;-9;-21;-3;-5;0;0;0;0;0;0;0;0;0;0;0;0;0;0;0;0;0;0;-5;5;-18;22;-22;21;-27;18;-30;15;-30;10;-28;6;-24;2;-19;0;-12;-1;-4;1;2;5;8;11;11;17;13;24;14;29;12;34;10;36;7;37;5;36;4;34;3;30;4;24;6;18;9;12;14;7;18;4;-124;0;-3;-10;-3;-10;-3;-10;-3;-9;-3;-8;-3;-7;-3;-5;-2;-4;-1;-4;-1;-4;-1;-4;-2;-4;-2;-3;-2;-2;-2;-1;-1;-1;-1;-1;-1;-1;-1;-1;-2;-1;-2;-1;-2;0;-2;0;-1;0;-1;0;-1;0;-1;-1;-1;-1;-1;-1;-1;-1;-1;-1;0;0;0;0;-2;-1;-6;-2;-16;-4;-16;-5;-16;-6;-16;-7;-15;-8;-15;-8;-14;-10;-14;-11;-14;-12;-14;-13;-13;-13;-13;-13;-12;-13;-11;-13;-10;-14;-10;-14;-9;-15;-9;-15;-9;-14;-9;-14;-8;-13;-7;-13;-6;-13;-6;-13;-6;-13;-6;-13;-6;-13;-6;-12;-124;0;27;5;27;5;26;4;25;3;25;2;24;1;24;0;23;-1;23;-1;22;-2;21;-2;21;-3;21;-4;21;-5;21;-5;20;-6;20;-6;20;-6;20;-6;20;-6;20;-6;19;-6;19;-6;19;-5;19;-5;19;-4;19;-3;19;-2;7;-1;2;0;-1;0;-1;-1;-1;-1;1;0;4;2;12;7;12;7;12;7;12;7;13;8;13;8;14;9;14;9;14;9;15;9;15;9;16;9;16;10;17;10;17;11;17;11;18;10;18;10;19;9;20;9;22;8;23;8;23;8;24;8;25;7;25;7;26;6;27;6,transition,EXP_S154,ZONE_02,sortie_zone,4.1,sortie_zone,sortie de la zone
1263053633,-53,6,a0:9f:7a:73:2b:3e,384,-110;-96;8;0;-19;26;-20;27;-20;27;-19;27;-18;26;-15;24;-12;23;-8;22;-5;21;-1;20;2;19;5;19;7;19;9;18;11;18;13;17;14;16;15;15;16;14;17;13;18;11;18;10;19;9;19;8;19;8;4;2;0;0;0;0;0;0;0;0;0;0;0;0;0;0;0;0;0;0;-3;-7;-8;-27;-5;-30;-1;-32;4;-32;8;-29;10;-26;11;-21;9;-15;5;-9;0;-5;-7;-2;-14;-1;-21;-2;-27;-5;-31;-8;-34;-12;-35;-15;-34;-18;-32;-19;-29;-18;-25;-16;-22;-12;-19;-7;-17;-1;-16;6;-15;11;-116;0;8;4;8;4;7;4;6;3;5;3;5;3;4;2;3;2;3;2;3;1;2;1;2;1;2;0;1;0;1;0;1;0;0;-1;0;-1;0;-1;0;-1;0;-1;0;-1;0;-1;0;-1;0;-1;0;-1;0;-1;-1;-1;-1;-1;-1;-1;0;0;-1;0;-1;0;1;-1;4;-3;13;-6;14;-5;14;-4;14;-3;15;-2;15;-2;15;-1;15;-1;16;0;16;1;16;2;16;2;15;3;15;3;14;4;14;4;14;4;14;5;13;5;13;5;13;5;12;5;12;5;12;5;11;5;11;5;11;5;10;5;-116;0;-24;13;-24;14;-23;14;-22;14;-21;15;-20;15;-19;15;-18;15;-17;16;-16;16;-15;16;-14;16;-13;17;-13;17;-12;17;-12;18;-12;18;-11;18;-11;18;-11;18;-11;17;-11;17;-11;17;-11;17;-11;16;-12;16;-12;16;-13;15;-5;5;-2;1;0;-1;0;-1;0;-1;-2;0;-5;0;-14;1;-14;1;-15;0;-15;0;-16;0;-16;0;-17;0;-17;1;-18;1;-19;1;-19;1;-20;1;-20;1;-21;1;-21;1;-21;2;-21;3;-21;3;-22;4;-22;5;-23;6;-23;7;-24;8;-24;9;-24;10;-25;11;-25;11;-25;12,transition,EXP_S154,ZONE_02,sortie_zone,4.1,sortie_zone,sortie de la zone
1263252228,-53,6,a0:9f:7a:73:2b:3e,384,-110;-96;8;0;-31;-13;-33;-14;-33;-15;-32;-14;-30;-13;-29;-11;-27;-8;-25;-5;-23;-2;-22;2;-21;5;-20;8;-20;10;-19;12;-18;14;-17;15;-16;17;-15;18;-14;18;-13;19;-12;19;-11;20;-9;20;-9;20;-8;20;-2;5;0;0;0;0;0;0;0;0;0;0;0;0;0;0;0;0;0;0;5;-5;21;-18;25;-16;29;-13;31;-8;30;-4;27;0;23;3;17;3;10;2;4;-2;-1;-7;-4;-14;-5;-21;-5;-28;-3;-33;0;-37;4;-39;6;-39;8;-37;9;-34;8;-30;5;-25;1;-21;-4;-17;-11;-14;-16;-13;-112;0;-3;9;-3;8;-3;8;-3;8;-2;7;-2;6;-2;5;-2;3;-2;3;-2;2;-2;2;-1;2;-1;2;0;1;0;1;0;0;-1;0;-1;0;-1;1;0;1;0;1;1;0;1;0;1;-1;0;-1;0;-1;0;0;-1;0;-1;0;-1;0;-1;-1;-1;-1;-1;-1;1;0;3;3;9;10;9;11;8;12;8;12;7;13;6;13;5;14;4;15;4;15;3;16;3;16;3;16;2;15;1;15;0;15;0;15;-1;15;-1;15;-1;15;-1;14;-2;13;-2;13;-3;13;-3;13;-3;13;-3;13;-2;12;-2;12;-112;0;-21;-22;-21;-21;-21;-20;-21;-19;-21;-18;-21;-17;-21;-15;-21;-14;-21;-13;-21;-12;-21;-11;-21;-10;-21;-10;-21;-9;-22;-9;-22;-9;-22;-8;-22;-8;-21;-8;-21;-8;-21;-8;-20;-8;-20;-8;-20;-8;-20;-9;-19;-9;-19;-10;-19;-11;-7;-4;-2;-2;0;0;0;0;0;0;-1;-2;-3;-5;-7;-14;-7;-14;-7;-14;-7;-14;-7;-15;-7;-16;-7;-16;-7;-17;-7;-18;-7;-18;-8;-18;-8;-18;-9;-19;-9;-20;-9;-20;-9;-20;-10;-20;-10;-20;-11;-20;-13;-20;-14;-21;-15;-21;-16;-22;-16;-22;-17;-21;-18;-22;-20;-22;-20;-22,transition,EXP_S154,ZONE_02,sortie_zone,4.1,sortie_zone,sortie de la zone
1263452574,-53,6,a0:9f:7a:73:2b:3e,384,-110;-96;8;0;-24;21;-25;23;-25;23;-24;22;-23;21;-20;20;-17;20;-13;19;-9;19;-6;19;-3;20;0;20;3;20;5;20;7;20;8;19;10;19;11;19;12;18;13;17;14;16;14;15;15;14;16;13;16;13;4;3;0;0;0;0;0;0;0;0;0;0;0;0;0;0;0;0;0;0;-2;-7;-5;-27;-2;-29;2;-31;7;-30;10;-28;12;-24;13;-19;11;-13;7;-9;1;-5;-6;-3;-13;-3;-20;-5;-26;-8;-29;-12;-31;-16;-31;-19;-30;-22;-28;-23;-25;-22;-22;-20;-20;-16;-17;-10;-16;-4;-17;3;-17;8;-115;0;12;14;11;13;10;13;9;11;8;10;7;8;6;7;5;6;4;5;3;5;3;4;3;3;3;2;3;1;2;0;2;0;1;0;1;0;1;0;1;-1;1;-1;1;-2;0;-2;0;-2;0;-2;0;-2;0;-1;0;-1;0;-1;0;-1;0;0;-2;0;-1;-1;2;-1;9;-1;27;-1;28;1;28;3;28;4;28;6;28;7;28;8;28;10;28;11;28;12;28;14;27;15;26;16;25;16;24;17;23;18;23;18;22;18;21;18;21;17;20;17;20;17;19;17;18;17;18;17;17;17;17;16;16;16;-115;0;-55;10;-54;11;-52;12;-51;13;-49;14;-47;16;-45;18;-43;19;-41;20;-39;21;-37;22;-36;23;-35;24;-35;26;-34;26;-33;27;-33;27;-33;27;-32;27;-32;27;-31;27;-31;26;-31;26;-31;26;-31;25;-32;24;-33;23;-33;22;-12;8;-4;2;0;-1;1;0;0;0;-3;-1;-10;-3;-27;-8;-27;-9;-28;-9;-29;-10;-30;-10;-31;-10;-32;-10;-33;-11;-34;-11;-35;-11;-36;-11;-37;-11;-38;-11;-39;-11;-39;-11;-40;-10;-41;-9;-41;-8;-43;-6;-44;-5;-46;-3;-48;-2;-50;0;-51;1;-52;3;-53;4;-54;5;-55;6,transition,EXP_S154,ZONE_02,sortie_zone,4.1,sortie_zone,sortie de la zone
1263651637,-54,6,a0:9f:7a:73:2b:3e,384,-110;-96;8;0;-29;-13;-31;-14;-31;-14;-30;-14;-29;-12;-27;-10;-25;-8;-23;-5;-22;-2;-21;2;-20;5;-19;7;-18;10;-17;12;-16;13;-15;15;-15;16;-13;17;-12;18;-11;19;-10;19;-9;19;-8;19;-7;19;-7;19;-2;5;0;0;0;0;0;0;0;0;0;0;0;0;0;0;0;0;0;0;5;-4;22;-14;26;-12;29;-9;30;-4;29;0;26;3;21;5;15;5;9;3;4;-1;0;-7;-3;-13;-4;-20;-3;-26;0;-31;3;-35;6;-36;8;-36;10;-34;10;-31;9;-27;6;-23;2;-19;-3;-16;-9;-13;-14;-12;-113;0;-5;8;-5;7;-5;7;-5;6;-4;6;-3;5;-2;4;-2;3;-2;2;-2;2;-2;2;-2;2;-1;2;-1;1;0;1;0;1;0;0;-1;0;-1;1;0;1;0;1;0;0;1;0;0;0;0;-1;0;0;-1;0;-1;0;-1;0;-1;0;0;0;-1;-1;-1;-1;0;1;2;4;7;11;6;12;6;13;5;13;4;14;3;14;2;14;2;15;1;15;0;16;0;16;-1;16;-1;15;-2;15;-3;15;-4;15;-4;14;-4;14;-4;14;-4;13;-4;12;-5;12;-5;11;-5;11;-5;11;-5;11;-5;11;-5;11;-113;0;-15;-24;-15;-23;-15;-22;-16;-21;-16;-20;-16;-19;-17;-18;-17;-17;-17;-16;-17;-15;-17;-15;-17;-14;-17;-13;-18;-13;-18;-12;-18;-12;-18;-12;-18;-12;-18;-12;-18;-11;-18;-11;-17;-11;-17;-12;-17;-12;-16;-12;-16;-13;-15;-13;-15;-14;-6;-5;-2;-2;0;0;0;0;0;0;-1;-2;-2;-5;-4;-14;-4;-14;-4;-14;-4;-15;-4;-15;-4;-16;-4;-16;-4;-17;-4;-17;-4;-17;-4;-18;-4;-18;-4;-19;-4;-20;-4;-20;-5;-20;-5;-20;-6;-20;-7;-21;-8;-21;-9;-22;-10;-22;-11;-23;-11;-23;-12;-23;-13;-24;-14;-24;-14;-24,transition,EXP_S154,ZONE_02,sortie_zone,4.1,sortie_zone,sortie de la zone
1263856638,-54,6,a0:9f:7a:73:2b:3e,384,-110;-96;8;0;19;24;20;25;21;25;21;25;20;23;19;20;19;16;18;13;18;9;19;5;19;2;19;0;19;-3;20;-5;20;-7;19;-9;19;-10;18;-12;18;-13;17;-14;16;-15;15;-16;14;-16;13;-17;13;-17;3;-5;0;0;0;0;0;0;0;0;0;0;0;0;0;0;0;0;0;0;-7;0;-27;-1;-29;-4;-30;-9;-29;-13;-26;-16;-21;-17;-16;-17;-11;-14;-7;-8;-5;-2;-4;5;-5;12;-7;18;-11;23;-16;26;-20;28;-23;28;-25;26;-26;24;-25;21;-22;19;-17;17;-11;15;-5;15;1;15;6;17;-109;0;18;-10;16;-9;15;-8;13;-6;11;-5;10;-4;10;-4;8;-4;7;-4;5;-4;4;-3;3;-3;2;-3;2;-3;2;-3;2;-3;1;-3;0;-3;-1;-2;-1;-2;-1;-2;-1;-2;0;-2;0;-2;-1;-3;-1;-2;-2;-2;-2;-2;-1;-1;-1;-1;0;0;-1;1;-1;0;0;-3;2;-10;6;-27;8;-27;11;-27;13;-26;16;-26;17;-26;18;-26;19;-25;20;-25;21;-24;22;-23;23;-22;23;-22;24;-21;24;-20;24;-19;24;-17;24;-16;24;-15;24;-14;24;-14;24;-14;23;-14;22;-13;21;-12;21;-12;20;-11;20;-11;-109;0;-6;53;-5;53;-3;52;-2;51;0;49;2;48;4;46;6;45;8;43;9;42;10;41;11;41;13;40;14;39;15;39;16;38;17;38;17;38;17;37;17;37;17;36;17;35;17;35;16;35;16;36;14;36;13;37;12;37;4;13;0;4;-1;-2;0;-2;0;-1;-2;2;-5;8;-15;23;-16;23;-18;23;-18;23;-19;24;-19;24;-19;25;-19;27;-20;28;-21;29;-21;30;-22;30;-22;30;-22;31;-22;32;-21;34;-20;35;-19;37;-18;38;-18;39;-17;41;-16;44;-14;45;-13;47;-12;49;-12;51;-11;52;-11;53,transition,EXP_S154,ZONE_02,sortie_zone,4.1,sortie_zone,sortie de la zone
1264052364,-54,6,a0:9f:7a:73:2b:3e,384,-110;-96;8;0;-29;-12;-31;-13;-31;-13;-30;-13;-29;-11;-27;-9;-25;-7;-23;-4;-22;0;-20;3;-19;6;-18;9;-17;11;-16;13;-15;15;-14;16;-13;18;-12;18;-10;19;-9;20;-8;20;-6;20;-5;20;-4;20;-3;20;-1;5;0;0;0;0;0;0;0;0;0;0;0;0;0;0;0;0;0;0;5;-4;24;-12;27;-9;30;-5;30;-1;29;3;26;6;21;8;15;7;9;4;4;0;0;-6;-3;-13;-3;-20;-2;-27;1;-31;4;-34;7;-36;10;-35;11;-34;11;-31;10;-27;7;-23;2;-19;-3;-16;-9;-13;-14;-12;-125;0;-3;8;-3;8;-3;8;-3;7;-2;7;-2;6;-1;4;-1;3;-2;2;-2;2;-1;2;-1;2;0;2;0;1;0;1;0;0;0;0;-1;0;0;1;0;1;1;0;1;0;1;0;0;-1;0;-1;0;-1;-1;0;0;0;0;0;0;0;0;0;-1;-1;-1;-1;0;1;3;3;8;11;8;12;8;12;7;13;6;13;5;14;4;14;4;15;3;15;3;16;3;16;2;16;1;15;0;15;-1;15;-1;15;-2;15;-2;15;-1;14;-1;14;-1;13;-2;12;-3;12;-3;12;-3;12;-3;12;-2;12;-2;11;-125;0;-20;-20;-20;-19;-20;-18;-20;-17;-20;-16;-20;-14;-20;-13;-20;-12;-20;-11;-20;-11;-20;-10;-20;-9;-20;-8;-20;-7;-21;-7;-21;-7;-21;-6;-21;-6;-20;-6;-20;-6;-20;-6;-20;-6;-20;-6;-19;-6;-19;-7;-19;-7;-19;-8;-18;-9;-7;-4;-2;-2;0;0;0;0;0;0;-1;-2;-2;-5;-6;-13;-5;-13;-5;-14;-5;-14;-6;-15;-6;-15;-6;-16;-6;-16;-6;-17;-6;-17;-7;-17;-7;-18;-7;-18;-8;-19;-8;-19;-8;-19;-8;-19;-9;-19;-10;-19;-12;-19;-13;-19;-14;-20;-15;-20;-15;-20;-16;-20;-17;-20;-18;-20;-19;-20,transition,EXP_S154,ZONE_02,sortie_zone,4.1,sortie_zone,sortie de la zone
1264252209,-54,6,a0:9f:7a:73:2b:3e,384,-110;-96;8;0;-3;31;-3;32;-3;33;-3;32;-2;30;0;27;2;25;4;22;7;19;9;17;12;15;14;13;16;12;17;10;19;8;20;7;21;6;21;4;21;3;21;1;21;0;21;-2;21;-3;21;-4;21;-4;5;-1;0;0;0;0;0;0;0;0;0;0;0;0;0;0;0;0;0;0;-5;-5;-20;-20;-18;-23;-15;-27;-11;-29;-7;-29;-3;-27;0;-23;1;-17;1;-11;-2;-4;-6;1;-12;6;-19;8;-25;9;-30;8;-34;6;-36;4;-37;1;-36;-1;-33;-2;-29;-2;-24;0;-19;3;-14;7;-10;12;-7;17;-109;0;9;0;8;0;8;0;7;0;6;0;5;0;4;0;4;0;3;0;3;0;2;0;2;-1;2;-1;1;-1;0;-1;0;-1;0;-1;0;-1;0;-1;0;-1;0;-2;0;-2;-1;-2;-1;-1;-1;-1;-1;-1;0;-1;0;-1;0;-1;0;-1;0;-1;-1;0;-1;0;1;-2;3;-4;10;-10;11;-9;12;-9;12;-8;13;-7;13;-7;14;-6;14;-6;15;-5;15;-5;15;-4;15;-4;15;-3;15;-3;14;-2;14;-2;14;-1;14;-1;14;-1;14;-1;13;-1;13;-1;12;0;12;0;12;0;12;0;11;-1;11;-1;-109;0;-15;22;-15;22;-14;22;-13;22;-11;22;-10;22;-9;22;-7;21;-6;21;-5;21;-4;21;-3;20;-2;20;-2;20;-1;20;-1;21;0;21;0;21;0;20;1;20;1;20;1;20;1;19;1;19;1;19;0;20;-1;19;-2;19;-1;7;-1;2;-1;-1;0;-1;0;-1;-2;0;-5;2;-13;5;-13;5;-14;5;-14;5;-15;5;-15;5;-16;6;-16;6;-17;6;-17;6;-17;7;-17;8;-18;8;-18;9;-18;9;-18;9;-18;10;-18;11;-17;12;-18;13;-18;14;-18;15;-18;16;-18;17;-17;19;-17;20;-16;21;-16;22,transition,EXP_S154,ZONE_02,sortie_zone,4.1,sortie_zone,sortie de la zone
1264455371,-53,6,a0:9f:7a:73:2b:3e,384,-110;-96;8;0;-8;-31;-8;-33;-8;-33;-8;-32;-9;-30;-9;-28;-10;-25;-11;-21;-13;-18;-15;-15;-17;-13;-18;-11;-20;-9;-21;-7;-22;-5;-22;-3;-22;-2;-23;0;-23;1;-22;2;-22;4;-22;5;-21;6;-21;6;-21;7;-6;1;0;0;0;0;0;0;0;0;0;0;0;0;0;0;0;0;0;0;6;1;26;7;27;11;26;16;23;20;19;22;15;22;10;20;6;15;4;10;3;3;5;-4;8;-11;13;-16;19;-19;24;-20;28;-20;31;-19;33;-17;33;-14;31;-12;27;-11;22;-10;16;-11;10;-13;5;-16;1;-19;-118;0;-9;2;-9;2;-9;2;-8;2;-7;2;-6;2;-5;1;-4;1;-4;0;-4;0;-3;0;-3;1;-2;1;-2;1;-1;1;-1;0;-1;0;-1;0;-1;0;-1;0;-1;1;0;1;0;0;0;0;0;0;0;0;-1;0;-1;0;-1;0;-1;0;-1;0;0;-1;0;-1;-1;1;-1;5;-3;13;-4;14;-5;14;-5;14;-6;13;-7;13;-8;13;-9;12;-10;12;-11;12;-11;12;-11;12;-11;11;-11;10;-12;9;-12;9;-13;8;-13;8;-13;8;-12;8;-12;7;-12;6;-12;6;-12;5;-12;5;-12;6;-11;6;-11;5;-118;0;3;-28;3;-28;2;-27;1;-26;1;-26;0;-25;-1;-24;-2;-24;-3;-23;-4;-22;-5;-22;-5;-21;-6;-21;-6;-21;-7;-21;-7;-21;-7;-21;-7;-21;-7;-21;-7;-21;-7;-20;-7;-20;-7;-20;-7;-20;-6;-20;-5;-20;-4;-20;-4;-21;-1;-8;-1;-3;0;0;-1;0;-1;0;0;-2;2;-5;5;-14;6;-13;6;-13;6;-14;7;-14;7;-15;8;-15;8;-16;8;-16;9;-16;8;-17;9;-18;9;-18;9;-18;9;-19;9;-19;9;-19;8;-19;8;-20;7;-21;7;-22;7;-23;7;-24;6;-25;5;-26;5;-27;4;-27;4;-28,transition,EXP_S154,ZONE_02,sortie_zone,4.1,sortie_zone,sortie de la zone
1264653001,-53,6,a0:9f:7a:73:2b:3e,384,-110;-96;8;0;-29;16;-30;17;-30;17;-29;17;-27;16;-24;16;-21;16;-17;17;-13;17;-10;18;-7;19;-4;20;-2;21;0;21;2;21;4;21;6;21;7;21;8;20;10;20;11;19;12;18;12;17;13;17;14;16;3;4;0;0;0;0;0;0;0;0;0;0;0;0;0;0;0;0;0;0;0;-7;2;-29;6;-30;11;-30;15;-28;18;-25;19;-20;18;-15;14;-10;9;-7;2;-4;-5;-4;-13;-6;-19;-10;-24;-14;-27;-20;-27;-24;-26;-28;-24;-29;-22;-29;-20;-28;-17;-25;-16;-20;-15;-14;-15;-7;-17;-1;-19;4;-123;0;9;16;9;16;8;15;7;13;6;12;5;10;5;8;4;7;3;6;3;5;3;4;2;4;2;3;2;2;2;1;2;0;1;0;1;0;1;0;1;0;1;-1;1;-1;1;-2;0;-2;0;-2;0;-2;0;-1;0;-1;0;-1;0;-1;0;0;-2;-1;-1;-1;3;-1;10;0;29;2;29;4;29;6;29;8;29;10;28;11;28;13;28;15;27;17;27;18;27;19;26;19;25;20;23;21;22;21;21;22;20;22;20;22;19;22;18;22;17;21;16;21;16;21;15;21;15;21;14;20;14;20;14;19;-123;0;-57;-1;-56;0;-55;2;-53;3;-51;5;-50;6;-48;8;-47;9;-45;11;-44;13;-42;14;-42;15;-41;17;-41;18;-40;19;-40;19;-40;19;-39;19;-39;19;-39;19;-39;18;-38;18;-38;18;-38;18;-38;17;-38;15;-39;14;-39;13;-15;4;-5;1;1;-1;1;0;0;0;-3;-2;-10;-4;-28;-11;-28;-11;-28;-12;-28;-13;-29;-13;-30;-14;-31;-14;-32;-15;-33;-16;-34;-16;-35;-16;-36;-16;-37;-16;-38;-16;-39;-17;-39;-16;-40;-15;-41;-14;-42;-13;-44;-12;-46;-11;-48;-10;-49;-9;-51;-8;-52;-6;-54;-5;-55;-4;-56;-3,transition,EXP_S154,ZONE_02,sortie_zone,4.1,sortie_zone,sortie de la zone
1264851199,-54,6,a0:9f:7a:73:2b:3e,384,-110;-96;8;0;0;31;0;33;0;33;0;32;1;30;2;27;3;25;6;22;8;19;11;16;13;14;15;12;16;11;18;9;19;7;20;6;20;4;21;3;21;2;21;0;21;-1;21;-2;21;-4;20;-4;20;-5;5;-2;0;0;0;0;0;0;0;0;0;0;0;0;0;0;0;0;0;0;-6;-4;-23;-17;-22;-20;-19;-25;-16;-27;-12;-28;-7;-26;-3;-23;-1;-17;-1;-11;-3;-4;-6;2;-11;7;-18;10;-24;12;-29;12;-33;10;-36;8;-37;6;-36;3;-33;2;-29;1;-24;2;-19;5;-13;8;-9;13;-6;17;-115;0;9;-1;9;-1;8;-1;7;-1;6;-1;5;-1;4;-1;4;-1;3;0;3;0;2;-1;2;-1;1;-1;1;-1;0;-1;0;-1;0;-1;0;-1;0;-1;0;-1;0;-1;-1;-1;-1;-1;-1;-1;-1;-1;-1;-1;0;-1;0;-1;0;-1;0;-1;0;0;-1;0;-1;0;0;-2;2;-5;7;-12;8;-12;9;-12;10;-11;10;-11;11;-11;12;-10;12;-10;13;-9;13;-9;14;-8;14;-8;14;-7;14;-6;14;-5;14;-5;14;-4;14;-4;14;-4;13;-4;13;-4;13;-3;13;-3;13;-3;12;-2;12;-2;11;-3;11;-3;-115;0;-13;24;-12;24;-11;23;-10;23;-9;23;-8;22;-7;22;-6;22;-5;21;-4;21;-3;21;-2;21;-2;21;-1;20;-1;20;0;20;0;20;0;20;0;20;0;20;0;20;0;20;0;19;0;19;0;19;-1;19;-2;19;-3;19;-1;7;-1;2;-1;-1;0;-1;0;-1;-2;1;-4;3;-11;9;-11;8;-11;8;-12;9;-12;9;-13;9;-13;10;-14;10;-14;10;-14;11;-15;11;-15;12;-15;12;-16;12;-16;13;-16;13;-16;13;-15;14;-15;15;-15;16;-15;17;-15;18;-15;19;-15;20;-14;21;-14;22;-14;23;-14;23,transition,EXP_S154,ZONE_02,sortie_zone,4.1,sortie_zone,sortie de la zone
1265053922,-54,6,a0:9f:7a:73:2b:3e,384,-110;-96;8;0;-6;-32;-6;-33;-6;-34;-6;-33;-6;-31;-7;-28;-8;-25;-10;-22;-12;-19;-14;-16;-16;-13;-18;-11;-19;-9;-20;-8;-21;-6;-22;-4;-22;-3;-22;-2;-22;0;-22;1;-22;2;-21;4;-21;5;-21;6;-20;6;-5;1;0;0;0;0;0;0;0;0;0;0;0;0;0;0;0;0;0;0;6;2;24;11;24;15;22;19;19;23;15;24;11;23;7;21;4;16;2;10;3;3;5;-4;9;-10;14;-14;20;-17;26;-17;30;-17;32;-15;34;-13;33;-10;31;-8;27;-7;22;-7;17;-9;11;-12;6;-16;2;-19;-116;0;-9;1;-9;1;-9;1;-8;1;-7;1;-6;1;-5;1;-4;1;-4;0;-4;0;-3;0;-3;0;-3;1;-2;1;-1;1;-1;0;-1;0;-1;0;-1;0;-1;1;-1;1;0;1;0;1;0;0;0;0;0;0;-1;0;-1;0;-1;0;0;0;-1;0;0;-1;0;-1;-1;1;-3;4;-7;12;-8;12;-9;12;-9;12;-10;11;-10;11;-11;10;-12;9;-13;9;-13;9;-13;9;-13;9;-13;8;-13;7;-14;6;-14;6;-14;6;-14;6;-14;5;-13;5;-13;5;-12;4;-12;4;-13;4;-13;4;-12;4;-12;4;-11;4;-116;0;6;-28;6;-27;5;-27;4;-26;3;-25;1;-25;0;-24;-1;-24;-1;-23;-2;-22;-3;-22;-4;-22;-4;-21;-5;-21;-6;-21;-6;-21;-6;-21;-7;-21;-7;-20;-7;-20;-7;-20;-7;-20;-7;-19;-6;-19;-6;-19;-5;-20;-5;-20;-4;-20;-2;-7;-1;-3;0;0;-1;0;-1;0;0;-2;3;-4;9;-10;9;-10;9;-11;9;-11;10;-11;10;-12;11;-12;11;-13;11;-13;11;-14;11;-14;12;-15;12;-15;12;-15;13;-16;12;-16;12;-17;12;-17;11;-18;10;-19;10;-21;10;-22;10;-23;9;-23;9;-24;8;-25;8;-26;8;-27,transition,EXP_S154,ZONE_02,sortie_zone,4.1,sortie_zone,sortie de la zone
1265257846,-53,6,a0:9f:7a:73:2b:3e,384,-110;-96;8;0;29;-16;31;-17;31;-17;30;-17;27;-17;24;-17;21;-17;17;-18;13;-18;10;-19;7;-20;4;-22;1;-22;-1;-23;-3;-23;-5;-23;-7;-23;-9;-22;-10;-22;-11;-21;-12;-20;-13;-19;-14;-19;-15;-18;-15;-18;-4;-5;0;0;0;0;0;0;0;0;0;0;0;0;0;0;0;0;0;0;-2;6;-8;27;-12;28;-17;27;-21;25;-24;21;-24;16;-22;11;-17;7;-11;4;-4;3;4;3;11;6;17;11;22;17;24;22;24;27;23;30;21;32;19;32;16;30;14;26;13;21;13;14;14;8;16;1;19;-4;-127;0;-5;-9;-5;-9;-4;-9;-4;-8;-4;-7;-4;-6;-3;-5;-2;-4;-2;-4;-2;-3;-2;-3;-2;-3;-2;-2;-2;-2;-2;-1;-2;-1;-1;-1;-1;-1;-1;-1;-2;-1;-2;-1;-2;0;-2;0;-1;0;-1;0;-1;0;-1;0;-1;-1;-1;-1;-1;-1;0;0;0;0;0;0;-2;0;-6;-1;-16;-2;-16;-3;-16;-4;-16;-5;-16;-6;-16;-7;-15;-8;-15;-9;-15;-10;-15;-11;-15;-11;-14;-11;-14;-11;-13;-12;-12;-12;-12;-13;-11;-13;-11;-13;-11;-13;-10;-12;-9;-12;-9;-12;-8;-12;-8;-12;-8;-12;-8;-12;-8;-12;-8;-11;-127;0;28;0;28;0;27;-1;26;-2;25;-3;25;-4;24;-4;23;-5;22;-5;22;-6;21;-7;21;-7;21;-8;20;-9;20;-10;20;-10;20;-10;20;-10;20;-10;20;-10;19;-10;19;-9;19;-9;19;-9;19;-8;19;-8;20;-7;20;-6;7;-2;2;-1;-1;0;-1;-1;-1;-1;1;0;4;1;13;5;13;5;13;6;13;6;14;6;14;7;15;7;15;8;15;8;16;8;16;8;17;8;17;8;18;8;18;8;19;8;19;8;20;7;20;6;21;6;23;5;24;5;24;5;25;4;26;3;27;2;28;2;28;1,transition,EXP_S154,ZONE_02,sortie_zone,4.1,sortie_zone,sortie de la zone
1265454111,-53,6,a0:9f:7a:73:2b:3e,384,-110;-96;8;0;-17;28;-18;29;-18;30;-18;29;-16;27;-13;26;-10;24;-6;23;-2;21;1;20;4;19;8;19;10;18;12;17;14;16;16;15;17;14;18;13;19;11;20;10;21;8;21;7;21;6;21;5;21;4;5;1;0;0;0;0;0;0;0;0;0;0;0;0;0;0;0;0;0;0;-2;-7;-4;-29;-1;-32;4;-33;8;-32;12;-30;14;-25;14;-20;12;-14;7;-8;1;-4;-6;-2;-14;-1;-21;-3;-28;-6;-32;-10;-34;-13;-35;-17;-34;-19;-32;-20;-29;-20;-25;-17;-21;-13;-18;-7;-16;-1;-15;6;-15;12;-121;0;8;4;8;4;8;4;7;3;7;3;6;2;4;1;3;1;3;1;2;1;2;1;2;0;2;0;1;-1;1;-1;0;-1;0;-1;0;-1;0;-1;1;-1;0;-2;0;-2;-1;-2;-1;-2;-1;-1;-1;-1;0;-1;0;-1;0;-1;0;-1;-1;0;-1;0;-1;0;1;-1;5;-2;14;-6;15;-5;15;-4;15;-4;16;-3;16;-2;16;-1;16;0;17;1;17;1;17;2;17;2;16;2;16;2;15;3;15;4;15;4;15;4;15;4;14;4;14;4;13;4;12;5;13;5;13;5;12;4;12;3;12;3;-121;0;-23;16;-23;16;-21;17;-20;17;-19;17;-17;18;-16;18;-15;19;-14;19;-13;19;-12;19;-11;19;-10;20;-9;20;-9;20;-8;20;-8;20;-8;20;-8;20;-7;20;-7;20;-7;20;-7;20;-7;19;-7;19;-8;19;-8;19;-9;19;-4;6;-2;2;0;-1;0;-1;0;-1;-2;0;-6;0;-15;0;-15;0;-15;0;-16;0;-16;0;-17;0;-18;0;-18;0;-19;0;-19;0;-19;1;-20;1;-20;2;-21;2;-21;2;-21;2;-21;3;-21;4;-21;5;-22;6;-23;7;-23;8;-24;9;-24;10;-23;12;-23;13;-23;15;-23;16,transition,EXP_S154,ZONE_02,sortie_zone,4.1,sortie_zone,sortie de la zone
1265656694,-53,6,a0:9f:7a:73:2b:3e,384,-110;-96;8;0;26;19;27;20;27;20;26;19;25;17;24;15;23;11;22;8;21;4;21;1;21;-3;20;-5;20;-7;20;-9;19;-11;18;-13;18;-14;17;-15;16;-16;15;-17;14;-18;13;-19;12;-19;11;-20;11;-20;2;-5;0;0;0;0;0;0;0;0;0;0;0;0;0;0;0;0;0;0;-7;2;-26;9;-29;6;-32;2;-32;-3;-30;-6;-26;-9;-21;-10;-15;-9;-10;-6;-5;-1;-2;6;-1;13;-1;20;-4;26;-7;30;-11;33;-14;34;-17;33;-18;30;-17;27;-15;24;-11;21;-6;18;0;16;7;15;12;15;-123;0;5;-8;5;-7;5;-7;4;-6;4;-5;3;-5;2;-4;2;-3;2;-3;1;-3;1;-3;1;-3;0;-2;0;-2;0;-2;-1;-2;-1;-1;-1;-1;-1;-1;-1;-1;-1;-1;-1;-1;-1;-1;-1;-1;-1;-1;-1;-1;-1;-1;-1;-1;-1;-1;-1;-1;0;0;0;0;-1;0;-1;-2;-1;-5;-3;-15;-2;-15;-1;-15;0;-15;1;-15;2;-16;2;-16;3;-16;4;-16;5;-16;5;-16;5;-15;6;-15;6;-15;6;-14;7;-14;7;-13;7;-13;7;-13;7;-12;7;-12;7;-11;7;-11;7;-11;7;-11;6;-10;6;-10;6;-10;-123;0;10;25;11;25;11;24;12;23;12;22;13;21;13;20;14;19;14;18;14;17;15;16;15;15;16;14;17;14;17;13;17;13;17;13;17;12;17;12;17;12;17;12;17;12;17;11;16;12;16;12;16;12;15;13;15;14;5;5;1;1;-1;-1;0;-1;0;-1;-1;1;-1;5;-2;14;-3;14;-3;14;-4;14;-4;15;-4;15;-4;16;-4;16;-4;17;-4;17;-4;18;-3;18;-3;19;-3;19;-2;20;-2;20;-2;20;-1;21;0;21;1;22;2;22;3;23;4;23;5;24;6;25;7;25;8;26;9;26,transition,EXP_S154,ZONE_02,sortie_zone,4.1,sortie_zone,sortie de la zone
1265852410,-53,6,a0:9f:7a:73:2b:3e,384,-110;-96;8;0;22;22;24;23;24;24;24;23;22;20;22;18;21;14;21;11;20;7;20;3;20;0;20;-3;20;-6;20;-8;19;-10;19;-12;18;-13;17;-14;16;-16;15;-17;14;-18;13;-18;12;-19;11;-19;10;-19;2;-5;0;0;0;0;0;0;0;0;0;0;0;0;0;0;0;0;0;0;-7;0;-29;0;-31;-4;-31;-9;-30;-13;-27;-17;-22;-18;-17;-17;-12;-14;-7;-9;-4;-3;-3;5;-4;13;-6;19;-10;25;-15;28;-19;30;-23;30;-25;28;-25;26;-24;23;-21;20;-16;18;-10;16;-4;15;3;15;8;16;-118;0;11;-16;11;-15;11;-14;10;-14;8;-13;6;-11;5;-9;4;-7;4;-6;4;-5;3;-5;2;-6;1;-5;0;-4;-1;-3;-1;-2;-1;-2;0;-2;0;-3;-1;-3;-2;-3;-3;-2;-3;-1;-3;-1;-2;0;-1;-1;-1;-1;-1;-2;-1;-1;-1;-1;-1;0;0;1;0;0;-2;-4;-4;-11;-9;-30;-8;-30;-6;-31;-5;-32;-3;-32;-2;-32;1;-32;3;-33;5;-34;6;-34;7;-35;7;-34;8;-33;10;-32;11;-30;12;-30;13;-30;13;-29;12;-29;12;-28;12;-26;12;-24;13;-24;14;-24;14;-24;14;-23;12;-23;12;-22;-118;0;23;50;24;48;25;47;26;44;27;42;28;40;29;38;29;36;30;34;30;32;31;30;32;29;33;27;34;27;34;26;34;26;35;25;35;25;35;25;34;24;34;24;34;23;33;23;33;23;32;24;31;25;30;27;29;28;10;10;3;3;-2;-1;-1;-2;0;-1;0;3;0;10;0;28;-1;28;-1;28;-1;29;-1;30;-1;32;-2;33;-2;34;-2;35;-2;35;-1;36;0;37;0;39;0;40;0;40;0;40;1;40;3;40;5;41;7;43;9;45;11;46;12;47;14;48;16;48;18;49;21;49;22;50,transition,EXP_S154,ZONE_02,sortie_zone,4.1,sortie_zone,sortie de la zone
1266052377,-53,6,a0:9f:7a:73:2b:3e,384,-110;-96;8;0;-2;31;-2;33;-2;33;-2;32;-1;30;1;28;3;25;5;22;8;19;10;16;13;14;15;13;17;11;18;9;19;8;20;6;21;5;21;3;21;2;21;0;21;-1;21;-3;20;-4;20;-5;20;-5;5;-2;0;0;0;0;0;0;0;0;0;0;0;0;0;0;0;0;0;0;-5;-5;-20;-19;-19;-23;-16;-27;-12;-29;-8;-29;-4;-27;-1;-23;1;-17;0;-11;-2;-4;-6;2;-12;6;-19;9;-25;10;-31;9;-35;7;-37;5;-37;2;-36;0;-34;-1;-29;-1;-24;1;-19;4;-14;8;-10;13;-7;17;-119;0;9;0;9;0;8;0;7;0;7;0;6;0;5;0;4;0;3;0;3;0;3;0;2;0;2;-1;1;-1;1;-1;0;-1;0;-1;0;-1;0;-1;0;-1;0;-1;-1;-2;-1;-1;-1;-1;-1;-1;-1;-1;-1;-1;0;-1;0;-1;0;-1;-1;0;-1;0;-1;0;0;-2;3;-4;10;-10;11;-10;11;-10;12;-9;12;-8;13;-8;13;-7;14;-7;15;-6;15;-6;15;-5;15;-5;15;-4;15;-4;15;-3;15;-2;15;-2;15;-2;14;-2;14;-2;13;-1;13;-1;13;-1;13;-1;12;-1;12;-1;12;-1;11;-1;-119;0;-15;23;-15;22;-14;22;-13;22;-11;22;-10;22;-9;22;-8;21;-7;21;-6;21;-5;21;-4;21;-3;21;-2;21;-2;21;-1;21;-1;21;-1;20;-1;20;0;20;0;20;0;20;0;20;0;19;0;19;-1;19;-2;19;-3;19;-1;7;-1;2;-1;-1;0;-1;0;-1;-2;0;-5;2;-13;6;-13;6;-13;6;-14;6;-14;6;-15;6;-15;7;-16;7;-16;7;-16;8;-17;8;-17;9;-17;9;-18;9;-18;10;-18;10;-18;11;-18;12;-17;13;-17;14;-18;15;-18;16;-18;17;-18;18;-17;19;-17;20;-17;21;-16;22,transition,EXP_S154,ZONE_02,sortie_zone,4.1,sortie_zone,sortie de la zone
1266254203,-54,6,a0:9f:7a:73:2b:3e,384,-110;-96;8;0;-9;-31;-9;-32;-9;-33;-9;-32;-9;-29;-10;-27;-11;-24;-12;-20;-14;-17;-15;-14;-17;-11;-19;-9;-20;-7;-21;-5;-22;-4;-22;-2;-23;-1;-23;1;-22;2;-22;4;-22;5;-21;6;-21;7;-20;8;-20;8;-5;2;0;0;0;0;0;0;0;0;0;0;0;0;0;0;0;0;0;0;6;1;25;8;25;12;24;17;22;21;18;23;13;22;9;20;5;16;3;9;3;3;4;-4;8;-11;13;-16;18;-19;24;-20;28;-20;31;-18;33;-16;32;-13;30;-11;26;-10;21;-9;15;-10;10;-12;4;-16;0;-19;-119;0;-10;2;-9;2;-9;2;-8;2;-7;1;-6;1;-5;1;-5;1;-4;0;-4;0;-3;0;-3;1;-2;1;-2;1;-1;0;-1;0;-1;0;-1;0;-1;0;-1;0;-1;1;0;0;0;0;0;0;0;0;0;0;0;0;-1;0;-1;0;-1;0;-1;-1;0;-1;0;-1;-1;1;-2;4;-4;13;-5;13;-6;13;-7;13;-8;13;-8;12;-9;12;-10;12;-11;12;-12;11;-12;11;-12;10;-12;10;-12;9;-12;9;-13;8;-13;8;-13;7;-13;7;-13;6;-12;6;-12;5;-12;5;-12;5;-12;5;-12;5;-11;5;-11;5;-119;0;5;-28;4;-27;3;-26;2;-26;1;-25;0;-25;0;-24;-1;-23;-2;-23;-3;-22;-3;-21;-4;-21;-5;-21;-6;-21;-6;-21;-6;-21;-7;-21;-7;-21;-7;-21;-7;-21;-6;-20;-6;-20;-6;-20;-6;-20;-5;-20;-5;-20;-4;-20;-3;-20;-1;-8;-1;-3;0;0;-1;0;-1;0;0;-2;2;-5;6;-12;7;-12;7;-12;7;-13;8;-13;8;-13;8;-14;9;-14;9;-15;9;-15;9;-16;9;-16;10;-17;10;-17;10;-18;10;-18;10;-18;9;-19;9;-19;9;-20;8;-21;8;-22;8;-23;7;-24;7;-25;6;-26;6;-27;5;-27,transition,EXP_S154,ZONE_02,sortie_zone,4.1,sortie_zone,sortie de la zone
1266456891,-53,6,a0:9f:7a:73:2b:3e,384,-110;-96;8;0;0;31;0;33;0;33;0;32;1;30;2;28;4;25;6;22;8;19;10;16;13;14;14;13;16;11;18;9;19;8;20;6;20;5;21;3;21;2;21;0;21;-1;21;-2;21;-3;21;-3;20;-4;5;-1;0;0;0;0;0;0;0;0;0;0;0;0;0;0;0;0;0;0;-6;-4;-24;-14;-24;-18;-22;-23;-19;-26;-14;-27;-10;-26;-6;-23;-4;-17;-3;-11;-4;-4;-7;2;-12;8;-18;11;-24;13;-29;13;-33;12;-36;10;-37;8;-36;6;-34;4;-30;4;-25;4;-19;6;-14;9;-9;14;-6;17;-121;0;8;-2;8;-2;8;-2;8;-2;7;-2;5;-2;4;-2;3;-1;3;-1;2;-1;2;-1;2;-1;1;-2;1;-2;0;-2;-1;-1;0;-1;0;0;0;-1;0;-1;0;-2;-1;-2;-2;-2;-2;-1;-1;-1;-1;-1;0;-1;0;-1;0;-1;0;-1;-1;0;-1;0;-1;0;0;-2;1;-5;5;-14;6;-14;7;-14;7;-13;8;-13;9;-12;9;-11;11;-11;12;-11;12;-11;13;-11;13;-11;12;-10;12;-9;12;-8;13;-7;13;-7;13;-7;13;-7;12;-7;12;-6;11;-5;12;-5;12;-4;12;-4;11;-5;11;-5;10;-5;-121;0;-9;26;-8;25;-7;25;-6;24;-5;24;-4;23;-3;23;-2;23;-1;22;0;21;1;21;2;20;3;20;3;20;3;20;4;20;4;20;4;20;4;20;4;20;4;19;4;19;4;19;4;19;4;19;3;19;2;19;1;20;0;7;0;2;-1;-1;0;-1;0;-1;-1;1;-4;3;-9;10;-9;10;-9;10;-10;11;-10;11;-11;12;-11;12;-12;13;-12;13;-12;13;-12;14;-12;14;-13;15;-13;15;-13;16;-13;16;-13;16;-13;17;-12;18;-12;19;-12;20;-12;21;-12;22;-12;23;-11;23;-10;24;-9;25;-9;26,transition,EXP_S154,ZONE_02,sortie_zone,4.1,sortie_zone,sortie de la zone
1266652432,-53,6,a0:9f:7a:73:2b:3e,384,-110;-96;8;0;-20;-26;-21;-28;-21;-28;-20;-27;-20;-25;-20;-22;-19;-18;-19;-15;-19;-11;-20;-8;-21;-5;-21;-2;-22;0;-22;2;-22;4;-21;6;-21;8;-21;9;-20;11;-19;12;-19;13;-18;14;-17;14;-16;15;-16;15;-4;3;0;0;0;0;0;0;0;0;0;0;0;0;0;0;0;0;0;0;6;-1;27;-3;29;1;30;6;29;10;26;13;22;15;17;15;12;12;7;7;4;1;3;-6;4;-14;6;-20;10;-25;15;-28;19;-30;22;-30;25;-28;25;-26;24;-23;21;-21;16;-18;11;-17;4;-16;-2;-17;-7;-19;-113;0;-16;10;-16;9;-15;8;-13;8;-12;7;-10;6;-8;5;-7;4;-7;3;-6;3;-5;2;-4;2;-3;2;-2;2;-1;1;-1;1;-1;1;-1;1;-1;1;0;1;1;1;1;1;2;1;2;0;1;0;1;0;0;0;0;1;0;0;0;0;0;-1;0;-2;0;-1;-1;3;-2;10;-5;28;-6;28;-8;28;-10;28;-11;28;-13;28;-14;27;-16;27;-18;27;-19;26;-20;26;-20;25;-21;24;-21;23;-21;21;-22;21;-22;20;-22;20;-22;19;-21;18;-21;17;-21;16;-21;15;-21;15;-21;15;-20;14;-19;14;-18;14;-113;0;-4;-56;-5;-55;-7;-54;-8;-52;-10;-51;-12;-49;-13;-47;-14;-45;-16;-43;-18;-41;-19;-40;-21;-38;-22;-37;-24;-37;-24;-36;-25;-36;-26;-36;-26;-35;-26;-35;-26;-35;-25;-35;-25;-34;-26;-33;-25;-33;-25;-34;-23;-34;-22;-35;-21;-36;-7;-14;-2;-5;0;1;-1;1;-1;0;1;-3;3;-10;10;-27;11;-27;11;-27;12;-28;13;-28;13;-29;14;-31;14;-32;15;-33;15;-34;15;-35;15;-36;14;-37;14;-38;14;-39;14;-39;13;-40;12;-41;11;-42;10;-44;9;-46;8;-48;6;-50;4;-51;2;-53;0;-54;-1;-55;-2;-57,transition,EXP_S154,ZONE_02,sortie_zone,4.1,sortie_zone,sortie de la zone
1266852439,-54,6,a0:9f:7a:73:2b:3e,384,-110;-96;8;0;-23;22;-24;23;-24;23;-23;23;-21;22;-19;21;-15;20;-12;19;-8;19;-5;19;-2;19;1;19;4;19;6;19;8;19;9;19;11;18;12;17;14;16;14;15;15;14;16;13;17;12;17;12;17;11;4;2;0;0;0;0;0;0;0;0;0;0;0;0;0;0;0;0;0;0;-1;-7;-3;-28;0;-29;5;-31;9;-30;13;-27;14;-23;14;-18;12;-13;7;-8;1;-5;-6;-3;-13;-4;-20;-6;-25;-9;-29;-13;-31;-17;-31;-20;-30;-23;-28;-23;-25;-22;-22;-20;-19;-15;-17;-10;-16;-4;-16;3;-17;8;-116;0;15;9;14;9;14;9;13;8;12;6;10;4;8;3;6;3;5;3;4;3;4;3;4;2;4;0;3;-1;2;-2;1;-1;0;0;1;0;1;0;2;-1;2;-2;1;-3;0;-3;-1;-3;-1;-2;-1;-1;0;-1;0;-1;0;-1;0;-1;0;-1;-2;0;-1;0;2;-2;9;-4;26;-10;28;-9;29;-8;29;-6;29;-5;29;-3;30;-1;30;0;32;2;33;3;33;4;32;4;31;5;29;6;29;8;28;9;29;10;28;9;28;9;26;8;25;8;24;9;23;10;23;11;23;11;23;10;22;9;21;8;-116;0;-47;28;-46;28;-44;29;-41;30;-38;30;-36;31;-34;32;-32;33;-31;32;-29;33;-27;33;-25;33;-23;34;-22;35;-21;36;-20;36;-20;37;-19;37;-19;37;-19;36;-18;36;-18;36;-18;35;-18;35;-19;34;-20;34;-21;33;-22;32;-8;11;-3;3;0;-2;1;-1;0;0;-4;0;-10;0;-28;1;-28;1;-28;1;-29;1;-31;1;-32;2;-33;1;-34;1;-35;1;-35;1;-36;2;-37;3;-39;3;-40;3;-41;3;-41;4;-41;5;-41;7;-41;9;-43;12;-44;14;-46;15;-46;17;-47;18;-47;20;-47;22;-48;24;-48;25,transition,EXP_S154,ZONE_02,sortie_zone,4.1,sortie_zone,sortie de la zone
1267053052,-53,6,a0:9f:7a:73:2b:3e,384,-110;-96;8;0;7;-31;7;-33;7;-33;7;-33;6;-31;4;-29;1;-26;-1;-24;-4;-22;-7;-20;-10;-19;-13;-17;-15;-16;-16;-15;-18;-14;-19;-12;-20;-11;-21;-10;-21;-8;-22;-7;-22;-5;-22;-4;-22;-3;-22;-3;-22;-2;-6;-1;0;0;0;0;0;0;0;0;0;0;0;0;0;0;0;0;0;0;4;4;17;20;16;24;12;28;8;29;4;29;0;27;-3;22;-4;16;-2;10;1;4;6;-1;12;-5;19;-7;25;-7;30;-5;33;-3;35;-1;36;2;35;4;32;5;28;4;23;2;19;-2;14;-6;11;-12;9;-17;-124;0;-9;-2;-9;-2;-9;-2;-9;-1;-8;-1;-7;-1;-5;0;-4;-1;-4;-1;-4;-2;-4;-1;-4;-1;-3;0;-2;0;-1;0;-1;0;-1;0;-1;0;-1;0;-1;0;-1;1;0;1;0;1;0;0;0;0;0;0;-1;0;-1;0;-1;0;-1;0;-1;0;0;-1;0;-1;-1;1;-4;3;-11;10;-11;10;-12;9;-12;9;-13;8;-13;8;-14;7;-14;6;-15;6;-16;5;-16;5;-16;5;-15;4;-15;3;-15;2;-15;1;-16;1;-16;1;-15;1;-14;1;-14;1;-13;1;-13;0;-14;-1;-14;-1;-13;0;-13;0;-12;0;-124;0;15;-24;14;-23;13;-23;12;-23;11;-23;10;-23;9;-23;8;-23;7;-22;6;-22;5;-21;4;-21;3;-21;2;-21;2;-22;2;-22;1;-22;1;-22;1;-22;1;-22;1;-21;1;-21;1;-21;1;-21;2;-20;2;-20;3;-20;4;-20;1;-7;0;-3;-1;0;-1;0;-1;0;1;-1;4;-3;11;-8;11;-8;12;-8;12;-8;13;-8;13;-9;14;-9;14;-9;15;-9;15;-9;15;-10;15;-11;16;-11;16;-11;17;-11;17;-11;16;-12;16;-13;16;-14;16;-15;16;-16;16;-17;16;-18;16;-19;16;-20;16;-21;15;-22;15;-23,transition,EXP_S154,ZONE_02,sortie_zone,4.1,sortie_zone,sortie de la zone
1267252343,-54,6,a0:9f:7a:73:2b:3e,384,-110;-96;8;0;-2;-32;-2;-33;-2;-34;-2;-33;-3;-31;-4;-28;-6;-25;-8;-22;-10;-20;-12;-17;-14;-15;-16;-13;-18;-11;-19;-9;-20;-7;-21;-6;-22;-4;-22;-3;-22;-2;-22;0;-22;1;-22;2;-21;3;-21;4;-21;5;-6;1;0;0;0;0;0;0;0;0;0;0;0;0;0;0;0;0;0;0;5;3;21;16;20;20;18;24;14;26;10;27;6;26;2;22;0;16;0;10;1;3;5;-3;10;-8;16;-11;22;-13;28;-13;32;-11;34;-9;35;-7;34;-5;32;-3;28;-3;23;-4;17;-6;12;-10;8;-14;5;-18;-123;0;-10;0;-9;0;-9;0;-8;0;-7;1;-6;1;-5;1;-4;0;-4;0;-3;0;-3;0;-3;0;-2;1;-2;1;-1;1;-1;0;-1;0;-1;0;-1;0;-1;0;-1;1;-1;1;0;1;0;0;0;0;0;0;0;0;-1;0;-1;0;-1;0;0;-1;0;-1;0;-1;-1;1;-3;4;-9;11;-9;11;-10;11;-11;10;-11;10;-12;9;-13;9;-13;8;-14;8;-15;7;-15;7;-15;7;-15;6;-15;6;-15;5;-15;4;-15;4;-15;4;-15;3;-14;3;-13;3;-13;2;-13;2;-13;2;-13;2;-13;2;-12;2;-12;2;-123;0;10;-25;9;-25;8;-25;7;-24;6;-24;5;-24;4;-24;3;-23;2;-22;1;-22;0;-21;-1;-21;-1;-21;-2;-22;-3;-22;-3;-22;-3;-21;-4;-21;-4;-21;-4;-21;-4;-21;-4;-20;-4;-20;-3;-20;-3;-20;-3;-20;-2;-20;-1;-20;-1;-8;0;-3;0;0;-1;0;-1;0;1;-2;3;-4;10;-9;10;-9;11;-9;11;-9;11;-10;12;-10;12;-10;13;-10;13;-11;13;-11;13;-12;13;-12;14;-13;14;-13;14;-13;14;-14;14;-14;14;-15;13;-16;13;-17;13;-18;13;-19;13;-20;13;-21;12;-22;12;-23;11;-25;11;-25,transition,EXP_S154,ZONE_02,sortie_zone,4.1,sortie_zone,sortie de la zone
1267452405,-54,6,a0:9f:7a:73:2b:3e,384,-110;-96;8;0;-13;28;-14;30;-14;30;-13;29;-12;27;-10;26;-7;24;-4;22;-1;21;2;19;5;18;8;18;10;17;12;16;14;15;15;14;16;13;17;12;18;10;19;9;20;8;20;7;20;6;20;5;20;5;5;1;0;0;0;0;0;0;0;0;0;0;0;0;0;0;0;0;0;0;-4;-6;-14;-24;-11;-27;-7;-30;-3;-31;1;-30;4;-27;6;-22;6;-16;3;-10;-1;-5;-7;-1;-13;2;-20;2;-26;1;-31;-1;-34;-4;-36;-7;-35;-10;-34;-11;-31;-11;-27;-10;-23;-7;-19;-3;-16;2;-14;8;-12;13;-112;0;8;1;8;1;8;1;7;1;7;0;5;0;4;-1;3;0;2;0;2;0;2;0;2;0;2;-1;1;-2;0;-2;0;-1;0;-1;0;-1;0;-1;1;-1;1;-2;0;-2;-1;-2;-1;-2;-1;-1;-1;-1;0;-1;0;-1;0;-1;0;-1;0;-1;-1;0;-1;0;1;-2;4;-4;11;-9;11;-9;12;-9;12;-8;12;-8;13;-7;13;-6;14;-5;15;-5;16;-4;16;-4;15;-4;15;-3;15;-2;14;-1;14;-1;15;0;15;0;14;-1;13;-1;13;-1;12;0;12;1;12;1;12;1;12;1;11;0;11;-1;-112;0;-17;21;-17;21;-16;20;-15;20;-13;20;-12;21;-11;21;-10;20;-9;20;-8;20;-7;20;-6;20;-5;20;-5;20;-4;20;-4;20;-4;20;-3;20;-3;20;-3;20;-3;20;-3;19;-3;19;-3;19;-3;19;-4;19;-5;19;-6;19;-2;6;-1;2;0;-1;0;-1;0;-1;-2;0;-5;1;-13;5;-13;5;-13;5;-14;5;-14;5;-15;6;-16;6;-16;6;-16;6;-16;6;-17;7;-17;7;-17;8;-18;8;-18;8;-18;8;-18;9;-18;10;-18;11;-18;12;-18;14;-19;15;-19;15;-19;16;-18;17;-18;18;-18;19;-17;20,transition,EXP_S154,ZONE_02,sortie_zone,4.1,sortie_zone,sortie de la zone
1267652487,-53,6,a0:9f:7a:73:2b:3e,384,-110;-96;8;0;28;-14;29;-15;30;-15;29;-15;27;-15;24;-15;20;-15;17;-16;13;-17;10;-18;7;-19;5;-20;2;-21;1;-21;-1;-22;-3;-22;-5;-22;-6;-22;-8;-21;-9;-21;-10;-20;-11;-19;-12;-19;-12;-18;-13;-18;-4;-5;0;0;0;0;0;0;0;0;0;0;0;0;0;0;0;0;0;0;-1;6;-5;26;-9;27;-13;27;-17;25;-20;22;-20;17;-19;13;-15;8;-10;5;-3;3;4;4;11;6;17;10;21;15;23;20;24;24;23;27;21;29;19;29;17;28;14;24;13;19;13;13;14;7;16;1;18;-3;-117;0;-9;-18;-8;-17;-7;-16;-6;-14;-6;-13;-5;-11;-4;-10;-4;-8;-3;-7;-3;-6;-3;-5;-3;-5;-3;-4;-3;-3;-3;-2;-2;-1;-2;-1;-2;0;-2;0;-2;0;-2;0;-2;0;-2;1;-2;1;-2;1;-2;0;-2;0;-2;0;-1;0;-1;0;0;0;1;0;0;0;-4;-1;-11;-3;-28;-8;-28;-9;-28;-11;-28;-13;-27;-14;-27;-16;-26;-17;-26;-18;-25;-20;-25;-21;-24;-22;-23;-23;-22;-24;-21;-24;-20;-24;-19;-24;-18;-24;-17;-24;-17;-24;-16;-24;-16;-24;-15;-23;-14;-23;-14;-23;-13;-23;-13;-22;-12;-21;-12;-21;-117;0;54;4;53;3;52;2;51;0;50;-2;48;-4;47;-5;45;-7;43;-9;42;-10;40;-12;39;-13;39;-15;39;-16;38;-17;38;-17;38;-18;38;-18;37;-18;37;-19;37;-19;36;-19;36;-18;36;-18;36;-17;36;-15;37;-13;37;-12;13;-4;4;-1;-2;0;-2;-1;-1;-1;2;1;8;4;24;13;24;14;24;14;24;15;25;16;26;16;27;17;28;17;29;17;30;18;31;18;32;18;33;19;34;19;35;18;36;18;36;18;38;17;39;16;41;15;43;14;45;13;47;13;48;11;50;10;51;8;53;7;54;6,transition,EXP_S154,ZONE_02,sortie_zone,4.1,sortie_zone,sortie de la zone
1267852829,-54,6,a0:9f:7a:73:2b:3e,384,-110;-96;8;0;-19;-26;-20;-28;-20;-28;-19;-28;-18;-26;-18;-23;-18;-20;-18;-16;-19;-13;-19;-9;-20;-6;-20;-4;-21;-1;-21;1;-22;3;-22;4;-21;6;-21;7;-21;8;-20;9;-19;11;-19;12;-18;12;-17;13;-17;13;-4;3;0;0;0;0;0;0;0;0;0;0;0;0;0;0;0;0;0;0;6;-1;27;-2;28;1;29;6;28;10;25;14;21;15;16;15;11;12;6;7;4;1;3;-6;4;-13;6;-19;10;-24;15;-27;19;-29;22;-29;25;-27;25;-24;24;-22;21;-19;17;-17;11;-16;5;-16;-2;-17;-6;-19;-125;0;-10;13;-11;13;-11;13;-10;13;-8;12;-6;10;-4;8;-4;6;-4;4;-5;3;-5;4;-3;4;-2;4;0;3;1;2;0;0;0;0;-1;0;-1;1;-1;2;1;3;2;2;2;1;2;0;1;-1;0;-1;-1;0;-1;1;-1;0;0;0;0;0;-1;-2;-1;-1;1;2;4;8;12;25;11;26;10;27;9;28;7;28;6;28;3;29;1;30;0;31;-1;32;-2;33;-2;32;-4;30;-5;29;-8;28;-10;28;-10;28;-10;28;-9;28;-9;26;-9;24;-10;23;-11;22;-13;22;-13;22;-12;22;-11;22;-9;21;-125;0;-27;-49;-27;-48;-27;-47;-28;-44;-29;-42;-29;-40;-30;-38;-30;-36;-30;-35;-30;-33;-31;-31;-32;-29;-32;-28;-33;-28;-34;-27;-34;-27;-34;-27;-34;-26;-34;-26;-34;-26;-33;-26;-33;-25;-32;-25;-32;-26;-31;-26;-30;-28;-28;-29;-27;-30;-10;-11;-3;-4;0;0;0;1;0;0;-1;-3;-2;-10;-6;-28;-5;-28;-5;-28;-6;-29;-6;-30;-6;-32;-5;-34;-5;-34;-5;-35;-5;-35;-6;-36;-6;-37;-7;-39;-7;-40;-6;-41;-6;-40;-7;-40;-9;-40;-11;-41;-13;-42;-15;-44;-17;-45;-18;-47;-19;-47;-21;-47;-23;-48;-24;-48;-26;-49,transition,EXP_S154,ZONE_02,sortie_zone,4.1,sortie_zone,sortie de la zone
1268054836,-54,6,a0:9f:7a:73:2b:3e,384,-110;-96;8;0;-9;-30;-10;-32;-10;-32;-10;-31;-10;-29;-10;-26;-12;-23;-13;-19;-15;-16;-16;-12;-18;-10;-19;-7;-20;-5;-21;-3;-21;-1;-21;1;-21;3;-21;5;-21;6;-20;8;-20;9;-19;10;-18;11;-17;12;-17;13;-5;3;0;0;0;0;0;0;0;0;0;0;0;0;0;0;0;0;0;0;5;3;21;16;20;20;18;24;14;27;10;27;6;25;2;22;0;16;-1;10;1;3;4;-4;9;-10;15;-14;21;-16;26;-16;30;-15;33;-13;34;-11;34;-9;31;-7;27;-6;22;-7;16;-8;10;-11;4;-15;0;-18;-118;0;-10;1;-10;1;-9;1;-8;1;-7;1;-6;1;-5;0;-5;0;-4;0;-4;0;-3;0;-3;0;-2;0;-2;0;-1;0;-1;0;-1;0;-1;0;-1;0;-1;0;0;1;0;1;0;1;0;0;0;0;0;0;0;0;0;0;0;0;0;0;-1;-1;0;-1;0;-1;-1;1;-3;4;-9;11;-10;11;-11;11;-12;10;-12;10;-13;9;-13;9;-14;8;-15;8;-15;8;-15;7;-15;7;-15;6;-15;6;-15;5;-16;5;-16;4;-15;4;-15;4;-14;3;-14;3;-14;3;-13;2;-13;2;-13;2;-13;2;-13;2;-12;2;-118;0;8;-26;8;-26;7;-25;6;-25;5;-24;3;-24;2;-23;1;-23;0;-22;0;-22;-1;-21;-2;-21;-3;-21;-4;-21;-4;-21;-5;-21;-5;-21;-5;-21;-6;-21;-6;-20;-6;-20;-6;-20;-6;-20;-5;-19;-5;-20;-4;-20;-4;-20;-3;-20;-1;-7;-1;-3;0;0;-1;0;-1;0;1;-1;3;-3;10;-9;10;-9;11;-9;11;-9;11;-9;12;-9;12;-10;12;-10;12;-11;13;-11;13;-12;13;-12;14;-12;14;-13;14;-13;14;-14;14;-14;13;-15;13;-16;12;-17;12;-19;12;-20;12;-21;11;-21;11;-22;11;-23;11;-24;11;-25,transition,EXP_S154,ZONE_02,sortie_zone,4.1,sortie_zone,sortie de la zone
1268252315,-53,6,a0:9f:7a:73:2b:3e,384,-110;-96;8;0;20;-25;21;-26;22;-27;21;-26;19;-25;16;-24;13;-23;9;-22;5;-21;2;-21;-2;-21;-4;-21;-7;-20;-9;-20;-11;-20;-12;-19;-14;-18;-15;-17;-17;-16;-17;-15;-18;-14;-19;-12;-20;-11;-20;-11;-20;-10;-5;-3;0;0;0;0;0;0;0;0;0;0;0;0;0;0;0;0;0;0;1;6;3;28;0;30;-5;31;-10;30;-14;28;-16;23;-16;18;-13;12;-8;7;-2;3;5;1;13;1;20;3;25;7;29;11;31;15;32;18;31;21;28;22;25;21;22;18;19;14;17;8;15;2;15;-5;15;-11;-115;0;-8;-6;-8;-6;-8;-6;-7;-6;-6;-5;-5;-4;-4;-3;-4;-3;-3;-3;-3;-3;-3;-2;-3;-2;-2;-1;-2;-1;-2;0;-1;0;-1;0;-1;0;-1;0;-1;0;-1;0;-1;1;-1;1;-1;1;0;0;-1;0;-1;0;-1;0;-1;0;-1;0;-1;-1;0;-1;0;-1;-2;0;-5;2;-14;7;-15;6;-15;5;-16;4;-16;3;-16;2;-17;1;-17;0;-18;-1;-18;-1;-18;-2;-18;-2;-17;-3;-17;-4;-16;-4;-16;-5;-16;-6;-16;-6;-15;-6;-14;-6;-14;-6;-13;-6;-13;-7;-13;-7;-12;-7;-12;-7;-12;-6;-11;-6;-115;0;24;-13;24;-13;23;-13;22;-14;21;-14;20;-15;19;-15;18;-15;17;-15;16;-15;15;-16;15;-16;14;-16;14;-17;13;-17;13;-17;13;-17;13;-17;13;-17;13;-17;13;-17;13;-16;13;-16;13;-16;13;-15;14;-15;15;-14;15;-13;5;-5;1;-2;-1;0;-1;0;-1;0;1;-1;4;-2;13;-3;13;-3;14;-3;14;-3;15;-3;15;-3;16;-3;17;-3;17;-3;17;-3;18;-3;18;-3;19;-3;19;-3;20;-3;20;-3;20;-4;20;-5;20;-5;21;-7;22;-7;22;-8;23;-9;23;-9;23;-10;24;-11;24;-12;24;-12,transition,EXP_S154,ZONE_02,sortie_zone,4.1,sortie_zone,sortie de la zone
1268452220,-53,6,a0:9f:7a:73:2b:3e,384,-110;-96;8;0;31;8;32;8;32;8;31;7;29;5;27;3;25;1;23;-3;20;-6;18;-9;17;-12;15;-15;14;-16;13;-18;11;-19;9;-20;8;-21;6;-22;4;-22;3;-23;1;-23;0;-23;-2;-23;-3;-23;-3;-23;-1;-6;0;0;0;0;0;0;0;0;0;0;0;0;0;0;0;0;0;0;-7;3;-26;12;-29;9;-32;5;-33;1;-31;-4;-28;-7;-23;-9;-16;-8;-10;-6;-4;-1;1;5;4;12;4;20;3;27;0;32;-3;35;-6;37;-8;36;-10;34;-10;31;-9;27;-6;22;-1;18;4;14;11;11;16;9;-117;0;4;-9;4;-9;3;-8;3;-8;2;-7;2;-6;1;-5;1;-4;1;-3;1;-3;1;-3;0;-3;0;-2;-1;-2;-1;-1;-1;-1;-1;-1;-1;-1;-1;-1;-1;-1;-2;-1;-2;-1;-2;-1;-2;0;-1;0;-1;0;-1;-1;-1;-1;-1;-1;-1;-1;0;0;0;0;0;0;-1;-2;-3;-5;-8;-14;-7;-15;-6;-15;-5;-16;-5;-16;-4;-17;-3;-17;-2;-17;-1;-18;0;-18;0;-18;0;-18;1;-18;2;-17;2;-17;3;-16;3;-16;3;-16;3;-15;3;-15;3;-14;4;-14;4;-13;4;-13;4;-13;4;-13;4;-12;3;-12;-117;0;17;21;17;20;17;19;17;18;18;17;18;16;18;15;18;14;18;13;18;12;18;10;19;9;19;8;19;8;20;7;20;7;20;7;20;7;20;7;20;7;20;6;19;6;19;6;19;6;19;7;18;8;18;8;18;9;6;3;1;1;-1;-1;-1;-1;-1;-1;0;1;1;4;2;13;2;13;2;14;2;14;2;14;2;15;2;16;2;16;2;17;2;17;3;18;3;18;3;18;4;19;4;19;4;19;5;19;6;19;7;19;8;20;9;20;10;21;11;21;12;21;13;21;14;21;15;21;16;21,transition,EXP_S154,ZONE_02,sortie_zone,4.1,sortie_zone,sortie de la zone
1268652409,-53,6,a0:9f:7a:73:2b:3e,384,-110;-96;8;0;-15;28;-16;29;-16;30;-15;29;-13;28;-10;26;-7;24;-4;22;-1;21;3;20;6;19;9;18;11;17;13;16;15;15;17;14;18;12;19;11;20;9;21;8;21;6;21;5;21;4;21;3;21;3;5;0;0;0;0;0;0;0;0;0;0;0;0;0;0;0;0;0;0;0;-2;-7;-6;-28;-3;-31;2;-32;7;-32;11;-29;13;-25;13;-20;11;-14;7;-8;1;-4;-6;-1;-14;0;-21;-2;-27;-4;-31;-8;-34;-11;-35;-14;-34;-17;-32;-18;-29;-17;-25;-15;-21;-11;-18;-6;-15;1;-14;7;-13;12;-124;0;8;3;8;3;8;3;7;3;7;2;5;1;4;1;3;1;2;1;2;1;2;1;2;0;2;-1;1;-1;0;-1;0;-1;0;-1;0;0;0;-1;0;-1;0;-2;0;-2;-1;-2;-1;-2;-1;-1;-1;-1;0;-1;0;-1;0;-1;0;-1;0;-1;-1;0;-1;0;1;-1;4;-3;13;-8;14;-8;14;-7;15;-7;15;-6;15;-5;15;-4;16;-3;17;-2;17;-2;17;-1;17;-1;16;-1;16;0;15;1;15;2;15;2;15;2;15;2;14;2;13;2;13;3;12;3;13;4;13;4;12;3;12;2;11;2;-124;0;-21;18;-20;18;-19;18;-18;18;-17;18;-16;19;-15;19;-14;19;-13;19;-12;19;-11;19;-10;19;-9;19;-8;20;-8;20;-8;20;-7;20;-7;20;-7;20;-7;20;-7;20;-7;19;-7;19;-7;19;-7;19;-8;19;-9;18;-10;18;-4;6;-2;1;0;-1;0;-1;0;-1;-2;0;-5;1;-14;3;-14;3;-14;3;-15;3;-15;3;-16;3;-17;3;-17;3;-17;3;-18;3;-18;4;-18;4;-19;4;-19;5;-20;5;-20;5;-20;6;-19;6;-19;8;-20;9;-21;10;-21;11;-21;12;-21;13;-21;14;-21;15;-21;16;-21;17,transition,EXP_S154,ZONE_02,sortie_zone,4.1,sortie_zone,sortie de la zone
1268855925,-53,6,a0:9f:7a:73:2b:3e,384,-110;-96;8;0;19;25;20;26;20;26;19;25;19;23;18;20;18;17;18;13;19;9;19;6;20;3;20;0;21;-2;21;-4;21;-6;21;-7;20;-9;19;-10;19;-12;18;-13;17;-14;17;-15;16;-16;15;-16;15;-16;3;-4;0;0;0;0;0;0;0;0;0;0;0;0;0;0;0;0;0;0;-7;0;-28;0;-30;-3;-31;-8;-29;-13;-26;-16;-22;-18;-16;-17;-11;-14;-7;-9;-4;-3;-3;5;-4;12;-7;19;-11;24;-16;27;-20;28;-24;28;-26;26;-26;23;-24;21;-21;18;-17;16;-11;15;-5;14;2;15;7;16;-119;0;14;-10;14;-10;14;-9;13;-9;11;-9;8;-8;6;-6;5;-5;4;-3;4;-2;4;-3;3;-3;2;-4;0;-4;-1;-3;-1;-2;-1;-1;0;-1;0;-2;0;-3;-1;-3;-2;-3;-3;-2;-3;-1;-2;-1;-1;-1;-1;-1;-1;-2;0;-1;0;-1;0;-1;0;1;-1;1;-1;-4;-2;-11;-4;-30;-2;-30;-1;-31;1;-31;3;-31;5;-31;7;-30;9;-31;11;-31;13;-32;14;-32;14;-30;15;-29;15;-27;17;-26;18;-25;19;-25;19;-24;18;-24;17;-22;17;-21;17;-19;18;-18;19;-17;19;-17;18;-17;17;-18;16;-17;-119;0;9;53;10;52;11;50;12;49;14;47;15;45;17;44;18;42;18;41;19;39;19;38;20;37;22;36;23;36;24;35;24;35;25;35;25;35;25;34;25;34;24;34;24;33;23;33;22;34;21;34;20;35;18;36;16;37;5;13;1;4;-1;-2;0;-2;0;-1;-1;3;-2;9;-6;27;-6;27;-7;27;-7;28;-7;29;-8;30;-8;31;-9;32;-9;33;-9;33;-8;34;-8;35;-8;36;-9;37;-9;38;-9;39;-8;39;-6;39;-4;41;-3;43;-2;45;-1;47;0;48;1;49;3;49;5;51;6;52;8;53,transition,EXP_S154,ZONE_02,sortie_zone,4.1,sortie_zone,sortie de la zone
1269053243,-55,6,a0:9f:7a:73:2b:3e,384,-110;-96;8;0;24;-2;25;-2;26;-2;25;-2;23;-3;21;-4;18;-5;16;-7;14;-9;12;-10;10;-12;8;-14;7;-15;6;-16;4;-17;3;-17;2;-18;0;-18;-1;-18;-2;-17;-3;-17;-4;-17;-5;-17;-6;-17;-6;-17;-2;-5;0;0;0;0;0;0;0;0;0;0;0;0;0;0;0;0;0;0;-4;4;-16;16;-18;15;-21;12;-23;9;-23;6;-22;2;-19;0;-14;-2;-8;-1;-3;0;1;4;5;8;8;13;8;18;8;22;7;25;5;27;3;28;1;27;0;25;0;21;1;17;4;13;7;9;11;5;14;3;-124;0;-4;-15;-3;-14;-3;-13;-3;-12;-3;-11;-2;-9;-2;-8;-2;-7;-1;-6;-1;-5;-1;-4;-1;-4;-2;-3;-2;-2;-2;-1;-2;-1;-2;-1;-2;-1;-2;-1;-2;-1;-2;0;-2;0;-2;1;-1;1;-1;1;-1;1;-1;0;-1;0;-1;-1;-1;-1;0;-1;1;0;0;0;-3;-1;-8;-4;-22;-11;-22;-12;-22;-13;-21;-15;-20;-16;-20;-17;-19;-18;-18;-19;-18;-21;-17;-22;-16;-22;-15;-23;-14;-23;-12;-23;-11;-22;-11;-22;-10;-22;-10;-23;-10;-22;-9;-22;-8;-21;-7;-20;-7;-20;-6;-20;-6;-20;-6;-20;-6;-19;-5;-19;-124;0;40;10;40;10;39;9;38;7;38;5;37;4;36;2;35;1;34;0;34;-1;32;-3;32;-4;32;-5;32;-6;32;-7;32;-7;32;-8;32;-8;32;-8;32;-8;31;-8;31;-8;31;-7;30;-7;30;-6;31;-5;31;-3;30;-2;11;-1;3;0;-2;0;-2;-1;-1;-1;1;1;6;5;16;13;16;14;16;14;16;15;16;15;17;16;18;17;18;18;19;18;20;18;21;18;22;19;22;19;23;19;23;19;23;19;24;19;25;18;26;18;28;17;30;17;31;16;33;16;35;15;36;14;38;13;39;13;40;12,transition,EXP_S154,ZONE_02,sortie_zone,4.1,sortie_zone,sortie de la zone
1269252325,-54,6,a0:9f:7a:73:2b:3e,384,-110;-96;8;0;21;27;23;28;23;28;22;27;21;24;21;21;21;17;21;13;21;9;21;5;22;1;22;-2;22;-5;22;-7;22;-9;21;-11;20;-13;19;-15;18;-16;17;-18;16;-19;14;-20;13;-20;12;-21;12;-21;3;-6;0;0;0;0;0;0;0;0;0;0;0;0;0;0;0;0;0;0;-8;-1;-31;-6;-32;-11;-31;-16;-29;-21;-25;-24;-19;-24;-14;-22;-9;-17;-5;-11;-3;-3;-3;5;-6;13;-10;20;-15;25;-21;28;-26;29;-29;28;-31;26;-31;23;-29;20;-26;18;-20;16;-13;15;-6;15;2;16;7;18;-124;0;15;-14;15;-13;14;-13;13;-13;11;-12;8;-10;6;-8;5;-6;5;-4;5;-4;4;-4;3;-5;1;-5;0;-4;-1;-3;-1;-2;-1;-1;0;-1;0;-2;-1;-3;-2;-3;-3;-3;-4;-2;-3;-1;-2;0;-1;0;-1;-1;-1;-2;-1;-1;-1;-1;-1;-1;0;2;-1;1;-1;-4;-3;-12;-6;-34;-5;-35;-3;-36;-1;-36;1;-36;3;-36;5;-35;8;-36;10;-37;11;-37;12;-37;13;-37;14;-35;15;-33;17;-31;19;-30;19;-30;19;-30;18;-29;17;-28;17;-26;17;-24;18;-23;19;-23;19;-23;19;-23;17;-22;15;-22;-124;0;18;56;19;55;20;53;21;51;23;48;24;46;26;44;27;42;28;41;28;39;29;37;30;35;31;34;32;33;33;33;33;32;34;32;34;32;34;31;34;31;33;31;33;31;32;30;32;31;31;32;29;33;28;34;27;36;9;13;2;4;-2;-2;0;-2;0;-1;-1;3;-2;10;-4;29;-4;29;-4;29;-4;30;-4;32;-5;33;-6;35;-6;36;-6;36;-6;37;-5;38;-5;39;-5;41;-5;42;-5;43;-5;43;-4;43;-2;43;0;44;2;46;4;49;5;51;6;52;8;53;10;54;12;55;14;56;16;56,transition,EXP_S154,ZONE_02,sortie_zone,4.1,sortie_zone,sortie de la zone
1269455621,-54,6,a0:9f:7a:73:2b:3e,384,-110;-96;8;0;-31;15;-33;16;-32;16;-31;16;-28;16;-25;17;-21;17;-17;18;-13;18;-9;19;-6;21;-3;22;0;23;2;23;4;23;6;23;8;22;10;21;11;21;13;20;14;19;15;17;16;16;17;16;18;15;4;3;0;0;0;0;0;0;0;0;0;0;0;0;0;0;0;0;0;0;2;-7;12;-28;16;-28;22;-27;25;-23;27;-19;27;-13;23;-8;18;-4;10;-2;2;-2;-5;-4;-13;-8;-19;-13;-22;-20;-24;-26;-23;-30;-22;-34;-19;-35;-17;-35;-14;-32;-13;-28;-12;-22;-12;-15;-14;-8;-17;-1;-20;4;-118;0;3;9;3;9;2;8;2;8;2;6;2;5;1;4;1;3;0;2;0;2;0;2;0;1;0;1;1;0;0;0;0;0;0;0;0;0;0;0;1;0;1;-1;1;-1;1;-1;0;-1;0;-1;0;-1;0;-1;0;-1;0;-1;0;-1;0;0;-2;-1;-1;-1;1;0;5;0;16;3;16;4;16;5;16;6;16;7;15;8;15;9;14;10;14;11;14;12;14;12;13;13;12;13;12;13;11;13;10;14;9;14;9;14;8;14;8;13;7;13;7;12;6;12;6;12;5;12;5;12;5;11;5;11;-118;0;-30;-3;-29;-2;-28;-2;-28;-1;-27;0;-26;2;-26;3;-25;4;-24;4;-24;5;-23;5;-23;6;-23;7;-23;8;-23;8;-22;8;-22;9;-22;8;-22;8;-22;8;-22;8;-21;8;-21;8;-21;7;-22;7;-22;6;-22;5;-22;4;-8;1;-3;0;0;-1;0;0;0;0;-2;-1;-5;-3;-14;-8;-14;-8;-14;-8;-14;-9;-15;-9;-15;-9;-15;-9;-16;-10;-16;-10;-16;-10;-17;-10;-17;-10;-18;-11;-18;-11;-19;-11;-19;-11;-19;-10;-20;-10;-21;-9;-22;-9;-23;-8;-24;-8;-25;-7;-26;-7;-27;-6;-27;-6;-28;-5;-29;-5,transition,EXP_S154,ZONE_02,sortie_zone,4.1,sortie_zone,sortie de la zone
1269657343,-54,6,a0:9f:7a:73:2b:3e,384,-110;-96;8;0;-36;-3;-37;-3;-37;-3;-36;-3;-34;-1;-31;0;-28;3;-25;6;-23;9;-20;12;-18;14;-16;17;-15;19;-13;20;-11;21;-9;22;-8;23;-6;24;-4;24;-2;24;-1;24;1;24;2;24;3;24;3;24;1;6;0;0;0;0;0;0;0;0;0;0;0;0;0;0;0;0;0;0;5;-6;22;-22;26;-20;30;-16;33;-12;32;-6;30;-2;25;2;18;3;10;2;3;-1;-3;-7;-8;-13;-11;-21;-11;-28;-10;-34;-7;-39;-4;-41;-1;-41;1;-39;2;-36;1;-31;-1;-26;-4;-20;-9;-15;-15;-10;-20;-8;-119;0;-2;9;-2;9;-2;9;-1;8;-1;7;0;6;0;4;-1;3;-1;2;-1;2;-1;2;-1;2;0;1;0;1;1;0;0;0;0;0;0;0;0;0;0;1;1;0;1;0;1;-1;1;-1;0;-1;0;-1;0;-1;0;0;0;0;0;0;0;0;-1;-1;-1;-1;1;0;5;2;14;8;14;9;13;10;13;11;12;12;11;13;10;14;9;15;9;16;8;17;8;17;7;17;7;17;6;17;5;17;4;17;3;17;3;17;2;16;2;15;1;14;1;14;0;14;0;14;0;14;0;13;0;13;1;12;-119;0;-27;-16;-27;-15;-27;-14;-26;-12;-26;-11;-26;-10;-25;-9;-25;-8;-24;-7;-24;-6;-24;-5;-24;-4;-24;-3;-25;-3;-25;-2;-25;-2;-25;-2;-25;-3;-25;-3;-24;-3;-24;-3;-24;-3;-23;-3;-23;-3;-23;-4;-23;-5;-23;-6;-23;-7;-8;-3;-3;-1;0;0;0;0;0;0;-2;-2;-4;-5;-11;-12;-11;-12;-11;-12;-11;-13;-11;-13;-12;-14;-12;-14;-12;-15;-12;-15;-12;-15;-13;-16;-13;-16;-14;-16;-14;-17;-15;-17;-15;-17;-15;-17;-16;-17;-17;-17;-18;-17;-20;-17;-21;-17;-21;-17;-22;-17;-23;-16;-24;-16;-26;-16;-27;-16,transition,EXP_S154,ZONE_02,sortie_zone,4.1,sortie_zone,sortie de la zone
1269853561,-53,6,a0:9f:7a:73:2b:3e,384,-110;-96;8;0;-12;-31;-13;-32;-13;-32;-13;-31;-13;-29;-13;-26;-14;-23;-16;-19;-17;-16;-18;-13;-20;-10;-21;-8;-22;-5;-23;-3;-23;-1;-23;1;-23;2;-23;4;-23;6;-23;7;-22;8;-22;10;-21;10;-21;11;-21;11;-6;2;0;0;0;0;0;0;0;0;0;0;0;0;0;0;0;0;0;0;6;1;27;7;28;11;27;16;24;20;20;23;15;23;10;20;6;16;3;9;2;2;4;-5;7;-12;12;-18;18;-21;23;-23;28;-22;31;-21;32;-19;32;-16;30;-14;26;-12;20;-12;14;-12;8;-14;2;-17;-2;-20;-118;0;-10;1;-9;1;-9;1;-8;1;-7;1;-6;1;-5;1;-4;0;-4;0;-3;0;-3;0;-3;0;-2;1;-1;1;-1;1;0;0;0;0;-1;0;-1;0;-1;0;0;1;0;1;0;1;0;0;0;0;0;0;0;0;0;0;0;0;0;0;-1;0;0;-1;0;-1;-1;1;-2;5;-5;14;-6;14;-7;14;-8;14;-9;13;-10;13;-10;12;-11;12;-12;11;-13;11;-13;11;-13;11;-13;10;-14;9;-14;8;-14;7;-15;7;-15;7;-14;7;-13;6;-13;6;-13;5;-13;4;-13;4;-13;4;-12;4;-12;4;-11;4;-118;0;4;-29;4;-28;3;-27;2;-27;1;-26;0;-25;-1;-25;-2;-24;-3;-24;-3;-23;-4;-23;-5;-22;-6;-22;-7;-22;-7;-22;-7;-22;-8;-22;-8;-22;-8;-22;-8;-22;-7;-22;-7;-22;-7;-22;-7;-22;-6;-22;-5;-22;-4;-22;-3;-22;-1;-8;-1;-3;0;0;-1;0;-1;0;0;-2;2;-5;7;-12;8;-12;8;-12;8;-13;8;-13;9;-14;9;-14;10;-15;10;-15;10;-15;10;-16;10;-16;10;-17;11;-17;11;-18;11;-18;11;-18;10;-19;9;-20;9;-21;9;-22;8;-23;8;-24;8;-24;7;-25;6;-26;6;-27;6;-28,transition,EXP_S154,ZONE_02,sortie_zone,4.1,sortie_zone,sortie de la zone
1270057259,-53,6,a0:9f:7a:73:2b:3e,384,-110;-96;8;0;29;13;30;13;30;13;29;12;28;10;26;8;24;5;23;1;21;-2;20;-5;19;-8;18;-11;16;-13;15;-15;14;-17;13;-18;11;-19;10;-20;8;-21;7;-22;5;-22;4;-22;3;-23;2;-23;1;-23;0;-6;0;0;0;0;0;0;0;0;0;0;0;0;0;0;0;0;0;0;-7;2;-27;8;-30;5;-32;0;-32;-4;-30;-8;-26;-11;-20;-12;-14;-10;-8;-7;-3;-1;0;6;2;13;1;20;-1;26;-4;31;-8;34;-11;35;-14;34;-15;32;-14;29;-12;25;-8;21;-4;17;2;14;9;12;14;11;126;0;4;-9;4;-8;3;-8;3;-7;3;-7;2;-6;2;-5;1;-4;1;-3;1;-3;1;-3;0;-3;0;-2;-1;-2;-1;-2;-1;-1;-1;-1;-1;-1;-1;-1;-1;-1;-1;-1;-2;-1;-2;0;-2;0;-1;0;-1;0;-1;-1;-1;-1;-1;-1;-1;-1;0;-1;0;0;0;0;-2;-2;-4;-5;-10;-13;-9;-14;-9;-15;-8;-15;-7;-16;-6;-16;-5;-17;-4;-17;-3;-18;-3;-18;-2;-18;-2;-18;-1;-17;0;-17;1;-17;2;-16;2;-16;2;-16;3;-16;3;-15;3;-14;3;-14;4;-14;4;-14;4;-13;4;-13;3;-13;3;-12;126;0;17;20;17;20;17;19;17;18;17;17;17;16;17;15;17;14;17;13;17;13;17;12;17;11;18;10;18;10;18;9;19;9;19;9;19;9;19;9;18;9;18;9;18;9;18;9;17;10;17;10;16;11;16;12;15;12;5;4;1;1;-1;-1;-1;-1;-1;-1;0;1;1;4;4;12;4;12;4;12;4;13;4;13;4;14;4;15;4;15;4;16;5;16;5;16;5;17;5;17;6;18;6;18;6;18;7;18;7;18;8;18;9;19;10;19;11;20;12;20;13;20;13;20;14;20;15;21;16;21,transition,EXP_S154,ZONE_02,sortie_zone,4.1,sortie_zone,sortie de la zone
