timestamp_us,rssi,channel,mac,csi_len,csi_data,experiment_id,zone_id,scenario,distance_tx_rx_m,ground_truth,comment,marker_state
623652112,-53,6,a0:9f:7a:73:2b:3e,384,-110;-96;8;0;39;14;37;15;33;15;29;13;24;10;21;5;18;0;17;-5;16;-10;17;-14;19;-17;21;-19;23;-19;24;-18;24;-17;24;-15;22;-13;19;-12;16;-11;13;-11;9;-12;7;-14;5;-16;4;-18;4;-20;1;-5;0;0;0;0;0;0;0;0;0;0;0;0;0;0;0;0;0;0;0;7;-1;31;-5;31;-9;30;-12;28;-14;24;-13;20;-11;16;-6;13;0;12;6;12;12;15;16;19;18;24;19;29;17;33;15;36;12;36;9;35;8;32;8;27;9;22;13;17;17;12;23;9;29;7;34;7;-114;0;9;-5;9;-5;9;-4;9;-4;8;-3;8;-2;7;0;8;0;8;1;8;1;8;1;7;1;6;1;6;2;6;3;6;3;6;4;6;3;5;3;5;3;4;3;3;4;3;4;3;4;3;4;3;4;3;3;3;3;1;1;0;0;-1;-1;0;0;0;0;-2;-1;-4;-2;-11;-6;-11;-7;-11;-7;-10;-8;-9;-9;-8;-10;-7;-11;-6;-12;-6;-13;-5;-13;-5;-13;-4;-13;-3;-13;-2;-12;-1;-13;0;-13;1;-13;1;-13;2;-12;2;-11;3;-10;5;-10;6;-10;7;-10;7;-10;7;-9;7;-9;7;-8;-114;0;28;13;27;13;27;12;26;11;26;10;25;9;24;8;24;8;23;7;22;5;22;4;22;3;22;3;22;3;22;2;21;2;21;2;21;2;21;2;20;3;20;3;20;3;19;3;19;3;19;4;18;4;18;5;18;6;6;2;1;0;-1;-1;-2;-1;-1;-1;1;0;6;1;16;5;17;5;17;6;17;7;18;8;18;8;18;9;19;10;19;11;19;11;20;11;20;12;21;12;21;13;21;13;21;14;22;14;22;13;23;13;23;14;24;14;25;14;25;14;26;14;27;14;28;13;29;13;30;13,empty,EXP_S143,ZONE_02,entree_zone,4.1,entree_zone,entree dans la zone
623852277,-53,6,a0:9f:7a:73:2b:3e,384,-110;-96;8;0;42;8;39;10;35;10;30;9;25;6;20;2;17;-3;15;-8;14;-13;14;-17;16;-20;18;-22;20;-23;22;-22;22;-20;22;-18;20;-15;18;-13;14;-12;11;-12;7;-12;4;-13;2;-15;1;-18;0;-20;0;-5;0;0;0;0;0;0;0;0;0;0;0;0;0;0;0;0;0;0;1;7;6;30;3;31;-2;32;-5;30;-7;27;-7;23;-5;18;-1;15;4;13;10;13;15;14;20;17;23;22;24;26;23;30;21;33;18;33;16;32;14;29;14;24;14;18;17;13;21;8;26;4;32;2;37;2;-118;0;10;-3;10;-3;10;-2;10;-2;9;-1;9;0;9;1;9;1;8;1;8;2;8;2;8;2;7;3;7;3;6;4;6;4;6;4;6;4;5;4;5;4;4;5;4;5;4;4;3;5;3;5;3;5;3;5;3;5;1;1;0;0;-1;-1;0;0;0;0;-2;-1;-4;-2;-11;-6;-10;-6;-10;-7;-9;-8;-9;-9;-8;-10;-7;-11;-6;-11;-5;-12;-5;-12;-4;-12;-3;-12;-2;-12;-1;-12;0;-12;1;-12;2;-12;3;-11;3;-11;4;-10;5;-10;6;-9;6;-9;7;-9;8;-8;8;-7;8;-7;9;-6;-118;0;28;15;27;14;27;13;26;12;25;11;24;11;24;10;23;9;22;8;22;7;21;6;21;6;21;5;21;4;21;4;21;4;20;4;20;4;20;4;20;4;19;4;19;4;18;4;18;4;18;5;17;6;17;7;16;7;6;2;1;1;-1;-1;-2;-1;-1;-1;1;0;6;1;18;4;18;5;18;6;18;7;18;7;19;8;19;9;20;9;20;10;21;11;21;12;21;13;21;13;21;14;22;14;22;14;22;14;23;14;23;14;24;15;25;15;25;15;26;15;27;15;27;15;28;15;29;15;29;15,empty,EXP_S143,ZONE_02,entree_zone,4.1,entree_zone,entree dans la zone
624052480,-53,6,a0:9f:7a:73:2b:3e,384,-110;-96;8;0;-32;-27;-29;-27;-26;-26;-22;-23;-19;-18;-17;-13;-17;-8;-18;-3;-19;1;-21;4;-24;6;-26;6;-28;6;-28;4;-28;3;-26;1;-24;1;-21;0;-18;1;-15;3;-13;5;-12;8;-11;10;-12;12;-13;14;-4;3;0;0;0;0;0;0;0;0;0;0;0;0;0;0;0;0;0;0;0;-8;2;-31;5;-31;9;-31;12;-28;14;-25;13;-21;11;-18;7;-15;2;-15;-4;-16;-8;-19;-12;-23;-13;-28;-13;-33;-11;-37;-8;-38;-6;-38;-4;-36;-3;-33;-3;-29;-6;-25;-10;-22;-15;-19;-20;-18;-26;-18;-30;-19;-105;0;-10;0;-10;-1;-10;-1;-9;-1;-9;-2;-8;-2;-7;-3;-7;-4;-7;-4;-7;-4;-7;-4;-6;-4;-6;-4;-5;-5;-5;-5;-5;-6;-5;-6;-5;-6;-4;-6;-4;-6;-3;-5;-3;-6;-3;-6;-2;-6;-3;-6;-3;-6;-2;-5;-2;-5;-1;-2;-1;-1;0;0;-1;-1;-1;-1;0;0;2;2;7;7;7;8;7;8;6;9;5;9;4;9;3;10;2;10;1;11;1;11;1;11;0;11;-1;10;-3;10;-4;9;-5;9;-6;9;-5;9;-5;8;-6;7;-6;7;-7;6;-8;6;-9;6;-9;5;-9;5;-9;4;-9;3;-105;0;-23;-23;-23;-22;-22;-21;-22;-20;-21;-19;-21;-17;-21;-16;-20;-15;-20;-14;-19;-13;-19;-12;-19;-11;-19;-11;-19;-10;-19;-10;-19;-10;-19;-9;-19;-9;-18;-9;-18;-9;-18;-9;-18;-9;-17;-9;-17;-9;-16;-9;-16;-10;-16;-10;-15;-11;-6;-4;-2;-2;0;0;0;0;0;0;-2;-2;-6;-4;-16;-11;-16;-12;-16;-12;-16;-13;-16;-14;-16;-15;-16;-16;-17;-17;-17;-17;-17;-18;-17;-19;-17;-20;-17;-20;-17;-21;-17;-21;-16;-21;-17;-21;-17;-21;-18;-22;-19;-22;-20;-22;-21;-22;-21;-23;-22;-23;-23;-23;-23;-23;-24;-24;-24;-24,empty,EXP_S143,ZONE_02,entree_zone,4.1,entree_zone,entree dans la zone
624255201,-53,6,a0:9f:7a:73:2b:3e,384,-110;-96;8;0;1;32;0;30;-1;28;-1;25;-1;22;1;19;4;16;7;14;9;13;11;13;13;13;14;14;15;15;14;16;13;16;12;15;11;14;10;12;9;10;9;9;10;7;11;5;12;5;13;4;14;4;3;1;0;0;0;0;0;0;0;0;0;0;0;0;0;0;0;0;0;0;-4;5;-16;20;-19;18;-22;16;-23;13;-23;10;-21;7;-18;6;-14;6;-11;8;-8;10;-7;14;-7;19;-8;23;-10;25;-13;27;-16;27;-18;26;-18;24;-18;22;-16;20;-13;19;-10;19;-6;20;-2;22;0;24;2;27;-108;0;4;3;5;3;4;3;4;3;3;3;3;3;2;3;1;3;1;4;1;4;1;4;1;3;0;3;-1;3;-1;3;-1;4;-1;4;-1;4;-1;3;-1;3;-1;2;-2;2;-2;2;-2;3;-2;3;-2;3;-2;2;-2;2;-1;0;-1;0;0;-1;0;0;0;0;-1;-1;-1;-4;-2;-10;-2;-10;-1;-10;-1;-10;0;-10;1;-9;2;-9;3;-9;4;-9;4;-9;4;-9;4;-9;5;-8;5;-7;6;-6;7;-6;7;-5;7;-5;6;-5;6;-4;6;-3;6;-2;6;-1;7;-1;7;-1;7;-1;6;-1;5;0;-108;0;2;26;2;25;2;24;2;23;3;22;3;22;3;21;4;20;4;19;5;18;5;17;5;16;6;16;6;16;6;15;6;15;6;15;6;15;6;14;6;14;6;14;6;14;5;13;5;13;5;13;4;13;4;14;3;14;1;5;0;1;-1;-1;-1;-1;-1;-1;0;1;1;5;4;15;3;15;3;15;2;16;2;17;1;17;1;18;1;19;0;19;0;19;0;20;0;21;-1;21;-1;21;-1;22;-2;22;-1;22;-1;22;-1;23;0;23;0;24;0;24;0;25;0;25;1;26;1;26;2;27;2;27,empty,EXP_S143,ZONE_02,entree_zone,4.1,entree_zone,entree dans la zone
624452354,-54,6,a0:9f:7a:73:2b:3e,384,-110;-96;8;0;-32;-4;-31;-5;-28;-6;-24;-5;-21;-4;-17;-1;-15;2;-13;5;-12;8;-12;11;-13;14;-14;15;-15;16;-15;15;-15;14;-15;13;-14;11;-12;10;-10;9;-8;9;-5;9;-4;10;-2;11;-1;13;-1;14;-1;3;0;0;0;0;0;0;0;0;0;0;0;0;0;0;0;0;0;0;-3;-6;-10;-24;-7;-26;-4;-27;0;-26;2;-24;3;-21;3;-17;1;-14;-3;-11;-7;-10;-12;-10;-16;-12;-20;-15;-21;-18;-22;-21;-21;-24;-19;-25;-17;-25;-15;-23;-14;-20;-14;-17;-15;-12;-17;-8;-20;-5;-24;-2;-27;-1;-109;0;-6;4;-6;4;-6;4;-6;3;-6;2;-6;2;-6;1;-6;1;-6;0;-6;0;-6;0;-6;0;-5;-1;-5;-1;-5;-2;-5;-2;-5;-2;-5;-2;-5;-2;-4;-2;-4;-2;-4;-2;-4;-3;-4;-3;-4;-3;-4;-3;-3;-2;-3;-2;-1;-1;-1;-1;0;0;-1;-1;-1;-1;0;0;3;0;9;2;9;2;9;3;9;3;8;4;8;5;7;5;7;6;7;7;6;7;6;8;5;8;4;8;3;8;2;8;2;8;1;8;1;8;0;8;0;7;-1;7;-1;7;-2;7;-3;7;-3;7;-3;7;-3;6;-4;6;-109;0;-25;-5;-24;-5;-23;-5;-23;-4;-22;-3;-21;-2;-20;-2;-20;-1;-19;0;-18;0;-17;1;-17;1;-17;2;-17;2;-16;2;-16;2;-16;3;-15;3;-15;3;-15;3;-15;3;-15;3;-14;3;-14;2;-14;2;-14;2;-14;1;-14;1;-5;0;-2;0;0;-1;0;0;0;0;-2;-1;-6;-1;-15;-3;-15;-3;-16;-3;-16;-4;-16;-5;-17;-5;-17;-5;-18;-6;-18;-6;-19;-7;-19;-7;-19;-8;-20;-8;-20;-8;-20;-8;-20;-8;-20;-8;-21;-8;-21;-8;-22;-7;-22;-7;-23;-7;-23;-7;-24;-7;-25;-6;-25;-6;-25;-6;-26;-6,empty,EXP_S143,ZONE_02,entree_zone,4.1,entree_zone,entree dans la zone
624652505,-53,6,a0:9f:7a:73:2b:3e,384,-110;-96;8;0;17;-35;17;-32;17;-30;15;-26;11;-23;8;-22;3;-21;-1;-21;-4;-22;-6;-23;-8;-25;-8;-26;-7;-27;-6;-27;-5;-27;-4;-25;-3;-23;-3;-20;-4;-18;-6;-15;-8;-14;-10;-13;-11;-13;-13;-14;-13;-15;-4;-4;0;0;0;0;0;0;0;0;0;0;0;0;0;0;0;0;0;0;6;-4;28;-12;30;-9;32;-5;31;-1;29;3;26;4;22;4;18;2;15;-2;14;-7;14;-12;17;-16;20;-20;24;-21;28;-22;31;-20;32;-18;32;-16;30;-14;27;-14;24;-14;20;-16;17;-19;14;-23;13;-27;13;-31;-113;0;-3;-7;-3;-7;-3;-7;-3;-6;-2;-6;-1;-6;0;-6;1;-6;1;-6;1;-6;1;-6;1;-6;2;-5;2;-5;3;-4;4;-5;4;-5;3;-5;3;-4;3;-4;3;-3;3;-3;4;-3;4;-3;4;-3;3;-3;3;-3;3;-3;1;-1;0;-1;-1;0;0;-1;0;-1;-1;1;-2;3;-4;10;-4;10;-5;10;-5;10;-6;9;-7;9;-8;8;-9;7;-10;7;-10;7;-10;7;-10;6;-10;5;-10;3;-10;2;-11;1;-11;1;-11;1;-10;1;-9;0;-8;-1;-8;-2;-8;-3;-8;-4;-8;-4;-8;-4;-7;-4;-6;-4;-113;0;11;-30;11;-29;10;-29;9;-28;8;-27;7;-26;6;-26;5;-25;5;-24;4;-23;3;-22;2;-22;2;-22;1;-22;1;-22;1;-21;1;-21;1;-21;0;-21;1;-20;1;-20;1;-20;1;-19;1;-19;2;-19;2;-18;3;-18;4;-18;1;-7;0;-2;-1;0;-1;1;-1;0;0;-2;1;-7;4;-19;5;-19;6;-19;6;-19;7;-20;8;-20;9;-20;9;-21;10;-21;10;-22;11;-22;11;-22;12;-23;13;-23;13;-23;13;-23;13;-23;13;-24;12;-24;12;-25;12;-26;12;-27;12;-28;12;-28;12;-29;12;-30;12;-31;12;-31,empty,EXP_S143,ZONE_02,entree_zone,4.1,entree_zone,entree dans la zone
624855920,-53,6,a0:9f:7a:73:2b:3e,384,-110;-96;8;0;-13;-36;-12;-36;-10;-34;-9;-31;-9;-27;-9;-23;-11;-19;-13;-15;-16;-13;-19;-11;-21;-10;-23;-10;-24;-11;-24;-12;-23;-12;-22;-12;-20;-11;-19;-10;-18;-8;-17;-6;-16;-4;-16;-2;-17;0;-18;1;-19;1;-5;0;0;0;0;0;0;0;0;0;0;0;0;0;0;0;0;0;0;0;4;-7;17;-26;21;-25;24;-22;26;-18;26;-14;24;-10;20;-8;15;-8;10;-10;6;-13;3;-18;2;-23;3;-29;5;-33;8;-36;12;-36;14;-36;16;-34;16;-31;14;-28;10;-25;6;-24;1;-23;-5;-24;-9;-27;-12;-30;-103;0;-8;-2;-8;-2;-8;-3;-7;-3;-6;-3;-5;-3;-5;-4;-4;-4;-4;-4;-4;-5;-4;-4;-3;-4;-3;-4;-2;-5;-2;-5;-2;-5;-1;-5;-1;-5;-1;-4;-1;-4;-1;-4;-1;-4;0;-4;0;-4;0;-4;0;-4;-1;-3;-1;-3;-1;-1;-1;-1;0;0;-1;-1;0;-1;0;1;0;4;1;11;0;11;-1;11;-1;11;-2;11;-3;11;-4;11;-5;11;-6;11;-6;10;-7;10;-7;9;-7;9;-8;8;-8;7;-9;7;-9;6;-9;6;-9;6;-9;5;-9;4;-9;3;-9;2;-9;2;-9;2;-9;1;-9;1;-9;1;-103;0;-7;-31;-7;-30;-8;-29;-8;-28;-8;-27;-9;-26;-9;-24;-10;-23;-10;-22;-10;-21;-11;-20;-11;-19;-12;-19;-12;-18;-12;-18;-12;-17;-13;-17;-13;-17;-13;-17;-13;-16;-12;-16;-12;-16;-12;-16;-11;-16;-11;-16;-10;-16;-10;-16;-9;-17;-3;-6;-1;-2;0;0;0;1;0;0;-1;-2;-2;-7;-4;-19;-3;-19;-3;-20;-3;-20;-2;-21;-2;-21;-2;-22;-2;-23;-1;-24;-1;-24;-1;-25;0;-25;0;-26;0;-26;0;-26;0;-27;0;-27;-1;-27;-1;-27;-2;-28;-3;-29;-3;-29;-4;-30;-5;-30;-5;-31;-6;-31;-6;-32;-7;-33,empty,EXP_S143,ZONE_02,entree_zone,4.1,entree_zone,entree dans la zone
625054241,-53,6,a0:9f:7a:73:2b:3e,384,-110;-96;8;0;22;32;20;32;18;30;15;27;14;23;13;18;14;13;15;8;18;5;20;2;23;1;25;0;26;1;27;1;26;2;24;3;23;3;20;3;18;1;16;-1;15;-3;14;-5;14;-7;14;-9;15;-10;4;-3;0;0;0;0;0;0;0;0;0;0;0;0;0;0;0;0;0;0;-3;7;-13;29;-17;28;-22;26;-24;23;-25;18;-23;15;-19;12;-14;11;-9;11;-4;14;0;18;2;24;3;29;1;34;-2;37;-5;39;-7;38;-9;36;-10;33;-8;30;-5;26;-1;23;5;22;11;22;16;23;20;25;-112;0;8;0;8;0;8;0;8;0;7;1;6;1;5;2;5;3;4;3;5;4;4;4;4;3;3;3;3;4;2;4;2;4;2;5;2;4;2;4;2;3;1;3;1;3;1;4;1;4;1;4;1;4;1;3;1;3;0;1;0;0;-1;-1;0;0;0;0;-1;-2;-3;-4;-7;-11;-6;-11;-5;-12;-4;-12;-3;-12;-2;-12;-1;-13;0;-13;1;-14;1;-14;2;-14;2;-13;3;-12;4;-11;5;-11;5;-11;6;-10;6;-10;6;-9;6;-8;7;-7;7;-6;8;-5;9;-5;9;-5;9;-4;8;-4;8;-3;-112;0;15;27;15;26;15;25;15;23;15;22;15;21;15;20;15;18;15;17;15;16;15;15;15;14;15;13;16;13;16;12;16;12;16;11;16;11;16;11;16;11;15;11;15;10;15;10;14;10;14;11;14;11;13;12;13;12;4;4;1;1;-1;-1;-1;-1;-1;-1;1;1;4;5;10;16;10;16;10;17;9;17;9;18;9;19;9;20;9;21;9;21;9;22;9;23;9;23;9;24;8;24;8;25;8;25;8;25;9;25;9;25;10;26;11;26;11;27;12;27;13;27;14;28;15;28;15;28;15;28,empty,EXP_S143,ZONE_02,entree_zone,4.1,entree_zone,entree dans la zone
625252429,-53,6,a0:9f:7a:73:2b:3e,384,-110;-96;8;0;-6;-39;-5;-37;-3;-35;-3;-31;-4;-26;-5;-22;-8;-18;-12;-16;-16;-14;-19;-14;-21;-15;-22;-16;-22;-17;-22;-18;-20;-18;-18;-18;-16;-17;-15;-15;-14;-12;-14;-10;-14;-7;-15;-5;-17;-4;-18;-4;-19;-4;-5;-1;0;0;0;0;0;0;0;0;0;0;0;0;0;0;0;0;0;0;3;-7;15;-27;18;-26;22;-23;24;-20;24;-16;23;-13;19;-10;15;-10;10;-12;7;-15;4;-19;4;-25;5;-29;8;-33;11;-35;14;-35;16;-34;17;-32;17;-29;14;-27;11;-25;6;-24;1;-25;-3;-27;-7;-30;-8;-33;-105;0;-7;-5;-8;-5;-7;-5;-7;-5;-6;-5;-4;-5;-3;-6;-3;-6;-3;-7;-3;-7;-3;-7;-3;-6;-2;-6;-1;-6;0;-6;0;-7;0;-7;0;-7;0;-6;0;-5;0;-5;1;-5;1;-5;1;-5;1;-5;1;-5;1;-5;0;-4;0;-2;0;-1;-1;0;-1;-1;-1;-1;0;0;1;3;4;9;4;10;3;10;2;10;1;10;0;10;-1;10;-2;10;-3;11;-4;11;-4;11;-4;10;-5;9;-6;8;-7;7;-8;7;-8;7;-8;6;-8;6;-8;4;-8;3;-8;2;-9;1;-10;0;-10;0;-9;0;-8;0;-8;-1;-105;0;-8;-31;-8;-30;-8;-29;-9;-28;-9;-27;-9;-26;-9;-25;-9;-24;-9;-22;-10;-21;-10;-20;-10;-20;-11;-19;-11;-19;-11;-19;-11;-18;-11;-18;-11;-18;-11;-18;-11;-18;-11;-18;-10;-18;-10;-17;-9;-17;-8;-17;-8;-17;-7;-18;-6;-18;-2;-7;-1;-2;0;0;0;1;0;0;-2;-2;-4;-6;-10;-17;-9;-18;-9;-18;-8;-19;-8;-20;-8;-21;-7;-22;-7;-23;-7;-23;-6;-24;-6;-24;-6;-25;-5;-26;-5;-26;-4;-27;-4;-27;-5;-27;-5;-27;-5;-27;-6;-28;-6;-29;-7;-30;-7;-30;-7;-30;-8;-31;-8;-31;-9;-32;-9;-33,empty,EXP_S143,ZONE_02,entree_zone,4.1,entree_zone,entree dans la zone
625452411,-53,6,a0:9f:7a:73:2b:3e,384,-110;-96;8;0;23;28;21;28;19;26;16;23;15;19;14;14;15;9;16;5;18;2;20;0;23;-1;25;-1;25;0;26;1;25;2;23;3;21;3;18;2;16;0;14;-2;13;-4;13;-6;13;-8;14;-10;15;-11;4;-3;0;0;0;0;0;0;0;0;0;0;0;0;0;0;0;0;0;0;-1;7;-5;29;-9;30;-13;29;-17;26;-18;23;-18;19;-16;15;-11;13;-6;12;-1;14;3;17;6;21;8;26;7;31;5;34;2;36;-1;36;-2;35;-3;32;-2;29;0;25;4;22;9;20;13;20;19;21;22;22;-106;0;7;0;7;1;7;1;6;1;6;1;5;2;4;3;4;4;4;4;4;4;4;4;3;4;2;4;2;4;1;5;1;5;1;5;1;5;1;4;1;4;0;4;0;4;-1;4;-1;4;0;4;0;4;0;3;0;3;0;1;-1;0;-1;-1;0;0;0;0;-1;-1;-3;-3;-8;-9;-7;-10;-7;-10;-6;-11;-5;-11;-4;-11;-3;-11;-2;-12;-1;-13;-1;-13;0;-13;0;-12;1;-12;2;-11;3;-10;4;-10;4;-10;5;-9;5;-9;5;-8;5;-7;6;-6;7;-5;7;-5;7;-5;7;-4;7;-4;7;-3;-106;0;15;25;15;24;15;23;15;21;15;20;15;19;15;18;14;17;14;16;14;15;14;14;15;13;15;13;15;12;15;12;15;11;15;11;15;11;15;11;14;11;14;11;14;11;13;10;13;10;13;11;12;11;12;12;11;12;4;4;1;1;-1;-1;-1;-1;-1;-1;1;1;4;4;11;13;11;14;11;14;11;15;10;16;10;17;10;18;10;19;10;19;10;20;10;21;10;21;10;22;10;22;10;23;10;23;10;23;10;23;11;23;12;23;12;24;13;24;13;25;14;25;15;25;15;25;16;26;16;26,empty,EXP_S143,ZONE_02,entree_zone,4.1,entree_zone,entree dans la zone
625655790,-53,6,a0:9f:7a:73:2b:3e,384,-110;-96;8;0;-36;15;-35;13;-32;11;-28;10;-24;10;-19;11;-15;12;-12;15;-9;17;-8;20;-8;23;-9;25;-10;25;-11;25;-11;24;-11;22;-10;20;-9;18;-7;16;-4;15;-2;15;0;15;2;16;3;17;3;19;0;4;0;0;0;0;0;0;0;0;0;0;0;0;0;0;0;0;0;0;-7;-3;-28;-13;-27;-16;-25;-20;-22;-23;-18;-23;-14;-22;-12;-19;-11;-14;-12;-10;-14;-5;-18;-2;-23;0;-29;0;-33;-1;-36;-4;-37;-7;-36;-10;-34;-11;-31;-11;-29;-9;-26;-6;-25;-2;-24;3;-25;8;-27;12;-29;15;-111;0;-3;6;-3;6;-3;6;-3;6;-4;5;-4;4;-4;4;-5;3;-5;3;-5;3;-5;3;-5;2;-5;2;-5;1;-6;1;-6;1;-6;1;-6;1;-5;1;-5;0;-5;0;-5;-1;-5;-1;-5;-1;-5;-1;-5;-1;-5;0;-4;0;-2;0;-1;0;0;-1;-1;0;-1;0;1;-1;3;-2;10;-4;11;-3;11;-2;11;-2;11;-1;11;0;11;1;11;2;11;3;11;3;10;4;10;4;9;4;8;5;7;6;7;6;7;7;6;7;6;7;5;7;4;7;3;7;3;7;2;8;2;8;2;7;1;7;0;7;-111;0;-29;10;-29;10;-28;10;-26;11;-25;11;-24;12;-23;12;-21;12;-20;13;-19;13;-18;13;-17;14;-17;14;-16;14;-16;14;-15;14;-15;14;-15;14;-15;14;-14;14;-14;14;-14;13;-14;13;-13;13;-14;12;-14;12;-14;11;-15;11;-6;3;-2;1;0;-1;1;-1;0;-1;-2;0;-7;2;-18;5;-18;5;-19;4;-19;4;-20;3;-21;3;-22;3;-22;3;-23;3;-24;3;-24;3;-25;3;-25;3;-26;3;-26;3;-26;3;-26;3;-26;3;-27;4;-27;5;-28;5;-28;6;-29;7;-29;8;-30;9;-30;9;-30;10;-31;11,empty,EXP_S143,ZONE_02,entree_zone,4.1,entree_zone,entree dans la zone
625853847,-54,6,a0:9f:7a:73:2b:3e,384,-110;-96;8;0;10;-29;10;-27;10;-24;9;-22;7;-19;4;-17;1;-16;-3;-16;-5;-17;-7;-18;-8;-19;-8;-20;-8;-21;-7;-21;-5;-20;-4;-19;-4;-17;-4;-15;-5;-13;-6;-12;-7;-11;-9;-10;-10;-10;-11;-11;-11;-11;-3;-3;0;0;0;0;0;0;0;0;0;0;0;0;0;0;0;0;0;0;4;-4;18;-15;20;-13;22;-11;23;-7;22;-5;20;-3;17;-2;14;-3;11;-5;9;-8;9;-12;10;-16;13;-19;16;-21;18;-21;20;-20;21;-19;22;-17;21;-16;19;-14;16;-14;12;-16;10;-18;8;-21;6;-24;6;-26;-105;0;-5;-11;-5;-11;-6;-11;-5;-10;-4;-9;-2;-8;0;-9;2;-9;2;-10;2;-11;2;-10;2;-9;2;-8;4;-7;5;-7;6;-7;5;-8;5;-8;4;-7;4;-5;4;-4;5;-4;5;-4;6;-4;5;-5;5;-5;4;-4;3;-4;1;-2;0;-1;-1;0;-1;-2;0;-1;0;1;0;6;-1;17;-2;17;-3;17;-4;17;-5;16;-7;14;-8;13;-10;13;-12;13;-13;13;-13;13;-12;11;-12;9;-13;7;-14;5;-15;4;-16;4;-16;4;-15;3;-13;2;-12;0;-11;-3;-12;-4;-12;-5;-12;-5;-12;-5;-10;-5;-9;-5;-105;0;10;-49;9;-48;8;-47;7;-45;6;-44;6;-42;5;-40;4;-39;3;-37;1;-36;0;-35;-1;-35;-2;-34;-2;-34;-3;-34;-3;-33;-3;-33;-3;-32;-3;-32;-2;-32;-2;-31;-1;-31;-1;-30;-1;-30;0;-29;1;-29;3;-29;4;-29;1;-11;0;-4;0;0;0;1;-1;0;-1;-4;-1;-11;-1;-30;0;-30;1;-31;2;-32;3;-33;4;-34;5;-35;6;-36;7;-36;8;-37;9;-38;10;-38;11;-39;12;-40;12;-40;13;-40;13;-40;12;-41;12;-42;11;-43;11;-44;12;-45;11;-46;11;-47;11;-48;10;-50;10;-51;10;-52,empty,EXP_S143,ZONE_02,entree_zone,4.1,entree_zone,entree dans la zone
626052315,-53,6,a0:9f:7a:73:2b:3e,384,-110;-96;8;0;32;20;30;20;27;19;24;17;21;13;20;9;19;5;19;1;20;-2;21;-4;23;-6;24;-6;25;-5;25;-4;25;-3;23;-2;21;-2;19;-2;17;-4;15;-5;14;-7;13;-9;13;-10;14;-11;14;-12;3;-3;0;0;0;0;0;0;0;0;0;0;0;0;0;0;0;0;0;0;2;7;8;29;5;30;0;31;-4;30;-7;28;-9;24;-8;20;-5;16;-1;14;5;13;10;14;14;17;17;21;18;26;18;30;16;32;13;34;11;33;9;31;9;28;10;24;12;20;16;17;20;15;25;14;29;15;-113;0;6;-3;6;-3;6;-2;6;-2;5;-1;5;0;4;1;4;1;5;2;5;2;4;2;4;2;3;2;2;3;2;3;2;3;2;3;2;3;2;3;2;3;1;3;1;3;1;3;1;3;1;3;1;3;1;2;1;2;0;0;0;0;-1;-1;0;0;0;0;-2;-1;-4;-2;-11;-6;-11;-7;-10;-7;-10;-8;-9;-8;-8;-9;-7;-10;-7;-10;-6;-11;-6;-12;-5;-12;-4;-11;-3;-11;-2;-11;-1;-11;0;-11;1;-11;1;-11;1;-10;2;-9;2;-9;3;-8;4;-8;4;-8;5;-8;5;-7;4;-6;4;-5;-113;0;25;17;24;16;24;15;23;14;23;13;22;12;22;11;21;11;21;10;20;9;20;8;19;7;19;7;19;6;19;6;19;5;19;5;19;5;18;5;18;5;18;5;17;5;17;5;17;5;16;6;16;6;15;7;15;8;5;3;1;1;-1;-1;-2;-1;-1;-1;1;0;5;2;16;8;16;8;16;9;16;10;16;11;16;11;17;12;17;13;17;13;18;14;18;15;18;16;18;16;18;17;18;17;18;17;18;17;19;17;20;17;21;17;22;17;22;17;23;17;24;17;24;18;25;18;25;18;26;18,empty,EXP_S143,ZONE_02,entree_zone,4.1,entree_zone,entree dans la zone
626253773,-53,6,a0:9f:7a:73:2b:3e,384,-110;-96;8;0;29;-24;29;-22;27;-19;24;-17;20;-15;15;-15;11;-16;7;-17;4;-19;2;-22;1;-24;1;-26;2;-27;3;-26;4;-26;4;-24;4;-22;3;-19;2;-17;0;-16;-2;-15;-4;-14;-6;-15;-7;-16;-8;-17;-2;-5;0;0;0;0;0;0;0;0;0;0;0;0;0;0;0;0;0;0;7;0;29;4;30;7;29;12;26;15;23;17;19;16;16;14;13;10;13;5;14;0;17;-4;22;-7;27;-8;31;-8;35;-6;36;-3;36;0;35;1;32;2;29;1;26;-2;23;-5;21;-10;21;-15;22;-19;24;-23;-107;0;1;-8;1;-8;1;-8;1;-7;2;-7;2;-6;3;-5;4;-5;4;-5;4;-5;4;-5;4;-4;4;-3;4;-3;4;-2;5;-2;5;-2;4;-3;4;-2;4;-2;3;-2;4;-1;4;-1;4;-1;4;-1;4;-1;3;-1;3;-1;1;-1;0;-1;-1;0;0;-1;0;-1;-1;0;-4;2;-10;6;-10;6;-10;5;-11;4;-11;4;-11;3;-11;2;-12;1;-12;0;-12;-1;-12;-1;-12;-2;-11;-3;-10;-4;-10;-4;-10;-5;-9;-6;-9;-6;-8;-6;-8;-6;-6;-6;-5;-7;-5;-8;-5;-8;-4;-9;-4;-8;-3;-8;-3;-7;-107;0;25;-17;25;-17;24;-16;23;-16;21;-16;20;-16;19;-16;18;-16;17;-16;15;-15;14;-15;14;-15;13;-16;13;-16;12;-16;12;-16;11;-16;11;-16;11;-16;11;-16;11;-15;10;-15;10;-15;10;-14;11;-14;11;-13;11;-13;12;-12;4;-5;1;-2;-1;0;-1;0;-1;0;1;-2;5;-5;14;-12;14;-12;15;-11;16;-11;16;-11;17;-11;18;-11;19;-11;20;-11;20;-11;21;-11;22;-11;22;-11;23;-10;23;-10;23;-10;23;-11;23;-11;24;-12;24;-12;25;-13;25;-14;25;-14;25;-15;26;-16;26;-16;27;-17;27;-17,empty,EXP_S143,ZONE_02,entree_zone,4.1,entree_zone,entree dans la zone
626452470,-53,6,a0:9f:7a:73:2b:3e,384,-110;-96;8;0;13;37;11;36;9;33;8;30;8;25;8;21;10;17;13;13;15;10;18;9;21;9;23;9;24;10;23;11;22;11;20;11;19;10;17;9;16;7;15;4;14;2;14;0;15;-2;16;-3;17;-3;4;-1;0;0;0;0;0;0;0;0;0;0;0;0;0;0;0;0;0;0;-4;6;-18;25;-21;24;-25;21;-27;17;-27;13;-25;10;-21;8;-16;8;-10;9;-6;12;-3;17;-2;23;-3;28;-6;33;-9;36;-12;36;-15;35;-16;33;-16;30;-14;27;-10;25;-5;23;0;23;5;24;10;27;13;30;-101;0;7;2;7;2;6;2;6;3;5;3;4;3;4;4;3;4;3;4;2;5;2;4;2;4;1;4;1;4;0;4;0;4;0;5;0;4;0;4;0;4;-1;4;-1;3;-1;3;-1;3;-1;3;-1;3;-1;3;-1;3;-1;1;-1;0;0;-1;0;0;0;0;-1;-2;-2;-5;-4;-12;-3;-12;-3;-13;-2;-13;-1;-13;0;-13;1;-12;2;-12;3;-12;4;-12;5;-12;5;-11;6;-11;6;-10;7;-9;7;-9;8;-8;8;-8;8;-7;8;-6;8;-5;8;-5;8;-4;9;-3;9;-3;9;-2;8;-1;8;-1;-101;0;7;30;7;29;7;28;7;27;8;26;8;25;8;24;8;22;9;21;9;20;9;19;9;18;10;18;10;17;10;17;10;17;10;16;10;16;10;15;10;15;10;15;9;15;9;14;9;14;8;14;8;14;7;15;6;15;2;5;0;1;-1;-1;-1;-2;-1;-1;0;1;2;6;6;17;5;17;5;17;4;18;4;19;4;20;4;21;3;22;3;22;3;23;3;24;3;24;2;25;2;25;2;25;2;25;2;25;2;26;3;27;4;27;4;28;4;29;5;29;5;30;6;30;7;31;7;31;7;31,empty,EXP_S143,ZONE_02,entree_zone,4.1,entree_zone,entree dans la zone
626652530,-53,6,a0:9f:7a:73:2b:3e,384,-110;-96;8;0;37;-18;36;-15;34;-13;30;-11;25;-10;20;-11;16;-13;12;-15;9;-19;8;-22;8;-24;8;-26;10;-27;11;-27;12;-25;12;-23;12;-21;10;-18;8;-16;5;-15;2;-15;0;-15;-2;-16;-3;-17;-3;-19;-1;-5;0;0;0;0;0;0;0;0;0;0;0;0;0;0;0;0;0;0;7;2;29;10;28;13;26;18;23;20;19;21;16;20;13;17;12;12;13;7;16;2;20;-1;25;-3;30;-3;34;-1;37;2;38;5;37;8;36;9;33;9;30;8;27;4;25;0;24;-6;25;-11;28;-15;31;-18;-105;0;3;-8;3;-9;3;-8;3;-8;3;-7;4;-6;4;-5;5;-4;6;-4;6;-4;6;-4;5;-3;5;-3;5;-2;5;-1;6;-1;6;-1;6;-1;5;-1;5;-1;4;0;4;1;4;1;4;1;5;1;4;1;4;1;3;1;1;0;0;0;-1;-1;0;-1;0;-1;-2;0;-4;1;-11;5;-11;4;-12;4;-12;3;-12;2;-11;1;-12;0;-12;-2;-12;-3;-13;-3;-12;-3;-12;-4;-11;-4;-10;-6;-9;-7;-9;-8;-9;-8;-8;-8;-8;-8;-7;-8;-5;-8;-4;-8;-3;-9;-3;-10;-3;-10;-2;-10;-2;-9;-1;-8;-105;0;30;-11;30;-11;29;-11;28;-11;27;-11;25;-11;24;-11;23;-11;22;-11;20;-11;19;-11;19;-12;18;-12;18;-12;18;-12;17;-12;17;-12;17;-12;16;-12;16;-11;16;-11;16;-11;15;-10;15;-10;15;-9;15;-8;16;-8;16;-7;5;-3;1;-1;-1;0;-1;0;-1;0;1;-2;5;-5;15;-12;15;-11;16;-11;17;-10;18;-10;19;-10;20;-10;21;-10;22;-9;22;-9;23;-9;24;-9;25;-9;25;-8;26;-8;26;-8;26;-8;26;-8;27;-9;27;-9;28;-10;29;-10;29;-10;30;-11;30;-12;31;-12;31;-13;32;-13,empty,EXP_S143,ZONE_02,entree_zone,4.1,entree_zone,entree dans la zone
626856203,-53,6,a0:9f:7a:73:2b:3e,384,-110;-96;8;0;-38;-12;-36;-13;-33;-13;-29;-12;-25;-9;-21;-6;-19;-2;-18;3;-17;7;-18;11;-19;14;-21;15;-22;15;-23;15;-24;14;-23;12;-21;10;-19;9;-16;8;-13;9;-11;9;-8;11;-7;12;-6;14;-6;16;-2;4;0;0;0;0;0;0;0;0;0;0;0;0;0;0;0;0;0;0;-3;-8;-8;-30;-4;-31;0;-32;4;-31;6;-28;7;-24;6;-20;3;-16;-2;-14;-7;-13;-13;-14;-17;-17;-21;-21;-22;-26;-22;-30;-21;-32;-18;-33;-16;-32;-14;-30;-13;-26;-14;-22;-16;-17;-19;-13;-24;-9;-29;-8;-33;-7;-112;0;-8;4;-8;4;-8;4;-8;4;-7;3;-7;2;-7;1;-7;0;-8;0;-8;0;-8;0;-7;0;-6;-1;-6;-1;-6;-2;-7;-3;-7;-3;-7;-2;-6;-2;-6;-2;-5;-3;-5;-3;-5;-3;-5;-4;-5;-4;-5;-3;-5;-3;-5;-3;-2;-1;-1;-1;0;0;-1;-1;-1;-1;1;0;4;1;11;3;11;3;11;4;10;4;9;5;9;6;8;7;7;8;7;9;7;9;7;9;6;9;5;9;3;9;2;10;1;10;1;11;1;10;0;10;0;9;-1;8;-3;8;-4;8;-4;9;-5;9;-5;8;-5;7;-5;7;-112;0;-30;-9;-29;-9;-29;-8;-28;-7;-27;-6;-26;-5;-25;-4;-24;-4;-23;-3;-23;-2;-22;-1;-22;-1;-22;0;-21;0;-21;0;-21;0;-20;1;-20;1;-20;1;-20;1;-19;1;-19;0;-19;0;-18;0;-18;-1;-18;-1;-18;-2;-18;-3;-7;-1;-2;-1;0;-1;1;0;0;0;-2;-1;-7;-2;-18;-3;-18;-4;-18;-4;-19;-5;-19;-6;-20;-6;-20;-7;-21;-8;-21;-8;-22;-8;-22;-9;-23;-9;-23;-10;-24;-11;-24;-11;-24;-11;-24;-11;-24;-11;-25;-10;-26;-10;-27;-10;-28;-10;-28;-10;-29;-10;-29;-9;-30;-9;-31;-9;-31;-9,empty,EXP_S143,ZONE_02,entree_zone,4.1,entree_zone,entree dans la zone
627052296,-53,6,a0:9f:7a:73:2b:3e,384,-110;-96;8;0;18;-39;18;-36;17;-32;15;-28;11;-24;6;-22;1;-21;-4;-21;-8;-22;-11;-24;-12;-26;-12;-29;-11;-30;-10;-30;-7;-29;-6;-27;-5;-25;-5;-22;-6;-19;-7;-16;-9;-14;-12;-12;-14;-12;-16;-13;-17;-14;-5;-4;0;0;0;0;0;0;0;0;0;0;0;0;0;0;0;0;0;0;7;-3;29;-10;31;-7;31;-2;30;2;27;5;22;5;18;4;15;0;13;-5;12;-10;14;-16;17;-20;22;-23;27;-24;31;-22;33;-20;33;-18;32;-15;29;-14;25;-14;21;-15;16;-18;13;-22;10;-27;10;-33;11;-37;-108;0;-1;-9;0;-9;0;-9;1;-8;2;-8;2;-8;3;-7;4;-7;4;-7;4;-7;5;-6;5;-6;5;-5;5;-5;5;-4;6;-4;6;-4;6;-3;5;-3;5;-3;5;-2;5;-2;5;-1;5;-1;5;-1;5;-1;5;0;5;0;1;0;0;0;-1;0;0;-1;0;-1;-1;1;-2;3;-6;9;-7;9;-8;9;-9;8;-10;7;-10;6;-11;6;-11;5;-12;4;-12;3;-12;2;-12;1;-12;0;-12;-1;-12;-2;-11;-3;-11;-3;-10;-4;-9;-5;-9;-5;-8;-6;-7;-7;-7;-7;-6;-8;-6;-8;-5;-9;-4;-9;-4;-9;-108;0;19;-28;18;-28;18;-27;17;-26;16;-26;15;-25;14;-24;13;-24;12;-23;12;-22;11;-22;10;-22;10;-22;9;-22;9;-22;9;-22;9;-21;9;-21;9;-20;9;-20;9;-20;9;-19;10;-19;10;-18;10;-17;11;-17;12;-16;12;-15;4;-6;1;-2;-1;0;-1;1;-1;0;0;-2;1;-7;5;-18;6;-18;7;-18;8;-18;8;-18;9;-19;10;-19;11;-20;11;-20;12;-21;13;-21;14;-21;15;-21;15;-21;16;-21;16;-21;16;-22;16;-22;17;-23;17;-24;17;-24;17;-25;18;-26;18;-27;18;-27;19;-28;19;-28;19;-29,empty,EXP_S143,ZONE_02,entree_zone,4.1,entree_zone,entree dans la zone
627252374,-53,6,a0:9f:7a:73:2b:3e,384,-110;-96;8;0;24;32;21;31;18;29;16;25;14;19;13;14;14;8;16;3;19;-1;22;-3;25;-4;28;-4;29;-3;29;-1;29;0;26;2;24;2;20;1;17;0;14;-3;13;-5;11;-8;11;-11;12;-13;13;-15;3;-4;0;0;0;0;0;0;0;0;0;0;0;0;0;0;0;0;0;0;-4;6;-16;26;-19;24;-23;22;-24;18;-24;14;-22;11;-17;9;-12;8;-7;10;-2;13;2;18;3;24;3;29;1;33;-2;36;-5;36;-8;36;-9;33;-8;30;-6;26;-2;23;3;20;9;19;15;20;20;22;24;24;-109;0;8;3;8;4;8;4;8;4;7;5;6;5;5;5;4;6;4;6;4;6;4;6;3;6;2;6;2;7;1;7;1;7;1;7;1;7;0;7;0;6;0;6;-1;6;-1;6;-2;6;-2;6;-2;5;-2;5;-2;5;-1;1;-1;0;0;-1;0;0;0;0;-1;-2;-3;-4;-6;-11;-5;-12;-5;-12;-4;-12;-3;-12;-2;-12;0;-12;1;-13;2;-13;3;-13;3;-13;4;-12;4;-11;5;-10;6;-9;7;-9;7;-8;8;-8;8;-7;8;-6;8;-5;9;-4;9;-3;10;-3;10;-2;9;-2;9;-1;9;0;-109;0;13;27;13;26;13;25;13;24;13;23;13;22;13;21;13;20;13;19;13;18;13;17;14;17;14;16;14;16;14;15;14;15;14;15;13;15;13;15;13;15;13;15;12;15;12;14;11;14;11;14;10;15;9;15;9;16;3;5;0;1;-1;-1;-1;-1;-1;-1;1;1;3;5;9;14;9;14;9;15;9;15;8;16;8;17;8;18;8;19;8;20;8;20;8;21;8;22;8;22;8;23;8;23;7;23;8;23;8;23;9;24;9;24;10;25;10;26;11;26;11;27;12;27;13;27;13;28;14;28,empty,EXP_S143,ZONE_02,entree_zone,4.1,entree_zone,entree dans la zone
627452963,-54,6,a0:9f:7a:73:2b:3e,384,-110;-96;8;0;-27;18;-27;16;-25;13;-22;12;-18;10;-14;10;-10;11;-6;12;-2;14;0;16;1;19;1;20;1;22;0;22;-1;21;-1;20;-2;18;-1;16;0;14;1;12;3;11;5;10;7;9;9;10;10;10;2;2;0;0;0;0;0;0;0;0;0;0;0;0;0;0;0;0;0;0;-5;-4;-19;-16;-17;-19;-14;-21;-11;-22;-8;-21;-6;-18;-5;-14;-5;-10;-8;-6;-11;-3;-16;0;-21;0;-25;-1;-28;-3;-30;-5;-30;-8;-29;-10;-27;-11;-24;-10;-21;-8;-19;-5;-17;-1;-16;5;-17;10;-19;14;-21;17;-113;0;-4;15;-5;15;-5;14;-6;13;-6;12;-7;10;-8;9;-9;9;-9;8;-9;8;-9;8;-9;7;-9;6;-9;5;-10;4;-10;3;-10;3;-10;3;-10;3;-9;2;-9;1;-9;1;-9;0;-9;0;-9;0;-8;0;-8;0;-8;0;-3;0;-1;-1;0;-1;-2;0;-1;0;1;-2;6;-3;18;-8;19;-6;19;-5;19;-3;19;-1;19;0;19;2;19;4;20;5;19;6;19;7;18;8;16;9;15;10;14;11;13;12;13;13;12;13;11;14;10;14;8;14;7;15;5;16;4;16;4;16;3;16;2;16;1;15;-113;0;-44;21;-43;21;-41;21;-39;21;-37;21;-36;21;-34;21;-32;22;-30;22;-28;22;-27;23;-25;23;-25;24;-24;24;-24;24;-23;24;-23;23;-23;23;-23;23;-23;22;-22;22;-22;21;-21;21;-21;21;-21;20;-22;19;-23;18;-23;17;-9;6;-3;1;0;-1;1;-1;0;-1;-3;1;-9;4;-24;13;-25;13;-26;13;-27;12;-28;12;-29;12;-31;12;-32;12;-33;12;-34;12;-35;12;-36;12;-37;12;-38;11;-39;11;-39;11;-39;12;-39;13;-39;14;-40;14;-42;15;-43;16;-44;17;-44;18;-44;19;-44;21;-45;21;-46;22,empty,EXP_S143,ZONE_02,entree_zone,4.1,entree_zone,entree dans la zone
627651618,-53,6,a0:9f:7a:73:2b:3e,384,-110;-96;8;0;30;-27;30;-24;28;-21;24;-18;20;-16;14;-16;9;-16;4;-17;0;-20;-3;-23;-4;-26;-4;-28;-4;-29;-3;-30;-1;-29;0;-27;1;-25;0;-22;-1;-19;-3;-17;-5;-15;-8;-14;-10;-14;-12;-14;-13;-15;-4;-4;0;0;0;0;0;0;0;0;0;0;0;0;0;0;0;0;0;0;6;2;27;12;25;16;23;19;19;21;15;21;12;18;9;14;9;9;11;4;14;-1;19;-4;24;-6;30;-5;34;-3;36;-1;37;2;36;5;33;6;30;6;26;4;23;0;20;-5;19;-11;19;-17;21;-22;23;-26;-107;0;-1;-11;-1;-11;-1;-11;0;-10;0;-9;1;-8;2;-8;3;-8;3;-8;3;-8;3;-7;3;-7;3;-6;4;-5;5;-5;5;-5;5;-5;5;-5;5;-4;4;-4;4;-3;5;-3;5;-2;5;-2;5;-2;5;-2;4;-2;4;-2;1;-1;0;-1;-1;0;0;-1;0;-1;-1;1;-3;3;-8;9;-9;8;-9;8;-10;7;-10;6;-11;5;-11;4;-12;3;-13;2;-13;1;-13;1;-13;0;-12;-1;-11;-2;-11;-3;-11;-5;-12;-5;-11;-5;-11;-6;-10;-6;-8;-7;-8;-8;-7;-9;-7;-9;-7;-9;-6;-9;-6;-9;-5;-9;-107;0;19;-24;18;-24;17;-24;17;-23;16;-23;15;-22;14;-21;13;-21;12;-20;10;-20;9;-20;9;-20;9;-20;9;-20;8;-20;8;-20;8;-20;8;-20;8;-19;9;-19;9;-19;9;-18;9;-18;9;-17;9;-17;10;-16;11;-16;11;-15;4;-6;1;-2;-1;0;-1;0;-1;0;0;-2;2;-6;7;-16;7;-16;8;-16;9;-16;9;-16;10;-17;11;-17;12;-17;13;-17;14;-18;14;-18;15;-18;16;-19;16;-19;17;-18;17;-18;17;-18;17;-19;17;-20;17;-20;18;-21;18;-21;19;-22;19;-23;19;-24;19;-25;19;-25;19;-26,empty,EXP_S143,ZONE_02,entree_zone,4.1,entree_zone,entree dans la zone
627856317,-53,6,a0:9f:7a:73:2b:3e,384,-110;-96;8;0;33;24;30;24;26;23;23;19;19;14;18;9;17;3;18;-1;20;-6;22;-9;25;-10;26;-10;28;-9;29;-8;28;-6;27;-4;24;-3;21;-3;17;-4;15;-6;12;-8;11;-11;11;-13;11;-15;12;-16;3;-5;0;0;0;0;0;0;0;0;0;0;0;0;0;0;0;0;0;0;-1;7;-2;30;-5;30;-10;29;-13;26;-14;23;-13;19;-10;15;-5;13;0;13;5;15;10;18;13;23;14;27;13;31;11;35;9;36;6;36;4;34;4;30;5;26;8;22;12;18;17;16;23;15;28;15;32;17;-104;0;9;-2;9;-2;9;-2;9;-1;8;-1;8;0;8;1;8;2;8;2;8;2;7;2;7;3;6;3;5;4;5;4;5;5;5;5;5;5;4;4;4;4;3;4;3;5;2;5;2;5;2;5;2;5;2;4;2;4;0;1;0;0;-1;-1;0;0;0;0;-2;-1;-4;-3;-11;-6;-10;-7;-10;-7;-9;-8;-9;-8;-8;-9;-7;-10;-6;-11;-5;-11;-5;-12;-4;-12;-3;-12;-2;-11;0;-11;1;-11;2;-11;2;-11;2;-11;3;-10;3;-9;4;-9;5;-8;6;-8;7;-8;7;-8;7;-7;7;-6;7;-5;-104;0;27;13;27;13;27;12;26;11;26;10;25;9;24;9;23;8;23;7;22;6;21;5;21;4;21;4;21;4;21;4;21;3;21;3;21;3;20;3;20;3;20;3;19;4;19;4;18;4;18;5;17;6;17;6;17;7;6;2;1;1;-1;-1;-2;-1;-1;-1;1;0;6;1;16;4;16;4;16;5;17;6;17;7;18;8;19;8;19;9;20;9;20;10;21;11;21;11;21;12;21;13;21;13;21;13;21;13;22;13;23;13;24;13;24;13;25;13;26;13;27;13;28;13;28;13;29;13;29;13,empty,EXP_S143,ZONE_02,entree_zone,4.1,entree_zone,entree dans la zone
628052562,-53,6,a0:9f:7a:73:2b:3e,384,-110;-96;8;0;-24;32;-24;29;-22;26;-19;22;-15;19;-10;18;-5;17;0;18;4;20;6;22;8;25;8;27;7;28;5;28;3;28;2;26;1;24;1;21;2;17;4;15;6;13;9;12;11;12;13;12;14;13;3;3;0;0;0;0;0;0;0;0;0;0;0;0;0;0;0;0;0;0;-8;0;-30;2;-30;-2;-30;-6;-28;-10;-25;-11;-21;-11;-18;-9;-15;-5;-14;0;-15;5;-17;10;-21;13;-26;15;-30;15;-33;13;-35;11;-35;9;-34;7;-31;6;-27;6;-23;8;-20;12;-17;17;-15;22;-16;27;-17;31;-116;0;-2;8;-2;8;-3;8;-3;7;-4;7;-4;6;-5;5;-5;5;-6;5;-6;5;-6;5;-6;4;-6;3;-6;3;-7;2;-7;2;-7;2;-7;2;-7;2;-6;1;-6;1;-6;0;-6;0;-6;0;-6;0;-6;0;-6;0;-5;0;-2;0;-1;-1;0;-1;-1;0;-1;0;0;-1;2;-3;8;-8;8;-7;9;-7;9;-6;9;-5;10;-4;10;-3;11;-2;11;-1;11;-1;11;0;10;1;10;2;9;3;9;4;9;4;8;5;8;5;7;5;6;5;5;6;4;7;4;7;3;8;3;8;2;8;2;8;1;8;-116;0;-24;19;-24;19;-23;19;-22;19;-20;19;-19;19;-18;18;-17;18;-16;18;-15;18;-14;18;-13;18;-13;18;-13;18;-13;18;-12;18;-12;17;-12;17;-12;17;-12;17;-12;16;-12;16;-12;16;-12;15;-12;15;-13;14;-13;13;-14;13;-5;4;-2;1;0;-1;0;-1;0;-1;-2;1;-4;4;-12;13;-12;13;-13;12;-14;12;-15;13;-15;13;-16;13;-17;13;-18;13;-19;13;-19;14;-20;14;-21;14;-21;13;-22;13;-22;13;-22;14;-22;14;-22;15;-23;15;-23;16;-23;17;-24;18;-24;18;-24;19;-25;20;-25;20;-25;21,empty,EXP_S143,ZONE_02,entree_zone,4.1,entree_zone,entree dans la zone
628252502,-53,6,a0:9f:7a:73:2b:3e,384,-110;-96;8;0;-22;33;-22;30;-20;27;-18;24;-14;21;-10;19;-5;19;-1;20;3;21;5;23;6;25;6;27;5;28;3;28;2;27;1;26;0;23;0;20;2;18;3;15;5;14;8;13;10;13;11;14;12;16;3;4;0;0;0;0;0;0;0;0;0;0;0;0;0;0;0;0;0;0;-7;2;-28;10;-30;6;-31;2;-31;-2;-28;-5;-25;-6;-21;-5;-18;-2;-15;1;-14;6;-15;11;-18;16;-22;19;-27;20;-31;19;-33;17;-34;15;-33;12;-31;11;-27;11;-24;12;-20;15;-17;19;-15;23;-15;28;-15;31;-103;0;-1;7;-1;7;-1;7;-2;6;-2;6;-3;5;-4;5;-4;5;-5;5;-5;5;-5;4;-5;4;-5;3;-5;3;-6;3;-6;3;-6;3;-6;3;-6;2;-5;2;-5;1;-5;1;-5;1;-5;1;-5;1;-5;1;-5;0;-5;0;-2;0;-1;-1;0;-1;-1;0;-1;0;0;-2;2;-4;6;-9;7;-9;7;-8;8;-8;8;-7;9;-6;9;-5;10;-4;10;-4;11;-3;11;-3;10;-2;10;-1;9;0;9;1;9;2;9;2;8;3;7;3;7;3;6;4;5;5;5;5;4;6;4;6;3;6;3;6;2;6;-103;0;-21;23;-21;23;-20;23;-18;23;-17;22;-16;22;-15;21;-14;21;-13;20;-12;20;-11;20;-11;20;-10;20;-9;20;-9;20;-9;20;-9;20;-9;19;-9;19;-9;19;-9;18;-9;18;-9;18;-9;17;-9;17;-10;16;-10;16;-11;16;-4;5;-2;1;0;-1;0;-1;0;-1;-1;1;-4;5;-11;15;-11;14;-12;14;-13;14;-14;15;-14;15;-15;15;-16;15;-17;16;-17;16;-18;16;-19;16;-19;16;-20;16;-20;16;-20;16;-20;17;-20;17;-20;18;-21;19;-21;19;-21;20;-22;21;-22;22;-22;23;-22;23;-22;24;-22;24,empty,EXP_S143,ZONE_02,entree_zone,4.1,entree_zone,entree dans la zone
628453930,-53,6,a0:9f:7a:73:2b:3e,384,-110;-96;8;0;8;-38;9;-36;9;-32;7;-28;5;-25;1;-22;-3;-20;-7;-19;-11;-20;-14;-21;-15;-22;-15;-24;-15;-25;-13;-26;-12;-25;-10;-24;-9;-22;-8;-19;-8;-16;-9;-13;-11;-11;-13;-10;-15;-10;-16;-10;-17;-11;-5;-3;0;0;0;0;0;0;0;0;0;0;0;0;0;0;0;0;0;0;5;-5;22;-19;25;-17;28;-13;28;-9;27;-6;24;-3;20;-3;16;-4;13;-7;10;-11;10;-16;11;-21;14;-25;18;-27;21;-28;24;-27;25;-25;25;-23;24;-21;21;-20;17;-20;13;-21;9;-24;6;-27;4;-31;4;-35;-98;0;-4;-7;-4;-7;-4;-7;-4;-7;-3;-6;-2;-6;0;-6;0;-7;0;-8;0;-8;0;-7;1;-7;1;-6;2;-6;2;-6;3;-6;3;-6;2;-6;2;-6;2;-5;3;-4;3;-4;3;-4;3;-4;3;-4;3;-4;3;-4;3;-4;1;-2;0;-1;-1;0;-1;-1;0;-1;0;1;-1;3;-1;10;-1;11;-2;11;-3;10;-3;10;-4;9;-5;9;-7;8;-8;8;-8;8;-8;8;-8;7;-8;6;-8;5;-9;4;-10;3;-10;3;-10;2;-9;2;-8;1;-8;0;-8;-1;-8;-3;-8;-3;-8;-3;-8;-3;-7;-3;-6;-4;-98;0;3;-31;2;-31;2;-30;1;-29;1;-28;0;-28;0;-27;-1;-25;-1;-24;-2;-23;-3;-23;-4;-22;-4;-22;-4;-22;-4;-22;-5;-21;-5;-21;-5;-21;-5;-21;-5;-21;-4;-20;-4;-20;-4;-19;-3;-19;-3;-19;-2;-19;-1;-19;0;-19;0;-7;0;-3;0;0;0;1;-1;0;-1;-2;-1;-7;-1;-18;-1;-18;0;-19;0;-19;1;-20;1;-21;2;-22;3;-22;3;-23;3;-23;4;-24;4;-24;5;-25;5;-25;6;-25;6;-25;6;-25;5;-26;5;-27;5;-27;5;-28;5;-29;4;-30;4;-30;4;-31;3;-32;3;-32;3;-33,empty,EXP_S143,ZONE_02,entree_zone,4.1,entree_zone,entree dans la zone
628657707,-53,6,a0:9f:7a:73:2b:3e,384,-110;-96;8;0;38;-13;36;-11;33;-8;29;-7;25;-8;20;-9;16;-12;13;-15;11;-18;10;-21;11;-23;12;-25;13;-25;14;-25;15;-23;15;-21;14;-19;12;-17;10;-16;7;-15;4;-15;2;-16;1;-17;0;-18;0;-20;0;-5;0;0;0;0;0;0;0;0;0;0;0;0;0;0;0;0;0;0;7;2;28;11;27;15;25;19;21;21;17;22;14;20;11;17;10;13;12;8;15;4;19;1;24;0;29;0;33;2;35;5;36;8;35;11;33;12;30;12;27;10;25;6;24;2;24;-3;26;-8;29;-12;32;-14;-109;0;3;-8;4;-8;3;-8;3;-7;3;-6;4;-5;5;-4;5;-3;6;-3;6;-4;6;-3;5;-3;5;-2;5;-1;5;0;6;0;6;0;6;-1;5;-1;5;0;4;0;4;1;4;1;4;1;4;1;4;1;4;0;3;0;1;0;0;0;-1;0;0;-1;0;-1;-1;0;-4;2;-10;6;-11;5;-11;5;-11;4;-11;3;-11;2;-11;1;-12;-1;-12;-2;-13;-2;-12;-2;-12;-3;-11;-4;-10;-5;-9;-6;-9;-7;-9;-7;-8;-7;-8;-7;-7;-7;-5;-7;-4;-8;-3;-9;-3;-10;-2;-10;-2;-9;-2;-8;-1;-8;-109;0;29;-12;29;-12;28;-12;26;-12;25;-12;24;-12;23;-12;22;-11;21;-11;20;-12;19;-12;19;-12;18;-13;18;-13;18;-13;17;-12;17;-12;17;-12;16;-12;16;-12;16;-11;16;-11;16;-10;16;-10;16;-9;16;-8;16;-8;17;-7;6;-3;1;-1;-1;0;-1;0;-1;0;1;-2;4;-5;14;-12;14;-12;15;-12;16;-11;17;-11;18;-11;19;-11;19;-10;20;-10;21;-10;22;-10;23;-10;23;-10;24;-10;24;-9;25;-9;25;-9;25;-9;25;-9;26;-10;27;-10;27;-11;28;-11;28;-12;29;-13;29;-13;30;-14;30;-14,empty,EXP_S143,ZONE_02,entree_zone,4.1,entree_zone,entree dans la zone
628852786,-53,6,a0:9f:7a:73:2b:3e,384,-110;-96;8;0;-41;0;-39;-1;-36;-3;-32;-2;-27;-1;-23;2;-20;5;-18;9;-17;13;-17;16;-19;18;-20;19;-21;19;-22;19;-22;17;-21;15;-20;13;-17;12;-14;12;-12;12;-10;12;-8;14;-7;15;-7;17;-7;18;-2;4;0;0;0;0;0;0;0;0;0;0;0;0;0;0;0;0;0;0;-6;-5;-24;-21;-22;-24;-19;-27;-14;-28;-10;-27;-8;-24;-6;-20;-7;-16;-10;-11;-14;-8;-19;-7;-24;-8;-29;-10;-32;-13;-34;-17;-33;-20;-31;-22;-29;-23;-26;-21;-24;-18;-23;-14;-23;-9;-25;-5;-28;-1;-32;2;-35;4;-114;0;-6;6;-6;6;-6;6;-6;5;-6;4;-6;3;-6;2;-7;1;-7;1;-7;1;-7;1;-7;0;-6;0;-6;-1;-6;-2;-6;-2;-6;-2;-6;-2;-6;-2;-5;-2;-5;-2;-4;-3;-4;-3;-5;-3;-5;-3;-4;-3;-4;-3;-4;-3;-2;-1;-1;-1;0;0;-1;0;-1;0;1;-1;3;-2;10;-4;11;-3;11;-2;11;-2;11;-1;11;0;11;2;10;3;10;4;10;5;10;5;9;5;8;6;7;7;7;7;6;8;6;9;5;9;4;8;3;8;2;8;1;8;0;9;-1;9;-1;9;-1;8;-2;8;-2;7;-114;0;-32;3;-32;3;-31;4;-30;4;-29;4;-28;5;-27;5;-26;5;-25;5;-24;6;-23;6;-22;6;-22;7;-22;7;-21;7;-21;7;-21;6;-21;6;-20;6;-20;6;-20;6;-19;5;-19;5;-19;4;-19;4;-19;3;-19;2;-19;1;-7;0;-3;0;0;-1;1;-1;0;-1;-2;0;-6;2;-17;7;-18;7;-18;6;-19;6;-20;5;-21;5;-22;4;-23;4;-23;4;-24;3;-25;3;-25;3;-26;2;-26;2;-27;1;-27;1;-27;1;-27;2;-28;2;-29;2;-30;2;-30;3;-31;3;-31;3;-32;3;-32;4;-33;4;-34;4,empty,EXP_S143,ZONE_02,entree_zone,4.1,entree_zone,entree dans la zone
629056900,-54,6,a0:9f:7a:73:2b:3e,384,-110;-96;8;0;31;-3;30;-1;28;0;25;-1;21;-1;18;-3;15;-6;14;-8;13;-11;13;-13;14;-15;15;-16;16;-16;16;-15;16;-14;16;-12;15;-11;13;-10;11;-10;9;-10;7;-11;6;-12;5;-13;5;-14;6;-15;1;-4;0;0;0;0;0;0;0;0;0;0;0;0;0;0;0;0;0;0;5;2;20;12;19;15;17;18;14;19;11;19;9;18;7;15;7;11;9;7;11;5;15;4;19;4;23;5;26;7;27;10;27;12;26;14;24;14;22;14;20;12;19;9;19;5;20;2;22;-1;25;-4;28;-5;-109;0;3;-5;3;-5;3;-5;3;-5;3;-4;3;-3;4;-2;4;-2;4;-2;5;-2;4;-2;4;-2;4;-1;3;0;4;0;4;0;4;0;4;0;4;0;3;0;3;1;2;1;2;1;3;1;3;1;3;1;2;1;2;1;0;0;0;0;-1;-1;0;-1;0;-1;-1;0;-4;0;-9;2;-9;1;-9;1;-9;0;-9;0;-9;-1;-9;-2;-9;-3;-9;-4;-9;-4;-9;-5;-8;-5;-7;-5;-6;-6;-6;-6;-5;-7;-5;-7;-5;-7;-5;-7;-4;-7;-3;-7;-2;-7;-1;-7;-1;-8;-1;-7;0;-7;0;-7;0;-6;-109;0;25;-5;24;-5;24;-5;23;-5;22;-6;21;-6;20;-6;19;-6;18;-6;17;-6;17;-7;16;-7;16;-7;16;-7;15;-7;15;-7;15;-7;15;-7;15;-7;15;-7;14;-7;14;-7;14;-6;14;-6;14;-5;14;-5;14;-4;14;-3;5;-1;1;-1;-1;0;-1;0;-1;0;1;-1;4;-3;13;-6;13;-6;14;-6;14;-5;15;-5;16;-5;17;-4;17;-4;18;-4;19;-4;19;-4;20;-3;20;-3;21;-3;21;-2;21;-2;21;-2;21;-3;22;-3;22;-3;23;-4;23;-4;24;-4;24;-4;25;-5;25;-5;26;-6;26;-6,empty,EXP_S143,ZONE_02,entree_zone,4.1,entree_zone,entree dans la zone
629259747,-53,6,a0:9f:7a:73:2b:3e,384,-110;-96;8;0;-37;-15;-34;-16;-31;-15;-27;-13;-24;-10;-21;-6;-20;-2;-19;3;-20;6;-21;9;-23;10;-25;11;-26;10;-27;9;-26;7;-24;6;-22;5;-20;5;-17;5;-15;6;-13;8;-12;10;-11;12;-12;13;-12;15;-4;3;0;0;0;0;0;0;0;0;0;0;0;0;0;0;0;0;0;0;-4;-7;-14;-27;-11;-29;-7;-31;-3;-30;0;-29;2;-25;2;-21;-1;-17;-5;-14;-10;-13;-14;-13;-19;-16;-22;-19;-24;-24;-24;-27;-22;-30;-20;-31;-17;-31;-16;-29;-15;-25;-16;-21;-18;-17;-21;-13;-25;-11;-30;-10;-34;-10;-112;0;-8;1;-8;1;-8;1;-8;0;-7;0;-7;-1;-7;-2;-7;-3;-7;-3;-7;-3;-6;-3;-6;-3;-5;-4;-5;-4;-5;-5;-5;-5;-4;-5;-4;-5;-4;-5;-4;-5;-3;-5;-3;-5;-3;-5;-3;-5;-3;-5;-3;-5;-2;-4;-2;-4;-1;-2;-1;-1;0;0;-1;-1;-1;-1;1;0;3;1;10;4;9;4;9;5;8;6;8;6;7;7;6;8;6;9;5;9;4;10;4;10;3;10;2;10;1;10;0;10;-1;10;-1;9;-2;9;-2;9;-3;8;-3;7;-4;7;-5;6;-6;6;-6;6;-6;5;-6;5;-7;4;-112;0;-27;-15;-27;-15;-27;-14;-26;-13;-26;-13;-25;-12;-24;-11;-23;-10;-23;-9;-22;-8;-22;-7;-21;-6;-21;-6;-21;-5;-21;-5;-21;-5;-21;-5;-21;-5;-20;-5;-20;-5;-19;-5;-19;-5;-19;-5;-18;-5;-18;-6;-18;-7;-17;-7;-17;-8;-6;-3;-2;-1;0;0;1;0;0;0;-2;-1;-7;-2;-17;-6;-17;-7;-18;-7;-18;-8;-18;-9;-19;-10;-19;-10;-20;-11;-20;-12;-20;-12;-21;-13;-21;-14;-21;-14;-21;-15;-21;-15;-21;-15;-21;-15;-22;-16;-23;-16;-23;-16;-24;-16;-25;-16;-26;-16;-26;-16;-27;-16;-28;-16;-28;-16;-29;-16,empty,EXP_S143,ZONE_02,entree_zone,4.1,entree_zone,entree dans la zone
629453124,-53,6,a0:9f:7a:73:2b:3e,384,-110;-96;8;0;14;-38;15;-36;14;-32;12;-28;9;-25;5;-22;1;-21;-3;-20;-7;-21;-10;-23;-11;-24;-12;-26;-11;-27;-9;-28;-8;-27;-6;-26;-6;-24;-5;-21;-6;-18;-7;-16;-9;-14;-11;-13;-13;-13;-14;-13;-15;-14;-4;-4;0;0;0;0;0;0;0;0;0;0;0;0;0;0;0;0;0;0;6;-5;25;-17;27;-15;29;-11;30;-7;28;-3;25;-1;21;-1;17;-3;14;-7;12;-11;12;-16;14;-21;18;-24;22;-26;26;-26;28;-25;30;-23;30;-20;28;-18;24;-18;20;-18;16;-20;12;-23;10;-27;9;-32;8;-35;-107;0;-3;-8;-3;-8;-3;-8;-3;-8;-2;-7;-1;-7;0;-7;1;-7;1;-7;1;-7;1;-7;1;-6;2;-6;2;-5;3;-5;4;-5;4;-5;3;-5;3;-5;3;-4;3;-4;4;-3;4;-3;4;-3;4;-3;3;-3;3;-3;3;-3;1;-1;0;-1;-1;0;0;-1;0;-1;-1;1;-1;3;-3;10;-4;10;-4;10;-5;10;-6;9;-6;8;-7;7;-8;7;-9;7;-10;6;-10;6;-9;5;-9;4;-9;3;-10;1;-10;0;-11;0;-10;0;-10;-1;-9;-1;-8;-2;-8;-3;-8;-4;-8;-5;-8;-5;-7;-5;-7;-5;-6;-5;-107;0;11;-31;10;-30;10;-30;9;-29;8;-28;7;-27;6;-27;6;-26;5;-25;4;-24;3;-23;2;-23;2;-23;1;-23;1;-22;1;-22;1;-22;1;-22;1;-22;1;-21;1;-21;1;-21;2;-20;2;-20;2;-20;3;-19;4;-19;5;-19;2;-7;0;-2;-1;0;-1;1;-1;0;0;-2;0;-7;2;-19;3;-19;3;-19;4;-20;5;-20;6;-21;6;-22;7;-22;8;-23;8;-23;9;-24;9;-24;10;-24;11;-24;11;-25;12;-25;12;-25;11;-25;11;-26;11;-27;11;-28;11;-29;11;-29;11;-30;11;-31;11;-31;11;-32;11;-33,empty,EXP_S143,ZONE_02,entree_zone,4.1,entree_zone,entree dans la zone
629655077,-53,6,a0:9f:7a:73:2b:3e,384,-110;-96;8;0;33;-21;32;-18;29;-16;26;-14;21;-13;17;-13;12;-15;9;-17;6;-20;5;-23;5;-25;6;-27;7;-27;8;-27;9;-25;10;-23;9;-21;8;-19;6;-17;3;-16;1;-16;-1;-16;-3;-17;-4;-18;-4;-19;-1;-5;0;0;0;0;0;0;0;0;0;0;0;0;0;0;0;0;0;0;7;0;29;2;29;5;28;10;26;13;23;15;19;14;16;12;14;8;14;4;15;-1;19;-5;23;-7;28;-8;32;-7;34;-4;36;-2;35;1;34;2;31;3;28;2;25;-1;23;-5;22;-10;23;-15;25;-19;26;-21;-106;0;0;-8;0;-8;0;-8;1;-8;1;-7;2;-6;3;-6;4;-6;4;-6;4;-6;4;-5;4;-5;4;-4;4;-3;5;-3;5;-3;5;-3;5;-3;5;-3;4;-2;4;-1;4;-1;4;-1;4;-1;4;-1;4;-1;4;-1;3;-1;1;-1;0;0;-1;0;0;-1;0;-1;-1;0;-3;3;-7;8;-7;8;-8;8;-8;7;-9;6;-9;5;-10;4;-10;3;-11;3;-11;2;-11;2;-11;1;-10;0;-10;-1;-10;-3;-10;-4;-10;-4;-10;-4;-9;-4;-8;-4;-7;-5;-6;-6;-6;-7;-6;-8;-6;-8;-5;-8;-4;-7;-3;-7;-106;0;21;-22;21;-22;20;-22;19;-21;18;-21;17;-20;16;-20;15;-20;14;-19;13;-19;12;-19;12;-18;11;-18;11;-18;11;-18;11;-18;10;-18;10;-18;10;-18;10;-18;10;-17;10;-17;10;-16;10;-15;11;-15;11;-14;12;-14;12;-13;4;-5;1;-2;-1;0;-1;0;-1;0;0;-2;3;-6;8;-16;9;-16;10;-16;10;-16;11;-16;12;-17;13;-17;14;-17;15;-17;15;-18;16;-18;17;-18;18;-18;19;-17;19;-17;19;-17;19;-17;19;-18;19;-18;20;-19;20;-20;21;-20;21;-21;21;-22;22;-22;22;-23;22;-23;23;-23,empty,EXP_S143,ZONE_02,entree_zone,4.1,entree_zone,entree dans la zone
629859822,-53,6,a0:9f:7a:73:2b:3e,384,-110;-96;8;0;-36;17;-35;15;-32;12;-28;11;-24;10;-19;11;-15;13;-12;15;-10;18;-10;21;-10;23;-11;25;-12;25;-13;25;-14;23;-14;21;-13;19;-11;17;-9;15;-7;15;-4;15;-2;15;-1;16;-1;18;-1;19;-1;4;0;0;0;0;0;0;0;0;0;0;0;0;0;0;0;0;0;0;-8;-1;-30;-3;-31;-7;-30;-11;-28;-14;-24;-16;-20;-16;-17;-13;-16;-9;-16;-5;-17;0;-21;3;-25;5;-30;5;-34;4;-36;2;-38;-1;-37;-3;-35;-5;-33;-5;-30;-4;-27;-1;-25;3;-25;8;-26;12;-28;16;-30;18;-106;0;-4;7;-4;7;-3;7;-3;6;-4;5;-4;4;-5;3;-6;3;-6;3;-6;3;-6;3;-6;2;-6;1;-6;0;-6;0;-6;0;-7;0;-6;0;-6;0;-5;0;-5;-1;-5;-2;-5;-2;-5;-2;-5;-2;-5;-2;-5;-1;-4;-1;-2;-1;-1;-1;0;0;-1;0;-1;0;0;-1;2;-3;7;-8;7;-8;8;-8;8;-7;8;-6;9;-5;9;-3;10;-2;11;-2;11;-1;11;-1;10;0;9;1;9;2;8;3;8;4;8;5;8;5;7;5;6;4;4;5;3;6;3;7;3;8;2;8;2;7;1;7;1;6;-106;0;-28;15;-27;15;-27;15;-26;15;-25;15;-23;14;-22;14;-21;14;-20;14;-19;14;-18;14;-18;14;-17;14;-17;14;-17;14;-17;13;-17;13;-17;13;-16;13;-16;12;-16;12;-16;11;-16;11;-16;10;-16;10;-16;9;-17;8;-17;7;-7;2;-2;0;0;-1;0;-1;0;-1;-2;1;-4;5;-12;14;-12;14;-13;14;-14;14;-15;14;-16;14;-17;14;-18;14;-19;14;-20;14;-21;14;-21;14;-22;13;-23;13;-23;13;-23;13;-24;13;-24;13;-24;13;-25;14;-26;14;-26;15;-27;15;-27;16;-28;16;-28;17;-28;17;-29;17,empty,EXP_S143,ZONE_02,entree_zone,4.1,entree_zone,entree dans la zone
630052368,-53,6,a0:9f:7a:73:2b:3e,384,-110;-96;8;0;-9;40;-10;37;-10;33;-9;29;-6;25;-3;22;2;19;6;18;10;18;13;19;15;21;15;23;15;24;14;25;12;25;10;24;8;22;7;19;7;16;8;13;10;11;12;9;14;8;16;9;17;9;4;2;0;0;0;0;0;0;0;0;0;0;0;0;0;0;0;0;0;0;-6;5;-24;20;-27;17;-29;14;-30;10;-28;6;-26;4;-22;3;-18;5;-14;8;-12;12;-12;17;-13;22;-15;26;-19;28;-23;29;-26;28;-27;26;-27;24;-26;22;-23;20;-18;20;-14;22;-9;24;-6;28;-4;32;-3;36;-109;0;4;6;4;6;3;6;3;6;2;6;1;6;0;6;0;7;-1;7;-1;7;-1;7;-1;6;-2;6;-2;5;-3;5;-3;6;-3;6;-3;5;-3;5;-3;4;-3;4;-4;4;-4;4;-4;4;-4;3;-4;3;-4;3;-4;3;-2;1;-1;0;0;-1;0;0;-1;0;-1;-2;0;-4;0;-11;0;-11;1;-11;2;-11;3;-11;4;-10;5;-10;6;-9;6;-9;7;-9;7;-9;8;-8;8;-7;8;-5;8;-4;9;-4;9;-3;9;-3;8;-2;8;-1;7;0;7;1;8;2;8;2;8;3;7;3;7;3;6;4;-109;0;-4;32;-4;31;-3;31;-3;30;-2;29;-1;28;-1;27;0;26;0;25;1;24;2;23;2;22;3;22;3;22;3;21;3;21;3;21;3;20;3;20;3;20;3;19;3;19;3;19;2;18;2;18;1;18;0;18;-1;18;-1;6;-1;2;-1;-1;-1;-2;0;-1;0;2;0;6;1;18;0;19;-1;19;-1;20;-2;20;-3;21;-3;22;-3;22;-4;23;-4;24;-5;24;-6;25;-6;25;-7;26;-7;26;-7;26;-7;26;-7;27;-6;27;-6;28;-6;29;-6;30;-5;30;-5;31;-5;32;-5;33;-5;33;-4;34,empty,EXP_S143,ZONE_02,entree_zone,4.1,entree_zone,entree dans la zone
630252249,-53,6,a0:9f:7a:73:2b:3e,384,-110;-96;8;0;-3;-41;-2;-40;0;-36;0;-32;-1;-28;-4;-24;-7;-20;-11;-18;-15;-17;-18;-17;-20;-18;-21;-19;-21;-21;-20;-22;-19;-22;-17;-21;-15;-20;-13;-17;-13;-15;-13;-12;-14;-9;-15;-7;-16;-6;-18;-6;-19;-6;-5;-2;0;0;0;0;0;0;0;0;0;0;0;0;0;0;0;0;0;0;3;-7;16;-26;19;-25;23;-22;25;-19;25;-15;23;-12;19;-10;15;-10;11;-12;7;-16;5;-20;5;-25;6;-30;9;-33;13;-35;16;-35;18;-34;19;-32;18;-29;16;-27;12;-25;7;-25;2;-27;-2;-29;-5;-33;-7;-36;-111;0;-6;-6;-6;-6;-6;-6;-5;-6;-4;-6;-3;-6;-3;-6;-2;-7;-2;-7;-2;-7;-1;-7;-1;-7;-1;-6;0;-6;1;-6;1;-6;1;-7;1;-6;1;-6;1;-5;2;-5;2;-5;2;-5;2;-5;2;-5;2;-5;2;-4;2;-4;0;-2;0;-1;-1;0;-1;-1;0;-1;0;1;0;3;0;10;0;10;-1;11;-2;10;-3;10;-4;10;-5;9;-6;9;-6;9;-7;9;-7;8;-7;8;-8;7;-8;6;-9;5;-9;4;-10;4;-10;3;-9;3;-9;2;-9;1;-9;0;-9;-1;-9;-1;-9;-2;-9;-2;-8;-3;-7;-3;-111;0;-1;-33;-1;-33;-1;-32;-2;-31;-3;-30;-3;-29;-4;-28;-4;-26;-4;-25;-5;-24;-5;-23;-6;-23;-7;-22;-7;-22;-7;-22;-7;-21;-7;-21;-7;-21;-7;-21;-7;-20;-7;-20;-6;-20;-6;-19;-6;-19;-5;-19;-4;-19;-4;-19;-3;-19;-1;-7;-1;-3;0;0;0;1;0;0;-1;-2;-2;-7;-4;-19;-3;-19;-3;-20;-2;-20;-1;-21;-1;-22;-1;-23;0;-24;0;-25;0;-25;1;-26;1;-26;2;-27;2;-27;3;-27;3;-27;3;-28;3;-28;2;-29;2;-30;1;-31;1;-31;0;-32;0;-33;0;-33;0;-34;-1;-35;-1;-35,empty,EXP_S143,ZONE_02,entree_zone,4.1,entree_zone,entree dans la zone
630454655,-53,6,a0:9f:7a:73:2b:3e,384,-110;-96;8;0;34;-21;33;-18;31;-16;28;-14;23;-13;18;-14;14;-16;10;-18;8;-21;6;-24;6;-26;7;-27;8;-28;9;-28;10;-26;10;-24;10;-22;8;-20;6;-18;4;-17;1;-16;-1;-16;-3;-17;-4;-19;-4;-20;-1;-5;0;0;0;0;0;0;0;0;0;0;0;0;0;0;0;0;0;0;7;1;29;6;29;10;28;14;25;17;21;18;17;17;14;14;12;10;13;5;15;0;19;-4;24;-6;29;-6;33;-5;36;-2;37;1;37;3;35;5;33;5;30;4;27;1;25;-3;24;-8;24;-14;26;-18;28;-21;-112;0;1;-8;1;-8;2;-7;2;-7;3;-6;3;-6;4;-5;4;-5;5;-5;5;-4;5;-4;4;-4;4;-3;5;-2;5;-2;5;-2;5;-2;5;-1;5;-1;4;-1;4;0;4;0;4;0;4;0;4;0;4;0;4;0;3;0;1;0;0;0;-1;-1;0;-1;0;-1;-1;0;-4;2;-10;6;-11;5;-11;5;-12;4;-12;3;-12;2;-12;1;-12;0;-12;-1;-13;-2;-12;-2;-12;-3;-11;-4;-10;-5;-10;-6;-9;-6;-9;-7;-9;-7;-8;-7;-7;-7;-6;-7;-5;-8;-5;-8;-4;-9;-4;-9;-3;-8;-3;-8;-2;-8;-112;0;28;-16;27;-16;26;-16;25;-16;24;-16;23;-16;22;-16;21;-16;19;-16;18;-16;17;-16;17;-16;16;-16;16;-16;15;-16;15;-16;15;-16;15;-16;14;-15;14;-15;14;-15;14;-14;14;-14;14;-13;14;-13;14;-12;15;-11;15;-11;5;-4;1;-1;-1;0;-1;0;-1;0;1;-2;4;-5;13;-12;14;-12;14;-12;15;-11;16;-11;17;-11;18;-11;19;-12;19;-12;20;-12;21;-12;22;-12;23;-11;23;-11;24;-11;24;-11;24;-11;24;-11;25;-12;25;-13;26;-13;26;-14;27;-15;27;-15;28;-16;28;-17;28;-17;29;-17,empty,EXP_S143,ZONE_02,entree_zone,4.1,entree_zone,entree dans la zone
630684334,-53,6,a0:9f:7a:73:2b:3e,384,-110;-96;8;0;2;-41;3;-39;4;-36;4;-32;2;-28;-1;-24;-5;-22;-9;-20;-13;-20;-16;-21;-17;-22;-18;-23;-18;-24;-17;-25;-16;-25;-13;-24;-12;-22;-11;-19;-11;-17;-12;-14;-13;-12;-15;-10;-16;-10;-18;-10;-19;-10;-5;-3;0;0;0;0;0;0;0;0;0;0;0;0;0;0;0;0;0;0;4;-7;20;-24;23;-22;27;-18;28;-14;27;-10;24;-7;20;-6;15;-6;11;-9;8;-14;7;-19;8;-24;10;-29;14;-32;18;-33;20;-33;22;-31;23;-29;22;-26;19;-24;15;-23;11;-24;6;-26;2;-29;0;-33;-1;-36;-103;0;-6;-6;-6;-6;-6;-6;-6;-5;-5;-5;-3;-5;-2;-6;-1;-7;-1;-8;-1;-8;-1;-7;-1;-7;0;-6;1;-6;1;-6;2;-6;2;-7;1;-7;1;-6;1;-5;2;-4;2;-4;3;-4;3;-4;3;-4;3;-4;2;-4;2;-4;0;-2;0;-1;-1;0;-1;-1;-1;-1;0;1;1;3;4;11;3;11;2;11;2;12;0;11;-1;11;-3;11;-4;11;-5;12;-5;12;-6;12;-6;11;-6;9;-7;8;-8;7;-9;6;-10;6;-10;6;-9;5;-8;4;-8;2;-9;0;-9;-1;-10;-1;-10;-1;-9;-1;-8;-1;-7;-2;-103;0;-4;-34;-4;-33;-4;-32;-4;-31;-5;-30;-5;-29;-5;-28;-5;-27;-5;-26;-6;-24;-6;-24;-7;-23;-7;-23;-7;-23;-7;-23;-7;-22;-7;-22;-7;-22;-6;-22;-6;-22;-5;-21;-5;-21;-4;-21;-4;-20;-3;-20;-2;-20;-1;-20;0;-20;0;-8;0;-3;0;0;0;0;0;0;-1;-2;-3;-6;-9;-17;-8;-17;-8;-18;-8;-19;-7;-20;-7;-21;-6;-21;-6;-22;-5;-23;-5;-24;-5;-24;-5;-25;-4;-26;-3;-27;-3;-27;-3;-27;-3;-28;-3;-28;-3;-29;-4;-29;-4;-30;-4;-31;-4;-32;-4;-32;-4;-33;-5;-34;-5;-34;-5;-35,empty,EXP_S143,ZONE_02,entree_zone,4.1,entree_zone,entree dans la zone
630852342,-53,6,a0:9f:7a:73:2b:3e,384,-110;-96;8;0;4;-41;5;-39;5;-35;4;-31;2;-27;-1;-23;-5;-21;-10;-19;-14;-19;-17;-19;-20;-20;-20;-22;-20;-23;-19;-24;-17;-24;-15;-23;-13;-21;-12;-18;-12;-15;-12;-12;-14;-9;-16;-7;-18;-6;-20;-6;-21;-6;-6;-2;0;0;0;0;0;0;0;0;0;0;0;0;0;0;0;0;0;0;6;-5;25;-19;28;-16;30;-12;30;-7;29;-3;25;-1;20;0;16;-2;11;-6;9;-11;9;-17;10;-23;13;-27;17;-30;21;-31;24;-30;26;-28;26;-25;25;-23;22;-21;17;-21;12;-22;7;-25;3;-28;1;-33;0;-36;-103;0;-5;-7;-5;-7;-5;-7;-4;-7;-3;-7;-2;-7;-1;-7;0;-7;0;-8;0;-8;0;-7;1;-7;1;-6;2;-6;2;-6;3;-6;3;-6;3;-6;2;-6;3;-5;3;-5;3;-4;4;-4;4;-4;4;-4;3;-4;3;-4;3;-3;1;-1;0;-1;-1;0;0;-1;0;-1;0;1;-1;4;-2;12;-2;12;-3;12;-4;12;-5;11;-6;11;-7;10;-8;10;-9;9;-10;9;-10;8;-10;8;-10;6;-10;5;-11;4;-11;3;-11;3;-11;2;-11;2;-10;1;-9;0;-9;-2;-9;-3;-9;-3;-9;-4;-8;-4;-8;-4;-7;-4;-103;0;4;-33;3;-32;3;-32;2;-31;2;-30;1;-29;1;-28;0;-27;-1;-26;-2;-25;-3;-24;-3;-24;-4;-23;-4;-23;-4;-23;-4;-23;-4;-23;-4;-22;-4;-22;-4;-22;-4;-22;-3;-21;-3;-21;-3;-21;-2;-20;-2;-20;0;-20;1;-20;0;-8;0;-3;0;0;0;1;-1;0;-1;-2;-1;-7;-1;-18;0;-19;0;-19;1;-19;2;-20;2;-21;3;-22;3;-22;4;-23;4;-24;4;-24;5;-25;5;-25;6;-26;6;-26;6;-26;6;-26;6;-27;6;-27;5;-28;5;-29;5;-30;5;-31;5;-32;4;-32;4;-33;3;-34;3;-35,empty,EXP_S143,ZONE_02,entree_zone,4.1,entree_zone,entree dans la zone
631054107,-53,6,a0:9f:7a:73:2b:3e,384,-110;-96;8;0;36;-11;35;-9;32;-7;28;-7;24;-7;19;-9;16;-12;13;-15;11;-18;10;-21;11;-24;12;-25;14;-25;15;-24;15;-23;15;-20;14;-18;12;-17;9;-16;7;-15;4;-15;1;-16;0;-18;-1;-20;-1;-22;-1;-6;0;0;0;0;0;0;0;0;0;0;0;0;0;0;0;0;0;0;6;2;26;11;25;15;23;19;20;21;16;22;13;20;10;17;9;12;11;8;14;3;18;1;23;0;28;0;32;3;34;6;34;9;33;11;31;13;29;12;27;10;24;7;23;2;24;-3;25;-8;28;-11;31;-13;-101;0;4;-6;4;-6;4;-5;5;-5;5;-4;5;-3;5;-3;6;-2;6;-2;6;-2;6;-1;6;-1;5;0;5;0;5;1;5;1;5;1;5;1;5;1;4;2;4;2;4;2;4;2;4;2;4;2;4;2;3;2;3;2;1;1;0;0;-1;-1;0;-1;0;-1;-2;0;-4;1;-11;2;-11;1;-12;1;-12;0;-12;-1;-11;-2;-11;-3;-11;-4;-11;-5;-11;-6;-10;-6;-10;-7;-9;-7;-8;-8;-7;-8;-6;-8;-6;-9;-5;-9;-4;-9;-4;-8;-3;-8;-2;-8;-1;-8;0;-9;0;-9;1;-8;2;-8;2;-7;-101;0;30;-4;30;-4;29;-4;28;-5;27;-5;26;-5;25;-6;24;-6;23;-6;22;-7;21;-7;20;-8;20;-8;20;-8;19;-9;19;-9;19;-9;19;-9;19;-9;18;-8;18;-8;18;-8;18;-7;18;-7;18;-6;19;-5;19;-5;19;-4;7;-2;2;-1;-1;0;-2;0;-1;0;1;-1;5;-3;16;-6;17;-5;17;-5;18;-4;18;-4;19;-4;20;-3;21;-3;22;-3;22;-3;23;-2;24;-2;24;-1;24;-1;25;-1;25;-1;25;-1;26;-1;26;-1;27;-1;28;-2;28;-2;29;-3;30;-3;30;-3;31;-4;31;-4;31;-4,empty,EXP_S143,ZONE_02,entree_zone,4.1,entree_zone,entree dans la zone
631253058,-53,6,a0:9f:7a:73:2b:3e,384,-110;-96;8;0;-38;20;-37;17;-34;15;-29;13;-24;12;-19;13;-14;14;-10;17;-6;20;-4;23;-4;26;-4;28;-5;29;-6;29;-7;28;-7;26;-7;24;-6;21;-4;19;-1;17;1;16;4;16;7;16;8;18;9;19;2;4;0;0;0;0;0;0;0;0;0;0;0;0;0;0;0;0;0;0;-8;-4;-29;-16;-28;-20;-26;-24;-22;-27;-17;-27;-13;-24;-11;-20;-10;-15;-12;-9;-15;-4;-20;0;-26;1;-32;1;-37;-1;-39;-5;-40;-8;-39;-11;-37;-12;-34;-12;-30;-10;-27;-6;-25;-1;-24;5;-25;11;-28;17;-30;20;-111;0;-3;8;-4;8;-4;7;-4;7;-5;6;-5;5;-5;4;-6;4;-6;4;-6;4;-6;3;-6;3;-6;2;-6;2;-7;1;-7;1;-7;1;-7;1;-6;1;-6;0;-6;0;-6;0;-6;0;-6;-1;-6;-1;-6;-1;-5;-1;-5;-1;-2;-1;-1;-1;0;-1;-1;0;-1;0;1;-1;4;-2;12;-5;12;-4;12;-3;12;-2;12;-1;12;0;12;1;12;2;12;3;12;4;12;4;11;5;10;5;9;6;8;7;8;7;7;8;7;8;6;8;6;8;5;8;4;9;3;9;2;9;2;9;1;9;1;9;0;8;-111;0;-31;12;-30;12;-29;12;-28;12;-27;13;-25;13;-24;13;-23;13;-21;14;-20;14;-19;15;-18;15;-17;16;-17;16;-17;16;-16;16;-16;16;-16;16;-16;16;-16;16;-15;16;-15;15;-15;15;-15;15;-15;14;-16;14;-17;13;-17;12;-7;4;-2;1;0;-1;1;-1;0;-1;-2;0;-7;2;-18;7;-19;7;-19;6;-20;6;-21;6;-22;5;-23;5;-23;5;-24;5;-25;5;-26;5;-26;5;-27;5;-27;5;-27;4;-27;4;-28;5;-28;5;-28;6;-29;7;-30;7;-30;8;-31;9;-31;9;-31;10;-32;11;-32;12;-33;12,empty,EXP_S143,ZONE_02,entree_zone,4.1,entree_zone,entree dans la zone
631452140,-53,6,a0:9f:7a:73:2b:3e,384,-110;-96;8;0;36;13;34;14;31;13;27;12;24;9;21;5;19;1;18;-3;18;-7;19;-10;21;-12;22;-13;23;-13;24;-12;23;-11;22;-10;20;-9;18;-9;15;-9;13;-10;11;-12;10;-13;9;-15;9;-17;9;-18;2;-5;0;0;0;0;0;0;0;0;0;0;0;0;0;0;0;0;0;0;2;7;9;29;6;31;1;32;-3;31;-6;28;-8;24;-7;20;-4;16;1;13;6;12;12;13;17;16;20;20;22;24;22;28;20;31;18;33;15;32;13;30;12;27;13;22;15;18;18;14;23;11;27;9;31;9;-109;0;6;-5;6;-5;6;-5;6;-5;5;-4;5;-3;5;-2;5;-1;6;-1;6;-1;5;0;5;0;4;0;4;1;4;2;4;2;4;2;4;2;4;2;3;2;3;2;3;2;3;2;3;3;3;3;3;2;3;2;2;2;0;0;0;0;-1;-1;0;0;0;0;-2;-1;-5;-2;-12;-4;-12;-5;-12;-6;-12;-6;-11;-7;-10;-8;-9;-8;-9;-9;-8;-10;-8;-11;-8;-11;-7;-11;-6;-11;-4;-11;-3;-11;-3;-12;-2;-12;-2;-12;-2;-11;-1;-10;0;-10;1;-9;2;-10;2;-10;3;-10;3;-9;3;-8;3;-7;-109;0;29;8;29;7;28;7;27;6;26;5;26;4;25;3;24;2;23;1;22;1;22;0;21;-1;21;-1;20;-2;20;-2;20;-3;20;-3;20;-3;19;-3;19;-3;19;-3;19;-3;18;-3;18;-2;18;-2;18;-1;18;0;18;1;6;0;2;0;-1;0;-2;-1;-1;-1;1;0;6;1;17;3;17;4;17;5;18;5;18;6;19;6;20;7;20;7;21;8;21;8;22;9;22;9;22;10;23;11;23;11;23;11;23;11;24;11;24;10;25;10;26;10;27;10;28;9;28;9;29;9;30;9;30;9;31;9,empty,EXP_S143,ZONE_02,entree_zone,4.1,entree_zone,entree dans la zone
631653757,-53,6,a0:9f:7a:73:2b:3e,384,-110;-96;8;0;-40;-10;-38;-11;-34;-11;-31;-10;-27;-8;-24;-4;-22;0;-20;4;-19;7;-20;10;-21;13;-23;14;-24;14;-24;13;-24;12;-23;11;-21;10;-19;9;-16;9;-14;10;-12;11;-10;13;-9;14;-9;16;-10;17;-3;4;0;0;0;0;0;0;0;0;0;0;0;0;0;0;0;0;0;0;-4;-7;-15;-29;-12;-31;-7;-33;-3;-33;1;-30;3;-26;3;-22;0;-17;-4;-14;-10;-12;-15;-12;-21;-14;-25;-17;-27;-22;-27;-27;-26;-30;-24;-32;-21;-32;-19;-30;-18;-27;-17;-22;-19;-17;-21;-13;-25;-9;-30;-7;-34;-6;-106;0;-7;3;-7;3;-7;3;-7;2;-7;1;-6;0;-6;-1;-6;-1;-6;-2;-6;-2;-6;-2;-5;-2;-5;-3;-5;-3;-5;-4;-4;-4;-4;-4;-4;-4;-4;-3;-4;-3;-3;-4;-3;-4;-3;-4;-3;-4;-3;-4;-3;-4;-2;-4;-2;-4;-1;-2;-1;-1;0;0;-1;-1;-1;-1;1;0;4;1;11;5;10;5;10;6;9;7;8;8;8;8;7;9;6;10;6;11;5;11;5;11;4;11;3;11;2;11;1;11;0;11;0;11;-1;11;-1;10;-2;10;-3;9;-4;8;-4;8;-5;8;-5;7;-5;7;-5;6;-6;6;-106;0;-29;-16;-28;-15;-28;-14;-27;-13;-27;-12;-26;-11;-25;-11;-24;-9;-24;-8;-23;-7;-23;-6;-22;-5;-22;-5;-22;-4;-22;-4;-22;-4;-21;-4;-21;-4;-21;-4;-21;-4;-21;-4;-20;-4;-20;-4;-20;-4;-19;-4;-19;-5;-19;-6;-18;-7;-7;-3;-2;-1;0;0;1;0;0;0;-2;-1;-7;-3;-18;-7;-18;-8;-18;-8;-18;-9;-19;-10;-19;-11;-20;-11;-20;-12;-20;-13;-21;-14;-21;-14;-22;-15;-22;-15;-22;-15;-22;-16;-22;-16;-22;-16;-23;-16;-23;-16;-24;-16;-25;-16;-26;-16;-27;-17;-27;-16;-28;-16;-29;-16;-30;-16;-30;-16,empty,EXP_S143,ZONE_02,entree_zone,4.1,entree_zone,entree dans la zone
631852988,-53,6,a0:9f:7a:73:2b:3e,384,-110;-96;8;0;-1;40;-3;38;-4;36;-4;32;-2;27;0;23;4;20;7;17;11;16;14;15;17;16;18;16;19;17;20;18;19;18;17;18;16;17;14;15;14;12;13;10;14;8;15;6;16;4;17;3;18;3;4;0;0;0;0;0;0;0;0;0;0;0;0;0;0;0;0;0;0;0;-7;3;-28;14;-31;11;-33;6;-32;2;-30;-2;-26;-3;-21;-3;-16;-1;-12;4;-10;9;-10;15;-12;21;-15;26;-19;28;-24;29;-27;28;-29;26;-29;23;-28;21;-24;19;-20;18;-15;19;-9;21;-5;24;-1;29;1;32;-104;0;7;4;7;4;6;4;6;4;5;4;4;4;3;4;2;5;2;5;2;5;1;5;1;5;1;4;0;4;-1;4;-1;4;-1;5;-1;5;-1;4;-1;4;-1;3;-2;3;-2;3;-2;3;-2;3;-2;3;-2;3;-2;3;-1;1;-1;0;0;-1;0;0;-1;0;-1;-2;0;-5;0;-13;0;-13;1;-14;2;-13;3;-13;4;-12;5;-12;7;-12;8;-11;8;-11;8;-11;9;-10;9;-9;9;-8;10;-7;10;-6;11;-6;11;-5;10;-5;9;-4;9;-3;9;-2;10;-1;10;0;10;0;10;0;9;0;8;1;-104;0;-1;31;-1;30;0;29;0;29;1;28;1;27;2;26;3;25;3;24;4;23;4;22;5;21;5;21;5;20;6;20;6;20;6;20;6;19;6;19;6;19;6;19;5;18;5;18;5;18;4;18;3;18;3;18;2;18;0;6;0;2;-1;-1;-1;-2;0;-1;0;1;0;6;1;17;0;18;0;18;-1;18;-1;19;-1;20;-2;21;-2;21;-3;22;-3;22;-3;23;-4;24;-4;24;-5;25;-5;25;-5;25;-5;25;-4;26;-4;27;-3;27;-3;28;-3;29;-3;29;-2;30;-2;31;-2;31;-1;32;-1;33,empty,EXP_S143,ZONE_02,entree_zone,4.1,entree_zone,entree dans la zone
632054483,-53,6,a0:9f:7a:73:2b:3e,384,-110;-96;8;0;-36;20;-35;18;-33;15;-29;13;-25;12;-20;12;-15;13;-11;15;-7;17;-5;20;-4;23;-4;25;-4;26;-5;27;-6;26;-7;25;-7;23;-6;21;-5;18;-3;17;0;15;2;14;4;14;6;15;7;16;1;4;0;0;0;0;0;0;0;0;0;0;0;0;0;0;0;0;0;0;-7;-4;-27;-16;-25;-20;-23;-23;-19;-25;-15;-24;-11;-22;-9;-18;-9;-13;-11;-8;-15;-3;-19;0;-25;1;-30;0;-35;-2;-37;-5;-38;-8;-37;-11;-35;-12;-32;-12;-29;-10;-26;-6;-24;-1;-23;4;-23;10;-25;15;-28;18;-113;0;-5;8;-5;7;-5;7;-5;6;-5;5;-5;5;-6;4;-6;3;-6;3;-7;3;-6;3;-6;2;-6;2;-6;1;-6;0;-6;0;-6;0;-6;0;-6;0;-6;0;-5;-1;-5;-1;-5;-1;-5;-1;-5;-1;-5;-1;-5;-1;-5;-1;-2;-1;-1;-1;0;0;-1;0;-1;-1;1;-1;4;-1;11;-2;11;-1;12;0;11;1;11;2;11;3;11;4;10;5;10;6;10;7;10;7;9;7;8;7;7;8;7;8;6;9;5;9;5;9;4;9;3;9;2;9;1;9;0;9;0;10;-1;10;-1;9;-1;9;-2;9;-113;0;-32;3;-31;3;-30;4;-29;4;-28;5;-27;5;-26;5;-25;6;-23;6;-22;6;-22;7;-21;8;-21;8;-20;9;-20;9;-20;9;-19;9;-19;9;-19;8;-19;8;-18;8;-18;8;-18;7;-18;7;-18;7;-18;6;-18;5;-18;5;-7;1;-2;0;0;-1;1;-1;0;-1;-2;0;-6;1;-17;4;-18;3;-19;3;-19;3;-20;2;-21;2;-21;1;-22;1;-23;1;-24;0;-24;0;-25;0;-25;0;-26;-1;-26;-1;-26;-1;-26;-1;-27;0;-27;0;-28;0;-29;1;-30;1;-30;1;-31;2;-31;2;-32;3;-33;3;-33;4,empty,EXP_S143,ZONE_02,entree_zone,4.1,entree_zone,entree dans la zone
632250868,-53,6,a0:9f:7a:73:2b:3e,384,-110;-96;8;0;-9;-39;-7;-38;-5;-35;-4;-31;-5;-26;-6;-21;-9;-17;-13;-14;-17;-12;-20;-11;-23;-11;-25;-12;-25;-14;-25;-15;-24;-16;-22;-16;-19;-15;-17;-13;-16;-11;-15;-8;-15;-5;-15;-2;-16;0;-18;1;-19;2;-5;0;0;0;0;0;0;0;0;0;0;0;0;0;0;0;0;0;0;0;4;-6;20;-22;23;-20;26;-16;27;-12;26;-9;23;-6;19;-5;14;-6;9;-8;6;-13;4;-18;4;-24;6;-28;9;-32;13;-33;16;-33;18;-32;19;-29;18;-27;15;-24;11;-23;6;-22;1;-23;-4;-26;-8;-29;-10;-32;-113;0;-7;-5;-8;-6;-8;-6;-7;-6;-6;-5;-5;-5;-4;-6;-3;-7;-3;-7;-3;-7;-3;-7;-3;-7;-2;-6;-1;-7;0;-7;0;-7;0;-7;0;-7;-1;-7;0;-6;0;-6;1;-6;1;-6;1;-6;1;-6;1;-6;1;-5;1;-5;0;-2;0;-1;-1;0;-1;-1;-1;-1;0;1;0;4;1;11;1;12;0;12;-1;11;-1;11;-3;11;-4;10;-5;11;-6;11;-7;11;-7;10;-7;9;-7;8;-8;7;-9;6;-10;6;-10;5;-10;5;-9;5;-9;4;-9;2;-9;1;-10;0;-10;0;-10;-1;-10;-1;-9;-1;-9;-2;-113;0;-5;-31;-5;-30;-6;-29;-6;-28;-7;-27;-7;-26;-8;-25;-8;-24;-8;-23;-9;-22;-9;-21;-10;-21;-10;-20;-10;-20;-10;-20;-10;-19;-10;-19;-10;-19;-10;-19;-10;-19;-10;-18;-9;-18;-9;-18;-8;-18;-8;-18;-7;-18;-6;-18;-6;-18;-2;-7;-1;-2;0;0;0;1;0;0;-1;-2;-2;-6;-5;-17;-5;-17;-5;-17;-4;-18;-4;-19;-4;-20;-3;-21;-3;-22;-3;-22;-3;-23;-3;-24;-2;-24;-2;-25;-1;-25;-1;-25;-1;-26;-1;-26;-1;-26;-2;-27;-2;-28;-3;-28;-3;-29;-4;-29;-4;-30;-5;-30;-5;-31;-6;-32;-6;-32,empty,EXP_S143,ZONE_02,entree_zone,4.1,entree_zone,entree dans la zone
632452216,-53,6,a0:9f:7a:73:2b:3e,384,-110;-96;8;0;-5;39;-7;38;-7;34;-6;31;-5;27;-2;23;2;20;6;18;10;17;13;17;15;18;17;19;18;20;17;21;16;21;14;20;13;19;12;17;11;14;11;11;12;9;13;7;15;5;17;5;18;5;4;1;0;0;0;0;0;0;0;0;0;0;0;0;0;0;0;0;0;0;-7;3;-27;14;-30;12;-31;7;-31;3;-29;0;-25;-2;-21;-2;-16;0;-13;4;-10;9;-10;15;-12;21;-16;25;-20;28;-24;28;-27;27;-29;25;-29;22;-28;20;-25;18;-20;18;-15;18;-10;21;-6;25;-3;29;-1;33;-109;0;5;6;4;6;4;6;3;6;2;6;1;6;1;6;0;6;0;6;-1;6;-1;5;-1;5;-1;5;-2;4;-3;4;-3;4;-3;4;-3;4;-3;4;-3;3;-3;3;-4;3;-4;3;-4;3;-4;3;-4;2;-4;2;-4;2;-2;0;-1;0;0;-1;-1;0;-1;0;0;-2;1;-5;3;-12;4;-12;5;-12;6;-11;6;-11;7;-10;8;-9;9;-8;9;-8;10;-7;10;-7;10;-6;10;-5;10;-4;10;-3;11;-2;11;-2;11;-1;10;-1;9;0;9;1;9;1;9;2;9;3;8;3;8;3;7;3;7;4;-109;0;-11;30;-11;29;-10;28;-9;27;-8;26;-8;26;-7;25;-6;24;-5;23;-4;22;-3;22;-2;22;-2;22;-2;21;-1;21;-1;21;-1;20;-1;20;-1;20;-1;20;-1;19;-1;19;-1;19;-2;18;-2;18;-3;18;-4;18;-4;18;-2;6;-1;1;0;-1;0;-2;0;-1;-1;1;-2;6;-4;17;-5;17;-5;17;-6;17;-7;18;-7;19;-8;19;-9;20;-9;20;-10;21;-10;21;-11;22;-11;22;-12;22;-12;22;-12;22;-12;23;-12;23;-12;24;-12;25;-12;26;-12;27;-12;27;-12;28;-12;29;-12;30;-12;30;-12;31,empty,EXP_S143,ZONE_02,entree_zone,4.1,entree_zone,entree dans la zone
632655086,-54,6,a0:9f:7a:73:2b:3e,384,-110;-96;8;0;24;-13;23;-11;22;-10;19;-9;16;-9;13;-9;10;-10;7;-12;6;-14;5;-16;4;-18;5;-19;6;-19;7;-19;7;-18;7;-17;7;-15;6;-14;4;-13;3;-12;1;-12;-1;-12;-2;-12;-3;-13;-3;-14;-1;-4;0;0;0;0;0;0;0;0;0;0;0;0;0;0;0;0;0;0;5;1;20;6;19;9;18;12;16;14;13;14;10;14;8;11;7;8;8;4;10;1;12;-2;16;-3;20;-3;23;-2;25;0;26;2;25;4;24;5;22;5;20;4;18;2;17;-1;16;-4;17;-8;18;-11;20;-13;-115;0;3;-11;3;-11;3;-11;3;-10;3;-9;4;-7;5;-6;6;-5;7;-5;7;-5;7;-5;6;-5;6;-3;7;-2;7;-1;8;-1;8;-1;8;-1;7;-1;6;-1;6;0;5;1;6;1;6;1;6;0;6;0;6;0;6;0;2;0;0;0;-1;-1;0;-1;0;-1;-2;1;-6;2;-15;8;-16;7;-16;6;-17;5;-17;4;-16;2;-17;0;-17;-2;-18;-3;-18;-4;-18;-4;-17;-4;-16;-5;-14;-7;-13;-8;-13;-10;-13;-10;-12;-10;-11;-10;-10;-9;-8;-9;-6;-10;-5;-12;-5;-13;-5;-13;-4;-12;-4;-11;-3;-11;-115;0;41;-18;40;-18;38;-19;36;-19;35;-18;34;-18;32;-18;30;-18;28;-18;26;-18;25;-19;24;-19;24;-20;23;-20;23;-20;22;-20;22;-20;21;-20;21;-19;21;-19;21;-18;21;-18;21;-17;21;-17;21;-16;22;-15;23;-14;23;-13;8;-5;2;-2;-1;0;-2;0;-1;0;2;-2;7;-6;20;-15;21;-15;22;-14;23;-14;24;-14;25;-13;26;-13;28;-13;29;-12;30;-12;31;-13;32;-13;32;-12;33;-12;34;-12;34;-12;34;-12;35;-12;35;-13;36;-14;37;-14;39;-15;39;-16;40;-16;40;-18;40;-19;41;-19;42;-20,empty,EXP_S143,ZONE_02,entree_zone,4.1,entree_zone,entree dans la zone
632854624,-53,6,a0:9f:7a:73:2b:3e,384,-110;-96;8;0;-3;-40;-1;-38;0;-35;0;-31;-2;-27;-4;-23;-7;-20;-11;-18;-14;-16;-17;-16;-19;-16;-21;-17;-21;-19;-21;-19;-20;-20;-18;-19;-17;-18;-15;-16;-15;-14;-15;-11;-15;-9;-16;-7;-17;-6;-19;-5;-20;-5;-5;-2;0;0;0;0;0;0;0;0;0;0;0;0;0;0;0;0;0;0;4;-6;20;-23;23;-21;26;-18;28;-14;27;-10;24;-7;20;-6;15;-6;11;-9;8;-13;6;-18;6;-24;8;-29;12;-32;15;-33;19;-33;21;-31;21;-29;20;-27;18;-24;14;-23;9;-23;4;-25;0;-27;-4;-31;-5;-34;-115;0;-7;-5;-6;-5;-6;-5;-5;-6;-5;-6;-4;-6;-3;-6;-3;-6;-2;-6;-2;-6;-2;-6;-2;-6;-1;-6;-1;-5;0;-6;0;-6;0;-6;1;-6;1;-5;1;-5;1;-5;1;-5;1;-5;1;-5;1;-5;1;-4;1;-4;1;-4;0;-2;0;-1;-1;0;-1;-1;0;-1;0;1;0;4;0;11;-1;11;-2;11;-2;11;-3;11;-4;10;-5;10;-6;10;-7;9;-7;9;-8;8;-8;8;-8;7;-9;6;-9;5;-10;4;-10;4;-10;3;-10;3;-9;2;-9;2;-9;1;-9;0;-9;0;-9;-1;-9;-1;-8;-2;-8;-2;-115;0;-1;-32;-1;-32;-2;-31;-2;-30;-3;-28;-3;-27;-4;-26;-4;-25;-5;-24;-6;-23;-7;-22;-7;-21;-8;-21;-8;-21;-8;-21;-8;-21;-8;-21;-8;-20;-8;-20;-8;-20;-8;-20;-8;-19;-7;-19;-7;-19;-7;-19;-6;-19;-5;-20;-4;-20;-2;-7;-1;-3;0;0;0;1;0;0;-1;-2;-1;-7;-3;-19;-2;-19;-2;-19;-1;-20;-1;-20;0;-21;0;-22;0;-23;1;-24;1;-24;2;-25;2;-26;2;-26;2;-26;3;-26;3;-27;3;-27;3;-27;2;-28;2;-28;2;-29;1;-30;1;-30;0;-31;0;-32;-1;-32;-1;-33;-1;-34,empty,EXP_S143,ZONE_02,entree_zone,4.1,entree_zone,entree dans la zone
633052485,-53,6,a0:9f:7a:73:2b:3e,384,-110;-96;8;0;33;-23;32;-21;30;-19;26;-17;22;-16;17;-16;13;-17;8;-18;5;-20;3;-23;2;-25;2;-28;3;-29;4;-28;5;-27;5;-25;5;-23;4;-21;2;-19;0;-18;-3;-17;-5;-16;-7;-16;-8;-17;-9;-19;-3;-5;0;0;0;0;0;0;0;0;0;0;0;0;0;0;0;0;0;0;7;2;29;11;29;15;26;19;23;22;19;22;15;20;12;17;10;12;11;6;14;1;18;-3;23;-5;29;-5;34;-4;37;-1;38;2;38;5;36;6;33;7;30;5;27;2;24;-2;22;-8;22;-13;24;-18;26;-22;-104;0;0;-8;0;-8;1;-8;2;-7;2;-7;3;-6;3;-6;3;-5;4;-5;4;-5;4;-4;4;-4;4;-4;4;-3;4;-3;4;-3;4;-2;4;-2;4;-2;4;-2;4;-2;4;-1;4;-1;4;-1;4;-1;4;-1;4;-1;3;-1;1;-1;0;0;-1;0;0;-1;0;-1;-2;0;-5;1;-12;3;-12;3;-13;2;-13;1;-13;0;-13;-1;-13;-2;-13;-3;-13;-3;-13;-4;-12;-5;-12;-6;-11;-6;-11;-7;-10;-7;-9;-7;-9;-8;-8;-8;-8;-8;-7;-8;-7;-8;-6;-9;-5;-9;-5;-9;-4;-9;-3;-9;-3;-9;-2;-9;-104;0;28;-15;27;-16;26;-16;25;-16;24;-16;22;-16;21;-16;19;-16;18;-16;17;-16;16;-17;15;-17;14;-17;14;-17;13;-17;13;-18;12;-18;12;-18;12;-18;12;-17;11;-17;11;-17;11;-17;11;-16;11;-16;12;-15;12;-15;13;-14;4;-5;1;-2;-1;0;-2;0;-1;0;1;-1;6;-3;16;-8;17;-8;17;-7;18;-7;19;-6;19;-6;20;-7;21;-7;22;-7;23;-7;23;-7;24;-7;24;-7;25;-7;25;-7;25;-7;26;-7;26;-8;26;-8;27;-9;27;-10;28;-11;28;-12;28;-13;29;-14;29;-15;29;-15;29;-16,empty,EXP_S143,ZONE_02,entree_zone,4.1,entree_zone,entree dans la zone
633252019,-53,6,a0:9f:7a:73:2b:3e,384,-110;-96;8;0;-9;-40;-7;-38;-6;-35;-5;-31;-6;-26;-8;-21;-10;-17;-14;-15;-17;-13;-21;-12;-23;-13;-25;-14;-25;-15;-25;-16;-23;-17;-21;-16;-19;-15;-17;-13;-16;-10;-15;-8;-16;-5;-17;-3;-18;-1;-19;-1;-21;-1;-6;-1;0;0;0;0;0;0;0;0;0;0;0;0;0;0;0;0;0;0;4;-7;18;-26;21;-24;24;-21;26;-17;25;-13;22;-10;18;-8;13;-9;9;-11;5;-15;3;-20;3;-26;5;-30;7;-34;11;-36;14;-36;16;-34;17;-32;16;-29;13;-26;9;-24;4;-24;-1;-25;-6;-27;-10;-30;-12;-33;-109;0;-8;-6;-8;-6;-7;-6;-7;-6;-6;-6;-5;-6;-4;-6;-3;-7;-3;-7;-3;-7;-3;-7;-2;-6;-2;-6;-1;-6;0;-6;0;-7;0;-7;0;-7;0;-6;1;-6;1;-5;2;-5;2;-5;2;-5;2;-5;2;-5;1;-5;1;-4;0;-2;0;-1;-1;0;-1;-1;-1;-1;0;1;1;4;2;11;2;11;1;12;0;12;-1;11;-2;11;-3;11;-4;11;-5;11;-6;11;-6;10;-7;9;-7;8;-8;7;-9;6;-10;6;-10;5;-10;5;-9;5;-9;4;-9;2;-9;1;-10;0;-10;0;-10;0;-10;-1;-9;-1;-8;-2;-109;0;-6;-32;-7;-31;-7;-30;-7;-29;-8;-28;-8;-27;-8;-26;-8;-25;-8;-24;-9;-23;-10;-21;-10;-21;-10;-20;-10;-20;-10;-20;-10;-20;-10;-19;-10;-19;-10;-19;-10;-19;-9;-19;-9;-19;-9;-19;-8;-18;-8;-18;-7;-19;-6;-19;-5;-19;-2;-7;-1;-3;0;0;0;1;0;0;-1;-2;-3;-6;-8;-17;-8;-17;-7;-18;-7;-19;-6;-20;-6;-21;-6;-21;-5;-22;-5;-23;-5;-24;-5;-25;-5;-25;-4;-26;-4;-26;-4;-26;-3;-26;-3;-27;-3;-27;-4;-28;-4;-28;-5;-29;-5;-30;-5;-30;-6;-31;-6;-32;-7;-32;-7;-32;-8;-32,empty,EXP_S143,ZONE_02,entree_zone,4.1,entree_zone,entree dans la zone
633452565,-52,6,a0:9f:7a:73:2b:3e,384,-110;-96;8;0;40;4;38;6;35;7;30;6;25;4;21;1;18;-3;16;-8;15;-12;14;-16;15;-19;16;-21;17;-21;19;-21;19;-20;19;-18;17;-16;15;-15;13;-13;10;-13;7;-13;4;-14;2;-16;1;-18;1;-19;0;-5;0;0;0;0;0;0;0;0;0;0;0;0;0;0;0;0;0;0;2;7;8;29;5;30;0;31;-4;29;-6;26;-7;22;-6;17;-2;14;3;11;9;10;15;11;20;14;24;18;25;22;25;27;23;29;20;31;18;30;16;27;15;23;15;18;17;13;20;8;25;3;30;1;34;0;-115;0;6;-8;6;-8;6;-8;5;-7;5;-6;5;-5;5;-4;6;-3;6;-3;6;-3;6;-3;6;-3;5;-2;5;-1;5;-1;6;0;6;0;6;0;5;0;5;0;4;0;4;1;4;1;4;1;4;1;4;1;4;1;3;1;1;0;0;0;-1;-1;0;0;0;0;-2;0;-5;-1;-13;-1;-13;-2;-13;-3;-13;-4;-12;-4;-11;-5;-11;-7;-11;-8;-11;-9;-10;-9;-10;-10;-9;-10;-8;-10;-6;-11;-5;-11;-5;-12;-5;-12;-4;-12;-4;-11;-3;-11;-2;-10;-1;-11;0;-11;1;-12;1;-11;2;-11;2;-10;2;-10;-115;0;30;-2;30;-2;29;-3;28;-4;27;-4;26;-5;25;-5;24;-5;22;-6;21;-6;20;-7;20;-7;20;-8;19;-8;19;-8;19;-8;18;-9;18;-9;18;-9;18;-9;18;-8;17;-8;17;-8;17;-7;17;-7;17;-6;17;-5;17;-4;6;-2;1;-1;-1;0;-2;0;-1;0;1;-1;6;-1;17;-3;17;-3;17;-2;18;-2;19;-1;19;-1;20;-1;21;0;21;0;22;0;23;0;24;1;24;2;24;2;25;2;25;2;25;2;25;1;26;1;27;0;28;0;28;0;29;0;30;-1;30;-1;31;-2;31;-2;32;-2,empty,EXP_S143,ZONE_02,entree_zone,4.1,entree_zone,entree dans la zone
633656825,-52,6,a0:9f:7a:73:2b:3e,384,-110;-96;8;0;-17;37;-18;34;-17;30;-15;26;-12;22;-8;18;-2;16;3;15;8;15;12;16;15;17;16;19;17;21;16;22;14;23;13;22;11;20;10;18;9;15;9;11;10;8;11;6;13;4;15;3;17;2;4;0;0;0;0;0;0;0;0;0;0;0;0;0;0;0;0;0;0;0;-8;-1;-29;-5;-29;-9;-28;-12;-25;-15;-21;-15;-17;-14;-14;-10;-12;-6;-12;0;-13;6;-17;11;-22;14;-27;15;-31;15;-35;13;-36;11;-36;8;-34;6;-31;5;-26;5;-21;7;-16;11;-13;16;-10;22;-9;28;-9;32;-114;0;1;10;1;10;0;9;-1;9;-1;9;-2;8;-2;8;-3;8;-3;7;-3;7;-4;7;-4;6;-4;6;-5;6;-5;5;-5;5;-5;5;-5;4;-5;4;-5;4;-5;3;-5;3;-5;3;-6;3;-6;2;-6;2;-5;2;-5;2;-2;0;-1;0;0;-1;-1;0;-1;0;0;-2;2;-4;7;-9;8;-9;8;-8;9;-7;10;-6;10;-5;11;-5;11;-4;12;-3;12;-2;12;-1;11;0;11;1;11;2;10;2;10;3;10;4;9;5;9;5;9;6;8;7;7;7;7;8;6;8;6;8;5;9;5;9;4;9;-114;0;-19;23;-19;23;-18;22;-17;22;-16;21;-15;21;-14;20;-13;20;-12;19;-11;19;-10;19;-9;18;-9;18;-9;18;-8;18;-8;18;-8;18;-8;18;-8;17;-8;17;-8;17;-8;16;-8;16;-8;16;-8;16;-9;15;-10;15;-10;14;-4;5;-2;1;0;-1;0;-1;0;-1;-1;1;-3;5;-7;14;-8;14;-9;14;-10;14;-10;15;-11;15;-12;15;-13;16;-13;16;-14;17;-15;17;-15;17;-16;17;-17;17;-17;17;-18;17;-18;18;-18;18;-18;19;-18;19;-18;20;-19;21;-19;21;-19;22;-19;23;-19;23;-20;24;-20;24,empty,EXP_S143,ZONE_02,entree_zone,4.1,entree_zone,entree dans la zone
633852415,-52,6,a0:9f:7a:73:2b:3e,384,-110;-96;8;0;-11;-40;-9;-39;-7;-35;-6;-31;-7;-26;-9;-22;-12;-18;-16;-16;-19;-14;-22;-14;-25;-15;-27;-16;-27;-17;-25;-18;-23;-19;-21;-18;-19;-17;-17;-14;-16;-11;-16;-8;-16;-5;-17;-3;-19;-2;-21;-1;-23;-2;-6;-1;0;0;0;0;0;0;0;0;0;0;0;0;0;0;0;0;0;0;3;-7;15;-27;19;-26;23;-23;25;-19;25;-15;23;-11;19;-9;14;-9;9;-10;5;-14;2;-19;1;-25;3;-30;5;-34;9;-36;12;-37;14;-36;15;-34;15;-31;13;-28;9;-26;4;-25;-1;-26;-6;-28;-10;-31;-12;-35;-108;0;-6;-5;-6;-5;-6;-6;-5;-6;-4;-6;-4;-7;-3;-7;-2;-7;-2;-7;-1;-7;-1;-7;0;-7;0;-7;1;-7;1;-7;2;-7;2;-7;2;-7;2;-6;2;-6;3;-6;3;-5;3;-5;3;-5;3;-5;3;-5;3;-4;3;-4;1;-2;0;-1;-1;0;-1;-1;-1;-1;0;1;1;4;3;11;2;12;1;12;0;12;-1;12;-2;12;-3;12;-4;11;-5;11;-6;11;-6;10;-7;10;-7;9;-8;8;-9;7;-9;6;-9;5;-9;5;-9;4;-9;3;-9;2;-9;2;-9;1;-9;0;-9;-1;-9;-1;-8;-2;-8;-2;-108;0;-4;-33;-4;-33;-5;-32;-5;-31;-5;-30;-6;-29;-6;-28;-7;-27;-7;-26;-7;-25;-7;-24;-8;-23;-8;-23;-8;-23;-9;-23;-9;-22;-8;-22;-8;-22;-8;-21;-8;-21;-8;-21;-7;-21;-7;-21;-6;-20;-5;-20;-4;-20;-3;-20;-2;-20;-1;-8;0;-3;0;0;0;1;0;0;-1;-2;-3;-7;-6;-18;-6;-18;-5;-19;-4;-19;-4;-20;-4;-21;-4;-22;-3;-23;-3;-24;-3;-24;-2;-25;-2;-26;-1;-26;-1;-27;-1;-27;-1;-27;-1;-27;-1;-28;-1;-28;-2;-29;-2;-30;-3;-30;-3;-31;-4;-32;-4;-33;-4;-33;-4;-34;-4;-34,empty,EXP_S143,ZONE_02,entree_zone,4.1,entree_zone,entree dans la zone
634052403,-52,6,a0:9f:7a:73:2b:3e,384,-110;-96;8;0;-36;-18;-34;-19;-30;-18;-27;-16;-24;-13;-21;-9;-20;-5;-20;-1;-20;3;-21;6;-23;8;-25;9;-26;9;-27;8;-26;7;-25;6;-23;5;-21;4;-18;5;-15;6;-13;7;-12;9;-11;11;-11;13;-12;14;-3;3;0;0;0;0;0;0;0;0;0;0;0;0;0;0;0;0;0;0;-2;-8;-6;-30;-3;-31;2;-32;6;-30;8;-27;9;-23;8;-19;5;-16;0;-14;-6;-13;-11;-15;-15;-19;-18;-23;-19;-28;-19;-32;-17;-34;-14;-35;-12;-34;-10;-32;-10;-29;-11;-24;-13;-20;-17;-17;-22;-14;-27;-13;-31;-13;-111;0;-8;3;-8;3;-8;2;-7;2;-7;1;-7;1;-6;0;-7;-1;-7;-2;-7;-2;-7;-2;-6;-2;-6;-2;-5;-3;-5;-3;-5;-4;-5;-4;-5;-4;-5;-4;-5;-3;-4;-4;-4;-4;-3;-4;-3;-4;-4;-4;-4;-4;-3;-4;-3;-3;-1;-2;-1;-1;0;0;-1;-1;-1;-1;1;0;3;1;10;5;10;5;9;6;9;7;8;7;7;8;7;9;6;9;6;10;5;11;5;11;4;11;3;10;2;10;0;10;0;10;-1;10;-1;10;-1;10;-2;9;-2;8;-3;8;-4;8;-5;8;-5;7;-5;7;-5;6;-5;5;-111;0;-28;-14;-28;-14;-28;-13;-27;-12;-27;-11;-26;-10;-25;-9;-24;-8;-23;-7;-23;-6;-22;-5;-22;-4;-22;-4;-22;-3;-22;-3;-21;-3;-21;-3;-21;-2;-20;-2;-20;-2;-20;-2;-20;-2;-19;-3;-19;-3;-19;-3;-18;-4;-18;-4;-18;-5;-7;-2;-2;-1;0;0;1;0;0;0;-2;-1;-6;-3;-16;-7;-16;-8;-17;-9;-17;-9;-17;-10;-18;-10;-18;-11;-19;-12;-19;-12;-20;-13;-20;-14;-20;-14;-20;-15;-21;-15;-21;-16;-21;-16;-21;-16;-22;-15;-23;-15;-24;-15;-25;-15;-26;-15;-26;-15;-27;-15;-28;-15;-28;-15;-29;-15;-30;-15,empty,EXP_S143,ZONE_02,entree_zone,4.1,entree_zone,entree dans la zone
634252259,-53,6,a0:9f:7a:73:2b:3e,384,-110;-96;8;0;-38;-15;-36;-16;-33;-16;-29;-14;-25;-11;-22;-8;-20;-3;-19;1;-19;5;-20;9;-22;11;-23;12;-25;12;-26;11;-26;10;-25;8;-23;7;-20;6;-17;6;-15;7;-12;8;-10;10;-9;12;-9;14;-10;15;-3;4;0;0;0;0;0;0;0;0;0;0;0;0;0;0;0;0;0;0;-3;-8;-9;-29;-6;-31;-2;-32;2;-31;5;-28;7;-24;6;-20;2;-16;-2;-14;-8;-13;-13;-14;-18;-17;-21;-21;-23;-26;-22;-30;-21;-33;-18;-34;-15;-33;-13;-31;-13;-27;-13;-23;-16;-18;-20;-14;-24;-11;-29;-10;-33;-10;-117;0;-9;2;-9;1;-9;1;-9;1;-8;0;-7;-1;-7;-2;-7;-3;-7;-3;-7;-3;-7;-3;-6;-3;-6;-3;-5;-4;-5;-5;-5;-5;-5;-5;-5;-5;-4;-5;-4;-5;-3;-5;-3;-5;-2;-5;-2;-5;-2;-5;-2;-5;-2;-5;-2;-5;-1;-2;-1;-1;0;0;-1;-1;-1;-1;1;0;3;1;10;5;10;6;9;7;8;7;8;8;7;9;6;9;5;10;4;11;4;11;3;11;2;11;1;11;0;10;-1;10;-2;10;-3;10;-3;10;-3;9;-4;9;-5;8;-5;7;-6;7;-7;7;-7;7;-7;6;-7;6;-7;5;-117;0;-25;-20;-25;-20;-24;-19;-24;-18;-23;-17;-23;-16;-22;-15;-21;-14;-21;-13;-20;-12;-20;-11;-20;-10;-20;-10;-20;-9;-20;-9;-20;-9;-19;-9;-19;-9;-19;-9;-18;-9;-18;-9;-17;-9;-17;-9;-17;-9;-16;-9;-16;-10;-16;-10;-15;-11;-6;-4;-2;-2;0;0;1;0;0;0;-2;-1;-6;-3;-17;-8;-17;-8;-17;-9;-17;-10;-17;-10;-18;-11;-18;-12;-18;-13;-19;-14;-19;-15;-19;-15;-19;-16;-19;-16;-20;-17;-20;-18;-20;-18;-20;-18;-20;-18;-21;-18;-22;-19;-22;-19;-23;-19;-24;-19;-24;-20;-25;-20;-26;-20;-26;-20;-27;-20,empty,EXP_S143,ZONE_02,entree_zone,4.1,entree_zone,entree dans la zone
634452299,-53,6,a0:9f:7a:73:2b:3e,384,-110;-96;8;0;-40;-9;-38;-10;-34;-11;-30;-10;-26;-7;-23;-4;-20;0;-19;4;-18;8;-18;12;-20;14;-21;16;-22;16;-23;15;-23;14;-22;12;-21;11;-19;10;-16;9;-13;10;-11;10;-8;12;-7;14;-6;15;-6;17;-2;4;0;0;0;0;0;0;0;0;0;0;0;0;0;0;0;0;0;0;-4;-7;-12;-28;-9;-31;-4;-32;0;-31;3;-29;5;-25;4;-21;2;-16;-3;-13;-9;-11;-14;-12;-20;-14;-24;-18;-26;-23;-26;-27;-24;-30;-22;-32;-19;-31;-17;-29;-16;-26;-16;-21;-17;-17;-20;-12;-25;-8;-30;-5;-34;-5;-104;0;-8;4;-8;4;-8;3;-8;3;-7;2;-7;1;-7;0;-7;0;-7;-1;-7;-1;-7;-1;-6;-1;-6;-2;-6;-2;-6;-3;-6;-3;-6;-3;-6;-3;-5;-3;-5;-3;-4;-3;-4;-4;-4;-4;-4;-4;-4;-4;-4;-4;-4;-3;-4;-3;-2;-1;-1;-1;0;0;-1;-1;-1;-1;1;0;4;1;11;4;11;4;10;5;10;6;9;6;8;7;8;8;7;9;7;10;6;10;6;10;5;10;4;10;2;10;1;10;1;10;0;11;0;10;0;10;-1;9;-2;9;-3;8;-4;8;-5;9;-5;8;-5;8;-5;7;-5;6;-104;0;-30;-12;-29;-11;-28;-11;-28;-10;-27;-9;-26;-8;-26;-7;-25;-6;-24;-5;-23;-4;-23;-3;-22;-3;-22;-2;-22;-2;-22;-2;-21;-1;-21;-1;-21;-1;-21;-1;-20;-1;-20;-1;-20;-1;-19;-1;-19;-1;-18;-2;-18;-2;-18;-3;-18;-4;-7;-2;-2;-1;0;0;1;0;0;0;-2;-1;-7;-2;-17;-5;-17;-6;-17;-6;-18;-7;-18;-8;-19;-9;-19;-9;-20;-10;-20;-11;-21;-11;-21;-11;-22;-12;-22;-12;-22;-13;-22;-13;-22;-13;-23;-13;-23;-13;-24;-13;-25;-13;-26;-13;-27;-13;-28;-13;-28;-12;-29;-12;-30;-12;-31;-12;-31;-12,empty,EXP_S143,ZONE_02,entree_zone,4.1,entree_zone,entree dans la zone
634652401,-53,6,a0:9f:7a:73:2b:3e,384,-110;-96;8;0;-35;22;-34;19;-32;17;-28;15;-23;14;-19;14;-14;16;-10;18;-7;20;-5;23;-5;26;-5;28;-7;28;-8;28;-9;27;-9;25;-9;22;-8;20;-5;18;-3;17;0;16;2;15;5;16;6;17;6;19;1;4;0;0;0;0;0;0;0;0;0;0;0;0;0;0;0;0;0;0;-8;-2;-30;-8;-30;-12;-28;-16;-25;-19;-21;-20;-17;-19;-14;-16;-13;-11;-13;-6;-16;-1;-19;3;-24;5;-30;6;-34;4;-38;1;-39;-2;-38;-4;-36;-6;-33;-6;-30;-4;-28;-1;-25;3;-24;8;-24;14;-26;19;-28;22;-108;0;-4;7;-4;6;-4;6;-5;5;-5;5;-6;4;-6;4;-6;3;-6;3;-6;2;-6;2;-6;2;-6;1;-6;1;-6;1;-6;0;-6;0;-6;0;-6;-1;-6;-1;-6;-1;-6;-1;-5;-1;-5;-1;-5;-2;-5;-2;-5;-2;-5;-2;-2;-1;-1;-1;0;0;-1;0;-1;-1;1;-1;3;-1;11;-3;11;-2;11;-1;11;0;11;1;11;2;11;2;11;3;10;4;10;4;10;5;9;6;8;6;8;7;7;7;6;7;6;8;5;8;4;8;4;8;3;8;2;8;2;8;1;8;0;8;0;8;-1;8;-2;8;-108;0;-32;9;-31;9;-30;9;-29;10;-28;10;-27;10;-25;11;-24;11;-23;11;-22;11;-21;12;-21;12;-20;12;-19;13;-19;13;-18;13;-18;13;-18;13;-18;13;-17;13;-17;12;-17;12;-16;11;-16;11;-17;11;-17;10;-17;9;-17;9;-7;3;-2;0;0;-1;1;-1;0;-1;-2;0;-7;1;-18;4;-18;4;-19;3;-19;3;-20;3;-21;3;-22;3;-23;3;-23;3;-24;3;-25;2;-25;2;-26;1;-26;1;-27;1;-27;1;-27;2;-28;2;-28;3;-29;4;-29;5;-30;5;-31;6;-31;6;-32;7;-32;7;-33;8;-33;8,empty,EXP_S143,ZONE_02,entree_zone,4.1,entree_zone,entree dans la zone
634852666,-53,6,a0:9f:7a:73:2b:3e,384,-110;-96;8;0;-27;31;-27;28;-25;25;-22;21;-17;19;-12;18;-7;18;-2;19;2;21;5;23;6;26;6;28;5;29;4;29;2;28;1;27;0;24;1;21;2;18;4;15;7;14;9;12;12;12;13;13;14;14;3;3;0;0;0;0;0;0;0;0;0;0;0;0;0;0;0;0;0;0;-8;-1;-30;-4;-30;-8;-29;-12;-26;-15;-22;-16;-18;-16;-15;-12;-13;-8;-13;-2;-14;3;-18;8;-23;11;-28;12;-32;11;-36;9;-37;6;-37;4;-35;2;-32;1;-29;2;-24;5;-21;9;-19;15;-18;20;-18;26;-20;29;-115;0;-1;8;-1;8;-2;8;-2;8;-3;7;-3;6;-4;6;-4;6;-5;6;-5;6;-5;5;-5;5;-5;4;-5;4;-6;3;-6;3;-6;3;-6;3;-6;3;-6;2;-6;2;-6;1;-6;1;-6;1;-6;1;-6;1;-6;1;-5;1;-2;0;-1;0;0;-1;-1;0;-1;0;0;-1;3;-3;8;-8;9;-7;9;-7;10;-6;10;-5;11;-4;11;-3;11;-2;11;-1;12;-1;11;0;11;0;10;1;10;2;10;3;9;4;9;5;8;5;8;5;7;5;6;6;6;6;5;7;5;7;4;8;4;8;3;8;2;8;-115;0;-22;23;-21;23;-20;23;-19;22;-18;22;-17;22;-16;21;-14;21;-13;21;-12;20;-11;20;-10;20;-10;20;-9;20;-9;20;-9;20;-9;20;-8;20;-8;20;-8;19;-8;19;-8;19;-8;18;-8;18;-9;17;-9;17;-10;17;-11;16;-4;6;-2;1;0;-1;0;-1;0;-1;-2;1;-5;4;-12;12;-12;12;-13;12;-14;12;-15;12;-15;12;-16;12;-17;13;-18;13;-18;13;-19;14;-20;14;-20;14;-21;14;-21;14;-21;14;-21;15;-21;15;-21;16;-21;17;-22;18;-22;19;-22;20;-23;21;-23;22;-23;22;-23;23;-23;24,empty,EXP_S143,ZONE_02,entree_zone,4.1,entree_zone,entree dans la zone
635052322,-53,6,a0:9f:7a:73:2b:3e,384,-110;-96;8;0;-5;-40;-3;-38;-2;-35;-2;-30;-3;-25;-6;-20;-9;-16;-13;-13;-17;-11;-21;-10;-25;-10;-27;-12;-27;-13;-27;-14;-25;-15;-23;-15;-21;-13;-19;-12;-17;-9;-16;-6;-15;-2;-16;1;-17;3;-19;5;-20;5;-6;1;0;0;0;0;0;0;0;0;0;0;0;0;0;0;0;0;0;0;6;-4;27;-12;29;-9;30;-5;29;0;27;3;23;4;18;3;13;0;10;-4;8;-10;7;-16;9;-22;13;-26;17;-29;21;-29;24;-28;25;-26;25;-23;23;-21;19;-19;14;-19;8;-19;2;-22;-3;-25;-6;-30;-8;-34;-118;0;-7;-7;-7;-8;-6;-8;-6;-8;-5;-7;-4;-7;-3;-8;-2;-8;-2;-8;-2;-8;-2;-8;-1;-8;-1;-7;0;-7;0;-7;1;-8;1;-8;1;-7;1;-7;1;-6;2;-6;2;-6;2;-6;2;-6;2;-6;2;-6;2;-5;2;-5;0;-2;0;-1;-1;0;0;-1;0;-1;-1;1;-1;4;-3;12;-4;12;-5;11;-6;11;-7;10;-7;10;-8;9;-9;9;-10;8;-11;8;-11;7;-11;7;-11;6;-11;5;-11;3;-12;3;-12;2;-12;2;-11;1;-11;0;-10;-1;-10;-2;-10;-3;-10;-3;-10;-4;-10;-4;-9;-4;-9;-4;-118;0;0;-31;0;-31;-1;-30;-1;-29;-2;-28;-3;-27;-3;-26;-4;-25;-5;-24;-6;-23;-7;-22;-8;-22;-8;-21;-9;-21;-9;-21;-9;-21;-9;-21;-9;-20;-9;-20;-8;-20;-8;-20;-8;-19;-8;-19;-8;-19;-7;-19;-7;-19;-6;-19;-5;-19;-2;-7;-1;-3;0;0;-1;1;-1;0;0;-2;0;-6;1;-17;2;-17;2;-17;3;-18;3;-18;4;-19;4;-20;5;-20;5;-21;5;-21;5;-22;5;-23;6;-23;6;-24;6;-24;6;-24;6;-24;5;-25;5;-26;5;-26;4;-27;4;-28;4;-29;3;-29;2;-30;1;-31;1;-32;0;-32,empty,EXP_S143,ZONE_02,entree_zone,4.1,entree_zone,entree dans la zone
635257380,-53,6,a0:9f:7a:73:2b:3e,384,-110;-96;8;0;-40;2;-38;0;-35;-1;-30;-1;-25;1;-21;3;-17;7;-14;11;-13;15;-13;18;-14;21;-15;23;-16;24;-17;23;-18;21;-18;19;-17;17;-14;16;-11;14;-8;13;-5;14;-3;15;-1;16;0;18;0;20;0;5;0;0;0;0;0;0;0;0;0;0;0;0;0;0;0;0;0;0;-5;-6;-16;-25;-13;-28;-9;-30;-5;-30;-1;-27;1;-24;1;-19;-1;-14;-5;-10;-11;-8;-17;-7;-22;-9;-27;-12;-29;-16;-30;-20;-29;-23;-27;-25;-24;-25;-22;-23;-20;-20;-19;-15;-19;-9;-22;-4;-25;1;-30;4;-33;5;-109;0;-7;6;-7;6;-7;6;-7;5;-6;4;-6;3;-7;1;-8;0;-8;0;-8;1;-8;1;-7;0;-7;-1;-6;-2;-7;-2;-7;-3;-7;-3;-7;-2;-7;-2;-6;-2;-5;-3;-4;-3;-5;-4;-5;-4;-5;-4;-5;-3;-5;-3;-4;-3;-2;-1;-1;-1;0;0;-1;0;-1;-1;1;-1;4;-1;11;-3;12;-2;12;-1;12;0;11;1;11;2;10;4;10;5;11;6;11;7;10;7;9;7;8;7;7;8;6;9;5;10;5;10;4;10;4;9;3;9;1;8;0;9;-2;9;-2;10;-2;10;-2;9;-2;8;-3;7;-109;0;-30;1;-30;1;-29;2;-28;2;-27;3;-27;3;-26;3;-24;4;-23;4;-22;4;-22;5;-22;6;-22;6;-21;6;-21;6;-21;6;-21;6;-20;6;-20;6;-20;6;-20;5;-20;5;-20;4;-19;4;-19;3;-19;2;-19;1;-19;1;-7;0;-3;-1;0;-1;0;-1;0;-1;-2;0;-6;1;-16;4;-17;3;-17;3;-18;3;-19;3;-19;2;-20;1;-21;1;-21;1;-22;1;-22;0;-23;0;-24;0;-24;-1;-24;-1;-24;-1;-25;-1;-25;-1;-26;0;-26;0;-27;0;-28;0;-29;0;-29;1;-30;1;-30;2;-31;2;-32;2,empty,EXP_S143,ZONE_02,entree_zone,4.1,entree_zone,entree dans la zone
635452461,-53,6,a0:9f:7a:73:2b:3e,384,-110;-96;8;0;21;-34;22;-31;21;-28;18;-24;14;-21;9;-20;3;-19;-2;-19;-5;-21;-8;-23;-10;-25;-10;-27;-9;-29;-8;-29;-6;-28;-5;-27;-4;-24;-4;-21;-5;-18;-7;-16;-9;-14;-11;-12;-13;-12;-15;-13;-17;-14;-5;-4;0;0;0;0;0;0;0;0;0;0;0;0;0;0;0;0;0;0;7;-1;29;0;29;4;29;9;26;12;22;14;18;13;15;10;12;6;11;0;12;-5;15;-10;20;-13;25;-15;29;-15;33;-13;35;-11;35;-8;33;-6;30;-5;26;-6;22;-8;18;-12;15;-17;14;-22;14;-27;15;-31;-116;0;-1;-9;-1;-9;0;-9;0;-9;1;-8;2;-7;3;-7;3;-7;4;-7;4;-6;4;-6;4;-6;4;-5;4;-4;5;-4;5;-4;5;-4;5;-4;5;-3;5;-3;5;-2;5;-2;5;-2;5;-2;5;-1;5;-1;5;-1;4;-1;1;-1;0;0;-1;0;0;-1;0;-1;-1;1;-3;3;-8;9;-8;9;-9;8;-10;7;-10;6;-11;6;-11;5;-12;4;-13;3;-13;2;-13;1;-13;0;-12;-1;-12;-2;-11;-3;-11;-4;-11;-4;-10;-5;-10;-5;-9;-6;-8;-6;-7;-7;-7;-8;-6;-8;-6;-9;-5;-9;-5;-9;-4;-8;-116;0;20;-24;19;-24;18;-23;18;-23;17;-22;16;-22;15;-22;14;-21;13;-21;12;-21;11;-20;10;-20;10;-20;9;-20;9;-20;9;-20;9;-20;9;-20;9;-20;9;-19;9;-19;9;-19;9;-18;10;-17;10;-17;11;-16;12;-16;12;-15;4;-6;1;-2;-1;0;-1;0;-1;0;0;-2;2;-6;7;-15;8;-15;9;-15;10;-15;11;-15;11;-15;12;-16;13;-16;13;-17;14;-17;15;-17;15;-17;16;-17;17;-17;17;-17;17;-17;17;-17;18;-18;18;-19;18;-19;18;-20;19;-21;19;-22;19;-23;19;-23;19;-24;20;-25;20;-25,empty,EXP_S143,ZONE_02,entree_zone,4.1,entree_zone,entree dans la zone
635652450,-53,6,a0:9f:7a:73:2b:3e,384,-110;-96;8;0;1;-41;3;-39;4;-36;3;-31;1;-26;-2;-22;-6;-20;-10;-18;-15;-17;-18;-17;-21;-18;-22;-20;-22;-22;-20;-23;-19;-23;-17;-22;-15;-20;-13;-18;-13;-15;-13;-12;-14;-9;-16;-7;-18;-5;-20;-5;-21;-6;-6;-2;0;0;0;0;0;0;0;0;0;0;0;0;0;0;0;0;0;0;5;-5;24;-18;26;-16;29;-12;29;-7;27;-4;23;-2;18;-2;14;-3;10;-7;8;-13;7;-18;9;-24;12;-28;16;-30;20;-31;23;-30;25;-27;25;-25;23;-22;19;-20;15;-20;9;-21;4;-24;0;-27;-2;-32;-3;-36;-105;0;-6;-8;-6;-8;-5;-8;-5;-8;-4;-7;-3;-7;-2;-7;-1;-8;-1;-8;0;-8;0;-8;0;-7;1;-7;1;-7;2;-7;2;-7;3;-7;3;-6;2;-6;3;-5;3;-5;3;-5;3;-4;4;-4;3;-4;3;-4;3;-4;3;-3;1;-1;0;-1;-1;0;-1;-1;0;-1;0;1;0;4;0;11;-1;11;-2;11;-3;11;-4;11;-5;10;-6;10;-7;10;-8;9;-8;9;-9;9;-9;8;-9;7;-10;5;-10;4;-11;4;-11;3;-11;2;-11;2;-10;1;-10;0;-10;-1;-10;-2;-10;-3;-10;-3;-9;-4;-8;-4;-8;-5;-105;0;1;-32;1;-32;0;-31;0;-30;0;-29;-1;-28;-1;-27;-2;-26;-2;-25;-3;-24;-3;-24;-4;-23;-4;-23;-5;-23;-5;-23;-5;-23;-4;-22;-4;-22;-4;-22;-4;-22;-3;-22;-3;-21;-3;-21;-2;-21;-2;-20;-1;-20;1;-20;2;-20;0;-8;0;-3;0;0;0;1;0;0;-1;-2;-2;-7;-4;-17;-4;-18;-3;-18;-2;-19;-2;-19;-1;-20;-1;-21;-1;-22;0;-23;0;-23;1;-24;1;-25;2;-25;2;-25;3;-25;3;-26;3;-26;2;-26;2;-27;2;-28;2;-29;2;-29;1;-30;1;-31;1;-32;1;-32;1;-33;1;-34,empty,EXP_S143,ZONE_02,entree_zone,4.1,entree_zone,entree dans la zone
635852370,-53,6,a0:9f:7a:73:2b:3e,384,-110;-96;8;0;-42;2;-40;0;-36;-1;-31;-1;-27;0;-22;3;-18;7;-16;11;-14;15;-14;19;-15;22;-17;24;-19;24;-20;23;-21;21;-20;19;-18;16;-16;15;-13;14;-10;13;-7;14;-4;15;-2;17;-2;19;-2;20;-1;5;0;0;0;0;0;0;0;0;0;0;0;0;0;0;0;0;0;0;-6;-6;-20;-23;-18;-26;-14;-29;-10;-29;-7;-27;-5;-24;-4;-20;-6;-15;-9;-11;-14;-8;-19;-7;-25;-8;-29;-11;-32;-15;-33;-19;-32;-22;-30;-24;-28;-24;-25;-22;-23;-18;-22;-14;-23;-8;-25;-3;-28;2;-33;5;-37;7;-107;0;-8;4;-8;4;-8;3;-8;3;-8;2;-8;1;-8;0;-8;0;-8;-1;-8;-1;-8;-1;-8;-2;-7;-2;-7;-3;-7;-3;-7;-3;-7;-4;-6;-4;-6;-4;-6;-4;-5;-4;-5;-4;-5;-4;-5;-4;-4;-4;-4;-4;-4;-4;-4;-4;-2;-2;-1;-1;0;0;-1;-1;-1;-1;1;0;3;0;10;2;10;3;10;4;10;5;9;5;9;6;8;7;8;8;7;9;6;9;6;9;5;10;4;10;3;10;2;10;1;10;1;10;0;10;-1;9;-1;9;-2;9;-3;8;-4;8;-5;8;-5;8;-6;7;-6;7;-6;6;-107;0;-32;-6;-32;-6;-31;-5;-30;-5;-29;-4;-28;-3;-27;-2;-27;-2;-26;-1;-25;0;-24;1;-24;2;-23;2;-23;3;-23;3;-23;3;-23;3;-22;3;-22;3;-22;2;-21;2;-21;2;-20;2;-20;2;-20;1;-20;0;-20;0;-20;-1;-8;-1;-3;-1;0;-1;1;0;0;0;-2;-1;-7;-1;-18;-2;-19;-2;-19;-3;-19;-4;-20;-4;-21;-5;-21;-6;-22;-6;-23;-7;-23;-7;-24;-8;-24;-8;-24;-8;-25;-9;-25;-9;-25;-9;-26;-9;-26;-9;-27;-9;-28;-8;-29;-8;-30;-8;-30;-8;-31;-7;-32;-7;-33;-7;-33;-6;-34;-6,empty,EXP_S143,ZONE_02,entree_zone,4.1,entree_zone,entree dans la zone
636059988,-53,6,a0:9f:7a:73:2b:3e,384,-110;-96;8;0;-13;39;-14;37;-14;33;-12;28;-9;25;-5;22;0;20;4;19;8;19;11;20;13;22;14;24;13;26;12;27;10;26;8;25;7;23;6;20;7;17;8;14;9;12;12;10;13;10;15;11;16;11;4;3;0;0;0;0;0;0;0;0;0;0;0;0;0;0;0;0;0;0;-7;3;-27;14;-29;12;-31;8;-30;4;-28;1;-24;-1;-20;0;-17;2;-14;6;-12;11;-13;16;-15;21;-19;24;-23;26;-27;26;-30;24;-31;22;-30;19;-28;17;-24;16;-20;17;-15;19;-11;23;-8;27;-7;32;-6;35;-110;0;2;8;2;8;2;8;1;7;1;7;0;6;-1;6;-2;6;-2;7;-3;7;-3;6;-3;6;-3;5;-4;5;-4;4;-5;4;-5;5;-5;5;-4;4;-4;4;-4;3;-5;2;-5;2;-5;2;-5;2;-5;2;-4;2;-4;2;-2;0;-1;0;0;-1;-1;0;-1;0;0;-2;1;-4;3;-11;4;-11;5;-10;5;-10;6;-9;7;-8;7;-8;8;-7;9;-7;10;-6;10;-6;10;-5;9;-4;9;-3;9;-1;10;-1;10;0;10;0;9;1;8;1;8;2;7;3;7;4;7;5;7;5;6;5;6;5;5;5;-110;0;-12;30;-12;29;-11;29;-10;28;-9;27;-9;26;-8;26;-7;25;-6;24;-5;23;-4;23;-4;22;-3;22;-3;22;-3;22;-3;22;-3;22;-3;21;-3;21;-3;21;-3;20;-3;20;-3;19;-4;19;-4;19;-5;18;-6;18;-7;18;-3;6;-1;2;0;-1;0;-2;0;-1;-1;1;-2;6;-4;17;-4;18;-5;18;-6;18;-6;19;-7;19;-8;20;-8;20;-9;21;-9;21;-10;22;-11;22;-11;23;-12;23;-12;23;-12;23;-12;23;-12;24;-12;25;-12;26;-13;26;-13;27;-13;28;-12;29;-12;29;-12;30;-12;31;-12;32,empty,EXP_S143,ZONE_02,entree_zone,4.1,entree_zone,entree dans la zone
636252340,-53,6,a0:9f:7a:73:2b:3e,384,-110;-96;8;0;41;-7;38;-5;35;-3;30;-3;25;-4;20;-6;16;-10;12;-14;10;-18;10;-21;10;-25;11;-26;13;-27;14;-27;15;-25;15;-23;14;-20;12;-18;9;-16;6;-15;2;-15;0;-16;-2;-17;-4;-19;-4;-20;-1;-6;0;0;0;0;0;0;0;0;0;0;0;0;0;0;0;0;0;0;4;6;17;25;14;27;10;29;6;29;3;26;1;23;1;18;3;13;7;9;13;7;18;7;24;8;28;11;31;14;32;18;31;21;29;23;26;22;23;21;21;17;20;12;21;6;23;0;26;-5;31;-8;34;-10;-118;0;5;-9;5;-8;5;-8;5;-7;6;-7;6;-6;6;-4;7;-4;7;-4;7;-4;7;-3;7;-3;6;-2;6;-1;6;-1;7;0;7;0;7;0;6;0;6;0;5;0;5;1;5;1;5;1;5;1;5;1;4;1;4;1;1;0;0;0;-1;-1;0;-1;0;0;-2;0;-5;0;-12;1;-12;1;-13;0;-12;-1;-12;-2;-12;-3;-12;-5;-12;-6;-12;-7;-12;-7;-11;-8;-10;-8;-9;-8;-8;-9;-7;-10;-6;-11;-6;-11;-6;-11;-5;-10;-4;-10;-3;-10;-1;-10;0;-11;0;-11;0;-11;1;-11;1;-10;2;-9;-118;0;31;-7;30;-8;29;-8;28;-8;27;-9;26;-9;24;-9;23;-9;22;-10;21;-10;20;-10;19;-11;19;-11;19;-11;18;-11;18;-11;18;-12;17;-12;17;-12;17;-12;17;-11;17;-11;17;-10;16;-10;17;-9;17;-8;17;-8;17;-7;6;-3;1;-1;-1;0;-1;0;-1;0;1;-1;5;-3;16;-6;16;-6;17;-6;17;-5;18;-5;19;-5;20;-4;20;-4;21;-4;22;-4;22;-4;23;-4;24;-3;24;-3;25;-3;25;-3;25;-3;26;-3;26;-4;27;-5;28;-5;28;-5;29;-6;29;-6;30;-7;30;-7;31;-8;32;-8,empty,EXP_S143,ZONE_02,entree_zone,4.1,entree_zone,entree dans la zone
636451882,-53,6,a0:9f:7a:73:2b:3e,384,-110;-96;8;0;41;4;38;6;34;6;30;6;25;3;21;0;18;-4;16;-9;15;-13;15;-17;16;-20;18;-22;20;-22;21;-21;22;-19;21;-17;19;-15;17;-13;14;-13;10;-13;7;-13;5;-15;3;-17;3;-19;3;-21;0;-6;0;0;0;0;0;0;0;0;0;0;0;0;0;0;0;0;0;0;3;6;13;27;10;29;5;30;1;30;-2;27;-3;23;-2;19;0;14;5;11;10;10;16;10;21;12;25;16;27;21;27;25;26;27;23;29;20;28;18;26;17;22;17;17;18;11;21;6;26;2;31;0;36;-1;-106;0;8;-5;8;-5;8;-4;8;-3;8;-2;8;-1;8;-1;8;0;7;0;7;1;7;1;7;2;6;2;6;2;6;3;5;3;5;3;5;4;4;4;4;4;4;4;3;4;3;4;3;4;2;4;2;4;2;4;2;4;0;1;0;0;-1;-1;0;0;0;0;-2;-1;-5;-1;-12;-2;-12;-3;-11;-5;-11;-6;-11;-7;-10;-8;-10;-8;-9;-9;-8;-10;-8;-10;-7;-11;-6;-11;-5;-12;-4;-12;-3;-12;-2;-12;-1;-12;0;-11;0;-11;1;-11;2;-11;2;-10;3;-10;4;-10;5;-9;5;-8;6;-8;6;-8;-106;0;29;9;29;9;29;8;28;7;27;7;26;6;25;5;24;5;23;4;22;3;22;3;22;2;21;2;21;1;21;1;21;1;21;1;21;1;20;1;20;1;20;1;19;2;19;2;19;3;18;3;18;4;18;5;18;6;6;2;1;0;-1;-1;-2;0;-1;-1;1;-1;6;0;17;0;18;1;18;2;18;2;19;3;19;3;20;4;21;5;21;5;22;6;22;7;23;7;23;8;23;9;23;9;23;9;24;9;24;9;25;9;25;9;26;9;27;9;28;9;29;9;29;9;30;9;30;9;31;9,empty,EXP_S143,ZONE_02,entree_zone,4.1,entree_zone,entree dans la zone
636652236,-53,6,a0:9f:7a:73:2b:3e,384,-110;-96;8;0;-23;-34;-21;-33;-17;-31;-15;-27;-14;-22;-14;-17;-15;-12;-18;-7;-20;-4;-23;-2;-26;-1;-28;-1;-30;-2;-30;-4;-28;-5;-26;-6;-24;-6;-21;-5;-19;-3;-17;0;-16;2;-15;5;-16;7;-17;9;-18;10;-5;2;0;0;0;0;0;0;0;0;0;0;0;0;0;0;0;0;0;0;2;-7;12;-28;15;-27;19;-25;21;-21;21;-17;19;-14;16;-11;11;-11;5;-12;0;-15;-3;-19;-5;-25;-4;-30;-2;-34;1;-37;4;-38;6;-37;8;-34;7;-31;5;-28;2;-25;-3;-22;-9;-21;-15;-22;-20;-24;-23;-27;-114;0;-9;-5;-8;-5;-8;-5;-7;-5;-6;-6;-6;-6;-5;-7;-4;-7;-4;-7;-4;-7;-3;-7;-3;-7;-2;-7;-2;-7;-1;-7;-1;-7;-1;-7;0;-7;0;-7;0;-6;0;-6;1;-5;1;-5;1;-6;1;-6;1;-6;1;-5;1;-5;0;-2;0;-1;-1;0;-1;-1;-1;-1;0;1;1;3;4;10;3;10;2;11;1;11;0;11;-1;11;-2;11;-3;11;-4;11;-5;11;-5;11;-6;10;-7;9;-7;8;-8;8;-9;7;-9;6;-10;6;-9;5;-9;4;-9;3;-10;2;-10;1;-11;0;-11;0;-10;-1;-10;-1;-9;-2;-114;0;-9;-30;-9;-29;-9;-29;-10;-27;-10;-26;-10;-25;-10;-24;-11;-23;-11;-22;-11;-21;-11;-20;-12;-20;-12;-19;-12;-19;-12;-19;-12;-19;-12;-19;-12;-18;-12;-18;-12;-18;-11;-18;-11;-18;-10;-18;-10;-18;-9;-18;-8;-18;-7;-19;-6;-19;-2;-7;-1;-3;0;0;0;0;0;0;-2;-2;-4;-6;-9;-16;-9;-16;-8;-17;-8;-18;-8;-18;-7;-19;-7;-20;-7;-21;-7;-22;-7;-22;-7;-23;-6;-24;-6;-24;-5;-25;-5;-25;-5;-25;-5;-25;-6;-26;-6;-26;-7;-27;-7;-28;-8;-28;-8;-29;-9;-29;-9;-29;-9;-30;-10;-31;-10;-31,empty,EXP_S143,ZONE_02,entree_zone,4.1,entree_zone,entree dans la zone
636854989,-53,6,a0:9f:7a:73:2b:3e,384,-110;-96;8;0;39;7;36;9;32;9;28;7;24;5;20;1;17;-4;15;-9;15;-13;16;-17;17;-19;19;-21;20;-21;21;-20;22;-18;21;-16;19;-15;16;-13;13;-12;10;-13;7;-14;4;-15;3;-17;2;-19;2;-21;0;-6;0;0;0;0;0;0;0;0;0;0;0;0;0;0;0;0;0;0;2;7;6;28;3;30;-2;30;-5;29;-8;26;-8;22;-7;18;-3;14;2;11;8;10;13;12;18;15;22;19;23;23;22;27;20;30;18;31;16;30;14;27;13;23;14;18;16;13;20;8;24;5;30;3;34;2;-118;0;8;-4;8;-4;8;-3;8;-2;8;-1;7;-1;7;0;7;0;7;1;7;1;6;1;6;2;6;2;6;2;5;3;5;3;5;3;5;3;4;4;4;4;4;4;4;4;3;4;3;4;3;4;3;4;2;4;2;4;0;1;0;0;-1;-1;0;0;0;0;-2;-1;-4;-2;-11;-6;-11;-6;-10;-7;-9;-8;-9;-9;-8;-10;-8;-10;-7;-11;-6;-11;-5;-12;-4;-12;-4;-12;-3;-12;-2;-12;-1;-12;0;-11;1;-11;1;-11;2;-11;2;-10;3;-10;4;-9;4;-9;5;-9;5;-8;6;-8;6;-7;7;-6;-118;0;28;10;28;10;27;9;26;8;25;8;25;7;24;6;24;5;23;4;23;3;22;2;22;1;21;1;21;0;21;0;21;0;21;0;21;0;20;0;20;0;20;0;20;0;19;0;19;0;19;1;19;2;18;3;18;3;6;1;1;0;-1;-1;-2;-1;-1;-1;1;0;5;1;16;5;16;6;16;6;16;7;16;8;17;8;17;9;18;9;18;10;19;11;19;11;19;12;20;12;20;12;20;12;21;13;21;13;21;13;22;13;23;12;24;12;24;12;25;12;26;12;27;12;28;11;29;11;29;11,empty,EXP_S143,ZONE_02,entree_zone,4.1,entree_zone,entree dans la zone
637055330,-54,6,a0:9f:7a:73:2b:3e,384,-110;-96;8;0;-32;10;-30;8;-28;7;-24;6;-19;6;-15;7;-11;9;-8;12;-6;14;-5;17;-5;20;-6;22;-7;22;-8;22;-8;21;-9;19;-8;17;-7;15;-5;13;-2;12;0;11;2;11;4;12;5;13;6;14;1;3;0;0;0;0;0;0;0;0;0;0;0;0;0;0;0;0;0;0;-5;-5;-17;-19;-15;-21;-12;-23;-9;-24;-6;-22;-4;-19;-3;-15;-4;-11;-7;-7;-11;-4;-16;-3;-20;-3;-24;-5;-27;-8;-29;-11;-28;-14;-27;-15;-24;-15;-22;-14;-20;-11;-18;-8;-18;-3;-18;2;-20;6;-23;10;-26;12;-112;0;-10;12;-10;12;-10;11;-11;10;-11;8;-11;7;-12;5;-12;4;-13;4;-13;4;-12;3;-12;2;-11;1;-11;0;-11;-1;-12;-2;-12;-2;-12;-2;-11;-2;-10;-2;-9;-3;-9;-4;-9;-4;-9;-4;-9;-4;-9;-4;-8;-4;-8;-4;-3;-2;-1;-1;0;0;-2;0;-1;0;1;-1;7;-2;19;-5;19;-4;20;-2;20;0;19;2;19;4;19;6;18;7;18;9;18;10;17;11;16;11;14;12;12;13;11;15;9;16;9;16;8;16;7;16;5;15;3;15;2;16;0;16;-1;16;-2;16;-3;15;-3;14;-4;13;-112;0;-49;9;-48;9;-47;10;-45;10;-44;11;-42;11;-40;12;-39;12;-37;13;-35;14;-34;14;-33;15;-33;16;-32;16;-32;16;-31;16;-31;16;-31;16;-30;16;-30;15;-30;14;-30;14;-29;13;-29;12;-29;12;-29;11;-30;9;-30;8;-11;3;-4;0;0;-1;1;-1;0;-1;-3;1;-10;3;-27;9;-28;8;-28;7;-29;7;-31;6;-32;6;-33;5;-35;5;-36;4;-36;4;-37;4;-38;3;-39;3;-40;2;-41;2;-41;2;-41;2;-42;3;-42;4;-44;5;-45;5;-46;6;-47;6;-48;7;-49;8;-50;9;-51;9;-51;10,empty,EXP_S143,ZONE_02,entree_zone,4.1,entree_zone,entree dans la zone
637252268,-53,6,a0:9f:7a:73:2b:3e,384,-110;-96;8;0;-9;-40;-7;-39;-5;-36;-4;-31;-5;-26;-7;-21;-10;-17;-13;-13;-17;-10;-20;-9;-23;-9;-26;-9;-27;-10;-27;-12;-25;-12;-23;-12;-21;-12;-19;-10;-17;-8;-16;-5;-15;-2;-15;1;-16;3;-17;5;-18;6;-5;1;0;0;0;0;0;0;0;0;0;0;0;0;0;0;0;0;0;0;6;-4;26;-16;29;-13;31;-9;30;-4;28;-1;24;1;19;1;14;-2;10;-6;7;-11;6;-18;7;-24;10;-28;14;-31;19;-33;22;-32;24;-30;24;-27;22;-24;19;-22;14;-21;8;-21;2;-22;-4;-25;-8;-29;-11;-33;-113;0;-7;-7;-7;-7;-6;-7;-5;-7;-5;-8;-4;-8;-3;-8;-3;-8;-2;-8;-2;-7;-2;-7;-1;-7;-1;-7;0;-7;0;-7;0;-7;1;-6;1;-6;1;-6;1;-6;1;-6;1;-5;1;-5;1;-5;2;-5;2;-5;2;-5;2;-4;0;-2;0;-1;-1;0;0;-1;0;-1;-1;1;-2;4;-4;12;-5;11;-6;11;-7;11;-8;10;-9;10;-9;9;-10;9;-11;8;-11;7;-11;7;-12;6;-12;5;-12;4;-12;3;-12;2;-12;2;-12;1;-12;0;-12;-1;-11;-1;-11;-2;-11;-2;-11;-3;-10;-4;-10;-4;-10;-5;-9;-5;-113;0;4;-31;3;-31;2;-30;2;-29;1;-28;0;-27;0;-26;-1;-25;-2;-24;-3;-23;-4;-22;-5;-22;-5;-21;-6;-21;-6;-21;-6;-21;-6;-21;-6;-20;-6;-20;-6;-20;-6;-19;-6;-19;-6;-19;-6;-19;-5;-19;-5;-19;-4;-19;-3;-19;-1;-7;-1;-3;0;0;-1;1;-1;0;0;-2;0;-7;2;-18;2;-18;3;-18;4;-18;4;-19;5;-19;5;-20;6;-21;6;-22;7;-22;7;-23;7;-23;7;-24;8;-24;8;-24;8;-25;8;-25;8;-25;8;-26;7;-27;7;-27;6;-28;6;-29;6;-30;5;-31;4;-31;4;-32;4;-33,empty,EXP_S143,ZONE_02,entree_zone,4.1,entree_zone,entree dans la zone
637453135,-53,6,a0:9f:7a:73:2b:3e,384,-110;-96;8;0;41;-6;39;-4;35;-2;30;-2;24;-3;19;-5;14;-9;11;-13;9;-18;8;-22;9;-25;10;-27;12;-28;14;-27;15;-26;16;-23;15;-20;13;-18;10;-16;6;-15;3;-14;0;-15;-3;-16;-4;-18;-5;-20;-2;-5;0;0;0;0;0;0;0;0;0;0;0;0;0;0;0;0;0;0;4;5;16;23;13;25;9;27;6;27;3;24;2;21;2;16;4;12;8;9;14;7;19;7;24;8;28;11;31;15;31;19;29;21;27;22;24;22;22;19;20;15;19;10;20;4;23;-1;26;-6;31;-10;35;-11;-111;0;8;-8;8;-8;7;-8;7;-7;7;-6;7;-5;8;-4;8;-3;8;-3;8;-3;8;-3;8;-2;7;-1;7;-1;7;0;8;0;8;0;8;0;7;0;6;1;6;1;5;2;5;2;6;2;6;2;5;2;5;2;5;2;1;0;0;0;-1;-1;0;-1;0;0;-2;0;-4;0;-11;0;-11;0;-12;-1;-11;-2;-11;-3;-11;-4;-10;-5;-10;-6;-10;-7;-10;-8;-10;-8;-9;-8;-7;-9;-6;-9;-5;-10;-4;-11;-4;-11;-4;-11;-3;-10;-2;-10;-1;-10;1;-10;2;-11;2;-11;3;-11;3;-11;3;-10;4;-9;-111;0;30;-5;30;-5;29;-6;28;-6;27;-6;26;-6;25;-7;24;-7;23;-7;22;-7;21;-8;20;-8;20;-8;20;-9;19;-9;19;-9;19;-9;19;-9;18;-9;18;-9;18;-8;18;-8;18;-7;18;-7;18;-6;18;-5;18;-4;18;-4;6;-2;2;-1;-1;0;-1;0;-1;0;1;-1;5;-3;15;-6;15;-6;16;-5;17;-5;17;-5;18;-5;19;-4;20;-4;21;-4;21;-4;22;-4;23;-3;24;-3;24;-2;24;-2;24;-2;25;-2;25;-2;26;-3;27;-3;27;-3;28;-4;29;-4;29;-4;30;-5;30;-5;31;-5;31;-5,empty,EXP_S143,ZONE_02,entree_zone,4.1,entree_zone,entree dans la zone
637656903,-53,6,a0:9f:7a:73:2b:3e,384,-110;-96;8;0;36;14;33;15;30;15;26;13;22;10;19;5;18;1;17;-4;17;-8;19;-11;20;-13;22;-14;24;-14;25;-13;25;-11;24;-9;22;-8;19;-7;16;-7;13;-8;10;-10;9;-12;8;-14;8;-16;9;-17;2;-5;0;0;0;0;0;0;0;0;0;0;0;0;0;0;0;0;0;0;2;6;8;27;4;29;0;30;-4;29;-7;26;-7;23;-6;19;-3;15;1;12;6;12;11;13;16;16;19;20;20;24;20;28;18;30;16;31;13;31;12;28;11;25;12;20;15;16;18;12;23;10;28;8;32;8;-108;0;8;-5;8;-5;7;-5;7;-5;6;-4;6;-2;6;-1;7;0;7;0;7;0;7;0;6;0;6;1;5;2;5;2;5;3;6;3;5;3;5;2;4;2;4;3;3;3;3;3;3;4;3;3;3;3;3;3;3;3;1;1;0;0;-1;-1;0;-1;0;0;-2;0;-4;0;-12;-1;-12;-1;-12;-2;-12;-3;-11;-4;-11;-5;-10;-6;-10;-7;-10;-8;-9;-9;-9;-9;-8;-9;-7;-9;-6;-10;-5;-10;-4;-11;-3;-11;-3;-11;-2;-10;-1;-10;0;-9;1;-9;2;-9;3;-10;3;-10;3;-9;4;-8;4;-7;-108;0;29;5;29;5;28;4;27;4;26;3;25;3;25;2;24;2;23;1;22;1;21;0;21;-1;21;-1;20;-1;20;-2;20;-2;20;-2;19;-2;19;-2;19;-2;19;-1;19;-1;18;0;18;0;18;0;18;1;18;2;18;3;6;1;1;0;-1;-1;-2;0;-1;-1;1;-1;6;-1;17;-1;17;-1;17;0;18;0;18;1;19;1;19;2;20;3;21;3;21;3;22;4;22;4;23;5;23;6;23;6;23;6;23;6;24;6;25;6;25;6;26;6;27;6;27;6;28;5;29;5;29;5;30;5;31;5,empty,EXP_S143,ZONE_02,entree_zone,4.1,entree_zone,entree dans la zone
637858839,-53,6,a0:9f:7a:73:2b:3e,384,-110;-96;8;0;-7;41;-8;40;-9;37;-8;33;-7;28;-4;23;0;18;4;14;9;11;14;9;18;8;21;8;23;8;24;9;25;9;24;10;22;9;20;8;18;6;15;4;14;1;12;-2;12;-5;12;-7;12;-9;3;-3;0;0;0;0;0;0;0;0;0;0;0;0;0;0;0;0;0;0;-7;-5;-26;-21;-25;-25;-22;-29;-18;-30;-14;-29;-10;-26;-7;-21;-6;-15;-7;-8;-11;-1;-16;5;-22;9;-29;11;-34;10;-39;9;-42;7;-42;4;-40;2;-37;0;-32;1;-26;2;-20;6;-14;11;-9;17;-6;24;-4;29;-120;0;10;7;10;7;9;7;9;6;8;6;6;6;5;6;4;6;4;7;4;7;4;7;3;6;3;6;2;5;1;6;1;6;1;6;1;6;1;6;1;5;1;4;0;4;0;4;0;5;0;5;0;5;0;5;0;4;0;1;-1;0;-1;-1;-1;0;-1;0;0;-2;2;-5;6;-13;7;-13;8;-13;8;-13;9;-12;10;-11;11;-10;12;-9;13;-9;14;-9;14;-9;14;-8;14;-6;14;-5;14;-4;15;-3;15;-3;15;-2;14;-2;13;-1;13;0;13;1;13;2;13;3;14;3;13;3;12;3;12;3;-120;0;-8;29;-7;28;-6;27;-5;27;-4;26;-3;25;-2;24;-1;23;-1;22;0;21;1;20;2;20;3;20;3;19;4;19;4;18;4;18;5;18;5;17;6;17;6;17;5;16;5;16;5;16;5;16;4;16;4;16;3;16;1;5;0;1;-1;-1;0;-2;0;-1;-1;1;-3;5;-8;16;-9;16;-9;16;-10;16;-10;17;-11;18;-11;18;-12;18;-12;19;-12;19;-12;20;-13;20;-13;21;-14;21;-14;21;-14;21;-13;21;-13;22;-12;23;-12;24;-12;25;-12;26;-11;27;-11;27;-10;28;-9;29;-9;29;-8;30,empty,EXP_S143,ZONE_02,entree_zone,4.1,entree_zone,entree dans la zone
638052416,-53,6,a0:9f:7a:73:2b:3e,384,-110;-96;8;0;-32;-22;-31;-23;-29;-22;-26;-20;-23;-17;-21;-14;-20;-9;-20;-5;-20;-1;-21;3;-23;5;-25;6;-26;7;-26;6;-26;6;-25;5;-23;4;-21;4;-19;4;-17;5;-15;7;-13;9;-12;11;-12;12;-12;14;-3;3;0;0;0;0;0;0;0;0;0;0;0;0;0;0;0;0;0;0;0;-8;3;-31;7;-32;12;-32;16;-30;18;-26;19;-21;16;-17;12;-14;7;-12;1;-13;-5;-15;-10;-20;-12;-25;-13;-30;-12;-35;-10;-38;-7;-39;-5;-38;-3;-36;-2;-33;-3;-29;-6;-25;-11;-21;-17;-18;-22;-17;-26;-18;-105;0;-8;2;-8;2;-8;1;-7;1;-7;0;-6;0;-6;-1;-6;-2;-6;-2;-6;-2;-5;-2;-5;-3;-5;-3;-4;-3;-4;-4;-4;-4;-4;-4;-4;-4;-4;-4;-3;-4;-3;-4;-2;-4;-2;-4;-2;-4;-2;-4;-2;-4;-2;-4;-2;-4;-1;-2;-1;-1;0;0;-1;-1;-1;-1;0;0;3;3;8;9;8;9;7;10;6;11;5;11;4;12;4;12;3;12;2;13;2;13;1;13;0;13;-1;12;-2;12;-2;11;-3;11;-4;11;-4;10;-4;10;-5;9;-5;8;-5;8;-6;7;-7;7;-7;7;-7;6;-7;6;-7;5;-105;0;-21;-24;-21;-24;-21;-23;-21;-21;-20;-20;-20;-19;-20;-17;-20;-16;-19;-15;-19;-14;-19;-13;-19;-12;-19;-12;-19;-11;-20;-10;-19;-10;-19;-9;-19;-9;-19;-9;-19;-9;-18;-9;-18;-9;-17;-9;-17;-9;-17;-9;-16;-9;-16;-10;-16;-10;-6;-4;-2;-2;0;0;0;0;0;0;-2;-2;-4;-6;-11;-15;-11;-16;-11;-16;-11;-17;-11;-18;-11;-18;-11;-19;-11;-20;-12;-21;-12;-21;-12;-22;-11;-22;-11;-23;-11;-24;-11;-24;-12;-24;-12;-24;-13;-24;-14;-24;-15;-24;-16;-24;-17;-25;-18;-25;-18;-25;-19;-25;-19;-25;-20;-26;-21;-26,empty,EXP_S143,ZONE_02,entree_zone,4.1,entree_zone,entree dans la zone
638252269,-53,6,a0:9f:7a:73:2b:3e,384,-110;-96;8;0;-4;-39;-3;-38;-1;-36;-1;-32;-2;-27;-3;-23;-6;-19;-9;-16;-13;-13;-17;-12;-20;-11;-22;-11;-23;-12;-23;-12;-23;-13;-22;-13;-20;-12;-18;-11;-17;-9;-16;-6;-15;-4;-15;-1;-15;1;-16;3;-17;4;-5;1;0;0;0;0;0;0;0;0;0;0;0;0;0;0;0;0;0;0;7;-3;30;-9;32;-6;33;-2;33;3;30;6;26;8;21;8;16;5;12;0;10;-6;9;-12;11;-19;15;-24;19;-27;23;-28;27;-28;29;-26;30;-23;28;-21;25;-19;20;-18;15;-18;9;-19;3;-22;-1;-27;-4;-30;-109;0;-8;-5;-8;-6;-7;-6;-7;-6;-6;-6;-5;-6;-4;-6;-4;-6;-3;-6;-3;-6;-3;-6;-2;-6;-2;-6;-1;-5;-1;-5;0;-6;0;-6;0;-6;0;-5;0;-5;0;-5;0;-5;0;-5;0;-5;0;-5;0;-5;0;-4;0;-4;0;-2;0;-1;-1;0;0;-1;0;-1;-1;1;-2;4;-4;12;-4;12;-5;12;-6;12;-7;11;-8;11;-9;10;-10;10;-10;9;-11;9;-12;8;-12;8;-12;7;-12;6;-13;5;-13;4;-13;3;-12;3;-12;2;-12;1;-11;1;-11;0;-11;-1;-11;-1;-11;-2;-11;-3;-10;-3;-10;-3;-109;0;5;-30;5;-30;4;-29;3;-28;2;-27;1;-26;1;-25;0;-24;-1;-24;-2;-23;-2;-22;-3;-21;-4;-20;-5;-20;-5;-20;-5;-20;-6;-19;-6;-19;-6;-19;-6;-18;-6;-18;-6;-18;-6;-17;-6;-17;-5;-17;-5;-17;-4;-17;-4;-17;-2;-7;-1;-2;0;0;-1;1;-1;0;0;-2;1;-7;5;-18;5;-18;6;-18;7;-19;7;-19;8;-19;8;-20;9;-21;9;-21;10;-22;10;-22;10;-22;11;-23;11;-23;11;-23;11;-23;10;-23;10;-24;10;-25;9;-25;9;-26;9;-27;8;-28;8;-29;8;-29;7;-30;7;-31;6;-31,empty,EXP_S143,ZONE_02,entree_zone,4.1,entree_zone,entree dans la zone
638452328,-53,6,a0:9f:7a:73:2b:3e,384,-110;-96;8;0;38;11;36;12;33;12;29;11;26;8;23;5;21;1;20;-3;19;-7;20;-10;22;-13;23;-14;25;-13;26;-12;25;-11;24;-9;22;-8;20;-7;18;-8;15;-8;13;-10;11;-11;10;-13;10;-15;11;-16;2;-5;0;0;0;0;0;0;0;0;0;0;0;0;0;0;0;0;0;0;4;6;15;26;12;29;8;31;3;31;0;30;-3;26;-3;22;-1;17;3;13;8;11;14;11;19;13;24;17;26;21;26;26;24;29;22;31;20;31;17;29;16;26;16;22;18;17;20;13;25;9;29;7;33;6;-103;0;6;-4;6;-4;6;-4;6;-3;6;-3;5;-2;5;-1;5;0;5;0;5;1;5;1;5;1;4;1;4;2;4;2;4;3;4;3;4;3;4;3;3;3;3;3;2;3;2;3;2;3;2;3;2;3;2;3;2;3;0;1;0;0;-1;-1;0;0;0;0;-2;-1;-5;-1;-12;-4;-12;-4;-12;-5;-11;-6;-11;-7;-10;-7;-9;-8;-9;-9;-8;-10;-8;-11;-7;-11;-7;-11;-6;-11;-4;-11;-3;-11;-3;-11;-2;-11;-2;-11;-1;-11;0;-10;1;-10;2;-9;2;-9;3;-9;3;-9;4;-8;4;-8;4;-7;-103;0;29;13;29;12;28;11;27;11;27;10;26;9;25;8;24;8;24;7;23;6;22;5;22;4;22;4;22;3;21;3;21;3;21;3;20;3;20;3;20;3;19;3;19;4;18;4;18;4;18;4;17;5;17;6;17;6;6;2;1;0;-1;-1;-2;-1;-1;-1;1;0;6;1;18;3;18;4;18;4;19;5;19;6;19;7;20;8;20;8;21;9;21;10;22;10;22;11;23;11;23;12;23;12;23;13;23;13;23;13;24;13;25;13;26;13;26;13;27;13;28;13;29;13;29;13;30;12;31;13,empty,EXP_S143,ZONE_02,entree_zone,4.1,entree_zone,entree dans la zone
638661039,-53,6,a0:9f:7a:73:2b:3e,384,-110;-96;8;0;40;1;39;2;35;3;31;3;27;2;22;-1;19;-4;16;-9;14;-13;14;-16;14;-19;16;-21;17;-22;18;-22;18;-21;18;-19;17;-17;15;-16;13;-15;10;-14;7;-14;4;-15;3;-16;1;-17;1;-19;0;-5;0;0;0;0;0;0;0;0;0;0;0;0;0;0;0;0;0;0;3;6;13;27;10;29;6;31;2;30;-2;28;-3;24;-3;19;0;15;4;11;10;9;16;9;21;11;26;15;28;19;28;23;27;26;25;28;22;28;20;26;18;23;18;18;19;12;21;7;25;2;30;-1;33;-2;-112;0;5;-8;5;-7;5;-7;6;-6;6;-5;6;-5;6;-4;6;-3;6;-3;6;-3;6;-3;6;-2;5;-2;5;-1;5;0;5;0;5;0;5;0;5;0;5;0;4;1;4;1;4;1;4;1;4;1;4;1;4;1;4;1;1;0;0;0;-1;-1;0;0;0;0;-2;0;-5;-1;-13;-1;-13;-2;-13;-3;-13;-4;-12;-5;-12;-6;-11;-7;-11;-7;-10;-8;-10;-9;-10;-9;-9;-10;-8;-10;-7;-11;-6;-11;-5;-11;-4;-12;-4;-11;-3;-11;-3;-11;-2;-11;-1;-11;0;-11;1;-11;1;-11;2;-10;2;-10;2;-9;-112;0;31;1;31;1;30;0;29;0;28;-1;27;-2;26;-2;25;-3;23;-3;22;-4;22;-4;21;-5;21;-5;20;-6;20;-6;20;-6;20;-6;19;-6;19;-6;19;-6;19;-6;18;-6;18;-5;18;-5;18;-4;18;-4;18;-3;18;-2;6;-1;2;0;-1;0;-2;0;-1;-1;1;-1;6;-1;17;-2;17;-1;18;-1;18;0;19;0;20;1;20;1;21;1;22;1;23;2;23;2;24;3;24;4;24;4;25;5;25;5;25;4;26;4;26;4;27;3;28;3;29;3;29;2;30;2;31;2;31;2;32;2;32;2,empty,EXP_S143,ZONE_02,entree_zone,4.1,entree_zone,entree dans la zone
638852503,-53,6,a0:9f:7a:73:2b:3e,384,-110;-96;8;0;32;-4;31;-2;29;-1;26;-1;22;-2;19;-3;16;-6;14;-8;13;-11;12;-13;13;-15;13;-16;14;-17;15;-17;15;-16;15;-14;14;-13;13;-12;11;-12;9;-11;7;-11;6;-12;5;-13;4;-14;4;-14;1;-4;0;0;0;0;0;0;0;0;0;0;0;0;0;0;0;0;0;0;5;3;20;14;18;17;16;20;13;21;10;21;7;19;6;16;6;12;8;8;11;6;15;4;19;4;23;6;26;8;27;11;27;14;26;16;24;16;22;16;21;14;19;10;19;6;19;3;21;-1;24;-4;27;-5;-99;0;4;-5;4;-5;4;-5;4;-5;4;-4;4;-3;4;-3;4;-2;4;-2;4;-2;4;-2;4;-1;3;-1;3;-1;3;0;3;0;4;0;4;0;3;0;3;0;3;0;2;1;2;1;2;1;2;1;2;1;2;0;2;0;0;0;0;0;-1;-1;0;0;0;0;-1;-1;-4;-1;-10;-2;-10;-2;-10;-3;-9;-3;-9;-4;-8;-5;-8;-5;-8;-6;-8;-7;-8;-7;-7;-7;-7;-7;-6;-7;-5;-8;-4;-8;-3;-8;-3;-9;-3;-9;-3;-8;-2;-8;-1;-8;-1;-7;0;-8;0;-8;1;-8;1;-8;1;-7;1;-7;-99;0;26;3;25;2;25;2;24;1;23;1;22;0;21;0;21;-1;20;-1;19;-2;18;-2;18;-3;17;-3;17;-4;17;-4;17;-4;16;-4;16;-4;16;-4;16;-4;15;-4;15;-4;15;-3;15;-3;14;-3;14;-2;14;-2;14;-1;5;-1;1;0;-1;0;-1;0;-1;-1;1;-1;5;0;15;0;15;0;15;1;15;1;16;2;16;2;17;2;18;3;18;3;19;3;19;4;20;4;20;5;20;5;20;6;20;6;21;5;21;5;22;5;22;5;23;4;24;4;24;4;25;4;25;3;26;3;26;3;27;3,empty,EXP_S143,ZONE_02,entree_zone,4.1,entree_zone,entree dans la zone
639054253,-53,6,a0:9f:7a:73:2b:3e,384,-110;-96;8;0;5;38;3;38;2;35;1;32;1;27;3;22;6;18;9;14;12;11;16;9;19;9;21;9;23;9;24;10;23;11;22;11;20;10;19;9;17;7;15;5;15;2;14;0;14;-3;15;-4;16;-5;4;-2;0;0;0;0;0;0;0;0;0;0;0;0;0;0;0;0;0;0;-8;3;-30;11;-32;8;-34;4;-34;0;-31;-4;-27;-6;-23;-5;-18;-3;-14;1;-11;7;-11;13;-12;19;-15;24;-19;28;-23;29;-27;29;-29;27;-30;24;-28;22;-25;19;-21;18;-15;18;-9;19;-3;21;2;25;5;29;-114;0;8;3;8;3;8;3;8;3;7;3;6;3;5;3;4;4;4;5;4;5;3;5;3;4;2;4;2;4;1;4;1;5;1;5;1;5;1;4;1;4;0;3;0;3;-1;3;0;4;0;4;0;4;0;4;0;3;0;1;-1;0;-1;-1;-1;0;-1;0;-1;-2;0;-5;1;-13;1;-13;2;-13;2;-13;3;-12;4;-12;5;-11;6;-11;7;-11;8;-12;8;-11;9;-11;9;-10;9;-8;10;-7;11;-7;11;-7;11;-6;10;-6;10;-5;10;-4;10;-3;10;-2;11;-1;11;-1;11;-1;10;-1;10;0;-114;0;0;29;0;29;1;28;2;27;3;26;4;25;4;24;5;23;5;21;6;20;7;19;7;19;8;18;8;18;8;18;9;17;9;17;9;17;9;16;10;16;9;16;9;16;9;15;9;15;8;15;8;15;7;16;7;16;2;6;0;1;-1;-1;0;-2;0;-1;0;2;-1;6;-1;18;-2;19;-2;19;-3;19;-3;20;-4;21;-5;21;-5;22;-5;22;-5;23;-6;23;-6;24;-7;24;-7;24;-7;25;-7;24;-7;25;-6;25;-5;26;-5;27;-4;28;-4;28;-3;29;-3;29;-2;30;-2;30;-1;31;-1;31,empty,EXP_S143,ZONE_02,entree_zone,4.1,entree_zone,entree dans la zone
639253815,-53,6,a0:9f:7a:73:2b:3e,384,-110;-96;8;0;21;25;19;25;17;25;15;22;13;19;11;15;11;11;11;7;12;3;14;1;16;-1;18;-2;20;-2;21;-1;21;0;20;1;19;2;17;2;15;1;13;0;11;-1;10;-3;9;-5;9;-7;10;-8;2;-2;0;0;0;0;0;0;0;0;0;0;0;0;0;0;0;0;0;0;-2;6;-7;25;-10;25;-14;24;-16;22;-17;19;-16;16;-14;14;-10;12;-6;12;-2;14;1;17;3;20;4;24;4;28;2;31;0;33;-2;33;-4;31;-5;29;-4;26;-2;23;1;20;5;18;10;17;14;18;18;19;-104;0;7;-1;7;-1;7;-1;7;-1;6;0;6;0;5;1;5;1;5;2;5;2;5;2;4;2;4;2;4;2;3;3;3;3;3;3;3;3;3;3;3;3;2;3;2;3;2;3;2;3;2;3;2;3;1;3;1;3;0;1;0;0;-1;-1;0;0;0;0;-1;-1;-2;-3;-6;-8;-5;-8;-5;-9;-4;-9;-3;-9;-2;-9;-2;-9;-1;-10;0;-10;0;-11;1;-10;1;-10;2;-10;3;-9;3;-9;4;-9;4;-8;4;-8;4;-8;5;-7;5;-6;6;-6;6;-5;7;-5;7;-5;7;-5;7;-4;7;-4;-104;0;12;22;12;21;12;21;12;20;12;18;12;17;12;16;12;15;12;14;12;13;12;12;12;11;12;11;12;10;12;10;12;10;11;10;11;9;11;9;11;9;11;9;11;9;10;8;10;8;10;8;10;9;9;9;9;9;3;3;0;1;-1;-1;-1;-1;-1;-1;1;1;4;4;11;12;10;13;10;13;9;14;9;15;9;16;9;17;9;17;9;18;9;19;9;19;9;20;8;20;8;21;8;21;8;21;8;21;8;21;9;21;9;22;10;22;10;23;11;23;11;23;12;23;12;23;13;23;13;23,empty,EXP_S143,ZONE_02,entree_zone,4.1,entree_zone,entree dans la zone
639452306,-53,6,a0:9f:7a:73:2b:3e,384,-110;-96;8;0;23;-25;24;-24;23;-22;21;-19;18;-17;15;-16;11;-15;6;-14;2;-15;0;-16;-3;-18;-4;-20;-5;-21;-5;-21;-5;-22;-4;-21;-3;-20;-3;-19;-4;-17;-4;-15;-6;-13;-7;-11;-8;-10;-10;-10;-11;-10;-3;-3;0;0;0;0;0;0;0;0;0;0;0;0;0;0;0;0;0;0;6;2;24;12;23;16;21;19;19;21;15;21;12;20;9;17;8;13;9;8;11;3;14;-1;19;-3;24;-4;29;-4;33;-2;34;1;34;3;33;5;31;6;28;6;24;4;21;0;18;-4;17;-9;17;-14;17;-19;-114;0;-3;-8;-2;-8;-2;-8;-2;-7;-1;-7;-1;-6;0;-6;0;-6;1;-6;1;-5;1;-5;1;-5;1;-5;1;-4;2;-4;2;-4;2;-4;2;-4;2;-3;2;-3;2;-3;2;-3;2;-2;2;-2;2;-2;2;-2;2;-2;2;-2;0;-1;0;-1;-1;0;0;-1;0;-1;-2;0;-4;0;-11;2;-11;1;-11;1;-11;0;-11;-1;-11;-2;-11;-2;-11;-3;-11;-4;-11;-4;-11;-5;-11;-5;-11;-6;-10;-6;-10;-6;-9;-7;-9;-7;-8;-7;-8;-7;-8;-7;-7;-8;-7;-8;-6;-8;-6;-8;-6;-9;-5;-9;-5;-9;-5;-8;-114;0;24;-11;24;-11;23;-11;21;-12;20;-12;19;-12;18;-12;16;-13;15;-13;14;-13;13;-13;12;-13;11;-13;11;-14;10;-14;10;-14;9;-14;9;-14;9;-14;8;-14;8;-14;8;-14;8;-13;7;-13;7;-13;8;-13;8;-12;8;-12;3;-5;1;-2;-1;0;-1;0;-1;0;1;-1;5;-2;15;-5;16;-4;16;-4;17;-4;17;-3;18;-3;18;-3;19;-3;20;-3;21;-3;21;-3;22;-3;22;-3;22;-3;22;-3;23;-3;23;-3;23;-4;23;-4;24;-5;24;-6;25;-6;25;-7;25;-8;25;-9;25;-10;26;-10;26;-11,empty,EXP_S143,ZONE_02,entree_zone,4.1,entree_zone,entree dans la zone
639652573,-53,6,a0:9f:7a:73:2b:3e,384,-110;-96;8;0;-31;1;-31;0;-30;-1;-28;-1;-25;-1;-22;0;-19;2;-16;4;-15;6;-14;8;-14;10;-14;12;-14;13;-14;13;-14;13;-14;12;-14;12;-13;11;-11;10;-10;10;-8;10;-7;10;-6;11;-6;11;-5;12;-2;3;0;0;0;0;0;0;0;0;0;0;0;0;0;0;0;0;0;0;-5;-5;-20;-18;-19;-21;-17;-24;-13;-25;-10;-25;-7;-24;-6;-21;-6;-17;-7;-13;-10;-10;-14;-8;-18;-8;-22;-9;-26;-11;-28;-14;-29;-17;-28;-19;-27;-21;-25;-21;-22;-20;-21;-17;-20;-14;-19;-10;-20;-7;-23;-3;-25;-1;-110;0;-1;11;-2;12;-2;12;-2;11;-2;10;-3;8;-3;6;-5;5;-5;5;-6;5;-6;5;-5;4;-5;3;-5;2;-5;1;-6;1;-6;1;-6;1;-6;1;-5;1;-5;0;-5;-1;-5;-1;-5;-2;-5;-1;-5;-1;-5;-1;-5;0;-2;0;-1;-1;0;0;-2;0;-1;0;2;-1;6;-2;19;-3;19;-3;19;-2;19;-1;18;0;18;2;17;3;18;5;18;7;18;8;18;8;17;8;16;9;14;10;13;11;13;12;12;13;12;13;12;13;10;12;9;12;7;12;6;13;6;14;5;15;5;14;5;13;4;12;-110;0;-53;-1;-52;0;-50;0;-48;1;-46;2;-44;3;-42;4;-40;5;-38;6;-36;7;-35;8;-34;9;-33;10;-32;11;-31;11;-31;11;-30;11;-30;11;-29;11;-29;11;-28;11;-27;11;-27;10;-26;10;-26;9;-26;8;-26;7;-27;6;-10;2;-3;0;0;-1;2;-1;1;-1;-4;1;-12;2;-33;7;-33;6;-34;5;-35;4;-37;3;-39;1;-40;0;-41;-1;-43;-1;-43;-2;-44;-3;-45;-3;-46;-4;-47;-5;-47;-6;-47;-7;-47;-7;-47;-6;-48;-5;-49;-4;-51;-4;-52;-3;-53;-3;-53;-3;-54;-2;-54;-1;-55;0;-56;0,empty,EXP_S143,ZONE_02,entree_zone,4.1,entree_zone,entree dans la zone
639852441,-54,6,a0:9f:7a:73:2b:3e,384,-110;-96;8;0;-23;20;-23;19;-23;17;-21;15;-19;13;-16;12;-12;12;-9;12;-5;12;-3;14;-1;15;0;17;0;18;0;18;-1;18;-1;18;-2;17;-2;15;-1;14;0;12;1;10;3;9;4;9;6;9;7;10;1;2;0;0;0;0;0;0;0;0;0;0;0;0;0;0;0;0;0;0;-7;-1;-26;-5;-26;-8;-25;-12;-23;-15;-21;-16;-18;-16;-15;-14;-13;-11;-13;-7;-13;-3;-15;1;-19;4;-23;5;-26;5;-30;4;-32;2;-32;0;-32;-2;-31;-3;-28;-3;-25;-2;-22;0;-20;3;-18;8;-18;12;-18;15;-113;0;4;10;4;10;4;10;3;10;2;9;1;8;0;8;-1;8;-2;8;-2;8;-2;8;-2;7;-3;6;-3;6;-4;5;-5;5;-5;5;-5;5;-5;5;-4;5;-4;4;-5;4;-5;3;-5;3;-5;4;-5;4;-5;3;-5;3;-2;1;-1;0;0;-1;-1;0;-1;0;1;-1;5;-3;15;-8;16;-8;16;-8;16;-7;17;-6;17;-4;17;-3;18;-2;19;-1;19;0;19;0;19;0;18;2;17;3;16;4;16;5;16;6;16;6;15;6;14;6;13;6;12;7;12;8;11;9;11;10;11;9;10;9;9;8;-113;0;-43;26;-41;26;-39;26;-36;26;-34;26;-32;26;-29;26;-27;26;-25;26;-23;26;-21;26;-19;26;-17;26;-16;26;-15;26;-15;26;-14;26;-13;26;-12;25;-11;25;-11;25;-11;25;-10;24;-11;24;-11;23;-11;23;-12;23;-12;22;-5;8;-2;2;0;-1;1;-2;0;-1;-3;1;-10;6;-28;16;-29;16;-30;15;-31;15;-33;14;-34;14;-36;14;-37;14;-38;14;-39;14;-40;14;-41;14;-42;14;-42;14;-43;14;-43;14;-43;14;-43;15;-43;17;-44;18;-44;19;-45;20;-45;22;-45;23;-45;24;-45;25;-45;26;-45;27,empty,EXP_S143,ZONE_02,entree_zone,4.1,entree_zone,entree dans la zone
640054110,-53,6,a0:9f:7a:73:2b:3e,384,-110;-96;8;0;22;-20;23;-19;23;-18;22;-16;20;-15;18;-13;14;-13;11;-12;8;-12;5;-13;3;-15;2;-16;1;-18;1;-19;1;-19;1;-19;2;-19;2;-18;2;-16;2;-15;1;-13;0;-12;-2;-11;-3;-11;-4;-11;-1;-3;0;0;0;0;0;0;0;0;0;0;0;0;0;0;0;0;0;0;5;1;23;6;23;9;22;12;20;15;18;16;15;15;12;13;11;10;11;7;12;3;14;-1;17;-3;21;-4;25;-4;29;-3;30;-1;31;1;31;3;30;4;27;4;25;3;22;1;20;-2;18;-6;18;-10;18;-14;-114;0;-7;-11;-6;-12;-6;-12;-6;-11;-6;-11;-5;-10;-3;-9;-2;-9;-1;-9;-1;-9;-1;-9;-1;-9;-1;-8;0;-7;1;-7;1;-7;1;-7;1;-7;1;-7;1;-7;1;-6;1;-5;2;-5;3;-5;3;-6;3;-6;2;-6;2;-5;0;-2;0;-1;-1;0;1;-1;0;-1;-2;0;-6;2;-17;5;-17;4;-18;4;-18;3;-18;2;-17;0;-18;-1;-18;-2;-19;-4;-20;-4;-20;-4;-19;-5;-18;-5;-17;-6;-16;-7;-16;-8;-16;-9;-16;-9;-16;-9;-15;-9;-14;-9;-12;-10;-12;-10;-12;-11;-12;-11;-12;-11;-11;-11;-11;-11;-114;0;46;-21;45;-21;42;-22;40;-22;38;-22;36;-22;34;-22;32;-22;30;-22;27;-22;25;-22;23;-23;22;-23;21;-24;20;-24;19;-24;19;-24;18;-24;18;-23;17;-23;16;-23;16;-23;15;-22;15;-22;15;-21;15;-20;16;-20;16;-19;6;-7;1;-2;-1;0;-2;0;-1;0;2;-2;10;-5;28;-12;29;-12;29;-11;31;-10;32;-10;33;-10;35;-10;36;-9;37;-9;38;-9;39;-9;40;-9;41;-9;42;-9;42;-8;43;-8;43;-9;43;-10;43;-11;44;-12;45;-13;46;-14;47;-15;47;-17;47;-18;48;-19;48;-21;49;-22,empty,EXP_S143,ZONE_02,entree_zone,4.1,entree_zone,entree dans la zone
640252387,-54,6,a0:9f:7a:73:2b:3e,384,-110;-96;8;0;27;12;26;13;24;13;22;12;19;10;18;7;16;5;15;2;15;0;16;-3;17;-4;17;-5;18;-6;19;-6;19;-5;18;-5;17;-4;16;-4;14;-5;13;-5;12;-6;11;-7;11;-8;11;-9;11;-10;2;-3;0;0;0;0;0;0;0;0;0;0;0;0;0;0;0;0;0;0;2;5;9;23;7;24;3;25;0;25;-2;23;-3;20;-3;16;-1;13;3;11;7;11;11;11;14;13;17;16;18;20;18;23;16;26;14;27;12;27;11;25;10;23;10;20;11;17;13;14;16;12;20;10;23;10;-113;0;8;-7;8;-6;8;-5;8;-4;7;-3;7;-3;6;-2;6;-1;6;-1;6;0;6;0;5;1;5;1;4;2;4;2;4;2;3;2;3;2;3;2;3;3;3;3;3;3;2;3;2;3;2;3;2;3;2;3;2;3;0;1;0;0;-1;-1;0;0;0;0;-2;-2;-5;-5;-13;-13;-12;-14;-11;-15;-10;-16;-9;-17;-8;-17;-7;-18;-6;-18;-5;-19;-4;-19;-3;-19;-2;-19;-1;-19;0;-18;1;-18;2;-17;3;-17;3;-16;4;-16;4;-15;5;-14;5;-14;6;-13;6;-13;7;-12;7;-11;7;-10;8;-10;-113;0;37;33;37;32;37;30;36;28;35;26;34;24;33;22;33;20;32;19;31;17;31;15;30;14;30;13;30;11;30;11;31;10;30;10;30;9;30;9;30;9;29;9;29;9;28;9;28;10;27;10;26;11;25;12;25;13;8;5;2;1;-1;-1;-2;-1;-1;-1;2;1;9;5;26;15;26;16;25;18;25;19;25;21;26;22;27;23;27;25;28;26;28;27;28;28;28;30;28;31;28;32;28;32;28;32;29;32;29;32;30;33;32;33;33;34;34;34;35;34;36;34;37;34;38;34;39;34;39;35,empty,EXP_S143,ZONE_02,entree_zone,4.1,entree_zone,entree dans la zone
640451915,-54,6,a0:9f:7a:73:2b:3e,384,-110;-96;8;0;4;-28;5;-28;5;-27;5;-25;5;-23;3;-21;1;-19;-1;-18;-3;-17;-5;-17;-7;-17;-8;-17;-9;-17;-9;-17;-9;-17;-8;-17;-8;-17;-7;-16;-7;-14;-7;-13;-8;-12;-8;-11;-9;-10;-10;-10;-11;-10;-3;-3;0;0;0;0;0;0;0;0;0;0;0;0;0;0;0;0;0;0;3;-5;16;-17;18;-15;21;-13;22;-10;22;-7;21;-4;18;-3;15;-3;12;-4;9;-7;8;-11;8;-15;9;-18;12;-21;14;-23;17;-23;19;-23;20;-22;21;-20;20;-19;18;-18;15;-17;12;-18;9;-19;7;-21;6;-23;-98;0;-8;-2;-8;-2;-8;-2;-8;-2;-7;-2;-6;-2;-4;-3;-4;-4;-3;-4;-3;-5;-3;-5;-3;-4;-3;-4;-2;-4;-1;-4;-1;-5;-1;-5;-1;-5;-1;-5;-1;-5;-1;-5;0;-5;0;-5;1;-5;1;-6;0;-5;0;-5;0;-5;0;-2;0;-1;-1;0;0;-2;0;-1;0;1;-1;6;-1;17;-2;17;-3;17;-4;17;-5;16;-6;16;-7;15;-8;15;-9;15;-10;15;-10;15;-10;14;-10;13;-11;11;-12;10;-12;9;-13;9;-13;9;-13;8;-12;8;-11;6;-11;5;-11;4;-12;3;-12;3;-12;3;-11;3;-10;3;-98;0;5;-50;4;-49;4;-48;3;-46;2;-44;0;-42;-1;-41;-2;-39;-3;-37;-5;-36;-6;-34;-7;-33;-8;-33;-8;-32;-9;-32;-9;-31;-10;-31;-10;-30;-10;-30;-10;-29;-10;-29;-10;-28;-9;-28;-9;-28;-8;-27;-7;-27;-6;-28;-5;-28;-2;-10;-1;-4;0;0;-1;1;-1;0;0;-4;0;-11;1;-29;2;-29;3;-29;4;-30;5;-31;5;-32;6;-34;7;-35;8;-36;8;-37;9;-38;10;-39;10;-39;11;-39;11;-40;12;-40;11;-41;11;-41;10;-42;9;-43;9;-45;9;-46;9;-48;8;-49;7;-50;7;-51;6;-52;6;-52,empty,EXP_S143,ZONE_02,entree_zone,4.1,entree_zone,entree dans la zone
640655978,-53,6,a0:9f:7a:73:2b:3e,384,-110;-96;8;0;14;25;13;24;12;23;11;21;11;18;11;16;13;13;14;11;16;10;18;10;18;10;19;10;19;11;19;12;17;12;16;12;14;11;13;10;12;8;11;6;11;4;12;3;13;2;15;2;15;2;4;0;0;0;0;0;0;0;0;0;0;0;0;0;0;0;0;0;0;0;1;5;5;23;2;24;-1;25;-5;25;-8;23;-9;21;-9;19;-8;16;-5;14;-2;14;1;14;4;16;6;19;7;22;7;25;6;27;4;29;3;29;2;28;1;27;2;26;4;24;6;23;8;22;11;23;13;23;-99;0;4;0;4;0;4;0;4;1;4;1;3;2;3;4;3;5;3;6;3;6;3;6;2;6;2;6;1;7;1;7;0;8;0;8;1;8;0;8;0;7;-1;7;-1;7;-1;7;-1;7;-1;7;-1;7;-1;7;-1;7;-1;2;-1;0;0;-1;0;0;0;0;-2;-1;-5;-4;-13;-11;-13;-12;-12;-13;-12;-14;-11;-14;-10;-15;-8;-15;-7;-16;-6;-16;-6;-17;-5;-17;-4;-16;-3;-15;-3;-15;-2;-14;-1;-14;0;-14;0;-13;1;-13;1;-11;2;-10;3;-9;3;-8;3;-8;3;-7;3;-7;3;-6;3;-5;-99;0;29;44;29;42;29;40;29;38;28;36;28;34;28;32;28;31;27;29;27;27;27;26;28;25;28;24;28;23;28;22;28;22;27;21;27;21;26;21;26;20;25;20;24;20;24;20;23;20;22;20;21;21;20;22;19;22;6;8;1;2;-1;-1;-2;-2;-1;-1;2;2;7;8;20;23;19;24;19;25;18;26;18;28;18;29;18;30;18;32;19;33;19;34;18;35;18;36;18;37;18;38;18;39;18;40;19;40;20;40;20;40;22;41;23;42;24;43;25;43;26;43;27;43;28;44;29;45;30;45,empty,EXP_S143,ZONE_02,entree_zone,4.1,entree_zone,entree dans la zone
640852753,-52,6,a0:9f:7a:73:2b:3e,384,-110;-96;8;0;-22;18;-23;18;-23;18;-22;16;-21;15;-18;14;-15;13;-12;13;-8;13;-5;14;-2;15;0;17;1;19;2;21;2;22;2;22;1;22;1;22;0;20;0;19;1;17;2;15;3;13;5;13;6;12;1;3;0;0;0;0;0;0;0;0;0;0;0;0;0;0;0;0;0;0;-5;-5;-20;-18;-18;-21;-16;-24;-13;-26;-9;-26;-6;-24;-4;-22;-4;-17;-5;-13;-7;-8;-11;-5;-15;-3;-20;-3;-25;-4;-28;-6;-30;-8;-31;-10;-30;-12;-28;-13;-26;-13;-23;-12;-21;-9;-18;-5;-17;0;-17;5;-17;8;-103;0;10;8;10;9;10;9;10;9;9;8;8;7;6;6;4;7;4;7;3;8;4;8;4;7;4;6;3;6;2;6;1;6;0;7;0;7;0;8;0;7;0;6;-1;6;-2;6;-3;6;-4;7;-4;7;-4;7;-4;7;-2;2;-1;0;0;-1;-2;0;-1;0;1;-2;6;-4;18;-11;19;-10;19;-9;20;-9;20;-7;20;-6;20;-4;21;-3;22;-2;23;-1;23;-1;22;-1;21;0;20;2;19;3;19;5;19;5;19;5;19;5;18;4;17;5;16;6;16;7;16;8;16;8;16;8;16;7;15;7;-103;0;-40;25;-38;26;-36;26;-34;27;-32;28;-30;28;-28;29;-26;29;-25;30;-23;30;-21;30;-19;31;-18;32;-17;33;-17;33;-17;33;-17;33;-17;33;-17;33;-17;32;-17;32;-17;32;-17;31;-18;30;-18;29;-19;28;-20;27;-21;26;-8;9;-3;2;0;-1;1;-1;0;-1;-4;1;-11;4;-29;12;-30;12;-30;11;-31;11;-33;10;-34;10;-36;10;-37;9;-38;9;-39;9;-40;9;-40;9;-41;9;-42;9;-42;9;-41;9;-41;9;-40;10;-40;12;-41;13;-42;15;-42;16;-43;17;-43;19;-42;20;-42;22;-42;24;-41;25,empty,EXP_S143,ZONE_02,entree_zone,4.1,entree_zone,entree dans la zone
641055338,-53,6,a0:9f:7a:73:2b:3e,384,-110;-96;8;0;8;19;9;22;10;23;10;23;10;22;9;20;9;17;8;14;7;10;7;6;6;2;6;-2;6;-6;6;-10;7;-13;7;-15;8;-17;9;-18;9;-18;9;-18;8;-17;7;-16;5;-14;4;-13;2;-12;0;-3;0;0;0;0;0;0;0;0;0;0;0;0;0;0;0;0;0;0;0;-7;4;-28;7;-29;9;-28;12;-27;13;-25;13;-21;11;-17;8;-13;4;-9;-1;-6;-7;-3;-13;-2;-19;-2;-24;-3;-28;-4;-30;-6;-32;-7;-32;-8;-31;-9;-29;-9;-25;-8;-21;-6;-16;-4;-11;-1;-6;3;-2;7;117;0;23;-6;22;-6;21;-6;20;-6;18;-6;17;-5;16;-5;15;-6;15;-6;14;-6;13;-6;13;-6;12;-6;12;-6;12;-6;11;-6;11;-6;11;-5;10;-5;10;-4;10;-4;10;-3;9;-3;9;-2;8;-2;8;-1;8;-1;8;-1;3;0;1;0;-1;0;-2;0;-1;0;1;-2;6;-6;18;-16;19;-15;20;-14;21;-13;22;-12;23;-12;24;-11;24;-10;25;-10;26;-9;26;-8;26;-7;26;-6;26;-5;26;-5;26;-4;26;-4;26;-4;26;-4;26;-4;26;-4;25;-4;25;-5;25;-5;25;-5;25;-5;25;-5;24;-5;117;0;-21;29;-19;29;-18;28;-16;28;-13;28;-11;27;-9;27;-6;27;-5;27;-3;26;-2;26;0;25;1;25;3;26;4;26;5;26;6;26;6;26;6;26;6;27;6;26;6;26;6;26;6;26;5;26;5;26;3;26;3;27;0;9;0;3;-1;-1;1;-2;0;-1;-3;2;-9;7;-23;20;-24;19;-25;18;-26;18;-27;17;-28;17;-29;18;-30;18;-31;19;-32;18;-33;18;-33;18;-34;17;-33;17;-33;17;-33;17;-32;18;-32;19;-31;19;-31;20;-30;21;-29;23;-29;24;-28;25;-27;27;-26;27;-25;28;-25;29,empty,EXP_S143,ZONE_02,entree_zone,4.1,entree_zone,entree dans la zone
641252218,-51,6,a0:9f:7a:73:2b:3e,384,-110;-96;8;0;-12;-19;-15;-21;-16;-23;-16;-24;-16;-23;-16;-22;-15;-20;-13;-17;-12;-14;-11;-11;-10;-7;-9;-3;-8;2;-8;6;-8;9;-9;13;-9;15;-10;17;-11;18;-11;18;-11;17;-11;16;-10;15;-9;13;-8;12;-2;2;0;0;0;0;0;0;0;0;0;0;0;0;0;0;0;0;0;0;3;6;12;27;10;29;7;31;4;32;2;30;0;28;-1;24;-1;19;1;13;3;7;7;2;13;-2;18;-5;24;-7;28;-8;31;-8;34;-7;35;-6;35;-4;33;-4;30;-3;25;-3;20;-3;14;-4;8;-6;4;-8;-127;0;-8;9;-8;9;-8;8;-7;8;-7;8;-6;8;-5;8;-5;7;-4;7;-4;7;-4;7;-4;7;-3;7;-3;6;-3;6;-3;6;-3;6;-3;6;-3;6;-3;6;-3;5;-2;5;-2;5;-2;4;-2;4;-3;4;-3;4;-3;4;-2;1;-1;0;0;-1;0;-1;0;-1;-1;1;-2;4;-6;11;-6;11;-7;11;-7;11;-7;11;-8;11;-8;10;-9;10;-10;10;-11;10;-11;10;-11;10;-11;10;-11;9;-11;8;-11;8;-11;8;-11;9;-11;9;-11;9;-10;9;-10;8;-10;8;-10;9;-10;9;-10;10;-10;10;-9;10;-127;0;3;-21;2;-21;1;-20;0;-19;-1;-18;-2;-18;-3;-17;-4;-16;-5;-16;-5;-15;-6;-14;-7;-14;-8;-13;-8;-13;-9;-13;-9;-13;-9;-13;-9;-13;-9;-13;-9;-12;-9;-12;-10;-12;-10;-12;-9;-12;-9;-12;-9;-12;-8;-12;-8;-12;-3;-5;-1;-2;0;0;-1;1;-1;0;0;-2;2;-6;6;-17;6;-17;7;-17;8;-17;9;-17;9;-17;10;-17;10;-18;11;-18;11;-18;11;-18;11;-19;11;-19;11;-19;11;-19;11;-18;11;-18;11;-18;10;-19;9;-19;9;-20;8;-20;8;-21;7;-21;7;-21;5;-21;5;-22;4;-22,empty,EXP_S143,ZONE_02,entree_zone,4.1,entree_zone,entree dans la zone
641454608,-51,6,a0:9f:7a:73:2b:3e,384,-110;-96;8;0;-16;11;-17;14;-19;16;-19;17;-19;17;-19;17;-18;16;-17;14;-15;13;-12;12;-10;11;-6;9;-3;8;1;8;4;8;7;9;9;10;11;11;12;12;12;13;12;14;11;14;10;14;9;13;9;12;2;3;0;0;0;0;0;0;0;0;0;0;0;0;0;0;0;0;0;0;0;-8;1;-30;4;-31;7;-31;10;-30;12;-27;13;-24;12;-21;10;-17;6;-14;1;-12;-4;-11;-10;-12;-15;-13;-19;-16;-22;-19;-24;-21;-24;-24;-24;-25;-23;-26;-22;-26;-19;-25;-17;-22;-16;-18;-14;-14;-13;-9;-13;-5;-118;0;18;3;18;3;18;3;17;2;17;1;16;0;15;-1;13;-2;12;-2;12;-2;12;-3;12;-3;12;-4;12;-4;11;-5;10;-5;10;-4;10;-4;10;-4;10;-4;10;-4;9;-5;9;-4;8;-4;8;-3;7;-3;7;-2;7;-2;2;-1;0;-1;-1;0;-2;-1;-1;-1;2;0;7;0;21;1;21;2;21;2;22;3;21;4;21;5;21;6;22;7;22;8;23;9;23;9;23;9;22;9;21;9;20;10;20;10;20;10;20;10;21;9;20;8;20;7;20;7;19;7;19;8;20;7;21;7;21;6;21;4;-118;0;-43;3;-42;4;-41;5;-38;6;-36;8;-34;10;-32;12;-31;13;-29;14;-27;15;-26;16;-24;17;-23;18;-22;19;-21;19;-21;20;-21;20;-20;20;-20;20;-19;20;-18;20;-18;20;-17;20;-17;20;-18;20;-18;19;-19;19;-19;18;-7;6;-3;1;0;-1;2;-1;1;0;-4;0;-14;0;-37;0;-37;-1;-37;-3;-38;-4;-39;-5;-40;-7;-41;-8;-42;-9;-43;-10;-43;-10;-44;-11;-44;-11;-44;-12;-44;-12;-44;-12;-43;-12;-43;-12;-43;-11;-43;-10;-44;-9;-45;-7;-46;-6;-47;-5;-47;-4;-47;-3;-47;-1;-46;0;-46;1,empty,EXP_S143,ZONE_02,entree_zone,4.1,entree_zone,entree dans la zone
641652093,-50,6,a0:9f:7a:73:2b:3e,384,-110;-96;8;0;16;6;20;4;23;4;24;4;25;4;25;4;25;4;23;4;22;4;19;4;17;3;14;1;11;-1;8;-3;6;-6;4;-9;4;-12;4;-15;4;-17;5;-19;6;-19;7;-19;8;-18;9;-17;9;-16;2;-4;0;0;0;0;0;0;0;0;0;0;0;0;0;0;0;0;0;0;-5;5;-21;20;-24;19;-26;17;-28;15;-28;12;-27;9;-24;7;-21;6;-16;6;-12;8;-8;10;-4;14;-2;18;0;23;0;27;0;30;-1;32;-3;34;-4;34;-5;33;-5;31;-5;29;-4;26;-2;22;1;18;3;15;-110;0;-7;-7;-7;-7;-7;-7;-7;-6;-8;-6;-8;-5;-8;-4;-8;-3;-7;-3;-7;-3;-7;-3;-7;-3;-8;-3;-8;-2;-8;-2;-7;-2;-7;-2;-7;-2;-7;-2;-7;-2;-7;-2;-7;-2;-7;-1;-6;-1;-6;-2;-5;-2;-5;-2;-5;-3;-2;-1;-1;-1;0;0;0;0;0;0;-1;-1;-3;-3;-7;-8;-7;-9;-7;-9;-7;-9;-7;-9;-6;-9;-6;-9;-5;-10;-5;-11;-5;-12;-6;-12;-6;-11;-6;-11;-5;-10;-5;-10;-4;-10;-4;-11;-5;-11;-5;-11;-6;-10;-6;-9;-6;-9;-5;-9;-5;-9;-6;-9;-7;-9;-7;-9;-8;-9;-110;0;17;15;17;14;16;13;16;11;16;10;15;9;16;7;16;7;15;6;15;5;15;4;14;3;14;3;14;2;14;1;14;1;14;0;14;0;14;0;14;0;13;0;13;0;13;-1;13;-1;13;-1;13;0;13;0;12;1;4;0;1;0;-1;0;-1;-1;-1;-1;1;1;4;4;13;13;12;13;12;14;12;15;12;16;12;16;12;17;11;18;11;19;11;19;11;19;11;19;11;20;11;20;10;20;10;20;11;20;11;19;12;19;12;18;13;19;14;19;14;19;15;19;15;18;15;17;16;17;17;16,empty,EXP_S143,ZONE_02,entree_zone,4.1,entree_zone,entree dans la zone
641854198,-50,6,a0:9f:7a:73:2b:3e,384,-110;-96;8;0;-1;15;2;17;4;20;6;22;7;24;7;25;7;25;6;24;5;23;4;21;4;18;3;15;4;12;5;8;6;5;8;2;11;-1;13;-3;16;-3;18;-3;19;-3;20;-2;20;-1;19;1;19;2;4;0;0;0;0;0;0;0;0;0;0;0;0;0;0;0;0;0;0;0;-6;-3;-25;-11;-25;-14;-24;-17;-23;-19;-21;-20;-18;-20;-16;-19;-14;-17;-12;-14;-11;-9;-12;-5;-13;-1;-16;3;-19;7;-22;9;-25;10;-28;11;-30;11;-32;10;-32;10;-31;9;-30;8;-27;7;-23;6;-19;7;-16;7;-115;0;6;-21;6;-20;5;-19;5;-18;4;-18;3;-18;2;-17;1;-17;0;-17;0;-17;-1;-16;-1;-16;-1;-16;-2;-16;-2;-16;-3;-15;-3;-15;-3;-15;-2;-14;-2;-14;-2;-14;-2;-13;-2;-13;-3;-12;-2;-12;-2;-12;-1;-11;0;-11;0;-4;0;-2;0;0;-1;1;-1;0;0;-2;2;-6;8;-17;9;-17;10;-17;11;-16;11;-16;12;-16;12;-16;13;-16;13;-16;14;-16;14;-16;14;-16;14;-15;13;-15;13;-15;13;-15;13;-15;13;-15;13;-16;13;-16;12;-16;12;-16;11;-17;11;-17;10;-18;10;-19;9;-20;9;-20;-115;0;-24;38;-22;37;-21;37;-18;36;-16;35;-14;34;-12;34;-10;33;-8;33;-7;32;-5;31;-4;31;-2;30;-1;30;0;30;0;30;1;30;1;29;2;29;2;28;2;28;2;27;3;27;3;27;2;27;2;26;1;27;0;27;-1;9;-1;2;-1;-1;1;-2;0;-1;-2;3;-7;10;-18;28;-20;28;-22;27;-23;27;-25;27;-27;27;-28;28;-29;28;-31;28;-32;28;-33;28;-33;28;-34;28;-34;27;-34;27;-34;27;-34;27;-33;28;-32;28;-32;30;-32;31;-32;32;-31;33;-30;34;-30;35;-28;36;-28;37;-27;38,empty,EXP_S143,ZONE_02,entree_zone,4.1,entree_zone,entree dans la zone
642052348,-50,6,a0:9f:7a:73:2b:3e,384,-110;-96;8;0;-1;-19;-4;-20;-7;-22;-9;-23;-10;-24;-11;-25;-11;-26;-10;-26;-9;-25;-8;-24;-7;-22;-6;-19;-5;-16;-6;-13;-7;-9;-8;-6;-10;-4;-13;-2;-15;-1;-18;-2;-19;-2;-20;-4;-20;-5;-19;-7;-18;-8;-5;-2;0;0;0;0;0;0;0;0;0;0;0;0;0;0;0;0;0;0;6;-4;26;-12;28;-10;30;-7;30;-4;30;-1;28;1;25;1;22;1;18;-1;16;-3;14;-7;13;-11;14;-15;15;-18;17;-21;18;-23;21;-25;23;-25;24;-25;24;-25;24;-23;23;-22;22;-21;19;-19;16;-18;13;-18;-113;0;4;13;3;13;2;13;3;14;4;15;6;14;7;13;8;11;8;10;8;9;8;9;8;10;9;11;10;11;10;10;10;9;10;8;8;8;7;9;7;10;8;10;8;10;9;9;8;8;7;7;6;7;5;8;5;9;1;3;0;1;-1;-1;0;-2;0;-1;-1;2;-1;6;-3;19;-3;19;-4;19;-4;19;-4;18;-5;17;-6;16;-8;17;-9;18;-10;19;-9;20;-8;19;-7;18;-7;17;-7;15;-8;15;-9;16;-8;17;-7;17;-5;17;-3;16;-2;14;-3;14;-3;14;-3;15;-2;16;0;18;1;18;-113;0;5;-52;4;-51;4;-49;3;-47;1;-45;-1;-42;-3;-40;-5;-39;-6;-37;-7;-36;-8;-35;-9;-34;-10;-33;-11;-32;-12;-31;-13;-31;-13;-30;-13;-30;-13;-30;-12;-29;-12;-28;-12;-27;-13;-26;-13;-25;-12;-25;-12;-26;-11;-26;-10;-26;-4;-10;-1;-3;0;0;0;2;-1;1;-1;-5;-1;-14;0;-38;1;-39;3;-39;5;-40;6;-41;8;-42;10;-43;11;-44;13;-45;14;-45;15;-46;15;-46;16;-47;17;-47;17;-47;18;-46;17;-46;17;-46;16;-46;14;-47;14;-49;13;-50;13;-51;12;-52;11;-52;10;-53;9;-53;8;-53,empty,EXP_S143,ZONE_02,entree_zone,4.1,entree_zone,entree dans la zone
642253917,-50,6,a0:9f:7a:73:2b:3e,384,-110;-96;8;0;-13;-11;-17;-10;-20;-10;-22;-11;-24;-11;-24;-11;-24;-11;-24;-11;-22;-11;-20;-10;-18;-9;-16;-7;-13;-4;-11;-2;-10;1;-8;5;-8;8;-8;11;-9;13;-10;15;-11;15;-12;16;-13;15;-13;14;-14;13;-4;3;0;0;0;0;0;0;0;0;0;0;0;0;0;0;0;0;0;0;5;-4;23;-12;25;-10;27;-8;28;-5;27;-2;26;0;23;1;19;1;15;-1;11;-3;8;-7;6;-11;5;-16;5;-20;6;-24;7;-27;9;-29;10;-31;11;-31;12;-30;12;-29;12;-27;10;-25;8;-22;4;-19;2;-17;-112;0;5;18;5;18;5;17;5;16;6;15;7;15;8;14;8;12;9;12;9;11;9;10;9;10;10;9;10;9;10;9;10;8;10;8;9;8;9;8;9;8;9;7;9;7;9;6;9;6;8;6;8;6;7;6;7;7;2;2;0;0;-1;-1;-1;-2;0;-1;0;2;0;7;0;19;-1;20;-2;20;-3;20;-3;20;-4;20;-4;20;-5;20;-6;21;-6;21;-6;21;-6;21;-5;20;-5;20;-5;20;-6;20;-5;20;-5;20;-4;20;-3;20;-2;19;-2;19;-1;19;-1;19;0;19;1;20;2;20;3;20;-112;0;-7;-45;-8;-44;-9;-42;-11;-40;-12;-38;-13;-36;-15;-34;-16;-33;-17;-31;-17;-30;-18;-28;-19;-27;-20;-26;-21;-25;-22;-24;-22;-23;-23;-23;-23;-23;-22;-22;-22;-22;-22;-21;-22;-20;-21;-20;-21;-19;-21;-19;-20;-19;-20;-20;-19;-20;-7;-8;-2;-3;0;0;0;2;-1;1;-1;-4;-1;-12;-1;-34;0;-34;2;-34;3;-35;4;-36;5;-36;6;-37;6;-39;7;-40;8;-40;9;-41;9;-41;10;-41;10;-41;11;-42;10;-42;9;-42;8;-42;7;-42;6;-43;4;-44;3;-45;2;-45;1;-46;0;-46;-2;-46;-3;-47;-4;-47,empty,EXP_S143,ZONE_02,entree_zone,4.1,entree_zone,entree dans la zone
642452677,-50,6,a0:9f:7a:73:2b:3e,384,-110;-96;8;0;13;-11;13;-14;14;-16;15;-18;16;-18;16;-19;15;-18;15;-17;13;-16;12;-15;10;-14;8;-13;5;-12;3;-11;0;-11;-3;-11;-5;-12;-7;-13;-8;-15;-9;-16;-9;-17;-8;-17;-8;-17;-7;-17;-6;-17;-2;-5;0;0;0;0;0;0;0;0;0;0;0;0;0;0;0;0;0;0;3;4;12;20;10;22;7;24;5;24;2;23;0;22;-1;19;-1;16;1;12;3;9;6;7;10;5;15;5;18;6;22;7;24;9;25;11;26;12;25;14;24;14;23;14;21;13;19;11;17;8;15;4;14;1;-114;0;-16;3;-15;3;-15;3;-14;3;-14;4;-13;4;-12;5;-11;5;-10;6;-10;6;-10;6;-9;6;-9;7;-9;7;-8;7;-7;7;-7;7;-7;7;-7;6;-7;6;-7;6;-7;6;-6;6;-6;6;-5;5;-6;5;-6;4;-6;4;-3;1;-1;0;0;-1;1;-1;0;-1;-2;0;-7;1;-19;3;-19;3;-19;2;-19;1;-19;1;-19;0;-19;-1;-19;-2;-20;-3;-20;-3;-20;-3;-20;-2;-19;-2;-19;-3;-18;-3;-18;-4;-19;-4;-19;-3;-19;-3;-18;-2;-18;-2;-18;-1;-18;-1;-18;-1;-18;0;-18;1;-18;1;-18;2;-114;0;39;-14;38;-15;36;-15;35;-16;33;-16;31;-17;30;-17;28;-18;27;-19;25;-20;24;-20;22;-21;21;-21;20;-22;20;-22;19;-23;19;-23;19;-23;19;-23;19;-22;18;-22;17;-22;17;-22;17;-21;17;-21;17;-20;18;-19;18;-18;6;-7;2;-2;-1;0;-2;0;-1;0;2;-2;9;-4;27;-10;28;-9;28;-8;30;-7;31;-6;32;-5;33;-5;34;-4;35;-3;36;-3;36;-2;37;-2;38;-2;38;-1;38;-1;38;-1;38;-1;38;-2;38;-3;38;-4;39;-5;40;-6;40;-6;41;-7;41;-9;40;-10;41;-12;41;-13,transition,EXP_S143,ZONE_02,entree_zone,4.1,entree_zone,entree dans la zone
642652211,-51,6,a0:9f:7a:73:2b:3e,384,-110;-96;8;0;6;-17;4;-20;3;-23;3;-26;3;-27;2;-28;3;-28;3;-27;3;-26;2;-24;2;-21;1;-18;-1;-15;-2;-12;-5;-10;-8;-8;-11;-7;-14;-7;-16;-7;-18;-8;-19;-9;-20;-9;-19;-10;-18;-11;-17;-12;-5;-3;0;0;0;0;0;0;0;0;0;0;0;0;0;0;0;0;0;0;6;3;24;14;23;17;22;21;19;23;17;24;14;23;11;21;9;18;8;14;8;9;10;5;13;1;17;-2;21;-4;25;-5;29;-5;31;-4;33;-3;34;-2;34;-1;33;0;31;0;27;-1;24;-2;20;-4;18;-6;-120;0;-8;6;-8;5;-8;5;-7;5;-7;5;-6;6;-6;6;-5;6;-5;6;-4;6;-4;6;-4;6;-4;6;-4;6;-3;6;-3;6;-3;6;-3;6;-3;6;-3;5;-3;5;-3;5;-3;5;-2;5;-2;4;-2;4;-3;4;-3;4;-1;1;-1;0;0;-1;0;-1;0;-1;-1;0;-3;2;-9;6;-10;5;-10;5;-10;4;-10;4;-10;4;-10;3;-11;3;-11;3;-11;3;-11;3;-11;3;-11;3;-11;3;-11;2;-11;2;-11;2;-11;2;-11;2;-10;3;-10;3;-10;3;-10;3;-10;4;-10;4;-10;5;-10;5;-9;6;-120;0;20;-13;19;-13;18;-13;17;-13;16;-13;15;-13;14;-13;13;-14;12;-14;11;-14;10;-14;10;-14;9;-15;9;-15;8;-15;8;-15;8;-15;7;-15;7;-15;7;-15;7;-14;7;-14;7;-14;6;-14;7;-14;7;-13;7;-13;8;-13;3;-5;0;-2;-1;0;-1;0;-1;0;1;-2;4;-4;14;-10;14;-10;15;-9;16;-9;17;-8;17;-8;18;-8;19;-8;20;-8;20;-7;21;-7;21;-6;21;-6;21;-6;22;-6;22;-6;22;-6;22;-6;22;-7;22;-7;22;-8;22;-8;22;-9;22;-10;22;-10;22;-11;22;-12;22;-12,transition,EXP_S143,ZONE_02,entree_zone,4.1,entree_zone,entree dans la zone
642852704,-51,6,a0:9f:7a:73:2b:3e,384,-110;-96;8;0;-3;21;-1;23;1;25;2;26;2;26;3;26;3;26;3;25;3;23;4;21;4;19;4;17;5;14;6;12;8;9;9;7;11;6;14;5;16;4;17;4;18;4;19;5;19;6;18;7;17;7;4;2;0;0;0;0;0;0;0;0;0;0;0;0;0;0;0;0;0;0;-8;0;-31;0;-32;-3;-31;-7;-30;-11;-27;-13;-23;-13;-19;-12;-16;-9;-14;-5;-13;-1;-13;4;-15;9;-18;13;-21;16;-25;17;-28;18;-30;17;-32;16;-32;15;-31;13;-30;12;-27;12;-24;12;-20;12;-16;13;-13;14;-113;0;6;-13;6;-12;6;-12;5;-13;4;-13;3;-13;1;-13;-1;-12;-1;-11;-2;-11;-2;-11;-2;-11;-3;-12;-4;-12;-4;-11;-5;-11;-5;-10;-4;-10;-4;-10;-3;-10;-4;-10;-4;-10;-5;-9;-5;-8;-5;-8;-4;-8;-3;-8;-3;-8;-1;-3;-1;-1;0;0;-1;1;-1;0;1;-3;5;-7;15;-19;15;-19;16;-18;16;-18;16;-17;17;-16;18;-15;19;-14;20;-14;21;-14;21;-14;20;-14;19;-13;18;-12;18;-11;18;-10;18;-10;18;-11;17;-12;16;-12;14;-12;14;-11;13;-11;14;-11;13;-12;12;-13;11;-14;10;-15;-113;0;-21;46;-20;46;-19;45;-17;43;-14;42;-12;41;-9;40;-7;39;-5;38;-4;37;-2;36;0;35;1;35;2;34;3;34;4;34;4;33;4;33;4;32;4;32;4;31;5;30;5;29;6;29;5;29;4;29;3;29;2;29;0;10;0;3;-1;-1;0;-3;0;-1;-2;3;-5;11;-15;31;-16;31;-18;31;-20;31;-21;32;-23;32;-25;33;-27;33;-28;34;-29;34;-30;35;-30;35;-31;36;-31;35;-31;35;-32;35;-32;35;-31;36;-31;37;-30;38;-30;40;-30;41;-29;43;-29;44;-28;45;-26;46;-25;46;-24;47,transition,EXP_S143,ZONE_02,entree_zone,4.1,entree_zone,entree dans la zone
643052460,-53,6,a0:9f:7a:73:2b:3e,384,-110;-96;8;0;-2;37;-3;35;-4;33;-5;28;-4;24;-1;19;3;15;7;12;11;10;15;9;19;9;22;10;24;12;25;14;25;16;23;18;20;18;17;17;14;14;12;11;11;8;11;4;12;1;14;-2;16;-4;4;-1;0;0;0;0;0;0;0;0;0;0;0;0;0;0;0;0;0;0;-7;1;-26;4;-27;2;-27;-1;-25;-4;-22;-6;-19;-6;-16;-4;-13;0;-11;4;-11;9;-13;13;-16;17;-19;19;-22;20;-25;20;-27;19;-28;17;-27;15;-24;13;-21;12;-16;13;-11;15;-6;18;-2;21;0;26;2;29;-110;0;7;7;7;7;7;7;6;7;6;6;4;6;3;7;3;7;2;8;3;8;3;8;3;7;2;7;1;7;0;7;0;8;0;8;0;9;0;8;0;8;-1;7;-2;7;-2;7;-3;8;-3;8;-4;8;-4;8;-4;7;-2;2;-1;0;0;-1;-1;0;-1;0;-1;-2;0;-4;0;-11;1;-10;1;-10;2;-10;3;-9;4;-9;5;-8;6;-8;7;-8;7;-8;7;-8;7;-7;8;-6;8;-5;9;-4;9;-3;9;-3;9;-3;9;-2;8;-1;8;0;8;1;9;2;9;3;9;3;9;3;9;3;8;3;-110;0;-2;26;-2;26;-1;25;-1;24;0;24;0;23;0;23;1;22;1;21;2;20;3;20;3;20;4;20;3;20;3;20;3;20;3;20;3;20;3;20;2;20;2;20;1;19;1;19;0;19;-1;18;-2;18;-3;18;-4;18;-2;6;-1;2;0;-1;-1;-1;-1;-1;0;1;1;4;4;14;4;14;3;15;3;15;2;16;1;17;1;18;0;18;0;19;0;19;-1;20;-1;21;-2;21;-2;22;-3;22;-3;22;-3;22;-3;22;-3;23;-3;23;-3;24;-3;25;-3;25;-3;25;-2;26;-2;26;-1;27;-1;28,transition,EXP_S143,ZONE_02,entree_zone,4.1,entree_zone,entree dans la zone
643252429,-53,6,a0:9f:7a:73:2b:3e,384,-110;-96;8;0;-32;-19;-30;-20;-26;-19;-23;-17;-20;-14;-18;-10;-17;-5;-17;-1;-18;3;-19;6;-21;9;-23;10;-25;10;-27;9;-27;8;-26;6;-25;5;-22;4;-20;3;-17;4;-14;5;-12;7;-11;9;-10;11;-11;13;-3;3;0;0;0;0;0;0;0;0;0;0;0;0;0;0;0;0;0;0;1;-6;4;-23;7;-22;9;-20;11;-18;11;-14;9;-11;5;-9;1;-9;-3;-9;-8;-12;-11;-15;-13;-20;-13;-24;-12;-27;-10;-30;-7;-31;-5;-30;-4;-28;-4;-25;-5;-21;-7;-18;-11;-15;-16;-12;-21;-11;-26;-11;-29;-13;-115;0;-9;0;-9;0;-9;-1;-9;-1;-8;-2;-8;-2;-7;-3;-7;-3;-7;-3;-7;-3;-7;-3;-7;-3;-6;-4;-6;-4;-5;-4;-5;-5;-5;-5;-5;-5;-4;-5;-4;-5;-4;-5;-4;-5;-4;-5;-3;-5;-3;-5;-3;-5;-3;-5;-2;-6;-1;-2;-1;-1;0;0;-1;-1;-1;-1;0;0;1;2;4;7;4;8;3;8;2;8;1;9;1;9;0;9;-1;9;-2;9;-3;9;-3;9;-4;8;-4;8;-5;8;-6;7;-6;7;-6;7;-7;7;-7;6;-7;6;-8;5;-8;5;-8;4;-9;4;-9;3;-9;3;-9;2;-9;2;-115;0;-21;-19;-21;-19;-21;-18;-20;-17;-20;-16;-20;-16;-19;-15;-19;-14;-19;-13;-18;-12;-18;-12;-18;-11;-19;-11;-19;-11;-19;-11;-18;-11;-18;-11;-18;-11;-18;-11;-17;-11;-17;-11;-16;-11;-16;-11;-15;-12;-14;-12;-14;-13;-13;-13;-12;-14;-5;-5;-2;-2;0;0;0;0;0;0;-2;-1;-4;-3;-11;-7;-11;-8;-11;-8;-11;-9;-11;-9;-12;-10;-12;-10;-12;-11;-13;-12;-13;-12;-13;-13;-14;-13;-14;-14;-14;-14;-14;-15;-14;-15;-15;-15;-15;-16;-16;-16;-16;-16;-17;-17;-18;-17;-19;-17;-19;-18;-20;-18;-21;-18;-21;-19;-22;-19,transition,EXP_S143,ZONE_02,entree_zone,4.1,entree_zone,entree dans la zone
643455120,-53,6,a0:9f:7a:73:2b:3e,384,-110;-96;8;0;22;25;20;25;18;24;16;21;15;18;15;15;15;11;17;9;18;6;20;5;22;5;23;5;24;6;25;7;24;9;22;9;20;10;19;9;17;8;16;6;15;5;15;3;16;1;17;1;18;1;4;0;0;0;0;0;0;0;0;0;0;0;0;0;0;0;0;0;0;0;1;5;5;22;2;23;-2;23;-5;21;-6;18;-6;15;-5;13;-2;11;2;11;6;12;9;14;11;17;12;21;12;24;11;27;8;28;6;29;5;28;4;25;4;23;6;21;9;19;12;18;16;17;20;18;22;19;-110;0;11;2;12;2;11;1;10;1;9;2;7;3;6;5;6;7;6;8;6;8;6;7;5;6;3;6;2;6;1;7;1;9;2;9;3;9;3;8;2;7;1;6;-1;7;-2;7;-2;8;-1;9;-1;9;-1;8;0;7;0;2;-1;0;-1;-1;0;0;0;0;-2;-2;-5;-5;-12;-13;-12;-14;-11;-15;-10;-15;-8;-15;-6;-16;-4;-16;-3;-18;-2;-19;-1;-19;-1;-19;0;-18;2;-16;4;-15;6;-15;7;-15;7;-15;7;-15;6;-13;7;-11;7;-9;9;-8;11;-7;12;-7;12;-8;11;-7;10;-6;9;-4;-110;0;34;43;34;42;34;41;33;39;33;38;32;37;31;36;31;35;30;33;30;32;29;31;29;30;29;30;29;30;29;30;28;30;28;30;27;30;26;30;25;31;24;31;22;32;20;32;19;32;17;32;15;33;13;33;11;34;3;12;0;3;-1;-2;-2;-1;-1;-1;2;1;8;4;24;12;24;12;24;14;24;15;24;17;25;18;25;20;25;21;26;23;26;24;27;25;27;27;27;28;27;30;27;31;27;31;27;32;28;33;29;34;30;35;32;36;33;37;33;38;34;39;35;39;36;41;36;42;37;43,transition,EXP_S143,ZONE_02,entree_zone,4.1,entree_zone,entree dans la zone
643654338,-53,6,a0:9f:7a:73:2b:3e,384,-110;-96;8;0;34;-13;33;-11;30;-9;26;-8;22;-9;17;-10;14;-13;11;-15;9;-19;9;-22;10;-24;11;-26;13;-26;15;-25;16;-24;16;-22;16;-19;14;-17;12;-15;9;-14;7;-14;4;-15;2;-16;2;-18;1;-20;0;-5;0;0;0;0;0;0;0;0;0;0;0;0;0;0;0;0;0;0;5;1;21;8;20;11;18;13;15;14;12;14;10;12;9;9;9;5;11;1;14;-2;18;-4;22;-4;26;-3;29;-1;30;2;30;5;29;7;27;7;25;6;22;4;21;0;20;-4;21;-8;23;-12;26;-15;29;-17;-112;0;4;-6;4;-6;4;-6;4;-6;5;-5;5;-4;5;-3;6;-3;6;-3;6;-3;6;-2;6;-2;5;-2;5;-1;6;-1;6;0;6;0;6;0;6;0;5;1;5;1;5;1;5;2;5;2;5;2;5;2;5;2;4;2;1;1;0;0;-1;-1;0;-1;0;-1;-1;0;-4;1;-9;2;-10;2;-10;1;-10;0;-10;-1;-9;-2;-9;-3;-9;-3;-9;-4;-9;-4;-8;-5;-8;-5;-7;-6;-6;-6;-6;-7;-5;-8;-5;-8;-5;-8;-4;-8;-3;-7;-2;-8;-2;-8;-1;-8;-1;-8;0;-8;0;-8;1;-7;1;-7;-112;0;27;-11;26;-11;26;-10;25;-10;24;-10;23;-10;23;-10;22;-10;21;-10;20;-10;20;-10;19;-11;19;-11;19;-11;19;-10;19;-10;19;-10;19;-9;19;-9;19;-8;19;-8;19;-7;19;-6;18;-5;18;-4;18;-3;18;-2;18;-1;6;-1;2;0;-1;0;-1;0;-1;0;0;-1;3;-4;9;-9;10;-9;10;-9;11;-8;12;-8;13;-8;14;-9;14;-9;15;-9;16;-9;17;-9;18;-9;18;-8;19;-8;19;-8;20;-8;20;-8;21;-8;21;-9;22;-9;22;-10;23;-10;24;-10;25;-11;25;-11;26;-11;27;-11;27;-12,transition,EXP_S143,ZONE_02,entree_zone,4.1,entree_zone,entree dans la zone
643854537,-53,6,a0:9f:7a:73:2b:3e,384,-110;-96;8;0;-8;-30;-7;-28;-7;-26;-7;-24;-8;-21;-10;-20;-12;-19;-14;-18;-16;-19;-16;-20;-16;-20;-15;-21;-14;-22;-13;-22;-12;-21;-10;-19;-10;-18;-10;-16;-10;-14;-12;-13;-13;-13;-14;-13;-14;-14;-14;-15;-14;-16;-4;-5;0;0;0;0;0;0;0;0;0;0;0;0;0;0;0;0;0;0;-2;-6;-4;-23;-1;-24;2;-24;5;-22;6;-20;7;-18;6;-16;4;-14;1;-14;-1;-15;-4;-17;-5;-20;-5;-23;-4;-25;-3;-27;-1;-28;0;-28;1;-27;1;-26;0;-25;-2;-24;-4;-24;-6;-25;-8;-26;-9;-27;-9;-29;-106;0;-4;-7;-5;-6;-5;-6;-4;-5;-2;-5;0;-6;2;-7;2;-9;2;-10;1;-9;1;-8;2;-7;3;-6;5;-7;6;-7;6;-8;5;-8;4;-7;4;-6;4;-4;5;-4;6;-3;7;-4;7;-5;6;-5;5;-5;4;-4;4;-3;1;-1;0;0;-1;0;-1;-1;-1;-1;0;1;3;4;8;11;8;12;8;12;7;12;5;12;3;12;2;13;0;14;-1;15;-1;15;-1;14;-1;13;-2;11;-4;10;-5;9;-7;9;-7;9;-7;9;-6;8;-5;6;-5;3;-6;2;-8;1;-9;1;-8;1;-7;1;-5;1;-4;0;-106;0;-28;-47;-28;-47;-28;-46;-28;-45;-27;-43;-27;-42;-26;-40;-26;-38;-26;-37;-26;-36;-26;-35;-26;-34;-26;-34;-25;-34;-25;-34;-25;-34;-25;-34;-24;-34;-23;-35;-22;-35;-21;-35;-19;-34;-17;-34;-16;-34;-15;-34;-12;-35;-10;-35;-8;-36;-3;-13;-1;-4;0;1;1;1;0;0;-3;-2;-9;-7;-23;-18;-23;-19;-22;-21;-22;-22;-22;-24;-22;-25;-22;-27;-22;-29;-23;-30;-23;-31;-22;-32;-22;-34;-21;-35;-21;-37;-20;-37;-20;-38;-20;-38;-21;-38;-22;-39;-23;-40;-24;-41;-25;-42;-26;-43;-27;-44;-28;-45;-28;-47;-29;-48;-30;-49,transition,EXP_S143,ZONE_02,entree_zone,4.1,entree_zone,entree dans la zone
644052291,-53,6,a0:9f:7a:73:2b:3e,384,-110;-96;8;0;32;0;30;0;27;0;24;-1;21;-3;20;-6;19;-9;20;-12;21;-14;22;-15;24;-15;25;-14;26;-12;26;-10;25;-8;23;-6;21;-5;19;-5;17;-6;15;-8;14;-10;14;-11;15;-12;17;-13;18;-12;4;-3;0;0;0;0;0;0;0;0;0;0;0;0;0;0;0;0;0;0;4;0;19;3;19;6;18;9;16;10;14;11;12;10;11;8;10;6;12;3;14;1;16;0;19;0;22;1;24;2;25;5;25;6;24;8;23;8;22;7;22;5;22;3;22;0;24;-2;27;-4;30;-5;32;-5;-100;0;5;0;4;0;4;0;4;1;4;1;4;2;4;3;4;3;4;3;4;3;4;3;3;4;3;4;2;4;2;5;2;5;2;5;2;5;1;5;1;4;0;4;0;4;0;4;0;4;0;4;0;4;-1;4;-1;4;-1;1;-1;0;0;-1;0;-1;0;0;-1;0;-3;0;-7;0;-7;0;-7;-1;-7;-1;-7;-2;-7;-2;-6;-3;-6;-4;-6;-4;-6;-4;-6;-5;-5;-5;-4;-5;-4;-5;-3;-6;-3;-6;-2;-6;-2;-6;-1;-5;-1;-5;0;-4;1;-4;2;-4;2;-4;2;-4;2;-3;3;-3;3;-2;-100;0;28;0;27;0;27;0;26;0;26;0;25;0;25;0;24;-1;23;-1;23;-1;23;0;22;-1;22;-1;22;-1;22;0;22;0;22;0;22;1;21;1;21;2;21;3;20;3;19;4;19;5;18;6;18;7;17;8;16;9;5;3;1;1;-1;-1;-1;0;-1;0;1;-1;4;-2;11;-5;11;-5;12;-4;13;-4;13;-4;14;-4;14;-4;15;-3;16;-3;17;-3;18;-2;18;-1;18;-1;19;0;19;0;20;0;20;0;21;0;21;0;22;0;23;-1;24;-1;24;-1;25;-1;26;-1;27;0;28;0;28;0,transition,EXP_S143,ZONE_02,entree_zone,4.1,entree_zone,entree dans la zone
644252967,-54,6,a0:9f:7a:73:2b:3e,384,-110;-96;8;0;38;-17;37;-15;34;-13;29;-12;24;-12;18;-13;14;-16;9;-19;6;-22;4;-26;3;-29;3;-31;4;-32;5;-32;6;-31;6;-29;6;-27;5;-24;2;-22;0;-20;-3;-19;-6;-19;-9;-19;-11;-20;-12;-22;-3;-6;0;0;0;0;0;0;0;0;0;0;0;0;0;0;0;0;0;0;3;6;14;26;11;28;6;29;1;28;-2;24;-4;19;-3;14;0;8;5;4;11;1;18;0;25;2;30;5;33;9;34;14;33;17;31;19;28;19;24;18;22;14;20;9;19;2;20;-4;23;-11;27;-16;30;-18;-107;0;5;-9;5;-9;5;-8;5;-8;5;-6;5;-5;6;-4;6;-4;6;-3;6;-3;6;-3;6;-2;6;-2;6;-1;6;0;6;0;6;0;6;0;6;0;5;1;5;1;5;2;5;2;5;2;5;2;5;2;4;2;4;2;1;0;0;0;-1;-1;0;-1;0;0;-2;0;-6;0;-15;0;-15;-1;-15;-2;-15;-3;-14;-4;-14;-5;-14;-6;-13;-8;-13;-9;-13;-9;-12;-10;-11;-10;-10;-10;-9;-11;-8;-12;-7;-12;-7;-13;-6;-13;-6;-12;-5;-12;-3;-12;-2;-12;-1;-12;-1;-12;0;-12;0;-12;1;-11;1;-10;-107;0;30;-9;30;-9;29;-9;28;-9;27;-10;26;-10;25;-10;24;-11;23;-11;22;-11;22;-11;21;-12;21;-12;21;-13;21;-13;21;-13;21;-13;21;-12;21;-12;21;-12;21;-11;21;-11;21;-10;21;-9;21;-8;21;-7;22;-5;22;-4;8;-2;2;-1;-1;0;-1;0;-1;0;1;-1;4;-2;13;-5;13;-5;14;-5;14;-5;15;-4;16;-4;16;-4;17;-4;18;-4;19;-5;20;-5;20;-4;21;-4;22;-3;22;-3;23;-3;23;-4;24;-4;24;-5;25;-5;26;-6;27;-6;27;-7;28;-7;29;-8;30;-8;31;-9;31;-9,transition,EXP_S143,ZONE_02,entree_zone,4.1,entree_zone,entree dans la zone
644452176,-54,6,a0:9f:7a:73:2b:3e,384,-110;-96;8;0;-8;37;-10;33;-9;29;-7;24;-4;20;1;16;6;14;11;14;15;14;19;16;21;18;21;21;20;24;18;25;15;25;12;23;10;21;9;17;9;13;11;10;13;7;15;5;18;4;21;5;23;7;5;1;0;0;0;0;0;0;0;0;0;0;0;0;0;0;0;0;0;0;-5;4;-21;15;-24;13;-26;10;-26;7;-25;4;-23;3;-19;3;-16;5;-13;7;-11;11;-11;16;-12;20;-14;23;-18;25;-21;25;-24;24;-24;22;-24;20;-22;18;-18;18;-14;18;-9;20;-5;23;-2;27;-1;32;-1;35;-111;0;0;8;-1;8;-1;8;-2;8;-3;8;-3;8;-4;8;-4;8;-5;7;-5;7;-6;7;-6;7;-6;6;-7;6;-7;5;-7;5;-8;5;-8;4;-8;4;-8;3;-8;3;-8;3;-8;2;-8;2;-8;2;-7;1;-7;1;-7;0;-3;0;-1;-1;0;-1;-1;0;-1;0;0;-1;0;-4;1;-9;1;-9;2;-9;3;-9;4;-8;4;-8;5;-8;6;-7;6;-7;6;-6;7;-5;7;-4;7;-4;7;-3;7;-2;7;-1;7;0;7;1;7;1;7;2;6;3;6;3;5;4;5;5;4;6;4;6;3;7;3;7;-111;0;-11;27;-10;27;-10;26;-9;25;-8;24;-7;24;-6;23;-6;23;-5;22;-4;22;-3;21;-3;21;-2;21;-2;21;-2;22;-2;22;-2;22;-2;22;-3;21;-3;21;-3;21;-4;21;-4;21;-5;21;-6;20;-7;20;-8;20;-9;19;-4;7;-2;2;0;-1;0;-2;0;-1;0;1;-1;6;-1;16;-2;16;-3;17;-4;17;-4;17;-5;18;-5;19;-6;19;-7;20;-7;20;-8;21;-8;21;-9;21;-9;22;-10;22;-10;22;-10;22;-10;23;-11;23;-11;24;-11;24;-11;25;-11;26;-11;26;-11;27;-11;28;-11;28;-11;28,transition,EXP_S143,ZONE_02,entree_zone,4.1,entree_zone,entree dans la zone
644652854,-52,6,a0:9f:7a:73:2b:3e,384,-110;-96;8;0;-41;7;-38;6;-35;5;-30;5;-26;7;-22;10;-20;13;-18;16;-18;19;-18;22;-19;24;-21;24;-22;24;-22;23;-22;21;-21;19;-19;18;-17;17;-15;17;-13;17;-11;18;-10;19;-10;20;-10;22;-11;22;-3;5;0;0;0;0;0;0;0;0;0;0;0;0;0;0;0;0;0;0;-7;-4;-27;-14;-25;-18;-22;-21;-18;-22;-14;-21;-11;-17;-10;-13;-11;-8;-14;-4;-19;-1;-24;0;-29;-1;-33;-3;-36;-6;-37;-10;-36;-13;-34;-15;-31;-15;-28;-13;-26;-10;-25;-6;-26;-1;-27;4;-30;8;-34;10;-37;11;-103;0;-7;4;-6;4;-6;4;-6;3;-6;2;-6;1;-6;0;-7;0;-7;0;-7;0;-6;-1;-6;-1;-5;-2;-5;-3;-5;-3;-5;-3;-6;-3;-5;-3;-5;-3;-4;-3;-4;-3;-3;-4;-3;-4;-4;-4;-4;-4;-4;-4;-3;-3;-3;-3;-1;-1;-1;-1;0;0;-1;0;-1;-1;1;-1;4;-1;12;-1;12;0;11;1;11;2;10;3;10;4;10;5;9;6;9;7;9;7;8;7;7;8;6;8;5;8;4;9;3;9;3;9;3;9;2;9;1;8;0;8;-1;8;-2;8;-2;8;-3;8;-3;7;-3;6;-3;6;-103;0;-33;7;-33;7;-32;7;-31;8;-30;8;-29;8;-28;8;-27;9;-26;9;-25;10;-24;10;-24;11;-24;11;-24;11;-24;11;-24;11;-24;10;-24;10;-24;9;-24;9;-24;8;-24;7;-23;7;-23;6;-23;5;-23;4;-23;2;-23;1;-9;0;-3;-1;0;-1;0;-1;0;-1;-2;0;-6;2;-15;7;-15;7;-16;7;-17;6;-18;6;-19;6;-20;6;-21;5;-22;5;-23;5;-23;5;-24;5;-25;5;-26;4;-26;4;-26;4;-27;4;-27;4;-28;4;-29;5;-30;5;-30;5;-31;6;-32;6;-32;7;-33;7;-34;8;-34;8,transition,EXP_S143,ZONE_02,entree_zone,4.1,entree_zone,entree dans la zone
644860201,-53,6,a0:9f:7a:73:2b:3e,384,-110;-96;8;0;4;28;4;26;5;24;6;21;9;19;11;18;14;18;16;18;17;20;18;21;17;22;16;23;13;24;11;23;9;22;8;19;8;16;8;14;10;11;12;10;14;10;16;11;17;13;17;15;17;17;4;4;0;0;0;0;0;0;0;0;0;0;0;0;0;0;0;0;0;0;0;4;2;20;0;21;-4;22;-6;21;-8;20;-9;18;-9;16;-8;14;-5;14;-3;14;-1;15;1;17;2;20;2;23;1;25;0;26;-1;27;-2;27;-2;27;-1;26;0;26;1;27;3;27;4;28;5;30;5;30;-106;0;-3;7;-2;7;-2;6;-3;5;-5;5;-7;6;-8;7;-9;9;-8;9;-8;9;-8;8;-9;7;-10;6;-12;6;-13;7;-13;7;-12;7;-11;7;-11;5;-11;4;-12;2;-13;2;-13;2;-13;2;-12;2;-11;1;-10;0;-9;-1;-4;-1;-1;-1;0;-1;0;0;0;0;-2;-1;-4;-4;-11;-10;-11;-11;-11;-11;-10;-12;-9;-12;-8;-12;-6;-12;-4;-13;-4;-14;-3;-14;-3;-14;-3;-13;-2;-12;-1;-11;1;-10;2;-10;3;-10;2;-10;1;-9;0;-7;0;-5;1;-3;2;-1;3;-1;3;-1;1;-1;-1;-1;-2;0;-106;0;22;52;22;51;22;49;22;48;22;46;22;45;22;43;23;41;23;39;23;38;23;38;23;38;22;38;23;38;23;37;23;37;22;37;22;37;21;37;20;37;18;37;16;37;14;37;13;37;11;37;9;37;7;38;5;38;1;13;0;4;-1;-2;-2;-2;-1;-1;2;2;6;7;17;20;16;21;16;22;16;23;16;25;16;26;16;28;17;29;17;31;17;32;17;34;16;35;16;37;15;38;14;39;15;40;15;41;16;41;17;42;18;43;19;45;20;46;21;47;21;48;21;49;22;51;22;52;22;54,transition,EXP_S143,ZONE_02,entree_zone,4.1,entree_zone,entree dans la zone
645065357,-53,6,a0:9f:7a:73:2b:3e,384,-110;-96;8;0;-38;-16;-34;-16;-29;-15;-24;-11;-20;-7;-18;-1;-17;5;-18;10;-20;15;-23;18;-26;19;-30;19;-32;17;-33;14;-32;10;-30;8;-26;5;-22;5;-18;5;-14;7;-11;11;-10;14;-10;17;-12;20;-14;22;-4;5;0;0;0;0;0;0;0;0;0;0;0;0;0;0;0;0;0;0;-4;-7;-13;-28;-10;-29;-6;-30;-3;-29;-1;-26;-1;-23;-2;-20;-5;-17;-9;-15;-13;-15;-17;-17;-21;-19;-23;-23;-23;-26;-22;-29;-20;-30;-18;-30;-16;-28;-15;-25;-15;-21;-17;-17;-21;-13;-25;-9;-30;-8;-35;-7;-38;-9;-113;0;-11;-1;-11;-2;-11;-2;-10;-2;-10;-3;-9;-4;-9;-5;-9;-6;-9;-6;-9;-7;-9;-7;-8;-7;-7;-8;-7;-8;-6;-9;-6;-10;-6;-10;-6;-10;-5;-10;-4;-9;-4;-10;-3;-10;-2;-10;-2;-10;-2;-10;-2;-10;-1;-10;-1;-9;0;-4;0;-1;0;0;-1;-1;-1;-1;1;0;3;0;9;1;9;2;9;2;8;3;8;4;7;5;6;6;6;6;5;7;5;7;4;7;3;7;2;7;1;8;0;8;-1;8;-2;8;-2;8;-3;7;-4;6;-5;6;-6;5;-7;5;-7;5;-8;5;-8;4;-8;3;-8;2;-113;0;-30;-9;-29;-9;-29;-8;-29;-8;-28;-7;-27;-7;-27;-6;-26;-6;-25;-5;-25;-5;-25;-4;-25;-4;-25;-4;-25;-4;-25;-4;-25;-4;-25;-5;-25;-5;-25;-6;-24;-7;-24;-7;-23;-8;-22;-9;-22;-10;-21;-11;-20;-12;-19;-13;-19;-14;-7;-5;-2;-2;0;0;1;-1;0;-1;-2;0;-7;1;-18;4;-19;3;-20;2;-20;1;-21;0;-22;-1;-23;-1;-23;-2;-24;-3;-25;-4;-25;-5;-26;-6;-26;-7;-26;-8;-26;-8;-26;-9;-26;-9;-26;-9;-26;-9;-27;-9;-28;-9;-28;-9;-29;-9;-29;-9;-30;-9;-30;-10;-31;-10;-31;-10,transition,EXP_S143,ZONE_02,entree_zone,4.1,entree_zone,entree dans la zone
645254010,-53,6,a0:9f:7a:73:2b:3e,384,-110;-96;8;0;8;29;7;27;7;24;7;21;8;19;10;16;13;15;15;15;17;15;18;16;19;17;18;18;18;19;16;20;15;20;13;19;12;18;12;17;12;15;12;14;13;13;14;13;15;13;15;14;15;16;3;4;0;0;0;0;0;0;0;0;0;0;0;0;0;0;0;0;0;0;1;5;3;21;0;21;-3;20;-5;19;-6;16;-5;14;-3;13;0;12;3;13;5;15;6;18;7;21;6;24;4;26;2;27;0;27;-1;26;-2;24;-1;23;1;21;3;21;6;21;8;23;10;24;12;26;12;28;-99;0;5;9;6;8;5;7;4;6;2;6;1;6;-1;8;-1;9;-1;9;0;9;-1;8;-1;7;-3;6;-4;6;-5;7;-6;8;-5;8;-4;8;-3;6;-3;5;-4;4;-6;3;-6;4;-6;5;-6;5;-5;5;-5;5;-4;4;-2;1;-1;0;0;-1;0;0;0;0;-2;-2;-4;-5;-9;-13;-8;-14;-7;-14;-6;-14;-4;-14;-2;-14;0;-14;1;-15;2;-15;2;-15;2;-14;3;-12;4;-11;6;-10;8;-9;9;-9;9;-9;8;-8;7;-7;7;-5;7;-2;8;0;9;1;10;1;9;0;8;1;6;1;5;2;-99;0;28;44;28;43;28;42;28;41;27;40;27;39;27;38;27;37;26;35;26;35;26;34;26;34;26;35;26;35;26;35;25;36;25;36;24;37;23;38;21;39;19;39;17;39;15;39;13;39;10;40;7;40;4;41;2;41;0;15;-1;4;-1;-2;-2;-1;-1;-1;2;0;8;3;23;9;23;10;23;12;24;14;24;15;25;17;25;19;26;21;27;22;27;23;27;25;27;27;26;30;25;31;24;33;24;33;25;34;25;34;26;35;26;36;27;38;27;38;28;39;28;40;29;41;29;43;30;44;30;45,transition,EXP_S143,ZONE_02,entree_zone,4.1,entree_zone,entree dans la zone
645452419,-53,6,a0:9f:7a:73:2b:3e,384,-110;-96;8;0;35;6;32;8;28;7;24;6;20;3;16;-2;15;-6;14;-11;14;-15;15;-18;17;-20;20;-21;22;-21;23;-20;23;-18;23;-16;21;-14;19;-12;16;-12;13;-12;10;-13;8;-14;7;-16;7;-18;7;-20;2;-5;0;0;0;0;0;0;0;0;0;0;0;0;0;0;0;0;0;0;2;5;8;23;5;24;2;23;0;21;-1;18;-1;15;1;12;5;10;10;9;14;10;17;12;20;15;22;18;22;22;20;25;18;26;15;25;13;23;12;20;12;16;13;11;16;6;20;3;24;0;29;0;33;0;-108;0;9;-2;9;-1;9;-1;8;0;8;0;8;1;8;1;7;2;7;2;7;2;6;2;6;3;6;3;5;3;5;4;5;4;4;4;4;4;4;5;3;5;3;5;3;5;2;5;2;5;2;5;1;5;1;5;1;5;0;1;0;0;-1;-1;0;0;0;0;-1;-1;-3;-2;-8;-6;-7;-6;-7;-7;-6;-8;-5;-8;-5;-9;-4;-9;-3;-9;-3;-10;-2;-10;-1;-10;0;-10;0;-10;1;-9;2;-9;3;-9;4;-9;4;-8;4;-8;5;-8;5;-7;6;-7;6;-7;7;-6;7;-6;8;-5;8;-5;8;-4;-108;0;24;9;24;8;24;8;24;7;23;6;23;6;23;5;22;5;22;4;22;4;21;3;21;3;21;3;21;3;21;3;21;4;21;4;21;5;21;5;20;6;20;6;20;7;19;7;18;8;18;9;17;10;16;11;15;12;5;4;1;1;-1;-1;-1;0;-1;0;1;-1;5;-1;14;-2;14;-2;15;-1;15;0;16;1;17;2;17;2;18;3;18;4;19;5;19;5;20;6;20;7;20;8;20;8;20;9;20;9;20;9;21;9;21;9;22;9;22;9;23;9;23;9;24;9;25;9;25;9;26;9,transition,EXP_S143,ZONE_02,entree_zone,4.1,entree_zone,entree dans la zone
645655968,-57,6,a0:9f:7a:73:2b:3e,384,-110;-96;8;0;7;17;5;9;4;0;3;-8;3;-15;3;-22;4;-28;6;-32;7;-35;9;-36;11;-36;13;-34;14;-30;15;-25;14;-19;13;-12;9;-5;5;1;0;7;-6;11;-11;14;-16;16;-21;16;-25;14;-27;13;-7;3;0;0;0;0;0;0;0;0;0;0;0;0;0;0;0;0;0;0;-6;-2;-23;-7;-24;-9;-25;-10;-25;-11;-25;-12;-24;-11;-23;-10;-21;-8;-19;-6;-17;-2;-15;1;-13;5;-11;9;-9;13;-7;17;-5;20;-2;24;1;27;4;30;7;33;9;35;11;37;13;38;14;38;15;37;15;35;109;0;-9;16;-9;16;-9;16;-9;16;-10;16;-10;16;-10;16;-10;17;-9;17;-9;17;-8;17;-9;17;-9;17;-10;18;-10;18;-10;18;-11;17;-11;17;-11;16;-12;15;-12;15;-12;14;-12;14;-12;14;-12;13;-13;12;-13;11;-13;11;-5;3;-2;1;0;-1;0;-1;0;-1;-2;0;-4;1;-10;2;-10;2;-10;2;-10;1;-10;1;-10;1;-10;0;-10;0;-10;0;-10;0;-10;0;-10;1;-10;1;-9;2;-9;2;-8;2;-8;2;-8;3;-9;4;-9;5;-9;6;-8;7;-8;8;-8;9;-8;10;-9;11;-9;12;-9;13;109;0;21;12;21;12;21;12;20;11;19;11;18;10;17;9;16;8;16;7;15;7;15;6;15;5;14;5;14;5;14;4;14;4;14;4;14;4;14;4;13;4;13;5;12;4;11;4;11;4;11;4;11;4;11;5;10;6;3;2;1;0;-1;-1;-1;0;-1;0;1;-1;4;-2;12;-5;13;-4;13;-4;14;-3;15;-2;16;-1;17;0;18;1;19;2;19;3;20;4;20;5;20;6;20;7;20;7;20;8;20;9;21;9;21;10;21;10;21;11;22;11;22;12;23;12;23;12;23;12;23;13;23;13,transition,EXP_S143,ZONE_02,entree_zone,4.1,entree_zone,entree dans la zone
645852725,-54,6,a0:9f:7a:73:2b:3e,384,-110;-96;8;0;25;4;18;0;11;-4;4;-10;-3;-15;-8;-21;-13;-27;-15;-32;-16;-36;-16;-39;-14;-41;-11;-41;-7;-40;-3;-36;1;-30;4;-23;6;-15;6;-6;4;3;1;10;-3;17;-8;21;-14;24;-19;24;-23;24;-6;6;0;0;0;0;0;0;0;0;0;0;0;0;0;0;0;0;0;0;-4;3;-17;13;-18;13;-19;12;-19;11;-19;10;-17;10;-15;11;-12;11;-9;12;-6;14;-3;15;0;17;4;18;7;19;10;19;13;19;17;19;21;18;25;16;30;15;34;14;38;12;41;12;42;11;43;10;42;10;113;0;10;14;10;14;9;14;9;14;9;15;9;16;10;16;11;17;12;16;12;16;12;16;11;16;11;17;11;18;11;19;12;19;11;19;11;19;10;18;9;19;8;19;7;19;7;19;7;19;6;19;5;18;4;18;3;18;1;6;0;2;-1;-1;0;-1;0;-1;-1;0;-3;1;-9;4;-9;4;-9;4;-8;4;-8;3;-8;3;-8;2;-8;2;-8;2;-8;2;-7;3;-7;3;-5;3;-5;3;-4;3;-4;2;-4;3;-3;4;-2;5;-1;6;1;7;2;7;3;7;3;7;4;8;4;9;5;11;5;13;113;0;28;-11;28;-11;28;-11;27;-10;26;-10;24;-9;23;-9;21;-9;19;-10;19;-10;18;-10;18;-10;17;-10;17;-9;15;-9;15;-10;14;-10;14;-11;14;-10;14;-10;14;-9;13;-8;12;-7;11;-8;11;-8;11;-8;11;-7;12;-7;4;-3;1;-1;-1;0;-1;0;-1;0;0;-1;2;-3;6;-8;6;-9;7;-9;8;-9;9;-10;10;-10;12;-10;13;-10;14;-10;15;-10;16;-10;17;-10;18;-10;20;-10;21;-10;21;-10;22;-9;22;-9;23;-10;24;-10;25;-11;25;-11;26;-12;27;-12;28;-12;29;-11;30;-11;30;-11,transition,EXP_S143,ZONE_02,entree_zone,4.1,entree_zone,entree dans la zone
646057643,-54,6,a0:9f:7a:73:2b:3e,384,-110;-96;8;0;-3;21;1;21;5;21;9;21;13;22;16;23;18;24;18;25;18;26;17;26;15;26;12;24;9;21;7;17;5;12;5;6;6;1;8;-5;12;-9;16;-12;20;-13;23;-12;26;-10;28;-7;28;-5;7;-1;0;0;0;0;0;0;0;0;0;0;0;0;0;0;0;0;0;0;-8;-1;-30;-4;-30;-7;-29;-11;-26;-14;-22;-15;-19;-14;-15;-12;-13;-8;-11;-3;-11;3;-12;8;-15;12;-18;16;-22;18;-25;20;-28;20;-30;20;-31;20;-31;20;-30;20;-29;20;-27;20;-24;20;-22;21;-18;21;-16;22;-113;0;-6;-15;-6;-15;-7;-15;-8;-15;-9;-15;-11;-16;-12;-16;-14;-15;-15;-15;-15;-15;-16;-16;-16;-17;-16;-17;-17;-18;-18;-19;-19;-19;-18;-19;-18;-20;-17;-20;-16;-21;-15;-21;-15;-21;-15;-21;-14;-21;-13;-21;-12;-22;-10;-22;-8;-23;-3;-9;-1;-3;0;0;-1;1;-1;0;0;-3;1;-10;6;-27;7;-27;8;-27;9;-26;10;-25;11;-24;13;-24;14;-23;15;-23;15;-22;15;-22;15;-21;15;-19;15;-18;15;-17;15;-16;14;-16;13;-16;12;-16;10;-16;9;-15;8;-15;7;-14;6;-14;4;-15;3;-16;1;-16;0;-16;-113;0;-18;55;-17;54;-16;52;-15;50;-14;48;-12;46;-10;45;-8;43;-7;42;-6;41;-5;40;-4;39;-3;38;-2;38;-1;38;-1;37;-1;37;-1;37;-1;37;-1;36;-2;35;-2;34;-3;33;-3;33;-4;32;-5;32;-7;32;-8;31;-3;11;-2;3;0;-2;-1;-2;-1;-1;1;2;2;9;7;26;6;27;5;29;4;31;3;33;1;35;0;37;-1;38;-3;40;-4;42;-6;43;-8;45;-10;45;-12;46;-13;46;-14;46;-15;47;-15;48;-15;49;-16;50;-16;52;-16;53;-16;54;-17;55;-18;56;-18;57;-19;57;-19;58,transition,EXP_S143,ZONE_02,entree_zone,4.1,entree_zone,entree dans la zone
646256252,-58,6,a0:9f:7a:73:2b:3e,384,-110;-96;8;0;28;12;24;8;21;4;19;-1;17;-7;17;-12;19;-16;21;-20;23;-22;25;-22;27;-22;29;-19;29;-16;28;-12;25;-8;21;-5;16;-3;10;-3;5;-4;0;-6;-3;-10;-5;-13;-6;-17;-5;-20;-4;-22;-1;-6;0;0;0;0;0;0;0;0;0;0;0;0;0;0;0;0;0;0;2;1;11;7;10;8;9;8;9;8;9;8;9;8;10;8;12;8;13;8;14;9;16;10;17;10;18;11;19;12;19;12;20;12;21;11;23;10;25;9;28;8;31;8;34;9;36;9;38;10;39;12;39;13;-117;0;4;9;4;9;4;9;3;9;3;10;3;10;3;11;4;11;4;11;5;11;4;11;4;11;4;11;3;11;3;12;3;12;3;12;3;11;3;11;3;10;2;10;2;10;2;10;2;10;2;10;1;10;1;9;0;9;0;3;-1;1;-1;-1;0;0;0;0;-1;-1;-2;-1;-5;-3;-4;-3;-4;-3;-4;-3;-3;-3;-3;-3;-3;-3;-3;-3;-3;-3;-3;-2;-3;-2;-3;-2;-2;-1;-2;-1;-1;-1;-1;-1;-1;0;-1;0;-1;1;0;2;0;3;1;3;2;4;2;4;2;5;2;5;2;6;2;7;-117;0;32;2;32;2;31;2;30;2;29;2;28;2;26;1;25;1;24;0;23;-1;22;-1;22;-1;21;-1;20;-1;20;-1;19;-1;18;-2;18;-2;17;-2;17;-2;16;-2;15;-2;14;-2;14;-2;13;-2;13;-2;13;-1;13;-1;4;-1;1;0;-1;0;-1;0;-1;0;0;-1;0;-4;1;-10;2;-10;4;-10;5;-10;7;-10;8;-10;9;-10;11;-9;12;-9;14;-9;16;-8;17;-8;18;-7;19;-6;20;-5;21;-5;22;-4;23;-3;24;-3;25;-3;26;-2;27;-2;29;-2;30;-2;31;-1;32;-1;33;0;33;0,transition,EXP_S143,ZONE_02,entree_zone,4.1,entree_zone,entree dans la zone
646452452,-56,6,a0:9f:7a:73:2b:3e,384,-110;-96;8;0;9;15;12;10;16;6;19;2;22;-1;25;-3;28;-4;30;-4;31;-3;30;-1;28;1;26;3;22;5;17;5;11;5;5;3;0;0;-4;-5;-8;-10;-9;-14;-9;-19;-8;-23;-5;-25;-2;-26;1;-26;0;-7;0;0;0;0;0;0;0;0;0;0;0;0;0;0;0;0;0;0;-6;4;-23;17;-25;15;-27;13;-28;11;-28;9;-26;7;-24;6;-21;6;-17;7;-13;9;-9;12;-6;15;-4;19;-2;23;-1;27;-1;31;0;34;0;36;1;37;1;39;2;39;2;39;2;39;3;36;3;34;4;31;-117;0;-12;2;-12;1;-11;1;-12;1;-12;2;-12;2;-12;3;-12;4;-12;5;-12;5;-12;5;-12;5;-12;5;-13;5;-13;6;-13;6;-13;6;-13;5;-13;5;-13;5;-13;4;-13;4;-13;4;-13;4;-12;4;-12;3;-12;2;-12;1;-5;0;-2;0;0;-1;0;0;0;0;-1;-1;-4;-3;-9;-7;-9;-8;-9;-8;-9;-8;-8;-8;-8;-8;-7;-9;-7;-9;-7;-9;-7;-10;-7;-9;-7;-9;-7;-8;-7;-8;-7;-8;-6;-8;-7;-8;-7;-7;-8;-7;-8;-6;-9;-5;-9;-4;-8;-4;-9;-3;-9;-3;-10;-3;-11;-2;-12;-2;-117;0;18;23;18;22;17;21;16;20;15;18;15;17;14;15;14;14;14;12;13;11;13;10;13;10;12;9;12;7;12;6;12;5;12;5;12;4;12;4;12;3;12;3;11;2;12;2;12;2;12;2;12;2;12;3;12;3;4;1;1;0;-1;-1;-1;-1;-1;-1;1;0;4;3;12;8;13;9;13;10;13;10;14;11;14;12;14;13;14;14;15;15;15;16;15;17;15;18;15;19;15;19;15;20;15;21;15;21;15;21;16;21;16;21;17;22;18;22;18;23;18;23;19;24;19;24;19;24;19;24,transition,EXP_S143,ZONE_02,entree_zone,4.1,entree_zone,entree dans la zone
646652542,-62,6,a0:9f:7a:73:2b:3e,384,-110;-96;8;0;-29;3;-33;5;-35;6;-36;6;-34;5;-32;4;-28;3;-24;2;-19;0;-13;-1;-7;-2;-2;-3;4;-3;9;-3;13;-2;17;-1;20;1;22;3;23;5;23;8;22;10;21;12;19;14;17;15;15;16;3;4;0;0;0;0;0;0;0;0;0;0;0;0;0;0;0;0;0;0;-4;2;-17;11;-19;13;-22;14;-23;14;-24;15;-23;14;-21;13;-17;11;-13;8;-7;5;-1;2;5;-2;11;-5;17;-8;22;-11;26;-13;29;-16;30;-18;30;-19;28;-19;24;-18;19;-17;13;-15;6;-12;-2;-9;-8;-6;104;0;-3;15;-3;15;-3;15;-4;15;-4;14;-5;14;-5;14;-5;14;-6;14;-6;14;-6;14;-6;14;-6;14;-6;14;-6;14;-6;14;-7;14;-7;14;-7;14;-7;14;-6;15;-6;15;-6;15;-6;15;-6;15;-7;15;-7;15;-8;15;-3;5;-1;1;0;-1;-1;-1;-1;-1;0;0;2;3;6;9;6;10;6;11;5;11;5;11;5;11;5;12;5;12;5;13;5;13;5;13;5;13;5;14;4;13;4;14;3;14;3;14;3;14;3;14;3;14;3;14;2;14;2;14;1;15;1;15;0;15;0;15;1;15;104;0;-17;-17;-16;-17;-16;-16;-15;-15;-14;-14;-14;-14;-13;-13;-13;-12;-12;-11;-11;-11;-10;-10;-10;-10;-9;-10;-9;-10;-8;-10;-7;-10;-7;-10;-6;-10;-5;-9;-4;-9;-3;-9;-2;-8;-2;-8;-2;-8;-1;-8;0;-8;1;-8;1;-8;0;-3;0;-1;0;0;-1;0;-1;0;0;-2;0;-5;2;-12;2;-13;2;-13;1;-13;1;-13;0;-14;-1;-14;-1;-15;-1;-15;-2;-16;-3;-16;-4;-16;-4;-17;-5;-17;-6;-18;-6;-18;-7;-18;-8;-17;-9;-17;-10;-17;-11;-18;-12;-18;-13;-18;-14;-18;-15;-18;-15;-17;-16;-17;-17;-17,transition,EXP_S143,ZONE_02,entree_zone,4.1,entree_zone,entree dans la zone
646853509,-54,6,a0:9f:7a:73:2b:3e,384,-110;-96;8;0;7;23;9;20;12;17;14;15;16;12;19;10;21;8;23;7;25;6;27;5;28;6;28;7;28;9;26;10;23;11;20;11;16;10;12;8;9;6;6;3;5;-1;4;-5;4;-9;6;-12;7;-13;2;-4;0;0;0;0;0;0;0;0;0;0;0;0;0;0;0;0;0;0;-3;3;-10;16;-14;17;-19;17;-23;16;-26;13;-27;10;-27;7;-25;4;-21;2;-17;2;-12;3;-8;6;-4;10;-1;15;0;20;0;24;0;28;-1;32;-2;34;-3;36;-3;36;-3;36;-3;35;-2;34;0;33;1;32;-108;0;-7;1;-7;1;-6;1;-6;2;-6;2;-6;3;-6;4;-6;5;-5;6;-5;6;-4;6;-4;6;-5;6;-5;7;-5;7;-5;8;-5;9;-4;9;-4;9;-4;8;-4;8;-5;8;-5;8;-5;9;-5;9;-5;9;-5;9;-5;9;-2;3;-1;0;0;-1;0;0;0;0;-2;-1;-4;-2;-11;-4;-11;-5;-12;-5;-12;-6;-12;-6;-11;-6;-11;-7;-11;-7;-10;-8;-11;-9;-11;-9;-11;-9;-10;-9;-10;-9;-9;-8;-8;-8;-8;-8;-8;-8;-9;-8;-9;-7;-9;-6;-8;-5;-8;-5;-7;-5;-7;-4;-7;-4;-8;-3;-8;-3;-108;0;10;27;10;26;10;26;10;25;10;24;10;23;10;22;9;21;9;20;9;20;9;19;9;18;9;18;8;17;8;17;8;16;7;16;7;15;7;15;6;14;6;14;5;13;4;13;4;12;3;11;3;11;2;11;2;11;0;4;0;1;-1;-1;-1;-1;-1;-1;0;1;1;3;5;10;4;11;4;11;4;12;5;12;5;13;5;14;5;15;5;16;5;17;5;17;5;18;5;19;5;20;6;20;5;21;6;21;6;21;6;22;7;22;8;23;9;24;9;25;9;26;10;26;10;27;10;27;11;28,transition,EXP_S143,ZONE_02,entree_zone,4.1,entree_zone,entree dans la zone
647055461,-57,6,a0:9f:7a:73:2b:3e,384,-110;-96;8;0;34;-26;32;-25;27;-22;21;-18;15;-14;7;-8;1;-2;-6;4;-11;10;-16;15;-19;21;-21;25;-22;29;-22;31;-20;32;-18;31;-15;29;-11;26;-7;21;-2;15;2;9;6;3;10;-3;14;-9;17;-13;4;-4;0;0;0;0;0;0;0;0;0;0;0;0;0;0;0;0;0;0;4;-5;20;-17;22;-16;23;-14;22;-12;21;-8;18;-4;13;0;7;4;0;8;-7;11;-14;14;-21;16;-26;17;-30;17;-32;17;-32;16;-31;15;-28;12;-23;10;-16;6;-9;2;0;-3;8;-8;16;-12;24;-17;29;-21;89;0;10;-21;10;-20;10;-20;10;-19;10;-17;10;-16;10;-15;11;-15;11;-15;10;-15;10;-15;9;-14;9;-14;10;-13;10;-13;11;-13;11;-13;11;-13;10;-13;10;-12;10;-11;10;-10;11;-10;11;-10;11;-10;11;-10;11;-10;11;-10;4;-4;1;-1;-1;0;0;0;0;0;-2;-1;-6;-3;-16;-9;-15;-10;-15;-11;-14;-12;-13;-13;-13;-14;-12;-15;-11;-17;-11;-18;-10;-18;-9;-19;-8;-19;-7;-19;-5;-20;-4;-20;-3;-21;-2;-21;-2;-21;-1;-20;0;-20;1;-20;2;-21;3;-21;4;-22;4;-22;5;-22;6;-21;6;-21;89;0;18;-9;17;-10;16;-11;15;-12;15;-13;14;-14;14;-14;13;-14;11;-15;10;-15;9;-16;9;-18;8;-19;8;-19;8;-20;8;-20;7;-20;7;-21;7;-21;7;-22;7;-22;8;-22;8;-21;9;-21;9;-20;10;-20;11;-20;12;-20;4;-7;1;-3;-1;0;-1;-1;-1;-1;0;0;2;0;7;2;7;2;7;1;8;1;9;1;10;1;10;2;10;2;11;1;11;1;12;0;13;0;14;1;14;1;14;1;14;1;14;0;15;-1;16;-2;17;-2;17;-3;18;-3;18;-4;17;-5;18;-6;18;-7;19;-8;20;-9,transition,EXP_S143,ZONE_02,entree_zone,4.1,entree_zone,entree dans la zone
647258336,-57,6,a0:9f:7a:73:2b:3e,384,-110;-96;8;0;-29;23;-27;19;-23;16;-18;14;-12;14;-7;14;-2;17;1;20;3;24;4;28;2;31;0;33;-4;33;-6;31;-8;28;-9;24;-8;19;-5;15;-1;13;3;12;7;12;11;14;14;17;15;21;14;25;3;6;0;0;0;0;0;0;0;0;0;0;0;0;0;0;0;0;0;0;-6;1;-23;3;-24;1;-25;-2;-25;-4;-23;-5;-22;-6;-20;-5;-18;-3;-17;0;-17;3;-18;6;-20;8;-23;10;-26;11;-28;10;-29;9;-29;8;-28;8;-26;8;-24;10;-22;12;-21;16;-20;20;-21;24;-23;26;-25;28;-103;0;-7;4;-7;4;-8;4;-9;3;-9;3;-10;2;-10;2;-10;1;-11;1;-11;0;-11;0;-11;-1;-11;-2;-11;-3;-11;-3;-11;-4;-11;-4;-11;-5;-11;-5;-10;-6;-10;-6;-9;-6;-9;-7;-9;-7;-8;-7;-8;-8;-7;-8;-7;-8;-3;-3;-1;-1;0;0;-1;0;-1;0;0;-1;0;-3;2;-7;2;-7;3;-6;4;-6;4;-5;4;-5;5;-4;5;-4;5;-3;5;-3;5;-2;5;-2;5;-1;5;0;4;0;4;1;4;2;3;2;3;3;2;3;1;3;1;4;0;4;-1;4;-2;4;-3;4;-4;4;-4;4;-103;0;-25;18;-24;17;-24;17;-23;16;-22;16;-21;16;-20;16;-19;15;-18;15;-17;15;-17;15;-16;15;-15;15;-15;16;-15;16;-15;16;-16;16;-16;16;-16;15;-17;15;-17;15;-17;14;-18;14;-18;13;-19;12;-20;11;-21;10;-22;9;-8;3;-3;0;0;-1;0;-1;0;-1;-1;1;-4;5;-9;13;-10;13;-11;13;-11;13;-12;13;-13;13;-13;14;-14;14;-14;14;-15;14;-16;14;-17;14;-17;14;-18;14;-18;14;-19;14;-19;15;-20;15;-20;15;-21;16;-21;16;-22;17;-22;18;-23;18;-23;18;-24;19;-25;19;-25;19,transition,EXP_S143,ZONE_02,entree_zone,4.1,entree_zone,entree dans la zone
647452554,-53,6,a0:9f:7a:73:2b:3e,384,-110;-96;8;0;38;31;33;30;27;26;22;20;17;13;13;5;11;-4;11;-12;11;-20;13;-26;16;-31;19;-33;22;-34;25;-33;26;-31;25;-27;23;-23;20;-20;15;-17;10;-15;4;-14;-2;-14;-8;-15;-12;-18;-15;-21;-4;-6;0;0;0;0;0;0;0;0;0;0;0;0;0;0;0;0;0;0;-7;0;-25;2;-24;0;-22;-2;-19;-3;-15;-3;-11;0;-7;4;-5;10;-3;16;-3;23;-4;28;-7;32;-10;35;-14;35;-16;34;-17;31;-16;27;-13;23;-8;19;-1;15;7;13;16;13;25;13;33;15;39;18;43;22;-128;0;16;9;16;9;15;9;14;9;13;9;12;10;11;11;11;11;11;11;11;11;10;11;10;11;9;11;8;11;7;12;7;12;7;12;7;12;6;11;5;11;4;11;3;11;3;11;3;11;3;11;2;11;2;11;1;11;0;4;0;1;-1;-1;0;0;-1;0;-1;-1;-1;-4;-3;-10;-2;-10;-1;-10;0;-10;1;-10;3;-10;4;-10;5;-10;6;-10;7;-10;8;-9;8;-8;9;-7;10;-6;11;-6;12;-5;12;-5;13;-4;13;-3;13;-1;14;0;15;1;15;2;16;2;16;3;16;4;16;4;16;5;-128;0;23;22;23;21;23;20;23;20;23;19;22;18;22;17;21;16;20;15;20;15;20;14;21;13;21;13;21;13;21;13;21;13;21;13;21;13;21;13;21;13;21;14;20;14;19;15;18;16;18;16;17;17;15;18;15;19;5;7;1;2;-1;-1;-1;-1;-1;-1;1;0;4;2;11;6;11;6;12;7;12;8;12;8;13;9;13;10;14;10;14;11;15;12;16;13;16;14;16;15;16;15;16;16;17;16;17;16;18;17;19;17;19;18;20;19;21;19;21;19;22;20;23;20;24;21;25;22;25;22,transition,EXP_S143,ZONE_02,entree_zone,4.1,entree_zone,entree dans la zone
647652409,-53,6,a0:9f:7a:73:2b:3e,384,-110;-96;8;0;-11;45;-13;42;-14;37;-13;32;-10;26;-6;21;-1;16;5;13;11;11;17;10;21;12;25;14;27;17;28;19;26;22;24;23;21;22;18;20;15;17;13;13;11;9;11;4;12;0;15;-3;17;-5;4;-2;0;0;0;0;0;0;0;0;0;0;0;0;0;0;0;0;0;0;-7;-1;-26;-3;-27;-5;-26;-9;-24;-11;-21;-11;-18;-10;-16;-7;-14;-3;-14;3;-15;8;-17;13;-21;16;-26;18;-31;18;-34;17;-36;15;-35;12;-33;10;-30;9;-25;10;-19;12;-14;15;-9;20;-5;26;-4;33;-3;38;-110;0;4;12;3;12;2;12;1;12;1;12;0;12;-1;12;-1;11;-1;11;-2;11;-2;11;-3;11;-3;11;-3;10;-4;10;-4;10;-5;9;-5;9;-5;9;-5;9;-6;8;-6;8;-6;8;-6;7;-6;7;-7;6;-7;6;-7;6;-3;2;-1;0;0;-1;-1;0;-1;0;0;-2;1;-4;4;-9;4;-9;5;-8;6;-8;7;-7;8;-6;8;-6;9;-5;9;-4;10;-3;10;-2;10;-1;10;0;10;1;10;2;10;2;9;3;9;4;9;5;9;6;8;6;8;7;8;8;7;8;7;9;6;10;6;11;5;11;-110;0;-17;28;-17;27;-16;26;-15;26;-14;25;-13;24;-12;24;-11;23;-10;23;-10;22;-9;22;-8;22;-7;22;-7;22;-7;22;-7;22;-7;21;-7;21;-7;21;-7;21;-7;20;-7;20;-8;20;-8;19;-9;19;-10;19;-11;18;-12;18;-5;6;-2;1;0;-1;0;-1;0;-1;-1;1;-2;5;-4;14;-5;14;-6;14;-7;15;-7;15;-8;16;-8;17;-9;18;-10;18;-11;19;-12;20;-13;20;-13;20;-14;20;-14;21;-15;21;-15;21;-15;22;-16;22;-16;23;-16;24;-16;25;-17;26;-17;27;-17;27;-17;28;-18;28;-18;29,transition,EXP_S143,ZONE_02,entree_zone,4.1,entree_zone,entree dans la zone
647854931,-54,6,a0:9f:7a:73:2b:3e,384,-110;-96;8;0;-39;-19;-33;-17;-26;-14;-19;-9;-13;-2;-8;6;-5;13;-4;21;-5;28;-7;33;-10;37;-14;39;-18;38;-21;35;-22;31;-22;25;-20;18;-15;12;-9;7;-2;4;6;3;13;3;19;6;23;10;26;14;6;3;0;0;0;0;0;0;0;0;0;0;0;0;0;0;0;0;0;0;0;-3;3;-13;4;-15;6;-17;7;-19;8;-20;8;-20;8;-21;7;-21;6;-22;5;-22;3;-23;1;-23;-1;-24;-3;-24;-4;-24;-6;-23;-8;-22;-12;-20;-16;-18;-20;-15;-25;-13;-31;-12;-36;-12;-41;-13;-44;-14;-46;-15;-127;0;-16;-8;-16;-8;-16;-8;-15;-9;-15;-9;-14;-10;-15;-11;-15;-12;-16;-12;-16;-12;-16;-12;-15;-12;-14;-13;-14;-14;-13;-15;-13;-15;-13;-16;-12;-16;-11;-16;-10;-16;-9;-16;-8;-16;-7;-16;-7;-16;-6;-16;-5;-16;-4;-16;-3;-16;-1;-6;-1;-2;0;0;0;0;-1;0;-1;-1;0;-3;0;-7;0;-7;1;-6;1;-6;1;-6;1;-5;1;-5;1;-4;1;-4;1;-3;1;-4;1;-4;0;-3;-1;-3;-2;-2;-3;-2;-3;-2;-3;-2;-4;-2;-5;-3;-6;-3;-8;-3;-9;-3;-10;-3;-11;-3;-11;-4;-12;-5;-12;-6;-127;0;-32;-4;-32;-4;-31;-4;-30;-4;-29;-4;-28;-4;-27;-3;-26;-3;-25;-2;-24;-1;-24;0;-23;0;-23;0;-23;0;-23;0;-22;0;-22;0;-22;0;-22;0;-22;0;-22;-1;-22;-2;-21;-2;-21;-2;-21;-3;-21;-4;-21;-5;-21;-6;-8;-3;-3;-1;0;0;0;-1;0;-1;-2;0;-4;1;-11;3;-12;3;-12;3;-13;2;-14;2;-15;2;-16;2;-17;2;-18;2;-19;2;-20;1;-21;1;-22;0;-23;0;-24;0;-24;-1;-25;-1;-26;-1;-26;-2;-27;-2;-28;-2;-29;-2;-30;-2;-31;-2;-32;-2;-33;-2;-34;-3;-34;-3,transition,EXP_S143,ZONE_02,entree_zone,4.1,entree_zone,entree dans la zone
648052286,-54,6,a0:9f:7a:73:2b:3e,384,-110;-96;8;0;-41;21;-40;18;-37;14;-32;10;-26;8;-19;7;-11;7;-4;9;2;12;7;15;11;20;12;24;12;28;10;31;8;32;5;32;2;30;-1;26;-2;21;-2;16;0;10;2;6;6;2;11;0;14;-1;3;-1;0;0;0;0;0;0;0;0;0;0;0;0;0;0;0;0;0;0;-2;-5;-5;-20;-5;-21;-3;-22;-2;-22;-2;-21;-2;-19;-4;-17;-6;-14;-10;-13;-14;-11;-18;-11;-22;-12;-26;-14;-28;-16;-29;-18;-28;-20;-27;-20;-25;-19;-23;-16;-21;-12;-20;-7;-20;0;-21;7;-24;13;-28;19;-31;22;-120;0;-6;13;-6;13;-6;13;-6;13;-7;12;-7;12;-8;11;-8;11;-9;11;-9;11;-9;11;-9;10;-9;10;-9;9;-10;9;-10;9;-10;9;-10;9;-10;8;-10;8;-10;7;-10;6;-11;6;-11;5;-11;5;-11;5;-11;4;-11;4;-4;1;-2;0;0;-1;-1;0;-1;0;0;-1;1;-1;4;-3;5;-3;5;-2;5;-2;5;-1;5;0;5;1;6;1;6;2;6;2;6;3;5;3;5;4;4;5;4;6;3;6;3;7;3;7;3;8;2;8;1;8;0;9;0;10;-1;11;-1;12;-2;12;-2;12;-3;12;-120;0;-28;13;-27;13;-26;13;-25;13;-24;13;-23;13;-22;13;-20;13;-19;13;-18;13;-17;13;-16;13;-16;14;-15;14;-15;14;-14;13;-14;13;-14;13;-13;13;-13;13;-13;13;-13;13;-13;12;-13;12;-13;11;-13;11;-14;10;-14;10;-5;3;-2;1;0;-1;0;-1;0;-1;-2;0;-5;2;-12;6;-12;6;-13;6;-14;6;-15;6;-16;6;-16;7;-17;7;-18;7;-19;8;-20;8;-21;8;-22;7;-22;7;-23;7;-23;7;-23;8;-24;8;-24;9;-25;9;-26;10;-26;11;-27;11;-27;12;-28;12;-28;13;-29;13;-29;14,transition,EXP_S143,ZONE_02,entree_zone,4.1,entree_zone,entree dans la zone
648252388,-53,6,a0:9f:7a:73:2b:3e,384,-110;-96;8;0;47;1;44;4;39;5;32;5;25;4;17;2;10;-3;4;-7;-2;-13;-5;-18;-8;-24;-8;-29;-7;-32;-5;-34;-2;-35;0;-33;2;-30;3;-26;3;-21;2;-15;-1;-10;-4;-5;-8;-2;-13;1;-17;2;-5;0;0;0;0;0;0;0;0;0;0;0;0;0;0;0;0;0;0;0;-6;3;-21;13;-22;12;-22;10;-21;9;-19;7;-15;7;-11;8;-6;10;-1;14;3;18;5;23;7;27;7;32;6;35;4;37;2;36;1;34;1;30;2;25;4;20;8;14;14;8;20;2;27;-2;34;-4;39;-5;-120;0;15;-7;15;-7;15;-7;15;-6;15;-6;15;-5;14;-4;15;-3;15;-3;15;-3;14;-3;14;-3;14;-2;13;-1;13;-1;14;0;14;0;14;1;13;1;13;1;12;2;12;2;12;3;12;3;11;3;11;4;11;4;11;4;3;1;1;0;-1;-1;0;0;0;0;-1;-1;-3;-2;-7;-5;-7;-6;-7;-6;-6;-7;-5;-8;-5;-8;-4;-9;-3;-10;-2;-11;-2;-11;-1;-11;0;-11;1;-11;2;-11;3;-11;4;-11;5;-11;5;-11;5;-11;6;-10;8;-10;9;-10;10;-10;11;-11;11;-11;11;-10;12;-10;12;-9;-120;0;28;8;27;7;27;6;26;5;25;4;25;4;24;3;22;3;21;2;21;1;20;0;20;-1;19;-1;19;-2;19;-2;18;-2;18;-2;18;-3;18;-3;18;-3;18;-3;18;-3;17;-2;17;-2;17;-2;17;-1;17;0;17;1;6;0;1;0;-1;0;-1;-1;-1;-1;1;0;5;0;14;1;14;2;15;2;15;3;16;3;17;4;17;4;18;5;19;5;20;5;20;6;21;6;21;7;22;7;22;8;22;8;22;8;23;8;24;8;25;8;26;8;26;8;27;8;27;7;28;7;29;7;30;7;31;7,transition,EXP_S143,ZONE_02,entree_zone,4.1,entree_zone,entree dans la zone
648452439,-53,6,a0:9f:7a:73:2b:3e,384,-110;-96;8;0;-31;26;-29;21;-25;17;-20;13;-14;10;-7;8;0;8;6;10;11;12;15;15;17;19;18;23;17;26;14;28;11;29;7;27;4;24;1;20;0;14;1;9;3;4;6;0;10;-3;15;-4;18;-4;4;-1;0;0;0;0;0;0;0;0;0;0;0;0;0;0;0;0;0;0;-4;-4;-13;-14;-13;-14;-13;-14;-13;-13;-13;-12;-14;-10;-16;-8;-18;-6;-20;-5;-23;-4;-25;-4;-27;-5;-29;-5;-29;-7;-29;-7;-27;-7;-25;-6;-23;-4;-20;-1;-18;4;-17;9;-17;15;-17;20;-19;25;-22;29;-24;31;-122;0;-15;23;-15;23;-16;23;-16;22;-17;21;-18;20;-19;19;-20;19;-20;19;-20;19;-20;18;-20;17;-21;16;-22;14;-23;13;-24;13;-25;12;-25;12;-25;10;-24;9;-24;7;-24;6;-24;4;-25;4;-25;3;-24;2;-24;1;-23;-1;-9;-1;-3;-1;0;-1;-1;0;-1;0;0;-1;1;-2;4;-3;4;-3;4;-3;4;-2;4;-1;4;1;5;2;5;3;6;4;5;4;5;5;4;6;2;7;2;8;2;10;2;12;2;12;2;12;0;13;-1;14;-3;15;-4;17;-5;18;-5;19;-6;20;-7;20;-8;20;-10;20;-122;0;-37;40;-36;39;-35;39;-33;38;-32;37;-31;36;-29;35;-27;34;-26;32;-24;31;-23;31;-22;31;-21;31;-21;31;-20;30;-20;30;-19;30;-19;29;-19;29;-20;29;-20;28;-20;27;-21;26;-21;25;-22;24;-23;23;-24;22;-25;22;-10;7;-3;2;0;-1;0;-2;0;-1;-1;3;-3;10;-8;28;-9;28;-11;29;-12;29;-14;30;-15;31;-17;32;-18;33;-20;34;-21;35;-23;35;-25;35;-26;35;-28;35;-29;34;-30;35;-30;35;-30;36;-31;37;-32;38;-33;38;-34;39;-34;40;-35;41;-36;42;-36;43;-37;43;-38;44,transition,EXP_S143,ZONE_02,entree_zone,4.1,entree_zone,entree dans la zone
648652292,-53,6,a0:9f:7a:73:2b:3e,384,-110;-96;8;0;-22;-34;-18;-30;-15;-25;-12;-19;-11;-12;-12;-5;-15;1;-18;6;-22;9;-26;11;-30;10;-33;8;-34;5;-34;1;-32;-2;-28;-5;-23;-6;-18;-6;-13;-3;-9;0;-6;5;-5;9;-5;14;-7;18;-9;20;-3;5;0;0;0;0;0;0;0;0;0;0;0;0;0;0;0;0;0;0;0;-5;3;-20;3;-20;3;-20;3;-20;3;-21;2;-21;1;-22;0;-23;-2;-25;-3;-27;-3;-28;-3;-30;-2;-30;-2;-30;-1;-30;-1;-28;-3;-26;-5;-24;-9;-22;-13;-21;-17;-20;-22;-21;-27;-23;-31;-25;-33;-29;-33;-32;-119;0;-8;-12;-8;-12;-8;-12;-8;-11;-7;-12;-6;-12;-5;-13;-5;-13;-5;-14;-6;-14;-5;-13;-5;-13;-4;-13;-3;-13;-3;-14;-2;-14;-2;-14;-2;-14;-1;-13;-1;-12;0;-12;1;-12;1;-12;2;-12;2;-12;2;-12;2;-11;3;-10;1;-4;0;-1;-1;0;-1;-1;-1;-1;0;-1;0;0;2;0;2;0;2;0;1;0;1;0;0;0;-1;0;-1;1;-1;1;-2;1;-2;1;-2;0;-3;-1;-4;-1;-5;-1;-5;-1;-5;-1;-5;-2;-5;-2;-5;-4;-6;-5;-7;-6;-8;-6;-8;-6;-8;-7;-8;-7;-8;-8;-7;-9;-119;0;-23;-21;-23;-20;-23;-20;-22;-19;-21;-19;-20;-18;-19;-17;-18;-16;-18;-15;-17;-14;-18;-13;-18;-13;-17;-13;-17;-13;-17;-12;-17;-12;-16;-12;-16;-12;-16;-12;-16;-13;-15;-13;-14;-13;-14;-13;-13;-13;-13;-13;-12;-14;-11;-14;-11;-15;-4;-6;-1;-2;0;0;1;-1;0;0;-2;0;-6;0;-17;0;-17;-1;-17;-2;-18;-3;-19;-4;-19;-5;-20;-6;-21;-7;-21;-8;-22;-9;-22;-10;-23;-11;-23;-12;-23;-13;-23;-13;-22;-14;-23;-15;-23;-15;-23;-16;-23;-17;-24;-17;-24;-18;-25;-18;-25;-18;-26;-19;-26;-20;-26;-20;-26;-21,transition,EXP_S143,ZONE_02,entree_zone,4.1,entree_zone,entree dans la zone
648852172,-52,6,a0:9f:7a:73:2b:3e,384,-110;-96;8;0;-15;42;-15;36;-12;29;-8;22;-2;15;5;10;13;6;21;4;28;4;34;6;38;9;40;13;40;17;38;20;34;23;28;23;22;22;16;18;11;12;7;5;6;-3;7;-10;9;-16;14;-21;18;-23;4;-6;0;0;0;0;0;0;0;0;0;0;0;0;0;0;0;0;0;0;-5;-2;-17;-7;-18;-7;-18;-8;-18;-8;-18;-7;-18;-5;-19;-3;-20;0;-21;2;-23;4;-25;6;-27;7;-29;7;-29;7;-29;7;-27;7;-25;8;-21;10;-17;13;-13;17;-10;22;-7;28;-5;35;-5;40;-6;45;-7;48;127;0;-7;16;-6;16;-6;16;-6;15;-7;14;-9;14;-10;14;-11;14;-11;15;-11;15;-10;15;-10;14;-11;13;-12;12;-13;12;-14;13;-15;13;-14;12;-14;12;-14;10;-14;9;-15;8;-16;7;-16;7;-16;7;-16;6;-16;5;-16;4;-6;1;-2;0;0;-1;0;0;-1;0;-1;-1;-1;-2;-1;-4;-1;-4;-1;-4;-1;-4;0;-3;0;-2;1;-2;2;-2;2;-2;2;-2;2;-1;2;0;2;1;2;2;2;3;2;4;2;4;2;4;1;5;0;6;-1;8;-1;9;-1;11;-1;11;-1;12;-2;12;-3;12;-4;12;127;0;-5;32;-4;31;-4;31;-4;31;-4;30;-4;29;-3;28;-3;27;-2;26;-1;25;-1;25;-1;25;-1;25;-1;25;-1;25;-1;24;-1;24;-1;24;-1;24;-2;24;-3;24;-4;23;-5;22;-5;22;-6;21;-7;21;-8;20;-9;20;-4;7;-2;2;0;-1;-1;-1;-1;-1;0;1;1;4;3;12;3;13;3;14;2;14;2;15;2;16;1;17;1;18;1;19;1;20;0;21;-1;22;-1;22;-2;23;-3;23;-3;24;-3;25;-3;25;-3;26;-4;27;-4;28;-4;29;-4;29;-3;30;-3;31;-4;32;-4;33;-4;34,transition,EXP_S143,ZONE_02,entree_zone,4.1,entree_zone,entree dans la zone
649054160,-51,6,a0:9f:7a:73:2b:3e,384,-110;-96;8;0;-24;-24;-23;-24;-21;-23;-19;-21;-18;-19;-18;-16;-18;-14;-19;-11;-20;-10;-22;-9;-23;-9;-24;-10;-25;-11;-24;-13;-22;-14;-20;-14;-18;-14;-16;-12;-14;-11;-14;-9;-14;-7;-14;-5;-15;-4;-17;-4;-18;-5;-5;-2;0;0;0;0;0;0;0;0;0;0;0;0;0;0;0;0;0;0;-4;-4;-14;-15;-12;-17;-10;-20;-8;-20;-6;-20;-4;-19;-3;-17;-4;-15;-6;-14;-8;-12;-11;-13;-14;-14;-16;-16;-17;-19;-18;-22;-17;-24;-16;-26;-14;-26;-13;-26;-13;-24;-13;-23;-15;-21;-17;-20;-19;-19;-22;-19;-24;-20;-104;0;-7;-1;-7;-2;-7;-2;-7;-3;-6;-4;-6;-5;-5;-5;-5;-6;-4;-7;-4;-7;-4;-8;-3;-8;-3;-8;-2;-8;-1;-9;-1;-9;0;-9;0;-10;1;-10;1;-9;1;-9;2;-9;3;-9;3;-9;4;-8;4;-8;4;-8;4;-8;1;-3;0;-1;-1;0;-1;-1;-1;-1;1;0;3;2;9;7;8;7;8;8;7;9;7;10;6;10;5;11;4;11;3;12;3;12;2;12;1;12;0;12;-1;11;-2;11;-3;11;-4;10;-4;10;-4;9;-4;8;-5;8;-6;7;-6;6;-7;6;-7;5;-7;4;-7;3;-8;2;-104;0;-32;-51;-31;-50;-31;-49;-30;-47;-30;-46;-29;-44;-29;-42;-28;-41;-27;-40;-27;-38;-26;-37;-26;-36;-26;-35;-26;-35;-25;-35;-24;-34;-24;-34;-23;-34;-22;-33;-21;-33;-20;-33;-19;-32;-17;-32;-16;-32;-14;-31;-13;-32;-11;-32;-9;-32;-3;-12;-1;-4;0;0;1;0;0;0;-3;-2;-8;-5;-21;-15;-21;-16;-21;-17;-21;-19;-22;-20;-22;-22;-23;-23;-24;-25;-24;-27;-25;-29;-25;-30;-25;-32;-24;-34;-24;-35;-24;-36;-24;-37;-24;-38;-25;-39;-26;-40;-27;-41;-28;-42;-30;-43;-31;-44;-32;-46;-32;-47;-33;-48;-33;-50;-33;-51,transition,EXP_S143,ZONE_02,entree_zone,4.1,entree_zone,entree dans la zone
649259106,-53,6,a0:9f:7a:73:2b:3e,384,-110;-96;8;0;-31;30;-29;25;-25;21;-19;17;-12;15;-5;14;1;15;7;18;12;21;14;26;15;30;14;33;11;36;8;36;4;35;0;32;-2;27;-3;22;-2;16;1;11;5;7;10;5;14;4;19;5;22;7;5;2;0;0;0;0;0;0;0;0;0;0;0;0;0;0;0;0;0;0;-6;-2;-22;-6;-22;-8;-21;-10;-19;-11;-17;-10;-16;-9;-15;-6;-16;-3;-17;0;-20;3;-23;5;-26;6;-29;6;-31;5;-31;3;-31;2;-29;2;-26;3;-23;5;-21;8;-19;13;-18;19;-18;24;-19;30;-22;33;-24;35;-115;0;-8;11;-8;11;-8;11;-8;10;-8;9;-10;8;-11;7;-12;7;-12;8;-12;8;-11;8;-11;7;-11;6;-12;5;-13;4;-14;4;-14;4;-14;4;-13;3;-13;2;-12;1;-13;0;-13;-1;-13;-1;-13;-1;-13;-1;-12;-2;-12;-2;-4;-1;-2;-1;0;-1;-1;0;-1;0;0;-1;0;-3;2;-7;3;-7;3;-7;3;-6;3;-5;4;-4;5;-3;5;-3;6;-2;6;-2;6;-1;5;-1;4;0;4;2;4;3;4;4;4;4;4;4;3;4;2;5;0;6;0;7;-1;8;-1;9;-1;9;-2;9;-3;8;-4;8;-115;0;-17;26;-17;26;-16;26;-16;25;-16;25;-15;24;-15;23;-14;22;-13;22;-12;21;-12;21;-12;21;-12;21;-12;21;-12;20;-12;19;-12;19;-13;19;-13;18;-13;18;-14;17;-14;16;-14;15;-14;14;-14;13;-14;13;-15;12;-16;11;-6;4;-2;1;0;-1;-1;-1;0;-1;0;1;0;4;0;13;-1;13;-2;14;-2;15;-3;16;-4;16;-5;17;-5;18;-6;18;-7;19;-8;19;-9;20;-10;20;-10;20;-11;20;-11;20;-12;21;-12;21;-13;22;-13;23;-14;24;-14;24;-14;25;-15;26;-15;27;-15;28;-16;28;-17;29,transition,EXP_S143,ZONE_02,entree_zone,4.1,entree_zone,entree dans la zone
649454069,-54,6,a0:9f:7a:73:2b:3e,384,-110;-96;8;0;25;23;23;23;21;21;18;18;16;12;15;7;15;2;15;-3;17;-7;19;-10;21;-12;22;-13;23;-13;24;-13;24;-12;23;-11;20;-10;17;-10;14;-10;12;-11;9;-13;7;-14;6;-16;5;-19;5;-20;1;-5;0;0;0;0;0;0;0;0;0;0;0;0;0;0;0;0;0;0;-6;2;-23;9;-23;6;-23;2;-20;-1;-17;-3;-12;-3;-7;-1;-3;3;1;8;2;14;2;19;0;24;-3;28;-7;30;-10;30;-12;29;-14;26;-13;23;-11;19;-7;16;-2;13;4;12;10;12;16;13;22;15;25;18;-127;0;20;2;20;2;19;1;18;2;16;2;13;4;12;6;12;8;12;8;11;8;11;7;9;7;8;7;6;8;5;10;5;11;5;11;5;10;4;9;3;9;2;9;1;9;0;10;0;10;0;10;0;9;0;8;0;7;0;2;0;0;-1;-1;0;1;0;0;-2;-3;-3;-9;-8;-23;-6;-24;-5;-24;-3;-24;-1;-24;2;-24;4;-25;6;-25;8;-26;9;-25;10;-24;11;-23;12;-22;14;-20;16;-19;17;-19;17;-18;17;-17;17;-16;17;-14;18;-12;19;-10;21;-9;21;-9;21;-9;21;-8;20;-7;19;-5;-127;0;38;32;38;31;38;29;38;28;38;26;38;25;37;24;36;23;36;21;35;20;36;18;36;17;36;17;37;17;37;17;36;18;36;18;36;18;36;19;35;19;34;20;33;20;32;20;31;20;30;21;29;23;27;24;26;26;9;9;2;3;-1;-1;-2;-1;-1;-1;1;0;6;3;19;9;19;9;20;11;21;12;21;14;22;15;22;17;22;18;23;19;24;20;25;22;25;23;26;24;26;26;25;26;25;27;25;27;27;27;28;28;29;29;31;30;32;31;33;31;34;31;36;30;38;30;40;31;41;32,transition,EXP_S143,ZONE_02,entree_zone,4.1,entree_zone,entree dans la zone
649652267,-51,6,a0:9f:7a:73:2b:3e,384,-110;-96;8;0;-12;-37;-9;-33;-8;-27;-8;-21;-9;-14;-11;-8;-14;-3;-18;2;-21;5;-25;7;-29;7;-32;7;-33;6;-33;4;-32;2;-30;0;-27;-1;-23;-1;-19;0;-15;2;-12;4;-9;8;-8;11;-7;14;-8;16;-2;4;0;0;0;0;0;0;0;0;0;0;0;0;0;0;0;0;0;0;2;1;9;6;7;5;6;3;4;-1;4;-4;4;-9;6;-13;8;-16;12;-19;15;-20;18;-20;20;-19;21;-17;21;-15;20;-13;17;-11;13;-10;8;-10;3;-11;-3;-13;-8;-16;-13;-20;-17;-25;-19;-30;-20;-34;-19;-37;-116;0;-4;-15;-3;-14;-3;-14;-3;-14;-2;-13;-2;-13;-1;-13;-1;-12;-1;-12;-1;-12;-1;-12;-1;-11;0;-11;0;-11;1;-11;1;-11;1;-10;1;-10;2;-10;2;-9;2;-9;2;-8;3;-8;3;-8;3;-8;3;-7;3;-7;4;-7;1;-3;0;-1;-1;0;0;0;0;0;-1;-1;-3;-1;-7;-2;-7;-2;-7;-3;-7;-4;-7;-4;-7;-5;-7;-5;-7;-6;-7;-6;-7;-7;-7;-7;-7;-8;-7;-8;-7;-9;-6;-9;-6;-9;-6;-10;-6;-10;-6;-10;-5;-11;-5;-11;-5;-12;-5;-12;-5;-12;-5;-13;-5;-13;-5;-13;-5;-14;-116;0;-9;-26;-9;-26;-9;-26;-9;-25;-9;-25;-9;-24;-9;-23;-9;-23;-9;-22;-9;-21;-10;-21;-10;-20;-10;-20;-10;-20;-9;-21;-9;-21;-8;-21;-8;-21;-7;-21;-6;-21;-5;-20;-5;-20;-5;-20;-4;-19;-3;-19;-2;-19;-1;-18;0;-18;0;-7;0;-2;0;0;0;0;0;0;-1;-1;-3;-3;-7;-8;-6;-9;-6;-9;-6;-10;-6;-10;-6;-11;-6;-12;-7;-13;-7;-14;-7;-14;-7;-15;-7;-16;-7;-16;-7;-17;-7;-17;-7;-18;-6;-18;-7;-19;-7;-19;-7;-20;-7;-21;-8;-22;-8;-22;-9;-23;-9;-24;-10;-25;-10;-25;-10;-26,transition,EXP_S143,ZONE_02,entree_zone,4.1,entree_zone,entree dans la zone
649858137,-54,6,a0:9f:7a:73:2b:3e,384,-110;-96;8;0;-38;-6;-38;-6;-36;-6;-32;-6;-28;-4;-23;-1;-18;1;-12;4;-7;8;-3;11;1;15;4;18;7;20;9;22;10;23;11;23;11;23;11;21;11;19;11;16;11;12;11;9;12;5;12;2;13;0;3;-1;0;0;0;0;0;0;0;0;0;0;0;0;0;0;0;0;0;0;2;5;9;20;7;21;4;21;1;19;-2;16;-4;12;-4;7;-3;0;-2;-6;1;-12;5;-17;10;-21;14;-23;18;-25;22;-24;23;-23;24;-21;22;-18;20;-15;15;-12;10;-9;3;-7;-5;-4;-13;-3;-20;-3;-26;-3;112;0;-12;10;-12;9;-12;9;-11;8;-10;7;-10;7;-9;6;-9;5;-9;5;-9;4;-9;4;-8;4;-7;4;-7;3;-7;2;-7;2;-7;1;-7;1;-6;1;-6;1;-6;1;-5;0;-5;0;-5;0;-5;-1;-5;-1;-5;-1;-5;-1;-2;-1;-1;-1;0;0;-1;-1;-1;-1;0;1;1;4;3;12;2;12;2;13;1;13;0;13;-1;14;-2;14;-3;15;-4;15;-4;15;-5;15;-6;15;-7;14;-7;14;-8;14;-8;14;-9;14;-9;14;-9;13;-9;13;-10;13;-10;12;-11;12;-11;12;-11;12;-11;12;-11;12;-11;11;112;0;-21;-11;-21;-11;-21;-10;-20;-10;-21;-9;-21;-8;-20;-8;-20;-7;-20;-7;-19;-6;-19;-5;-19;-5;-20;-4;-20;-4;-20;-4;-19;-4;-19;-4;-19;-4;-19;-4;-19;-5;-18;-5;-18;-5;-18;-5;-17;-5;-17;-5;-16;-6;-16;-7;-16;-7;-6;-3;-2;-1;0;0;0;0;0;0;-1;-1;-3;-2;-7;-5;-7;-5;-7;-6;-7;-6;-8;-7;-8;-7;-8;-8;-9;-8;-9;-8;-10;-9;-10;-9;-11;-10;-11;-10;-11;-11;-11;-11;-11;-11;-12;-11;-13;-11;-14;-11;-14;-11;-15;-11;-16;-11;-17;-11;-17;-11;-18;-11;-19;-11;-20;-11;-21;-11,transition,EXP_S143,ZONE_02,entree_zone,4.1,entree_zone,entree dans la zone
650058614,-53,6,a0:9f:7a:73:2b:3e,384,-110;-96;8;0;10;-20;11;-24;10;-28;8;-30;5;-31;2;-30;-2;-29;-5;-27;-9;-23;-11;-20;-14;-16;-15;-12;-15;-7;-15;-2;-13;3;-11;7;-9;12;-6;15;-3;19;0;22;3;23;5;24;7;25;9;25;10;25;2;6;0;0;0;0;0;0;0;0;0;0;0;0;0;0;0;0;0;0;-2;-8;-6;-30;-3;-34;1;-37;6;-38;9;-37;13;-35;15;-30;16;-23;15;-16;13;-7;11;1;7;10;3;18;-2;24;-7;30;-10;34;-13;36;-15;38;-15;38;-14;36;-12;33;-10;28;-7;22;-4;16;0;9;3;3;95;0;-13;-9;-13;-8;-12;-7;-11;-6;-10;-5;-10;-4;-9;-3;-8;-2;-8;-2;-7;-1;-7;0;-7;1;-7;1;-7;2;-7;2;-6;2;-6;3;-6;3;-6;3;-6;3;-7;3;-7;3;-7;3;-7;3;-7;3;-7;3;-7;2;-7;2;-3;0;-1;0;0;-1;1;-1;0;0;-3;0;-9;1;-24;3;-24;1;-25;-1;-25;-2;-25;-4;-25;-5;-25;-6;-25;-7;-25;-9;-25;-10;-25;-11;-24;-12;-23;-13;-23;-13;-22;-14;-21;-14;-20;-14;-20;-14;-19;-14;-19;-14;-18;-13;-18;-13;-17;-13;-17;-13;-16;-12;-16;-12;-16;-11;-16;-11;95;0;21;3;21;2;21;2;21;1;20;0;20;0;20;-1;19;-2;19;-2;18;-3;18;-3;18;-4;18;-5;18;-5;18;-6;18;-6;18;-6;18;-6;19;-6;19;-6;18;-6;18;-5;18;-5;18;-5;19;-4;19;-3;19;-2;19;-1;7;-1;2;0;-1;0;-1;-1;-1;-1;0;0;3;2;8;5;8;6;8;6;9;6;9;6;9;6;10;7;10;7;10;7;11;7;11;7;12;8;12;8;12;8;13;8;13;8;13;7;14;7;14;7;15;6;16;6;17;6;18;6;19;5;19;5;20;5;21;4;21;4,transition,EXP_S143,ZONE_02,entree_zone,4.1,entree_zone,entree dans la zone
650257719,-54,6,a0:9f:7a:73:2b:3e,384,-110;-96;8;0;27;-6;29;-7;30;-9;28;-10;26;-11;23;-12;18;-13;14;-13;9;-13;4;-13;0;-12;-5;-10;-8;-8;-12;-6;-15;-3;-17;-1;-19;1;-20;4;-20;6;-20;7;-19;9;-17;10;-15;11;-13;11;-11;11;-3;2;0;0;0;0;0;0;0;0;0;0;0;0;0;0;0;0;0;0;3;-6;15;-23;18;-22;21;-20;22;-17;22;-13;21;-9;18;-4;13;1;7;5;1;8;-6;11;-13;13;-19;14;-24;14;-28;14;-31;13;-32;12;-32;11;-30;10;-26;8;-22;7;-16;5;-9;4;-2;2;5;1;11;-1;105;0;5;-28;5;-27;4;-26;3;-24;2;-23;1;-21;1;-19;0;-17;0;-15;0;-15;-1;-14;-2;-14;-3;-13;-3;-12;-4;-11;-3;-11;-3;-10;-2;-10;-3;-10;-3;-10;-3;-10;-4;-9;-4;-9;-3;-8;-3;-8;-2;-8;-1;-9;-1;-9;0;-4;0;-1;-1;0;1;1;0;0;-3;-3;-9;-10;-23;-29;-21;-30;-20;-32;-18;-33;-16;-35;-14;-36;-12;-37;-11;-39;-9;-40;-8;-41;-7;-41;-5;-41;-3;-40;-1;-40;1;-39;2;-39;3;-39;3;-39;3;-38;3;-37;4;-36;4;-36;4;-35;5;-35;5;-35;5;-34;4;-34;4;-33;105;0;32;23;32;22;31;21;31;19;31;18;31;17;31;15;31;14;30;13;30;12;29;11;29;10;29;9;30;8;30;8;31;8;31;8;30;8;30;8;30;8;29;8;29;8;29;9;28;9;28;10;27;12;26;13;25;14;9;5;2;1;-1;-1;-1;-1;-1;-1;1;1;3;4;10;12;10;12;11;12;11;13;12;13;12;15;12;16;12;17;12;17;13;17;14;18;15;18;15;19;16;20;16;21;16;21;17;21;18;20;20;20;21;21;23;22;24;23;25;23;26;23;27;23;29;23;30;22;31;22,transition,EXP_S143,ZONE_02,entree_zone,4.1,entree_zone,entree dans la zone
650455347,-54,6,a0:9f:7a:73:2b:3e,384,-110;-96;8;0;9;-39;8;-39;7;-38;6;-35;4;-31;1;-26;-2;-20;-5;-14;-8;-9;-11;-3;-13;2;-15;6;-16;10;-16;14;-16;17;-15;19;-14;20;-13;21;-11;21;-8;20;-6;19;-3;18;0;16;2;14;4;13;1;3;0;0;0;0;0;0;0;0;0;0;0;0;0;0;0;0;0;0;-7;-4;-28;-15;-27;-17;-25;-20;-21;-21;-17;-21;-11;-18;-6;-15;0;-9;5;-2;9;5;11;13;13;20;13;27;13;33;11;36;9;38;8;37;6;35;5;31;4;25;3;18;3;10;3;0;3;-9;4;-17;5;-24;108;0;-6;-17;-6;-16;-5;-16;-5;-15;-5;-14;-4;-12;-4;-11;-3;-11;-3;-10;-3;-10;-3;-9;-3;-8;-3;-8;-3;-7;-3;-7;-3;-6;-3;-6;-3;-6;-3;-6;-3;-5;-3;-5;-3;-5;-3;-5;-3;-4;-3;-5;-3;-5;-3;-5;-3;-5;-1;-2;-1;-1;0;0;1;0;0;0;-2;-1;-7;-2;-18;-4;-18;-5;-18;-6;-18;-8;-17;-9;-17;-10;-17;-11;-17;-13;-16;-14;-16;-15;-16;-15;-15;-16;-14;-16;-14;-17;-13;-17;-12;-18;-12;-18;-11;-18;-11;-18;-10;-18;-10;-18;-9;-18;-9;-18;-9;-19;-8;-19;-8;-18;-8;-18;-8;-18;108;0;21;-11;20;-11;20;-12;19;-12;18;-12;17;-13;17;-13;16;-13;15;-13;14;-13;13;-13;12;-14;12;-14;11;-15;11;-15;11;-15;11;-15;11;-15;10;-15;10;-15;10;-15;10;-14;10;-14;10;-14;10;-14;11;-13;11;-13;11;-12;4;-5;1;-2;-1;0;-1;0;-1;-1;1;-1;4;-1;11;-1;11;-1;11;-1;12;-1;12;-1;12;-1;13;-1;13;-1;14;-1;14;-1;15;-2;15;-2;16;-2;16;-2;16;-2;17;-3;17;-3;17;-4;18;-5;18;-5;19;-6;20;-6;20;-7;20;-8;20;-9;21;-10;21;-10;22;-11,transition,EXP_S143,ZONE_02,entree_zone,4.1,entree_zone,entree dans la zone
650658358,-53,6,a0:9f:7a:73:2b:3e,384,-110;-96;8;0;-34;-31;-31;-29;-26;-25;-22;-19;-17;-12;-12;-4;-8;3;-4;11;-1;18;1;23;3;28;4;32;6;34;7;35;7;35;7;34;8;31;8;27;9;22;10;17;11;11;13;6;14;1;16;-3;17;-7;4;-2;0;0;0;0;0;0;0;0;0;0;0;0;0;0;0;0;0;0;-4;5;-15;20;-16;18;-17;15;-16;10;-13;5;-8;1;-2;-3;5;-6;12;-8;20;-8;26;-7;31;-6;35;-3;36;-1;36;2;33;3;29;4;23;4;16;3;8;1;-1;-3;-9;-7;-18;-12;-25;-18;-30;-23;-34;-26;109;0;-21;-8;-20;-7;-20;-7;-18;-6;-17;-6;-15;-7;-15;-8;-14;-8;-14;-8;-14;-8;-14;-7;-13;-6;-12;-6;-11;-6;-10;-7;-10;-7;-11;-7;-11;-7;-10;-6;-9;-5;-8;-5;-7;-5;-7;-6;-7;-6;-8;-6;-8;-6;-8;-6;-7;-5;-3;-2;-1;-1;0;0;0;-1;0;-1;-1;1;-3;4;-7;12;-7;12;-8;12;-10;11;-11;10;-12;10;-13;9;-15;9;-16;9;-16;8;-17;8;-17;6;-17;5;-18;4;-19;3;-19;3;-19;2;-19;2;-19;1;-19;0;-20;-1;-20;-2;-21;-3;-22;-3;-22;-3;-21;-3;-21;-4;-20;-5;109;0;-20;-16;-20;-16;-21;-15;-22;-14;-22;-13;-22;-13;-22;-13;-21;-12;-21;-11;-21;-9;-22;-8;-22;-8;-23;-7;-23;-8;-23;-8;-23;-8;-23;-8;-23;-7;-23;-7;-23;-8;-23;-8;-23;-9;-22;-10;-22;-10;-21;-10;-21;-11;-20;-12;-20;-12;-7;-5;-3;-2;0;0;0;0;0;0;-1;-1;-2;-3;-6;-9;-6;-9;-6;-9;-6;-10;-6;-11;-6;-11;-6;-12;-7;-12;-7;-12;-8;-12;-9;-13;-9;-14;-9;-15;-9;-15;-9;-15;-9;-15;-10;-15;-11;-15;-12;-16;-13;-17;-13;-17;-14;-17;-15;-16;-16;-16;-17;-16;-19;-16;-20;-17;-21;-17,transition,EXP_S143,ZONE_02,entree_zone,4.1,entree_zone,entree dans la zone
650858419,-54,6,a0:9f:7a:73:2b:3e,384,-110;-96;8;0;18;-21;18;-21;17;-20;15;-20;13;-19;11;-19;9;-20;7;-21;5;-22;4;-23;4;-23;3;-24;3;-24;2;-23;2;-23;1;-22;0;-21;-2;-20;-3;-20;-5;-20;-6;-21;-6;-21;-7;-22;-6;-23;-6;-24;-2;-6;0;0;0;0;0;0;0;0;0;0;0;0;0;0;0;0;0;0;5;0;20;1;21;4;20;8;18;12;14;13;11;13;8;11;5;8;4;3;6;-1;8;-5;12;-8;17;-10;21;-10;25;-8;27;-6;27;-4;27;-2;26;-1;24;-1;22;-2;19;-4;17;-7;16;-10;16;-13;16;-16;-115;0;-4;-6;-5;-6;-5;-5;-5;-4;-4;-3;-2;-2;0;-1;2;-2;3;-3;2;-3;2;-2;2;-1;2;1;3;2;5;2;6;2;5;1;4;0;3;0;2;1;2;3;3;4;4;3;5;2;5;1;4;0;3;0;2;0;0;0;0;0;-1;-1;0;-2;0;-1;-2;1;-5;6;-14;16;-15;16;-16;16;-17;15;-17;13;-18;12;-19;10;-21;9;-22;8;-23;8;-22;7;-22;6;-21;4;-20;3;-20;1;-20;-1;-20;-1;-20;-1;-19;-1;-17;-1;-15;-2;-14;-3;-14;-5;-14;-5;-14;-5;-13;-4;-11;-3;-10;-2;-115;0;27;-41;26;-41;25;-41;23;-41;21;-41;20;-40;18;-40;16;-40;15;-39;13;-39;12;-39;11;-40;11;-40;10;-41;10;-41;10;-41;10;-42;10;-42;10;-43;11;-43;12;-42;12;-41;13;-40;14;-40;15;-39;17;-38;20;-37;22;-36;8;-13;2;-4;-1;1;-1;0;-1;0;1;-2;4;-5;12;-14;12;-14;12;-15;13;-16;14;-17;16;-19;17;-19;18;-20;18;-20;19;-21;20;-22;21;-23;23;-24;24;-24;25;-24;25;-24;25;-25;25;-26;25;-28;26;-30;27;-32;27;-34;28;-35;28;-36;28;-37;28;-38;28;-40;28;-41,transition,EXP_S143,ZONE_02,entree_zone,4.1,entree_zone,entree dans la zone
651054249,-54,6,a0:9f:7a:73:2b:3e,384,-110;-96;8;0;-30;-13;-28;-14;-25;-13;-23;-10;-21;-7;-20;-4;-20;0;-20;2;-22;5;-23;6;-25;7;-26;6;-27;5;-27;4;-26;3;-25;2;-23;2;-21;2;-19;3;-18;4;-17;6;-17;8;-17;9;-19;9;-20;10;-5;2;0;0;0;0;0;0;0;0;0;0;0;0;0;0;0;0;0;0;-4;-4;-13;-17;-11;-19;-8;-21;-5;-21;-2;-19;-1;-16;-1;-13;-3;-10;-6;-8;-10;-7;-14;-8;-18;-11;-20;-14;-21;-17;-20;-20;-19;-22;-17;-23;-15;-22;-14;-20;-14;-18;-15;-15;-17;-12;-20;-10;-23;-8;-27;-8;-29;-9;-105;0;-12;0;-12;0;-11;-1;-11;-1;-10;-2;-10;-4;-9;-5;-9;-6;-9;-7;-9;-7;-8;-7;-7;-7;-6;-8;-5;-8;-5;-9;-5;-10;-5;-10;-5;-10;-4;-9;-4;-9;-3;-8;-2;-9;-2;-9;-2;-9;-2;-9;-2;-9;-2;-8;-2;-8;-1;-3;-1;-1;0;0;-1;-1;-1;-1;1;0;5;1;15;5;15;6;15;8;14;9;13;10;12;11;10;13;9;14;9;14;8;15;6;15;5;15;3;15;1;15;-1;15;-2;14;-3;14;-3;13;-4;12;-5;11;-6;10;-7;9;-8;9;-9;8;-9;8;-9;6;-9;5;-9;4;-105;0;-49;-21;-49;-21;-48;-20;-48;-19;-47;-18;-46;-16;-45;-15;-44;-14;-43;-13;-43;-12;-42;-11;-42;-10;-42;-10;-43;-10;-43;-10;-43;-10;-43;-11;-43;-12;-42;-12;-42;-13;-41;-14;-40;-15;-39;-15;-38;-17;-37;-18;-35;-21;-34;-23;-33;-25;-12;-9;-4;-4;1;0;1;0;0;0;-3;-1;-9;-1;-23;-3;-23;-4;-24;-5;-25;-6;-26;-7;-27;-8;-29;-9;-30;-10;-31;-11;-32;-12;-33;-13;-34;-14;-35;-16;-35;-17;-36;-17;-36;-18;-36;-18;-37;-19;-38;-19;-40;-19;-42;-19;-44;-19;-45;-20;-46;-20;-48;-20;-49;-21;-50;-21;-50;-21,transition,EXP_S143,ZONE_02,entree_zone,4.1,entree_zone,entree dans la zone
651251221,-54,6,a0:9f:7a:73:2b:3e,384,-110;-96;8;0;7;-25;6;-28;5;-30;4;-30;2;-29;0;-27;-2;-25;-5;-22;-7;-19;-10;-15;-11;-11;-12;-7;-12;-2;-12;2;-12;6;-13;11;-13;15;-13;18;-13;20;-12;22;-12;23;-11;23;-9;23;-8;22;-8;21;-2;5;0;0;0;0;0;0;0;0;0;0;0;0;0;0;0;0;0;0;-8;0;-30;-2;-31;-5;-31;-9;-30;-13;-26;-15;-22;-16;-16;-15;-9;-12;-3;-8;3;-3;7;3;11;10;14;17;15;24;15;29;14;32;13;34;12;34;10;33;9;30;8;26;7;20;7;13;6;6;6;-2;7;-7;115;0;-11;-7;-11;-7;-10;-6;-10;-6;-9;-5;-9;-4;-8;-3;-8;-2;-7;-2;-7;-1;-7;0;-7;0;-7;1;-7;1;-7;1;-7;2;-7;2;-7;2;-7;2;-7;2;-7;2;-7;2;-7;2;-7;1;-7;1;-7;1;-7;0;-7;0;-3;0;-1;-1;0;-1;1;-1;0;0;-2;0;-7;0;-18;1;-19;0;-19;-1;-19;-2;-19;-4;-19;-5;-19;-6;-19;-7;-19;-8;-19;-9;-19;-9;-19;-10;-18;-10;-17;-11;-17;-11;-16;-11;-16;-12;-16;-11;-15;-11;-15;-11;-14;-11;-14;-11;-14;-10;-14;-10;-13;-10;-13;-9;-13;-9;-13;-9;115;0;20;-7;19;-7;19;-8;18;-8;17;-9;16;-10;15;-10;14;-11;14;-11;13;-11;12;-12;11;-13;11;-13;11;-14;10;-15;11;-15;11;-15;11;-15;11;-15;11;-15;11;-15;11;-15;11;-15;11;-15;12;-15;13;-14;13;-13;14;-13;5;-5;1;-2;-1;0;-1;0;-1;-1;1;-1;3;-1;11;-1;11;-1;11;0;12;0;12;0;13;0;13;0;14;0;14;0;14;0;15;0;15;0;16;0;16;0;17;0;17;0;17;0;17;0;18;-1;18;-1;19;-2;19;-2;20;-3;20;-3;20;-4;20;-5;20;-6;21;-6,transition,EXP_S143,ZONE_02,entree_zone,4.1,entree_zone,entree dans la zone
651453535,-54,6,a0:9f:7a:73:2b:3e,384,-110;-96;8;0;11;-6;15;-10;17;-14;18;-16;17;-19;16;-21;14;-22;12;-22;10;-21;7;-21;5;-19;2;-17;0;-14;-3;-11;-5;-7;-8;-3;-10;1;-12;4;-14;8;-16;10;-17;12;-18;13;-18;14;-18;14;-17;14;-5;3;0;0;0;0;0;0;0;0;0;0;0;0;0;0;0;0;0;0;-2;-5;-6;-22;-4;-25;-2;-29;1;-31;4;-32;7;-31;9;-28;10;-24;10;-18;9;-12;6;-5;3;2;-1;8;-5;13;-9;18;-13;22;-16;24;-18;26;-20;27;-19;26;-18;25;-16;23;-13;20;-10;16;-5;12;-2;9;103;0;-23;-10;-22;-10;-21;-10;-21;-9;-20;-7;-20;-5;-19;-3;-18;-1;-17;0;-16;0;-15;1;-16;1;-17;2;-17;3;-17;4;-16;4;-16;4;-15;3;-16;2;-16;2;-17;2;-17;2;-16;3;-15;3;-14;2;-14;1;-14;-1;-14;-2;-5;-1;-2;-1;0;0;2;-1;1;0;-4;0;-12;2;-33;4;-34;2;-36;0;-36;-3;-37;-5;-36;-6;-36;-8;-36;-10;-36;-13;-36;-15;-36;-16;-36;-16;-35;-17;-33;-17;-32;-18;-30;-19;-30;-20;-29;-20;-29;-20;-29;-19;-29;-18;-28;-17;-27;-17;-26;-17;-26;-17;-26;-16;-27;-15;-27;-14;103;0;35;15;35;14;34;13;33;12;32;10;32;8;32;6;32;5;31;4;31;4;30;3;30;2;30;1;30;0;30;-1;30;-1;31;-1;31;-1;31;0;30;0;29;0;28;0;28;0;28;0;28;1;28;2;28;4;27;6;9;2;2;0;-1;-1;-2;-2;-1;-1;1;1;5;6;15;17;15;17;14;17;14;17;15;17;16;17;17;19;17;20;16;21;16;21;16;20;17;20;18;20;19;21;19;21;20;22;20;21;20;20;21;19;23;18;26;18;28;19;29;19;29;19;30;19;31;17;32;16;33;15,transition,EXP_S143,ZONE_02,entree_zone,4.1,entree_zone,entree dans la zone
651652289,-50,6,a0:9f:7a:73:2b:3e,384,-110;-96;8;0;-5;3;-2;9;0;15;2;20;4;24;5;26;6;28;6;29;6;28;6;26;5;24;4;20;3;16;3;12;2;6;2;1;3;-4;4;-10;5;-14;6;-17;7;-19;9;-20;10;-21;10;-20;11;-19;2;-5;0;0;0;0;0;0;0;0;0;0;0;0;0;0;0;0;0;0;4;-1;18;-2;21;-1;25;0;27;2;28;4;28;6;27;7;25;7;21;7;16;6;11;4;7;0;1;-3;-3;-8;-8;-12;-12;-17;-15;-20;-18;-24;-20;-27;-21;-28;-22;-29;-22;-29;-21;-28;-19;-25;-17;-21;-15;-18;117;0;22;-23;22;-22;21;-22;20;-21;19;-21;18;-21;17;-21;16;-21;15;-21;14;-21;13;-21;13;-21;13;-21;13;-21;13;-21;13;-21;13;-20;12;-20;13;-19;13;-18;13;-17;13;-17;12;-16;12;-15;12;-14;13;-13;13;-12;13;-11;4;-4;1;-2;-1;0;-1;1;-1;0;1;-3;5;-7;15;-19;16;-18;18;-18;19;-17;20;-16;21;-16;21;-16;22;-16;23;-15;24;-15;25;-15;25;-15;25;-14;25;-14;25;-14;25;-14;25;-14;25;-14;25;-14;25;-15;25;-16;25;-16;24;-17;24;-18;24;-19;25;-20;25;-21;25;-21;117;0;-42;1;-41;1;-40;2;-39;3;-37;4;-36;6;-34;7;-33;8;-32;9;-31;10;-30;10;-29;11;-28;12;-28;12;-27;13;-26;13;-26;13;-25;13;-25;13;-24;13;-24;13;-23;13;-23;12;-22;12;-22;12;-23;11;-23;10;-23;9;-9;3;-3;0;0;-1;1;0;0;0;-3;0;-10;-1;-26;-2;-26;-3;-27;-4;-27;-5;-28;-6;-29;-6;-30;-7;-31;-7;-32;-8;-33;-8;-33;-9;-34;-10;-34;-10;-34;-10;-35;-11;-35;-10;-35;-10;-35;-9;-36;-9;-37;-8;-38;-7;-39;-6;-40;-5;-41;-4;-41;-3;-42;-3;-43;-2;-43;-1,transition,EXP_S143,ZONE_02,entree_zone,4.1,entree_zone,entree dans la zone
651853987,-51,6,a0:9f:7a:73:2b:3e,384,-110;-96;8;0;15;0;17;-3;20;-6;23;-8;24;-9;25;-10;26;-10;25;-9;25;-9;23;-8;21;-7;18;-6;15;-6;12;-6;9;-7;5;-9;3;-11;0;-13;-1;-15;-2;-17;-2;-19;-1;-20;0;-21;2;-20;3;-20;0;-5;0;0;0;0;0;0;0;0;0;0;0;0;0;0;0;0;0;0;-2;5;-8;20;-11;21;-14;21;-17;20;-19;19;-20;17;-19;14;-18;11;-14;9;-11;8;-6;7;-1;9;3;11;7;13;10;17;12;20;13;23;13;26;13;28;13;29;12;29;10;27;9;25;9;22;9;18;9;15;-110;0;-19;-2;-19;-3;-18;-3;-18;-3;-18;-2;-18;0;-18;1;-17;3;-15;3;-14;3;-14;3;-15;3;-15;3;-15;4;-15;5;-14;5;-13;5;-13;4;-13;3;-13;3;-13;3;-13;3;-13;4;-12;4;-11;3;-11;2;-11;2;-11;1;-4;0;-2;0;0;-1;1;0;0;0;-2;-1;-7;-2;-19;-5;-19;-6;-20;-6;-20;-7;-20;-7;-19;-8;-19;-9;-19;-10;-19;-11;-19;-12;-20;-12;-20;-12;-19;-11;-19;-11;-18;-11;-18;-11;-18;-12;-18;-11;-19;-11;-19;-10;-19;-8;-18;-8;-18;-7;-18;-8;-19;-8;-20;-7;-21;-6;-22;-5;-110;0;42;19;42;18;41;17;40;16;39;14;38;12;38;10;37;9;37;7;36;7;35;6;34;5;34;4;34;3;33;2;33;1;33;1;32;1;31;1;30;1;29;1;28;1;27;1;27;1;26;1;26;2;26;3;25;4;9;1;2;0;-1;-1;-2;-2;-1;-1;2;1;8;6;22;17;22;18;22;18;22;19;22;20;23;21;23;23;24;24;24;25;24;25;24;26;24;26;24;27;25;27;25;28;26;28;26;27;27;26;29;25;30;25;32;25;34;25;35;24;36;24;37;24;39;23;40;23;41;22,transition,EXP_S143,ZONE_02,entree_zone,4.1,entree_zone,entree dans la zone
652052436,-50,6,a0:9f:7a:73:2b:3e,384,-110;-96;8;0;-5;-16;-9;-19;-12;-22;-14;-24;-15;-25;-16;-26;-15;-26;-15;-26;-14;-24;-12;-22;-11;-19;-10;-16;-10;-13;-10;-9;-10;-5;-11;-1;-13;3;-15;5;-17;7;-19;8;-20;8;-21;8;-21;7;-21;5;-20;4;-5;1;0;0;0;0;0;0;0;0;0;0;0;0;0;0;0;0;0;0;4;2;18;11;19;14;19;17;17;19;15;20;13;21;10;20;8;17;7;14;6;9;6;4;8;0;10;-5;14;-9;18;-12;21;-14;24;-15;27;-15;28;-15;29;-14;29;-13;27;-12;24;-11;21;-10;16;-10;12;-11;-125;0;-5;21;-5;20;-5;20;-4;20;-3;20;-2;19;0;19;1;18;2;17;2;16;2;16;2;16;3;16;4;16;4;15;4;15;4;14;3;14;3;13;2;13;3;13;3;13;4;12;4;11;3;11;3;10;1;11;1;11;0;4;-1;1;-1;-1;0;-2;0;-1;-1;1;-2;6;-6;18;-7;18;-8;18;-9;18;-9;18;-9;18;-10;17;-11;17;-13;18;-13;18;-13;19;-13;19;-12;19;-12;18;-12;18;-13;17;-13;18;-13;18;-12;19;-12;20;-11;20;-10;19;-10;19;-10;20;-9;21;-9;22;-8;23;-7;23;-125;0;14;-46;13;-46;12;-45;10;-44;8;-42;6;-41;5;-41;3;-40;1;-39;0;-38;-2;-37;-3;-36;-4;-36;-5;-36;-6;-35;-6;-35;-6;-35;-6;-34;-6;-34;-5;-33;-6;-32;-6;-31;-7;-30;-7;-30;-6;-29;-6;-29;-4;-29;-3;-29;-1;-11;-1;-3;0;0;-2;1;-1;0;1;-3;5;-9;16;-23;17;-23;18;-23;19;-23;20;-23;21;-24;22;-24;23;-25;24;-25;24;-25;24;-26;24;-27;24;-27;25;-28;25;-28;25;-29;25;-29;24;-30;23;-31;22;-32;22;-34;22;-36;21;-38;21;-39;20;-41;18;-42;17;-44;16;-45,transition,EXP_S143,ZONE_02,entree_zone,4.1,entree_zone,entree dans la zone
652252294,-51,6,a0:9f:7a:73:2b:3e,384,-110;-96;8;0;13;-7;15;-11;18;-14;20;-16;21;-17;22;-18;22;-17;21;-16;20;-15;18;-13;15;-12;12;-10;8;-9;4;-9;0;-9;-3;-9;-7;-10;-10;-11;-12;-13;-13;-14;-14;-15;-13;-17;-12;-17;-11;-17;-10;-16;-3;-4;0;0;0;0;0;0;0;0;0;0;0;0;0;0;0;0;0;0;-4;3;-16;14;-18;14;-21;13;-23;12;-23;10;-23;7;-21;5;-18;4;-14;3;-10;3;-5;4;-1;7;3;10;7;13;9;17;11;21;12;24;12;26;12;28;11;28;10;28;9;26;8;23;7;19;7;14;8;10;-121;0;-22;3;-22;2;-22;1;-22;1;-22;2;-22;4;-20;6;-18;6;-16;6;-15;6;-15;5;-16;6;-17;6;-16;7;-16;8;-15;8;-14;7;-14;5;-14;4;-15;4;-15;4;-15;5;-14;6;-12;6;-11;5;-11;3;-11;2;-12;1;-5;0;-2;0;0;-1;1;-1;0;-1;-2;0;-7;0;-19;2;-20;1;-21;1;-21;1;-21;1;-20;0;-20;-2;-21;-3;-22;-5;-23;-5;-24;-5;-24;-4;-23;-3;-22;-3;-22;-4;-22;-5;-23;-6;-24;-6;-24;-5;-24;-3;-23;-2;-21;-2;-21;-2;-22;-3;-23;-3;-25;-2;-26;0;-26;1;-121;0;43;-3;42;-3;41;-3;39;-4;38;-5;36;-7;35;-8;34;-9;33;-10;33;-10;31;-10;30;-11;29;-12;28;-13;28;-13;28;-14;28;-14;28;-13;27;-12;26;-12;25;-11;24;-11;23;-12;23;-12;23;-11;23;-10;24;-9;24;-8;8;-3;2;-1;-1;0;-2;-1;-1;-1;2;0;9;1;26;3;26;4;26;5;26;5;27;6;28;7;29;8;30;10;30;10;30;10;30;10;30;10;31;10;32;10;33;11;33;11;33;11;33;10;34;8;35;7;37;6;38;5;40;5;40;5;40;4;41;2;42;1;43;0,transition,EXP_S143,ZONE_02,entree_zone,4.1,entree_zone,entree dans la zone
652452445,-50,6,a0:9f:7a:73:2b:3e,384,-110;-96;8;0;4;15;7;17;9;20;11;21;11;23;11;23;10;23;10;22;9;20;8;18;7;15;7;12;6;9;7;5;8;1;9;-2;11;-4;12;-6;14;-7;16;-8;17;-8;17;-7;17;-7;16;-5;16;-4;3;-1;0;0;0;0;0;0;0;0;0;0;0;0;0;0;0;0;0;0;-4;-4;-16;-14;-15;-17;-15;-19;-13;-21;-11;-21;-9;-21;-7;-19;-5;-16;-5;-12;-5;-8;-6;-4;-9;0;-12;4;-15;6;-18;8;-22;9;-24;10;-27;10;-28;9;-28;8;-27;7;-25;6;-22;6;-18;6;-14;7;-10;7;-115;0;6;-19;6;-19;7;-19;6;-18;5;-18;4;-18;3;-18;2;-17;1;-16;1;-15;1;-15;0;-16;0;-16;-1;-16;-2;-16;-2;-15;-2;-14;-1;-13;0;-13;0;-13;0;-13;-1;-13;-1;-13;-1;-12;-1;-11;0;-11;1;-11;1;-11;0;-4;0;-2;-1;0;-1;0;-1;0;0;-2;2;-6;6;-16;6;-16;7;-17;7;-17;8;-16;8;-16;9;-16;10;-16;11;-16;12;-17;12;-17;12;-18;11;-17;11;-16;12;-16;12;-15;13;-16;13;-17;12;-17;11;-18;10;-18;10;-18;10;-17;10;-18;10;-19;10;-20;9;-21;8;-22;-115;0;-14;39;-13;38;-12;37;-11;36;-9;35;-7;35;-6;34;-4;34;-3;33;-2;32;-2;31;-1;30;0;30;1;29;2;29;3;29;3;29;3;28;2;28;2;27;3;26;3;25;3;24;3;24;3;24;2;24;1;24;0;24;-1;8;-1;2;-1;-1;0;-2;0;-1;-2;2;-5;7;-14;21;-15;20;-15;20;-16;21;-17;21;-18;22;-19;22;-20;22;-21;22;-22;23;-22;23;-22;23;-22;24;-23;24;-23;24;-23;24;-22;25;-21;26;-21;27;-20;28;-20;30;-20;32;-19;33;-19;34;-18;35;-17;36;-16;37;-16;38,stable,EXP_S143,ZONE_02,entree_zone,4.1,entree_zone,entree dans la zone
652652468,-52,6,a0:9f:7a:73:2b:3e,384,-110;-96;8;0;-14;-5;-14;1;-14;6;-15;11;-17;15;-18;18;-19;20;-20;21;-21;20;-21;20;-21;18;-20;16;-18;14;-15;11;-11;9;-7;8;-2;7;2;8;6;9;9;11;11;12;12;14;12;16;12;18;11;19;2;4;0;0;0;0;0;0;0;0;0;0;0;0;0;0;0;0;0;0;0;-5;3;-18;6;-21;9;-23;12;-25;16;-25;18;-24;20;-21;20;-19;18;-16;16;-13;12;-11;7;-10;1;-10;-4;-11;-9;-13;-13;-15;-17;-18;-20;-21;-22;-23;-24;-25;-24;-27;-24;-28;-23;-28;-21;-26;-20;-24;-19;-22;-112;0;16;-17;15;-17;14;-16;13;-16;13;-16;12;-17;11;-18;10;-18;9;-18;8;-18;8;-18;8;-18;8;-18;7;-18;7;-19;6;-19;6;-18;6;-17;7;-16;7;-15;8;-15;8;-15;7;-15;7;-15;7;-14;7;-13;7;-11;8;-10;3;-4;1;-1;-1;0;-2;0;-1;0;1;-2;6;-4;18;-11;18;-10;19;-9;20;-9;20;-9;20;-8;20;-8;21;-7;22;-6;22;-6;23;-6;23;-6;22;-6;21;-7;21;-7;20;-6;20;-6;21;-6;21;-7;21;-8;20;-10;19;-11;19;-11;18;-11;18;-12;18;-13;19;-14;19;-15;-112;0;-49;-13;-48;-12;-48;-11;-47;-10;-45;-8;-44;-6;-42;-4;-41;-2;-39;-1;-38;1;-38;2;-37;3;-36;4;-35;5;-34;6;-34;6;-34;7;-33;7;-33;7;-32;7;-31;7;-30;7;-29;7;-28;7;-28;7;-28;7;-28;6;-28;5;-10;1;-3;0;0;-1;1;0;0;0;-3;-2;-10;-6;-26;-15;-26;-16;-25;-17;-26;-18;-26;-19;-27;-19;-29;-20;-29;-22;-30;-23;-30;-24;-31;-24;-31;-24;-32;-24;-33;-24;-33;-24;-34;-25;-35;-24;-35;-24;-36;-23;-38;-22;-40;-21;-42;-21;-43;-20;-45;-19;-46;-19;-47;-18;-48;-17;-49;-16,stable,EXP_S143,ZONE_02,entree_zone,4.1,entree_zone,entree dans la zone
652853565,-53,6,a0:9f:7a:73:2b:3e,384,-110;-96;8;0;-17;26;-17;28;-16;29;-14;28;-11;27;-8;25;-4;23;-1;20;3;16;7;13;10;10;13;7;15;3;16;0;18;-3;18;-6;18;-9;18;-11;17;-14;15;-15;14;-17;12;-18;10;-18;8;-18;6;-18;1;-5;0;0;0;0;0;0;0;0;0;0;0;0;0;0;0;0;0;0;6;2;25;12;24;15;22;19;19;22;15;22;10;21;5;18;0;13;-4;7;-8;-1;-10;-8;-11;-16;-10;-23;-9;-29;-7;-33;-5;-35;-3;-36;-1;-36;0;-33;0;-29;0;-24;-2;-17;-3;-10;-5;-2;-8;5;-10;10;110;0;8;9;8;9;8;8;7;7;7;6;6;5;5;4;5;3;4;3;4;3;4;3;4;2;4;1;4;0;3;0;2;0;2;0;2;0;3;0;3;0;3;-1;2;-1;2;-2;2;-1;1;-1;2;-1;2;-1;2;0;0;0;0;0;-1;0;-2;-1;-1;-1;1;0;6;0;17;2;18;3;18;4;18;5;18;6;18;6;17;7;17;9;17;9;17;10;17;11;16;11;15;12;15;12;14;13;14;13;14;13;13;13;13;12;13;12;12;12;12;11;11;12;11;12;12;12;11;11;11;10;11;10;110;0;-21;9;-21;9;-20;9;-19;10;-18;11;-17;11;-17;12;-16;12;-16;12;-15;12;-14;12;-14;13;-13;13;-13;14;-13;14;-12;14;-12;14;-12;14;-12;14;-12;14;-12;14;-12;14;-12;13;-12;13;-12;13;-13;12;-13;11;-14;11;-5;4;-2;1;0;-1;0;0;0;0;-1;-1;-4;-1;-10;-2;-10;-2;-10;-2;-11;-2;-11;-1;-12;-2;-13;-2;-13;-2;-13;-2;-13;-1;-14;-1;-14;-1;-15;-1;-16;-1;-16;-1;-16;-1;-16;0;-16;0;-16;1;-17;2;-18;3;-19;4;-19;4;-20;5;-20;5;-20;6;-20;7;-21;8,stable,EXP_S143,ZONE_02,entree_zone,4.1,entree_zone,entree dans la zone
653055399,-52,6,a0:9f:7a:73:2b:3e,384,-110;-96;8;0;14;19;17;21;19;21;20;22;20;21;21;20;20;18;20;16;19;14;18;11;18;9;17;6;16;3;15;0;14;-3;13;-6;13;-8;13;-11;13;-13;13;-15;14;-16;14;-17;14;-17;14;-17;14;-16;3;-4;0;0;0;0;0;0;0;0;0;0;0;0;0;0;0;0;0;0;-7;-2;-25;-7;-26;-10;-26;-15;-24;-18;-21;-20;-17;-21;-13;-20;-9;-16;-6;-11;-4;-5;-4;2;-5;8;-8;14;-12;19;-17;22;-21;24;-25;24;-27;24;-28;22;-28;20;-26;18;-22;16;-18;15;-12;14;-6;14;-2;15;-121;0;13;-17;12;-16;10;-15;9;-14;7;-13;6;-13;5;-12;4;-12;3;-11;1;-11;0;-11;-1;-10;-1;-10;-2;-10;-2;-10;-2;-10;-3;-10;-3;-9;-4;-9;-4;-9;-4;-9;-4;-9;-4;-9;-4;-9;-4;-9;-4;-9;-3;-9;-3;-9;-1;-3;-1;-1;0;0;-1;1;-1;0;0;-3;1;-10;3;-27;5;-27;7;-27;9;-27;11;-27;13;-26;14;-26;15;-26;16;-26;17;-26;18;-25;19;-25;19;-24;20;-24;20;-23;20;-22;20;-21;20;-21;20;-20;19;-19;19;-19;19;-19;18;-19;17;-19;17;-19;16;-19;16;-18;15;-18;-121;0;-13;50;-12;49;-10;48;-9;47;-8;45;-6;44;-5;43;-3;42;-2;41;0;40;1;39;2;38;3;38;4;38;5;37;5;37;5;37;5;36;5;36;5;35;5;35;5;34;5;33;4;33;4;33;2;33;1;33;0;33;-1;12;-1;3;-1;-2;0;-2;0;-1;-2;2;-4;8;-12;23;-13;23;-14;23;-15;23;-16;24;-16;24;-17;25;-18;27;-19;28;-20;29;-20;29;-20;30;-20;30;-20;31;-20;32;-20;33;-20;34;-19;34;-19;36;-19;37;-18;39;-18;41;-18;42;-17;44;-16;46;-15;47;-15;49;-14;50,stable,EXP_S143,ZONE_02,entree_zone,4.1,entree_zone,entree dans la zone
653254111,-53,6,a0:9f:7a:73:2b:3e,384,-110;-96;8;0;-28;-34;-27;-34;-24;-32;-22;-29;-20;-24;-19;-18;-19;-13;-19;-7;-20;-2;-21;3;-23;7;-24;10;-25;12;-26;13;-26;14;-26;14;-24;14;-22;14;-20;14;-17;15;-14;16;-12;17;-9;18;-8;19;-7;21;-2;5;0;0;0;0;0;0;0;0;0;0;0;0;0;0;0;0;0;0;7;1;31;9;29;13;26;16;21;18;16;18;10;15;6;10;3;3;1;-6;2;-14;5;-21;10;-27;15;-31;21;-32;26;-32;29;-30;30;-27;28;-23;25;-20;20;-17;14;-15;6;-14;-2;-15;-10;-17;-17;-20;-22;-24;-125;0;-13;0;-13;0;-13;0;-12;0;-11;0;-9;0;-8;-1;-8;-2;-7;-3;-7;-3;-7;-2;-6;-2;-5;-2;-4;-2;-4;-3;-4;-3;-4;-4;-4;-4;-3;-3;-3;-3;-2;-3;-2;-3;-1;-3;-1;-3;-1;-4;-1;-3;-1;-3;-1;-3;-1;-1;-1;-1;0;0;0;-2;0;-1;-1;1;-1;5;-2;16;-3;16;-4;16;-5;16;-7;15;-8;15;-9;15;-11;14;-12;14;-12;14;-13;14;-13;13;-14;12;-14;11;-15;10;-15;9;-16;9;-15;9;-15;8;-15;7;-15;6;-15;5;-15;5;-16;5;-16;5;-15;5;-14;4;-14;4;-125;0;-15;-27;-15;-26;-16;-25;-16;-24;-16;-24;-17;-23;-17;-22;-17;-21;-17;-20;-17;-18;-17;-18;-18;-17;-18;-17;-19;-16;-19;-16;-19;-16;-19;-16;-19;-16;-18;-17;-18;-17;-17;-17;-17;-16;-17;-16;-16;-16;-16;-17;-15;-17;-14;-18;-13;-18;-5;-7;-2;-3;0;0;0;0;0;0;-1;-2;-2;-5;-6;-13;-6;-14;-6;-14;-6;-15;-6;-16;-6;-16;-6;-17;-6;-18;-6;-18;-6;-19;-7;-20;-7;-21;-7;-21;-6;-22;-6;-22;-7;-22;-7;-22;-8;-22;-9;-23;-9;-24;-10;-25;-11;-25;-11;-25;-12;-26;-13;-26;-14;-26;-15;-27;-16;-28,stable,EXP_S143,ZONE_02,entree_zone,4.1,entree_zone,entree dans la zone
653460801,-53,6,a0:9f:7a:73:2b:3e,384,-110;-96;8;0;-30;15;-28;15;-26;15;-23;16;-20;18;-18;20;-16;22;-15;25;-14;26;-15;28;-16;28;-17;28;-17;26;-17;24;-16;21;-14;19;-11;17;-7;16;-3;16;0;18;2;20;3;22;3;25;2;27;0;29;0;7;0;0;0;0;0;0;0;0;0;0;0;0;0;0;0;0;0;0;-7;-2;-28;-10;-27;-14;-25;-19;-21;-23;-17;-24;-12;-22;-8;-19;-7;-14;-7;-9;-9;-3;-13;1;-18;4;-24;5;-29;4;-33;1;-35;-1;-36;-4;-35;-6;-34;-6;-32;-5;-30;-4;-29;-1;-28;2;-28;6;-28;9;-29;11;-116;0;-1;0;-1;0;-1;0;-2;-1;-2;-2;-3;-3;-4;-3;-4;-4;-5;-4;-5;-4;-5;-4;-4;-5;-4;-6;-4;-6;-5;-7;-5;-7;-5;-7;-5;-7;-4;-7;-4;-7;-3;-7;-3;-8;-3;-8;-3;-8;-3;-8;-2;-8;-2;-8;-1;-8;-1;-3;0;-1;0;0;-1;0;-1;0;0;-2;3;-4;10;-10;11;-9;11;-9;12;-8;12;-7;13;-5;13;-4;13;-4;13;-3;14;-2;13;-2;13;-1;12;0;11;1;11;2;10;2;10;3;9;2;9;2;8;2;7;2;6;2;5;3;5;3;4;2;4;2;3;1;2;0;-116;0;-29;14;-29;14;-28;14;-27;14;-26;14;-25;14;-24;14;-23;14;-23;14;-22;14;-22;14;-21;14;-21;14;-21;14;-21;14;-21;14;-21;14;-21;13;-21;13;-21;12;-21;12;-21;11;-20;10;-20;9;-21;8;-21;7;-22;6;-22;5;-8;1;-3;0;0;-1;0;-1;0;-1;-2;1;-4;3;-12;8;-12;8;-13;8;-13;8;-14;8;-15;8;-16;8;-17;8;-17;9;-18;9;-19;9;-19;9;-20;9;-21;9;-22;9;-22;9;-22;9;-23;10;-23;10;-24;11;-25;12;-25;12;-26;13;-27;13;-27;14;-28;14;-29;14;-29;15,stable,EXP_S143,ZONE_02,entree_zone,4.1,entree_zone,entree dans la zone
653652680,-54,6,a0:9f:7a:73:2b:3e,384,-110;-96;8;0;-34;-25;-33;-25;-31;-25;-29;-22;-26;-18;-23;-14;-21;-8;-20;-3;-19;3;-19;8;-19;12;-20;15;-20;18;-20;19;-20;20;-19;20;-17;19;-15;18;-12;18;-8;18;-5;18;-2;18;0;19;3;20;4;21;1;5;0;0;0;0;0;0;0;0;0;0;0;0;0;0;0;0;0;0;8;1;32;7;31;11;29;16;25;19;20;20;15;19;9;15;4;9;1;1;0;-8;2;-16;5;-24;9;-30;14;-34;19;-35;23;-35;25;-33;26;-30;25;-26;21;-23;16;-19;9;-16;1;-15;-8;-14;-16;-15;-22;-17;-121;0;-12;5;-12;4;-11;4;-11;3;-10;2;-9;1;-8;0;-8;-1;-7;-1;-7;-1;-6;-2;-6;-2;-5;-2;-4;-3;-4;-3;-4;-4;-3;-4;-3;-4;-3;-4;-2;-4;-2;-4;-1;-4;-1;-4;-1;-4;0;-4;0;-4;0;-4;0;-4;0;-2;0;-1;0;0;-1;-2;-1;-1;0;1;1;5;4;16;3;17;2;17;1;17;-1;18;-2;18;-3;18;-4;18;-5;18;-6;18;-7;18;-8;17;-9;17;-10;16;-10;15;-11;15;-11;14;-11;14;-11;13;-11;13;-12;12;-12;11;-12;11;-13;10;-13;10;-13;9;-12;8;-12;8;-121;0;-16;-25;-17;-25;-17;-24;-17;-23;-17;-22;-17;-21;-17;-20;-17;-19;-17;-18;-18;-17;-18;-16;-18;-16;-18;-15;-18;-15;-19;-14;-19;-14;-19;-15;-18;-15;-18;-15;-18;-15;-18;-15;-17;-14;-17;-14;-16;-15;-16;-15;-15;-16;-14;-16;-13;-17;-5;-6;-2;-2;0;0;0;0;0;0;-1;-2;-3;-5;-7;-14;-7;-14;-6;-14;-6;-15;-6;-15;-7;-16;-7;-17;-7;-18;-7;-18;-7;-19;-7;-20;-8;-20;-8;-21;-8;-21;-8;-21;-8;-21;-8;-22;-9;-22;-10;-22;-11;-23;-11;-23;-12;-24;-13;-24;-14;-25;-15;-25;-16;-25;-16;-26;-17;-26,stable,EXP_S143,ZONE_02,entree_zone,4.1,entree_zone,entree dans la zone
653856407,-53,6,a0:9f:7a:73:2b:3e,384,-110;-96;8;0;36;5;36;6;34;6;31;5;27;3;24;-1;21;-4;19;-8;18;-12;17;-15;17;-18;18;-20;18;-21;18;-21;18;-21;17;-20;15;-19;13;-18;10;-18;7;-18;4;-19;3;-20;1;-21;1;-23;1;-24;0;-6;0;0;0;0;0;0;0;0;0;0;0;0;0;0;0;0;0;0;-3;7;-11;27;-15;26;-19;24;-22;20;-22;15;-20;10;-15;6;-9;4;-2;4;4;6;10;10;15;16;17;22;17;27;15;32;13;35;10;35;7;34;6;31;5;27;6;22;9;17;13;12;18;8;23;5;28;4;-124;0;5;-7;5;-7;5;-6;5;-6;4;-5;4;-4;4;-2;4;-1;4;-1;4;-1;4;-1;3;0;3;0;2;1;2;2;2;3;3;3;2;3;2;3;2;2;1;3;0;3;0;4;1;4;1;4;1;4;0;3;0;3;0;1;-1;0;-1;-1;0;0;0;0;-2;-1;-5;-3;-12;-9;-12;-10;-12;-11;-11;-11;-10;-12;-9;-13;-8;-14;-8;-15;-7;-15;-7;-16;-6;-16;-5;-16;-4;-15;-3;-15;-2;-15;-1;-15;-1;-15;0;-15;0;-14;0;-13;1;-13;2;-12;3;-12;3;-12;3;-12;3;-11;3;-11;3;-10;-124;0;27;10;27;9;26;9;26;8;26;7;25;6;25;5;24;4;24;4;23;3;23;2;22;2;22;1;22;1;22;1;22;1;22;1;22;1;22;1;22;1;22;1;21;2;21;2;21;3;20;3;20;4;20;5;19;6;7;2;2;0;-1;-1;-1;-1;-1;-1;1;0;4;1;12;5;12;5;12;6;13;6;13;7;14;7;14;8;15;8;15;9;16;9;16;9;17;10;17;10;18;11;18;11;18;11;18;11;19;11;20;10;21;10;22;11;23;11;24;11;24;10;25;10;26;10;27;10;27;10,stable,EXP_S143,ZONE_02,entree_zone,4.1,entree_zone,entree dans la zone
654055226,-53,6,a0:9f:7a:73:2b:3e,384,-110;-96;8;0;37;-8;37;-7;35;-6;32;-6;29;-7;25;-9;22;-12;19;-14;17;-17;16;-20;16;-23;16;-24;16;-25;16;-24;16;-24;14;-23;13;-22;11;-21;8;-20;6;-21;4;-21;2;-22;0;-23;0;-25;1;-27;0;-7;0;0;0;0;0;0;0;0;0;0;0;0;0;0;0;0;0;0;3;6;11;28;7;30;2;31;-3;30;-6;26;-8;21;-8;16;-4;10;1;6;8;4;15;3;21;6;26;9;30;14;31;19;30;23;28;25;25;26;22;25;20;22;18;18;18;12;19;7;22;1;26;-3;29;-6;-112;0;2;-7;2;-7;2;-6;2;-6;2;-5;2;-3;3;-2;3;-2;3;-1;3;-1;3;-1;3;0;2;1;2;1;2;2;2;2;2;2;2;3;2;3;1;3;1;3;1;3;1;3;0;4;0;4;0;3;0;3;-1;3;-1;1;-1;0;-1;-1;0;0;0;0;-2;-1;-6;-2;-15;-4;-15;-5;-14;-6;-14;-7;-13;-8;-13;-9;-12;-10;-12;-11;-11;-12;-11;-13;-10;-13;-9;-13;-8;-13;-8;-13;-7;-14;-6;-14;-5;-14;-5;-13;-4;-13;-3;-13;-3;-12;-2;-12;-1;-12;-1;-11;-1;-11;-1;-11;0;-10;0;-10;-112;0;31;4;31;3;30;3;29;2;29;2;28;1;27;1;26;0;26;-1;25;-2;25;-2;24;-3;24;-3;24;-3;24;-3;24;-3;24;-3;24;-3;24;-2;24;-2;23;-2;23;-1;23;-1;22;-1;22;0;22;2;22;3;22;4;8;1;2;0;-1;-1;-1;-1;-1;-1;1;0;5;0;15;1;15;1;15;2;15;2;16;3;16;3;17;3;18;4;19;4;19;4;20;5;20;5;21;5;21;5;22;6;22;6;22;6;23;6;24;6;25;6;26;5;27;5;27;5;28;5;29;4;30;4;31;3;31;3,stable,EXP_S143,ZONE_02,entree_zone,4.1,entree_zone,entree dans la zone
654257403,-53,6,a0:9f:7a:73:2b:3e,384,-110;-96;8;0;7;38;7;38;6;36;6;33;7;29;8;25;11;21;14;18;17;15;20;13;22;12;24;12;25;11;26;11;26;11;25;10;23;9;22;7;21;4;20;2;20;-1;21;-3;21;-5;22;-6;23;-6;6;-2;0;0;0;0;0;0;0;0;0;0;0;0;0;0;0;0;0;0;-8;0;-32;1;-33;-4;-32;-9;-29;-13;-24;-15;-19;-15;-13;-12;-9;-7;-6;0;-5;7;-7;14;-11;20;-16;25;-21;27;-26;27;-30;26;-32;24;-32;21;-30;18;-26;16;-21;15;-15;15;-9;17;-3;20;2;25;5;28;-118;0;8;1;8;1;8;1;7;0;6;0;4;1;3;1;2;2;2;3;2;3;2;3;1;2;0;2;-1;2;-2;3;-2;3;-2;4;-1;4;-1;3;-2;2;-2;2;-3;2;-4;2;-4;3;-4;3;-3;3;-3;2;-3;1;-1;0;-1;0;0;-1;-1;0;-1;0;0;-2;0;-6;1;-16;1;-16;2;-16;3;-16;4;-15;5;-15;7;-15;8;-15;9;-15;10;-15;10;-14;10;-13;11;-12;11;-11;12;-10;12;-9;13;-9;12;-9;12;-8;11;-7;11;-6;11;-5;12;-4;12;-4;12;-4;11;-4;10;-4;9;-3;-118;0;5;30;5;30;6;29;6;28;7;27;8;26;8;25;9;25;9;24;9;23;9;22;10;22;10;22;10;22;10;21;11;21;11;21;11;21;11;21;10;21;10;21;9;21;8;20;8;20;7;21;6;21;5;21;4;21;1;8;0;2;-1;-1;-1;-1;-1;-1;0;1;0;5;1;14;1;14;1;15;1;15;1;16;0;17;0;18;0;18;0;19;0;19;0;20;0;21;0;22;-1;22;-2;23;-1;22;-1;23;0;23;1;24;1;25;2;26;2;27;3;27;3;28;4;29;4;29;5;30;5;31,stable,EXP_S143,ZONE_02,entree_zone,4.1,entree_zone,entree dans la zone
654455252,-54,6,a0:9f:7a:73:2b:3e,384,-110;-96;8;0;25;-18;25;-17;24;-16;22;-15;19;-15;15;-15;11;-15;8;-16;5;-18;3;-20;2;-22;1;-23;1;-24;1;-24;1;-23;1;-22;1;-21;0;-20;-2;-18;-4;-17;-6;-16;-7;-16;-9;-16;-10;-17;-10;-17;-3;-5;0;0;0;0;0;0;0;0;0;0;0;0;0;0;0;0;0;0;3;4;12;20;10;22;6;24;2;23;-1;21;-3;17;-3;12;-1;7;3;3;7;0;13;-1;18;-1;23;1;27;5;28;8;28;11;27;13;25;14;22;13;20;11;17;8;16;3;15;-2;16;-7;18;-11;20;-15;-116;0;-2;-14;-1;-13;0;-12;0;-11;1;-10;2;-9;3;-8;3;-7;4;-6;4;-6;4;-5;4;-4;4;-3;4;-2;5;-1;5;-1;5;0;5;0;5;0;5;1;5;2;5;2;5;3;5;3;5;3;5;3;4;3;3;3;1;1;0;0;-1;-1;1;-1;0;0;-3;0;-9;1;-24;2;-24;0;-25;-2;-25;-3;-24;-5;-24;-7;-24;-8;-24;-10;-24;-11;-23;-12;-23;-13;-21;-14;-20;-15;-19;-16;-18;-17;-17;-17;-16;-18;-15;-18;-14;-18;-13;-18;-12;-18;-11;-17;-10;-17;-9;-18;-8;-18;-7;-17;-7;-16;-6;-16;-116;0;46;-20;45;-20;44;-21;42;-21;40;-21;39;-22;37;-22;36;-22;34;-22;33;-23;32;-23;31;-24;30;-25;30;-25;30;-25;30;-25;30;-25;30;-25;30;-24;30;-24;30;-23;30;-22;29;-21;30;-20;30;-19;31;-17;31;-15;32;-14;11;-5;3;-2;-1;0;-2;0;-1;0;2;-1;7;-3;22;-8;22;-8;23;-8;24;-7;25;-7;26;-7;27;-7;28;-7;29;-7;30;-7;32;-8;33;-8;34;-7;35;-7;36;-8;36;-8;36;-8;37;-9;37;-10;39;-11;40;-12;41;-13;42;-14;43;-16;44;-17;45;-18;46;-19;47;-20,stable,EXP_S143,ZONE_02,entree_zone,4.1,entree_zone,entree dans la zone
654653899,-54,6,a0:9f:7a:73:2b:3e,384,-110;-96;8;0;27;15;26;16;24;15;22;13;20;11;19;7;18;4;18;0;18;-3;18;-6;19;-8;20;-9;21;-9;21;-9;21;-9;20;-9;18;-8;16;-9;15;-9;13;-10;11;-12;10;-13;10;-15;10;-16;10;-17;2;-5;0;0;0;0;0;0;0;0;0;0;0;0;0;0;0;0;0;0;-4;5;-14;20;-17;19;-20;16;-21;12;-20;8;-17;5;-13;2;-8;2;-2;4;3;7;6;11;8;16;9;22;7;26;5;29;2;31;-1;30;-3;29;-3;26;-3;23;0;19;3;16;8;13;12;11;18;11;21;11;-118;0;12;-5;12;-5;11;-4;10;-3;9;-2;8;-1;7;1;6;2;6;3;6;3;5;3;4;3;3;3;2;4;2;5;1;5;1;6;1;6;1;5;0;5;-1;5;-2;5;-2;5;-2;6;-2;6;-2;5;-2;5;-2;5;-1;1;-1;0;0;-1;0;1;0;0;-2;-3;-4;-8;-10;-22;-9;-23;-8;-24;-6;-24;-4;-25;-2;-25;0;-25;1;-26;3;-26;4;-26;5;-25;6;-25;7;-24;8;-23;10;-22;11;-21;11;-21;11;-20;11;-18;12;-17;12;-16;13;-15;13;-14;14;-14;13;-13;13;-12;13;-11;13;-10;-118;0;32;37;32;36;32;35;32;34;32;32;32;31;32;30;32;28;32;26;32;25;32;23;32;22;32;22;32;21;32;21;32;21;32;21;32;21;32;21;31;22;30;22;29;22;28;22;27;22;26;23;25;24;24;26;22;27;7;9;2;3;-1;-1;-1;-2;-1;-1;1;1;4;6;13;18;13;18;13;19;14;20;14;21;14;22;14;23;15;24;15;25;16;26;16;27;17;29;17;30;17;31;17;32;18;32;18;32;19;33;21;33;22;34;24;35;25;35;26;36;28;36;29;36;30;37;32;37;33;38,stable,EXP_S143,ZONE_02,entree_zone,4.1,entree_zone,entree dans la zone
654852321,-54,6,a0:9f:7a:73:2b:3e,384,-110;-96;8;0;29;-13;29;-12;28;-11;25;-10;22;-11;18;-11;15;-13;12;-15;9;-16;8;-19;7;-21;6;-22;6;-23;7;-23;7;-23;6;-22;6;-21;4;-19;2;-18;0;-18;-2;-17;-3;-17;-5;-18;-6;-19;-6;-19;-2;-5;0;0;0;0;0;0;0;0;0;0;0;0;0;0;0;0;0;0;2;5;9;22;6;24;2;24;-2;23;-5;20;-6;16;-5;11;-2;7;2;4;8;1;13;1;19;3;23;6;26;9;27;13;26;16;24;18;22;19;20;17;17;15;16;11;15;6;15;1;17;-4;20;-8;23;-11;-118;0;4;-14;4;-13;4;-13;4;-11;4;-10;5;-8;5;-6;6;-5;6;-4;6;-4;6;-3;5;-2;5;-1;4;0;5;1;5;1;5;2;5;2;5;3;4;3;4;3;4;4;4;4;4;4;4;4;3;4;3;4;3;4;0;1;0;0;-1;-1;1;0;0;0;-3;-1;-9;-2;-23;-6;-23;-7;-23;-9;-22;-11;-21;-13;-21;-14;-20;-16;-19;-17;-19;-18;-18;-20;-17;-20;-16;-21;-14;-21;-13;-21;-11;-22;-10;-23;-9;-23;-8;-22;-8;-21;-7;-20;-5;-20;-4;-20;-3;-20;-2;-20;-2;-20;-1;-19;-1;-18;-1;-17;-118;0;51;-4;50;-4;49;-5;48;-6;47;-7;45;-8;44;-8;43;-9;41;-10;40;-11;39;-12;38;-12;37;-13;37;-14;37;-14;37;-14;37;-14;37;-13;37;-13;37;-12;37;-11;36;-11;36;-10;35;-9;35;-7;35;-5;35;-4;35;-2;12;-1;3;0;-2;0;-2;0;-1;0;2;-1;8;-1;23;-1;23;-1;24;0;25;0;26;1;27;1;29;2;30;2;31;2;32;2;33;2;34;3;35;3;36;4;36;4;37;4;38;4;38;3;40;3;41;2;43;1;44;0;46;0;47;-1;48;-2;49;-3;51;-3;51;-4,stable,EXP_S143,ZONE_02,entree_zone,4.1,entree_zone,entree dans la zone
655054379,-53,6,a0:9f:7a:73:2b:3e,384,-110;-96;8;0;12;30;11;30;10;29;9;26;9;23;10;19;12;15;14;12;16;10;18;8;20;7;21;7;22;7;23;7;22;7;22;7;21;6;19;5;18;3;17;1;17;-1;17;-3;17;-4;18;-5;19;-5;4;-2;0;0;0;0;0;0;0;0;0;0;0;0;0;0;0;0;0;0;-6;3;-24;11;-25;7;-26;3;-25;-1;-22;-4;-18;-5;-13;-4;-8;-2;-4;3;-2;8;-2;14;-3;19;-6;24;-10;27;-14;28;-17;27;-19;26;-20;23;-19;20;-16;18;-12;16;-7;15;-2;16;3;18;7;20;11;23;-111;0;14;2;14;2;14;3;12;3;10;3;8;3;6;4;5;5;4;6;4;6;4;6;3;5;1;4;-1;5;-2;5;-3;6;-3;7;-2;7;-2;6;-2;5;-3;4;-4;4;-5;4;-6;4;-6;5;-5;4;-5;4;-4;3;-2;1;-1;0;0;-1;0;1;-1;0;-1;-3;-2;-9;-3;-25;-2;-25;0;-26;2;-25;4;-25;6;-24;8;-24;10;-24;12;-24;13;-24;14;-23;14;-22;15;-20;16;-18;18;-16;19;-16;20;-15;19;-14;19;-13;18;-12;18;-10;18;-8;19;-7;19;-6;19;-6;18;-6;17;-5;16;-4;-111;0;12;51;12;50;13;48;13;47;14;46;14;45;15;43;15;42;15;40;15;39;15;38;16;38;16;38;17;37;17;37;16;37;16;37;15;37;14;37;14;36;13;36;11;36;10;36;9;36;8;36;6;36;4;36;2;36;0;13;-1;4;-1;-2;-1;-2;-1;-1;1;2;3;7;9;22;8;22;8;23;8;25;8;26;7;27;7;29;7;30;7;31;7;32;7;33;7;34;7;35;6;37;5;37;5;38;5;38;6;38;7;40;8;41;9;43;10;44;10;45;11;46;11;47;12;49;13;50;14;51,stable,EXP_S143,ZONE_02,entree_zone,4.1,entree_zone,entree dans la zone
655252489,-54,6,a0:9f:7a:73:2b:3e,384,-110;-96;8;0;20;-26;21;-25;20;-23;18;-21;14;-19;11;-18;7;-18;3;-18;0;-19;-2;-20;-4;-22;-5;-23;-6;-23;-6;-24;-6;-23;-5;-22;-5;-21;-6;-19;-7;-17;-8;-15;-10;-14;-11;-13;-13;-13;-14;-13;-14;-14;-4;-4;0;0;0;0;0;0;0;0;0;0;0;0;0;0;0;0;0;0;4;4;17;18;14;20;10;22;6;22;3;21;0;17;-1;12;0;7;3;2;8;-2;13;-5;19;-5;24;-4;28;-2;30;1;31;4;30;6;28;8;25;8;22;6;19;3;16;-1;14;-6;13;-11;14;-16;15;-20;-125;0;-6;-14;-6;-14;-6;-14;-5;-12;-4;-11;-2;-9;0;-8;2;-8;3;-8;3;-8;3;-8;2;-6;3;-5;4;-4;5;-3;6;-3;6;-3;5;-3;5;-3;4;-2;4;-1;5;1;5;1;6;1;6;1;6;0;5;0;5;0;1;0;0;0;-1;-1;1;-1;0;-1;-2;1;-8;5;-21;13;-22;12;-23;11;-23;10;-24;8;-25;6;-26;4;-27;2;-28;0;-28;-1;-28;-2;-27;-3;-25;-5;-24;-6;-24;-8;-24;-9;-23;-10;-23;-10;-21;-10;-19;-11;-18;-11;-16;-13;-16;-14;-16;-15;-16;-15;-15;-14;-14;-13;-12;-13;-125;0;34;-38;33;-38;32;-38;31;-37;29;-37;28;-37;27;-36;25;-36;23;-35;22;-35;21;-34;20;-34;19;-35;19;-35;19;-35;19;-35;19;-35;20;-34;20;-34;20;-33;21;-32;21;-31;21;-30;22;-29;23;-28;24;-26;25;-25;26;-24;9;-9;3;-3;-1;0;-1;1;-1;0;1;-2;5;-7;14;-18;14;-18;15;-19;16;-19;17;-20;19;-20;20;-21;21;-21;21;-22;22;-22;23;-23;24;-24;26;-24;27;-24;28;-24;28;-24;28;-25;28;-26;29;-27;30;-29;31;-30;31;-31;32;-32;32;-34;32;-35;32;-37;33;-38;33;-40,stable,EXP_S143,ZONE_02,entree_zone,4.1,entree_zone,entree dans la zone
655452508,-54,6,a0:9f:7a:73:2b:3e,384,-110;-96;8;0;-29;-14;-28;-14;-26;-14;-24;-13;-22;-10;-20;-7;-19;-4;-18;-1;-19;2;-19;5;-20;7;-21;8;-21;9;-22;9;-21;9;-20;8;-19;8;-17;8;-15;8;-14;9;-12;11;-11;12;-10;13;-11;14;-11;15;-3;3;0;0;0;0;0;0;0;0;0;0;0;0;0;0;0;0;0;0;2;-6;9;-22;12;-21;15;-18;17;-15;17;-11;14;-8;11;-5;6;-4;1;-5;-4;-8;-8;-12;-10;-16;-11;-21;-10;-26;-8;-29;-6;-30;-3;-30;-1;-29;-1;-26;-1;-23;-3;-19;-6;-16;-10;-13;-14;-11;-19;-11;-22;-11;-118;0;-12;7;-11;7;-11;6;-10;5;-9;4;-9;2;-8;1;-8;0;-8;-1;-8;-2;-8;-2;-7;-2;-6;-3;-5;-3;-4;-5;-4;-5;-4;-6;-4;-6;-4;-5;-3;-5;-2;-5;-1;-6;-1;-6;-1;-7;-2;-7;-2;-7;-1;-6;-1;-6;-1;-2;0;-1;0;0;-1;-2;-1;-1;1;1;4;6;13;17;12;18;11;19;10;20;8;21;6;21;5;22;4;23;2;23;2;24;1;24;0;23;-2;22;-3;22;-5;21;-6;21;-7;21;-7;20;-7;19;-7;18;-8;17;-9;16;-10;16;-11;15;-11;15;-10;14;-10;13;-9;11;-118;0;-43;-27;-42;-27;-42;-25;-42;-24;-41;-22;-41;-21;-40;-19;-39;-18;-38;-16;-38;-15;-37;-14;-38;-13;-38;-12;-38;-12;-38;-11;-38;-12;-38;-11;-38;-12;-37;-12;-37;-12;-36;-12;-35;-13;-34;-13;-33;-14;-32;-15;-31;-16;-31;-18;-30;-19;-11;-7;-4;-3;1;0;1;0;0;0;-3;-2;-7;-5;-19;-14;-19;-14;-19;-15;-19;-16;-20;-17;-21;-18;-22;-19;-22;-20;-23;-21;-24;-21;-25;-22;-25;-23;-26;-24;-26;-25;-26;-26;-26;-26;-27;-26;-28;-26;-30;-26;-32;-26;-33;-26;-35;-27;-36;-27;-37;-27;-39;-27;-40;-27;-42;-27;-43;-27,stable,EXP_S143,ZONE_02,entree_zone,4.1,entree_zone,entree dans la zone
655653941,-53,6,a0:9f:7a:73:2b:3e,384,-110;-96;8;0;-21;-36;-20;-36;-18;-35;-17;-31;-16;-27;-17;-22;-18;-18;-20;-14;-22;-10;-25;-8;-27;-6;-29;-5;-30;-5;-31;-5;-30;-5;-29;-5;-27;-4;-25;-3;-23;-1;-22;2;-21;4;-21;6;-21;8;-22;10;-22;10;-6;2;0;0;0;0;0;0;0;0;0;0;0;0;0;0;0;0;0;0;6;-4;28;-14;30;-10;31;-5;29;0;26;3;20;5;14;4;8;1;4;-4;1;-11;0;-18;2;-25;5;-31;9;-35;14;-36;18;-36;20;-34;21;-31;20;-27;17;-24;12;-21;6;-20;-1;-20;-7;-22;-13;-24;-17;-27;-122;0;-10;-1;-10;-1;-10;-1;-9;-1;-7;-1;-6;-2;-5;-3;-4;-4;-4;-4;-4;-4;-4;-4;-3;-4;-2;-4;-1;-4;-1;-4;0;-5;0;-5;-1;-5;0;-5;0;-4;1;-4;1;-4;2;-4;2;-4;2;-4;2;-4;1;-4;1;-3;0;-1;0;-1;-1;0;-1;-1;0;-1;0;1;0;5;2;14;1;15;0;15;-1;15;-2;15;-3;15;-5;14;-6;14;-7;15;-8;15;-8;14;-9;13;-9;12;-10;11;-11;10;-12;10;-12;10;-12;9;-12;9;-11;8;-11;6;-11;5;-12;5;-12;4;-12;4;-12;4;-11;4;-10;3;-122;0;-12;-30;-13;-30;-13;-29;-13;-28;-13;-27;-13;-27;-13;-26;-13;-25;-13;-24;-14;-23;-14;-22;-15;-22;-15;-21;-15;-21;-15;-22;-15;-22;-15;-22;-14;-22;-14;-22;-13;-22;-13;-22;-12;-21;-12;-21;-11;-21;-10;-21;-9;-22;-8;-22;-7;-22;-3;-8;-1;-3;0;0;0;0;0;0;-1;-2;-3;-5;-7;-13;-7;-14;-7;-14;-7;-15;-7;-16;-6;-17;-6;-18;-6;-18;-6;-19;-7;-20;-7;-20;-7;-21;-7;-22;-7;-23;-6;-23;-6;-23;-6;-23;-7;-24;-8;-24;-8;-25;-9;-26;-9;-27;-10;-28;-10;-28;-11;-29;-12;-29;-13;-30;-14;-31,stable,EXP_S143,ZONE_02,entree_zone,4.1,entree_zone,entree dans la zone
655852258,-54,6,a0:9f:7a:73:2b:3e,384,-110;-96;8;0;-32;-10;-31;-11;-29;-11;-26;-10;-23;-7;-21;-4;-20;-1;-19;2;-18;5;-18;8;-19;10;-20;11;-20;12;-20;12;-20;12;-19;12;-18;11;-16;11;-14;11;-12;12;-10;13;-9;14;-8;15;-8;16;-8;17;-2;4;0;0;0;0;0;0;0;0;0;0;0;0;0;0;0;0;0;0;1;-6;8;-24;11;-23;15;-21;17;-17;17;-13;14;-9;11;-6;6;-5;0;-5;-6;-8;-10;-12;-13;-16;-14;-22;-13;-26;-12;-29;-10;-31;-7;-31;-4;-30;-3;-27;-4;-23;-5;-19;-8;-15;-11;-12;-16;-9;-20;-8;-24;-8;-123;0;-11;11;-11;10;-10;10;-9;9;-8;7;-8;5;-8;3;-8;1;-9;0;-9;0;-8;0;-7;-1;-6;-2;-5;-3;-5;-4;-6;-5;-6;-5;-6;-5;-6;-5;-4;-5;-3;-5;-2;-6;-2;-7;-2;-7;-3;-7;-3;-7;-2;-6;-2;-5;-1;-2;0;-1;0;0;-2;-1;-1;-1;2;0;7;3;20;10;20;12;20;13;19;15;17;16;16;18;14;19;13;21;13;22;12;23;11;23;9;23;7;22;5;23;3;23;2;24;1;24;1;23;0;22;0;20;-2;19;-4;18;-5;19;-6;19;-6;19;-6;18;-6;16;-6;15;-123;0;-49;-15;-49;-15;-48;-14;-47;-12;-46;-11;-46;-10;-45;-9;-44;-8;-42;-7;-41;-6;-41;-6;-41;-5;-41;-4;-41;-4;-40;-4;-40;-4;-40;-4;-39;-5;-39;-6;-39;-6;-38;-7;-37;-7;-36;-8;-36;-9;-35;-10;-34;-12;-34;-14;-33;-15;-12;-6;-4;-2;1;0;1;0;0;0;-3;-1;-9;-2;-24;-5;-24;-5;-25;-6;-26;-6;-27;-7;-28;-8;-28;-10;-29;-10;-30;-11;-30;-11;-32;-11;-33;-12;-34;-14;-34;-15;-35;-16;-35;-16;-35;-15;-36;-15;-38;-14;-39;-14;-41;-15;-43;-15;-44;-15;-45;-14;-46;-14;-48;-14;-49;-14;-50;-15,stable,EXP_S143,ZONE_02,entree_zone,4.1,entree_zone,entree dans la zone
656052313,-53,6,a0:9f:7a:73:2b:3e,384,-110;-96;8;0;13;-40;14;-39;13;-36;12;-33;9;-30;6;-27;1;-25;-3;-24;-8;-23;-12;-23;-15;-24;-16;-25;-17;-25;-17;-26;-17;-26;-16;-24;-15;-23;-15;-21;-15;-18;-16;-15;-17;-13;-19;-11;-21;-10;-22;-10;-23;-10;-6;-3;0;0;0;0;0;0;0;0;0;0;0;0;0;0;0;0;0;0;7;2;28;11;27;16;24;20;19;22;14;22;10;19;6;14;4;7;5;0;8;-6;13;-12;19;-16;26;-17;32;-16;36;-14;38;-10;38;-7;37;-5;33;-3;29;-3;24;-5;19;-8;14;-14;10;-19;9;-26;8;-31;-116;0;-6;-8;-6;-8;-6;-8;-5;-7;-4;-6;-3;-6;-2;-6;-1;-6;0;-6;0;-6;0;-5;0;-5;1;-4;1;-4;2;-3;3;-3;3;-4;3;-3;3;-3;2;-3;3;-2;3;-1;3;-1;4;-1;4;-1;3;-1;3;-1;3;-1;1;-1;0;0;-1;0;0;-1;0;-1;-1;1;-4;3;-11;10;-12;9;-13;9;-13;8;-14;7;-14;6;-15;5;-16;4;-16;3;-17;3;-17;2;-17;1;-16;0;-16;-1;-16;-2;-16;-3;-16;-3;-15;-4;-14;-4;-14;-4;-13;-5;-12;-5;-12;-6;-12;-6;-12;-7;-11;-6;-10;-6;-9;-6;-116;0;14;-29;14;-29;13;-29;12;-28;12;-28;11;-27;10;-27;9;-26;8;-26;8;-25;7;-25;6;-25;6;-25;5;-25;5;-25;5;-25;5;-25;5;-25;6;-25;6;-24;6;-24;7;-23;7;-23;7;-22;8;-22;9;-21;10;-21;11;-20;4;-8;1;-3;-1;0;-1;0;-1;0;0;-2;2;-5;6;-13;7;-13;7;-14;8;-14;9;-14;9;-15;10;-15;10;-16;11;-16;11;-17;12;-18;12;-18;13;-18;14;-18;14;-18;14;-19;14;-19;14;-20;14;-21;14;-22;14;-23;15;-24;15;-25;15;-26;15;-26;15;-28;15;-29;15;-29,stable,EXP_S143,ZONE_02,entree_zone,4.1,entree_zone,entree dans la zone
656254271,-54,6,a0:9f:7a:73:2b:3e,384,-110;-96;8;0;27;-17;27;-16;26;-15;23;-13;20;-13;17;-13;13;-14;10;-16;7;-17;5;-19;4;-21;3;-23;3;-24;3;-24;3;-24;3;-23;3;-21;2;-20;0;-18;-2;-17;-3;-17;-5;-16;-7;-17;-8;-17;-8;-18;-2;-5;0;0;0;0;0;0;0;0;0;0;0;0;0;0;0;0;0;0;3;4;14;20;11;22;7;24;3;23;0;21;-2;17;-2;12;0;7;3;3;8;0;13;-1;19;-1;24;2;27;5;29;8;29;12;27;14;25;14;22;14;19;12;17;8;16;4;16;-2;17;-7;19;-11;21;-15;-122;0;2;-15;3;-14;3;-13;4;-12;4;-10;4;-8;5;-7;6;-6;6;-5;6;-5;6;-4;5;-3;5;-2;5;-1;5;0;6;1;6;1;6;1;6;1;5;2;5;2;4;3;4;4;5;4;4;4;4;4;4;4;3;4;1;1;0;0;-1;-1;1;0;0;0;-3;0;-9;-1;-23;-2;-23;-3;-23;-5;-23;-7;-23;-9;-22;-11;-22;-13;-21;-14;-21;-16;-20;-17;-19;-17;-18;-18;-17;-18;-16;-19;-14;-20;-13;-20;-12;-20;-11;-20;-10;-20;-9;-19;-8;-19;-6;-19;-6;-20;-5;-20;-4;-19;-3;-18;-3;-17;-2;-16;-122;0;51;-9;50;-10;48;-10;47;-11;45;-11;44;-12;43;-12;42;-13;40;-13;38;-14;37;-15;36;-15;36;-16;36;-17;36;-17;36;-17;36;-16;36;-16;36;-15;36;-14;35;-14;34;-13;34;-12;34;-11;34;-10;34;-8;35;-6;35;-5;12;-2;3;-1;-2;0;-2;0;-1;0;2;-1;8;-2;23;-5;23;-5;24;-4;25;-4;26;-4;27;-3;29;-3;30;-2;31;-2;32;-2;33;-2;34;-2;35;-1;36;-1;37;-1;38;-1;38;-1;39;-2;40;-3;41;-4;43;-4;44;-5;45;-5;46;-6;47;-7;48;-8;50;-9;51;-9,stable,EXP_S143,ZONE_02,entree_zone,4.1,entree_zone,entree dans la zone
656452558,-53,6,a0:9f:7a:73:2b:3e,384,-110;-96;8;0;31;-27;31;-25;30;-24;27;-22;23;-20;18;-20;13;-20;8;-22;5;-24;2;-26;0;-28;-1;-29;-1;-30;-1;-31;-1;-30;-1;-29;-1;-27;-2;-25;-4;-23;-6;-21;-8;-20;-11;-19;-13;-19;-14;-20;-15;-20;-4;-6;0;0;0;0;0;0;0;0;0;0;0;0;0;0;0;0;0;0;5;6;19;24;15;27;10;29;5;29;1;26;-2;22;-2;16;0;9;4;3;10;-1;17;-3;24;-3;31;-1;35;3;37;7;38;11;36;14;33;15;30;15;26;12;23;8;20;3;19;-4;19;-11;21;-17;23;-21;-122;0;-2;-10;-2;-10;-2;-9;-2;-8;-2;-7;-1;-6;1;-5;2;-5;2;-5;3;-5;2;-5;2;-4;2;-3;3;-2;3;-1;4;-1;4;-2;4;-2;3;-2;3;-1;3;0;3;1;3;1;4;1;4;1;4;1;3;0;3;0;1;0;0;0;-1;-1;0;-1;0;-1;-2;0;-5;2;-14;7;-14;6;-15;5;-15;4;-15;3;-16;1;-16;0;-17;-1;-17;-2;-18;-3;-17;-3;-17;-4;-16;-5;-15;-6;-14;-7;-14;-8;-14;-8;-14;-8;-13;-8;-11;-8;-10;-9;-9;-9;-8;-10;-8;-11;-8;-11;-8;-10;-8;-10;-7;-9;-122;0;25;-20;24;-20;23;-20;23;-20;22;-20;21;-20;20;-20;19;-20;18;-19;17;-19;17;-19;16;-19;16;-20;16;-20;15;-20;15;-20;15;-20;16;-19;16;-19;16;-19;16;-18;16;-17;17;-16;17;-16;17;-15;18;-14;18;-13;19;-12;7;-4;2;-2;-1;0;-1;0;-1;0;1;-2;3;-4;10;-11;10;-11;11;-11;12;-11;13;-11;14;-11;14;-11;15;-11;15;-11;16;-12;16;-12;17;-13;18;-13;19;-12;20;-12;20;-12;20;-13;20;-13;20;-14;21;-15;22;-16;23;-16;23;-17;23;-17;23;-18;24;-19;25;-20;25;-21,stable,EXP_S143,ZONE_02,entree_zone,4.1,entree_zone,entree dans la zone
656652521,-54,6,a0:9f:7a:73:2b:3e,384,-110;-96;8;0;-7;31;-8;30;-7;28;-6;26;-4;23;-1;20;2;18;5;16;8;15;11;15;13;15;14;16;15;17;15;17;15;17;14;16;13;15;13;13;13;10;13;8;14;6;15;4;16;3;17;3;18;3;4;0;0;0;0;0;0;0;0;0;0;0;0;0;0;0;0;0;0;0;-7;-2;-24;-7;-24;-10;-22;-14;-19;-16;-15;-16;-11;-15;-8;-11;-6;-6;-5;-1;-7;5;-10;10;-14;13;-19;15;-24;15;-27;14;-30;11;-30;9;-29;7;-27;5;-23;5;-19;6;-15;8;-10;11;-7;15;-5;20;-4;24;-113;0;9;10;8;10;8;10;6;10;5;9;3;8;2;8;0;8;0;7;-1;7;-1;7;-1;6;-2;5;-3;5;-4;4;-5;4;-6;4;-6;4;-6;4;-6;3;-6;2;-6;2;-7;2;-7;2;-7;2;-7;1;-6;1;-6;0;-2;0;-1;0;0;-1;-2;1;-1;0;1;-2;5;-6;17;-16;18;-15;19;-14;20;-13;21;-11;21;-10;22;-8;23;-7;24;-5;25;-4;25;-3;24;-2;24;-1;23;0;23;2;22;3;22;4;22;4;21;5;20;5;19;6;18;7;17;7;17;8;17;8;16;8;15;8;14;8;-113;0;-23;44;-22;44;-21;43;-19;43;-18;42;-17;42;-15;41;-13;40;-12;39;-10;39;-9;39;-8;38;-7;39;-7;39;-6;39;-6;38;-6;38;-6;38;-7;38;-7;37;-7;36;-8;36;-8;35;-8;34;-9;34;-11;33;-12;33;-14;32;-5;11;-2;3;0;-2;0;-2;0;-1;-2;2;-5;6;-13;19;-14;19;-15;19;-16;20;-17;21;-18;22;-19;22;-20;23;-20;24;-21;25;-22;25;-23;26;-23;27;-24;27;-24;27;-24;28;-24;28;-24;30;-24;31;-24;33;-25;35;-25;36;-25;38;-25;39;-24;41;-24;42;-23;44;-23;45,stable,EXP_S143,ZONE_02,entree_zone,4.1,entree_zone,entree dans la zone
656852078,-54,6,a0:9f:7a:73:2b:3e,384,-110;-96;8;0;27;16;26;16;24;16;22;14;20;11;18;8;17;4;17;0;17;-3;18;-5;19;-7;20;-9;21;-9;21;-9;21;-9;20;-9;19;-8;17;-9;15;-9;13;-10;11;-11;10;-13;9;-14;9;-15;10;-16;2;-4;0;0;0;0;0;0;0;0;0;0;0;0;0;0;0;0;0;0;-4;5;-15;20;-18;18;-21;15;-22;11;-21;7;-18;4;-13;2;-8;2;-2;4;2;8;5;12;7;18;7;23;6;27;3;30;0;31;-2;31;-4;29;-4;26;-3;22;-1;19;3;15;7;13;12;11;17;11;20;11;-121;0;11;-9;11;-10;11;-10;9;-10;8;-8;7;-6;7;-3;7;-1;8;-1;9;-1;8;-2;7;-2;5;-1;4;1;4;3;5;4;5;5;5;4;5;3;3;3;2;3;1;5;1;6;1;7;2;7;3;6;2;5;2;4;0;1;0;0;-1;-1;1;0;0;0;-3;-2;-7;-6;-19;-17;-18;-17;-17;-18;-16;-19;-15;-19;-13;-20;-11;-22;-10;-23;-9;-25;-8;-26;-7;-26;-6;-25;-4;-24;-2;-24;0;-24;1;-24;1;-25;1;-25;1;-23;2;-21;3;-19;5;-18;7;-19;8;-20;7;-20;6;-19;6;-18;5;-16;-121;0;45;19;45;18;44;17;44;15;43;14;43;13;42;12;41;11;40;9;39;8;38;6;38;4;38;4;38;4;38;4;38;4;38;4;38;4;37;5;37;5;36;6;36;6;34;6;34;7;33;8;33;9;32;11;32;13;11;5;3;1;-2;-1;-2;-1;-1;-1;2;1;7;3;21;9;21;9;21;10;22;11;23;12;24;13;25;15;25;16;25;16;26;16;28;17;29;17;30;18;31;19;30;20;30;20;31;20;32;19;34;19;35;19;37;20;38;20;39;20;41;20;42;19;44;18;46;18;47;17,stable,EXP_S143,ZONE_02,entree_zone,4.1,entree_zone,entree dans la zone
657052445,-54,6,a0:9f:7a:73:2b:3e,384,-110;-96;8;0;5;-32;6;-31;6;-29;5;-26;4;-23;1;-21;-2;-19;-6;-17;-9;-16;-12;-15;-14;-15;-16;-15;-17;-16;-18;-16;-17;-16;-17;-16;-16;-14;-15;-13;-15;-10;-15;-8;-15;-6;-16;-4;-17;-3;-18;-2;-19;-2;-5;-1;0;0;0;0;0;0;0;0;0;0;0;0;0;0;0;0;0;0;5;2;22;10;21;13;18;16;15;18;11;18;7;15;4;11;3;6;4;0;6;-5;10;-10;15;-13;20;-14;24;-14;27;-12;29;-10;29;-7;28;-5;26;-4;22;-4;18;-5;14;-7;9;-11;6;-16;4;-20;3;-24;-116;0;-13;-10;-13;-10;-13;-10;-11;-9;-10;-8;-8;-8;-6;-8;-4;-8;-3;-9;-3;-9;-3;-9;-2;-8;-1;-7;0;-6;2;-6;3;-7;3;-7;2;-7;2;-6;2;-6;3;-4;4;-4;5;-4;5;-4;5;-5;5;-5;4;-4;4;-4;1;-2;0;-1;-1;0;0;-2;0;-1;-2;2;-5;6;-15;18;-16;18;-17;17;-18;16;-19;14;-21;13;-22;11;-24;10;-25;9;-26;9;-26;8;-25;7;-25;5;-24;3;-24;1;-25;0;-25;-1;-24;-1;-24;-1;-22;-1;-21;-2;-21;-4;-21;-5;-21;-6;-21;-6;-20;-6;-19;-6;-17;-6;-116;0;12;-48;11;-47;10;-47;9;-46;7;-45;6;-44;5;-43;4;-42;2;-41;1;-40;-1;-39;-2;-39;-3;-39;-3;-39;-3;-39;-3;-39;-3;-39;-3;-39;-3;-38;-2;-38;-2;-37;-1;-37;-1;-36;0;-35;1;-35;2;-34;4;-34;5;-34;2;-13;1;-4;-1;1;-1;1;-1;0;0;-3;2;-8;8;-22;8;-22;8;-23;9;-24;10;-25;12;-26;12;-26;13;-27;13;-28;14;-29;14;-30;15;-31;15;-32;16;-32;17;-32;17;-32;17;-33;16;-34;16;-36;15;-38;16;-39;16;-41;15;-42;14;-43;13;-45;12;-47;12;-48;12;-50,stable,EXP_S143,ZONE_02,entree_zone,4.1,entree_zone,entree dans la zone
657252281,-53,6,a0:9f:7a:73:2b:3e,384,-110;-96;8;0;-37;21;-37;20;-35;18;-32;16;-27;15;-22;15;-17;16;-13;18;-8;20;-5;23;-3;25;-2;28;-1;29;-1;30;-1;30;-1;29;-1;27;0;25;2;23;4;21;6;19;8;18;11;17;12;18;14;19;3;4;0;0;0;0;0;0;0;0;0;0;0;0;0;0;0;0;0;0;-3;-8;-9;-31;-5;-33;0;-33;4;-31;7;-27;8;-21;7;-15;3;-10;-3;-5;-11;-3;-18;-3;-25;-5;-31;-9;-35;-13;-36;-18;-35;-22;-33;-25;-30;-25;-26;-24;-23;-20;-20;-15;-19;-9;-19;-1;-21;6;-24;12;-27;16;-110;0;-2;10;-2;9;-2;9;-3;8;-3;7;-3;6;-4;5;-4;5;-5;4;-5;4;-4;3;-4;3;-4;2;-4;1;-4;0;-5;0;-5;0;-5;-1;-5;-1;-4;-1;-4;-1;-4;-2;-4;-2;-4;-3;-4;-3;-4;-3;-4;-3;-4;-2;-2;-1;-1;-1;0;0;-1;-1;-1;-1;1;-1;5;0;14;1;14;2;15;3;14;4;14;5;14;6;13;7;13;8;13;9;13;10;12;10;11;11;10;11;9;12;8;13;8;13;7;13;7;13;6;13;6;13;5;12;4;12;3;13;3;13;3;13;2;12;2;12;1;11;-110;0;-32;6;-31;6;-30;7;-30;7;-29;8;-28;8;-27;9;-26;9;-25;9;-24;9;-24;10;-23;10;-23;11;-23;11;-23;11;-23;11;-23;11;-23;11;-23;10;-23;10;-22;10;-22;9;-22;8;-22;8;-22;7;-22;6;-23;5;-23;4;-9;1;-3;0;0;-1;0;-1;0;-1;-2;0;-6;1;-15;2;-16;2;-16;2;-17;2;-18;1;-18;1;-19;1;-20;1;-21;1;-21;1;-22;0;-23;0;-23;0;-24;-1;-24;-1;-24;0;-24;0;-25;1;-26;1;-27;2;-28;2;-28;3;-29;4;-30;4;-30;5;-31;5;-32;5;-32;6,stable,EXP_S143,ZONE_02,entree_zone,4.1,entree_zone,entree dans la zone
657452189,-54,6,a0:9f:7a:73:2b:3e,384,-110;-96;8;0;-28;10;-28;9;-26;8;-24;7;-21;7;-17;8;-14;9;-11;11;-8;13;-6;15;-5;17;-4;19;-4;19;-4;20;-4;20;-4;19;-4;18;-3;17;-1;15;0;14;2;13;4;13;5;13;7;13;7;14;2;3;0;0;0;0;0;0;0;0;0;0;0;0;0;0;0;0;0;0;-1;-6;-3;-23;0;-23;3;-23;6;-21;8;-18;8;-14;6;-10;3;-7;-2;-4;-7;-3;-12;-4;-17;-6;-21;-9;-23;-13;-23;-17;-22;-19;-20;-21;-18;-21;-16;-19;-14;-17;-12;-13;-12;-8;-13;-3;-15;2;-18;6;-21;8;-121;0;-4;13;-4;14;-3;13;-3;12;-3;11;-4;9;-5;7;-6;6;-7;5;-7;5;-6;5;-6;4;-5;2;-5;1;-6;0;-7;-1;-8;-1;-7;0;-7;0;-6;-1;-5;-2;-5;-3;-5;-4;-6;-4;-6;-4;-6;-3;-5;-3;-4;-3;-2;-1;-1;-1;0;0;-2;-1;-1;-1;2;-1;7;0;21;1;21;2;21;3;20;5;20;6;19;8;19;10;19;12;19;13;19;14;19;15;17;15;16;16;14;17;12;18;11;19;11;19;10;19;10;18;8;17;7;17;5;17;4;18;4;19;3;19;3;18;3;17;2;15;-121;0;-45;8;-44;8;-43;9;-41;9;-40;10;-39;11;-38;11;-36;12;-35;12;-34;13;-33;13;-33;14;-32;15;-32;15;-32;15;-32;14;-32;14;-32;13;-31;13;-31;13;-31;12;-31;12;-30;11;-30;10;-30;9;-31;7;-31;6;-31;5;-12;1;-4;0;0;-1;1;-1;0;-1;-3;0;-8;1;-21;4;-22;4;-23;4;-24;4;-25;3;-26;3;-27;2;-28;2;-29;2;-29;2;-30;2;-31;2;-32;1;-33;0;-34;0;-34;0;-34;0;-35;1;-36;2;-37;3;-39;4;-40;4;-41;4;-41;5;-42;6;-43;7;-44;8;-45;8,stable,EXP_S143,ZONE_02,entree_zone,4.1,entree_zone,entree dans la zone
657657679,-54,6,a0:9f:7a:73:2b:3e,384,-110;-96;8;0;-32;5;-32;5;-30;4;-27;3;-24;4;-20;5;-16;7;-13;10;-10;12;-8;15;-6;18;-6;20;-6;21;-6;22;-6;22;-5;21;-5;20;-4;18;-2;17;0;15;2;14;4;14;6;13;8;14;9;15;2;3;0;0;0;0;0;0;0;0;0;0;0;0;0;0;0;0;0;0;1;-6;9;-24;12;-23;15;-21;17;-18;16;-14;15;-10;11;-6;6;-5;0;-4;-6;-6;-11;-8;-16;-12;-18;-17;-19;-22;-18;-26;-16;-28;-14;-29;-11;-28;-10;-26;-9;-22;-9;-17;-10;-12;-12;-7;-16;-2;-20;2;-24;4;-114;0;-11;13;-11;12;-11;11;-11;9;-11;8;-10;7;-10;5;-10;4;-10;3;-10;2;-9;1;-8;1;-8;0;-7;-1;-7;-2;-7;-3;-7;-3;-7;-4;-7;-4;-6;-4;-5;-4;-5;-5;-5;-5;-5;-5;-5;-6;-5;-6;-4;-6;-4;-6;-2;-2;-1;-1;0;0;-2;-2;-1;-1;1;1;5;6;15;17;15;18;14;19;13;21;11;22;10;23;9;24;7;24;6;25;5;26;4;26;3;26;1;26;0;25;-1;25;-3;25;-3;24;-4;24;-5;23;-6;22;-6;21;-7;21;-8;21;-9;20;-9;20;-9;19;-9;18;-10;17;-114;0;-46;-18;-46;-17;-45;-16;-44;-14;-43;-12;-43;-11;-42;-9;-41;-8;-40;-6;-39;-5;-39;-4;-38;-3;-38;-2;-38;-1;-38;-1;-38;0;-38;0;-38;0;-38;0;-37;-1;-36;-1;-36;-2;-35;-2;-35;-3;-34;-4;-34;-5;-33;-6;-33;-7;-12;-3;-4;-1;1;0;1;0;0;0;-3;-2;-8;-5;-21;-13;-21;-14;-21;-15;-22;-15;-23;-16;-23;-17;-24;-18;-25;-18;-25;-19;-26;-20;-27;-21;-27;-21;-28;-22;-29;-23;-29;-23;-30;-23;-31;-22;-32;-22;-33;-21;-34;-21;-36;-21;-38;-21;-40;-21;-41;-21;-43;-20;-44;-20;-45;-20;-46;-20,stable,EXP_S143,ZONE_02,entree_zone,4.1,entree_zone,entree dans la zone
657851895,-54,6,a0:9f:7a:73:2b:3e,384,-110;-96;8;0;-2;-32;-1;-32;0;-30;0;-27;-1;-24;-3;-21;-5;-17;-8;-14;-11;-12;-14;-11;-17;-10;-19;-10;-20;-10;-21;-10;-21;-10;-20;-10;-19;-9;-18;-8;-17;-6;-16;-4;-15;-2;-15;0;-16;2;-16;3;-17;4;-5;1;0;0;0;0;0;0;0;0;0;0;0;0;0;0;0;0;0;0;5;1;22;8;21;11;19;15;16;16;12;16;9;14;6;11;4;6;4;0;5;-6;8;-11;13;-14;17;-16;22;-16;25;-15;28;-14;28;-11;28;-9;25;-7;22;-6;17;-7;12;-9;7;-11;3;-15;0;-19;-2;-23;-124;0;-14;-10;-14;-10;-13;-10;-12;-10;-10;-9;-9;-9;-7;-9;-5;-9;-4;-9;-4;-9;-3;-9;-3;-9;-2;-8;-1;-7;1;-7;2;-7;2;-7;2;-7;2;-6;2;-6;3;-5;3;-5;4;-5;4;-5;5;-5;4;-4;4;-4;4;-3;1;-1;0;-1;-1;0;0;-2;0;-1;-2;2;-5;7;-13;19;-15;19;-16;18;-17;17;-19;15;-20;14;-21;13;-23;11;-24;10;-25;10;-25;9;-25;8;-25;6;-25;4;-25;3;-25;1;-25;1;-25;0;-24;-1;-23;-1;-22;-3;-21;-4;-21;-5;-21;-6;-21;-6;-20;-6;-19;-6;-18;-6;-124;0;13;-47;12;-46;11;-45;10;-44;9;-43;8;-43;6;-41;5;-40;4;-39;2;-38;1;-37;0;-37;0;-37;-1;-38;-1;-38;-1;-38;-1;-37;-1;-37;0;-37;0;-36;1;-36;1;-35;2;-34;2;-34;3;-33;5;-33;6;-32;8;-32;3;-12;1;-4;-1;1;-1;1;-1;0;0;-3;2;-8;6;-23;7;-23;8;-23;8;-24;9;-25;10;-26;11;-26;12;-27;13;-28;13;-29;14;-30;14;-31;15;-31;16;-32;17;-32;17;-32;17;-33;16;-34;16;-35;16;-37;15;-38;15;-40;15;-41;15;-42;14;-43;14;-45;13;-46;13;-47,stable,EXP_S143,ZONE_02,entree_zone,4.1,entree_zone,entree dans la zone
658055603,-54,6,a0:9f:7a:73:2b:3e,384,-110;-96;8;0;15;29;14;29;12;27;11;25;11;21;11;17;12;13;13;9;15;6;17;3;19;1;21;0;22;-1;23;-1;23;-1;22;0;21;-1;19;-1;17;-3;16;-4;14;-6;13;-8;12;-10;12;-11;13;-12;3;-4;0;0;0;0;0;0;0;0;0;0;0;0;0;0;0;0;0;0;-7;0;-26;2;-26;-2;-26;-6;-24;-8;-20;-10;-16;-10;-12;-8;-8;-4;-5;1;-4;7;-5;13;-7;18;-10;22;-14;24;-18;25;-21;25;-23;23;-23;20;-22;17;-19;15;-14;14;-9;13;-3;14;3;15;8;18;11;21;-123;0;16;1;16;1;15;1;14;2;12;2;11;2;9;3;8;4;7;6;7;6;7;6;6;5;4;5;3;5;2;5;1;6;1;7;1;7;1;6;0;6;-1;5;-2;5;-2;6;-2;6;-2;6;-2;6;-2;5;-2;4;-1;1;-1;0;0;-1;-1;1;-1;0;0;-3;1;-9;3;-23;4;-23;6;-23;7;-23;9;-23;11;-22;13;-22;14;-21;16;-21;17;-21;17;-21;18;-20;18;-18;19;-16;20;-15;21;-14;21;-13;21;-13;20;-12;19;-11;19;-9;20;-8;20;-7;21;-6;21;-6;20;-6;19;-5;18;-5;-123;0;12;47;13;46;13;45;14;43;15;42;16;40;17;39;17;38;18;36;19;34;19;33;20;32;21;31;22;31;22;31;22;31;22;30;22;30;21;30;21;30;20;30;20;30;19;29;18;29;17;29;16;30;15;31;13;32;4;11;1;3;-1;-1;-1;-2;-1;-1;0;2;1;8;2;24;2;24;1;25;1;26;1;27;0;29;0;30;-1;31;-1;32;-1;33;0;34;0;35;-1;36;-1;37;-1;37;-1;37;0;37;1;38;2;39;3;41;4;42;5;44;6;44;7;45;8;46;10;47;11;48;12;49,stable,EXP_S143,ZONE_02,entree_zone,4.1,entree_zone,entree dans la zone
658254556,-54,6,a0:9f:7a:73:2b:3e,384,-110;-96;8;0;32;-3;32;-2;30;-1;27;-1;24;-2;20;-3;17;-6;14;-9;11;-12;10;-15;9;-17;9;-19;9;-21;9;-21;9;-21;9;-21;9;-20;7;-19;5;-17;3;-17;1;-16;-1;-16;-3;-16;-4;-17;-5;-18;-2;-5;0;0;0;0;0;0;0;0;0;0;0;0;0;0;0;0;0;0;-2;6;-7;24;-10;24;-13;22;-16;19;-16;15;-15;11;-12;8;-7;5;-1;4;5;5;10;8;14;12;17;17;18;21;17;25;16;28;13;29;11;28;9;26;8;22;8;17;9;12;11;7;15;3;19;-1;23;-3;-115;0;3;-8;3;-8;3;-8;3;-7;3;-6;2;-5;3;-4;3;-3;4;-3;4;-3;4;-3;3;-2;3;-2;2;-1;3;0;3;0;3;0;3;0;3;0;2;0;2;1;1;1;2;2;2;2;2;2;2;2;2;2;2;1;0;0;0;0;-1;-1;0;0;0;0;-2;-1;-5;-2;-12;-4;-12;-4;-12;-5;-12;-6;-11;-6;-11;-7;-10;-8;-10;-10;-10;-11;-10;-11;-9;-11;-9;-11;-7;-11;-6;-12;-5;-12;-5;-13;-5;-13;-4;-13;-4;-12;-3;-12;-2;-11;-1;-11;0;-11;0;-12;0;-12;0;-11;0;-11;0;-10;-115;0;24;2;24;2;23;1;23;1;22;0;21;0;21;-1;20;-1;20;-1;19;-2;19;-2;18;-3;18;-3;18;-3;18;-3;18;-3;18;-3;18;-3;18;-3;18;-2;17;-2;17;-2;17;-1;17;-1;17;0;17;1;16;2;16;3;6;1;1;0;-1;-1;-1;0;-1;-1;1;-1;4;-1;12;-1;12;0;12;0;13;0;13;1;14;1;14;2;15;2;15;2;15;2;16;2;17;3;17;3;17;4;18;4;18;4;18;4;18;4;19;3;20;3;21;3;21;3;22;3;22;3;23;3;23;2;24;2;25;2,stable,EXP_S143,ZONE_02,entree_zone,4.1,entree_zone,entree dans la zone
658452968,-54,6,a0:9f:7a:73:2b:3e,384,-110;-96;8;0;-30;-14;-29;-15;-27;-15;-25;-13;-22;-11;-20;-8;-18;-4;-17;0;-16;3;-16;7;-17;10;-18;12;-19;13;-19;14;-19;13;-18;13;-17;12;-15;12;-13;11;-11;12;-9;12;-7;13;-6;14;-5;16;-4;17;-1;4;0;0;0;0;0;0;0;0;0;0;0;0;0;0;0;0;0;0;4;-5;17;-19;20;-17;22;-13;22;-10;21;-6;17;-3;13;-2;8;-2;2;-4;-2;-8;-5;-13;-7;-18;-7;-24;-6;-28;-3;-32;0;-33;2;-32;4;-31;4;-28;4;-24;2;-20;-2;-16;-7;-13;-12;-11;-18;-10;-22;-10;-115;0;-8;3;-9;3;-8;2;-8;2;-7;2;-6;1;-5;0;-5;-1;-5;-1;-5;-2;-5;-1;-5;-1;-4;-2;-3;-2;-3;-3;-3;-3;-3;-4;-3;-4;-3;-3;-3;-3;-2;-3;-1;-3;-1;-4;-1;-4;-1;-4;-1;-4;-1;-4;-1;-3;-1;-1;-1;-1;0;0;-1;-1;-1;-1;0;1;1;3;4;10;4;10;3;11;2;11;1;11;0;11;-1;12;-2;12;-2;12;-3;13;-3;12;-4;12;-4;12;-5;11;-6;11;-6;11;-7;10;-7;10;-7;10;-7;9;-7;8;-7;7;-8;7;-8;7;-8;7;-8;7;-8;7;-7;6;-115;0;-17;-19;-17;-18;-16;-18;-16;-17;-16;-16;-16;-15;-16;-14;-16;-14;-16;-13;-16;-12;-17;-11;-17;-10;-17;-10;-17;-10;-17;-10;-17;-10;-17;-10;-17;-10;-16;-10;-16;-10;-16;-10;-15;-10;-15;-10;-15;-10;-14;-10;-14;-11;-13;-12;-13;-12;-5;-5;-2;-2;0;0;0;0;0;0;-1;-2;-3;-4;-8;-10;-8;-10;-8;-11;-8;-11;-8;-12;-8;-13;-8;-13;-8;-14;-9;-14;-9;-15;-9;-15;-9;-15;-10;-16;-10;-17;-10;-17;-10;-17;-10;-17;-10;-17;-11;-17;-11;-18;-12;-18;-13;-18;-13;-19;-14;-18;-15;-18;-16;-19;-17;-19;-17;-19,stable,EXP_S143,ZONE_02,entree_zone,4.1,entree_zone,entree dans la zone
658652221,-53,6,a0:9f:7a:73:2b:3e,384,-110;-96;8;0;28;31;27;31;25;30;23;27;20;22;19;17;18;11;18;5;19;0;21;-5;23;-9;24;-11;26;-13;27;-13;27;-13;26;-13;25;-13;22;-12;19;-13;15;-13;12;-15;9;-16;7;-18;6;-20;5;-22;1;-6;0;0;0;0;0;0;0;0;0;0;0;0;0;0;0;0;0;0;-9;0;-33;-1;-34;-5;-33;-9;-30;-13;-25;-15;-20;-15;-14;-12;-9;-6;-5;1;-3;9;-4;17;-6;24;-10;30;-15;33;-20;35;-24;34;-27;32;-27;29;-25;25;-22;22;-16;18;-9;16;-1;16;7;16;15;19;20;21;-120;0;12;-1;11;-1;10;0;10;0;9;1;8;2;7;2;6;2;6;3;5;3;5;3;4;3;4;3;3;3;2;4;2;4;2;4;1;4;1;4;1;4;0;4;0;4;0;4;-1;4;-1;4;-1;4;-1;4;-2;4;-1;1;-1;0;0;-1;-1;0;-1;0;-1;-2;0;-6;1;-16;2;-16;3;-16;5;-16;6;-16;7;-16;8;-16;9;-15;10;-15;10;-15;11;-14;12;-14;12;-13;13;-12;13;-11;14;-10;14;-10;14;-9;14;-8;14;-8;13;-7;13;-7;14;-6;14;-6;14;-5;13;-4;13;-4;13;-3;-120;0;9;29;9;28;10;28;10;27;11;26;11;25;12;24;12;23;12;22;12;21;13;20;13;19;14;19;14;19;15;18;15;18;15;18;15;18;14;18;14;18;14;18;13;17;13;17;12;18;11;18;11;18;10;19;9;19;3;7;0;2;-1;-1;-1;-1;-1;-1;0;1;0;5;2;15;2;15;1;15;1;16;1;17;1;17;1;18;1;19;1;20;1;20;0;21;0;22;0;22;0;23;0;23;0;23;1;24;1;24;2;24;3;25;3;26;4;26;5;27;6;28;6;28;7;29;7;29;8;30,stable,EXP_S143,ZONE_02,entree_zone,4.1,entree_zone,entree dans la zone
658856941,-54,6,a0:9f:7a:73:2b:3e,384,-110;-96;8;0;-21;25;-21;24;-20;22;-18;20;-15;18;-12;17;-8;16;-4;15;0;15;4;16;6;18;8;19;9;20;9;20;9;20;8;20;8;19;8;17;8;15;9;12;10;10;11;8;13;7;14;6;15;6;4;1;0;0;0;0;0;0;0;0;0;0;0;0;0;0;0;0;0;0;-4;-6;-13;-22;-11;-24;-7;-25;-4;-25;-1;-22;1;-19;1;-14;0;-9;-4;-4;-8;0;-14;2;-19;2;-24;1;-29;-2;-31;-5;-31;-8;-31;-10;-28;-12;-26;-12;-22;-10;-19;-7;-16;-2;-14;3;-13;9;-13;15;-14;19;-112;0;3;16;2;15;1;15;0;14;-1;13;-2;11;-3;10;-4;9;-5;8;-5;8;-5;7;-5;7;-5;6;-6;5;-7;4;-7;3;-8;3;-8;3;-8;2;-8;2;-8;1;-8;0;-8;0;-8;-1;-7;-1;-7;-1;-7;-1;-7;-1;-3;-1;-1;-1;0;0;-2;0;-1;-1;2;-1;8;-2;22;-3;23;-2;23;0;23;2;23;4;23;5;23;7;23;9;23;10;23;11;22;12;21;13;21;13;19;14;18;15;17;16;16;17;16;17;15;17;14;17;13;17;11;17;10;18;10;18;9;18;8;18;8;17;7;17;-112;0;-45;21;-44;21;-42;22;-40;22;-38;23;-37;23;-35;24;-33;24;-32;24;-30;25;-29;25;-28;26;-27;27;-27;27;-27;27;-26;27;-26;27;-26;27;-26;26;-26;26;-26;25;-25;24;-25;24;-25;23;-26;22;-27;21;-27;20;-28;19;-11;6;-4;1;0;-1;1;-1;0;-1;-3;0;-8;2;-23;8;-24;8;-25;7;-26;7;-27;7;-28;7;-29;7;-31;7;-32;7;-33;7;-33;7;-34;7;-35;7;-36;7;-37;7;-38;7;-38;8;-38;8;-39;10;-39;11;-41;12;-42;14;-42;15;-43;16;-43;18;-44;19;-44;20;-45;21,stable,EXP_S143,ZONE_02,entree_zone,4.1,entree_zone,entree dans la zone
659056561,-54,6,a0:9f:7a:73:2b:3e,384,-110;-96;8;0;5;32;4;32;3;30;3;27;3;24;4;20;7;17;9;14;12;12;14;10;17;9;19;9;20;9;21;9;21;9;20;9;19;9;18;7;17;6;16;4;15;2;16;0;16;-2;16;-3;17;-4;4;-1;0;0;0;0;0;0;0;0;0;0;0;0;0;0;0;0;0;0;-7;0;-26;1;-27;-2;-26;-6;-24;-9;-20;-11;-16;-11;-12;-9;-8;-5;-6;0;-6;6;-7;12;-10;17;-14;20;-18;22;-22;22;-25;21;-26;19;-26;16;-25;14;-22;12;-17;11;-12;12;-7;14;-2;16;2;20;4;23;-124;0;8;1;8;1;7;1;7;1;6;1;5;2;4;2;3;3;3;3;3;3;2;3;2;3;1;2;1;2;0;3;0;3;-1;3;-1;3;-1;3;-1;2;-1;2;-2;2;-2;2;-2;2;-2;3;-2;2;-2;2;-2;2;-1;0;-1;0;0;-1;0;0;-1;0;-1;-2;-1;-5;-1;-12;0;-12;1;-12;2;-12;3;-12;3;-12;4;-12;5;-12;6;-12;7;-11;7;-11;8;-10;8;-10;9;-9;9;-8;10;-7;10;-7;10;-7;9;-6;9;-6;9;-5;9;-4;10;-3;10;-3;10;-3;10;-3;9;-2;9;-2;-124;0;3;25;3;24;3;24;4;23;4;22;4;22;4;21;5;20;5;20;5;19;5;18;6;18;6;18;6;18;6;18;6;18;6;17;6;17;6;17;5;18;5;17;4;17;4;17;3;17;3;17;2;17;1;17;0;17;0;6;-1;1;-1;-1;-1;-1;-1;-1;0;1;1;4;3;12;3;12;3;12;2;13;2;14;2;14;2;15;1;15;1;16;1;16;1;17;0;18;0;18;0;19;-1;19;-1;19;0;19;0;19;1;20;1;21;1;21;1;22;1;23;2;23;2;24;3;24;3;24;3;25,stable,EXP_S143,ZONE_02,entree_zone,4.1,entree_zone,entree dans la zone
659285565,-53,6,a0:9f:7a:73:2b:3e,384,-110;-96;8;0;41;-2;41;-1;38;0;35;0;30;-1;26;-4;21;-7;17;-11;15;-15;13;-18;11;-22;11;-25;11;-26;11;-28;11;-28;11;-27;10;-25;9;-24;6;-22;4;-21;1;-20;-2;-19;-5;-20;-7;-21;-8;-22;-2;-6;0;0;0;0;0;0;0;0;0;0;0;0;0;0;0;0;0;0;-3;7;-13;29;-17;28;-21;25;-24;21;-23;16;-21;11;-16;7;-10;5;-2;5;5;7;12;11;17;17;20;23;20;29;19;34;16;37;13;38;10;37;8;34;7;29;7;23;9;17;13;10;18;5;24;0;29;-2;-113;0;3;-11;3;-11;3;-11;2;-10;2;-9;2;-7;3;-6;4;-5;5;-4;5;-5;4;-5;4;-4;3;-3;3;-2;4;-1;4;-1;5;0;5;-1;4;-1;3;-1;3;0;3;1;3;2;3;2;4;2;4;2;3;1;3;1;1;0;0;0;-1;-1;0;0;0;0;-2;-1;-6;-2;-16;-4;-16;-5;-15;-6;-15;-7;-14;-8;-14;-9;-13;-10;-13;-12;-13;-13;-13;-14;-12;-14;-12;-14;-10;-14;-9;-14;-8;-15;-7;-16;-7;-16;-7;-16;-7;-15;-6;-14;-5;-14;-3;-14;-2;-15;-2;-15;-2;-15;-2;-15;-2;-14;-2;-13;-113;0;30;-2;30;-2;29;-3;28;-4;28;-4;27;-5;26;-5;25;-6;24;-6;23;-7;22;-8;22;-8;22;-9;22;-9;22;-9;22;-9;22;-9;22;-9;22;-8;21;-8;21;-8;21;-7;21;-7;20;-6;20;-6;21;-5;21;-4;21;-3;7;-1;2;0;-1;0;-1;0;-1;-1;1;-1;5;0;15;-1;15;-1;15;0;16;0;17;0;18;1;18;2;19;2;19;2;20;2;21;2;21;2;22;2;23;3;23;3;23;4;23;3;23;3;24;2;25;2;27;1;27;1;28;1;28;0;29;0;29;-1;30;-2;31;-3,stable,EXP_S143,ZONE_02,entree_zone,4.1,entree_zone,entree dans la zone
659453361,-53,6,a0:9f:7a:73:2b:3e,384,-110;-96;8;0;33;0;33;1;31;2;28;1;25;0;21;-2;19;-4;16;-7;14;-11;13;-14;13;-16;13;-18;14;-19;14;-20;14;-19;14;-18;13;-18;12;-17;9;-16;7;-15;5;-15;3;-16;2;-17;1;-18;1;-19;0;-5;0;0;0;0;0;0;0;0;0;0;0;0;0;0;0;0;0;0;0;6;-1;25;-4;26;-8;25;-11;23;-13;19;-13;15;-10;11;-6;7;0;6;5;6;11;8;15;11;19;16;20;21;20;25;18;27;16;29;13;28;11;26;10;23;9;18;10;13;13;8;16;4;21;1;25;-1;-110;0;5;-6;5;-6;5;-6;5;-5;4;-4;4;-3;4;-2;4;-2;4;-1;4;-1;4;-1;3;-1;3;0;3;1;3;1;3;2;3;2;3;2;2;2;2;2;1;2;1;2;1;2;1;2;1;3;1;2;1;2;1;2;0;0;0;0;-1;-1;0;0;0;0;-2;-1;-4;-3;-10;-7;-10;-8;-9;-9;-9;-9;-8;-10;-7;-10;-7;-11;-6;-12;-5;-13;-5;-13;-5;-13;-4;-13;-3;-13;-2;-13;-2;-13;-1;-13;0;-13;0;-13;0;-12;1;-11;2;-11;2;-10;3;-10;3;-10;3;-10;3;-10;3;-9;4;-9;-110;0;23;11;23;11;22;10;22;9;22;8;22;8;21;7;21;6;20;6;19;5;19;5;19;4;19;4;19;3;19;3;19;3;19;3;19;3;18;3;18;4;18;4;17;4;17;4;17;5;16;5;16;6;16;7;15;8;5;2;1;1;-1;-1;-1;-1;-1;-1;1;0;4;1;12;4;12;5;12;5;12;6;13;6;13;7;13;8;14;8;14;8;14;9;15;9;15;9;15;10;15;11;16;11;16;11;16;11;17;11;17;11;18;11;19;11;20;11;20;11;21;11;21;11;22;11;23;11;24;11,stable,EXP_S143,ZONE_02,entree_zone,4.1,entree_zone,entree dans la zone
659652274,-54,6,a0:9f:7a:73:2b:3e,384,-110;-96;8;0;-13;30;-14;29;-13;27;-12;24;-10;22;-7;20;-4;18;0;17;3;17;6;17;9;18;10;19;11;20;11;20;10;20;10;20;9;18;9;16;9;14;10;12;11;10;12;9;14;8;15;8;16;8;4;2;0;0;0;0;0;0;0;0;0;0;0;0;0;0;0;0;0;0;-7;-2;-25;-8;-24;-12;-22;-15;-19;-17;-15;-18;-11;-16;-8;-13;-6;-8;-6;-3;-8;3;-12;7;-16;10;-21;12;-26;12;-30;10;-32;8;-32;5;-31;3;-29;1;-25;1;-22;3;-17;5;-14;9;-11;14;-10;19;-9;22;-115;0;7;11;7;11;6;11;5;10;3;9;2;9;0;8;-1;8;-2;8;-2;7;-3;7;-3;6;-4;5;-4;4;-5;4;-6;4;-7;4;-7;3;-7;3;-7;2;-7;1;-7;0;-7;0;-7;0;-7;0;-7;0;-7;0;-7;-1;-3;-1;-1;-1;0;-1;-1;0;-1;0;1;-2;5;-6;16;-16;17;-15;18;-14;19;-12;20;-11;21;-9;22;-8;23;-7;24;-6;25;-5;25;-4;25;-2;24;-1;24;1;23;3;23;4;22;6;21;6;20;6;19;7;18;7;17;8;16;9;16;10;16;10;15;10;13;10;12;10;-115;0;-33;39;-32;39;-31;38;-29;38;-27;37;-26;37;-24;37;-23;36;-22;35;-21;35;-20;35;-19;35;-18;35;-17;35;-17;35;-17;35;-17;35;-17;34;-17;34;-17;33;-18;32;-18;31;-19;30;-19;30;-20;29;-21;27;-22;26;-23;26;-9;9;-3;2;0;-1;0;-2;0;-1;-2;2;-5;7;-14;21;-15;21;-16;21;-18;21;-19;22;-20;22;-21;23;-22;23;-23;24;-24;24;-25;24;-27;25;-28;25;-29;25;-29;25;-30;26;-30;26;-30;27;-30;28;-31;30;-31;31;-32;33;-32;34;-32;35;-33;36;-33;38;-33;39;-33;40,stable,EXP_S143,ZONE_02,entree_zone,4.1,entree_zone,entree dans la zone
659858964,-53,6,a0:9f:7a:73:2b:3e,384,-110;-96;8;0;-17;-28;-16;-28;-15;-27;-14;-25;-14;-22;-14;-18;-15;-15;-17;-12;-19;-10;-21;-8;-22;-7;-24;-7;-25;-7;-24;-7;-23;-8;-22;-7;-20;-6;-19;-5;-17;-3;-17;-1;-16;1;-16;3;-17;4;-18;5;-20;6;-5;1;0;0;0;0;0;0;0;0;0;0;0;0;0;0;0;0;0;0;4;-5;17;-19;20;-17;23;-14;23;-10;22;-6;20;-3;15;-2;10;-2;6;-5;2;-9;-1;-14;-1;-19;0;-24;2;-29;5;-31;9;-32;11;-31;12;-29;13;-27;11;-24;8;-21;4;-19;-1;-19;-6;-19;-10;-21;-13;-23;-115;0;-13;1;-13;0;-12;0;-11;0;-9;-1;-7;-2;-6;-4;-5;-5;-5;-6;-5;-6;-5;-6;-4;-6;-2;-6;-1;-6;0;-7;0;-8;0;-9;0;-9;0;-8;1;-7;2;-7;3;-7;4;-7;4;-8;4;-8;4;-8;3;-7;3;-6;1;-2;0;-1;-1;0;-1;-2;-1;-1;0;2;1;8;4;22;3;23;1;23;0;23;-2;23;-3;23;-5;23;-7;23;-8;23;-9;24;-10;23;-11;22;-11;20;-13;19;-14;18;-15;17;-15;17;-15;16;-14;15;-14;14;-14;12;-15;11;-15;10;-16;9;-16;9;-15;9;-14;8;-13;7;-115;0;-23;-49;-23;-48;-24;-47;-24;-46;-25;-44;-25;-42;-25;-40;-25;-38;-26;-36;-26;-34;-27;-33;-27;-32;-28;-31;-28;-31;-28;-31;-28;-31;-28;-31;-27;-31;-27;-31;-26;-30;-25;-30;-24;-29;-23;-29;-23;-29;-22;-29;-20;-30;-19;-31;-18;-32;-6;-12;-2;-4;0;0;0;1;0;0;-2;-3;-4;-9;-10;-26;-10;-26;-10;-27;-9;-28;-9;-29;-9;-31;-9;-32;-8;-34;-8;-35;-9;-36;-9;-37;-9;-38;-9;-39;-9;-40;-9;-40;-8;-40;-9;-40;-10;-41;-12;-42;-13;-43;-15;-44;-16;-46;-17;-46;-18;-47;-20;-48;-22;-49;-23;-50;-24;-51,stable,EXP_S143,ZONE_02,entree_zone,4.1,entree_zone,entree dans la zone
660054861,-53,6,a0:9f:7a:73:2b:3e,384,-110;-96;8;0;-9;-28;-8;-27;-8;-26;-8;-24;-8;-21;-10;-19;-12;-17;-14;-16;-16;-15;-17;-15;-19;-15;-19;-15;-18;-16;-17;-16;-16;-16;-15;-14;-13;-13;-13;-11;-13;-9;-14;-7;-15;-5;-16;-4;-18;-4;-19;-4;-20;-5;-5;-2;0;0;0;0;0;0;0;0;0;0;0;0;0;0;0;0;0;0;3;-5;13;-20;15;-18;19;-16;20;-12;20;-9;18;-6;14;-4;10;-4;6;-5;2;-8;0;-12;-1;-17;0;-22;3;-25;5;-27;8;-28;10;-28;12;-26;12;-24;11;-22;8;-20;5;-20;1;-20;-2;-20;-5;-22;-8;-24;-103;0;-7;-4;-7;-4;-7;-4;-6;-4;-4;-4;-2;-4;0;-5;1;-5;2;-6;2;-6;2;-6;3;-6;4;-5;5;-5;6;-5;7;-5;7;-5;6;-5;6;-5;6;-4;7;-3;7;-2;8;-2;8;-2;8;-2;8;-2;7;-2;7;-1;2;-1;0;0;-1;0;-1;-2;0;-1;0;2;0;6;1;19;0;19;-1;20;-3;20;-4;19;-6;19;-7;18;-9;18;-10;18;-11;18;-12;18;-12;17;-13;15;-14;14;-14;12;-15;11;-16;11;-16;10;-15;9;-14;8;-13;6;-13;5;-13;4;-14;3;-13;2;-12;2;-11;2;-10;2;-103;0;-3;-51;-3;-50;-4;-49;-4;-48;-5;-46;-5;-45;-6;-44;-7;-42;-7;-41;-8;-39;-8;-38;-9;-38;-9;-38;-10;-38;-9;-38;-9;-38;-9;-38;-8;-37;-8;-37;-7;-37;-6;-36;-5;-36;-4;-35;-4;-35;-2;-34;-1;-34;1;-34;3;-33;1;-12;0;-4;0;1;0;1;0;0;-1;-3;-2;-9;-6;-26;-5;-26;-4;-27;-4;-27;-3;-28;-2;-30;-2;-31;-1;-32;-1;-33;0;-34;0;-35;1;-36;1;-37;2;-37;2;-38;3;-38;3;-38;2;-39;1;-40;1;-42;0;-43;0;-44;-1;-45;-1;-47;-2;-48;-3;-49;-3;-51;-3;-52,stable,EXP_S143,ZONE_02,entree_zone,4.1,entree_zone,entree dans la zone
660254431,-53,6,a0:9f:7a:73:2b:3e,384,-110;-96;8;0;-16;25;-15;24;-14;23;-12;22;-10;21;-7;21;-4;21;-2;22;-1;23;0;24;0;25;0;25;-1;25;-2;24;-2;22;-2;20;-1;18;1;16;3;15;5;14;7;14;9;15;10;17;10;19;9;20;2;5;0;0;0;0;0;0;0;0;0;0;0;0;0;0;0;0;0;0;-6;1;-25;4;-26;0;-26;-4;-25;-8;-22;-10;-18;-11;-14;-10;-11;-7;-9;-3;-8;2;-10;7;-13;11;-17;13;-21;14;-25;14;-27;13;-28;11;-29;9;-28;8;-26;7;-23;8;-20;9;-18;12;-16;15;-15;18;-14;20;-111;0;3;3;2;3;1;3;0;3;-1;3;-3;2;-4;1;-5;1;-6;1;-7;1;-8;0;-8;-1;-8;-2;-9;-3;-10;-3;-10;-4;-11;-4;-11;-4;-10;-5;-10;-6;-10;-6;-9;-7;-9;-7;-9;-7;-9;-7;-8;-7;-8;-8;-7;-8;-3;-3;-1;-1;0;0;-1;1;-1;0;0;-3;3;-7;10;-20;11;-20;12;-19;14;-18;15;-17;16;-16;17;-14;18;-13;19;-12;20;-11;20;-11;20;-9;19;-8;19;-6;19;-4;19;-3;19;-2;18;-2;17;-1;16;-1;15;0;14;1;13;1;12;2;11;2;10;2;8;2;7;2;-111;0;-31;43;-30;43;-29;43;-28;42;-26;42;-25;41;-23;40;-22;39;-21;39;-20;38;-19;37;-19;37;-19;37;-19;38;-18;37;-18;37;-19;37;-19;36;-19;36;-20;35;-20;34;-21;32;-21;31;-22;30;-23;29;-25;27;-26;26;-27;25;-10;8;-4;2;0;-1;0;-2;0;-1;-1;2;-4;8;-11;22;-12;22;-13;23;-15;23;-16;24;-17;25;-18;25;-19;26;-20;27;-21;27;-22;28;-23;28;-24;28;-25;28;-26;29;-27;29;-27;30;-27;31;-27;32;-27;33;-27;35;-28;37;-28;38;-29;39;-29;41;-30;42;-31;43;-31;44,stable,EXP_S143,ZONE_02,entree_zone,4.1,entree_zone,entree dans la zone
660452839,-53,6,a0:9f:7a:73:2b:3e,384,-110;-96;8;0;-21;20;-20;20;-19;19;-17;18;-14;18;-12;19;-9;20;-8;21;-6;22;-6;23;-6;24;-6;24;-7;24;-7;23;-7;21;-7;19;-5;17;-3;16;-1;15;2;15;4;16;6;17;6;19;6;20;5;22;1;5;0;0;0;0;0;0;0;0;0;0;0;0;0;0;0;0;0;0;-7;0;-25;-1;-25;-5;-25;-9;-23;-13;-20;-15;-16;-15;-12;-14;-9;-10;-8;-6;-9;-1;-11;4;-15;7;-19;9;-23;10;-27;9;-29;7;-30;5;-30;3;-29;2;-27;1;-25;2;-23;4;-21;7;-20;10;-19;13;-19;16;-111;0;1;3;2;4;2;4;2;3;0;1;-2;0;-4;-1;-6;0;-7;1;-8;2;-7;2;-7;0;-8;-2;-9;-3;-11;-4;-12;-3;-12;-3;-11;-2;-10;-2;-9;-4;-9;-5;-9;-7;-10;-7;-11;-7;-11;-6;-10;-6;-8;-6;-8;-7;-3;-3;-1;-1;0;0;-1;1;-1;0;0;-3;2;-8;7;-21;9;-21;10;-21;11;-20;12;-19;13;-17;14;-16;16;-15;18;-14;19;-14;19;-14;19;-13;18;-11;17;-9;18;-7;18;-5;19;-5;18;-5;17;-5;15;-4;13;-3;12;-1;12;1;12;1;12;1;11;0;10;-1;8;-1;-111;0;-28;46;-27;45;-26;44;-24;43;-23;42;-22;41;-22;41;-20;40;-19;40;-17;39;-16;39;-16;39;-15;38;-15;38;-15;38;-15;38;-15;37;-16;37;-17;36;-18;36;-18;35;-18;34;-19;32;-19;32;-20;31;-21;30;-23;29;-24;28;-9;9;-3;2;0;-2;0;-2;0;-1;-1;2;-4;8;-10;24;-10;23;-11;24;-12;24;-14;26;-15;26;-17;27;-18;27;-19;27;-20;28;-20;29;-21;30;-22;31;-23;31;-24;31;-25;31;-25;32;-24;32;-24;34;-24;35;-25;37;-26;38;-27;40;-27;41;-27;43;-27;44;-26;45;-27;46,stable,EXP_S143,ZONE_02,entree_zone,4.1,entree_zone,entree dans la zone
660652386,-53,6,a0:9f:7a:73:2b:3e,384,-110;-96;8;0;10;-27;10;-26;9;-25;8;-24;5;-23;3;-22;0;-22;-2;-22;-4;-23;-5;-24;-6;-25;-5;-26;-4;-26;-3;-25;-2;-23;-2;-21;-3;-19;-4;-16;-6;-15;-8;-14;-10;-14;-12;-14;-14;-15;-14;-17;-14;-18;-4;-5;0;0;0;0;0;0;0;0;0;0;0;0;0;0;0;0;0;0;5;-3;22;-9;24;-6;25;-3;24;1;22;4;19;6;15;6;12;4;9;1;7;-4;7;-9;9;-13;12;-17;17;-19;20;-19;23;-18;25;-17;25;-15;25;-14;23;-12;20;-12;17;-13;14;-15;12;-18;11;-21;10;-23;-117;0;-4;-4;-3;-4;-3;-4;-1;-4;0;-3;2;-3;3;-3;5;-3;5;-3;6;-3;6;-3;7;-2;7;-1;8;0;9;0;9;0;9;0;9;0;9;1;9;2;9;3;9;3;9;4;10;4;9;4;9;4;8;4;8;5;2;1;0;0;-1;-1;0;-2;0;-1;-1;2;-3;7;-8;19;-9;19;-11;18;-12;17;-13;16;-14;15;-16;14;-17;14;-18;13;-19;12;-19;11;-19;10;-19;9;-19;7;-19;6;-18;4;-18;4;-18;3;-17;3;-16;2;-15;1;-14;0;-14;-1;-13;-2;-13;-2;-11;-2;-10;-2;-8;-2;-117;0;24;-47;23;-47;22;-47;21;-46;20;-45;19;-44;18;-43;16;-42;15;-41;13;-40;12;-40;11;-40;11;-40;10;-40;10;-40;11;-40;11;-39;11;-39;12;-39;13;-38;13;-37;14;-36;14;-35;15;-34;16;-33;17;-32;19;-30;20;-29;7;-11;2;-3;-1;1;-1;1;-1;0;0;-3;3;-9;9;-24;10;-24;11;-25;12;-25;13;-26;14;-27;15;-28;16;-29;17;-29;18;-30;19;-30;20;-31;21;-32;22;-32;22;-33;23;-33;23;-34;23;-34;22;-36;22;-37;23;-38;23;-40;23;-41;24;-43;24;-44;24;-46;24;-47;24;-48,stable,EXP_S143,ZONE_02,entree_zone,4.1,entree_zone,entree dans la zone
660864134,-54,6,a0:9f:7a:73:2b:3e,384,-110;-96;8;0;24;-15;24;-15;22;-14;20;-14;18;-14;15;-15;12;-17;11;-18;9;-20;8;-22;9;-23;9;-23;10;-23;11;-22;10;-20;9;-18;8;-17;6;-16;3;-15;1;-15;-1;-16;-3;-17;-4;-19;-3;-21;-2;-22;-1;-6;0;0;0;0;0;0;0;0;0;0;0;0;0;0;0;0;0;0;5;2;21;9;20;12;18;16;15;18;12;19;8;17;5;14;4;10;5;6;7;1;11;-2;15;-4;20;-4;24;-3;27;-1;28;2;29;4;28;6;26;6;24;6;22;4;20;1;19;-2;19;-6;20;-10;22;-12;-115;0;0;-7;1;-7;1;-6;2;-5;3;-3;4;-2;4;-1;5;0;5;1;5;1;5;2;5;3;5;4;5;5;5;5;6;6;6;7;6;7;5;7;5;7;4;8;4;8;4;8;4;8;3;8;3;8;2;8;1;8;0;3;0;1;-1;-1;1;-1;0;0;-3;0;-8;1;-21;3;-21;2;-22;0;-22;-2;-22;-4;-22;-5;-22;-6;-21;-7;-21;-9;-21;-10;-20;-10;-19;-11;-18;-12;-17;-13;-16;-13;-15;-14;-14;-14;-13;-14;-12;-13;-11;-13;-10;-13;-8;-12;-7;-12;-7;-12;-6;-12;-5;-11;-5;-10;-4;-9;-115;0;50;-10;49;-11;49;-11;47;-12;46;-12;44;-12;43;-13;41;-14;39;-15;38;-15;37;-16;36;-17;36;-17;35;-17;35;-17;35;-17;35;-17;35;-17;35;-16;35;-16;34;-15;34;-15;33;-14;33;-13;33;-12;33;-10;34;-8;34;-6;12;-2;3;-1;-2;0;-2;0;-1;0;2;-1;8;-2;24;-5;24;-4;25;-3;26;-3;27;-2;28;-2;30;-2;31;-1;32;-1;33;-1;34;-1;35;-1;36;0;37;0;38;0;38;0;39;-1;40;-1;41;-2;42;-3;43;-3;45;-4;46;-5;47;-6;48;-7;49;-9;50;-9;51;-10,stable,EXP_S143,ZONE_02,entree_zone,4.1,entree_zone,entree dans la zone
661055930,-53,6,a0:9f:7a:73:2b:3e,384,-110;-96;8;0;9;28;9;28;8;26;8;24;9;21;10;18;12;16;15;14;17;13;18;13;19;13;20;13;20;14;19;14;18;13;17;12;15;11;14;8;14;5;14;3;15;1;17;-1;18;-1;20;0;21;0;5;0;0;0;0;0;0;0;0;0;0;0;0;0;0;0;0;0;0;0;-5;4;-18;18;-21;16;-24;12;-25;8;-24;5;-21;2;-17;0;-12;0;-8;2;-4;6;-2;11;-1;16;-3;21;-5;25;-8;27;-11;28;-14;28;-15;26;-15;24;-14;22;-11;20;-8;19;-4;19;0;20;4;22;6;23;-109;0;7;0;7;1;7;1;6;2;4;2;2;2;0;4;-1;5;-1;6;-1;6;-2;6;-2;5;-4;5;-5;5;-7;5;-8;6;-8;6;-8;6;-8;5;-8;4;-8;4;-9;3;-10;3;-10;3;-10;3;-10;3;-9;2;-9;1;-3;0;-1;-1;0;-1;0;1;0;0;-2;-3;-4;-8;-9;-22;-8;-23;-7;-24;-5;-24;-4;-24;-2;-24;0;-24;2;-25;4;-25;5;-26;6;-25;7;-24;8;-22;9;-21;10;-19;11;-18;12;-17;12;-17;12;-16;11;-14;11;-13;12;-11;13;-9;13;-9;13;-8;12;-8;11;-7;10;-6;-109;0;13;50;13;50;14;48;14;47;14;46;14;44;15;43;15;41;15;40;16;39;16;38;17;37;17;37;17;36;17;36;16;36;16;36;15;36;15;36;14;36;13;36;12;35;11;35;10;34;8;34;6;35;4;35;3;36;0;13;-1;4;-1;-2;-1;-2;-1;-1;1;2;3;8;10;22;10;23;9;24;8;25;8;26;8;28;8;29;7;31;7;31;7;32;7;34;7;35;7;36;6;37;6;38;5;38;6;39;7;40;7;41;8;42;9;43;9;45;10;46;11;47;12;48;13;49;14;50;15;51,stable,EXP_S143,ZONE_02,entree_zone,4.1,entree_zone,entree dans la zone
661252421,-53,6,a0:9f:7a:73:2b:3e,384,-110;-96;8;0;-8;29;-8;28;-8;26;-7;25;-5;23;-3;21;0;20;3;20;5;20;7;21;8;22;8;22;8;22;7;22;6;21;6;19;6;18;6;16;7;14;9;12;11;11;12;11;14;11;15;13;15;14;3;3;0;0;0;0;0;0;0;0;0;0;0;0;0;0;0;0;0;0;-6;2;-23;9;-25;6;-26;2;-25;-2;-23;-5;-19;-7;-16;-7;-12;-4;-9;-1;-8;4;-8;9;-10;13;-13;17;-17;19;-20;20;-23;19;-25;17;-26;15;-25;14;-23;12;-20;12;-16;13;-13;15;-10;18;-8;21;-7;24;-112;0;5;5;4;5;4;5;2;5;1;4;0;4;-2;3;-3;3;-4;3;-5;3;-6;3;-6;2;-7;2;-7;1;-8;1;-8;1;-9;0;-9;0;-9;0;-9;-1;-9;-1;-9;-2;-9;-2;-9;-2;-9;-3;-8;-3;-8;-4;-8;-4;-3;-2;-1;-1;0;0;-1;1;-1;0;0;-3;3;-7;8;-19;9;-19;11;-18;12;-17;14;-16;15;-16;16;-15;17;-14;18;-13;19;-12;19;-11;20;-10;20;-8;19;-7;19;-6;19;-5;19;-4;18;-3;17;-2;16;-1;15;0;15;0;14;1;13;2;13;2;11;2;10;2;9;2;-112;0;-24;47;-23;46;-22;45;-21;44;-20;43;-19;43;-18;42;-16;42;-15;41;-13;40;-12;39;-11;39;-10;39;-10;39;-10;39;-10;39;-10;38;-11;38;-12;37;-12;36;-12;36;-12;35;-13;34;-13;34;-14;33;-16;32;-18;31;-19;30;-7;10;-3;3;0;-2;0;-2;0;-1;-1;2;-4;8;-10;23;-11;23;-12;24;-13;24;-14;25;-15;25;-16;26;-17;27;-18;27;-19;28;-20;29;-21;29;-21;30;-22;31;-23;31;-23;32;-23;33;-23;34;-23;35;-23;36;-24;37;-24;39;-24;40;-24;42;-24;44;-24;45;-23;47;-24;47,stable,EXP_S143,ZONE_02,entree_zone,4.1,entree_zone,entree dans la zone
661452739,-54,6,a0:9f:7a:73:2b:3e,384,-110;-96;8;0;3;-30;3;-30;3;-28;2;-26;0;-24;-2;-22;-5;-21;-7;-20;-10;-20;-12;-20;-13;-21;-13;-21;-13;-22;-12;-21;-11;-20;-10;-19;-10;-17;-10;-15;-11;-13;-12;-11;-14;-10;-16;-9;-17;-9;-18;-10;-18;-11;-5;-3;0;0;0;0;0;0;0;0;0;0;0;0;0;0;0;0;0;0;5;-3;21;-11;23;-8;25;-4;24;0;22;3;19;5;15;4;11;2;8;-1;6;-6;6;-11;7;-16;10;-20;13;-22;17;-23;21;-22;22;-21;23;-19;22;-17;20;-16;17;-15;14;-15;10;-17;7;-19;4;-22;3;-25;-105;0;-7;-6;-6;-6;-5;-6;-3;-6;-2;-6;0;-5;1;-5;2;-5;3;-5;3;-5;4;-4;5;-4;5;-3;6;-3;7;-2;7;-2;7;-2;7;-2;8;-1;8;-1;8;0;8;0;8;0;8;1;8;1;7;1;7;1;7;2;2;0;0;0;-1;-1;0;-2;0;-1;-2;1;-5;6;-13;16;-14;15;-16;15;-17;13;-18;12;-19;11;-20;10;-21;9;-21;8;-21;7;-22;7;-22;6;-22;4;-21;3;-21;2;-20;1;-20;0;-20;-1;-19;-1;-18;-2;-17;-3;-16;-3;-15;-4;-14;-4;-14;-4;-13;-4;-12;-4;-11;-5;-105;0;26;-47;25;-46;23;-46;21;-45;20;-44;18;-43;17;-43;15;-42;14;-41;12;-40;11;-40;10;-40;9;-40;8;-40;8;-40;7;-40;7;-40;7;-40;8;-39;8;-39;8;-38;8;-37;9;-36;9;-35;10;-35;11;-34;13;-33;14;-33;5;-12;1;-4;-1;1;-1;1;-1;0;1;-3;5;-8;14;-22;15;-21;16;-21;17;-22;18;-22;18;-23;20;-24;21;-25;22;-26;23;-26;24;-27;24;-27;25;-28;26;-28;26;-29;27;-29;27;-30;27;-31;27;-32;27;-34;27;-35;27;-37;27;-39;26;-40;26;-42;26;-44;26;-45;26;-47,stable,EXP_S143,ZONE_02,entree_zone,4.1,entree_zone,entree dans la zone
661652348,-54,6,a0:9f:7a:73:2b:3e,384,-110;-96;8;0;-12;27;-12;26;-12;25;-10;23;-8;22;-5;20;-3;20;0;20;3;20;4;21;5;22;5;23;5;23;4;22;4;21;3;20;4;18;4;16;6;14;8;13;9;12;11;12;13;12;13;13;13;15;3;3;0;0;0;0;0;0;0;0;0;0;0;0;0;0;0;0;0;0;-6;1;-24;3;-25;0;-26;-4;-24;-8;-21;-10;-18;-11;-14;-10;-11;-7;-8;-3;-8;2;-9;7;-12;11;-16;14;-20;16;-24;16;-27;14;-28;12;-28;10;-27;9;-25;8;-22;8;-18;10;-15;12;-13;15;-11;19;-11;21;-113;0;4;6;4;6;4;6;3;5;1;4;0;3;-2;3;-4;3;-5;4;-5;4;-5;3;-6;3;-6;2;-7;1;-8;0;-9;0;-9;0;-9;1;-8;0;-8;-1;-8;-2;-9;-2;-9;-3;-9;-2;-9;-2;-9;-2;-8;-3;-8;-3;-3;-2;-1;-1;0;0;-1;1;-1;0;1;-2;4;-7;12;-17;13;-17;14;-16;15;-15;16;-14;17;-13;18;-11;20;-10;21;-10;21;-9;21;-8;21;-7;20;-6;19;-5;19;-4;19;-2;19;-1;18;-1;17;0;16;0;15;1;14;3;14;3;13;4;13;4;12;3;11;3;10;3;-113;0;-28;44;-26;44;-25;43;-23;42;-22;42;-20;41;-19;40;-17;40;-16;39;-14;38;-13;38;-12;38;-11;38;-11;38;-10;38;-10;38;-10;37;-10;37;-11;37;-11;36;-11;36;-11;34;-12;34;-12;33;-13;32;-14;32;-16;31;-17;30;-7;10;-3;3;0;-2;0;-2;0;-1;-2;2;-5;7;-15;21;-15;20;-16;21;-17;21;-19;21;-20;22;-21;23;-22;23;-23;24;-24;24;-24;25;-25;26;-26;26;-27;27;-27;27;-28;28;-27;29;-27;30;-27;31;-27;33;-28;35;-28;36;-28;37;-28;39;-28;40;-28;42;-28;43;-28;45,stable,EXP_S143,ZONE_02,entree_zone,4.1,entree_zone,entree dans la zone
661852701,-54,6,a0:9f:7a:73:2b:3e,384,-110;-96;8;0;-5;-30;-4;-29;-4;-28;-4;-26;-6;-23;-7;-21;-9;-19;-11;-18;-14;-17;-15;-17;-16;-18;-17;-18;-17;-19;-16;-18;-15;-18;-14;-16;-13;-14;-13;-12;-13;-10;-14;-8;-15;-7;-17;-6;-18;-6;-20;-6;-20;-7;-6;-2;0;0;0;0;0;0;0;0;0;0;0;0;0;0;0;0;0;0;4;-5;17;-17;19;-15;22;-12;23;-8;22;-4;20;-2;16;-1;12;-1;7;-4;4;-7;3;-12;2;-17;4;-21;7;-24;10;-27;13;-27;16;-26;17;-25;17;-23;15;-21;13;-19;9;-19;5;-19;2;-20;-1;-23;-3;-25;-106;0;-8;-3;-8;-3;-7;-4;-6;-4;-4;-4;-2;-4;-1;-4;0;-5;1;-6;2;-6;2;-6;3;-5;4;-5;5;-5;6;-5;6;-5;7;-5;7;-5;7;-4;7;-4;7;-3;8;-3;8;-2;8;-2;8;-2;8;-2;7;-1;7;-1;2;0;0;0;-1;0;0;-2;0;-1;0;2;-1;7;-2;20;-3;20;-5;20;-6;20;-8;20;-9;19;-10;19;-12;18;-13;18;-14;18;-15;17;-15;16;-15;15;-16;13;-16;12;-16;11;-17;10;-17;9;-16;8;-15;7;-15;6;-14;5;-14;4;-14;3;-13;2;-13;2;-12;2;-12;1;-106;0;2;-52;1;-52;1;-51;0;-50;-1;-48;-2;-47;-3;-45;-4;-44;-5;-42;-7;-41;-7;-40;-8;-40;-9;-40;-9;-40;-9;-40;-9;-39;-9;-39;-8;-39;-8;-39;-7;-39;-7;-38;-6;-37;-6;-37;-5;-36;-4;-36;-2;-36;0;-36;2;-36;1;-13;0;-4;0;1;-1;1;-1;0;-1;-3;0;-10;0;-26;1;-26;1;-27;2;-28;3;-28;4;-30;5;-31;5;-32;6;-33;6;-34;6;-35;7;-36;7;-37;8;-38;8;-38;8;-38;8;-39;8;-40;7;-41;7;-42;6;-44;5;-45;5;-47;4;-48;4;-50;3;-51;2;-52;2;-53,stable,EXP_S143,ZONE_02,entree_zone,4.1,entree_zone,entree dans la zone
662058147,-54,6,a0:9f:7a:73:2b:3e,384,-110;-96;8;0;-17;-25;-16;-25;-15;-24;-15;-22;-15;-19;-15;-17;-16;-14;-18;-12;-19;-11;-21;-10;-22;-10;-23;-10;-23;-10;-22;-11;-21;-10;-19;-10;-18;-9;-17;-7;-16;-4;-16;-2;-17;-1;-18;1;-19;1;-21;1;-22;1;-6;0;0;0;0;0;0;0;0;0;0;0;0;0;0;0;0;0;0;0;1;-6;7;-23;10;-23;14;-21;17;-18;18;-15;17;-11;14;-8;10;-7;6;-7;1;-9;-2;-12;-5;-17;-5;-21;-4;-26;-2;-29;0;-31;3;-31;4;-30;5;-28;5;-26;4;-24;1;-22;-3;-20;-7;-20;-11;-21;-13;-22;-103;0;-7;2;-8;2;-8;2;-7;2;-5;1;-3;-1;-2;-3;-2;-5;-2;-6;-2;-6;-2;-6;-1;-6;0;-6;2;-7;2;-8;2;-9;2;-9;1;-8;1;-7;2;-7;4;-6;5;-6;6;-7;6;-8;5;-8;5;-7;5;-6;5;-6;1;-2;0;-1;-1;0;-2;-1;-1;-1;1;1;5;4;16;12;16;13;15;15;14;16;12;17;11;18;9;19;7;20;7;22;6;22;5;23;4;22;3;21;1;20;-1;20;-3;20;-3;20;-4;19;-3;18;-3;16;-4;14;-6;13;-7;12;-8;12;-8;12;-7;11;-6;10;-5;9;-103;0;-37;-39;-36;-38;-36;-37;-35;-35;-35;-34;-34;-33;-34;-31;-33;-30;-33;-28;-33;-27;-32;-26;-33;-25;-33;-25;-33;-24;-33;-24;-33;-24;-33;-25;-32;-25;-32;-25;-30;-26;-29;-26;-28;-26;-27;-26;-26;-27;-25;-27;-23;-28;-21;-29;-20;-30;-7;-11;-2;-4;0;0;1;0;0;0;-3;-2;-8;-6;-21;-16;-21;-17;-21;-18;-22;-19;-22;-20;-22;-21;-23;-23;-23;-24;-23;-25;-23;-26;-24;-27;-24;-28;-24;-29;-24;-31;-24;-32;-24;-32;-25;-32;-26;-32;-27;-32;-28;-33;-30;-34;-31;-35;-32;-36;-33;-36;-34;-37;-35;-38;-37;-39;-37;-40,stable,EXP_S143,ZONE_02,entree_zone,4.1,entree_zone,entree dans la zone
662253787,-54,6,a0:9f:7a:73:2b:3e,384,-110;-96;8;0;-24;18;-23;17;-22;16;-20;16;-17;16;-15;16;-12;17;-9;18;-8;19;-6;20;-6;22;-6;23;-7;23;-7;22;-7;20;-6;19;-5;17;-3;16;-1;15;1;15;3;15;5;15;6;17;6;18;6;20;1;5;0;0;0;0;0;0;0;0;0;0;0;0;0;0;0;0;0;0;-6;-2;-23;-10;-22;-13;-20;-17;-17;-19;-13;-20;-10;-19;-7;-16;-5;-12;-6;-7;-8;-2;-11;2;-16;5;-21;5;-25;4;-29;2;-31;-1;-31;-3;-30;-5;-28;-6;-26;-5;-23;-4;-21;-1;-19;3;-19;7;-19;11;-20;14;-119;0;2;7;2;6;1;6;-1;5;-2;4;-3;3;-4;2;-5;2;-6;1;-6;0;-6;-1;-6;-2;-7;-2;-7;-3;-7;-4;-8;-5;-8;-5;-7;-6;-7;-6;-7;-6;-7;-6;-7;-7;-7;-7;-6;-7;-6;-8;-6;-8;-5;-8;-5;-8;-2;-3;-1;-1;0;0;-2;0;-1;0;1;-2;6;-5;18;-11;19;-10;20;-9;21;-7;21;-6;22;-4;22;-3;23;-2;23;0;23;1;23;2;22;3;21;5;20;6;19;7;18;8;18;8;17;8;16;8;15;9;14;9;13;9;12;9;11;9;10;9;8;9;7;8;6;8;-119;0;-46;23;-46;23;-44;23;-43;23;-41;23;-39;23;-38;24;-36;24;-35;24;-34;24;-32;25;-31;25;-31;25;-31;25;-31;25;-31;25;-31;25;-31;24;-30;23;-30;23;-30;22;-30;21;-30;20;-30;19;-31;18;-31;16;-32;15;-32;13;-12;4;-4;1;1;-1;1;-1;0;-1;-3;1;-8;4;-22;13;-23;12;-24;11;-25;11;-26;11;-27;11;-28;11;-30;12;-31;12;-32;12;-34;12;-35;12;-36;12;-36;11;-37;11;-37;11;-38;12;-38;12;-39;13;-40;14;-41;16;-42;17;-43;18;-44;19;-45;21;-46;22;-46;23;-46;23,stable,EXP_S143,ZONE_02,entree_zone,4.1,entree_zone,entree dans la zone
662453953,-53,6,a0:9f:7a:73:2b:3e,384,-110;-96;8;0;-30;-1;-30;-2;-28;-2;-26;-1;-24;1;-22;3;-21;5;-20;7;-20;9;-20;11;-21;12;-21;12;-21;12;-21;11;-20;11;-18;10;-16;9;-14;10;-12;11;-10;12;-9;13;-9;15;-9;16;-11;17;-12;18;-3;4;0;0;0;0;0;0;0;0;0;0;0;0;0;0;0;0;0;0;-4;-5;-14;-20;-12;-23;-9;-25;-5;-26;-1;-24;2;-21;2;-17;1;-13;-2;-9;-6;-7;-11;-6;-16;-6;-20;-9;-23;-12;-24;-16;-24;-19;-23;-21;-22;-22;-20;-21;-18;-20;-17;-17;-17;-14;-18;-10;-20;-7;-22;-4;-25;-3;-113;0;-4;6;-4;6;-3;5;-3;4;-3;3;-3;1;-4;-1;-5;-2;-6;-3;-6;-3;-5;-3;-4;-4;-4;-5;-3;-6;-4;-7;-4;-8;-4;-8;-4;-8;-4;-8;-3;-8;-2;-8;-1;-9;-1;-9;-1;-10;-1;-9;-1;-9;0;-9;0;-8;0;-3;0;-1;0;0;-2;-1;-1;-1;2;-1;7;0;20;1;21;2;21;3;21;4;21;6;20;7;20;9;19;11;19;12;19;13;18;14;17;14;15;14;13;15;11;16;10;16;10;17;10;16;9;15;8;14;7;13;5;13;4;13;3;13;3;13;2;12;2;11;2;9;-113;0;-53;-6;-52;-6;-51;-5;-50;-4;-49;-3;-48;-2;-46;0;-45;1;-44;1;-43;2;-42;3;-41;3;-41;4;-41;4;-41;4;-41;4;-40;4;-40;4;-40;4;-40;3;-39;2;-38;2;-37;1;-36;0;-36;-2;-36;-3;-36;-5;-36;-7;-13;-3;-4;-2;1;0;1;0;0;0;-3;0;-10;-1;-26;-2;-26;-3;-27;-4;-28;-4;-29;-5;-30;-5;-32;-6;-32;-7;-33;-7;-34;-8;-36;-8;-36;-9;-37;-10;-37;-11;-38;-12;-38;-12;-39;-11;-40;-11;-41;-10;-43;-9;-45;-9;-47;-8;-48;-8;-49;-8;-50;-8;-51;-8;-52;-7;-53;-7,stable,EXP_S143,ZONE_02,entree_zone,4.1,entree_zone,entree dans la zone
662652369,-54,6,a0:9f:7a:73:2b:3e,384,-110;-96;8;0;-25;15;-25;15;-23;14;-21;14;-19;14;-16;14;-13;15;-11;17;-10;18;-9;20;-9;21;-9;22;-9;22;-9;21;-9;19;-9;18;-8;17;-6;15;-3;15;-1;15;1;15;2;16;3;17;3;19;3;20;0;5;0;0;0;0;0;0;0;0;0;0;0;0;0;0;0;0;0;0;-6;-3;-22;-10;-22;-13;-20;-17;-17;-20;-13;-20;-9;-19;-7;-16;-5;-12;-6;-7;-8;-2;-11;1;-16;3;-21;3;-25;2;-28;0;-30;-3;-30;-5;-30;-7;-28;-8;-26;-7;-23;-6;-21;-3;-20;1;-19;5;-20;9;-21;11;-112;0;1;5;1;6;1;6;0;5;0;4;-1;2;-3;1;-5;1;-6;1;-6;1;-6;0;-6;-1;-6;-2;-6;-4;-7;-4;-8;-5;-9;-4;-9;-4;-7;-4;-7;-5;-6;-6;-6;-6;-7;-7;-7;-7;-7;-7;-6;-7;-6;-6;-5;-6;-2;-2;-1;-1;0;0;-2;0;-1;0;1;-2;6;-4;19;-11;19;-10;20;-9;21;-7;21;-6;21;-4;21;-3;22;-1;23;0;23;1;23;2;22;2;20;3;19;5;18;6;18;8;17;8;17;8;16;7;15;7;13;7;12;7;11;9;10;9;10;9;10;8;9;7;8;6;-112;0;-45;24;-45;24;-43;24;-42;25;-40;25;-38;26;-36;26;-35;26;-33;26;-32;26;-31;26;-30;27;-29;27;-29;27;-29;27;-29;27;-29;27;-28;26;-28;26;-28;25;-28;25;-28;24;-28;23;-28;22;-29;21;-29;19;-30;18;-31;16;-12;5;-4;1;0;-1;1;-1;0;-1;-3;1;-8;4;-23;11;-23;11;-24;11;-25;11;-26;11;-28;11;-29;11;-30;11;-31;11;-32;11;-33;11;-34;12;-35;12;-36;11;-37;11;-37;11;-38;11;-38;12;-38;14;-39;15;-41;17;-42;18;-43;19;-43;20;-44;21;-45;23;-45;24;-46;25,stable,EXP_S143,ZONE_02,entree_zone,4.1,entree_zone,entree dans la zone
662852331,-53,6,a0:9f:7a:73:2b:3e,384,-110;-96;8;0;-10;28;-11;28;-10;26;-9;25;-7;23;-4;22;-1;21;1;21;3;21;5;22;6;22;6;23;6;23;5;23;5;22;4;20;4;18;5;16;7;14;8;13;10;12;12;12;13;13;14;14;14;15;3;4;0;0;0;0;0;0;0;0;0;0;0;0;0;0;0;0;0;0;-6;2;-24;7;-26;4;-27;0;-26;-4;-24;-7;-20;-9;-16;-8;-12;-6;-9;-2;-8;3;-9;8;-11;12;-15;16;-18;18;-22;18;-25;17;-27;16;-28;14;-27;12;-25;11;-22;11;-19;12;-15;14;-13;16;-11;20;-9;22;-106;0;5;4;5;5;4;4;3;4;2;3;0;2;-2;2;-3;3;-4;3;-5;3;-5;3;-5;2;-6;1;-7;1;-8;0;-9;1;-9;1;-9;1;-8;0;-8;-1;-8;-2;-9;-2;-9;-2;-9;-2;-9;-2;-9;-3;-8;-3;-8;-3;-3;-2;-1;-1;0;0;-1;1;-1;0;0;-3;3;-8;8;-21;10;-20;11;-20;12;-19;13;-18;15;-17;16;-15;17;-15;19;-14;20;-13;20;-12;20;-11;19;-10;19;-8;19;-7;19;-6;20;-5;19;-4;18;-4;17;-3;16;-2;15;-1;14;0;14;1;13;1;12;1;11;1;10;1;-106;0;-24;48;-23;47;-22;47;-20;46;-19;45;-17;44;-16;43;-15;42;-13;42;-12;41;-11;40;-10;40;-9;40;-8;40;-8;40;-8;40;-8;40;-8;39;-9;39;-10;38;-10;37;-10;36;-11;35;-11;35;-12;34;-14;34;-15;33;-17;33;-7;11;-3;3;0;-2;0;-2;0;-1;-2;2;-4;8;-12;23;-12;24;-13;24;-14;25;-15;25;-17;26;-18;27;-19;28;-20;28;-21;29;-21;30;-22;30;-23;31;-23;31;-24;32;-25;32;-25;33;-25;34;-24;35;-24;36;-24;38;-25;40;-25;41;-25;43;-24;44;-24;46;-24;48;-24;49,stable,EXP_S143,ZONE_02,entree_zone,4.1,entree_zone,entree dans la zone
663059842,-54,6,a0:9f:7a:73:2b:3e,384,-110;-96;8;0;16;24;15;23;15;22;14;20;14;17;14;14;16;12;17;10;19;8;20;7;21;7;22;7;22;8;21;8;20;8;18;7;17;6;15;4;15;1;15;-1;15;-3;16;-4;17;-5;19;-5;20;-4;5;-1;0;0;0;0;0;0;0;0;0;0;0;0;0;0;0;0;0;0;-3;5;-11;21;-14;21;-18;18;-21;15;-21;11;-20;8;-16;5;-12;4;-7;4;-3;6;1;10;3;15;3;20;2;24;0;28;-3;30;-5;30;-7;29;-8;27;-7;24;-5;22;-2;20;1;19;5;18;9;19;12;20;-114;0;7;-2;7;-2;7;-2;6;-1;4;0;3;1;1;3;0;4;0;5;0;6;0;6;-1;5;-2;5;-4;5;-5;6;-5;6;-5;7;-5;7;-5;6;-6;5;-6;4;-7;4;-8;4;-8;5;-8;5;-7;4;-7;4;-8;3;-3;1;-1;0;0;-1;0;1;0;0;-2;-2;-6;-7;-14;-17;-14;-18;-13;-20;-12;-21;-10;-21;-8;-22;-6;-23;-4;-24;-2;-24;-1;-25;-1;-25;0;-24;1;-23;3;-22;4;-21;6;-21;7;-20;7;-20;6;-18;6;-17;7;-15;8;-13;9;-12;9;-12;9;-12;8;-11;7;-10;6;-9;-114;0;24;44;24;43;24;42;24;41;24;39;24;38;24;36;24;35;24;33;24;32;24;31;24;30;25;30;25;30;25;29;24;29;24;29;24;30;23;30;22;30;21;30;20;30;19;29;18;29;17;30;15;31;13;32;12;32;4;11;0;3;-1;-2;-1;-2;-1;-1;1;1;5;6;15;19;15;19;15;20;15;22;15;23;15;25;15;26;15;27;15;28;15;29;15;30;15;31;15;32;15;34;15;34;15;35;15;35;16;35;17;36;18;37;20;38;20;40;21;40;21;41;22;41;24;42;25;43;26;44,stable,EXP_S143,ZONE_02,entree_zone,4.1,entree_zone,entree dans la zone
663258008,-53,6,a0:9f:7a:73:2b:3e,384,-110;-96;8;0;-14;-28;-14;-27;-13;-26;-13;-24;-13;-21;-14;-18;-15;-16;-17;-14;-19;-13;-21;-12;-22;-11;-23;-12;-23;-12;-22;-12;-20;-12;-19;-11;-18;-10;-17;-8;-16;-6;-17;-3;-17;-1;-18;0;-20;1;-21;1;-22;0;-6;0;0;0;0;0;0;0;0;0;0;0;0;0;0;0;0;0;0;0;2;-6;12;-22;15;-21;19;-18;21;-15;21;-11;19;-8;16;-5;11;-5;7;-6;3;-8;-1;-12;-2;-17;-2;-22;0;-26;2;-29;5;-31;7;-31;9;-30;10;-28;9;-26;7;-23;4;-22;0;-21;-4;-21;-8;-22;-11;-23;-110;0;-8;0;-8;-1;-8;-1;-7;-2;-5;-3;-4;-4;-2;-4;-1;-5;0;-6;0;-6;0;-6;1;-6;2;-6;3;-6;4;-6;4;-7;5;-7;5;-7;6;-6;6;-6;6;-5;7;-5;7;-5;7;-5;7;-5;7;-5;7;-4;6;-3;2;-1;0;-1;-1;0;-1;-2;0;-1;0;2;1;7;3;21;2;21;0;21;-1;22;-3;22;-4;22;-6;22;-7;21;-8;21;-9;21;-10;20;-11;20;-12;18;-13;17;-13;16;-14;15;-14;14;-14;14;-14;13;-13;12;-13;10;-13;9;-13;8;-13;7;-12;7;-12;6;-11;5;-11;5;-110;0;-12;-53;-13;-52;-13;-51;-14;-50;-14;-48;-15;-46;-16;-44;-16;-43;-17;-41;-18;-39;-19;-38;-20;-37;-20;-36;-21;-36;-21;-36;-20;-36;-20;-36;-20;-36;-20;-36;-19;-36;-18;-35;-18;-35;-17;-34;-16;-34;-15;-35;-13;-35;-11;-35;-9;-36;-3;-13;-1;-4;0;1;0;1;0;0;-1;-3;-2;-10;-6;-26;-5;-27;-5;-27;-4;-28;-3;-29;-3;-31;-3;-33;-3;-34;-3;-35;-2;-36;-2;-37;-2;-38;-1;-39;-1;-40;-1;-40;-1;-41;-1;-41;-2;-42;-3;-43;-4;-45;-5;-46;-6;-47;-7;-48;-8;-49;-10;-51;-11;-52;-12;-53;-12;-54,stable,EXP_S143,ZONE_02,entree_zone,4.1,entree_zone,entree dans la zone
663454531,-54,6,a0:9f:7a:73:2b:3e,384,-110;-96;8;0;-31;-2;-30;-2;-28;-2;-26;-1;-24;0;-22;2;-21;5;-20;7;-19;9;-19;11;-20;13;-20;13;-21;13;-21;12;-20;11;-18;11;-16;10;-14;10;-12;11;-10;12;-9;13;-8;15;-8;17;-9;18;-10;19;-3;4;0;0;0;0;0;0;0;0;0;0;0;0;0;0;0;0;0;0;-4;-6;-12;-22;-9;-24;-5;-26;-1;-26;2;-24;4;-21;5;-16;3;-12;-1;-9;-5;-7;-10;-6;-15;-7;-20;-10;-23;-14;-24;-18;-23;-21;-22;-23;-20;-24;-18;-23;-17;-21;-16;-18;-16;-15;-17;-11;-19;-7;-22;-4;-25;-3;-115;0;-5;6;-5;6;-5;6;-4;5;-4;3;-4;1;-4;-1;-5;-2;-6;-3;-6;-4;-6;-4;-5;-4;-4;-5;-3;-6;-3;-7;-4;-8;-4;-8;-4;-8;-3;-8;-3;-8;-2;-8;-1;-9;-1;-9;-1;-10;-1;-10;-1;-9;0;-9;0;-8;0;-3;0;-1;0;0;-2;-1;-1;-1;2;0;7;2;20;6;20;7;20;8;19;10;19;11;17;13;16;14;16;16;15;17;15;18;14;18;13;18;12;18;10;18;9;18;8;19;7;19;6;18;6;17;5;16;3;15;2;15;1;15;0;15;-1;14;-1;13;-1;12;-1;10;-115;0;-51;-14;-51;-13;-50;-12;-49;-11;-47;-9;-46;-8;-45;-7;-44;-5;-43;-4;-42;-3;-42;-2;-41;-1;-41;0;-41;0;-41;0;-41;0;-40;0;-40;0;-40;0;-39;-1;-39;-1;-38;-2;-37;-2;-36;-3;-36;-4;-36;-6;-36;-8;-35;-9;-13;-4;-4;-2;1;0;1;0;0;0;-3;-1;-9;-3;-25;-7;-26;-8;-26;-8;-27;-9;-28;-10;-28;-11;-29;-12;-30;-13;-31;-14;-32;-14;-33;-15;-33;-15;-34;-16;-35;-17;-35;-18;-36;-18;-36;-17;-37;-17;-38;-16;-40;-16;-42;-16;-44;-15;-46;-15;-47;-15;-48;-15;-49;-15;-50;-14;-52;-14,stable,EXP_S143,ZONE_02,entree_zone,4.1,entree_zone,entree dans la zone
663654535,-54,6,a0:9f:7a:73:2b:3e,384,-110;-96;8;0;-2;29;-3;28;-2;27;-2;25;0;23;2;21;4;20;7;19;9;18;11;18;12;19;12;20;12;20;12;20;11;19;10;17;9;15;9;13;10;11;12;9;13;8;15;8;16;8;17;9;18;10;4;2;0;0;0;0;0;0;0;0;0;0;0;0;0;0;0;0;0;0;-6;3;-22;11;-24;9;-26;5;-26;1;-24;-3;-20;-5;-16;-5;-12;-3;-9;0;-6;5;-6;10;-7;15;-10;19;-14;21;-17;22;-20;22;-22;21;-23;19;-23;17;-21;16;-18;15;-14;15;-10;16;-7;18;-5;21;-3;23;-110;0;7;2;7;2;7;3;6;2;4;2;2;2;-1;3;-2;4;-3;5;-3;5;-3;5;-3;4;-5;3;-6;2;-8;3;-8;3;-8;4;-8;4;-7;3;-7;2;-8;1;-9;0;-9;0;-10;1;-9;1;-9;1;-8;0;-8;-1;-3;-1;-1;-1;0;-1;0;1;-1;0;-1;-3;-1;-8;-1;-22;0;-23;1;-23;3;-23;4;-22;6;-21;8;-21;10;-21;12;-21;13;-21;13;-21;13;-19;14;-18;14;-16;15;-14;16;-13;16;-12;16;-12;15;-11;14;-10;13;-8;13;-6;14;-5;14;-4;14;-4;13;-4;11;-4;10;-4;-110;0;-3;51;-3;50;-2;49;-1;48;0;47;0;46;1;45;2;43;3;42;4;41;4;40;5;40;5;40;5;39;6;39;5;39;5;38;5;38;4;38;3;38;2;37;2;36;1;36;0;35;-1;35;-3;35;-5;34;-7;34;-3;12;-2;3;0;-2;-1;-2;-1;-1;0;2;0;9;1;25;1;25;0;26;-1;27;-1;28;-2;29;-3;30;-4;31;-4;32;-5;33;-5;34;-5;35;-6;36;-7;37;-8;37;-8;38;-7;38;-7;39;-6;40;-5;42;-5;44;-5;45;-5;47;-5;48;-4;49;-4;50;-3;51;-2;52,stable,EXP_S143,ZONE_02,entree_zone,4.1,entree_zone,entree dans la zone
663852164,-53,6,a0:9f:7a:73:2b:3e,384,-110;-96;8;0;28;9;27;9;26;9;25;8;23;6;21;3;21;0;20;-2;21;-4;21;-6;22;-7;23;-7;23;-6;23;-6;22;-5;20;-4;18;-4;16;-5;15;-7;14;-9;13;-10;13;-12;13;-13;15;-14;16;-14;4;-4;0;0;0;0;0;0;0;0;0;0;0;0;0;0;0;0;0;0;2;5;9;22;6;24;2;25;-2;24;-5;22;-7;19;-7;15;-5;11;-1;8;4;7;8;7;13;9;17;13;19;17;19;20;18;23;16;25;14;26;13;25;12;23;11;20;12;17;14;13;16;11;20;9;24;8;-106;0;5;-6;5;-6;5;-4;5;-3;4;-2;4;0;3;1;3;2;3;3;2;3;2;4;1;4;0;5;0;6;-1;7;-1;7;-1;7;-2;7;-2;7;-3;7;-3;7;-4;7;-4;7;-4;7;-4;7;-5;6;-5;6;-5;5;-2;2;-1;0;0;-1;1;0;0;0;-3;-1;-8;-4;-20;-10;-19;-11;-18;-13;-17;-15;-16;-16;-15;-17;-14;-18;-14;-19;-12;-20;-11;-21;-10;-21;-9;-21;-7;-21;-6;-21;-4;-21;-3;-21;-2;-20;-2;-19;-1;-19;0;-18;1;-17;1;-16;2;-15;3;-14;3;-14;4;-13;4;-12;4;-11;-106;0;43;29;42;29;42;28;42;27;41;25;40;24;39;23;39;22;38;20;37;19;37;18;37;17;37;17;37;17;36;17;36;17;36;17;35;17;35;18;34;18;33;18;32;19;31;19;30;20;29;21;27;22;26;24;24;25;8;9;2;3;-1;-1;-2;-1;-1;-1;2;0;8;3;24;10;23;11;23;12;24;13;24;14;25;15;26;16;27;17;27;19;28;20;28;21;29;22;29;23;29;24;30;25;30;25;31;26;31;26;32;26;34;26;35;27;37;27;38;27;39;28;41;28;42;29;43;29;44;30,stable,EXP_S143,ZONE_02,entree_zone,4.1,entree_zone,entree dans la zone
664061163,-54,6,a0:9f:7a:73:2b:3e,384,-110;-96;8;0;29;5;28;5;27;5;25;4;23;2;21;0;20;-2;20;-5;20;-7;20;-9;21;-10;21;-10;22;-10;22;-9;21;-8;19;-7;18;-7;15;-8;13;-9;12;-10;11;-12;11;-14;11;-15;12;-16;14;-16;3;-4;0;0;0;0;0;0;0;0;0;0;0;0;0;0;0;0;0;0;3;5;11;20;9;22;5;24;1;24;-2;22;-4;19;-5;15;-3;11;0;8;5;6;10;6;14;7;19;10;21;14;22;17;21;20;19;22;17;23;16;23;14;21;14;18;14;15;16;11;18;8;21;5;24;4;-105;0;4;-7;5;-7;5;-6;4;-5;4;-4;3;-2;3;0;4;1;4;2;5;3;4;3;3;3;2;4;1;6;1;7;1;8;2;8;2;8;1;7;0;7;-1;7;-2;8;-2;8;-2;8;-2;8;-2;8;-2;7;-3;6;-1;2;-1;0;-1;-1;1;0;0;0;-3;-1;-8;-2;-21;-5;-21;-6;-21;-8;-20;-9;-19;-10;-19;-12;-18;-13;-17;-15;-17;-16;-16;-17;-16;-18;-14;-18;-13;-18;-11;-18;-9;-19;-8;-19;-7;-20;-7;-19;-6;-18;-5;-17;-4;-16;-3;-15;-1;-15;0;-15;0;-15;0;-14;0;-13;0;-12;-105;0;49;16;49;16;48;15;47;14;46;13;45;12;44;11;43;9;42;8;40;8;40;7;39;6;39;6;39;6;39;6;39;6;39;6;39;6;38;7;38;7;37;8;36;9;35;10;34;10;33;11;32;13;32;15;31;16;11;6;3;2;-2;-1;-2;-1;-1;-1;2;0;8;1;25;3;25;4;26;5;26;6;27;7;28;8;29;9;30;10;31;11;32;11;33;12;34;13;34;14;35;15;35;16;35;16;36;16;37;16;38;16;40;15;41;15;43;15;44;16;45;16;47;16;48;16;49;16;50;16,stable,EXP_S143,ZONE_02,entree_zone,4.1,entree_zone,entree dans la zone
664257440,-53,6,a0:9f:7a:73:2b:3e,384,-110;-96;8;0;-15;-28;-14;-28;-13;-27;-13;-24;-13;-21;-14;-19;-15;-16;-17;-14;-19;-13;-21;-13;-22;-12;-22;-13;-22;-13;-21;-14;-20;-13;-19;-12;-17;-11;-16;-9;-16;-7;-16;-4;-17;-3;-18;-1;-20;-1;-21;-2;-22;-2;-6;-1;0;0;0;0;0;0;0;0;0;0;0;0;0;0;0;0;0;0;2;-6;10;-23;13;-22;17;-20;19;-17;20;-13;18;-9;15;-7;11;-6;6;-6;2;-9;-1;-13;-3;-18;-3;-23;-2;-27;1;-30;4;-31;6;-31;8;-30;9;-28;8;-26;6;-24;3;-22;-1;-21;-5;-21;-9;-22;-12;-23;-108;0;-9;-1;-8;-2;-8;-2;-7;-2;-5;-3;-3;-3;-2;-5;-1;-6;0;-6;0;-7;0;-6;1;-6;2;-6;4;-6;5;-6;5;-6;5;-7;6;-7;6;-6;6;-6;7;-5;7;-4;8;-4;8;-4;8;-4;7;-4;7;-3;7;-2;2;-1;0;-1;-1;0;-1;-2;-1;-1;0;1;2;7;6;19;5;20;4;21;2;22;1;22;-1;22;-3;22;-5;22;-6;22;-7;22;-8;22;-9;21;-10;20;-11;18;-12;17;-13;16;-14;15;-14;14;-13;13;-13;12;-12;10;-13;9;-13;7;-13;6;-13;6;-12;5;-11;5;-10;4;-108;0;-12;-53;-12;-53;-12;-52;-13;-50;-14;-49;-14;-47;-15;-45;-15;-44;-15;-42;-15;-41;-15;-40;-16;-39;-16;-39;-17;-39;-17;-39;-17;-39;-17;-39;-16;-39;-15;-38;-15;-38;-13;-38;-12;-37;-11;-37;-9;-36;-8;-36;-6;-37;-4;-37;-2;-37;-1;-14;0;-4;0;1;0;1;0;0;-2;-3;-4;-9;-10;-25;-10;-26;-9;-27;-9;-28;-8;-29;-8;-31;-7;-32;-7;-34;-7;-35;-7;-36;-7;-37;-7;-38;-6;-39;-5;-40;-5;-41;-5;-41;-5;-42;-6;-43;-6;-44;-7;-45;-9;-46;-9;-47;-10;-48;-11;-49;-11;-51;-12;-52;-12;-53;-12;-55,stable,EXP_S143,ZONE_02,entree_zone,4.1,entree_zone,entree dans la zone
664452244,-53,6,a0:9f:7a:73:2b:3e,384,-110;-96;8;0;-24;20;-24;20;-23;19;-21;18;-18;17;-15;17;-12;18;-10;19;-8;20;-7;22;-6;23;-7;24;-7;24;-7;23;-7;22;-7;21;-6;19;-4;17;-2;16;0;16;2;16;4;17;5;18;4;20;4;21;1;5;0;0;0;0;0;0;0;0;0;0;0;0;0;0;0;0;0;0;-7;-2;-25;-6;-25;-10;-23;-14;-21;-17;-17;-18;-13;-17;-10;-15;-8;-11;-8;-6;-9;-1;-12;3;-17;6;-22;7;-26;7;-30;5;-32;2;-32;0;-32;-2;-30;-3;-28;-3;-25;-2;-22;1;-21;5;-20;9;-20;13;-20;16;-117;0;1;8;1;8;1;8;1;6;0;5;-1;3;-3;2;-5;1;-7;1;-7;2;-7;1;-6;0;-6;-1;-7;-3;-8;-3;-9;-3;-9;-3;-9;-3;-8;-3;-7;-4;-6;-5;-6;-6;-7;-7;-8;-7;-8;-6;-7;-6;-7;-6;-6;-6;-2;-2;-1;-1;0;0;-2;0;-1;0;1;-2;6;-5;17;-13;18;-12;19;-11;20;-10;20;-9;20;-7;21;-5;22;-3;23;-2;24;-1;24;-1;23;0;22;1;21;2;20;4;20;5;20;6;19;6;18;6;16;5;14;6;12;7;11;8;11;9;11;9;10;8;9;7;8;6;-117;0;-45;32;-44;31;-43;31;-41;31;-39;31;-37;32;-35;31;-33;31;-32;31;-31;31;-30;31;-29;31;-29;32;-29;32;-28;31;-28;31;-28;31;-28;31;-28;30;-28;29;-28;28;-28;27;-28;25;-28;24;-29;23;-30;22;-31;21;-32;20;-12;7;-4;1;0;-1;1;-2;0;-1;-3;1;-8;5;-21;16;-22;16;-23;16;-24;16;-25;16;-27;17;-28;17;-30;17;-30;17;-31;17;-32;18;-33;18;-35;18;-36;18;-37;17;-38;18;-37;18;-37;19;-38;21;-39;23;-40;24;-41;26;-42;27;-42;27;-43;28;-44;30;-45;31;-45;32,stable,EXP_S143,ZONE_02,entree_zone,4.1,entree_zone,entree dans la zone
664660970,-53,6,a0:9f:7a:73:2b:3e,384,-110;-96;8;0;20;-24;20;-23;20;-22;18;-21;15;-20;13;-20;10;-20;7;-21;5;-23;4;-24;3;-25;3;-25;4;-25;4;-25;4;-24;4;-22;3;-20;2;-19;0;-18;-2;-17;-4;-18;-5;-18;-6;-19;-6;-20;-6;-21;-2;-6;0;0;0;0;0;0;0;0;0;0;0;0;0;0;0;0;0;0;6;-1;24;0;25;4;24;8;22;11;19;13;15;13;12;11;9;8;8;3;9;-2;11;-6;15;-9;19;-11;24;-11;27;-10;30;-8;30;-6;30;-4;29;-3;26;-2;24;-3;21;-5;19;-9;17;-12;17;-16;17;-19;-114;0;-5;-7;-4;-7;-4;-7;-3;-6;-2;-5;-1;-4;1;-4;3;-4;4;-4;4;-4;4;-3;4;-2;4;-1;5;0;6;0;7;0;7;0;7;0;7;1;7;1;7;2;7;3;7;3;8;3;7;3;7;3;6;3;5;3;1;1;0;0;-1;-1;1;-1;0;-1;-2;1;-6;4;-17;12;-18;12;-19;11;-19;10;-20;9;-20;7;-20;5;-21;4;-22;3;-23;2;-23;2;-22;1;-21;0;-20;-2;-20;-4;-20;-5;-20;-5;-19;-5;-19;-5;-17;-5;-15;-5;-14;-6;-13;-7;-13;-8;-13;-8;-12;-7;-11;-6;-10;-5;-114;0;37;-40;37;-40;36;-40;34;-40;32;-39;30;-39;29;-39;27;-38;25;-38;24;-38;22;-37;21;-37;20;-38;19;-38;19;-38;19;-38;19;-38;19;-38;19;-37;19;-36;19;-35;19;-34;19;-33;20;-33;20;-32;22;-30;23;-29;25;-28;9;-10;3;-3;-1;1;-2;1;-1;0;2;-2;7;-7;19;-18;20;-18;21;-18;22;-18;23;-19;25;-19;26;-20;27;-20;28;-20;29;-21;31;-21;32;-22;33;-22;34;-22;34;-22;34;-22;34;-23;34;-25;35;-26;36;-28;36;-30;37;-31;38;-33;38;-34;38;-36;38;-38;39;-39;39;-40,stable,EXP_S143,ZONE_02,entree_zone,4.1,entree_zone,entree dans la zone
664852443,-53,6,a0:9f:7a:73:2b:3e,384,-110;-96;8;0;-15;26;-16;26;-15;24;-13;23;-10;21;-7;21;-4;20;-2;20;0;21;2;22;3;23;3;24;3;24;2;24;1;22;1;21;2;19;3;17;5;15;7;14;9;13;10;13;12;14;12;15;12;17;3;4;0;0;0;0;0;0;0;0;0;0;0;0;0;0;0;0;0;0;-6;0;-25;0;-26;-3;-26;-7;-24;-11;-20;-13;-17;-13;-13;-12;-10;-8;-8;-3;-8;2;-10;7;-13;11;-18;13;-22;14;-26;13;-29;12;-30;9;-30;7;-29;6;-26;5;-23;6;-19;8;-16;10;-14;14;-13;18;-13;21;-106;0;4;6;4;6;3;6;2;6;1;5;-1;4;-2;3;-4;3;-5;3;-5;3;-5;3;-6;2;-6;0;-7;-1;-8;-1;-9;-1;-9;-1;-9;-1;-9;-1;-8;-2;-8;-3;-8;-4;-9;-4;-9;-4;-9;-4;-8;-4;-8;-4;-7;-5;-3;-2;-1;-1;0;0;-1;1;-1;0;1;-3;4;-7;13;-18;15;-17;16;-16;17;-15;18;-13;19;-12;20;-11;21;-9;22;-8;22;-7;22;-7;22;-6;21;-5;21;-3;20;-2;20;0;20;0;20;1;19;1;17;1;16;2;15;3;14;4;14;5;13;5;12;4;11;4;10;3;-106;0;-34;41;-33;41;-31;40;-30;40;-28;39;-27;39;-25;38;-24;38;-22;37;-20;37;-19;37;-18;37;-18;38;-17;38;-17;37;-17;37;-17;37;-17;36;-18;36;-18;35;-18;34;-18;33;-18;32;-18;31;-19;30;-21;29;-22;28;-23;27;-9;9;-3;2;0;-1;0;-2;0;-1;-2;2;-6;7;-16;20;-17;20;-18;20;-19;20;-20;21;-21;21;-22;22;-24;22;-25;23;-26;23;-27;24;-28;25;-28;25;-29;25;-30;26;-31;26;-31;26;-31;27;-31;29;-31;30;-32;32;-33;33;-33;34;-33;36;-33;37;-33;39;-33;40;-33;41,stable,EXP_S143,ZONE_02,entree_zone,4.1,entree_zone,entree dans la zone
665052519,-53,6,a0:9f:7a:73:2b:3e,384,-110;-96;8;0;-21;22;-21;22;-20;21;-18;20;-16;19;-13;19;-10;19;-7;20;-6;21;-4;23;-4;24;-4;24;-4;24;-5;24;-5;22;-5;21;-4;19;-2;18;0;16;2;16;4;16;6;16;7;17;7;19;6;20;1;5;0;0;0;0;0;0;0;0;0;0;0;0;0;0;0;0;0;0;-7;-1;-25;-3;-25;-7;-25;-11;-22;-14;-19;-16;-15;-16;-11;-13;-9;-9;-8;-5;-9;0;-11;5;-16;8;-20;10;-25;10;-29;8;-31;6;-32;4;-32;2;-30;1;-28;1;-25;2;-22;4;-19;7;-18;11;-18;15;-18;18;-117;0;2;7;2;8;1;7;0;6;0;4;-2;3;-3;2;-5;1;-6;1;-6;1;-6;1;-6;0;-6;-2;-7;-3;-7;-4;-8;-4;-8;-4;-8;-4;-7;-4;-7;-5;-6;-6;-7;-6;-7;-7;-7;-7;-7;-7;-6;-7;-5;-7;-5;-7;-2;-3;-1;-1;0;0;-2;0;-1;0;1;-2;6;-5;18;-13;19;-12;20;-10;21;-9;21;-7;21;-6;22;-4;23;-3;23;-1;24;0;23;1;22;1;21;2;20;4;20;5;19;6;18;7;18;7;17;7;16;7;14;8;13;8;12;9;11;9;10;9;9;8;9;8;8;7;-117;0;-47;29;-46;29;-45;29;-43;29;-41;29;-40;29;-38;28;-36;28;-35;28;-33;28;-32;28;-31;29;-31;29;-30;30;-30;30;-30;29;-30;29;-30;28;-30;27;-30;26;-30;25;-30;24;-30;24;-30;23;-31;22;-31;20;-32;18;-33;17;-12;6;-4;1;0;-1;1;-2;0;-1;-3;1;-8;5;-21;15;-22;15;-23;15;-25;15;-26;15;-27;15;-29;15;-30;15;-31;15;-32;15;-33;15;-34;16;-36;16;-37;16;-38;16;-38;16;-38;16;-39;17;-39;18;-40;20;-41;21;-43;22;-44;23;-44;24;-45;26;-46;27;-46;28;-47;29,stable,EXP_S143,ZONE_02,entree_zone,4.1,entree_zone,entree dans la zone
665253406,-52,6,a0:9f:7a:73:2b:3e,384,-110;-96;8;0;22;20;21;20;20;19;19;17;18;14;18;12;19;9;20;7;21;5;22;4;23;3;23;3;23;4;23;4;22;5;20;5;18;4;17;2;16;0;16;-2;16;-4;16;-5;18;-6;19;-6;20;-6;5;-2;0;0;0;0;0;0;0;0;0;0;0;0;0;0;0;0;0;0;0;5;-1;24;-4;24;-8;24;-11;22;-13;19;-13;15;-12;12;-8;9;-4;8;1;8;5;10;8;14;10;18;11;23;9;26;7;29;5;30;3;29;2;28;2;26;3;23;5;20;8;18;11;17;15;16;18;17;-102;0;6;-3;6;-3;6;-2;5;-2;4;-1;3;0;2;2;2;3;2;4;1;5;1;5;0;5;-1;5;-2;6;-3;7;-3;7;-3;7;-3;7;-4;6;-4;6;-5;6;-6;6;-6;6;-6;6;-6;6;-6;5;-6;4;-6;4;-2;1;-1;0;0;-1;0;0;0;0;-2;-2;-6;-6;-14;-16;-14;-17;-13;-18;-12;-19;-10;-20;-9;-20;-7;-21;-6;-22;-5;-22;-4;-23;-3;-23;-2;-22;0;-22;1;-21;2;-20;4;-20;4;-19;5;-19;5;-18;5;-16;5;-15;6;-14;7;-13;7;-12;7;-12;7;-11;7;-10;7;-9;-102;0;33;41;33;40;33;39;32;38;32;36;32;35;32;33;31;32;31;30;30;29;30;28;30;27;30;27;30;26;30;26;30;26;30;27;29;27;29;27;28;27;27;27;25;27;24;27;23;27;22;28;21;29;19;30;17;30;6;11;1;3;-1;-1;-2;-2;-1;-1;2;1;6;6;19;17;18;18;18;20;18;21;18;22;18;23;18;25;19;26;19;27;20;28;20;29;20;30;20;32;20;33;20;33;20;34;20;34;21;35;22;35;24;36;25;37;27;37;28;38;29;39;30;39;31;40;32;41;33;42,stable,EXP_S143,ZONE_02,entree_zone,4.1,entree_zone,entree dans la zone
665452403,-52,6,a0:9f:7a:73:2b:3e,384,-110;-96;8;0;-29;12;-29;11;-27;10;-25;10;-23;10;-20;11;-18;13;-16;14;-15;16;-14;18;-14;19;-15;20;-15;20;-15;19;-15;18;-14;17;-13;15;-11;14;-9;14;-7;15;-5;16;-4;17;-3;18;-4;20;-5;21;-2;5;0;0;0;0;0;0;0;0;0;0;0;0;0;0;0;0;0;0;-6;-3;-23;-10;-22;-14;-20;-17;-17;-20;-13;-20;-10;-19;-7;-16;-6;-12;-7;-7;-9;-3;-13;0;-18;2;-23;2;-27;0;-30;-2;-31;-5;-31;-8;-30;-10;-28;-10;-26;-10;-23;-8;-22;-5;-21;-1;-21;3;-23;7;-25;9;-106;0;-1;7;-1;7;-1;7;-1;6;-1;4;-2;2;-4;1;-5;0;-6;0;-7;0;-6;-1;-6;-2;-6;-3;-6;-4;-7;-5;-8;-6;-8;-6;-8;-5;-7;-5;-6;-5;-5;-6;-4;-7;-4;-8;-5;-8;-5;-8;-5;-8;-4;-8;-4;-8;-2;-3;-1;-1;0;0;-2;0;-1;0;1;-2;6;-4;19;-9;19;-8;20;-6;20;-5;20;-3;20;-2;20;0;21;2;22;4;22;4;22;5;21;5;20;6;18;7;17;9;16;10;16;10;15;10;14;10;13;10;11;10;9;10;8;11;8;11;7;11;7;10;6;9;6;8;-106;0;-52;18;-51;18;-50;18;-48;18;-46;19;-45;19;-43;19;-42;19;-40;20;-39;20;-38;21;-37;21;-37;21;-36;22;-36;22;-36;21;-36;21;-36;20;-36;19;-36;18;-36;17;-35;16;-35;15;-34;14;-35;13;-35;11;-35;9;-36;8;-13;2;-4;0;1;-1;1;-1;0;-1;-3;1;-9;4;-24;11;-25;11;-26;10;-27;10;-29;10;-30;10;-31;10;-32;9;-34;9;-34;9;-36;9;-37;9;-38;9;-39;9;-40;8;-41;8;-41;8;-41;9;-42;10;-43;11;-45;12;-47;13;-48;14;-48;15;-49;16;-50;17;-51;18;-52;19,stable,EXP_S143,ZONE_02,entree_zone,4.1,entree_zone,entree dans la zone
665652449,-52,6,a0:9f:7a:73:2b:3e,384,-110;-96;8;0;21;21;20;21;19;20;18;18;18;16;18;13;18;10;19;8;20;6;22;5;23;5;24;5;23;6;23;6;22;6;20;6;18;5;17;3;16;1;16;-1;16;-3;17;-4;18;-5;19;-5;20;-4;5;-1;0;0;0;0;0;0;0;0;0;0;0;0;0;0;0;0;0;0;0;5;-2;24;-5;24;-9;23;-13;21;-14;18;-14;14;-12;11;-9;8;-5;8;0;8;4;11;8;14;9;19;10;23;8;27;6;29;3;30;1;30;0;28;0;26;1;23;4;21;7;19;10;17;14;17;17;18;-102;0;7;-3;6;-3;6;-2;5;-1;4;0;3;1;2;3;1;4;1;4;1;5;0;5;-1;5;-2;5;-3;5;-3;6;-4;6;-4;7;-4;6;-5;6;-5;6;-6;6;-6;5;-7;5;-7;5;-7;5;-7;4;-7;4;-7;3;-3;1;-1;0;0;-1;0;1;0;0;-2;-2;-5;-6;-13;-17;-12;-18;-11;-19;-9;-20;-8;-21;-6;-21;-5;-22;-4;-22;-2;-23;-1;-23;0;-23;1;-22;2;-21;4;-21;5;-20;6;-19;6;-18;7;-18;7;-16;7;-15;7;-14;8;-13;8;-13;9;-12;9;-11;8;-10;8;-9;7;-8;-102;0;27;45;27;44;27;43;27;42;27;40;27;39;27;37;27;36;27;35;27;33;27;32;27;31;27;30;27;30;27;30;27;30;26;30;25;30;24;31;24;31;23;30;22;30;21;30;20;30;18;30;17;31;15;32;13;33;4;12;1;3;-1;-1;-2;-2;-1;-1;1;2;6;7;16;20;16;20;15;21;15;22;15;24;15;25;15;26;16;28;16;29;16;30;16;32;16;33;16;34;16;35;16;35;16;36;17;36;17;37;18;38;19;39;21;40;22;41;23;42;24;42;26;43;27;44;28;45;29;46,stable,EXP_S143,ZONE_02,entree_zone,4.1,entree_zone,entree dans la zone
665851850,-53,6,a0:9f:7a:73:2b:3e,384,-110;-96;8;0;-8;-31;-7;-30;-6;-29;-6;-27;-7;-24;-8;-22;-10;-20;-13;-19;-15;-18;-16;-18;-17;-18;-18;-19;-17;-19;-17;-19;-15;-18;-14;-17;-13;-16;-13;-13;-14;-11;-14;-10;-16;-8;-17;-8;-18;-8;-19;-9;-20;-10;-5;-3;0;0;0;0;0;0;0;0;0;0;0;0;0;0;0;0;0;0;2;-6;13;-21;16;-20;19;-17;21;-14;21;-10;19;-7;16;-5;11;-4;7;-6;4;-9;1;-13;0;-18;1;-23;4;-26;7;-29;9;-30;12;-29;14;-28;14;-26;13;-24;11;-22;7;-21;4;-21;0;-22;-3;-24;-6;-25;-110;0;-7;-2;-7;-3;-6;-3;-5;-4;-3;-4;-2;-4;0;-4;1;-5;2;-5;2;-6;2;-5;3;-5;4;-4;5;-4;6;-4;6;-3;7;-3;7;-3;7;-3;7;-2;7;-1;7;-1;8;-1;8;-1;8;0;7;0;7;1;7;1;2;0;0;0;-1;-1;-1;-2;0;-1;0;2;0;7;0;20;-2;20;-3;20;-5;20;-7;20;-8;20;-10;20;-11;19;-13;19;-14;18;-14;17;-15;16;-15;15;-16;14;-16;12;-17;11;-17;10;-17;9;-17;8;-16;7;-15;5;-15;4;-14;3;-14;2;-13;2;-13;1;-12;1;-12;0;-110;0;6;-55;5;-54;5;-53;4;-52;3;-51;2;-49;2;-48;1;-46;1;-44;0;-43;-1;-42;-2;-42;-2;-43;-3;-43;-3;-43;-3;-42;-2;-42;-2;-41;-1;-41;0;-41;1;-40;2;-39;3;-38;4;-38;5;-37;7;-37;9;-36;11;-35;4;-13;1;-4;-1;1;0;1;0;0;-1;-3;-1;-10;-3;-27;-2;-27;-1;-28;0;-29;1;-30;1;-31;2;-33;3;-34;3;-35;4;-36;5;-37;6;-37;7;-38;8;-39;8;-40;8;-41;8;-41;8;-42;8;-43;8;-45;7;-46;7;-48;7;-49;7;-50;6;-51;6;-53;6;-55;6;-57,stable,EXP_S143,ZONE_02,entree_zone,4.1,entree_zone,entree dans la zone
666051609,-53,6,a0:9f:7a:73:2b:3e,384,-110;-96;8;0;-3;-31;-3;-31;-3;-30;-3;-28;-4;-25;-6;-23;-8;-21;-11;-20;-13;-20;-14;-20;-15;-20;-15;-21;-15;-21;-14;-21;-13;-20;-12;-19;-12;-17;-12;-15;-13;-13;-14;-11;-15;-10;-16;-9;-17;-10;-18;-11;-19;-11;-5;-3;0;0;0;0;0;0;0;0;0;0;0;0;0;0;0;0;0;0;3;-5;16;-18;19;-17;22;-14;23;-10;22;-6;20;-3;16;-2;12;-3;8;-5;5;-8;3;-13;3;-18;5;-23;8;-26;11;-28;14;-28;16;-27;17;-25;17;-24;16;-22;13;-21;10;-20;6;-21;3;-22;0;-24;-2;-26;-100;0;-8;-2;-8;-2;-8;-2;-6;-2;-5;-3;-3;-3;-1;-4;0;-5;0;-6;0;-6;0;-6;1;-5;2;-5;4;-4;5;-5;6;-5;6;-6;6;-6;6;-5;6;-4;6;-3;7;-3;8;-3;8;-3;8;-3;7;-3;6;-2;6;-1;2;-1;0;0;-1;0;-1;-2;0;-1;0;2;1;7;2;20;1;21;-1;21;-2;21;-3;21;-5;20;-7;20;-8;20;-10;20;-11;20;-11;19;-12;19;-12;17;-13;15;-14;14;-15;13;-15;12;-15;12;-15;11;-14;10;-13;8;-13;6;-14;5;-14;5;-14;4;-13;4;-12;4;-10;3;-100;0;-6;-55;-7;-54;-7;-53;-7;-52;-8;-50;-8;-49;-9;-48;-9;-46;-10;-45;-11;-43;-12;-42;-13;-41;-13;-41;-13;-40;-13;-40;-13;-40;-13;-40;-12;-40;-11;-40;-10;-40;-9;-39;-9;-39;-8;-38;-7;-37;-5;-37;-4;-37;-1;-38;1;-38;0;-14;0;-5;0;1;0;1;0;0;-1;-3;-3;-10;-6;-27;-6;-27;-5;-28;-5;-29;-4;-30;-3;-31;-3;-33;-2;-34;-2;-35;-1;-36;-1;-38;-1;-39;0;-40;0;-41;1;-42;1;-42;1;-42;0;-43;-1;-44;-1;-45;-2;-47;-2;-48;-3;-50;-3;-51;-5;-52;-6;-54;-7;-55;-7;-56,stable,EXP_S143,ZONE_02,entree_zone,4.1,entree_zone,entree dans la zone
666264703,-53,6,a0:9f:7a:73:2b:3e,384,-110;-96;8;0;-13;-28;-13;-28;-12;-27;-11;-25;-11;-22;-12;-20;-14;-17;-15;-16;-17;-15;-19;-14;-20;-14;-21;-14;-20;-15;-19;-15;-18;-15;-17;-14;-16;-13;-15;-11;-15;-9;-16;-7;-17;-5;-18;-4;-19;-4;-20;-4;-21;-6;-6;-2;0;0;0;0;0;0;0;0;0;0;0;0;0;0;0;0;0;0;1;-6;8;-23;12;-22;15;-20;18;-17;18;-14;17;-10;14;-8;10;-7;6;-7;2;-9;-2;-13;-3;-18;-3;-22;-2;-26;1;-29;4;-31;6;-31;8;-30;9;-28;8;-26;6;-23;3;-22;-1;-21;-5;-21;-8;-22;-11;-24;-113;0;-9;1;-9;1;-8;0;-7;0;-6;-1;-4;-2;-3;-3;-2;-5;-2;-6;-2;-6;-2;-6;0;-6;1;-6;2;-6;3;-7;3;-7;3;-8;3;-7;4;-7;4;-6;5;-5;5;-5;6;-5;6;-6;6;-6;6;-5;5;-5;5;-4;2;-2;0;-1;-1;0;-1;-1;-1;-1;1;1;4;5;11;16;11;17;10;18;8;19;6;19;5;20;3;20;1;21;0;21;-1;22;-1;22;-2;21;-3;20;-5;19;-6;18;-8;18;-9;17;-9;17;-9;16;-8;14;-9;12;-9;11;-10;10;-10;10;-10;9;-9;9;-9;8;-8;7;-113;0;-26;-48;-26;-47;-26;-46;-26;-44;-26;-43;-26;-41;-26;-40;-26;-38;-25;-36;-25;-35;-26;-34;-26;-34;-26;-34;-26;-33;-26;-33;-26;-33;-25;-33;-25;-33;-24;-33;-22;-33;-21;-33;-20;-33;-19;-32;-18;-33;-16;-33;-15;-34;-13;-34;-11;-34;-4;-13;-1;-4;0;1;1;1;0;0;-2;-3;-7;-8;-17;-21;-17;-21;-17;-22;-17;-24;-17;-25;-17;-26;-17;-28;-17;-29;-17;-31;-17;-32;-17;-33;-17;-34;-17;-36;-16;-37;-16;-37;-16;-38;-16;-38;-17;-38;-18;-39;-20;-40;-21;-41;-22;-42;-23;-43;-23;-44;-24;-46;-25;-47;-26;-48;-27;-48,stable,EXP_S143,ZONE_02,entree_zone,4.1,entree_zone,entree dans la zone
666452432,-53,6,a0:9f:7a:73:2b:3e,384,-110;-96;8;0;30;-3;29;-3;28;-2;26;-3;24;-4;22;-6;20;-8;19;-10;18;-12;18;-14;18;-15;19;-16;19;-15;19;-14;19;-13;18;-12;16;-12;13;-12;11;-12;10;-13;8;-15;7;-16;8;-17;9;-19;10;-19;2;-5;0;0;0;0;0;0;0;0;0;0;0;0;0;0;0;0;0;0;4;4;17;17;15;20;12;22;8;24;4;23;1;20;0;16;1;12;3;8;7;5;11;3;16;3;21;5;24;7;26;11;26;14;25;17;23;18;22;18;20;16;19;14;18;10;19;7;20;3;23;0;25;-2;-114;0;2;-7;2;-7;2;-7;3;-6;3;-4;3;-3;3;-1;3;1;4;1;4;2;4;3;3;3;3;4;3;5;2;6;2;6;3;7;2;7;2;7;1;7;0;7;0;8;0;8;0;8;0;8;0;7;-1;7;-1;7;-1;2;-1;0;-1;-1;1;0;0;0;-3;0;-8;-1;-22;-3;-22;-4;-21;-6;-21;-7;-20;-9;-20;-10;-20;-11;-19;-13;-19;-14;-18;-15;-18;-16;-16;-17;-15;-17;-13;-17;-12;-18;-11;-18;-10;-18;-9;-17;-8;-17;-7;-16;-6;-16;-5;-15;-4;-15;-3;-15;-3;-14;-2;-13;-2;-12;-2;-11;-114;0;52;7;52;7;51;6;50;5;49;5;48;4;47;3;46;2;45;1;44;0;42;-2;41;-2;41;-3;41;-3;41;-3;41;-2;41;-2;41;-1;40;0;39;0;38;1;37;1;37;2;36;2;36;3;35;5;35;8;34;9;12;3;3;1;-2;-1;-2;0;-1;-1;2;-1;9;0;26;0;26;1;27;2;28;3;29;4;30;5;31;6;32;7;33;7;34;8;35;8;36;9;37;9;37;10;38;10;38;11;39;11;40;11;41;11;42;10;44;10;45;10;47;10;48;9;50;8;51;7;53;7;54;7,stable,EXP_S143,ZONE_02,entree_zone,4.1,entree_zone,entree dans la zone
666652290,-53,6,a0:9f:7a:73:2b:3e,384,-110;-96;8;0;6;-30;6;-30;6;-28;5;-27;3;-25;1;-23;-1;-22;-4;-22;-6;-22;-8;-22;-9;-23;-9;-24;-9;-24;-8;-24;-7;-23;-7;-21;-7;-19;-7;-17;-8;-16;-10;-14;-12;-13;-13;-13;-15;-13;-15;-14;-16;-16;-4;-4;0;0;0;0;0;0;0;0;0;0;0;0;0;0;0;0;0;0;5;-3;21;-11;24;-8;25;-5;25;-1;23;2;20;4;16;4;12;2;9;-1;7;-5;7;-10;8;-15;11;-19;15;-21;19;-22;22;-21;24;-20;25;-18;24;-16;22;-15;19;-14;16;-15;12;-16;9;-19;7;-22;6;-25;-108;0;-6;-5;-6;-6;-6;-6;-5;-5;-3;-4;-2;-4;1;-3;2;-4;3;-4;4;-5;4;-4;4;-3;4;-2;5;-1;7;-1;7;-1;8;-2;7;-2;7;-1;6;0;6;1;7;2;7;2;8;2;8;1;7;1;6;1;6;2;2;1;0;0;-1;-1;0;-2;0;-1;-1;1;-4;6;-11;18;-12;17;-13;17;-14;16;-15;15;-16;14;-17;12;-19;11;-20;11;-21;10;-21;10;-21;9;-20;8;-20;6;-20;4;-21;2;-21;2;-21;2;-19;2;-18;1;-16;0;-15;-1;-15;-3;-15;-4;-15;-3;-14;-3;-13;-2;-11;-2;-108;0;24;-49;23;-48;22;-48;21;-47;20;-46;19;-45;17;-44;16;-43;15;-42;13;-41;12;-41;11;-40;10;-41;9;-41;9;-41;10;-41;10;-40;10;-40;10;-39;11;-39;11;-38;12;-37;12;-36;12;-35;13;-35;15;-34;17;-33;19;-32;7;-12;2;-4;-1;1;-1;1;-1;0;1;-3;3;-9;11;-24;11;-24;12;-25;13;-25;14;-26;16;-27;17;-28;18;-28;19;-29;20;-30;20;-30;21;-31;22;-32;23;-32;24;-32;24;-33;24;-33;24;-34;24;-36;24;-37;24;-39;25;-40;25;-42;25;-43;25;-44;25;-46;24;-48;25;-50,stable,EXP_S143,ZONE_02,entree_zone,4.1,entree_zone,entree dans la zone
666853034,-53,6,a0:9f:7a:73:2b:3e,384,-110;-96;8;0;-24;19;-24;19;-23;18;-21;17;-19;17;-16;17;-13;18;-11;18;-9;20;-8;21;-8;23;-8;23;-9;23;-9;22;-9;21;-8;20;-7;18;-6;17;-4;16;-2;16;0;17;1;17;2;19;2;20;1;21;0;5;0;0;0;0;0;0;0;0;0;0;0;0;0;0;0;0;0;0;-6;-1;-25;-4;-25;-7;-24;-11;-22;-14;-19;-16;-15;-16;-11;-14;-9;-10;-9;-5;-10;-1;-12;3;-16;7;-21;8;-25;8;-29;6;-31;4;-32;1;-31;-1;-30;-2;-28;-2;-25;-1;-22;2;-20;5;-20;9;-20;12;-20;15;-109;0;3;6;3;6;2;6;2;5;1;4;-1;3;-2;2;-4;2;-5;2;-5;2;-5;1;-5;1;-5;0;-6;-2;-7;-2;-8;-2;-9;-2;-8;-2;-8;-3;-7;-3;-7;-4;-7;-5;-7;-5;-8;-5;-8;-5;-7;-5;-6;-5;-6;-6;-2;-2;-1;-1;0;0;-1;0;-1;0;1;-2;5;-6;15;-14;16;-14;17;-13;18;-12;18;-11;19;-9;20;-8;21;-6;21;-5;22;-5;22;-4;21;-3;21;-1;20;0;19;2;19;3;19;3;18;3;17;3;16;3;15;4;14;5;13;6;12;6;12;6;11;6;10;5;9;4;-109;0;-40;37;-39;36;-38;36;-37;36;-35;36;-33;35;-31;35;-30;35;-29;35;-27;34;-26;34;-25;34;-25;34;-24;35;-24;35;-24;34;-24;34;-24;33;-24;32;-24;32;-24;31;-24;30;-24;29;-25;27;-26;26;-27;25;-28;23;-30;22;-11;8;-4;2;0;-1;1;-2;0;-1;-2;2;-7;6;-19;18;-19;18;-20;18;-22;19;-23;19;-24;20;-26;20;-27;20;-28;21;-29;21;-30;21;-31;22;-33;22;-34;22;-34;22;-35;22;-35;22;-35;23;-36;25;-36;27;-37;28;-38;30;-39;31;-39;32;-40;34;-40;35;-40;36;-41;37,stable,EXP_S143,ZONE_02,entree_zone,4.1,entree_zone,entree dans la zone
667057496,-53,6,a0:9f:7a:73:2b:3e,384,-110;-96;8;0;-23;-23;-22;-22;-21;-22;-20;-20;-19;-17;-19;-15;-20;-12;-21;-10;-22;-8;-23;-7;-24;-7;-25;-7;-25;-7;-24;-8;-23;-7;-21;-7;-20;-6;-19;-5;-18;-3;-18;-1;-18;1;-19;2;-20;3;-21;3;-22;2;-6;0;0;0;0;0;0;0;0;0;0;0;0;0;0;0;0;0;0;0;-1;-6;0;-25;3;-26;7;-26;11;-24;13;-20;13;-17;11;-13;8;-11;4;-9;-1;-10;-6;-12;-9;-16;-11;-20;-11;-25;-10;-28;-8;-31;-5;-32;-3;-32;-2;-30;-2;-28;-3;-25;-5;-23;-8;-21;-12;-19;-15;-19;-18;-19;-115;0;-7;3;-7;3;-7;3;-6;2;-5;1;-3;-1;-3;-3;-3;-4;-3;-5;-3;-5;-3;-5;-2;-5;-1;-5;0;-6;1;-7;1;-8;1;-9;1;-8;1;-7;2;-6;3;-6;3;-7;4;-8;4;-8;4;-8;4;-8;3;-7;3;-6;1;-2;0;-1;-1;0;-1;-1;-1;-1;1;1;5;5;14;14;14;16;13;17;12;18;10;18;8;18;7;19;5;20;4;21;4;22;3;22;3;21;2;20;0;19;-2;19;-3;19;-4;19;-4;18;-4;17;-4;16;-5;14;-6;13;-7;12;-7;12;-7;12;-7;11;-6;11;-5;10;-115;0;-39;-41;-39;-40;-39;-38;-38;-37;-38;-35;-38;-34;-37;-32;-37;-30;-36;-28;-36;-27;-36;-25;-37;-24;-37;-24;-37;-24;-37;-23;-37;-23;-36;-24;-36;-24;-35;-25;-34;-25;-33;-25;-31;-25;-31;-25;-30;-25;-29;-25;-27;-27;-26;-28;-25;-29;-9;-11;-3;-4;0;0;1;1;0;0;-3;-2;-8;-7;-20;-19;-20;-20;-20;-20;-21;-21;-21;-23;-21;-24;-22;-26;-22;-28;-22;-29;-23;-30;-23;-31;-24;-32;-24;-33;-24;-34;-24;-35;-24;-35;-24;-35;-26;-35;-27;-35;-29;-36;-30;-37;-32;-38;-33;-38;-34;-39;-36;-39;-37;-39;-39;-40;-40;-41,stable,EXP_S143,ZONE_02,entree_zone,4.1,entree_zone,entree dans la zone
667252739,-53,6,a0:9f:7a:73:2b:3e,384,-110;-96;8;0;-10;-29;-10;-29;-9;-28;-9;-26;-10;-23;-11;-21;-13;-19;-15;-17;-17;-16;-18;-16;-20;-15;-20;-16;-20;-16;-19;-16;-18;-16;-17;-14;-16;-13;-15;-11;-15;-9;-16;-7;-17;-5;-18;-4;-20;-4;-21;-4;-22;-5;-6;-2;0;0;0;0;0;0;0;0;0;0;0;0;0;0;0;0;0;0;3;-6;13;-21;17;-19;20;-17;22;-13;22;-9;20;-6;16;-4;12;-4;7;-5;3;-8;0;-13;-1;-18;0;-23;2;-26;5;-29;8;-30;11;-30;12;-29;13;-27;12;-25;10;-23;7;-21;3;-21;-1;-21;-5;-23;-7;-25;-115;0;-8;0;-8;-1;-8;-1;-6;-1;-5;-2;-3;-2;-2;-3;-1;-4;0;-5;1;-6;1;-6;2;-6;3;-5;4;-5;5;-6;5;-6;5;-6;5;-6;5;-6;6;-5;7;-4;7;-4;8;-4;8;-4;7;-4;7;-3;7;-3;6;-2;2;-1;0;0;-1;0;-1;-2;-1;-1;0;2;1;7;4;21;3;21;1;22;-1;22;-2;22;-4;21;-6;21;-7;21;-9;21;-10;21;-10;21;-11;20;-11;19;-12;18;-13;17;-14;16;-14;15;-14;14;-14;13;-13;12;-13;10;-13;9;-13;7;-14;7;-13;6;-12;6;-11;5;-11;5;-115;0;-10;-54;-11;-53;-11;-52;-12;-51;-12;-49;-12;-48;-13;-46;-14;-45;-14;-43;-15;-41;-15;-40;-16;-40;-17;-40;-18;-39;-18;-39;-18;-39;-17;-38;-17;-38;-16;-38;-15;-38;-14;-38;-13;-37;-12;-37;-11;-36;-10;-37;-8;-37;-6;-37;-5;-37;-2;-14;-1;-4;0;1;0;1;0;0;-1;-3;-3;-10;-7;-27;-6;-27;-6;-28;-5;-29;-5;-30;-4;-31;-4;-32;-3;-34;-3;-35;-2;-36;-2;-37;-2;-38;-2;-39;-1;-40;-1;-41;-1;-41;-1;-42;-1;-42;-2;-43;-3;-45;-4;-46;-5;-48;-6;-49;-7;-49;-7;-50;-8;-52;-9;-54;-10;-56,stable,EXP_S143,ZONE_02,entree_zone,4.1,entree_zone,entree dans la zone
667456611,-53,6,a0:9f:7a:73:2b:3e,384,-110;-96;8;0;-5;29;-6;29;-5;27;-4;26;-3;24;-1;22;2;21;4;20;6;20;7;21;8;21;9;22;9;22;8;22;8;21;7;19;7;17;7;15;8;13;10;12;11;11;13;11;14;12;15;13;15;14;3;3;0;0;0;0;0;0;0;0;0;0;0;0;0;0;0;0;0;0;-5;3;-21;12;-23;9;-25;5;-26;2;-24;-2;-21;-4;-17;-4;-13;-3;-9;0;-7;5;-7;9;-8;14;-11;18;-14;21;-18;22;-21;22;-23;20;-24;19;-24;17;-22;15;-19;14;-16;14;-12;16;-9;18;-7;21;-5;24;-102;0;6;2;6;3;5;3;4;3;3;2;1;2;-1;2;-2;3;-3;3;-4;3;-3;3;-4;2;-5;2;-6;1;-7;1;-8;2;-8;2;-8;1;-8;1;-8;0;-8;-1;-8;-2;-9;-2;-9;-2;-9;-2;-8;-2;-8;-2;-7;-3;-3;-1;-1;-1;0;0;-1;1;-1;0;0;-3;1;-8;5;-21;7;-21;8;-20;9;-20;10;-19;11;-18;13;-17;14;-16;16;-16;17;-15;17;-15;17;-14;17;-12;17;-11;17;-9;17;-8;18;-8;17;-7;17;-7;16;-6;15;-5;14;-3;14;-2;14;-1;13;-1;13;-1;11;-1;10;-1;-102;0;-16;50;-16;50;-15;49;-14;48;-12;47;-11;46;-10;45;-9;44;-7;43;-6;42;-5;41;-4;41;-3;41;-3;41;-3;40;-3;40;-4;40;-4;40;-5;39;-5;39;-6;38;-6;37;-7;36;-7;35;-8;35;-10;34;-12;34;-13;33;-5;12;-2;3;0;-2;0;-2;0;-1;-1;2;-2;9;-6;25;-7;25;-8;25;-9;26;-10;27;-11;28;-12;29;-13;30;-14;30;-15;31;-15;32;-16;33;-17;34;-18;35;-18;35;-19;35;-18;36;-18;37;-18;38;-18;40;-18;41;-18;43;-18;44;-18;45;-17;47;-16;49;-16;50;-16;51,stable,EXP_S143,ZONE_02,entree_zone,4.1,entree_zone,entree dans la zone
667652310,-53,6,a0:9f:7a:73:2b:3e,384,-110;-96;8;0;-11;-30;-10;-30;-9;-29;-9;-26;-10;-24;-11;-21;-13;-19;-15;-18;-17;-17;-18;-16;-19;-17;-20;-17;-20;-17;-19;-17;-18;-17;-17;-15;-16;-14;-15;-12;-15;-10;-16;-8;-17;-7;-18;-6;-19;-6;-21;-6;-21;-7;-6;-2;0;0;0;0;0;0;0;0;0;0;0;0;0;0;0;0;0;0;2;-6;12;-22;15;-21;19;-19;20;-15;21;-11;19;-8;16;-6;12;-5;7;-6;3;-9;0;-13;-1;-18;0;-23;2;-27;4;-29;7;-31;10;-31;12;-29;12;-27;11;-25;9;-23;6;-22;2;-21;-2;-22;-5;-23;-8;-25;-105;0;-8;0;-8;0;-8;0;-7;0;-5;-1;-4;-1;-2;-3;-1;-4;-1;-6;-1;-6;-1;-6;0;-5;1;-5;3;-5;4;-6;4;-7;4;-7;4;-7;4;-6;4;-6;5;-5;6;-5;7;-5;7;-5;6;-5;6;-5;5;-4;5;-3;1;-1;0;-1;-1;0;-1;-2;-1;-1;0;2;2;7;6;20;5;21;4;21;3;21;1;21;0;21;-2;21;-4;21;-5;22;-6;22;-7;22;-7;21;-8;19;-9;18;-11;17;-12;16;-12;16;-12;15;-11;15;-11;13;-11;11;-11;10;-12;9;-12;8;-12;8;-11;8;-10;7;-9;6;-105;0;-19;-53;-19;-52;-19;-51;-19;-49;-20;-48;-20;-46;-20;-44;-20;-42;-21;-41;-22;-40;-22;-38;-23;-37;-24;-36;-24;-36;-23;-36;-23;-36;-23;-36;-22;-37;-22;-37;-21;-36;-19;-36;-19;-36;-18;-35;-17;-34;-16;-35;-14;-35;-12;-36;-10;-37;-3;-14;-1;-5;0;1;0;1;0;0;-2;-3;-4;-9;-11;-25;-10;-26;-10;-26;-9;-28;-9;-29;-9;-31;-9;-32;-8;-34;-8;-35;-8;-36;-8;-37;-8;-39;-8;-40;-8;-40;-7;-41;-7;-41;-7;-42;-8;-42;-9;-43;-11;-45;-12;-46;-13;-47;-14;-48;-15;-49;-16;-50;-18;-51;-19;-52;-19;-53,stable,EXP_S143,ZONE_02,entree_zone,4.1,entree_zone,entree dans la zone
667852973,-53,6,a0:9f:7a:73:2b:3e,384,-110;-96;8;0;28;-13;27;-12;26;-12;24;-12;22;-12;19;-13;17;-14;15;-16;14;-17;14;-19;14;-20;14;-21;14;-21;14;-20;14;-19;13;-18;12;-17;10;-16;8;-16;6;-16;4;-17;3;-18;3;-19;4;-21;5;-21;1;-6;0;0;0;0;0;0;0;0;0;0;0;0;0;0;0;0;0;0;5;2;22;9;21;12;19;16;16;18;13;19;9;18;6;15;5;11;6;6;8;2;12;-1;17;-3;22;-3;26;-2;29;1;30;4;30;6;29;8;27;9;25;8;23;7;21;3;20;0;21;-4;22;-7;24;-10;-107;0;0;-8;0;-8;0;-8;0;-7;1;-5;1;-4;2;-2;3;-1;4;-1;5;0;5;0;4;1;4;2;3;4;4;4;4;5;5;5;5;5;4;5;3;5;2;6;2;7;2;7;2;7;2;7;2;7;2;7;1;6;0;2;-1;0;-1;-1;1;-1;0;-1;-2;0;-7;2;-20;7;-20;6;-21;5;-22;4;-22;2;-22;0;-22;-2;-22;-3;-23;-5;-23;-6;-23;-7;-22;-7;-21;-8;-20;-9;-18;-11;-18;-12;-17;-13;-16;-13;-15;-12;-14;-12;-12;-11;-11;-12;-9;-13;-9;-13;-8;-13;-8;-12;-7;-11;-6;-10;-107;0;53;-13;52;-14;51;-14;50;-14;48;-14;47;-15;45;-15;44;-15;42;-15;41;-15;40;-15;39;-16;39;-16;38;-17;38;-17;38;-16;38;-16;38;-15;38;-14;38;-13;37;-12;37;-11;36;-10;36;-8;36;-7;36;-5;36;-2;36;0;13;0;4;0;-2;0;-2;0;-1;0;2;-2;8;-5;23;-12;24;-11;25;-11;26;-11;27;-10;29;-10;30;-10;32;-9;33;-9;34;-9;35;-9;36;-9;38;-8;39;-7;40;-7;40;-6;40;-7;41;-8;42;-8;43;-9;45;-10;46;-10;47;-11;48;-12;50;-12;51;-13;52;-14;53;-14,stable,EXP_S143,ZONE_02,entree_zone,4.1,entree_zone,entree dans la zone
668054168,-53,6,a0:9f:7a:73:2b:3e,384,-110;-96;8;0;30;-1;29;0;28;0;26;-1;24;-2;22;-4;21;-6;20;-8;19;-11;19;-12;20;-13;20;-14;20;-13;20;-13;19;-12;18;-11;16;-11;14;-11;12;-12;11;-13;10;-14;9;-16;9;-17;10;-18;11;-18;2;-5;0;0;0;0;0;0;0;0;0;0;0;0;0;0;0;0;0;0;4;4;15;18;12;21;9;23;5;24;2;23;-1;20;-2;16;-1;12;2;8;6;5;11;4;16;5;20;7;23;10;25;14;25;17;24;19;22;20;20;20;19;18;17;16;17;12;18;9;20;5;22;2;25;0;-109;0;3;-8;2;-7;2;-7;2;-6;2;-4;2;-3;2;-1;3;0;4;1;5;1;4;1;3;2;2;3;2;4;2;5;3;6;3;6;3;6;3;6;2;6;1;6;0;7;0;8;1;8;1;7;1;7;1;6;0;6;-1;2;-1;0;-1;-1;1;0;0;0;-3;-1;-8;-2;-21;-5;-21;-6;-21;-7;-21;-8;-20;-9;-19;-10;-19;-12;-18;-13;-18;-15;-18;-16;-17;-16;-16;-16;-14;-16;-13;-17;-11;-18;-10;-18;-10;-19;-10;-18;-9;-17;-8;-15;-7;-15;-6;-14;-5;-15;-4;-15;-4;-15;-3;-14;-3;-13;-3;-11;-109;0;53;5;52;4;52;3;50;2;49;1;48;0;47;-2;45;-2;44;-3;43;-4;42;-5;41;-5;41;-6;41;-7;40;-7;40;-7;40;-7;39;-7;39;-7;39;-6;38;-5;38;-4;37;-3;36;-2;36;-1;36;1;35;2;35;4;12;1;3;0;-2;0;-2;-1;-1;-1;2;0;9;0;25;2;26;3;26;4;27;4;28;5;29;6;31;7;32;7;32;8;33;8;34;9;35;9;36;10;37;11;38;12;38;12;38;11;39;11;41;10;42;9;44;9;46;8;47;8;49;7;50;7;51;6;53;6;54;5,stable,EXP_S143,ZONE_02,entree_zone,4.1,entree_zone,entree dans la zone
668252420,-53,6,a0:9f:7a:73:2b:3e,384,-110;-96;8;0;30;-9;29;-8;28;-8;26;-8;24;-8;21;-10;19;-11;18;-13;17;-15;17;-17;17;-18;18;-18;18;-18;18;-17;17;-16;16;-15;15;-14;13;-14;11;-15;9;-15;7;-16;7;-17;7;-19;8;-20;9;-20;2;-5;0;0;0;0;0;0;0;0;0;0;0;0;0;0;0;0;0;0;5;2;21;12;20;15;17;18;14;20;10;20;7;19;5;15;4;11;6;7;9;3;13;0;17;-1;22;0;26;2;28;5;29;8;29;11;28;12;26;13;24;12;22;10;21;6;21;3;21;-1;23;-4;25;-6;-113;0;0;-8;1;-8;1;-7;1;-6;1;-5;2;-3;3;-2;3;-1;4;0;5;0;4;1;4;2;3;2;3;4;3;5;4;5;4;6;4;5;4;6;3;6;2;6;2;7;2;7;2;7;2;7;2;7;1;7;0;7;0;2;-1;0;-1;-1;1;-1;0;-1;-3;0;-8;1;-21;3;-21;2;-22;1;-22;0;-22;-2;-22;-3;-22;-5;-22;-7;-22;-8;-22;-10;-21;-11;-20;-11;-19;-12;-18;-12;-16;-13;-16;-14;-15;-15;-14;-14;-13;-14;-12;-13;-10;-13;-9;-13;-8;-14;-7;-14;-7;-13;-6;-12;-5;-11;-5;-10;-113;0;55;-9;54;-9;53;-10;52;-10;50;-11;49;-11;47;-11;45;-12;43;-12;42;-12;41;-13;40;-13;40;-14;40;-14;40;-14;40;-14;40;-14;40;-13;40;-13;39;-12;39;-10;38;-9;37;-8;37;-7;37;-6;37;-4;37;-2;37;0;13;0;3;0;-2;0;-2;0;-1;0;2;-2;9;-3;25;-8;26;-8;27;-7;28;-6;29;-6;30;-5;32;-5;33;-5;34;-4;35;-4;37;-4;38;-3;39;-2;40;-2;41;-1;41;-1;42;-2;43;-2;44;-3;45;-4;47;-4;48;-5;50;-6;51;-6;52;-7;53;-8;54;-8;55;-9,stable,EXP_S143,ZONE_02,entree_zone,4.1,entree_zone,entree dans la zone
668456073,-53,6,a0:9f:7a:73:2b:3e,384,-110;-96;8;0;-32;7;-32;7;-31;6;-28;7;-26;7;-23;9;-21;11;-19;13;-18;15;-18;16;-18;17;-19;18;-19;18;-19;18;-18;17;-17;15;-15;14;-13;14;-11;14;-9;15;-7;16;-6;17;-7;19;-7;20;-8;21;-2;5;0;0;0;0;0;0;0;0;0;0;0;0;0;0;0;0;0;0;-6;-4;-20;-18;-18;-21;-15;-24;-11;-25;-7;-24;-4;-22;-2;-18;-2;-13;-5;-8;-8;-4;-13;-2;-19;-2;-24;-4;-28;-6;-30;-10;-31;-13;-31;-16;-29;-17;-26;-18;-24;-16;-22;-13;-21;-9;-21;-5;-22;-2;-24;2;-27;5;-116;0;1;8;0;8;0;8;-1;7;-1;5;-2;3;-4;2;-5;1;-6;0;-6;0;-6;0;-5;-1;-5;-2;-5;-4;-6;-5;-7;-6;-7;-6;-7;-6;-6;-5;-6;-6;-5;-7;-4;-8;-4;-9;-5;-9;-5;-9;-4;-8;-4;-7;-3;-7;-1;-3;-1;-1;0;0;-2;0;-1;0;2;-2;8;-3;22;-8;22;-7;23;-6;23;-4;23;-3;23;-1;23;1;24;3;24;4;24;5;24;6;23;7;21;8;20;9;19;11;18;12;18;12;17;12;16;12;15;11;13;11;11;12;10;12;9;13;9;13;8;12;8;11;7;9;-116;0;-55;18;-54;18;-53;18;-51;18;-50;19;-48;19;-47;19;-45;20;-43;20;-42;21;-41;21;-40;22;-39;22;-39;21;-39;21;-39;21;-39;21;-39;20;-39;19;-39;18;-38;17;-38;16;-37;15;-37;14;-37;12;-37;10;-38;8;-38;6;-14;2;-5;0;1;-1;1;-1;0;-1;-3;1;-9;4;-25;11;-25;11;-26;10;-27;10;-29;10;-31;10;-33;9;-34;9;-35;9;-37;9;-38;9;-39;9;-41;9;-41;8;-42;8;-42;8;-42;8;-43;9;-44;10;-45;11;-47;12;-49;13;-50;14;-51;15;-52;17;-53;18;-54;19;-54;20,stable,EXP_S143,ZONE_02,entree_zone,4.1,entree_zone,entree dans la zone
668652508,-53,6,a0:9f:7a:73:2b:3e,384,-110;-96;8;0;30;7;30;7;28;7;26;5;25;4;23;1;22;-1;22;-3;22;-5;22;-7;23;-8;23;-9;24;-8;23;-8;22;-7;21;-6;19;-7;17;-7;15;-8;14;-10;13;-11;13;-12;14;-14;15;-14;16;-14;4;-4;0;0;0;0;0;0;0;0;0;0;0;0;0;0;0;0;0;0;3;5;11;21;8;23;4;25;0;25;-3;23;-5;19;-5;15;-3;11;0;8;5;6;10;6;15;8;19;11;22;15;22;19;21;22;20;24;18;25;16;24;14;22;14;19;14;16;16;12;18;9;22;7;25;6;-108;0;5;-7;5;-6;5;-5;4;-4;4;-2;3;-1;3;0;2;2;2;2;2;3;2;3;1;4;1;4;0;5;-1;6;-1;6;-1;6;-2;6;-2;6;-3;6;-3;6;-4;6;-4;6;-4;6;-4;6;-5;6;-5;5;-5;5;-2;1;-1;0;0;-1;1;0;0;0;-3;-1;-7;-4;-19;-10;-19;-12;-18;-13;-17;-15;-16;-16;-15;-18;-14;-19;-13;-20;-12;-21;-11;-22;-10;-22;-8;-22;-7;-22;-6;-22;-4;-22;-3;-21;-2;-21;-2;-20;-1;-20;0;-19;1;-18;2;-17;3;-16;3;-15;4;-14;4;-13;4;-12;4;-11;-108;0;45;31;45;30;44;29;43;27;43;26;42;25;42;24;41;23;40;22;39;21;39;20;39;19;38;18;38;18;38;18;38;18;37;18;37;19;36;19;35;19;34;19;33;20;32;20;31;21;29;22;28;23;26;25;25;26;8;9;2;3;-1;-1;-2;-1;-1;-1;2;0;8;3;24;10;24;11;24;12;24;14;24;15;25;16;26;17;27;18;28;19;28;20;29;21;30;23;30;24;31;25;31;26;31;26;32;27;32;27;34;27;35;27;37;28;39;28;40;28;41;28;43;29;44;29;45;30;47;30,stable,EXP_S143,ZONE_02,entree_zone,4.1,entree_zone,entree dans la zone
668855064,-53,6,a0:9f:7a:73:2b:3e,384,-110;-96;8;0;27;6;27;6;26;6;24;5;22;4;21;2;20;0;20;-2;20;-4;20;-6;21;-6;21;-6;21;-6;21;-5;20;-5;19;-5;17;-5;16;-5;14;-6;13;-8;13;-9;13;-10;14;-11;15;-11;16;-11;4;-3;0;0;0;0;0;0;0;0;0;0;0;0;0;0;0;0;0;0;3;4;11;18;9;20;6;22;3;22;-1;20;-2;18;-3;14;-2;11;1;8;5;6;9;6;14;7;17;9;19;12;20;16;20;19;18;21;17;22;15;21;14;20;13;17;14;14;15;11;17;9;20;7;22;6;-105;0;3;-6;3;-6;3;-6;3;-5;2;-4;2;-2;2;0;2;1;3;2;4;2;3;2;2;3;2;3;1;4;1;5;1;5;1;6;1;5;0;5;-1;5;-1;5;-2;6;-2;6;-2;6;-2;6;-2;6;-2;5;-3;5;-1;2;-1;0;0;-1;1;0;0;0;-2;-1;-7;-2;-19;-4;-19;-5;-19;-7;-18;-8;-18;-9;-17;-10;-17;-12;-16;-13;-15;-14;-15;-16;-14;-16;-13;-16;-12;-16;-10;-16;-9;-17;-7;-17;-7;-17;-6;-17;-6;-16;-5;-15;-4;-15;-3;-14;-1;-14;-1;-14;0;-13;0;-12;0;-11;0;-10;-105;0;47;14;47;14;46;13;45;13;44;12;43;11;42;10;41;9;40;8;39;8;38;7;38;7;38;6;38;6;37;6;37;6;37;6;36;7;36;7;35;8;35;9;33;9;32;10;32;11;31;12;30;14;29;15;28;17;10;6;2;2;-2;-1;-2;-1;-1;-1;2;0;8;0;23;2;23;3;24;4;25;5;25;5;26;6;27;7;28;8;29;9;30;9;31;10;32;11;32;12;33;13;33;14;34;14;34;14;35;14;36;14;37;14;39;14;41;14;42;14;43;14;45;14;46;14;47;14;48;15,stable,EXP_S143,ZONE_02,entree_zone,4.1,entree_zone,entree dans la zone
669056008,-53,6,a0:9f:7a:73:2b:3e,384,-110;-96;8;0;13;28;13;28;12;27;12;25;12;22;12;20;14;17;16;16;17;14;19;14;20;14;20;14;20;15;19;15;18;14;17;14;16;12;15;10;15;8;15;6;16;5;17;4;18;4;19;4;20;5;5;1;0;0;0;0;0;0;0;0;0;0;0;0;0;0;0;0;0;0;-2;5;-8;23;-11;22;-15;20;-18;18;-19;14;-18;11;-15;8;-11;7;-6;7;-2;9;1;13;3;17;3;22;2;26;0;29;-3;31;-6;31;-8;30;-9;28;-8;26;-6;24;-3;22;1;21;4;21;8;22;11;24;-108;0;7;-2;7;-1;6;-1;5;0;4;1;3;1;2;2;1;3;0;4;0;4;0;4;-1;4;-2;4;-3;4;-4;5;-5;5;-5;5;-5;5;-6;5;-6;4;-6;4;-7;3;-8;3;-8;4;-8;3;-8;3;-7;2;-7;2;-3;0;-1;0;0;-1;0;1;0;0;-2;-3;-3;-8;-8;-20;-8;-20;-6;-21;-5;-21;-3;-21;-2;-21;0;-22;1;-22;3;-22;3;-23;4;-22;5;-21;6;-20;7;-19;9;-18;9;-18;10;-17;10;-16;10;-16;10;-14;10;-13;10;-12;10;-11;11;-10;11;-10;10;-9;9;-8;9;-7;-108;0;19;51;19;51;19;50;19;49;20;47;20;45;20;44;21;42;21;41;21;40;21;39;21;38;21;37;21;36;21;36;21;37;20;37;20;36;19;36;18;36;17;36;16;35;15;35;14;35;12;35;10;35;8;35;6;35;2;13;0;4;-1;-2;-1;-2;-1;-1;1;2;4;8;13;22;12;23;11;24;11;26;11;27;11;29;11;30;11;32;10;33;11;34;10;36;10;37;10;38;10;39;10;40;10;40;10;41;11;41;11;42;13;43;14;45;15;46;15;47;16;49;17;50;19;51;19;51;20;52,stable,EXP_S143,ZONE_02,entree_zone,4.1,entree_zone,entree dans la zone
669252469,-53,6,a0:9f:7a:73:2b:3e,384,-110;-96;8;0;-32;7;-32;6;-30;6;-28;6;-26;6;-23;8;-21;10;-20;12;-19;14;-19;15;-19;17;-19;17;-20;17;-20;16;-19;15;-18;14;-17;13;-15;13;-13;13;-11;14;-9;15;-9;16;-9;17;-10;18;-11;19;-3;4;0;0;0;0;0;0;0;0;0;0;0;0;0;0;0;0;0;0;-6;-4;-21;-14;-20;-17;-17;-21;-14;-22;-10;-22;-7;-20;-5;-17;-5;-13;-6;-8;-10;-5;-14;-2;-19;-2;-24;-3;-28;-5;-30;-8;-31;-11;-30;-13;-29;-15;-27;-15;-25;-14;-23;-12;-22;-9;-22;-5;-23;-1;-25;2;-26;4;-114;0;0;7;-1;7;-1;7;-1;6;-1;5;-2;2;-3;1;-5;0;-6;0;-6;0;-5;1;-5;0;-4;-2;-5;-3;-6;-5;-7;-5;-7;-5;-7;-5;-7;-4;-6;-5;-5;-6;-4;-7;-5;-8;-6;-8;-6;-8;-5;-7;-4;-6;-3;-5;-1;-2;-1;-1;0;0;-2;0;-1;0;2;-1;7;-2;20;-4;21;-3;21;-3;21;-1;20;0;20;1;20;3;20;5;21;7;21;7;21;8;20;8;18;8;16;9;15;11;15;12;15;12;15;12;14;11;12;10;11;10;9;11;8;12;8;13;8;12;8;11;7;9;6;8;-114;0;-54;18;-53;18;-52;18;-51;18;-49;19;-47;20;-46;20;-44;21;-42;22;-41;22;-39;23;-38;24;-38;24;-37;24;-37;24;-37;23;-37;23;-37;23;-36;22;-36;21;-36;20;-35;19;-35;18;-34;17;-34;16;-35;15;-35;13;-36;11;-13;4;-5;0;1;-1;1;-1;0;-1;-3;0;-10;2;-26;6;-27;6;-27;6;-29;6;-30;6;-32;6;-34;6;-35;5;-36;5;-37;5;-38;5;-40;6;-41;6;-42;5;-43;5;-43;4;-43;5;-43;6;-44;7;-46;9;-48;10;-49;11;-50;12;-51;13;-52;14;-53;16;-54;17;-55;19,stable,EXP_S143,ZONE_02,entree_zone,4.1,entree_zone,entree dans la zone
669453994,-53,6,a0:9f:7a:73:2b:3e,384,-110;-96;8;0;30;12;29;13;28;12;26;11;25;9;24;6;23;4;23;1;23;-1;24;-2;25;-3;26;-3;26;-3;25;-2;24;-1;23;-1;21;-1;19;-3;18;-4;17;-5;17;-7;17;-8;17;-9;19;-10;20;-10;5;-3;0;0;0;0;0;0;0;0;0;0;0;0;0;0;0;0;0;0;2;5;11;22;8;24;4;26;0;25;-3;23;-5;20;-5;16;-3;12;1;9;5;8;10;8;15;10;18;14;20;18;21;22;20;25;18;27;16;28;14;27;13;25;13;22;14;19;16;15;18;13;22;11;25;10;-107;0;5;-5;5;-5;5;-5;4;-4;4;-3;3;-1;3;1;3;2;3;3;3;3;2;3;1;4;1;4;0;5;0;6;0;7;0;7;0;7;-1;6;-2;6;-3;6;-4;6;-4;6;-4;6;-4;6;-4;6;-4;6;-5;6;-2;2;-1;0;0;-1;1;0;0;0;-3;-1;-7;-4;-19;-11;-18;-12;-18;-14;-17;-15;-16;-16;-15;-17;-13;-18;-12;-20;-11;-21;-11;-22;-10;-22;-8;-21;-7;-21;-5;-21;-4;-21;-3;-21;-2;-20;-1;-20;-1;-19;0;-18;1;-17;2;-16;3;-15;4;-15;4;-14;4;-13;3;-12;3;-11;-107;0;48;32;48;31;47;30;46;29;46;27;45;26;44;25;43;23;42;22;42;21;41;20;40;19;40;18;40;18;40;18;40;18;40;18;39;19;38;19;37;20;36;20;35;20;33;21;32;21;31;22;29;24;28;25;26;27;9;10;2;3;-2;-1;-2;-1;-1;-1;2;1;9;3;25;11;25;12;25;13;25;15;26;16;27;17;28;18;28;20;29;21;30;22;31;23;31;24;32;25;32;26;33;27;33;27;33;28;34;28;36;29;38;29;39;29;41;30;43;30;44;31;45;31;47;31;48;31;49;32,stable,EXP_S143,ZONE_02,entree_zone,4.1,entree_zone,entree dans la zone
669652529,-53,6,a0:9f:7a:73:2b:3e,384,-110;-96;8;0;-9;-31;-8;-31;-8;-30;-8;-28;-8;-25;-10;-23;-12;-21;-13;-20;-15;-19;-17;-19;-18;-19;-18;-19;-18;-20;-17;-19;-16;-19;-15;-18;-14;-16;-14;-14;-14;-12;-15;-10;-16;-9;-18;-9;-19;-9;-20;-10;-20;-10;-5;-3;0;0;0;0;0;0;0;0;0;0;0;0;0;0;0;0;0;0;2;-6;12;-22;15;-21;18;-19;21;-15;21;-11;19;-8;16;-6;11;-6;7;-7;3;-9;1;-14;0;-19;0;-23;2;-27;5;-30;8;-31;11;-31;13;-30;13;-28;12;-25;10;-24;7;-22;3;-22;-1;-23;-4;-24;-6;-27;-112;0;-8;-1;-8;-2;-8;-1;-8;-1;-6;-1;-3;-1;-1;-3;0;-4;0;-6;0;-6;0;-6;1;-5;2;-4;4;-4;5;-5;6;-6;5;-6;5;-6;4;-6;4;-4;5;-3;7;-3;7;-3;8;-4;7;-4;7;-4;6;-3;5;-2;2;-1;0;0;-1;0;-1;-2;-1;-1;0;1;2;7;5;19;4;20;3;21;2;21;0;21;-2;21;-4;20;-6;21;-7;21;-8;22;-8;22;-9;21;-9;19;-10;18;-12;16;-13;16;-14;15;-14;15;-13;14;-12;12;-11;10;-12;8;-13;7;-14;7;-14;7;-13;7;-11;7;-9;6;-112;0;-13;-57;-14;-56;-14;-54;-15;-53;-15;-51;-15;-50;-15;-48;-16;-46;-16;-45;-16;-43;-17;-42;-18;-41;-18;-41;-18;-41;-18;-41;-18;-41;-17;-41;-17;-41;-16;-41;-14;-41;-13;-40;-12;-39;-11;-39;-10;-38;-9;-38;-7;-38;-4;-38;-3;-38;-1;-14;0;-5;0;1;0;1;0;0;-2;-3;-4;-9;-10;-26;-10;-26;-10;-27;-9;-28;-9;-30;-9;-32;-8;-33;-8;-35;-7;-36;-7;-37;-7;-38;-7;-39;-6;-40;-6;-42;-5;-42;-5;-43;-5;-43;-6;-44;-7;-45;-8;-47;-9;-48;-9;-50;-10;-51;-11;-52;-12;-53;-13;-54;-14;-56;-14;-57,stable,EXP_S143,ZONE_02,entree_zone,4.1,entree_zone,entree dans la zone
669852819,-52,6,a0:9f:7a:73:2b:3e,384,-110;-96;8;0;28;8;28;8;27;8;25;7;23;5;22;3;21;1;21;-2;21;-4;22;-6;22;-7;22;-7;22;-6;22;-6;22;-5;20;-5;18;-5;17;-6;15;-7;14;-8;13;-10;13;-12;14;-13;15;-13;16;-13;4;-4;0;0;0;0;0;0;0;0;0;0;0;0;0;0;0;0;0;0;2;5;9;21;6;23;2;24;-2;24;-4;22;-6;19;-6;15;-4;11;0;8;4;7;9;7;14;9;17;12;19;16;19;19;19;22;17;25;15;25;13;24;12;23;12;20;12;17;14;13;17;10;20;8;23;8;-110;0;3;-7;3;-7;3;-7;2;-7;2;-5;1;-3;2;-1;3;1;4;2;4;2;4;1;2;1;1;2;1;4;1;6;2;7;3;7;3;6;2;6;1;5;0;6;-1;7;-1;8;0;8;0;8;0;7;0;6;-1;5;-1;1;-1;0;-1;-1;1;0;0;0;-3;-1;-8;-3;-20;-7;-21;-8;-20;-9;-20;-9;-19;-10;-17;-12;-16;-13;-16;-15;-16;-17;-16;-18;-16;-18;-14;-17;-12;-17;-10;-17;-8;-18;-8;-19;-8;-19;-8;-19;-8;-17;-7;-16;-6;-14;-3;-14;-2;-15;-1;-15;-1;-16;-2;-14;-3;-13;-3;-11;-110;0;51;11;50;11;50;10;49;8;48;7;47;6;46;5;44;4;43;3;42;2;41;1;41;0;40;-1;40;-1;40;-1;40;-1;40;-1;40;-1;39;0;38;1;38;1;37;2;36;2;35;3;35;4;34;6;34;8;33;9;12;3;3;1;-2;-1;-2;-1;-1;-1;2;0;8;1;24;5;24;5;25;6;26;6;27;7;28;9;29;10;30;11;30;11;31;11;32;12;34;13;35;14;36;15;36;15;36;16;36;15;37;15;39;14;41;14;42;13;44;13;45;13;46;13;48;12;49;11;51;11;52;11,stable,EXP_S143,ZONE_02,entree_zone,4.1,entree_zone,entree dans la zone
670054244,-53,6,a0:9f:7a:73:2b:3e,384,-110;-96;8;0;32;-5;32;-5;32;-6;30;-7;29;-8;28;-9;27;-11;26;-13;26;-14;25;-15;26;-16;26;-16;25;-15;24;-14;22;-14;20;-14;18;-14;16;-16;15;-17;14;-19;14;-21;15;-22;16;-22;18;-22;20;-22;5;-6;0;0;0;0;0;0;0;0;0;0;0;0;0;0;0;0;0;0;5;3;22;15;21;19;18;23;14;26;10;26;6;25;3;21;3;17;4;12;6;8;11;5;16;3;22;4;26;6;30;9;31;13;31;15;30;17;29;18;27;18;25;16;24;13;24;10;25;6;26;3;28;0;-100;0;-2;-3;-2;-3;-2;-3;-2;-2;-2;-1;-2;0;-1;0;-1;1;0;1;0;2;0;2;-1;2;-1;2;-1;3;-1;4;-1;4;-1;4;-1;4;-1;4;-2;4;-2;4;-2;4;-2;4;-2;4;-2;4;-2;3;-2;3;-3;2;-1;0;-1;0;0;-1;0;-1;0;0;-2;0;-5;0;-12;-1;-12;-1;-12;-2;-12;-3;-12;-3;-12;-4;-12;-5;-12;-6;-11;-6;-11;-7;-11;-7;-11;-7;-10;-7;-9;-7;-8;-8;-8;-8;-8;-8;-8;-8;-7;-8;-7;-7;-6;-7;-6;-7;-5;-7;-5;-7;-5;-6;-5;-6;-5;-5;-5;-5;-100;0;31;0;31;0;30;-1;30;-2;29;-3;28;-3;28;-4;27;-5;26;-5;26;-6;25;-7;25;-7;24;-8;24;-8;24;-8;24;-8;24;-8;24;-8;24;-7;24;-7;24;-7;24;-6;23;-6;23;-5;23;-4;23;-3;23;-2;23;0;8;0;2;0;-1;0;-1;-1;-1;-1;1;0;5;1;15;3;15;3;15;3;16;4;16;4;17;5;17;5;18;5;19;5;19;6;20;6;21;6;21;6;22;6;22;6;22;6;22;6;23;6;24;5;25;5;26;4;27;4;28;3;28;3;29;2;30;1;31;1;32;0,stable,EXP_S143,ZONE_02,entree_zone,4.1,entree_zone,entree dans la zone
670252745,-53,6,a0:9f:7a:73:2b:3e,384,-110;-96;8;0;6;-31;5;-31;4;-31;3;-30;1;-29;-1;-28;-3;-28;-5;-28;-6;-28;-7;-28;-7;-28;-7;-28;-7;-27;-7;-26;-7;-24;-8;-22;-9;-20;-11;-19;-13;-18;-15;-18;-16;-18;-17;-19;-17;-21;-17;-22;-16;-24;-4;-6;0;0;0;0;0;0;0;0;0;0;0;0;0;0;0;0;0;0;5;-4;22;-13;25;-10;28;-6;28;-2;26;2;23;5;19;5;15;4;11;1;9;-3;8;-8;9;-14;11;-18;15;-22;19;-23;22;-23;25;-22;26;-21;26;-19;25;-18;23;-17;20;-17;16;-18;13;-20;11;-23;9;-25;-104;0;-7;0;-6;0;-5;0;-4;1;-3;1;-1;2;1;2;3;1;4;1;4;1;5;1;5;2;5;3;6;3;7;4;7;4;7;3;7;3;6;4;6;5;6;6;6;6;6;6;6;6;6;5;5;5;4;6;3;6;1;2;0;0;-1;-1;0;-2;0;-1;-1;2;-4;7;-11;19;-12;19;-14;18;-15;18;-16;17;-17;16;-18;15;-20;14;-21;13;-22;12;-22;12;-22;11;-22;10;-21;9;-21;7;-21;6;-21;5;-20;5;-19;4;-18;4;-17;3;-16;2;-15;2;-15;1;-14;1;-13;1;-12;2;-11;2;-104;0;25;-54;24;-54;22;-54;20;-53;18;-53;17;-52;15;-51;13;-51;11;-50;9;-49;8;-49;7;-49;6;-49;5;-49;4;-49;4;-49;5;-50;5;-50;6;-49;6;-49;7;-48;7;-47;8;-46;8;-46;10;-45;12;-44;14;-43;17;-42;6;-15;2;-5;-1;1;-2;1;-1;0;1;-3;6;-9;18;-24;19;-24;19;-24;20;-24;21;-24;22;-25;24;-26;25;-27;25;-28;26;-28;27;-29;27;-30;28;-30;29;-31;29;-31;29;-32;29;-33;29;-35;29;-36;28;-38;29;-41;29;-43;29;-44;28;-46;28;-48;27;-51;27;-52;27;-54,stable,EXP_S143,ZONE_02,entree_zone,4.1,entree_zone,entree dans la zone
670454084,-53,6,a0:9f:7a:73:2b:3e,384,-110;-96;8;0;-8;-30;-9;-30;-9;-30;-10;-28;-11;-27;-13;-25;-15;-24;-16;-23;-17;-23;-18;-23;-18;-23;-17;-22;-17;-21;-17;-20;-16;-18;-16;-17;-17;-14;-18;-12;-19;-11;-21;-10;-23;-10;-24;-11;-25;-12;-24;-14;-24;-15;-6;-4;0;0;0;0;0;0;0;0;0;0;0;0;0;0;0;0;0;0;3;-6;16;-21;19;-19;23;-17;25;-13;25;-9;23;-5;20;-3;15;-2;10;-3;6;-6;3;-11;2;-16;3;-22;5;-26;7;-29;10;-31;13;-31;15;-30;16;-28;15;-26;13;-24;11;-23;7;-23;4;-23;0;-24;-2;-26;-108;0;-4;3;-5;3;-5;3;-4;3;-2;3;1;2;3;1;3;-2;3;-3;3;-3;3;-2;4;-1;5;0;7;-1;9;-2;9;-3;8;-3;7;-3;6;-1;7;1;8;2;9;2;10;1;10;0;8;-1;7;0;5;1;5;2;1;1;0;0;-1;0;-1;-2;-1;-1;1;2;3;7;8;21;7;22;6;23;5;23;4;23;2;23;-1;23;-3;23;-5;24;-6;25;-6;25;-6;24;-6;22;-7;20;-9;19;-11;19;-11;19;-11;19;-10;18;-9;16;-8;14;-9;12;-10;11;-11;11;-10;11;-9;11;-7;11;-5;10;-108;0;-20;-55;-21;-54;-21;-53;-22;-52;-23;-50;-24;-49;-24;-47;-24;-45;-25;-43;-26;-42;-27;-40;-28;-39;-29;-39;-29;-40;-29;-40;-29;-40;-29;-41;-29;-41;-28;-42;-26;-42;-25;-42;-24;-41;-23;-41;-22;-41;-21;-41;-18;-42;-16;-43;-13;-44;-5;-16;-1;-5;0;1;0;1;0;0;-1;-4;-3;-11;-7;-29;-7;-29;-6;-29;-6;-30;-6;-32;-5;-33;-5;-35;-4;-36;-4;-37;-4;-37;-4;-38;-5;-40;-5;-41;-5;-42;-5;-43;-5;-43;-5;-43;-6;-43;-8;-45;-9;-46;-11;-48;-11;-50;-12;-51;-14;-52;-16;-53;-18;-53;-20;-55;-21;-56,stable,EXP_S143,ZONE_02,entree_zone,4.1,entree_zone,entree dans la zone
670660243,-54,6,a0:9f:7a:73:2b:3e,384,-110;-96;8;0;-17;22;-17;22;-16;22;-15;21;-13;21;-11;21;-9;21;-7;21;-6;21;-5;22;-4;22;-4;22;-3;22;-3;20;-2;19;-1;18;0;18;2;17;4;17;5;17;6;17;7;18;7;19;6;20;6;20;1;5;0;0;0;0;0;0;0;0;0;0;0;0;0;0;0;0;0;0;-6;-1;-24;-3;-24;-7;-24;-11;-22;-14;-19;-16;-15;-16;-11;-14;-9;-11;-7;-6;-8;-1;-10;3;-13;7;-18;9;-22;10;-26;9;-29;7;-30;5;-30;3;-29;2;-28;1;-25;1;-22;3;-20;6;-18;9;-16;13;-16;15;-112;0;6;3;6;2;5;2;3;2;2;1;1;1;0;0;0;0;-1;-1;-1;-2;-2;-2;-2;-3;-3;-4;-3;-4;-3;-5;-3;-5;-3;-6;-3;-6;-3;-6;-3;-6;-3;-6;-3;-6;-3;-6;-2;-6;-2;-6;-2;-6;-2;-6;-1;-6;-1;-3;-1;-1;0;0;-2;0;-1;0;1;-2;6;-4;18;-11;18;-10;19;-8;20;-7;21;-6;21;-5;21;-4;22;-3;22;-2;22;-1;22;1;22;2;21;2;21;3;20;4;19;4;18;4;17;4;16;5;15;5;15;5;14;5;14;5;13;5;12;4;11;4;10;4;9;4;-112;0;-42;29;-41;29;-40;29;-38;30;-37;30;-35;30;-33;31;-31;31;-30;31;-28;31;-27;31;-26;31;-25;31;-25;32;-25;32;-25;32;-25;32;-25;31;-24;31;-24;30;-24;30;-24;29;-24;28;-25;27;-25;26;-26;25;-28;23;-28;22;-11;7;-4;2;0;-1;1;-1;0;-1;-3;1;-9;4;-24;11;-24;10;-25;10;-26;9;-27;10;-28;10;-29;10;-30;11;-32;11;-33;11;-34;11;-35;11;-35;11;-36;11;-36;11;-36;12;-37;12;-37;13;-37;15;-38;16;-39;18;-40;20;-41;21;-41;23;-42;24;-43;26;-43;27;-43;28,stable,EXP_S143,ZONE_02,entree_zone,4.1,entree_zone,entree dans la zone
670852489,-53,6,a0:9f:7a:73:2b:3e,384,-110;-96;8;0;-9;32;-9;32;-8;31;-7;31;-5;29;-3;29;-1;28;1;28;3;28;4;29;4;29;4;28;4;28;4;26;4;25;5;23;7;21;9;20;11;19;13;19;14;19;15;20;15;22;14;23;13;24;3;6;0;0;0;0;0;0;0;0;0;0;0;0;0;0;0;0;0;0;-7;3;-26;11;-29;8;-31;3;-31;-1;-29;-5;-26;-8;-21;-8;-17;-7;-13;-3;-10;2;-10;8;-11;13;-14;18;-19;21;-23;22;-27;22;-30;21;-31;19;-31;17;-29;16;-27;15;-23;15;-20;17;-16;19;-14;22;-12;24;-113;0;2;-1;3;-1;3;-1;2;-1;1;-2;0;-2;-2;-2;-3;-1;-3;0;-3;1;-2;0;-2;-1;-3;-2;-4;-2;-5;-2;-6;-1;-5;-1;-4;-1;-4;-1;-3;-2;-4;-3;-5;-4;-5;-3;-5;-3;-5;-2;-4;-2;-3;-2;-2;-2;-1;-1;-1;-1;0;0;-1;0;-1;0;0;-2;0;-5;1;-13;2;-13;2;-13;3;-13;3;-13;4;-12;5;-11;6;-11;8;-11;8;-12;8;-12;8;-11;8;-10;8;-9;8;-7;9;-7;9;-7;9;-7;8;-7;7;-7;7;-6;6;-4;7;-3;7;-3;7;-4;7;-4;5;-5;4;-5;-113;0;-5;31;-4;30;-4;30;-3;29;-2;29;-1;28;0;28;0;27;1;26;2;26;2;25;2;25;3;25;3;25;3;25;3;25;3;25;3;25;3;25;2;25;2;24;1;24;1;23;0;23;0;23;-2;23;-3;23;-4;23;-2;8;-1;2;0;-1;0;-1;0;-1;-1;1;-2;5;-5;15;-5;15;-5;15;-6;15;-6;16;-7;17;-7;17;-8;18;-8;18;-8;18;-8;19;-8;20;-9;20;-10;21;-10;21;-10;21;-10;21;-9;22;-8;23;-8;24;-8;25;-8;26;-8;27;-7;28;-7;29;-6;29;-6;30;-5;31,stable,EXP_S143,ZONE_02,entree_zone,4.1,entree_zone,entree dans la zone
671053906,-54,6,a0:9f:7a:73:2b:3e,384,-110;-96;8;0;-11;-24;-11;-24;-11;-24;-11;-23;-12;-21;-13;-20;-14;-18;-15;-18;-17;-17;-17;-17;-17;-16;-17;-16;-17;-16;-16;-15;-16;-14;-15;-12;-15;-10;-16;-9;-17;-7;-18;-6;-19;-6;-20;-6;-21;-7;-21;-8;-21;-9;-6;-3;0;0;0;0;0;0;0;0;0;0;0;0;0;0;0;0;0;0;2;-5;10;-20;13;-19;16;-18;19;-15;19;-12;18;-8;16;-6;12;-5;8;-5;5;-7;1;-10;0;-14;-1;-19;0;-22;2;-25;5;-27;7;-28;9;-27;9;-26;9;-24;8;-22;6;-21;3;-20;0;-20;-3;-20;-6;-21;-103;0;-5;2;-5;2;-4;2;-3;2;-2;2;0;1;1;0;2;-1;2;-2;2;-3;2;-2;3;-2;4;-1;5;-2;6;-3;7;-3;6;-3;6;-3;6;-2;6;-1;6;0;7;0;7;-1;7;-1;6;-1;5;-1;4;0;4;1;1;0;0;0;-1;0;-1;-2;-1;-1;0;1;2;6;6;17;6;18;5;18;4;19;3;19;1;18;0;19;-2;19;-3;20;-4;20;-4;20;-4;19;-5;18;-6;16;-7;16;-8;15;-9;16;-8;15;-8;15;-7;13;-7;12;-7;10;-8;9;-8;9;-8;9;-7;9;-5;9;-4;8;-103;0;-20;-46;-21;-45;-21;-45;-21;-43;-22;-41;-23;-40;-23;-38;-24;-36;-24;-35;-24;-34;-25;-33;-25;-32;-26;-32;-26;-31;-27;-31;-27;-31;-27;-31;-27;-31;-26;-31;-25;-32;-25;-32;-24;-32;-23;-32;-22;-32;-20;-32;-19;-33;-17;-34;-15;-34;-5;-13;-2;-4;0;1;0;1;0;0;-1;-3;-3;-9;-6;-25;-6;-25;-5;-26;-5;-27;-5;-28;-5;-29;-5;-30;-5;-31;-5;-32;-5;-33;-5;-34;-5;-35;-5;-36;-5;-36;-4;-37;-5;-37;-6;-37;-7;-38;-8;-38;-10;-40;-11;-41;-13;-42;-14;-43;-15;-44;-16;-45;-17;-46;-18;-46;-18;-47,stable,EXP_S143,ZONE_02,entree_zone,4.1,entree_zone,entree dans la zone
671256374,-53,6,a0:9f:7a:73:2b:3e,384,-110;-96;8;0;25;-18;25;-19;24;-19;23;-19;21;-20;19;-21;17;-22;16;-23;15;-24;14;-25;14;-25;14;-24;13;-24;12;-23;10;-22;9;-21;7;-21;4;-21;2;-22;0;-24;0;-25;0;-27;1;-28;3;-28;4;-28;1;-7;0;0;0;0;0;0;0;0;0;0;0;0;0;0;0;0;0;0;6;2;24;9;24;13;22;18;19;21;15;23;11;22;7;19;5;15;5;9;7;4;10;-1;15;-4;21;-5;26;-4;30;-2;32;0;33;3;33;5;32;7;30;7;27;5;25;3;23;0;22;-4;22;-8;23;-11;-102;0;-3;-2;-3;-2;-3;-2;-3;-2;-3;-1;-2;0;-1;1;0;1;1;1;1;1;1;1;0;2;0;3;0;4;1;4;2;4;2;3;1;3;1;3;0;3;-1;4;-1;5;0;5;0;5;0;4;0;3;-1;3;-2;2;-1;0;-1;0;-1;-1;0;-1;0;-1;-1;0;-4;3;-10;8;-10;8;-11;7;-11;7;-11;6;-11;5;-12;4;-13;3;-14;2;-14;2;-14;2;-14;2;-13;1;-12;0;-12;-1;-12;-2;-12;-2;-12;-2;-12;-2;-11;-2;-10;-2;-9;-2;-8;-3;-8;-4;-8;-3;-8;-3;-8;-2;-7;-1;-102;0;23;-18;23;-18;22;-18;22;-19;21;-19;20;-19;19;-18;18;-18;18;-18;17;-18;16;-18;16;-18;16;-19;15;-19;15;-19;16;-19;16;-19;16;-19;17;-19;17;-18;17;-17;17;-16;17;-16;17;-15;18;-14;19;-13;19;-12;20;-11;7;-4;2;-1;-1;0;-1;0;-1;0;1;-1;4;-4;12;-9;12;-9;12;-9;13;-9;13;-9;14;-9;15;-9;16;-9;16;-9;16;-9;17;-9;17;-10;18;-10;19;-10;19;-10;19;-10;19;-10;19;-11;19;-11;20;-12;21;-13;21;-14;22;-14;22;-15;22;-16;23;-17;23;-18;23;-18,stable,EXP_S143,ZONE_02,entree_zone,4.1,entree_zone,entree dans la zone
671456905,-53,6,a0:9f:7a:73:2b:3e,384,-110;-96;8;0;-22;-22;-23;-22;-23;-21;-23;-20;-23;-18;-24;-16;-24;-14;-25;-13;-26;-12;-27;-11;-27;-11;-26;-10;-25;-10;-24;-9;-23;-8;-22;-6;-22;-4;-22;-2;-22;0;-23;2;-25;3;-26;3;-27;2;-28;1;-28;0;-7;-1;0;0;0;0;0;0;0;0;0;0;0;0;0;0;0;0;0;0;0;-7;4;-26;8;-27;12;-26;16;-24;18;-20;19;-16;17;-12;13;-9;8;-8;3;-8;-2;-11;-6;-15;-8;-20;-9;-25;-8;-29;-6;-32;-4;-34;-1;-34;0;-33;1;-31;0;-29;-1;-26;-4;-24;-8;-22;-12;-21;-15;-21;-103;0;-2;3;-2;2;-2;2;-1;2;-1;1;0;1;1;0;1;-1;1;-2;1;-2;1;-2;2;-1;3;-1;3;-2;4;-2;4;-2;4;-2;3;-2;3;-2;4;-1;4;-1;4;-1;4;-1;4;-1;4;-1;3;-1;3;0;3;0;1;0;0;0;-1;0;-1;-1;-1;-1;0;0;2;3;7;8;7;9;6;10;6;10;5;10;4;11;3;11;2;11;2;12;2;12;1;12;1;12;0;11;-1;11;-1;11;-2;11;-2;11;-2;10;-2;10;-2;9;-2;8;-2;8;-3;7;-3;7;-3;7;-2;6;-2;6;-1;5;-103;0;-18;-24;-18;-24;-18;-23;-18;-22;-18;-21;-19;-20;-19;-19;-19;-18;-19;-18;-19;-17;-19;-16;-19;-16;-19;-16;-20;-16;-20;-16;-20;-16;-20;-16;-20;-16;-19;-16;-19;-16;-18;-17;-18;-17;-17;-17;-16;-17;-16;-18;-15;-19;-14;-19;-13;-20;-5;-8;-2;-3;0;0;0;0;0;0;-1;-2;-3;-5;-8;-13;-7;-14;-7;-14;-7;-14;-7;-15;-7;-16;-8;-17;-8;-17;-8;-18;-8;-18;-8;-18;-8;-19;-8;-20;-8;-20;-8;-20;-8;-21;-9;-21;-9;-21;-10;-21;-11;-21;-12;-22;-13;-22;-14;-23;-14;-23;-15;-23;-16;-24;-17;-24;-17;-24,stable,EXP_S143,ZONE_02,entree_zone,4.1,entree_zone,entree dans la zone
671652238,-53,6,a0:9f:7a:73:2b:3e,384,-110;-96;8;0;4;29;5;29;6;29;7;28;8;27;10;26;12;25;13;24;14;24;14;24;14;23;14;23;14;22;14;20;14;18;14;16;15;14;17;12;18;10;20;10;22;10;23;11;23;13;23;14;22;16;5;4;0;0;0;0;0;0;0;0;0;0;0;0;0;0;0;0;0;0;-5;4;-20;17;-24;15;-27;11;-29;7;-28;3;-26;-1;-22;-2;-17;-2;-12;0;-8;3;-6;8;-5;14;-6;19;-9;24;-12;27;-16;28;-19;28;-21;27;-21;25;-20;24;-18;22;-15;21;-12;21;-9;21;-5;22;-2;24;-105;0;4;-5;4;-4;4;-4;3;-5;1;-5;-1;-5;-3;-4;-5;-3;-6;-2;-6;-1;-6;-2;-6;-3;-7;-3;-8;-3;-9;-3;-10;-3;-9;-3;-8;-3;-7;-4;-7;-5;-7;-7;-8;-7;-9;-7;-9;-6;-8;-6;-7;-6;-6;-6;-6;-7;-2;-3;-1;-1;0;0;0;1;-1;0;-1;-3;-1;-9;0;-24;1;-25;3;-25;4;-25;6;-24;8;-24;9;-23;12;-23;13;-23;14;-23;15;-22;15;-22;14;-21;15;-19;15;-18;16;-17;16;-16;16;-15;15;-14;14;-13;13;-12;13;-10;12;-9;12;-9;12;-9;11;-10;9;-10;9;-10;-105;0;-4;58;-3;57;-2;56;-1;55;1;54;2;53;4;52;6;51;7;49;8;49;8;48;9;48;10;48;11;48;11;48;11;47;11;48;11;48;10;48;9;47;8;47;7;46;6;45;5;45;3;46;1;46;-2;46;-4;46;-2;16;-1;4;-1;-2;0;-2;0;-1;-1;3;-3;10;-8;28;-9;28;-10;29;-10;29;-11;30;-11;31;-12;32;-13;33;-13;34;-14;34;-14;35;-14;36;-15;37;-15;38;-16;39;-16;40;-15;41;-14;42;-13;43;-12;45;-11;47;-11;49;-10;51;-9;52;-8;53;-7;55;-6;57;-5;58,stable,EXP_S143,ZONE_02,entree_zone,4.1,entree_zone,entree dans la zone
671856671,-53,6,a0:9f:7a:73:2b:3e,384,-110;-96;8;0;16;25;17;25;18;25;18;24;19;22;20;21;21;19;22;18;23;17;23;17;23;16;23;16;22;15;21;13;20;12;20;10;20;7;21;5;22;3;24;2;25;1;27;2;28;3;28;5;28;6;7;1;0;0;0;0;0;0;0;0;0;0;0;0;0;0;0;0;0;0;-3;6;-11;24;-15;24;-19;22;-23;19;-24;15;-24;11;-21;7;-17;5;-12;5;-6;6;-2;10;1;15;3;20;2;25;0;29;-2;32;-5;33;-7;33;-9;32;-9;30;-8;28;-6;26;-3;25;1;23;5;23;8;24;-114;0;0;-4;0;-4;0;-4;0;-3;-1;-3;-2;-2;-3;-1;-3;0;-3;0;-3;0;-3;0;-3;0;-4;0;-5;0;-5;1;-5;1;-5;1;-5;1;-5;0;-5;0;-5;-1;-6;-1;-6;0;-6;0;-5;0;-5;-1;-4;-1;-4;-2;-2;-1;-1;-1;0;0;0;0;0;0;-1;-2;-3;-4;-7;-11;-6;-11;-6;-12;-5;-12;-5;-12;-4;-12;-3;-13;-2;-13;-1;-13;-1;-14;-1;-14;0;-13;0;-13;1;-12;1;-12;2;-12;2;-12;2;-11;2;-11;2;-10;1;-9;2;-8;2;-8;2;-8;2;-8;1;-8;1;-7;0;-7;-114;0;15;25;15;25;15;24;16;23;16;22;17;21;17;21;17;20;17;19;17;18;17;17;18;17;18;16;18;16;19;16;19;16;19;16;19;16;18;17;18;17;17;17;17;17;16;17;16;17;15;17;14;18;13;19;12;20;4;7;1;2;-1;-1;-1;-1;-1;-1;0;1;1;5;4;14;4;14;3;15;3;15;3;16;3;16;3;17;3;18;3;18;3;18;4;19;4;19;4;20;4;21;4;21;4;21;5;21;6;21;7;22;8;22;8;23;9;24;10;24;11;24;12;25;13;25;14;25;15;26,stable,EXP_S143,ZONE_02,entree_zone,4.1,entree_zone,entree dans la zone
672052288,-53,6,a0:9f:7a:73:2b:3e,384,-110;-96;8;0;-14;28;-13;28;-12;29;-11;29;-9;28;-7;28;-5;28;-3;28;-2;29;-1;29;-1;29;-1;28;-1;27;0;26;1;24;2;22;4;21;6;19;9;19;11;19;12;20;13;22;13;23;12;25;11;26;2;6;0;0;0;0;0;0;0;0;0;0;0;0;0;0;0;0;0;0;-7;1;-27;4;-30;1;-31;-4;-30;-9;-28;-13;-24;-15;-19;-14;-15;-12;-11;-8;-10;-3;-10;3;-12;9;-16;13;-21;16;-26;17;-30;17;-32;15;-34;13;-34;11;-33;10;-30;9;-27;10;-24;11;-20;14;-18;17;-16;20;-103;0;2;-2;2;-1;2;-1;2;-2;1;-3;0;-3;-1;-3;-3;-2;-3;-2;-3;-1;-3;-2;-3;-2;-3;-3;-4;-4;-5;-4;-5;-3;-5;-3;-4;-3;-4;-3;-3;-4;-3;-5;-4;-5;-4;-5;-5;-5;-4;-4;-3;-4;-2;-4;-2;-4;-1;-2;0;-1;0;0;-1;0;-1;0;0;-2;1;-5;3;-13;4;-13;4;-13;5;-13;5;-12;6;-11;7;-11;8;-10;9;-10;10;-10;10;-10;10;-10;9;-9;9;-8;9;-7;10;-6;10;-6;10;-6;9;-6;8;-6;7;-5;7;-4;7;-3;7;-3;7;-3;7;-4;6;-4;5;-4;-103;0;-12;28;-12;27;-11;27;-11;27;-10;26;-9;26;-8;26;-7;25;-6;25;-5;24;-5;24;-4;24;-4;24;-4;24;-4;24;-4;25;-4;25;-4;25;-4;24;-5;24;-5;23;-5;23;-6;22;-6;22;-7;22;-8;21;-9;21;-10;20;-4;7;-2;2;0;-1;0;-1;0;-1;-1;1;-3;4;-9;13;-9;13;-9;13;-9;13;-10;14;-11;14;-11;15;-12;15;-13;15;-13;15;-13;16;-13;16;-13;17;-14;17;-14;17;-14;17;-14;18;-14;18;-14;19;-13;20;-14;22;-14;23;-14;23;-14;24;-14;25;-13;26;-13;27;-13;28,stable,EXP_S143,ZONE_02,entree_zone,4.1,entree_zone,entree dans la zone
672252272,-53,6,a0:9f:7a:73:2b:3e,384,-110;-96;8;0;22;-21;22;-22;21;-23;20;-23;18;-23;17;-24;15;-25;14;-26;12;-27;11;-27;11;-27;10;-27;10;-26;9;-24;8;-23;5;-22;3;-21;1;-22;-1;-23;-3;-24;-4;-25;-5;-26;-4;-28;-3;-29;-1;-29;0;-8;0;0;0;0;0;0;0;0;0;0;0;0;0;0;0;0;0;0;6;1;25;6;26;10;25;15;22;19;19;21;14;21;10;19;7;15;6;10;7;5;10;-1;14;-5;19;-7;24;-7;29;-6;32;-4;34;-2;34;0;34;2;32;3;30;2;27;1;25;-2;23;-6;22;-10;22;-13;-101;0;-4;-2;-4;-2;-4;-1;-3;-1;-3;0;-2;1;-1;1;-1;2;0;2;0;2;0;2;0;3;0;3;0;4;0;4;0;4;0;4;0;4;0;4;-1;4;-1;4;-1;5;-1;5;-1;5;-1;4;-1;4;-2;4;-2;3;-1;1;-1;0;0;-1;0;-1;0;-1;-2;0;-5;1;-12;3;-12;3;-13;2;-13;1;-13;1;-13;0;-13;-1;-13;-2;-13;-2;-14;-3;-13;-3;-13;-4;-13;-4;-12;-4;-12;-5;-11;-5;-11;-5;-11;-5;-10;-5;-10;-5;-9;-5;-8;-4;-8;-4;-7;-4;-7;-4;-7;-4;-6;-3;-6;-3;-101;0;28;-11;28;-11;27;-11;26;-12;25;-13;24;-13;23;-13;23;-14;22;-14;21;-14;20;-15;19;-15;19;-16;19;-16;19;-16;19;-16;19;-17;19;-16;19;-16;19;-16;19;-15;19;-15;19;-14;19;-14;19;-13;20;-12;20;-11;20;-10;7;-4;2;-1;-1;0;-1;0;-1;-1;1;-1;5;-1;15;-1;15;-1;15;-1;16;0;16;0;17;0;17;0;18;0;19;0;19;0;20;0;20;0;21;0;21;0;22;0;22;-1;22;-1;22;-2;23;-3;24;-3;24;-4;25;-5;26;-5;26;-6;27;-7;27;-8;28;-9;28;-10,stable,EXP_S143,ZONE_02,entree_zone,4.1,entree_zone,entree dans la zone
672452304,-53,6,a0:9f:7a:73:2b:3e,384,-110;-96;8;0;-29;8;-29;9;-29;10;-28;11;-27;13;-25;14;-24;16;-24;17;-23;18;-23;18;-22;18;-22;18;-21;17;-19;17;-17;16;-14;16;-12;17;-9;18;-8;20;-7;22;-7;24;-7;25;-9;26;-11;26;-12;26;-4;6;0;0;0;0;0;0;0;0;0;0;0;0;0;0;0;0;0;0;-5;-5;-19;-19;-18;-22;-15;-26;-11;-28;-6;-28;-3;-27;0;-23;0;-18;-1;-13;-4;-8;-9;-5;-15;-3;-20;-4;-25;-6;-29;-9;-31;-12;-31;-15;-30;-17;-29;-18;-27;-18;-26;-16;-24;-13;-23;-10;-23;-6;-24;-2;-25;0;-101;0;5;4;5;4;4;3;4;2;4;0;3;-1;3;-3;2;-4;1;-5;1;-5;1;-6;2;-7;2;-8;3;-9;2;-10;2;-10;2;-10;2;-10;3;-10;3;-10;4;-10;4;-10;4;-10;4;-10;4;-10;4;-9;5;-7;5;-6;2;-2;0;-1;-1;0;-2;0;-1;-1;2;-1;8;-1;24;-1;24;0;25;2;25;4;25;5;24;6;24;8;24;9;23;10;23;12;23;12;22;13;21;13;19;14;18;14;17;15;16;15;16;15;15;14;14;13;13;12;12;11;11;11;11;11;11;10;10;10;10;8;10;7;-101;0;-60;1;-59;1;-58;2;-57;4;-56;5;-54;7;-53;9;-51;10;-50;11;-49;12;-48;13;-48;14;-47;15;-47;16;-47;17;-48;17;-48;17;-48;16;-48;16;-48;15;-47;14;-47;13;-46;12;-46;11;-46;9;-46;7;-47;4;-47;2;-17;0;-6;-1;1;-1;1;0;0;0;-4;-1;-11;-3;-29;-9;-29;-9;-30;-10;-30;-10;-31;-11;-32;-11;-34;-12;-35;-12;-36;-12;-37;-13;-38;-13;-39;-13;-39;-14;-40;-14;-41;-15;-42;-14;-42;-13;-43;-12;-45;-11;-46;-10;-48;-8;-50;-7;-52;-6;-54;-5;-56;-4;-57;-4;-58;-3;-59;-2,stable,EXP_S143,ZONE_02,entree_zone,4.1,entree_zone,entree dans la zone
672652398,-53,6,a0:9f:7a:73:2b:3e,384,-110;-96;8;0;-18;24;-18;25;-17;25;-15;26;-13;26;-12;26;-10;27;-8;27;-7;28;-6;28;-6;28;-6;27;-6;26;-5;24;-3;23;-1;21;1;20;4;20;6;20;8;21;9;23;10;24;10;25;8;27;7;28;1;7;0;0;0;0;0;0;0;0;0;0;0;0;0;0;0;0;0;0;-7;-1;-27;-4;-28;-7;-28;-12;-26;-17;-22;-19;-18;-20;-14;-18;-10;-15;-8;-10;-8;-4;-10;1;-13;6;-18;9;-23;11;-28;10;-32;9;-34;7;-35;5;-34;3;-33;2;-30;2;-27;4;-24;6;-22;9;-20;13;-19;15;-101;0;4;-1;3;-1;3;-1;2;-1;2;-2;1;-2;0;-3;-1;-3;-1;-3;-1;-3;-1;-4;-2;-4;-2;-4;-2;-5;-2;-5;-2;-5;-2;-5;-2;-5;-2;-5;-1;-5;-1;-6;-1;-6;-1;-6;-1;-6;-1;-6;-1;-5;0;-5;0;-5;0;-2;0;-1;-1;0;-1;0;-1;0;0;-1;3;-3;9;-8;10;-8;10;-7;11;-7;11;-6;11;-5;12;-4;12;-4;13;-3;13;-3;13;-2;13;-2;12;-1;12;-1;11;0;11;0;11;1;10;1;10;1;10;1;9;1;8;1;8;1;8;1;7;1;7;0;6;0;6;0;-101;0;-24;17;-24;17;-23;17;-22;17;-21;17;-20;18;-20;18;-19;18;-18;18;-17;19;-16;19;-16;19;-15;19;-15;19;-15;19;-15;19;-16;19;-16;19;-16;19;-16;19;-16;18;-16;18;-16;17;-17;17;-17;16;-18;15;-18;14;-19;13;-7;4;-3;1;0;-1;0;-1;0;-1;-2;0;-5;2;-14;5;-15;5;-15;5;-15;5;-16;5;-17;5;-17;5;-18;5;-18;5;-19;5;-19;5;-20;5;-20;6;-20;6;-21;6;-21;6;-21;7;-21;7;-21;8;-22;9;-22;10;-23;11;-24;12;-24;13;-24;14;-24;15;-25;16;-25;16,stable,EXP_S143,ZONE_02,entree_zone,4.1,entree_zone,entree dans la zone
672854631,-53,6,a0:9f:7a:73:2b:3e,384,-110;-96;8;0;24;15;25;14;26;13;26;12;26;10;26;8;27;6;27;5;28;4;28;3;28;3;27;3;26;2;24;2;22;1;21;-1;20;-4;19;-6;19;-9;20;-11;21;-12;23;-12;24;-12;26;-11;26;-10;6;-3;0;0;0;0;0;0;0;0;0;0;0;0;0;0;0;0;0;0;0;6;-1;25;-5;26;-9;27;-13;25;-16;22;-17;19;-16;14;-13;11;-9;8;-4;8;2;9;6;12;10;16;12;20;12;25;11;29;9;31;8;32;6;32;5;30;5;28;6;25;8;23;11;20;14;18;17;17;-113;0;-1;-4;-1;-4;-1;-3;-2;-3;-2;-2;-2;-1;-2;-1;-3;0;-3;0;-3;0;-3;1;-4;1;-4;1;-4;1;-5;2;-5;2;-5;2;-5;2;-5;2;-5;1;-5;1;-5;1;-5;1;-5;1;-5;1;-5;0;-5;0;-5;0;-2;0;-1;-1;0;-1;0;0;0;0;-1;-1;-3;-4;-8;-10;-8;-10;-7;-11;-6;-11;-6;-12;-5;-12;-4;-12;-4;-12;-3;-13;-3;-13;-3;-13;-2;-13;-2;-13;-1;-12;-1;-12;0;-12;0;-11;0;-11;0;-10;0;-10;0;-10;0;-9;0;-9;0;-8;0;-8;0;-7;-1;-7;-1;-6;-113;0;18;21;19;21;19;20;19;19;19;18;19;17;20;16;20;15;20;14;20;13;20;13;20;12;21;11;21;11;21;11;21;11;21;11;21;11;21;11;20;11;20;11;20;11;19;11;19;12;19;12;18;13;17;14;16;15;5;5;1;1;-1;-1;-1;-1;-1;-1;0;1;2;4;5;13;5;13;5;14;4;14;4;15;4;15;5;16;5;16;5;17;5;17;6;18;6;18;6;18;6;19;7;19;7;19;8;19;8;20;9;20;10;20;11;21;12;21;13;21;14;21;15;22;16;22;17;22;18;22,stable,EXP_S143,ZONE_02,entree_zone,4.1,entree_zone,entree dans la zone
673052571,-53,6,a0:9f:7a:73:2b:3e,384,-110;-96;8;0;13;-28;12;-29;11;-29;10;-29;8;-29;6;-29;4;-30;3;-30;2;-31;1;-31;1;-30;1;-29;1;-28;0;-26;-1;-24;-2;-23;-4;-21;-7;-20;-10;-20;-12;-21;-13;-22;-14;-24;-14;-26;-12;-27;-11;-28;-3;-7;0;0;0;0;0;0;0;0;0;0;0;0;0;0;0;0;0;0;6;-2;26;-4;27;-1;29;4;28;9;26;12;22;14;17;14;13;11;10;7;9;2;9;-4;11;-9;15;-14;20;-16;24;-17;28;-16;30;-15;32;-13;32;-11;31;-10;28;-10;26;-11;23;-12;20;-14;18;-17;16;-19;-102;0;-3;1;-3;1;-3;1;-3;1;-2;2;-1;2;0;2;1;2;2;1;2;1;2;1;2;2;2;3;3;3;4;3;4;3;4;3;3;3;3;3;2;3;2;4;2;4;3;4;3;4;3;3;2;3;1;3;1;3;0;1;0;0;-1;-1;0;-1;0;-1;-1;1;-2;3;-5;11;-5;11;-6;11;-7;11;-7;10;-8;10;-9;9;-9;8;-10;8;-11;8;-11;8;-11;8;-11;7;-11;6;-11;5;-11;4;-11;4;-11;4;-10;4;-9;4;-8;3;-8;3;-8;2;-8;2;-8;2;-7;2;-7;3;-6;3;-102;0;12;-28;12;-28;11;-28;11;-27;10;-27;9;-27;8;-26;7;-26;6;-26;6;-25;5;-25;4;-25;4;-25;3;-25;3;-26;3;-26;3;-26;3;-26;4;-25;4;-25;5;-25;5;-24;6;-24;6;-23;7;-23;8;-23;9;-22;10;-22;4;-8;1;-3;-1;0;-1;0;-1;0;0;-2;3;-5;9;-13;9;-13;9;-13;10;-13;10;-13;11;-14;11;-14;12;-14;12;-15;12;-15;13;-15;13;-16;13;-16;14;-16;14;-17;14;-17;14;-17;14;-18;13;-19;13;-20;13;-21;14;-22;14;-23;14;-24;14;-25;13;-26;13;-27;13;-28,stable,EXP_S143,ZONE_02,entree_zone,4.1,entree_zone,entree dans la zone
673252485,-53,6,a0:9f:7a:73:2b:3e,384,-110;-96;8;0;26;-1;27;-1;27;-2;26;-3;25;-4;24;-6;24;-7;23;-8;23;-9;23;-9;23;-9;22;-9;22;-9;20;-8;19;-8;17;-8;15;-9;14;-10;13;-12;13;-13;13;-15;14;-16;15;-16;16;-15;17;-15;4;-4;0;0;0;0;0;0;0;0;0;0;0;0;0;0;0;0;0;0;4;3;19;13;18;16;16;20;13;22;9;23;6;22;3;20;2;16;3;12;5;8;8;6;13;5;17;5;21;6;24;9;26;11;26;14;26;16;25;17;24;17;22;16;21;14;21;12;21;9;22;6;23;4;-102;0;-4;-4;-4;-4;-4;-4;-4;-3;-4;-2;-4;0;-3;2;-2;4;-1;4;0;4;-1;4;-2;4;-3;5;-3;6;-3;7;-2;8;-1;7;-1;7;-2;6;-3;5;-4;6;-5;7;-5;7;-4;7;-4;6;-4;5;-4;4;-4;3;-2;1;-1;0;0;-1;1;-1;0;0;-3;0;-7;1;-20;2;-20;1;-21;0;-21;-1;-21;-2;-20;-3;-20;-5;-19;-7;-20;-8;-20;-9;-20;-10;-20;-9;-19;-9;-17;-10;-16;-11;-15;-12;-15;-12;-15;-12;-15;-11;-13;-10;-12;-9;-10;-9;-9;-10;-8;-10;-8;-10;-9;-9;-9;-7;-9;-6;-102;0;54;5;53;4;52;3;51;2;49;1;48;0;47;-1;46;-2;44;-3;43;-3;42;-4;42;-5;42;-5;41;-6;41;-7;41;-7;41;-6;41;-6;41;-5;40;-4;39;-3;38;-3;38;-2;37;-1;37;0;37;2;37;4;36;6;13;2;3;1;-2;-1;-2;-1;-1;-1;3;0;10;0;28;2;28;3;29;3;30;4;31;5;31;5;33;7;33;8;34;8;35;9;36;9;36;10;37;10;38;11;39;12;39;12;40;11;40;11;42;10;43;9;45;9;47;8;48;8;49;7;50;7;52;6;54;6;55;6,stable,EXP_S143,ZONE_02,entree_zone,4.1,entree_zone,entree dans la zone
673452229,-52,6,a0:9f:7a:73:2b:3e,384,-110;-96;8;0;27;6;27;6;27;5;26;5;25;3;23;2;23;0;22;-2;22;-3;23;-4;23;-4;23;-4;23;-4;23;-3;22;-3;20;-3;19;-3;17;-4;16;-6;15;-7;15;-8;15;-9;16;-10;18;-10;19;-10;4;-3;0;0;0;0;0;0;0;0;0;0;0;0;0;0;0;0;0;0;4;3;15;15;14;18;11;21;8;22;5;22;2;21;0;18;0;14;2;10;5;8;9;6;13;6;18;8;21;10;22;13;23;16;22;19;21;21;20;21;18;21;17;19;17;16;17;13;19;11;21;9;23;7;-102;0;0;-4;0;-5;0;-5;0;-5;-1;-3;-1;-1;-1;1;0;2;1;3;1;3;1;3;0;3;-1;4;-1;5;-1;6;-1;7;0;7;0;7;-1;6;-2;5;-3;5;-4;6;-4;6;-4;7;-3;7;-3;6;-3;6;-4;5;-2;1;-1;0;0;-1;1;-1;0;0;-2;0;-7;0;-19;-1;-19;-2;-20;-3;-20;-4;-19;-5;-19;-6;-18;-8;-18;-9;-18;-11;-18;-12;-17;-12;-16;-12;-15;-13;-13;-13;-12;-14;-11;-15;-11;-15;-11;-15;-11;-14;-9;-13;-8;-12;-6;-11;-5;-11;-5;-12;-5;-12;-5;-11;-5;-10;-5;-9;-102;0;52;14;52;14;51;13;49;12;48;11;47;10;46;9;45;8;43;8;42;8;42;7;41;7;41;7;41;6;40;6;40;6;40;6;39;7;39;8;38;8;37;9;36;10;34;11;34;12;33;13;32;15;30;16;29;18;10;6;2;2;-2;-1;-2;-1;-1;-1;2;0;9;0;26;1;26;2;27;2;28;3;29;4;30;5;31;6;32;7;33;8;34;8;35;9;35;10;36;12;37;13;37;14;37;14;38;14;39;13;40;13;42;13;44;12;45;12;47;12;48;13;49;13;50;14;51;14;52;14,stable,EXP_S143,ZONE_02,entree_zone,4.1,entree_zone,entree dans la zone
673652483,-52,6,a0:9f:7a:73:2b:3e,384,-110;-96;8;0;-28;2;-28;2;-27;3;-26;3;-25;4;-23;5;-22;7;-21;8;-21;9;-21;10;-21;11;-22;11;-21;10;-21;9;-20;8;-18;8;-17;8;-15;8;-13;9;-12;10;-11;12;-11;13;-12;14;-14;14;-15;14;-4;3;0;0;0;0;0;0;0;0;0;0;0;0;0;0;0;0;0;0;-5;-3;-20;-11;-19;-14;-18;-18;-15;-20;-12;-21;-9;-20;-6;-18;-5;-14;-6;-10;-8;-7;-11;-4;-15;-3;-20;-3;-23;-5;-26;-7;-27;-10;-28;-12;-27;-14;-26;-14;-24;-14;-23;-13;-22;-11;-21;-8;-22;-5;-23;-3;-25;-1;-102;0;2;4;1;4;1;3;0;2;-1;1;-1;0;-2;-1;-2;-2;-3;-3;-3;-3;-3;-4;-2;-4;-2;-5;-2;-6;-2;-7;-2;-7;-2;-8;-2;-8;-1;-8;-1;-8;-1;-8;0;-8;0;-8;0;-8;0;-8;0;-8;1;-8;1;-8;0;-3;0;-1;0;0;-2;0;-1;0;1;-1;6;-2;18;-4;18;-3;18;-2;19;-1;18;1;18;2;18;3;18;4;18;5;18;6;18;6;17;7;16;8;15;9;14;10;13;10;12;10;12;10;11;10;10;9;10;9;9;9;8;9;7;9;6;8;6;8;5;7;4;6;-102;0;-53;-2;-52;-2;-52;-2;-50;-1;-49;0;-48;1;-46;1;-45;2;-44;3;-43;3;-42;4;-41;4;-41;5;-40;5;-40;5;-40;5;-40;4;-40;3;-39;3;-38;2;-38;1;-37;0;-36;-1;-35;-1;-35;-3;-34;-4;-34;-6;-33;-8;-12;-3;-4;-2;1;0;1;-1;0;-1;-3;0;-10;1;-26;2;-27;2;-28;1;-28;0;-29;-1;-30;-1;-32;-2;-33;-2;-34;-3;-35;-4;-36;-4;-37;-5;-38;-6;-38;-6;-39;-7;-39;-7;-40;-7;-40;-6;-42;-6;-43;-5;-45;-5;-47;-4;-48;-4;-49;-3;-51;-3;-52;-3;-53;-3;-54;-3,stable,EXP_S143,ZONE_02,entree_zone,4.1,entree_zone,entree dans la zone
673852400,-52,6,a0:9f:7a:73:2b:3e,384,-110;-96;8;0;-29;4;-29;4;-28;4;-27;5;-25;6;-24;7;-23;8;-22;10;-22;10;-22;11;-23;11;-23;11;-22;11;-22;10;-21;9;-19;9;-17;8;-15;9;-14;10;-13;11;-12;12;-12;13;-13;14;-15;14;-16;14;-4;3;0;0;0;0;0;0;0;0;0;0;0;0;0;0;0;0;0;0;-6;-2;-22;-7;-22;-10;-21;-14;-19;-17;-16;-19;-13;-19;-10;-17;-9;-14;-8;-10;-10;-7;-12;-4;-16;-2;-20;-2;-24;-2;-27;-4;-29;-6;-30;-9;-29;-11;-28;-11;-27;-11;-26;-11;-25;-9;-24;-7;-24;-4;-25;-2;-26;0;-102;0;0;2;0;3;0;3;1;3;1;1;1;-1;-1;-3;-3;-4;-4;-4;-5;-3;-4;-3;-3;-4;-2;-5;-2;-7;-3;-8;-4;-9;-5;-8;-5;-7;-4;-7;-2;-7;-1;-8;-1;-9;-1;-10;-2;-10;-2;-9;-2;-8;-2;-7;-1;-7;-1;-3;0;-1;0;0;-1;0;-1;0;1;-1;5;-3;15;-9;16;-9;17;-8;17;-8;17;-6;17;-5;17;-3;18;-1;19;0;20;1;20;1;19;1;17;1;16;3;15;5;15;6;15;7;15;7;15;6;13;4;11;4;9;5;7;6;7;7;8;7;8;6;8;4;8;2;-102;0;-55;10;-54;10;-53;10;-52;11;-50;11;-49;12;-47;12;-46;13;-44;13;-43;13;-42;13;-41;14;-41;14;-40;14;-40;14;-40;14;-40;13;-40;13;-40;12;-39;10;-39;9;-38;8;-37;7;-36;6;-36;4;-36;3;-36;0;-36;-1;-13;-1;-4;-1;1;-1;1;-1;0;-1;-3;1;-10;3;-26;9;-27;8;-27;8;-28;8;-30;8;-31;7;-33;6;-34;6;-35;5;-36;5;-37;5;-38;5;-39;4;-41;4;-42;3;-42;3;-42;3;-43;4;-44;5;-45;6;-47;7;-49;8;-50;8;-51;9;-52;9;-53;10;-55;10;-56;11,stable,EXP_S143,ZONE_02,entree_zone,4.1,entree_zone,entree dans la zone
674052360,-52,6,a0:9f:7a:73:2b:3e,384,-110;-96;8;0;23;-16;23;-16;23;-16;21;-16;20;-16;18;-17;16;-18;15;-19;14;-20;14;-21;14;-21;14;-20;14;-20;14;-19;14;-18;13;-17;12;-16;10;-15;8;-16;6;-16;5;-17;5;-18;5;-19;6;-20;7;-20;1;-5;0;0;0;0;0;0;0;0;0;0;0;0;0;0;0;0;0;0;5;-2;22;-4;23;-1;24;3;23;6;21;9;19;10;15;10;13;8;11;5;11;2;12;-2;14;-5;18;-8;21;-9;25;-9;27;-7;29;-5;30;-4;30;-2;29;-2;27;-2;25;-3;23;-5;23;-7;23;-10;23;-12;-101;0;-3;-3;-3;-3;-3;-3;-3;-2;-2;-1;-1;0;1;1;3;1;4;1;4;0;4;0;3;1;3;2;4;3;5;4;6;4;6;4;6;3;5;3;5;4;4;5;4;6;5;6;5;6;5;5;5;5;4;5;3;5;1;1;0;0;-1;-1;0;-1;0;-1;-1;1;-4;5;-11;13;-12;14;-13;13;-14;13;-14;12;-15;10;-15;9;-17;8;-18;7;-19;7;-19;7;-18;6;-18;5;-17;4;-17;2;-17;0;-17;0;-17;0;-16;1;-15;1;-13;0;-12;-1;-11;-2;-11;-3;-11;-3;-11;-2;-10;-1;-9;0;-101;0;43;-36;42;-36;41;-36;39;-35;38;-35;36;-35;35;-34;33;-34;31;-33;30;-33;29;-33;28;-33;27;-33;27;-33;27;-33;27;-33;27;-33;27;-32;27;-31;27;-30;27;-29;27;-27;26;-26;26;-25;27;-24;28;-23;29;-21;30;-19;11;-7;3;-2;-1;0;-2;1;-1;0;1;-3;6;-7;19;-20;19;-19;20;-19;21;-19;23;-20;24;-20;26;-20;27;-21;28;-21;29;-21;30;-21;31;-22;33;-22;34;-22;35;-22;35;-22;35;-22;35;-24;36;-25;37;-27;38;-28;39;-29;40;-31;41;-32;41;-33;42;-35;43;-36;43;-37,stable,EXP_S143,ZONE_02,entree_zone,4.1,entree_zone,entree dans la zone
674252479,-52,6,a0:9f:7a:73:2b:3e,384,-110;-96;8;0;24;-13;24;-13;23;-13;22;-13;20;-13;18;-14;17;-15;15;-16;14;-17;14;-18;14;-18;14;-18;14;-18;14;-17;14;-16;13;-15;12;-14;10;-14;8;-14;7;-14;6;-15;5;-16;5;-17;6;-18;7;-18;2;-5;0;0;0;0;0;0;0;0;0;0;0;0;0;0;0;0;0;0;5;-1;20;0;21;3;21;7;20;10;18;12;15;13;12;12;10;9;9;6;9;2;11;-1;14;-4;17;-5;21;-5;24;-4;26;-3;28;-1;28;1;27;2;26;2;24;2;22;0;21;-2;21;-4;21;-7;21;-9;-102;0;-2;-4;-2;-5;-3;-4;-3;-4;-2;-3;-1;-1;1;0;2;1;3;0;4;0;4;0;3;1;3;2;3;3;4;4;5;4;5;4;5;3;4;3;3;3;2;4;2;5;3;6;3;6;4;5;3;5;3;5;2;5;0;1;0;0;-1;-1;0;-1;0;-1;-2;1;-5;3;-13;10;-14;9;-15;9;-16;8;-16;7;-16;6;-17;4;-18;3;-19;2;-20;1;-20;1;-19;0;-18;-1;-17;-2;-17;-3;-17;-4;-17;-5;-16;-5;-15;-4;-14;-4;-12;-4;-11;-5;-10;-6;-9;-7;-9;-7;-9;-6;-8;-5;-8;-4;-102;0;47;-23;46;-23;44;-23;43;-23;41;-23;40;-23;39;-23;37;-23;35;-23;34;-23;33;-23;32;-23;32;-23;32;-24;31;-24;31;-24;31;-23;31;-23;31;-22;31;-21;31;-20;30;-19;30;-18;30;-17;30;-16;30;-14;31;-12;31;-11;11;-4;3;-1;-1;0;-2;0;-1;0;2;-2;7;-5;21;-13;21;-13;22;-13;23;-12;24;-12;26;-13;27;-12;29;-12;30;-12;30;-12;31;-12;32;-12;34;-12;35;-12;36;-11;36;-11;37;-12;37;-13;38;-14;39;-15;40;-17;42;-18;42;-18;43;-19;44;-20;45;-21;46;-22;47;-22,stable,EXP_S143,ZONE_02,entree_zone,4.1,entree_zone,entree dans la zone
674452328,-52,6,a0:9f:7a:73:2b:3e,384,-110;-96;8;0;28;-8;28;-8;27;-8;26;-8;24;-9;22;-10;20;-12;19;-13;18;-14;18;-15;18;-16;19;-17;19;-16;18;-15;18;-14;17;-13;15;-13;13;-13;11;-14;9;-14;8;-16;8;-17;8;-18;9;-19;10;-19;2;-5;0;0;0;0;0;0;0;0;0;0;0;0;0;0;0;0;0;0;5;1;21;7;20;11;19;15;17;17;13;19;10;19;7;17;6;13;6;9;7;5;10;2;14;0;19;-1;23;0;27;3;28;5;29;8;29;10;28;11;26;10;24;9;23;7;22;4;22;1;23;-2;24;-4;-101;0;-3;-6;-2;-6;-1;-5;0;-4;0;-3;1;-2;1;-1;2;0;2;1;2;1;2;2;2;2;2;3;2;4;2;5;2;6;2;6;1;7;1;7;1;7;1;7;0;7;0;8;0;8;0;8;-1;8;-1;7;-1;7;-1;2;-1;0;0;-1;1;-1;0;0;-2;0;-7;1;-20;2;-20;1;-20;0;-20;-2;-20;-3;-20;-4;-20;-6;-20;-7;-20;-8;-19;-9;-19;-10;-18;-11;-17;-11;-16;-12;-15;-12;-14;-13;-13;-13;-13;-13;-12;-13;-11;-13;-10;-12;-9;-12;-8;-12;-8;-12;-7;-11;-7;-10;-6;-10;-6;-9;-101;0;54;5;54;4;53;4;52;3;51;3;49;2;48;1;47;0;45;-1;44;-2;43;-3;42;-4;42;-5;42;-5;42;-5;42;-5;41;-4;41;-4;40;-3;40;-2;39;-2;38;-1;37;0;36;0;36;2;36;4;35;6;35;7;12;3;3;1;-2;-1;-2;0;-1;-1;2;-1;9;-1;25;0;26;1;26;2;27;2;28;3;29;4;31;4;32;5;33;6;35;6;36;7;36;8;37;8;38;9;38;9;39;10;40;9;41;9;42;8;43;8;45;8;47;8;48;7;50;7;51;6;53;6;54;5;55;5,stable,EXP_S143,ZONE_02,entree_zone,4.1,entree_zone,entree dans la zone
674652430,-52,6,a0:9f:7a:73:2b:3e,384,-110;-96;8;0;24;-15;24;-16;24;-15;22;-15;20;-15;18;-16;16;-17;15;-18;14;-19;13;-20;13;-20;13;-20;13;-20;13;-20;12;-19;12;-18;10;-17;8;-16;6;-16;5;-16;3;-17;3;-19;3;-20;4;-20;5;-21;1;-6;0;0;0;0;0;0;0;0;0;0;0;0;0;0;0;0;0;0;5;0;21;2;22;5;22;9;20;12;17;14;14;15;11;13;9;10;8;7;8;3;10;-1;14;-4;18;-6;22;-6;26;-5;28;-3;29;-1;29;1;29;3;27;3;25;2;23;1;22;-2;21;-4;21;-7;22;-10;-98;0;-3;-4;-4;-6;-5;-6;-6;-5;-5;-2;-3;0;0;1;3;1;4;-1;4;-2;3;-3;2;-1;2;1;3;3;5;4;7;3;8;2;7;1;5;0;4;2;3;4;4;6;5;6;7;6;7;4;6;3;5;2;4;2;1;0;0;0;-1;-1;0;-1;0;-1;-2;1;-5;5;-12;14;-13;14;-14;15;-15;14;-15;13;-15;11;-16;9;-18;7;-20;7;-21;7;-21;8;-20;7;-19;6;-18;4;-18;1;-19;0;-20;-1;-20;0;-19;1;-17;2;-14;1;-12;-1;-12;-4;-13;-5;-14;-5;-14;-3;-13;-1;-12;1;-98;0;39;-38;38;-37;37;-37;36;-36;34;-36;33;-36;31;-35;29;-35;28;-35;26;-34;25;-35;24;-35;23;-35;23;-35;23;-34;23;-34;23;-34;23;-33;23;-33;24;-32;24;-31;24;-30;23;-29;23;-28;23;-27;25;-26;26;-24;28;-23;10;-8;3;-3;-1;0;-2;1;-1;0;1;-2;6;-7;17;-18;17;-18;18;-18;18;-18;20;-19;22;-20;24;-20;25;-20;26;-20;27;-20;27;-21;28;-22;30;-23;31;-23;32;-23;33;-22;33;-22;32;-23;33;-25;33;-27;35;-29;36;-30;37;-31;37;-32;37;-34;37;-36;38;-38;39;-39,stable,EXP_S143,ZONE_02,entree_zone,4.1,entree_zone,entree dans la zone
674856799,-52,6,a0:9f:7a:73:2b:3e,384,-110;-96;8;0;11;25;11;25;11;25;11;23;12;22;12;20;13;18;14;17;15;16;16;15;17;15;18;15;17;15;17;14;16;14;15;12;14;11;14;9;14;7;15;5;16;4;17;4;18;4;19;5;20;6;5;1;0;0;0;0;0;0;0;0;0;0;0;0;0;0;0;0;0;0;-2;5;-6;21;-9;21;-14;20;-16;18;-18;14;-18;11;-16;8;-13;6;-9;6;-4;7;-1;10;1;14;2;18;2;22;1;26;-2;28;-4;29;-6;29;-8;28;-8;26;-7;24;-5;23;-3;21;0;21;4;21;7;22;-107;0;4;-4;4;-4;4;-3;3;-3;2;-3;0;-2;-1;-1;-2;1;-2;2;-2;2;-3;2;-3;2;-4;2;-5;2;-6;2;-6;3;-6;3;-6;3;-6;3;-6;2;-7;1;-8;1;-8;1;-9;2;-8;2;-8;2;-7;1;-7;0;-3;0;-1;-1;0;-1;0;1;0;0;-2;-2;-4;-6;-10;-17;-9;-18;-8;-19;-7;-20;-6;-20;-4;-20;-3;-20;-1;-21;0;-22;1;-22;2;-22;2;-22;3;-21;4;-19;5;-18;6;-18;7;-17;7;-17;6;-16;6;-15;6;-14;6;-12;7;-11;8;-11;8;-11;7;-11;6;-10;5;-10;-107;0;14;51;14;50;14;49;14;47;14;46;15;44;16;43;16;41;17;40;17;39;17;38;17;37;18;36;18;36;18;36;18;36;17;36;17;36;16;35;15;35;14;34;13;34;12;33;12;33;10;33;9;33;7;33;5;34;1;12;0;3;-1;-2;-1;-2;-1;-1;1;2;3;8;9;22;8;23;8;23;7;25;7;26;7;28;7;29;6;30;6;31;6;32;6;34;6;35;6;36;6;37;5;38;5;38;5;39;6;39;7;40;8;42;9;43;9;45;10;46;11;48;12;49;13;50;14;51;14;51,stable,EXP_S143,ZONE_02,entree_zone,4.1,entree_zone,entree dans la zone
675053785,-52,6,a0:9f:7a:73:2b:3e,384,-110;-96;8;0;-29;-6;-29;-6;-29;-6;-28;-5;-27;-3;-26;-2;-25;0;-24;2;-24;4;-24;5;-24;6;-24;6;-24;6;-23;6;-21;6;-20;6;-18;7;-16;8;-14;9;-13;11;-13;12;-13;14;-13;15;-15;15;-16;15;-4;3;0;0;0;0;0;0;0;0;0;0;0;0;0;0;0;0;0;0;-3;-6;-10;-22;-8;-25;-4;-27;0;-27;4;-25;6;-22;7;-18;5;-14;2;-10;-2;-8;-7;-7;-12;-9;-17;-11;-20;-15;-22;-19;-22;-23;-21;-26;-19;-27;-18;-27;-16;-26;-15;-24;-15;-21;-16;-17;-17;-14;-20;-11;-22;-10;-110;0;0;7;0;7;0;6;0;5;0;4;0;2;0;0;-1;-1;-1;-2;-1;-3;0;-3;0;-4;1;-5;1;-6;1;-6;1;-7;1;-7;2;-7;2;-7;2;-7;3;-7;3;-8;3;-8;4;-8;4;-8;4;-7;4;-7;4;-7;1;-3;0;-1;-1;0;-2;-1;-1;-1;2;0;7;2;20;7;20;9;19;10;19;12;18;13;17;14;17;15;16;16;15;17;15;18;14;19;13;19;12;19;10;19;9;19;8;19;7;19;6;19;6;18;5;17;5;16;4;16;4;15;3;15;3;14;3;14;3;13;2;13;-110;0;-48;-28;-48;-27;-47;-26;-47;-25;-46;-23;-45;-21;-45;-20;-44;-18;-43;-17;-42;-16;-41;-15;-41;-14;-41;-13;-41;-12;-41;-12;-41;-12;-41;-12;-40;-12;-40;-12;-39;-12;-38;-13;-37;-13;-36;-13;-35;-14;-34;-15;-33;-16;-32;-18;-31;-19;-12;-8;-4;-3;1;0;1;0;0;0;-3;-2;-9;-5;-23;-12;-23;-13;-23;-14;-24;-15;-24;-16;-25;-17;-26;-18;-27;-19;-28;-20;-29;-22;-30;-23;-30;-24;-31;-25;-31;-26;-31;-27;-32;-27;-33;-27;-34;-27;-35;-27;-37;-27;-39;-27;-41;-27;-42;-27;-44;-28;-45;-28;-47;-29;-48;-29;-49;-30,stable,EXP_S143,ZONE_02,entree_zone,4.1,entree_zone,entree dans la zone
675252310,-53,6,a0:9f:7a:73:2b:3e,384,-110;-96;8;0;-5;26;-5;27;-5;27;-4;26;-3;25;-2;24;0;23;1;22;3;21;5;21;6;21;6;21;6;21;6;20;6;19;6;17;7;15;8;14;9;13;10;12;12;12;13;12;14;12;14;13;14;14;3;3;0;0;0;0;0;0;0;0;0;0;0;0;0;0;0;0;0;0;-5;2;-20;10;-23;7;-24;4;-25;0;-24;-3;-21;-5;-18;-6;-14;-5;-10;-2;-8;2;-7;6;-8;11;-10;15;-13;19;-17;20;-21;21;-23;20;-25;18;-25;17;-25;15;-23;14;-20;13;-16;14;-13;16;-10;18;-8;20;-100;0;7;-2;7;-1;6;-1;5;-1;4;-2;2;-2;1;-2;-1;-2;-2;-1;-2;-1;-3;-1;-3;-2;-4;-2;-4;-3;-5;-3;-6;-3;-6;-2;-6;-2;-6;-3;-6;-3;-6;-4;-6;-4;-7;-4;-7;-4;-7;-4;-7;-4;-6;-4;-6;-4;-2;-2;-1;-1;0;0;-1;1;-1;0;0;-2;3;-7;10;-17;11;-17;12;-17;14;-16;15;-15;15;-14;16;-13;17;-12;18;-12;19;-11;19;-11;19;-10;19;-10;18;-9;18;-8;18;-7;18;-6;18;-6;17;-5;16;-5;15;-5;15;-4;14;-3;14;-3;14;-3;13;-4;12;-4;11;-4;-100;0;-30;44;-28;43;-27;43;-25;42;-23;42;-22;41;-20;41;-18;40;-16;39;-15;38;-13;38;-12;38;-11;38;-10;38;-10;38;-10;38;-10;38;-10;37;-10;37;-10;36;-10;35;-10;34;-9;34;-9;33;-10;33;-11;32;-12;31;-14;31;-5;11;-2;3;0;-2;0;-2;0;-1;-2;2;-6;6;-16;18;-17;18;-18;18;-18;18;-19;19;-21;19;-22;20;-23;21;-24;21;-25;22;-26;23;-26;23;-27;24;-28;25;-29;25;-29;26;-29;27;-29;28;-29;29;-29;31;-30;33;-31;35;-31;36;-30;37;-30;39;-30;41;-30;43;-31;44,stable,EXP_S143,ZONE_02,entree_zone,4.1,entree_zone,entree dans la zone
675453963,-52,6,a0:9f:7a:73:2b:3e,384,-110;-96;8;0;-1;27;0;28;0;28;0;27;1;26;2;25;3;23;5;22;6;21;8;20;9;19;9;19;9;18;10;17;10;16;10;15;11;14;11;12;12;11;13;10;15;9;16;9;16;9;17;10;17;10;4;2;0;0;0;0;0;0;0;0;0;0;0;0;0;0;0;0;0;0;-5;3;-20;11;-23;8;-25;5;-25;1;-24;-2;-22;-5;-18;-6;-14;-5;-10;-2;-8;2;-6;7;-7;12;-9;17;-12;20;-16;22;-19;23;-22;22;-24;21;-24;20;-24;18;-22;16;-19;15;-15;16;-11;17;-8;18;-6;20;-110;0;7;-5;7;-5;7;-4;6;-4;4;-4;3;-3;1;-3;0;-3;-1;-2;-1;-1;-1;-1;-2;-2;-3;-2;-4;-2;-5;-2;-5;-1;-6;-1;-6;-1;-6;-1;-6;-2;-6;-2;-7;-2;-7;-2;-7;-2;-7;-2;-6;-2;-6;-3;-6;-3;-2;-1;-1;-1;0;0;-1;1;-1;0;0;-3;1;-8;4;-20;5;-21;6;-21;8;-21;9;-20;10;-20;11;-19;12;-19;13;-18;14;-18;15;-18;15;-18;15;-16;15;-15;16;-14;16;-13;16;-13;16;-12;15;-12;14;-12;14;-11;13;-10;13;-9;13;-9;13;-9;12;-9;11;-9;10;-8;-110;0;-11;51;-10;51;-9;50;-8;49;-6;47;-5;46;-4;45;-2;44;-1;43;0;42;1;41;3;40;4;39;4;39;5;39;5;39;5;38;5;38;4;38;4;37;4;36;4;36;3;35;3;34;2;34;1;34;-1;33;-2;34;-1;12;-1;3;-1;-2;0;-2;0;-1;-1;2;-3;8;-8;23;-8;23;-9;23;-10;24;-11;25;-12;26;-12;27;-13;28;-14;29;-15;30;-15;31;-16;32;-16;33;-17;34;-17;34;-17;35;-17;36;-17;37;-16;38;-16;40;-16;42;-15;44;-15;45;-15;47;-14;48;-13;49;-12;51;-12;52,stable,EXP_S143,ZONE_02,entree_zone,4.1,entree_zone,entree dans la zone
675652251,-53,6,a0:9f:7a:73:2b:3e,384,-110;-96;8;0;-21;19;-21;20;-21;20;-20;19;-19;18;-17;18;-15;18;-13;18;-10;18;-8;19;-7;19;-6;20;-5;19;-4;19;-3;19;-2;18;-1;17;0;17;2;17;3;17;4;17;5;17;6;17;6;18;6;18;1;4;0;0;0;0;0;0;0;0;0;0;0;0;0;0;0;0;0;0;-6;-3;-21;-11;-20;-14;-18;-18;-15;-20;-12;-21;-8;-20;-6;-17;-4;-13;-4;-9;-6;-4;-10;0;-14;3;-19;4;-24;4;-28;2;-31;-1;-32;-3;-32;-5;-30;-7;-28;-8;-26;-7;-23;-5;-21;-2;-19;3;-18;7;-18;10;-116;0;8;5;8;6;7;5;6;5;5;4;4;3;3;1;2;1;1;0;0;0;0;0;0;-1;0;-2;0;-3;-1;-3;-2;-4;-2;-3;-2;-3;-2;-4;-2;-4;-1;-5;-2;-5;-2;-6;-2;-6;-2;-5;-2;-5;-1;-5;-1;-5;-1;-2;0;-1;0;0;-2;0;-1;0;1;-1;6;-3;19;-7;20;-6;21;-5;21;-4;22;-3;21;-1;22;0;22;1;23;3;23;3;23;4;22;4;22;5;21;6;20;7;20;8;19;8;19;8;18;8;18;8;17;8;16;8;15;9;15;9;14;9;14;8;13;7;13;6;-116;0;-49;19;-48;19;-46;19;-45;19;-43;20;-41;20;-39;21;-38;22;-36;22;-35;22;-33;23;-32;23;-31;24;-31;25;-30;25;-30;25;-30;25;-29;24;-29;24;-29;23;-28;23;-28;22;-27;21;-27;21;-28;20;-28;19;-29;17;-29;16;-11;5;-4;1;0;-1;1;-1;0;-1;-3;0;-9;2;-23;6;-24;5;-25;5;-26;5;-27;5;-29;5;-30;5;-31;5;-32;5;-33;4;-34;4;-35;4;-36;4;-38;4;-39;4;-39;4;-40;5;-40;6;-41;7;-42;8;-43;9;-45;10;-46;12;-47;13;-47;14;-48;15;-49;16;-50;17,stable,EXP_S143,ZONE_02,entree_zone,4.1,entree_zone,entree dans la zone
675852908,-52,6,a0:9f:7a:73:2b:3e,384,-110;-96;8;0;23;16;24;17;23;17;23;16;22;15;21;13;20;11;20;8;20;6;20;4;20;3;21;1;21;1;20;0;20;-1;19;-2;18;-3;18;-4;17;-5;17;-6;16;-7;16;-8;17;-8;17;-9;18;-9;4;-3;0;0;0;0;0;0;0;0;0;0;0;0;0;0;0;0;0;0;-1;5;-5;23;-8;23;-12;22;-16;19;-17;16;-17;13;-15;9;-11;7;-7;6;-2;6;3;9;6;13;8;17;9;22;8;26;6;30;4;31;2;32;0;30;-1;28;-1;25;1;22;3;19;7;17;11;15;14;15;-107;0;2;-6;2;-5;2;-5;2;-5;1;-4;1;-3;0;-3;0;-2;0;-1;0;-1;0;-1;0;-1;-1;-1;-1;-1;-2;0;-2;0;-2;1;-1;1;-2;0;-2;0;-2;0;-2;0;-3;1;-3;1;-2;1;-2;1;-2;0;-2;0;-1;0;-1;-1;0;-1;0;0;0;0;-1;-1;-3;-3;-8;-8;-8;-9;-7;-9;-7;-10;-6;-10;-6;-10;-5;-11;-5;-11;-4;-12;-4;-12;-3;-12;-3;-12;-2;-12;-1;-12;-1;-11;0;-11;0;-11;0;-11;0;-11;0;-11;1;-10;1;-9;1;-9;1;-9;2;-9;2;-9;1;-8;1;-8;-107;0;16;20;16;19;16;19;16;18;16;17;16;16;16;15;16;14;16;13;16;13;16;12;16;12;16;11;16;11;16;11;16;11;16;11;15;11;15;10;15;10;14;10;14;10;13;10;13;11;12;11;12;12;11;12;10;13;3;4;1;1;-1;-1;-1;-1;-1;-1;0;0;3;3;8;8;8;8;8;9;8;10;8;10;8;11;8;12;9;12;9;13;9;13;10;14;10;15;10;15;10;16;10;16;10;16;10;17;10;17;11;17;12;17;13;17;13;18;14;18;14;19;15;19;16;19;16;20;17;20,stable,EXP_S143,ZONE_02,entree_zone,4.1,entree_zone,entree dans la zone
676055011,-53,6,a0:9f:7a:73:2b:3e,384,-110;-96;8;0;-19;-22;-19;-23;-19;-23;-18;-22;-17;-20;-17;-18;-17;-16;-17;-13;-18;-11;-18;-9;-19;-8;-20;-7;-20;-6;-20;-5;-20;-4;-20;-3;-19;-3;-18;-1;-18;0;-18;1;-18;2;-18;3;-18;4;-19;4;-19;4;-5;1;0;0;0;0;0;0;0;0;0;0;0;0;0;0;0;0;0;0;2;-5;12;-20;15;-18;19;-16;20;-13;20;-9;19;-6;16;-4;11;-3;7;-4;2;-6;-1;-10;-3;-15;-3;-20;-2;-25;0;-29;3;-31;5;-31;8;-31;9;-29;9;-26;8;-23;5;-21;1;-19;-3;-18;-7;-18;-11;-18;-119;0;-7;8;-7;8;-7;8;-6;8;-5;7;-4;6;-3;4;-3;2;-3;0;-3;0;-3;0;-2;1;-1;0;0;-1;1;-2;1;-3;0;-3;0;-3;0;-3;1;-2;2;-1;3;-2;3;-3;3;-3;3;-4;2;-3;2;-2;2;-1;0;-1;0;0;-1;0;-1;-2;-1;-1;1;1;4;6;11;17;11;18;10;19;9;19;8;20;7;20;5;21;4;22;3;23;2;23;2;24;1;23;0;22;-2;22;-3;21;-5;21;-5;22;-5;21;-5;21;-4;19;-5;18;-5;16;-7;16;-7;16;-8;17;-7;16;-6;15;-5;14;-119;0;-32;-41;-32;-40;-32;-38;-32;-37;-32;-34;-32;-32;-32;-31;-32;-30;-32;-28;-32;-27;-32;-25;-32;-24;-32;-23;-33;-22;-33;-22;-33;-22;-33;-22;-32;-22;-31;-22;-31;-22;-30;-22;-29;-22;-28;-21;-27;-21;-26;-22;-25;-23;-24;-24;-23;-25;-8;-9;-3;-3;0;0;0;1;0;0;-2;-2;-6;-7;-15;-19;-15;-19;-15;-20;-15;-21;-16;-22;-16;-24;-16;-25;-17;-27;-17;-28;-17;-29;-18;-30;-18;-31;-18;-32;-18;-33;-18;-34;-18;-34;-18;-34;-19;-34;-21;-35;-23;-35;-24;-37;-25;-38;-27;-39;-28;-39;-29;-40;-30;-40;-32;-40;-33;-41,stable,EXP_S143,ZONE_02,entree_zone,4.1,entree_zone,entree dans la zone
676253104,-53,6,a0:9f:7a:73:2b:3e,384,-110;-96;8;0;-7;-29;-7;-30;-7;-30;-6;-28;-7;-26;-7;-24;-9;-21;-10;-19;-12;-18;-13;-17;-15;-16;-16;-15;-16;-14;-17;-14;-17;-13;-17;-12;-16;-11;-16;-10;-17;-9;-17;-7;-17;-6;-18;-6;-18;-5;-19;-5;-19;-6;-5;-2;0;0;0;0;0;0;0;0;0;0;0;0;0;0;0;0;0;0;4;-4;18;-14;21;-11;23;-8;23;-4;22;-1;19;1;15;2;11;1;7;-2;4;-6;3;-11;3;-16;5;-21;9;-24;12;-26;15;-27;18;-26;19;-25;20;-23;18;-20;16;-19;12;-17;8;-17;4;-18;0;-20;-3;-22;-108;0;-12;1;-12;0;-11;0;-10;0;-9;1;-7;0;-5;0;-4;-1;-3;-2;-2;-2;-2;-2;-1;-2;0;-1;1;-1;2;-1;2;-2;2;-2;2;-2;2;-2;2;-1;2;0;3;0;3;0;4;0;3;-1;3;-1;2;0;2;0;0;0;0;0;-1;0;0;-2;0;-1;-1;2;-1;7;-4;20;-5;20;-6;20;-8;20;-9;19;-10;19;-12;18;-14;18;-15;18;-16;18;-16;17;-16;17;-17;16;-17;14;-18;13;-19;12;-19;11;-19;11;-18;10;-17;9;-16;8;-16;7;-17;6;-17;6;-17;6;-17;6;-16;6;-15;5;-108;0;4;-53;3;-52;2;-51;1;-49;0;-48;-1;-47;-2;-45;-3;-44;-4;-43;-5;-42;-6;-41;-7;-40;-8;-40;-9;-39;-9;-39;-9;-39;-9;-38;-9;-38;-8;-38;-8;-37;-7;-37;-7;-36;-6;-36;-6;-35;-5;-35;-3;-35;-1;-35;0;-34;0;-13;0;-4;0;1;-1;1;-1;0;0;-3;0;-9;1;-24;2;-25;3;-25;3;-26;4;-27;4;-28;5;-30;6;-31;6;-32;7;-33;7;-34;8;-35;9;-36;10;-36;10;-37;10;-38;10;-38;9;-39;9;-41;8;-42;8;-44;7;-46;7;-47;6;-48;6;-49;5;-51;5;-52;4;-54,stable,EXP_S143,ZONE_02,entree_zone,4.1,entree_zone,entree dans la zone
676455476,-53,6,a0:9f:7a:73:2b:3e,384,-110;-96;8;0;-25;10;-25;10;-25;9;-24;9;-22;9;-19;9;-17;10;-15;11;-13;12;-12;13;-11;14;-10;15;-9;16;-9;16;-8;16;-8;16;-7;15;-6;15;-4;15;-3;15;-2;15;-1;15;-1;15;-1;16;-1;16;-1;4;0;0;0;0;0;0;0;0;0;0;0;0;0;0;0;0;0;0;-4;-4;-14;-16;-12;-19;-9;-21;-6;-21;-3;-20;0;-17;1;-14;0;-10;-3;-6;-6;-3;-11;-2;-15;-2;-20;-3;-23;-5;-25;-8;-26;-11;-25;-14;-24;-15;-22;-15;-20;-14;-18;-12;-16;-9;-16;-5;-16;-1;-17;3;-19;5;-109;0;2;9;2;10;2;10;2;9;2;7;2;5;0;3;-1;2;-2;2;-3;2;-2;2;-2;1;-1;0;-1;-2;-2;-3;-3;-3;-3;-3;-3;-2;-3;-1;-1;-2;0;-3;0;-4;0;-4;-1;-4;-2;-4;-2;-3;-1;-3;-1;-2;0;-1;0;-1;0;0;-2;0;-1;0;1;-1;6;-2;18;-5;19;-4;19;-3;19;-1;19;0;19;2;19;4;19;5;20;7;20;8;20;8;19;8;18;9;17;10;16;11;15;13;15;13;15;13;14;12;13;11;11;11;9;12;8;13;8;14;8;14;8;13;8;12;8;11;-109;0;-46;8;-45;8;-44;9;-42;9;-41;10;-40;10;-38;11;-37;12;-36;12;-34;12;-33;12;-33;13;-33;13;-33;14;-32;14;-32;14;-32;13;-31;13;-31;12;-31;12;-30;11;-30;10;-30;9;-30;9;-29;7;-29;6;-29;5;-29;4;-11;1;-4;0;0;-1;1;-1;0;-1;-2;0;-7;2;-20;6;-20;6;-21;6;-22;6;-24;6;-25;6;-26;5;-27;4;-28;4;-29;4;-30;4;-31;4;-32;3;-34;2;-34;2;-35;2;-35;2;-35;3;-36;4;-37;5;-39;5;-41;6;-42;6;-42;6;-43;7;-44;7;-45;8;-46;8,stable,EXP_S143,ZONE_02,entree_zone,4.1,entree_zone,entree dans la zone
676653252,-53,6,a0:9f:7a:73:2b:3e,384,-110;-96;8;0;28;10;28;11;27;11;25;10;23;9;22;7;20;4;20;2;19;-1;19;-3;19;-5;20;-6;20;-6;20;-7;19;-7;18;-7;17;-7;16;-8;15;-9;14;-10;13;-11;13;-11;13;-12;13;-12;14;-13;3;-3;0;0;0;0;0;0;0;0;0;0;0;0;0;0;0;0;0;0;0;5;0;22;-3;23;-7;22;-10;20;-12;17;-12;13;-10;10;-6;7;-2;6;3;6;8;8;12;12;14;16;15;20;14;24;13;27;10;28;8;28;6;27;5;25;6;21;7;18;10;14;13;11;17;10;20;9;-111;0;5;-10;5;-10;5;-10;4;-10;3;-8;2;-6;2;-4;3;-3;3;-2;4;-1;3;-1;2;-1;1;-1;0;0;0;2;0;2;1;3;1;2;0;2;-1;1;-2;2;-3;2;-3;3;-2;3;-2;3;-1;3;-1;2;-2;1;-1;0;-1;0;-1;-1;1;0;0;0;-2;-2;-6;-5;-17;-12;-17;-13;-16;-15;-15;-16;-14;-17;-13;-18;-12;-19;-11;-20;-11;-22;-10;-23;-10;-23;-9;-22;-7;-22;-5;-21;-4;-21;-3;-22;-2;-22;-2;-22;-2;-21;-1;-20;0;-19;1;-18;3;-18;3;-18;3;-18;3;-17;2;-16;2;-15;-111;0;45;23;45;23;44;22;43;20;42;18;42;17;41;16;40;14;39;14;38;13;37;11;37;10;37;9;37;9;37;8;37;8;37;8;36;8;36;8;35;8;34;9;33;9;32;10;32;10;31;11;30;12;29;14;28;15;10;5;2;2;-2;-1;-2;-1;-1;-1;2;0;7;3;20;8;20;9;21;10;21;11;22;12;23;13;24;14;25;15;26;15;27;16;27;17;28;18;29;20;29;21;29;22;30;22;31;22;32;22;33;22;35;22;37;22;39;23;40;23;41;23;42;23;44;23;45;23;46;23,stable,EXP_S143,ZONE_02,entree_zone,4.1,entree_zone,entree dans la zone
676852304,-52,6,a0:9f:7a:73:2b:3e,384,-110;-96;8;0;28;15;27;15;26;15;24;15;22;13;21;11;20;8;19;5;19;2;20;0;20;-2;21;-3;21;-3;21;-4;21;-4;21;-4;20;-5;19;-5;18;-6;17;-7;16;-8;16;-9;16;-9;16;-10;16;-10;4;-3;0;0;0;0;0;0;0;0;0;0;0;0;0;0;0;0;0;0;0;5;-2;23;-5;23;-9;22;-12;20;-13;16;-12;13;-10;9;-7;7;-2;6;4;7;8;10;11;14;13;19;13;23;12;27;10;29;7;30;5;30;3;28;3;25;3;22;5;19;8;16;13;13;17;12;21;12;-104;0;7;-10;7;-10;7;-10;6;-9;5;-8;4;-6;4;-4;4;-3;4;-2;4;-2;4;-2;3;-2;2;-1;1;0;0;1;1;2;1;3;1;2;1;2;0;1;-1;1;-2;2;-3;3;-3;3;-2;3;-2;2;-2;2;-2;1;-1;0;-1;-1;0;0;1;0;0;0;-2;-2;-6;-5;-17;-14;-16;-15;-15;-16;-14;-17;-13;-17;-12;-18;-10;-20;-9;-21;-8;-23;-8;-23;-7;-23;-6;-23;-5;-22;-3;-22;-1;-22;-1;-22;0;-23;0;-22;0;-22;1;-20;2;-19;4;-18;5;-18;5;-18;5;-18;4;-18;4;-17;3;-16;-104;0;45;27;45;26;45;25;44;23;44;22;43;21;41;20;41;18;40;17;39;16;39;14;38;13;38;12;38;11;38;11;38;11;38;11;37;12;37;12;36;13;35;13;34;13;33;13;32;13;32;14;31;16;30;17;29;18;10;7;3;2;-2;-1;-2;-1;-1;-1;2;1;7;3;21;9;21;10;21;10;22;11;23;12;24;14;24;15;25;16;26;17;27;18;28;19;29;21;30;22;30;23;30;24;30;24;31;24;32;24;34;24;36;25;37;25;39;26;40;26;41;26;42;26;44;26;46;26;47;27,stable,EXP_S143,ZONE_02,entree_zone,4.1,entree_zone,entree dans la zone
677052972,-53,6,a0:9f:7a:73:2b:3e,384,-110;-96;8;0;32;-11;32;-10;31;-9;29;-8;26;-9;23;-9;20;-11;17;-12;15;-14;13;-16;12;-19;11;-20;11;-21;11;-21;10;-21;9;-21;8;-20;7;-20;6;-19;4;-19;3;-19;2;-19;1;-20;0;-20;0;-21;0;-6;0;0;0;0;0;0;0;0;0;0;0;0;0;0;0;0;0;0;3;5;11;21;8;23;4;25;0;24;-3;21;-5;18;-4;13;-2;9;2;5;7;2;13;2;19;3;24;6;27;10;28;14;28;17;26;20;24;21;22;21;19;19;17;15;16;11;16;5;18;0;21;-5;23;-8;-106;0;0;-8;0;-8;0;-7;0;-7;0;-6;0;-5;1;-4;1;-3;1;-3;1;-3;1;-2;1;-2;1;-1;1;-1;1;0;1;0;1;0;1;0;1;0;0;0;0;1;0;1;0;1;0;1;0;1;0;1;0;1;-1;0;-1;0;-1;0;-1;-1;0;0;0;0;-2;0;-5;-1;-12;-2;-12;-3;-12;-3;-12;-4;-12;-5;-12;-6;-11;-7;-11;-8;-11;-9;-11;-9;-10;-9;-10;-10;-9;-10;-8;-10;-8;-11;-7;-11;-7;-11;-7;-11;-6;-11;-6;-11;-5;-11;-4;-11;-4;-11;-3;-11;-3;-10;-3;-10;-3;-10;-3;-10;-106;0;27;-1;27;-2;26;-2;26;-2;25;-2;24;-3;24;-3;23;-4;22;-4;21;-5;21;-5;20;-5;20;-6;20;-6;20;-6;20;-6;20;-6;20;-6;20;-5;19;-5;19;-4;18;-4;18;-4;18;-4;18;-3;18;-2;18;-1;18;0;6;0;1;0;-1;0;-1;0;-1;0;1;-1;4;-1;11;-2;11;-2;12;-2;12;-1;13;-1;14;-1;14;-1;15;0;16;0;17;0;17;0;18;0;18;1;19;1;19;1;20;1;20;1;21;1;21;1;22;1;23;1;24;0;24;0;25;0;26;-1;26;-1;27;-2;28;-2,stable,EXP_S143,ZONE_02,entree_zone,4.1,entree_zone,entree dans la zone
677252138,-53,6,a0:9f:7a:73:2b:3e,384,-110;-96;8;0;-11;30;-12;29;-12;28;-11;26;-10;24;-7;22;-4;20;-1;19;2;18;4;18;7;18;8;19;9;19;9;19;10;19;10;18;10;18;10;16;11;15;11;13;12;12;13;11;13;11;14;11;14;11;3;2;0;0;0;0;0;0;0;0;0;0;0;0;0;0;0;0;0;0;-6;-1;-23;-4;-23;-7;-21;-11;-19;-14;-15;-14;-12;-13;-8;-11;-6;-6;-6;-1;-7;4;-10;9;-14;12;-19;14;-23;14;-27;12;-30;10;-31;8;-30;6;-28;4;-25;3;-21;4;-17;6;-13;9;-10;13;-9;18;-8;22;-115;0;11;8;11;8;10;7;9;7;8;6;6;5;4;4;2;5;1;5;1;5;1;5;1;4;0;2;-1;2;-2;1;-3;2;-3;2;-3;2;-3;2;-2;1;-2;0;-3;-1;-3;-1;-4;-1;-4;0;-3;0;-3;-1;-2;-1;-1;-1;-1;-1;0;-1;-1;1;-1;0;1;-2;4;-7;13;-17;14;-16;15;-16;16;-15;17;-13;18;-12;20;-11;21;-9;22;-9;23;-8;23;-7;23;-6;22;-5;22;-3;22;-2;22;0;23;0;22;1;21;1;20;1;19;3;18;4;18;5;18;6;18;6;17;5;16;5;15;4;-115;0;-23;45;-23;45;-21;44;-20;44;-19;43;-17;43;-16;42;-15;41;-13;40;-12;39;-11;39;-10;39;-9;39;-8;39;-8;39;-8;38;-8;38;-8;38;-9;37;-9;36;-9;36;-10;35;-10;34;-11;33;-11;33;-13;32;-14;31;-16;31;-6;11;-3;3;0;-2;0;-2;0;-1;-1;2;-4;7;-9;19;-10;20;-10;20;-11;21;-12;22;-14;23;-15;24;-16;25;-17;25;-17;26;-18;27;-19;28;-20;29;-21;29;-22;29;-22;30;-22;30;-22;32;-22;33;-23;35;-23;37;-24;38;-24;39;-24;41;-24;42;-23;44;-23;45;-24;47,stable,EXP_S143,ZONE_02,entree_zone,4.1,entree_zone,entree dans la zone
677452431,-53,6,a0:9f:7a:73:2b:3e,384,-110;-96;8;0;8;-34;9;-34;9;-33;9;-30;7;-28;5;-25;2;-23;-2;-21;-5;-20;-7;-20;-10;-20;-12;-20;-13;-20;-14;-20;-14;-20;-14;-19;-14;-18;-14;-17;-14;-15;-15;-14;-16;-13;-16;-12;-17;-11;-18;-11;-18;-11;-5;-3;0;0;0;0;0;0;0;0;0;0;0;0;0;0;0;0;0;0;6;0;24;5;24;8;22;12;19;14;15;15;11;14;7;10;5;6;5;0;6;-6;10;-11;14;-14;20;-16;25;-16;29;-15;31;-13;32;-10;32;-8;29;-6;26;-5;22;-6;17;-8;13;-11;9;-15;7;-21;6;-25;-115;0;-8;-4;-8;-4;-7;-4;-7;-4;-6;-4;-5;-3;-4;-3;-3;-3;-3;-4;-2;-4;-2;-4;-2;-3;-2;-2;-1;-2;0;-2;0;-2;0;-2;0;-2;0;-2;0;-2;0;-1;1;-1;1;-1;2;-1;1;-1;1;-1;1;-1;0;-1;0;-1;0;0;-1;0;0;-1;0;-1;-1;1;-3;3;-7;10;-8;9;-8;9;-9;9;-9;8;-10;8;-11;7;-12;6;-12;6;-13;5;-13;5;-13;4;-12;3;-13;2;-13;1;-13;1;-13;0;-13;0;-13;0;-12;0;-12;-1;-12;-1;-12;-2;-12;-2;-12;-2;-11;-2;-11;-2;-10;-2;-115;0;8;-27;8;-27;8;-26;7;-26;6;-25;5;-25;5;-24;4;-24;3;-23;3;-23;2;-22;1;-22;1;-22;1;-22;1;-22;1;-22;1;-22;1;-22;1;-21;2;-21;2;-21;2;-20;2;-20;3;-19;3;-19;4;-19;5;-18;6;-18;2;-7;0;-2;-1;0;-1;0;-1;0;0;-2;0;-4;2;-11;2;-12;3;-12;3;-12;4;-13;4;-14;5;-15;5;-15;6;-16;6;-16;6;-17;7;-18;8;-18;8;-18;8;-18;9;-18;9;-19;8;-19;8;-20;8;-21;8;-22;9;-23;8;-24;8;-24;8;-25;8;-26;8;-27;8;-27,stable,EXP_S143,ZONE_02,entree_zone,4.1,entree_zone,entree dans la zone
677652404,-53,6,a0:9f:7a:73:2b:3e,384,-110;-96;8;0;33;-12;33;-11;32;-10;30;-9;26;-9;23;-10;19;-11;16;-13;13;-15;11;-17;10;-20;9;-21;8;-22;8;-23;8;-23;7;-23;7;-22;5;-21;4;-21;2;-20;1;-20;-1;-20;-2;-20;-2;-20;-3;-21;-1;-6;0;0;0;0;0;0;0;0;0;0;0;0;0;0;0;0;0;0;2;5;8;23;5;25;1;25;-3;24;-6;21;-7;17;-6;12;-3;8;2;4;8;2;14;2;19;4;24;8;27;12;28;16;27;20;25;22;23;23;20;22;18;19;16;15;15;10;16;4;17;-1;21;-6;24;-9;-113;0;0;-9;0;-9;0;-8;-1;-8;0;-7;0;-6;0;-5;1;-4;2;-4;2;-4;1;-4;1;-3;1;-3;1;-2;1;-1;1;-1;2;-1;2;-1;1;-1;1;-1;0;0;0;0;0;1;1;1;1;1;1;0;1;0;0;0;0;0;0;0;-1;-1;0;0;0;0;-2;-1;-5;-1;-12;-2;-13;-3;-13;-3;-12;-4;-12;-5;-12;-6;-12;-7;-12;-7;-12;-8;-12;-9;-11;-9;-11;-10;-10;-10;-9;-10;-8;-11;-7;-11;-7;-12;-7;-11;-7;-11;-6;-11;-6;-11;-5;-11;-4;-11;-4;-12;-4;-12;-4;-11;-4;-10;-3;-10;-113;0;27;-6;27;-6;26;-6;25;-6;25;-7;24;-7;23;-8;23;-8;22;-8;21;-8;20;-9;19;-9;19;-10;19;-10;19;-10;19;-10;19;-10;19;-10;18;-9;18;-9;18;-9;18;-9;17;-8;17;-8;17;-7;18;-6;18;-5;18;-4;6;-2;2;-1;-1;0;-1;0;-1;0;1;-1;4;-1;11;-3;11;-3;12;-3;12;-2;13;-2;14;-2;15;-2;15;-2;16;-2;16;-2;17;-1;18;-1;19;-1;19;-1;20;0;20;0;20;-1;20;-1;21;-2;22;-2;23;-2;24;-3;24;-3;25;-4;26;-4;26;-5;27;-5;27;-6,stable,EXP_S143,ZONE_02,entree_zone,4.1,entree_zone,entree dans la zone
677852435,-53,6,a0:9f:7a:73:2b:3e,384,-110;-96;8;0;0;32;-1;32;-1;30;-1;28;0;25;1;22;4;19;6;17;9;15;12;14;14;13;15;13;17;12;17;12;18;12;17;11;17;11;17;9;16;8;16;6;16;5;17;3;17;2;17;2;17;1;4;0;0;0;0;0;0;0;0;0;0;0;0;0;0;0;0;0;0;0;-6;-1;-23;-2;-24;-5;-23;-9;-20;-12;-16;-13;-13;-12;-9;-9;-6;-5;-5;0;-5;6;-8;11;-11;15;-16;18;-20;19;-24;18;-27;17;-28;14;-28;12;-26;10;-23;9;-19;8;-14;9;-9;12;-5;15;-1;19;1;22;-112;0;7;2;7;3;7;2;6;2;5;2;4;1;3;2;2;2;2;2;2;3;2;2;1;2;1;1;0;1;-1;1;-1;1;-1;1;-1;2;-1;1;-1;1;-1;0;-1;0;-2;0;-2;0;-2;0;-2;0;-1;0;-1;0;-1;0;-1;-1;0;-1;-1;0;-1;0;0;-2;1;-4;4;-10;5;-10;5;-10;6;-10;7;-9;8;-8;8;-8;9;-8;10;-8;10;-7;11;-7;11;-6;10;-6;11;-5;11;-4;11;-4;11;-3;11;-3;11;-3;10;-2;10;-2;10;-1;10;0;10;0;10;0;10;0;9;0;9;0;-112;0;-5;24;-4;24;-4;23;-3;23;-3;22;-2;22;-1;21;-1;21;-1;20;0;20;0;19;1;19;1;19;2;19;2;19;2;19;2;19;2;19;2;18;1;18;1;18;1;17;0;17;0;17;0;17;-1;17;-2;17;-2;17;-1;6;-1;1;-1;-1;0;-1;0;-1;-1;1;-1;3;-2;10;-2;10;-3;11;-3;11;-3;12;-4;12;-4;13;-4;13;-5;14;-5;14;-5;15;-5;15;-6;16;-6;16;-7;17;-7;17;-7;17;-6;17;-6;18;-6;19;-6;20;-6;21;-6;22;-6;22;-5;22;-5;23;-5;24;-5;25,stable,EXP_S143,ZONE_02,entree_zone,4.1,entree_zone,entree dans la zone
678055199,-53,6,a0:9f:7a:73:2b:3e,384,-110;-96;8;0;4;32;3;32;3;31;2;28;3;25;4;22;6;19;8;16;11;13;13;11;16;10;17;10;19;10;19;9;20;9;20;8;19;8;18;6;18;5;18;3;17;2;17;0;18;-1;18;-2;18;-2;4;-1;0;0;0;0;0;0;0;0;0;0;0;0;0;0;0;0;0;0;-6;0;-24;-1;-24;-5;-23;-9;-20;-11;-17;-12;-13;-12;-9;-9;-7;-5;-5;1;-5;6;-7;12;-10;16;-14;19;-19;21;-23;20;-26;19;-27;16;-27;14;-26;12;-23;10;-18;9;-13;10;-8;12;-3;16;1;19;4;23;-111;0;7;3;7;3;6;3;5;3;5;3;4;3;3;3;3;2;2;2;2;2;1;2;1;2;1;2;0;1;0;1;-1;1;-1;1;-1;1;-1;1;-1;1;-1;0;-1;0;-1;0;-1;0;-1;0;-1;0;-1;0;-1;-1;-1;-1;-1;-1;0;-1;-1;0;-1;0;0;-1;2;-3;7;-9;7;-8;8;-8;9;-7;10;-7;10;-6;10;-6;11;-5;11;-4;12;-4;12;-3;12;-3;12;-2;12;-2;12;-1;12;-1;12;0;11;0;11;0;11;1;11;1;11;1;10;2;10;2;10;2;9;2;9;2;9;2;-111;0;-9;24;-8;23;-7;23;-7;23;-6;22;-5;22;-4;21;-4;21;-3;20;-2;20;-2;20;-1;19;-1;19;0;20;0;19;0;19;0;19;0;19;0;19;0;19;0;18;0;18;0;18;-1;17;-1;17;-2;17;-2;17;-3;17;-2;6;-1;1;0;-1;0;-1;0;-1;-1;1;-2;3;-5;9;-5;10;-6;10;-6;10;-7;11;-7;11;-7;12;-8;12;-8;13;-9;13;-9;14;-9;14;-10;14;-10;14;-10;15;-10;15;-10;16;-10;17;-10;17;-10;18;-10;19;-10;19;-10;20;-10;21;-9;22;-9;22;-9;23;-9;24,stable,EXP_S143,ZONE_02,entree_zone,4.1,entree_zone,entree dans la zone
678252281,-53,6,a0:9f:7a:73:2b:3e,384,-110;-96;8;0;6;31;5;31;4;30;4;28;4;25;5;21;7;18;9;15;11;12;14;10;16;9;18;8;19;8;20;7;20;7;20;6;20;5;19;4;18;3;18;1;17;0;17;-2;17;-3;17;-4;18;-4;4;-1;0;0;0;0;0;0;0;0;0;0;0;0;0;0;0;0;0;0;-6;-1;-24;-3;-24;-6;-22;-10;-20;-12;-16;-13;-12;-12;-8;-10;-6;-5;-4;0;-5;6;-7;11;-10;16;-14;19;-19;20;-23;20;-26;18;-28;16;-28;14;-26;11;-22;10;-18;9;-13;10;-7;12;-3;15;2;18;4;22;-109;0;15;5;15;5;14;5;13;4;11;4;9;3;7;3;6;4;5;4;5;4;4;4;4;3;3;2;1;2;0;2;-1;3;-1;3;0;3;0;2;0;1;-1;1;-2;0;-2;0;-3;1;-3;1;-2;1;-2;0;-1;0;-1;-1;-1;-1;0;-1;-1;1;-1;0;1;-3;4;-7;13;-19;14;-18;15;-18;16;-17;17;-16;18;-15;20;-14;21;-13;23;-12;23;-12;24;-11;24;-10;23;-9;23;-7;23;-6;24;-5;24;-4;24;-4;23;-3;22;-3;22;-1;21;0;22;1;22;2;22;1;21;1;20;1;19;1;-109;0;-8;49;-7;48;-6;47;-5;46;-3;45;-2;45;-1;43;1;42;2;41;3;40;4;39;6;38;7;38;7;38;7;38;8;38;8;38;8;37;7;37;7;36;6;36;6;35;6;35;5;34;5;34;3;34;2;34;0;34;0;12;-1;3;-1;-2;0;-2;0;-1;-1;2;-2;7;-6;20;-6;20;-7;21;-8;22;-9;23;-10;24;-11;25;-11;26;-12;27;-12;28;-13;29;-13;30;-14;31;-15;32;-15;32;-15;33;-15;33;-14;34;-13;36;-13;38;-13;40;-13;41;-13;42;-12;44;-11;45;-10;47;-9;48;-8;50,stable,EXP_S143,ZONE_02,entree_zone,4.1,entree_zone,entree dans la zone
678453668,-53,6,a0:9f:7a:73:2b:3e,384,-110;-96;8;0;8;31;8;31;7;30;7;28;7;25;7;21;9;17;10;13;12;10;15;7;17;5;18;3;19;1;20;0;21;-1;21;-2;20;-3;19;-4;18;-5;17;-6;16;-8;15;-9;14;-10;14;-11;13;-11;3;-3;0;0;0;0;0;0;0;0;0;0;0;0;0;0;0;0;0;0;-6;-3;-20;-13;-19;-16;-16;-19;-12;-20;-9;-19;-5;-17;-3;-12;-1;-7;-2;0;-4;5;-8;11;-13;14;-18;16;-23;16;-27;15;-30;14;-31;11;-30;9;-28;7;-24;5;-19;5;-13;7;-7;9;-2;12;2;16;5;20;-117;0;18;5;17;5;16;5;15;5;13;4;11;4;9;4;8;4;7;4;6;4;6;4;5;3;4;2;3;2;1;2;1;2;0;2;0;2;0;2;0;1;-1;0;-1;0;-2;0;-2;0;-2;0;-2;0;-1;0;-1;0;0;0;0;-1;0;-1;-1;1;-1;0;1;-3;4;-8;14;-20;15;-20;17;-19;18;-18;20;-17;21;-16;22;-15;24;-14;25;-13;26;-12;26;-11;26;-10;26;-9;26;-7;26;-6;27;-5;27;-4;27;-3;26;-3;25;-2;25;-1;24;0;24;2;24;2;24;2;23;2;22;1;21;1;-117;0;-10;47;-9;47;-8;46;-6;45;-5;44;-4;43;-3;42;-2;41;-1;40;1;39;2;38;3;38;4;38;5;38;5;37;5;37;5;37;5;36;5;36;5;36;4;35;4;35;4;34;3;34;2;33;1;33;-1;33;-2;33;-1;12;-1;3;-1;-2;0;-2;0;-1;-1;1;-2;6;-6;18;-6;19;-7;20;-8;20;-8;22;-9;23;-10;23;-11;24;-12;25;-12;26;-12;27;-13;29;-14;30;-15;30;-15;31;-15;31;-15;32;-14;33;-13;34;-13;36;-14;38;-14;39;-14;41;-13;42;-12;43;-11;45;-10;47;-10;48,stable,EXP_S143,ZONE_02,entree_zone,4.1,entree_zone,entree dans la zone
678652393,-53,6,a0:9f:7a:73:2b:3e,384,-110;-96;8;0;-31;-17;-31;-18;-30;-18;-28;-16;-25;-14;-23;-11;-21;-7;-19;-3;-18;1;-17;5;-16;8;-16;11;-16;13;-15;15;-15;16;-14;17;-13;17;-11;18;-10;18;-8;18;-6;18;-4;18;-3;18;-2;18;-1;18;-1;4;0;0;0;0;0;0;0;0;0;0;0;0;0;0;0;0;0;0;6;-1;25;-2;25;1;25;5;22;8;18;10;14;10;9;8;4;4;0;-1;-2;-8;-3;-14;-1;-21;2;-26;5;-30;9;-32;13;-33;15;-32;16;-29;16;-26;14;-22;10;-18;5;-15;-1;-13;-8;-11;-15;-11;-19;-12;-126;0;-9;6;-9;6;-8;6;-8;6;-7;5;-6;4;-5;3;-5;2;-5;2;-5;2;-4;2;-4;2;-3;1;-2;1;-2;0;-2;0;-2;-1;-2;-1;-2;0;-2;0;-1;0;-1;0;0;-1;0;-1;-1;-1;-1;-1;-1;-1;-1;0;-1;0;-1;0;0;-1;-1;-1;-1;-1;0;1;1;4;5;12;4;12;3;13;3;13;2;13;1;13;0;14;-1;14;-2;15;-3;15;-3;15;-3;15;-4;14;-5;14;-6;13;-7;13;-7;13;-7;13;-7;13;-7;12;-7;11;-8;11;-8;11;-9;11;-9;11;-8;11;-8;10;-7;10;-126;0;-18;-19;-18;-19;-18;-18;-18;-17;-18;-16;-18;-15;-18;-14;-18;-14;-18;-13;-18;-12;-18;-11;-18;-10;-19;-9;-19;-9;-19;-9;-19;-9;-18;-9;-18;-10;-18;-10;-18;-10;-17;-10;-17;-10;-17;-10;-16;-10;-16;-10;-16;-10;-15;-11;-14;-11;-5;-5;-2;-2;0;0;0;0;0;0;-1;-1;-3;-3;-7;-8;-7;-8;-8;-9;-8;-9;-8;-10;-8;-11;-8;-11;-9;-12;-9;-13;-9;-13;-10;-13;-10;-14;-11;-15;-11;-15;-10;-16;-10;-16;-11;-16;-11;-16;-12;-16;-13;-17;-14;-17;-14;-18;-15;-18;-16;-18;-16;-18;-17;-18;-18;-18;-19;-19,stable,EXP_S143,ZONE_02,entree_zone,4.1,entree_zone,entree dans la zone
