timestamp_us,rssi,channel,mac,csi_len,csi_data,experiment_id,zone_id,scenario,distance_tx_rx_m,ground_truth,comment,marker_state
450172552,-48,6,a0:9f:7a:73:2b:3e,384,-110;-96;8;0;17;4;14;-1;13;-6;13;-11;13;-15;14;-19;16;-22;17;-23;19;-24;20;-24;21;-23;22;-21;22;-18;20;-15;18;-13;15;-10;11;-8;6;-8;1;-8;-3;-10;-6;-13;-8;-15;-9;-18;-8;-21;-7;-23;-2;-6;0;0;0;0;0;0;0;0;0;0;0;0;0;0;0;0;0;0;2;3;7;15;6;17;5;19;3;20;1;21;-1;21;-2;20;-2;18;-2;17;-1;15;1;13;3;11;6;9;9;8;12;8;15;7;18;8;21;8;24;9;27;10;29;12;30;13;30;14;29;14;28;14;27;14;-121;0;-8;20;-8;20;-8;19;-8;19;-8;19;-8;19;-7;20;-6;20;-5;20;-4;19;-4;19;-4;19;-4;19;-4;20;-4;21;-4;21;-4;21;-4;20;-4;20;-4;19;-5;19;-5;19;-5;19;-5;19;-5;19;-6;18;-7;18;-7;17;-3;6;-1;1;0;-1;0;-1;0;-1;-2;1;-5;3;-14;8;-14;8;-14;7;-14;7;-14;6;-14;6;-14;5;-14;5;-14;5;-14;5;-14;5;-14;6;-13;6;-12;7;-12;7;-12;7;-12;7;-12;8;-12;9;-12;10;-11;11;-11;12;-10;13;-10;13;-10;14;-10;16;-11;17;-11;18;-121;0;50;8;50;7;49;7;48;7;47;6;45;6;44;5;43;4;42;4;41;3;40;2;39;2;39;2;39;2;38;2;38;2;37;2;37;3;36;3;35;4;34;5;33;5;32;6;31;6;30;7;29;8;28;10;28;11;9;4;2;1;-1;-1;-2;0;-1;0;2;-1;7;-2;21;-4;22;-3;23;-2;23;-1;24;0;26;0;27;1;28;2;30;3;31;3;32;4;32;5;33;5;34;6;35;7;36;7;36;8;37;8;38;8;39;8;41;8;42;8;44;7;45;7;47;7;48;7;49;7;50;7,empty,EXP_S041,ZONE_01,entree_zone,4.7,entree_zone,entree dans la zone
450373272,-48,6,a0:9f:7a:73:2b:3e,384,-110;-96;8;0;16;1;13;-3;11;-8;10;-12;9;-17;9;-21;10;-24;11;-26;13;-27;14;-27;16;-26;17;-24;17;-21;16;-19;14;-15;12;-12;8;-10;4;-9;0;-8;-5;-9;-8;-10;-11;-13;-12;-15;-12;-18;-12;-21;-3;-6;0;0;0;0;0;0;0;0;0;0;0;0;0;0;0;0;0;0;2;3;9;13;8;15;7;17;5;19;4;20;2;20;1;19;0;18;0;16;1;14;2;12;4;10;7;8;10;6;13;5;16;5;19;4;22;4;25;4;28;5;29;6;31;7;31;8;30;9;29;9;28;9;-128;0;2;22;2;21;1;20;0;20;0;20;0;21;1;21;2;21;4;21;4;20;4;19;3;18;2;19;2;20;3;21;4;21;4;21;4;20;3;19;2;18;1;18;0;19;0;20;1;20;1;19;0;19;-1;18;-2;18;-1;6;-1;1;-1;-1;0;-1;0;-1;-1;1;-3;5;-7;14;-8;14;-8;13;-8;13;-8;13;-8;12;-8;11;-9;11;-10;11;-10;11;-10;11;-9;12;-8;12;-7;11;-7;11;-7;11;-7;11;-7;12;-7;13;-5;15;-4;15;-2;16;-1;15;-2;15;-2;16;-3;17;-3;19;-3;21;-128;0;46;-15;46;-14;46;-14;45;-13;44;-12;42;-12;40;-12;39;-12;38;-13;37;-13;37;-12;37;-12;36;-11;36;-11;35;-11;34;-11;34;-10;34;-10;34;-9;34;-7;33;-6;32;-5;31;-4;30;-3;30;-2;29;0;29;1;28;3;10;1;3;0;-1;0;-1;0;-1;0;1;-2;5;-6;15;-15;16;-14;17;-14;18;-14;19;-14;21;-14;23;-14;25;-14;26;-13;27;-13;28;-12;29;-12;30;-11;32;-11;33;-11;34;-10;35;-10;35;-10;36;-10;36;-11;38;-12;39;-14;41;-14;43;-14;44;-14;45;-14;46;-14;47;-14,empty,EXP_S041,ZONE_01,entree_zone,4.7,entree_zone,entree dans la zone
450575618,-48,6,a0:9f:7a:73:2b:3e,384,-110;-96;8;0;13;-11;8;-12;3;-14;-1;-16;-5;-19;-8;-22;-9;-25;-10;-27;-9;-29;-8;-30;-6;-31;-5;-30;-3;-28;-1;-25;0;-22;0;-18;-1;-13;-3;-9;-6;-6;-9;-3;-13;-2;-16;-2;-19;-3;-22;-5;-23;-7;-6;-2;0;0;0;0;0;0;0;0;0;0;0;0;0;0;0;0;0;0;3;0;16;4;17;6;17;9;17;11;16;13;15;13;14;14;12;13;11;11;10;9;10;7;10;4;10;1;12;-2;13;-5;15;-8;17;-10;19;-12;22;-14;24;-16;26;-16;28;-16;29;-16;29;-15;28;-14;27;-13;-126;0;16;15;15;14;14;14;14;14;14;14;15;15;16;14;16;13;17;12;17;11;16;10;16;10;16;11;17;12;17;12;18;12;18;11;17;11;17;11;16;11;15;12;15;12;15;13;15;13;15;13;14;13;13;13;12;13;4;5;1;1;-1;-1;-1;-1;-1;-1;0;1;1;5;3;15;2;15;2;16;1;16;1;15;1;15;0;14;0;14;-1;14;-1;14;0;14;1;14;1;14;2;13;2;13;2;12;2;13;2;13;4;14;5;14;7;14;8;14;9;13;9;13;9;14;10;15;11;16;12;17;-126;0;26;-43;26;-43;26;-42;26;-41;25;-39;23;-38;22;-37;21;-37;19;-36;19;-36;18;-35;18;-35;18;-35;18;-34;18;-34;17;-33;17;-32;18;-32;18;-31;19;-30;19;-29;19;-27;19;-26;19;-25;19;-24;20;-22;21;-21;22;-20;8;-7;2;-2;-1;0;-1;1;-1;0;0;-3;1;-8;4;-21;5;-21;6;-22;7;-22;8;-23;9;-24;10;-25;11;-26;13;-27;14;-28;15;-28;16;-28;17;-29;18;-29;19;-30;20;-30;21;-31;21;-31;21;-32;21;-33;22;-34;22;-36;23;-38;24;-39;25;-40;26;-41;26;-42;26;-42,empty,EXP_S041,ZONE_01,entree_zone,4.7,entree_zone,entree dans la zone
450776420,-48,6,a0:9f:7a:73:2b:3e,384,-110;-96;8;0;15;6;14;1;13;-4;13;-9;14;-14;15;-17;17;-20;19;-21;20;-22;22;-22;23;-20;23;-18;22;-16;21;-13;18;-10;15;-8;11;-7;6;-7;2;-8;-2;-10;-5;-12;-7;-15;-7;-18;-7;-21;-5;-23;-2;-6;0;0;0;0;0;0;0;0;0;0;0;0;0;0;0;0;0;0;1;3;5;15;3;17;2;19;0;20;-2;21;-4;20;-5;19;-5;18;-4;16;-3;14;-1;12;1;11;4;10;7;9;11;9;14;9;17;10;20;10;23;11;25;13;27;14;28;16;28;17;27;17;25;17;24;16;-116;0;-9;20;-9;20;-9;19;-9;19;-8;19;-8;19;-7;20;-6;20;-6;20;-5;20;-5;19;-5;19;-5;19;-5;19;-5;20;-5;20;-5;20;-5;20;-5;19;-5;19;-6;19;-6;19;-6;19;-7;18;-7;18;-8;18;-8;17;-9;17;-4;6;-2;1;0;-1;0;-1;0;-1;-2;1;-5;3;-13;9;-13;9;-14;8;-14;7;-14;7;-14;6;-14;6;-14;6;-14;5;-14;6;-14;6;-14;6;-13;7;-12;7;-12;7;-11;7;-11;8;-11;8;-11;9;-11;10;-10;11;-10;12;-10;13;-10;14;-10;15;-10;16;-11;17;-11;17;-116;0;48;8;48;8;48;8;46;8;45;7;43;7;42;6;41;5;40;5;40;4;39;4;38;3;37;3;37;4;37;4;36;4;36;5;35;5;35;6;34;6;33;7;32;8;30;8;29;9;28;10;27;11;26;12;25;13;9;5;2;1;-1;-1;-2;0;-1;0;2;-1;7;-3;20;-6;21;-5;21;-4;22;-3;24;-2;25;-1;26;-1;28;0;29;1;30;2;31;3;32;4;33;4;33;5;34;5;34;6;36;7;36;7;37;7;38;7;40;7;41;6;43;6;45;6;46;7;47;7;48;7;49;7,empty,EXP_S041,ZONE_01,entree_zone,4.7,entree_zone,entree dans la zone
450973672,-48,6,a0:9f:7a:73:2b:3e,384,-110;-96;8;0;-3;17;2;14;6;12;11;11;15;10;19;11;22;12;24;13;25;15;25;16;24;17;22;18;20;18;17;17;14;15;11;13;9;9;8;5;7;0;8;-4;10;-7;13;-9;16;-10;19;-10;21;-10;5;-3;0;0;0;0;0;0;0;0;0;0;0;0;0;0;0;0;0;0;-4;2;-14;9;-16;9;-19;7;-20;6;-21;4;-21;3;-20;1;-19;1;-17;1;-15;1;-13;2;-11;4;-9;7;-8;9;-7;13;-6;16;-6;19;-6;22;-6;25;-6;27;-7;29;-8;31;-10;31;-10;30;-11;29;-10;27;-119;0;-22;3;-21;3;-20;3;-20;2;-21;1;-22;1;-22;2;-22;4;-21;5;-20;6;-19;6;-19;5;-19;5;-20;5;-21;6;-21;6;-21;7;-20;7;-19;5;-19;4;-19;3;-19;3;-20;4;-20;4;-20;4;-19;3;-19;2;-18;1;-7;0;-2;-1;0;-1;0;0;0;0;-2;-1;-5;-3;-14;-8;-14;-8;-14;-9;-14;-9;-13;-8;-13;-8;-12;-8;-11;-9;-11;-10;-11;-10;-12;-10;-13;-9;-13;-8;-12;-7;-12;-6;-12;-6;-12;-6;-13;-6;-14;-6;-15;-5;-16;-3;-16;-2;-16;-2;-17;-2;-17;-2;-19;-2;-20;-2;-21;-2;-119;0;16;47;16;46;15;46;14;45;14;43;14;42;14;40;15;39;15;37;16;37;16;36;15;36;15;35;14;35;14;34;13;34;13;34;12;34;11;34;10;33;9;32;8;31;7;30;6;29;5;29;4;29;2;30;1;30;0;11;-1;3;-1;-1;-1;-1;-1;-1;1;1;4;5;13;16;13;16;12;17;12;19;12;20;12;22;12;24;12;25;11;27;11;28;10;29;10;30;11;31;11;32;10;33;10;34;10;35;10;35;10;36;11;37;12;38;13;40;14;41;14;43;15;44;15;45;16;45;16;46,empty,EXP_S041,ZONE_01,entree_zone,4.7,entree_zone,entree dans la zone
451172720,-48,6,a0:9f:7a:73:2b:3e,384,-110;-96;8;0;16;-3;12;-7;9;-11;6;-15;4;-19;3;-23;3;-26;4;-29;5;-30;6;-31;8;-30;9;-29;10;-26;10;-23;10;-20;8;-16;5;-12;1;-10;-3;-8;-7;-7;-11;-7;-14;-9;-17;-11;-18;-14;-18;-16;-5;-5;0;0;0;0;0;0;0;0;0;0;0;0;0;0;0;0;0;0;2;2;11;12;11;14;10;16;9;18;7;19;6;20;4;19;3;18;3;16;3;13;4;11;6;9;8;7;11;4;14;2;16;1;19;0;22;-1;26;-1;28;-1;30;-1;32;-1;32;1;32;2;31;2;29;2;-115;0;1;10;1;10;2;10;2;10;2;10;2;10;3;10;3;9;4;9;4;9;4;9;4;9;4;9;4;9;4;9;4;9;4;9;4;9;4;9;4;9;4;9;4;9;3;9;3;9;3;9;3;9;2;9;2;9;0;3;0;1;-1;-1;0;-1;0;-1;-1;0;-2;2;-5;6;-5;6;-5;6;-5;6;-5;6;-5;6;-5;6;-5;5;-5;5;-5;6;-5;6;-5;6;-4;5;-4;5;-4;5;-4;5;-4;6;-3;6;-3;7;-3;7;-2;7;-2;8;-1;8;-1;8;-1;9;-1;9;0;10;0;10;-115;0;22;-10;22;-10;22;-10;21;-10;20;-10;20;-10;19;-10;18;-11;18;-11;17;-11;17;-10;17;-10;16;-10;16;-10;16;-10;15;-10;15;-10;15;-10;15;-9;15;-9;15;-8;14;-8;14;-7;14;-7;14;-6;14;-5;14;-5;14;-4;5;-2;1;-1;-1;0;-1;0;-1;0;0;-1;3;-3;8;-7;8;-6;9;-6;10;-6;10;-6;11;-6;11;-6;12;-6;13;-6;14;-6;14;-6;15;-6;15;-6;16;-6;16;-6;17;-6;17;-6;17;-6;18;-6;18;-7;19;-7;19;-8;20;-9;21;-9;21;-9;22;-10;22;-10;22;-10,empty,EXP_S041,ZONE_01,entree_zone,4.7,entree_zone,entree dans la zone
451372539,-48,6,a0:9f:7a:73:2b:3e,384,-110;-96;8;0;-15;-9;-14;-4;-14;1;-15;6;-16;11;-18;14;-20;17;-22;18;-24;19;-25;18;-26;17;-26;15;-25;12;-24;10;-21;8;-17;6;-12;5;-8;5;-3;6;0;8;3;11;5;14;6;18;5;21;4;23;0;5;0;0;0;0;0;0;0;0;0;0;0;0;0;0;0;0;0;0;-1;-5;-1;-18;1;-19;3;-21;6;-21;7;-21;9;-20;9;-18;9;-16;8;-15;6;-13;4;-12;1;-11;-3;-11;-6;-11;-9;-12;-12;-13;-15;-14;-18;-16;-21;-17;-23;-19;-24;-21;-25;-22;-25;-23;-24;-23;-23;-23;-21;-22;-117;0;13;-19;13;-19;12;-18;12;-18;12;-18;12;-19;12;-19;11;-20;10;-20;9;-20;8;-20;8;-20;8;-20;8;-20;9;-21;8;-21;8;-21;8;-20;8;-20;9;-19;9;-19;9;-18;9;-19;9;-19;9;-18;10;-18;11;-17;11;-17;4;-6;1;-2;-1;0;-1;0;-1;0;1;-1;5;-3;15;-6;15;-5;16;-5;16;-4;15;-4;15;-3;15;-3;15;-2;15;-2;15;-2;15;-3;15;-3;14;-4;14;-4;13;-5;13;-5;13;-6;13;-6;13;-7;13;-9;13;-10;13;-11;12;-12;13;-12;13;-13;13;-14;14;-15;14;-16;-117;0;-46;-21;-46;-21;-45;-20;-44;-20;-43;-19;-42;-18;-41;-17;-40;-15;-39;-14;-38;-13;-38;-13;-38;-13;-38;-13;-37;-13;-37;-13;-36;-13;-36;-13;-35;-14;-35;-14;-33;-15;-32;-15;-30;-15;-29;-15;-28;-15;-27;-16;-26;-17;-25;-18;-24;-19;-9;-7;-3;-3;0;0;1;0;0;0;-3;0;-8;-1;-22;-2;-22;-3;-23;-4;-23;-5;-24;-6;-25;-7;-26;-8;-27;-10;-29;-11;-29;-12;-30;-13;-30;-14;-31;-15;-31;-16;-32;-16;-33;-17;-33;-18;-34;-18;-35;-18;-36;-18;-37;-18;-39;-18;-41;-18;-42;-19;-43;-19;-44;-20;-45;-20;-46;-20,empty,EXP_S041,ZONE_01,entree_zone,4.7,entree_zone,entree dans la zone
451572293,-48,6,a0:9f:7a:73:2b:3e,384,-110;-96;8;0;17;-2;14;-6;11;-10;10;-14;9;-18;8;-22;9;-24;10;-27;11;-28;12;-28;13;-28;14;-26;15;-23;15;-20;13;-17;11;-14;8;-11;4;-10;0;-9;-4;-10;-7;-11;-10;-13;-11;-16;-12;-19;-11;-21;-3;-6;0;0;0;0;0;0;0;0;0;0;0;0;0;0;0;0;0;0;3;2;13;9;13;11;13;14;11;16;10;17;8;18;7;18;6;17;5;15;6;13;6;10;8;8;10;6;12;4;14;2;17;1;20;0;23;-1;26;-1;28;-1;30;0;32;1;32;1;32;2;30;2;29;2;-119;0;-1;10;-1;9;-1;9;-1;9;-1;9;-1;9;0;9;0;9;1;9;1;9;1;9;1;9;0;9;1;9;1;9;1;9;1;9;1;9;1;9;0;9;0;9;0;9;0;9;0;9;0;9;-1;9;-1;8;-1;8;-1;3;-1;0;-1;-1;0;-1;0;-1;-1;0;-2;2;-5;6;-5;6;-6;5;-6;5;-6;5;-6;5;-6;4;-6;4;-6;4;-6;4;-6;4;-5;4;-5;4;-5;5;-4;4;-4;5;-4;5;-4;5;-4;5;-4;6;-3;6;-3;7;-3;7;-3;7;-3;7;-3;8;-3;9;-3;9;-119;0;24;-5;24;-5;24;-5;23;-5;23;-4;22;-5;21;-5;21;-5;20;-5;19;-5;19;-5;19;-5;18;-5;18;-5;18;-5;18;-5;18;-4;18;-4;17;-4;17;-3;17;-3;16;-2;16;-2;15;-1;15;-1;15;0;14;1;14;2;5;0;1;0;-1;-1;-1;0;-1;0;0;-1;3;-3;9;-6;9;-6;9;-5;10;-5;11;-5;11;-5;12;-5;13;-5;14;-5;14;-4;15;-4;16;-4;16;-4;17;-3;17;-3;17;-3;18;-3;18;-3;19;-3;19;-3;20;-4;21;-4;21;-4;22;-5;23;-5;24;-5;24;-5;24;-5,empty,EXP_S041,ZONE_01,entree_zone,4.7,entree_zone,entree dans la zone
451772847,-48,6,a0:9f:7a:73:2b:3e,384,-110;-96;8;0;-16;-10;-15;-5;-15;1;-17;5;-18;10;-20;13;-23;15;-25;16;-27;16;-28;16;-29;14;-29;12;-28;10;-25;8;-22;6;-18;4;-13;4;-9;5;-5;7;-1;9;1;13;2;16;2;19;1;22;-1;24;-1;6;0;0;0;0;0;0;0;0;0;0;0;0;0;0;0;0;0;0;-1;-5;-3;-18;-2;-20;1;-21;3;-22;5;-22;7;-21;8;-20;8;-18;7;-16;5;-14;3;-13;0;-12;-4;-12;-7;-12;-10;-12;-14;-13;-17;-15;-19;-16;-22;-18;-24;-20;-25;-22;-26;-23;-26;-24;-25;-24;-23;-24;-22;-23;-124;0;14;-18;13;-18;13;-17;13;-17;13;-17;13;-17;13;-18;12;-19;11;-19;10;-19;9;-18;9;-18;10;-19;10;-19;10;-20;10;-20;10;-20;10;-20;10;-18;10;-18;11;-17;11;-17;12;-18;12;-18;12;-17;12;-16;13;-15;13;-14;4;-5;1;-2;-1;0;-1;0;-1;0;1;-1;5;-3;15;-7;16;-6;16;-6;16;-5;15;-5;15;-4;15;-4;15;-3;15;-3;15;-3;15;-3;14;-4;14;-4;13;-5;13;-5;13;-5;13;-6;13;-6;14;-7;14;-9;13;-10;13;-11;13;-11;13;-12;14;-13;14;-13;15;-14;15;-15;-124;0;-48;-23;-48;-23;-47;-23;-46;-22;-44;-22;-43;-21;-42;-20;-41;-19;-40;-17;-40;-17;-39;-16;-39;-16;-39;-16;-38;-16;-37;-16;-36;-16;-36;-17;-35;-17;-34;-18;-33;-19;-31;-19;-29;-19;-28;-19;-27;-19;-26;-20;-25;-20;-24;-21;-22;-22;-8;-9;-3;-3;0;0;1;0;0;0;-3;0;-8;-1;-23;-1;-23;-2;-23;-3;-24;-4;-25;-5;-26;-6;-28;-7;-29;-8;-30;-10;-31;-11;-32;-12;-32;-13;-33;-14;-33;-15;-34;-16;-35;-17;-35;-18;-36;-18;-37;-18;-38;-18;-39;-18;-41;-19;-43;-20;-44;-20;-45;-21;-46;-21;-47;-22;-48;-22,empty,EXP_S041,ZONE_01,entree_zone,4.7,entree_zone,entree dans la zone
451975328,-48,6,a0:9f:7a:73:2b:3e,384,-110;-96;8;0;16;-4;13;-7;9;-11;7;-15;5;-19;4;-23;5;-26;5;-28;6;-29;7;-30;9;-29;10;-28;11;-25;12;-22;11;-18;9;-15;6;-12;2;-10;-2;-8;-6;-8;-10;-9;-13;-10;-15;-13;-15;-16;-15;-18;-4;-5;0;0;0;0;0;0;0;0;0;0;0;0;0;0;0;0;0;0;3;2;13;9;14;11;13;14;12;16;11;17;9;18;8;17;7;16;6;14;6;12;6;10;8;7;9;5;12;2;14;1;17;-1;19;-2;22;-3;25;-4;28;-4;30;-3;31;-3;32;-2;31;-1;31;-1;29;-1;-123;0;2;10;2;9;2;9;2;9;2;9;2;9;2;9;3;9;3;9;3;8;3;8;3;8;3;8;3;9;4;9;4;9;4;9;4;9;3;9;3;8;3;9;3;9;3;9;3;9;3;9;2;9;2;9;1;8;0;3;0;0;-1;-1;0;-1;0;-1;-1;0;-1;2;-3;7;-3;7;-4;7;-4;7;-4;6;-4;6;-4;6;-4;6;-4;6;-4;6;-4;6;-4;6;-3;6;-3;6;-3;6;-3;5;-3;6;-3;6;-2;6;-2;7;-1;7;-1;7;0;7;0;7;0;8;0;9;0;9;0;10;-123;0;22;-11;22;-11;21;-11;21;-11;20;-11;20;-10;19;-10;18;-10;18;-10;17;-10;17;-10;16;-10;16;-10;16;-10;16;-10;16;-9;16;-9;16;-9;16;-8;16;-8;15;-7;15;-6;14;-6;14;-5;14;-5;14;-4;14;-3;14;-2;5;-1;1;-1;-1;0;-1;0;-1;0;0;-1;2;-3;6;-8;7;-8;7;-8;8;-8;8;-8;9;-8;10;-9;11;-9;12;-9;12;-9;13;-8;13;-9;14;-9;15;-9;15;-9;16;-8;16;-8;16;-8;17;-9;17;-9;18;-9;18;-10;19;-10;20;-11;20;-11;21;-11;21;-12;21;-12,empty,EXP_S041,ZONE_01,entree_zone,4.7,entree_zone,entree dans la zone
452172669,-48,6,a0:9f:7a:73:2b:3e,384,-110;-96;8;0;5;-17;1;-15;-4;-14;-9;-14;-13;-15;-17;-17;-19;-19;-21;-20;-21;-22;-21;-23;-20;-24;-18;-25;-15;-24;-13;-22;-10;-20;-8;-16;-7;-12;-7;-7;-8;-3;-10;0;-13;3;-15;5;-18;6;-21;5;-24;4;-6;0;0;0;0;0;0;0;0;0;0;0;0;0;0;0;0;0;0;0;3;-2;15;-6;17;-5;19;-3;20;-1;20;1;20;3;19;3;17;4;15;3;13;2;12;0;10;-3;10;-6;9;-9;9;-12;9;-15;10;-18;11;-21;12;-24;13;-26;14;-27;16;-28;17;-28;17;-27;17;-26;16;-25;-111;0;20;6;19;6;19;6;19;6;19;6;20;6;20;5;20;4;20;3;19;3;19;3;19;3;19;3;19;3;20;3;20;3;20;3;20;3;19;3;19;3;19;4;19;4;19;5;19;5;18;5;18;6;17;6;16;7;6;2;1;1;-1;-1;-1;-1;-1;-1;1;1;3;4;10;12;9;12;9;13;9;13;8;12;7;12;7;12;7;12;7;13;7;13;7;13;7;12;7;12;7;11;7;10;7;10;8;10;8;10;10;10;11;9;12;9;13;8;13;7;14;8;14;8;16;9;17;9;18;9;-111;0;4;-50;4;-50;4;-49;4;-48;4;-47;4;-45;3;-44;2;-43;1;-42;1;-41;1;-40;1;-40;1;-39;2;-38;2;-38;2;-38;3;-37;3;-37;4;-37;4;-36;5;-35;6;-33;6;-32;7;-31;8;-30;9;-29;11;-28;12;-27;4;-10;1;-3;-1;1;0;1;0;0;-1;-2;-3;-7;-7;-20;-7;-21;-6;-22;-5;-23;-5;-24;-4;-26;-4;-27;-3;-29;-3;-30;-2;-31;-1;-32;0;-33;1;-34;2;-35;3;-35;3;-36;4;-37;4;-38;4;-39;3;-40;3;-41;2;-43;2;-44;3;-46;3;-48;4;-49;4;-50;4;-50,empty,EXP_S041,ZONE_01,entree_zone,4.7,entree_zone,entree dans la zone
452374138,-49,6,a0:9f:7a:73:2b:3e,384,-110;-96;8;0;1;18;4;15;9;12;14;10;18;9;22;9;25;10;27;11;28;12;28;13;28;15;26;16;23;17;20;17;16;15;13;13;10;9;9;4;8;0;9;-5;11;-8;13;-10;16;-12;19;-12;21;-12;5;-3;0;0;0;0;0;0;0;0;0;0;0;0;0;0;0;0;0;0;-3;3;-12;14;-14;13;-17;13;-19;11;-20;10;-20;8;-20;7;-19;6;-17;5;-15;5;-12;6;-10;8;-7;10;-6;12;-4;15;-3;18;-2;21;-1;24;-1;27;-1;30;-2;32;-3;34;-3;34;-4;34;-5;32;-5;31;-121;0;-11;-1;-11;-1;-11;-1;-11;-1;-11;0;-11;0;-11;0;-11;0;-11;1;-11;1;-11;1;-11;1;-11;1;-11;1;-11;1;-11;1;-11;1;-11;1;-11;1;-11;1;-11;0;-11;0;-11;0;-11;0;-11;0;-11;-1;-10;-1;-10;-2;-4;-1;-2;-1;0;-1;0;0;0;0;-1;-1;-3;-2;-7;-5;-7;-5;-7;-5;-7;-6;-6;-6;-6;-6;-6;-6;-6;-6;-6;-6;-6;-6;-6;-6;-6;-6;-6;-5;-6;-5;-6;-5;-6;-5;-6;-4;-7;-4;-7;-4;-7;-4;-8;-3;-8;-3;-8;-3;-9;-2;-9;-2;-10;-2;-10;-2;-11;-2;-121;0;4;26;4;26;4;25;4;25;4;24;4;23;4;22;4;22;5;21;5;21;5;20;4;20;4;20;4;19;4;19;4;19;3;19;3;19;3;18;2;18;2;18;1;17;1;17;0;16;0;16;-1;16;-2;15;-3;15;-2;5;-1;1;0;-1;-1;-1;-1;-1;0;0;2;3;6;9;6;9;5;10;5;11;5;11;5;12;5;13;5;14;5;15;4;15;4;16;4;17;3;17;3;18;3;18;3;18;3;19;3;19;3;20;3;20;3;21;4;22;4;23;4;23;4;24;5;25;5;25;5;26,empty,EXP_S041,ZONE_01,entree_zone,4.7,entree_zone,entree dans la zone
452579036,-48,6,a0:9f:7a:73:2b:3e,384,-110;-96;8;0;17;-1;14;-5;12;-9;10;-14;9;-18;9;-22;10;-24;11;-26;13;-27;14;-27;16;-26;17;-24;17;-22;16;-19;14;-16;12;-13;8;-11;4;-9;0;-9;-4;-10;-8;-11;-10;-13;-11;-16;-11;-19;-10;-22;-3;-6;0;0;0;0;0;0;0;0;0;0;0;0;0;0;0;0;0;0;3;2;12;12;11;14;10;16;9;18;7;19;6;19;4;19;3;17;3;15;3;13;4;11;6;9;8;7;11;5;14;4;17;3;20;2;23;2;26;2;28;2;30;3;31;4;31;5;31;6;30;7;28;6;-117;0;2;20;2;19;2;19;1;19;1;19;1;20;2;20;4;20;5;19;6;18;5;17;5;17;4;17;5;18;5;19;6;19;7;19;6;18;5;17;4;17;4;18;4;18;4;19;4;19;4;19;3;18;2;17;1;17;0;6;-1;1;-1;-1;0;-1;0;-1;-1;1;-4;4;-9;13;-10;13;-10;13;-10;12;-10;12;-10;11;-10;10;-10;10;-11;10;-11;10;-11;11;-10;11;-9;11;-8;11;-7;10;-7;10;-7;10;-7;11;-7;13;-6;14;-4;15;-3;15;-3;15;-3;15;-3;16;-3;17;-3;18;-3;19;-117;0;46;-17;47;-17;46;-17;45;-16;44;-16;42;-15;41;-15;39;-15;38;-16;37;-17;36;-17;35;-17;35;-17;34;-16;34;-16;34;-15;34;-15;34;-14;34;-13;33;-12;33;-10;32;-9;30;-9;29;-8;29;-7;29;-6;29;-4;29;-2;10;-1;3;0;-2;0;-2;0;-1;0;1;-2;5;-5;16;-14;17;-14;18;-13;19;-13;21;-13;22;-13;24;-13;25;-12;27;-12;28;-12;29;-12;31;-12;32;-12;32;-12;33;-12;34;-11;35;-11;36;-10;37;-11;38;-12;39;-13;40;-14;42;-14;44;-15;45;-16;46;-17;46;-17;46;-18,empty,EXP_S041,ZONE_01,entree_zone,4.7,entree_zone,entree dans la zone
452772963,-49,6,a0:9f:7a:73:2b:3e,384,-110;-96;8;0;-18;-6;-16;-1;-16;4;-15;10;-16;14;-17;18;-19;21;-21;22;-23;23;-24;22;-25;21;-25;19;-24;16;-23;14;-20;11;-16;9;-12;7;-7;7;-2;8;2;9;5;12;7;15;7;19;6;22;5;23;1;6;0;0;0;0;0;0;0;0;0;0;0;0;0;0;0;0;0;0;-2;-5;-7;-18;-5;-20;-3;-22;-1;-23;1;-23;3;-23;4;-21;4;-20;4;-17;2;-15;0;-14;-3;-12;-6;-11;-10;-10;-13;-10;-17;-11;-20;-12;-23;-12;-26;-13;-28;-15;-30;-16;-31;-18;-31;-19;-30;-19;-28;-19;-26;-18;-119;0;4;-23;4;-22;4;-21;5;-21;5;-22;5;-22;4;-23;2;-23;1;-23;0;-22;0;-21;0;-21;1;-21;1;-22;0;-23;-1;-24;-1;-23;-1;-23;-1;-22;0;-21;1;-21;2;-22;2;-22;1;-22;1;-22;2;-21;3;-20;4;-20;1;-7;0;-3;-1;0;-1;0;-1;0;1;-2;4;-5;13;-12;14;-12;14;-12;14;-11;14;-11;13;-10;13;-9;13;-9;14;-8;14;-9;14;-9;14;-10;13;-10;12;-10;11;-10;10;-9;11;-10;11;-10;11;-12;10;-14;9;-15;8;-16;7;-16;7;-16;8;-17;8;-18;9;-20;9;-21;-119;0;-54;1;-54;1;-53;1;-52;1;-50;1;-49;1;-47;2;-46;3;-45;4;-44;4;-44;5;-43;5;-42;4;-41;4;-41;4;-40;4;-40;3;-40;2;-39;1;-39;0;-37;0;-36;-1;-34;-1;-33;-2;-33;-3;-32;-5;-32;-6;-32;-8;-12;-3;-4;-2;1;0;1;-1;0;-1;-3;1;-8;2;-22;7;-22;7;-23;6;-25;5;-26;5;-28;4;-29;4;-31;3;-32;2;-33;1;-34;1;-35;1;-36;0;-38;-1;-39;-1;-39;-2;-40;-2;-41;-3;-41;-2;-43;-2;-44;-1;-46;0;-48;1;-50;1;-51;1;-52;0;-53;1;-54;1,empty,EXP_S041,ZONE_01,entree_zone,4.7,entree_zone,entree dans la zone
452974358,-49,6,a0:9f:7a:73:2b:3e,384,-110;-96;8;0;-10;14;-5;14;0;15;5;16;9;18;12;20;14;22;15;25;15;26;14;27;13;28;11;28;9;26;7;24;5;21;4;17;4;12;5;8;7;4;10;1;13;-2;16;-2;19;-2;22;-1;23;1;6;0;0;0;0;0;0;0;0;0;0;0;0;0;0;0;0;0;0;0;-5;0;-18;1;-20;0;-21;-3;-22;-5;-22;-7;-21;-9;-19;-9;-17;-9;-15;-8;-14;-6;-13;-4;-12;-1;-12;2;-12;6;-13;9;-14;12;-16;15;-17;18;-19;20;-21;22;-23;23;-24;24;-25;23;-25;22;-24;21;-23;19;-111;0;-20;-12;-19;-11;-18;-11;-17;-12;-18;-12;-19;-12;-20;-11;-21;-10;-21;-8;-21;-6;-20;-6;-19;-7;-20;-8;-20;-8;-21;-8;-22;-7;-22;-6;-21;-6;-20;-6;-19;-7;-18;-7;-19;-8;-19;-8;-20;-8;-20;-7;-19;-8;-18;-8;-18;-9;-6;-4;-2;-2;0;0;0;0;0;0;-1;-2;-3;-6;-6;-17;-5;-17;-5;-17;-4;-17;-4;-17;-4;-16;-3;-16;-2;-16;-2;-16;-2;-16;-2;-17;-3;-17;-4;-16;-5;-15;-5;-14;-5;-14;-5;-14;-5;-15;-7;-15;-9;-14;-11;-14;-11;-13;-12;-12;-12;-12;-12;-13;-14;-14;-15;-15;-16;-15;-111;0;-16;49;-16;49;-16;48;-15;47;-15;45;-14;44;-12;43;-11;42;-9;41;-9;41;-9;40;-9;40;-9;40;-8;39;-8;38;-8;37;-8;37;-8;37;-9;36;-9;35;-10;34;-10;32;-11;31;-11;30;-11;29;-12;29;-13;28;-15;28;-6;9;-2;2;0;-1;0;-2;0;-1;-1;2;-1;7;-3;21;-3;21;-4;22;-5;23;-6;24;-7;26;-8;27;-9;28;-10;29;-11;30;-12;30;-13;31;-14;31;-15;32;-16;33;-16;34;-16;35;-16;35;-16;36;-16;38;-16;39;-16;41;-16;43;-16;44;-17;46;-17;47;-17;48;-17;49,empty,EXP_S041,ZONE_01,entree_zone,4.7,entree_zone,entree dans la zone
453174151,-49,6,a0:9f:7a:73:2b:3e,384,-110;-96;8;0;12;13;13;8;15;3;18;-1;20;-4;23;-7;26;-8;29;-8;30;-8;31;-7;31;-5;31;-3;29;-1;26;0;22;1;18;1;14;0;10;-3;7;-6;4;-10;4;-14;4;-17;5;-20;8;-22;10;-23;2;-6;0;0;0;0;0;0;0;0;0;0;0;0;0;0;0;0;0;0;-1;4;-2;18;-4;19;-7;20;-9;20;-11;20;-13;18;-13;17;-13;15;-11;13;-9;12;-6;11;-3;11;0;11;3;13;6;14;9;16;11;19;14;21;15;23;17;25;17;27;17;29;17;30;16;30;15;29;14;27;-114;0;-19;12;-18;12;-18;11;-18;11;-18;11;-18;12;-17;13;-17;14;-16;14;-15;14;-15;14;-15;14;-15;14;-16;14;-16;15;-16;15;-15;15;-15;15;-15;14;-15;14;-16;13;-16;13;-16;13;-16;13;-16;13;-16;12;-17;10;-17;9;-6;3;-2;0;0;-1;1;-1;0;0;-2;0;-7;0;-18;1;-18;0;-18;-1;-18;-1;-18;-2;-17;-2;-17;-2;-17;-3;-17;-3;-17;-3;-17;-3;-17;-3;-16;-2;-15;-2;-15;-1;-15;-1;-15;-1;-16;0;-16;1;-16;2;-16;4;-16;5;-16;5;-17;6;-17;6;-18;7;-19;8;-20;9;-114;0;40;34;40;34;39;34;38;33;37;32;36;30;36;29;35;28;35;27;35;26;34;26;34;25;33;25;32;24;32;24;31;24;30;24;29;25;28;25;27;25;26;25;24;25;23;24;22;24;21;25;19;25;17;26;16;27;5;10;1;3;-1;-1;-2;-1;-1;-1;2;0;7;2;21;6;21;7;22;8;22;10;23;11;24;13;25;14;25;15;26;17;27;18;27;20;28;21;28;22;28;23;29;24;29;25;29;26;29;27;30;27;31;27;33;28;34;29;36;30;37;31;38;32;39;32;40;33;41;33,empty,EXP_S041,ZONE_01,entree_zone,4.7,entree_zone,entree dans la zone
453373182,-49,6,a0:9f:7a:73:2b:3e,384,-110;-96;8;0;0;-19;-4;-16;-9;-13;-14;-11;-19;-11;-23;-11;-26;-12;-29;-13;-30;-15;-30;-16;-29;-17;-27;-18;-24;-19;-21;-18;-17;-16;-14;-13;-11;-9;-9;-5;-9;0;-9;4;-11;8;-13;11;-16;13;-19;14;-22;13;-6;3;0;0;0;0;0;0;0;0;0;0;0;0;0;0;0;0;0;0;3;-3;15;-11;18;-10;20;-8;22;-6;23;-4;22;-2;21;-1;19;0;17;0;14;-1;12;-3;10;-6;8;-9;7;-12;6;-16;5;-19;5;-22;5;-26;5;-29;6;-31;7;-33;8;-34;9;-34;10;-33;10;-32;9;-30;-125;0;10;4;10;4;10;4;10;3;10;3;10;3;10;2;10;2;10;2;10;1;10;1;10;1;10;1;10;1;10;0;11;0;11;1;11;1;11;1;11;1;10;1;10;1;10;1;10;1;10;2;10;2;10;3;9;3;3;1;1;0;-1;-1;-1;-1;-1;-1;0;0;2;2;5;7;5;7;4;7;4;7;3;8;3;7;3;7;3;7;3;7;3;7;3;7;3;7;3;7;3;6;3;6;4;6;4;6;4;6;5;5;5;5;6;5;6;5;7;5;7;5;8;5;8;4;9;4;9;4;-125;0;2;-27;2;-27;1;-27;1;-26;1;-25;1;-25;1;-24;0;-23;0;-22;-1;-22;-1;-21;-1;-21;-1;-21;-1;-21;-1;-21;-1;-21;0;-20;0;-20;0;-20;1;-19;1;-19;1;-18;2;-18;2;-17;3;-17;3;-16;4;-16;5;-15;1;-6;0;-2;-1;0;0;0;0;0;-1;-2;-2;-4;-3;-12;-3;-12;-3;-12;-2;-13;-2;-14;-2;-14;-1;-15;-1;-16;-1;-16;0;-17;0;-18;1;-18;1;-19;2;-19;2;-19;2;-20;2;-20;2;-21;2;-21;2;-22;2;-22;2;-23;2;-24;2;-25;1;-26;1;-26;1;-27;1;-28,empty,EXP_S041,ZONE_01,entree_zone,4.7,entree_zone,entree dans la zone
453572693,-48,6,a0:9f:7a:73:2b:3e,384,-110;-96;8;0;6;15;9;11;12;7;15;4;19;1;22;0;25;-1;27;0;29;1;29;2;29;3;27;5;25;6;23;6;19;6;16;5;12;3;9;0;7;-4;6;-8;5;-12;7;-15;8;-17;11;-18;13;-19;3;-5;0;0;0;0;0;0;0;0;0;0;0;0;0;0;0;0;0;0;-2;3;-9;14;-11;14;-14;14;-16;13;-17;12;-18;10;-18;9;-16;8;-14;7;-12;7;-10;7;-7;8;-4;10;-2;12;0;14;2;17;3;20;5;22;6;25;6;27;6;29;6;30;5;31;4;31;3;29;3;27;-123;0;-20;8;-19;8;-18;7;-18;7;-19;7;-20;7;-20;8;-19;10;-18;10;-16;11;-15;11;-15;11;-16;11;-17;11;-17;12;-17;12;-16;13;-16;12;-15;11;-16;10;-16;9;-17;9;-17;10;-17;11;-16;10;-16;10;-16;9;-16;8;-6;2;-2;0;0;-1;0;0;0;0;-2;-1;-6;-2;-16;-5;-16;-6;-16;-6;-16;-7;-15;-7;-14;-7;-14;-7;-13;-8;-13;-8;-13;-9;-14;-8;-14;-7;-14;-6;-14;-5;-13;-5;-13;-4;-13;-4;-14;-4;-15;-3;-15;-2;-16;0;-16;1;-16;1;-16;2;-16;2;-18;2;-19;3;-20;4;-123;0;29;38;29;38;28;37;28;36;27;35;27;34;26;32;27;31;27;30;27;29;27;28;26;28;26;28;26;27;25;26;25;26;25;26;24;26;23;26;22;26;20;26;19;25;18;25;17;24;16;24;15;25;14;26;12;27;4;9;1;3;-1;-1;-1;-1;-1;-1;1;1;5;4;15;12;15;13;15;14;16;15;16;17;17;18;17;20;17;21;17;23;17;24;17;25;17;25;17;26;18;28;18;29;18;30;18;30;19;31;20;31;21;32;22;33;24;34;25;35;26;36;26;36;27;37;28;38;29;39,empty,EXP_S041,ZONE_01,entree_zone,4.7,entree_zone,entree dans la zone
453778072,-48,6,a0:9f:7a:73:2b:3e,384,-110;-96;8;0;-7;-17;-10;-13;-13;-9;-17;-7;-20;-5;-23;-4;-26;-3;-29;-4;-30;-5;-31;-6;-30;-7;-29;-8;-27;-10;-23;-10;-20;-9;-16;-8;-13;-5;-11;-2;-9;2;-8;6;-9;9;-10;12;-12;15;-15;16;-17;16;-5;4;0;0;0;0;0;0;0;0;0;0;0;0;0;0;0;0;0;0;1;-4;7;-16;9;-17;12;-17;14;-16;15;-15;16;-13;16;-12;15;-10;13;-9;11;-9;8;-9;6;-10;3;-12;1;-14;-2;-16;-3;-19;-5;-21;-6;-24;-7;-26;-7;-29;-7;-31;-7;-32;-6;-33;-5;-32;-5;-31;-4;-30;-122;0;10;-3;9;-3;9;-3;9;-2;9;-2;9;-3;9;-3;9;-4;8;-4;8;-4;8;-4;8;-5;8;-5;8;-5;8;-5;8;-5;8;-5;8;-5;8;-5;8;-4;8;-4;8;-4;8;-4;8;-5;8;-4;8;-4;8;-4;8;-3;2;-1;0;-1;-1;0;-1;-1;-1;-1;0;0;2;1;6;3;6;4;6;4;6;4;6;4;6;4;5;4;5;4;5;4;5;4;5;4;5;4;5;3;5;3;5;3;5;3;5;2;6;2;6;2;7;2;7;1;7;0;7;0;7;0;8;0;8;0;9;-1;9;-1;-122;0;-12;-24;-12;-23;-11;-23;-11;-22;-11;-22;-11;-21;-11;-20;-11;-19;-11;-19;-11;-18;-11;-18;-11;-17;-11;-17;-11;-17;-11;-17;-11;-17;-11;-17;-10;-17;-10;-16;-9;-16;-9;-16;-8;-15;-8;-15;-7;-15;-7;-15;-6;-15;-5;-15;-5;-15;-2;-6;-1;-2;0;0;0;0;0;0;-1;-1;-3;-3;-7;-9;-7;-9;-7;-10;-7;-10;-7;-11;-7;-12;-7;-13;-7;-13;-7;-14;-7;-15;-7;-15;-7;-16;-7;-16;-7;-17;-7;-17;-7;-18;-7;-18;-7;-19;-7;-19;-8;-19;-8;-20;-9;-20;-10;-21;-10;-22;-10;-22;-11;-23;-11;-23;-11;-23,empty,EXP_S041,ZONE_01,entree_zone,4.7,entree_zone,entree dans la zone
453972291,-48,6,a0:9f:7a:73:2b:3e,384,-110;-96;8;0;-1;-17;-5;-14;-9;-12;-14;-10;-18;-8;-22;-8;-25;-9;-27;-10;-28;-12;-28;-14;-27;-15;-25;-16;-23;-16;-20;-15;-17;-14;-14;-11;-11;-8;-9;-4;-8;0;-8;5;-9;8;-12;11;-14;12;-17;13;-19;13;-5;3;0;0;0;0;0;0;0;0;0;0;0;0;0;0;0;0;0;0;3;-3;13;-11;15;-10;18;-9;19;-7;20;-5;20;-4;19;-3;17;-2;15;-2;13;-3;11;-4;9;-6;7;-8;6;-11;4;-14;3;-18;3;-21;3;-24;3;-26;3;-29;3;-31;4;-32;6;-32;7;-32;7;-30;7;-28;-125;0;19;-7;19;-6;19;-6;19;-5;19;-5;20;-6;20;-7;20;-8;19;-9;18;-9;17;-9;17;-9;17;-9;18;-9;19;-10;19;-11;18;-11;17;-10;17;-10;17;-8;17;-8;18;-8;18;-8;18;-8;18;-8;18;-7;17;-6;17;-5;6;-2;2;-1;-1;0;-1;-1;-1;-1;1;0;5;2;15;5;15;6;15;7;14;7;14;7;13;7;12;7;12;7;11;8;12;8;12;8;12;7;12;6;12;6;11;5;11;5;12;5;12;5;14;4;15;2;15;1;15;0;15;-1;15;-1;16;-1;18;-1;19;-2;20;-2;-125;0;-24;-44;-24;-44;-24;-43;-23;-43;-22;-41;-22;-39;-21;-38;-21;-36;-22;-35;-22;-34;-22;-33;-22;-33;-22;-33;-21;-32;-21;-32;-20;-32;-20;-32;-19;-32;-18;-32;-17;-32;-15;-31;-14;-30;-13;-29;-13;-29;-12;-28;-10;-29;-9;-29;-7;-29;-3;-11;-1;-4;0;0;0;0;0;0;-2;-2;-6;-5;-16;-15;-16;-15;-15;-17;-15;-18;-15;-19;-16;-20;-16;-22;-16;-24;-16;-25;-16;-27;-16;-28;-16;-29;-16;-30;-16;-31;-16;-32;-15;-33;-15;-33;-16;-34;-16;-35;-17;-35;-19;-36;-20;-37;-21;-39;-22;-40;-23;-41;-23;-43;-24;-44;-24;-45,empty,EXP_S041,ZONE_01,entree_zone,4.7,entree_zone,entree dans la zone
454172920,-48,6,a0:9f:7a:73:2b:3e,384,-110;-96;8;0;15;-9;10;-11;6;-14;3;-17;0;-20;-1;-23;-2;-26;-2;-29;-1;-30;0;-31;2;-31;3;-30;5;-27;6;-25;6;-21;5;-17;3;-13;0;-10;-4;-8;-8;-7;-12;-6;-15;-7;-17;-9;-19;-12;-19;-14;-5;-4;0;0;0;0;0;0;0;0;0;0;0;0;0;0;0;0;0;0;3;1;16;5;16;7;17;10;16;12;15;14;14;14;12;14;11;14;10;12;9;10;9;7;9;5;11;2;12;-1;14;-3;16;-5;19;-7;21;-9;24;-10;26;-11;28;-11;30;-11;30;-10;30;-9;29;-8;28;-8;-114;0;11;17;10;16;10;16;10;16;10;16;10;16;11;16;12;15;13;14;13;13;13;13;12;13;12;13;13;14;13;14;14;14;14;14;14;13;13;13;13;14;12;14;12;15;12;15;12;15;12;15;11;15;10;14;9;15;3;5;0;1;-1;-1;0;-1;0;-1;-1;1;-1;5;-2;16;-3;16;-3;15;-3;15;-4;15;-4;14;-4;13;-5;13;-5;13;-5;13;-5;14;-4;14;-3;13;-2;13;-2;12;-2;12;-2;12;-1;13;0;14;1;15;2;15;3;14;4;14;4;14;4;15;5;16;6;17;7;18;-114;0;34;-36;34;-36;34;-35;34;-35;32;-34;31;-33;29;-32;28;-32;27;-32;26;-31;26;-31;25;-31;24;-30;24;-30;24;-29;24;-29;24;-29;24;-28;24;-27;24;-26;24;-24;24;-23;24;-22;23;-21;23;-20;24;-18;24;-17;25;-16;9;-6;3;-2;-1;0;-1;1;-1;0;0;-3;3;-7;9;-19;10;-19;11;-19;12;-20;13;-20;14;-21;16;-22;17;-23;19;-23;20;-24;21;-24;22;-24;23;-24;24;-24;25;-25;26;-25;27;-25;28;-25;28;-26;28;-27;29;-28;30;-30;31;-31;32;-33;33;-34;34;-35;35;-35;35;-36,empty,EXP_S041,ZONE_01,entree_zone,4.7,entree_zone,entree dans la zone
454374955,-48,6,a0:9f:7a:73:2b:3e,384,-110;-96;8;0;17;4;15;0;14;-5;14;-10;14;-14;16;-18;17;-20;19;-21;21;-22;23;-21;23;-20;24;-18;23;-15;22;-13;19;-10;16;-8;11;-7;7;-7;3;-9;-1;-11;-3;-14;-5;-17;-5;-20;-3;-22;-2;-24;-1;-6;0;0;0;0;0;0;0;0;0;0;0;0;0;0;0;0;0;0;2;3;9;14;8;16;6;19;4;20;3;21;1;21;0;20;-1;18;-1;16;0;14;2;12;4;10;7;9;10;8;13;8;16;8;19;8;22;8;25;9;27;10;29;11;30;13;29;14;28;15;27;15;25;14;-112;0;-4;20;-4;20;-4;19;-4;19;-5;19;-5;20;-4;20;-2;20;-1;20;-1;19;-1;18;-1;18;-1;18;-1;19;-1;20;0;20;0;20;0;19;-1;18;-2;18;-2;18;-3;19;-3;19;-3;19;-3;19;-4;18;-4;17;-5;17;-2;6;-1;1;0;-1;0;-1;0;-1;-2;1;-4;4;-11;12;-12;11;-12;11;-12;11;-12;10;-12;10;-12;9;-12;8;-13;8;-13;8;-13;8;-12;9;-11;9;-10;9;-10;9;-9;9;-10;9;-10;10;-10;11;-9;12;-8;13;-7;13;-6;14;-6;14;-7;15;-7;16;-7;17;-7;18;-112;0;50;-4;50;-4;50;-4;49;-3;47;-3;46;-3;44;-4;43;-4;41;-5;41;-5;40;-5;39;-5;39;-5;38;-5;38;-4;38;-4;37;-3;37;-3;37;-2;36;-1;35;0;34;1;32;2;31;2;30;3;30;5;29;7;29;9;10;3;3;1;-2;-1;-2;0;-1;0;1;-2;6;-4;19;-11;19;-10;20;-10;21;-9;23;-9;24;-8;26;-8;28;-8;29;-7;30;-6;32;-6;33;-5;34;-5;35;-4;35;-4;36;-3;37;-2;38;-2;39;-3;40;-3;42;-4;43;-4;45;-5;47;-5;48;-5;49;-5;50;-5;51;-5,empty,EXP_S041,ZONE_01,entree_zone,4.7,entree_zone,entree dans la zone
454572987,-48,6,a0:9f:7a:73:2b:3e,384,-110;-96;8;0;-18;-2;-15;2;-13;7;-12;11;-12;16;-12;19;-14;22;-15;24;-17;24;-18;24;-19;23;-20;21;-20;19;-19;16;-17;13;-14;11;-10;8;-6;7;-1;7;3;9;6;11;8;13;9;16;9;19;8;21;1;5;0;0;0;0;0;0;0;0;0;0;0;0;0;0;0;0;0;0;-3;-4;-11;-14;-10;-17;-9;-19;-7;-21;-5;-21;-3;-21;-2;-20;-1;-19;-1;-17;-2;-14;-3;-12;-5;-11;-8;-9;-11;-8;-14;-7;-17;-6;-20;-6;-23;-6;-26;-7;-29;-7;-31;-8;-31;-9;-31;-10;-31;-11;-29;-11;-28;-11;-120;0;2;-21;2;-21;2;-21;2;-20;2;-21;2;-21;1;-21;1;-21;0;-21;-1;-20;-1;-20;-1;-20;0;-20;0;-21;-1;-21;-1;-22;-1;-21;-1;-21;-1;-21;0;-20;1;-20;1;-20;2;-20;2;-20;2;-20;3;-19;4;-19;4;-18;1;-7;0;-2;-1;0;-1;0;-1;0;0;-2;3;-5;9;-14;10;-13;10;-13;11;-13;11;-12;11;-12;11;-11;11;-10;11;-10;11;-10;11;-11;10;-11;10;-11;9;-11;9;-11;8;-11;8;-11;8;-12;8;-13;7;-14;6;-14;6;-15;5;-16;5;-16;5;-17;6;-18;6;-19;6;-20;-120;0;-50;5;-50;4;-49;4;-48;4;-47;4;-45;4;-44;5;-42;5;-41;5;-41;5;-40;5;-40;5;-39;5;-39;4;-38;4;-38;3;-38;3;-37;2;-36;1;-36;0;-34;-1;-33;-2;-32;-3;-32;-3;-31;-5;-30;-6;-30;-8;-29;-9;-11;-4;-3;-2;1;0;1;-1;0;-1;-2;1;-7;4;-18;11;-19;11;-20;10;-21;10;-23;9;-24;9;-26;9;-28;9;-29;8;-30;8;-32;7;-33;6;-34;5;-35;4;-35;4;-36;4;-37;3;-38;3;-39;3;-40;4;-41;5;-43;6;-44;6;-46;6;-47;6;-48;5;-49;5;-50;5,empty,EXP_S041,ZONE_01,entree_zone,4.7,entree_zone,entree dans la zone
454772342,-48,6,a0:9f:7a:73:2b:3e,384,-110;-96;8;0;16;4;14;-1;13;-6;13;-11;13;-15;14;-18;16;-21;17;-22;19;-23;20;-23;21;-22;22;-20;21;-17;20;-14;18;-12;14;-9;10;-8;6;-8;1;-8;-2;-10;-5;-12;-7;-15;-7;-18;-7;-21;-6;-23;-2;-6;0;0;0;0;0;0;0;0;0;0;0;0;0;0;0;0;0;0;2;3;8;14;7;16;5;19;3;20;1;20;0;20;-1;19;-2;18;-2;16;-1;13;1;11;3;10;6;9;9;8;12;7;15;7;18;8;21;8;24;9;27;10;28;11;29;12;29;13;28;14;27;14;26;13;-118;0;-11;18;-11;17;-11;17;-11;17;-10;17;-10;17;-9;18;-9;18;-8;18;-8;18;-7;18;-7;18;-7;18;-7;18;-7;19;-7;19;-7;19;-7;19;-7;18;-7;18;-8;18;-8;17;-8;17;-8;17;-9;17;-9;16;-10;15;-11;15;-4;5;-2;1;0;-1;0;-1;0;-1;-2;1;-5;3;-14;8;-15;7;-15;6;-15;6;-15;5;-15;5;-15;5;-15;4;-15;4;-15;4;-14;4;-14;4;-14;4;-13;5;-13;5;-13;6;-13;6;-13;7;-13;7;-12;8;-12;9;-12;10;-12;11;-12;12;-12;13;-12;14;-12;14;-12;15;-118;0;48;12;47;12;47;12;46;11;45;11;43;10;42;10;41;9;40;9;39;8;38;8;38;8;37;8;37;7;36;7;36;7;36;8;35;8;34;9;33;9;32;10;30;10;29;11;28;11;27;12;26;14;25;15;24;16;8;6;2;1;-1;-1;-2;0;-1;0;2;-1;7;-2;20;-4;21;-3;22;-2;22;-1;24;0;25;1;26;1;27;2;29;3;30;4;30;5;31;6;32;7;33;8;33;9;34;9;35;9;36;10;37;10;38;10;39;10;41;10;42;10;43;10;45;11;46;11;47;11;48;11,empty,EXP_S041,ZONE_01,entree_zone,4.7,entree_zone,entree dans la zone
454972459,-48,6,a0:9f:7a:73:2b:3e,384,-110;-96;8;0;11;-13;6;-13;2;-15;-3;-17;-6;-19;-9;-22;-10;-24;-11;-27;-11;-29;-9;-30;-8;-30;-6;-29;-4;-27;-3;-25;-2;-22;-1;-18;-2;-13;-4;-9;-6;-6;-10;-3;-13;-2;-17;-2;-19;-3;-22;-5;-23;-7;-6;-2;0;0;0;0;0;0;0;0;0;0;0;0;0;0;0;0;0;0;4;0;17;1;18;3;19;5;19;8;18;9;17;11;16;11;14;10;13;9;11;7;10;5;10;2;11;-1;12;-4;13;-7;14;-10;16;-13;18;-15;20;-17;22;-18;24;-19;26;-19;27;-19;27;-17;26;-16;24;-15;-119;0;15;14;15;13;15;13;14;12;15;12;15;12;16;12;16;11;17;10;17;9;16;8;16;8;16;8;17;9;18;9;18;9;18;8;18;8;17;8;17;8;17;9;17;9;17;9;17;9;17;9;16;9;15;10;14;10;5;3;1;1;-1;-1;-1;-1;-1;-1;0;1;0;5;2;15;1;15;1;15;0;15;0;15;0;15;0;14;-1;14;-1;14;-1;14;0;14;0;14;1;14;2;13;2;12;2;12;2;12;3;13;4;13;5;13;6;13;7;13;8;13;9;13;9;14;10;14;11;15;12;15;-119;0;22;-45;22;-45;21;-45;21;-43;20;-42;19;-41;18;-40;16;-39;15;-39;13;-39;12;-38;12;-38;12;-37;12;-37;12;-36;12;-35;12;-35;13;-34;13;-34;14;-33;14;-31;14;-30;14;-29;14;-28;14;-27;15;-26;16;-25;17;-24;6;-9;2;-3;-1;0;-1;1;-1;0;0;-3;1;-8;4;-21;5;-21;6;-22;7;-22;8;-23;9;-24;10;-25;11;-26;12;-27;14;-28;14;-29;15;-29;16;-30;16;-31;17;-31;18;-31;19;-32;19;-32;19;-33;20;-34;20;-36;20;-37;21;-39;21;-41;22;-42;21;-44;21;-45;21;-45,empty,EXP_S041,ZONE_01,entree_zone,4.7,entree_zone,entree dans la zone
455172757,-48,6,a0:9f:7a:73:2b:3e,384,-110;-96;8;0;-16;6;-12;9;-8;12;-5;15;-2;19;-1;22;0;25;-1;27;-2;29;-3;29;-5;29;-6;28;-7;26;-8;23;-7;19;-6;16;-4;12;-1;9;3;7;7;5;11;5;14;6;16;8;17;11;18;13;4;3;0;0;0;0;0;0;0;0;0;0;0;0;0;0;0;0;0;0;-4;-2;-15;-9;-15;-11;-15;-14;-14;-16;-13;-18;-12;-18;-10;-18;-9;-17;-8;-15;-8;-12;-8;-10;-9;-7;-11;-5;-13;-2;-15;0;-18;2;-21;4;-23;5;-26;6;-29;6;-30;7;-32;6;-32;5;-32;4;-31;3;-29;3;-123;0;-9;-20;-9;-19;-8;-19;-8;-19;-8;-19;-8;-20;-9;-20;-11;-19;-11;-18;-12;-17;-12;-16;-12;-16;-11;-17;-12;-17;-12;-18;-13;-17;-13;-17;-13;-16;-12;-16;-12;-16;-11;-17;-11;-17;-11;-17;-11;-17;-11;-17;-10;-17;-9;-17;-8;-17;-3;-6;-1;-2;0;0;-1;0;-1;0;0;-2;1;-6;3;-16;4;-16;5;-16;5;-16;5;-15;5;-15;5;-14;6;-14;7;-14;7;-14;6;-14;5;-14;4;-14;4;-14;3;-14;3;-13;3;-14;3;-14;2;-15;1;-16;-1;-16;-2;-16;-3;-17;-3;-17;-3;-17;-4;-19;-4;-20;-5;-20;-123;0;-41;29;-40;29;-40;28;-39;28;-37;27;-36;27;-34;26;-32;26;-31;26;-30;27;-30;26;-30;26;-30;26;-29;25;-29;25;-28;24;-28;24;-28;23;-28;22;-28;21;-28;20;-27;18;-26;17;-26;17;-26;16;-27;14;-27;13;-27;12;-10;4;-3;1;0;-1;0;-2;0;-1;-2;1;-5;6;-13;16;-14;16;-15;16;-16;17;-17;17;-19;17;-20;18;-22;18;-24;18;-25;18;-26;18;-27;18;-28;18;-29;18;-30;18;-31;19;-31;19;-32;19;-32;20;-33;21;-34;22;-35;24;-36;25;-37;26;-38;27;-39;28;-40;28;-41;29,empty,EXP_S041,ZONE_01,entree_zone,4.7,entree_zone,entree dans la zone
455372303,-49,6,a0:9f:7a:73:2b:3e,384,-110;-96;8;0;12;-14;6;-14;1;-16;-4;-18;-8;-20;-11;-23;-13;-26;-14;-28;-14;-30;-13;-31;-11;-31;-9;-31;-7;-29;-5;-27;-3;-23;-3;-19;-3;-14;-5;-9;-7;-5;-10;-2;-14;0;-18;0;-21;0;-24;-2;-25;-4;-7;-1;0;0;0;0;0;0;0;0;0;0;0;0;0;0;0;0;0;0;4;0;18;2;19;4;20;7;20;9;19;11;18;12;17;12;15;12;13;10;11;8;11;6;11;3;11;-1;12;-4;13;-8;15;-11;17;-14;19;-16;22;-19;24;-20;26;-21;27;-21;28;-20;28;-19;28;-18;26;-17;-123;0;17;14;17;14;17;13;17;13;17;13;18;13;19;12;19;11;19;10;19;9;19;9;18;9;18;9;19;9;20;9;20;9;20;9;20;8;19;8;18;9;18;9;18;10;19;10;19;10;18;10;17;11;16;11;16;12;5;4;1;1;-1;-1;-1;-2;-1;-1;0;1;2;6;5;17;4;17;4;17;3;17;3;16;2;16;2;16;2;16;1;16;1;16;2;16;2;16;3;15;3;15;3;14;3;13;4;14;5;14;6;14;7;14;9;14;10;14;10;13;11;14;12;14;13;15;14;15;15;16;-123;0;21;-49;21;-49;20;-49;20;-47;19;-46;18;-44;17;-43;16;-42;15;-42;13;-42;13;-41;12;-41;12;-40;12;-39;12;-38;12;-38;13;-37;13;-37;14;-36;15;-35;15;-34;15;-32;15;-31;15;-30;16;-29;17;-28;18;-26;19;-25;7;-9;2;-3;-1;0;-1;1;-1;0;0;-3;0;-8;1;-23;2;-23;3;-24;4;-25;5;-26;6;-27;7;-28;8;-29;10;-30;11;-31;12;-32;13;-33;14;-34;14;-34;15;-35;16;-35;17;-35;17;-36;18;-37;18;-38;18;-40;18;-41;19;-43;19;-45;19;-47;19;-48;19;-49;19;-49,empty,EXP_S041,ZONE_01,entree_zone,4.7,entree_zone,entree dans la zone
455575336,-49,6,a0:9f:7a:73:2b:3e,384,-110;-96;8;0;-12;14;-6;14;-1;15;4;17;8;19;11;22;13;24;14;26;15;28;14;29;12;29;10;29;7;28;5;25;4;22;3;18;3;13;4;8;7;4;10;1;13;-1;17;-2;20;-1;23;0;24;2;6;0;0;0;0;0;0;0;0;0;0;0;0;0;0;0;0;0;0;0;-5;0;-19;0;-21;-2;-22;-5;-22;-7;-22;-9;-21;-11;-19;-11;-17;-11;-15;-10;-14;-8;-13;-5;-12;-2;-12;1;-13;5;-14;8;-15;12;-17;15;-19;17;-21;19;-23;21;-25;22;-27;23;-27;23;-27;22;-26;20;-25;19;-126;0;-20;-14;-20;-13;-19;-13;-18;-13;-18;-13;-19;-13;-20;-12;-21;-11;-21;-10;-20;-9;-20;-8;-20;-8;-20;-9;-21;-9;-21;-9;-22;-9;-22;-8;-21;-8;-20;-8;-19;-9;-19;-10;-19;-10;-20;-10;-20;-10;-19;-10;-19;-10;-18;-11;-17;-12;-6;-5;-2;-2;0;0;0;1;0;0;-1;-2;-3;-6;-8;-17;-7;-17;-7;-17;-6;-17;-6;-17;-5;-16;-5;-16;-4;-16;-3;-17;-3;-17;-4;-17;-5;-16;-5;-16;-6;-15;-6;-14;-6;-14;-6;-14;-7;-15;-8;-15;-10;-15;-11;-14;-12;-14;-13;-13;-13;-13;-14;-14;-15;-15;-16;-15;-17;-16;-126;0;-18;51;-18;50;-18;49;-17;48;-17;47;-16;45;-15;44;-14;44;-13;43;-12;42;-12;41;-12;41;-12;40;-11;39;-11;39;-11;38;-11;38;-12;37;-13;36;-13;35;-14;34;-14;32;-14;31;-15;30;-15;29;-16;28;-18;27;-19;26;-7;9;-3;2;0;-1;-1;-2;0;-1;0;2;0;7;0;22;-1;22;-2;23;-3;24;-4;25;-5;27;-6;28;-7;29;-8;30;-9;31;-10;32;-11;32;-12;33;-13;34;-14;35;-15;36;-15;36;-16;37;-16;38;-15;39;-16;41;-16;43;-16;45;-17;46;-17;48;-17;49;-18;50;-18;50,empty,EXP_S041,ZONE_01,entree_zone,4.7,entree_zone,entree dans la zone
455774110,-48,6,a0:9f:7a:73:2b:3e,384,-110;-96;8;0;-17;-2;-15;2;-13;7;-12;12;-11;16;-12;19;-13;22;-14;24;-15;25;-17;25;-18;24;-18;22;-19;20;-18;17;-16;14;-13;11;-10;9;-5;7;-1;7;3;8;6;10;9;12;10;15;10;18;9;20;2;5;0;0;0;0;0;0;0;0;0;0;0;0;0;0;0;0;0;0;-3;-4;-11;-14;-10;-16;-9;-19;-7;-21;-5;-21;-3;-21;-2;-20;-1;-19;-1;-16;-2;-14;-3;-12;-5;-10;-8;-8;-11;-7;-14;-6;-17;-6;-20;-6;-23;-6;-26;-6;-29;-7;-30;-8;-31;-9;-31;-10;-31;-10;-29;-10;-28;-10;-122;0;0;-22;0;-21;1;-20;2;-20;2;-20;2;-21;1;-22;0;-22;-2;-21;-3;-20;-3;-19;-2;-19;-2;-20;-2;-21;-2;-22;-3;-22;-3;-21;-3;-20;-2;-20;-1;-19;-1;-19;0;-20;0;-20;0;-20;0;-20;0;-19;1;-19;2;-18;1;-7;0;-2;0;0;-1;0;-1;0;0;-2;3;-5;8;-14;9;-14;9;-14;10;-13;10;-13;10;-12;10;-11;10;-11;11;-10;11;-10;11;-11;10;-11;9;-11;8;-11;8;-11;8;-11;8;-11;8;-12;8;-13;7;-14;5;-15;4;-16;4;-16;4;-16;4;-17;5;-18;5;-20;5;-21;-122;0;-49;8;-49;8;-48;8;-47;7;-46;6;-44;7;-42;7;-41;8;-40;8;-39;8;-39;8;-39;7;-38;7;-38;7;-37;7;-37;6;-36;6;-36;5;-36;4;-35;3;-34;2;-33;1;-32;0;-31;0;-30;-1;-30;-3;-30;-4;-29;-6;-11;-3;-4;-1;0;-1;1;-1;0;-1;-2;1;-7;4;-18;11;-19;11;-20;10;-21;10;-22;10;-24;10;-25;10;-27;9;-29;9;-30;8;-31;7;-31;7;-32;6;-34;6;-35;5;-36;5;-36;5;-37;5;-38;5;-39;6;-40;7;-42;8;-43;9;-45;9;-46;8;-47;8;-48;8;-49;8,empty,EXP_S041,ZONE_01,entree_zone,4.7,entree_zone,entree dans la zone
455974493,-48,6,a0:9f:7a:73:2b:3e,384,-110;-96;8;0;14;8;14;4;15;-1;16;-6;17;-10;20;-13;22;-15;24;-16;26;-16;27;-15;27;-13;27;-11;25;-9;23;-7;20;-6;17;-4;12;-4;8;-6;4;-8;1;-10;-1;-14;-1;-17;-1;-20;0;-22;2;-24;0;-6;0;0;0;0;0;0;0;0;0;0;0;0;0;0;0;0;0;0;0;4;3;16;1;18;-1;20;-4;20;-6;20;-7;20;-8;18;-8;17;-7;15;-5;13;-3;12;-1;11;3;10;6;10;9;11;12;12;15;13;18;15;20;16;22;18;23;20;24;21;23;22;22;23;21;22;20;21;-109;0;-8;19;-7;19;-7;18;-8;17;-8;17;-8;18;-7;19;-6;20;-4;19;-3;19;-3;18;-3;18;-4;18;-4;19;-4;20;-3;20;-2;20;-2;19;-3;19;-4;18;-5;18;-5;18;-5;19;-5;19;-4;18;-5;18;-5;17;-6;16;-3;5;-1;1;0;-1;0;-1;0;-1;-2;1;-5;3;-14;8;-15;8;-15;7;-15;7;-15;7;-14;7;-14;6;-14;5;-14;5;-15;5;-15;5;-15;6;-14;6;-12;7;-12;6;-11;6;-12;6;-12;7;-13;9;-12;10;-11;12;-10;12;-10;12;-10;12;-10;13;-11;14;-11;16;-11;17;-109;0;49;4;49;4;49;4;48;5;46;4;45;4;43;4;42;3;41;2;41;1;40;0;39;0;39;0;38;0;37;0;37;0;37;0;36;1;36;2;35;3;34;4;32;5;31;5;30;5;29;6;29;7;28;9;28;10;10;4;2;1;-1;-1;-2;0;-1;0;2;-1;7;-2;20;-5;21;-4;21;-3;22;-3;24;-2;25;-2;27;-1;28;0;30;1;30;2;31;3;32;3;33;4;34;4;35;5;36;6;36;6;37;6;38;6;39;6;40;5;42;5;44;5;45;5;47;5;48;5;49;5;50;5,empty,EXP_S041,ZONE_01,entree_zone,4.7,entree_zone,entree dans la zone
456174359,-48,6,a0:9f:7a:73:2b:3e,384,-110;-96;8;0;-11;-13;-12;-9;-15;-5;-17;-1;-20;2;-23;4;-25;5;-28;5;-29;5;-30;4;-30;2;-29;1;-27;-1;-25;-2;-21;-2;-17;-2;-13;-1;-10;2;-7;5;-5;8;-4;12;-4;15;-5;17;-7;19;-9;20;-3;5;0;0;0;0;0;0;0;0;0;0;0;0;0;0;0;0;0;0;0;-4;4;-17;6;-18;9;-18;11;-18;12;-17;13;-16;14;-14;13;-13;11;-11;9;-10;7;-10;4;-10;1;-11;-2;-13;-5;-15;-8;-17;-10;-19;-11;-21;-13;-24;-14;-26;-15;-28;-14;-29;-13;-30;-12;-29;-11;-28;-11;-27;-110;0;15;-14;15;-14;14;-13;14;-13;14;-13;14;-14;14;-15;13;-16;12;-16;11;-16;10;-16;10;-16;10;-16;10;-17;10;-17;10;-18;9;-18;9;-17;9;-16;9;-16;10;-16;10;-16;10;-17;10;-17;10;-16;10;-16;10;-15;11;-14;4;-5;1;-2;-1;0;-2;-1;-1;-1;1;-1;5;0;16;0;15;1;15;1;15;2;15;2;15;2;14;2;14;2;14;3;14;2;15;2;14;1;14;1;13;0;13;0;13;-1;13;-1;14;-2;14;-2;14;-4;14;-5;14;-6;14;-7;14;-7;15;-8;16;-9;16;-10;16;-10;-110;0;-41;-28;-41;-28;-40;-28;-40;-27;-39;-25;-38;-24;-37;-23;-36;-21;-36;-20;-36;-19;-36;-17;-36;-17;-35;-16;-35;-16;-34;-16;-34;-16;-34;-16;-33;-17;-32;-17;-31;-17;-30;-17;-28;-17;-27;-17;-27;-16;-26;-17;-24;-17;-23;-19;-22;-20;-8;-8;-3;-3;0;0;1;0;0;0;-3;-1;-7;-3;-19;-9;-19;-10;-20;-11;-20;-12;-21;-13;-22;-14;-23;-15;-23;-17;-24;-18;-25;-19;-25;-20;-26;-21;-26;-22;-26;-22;-27;-23;-27;-24;-27;-24;-28;-25;-29;-25;-30;-25;-32;-26;-33;-26;-35;-27;-37;-27;-38;-28;-39;-28;-40;-28;-41;-28,empty,EXP_S041,ZONE_01,entree_zone,4.7,entree_zone,entree dans la zone
456373295,-48,6,a0:9f:7a:73:2b:3e,384,-110;-96;8;0;-6;-17;-9;-13;-13;-10;-17;-6;-22;-4;-25;-3;-29;-3;-31;-3;-33;-5;-33;-6;-32;-8;-31;-9;-28;-9;-25;-10;-21;-9;-17;-7;-14;-5;-10;-1;-8;3;-7;8;-7;12;-8;15;-11;17;-13;19;-16;19;-4;4;0;0;0;0;0;0;0;0;0;0;0;0;0;0;0;0;0;0;2;-4;12;-15;14;-15;17;-14;19;-13;21;-11;21;-9;20;-7;18;-6;16;-6;14;-6;11;-7;8;-8;5;-10;3;-13;1;-17;-1;-20;-2;-23;-3;-26;-4;-29;-4;-32;-4;-34;-3;-35;-2;-36;-1;-35;-1;-33;-1;-31;-124;0;10;-5;10;-5;9;-5;9;-5;9;-5;10;-6;9;-6;9;-7;8;-7;8;-7;8;-7;7;-7;8;-7;8;-7;8;-8;8;-8;8;-8;8;-8;7;-8;8;-7;8;-7;8;-7;8;-7;8;-7;8;-7;8;-7;8;-6;8;-6;2;-2;0;-1;-1;0;-1;-1;-1;-1;1;0;3;0;9;2;8;2;8;2;8;3;8;3;8;3;7;3;7;3;7;3;7;3;8;3;8;3;7;2;7;2;7;1;7;1;7;1;7;1;8;1;8;0;8;-1;8;-2;8;-2;9;-2;9;-2;10;-2;10;-3;10;-3;-124;0;-18;-21;-18;-21;-18;-20;-17;-20;-17;-19;-17;-18;-16;-17;-16;-17;-17;-16;-17;-16;-17;-15;-16;-15;-16;-14;-16;-14;-16;-14;-15;-14;-15;-14;-15;-14;-14;-14;-14;-14;-13;-14;-12;-14;-12;-13;-11;-13;-11;-13;-10;-13;-9;-14;-9;-14;-3;-6;-1;-2;0;0;0;0;0;0;-2;-1;-4;-3;-10;-7;-10;-7;-10;-8;-10;-9;-10;-9;-10;-10;-11;-11;-11;-12;-11;-13;-11;-13;-11;-14;-11;-14;-11;-15;-12;-15;-12;-16;-12;-16;-12;-17;-12;-17;-13;-17;-13;-18;-14;-18;-15;-18;-15;-19;-16;-20;-17;-20;-17;-20;-18;-21;-18;-21,empty,EXP_S041,ZONE_01,entree_zone,4.7,entree_zone,entree dans la zone
456574616,-48,6,a0:9f:7a:73:2b:3e,384,-110;-96;8;0;-16;7;-11;9;-7;12;-4;16;-2;19;0;23;0;26;0;28;-1;29;-2;29;-3;29;-5;28;-6;26;-7;23;-7;19;-5;15;-3;12;0;8;4;6;7;5;11;5;14;5;17;7;18;9;19;12;4;3;0;0;0;0;0;0;0;0;0;0;0;0;0;0;0;0;0;0;-4;-2;-16;-9;-16;-11;-16;-14;-15;-16;-13;-18;-12;-18;-10;-18;-9;-17;-8;-15;-7;-12;-8;-9;-9;-6;-11;-4;-13;-1;-15;1;-18;3;-21;4;-23;6;-26;6;-29;7;-31;7;-32;6;-32;6;-32;5;-30;4;-28;4;-119;0;-5;-22;-5;-21;-5;-21;-5;-21;-5;-20;-6;-20;-7;-20;-7;-20;-8;-19;-8;-19;-8;-18;-8;-18;-8;-18;-9;-19;-9;-19;-10;-19;-10;-19;-9;-19;-9;-19;-8;-18;-8;-18;-8;-19;-7;-19;-7;-19;-7;-19;-6;-19;-5;-19;-4;-19;-2;-7;-1;-2;0;0;-1;1;-1;0;0;-2;1;-6;5;-17;5;-16;6;-16;7;-15;7;-15;7;-15;7;-14;8;-14;8;-14;8;-14;8;-14;7;-14;7;-14;6;-14;6;-14;5;-14;5;-14;4;-14;4;-15;3;-15;2;-16;1;-16;0;-17;0;-18;-1;-19;-1;-20;-1;-20;-2;-21;-119;0;-44;23;-43;23;-43;22;-42;22;-40;22;-39;21;-37;21;-36;21;-35;21;-35;21;-34;21;-33;21;-33;21;-32;20;-32;20;-32;19;-31;18;-31;18;-31;16;-31;16;-31;14;-30;13;-29;12;-29;11;-29;10;-29;9;-29;7;-29;6;-11;2;-4;0;0;-1;0;-1;0;-1;-2;1;-5;5;-14;15;-15;15;-16;15;-18;15;-19;15;-20;16;-22;16;-23;16;-25;16;-26;16;-27;16;-28;16;-30;15;-31;15;-32;15;-32;15;-33;15;-34;16;-34;17;-35;17;-36;19;-37;20;-39;21;-40;21;-41;22;-42;22;-43;23;-43;24,empty,EXP_S041,ZONE_01,entree_zone,4.7,entree_zone,entree dans la zone
456776840,-48,6,a0:9f:7a:73:2b:3e,384,-110;-96;8;0;-4;16;1;14;6;13;10;12;14;13;18;13;20;15;22;16;23;18;22;19;21;20;19;20;17;20;14;18;12;16;9;13;8;9;7;5;7;0;9;-3;11;-6;14;-8;16;-9;19;-9;21;-8;5;-2;0;0;0;0;0;0;0;0;0;0;0;0;0;0;0;0;0;0;-4;1;-16;7;-18;6;-20;4;-22;1;-22;0;-21;-2;-20;-3;-18;-4;-16;-3;-14;-2;-12;0;-11;2;-10;5;-9;8;-8;12;-9;15;-9;19;-10;21;-11;24;-12;26;-13;28;-14;29;-15;28;-15;28;-15;26;-14;24;-118;0;-22;-4;-20;-4;-20;-4;-19;-4;-20;-5;-21;-5;-21;-4;-21;-2;-21;-1;-20;0;-20;0;-19;0;-20;-1;-21;-1;-22;0;-22;1;-22;1;-21;1;-19;1;-19;0;-19;-1;-20;-2;-20;-1;-20;-1;-20;-1;-19;-1;-18;-2;-18;-4;-6;-2;-2;-1;0;-1;0;0;0;0;-2;-2;-5;-5;-12;-12;-12;-13;-12;-13;-12;-13;-11;-13;-11;-13;-10;-13;-9;-13;-9;-14;-9;-14;-9;-14;-10;-13;-10;-12;-10;-11;-10;-11;-10;-11;-10;-11;-11;-11;-12;-11;-14;-10;-15;-9;-15;-8;-15;-7;-15;-7;-16;-8;-17;-8;-19;-8;-20;-8;-118;0;4;49;4;48;4;48;4;47;4;45;4;44;4;42;5;41;6;40;7;39;7;39;6;38;6;38;6;37;6;36;6;35;6;35;5;35;4;35;3;34;2;33;1;32;0;31;0;30;-1;29;-2;29;-4;29;-5;29;-2;10;-1;3;-1;-1;-1;-2;-1;-1;1;1;3;6;8;19;7;19;7;20;6;21;6;23;6;24;5;26;5;27;4;29;3;30;3;30;2;31;2;32;1;33;1;34;0;35;0;36;0;37;1;37;2;38;2;40;3;41;3;43;3;44;3;46;3;47;4;48;4;48,empty,EXP_S041,ZONE_01,entree_zone,4.7,entree_zone,entree dans la zone
456972786,-48,6,a0:9f:7a:73:2b:3e,384,-110;-96;8;0;-9;14;-4;14;1;14;6;15;10;17;13;19;15;21;16;23;16;24;15;26;14;26;12;26;10;25;8;22;6;19;5;16;4;12;5;7;7;3;9;0;12;-2;15;-3;18;-3;21;-2;23;-1;5;0;0;0;0;0;0;0;0;0;0;0;0;0;0;0;0;0;0;0;-5;0;-18;1;-19;0;-21;-3;-21;-5;-21;-7;-21;-8;-19;-9;-17;-9;-15;-8;-13;-6;-12;-4;-11;-1;-11;2;-11;5;-12;9;-13;12;-15;15;-16;18;-18;20;-20;22;-21;23;-22;23;-23;23;-24;22;-23;20;-22;19;-113;0;-20;-9;-19;-9;-18;-9;-18;-9;-19;-10;-19;-9;-20;-9;-21;-7;-21;-6;-20;-5;-19;-4;-19;-4;-19;-4;-20;-5;-21;-4;-21;-4;-21;-3;-20;-3;-19;-3;-19;-4;-19;-5;-19;-5;-20;-5;-20;-4;-19;-4;-19;-5;-18;-6;-18;-6;-7;-3;-2;-1;0;0;0;0;0;0;-1;-2;-3;-6;-7;-16;-7;-16;-6;-16;-6;-16;-6;-16;-5;-16;-5;-15;-4;-15;-3;-16;-3;-16;-4;-16;-5;-16;-6;-15;-6;-14;-6;-13;-6;-13;-6;-13;-7;-14;-8;-14;-9;-13;-11;-12;-12;-11;-13;-11;-13;-11;-14;-12;-15;-12;-16;-12;-17;-13;-113;0;-10;48;-9;48;-9;48;-9;46;-8;45;-8;44;-7;42;-5;41;-4;40;-2;40;-2;40;-2;39;-2;39;-2;38;-2;37;-2;37;-2;36;-3;36;-4;35;-5;34;-5;33;-5;32;-5;31;-5;30;-6;30;-7;29;-8;28;-9;28;-4;10;-2;2;0;-1;-1;-2;0;-1;0;2;0;7;0;21;-1;21;-2;22;-2;23;-3;24;-4;25;-5;26;-6;27;-7;28;-8;29;-9;30;-9;31;-9;32;-10;33;-10;34;-11;34;-12;35;-12;35;-11;36;-11;37;-11;39;-11;41;-11;43;-11;44;-10;46;-10;47;-9;48;-9;48,empty,EXP_S041,ZONE_01,entree_zone,4.7,entree_zone,entree dans la zone
457172500,-48,6,a0:9f:7a:73:2b:3e,384,-110;-96;8;0;7;14;9;10;13;6;16;2;19;0;23;-2;26;-3;28;-2;29;-2;30;-1;29;0;28;2;26;3;23;4;20;5;16;4;12;2;9;-1;6;-5;4;-9;4;-12;4;-16;6;-18;8;-20;11;-21;2;-6;0;0;0;0;0;0;0;0;0;0;0;0;0;0;0;0;0;0;-2;3;-9;15;-11;15;-14;15;-17;14;-18;12;-19;11;-18;9;-17;8;-15;7;-12;6;-10;7;-7;8;-4;9;-1;12;1;14;3;17;4;20;6;22;7;25;8;28;7;29;7;31;6;31;6;31;5;29;5;28;-115;0;-22;3;-21;3;-21;3;-21;4;-21;4;-21;5;-20;5;-20;6;-19;7;-19;7;-18;7;-19;7;-19;7;-19;7;-19;8;-19;9;-19;9;-19;8;-19;8;-19;8;-19;7;-19;7;-19;7;-19;7;-19;6;-19;5;-19;5;-19;4;-7;1;-2;0;0;-1;1;0;0;0;-2;-1;-6;-3;-17;-7;-16;-8;-16;-8;-15;-9;-15;-9;-14;-9;-14;-9;-14;-9;-14;-9;-14;-10;-14;-10;-14;-9;-14;-9;-14;-8;-13;-7;-13;-7;-13;-7;-14;-6;-15;-6;-16;-5;-16;-4;-17;-3;-17;-2;-18;-2;-18;-1;-19;-1;-20;-1;-21;0;-115;0;22;44;22;43;22;42;21;41;21;40;21;38;21;37;21;36;21;35;21;34;20;33;20;33;20;32;20;32;20;31;19;31;19;30;18;30;17;30;16;30;15;29;14;28;13;28;12;27;11;27;9;28;8;28;6;28;2;10;0;3;-1;-1;-1;-1;-1;-1;1;1;5;5;14;14;14;15;14;16;13;18;14;19;14;20;14;22;14;23;14;25;14;26;14;27;14;28;14;30;13;31;13;31;13;32;14;33;14;34;15;34;16;35;17;36;18;37;19;38;19;39;20;41;20;42;21;43;21;44,empty,EXP_S041,ZONE_01,entree_zone,4.7,entree_zone,entree dans la zone
457375834,-48,6,a0:9f:7a:73:2b:3e,384,-110;-96;8;0;12;13;13;8;15;3;18;-1;21;-5;24;-7;27;-9;29;-9;31;-9;32;-8;32;-6;31;-4;29;-2;26;-1;22;0;18;0;14;-1;9;-4;6;-7;3;-11;2;-14;2;-18;4;-21;6;-23;7;-24;2;-7;0;0;0;0;0;0;0;0;0;0;0;0;0;0;0;0;0;0;-1;4;-4;18;-7;19;-10;20;-12;20;-14;18;-15;17;-16;15;-15;14;-13;12;-11;11;-8;10;-4;10;-1;11;2;13;5;15;8;17;11;20;13;22;15;24;16;27;16;29;16;30;16;31;14;31;13;30;13;28;-119;0;-9;8;-8;8;-8;7;-8;7;-8;7;-9;7;-8;8;-8;9;-7;9;-6;8;-6;8;-6;8;-6;8;-6;9;-7;9;-6;9;-6;9;-6;9;-6;8;-6;8;-7;8;-7;8;-7;8;-7;9;-6;8;-6;8;-7;7;-7;7;-3;2;-1;0;0;-1;0;-1;0;-1;-1;0;-4;0;-10;1;-10;1;-10;0;-10;0;-10;0;-9;0;-9;0;-9;-1;-9;-1;-9;-1;-9;-1;-9;0;-9;0;-8;0;-8;0;-8;0;-8;0;-8;1;-9;1;-9;2;-9;3;-8;4;-8;4;-8;4;-9;4;-9;5;-10;5;-10;6;-119;0;23;13;23;13;23;13;22;12;22;12;21;11;20;10;20;10;20;9;20;8;20;8;19;8;19;8;19;8;18;8;18;8;18;8;18;8;17;8;16;9;16;9;15;9;14;8;14;8;13;9;13;9;12;10;11;11;4;4;1;1;-1;-1;-1;-1;-1;-1;1;0;4;0;11;2;11;2;11;3;11;4;12;4;13;5;13;6;14;6;14;7;14;8;14;8;15;8;15;9;15;9;16;10;16;10;16;11;17;11;17;11;18;11;18;11;19;11;20;12;21;12;22;12;22;12;23;13;23;13,empty,EXP_S041,ZONE_01,entree_zone,4.7,entree_zone,entree dans la zone
457572202,-48,6,a0:9f:7a:73:2b:3e,384,-110;-96;8;0;1;-17;-3;-15;-8;-13;-12;-12;-16;-12;-20;-12;-23;-13;-25;-15;-25;-16;-25;-18;-24;-19;-22;-19;-20;-19;-17;-18;-14;-16;-12;-13;-10;-10;-9;-5;-9;-1;-10;3;-11;6;-14;8;-17;9;-19;9;-21;8;-6;2;0;0;0;0;0;0;0;0;0;0;0;0;0;0;0;0;0;0;3;-3;13;-10;16;-10;18;-8;20;-6;20;-4;20;-3;19;-1;18;-1;16;-1;13;-1;11;-3;9;-5;7;-8;6;-11;5;-14;5;-17;5;-21;5;-24;6;-26;7;-28;8;-30;9;-31;10;-31;10;-30;10;-28;10;-27;-119;0;20;-2;19;-1;19;-1;19;0;19;0;20;0;21;-1;21;-3;20;-4;19;-5;18;-5;18;-4;18;-4;19;-4;20;-5;20;-5;19;-5;18;-5;17;-4;17;-3;17;-2;18;-2;19;-2;19;-2;18;-3;18;-2;17;-1;17;0;6;0;1;0;-1;0;-1;-1;-1;-1;1;0;5;2;14;8;14;8;13;9;13;9;12;9;12;9;11;9;10;10;10;11;10;11;11;11;11;10;11;9;11;8;10;8;10;7;10;8;11;8;12;7;14;6;15;4;15;3;14;2;15;2;15;2;17;3;19;3;20;3;-119;0;-14;-48;-14;-48;-13;-47;-13;-46;-12;-45;-12;-43;-12;-41;-13;-40;-13;-39;-14;-38;-14;-38;-14;-37;-13;-37;-13;-36;-12;-36;-12;-35;-12;-35;-11;-35;-10;-35;-9;-35;-7;-34;-6;-33;-5;-32;-5;-31;-4;-30;-3;-30;-1;-30;1;-30;0;-11;0;-4;0;0;0;0;0;0;-2;-2;-5;-6;-13;-17;-13;-18;-12;-19;-12;-20;-12;-21;-12;-23;-12;-25;-12;-26;-11;-28;-11;-29;-10;-30;-10;-31;-10;-32;-10;-33;-9;-34;-9;-35;-9;-36;-9;-37;-9;-37;-10;-38;-11;-39;-12;-41;-13;-42;-13;-44;-14;-45;-14;-46;-14;-47;-14;-47,empty,EXP_S041,ZONE_01,entree_zone,4.7,entree_zone,entree dans la zone
457776020,-48,6,a0:9f:7a:73:2b:3e,384,-110;-96;8;0;12;-11;7;-13;3;-14;-1;-17;-4;-19;-6;-23;-7;-25;-8;-28;-8;-29;-7;-30;-5;-30;-4;-29;-2;-28;0;-25;1;-21;0;-17;-1;-13;-3;-9;-6;-6;-9;-4;-13;-3;-16;-3;-19;-4;-21;-6;-22;-8;-6;-3;0;0;0;0;0;0;0;0;0;0;0;0;0;0;0;0;0;0;4;0;17;3;17;5;18;8;18;10;17;12;15;13;14;13;12;13;11;11;10;9;9;6;9;3;10;0;11;-3;13;-6;15;-9;17;-11;20;-13;22;-14;24;-15;26;-15;28;-15;28;-15;28;-14;27;-13;25;-12;-125;0;12;17;11;16;11;16;10;16;11;16;11;16;12;16;13;15;14;14;14;13;13;12;13;13;13;13;13;14;14;14;15;14;15;13;14;13;13;13;13;13;12;13;12;14;12;14;12;14;12;14;11;14;10;14;9;15;3;5;0;1;-1;-1;-1;-2;0;-1;0;1;0;6;1;16;1;16;0;16;0;16;-1;16;-1;15;-2;15;-2;14;-3;14;-3;15;-3;15;-2;15;-1;15;-1;14;-1;13;-1;13;-1;13;0;14;1;14;2;15;4;15;5;14;5;14;6;14;6;15;7;16;8;17;9;18;-125;0;30;-39;30;-39;30;-38;30;-37;29;-36;27;-35;26;-34;25;-33;24;-33;23;-33;22;-32;22;-32;22;-31;22;-31;22;-30;22;-30;22;-29;22;-29;22;-28;23;-27;23;-25;23;-24;22;-22;22;-21;22;-20;22;-19;23;-17;24;-16;8;-6;2;-2;-1;0;-1;1;-1;0;0;-3;2;-8;5;-21;6;-21;7;-21;8;-21;9;-22;11;-23;12;-24;13;-25;15;-25;16;-26;17;-26;18;-26;19;-27;20;-27;21;-28;22;-28;23;-28;24;-28;24;-29;24;-30;25;-32;26;-33;26;-35;28;-36;29;-37;29;-38;30;-38;30;-39,empty,EXP_S041,ZONE_01,entree_zone,4.7,entree_zone,entree dans la zone
457976124,-49,6,a0:9f:7a:73:2b:3e,384,-110;-96;8;0;-12;14;-7;14;-1;15;3;17;7;20;10;22;12;25;12;27;12;28;12;30;10;30;8;30;5;29;3;26;2;22;1;18;2;13;4;9;6;5;10;2;13;1;17;0;20;1;22;3;24;5;6;1;0;0;0;0;0;0;0;0;0;0;0;0;0;0;0;0;0;0;-5;0;-19;2;-21;0;-22;-3;-23;-6;-22;-8;-21;-10;-20;-10;-18;-10;-16;-9;-14;-7;-13;-4;-12;-1;-12;2;-13;6;-14;9;-15;12;-17;15;-19;18;-21;20;-23;21;-25;22;-26;22;-27;22;-27;21;-26;20;-25;19;-112;0;-15;-17;-15;-17;-15;-17;-14;-17;-14;-17;-15;-17;-15;-16;-16;-16;-17;-15;-17;-14;-16;-13;-16;-14;-16;-14;-17;-15;-17;-15;-18;-14;-18;-14;-18;-14;-17;-14;-16;-14;-15;-15;-15;-15;-15;-15;-16;-15;-15;-15;-14;-15;-13;-16;-12;-16;-5;-6;-2;-2;0;0;0;1;0;0;-1;-2;-2;-7;-5;-18;-4;-18;-3;-18;-3;-18;-2;-18;-2;-17;-1;-17;-1;-17;0;-17;0;-17;0;-18;-1;-17;-2;-17;-2;-16;-2;-15;-2;-15;-2;-15;-3;-15;-4;-16;-5;-16;-7;-16;-8;-16;-8;-16;-9;-16;-9;-17;-10;-18;-11;-19;-12;-19;-112;0;-30;44;-30;44;-30;43;-30;42;-29;41;-28;40;-26;39;-25;38;-24;38;-23;37;-23;37;-23;36;-22;36;-22;35;-22;34;-22;34;-22;33;-23;32;-24;31;-24;30;-24;28;-24;26;-23;25;-23;24;-24;23;-24;21;-26;20;-27;18;-10;6;-4;1;0;-1;0;-2;0;-1;-1;2;-2;7;-5;22;-5;22;-6;23;-7;24;-8;25;-10;26;-11;27;-13;28;-14;29;-16;29;-17;30;-18;30;-19;31;-20;31;-21;31;-22;32;-23;32;-23;33;-24;34;-24;35;-25;37;-25;38;-26;40;-27;41;-28;43;-29;43;-29;44;-30;44,empty,EXP_S041,ZONE_01,entree_zone,4.7,entree_zone,entree dans la zone
458181378,-48,6,a0:9f:7a:73:2b:3e,384,-110;-96;8;0;-18;5;-13;9;-9;13;-6;17;-4;21;-3;25;-3;28;-3;30;-4;32;-6;33;-7;32;-8;30;-10;28;-10;25;-9;21;-8;17;-5;13;-1;9;3;7;7;6;12;6;15;7;18;9;19;12;20;14;5;3;0;0;0;0;0;0;0;0;0;0;0;0;0;0;0;0;0;0;-4;-3;-15;-12;-15;-15;-15;-18;-13;-20;-11;-22;-9;-22;-8;-21;-6;-20;-6;-17;-6;-15;-7;-12;-9;-9;-11;-6;-14;-3;-17;-1;-20;0;-23;2;-27;3;-30;3;-32;3;-34;3;-36;2;-36;2;-36;1;-34;0;-32;0;-125;0;-5;-12;-5;-11;-4;-11;-4;-11;-4;-11;-4;-11;-5;-11;-6;-11;-7;-10;-7;-10;-7;-9;-6;-9;-6;-10;-7;-10;-7;-10;-7;-10;-7;-10;-7;-9;-7;-9;-6;-9;-6;-10;-6;-10;-6;-10;-6;-10;-6;-10;-6;-10;-5;-10;-5;-10;-2;-4;-1;-1;0;0;-1;0;-1;0;0;-1;0;-4;2;-10;2;-10;3;-10;3;-9;3;-9;3;-9;3;-8;3;-8;4;-8;4;-8;4;-9;3;-9;2;-9;2;-8;2;-8;2;-8;2;-8;2;-8;1;-9;1;-9;0;-10;-1;-9;-2;-9;-2;-9;-2;-10;-2;-11;-2;-11;-3;-12;-125;0;-22;16;-22;16;-22;15;-22;15;-21;14;-20;14;-19;14;-18;14;-17;14;-17;14;-17;14;-17;14;-17;13;-16;13;-16;13;-16;13;-15;13;-16;12;-16;12;-16;11;-16;10;-15;10;-15;9;-15;8;-15;8;-15;7;-15;7;-15;6;-6;2;-2;0;0;-1;0;-1;0;-1;-1;1;-3;3;-8;9;-8;8;-8;8;-9;9;-10;9;-11;9;-12;9;-12;10;-13;10;-14;9;-14;9;-15;9;-16;9;-16;9;-17;10;-18;10;-18;10;-18;10;-18;10;-18;11;-19;12;-19;13;-20;14;-21;14;-21;14;-22;15;-22;15;-23;15,empty,EXP_S041,ZONE_01,entree_zone,4.7,entree_zone,entree dans la zone
458372180,-48,6,a0:9f:7a:73:2b:3e,384,-110;-96;8;0;-13;10;-8;11;-3;13;1;16;5;19;7;21;9;24;9;26;9;28;8;29;6;29;5;28;3;26;2;24;1;20;0;16;1;12;3;8;6;4;9;1;12;-1;16;-1;19;0;21;1;22;3;5;1;0;0;0;0;0;0;0;0;0;0;0;0;0;0;0;0;0;0;-4;-2;-17;-7;-17;-9;-17;-12;-17;-15;-16;-16;-14;-17;-13;-17;-11;-15;-10;-14;-9;-11;-9;-9;-10;-6;-11;-2;-13;1;-15;4;-17;6;-19;9;-22;10;-24;12;-26;13;-28;14;-29;14;-30;13;-30;12;-29;11;-27;10;-125;0;-14;-18;-14;-17;-14;-16;-14;-16;-14;-16;-15;-16;-16;-15;-17;-14;-17;-13;-17;-12;-17;-12;-16;-12;-17;-12;-17;-12;-18;-12;-19;-11;-19;-11;-19;-11;-18;-11;-18;-11;-17;-11;-17;-12;-17;-12;-17;-11;-17;-11;-16;-12;-15;-12;-15;-12;-6;-5;-2;-2;0;0;-1;1;-1;0;0;-2;0;-7;1;-18;2;-18;2;-18;2;-17;3;-17;3;-17;3;-16;3;-16;3;-16;3;-16;3;-17;2;-17;2;-16;1;-16;1;-15;0;-14;0;-15;-1;-15;-2;-16;-3;-16;-4;-17;-6;-16;-6;-16;-7;-17;-8;-17;-9;-18;-10;-19;-11;-19;-125;0;-29;39;-29;40;-28;39;-27;39;-26;38;-24;37;-23;36;-22;36;-20;36;-19;36;-18;36;-17;35;-17;34;-17;33;-16;33;-16;33;-16;32;-16;32;-16;31;-17;30;-17;29;-16;28;-16;27;-16;26;-16;25;-17;24;-18;23;-19;22;-7;8;-3;2;0;-1;0;-2;0;-1;-1;2;-4;6;-10;18;-11;18;-12;18;-13;18;-14;19;-15;20;-17;21;-18;21;-19;22;-20;22;-22;23;-22;24;-23;25;-24;25;-24;25;-25;25;-25;26;-26;26;-26;27;-26;29;-27;30;-27;32;-28;34;-29;35;-29;37;-29;38;-29;39;-29;40,empty,EXP_S041,ZONE_01,entree_zone,4.7,entree_zone,entree dans la zone
458573131,-48,6,a0:9f:7a:73:2b:3e,384,-110;-96;8;0;-12;12;-7;13;-2;14;2;16;5;18;8;21;10;23;10;25;10;27;9;28;8;28;6;28;4;26;2;23;1;20;1;16;1;12;3;8;6;4;9;2;12;1;15;0;18;1;20;3;22;5;5;1;0;0;0;0;0;0;0;0;0;0;0;0;0;0;0;0;0;0;-5;-1;-17;-2;-19;-4;-20;-7;-20;-9;-19;-11;-18;-12;-16;-12;-15;-12;-13;-11;-12;-9;-11;-6;-11;-3;-11;0;-12;3;-14;6;-15;9;-17;12;-19;14;-21;16;-23;17;-25;18;-27;18;-27;17;-27;16;-26;15;-24;14;-119;0;-14;-16;-14;-16;-13;-16;-13;-16;-13;-16;-14;-16;-15;-16;-15;-15;-16;-14;-16;-13;-16;-12;-16;-12;-16;-13;-16;-13;-17;-13;-17;-13;-17;-12;-17;-12;-16;-12;-15;-12;-15;-13;-15;-13;-15;-13;-15;-13;-15;-13;-14;-13;-13;-13;-13;-14;-5;-5;-2;-2;0;0;0;1;0;0;-1;-2;-1;-6;-3;-17;-2;-17;-1;-17;-1;-17;0;-16;0;-16;1;-16;1;-16;1;-16;2;-16;1;-16;1;-16;0;-16;-1;-15;-1;-15;-1;-14;-2;-15;-2;-15;-3;-15;-4;-16;-6;-16;-7;-15;-7;-15;-8;-15;-8;-16;-9;-16;-10;-17;-11;-18;-119;0;-29;41;-28;40;-28;39;-27;38;-26;37;-25;36;-23;36;-22;35;-21;35;-20;34;-19;34;-19;33;-19;33;-19;33;-19;32;-19;31;-19;31;-19;30;-19;29;-20;28;-20;27;-20;26;-20;24;-20;24;-20;23;-21;21;-21;20;-22;19;-8;6;-3;1;0;-1;0;-2;0;-1;-1;2;-3;7;-7;20;-8;20;-9;20;-10;21;-11;22;-12;22;-13;23;-15;24;-16;25;-17;25;-18;25;-19;26;-20;26;-21;26;-22;27;-23;28;-23;28;-23;29;-24;29;-24;31;-24;32;-25;34;-25;35;-26;37;-27;38;-27;39;-28;40;-28;41,empty,EXP_S041,ZONE_01,entree_zone,4.7,entree_zone,entree dans la zone
458772102,-48,6,a0:9f:7a:73:2b:3e,384,-110;-96;8;0;14;7;13;2;13;-3;14;-8;16;-12;17;-15;20;-18;21;-19;23;-19;24;-19;24;-18;24;-16;24;-13;22;-10;19;-8;15;-7;11;-6;6;-6;2;-8;-1;-10;-4;-13;-6;-15;-6;-18;-6;-21;-4;-23;-1;-6;0;0;0;0;0;0;0;0;0;0;0;0;0;0;0;0;0;0;0;4;1;17;0;18;-3;20;-5;20;-7;20;-9;19;-9;17;-9;16;-8;14;-6;12;-4;11;-1;10;3;10;6;10;10;10;13;11;15;13;18;14;20;16;22;18;23;19;24;21;24;21;23;21;22;20;21;19;-118;0;-17;13;-17;13;-17;14;-16;14;-16;14;-15;14;-14;15;-14;15;-13;15;-13;15;-12;16;-12;16;-12;16;-12;16;-12;16;-12;17;-12;17;-12;17;-12;16;-12;16;-12;16;-12;16;-12;15;-13;15;-13;14;-14;14;-14;13;-15;12;-6;4;-2;1;0;-1;1;-1;0;-1;-2;0;-7;1;-17;3;-17;2;-17;1;-17;1;-17;0;-17;0;-17;-1;-17;-1;-17;-1;-16;-1;-16;-1;-16;0;-16;0;-16;0;-15;1;-15;1;-15;2;-15;3;-15;4;-15;4;-15;5;-16;6;-16;7;-16;8;-17;9;-17;10;-17;10;-17;11;-118;0;41;25;41;25;40;24;39;23;39;23;38;22;37;21;37;20;36;19;35;18;35;17;34;17;34;16;33;16;33;16;32;16;32;17;31;17;30;17;29;17;28;17;27;17;25;17;24;18;23;18;22;19;20;20;19;21;6;7;1;2;-1;-1;-2;-1;-1;-1;2;0;7;1;20;4;20;5;21;6;21;7;22;8;23;9;24;10;25;11;26;12;26;14;27;15;27;16;28;17;28;18;28;19;29;19;29;20;30;20;31;21;32;21;34;21;35;22;36;22;38;23;39;23;40;24;41;24;42;24,empty,EXP_S041,ZONE_01,entree_zone,4.7,entree_zone,entree dans la zone
458972438,-48,6,a0:9f:7a:73:2b:3e,384,-110;-96;8;0;-17;-1;-14;3;-12;8;-11;12;-11;16;-11;20;-12;23;-13;25;-14;26;-15;26;-17;25;-17;23;-17;20;-16;18;-15;15;-12;12;-8;9;-4;8;0;7;4;8;7;9;10;11;11;14;12;17;11;19;2;5;0;0;0;0;0;0;0;0;0;0;0;0;0;0;0;0;0;0;-3;-4;-10;-15;-9;-17;-8;-20;-6;-21;-4;-22;-2;-21;-1;-20;0;-19;0;-17;-1;-14;-3;-12;-5;-10;-8;-8;-11;-7;-14;-6;-17;-6;-21;-6;-24;-6;-26;-6;-29;-7;-31;-8;-32;-9;-32;-9;-31;-10;-29;-10;-28;-10;-122;0;4;-21;4;-21;3;-20;3;-20;3;-20;2;-21;2;-21;1;-21;0;-20;-1;-20;-2;-19;-2;-19;-2;-20;-2;-20;-2;-21;-3;-21;-3;-21;-3;-21;-3;-20;-2;-20;-2;-20;-2;-20;-2;-20;-2;-20;-2;-20;-1;-19;0;-19;1;-19;0;-7;0;-2;0;0;-1;0;-1;0;1;-2;4;-5;12;-11;13;-11;13;-10;13;-9;13;-9;13;-9;13;-8;13;-8;13;-8;13;-8;13;-8;12;-9;12;-9;11;-9;10;-9;10;-9;10;-10;10;-10;10;-11;9;-12;9;-13;8;-14;8;-15;7;-16;7;-17;7;-18;7;-19;6;-20;-122;0;-50;3;-50;4;-49;4;-48;4;-46;4;-45;5;-43;5;-42;6;-41;6;-40;7;-39;8;-39;8;-38;8;-37;8;-37;8;-37;8;-36;7;-36;6;-35;5;-35;5;-34;4;-33;4;-31;3;-31;3;-30;2;-30;1;-30;-1;-30;-2;-11;-1;-4;-1;0;-1;1;-1;0;-1;-3;0;-8;2;-21;5;-21;5;-22;4;-23;4;-24;3;-26;3;-27;2;-29;2;-30;1;-31;1;-32;0;-33;0;-34;-1;-35;-1;-35;-1;-36;-1;-37;-2;-37;-2;-38;-1;-40;-1;-41;0;-43;1;-44;1;-46;2;-47;2;-48;3;-49;3;-49;4,empty,EXP_S041,ZONE_01,entree_zone,4.7,entree_zone,entree dans la zone
459173001,-48,6,a0:9f:7a:73:2b:3e,384,-110;-96;8;0;14;7;13;2;14;-3;14;-8;16;-12;17;-15;20;-17;21;-18;23;-19;24;-18;25;-17;24;-15;24;-13;22;-10;19;-8;15;-7;11;-6;6;-6;2;-8;-2;-10;-4;-12;-6;-15;-6;-19;-5;-21;-4;-23;-1;-6;0;0;0;0;0;0;0;0;0;0;0;0;0;0;0;0;0;0;0;4;1;17;-1;18;-4;20;-6;20;-8;20;-10;19;-10;17;-10;15;-9;13;-7;12;-4;11;-1;10;2;10;6;10;9;11;12;12;15;13;18;15;20;16;22;18;23;20;23;21;23;22;22;22;21;21;20;20;-113;0;-14;16;-14;16;-13;15;-13;15;-13;16;-13;16;-12;17;-11;18;-10;18;-9;17;-8;17;-8;17;-9;18;-9;18;-9;19;-9;19;-9;19;-8;19;-8;18;-9;17;-9;17;-9;17;-9;17;-9;17;-9;17;-10;16;-10;15;-11;15;-4;5;-2;1;0;-1;1;-1;0;-1;-2;0;-6;1;-17;4;-17;3;-18;3;-17;3;-17;2;-17;2;-17;1;-17;1;-17;0;-17;0;-17;1;-16;1;-16;2;-15;2;-15;3;-15;3;-15;3;-15;4;-15;5;-15;6;-15;7;-14;9;-14;9;-14;10;-14;11;-15;11;-15;12;-16;13;-113;0;45;18;45;18;44;18;43;17;42;16;41;15;40;14;39;13;38;12;37;11;37;11;36;11;36;10;36;10;35;10;35;10;34;10;34;10;33;11;32;11;31;12;29;12;28;12;27;12;27;12;26;13;24;15;23;16;8;6;2;2;-1;-1;-2;-1;-1;-1;2;0;7;0;20;2;21;3;21;4;22;5;22;6;23;7;24;8;25;9;27;10;27;11;28;12;28;13;29;14;30;15;30;15;31;16;32;17;32;17;33;17;34;17;36;17;38;17;39;17;41;18;42;18;43;18;44;18;45;18,empty,EXP_S041,ZONE_01,entree_zone,4.7,entree_zone,entree dans la zone
459373029,-48,6,a0:9f:7a:73:2b:3e,384,-110;-96;8;0;14;-8;10;-10;6;-13;3;-17;1;-20;-1;-24;-1;-27;-1;-29;0;-30;1;-31;2;-30;3;-29;5;-27;6;-24;6;-20;4;-16;2;-13;-1;-10;-4;-7;-8;-6;-12;-6;-15;-6;-18;-8;-19;-11;-20;-13;-5;-4;0;0;0;0;0;0;0;0;0;0;0;0;0;0;0;0;0;0;3;1;15;8;15;10;15;13;14;15;12;17;11;17;9;17;8;16;7;14;6;11;7;8;8;6;10;3;12;0;14;-2;17;-4;19;-5;22;-7;25;-7;28;-8;30;-7;31;-7;31;-7;31;-6;30;-6;28;-5;-118;0;5;20;5;19;5;19;5;19;5;19;6;19;7;19;8;18;8;18;8;17;8;17;8;17;8;17;9;18;9;18;9;18;10;18;9;18;9;17;8;17;8;17;8;17;8;18;8;18;7;17;6;17;5;17;4;17;1;6;0;1;-1;-1;0;-2;0;-1;-1;1;-2;5;-5;16;-6;16;-7;16;-7;15;-7;15;-7;14;-7;14;-8;13;-8;13;-8;13;-8;14;-7;14;-7;14;-6;13;-5;13;-5;12;-5;13;-5;13;-4;14;-4;15;-2;15;-1;16;0;16;0;16;0;17;1;18;1;19;2;20;-118;0;42;-27;42;-27;41;-26;40;-26;39;-25;37;-24;36;-24;34;-24;33;-24;32;-24;31;-24;31;-24;30;-23;30;-23;29;-22;29;-22;29;-21;29;-21;29;-20;29;-19;29;-17;28;-16;27;-15;27;-14;27;-13;27;-11;27;-10;28;-8;10;-3;3;-1;-1;0;-1;1;-1;0;1;-2;4;-6;12;-17;13;-17;14;-17;15;-17;17;-17;18;-17;20;-18;21;-18;23;-18;24;-18;25;-18;26;-18;28;-18;29;-18;30;-18;31;-18;31;-18;32;-19;33;-19;33;-20;34;-21;36;-22;37;-23;38;-24;39;-25;40;-26;41;-27;41;-27,empty,EXP_S041,ZONE_01,entree_zone,4.7,entree_zone,entree dans la zone
459577419,-49,6,a0:9f:7a:73:2b:3e,384,-110;-96;8;0;13;-12;8;-14;3;-16;-2;-19;-5;-21;-7;-24;-9;-27;-10;-30;-9;-32;-8;-33;-7;-33;-5;-32;-3;-30;-1;-27;0;-23;0;-19;-1;-14;-3;-10;-7;-7;-10;-4;-14;-3;-18;-3;-21;-4;-23;-6;-24;-8;-7;-3;0;0;0;0;0;0;0;0;0;0;0;0;0;0;0;0;0;0;4;0;18;3;19;5;20;8;20;11;19;13;17;14;16;14;14;14;12;12;11;10;10;6;10;3;11;0;13;-4;14;-7;16;-10;19;-12;21;-14;24;-16;26;-17;28;-18;30;-18;31;-17;30;-16;29;-15;27;-15;-114;0;4;10;4;10;4;10;4;10;5;9;5;9;5;9;5;9;5;8;6;8;6;8;6;8;6;8;6;8;6;8;6;8;6;8;6;8;6;8;6;8;6;8;6;8;5;8;5;8;5;8;5;8;4;9;4;9;1;3;0;1;-1;-1;0;-1;0;-1;0;0;-1;3;-1;9;-1;8;-2;8;-2;8;-3;8;-3;8;-3;8;-3;8;-3;8;-3;8;-3;8;-3;8;-3;7;-3;7;-2;7;-2;7;-2;7;-1;7;-1;7;0;8;0;8;1;8;1;8;1;9;2;9;2;9;3;10;3;10;-114;0;20;-18;20;-18;19;-18;19;-18;18;-17;17;-17;17;-17;16;-16;16;-16;15;-16;14;-16;14;-16;14;-16;14;-15;14;-15;14;-15;14;-15;14;-14;14;-13;14;-13;13;-12;13;-12;13;-11;13;-10;13;-10;13;-9;13;-8;14;-7;5;-3;1;-1;-1;0;-1;0;-1;0;0;-2;1;-4;5;-11;5;-11;6;-11;7;-11;7;-11;8;-11;9;-12;10;-12;10;-12;11;-12;12;-12;13;-13;13;-13;14;-13;14;-13;15;-13;15;-13;15;-13;16;-14;16;-14;16;-15;17;-15;17;-16;18;-17;18;-17;19;-18;19;-19;19;-19,empty,EXP_S041,ZONE_01,entree_zone,4.7,entree_zone,entree dans la zone
459772846,-48,6,a0:9f:7a:73:2b:3e,384,-110;-96;8;0;10;-13;5;-13;0;-15;-4;-17;-8;-19;-10;-21;-12;-24;-13;-26;-13;-27;-13;-28;-11;-29;-9;-28;-7;-27;-5;-24;-4;-21;-3;-17;-3;-13;-5;-8;-7;-5;-10;-2;-13;0;-16;1;-20;1;-22;0;-23;-2;-6;-1;0;0;0;0;0;0;0;0;0;0;0;0;0;0;0;0;0;0;4;0;17;2;18;5;18;7;18;10;17;12;16;13;15;13;13;12;11;10;10;8;9;5;9;2;10;-1;11;-4;13;-7;14;-10;16;-13;19;-15;21;-17;23;-18;25;-19;26;-19;26;-19;26;-18;25;-17;24;-16;-125;0;13;17;12;16;12;16;12;16;13;15;13;15;14;14;14;14;15;13;15;12;15;12;15;12;15;12;16;12;16;12;16;12;16;12;16;12;15;12;15;12;15;12;15;12;15;12;15;13;14;13;13;13;12;14;12;14;4;5;1;1;-1;-1;-1;-2;0;-1;0;1;0;6;1;17;0;17;-1;17;-1;17;-2;16;-2;16;-2;16;-2;15;-2;15;-3;15;-2;15;-2;15;-2;15;-1;14;-1;14;0;14;0;14;1;14;2;14;3;15;4;15;5;15;6;15;7;15;7;16;8;16;9;17;10;17;-125;0;28;-41;28;-41;27;-40;27;-39;26;-38;24;-37;23;-37;22;-36;21;-36;20;-35;20;-34;19;-34;19;-34;18;-33;18;-33;18;-33;18;-32;19;-31;19;-30;19;-29;19;-28;19;-27;19;-26;19;-24;19;-23;20;-22;21;-20;21;-19;7;-7;2;-2;-1;0;-1;1;-1;0;0;-3;2;-8;6;-20;7;-21;8;-21;9;-21;10;-22;11;-23;12;-24;13;-24;15;-25;16;-26;17;-26;19;-27;20;-27;21;-27;22;-28;23;-28;23;-29;23;-29;23;-30;24;-31;24;-33;25;-34;25;-35;26;-37;27;-38;27;-39;28;-40;28;-41,empty,EXP_S041,ZONE_01,entree_zone,4.7,entree_zone,entree dans la zone
459979196,-48,6,a0:9f:7a:73:2b:3e,384,-110;-96;8;0;-1;-17;-5;-14;-9;-12;-14;-10;-18;-10;-22;-10;-24;-11;-27;-12;-28;-13;-28;-14;-27;-15;-25;-16;-23;-16;-20;-16;-16;-14;-13;-12;-11;-8;-9;-4;-8;0;-9;4;-10;8;-12;11;-14;12;-17;13;-20;13;-5;3;0;0;0;0;0;0;0;0;0;0;0;0;0;0;0;0;0;0;3;-3;14;-10;16;-9;18;-8;20;-6;21;-4;21;-3;20;-1;18;-1;16;-1;13;-1;11;-3;9;-6;7;-8;6;-11;5;-14;4;-18;4;-21;4;-24;5;-26;5;-29;6;-31;7;-32;8;-32;8;-32;8;-30;7;-28;-115;0;21;0;20;0;20;0;20;0;20;0;20;0;21;-1;20;-2;20;-4;19;-4;18;-5;18;-4;19;-4;19;-4;20;-5;20;-5;20;-6;19;-5;19;-5;19;-4;19;-3;19;-3;19;-3;19;-3;19;-3;18;-3;18;-2;18;0;6;0;1;0;-1;0;-1;-1;-1;-1;1;0;5;3;13;9;13;10;13;10;12;10;12;10;11;10;11;10;10;11;10;11;10;11;11;11;11;10;11;9;11;9;10;8;10;8;10;8;11;8;13;8;14;7;15;6;15;5;15;4;15;4;16;4;18;4;19;4;20;3;-115;0;-13;-49;-13;-49;-12;-48;-12;-47;-12;-46;-12;-44;-12;-42;-13;-41;-13;-39;-14;-38;-14;-38;-14;-37;-13;-37;-13;-36;-13;-36;-13;-36;-12;-35;-12;-35;-11;-35;-10;-35;-8;-34;-7;-33;-6;-31;-6;-31;-5;-30;-3;-30;-2;-30;0;-30;0;-11;0;-4;0;0;0;1;0;0;-2;-2;-5;-7;-12;-18;-11;-19;-11;-20;-10;-21;-10;-22;-10;-24;-10;-25;-10;-27;-10;-29;-9;-30;-9;-31;-8;-32;-8;-33;-8;-34;-7;-35;-7;-36;-7;-37;-7;-38;-7;-38;-8;-39;-9;-40;-10;-42;-11;-43;-11;-45;-12;-46;-12;-47;-12;-48;-12;-49,empty,EXP_S041,ZONE_01,entree_zone,4.7,entree_zone,entree dans la zone
460171452,-48,6,a0:9f:7a:73:2b:3e,384,-110;-96;8;0;2;-18;-3;-15;-7;-14;-11;-14;-15;-14;-19;-14;-22;-16;-23;-17;-24;-19;-24;-21;-22;-22;-20;-22;-18;-21;-15;-20;-13;-18;-10;-15;-9;-11;-9;-6;-9;-2;-10;1;-13;4;-16;6;-18;6;-21;6;-23;4;-6;1;0;0;0;0;0;0;0;0;0;0;0;0;0;0;0;0;0;0;3;-3;14;-11;16;-10;18;-9;20;-7;20;-5;20;-3;19;-2;18;-1;16;-1;14;-2;11;-3;10;-5;8;-8;7;-11;6;-14;6;-18;6;-21;7;-24;7;-26;8;-28;9;-30;10;-31;11;-31;12;-30;12;-28;11;-27;-109;0;19;-1;19;-1;18;0;18;0;18;0;19;-1;20;-2;20;-3;19;-4;18;-5;18;-5;17;-4;18;-4;19;-4;19;-4;19;-5;19;-6;18;-6;18;-5;17;-5;18;-4;18;-4;18;-4;18;-4;18;-4;18;-3;17;-3;17;-1;6;-1;1;0;-1;0;-1;-1;-1;-1;1;0;4;3;12;9;12;10;12;10;11;11;11;10;10;10;10;10;9;11;9;11;9;11;10;11;10;11;10;10;10;9;9;8;9;8;9;8;10;8;11;8;13;7;14;5;14;4;14;3;14;3;15;4;16;4;18;4;19;4;-109;0;-14;-49;-13;-49;-13;-49;-13;-48;-12;-46;-13;-44;-13;-42;-14;-41;-14;-40;-15;-39;-15;-38;-14;-38;-14;-37;-14;-37;-14;-36;-14;-35;-14;-35;-13;-35;-12;-35;-11;-35;-10;-34;-9;-33;-8;-32;-7;-31;-6;-31;-5;-31;-3;-31;-2;-31;-1;-11;0;-4;0;0;0;1;0;0;-2;-2;-4;-7;-11;-19;-10;-20;-10;-21;-10;-22;-10;-23;-10;-25;-10;-26;-9;-28;-9;-30;-8;-31;-8;-32;-7;-33;-7;-34;-7;-35;-6;-36;-6;-37;-6;-38;-6;-38;-7;-39;-8;-39;-9;-41;-10;-42;-11;-44;-11;-45;-12;-47;-12;-48;-12;-49;-12;-50,empty,EXP_S041,ZONE_01,entree_zone,4.7,entree_zone,entree dans la zone
460376936,-48,6,a0:9f:7a:73:2b:3e,384,-110;-96;8;0;16;1;13;-4;12;-8;10;-13;10;-17;10;-21;11;-24;12;-25;14;-26;15;-26;16;-25;17;-24;17;-21;16;-18;15;-15;12;-12;8;-10;4;-8;-1;-8;-5;-9;-8;-11;-10;-13;-12;-16;-12;-19;-11;-21;-3;-6;0;0;0;0;0;0;0;0;0;0;0;0;0;0;0;0;0;0;2;3;9;14;8;16;7;18;5;20;3;21;1;20;0;19;-1;18;-1;15;0;13;2;11;4;9;7;7;10;6;13;5;16;5;19;5;22;5;25;5;28;6;29;7;30;8;30;9;30;9;28;9;27;9;-113;0;-5;21;-5;20;-5;19;-5;19;-6;19;-5;20;-4;20;-3;20;-2;20;-1;19;-1;19;-2;19;-2;19;-2;20;-2;20;-2;21;-1;20;-1;20;-2;19;-3;19;-4;19;-4;19;-4;19;-4;19;-4;19;-5;18;-6;17;-7;17;-3;6;-1;1;0;-1;0;-1;0;-1;-1;1;-4;4;-11;13;-11;12;-12;12;-12;11;-12;11;-12;10;-12;10;-13;9;-13;9;-14;9;-13;9;-13;9;-12;9;-11;9;-11;9;-11;9;-11;9;-11;10;-10;11;-10;12;-8;13;-7;14;-7;14;-7;15;-7;15;-8;16;-8;18;-8;19;-113;0;48;-4;48;-3;48;-3;47;-3;45;-2;44;-3;42;-3;41;-4;40;-4;39;-4;39;-4;38;-4;37;-3;37;-3;36;-3;36;-3;35;-2;35;-1;35;-1;34;0;33;1;32;2;31;3;30;4;29;5;28;6;28;8;27;9;9;3;2;1;-1;-1;-2;0;-1;0;1;-2;6;-4;18;-11;18;-10;19;-10;20;-9;22;-9;23;-8;25;-8;27;-8;28;-7;29;-6;30;-6;31;-5;32;-5;33;-4;34;-3;35;-3;36;-2;36;-2;37;-2;38;-3;39;-4;41;-4;43;-4;45;-4;46;-4;47;-4;48;-4;48;-4,empty,EXP_S041,ZONE_01,entree_zone,4.7,entree_zone,entree dans la zone
460573519,-48,6,a0:9f:7a:73:2b:3e,384,-110;-96;8;0;15;-6;11;-9;8;-12;5;-16;3;-20;2;-23;2;-26;2;-28;3;-30;5;-30;6;-30;7;-28;8;-26;9;-23;8;-20;7;-16;4;-13;1;-10;-4;-8;-7;-7;-11;-7;-14;-9;-16;-11;-17;-14;-18;-16;-5;-4;0;0;0;0;0;0;0;0;0;0;0;0;0;0;0;0;0;0;3;2;14;9;14;11;13;14;12;16;11;18;9;18;8;18;6;16;6;14;5;12;6;9;7;7;9;4;12;2;14;0;17;-2;20;-3;23;-4;25;-5;28;-5;30;-5;31;-4;32;-3;31;-2;30;-2;28;-2;-114;0;5;9;4;8;4;8;4;8;4;8;4;9;5;9;5;8;6;7;6;7;6;7;5;7;5;7;6;8;6;8;6;8;6;7;6;7;6;7;5;7;5;7;5;8;5;8;5;7;5;7;5;7;4;7;4;7;1;2;0;0;-1;-1;0;-1;0;-1;-1;0;-1;2;-2;8;-2;8;-2;8;-2;8;-2;7;-2;7;-3;7;-3;7;-3;7;-3;7;-3;7;-3;7;-2;7;-2;6;-2;6;-2;6;-2;6;-2;7;-1;7;0;7;0;7;1;7;1;7;1;7;1;8;2;8;2;9;3;9;-114;0;18;-17;18;-17;17;-17;17;-17;16;-16;16;-16;15;-15;14;-15;14;-15;13;-15;13;-15;13;-15;12;-15;12;-14;12;-14;12;-14;12;-14;12;-13;12;-13;12;-12;12;-12;12;-11;12;-10;12;-10;12;-9;12;-9;12;-8;13;-7;4;-3;1;-1;-1;0;-1;0;-1;0;0;-2;1;-4;4;-10;5;-10;5;-10;6;-10;6;-10;7;-10;8;-11;9;-11;9;-11;10;-11;11;-12;11;-12;12;-12;12;-12;13;-12;13;-12;13;-12;14;-12;14;-12;14;-13;14;-14;15;-15;15;-15;16;-16;16;-16;17;-17;17;-17;17;-17,empty,EXP_S041,ZONE_01,entree_zone,4.7,entree_zone,entree dans la zone
460772966,-48,6,a0:9f:7a:73:2b:3e,384,-110;-96;8;0;12;11;13;6;14;2;16;-3;18;-6;21;-9;24;-10;26;-10;28;-10;28;-9;29;-8;28;-6;26;-4;24;-3;20;-2;17;-1;12;-2;8;-4;5;-7;3;-10;1;-13;1;-16;2;-19;4;-21;6;-23;1;-6;0;0;0;0;0;0;0;0;0;0;0;0;0;0;0;0;0;0;-1;4;-1;17;-3;18;-6;19;-8;19;-10;18;-11;17;-12;16;-12;14;-10;13;-8;11;-6;11;-3;10;1;10;4;11;7;13;9;15;12;16;14;18;16;20;17;22;18;24;18;26;18;26;17;26;15;25;15;24;-115;0;-14;16;-13;15;-13;14;-13;14;-14;14;-14;14;-14;16;-12;17;-11;17;-9;17;-9;16;-9;16;-10;16;-11;17;-11;18;-10;18;-9;18;-9;17;-9;16;-10;16;-11;15;-11;16;-11;16;-11;16;-11;16;-11;15;-11;14;-11;13;-5;4;-2;1;0;-1;0;-1;0;-1;-2;0;-6;1;-16;4;-17;3;-17;2;-17;2;-16;2;-16;2;-15;1;-15;0;-16;-1;-16;-1;-16;0;-16;1;-15;1;-14;2;-14;2;-13;2;-14;2;-14;2;-15;4;-15;6;-14;7;-14;8;-13;8;-13;8;-14;9;-15;10;-16;11;-16;12;-115;0;44;21;44;21;44;21;43;20;41;20;40;19;39;18;38;16;38;15;37;14;37;13;36;13;36;13;35;13;34;13;34;13;34;13;33;14;32;14;31;15;30;15;28;15;27;15;26;15;25;15;25;16;23;17;22;19;8;7;2;2;-1;-1;-2;-1;-1;-1;2;0;7;0;21;2;21;3;21;4;22;5;23;6;24;7;25;8;26;10;27;11;27;12;28;13;29;14;29;15;30;15;31;16;31;17;31;18;32;18;33;18;34;18;36;18;37;19;39;19;41;20;42;20;43;20;44;20;45;20,empty,EXP_S041,ZONE_01,entree_zone,4.7,entree_zone,entree dans la zone
460974748,-49,6,a0:9f:7a:73:2b:3e,384,-110;-96;8;0;-8;-17;-11;-12;-14;-8;-18;-4;-22;-2;-25;0;-29;1;-31;0;-33;0;-34;-1;-34;-3;-33;-5;-30;-6;-26;-7;-22;-7;-18;-6;-14;-4;-10;0;-8;4;-6;8;-6;12;-6;16;-8;19;-11;21;-13;21;-4;5;0;0;0;0;0;0;0;0;0;0;0;0;0;0;0;0;0;0;2;-4;10;-17;12;-17;15;-16;18;-15;19;-14;20;-12;19;-10;18;-8;16;-7;13;-7;10;-8;7;-9;4;-11;1;-14;-2;-17;-4;-20;-5;-23;-6;-26;-7;-29;-8;-31;-8;-34;-7;-35;-7;-35;-6;-35;-5;-34;-5;-32;-114;0;11;-3;11;-3;11;-3;11;-4;11;-4;10;-4;10;-4;10;-4;10;-5;10;-5;9;-5;9;-5;9;-5;10;-5;10;-5;10;-5;10;-5;10;-5;10;-5;10;-5;10;-5;10;-4;10;-4;10;-4;10;-4;10;-3;10;-3;10;-2;3;-1;1;-1;-1;0;-1;-1;-1;-1;1;0;3;0;9;1;9;2;8;2;8;3;8;3;8;3;8;3;8;3;7;3;7;3;7;3;7;3;7;3;7;2;7;2;7;2;7;2;7;1;8;1;8;1;8;0;8;0;9;-1;9;-1;10;-1;10;-1;10;-2;11;-2;-114;0;-14;-24;-14;-24;-14;-23;-13;-23;-13;-22;-13;-21;-13;-21;-13;-20;-13;-20;-13;-19;-12;-19;-12;-18;-12;-18;-12;-18;-12;-18;-11;-18;-11;-18;-10;-18;-10;-17;-9;-17;-8;-17;-8;-17;-7;-16;-7;-16;-6;-16;-5;-16;-4;-16;-3;-16;-1;-6;-1;-2;0;0;0;0;0;0;-2;-1;-4;-3;-10;-7;-10;-7;-10;-8;-10;-9;-10;-10;-10;-10;-10;-11;-11;-12;-11;-13;-11;-14;-11;-14;-11;-15;-11;-16;-10;-16;-10;-17;-10;-17;-10;-18;-11;-18;-11;-19;-11;-19;-12;-19;-12;-20;-13;-21;-13;-21;-14;-22;-14;-23;-14;-23;-14;-24,empty,EXP_S041,ZONE_01,entree_zone,4.7,entree_zone,entree dans la zone
461176883,-48,6,a0:9f:7a:73:2b:3e,384,-110;-96;8;0;13;10;13;5;14;0;16;-4;18;-8;20;-11;23;-12;25;-13;27;-13;27;-12;28;-10;27;-8;26;-6;24;-4;20;-3;16;-2;12;-3;8;-4;5;-7;2;-10;1;-13;0;-16;1;-19;3;-22;5;-23;1;-6;0;0;0;0;0;0;0;0;0;0;0;0;0;0;0;0;0;0;0;4;2;17;0;18;-3;20;-5;20;-7;20;-9;19;-9;17;-9;16;-8;14;-6;12;-4;11;-1;10;2;10;5;11;8;12;11;13;14;15;16;16;18;18;20;20;21;22;21;23;20;24;20;24;18;23;17;22;-113;0;-16;14;-15;13;-15;13;-15;13;-15;13;-15;14;-14;14;-13;15;-13;15;-12;15;-12;14;-12;14;-12;14;-13;15;-13;15;-13;16;-12;16;-12;16;-12;15;-13;15;-13;14;-13;14;-13;14;-14;14;-14;13;-14;12;-14;11;-15;10;-6;3;-2;0;0;-1;0;-1;0;-1;-2;0;-6;1;-16;4;-17;3;-17;3;-17;2;-17;1;-16;1;-16;1;-16;0;-16;0;-16;0;-16;0;-16;0;-15;1;-15;1;-14;1;-14;2;-14;2;-14;3;-15;4;-15;5;-15;6;-15;7;-15;7;-15;8;-15;8;-16;9;-17;10;-17;11;-113;0;42;25;42;25;41;24;40;24;39;23;38;22;37;21;37;21;36;20;35;19;34;19;34;18;33;18;33;18;32;18;32;18;31;18;30;18;29;19;28;19;27;19;26;19;24;19;23;19;22;20;21;21;19;22;18;23;6;8;1;2;-1;-1;-2;-1;-1;-1;2;0;7;0;20;2;21;3;21;4;22;5;23;6;24;7;25;8;26;9;27;11;28;12;28;13;29;14;29;15;29;16;30;17;30;18;31;19;31;19;32;20;33;20;34;20;36;21;38;21;39;22;40;23;41;23;42;24;42;24,empty,EXP_S041,ZONE_01,entree_zone,4.7,entree_zone,entree dans la zone
461375561,-48,6,a0:9f:7a:73:2b:3e,384,-110;-96;8;0;16;-1;13;-5;11;-9;10;-13;9;-18;10;-21;10;-24;11;-26;13;-27;14;-27;15;-26;16;-24;16;-22;15;-19;13;-16;11;-13;7;-11;3;-9;-1;-9;-5;-9;-8;-11;-11;-12;-12;-15;-13;-18;-12;-20;-3;-6;0;0;0;0;0;0;0;0;0;0;0;0;0;0;0;0;0;0;2;3;9;13;9;16;7;18;5;20;3;20;2;20;0;19;0;17;0;15;1;13;2;11;4;9;7;7;10;6;13;5;16;5;19;4;22;4;25;5;28;5;30;6;30;7;30;8;30;8;28;8;27;8;-124;0;3;20;2;19;2;19;1;19;1;19;2;19;4;20;5;20;6;19;7;17;6;17;6;17;5;17;6;18;7;18;7;18;8;18;8;17;7;16;6;16;5;17;5;17;5;18;6;18;6;17;5;17;4;17;3;17;1;6;0;2;-1;-1;0;-1;0;-1;-1;1;-4;4;-10;13;-10;13;-11;13;-11;13;-11;12;-11;11;-11;10;-11;10;-12;10;-12;10;-12;11;-11;11;-10;11;-9;11;-9;10;-8;10;-8;10;-8;11;-7;13;-6;14;-5;15;-3;15;-2;15;-2;15;-3;15;-3;17;-2;19;-2;21;-124;0;45;-20;45;-20;44;-19;43;-19;42;-18;40;-18;38;-18;36;-19;35;-19;35;-20;34;-20;33;-19;33;-19;32;-19;31;-19;31;-19;31;-19;31;-18;31;-18;31;-17;30;-15;30;-14;28;-13;28;-12;27;-11;27;-10;27;-8;28;-7;10;-2;3;-1;-1;0;-2;0;-1;0;1;-2;6;-5;17;-12;17;-12;18;-11;20;-11;21;-11;22;-11;24;-11;25;-11;27;-11;28;-11;29;-11;30;-10;31;-10;32;-10;33;-10;34;-10;35;-10;35;-10;36;-11;36;-12;37;-14;38;-15;40;-16;42;-17;43;-17;44;-18;45;-18;45;-18,empty,EXP_S041,ZONE_01,entree_zone,4.7,entree_zone,entree dans la zone
461573224,-48,6,a0:9f:7a:73:2b:3e,384,-110;-96;8;0;11;11;12;7;14;2;16;-2;19;-5;22;-7;24;-8;26;-9;28;-8;28;-8;28;-6;28;-4;26;-2;24;-1;20;0;17;0;12;-1;9;-3;5;-6;3;-10;2;-13;2;-16;3;-19;5;-21;7;-22;2;-6;0;0;0;0;0;0;0;0;0;0;0;0;0;0;0;0;0;0;-1;4;-2;17;-4;18;-7;19;-9;19;-11;18;-12;17;-13;15;-12;13;-11;12;-9;11;-6;10;-3;10;0;10;3;11;6;13;8;15;11;17;13;19;15;21;16;23;16;25;16;26;16;27;15;27;14;26;13;24;-117;0;-17;13;-16;13;-16;12;-16;12;-16;12;-16;12;-16;13;-15;14;-14;14;-13;14;-12;14;-12;14;-13;14;-13;15;-13;15;-13;16;-13;16;-12;15;-12;14;-13;14;-13;13;-13;13;-14;14;-14;14;-14;13;-14;12;-14;11;-14;10;-5;3;-2;0;0;-1;1;-1;0;-1;-2;0;-6;1;-17;2;-17;2;-17;1;-17;0;-17;0;-16;0;-16;-1;-16;-1;-16;-2;-16;-2;-16;-2;-16;-1;-15;-1;-15;0;-14;0;-14;0;-14;1;-15;1;-15;2;-15;3;-15;5;-15;6;-15;7;-15;7;-16;8;-16;8;-17;9;-17;10;-117;0;40;27;40;27;39;27;38;26;37;25;36;24;36;23;35;22;34;21;34;20;33;20;33;19;32;19;32;19;32;19;31;19;30;19;30;19;29;19;28;20;26;20;25;20;24;20;23;20;22;20;20;21;19;22;18;23;6;8;1;2;-1;-1;-2;-1;-1;-1;2;0;7;1;20;4;20;5;20;6;21;7;22;8;23;9;24;11;25;12;25;13;26;15;26;16;27;17;27;18;28;19;28;20;28;20;29;21;29;21;30;22;31;22;33;22;34;23;36;24;37;24;38;25;39;26;40;26;40;26,empty,EXP_S041,ZONE_01,entree_zone,4.7,entree_zone,entree dans la zone
461772729,-48,6,a0:9f:7a:73:2b:3e,384,-110;-96;8;0;-12;-13;-13;-8;-15;-4;-17;0;-19;4;-22;6;-25;7;-27;8;-29;7;-30;6;-30;4;-29;3;-28;1;-25;-1;-21;-1;-17;-1;-13;0;-10;2;-7;5;-5;8;-4;12;-4;15;-5;17;-7;19;-9;21;-3;5;0;0;0;0;0;0;0;0;0;0;0;0;0;0;0;0;0;0;0;-5;1;-18;3;-19;5;-20;8;-20;10;-19;11;-18;11;-16;11;-15;9;-13;7;-12;5;-11;2;-11;-1;-11;-4;-12;-7;-14;-9;-16;-12;-18;-14;-20;-16;-22;-17;-24;-18;-26;-18;-27;-17;-28;-16;-28;-15;-27;-14;-26;-119;0;14;-15;14;-14;14;-14;14;-14;14;-14;14;-15;13;-15;13;-15;12;-16;11;-16;11;-16;11;-16;11;-16;11;-16;11;-17;11;-17;11;-17;11;-17;11;-16;12;-16;12;-15;12;-15;12;-15;12;-15;12;-15;12;-14;13;-13;13;-12;4;-4;1;-2;-1;0;-1;0;-1;0;1;-1;5;-2;15;-4;15;-4;15;-3;15;-2;15;-2;15;-2;15;-1;15;-1;15;-1;14;-1;14;-1;14;-1;14;-1;13;-2;13;-2;12;-2;12;-3;13;-3;13;-4;13;-5;13;-6;13;-7;13;-8;14;-9;14;-10;15;-10;15;-11;16;-12;-119;0;-42;-27;-42;-26;-41;-26;-40;-26;-39;-25;-38;-24;-37;-23;-37;-21;-36;-20;-36;-20;-35;-19;-35;-19;-35;-19;-34;-19;-33;-19;-33;-19;-32;-19;-31;-20;-30;-20;-29;-20;-28;-20;-26;-20;-25;-20;-24;-20;-23;-21;-21;-22;-20;-22;-19;-23;-7;-9;-2;-3;0;0;1;0;0;0;-3;-1;-8;-1;-21;-4;-21;-4;-22;-5;-23;-6;-23;-8;-24;-9;-25;-10;-26;-11;-27;-12;-28;-14;-28;-15;-29;-16;-29;-17;-29;-18;-30;-19;-30;-20;-31;-20;-31;-21;-32;-21;-33;-21;-35;-22;-36;-22;-38;-23;-39;-24;-40;-24;-41;-25;-42;-26;-43;-26,empty,EXP_S041,ZONE_01,entree_zone,4.7,entree_zone,entree dans la zone
461975831,-48,6,a0:9f:7a:73:2b:3e,384,-110;-96;8;0;-15;-10;-15;-5;-15;0;-17;4;-18;8;-20;11;-23;13;-25;14;-27;14;-28;13;-28;11;-28;10;-27;8;-24;6;-21;4;-17;3;-13;3;-9;4;-5;6;-2;9;0;12;0;15;0;18;-2;21;-4;22;-1;5;0;0;0;0;0;0;0;0;0;0;0;0;0;0;0;0;0;0;-1;-5;-3;-18;-2;-19;1;-21;3;-21;5;-21;6;-20;7;-19;7;-17;6;-15;5;-14;2;-12;-1;-12;-4;-11;-7;-11;-10;-12;-13;-13;-16;-15;-18;-16;-20;-18;-22;-20;-23;-21;-24;-23;-23;-24;-22;-24;-21;-23;-20;-22;-124;0;7;-20;7;-18;8;-17;9;-16;10;-17;10;-18;10;-20;8;-21;5;-21;4;-19;4;-18;5;-18;6;-18;7;-19;7;-20;5;-21;4;-21;3;-20;4;-18;5;-17;7;-17;8;-18;8;-19;7;-19;6;-19;6;-18;6;-17;7;-16;2;-6;1;-2;-1;0;-1;0;-1;0;1;-1;5;-3;14;-8;15;-8;15;-8;15;-7;14;-7;14;-6;13;-5;13;-4;14;-3;15;-3;15;-4;15;-5;13;-6;12;-6;11;-6;11;-5;11;-5;12;-5;13;-7;12;-10;11;-11;10;-12;9;-12;9;-12;10;-12;11;-13;13;-15;13;-17;-124;0;-49;-12;-49;-13;-48;-13;-47;-13;-46;-13;-44;-12;-42;-10;-41;-9;-40;-8;-40;-7;-40;-7;-40;-7;-39;-7;-38;-8;-37;-8;-37;-7;-37;-8;-37;-8;-36;-9;-35;-10;-33;-11;-32;-11;-30;-11;-29;-11;-29;-11;-28;-12;-28;-14;-27;-15;-10;-6;-3;-3;0;0;1;-1;0;0;-3;0;-8;0;-21;1;-22;1;-22;0;-23;-1;-25;-1;-26;-2;-28;-3;-29;-4;-30;-6;-30;-7;-31;-7;-32;-8;-33;-8;-34;-9;-35;-10;-35;-11;-35;-12;-36;-12;-37;-12;-38;-11;-40;-11;-42;-10;-44;-11;-45;-11;-47;-12;-47;-12;-48;-12;-49;-12,empty,EXP_S041,ZONE_01,entree_zone,4.7,entree_zone,entree dans la zone
462173422,-48,6,a0:9f:7a:73:2b:3e,384,-110;-96;8;0;-2;16;2;14;7;12;11;11;15;10;19;11;22;12;24;13;24;14;24;16;23;17;22;18;19;17;16;16;14;15;11;12;9;8;8;4;7;0;8;-4;10;-7;12;-9;15;-10;18;-10;20;-10;5;-3;0;0;0;0;0;0;0;0;0;0;0;0;0;0;0;0;0;0;-4;2;-14;9;-16;9;-19;7;-20;5;-21;3;-21;2;-20;1;-18;0;-16;0;-14;1;-12;3;-10;5;-8;7;-7;10;-6;13;-6;16;-6;19;-6;22;-6;25;-7;27;-8;29;-9;30;-9;30;-10;29;-10;28;-10;26;-115;0;-21;-1;-21;-1;-20;-1;-19;-1;-20;-1;-20;-1;-21;0;-21;1;-20;2;-19;3;-19;3;-18;3;-19;2;-20;3;-21;3;-21;4;-20;4;-20;4;-19;3;-19;2;-19;2;-19;2;-20;2;-20;2;-20;2;-19;1;-19;0;-18;-1;-7;-1;-2;-1;0;-1;0;0;0;0;-2;-1;-5;-4;-13;-11;-13;-12;-13;-12;-12;-12;-12;-12;-11;-12;-10;-12;-10;-12;-9;-12;-10;-13;-10;-13;-11;-12;-11;-11;-10;-10;-10;-9;-10;-9;-10;-9;-11;-9;-12;-9;-13;-8;-14;-7;-15;-6;-15;-5;-16;-5;-16;-6;-18;-6;-19;-6;-20;-6;-115;0;10;47;10;47;10;46;9;45;9;44;9;42;9;41;10;40;11;39;12;38;12;37;12;36;11;36;11;35;10;34;10;34;10;34;9;34;8;33;7;33;6;32;5;31;4;30;4;29;3;29;2;29;1;29;-1;29;-1;10;-1;3;-1;-1;-1;-2;-1;-1;1;1;3;6;10;17;9;18;9;19;8;20;8;21;8;23;8;25;7;26;7;27;6;29;6;30;6;31;6;31;5;32;5;33;5;34;4;35;5;36;5;37;6;37;6;39;7;40;7;42;8;43;8;45;9;45;10;46;10;47,empty,EXP_S041,ZONE_01,entree_zone,4.7,entree_zone,entree dans la zone
462372662,-49,6,a0:9f:7a:73:2b:3e,384,-110;-96;8;0;1;18;6;14;10;11;15;9;19;8;23;7;26;8;29;9;30;10;30;12;29;13;27;14;25;15;22;14;18;13;14;11;11;7;9;3;8;-2;8;-6;9;-10;11;-13;14;-15;17;-16;19;-15;5;-4;0;0;0;0;0;0;0;0;0;0;0;0;0;0;0;0;0;0;-4;3;-14;12;-17;12;-20;11;-22;9;-22;7;-22;5;-22;4;-20;3;-18;3;-15;3;-12;4;-10;6;-8;9;-6;12;-4;15;-4;19;-3;22;-2;25;-2;28;-2;30;-3;33;-4;34;-5;34;-6;34;-6;32;-6;30;-115;0;-12;2;-11;2;-11;2;-11;2;-11;2;-11;2;-12;3;-11;3;-11;4;-10;4;-10;4;-10;4;-10;4;-11;4;-11;4;-11;5;-10;5;-10;5;-10;5;-10;4;-10;4;-10;4;-10;4;-10;4;-10;4;-10;3;-10;3;-10;2;-4;0;-2;0;0;-1;0;0;0;0;-1;-1;-3;-2;-9;-5;-8;-5;-8;-5;-8;-5;-8;-5;-7;-5;-7;-5;-7;-6;-7;-6;-7;-6;-7;-6;-7;-6;-7;-5;-7;-5;-7;-4;-7;-4;-7;-4;-7;-4;-8;-3;-9;-3;-9;-2;-9;-1;-9;-1;-9;-1;-9;-1;-10;-1;-11;-1;-12;-1;-115;0;11;23;11;23;11;23;11;23;11;22;11;21;11;20;11;19;11;18;11;18;11;18;11;17;11;17;11;17;10;16;10;16;10;16;10;16;10;16;9;16;8;16;7;15;7;15;7;14;6;14;5;15;5;15;4;15;1;5;0;1;-1;-1;-1;-1;-1;-1;0;0;2;3;7;8;7;9;6;9;6;10;6;11;7;11;7;12;7;13;7;14;6;15;6;15;6;16;6;16;6;17;6;17;6;18;6;18;7;18;7;19;8;19;8;20;9;20;10;21;10;22;10;23;10;23;11;23;11;24,empty,EXP_S041,ZONE_01,entree_zone,4.7,entree_zone,entree dans la zone
462573401,-48,6,a0:9f:7a:73:2b:3e,384,-110;-96;8;0;6;-16;2;-15;-3;-15;-8;-16;-12;-16;-15;-18;-17;-20;-19;-22;-19;-24;-18;-25;-17;-26;-15;-25;-13;-24;-11;-23;-9;-20;-7;-16;-7;-12;-7;-8;-8;-4;-10;0;-13;2;-16;3;-19;3;-21;2;-23;1;-6;0;0;0;0;0;0;0;0;0;0;0;0;0;0;0;0;0;0;0;3;-2;16;-5;18;-4;19;-1;20;1;20;3;20;4;18;5;17;5;15;4;13;3;11;1;10;-2;10;-5;10;-8;10;-11;10;-15;11;-17;13;-20;14;-23;15;-24;16;-26;18;-26;19;-26;19;-25;19;-24;18;-23;-123;0;19;8;17;8;15;8;14;9;15;10;16;11;18;10;19;8;19;5;18;4;17;4;16;4;17;6;18;6;20;6;21;5;20;3;19;3;17;3;16;5;16;6;17;7;18;6;19;5;18;4;17;4;16;5;14;6;5;2;1;0;-1;-1;-1;-1;-1;-1;0;1;1;5;4;15;3;16;3;16;3;16;3;15;3;14;2;13;1;13;0;14;0;15;1;16;2;15;4;14;4;12;3;11;2;11;2;11;3;13;5;14;7;13;9;12;10;11;10;10;9;10;10;11;11;12;13;14;15;14;-123;0;13;-49;13;-49;13;-48;13;-47;13;-45;12;-44;10;-42;9;-41;7;-40;6;-40;5;-40;6;-40;6;-39;6;-38;5;-37;5;-37;4;-37;5;-37;6;-36;7;-35;8;-34;8;-32;8;-30;7;-30;8;-29;9;-29;10;-29;12;-28;4;-10;1;-3;-1;0;-1;1;-1;0;0;-3;0;-8;2;-21;2;-21;3;-22;3;-23;4;-24;5;-25;6;-27;7;-28;9;-29;10;-29;10;-29;11;-30;11;-31;12;-33;13;-34;14;-34;15;-35;15;-35;14;-35;14;-37;14;-38;13;-40;14;-42;14;-44;14;-45;14;-46;14;-47;14;-48,empty,EXP_S041,ZONE_01,entree_zone,4.7,entree_zone,entree dans la zone
462773990,-48,6,a0:9f:7a:73:2b:3e,384,-110;-96;8;0;9;14;10;9;13;4;16;1;19;-2;22;-4;25;-5;27;-5;29;-5;29;-4;29;-3;29;-1;27;1;24;2;20;3;16;2;12;1;8;-2;6;-5;4;-9;3;-13;3;-16;4;-19;7;-21;9;-22;2;-6;0;0;0;0;0;0;0;0;0;0;0;0;0;0;0;0;0;0;-2;3;-7;16;-9;16;-12;16;-14;16;-16;14;-17;13;-16;11;-15;10;-14;9;-11;8;-8;8;-5;9;-2;10;0;12;3;14;5;16;7;19;8;21;10;24;11;26;11;28;11;29;10;30;10;29;9;28;9;27;-117;0;-16;14;-16;13;-16;12;-16;12;-16;12;-17;12;-16;14;-15;15;-14;15;-13;15;-12;14;-13;14;-13;14;-14;15;-14;16;-14;17;-13;17;-12;16;-13;15;-13;14;-14;14;-15;14;-15;14;-14;14;-14;14;-14;13;-14;12;-14;11;-6;3;-2;1;0;-1;1;-1;0;0;-2;0;-7;0;-17;0;-18;-1;-18;-1;-18;-1;-17;-2;-16;-2;-15;-2;-15;-3;-15;-4;-16;-4;-16;-4;-16;-2;-16;-1;-15;-1;-14;-1;-13;-1;-14;-1;-14;0;-15;1;-16;3;-16;5;-15;6;-15;6;-15;6;-16;6;-17;7;-18;8;-20;9;-117;0;39;29;39;29;38;29;38;28;36;27;35;26;34;24;34;23;34;21;34;21;34;20;33;20;32;20;31;20;31;19;30;19;30;19;30;19;29;19;28;20;26;20;25;20;23;19;22;19;21;19;20;20;19;22;18;23;6;8;1;2;-1;-1;-2;-1;-1;-1;2;0;7;2;19;6;19;7;19;8;20;9;21;10;22;12;23;13;23;15;24;16;24;17;25;18;25;19;26;20;26;21;26;22;27;23;27;23;27;24;28;24;29;25;31;25;32;25;34;26;35;27;36;28;37;28;38;29;39;29,empty,EXP_S041,ZONE_01,entree_zone,4.7,entree_zone,entree dans la zone
462972337,-48,6,a0:9f:7a:73:2b:3e,384,-110;-96;8;0;2;17;6;13;10;10;14;8;18;7;22;6;25;6;27;7;28;9;28;11;27;12;26;13;23;13;21;13;17;12;14;10;11;7;9;3;8;-2;8;-6;9;-10;11;-12;14;-14;16;-14;19;-14;4;-4;0;0;0;0;0;0;0;0;0;0;0;0;0;0;0;0;0;0;-3;3;-11;14;-14;13;-17;12;-19;11;-20;10;-20;8;-20;6;-18;5;-16;5;-14;5;-11;6;-8;7;-6;9;-4;12;-3;15;-1;18;-1;21;0;24;0;26;0;29;0;31;-1;32;-2;33;-3;32;-3;30;-3;29;-114;0;-11;2;-11;2;-10;1;-10;1;-10;1;-11;1;-11;2;-11;2;-10;3;-10;3;-9;3;-9;3;-10;2;-10;2;-11;3;-11;3;-10;4;-10;4;-10;3;-10;3;-10;2;-10;2;-10;2;-10;2;-10;2;-10;2;-10;1;-10;0;-4;0;-2;-1;0;-1;0;0;0;0;-1;-1;-3;-2;-8;-4;-8;-4;-8;-4;-8;-4;-8;-4;-7;-4;-7;-4;-7;-5;-7;-5;-7;-5;-7;-5;-7;-5;-7;-4;-7;-4;-7;-4;-6;-4;-6;-4;-7;-4;-8;-3;-8;-2;-9;-2;-9;-1;-8;-1;-8;-1;-8;-1;-9;-1;-10;-1;-11;-1;-114;0;10;23;10;22;10;22;9;22;9;21;9;20;9;19;9;18;9;18;9;18;9;18;9;17;8;17;8;17;8;17;8;16;8;16;8;16;7;16;6;16;6;16;5;15;4;15;4;15;3;14;3;15;2;15;1;15;0;5;-1;1;-1;-1;-1;-1;-1;-1;0;0;2;2;7;7;7;7;7;8;7;9;7;9;7;10;8;11;7;12;7;12;7;13;7;14;7;14;7;15;7;15;7;16;7;17;7;17;7;17;7;17;8;18;8;18;9;19;9;20;10;21;10;21;9;22;10;22;10;23,empty,EXP_S041,ZONE_01,entree_zone,4.7,entree_zone,entree dans la zone
463173036,-48,6,a0:9f:7a:73:2b:3e,384,-110;-96;8;0;-16;7;-11;10;-7;12;-4;15;-2;19;0;22;1;25;0;27;-1;29;-2;29;-3;29;-5;28;-6;25;-7;23;-7;19;-6;16;-3;12;0;9;3;7;7;5;11;5;14;6;16;8;17;11;18;13;4;3;0;0;0;0;0;0;0;0;0;0;0;0;0;0;0;0;0;0;-4;-2;-16;-7;-17;-9;-17;-12;-17;-14;-15;-16;-14;-16;-12;-16;-11;-15;-10;-13;-9;-11;-9;-9;-10;-6;-11;-3;-13;-1;-15;2;-18;4;-20;6;-23;7;-25;8;-28;9;-29;9;-31;9;-32;8;-31;7;-30;6;-28;5;-123;0;-14;-17;-13;-16;-12;-16;-12;-16;-12;-17;-12;-17;-14;-16;-15;-15;-15;-14;-15;-13;-14;-12;-14;-13;-14;-14;-15;-15;-16;-15;-17;-14;-17;-14;-16;-13;-15;-13;-14;-14;-13;-14;-13;-15;-14;-15;-14;-15;-14;-15;-13;-14;-12;-14;-11;-15;-4;-6;-1;-2;0;0;0;1;-1;0;-1;-2;-1;-6;-2;-17;-1;-17;-1;-17;0;-17;0;-17;0;-16;1;-15;1;-15;2;-15;2;-16;2;-16;1;-16;0;-15;-1;-15;-1;-14;-1;-13;0;-14;-1;-14;-2;-15;-3;-16;-5;-16;-6;-15;-6;-14;-7;-15;-7;-15;-8;-17;-9;-18;-10;-19;-123;0;-31;38;-31;38;-31;38;-30;37;-29;35;-28;34;-26;34;-25;33;-24;33;-23;32;-23;32;-23;32;-23;31;-22;30;-22;30;-21;29;-21;29;-22;28;-22;27;-23;26;-23;25;-22;24;-22;22;-22;21;-22;20;-23;19;-24;18;-25;17;-9;6;-3;1;0;-1;0;-2;0;-1;-1;2;-3;7;-7;19;-8;19;-9;19;-10;20;-11;21;-12;22;-13;23;-15;24;-16;24;-17;25;-18;25;-19;25;-21;26;-22;26;-23;26;-24;27;-24;27;-25;27;-25;28;-25;29;-26;31;-26;32;-27;34;-28;35;-29;36;-30;37;-31;37;-31;38,empty,EXP_S041,ZONE_01,entree_zone,4.7,entree_zone,entree dans la zone
463376584,-49,6,a0:9f:7a:73:2b:3e,384,-110;-96;8;0;18;-2;15;-6;12;-10;10;-15;9;-20;9;-24;10;-27;11;-29;12;-30;14;-30;15;-29;16;-28;17;-25;16;-21;15;-18;12;-14;8;-12;4;-10;-1;-9;-5;-10;-9;-11;-12;-14;-14;-16;-14;-20;-13;-22;-4;-6;0;0;0;0;0;0;0;0;0;0;0;0;0;0;0;0;0;0;3;3;13;13;12;16;11;18;9;20;7;21;5;21;4;21;3;19;3;17;3;14;4;12;6;9;9;7;12;5;15;4;19;3;22;3;25;2;28;2;31;3;33;3;34;4;34;5;34;6;32;6;30;6;-115;0;-3;11;-3;10;-3;10;-3;10;-3;10;-3;10;-2;11;-2;11;-1;10;-1;10;0;10;0;10;0;10;-1;10;0;11;0;11;0;11;0;10;-1;10;-1;10;-1;10;-1;10;-1;10;-1;10;-1;10;-2;10;-2;9;-2;9;-1;3;-1;1;0;-1;0;-1;0;-1;-1;0;-3;2;-7;5;-7;5;-8;5;-8;5;-8;4;-8;4;-8;4;-8;4;-8;4;-8;4;-8;4;-7;4;-7;4;-7;4;-6;4;-6;4;-6;4;-6;5;-6;5;-6;6;-5;6;-5;7;-5;7;-4;7;-4;8;-4;8;-4;9;-4;10;-115;0;27;-2;27;-2;26;-2;25;-2;25;-2;24;-2;23;-2;22;-3;22;-3;21;-3;21;-3;21;-3;20;-3;20;-3;20;-3;20;-3;19;-3;19;-2;19;-2;18;-2;18;-1;17;-1;17;0;16;0;16;1;16;1;15;2;15;3;5;1;1;0;-1;-1;-1;0;-1;0;1;-1;3;-2;10;-4;11;-4;11;-4;12;-4;13;-3;13;-3;14;-3;15;-2;15;-2;16;-2;17;-2;17;-1;18;-1;18;0;19;0;19;0;20;0;20;0;20;0;21;0;22;-1;23;-1;23;-1;24;-1;25;-1;26;-1;26;-1;27;-1,empty,EXP_S041,ZONE_01,entree_zone,4.7,entree_zone,entree dans la zone
463575442,-48,6,a0:9f:7a:73:2b:3e,384,-110;-96;8;0;16;4;15;-1;14;-5;13;-10;14;-14;15;-18;16;-20;18;-22;20;-22;21;-22;22;-21;22;-19;22;-16;20;-14;18;-11;14;-9;10;-8;6;-8;2;-9;-2;-10;-5;-13;-6;-15;-6;-18;-6;-21;-5;-23;-1;-6;0;0;0;0;0;0;0;0;0;0;0;0;0;0;0;0;0;0;2;3;7;15;6;17;4;19;2;20;1;21;-1;20;-2;19;-2;17;-2;16;-1;13;1;12;3;10;6;9;9;8;12;8;15;8;18;8;21;9;24;10;26;11;28;12;28;13;28;14;27;15;26;14;25;14;-115;0;-12;16;-12;16;-12;16;-11;16;-11;17;-10;17;-9;17;-9;17;-8;17;-8;17;-7;17;-7;18;-7;18;-7;18;-7;18;-7;18;-7;18;-7;18;-7;18;-7;17;-7;17;-7;17;-7;17;-8;17;-8;16;-8;16;-9;16;-10;15;-4;5;-2;1;0;-1;0;-1;0;-1;-2;0;-6;2;-16;5;-16;4;-16;3;-16;3;-16;2;-16;2;-16;2;-16;1;-16;1;-16;1;-15;1;-15;2;-14;2;-14;2;-14;3;-14;3;-14;4;-13;4;-13;5;-13;7;-13;8;-12;9;-12;10;-12;10;-12;11;-13;12;-13;13;-13;14;-115;0;47;15;47;15;46;14;45;14;44;13;43;12;42;11;41;10;40;9;39;9;38;9;38;9;37;8;37;8;37;7;36;7;36;7;35;8;34;8;33;8;32;9;31;9;30;10;29;10;28;11;27;12;26;13;25;14;8;5;2;1;-1;-1;-2;0;-1;-1;2;-1;7;0;21;0;21;1;22;2;23;3;23;4;24;5;25;6;27;7;28;8;29;9;30;10;30;11;31;12;31;13;32;14;33;14;33;14;34;14;35;14;36;14;38;14;40;14;41;14;43;14;44;15;45;15;46;16;47;16,empty,EXP_S041,ZONE_01,entree_zone,4.7,entree_zone,entree dans la zone
463773277,-48,6,a0:9f:7a:73:2b:3e,384,-110;-96;8;0;-17;9;-13;11;-8;14;-4;17;-2;21;0;25;0;28;0;30;-1;31;-2;32;-3;32;-5;31;-7;29;-8;25;-8;21;-6;17;-4;13;-1;10;3;8;8;7;11;7;15;8;17;10;19;12;19;15;4;4;0;0;0;0;0;0;0;0;0;0;0;0;0;0;0;0;0;0;-5;-2;-19;-6;-19;-8;-20;-11;-19;-14;-18;-16;-16;-17;-14;-17;-13;-16;-12;-14;-11;-11;-11;-8;-12;-5;-13;-2;-15;1;-17;3;-19;5;-22;7;-25;9;-27;10;-30;11;-32;11;-34;10;-34;10;-34;9;-32;8;-31;8;-110;0;-4;-11;-4;-11;-4;-11;-4;-11;-4;-10;-5;-10;-5;-10;-5;-10;-6;-10;-6;-10;-6;-9;-6;-9;-6;-9;-6;-10;-6;-10;-7;-10;-7;-10;-6;-9;-6;-9;-6;-9;-6;-9;-5;-10;-5;-10;-5;-10;-5;-10;-5;-10;-4;-10;-4;-10;-2;-4;-1;-2;0;0;-1;0;-1;0;0;-2;0;-4;1;-9;2;-9;2;-9;2;-9;2;-9;2;-8;3;-8;3;-8;3;-8;3;-8;3;-8;3;-8;2;-8;2;-8;2;-7;2;-7;1;-8;1;-8;1;-8;0;-8;0;-8;-1;-9;-1;-9;-2;-9;-2;-10;-2;-10;-2;-11;-3;-11;-110;0;-23;15;-23;15;-22;15;-22;14;-21;14;-20;14;-19;14;-19;14;-18;14;-18;14;-17;13;-17;13;-17;13;-17;13;-17;12;-17;12;-17;12;-17;11;-16;11;-16;10;-16;10;-16;9;-16;8;-15;8;-15;7;-15;6;-15;5;-16;5;-6;1;-2;0;0;-1;0;-1;0;-1;-1;1;-3;3;-7;9;-7;9;-8;9;-9;9;-10;9;-10;10;-11;10;-12;10;-13;10;-13;10;-14;10;-15;10;-15;10;-16;10;-16;10;-17;10;-17;11;-18;11;-18;11;-18;12;-19;12;-19;13;-20;14;-21;14;-21;15;-22;15;-22;15;-23;15,empty,EXP_S041,ZONE_01,entree_zone,4.7,entree_zone,entree dans la zone
463972307,-48,6,a0:9f:7a:73:2b:3e,384,-110;-96;8;0;0;-17;-4;-14;-9;-13;-13;-11;-17;-11;-21;-11;-24;-12;-26;-13;-27;-15;-27;-16;-26;-17;-24;-18;-21;-18;-19;-17;-16;-15;-13;-12;-10;-9;-9;-5;-8;0;-9;4;-11;7;-13;9;-16;11;-19;11;-21;10;-6;2;0;0;0;0;0;0;0;0;0;0;0;0;0;0;0;0;0;0;3;-3;14;-11;16;-10;18;-9;20;-7;20;-5;20;-3;19;-2;18;-1;15;-1;13;-2;11;-3;9;-6;7;-8;6;-11;5;-14;4;-18;4;-21;4;-24;5;-26;5;-29;6;-30;7;-32;8;-32;9;-31;9;-29;8;-27;-111;0;21;-2;20;-2;19;-2;19;-1;19;-1;20;-1;21;-2;21;-4;20;-5;19;-6;18;-6;18;-5;18;-5;19;-5;20;-5;20;-6;19;-7;19;-7;18;-6;18;-5;18;-4;19;-4;19;-4;19;-4;19;-4;18;-4;18;-2;18;-1;6;-1;1;0;-1;0;-1;-1;-1;-1;1;0;5;3;14;8;13;9;13;10;13;10;12;9;11;9;11;9;10;10;10;11;10;11;11;11;11;10;11;9;11;8;10;8;10;7;10;7;11;7;13;7;14;6;15;4;15;3;15;2;15;2;16;2;17;3;19;3;20;3;-111;0;-16;-48;-15;-48;-15;-47;-14;-46;-14;-45;-14;-43;-14;-41;-15;-40;-15;-39;-16;-38;-16;-37;-15;-37;-15;-36;-15;-36;-14;-35;-14;-35;-14;-35;-13;-35;-12;-35;-11;-35;-10;-34;-8;-33;-8;-31;-7;-30;-6;-30;-4;-30;-2;-30;-1;-30;0;-11;0;-4;0;0;0;1;0;0;-2;-2;-5;-6;-13;-17;-13;-18;-12;-19;-12;-20;-12;-22;-12;-23;-12;-25;-12;-27;-12;-28;-11;-29;-11;-30;-11;-31;-10;-32;-10;-33;-10;-34;-9;-35;-9;-36;-9;-37;-10;-37;-11;-38;-12;-39;-13;-41;-14;-42;-14;-44;-15;-45;-15;-46;-15;-47;-16;-48,empty,EXP_S041,ZONE_01,entree_zone,4.7,entree_zone,entree dans la zone
464173311,-48,6,a0:9f:7a:73:2b:3e,384,-110;-96;8;0;14;9;14;4;14;-1;15;-5;17;-9;19;-12;21;-14;23;-15;25;-15;26;-14;27;-13;26;-11;25;-9;23;-7;20;-5;16;-4;12;-4;8;-5;4;-7;2;-10;0;-13;-1;-16;-1;-19;1;-22;3;-23;0;-6;0;0;0;0;0;0;0;0;0;0;0;0;0;0;0;0;0;0;0;4;3;16;1;18;-1;19;-4;20;-5;20;-7;19;-7;18;-7;16;-6;14;-5;13;-3;12;0;11;3;10;6;10;9;11;12;12;14;13;17;15;19;16;21;18;23;19;23;21;23;22;22;22;21;21;19;20;-122;0;-12;18;-11;17;-11;16;-11;16;-11;16;-11;16;-10;17;-9;18;-8;18;-7;17;-7;17;-7;17;-7;17;-7;18;-7;18;-7;19;-6;19;-6;18;-6;17;-7;17;-8;16;-8;16;-8;17;-7;17;-7;17;-8;16;-9;15;-9;15;-4;5;-2;1;0;-1;0;-1;0;-1;-2;0;-6;2;-15;5;-16;4;-16;4;-16;3;-15;3;-15;3;-15;2;-15;1;-15;1;-15;1;-15;1;-15;2;-14;3;-14;4;-13;4;-13;4;-13;4;-13;5;-13;6;-13;7;-13;8;-12;9;-12;10;-12;10;-12;11;-13;12;-13;13;-14;14;-122;0;46;15;46;15;46;14;45;14;44;13;43;12;41;11;40;10;39;9;39;8;38;8;38;8;37;8;37;8;36;8;36;8;35;8;35;8;34;9;33;10;32;10;31;10;29;10;28;10;28;11;27;12;26;14;25;15;8;5;2;1;-1;-1;-2;0;-1;-1;2;-1;7;-1;20;0;21;1;21;2;22;3;23;4;24;4;26;5;27;7;28;8;28;9;29;10;30;10;31;11;31;12;32;12;33;13;33;13;34;14;35;14;36;14;38;14;39;14;41;14;42;14;43;14;45;14;46;15;46;15,empty,EXP_S041,ZONE_01,entree_zone,4.7,entree_zone,entree dans la zone
464373455,-48,6,a0:9f:7a:73:2b:3e,384,-110;-96;8;0;-2;-18;-6;-15;-10;-12;-14;-10;-18;-8;-22;-8;-25;-9;-27;-10;-28;-11;-28;-13;-27;-14;-26;-15;-23;-16;-21;-15;-17;-14;-14;-12;-12;-9;-10;-5;-9;0;-9;4;-10;7;-12;10;-15;11;-18;12;-20;11;-6;2;0;0;0;0;0;0;0;0;0;0;0;0;0;0;0;0;0;0;2;-4;10;-13;13;-13;15;-12;17;-11;18;-10;18;-8;18;-7;17;-6;15;-6;13;-6;11;-6;9;-8;6;-10;4;-12;3;-15;2;-18;1;-21;0;-24;0;-26;0;-29;0;-31;1;-32;2;-33;3;-32;4;-31;4;-29;-113;0;10;-2;10;-2;9;-2;9;-2;9;-2;9;-2;9;-3;9;-3;9;-4;9;-4;8;-4;8;-4;8;-4;9;-4;9;-4;9;-4;9;-4;9;-4;8;-4;8;-4;8;-3;9;-3;9;-3;9;-3;9;-3;8;-3;8;-2;8;-2;3;-1;1;-1;-1;0;-1;-1;-1;-1;0;0;2;1;6;3;6;3;6;4;6;4;6;4;5;4;5;4;5;4;5;4;5;4;5;4;5;4;5;3;5;3;5;3;5;2;5;2;5;2;6;2;6;1;7;1;7;0;7;0;7;0;8;0;8;0;9;-1;10;-1;-113;0;-10;-24;-10;-24;-10;-23;-9;-23;-9;-22;-9;-21;-9;-21;-9;-20;-9;-19;-10;-19;-10;-18;-9;-18;-9;-18;-9;-18;-9;-18;-9;-17;-9;-17;-8;-17;-8;-17;-7;-17;-7;-17;-6;-16;-5;-16;-5;-15;-4;-15;-4;-15;-3;-15;-2;-15;-1;-6;-1;-2;0;0;0;0;0;0;-1;-1;-3;-3;-7;-8;-7;-9;-7;-9;-7;-10;-7;-11;-7;-11;-7;-12;-7;-13;-7;-14;-7;-15;-7;-15;-7;-16;-7;-16;-6;-17;-6;-17;-6;-18;-6;-18;-6;-18;-7;-19;-7;-19;-8;-20;-8;-20;-9;-21;-9;-22;-9;-22;-9;-23;-10;-24;-10;-24,empty,EXP_S041,ZONE_01,entree_zone,4.7,entree_zone,entree dans la zone
464572356,-48,6,a0:9f:7a:73:2b:3e,384,-110;-96;8;0;2;-17;-3;-15;-7;-13;-12;-12;-17;-11;-21;-12;-24;-13;-26;-14;-27;-16;-27;-18;-26;-19;-24;-19;-21;-19;-18;-18;-15;-16;-12;-14;-10;-10;-8;-5;-8;-1;-9;3;-11;7;-13;9;-16;11;-19;11;-21;11;-6;2;0;0;0;0;0;0;0;0;0;0;0;0;0;0;0;0;0;0;3;-2;15;-8;17;-7;19;-6;20;-3;21;-2;20;0;19;1;18;1;16;1;14;0;12;-2;10;-4;8;-7;7;-10;7;-13;6;-17;6;-20;7;-23;7;-26;8;-28;9;-30;10;-31;11;-32;12;-31;12;-29;11;-27;-114;0;21;1;21;1;21;1;20;1;21;1;21;1;21;0;21;-1;21;-2;20;-3;20;-3;20;-2;20;-2;20;-2;21;-3;21;-3;21;-4;21;-4;20;-3;19;-3;19;-2;20;-1;20;-1;20;-1;19;-1;19;-1;19;0;18;1;6;0;2;0;-1;0;-1;-1;-1;-1;1;0;4;3;12;10;12;11;11;11;11;11;10;11;10;11;9;11;9;11;9;11;9;12;9;12;10;11;10;10;10;9;10;9;10;8;10;9;11;9;12;8;13;7;14;6;15;5;15;4;15;4;16;4;18;5;19;5;21;5;-114;0;-9;-51;-8;-51;-8;-50;-7;-49;-7;-47;-8;-45;-8;-43;-9;-42;-9;-41;-9;-40;-9;-40;-9;-39;-9;-39;-9;-38;-9;-38;-9;-37;-8;-37;-8;-37;-7;-36;-6;-36;-5;-35;-3;-34;-3;-32;-2;-32;-1;-31;1;-31;2;-30;4;-30;1;-11;0;-4;0;0;0;1;0;0;-2;-2;-4;-7;-10;-19;-10;-20;-9;-21;-9;-22;-9;-23;-9;-25;-9;-26;-8;-28;-8;-29;-7;-30;-7;-31;-6;-32;-5;-34;-4;-35;-4;-36;-4;-37;-4;-37;-4;-38;-4;-39;-5;-40;-6;-41;-7;-42;-7;-44;-8;-46;-8;-47;-7;-49;-7;-50;-7;-51,empty,EXP_S041,ZONE_01,entree_zone,4.7,entree_zone,entree dans la zone
464772467,-48,6,a0:9f:7a:73:2b:3e,384,-110;-96;8;0;-2;-18;-6;-15;-10;-12;-15;-10;-19;-9;-22;-9;-26;-9;-28;-11;-29;-12;-29;-13;-28;-14;-27;-15;-24;-16;-21;-16;-17;-14;-14;-12;-11;-8;-10;-4;-9;0;-9;4;-10;8;-12;10;-15;12;-18;13;-20;12;-6;3;0;0;0;0;0;0;0;0;0;0;0;0;0;0;0;0;0;0;2;-4;11;-13;13;-13;16;-12;18;-11;19;-9;19;-8;19;-6;17;-5;15;-5;13;-5;11;-6;8;-8;6;-10;4;-12;3;-15;2;-18;1;-21;0;-24;0;-27;0;-30;1;-32;2;-33;3;-34;3;-33;4;-32;4;-31;-122;0;10;1;10;1;10;1;10;1;10;1;10;1;10;1;10;0;10;0;10;-1;9;-1;9;-1;10;-1;10;-1;10;-1;10;-1;10;-1;10;-1;9;-1;9;0;9;0;9;0;9;0;9;0;9;0;9;1;9;1;8;2;3;0;0;0;-1;-1;-1;-1;-1;-1;0;0;2;1;6;4;6;4;6;5;5;5;5;5;5;5;5;5;4;5;4;5;4;5;4;5;5;5;5;5;5;4;5;4;5;4;5;4;5;4;5;4;6;3;7;3;7;2;7;2;7;2;8;2;8;2;9;2;10;2;-122;0;-3;-26;-3;-26;-3;-25;-3;-25;-3;-24;-3;-23;-3;-22;-3;-22;-3;-21;-3;-21;-3;-21;-3;-20;-3;-20;-3;-20;-3;-20;-3;-19;-3;-19;-2;-19;-2;-19;-1;-18;0;-18;0;-17;0;-17;1;-16;1;-16;2;-16;3;-15;3;-15;1;-6;0;-2;-1;0;0;0;0;0;-1;-1;-3;-4;-6;-10;-6;-10;-6;-11;-5;-11;-5;-12;-5;-13;-5;-13;-5;-14;-5;-15;-4;-16;-4;-16;-3;-17;-3;-17;-3;-18;-2;-18;-2;-19;-2;-19;-2;-20;-2;-20;-2;-20;-3;-21;-3;-22;-3;-23;-3;-23;-3;-24;-3;-25;-3;-26;-3;-26,empty,EXP_S041,ZONE_01,entree_zone,4.7,entree_zone,entree dans la zone
464977363,-48,6,a0:9f:7a:73:2b:3e,384,-110;-96;8;0;17;-5;13;-8;10;-12;7;-16;5;-20;4;-23;4;-26;5;-29;6;-30;8;-31;9;-30;11;-29;12;-26;12;-23;11;-20;9;-16;6;-13;3;-10;-2;-9;-6;-9;-9;-10;-12;-11;-15;-14;-15;-17;-15;-19;-4;-5;0;0;0;0;0;0;0;0;0;0;0;0;0;0;0;0;0;0;3;1;14;7;15;10;14;12;14;15;13;16;11;17;10;17;8;15;7;14;7;12;8;9;9;7;10;4;12;2;15;0;17;-2;19;-3;22;-4;26;-5;28;-5;30;-5;32;-5;32;-4;32;-3;31;-2;30;-2;-123;0;2;10;2;10;2;9;2;9;2;9;2;9;3;10;3;9;3;9;3;9;3;9;3;9;3;9;3;9;3;9;4;9;4;9;4;9;3;9;3;9;3;9;2;9;2;9;2;9;2;9;2;9;1;9;1;9;0;3;0;1;-1;-1;0;-1;0;-1;-1;0;-1;2;-3;7;-3;7;-4;7;-4;6;-4;6;-4;6;-4;6;-4;6;-4;6;-4;6;-4;6;-4;6;-3;6;-3;6;-3;5;-3;6;-3;6;-3;6;-2;6;-2;7;-1;7;-1;7;0;7;0;7;0;8;0;8;0;9;1;10;-123;0;23;-12;23;-12;22;-12;22;-11;21;-11;20;-11;20;-11;19;-11;19;-10;18;-10;18;-10;18;-10;17;-10;17;-10;17;-9;17;-9;17;-9;17;-8;17;-8;16;-7;16;-6;16;-6;15;-5;15;-5;15;-4;15;-3;15;-2;15;-2;5;-1;1;0;-1;0;-1;0;-1;0;0;-1;2;-3;6;-8;7;-8;7;-8;8;-9;9;-9;9;-9;10;-9;11;-9;12;-9;12;-9;13;-9;14;-9;14;-8;15;-8;16;-8;16;-8;16;-9;17;-9;17;-9;17;-9;18;-10;19;-10;19;-11;20;-11;21;-11;22;-11;22;-12;23;-12,empty,EXP_S041,ZONE_01,entree_zone,4.7,entree_zone,entree dans la zone
465172389,-48,6,a0:9f:7a:73:2b:3e,384,-110;-96;8;0;-7;-17;-10;-13;-13;-9;-16;-5;-20;-3;-24;-1;-27;-1;-30;-1;-32;-2;-32;-4;-32;-5;-30;-7;-28;-8;-25;-9;-21;-9;-17;-7;-14;-5;-11;-2;-8;2;-7;7;-8;10;-9;14;-11;16;-13;18;-16;18;-4;4;0;0;0;0;0;0;0;0;0;0;0;0;0;0;0;0;0;0;1;-4;7;-16;9;-16;11;-16;13;-16;15;-15;16;-14;16;-13;15;-12;14;-11;12;-10;9;-10;7;-11;4;-12;1;-13;-1;-16;-3;-18;-5;-21;-7;-23;-8;-26;-9;-29;-9;-31;-9;-33;-8;-34;-7;-34;-6;-32;-6;-31;-118;0;9;-6;9;-5;9;-5;9;-4;9;-4;10;-4;10;-5;10;-6;9;-6;8;-7;8;-6;8;-6;8;-6;9;-6;9;-6;9;-7;8;-7;8;-7;8;-6;8;-5;8;-5;8;-5;9;-5;8;-5;8;-5;8;-5;8;-4;8;-4;3;-2;0;-1;-1;0;-1;-1;-1;-1;0;0;2;0;7;1;7;1;7;1;7;2;7;1;6;1;6;2;6;2;6;2;6;3;6;2;6;2;6;1;6;1;6;1;6;1;6;1;6;1;7;0;7;-1;8;-2;7;-2;7;-3;7;-3;8;-3;8;-3;9;-3;10;-3;-118;0;-15;-22;-15;-22;-15;-22;-14;-21;-14;-21;-13;-20;-13;-19;-13;-18;-13;-17;-13;-17;-13;-17;-13;-17;-13;-16;-13;-16;-12;-16;-12;-16;-12;-16;-12;-16;-11;-16;-11;-16;-10;-16;-9;-16;-8;-15;-8;-15;-7;-15;-7;-15;-6;-15;-5;-15;-2;-6;-1;-2;0;0;0;0;0;0;-1;-1;-4;-3;-9;-7;-9;-8;-9;-8;-9;-9;-10;-9;-10;-10;-10;-11;-10;-12;-10;-13;-10;-13;-10;-14;-10;-14;-10;-15;-10;-16;-10;-16;-10;-17;-10;-17;-10;-17;-11;-18;-11;-18;-12;-18;-13;-19;-13;-19;-14;-20;-14;-21;-14;-21;-15;-22;-15;-22,empty,EXP_S041,ZONE_01,entree_zone,4.7,entree_zone,entree dans la zone
465377259,-48,6,a0:9f:7a:73:2b:3e,384,-110;-96;8;0;-3;-18;-6;-14;-11;-11;-15;-9;-20;-7;-24;-7;-27;-7;-30;-8;-31;-10;-31;-11;-30;-13;-29;-14;-26;-14;-23;-14;-19;-13;-15;-11;-12;-8;-10;-4;-8;1;-8;5;-9;9;-11;13;-13;15;-16;16;-19;16;-5;4;0;0;0;0;0;0;0;0;0;0;0;0;0;0;0;0;0;0;3;-4;13;-13;15;-13;18;-12;20;-10;20;-8;21;-7;20;-5;19;-4;17;-4;14;-4;11;-5;9;-7;7;-10;5;-12;3;-16;2;-19;1;-22;0;-25;0;-28;0;-31;1;-33;2;-35;2;-35;3;-34;4;-33;4;-32;-119;0;11;-4;10;-4;10;-4;10;-4;10;-4;10;-4;10;-4;10;-5;10;-5;9;-6;9;-5;9;-5;9;-5;9;-5;10;-6;10;-6;9;-6;9;-6;9;-6;9;-5;9;-5;9;-5;9;-5;9;-5;9;-5;9;-4;9;-4;9;-3;3;-1;1;-1;-1;0;-1;-1;-1;-1;0;0;2;0;8;2;8;3;7;3;7;3;7;3;7;3;6;3;6;3;6;4;6;4;7;3;7;3;7;2;6;2;6;2;6;2;6;2;7;2;7;1;8;1;8;0;8;-1;8;-1;8;-1;9;-1;9;-1;10;-2;11;-2;-119;0;-13;-23;-13;-23;-13;-23;-13;-23;-12;-22;-12;-21;-12;-20;-12;-19;-12;-19;-12;-18;-12;-18;-12;-18;-12;-17;-12;-17;-11;-17;-11;-17;-11;-17;-11;-17;-10;-17;-9;-17;-9;-17;-8;-16;-7;-16;-7;-15;-6;-15;-6;-15;-5;-15;-4;-16;-2;-6;-1;-2;0;0;0;0;0;0;-1;-1;-4;-3;-9;-8;-9;-8;-9;-9;-9;-9;-9;-10;-9;-11;-9;-12;-9;-13;-9;-14;-9;-14;-9;-15;-9;-16;-9;-16;-9;-16;-9;-17;-9;-17;-9;-18;-9;-18;-10;-19;-10;-19;-11;-19;-12;-20;-12;-21;-12;-21;-13;-22;-13;-23;-13;-23;-14;-23,empty,EXP_S041,ZONE_01,entree_zone,4.7,entree_zone,entree dans la zone
465575232,-48,6,a0:9f:7a:73:2b:3e,384,-110;-96;8;0;17;5;16;0;15;-4;15;-9;16;-13;17;-16;19;-18;21;-20;22;-20;24;-20;24;-19;25;-17;24;-14;22;-12;20;-9;16;-7;12;-6;8;-7;4;-8;0;-10;-2;-13;-3;-16;-3;-19;-2;-22;-1;-24;0;-6;0;0;0;0;0;0;0;0;0;0;0;0;0;0;0;0;0;0;2;3;9;15;8;17;6;19;4;20;2;21;1;21;-1;20;-1;18;-1;16;0;14;1;12;4;11;7;9;10;9;13;8;16;8;19;9;22;10;24;11;27;12;28;13;29;15;29;16;28;16;27;16;25;15;-116;0;-4;20;-4;19;-5;18;-6;17;-6;18;-6;19;-5;20;-3;20;-2;20;-1;19;-1;18;-2;17;-3;18;-3;19;-2;21;-1;21;0;21;0;19;-1;18;-2;18;-3;18;-4;18;-4;19;-3;19;-3;19;-3;18;-4;17;-5;16;-2;5;-1;1;-1;-1;0;-1;0;-1;-2;1;-5;3;-12;10;-13;10;-13;10;-13;10;-13;10;-12;9;-12;8;-12;7;-13;6;-14;7;-14;7;-13;8;-12;9;-11;8;-10;8;-10;7;-11;8;-11;9;-11;10;-10;12;-9;13;-8;14;-7;13;-7;13;-8;13;-8;15;-9;17;-9;19;-116;0;52;-1;52;-1;51;0;50;0;49;1;47;0;45;0;43;-1;42;-2;41;-2;41;-2;40;-1;40;-1;39;-1;38;-1;38;-1;37;-1;37;-1;37;0;36;1;35;3;33;3;31;4;30;5;30;5;29;7;29;9;29;10;10;4;3;1;-2;-1;-2;0;-1;0;2;-2;7;-4;20;-9;20;-8;21;-8;22;-7;24;-7;25;-7;27;-6;29;-6;30;-5;31;-4;32;-3;33;-2;34;-1;35;-1;36;0;37;1;38;1;39;1;40;1;41;0;42;-1;44;-1;46;-1;47;-1;49;0;50;0;51;1;52;1,empty,EXP_S041,ZONE_01,entree_zone,4.7,entree_zone,entree dans la zone
465772590,-48,6,a0:9f:7a:73:2b:3e,384,-110;-96;8;0;-12;-14;-13;-9;-14;-5;-17;0;-19;3;-22;5;-25;7;-27;7;-29;6;-30;5;-30;4;-30;2;-28;0;-25;-1;-22;-2;-18;-2;-14;-1;-10;1;-7;4;-5;8;-4;11;-4;15;-5;18;-7;20;-9;20;-3;5;0;0;0;0;0;0;0;0;0;0;0;0;0;0;0;0;0;0;0;-4;1;-17;3;-18;6;-19;8;-19;9;-19;11;-18;11;-17;11;-15;10;-14;8;-13;5;-12;3;-12;0;-12;-3;-13;-6;-14;-9;-16;-11;-18;-13;-20;-15;-22;-17;-24;-17;-26;-17;-28;-17;-29;-16;-29;-15;-28;-14;-27;-124;0;12;-17;12;-17;12;-16;12;-15;12;-16;12;-16;12;-18;11;-18;10;-18;9;-18;8;-17;9;-17;9;-17;10;-18;10;-19;9;-19;9;-19;8;-18;9;-18;9;-17;10;-16;11;-16;11;-16;10;-17;10;-17;10;-16;11;-15;11;-14;4;-5;1;-2;-1;0;-1;0;-1;0;1;-1;5;-2;14;-5;14;-4;14;-4;14;-4;14;-3;13;-3;13;-2;13;-2;13;-2;13;-2;14;-2;14;-3;13;-4;12;-4;12;-4;11;-4;11;-4;12;-5;12;-6;12;-8;12;-9;11;-10;11;-11;11;-11;12;-11;13;-12;14;-13;15;-14;-124;0;-45;-23;-45;-23;-44;-23;-43;-23;-42;-22;-40;-21;-39;-19;-38;-18;-38;-17;-38;-16;-37;-16;-37;-16;-36;-16;-35;-16;-35;-15;-34;-15;-34;-16;-34;-16;-33;-17;-32;-17;-30;-17;-29;-18;-27;-17;-26;-17;-25;-17;-24;-18;-23;-20;-22;-21;-8;-8;-3;-3;0;0;1;0;0;0;-3;-1;-8;-1;-22;-3;-22;-4;-22;-5;-23;-6;-24;-6;-25;-7;-26;-9;-28;-10;-29;-11;-29;-13;-30;-14;-30;-15;-31;-16;-31;-17;-32;-17;-32;-18;-32;-19;-33;-20;-34;-20;-35;-20;-37;-20;-39;-20;-40;-20;-42;-21;-43;-22;-43;-23;-44;-23;-45;-24,empty,EXP_S041,ZONE_01,entree_zone,4.7,entree_zone,entree dans la zone
465974261,-48,6,a0:9f:7a:73:2b:3e,384,-110;-96;8;0;-18;-3;-15;2;-13;6;-12;11;-12;16;-13;19;-14;22;-16;24;-17;25;-18;24;-19;23;-20;22;-20;19;-19;16;-17;13;-14;10;-10;8;-6;7;-1;7;2;9;6;11;8;13;9;16;9;19;8;21;2;5;0;0;0;0;0;0;0;0;0;0;0;0;0;0;0;0;0;0;-3;-4;-10;-15;-10;-17;-8;-20;-6;-21;-5;-22;-3;-22;-2;-21;-1;-19;-1;-18;-2;-15;-3;-13;-5;-11;-8;-10;-11;-8;-14;-7;-17;-7;-20;-7;-24;-7;-27;-7;-29;-8;-31;-9;-32;-11;-32;-11;-32;-12;-30;-12;-28;-12;-124;0;3;-23;3;-22;4;-21;4;-21;4;-21;4;-22;3;-22;2;-22;1;-22;0;-21;0;-21;0;-20;0;-21;0;-21;0;-22;0;-22;0;-22;-1;-21;0;-20;1;-19;2;-19;2;-20;2;-20;2;-20;2;-20;2;-20;3;-19;4;-18;1;-7;0;-2;-1;0;-1;0;-1;0;0;-2;3;-5;9;-13;10;-13;10;-12;10;-12;10;-11;10;-11;10;-10;11;-10;11;-9;11;-10;11;-10;10;-11;10;-11;9;-11;8;-11;8;-11;8;-11;8;-12;8;-13;8;-15;7;-16;6;-16;5;-16;5;-17;6;-18;6;-19;6;-20;6;-21;-124;0;-52;2;-51;2;-50;2;-48;1;-47;1;-46;1;-44;2;-43;3;-42;3;-41;4;-40;4;-40;4;-40;3;-40;3;-39;3;-38;2;-37;2;-37;1;-37;0;-36;-1;-35;-2;-34;-3;-32;-3;-32;-4;-31;-5;-30;-6;-30;-7;-29;-9;-11;-4;-3;-2;0;0;1;-1;0;-1;-2;1;-7;3;-19;10;-20;10;-21;9;-23;9;-24;8;-26;8;-27;7;-29;7;-31;6;-32;5;-33;5;-33;4;-34;3;-36;3;-37;2;-38;2;-39;1;-39;1;-40;1;-41;2;-42;2;-44;3;-46;3;-47;3;-49;3;-50;3;-50;3;-51;2,empty,EXP_S041,ZONE_01,entree_zone,4.7,entree_zone,entree dans la zone
466175385,-48,6,a0:9f:7a:73:2b:3e,384,-110;-96;8;0;-20;0;-17;4;-14;8;-13;13;-12;17;-12;20;-13;23;-14;25;-16;26;-17;26;-19;25;-20;23;-20;20;-19;16;-17;13;-14;10;-10;8;-5;7;-1;7;3;9;6;11;8;13;9;16;8;19;7;21;1;5;0;0;0;0;0;0;0;0;0;0;0;0;0;0;0;0;0;0;-4;-3;-16;-12;-15;-15;-14;-17;-12;-19;-11;-20;-9;-20;-8;-19;-7;-17;-7;-15;-8;-13;-9;-11;-11;-9;-13;-7;-16;-6;-18;-5;-21;-4;-24;-4;-26;-3;-29;-3;-31;-3;-33;-4;-34;-5;-34;-5;-34;-6;-33;-6;-31;-6;-119;0;3;-10;3;-10;3;-10;2;-10;2;-10;2;-10;2;-10;2;-10;1;-10;1;-10;1;-10;1;-10;0;-10;0;-11;0;-11;0;-11;0;-11;1;-11;1;-11;1;-11;1;-10;1;-10;1;-10;1;-10;1;-10;1;-10;2;-10;2;-10;1;-4;0;-1;-1;0;-1;0;-1;0;0;-1;2;-2;7;-4;7;-3;7;-3;7;-3;7;-2;7;-2;7;-2;7;-2;6;-2;6;-2;6;-2;6;-2;6;-3;5;-3;5;-3;5;-3;5;-3;4;-4;4;-4;4;-5;4;-5;4;-6;4;-6;4;-7;4;-8;4;-8;4;-9;4;-9;-119;0;-27;-3;-27;-3;-26;-3;-26;-3;-25;-2;-24;-2;-23;-2;-23;-1;-22;-1;-22;0;-21;0;-21;0;-20;1;-20;1;-20;0;-20;0;-19;0;-19;-1;-18;-1;-18;-1;-17;-1;-17;-1;-16;-1;-16;-2;-15;-2;-15;-3;-15;-3;-14;-4;-5;-2;-2;-1;0;0;0;-1;0;-1;-2;0;-4;1;-11;3;-12;3;-12;2;-13;2;-14;1;-15;1;-15;1;-16;0;-17;0;-18;-1;-18;-1;-19;-1;-19;-2;-20;-2;-20;-2;-20;-3;-21;-3;-21;-3;-22;-3;-22;-3;-23;-3;-24;-3;-25;-3;-25;-3;-26;-3;-27;-2;-27;-2;-27;-2,empty,EXP_S041,ZONE_01,entree_zone,4.7,entree_zone,entree dans la zone
466372408,-48,6,a0:9f:7a:73:2b:3e,384,-110;-96;8;0;12;-18;8;-18;5;-19;1;-20;-1;-22;-3;-24;-4;-26;-5;-28;-4;-29;-3;-30;-1;-30;0;-29;2;-28;4;-25;4;-22;4;-19;3;-15;0;-12;-3;-10;-6;-9;-10;-9;-12;-10;-14;-12;-15;-15;-15;-17;-4;-5;0;0;0;0;0;0;0;0;0;0;0;0;0;0;0;0;0;0;3;-3;16;-10;18;-9;20;-6;20;-3;20;-1;18;0;17;1;15;1;13;0;11;-2;11;-5;11;-8;11;-10;12;-13;13;-15;15;-16;16;-18;17;-19;19;-20;20;-21;21;-22;21;-22;22;-22;22;-21;21;-21;20;-20;-108;0;10;10;10;9;9;9;9;9;9;10;10;11;11;11;13;10;13;9;13;8;12;7;12;7;12;8;13;9;14;10;15;9;15;9;15;8;14;8;13;9;12;10;12;11;13;11;14;11;14;11;13;11;12;11;11;11;3;4;1;1;-1;-1;0;-2;0;-1;0;1;-1;6;-2;16;-2;16;-3;16;-4;16;-4;15;-5;14;-6;13;-7;13;-7;13;-7;13;-7;13;-6;13;-5;12;-4;11;-4;9;-4;9;-4;9;-4;10;-3;10;-1;11;1;10;2;9;2;9;2;9;2;9;3;11;5;12;6;12;-108;0;28;-47;28;-46;28;-45;28;-43;27;-42;26;-40;25;-39;23;-38;22;-38;20;-38;20;-38;19;-37;20;-36;20;-35;20;-34;20;-33;20;-33;21;-32;21;-31;22;-29;22;-28;22;-26;21;-25;20;-24;21;-23;22;-21;23;-20;24;-18;8;-7;2;-2;-1;0;-1;1;-1;0;-1;-3;0;-8;0;-21;1;-22;2;-22;3;-24;4;-25;6;-26;7;-27;8;-29;10;-30;11;-30;12;-31;13;-32;14;-33;15;-34;16;-34;18;-34;19;-35;20;-35;20;-36;21;-37;22;-38;22;-40;23;-42;24;-43;25;-45;25;-46;25;-47;25;-47,empty,EXP_S041,ZONE_01,entree_zone,4.7,entree_zone,entree dans la zone
466578519,-49,6,a0:9f:7a:73:2b:3e,384,-110;-96;8;0;-17;9;-15;12;-13;16;-12;18;-11;21;-11;24;-11;25;-11;26;-12;27;-13;26;-14;25;-14;24;-14;22;-13;20;-11;17;-9;15;-6;13;-3;12;1;11;4;12;7;13;9;15;10;18;9;20;9;22;2;5;0;0;0;0;0;0;0;0;0;0;0;0;0;0;0;0;0;0;-5;-2;-20;-9;-19;-12;-18;-15;-15;-18;-12;-19;-9;-18;-7;-16;-5;-13;-5;-10;-6;-7;-8;-3;-11;-1;-14;1;-18;2;-21;3;-24;3;-26;2;-28;1;-29;1;-30;0;-31;0;-30;-1;-30;-1;-28;0;-27;0;-25;1;-118;0;-2;-16;-2;-15;-1;-14;0;-14;0;-16;-2;-17;-4;-18;-6;-17;-7;-15;-7;-14;-6;-13;-6;-13;-6;-15;-7;-16;-8;-16;-9;-16;-10;-15;-10;-14;-8;-13;-7;-14;-6;-15;-7;-16;-8;-16;-9;-16;-9;-16;-8;-15;-7;-15;-6;-15;-2;-6;-1;-2;0;0;-1;1;-1;0;1;-3;3;-8;11;-20;12;-20;12;-19;13;-18;13;-17;13;-16;14;-14;15;-13;16;-13;17;-13;16;-13;15;-13;14;-12;13;-11;12;-10;12;-10;12;-10;12;-11;11;-12;9;-13;7;-13;6;-12;5;-11;6;-11;6;-12;6;-14;5;-16;4;-17;-118;0;-41;34;-41;33;-40;32;-40;32;-38;31;-37;30;-35;30;-33;30;-32;30;-31;30;-31;30;-31;30;-31;29;-30;28;-30;28;-30;27;-30;27;-30;26;-31;25;-31;24;-30;22;-30;21;-29;19;-29;19;-29;17;-29;16;-30;14;-31;13;-12;4;-4;1;0;-1;0;-1;0;-1;-1;1;-4;5;-10;15;-10;15;-11;16;-12;17;-13;18;-15;19;-17;19;-19;20;-20;20;-21;20;-22;20;-23;21;-25;22;-27;22;-28;22;-29;22;-30;22;-30;23;-31;24;-31;25;-33;27;-34;28;-36;29;-37;30;-38;31;-39;31;-39;32;-39;33,empty,EXP_S041,ZONE_01,entree_zone,4.7,entree_zone,entree dans la zone
466772490,-48,6,a0:9f:7a:73:2b:3e,384,-110;-96;8;0;17;-9;12;-10;6;-12;0;-15;-4;-18;-8;-22;-10;-26;-11;-29;-11;-31;-10;-33;-9;-34;-6;-34;-4;-32;-1;-29;1;-25;2;-20;1;-15;-1;-10;-4;-5;-8;-1;-13;1;-17;2;-21;2;-24;0;-26;-2;-7;-1;0;0;0;0;0;0;0;0;0;0;0;0;0;0;0;0;0;0;3;2;14;10;14;13;13;15;12;17;11;18;10;18;9;17;8;16;8;14;8;12;8;10;10;7;11;4;13;2;15;-1;17;-3;19;-5;22;-8;25;-10;28;-12;30;-13;32;-13;33;-13;34;-13;33;-12;32;-11;-122;0;7;10;7;10;7;10;7;10;7;10;7;10;7;10;8;10;8;9;8;9;8;9;8;9;8;9;8;9;8;10;9;10;9;10;8;10;8;10;7;10;7;10;7;10;7;10;7;10;6;10;6;10;5;10;4;10;1;3;0;1;-1;-1;0;-1;0;-1;-1;0;-1;3;-2;8;-2;8;-3;8;-3;7;-3;7;-3;7;-3;6;-3;6;-3;6;-3;6;-3;6;-2;6;-2;6;-1;6;-1;6;-1;6;-1;6;0;7;0;7;1;7;2;8;2;8;3;8;3;8;4;8;4;9;5;10;5;10;-122;0;21;-17;21;-17;20;-16;20;-16;20;-15;19;-15;18;-15;17;-14;16;-14;16;-15;15;-14;15;-14;15;-14;15;-14;15;-13;15;-13;15;-13;15;-12;15;-12;15;-11;14;-10;14;-10;13;-9;13;-9;13;-8;13;-7;13;-7;14;-6;5;-2;1;-1;-1;0;-1;0;-1;0;0;-2;1;-4;4;-10;5;-10;5;-10;6;-10;7;-11;8;-11;9;-11;9;-11;10;-12;11;-12;12;-12;12;-12;13;-12;14;-12;14;-12;15;-12;15;-12;16;-13;16;-13;17;-13;17;-14;18;-14;18;-15;19;-16;20;-16;20;-16;20;-17;21;-17,empty,EXP_S041,ZONE_01,entree_zone,4.7,entree_zone,entree dans la zone
466973353,-49,6,a0:9f:7a:73:2b:3e,384,-110;-96;8;0;13;-1;12;-5;12;-9;12;-13;13;-17;14;-19;15;-21;16;-22;16;-22;17;-21;17;-20;16;-18;15;-16;13;-13;11;-11;8;-9;4;-8;1;-8;-3;-9;-6;-10;-8;-12;-10;-14;-11;-16;-10;-18;-9;-19;-3;-5;0;0;0;0;0;0;0;0;0;0;0;0;0;0;0;0;0;0;1;4;6;17;4;18;1;20;-1;21;-3;21;-5;19;-6;17;-6;15;-5;12;-3;10;0;8;4;7;7;6;11;6;14;7;17;8;20;9;22;11;23;12;25;13;25;14;25;15;24;14;23;14;22;12;20;11;-115;0;-10;15;-10;14;-11;14;-11;14;-11;14;-10;15;-9;16;-8;16;-6;16;-6;15;-5;15;-6;15;-6;15;-6;16;-6;16;-5;17;-5;16;-4;16;-5;15;-5;15;-6;15;-6;15;-5;15;-5;15;-5;15;-5;14;-6;14;-7;13;-3;4;-1;1;0;-1;0;-1;0;-1;-2;1;-6;3;-16;9;-17;8;-18;8;-18;7;-18;6;-18;5;-18;4;-18;3;-18;3;-18;3;-18;3;-18;4;-17;4;-16;4;-16;3;-16;3;-16;3;-16;4;-15;5;-15;7;-14;8;-13;8;-13;8;-13;9;-13;9;-13;10;-14;12;-14;13;-115;0;46;-1;45;-1;44;-1;43;-1;41;-2;40;-2;38;-3;37;-4;36;-4;35;-5;34;-5;34;-5;33;-6;33;-6;32;-6;31;-6;31;-6;31;-6;31;-5;30;-4;29;-3;28;-3;27;-3;26;-3;26;-2;26;-1;26;1;25;2;9;0;2;0;-1;0;-2;0;-1;0;1;-1;6;-2;19;-5;19;-5;20;-5;21;-4;22;-4;23;-3;25;-3;26;-2;27;-1;28;-1;29;0;30;0;31;1;32;1;33;2;34;2;34;2;35;2;35;2;36;1;38;1;39;1;41;0;42;0;43;0;44;0;45;0;45;0,empty,EXP_S041,ZONE_01,entree_zone,4.7,entree_zone,entree dans la zone
467182076,-50,6,a0:9f:7a:73:2b:3e,384,-110;-96;8;0;16;8;18;4;21;1;23;-1;25;-4;28;-5;29;-5;30;-5;31;-5;30;-4;29;-3;27;-2;25;-1;22;-1;18;-1;15;-2;11;-4;8;-7;6;-10;5;-14;5;-17;6;-19;8;-21;10;-22;12;-22;3;-6;0;0;0;0;0;0;0;0;0;0;0;0;0;0;0;0;0;0;-1;5;-4;22;-7;23;-12;22;-15;21;-17;18;-17;15;-16;12;-13;9;-10;7;-6;7;-1;7;3;9;6;12;9;15;11;18;12;21;13;24;13;26;13;28;13;29;13;29;12;29;12;27;12;26;12;23;13;21;-119;0;-16;6;-16;5;-16;5;-16;4;-16;5;-17;7;-16;9;-15;10;-14;10;-13;10;-12;10;-13;10;-14;10;-15;11;-15;13;-14;13;-13;13;-12;13;-13;12;-13;11;-14;11;-14;11;-14;11;-14;12;-13;12;-13;11;-13;10;-14;8;-5;3;-2;0;0;-1;1;0;0;0;-3;-1;-9;-2;-25;-4;-25;-5;-25;-6;-24;-6;-23;-7;-22;-8;-21;-10;-21;-11;-21;-12;-21;-12;-21;-12;-20;-11;-19;-10;-18;-10;-17;-10;-16;-10;-16;-10;-17;-9;-17;-8;-17;-6;-17;-4;-16;-3;-15;-3;-15;-3;-16;-3;-17;-2;-19;0;-19;1;-119;0;50;21;49;21;49;21;47;20;46;19;45;18;44;16;43;15;42;14;41;14;41;14;40;13;39;13;39;12;38;11;38;11;38;11;37;12;37;13;35;13;33;14;31;14;30;14;29;14;28;14;27;15;26;17;25;18;9;6;2;2;-1;-1;-2;-1;-1;-1;2;0;7;1;21;5;21;6;22;7;23;8;24;8;25;9;26;11;27;12;28;13;28;14;29;14;30;15;30;16;32;18;32;19;33;19;34;20;34;19;36;19;37;19;40;19;42;19;43;20;44;21;45;21;46;22;48;22;49;23,empty,EXP_S041,ZONE_01,entree_zone,4.7,entree_zone,entree dans la zone
467374587,-50,6,a0:9f:7a:73:2b:3e,384,-110;-96;8;0;-14;10;-9;11;-4;14;0;17;2;20;4;23;5;26;4;29;4;30;3;30;1;30;-1;29;-3;27;-5;23;-5;19;-4;14;-1;10;2;7;6;5;10;4;13;4;17;4;19;6;20;9;21;11;5;3;0;0;0;0;0;0;0;0;0;0;0;0;0;0;0;0;0;0;-5;-2;-18;-7;-18;-9;-18;-12;-17;-13;-15;-14;-14;-14;-12;-14;-11;-12;-11;-10;-11;-8;-11;-5;-12;-3;-14;-1;-15;2;-17;4;-18;6;-20;8;-22;9;-24;11;-26;12;-28;12;-29;13;-30;13;-29;12;-28;12;-27;11;-117;0;-8;-21;-8;-21;-8;-21;-8;-21;-8;-21;-9;-21;-9;-20;-9;-20;-9;-20;-10;-20;-10;-20;-10;-20;-10;-20;-10;-20;-10;-21;-10;-21;-10;-20;-9;-20;-9;-20;-9;-20;-8;-20;-8;-20;-7;-20;-7;-20;-7;-20;-6;-20;-5;-20;-4;-20;-1;-7;-1;-3;0;0;-1;0;-1;0;0;-2;2;-6;6;-16;7;-15;8;-15;8;-14;8;-13;8;-12;8;-12;8;-11;8;-11;8;-11;7;-11;6;-11;6;-11;5;-11;4;-11;4;-11;3;-11;2;-11;1;-12;0;-13;-1;-13;-1;-14;-2;-15;-3;-16;-3;-17;-4;-18;-5;-19;-6;-20;-117;0;-41;30;-41;30;-40;29;-38;29;-37;28;-36;28;-34;28;-33;27;-32;27;-31;26;-31;26;-30;26;-30;25;-29;25;-29;25;-29;24;-29;23;-29;22;-29;21;-29;20;-28;19;-27;18;-27;17;-27;16;-27;14;-27;13;-28;11;-28;10;-10;3;-4;0;0;-1;0;-2;0;-1;-2;1;-5;6;-12;17;-13;17;-14;17;-16;18;-17;18;-18;19;-19;19;-21;20;-22;20;-23;20;-25;21;-26;20;-27;20;-28;20;-29;21;-30;21;-31;21;-31;22;-32;22;-32;23;-33;25;-35;26;-35;27;-36;28;-38;29;-39;29;-39;30;-40;31,empty,EXP_S041,ZONE_01,entree_zone,4.7,entree_zone,entree dans la zone
467574905,-50,6,a0:9f:7a:73:2b:3e,384,-110;-96;8;0;17;5;16;-1;15;-6;15;-12;17;-17;19;-20;21;-23;24;-24;26;-23;28;-22;28;-20;28;-17;26;-13;24;-10;20;-8;15;-6;10;-6;4;-8;0;-10;-3;-14;-5;-18;-5;-21;-4;-25;-1;-27;1;-28;0;-8;0;0;0;0;0;0;0;0;0;0;0;0;0;0;0;0;0;0;1;4;5;18;4;20;2;21;0;21;-1;20;-2;19;-2;17;-1;16;0;15;2;14;4;13;6;12;9;12;11;12;14;11;16;11;19;11;22;12;24;12;27;13;29;14;30;15;30;16;30;17;29;16;27;15;-123;0;-9;21;-9;20;-10;19;-11;19;-12;19;-12;21;-12;21;-11;22;-10;22;-9;21;-9;20;-10;20;-11;21;-11;22;-11;23;-11;23;-11;23;-11;22;-12;20;-13;19;-14;19;-14;19;-14;19;-14;19;-14;18;-14;17;-14;15;-15;14;-6;4;-2;1;0;-1;0;-1;0;-1;-2;0;-6;1;-17;3;-17;2;-17;2;-16;1;-15;1;-14;0;-13;-1;-13;-2;-13;-2;-13;-1;-13;0;-12;1;-11;2;-10;2;-9;2;-9;2;-9;3;-10;4;-10;6;-10;8;-9;10;-9;11;-9;11;-9;12;-10;13;-11;14;-11;16;-12;17;-123;0;55;6;55;6;54;6;53;6;51;6;50;6;48;5;47;4;45;4;45;3;44;3;44;3;43;3;42;3;41;3;41;3;41;4;41;5;40;6;39;7;38;8;36;9;34;9;33;9;32;10;31;12;30;13;29;15;10;5;2;2;-2;-1;-2;0;-1;0;2;-1;8;-3;22;-6;23;-6;23;-5;25;-4;26;-3;28;-2;29;-1;31;0;32;0;33;1;34;2;35;2;36;3;37;4;38;5;39;5;40;6;41;6;42;6;43;6;45;6;47;6;48;6;50;6;52;6;53;6;54;6;54;6,empty,EXP_S041,ZONE_01,entree_zone,4.7,entree_zone,entree dans la zone
467772499,-49,6,a0:9f:7a:73:2b:3e,384,-110;-96;8;0;-1;-22;-5;-18;-9;-15;-13;-13;-18;-12;-22;-12;-26;-13;-28;-15;-29;-17;-29;-19;-28;-20;-25;-22;-22;-22;-18;-21;-14;-19;-11;-15;-9;-11;-9;-6;-9;-2;-11;2;-14;5;-17;7;-21;7;-24;5;-26;4;-7;0;0;0;0;0;0;0;0;0;0;0;0;0;0;0;0;0;0;0;2;-4;11;-16;13;-16;15;-15;16;-14;16;-13;16;-12;15;-11;14;-11;13;-11;12;-12;10;-13;9;-14;8;-15;6;-17;5;-18;3;-20;2;-22;1;-25;-1;-27;-1;-30;-2;-32;-1;-34;-1;-36;0;-36;1;-36;2;-35;-112;0;10;-2;10;-2;10;-2;10;-1;10;-1;10;-1;11;-2;11;-2;10;-2;10;-3;10;-3;10;-2;10;-2;11;-2;11;-2;11;-2;11;-2;11;-2;10;-1;10;-1;10;-1;10;0;10;0;10;0;10;0;10;0;9;1;9;2;3;0;1;0;-1;-1;-1;-1;-1;-1;0;0;1;2;3;5;3;6;2;5;2;5;2;5;2;5;1;4;1;4;1;4;1;4;1;4;2;3;2;3;2;2;2;2;2;1;3;1;3;1;4;1;4;1;5;0;6;0;6;0;6;-1;7;-1;8;-1;8;-1;9;-1;-112;0;-5;-28;-5;-28;-5;-28;-5;-27;-5;-26;-5;-25;-5;-24;-5;-23;-6;-23;-6;-22;-6;-22;-6;-21;-6;-21;-6;-21;-6;-21;-6;-20;-5;-20;-5;-20;-4;-20;-4;-20;-3;-19;-3;-18;-2;-18;-2;-17;-1;-17;-1;-17;0;-17;1;-16;0;-6;0;-2;-1;0;0;0;0;0;-1;-2;-3;-4;-6;-11;-6;-12;-6;-13;-5;-13;-5;-14;-5;-15;-5;-15;-5;-16;-4;-17;-4;-18;-4;-19;-4;-19;-3;-20;-3;-20;-3;-21;-3;-21;-3;-21;-3;-22;-3;-22;-3;-23;-3;-24;-4;-24;-4;-25;-5;-26;-5;-27;-5;-27;-6;-28;-6;-28,empty,EXP_S041,ZONE_01,entree_zone,4.7,entree_zone,entree dans la zone
467976978,-49,6,a0:9f:7a:73:2b:3e,384,-110;-96;8;0;-19;-7;-17;-3;-15;1;-15;6;-15;10;-17;14;-19;17;-21;18;-23;19;-24;18;-26;17;-26;15;-26;12;-24;9;-21;6;-18;5;-13;4;-9;4;-5;6;-1;8;1;11;2;15;1;18;0;20;-2;22;-1;5;0;0;0;0;0;0;0;0;0;0;0;0;0;0;0;0;0;0;-3;-4;-9;-16;-8;-17;-6;-19;-4;-20;-3;-20;-1;-20;-1;-19;-1;-17;-1;-16;-3;-14;-5;-13;-7;-12;-9;-11;-11;-11;-14;-10;-16;-11;-18;-11;-21;-11;-23;-11;-25;-11;-27;-12;-28;-13;-29;-14;-29;-14;-28;-15;-27;-15;-108;0;0;-20;1;-20;1;-19;1;-19;2;-20;2;-20;1;-21;1;-21;0;-21;-1;-20;-1;-20;0;-20;0;-20;1;-21;0;-22;0;-22;0;-22;0;-22;1;-21;2;-21;3;-20;3;-20;3;-20;3;-20;4;-20;4;-19;5;-19;6;-18;2;-7;0;-2;-1;0;-1;0;-1;0;1;-2;4;-4;12;-10;12;-10;13;-9;12;-8;12;-7;12;-7;12;-6;11;-5;11;-5;11;-5;11;-5;10;-6;9;-6;8;-6;7;-6;7;-6;6;-6;6;-7;6;-8;5;-10;5;-11;4;-12;3;-12;3;-12;3;-13;4;-15;4;-16;4;-18;-108;0;-51;-1;-51;-1;-50;-1;-49;-2;-48;-2;-46;-1;-44;0;-43;0;-42;0;-41;1;-41;1;-40;1;-39;0;-39;0;-38;0;-38;-1;-37;-1;-37;-2;-36;-3;-35;-4;-34;-5;-32;-6;-31;-6;-30;-7;-29;-8;-28;-9;-28;-10;-27;-12;-10;-5;-3;-2;0;0;1;-1;0;-1;-2;1;-7;3;-20;8;-21;7;-22;7;-23;6;-24;6;-26;6;-28;5;-29;5;-30;4;-31;3;-32;3;-33;2;-34;1;-35;1;-36;0;-37;0;-38;-1;-38;-1;-39;-1;-41;-1;-42;0;-44;1;-45;1;-47;1;-48;0;-50;0;-51;0;-51;0,empty,EXP_S041,ZONE_01,entree_zone,4.7,entree_zone,entree dans la zone
468172310,-50,6,a0:9f:7a:73:2b:3e,384,-110;-96;8;0;18;6;16;2;15;-4;16;-9;17;-14;18;-17;21;-20;23;-21;25;-21;27;-20;28;-19;28;-16;27;-13;25;-10;22;-8;17;-6;12;-6;7;-7;3;-9;-1;-12;-3;-15;-4;-18;-3;-21;-1;-24;1;-26;0;-7;0;0;0;0;0;0;0;0;0;0;0;0;0;0;0;0;0;0;1;4;7;18;5;20;2;21;0;22;-2;22;-4;21;-4;19;-4;17;-3;15;-1;13;2;12;4;11;7;11;11;11;14;11;16;12;19;12;21;13;24;14;26;14;28;15;29;16;29;17;28;18;27;18;26;17;-118;0;-13;17;-13;16;-13;16;-14;16;-14;16;-15;17;-14;18;-13;19;-12;19;-12;19;-11;18;-11;18;-12;18;-13;19;-13;19;-13;19;-13;19;-13;19;-13;18;-14;17;-14;16;-15;16;-15;16;-15;16;-15;16;-15;15;-16;14;-16;13;-6;4;-2;1;0;-1;1;-1;0;-1;-2;0;-7;1;-18;4;-19;3;-19;2;-18;1;-18;0;-17;0;-17;-1;-17;-2;-17;-2;-16;-2;-16;-2;-16;-1;-15;-1;-14;0;-13;0;-13;0;-13;1;-13;2;-13;3;-13;5;-13;6;-12;7;-12;8;-12;9;-13;10;-13;11;-14;12;-15;13;-118;0;50;22;50;22;49;22;47;21;46;21;45;20;43;19;43;18;42;17;42;16;41;16;40;16;39;16;38;16;38;16;37;16;36;17;35;17;34;18;33;19;31;19;30;19;28;19;27;19;26;20;24;21;22;22;21;23;7;8;1;2;-1;-1;-2;0;-1;-1;2;-1;8;-1;22;-1;23;0;23;2;24;3;25;4;26;5;27;6;29;7;30;8;31;9;32;10;32;11;33;12;34;13;35;14;35;15;36;16;37;16;38;17;39;17;41;17;42;18;44;18;45;19;47;19;49;20;50;20;51;21,transition,EXP_S041,ZONE_01,entree_zone,4.7,entree_zone,entree dans la zone
468373184,-49,6,a0:9f:7a:73:2b:3e,384,-110;-96;8;0;16;-3;13;-6;10;-10;8;-14;7;-19;7;-23;8;-26;9;-28;10;-29;12;-29;13;-28;14;-26;15;-23;15;-19;13;-16;10;-13;7;-10;2;-8;-2;-8;-6;-9;-10;-10;-12;-13;-13;-15;-13;-18;-12;-20;-3;-6;0;0;0;0;0;0;0;0;0;0;0;0;0;0;0;0;0;0;3;2;12;12;11;14;9;17;8;18;6;19;4;18;3;17;3;15;3;13;4;11;5;9;7;7;10;5;12;4;15;3;17;2;20;2;22;2;25;1;27;1;29;1;30;2;30;2;30;3;29;3;28;3;-125;0;0;20;0;19;0;19;-1;19;-1;19;-1;20;0;21;1;21;2;20;2;20;2;19;2;19;2;20;1;21;2;21;2;21;2;21;2;20;1;19;0;19;-1;19;-1;19;-2;20;-1;20;-2;19;-2;19;-3;18;-4;18;-2;6;-1;1;0;-1;0;-1;0;-1;-2;1;-4;4;-11;12;-11;12;-12;11;-12;11;-12;10;-12;9;-12;8;-12;8;-13;7;-13;7;-13;7;-12;8;-11;8;-10;8;-9;8;-9;8;-9;8;-8;8;-8;10;-7;11;-5;12;-4;12;-4;12;-3;13;-3;14;-3;15;-3;17;-3;18;-125;0;47;-14;47;-14;46;-14;45;-13;44;-12;42;-12;41;-12;40;-12;39;-12;38;-13;37;-13;37;-13;36;-12;36;-12;35;-12;35;-11;35;-10;35;-9;34;-8;34;-7;33;-5;32;-4;30;-4;30;-3;29;-2;29;-1;28;1;28;2;10;1;3;0;-1;0;-1;0;-1;0;1;-2;5;-5;15;-13;16;-13;17;-12;18;-12;20;-12;21;-12;23;-12;24;-11;26;-11;27;-11;28;-11;29;-10;30;-10;31;-10;32;-10;34;-10;34;-10;35;-10;36;-10;37;-10;38;-11;39;-12;41;-12;42;-13;44;-13;45;-14;46;-14;47;-14,transition,EXP_S041,ZONE_01,entree_zone,4.7,entree_zone,entree dans la zone
468572362,-50,6,a0:9f:7a:73:2b:3e,384,-110;-96;8;0;-21;5;-19;8;-17;11;-16;14;-16;17;-17;20;-17;22;-18;23;-19;23;-20;22;-21;21;-21;19;-21;17;-19;15;-17;12;-13;10;-10;9;-6;9;-2;11;1;13;2;15;3;18;3;21;1;23;-1;25;-1;6;0;0;0;0;0;0;0;0;0;0;0;0;0;0;0;0;0;0;-5;-3;-20;-12;-19;-15;-17;-18;-15;-20;-12;-21;-9;-20;-7;-18;-6;-15;-6;-11;-7;-8;-10;-5;-13;-4;-17;-3;-20;-2;-23;-2;-25;-3;-27;-4;-28;-5;-29;-5;-30;-6;-31;-6;-30;-6;-30;-5;-29;-5;-28;-3;-27;-3;-109;0;3;-14;4;-13;4;-13;4;-13;5;-14;4;-15;3;-16;2;-17;0;-17;0;-16;0;-16;0;-16;1;-17;1;-18;0;-19;0;-19;-1;-19;-1;-18;0;-18;1;-17;2;-18;2;-18;2;-19;2;-19;2;-19;3;-18;4;-17;5;-17;2;-6;0;-2;-1;0;-2;0;-1;0;1;-2;6;-5;17;-13;18;-12;18;-11;19;-10;19;-9;18;-7;18;-6;19;-5;19;-4;19;-4;19;-4;18;-4;17;-4;15;-3;14;-2;14;-2;14;-2;13;-3;13;-4;12;-5;10;-6;9;-6;8;-6;8;-6;8;-7;9;-9;9;-10;8;-11;-109;0;-54;12;-53;11;-52;10;-51;10;-49;10;-47;10;-46;11;-44;11;-43;12;-43;12;-42;12;-41;12;-41;11;-40;11;-40;11;-40;10;-40;10;-40;9;-39;8;-39;6;-38;5;-36;4;-35;3;-35;2;-34;1;-34;-1;-33;-3;-33;-5;-12;-2;-4;-1;1;-1;1;-1;0;-1;-3;1;-7;4;-20;13;-20;13;-21;13;-23;13;-24;12;-26;12;-28;12;-30;11;-31;11;-32;10;-33;10;-35;10;-36;9;-37;9;-38;8;-39;8;-40;8;-41;8;-41;8;-43;9;-44;10;-46;10;-48;11;-49;11;-50;11;-51;11;-52;11;-53;12,transition,EXP_S041,ZONE_01,entree_zone,4.7,entree_zone,entree dans la zone
468776887,-49,6,a0:9f:7a:73:2b:3e,384,-110;-96;8;0;17;8;16;4;16;0;17;-4;18;-7;20;-10;22;-12;24;-13;25;-13;26;-12;27;-11;27;-8;25;-6;23;-4;20;-2;16;-1;12;-2;8;-4;5;-6;2;-10;1;-13;2;-16;3;-19;6;-21;8;-22;2;-6;0;0;0;0;0;0;0;0;0;0;0;0;0;0;0;0;0;0;2;4;7;17;5;19;3;21;0;21;-2;21;-3;20;-3;18;-3;16;-2;14;0;12;2;12;5;11;8;11;10;12;13;12;15;13;17;14;18;15;20;15;22;16;23;17;24;18;24;18;23;18;23;18;22;17;-120;0;-6;15;-6;15;-6;14;-6;14;-7;15;-7;16;-6;17;-5;17;-4;17;-3;17;-3;17;-4;17;-5;17;-5;18;-5;19;-5;19;-4;19;-4;19;-5;18;-6;18;-7;17;-7;18;-7;18;-7;18;-7;17;-8;17;-8;16;-9;15;-4;5;-2;1;0;-1;1;-1;0;-1;-2;0;-7;1;-17;4;-18;4;-18;3;-17;2;-17;1;-16;1;-15;0;-15;-1;-15;-2;-15;-2;-15;-2;-14;-1;-13;0;-12;0;-11;0;-10;0;-10;1;-11;1;-10;3;-10;4;-9;6;-8;7;-7;7;-7;7;-8;8;-8;9;-9;11;-9;12;-120;0;50;8;49;8;48;7;47;7;45;7;44;7;42;6;41;5;40;5;40;4;39;4;38;3;37;3;37;2;36;2;36;2;35;2;35;3;34;4;33;5;32;6;30;6;29;6;28;6;27;7;26;8;25;9;25;10;8;4;2;1;-1;-1;-2;0;-1;-1;2;-1;8;-1;23;-2;23;-2;24;-1;25;0;26;1;27;1;28;2;29;3;31;4;31;5;32;6;33;6;34;7;35;8;35;8;36;9;37;9;38;9;39;9;40;9;41;9;43;9;44;9;46;9;47;9;48;9;49;8;50;8,transition,EXP_S041,ZONE_01,entree_zone,4.7,entree_zone,entree dans la zone
468972078,-48,6,a0:9f:7a:73:2b:3e,384,-110;-96;8;0;4;-17;-1;-17;-5;-17;-10;-17;-13;-19;-16;-20;-19;-22;-20;-24;-20;-26;-19;-26;-17;-27;-15;-26;-13;-25;-11;-22;-9;-19;-8;-15;-7;-11;-8;-7;-10;-3;-13;0;-16;2;-19;3;-21;2;-24;1;-25;-1;-7;-1;0;0;0;0;0;0;0;0;0;0;0;0;0;0;0;0;0;0;4;-2;18;-6;20;-4;22;-1;22;2;21;5;20;6;17;7;15;6;12;5;10;2;9;-1;8;-5;9;-8;9;-12;10;-15;12;-17;13;-20;15;-22;16;-23;17;-25;18;-25;19;-26;19;-26;18;-25;17;-23;15;-22;-113;0;13;13;12;12;12;12;12;13;13;13;14;13;15;13;16;12;16;11;16;10;16;9;16;9;16;9;17;10;17;10;17;10;17;10;17;9;16;10;15;10;15;10;14;10;15;10;15;10;15;10;14;11;13;11;13;12;4;4;1;1;-1;-1;-1;-2;-1;-1;0;2;1;7;4;19;2;19;1;20;0;20;-1;19;-1;19;-2;19;-3;19;-4;18;-4;18;-4;18;-4;17;-3;16;-3;16;-3;15;-2;15;-2;14;-1;14;0;14;1;14;3;13;4;13;4;12;5;12;6;13;7;13;9;14;9;14;-113;0;17;-50;17;-49;16;-48;16;-47;15;-46;14;-45;13;-44;12;-43;11;-42;10;-41;10;-40;10;-40;9;-40;9;-40;9;-39;9;-39;9;-39;10;-38;10;-37;11;-36;11;-35;12;-33;12;-32;12;-31;13;-30;14;-29;15;-28;17;-27;6;-10;2;-3;-1;0;-1;1;-1;0;0;-3;0;-8;2;-21;3;-21;3;-22;4;-23;5;-24;6;-25;7;-26;8;-27;9;-29;10;-29;11;-30;12;-31;13;-31;14;-32;15;-33;15;-34;15;-35;15;-35;15;-36;15;-38;15;-40;15;-41;15;-43;16;-44;16;-46;17;-47;17;-48;17;-50,transition,EXP_S041,ZONE_01,entree_zone,4.7,entree_zone,entree dans la zone
469172351,-48,6,a0:9f:7a:73:2b:3e,384,-110;-96;8;0;5;16;9;19;12;22;15;24;17;25;18;25;18;25;18;24;17;22;16;19;15;17;14;14;13;10;11;7;10;2;8;-2;8;-6;7;-10;7;-13;7;-16;7;-18;7;-20;8;-21;8;-21;9;-21;2;-6;0;0;0;0;0;0;0;0;0;0;0;0;0;0;0;0;0;0;0;-6;3;-25;7;-25;11;-25;14;-23;15;-20;16;-17;15;-13;12;-8;8;-5;3;-1;-3;1;-9;2;-15;3;-21;2;-26;1;-30;-1;-32;-2;-34;-3;-35;-4;-34;-4;-32;-4;-29;-4;-25;-2;-21;-1;-16;2;-12;4;123;0;9;-11;8;-11;8;-10;7;-10;6;-10;6;-9;5;-9;5;-9;4;-9;4;-9;3;-9;3;-9;3;-9;2;-9;2;-9;2;-9;2;-9;1;-9;1;-9;1;-9;1;-9;1;-8;1;-8;1;-8;1;-8;1;-8;1;-8;1;-8;0;-3;0;-1;-1;0;-1;0;-1;0;0;-2;2;-5;7;-14;8;-13;9;-13;9;-12;10;-12;11;-12;11;-11;12;-11;12;-11;12;-10;13;-10;13;-9;13;-9;13;-9;12;-8;12;-8;12;-8;12;-8;12;-8;12;-8;12;-8;11;-9;11;-9;11;-9;11;-10;10;-10;10;-10;10;-10;123;0;-17;16;-17;16;-16;16;-16;16;-15;16;-15;15;-14;15;-14;15;-13;15;-12;15;-12;14;-12;14;-12;14;-12;14;-11;14;-11;13;-11;13;-11;13;-11;12;-11;12;-11;11;-11;11;-11;10;-11;10;-11;9;-11;8;-11;8;-11;7;-4;2;-2;0;0;-1;0;-1;0;-1;-1;0;-2;2;-5;7;-5;7;-6;7;-7;7;-7;8;-8;8;-8;8;-9;9;-9;9;-10;10;-11;10;-11;10;-12;10;-12;10;-12;10;-13;10;-13;11;-13;11;-14;12;-14;12;-14;12;-15;13;-15;14;-15;14;-16;15;-16;16;-16;16;-16;16,transition,EXP_S041,ZONE_01,entree_zone,4.7,entree_zone,entree dans la zone
469380507,-46,6,a0:9f:7a:73:2b:3e,384,-110;-96;8;0;9;-1;5;-7;1;-12;-3;-18;-6;-23;-8;-27;-10;-30;-11;-32;-11;-33;-12;-33;-11;-33;-10;-31;-8;-28;-7;-25;-5;-20;-4;-15;-4;-9;-4;-3;-5;3;-7;8;-9;12;-11;15;-13;18;-16;19;-18;19;-5;4;0;0;0;0;0;0;0;0;0;0;0;0;0;0;0;0;0;0;-4;2;-15;11;-18;11;-21;10;-24;9;-25;7;-26;5;-25;3;-23;1;-20;0;-16;0;-11;0;-6;1;0;3;5;5;10;7;14;10;18;12;22;14;26;16;28;18;30;19;30;19;30;19;29;18;27;16;24;13;123;0;-8;14;-7;14;-7;14;-7;14;-6;14;-6;13;-5;13;-5;13;-4;13;-4;13;-4;13;-3;13;-3;13;-3;13;-3;13;-3;13;-3;13;-3;13;-3;13;-4;13;-4;12;-4;12;-4;12;-4;12;-4;12;-5;11;-5;11;-6;11;-2;4;-1;1;0;-1;0;-1;0;-1;-1;1;-3;4;-7;11;-8;10;-8;10;-9;10;-9;9;-10;9;-10;9;-10;9;-10;9;-11;8;-11;8;-11;8;-11;8;-11;8;-10;8;-10;8;-10;8;-10;9;-10;9;-9;9;-9;10;-9;10;-9;11;-9;11;-9;12;-9;12;-9;13;-8;13;123;0;23;-2;23;-2;23;-2;23;-3;22;-3;21;-3;21;-3;20;-3;20;-3;19;-3;19;-3;18;-3;18;-4;18;-4;18;-3;18;-3;18;-3;18;-2;17;-2;17;-1;16;-1;16;0;15;0;15;0;14;1;13;1;13;2;13;3;4;1;1;0;-1;-1;-1;0;-1;0;0;-1;3;-2;8;-3;9;-3;9;-3;10;-2;10;-2;11;-2;11;-2;12;-2;13;-2;13;-1;14;-1;14;-1;15;-1;15;-1;16;-1;16;-1;16;-1;17;-1;17;-1;18;-1;19;-1;20;-2;20;-2;21;-2;22;-2;22;-2;23;-3;23;-3,transition,EXP_S041,ZONE_01,entree_zone,4.7,entree_zone,entree dans la zone
469572358,-49,6,a0:9f:7a:73:2b:3e,384,-110;-96;8;0;6;10;5;3;4;-3;3;-10;2;-15;2;-20;1;-25;1;-28;1;-30;1;-31;1;-31;1;-30;2;-28;2;-25;2;-21;2;-17;2;-12;0;-6;-1;-1;-4;4;-6;8;-9;12;-11;14;-14;16;-16;17;-4;4;0;0;0;0;0;0;0;0;0;0;0;0;0;0;0;0;0;0;-4;-2;-16;-6;-17;-8;-18;-12;-19;-14;-19;-16;-18;-18;-16;-18;-15;-18;-12;-16;-10;-14;-8;-10;-6;-6;-4;-2;-2;3;0;8;1;13;2;17;4;21;5;25;7;28;8;31;9;32;9;32;9;32;9;29;9;27;98;0;-10;12;-10;11;-10;11;-9;11;-9;11;-9;11;-8;12;-8;12;-7;12;-7;12;-7;12;-7;12;-7;12;-7;12;-7;12;-7;12;-7;12;-7;12;-7;11;-7;11;-7;11;-7;11;-8;10;-8;10;-8;10;-8;9;-9;9;-9;9;-4;3;-2;0;0;-1;0;-1;0;-1;-1;1;-4;3;-9;8;-10;8;-10;7;-11;7;-11;6;-11;6;-11;6;-12;6;-12;6;-12;5;-12;5;-12;5;-12;5;-12;5;-12;5;-12;5;-11;5;-11;6;-11;6;-11;6;-11;7;-11;8;-11;8;-11;8;-11;9;-11;9;-11;10;-11;10;98;0;18;9;17;9;17;9;17;9;16;8;16;8;15;7;15;7;15;6;15;6;14;6;14;6;14;6;14;6;14;6;13;6;13;6;13;6;13;6;12;6;12;7;11;7;10;7;10;7;9;7;9;7;8;8;8;8;2;3;0;0;-1;-1;-1;-1;-1;-1;0;-1;2;0;8;0;8;0;8;1;8;1;9;1;10;2;10;2;11;3;11;3;11;4;12;4;12;5;12;5;12;6;12;6;13;7;13;7;13;7;14;7;14;7;15;7;15;8;16;8;16;8;17;8;17;9;18;9;18;9,transition,EXP_S041,ZONE_01,entree_zone,4.7,entree_zone,entree dans la zone
469773986,-50,6,a0:9f:7a:73:2b:3e,384,-110;-96;8;0;-13;5;-6;1;2;-4;8;-8;14;-13;18;-17;22;-21;25;-24;27;-26;28;-27;27;-28;26;-27;25;-25;22;-23;19;-19;15;-14;11;-9;7;-4;2;1;-3;6;-8;11;-12;14;-16;17;-19;19;-21;20;-6;5;0;0;0;0;0;0;0;0;0;0;0;0;0;0;0;0;0;0;3;-2;14;-7;16;-6;17;-6;18;-5;19;-5;19;-4;18;-4;17;-4;15;-3;13;-3;9;-2;5;-1;1;-1;-4;0;-9;1;-14;2;-18;4;-23;6;-27;9;-31;11;-33;13;-35;15;-36;16;-35;16;-33;16;-30;15;87;0;-23;-1;-23;-1;-22;-2;-22;-2;-22;-2;-22;-2;-22;-2;-22;-1;-21;0;-21;0;-20;0;-20;0;-20;0;-20;0;-21;-1;-21;0;-21;0;-20;-1;-20;-1;-19;-2;-19;-3;-19;-3;-19;-3;-19;-3;-18;-3;-18;-4;-17;-5;-17;-5;-6;-2;-2;-1;0;0;0;0;0;0;-2;-1;-4;-2;-10;-4;-10;-4;-10;-4;-10;-4;-10;-4;-10;-4;-10;-5;-11;-5;-11;-5;-11;-6;-12;-6;-12;-5;-13;-5;-13;-5;-13;-5;-13;-5;-13;-5;-14;-5;-15;-5;-16;-4;-17;-4;-17;-3;-18;-3;-18;-3;-19;-3;-20;-3;-21;-3;-22;-3;87;0;3;20;3;20;2;21;1;20;1;20;1;19;1;18;1;18;2;17;2;18;2;18;1;18;1;17;0;17;0;17;0;17;0;17;0;17;-1;17;-2;17;-3;16;-4;15;-4;14;-4;14;-4;14;-4;13;-5;13;-6;13;-3;4;-1;1;0;-1;-1;-1;-1;-1;0;0;1;0;5;2;5;2;5;2;5;3;6;4;6;5;6;6;6;7;5;8;5;9;5;9;5;10;5;10;4;11;4;12;4;13;3;13;3;14;3;14;3;14;3;15;4;16;4;17;4;18;3;19;3;19;3;20;3;20,transition,EXP_S041,ZONE_01,entree_zone,4.7,entree_zone,entree dans la zone
469975168,-48,6,a0:9f:7a:73:2b:3e,384,-110;-96;8;0;-9;-1;-3;3;3;7;8;11;12;14;16;17;19;19;22;19;24;19;25;19;25;18;24;17;22;16;20;13;17;11;13;8;9;4;6;1;2;-3;-2;-7;-5;-11;-7;-14;-9;-17;-10;-19;-11;-21;-3;-6;0;0;0;0;0;0;0;0;0;0;0;0;0;0;0;0;0;0;3;-2;16;-8;18;-6;21;-4;23;-1;24;1;24;3;22;5;20;7;17;7;13;6;9;5;4;3;-1;1;-6;-2;-11;-5;-15;-8;-19;-11;-23;-13;-27;-16;-29;-18;-31;-19;-31;-19;-31;-18;-31;-17;-28;-15;-26;-13;95;0;5;-35;5;-34;5;-33;5;-32;4;-31;3;-31;2;-31;1;-30;-1;-29;-2;-28;-2;-27;-2;-27;-2;-27;-2;-27;-3;-27;-4;-27;-4;-26;-4;-26;-4;-25;-3;-24;-2;-24;-2;-25;-3;-25;-3;-24;-3;-24;-2;-24;-1;-23;0;-23;0;-9;0;-3;0;0;-1;1;-1;0;-1;-3;0;-10;1;-28;3;-28;4;-28;6;-28;7;-28;8;-28;9;-28;10;-28;11;-28;12;-28;13;-29;13;-29;12;-29;12;-28;12;-28;12;-27;13;-27;13;-28;12;-29;11;-29;10;-30;10;-30;10;-31;9;-31;9;-32;9;-33;9;-34;9;-35;95;0;-41;10;-42;10;-41;9;-41;9;-40;8;-38;8;-37;8;-36;9;-35;9;-35;10;-35;9;-35;9;-34;8;-34;8;-33;8;-33;8;-33;7;-33;7;-33;6;-33;5;-32;3;-31;2;-30;2;-29;1;-29;0;-29;-2;-29;-3;-29;-5;-11;-2;-4;-1;0;-1;0;-1;0;-1;-1;1;-3;3;-9;9;-9;9;-10;9;-11;9;-12;10;-14;10;-15;10;-17;10;-19;10;-20;10;-21;9;-22;9;-23;9;-25;9;-27;9;-28;8;-29;8;-29;8;-30;8;-31;8;-32;10;-34;10;-36;11;-37;11;-39;10;-40;10;-40;10;-41;10,transition,EXP_S041,ZONE_01,entree_zone,4.7,entree_zone,entree dans la zone
470174661,-50,6,a0:9f:7a:73:2b:3e,384,-110;-96;8;0;2;6;8;3;13;1;18;-2;22;-4;26;-5;28;-7;30;-7;30;-8;30;-8;28;-8;27;-7;24;-6;20;-5;16;-5;11;-4;6;-4;1;-5;-5;-6;-9;-7;-13;-9;-16;-10;-18;-12;-20;-14;-21;-16;-6;-4;0;0;0;0;0;0;0;0;0;0;0;0;0;0;0;0;0;0;-3;-4;-10;-17;-9;-19;-6;-21;-4;-22;-2;-22;0;-21;2;-19;3;-16;3;-13;3;-8;1;-4;-1;1;-4;5;-7;9;-10;12;-14;15;-17;18;-19;20;-21;22;-22;23;-23;23;-23;23;-22;22;-20;21;-17;19;-14;17;109;0;-21;-22;-20;-21;-20;-21;-19;-20;-20;-20;-21;-19;-21;-18;-21;-17;-21;-15;-21;-15;-21;-14;-21;-14;-21;-14;-22;-14;-22;-14;-22;-14;-22;-13;-22;-13;-21;-14;-20;-14;-20;-14;-20;-15;-20;-15;-20;-15;-19;-15;-18;-15;-17;-16;-16;-17;-6;-6;-2;-2;0;0;1;0;0;0;-3;-2;-8;-6;-20;-16;-19;-17;-19;-19;-18;-20;-17;-21;-16;-21;-16;-22;-15;-23;-14;-24;-14;-24;-14;-25;-13;-25;-12;-25;-12;-24;-11;-24;-11;-24;-11;-24;-12;-24;-12;-24;-13;-24;-14;-23;-15;-23;-15;-22;-16;-23;-16;-23;-17;-24;-18;-24;-19;-24;109;0;-2;43;-3;43;-3;42;-4;41;-4;40;-4;39;-3;38;-3;37;-3;37;-3;36;-4;36;-5;35;-5;34;-5;34;-5;33;-5;33;-5;33;-6;32;-7;32;-8;31;-9;30;-10;28;-10;27;-11;26;-12;25;-13;24;-15;23;-16;22;-6;8;-3;2;0;-1;-1;-1;-1;-1;0;0;2;3;8;9;8;10;8;11;8;12;8;13;8;15;8;17;7;18;7;20;6;21;6;22;5;23;4;25;3;26;2;27;2;28;1;29;1;30;2;30;2;32;2;33;2;35;2;37;1;38;0;39;-1;40;-2;42;-2;42,transition,EXP_S041,ZONE_01,entree_zone,4.7,entree_zone,entree dans la zone
470372364,-49,6,a0:9f:7a:73:2b:3e,384,-110;-96;8;0;11;-7;12;-12;13;-17;13;-21;14;-24;15;-26;15;-27;14;-27;14;-28;13;-27;12;-25;11;-23;9;-20;7;-17;4;-14;1;-11;-2;-8;-6;-6;-11;-4;-15;-3;-18;-2;-21;-3;-24;-4;-25;-5;-26;-7;-7;-2;0;0;0;0;0;0;0;0;0;0;0;0;0;0;0;0;0;0;-5;3;-21;12;-23;10;-24;7;-25;4;-23;1;-21;-2;-17;-3;-12;-3;-7;-2;-2;0;2;3;6;7;9;11;11;15;13;19;14;22;14;25;14;27;14;28;14;28;13;27;12;25;12;23;11;19;11;14;11;11;122;0;-23;7;-22;7;-22;7;-22;7;-22;8;-21;10;-20;11;-18;12;-17;13;-15;13;-15;13;-15;13;-16;14;-16;15;-16;16;-15;17;-14;17;-14;16;-14;16;-15;15;-15;16;-15;16;-15;16;-15;16;-15;16;-15;15;-15;14;-16;14;-6;4;-2;1;0;-1;1;-1;0;-1;-3;0;-10;2;-27;6;-28;5;-28;4;-28;2;-28;1;-28;-1;-28;-2;-29;-3;-29;-4;-29;-4;-29;-4;-28;-5;-28;-5;-27;-5;-26;-6;-26;-6;-26;-6;-26;-5;-26;-4;-25;-3;-25;-2;-24;-1;-24;-1;-24;-1;-25;0;-26;1;-26;3;-27;4;122;0;47;-1;46;-1;45;0;44;0;43;0;41;0;40;-1;39;-1;39;-2;38;-2;37;-1;37;-1;36;-1;36;-1;36;-1;35;-1;36;-1;35;0;35;1;34;2;33;3;31;4;30;5;29;5;29;6;28;8;27;10;26;11;9;4;2;1;-1;-1;-1;0;-1;0;1;-2;5;-4;15;-10;16;-10;17;-9;18;-9;20;-8;21;-8;23;-7;24;-6;25;-5;26;-5;27;-5;28;-5;29;-4;31;-3;32;-2;32;-1;33;-1;33;-1;34;-1;35;-2;37;-2;39;-2;40;-2;41;-1;43;-1;44;-1;45;-1;46;-2,transition,EXP_S041,ZONE_01,entree_zone,4.7,entree_zone,entree dans la zone
470571961,-48,6,a0:9f:7a:73:2b:3e,384,-110;-96;8;0;8;-2;11;-7;14;-12;16;-16;18;-19;20;-21;21;-22;22;-22;22;-22;20;-21;19;-19;17;-17;14;-14;11;-11;7;-8;2;-6;-3;-4;-8;-3;-12;-3;-16;-3;-19;-4;-22;-5;-23;-6;-24;-8;-23;-9;-6;-3;0;0;0;0;0;0;0;0;0;0;0;0;0;0;0;0;0;0;-6;-2;-21;-6;-22;-8;-22;-11;-21;-13;-19;-14;-17;-14;-15;-13;-12;-11;-9;-8;-6;-5;-4;0;-2;5;-1;9;-1;14;0;19;-1;23;-1;26;-1;28;-1;30;-2;31;-2;31;-2;30;-1;28;0;25;1;21;2;17;110;0;-28;-2;-28;-2;-28;-2;-28;-2;-28;-1;-28;-1;-27;1;-27;2;-26;2;-25;2;-24;2;-24;2;-24;2;-25;3;-25;4;-25;5;-24;5;-24;4;-23;3;-23;2;-23;2;-23;2;-23;2;-22;2;-22;2;-21;1;-21;-1;-21;-2;-8;-1;-3;-1;0;-1;1;0;0;0;-3;-1;-8;-2;-23;-4;-23;-5;-23;-6;-23;-7;-22;-7;-22;-8;-22;-9;-22;-10;-22;-11;-23;-11;-23;-12;-23;-12;-23;-12;-22;-11;-21;-11;-21;-11;-21;-11;-22;-11;-23;-10;-24;-9;-24;-8;-24;-8;-25;-8;-25;-8;-27;-8;-28;-7;-29;-7;-29;-6;110;0;36;22;36;22;35;22;34;22;33;21;32;20;31;19;31;17;31;17;30;16;30;15;29;15;29;15;28;14;28;14;28;14;28;15;28;15;26;16;25;17;24;17;23;17;22;16;21;16;20;16;19;17;17;18;16;19;5;7;1;2;-1;-1;-2;-1;-1;-1;2;0;7;1;19;3;19;4;20;5;20;6;21;7;22;8;23;9;23;11;24;12;24;13;25;14;25;15;26;16;26;17;26;17;26;18;26;18;26;18;27;19;28;19;29;19;31;20;32;21;33;22;34;22;34;22;35;22;35;21,transition,EXP_S041,ZONE_01,entree_zone,4.7,entree_zone,entree dans la zone
470776873,-48,6,a0:9f:7a:73:2b:3e,384,-110;-96;8;0;10;-7;9;-12;10;-17;11;-21;11;-24;12;-26;13;-27;14;-27;14;-26;14;-24;14;-22;12;-19;10;-15;7;-12;4;-9;0;-6;-4;-5;-9;-4;-13;-3;-16;-4;-19;-5;-21;-7;-21;-9;-21;-11;-20;-12;-5;-4;0;0;0;0;0;0;0;0;0;0;0;0;0;0;0;0;0;0;-4;4;-14;17;-16;17;-18;15;-19;13;-19;11;-18;9;-16;7;-12;6;-8;6;-4;6;0;6;4;8;8;10;11;12;14;15;16;17;18;19;19;21;20;22;21;22;20;22;20;22;18;20;17;18;15;14;14;11;-127;0;-19;14;-19;13;-19;13;-20;13;-20;14;-19;15;-18;16;-16;17;-15;16;-14;16;-14;16;-15;16;-15;17;-15;18;-14;18;-13;18;-13;17;-13;16;-13;15;-14;15;-14;15;-14;15;-13;15;-13;15;-12;14;-12;13;-13;12;-14;11;-5;3;-2;1;0;-1;1;-1;0;-1;-3;0;-8;1;-21;4;-22;3;-22;3;-22;2;-21;1;-21;1;-21;-1;-21;-2;-22;-2;-23;-2;-23;-2;-22;-1;-21;0;-20;0;-20;-1;-20;-1;-21;-1;-21;0;-21;2;-21;3;-20;5;-19;5;-19;5;-19;6;-20;6;-21;8;-22;10;-22;12;-127;0;45;-9;44;-8;44;-8;42;-8;40;-8;38;-9;36;-10;35;-11;34;-11;34;-10;33;-10;32;-10;31;-10;30;-11;29;-11;29;-12;29;-12;29;-11;29;-10;28;-9;27;-8;26;-7;25;-7;25;-7;25;-6;25;-5;25;-4;25;-2;8;-1;2;0;-1;0;-2;0;-1;0;2;-2;7;-4;20;-9;20;-9;21;-8;22;-8;24;-8;25;-7;27;-6;28;-6;28;-5;29;-5;30;-5;31;-5;32;-4;33;-3;34;-2;35;-2;35;-2;35;-3;36;-3;37;-5;38;-6;40;-6;41;-6;42;-6;43;-6;43;-6;44;-7;44;-7,transition,EXP_S041,ZONE_01,entree_zone,4.7,entree_zone,entree dans la zone
470972363,-48,6,a0:9f:7a:73:2b:3e,384,-110;-96;8;0;6;8;12;7;17;6;22;6;25;6;27;7;29;8;29;8;28;9;26;9;24;9;21;8;18;7;14;5;11;2;8;-1;5;-5;3;-9;2;-13;2;-17;3;-20;4;-22;6;-23;8;-23;9;-23;2;-6;0;0;0;0;0;0;0;0;0;0;0;0;0;0;0;0;0;0;-5;-2;-20;-6;-21;-8;-21;-11;-21;-13;-19;-15;-17;-15;-15;-14;-13;-13;-11;-10;-9;-6;-8;-2;-7;2;-8;7;-9;11;-10;15;-12;19;-14;22;-16;24;-17;26;-18;26;-19;26;-19;25;-18;23;-16;21;-14;19;-11;17;121;0;-17;-18;-16;-18;-15;-18;-15;-19;-16;-20;-18;-19;-19;-18;-20;-15;-19;-13;-18;-13;-16;-13;-16;-14;-17;-14;-19;-14;-20;-13;-20;-11;-19;-10;-18;-10;-16;-11;-16;-12;-16;-12;-17;-12;-18;-11;-18;-10;-17;-9;-15;-10;-13;-10;-12;-11;-4;-5;-2;-2;0;0;0;1;0;0;-1;-2;-3;-7;-8;-18;-8;-19;-8;-19;-8;-19;-7;-19;-7;-18;-6;-18;-4;-19;-4;-21;-4;-22;-5;-23;-6;-23;-7;-21;-6;-20;-5;-19;-4;-19;-4;-21;-5;-22;-7;-23;-9;-22;-11;-21;-11;-19;-10;-19;-10;-20;-10;-22;-12;-23;-14;-24;-16;-25;121;0;7;45;6;45;6;44;5;42;6;40;7;38;8;37;10;36;11;36;12;36;11;35;10;34;10;33;10;32;11;31;12;32;12;32;11;33;10;32;9;32;7;31;7;30;7;29;7;28;6;28;5;29;3;29;1;29;0;10;-1;3;-1;-2;-1;-2;-1;-1;0;2;2;7;5;21;5;21;5;22;5;23;4;24;4;26;3;28;2;29;1;30;0;30;0;30;0;31;0;33;0;34;-1;34;-2;35;-2;35;-2;35;-1;35;0;36;1;38;2;40;2;42;2;43;2;44;3;43;4;43;5;43,transition,EXP_S041,ZONE_01,entree_zone,4.7,entree_zone,entree dans la zone
471172469,-48,6,a0:9f:7a:73:2b:3e,384,-110;-96;8;0;8;2;12;-3;16;-7;19;-11;22;-13;25;-15;27;-16;28;-16;28;-16;27;-15;25;-13;23;-11;20;-9;16;-8;11;-7;6;-6;1;-6;-4;-7;-9;-9;-12;-11;-15;-13;-17;-16;-17;-18;-17;-20;-16;-21;-4;-6;0;0;0;0;0;0;0;0;0;0;0;0;0;0;0;0;0;0;-5;0;-20;1;-22;-1;-23;-3;-24;-5;-23;-6;-22;-8;-20;-8;-17;-8;-14;-6;-11;-4;-8;-1;-5;3;-3;7;-1;12;0;16;0;21;0;25;0;28;0;30;0;32;-1;33;-1;33;-1;31;-1;29;0;25;0;21;118;0;-14;3;-14;2;-13;2;-14;2;-14;2;-14;3;-14;4;-13;4;-12;5;-11;4;-11;4;-11;4;-12;4;-12;5;-12;5;-11;6;-11;6;-10;5;-10;5;-11;4;-11;4;-11;4;-11;4;-10;5;-10;4;-10;4;-10;3;-10;2;-4;0;-2;0;0;-1;0;0;0;0;-1;-1;-4;-1;-10;-1;-10;-1;-11;-1;-11;-2;-10;-2;-10;-2;-10;-2;-10;-3;-11;-3;-11;-4;-12;-4;-12;-3;-12;-3;-11;-3;-11;-3;-11;-3;-11;-3;-12;-3;-12;-3;-13;-2;-13;-1;-12;-1;-12;-1;-12;-1;-13;-1;-14;0;-15;0;-15;1;118;0;20;10;20;10;20;10;19;10;18;9;18;8;17;7;17;6;17;6;17;6;17;6;17;6;17;6;16;5;16;5;16;5;16;5;16;5;16;5;15;6;15;6;14;6;13;6;13;6;13;6;12;7;12;8;11;8;4;3;1;1;-1;-1;-1;-1;-1;-1;1;0;3;1;10;3;10;3;10;3;10;4;11;4;11;5;12;6;12;7;12;7;12;8;12;8;12;8;13;8;13;9;13;10;14;10;14;10;14;10;14;10;15;10;16;10;17;10;18;10;18;10;18;11;19;11;19;11;19;10,transition,EXP_S041,ZONE_01,entree_zone,4.7,entree_zone,entree dans la zone
471373398,-48,6,a0:9f:7a:73:2b:3e,384,-110;-96;8;0;-7;2;-9;9;-10;15;-12;20;-13;24;-14;27;-14;29;-14;29;-14;29;-13;28;-12;26;-10;23;-9;20;-6;16;-4;11;0;6;3;2;7;-2;11;-5;14;-8;17;-9;20;-11;22;-11;23;-11;24;-10;6;-3;0;0;0;0;0;0;0;0;0;0;0;0;0;0;0;0;0;0;4;2;17;11;18;13;18;16;17;19;15;20;13;20;11;19;8;17;6;14;3;9;2;5;0;-1;-1;-7;-1;-13;-1;-18;-1;-23;-1;-27;-1;-30;-1;-33;-1;-35;0;-35;0;-34;-1;-32;-1;-29;-2;-24;-3;-20;111;0;16;2;16;1;16;1;15;1;15;0;14;0;14;0;14;0;13;-1;13;-1;13;-2;13;-2;13;-3;12;-3;12;-2;12;-2;12;-2;12;-2;12;-2;12;-2;11;-2;11;-2;11;-2;11;-2;10;-1;10;-1;10;0;10;0;3;0;1;0;-1;-1;-1;0;-1;-1;1;-1;4;-1;12;-1;12;0;12;1;12;2;12;2;13;3;13;3;13;3;13;4;13;4;13;5;13;5;13;5;13;5;13;5;13;5;13;5;13;4;13;4;13;4;13;4;14;4;14;4;15;3;15;3;15;2;16;2;16;2;111;0;-17;-14;-17;-14;-17;-14;-17;-13;-17;-13;-16;-12;-16;-12;-16;-12;-16;-11;-16;-11;-16;-10;-16;-10;-16;-10;-16;-10;-15;-10;-15;-10;-15;-10;-14;-10;-14;-11;-13;-11;-13;-11;-12;-11;-12;-11;-11;-11;-11;-11;-10;-11;-10;-12;-9;-12;-3;-5;-1;-2;0;0;0;0;0;0;-2;-1;-4;-2;-10;-4;-10;-5;-10;-5;-10;-6;-10;-7;-10;-7;-10;-7;-11;-8;-11;-9;-11;-9;-11;-10;-11;-10;-11;-11;-11;-11;-12;-11;-12;-11;-12;-12;-12;-12;-13;-12;-13;-12;-14;-12;-14;-13;-15;-13;-15;-13;-16;-13;-17;-13;-17;-14;-17;-14,transition,EXP_S041,ZONE_01,entree_zone,4.7,entree_zone,entree dans la zone
471572409,-48,6,a0:9f:7a:73:2b:3e,384,-110;-96;8;0;1;5;1;11;3;17;4;21;6;25;8;27;9;28;10;28;11;27;12;25;12;22;11;19;9;15;7;11;5;7;3;2;0;-3;-3;-7;-6;-11;-8;-14;-10;-17;-12;-19;-13;-20;-14;-21;-14;-22;-4;-6;0;0;0;0;0;0;0;0;0;0;0;0;0;0;0;0;0;0;0;4;0;19;-2;20;-4;22;-6;22;-8;22;-9;20;-10;18;-10;15;-9;11;-8;7;-7;2;-5;-3;-3;-8;-1;-13;1;-18;2;-22;3;-25;4;-29;4;-31;3;-33;2;-33;2;-32;1;-29;1;-26;0;-21;0;-17;95;0;15;-8;15;-8;15;-8;15;-8;14;-8;14;-8;13;-8;13;-8;12;-8;12;-8;11;-8;11;-8;11;-8;11;-8;11;-8;11;-8;11;-8;11;-7;11;-7;11;-6;11;-6;10;-6;10;-5;10;-5;10;-5;10;-4;10;-4;10;-3;3;-1;1;-1;-1;0;-1;0;-1;0;0;-2;2;-5;7;-12;8;-12;9;-11;9;-11;10;-11;11;-10;11;-10;12;-9;13;-9;13;-9;14;-8;14;-8;14;-8;14;-7;14;-7;14;-6;14;-6;14;-7;15;-7;15;-7;15;-7;15;-7;15;-7;15;-7;16;-7;16;-8;16;-8;16;-8;95;0;-18;-1;-18;-1;-18;-2;-18;-2;-17;-2;-16;-1;-16;-1;-16;-1;-16;-1;-16;-1;-15;-1;-15;-1;-15;-1;-15;-2;-15;-2;-15;-2;-15;-2;-15;-2;-15;-3;-14;-4;-14;-4;-13;-4;-13;-4;-13;-5;-12;-5;-12;-6;-12;-7;-11;-8;-4;-3;-2;-1;0;0;0;-1;0;-1;-1;0;-2;1;-6;3;-6;3;-6;3;-6;3;-7;3;-8;3;-8;3;-9;2;-9;2;-10;2;-10;2;-11;2;-11;1;-12;1;-12;1;-13;0;-13;0;-13;0;-13;0;-14;0;-14;0;-15;0;-16;0;-16;0;-17;0;-17;0;-17;0;-17;0,transition,EXP_S041,ZONE_01,entree_zone,4.7,entree_zone,entree dans la zone
471772934,-49,6,a0:9f:7a:73:2b:3e,384,-110;-96;8;0;1;8;0;1;0;-6;-1;-13;-3;-19;-4;-24;-6;-27;-7;-29;-8;-31;-10;-31;-10;-30;-10;-29;-10;-26;-8;-22;-7;-18;-5;-13;-3;-8;-2;-3;0;3;2;8;3;12;4;15;5;18;5;21;5;23;1;5;0;0;0;0;0;0;0;0;0;0;0;0;0;0;0;0;0;0;-2;-4;-6;-14;-5;-17;-4;-20;-2;-23;-1;-25;1;-26;2;-26;3;-25;4;-22;4;-19;4;-15;3;-10;2;-5;1;1;0;7;-1;12;-2;18;-2;23;-2;27;-1;31;-1;34;0;35;0;35;1;34;2;32;2;29;95;0;-16;10;-15;10;-15;10;-15;9;-15;9;-14;9;-14;9;-13;9;-13;10;-12;10;-11;10;-11;10;-11;10;-11;10;-11;10;-11;10;-11;9;-11;9;-11;8;-11;8;-11;7;-11;7;-11;7;-11;7;-11;7;-11;6;-11;6;-11;5;-4;1;-2;0;0;-1;0;-1;0;-1;-1;1;-3;3;-9;10;-9;9;-10;9;-11;9;-11;8;-12;8;-12;8;-13;7;-13;7;-14;7;-14;7;-14;6;-14;7;-14;7;-14;6;-14;6;-15;6;-15;6;-15;6;-15;7;-15;7;-15;7;-15;8;-15;8;-16;8;-16;9;-16;9;-16;9;95;0;15;11;15;11;15;11;15;11;14;10;14;10;13;9;13;9;13;8;13;8;13;8;13;8;13;8;12;8;12;7;12;8;12;8;12;8;11;8;11;8;10;8;9;8;9;8;9;8;9;8;8;8;8;9;7;9;2;3;0;1;-1;-1;-1;-1;-1;-1;0;0;2;0;7;1;7;1;7;2;7;2;7;3;8;3;8;4;9;4;9;5;9;6;9;6;9;6;10;7;10;7;10;7;10;8;10;8;11;8;11;9;11;9;12;9;13;9;13;9;14;10;14;10;15;10;15;10;15;10,transition,EXP_S041,ZONE_01,entree_zone,4.7,entree_zone,entree dans la zone
471972370,-50,6,a0:9f:7a:73:2b:3e,384,-110;-96;8;0;4;12;4;5;5;-2;6;-8;6;-14;7;-19;7;-24;7;-27;7;-29;7;-31;7;-31;7;-30;7;-28;7;-25;6;-22;5;-17;3;-12;1;-7;-2;-2;-4;2;-8;6;-11;9;-13;12;-16;13;-18;14;-5;3;0;0;0;0;0;0;0;0;0;0;0;0;0;0;0;0;0;0;-3;-2;-13;-7;-14;-10;-15;-14;-15;-18;-15;-20;-14;-22;-12;-23;-10;-22;-8;-21;-6;-18;-5;-14;-3;-10;-2;-5;-1;1;-1;7;-1;12;-1;17;-1;22;0;26;0;30;1;32;1;34;1;34;2;34;3;32;3;29;100;0;-14;7;-14;8;-13;8;-13;8;-12;8;-12;8;-11;8;-11;8;-11;9;-11;9;-10;9;-10;9;-10;9;-10;9;-10;9;-10;9;-10;9;-10;9;-10;9;-10;9;-10;8;-10;8;-10;8;-10;8;-10;7;-11;7;-11;6;-11;6;-4;2;-2;0;0;-1;0;-1;0;-1;-2;0;-4;2;-11;7;-11;6;-12;6;-12;5;-13;5;-13;4;-13;4;-14;4;-14;3;-14;3;-14;3;-14;2;-14;2;-14;2;-14;2;-14;2;-14;2;-13;3;-13;3;-13;3;-13;3;-14;4;-14;4;-14;5;-14;6;-14;6;-14;6;-14;7;100;0;13;16;13;15;13;15;13;14;13;14;12;14;12;13;12;13;12;12;12;12;11;12;11;11;11;11;11;11;11;11;11;11;10;11;10;11;9;11;9;11;8;11;8;11;8;11;7;11;6;11;6;11;5;11;4;11;1;4;0;1;-1;-1;-1;-1;-1;-1;0;0;2;1;6;4;6;4;6;4;6;5;7;5;7;6;7;6;7;7;8;7;8;8;8;9;8;9;8;10;8;10;9;10;9;11;9;11;9;11;10;12;10;12;11;12;11;13;12;13;12;14;13;14;13;14;14;15;14;15,transition,EXP_S041,ZONE_01,entree_zone,4.7,entree_zone,entree dans la zone
472172984,-51,6,a0:9f:7a:73:2b:3e,384,-110;-96;8;0;6;-10;-1;-7;-7;-5;-13;-2;-18;0;-23;3;-26;5;-29;6;-30;8;-31;9;-31;9;-30;9;-29;8;-26;8;-22;7;-18;5;-12;4;-7;3;-1;3;4;2;9;3;13;3;17;4;20;5;21;6;5;1;0;0;0;0;0;0;0;0;0;0;0;0;0;0;0;0;0;0;0;3;0;15;-3;17;-7;20;-10;21;-13;22;-15;22;-17;20;-18;18;-17;15;-15;11;-12;8;-8;4;-4;1;1;-2;7;-6;12;-8;17;-11;21;-13;25;-15;28;-17;30;-18;31;-19;31;-19;30;-19;27;-19;24;-18;101;0;31;10;30;10;28;9;27;10;27;10;28;9;28;8;29;6;28;4;27;2;25;2;25;2;25;2;26;2;27;2;27;1;27;0;26;0;24;1;23;1;23;2;23;3;24;3;24;3;24;3;23;3;22;4;21;5;7;2;2;0;-1;-1;-2;-1;-1;-1;2;0;9;2;27;7;27;9;27;10;27;12;27;13;26;14;25;15;25;16;24;18;24;19;24;20;25;20;25;20;24;19;23;19;22;19;22;19;22;19;23;19;25;18;26;17;26;15;26;15;26;15;26;15;27;16;28;16;30;16;101;0;2;-45;2;-45;3;-45;4;-44;4;-42;4;-41;3;-39;1;-38;0;-38;0;-38;0;-37;1;-37;1;-37;2;-36;2;-35;2;-34;2;-34;2;-34;3;-33;5;-33;6;-31;6;-30;6;-28;6;-27;6;-27;7;-26;9;-26;10;-25;4;-9;1;-3;-1;0;0;0;-1;0;-1;-2;-1;-6;-2;-16;-1;-16;-1;-16;-1;-17;-1;-18;-1;-19;-1;-21;0;-23;1;-24;2;-24;2;-25;2;-25;1;-27;1;-28;2;-30;3;-31;4;-32;4;-32;4;-32;3;-33;2;-35;1;-37;1;-39;2;-41;3;-42;3;-43;3;-43;3;-44,transition,EXP_S041,ZONE_01,entree_zone,4.7,entree_zone,entree dans la zone
472374231,-50,6,a0:9f:7a:73:2b:3e,384,-110;-96;8;0;-1;-7;-4;0;-5;6;-7;13;-8;18;-9;23;-9;26;-9;28;-8;30;-7;30;-6;30;-6;28;-5;25;-4;22;-2;18;-1;13;0;8;2;3;4;-3;6;-7;7;-11;9;-14;10;-17;11;-19;12;-20;3;-5;0;0;0;0;0;0;0;0;0;0;0;0;0;0;0;0;0;0;1;3;7;13;5;16;4;19;2;22;0;23;-2;24;-4;24;-6;22;-6;19;-7;16;-6;11;-5;6;-4;1;-2;-5;0;-10;2;-15;4;-20;5;-25;6;-29;7;-32;8;-34;8;-35;7;-34;6;-33;5;-30;4;-27;96;0;16;-6;16;-6;15;-5;15;-5;15;-5;15;-5;14;-5;14;-6;13;-6;12;-6;12;-6;12;-6;12;-6;12;-6;12;-6;12;-6;12;-6;11;-5;11;-5;10;-4;10;-4;11;-3;11;-3;10;-4;10;-3;10;-3;9;-2;9;-2;3;-1;1;0;-1;0;-1;0;-1;0;1;-1;3;-3;10;-8;11;-8;12;-7;12;-7;13;-7;13;-6;13;-6;14;-5;14;-4;15;-4;15;-4;15;-3;15;-3;15;-3;15;-3;15;-3;15;-2;15;-2;15;-2;15;-3;15;-4;15;-4;15;-4;15;-4;16;-4;16;-4;17;-4;17;-5;96;0;-15;-15;-15;-15;-14;-16;-14;-15;-13;-15;-12;-14;-12;-14;-12;-13;-12;-13;-13;-13;-13;-13;-12;-13;-12;-13;-11;-13;-11;-13;-11;-13;-11;-13;-10;-13;-10;-14;-9;-14;-8;-14;-7;-14;-7;-13;-7;-13;-6;-13;-5;-13;-4;-14;-4;-14;-1;-5;-1;-2;0;0;0;0;0;0;-1;-1;-3;-1;-7;-3;-6;-3;-6;-4;-7;-4;-7;-4;-7;-5;-8;-5;-8;-6;-9;-7;-8;-7;-8;-8;-9;-8;-9;-8;-10;-8;-10;-9;-10;-10;-10;-10;-10;-11;-10;-11;-11;-11;-12;-11;-13;-11;-13;-12;-14;-13;-14;-14;-14;-14;-14;-15;-14;-15,transition,EXP_S041,ZONE_01,entree_zone,4.7,entree_zone,entree dans la zone
472572186,-53,6,a0:9f:7a:73:2b:3e,384,-110;-96;8;0;-13;-12;-10;-5;-8;3;-6;11;-4;18;-2;24;-1;29;0;33;1;35;1;36;1;37;1;37;1;35;1;32;1;28;1;23;1;17;3;11;5;5;7;-1;10;-7;13;-11;16;-14;19;-17;22;-18;5;-5;0;0;0;0;0;0;0;0;0;0;0;0;0;0;0;0;0;0;2;-2;11;-6;15;-6;20;-5;25;-3;28;0;30;2;31;5;31;7;28;9;25;9;21;9;16;7;10;4;4;0;-2;-4;-7;-9;-11;-14;-16;-19;-20;-24;-23;-28;-25;-32;-26;-35;-26;-36;-26;-36;-25;-35;-23;-33;111;0;4;-19;4;-19;4;-18;3;-18;3;-17;3;-17;2;-17;1;-16;1;-16;0;-16;0;-15;0;-15;0;-15;0;-15;-1;-15;-1;-16;-1;-15;-1;-15;-1;-15;-1;-15;-1;-15;0;-15;0;-15;0;-15;0;-14;1;-14;1;-14;2;-13;0;-5;0;-2;-1;0;-1;0;-1;0;-1;-2;0;-6;0;-14;1;-15;2;-15;3;-15;3;-15;3;-15;4;-15;4;-15;5;-15;6;-16;6;-16;7;-16;7;-16;7;-16;7;-15;7;-15;7;-15;7;-15;7;-16;7;-16;6;-16;6;-17;6;-17;6;-18;6;-18;6;-18;6;-19;6;-19;111;0;-26;-5;-26;-5;-26;-5;-26;-5;-25;-4;-25;-4;-24;-3;-24;-3;-23;-2;-23;-2;-23;-2;-23;-2;-22;-2;-22;-2;-22;-2;-22;-2;-22;-2;-22;-3;-21;-3;-21;-3;-20;-4;-20;-4;-19;-5;-19;-5;-19;-6;-18;-6;-18;-8;-17;-8;-7;-4;-2;-2;0;0;0;-1;0;0;-2;0;-5;-1;-12;-1;-12;-1;-12;-2;-13;-3;-13;-3;-14;-3;-14;-3;-15;-4;-16;-4;-16;-5;-16;-5;-17;-5;-17;-6;-17;-6;-18;-6;-18;-6;-18;-6;-19;-7;-19;-7;-20;-6;-21;-6;-22;-6;-23;-6;-24;-6;-25;-5;-25;-5;-26;-5;-26;-5,transition,EXP_S041,ZONE_01,entree_zone,4.7,entree_zone,entree dans la zone
472774958,-54,6,a0:9f:7a:73:2b:3e,384,-110;-96;8;0;-23;13;-18;13;-14;14;-11;15;-7;18;-5;20;-3;22;-2;24;-1;26;-2;27;-2;28;-3;28;-4;28;-5;27;-6;25;-7;23;-7;20;-6;17;-4;15;-2;13;0;11;3;10;5;10;7;11;8;12;2;3;0;0;0;0;0;0;0;0;0;0;0;0;0;0;0;0;0;0;-3;1;-12;4;-15;4;-19;4;-22;3;-24;1;-26;-2;-27;-5;-26;-7;-24;-9;-22;-10;-19;-10;-17;-8;-15;-5;-14;-2;-14;2;-14;6;-16;10;-18;13;-20;16;-23;19;-26;20;-29;21;-31;20;-32;19;-33;18;-32;17;-105;0;-10;-4;-9;-4;-8;-4;-8;-4;-8;-3;-8;-3;-8;-3;-8;-2;-8;-2;-8;-1;-7;-1;-7;-1;-7;-1;-7;-1;-7;-1;-8;0;-8;0;-8;1;-7;1;-7;1;-7;1;-7;0;-7;0;-7;0;-7;1;-7;1;-7;1;-7;1;-3;0;-1;0;0;-1;0;0;0;0;-1;-1;-2;-2;-6;-5;-6;-6;-6;-7;-6;-7;-6;-7;-6;-7;-6;-7;-6;-7;-6;-7;-6;-8;-5;-8;-6;-9;-6;-8;-6;-8;-6;-7;-5;-7;-5;-7;-5;-7;-6;-7;-6;-7;-7;-7;-7;-7;-7;-6;-7;-6;-7;-6;-7;-6;-7;-7;-8;-7;-105;0;-19;20;-19;20;-19;20;-18;20;-18;19;-17;19;-16;18;-15;18;-15;18;-14;18;-14;18;-13;17;-13;17;-13;17;-13;16;-13;16;-13;15;-13;15;-12;15;-12;14;-12;13;-12;13;-12;12;-12;11;-12;10;-12;10;-12;9;-13;9;-5;3;-2;0;0;-1;0;-1;0;-1;-1;1;-3;3;-8;10;-8;10;-9;10;-9;10;-10;10;-10;11;-11;11;-12;12;-13;12;-13;12;-14;12;-14;12;-15;12;-15;12;-16;13;-16;13;-17;13;-17;14;-17;14;-17;15;-17;16;-17;17;-18;18;-18;18;-19;19;-19;20;-20;20;-20;20,transition,EXP_S041,ZONE_01,entree_zone,4.7,entree_zone,entree dans la zone
472977294,-54,6,a0:9f:7a:73:2b:3e,384,-110;-96;8;0;9;6;15;2;22;-1;27;-4;30;-6;33;-7;34;-7;34;-7;33;-8;30;-8;27;-8;23;-8;18;-8;14;-9;9;-10;4;-11;0;-12;-4;-14;-7;-15;-10;-16;-11;-17;-13;-17;-13;-17;-13;-17;-13;-16;-4;-4;0;0;0;0;0;0;0;0;0;0;0;0;0;0;0;0;0;0;-5;-2;-18;-9;-19;-13;-20;-18;-19;-22;-17;-25;-15;-26;-12;-27;-9;-25;-6;-22;-3;-18;-2;-12;-1;-5;-2;2;-3;9;-5;16;-7;22;-10;27;-13;32;-15;35;-17;37;-19;38;-19;37;-19;35;-18;31;-14;27;-11;23;112;0;-16;-7;-16;-7;-15;-7;-14;-7;-14;-7;-14;-6;-13;-5;-13;-5;-12;-4;-11;-4;-10;-4;-10;-4;-10;-4;-10;-4;-10;-3;-9;-3;-9;-3;-8;-3;-7;-3;-7;-3;-7;-3;-6;-2;-6;-2;-5;-2;-5;-2;-4;-2;-4;-2;-4;-2;-2;-1;-1;-1;0;0;0;0;0;0;-2;-1;-6;-2;-15;-5;-15;-5;-15;-6;-15;-6;-15;-7;-15;-7;-15;-8;-15;-8;-15;-9;-16;-9;-16;-10;-16;-10;-15;-10;-15;-10;-14;-10;-14;-10;-14;-10;-14;-10;-15;-10;-15;-10;-16;-9;-16;-9;-16;-9;-16;-9;-16;-9;-17;-9;-17;-9;-17;-9;112;0;14;23;14;23;13;23;13;22;13;21;13;20;13;19;13;18;13;18;13;17;13;16;13;15;12;15;12;14;12;14;12;14;12;14;12;13;12;13;11;13;11;12;10;12;10;12;10;11;9;11;9;11;8;12;7;12;2;4;0;1;-1;-1;-1;-1;-1;-1;0;0;1;3;3;8;3;8;3;9;3;9;3;10;4;10;4;11;4;12;4;13;4;13;5;14;5;14;5;15;6;16;6;16;6;17;6;17;6;18;7;18;8;18;9;19;10;20;10;21;11;21;11;22;12;22;12;22;13;22,transition,EXP_S041,ZONE_01,entree_zone,4.7,entree_zone,entree dans la zone
473173483,-52,6,a0:9f:7a:73:2b:3e,384,-110;-96;8;0;13;9;10;2;7;-4;5;-11;4;-17;3;-22;3;-26;3;-29;4;-31;4;-32;5;-31;5;-30;5;-27;5;-24;4;-20;2;-16;0;-12;-3;-8;-7;-4;-10;-2;-13;0;-16;2;-19;2;-21;2;-23;1;-6;0;0;0;0;0;0;0;0;0;0;0;0;0;0;0;0;0;0;0;-2;1;-7;8;-9;10;-13;13;-16;15;-20;16;-23;17;-25;16;-26;15;-26;13;-25;10;-22;8;-18;6;-13;6;-7;5;-1;6;5;8;11;10;17;12;22;15;26;18;29;21;31;23;31;25;30;26;28;26;26;24;120;0;-7;32;-6;31;-6;30;-6;29;-6;28;-5;27;-5;27;-4;26;-3;25;-2;24;-1;23;-1;23;-1;22;-1;22;-1;22;0;22;0;22;0;21;0;20;-1;19;-1;19;-1;18;-1;18;0;18;0;17;-1;16;-1;15;-2;15;-1;5;-1;1;-1;-1;0;-2;0;-1;0;2;-1;7;-3;19;-4;20;-5;20;-6;21;-6;21;-6;22;-7;22;-8;22;-9;22;-10;22;-11;23;-11;23;-11;24;-11;24;-10;24;-10;24;-11;24;-11;24;-11;25;-11;26;-11;27;-10;28;-9;28;-9;29;-9;29;-9;30;-10;31;-10;32;120;0;47;7;47;6;47;5;46;4;44;3;43;2;41;1;40;0;39;-2;38;-3;37;-3;36;-4;36;-4;35;-5;34;-5;34;-6;34;-6;34;-6;33;-5;33;-5;32;-4;31;-4;30;-4;29;-4;29;-3;28;-2;28;-1;28;1;10;0;3;0;-1;0;-2;-1;-1;-1;2;0;9;1;25;4;25;5;26;6;26;7;27;7;28;8;29;8;31;9;32;10;33;11;33;12;33;13;34;13;35;13;35;14;36;14;37;14;37;14;38;14;39;13;41;12;42;11;44;11;45;11;46;10;47;10;48;9;49;9,transition,EXP_S041,ZONE_01,entree_zone,4.7,entree_zone,entree dans la zone
473382870,-53,6,a0:9f:7a:73:2b:3e,384,-110;-96;8;0;7;27;6;19;6;9;8;-1;10;-9;12;-17;15;-23;18;-27;20;-30;23;-32;25;-32;27;-31;27;-28;26;-24;24;-20;20;-15;15;-11;9;-7;2;-5;-5;-4;-11;-4;-17;-5;-22;-6;-25;-9;-27;-12;-7;-4;0;0;0;0;0;0;0;0;0;0;0;0;0;0;0;0;0;0;-3;-1;-13;-1;-16;0;-19;1;-23;2;-27;2;-30;1;-32;1;-33;0;-33;-1;-32;-2;-30;-2;-27;-2;-22;0;-17;2;-12;5;-7;9;-2;13;3;19;8;25;12;30;15;36;16;40;17;43;18;46;17;47;15;46;124;0;-10;18;-10;18;-9;18;-9;17;-9;17;-9;17;-8;17;-8;17;-7;16;-7;16;-7;16;-7;16;-7;16;-7;16;-7;16;-7;16;-7;15;-7;15;-8;15;-8;14;-8;14;-8;13;-8;13;-8;12;-8;12;-9;11;-9;10;-9;10;-4;3;-2;0;0;-1;0;-1;0;-1;-1;0;-2;2;-4;6;-5;6;-5;6;-5;6;-6;7;-6;7;-6;7;-6;8;-7;8;-7;8;-7;8;-8;9;-8;9;-8;10;-8;10;-8;10;-8;10;-8;11;-8;11;-9;12;-9;13;-9;13;-9;14;-9;14;-9;15;-10;16;-10;16;-10;17;124;0;20;21;20;21;20;20;19;19;19;18;19;17;19;16;18;16;18;15;18;14;18;13;18;13;18;12;17;12;17;12;17;11;17;11;16;11;16;11;15;11;15;11;14;11;14;11;13;10;13;11;12;11;11;12;11;12;3;4;1;1;-1;-1;-1;-1;-1;-1;1;0;4;2;12;8;12;9;12;9;12;10;12;11;12;12;13;13;13;14;13;15;13;16;13;16;13;17;13;18;13;18;13;18;13;19;14;19;14;19;14;20;15;20;15;20;16;20;17;21;18;21;19;21;19;21;20;22;20;22,transition,EXP_S041,ZONE_01,entree_zone,4.7,entree_zone,entree dans la zone
473582890,-54,6,a0:9f:7a:73:2b:3e,384,-110;-96;8;0;9;-22;4;-18;-1;-15;-6;-13;-12;-12;-17;-12;-22;-13;-25;-15;-27;-17;-28;-19;-28;-21;-26;-22;-24;-22;-22;-22;-18;-20;-15;-17;-13;-14;-12;-10;-11;-5;-12;-1;-14;3;-16;5;-18;7;-21;7;-24;7;-7;1;0;0;0;0;0;0;0;0;0;0;0;0;0;0;0;0;0;0;2;-1;8;-4;10;-5;12;-6;15;-7;17;-7;19;-7;21;-6;22;-5;23;-3;22;-2;21;-1;19;0;16;-1;13;-3;10;-6;8;-9;5;-13;4;-17;3;-22;4;-26;5;-31;6;-35;9;-37;11;-37;13;-37;14;-36;-114;0;11;-8;11;-7;10;-7;10;-6;10;-6;10;-6;10;-6;10;-6;10;-7;9;-7;9;-6;9;-6;9;-6;9;-5;9;-5;9;-6;9;-6;9;-6;8;-5;8;-5;8;-4;8;-4;8;-4;8;-4;8;-4;8;-3;7;-3;7;-2;2;-1;0;-1;-1;0;-1;0;-1;0;0;-1;1;-1;4;-3;4;-3;5;-3;5;-3;5;-3;5;-3;5;-3;5;-3;5;-3;5;-3;6;-3;6;-3;7;-4;7;-4;7;-4;7;-4;7;-4;7;-4;8;-4;8;-4;9;-5;9;-6;9;-6;9;-6;9;-6;10;-6;11;-6;11;-6;-114;0;-7;-26;-7;-26;-7;-26;-7;-26;-6;-25;-6;-24;-6;-24;-7;-23;-7;-22;-7;-22;-8;-22;-8;-22;-7;-21;-7;-21;-7;-21;-7;-21;-7;-21;-7;-21;-6;-21;-5;-21;-5;-21;-4;-20;-3;-20;-3;-19;-2;-19;-1;-19;0;-19;1;-19;0;-7;0;-2;0;0;0;0;0;0;-1;-2;-2;-4;-6;-11;-5;-11;-5;-11;-5;-12;-5;-12;-5;-13;-5;-14;-5;-15;-5;-16;-4;-16;-4;-17;-4;-17;-3;-18;-3;-18;-3;-19;-3;-19;-3;-20;-3;-20;-3;-21;-4;-21;-4;-22;-5;-22;-6;-23;-6;-24;-6;-25;-6;-26;-6;-26;-6;-26,transition,EXP_S041,ZONE_01,entree_zone,4.7,entree_zone,entree dans la zone
473775238,-53,6,a0:9f:7a:73:2b:3e,384,-110;-96;8;0;16;8;11;2;7;-4;3;-10;1;-16;-1;-22;-2;-27;-2;-31;-1;-33;0;-35;1;-35;2;-33;3;-31;4;-28;4;-24;3;-19;1;-14;-2;-9;-5;-4;-9;-1;-13;2;-17;4;-21;4;-24;3;-26;2;-7;0;0;0;0;0;0;0;0;0;0;0;0;0;0;0;0;0;0;0;-2;1;-6;8;-7;9;-9;11;-10;13;-12;14;-13;15;-15;16;-15;16;-16;15;-15;14;-14;13;-12;11;-9;9;-5;8;0;7;5;7;10;7;16;7;21;8;26;10;30;12;32;13;34;15;34;17;33;18;31;18;127;0;2;16;2;16;2;15;1;15;1;15;1;15;2;15;2;15;3;14;3;14;3;13;3;13;3;13;2;13;2;13;2;13;2;12;2;12;2;11;1;11;1;11;1;11;1;11;1;11;0;11;0;11;-1;10;-1;10;-1;3;-1;1;0;-1;0;-1;0;-1;0;0;-1;1;-1;5;-1;5;-1;5;-1;5;-1;6;-1;6;-1;6;-1;6;-1;6;-1;7;-1;7;-1;8;-1;8;0;8;0;9;0;9;0;10;0;10;0;11;0;11;1;12;1;12;2;13;2;13;2;13;1;14;1;15;2;15;127;0;24;-3;23;-3;23;-3;23;-3;22;-3;21;-3;20;-4;20;-4;19;-5;19;-5;19;-5;19;-5;19;-5;18;-5;18;-5;18;-5;18;-5;18;-5;18;-5;18;-5;17;-4;17;-3;16;-3;16;-2;16;-2;16;-1;16;0;16;0;5;0;1;0;-1;0;-1;0;-1;0;0;-1;3;-2;9;-3;9;-3;9;-3;10;-2;10;-2;11;-2;12;-2;13;-2;13;-2;14;-1;14;-1;15;0;15;0;16;0;16;1;17;0;17;0;18;0;18;0;18;-1;19;-1;20;-2;20;-2;21;-2;22;-2;23;-2;23;-2;24;-2,transition,EXP_S041,ZONE_01,entree_zone,4.7,entree_zone,entree dans la zone
473972717,-52,6,a0:9f:7a:73:2b:3e,384,-110;-96;8;0;5;11;3;4;1;-4;-1;-12;-2;-18;-4;-24;-4;-29;-5;-32;-5;-34;-5;-35;-5;-34;-4;-33;-4;-30;-3;-26;-2;-22;-2;-16;-2;-10;-3;-4;-4;2;-5;7;-6;12;-8;16;-10;19;-12;21;-14;22;-4;5;0;0;0;0;0;0;0;0;0;0;0;0;0;0;0;0;0;0;-3;-2;-12;-6;-14;-8;-16;-10;-18;-12;-20;-14;-21;-15;-22;-16;-21;-17;-20;-17;-17;-16;-15;-14;-12;-11;-8;-7;-5;-2;-2;3;2;8;5;14;8;19;11;24;13;28;15;32;16;34;16;36;16;36;15;34;14;32;112;0;-13;15;-13;15;-12;14;-12;14;-12;13;-12;13;-12;13;-11;13;-10;13;-10;13;-9;13;-9;13;-9;12;-9;12;-9;12;-9;12;-9;12;-9;11;-9;11;-9;10;-9;10;-9;9;-9;9;-9;9;-9;9;-9;8;-10;7;-10;7;-4;2;-2;0;0;-1;0;-1;0;-1;-1;0;-2;2;-5;7;-6;7;-6;7;-7;7;-7;8;-7;8;-7;8;-7;8;-8;8;-9;8;-9;8;-9;9;-10;9;-10;9;-10;9;-10;10;-10;10;-11;10;-11;10;-11;11;-11;12;-11;12;-11;13;-11;13;-12;13;-12;14;-13;14;-13;14;112;0;19;10;19;10;18;10;18;10;17;9;17;9;16;8;16;8;16;7;16;7;16;7;16;6;16;6;15;6;15;6;15;6;15;6;15;6;15;7;14;7;14;8;13;8;12;8;12;8;11;8;11;9;10;9;10;10;3;3;0;1;-1;-1;-1;-1;-1;-1;1;0;3;0;10;1;10;2;10;3;10;3;10;4;11;4;11;5;12;6;12;6;12;7;12;8;12;8;12;9;12;9;13;9;13;9;13;10;14;10;14;10;14;10;15;10;16;10;16;10;17;10;17;10;18;11;18;11;18;11,transition,EXP_S041,ZONE_01,entree_zone,4.7,entree_zone,entree dans la zone
474172329,-51,6,a0:9f:7a:73:2b:3e,384,-110;-96;8;0;7;-13;3;-7;-1;-1;-4;5;-7;10;-10;15;-12;18;-13;21;-14;23;-15;24;-15;24;-14;23;-13;21;-12;19;-10;15;-8;12;-6;8;-3;3;-1;-1;2;-5;5;-8;7;-11;9;-13;11;-14;12;-14;3;-4;0;0;0;0;0;0;0;0;0;0;0;0;0;0;0;0;0;0;-1;2;-3;9;-4;11;-6;14;-7;17;-8;19;-9;21;-10;22;-11;22;-11;21;-10;19;-9;17;-7;13;-5;9;-2;5;1;0;4;-5;7;-10;10;-15;12;-19;15;-24;16;-27;18;-30;18;-31;19;-31;18;-30;16;-28;106;0;31;-20;30;-19;29;-18;28;-17;28;-16;28;-16;27;-16;26;-17;25;-18;23;-18;22;-17;21;-17;21;-17;22;-16;22;-16;22;-17;21;-16;20;-16;19;-14;19;-13;19;-12;19;-11;19;-11;19;-11;18;-11;18;-10;17;-9;17;-8;6;-3;1;-1;-1;0;-1;0;-1;0;1;-2;4;-4;13;-11;14;-11;15;-11;16;-11;17;-11;17;-12;17;-12;18;-11;19;-10;20;-10;22;-10;23;-11;23;-11;23;-12;23;-12;23;-11;24;-11;25;-11;26;-12;27;-13;28;-14;28;-15;28;-16;28;-16;29;-16;30;-16;31;-17;32;-17;106;0;-19;-32;-19;-32;-19;-32;-18;-32;-17;-31;-16;-29;-16;-27;-16;-25;-17;-24;-18;-23;-18;-23;-18;-23;-17;-22;-16;-22;-15;-21;-15;-20;-15;-20;-15;-20;-15;-20;-14;-20;-13;-20;-12;-19;-11;-19;-11;-18;-11;-18;-10;-18;-9;-19;-8;-19;-3;-7;-1;-3;0;0;0;0;0;0;-2;-2;-5;-5;-14;-13;-13;-14;-13;-15;-12;-16;-12;-17;-13;-18;-13;-19;-14;-21;-14;-22;-13;-23;-13;-24;-12;-24;-13;-24;-13;-25;-13;-26;-13;-27;-13;-28;-13;-29;-13;-29;-13;-29;-14;-29;-16;-29;-17;-30;-18;-32;-18;-33;-18;-34;-18;-33;-18;-33,transition,EXP_S041,ZONE_01,entree_zone,4.7,entree_zone,entree dans la zone
474373095,-51,6,a0:9f:7a:73:2b:3e,384,-110;-96;8;0;-15;13;-8;8;-1;4;7;0;13;-4;19;-7;24;-9;28;-10;30;-11;32;-12;33;-11;32;-11;31;-9;28;-8;24;-6;19;-4;13;-3;7;-3;1;-2;-5;-3;-10;-4;-15;-5;-18;-6;-21;-8;-23;-10;-6;-3;0;0;0;0;0;0;0;0;0;0;0;0;0;0;0;0;0;0;0;-2;1;-9;1;-12;1;-15;2;-19;2;-22;3;-24;4;-26;5;-27;5;-27;6;-25;5;-23;4;-19;3;-15;0;-10;-3;-4;-6;1;-10;6;-14;12;-18;17;-22;21;-25;25;-28;27;-30;29;-31;29;-31;28;-29;27;107;0;-20;-5;-20;-5;-19;-5;-19;-5;-19;-5;-18;-4;-18;-4;-17;-4;-17;-3;-17;-3;-16;-3;-16;-2;-16;-3;-16;-3;-16;-3;-16;-3;-16;-3;-15;-3;-15;-3;-15;-3;-14;-3;-14;-3;-14;-3;-13;-4;-13;-4;-13;-4;-12;-5;-12;-5;-4;-2;-2;-1;0;0;0;0;0;0;-1;0;-3;-1;-8;-1;-8;-1;-9;-1;-9;-2;-9;-2;-10;-2;-10;-2;-11;-2;-11;-3;-12;-3;-12;-3;-13;-4;-13;-4;-13;-4;-13;-4;-14;-4;-14;-4;-14;-4;-15;-5;-16;-5;-16;-5;-17;-5;-17;-5;-18;-5;-18;-5;-19;-5;-19;-5;-19;-5;107;0;-8;21;-8;21;-8;21;-8;21;-7;20;-7;20;-6;19;-6;19;-5;18;-5;18;-4;18;-4;17;-4;17;-4;17;-4;17;-4;16;-4;16;-4;16;-4;15;-4;15;-5;15;-5;14;-5;14;-5;13;-5;13;-6;12;-7;12;-7;12;-3;4;-1;1;0;-1;0;-1;0;-1;-1;1;-1;3;-2;10;-2;10;-3;10;-3;11;-4;11;-4;11;-4;12;-5;13;-5;13;-5;14;-6;14;-6;14;-7;14;-7;15;-7;15;-8;15;-8;16;-8;16;-8;16;-8;17;-8;18;-8;19;-8;19;-8;20;-8;21;-8;21;-8;22;-8;22,transition,EXP_S041,ZONE_01,entree_zone,4.7,entree_zone,entree dans la zone
474575964,-52,6,a0:9f:7a:73:2b:3e,384,-110;-96;8;0;16;-11;9;-8;1;-5;-7;-3;-14;-1;-21;0;-26;1;-30;1;-33;1;-35;1;-36;1;-35;0;-33;-1;-30;-1;-26;-1;-22;-1;-16;-1;-10;1;-4;2;1;4;6;7;10;10;13;12;15;15;16;17;4;4;0;0;0;0;0;0;0;0;0;0;0;0;0;0;0;0;0;0;-1;1;-1;7;-1;10;-1;13;-2;17;-3;20;-4;23;-5;25;-7;25;-8;25;-8;24;-9;21;-8;17;-6;13;-3;8;0;4;5;-1;9;-6;14;-11;18;-15;23;-18;27;-21;31;-23;34;-24;35;-24;34;-23;33;-22;113;0;19;4;18;4;18;4;17;4;17;4;16;4;16;4;16;3;16;3;15;2;15;2;15;2;14;2;14;2;14;2;14;2;14;2;14;2;13;2;12;3;12;3;12;3;12;3;12;3;11;3;11;4;10;4;10;4;3;1;1;0;-1;-1;-1;0;-1;-1;0;-1;2;-1;7;-2;7;-1;8;-1;8;-1;9;0;9;0;10;0;10;0;10;0;11;1;11;1;12;2;12;2;13;2;13;2;13;2;13;3;13;3;14;3;15;4;15;4;16;3;16;3;17;3;17;4;17;4;18;4;18;5;113;0;8;-22;8;-22;8;-22;8;-22;8;-21;7;-20;7;-20;6;-19;5;-19;5;-19;5;-19;5;-19;5;-19;5;-18;5;-18;5;-18;5;-18;5;-17;6;-17;6;-17;7;-16;7;-15;7;-15;7;-14;7;-14;8;-13;8;-13;9;-12;3;-5;1;-2;-1;0;0;0;-1;0;-1;-2;-1;-4;-1;-11;0;-11;0;-11;1;-11;1;-12;2;-12;2;-13;2;-13;3;-14;4;-15;4;-15;5;-15;5;-15;5;-15;6;-16;6;-16;7;-17;7;-17;7;-17;7;-18;7;-18;7;-19;7;-20;7;-21;8;-22;8;-22;8;-22;8;-22,transition,EXP_S041,ZONE_01,entree_zone,4.7,entree_zone,entree dans la zone
474772442,-54,6,a0:9f:7a:73:2b:3e,384,-110;-96;8;0;2;19;0;12;-2;5;-5;-2;-8;-8;-12;-13;-15;-17;-18;-20;-20;-22;-22;-23;-23;-23;-24;-22;-23;-20;-21;-18;-19;-15;-16;-12;-12;-9;-7;-6;-2;-2;3;0;7;3;11;5;14;7;17;8;19;9;5;2;0;0;0;0;0;0;0;0;0;0;0;0;0;0;0;0;0;0;-1;-1;-1;-5;0;-8;2;-11;3;-14;5;-17;6;-20;7;-22;8;-23;8;-24;8;-23;8;-21;7;-19;7;-15;5;-10;4;-5;3;1;2;7;2;13;2;19;2;25;3;30;3;34;4;37;5;38;6;38;6;37;89;0;-9;20;-9;19;-9;19;-9;18;-9;17;-9;17;-9;17;-8;16;-8;16;-7;16;-7;15;-7;15;-7;14;-7;14;-7;14;-7;14;-6;14;-6;14;-6;13;-7;12;-7;12;-7;11;-7;11;-7;11;-7;10;-7;10;-8;9;-8;9;-3;3;-1;0;0;-1;-1;-1;0;-1;0;0;0;3;0;8;-1;9;-1;9;-2;10;-2;10;-2;11;-2;11;-3;11;-3;12;-4;12;-4;13;-5;13;-5;14;-5;14;-6;14;-6;14;-6;14;-7;15;-7;15;-8;16;-8;16;-8;17;-8;17;-8;18;-8;18;-9;18;-9;19;-10;19;89;0;13;10;13;10;13;10;13;10;13;10;12;9;12;9;12;8;12;8;12;7;12;7;12;7;12;7;11;7;11;7;11;7;11;7;11;7;11;7;11;8;10;8;10;8;9;8;9;8;9;8;8;8;8;9;7;9;2;3;0;1;-1;-1;-1;-1;-1;-1;0;0;2;0;6;2;6;2;6;3;6;3;6;4;7;4;7;4;8;5;8;6;8;6;8;7;8;7;8;7;8;7;8;8;9;8;9;8;9;9;9;9;9;9;10;9;11;9;11;9;12;9;13;10;13;10;13;10;13;10,transition,EXP_S041,ZONE_01,entree_zone,4.7,entree_zone,entree dans la zone
474973903,-53,6,a0:9f:7a:73:2b:3e,384,-110;-96;8;0;-7;-27;-5;-18;-2;-9;0;1;3;10;5;18;8;24;10;30;12;34;14;36;15;37;16;37;16;36;16;33;14;29;12;24;10;18;8;12;5;5;3;-2;0;-9;-2;-15;-3;-20;-4;-25;-5;-28;-2;-8;0;0;0;0;0;0;0;0;0;0;0;0;0;0;0;0;0;0;0;0;3;4;4;8;5;12;7;17;8;22;8;26;8;30;8;32;7;33;6;33;5;31;3;27;2;22;0;16;-1;9;-2;1;-3;-7;-4;-15;-6;-24;-8;-31;-9;-38;-10;-44;-10;-48;-11;-50;-11;-50;-11;-49;94;0;14;-22;14;-22;13;-21;13;-20;12;-20;12;-20;11;-19;10;-19;9;-19;8;-19;8;-18;7;-18;7;-18;7;-18;7;-18;7;-18;7;-18;7;-17;6;-17;6;-16;6;-16;6;-15;6;-15;6;-15;6;-15;7;-14;7;-14;7;-13;2;-5;0;-2;-1;0;-1;0;-1;0;0;-2;1;-4;4;-12;5;-12;5;-12;6;-12;6;-13;7;-13;7;-14;8;-14;8;-14;9;-14;9;-15;10;-15;11;-15;11;-16;12;-16;12;-16;12;-16;12;-16;13;-16;13;-17;13;-18;13;-19;13;-19;14;-20;14;-20;14;-20;15;-21;15;-21;94;0;-15;-21;-15;-21;-15;-20;-15;-20;-15;-19;-15;-18;-15;-17;-15;-17;-15;-16;-15;-15;-15;-15;-16;-15;-16;-15;-16;-15;-16;-15;-16;-14;-16;-14;-16;-14;-16;-14;-16;-14;-15;-15;-14;-15;-14;-15;-13;-15;-13;-15;-12;-16;-11;-16;-10;-17;-4;-6;-1;-2;0;0;0;0;0;0;-1;-1;-3;-3;-8;-9;-8;-9;-8;-10;-7;-11;-7;-11;-7;-12;-8;-12;-8;-13;-8;-14;-8;-15;-8;-15;-7;-16;-7;-16;-7;-16;-7;-17;-8;-18;-8;-18;-8;-18;-8;-19;-9;-19;-10;-19;-11;-19;-11;-19;-12;-20;-13;-20;-13;-21;-13;-21;-14;-22,transition,EXP_S041,ZONE_01,entree_zone,4.7,entree_zone,entree dans la zone
475180151,-52,6,a0:9f:7a:73:2b:3e,384,-110;-96;8;0;-14;18;-8;12;-2;6;4;0;9;-5;14;-10;19;-14;22;-16;25;-18;27;-20;27;-20;28;-20;27;-19;24;-17;21;-15;18;-12;13;-10;8;-7;2;-5;-4;-3;-9;-2;-14;-2;-18;-1;-22;-2;-24;-2;-7;-1;0;0;0;0;0;0;0;0;0;0;0;0;0;0;0;0;0;0;0;-2;-1;-6;-2;-9;-3;-13;-3;-16;-3;-20;-3;-24;-3;-26;-2;-28;-1;-29;1;-28;1;-26;2;-23;2;-18;1;-13;-1;-7;-3;-1;-6;5;-8;12;-11;18;-14;24;-17;28;-20;32;-22;34;-24;35;-24;35;-23;33;110;0;-18;10;-18;10;-17;9;-16;8;-16;8;-17;7;-16;8;-16;8;-15;9;-14;9;-13;9;-13;8;-13;8;-13;8;-13;8;-13;8;-13;8;-12;8;-12;7;-11;6;-11;6;-12;5;-12;6;-12;6;-11;6;-11;5;-11;5;-11;4;-4;1;-2;0;0;-1;0;-1;0;-1;-1;0;-2;2;-5;5;-6;5;-7;5;-7;6;-8;6;-8;6;-8;7;-9;6;-9;6;-10;6;-11;6;-12;6;-12;7;-13;7;-13;7;-13;7;-13;7;-13;6;-14;6;-15;7;-16;8;-16;8;-16;9;-16;9;-16;8;-17;8;-18;8;-18;8;110;0;5;21;5;21;5;21;5;21;5;20;4;20;4;18;5;17;5;17;6;17;6;17;6;17;6;17;6;16;6;16;6;16;6;15;6;16;6;16;5;16;5;16;4;15;3;15;3;14;3;14;2;14;2;15;1;15;0;5;-1;1;-1;-1;-1;-1;-1;-1;0;0;1;3;4;8;4;9;4;9;3;10;3;10;3;11;3;12;3;13;3;14;2;14;2;15;1;15;1;15;2;15;2;16;2;16;2;17;1;17;1;17;2;17;2;18;3;18;4;19;4;20;4;21;4;21;4;22;4;22,transition,EXP_S041,ZONE_01,entree_zone,4.7,entree_zone,entree dans la zone
475385568,-55,6,a0:9f:7a:73:2b:3e,384,-110;-96;8;0;-3;19;-1;12;2;5;5;-2;8;-7;12;-12;15;-16;17;-20;19;-22;20;-23;20;-23;21;-23;20;-22;19;-20;17;-18;14;-15;10;-12;5;-10;0;-8;-4;-6;-9;-5;-13;-5;-17;-5;-20;-5;-22;-6;-6;-2;0;0;0;0;0;0;0;0;0;0;0;0;0;0;0;0;0;0;-1;-1;-4;-2;-6;-3;-9;-4;-12;-6;-15;-8;-16;-10;-17;-12;-18;-14;-18;-16;-16;-16;-15;-16;-12;-15;-10;-12;-7;-8;-5;-4;-3;1;-1;6;0;12;1;18;1;24;1;29;0;32;-1;35;-2;36;-3;36;-3;35;118;0;-15;8;-15;8;-15;7;-14;7;-14;7;-13;7;-13;7;-12;7;-12;7;-11;7;-11;7;-11;7;-11;7;-11;7;-11;7;-11;7;-11;7;-10;6;-10;6;-10;6;-10;6;-9;5;-9;5;-9;5;-9;5;-9;4;-9;4;-9;3;-4;1;-1;0;0;-1;0;-1;0;-1;-1;0;-2;1;-4;5;-5;5;-5;5;-6;5;-6;5;-6;5;-7;5;-7;6;-8;6;-8;6;-9;6;-9;6;-10;6;-10;6;-10;6;-11;6;-11;6;-11;6;-12;6;-12;6;-13;7;-13;7;-13;7;-14;7;-14;7;-14;8;-15;8;-15;8;118;0;6;20;6;19;6;19;6;19;6;18;6;18;6;17;7;17;7;17;7;16;7;16;7;16;7;16;7;16;7;16;7;16;7;16;7;16;6;16;6;16;5;16;5;16;4;15;4;15;3;15;2;15;1;16;0;16;0;5;-1;1;-1;-1;-1;-1;-1;-1;0;0;1;2;3;6;3;6;3;7;3;7;3;8;3;8;3;9;3;10;3;10;3;11;3;11;3;12;2;12;2;13;2;13;2;13;2;14;2;14;3;15;3;15;3;16;4;16;4;17;4;17;5;18;5;18;5;19;5;19,transition,EXP_S041,ZONE_01,entree_zone,4.7,entree_zone,entree dans la zone
475573259,-54,6,a0:9f:7a:73:2b:3e,384,-110;-96;8;0;-5;30;-3;22;0;15;3;7;6;0;10;-7;13;-13;16;-17;18;-21;20;-23;21;-25;22;-25;22;-24;21;-23;19;-21;17;-18;13;-15;9;-13;4;-10;-1;-8;-5;-6;-10;-5;-14;-4;-18;-3;-20;-3;-6;-1;0;0;0;0;0;0;0;0;0;0;0;0;0;0;0;0;0;0;0;0;1;-1;-2;-2;-6;-3;-10;-5;-14;-8;-18;-12;-20;-15;-22;-18;-22;-21;-21;-23;-19;-24;-17;-23;-14;-20;-11;-17;-9;-12;-6;-6;-4;0;-2;7;-1;15;0;22;0;29;-1;35;-2;40;-3;43;-4;45;-4;45;114;0;-14;14;-13;14;-12;13;-12;13;-11;12;-11;12;-11;12;-10;12;-10;12;-9;12;-8;11;-8;11;-8;10;-8;10;-8;10;-7;10;-7;10;-7;10;-6;9;-6;9;-6;8;-6;8;-6;8;-6;8;-6;8;-6;8;-6;7;-6;7;-2;2;-1;0;0;-1;0;-1;0;-1;-1;0;-1;3;-3;8;-4;8;-5;8;-5;9;-6;9;-7;9;-7;10;-7;10;-8;10;-8;10;-9;10;-9;10;-10;10;-10;11;-11;11;-11;11;-11;11;-11;11;-12;11;-12;11;-12;12;-12;13;-12;13;-12;13;-12;13;-13;13;-13;13;-13;13;114;0;4;24;4;24;4;23;5;23;5;22;5;21;6;20;6;20;6;19;7;18;7;18;7;18;7;17;7;17;8;17;8;16;8;16;8;16;8;15;8;15;7;15;7;15;6;14;6;14;6;14;5;14;5;14;4;14;1;5;0;1;-1;-1;-1;-1;-1;-1;0;0;0;3;1;9;0;9;0;10;0;10;0;11;0;11;0;12;0;13;0;14;0;14;-1;15;-1;15;-1;16;-1;16;-1;17;-1;17;-1;18;-1;18;-1;19;0;19;0;20;1;20;2;21;2;22;2;23;2;24;3;24;3;24,transition,EXP_S041,ZONE_01,entree_zone,4.7,entree_zone,entree dans la zone
475772452,-58,6,a0:9f:7a:73:2b:3e,384,-110;-96;8;0;-18;13;-9;10;0;8;8;6;15;6;22;6;27;6;31;7;34;8;34;9;34;10;32;10;30;10;26;9;22;8;17;5;12;2;7;-2;3;-6;0;-11;-2;-15;-3;-19;-4;-22;-3;-25;-2;-27;-1;-7;0;0;0;0;0;0;0;0;0;0;0;0;0;0;0;0;0;0;-1;-3;-3;-10;-6;-12;-8;-16;-11;-21;-12;-25;-13;-29;-13;-33;-11;-35;-9;-35;-7;-34;-5;-32;-4;-27;-4;-21;-4;-15;-6;-8;-9;-1;-12;6;-16;12;-21;18;-25;23;-30;27;-33;29;-36;30;-37;29;-37;27;-36;25;126;0;-20;-5;-19;-5;-18;-5;-17;-5;-17;-5;-17;-5;-17;-5;-17;-4;-16;-3;-15;-2;-15;-2;-14;-2;-14;-2;-14;-2;-14;-2;-14;-2;-14;-1;-13;-1;-13;-1;-12;-2;-12;-2;-12;-2;-12;-2;-12;-1;-11;-1;-11;-2;-11;-2;-10;-3;-4;-1;-1;-1;0;0;0;0;0;0;-2;0;-4;-1;-10;-1;-11;-2;-11;-3;-12;-3;-12;-4;-13;-4;-13;-4;-13;-4;-13;-5;-13;-5;-13;-6;-14;-6;-14;-6;-15;-6;-15;-6;-15;-6;-15;-7;-15;-7;-15;-7;-16;-7;-17;-7;-17;-6;-17;-6;-18;-6;-18;-6;-18;-6;-19;-7;-19;-7;126;0;-10;25;-10;25;-9;25;-8;24;-8;24;-7;23;-6;22;-4;22;-3;21;-3;21;-2;21;-2;21;-2;20;-1;20;-1;19;0;19;0;19;0;19;0;19;0;18;0;18;0;17;0;16;0;16;0;16;0;16;-1;16;-1;16;-1;6;-1;1;-1;-1;0;-1;0;-1;-1;1;-3;5;-8;14;-9;14;-10;14;-11;14;-11;14;-11;14;-12;15;-12;15;-13;16;-14;16;-14;16;-15;16;-15;16;-15;16;-15;17;-15;17;-15;18;-15;18;-15;19;-14;19;-14;20;-13;21;-13;22;-13;23;-13;24;-13;24;-12;25;-12;25,transition,EXP_S041,ZONE_01,entree_zone,4.7,entree_zone,entree dans la zone
475981595,-62,6,a0:9f:7a:73:2b:3e,384,-110;-96;8;0;-10;0;-5;7;-1;15;2;22;4;28;5;33;4;36;3;38;3;38;2;37;1;35;0;32;0;28;0;22;0;16;2;10;5;3;8;-2;11;-7;15;-11;18;-14;21;-15;23;-16;26;-15;27;-14;7;-4;0;0;0;0;0;0;0;0;0;0;0;0;0;0;0;0;0;0;2;-2;8;-9;10;-10;12;-12;14;-13;17;-13;18;-14;19;-14;19;-13;18;-12;16;-10;13;-9;10;-8;5;-7;-1;-7;-7;-7;-13;-8;-19;-9;-24;-11;-29;-13;-33;-15;-36;-18;-37;-19;-36;-20;-34;-20;-32;-19;-29;-18;115;0;7;-18;7;-18;7;-17;7;-17;7;-17;6;-17;6;-16;6;-16;5;-15;5;-15;5;-15;5;-15;4;-15;4;-15;4;-15;4;-15;4;-14;4;-14;4;-14;4;-14;4;-13;4;-13;4;-13;4;-13;5;-12;5;-12;6;-12;6;-12;2;-4;0;-2;-1;0;-1;0;-1;0;0;-1;0;-3;2;-7;2;-7;2;-7;2;-7;3;-8;3;-8;3;-8;3;-9;3;-9;3;-9;4;-10;4;-10;4;-10;4;-10;5;-11;5;-11;5;-12;5;-12;5;-13;5;-13;5;-14;5;-14;5;-15;6;-15;6;-16;6;-17;6;-17;7;-17;115;0;-28;4;-27;4;-26;4;-25;4;-25;5;-24;5;-23;6;-22;6;-22;6;-21;6;-21;6;-21;6;-21;7;-21;7;-20;7;-20;7;-20;7;-19;7;-19;7;-18;7;-18;7;-18;6;-17;5;-17;5;-17;4;-17;4;-17;3;-17;3;-6;1;-2;0;0;-1;0;-1;0;0;-2;0;-4;0;-11;0;-11;0;-12;0;-12;-1;-12;-1;-13;-1;-13;-1;-14;0;-15;0;-16;-1;-16;-1;-16;-1;-17;-1;-17;-2;-18;-2;-19;-1;-19;-1;-20;-1;-20;0;-21;0;-21;1;-22;2;-23;2;-24;2;-25;2;-26;3;-26;3;-27;3,transition,EXP_S041,ZONE_01,entree_zone,4.7,entree_zone,entree dans la zone
476176502,-63,6,a0:9f:7a:73:2b:3e,384,-110;-96;8;0;-10;11;-13;17;-16;22;-18;27;-20;30;-21;31;-20;32;-19;31;-18;30;-15;27;-13;24;-10;20;-7;16;-3;11;0;6;4;2;8;-2;12;-6;15;-9;18;-10;20;-12;22;-13;22;-14;23;-13;23;-13;5;-3;0;0;0;0;0;0;0;0;0;0;0;0;0;0;0;0;0;0;1;4;6;17;5;20;4;22;2;24;0;25;-1;24;-3;22;-4;18;-5;14;-5;9;-5;3;-4;-3;-2;-9;0;-15;2;-20;4;-24;6;-28;7;-31;8;-32;9;-33;8;-33;7;-31;6;-28;5;-23;2;-17;0;-13;97;0;16;9;16;8;16;8;15;8;15;7;14;7;14;7;14;7;13;6;13;6;13;5;13;5;13;5;12;5;12;5;12;5;11;5;11;5;11;5;11;5;10;5;10;5;10;5;10;4;10;5;9;5;9;5;9;6;3;2;0;0;-1;-1;-1;0;-1;-1;1;-1;4;-1;12;0;13;0;13;1;13;2;13;3;13;4;13;4;13;5;13;5;13;6;13;7;13;7;13;7;13;7;12;7;12;8;12;8;12;8;13;8;13;8;13;8;14;8;14;8;15;8;15;9;16;9;16;8;16;8;97;0;-20;-13;-20;-13;-19;-14;-19;-13;-19;-13;-18;-13;-18;-13;-18;-12;-18;-12;-17;-12;-17;-12;-17;-12;-16;-12;-16;-12;-16;-12;-15;-12;-14;-12;-14;-12;-13;-13;-12;-13;-12;-12;-11;-12;-10;-12;-10;-12;-9;-12;-8;-12;-7;-12;-7;-13;-3;-5;-1;-2;0;0;0;0;0;0;-1;-1;-3;-3;-8;-7;-7;-7;-7;-7;-7;-8;-7;-8;-7;-8;-7;-8;-8;-8;-8;-9;-8;-9;-8;-9;-9;-9;-9;-9;-10;-10;-10;-10;-10;-10;-11;-10;-11;-10;-12;-10;-12;-10;-13;-10;-14;-10;-15;-11;-16;-11;-17;-11;-18;-11;-18;-12;-19;-12,transition,EXP_S041,ZONE_01,entree_zone,4.7,entree_zone,entree dans la zone
476375840,-62,6,a0:9f:7a:73:2b:3e,384,-110;-96;8;0;8;18;9;23;10;27;12;29;15;30;17;30;18;28;19;25;19;21;18;17;15;13;12;10;8;8;3;6;-2;5;-7;5;-11;6;-15;7;-18;8;-19;10;-20;12;-20;14;-19;15;-18;15;-17;14;-4;3;0;0;0;0;0;0;0;0;0;0;0;0;0;0;0;0;0;0;-1;-5;-4;-19;-5;-22;-5;-25;-6;-27;-6;-28;-6;-28;-6;-27;-5;-26;-3;-23;0;-20;3;-17;7;-13;12;-10;16;-8;20;-7;24;-6;27;-6;29;-7;31;-8;31;-10;30;-11;27;-11;24;-10;21;-7;17;-4;15;0;56;0;46;11;46;12;45;12;44;12;43;12;42;12;40;11;38;11;36;10;35;11;34;11;34;11;34;12;34;11;33;11;32;11;30;12;29;12;28;13;27;14;26;14;25;14;25;14;24;14;22;14;21;15;20;16;19;17;6;6;1;2;-1;-1;-2;1;-1;0;1;-3;7;-9;22;-25;24;-23;27;-22;29;-20;31;-19;32;-18;33;-16;35;-14;37;-12;39;-10;40;-8;41;-7;42;-5;42;-4;42;-3;42;-1;43;1;43;2;44;3;44;4;44;4;45;5;45;6;46;7;47;8;48;8;49;8;50;8;56;0;-29;-2;-28;-3;-27;-4;-26;-4;-25;-4;-25;-3;-26;-2;-27;-2;-28;-2;-28;-4;-26;-5;-24;-6;-23;-6;-23;-6;-23;-6;-24;-6;-24;-8;-23;-9;-21;-11;-19;-12;-18;-11;-17;-11;-16;-10;-16;-11;-15;-12;-14;-13;-12;-14;-11;-15;-4;-6;-1;-2;0;0;1;0;0;0;-3;-1;-7;-2;-18;-5;-17;-5;-17;-6;-16;-6;-16;-6;-17;-7;-17;-7;-17;-9;-16;-10;-15;-10;-14;-9;-13;-8;-14;-7;-15;-7;-15;-8;-15;-8;-15;-8;-15;-7;-15;-5;-16;-4;-18;-3;-20;-3;-21;-3;-22;-4;-22;-3;-22;-3;-23;-1;-24;0,stable,EXP_S041,ZONE_01,entree_zone,4.7,entree_zone,entree dans la zone
476578471,-64,6,a0:9f:7a:73:2b:3e,384,-110;-96;8;0;-3;-25;-3;-28;-4;-30;-5;-31;-7;-32;-10;-31;-12;-29;-13;-26;-14;-23;-13;-19;-11;-15;-9;-13;-6;-12;-2;-11;1;-11;5;-12;7;-13;9;-15;10;-17;10;-19;9;-20;8;-20;7;-20;5;-20;4;-19;1;-5;0;0;0;0;0;0;0;0;0;0;0;0;0;0;0;0;0;0;-5;0;-19;2;-22;2;-25;2;-27;2;-28;3;-28;3;-28;3;-27;2;-25;1;-23;-1;-21;-3;-19;-6;-18;-9;-17;-12;-18;-15;-19;-18;-20;-19;-21;-20;-22;-20;-23;-19;-23;-19;-22;-17;-20;-16;-17;-15;-14;-15;-11;-16;33;0;-30;-43;-29;-42;-28;-42;-27;-41;-26;-40;-25;-38;-24;-37;-23;-36;-23;-34;-22;-34;-22;-33;-22;-32;-21;-32;-21;-31;-20;-31;-19;-31;-18;-31;-17;-31;-15;-31;-15;-30;-14;-29;-13;-29;-12;-28;-12;-27;-11;-27;-9;-27;-7;-27;-6;-27;-2;-10;-1;-4;0;0;2;-1;1;0;-4;0;-13;1;-36;2;-37;0;-37;-3;-38;-6;-39;-8;-39;-11;-39;-13;-40;-16;-40;-19;-40;-22;-39;-24;-39;-26;-38;-28;-37;-29;-35;-31;-34;-32;-33;-34;-33;-35;-33;-35;-32;-36;-32;-37;-32;-38;-32;-39;-32;-40;-32;-41;-32;-42;-32;-43;-31;-44;33;0;16;8;16;8;15;9;15;9;14;9;14;9;15;9;16;9;16;10;16;11;15;11;14;11;12;11;12;10;12;11;11;11;11;12;9;12;8;13;7;12;6;12;6;11;6;11;5;11;4;11;3;11;1;11;-1;10;-1;3;-1;1;-1;-1;-1;-1;-1;-1;1;1;2;4;7;12;6;12;5;12;4;12;4;12;4;12;3;13;2;13;1;13;1;12;0;10;1;9;1;9;2;9;2;9;2;9;2;8;2;7;3;6;5;5;7;5;8;5;9;6;9;6;9;5;10;5;12;4;13;4,stable,EXP_S041,ZONE_01,entree_zone,4.7,entree_zone,entree dans la zone
476777517,-66,6,a0:9f:7a:73:2b:3e,384,-110;-96;8;0;-9;22;-10;27;-11;31;-10;33;-8;36;-5;37;-3;35;-1;33;1;29;2;25;2;20;1;15;-1;10;-4;4;-7;0;-11;-4;-14;-7;-17;-9;-20;-11;-23;-11;-25;-11;-25;-10;-25;-10;-24;-9;-23;-8;-6;-2;0;0;0;0;0;0;0;0;0;0;0;0;0;0;0;0;0;0;-2;-5;-5;-21;-4;-23;-4;-25;-4;-26;-3;-26;-2;-25;-1;-23;1;-21;3;-17;6;-14;9;-10;13;-6;17;-2;20;1;23;3;26;4;28;4;30;3;31;2;30;1;28;-1;25;-1;21;0;16;1;10;4;6;6;59;0;14;17;14;17;13;18;13;18;12;17;12;17;12;16;12;15;11;15;11;15;10;15;10;15;10;15;10;15;10;15;9;15;8;15;7;15;6;15;6;15;6;15;6;15;6;14;5;14;4;15;3;15;2;15;1;15;0;5;0;1;-1;-1;-1;0;-1;0;1;-1;5;-2;15;-4;15;-3;16;-1;17;0;17;1;17;2;17;3;17;5;17;6;17;7;17;8;17;9;17;10;16;10;16;11;15;12;15;13;15;13;15;13;14;14;14;14;14;15;14;15;14;16;14;16;15;17;15;17;15;17;59;0;-15;-8;-15;-8;-14;-8;-14;-9;-13;-9;-13;-9;-13;-9;-14;-9;-14;-9;-13;-9;-12;-9;-11;-10;-11;-10;-10;-10;-10;-10;-10;-10;-9;-10;-9;-11;-7;-11;-6;-11;-6;-11;-5;-10;-5;-10;-4;-10;-4;-10;-3;-10;-2;-10;-1;-10;-1;-4;0;-1;0;0;0;0;0;0;-1;-1;-3;-1;-7;-3;-7;-3;-6;-3;-6;-4;-7;-4;-7;-5;-7;-5;-7;-5;-6;-5;-6;-5;-6;-5;-6;-4;-7;-4;-7;-4;-7;-5;-7;-5;-8;-5;-8;-4;-8;-4;-9;-4;-10;-4;-11;-4;-12;-5;-12;-6;-12;-6;-13;-6;-13;-5;-14;-5,stable,EXP_S041,ZONE_01,entree_zone,4.7,entree_zone,entree dans la zone
476974110,-67,6,a0:9f:7a:73:2b:3e,384,-110;-96;8;0;16;7;22;8;27;9;31;9;33;9;34;9;34;9;33;8;30;7;26;6;21;4;16;3;10;1;5;-1;-1;-2;-7;-4;-12;-7;-16;-9;-19;-11;-21;-13;-23;-13;-24;-14;-24;-15;-22;-15;-20;-16;-5;-4;0;0;0;0;0;0;0;0;0;0;0;0;0;0;0;0;0;0;4;-1;17;-3;19;-3;19;-1;20;0;19;1;18;2;16;3;13;3;8;3;4;2;-2;2;-7;1;-11;-1;-16;-3;-20;-4;-24;-5;-27;-6;-28;-7;-29;-6;-30;-6;-29;-5;-26;-4;-23;-3;-18;-2;-12;-1;-6;0;105;0;6;-17;6;-17;6;-17;6;-17;5;-17;5;-16;5;-16;6;-16;5;-15;5;-15;5;-15;5;-15;5;-14;5;-14;5;-15;5;-14;5;-14;5;-14;5;-14;5;-13;5;-13;5;-13;5;-13;5;-12;6;-12;6;-12;7;-11;7;-11;2;-4;0;-2;-1;0;0;0;-1;0;-1;-1;-1;-4;-2;-10;-1;-11;-1;-11;0;-12;1;-12;1;-12;2;-12;2;-12;3;-13;3;-13;3;-13;4;-13;4;-13;5;-13;5;-13;5;-13;5;-13;5;-13;5;-13;5;-14;5;-14;5;-14;5;-15;5;-16;6;-16;6;-17;6;-17;6;-17;105;0;-5;20;-6;20;-6;20;-6;19;-5;19;-5;18;-5;18;-6;18;-6;18;-6;18;-6;17;-5;16;-5;16;-5;15;-5;15;-5;15;-6;15;-6;14;-6;14;-6;13;-6;12;-6;12;-6;12;-7;11;-7;11;-7;10;-8;9;-8;9;-3;3;-1;0;0;-1;0;-1;0;-1;-1;0;-1;2;-2;7;-2;7;-3;7;-3;8;-3;8;-3;8;-3;8;-4;9;-3;9;-3;9;-4;10;-4;10;-4;10;-4;10;-4;11;-4;11;-4;11;-4;12;-3;12;-3;13;-3;14;-4;15;-4;15;-4;16;-4;17;-4;18;-4;19;-4;19,stable,EXP_S041,ZONE_01,entree_zone,4.7,entree_zone,entree dans la zone
477172320,-59,6,a0:9f:7a:73:2b:3e,384,-110;-96;8;0;2;8;1;-1;1;-9;1;-17;1;-23;0;-29;0;-32;0;-34;0;-36;-1;-35;-1;-34;-1;-31;-1;-27;-2;-23;-2;-17;-2;-12;-3;-5;-4;1;-4;6;-5;12;-6;16;-8;20;-9;22;-10;24;-11;24;-3;6;0;0;0;0;0;0;0;0;0;0;0;0;0;0;0;0;0;0;-2;-2;-8;-8;-10;-11;-13;-14;-15;-17;-16;-20;-16;-23;-16;-25;-16;-25;-14;-25;-12;-23;-10;-20;-7;-15;-5;-10;-3;-3;-1;4;1;10;2;17;3;23;5;30;6;35;7;38;7;40;6;41;5;40;5;37;4;33;98;0;-10;18;-10;17;-10;16;-10;16;-10;15;-9;16;-9;16;-8;16;-7;15;-6;15;-6;14;-6;14;-6;14;-6;14;-5;14;-5;14;-4;14;-4;13;-4;12;-5;12;-5;12;-5;12;-5;12;-4;12;-4;11;-4;11;-5;10;-5;10;-2;3;-1;1;0;-1;0;-1;0;-1;-1;0;-1;3;-3;9;-4;9;-4;10;-5;10;-5;11;-5;11;-5;11;-6;11;-7;11;-8;11;-8;12;-9;12;-9;13;-9;13;-9;13;-9;12;-10;12;-10;12;-11;13;-11;14;-11;15;-10;16;-10;16;-10;15;-11;16;-11;16;-11;17;-11;17;98;0;22;2;22;2;22;2;22;2;21;2;20;1;19;0;18;-1;18;-2;18;-3;18;-3;18;-3;17;-3;17;-3;16;-4;16;-4;16;-4;16;-4;16;-4;16;-4;15;-3;14;-3;14;-3;14;-4;14;-3;14;-3;14;-2;14;-2;5;-1;1;0;-1;0;-1;-1;-1;-1;1;0;4;0;11;1;10;2;10;2;10;3;11;3;11;3;12;3;13;4;14;5;14;6;14;6;14;6;14;6;15;6;15;6;16;6;16;7;16;7;16;6;17;6;17;5;19;5;20;4;21;5;21;5;21;5;21;4;21;4,stable,EXP_S041,ZONE_01,entree_zone,4.7,entree_zone,entree dans la zone
477372285,-58,6,a0:9f:7a:73:2b:3e,384,-110;-96;8;0;14;8;14;1;15;-5;17;-11;19;-15;21;-19;23;-20;25;-21;26;-21;26;-20;25;-18;23;-17;20;-15;17;-14;13;-13;9;-12;5;-13;1;-14;-3;-15;-5;-17;-7;-19;-8;-21;-8;-22;-8;-22;-7;-23;-2;-6;0;0;0;0;0;0;0;0;0;0;0;0;0;0;0;0;0;0;0;2;0;9;0;12;-1;16;-2;20;-5;23;-7;25;-11;26;-13;25;-15;24;-16;21;-15;18;-13;14;-8;12;-3;10;2;9;8;10;14;12;19;15;24;18;27;21;28;25;29;28;28;30;26;30;24;29;21;27;-117;0;-17;23;-17;22;-17;21;-16;20;-16;19;-15;19;-14;18;-13;18;-12;17;-11;17;-10;16;-10;15;-10;15;-9;15;-9;15;-9;15;-8;14;-8;13;-8;12;-8;11;-7;11;-7;11;-6;11;-6;11;-6;10;-5;9;-6;8;-6;7;-2;2;-1;0;0;-1;0;-1;0;-1;-1;1;-2;5;-5;14;-6;14;-7;14;-8;15;-9;15;-9;16;-10;16;-10;16;-11;16;-12;16;-14;17;-14;17;-15;18;-15;18;-15;18;-16;18;-16;17;-16;17;-17;18;-17;18;-17;19;-17;20;-17;20;-18;20;-18;21;-18;21;-19;21;-18;21;-117;0;52;16;52;15;52;14;51;12;50;10;48;8;47;7;46;5;45;3;44;2;43;0;42;-2;42;-3;41;-4;41;-5;41;-6;40;-6;39;-7;38;-7;38;-7;37;-7;36;-7;35;-7;34;-7;34;-7;33;-6;33;-4;33;-3;11;-1;3;-1;-2;0;-2;-1;-1;-1;2;0;7;3;22;9;22;10;22;11;23;13;24;14;25;15;26;16;27;17;29;18;29;20;30;21;31;22;32;22;32;23;33;23;34;24;35;24;36;24;37;24;39;24;41;23;43;22;45;22;47;22;49;21;50;21;51;19;52;18,stable,EXP_S041,ZONE_01,entree_zone,4.7,entree_zone,entree dans la zone
477580212,-56,6,a0:9f:7a:73:2b:3e,384,-110;-96;8;0;8;22;4;14;0;6;-5;-1;-10;-8;-15;-13;-20;-17;-24;-20;-27;-22;-30;-22;-32;-22;-32;-20;-31;-17;-30;-15;-26;-12;-22;-9;-16;-6;-10;-3;-4;0;3;2;9;4;14;5;19;6;24;7;26;7;6;1;0;0;0;0;0;0;0;0;0;0;0;0;0;0;0;0;0;0;-1;-1;-4;-3;-4;-6;-3;-10;-3;-14;-2;-18;-1;-22;-1;-25;0;-27;1;-28;2;-28;3;-27;4;-24;4;-19;4;-14;4;-8;4;-2;5;5;6;13;7;20;9;27;11;33;12;38;13;42;14;43;15;43;15;41;86;0;-3;25;-3;25;-3;23;-3;22;-3;22;-3;21;-2;21;-2;21;0;21;1;20;1;19;1;18;1;18;1;18;1;18;1;18;2;17;2;16;2;15;2;15;1;15;1;15;1;15;2;15;2;14;2;14;1;13;1;13;0;4;-1;1;-1;-1;-1;-1;-1;-1;0;0;0;3;2;9;1;9;1;10;0;11;0;11;0;12;0;13;0;13;-1;14;-1;14;-2;15;-2;16;-3;17;-3;17;-3;18;-3;18;-4;18;-4;18;-5;19;-5;20;-4;21;-4;22;-4;22;-4;22;-4;23;-4;23;-5;24;-5;25;86;0;18;7;19;7;19;7;19;7;19;7;18;6;17;5;17;4;17;3;17;2;17;1;18;1;18;1;17;1;17;1;17;0;17;0;18;-1;18;0;18;0;18;0;17;1;17;1;16;0;16;0;17;1;17;1;17;2;6;1;1;0;-1;-1;-1;-1;-1;-1;0;0;2;0;6;2;6;3;5;3;5;3;6;3;6;3;7;4;8;4;8;5;9;6;9;7;9;7;9;7;9;7;10;7;11;7;11;8;12;8;12;9;12;8;12;8;14;8;15;8;16;8;17;9;18;9;18;9;18;9,stable,EXP_S041,ZONE_01,entree_zone,4.7,entree_zone,entree dans la zone
477772488,-54,6,a0:9f:7a:73:2b:3e,384,-110;-96;8;0;6;29;4;20;3;10;1;1;-1;-8;-3;-16;-6;-23;-8;-29;-10;-33;-13;-35;-15;-37;-16;-37;-17;-36;-17;-34;-16;-30;-15;-25;-13;-20;-11;-13;-8;-7;-6;-1;-3;6;-1;11;2;17;4;21;5;24;1;6;0;0;0;0;0;0;0;0;0;0;0;0;0;0;0;0;0;0;-2;0;-5;1;-7;-3;-8;-8;-9;-13;-10;-18;-10;-23;-9;-28;-8;-31;-7;-33;-5;-34;-4;-32;-2;-30;-1;-25;1;-19;2;-12;2;-5;3;4;4;12;5;20;6;29;7;36;7;42;8;47;9;49;9;50;9;49;102;0;-2;25;-2;24;-1;23;-1;22;-1;21;-1;21;0;20;0;20;1;19;2;18;3;17;2;17;2;16;2;16;3;16;3;16;4;16;4;15;4;15;4;14;4;13;3;13;3;13;3;13;4;13;4;13;3;12;3;12;1;4;0;1;-1;-1;-1;-1;-1;-1;0;1;1;4;2;11;2;12;1;12;0;13;0;14;0;15;0;15;0;16;-1;16;-2;17;-2;18;-3;18;-4;19;-4;20;-4;20;-4;20;-4;20;-4;20;-4;20;-5;21;-4;22;-4;23;-3;23;-3;23;-3;23;-4;24;-4;24;-5;25;102;0;20;12;21;12;22;12;22;11;21;11;21;10;20;9;19;8;19;7;20;6;20;6;20;5;20;5;20;5;19;5;19;4;19;4;19;4;20;3;20;4;19;4;19;4;18;4;17;4;17;4;17;5;17;6;17;6;6;2;1;0;-1;-1;-1;-1;-1;-1;0;0;2;1;6;4;6;5;6;5;6;6;6;6;7;6;8;6;9;7;9;8;9;9;9;10;9;10;9;10;10;10;11;10;11;11;12;12;12;12;13;13;13;13;14;12;15;12;17;12;18;13;19;13;19;14;20;14;20;14,stable,EXP_S041,ZONE_01,entree_zone,4.7,entree_zone,entree dans la zone
477972423,-53,6,a0:9f:7a:73:2b:3e,384,-110;-96;8;0;17;4;11;0;4;-4;-2;-9;-7;-13;-11;-17;-15;-20;-17;-23;-19;-25;-20;-26;-20;-27;-19;-26;-18;-25;-16;-23;-14;-20;-12;-16;-10;-11;-9;-6;-8;-1;-7;4;-7;9;-8;13;-8;17;-10;19;-11;21;-3;5;0;0;0;0;0;0;0;0;0;0;0;0;0;0;0;0;0;0;-1;0;-3;4;-5;7;-7;10;-10;13;-13;15;-16;17;-18;17;-21;17;-22;16;-22;14;-21;12;-18;9;-14;7;-9;5;-4;3;2;2;9;1;15;1;22;2;27;3;32;4;36;5;38;7;38;8;37;9;36;9;121;0;8;15;8;15;7;14;7;14;6;13;6;13;6;13;7;12;7;11;7;11;7;10;7;10;6;10;6;10;7;10;7;10;7;10;7;9;6;8;6;8;5;8;5;9;5;9;5;9;5;8;5;8;4;8;3;7;1;2;0;0;-1;-1;-1;-1;-1;-1;0;0;2;1;6;5;6;6;5;6;6;7;6;7;6;8;6;8;6;8;6;9;6;9;6;10;6;11;6;11;6;11;6;11;6;11;5;12;5;12;5;13;6;13;6;14;7;14;7;14;7;14;7;14;7;15;7;15;7;16;121;0;20;-9;20;-9;20;-9;20;-9;19;-9;19;-9;18;-9;17;-9;16;-10;16;-10;16;-11;16;-11;16;-10;15;-10;15;-10;15;-10;15;-10;15;-10;15;-10;15;-9;15;-9;15;-8;15;-8;15;-7;15;-7;15;-6;15;-5;15;-5;5;-2;1;-1;-1;0;-1;0;-1;0;0;-1;3;-2;8;-5;9;-5;9;-4;9;-4;10;-4;10;-4;11;-4;12;-4;13;-4;13;-4;14;-3;14;-3;14;-3;14;-4;15;-4;15;-4;16;-4;16;-4;17;-4;17;-4;17;-5;18;-6;18;-6;19;-7;20;-7;20;-8;20;-8;20;-8,stable,EXP_S041,ZONE_01,entree_zone,4.7,entree_zone,entree dans la zone
478177219,-54,6,a0:9f:7a:73:2b:3e,384,-110;-96;8;0;-20;8;-13;8;-7;10;-1;12;4;15;8;18;11;21;13;24;13;26;13;28;12;28;11;28;10;27;8;25;7;22;6;19;6;15;7;10;9;6;11;3;13;0;16;-2;18;-3;20;-3;22;-2;5;-1;0;0;0;0;0;0;0;0;0;0;0;0;0;0;0;0;0;0;-2;-2;-6;-6;-9;-7;-12;-9;-15;-11;-17;-14;-18;-17;-19;-19;-18;-22;-17;-23;-14;-24;-12;-23;-10;-20;-8;-17;-8;-12;-8;-7;-10;-2;-12;3;-15;8;-19;12;-23;16;-28;18;-32;18;-35;18;-36;16;-37;14;-36;12;-121;0;-14;-7;-13;-7;-12;-6;-11;-6;-11;-6;-11;-6;-11;-6;-12;-5;-11;-5;-11;-4;-10;-4;-10;-4;-10;-4;-10;-4;-10;-4;-10;-3;-10;-3;-9;-2;-8;-2;-8;-3;-8;-3;-8;-3;-8;-3;-8;-3;-8;-3;-8;-3;-7;-3;-7;-3;-3;-1;-1;-1;0;0;0;0;0;0;-1;-1;-3;-1;-7;-2;-7;-3;-8;-3;-8;-4;-8;-4;-9;-4;-9;-4;-9;-4;-8;-4;-8;-5;-9;-6;-9;-6;-10;-6;-10;-6;-10;-6;-10;-6;-10;-6;-10;-7;-10;-7;-11;-7;-12;-7;-12;-7;-12;-6;-12;-6;-12;-7;-12;-7;-12;-8;-13;-8;-121;0;-16;20;-15;20;-15;20;-14;20;-14;20;-13;19;-12;19;-11;19;-10;19;-10;19;-9;19;-9;19;-9;19;-8;18;-8;18;-8;18;-8;18;-8;18;-8;18;-9;17;-9;17;-9;16;-9;16;-9;15;-9;15;-9;15;-10;14;-11;14;-4;5;-2;1;0;-1;0;-1;0;-1;-1;1;-3;3;-8;9;-9;9;-9;9;-10;9;-10;9;-11;10;-11;10;-12;11;-13;11;-14;11;-14;11;-15;11;-15;11;-15;11;-15;11;-15;12;-16;12;-16;13;-16;13;-16;13;-16;14;-16;16;-16;17;-16;18;-16;18;-17;19;-17;19;-17;19,stable,EXP_S041,ZONE_01,entree_zone,4.7,entree_zone,entree dans la zone
478375697,-53,6,a0:9f:7a:73:2b:3e,384,-110;-96;8;0;-24;7;-17;8;-10;10;-4;13;1;16;5;20;7;23;9;26;9;29;8;30;7;31;6;31;4;30;4;27;3;24;3;20;3;16;5;12;7;9;9;6;12;3;15;2;17;2;20;2;21;3;5;1;0;0;0;0;0;0;0;0;0;0;0;0;0;0;0;0;0;0;-2;-2;-6;-7;-8;-8;-12;-8;-15;-10;-17;-12;-20;-15;-21;-17;-21;-20;-20;-22;-18;-23;-16;-23;-13;-21;-11;-18;-10;-14;-10;-9;-11;-3;-13;2;-16;7;-20;12;-25;15;-30;18;-34;19;-37;18;-39;17;-40;14;-40;12;-121;0;-14;-8;-14;-8;-13;-7;-12;-7;-12;-7;-11;-7;-11;-7;-11;-6;-11;-6;-11;-5;-10;-5;-10;-4;-9;-4;-10;-5;-10;-5;-10;-4;-10;-4;-9;-4;-8;-3;-8;-3;-8;-4;-8;-4;-8;-4;-8;-4;-8;-3;-7;-3;-7;-3;-6;-3;-3;-1;-1;-1;0;0;0;0;0;0;-1;-1;-2;-1;-6;-2;-6;-2;-6;-2;-7;-3;-7;-3;-8;-3;-8;-3;-8;-3;-8;-4;-8;-4;-9;-5;-10;-5;-10;-5;-10;-5;-10;-5;-10;-5;-10;-6;-10;-6;-11;-7;-11;-7;-12;-7;-12;-7;-13;-7;-13;-7;-13;-7;-13;-8;-13;-8;-13;-9;-121;0;-19;19;-19;19;-19;19;-18;19;-17;19;-17;18;-16;18;-15;18;-14;18;-13;18;-12;18;-12;18;-12;18;-11;17;-11;17;-11;17;-11;17;-11;17;-11;17;-11;16;-11;16;-11;15;-10;14;-10;14;-10;14;-11;13;-11;12;-12;12;-5;4;-2;1;0;-1;0;-1;0;-1;-1;1;-4;3;-9;10;-10;10;-10;9;-11;9;-11;9;-12;10;-13;10;-14;10;-14;11;-15;11;-16;11;-16;11;-16;11;-17;11;-17;12;-17;12;-18;12;-18;12;-18;13;-18;13;-19;14;-19;15;-19;16;-19;17;-20;18;-20;18;-20;19;-20;19,stable,EXP_S041,ZONE_01,entree_zone,4.7,entree_zone,entree dans la zone
478576173,-53,6,a0:9f:7a:73:2b:3e,384,-110;-96;8;0;-17;12;-11;11;-5;11;0;12;5;14;9;16;12;19;14;21;14;23;14;24;13;25;11;25;10;24;9;22;7;19;6;16;6;13;7;9;8;5;10;3;12;1;14;-1;16;-1;18;-1;19;0;5;0;0;0;0;0;0;0;0;0;0;0;0;0;0;0;0;0;0;0;-2;-2;-8;-4;-10;-4;-13;-3;-16;-4;-19;-4;-21;-6;-23;-8;-24;-10;-24;-12;-22;-14;-20;-14;-18;-13;-15;-11;-13;-8;-11;-4;-11;1;-11;6;-12;11;-14;16;-17;20;-20;23;-24;25;-27;26;-29;25;-30;22;-29;20;-116;0;-26;-7;-25;-7;-24;-7;-22;-7;-21;-8;-21;-8;-21;-7;-21;-6;-20;-5;-20;-4;-19;-4;-18;-4;-18;-4;-18;-5;-18;-4;-17;-4;-17;-3;-16;-2;-15;-3;-14;-3;-13;-3;-13;-4;-13;-3;-14;-3;-13;-3;-13;-3;-12;-3;-12;-3;-4;-2;-2;-1;0;0;0;-1;0;0;-1;0;-4;0;-10;-1;-11;-1;-12;-2;-13;-3;-13;-3;-14;-3;-14;-2;-14;-3;-15;-3;-15;-4;-16;-5;-17;-6;-18;-6;-18;-6;-18;-6;-18;-6;-18;-7;-18;-7;-19;-8;-20;-8;-22;-8;-22;-7;-23;-7;-23;-7;-23;-7;-23;-8;-24;-9;-25;-10;-116;0;-23;43;-22;43;-22;43;-21;42;-20;41;-18;40;-17;39;-15;38;-14;38;-12;37;-11;37;-11;37;-10;36;-9;36;-9;35;-8;35;-8;34;-8;34;-9;34;-9;33;-9;32;-9;31;-9;30;-9;29;-9;29;-10;29;-11;28;-12;28;-5;10;-2;2;0;-1;0;-2;0;-1;-2;2;-5;7;-12;21;-13;21;-14;21;-15;21;-16;22;-17;22;-18;23;-19;24;-21;25;-22;25;-23;26;-23;26;-24;26;-24;27;-24;27;-25;28;-25;29;-26;30;-26;31;-25;32;-25;34;-25;36;-25;38;-25;39;-25;41;-25;42;-25;42;-25;43,stable,EXP_S041,ZONE_01,entree_zone,4.7,entree_zone,entree dans la zone
478773066,-53,6,a0:9f:7a:73:2b:3e,384,-110;-96;8;0;-17;14;-11;12;-4;11;2;11;7;11;12;13;16;14;18;17;20;18;20;20;19;21;18;21;16;21;14;20;12;17;10;15;9;11;8;7;8;3;9;-1;10;-4;12;-6;14;-8;16;-8;17;-9;4;-2;0;0;0;0;0;0;0;0;0;0;0;0;0;0;0;0;0;0;-2;-2;-6;-5;-9;-4;-12;-4;-15;-4;-18;-5;-21;-6;-23;-8;-24;-10;-24;-12;-22;-14;-20;-15;-18;-14;-15;-12;-12;-9;-10;-4;-10;1;-10;6;-10;11;-12;17;-14;21;-17;25;-20;28;-24;29;-26;29;-27;27;-27;25;-126;0;-29;4;-28;4;-26;3;-24;2;-24;1;-24;0;-25;0;-24;2;-23;3;-21;4;-20;3;-19;3;-19;1;-19;1;-20;1;-20;2;-19;3;-17;4;-16;3;-15;2;-15;1;-15;0;-16;0;-16;1;-15;1;-14;2;-13;1;-12;1;-5;0;-2;-1;0;-1;0;-1;0;-1;-1;0;-3;1;-9;5;-10;4;-11;4;-12;4;-13;5;-14;5;-14;6;-14;6;-14;5;-15;4;-17;3;-19;3;-20;3;-20;4;-20;4;-19;4;-19;3;-20;2;-22;1;-24;1;-25;3;-26;4;-25;5;-25;5;-25;3;-26;2;-27;0;-28;0;-126;0;-7;47;-7;47;-7;47;-7;46;-7;45;-6;43;-5;41;-4;40;-2;38;-1;38;0;38;0;37;-1;37;-1;36;-1;35;0;35;0;34;0;34;0;34;-1;34;-2;33;-3;31;-3;30;-3;29;-4;29;-5;29;-6;29;-8;29;-3;10;-2;3;0;-1;-1;-2;0;-1;0;2;0;8;0;23;-1;24;-3;24;-3;24;-4;25;-4;26;-5;28;-5;29;-7;31;-8;32;-9;32;-10;32;-10;32;-10;33;-10;34;-11;35;-11;36;-12;37;-12;37;-11;38;-10;39;-9;41;-9;43;-9;45;-9;46;-9;47;-9;48;-9;48,stable,EXP_S041,ZONE_01,entree_zone,4.7,entree_zone,entree dans la zone
478976078,-54,6,a0:9f:7a:73:2b:3e,384,-110;-96;8;0;-9;-28;-10;-22;-12;-15;-15;-9;-19;-4;-23;-1;-27;1;-31;2;-34;2;-35;1;-36;0;-36;-2;-34;-4;-32;-6;-28;-6;-24;-6;-20;-4;-17;-2;-14;2;-12;5;-12;9;-12;12;-12;14;-14;16;-15;17;-4;4;0;0;0;0;0;0;0;0;0;0;0;0;0;0;0;0;0;0;1;-2;6;-9;5;-11;5;-13;4;-16;5;-19;7;-22;9;-25;11;-26;14;-26;16;-25;16;-24;16;-21;14;-19;11;-16;7;-15;2;-14;-3;-15;-9;-17;-14;-20;-18;-25;-21;-30;-22;-34;-22;-38;-21;-41;-19;-42;-17;-42;-119;0;6;-15;5;-14;5;-13;5;-12;6;-11;6;-11;6;-11;6;-12;5;-12;4;-11;4;-11;4;-10;4;-10;4;-10;4;-10;4;-10;4;-10;3;-9;3;-8;3;-7;3;-7;4;-7;4;-7;4;-7;3;-7;3;-7;3;-7;3;-6;1;-2;0;-1;-1;0;0;0;-1;0;-1;-1;-1;-2;-1;-4;-1;-5;0;-5;0;-6;0;-6;0;-7;-1;-7;-1;-7;0;-7;0;-7;1;-8;2;-9;2;-10;2;-10;1;-10;2;-10;2;-10;3;-10;4;-10;4;-11;4;-12;4;-13;4;-13;4;-13;4;-13;5;-13;6;-13;7;-14;-119;0;-23;-23;-23;-22;-22;-22;-22;-22;-21;-21;-20;-21;-20;-20;-19;-18;-19;-17;-19;-17;-19;-16;-19;-16;-19;-16;-19;-16;-18;-15;-18;-15;-18;-15;-17;-15;-17;-15;-16;-16;-15;-15;-14;-15;-14;-15;-13;-15;-13;-15;-12;-15;-11;-16;-10;-16;-4;-6;-1;-2;0;0;0;0;0;0;-2;-1;-5;-3;-12;-8;-12;-8;-12;-9;-12;-10;-13;-11;-13;-11;-13;-12;-14;-13;-14;-14;-15;-15;-14;-15;-14;-16;-14;-17;-15;-17;-15;-17;-16;-18;-16;-18;-16;-19;-16;-19;-17;-19;-18;-19;-19;-20;-20;-20;-21;-21;-21;-22;-22;-22;-22;-23;-22;-23,stable,EXP_S041,ZONE_01,entree_zone,4.7,entree_zone,entree dans la zone
479173052,-54,6,a0:9f:7a:73:2b:3e,384,-110;-96;8;0;25;29;20;22;16;13;13;5;12;-3;12;-11;13;-18;14;-23;15;-28;16;-31;18;-32;20;-33;21;-31;21;-29;21;-26;19;-22;16;-18;12;-15;7;-12;3;-10;-2;-9;-7;-8;-11;-9;-15;-10;-17;-11;-5;-3;0;0;0;0;0;0;0;0;0;0;0;0;0;0;0;0;0;0;-3;-1;-10;-2;-9;1;-7;5;-7;10;-7;15;-9;20;-12;24;-16;28;-20;29;-22;29;-24;28;-25;25;-24;22;-21;18;-16;14;-10;12;-3;11;6;11;14;12;22;15;29;18;35;23;39;27;41;30;42;34;41;36;-127;0;1;20;1;19;1;18;0;17;0;17;0;16;0;16;0;16;0;15;1;15;1;14;1;13;1;13;1;13;1;12;1;12;1;12;1;12;0;11;0;11;0;10;0;10;0;10;0;10;0;9;0;9;0;9;-1;9;-1;3;-1;0;-1;-1;-1;-1;-1;-1;0;0;2;1;6;3;6;3;6;4;6;5;6;6;6;7;6;7;6;8;6;9;6;10;6;11;5;12;5;12;5;13;4;13;4;14;4;14;3;15;3;15;3;16;2;17;2;17;2;18;2;18;2;18;2;19;2;19;1;19;-127;0;25;20;25;20;25;19;24;19;23;18;22;18;21;17;21;15;21;14;20;14;20;13;20;13;19;12;19;12;19;12;18;12;18;11;17;11;17;11;16;11;15;11;15;11;14;10;13;10;13;10;12;11;11;11;11;11;3;4;1;1;-1;-1;-1;-1;-1;-1;1;0;4;1;13;5;13;5;13;6;13;7;14;8;14;8;15;9;16;10;16;11;17;12;17;13;17;13;17;14;17;14;18;15;18;15;19;16;19;16;20;17;20;17;21;17;22;18;22;18;23;19;24;19;25;19;26;20;26;20,stable,EXP_S041,ZONE_01,entree_zone,4.7,entree_zone,entree dans la zone
479378593,-53,6,a0:9f:7a:73:2b:3e,384,-110;-96;8;0;-32;-4;-25;-1;-18;3;-12;9;-8;14;-4;20;-2;26;-2;30;-2;33;-3;36;-5;37;-6;37;-8;35;-9;32;-10;28;-9;24;-7;20;-4;16;0;12;4;10;8;8;12;7;15;8;18;9;20;11;5;2;0;0;0;0;0;0;0;0;0;0;0;0;0;0;0;0;0;0;0;-3;0;-10;-2;-11;-5;-12;-8;-14;-11;-17;-13;-20;-14;-24;-14;-27;-13;-29;-11;-31;-9;-31;-7;-29;-6;-26;-5;-22;-6;-16;-9;-11;-12;-6;-18;-1;-24;3;-30;6;-37;7;-42;7;-46;5;-50;3;-51;0;-50;-2;-118;0;-14;-13;-13;-12;-13;-12;-12;-11;-11;-11;-11;-12;-11;-11;-11;-11;-11;-10;-11;-9;-10;-9;-10;-9;-9;-9;-9;-9;-9;-9;-10;-9;-10;-8;-9;-8;-8;-7;-8;-7;-7;-7;-7;-7;-7;-7;-7;-7;-7;-7;-7;-7;-6;-7;-6;-7;-2;-3;-1;-1;0;0;0;0;0;0;-1;-1;-2;-1;-5;-1;-5;-1;-6;-2;-6;-2;-7;-3;-8;-3;-8;-3;-8;-3;-8;-3;-9;-4;-9;-5;-9;-6;-10;-7;-10;-7;-11;-7;-10;-7;-10;-7;-10;-8;-10;-9;-11;-10;-12;-10;-12;-10;-13;-10;-13;-10;-13;-11;-12;-11;-12;-12;-12;-13;-118;0;-30;10;-30;11;-30;11;-29;11;-28;10;-27;10;-26;10;-25;10;-24;10;-23;10;-23;11;-22;11;-22;11;-22;10;-21;10;-21;10;-21;10;-20;9;-20;9;-20;8;-20;8;-19;7;-19;7;-18;6;-18;6;-18;5;-18;4;-18;3;-7;1;-2;0;0;-1;0;-1;0;-1;-2;0;-5;2;-12;7;-13;7;-14;6;-14;6;-15;6;-16;6;-17;6;-18;6;-19;6;-20;6;-21;6;-21;5;-22;5;-22;5;-22;6;-23;6;-24;6;-24;6;-25;6;-25;7;-26;7;-27;8;-27;9;-28;10;-29;10;-30;10;-31;10;-31;10,stable,EXP_S041,ZONE_01,entree_zone,4.7,entree_zone,entree dans la zone
479571932,-53,6,a0:9f:7a:73:2b:3e,384,-110;-96;8;0;-26;3;-20;4;-14;7;-10;10;-6;14;-4;18;-2;22;-2;25;-2;27;-3;29;-4;30;-6;29;-7;28;-7;26;-8;23;-7;20;-6;17;-3;14;0;12;3;11;6;10;9;10;11;11;13;12;14;14;3;3;0;0;0;0;0;0;0;0;0;0;0;0;0;0;0;0;0;0;-2;-2;-6;-6;-8;-6;-10;-6;-13;-7;-16;-9;-18;-11;-20;-13;-20;-16;-20;-18;-18;-19;-16;-20;-14;-19;-12;-17;-11;-14;-10;-10;-11;-5;-13;-1;-15;4;-19;7;-24;11;-28;12;-32;13;-36;12;-38;11;-39;8;-39;6;-125;0;-9;-10;-9;-9;-9;-9;-9;-9;-8;-9;-8;-8;-8;-8;-8;-8;-8;-7;-7;-7;-7;-7;-7;-7;-7;-6;-7;-6;-7;-6;-7;-6;-7;-6;-6;-6;-6;-6;-6;-5;-6;-5;-5;-5;-5;-5;-5;-5;-5;-5;-5;-5;-4;-5;-4;-5;-2;-2;-1;-1;0;0;0;0;0;0;-1;-1;-2;-1;-5;-2;-5;-2;-5;-2;-6;-3;-6;-3;-6;-3;-6;-3;-7;-3;-7;-4;-7;-4;-7;-5;-8;-5;-8;-5;-8;-6;-8;-6;-8;-6;-8;-6;-8;-7;-8;-7;-8;-7;-9;-8;-9;-8;-9;-8;-9;-8;-9;-9;-9;-9;-9;-10;-9;-10;-125;0;-25;10;-25;10;-24;9;-24;9;-23;10;-22;10;-22;10;-21;10;-20;10;-20;10;-19;9;-19;9;-19;9;-18;9;-18;9;-18;9;-18;9;-18;9;-18;8;-17;8;-17;7;-17;7;-16;6;-16;5;-16;5;-17;4;-17;3;-17;3;-6;1;-2;0;0;-1;0;-1;0;-1;-1;0;-4;2;-10;7;-11;7;-11;6;-12;6;-12;6;-13;6;-14;6;-14;7;-15;7;-16;7;-17;6;-17;6;-18;5;-18;5;-19;5;-19;6;-19;6;-20;6;-20;6;-21;7;-21;7;-22;8;-23;9;-23;9;-24;9;-24;9;-25;9;-25;9,stable,EXP_S041,ZONE_01,entree_zone,4.7,entree_zone,entree dans la zone
479772628,-53,6,a0:9f:7a:73:2b:3e,384,-110;-96;8;0;13;-13;6;-9;-1;-6;-8;-3;-14;0;-20;2;-25;3;-29;4;-31;5;-33;5;-33;5;-32;5;-30;5;-27;5;-23;4;-19;4;-14;4;-8;4;-3;5;2;7;7;8;11;10;14;12;16;13;17;15;4;3;0;0;0;0;0;0;0;0;0;0;0;0;0;0;0;0;0;0;0;1;1;5;2;8;2;11;2;15;2;19;1;23;0;25;-2;27;-3;27;-5;26;-6;23;-6;19;-5;15;-3;9;0;4;3;-2;6;-7;11;-13;15;-17;19;-22;23;-25;26;-27;29;-28;30;-28;30;-26;29;-25;119;0;19;-1;18;-1;17;0;16;0;16;0;16;0;15;0;15;-1;15;-1;14;-2;13;-2;13;-2;12;-1;13;-1;13;-2;13;-2;12;-2;11;-2;11;-2;10;-2;10;-1;10;-1;10;-1;10;-1;10;-1;9;-1;9;-1;9;-1;3;0;0;0;-1;0;-1;0;-1;0;0;-1;2;-2;7;-3;8;-3;8;-3;9;-2;10;-2;10;-2;10;-2;11;-2;11;-2;12;-1;12;-1;13;0;14;-1;14;-1;14;0;14;0;14;0;14;1;15;1;16;1;16;0;17;0;17;0;17;0;17;0;17;1;18;1;19;1;119;0;2;-23;2;-23;2;-23;2;-23;2;-22;2;-21;1;-20;0;-20;0;-19;-1;-19;-1;-19;-1;-19;-1;-19;-1;-19;-2;-19;-2;-18;-2;-18;-2;-19;-2;-19;-1;-18;-1;-18;0;-17;0;-17;0;-16;0;-16;1;-16;2;-17;3;-17;1;-6;0;-2;0;0;0;0;-1;0;-1;-1;-1;-4;0;-10;0;-10;1;-10;1;-11;1;-11;1;-12;1;-12;2;-13;2;-14;3;-14;3;-15;4;-15;4;-15;4;-15;4;-16;4;-17;5;-17;5;-17;5;-17;5;-18;4;-18;3;-19;3;-20;3;-21;4;-22;4;-22;4;-23;4;-23,stable,EXP_S041,ZONE_01,entree_zone,4.7,entree_zone,entree dans la zone
479972868,-53,6,a0:9f:7a:73:2b:3e,384,-110;-96;8;0;-12;20;-7;14;-1;9;5;4;10;0;16;-3;21;-5;25;-6;28;-7;30;-7;31;-7;31;-6;30;-5;28;-4;25;-3;22;-3;17;-3;12;-4;7;-6;2;-7;-2;-10;-6;-12;-9;-15;-11;-17;-11;-19;-3;-5;0;0;0;0;0;0;0;0;0;0;0;0;0;0;0;0;0;0;-1;-1;-3;-4;-5;-5;-8;-6;-11;-8;-14;-10;-16;-13;-18;-15;-18;-18;-18;-20;-16;-21;-15;-21;-12;-19;-10;-16;-8;-12;-6;-7;-6;-1;-6;5;-6;12;-6;18;-8;24;-10;29;-12;33;-15;36;-17;37;-19;37;-19;35;125;0;-16;8;-16;8;-15;8;-15;7;-14;7;-14;7;-14;7;-13;7;-13;7;-12;7;-11;7;-11;7;-11;6;-11;6;-11;6;-11;7;-10;7;-10;7;-9;6;-9;6;-9;5;-9;5;-9;5;-9;5;-9;5;-9;5;-8;4;-8;4;-3;1;-1;0;0;-1;0;-1;0;-1;-1;0;-2;1;-5;4;-5;4;-5;4;-6;4;-6;5;-7;5;-7;5;-7;5;-8;5;-8;5;-9;5;-10;5;-11;6;-11;6;-11;6;-11;6;-11;6;-12;6;-12;6;-13;6;-14;7;-14;7;-14;7;-14;7;-15;7;-15;7;-16;7;-16;7;125;0;2;23;3;23;3;23;3;22;3;22;3;21;4;20;4;19;4;19;5;19;5;18;5;18;5;18;5;17;5;17;5;17;5;17;5;17;5;17;5;17;4;17;4;16;4;16;3;15;3;15;2;15;1;15;1;15;0;5;-1;1;-1;-1;-1;-1;-1;-1;0;0;1;3;2;8;2;8;2;9;1;9;1;10;1;10;1;11;1;12;1;13;1;14;0;15;0;15;0;15;0;15;0;16;0;16;0;17;0;18;0;18;0;18;0;19;1;20;1;21;2;21;2;22;2;23;2;23;2;23,stable,EXP_S041,ZONE_01,entree_zone,4.7,entree_zone,entree dans la zone
480172334,-52,6,a0:9f:7a:73:2b:3e,384,-110;-96;8;0;-21;-10;-15;-6;-9;0;-3;6;1;11;5;16;8;21;10;25;11;28;12;30;12;31;11;32;10;31;8;28;7;25;6;21;5;16;4;10;5;5;6;-1;7;-6;9;-10;11;-14;13;-17;15;-18;4;-5;0;0;0;0;0;0;0;0;0;0;0;0;0;0;0;0;0;0;1;-1;4;-5;5;-7;8;-10;10;-12;13;-14;15;-16;18;-17;20;-17;21;-16;21;-14;20;-12;18;-10;14;-9;10;-7;4;-6;-2;-5;-8;-6;-15;-6;-21;-7;-27;-8;-32;-10;-36;-12;-39;-14;-40;-16;-39;-17;-38;-17;118;0;-11;-16;-10;-16;-10;-15;-9;-15;-9;-15;-8;-15;-9;-15;-9;-14;-10;-13;-10;-13;-9;-12;-9;-11;-9;-11;-9;-11;-9;-12;-9;-11;-9;-11;-9;-11;-9;-10;-8;-10;-7;-10;-7;-10;-7;-10;-7;-10;-7;-10;-7;-10;-6;-10;-6;-10;-2;-4;-1;-2;0;0;0;0;0;0;-1;-1;-2;-2;-6;-5;-5;-6;-5;-6;-5;-7;-6;-7;-6;-7;-6;-8;-6;-8;-6;-9;-6;-9;-6;-10;-6;-11;-7;-11;-7;-12;-7;-12;-7;-12;-7;-12;-7;-12;-7;-13;-7;-14;-8;-14;-9;-14;-9;-14;-9;-15;-9;-15;-9;-16;-9;-16;-9;-17;118;0;-24;5;-24;5;-24;6;-23;6;-23;6;-22;6;-21;6;-20;6;-19;7;-19;7;-19;8;-19;8;-18;7;-18;7;-18;7;-18;7;-18;7;-18;7;-18;7;-18;6;-18;6;-17;5;-17;5;-16;4;-16;4;-16;3;-16;2;-17;2;-6;0;-2;0;0;-1;0;-1;0;-1;-1;0;-4;1;-9;4;-9;4;-10;3;-10;3;-11;3;-12;3;-12;3;-13;3;-14;3;-15;3;-16;3;-16;2;-16;2;-17;2;-17;2;-17;2;-18;2;-19;2;-19;2;-19;2;-20;3;-20;4;-21;4;-22;5;-23;5;-24;5;-24;5;-24;5,stable,EXP_S041,ZONE_01,entree_zone,4.7,entree_zone,entree dans la zone
480373048,-51,6,a0:9f:7a:73:2b:3e,384,-110;-96;8;0;-8;-23;-7;-15;-6;-6;-6;3;-6;11;-7;18;-7;24;-8;29;-9;32;-10;35;-11;35;-11;35;-11;34;-10;31;-9;27;-8;23;-5;17;-2;12;1;6;5;2;9;-3;13;-6;17;-8;20;-10;23;-11;6;-3;0;0;0;0;0;0;0;0;0;0;0;0;0;0;0;0;0;0;1;0;5;1;8;2;12;2;16;3;19;5;22;6;24;8;25;10;25;11;24;12;22;13;19;11;15;9;10;5;6;1;2;-4;-2;-10;-6;-16;-10;-22;-13;-28;-15;-33;-16;-38;-16;-41;-16;-43;-15;-43;-14;-42;108;0;8;-20;8;-19;7;-18;7;-18;7;-17;7;-17;6;-17;6;-17;5;-17;4;-17;3;-16;3;-16;3;-16;3;-16;3;-16;3;-16;2;-15;2;-15;2;-14;2;-14;2;-13;2;-13;2;-13;2;-13;2;-13;2;-12;2;-12;3;-12;1;-4;0;-2;-1;0;-1;0;-1;0;0;-1;0;-3;2;-7;3;-8;3;-8;4;-8;4;-9;4;-9;4;-10;4;-10;5;-10;5;-10;6;-11;6;-11;6;-12;7;-12;7;-13;7;-13;7;-13;8;-13;8;-14;8;-14;8;-15;8;-16;8;-16;8;-17;8;-17;8;-17;9;-18;9;-18;108;0;-20;-17;-20;-17;-20;-16;-20;-16;-20;-15;-19;-14;-19;-13;-19;-12;-19;-11;-19;-11;-19;-10;-19;-10;-19;-10;-19;-10;-19;-9;-19;-9;-19;-9;-19;-9;-18;-9;-18;-9;-17;-9;-17;-9;-16;-9;-16;-9;-16;-9;-15;-9;-15;-10;-15;-10;-6;-4;-2;-2;0;0;0;0;0;0;-1;-1;-3;-3;-8;-7;-8;-7;-8;-8;-8;-8;-9;-9;-9;-9;-10;-10;-10;-11;-10;-12;-11;-12;-10;-13;-10;-14;-10;-14;-11;-14;-11;-15;-12;-15;-12;-16;-12;-16;-13;-16;-13;-16;-14;-16;-15;-16;-16;-16;-17;-17;-18;-17;-19;-18;-19;-18;-19;-18,stable,EXP_S041,ZONE_01,entree_zone,4.7,entree_zone,entree dans la zone
480574359,-51,6,a0:9f:7a:73:2b:3e,384,-110;-96;8;0;3;-23;0;-15;-3;-6;-6;2;-9;9;-12;15;-15;20;-17;24;-19;27;-20;29;-21;30;-21;29;-20;28;-19;25;-17;22;-14;18;-10;14;-6;10;-1;6;4;2;9;0;13;-3;17;-4;21;-5;24;-5;6;-2;0;0;0;0;0;0;0;0;0;0;0;0;0;0;0;0;0;0;0;0;4;3;6;5;8;7;11;10;13;13;14;16;15;19;15;21;14;22;13;22;11;21;9;18;7;15;5;10;3;4;2;-2;1;-9;0;-16;0;-23;0;-29;1;-35;2;-39;3;-42;3;-44;4;-44;5;-43;105;0;17;-11;17;-11;16;-11;16;-11;15;-10;15;-10;14;-10;14;-10;13;-10;13;-10;12;-10;12;-10;12;-9;12;-9;12;-9;12;-10;11;-10;11;-9;11;-9;11;-9;10;-8;10;-8;10;-8;10;-8;10;-7;10;-7;10;-6;10;-6;3;-2;1;-1;-1;0;-1;0;-1;0;0;-1;1;-3;4;-6;5;-6;5;-6;6;-6;6;-7;6;-7;7;-7;7;-8;8;-8;8;-8;9;-8;10;-8;11;-8;11;-8;11;-8;11;-8;12;-8;12;-8;13;-8;13;-9;14;-9;14;-10;15;-10;15;-10;16;-10;16;-10;17;-10;17;-10;105;0;-7;-23;-8;-23;-8;-23;-8;-23;-8;-22;-8;-21;-8;-21;-9;-20;-9;-19;-9;-19;-9;-19;-9;-19;-9;-19;-9;-19;-9;-18;-9;-18;-8;-18;-8;-18;-8;-18;-7;-18;-7;-17;-7;-17;-6;-17;-6;-17;-5;-17;-4;-17;-3;-17;-3;-17;-1;-7;-1;-2;0;0;0;0;0;0;-1;-1;-2;-3;-6;-8;-6;-8;-5;-9;-5;-9;-5;-10;-5;-11;-5;-11;-5;-12;-5;-13;-5;-14;-5;-14;-5;-15;-5;-15;-5;-16;-4;-16;-4;-17;-4;-17;-4;-18;-4;-18;-5;-19;-5;-19;-6;-20;-6;-20;-6;-21;-7;-22;-7;-23;-7;-23;-7;-24,stable,EXP_S041,ZONE_01,entree_zone,4.7,entree_zone,entree dans la zone
480778997,-52,6,a0:9f:7a:73:2b:3e,384,-110;-96;8;0;20;0;12;-1;3;-2;-5;-4;-12;-5;-18;-6;-24;-8;-28;-8;-31;-9;-33;-9;-34;-9;-34;-9;-32;-9;-29;-8;-26;-7;-21;-5;-16;-4;-11;-1;-5;1;0;4;4;7;9;10;12;12;15;15;16;17;4;4;0;0;0;0;0;0;0;0;0;0;0;0;0;0;0;0;0;0;-1;0;-4;3;-6;5;-9;7;-12;8;-15;10;-18;11;-21;11;-22;11;-23;10;-23;9;-21;8;-19;6;-15;4;-10;3;-4;1;2;0;8;-1;15;-1;21;-2;27;-2;33;-2;37;-2;40;-1;41;-1;40;-1;39;0;103;0;16;11;16;11;15;11;15;10;14;10;14;10;14;10;14;9;14;8;14;7;13;7;13;7;13;7;13;7;13;7;13;6;13;6;12;6;12;6;11;6;11;6;10;6;10;6;10;6;10;6;9;6;9;6;8;6;3;2;0;0;-1;-1;-1;-1;-1;-1;0;0;2;0;7;2;7;2;7;3;7;3;8;3;8;4;8;4;9;4;9;5;9;5;10;6;10;7;11;7;11;7;11;7;11;8;11;8;11;9;12;9;12;9;13;9;14;10;14;10;14;10;15;10;15;11;15;12;15;12;103;0;15;-15;15;-16;15;-16;15;-16;15;-15;14;-15;13;-15;12;-14;12;-15;11;-15;11;-15;11;-15;10;-15;10;-15;10;-15;10;-15;10;-15;11;-15;11;-14;11;-14;11;-13;11;-13;11;-12;11;-12;11;-11;11;-11;11;-10;12;-10;4;-4;1;-1;-1;0;-1;0;-1;0;0;-1;1;-3;3;-7;4;-7;4;-7;5;-7;5;-8;6;-8;6;-8;7;-9;8;-9;9;-9;9;-9;10;-9;10;-9;10;-9;11;-10;11;-10;12;-10;12;-10;13;-11;13;-11;13;-12;13;-12;14;-13;14;-14;15;-14;15;-15;15;-15;15;-16,stable,EXP_S041,ZONE_01,entree_zone,4.7,entree_zone,entree dans la zone
480976376,-52,6,a0:9f:7a:73:2b:3e,384,-110;-96;8;0;-20;-2;-12;-1;-5;2;3;4;10;6;16;8;20;10;24;12;27;13;29;14;29;14;29;14;27;13;25;12;22;10;18;8;14;5;9;2;5;-2;1;-6;-3;-10;-6;-13;-8;-16;-9;-19;-10;-21;-3;-6;0;0;0;0;0;0;0;0;0;0;0;0;0;0;0;0;0;0;0;-1;3;-4;5;-6;7;-8;10;-10;13;-11;16;-12;18;-13;20;-12;21;-11;21;-10;20;-8;17;-7;13;-5;8;-4;3;-3;-3;-2;-9;-1;-15;-1;-22;-1;-27;-1;-32;-1;-36;-2;-39;-3;-40;-4;-39;-5;-38;-5;109;0;-17;-11;-16;-11;-15;-11;-14;-11;-14;-11;-14;-11;-14;-10;-14;-9;-14;-8;-14;-7;-14;-7;-13;-7;-13;-7;-13;-7;-13;-7;-13;-7;-13;-6;-13;-6;-12;-5;-11;-6;-11;-6;-10;-6;-11;-6;-11;-6;-11;-6;-10;-5;-10;-6;-9;-6;-4;-2;-1;-1;0;0;0;0;0;0;-1;-1;-3;-1;-7;-3;-7;-4;-7;-4;-7;-5;-8;-5;-8;-5;-8;-5;-9;-5;-9;-6;-9;-7;-9;-8;-10;-8;-10;-9;-11;-9;-11;-9;-11;-9;-11;-9;-11;-9;-11;-10;-12;-11;-13;-11;-14;-11;-14;-10;-14;-10;-14;-11;-14;-12;-15;-12;-15;-13;109;0;-16;14;-16;14;-16;15;-16;15;-15;14;-15;14;-14;13;-13;13;-12;14;-11;14;-11;14;-11;14;-11;14;-11;14;-11;13;-11;13;-10;13;-10;14;-11;14;-11;13;-11;13;-11;12;-11;11;-11;11;-11;11;-11;10;-12;10;-12;9;-5;3;-2;0;0;-1;0;-1;0;-1;-1;0;-2;2;-5;5;-5;5;-6;5;-6;5;-7;5;-7;6;-8;6;-8;7;-9;7;-10;7;-11;7;-11;7;-11;7;-12;7;-12;8;-13;8;-13;8;-14;8;-14;8;-14;9;-14;9;-14;11;-14;12;-15;12;-16;13;-16;13;-16;13;-16;13,stable,EXP_S041,ZONE_01,entree_zone,4.7,entree_zone,entree dans la zone
481173109,-53,6,a0:9f:7a:73:2b:3e,384,-110;-96;8;0;1;20;1;12;2;3;3;-5;4;-13;5;-19;6;-25;7;-29;7;-33;7;-35;7;-35;7;-35;7;-33;7;-31;6;-27;4;-22;2;-16;-1;-11;-3;-5;-6;0;-9;4;-12;8;-15;12;-17;14;-19;16;-5;4;0;0;0;0;0;0;0;0;0;0;0;0;0;0;0;0;0;0;-1;-1;-5;-3;-7;-5;-10;-8;-12;-11;-14;-14;-15;-16;-16;-19;-16;-21;-15;-22;-14;-21;-12;-20;-10;-18;-7;-14;-5;-10;-3;-4;-1;2;0;8;2;15;3;22;4;28;4;34;4;38;4;41;4;42;4;42;3;40;100;0;-13;17;-13;16;-12;15;-12;14;-12;14;-12;14;-11;14;-10;14;-9;14;-9;14;-8;13;-8;13;-8;12;-8;12;-8;13;-8;13;-7;13;-7;12;-7;12;-7;11;-7;10;-8;10;-8;10;-7;10;-7;10;-7;10;-7;9;-7;9;-3;3;-1;0;0;-1;0;-1;0;-1;-1;0;-1;2;-3;6;-3;7;-4;7;-5;7;-5;8;-5;8;-5;9;-5;9;-6;9;-7;9;-8;10;-8;10;-9;11;-9;11;-9;11;-9;11;-9;11;-10;11;-11;12;-11;12;-11;13;-11;14;-11;14;-12;14;-12;14;-13;15;-14;15;-14;15;100;0;15;16;15;16;16;16;15;16;15;15;14;15;14;14;14;13;15;13;15;12;15;12;15;12;15;12;14;11;14;11;14;11;14;11;14;11;14;11;14;12;13;12;12;12;12;11;11;11;11;11;10;12;10;12;9;13;3;4;0;1;-1;-1;-1;-1;-1;-1;0;0;2;1;6;4;6;4;6;5;6;5;6;5;7;6;7;7;8;8;8;9;8;9;8;10;8;10;8;10;8;11;9;11;9;12;9;13;9;13;9;13;10;13;11;14;12;14;13;14;13;15;14;16;14;16;14;16;14;16,stable,EXP_S041,ZONE_01,entree_zone,4.7,entree_zone,entree dans la zone
481374638,-52,6,a0:9f:7a:73:2b:3e,384,-110;-96;8;0;13;-18;7;-12;0;-6;-7;0;-13;5;-18;10;-23;13;-27;16;-30;18;-32;19;-32;20;-32;19;-31;18;-28;16;-25;14;-20;12;-15;9;-9;7;-2;5;4;4;9;3;14;2;19;2;23;2;25;3;6;0;0;0;0;0;0;0;0;0;0;0;0;0;0;0;0;0;0;0;0;1;1;5;2;8;3;11;3;15;3;19;2;22;1;25;0;26;-1;27;-3;26;-4;24;-4;20;-3;16;-2;10;-1;4;2;-2;5;-8;8;-15;11;-21;15;-27;18;-31;21;-35;24;-37;25;-38;25;-37;25;-35;113;0;20;-8;19;-8;19;-7;18;-7;18;-6;17;-6;17;-7;17;-7;16;-8;15;-8;14;-7;14;-7;14;-6;14;-6;15;-7;14;-7;14;-7;13;-7;13;-7;12;-6;12;-5;12;-5;12;-5;12;-5;12;-5;11;-5;11;-4;11;-4;3;-2;1;-1;-1;0;-1;0;-1;0;0;-1;2;-2;5;-5;6;-5;7;-5;7;-6;8;-6;8;-6;9;-6;9;-6;10;-6;10;-6;11;-6;12;-6;13;-6;13;-6;13;-6;13;-6;14;-6;14;-6;15;-6;16;-6;17;-6;17;-7;17;-7;17;-7;18;-7;19;-7;20;-6;20;-6;113;0;-4;-24;-4;-25;-4;-25;-4;-25;-4;-24;-4;-23;-4;-22;-5;-21;-5;-21;-6;-21;-6;-21;-6;-21;-6;-21;-5;-20;-5;-20;-5;-20;-5;-19;-5;-20;-5;-20;-4;-20;-4;-19;-3;-19;-3;-18;-2;-18;-2;-17;-1;-18;0;-18;0;-18;0;-7;0;-2;0;0;0;0;0;0;-1;-1;-2;-3;-4;-8;-4;-8;-4;-9;-3;-9;-3;-10;-4;-11;-4;-11;-4;-12;-4;-13;-3;-14;-3;-15;-2;-15;-2;-16;-2;-16;-2;-17;-2;-17;-2;-18;-1;-18;-1;-19;-2;-19;-2;-19;-3;-20;-3;-21;-3;-22;-3;-23;-3;-24;-3;-24;-3;-24,stable,EXP_S041,ZONE_01,entree_zone,4.7,entree_zone,entree dans la zone
481573295,-52,6,a0:9f:7a:73:2b:3e,384,-110;-96;8;0;-17;13;-10;9;-2;5;5;1;12;-1;19;-4;24;-5;28;-7;31;-8;33;-8;34;-8;34;-8;32;-7;29;-7;26;-6;21;-5;16;-5;10;-5;4;-5;-2;-6;-7;-7;-12;-9;-16;-10;-19;-12;-21;-14;-6;-4;0;0;0;0;0;0;0;0;0;0;0;0;0;0;0;0;0;0;-1;-2;-1;-6;-1;-9;-1;-12;-1;-16;0;-19;1;-22;2;-24;4;-26;5;-26;6;-25;6;-23;6;-19;5;-15;3;-10;0;-5;-3;0;-7;5;-12;11;-16;16;-21;20;-25;23;-29;25;-31;27;-33;27;-33;26;-32;25;112;0;-21;1;-20;1;-20;1;-19;1;-18;1;-18;1;-18;1;-17;2;-17;2;-16;2;-16;2;-15;2;-15;2;-15;3;-15;3;-15;3;-15;3;-14;3;-14;3;-13;2;-13;2;-13;2;-13;2;-13;2;-12;2;-12;1;-12;1;-11;0;-4;0;-2;-1;0;-1;0;-1;0;-1;-1;0;-3;0;-7;2;-8;2;-8;2;-9;2;-9;2;-10;2;-10;2;-11;1;-11;1;-12;1;-13;1;-13;1;-14;1;-14;1;-14;1;-14;0;-15;0;-15;0;-16;0;-17;0;-17;0;-18;0;-18;1;-19;1;-19;1;-20;0;-20;0;-20;0;112;0;-3;22;-3;23;-3;23;-3;22;-3;22;-3;21;-2;20;-2;20;-1;20;0;20;0;19;0;19;0;19;0;19;0;18;0;18;0;18;0;18;0;18;-1;18;-1;17;-1;17;-2;16;-2;16;-2;16;-3;15;-4;15;-4;15;-2;5;-1;1;0;-1;-1;-1;-1;-1;0;0;0;2;1;7;0;8;0;8;-1;9;-1;9;-1;10;-1;11;-2;12;-2;12;-3;13;-3;13;-4;14;-4;14;-4;14;-4;15;-4;15;-4;15;-5;16;-5;16;-5;17;-4;18;-4;18;-4;19;-4;20;-4;21;-4;22;-4;22;-3;22,stable,EXP_S041,ZONE_01,entree_zone,4.7,entree_zone,entree dans la zone
481774603,-52,6,a0:9f:7a:73:2b:3e,384,-110;-96;8;0;16;-14;9;-9;1;-5;-6;-2;-13;2;-19;4;-24;6;-28;8;-31;9;-32;10;-33;10;-33;10;-32;9;-29;8;-26;7;-21;6;-16;5;-10;4;-4;4;2;4;7;5;12;5;16;7;19;8;21;9;5;2;0;0;0;0;0;0;0;0;0;0;0;0;0;0;0;0;0;0;-1;1;0;5;0;7;0;11;-1;14;-2;17;-2;20;-4;22;-5;24;-6;24;-7;23;-7;21;-7;18;-6;14;-4;9;-1;4;2;-1;6;-6;10;-11;15;-16;19;-20;23;-24;26;-26;28;-28;30;-28;30;-27;29;-26;112;0;18;6;18;6;17;6;17;5;16;5;16;5;16;4;15;4;15;4;15;3;14;3;14;2;14;2;14;2;14;2;13;2;13;2;13;2;12;2;12;2;12;2;11;2;11;2;11;2;11;2;10;2;10;3;10;3;3;1;1;0;-1;-1;-1;-1;-1;-1;0;0;2;0;7;0;7;0;7;0;7;1;8;1;8;1;9;2;9;2;10;2;10;2;11;3;11;3;11;3;12;4;12;4;12;4;13;5;13;5;14;5;14;5;15;5;15;5;16;5;16;6;17;6;17;6;18;6;18;6;112;0;11;-20;11;-20;11;-20;10;-19;10;-19;9;-19;8;-19;8;-18;7;-18;7;-18;6;-18;6;-18;6;-18;6;-18;6;-18;6;-18;6;-18;6;-17;7;-17;7;-17;7;-16;7;-16;7;-15;7;-15;7;-14;8;-14;8;-13;9;-13;3;-5;1;-2;-1;0;-1;0;-1;0;0;-1;0;-3;2;-8;2;-8;3;-8;3;-9;4;-9;4;-10;5;-10;5;-11;6;-11;6;-11;7;-12;7;-12;8;-12;8;-12;9;-12;9;-13;9;-13;9;-13;10;-14;10;-15;10;-15;10;-16;10;-17;10;-17;11;-18;11;-19;11;-20;11;-20,stable,EXP_S041,ZONE_01,entree_zone,4.7,entree_zone,entree dans la zone
481980867,-52,6,a0:9f:7a:73:2b:3e,384,-110;-96;8;0;20;1;12;-1;4;-3;-3;-5;-10;-7;-17;-10;-22;-12;-26;-13;-29;-14;-31;-15;-32;-15;-32;-15;-30;-15;-28;-14;-24;-12;-20;-10;-15;-7;-11;-3;-6;0;-2;4;1;8;5;12;7;15;9;19;9;21;2;5;0;0;0;0;0;0;0;0;0;0;0;0;0;0;0;0;0;0;-1;0;-4;4;-6;5;-8;8;-11;10;-14;12;-17;13;-19;13;-21;13;-22;13;-22;11;-21;10;-18;8;-15;6;-10;4;-4;2;2;1;8;0;15;-1;21;-1;27;-1;33;-1;37;0;39;0;41;0;41;1;39;2;103;0;12;16;12;15;11;14;11;14;10;13;10;13;10;13;10;12;11;11;11;10;10;10;10;9;10;9;10;9;10;9;10;9;10;9;10;8;9;8;9;8;8;8;8;8;8;8;9;8;8;7;8;7;7;7;7;7;2;2;0;0;-1;-1;-1;-1;-1;-1;0;0;1;1;5;4;5;5;5;5;5;6;5;6;6;6;6;7;6;7;6;8;6;8;6;9;7;10;7;10;7;10;7;11;7;11;7;11;7;12;7;12;8;13;9;13;9;13;10;14;10;14;10;14;10;15;10;15;11;15;103;0;20;-10;20;-11;19;-11;19;-11;19;-11;18;-11;17;-10;16;-11;16;-11;15;-11;15;-12;15;-12;15;-12;14;-12;14;-12;14;-12;14;-12;14;-12;14;-11;14;-11;14;-10;13;-10;13;-9;13;-9;13;-9;13;-8;13;-8;14;-7;5;-3;1;-1;-1;0;-1;0;-1;0;0;-1;2;-2;6;-5;6;-5;7;-5;8;-5;8;-5;9;-5;9;-5;10;-5;11;-5;12;-5;12;-5;13;-4;13;-5;14;-5;14;-5;15;-5;15;-5;16;-5;16;-5;16;-6;16;-6;17;-7;18;-8;18;-8;19;-9;20;-9;20;-9;20;-9,stable,EXP_S041,ZONE_01,entree_zone,4.7,entree_zone,entree dans la zone
482173818,-52,6,a0:9f:7a:73:2b:3e,384,-110;-96;8;0;-15;15;-8;10;-1;5;5;0;11;-4;17;-7;22;-10;25;-12;28;-13;30;-14;31;-15;31;-14;30;-13;27;-12;24;-11;19;-9;14;-7;8;-6;2;-6;-3;-5;-9;-5;-13;-6;-17;-6;-21;-7;-23;-8;-6;-3;0;0;0;0;0;0;0;0;0;0;0;0;0;0;0;0;0;0;-1;-2;-2;-6;-3;-8;-3;-12;-3;-15;-3;-18;-3;-21;-2;-24;-1;-25;0;-26;2;-25;2;-23;3;-20;2;-16;1;-11;0;-6;-3;0;-6;6;-9;12;-13;17;-16;22;-20;26;-23;29;-25;31;-27;32;-27;31;-27;30;112;0;-20;3;-20;3;-19;3;-18;2;-18;2;-18;2;-17;2;-17;2;-16;3;-16;3;-15;3;-15;3;-15;3;-15;3;-15;3;-15;3;-14;3;-14;3;-13;3;-13;2;-13;1;-13;1;-13;1;-13;1;-12;1;-12;1;-11;1;-11;0;-4;0;-2;0;0;-1;0;-1;0;-1;-1;0;-3;1;-6;3;-7;3;-7;3;-8;3;-8;3;-9;4;-9;4;-9;4;-10;3;-11;3;-12;3;-12;3;-13;3;-13;3;-14;3;-14;3;-14;3;-15;2;-15;2;-16;2;-17;3;-17;3;-18;3;-18;3;-18;3;-19;3;-19;3;-19;2;112;0;-1;22;-1;22;-1;22;-1;21;-1;21;-1;20;-1;20;0;19;0;19;1;18;1;18;1;18;1;18;0;18;0;18;0;17;0;17;0;17;0;17;-1;17;-1;17;-2;16;-2;16;-2;15;-2;15;-3;15;-4;15;-5;15;-2;5;-1;1;0;-1;-1;-1;-1;-1;0;0;1;2;2;7;2;7;2;8;1;8;1;9;1;9;1;10;1;11;0;12;0;13;-1;13;-1;13;-1;14;-1;14;-1;15;-1;15;-2;16;-2;16;-2;16;-2;17;-2;17;-2;18;-1;19;-1;20;-1;21;-1;21;-1;21;-1;21,stable,EXP_S041,ZONE_01,entree_zone,4.7,entree_zone,entree dans la zone
482374284,-52,6,a0:9f:7a:73:2b:3e,384,-110;-96;8;0;-2;20;-1;12;2;4;4;-4;6;-11;9;-17;11;-22;13;-26;14;-29;15;-30;15;-31;15;-31;15;-29;13;-27;11;-24;9;-20;6;-15;3;-11;-2;-6;-6;-2;-10;1;-13;4;-17;6;-20;7;-22;8;-6;2;0;0;0;0;0;0;0;0;0;0;0;0;0;0;0;0;0;0;-1;-1;-5;-4;-6;-6;-9;-8;-11;-11;-13;-13;-14;-16;-15;-19;-15;-20;-14;-21;-13;-22;-11;-21;-9;-18;-7;-15;-5;-10;-3;-4;-2;1;-1;8;0;14;1;21;1;27;0;33;0;37;-1;40;-2;41;-3;40;-3;39;102;0;-12;16;-11;16;-11;15;-11;14;-11;13;-11;13;-11;13;-10;14;-9;13;-8;13;-8;13;-8;12;-8;12;-8;12;-8;12;-8;12;-7;12;-7;12;-6;11;-7;10;-7;10;-7;10;-7;10;-7;10;-7;10;-7;9;-7;9;-7;8;-3;3;-1;0;0;-1;0;-1;0;-1;-1;0;-1;2;-3;6;-3;6;-4;6;-4;7;-4;7;-4;8;-5;8;-5;8;-5;8;-6;9;-7;9;-7;10;-8;10;-8;11;-8;11;-8;11;-9;11;-9;11;-10;11;-10;12;-10;13;-10;13;-10;14;-11;14;-11;14;-12;14;-12;15;-12;15;102;0;15;16;15;16;15;16;15;16;14;15;14;15;13;14;13;13;14;12;14;11;14;11;14;11;14;11;14;11;14;11;14;11;14;11;14;11;13;11;13;11;12;12;11;12;11;11;10;11;10;11;10;11;9;12;8;12;3;4;0;1;-1;-1;-1;-1;-1;-1;0;0;2;1;6;3;6;4;6;5;6;5;6;6;7;6;8;7;8;8;8;8;8;9;8;10;8;10;8;11;8;11;9;11;9;12;9;12;9;13;10;13;10;13;10;13;11;14;12;14;13;15;14;15;14;16;14;16;14;16,stable,EXP_S041,ZONE_01,entree_zone,4.7,entree_zone,entree dans la zone
482573559,-52,6,a0:9f:7a:73:2b:3e,384,-110;-96;8;0;-20;6;-12;4;-4;3;4;2;11;0;18;-1;24;-1;28;-2;31;-2;33;-2;34;-2;34;-2;32;-2;29;-3;26;-2;21;-2;16;-2;10;-3;4;-4;-2;-5;-7;-6;-12;-8;-16;-10;-19;-11;-21;-13;-6;-4;0;0;0;0;0;0;0;0;0;0;0;0;0;0;0;0;0;0;0;-1;2;-5;3;-7;5;-10;7;-13;9;-16;11;-18;13;-19;15;-20;16;-20;17;-18;16;-16;14;-14;11;-10;8;-7;3;-4;-3;-1;-8;2;-14;5;-20;8;-26;11;-31;13;-35;14;-38;14;-40;14;-39;13;-38;13;113;0;-20;-7;-20;-6;-19;-6;-18;-6;-18;-6;-17;-6;-17;-5;-17;-5;-17;-4;-16;-4;-16;-3;-15;-3;-15;-3;-15;-3;-15;-3;-15;-3;-15;-2;-15;-2;-14;-2;-14;-3;-13;-3;-13;-3;-13;-3;-13;-3;-13;-3;-12;-3;-12;-3;-11;-4;-4;-2;-2;-1;0;0;0;0;0;0;-1;0;-3;-1;-8;-1;-8;-1;-8;-2;-9;-2;-9;-2;-10;-2;-10;-2;-11;-3;-11;-3;-12;-4;-12;-4;-13;-5;-13;-5;-14;-5;-14;-5;-14;-5;-14;-5;-14;-6;-15;-6;-16;-6;-16;-6;-17;-6;-18;-6;-18;-6;-18;-7;-19;-7;-19;-8;-19;-8;113;0;-11;19;-11;19;-11;19;-11;19;-11;18;-10;18;-10;17;-9;17;-8;17;-7;17;-7;17;-7;17;-7;17;-7;17;-7;17;-7;16;-7;16;-7;16;-7;16;-7;16;-7;15;-7;15;-7;14;-7;14;-7;13;-8;13;-9;13;-9;12;-4;4;-2;1;0;-1;0;-1;0;-1;-1;0;-1;2;-3;7;-3;7;-4;7;-4;7;-5;8;-5;8;-6;9;-6;9;-7;10;-8;10;-8;10;-9;11;-9;11;-9;11;-9;12;-10;12;-10;12;-11;12;-11;13;-11;13;-11;14;-11;15;-11;16;-11;17;-12;17;-12;18;-12;18;-12;18,stable,EXP_S041,ZONE_01,entree_zone,4.7,entree_zone,entree dans la zone
482772221,-52,6,a0:9f:7a:73:2b:3e,384,-110;-96;8;0;-19;-12;-12;-6;-7;0;-1;5;4;11;8;16;11;21;14;25;16;28;16;29;17;30;16;30;15;29;14;26;12;23;10;19;8;14;7;8;5;2;4;-4;4;-9;4;-14;5;-18;6;-21;7;-24;1;-6;0;0;0;0;0;0;0;0;0;0;0;0;0;0;0;0;0;0;1;-1;4;-3;7;-4;10;-5;13;-6;17;-7;20;-7;22;-7;24;-6;25;-5;24;-3;23;-2;20;-1;15;-1;10;-1;4;-2;-2;-3;-8;-5;-14;-7;-21;-10;-26;-13;-31;-16;-34;-18;-36;-21;-37;-22;-36;-23;-34;-23;110;0;-10;-19;-10;-18;-9;-17;-8;-16;-7;-16;-7;-16;-8;-16;-8;-16;-9;-15;-9;-14;-9;-13;-9;-13;-8;-13;-8;-13;-8;-13;-9;-13;-9;-12;-9;-11;-8;-11;-7;-10;-7;-11;-6;-11;-7;-11;-7;-11;-7;-11;-7;-10;-6;-10;-6;-10;-2;-4;-1;-2;0;0;0;0;0;0;-1;-1;-2;-2;-5;-6;-5;-6;-5;-7;-5;-7;-5;-8;-6;-8;-6;-8;-6;-9;-6;-9;-5;-10;-5;-11;-6;-12;-6;-12;-6;-13;-7;-13;-6;-13;-6;-13;-6;-14;-6;-15;-6;-15;-7;-16;-8;-16;-8;-16;-8;-16;-8;-17;-8;-17;-8;-18;-8;-19;110;0;-23;5;-23;5;-23;5;-23;5;-22;5;-22;5;-20;5;-20;5;-19;6;-19;7;-19;7;-19;7;-19;7;-19;7;-18;7;-18;7;-18;7;-18;7;-18;7;-18;6;-18;5;-17;5;-17;4;-16;4;-16;4;-16;3;-17;3;-17;2;-6;0;-2;0;0;-1;0;-1;0;-1;-1;0;-3;1;-8;3;-8;3;-9;3;-9;2;-10;2;-10;3;-11;3;-12;3;-13;2;-14;2;-15;1;-15;1;-15;1;-15;1;-16;2;-17;2;-17;1;-18;1;-18;1;-18;1;-18;2;-19;3;-20;4;-21;4;-22;4;-23;4;-23;4;-23;4,stable,EXP_S041,ZONE_01,entree_zone,4.7,entree_zone,entree dans la zone
482972672,-52,6,a0:9f:7a:73:2b:3e,384,-110;-96;8;0;-16;-14;-11;-8;-6;-2;-1;5;3;11;7;17;10;21;12;25;14;27;14;29;15;30;14;30;13;29;12;26;11;23;9;19;8;14;6;8;5;2;4;-3;4;-9;4;-14;4;-18;5;-21;6;-23;1;-6;0;0;0;0;0;0;0;0;0;0;0;0;0;0;0;0;0;0;1;-1;5;-1;7;-2;10;-3;14;-3;17;-3;20;-2;23;-2;24;-1;25;1;24;2;22;3;19;3;15;2;10;1;4;-1;-1;-3;-7;-6;-13;-9;-18;-13;-24;-16;-28;-19;-31;-22;-32;-25;-33;-27;-32;-27;-31;-26;115;0;-4;-20;-4;-19;-4;-19;-4;-18;-4;-18;-4;-17;-4;-17;-4;-17;-5;-16;-5;-15;-5;-15;-5;-14;-5;-14;-5;-14;-5;-14;-5;-14;-6;-14;-6;-13;-5;-13;-5;-12;-4;-12;-4;-12;-4;-12;-5;-12;-5;-12;-4;-11;-4;-11;-3;-11;-1;-4;-1;-2;0;0;0;0;0;0;-1;-1;-2;-3;-3;-7;-3;-7;-3;-8;-3;-8;-3;-9;-3;-9;-3;-10;-3;-10;-3;-11;-3;-11;-2;-12;-2;-13;-2;-13;-3;-14;-3;-14;-2;-14;-2;-14;-2;-15;-2;-15;-2;-16;-3;-17;-3;-17;-3;-18;-3;-18;-3;-18;-3;-19;-3;-19;-3;-20;115;0;-23;-1;-23;-1;-23;-1;-23;-1;-22;-1;-22;-1;-21;0;-20;0;-20;1;-19;2;-19;3;-20;3;-19;2;-19;2;-19;2;-18;2;-18;2;-18;2;-18;2;-18;1;-18;1;-17;1;-17;1;-16;0;-16;0;-16;0;-16;-1;-16;-2;-6;-1;-2;-1;0;-1;0;-1;0;-1;-1;0;-3;0;-9;1;-9;0;-9;0;-9;0;-10;0;-10;-1;-11;-1;-12;-1;-13;-1;-14;-2;-14;-3;-14;-3;-15;-3;-15;-3;-15;-3;-16;-3;-17;-3;-17;-4;-17;-4;-18;-4;-18;-3;-19;-3;-20;-2;-21;-2;-22;-2;-22;-2;-23;-2;-23;-2,stable,EXP_S041,ZONE_01,entree_zone,4.7,entree_zone,entree dans la zone
483172568,-52,6,a0:9f:7a:73:2b:3e,384,-110;-96;8;0;22;2;14;0;5;-3;-3;-6;-11;-9;-18;-12;-24;-14;-28;-16;-31;-17;-33;-18;-34;-19;-34;-19;-32;-18;-29;-17;-25;-15;-21;-12;-16;-8;-12;-4;-7;0;-3;5;1;10;4;14;6;18;8;21;8;24;2;6;0;0;0;0;0;0;0;0;0;0;0;0;0;0;0;0;0;0;-1;0;-5;4;-6;6;-9;9;-12;11;-15;13;-18;15;-21;15;-23;15;-24;14;-24;13;-23;11;-20;9;-16;7;-11;4;-5;2;1;1;9;0;16;-1;23;-1;30;-1;36;0;40;0;44;1;45;2;45;3;43;3;106;0;14;16;14;15;13;15;12;14;12;14;12;14;12;13;12;13;12;12;12;11;12;10;12;10;12;10;12;10;12;10;12;10;12;9;11;9;11;8;10;8;10;8;9;8;9;8;9;8;9;8;9;8;8;8;8;8;2;3;0;0;-1;-1;-1;-1;-1;-1;0;0;2;1;6;4;6;4;6;5;6;5;7;6;7;6;8;6;8;7;8;7;8;8;8;9;8;10;9;10;9;10;9;11;9;11;9;12;9;12;10;13;10;13;11;14;11;14;12;14;12;14;12;15;13;15;13;16;13;16;106;0;21;-13;21;-13;21;-13;20;-13;20;-13;19;-13;18;-12;18;-13;17;-13;16;-13;16;-13;16;-13;15;-13;15;-13;15;-13;15;-13;15;-13;15;-13;15;-13;15;-12;15;-12;15;-11;14;-11;14;-10;14;-10;14;-9;15;-9;15;-8;5;-3;1;-1;-1;0;-1;0;-1;0;0;-1;2;-3;6;-6;6;-6;7;-6;7;-6;8;-6;9;-6;10;-7;11;-7;11;-7;12;-7;13;-6;14;-6;14;-6;14;-6;15;-7;15;-7;16;-7;16;-7;17;-7;17;-8;18;-8;18;-9;19;-10;20;-10;20;-11;21;-12;21;-12;21;-12,stable,EXP_S041,ZONE_01,entree_zone,4.7,entree_zone,entree dans la zone
483373359,-52,6,a0:9f:7a:73:2b:3e,384,-110;-96;8;0;-9;18;-5;11;0;5;5;-2;9;-7;13;-12;17;-16;20;-19;23;-21;24;-23;25;-23;24;-22;23;-22;21;-20;19;-18;15;-15;11;-12;6;-9;1;-6;-5;-4;-9;-2;-14;-1;-18;0;-21;0;-24;0;-6;0;0;0;0;0;0;0;0;0;0;0;0;0;0;0;0;0;0;0;-1;-1;-3;-5;-4;-7;-5;-11;-6;-14;-7;-17;-7;-20;-7;-22;-7;-24;-6;-24;-4;-24;-3;-23;-2;-20;-1;-16;-1;-11;-2;-5;-3;1;-4;7;-6;13;-7;19;-9;25;-11;30;-13;34;-16;36;-17;37;-18;36;-17;34;109;0;-17;11;-16;10;-16;10;-15;9;-15;9;-14;9;-14;9;-14;10;-13;10;-12;10;-11;9;-11;9;-11;9;-11;9;-11;9;-11;10;-10;10;-10;9;-10;9;-10;8;-10;8;-10;8;-10;8;-9;8;-9;7;-9;7;-9;7;-9;6;-3;2;-1;0;0;-1;0;-1;0;-1;-1;0;-2;1;-5;4;-6;4;-6;4;-7;5;-7;5;-7;5;-8;5;-8;6;-9;6;-10;6;-10;6;-11;6;-11;6;-12;6;-12;6;-12;6;-12;6;-13;6;-13;6;-14;7;-15;8;-15;8;-15;9;-15;9;-15;9;-16;9;-17;9;-17;9;109;0;8;20;8;20;8;20;8;20;8;19;8;18;8;17;8;16;9;16;9;16;9;15;9;15;9;15;9;15;9;14;9;14;9;14;9;14;9;14;9;14;8;14;8;14;7;14;7;13;6;13;6;13;5;14;5;14;1;5;0;1;-1;-1;-1;-1;-1;-1;0;0;1;2;3;6;3;7;3;7;3;7;3;8;3;8;4;9;4;10;4;11;3;12;3;12;3;12;3;13;3;13;3;14;3;14;3;15;3;15;3;16;3;16;4;16;5;17;6;18;6;18;6;19;6;20;7;20;7;20,stable,EXP_S041,ZONE_01,entree_zone,4.7,entree_zone,entree dans la zone
483578122,-52,6,a0:9f:7a:73:2b:3e,384,-110;-96;8;0;1;22;2;13;2;4;3;-5;4;-13;5;-20;6;-26;7;-31;7;-34;7;-36;8;-37;8;-37;8;-35;7;-32;6;-28;5;-23;3;-17;0;-12;-3;-6;-6;-1;-9;4;-12;8;-15;12;-19;14;-21;15;-6;4;0;0;0;0;0;0;0;0;0;0;0;0;0;0;0;0;0;0;-2;-1;-6;-4;-8;-5;-11;-8;-13;-10;-16;-13;-18;-15;-19;-18;-19;-20;-18;-21;-17;-21;-15;-20;-13;-18;-9;-14;-6;-10;-4;-4;-2;2;1;9;3;16;5;22;6;29;7;35;7;39;7;42;6;44;6;44;5;42;106;0;-16;15;-16;15;-15;14;-15;14;-14;13;-14;13;-13;13;-12;13;-12;13;-11;13;-10;13;-10;12;-10;12;-10;12;-10;12;-10;12;-10;12;-10;12;-9;11;-9;11;-9;10;-9;10;-9;10;-9;10;-9;9;-9;9;-9;8;-9;8;-4;2;-1;0;0;-1;0;-1;0;-1;-1;0;-2;2;-4;6;-4;6;-5;7;-5;7;-6;7;-6;8;-6;8;-7;8;-7;9;-8;9;-9;9;-10;10;-10;10;-11;10;-11;10;-11;10;-11;11;-12;11;-12;11;-13;12;-13;12;-14;13;-14;13;-14;13;-15;14;-15;14;-15;14;-16;14;106;0;13;20;13;19;13;19;13;19;13;18;13;18;13;17;13;16;13;16;13;15;13;15;13;14;13;14;13;14;13;14;13;14;13;14;12;14;12;14;12;14;11;14;11;14;10;14;10;14;9;14;8;14;8;14;7;15;2;5;0;1;-1;-1;-1;-1;-1;-1;0;0;2;1;6;5;6;6;6;6;6;7;6;7;7;8;7;8;7;9;7;10;7;11;7;12;7;12;7;13;7;13;8;14;8;14;8;15;8;15;8;15;9;16;9;16;10;17;11;18;11;18;12;19;12;19;13;20;13;20,stable,EXP_S041,ZONE_01,entree_zone,4.7,entree_zone,entree dans la zone
483782399,-52,6,a0:9f:7a:73:2b:3e,384,-110;-96;8;0;16;11;11;5;5;-1;0;-7;-5;-12;-9;-18;-12;-22;-14;-25;-16;-28;-17;-30;-17;-31;-17;-30;-16;-29;-14;-27;-12;-24;-10;-19;-9;-14;-7;-9;-6;-3;-5;3;-5;8;-5;13;-5;17;-6;20;-7;22;-2;5;0;0;0;0;0;0;0;0;0;0;0;0;0;0;0;0;0;0;-2;0;-6;2;-8;3;-11;4;-15;5;-18;5;-21;5;-23;5;-25;4;-25;3;-24;2;-23;0;-20;0;-16;0;-11;0;-5;1;1;2;6;4;13;7;19;10;25;12;29;15;32;18;34;20;34;21;34;22;32;21;105;0;1;19;1;18;1;18;1;17;1;17;2;16;2;16;2;15;3;15;3;14;3;14;3;14;3;13;3;13;3;13;3;13;3;13;3;12;3;12;3;12;3;12;3;11;3;11;3;11;2;11;2;11;2;10;1;10;0;3;0;1;-1;-1;-1;-1;-1;-1;0;0;0;2;2;6;2;6;1;7;1;7;1;8;1;8;1;9;1;9;1;10;1;10;1;11;1;12;1;12;1;12;1;13;0;13;0;13;0;14;0;14;0;15;0;15;1;16;1;16;1;17;1;17;1;18;1;18;1;18;105;0;22;2;22;1;22;1;22;1;21;1;20;0;20;0;20;-1;19;-1;19;-2;19;-2;18;-2;18;-3;18;-3;18;-3;18;-2;18;-2;18;-2;17;-2;17;-1;17;-1;16;-1;16;-1;16;-1;15;0;15;0;15;1;15;2;5;0;1;0;-1;-1;-1;0;-1;-1;0;-1;2;-1;7;-2;8;-1;8;-1;9;-1;9;0;10;0;10;0;11;1;12;1;12;1;13;2;13;2;14;2;14;2;14;3;15;3;15;3;16;3;16;3;17;3;17;3;18;3;19;3;20;2;20;2;21;2;22;2;22;2,stable,EXP_S041,ZONE_01,entree_zone,4.7,entree_zone,entree dans la zone
483984786,-52,6,a0:9f:7a:73:2b:3e,384,-110;-96;8;0;-22;-4;-14;-1;-5;2;3;5;10;8;16;11;21;14;25;16;28;17;30;18;30;19;30;19;28;18;26;17;23;14;19;12;14;8;10;4;6;-1;2;-6;-2;-10;-4;-15;-6;-19;-7;-23;-8;-25;-2;-7;0;0;0;0;0;0;0;0;0;0;0;0;0;0;0;0;0;0;0;-1;4;-5;6;-7;9;-9;12;-11;15;-12;18;-13;20;-14;22;-13;23;-13;23;-11;22;-9;19;-8;15;-6;9;-4;3;-3;-3;-2;-10;-2;-17;-2;-24;-2;-30;-3;-36;-3;-40;-5;-43;-6;-44;-7;-43;-7;-42;-8;104;0;-18;-14;-17;-13;-16;-13;-15;-12;-15;-12;-14;-13;-15;-12;-15;-12;-15;-10;-15;-9;-15;-9;-14;-9;-14;-9;-14;-9;-14;-9;-14;-9;-14;-8;-13;-8;-13;-7;-12;-8;-11;-8;-11;-8;-11;-8;-11;-8;-11;-8;-11;-7;-10;-7;-10;-8;-4;-3;-1;-1;0;0;0;0;0;0;-1;-1;-3;-1;-7;-3;-7;-4;-8;-4;-8;-5;-9;-5;-9;-5;-9;-6;-10;-6;-10;-7;-10;-7;-10;-8;-11;-9;-11;-9;-12;-9;-12;-9;-12;-10;-12;-10;-12;-11;-12;-11;-13;-12;-14;-12;-15;-12;-15;-12;-15;-12;-15;-12;-16;-13;-16;-14;-16;-14;104;0;-18;15;-18;15;-19;16;-18;15;-18;15;-17;14;-16;14;-15;14;-14;14;-14;15;-14;15;-14;15;-14;14;-14;14;-13;14;-13;14;-13;14;-13;14;-13;14;-14;14;-14;13;-14;12;-13;11;-13;11;-13;10;-14;10;-14;9;-15;9;-6;3;-2;0;0;-1;0;-1;0;-1;-1;0;-2;2;-5;6;-6;6;-6;6;-7;6;-7;7;-8;7;-8;8;-9;8;-11;8;-11;8;-12;8;-13;8;-13;8;-13;8;-14;9;-14;9;-15;9;-15;9;-16;9;-16;10;-16;10;-16;11;-17;13;-17;13;-18;14;-19;14;-19;14;-19;14,stable,EXP_S041,ZONE_01,entree_zone,4.7,entree_zone,entree dans la zone
484173250,-52,6,a0:9f:7a:73:2b:3e,384,-110;-96;8;0;-19;6;-12;5;-4;3;4;2;12;2;18;1;23;1;28;0;31;0;33;0;33;1;33;1;31;1;29;1;25;1;21;0;15;-1;10;-2;4;-4;-1;-6;-6;-8;-10;-10;-13;-13;-16;-15;-17;-17;-5;-5;0;0;0;0;0;0;0;0;0;0;0;0;0;0;0;0;0;0;0;-2;1;-6;2;-8;3;-11;4;-14;6;-17;8;-19;10;-21;12;-21;13;-21;13;-20;13;-18;11;-15;9;-12;6;-8;2;-4;-3;-1;-9;3;-14;6;-20;9;-25;12;-30;14;-34;15;-37;15;-38;15;-38;14;-37;13;101;0;-20;-5;-19;-4;-18;-4;-18;-4;-17;-5;-17;-5;-17;-5;-17;-4;-16;-3;-16;-3;-15;-3;-15;-3;-15;-3;-15;-3;-15;-3;-15;-3;-15;-3;-14;-2;-14;-2;-13;-3;-12;-3;-12;-3;-12;-3;-12;-3;-12;-3;-12;-3;-11;-3;-11;-4;-4;-2;-1;-1;0;0;0;-1;0;0;-1;0;-3;0;-7;0;-8;0;-8;0;-9;0;-9;0;-10;0;-10;0;-10;-1;-11;-1;-11;-2;-12;-2;-13;-3;-13;-3;-14;-3;-14;-3;-14;-3;-14;-3;-14;-4;-15;-4;-16;-5;-16;-4;-17;-4;-17;-4;-17;-4;-18;-4;-18;-5;-19;-5;-19;-6;101;0;-9;19;-9;19;-9;19;-9;19;-9;19;-9;18;-8;18;-7;17;-7;17;-6;17;-6;17;-6;17;-6;17;-6;17;-6;16;-6;16;-6;16;-6;16;-7;16;-7;16;-7;15;-7;14;-7;14;-7;13;-8;13;-8;13;-9;12;-10;12;-4;4;-2;1;0;-1;0;-1;0;-1;0;0;-1;2;-1;7;-1;7;-2;8;-2;8;-3;8;-3;9;-3;10;-4;10;-4;11;-5;11;-6;12;-6;12;-6;12;-7;12;-7;13;-7;13;-8;13;-8;14;-9;14;-9;14;-9;15;-8;16;-8;17;-9;18;-9;18;-9;19;-10;19;-10;19,stable,EXP_S041,ZONE_01,entree_zone,4.7,entree_zone,entree dans la zone
484372617,-52,6,a0:9f:7a:73:2b:3e,384,-110;-96;8;0;20;-9;12;-7;3;-5;-6;-4;-14;-3;-21;-2;-27;-2;-31;-2;-35;-2;-37;-2;-38;-2;-37;-2;-36;-2;-33;-2;-29;-2;-24;-1;-18;0;-12;1;-6;3;0;5;5;8;10;10;14;13;16;16;18;17;4;4;0;0;0;0;0;0;0;0;0;0;0;0;0;0;0;0;0;0;-1;1;-2;5;-3;8;-4;11;-6;15;-7;18;-9;20;-11;22;-13;23;-14;23;-15;21;-15;19;-13;16;-11;12;-7;8;-3;4;3;0;8;-4;14;-8;20;-11;26;-14;31;-17;36;-18;39;-18;41;-18;41;-17;39;-16;112;0;20;5;20;5;19;5;18;5;18;4;17;4;17;4;17;3;17;2;16;1;16;1;15;1;15;1;15;1;15;1;15;1;15;0;14;0;14;0;13;1;13;1;13;1;12;1;12;1;12;1;12;1;11;1;11;1;4;0;1;0;-1;-1;-1;-1;-1;-1;0;-1;2;0;7;0;7;1;8;1;8;1;9;1;9;1;9;1;10;2;10;2;11;3;11;3;12;4;13;4;13;4;13;4;13;4;13;4;14;5;15;5;15;5;16;5;17;5;17;5;17;5;18;5;18;6;19;6;19;6;112;0;10;-22;10;-22;10;-23;10;-22;9;-22;9;-21;8;-21;7;-20;7;-20;6;-20;5;-20;5;-20;5;-20;5;-20;5;-20;5;-19;5;-19;5;-19;5;-19;5;-19;5;-18;5;-18;5;-17;5;-17;6;-16;6;-16;7;-16;8;-16;2;-6;1;-2;-1;0;-1;0;-1;0;0;-1;0;-3;2;-9;3;-9;3;-9;4;-9;4;-10;4;-10;5;-11;5;-11;6;-12;7;-12;8;-13;8;-13;8;-13;9;-13;9;-14;9;-14;10;-15;10;-15;11;-15;11;-16;10;-17;10;-18;10;-19;11;-19;11;-20;11;-21;11;-21;11;-22,stable,EXP_S041,ZONE_01,entree_zone,4.7,entree_zone,entree dans la zone
484576716,-52,6,a0:9f:7a:73:2b:3e,384,-110;-96;8;0;3;19;3;12;3;3;3;-5;4;-12;5;-18;6;-24;6;-28;6;-31;7;-33;7;-34;7;-33;7;-31;7;-29;6;-25;5;-21;3;-16;0;-11;-3;-6;-6;-1;-9;3;-12;7;-15;9;-18;11;-20;12;-5;3;0;0;0;0;0;0;0;0;0;0;0;0;0;0;0;0;0;0;-2;-1;-6;-3;-8;-4;-11;-5;-13;-7;-16;-9;-18;-11;-19;-13;-20;-15;-19;-16;-18;-17;-16;-16;-14;-14;-11;-11;-8;-8;-4;-3;-2;2;1;8;4;13;6;20;8;26;9;31;9;34;10;37;9;39;8;38;8;37;110;0;-8;18;-8;17;-8;16;-8;15;-8;15;-8;15;-8;15;-7;15;-6;14;-6;14;-5;13;-5;13;-5;13;-6;13;-6;13;-5;13;-5;13;-4;12;-4;12;-5;11;-5;10;-5;10;-5;10;-5;11;-5;10;-5;10;-5;9;-5;9;-2;3;-1;0;0;-1;0;-1;0;-1;-1;0;-1;2;-1;6;-2;6;-2;7;-2;7;-3;8;-3;8;-3;8;-3;9;-4;9;-4;9;-5;10;-5;10;-6;11;-6;11;-6;12;-6;12;-6;12;-7;12;-7;12;-8;13;-8;14;-7;15;-7;15;-7;15;-8;15;-9;15;-9;16;-10;16;110;0;17;12;17;12;17;12;17;12;17;12;16;12;16;11;16;10;16;9;16;9;16;8;16;9;15;9;15;9;15;8;15;8;15;8;15;8;15;8;15;9;14;9;13;9;12;9;12;9;12;9;11;9;11;10;10;10;3;4;1;1;-1;-1;-1;-1;-1;-1;0;0;2;0;7;2;7;3;7;3;7;3;8;4;8;4;9;5;9;6;10;7;10;7;10;8;10;8;10;9;10;9;11;9;11;10;11;10;12;11;12;11;12;11;13;11;14;11;14;11;15;12;16;12;16;13;16;13;17;13,stable,EXP_S041,ZONE_01,entree_zone,4.7,entree_zone,entree dans la zone
484773406,-52,6,a0:9f:7a:73:2b:3e,384,-110;-96;8;0;-22;9;-13;6;-4;5;4;3;12;2;20;2;26;2;31;2;34;1;36;1;37;1;37;2;35;3;32;3;28;3;23;2;17;0;11;-1;5;-4;0;-7;-5;-10;-10;-13;-13;-16;-16;-18;-17;-21;-5;-6;0;0;0;0;0;0;0;0;0;0;0;0;0;0;0;0;0;0;0;-2;0;-7;0;-9;1;-13;2;-16;3;-20;5;-23;6;-25;8;-26;10;-26;11;-25;11;-22;10;-19;8;-15;5;-11;1;-6;-4;-1;-9;4;-15;8;-21;12;-26;15;-32;18;-36;19;-39;20;-41;21;-41;19;-39;18;101;0;-21;-8;-20;-8;-19;-7;-19;-7;-18;-7;-18;-8;-18;-7;-18;-7;-17;-6;-17;-5;-17;-5;-16;-4;-16;-5;-16;-5;-16;-5;-16;-5;-16;-5;-15;-4;-14;-4;-14;-5;-13;-5;-13;-5;-13;-5;-13;-5;-13;-5;-12;-5;-12;-5;-11;-5;-4;-2;-2;-1;0;0;0;-1;0;0;-1;0;-3;0;-8;0;-8;-1;-9;-1;-9;-1;-10;-2;-10;-2;-11;-2;-11;-2;-11;-3;-12;-3;-13;-4;-13;-4;-14;-4;-14;-4;-15;-5;-15;-5;-15;-5;-15;-6;-16;-7;-16;-7;-17;-7;-18;-7;-18;-6;-18;-7;-19;-7;-19;-7;-20;-8;-20;-9;101;0;-14;20;-14;21;-13;21;-13;21;-13;20;-13;19;-12;19;-11;19;-10;18;-10;18;-10;18;-10;18;-10;18;-10;18;-9;18;-9;17;-9;17;-9;17;-10;17;-10;17;-10;16;-10;15;-10;15;-10;14;-11;14;-11;13;-12;13;-13;12;-5;4;-2;1;0;-1;0;-1;0;-1;-1;0;-1;2;-2;8;-3;8;-3;8;-4;9;-4;9;-5;10;-5;10;-6;11;-7;12;-8;12;-8;12;-9;12;-9;12;-10;13;-10;13;-11;14;-11;14;-12;14;-12;15;-12;15;-12;16;-12;17;-12;18;-13;19;-13;19;-14;20;-14;20;-14;20,stable,EXP_S041,ZONE_01,entree_zone,4.7,entree_zone,entree dans la zone
484972524,-52,6,a0:9f:7a:73:2b:3e,384,-110;-96;8;0;-16;-15;-11;-9;-6;-2;-1;5;3;11;7;17;10;22;12;26;14;28;15;30;15;31;15;31;14;29;13;27;11;23;9;19;7;14;6;8;4;2;3;-4;3;-9;2;-14;2;-18;3;-22;4;-24;1;-7;0;0;0;0;0;0;0;0;0;0;0;0;0;0;0;0;0;0;1;-1;5;-1;8;-1;11;-1;15;-1;18;-1;21;0;23;2;24;3;25;4;24;5;22;5;19;5;14;4;10;2;4;0;-1;-3;-7;-6;-12;-10;-18;-14;-23;-18;-27;-22;-29;-25;-31;-27;-32;-28;-31;-29;-30;-28;111;0;-2;-41;-2;-40;-2;-39;-2;-38;-2;-37;-2;-36;-2;-35;-3;-35;-4;-33;-5;-32;-5;-31;-5;-31;-5;-30;-5;-30;-5;-30;-5;-30;-5;-29;-5;-29;-5;-28;-4;-27;-3;-26;-3;-26;-3;-26;-3;-26;-3;-25;-2;-24;-1;-24;0;-23;0;-9;0;-3;0;0;0;0;0;0;-1;-2;-2;-5;-6;-14;-5;-15;-5;-16;-5;-17;-5;-18;-5;-19;-5;-20;-5;-21;-4;-22;-3;-23;-3;-25;-3;-26;-3;-27;-3;-28;-3;-28;-2;-29;-2;-29;-1;-30;-1;-32;-1;-33;-1;-34;-1;-35;-1;-36;-1;-37;-1;-37;-1;-39;-1;-40;-1;-41;111;0;-45;-9;-45;-9;-45;-8;-44;-8;-43;-7;-42;-7;-41;-6;-40;-5;-39;-4;-39;-3;-39;-3;-39;-2;-39;-2;-38;-2;-38;-2;-37;-2;-37;-2;-37;-3;-36;-3;-36;-4;-35;-4;-34;-5;-33;-5;-32;-6;-31;-7;-31;-8;-31;-10;-31;-11;-11;-4;-4;-2;0;0;0;-1;0;-1;-2;0;-6;0;-17;1;-17;1;-18;0;-19;-1;-20;-1;-21;-2;-22;-2;-24;-3;-25;-4;-26;-5;-27;-6;-28;-7;-28;-7;-29;-7;-30;-8;-31;-9;-32;-9;-33;-10;-33;-10;-34;-10;-35;-9;-37;-9;-39;-9;-41;-9;-42;-9;-44;-10;-44;-9;-45;-9,stable,EXP_S041,ZONE_01,entree_zone,4.7,entree_zone,entree dans la zone
485172457,-52,6,a0:9f:7a:73:2b:3e,384,-110;-96;8;0;0;-22;-1;-14;-3;-6;-5;2;-7;10;-9;16;-11;21;-13;25;-14;28;-14;30;-15;31;-15;31;-15;29;-14;27;-12;23;-10;19;-7;15;-4;10;0;5;4;1;8;-3;12;-6;16;-8;19;-9;21;-10;5;-3;0;0;0;0;0;0;0;0;0;0;0;0;0;0;0;0;0;0;0;0;4;3;6;4;8;6;11;9;13;12;14;15;15;17;15;19;14;20;13;20;12;19;10;17;7;13;5;9;3;3;1;-2;0;-9;-1;-15;-2;-22;-2;-29;-2;-34;-2;-38;-2;-41;-1;-42;-1;-42;0;-41;100;0;15;-13;15;-13;15;-12;14;-12;14;-11;13;-11;13;-11;12;-11;12;-11;11;-11;11;-11;10;-11;10;-11;10;-11;10;-10;10;-10;10;-10;10;-10;9;-10;9;-9;9;-9;9;-9;9;-8;9;-8;9;-8;9;-7;9;-7;9;-6;3;-3;1;-1;-1;0;-1;0;-1;0;0;-1;1;-3;3;-7;3;-7;4;-7;4;-7;5;-7;5;-8;5;-8;6;-8;6;-8;7;-9;8;-9;8;-9;9;-9;9;-9;10;-10;10;-10;11;-10;11;-10;11;-10;12;-10;12;-11;13;-11;13;-12;13;-12;14;-12;15;-12;15;-12;15;-12;100;0;-10;-21;-10;-21;-10;-21;-10;-20;-10;-20;-10;-19;-10;-18;-10;-18;-10;-17;-10;-17;-10;-17;-11;-17;-11;-17;-11;-17;-10;-16;-10;-16;-10;-16;-10;-16;-9;-16;-9;-16;-8;-16;-8;-16;-7;-15;-7;-15;-6;-15;-6;-15;-5;-16;-4;-16;-2;-6;-1;-2;0;0;0;0;0;0;-1;-1;-3;-2;-6;-6;-6;-6;-6;-7;-6;-8;-6;-8;-6;-9;-7;-10;-7;-10;-7;-11;-7;-12;-7;-13;-7;-13;-7;-14;-6;-14;-6;-15;-6;-15;-6;-16;-7;-16;-7;-17;-7;-17;-8;-17;-8;-18;-9;-18;-9;-19;-9;-20;-10;-20;-10;-21;-10;-21,stable,EXP_S041,ZONE_01,entree_zone,4.7,entree_zone,entree dans la zone
485372264,-52,6,a0:9f:7a:73:2b:3e,384,-110;-96;8;0;20;4;12;1;5;-2;-3;-5;-9;-9;-15;-12;-20;-15;-24;-17;-26;-18;-28;-20;-29;-20;-28;-20;-27;-20;-25;-18;-21;-16;-18;-13;-14;-10;-10;-5;-6;-1;-3;4;0;9;2;13;4;17;4;20;4;22;1;5;0;0;0;0;0;0;0;0;0;0;0;0;0;0;0;0;0;0;-1;0;-4;3;-6;5;-9;7;-12;9;-15;11;-17;12;-20;12;-22;12;-23;11;-23;10;-21;8;-19;6;-15;5;-10;3;-5;2;1;1;7;1;14;1;21;1;27;2;32;3;36;4;39;5;40;6;40;7;39;7;108;0;5;18;5;18;5;18;5;17;5;16;5;16;5;15;5;15;5;14;5;14;6;13;6;13;6;13;6;12;6;12;6;12;5;12;5;12;5;12;5;11;5;11;4;11;4;10;4;10;4;10;4;10;3;10;3;10;1;3;0;1;-1;-1;-1;-1;-1;-1;0;0;1;1;4;5;4;6;3;6;3;7;3;7;3;8;3;8;3;9;3;9;3;10;3;10;3;11;3;11;4;12;4;12;4;13;4;13;4;14;4;14;4;14;4;15;4;15;4;16;4;16;5;17;5;17;5;18;5;18;108;0;22;-2;22;-3;22;-3;21;-3;21;-3;20;-3;20;-3;19;-4;18;-4;18;-4;18;-5;18;-5;18;-5;18;-5;17;-6;17;-5;17;-5;17;-5;17;-4;17;-4;16;-4;16;-3;15;-3;15;-3;15;-2;15;-2;15;-1;15;-1;5;0;1;0;-1;0;-1;0;-1;0;0;-1;2;-1;7;-3;7;-3;8;-3;8;-3;9;-2;10;-2;10;-2;11;-2;12;-1;12;-1;13;-1;13;-1;14;0;14;0;15;0;15;0;16;0;16;0;16;0;17;0;18;0;18;-1;19;-1;20;-1;20;-2;21;-2;22;-2;22;-2,stable,EXP_S041,ZONE_01,entree_zone,4.7,entree_zone,entree dans la zone
485572665,-52,6,a0:9f:7a:73:2b:3e,384,-110;-96;8;0;13;16;9;9;5;2;1;-6;-3;-12;-5;-19;-8;-24;-9;-28;-11;-31;-12;-33;-12;-34;-12;-34;-11;-32;-10;-30;-8;-26;-7;-22;-6;-16;-6;-10;-5;-4;-5;2;-6;7;-6;12;-7;16;-8;20;-9;22;-3;5;0;0;0;0;0;0;0;0;0;0;0;0;0;0;0;0;0;0;-2;0;-6;0;-9;0;-12;-1;-16;-1;-19;-2;-22;-3;-24;-4;-25;-5;-26;-6;-25;-7;-23;-8;-20;-7;-16;-6;-11;-4;-6;-1;-1;2;5;6;10;10;15;15;20;19;23;23;26;26;28;29;28;31;27;31;26;30;111;0;-2;20;-2;19;-2;19;-2;18;-2;18;-2;17;-1;17;-1;17;0;16;1;15;1;15;1;14;1;14;1;14;1;14;1;14;1;14;1;13;1;13;1;12;0;12;0;12;0;12;0;12;0;12;0;11;0;11;-1;11;-1;3;-1;1;-1;-1;-1;-1;-1;-1;0;0;0;2;1;6;0;7;0;7;0;8;0;8;0;9;0;9;0;10;0;10;-1;11;-1;11;-1;12;-2;13;-2;13;-2;13;-2;14;-2;14;-2;14;-3;15;-3;16;-2;16;-2;17;-2;17;-2;17;-2;18;-2;18;-2;19;-3;19;111;0;21;6;21;6;22;6;21;5;21;5;20;5;20;4;19;3;19;3;19;2;19;2;18;2;18;2;18;2;18;2;18;1;18;1;18;1;18;2;18;2;17;2;16;3;16;3;15;3;15;3;15;4;15;4;14;5;5;2;1;0;-1;-1;-1;-1;-1;-1;0;0;2;0;8;0;8;1;8;1;8;1;9;2;10;2;10;2;11;3;12;3;12;4;12;5;12;5;13;5;13;6;14;6;14;6;15;6;15;7;15;7;16;7;16;6;17;6;18;6;19;6;20;6;21;7;21;7;21;7,stable,EXP_S041,ZONE_01,entree_zone,4.7,entree_zone,entree dans la zone
485773266,-52,6,a0:9f:7a:73:2b:3e,384,-110;-96;8;0;-8;-21;-6;-14;-5;-5;-4;3;-3;10;-3;17;-2;23;-2;28;-2;31;-2;33;-3;34;-3;34;-3;33;-3;30;-3;26;-3;22;-2;16;0;11;2;5;4;0;7;-5;9;-9;12;-13;14;-15;16;-17;4;-5;0;0;0;0;0;0;0;0;0;0;0;0;0;0;0;0;0;0;1;0;5;1;7;2;10;3;13;4;16;6;19;8;21;9;22;11;22;12;21;13;19;13;16;12;12;9;8;6;4;2;1;-3;-3;-8;-7;-14;-10;-20;-13;-25;-14;-30;-16;-34;-17;-38;-17;-39;-16;-39;-15;-38;112;0;7;-20;6;-19;6;-18;6;-17;7;-16;8;-16;7;-16;7;-17;5;-17;4;-16;3;-15;3;-15;4;-14;4;-15;4;-15;4;-15;3;-15;3;-14;3;-13;3;-12;4;-12;4;-12;4;-12;4;-13;4;-12;3;-12;4;-11;4;-11;1;-4;0;-1;-1;0;-1;0;-1;0;0;-1;0;-3;0;-7;1;-7;1;-8;1;-8;1;-9;1;-10;1;-10;2;-10;2;-10;3;-10;4;-11;4;-12;4;-13;4;-13;4;-13;4;-13;5;-13;6;-13;6;-14;7;-15;7;-16;6;-17;6;-17;6;-17;6;-17;7;-17;8;-18;8;-18;112;0;-18;-14;-18;-14;-19;-15;-18;-15;-18;-15;-17;-14;-16;-13;-16;-12;-16;-10;-17;-10;-17;-10;-17;-10;-17;-11;-17;-11;-16;-10;-16;-10;-16;-10;-16;-10;-16;-10;-16;-11;-15;-11;-14;-11;-13;-11;-13;-10;-13;-10;-13;-11;-12;-11;-12;-12;-4;-5;-2;-2;0;0;0;0;0;0;-1;-1;-3;-1;-8;-3;-8;-4;-8;-5;-8;-5;-9;-6;-9;-6;-10;-6;-11;-7;-11;-8;-11;-9;-11;-10;-11;-10;-11;-10;-11;-10;-12;-11;-13;-12;-13;-12;-13;-13;-12;-13;-13;-13;-13;-13;-14;-13;-16;-13;-17;-14;-18;-14;-18;-15;-18;-15;-18;-15,stable,EXP_S041,ZONE_01,entree_zone,4.7,entree_zone,entree dans la zone
485974769,-52,6,a0:9f:7a:73:2b:3e,384,-110;-96;8;0;-19;-13;-14;-7;-8;-1;-3;5;2;11;6;16;9;21;12;25;13;28;14;30;14;31;14;31;13;30;12;28;11;24;9;21;7;16;6;10;5;4;5;-2;5;-7;5;-12;7;-16;8;-20;9;-22;2;-6;0;0;0;0;0;0;0;0;0;0;0;0;0;0;0;0;0;0;1;-1;4;-3;7;-4;10;-6;13;-7;16;-8;19;-8;22;-8;24;-8;25;-7;25;-5;23;-4;20;-3;16;-2;11;-2;5;-3;-1;-4;-7;-6;-13;-7;-20;-10;-25;-13;-30;-15;-34;-18;-36;-21;-37;-22;-36;-23;-35;-23;111;0;-9;-19;-8;-18;-8;-17;-7;-17;-7;-16;-7;-16;-7;-16;-8;-16;-8;-15;-9;-14;-8;-13;-8;-13;-8;-13;-8;-13;-8;-13;-8;-13;-8;-12;-8;-12;-8;-11;-8;-11;-7;-11;-7;-11;-7;-11;-7;-11;-7;-11;-7;-11;-6;-10;-6;-10;-2;-4;-1;-2;0;0;0;0;0;0;-1;-1;-2;-2;-4;-6;-4;-6;-4;-7;-4;-8;-4;-8;-5;-9;-5;-9;-5;-9;-5;-10;-5;-10;-4;-11;-5;-12;-5;-12;-5;-13;-5;-13;-5;-13;-5;-13;-5;-14;-5;-14;-5;-15;-6;-16;-6;-16;-7;-16;-7;-16;-7;-17;-7;-17;-7;-18;-7;-19;111;0;-24;2;-24;3;-24;3;-23;3;-23;3;-22;3;-21;3;-20;4;-20;4;-19;5;-19;5;-19;5;-19;5;-19;5;-19;5;-18;5;-18;5;-18;5;-18;5;-18;5;-18;4;-17;4;-17;3;-16;3;-16;3;-16;2;-16;2;-17;1;-6;0;-2;0;0;-1;0;-1;0;-1;-1;0;-3;0;-9;2;-9;2;-9;1;-10;1;-10;1;-11;1;-12;1;-13;1;-14;1;-14;0;-15;0;-15;-1;-16;-1;-16;-1;-17;-1;-17;-1;-18;-1;-18;-1;-18;-1;-19;-1;-19;0;-20;0;-21;1;-22;1;-23;1;-23;1;-24;1;-24;1,stable,EXP_S041,ZONE_01,entree_zone,4.7,entree_zone,entree dans la zone
486179359,-52,6,a0:9f:7a:73:2b:3e,384,-110;-96;8;0;22;1;14;-1;6;-4;-2;-7;-9;-10;-16;-13;-21;-16;-25;-18;-28;-20;-30;-22;-30;-22;-30;-22;-28;-22;-26;-20;-22;-18;-19;-15;-15;-11;-11;-6;-8;-1;-5;4;-2;9;0;14;1;18;1;22;1;24;0;6;0;0;0;0;0;0;0;0;0;0;0;0;0;0;0;0;0;0;-1;1;-4;5;-5;7;-7;10;-9;13;-12;15;-14;17;-17;18;-19;19;-20;19;-21;17;-20;15;-18;12;-14;9;-9;7;-4;4;2;2;8;1;16;-1;22;-2;29;-2;35;-2;39;-1;43;0;44;1;44;2;42;3;108;0;17;11;16;11;15;10;14;10;14;10;14;10;14;10;15;9;15;8;14;7;13;6;13;6;12;7;13;7;13;7;13;6;13;6;13;5;12;5;11;5;10;5;10;6;11;6;11;5;11;5;10;5;10;5;9;5;3;1;0;0;-1;-1;-1;-1;-1;-1;0;0;2;0;6;2;6;3;6;3;7;4;7;4;8;4;8;4;8;4;8;5;8;6;9;7;10;7;10;8;11;8;11;8;11;8;10;8;11;9;11;10;12;10;13;10;14;10;14;10;14;10;14;10;14;11;15;12;15;13;108;0;17;-17;17;-17;18;-18;18;-17;17;-17;16;-16;15;-16;14;-16;13;-16;13;-16;12;-17;12;-17;12;-16;12;-16;12;-16;12;-16;11;-16;11;-16;12;-16;12;-15;12;-15;12;-14;12;-13;11;-13;11;-13;12;-12;12;-12;13;-11;4;-4;1;-2;-1;0;-1;0;-1;0;0;-1;1;-3;5;-8;5;-8;6;-7;6;-8;7;-8;7;-8;8;-9;9;-9;10;-10;11;-9;12;-9;12;-9;12;-9;12;-10;13;-10;14;-11;15;-11;15;-11;15;-11;15;-11;15;-12;15;-13;16;-14;17;-15;18;-16;18;-16;19;-16;19;-16,stable,EXP_S041,ZONE_01,entree_zone,4.7,entree_zone,entree dans la zone
486372345,-52,6,a0:9f:7a:73:2b:3e,384,-110;-96;8;0;-10;16;-5;10;1;3;6;-3;11;-8;15;-13;20;-16;23;-19;25;-21;26;-22;26;-22;26;-22;24;-20;22;-18;19;-16;15;-13;10;-11;5;-8;-1;-6;-6;-4;-11;-3;-15;-1;-19;-1;-22;-1;-24;-1;-7;-1;0;0;0;0;0;0;0;0;0;0;0;0;0;0;0;0;0;0;-1;-2;-3;-7;-4;-9;-5;-12;-6;-16;-6;-19;-6;-22;-5;-24;-4;-25;-3;-26;-2;-25;-1;-23;-1;-20;0;-15;-1;-10;-2;-4;-4;2;-5;8;-8;15;-10;21;-12;26;-15;31;-17;34;-19;36;-20;37;-20;35;-19;34;103;0;-20;3;-20;3;-19;3;-19;3;-18;3;-18;3;-17;3;-16;3;-16;4;-15;4;-15;4;-15;4;-14;4;-14;4;-14;4;-14;4;-14;4;-13;4;-13;4;-13;4;-12;3;-12;3;-11;3;-11;3;-11;3;-11;3;-11;2;-11;2;-4;0;-2;0;0;-1;0;-1;0;-1;-1;0;-3;1;-7;2;-8;2;-8;2;-9;2;-9;2;-10;2;-10;2;-11;2;-11;2;-12;2;-12;2;-13;2;-14;2;-14;2;-14;2;-14;2;-15;2;-15;2;-16;2;-16;2;-17;2;-17;2;-18;2;-18;2;-19;2;-19;2;-20;3;-20;3;103;0;1;22;1;22;1;22;1;21;2;21;2;20;3;20;3;19;3;19;3;18;4;18;4;17;4;17;4;17;4;17;4;17;4;17;4;17;4;17;3;16;3;16;3;16;3;15;2;15;2;15;1;15;0;15;-1;15;-1;5;-1;1;-1;-1;-1;-1;-1;-1;0;0;0;2;2;7;2;8;1;8;1;9;1;9;1;10;1;11;1;11;0;12;0;13;0;13;-1;14;-1;14;-1;14;-1;15;-1;15;-1;15;-1;16;-1;16;-1;17;-1;18;-1;19;-1;19;0;20;0;20;0;21;0;22;1;22,stable,EXP_S041,ZONE_01,entree_zone,4.7,entree_zone,entree dans la zone
486573412,-52,6,a0:9f:7a:73:2b:3e,384,-110;-96;8;0;-11;-15;-7;-7;-4;0;-2;7;0;14;2;20;3;25;4;28;4;31;4;33;4;33;4;31;4;29;4;27;3;23;3;18;3;13;4;7;4;1;6;-4;7;-9;9;-13;10;-16;12;-18;13;-19;3;-5;0;0;0;0;0;0;0;0;0;0;0;0;0;0;0;0;0;0;1;-1;6;-1;9;0;12;1;15;2;17;3;19;4;21;5;22;7;21;8;20;8;18;8;14;7;10;5;6;2;2;-1;-2;-5;-7;-9;-11;-13;-15;-18;-19;-22;-22;-26;-24;-29;-24;-32;-24;-33;-22;-32;-20;-31;103;0;-1;-20;-1;-19;0;-19;0;-18;0;-17;0;-17;-1;-17;-1;-17;-2;-16;-2;-15;-2;-15;-2;-14;-2;-14;-2;-14;-2;-14;-3;-14;-3;-14;-3;-13;-3;-13;-2;-12;-2;-12;-2;-12;-2;-12;-2;-11;-2;-11;-2;-11;-2;-10;-1;-10;-1;-4;0;-2;0;0;0;0;-1;0;-1;-1;0;-3;0;-8;0;-8;0;-9;1;-9;1;-9;0;-10;0;-10;1;-10;1;-10;1;-11;1;-11;1;-12;1;-13;1;-13;1;-13;1;-13;1;-13;2;-14;2;-15;1;-15;1;-16;1;-17;0;-17;0;-17;1;-18;1;-18;1;-19;1;-20;103;0;-23;-2;-23;-2;-23;-2;-22;-2;-22;-2;-21;-1;-20;0;-20;0;-19;1;-19;1;-19;1;-19;1;-19;1;-18;1;-18;1;-18;2;-18;2;-18;2;-18;2;-17;2;-17;1;-17;1;-16;1;-16;1;-16;0;-16;0;-16;-1;-16;-2;-6;-1;-2;-1;0;-1;0;0;0;0;-1;0;-3;-1;-8;-1;-8;-1;-9;-2;-9;-2;-9;-2;-10;-2;-11;-2;-11;-2;-12;-3;-12;-3;-13;-4;-13;-4;-14;-4;-14;-4;-15;-4;-15;-4;-15;-5;-16;-5;-16;-5;-17;-5;-17;-4;-18;-4;-19;-3;-20;-3;-21;-3;-22;-4;-22;-4;-22;-3,stable,EXP_S041,ZONE_01,entree_zone,4.7,entree_zone,entree dans la zone
486775707,-51,6,a0:9f:7a:73:2b:3e,384,-110;-96;8;0;-7;-16;-5;-9;-3;-1;0;7;1;14;3;20;4;25;5;28;5;31;5;32;5;32;5;32;4;30;4;27;4;23;3;18;3;12;3;6;3;0;3;-5;4;-10;5;-14;6;-18;8;-21;9;-23;2;-6;0;0;0;0;0;0;0;0;0;0;0;0;0;0;0;0;0;0;1;0;6;2;8;4;11;6;13;8;15;10;17;12;18;13;18;15;17;15;16;15;14;14;11;12;8;9;5;5;1;0;-2;-5;-5;-10;-8;-15;-11;-21;-14;-26;-16;-30;-17;-33;-18;-35;-18;-36;-17;-36;-16;-34;109;0;12;-17;12;-16;11;-15;11;-15;11;-14;11;-14;10;-14;10;-14;9;-14;9;-14;8;-13;8;-13;8;-13;8;-13;8;-13;8;-12;8;-12;8;-12;7;-11;7;-11;7;-10;7;-10;7;-10;7;-9;7;-9;7;-9;8;-8;8;-8;3;-3;0;-1;-1;0;-1;0;-1;0;0;-1;0;-3;2;-8;3;-8;3;-8;4;-8;4;-8;4;-9;4;-9;5;-9;5;-9;6;-10;6;-10;6;-10;7;-10;7;-11;8;-11;8;-11;8;-11;9;-12;9;-12;9;-12;9;-13;10;-14;10;-14;10;-14;11;-15;11;-15;11;-16;12;-16;109;0;-16;-15;-16;-15;-16;-15;-16;-14;-16;-14;-15;-13;-15;-12;-15;-12;-15;-11;-15;-11;-15;-11;-15;-11;-15;-11;-15;-11;-15;-11;-14;-11;-14;-11;-14;-11;-14;-11;-13;-11;-13;-11;-12;-11;-11;-11;-11;-11;-11;-12;-10;-12;-9;-12;-9;-13;-3;-5;-1;-2;0;0;0;0;0;0;-1;-1;-3;-2;-8;-4;-8;-4;-8;-5;-8;-5;-8;-6;-9;-6;-9;-7;-10;-7;-10;-8;-10;-8;-10;-9;-10;-10;-10;-10;-10;-11;-10;-11;-11;-11;-11;-12;-11;-12;-12;-12;-12;-12;-13;-12;-14;-13;-14;-13;-15;-13;-15;-14;-15;-14;-16;-15;-16;-15,stable,EXP_S041,ZONE_01,entree_zone,4.7,entree_zone,entree dans la zone
486972440,-51,6,a0:9f:7a:73:2b:3e,384,-110;-96;8;0;17;2;9;0;1;-2;-7;-4;-14;-6;-20;-8;-25;-10;-29;-12;-31;-13;-33;-13;-33;-13;-32;-13;-30;-12;-27;-11;-23;-10;-18;-8;-13;-5;-8;-2;-3;2;2;5;6;8;9;12;12;15;13;17;14;19;3;4;0;0;0;0;0;0;0;0;0;0;0;0;0;0;0;0;0;0;-2;0;-7;3;-10;4;-13;5;-16;6;-19;7;-21;7;-23;7;-24;7;-25;6;-24;5;-21;4;-18;3;-13;2;-8;2;-2;1;4;1;10;1;17;1;23;1;29;2;34;3;38;3;40;4;41;5;39;5;37;5;101;0;14;14;14;14;13;13;12;13;12;13;12;13;12;12;12;12;12;11;12;10;11;10;11;10;11;10;11;10;11;10;11;10;11;9;11;9;10;8;9;8;9;8;8;9;8;9;8;9;8;8;8;8;7;8;6;8;2;3;0;0;-1;-1;-1;-1;-1;-1;0;0;2;1;5;4;5;4;6;5;6;5;6;6;7;6;7;6;7;6;7;7;7;7;8;8;8;9;8;9;8;10;9;10;9;10;8;10;9;11;9;11;10;12;11;12;11;12;12;12;12;12;12;13;12;14;12;14;13;15;101;0;16;-15;16;-15;16;-15;16;-15;16;-14;15;-14;14;-14;13;-14;12;-14;12;-14;12;-14;12;-14;12;-14;12;-13;11;-13;11;-13;11;-13;11;-13;11;-13;11;-12;11;-12;11;-11;11;-10;11;-10;11;-10;11;-9;12;-9;12;-8;4;-3;1;-1;-1;0;-1;0;-1;0;0;-1;1;-3;5;-8;5;-7;6;-7;6;-7;6;-8;7;-8;7;-8;8;-9;9;-9;10;-9;10;-9;11;-9;11;-9;11;-9;12;-9;12;-9;13;-10;13;-10;14;-10;14;-10;14;-11;14;-12;14;-13;15;-13;16;-13;17;-14;17;-14;17;-14,stable,EXP_S041,ZONE_01,entree_zone,4.7,entree_zone,entree dans la zone
487174125,-51,6,a0:9f:7a:73:2b:3e,384,-110;-96;8;0;6;-17;2;-9;-2;-1;-7;7;-10;14;-14;19;-17;24;-19;27;-21;30;-21;31;-21;31;-21;30;-19;28;-16;25;-14;21;-11;16;-7;12;-2;7;3;2;7;-2;11;-6;15;-9;19;-11;21;-12;23;-13;6;-4;0;0;0;0;0;0;0;0;0;0;0;0;0;0;0;0;0;0;0;1;2;8;2;11;2;15;2;18;2;21;2;24;1;26;0;26;-1;26;-2;24;-2;21;-2;17;-2;12;-1;6;1;0;2;-6;4;-13;6;-20;8;-26;10;-32;12;-36;13;-40;15;-42;15;-42;15;-40;15;-38;98;0;17;-15;16;-15;15;-14;15;-14;15;-13;15;-13;15;-13;14;-14;13;-14;12;-13;11;-13;11;-12;11;-12;11;-12;11;-13;11;-13;10;-13;10;-12;9;-12;9;-11;9;-10;9;-10;9;-10;9;-10;8;-10;8;-10;8;-9;8;-8;3;-3;0;-1;-1;0;-1;0;-1;0;0;-1;2;-3;6;-6;6;-6;7;-6;7;-6;8;-7;8;-7;8;-7;9;-7;9;-7;10;-7;11;-8;11;-8;12;-9;12;-9;12;-9;12;-9;12;-9;13;-9;14;-9;14;-10;15;-11;15;-12;15;-12;15;-12;16;-13;16;-13;17;-13;17;-13;98;0;-16;-18;-16;-18;-16;-18;-16;-18;-15;-18;-15;-17;-15;-16;-15;-15;-15;-14;-16;-13;-16;-13;-16;-13;-16;-13;-15;-13;-15;-13;-15;-12;-15;-12;-15;-12;-15;-13;-14;-13;-14;-13;-13;-13;-13;-12;-12;-12;-12;-12;-12;-12;-11;-13;-10;-14;-4;-6;-1;-2;0;0;0;0;0;0;-1;-1;-3;-3;-7;-7;-7;-7;-7;-8;-7;-8;-7;-8;-8;-9;-8;-10;-8;-11;-9;-11;-8;-12;-8;-13;-8;-13;-9;-13;-9;-13;-10;-14;-10;-15;-9;-15;-9;-16;-9;-16;-10;-16;-11;-16;-12;-16;-13;-17;-14;-18;-14;-19;-15;-19;-15;-19;-15;-19,stable,EXP_S041,ZONE_01,entree_zone,4.7,entree_zone,entree dans la zone
487373557,-52,6,a0:9f:7a:73:2b:3e,384,-110;-96;8;0;0;-21;-1;-13;-2;-5;-4;4;-6;11;-8;18;-9;24;-11;28;-12;31;-12;33;-13;33;-13;33;-13;31;-12;28;-11;24;-8;19;-6;14;-2;9;1;4;5;-1;9;-5;12;-9;16;-11;19;-13;21;-14;5;-4;0;0;0;0;0;0;0;0;0;0;0;0;0;0;0;0;0;0;0;1;4;4;5;6;8;9;10;12;11;15;13;18;13;20;13;21;12;22;11;22;10;20;8;18;6;14;4;9;2;3;1;-3;0;-10;-1;-16;-2;-23;-2;-30;-2;-35;-2;-39;-2;-42;-1;-44;0;-43;0;-41;104;0;16;-14;15;-14;15;-13;15;-13;14;-12;14;-12;14;-12;13;-12;13;-12;12;-12;12;-12;11;-11;11;-11;11;-11;11;-11;11;-11;11;-11;11;-10;10;-10;10;-9;10;-9;10;-8;10;-8;10;-8;10;-8;10;-7;10;-6;10;-6;3;-2;1;-1;-1;0;-1;0;-1;0;0;-1;1;-3;3;-7;4;-7;4;-7;5;-7;5;-8;5;-8;6;-8;6;-8;7;-9;7;-9;8;-9;8;-9;9;-10;9;-10;10;-10;10;-10;10;-10;11;-10;11;-11;12;-11;12;-12;13;-12;13;-13;13;-13;14;-13;15;-13;15;-14;16;-14;104;0;-12;-21;-12;-20;-12;-20;-12;-20;-12;-20;-11;-19;-11;-18;-11;-17;-11;-17;-12;-16;-12;-16;-12;-16;-12;-16;-12;-16;-11;-16;-11;-16;-11;-16;-11;-16;-10;-16;-10;-16;-9;-16;-8;-16;-8;-15;-7;-15;-7;-15;-6;-16;-5;-16;-5;-16;-2;-6;-1;-2;0;0;0;0;0;0;-1;-1;-3;-2;-7;-6;-7;-6;-7;-7;-7;-8;-7;-8;-7;-9;-8;-10;-8;-10;-8;-11;-8;-12;-8;-13;-8;-13;-8;-14;-8;-14;-8;-15;-8;-15;-8;-16;-8;-16;-8;-16;-8;-17;-9;-17;-10;-17;-10;-18;-11;-19;-11;-19;-11;-20;-11;-20;-12;-21,stable,EXP_S041,ZONE_01,entree_zone,4.7,entree_zone,entree dans la zone
487574721,-52,6,a0:9f:7a:73:2b:3e,384,-110;-96;8;0;19;-9;11;-6;2;-4;-5;-1;-13;0;-19;2;-25;3;-29;4;-32;5;-34;5;-35;5;-34;5;-33;5;-30;5;-26;4;-21;4;-16;3;-10;3;-3;4;2;4;7;5;12;6;16;7;19;9;21;10;5;2;0;0;0;0;0;0;0;0;0;0;0;0;0;0;0;0;0;0;-1;1;-3;5;-4;7;-6;10;-8;13;-10;16;-12;18;-14;19;-16;20;-17;20;-17;19;-17;16;-15;14;-12;10;-8;7;-4;3;1;-1;7;-4;12;-8;18;-11;24;-14;29;-16;33;-18;36;-18;37;-18;37;-18;36;-17;103;0;20;2;20;2;19;2;18;3;17;3;17;3;17;3;17;2;17;1;16;1;15;1;14;1;14;1;14;1;15;1;15;1;14;1;14;0;13;1;12;1;12;1;12;2;12;2;12;2;11;1;11;2;10;2;10;2;3;1;0;0;-1;-1;-1;0;-1;0;0;-1;2;-1;7;-2;7;-2;8;-1;9;-1;9;-1;9;-1;10;-1;10;-1;10;-1;11;0;12;0;12;1;13;1;14;1;14;1;14;1;14;1;14;2;15;2;16;2;17;2;17;2;18;1;18;2;18;2;18;3;19;3;19;4;103;0;7;-21;7;-21;7;-21;7;-21;7;-20;7;-20;6;-19;5;-19;4;-18;4;-19;3;-19;4;-19;4;-19;4;-18;4;-18;4;-18;4;-18;4;-18;4;-18;5;-18;5;-17;6;-16;6;-16;6;-15;6;-15;6;-15;7;-14;8;-14;3;-5;1;-2;-1;0;-1;0;-1;0;-1;-1;0;-3;0;-9;0;-9;1;-9;1;-10;2;-10;2;-10;2;-11;3;-12;3;-13;4;-13;5;-13;5;-13;6;-13;6;-14;6;-14;6;-15;7;-15;7;-15;7;-16;7;-16;7;-16;6;-17;6;-18;7;-19;7;-20;8;-20;8;-21;8;-21,stable,EXP_S041,ZONE_01,entree_zone,4.7,entree_zone,entree dans la zone
487774586,-52,6,a0:9f:7a:73:2b:3e,384,-110;-96;8;0;-14;-16;-9;-9;-3;-2;2;4;7;11;11;16;15;21;18;24;20;27;21;28;21;28;21;28;20;26;19;23;16;20;14;16;10;11;7;5;4;-1;2;-6;-1;-11;-3;-16;-5;-20;-5;-23;-6;-26;-2;-7;0;0;0;0;0;0;0;0;0;0;0;0;0;0;0;0;0;0;1;0;5;1;8;2;11;4;14;5;17;7;20;9;22;11;23;12;22;14;21;14;19;14;16;12;12;10;7;6;3;3;-2;-2;-7;-6;-12;-12;-17;-16;-21;-21;-25;-25;-28;-29;-30;-31;-30;-33;-29;-32;-28;-31;110;0;-7;-22;-7;-21;-6;-21;-6;-20;-6;-20;-6;-19;-6;-19;-6;-18;-7;-18;-7;-17;-7;-16;-6;-16;-6;-15;-7;-15;-7;-15;-7;-15;-7;-15;-7;-14;-7;-14;-6;-13;-6;-13;-6;-13;-6;-13;-6;-12;-5;-12;-5;-12;-5;-12;-4;-12;-2;-4;-1;-2;0;0;0;0;0;0;-1;-1;-2;-3;-4;-8;-4;-9;-3;-9;-3;-10;-4;-10;-4;-10;-4;-11;-4;-11;-4;-12;-4;-13;-3;-13;-3;-14;-3;-15;-3;-15;-3;-15;-3;-16;-3;-16;-3;-16;-4;-17;-4;-18;-4;-18;-5;-19;-5;-19;-5;-20;-5;-20;-5;-21;-5;-21;-5;-22;110;0;-22;1;-23;1;-23;2;-23;2;-22;2;-21;2;-20;3;-20;3;-19;4;-19;5;-19;5;-19;5;-19;5;-18;5;-18;5;-18;5;-18;5;-18;5;-18;5;-18;5;-18;4;-18;4;-17;3;-17;3;-17;3;-17;2;-17;1;-17;0;-7;0;-2;-1;0;-1;0;-1;0;-1;-1;0;-3;0;-9;1;-9;0;-9;0;-10;0;-10;0;-11;0;-12;0;-12;0;-13;-1;-14;-1;-14;-2;-14;-2;-15;-2;-15;-2;-16;-2;-16;-2;-16;-2;-17;-3;-17;-3;-18;-2;-18;-2;-19;-1;-20;0;-21;0;-22;0;-22;0;-22;0;-22;0,stable,EXP_S041,ZONE_01,entree_zone,4.7,entree_zone,entree dans la zone
487980067,-53,6,a0:9f:7a:73:2b:3e,384,-110;-96;8;0;8;-18;4;-11;0;-3;-5;4;-9;10;-13;15;-16;20;-18;23;-19;26;-20;28;-20;28;-19;28;-19;26;-17;23;-14;20;-11;16;-7;12;-3;8;1;4;6;0;10;-3;14;-6;17;-8;20;-10;22;-11;5;-3;0;0;0;0;0;0;0;0;0;0;0;0;0;0;0;0;0;0;0;1;2;5;2;8;2;11;2;15;2;18;2;21;1;24;0;25;-1;26;-2;25;-2;22;-3;19;-2;15;-2;9;-1;4;0;-3;2;-9;4;-16;7;-22;9;-27;12;-32;14;-36;14;-39;15;-39;15;-39;15;-37;99;0;19;-9;18;-9;18;-8;17;-7;17;-7;17;-7;16;-7;16;-7;15;-8;14;-8;14;-7;14;-7;14;-7;14;-6;14;-7;14;-7;13;-7;12;-6;12;-6;11;-5;11;-5;11;-4;11;-4;11;-4;11;-4;10;-4;10;-4;10;-3;3;-1;1;-1;-1;0;-1;0;-1;0;0;-1;1;-3;5;-6;6;-6;6;-6;7;-7;7;-7;7;-7;8;-7;8;-7;9;-7;9;-7;10;-7;11;-7;12;-7;12;-7;12;-7;13;-7;13;-7;14;-7;14;-7;15;-7;16;-8;16;-8;16;-9;16;-9;17;-8;18;-8;19;-8;19;-8;99;0;-6;-21;-6;-21;-6;-22;-6;-21;-5;-21;-5;-20;-6;-19;-6;-18;-7;-18;-7;-18;-7;-18;-7;-18;-7;-18;-7;-18;-7;-17;-7;-17;-7;-17;-6;-17;-6;-18;-5;-18;-5;-18;-4;-17;-3;-17;-3;-16;-3;-16;-2;-17;-1;-17;0;-17;0;-6;0;-2;0;0;0;0;0;0;-1;-1;-2;-3;-5;-7;-5;-8;-5;-8;-4;-9;-4;-9;-5;-10;-5;-10;-5;-11;-5;-12;-4;-13;-4;-13;-4;-14;-3;-14;-3;-14;-3;-15;-3;-16;-3;-16;-3;-17;-3;-17;-3;-17;-4;-17;-5;-18;-5;-19;-5;-20;-5;-21;-5;-21;-5;-21;-5;-22,stable,EXP_S041,ZONE_01,entree_zone,4.7,entree_zone,entree dans la zone
488177071,-53,6,a0:9f:7a:73:2b:3e,384,-110;-96;8;0;11;-15;6;-9;0;-2;-6;4;-11;9;-15;14;-19;18;-22;21;-23;23;-23;24;-23;25;-23;25;-21;23;-19;21;-16;18;-12;15;-8;11;-4;7;1;3;6;0;10;-3;14;-5;17;-8;20;-9;22;-10;5;-3;0;0;0;0;0;0;0;0;0;0;0;0;0;0;0;0;0;0;0;1;0;6;-1;9;-2;12;-3;15;-5;19;-6;21;-7;23;-8;24;-10;24;-10;22;-10;20;-9;17;-7;13;-5;8;-2;2;1;-3;5;-9;8;-15;12;-20;16;-25;19;-29;21;-32;23;-34;24;-34;24;-34;23;-32;105;0;21;0;20;0;20;0;19;0;18;0;18;0;17;-1;17;-1;16;-1;16;-2;15;-2;15;-2;15;-2;15;-2;14;-2;14;-2;14;-2;13;-2;13;-2;13;-1;12;-1;12;-1;12;-1;11;-1;11;-1;11;-1;11;0;11;0;3;0;1;0;-1;0;-1;0;-1;0;0;-1;2;-1;8;-3;8;-2;9;-2;9;-2;10;-2;10;-2;10;-2;11;-2;12;-1;12;-1;13;-1;13;-1;14;-1;14;-1;14;0;15;0;15;0;15;0;16;0;17;0;17;0;18;0;18;0;19;0;19;0;19;0;20;0;21;0;105;0;2;-22;2;-22;2;-22;2;-21;1;-21;1;-20;0;-20;0;-19;-1;-19;-1;-19;-1;-19;-1;-19;-1;-19;-2;-18;-2;-18;-2;-18;-1;-18;-1;-18;-1;-18;-1;-18;0;-17;0;-17;0;-17;1;-17;1;-16;2;-16;3;-16;3;-16;1;-6;0;-2;-1;0;0;0;-1;0;-1;-1;-1;-3;-1;-8;-1;-8;-1;-9;0;-9;0;-10;0;-10;0;-11;1;-12;1;-12;1;-13;2;-13;2;-14;3;-14;3;-14;3;-15;3;-15;3;-16;3;-16;3;-16;3;-17;3;-17;3;-18;3;-19;3;-20;3;-20;3;-21;3;-21;3;-22,stable,EXP_S041,ZONE_01,entree_zone,4.7,entree_zone,entree dans la zone
488372420,-53,6,a0:9f:7a:73:2b:3e,384,-110;-96;8;0;-14;-12;-8;-7;-2;-2;4;4;9;8;14;12;18;16;21;18;23;19;25;19;25;19;25;18;23;17;21;15;18;12;15;9;11;6;7;2;3;-3;-1;-6;-5;-10;-8;-13;-11;-15;-12;-18;-13;-19;-4;-5;0;0;0;0;0;0;0;0;0;0;0;0;0;0;0;0;0;0;1;-1;6;0;8;1;11;2;15;4;17;6;20;8;21;9;22;11;21;12;20;12;18;11;15;10;11;8;7;5;2;2;-3;-2;-8;-5;-14;-10;-19;-13;-23;-17;-27;-20;-30;-23;-31;-25;-32;-25;-31;-25;-30;-24;102;0;-4;-42;-4;-41;-4;-39;-3;-38;-3;-37;-3;-36;-3;-35;-4;-35;-5;-34;-5;-32;-5;-31;-5;-30;-4;-29;-4;-29;-4;-29;-4;-29;-5;-28;-5;-27;-4;-26;-4;-25;-3;-24;-3;-24;-3;-24;-3;-23;-3;-23;-2;-22;-1;-21;0;-21;0;-8;0;-3;0;0;0;0;0;0;-1;-2;-3;-6;-8;-16;-7;-17;-7;-18;-7;-19;-7;-20;-7;-21;-7;-22;-7;-22;-7;-23;-6;-25;-5;-26;-5;-28;-5;-29;-5;-29;-4;-30;-4;-30;-4;-31;-4;-32;-3;-33;-3;-34;-4;-35;-4;-37;-4;-37;-4;-38;-4;-39;-3;-40;-3;-41;-2;-42;102;0;-40;-2;-40;-2;-40;-2;-40;-1;-39;-1;-38;-1;-36;0;-35;1;-35;2;-35;3;-34;3;-34;3;-34;3;-33;3;-33;3;-32;3;-32;3;-33;3;-33;2;-33;1;-32;1;-31;0;-31;-1;-30;-2;-30;-3;-30;-4;-30;-6;-29;-7;-11;-3;-4;-2;0;0;0;-1;0;-1;-2;0;-5;1;-14;4;-15;3;-16;2;-17;2;-18;2;-19;2;-20;2;-22;1;-23;1;-25;0;-26;-1;-26;-2;-27;-3;-28;-3;-28;-3;-29;-4;-30;-4;-31;-5;-31;-5;-32;-4;-33;-4;-34;-3;-36;-2;-37;-2;-39;-3;-40;-3;-40;-3;-41;-3,stable,EXP_S041,ZONE_01,entree_zone,4.7,entree_zone,entree dans la zone
488572741,-53,6,a0:9f:7a:73:2b:3e,384,-110;-96;8;0;7;16;3;8;0;1;-3;-7;-5;-13;-8;-19;-10;-23;-12;-26;-14;-28;-15;-29;-16;-30;-16;-29;-15;-27;-14;-24;-12;-20;-10;-16;-8;-11;-6;-6;-4;0;-2;5;-1;10;1;14;2;17;3;20;3;23;1;5;0;0;0;0;0;0;0;0;0;0;0;0;0;0;0;0;0;0;-2;-1;-7;-4;-8;-6;-11;-9;-13;-12;-14;-14;-15;-17;-16;-19;-16;-20;-15;-21;-14;-20;-12;-19;-10;-17;-7;-13;-4;-9;-1;-3;2;2;4;8;7;14;10;19;13;25;15;29;16;33;17;34;18;35;17;35;16;34;105;0;-8;19;-8;18;-8;18;-8;17;-8;16;-7;16;-7;16;-6;16;-6;15;-5;15;-5;14;-5;14;-5;13;-5;13;-5;13;-4;13;-4;13;-4;13;-4;12;-4;11;-4;11;-4;11;-4;11;-4;11;-4;10;-4;10;-5;9;-5;9;-2;3;-1;0;0;-1;0;-1;0;-1;0;0;-1;3;-1;8;-1;8;-2;9;-2;9;-2;10;-2;10;-3;10;-3;11;-4;11;-4;12;-4;12;-5;13;-5;13;-5;13;-6;14;-6;14;-6;14;-6;14;-7;15;-7;15;-7;16;-7;16;-7;17;-7;17;-8;17;-8;18;-8;18;-9;18;105;0;17;9;17;9;17;8;17;8;17;8;17;8;16;7;16;6;16;6;16;5;15;5;15;5;15;5;15;5;15;5;15;4;15;4;15;5;15;5;15;5;14;5;14;6;13;6;13;6;13;6;12;7;12;7;12;8;4;3;1;1;-1;-1;-1;-1;-1;-1;0;0;2;0;7;1;7;1;7;2;7;2;8;2;8;3;9;3;9;4;10;4;10;5;10;5;10;6;11;6;11;6;11;7;12;7;12;7;12;8;13;8;13;8;14;8;14;8;15;9;16;9;16;9;17;9;17;9;17;9,stable,EXP_S041,ZONE_01,entree_zone,4.7,entree_zone,entree dans la zone
488773983,-53,6,a0:9f:7a:73:2b:3e,384,-110;-96;8;0;-3;-19;-2;-11;-2;-2;-1;6;0;13;1;20;1;25;2;29;2;31;3;33;3;33;3;33;3;31;4;27;3;23;3;18;3;13;3;7;4;1;4;-5;4;-10;5;-15;5;-18;6;-22;7;-23;1;-6;0;0;0;0;0;0;0;0;0;0;0;0;0;0;0;0;0;0;1;0;5;4;6;6;8;9;10;13;11;16;12;19;12;21;12;22;11;23;10;23;8;21;6;18;4;13;2;8;0;2;-2;-4;-3;-10;-4;-17;-6;-23;-8;-29;-8;-34;-9;-38;-9;-41;-9;-42;-8;-41;-7;-39;105;0;9;-20;9;-19;8;-18;8;-17;8;-17;8;-17;7;-17;6;-17;5;-17;5;-16;4;-15;4;-15;4;-15;4;-15;4;-15;4;-15;3;-15;3;-14;3;-13;3;-13;3;-12;3;-12;3;-12;3;-12;3;-12;3;-11;3;-11;3;-11;1;-4;0;-2;-1;0;-1;0;-1;0;0;-1;0;-3;2;-9;3;-9;3;-9;4;-10;4;-10;4;-10;4;-11;4;-11;5;-11;6;-11;6;-12;7;-12;7;-13;7;-13;7;-14;7;-14;7;-14;8;-14;8;-14;9;-15;9;-16;9;-17;8;-17;8;-17;9;-17;9;-18;10;-18;10;-19;105;0;-18;-12;-19;-12;-19;-12;-18;-12;-18;-11;-17;-11;-17;-10;-17;-9;-17;-8;-17;-7;-18;-7;-18;-7;-18;-7;-17;-7;-17;-6;-17;-6;-17;-6;-17;-6;-17;-6;-17;-7;-16;-7;-16;-7;-15;-7;-15;-7;-15;-7;-14;-8;-14;-8;-14;-9;-5;-4;-2;-2;0;0;0;0;0;0;-1;-1;-3;-2;-8;-4;-8;-5;-8;-5;-8;-6;-8;-6;-9;-6;-9;-7;-10;-7;-10;-8;-11;-9;-11;-10;-11;-10;-11;-10;-11;-10;-11;-11;-12;-11;-12;-12;-12;-12;-12;-12;-13;-12;-13;-12;-15;-12;-16;-12;-17;-12;-17;-13;-17;-13;-17;-13;-17;-13,stable,EXP_S041,ZONE_01,entree_zone,4.7,entree_zone,entree dans la zone
488973991,-52,6,a0:9f:7a:73:2b:3e,384,-110;-96;8;0;-17;-13;-10;-7;-4;-1;2;5;7;12;11;17;15;21;17;25;20;27;21;28;21;28;21;28;19;26;18;24;15;20;13;16;10;11;7;5;5;-1;3;-6;1;-12;0;-16;-1;-21;-1;-24;-1;-26;-1;-7;0;0;0;0;0;0;0;0;0;0;0;0;0;0;0;0;0;0;1;-1;6;-2;9;-2;13;-2;17;-1;20;0;23;1;25;2;27;3;27;4;26;5;23;6;20;5;15;4;9;2;3;0;-3;-3;-9;-6;-15;-10;-21;-14;-26;-17;-30;-21;-33;-24;-36;-26;-36;-27;-35;-26;-33;-26;109;0;-7;-21;-7;-21;-6;-20;-6;-19;-6;-19;-6;-18;-6;-18;-7;-17;-7;-17;-7;-16;-7;-15;-7;-15;-6;-15;-6;-15;-7;-15;-7;-15;-7;-14;-7;-14;-7;-13;-6;-13;-6;-12;-6;-12;-5;-12;-5;-12;-5;-12;-5;-12;-4;-11;-4;-11;-2;-4;-1;-2;0;0;0;0;0;0;-1;-1;-2;-3;-4;-8;-4;-9;-4;-9;-4;-10;-4;-10;-4;-10;-5;-11;-5;-11;-5;-12;-4;-12;-4;-13;-4;-14;-4;-15;-4;-15;-4;-15;-4;-15;-4;-16;-4;-16;-4;-17;-4;-18;-5;-18;-5;-19;-6;-19;-6;-19;-6;-20;-5;-20;-5;-21;-5;-22;109;0;-23;3;-24;3;-24;3;-23;3;-22;3;-22;3;-21;4;-20;5;-20;5;-20;5;-20;6;-19;6;-19;6;-19;6;-18;6;-18;6;-18;6;-18;6;-18;6;-18;5;-18;5;-18;4;-17;4;-17;3;-17;3;-17;2;-17;2;-17;1;-7;0;-2;-1;0;-1;0;-1;0;-1;-1;0;-4;0;-9;2;-9;2;-10;1;-10;1;-11;1;-11;1;-12;1;-13;1;-14;1;-14;1;-15;0;-15;0;-16;0;-16;0;-17;0;-17;-1;-18;-1;-18;-1;-18;-1;-19;-1;-19;0;-20;1;-21;1;-22;1;-23;1;-23;1;-23;1;-24;2,stable,EXP_S041,ZONE_01,entree_zone,4.7,entree_zone,entree dans la zone
489177919,-52,6,a0:9f:7a:73:2b:3e,384,-110;-96;8;0;-7;-19;-5;-11;-3;-3;-1;5;0;12;2;19;3;24;3;28;4;30;4;32;4;33;4;32;4;31;4;28;4;24;3;19;3;14;3;8;4;1;4;-4;5;-9;6;-13;7;-17;8;-21;9;-22;2;-6;0;0;0;0;0;0;0;0;0;0;0;0;0;0;0;0;0;0;1;0;5;2;7;4;10;6;13;8;15;11;17;13;18;15;18;17;17;18;16;18;14;17;12;15;9;12;5;7;2;2;-1;-3;-4;-9;-7;-15;-10;-21;-12;-26;-14;-31;-15;-35;-15;-38;-15;-39;-15;-39;-14;-37;107;0;7;-20;7;-19;6;-18;6;-18;6;-17;6;-17;6;-17;5;-17;5;-16;4;-16;4;-15;4;-15;4;-15;4;-15;4;-15;4;-15;3;-15;3;-14;3;-13;3;-13;3;-12;3;-12;4;-12;3;-12;3;-11;4;-11;4;-10;4;-10;1;-4;0;-1;-1;0;-1;0;-1;0;-1;-1;0;-3;0;-8;0;-8;1;-9;1;-9;1;-10;1;-10;1;-11;2;-11;2;-11;3;-12;3;-12;4;-13;4;-13;4;-14;4;-14;4;-14;5;-14;5;-14;6;-15;6;-16;6;-16;6;-17;6;-17;6;-18;6;-18;7;-18;7;-19;7;-19;107;0;-19;-11;-19;-11;-19;-11;-19;-11;-19;-10;-18;-10;-17;-9;-17;-8;-17;-8;-17;-7;-17;-7;-17;-7;-17;-7;-17;-7;-17;-7;-17;-7;-17;-7;-17;-7;-17;-8;-16;-8;-16;-8;-15;-8;-14;-8;-14;-8;-14;-8;-14;-9;-13;-10;-13;-10;-5;-4;-2;-2;0;0;0;0;0;0;-1;-1;-3;-1;-8;-2;-8;-3;-9;-3;-9;-4;-9;-4;-10;-5;-10;-5;-11;-6;-11;-6;-12;-7;-12;-7;-12;-8;-12;-8;-12;-9;-13;-9;-13;-9;-13;-10;-13;-10;-14;-11;-14;-10;-15;-10;-16;-10;-17;-10;-17;-11;-18;-11;-18;-12;-19;-12;-19;-12,stable,EXP_S041,ZONE_01,entree_zone,4.7,entree_zone,entree dans la zone
489373057,-52,6,a0:9f:7a:73:2b:3e,384,-110;-96;8;0;-20;8;-12;5;-3;3;5;0;13;-2;20;-3;26;-5;30;-6;33;-7;35;-8;35;-8;35;-8;33;-7;30;-7;26;-6;20;-6;15;-5;8;-5;2;-5;-4;-6;-10;-6;-15;-7;-19;-8;-22;-9;-24;-10;-7;-3;0;0;0;0;0;0;0;0;0;0;0;0;0;0;0;0;0;0;0;-2;2;-7;4;-9;6;-12;8;-15;11;-18;13;-20;15;-21;17;-22;18;-21;18;-20;17;-18;15;-15;12;-12;7;-8;2;-4;-3;0;-9;4;-15;7;-21;11;-27;14;-32;16;-37;17;-40;19;-41;19;-40;18;-39;16;107;0;-21;-9;-21;-9;-20;-9;-19;-8;-18;-8;-18;-8;-18;-8;-18;-7;-18;-6;-17;-5;-17;-5;-16;-5;-16;-5;-16;-5;-16;-5;-16;-4;-15;-4;-15;-4;-14;-4;-14;-4;-13;-4;-13;-4;-13;-4;-13;-4;-13;-4;-12;-4;-12;-4;-11;-4;-4;-2;-2;-1;0;0;0;0;0;0;-1;-1;-3;-1;-9;-2;-9;-3;-9;-3;-10;-4;-10;-4;-11;-4;-11;-4;-11;-5;-11;-5;-12;-6;-12;-6;-13;-7;-14;-7;-14;-7;-14;-7;-14;-7;-14;-8;-15;-8;-15;-9;-16;-9;-17;-9;-18;-9;-18;-8;-19;-8;-19;-9;-19;-9;-20;-10;-20;-10;107;0;-13;19;-13;19;-13;19;-12;19;-12;19;-11;18;-10;18;-10;18;-9;18;-8;18;-8;18;-8;18;-8;18;-8;18;-7;17;-7;17;-7;17;-7;17;-7;17;-7;17;-8;17;-8;16;-8;15;-8;15;-8;15;-9;14;-10;14;-10;14;-4;4;-2;1;0;-1;0;-1;0;-1;-1;0;-2;2;-4;7;-5;7;-5;8;-6;8;-6;8;-6;9;-7;9;-8;10;-9;10;-10;11;-10;10;-11;10;-11;10;-11;11;-12;11;-12;12;-12;12;-13;12;-13;12;-13;13;-13;14;-13;15;-13;16;-13;17;-14;17;-14;18;-14;18;-14;18,stable,EXP_S041,ZONE_01,entree_zone,4.7,entree_zone,entree dans la zone
489572355,-52,6,a0:9f:7a:73:2b:3e,384,-110;-96;8;0;-10;19;-5;11;0;3;5;-4;9;-10;13;-16;17;-20;20;-24;22;-26;23;-28;23;-29;23;-28;22;-27;20;-24;17;-21;13;-17;9;-13;4;-10;-1;-6;-7;-3;-11;0;-16;2;-20;4;-23;5;-26;5;-7;1;0;0;0;0;0;0;0;0;0;0;0;0;0;0;0;0;0;0;-1;-2;-4;-6;-5;-9;-6;-13;-6;-16;-7;-20;-7;-23;-6;-25;-5;-27;-4;-28;-3;-27;-2;-25;-1;-21;-1;-17;-1;-11;-1;-5;-2;1;-4;8;-6;15;-7;22;-9;28;-12;34;-14;38;-15;40;-16;41;-16;40;-16;39;97;0;-20;8;-20;8;-19;7;-19;7;-19;6;-18;6;-18;6;-18;7;-17;7;-16;7;-15;7;-15;7;-15;6;-15;6;-15;6;-14;7;-14;7;-13;6;-13;6;-13;5;-13;5;-13;4;-12;4;-12;4;-12;4;-12;4;-11;3;-11;3;-4;1;-2;0;0;-1;0;-1;0;-1;-1;0;-3;1;-7;5;-7;5;-8;5;-8;5;-9;5;-9;5;-9;6;-10;5;-11;5;-11;5;-12;5;-13;5;-14;6;-14;6;-14;6;-15;6;-15;6;-15;6;-16;6;-17;6;-18;7;-18;7;-18;7;-18;7;-19;7;-19;7;-20;7;-21;7;97;0;5;22;5;22;5;22;5;22;5;21;5;20;5;20;5;19;6;18;6;18;6;18;6;18;6;18;6;17;6;17;6;17;7;17;6;18;6;18;5;18;4;18;4;17;3;17;3;16;2;16;2;16;1;16;0;17;0;6;-1;1;-1;-1;-1;-1;-1;-1;0;0;1;2;4;7;4;7;3;8;3;9;3;9;3;10;4;11;4;12;3;13;3;13;3;14;2;14;2;15;2;15;2;15;2;16;2;17;2;17;2;17;2;18;3;18;3;19;4;19;4;20;4;21;4;22;4;22;4;22,stable,EXP_S041,ZONE_01,entree_zone,4.7,entree_zone,entree dans la zone
489772520,-52,6,a0:9f:7a:73:2b:3e,384,-110;-96;8;0;13;16;8;9;4;1;0;-7;-4;-14;-7;-20;-10;-25;-12;-30;-13;-33;-13;-35;-14;-35;-13;-34;-13;-33;-12;-29;-11;-25;-9;-20;-8;-15;-7;-9;-6;-2;-6;4;-6;9;-6;14;-7;18;-8;22;-9;24;-3;6;0;0;0;0;0;0;0;0;0;0;0;0;0;0;0;0;0;0;-2;-1;-7;-1;-10;-1;-14;-2;-17;-2;-21;-4;-23;-5;-26;-6;-27;-7;-27;-9;-25;-10;-23;-10;-20;-9;-15;-8;-10;-5;-5;-2;0;2;5;7;11;11;16;16;21;21;25;25;27;28;29;31;29;33;28;32;27;32;101;0;1;21;1;21;1;20;0;19;0;19;0;18;1;18;1;18;2;17;2;16;2;16;2;15;2;15;2;15;2;15;2;15;2;14;2;14;2;13;1;13;1;13;1;12;1;12;1;12;1;12;0;11;0;11;-1;11;-1;4;-1;1;-1;-1;-1;-1;-1;-1;0;0;0;2;2;7;2;8;2;8;1;9;1;9;1;10;1;10;1;10;1;11;1;12;1;12;0;13;0;14;0;14;0;14;0;15;0;15;0;15;0;16;0;17;0;17;0;18;1;18;1;19;0;19;0;20;0;21;0;21;101;0;23;2;23;2;23;2;23;2;22;2;21;1;21;1;20;0;20;0;19;-1;19;-1;19;-1;19;-2;19;-2;19;-2;19;-2;19;-1;19;-1;19;-1;19;0;18;0;18;1;17;1;17;1;16;2;16;2;16;3;16;4;6;1;1;0;-1;-1;-1;0;-1;0;0;-1;3;-1;8;-2;8;-1;9;-1;9;-1;10;0;11;0;11;0;12;0;13;1;13;1;14;2;14;2;14;3;15;3;15;3;16;3;16;4;17;4;17;4;18;4;18;3;19;3;20;3;21;3;21;3;22;3;23;3;23;3,stable,EXP_S041,ZONE_01,entree_zone,4.7,entree_zone,entree dans la zone
489972814,-52,6,a0:9f:7a:73:2b:3e,384,-110;-96;8;0;5;20;4;11;2;2;1;-7;0;-15;-1;-22;-2;-28;-3;-32;-3;-35;-3;-37;-3;-38;-3;-37;-3;-35;-3;-32;-3;-27;-3;-22;-3;-16;-4;-10;-5;-3;-6;3;-7;8;-9;13;-10;17;-12;21;-13;22;-4;5;0;0;0;0;0;0;0;0;0;0;0;0;0;0;0;0;0;0;-2;-1;-7;-4;-9;-6;-12;-8;-14;-11;-17;-14;-18;-16;-19;-18;-20;-20;-19;-21;-18;-21;-16;-20;-13;-17;-10;-14;-6;-9;-3;-3;0;3;3;9;6;15;9;22;11;28;13;33;14;38;14;41;13;42;13;42;12;40;105;0;-8;21;-7;20;-7;20;-7;19;-7;18;-7;18;-6;18;-6;18;-5;17;-4;17;-4;16;-3;15;-3;15;-3;15;-3;15;-3;15;-3;15;-3;14;-3;14;-3;13;-3;13;-3;12;-3;12;-3;12;-3;12;-3;12;-3;11;-3;11;-2;3;-1;1;0;-1;0;-1;0;-1;-1;0;-1;2;-2;8;-3;8;-3;8;-3;9;-4;9;-4;10;-4;10;-4;10;-5;11;-5;11;-6;12;-6;12;-6;13;-6;14;-6;14;-6;14;-7;14;-7;14;-8;15;-8;16;-8;17;-7;17;-7;18;-7;18;-8;18;-8;19;-8;19;-9;20;105;0;21;10;21;10;21;10;20;9;20;9;19;9;19;8;18;7;18;6;19;5;19;5;19;5;19;5;19;5;18;4;18;4;18;4;18;4;18;5;18;5;17;5;17;6;16;6;16;6;15;6;15;6;15;7;15;8;5;3;1;1;-1;-1;-1;-1;-1;-1;0;0;2;0;8;2;8;3;8;3;8;4;9;4;9;4;10;5;10;6;11;7;11;7;11;8;11;8;12;8;12;9;13;9;13;10;13;10;14;10;14;10;14;10;15;10;16;10;17;10;18;10;19;11;19;11;20;11;20;11,stable,EXP_S041,ZONE_01,entree_zone,4.7,entree_zone,entree dans la zone
490175431,-52,6,a0:9f:7a:73:2b:3e,384,-110;-96;8;0;17;6;10;3;2;-1;-5;-4;-12;-8;-18;-11;-23;-13;-27;-15;-30;-16;-32;-17;-32;-17;-32;-16;-30;-15;-27;-13;-23;-11;-19;-9;-14;-6;-9;-2;-4;2;0;5;4;9;8;12;11;15;13;18;14;20;3;5;0;0;0;0;0;0;0;0;0;0;0;0;0;0;0;0;0;0;-2;0;-7;2;-10;2;-13;2;-17;2;-20;2;-23;2;-25;1;-26;0;-27;-1;-26;-2;-23;-3;-20;-3;-15;-3;-10;-2;-4;-1;2;0;9;2;15;4;22;6;28;8;33;10;37;11;39;13;40;13;39;13;37;13;111;0;15;14;15;14;14;13;13;13;12;13;12;13;13;12;13;12;13;11;13;10;12;9;12;9;11;9;11;10;12;9;12;9;12;8;12;8;11;7;10;7;10;8;9;8;9;8;10;8;9;7;9;7;8;7;8;7;2;2;0;0;-1;-1;-1;-1;-1;-1;0;0;2;1;6;4;6;5;6;6;6;6;7;6;7;6;8;7;8;7;8;7;8;8;8;9;9;10;9;10;9;11;9;10;9;10;9;11;9;11;10;12;10;13;11;13;12;13;12;13;12;13;12;14;12;14;13;15;13;16;111;0;16;-14;16;-14;17;-15;17;-14;16;-14;15;-14;14;-13;13;-14;12;-14;12;-14;12;-14;12;-14;12;-14;12;-14;11;-14;11;-14;11;-14;11;-14;11;-14;12;-14;12;-13;12;-12;12;-12;11;-11;11;-11;12;-11;13;-10;13;-10;5;-4;1;-1;-1;0;-1;0;-1;0;0;-1;1;-3;5;-6;6;-6;6;-6;6;-6;7;-6;7;-7;8;-7;9;-8;10;-8;11;-8;11;-7;11;-7;12;-7;12;-8;12;-8;13;-8;14;-8;14;-8;15;-8;15;-8;14;-9;14;-10;15;-11;16;-12;17;-12;17;-13;18;-13;18;-13,stable,EXP_S041,ZONE_01,entree_zone,4.7,entree_zone,entree dans la zone
490379497,-52,6,a0:9f:7a:73:2b:3e,384,-110;-96;8;0;-15;-14;-9;-7;-4;0;1;7;5;13;9;19;12;23;14;27;16;29;17;30;17;31;17;30;15;28;14;26;12;22;10;17;8;11;7;6;5;0;4;-6;4;-12;3;-16;3;-21;3;-24;4;-26;1;-7;0;0;0;0;0;0;0;0;0;0;0;0;0;0;0;0;0;0;1;-1;7;-2;9;-2;13;-2;16;-1;19;0;22;1;24;2;25;3;25;5;24;5;21;5;18;5;13;4;8;2;3;-1;-3;-4;-9;-7;-14;-11;-20;-15;-24;-19;-28;-22;-31;-25;-33;-27;-33;-28;-32;-28;-30;-27;109;0;-1;-22;-1;-21;-1;-20;0;-20;0;-19;0;-19;-1;-18;-1;-18;-2;-17;-2;-17;-2;-16;-3;-16;-3;-16;-3;-16;-3;-15;-3;-15;-3;-15;-3;-15;-2;-14;-2;-13;-2;-13;-2;-13;-2;-13;-2;-13;-2;-12;-2;-12;-1;-12;-1;-11;-1;-4;0;-2;0;0;0;0;0;0;-1;-1;-1;-3;-2;-9;-2;-9;-1;-9;-1;-10;-1;-10;-1;-11;-1;-11;-1;-12;-1;-12;0;-13;0;-13;0;-14;0;-15;0;-15;0;-15;0;-15;1;-15;1;-16;1;-17;1;-17;0;-18;0;-19;0;-19;0;-19;0;-20;0;-20;0;-21;0;-21;109;0;-24;-3;-24;-3;-23;-3;-23;-2;-22;-2;-22;-1;-21;-1;-21;0;-20;0;-20;1;-20;1;-20;1;-20;1;-20;1;-20;1;-20;1;-19;1;-19;1;-19;1;-19;1;-19;0;-18;0;-18;0;-18;-1;-18;-1;-18;-2;-17;-3;-17;-4;-7;-2;-2;-1;0;0;0;-1;0;0;-1;0;-4;0;-9;0;-9;0;-9;-1;-10;-1;-10;-1;-11;-1;-12;-2;-12;-2;-13;-2;-14;-3;-14;-3;-14;-4;-15;-4;-15;-4;-16;-4;-16;-4;-17;-5;-17;-5;-17;-5;-18;-5;-19;-4;-19;-4;-20;-4;-21;-4;-22;-4;-23;-4;-23;-4;-23;-4,stable,EXP_S041,ZONE_01,entree_zone,4.7,entree_zone,entree dans la zone
490572301,-53,6,a0:9f:7a:73:2b:3e,384,-110;-96;8;0;2;-19;0;-10;-2;-3;-5;5;-7;12;-9;18;-10;23;-12;26;-13;29;-13;30;-13;31;-13;30;-12;28;-11;26;-9;22;-7;18;-4;13;-1;8;3;3;6;-1;10;-5;13;-8;16;-11;18;-13;20;-14;5;-4;0;0;0;0;0;0;0;0;0;0;0;0;0;0;0;0;0;0;1;1;4;5;5;7;7;10;8;13;9;16;10;18;10;21;9;22;8;23;7;22;6;20;4;17;3;13;1;8;1;2;0;-4;0;-10;0;-17;0;-23;0;-29;1;-34;2;-38;3;-40;3;-41;4;-40;4;-38;104;0;12;-16;11;-16;11;-16;11;-15;11;-14;10;-14;10;-14;9;-14;8;-14;7;-14;7;-13;6;-13;7;-13;7;-13;7;-13;6;-13;6;-13;5;-13;5;-12;5;-11;6;-11;6;-11;6;-11;5;-11;5;-11;5;-10;5;-10;5;-9;2;-3;0;-1;-1;0;-1;0;-1;0;0;-1;1;-3;4;-7;4;-7;4;-7;5;-8;5;-8;5;-8;5;-9;6;-9;6;-9;7;-9;8;-10;8;-10;8;-11;8;-11;8;-11;8;-11;9;-11;10;-11;10;-12;11;-12;11;-13;11;-14;11;-14;11;-14;11;-15;12;-15;12;-15;12;-15;104;0;-16;-15;-16;-15;-16;-15;-16;-15;-16;-14;-15;-14;-15;-13;-15;-12;-16;-11;-16;-10;-17;-10;-17;-10;-16;-10;-16;-10;-16;-10;-16;-10;-16;-9;-16;-10;-16;-10;-15;-10;-15;-11;-14;-10;-14;-10;-14;-10;-13;-10;-13;-11;-12;-11;-12;-12;-5;-5;-2;-2;0;0;0;0;0;0;-1;-1;-3;-2;-7;-5;-7;-5;-7;-6;-7;-6;-7;-7;-7;-7;-8;-8;-8;-9;-9;-9;-9;-10;-9;-11;-9;-11;-9;-11;-9;-11;-10;-12;-10;-12;-10;-13;-10;-14;-10;-14;-11;-14;-11;-14;-12;-14;-13;-14;-14;-15;-15;-16;-15;-16;-15;-16;-15;-16,stable,EXP_S041,ZONE_01,entree_zone,4.7,entree_zone,entree dans la zone
490776850,-53,6,a0:9f:7a:73:2b:3e,384,-110;-96;8;0;-2;-19;-2;-11;-2;-2;-3;6;-4;14;-4;20;-5;26;-6;30;-6;33;-6;34;-6;35;-6;34;-6;32;-5;29;-4;25;-3;20;-1;14;1;9;4;3;6;-3;9;-7;11;-12;13;-15;16;-17;17;-19;4;-5;0;0;0;0;0;0;0;0;0;0;0;0;0;0;0;0;0;0;1;0;5;4;7;6;9;9;11;11;13;14;14;17;14;19;14;21;13;21;12;21;10;20;8;17;6;12;4;7;1;2;-1;-4;-2;-11;-3;-18;-5;-24;-6;-30;-6;-35;-6;-39;-6;-42;-5;-43;-5;-42;-4;-40;99;0;13;-17;13;-16;13;-16;12;-15;12;-15;11;-14;11;-14;11;-14;10;-14;9;-14;9;-13;9;-13;8;-13;8;-13;8;-13;8;-13;8;-13;7;-12;7;-12;7;-11;7;-11;7;-11;7;-10;7;-10;7;-10;7;-10;7;-9;7;-8;2;-3;0;-1;-1;0;-1;0;-1;0;0;-1;1;-3;3;-8;4;-8;4;-8;5;-8;5;-8;5;-9;5;-9;6;-9;6;-10;7;-10;8;-10;8;-11;9;-11;9;-11;9;-11;9;-11;10;-12;10;-12;11;-12;11;-13;11;-13;12;-14;12;-14;12;-15;12;-15;13;-15;13;-16;14;-16;99;0;-16;-17;-16;-17;-16;-17;-16;-16;-16;-16;-15;-15;-15;-14;-15;-14;-15;-13;-16;-13;-16;-12;-16;-12;-16;-12;-16;-12;-15;-12;-15;-12;-15;-12;-15;-12;-15;-12;-15;-12;-14;-12;-14;-12;-13;-12;-13;-12;-12;-12;-11;-13;-11;-14;-10;-14;-4;-6;-1;-2;0;0;0;0;0;0;-1;-1;-3;-2;-7;-5;-7;-5;-7;-6;-7;-6;-8;-7;-8;-7;-9;-8;-9;-9;-9;-9;-9;-10;-9;-11;-9;-11;-9;-12;-10;-12;-10;-12;-10;-13;-10;-14;-10;-14;-10;-14;-11;-14;-12;-15;-12;-15;-13;-15;-14;-16;-15;-17;-15;-17;-15;-17;-15;-17,stable,EXP_S041,ZONE_01,entree_zone,4.7,entree_zone,entree dans la zone
490972349,-52,6,a0:9f:7a:73:2b:3e,384,-110;-96;8;0;14;9;8;4;2;-1;-4;-6;-9;-10;-13;-14;-17;-18;-19;-21;-21;-22;-23;-23;-23;-24;-23;-23;-22;-22;-19;-20;-17;-17;-14;-13;-11;-9;-8;-4;-5;1;-3;5;-1;10;1;14;2;17;3;20;3;23;0;5;0;0;0;0;0;0;0;0;0;0;0;0;0;0;0;0;0;0;-2;0;-6;2;-9;2;-12;2;-15;2;-18;2;-21;1;-23;0;-24;-1;-24;-2;-23;-3;-21;-3;-18;-3;-13;-3;-9;-2;-4;0;2;1;7;4;13;6;19;9;24;11;28;14;31;16;33;18;33;18;33;19;31;18;112;0;3;18;3;18;3;17;3;17;3;16;2;16;3;16;3;15;3;15;4;14;4;14;4;13;4;13;4;13;4;13;4;13;4;12;4;12;3;11;3;11;3;11;3;11;3;10;3;10;3;10;2;10;2;10;1;10;0;3;0;1;-1;-1;-1;-1;-1;-1;0;0;0;2;2;7;2;7;2;7;2;8;2;8;2;8;2;9;2;9;2;10;1;10;1;11;1;11;1;12;1;12;1;13;1;13;1;13;1;14;1;14;1;15;2;15;2;16;2;16;2;17;2;17;2;17;2;18;2;18;112;0;20;-2;20;-2;20;-2;20;-2;19;-2;19;-3;18;-3;17;-3;17;-4;17;-4;16;-5;16;-5;16;-5;16;-5;16;-5;16;-5;16;-5;16;-5;16;-4;16;-4;16;-4;15;-3;15;-3;15;-3;15;-2;15;-2;14;-1;14;0;5;0;1;0;-1;0;-1;0;-1;0;0;-1;2;-1;7;-2;7;-2;7;-2;8;-2;8;-2;9;-1;10;-1;10;-1;11;-1;12;0;12;0;12;0;13;0;13;0;13;0;14;0;14;1;15;1;15;1;15;1;16;0;17;0;17;0;18;-1;19;-1;19;-1;20;-1;20;-2,stable,EXP_S041,ZONE_01,entree_zone,4.7,entree_zone,entree dans la zone
491172939,-52,6,a0:9f:7a:73:2b:3e,384,-110;-96;8;0;0;-20;-1;-12;-2;-3;-3;5;-5;13;-6;20;-7;25;-7;29;-7;32;-7;34;-7;35;-7;34;-7;32;-6;29;-5;25;-4;20;-2;15;0;9;3;3;5;-2;8;-7;10;-11;13;-15;15;-18;17;-19;4;-5;0;0;0;0;0;0;0;0;0;0;0;0;0;0;0;0;0;0;1;1;4;4;5;7;7;10;8;13;10;16;11;19;11;22;10;23;9;24;8;23;7;22;5;18;3;14;2;9;1;3;0;-4;-1;-10;-2;-17;-2;-24;-2;-30;-2;-36;-2;-40;-1;-43;-1;-44;-1;-43;0;-41;95;0;15;-16;14;-16;14;-15;14;-14;13;-14;13;-14;13;-14;12;-14;11;-14;11;-13;10;-13;10;-13;10;-12;10;-12;10;-12;10;-12;9;-12;9;-12;9;-11;9;-10;9;-10;9;-10;9;-10;9;-10;8;-9;8;-9;8;-8;8;-8;3;-3;1;-1;-1;0;-1;0;-1;0;0;-1;1;-3;3;-8;4;-8;4;-8;5;-9;5;-9;5;-9;5;-10;6;-10;6;-10;7;-10;8;-11;8;-11;9;-11;9;-12;9;-12;10;-12;10;-12;10;-12;11;-12;12;-13;12;-13;12;-14;12;-14;13;-15;13;-15;14;-15;15;-15;15;-16;95;0;-14;-18;-14;-18;-14;-18;-14;-18;-14;-17;-13;-17;-13;-16;-13;-15;-14;-14;-14;-14;-14;-14;-14;-14;-14;-14;-14;-14;-14;-14;-13;-13;-13;-13;-13;-14;-13;-14;-12;-14;-12;-14;-11;-14;-11;-14;-10;-14;-10;-14;-9;-15;-8;-15;-7;-16;-3;-6;-1;-2;0;0;0;0;0;0;-1;-1;-3;-2;-8;-5;-7;-5;-7;-6;-7;-7;-8;-7;-8;-7;-8;-8;-9;-9;-9;-10;-9;-11;-9;-11;-9;-12;-9;-12;-9;-12;-9;-13;-10;-14;-10;-14;-10;-15;-10;-15;-10;-15;-11;-15;-11;-16;-12;-16;-13;-17;-13;-18;-13;-18;-13;-18;-14;-19,stable,EXP_S041,ZONE_01,entree_zone,4.7,entree_zone,entree dans la zone
491372910,-53,6,a0:9f:7a:73:2b:3e,384,-110;-96;8;0;6;-20;3;-12;-1;-4;-4;4;-8;11;-10;17;-13;22;-15;26;-16;29;-17;30;-17;31;-17;30;-15;29;-13;27;-11;23;-9;19;-5;14;-2;9;2;4;5;-1;9;-5;12;-9;16;-11;18;-14;20;-15;5;-4;0;0;0;0;0;0;0;0;0;0;0;0;0;0;0;0;0;0;0;1;2;6;2;8;2;12;2;15;2;19;2;22;2;24;1;26;0;26;-2;25;-3;23;-3;19;-3;15;-2;9;-1;3;1;-3;2;-9;4;-16;5;-23;7;-29;9;-34;10;-38;12;-41;14;-41;14;-40;13;-38;103;0;14;-17;13;-17;13;-16;13;-15;13;-14;12;-14;12;-15;11;-15;10;-15;9;-15;8;-14;8;-13;8;-13;8;-13;8;-14;8;-14;7;-14;6;-14;6;-13;6;-12;6;-11;7;-11;6;-11;6;-12;6;-12;5;-11;5;-10;6;-10;2;-4;0;-1;-1;0;-1;0;-1;0;0;-1;1;-3;5;-6;5;-6;6;-7;6;-7;7;-7;7;-8;7;-8;7;-8;8;-8;8;-8;9;-9;10;-9;10;-10;10;-10;11;-10;10;-10;11;-10;11;-10;12;-11;13;-11;13;-13;13;-14;13;-14;13;-14;13;-14;14;-14;15;-14;15;-15;103;0;-15;-17;-15;-17;-15;-18;-15;-18;-14;-17;-14;-16;-14;-15;-14;-14;-15;-13;-15;-12;-16;-12;-16;-12;-15;-12;-15;-12;-15;-12;-15;-11;-15;-11;-15;-11;-15;-11;-15;-12;-14;-12;-14;-12;-13;-11;-13;-11;-13;-11;-12;-12;-12;-13;-11;-13;-4;-5;-2;-2;0;0;0;0;0;0;-1;-1;-2;-3;-6;-7;-6;-7;-5;-8;-5;-8;-5;-8;-6;-9;-6;-10;-7;-11;-7;-12;-7;-13;-7;-13;-6;-13;-7;-13;-7;-13;-7;-14;-8;-15;-8;-16;-8;-16;-8;-16;-8;-16;-9;-16;-10;-16;-11;-17;-12;-18;-13;-18;-13;-19;-13;-19;-13;-19,stable,EXP_S041,ZONE_01,entree_zone,4.7,entree_zone,entree dans la zone
491572883,-52,6,a0:9f:7a:73:2b:3e,384,-110;-96;8;0;-8;-19;-6;-11;-3;-3;-1;6;0;13;2;20;3;26;4;30;5;33;5;34;5;35;5;35;5;33;4;30;4;25;3;20;3;14;4;8;4;2;5;-4;6;-10;7;-14;8;-18;9;-22;11;-24;2;-6;0;0;0;0;0;0;0;0;0;0;0;0;0;0;0;0;0;0;1;0;6;2;8;4;11;5;14;8;16;10;18;12;20;14;20;16;20;17;18;17;16;16;13;14;10;11;6;7;3;2;-1;-3;-4;-9;-8;-15;-12;-21;-14;-27;-16;-32;-18;-36;-19;-39;-19;-40;-18;-40;-17;-38;107;0;10;-19;10;-19;10;-18;10;-17;9;-17;9;-17;8;-16;8;-16;7;-16;6;-16;6;-16;5;-15;5;-15;5;-15;5;-15;5;-15;5;-15;5;-14;5;-14;4;-13;4;-13;4;-13;4;-12;4;-12;4;-12;4;-11;5;-11;5;-11;2;-4;0;-2;-1;0;-1;0;-1;0;0;-1;1;-3;3;-8;3;-8;4;-8;4;-9;4;-9;4;-9;5;-10;5;-10;5;-11;6;-11;7;-11;7;-12;7;-12;7;-13;8;-13;8;-13;8;-13;9;-13;9;-14;9;-15;10;-15;10;-16;10;-16;10;-17;10;-17;11;-18;11;-18;11;-18;107;0;-18;-15;-18;-15;-18;-15;-18;-14;-18;-14;-18;-13;-18;-12;-18;-11;-18;-11;-18;-10;-18;-10;-18;-10;-18;-10;-18;-9;-18;-9;-17;-9;-17;-9;-17;-9;-17;-9;-17;-9;-16;-10;-16;-10;-15;-10;-15;-10;-15;-10;-14;-11;-14;-11;-13;-12;-5;-5;-2;-2;0;0;0;0;0;0;-1;-1;-3;-2;-8;-5;-8;-6;-8;-6;-8;-6;-8;-7;-8;-7;-9;-8;-9;-9;-10;-9;-10;-10;-10;-11;-10;-11;-10;-12;-11;-12;-11;-12;-11;-13;-12;-13;-12;-14;-12;-14;-12;-14;-13;-14;-14;-14;-15;-14;-16;-15;-16;-15;-17;-15;-17;-16;-18;-16,stable,EXP_S041,ZONE_01,entree_zone,4.7,entree_zone,entree dans la zone
491772965,-52,6,a0:9f:7a:73:2b:3e,384,-110;-96;8;0;-11;-18;-7;-10;-4;-2;-1;6;1;14;3;20;5;26;6;30;6;32;7;34;7;35;7;34;6;33;6;30;5;25;5;20;4;15;4;8;4;2;5;-4;6;-9;7;-14;8;-18;10;-21;12;-23;3;-6;0;0;0;0;0;0;0;0;0;0;0;0;0;0;0;0;0;0;1;0;6;0;9;1;12;2;15;4;18;5;21;7;22;9;23;11;23;12;22;12;19;12;16;11;12;8;8;5;3;1;-1;-3;-6;-9;-10;-14;-15;-19;-18;-25;-21;-29;-23;-33;-24;-36;-24;-37;-23;-37;-21;-36;109;0;4;-21;4;-21;4;-20;4;-20;4;-19;3;-19;3;-18;3;-18;2;-17;2;-17;2;-17;2;-16;1;-16;1;-16;1;-16;1;-15;1;-15;1;-15;1;-14;1;-14;1;-14;1;-13;2;-13;2;-13;2;-12;2;-12;2;-12;3;-11;1;-4;0;-2;-1;0;0;0;-1;0;-1;-1;-1;-3;-1;-9;0;-9;0;-9;0;-10;0;-10;0;-10;0;-11;1;-11;1;-12;1;-12;2;-13;2;-14;2;-14;2;-14;3;-15;3;-15;3;-15;3;-16;3;-16;3;-17;3;-17;3;-18;3;-19;4;-19;4;-20;4;-20;4;-21;5;-21;109;0;-22;-9;-22;-9;-22;-9;-22;-8;-21;-8;-21;-7;-21;-7;-20;-6;-20;-6;-20;-5;-20;-5;-20;-5;-19;-5;-19;-5;-19;-5;-19;-5;-19;-5;-19;-5;-19;-5;-19;-5;-18;-5;-18;-6;-17;-6;-17;-6;-16;-7;-16;-8;-15;-9;-15;-9;-6;-4;-2;-2;0;0;0;0;0;0;-1;-1;-4;-1;-9;-1;-9;-2;-9;-2;-10;-3;-10;-3;-11;-3;-11;-4;-12;-4;-13;-5;-13;-6;-14;-6;-14;-7;-14;-7;-14;-7;-15;-8;-15;-8;-15;-8;-15;-8;-16;-9;-17;-9;-17;-8;-18;-8;-19;-9;-20;-9;-21;-9;-21;-9;-22;-9;-22;-9,stable,EXP_S041,ZONE_01,entree_zone,4.7,entree_zone,entree dans la zone
491972906,-52,6,a0:9f:7a:73:2b:3e,384,-110;-96;8;0;9;-19;4;-11;-1;-4;-6;2;-11;9;-15;14;-19;18;-22;21;-24;24;-25;25;-26;26;-26;25;-24;24;-22;21;-19;19;-15;15;-10;12;-5;8;0;5;5;2;10;0;15;-2;19;-3;23;-4;25;-4;6;-1;0;0;0;0;0;0;0;0;0;0;0;0;0;0;0;0;0;0;0;1;2;5;3;8;4;12;4;15;4;19;4;22;3;24;2;26;1;26;0;26;0;23;-1;20;-1;15;-1;9;0;3;1;-3;3;-9;5;-16;8;-22;10;-28;13;-33;15;-37;17;-40;18;-40;18;-39;18;-37;97;0;19;-10;19;-10;18;-9;17;-8;17;-8;17;-8;16;-8;16;-8;15;-9;14;-9;14;-8;13;-8;13;-7;14;-7;14;-7;13;-8;13;-8;12;-8;12;-8;11;-7;11;-6;11;-6;11;-6;11;-6;11;-6;11;-5;10;-5;10;-4;3;-2;1;-1;-1;0;-1;0;-1;0;0;-1;2;-2;6;-6;6;-6;7;-6;7;-6;8;-6;8;-6;8;-7;9;-7;9;-7;10;-6;11;-6;12;-7;12;-7;13;-7;13;-7;13;-7;13;-7;14;-6;15;-7;15;-7;16;-8;16;-8;16;-9;17;-9;17;-9;18;-8;19;-8;20;-8;97;0;-7;-23;-7;-23;-7;-23;-7;-23;-7;-22;-6;-21;-7;-20;-7;-19;-8;-19;-8;-19;-8;-19;-8;-19;-8;-19;-8;-18;-8;-18;-8;-18;-8;-18;-8;-18;-7;-18;-7;-18;-6;-18;-5;-18;-5;-17;-4;-17;-4;-17;-3;-17;-2;-18;-2;-18;-1;-7;0;-2;0;0;0;0;0;0;-1;-1;-2;-3;-5;-8;-5;-8;-4;-9;-4;-9;-4;-10;-5;-10;-5;-11;-5;-12;-5;-13;-5;-14;-4;-14;-4;-15;-4;-15;-4;-15;-4;-16;-4;-17;-3;-17;-3;-18;-3;-18;-3;-18;-4;-19;-5;-19;-5;-20;-6;-21;-6;-22;-6;-23;-5;-23;-5;-23,stable,EXP_S041,ZONE_01,entree_zone,4.7,entree_zone,entree dans la zone
492178500,-52,6,a0:9f:7a:73:2b:3e,384,-110;-96;8;0;20;3;12;1;3;-2;-5;-4;-13;-7;-20;-9;-25;-12;-29;-13;-33;-14;-35;-14;-35;-15;-35;-15;-33;-14;-29;-13;-25;-11;-21;-9;-16;-6;-10;-2;-5;2;0;6;4;10;7;13;10;17;12;20;13;22;3;5;0;0;0;0;0;0;0;0;0;0;0;0;0;0;0;0;0;0;-2;1;-6;4;-8;6;-11;7;-15;9;-18;10;-21;11;-24;11;-25;11;-26;10;-25;9;-23;7;-20;6;-16;4;-11;2;-4;1;2;0;9;0;16;0;23;0;30;0;36;1;40;1;43;2;44;3;44;3;42;4;103;0;15;16;14;15;14;15;13;15;12;15;12;15;12;14;12;14;12;13;12;12;12;11;11;11;11;11;11;11;11;11;11;11;11;11;10;10;9;10;9;10;8;10;8;10;8;10;8;10;7;10;7;9;6;9;6;9;2;3;0;1;-1;-1;-1;-1;-1;-1;0;0;2;1;7;3;7;4;7;4;8;5;8;5;8;5;9;5;9;6;9;6;9;7;9;8;10;9;10;9;10;10;11;10;11;10;11;10;11;11;11;12;12;12;12;13;13;13;13;13;14;13;14;14;14;15;14;16;14;16;103;0;19;-14;19;-14;19;-14;19;-14;18;-13;18;-13;17;-12;16;-12;15;-13;15;-13;15;-13;15;-13;15;-13;15;-13;15;-13;15;-13;15;-13;15;-13;15;-12;16;-11;16;-11;15;-10;15;-9;15;-9;15;-8;15;-7;16;-7;16;-6;5;-2;1;-1;-1;0;-1;0;-1;0;0;-1;1;-3;4;-8;5;-8;5;-8;6;-8;7;-8;7;-8;8;-9;9;-9;10;-9;11;-9;11;-9;12;-9;12;-9;13;-9;13;-9;14;-9;14;-10;15;-9;15;-9;15;-10;16;-10;16;-11;17;-12;17;-12;18;-13;19;-13;19;-13;19;-13,stable,EXP_S041,ZONE_01,entree_zone,4.7,entree_zone,entree dans la zone
492375721,-52,6,a0:9f:7a:73:2b:3e,384,-110;-96;8;0;9;-19;4;-12;-1;-4;-5;3;-10;9;-14;15;-18;19;-21;23;-23;25;-24;27;-25;27;-24;27;-23;25;-21;23;-18;20;-14;16;-10;13;-5;9;0;5;5;1;10;-2;15;-4;19;-6;22;-7;25;-7;6;-2;0;0;0;0;0;0;0;0;0;0;0;0;0;0;0;0;0;0;0;1;1;6;2;8;2;12;3;16;3;19;2;22;2;25;1;26;0;27;-2;26;-2;24;-3;20;-3;15;-2;10;-1;4;1;-3;4;-9;6;-16;8;-22;10;-28;13;-33;15;-37;17;-40;18;-41;18;-40;18;-38;108;0;18;-13;17;-13;17;-12;16;-12;16;-11;15;-11;15;-11;14;-11;13;-11;12;-11;12;-11;12;-11;11;-11;12;-11;12;-11;11;-11;11;-11;11;-11;10;-10;10;-10;10;-9;10;-9;10;-9;10;-9;9;-9;9;-8;9;-8;9;-7;3;-3;1;-1;-1;0;-1;0;-1;0;0;-1;2;-3;6;-6;6;-6;7;-6;7;-6;7;-6;8;-7;8;-7;8;-7;9;-7;10;-7;11;-8;11;-8;12;-8;12;-8;12;-9;12;-9;13;-8;13;-8;14;-9;15;-9;15;-10;15;-10;16;-11;16;-11;16;-11;17;-11;18;-11;18;-11;108;0;-10;-22;-10;-22;-10;-22;-10;-21;-10;-21;-10;-20;-10;-19;-11;-18;-11;-18;-12;-17;-12;-17;-12;-17;-12;-17;-12;-16;-12;-16;-12;-16;-12;-16;-11;-16;-11;-16;-10;-17;-10;-16;-9;-16;-9;-16;-9;-15;-8;-15;-8;-16;-7;-16;-6;-17;-2;-6;-1;-2;0;0;0;0;0;0;-1;-1;-2;-3;-5;-8;-5;-8;-5;-9;-5;-9;-5;-10;-5;-10;-5;-11;-5;-12;-5;-13;-5;-13;-5;-14;-5;-14;-5;-15;-5;-15;-5;-16;-5;-16;-5;-17;-5;-17;-5;-18;-6;-18;-6;-18;-7;-19;-7;-20;-8;-20;-8;-21;-9;-22;-9;-22;-9;-22,stable,EXP_S041,ZONE_01,entree_zone,4.7,entree_zone,entree dans la zone
492572716,-52,6,a0:9f:7a:73:2b:3e,384,-110;-96;8;0;17;8;10;3;3;-1;-3;-5;-9;-10;-14;-14;-19;-17;-22;-20;-24;-22;-26;-23;-26;-23;-25;-23;-24;-22;-22;-20;-19;-18;-15;-14;-12;-10;-9;-5;-6;0;-3;5;-1;10;1;14;2;18;2;21;2;23;0;6;0;0;0;0;0;0;0;0;0;0;0;0;0;0;0;0;0;0;-2;0;-6;2;-8;3;-11;4;-15;5;-18;6;-21;6;-23;6;-24;5;-25;4;-25;3;-23;2;-19;1;-15;0;-10;0;-5;1;1;1;7;2;14;4;20;6;26;8;31;9;34;11;37;13;38;14;37;14;35;14;112;0;5;18;5;18;5;18;5;17;5;17;5;16;5;15;5;15;5;14;6;14;6;13;6;13;6;13;6;13;6;12;6;12;5;12;5;12;5;12;5;11;4;11;4;11;4;11;4;10;4;10;3;10;3;10;3;10;1;3;0;1;-1;-1;-1;-1;-1;-1;0;0;1;2;3;6;3;6;3;7;3;7;3;8;3;8;3;8;3;9;3;10;3;10;3;11;3;11;3;12;3;12;3;12;3;13;3;13;3;14;4;14;4;15;4;15;4;16;4;16;4;16;5;17;5;17;5;18;5;18;112;0;21;-3;21;-3;21;-4;20;-4;20;-4;19;-5;19;-5;18;-5;18;-5;17;-6;17;-6;17;-6;17;-6;17;-7;16;-7;16;-6;16;-6;16;-6;16;-6;16;-5;16;-5;16;-5;15;-4;15;-4;15;-3;15;-2;15;-2;15;-1;5;-1;1;0;-1;0;-1;0;-1;0;0;-1;2;-1;7;-3;7;-3;8;-3;8;-3;9;-2;9;-2;10;-2;11;-2;11;-2;12;-2;13;-2;13;-1;14;-1;14;-1;14;-1;15;-1;15;-1;16;-1;16;-1;17;-1;17;-1;18;-2;18;-2;19;-2;20;-2;20;-3;21;-3;21;-3,stable,EXP_S041,ZONE_01,entree_zone,4.7,entree_zone,entree dans la zone
492777759,-52,6,a0:9f:7a:73:2b:3e,384,-110;-96;8;0;14;12;8;6;3;0;-3;-5;-7;-11;-12;-16;-15;-20;-17;-23;-20;-25;-21;-26;-21;-26;-21;-26;-20;-25;-18;-23;-16;-20;-13;-15;-10;-11;-7;-6;-5;-1;-3;5;-1;9;0;14;1;18;2;21;2;23;0;6;0;0;0;0;0;0;0;0;0;0;0;0;0;0;0;0;0;0;-2;0;-7;0;-9;0;-12;-1;-16;-2;-19;-2;-21;-3;-23;-4;-24;-5;-24;-6;-23;-7;-21;-7;-18;-7;-14;-6;-9;-4;-4;-1;1;1;6;4;12;8;17;12;22;15;26;18;29;21;30;22;31;24;31;24;29;23;105;0;5;39;5;38;5;37;4;36;4;35;4;34;5;33;5;32;6;31;6;30;6;29;6;29;6;28;6;28;6;27;6;27;6;26;5;26;5;25;5;25;4;24;4;23;4;23;3;22;3;22;2;22;1;21;1;21;0;7;-1;2;-1;-1;-1;-1;-1;-1;0;1;2;4;5;13;5;14;4;15;4;16;4;16;4;17;4;18;4;19;4;20;4;21;4;23;4;24;3;25;3;26;3;26;3;27;3;28;3;28;3;30;3;31;3;32;4;33;4;34;4;34;4;35;4;37;4;38;4;38;105;0;41;1;41;0;41;0;40;-1;39;-1;38;-2;37;-2;36;-3;35;-3;34;-4;34;-4;34;-4;34;-5;34;-5;34;-5;34;-5;34;-5;34;-4;34;-4;33;-3;33;-2;32;-2;31;-1;30;0;30;1;29;2;29;4;29;5;10;2;3;0;-1;-1;-1;0;-1;0;1;-1;5;-2;14;-4;15;-4;16;-3;17;-3;18;-2;19;-2;20;-2;22;-1;23;-1;24;0;25;1;26;1;26;2;27;3;28;3;29;3;29;3;30;3;31;4;32;3;33;3;35;2;36;2;37;2;39;2;40;2;41;2;42;2,stable,EXP_S041,ZONE_01,entree_zone,4.7,entree_zone,entree dans la zone
492977262,-52,6,a0:9f:7a:73:2b:3e,384,-110;-96;8;0;4;-20;2;-12;-2;-4;-5;4;-7;12;-10;18;-12;23;-14;27;-15;30;-16;32;-16;32;-16;31;-15;30;-13;27;-11;23;-8;19;-5;14;-2;9;2;4;6;-1;9;-5;13;-8;16;-11;19;-13;21;-14;5;-4;0;0;0;0;0;0;0;0;0;0;0;0;0;0;0;0;0;0;0;1;3;6;4;8;5;11;6;15;6;18;7;21;7;23;6;25;5;25;4;24;2;22;1;19;1;14;0;9;0;3;1;-4;1;-10;2;-17;3;-24;4;-30;4;-36;6;-39;7;-42;8;-43;9;-42;9;-40;114;0;11;-19;11;-18;11;-17;10;-16;10;-16;10;-16;10;-16;9;-17;8;-16;7;-16;6;-15;6;-14;7;-14;7;-14;7;-15;6;-15;5;-15;5;-14;4;-13;5;-13;5;-12;5;-12;5;-12;5;-12;5;-12;4;-12;4;-11;4;-10;1;-4;0;-1;-1;0;-1;0;-1;0;0;-1;1;-3;4;-7;4;-7;5;-7;5;-8;6;-8;6;-9;6;-9;6;-9;6;-9;7;-9;8;-10;9;-10;9;-11;9;-12;9;-12;9;-12;9;-11;10;-12;10;-12;11;-13;11;-15;11;-15;11;-16;11;-16;11;-16;12;-16;13;-17;13;-17;114;0;-17;-16;-18;-16;-18;-16;-18;-15;-17;-15;-17;-14;-16;-13;-16;-12;-17;-11;-17;-10;-18;-10;-18;-10;-17;-10;-17;-10;-17;-10;-17;-9;-17;-9;-17;-9;-17;-9;-17;-10;-16;-10;-15;-10;-15;-10;-14;-10;-14;-10;-14;-11;-14;-11;-13;-12;-5;-5;-2;-2;0;0;0;0;0;0;-1;-1;-3;-2;-7;-6;-7;-6;-7;-7;-7;-7;-7;-7;-8;-8;-8;-8;-9;-9;-9;-10;-9;-11;-9;-12;-9;-12;-9;-12;-9;-12;-10;-13;-10;-14;-10;-14;-10;-15;-10;-15;-11;-15;-12;-14;-13;-14;-14;-15;-15;-15;-16;-16;-16;-17;-16;-17;-16;-17,stable,EXP_S041,ZONE_01,entree_zone,4.7,entree_zone,entree dans la zone
493174630,-52,6,a0:9f:7a:73:2b:3e,384,-110;-96;8;0;2;17;1;9;1;1;1;-6;1;-14;1;-20;1;-24;1;-28;1;-31;2;-33;1;-33;1;-32;1;-30;0;-27;0;-24;0;-19;-1;-14;-3;-8;-4;-3;-6;2;-8;7;-9;11;-11;14;-13;16;-14;18;-4;4;0;0;0;0;0;0;0;0;0;0;0;0;0;0;0;0;0;0;-2;-1;-6;-4;-7;-6;-9;-9;-11;-11;-13;-14;-14;-16;-15;-18;-14;-19;-14;-19;-12;-19;-11;-18;-9;-16;-6;-12;-4;-8;-2;-3;0;3;1;8;3;14;5;20;6;26;7;30;7;34;7;37;7;38;6;37;6;35;99;0;-7;18;-7;17;-7;17;-7;16;-7;15;-7;15;-7;15;-6;15;-5;15;-4;14;-4;14;-4;13;-4;13;-4;13;-4;13;-3;13;-3;13;-3;12;-3;12;-3;11;-4;10;-4;11;-4;11;-4;11;-3;11;-3;10;-3;9;-4;9;-2;3;-1;0;0;-1;0;-1;0;-1;-1;0;-1;2;-2;6;-3;7;-3;7;-3;7;-3;8;-3;8;-3;9;-3;9;-4;9;-5;9;-5;10;-6;10;-6;11;-5;12;-5;12;-5;12;-6;12;-6;12;-7;13;-7;13;-7;14;-7;15;-6;15;-6;15;-7;15;-8;16;-8;16;-8;17;99;0;17;8;18;8;18;8;18;8;17;8;17;8;16;7;16;6;16;5;16;4;16;4;16;4;16;4;16;4;15;4;15;4;16;4;16;4;16;4;16;5;15;5;14;5;14;5;13;5;13;5;13;6;13;6;13;7;4;2;1;1;-1;-1;-1;-1;-1;-1;0;0;2;0;7;2;7;2;7;2;7;3;7;3;8;3;8;4;9;4;10;5;10;6;10;6;10;7;10;7;10;7;11;7;12;7;12;8;12;8;12;9;12;8;13;8;14;8;15;8;16;9;16;9;17;9;17;9;17;9,stable,EXP_S041,ZONE_01,entree_zone,4.7,entree_zone,entree dans la zone
493372453,-52,6,a0:9f:7a:73:2b:3e,384,-110;-96;8;0;-4;-18;-3;-10;-3;-2;-3;6;-4;13;-4;19;-5;24;-5;28;-5;31;-5;32;-5;33;-6;32;-5;30;-5;27;-4;23;-3;19;-1;13;1;8;3;3;6;-2;8;-7;11;-10;13;-14;16;-16;17;-17;4;-5;0;0;0;0;0;0;0;0;0;0;0;0;0;0;0;0;0;0;1;0;6;3;8;5;10;7;12;9;14;11;15;14;16;15;16;17;15;17;14;17;12;16;10;14;7;10;4;6;2;1;-1;-4;-3;-10;-5;-16;-7;-22;-8;-27;-9;-32;-9;-36;-9;-38;-9;-39;-8;-39;-8;-38;114;0;12;-16;12;-16;11;-15;11;-15;10;-14;10;-14;10;-14;9;-14;9;-14;8;-13;8;-13;7;-13;7;-13;7;-13;7;-13;7;-13;7;-13;7;-12;6;-12;6;-11;6;-11;6;-10;6;-10;6;-10;6;-10;6;-10;6;-9;6;-9;2;-3;0;-1;-1;0;-1;0;-1;0;0;-1;1;-3;3;-7;4;-7;4;-7;4;-7;5;-8;5;-8;5;-8;5;-9;6;-9;6;-9;7;-9;7;-10;8;-10;8;-10;8;-11;8;-11;9;-11;9;-11;9;-12;10;-12;10;-13;10;-13;11;-14;11;-14;11;-14;11;-15;12;-15;12;-15;114;0;-16;-16;-16;-16;-16;-15;-16;-15;-16;-14;-15;-14;-15;-13;-15;-12;-16;-12;-16;-11;-16;-11;-16;-11;-16;-11;-15;-11;-15;-11;-15;-11;-15;-11;-15;-11;-15;-11;-14;-11;-14;-11;-13;-11;-13;-11;-13;-11;-12;-12;-12;-12;-11;-13;-11;-13;-4;-5;-1;-2;0;0;0;0;0;0;-1;-1;-3;-2;-7;-5;-7;-5;-7;-5;-7;-6;-7;-6;-8;-7;-8;-8;-9;-8;-9;-9;-9;-9;-9;-10;-9;-11;-9;-11;-10;-11;-10;-12;-10;-12;-10;-13;-10;-13;-10;-13;-11;-13;-12;-14;-12;-14;-13;-14;-14;-15;-14;-15;-15;-16;-15;-16;-15;-16,stable,EXP_S041,ZONE_01,entree_zone,4.7,entree_zone,entree dans la zone
493572471,-52,6,a0:9f:7a:73:2b:3e,384,-110;-96;8;0;-12;-15;-8;-8;-3;-1;0;7;4;13;6;19;9;24;10;28;11;30;11;31;11;32;11;31;10;29;10;26;9;22;7;17;6;12;5;6;5;0;4;-5;4;-11;5;-15;5;-19;6;-22;7;-24;1;-7;0;0;0;0;0;0;0;0;0;0;0;0;0;0;0;0;0;0;1;0;7;0;9;0;12;1;15;2;18;3;20;5;22;6;23;7;23;8;21;9;19;9;15;8;11;6;7;3;2;0;-2;-4;-7;-8;-12;-13;-17;-17;-21;-21;-24;-25;-26;-28;-27;-31;-27;-32;-25;-32;-24;-30;102;0;-4;-21;-4;-20;-4;-19;-4;-19;-3;-18;-3;-18;-3;-18;-4;-18;-4;-17;-5;-16;-5;-15;-5;-15;-4;-15;-4;-15;-4;-15;-5;-15;-5;-14;-5;-14;-5;-13;-4;-12;-4;-12;-3;-12;-4;-13;-4;-12;-4;-12;-4;-11;-3;-11;-3;-11;-1;-4;-1;-2;0;0;0;0;0;0;-1;-1;-1;-3;-2;-8;-2;-8;-2;-9;-2;-9;-2;-10;-2;-10;-2;-10;-2;-10;-2;-11;-2;-12;-1;-12;-2;-13;-2;-14;-2;-14;-2;-14;-2;-14;-2;-14;-1;-15;-1;-16;-2;-16;-2;-17;-3;-18;-3;-18;-3;-18;-3;-19;-2;-19;-2;-20;-2;-21;102;0;-22;1;-22;1;-22;1;-22;1;-22;1;-21;1;-20;2;-19;2;-19;3;-19;4;-19;4;-19;4;-19;4;-18;4;-18;4;-18;4;-18;4;-18;4;-18;4;-18;3;-18;3;-17;2;-17;2;-17;2;-16;2;-17;1;-17;0;-17;-1;-6;-1;-2;-1;0;-1;0;-1;0;-1;-1;0;-3;0;-8;1;-9;1;-9;1;-9;0;-10;0;-10;0;-11;0;-12;0;-13;0;-13;-1;-14;-1;-14;-2;-14;-1;-15;-1;-16;-1;-16;-1;-17;-2;-17;-2;-17;-2;-17;-2;-18;-1;-19;-1;-20;0;-21;0;-22;0;-22;0;-22;0;-22;0,stable,EXP_S041,ZONE_01,entree_zone,4.7,entree_zone,entree dans la zone
493772405,-52,6,a0:9f:7a:73:2b:3e,384,-110;-96;8;0;-8;15;-4;9;1;2;5;-4;9;-10;13;-15;16;-18;19;-21;20;-24;21;-25;21;-25;21;-24;20;-23;18;-21;15;-18;12;-15;7;-11;3;-8;-2;-5;-7;-2;-11;0;-15;2;-19;3;-22;3;-24;4;-6;1;0;0;0;0;0;0;0;0;0;0;0;0;0;0;0;0;0;0;-1;-2;-3;-7;-4;-9;-5;-12;-5;-15;-5;-18;-5;-21;-5;-23;-4;-24;-3;-24;-2;-23;-1;-21;-1;-18;-1;-14;-1;-9;-2;-3;-3;3;-4;9;-6;15;-8;20;-10;26;-12;30;-13;33;-15;35;-16;36;-16;35;-15;33;105;0;-20;1;-19;1;-19;1;-18;1;-18;1;-17;1;-17;1;-16;2;-16;2;-15;2;-15;2;-15;2;-14;2;-14;2;-14;2;-14;2;-14;2;-14;2;-13;2;-13;2;-13;2;-12;2;-12;2;-12;2;-12;1;-11;1;-11;0;-11;0;-4;0;-2;-1;0;-1;0;-1;0;-1;-1;0;-3;0;-8;1;-8;1;-8;1;-9;1;-9;1;-10;1;-10;1;-11;1;-11;1;-11;1;-12;0;-12;0;-13;0;-13;0;-14;0;-14;0;-14;0;-15;0;-15;0;-16;0;-16;0;-17;0;-17;0;-18;0;-18;1;-19;1;-19;1;-19;1;105;0;-1;21;-1;21;0;20;0;20;0;19;1;19;1;19;1;18;2;18;2;17;2;17;2;17;3;17;3;17;3;17;3;17;2;17;2;17;2;16;2;16;1;16;1;16;1;15;0;15;0;15;-1;15;-2;15;-2;15;-1;5;-1;1;0;-1;-1;-1;-1;-1;0;0;0;2;1;7;1;7;1;8;1;8;0;9;0;9;0;10;0;11;0;11;-1;12;-1;12;-2;13;-2;13;-2;13;-2;14;-2;14;-2;14;-2;15;-2;15;-2;16;-2;17;-2;17;-2;18;-2;18;-1;19;-1;19;-1;20;-1;20,stable,EXP_S041,ZONE_01,entree_zone,4.7,entree_zone,entree dans la zone
493974707,-52,6,a0:9f:7a:73:2b:3e,384,-110;-96;8;0;-10;-17;-6;-9;-3;-1;0;7;2;14;5;21;6;26;8;30;9;33;9;34;9;35;9;34;8;32;8;29;7;24;6;19;5;14;4;7;4;1;5;-5;5;-11;6;-16;7;-20;8;-23;9;-25;2;-7;0;0;0;0;0;0;0;0;0;0;0;0;0;0;0;0;0;0;1;0;7;1;9;2;13;3;16;5;19;7;21;9;22;10;23;12;22;13;21;13;19;13;15;11;11;8;7;5;2;0;-2;-4;-7;-9;-11;-15;-15;-20;-19;-25;-21;-30;-23;-33;-25;-36;-25;-37;-23;-36;-22;-35;112;0;0;-22;0;-22;0;-21;1;-20;1;-20;1;-19;1;-19;0;-19;0;-19;-1;-18;-1;-17;-1;-16;-1;-16;-1;-16;-1;-17;-1;-16;-1;-16;-1;-15;-1;-14;-1;-14;0;-14;0;-14;0;-14;0;-13;0;-13;0;-13;0;-12;1;-12;0;-4;0;-2;-1;0;0;0;0;0;-1;-1;-1;-3;-2;-8;-2;-9;-1;-9;-1;-10;-1;-10;-2;-11;-2;-11;-1;-11;-1;-12;0;-12;0;-13;0;-14;0;-15;0;-15;0;-15;0;-15;0;-16;1;-16;1;-17;1;-18;1;-19;0;-19;0;-19;0;-20;0;-20;1;-21;1;-21;2;-22;112;0;-23;-4;-23;-4;-24;-4;-23;-4;-23;-4;-22;-4;-21;-3;-20;-2;-20;-1;-20;-1;-20;-1;-20;-1;-20;-1;-20;-1;-19;-1;-19;-1;-19;-1;-20;-1;-20;-1;-20;-2;-19;-3;-18;-3;-18;-4;-17;-4;-17;-4;-17;-5;-17;-5;-17;-6;-6;-3;-2;-1;0;0;0;-1;0;0;-1;0;-4;0;-9;1;-9;0;-10;0;-10;0;-10;-1;-11;-1;-12;-1;-13;-1;-14;-2;-14;-2;-15;-3;-15;-4;-15;-4;-15;-4;-16;-4;-17;-4;-17;-5;-17;-5;-18;-5;-18;-5;-18;-4;-19;-4;-20;-4;-22;-4;-22;-4;-23;-4;-23;-5;-23;-5,stable,EXP_S041,ZONE_01,entree_zone,4.7,entree_zone,entree dans la zone
494172847,-52,6,a0:9f:7a:73:2b:3e,384,-110;-96;8;0;15;9;9;4;2;-1;-4;-6;-9;-11;-13;-16;-17;-20;-20;-23;-22;-24;-23;-26;-23;-26;-22;-26;-21;-24;-19;-22;-16;-19;-13;-15;-11;-10;-8;-5;-5;0;-3;5;-2;10;-1;15;0;18;0;22;0;24;0;6;0;0;0;0;0;0;0;0;0;0;0;0;0;0;0;0;0;0;-2;0;-7;2;-10;3;-13;3;-16;4;-19;4;-21;4;-23;3;-25;2;-25;1;-24;0;-22;-1;-18;-1;-14;-1;-9;0;-4;1;2;2;8;4;14;6;20;8;26;11;30;13;33;15;35;16;35;18;35;18;33;17;110;0;5;19;5;18;4;17;4;17;4;16;4;16;4;16;5;15;5;15;5;14;5;14;5;13;5;13;5;13;5;13;5;13;5;13;5;12;4;12;4;11;4;11;3;11;3;11;3;11;3;10;3;10;2;10;2;9;0;3;0;1;-1;-1;-1;-1;-1;-1;0;0;1;2;2;6;2;7;2;7;2;7;2;8;2;8;3;8;3;9;3;9;2;10;2;11;2;11;2;12;2;12;2;12;2;12;2;13;2;13;2;14;2;15;3;15;3;16;4;16;4;16;4;17;4;17;4;18;4;18;110;0;21;-4;21;-4;21;-4;21;-4;20;-4;19;-4;19;-5;18;-5;17;-5;17;-6;17;-6;17;-6;17;-6;16;-6;16;-6;16;-6;16;-6;16;-6;16;-6;16;-5;16;-5;16;-4;15;-4;15;-4;15;-3;15;-3;15;-2;15;-1;5;-1;1;0;-1;0;-1;0;-1;0;0;-1;2;-2;7;-3;7;-3;8;-3;8;-3;9;-3;9;-3;10;-3;11;-2;11;-2;12;-2;13;-1;13;-1;13;-1;14;-1;14;-1;15;-1;15;-1;16;-1;16;-1;16;-1;17;-1;17;-2;18;-2;19;-2;20;-3;20;-3;21;-3;21;-3,stable,EXP_S041,ZONE_01,entree_zone,4.7,entree_zone,entree dans la zone
494375326,-52,6,a0:9f:7a:73:2b:3e,384,-110;-96;8;0;16;7;9;3;2;-1;-4;-6;-10;-10;-16;-13;-20;-17;-24;-19;-26;-21;-27;-22;-27;-23;-27;-22;-25;-21;-23;-19;-20;-16;-16;-13;-12;-9;-9;-4;-5;1;-2;6;1;10;3;14;4;18;5;21;6;23;1;6;0;0;0;0;0;0;0;0;0;0;0;0;0;0;0;0;0;0;-2;0;-7;2;-10;2;-13;3;-16;3;-19;4;-22;4;-24;4;-25;3;-25;2;-24;1;-22;0;-19;-1;-14;-1;-9;0;-4;0;2;2;8;3;15;5;21;6;26;8;31;10;35;12;37;14;38;15;36;15;35;15;101;0;7;18;7;18;7;17;7;17;6;16;7;16;7;15;7;15;7;14;7;13;7;13;7;13;7;13;7;13;7;13;7;12;7;12;7;12;6;11;6;11;5;11;5;11;5;10;5;10;5;10;5;10;4;10;3;9;1;3;0;1;-1;-1;-1;-1;-1;-1;0;0;1;2;3;6;3;6;3;7;3;7;3;8;3;8;4;8;4;9;4;9;4;10;4;11;4;11;4;12;4;12;4;12;4;12;4;13;4;13;4;14;5;15;5;15;6;15;6;16;6;16;6;16;6;17;6;18;6;18;101;0;20;-7;20;-7;20;-7;20;-7;19;-7;19;-7;18;-7;17;-8;17;-8;17;-8;16;-8;16;-9;16;-8;16;-8;16;-8;15;-8;15;-8;15;-8;16;-8;15;-8;15;-7;15;-6;15;-6;14;-6;14;-5;15;-5;15;-4;15;-3;5;-1;1;-1;-1;0;-1;0;-1;0;0;-1;2;-2;7;-4;7;-4;8;-4;8;-4;9;-4;9;-4;10;-4;11;-4;11;-3;12;-3;13;-3;13;-3;13;-3;14;-3;14;-3;15;-3;15;-3;16;-3;16;-3;16;-3;17;-3;17;-4;18;-5;19;-5;20;-5;20;-5;21;-5;21;-5,stable,EXP_S041,ZONE_01,entree_zone,4.7,entree_zone,entree dans la zone
494574906,-52,6,a0:9f:7a:73:2b:3e,384,-110;-96;8;0;-19;4;-11;3;-2;2;5;2;13;2;19;2;25;2;29;2;32;2;33;2;33;3;33;3;31;3;28;2;24;2;19;1;14;-1;8;-2;3;-4;-2;-7;-7;-9;-11;-12;-14;-14;-16;-16;-17;-18;-5;-5;0;0;0;0;0;0;0;0;0;0;0;0;0;0;0;0;0;0;0;-2;3;-7;4;-9;6;-12;8;-14;10;-16;11;-18;13;-19;15;-19;16;-19;16;-17;15;-15;13;-13;10;-10;6;-7;1;-4;-4;-1;-10;2;-16;5;-21;8;-27;10;-32;11;-35;12;-38;12;-40;11;-39;10;-37;9;106;0;-20;-6;-19;-5;-19;-5;-18;-5;-17;-6;-17;-6;-17;-5;-17;-5;-17;-4;-16;-3;-15;-3;-15;-3;-15;-3;-15;-3;-15;-3;-15;-3;-15;-3;-14;-2;-13;-3;-13;-3;-12;-3;-12;-3;-12;-3;-12;-3;-12;-3;-12;-3;-11;-3;-10;-3;-4;-2;-1;-1;0;0;0;0;0;0;-1;-1;-3;-1;-8;-2;-8;-2;-8;-2;-9;-3;-9;-3;-9;-3;-10;-3;-10;-3;-10;-3;-11;-4;-11;-4;-12;-4;-13;-5;-13;-4;-13;-4;-13;-4;-13;-5;-14;-5;-15;-6;-15;-6;-16;-6;-17;-5;-17;-5;-17;-5;-18;-6;-18;-7;-18;-7;-19;-7;106;0;-9;19;-9;20;-9;20;-9;20;-8;19;-8;18;-7;18;-6;17;-6;17;-5;18;-5;18;-5;18;-5;18;-5;17;-5;17;-5;17;-5;17;-5;17;-5;17;-6;17;-6;16;-6;15;-6;15;-6;14;-6;14;-7;14;-8;14;-9;13;-4;4;-2;1;0;-1;0;-1;0;-1;-1;0;-1;2;-2;8;-3;8;-3;8;-3;8;-4;8;-4;9;-4;10;-5;10;-5;11;-6;11;-7;11;-7;11;-7;12;-7;12;-8;13;-8;13;-9;13;-9;13;-9;14;-9;14;-9;15;-9;16;-9;17;-9;18;-10;18;-10;19;-10;19;-10;19,stable,EXP_S041,ZONE_01,entree_zone,4.7,entree_zone,entree dans la zone
494776696,-52,6,a0:9f:7a:73:2b:3e,384,-110;-96;8;0;-8;17;-4;10;1;3;6;-4;10;-10;15;-15;18;-19;21;-22;23;-24;23;-26;24;-26;24;-25;23;-23;21;-21;18;-18;14;-15;9;-12;4;-8;-1;-6;-7;-4;-12;-2;-16;-1;-20;0;-24;0;-26;0;-7;-1;0;0;0;0;0;0;0;0;0;0;0;0;0;0;0;0;0;0;-1;-2;-5;-6;-6;-9;-7;-12;-9;-15;-9;-18;-10;-21;-10;-23;-9;-24;-8;-25;-7;-24;-6;-22;-4;-19;-3;-15;-3;-9;-2;-4;-3;3;-4;9;-5;16;-6;22;-8;28;-10;32;-12;36;-13;39;-13;40;-14;39;-13;37;115;0;-20;6;-20;5;-19;5;-19;5;-18;5;-18;5;-17;5;-17;5;-16;5;-15;5;-15;5;-15;5;-14;5;-14;5;-14;5;-14;5;-14;5;-14;5;-13;4;-13;4;-13;3;-12;3;-12;3;-12;3;-12;3;-12;2;-11;2;-11;1;-4;0;-2;0;0;-1;0;-1;0;-1;-1;0;-3;1;-7;4;-7;4;-8;3;-8;3;-9;4;-9;4;-9;4;-10;4;-10;4;-11;4;-12;4;-12;4;-13;4;-13;4;-13;4;-14;4;-14;4;-14;4;-15;4;-16;4;-16;4;-17;5;-17;5;-18;5;-18;5;-19;5;-19;5;-20;5;115;0;4;22;4;22;4;21;4;21;4;20;4;20;4;19;5;19;5;18;5;18;5;18;6;18;6;17;5;17;5;17;5;17;5;17;5;17;5;17;4;17;4;17;3;17;3;16;2;16;1;16;1;16;0;16;-1;16;-1;5;-1;1;-1;-1;-1;-1;-1;-1;0;0;1;2;4;7;4;7;3;8;3;8;3;9;3;10;3;10;3;11;3;12;3;13;2;13;2;14;2;14;2;14;2;15;2;15;2;16;2;16;2;17;2;17;2;18;2;18;3;19;3;20;3;21;3;21;4;21;4;22,stable,EXP_S041,ZONE_01,entree_zone,4.7,entree_zone,entree dans la zone
494974749,-52,6,a0:9f:7a:73:2b:3e,384,-110;-96;8;0;5;-18;2;-11;-1;-3;-5;4;-9;11;-12;16;-15;21;-17;24;-18;26;-18;28;-19;29;-19;29;-18;27;-17;24;-14;20;-11;16;-7;12;-3;8;1;4;6;0;10;-3;13;-6;17;-8;20;-9;23;-9;5;-3;0;0;0;0;0;0;0;0;0;0;0;0;0;0;0;0;0;0;0;1;3;6;4;8;5;11;6;14;6;17;6;20;6;22;5;24;4;24;4;23;3;21;2;18;1;14;1;8;1;3;1;-4;2;-10;3;-16;4;-23;6;-29;7;-34;9;-37;9;-39;10;-40;10;-40;10;-39;113;0;15;-13;15;-13;15;-13;14;-12;14;-12;14;-12;13;-12;13;-12;12;-12;11;-12;11;-11;10;-11;10;-11;10;-11;10;-11;10;-11;10;-11;10;-11;9;-10;9;-9;9;-9;9;-9;9;-9;9;-9;9;-8;9;-8;8;-7;8;-7;3;-3;0;-1;-1;0;-1;0;-1;0;0;-1;1;-2;4;-6;5;-6;5;-6;6;-7;6;-7;6;-7;6;-7;7;-8;7;-8;8;-8;9;-8;9;-8;10;-9;10;-9;10;-9;10;-9;11;-9;11;-9;12;-9;12;-10;13;-11;13;-11;13;-12;13;-12;14;-12;15;-12;15;-12;16;-12;113;0;-12;-19;-12;-19;-12;-19;-12;-19;-12;-18;-12;-17;-12;-17;-12;-16;-12;-15;-12;-15;-12;-15;-12;-15;-12;-15;-12;-14;-12;-14;-12;-14;-12;-14;-12;-14;-12;-15;-11;-15;-11;-15;-10;-15;-10;-14;-9;-14;-9;-14;-8;-15;-7;-15;-7;-15;-3;-6;-1;-2;0;0;0;0;0;0;-1;-1;-3;-2;-6;-6;-6;-7;-6;-7;-6;-8;-6;-8;-6;-9;-7;-9;-7;-10;-7;-11;-7;-12;-7;-12;-7;-13;-7;-13;-7;-14;-7;-14;-7;-15;-7;-15;-7;-16;-8;-16;-8;-16;-8;-16;-9;-16;-10;-17;-10;-18;-11;-19;-11;-19;-11;-19;-11;-19,stable,EXP_S041,ZONE_01,entree_zone,4.7,entree_zone,entree dans la zone
495172928,-52,6,a0:9f:7a:73:2b:3e,384,-110;-96;8;0;-6;-19;-5;-11;-4;-3;-3;6;-2;13;-1;20;-1;25;-1;29;-1;32;-2;34;-2;34;-2;34;-2;32;-1;28;-1;24;0;20;1;14;2;8;4;2;5;-3;7;-8;10;-12;12;-15;14;-18;16;-19;4;-5;0;0;0;0;0;0;0;0;0;0;0;0;0;0;0;0;0;0;1;0;6;3;8;4;11;6;13;8;15;10;17;11;19;13;19;15;19;16;17;16;15;15;12;13;9;10;6;6;3;1;0;-4;-3;-10;-6;-16;-9;-21;-12;-27;-14;-32;-15;-35;-15;-38;-14;-40;-13;-39;-12;-38;112;0;1;-21;1;-20;2;-19;2;-19;2;-18;2;-18;1;-18;0;-18;-1;-17;-1;-16;-1;-16;-1;-15;-1;-15;-1;-15;-1;-16;-1;-15;-2;-15;-2;-14;-2;-14;-1;-13;-1;-13;-1;-13;-1;-13;-1;-12;-1;-12;-1;-12;-1;-11;0;-11;0;-4;0;-2;0;0;-1;0;-1;0;0;-1;0;-3;0;-8;1;-8;1;-8;1;-9;1;-9;1;-10;1;-10;1;-10;2;-11;2;-11;2;-12;3;-12;3;-13;2;-13;2;-14;2;-14;3;-14;3;-14;3;-15;3;-16;3;-17;3;-17;2;-18;2;-18;2;-18;3;-19;3;-20;3;-20;112;0;-22;-6;-22;-6;-22;-6;-22;-6;-21;-5;-21;-5;-20;-4;-19;-3;-19;-2;-19;-2;-19;-1;-19;-1;-19;-1;-19;-1;-19;-1;-19;-1;-19;-1;-19;-1;-19;-1;-18;-1;-18;-2;-17;-2;-17;-2;-16;-2;-16;-3;-16;-3;-16;-4;-16;-5;-6;-2;-2;-1;0;0;0;0;0;0;-1;-1;-3;-1;-9;-2;-9;-3;-9;-3;-9;-3;-10;-4;-10;-4;-11;-4;-12;-5;-13;-5;-13;-6;-13;-6;-13;-7;-13;-7;-14;-7;-14;-7;-15;-8;-15;-8;-15;-8;-16;-8;-16;-8;-17;-7;-18;-7;-19;-7;-20;-7;-20;-7;-21;-8;-21;-8;-21;-7,stable,EXP_S041,ZONE_01,entree_zone,4.7,entree_zone,entree dans la zone
495372634,-52,6,a0:9f:7a:73:2b:3e,384,-110;-96;8;0;19;-6;10;-4;1;-3;-8;-2;-16;-1;-23;-1;-28;0;-33;0;-36;0;-38;1;-38;1;-37;0;-35;0;-32;0;-27;0;-22;0;-16;1;-9;2;-3;4;3;6;8;8;13;10;17;11;19;13;21;15;5;4;0;0;0;0;0;0;0;0;0;0;0;0;0;0;0;0;0;0;-1;1;-4;7;-6;9;-8;12;-10;15;-12;17;-14;19;-16;20;-18;20;-19;19;-18;18;-17;16;-15;13;-11;10;-7;6;-2;2;4;-1;10;-5;16;-8;22;-10;28;-13;34;-14;38;-15;40;-16;41;-16;40;-15;39;-14;115;0;18;11;18;11;17;11;16;10;16;10;16;10;15;9;15;9;15;8;15;7;15;7;14;7;14;6;14;6;14;6;14;6;14;6;13;6;12;6;12;6;12;6;11;6;11;6;11;5;11;5;10;5;10;6;9;6;3;2;0;0;-1;-1;-1;-1;-1;-1;0;0;2;1;7;3;7;3;7;4;8;4;8;4;8;5;9;5;9;5;9;6;10;6;10;7;11;7;11;7;11;8;12;8;12;8;12;8;12;9;13;9;13;10;14;10;15;10;15;10;16;10;16;11;17;11;17;11;17;11;115;0;14;-19;14;-19;14;-19;14;-19;13;-19;12;-18;12;-18;11;-18;10;-18;9;-18;9;-18;9;-18;8;-18;8;-18;8;-18;9;-18;9;-18;9;-18;9;-17;10;-17;10;-16;9;-16;9;-15;9;-15;10;-14;10;-14;11;-13;12;-13;4;-5;1;-2;-1;0;-1;0;-1;0;0;-1;1;-3;3;-9;4;-9;4;-9;5;-9;5;-9;6;-10;6;-10;7;-10;8;-11;9;-11;9;-11;10;-11;10;-12;10;-12;11;-12;11;-12;12;-13;12;-13;12;-13;13;-14;13;-14;13;-15;14;-16;14;-17;14;-18;14;-18;14;-19;14;-19,stable,EXP_S041,ZONE_01,entree_zone,4.7,entree_zone,entree dans la zone
495573574,-52,6,a0:9f:7a:73:2b:3e,384,-110;-96;8;0;12;-12;6;-7;-1;-3;-8;1;-14;5;-19;8;-24;10;-27;12;-29;13;-31;14;-31;14;-31;14;-29;13;-26;11;-22;10;-17;8;-12;7;-6;5;0;4;5;3;10;3;14;3;18;3;21;4;23;4;6;1;0;0;0;0;0;0;0;0;0;0;0;0;0;0;0;0;0;0;-1;1;-1;7;-1;10;-2;13;-3;16;-4;18;-5;21;-6;22;-7;23;-8;22;-9;21;-9;19;-8;15;-6;12;-3;7;0;2;3;-3;7;-8;11;-13;15;-18;19;-22;22;-25;25;-27;27;-28;28;-28;28;-27;27;-26;114;0;39;2;38;2;36;2;35;2;34;3;34;2;33;2;33;0;32;-1;31;-2;30;-3;29;-3;28;-3;28;-3;29;-3;28;-3;28;-4;27;-4;25;-3;24;-3;23;-2;23;-2;23;-2;23;-2;22;-2;22;-2;21;-1;20;0;7;0;2;0;-1;0;-1;0;-1;-1;1;-1;5;-1;15;0;15;0;16;1;17;1;18;1;18;1;19;1;20;1;20;2;21;3;23;3;24;4;25;4;25;3;26;3;26;4;27;4;28;5;29;5;30;5;32;4;33;4;34;3;35;3;36;3;36;4;37;4;38;4;114;0;5;-43;5;-43;5;-43;5;-43;4;-41;4;-40;3;-39;1;-38;0;-38;-2;-37;-2;-37;-3;-37;-3;-37;-3;-36;-3;-36;-3;-36;-3;-36;-2;-36;-2;-36;-1;-35;0;-34;0;-33;1;-33;1;-32;1;-32;2;-32;4;-32;5;-32;2;-12;0;-4;-1;0;0;0;-1;0;-1;-2;-1;-6;-1;-16;0;-17;1;-18;1;-18;2;-19;2;-20;3;-21;4;-23;4;-24;6;-25;7;-26;7;-26;7;-27;8;-28;8;-29;8;-30;9;-31;9;-31;10;-32;9;-33;9;-34;8;-35;8;-37;8;-39;8;-41;8;-42;7;-42;7;-42,stable,EXP_S041,ZONE_01,entree_zone,4.7,entree_zone,entree dans la zone
495774015,-52,6,a0:9f:7a:73:2b:3e,384,-110;-96;8;0;9;16;5;8;1;0;-2;-8;-5;-16;-7;-22;-9;-27;-11;-31;-12;-34;-13;-35;-13;-35;-13;-35;-12;-33;-11;-29;-9;-25;-8;-19;-7;-14;-6;-7;-5;-1;-5;5;-5;11;-5;16;-5;20;-5;23;-6;25;-2;6;0;0;0;0;0;0;0;0;0;0;0;0;0;0;0;0;0;0;-2;-1;-9;-3;-11;-4;-14;-6;-17;-8;-20;-9;-21;-11;-23;-13;-23;-14;-22;-15;-21;-15;-18;-14;-15;-13;-11;-10;-7;-6;-2;-1;2;4;6;9;10;14;15;20;18;25;21;29;23;33;24;35;24;36;23;35;22;34;96;0;-10;20;-10;19;-10;19;-9;18;-9;17;-9;17;-8;17;-8;16;-7;16;-7;16;-6;15;-6;15;-6;15;-6;15;-6;15;-6;14;-6;14;-6;13;-6;13;-6;12;-6;12;-6;12;-6;11;-6;11;-6;11;-6;10;-6;10;-7;10;-3;3;-1;1;0;-1;0;-1;0;-1;-1;0;-1;2;-2;8;-2;8;-3;8;-3;9;-4;9;-4;9;-4;10;-4;10;-5;11;-5;11;-5;11;-6;12;-6;12;-6;13;-7;13;-7;13;-7;14;-7;14;-8;15;-8;15;-8;16;-9;16;-9;17;-9;18;-9;18;-9;19;-9;19;-10;19;96;0;20;11;20;11;20;10;19;10;19;9;19;9;18;8;18;8;18;7;18;7;18;6;18;6;18;6;18;6;18;6;18;6;17;6;17;6;17;7;16;7;16;7;15;7;15;8;14;8;14;8;14;9;13;10;12;10;4;3;1;1;-1;-1;-1;-1;-1;-1;0;0;2;0;8;1;8;1;8;2;9;2;9;3;10;3;10;3;11;4;11;5;12;6;12;6;12;7;12;7;12;8;13;8;13;8;13;9;14;9;14;9;15;9;15;9;16;9;17;10;18;10;18;10;19;10;19;10;20;10,stable,EXP_S041,ZONE_01,entree_zone,4.7,entree_zone,entree dans la zone
495972470,-52,6,a0:9f:7a:73:2b:3e,384,-110;-96;8;0;13;-11;6;-7;-2;-3;-9;1;-16;4;-22;7;-27;9;-31;11;-33;11;-34;12;-34;12;-33;12;-31;11;-28;10;-23;9;-18;7;-12;6;-6;5;0;5;6;4;11;4;16;5;20;5;23;6;25;7;6;2;0;0;0;0;0;0;0;0;0;0;0;0;0;0;0;0;0;0;-1;1;-1;8;-2;11;-3;14;-4;17;-5;20;-7;22;-8;23;-9;24;-10;23;-11;21;-10;19;-9;15;-7;11;-4;6;0;1;4;-4;9;-9;13;-13;18;-18;22;-22;26;-25;29;-27;32;-28;33;-27;32;-26;31;-24;108;0;21;1;20;1;19;1;18;1;18;2;18;2;18;1;18;1;17;0;16;-1;16;-1;15;-1;15;-1;15;0;15;-1;15;-1;15;-1;14;-1;13;-1;13;-1;12;0;12;0;12;0;12;0;12;0;11;0;11;0;10;1;3;0;1;0;-1;0;-1;0;-1;-1;0;-1;2;-1;8;-1;8;0;9;0;9;0;9;0;10;0;10;0;10;0;10;1;11;1;12;2;12;2;13;2;13;2;13;2;14;2;14;2;14;2;15;3;16;2;17;2;17;1;18;1;18;1;18;2;19;2;20;2;20;2;108;0;2;-23;2;-24;2;-24;2;-23;2;-23;1;-22;1;-21;0;-20;-1;-20;-1;-20;-2;-20;-2;-20;-1;-20;-1;-20;-2;-19;-2;-19;-2;-19;-2;-19;-1;-19;-1;-19;0;-19;0;-18;1;-18;1;-17;1;-17;2;-17;3;-17;3;-17;1;-7;0;-2;-1;0;0;0;-1;0;-1;-1;-1;-3;-1;-9;-1;-9;-1;-9;0;-10;0;-10;0;-11;0;-12;0;-13;1;-14;2;-14;2;-14;3;-14;3;-15;3;-15;3;-16;4;-16;4;-17;4;-17;4;-17;4;-18;3;-18;3;-19;3;-20;3;-21;3;-22;3;-22;3;-23;3;-23,stable,EXP_S041,ZONE_01,entree_zone,4.7,entree_zone,entree dans la zone
496172625,-52,6,a0:9f:7a:73:2b:3e,384,-110;-96;8;0;14;-6;7;-6;-1;-6;-9;-7;-16;-8;-21;-9;-26;-11;-29;-12;-31;-13;-32;-13;-32;-14;-31;-14;-28;-14;-25;-13;-21;-11;-17;-8;-13;-5;-9;-1;-6;4;-3;8;-1;12;1;16;2;19;2;22;1;24;0;6;0;0;0;0;0;0;0;0;0;0;0;0;0;0;0;0;0;0;0;2;1;9;1;11;0;14;0;17;-1;19;-3;21;-4;22;-5;22;-6;21;-7;19;-7;17;-6;13;-4;10;-1;6;3;1;7;-3;11;-7;17;-10;22;-12;26;-15;30;-16;34;-16;35;-16;36;-16;35;-14;33;-13;109;0;14;11;13;11;13;11;12;11;12;10;12;10;12;9;12;9;12;8;11;8;11;7;11;7;10;7;10;7;10;7;10;7;10;7;10;7;10;6;9;6;9;6;8;6;8;6;8;6;7;6;7;6;7;6;6;7;2;2;0;0;-1;-1;-1;-1;-1;-1;0;0;2;1;6;4;6;4;6;4;6;4;6;5;6;5;7;5;7;5;7;6;7;6;8;7;8;7;8;7;8;8;8;8;9;8;9;8;9;9;9;9;10;9;10;9;11;10;11;10;12;10;12;10;12;11;13;11;13;12;109;0;14;-19;14;-19;13;-19;13;-19;12;-18;12;-18;11;-18;11;-18;10;-18;10;-17;10;-17;9;-17;9;-17;9;-17;9;-17;9;-17;9;-17;9;-16;10;-16;10;-15;10;-15;10;-14;10;-14;10;-13;11;-13;11;-12;12;-11;12;-11;4;-4;1;-2;-1;0;-1;0;-1;0;0;-1;0;-3;2;-8;2;-8;3;-8;3;-9;4;-9;4;-10;4;-10;5;-10;6;-11;6;-11;7;-12;8;-12;8;-12;9;-12;9;-12;10;-13;10;-13;10;-13;11;-14;11;-14;11;-15;11;-16;12;-16;12;-17;13;-18;13;-18;13;-19;13;-19,stable,EXP_S041,ZONE_01,entree_zone,4.7,entree_zone,entree dans la zone
496375483,-52,6,a0:9f:7a:73:2b:3e,384,-110;-96;8;0;-19;-4;-13;0;-6;4;-1;9;4;14;7;19;9;23;11;27;11;29;11;31;11;31;9;31;8;29;6;27;5;23;4;18;4;13;5;8;6;3;8;-2;10;-6;13;-9;15;-11;18;-13;20;-13;5;-4;0;0;0;0;0;0;0;0;0;0;0;0;0;0;0;0;0;0;0;-2;1;-9;2;-11;2;-14;4;-16;5;-19;7;-20;8;-21;10;-21;11;-20;11;-19;10;-17;9;-14;6;-12;2;-9;-2;-6;-7;-4;-13;-3;-18;-2;-24;-1;-29;-2;-34;-2;-37;-4;-39;-5;-40;-7;-38;-8;-37;-9;113;0;-6;-17;-6;-16;-6;-16;-5;-15;-5;-15;-5;-15;-5;-15;-6;-14;-6;-14;-6;-13;-6;-13;-6;-12;-6;-12;-6;-12;-6;-12;-6;-12;-6;-12;-6;-11;-5;-11;-5;-11;-5;-11;-4;-11;-4;-10;-4;-10;-4;-10;-4;-10;-3;-10;-3;-10;-1;-4;-1;-2;0;0;0;0;0;0;-1;-1;-1;-3;-3;-7;-3;-7;-3;-7;-2;-7;-3;-8;-3;-8;-3;-8;-3;-8;-3;-9;-3;-9;-3;-10;-3;-10;-3;-10;-3;-11;-4;-11;-4;-11;-3;-12;-3;-12;-3;-13;-4;-13;-4;-14;-4;-14;-5;-14;-5;-15;-5;-15;-6;-16;-6;-16;-6;-17;113;0;-24;6;-24;6;-23;6;-23;6;-22;6;-22;6;-21;6;-20;6;-20;6;-19;7;-19;7;-19;7;-19;7;-18;7;-18;7;-18;7;-18;7;-18;6;-18;6;-18;5;-17;5;-17;5;-17;4;-17;4;-17;3;-17;3;-17;2;-17;1;-6;0;-2;0;0;-1;0;-1;0;-1;-1;0;-3;1;-8;4;-8;4;-9;4;-10;3;-10;3;-11;3;-12;3;-13;3;-13;3;-14;3;-15;3;-15;3;-16;2;-16;2;-17;2;-17;2;-18;2;-18;2;-19;2;-19;3;-20;3;-20;4;-21;4;-22;4;-22;5;-23;5;-23;5;-24;6,stable,EXP_S041,ZONE_01,entree_zone,4.7,entree_zone,entree dans la zone
496572619,-51,6,a0:9f:7a:73:2b:3e,384,-110;-96;8;0;-4;17;-1;11;4;5;8;0;13;-5;17;-8;21;-11;25;-12;27;-13;29;-13;29;-12;29;-11;28;-10;25;-8;22;-7;18;-6;13;-5;8;-6;2;-6;-2;-8;-6;-10;-9;-12;-12;-14;-13;-17;-14;-19;-4;-5;0;0;0;0;0;0;0;0;0;0;0;0;0;0;0;0;0;0;-2;-1;-8;-3;-10;-3;-13;-4;-15;-5;-17;-7;-19;-8;-20;-9;-20;-11;-20;-12;-18;-12;-16;-11;-14;-10;-11;-7;-9;-4;-7;0;-5;5;-3;10;-2;16;-1;21;-1;27;-2;31;-3;34;-5;36;-6;37;-7;36;-8;34;114;0;-14;9;-14;9;-13;8;-13;8;-13;7;-13;7;-13;8;-12;8;-12;8;-11;8;-10;8;-10;7;-10;7;-10;7;-10;7;-10;7;-10;7;-9;7;-9;7;-9;6;-9;5;-9;5;-9;5;-9;5;-9;5;-8;5;-8;4;-8;4;-3;1;-1;0;0;-1;0;-1;0;-1;-1;0;-2;1;-5;3;-6;3;-6;3;-6;3;-6;3;-6;4;-6;4;-6;4;-7;3;-8;4;-8;4;-9;4;-9;5;-9;5;-9;5;-9;5;-10;5;-10;5;-11;5;-11;6;-12;7;-12;7;-12;8;-12;8;-13;7;-13;7;-14;7;-14;7;114;0;10;19;10;19;10;19;10;19;10;19;9;18;9;17;10;16;10;15;10;15;10;15;10;15;10;15;10;14;10;14;10;14;10;14;10;14;9;14;9;14;8;14;8;14;7;14;7;13;6;13;6;13;5;14;4;14;1;5;0;1;-1;-1;-1;-1;-1;-1;0;0;2;2;5;6;5;6;5;7;5;7;5;8;6;8;6;9;6;10;6;11;6;12;6;12;6;12;6;13;6;13;6;13;6;14;6;15;6;15;6;16;6;16;7;16;8;16;9;17;9;18;9;19;9;19;10;20;10;20,stable,EXP_S041,ZONE_01,entree_zone,4.7,entree_zone,entree dans la zone
496774663,-52,6,a0:9f:7a:73:2b:3e,384,-110;-96;8;0;15;11;11;4;7;-2;5;-9;3;-16;2;-22;2;-27;3;-31;3;-33;4;-35;5;-35;6;-34;7;-32;7;-29;6;-25;5;-20;3;-15;-1;-11;-5;-7;-9;-4;-13;-2;-17;0;-20;1;-23;0;-25;-1;-7;-1;0;0;0;0;0;0;0;0;0;0;0;0;0;0;0;0;0;0;-2;1;-5;7;-6;9;-8;11;-10;13;-12;15;-15;16;-17;16;-18;16;-19;15;-18;13;-17;11;-15;10;-11;8;-6;7;-1;6;4;6;10;7;16;8;21;10;26;13;30;16;32;18;34;20;34;21;32;22;30;23;120;0;2;17;2;16;1;16;1;15;0;15;0;15;1;15;1;15;2;14;2;14;2;13;2;13;1;13;1;13;1;13;1;13;2;12;2;12;1;11;1;10;0;10;0;10;0;10;0;10;0;10;0;10;-1;9;-1;9;-1;3;-1;0;-1;-1;-1;-1;-1;-1;0;0;0;2;1;6;1;6;1;6;1;7;1;7;1;7;1;7;1;7;1;8;0;8;0;9;0;9;1;10;1;10;1;10;1;11;0;11;0;11;0;12;0;13;1;14;1;14;2;14;2;14;1;15;1;15;1;16;1;16;120;0;24;-2;24;-2;24;-2;24;-1;23;-1;22;-1;21;-1;21;-2;20;-3;20;-3;20;-3;20;-3;20;-3;19;-3;19;-3;19;-3;19;-2;19;-2;19;-2;19;-1;18;0;18;0;17;0;17;1;16;1;16;2;16;3;16;4;5;1;1;0;-1;-1;-1;0;-1;0;0;-1;2;-2;8;-4;8;-4;9;-4;9;-4;10;-4;10;-4;11;-3;12;-3;13;-3;14;-2;14;-2;15;-1;15;-1;16;-1;16;-1;17;-1;18;-1;18;0;18;0;19;0;19;-1;20;-1;21;-2;22;-2;23;-1;24;-1;24;-1;24;-1,stable,EXP_S041,ZONE_01,entree_zone,4.7,entree_zone,entree dans la zone
496976503,-52,6,a0:9f:7a:73:2b:3e,384,-110;-96;8;0;-17;9;-9;7;-1;7;6;7;13;8;19;9;24;10;27;12;29;13;30;14;30;15;28;16;26;15;24;14;20;13;16;10;13;6;9;2;6;-3;4;-8;3;-12;2;-16;3;-20;4;-23;5;-24;1;-7;0;0;0;0;0;0;0;0;0;0;0;0;0;0;0;0;0;0;-1;-2;-5;-9;-5;-11;-6;-13;-7;-16;-7;-19;-7;-21;-6;-23;-5;-24;-3;-24;-2;-22;-2;-20;-1;-17;-2;-13;-3;-9;-5;-4;-8;1;-12;6;-15;10;-20;14;-24;17;-28;20;-31;21;-33;21;-35;20;-35;18;-34;17;115;0;-18;-5;-17;-5;-16;-5;-16;-5;-15;-5;-15;-5;-15;-5;-15;-4;-15;-4;-15;-3;-14;-3;-13;-3;-13;-3;-13;-3;-14;-3;-14;-3;-13;-2;-13;-2;-12;-2;-12;-2;-11;-3;-11;-3;-11;-3;-11;-3;-11;-3;-11;-3;-10;-3;-10;-3;-4;-2;-1;-1;0;0;0;0;0;0;-1;-1;-3;-1;-7;-3;-7;-3;-7;-3;-7;-4;-7;-4;-8;-3;-8;-3;-8;-4;-8;-4;-9;-4;-9;-5;-10;-5;-10;-5;-11;-5;-11;-5;-11;-5;-11;-5;-11;-5;-12;-6;-13;-6;-14;-6;-14;-5;-15;-5;-15;-5;-15;-6;-16;-6;-16;-7;-17;-7;115;0;-9;22;-9;22;-9;22;-9;22;-8;21;-8;20;-7;20;-6;20;-6;20;-5;20;-5;20;-5;19;-5;19;-5;19;-5;18;-4;18;-4;18;-4;18;-5;18;-5;18;-5;17;-6;17;-6;16;-6;15;-6;15;-7;15;-7;14;-8;14;-3;5;-1;1;0;-1;0;-1;0;-1;-1;0;-1;3;-2;8;-2;8;-3;9;-3;9;-3;9;-4;10;-4;11;-5;12;-5;12;-6;13;-7;13;-7;13;-7;13;-8;14;-8;14;-8;15;-9;15;-9;15;-9;16;-9;16;-9;17;-9;18;-9;19;-9;20;-10;21;-10;21;-10;21;-10;22,stable,EXP_S041,ZONE_01,entree_zone,4.7,entree_zone,entree dans la zone
497173814,-52,6,a0:9f:7a:73:2b:3e,384,-110;-96;8;0;19;-4;11;-5;4;-8;-3;-11;-9;-14;-14;-17;-18;-21;-20;-23;-21;-26;-22;-28;-21;-28;-20;-28;-18;-27;-16;-25;-13;-22;-11;-18;-10;-13;-8;-7;-8;-2;-8;3;-9;8;-11;12;-13;15;-15;17;-17;18;-5;4;0;0;0;0;0;0;0;0;0;0;0;0;0;0;0;0;0;0;0;2;1;8;1;11;1;14;1;16;0;19;0;21;-2;23;-3;23;-4;23;-5;22;-5;19;-5;16;-3;13;0;9;3;5;7;1;12;-2;17;-5;23;-8;28;-9;33;-10;36;-10;39;-9;40;-7;39;-6;38;-5;116;0;13;11;12;11;12;10;11;10;11;10;11;10;11;10;11;9;11;8;11;7;11;7;10;7;10;7;10;7;11;7;11;7;10;6;10;6;9;6;9;6;8;6;8;6;8;6;8;6;8;6;8;5;7;5;7;6;2;2;0;0;-1;-1;-1;-1;-1;-1;0;0;1;1;4;4;4;4;4;5;4;5;4;5;5;5;5;5;5;5;5;6;5;6;5;7;6;7;6;7;7;8;7;8;7;8;7;8;7;9;8;9;8;9;9;10;10;10;10;10;10;10;11;10;11;11;11;11;12;11;116;0;17;-18;17;-18;17;-18;16;-18;16;-17;15;-17;14;-17;14;-17;13;-17;12;-17;12;-17;12;-17;12;-17;11;-17;11;-17;11;-17;11;-17;11;-16;11;-16;11;-16;11;-15;11;-14;11;-14;11;-13;11;-13;11;-12;12;-12;12;-11;4;-4;1;-2;-1;0;-1;0;-1;0;0;-1;1;-3;5;-8;5;-8;6;-8;6;-8;7;-9;8;-9;8;-9;9;-10;10;-10;11;-10;11;-10;12;-10;12;-10;13;-10;13;-11;14;-11;14;-11;15;-12;15;-12;15;-12;15;-13;16;-14;16;-15;16;-15;17;-16;17;-16;18;-17;18;-17,stable,EXP_S041,ZONE_01,entree_zone,4.7,entree_zone,entree dans la zone
497373076,-51,6,a0:9f:7a:73:2b:3e,384,-110;-96;8;0;8;17;7;9;7;1;7;-7;8;-14;10;-20;11;-25;13;-29;15;-31;16;-32;17;-32;17;-31;17;-28;16;-26;14;-22;11;-18;7;-14;3;-11;-2;-8;-8;-5;-12;-4;-17;-4;-21;-4;-24;-5;-25;-6;-7;-2;0;0;0;0;0;0;0;0;0;0;0;0;0;0;0;0;0;0;-3;0;-9;3;-11;3;-14;4;-17;4;-20;4;-22;4;-24;3;-25;2;-25;1;-24;0;-22;-1;-19;-1;-14;0;-9;2;-5;4;0;7;5;11;9;15;13;20;17;25;19;29;20;33;20;36;19;37;18;37;16;36;122;0;-11;15;-10;15;-10;14;-10;14;-9;14;-9;13;-9;13;-8;13;-7;13;-7;13;-6;12;-6;12;-6;12;-6;12;-6;12;-6;12;-6;12;-6;12;-6;11;-6;11;-6;10;-6;10;-5;10;-5;10;-5;10;-5;9;-5;9;-6;8;-2;3;-1;0;0;-1;0;-1;0;-1;-1;0;-2;1;-5;5;-5;5;-5;5;-5;5;-6;5;-6;6;-6;6;-6;6;-6;6;-7;7;-7;7;-8;8;-8;8;-8;8;-8;9;-8;9;-8;9;-9;9;-9;10;-9;10;-10;11;-10;12;-10;12;-10;12;-10;13;-10;13;-11;14;-11;14;122;0;20;15;20;15;20;14;20;14;19;13;19;13;19;12;18;11;18;10;18;10;18;9;18;9;18;9;18;9;18;8;18;8;17;8;17;8;17;9;16;9;16;9;15;9;15;9;14;9;14;9;13;9;13;10;12;11;4;4;1;1;-1;-1;-1;-1;-1;-1;0;0;2;1;8;4;8;4;8;5;8;5;9;6;9;6;10;7;10;8;10;9;11;9;11;10;11;10;11;11;11;11;12;12;12;12;13;13;13;13;13;13;14;13;15;13;15;14;16;14;17;14;18;15;18;15;19;15;19;15,stable,EXP_S041,ZONE_01,entree_zone,4.7,entree_zone,entree dans la zone
497572331,-51,6,a0:9f:7a:73:2b:3e,384,-110;-96;8;0;-19;6;-11;6;-3;7;4;8;11;11;16;13;21;16;24;18;26;20;27;21;26;22;25;22;23;22;20;20;17;18;14;14;11;10;8;5;7;-1;6;-6;6;-11;7;-15;8;-19;10;-21;11;-23;3;-6;0;0;0;0;0;0;0;0;0;0;0;0;0;0;0;0;0;0;-1;-2;-4;-9;-5;-11;-5;-14;-6;-17;-6;-19;-5;-22;-4;-23;-3;-24;-1;-24;0;-23;0;-21;0;-18;-1;-14;-2;-10;-5;-5;-8;0;-12;4;-17;8;-22;11;-27;14;-31;15;-35;16;-38;16;-39;15;-38;13;-37;12;125;0;-15;-12;-14;-12;-13;-11;-13;-11;-12;-11;-12;-11;-12;-11;-12;-10;-12;-10;-12;-9;-12;-9;-11;-9;-11;-9;-11;-9;-11;-9;-11;-9;-11;-9;-10;-9;-10;-8;-9;-8;-9;-8;-8;-8;-8;-8;-8;-8;-8;-8;-8;-8;-7;-8;-7;-8;-3;-3;-1;-1;0;0;0;0;0;0;-1;-1;-3;-2;-6;-4;-6;-4;-6;-4;-6;-5;-7;-5;-7;-5;-7;-5;-7;-5;-8;-6;-8;-6;-8;-7;-9;-7;-9;-8;-9;-8;-9;-8;-9;-8;-10;-8;-10;-9;-10;-9;-11;-10;-12;-10;-12;-10;-12;-10;-12;-10;-13;-11;-13;-11;-13;-12;-14;-12;125;0;-18;17;-18;17;-18;17;-18;17;-17;16;-17;16;-16;16;-15;16;-14;15;-14;15;-14;15;-14;15;-14;15;-14;15;-14;14;-13;14;-13;14;-14;14;-14;13;-14;13;-14;12;-14;11;-14;10;-14;10;-14;9;-14;9;-15;8;-15;7;-6;2;-2;0;0;-1;0;-1;0;-1;-1;0;-2;2;-4;8;-4;8;-5;8;-5;9;-6;9;-6;9;-7;10;-8;10;-9;11;-9;11;-10;11;-11;11;-11;11;-12;11;-13;11;-13;12;-14;12;-14;12;-14;12;-14;13;-15;14;-15;15;-16;15;-16;16;-17;16;-17;16;-18;17;-18;17,stable,EXP_S041,ZONE_01,entree_zone,4.7,entree_zone,entree dans la zone
497776719,-52,6,a0:9f:7a:73:2b:3e,384,-110;-96;8;0;-8;-18;-7;-11;-8;-3;-9;5;-11;11;-13;17;-16;21;-18;24;-20;26;-21;27;-22;27;-22;25;-22;23;-21;20;-18;17;-15;14;-11;11;-5;8;0;7;5;6;9;6;14;6;17;8;20;9;21;11;5;2;0;0;0;0;0;0;0;0;0;0;0;0;0;0;0;0;0;0;1;-1;8;-4;10;-5;12;-6;15;-7;18;-7;20;-6;22;-5;23;-4;23;-3;22;-2;20;-1;17;-1;13;-2;8;-3;4;-5;-1;-8;-5;-12;-9;-16;-13;-21;-16;-26;-18;-30;-18;-34;-18;-36;-18;-37;-16;-37;-14;-36;120;0;9;-15;9;-15;9;-14;9;-14;9;-13;9;-13;8;-13;8;-13;7;-13;7;-12;7;-12;6;-12;6;-12;6;-12;6;-12;6;-12;6;-11;6;-11;6;-10;6;-10;6;-10;6;-9;6;-9;6;-9;6;-9;6;-8;6;-8;6;-7;2;-3;0;-1;-1;0;-1;0;-1;0;0;-1;1;-3;3;-6;3;-6;3;-6;3;-6;3;-7;3;-7;3;-7;4;-8;4;-8;4;-8;5;-9;5;-9;5;-9;6;-10;6;-10;6;-10;6;-10;7;-10;7;-11;7;-11;8;-12;8;-12;8;-13;8;-13;9;-13;9;-13;10;-14;10;-14;120;0;-19;-16;-19;-16;-19;-16;-19;-16;-18;-15;-18;-15;-18;-14;-18;-13;-18;-13;-18;-12;-18;-12;-18;-12;-17;-12;-17;-12;-17;-12;-17;-12;-16;-12;-16;-12;-16;-12;-15;-12;-14;-12;-14;-12;-13;-12;-13;-12;-12;-12;-11;-13;-11;-13;-10;-14;-4;-5;-1;-2;0;0;0;0;0;0;-1;-1;-4;-1;-9;-3;-9;-4;-9;-4;-10;-5;-10;-5;-10;-6;-11;-7;-12;-7;-12;-8;-12;-9;-13;-9;-13;-10;-13;-11;-13;-11;-13;-11;-14;-12;-14;-12;-14;-13;-14;-13;-15;-13;-15;-13;-16;-14;-17;-14;-18;-15;-18;-15;-19;-16;-19;-16;-19;-16,stable,EXP_S041,ZONE_01,entree_zone,4.7,entree_zone,entree dans la zone
497974318,-52,6,a0:9f:7a:73:2b:3e,384,-110;-96;8;0;-7;-19;-7;-11;-8;-3;-10;4;-12;11;-14;16;-17;21;-19;24;-21;26;-22;26;-23;26;-24;25;-23;22;-22;20;-19;17;-16;14;-11;11;-6;9;0;7;5;6;10;6;14;7;17;8;20;10;21;12;5;3;0;0;0;0;0;0;0;0;0;0;0;0;0;0;0;0;0;0;1;-1;8;-4;10;-4;13;-5;16;-5;18;-5;21;-5;23;-4;24;-3;24;-2;23;-1;20;0;17;0;13;-1;9;-2;4;-5;0;-8;-5;-13;-9;-17;-12;-22;-15;-26;-16;-31;-17;-35;-17;-38;-16;-39;-14;-38;-13;-37;119;0;8;-16;8;-16;8;-15;8;-15;8;-14;8;-14;7;-14;7;-14;6;-14;6;-13;5;-13;5;-13;5;-12;5;-12;5;-13;5;-13;5;-12;5;-12;5;-12;5;-11;5;-11;5;-11;5;-10;5;-10;5;-10;5;-9;5;-9;5;-8;2;-3;0;-1;-1;0;-1;0;-1;0;0;-1;1;-3;2;-6;3;-6;3;-6;3;-7;3;-7;3;-7;3;-8;4;-8;4;-8;4;-8;5;-9;5;-9;5;-10;5;-10;5;-10;6;-10;6;-10;6;-11;6;-11;7;-12;7;-12;7;-13;7;-13;7;-14;8;-14;8;-14;9;-15;9;-15;119;0;-21;-15;-21;-15;-21;-15;-21;-14;-20;-14;-20;-13;-19;-12;-19;-12;-19;-11;-19;-11;-19;-10;-19;-10;-19;-10;-19;-10;-18;-10;-18;-10;-18;-10;-18;-10;-17;-10;-17;-11;-16;-11;-15;-11;-15;-11;-14;-11;-14;-11;-13;-11;-13;-12;-12;-13;-5;-5;-2;-2;0;0;0;0;0;0;-1;-1;-4;-1;-9;-3;-9;-4;-10;-4;-10;-5;-10;-5;-11;-6;-11;-6;-12;-7;-13;-8;-13;-8;-13;-9;-13;-10;-14;-10;-14;-10;-14;-11;-14;-11;-14;-12;-15;-12;-15;-13;-16;-13;-16;-13;-17;-13;-18;-13;-19;-14;-20;-14;-20;-15;-20;-15;-21;-15,stable,EXP_S041,ZONE_01,entree_zone,4.7,entree_zone,entree dans la zone
498175399,-52,6,a0:9f:7a:73:2b:3e,384,-110;-96;8;0;18;0;11;-3;5;-6;-2;-11;-7;-15;-11;-19;-14;-23;-16;-26;-17;-28;-17;-30;-17;-31;-15;-31;-14;-29;-12;-27;-10;-23;-8;-19;-7;-14;-7;-8;-7;-3;-9;2;-10;6;-12;10;-15;13;-17;14;-19;15;-5;3;0;0;0;0;0;0;0;0;0;0;0;0;0;0;0;0;0;0;-1;2;-1;8;-1;11;-1;13;-2;16;-3;19;-5;21;-6;22;-7;22;-8;21;-9;20;-9;18;-8;15;-5;12;-2;8;2;5;6;2;11;0;17;-2;24;-4;29;-4;33;-4;36;-3;39;-2;40;-1;39;1;38;2;115;0;9;14;9;14;8;13;8;13;8;13;7;13;8;12;8;12;8;11;8;11;8;10;7;10;7;10;7;10;7;10;7;10;7;10;7;9;7;9;6;9;6;9;5;9;5;9;5;8;5;8;5;8;4;8;4;8;1;3;0;0;-1;-1;-1;-1;-1;-1;0;0;1;1;3;5;3;5;3;5;3;6;3;6;4;6;4;6;4;6;4;7;4;7;4;8;5;8;5;9;5;9;5;9;5;9;5;9;5;10;6;11;6;11;7;12;7;12;7;12;8;12;8;13;8;13;8;14;8;14;115;0;21;-12;21;-12;21;-12;20;-12;20;-12;19;-12;18;-12;17;-12;17;-12;16;-12;16;-12;16;-12;16;-12;16;-12;15;-12;15;-11;15;-11;16;-11;16;-11;16;-10;16;-10;15;-9;15;-8;15;-8;15;-7;15;-7;15;-6;15;-5;5;-2;1;-1;-1;0;-1;0;-1;0;0;-1;2;-3;6;-7;6;-7;7;-7;7;-7;8;-7;8;-7;9;-8;10;-8;11;-8;12;-8;12;-8;13;-8;13;-8;14;-8;14;-8;15;-8;16;-8;16;-8;16;-8;17;-8;17;-9;18;-10;18;-11;19;-11;20;-11;20;-12;21;-12;21;-12,stable,EXP_S041,ZONE_01,entree_zone,4.7,entree_zone,entree dans la zone
498377056,-52,6,a0:9f:7a:73:2b:3e,384,-110;-96;8;0;9;16;8;8;7;0;7;-7;7;-14;8;-20;10;-25;12;-28;13;-30;14;-31;15;-31;16;-30;16;-28;15;-25;13;-21;10;-17;7;-14;2;-10;-3;-8;-7;-6;-12;-5;-16;-4;-20;-4;-23;-5;-24;-6;-7;-2;0;0;0;0;0;0;0;0;0;0;0;0;0;0;0;0;0;0;-2;1;-8;4;-10;5;-13;6;-16;7;-18;7;-21;7;-22;7;-24;6;-24;5;-23;3;-21;2;-18;2;-14;2;-9;3;-4;5;1;7;6;10;11;14;15;18;19;22;21;26;23;29;23;32;22;33;21;33;19;32;125;0;-8;15;-8;15;-8;14;-8;14;-7;14;-7;13;-7;13;-6;13;-6;13;-5;13;-5;12;-5;12;-5;12;-5;12;-5;12;-4;12;-4;12;-4;11;-4;11;-4;10;-4;10;-4;10;-4;10;-4;10;-4;10;-4;9;-4;9;-5;8;-2;3;-1;0;0;-1;0;-1;0;-1;-1;0;-2;1;-4;5;-4;5;-4;5;-4;5;-4;6;-4;6;-5;6;-5;7;-5;7;-5;7;-6;8;-6;8;-6;9;-6;9;-6;9;-6;9;-7;9;-7;10;-7;10;-8;11;-8;11;-8;12;-8;12;-8;13;-8;13;-8;13;-9;14;-9;14;125;0;21;12;21;12;21;12;20;11;20;11;20;10;19;9;19;8;19;8;18;7;18;7;18;7;18;7;18;6;18;6;18;6;18;6;17;6;17;6;17;7;16;7;16;7;15;7;15;7;14;7;14;8;13;9;13;9;4;3;1;1;-1;-1;-1;-1;-1;-1;0;0;3;1;8;2;8;3;8;3;9;4;9;4;9;5;10;5;11;6;11;6;11;7;12;8;12;8;12;9;12;9;13;9;13;10;14;10;14;11;14;11;15;11;15;11;16;11;17;11;18;12;19;12;20;12;20;12;20;12,stable,EXP_S041,ZONE_01,entree_zone,4.7,entree_zone,entree dans la zone
498573196,-52,6,a0:9f:7a:73:2b:3e,384,-110;-96;8;0;13;13;9;6;7;-1;5;-9;4;-15;4;-21;4;-26;5;-30;5;-33;6;-34;7;-34;8;-33;8;-31;8;-28;7;-24;5;-20;3;-15;0;-11;-4;-7;-8;-4;-12;-1;-16;1;-20;1;-23;1;-25;1;-7;0;0;0;0;0;0;0;0;0;0;0;0;0;0;0;0;0;0;0;-2;1;-7;5;-9;7;-12;8;-14;9;-16;10;-19;11;-21;11;-22;10;-22;9;-21;7;-19;6;-17;5;-13;4;-8;4;-3;5;2;6;8;8;13;11;18;14;23;17;26;21;28;24;29;26;29;28;27;28;25;27;116;0;-6;16;-6;16;-6;15;-6;15;-6;14;-6;14;-6;14;-5;14;-4;13;-4;13;-4;13;-3;12;-4;12;-4;12;-4;12;-4;12;-3;12;-3;12;-3;11;-3;11;-3;10;-3;10;-3;10;-3;10;-3;10;-4;9;-4;9;-4;9;-2;3;-1;0;0;-1;0;-1;0;-1;-1;0;-1;2;-3;6;-3;6;-3;6;-4;6;-4;6;-4;6;-4;7;-4;7;-4;7;-5;8;-5;8;-5;8;-5;9;-5;9;-5;10;-5;10;-6;10;-6;10;-6;11;-6;12;-6;12;-6;13;-6;13;-6;14;-6;14;-7;15;-7;15;-7;15;116;0;22;10;22;9;21;9;21;9;21;8;20;8;20;7;20;7;19;6;19;6;19;6;19;5;19;5;19;4;18;4;18;4;18;5;18;5;18;5;17;5;17;5;16;6;16;6;15;6;15;6;14;7;14;7;13;8;4;3;1;1;-1;-1;-1;-1;-1;-1;0;0;3;0;8;1;9;2;9;2;9;2;10;3;10;3;11;4;11;4;12;5;12;6;12;6;13;7;13;7;13;8;14;8;14;8;15;9;15;9;15;9;16;9;17;9;17;9;18;9;19;9;20;9;20;10;21;10;22;10,stable,EXP_S041,ZONE_01,entree_zone,4.7,entree_zone,entree dans la zone
498772741,-52,6,a0:9f:7a:73:2b:3e,384,-110;-96;8;0;-7;-18;-7;-10;-8;-3;-9;5;-11;11;-14;16;-17;20;-19;23;-20;24;-21;25;-22;25;-23;24;-22;22;-21;19;-18;16;-15;13;-10;10;-5;8;0;7;5;6;9;6;13;7;16;8;19;10;20;12;5;3;0;0;0;0;0;0;0;0;0;0;0;0;0;0;0;0;0;0;1;-1;8;-4;10;-5;12;-6;15;-6;18;-6;20;-5;21;-4;22;-3;22;-2;21;-1;19;-1;16;-1;12;-2;8;-3;3;-5;-1;-8;-5;-12;-9;-16;-12;-21;-15;-26;-16;-30;-17;-34;-17;-36;-16;-37;-15;-36;-13;-35;116;0;10;-14;10;-13;10;-13;10;-12;10;-12;10;-11;9;-11;9;-12;8;-12;7;-12;7;-11;7;-11;7;-11;8;-11;8;-11;7;-11;7;-11;7;-10;6;-10;6;-9;6;-9;7;-8;6;-9;6;-9;6;-8;6;-8;6;-7;6;-7;2;-3;0;-1;-1;0;-1;0;-1;0;0;-1;1;-2;3;-6;3;-6;4;-6;4;-6;4;-6;4;-7;4;-7;5;-7;5;-7;5;-7;6;-7;6;-8;6;-8;6;-9;6;-9;7;-9;7;-9;8;-9;8;-9;9;-10;9;-11;9;-11;9;-11;9;-12;9;-12;10;-12;10;-12;11;-13;116;0;-18;-17;-18;-17;-18;-17;-18;-17;-17;-16;-17;-16;-16;-15;-16;-14;-16;-13;-16;-13;-16;-13;-16;-13;-16;-13;-16;-13;-16;-12;-15;-12;-15;-12;-15;-12;-15;-13;-14;-13;-14;-13;-13;-13;-12;-13;-12;-13;-11;-13;-11;-13;-10;-14;-10;-14;-4;-6;-1;-2;0;0;0;0;0;0;-1;-1;-3;-2;-9;-4;-9;-5;-9;-5;-9;-5;-9;-6;-10;-6;-10;-7;-11;-8;-11;-9;-11;-10;-11;-10;-11;-11;-11;-11;-12;-12;-12;-12;-12;-13;-12;-14;-12;-14;-13;-14;-13;-14;-14;-14;-15;-15;-16;-15;-16;-16;-17;-16;-17;-17;-17;-17;-18;-18,stable,EXP_S041,ZONE_01,entree_zone,4.7,entree_zone,entree dans la zone
498975807,-52,6,a0:9f:7a:73:2b:3e,384,-110;-96;8;0;-18;0;-11;2;-4;6;2;10;7;14;12;17;15;21;17;24;18;26;18;28;17;28;16;28;15;27;13;24;11;21;9;17;7;12;7;6;7;0;7;-5;8;-9;10;-13;12;-15;14;-17;16;-18;4;-5;0;0;0;0;0;0;0;0;0;0;0;0;0;0;0;0;0;0;0;-3;0;-9;0;-12;1;-15;2;-17;3;-20;4;-21;6;-22;7;-23;8;-22;8;-20;8;-18;7;-15;4;-12;1;-9;-3;-6;-8;-3;-13;0;-19;2;-24;3;-30;4;-34;4;-37;3;-39;2;-40;0;-39;-1;-37;-2;118;0;-10;-15;-10;-15;-9;-14;-9;-14;-9;-14;-9;-13;-9;-13;-9;-12;-9;-12;-9;-11;-9;-11;-9;-11;-9;-11;-9;-11;-9;-11;-9;-11;-9;-10;-9;-10;-8;-9;-8;-9;-7;-9;-7;-9;-7;-9;-7;-9;-7;-9;-7;-9;-6;-8;-5;-8;-2;-3;-1;-1;0;0;0;0;0;0;-1;-1;-2;-3;-4;-6;-4;-6;-4;-7;-4;-7;-4;-7;-4;-7;-4;-8;-4;-8;-4;-8;-5;-9;-5;-9;-5;-10;-6;-10;-6;-10;-6;-10;-6;-11;-6;-11;-6;-11;-6;-12;-7;-12;-7;-13;-8;-13;-8;-13;-8;-14;-8;-14;-8;-14;-9;-15;-9;-15;118;0;-21;12;-21;12;-21;12;-20;12;-20;12;-19;12;-18;12;-18;12;-17;12;-17;12;-16;12;-16;12;-16;12;-16;12;-15;12;-15;12;-15;12;-15;11;-15;11;-15;11;-15;10;-15;9;-15;9;-15;8;-15;8;-15;7;-15;7;-15;6;-6;2;-2;0;0;-1;0;-1;0;-1;-1;0;-3;2;-7;6;-7;5;-8;5;-8;5;-9;6;-9;6;-10;6;-11;7;-12;7;-13;6;-13;6;-14;6;-14;6;-15;6;-15;7;-16;7;-16;7;-17;7;-17;7;-17;7;-18;8;-18;9;-19;10;-20;10;-20;11;-21;11;-21;11;-21;11,stable,EXP_S041,ZONE_01,entree_zone,4.7,entree_zone,entree dans la zone
499178583,-52,6,a0:9f:7a:73:2b:3e,384,-110;-96;8;0;3;-17;-1;-11;-5;-5;-10;1;-15;6;-19;9;-23;12;-26;14;-28;15;-30;15;-30;15;-30;14;-28;12;-25;11;-22;9;-17;7;-13;6;-7;6;-1;6;4;7;8;8;11;9;14;11;17;13;18;15;4;3;0;0;0;0;0;0;0;0;0;0;0;0;0;0;0;0;0;0;1;0;8;3;10;4;12;6;14;8;16;9;17;11;17;13;17;14;16;15;15;15;13;13;10;11;8;8;6;3;4;-2;3;-7;2;-13;2;-19;2;-24;2;-29;3;-34;5;-37;6;-39;8;-39;8;-38;9;-36;119;0;15;-9;15;-9;14;-8;14;-8;14;-8;14;-8;13;-8;12;-8;12;-8;11;-8;11;-8;11;-8;10;-8;10;-8;10;-8;10;-8;10;-8;10;-7;9;-7;9;-7;9;-6;9;-6;9;-6;9;-6;8;-6;8;-5;8;-5;8;-4;3;-2;0;-1;-1;0;-1;0;-1;0;0;-1;2;-2;5;-4;6;-4;6;-4;6;-4;7;-4;7;-4;7;-4;7;-4;8;-4;8;-4;9;-5;9;-5;10;-5;10;-5;10;-5;10;-5;10;-5;11;-5;11;-6;12;-6;12;-7;13;-7;13;-7;13;-7;14;-7;14;-7;15;-8;15;-8;119;0;-11;-21;-11;-21;-11;-21;-11;-21;-11;-20;-11;-19;-11;-19;-11;-18;-11;-17;-11;-17;-11;-17;-11;-16;-11;-16;-11;-16;-11;-16;-11;-16;-11;-16;-10;-16;-10;-16;-10;-16;-9;-16;-8;-16;-8;-15;-8;-15;-7;-15;-6;-15;-6;-16;-5;-16;-2;-6;-1;-2;0;0;0;0;0;0;-1;-1;-3;-3;-6;-7;-6;-7;-6;-7;-6;-8;-6;-9;-6;-9;-7;-10;-7;-11;-7;-12;-7;-13;-7;-13;-7;-14;-7;-14;-7;-14;-7;-15;-7;-15;-7;-16;-7;-16;-7;-17;-7;-17;-8;-18;-9;-18;-9;-19;-9;-20;-10;-20;-10;-21;-10;-21;-10;-21,stable,EXP_S041,ZONE_01,entree_zone,4.7,entree_zone,entree dans la zone
499372534,-52,6,a0:9f:7a:73:2b:3e,384,-110;-96;8;0;4;-19;-1;-12;-6;-6;-11;0;-17;5;-22;9;-27;11;-30;12;-33;13;-35;13;-35;12;-34;11;-33;10;-30;8;-25;7;-21;5;-15;5;-9;6;-3;7;2;8;7;11;10;13;13;16;15;18;16;20;4;5;0;0;0;0;0;0;0;0;0;0;0;0;0;0;0;0;0;0;2;0;9;2;11;3;14;5;16;7;18;9;20;11;20;13;20;14;19;15;17;15;15;13;12;11;10;8;7;3;5;-2;3;-8;2;-14;2;-20;2;-27;3;-32;4;-37;6;-40;7;-42;9;-43;10;-41;10;-39;120;0;18;-8;17;-7;16;-6;16;-6;16;-5;16;-5;16;-5;15;-6;14;-7;13;-7;13;-7;12;-7;12;-6;13;-6;13;-6;13;-7;12;-7;11;-6;11;-6;11;-5;11;-4;11;-4;11;-4;10;-4;10;-4;10;-4;10;-4;9;-3;3;-1;1;-1;-1;0;-1;0;-1;0;0;-1;2;-2;6;-3;6;-3;7;-3;7;-3;7;-4;8;-4;8;-4;8;-4;8;-3;9;-3;10;-3;10;-4;11;-4;11;-4;11;-4;11;-4;12;-4;12;-4;13;-4;14;-5;14;-5;15;-6;15;-6;15;-6;15;-6;16;-6;17;-6;17;-6;120;0;-9;-25;-9;-25;-9;-25;-8;-25;-8;-24;-8;-23;-8;-22;-8;-21;-9;-21;-9;-20;-10;-20;-9;-20;-9;-20;-9;-20;-9;-19;-9;-19;-9;-19;-8;-20;-8;-20;-7;-20;-6;-19;-6;-19;-5;-18;-5;-18;-5;-18;-4;-18;-3;-18;-2;-18;-1;-7;-1;-2;0;0;0;0;0;0;-1;-1;-3;-3;-6;-8;-6;-8;-6;-9;-6;-9;-6;-10;-6;-11;-6;-12;-6;-13;-6;-14;-6;-15;-5;-15;-5;-16;-5;-16;-5;-17;-5;-17;-5;-18;-5;-19;-5;-19;-5;-20;-5;-20;-6;-20;-7;-21;-7;-22;-8;-23;-8;-23;-8;-24;-8;-25;-8;-25,stable,EXP_S041,ZONE_01,entree_zone,4.7,entree_zone,entree dans la zone
499572385,-52,6,a0:9f:7a:73:2b:3e,384,-110;-96;8;0;-13;-13;-10;-6;-8;1;-6;8;-6;15;-5;20;-6;25;-7;29;-7;31;-8;32;-9;32;-10;31;-10;29;-10;26;-8;22;-6;18;-4;14;0;9;4;6;8;3;12;0;15;-1;19;-1;22;-1;24;-1;6;0;0;0;0;0;0;0;0;0;0;0;0;0;0;0;0;0;0;0;1;-2;6;-7;8;-8;10;-10;12;-11;15;-12;17;-12;19;-12;20;-11;20;-9;20;-8;18;-7;15;-6;11;-5;6;-5;1;-6;-4;-7;-10;-9;-15;-12;-20;-15;-24;-18;-27;-22;-29;-25;-29;-27;-29;-28;-27;-28;-26;-28;121;0;1;-18;1;-18;1;-17;2;-16;2;-16;2;-16;1;-16;1;-15;0;-15;0;-15;0;-14;0;-14;0;-13;0;-14;0;-14;0;-14;0;-13;0;-13;0;-12;0;-12;1;-11;1;-11;1;-11;1;-11;1;-11;1;-10;1;-10;1;-9;0;-4;0;-1;-1;0;0;0;-1;0;-1;-1;0;-3;0;-7;0;-7;0;-7;0;-8;0;-8;0;-8;0;-8;0;-9;0;-9;1;-10;1;-10;1;-11;1;-11;1;-12;1;-12;1;-12;1;-12;1;-12;2;-13;2;-14;1;-14;1;-15;1;-15;1;-15;2;-16;2;-16;2;-17;2;-17;121;0;-24;-4;-24;-4;-24;-4;-24;-4;-23;-4;-22;-4;-22;-3;-21;-3;-21;-2;-21;-2;-21;-1;-21;-1;-20;-1;-20;-1;-20;-1;-20;-2;-20;-2;-19;-2;-19;-3;-19;-3;-18;-4;-18;-4;-17;-4;-17;-4;-17;-4;-16;-5;-16;-6;-16;-7;-6;-3;-2;-1;0;0;0;-1;0;-1;-1;0;-4;0;-9;1;-9;1;-10;1;-10;0;-10;0;-11;0;-12;0;-13;-1;-14;-1;-14;-2;-15;-2;-15;-3;-16;-3;-16;-3;-17;-3;-17;-4;-17;-4;-18;-4;-18;-4;-19;-4;-19;-4;-20;-4;-21;-4;-22;-4;-23;-4;-24;-4;-24;-4;-24;-4,stable,EXP_S041,ZONE_01,entree_zone,4.7,entree_zone,entree dans la zone
499772337,-52,6,a0:9f:7a:73:2b:3e,384,-110;-96;8;0;-20;5;-11;5;-3;7;5;9;12;12;18;14;23;17;26;19;28;22;28;23;28;24;26;24;24;23;21;21;18;18;15;14;12;10;9;4;7;-2;6;-7;6;-12;6;-17;7;-21;9;-23;10;-25;2;-7;0;0;0;0;0;0;0;0;0;0;0;0;0;0;0;0;0;0;-1;-3;-2;-10;-2;-13;-2;-16;-2;-19;-1;-22;0;-24;1;-25;2;-26;4;-25;5;-24;5;-21;4;-17;2;-13;-1;-9;-5;-5;-9;-1;-14;3;-20;6;-25;9;-31;11;-35;13;-39;13;-42;12;-43;11;-42;9;-40;8;123;0;-17;-11;-17;-10;-16;-10;-15;-10;-14;-10;-14;-10;-15;-10;-15;-9;-15;-8;-15;-7;-14;-7;-13;-7;-13;-7;-13;-7;-14;-7;-14;-6;-14;-6;-13;-5;-12;-5;-11;-6;-11;-6;-11;-6;-11;-6;-11;-6;-11;-5;-10;-5;-10;-5;-9;-5;-4;-2;-1;-1;0;0;0;0;0;0;-1;-1;-3;-2;-6;-5;-6;-5;-6;-6;-7;-6;-7;-6;-7;-6;-7;-6;-7;-6;-7;-7;-8;-7;-8;-8;-9;-8;-10;-8;-10;-8;-10;-8;-10;-8;-10;-9;-10;-9;-11;-10;-12;-10;-13;-10;-14;-10;-14;-10;-14;-10;-14;-10;-15;-11;-15;-12;-16;-12;123;0;-15;21;-15;21;-15;21;-15;21;-14;20;-14;20;-13;19;-12;19;-11;19;-10;19;-10;19;-10;19;-10;19;-10;19;-10;18;-9;18;-9;18;-9;18;-10;18;-10;18;-10;17;-10;16;-10;15;-10;15;-10;15;-11;15;-11;14;-12;14;-5;4;-2;1;0;-1;0;-1;0;-1;-1;0;-2;3;-4;8;-5;8;-5;8;-6;8;-6;9;-7;10;-7;10;-8;11;-9;11;-10;12;-10;12;-11;12;-11;12;-12;12;-12;13;-13;13;-13;14;-14;14;-14;14;-14;14;-14;15;-14;17;-14;18;-15;19;-15;19;-16;20;-16;20;-16;20,stable,EXP_S041,ZONE_01,entree_zone,4.7,entree_zone,entree dans la zone
499973181,-52,6,a0:9f:7a:73:2b:3e,384,-110;-96;8;0;3;-20;-1;-13;-6;-6;-11;0;-16;5;-21;9;-26;12;-30;14;-32;14;-33;14;-34;14;-34;12;-32;11;-29;9;-25;7;-20;6;-15;6;-9;6;-3;7;2;9;7;11;10;13;13;15;15;18;16;20;4;5;0;0;0;0;0;0;0;0;0;0;0;0;0;0;0;0;0;0;2;0;9;2;11;2;14;4;17;5;19;7;20;8;21;10;21;12;20;12;19;13;16;12;14;10;11;7;8;3;5;-2;3;-8;2;-14;1;-20;0;-26;0;-32;1;-37;3;-40;4;-42;6;-43;7;-42;8;-40;118;0;16;-9;16;-9;16;-8;15;-8;15;-8;14;-8;14;-8;14;-8;13;-8;12;-8;12;-8;11;-8;11;-7;11;-7;11;-8;11;-8;11;-8;10;-8;10;-7;10;-7;10;-7;10;-6;9;-6;9;-6;9;-6;9;-6;9;-5;9;-5;3;-2;1;-1;-1;0;-1;0;-1;0;0;-1;2;-2;6;-3;6;-3;6;-3;7;-3;7;-3;7;-4;7;-4;8;-4;8;-4;9;-4;9;-4;10;-4;10;-5;10;-5;11;-5;11;-5;11;-5;12;-5;12;-5;13;-6;13;-6;14;-7;14;-7;14;-7;15;-7;16;-7;16;-7;17;-7;118;0;-11;-24;-11;-24;-11;-24;-11;-24;-11;-23;-11;-22;-11;-21;-11;-20;-11;-20;-12;-19;-12;-19;-12;-19;-12;-18;-12;-18;-12;-18;-11;-18;-11;-18;-11;-18;-11;-18;-10;-18;-9;-18;-9;-18;-8;-17;-8;-17;-7;-17;-7;-17;-6;-17;-5;-18;-2;-7;-1;-2;0;0;0;0;0;0;-1;-1;-3;-3;-6;-8;-6;-8;-6;-9;-6;-9;-6;-10;-6;-11;-7;-11;-7;-12;-7;-13;-7;-14;-6;-15;-6;-16;-6;-16;-6;-16;-6;-17;-6;-17;-6;-18;-6;-19;-7;-19;-7;-19;-8;-20;-8;-20;-9;-21;-9;-22;-10;-23;-10;-24;-10;-24;-10;-24,stable,EXP_S041,ZONE_01,entree_zone,4.7,entree_zone,entree dans la zone
500172887,-52,6,a0:9f:7a:73:2b:3e,384,-110;-96;8;0;-16;9;-8;7;-1;7;7;7;13;7;19;8;24;9;27;10;29;12;30;13;30;14;29;14;27;14;24;13;20;11;16;9;13;5;9;1;6;-3;4;-8;2;-12;2;-16;2;-20;2;-22;3;-24;1;-7;0;0;0;0;0;0;0;0;0;0;0;0;0;0;0;0;0;0;-2;-2;-5;-8;-6;-10;-7;-13;-7;-16;-7;-18;-7;-20;-7;-22;-6;-23;-4;-23;-3;-22;-2;-20;-2;-16;-2;-13;-3;-8;-5;-3;-8;2;-11;6;-14;11;-18;15;-23;18;-27;21;-30;22;-32;22;-34;21;-33;19;-32;17;119;0;-17;-5;-17;-5;-16;-5;-16;-5;-15;-5;-15;-5;-15;-5;-15;-5;-15;-4;-14;-3;-14;-3;-13;-3;-13;-4;-13;-4;-13;-4;-13;-3;-13;-3;-12;-3;-12;-3;-11;-3;-11;-4;-11;-4;-11;-4;-11;-4;-10;-3;-10;-4;-9;-4;-9;-4;-3;-2;-1;-1;0;0;0;0;0;0;-1;-1;-3;-1;-7;-2;-7;-2;-7;-3;-7;-3;-8;-3;-8;-3;-8;-3;-8;-3;-9;-3;-9;-4;-10;-4;-10;-4;-11;-4;-11;-4;-11;-4;-11;-4;-11;-5;-12;-5;-12;-5;-13;-5;-14;-5;-14;-5;-14;-5;-15;-5;-15;-5;-16;-6;-16;-7;-17;-7;119;0;-8;21;-8;22;-8;22;-8;21;-8;21;-8;20;-7;20;-6;19;-6;19;-5;19;-5;19;-5;19;-5;18;-5;18;-5;18;-5;18;-5;18;-5;18;-6;17;-6;17;-6;16;-7;16;-7;15;-7;15;-7;14;-8;14;-9;14;-9;13;-4;4;-2;1;0;-1;-1;-1;0;-1;0;0;0;2;-1;8;-1;8;-1;8;-2;9;-2;9;-2;10;-3;11;-3;12;-4;12;-5;13;-5;13;-6;13;-6;13;-6;14;-6;14;-7;15;-7;15;-8;15;-8;16;-8;16;-8;17;-8;18;-8;19;-8;20;-8;20;-9;21;-9;21;-9;21,stable,EXP_S041,ZONE_01,entree_zone,4.7,entree_zone,entree dans la zone
500380303,-52,6,a0:9f:7a:73:2b:3e,384,-110;-96;8;0;-20;2;-12;4;-3;6;4;9;11;12;16;16;20;19;23;21;24;23;25;25;24;26;23;26;21;25;18;23;16;19;13;15;10;10;8;5;7;-1;6;-6;6;-11;7;-16;8;-19;10;-22;12;-23;3;-6;0;0;0;0;0;0;0;0;0;0;0;0;0;0;0;0;0;0;-1;-3;-1;-10;-1;-12;0;-15;0;-18;1;-21;3;-23;4;-24;5;-25;7;-24;7;-22;7;-20;6;-17;3;-13;0;-9;-4;-5;-8;-2;-14;2;-19;4;-25;7;-31;8;-35;9;-39;9;-41;8;-43;7;-42;5;-40;4;112;0;-13;-14;-13;-14;-13;-13;-13;-13;-13;-12;-12;-12;-12;-12;-12;-11;-12;-11;-12;-10;-12;-10;-11;-9;-11;-9;-11;-9;-11;-9;-12;-9;-11;-9;-11;-9;-11;-8;-10;-8;-10;-8;-10;-8;-10;-8;-9;-8;-9;-8;-8;-8;-8;-8;-7;-8;-3;-3;-1;-1;0;0;0;0;0;0;-1;-1;-2;-2;-5;-6;-5;-6;-5;-6;-6;-6;-6;-7;-6;-7;-6;-7;-7;-7;-7;-8;-7;-8;-8;-9;-8;-9;-8;-9;-8;-9;-9;-10;-9;-10;-9;-10;-9;-11;-10;-11;-10;-11;-11;-12;-11;-12;-11;-12;-12;-13;-12;-13;-12;-13;-13;-14;-13;-14;112;0;-19;17;-19;17;-19;17;-18;17;-18;16;-17;16;-17;16;-16;16;-15;16;-15;16;-14;16;-14;16;-14;16;-14;16;-14;15;-13;15;-13;15;-13;15;-14;14;-14;14;-14;13;-14;13;-13;12;-13;12;-13;11;-14;10;-14;10;-15;9;-6;3;-2;0;0;-1;0;-1;0;-1;-1;0;-2;2;-5;7;-6;7;-6;7;-7;7;-7;8;-8;8;-9;8;-9;9;-10;9;-11;9;-12;10;-12;10;-13;10;-13;10;-14;10;-15;11;-15;11;-15;11;-16;11;-16;12;-16;12;-17;13;-18;14;-18;15;-19;15;-19;16;-19;16;-19;16,stable,EXP_S041,ZONE_01,entree_zone,4.7,entree_zone,entree dans la zone
500576712,-52,6,a0:9f:7a:73:2b:3e,384,-110;-96;8;0;16;-5;9;-6;2;-7;-5;-9;-11;-12;-16;-14;-20;-17;-22;-19;-24;-21;-24;-22;-24;-23;-23;-23;-21;-22;-18;-20;-16;-18;-13;-14;-11;-10;-9;-5;-7;0;-7;5;-7;9;-8;13;-9;16;-10;18;-11;20;-3;5;0;0;0;0;0;0;0;0;0;0;0;0;0;0;0;0;0;0;0;1;1;8;2;10;1;13;1;15;0;18;0;20;-1;21;-3;21;-4;21;-4;20;-5;18;-4;15;-3;11;0;7;3;3;7;0;11;-4;16;-7;21;-9;25;-11;30;-12;33;-12;36;-12;36;-10;36;-9;34;-7;114;0;15;6;15;6;14;6;13;6;12;7;12;7;13;7;13;6;13;5;12;4;12;4;11;4;11;4;11;4;11;4;12;4;11;3;11;3;9;3;9;3;8;4;8;4;9;4;9;4;9;4;8;3;8;4;7;4;2;1;0;0;-1;-1;-1;-1;-1;-1;0;0;2;0;5;2;5;2;6;2;6;2;6;2;7;2;7;2;7;2;7;3;7;4;7;4;8;4;9;4;9;4;9;4;9;4;9;5;9;5;10;6;11;6;12;6;12;5;13;5;13;5;13;6;13;7;13;7;14;8;114;0;9;-21;9;-21;10;-21;10;-21;10;-20;9;-19;8;-18;7;-18;7;-18;6;-18;6;-19;6;-19;6;-18;6;-18;6;-17;6;-17;6;-17;6;-17;7;-17;7;-17;8;-16;8;-15;8;-14;7;-14;8;-14;8;-13;9;-13;10;-13;3;-5;1;-2;-1;0;-1;0;-1;0;-1;-1;0;-3;0;-9;1;-9;1;-9;2;-9;2;-10;2;-10;3;-11;3;-12;4;-12;5;-13;6;-13;6;-13;6;-13;6;-14;6;-14;7;-15;8;-15;8;-15;9;-15;8;-16;8;-16;8;-17;8;-19;9;-19;9;-20;10;-20;10;-21;10;-21,stable,EXP_S041,ZONE_01,entree_zone,4.7,entree_zone,entree dans la zone
500779352,-52,6,a0:9f:7a:73:2b:3e,384,-110;-96;8;0;19;-2;11;-4;4;-8;-3;-12;-9;-16;-14;-20;-17;-24;-19;-27;-21;-30;-21;-32;-20;-32;-19;-31;-17;-30;-15;-27;-13;-23;-11;-19;-9;-13;-9;-8;-9;-2;-9;3;-10;8;-12;12;-14;15;-17;17;-18;18;-5;4;0;0;0;0;0;0;0;0;0;0;0;0;0;0;0;0;0;0;0;2;0;9;0;12;-1;15;-2;17;-3;20;-4;22;-6;23;-7;23;-8;23;-9;21;-9;19;-8;15;-5;12;-1;8;3;4;8;1;13;-1;19;-4;25;-5;31;-6;36;-6;40;-5;42;-4;43;-2;41;0;39;1;118;0;13;13;13;12;12;12;12;12;11;11;11;11;11;10;11;10;11;9;11;8;11;8;11;8;10;8;10;8;11;7;11;7;11;7;10;7;10;6;9;6;9;6;9;6;9;6;9;6;8;6;8;6;8;6;7;6;2;2;0;0;-1;-1;-1;-1;-1;-1;0;0;1;1;4;5;4;5;4;5;4;6;4;6;5;6;5;6;5;6;5;7;6;7;6;8;6;8;7;9;7;9;7;9;7;9;7;9;8;10;8;10;9;11;9;11;10;11;10;11;11;11;11;12;11;13;11;13;12;13;118;0;18;-19;18;-19;18;-19;18;-19;17;-18;16;-18;15;-18;14;-18;13;-18;13;-18;12;-18;12;-18;12;-18;12;-18;12;-18;12;-18;12;-17;12;-17;12;-17;12;-17;12;-16;12;-15;12;-15;11;-14;12;-14;12;-13;13;-12;13;-12;5;-5;1;-2;-1;0;-1;0;-1;0;0;-1;1;-3;5;-8;5;-8;6;-8;6;-8;7;-9;8;-9;8;-10;9;-10;10;-10;10;-11;11;-11;12;-11;12;-11;13;-11;13;-11;14;-12;15;-12;15;-12;15;-12;16;-13;16;-14;16;-15;16;-16;17;-17;18;-17;18;-18;18;-18;19;-18,stable,EXP_S041,ZONE_01,entree_zone,4.7,entree_zone,entree dans la zone
500975698,-52,6,a0:9f:7a:73:2b:3e,384,-110;-96;8;0;-2;-18;-4;-11;-7;-4;-11;2;-15;7;-19;10;-22;13;-25;15;-27;16;-28;17;-28;16;-28;15;-27;13;-25;11;-21;9;-17;8;-13;7;-8;6;-3;7;2;8;6;9;9;11;12;13;14;15;14;17;3;4;0;0;0;0;0;0;0;0;0;0;0;0;0;0;0;0;0;0;1;-1;8;-2;10;-3;13;-2;15;-2;18;-1;20;0;21;1;21;3;21;4;19;5;17;4;14;3;11;2;7;-1;4;-4;1;-8;-2;-13;-4;-18;-6;-23;-7;-28;-7;-32;-6;-36;-5;-38;-5;-38;-3;-37;-2;-36;119;0;13;-10;12;-10;12;-9;12;-9;11;-9;11;-9;11;-9;10;-9;10;-9;9;-9;9;-8;9;-8;9;-8;8;-8;8;-8;8;-8;8;-8;8;-8;8;-8;7;-7;7;-7;7;-7;7;-7;7;-7;7;-6;7;-6;7;-6;7;-5;2;-2;0;-1;-1;0;-1;0;-1;0;0;-1;1;-2;5;-4;5;-4;5;-4;5;-4;5;-4;5;-5;6;-5;6;-5;6;-5;7;-5;7;-5;8;-6;8;-6;8;-6;8;-6;9;-6;9;-6;9;-7;10;-7;10;-7;10;-8;11;-8;11;-8;11;-9;12;-9;12;-9;13;-9;13;-9;119;0;-13;-20;-13;-20;-13;-20;-13;-19;-13;-19;-13;-18;-13;-17;-13;-17;-13;-16;-13;-16;-13;-15;-13;-15;-13;-15;-13;-15;-13;-15;-13;-15;-12;-15;-12;-15;-12;-15;-11;-15;-11;-15;-10;-15;-10;-14;-9;-14;-9;-14;-8;-15;-7;-15;-6;-15;-3;-6;-1;-2;0;0;0;0;0;0;-1;-1;-3;-2;-7;-5;-7;-6;-7;-6;-7;-7;-7;-7;-8;-8;-8;-9;-8;-10;-8;-10;-9;-11;-9;-12;-9;-12;-9;-13;-9;-13;-9;-14;-9;-14;-9;-15;-9;-15;-9;-16;-10;-16;-10;-16;-11;-17;-12;-17;-12;-18;-13;-19;-13;-19;-13;-20;-14;-20,stable,EXP_S041,ZONE_01,entree_zone,4.7,entree_zone,entree dans la zone
501173947,-52,6,a0:9f:7a:73:2b:3e,384,-110;-96;8;0;-7;-18;-7;-10;-8;-2;-10;6;-12;13;-14;19;-16;23;-18;26;-20;28;-21;29;-22;29;-23;27;-22;25;-20;22;-17;19;-14;16;-10;12;-5;10;1;8;6;6;11;5;15;5;19;6;22;8;23;9;6;2;0;0;0;0;0;0;0;0;0;0;0;0;0;0;0;0;0;0;2;-1;8;-4;11;-4;14;-5;17;-5;19;-5;22;-4;23;-3;24;-2;24;0;22;1;20;1;17;1;12;0;8;-2;3;-5;-2;-9;-6;-13;-10;-18;-14;-23;-16;-28;-18;-32;-18;-36;-18;-39;-17;-40;-15;-39;-13;-38;-127;0;9;-17;8;-17;8;-16;8;-15;8;-15;8;-15;8;-15;7;-15;6;-14;5;-14;5;-13;4;-13;5;-13;5;-13;4;-13;4;-14;4;-13;4;-13;4;-12;4;-12;4;-11;4;-11;4;-11;4;-11;4;-11;4;-11;4;-10;4;-9;1;-4;0;-1;-1;0;-1;0;-1;0;0;-1;1;-3;4;-6;4;-6;4;-6;4;-7;4;-7;4;-7;4;-8;5;-8;5;-8;5;-8;6;-9;6;-10;6;-10;6;-10;6;-11;6;-10;7;-11;7;-11;8;-11;8;-12;8;-13;8;-14;8;-14;8;-14;8;-14;9;-15;9;-15;10;-15;-127;0;-22;-14;-23;-14;-22;-14;-22;-14;-22;-13;-21;-12;-21;-11;-21;-10;-21;-10;-21;-9;-21;-9;-21;-9;-20;-9;-20;-9;-20;-8;-20;-8;-19;-8;-19;-8;-19;-9;-19;-9;-18;-9;-17;-9;-17;-9;-16;-9;-16;-9;-16;-9;-15;-10;-15;-11;-6;-4;-2;-2;0;0;0;0;0;0;-1;-1;-4;-2;-9;-4;-9;-4;-9;-5;-9;-5;-10;-6;-10;-6;-11;-7;-12;-7;-12;-8;-13;-9;-13;-10;-13;-10;-13;-10;-14;-11;-14;-11;-14;-11;-15;-12;-15;-13;-15;-13;-16;-13;-17;-13;-18;-13;-19;-13;-20;-13;-21;-14;-21;-14;-22;-14;-22;-14,stable,EXP_S041,ZONE_01,entree_zone,4.7,entree_zone,entree dans la zone
501372520,-52,6,a0:9f:7a:73:2b:3e,384,-110;-96;8;0;-6;16;-2;10;4;5;9;0;14;-4;19;-7;24;-10;27;-11;29;-12;31;-12;31;-11;30;-10;29;-9;26;-7;22;-6;18;-5;13;-5;8;-6;3;-7;-2;-9;-6;-11;-10;-13;-12;-15;-14;-17;-14;-19;-4;-5;0;0;0;0;0;0;0;0;0;0;0;0;0;0;0;0;0;0;-2;-1;-8;-3;-10;-4;-13;-6;-15;-8;-17;-9;-18;-11;-19;-13;-18;-15;-17;-15;-16;-15;-14;-14;-12;-12;-9;-9;-7;-5;-5;0;-5;5;-4;11;-4;17;-4;23;-5;28;-6;32;-8;35;-10;37;-11;37;-12;36;-12;34;117;0;-18;4;-17;4;-17;3;-16;3;-16;3;-16;3;-15;3;-15;3;-14;3;-14;3;-13;3;-13;3;-13;3;-13;3;-13;3;-13;3;-12;3;-12;3;-12;2;-11;2;-11;2;-11;1;-11;1;-11;1;-11;1;-10;1;-10;0;-10;0;-4;0;-2;-1;0;-1;0;-1;0;-1;-1;0;-3;0;-6;2;-7;2;-7;2;-7;2;-8;2;-8;2;-8;2;-8;2;-9;2;-9;2;-10;2;-11;2;-11;2;-11;3;-11;3;-12;3;-12;2;-12;2;-13;2;-14;3;-14;3;-15;4;-15;4;-15;4;-16;3;-16;3;-17;3;-17;3;117;0;4;22;4;22;4;22;4;22;4;21;3;20;4;20;4;19;4;19;4;19;4;18;4;18;4;18;4;18;4;18;4;18;3;17;3;17;3;17;2;17;1;17;1;17;1;16;0;16;0;15;-1;15;-2;15;-3;15;-1;5;-1;1;-1;-1;-1;-1;-1;-1;0;0;1;2;4;6;4;6;4;7;4;7;4;8;4;8;4;9;4;10;4;11;4;12;3;13;3;13;3;14;3;14;3;15;3;15;3;16;2;16;2;16;3;17;3;18;3;18;4;19;4;20;4;21;4;21;4;22;4;22,stable,EXP_S041,ZONE_01,entree_zone,4.7,entree_zone,entree dans la zone
501576371,-52,6,a0:9f:7a:73:2b:3e,384,-110;-96;8;0;16;-10;8;-8;-1;-7;-9;-6;-16;-5;-23;-6;-28;-6;-32;-7;-35;-8;-36;-9;-36;-9;-35;-10;-33;-9;-29;-8;-25;-7;-21;-5;-16;-3;-11;0;-6;4;-2;8;2;12;4;15;6;19;7;22;7;24;1;6;0;0;0;0;0;0;0;0;0;0;0;0;0;0;0;0;0;0;0;2;2;9;2;11;2;14;1;17;1;20;0;22;-1;24;-2;24;-4;24;-5;22;-5;20;-5;16;-3;12;-1;7;2;2;6;-3;11;-7;15;-12;20;-16;25;-19;30;-22;33;-23;36;-23;37;-22;36;-20;35;-19;115;0;19;4;18;4;17;4;16;5;16;5;16;5;16;4;16;3;16;2;15;1;14;1;14;1;14;1;14;1;14;1;14;1;14;0;13;0;12;0;11;1;11;1;11;1;11;1;11;1;11;0;10;0;10;1;9;1;3;0;0;0;-1;-1;-1;-1;-1;-1;0;0;2;0;7;2;7;2;7;2;7;3;8;3;8;3;8;3;8;3;9;3;9;4;10;4;11;4;11;4;11;4;12;4;12;4;12;5;12;5;13;6;14;6;15;5;15;5;16;4;16;4;16;5;17;5;17;6;18;6;115;0;7;-25;7;-25;7;-25;7;-24;6;-23;6;-23;5;-22;4;-21;3;-21;2;-21;2;-21;2;-21;2;-21;2;-21;2;-20;2;-20;2;-20;2;-20;2;-20;3;-20;3;-19;4;-18;4;-18;3;-17;4;-17;4;-17;5;-17;6;-17;2;-6;0;-2;-1;0;-1;0;-1;0;-1;-1;0;-4;0;-9;1;-9;1;-9;2;-10;2;-10;2;-11;3;-12;3;-13;4;-13;5;-14;5;-14;6;-14;6;-15;6;-15;6;-16;7;-16;7;-17;8;-17;8;-17;7;-18;7;-19;7;-20;7;-21;7;-22;7;-23;8;-23;8;-24;8;-24,stable,EXP_S041,ZONE_01,entree_zone,4.7,entree_zone,entree dans la zone
501772433,-52,6,a0:9f:7a:73:2b:3e,384,-110;-96;8;0;18;-2;10;-4;2;-7;-5;-10;-12;-14;-17;-17;-21;-21;-24;-23;-26;-25;-27;-26;-27;-27;-25;-27;-23;-26;-20;-24;-18;-20;-14;-16;-12;-11;-10;-5;-8;0;-8;6;-7;11;-8;15;-8;19;-10;22;-11;23;-3;6;0;0;0;0;0;0;0;0;0;0;0;0;0;0;0;0;0;0;0;2;0;9;-1;11;-2;14;-3;17;-4;20;-6;22;-8;23;-9;23;-11;22;-11;21;-11;18;-9;15;-6;11;-3;7;2;3;7;0;13;-3;19;-5;26;-7;31;-8;36;-8;40;-8;42;-7;43;-5;42;-4;40;-3;116;0;11;15;11;15;10;15;10;14;9;14;9;14;9;13;9;13;9;12;9;11;9;11;8;11;8;11;8;11;8;10;8;10;8;10;8;10;8;10;7;9;7;9;7;9;6;9;6;9;6;9;5;9;5;9;5;9;1;3;0;1;-1;-1;-1;-1;-1;-1;0;0;2;1;5;5;5;5;5;5;5;6;5;6;6;6;6;6;6;7;6;7;6;8;6;8;7;9;7;9;7;10;7;10;7;10;7;11;8;11;8;12;8;12;9;12;9;13;10;13;10;13;10;14;10;15;10;15;10;16;116;0;21;-15;21;-15;21;-15;20;-15;20;-15;19;-14;18;-14;17;-14;17;-14;16;-14;16;-14;16;-14;16;-14;16;-14;16;-14;16;-13;16;-13;16;-13;16;-12;16;-12;16;-11;16;-11;16;-10;15;-9;16;-9;16;-8;16;-7;16;-6;6;-2;1;-1;-1;0;-1;0;-1;0;0;-1;1;-3;4;-8;4;-8;5;-8;6;-8;6;-9;7;-9;8;-9;8;-10;9;-10;10;-10;11;-10;12;-10;12;-10;13;-10;14;-10;14;-10;15;-11;15;-11;16;-11;16;-12;16;-12;17;-13;18;-14;18;-14;19;-14;20;-15;20;-15;20;-15,stable,EXP_S041,ZONE_01,entree_zone,4.7,entree_zone,entree dans la zone
501974740,-52,6,a0:9f:7a:73:2b:3e,384,-110;-96;8;0;-4;-18;-5;-10;-7;-3;-9;5;-12;12;-14;17;-17;21;-19;24;-21;26;-22;27;-23;27;-23;26;-22;24;-20;21;-17;18;-13;15;-9;12;-4;9;1;7;6;5;11;4;15;4;19;4;22;5;23;6;6;1;0;0;0;0;0;0;0;0;0;0;0;0;0;0;0;0;0;0;1;-1;8;-1;10;-1;13;0;16;1;19;2;21;3;22;5;23;6;22;7;21;8;18;8;15;6;11;4;7;1;3;-3;0;-8;-4;-13;-7;-18;-9;-24;-10;-30;-11;-34;-11;-38;-10;-40;-9;-41;-8;-40;-6;-39;120;0;11;-15;11;-14;11;-14;10;-13;10;-13;10;-13;10;-13;9;-13;8;-13;8;-13;7;-12;7;-12;7;-12;7;-12;7;-12;7;-12;6;-12;6;-11;6;-11;6;-10;6;-10;6;-10;6;-10;6;-10;6;-9;6;-9;6;-8;6;-8;2;-3;0;-1;-1;0;-1;0;-1;0;0;-1;1;-3;4;-6;4;-6;4;-6;5;-7;5;-7;5;-7;5;-7;5;-8;6;-8;6;-8;7;-9;7;-9;8;-9;8;-10;8;-10;8;-10;8;-10;9;-10;9;-11;10;-11;10;-12;10;-13;10;-13;10;-13;11;-13;11;-14;12;-14;12;-14;120;0;-19;-17;-19;-17;-19;-17;-19;-16;-18;-16;-18;-15;-18;-14;-17;-14;-17;-13;-18;-13;-18;-12;-18;-12;-17;-12;-17;-12;-17;-12;-17;-12;-17;-12;-17;-12;-16;-12;-16;-12;-15;-12;-14;-12;-14;-12;-13;-12;-13;-12;-12;-12;-12;-13;-11;-14;-4;-5;-2;-2;0;0;0;0;0;0;-1;-1;-3;-2;-8;-4;-8;-4;-8;-5;-8;-6;-9;-6;-9;-6;-10;-7;-11;-8;-11;-8;-11;-9;-11;-10;-11;-11;-12;-11;-12;-11;-12;-12;-12;-12;-13;-13;-13;-14;-13;-14;-14;-14;-14;-14;-15;-14;-16;-15;-17;-16;-17;-16;-18;-17;-18;-17;-18;-17,stable,EXP_S041,ZONE_01,entree_zone,4.7,entree_zone,entree dans la zone
502172974,-52,6,a0:9f:7a:73:2b:3e,384,-110;-96;8;0;-1;19;1;11;5;3;8;-5;12;-11;16;-17;19;-21;22;-24;23;-26;24;-27;25;-27;25;-26;25;-24;23;-21;19;-18;15;-15;11;-12;5;-10;-1;-8;-6;-6;-12;-6;-16;-5;-20;-5;-23;-7;-25;-8;-7;-2;0;0;0;0;0;0;0;0;0;0;0;0;0;0;0;0;0;0;-2;-1;-9;-3;-11;-3;-15;-5;-17;-6;-20;-8;-22;-10;-23;-12;-23;-13;-22;-15;-20;-15;-18;-14;-15;-12;-11;-9;-8;-5;-5;1;-2;6;0;12;2;19;3;25;4;31;4;37;3;41;2;43;1;44;0;43;-1;41;112;0;-16;12;-16;12;-16;11;-15;11;-15;11;-14;11;-13;10;-13;10;-12;10;-12;10;-12;10;-11;10;-11;10;-11;10;-10;10;-10;10;-10;10;-10;9;-10;9;-10;9;-10;8;-10;8;-9;8;-9;8;-9;7;-9;7;-9;6;-10;6;-4;2;-2;0;0;-1;0;-1;0;-1;-1;0;-2;2;-6;5;-6;5;-6;5;-7;5;-7;5;-7;5;-8;6;-8;6;-8;6;-9;7;-9;7;-10;7;-10;7;-11;8;-11;8;-11;8;-12;8;-12;8;-12;9;-13;9;-13;9;-14;10;-14;10;-15;11;-15;11;-16;11;-16;12;-16;12;112;0;14;21;14;21;14;20;14;20;14;19;14;18;14;18;14;17;14;17;14;16;14;15;14;15;14;15;14;15;14;15;13;15;13;15;13;15;12;15;12;15;11;15;11;15;10;14;10;14;9;14;8;15;7;15;6;15;2;5;0;1;-1;-1;-1;-1;-1;-1;0;0;2;1;7;4;7;5;7;5;7;6;7;7;7;8;8;8;8;9;8;10;8;11;9;12;9;12;9;13;9;13;9;14;9;14;9;15;9;15;10;16;10;16;11;17;11;17;12;18;12;19;13;19;14;20;14;20;15;20,stable,EXP_S041,ZONE_01,entree_zone,4.7,entree_zone,entree dans la zone
502372606,-52,6,a0:9f:7a:73:2b:3e,384,-110;-96;8;0;-4;17;-1;11;4;5;9;-1;13;-5;18;-9;22;-12;25;-13;27;-14;28;-15;29;-14;29;-13;28;-12;25;-10;22;-9;18;-7;13;-7;8;-7;2;-7;-3;-8;-7;-10;-10;-11;-13;-13;-15;-15;-16;-17;-4;-5;0;0;0;0;0;0;0;0;0;0;0;0;0;0;0;0;0;0;-2;-1;-8;-2;-10;-3;-13;-4;-15;-5;-17;-7;-19;-9;-20;-10;-20;-12;-19;-13;-18;-13;-16;-13;-13;-11;-11;-8;-8;-5;-6;0;-4;5;-2;11;-1;16;-1;22;-1;28;-2;32;-4;35;-5;37;-6;38;-7;37;-8;35;-126;0;-15;8;-15;8;-14;8;-14;7;-13;7;-13;7;-13;7;-12;7;-12;8;-11;8;-10;7;-10;7;-10;7;-10;7;-10;7;-10;7;-10;7;-9;7;-9;7;-9;6;-9;6;-9;6;-9;6;-9;6;-8;6;-8;5;-8;5;-8;4;-3;1;-1;0;0;-1;0;-1;0;-1;-1;0;-2;1;-6;3;-6;3;-6;3;-7;3;-7;3;-7;4;-7;4;-7;4;-8;4;-8;4;-9;4;-10;4;-10;5;-10;5;-10;5;-10;5;-11;5;-11;5;-12;5;-12;6;-13;6;-13;6;-13;7;-13;7;-14;7;-14;7;-15;7;-16;7;-126;0;10;20;10;20;10;20;10;19;10;19;10;18;10;17;10;17;10;16;10;16;10;16;10;15;10;15;10;15;10;15;10;14;10;14;10;14;9;15;9;15;8;14;8;14;7;14;7;13;7;13;6;14;5;14;5;14;1;5;0;1;-1;-1;-1;-1;-1;-1;0;0;2;2;5;5;5;6;5;6;5;7;5;8;5;8;5;9;5;10;5;11;5;11;5;12;5;12;5;13;5;13;5;14;5;14;5;15;5;15;6;16;6;16;6;16;7;17;8;18;8;18;9;19;9;20;9;20;9;20,stable,EXP_S041,ZONE_01,entree_zone,4.7,entree_zone,entree dans la zone
502572385,-52,6,a0:9f:7a:73:2b:3e,384,-110;-96;8;0;8;-19;2;-13;-4;-7;-11;-2;-17;2;-23;5;-28;6;-32;7;-34;8;-36;8;-37;7;-36;6;-34;5;-31;4;-27;3;-22;2;-16;3;-11;4;-5;6;0;9;4;11;8;14;10;17;12;20;12;22;3;5;0;0;0;0;0;0;0;0;0;0;0;0;0;0;0;0;0;0;1;0;7;3;9;5;12;7;14;9;16;11;17;14;18;16;18;17;16;18;15;18;13;17;11;14;8;11;6;6;5;0;4;-6;4;-12;5;-19;6;-25;8;-31;10;-36;12;-39;14;-40;16;-41;17;-39;17;-37;113;0;18;-2;18;-2;18;-2;17;-2;17;-2;16;-2;16;-2;16;-2;15;-3;14;-3;14;-3;14;-3;13;-3;13;-3;13;-3;13;-3;13;-3;12;-3;12;-3;12;-3;11;-2;11;-2;11;-2;11;-2;10;-2;10;-1;10;-1;10;-1;3;-1;1;0;-1;0;-1;0;-1;0;0;-1;2;-1;6;-2;7;-2;7;-2;7;-2;8;-2;8;-2;8;-2;9;-2;9;-2;10;-1;10;-1;11;-1;11;-1;12;-1;12;-1;12;-1;13;-1;13;-1;14;-1;14;-1;15;-1;16;-1;16;-2;16;-2;17;-2;18;-1;18;-1;19;-1;113;0;-1;-27;-1;-27;-1;-26;-1;-26;-1;-25;-1;-25;-2;-24;-2;-23;-2;-23;-3;-22;-3;-22;-3;-22;-3;-22;-3;-22;-3;-22;-3;-21;-3;-21;-2;-21;-2;-21;-2;-20;-1;-20;-1;-20;0;-19;0;-19;1;-18;1;-18;2;-18;3;-18;1;-7;0;-2;-1;0;0;0;0;0;-1;-1;-2;-3;-3;-9;-3;-9;-3;-10;-3;-11;-2;-11;-2;-12;-2;-13;-2;-14;-2;-14;-1;-15;-1;-16;-1;-16;0;-17;0;-17;0;-18;1;-18;1;-19;1;-19;1;-20;1;-21;0;-21;0;-22;0;-23;0;-24;0;-25;0;-26;0;-26;0;-27,stable,EXP_S041,ZONE_01,entree_zone,4.7,entree_zone,entree dans la zone
502772727,-52,6,a0:9f:7a:73:2b:3e,384,-110;-96;8;0;-2;-18;-4;-10;-6;-3;-8;4;-11;10;-14;15;-16;19;-19;21;-21;23;-22;24;-22;23;-22;22;-21;21;-19;19;-17;16;-14;13;-9;10;-4;8;1;6;5;5;10;4;14;4;17;4;20;5;21;5;5;1;0;0;0;0;0;0;0;0;0;0;0;0;0;0;0;0;0;0;1;0;7;1;9;1;12;2;15;4;17;5;19;6;20;8;20;9;19;10;18;11;15;10;12;9;9;6;6;2;3;-2;0;-7;-2;-12;-4;-17;-6;-23;-7;-28;-7;-32;-6;-36;-5;-38;-3;-39;-2;-38;-2;-36;112;0;10;-15;9;-14;9;-14;9;-13;9;-13;8;-13;8;-13;8;-13;7;-13;6;-12;6;-12;6;-12;6;-11;6;-11;6;-12;5;-12;5;-12;5;-11;4;-11;4;-10;5;-10;5;-10;5;-10;4;-10;4;-9;4;-9;4;-9;5;-8;1;-3;0;-1;-1;0;-1;0;-1;0;0;-1;1;-2;3;-6;4;-6;4;-6;4;-6;4;-6;4;-7;4;-7;5;-7;5;-7;6;-8;6;-8;7;-8;7;-9;7;-9;7;-9;7;-9;7;-9;8;-10;8;-10;9;-11;9;-11;9;-12;9;-12;9;-12;9;-13;10;-13;11;-13;11;-14;112;0;-18;-15;-18;-14;-18;-14;-18;-14;-18;-14;-17;-13;-17;-12;-17;-11;-17;-11;-17;-10;-17;-10;-17;-10;-17;-10;-17;-10;-16;-9;-16;-9;-16;-9;-16;-9;-16;-9;-15;-10;-15;-10;-14;-10;-14;-10;-13;-10;-13;-10;-12;-10;-12;-11;-12;-12;-5;-5;-2;-2;0;0;0;0;0;0;-1;-1;-3;-2;-7;-4;-7;-5;-8;-5;-8;-5;-8;-6;-9;-6;-9;-7;-10;-7;-10;-8;-10;-9;-10;-10;-10;-10;-11;-10;-11;-11;-11;-11;-11;-12;-11;-12;-12;-13;-12;-13;-13;-13;-13;-13;-14;-13;-15;-13;-16;-14;-16;-15;-17;-15;-17;-15;-17;-15,stable,EXP_S041,ZONE_01,entree_zone,4.7,entree_zone,entree dans la zone
502972421,-52,6,a0:9f:7a:73:2b:3e,384,-110;-96;8;0;-1;-19;-3;-11;-6;-3;-10;4;-14;10;-17;15;-20;18;-23;21;-25;23;-26;23;-27;23;-26;22;-25;20;-23;18;-20;15;-16;13;-11;10;-5;8;0;7;6;6;10;6;15;6;18;6;21;8;23;9;5;2;0;0;0;0;0;0;0;0;0;0;0;0;0;0;0;0;0;0;1;0;8;1;10;2;13;3;15;5;18;7;19;9;20;10;20;12;19;13;18;13;15;12;13;10;9;7;6;3;4;-2;1;-8;-1;-14;-2;-20;-3;-26;-4;-31;-3;-36;-2;-40;-1;-42;0;-42;1;-41;1;-39;112;0;16;-8;16;-8;16;-8;15;-8;15;-8;14;-8;14;-8;13;-8;12;-8;12;-8;11;-9;11;-9;11;-8;10;-8;10;-8;10;-8;10;-8;10;-8;9;-8;9;-8;9;-7;9;-7;8;-7;8;-7;8;-7;8;-7;8;-6;8;-6;3;-2;0;-1;-1;0;-1;0;-1;0;0;-1;2;-1;6;-3;6;-3;7;-3;7;-3;7;-3;8;-3;8;-4;8;-4;9;-4;9;-4;10;-4;10;-4;11;-4;11;-5;11;-5;12;-5;12;-5;12;-5;13;-5;13;-5;14;-6;14;-6;15;-6;15;-7;15;-7;16;-7;16;-7;17;-8;112;0;-10;-23;-11;-23;-11;-22;-11;-22;-11;-21;-11;-20;-11;-20;-11;-19;-12;-18;-12;-18;-12;-17;-12;-17;-13;-17;-13;-17;-12;-16;-12;-16;-12;-16;-12;-16;-11;-16;-11;-16;-10;-16;-10;-16;-10;-15;-10;-15;-9;-15;-9;-15;-8;-16;-7;-16;-3;-6;-1;-2;0;0;0;0;0;0;-1;-1;-2;-3;-5;-7;-5;-8;-5;-8;-5;-9;-5;-10;-5;-10;-5;-11;-5;-12;-5;-12;-5;-13;-5;-14;-5;-15;-5;-15;-5;-16;-5;-16;-5;-17;-5;-17;-5;-18;-6;-18;-6;-19;-7;-19;-7;-20;-8;-20;-8;-21;-9;-22;-9;-22;-10;-23;-11;-23,stable,EXP_S041,ZONE_01,entree_zone,4.7,entree_zone,entree dans la zone
503176438,-53,6,a0:9f:7a:73:2b:3e,384,-110;-96;8;0;14;9;8;3;4;-4;0;-10;-4;-16;-7;-22;-9;-26;-10;-30;-10;-32;-10;-34;-10;-34;-9;-33;-8;-31;-7;-27;-6;-23;-6;-19;-6;-13;-6;-8;-7;-2;-8;3;-10;7;-12;11;-13;14;-15;16;-17;18;-5;4;0;0;0;0;0;0;0;0;0;0;0;0;0;0;0;0;0;0;-2;1;-7;5;-9;7;-12;8;-15;9;-17;9;-20;10;-22;10;-23;9;-23;7;-22;6;-20;4;-16;3;-12;2;-7;2;-1;3;5;4;10;6;16;8;22;10;27;13;31;16;33;18;34;20;34;21;32;21;30;21;119;0;4;18;4;17;4;16;4;16;4;16;4;15;4;15;4;14;5;14;5;13;5;12;4;12;4;12;4;12;5;12;5;12;5;12;5;11;4;10;4;10;4;10;3;10;3;10;4;10;3;10;3;9;3;9;2;8;0;3;0;0;-1;-1;-1;-1;-1;-1;0;0;0;2;2;6;2;7;2;7;2;7;2;8;2;8;2;8;2;9;2;9;2;10;2;10;2;11;2;12;2;12;2;12;2;12;2;12;2;13;2;14;2;14;3;15;3;15;3;15;3;16;3;16;3;17;3;17;3;18;119;0;22;-7;22;-7;22;-7;22;-7;21;-7;20;-7;20;-7;19;-7;18;-8;18;-8;18;-8;17;-8;17;-8;17;-8;17;-8;17;-8;17;-8;17;-8;17;-7;17;-7;16;-6;16;-6;16;-6;15;-5;15;-5;15;-4;15;-3;15;-2;5;-1;1;-1;-1;0;-1;0;-1;0;0;-1;2;-2;6;-5;7;-4;7;-4;8;-4;8;-4;9;-4;10;-5;11;-4;11;-4;12;-4;13;-4;13;-4;14;-4;14;-4;15;-4;15;-4;16;-3;16;-3;17;-3;17;-4;18;-4;18;-5;19;-5;20;-5;21;-6;21;-6;22;-6;22;-6,stable,EXP_S041,ZONE_01,entree_zone,4.7,entree_zone,entree dans la zone
503378942,-52,6,a0:9f:7a:73:2b:3e,384,-110;-96;8;0;0;15;2;8;5;2;8;-5;11;-10;15;-15;18;-18;20;-20;21;-22;22;-22;23;-22;22;-21;21;-20;19;-17;16;-15;12;-13;8;-11;3;-9;-2;-7;-6;-6;-11;-6;-14;-6;-18;-7;-20;-8;-22;-9;-6;-3;0;0;0;0;0;0;0;0;0;0;0;0;0;0;0;0;0;0;-2;-1;-9;-2;-11;-2;-13;-4;-15;-5;-17;-7;-19;-8;-20;-10;-19;-12;-18;-12;-17;-13;-15;-12;-12;-10;-9;-7;-6;-3;-4;1;-2;6;0;11;2;17;3;22;3;27;3;32;2;35;1;37;0;37;-1;36;-2;34;121;0;-14;10;-14;10;-13;9;-13;8;-13;8;-13;8;-12;8;-12;9;-11;9;-10;9;-9;9;-9;8;-9;8;-9;8;-9;8;-9;8;-8;8;-8;8;-8;7;-8;7;-8;6;-8;6;-8;6;-8;6;-7;6;-7;6;-7;6;-7;5;-3;1;-1;0;0;-1;0;-1;0;-1;-1;0;-2;1;-6;4;-6;4;-6;4;-7;4;-7;4;-7;4;-7;4;-7;4;-8;4;-9;4;-9;4;-10;5;-10;5;-10;5;-10;6;-10;6;-11;6;-11;6;-12;6;-12;7;-12;7;-12;8;-12;8;-13;8;-13;8;-14;8;-14;9;-15;9;121;0;13;17;13;17;13;17;13;16;12;16;12;15;12;14;12;14;12;13;12;12;12;12;12;12;12;12;12;12;12;12;12;11;12;11;12;12;12;12;12;12;11;12;10;12;10;12;9;11;9;12;8;12;8;12;7;13;2;4;0;1;-1;-1;-1;-1;-1;-1;0;0;2;1;5;4;5;4;5;5;5;5;6;6;6;7;6;7;7;8;7;9;7;10;7;10;7;11;7;11;7;11;7;12;7;13;8;13;8;13;8;14;8;14;9;14;10;14;11;15;11;16;12;16;12;17;12;17;13;17,stable,EXP_S041,ZONE_01,entree_zone,4.7,entree_zone,entree dans la zone
503576321,-52,6,a0:9f:7a:73:2b:3e,384,-110;-96;8;0;-3;-18;-4;-9;-6;-1;-7;7;-8;14;-10;20;-12;25;-14;28;-15;31;-15;32;-16;32;-16;31;-15;28;-13;25;-11;22;-9;17;-5;13;-1;9;3;5;8;1;12;-2;16;-4;19;-5;22;-6;24;-6;6;-2;0;0;0;0;0;0;0;0;0;0;0;0;0;0;0;0;0;0;2;0;8;1;11;2;13;4;16;6;18;7;19;9;20;11;20;13;19;14;17;14;15;13;12;10;8;7;5;3;2;-2;-1;-8;-4;-13;-6;-19;-8;-25;-9;-31;-10;-36;-10;-39;-9;-42;-8;-42;-7;-41;-6;-39;116;0;9;-19;8;-18;8;-17;8;-16;8;-16;8;-15;8;-16;7;-16;6;-15;6;-15;5;-14;5;-14;6;-13;6;-14;6;-14;5;-14;5;-14;4;-13;4;-12;5;-11;5;-11;5;-11;5;-11;5;-11;5;-11;4;-10;4;-10;5;-9;1;-4;0;-1;-1;0;-1;0;-1;0;0;-1;0;-3;2;-8;2;-8;3;-8;3;-9;3;-9;3;-9;3;-10;3;-10;4;-10;5;-10;5;-11;6;-11;6;-12;6;-12;6;-12;6;-12;6;-13;7;-13;7;-14;8;-14;8;-15;7;-16;7;-16;8;-16;8;-16;9;-17;10;-17;10;-17;116;0;-22;-11;-22;-12;-22;-12;-22;-12;-21;-11;-20;-11;-20;-10;-19;-9;-19;-8;-20;-8;-20;-8;-19;-8;-19;-8;-19;-8;-18;-8;-18;-8;-18;-8;-18;-8;-18;-9;-18;-9;-17;-9;-16;-9;-15;-9;-15;-9;-14;-10;-14;-10;-14;-11;-13;-12;-5;-5;-2;-2;0;0;0;0;0;0;-1;-1;-3;-1;-8;-1;-8;-2;-9;-2;-9;-3;-10;-3;-10;-3;-11;-4;-12;-4;-13;-5;-13;-6;-13;-7;-13;-7;-14;-7;-14;-8;-14;-8;-15;-9;-15;-9;-15;-10;-16;-10;-16;-10;-17;-10;-18;-10;-19;-10;-20;-11;-20;-11;-21;-12;-21;-12;-21;-12,stable,EXP_S041,ZONE_01,entree_zone,4.7,entree_zone,entree dans la zone
503772576,-53,6,a0:9f:7a:73:2b:3e,384,-110;-96;8;0;15;7;10;1;5;-5;0;-11;-4;-17;-7;-22;-9;-27;-10;-30;-10;-32;-10;-34;-10;-34;-9;-33;-8;-31;-7;-28;-6;-24;-5;-20;-6;-14;-6;-9;-7;-3;-9;2;-11;6;-13;10;-16;12;-18;14;-20;15;-5;3;0;0;0;0;0;0;0;0;0;0;0;0;0;0;0;0;0;0;-1;1;-5;7;-6;9;-9;11;-11;13;-13;14;-16;15;-18;15;-19;14;-19;13;-19;12;-17;10;-15;8;-10;6;-6;5;0;4;5;4;12;4;18;5;24;6;29;8;33;10;36;13;37;15;37;16;35;16;33;16;120;0;4;18;3;17;3;16;3;16;2;16;3;15;3;15;3;15;4;14;4;13;4;12;4;12;4;12;4;12;4;12;4;12;4;11;4;11;4;10;3;10;3;10;3;10;3;10;3;10;3;9;2;9;2;9;2;9;0;3;0;0;-1;-1;-1;-1;-1;-1;0;0;0;2;1;6;1;7;1;7;1;7;1;8;1;8;1;8;1;8;1;9;1;9;1;10;1;11;1;11;1;11;1;12;1;12;1;12;1;13;1;13;1;14;2;15;2;15;3;15;3;15;2;16;2;16;2;17;2;17;120;0;23;-6;23;-6;23;-6;23;-6;22;-5;21;-6;20;-6;20;-7;19;-7;19;-7;19;-7;18;-8;18;-7;18;-7;18;-7;18;-7;18;-7;18;-7;18;-7;18;-6;17;-6;17;-5;16;-5;16;-4;16;-4;16;-3;16;-2;16;-2;5;-1;1;0;-1;0;-1;0;-1;0;0;-1;2;-2;7;-4;7;-4;8;-4;8;-4;9;-4;9;-4;10;-4;11;-4;12;-4;13;-3;13;-3;14;-3;14;-3;15;-3;15;-2;16;-2;17;-2;17;-2;17;-2;18;-3;18;-3;19;-4;20;-4;21;-5;22;-5;22;-5;23;-5;23;-5,stable,EXP_S041,ZONE_01,entree_zone,4.7,entree_zone,entree dans la zone
503972985,-52,6,a0:9f:7a:73:2b:3e,384,-110;-96;8;0;3;15;3;8;5;1;7;-6;9;-12;12;-17;14;-21;16;-24;17;-25;18;-26;18;-26;18;-25;18;-23;16;-21;14;-18;11;-14;7;-12;2;-9;-3;-7;-7;-5;-11;-4;-15;-4;-18;-4;-21;-4;-23;-5;-6;-2;0;0;0;0;0;0;0;0;0;0;0;0;0;0;0;0;0;0;-2;0;-9;0;-11;0;-14;-1;-16;-2;-19;-3;-20;-5;-21;-6;-21;-7;-21;-8;-19;-9;-17;-8;-14;-7;-10;-5;-7;-2;-3;2;0;6;2;11;5;16;7;21;8;26;9;30;9;34;8;36;7;36;6;35;5;34;116;0;-14;10;-14;9;-14;9;-13;9;-13;9;-12;8;-12;8;-11;9;-11;9;-10;9;-10;9;-10;8;-9;8;-9;8;-9;8;-9;8;-9;8;-9;8;-8;7;-8;7;-8;7;-8;6;-8;6;-8;6;-8;6;-8;6;-8;5;-8;5;-3;1;-1;0;0;-1;0;-1;0;-1;-1;0;-2;1;-6;4;-6;4;-6;4;-6;4;-7;4;-7;4;-7;4;-7;5;-8;5;-8;5;-9;5;-9;5;-10;5;-10;6;-10;6;-10;6;-10;6;-11;6;-11;6;-11;7;-12;7;-12;8;-13;8;-13;8;-13;9;-14;9;-14;9;-14;9;116;0;13;17;13;17;13;17;13;16;13;16;12;15;12;15;12;14;12;13;12;13;12;13;12;12;12;12;12;12;12;12;12;12;12;12;12;12;12;12;11;12;11;12;10;12;10;12;9;12;9;12;8;12;7;13;6;13;2;4;0;1;-1;-1;-1;-1;-1;-1;0;0;2;1;6;4;5;4;5;5;6;5;6;6;6;6;7;7;7;8;7;9;7;9;7;10;7;10;7;11;7;11;7;12;7;12;8;13;8;13;8;13;9;14;9;14;10;15;10;15;11;16;11;16;12;16;12;17;13;17,stable,EXP_S041,ZONE_01,entree_zone,4.7,entree_zone,entree dans la zone
504172849,-53,6,a0:9f:7a:73:2b:3e,384,-110;-96;8;0;14;-9;7;-8;-1;-7;-9;-6;-16;-6;-22;-7;-27;-8;-31;-8;-33;-9;-34;-10;-34;-11;-33;-11;-31;-10;-28;-9;-24;-8;-19;-6;-15;-3;-10;0;-6;4;-2;8;0;12;2;16;4;19;4;22;4;24;1;6;0;0;0;0;0;0;0;0;0;0;0;0;0;0;0;0;0;0;0;1;2;8;2;10;3;13;2;16;2;19;1;21;0;23;-2;23;-3;23;-4;22;-5;19;-4;15;-3;11;0;6;3;1;6;-3;10;-8;15;-12;20;-16;24;-19;29;-21;32;-22;35;-22;36;-21;35;-19;33;-17;116;0;18;4;17;4;17;4;16;4;16;4;15;4;15;3;15;3;15;2;14;1;14;1;13;1;13;1;13;1;13;1;13;1;13;0;12;0;11;0;11;0;11;1;10;1;11;1;11;0;10;0;10;0;9;1;9;1;3;0;0;0;-1;-1;-1;-1;-1;-1;0;0;2;0;7;2;7;2;7;2;7;2;7;2;8;2;8;2;8;3;9;3;9;3;10;4;10;4;11;4;11;4;11;4;11;4;12;4;12;5;13;5;13;5;14;5;15;4;15;4;15;4;16;5;16;5;17;5;17;5;116;0;5;-24;5;-24;5;-24;5;-24;5;-23;4;-22;4;-22;3;-21;2;-21;2;-21;1;-21;1;-21;1;-20;1;-20;1;-20;1;-20;1;-20;1;-20;1;-20;2;-19;2;-19;2;-18;2;-18;2;-17;3;-17;3;-17;4;-17;4;-17;1;-6;0;-2;-1;0;-1;0;-1;0;-1;-1;0;-3;0;-8;0;-9;1;-9;1;-9;1;-10;2;-11;2;-11;2;-12;3;-13;4;-13;4;-14;4;-14;5;-14;5;-15;5;-16;5;-16;6;-17;6;-17;6;-17;6;-18;6;-18;6;-19;6;-20;6;-21;6;-22;6;-23;6;-23;6;-24,stable,EXP_S041,ZONE_01,entree_zone,4.7,entree_zone,entree dans la zone
504373627,-52,6,a0:9f:7a:73:2b:3e,384,-110;-96;8;0;-17;-3;-10;1;-3;4;3;8;8;12;12;16;16;19;18;21;20;23;20;24;20;24;19;24;17;23;15;21;13;17;11;14;9;9;7;4;6;-1;5;-6;5;-11;5;-15;6;-18;7;-21;8;-22;2;-6;0;0;0;0;0;0;0;0;0;0;0;0;0;0;0;0;0;0;0;-2;3;-8;4;-10;6;-12;8;-14;10;-15;12;-16;13;-17;14;-17;15;-16;15;-14;13;-12;11;-10;8;-8;3;-6;-2;-4;-7;-2;-12;-1;-18;-1;-24;-1;-29;-1;-33;-2;-36;-3;-38;-4;-38;-5;-37;-6;-35;-6;109;0;-7;-17;-7;-17;-6;-16;-6;-16;-6;-15;-6;-15;-6;-14;-7;-14;-7;-13;-7;-13;-7;-12;-7;-12;-7;-12;-7;-12;-7;-12;-7;-11;-7;-11;-7;-11;-6;-10;-6;-10;-6;-10;-5;-10;-5;-10;-5;-9;-5;-9;-5;-9;-4;-9;-4;-9;-2;-4;-1;-1;0;0;0;0;0;0;-1;-1;-1;-3;-3;-7;-3;-7;-3;-7;-3;-8;-3;-8;-3;-8;-3;-8;-3;-9;-3;-9;-3;-10;-3;-10;-3;-11;-4;-11;-4;-11;-4;-12;-4;-12;-4;-12;-4;-13;-4;-13;-4;-14;-5;-14;-5;-14;-6;-15;-6;-15;-6;-15;-6;-16;-6;-17;-6;-17;109;0;-21;7;-21;8;-21;8;-20;8;-20;8;-19;8;-18;8;-18;8;-17;8;-17;8;-17;8;-17;8;-16;8;-16;9;-16;9;-16;8;-16;8;-16;8;-16;8;-16;8;-16;7;-15;7;-15;6;-15;6;-15;5;-15;5;-15;4;-15;3;-6;1;-2;0;0;-1;0;-1;0;-1;-1;0;-3;1;-7;4;-7;4;-8;4;-8;4;-8;4;-9;4;-10;4;-11;4;-11;4;-12;4;-13;4;-13;4;-14;3;-14;3;-15;3;-15;3;-16;3;-16;3;-16;4;-17;4;-17;5;-18;5;-19;6;-19;6;-20;6;-20;7;-21;7;-21;7,stable,EXP_S041,ZONE_01,entree_zone,4.7,entree_zone,entree dans la zone
504575812,-52,6,a0:9f:7a:73:2b:3e,384,-110;-96;8;0;15;4;9;0;3;-5;-2;-10;-6;-15;-10;-19;-12;-23;-14;-26;-15;-28;-16;-30;-15;-30;-14;-29;-13;-28;-11;-25;-10;-22;-8;-17;-7;-12;-7;-7;-7;-2;-8;3;-9;8;-10;12;-11;15;-13;17;-15;18;-4;4;0;0;0;0;0;0;0;0;0;0;0;0;0;0;0;0;0;0;-1;1;-4;7;-6;9;-8;11;-10;13;-12;14;-14;15;-16;15;-17;15;-17;14;-17;12;-16;11;-13;8;-9;6;-5;5;0;4;5;3;11;2;17;2;23;3;28;4;32;6;35;7;37;9;37;10;36;11;34;11;112;0;6;16;6;15;6;15;6;14;6;14;6;14;6;13;6;12;6;12;6;11;6;11;6;11;6;11;6;10;6;10;6;10;6;10;6;10;6;9;5;9;5;9;5;9;5;9;5;8;5;8;4;8;4;8;3;8;1;3;0;0;-1;-1;-1;-1;-1;-1;0;0;1;2;2;5;2;6;2;6;2;6;2;7;2;7;2;7;3;8;3;8;3;9;3;9;3;9;3;10;3;10;4;11;4;11;4;11;4;11;4;12;4;12;4;13;5;13;5;14;5;14;5;14;6;15;6;15;6;16;112;0;20;-9;20;-9;20;-9;20;-10;19;-10;19;-10;18;-10;17;-10;16;-10;16;-10;16;-10;15;-10;15;-10;15;-10;15;-10;15;-10;15;-10;15;-10;15;-9;15;-9;15;-9;14;-8;14;-8;14;-7;14;-7;14;-6;14;-5;14;-5;5;-2;1;-1;-1;0;-1;0;-1;0;0;-1;2;-2;6;-5;6;-5;6;-5;7;-5;8;-5;8;-5;9;-5;10;-5;10;-5;11;-5;12;-5;12;-5;13;-5;13;-5;14;-5;14;-5;15;-5;15;-5;16;-6;16;-6;17;-6;17;-7;18;-7;19;-8;19;-8;20;-9;20;-9;20;-9,stable,EXP_S041,ZONE_01,entree_zone,4.7,entree_zone,entree dans la zone
504772989,-52,6,a0:9f:7a:73:2b:3e,384,-110;-96;8;0;-9;15;-3;10;3;5;10;1;16;-2;21;-5;26;-7;30;-7;32;-8;34;-8;34;-8;33;-7;31;-6;28;-5;24;-4;19;-4;14;-4;8;-5;3;-7;-2;-9;-6;-12;-9;-14;-12;-16;-14;-19;-15;-21;-4;-6;0;0;0;0;0;0;0;0;0;0;0;0;0;0;0;0;0;0;-2;-2;-8;-5;-10;-7;-12;-10;-13;-12;-14;-14;-15;-17;-15;-19;-14;-20;-13;-21;-12;-20;-10;-18;-8;-15;-6;-11;-5;-6;-5;-1;-5;5;-6;11;-7;17;-9;23;-11;28;-14;32;-16;35;-18;36;-19;36;-20;35;-20;33;124;0;-19;3;-18;3;-18;2;-17;2;-17;2;-17;2;-17;2;-16;3;-15;3;-15;3;-14;3;-14;3;-13;3;-14;2;-14;3;-14;3;-13;3;-13;3;-12;3;-12;3;-12;2;-12;2;-11;2;-11;2;-11;2;-11;2;-10;1;-10;1;-4;0;-2;0;0;-1;0;-1;0;-1;-1;0;-3;0;-7;1;-8;1;-8;1;-8;1;-9;1;-9;1;-9;1;-9;1;-10;1;-11;1;-11;1;-12;1;-13;1;-13;1;-13;1;-13;1;-13;1;-14;1;-14;1;-15;1;-16;1;-16;2;-16;2;-17;2;-17;2;-18;1;-18;1;-19;1;124;0;3;23;3;24;3;24;3;23;3;23;3;22;3;21;4;20;4;20;5;20;5;20;5;19;4;19;4;19;4;19;4;18;4;18;4;18;4;18;3;18;3;18;2;18;2;17;2;17;1;17;0;17;-1;16;-2;16;-1;6;-1;1;-1;-1;-1;-1;-1;-1;0;0;1;2;3;7;3;7;3;8;2;8;2;9;3;10;3;10;2;11;2;12;2;13;1;14;1;14;1;14;1;15;1;16;1;16;1;17;0;17;0;18;1;18;1;19;2;19;2;20;2;21;2;22;2;23;2;23;3;24,stable,EXP_S041,ZONE_01,entree_zone,4.7,entree_zone,entree dans la zone
504976389,-52,6,a0:9f:7a:73:2b:3e,384,-110;-96;8;0;8;-17;3;-11;-4;-5;-10;-1;-16;3;-21;6;-26;8;-30;10;-32;11;-34;11;-34;10;-34;10;-32;8;-29;7;-25;6;-20;5;-15;5;-9;5;-3;6;2;7;7;9;11;11;14;13;16;15;17;17;4;4;0;0;0;0;0;0;0;0;0;0;0;0;0;0;0;0;0;0;1;1;6;5;7;7;9;9;11;12;12;15;13;17;12;19;12;21;11;21;9;20;8;18;6;15;5;11;4;6;4;0;4;-6;5;-12;6;-18;8;-24;10;-29;13;-33;15;-36;17;-38;18;-38;18;-37;18;-35;109;0;18;-6;17;-6;16;-5;16;-4;16;-4;16;-4;16;-4;16;-5;15;-6;14;-6;13;-5;12;-5;13;-4;13;-4;13;-5;13;-6;13;-6;12;-6;11;-5;10;-5;10;-4;11;-4;11;-4;11;-4;10;-4;10;-4;9;-3;9;-3;3;-1;0;-1;-1;0;-1;0;-1;0;0;-1;2;-1;6;-2;6;-2;7;-2;7;-3;8;-3;8;-3;8;-3;8;-3;8;-3;9;-3;10;-2;11;-2;12;-3;12;-3;12;-3;11;-3;12;-3;12;-2;14;-2;15;-3;15;-4;16;-5;16;-5;15;-5;16;-4;17;-3;17;-3;18;-3;109;0;-6;-24;-5;-24;-5;-25;-5;-24;-5;-24;-5;-23;-5;-22;-5;-21;-6;-21;-7;-21;-7;-20;-7;-21;-7;-20;-6;-20;-6;-19;-6;-19;-6;-19;-6;-19;-6;-19;-5;-19;-4;-19;-4;-18;-3;-18;-3;-17;-3;-17;-2;-17;-1;-17;-1;-18;0;-7;0;-2;0;0;0;0;0;0;-1;-1;-2;-3;-4;-8;-4;-8;-4;-9;-3;-9;-4;-10;-4;-10;-4;-11;-4;-12;-4;-13;-3;-14;-3;-15;-3;-15;-3;-15;-3;-16;-3;-16;-3;-17;-2;-18;-2;-18;-2;-19;-2;-19;-3;-19;-4;-20;-4;-21;-4;-23;-4;-24;-4;-24;-4;-24;-4;-24,stable,EXP_S041,ZONE_01,entree_zone,4.7,entree_zone,entree dans la zone
