timestamp_us,rssi,channel,mac,csi_len,csi_data,experiment_id,zone_id,scenario,distance_tx_rx_m,ground_truth,comment,marker_state
9633172251,-50,6,a0:9f:7a:73:2b:3e,384,-110;-96;8;0;-18;5;-13;7;-7;11;-3;14;1;18;3;22;5;25;5;28;5;29;5;30;3;31;1;30;0;28;-2;25;-3;21;-3;17;-2;12;0;8;3;4;6;1;10;-1;13;-2;16;-2;19;-1;21;0;5;0;0;0;0;0;0;0;0;0;0;0;0;0;0;0;0;0;0;0;-3;-4;-12;-15;-12;-18;-11;-21;-10;-24;-8;-26;-6;-26;-5;-25;-3;-24;-2;-21;-3;-18;-4;-14;-5;-11;-8;-8;-12;-4;-15;-2;-19;0;-22;2;-26;4;-30;5;-33;5;-35;5;-37;5;-37;4;-37;4;-35;3;-33;3;-118;0;-3;-13;-3;-13;-3;-13;-4;-13;-4;-12;-4;-12;-5;-12;-5;-11;-5;-11;-6;-11;-6;-10;-6;-10;-6;-10;-6;-10;-6;-10;-7;-10;-7;-10;-6;-10;-6;-10;-6;-10;-6;-10;-6;-9;-6;-9;-6;-9;-6;-9;-5;-9;-5;-9;-5;-9;-2;-4;-1;-1;0;0;-1;0;-1;0;0;-2;0;-4;2;-10;3;-10;3;-10;4;-10;4;-10;4;-9;5;-9;5;-9;5;-9;5;-9;4;-9;4;-9;4;-9;4;-9;4;-9;3;-9;3;-9;3;-9;2;-10;2;-10;1;-10;1;-10;0;-11;0;-11;-1;-12;-1;-12;-2;-13;-2;-13;-118;0;-25;9;-25;9;-24;9;-23;9;-22;9;-21;9;-21;9;-20;9;-19;9;-18;9;-18;9;-17;9;-17;9;-16;9;-16;9;-16;9;-16;8;-15;8;-15;7;-14;7;-14;7;-14;7;-13;6;-13;6;-13;5;-13;5;-13;4;-13;4;-5;1;-2;0;0;-1;0;-1;0;-1;-2;0;-4;2;-12;5;-12;5;-13;5;-13;5;-14;5;-14;5;-15;5;-16;5;-16;5;-17;5;-18;5;-18;5;-18;5;-19;5;-19;5;-20;5;-20;5;-20;5;-21;6;-21;6;-22;7;-22;7;-23;8;-24;8;-24;9;-25;9;-25;10;-25;10,empty,EXP_S052,ZONE_01,sortie_zone,4.7,sortie_zone,sortie de la zone
9633372359,-50,6,a0:9f:7a:73:2b:3e,384,-110;-96;8;0;-18;1;-13;4;-9;8;-5;13;-2;17;0;21;1;24;1;27;0;29;-1;30;-2;30;-3;29;-5;27;-5;24;-5;20;-5;16;-4;12;-1;7;2;4;5;1;9;-1;13;-1;16;-1;19;0;20;1;5;0;0;0;0;0;0;0;0;0;0;0;0;0;0;0;0;0;0;0;-2;-5;-6;-17;-5;-20;-3;-23;-1;-25;1;-26;2;-25;4;-24;5;-23;4;-20;3;-17;2;-14;-1;-11;-5;-9;-9;-7;-13;-5;-17;-4;-21;-3;-25;-3;-29;-3;-32;-3;-34;-4;-36;-4;-37;-5;-36;-5;-34;-6;-32;-6;-120;0;-8;-11;-8;-11;-7;-10;-7;-10;-7;-10;-7;-11;-8;-10;-9;-10;-9;-9;-9;-8;-9;-8;-8;-8;-8;-8;-9;-8;-9;-8;-10;-8;-10;-8;-10;-7;-9;-7;-8;-7;-8;-8;-8;-8;-8;-8;-9;-8;-8;-8;-8;-7;-8;-7;-7;-7;-3;-3;-1;-1;0;0;0;0;-1;0;-1;-2;-1;-4;0;-10;0;-11;0;-11;0;-11;0;-11;0;-10;0;-10;1;-10;1;-10;1;-10;1;-11;1;-11;0;-11;0;-10;0;-9;0;-9;0;-9;0;-10;-1;-10;-2;-11;-3;-11;-3;-10;-4;-10;-4;-10;-4;-11;-4;-11;-5;-12;-5;-13;-120;0;-19;16;-19;16;-19;16;-19;15;-18;15;-17;14;-16;14;-15;14;-14;14;-13;14;-13;14;-13;14;-13;13;-12;13;-12;12;-12;12;-11;12;-11;11;-11;11;-11;10;-11;10;-11;9;-10;9;-10;9;-10;8;-10;8;-10;7;-11;7;-4;2;-2;0;0;-1;0;-1;0;-1;-1;1;-4;3;-9;8;-9;8;-9;8;-10;8;-10;8;-11;9;-12;9;-12;9;-13;9;-14;9;-14;9;-14;10;-15;10;-15;10;-15;10;-16;10;-16;11;-16;11;-17;11;-17;12;-17;13;-18;14;-18;14;-19;15;-20;16;-20;16;-20;16;-20;16,empty,EXP_S052,ZONE_01,sortie_zone,4.7,sortie_zone,sortie de la zone
9633573373,-50,6,a0:9f:7a:73:2b:3e,384,-110;-96;8;0;-4;-17;-7;-12;-11;-8;-14;-4;-18;-1;-22;2;-25;3;-28;3;-29;2;-30;2;-31;0;-30;-1;-28;-3;-25;-4;-21;-4;-17;-4;-13;-3;-8;-1;-5;2;-2;6;-1;9;0;12;0;15;-1;18;-2;20;-1;5;0;0;0;0;0;0;0;0;0;0;0;0;0;0;0;0;0;0;3;-3;14;-10;17;-9;20;-8;23;-7;24;-5;24;-3;23;-2;22;-1;19;0;16;-1;13;-2;10;-4;7;-7;4;-10;2;-14;0;-18;-1;-21;-2;-25;-3;-28;-3;-31;-3;-34;-2;-35;-2;-36;-1;-35;-1;-34;-1;-32;-127;0;11;-4;11;-4;11;-4;11;-4;11;-4;11;-4;11;-5;10;-5;10;-6;9;-6;9;-6;9;-6;9;-6;9;-6;9;-6;9;-7;9;-7;9;-6;8;-6;8;-6;8;-6;8;-6;8;-6;8;-6;8;-6;8;-5;8;-5;8;-5;2;-2;0;-1;-1;0;-1;-1;-1;-1;1;0;3;0;9;2;9;3;9;3;8;3;8;4;8;4;8;4;8;4;8;4;8;4;8;4;8;4;8;3;8;3;8;3;7;3;7;2;8;2;8;2;9;1;9;1;9;0;9;0;10;-1;10;-1;10;-1;11;-2;11;-2;-127;0;-10;-24;-10;-23;-10;-23;-10;-22;-10;-21;-10;-20;-10;-19;-10;-19;-10;-18;-10;-17;-10;-16;-10;-16;-10;-16;-10;-15;-10;-15;-9;-15;-9;-15;-9;-15;-8;-14;-8;-14;-7;-14;-7;-13;-7;-12;-7;-12;-6;-12;-6;-12;-5;-12;-5;-12;-2;-5;-1;-2;0;0;0;0;0;0;-1;-2;-3;-4;-7;-11;-6;-11;-6;-12;-6;-12;-6;-13;-6;-13;-6;-14;-6;-15;-6;-16;-6;-16;-6;-17;-6;-17;-6;-17;-6;-18;-6;-18;-6;-18;-6;-19;-6;-19;-7;-20;-7;-20;-8;-20;-8;-21;-9;-22;-9;-22;-10;-23;-10;-23;-11;-24;-11;-24,empty,EXP_S052,ZONE_01,sortie_zone,4.7,sortie_zone,sortie de la zone
9633777538,-50,6,a0:9f:7a:73:2b:3e,384,-110;-96;8;0;-10;-15;-11;-9;-13;-4;-15;1;-17;6;-20;9;-22;12;-25;13;-27;13;-28;12;-29;11;-28;9;-27;7;-25;5;-21;3;-17;2;-13;2;-8;2;-4;4;0;6;3;9;5;12;5;15;5;17;4;19;1;5;0;0;0;0;0;0;0;0;0;0;0;0;0;0;0;0;0;0;2;-4;9;-15;12;-16;15;-16;18;-16;20;-15;21;-13;21;-11;20;-10;18;-8;15;-7;12;-7;8;-8;4;-9;0;-11;-3;-14;-6;-17;-9;-20;-11;-23;-13;-25;-15;-28;-16;-30;-16;-32;-15;-33;-14;-33;-13;-32;-12;-30;-120;0;6;-11;6;-11;6;-10;6;-9;6;-9;7;-10;6;-11;6;-11;5;-11;4;-11;3;-11;4;-10;4;-10;4;-11;4;-11;4;-11;3;-11;3;-11;3;-10;3;-10;4;-9;4;-9;4;-10;4;-10;3;-10;3;-9;3;-9;4;-8;1;-3;0;-1;-1;0;-1;0;-1;0;0;-1;3;-2;8;-4;9;-4;9;-4;9;-4;9;-3;9;-3;8;-3;8;-2;9;-2;9;-2;9;-2;9;-2;9;-3;8;-3;8;-3;7;-3;8;-3;8;-3;8;-4;8;-5;8;-6;7;-7;7;-7;7;-7;7;-7;7;-7;8;-8;8;-9;-120;0;-23;-13;-23;-13;-22;-13;-21;-12;-21;-12;-20;-11;-19;-10;-18;-9;-18;-9;-18;-8;-18;-8;-18;-8;-17;-8;-17;-7;-16;-7;-16;-7;-16;-7;-16;-7;-15;-7;-15;-7;-14;-7;-13;-7;-13;-7;-12;-7;-12;-7;-12;-7;-11;-7;-11;-8;-4;-3;-2;-1;0;0;0;0;0;0;-2;-1;-5;-2;-12;-5;-12;-6;-12;-6;-12;-6;-12;-7;-13;-7;-13;-8;-14;-9;-14;-9;-14;-10;-14;-10;-15;-10;-15;-10;-15;-11;-16;-11;-16;-11;-16;-12;-16;-12;-17;-12;-17;-12;-18;-12;-20;-12;-21;-12;-21;-12;-22;-13;-22;-13;-23;-13;-23;-13,empty,EXP_S052,ZONE_01,sortie_zone,4.7,sortie_zone,sortie de la zone
9633972263,-50,6,a0:9f:7a:73:2b:3e,384,-110;-96;8;0;-19;1;-14;4;-10;8;-7;13;-5;17;-3;21;-3;25;-3;27;-4;29;-5;30;-6;29;-8;28;-9;26;-10;22;-9;19;-8;15;-6;11;-2;8;1;5;5;3;9;3;13;3;15;4;17;6;18;8;4;2;0;0;0;0;0;0;0;0;0;0;0;0;0;0;0;0;0;0;-3;-4;-10;-15;-9;-18;-8;-21;-7;-24;-5;-25;-3;-25;-1;-25;0;-23;1;-21;0;-18;-2;-15;-4;-12;-7;-9;-10;-6;-14;-5;-18;-3;-22;-2;-25;-1;-29;-1;-32;-1;-34;-2;-36;-3;-36;-3;-36;-4;-34;-4;-33;-4;-125;0;-3;-13;-3;-12;-3;-12;-3;-12;-3;-12;-3;-12;-3;-12;-4;-12;-4;-11;-5;-11;-5;-10;-4;-10;-4;-10;-5;-10;-5;-11;-5;-11;-5;-10;-5;-10;-5;-10;-4;-10;-4;-10;-4;-10;-4;-10;-4;-10;-4;-9;-4;-9;-3;-9;-3;-9;-1;-4;-1;-1;0;0;-1;0;-1;0;0;-2;0;-4;2;-10;3;-9;3;-9;3;-9;3;-9;3;-9;3;-9;4;-9;4;-9;4;-9;4;-9;4;-9;3;-9;3;-9;3;-9;3;-8;3;-8;3;-9;2;-9;2;-10;1;-10;1;-10;0;-10;0;-11;0;-11;0;-11;0;-12;-1;-13;-125;0;-25;8;-25;8;-24;7;-24;7;-23;7;-22;7;-21;7;-20;7;-19;7;-19;7;-18;7;-18;7;-18;7;-17;7;-17;7;-16;6;-16;6;-16;6;-15;6;-15;5;-15;5;-14;4;-14;4;-13;4;-13;3;-13;3;-13;2;-13;2;-5;0;-2;0;0;-1;0;-1;0;-1;-2;0;-4;2;-12;6;-12;5;-12;5;-12;5;-13;5;-14;5;-14;5;-15;5;-16;5;-16;4;-17;4;-17;4;-18;4;-18;4;-19;4;-19;4;-20;4;-20;4;-20;5;-21;5;-21;6;-22;6;-23;7;-24;7;-24;7;-25;7;-25;8;-25;8,empty,EXP_S052,ZONE_01,sortie_zone,4.7,sortie_zone,sortie de la zone
9634173056,-50,6,a0:9f:7a:73:2b:3e,384,-110;-96;8;0;6;15;8;9;10;4;13;-1;16;-5;19;-8;22;-10;24;-11;26;-11;27;-10;27;-9;27;-8;26;-6;23;-4;20;-2;16;-1;11;-2;7;-3;3;-4;-1;-7;-4;-10;-5;-13;-6;-16;-5;-18;-5;-20;-1;-6;0;0;0;0;0;0;0;0;0;0;0;0;0;0;0;0;0;0;-3;2;-13;10;-16;11;-19;10;-21;9;-23;8;-24;6;-23;5;-22;3;-20;3;-17;2;-14;3;-10;4;-7;7;-3;9;0;12;2;16;4;19;6;22;7;25;9;28;9;30;9;32;8;33;8;33;7;31;7;30;126;0;-10;7;-10;7;-10;6;-10;6;-10;6;-10;6;-10;7;-9;7;-9;8;-8;8;-8;8;-8;7;-8;7;-8;8;-8;8;-8;8;-7;8;-7;8;-7;7;-7;7;-7;7;-7;7;-7;7;-7;7;-7;7;-7;7;-7;6;-7;6;-3;2;-1;0;0;-1;0;-1;0;0;-1;0;-4;0;-10;0;-10;0;-10;-1;-10;-1;-10;-1;-10;-1;-10;-1;-9;-2;-10;-2;-10;-2;-10;-2;-10;-2;-10;-1;-10;-1;-9;-1;-9;-1;-9;-1;-9;0;-10;0;-10;1;-10;2;-10;3;-9;3;-9;3;-10;3;-10;4;-11;4;-12;5;126;0;16;17;16;17;16;17;15;16;15;16;14;15;14;14;13;13;13;12;13;12;13;11;13;11;13;11;12;10;12;10;12;10;12;9;12;9;12;10;11;10;10;10;10;9;9;9;9;8;8;8;8;8;8;9;7;9;2;3;0;1;-1;-1;-1;-1;-1;-1;1;0;3;2;8;7;8;8;8;8;8;8;8;9;8;9;9;10;9;11;9;11;9;12;9;12;9;13;9;13;10;13;10;14;10;14;10;14;11;15;11;15;12;15;12;15;13;16;14;16;15;17;15;17;16;17;16;17;16;18,empty,EXP_S052,ZONE_01,sortie_zone,4.7,sortie_zone,sortie de la zone
9634373103,-50,6,a0:9f:7a:73:2b:3e,384,-110;-96;8;0;-12;11;-7;11;-1;12;4;13;9;14;12;17;15;19;17;21;17;22;17;23;15;24;14;24;11;23;9;21;7;18;5;14;4;10;4;6;4;1;6;-3;8;-6;10;-9;13;-10;15;-10;17;-10;4;-3;0;0;0;0;0;0;0;0;0;0;0;0;0;0;0;0;0;0;-4;-2;-15;-9;-16;-12;-17;-15;-16;-18;-15;-20;-14;-21;-12;-21;-11;-20;-9;-18;-8;-15;-8;-12;-8;-8;-9;-4;-11;0;-13;4;-16;7;-18;10;-21;13;-23;15;-26;16;-28;18;-29;18;-30;18;-30;17;-29;15;-27;14;-127;0;-20;-15;-20;-15;-19;-14;-19;-14;-19;-13;-19;-13;-20;-12;-20;-11;-21;-10;-21;-9;-20;-8;-20;-8;-20;-8;-21;-8;-21;-7;-21;-7;-21;-7;-20;-6;-20;-6;-19;-6;-19;-6;-19;-6;-19;-6;-19;-6;-19;-6;-18;-6;-18;-7;-17;-7;-6;-3;-2;-1;0;0;0;1;0;0;-1;-2;-3;-7;-7;-19;-6;-19;-5;-20;-4;-20;-4;-20;-4;-20;-3;-19;-3;-19;-3;-20;-3;-20;-3;-20;-4;-20;-4;-19;-5;-19;-5;-18;-5;-17;-6;-17;-6;-17;-7;-18;-9;-18;-10;-17;-11;-17;-12;-17;-13;-17;-14;-17;-15;-17;-16;-18;-17;-18;-127;0;-23;43;-22;43;-21;42;-20;41;-20;40;-18;38;-17;37;-16;36;-14;36;-13;35;-12;35;-11;34;-11;33;-10;33;-10;32;-10;31;-9;30;-9;29;-10;28;-10;28;-10;27;-9;26;-9;25;-9;24;-9;23;-9;23;-10;22;-11;22;-4;7;-2;2;0;-1;0;-2;0;-1;-1;2;-4;7;-10;20;-11;20;-12;21;-13;21;-14;22;-14;23;-15;23;-16;24;-17;25;-18;25;-19;26;-20;27;-20;28;-20;29;-21;29;-21;30;-21;30;-21;31;-22;32;-22;33;-22;35;-23;37;-23;38;-23;39;-23;41;-23;42;-23;43;-22;44,empty,EXP_S052,ZONE_01,sortie_zone,4.7,sortie_zone,sortie de la zone
9634577610,-50,6,a0:9f:7a:73:2b:3e,384,-110;-96;8;0;9;12;9;7;11;1;13;-4;15;-9;17;-12;20;-15;22;-16;23;-17;24;-17;25;-16;25;-14;24;-12;22;-9;19;-7;15;-5;11;-4;6;-4;1;-5;-3;-6;-6;-8;-9;-11;-10;-13;-11;-16;-10;-18;-3;-5;0;0;0;0;0;0;0;0;0;0;0;0;0;0;0;0;0;0;-3;3;-12;13;-14;13;-18;13;-20;12;-22;11;-23;9;-23;8;-21;6;-19;5;-16;5;-12;5;-8;6;-4;7;-1;10;2;12;5;15;8;18;10;21;12;24;13;27;14;29;14;30;14;31;14;30;13;29;13;27;-127;0;-20;15;-20;15;-19;15;-19;15;-19;15;-19;15;-18;16;-17;16;-16;17;-14;17;-14;17;-13;17;-14;17;-14;17;-15;17;-14;17;-14;17;-14;17;-13;16;-13;16;-14;15;-13;15;-13;15;-13;15;-13;15;-13;14;-14;13;-14;13;-5;4;-2;1;0;-1;1;-1;0;-1;-2;0;-7;1;-19;4;-20;3;-21;3;-21;2;-21;1;-20;1;-20;0;-20;0;-20;-1;-20;-1;-20;-1;-20;-1;-20;0;-19;1;-19;1;-19;2;-19;2;-19;2;-19;3;-19;4;-19;6;-19;7;-19;8;-19;9;-19;9;-20;10;-21;11;-22;12;-127;0;36;32;36;31;35;30;34;29;33;28;32;27;31;25;30;24;30;23;29;22;29;21;28;21;28;20;27;20;27;19;26;18;26;18;25;18;24;18;23;18;22;18;20;17;19;17;19;17;18;17;17;17;16;18;15;18;5;6;1;2;-1;-1;-2;-1;-1;-1;2;1;7;3;20;11;20;12;20;13;20;13;20;14;21;15;22;17;22;18;23;20;23;20;23;21;23;22;24;23;24;24;25;25;26;26;26;26;27;26;28;26;29;26;30;27;32;28;33;28;34;29;34;30;35;31;36;32;37;32,empty,EXP_S052,ZONE_01,sortie_zone,4.7,sortie_zone,sortie de la zone
9634772538,-50,6,a0:9f:7a:73:2b:3e,384,-110;-96;8;0;4;15;6;9;9;4;13;0;16;-3;20;-5;23;-7;25;-8;27;-8;28;-8;28;-7;27;-5;25;-3;23;-1;19;0;15;0;11;0;6;-2;2;-4;-1;-7;-3;-10;-5;-13;-5;-16;-5;-18;-4;-20;-1;-6;0;0;0;0;0;0;0;0;0;0;0;0;0;0;0;0;0;0;-4;1;-16;7;-18;7;-21;5;-23;4;-24;2;-24;0;-24;-1;-22;-2;-19;-3;-16;-2;-13;0;-10;2;-7;5;-4;8;-2;12;-1;16;1;20;2;23;2;26;3;29;3;32;2;33;2;34;2;33;2;31;2;29;122;0;-13;2;-13;2;-12;2;-12;2;-12;2;-12;2;-12;3;-11;3;-11;3;-11;4;-10;4;-10;4;-10;4;-10;4;-10;4;-10;4;-10;4;-10;4;-10;4;-10;4;-10;3;-10;3;-10;3;-9;3;-9;3;-9;3;-9;2;-9;2;-4;0;-1;0;0;-1;0;0;0;0;-2;-1;-4;-1;-10;-3;-10;-3;-10;-4;-10;-4;-10;-4;-9;-4;-9;-5;-9;-5;-9;-5;-9;-5;-9;-5;-9;-5;-9;-5;-9;-4;-9;-4;-9;-4;-9;-4;-9;-3;-9;-3;-10;-3;-10;-2;-10;-2;-11;-1;-11;-1;-11;-1;-12;0;-12;0;-12;0;122;0;8;22;8;21;8;21;7;20;7;19;7;19;7;18;7;17;7;17;7;16;7;15;7;15;7;15;7;14;7;14;6;14;6;14;6;13;6;13;5;13;5;13;5;12;4;12;4;11;3;11;3;11;2;11;2;11;0;4;0;1;-1;-1;-1;-1;-1;-1;0;0;2;3;6;9;5;9;5;10;5;10;5;11;5;11;5;12;5;13;5;13;5;14;5;14;5;15;5;15;5;16;5;16;5;16;5;17;5;17;5;18;6;18;6;19;7;19;7;20;7;20;8;21;8;21;8;22;9;22,empty,EXP_S052,ZONE_01,sortie_zone,4.7,sortie_zone,sortie de la zone
9634977417,-50,6,a0:9f:7a:73:2b:3e,384,-110;-96;8;0;-16;-4;-13;0;-11;5;-9;10;-8;15;-8;19;-9;22;-10;24;-11;25;-12;26;-13;25;-14;24;-14;21;-13;19;-12;15;-10;12;-7;9;-3;6;1;5;5;4;8;4;11;5;14;7;15;9;16;10;4;2;0;0;0;0;0;0;0;0;0;0;0;0;0;0;0;0;0;0;-1;-5;-1;-17;0;-19;2;-22;5;-23;7;-23;8;-23;9;-21;9;-19;8;-17;7;-15;4;-13;1;-11;-3;-10;-7;-9;-11;-9;-15;-9;-19;-9;-22;-10;-25;-11;-28;-12;-30;-13;-31;-14;-31;-15;-30;-16;-28;-16;-27;-15;-128;0;0;-24;-1;-23;-1;-23;-1;-22;-1;-22;-1;-23;-2;-23;-4;-23;-5;-22;-6;-21;-6;-20;-6;-20;-6;-20;-6;-20;-7;-21;-8;-21;-8;-20;-8;-19;-8;-18;-7;-18;-7;-18;-6;-18;-7;-18;-7;-18;-7;-18;-6;-17;-6;-17;-5;-17;-2;-6;-1;-2;0;0;-1;0;-1;0;1;-2;4;-6;11;-15;12;-14;12;-14;13;-14;13;-14;12;-13;12;-13;13;-12;13;-12;14;-12;14;-13;13;-13;12;-13;12;-13;11;-13;11;-13;10;-13;10;-14;9;-15;8;-17;7;-18;6;-19;5;-19;4;-19;4;-20;4;-21;4;-22;4;-23;-128;0;-48;7;-48;7;-47;7;-45;7;-44;7;-42;8;-40;9;-38;9;-36;10;-35;10;-35;11;-34;11;-33;11;-33;11;-32;10;-31;10;-30;10;-30;10;-29;10;-29;9;-28;9;-27;8;-25;7;-25;7;-24;7;-24;6;-24;5;-24;4;-9;1;-3;0;0;-1;1;-1;0;0;-3;0;-9;0;-24;2;-24;2;-24;1;-25;1;-26;1;-27;1;-29;1;-30;0;-31;0;-32;-1;-33;-1;-33;-1;-34;-1;-35;-1;-36;-1;-37;-1;-37;-1;-38;-1;-39;0;-40;1;-41;2;-43;4;-44;4;-45;5;-47;5;-47;5;-48;6;-48;6,empty,EXP_S052,ZONE_01,sortie_zone,4.7,sortie_zone,sortie de la zone
9635172196,-50,6,a0:9f:7a:73:2b:3e,384,-110;-96;8;0;12;9;11;4;11;-2;11;-7;12;-12;14;-16;16;-19;18;-21;19;-21;20;-21;21;-20;21;-19;21;-16;19;-14;17;-11;14;-8;10;-6;5;-6;1;-5;-4;-6;-7;-7;-10;-9;-12;-12;-13;-15;-13;-17;-4;-5;0;0;0;0;0;0;0;0;0;0;0;0;0;0;0;0;0;0;-2;3;-6;16;-9;17;-12;18;-15;18;-17;18;-18;16;-18;15;-18;13;-16;11;-13;9;-10;8;-6;8;-2;9;2;10;6;11;9;13;13;15;16;17;19;19;21;21;22;23;22;25;22;26;21;26;20;25;19;23;-120;0;-15;19;-15;19;-15;19;-14;18;-13;19;-13;19;-12;19;-12;19;-11;19;-10;19;-9;19;-9;19;-9;19;-9;19;-9;19;-9;20;-9;20;-9;19;-9;19;-9;18;-9;18;-9;18;-9;18;-9;17;-9;17;-9;16;-10;15;-10;15;-4;5;-2;1;0;-1;1;-1;0;-1;-2;1;-7;3;-17;9;-18;8;-19;8;-19;7;-19;7;-19;6;-19;6;-19;6;-19;5;-19;5;-19;5;-19;5;-18;6;-18;6;-17;6;-17;6;-17;6;-17;7;-17;8;-17;9;-17;10;-17;11;-16;12;-16;13;-17;14;-17;14;-17;15;-18;16;-120;0;42;21;42;21;41;20;40;19;39;19;38;18;37;17;36;16;35;15;34;14;33;13;32;13;32;12;31;12;30;12;30;11;29;11;28;11;27;11;26;11;25;11;24;11;23;11;22;11;21;11;20;12;20;13;19;14;6;5;1;1;-1;-1;-2;-1;-1;-1;2;0;8;1;22;5;22;6;22;7;23;8;23;9;24;9;25;10;26;11;27;12;28;13;29;14;29;15;30;15;30;16;31;17;31;17;32;18;33;18;33;18;34;18;36;19;37;19;39;19;40;20;42;20;42;20;43;21;44;21,empty,EXP_S052,ZONE_01,sortie_zone,4.7,sortie_zone,sortie de la zone
9635374529,-50,6,a0:9f:7a:73:2b:3e,384,-110;-96;8;0;17;4;13;-1;10;-6;8;-11;7;-16;6;-20;6;-24;7;-26;9;-28;10;-28;11;-28;12;-27;13;-24;13;-21;12;-18;10;-14;7;-11;4;-8;-1;-6;-5;-5;-9;-5;-12;-6;-15;-7;-17;-10;-17;-12;-5;-3;0;0;0;0;0;0;0;0;0;0;0;0;0;0;0;0;0;0;0;3;3;16;2;18;0;21;-2;22;-5;23;-6;23;-8;22;-8;20;-8;18;-6;16;-4;13;-2;11;2;9;6;8;10;7;14;7;18;7;21;7;25;8;28;9;31;9;32;10;32;12;32;12;31;13;29;12;-119;0;2;12;2;11;2;11;2;11;1;11;2;11;2;11;3;11;3;10;4;10;4;9;4;9;3;9;3;10;4;10;4;10;4;10;4;9;4;9;3;9;3;9;3;9;3;9;3;9;3;9;3;9;2;8;2;8;0;3;0;0;-1;-1;0;-1;0;-1;-1;0;-2;3;-4;8;-4;8;-5;8;-5;8;-5;8;-5;8;-5;7;-5;7;-5;7;-6;7;-6;7;-5;7;-5;7;-4;7;-4;7;-4;7;-4;7;-4;7;-3;8;-3;9;-2;9;-2;9;-1;9;-1;9;-1;9;-1;10;-1;11;0;11;-119;0;23;-7;23;-7;23;-7;22;-6;22;-6;21;-6;20;-6;19;-6;18;-7;17;-7;17;-7;17;-7;16;-7;16;-6;16;-6;15;-6;15;-6;15;-6;15;-6;14;-5;14;-5;13;-4;13;-4;12;-4;12;-4;12;-3;12;-3;12;-2;4;-1;1;0;-1;0;-1;0;-1;0;1;-1;3;-2;11;-5;11;-5;11;-4;12;-4;12;-4;13;-4;13;-4;14;-4;15;-4;15;-4;16;-4;16;-4;16;-4;17;-4;17;-4;18;-4;18;-4;19;-4;19;-4;19;-4;20;-5;21;-5;21;-6;22;-6;23;-6;23;-7;24;-7;24;-7,empty,EXP_S052,ZONE_01,sortie_zone,4.7,sortie_zone,sortie de la zone
9635573336,-50,6,a0:9f:7a:73:2b:3e,384,-110;-96;8;0;12;10;11;4;10;-2;9;-8;10;-13;10;-18;12;-21;13;-24;14;-25;16;-25;17;-25;17;-24;17;-21;16;-18;15;-15;12;-11;9;-8;4;-6;0;-4;-5;-4;-9;-4;-13;-5;-15;-6;-17;-9;-18;-11;-5;-3;0;0;0;0;0;0;0;0;0;0;0;0;0;0;0;0;0;0;-3;3;-10;14;-12;15;-16;15;-18;15;-20;14;-21;13;-21;11;-20;10;-18;8;-15;7;-12;7;-8;7;-3;8;1;9;5;11;8;13;12;15;15;17;18;19;20;21;22;23;23;25;23;25;22;25;21;24;20;23;125;0;-11;23;-10;23;-10;22;-10;22;-9;22;-9;22;-8;23;-6;23;-5;23;-4;22;-4;22;-4;22;-4;22;-4;22;-3;23;-3;23;-3;23;-3;23;-3;22;-3;21;-3;21;-4;21;-3;21;-3;21;-3;20;-4;20;-5;19;-5;19;-2;6;-1;1;0;-1;1;-1;0;-1;-2;1;-6;4;-17;11;-18;10;-18;9;-19;9;-19;9;-19;8;-19;8;-19;8;-19;7;-19;7;-19;7;-19;8;-18;8;-17;8;-17;8;-16;8;-16;9;-16;10;-16;11;-16;12;-15;13;-14;14;-14;15;-13;16;-13;17;-14;18;-14;19;-14;20;125;0;45;13;45;13;44;12;43;12;41;11;40;11;38;9;37;8;36;7;36;6;35;5;34;5;33;5;32;4;31;4;31;4;30;4;30;4;29;4;28;5;27;5;26;5;25;5;24;5;23;5;23;6;22;7;22;8;7;3;2;1;-1;-1;-2;-1;-1;-1;2;0;8;1;22;4;23;5;23;5;23;6;24;7;25;8;26;8;27;9;28;10;29;11;29;11;30;12;31;12;31;12;32;13;33;13;33;14;34;14;35;14;36;13;38;13;39;13;41;13;43;13;44;14;45;14;45;14;46;13,empty,EXP_S052,ZONE_01,sortie_zone,4.7,sortie_zone,sortie de la zone
9635772099,-51,6,a0:9f:7a:73:2b:3e,384,-110;-96;8;0;8;-17;3;-15;-3;-14;-9;-13;-14;-13;-18;-14;-21;-15;-24;-16;-25;-18;-25;-19;-24;-20;-23;-21;-20;-21;-17;-20;-14;-18;-11;-15;-8;-11;-7;-7;-6;-2;-6;3;-8;6;-9;9;-12;12;-14;13;-17;13;-5;3;0;0;0;0;0;0;0;0;0;0;0;0;0;0;0;0;0;0;4;0;18;0;21;2;23;5;24;8;24;10;23;12;21;13;19;13;17;12;14;10;12;7;11;3;10;-1;10;-6;11;-10;12;-14;13;-18;14;-22;16;-25;18;-27;19;-29;21;-30;21;-30;22;-29;21;-28;20;-26;-127;0;23;7;22;6;22;6;21;6;21;6;22;6;23;5;23;4;23;2;22;1;21;0;21;0;21;1;22;1;22;1;22;0;22;-1;21;-1;20;-1;20;0;20;1;20;1;20;1;20;0;20;0;19;1;18;1;18;2;6;1;1;0;-1;0;-1;-1;-1;-1;1;1;5;5;13;15;13;16;12;17;12;17;11;17;11;17;10;16;9;17;8;17;8;18;9;18;9;18;10;17;10;16;9;15;9;14;9;14;10;15;11;15;13;14;14;13;15;11;16;10;16;10;17;10;18;11;19;11;21;11;-127;0;10;-52;9;-52;9;-51;9;-50;9;-48;9;-45;8;-43;7;-42;5;-41;4;-40;3;-39;3;-39;3;-37;2;-37;2;-36;1;-35;1;-35;2;-34;3;-34;3;-33;4;-32;4;-30;4;-29;4;-28;4;-27;4;-26;5;-26;6;-26;2;-10;1;-3;-1;0;-1;1;-1;0;0;-3;0;-10;2;-27;3;-27;3;-27;4;-28;4;-28;5;-30;6;-31;7;-33;8;-34;9;-34;10;-35;10;-36;10;-36;11;-37;11;-38;12;-39;12;-40;12;-40;12;-41;11;-42;11;-44;11;-46;11;-48;11;-49;11;-51;11;-51;11;-52;11;-52,empty,EXP_S052,ZONE_01,sortie_zone,4.7,sortie_zone,sortie de la zone
9635975249,-51,6,a0:9f:7a:73:2b:3e,384,-110;-96;8;0;17;-2;12;-5;8;-10;4;-14;1;-18;-2;-22;-3;-26;-3;-29;-2;-31;-1;-32;0;-32;1;-31;3;-28;3;-26;4;-22;4;-18;2;-13;0;-9;-3;-5;-6;-2;-10;0;-14;1;-17;1;-20;0;-21;-1;-6;-1;0;0;0;0;0;0;0;0;0;0;0;0;0;0;0;0;0;0;1;4;5;17;4;19;2;22;0;25;-2;26;-4;26;-6;25;-6;23;-6;20;-5;17;-3;14;0;11;4;8;8;6;12;5;16;3;20;3;25;2;29;2;32;2;34;2;36;3;37;4;36;4;34;5;33;4;125;0;5;11;5;11;5;11;5;10;5;10;5;11;6;11;6;10;7;9;7;9;7;8;7;8;7;8;7;8;7;9;8;8;8;8;8;8;7;8;7;7;6;7;6;8;6;7;7;7;7;7;6;7;6;7;5;7;2;2;0;0;-1;-1;0;-1;0;-1;-1;1;-1;3;-2;10;-2;10;-3;10;-3;10;-3;10;-3;10;-3;9;-4;9;-4;9;-4;9;-4;10;-4;10;-3;10;-3;9;-3;9;-3;9;-3;9;-2;9;-2;9;-1;10;0;10;1;10;1;10;1;10;2;10;2;11;2;11;3;12;125;0;21;-14;21;-14;21;-14;20;-13;20;-13;19;-12;18;-12;17;-12;16;-12;15;-12;14;-12;14;-12;14;-12;13;-12;13;-12;12;-11;12;-11;12;-11;12;-11;12;-10;12;-10;11;-9;11;-9;10;-8;10;-8;10;-8;10;-7;11;-7;4;-3;1;-1;-1;0;-1;0;-1;0;1;-1;3;-3;10;-8;10;-8;10;-7;11;-7;11;-8;12;-8;13;-8;14;-8;14;-8;15;-8;15;-8;16;-8;16;-8;16;-9;17;-9;17;-9;18;-9;18;-9;18;-9;18;-10;19;-11;19;-12;20;-12;21;-13;21;-13;22;-13;22;-14;22;-14,empty,EXP_S052,ZONE_01,sortie_zone,4.7,sortie_zone,sortie de la zone
9636173833,-50,6,a0:9f:7a:73:2b:3e,384,-110;-96;8;0;4;16;6;11;9;6;12;2;16;-2;19;-5;22;-6;25;-7;27;-7;28;-6;28;-5;27;-3;26;-1;23;0;20;1;16;2;12;1;8;-1;4;-3;0;-6;-2;-9;-3;-12;-3;-16;-2;-18;-1;-20;-1;-6;0;0;0;0;0;0;0;0;0;0;0;0;0;0;0;0;0;0;-4;2;-14;9;-16;9;-20;9;-22;7;-23;6;-24;4;-24;3;-22;2;-20;1;-17;1;-14;2;-11;3;-8;6;-5;9;-2;12;0;15;1;19;3;22;4;26;5;29;5;31;5;33;4;34;3;34;3;32;2;30;-128;0;-12;2;-12;2;-12;3;-12;3;-11;3;-11;3;-11;4;-11;4;-10;4;-10;4;-10;4;-10;5;-10;5;-10;5;-10;5;-10;5;-10;5;-10;5;-10;5;-9;5;-9;4;-9;4;-9;4;-9;4;-9;4;-9;4;-9;3;-9;3;-4;1;-1;0;0;-1;0;0;0;0;-2;-1;-4;-1;-10;-2;-10;-3;-10;-3;-9;-3;-9;-4;-9;-4;-9;-4;-9;-4;-9;-4;-9;-4;-9;-4;-9;-4;-9;-4;-9;-4;-9;-3;-9;-3;-9;-3;-9;-3;-9;-2;-9;-2;-10;-1;-10;-1;-10;-1;-11;0;-11;0;-11;0;-12;1;-12;1;-128;0;8;22;8;22;8;21;7;20;7;20;7;19;7;18;7;17;7;17;7;16;7;16;7;15;7;15;7;15;7;14;7;14;6;14;6;13;6;13;5;13;5;13;5;12;4;12;4;12;4;12;3;11;2;11;2;11;0;4;0;1;-1;-1;-1;-1;-1;-1;0;0;2;3;6;9;6;10;5;10;5;11;5;11;5;12;5;12;5;13;5;14;5;14;5;15;5;15;5;16;4;16;4;16;5;17;5;17;5;18;6;18;6;18;6;19;7;19;7;20;8;21;8;21;8;22;8;22;8;22,empty,EXP_S052,ZONE_01,sortie_zone,4.7,sortie_zone,sortie de la zone
9636372411,-50,6,a0:9f:7a:73:2b:3e,384,-110;-96;8;0;-19;-9;-17;-4;-15;2;-14;7;-14;13;-15;17;-17;20;-18;23;-20;23;-21;23;-23;23;-24;21;-23;18;-22;15;-20;12;-17;10;-12;7;-8;6;-3;6;1;7;5;9;7;11;9;14;10;17;10;19;2;5;0;0;0;0;0;0;0;0;0;0;0;0;0;0;0;0;0;0;-1;-5;-4;-19;-3;-21;-1;-24;1;-26;4;-27;6;-26;7;-25;8;-23;7;-21;6;-18;4;-16;1;-14;-3;-13;-7;-12;-12;-11;-16;-12;-19;-12;-23;-13;-27;-15;-30;-16;-32;-18;-33;-19;-33;-20;-32;-21;-31;-21;-29;-20;-122;0;4;-12;3;-12;3;-12;3;-11;3;-11;3;-12;2;-12;2;-12;1;-12;1;-11;0;-11;0;-11;0;-11;0;-11;0;-12;0;-12;0;-12;-1;-12;0;-11;0;-11;0;-11;0;-11;0;-11;0;-11;0;-11;0;-10;0;-10;1;-10;0;-4;0;-1;-1;0;-1;0;-1;0;0;-1;2;-3;7;-6;8;-6;8;-6;8;-5;8;-5;8;-5;8;-5;8;-5;8;-4;8;-4;8;-5;8;-5;8;-5;7;-5;7;-5;7;-5;7;-5;7;-6;7;-6;6;-7;6;-7;6;-8;5;-8;5;-9;5;-9;5;-10;5;-10;5;-11;-122;0;-28;-7;-27;-7;-27;-7;-26;-7;-25;-6;-24;-6;-23;-5;-23;-5;-22;-4;-22;-3;-21;-3;-21;-3;-21;-2;-20;-2;-20;-2;-19;-2;-19;-2;-18;-3;-18;-3;-17;-3;-17;-3;-16;-3;-16;-3;-15;-3;-15;-3;-15;-4;-14;-4;-14;-5;-5;-2;-2;-1;0;0;0;0;0;0;-2;-1;-5;-1;-14;-3;-14;-3;-14;-4;-15;-4;-15;-5;-16;-5;-16;-5;-17;-6;-17;-6;-18;-7;-18;-7;-19;-7;-19;-8;-19;-8;-20;-8;-20;-8;-20;-8;-21;-8;-21;-8;-22;-8;-23;-8;-24;-8;-25;-8;-26;-8;-26;-8;-27;-8;-27;-7;-28;-7,empty,EXP_S052,ZONE_01,sortie_zone,4.7,sortie_zone,sortie de la zone
9636572155,-50,6,a0:9f:7a:73:2b:3e,384,-110;-96;8;0;-2;-16;-6;-12;-10;-9;-14;-7;-17;-5;-21;-4;-24;-4;-26;-5;-28;-5;-28;-6;-27;-8;-26;-9;-24;-9;-21;-10;-17;-9;-13;-7;-10;-5;-7;-2;-5;2;-4;5;-4;9;-5;12;-6;14;-8;16;-10;16;-3;4;0;0;0;0;0;0;0;0;0;0;0;0;0;0;0;0;0;0;3;-3;15;-11;17;-10;20;-9;22;-7;23;-5;23;-3;22;-2;20;-1;17;-1;14;-1;12;-3;9;-6;7;-8;5;-12;3;-15;2;-19;2;-22;1;-25;1;-27;1;-30;2;-32;3;-33;3;-33;3;-32;4;-31;3;-29;-124;0;10;-3;10;-3;9;-3;9;-2;10;-2;10;-3;10;-3;10;-4;9;-4;9;-5;8;-5;8;-5;8;-5;8;-5;9;-5;8;-5;8;-5;8;-5;8;-5;8;-4;8;-4;8;-4;8;-4;7;-5;7;-4;7;-4;7;-4;7;-3;2;-1;0;-1;-1;0;-1;-1;-1;-1;0;0;2;1;8;3;8;4;8;4;8;4;7;4;7;4;7;4;6;5;6;5;6;5;7;5;7;5;7;4;6;4;6;3;6;3;6;3;6;3;7;3;7;2;8;1;8;1;8;0;8;0;8;0;9;0;10;0;10;-1;-124;0;-10;-23;-10;-22;-10;-22;-9;-21;-9;-20;-9;-19;-9;-18;-9;-17;-9;-17;-9;-16;-9;-16;-9;-15;-9;-15;-9;-15;-9;-14;-9;-14;-9;-14;-8;-14;-8;-13;-8;-13;-7;-13;-7;-12;-6;-12;-6;-12;-6;-11;-5;-11;-5;-12;-4;-12;-2;-5;-1;-2;0;0;0;0;0;0;-1;-1;-3;-4;-7;-10;-7;-11;-7;-11;-7;-11;-7;-12;-7;-13;-7;-13;-7;-14;-7;-15;-7;-15;-7;-16;-7;-16;-7;-17;-6;-17;-6;-18;-6;-18;-6;-19;-6;-19;-7;-19;-7;-19;-8;-20;-9;-20;-9;-21;-9;-21;-10;-22;-10;-22;-10;-23;-10;-23,empty,EXP_S052,ZONE_01,sortie_zone,4.7,sortie_zone,sortie de la zone
9636772445,-50,6,a0:9f:7a:73:2b:3e,384,-110;-96;8;0;-16;-11;-14;-6;-13;0;-13;5;-14;10;-15;14;-17;17;-19;19;-21;20;-22;20;-23;19;-24;17;-23;15;-22;12;-19;9;-16;7;-12;5;-7;4;-3;5;1;6;4;8;7;10;8;13;9;16;8;18;2;4;0;0;0;0;0;0;0;0;0;0;0;0;0;0;0;0;0;0;-1;-5;-1;-17;1;-19;3;-22;5;-23;7;-23;9;-22;10;-21;10;-20;10;-18;8;-16;5;-14;2;-13;-1;-12;-5;-12;-9;-12;-13;-13;-16;-14;-19;-15;-22;-17;-25;-18;-27;-20;-28;-22;-28;-23;-27;-23;-26;-23;-24;-22;-112;0;6;-24;5;-23;5;-22;5;-22;5;-22;5;-22;5;-23;4;-23;2;-23;1;-22;1;-21;1;-21;1;-21;1;-22;1;-22;0;-23;0;-23;0;-22;0;-21;1;-20;1;-20;1;-20;1;-20;1;-21;1;-20;1;-20;2;-19;2;-18;1;-7;0;-2;-1;0;-1;0;-1;0;1;-2;4;-4;13;-11;13;-11;14;-10;14;-10;14;-10;13;-10;13;-9;14;-9;14;-8;14;-8;14;-9;14;-9;13;-10;12;-10;11;-10;11;-10;11;-10;11;-11;11;-12;11;-13;10;-15;9;-16;9;-16;9;-16;9;-17;9;-18;10;-20;10;-21;-112;0;-49;-12;-49;-12;-49;-12;-47;-11;-46;-11;-44;-10;-42;-9;-40;-7;-39;-6;-39;-5;-38;-4;-37;-3;-37;-3;-36;-4;-35;-4;-34;-3;-34;-3;-33;-4;-32;-4;-31;-5;-30;-5;-29;-5;-28;-5;-27;-5;-26;-5;-26;-6;-25;-7;-25;-8;-9;-4;-3;-2;0;0;1;0;0;0;-3;-1;-10;-1;-26;-2;-25;-3;-26;-4;-26;-5;-27;-5;-29;-6;-30;-7;-31;-8;-32;-8;-33;-9;-34;-10;-35;-10;-35;-11;-36;-11;-37;-11;-37;-12;-38;-12;-39;-13;-40;-13;-41;-12;-43;-12;-44;-11;-46;-11;-48;-12;-49;-12;-50;-12;-50;-12;-51;-12,empty,EXP_S052,ZONE_01,sortie_zone,4.7,sortie_zone,sortie de la zone
9636972465,-51,6,a0:9f:7a:73:2b:3e,384,-110;-96;8;0;4;19;6;16;9;13;13;10;16;8;20;7;23;7;25;8;26;9;27;10;27;12;26;13;24;14;21;14;17;14;14;12;11;9;9;5;7;1;7;-3;8;-6;10;-9;12;-11;15;-12;18;-12;4;-3;0;0;0;0;0;0;0;0;0;0;0;0;0;0;0;0;0;0;-3;4;-10;17;-12;16;-15;15;-17;14;-18;11;-18;9;-17;8;-15;7;-12;7;-9;7;-7;8;-5;11;-3;13;-2;15;-1;18;0;20;0;23;1;25;2;27;2;28;2;30;2;31;2;31;1;31;1;30;1;29;-116;0;-17;8;-16;7;-15;7;-15;6;-16;7;-17;7;-18;8;-17;10;-16;11;-15;11;-15;11;-15;11;-15;11;-16;11;-17;12;-16;13;-16;13;-15;13;-15;12;-15;11;-15;11;-16;11;-16;11;-16;12;-16;12;-16;11;-16;10;-16;9;-6;3;-2;0;0;-1;1;0;0;0;-2;-1;-7;-4;-18;-10;-17;-11;-17;-11;-16;-12;-15;-12;-14;-12;-12;-12;-12;-13;-11;-13;-11;-14;-12;-13;-11;-12;-11;-11;-10;-10;-9;-9;-9;-8;-9;-8;-10;-8;-11;-6;-12;-4;-12;-3;-12;-1;-12;0;-12;0;-13;1;-14;1;-15;2;-17;3;-116;0;27;44;27;43;26;43;25;42;24;41;24;39;23;37;23;35;23;34;23;33;22;33;22;32;21;31;21;31;21;30;20;30;20;29;20;29;19;29;17;29;16;29;14;28;13;27;12;26;11;26;10;26;9;27;7;28;2;10;0;3;-1;-1;-2;-1;-1;-1;1;1;5;4;16;12;16;13;16;14;16;15;17;16;17;18;18;20;18;21;18;23;18;24;19;25;19;26;19;28;19;29;19;31;19;32;20;33;20;33;21;34;22;35;23;36;24;37;25;39;26;40;27;42;27;43;27;44;28;45,empty,EXP_S052,ZONE_01,sortie_zone,4.7,sortie_zone,sortie de la zone
9637173896,-50,6,a0:9f:7a:73:2b:3e,384,-110;-96;8;0;-6;-12;-9;-7;-12;-2;-16;3;-19;6;-22;9;-25;10;-27;11;-28;11;-28;11;-28;11;-27;9;-25;8;-22;6;-19;4;-15;3;-10;3;-6;3;-1;4;3;6;6;8;9;10;10;12;11;15;11;17;2;4;0;0;0;0;0;0;0;0;0;0;0;0;0;0;0;0;0;0;4;-1;19;-3;21;-1;24;2;24;5;24;7;23;9;21;10;18;10;14;9;11;7;8;3;5;-1;3;-6;2;-10;1;-15;0;-19;0;-23;0;-27;0;-30;0;-33;0;-34;1;-35;1;-34;0;-33;0;-31;0;-29;-127;0;12;-2;12;-2;12;-2;12;-2;12;-3;12;-3;11;-3;11;-4;11;-4;10;-5;10;-5;10;-5;10;-5;10;-5;10;-5;10;-5;10;-5;9;-5;9;-5;9;-5;9;-4;9;-4;9;-5;9;-5;9;-4;9;-4;9;-4;9;-3;3;-1;0;-1;-1;0;-1;-1;-1;-1;1;-1;4;0;12;1;12;1;12;2;12;2;12;3;12;3;11;4;11;4;11;4;11;4;11;5;11;4;10;4;10;4;10;4;10;4;10;3;10;3;10;3;10;2;11;2;11;1;11;1;11;1;11;0;12;0;12;0;13;-1;-127;0;-13;-21;-13;-21;-12;-20;-12;-20;-12;-19;-11;-18;-11;-18;-11;-17;-11;-16;-11;-16;-11;-15;-11;-15;-11;-15;-10;-15;-10;-15;-9;-14;-9;-14;-9;-14;-8;-14;-7;-14;-7;-14;-6;-13;-6;-13;-6;-12;-5;-12;-5;-12;-4;-12;-3;-12;-1;-5;-1;-2;0;0;0;0;0;0;-1;-1;-3;-3;-9;-7;-8;-8;-8;-8;-8;-9;-9;-9;-9;-10;-9;-11;-9;-11;-9;-12;-9;-12;-9;-13;-9;-13;-10;-14;-10;-14;-10;-15;-10;-15;-10;-16;-10;-16;-10;-16;-11;-17;-11;-17;-12;-17;-12;-18;-13;-19;-13;-19;-13;-20;-13;-20;-14;-20,empty,EXP_S052,ZONE_01,sortie_zone,4.7,sortie_zone,sortie de la zone
9637372773,-50,6,a0:9f:7a:73:2b:3e,384,-110;-96;8;0;3;15;5;10;9;4;13;-1;17;-5;21;-7;24;-9;27;-10;29;-10;30;-10;31;-8;30;-7;28;-4;25;-2;22;-1;17;0;12;0;7;-2;2;-4;-2;-7;-5;-11;-7;-14;-8;-17;-7;-20;-7;-22;-2;-6;0;0;0;0;0;0;0;0;0;0;0;0;0;0;0;0;0;0;-4;1;-17;6;-19;4;-22;3;-23;1;-23;-1;-23;-2;-22;-3;-20;-4;-18;-3;-15;-2;-12;0;-10;2;-7;5;-5;9;-3;13;-2;16;-1;20;1;24;2;27;2;31;2;33;2;35;1;35;1;35;1;33;0;32;118;0;-14;2;-14;2;-14;2;-14;2;-14;2;-13;3;-13;3;-13;3;-13;3;-12;3;-12;4;-12;4;-12;4;-12;4;-12;4;-12;4;-12;4;-12;4;-12;4;-12;3;-12;3;-12;3;-12;3;-11;2;-11;2;-11;2;-11;1;-11;1;-4;0;-2;0;0;-1;0;0;0;0;-2;-1;-4;-2;-10;-3;-10;-4;-10;-4;-10;-4;-9;-5;-9;-5;-9;-5;-9;-5;-9;-5;-9;-5;-9;-5;-9;-5;-9;-4;-9;-4;-9;-4;-9;-4;-9;-3;-9;-3;-10;-3;-10;-2;-11;-2;-11;-1;-12;-1;-12;-1;-12;0;-13;0;-13;0;-14;0;118;0;8;23;8;23;8;22;8;22;7;21;7;20;7;19;7;19;7;18;7;18;7;17;7;17;7;16;6;16;6;16;6;16;6;16;5;15;5;15;4;15;4;14;4;14;3;14;3;13;2;13;1;13;0;13;0;13;0;4;-1;1;-1;-1;-1;-1;-1;-1;0;0;2;2;7;6;7;7;6;8;6;8;7;9;7;10;7;10;7;11;7;12;7;13;7;13;7;14;7;15;6;15;6;16;6;16;6;17;6;17;7;18;7;18;7;19;8;20;8;20;8;21;8;21;8;22;9;22;9;23,empty,EXP_S052,ZONE_01,sortie_zone,4.7,sortie_zone,sortie de la zone
9637573048,-51,6,a0:9f:7a:73:2b:3e,384,-110;-96;8;0;15;1;11;-4;8;-10;6;-16;5;-22;4;-26;5;-30;5;-33;6;-35;7;-35;9;-34;10;-32;11;-29;11;-25;9;-20;7;-16;3;-11;-1;-7;-6;-5;-11;-3;-16;-3;-21;-3;-24;-5;-26;-7;-27;-10;-7;-3;0;0;0;0;0;0;0;0;0;0;0;0;0;0;0;0;0;0;-1;5;-3;21;-5;22;-9;23;-12;23;-14;22;-15;20;-15;17;-13;15;-11;13;-8;11;-4;10;0;9;5;9;9;9;13;9;17;10;20;11;24;11;27;12;30;13;32;14;33;15;34;15;33;15;31;14;29;13;-126;0;-3;14;-3;13;-3;13;-3;13;-3;13;-3;13;-3;14;-2;14;-2;13;-1;13;-1;13;-1;13;-1;13;-1;13;-1;13;-1;13;-1;13;-1;13;-2;13;-2;13;-2;12;-3;12;-3;12;-3;12;-3;12;-3;12;-4;11;-4;11;-2;3;-1;1;0;-1;0;-1;0;-1;-1;1;-3;3;-8;9;-8;9;-9;8;-9;8;-10;7;-10;7;-10;6;-10;6;-10;5;-10;5;-9;5;-9;5;-8;5;-8;5;-8;5;-7;6;-7;6;-7;6;-7;7;-6;7;-6;8;-5;8;-5;9;-5;9;-4;10;-4;11;-4;12;-4;12;-126;0;26;-4;26;-4;25;-4;25;-4;24;-4;23;-4;22;-4;22;-4;21;-5;20;-5;20;-5;20;-5;20;-5;20;-5;19;-5;19;-5;19;-5;19;-4;19;-3;19;-3;18;-2;17;-2;17;-1;17;-1;16;0;16;1;16;2;16;2;5;1;1;0;-1;-1;-1;0;-1;0;1;-1;3;-2;10;-5;10;-5;11;-5;11;-5;12;-5;13;-4;13;-4;14;-4;15;-4;16;-4;16;-4;17;-3;17;-3;18;-3;19;-3;19;-3;20;-3;20;-3;20;-3;21;-3;22;-3;23;-4;23;-4;24;-4;25;-4;25;-4;26;-4;26;-4,empty,EXP_S052,ZONE_01,sortie_zone,4.7,sortie_zone,sortie de la zone
9637773998,-51,6,a0:9f:7a:73:2b:3e,384,-110;-96;8;0;13;1;14;-3;14;-7;15;-11;16;-14;17;-17;19;-18;20;-19;20;-19;20;-18;20;-17;19;-16;18;-14;16;-12;13;-10;9;-8;6;-8;1;-8;-2;-8;-6;-10;-9;-12;-10;-14;-11;-16;-11;-18;-10;-20;-3;-6;0;0;0;0;0;0;0;0;0;0;0;0;0;0;0;0;0;0;-2;4;-8;17;-11;17;-15;17;-17;15;-18;12;-18;10;-17;7;-14;5;-10;3;-6;3;-2;4;2;5;6;8;9;10;11;13;13;15;14;18;15;20;16;21;16;22;16;22;16;22;16;21;15;19;15;16;15;14;126;0;-14;11;-14;11;-14;11;-14;11;-14;12;-13;13;-12;13;-11;14;-10;14;-10;14;-9;14;-9;14;-9;14;-9;15;-9;16;-8;16;-8;16;-8;16;-8;16;-9;15;-9;15;-9;16;-9;16;-9;16;-9;16;-9;15;-9;15;-10;14;-4;5;-2;1;0;-1;1;-1;0;-1;-3;1;-8;2;-23;6;-23;5;-23;4;-24;2;-23;1;-23;0;-23;-1;-23;-1;-23;-2;-23;-3;-22;-3;-22;-3;-21;-3;-20;-3;-19;-3;-18;-3;-18;-2;-18;-2;-18;-1;-17;1;-17;2;-17;2;-16;3;-16;4;-16;4;-17;5;-17;7;-17;8;126;0;44;4;44;5;43;5;42;5;41;4;40;4;39;3;38;2;37;2;36;1;35;1;35;0;34;0;33;0;33;0;33;0;33;1;32;1;32;2;31;3;30;4;29;4;27;5;27;5;26;6;25;7;24;8;24;10;8;3;2;1;-1;-1;-2;-1;-1;-1;2;0;6;0;18;1;18;2;19;2;19;2;20;3;21;3;22;3;23;4;23;4;24;4;25;5;26;5;27;5;28;5;29;5;30;6;30;6;31;6;32;5;34;5;35;5;37;5;38;5;40;5;41;5;42;4;43;4;44;4,empty,EXP_S052,ZONE_01,sortie_zone,4.7,sortie_zone,sortie de la zone
9637975195,-50,6,a0:9f:7a:73:2b:3e,384,-110;-96;8;0;-16;6;-14;10;-12;14;-12;17;-11;21;-12;23;-13;25;-14;26;-14;25;-15;25;-15;23;-15;21;-15;19;-13;16;-10;13;-8;11;-4;10;0;9;3;9;6;10;8;12;9;14;9;16;9;18;8;19;2;4;0;0;0;0;0;0;0;0;0;0;0;0;0;0;0;0;0;0;-4;-3;-15;-13;-15;-16;-14;-19;-12;-21;-9;-23;-6;-22;-4;-21;-3;-18;-3;-15;-3;-12;-5;-9;-8;-6;-12;-4;-15;-2;-19;-2;-22;-1;-25;-2;-28;-2;-30;-3;-32;-4;-33;-4;-32;-5;-31;-5;-30;-5;-28;-5;-26;-3;-120;0;3;-10;3;-9;3;-9;3;-9;3;-9;3;-9;2;-10;1;-10;1;-9;0;-9;0;-9;1;-9;1;-9;1;-9;0;-9;0;-9;0;-9;0;-9;0;-8;1;-8;1;-8;1;-8;1;-8;0;-8;0;-8;0;-8;1;-8;1;-7;0;-3;0;-1;-1;0;-1;0;-1;0;0;-1;2;-3;6;-8;6;-8;7;-8;7;-7;7;-7;7;-6;7;-6;8;-6;8;-5;8;-5;8;-5;8;-5;8;-5;7;-5;7;-5;7;-5;7;-5;7;-5;6;-5;6;-6;5;-6;5;-7;4;-7;5;-7;5;-7;5;-8;4;-8;4;-9;-120;0;-26;7;-26;7;-25;6;-24;6;-23;6;-22;6;-21;6;-21;6;-20;7;-19;7;-19;7;-19;7;-19;7;-18;7;-18;7;-17;6;-17;6;-17;6;-17;5;-17;4;-16;4;-15;4;-15;3;-15;3;-14;3;-14;2;-14;1;-14;1;-5;0;-2;-1;0;-1;0;-1;0;-1;-2;0;-4;1;-11;4;-11;3;-11;3;-12;3;-12;3;-13;3;-14;3;-15;3;-15;3;-16;3;-16;3;-17;3;-17;3;-18;3;-18;3;-19;3;-19;3;-20;3;-20;4;-21;4;-21;5;-22;5;-23;5;-24;6;-24;6;-25;6;-25;6;-26;6,empty,EXP_S052,ZONE_01,sortie_zone,4.7,sortie_zone,sortie de la zone
9638175296,-51,6,a0:9f:7a:73:2b:3e,384,-110;-96;8;0;1;-7;-5;-6;-11;-6;-17;-6;-22;-6;-25;-5;-28;-6;-30;-6;-31;-6;-30;-6;-29;-6;-27;-6;-24;-5;-21;-4;-16;-3;-12;-2;-8;1;-3;3;1;6;4;9;6;12;8;15;9;17;9;19;9;21;2;5;0;0;0;0;0;0;0;0;0;0;0;0;0;0;0;0;0;0;0;4;1;16;-1;18;-4;20;-6;21;-8;21;-10;20;-10;18;-10;15;-9;12;-7;9;-5;5;-1;2;2;-1;6;-4;11;-6;14;-9;18;-11;21;-12;24;-14;27;-15;28;-15;28;-15;27;-15;26;-14;23;-13;20;-12;117;0;15;25;14;24;14;24;14;23;14;22;15;22;15;21;16;20;16;20;16;19;16;18;16;17;16;17;16;17;16;17;16;17;16;17;15;16;14;16;14;16;13;16;13;16;13;15;13;15;13;15;12;15;11;16;10;16;3;5;0;1;-1;-1;-1;-2;-1;-1;1;2;3;7;10;21;9;22;8;22;7;23;6;23;5;23;5;23;4;23;3;24;3;24;3;24;3;24;3;24;3;23;3;23;3;23;4;23;4;23;5;23;6;23;7;23;8;23;9;23;9;24;10;24;11;25;12;25;12;26;117;0;16;-40;16;-39;16;-39;16;-38;15;-37;15;-36;14;-35;13;-34;12;-33;11;-33;11;-33;11;-32;11;-32;11;-32;11;-32;11;-31;12;-31;13;-30;13;-30;14;-29;14;-27;14;-26;14;-25;15;-24;15;-23;16;-22;17;-21;18;-20;6;-7;2;-2;-1;0;-1;0;-1;0;0;-2;1;-6;3;-16;4;-16;4;-16;5;-17;5;-18;6;-18;6;-19;7;-20;8;-21;8;-22;9;-22;9;-23;10;-23;11;-24;11;-25;12;-26;12;-27;13;-27;12;-28;12;-30;12;-31;13;-32;13;-34;14;-35;15;-36;15;-38;15;-39;15;-39,empty,EXP_S052,ZONE_01,sortie_zone,4.7,sortie_zone,sortie de la zone
9638372387,-50,6,a0:9f:7a:73:2b:3e,384,-110;-96;8;0;2;-4;-3;-7;-9;-9;-14;-12;-18;-14;-22;-15;-24;-16;-25;-17;-26;-17;-25;-16;-24;-15;-22;-14;-19;-12;-15;-9;-11;-7;-7;-4;-3;0;0;4;4;7;6;11;8;14;9;17;10;19;10;20;9;21;2;5;0;0;0;0;0;0;0;0;0;0;0;0;0;0;0;0;0;0;-5;1;-18;7;-21;5;-24;4;-26;2;-26;0;-26;-2;-24;-3;-21;-4;-18;-4;-13;-4;-9;-3;-3;-1;2;1;7;3;11;5;16;7;20;9;23;10;26;11;28;11;29;11;30;11;29;10;27;9;24;7;21;5;101;0;-3;30;-3;29;-3;29;-3;29;-3;29;-2;29;-1;28;0;28;1;27;1;26;2;26;2;26;2;26;2;25;2;25;1;25;1;24;1;24;0;23;-1;23;-1;23;-2;22;-1;22;-1;22;-2;21;-3;20;-4;20;-5;19;-2;6;-1;2;0;-1;0;-2;0;-1;0;3;-1;9;-3;27;-4;27;-6;27;-7;27;-9;27;-10;26;-10;26;-12;25;-13;25;-14;25;-14;25;-14;24;-14;24;-13;24;-13;23;-13;23;-12;23;-12;23;-11;24;-10;24;-9;25;-9;25;-8;25;-7;26;-7;27;-7;28;-6;29;-6;29;101;0;31;-24;31;-23;31;-22;30;-22;29;-21;28;-21;26;-21;25;-21;24;-22;23;-22;23;-21;22;-21;22;-21;22;-21;21;-21;21;-21;21;-21;22;-20;22;-19;22;-18;21;-17;21;-16;21;-15;21;-15;21;-14;21;-13;22;-12;22;-11;8;-4;2;-1;-1;0;-1;0;-1;0;1;-2;4;-5;13;-13;14;-13;14;-13;15;-13;16;-13;17;-13;18;-13;19;-14;20;-14;21;-13;22;-13;22;-13;23;-13;24;-14;25;-14;25;-14;26;-15;26;-15;26;-16;27;-17;27;-18;28;-19;29;-20;30;-21;31;-21;32;-21;32;-22;32;-23,empty,EXP_S052,ZONE_01,sortie_zone,4.7,sortie_zone,sortie de la zone
9638572232,-51,6,a0:9f:7a:73:2b:3e,384,-110;-96;8;0;-2;6;5;5;12;4;18;4;23;4;27;4;29;4;31;4;31;3;30;2;29;2;26;2;22;2;18;2;13;1;8;0;3;-2;-2;-5;-7;-7;-11;-9;-13;-11;-15;-13;-17;-14;-17;-16;-17;-16;-5;-5;0;0;0;0;0;0;0;0;0;0;0;0;0;0;0;0;0;0;1;-5;5;-20;7;-21;11;-22;13;-23;15;-22;17;-20;17;-18;16;-15;14;-11;10;-8;6;-5;1;-2;-5;0;-10;2;-15;4;-21;5;-25;7;-29;8;-32;9;-34;9;-35;10;-35;10;-34;10;-31;10;-27;10;-23;9;103;0;-11;-14;-10;-13;-9;-13;-9;-13;-9;-13;-10;-13;-10;-12;-11;-12;-11;-11;-10;-10;-10;-10;-10;-10;-10;-10;-10;-10;-10;-10;-10;-10;-9;-10;-9;-9;-8;-9;-8;-9;-7;-9;-7;-9;-7;-9;-7;-9;-7;-9;-6;-8;-6;-9;-5;-9;-2;-3;-1;-1;0;0;0;0;0;0;-2;-1;-4;-4;-10;-11;-9;-12;-9;-12;-8;-13;-8;-13;-7;-13;-7;-13;-6;-14;-6;-14;-5;-15;-5;-15;-5;-15;-6;-15;-6;-14;-5;-14;-5;-14;-5;-14;-5;-14;-5;-14;-6;-14;-7;-14;-7;-14;-7;-13;-7;-13;-7;-14;-8;-14;-9;-15;-9;-15;103;0;-5;22;-6;21;-6;21;-6;20;-6;19;-5;18;-4;17;-4;17;-3;17;-3;16;-3;16;-3;16;-4;15;-3;15;-3;15;-3;14;-3;14;-3;14;-3;14;-3;14;-4;13;-4;12;-3;12;-3;11;-3;11;-4;11;-5;11;-5;11;-2;4;-1;1;0;-1;-1;-1;0;-1;0;0;0;3;0;8;0;9;0;9;0;9;-1;10;-1;11;-1;11;-2;12;-2;13;-3;13;-3;13;-3;13;-3;14;-4;14;-4;15;-5;16;-5;16;-5;16;-5;16;-5;17;-4;18;-4;19;-5;20;-5;20;-6;20;-6;21;-6;21;-6;21,empty,EXP_S052,ZONE_01,sortie_zone,4.7,sortie_zone,sortie de la zone
9638776482,-51,6,a0:9f:7a:73:2b:3e,384,-110;-96;8;0;15;14;13;8;12;1;11;-6;12;-12;14;-17;16;-21;18;-24;20;-25;22;-25;24;-23;25;-21;25;-18;23;-14;20;-10;16;-7;11;-5;6;-4;0;-4;-5;-6;-9;-8;-11;-10;-13;-13;-13;-17;-13;-19;-4;-5;0;0;0;0;0;0;0;0;0;0;0;0;0;0;0;0;0;0;-2;3;-7;15;-9;17;-11;18;-13;20;-14;20;-15;20;-16;20;-16;19;-15;18;-13;16;-11;15;-8;14;-4;14;0;13;4;14;8;14;12;15;16;16;21;18;24;20;27;22;29;24;30;26;29;27;28;27;27;27;-126;0;-4;29;-4;28;-4;27;-4;27;-4;26;-5;27;-4;27;-3;28;-3;27;-2;27;-1;26;-1;25;-2;25;-2;26;-2;26;-2;26;-2;26;-2;25;-3;24;-3;23;-4;23;-4;23;-4;23;-4;22;-5;22;-5;21;-6;20;-7;19;-3;6;-1;2;0;-1;0;-1;0;-1;-2;1;-4;3;-11;10;-12;10;-12;10;-12;10;-12;10;-11;9;-11;9;-11;9;-11;9;-12;9;-12;10;-11;11;-11;12;-10;12;-9;12;-9;12;-9;13;-9;14;-9;15;-9;17;-8;18;-7;19;-6;20;-6;21;-6;22;-6;23;-7;25;-7;25;-126;0;53;10;53;9;52;9;51;9;49;9;47;8;45;7;43;6;41;5;40;4;39;3;38;3;37;3;36;2;35;2;34;2;33;2;32;2;32;3;31;3;30;4;28;4;27;3;26;3;25;3;24;4;24;5;23;7;8;2;2;1;-1;-1;-2;-1;-1;-1;3;-1;10;0;28;1;28;2;29;3;29;4;30;5;31;5;32;6;34;6;35;7;36;8;37;9;37;9;38;10;39;10;40;10;41;11;41;11;42;11;43;11;44;11;46;10;48;10;50;10;51;10;53;10;54;9;55;9;55;9,empty,EXP_S052,ZONE_01,sortie_zone,4.7,sortie_zone,sortie de la zone
9638975177,-52,6,a0:9f:7a:73:2b:3e,384,-110;-96;8;0;4;-2;10;1;15;3;20;4;24;5;27;5;30;3;31;2;30;0;29;-2;27;-3;23;-4;20;-4;16;-3;11;-2;6;0;1;1;-3;3;-7;6;-11;8;-14;10;-15;13;-17;14;-17;15;-18;16;-5;4;0;0;0;0;0;0;0;0;0;0;0;0;0;0;0;0;0;0;-1;6;-3;25;-4;25;-6;26;-8;25;-9;24;-9;22;-10;19;-10;15;-9;11;-9;6;-8;1;-8;-5;-8;-10;-8;-15;-8;-20;-9;-24;-10;-27;-12;-30;-14;-31;-15;-32;-17;-32;-18;-30;-18;-28;-17;-24;-14;-20;-12;-17;69;0;15;-39;15;-38;15;-37;14;-37;14;-36;13;-35;12;-34;11;-33;10;-32;9;-32;9;-31;9;-31;9;-31;9;-30;9;-30;9;-30;9;-29;9;-28;9;-28;10;-27;10;-26;10;-25;10;-25;10;-24;10;-23;11;-22;12;-21;13;-20;5;-8;1;-3;-1;0;0;2;-1;1;-1;-4;-1;-13;-1;-36;1;-37;3;-37;5;-37;7;-36;8;-36;10;-36;11;-36;13;-36;14;-36;15;-36;16;-35;17;-34;17;-33;17;-33;18;-32;18;-32;18;-33;17;-33;17;-34;17;-34;17;-35;17;-35;17;-36;17;-37;17;-38;17;-39;17;-39;69;0;-29;18;-29;17;-29;16;-29;15;-28;14;-27;14;-26;14;-25;13;-25;13;-25;12;-25;12;-24;11;-24;11;-23;11;-23;11;-23;11;-23;10;-23;9;-24;8;-23;7;-23;6;-23;5;-22;5;-22;4;-22;3;-22;1;-22;0;-22;-1;-8;-1;-3;-1;0;-1;-1;-1;0;-1;0;1;0;4;1;11;1;12;0;13;-1;14;-2;15;-3;16;-4;17;-6;18;-7;18;-9;18;-10;19;-11;19;-13;19;-14;19;-16;19;-17;19;-18;18;-18;18;-19;18;-20;18;-21;19;-22;20;-23;20;-25;19;-26;19;-27;19;-28;18;-28;18,empty,EXP_S052,ZONE_01,sortie_zone,4.7,sortie_zone,sortie de la zone
9639174605,-50,6,a0:9f:7a:73:2b:3e,384,-110;-96;8;0;11;-5;4;-2;-3;1;-9;5;-14;9;-19;12;-22;15;-25;17;-26;19;-26;20;-26;21;-25;20;-23;19;-20;17;-17;14;-14;10;-10;6;-6;2;-2;-2;2;-7;5;-10;8;-13;11;-16;13;-17;15;-18;4;-5;0;0;0;0;0;0;0;0;0;0;0;0;0;0;0;0;0;0;-4;0;-16;2;-18;1;-21;0;-23;-1;-24;-2;-25;-3;-24;-3;-23;-3;-21;-4;-18;-4;-14;-4;-9;-3;-4;-3;2;-2;7;-2;13;-2;18;-3;23;-3;27;-5;31;-6;34;-8;35;-9;36;-10;35;-11;33;-11;30;-11;92;0;16;11;16;11;16;11;15;10;15;10;15;9;15;9;15;8;15;8;15;8;15;7;15;7;14;7;14;7;15;7;15;7;14;7;14;7;13;7;13;7;13;7;12;7;12;7;12;7;11;8;11;8;10;8;10;9;3;3;1;1;-1;-1;-1;-1;-1;-1;1;0;3;2;10;6;10;7;10;7;9;8;9;8;9;9;9;9;9;9;9;10;9;10;9;11;9;11;9;11;9;11;9;11;9;11;9;11;10;11;10;11;11;11;11;11;12;11;13;11;13;11;14;11;14;12;15;12;15;12;92;0;7;-18;7;-18;8;-18;8;-18;8;-17;7;-16;7;-16;6;-15;6;-15;6;-15;6;-15;5;-15;5;-14;5;-14;5;-14;5;-14;6;-13;6;-13;6;-13;6;-12;6;-12;6;-11;6;-11;6;-10;6;-10;7;-9;7;-9;8;-9;3;-3;1;-1;-1;0;0;0;-1;0;-1;-1;-1;-3;-1;-8;-1;-8;-1;-8;0;-8;0;-9;0;-9;0;-10;1;-10;1;-11;2;-11;2;-12;2;-12;3;-12;3;-13;3;-13;4;-13;4;-14;4;-14;5;-14;5;-15;5;-15;5;-16;6;-17;6;-17;6;-18;7;-18;7;-19;7;-19,empty,EXP_S052,ZONE_01,sortie_zone,4.7,sortie_zone,sortie de la zone
9639375159,-50,6,a0:9f:7a:73:2b:3e,384,-110;-96;8;0;-4;12;-5;5;-6;-2;-9;-8;-11;-13;-14;-17;-17;-20;-19;-22;-22;-23;-23;-22;-24;-21;-24;-20;-22;-18;-20;-15;-17;-13;-13;-11;-8;-9;-3;-7;2;-5;7;-4;11;-3;15;-2;18;-2;20;-1;22;-1;5;-1;0;0;0;0;0;0;0;0;0;0;0;0;0;0;0;0;0;0;2;-2;12;-8;15;-8;18;-8;21;-8;22;-9;23;-9;23;-9;23;-8;21;-7;19;-6;15;-5;11;-3;7;0;3;3;-1;7;-5;10;-8;15;-10;19;-11;24;-12;28;-12;31;-11;34;-10;35;-8;35;-6;33;-5;30;74;0;-19;11;-19;11;-18;10;-18;10;-18;10;-17;10;-17;10;-16;10;-16;10;-15;10;-15;10;-15;10;-15;10;-14;10;-14;10;-14;9;-14;9;-14;9;-14;9;-14;8;-14;8;-14;7;-14;7;-14;6;-14;6;-14;5;-14;4;-14;4;-5;1;-2;0;0;-1;0;-1;0;-1;-1;1;-4;3;-10;9;-11;8;-12;8;-12;7;-13;7;-13;7;-13;7;-14;7;-14;6;-15;6;-15;6;-15;6;-16;6;-16;6;-16;6;-16;6;-16;6;-16;6;-16;6;-16;7;-17;8;-17;8;-17;8;-17;9;-18;9;-18;9;-19;10;-19;10;74;0;10;12;10;12;10;12;10;12;10;11;9;11;9;10;9;10;9;9;9;9;9;9;8;9;8;9;8;9;8;9;7;9;7;9;7;9;7;9;6;9;6;8;5;8;5;8;4;8;4;8;4;8;3;8;3;8;1;3;0;1;-1;-1;-1;-1;-1;-1;0;0;2;0;6;2;6;3;6;3;6;3;6;4;7;4;7;4;7;5;7;6;8;6;8;7;8;7;8;7;8;7;8;8;8;8;8;9;8;9;8;9;8;9;9;9;10;10;10;10;10;11;11;11;11;11;11;11;11;12,empty,EXP_S052,ZONE_01,sortie_zone,4.7,sortie_zone,sortie de la zone
9639573879,-50,6,a0:9f:7a:73:2b:3e,384,-110;-96;8;0;6;10;0;8;-6;6;-12;5;-17;6;-21;7;-24;9;-26;11;-27;12;-26;14;-25;15;-23;15;-21;15;-18;13;-15;11;-12;8;-10;4;-7;-1;-6;-5;-4;-9;-4;-13;-3;-16;-3;-19;-4;-21;-4;-22;-1;-6;0;0;0;0;0;0;0;0;0;0;0;0;0;0;0;0;0;0;1;-4;8;-13;10;-14;12;-16;14;-17;16;-18;16;-18;16;-18;16;-18;15;-16;13;-14;12;-11;10;-7;8;-3;7;2;6;7;6;11;7;16;8;20;10;24;13;27;16;28;18;29;20;29;21;27;21;24;20;22;67;0;13;41;12;40;11;39;10;39;9;38;9;38;10;37;11;36;12;35;12;33;11;32;11;32;10;32;10;32;10;32;10;32;10;31;9;30;8;30;6;29;5;29;4;29;4;29;4;28;3;27;2;27;1;26;-1;26;-1;9;-1;2;-1;-1;-2;-2;-1;-1;2;2;6;7;18;21;17;22;16;24;15;25;14;26;14;27;13;28;12;29;11;30;10;31;9;32;9;33;9;33;9;33;8;33;7;33;7;33;7;34;7;35;8;36;9;37;10;37;10;37;10;37;10;38;10;40;10;42;11;43;67;0;22;-17;24;-17;25;-16;25;-15;24;-13;22;-12;20;-12;19;-12;18;-13;18;-13;19;-13;19;-12;19;-11;18;-10;17;-10;16;-10;16;-11;17;-11;18;-10;18;-9;18;-8;17;-7;16;-6;15;-6;15;-6;16;-5;17;-4;18;-3;6;-1;2;0;-1;0;-1;0;-1;0;0;-2;1;-5;5;-12;5;-11;6;-11;6;-11;6;-11;6;-13;8;-14;9;-14;11;-14;12;-13;13;-13;13;-13;13;-13;14;-14;15;-15;17;-15;18;-14;18;-13;18;-13;18;-14;18;-15;19;-17;20;-18;22;-18;24;-17;24;-16;25;-16;24;-16,empty,EXP_S052,ZONE_01,sortie_zone,4.7,sortie_zone,sortie de la zone
9639773072,-50,6,a0:9f:7a:73:2b:3e,384,-110;-96;8;0;9;-9;10;-3;12;2;14;7;17;10;20;12;23;13;25;13;26;11;27;9;27;8;25;6;23;5;20;4;16;3;12;4;8;5;3;7;0;9;-3;12;-6;15;-7;17;-8;19;-8;21;-8;21;-3;5;0;0;0;0;0;0;0;0;0;0;0;0;0;0;0;0;0;0;-4;-3;-13;-11;-14;-13;-15;-16;-16;-18;-17;-19;-18;-19;-18;-19;-17;-18;-15;-17;-13;-15;-10;-14;-6;-12;-2;-11;2;-10;7;-10;11;-11;15;-13;19;-15;21;-19;22;-22;23;-25;22;-27;20;-28;18;-29;16;-27;14;-26;58;0;39;-25;39;-24;38;-23;38;-22;37;-22;36;-22;35;-22;34;-21;33;-21;32;-21;32;-20;31;-19;31;-18;31;-18;31;-18;32;-17;31;-17;31;-16;31;-14;30;-13;30;-12;30;-11;30;-10;29;-9;29;-8;29;-6;28;-4;28;-3;10;-1;3;0;-1;0;-1;1;-1;0;0;-4;3;-11;11;-29;13;-28;15;-28;17;-28;19;-27;20;-27;22;-26;23;-26;25;-25;26;-24;28;-24;29;-24;30;-23;30;-22;31;-21;31;-21;31;-21;32;-21;32;-21;33;-22;33;-23;34;-23;34;-24;35;-24;37;-24;38;-24;39;-24;40;-24;58;0;-22;-15;-22;-15;-21;-16;-20;-17;-19;-16;-18;-15;-17;-14;-17;-13;-18;-12;-18;-13;-17;-13;-16;-13;-16;-13;-15;-12;-15;-12;-15;-11;-15;-11;-15;-12;-15;-13;-14;-14;-13;-14;-12;-13;-11;-13;-11;-12;-11;-13;-10;-14;-9;-15;-8;-16;-3;-6;-1;-2;0;0;0;-1;0;0;-2;0;-5;0;-12;1;-11;0;-11;0;-12;0;-12;0;-14;-1;-15;-1;-16;-3;-16;-4;-16;-5;-16;-6;-16;-6;-17;-6;-18;-7;-18;-7;-18;-8;-18;-10;-18;-10;-19;-11;-19;-11;-20;-11;-21;-11;-22;-12;-22;-13;-22;-14;-22;-15;-22;-15;-22;-15,empty,EXP_S052,ZONE_01,sortie_zone,4.7,sortie_zone,sortie de la zone
9639972178,-51,6,a0:9f:7a:73:2b:3e,384,-110;-96;8;0;-16;-1;-12;-4;-8;-8;-5;-12;-4;-16;-3;-20;-4;-23;-5;-25;-6;-27;-8;-27;-9;-27;-10;-25;-11;-23;-10;-20;-9;-18;-6;-15;-3;-12;0;-10;3;-9;7;-8;10;-7;13;-7;16;-7;17;-8;18;-8;4;-2;0;0;0;0;0;0;0;0;0;0;0;0;0;0;0;0;0;0;-1;3;-5;13;-6;14;-8;16;-9;18;-10;19;-10;20;-10;21;-10;21;-9;20;-9;17;-8;15;-8;11;-8;7;-9;4;-10;0;-12;-3;-15;-6;-19;-8;-22;-8;-26;-8;-29;-7;-32;-5;-33;-4;-33;-2;-32;0;-30;1;57;0;-22;-6;-21;-6;-21;-6;-20;-5;-20;-5;-20;-5;-19;-5;-19;-5;-19;-4;-19;-4;-18;-3;-18;-3;-18;-3;-18;-3;-18;-4;-18;-4;-17;-4;-17;-4;-16;-4;-16;-5;-16;-5;-15;-5;-15;-5;-15;-5;-14;-6;-14;-6;-13;-7;-13;-7;-5;-3;-2;-1;0;0;0;-1;0;0;-2;0;-6;0;-15;0;-15;-1;-15;-2;-15;-3;-16;-3;-16;-4;-16;-4;-16;-5;-16;-6;-16;-6;-16;-7;-16;-7;-16;-7;-16;-7;-16;-7;-16;-7;-16;-7;-16;-7;-17;-7;-17;-7;-18;-7;-18;-7;-19;-6;-19;-6;-20;-6;-20;-6;-21;-6;-21;-6;57;0;-2;11;-2;11;-2;11;-3;11;-3;11;-3;10;-2;9;-2;9;-1;9;-1;9;-1;9;-1;9;-2;8;-2;8;-2;8;-1;7;-1;8;-1;8;-1;7;-2;7;-2;7;-2;6;-2;6;-1;6;-1;6;-2;6;-2;6;-2;6;-1;2;-1;0;0;-1;-1;-1;0;-1;0;0;0;1;1;5;0;4;0;4;0;4;0;5;0;5;0;6;0;6;0;7;-1;7;-1;7;-1;7;-1;7;-1;7;-1;8;-1;8;-2;9;-2;9;-2;9;-2;9;-2;9;-1;10;-1;10;-2;11;-2;11;-2;11;-2;11;-2;11,empty,EXP_S052,ZONE_01,sortie_zone,4.7,sortie_zone,sortie de la zone
9640172247,-50,6,a0:9f:7a:73:2b:3e,384,-110;-96;8;0;-12;9;-12;4;-12;-2;-14;-6;-16;-10;-19;-13;-21;-14;-23;-15;-26;-14;-27;-13;-27;-11;-26;-10;-25;-8;-22;-8;-19;-7;-15;-8;-11;-9;-6;-10;-2;-12;1;-14;3;-16;5;-18;6;-20;7;-21;7;-22;2;-6;0;0;0;0;0;0;0;0;0;0;0;0;0;0;0;0;0;0;1;3;7;13;7;15;7;18;8;20;9;21;9;22;10;22;10;21;9;19;8;17;6;14;3;12;0;9;-4;7;-8;6;-12;6;-17;7;-20;8;-23;11;-26;14;-27;17;-26;20;-25;22;-23;24;-20;24;-18;23;46;0;-44;15;-43;15;-43;14;-42;14;-42;13;-41;13;-41;13;-40;13;-39;13;-38;13;-37;13;-37;12;-37;12;-37;11;-37;11;-37;11;-37;10;-37;8;-36;7;-36;5;-35;4;-35;4;-34;3;-34;2;-33;1;-32;-1;-31;-3;-31;-5;-11;-2;-4;-1;1;-1;1;-2;0;-1;-2;2;-8;7;-21;21;-22;20;-24;19;-26;18;-27;17;-28;16;-29;15;-30;14;-31;13;-32;12;-33;12;-34;11;-34;11;-34;10;-34;9;-34;9;-34;9;-35;9;-35;9;-36;10;-37;10;-38;11;-38;12;-39;12;-40;12;-41;13;-42;13;-43;14;46;0;12;20;12;20;12;20;11;20;10;19;9;18;9;17;9;16;9;15;9;15;9;15;9;15;9;14;8;14;8;13;8;13;8;13;8;13;7;14;7;14;6;13;5;13;5;12;5;12;5;12;4;13;3;14;2;14;0;5;0;1;-1;-1;-1;-1;-1;-1;1;0;4;1;11;4;11;4;11;4;11;5;11;5;11;6;12;7;12;8;12;10;12;10;12;11;12;11;12;11;13;12;13;13;12;14;12;14;11;15;11;16;11;16;12;16;13;17;14;18;14;19;14;19;13;20;13;20;13;20,empty,EXP_S052,ZONE_01,sortie_zone,4.7,sortie_zone,sortie de la zone
9640373985,-52,6,a0:9f:7a:73:2b:3e,384,-110;-96;8;0;10;-8;6;-1;3;6;0;12;-1;19;-1;24;-1;28;0;31;1;33;2;33;3;32;4;31;4;28;3;25;2;20;0;16;-2;11;-5;5;-8;1;-10;-4;-13;-8;-15;-11;-17;-13;-18;-14;-19;-16;-5;-4;0;0;0;0;0;0;0;0;0;0;0;0;0;0;0;0;0;0;-5;-1;-19;-3;-21;-5;-24;-7;-27;-8;-28;-10;-29;-10;-29;-10;-27;-10;-24;-9;-21;-8;-16;-8;-11;-7;-5;-6;2;-5;8;-6;13;-7;19;-8;24;-11;28;-14;32;-17;33;-20;34;-23;33;-25;32;-25;28;-25;25;-24;78;0;23;-7;22;-6;21;-6;21;-5;21;-5;21;-5;21;-5;20;-6;20;-6;19;-6;18;-6;18;-5;18;-5;18;-4;18;-4;18;-4;18;-4;17;-4;17;-3;16;-2;16;-1;16;-1;16;-1;15;-1;15;0;14;1;14;1;14;2;5;1;1;0;-1;-1;-1;0;-1;0;1;-2;4;-4;12;-11;13;-10;14;-10;15;-9;15;-9;15;-8;16;-8;16;-7;17;-6;17;-5;18;-5;19;-4;19;-4;18;-4;18;-4;18;-4;18;-3;18;-3;19;-3;20;-4;20;-5;20;-5;20;-5;20;-5;21;-5;22;-5;22;-5;23;-5;78;0;-10;-17;-10;-17;-9;-18;-8;-18;-7;-17;-6;-16;-6;-14;-6;-13;-7;-13;-7;-13;-7;-13;-6;-13;-5;-13;-5;-12;-5;-12;-5;-11;-5;-11;-5;-11;-5;-12;-4;-12;-3;-11;-2;-11;-2;-10;-2;-9;-2;-9;-2;-10;-2;-10;-1;-10;-1;-4;0;-2;0;0;0;0;0;0;-1;-1;-3;-2;-9;-4;-8;-4;-8;-4;-8;-5;-9;-5;-9;-5;-10;-6;-10;-8;-10;-9;-9;-9;-9;-9;-9;-10;-9;-10;-10;-10;-10;-11;-10;-12;-9;-13;-9;-13;-9;-13;-9;-13;-10;-13;-11;-14;-11;-15;-11;-16;-11;-17;-10;-17;-10;-17;-10;-17,empty,EXP_S052,ZONE_01,sortie_zone,4.7,sortie_zone,sortie de la zone
9640572413,-50,6,a0:9f:7a:73:2b:3e,384,-110;-96;8;0;0;0;2;-6;4;-12;5;-17;5;-21;5;-24;5;-27;4;-28;4;-29;3;-28;2;-26;1;-24;1;-21;0;-17;0;-13;0;-8;0;-3;0;2;-1;6;-1;10;-1;13;-1;16;-2;17;-2;19;-3;19;-1;4;0;0;0;0;0;0;0;0;0;0;0;0;0;0;0;0;0;0;1;-4;5;-15;7;-17;9;-19;11;-20;13;-20;14;-20;14;-18;14;-16;12;-13;10;-10;8;-6;5;-2;1;2;-2;7;-6;11;-9;15;-12;18;-14;21;-15;24;-15;27;-15;28;-15;28;-14;27;-12;25;-10;22;-8;19;96;0;-33;5;-33;5;-32;4;-31;4;-31;4;-31;4;-30;5;-29;6;-27;6;-26;6;-26;6;-26;5;-26;5;-26;5;-26;5;-26;5;-25;5;-24;4;-23;3;-23;2;-23;1;-23;1;-22;1;-22;1;-21;1;-20;0;-20;-2;-19;-3;-7;-2;-2;-1;0;-1;1;-2;0;-1;-2;1;-7;5;-19;15;-20;14;-22;13;-23;12;-24;12;-25;11;-25;10;-26;8;-28;7;-29;6;-30;6;-30;5;-30;5;-30;4;-30;3;-30;2;-30;2;-30;1;-31;2;-31;2;-31;3;-31;4;-31;3;-32;3;-32;3;-33;3;-35;3;-35;4;96;0;28;20;28;21;26;21;25;21;24;20;23;19;22;18;22;17;21;17;21;17;20;17;20;17;19;17;18;16;18;16;18;16;17;16;17;17;16;17;14;17;13;17;11;16;11;16;10;16;10;16;9;16;8;17;7;17;2;6;0;1;-1;-1;-1;-1;-1;-1;1;0;5;1;15;3;14;4;14;4;15;5;15;5;16;6;17;7;18;8;18;9;18;10;18;10;18;11;19;11;19;12;20;13;20;14;20;14;20;15;21;15;22;14;23;15;25;15;26;16;27;17;27;18;27;19;27;19;27;20,empty,EXP_S052,ZONE_01,sortie_zone,4.7,sortie_zone,sortie de la zone
9640772609,-52,6,a0:9f:7a:73:2b:3e,384,-110;-96;8;0;-8;9;-2;4;4;-1;10;-6;15;-10;20;-14;23;-16;26;-18;27;-19;27;-20;27;-19;26;-18;24;-15;22;-12;18;-9;14;-6;9;-3;4;0;-1;2;-6;3;-11;4;-15;5;-18;5;-20;4;-22;3;-6;0;0;0;0;0;0;0;0;0;0;0;0;0;0;0;0;0;0;0;0;-5;3;-18;5;-20;6;-23;8;-25;9;-26;11;-27;12;-27;12;-25;11;-22;9;-19;7;-15;3;-11;0;-6;-4;-1;-9;4;-13;8;-17;13;-21;17;-24;21;-27;25;-29;27;-30;29;-29;29;-28;29;-26;27;-24;25;105;0;-38;-16;-38;-16;-37;-15;-37;-15;-36;-14;-35;-13;-34;-12;-34;-12;-33;-11;-33;-11;-33;-10;-32;-10;-32;-9;-31;-9;-31;-10;-30;-10;-30;-10;-29;-11;-29;-11;-28;-11;-27;-11;-26;-11;-25;-12;-25;-12;-24;-12;-23;-13;-22;-14;-21;-14;-8;-6;-2;-2;0;0;1;0;0;0;-3;-1;-9;-2;-24;-5;-24;-6;-23;-7;-23;-9;-24;-10;-24;-11;-24;-12;-25;-12;-25;-13;-25;-14;-26;-14;-26;-15;-26;-15;-26;-16;-26;-16;-26;-16;-27;-16;-27;-16;-27;-16;-28;-16;-29;-16;-30;-16;-32;-16;-33;-16;-34;-16;-35;-16;-36;-16;-36;-16;105;0;-8;45;-8;44;-8;43;-7;41;-7;40;-6;38;-6;37;-6;36;-6;35;-5;33;-5;32;-5;31;-4;30;-4;30;-4;29;-5;28;-5;27;-6;26;-7;25;-7;24;-7;23;-7;22;-7;21;-8;20;-8;19;-9;18;-9;17;-10;16;-4;5;-2;1;0;-1;-1;-2;-1;-1;1;2;3;7;10;20;9;21;8;22;7;23;6;25;5;26;5;27;4;28;4;30;3;31;2;33;1;34;0;34;0;35;-1;35;-1;36;-2;36;-2;37;-2;38;-3;39;-3;40;-3;41;-4;42;-4;44;-4;45;-4;46;-4;46;-4;47,empty,EXP_S052,ZONE_01,sortie_zone,4.7,sortie_zone,sortie de la zone
9640972632,-55,6,a0:9f:7a:73:2b:3e,384,-110;-96;8;0;-4;-26;-5;-24;-7;-22;-9;-19;-10;-17;-12;-16;-13;-14;-15;-13;-16;-12;-17;-11;-18;-11;-18;-10;-19;-10;-19;-10;-19;-10;-18;-11;-17;-11;-15;-11;-14;-10;-12;-9;-10;-7;-9;-6;-7;-4;-7;-3;-7;-1;-2;-1;0;0;0;0;0;0;0;0;0;0;0;0;0;0;0;0;0;0;0;-3;1;-11;3;-14;6;-18;10;-20;14;-21;17;-21;20;-19;22;-17;22;-14;21;-11;18;-8;14;-7;10;-8;7;-10;3;-12;1;-16;-1;-19;-2;-22;-3;-25;-3;-28;-3;-30;-2;-32;-2;-33;-1;-33;-1;-32;-1;-32;-102;0;2;-6;1;-5;1;-4;0;-4;0;-4;0;-4;0;-4;-1;-4;-2;-5;-2;-4;-3;-4;-3;-3;-3;-2;-3;-2;-3;-3;-3;-3;-4;-3;-4;-3;-5;-2;-5;-2;-4;-2;-4;-2;-4;-2;-4;-2;-5;-2;-5;-2;-5;-1;-5;-1;-2;-1;-1;-1;0;0;-1;0;-1;-1;1;-1;3;-1;9;-2;10;-1;10;0;10;0;10;0;10;-1;10;-1;10;0;10;0;10;1;10;1;10;1;10;0;9;0;8;0;8;0;7;0;7;0;7;0;7;-1;7;-2;6;-3;5;-3;5;-3;4;-3;4;-3;4;-3;5;-3;-102;0;-13;-23;-13;-23;-13;-22;-13;-21;-13;-20;-13;-19;-13;-18;-13;-17;-13;-16;-13;-15;-13;-14;-13;-13;-13;-13;-13;-12;-13;-12;-12;-12;-12;-11;-12;-11;-11;-10;-11;-10;-10;-9;-10;-9;-9;-8;-9;-8;-8;-8;-8;-7;-8;-7;-7;-7;-3;-3;-1;-1;0;0;0;0;0;0;-1;-2;-1;-5;-2;-14;-1;-14;-1;-14;-1;-14;-1;-14;-1;-15;-2;-16;-2;-17;-2;-18;-1;-18;-2;-18;-2;-19;-2;-19;-3;-19;-3;-19;-3;-20;-4;-20;-4;-20;-5;-21;-6;-21;-7;-21;-8;-22;-9;-23;-10;-23;-11;-24;-11;-24;-12;-24;-12;-24,empty,EXP_S052,ZONE_01,sortie_zone,4.7,sortie_zone,sortie de la zone
9641172283,-55,6,a0:9f:7a:73:2b:3e,384,-110;-96;8;0;9;22;10;14;13;8;16;2;19;-2;23;-6;27;-8;29;-9;31;-10;32;-10;31;-9;30;-8;29;-8;26;-7;23;-8;21;-8;18;-9;15;-10;12;-12;10;-13;8;-15;7;-16;6;-17;5;-18;5;-18;1;-5;0;0;0;0;0;0;0;0;0;0;0;0;0;0;0;0;0;0;-2;1;-5;7;-6;10;-8;14;-11;18;-15;20;-19;22;-23;22;-26;20;-28;18;-28;15;-27;11;-23;9;-18;7;-12;6;-6;7;0;10;5;13;11;17;15;22;18;27;19;32;20;37;19;40;17;42;15;41;13;40;-113;0;-7;14;-7;13;-7;12;-7;11;-7;10;-7;10;-7;10;-6;10;-4;10;-3;9;-3;8;-3;7;-3;7;-3;7;-3;7;-3;7;-2;6;-1;5;-1;4;-1;3;-1;3;-1;3;-1;3;-1;3;0;3;1;3;1;2;1;2;0;0;0;0;-1;-1;0;-1;0;-1;-1;0;-2;3;-4;8;-5;8;-6;8;-6;9;-7;9;-7;10;-7;10;-7;10;-7;9;-8;9;-9;9;-9;10;-9;10;-9;11;-9;11;-9;10;-9;10;-9;10;-10;10;-10;11;-9;12;-9;13;-8;12;-8;12;-8;12;-8;12;-9;12;-9;13;-113;0;24;16;24;16;24;15;24;15;23;14;23;13;22;12;22;11;21;10;21;9;21;9;21;9;21;8;21;8;21;7;20;7;20;7;20;7;20;7;19;7;18;7;18;7;17;7;16;7;16;7;15;8;15;8;14;9;5;3;1;1;-1;-1;-1;-1;-1;-1;1;0;3;3;10;10;10;10;9;11;9;11;9;12;10;12;10;13;11;13;11;14;11;15;11;16;11;16;11;16;12;16;13;16;13;17;14;17;14;17;15;17;16;17;17;16;18;16;20;16;21;17;21;17;22;18;23;18;23;18,empty,EXP_S052,ZONE_01,sortie_zone,4.7,sortie_zone,sortie de la zone
9641375288,-52,6,a0:9f:7a:73:2b:3e,384,-110;-96;8;0;-31;2;-26;3;-20;4;-14;6;-9;9;-5;12;-1;16;1;19;2;23;3;25;3;28;2;29;0;29;-1;29;-3;27;-4;25;-4;22;-4;18;-2;14;0;11;2;8;5;7;8;5;11;5;12;5;3;1;0;0;0;0;0;0;0;0;0;0;0;0;0;0;0;0;0;0;0;-2;-1;-7;-4;-7;-8;-8;-11;-11;-14;-13;-16;-17;-17;-20;-17;-23;-16;-26;-14;-27;-11;-27;-9;-25;-7;-23;-7;-19;-7;-15;-8;-10;-10;-5;-13;0;-17;4;-22;7;-27;9;-31;11;-35;11;-38;11;-40;9;-41;8;-125;0;-13;-6;-13;-6;-12;-5;-12;-5;-11;-5;-11;-5;-11;-5;-11;-4;-11;-4;-11;-3;-10;-3;-10;-3;-10;-3;-10;-3;-10;-3;-10;-3;-10;-3;-9;-2;-9;-2;-9;-2;-8;-2;-8;-2;-8;-3;-8;-3;-8;-3;-8;-3;-7;-3;-7;-3;-3;-1;-1;-1;0;0;0;0;0;0;-1;-1;-3;-1;-8;-2;-8;-2;-8;-2;-9;-3;-9;-3;-9;-4;-9;-4;-9;-4;-9;-4;-9;-5;-9;-5;-10;-6;-10;-6;-10;-6;-10;-6;-10;-6;-10;-6;-10;-6;-10;-6;-10;-7;-11;-6;-11;-6;-12;-6;-12;-6;-12;-6;-12;-6;-12;-6;-12;-6;-125;0;-25;8;-25;8;-25;8;-24;8;-23;8;-23;8;-22;8;-21;8;-20;8;-20;8;-19;8;-19;8;-19;8;-18;8;-18;8;-18;7;-18;7;-17;6;-17;6;-17;6;-17;5;-16;5;-16;4;-16;4;-15;3;-15;2;-15;1;-15;1;-6;0;-2;0;0;-1;0;-1;0;-1;-2;0;-5;2;-12;7;-13;6;-13;6;-14;5;-14;5;-15;5;-16;5;-16;5;-17;5;-18;5;-18;5;-19;4;-19;4;-19;4;-20;4;-20;4;-20;5;-21;5;-21;5;-21;5;-22;6;-22;7;-23;7;-24;8;-24;8;-25;8;-25;9;-25;9,empty,EXP_S052,ZONE_01,sortie_zone,4.7,sortie_zone,sortie de la zone
9641574859,-55,6,a0:9f:7a:73:2b:3e,384,-110;-96;8;0;22;-18;14;-13;6;-9;-2;-5;-9;-1;-16;2;-22;5;-27;8;-30;10;-32;11;-33;12;-34;12;-33;12;-31;11;-28;9;-24;7;-19;6;-14;4;-8;3;-3;2;2;1;7;1;11;1;15;1;17;2;4;0;0;0;0;0;0;0;0;0;0;0;0;0;0;0;0;0;0;0;0;0;-1;4;-2;9;-5;14;-8;19;-11;23;-15;26;-18;29;-20;29;-22;28;-22;26;-21;23;-19;20;-15;15;-10;10;-5;5;1;-1;7;-6;14;-11;20;-16;26;-20;31;-24;34;-26;37;-28;39;-30;39;-30;38;-29;109;0;22;2;21;2;20;1;20;1;19;1;18;1;18;1;18;0;17;0;16;-1;16;-1;15;-1;15;-1;15;-1;15;-1;15;-1;14;-1;14;-1;13;-1;13;-1;12;-1;12;0;11;0;11;0;11;0;10;0;10;1;10;1;3;0;1;0;-1;-1;-1;0;-1;0;1;-1;5;-2;14;-4;14;-3;14;-2;15;-1;15;-1;16;0;16;0;16;0;17;1;17;2;17;2;18;2;18;3;18;3;18;3;18;3;18;3;18;4;18;4;19;4;19;3;20;3;20;3;20;3;21;2;21;3;21;3;22;3;109;0;12;-24;12;-24;12;-23;12;-23;11;-22;11;-21;10;-20;9;-20;9;-19;8;-19;8;-18;8;-18;8;-18;8;-17;8;-17;8;-16;7;-16;7;-15;8;-15;8;-14;8;-13;7;-12;7;-12;7;-11;7;-11;7;-10;7;-10;7;-9;2;-4;0;-1;-1;0;-1;0;-1;0;0;-2;1;-5;4;-13;5;-13;6;-13;6;-13;6;-13;7;-13;7;-14;7;-14;8;-15;9;-15;9;-15;9;-15;9;-15;9;-16;10;-16;10;-17;10;-17;10;-18;10;-18;10;-19;10;-19;10;-20;11;-21;11;-22;11;-23;11;-23;12;-24;12;-24,empty,EXP_S052,ZONE_01,sortie_zone,4.7,sortie_zone,sortie de la zone
9641772516,-58,6,a0:9f:7a:73:2b:3e,384,-110;-96;8;0;24;5;16;1;8;-3;0;-8;-7;-12;-12;-17;-17;-21;-20;-24;-21;-26;-22;-28;-22;-29;-21;-29;-19;-27;-17;-25;-14;-21;-11;-17;-9;-12;-7;-7;-6;-1;-5;4;-5;8;-5;12;-5;15;-6;18;-7;20;-2;5;0;0;0;0;0;0;0;0;0;0;0;0;0;0;0;0;0;0;-2;1;-6;8;-9;11;-13;15;-16;19;-20;21;-24;23;-27;24;-29;23;-29;21;-29;19;-26;16;-22;13;-17;11;-10;9;-3;7;5;5;12;4;20;4;28;4;35;4;41;5;45;6;48;7;49;9;48;9;46;9;117;0;13;16;13;15;12;15;12;14;11;14;11;13;11;13;11;12;12;11;11;10;11;9;11;9;10;9;10;9;10;8;10;8;10;8;10;7;9;7;8;7;8;6;8;6;8;6;8;6;7;5;7;5;6;5;6;5;2;1;0;0;-1;-1;-1;-1;-1;-1;0;1;2;3;7;11;6;11;6;11;6;12;6;12;6;13;6;13;6;13;5;13;5;14;5;14;5;15;6;15;6;15;6;15;6;14;6;14;6;15;7;15;7;15;8;15;9;16;10;16;10;16;10;16;11;16;11;17;11;17;117;0;24;-12;24;-13;24;-13;23;-13;22;-12;21;-12;19;-12;18;-12;17;-12;16;-13;15;-13;14;-13;14;-13;13;-13;13;-13;13;-13;12;-13;12;-13;12;-13;12;-12;11;-12;11;-11;10;-11;10;-10;10;-10;10;-10;10;-9;10;-9;3;-3;1;-1;-1;0;-1;0;-1;0;1;-1;5;-2;14;-5;14;-5;15;-4;15;-4;16;-4;16;-4;17;-5;18;-5;19;-5;19;-4;20;-4;20;-4;21;-5;21;-5;21;-5;21;-6;22;-6;22;-6;23;-6;23;-7;23;-8;24;-9;25;-10;25;-10;26;-11;26;-12;26;-12;26;-12,empty,EXP_S052,ZONE_01,sortie_zone,4.7,sortie_zone,sortie de la zone
9641972413,-54,6,a0:9f:7a:73:2b:3e,384,-110;-96;8;0;17;-17;12;-18;6;-19;2;-22;-1;-25;-3;-28;-4;-31;-4;-33;-3;-34;-1;-34;0;-33;2;-31;4;-28;4;-24;3;-20;1;-17;-2;-14;-5;-12;-9;-11;-12;-11;-14;-13;-15;-14;-16;-16;-15;-18;-14;-19;-4;-5;0;0;0;0;0;0;0;0;0;0;0;0;0;0;0;0;0;0;3;-1;13;-5;15;-6;18;-7;21;-7;24;-7;27;-6;29;-4;29;-1;29;1;27;2;25;2;22;1;20;-1;18;-4;16;-8;16;-12;16;-16;17;-20;20;-24;22;-27;26;-29;28;-30;30;-30;31;-29;32;-27;31;-25;-115;0;4;10;4;10;4;10;4;9;4;9;4;9;4;8;4;8;4;8;4;8;4;8;4;7;4;7;4;7;3;7;3;7;3;7;2;7;2;7;2;7;2;7;2;6;1;6;1;6;1;6;0;6;0;5;0;5;0;2;-1;0;-1;-1;-1;-1;-1;-1;0;0;1;1;4;4;4;4;4;4;3;4;3;5;3;5;3;6;3;6;3;6;3;6;3;6;3;6;3;6;3;7;3;7;3;7;3;7;3;7;3;7;3;7;3;8;3;8;4;8;4;9;4;9;5;9;5;9;5;9;-115;0;26;-19;25;-19;24;-19;23;-19;22;-18;21;-18;20;-18;19;-18;18;-17;17;-17;16;-17;15;-17;15;-17;14;-17;14;-17;13;-16;13;-16;13;-16;13;-15;12;-14;12;-14;11;-14;11;-13;11;-13;11;-12;11;-12;11;-11;11;-11;4;-4;1;-1;-1;0;-1;0;-1;0;1;-2;4;-4;12;-11;13;-11;13;-10;14;-10;15;-10;16;-10;16;-11;17;-11;18;-11;19;-11;19;-11;20;-11;21;-11;21;-11;21;-11;22;-12;22;-12;22;-13;23;-13;23;-14;24;-15;24;-15;25;-16;25;-17;25;-18;26;-18;26;-19;26;-20,empty,EXP_S052,ZONE_01,sortie_zone,4.7,sortie_zone,sortie de la zone
9642175604,-54,6,a0:9f:7a:73:2b:3e,384,-110;-96;8;0;-21;13;-13;12;-5;13;2;15;8;18;13;20;16;23;18;25;19;27;19;28;18;29;16;29;14;27;12;25;10;21;9;17;8;12;9;7;10;3;11;-1;13;-4;15;-6;17;-7;19;-8;20;-8;5;-2;0;0;0;0;0;0;0;0;0;0;0;0;0;0;0;0;0;0;-3;-2;-11;-6;-14;-8;-18;-11;-21;-14;-23;-18;-24;-22;-23;-25;-22;-27;-19;-28;-16;-27;-13;-24;-11;-20;-10;-15;-10;-9;-11;-3;-14;3;-17;9;-21;15;-25;19;-30;23;-34;25;-37;25;-40;25;-41;24;-40;22;-39;20;-121;0;-12;-12;-12;-12;-12;-11;-12;-11;-12;-10;-11;-9;-11;-9;-11;-8;-11;-8;-11;-7;-10;-7;-10;-7;-10;-6;-10;-6;-10;-6;-10;-6;-9;-6;-9;-6;-9;-5;-8;-5;-8;-5;-7;-5;-7;-4;-7;-4;-6;-4;-6;-4;-6;-4;-6;-4;-2;-2;-1;-1;0;0;0;0;0;0;-1;-1;-3;-3;-8;-8;-8;-8;-7;-9;-7;-9;-7;-9;-7;-10;-7;-10;-7;-11;-7;-11;-7;-11;-8;-12;-7;-12;-7;-12;-7;-12;-7;-12;-8;-12;-8;-12;-8;-12;-8;-12;-9;-12;-9;-12;-9;-12;-10;-12;-10;-13;-11;-13;-11;-13;-11;-13;-11;-13;-121;0;-23;20;-22;20;-22;20;-21;20;-19;20;-18;20;-17;20;-16;20;-15;19;-14;19;-13;19;-12;19;-12;18;-11;18;-11;18;-11;18;-10;17;-10;17;-10;16;-10;16;-9;16;-9;15;-9;15;-9;14;-9;14;-9;13;-9;13;-9;12;-4;4;-2;1;0;-1;0;-1;0;-1;-2;1;-5;3;-12;8;-13;8;-14;8;-14;8;-15;8;-16;9;-16;9;-17;9;-17;10;-18;10;-19;10;-19;10;-20;10;-20;10;-21;11;-21;11;-21;12;-21;12;-21;13;-22;14;-22;15;-23;16;-23;17;-23;18;-23;19;-24;19;-24;20;-24;21,empty,EXP_S052,ZONE_01,sortie_zone,4.7,sortie_zone,sortie de la zone
9642372310,-54,6,a0:9f:7a:73:2b:3e,384,-110;-96;8;0;17;-16;12;-18;8;-21;5;-24;3;-27;3;-30;3;-32;4;-34;5;-34;6;-33;7;-31;7;-29;8;-26;7;-24;5;-21;3;-18;0;-17;-2;-16;-5;-16;-7;-16;-8;-17;-9;-18;-9;-19;-9;-20;-8;-21;-2;-6;0;0;0;0;0;0;0;0;0;0;0;0;0;0;0;0;0;0;3;-1;13;-4;15;-5;18;-6;21;-5;24;-4;26;-3;27;0;27;2;26;4;24;5;21;4;19;3;16;0;15;-4;15;-8;15;-12;17;-16;20;-20;23;-22;27;-24;30;-25;33;-24;34;-23;34;-21;33;-19;31;-17;-109;0;7;7;7;7;6;7;5;7;5;7;6;7;6;6;6;6;6;5;6;4;5;4;5;4;5;4;5;4;5;4;5;4;5;3;5;3;4;3;3;3;3;3;3;3;3;3;3;2;3;2;3;2;2;2;2;2;0;0;0;0;-1;-1;-1;-1;-1;-1;0;0;1;0;3;2;3;3;4;3;4;4;4;4;4;4;4;4;4;4;4;5;4;5;4;6;4;6;4;6;4;6;4;6;4;6;4;6;4;7;4;7;5;8;5;7;6;7;6;7;5;7;5;7;5;8;6;8;6;9;-109;0;13;-29;13;-29;13;-29;12;-28;11;-27;10;-27;9;-26;8;-25;7;-25;7;-24;6;-24;6;-24;5;-23;5;-23;4;-22;4;-22;4;-22;4;-22;4;-21;4;-20;3;-20;3;-19;3;-18;3;-18;4;-17;4;-17;4;-16;5;-16;2;-6;0;-2;-1;0;-1;0;-1;0;0;-2;2;-5;7;-13;8;-13;8;-13;9;-14;9;-14;10;-14;10;-15;11;-16;11;-17;12;-17;13;-17;13;-17;14;-17;14;-18;14;-18;15;-19;15;-19;15;-20;14;-21;14;-22;14;-23;14;-24;14;-25;14;-26;14;-27;15;-28;15;-29;15;-29,empty,EXP_S052,ZONE_01,sortie_zone,4.7,sortie_zone,sortie de la zone
9642575267,-57,6,a0:9f:7a:73:2b:3e,384,-110;-96;8;0;8;-38;9;-36;10;-34;9;-31;8;-28;6;-26;4;-24;1;-23;-2;-22;-5;-21;-7;-21;-9;-22;-10;-23;-11;-24;-10;-26;-10;-27;-8;-27;-6;-27;-5;-26;-3;-24;-2;-22;-2;-20;-2;-17;-2;-15;-3;-14;-1;-4;0;0;0;0;0;0;0;0;0;0;0;0;0;0;0;0;0;0;4;-1;18;-2;16;-1;13;0;9;-2;7;-4;5;-8;5;-12;7;-16;10;-20;13;-22;16;-22;19;-22;21;-20;22;-18;22;-16;21;-15;19;-13;16;-13;13;-14;10;-16;7;-18;5;-22;3;-26;2;-30;3;-33;3;-36;-107;0;-3;-8;-4;-8;-5;-7;-5;-6;-5;-5;-4;-5;-3;-5;-3;-5;-3;-5;-4;-5;-4;-5;-5;-4;-5;-4;-4;-4;-4;-4;-3;-4;-3;-4;-4;-5;-4;-4;-5;-4;-5;-4;-4;-3;-4;-3;-3;-4;-3;-4;-3;-5;-3;-5;-3;-5;-1;-2;-1;-1;0;0;0;0;0;0;-1;-1;-4;-2;-9;-4;-8;-5;-8;-5;-7;-6;-7;-6;-6;-7;-7;-7;-7;-8;-7;-8;-6;-7;-6;-7;-5;-8;-4;-8;-4;-8;-4;-8;-5;-8;-5;-8;-5;-7;-4;-7;-4;-7;-3;-8;-4;-8;-4;-9;-5;-8;-5;-8;-5;-7;-4;-7;-4;-7;-107;0;4;-31;4;-30;4;-30;3;-30;3;-29;3;-28;3;-28;3;-27;3;-27;2;-26;2;-25;2;-25;2;-24;2;-24;2;-24;3;-23;3;-23;3;-22;4;-21;4;-21;4;-20;4;-19;5;-18;5;-18;6;-17;6;-16;7;-16;7;-15;2;-6;0;-2;-1;0;0;0;-1;0;-1;-2;-1;-5;-1;-14;-1;-15;0;-15;1;-16;1;-16;2;-16;2;-17;2;-17;2;-18;2;-19;3;-19;4;-20;4;-20;5;-20;5;-20;4;-21;4;-21;4;-22;4;-23;4;-23;3;-24;3;-25;3;-26;3;-27;3;-28;3;-29;3;-30;3;-31,empty,EXP_S052,ZONE_01,sortie_zone,4.7,sortie_zone,sortie de la zone
9642779113,-63,6,a0:9f:7a:73:2b:3e,384,-110;-96;8;0;19;28;17;21;16;14;15;7;15;0;15;-6;15;-12;16;-17;16;-21;17;-24;17;-26;17;-27;17;-27;16;-26;15;-25;14;-23;11;-20;8;-17;5;-15;2;-12;-2;-10;-6;-8;-10;-7;-13;-6;-15;-6;-4;-2;0;0;0;0;0;0;0;0;0;0;0;0;0;0;0;0;0;0;2;-1;8;0;5;4;0;9;-5;12;-11;15;-17;16;-22;15;-26;14;-30;11;-31;9;-31;5;-28;3;-24;1;-19;0;-13;1;-7;2;0;5;7;9;12;13;18;19;22;24;25;29;28;34;28;37;28;38;27;38;-128;0;4;16;4;15;4;14;3;12;3;11;2;11;2;11;3;11;4;10;4;9;5;8;4;7;4;7;3;7;3;7;4;8;4;7;4;7;4;6;4;6;4;5;3;6;3;6;4;6;4;6;4;6;4;6;4;6;1;2;0;0;-1;-1;-1;-1;-1;-1;1;1;3;4;8;13;7;13;6;13;5;14;5;14;5;15;5;15;4;15;4;15;3;15;3;15;2;16;2;16;2;17;3;16;3;16;2;15;2;15;1;15;1;16;2;17;3;17;3;16;4;16;3;15;3;15;2;15;2;16;-128;0;26;13;26;13;26;13;26;13;25;12;24;12;23;11;22;11;21;10;21;9;20;8;20;8;20;7;19;7;19;7;18;6;18;6;17;6;17;5;17;5;16;5;15;5;15;5;14;5;14;5;14;5;13;5;13;6;4;2;1;0;-1;-1;-1;-1;-1;-1;0;0;2;1;6;4;6;5;6;5;6;6;6;6;7;5;8;5;9;5;10;6;11;7;12;7;12;8;12;8;13;8;14;8;16;8;17;9;17;10;18;10;19;10;19;10;21;10;22;10;24;11;25;12;26;13;26;13;27;14,empty,EXP_S052,ZONE_01,sortie_zone,4.7,sortie_zone,sortie de la zone
9642974561,-60,6,a0:9f:7a:73:2b:3e,384,-110;-96;8;0;-7;-33;-8;-27;-11;-20;-14;-14;-17;-9;-21;-5;-25;-2;-28;0;-31;1;-33;2;-35;3;-35;2;-35;1;-33;0;-31;0;-28;0;-25;0;-22;1;-18;3;-15;5;-13;8;-10;11;-9;13;-8;16;-8;18;-2;4;0;0;0;0;0;0;0;0;0;0;0;0;0;0;0;0;0;0;0;1;0;3;0;-2;1;-7;3;-13;7;-17;12;-20;17;-22;22;-21;26;-19;29;-17;29;-13;27;-10;23;-7;18;-6;12;-6;7;-8;1;-11;-5;-15;-10;-20;-13;-25;-16;-31;-17;-37;-17;-42;-16;-45;-14;-46;-12;-46;-127;0;5;-15;4;-14;4;-13;4;-12;4;-11;4;-11;4;-11;4;-11;3;-11;2;-10;1;-10;1;-9;2;-8;2;-8;2;-9;2;-9;1;-9;1;-8;0;-8;0;-7;1;-7;1;-7;1;-7;1;-7;1;-8;1;-8;1;-7;1;-7;0;-3;0;-1;-1;0;0;0;0;0;-1;-2;-2;-5;-4;-13;-3;-13;-2;-13;-1;-13;0;-14;0;-14;0;-14;1;-15;1;-14;2;-14;3;-14;3;-14;4;-15;4;-15;4;-15;4;-14;4;-14;4;-13;5;-14;5;-14;5;-15;5;-15;4;-15;4;-15;4;-14;5;-14;5;-14;6;-14;-127;0;-19;-27;-19;-27;-19;-27;-18;-26;-18;-25;-18;-25;-17;-23;-17;-22;-17;-22;-17;-21;-17;-20;-17;-20;-17;-20;-17;-19;-16;-19;-16;-19;-16;-19;-15;-19;-15;-19;-14;-18;-13;-18;-13;-18;-12;-17;-11;-17;-11;-17;-10;-17;-9;-17;-9;-17;-3;-7;-1;-2;0;0;0;0;0;0;-1;-1;-3;-4;-7;-10;-7;-11;-7;-11;-7;-12;-7;-12;-7;-12;-8;-13;-9;-13;-9;-14;-9;-15;-9;-16;-9;-17;-9;-17;-10;-17;-10;-18;-11;-19;-11;-19;-12;-20;-12;-21;-13;-21;-14;-21;-15;-22;-16;-23;-17;-24;-18;-25;-18;-26;-18;-27;-19;-27,empty,EXP_S052,ZONE_01,sortie_zone,4.7,sortie_zone,sortie de la zone
9643185699,-57,6,a0:9f:7a:73:2b:3e,384,-110;-96;8;0;-8;24;-3;23;2;23;6;23;8;24;10;26;12;27;13;28;12;28;12;28;11;27;10;26;9;25;9;23;9;20;9;18;10;15;11;13;13;12;14;11;15;10;16;10;17;10;17;11;17;11;4;2;0;0;0;0;0;0;0;0;0;0;0;0;0;0;0;0;0;0;-2;1;-5;8;-7;11;-10;14;-14;17;-19;18;-23;17;-26;15;-28;12;-29;9;-28;6;-25;4;-21;3;-17;4;-13;7;-10;11;-8;15;-7;20;-7;25;-8;30;-10;33;-13;36;-15;37;-17;37;-19;36;-19;34;-19;32;-112;0;-9;-5;-8;-4;-8;-4;-7;-4;-7;-4;-7;-4;-7;-4;-7;-3;-7;-3;-6;-2;-6;-2;-5;-2;-5;-2;-5;-2;-5;-2;-5;-2;-5;-1;-4;-1;-4;-1;-4;-1;-4;-1;-4;-1;-4;-1;-4;-1;-4;-1;-3;-1;-3;-1;-3;-1;-1;-1;-1;-1;0;0;0;0;0;0;-2;0;-4;-1;-10;-1;-10;-2;-10;-3;-10;-3;-10;-4;-10;-4;-10;-4;-10;-4;-10;-5;-10;-5;-10;-6;-10;-6;-10;-6;-10;-6;-10;-6;-9;-6;-9;-6;-9;-6;-9;-6;-9;-6;-9;-6;-9;-6;-9;-5;-9;-5;-9;-5;-9;-5;-9;-5;-9;-6;-112;0;-8;31;-7;31;-7;30;-6;29;-5;29;-5;28;-4;27;-3;26;-2;26;-1;25;0;24;0;24;1;23;1;23;1;22;1;22;1;22;1;21;1;21;1;20;1;19;1;19;1;18;1;18;1;17;1;17;0;17;-1;17;-1;6;-1;1;-1;-1;0;-1;0;-1;-1;1;-2;4;-6;13;-7;13;-7;13;-8;13;-8;14;-9;14;-9;15;-9;16;-10;16;-10;17;-11;17;-11;18;-11;18;-11;19;-11;20;-11;20;-11;21;-11;21;-11;22;-11;23;-10;24;-10;26;-10;27;-10;28;-10;29;-9;30;-9;30;-8;31,empty,EXP_S052,ZONE_01,sortie_zone,4.7,sortie_zone,sortie de la zone
9643374955,-59,6,a0:9f:7a:73:2b:3e,384,-110;-96;8;0;-19;-17;-20;-13;-21;-9;-23;-6;-25;-4;-26;-3;-27;-2;-28;-2;-28;-2;-27;-2;-26;-2;-24;-2;-22;-2;-21;-1;-20;0;-18;1;-17;3;-16;4;-16;5;-15;6;-15;6;-14;7;-14;7;-14;7;-14;7;-4;1;0;0;0;0;0;0;0;0;0;0;0;0;0;0;0;0;0;0;-1;-3;-3;-9;-6;-11;-9;-15;-11;-19;-11;-24;-10;-29;-7;-32;-3;-34;0;-34;3;-32;5;-28;5;-25;3;-21;-1;-17;-5;-15;-10;-15;-15;-15;-19;-17;-23;-19;-26;-22;-28;-25;-28;-28;-28;-30;-26;-31;-24;-30;-22;-29;-109;0;5;-7;5;-6;4;-6;4;-5;4;-5;4;-4;4;-4;3;-4;3;-4;2;-4;2;-3;2;-3;2;-3;2;-3;2;-3;1;-3;1;-3;1;-2;0;-2;0;-1;1;-1;1;-2;0;-2;0;-2;0;-2;-1;-2;-1;-1;-1;-1;-1;-1;0;-1;0;0;-1;0;-1;0;-1;-2;0;-4;1;-10;1;-10;2;-10;3;-10;3;-10;4;-10;4;-10;4;-10;4;-10;5;-9;6;-9;6;-9;6;-9;6;-9;6;-9;6;-8;6;-7;6;-7;6;-7;6;-8;6;-8;6;-8;5;-8;5;-7;6;-7;6;-7;6;-7;6;-7;-109;0;-26;-17;-25;-17;-25;-16;-25;-15;-24;-14;-23;-13;-23;-12;-22;-10;-22;-10;-22;-9;-21;-8;-21;-7;-20;-7;-20;-6;-20;-5;-19;-5;-19;-5;-18;-5;-18;-5;-17;-4;-17;-4;-16;-4;-15;-4;-15;-4;-15;-4;-14;-4;-14;-4;-13;-4;-5;-2;-2;-1;0;0;0;0;0;0;-2;-2;-5;-5;-13;-13;-13;-13;-12;-14;-12;-14;-12;-15;-13;-15;-13;-15;-14;-16;-14;-17;-15;-18;-15;-18;-15;-18;-15;-18;-15;-19;-16;-19;-16;-19;-17;-19;-17;-19;-18;-19;-19;-19;-20;-18;-21;-18;-22;-19;-23;-19;-24;-19;-25;-19;-25;-19;-26;-18,empty,EXP_S052,ZONE_01,sortie_zone,4.7,sortie_zone,sortie de la zone
9643577438,-59,6,a0:9f:7a:73:2b:3e,384,-110;-96;8;0;10;13;9;5;9;-3;10;-10;11;-16;12;-21;13;-25;14;-27;14;-28;14;-27;14;-26;13;-24;12;-22;9;-19;6;-15;3;-12;0;-10;-4;-8;-8;-6;-11;-5;-14;-4;-16;-3;-18;-3;-19;-3;-19;-4;-5;-1;0;0;0;0;0;0;0;0;0;0;0;0;0;0;0;0;0;0;-2;0;-6;1;-9;4;-14;8;-19;10;-24;11;-29;12;-33;11;-35;9;-35;6;-34;4;-31;2;-26;0;-20;0;-13;2;-6;5;0;8;6;13;12;17;17;22;21;28;23;32;24;35;24;37;22;38;20;37;19;35;-128;0;-8;15;-8;14;-8;13;-8;13;-8;12;-8;12;-7;12;-6;11;-5;11;-4;10;-4;10;-4;9;-4;9;-4;9;-4;9;-3;9;-3;8;-3;7;-3;7;-3;6;-3;6;-3;6;-2;6;-2;6;-2;5;-2;5;-2;5;-2;4;-1;1;-1;0;0;-1;-1;-1;0;-1;0;1;0;4;-1;11;-2;11;-3;12;-4;12;-4;12;-4;12;-5;13;-5;12;-6;12;-7;12;-8;12;-8;13;-8;13;-8;14;-8;13;-8;13;-8;13;-9;12;-9;13;-9;13;-9;14;-9;14;-9;14;-8;14;-9;14;-9;14;-9;15;-9;15;-128;0;24;9;24;9;24;8;23;8;22;7;21;6;20;5;20;4;19;3;19;2;18;1;18;0;17;0;17;-1;16;-1;16;-2;16;-2;15;-2;15;-3;14;-3;14;-3;13;-3;13;-3;12;-3;12;-3;12;-3;12;-2;12;-2;4;-1;1;-1;-1;0;-1;-1;-1;-1;1;0;4;3;11;10;11;10;11;11;11;11;11;12;12;12;12;12;13;13;13;14;13;14;13;15;13;14;14;14;14;14;15;14;16;14;16;14;17;14;17;14;18;14;19;13;20;13;21;13;22;12;23;12;23;12;24;12;24;11,empty,EXP_S052,ZONE_01,sortie_zone,4.7,sortie_zone,sortie de la zone
9643774263,-60,6,a0:9f:7a:73:2b:3e,384,-110;-96;8;0;-12;4;-3;5;4;7;11;9;16;11;21;12;24;13;25;14;25;15;24;14;22;13;20;12;17;10;14;7;10;4;7;1;3;-3;1;-6;-2;-10;-3;-12;-5;-15;-5;-16;-5;-17;-5;-18;-5;-18;-2;-5;0;0;0;0;0;0;0;0;0;0;0;0;0;0;0;0;0;0;0;-1;2;-5;3;-9;5;-14;8;-19;11;-23;14;-26;16;-27;19;-27;20;-25;20;-23;18;-19;15;-15;11;-11;5;-8;-2;-4;-9;-2;-16;1;-22;3;-29;4;-34;5;-38;5;-41;5;-42;4;-41;3;-39;2;-35;2;123;0;-13;-13;-12;-13;-12;-12;-11;-12;-11;-12;-11;-12;-10;-11;-10;-10;-10;-10;-10;-9;-9;-8;-9;-8;-9;-8;-9;-8;-9;-7;-9;-7;-8;-7;-8;-6;-7;-6;-7;-6;-6;-6;-6;-6;-6;-5;-6;-5;-6;-4;-5;-4;-5;-4;-4;-4;-2;-2;-1;-1;0;0;0;0;0;0;-2;-1;-5;-2;-11;-4;-11;-5;-11;-6;-11;-7;-12;-7;-12;-8;-12;-8;-12;-8;-11;-9;-11;-10;-11;-11;-11;-12;-11;-12;-11;-12;-11;-12;-11;-12;-10;-12;-10;-12;-11;-13;-11;-13;-12;-13;-12;-13;-12;-13;-12;-13;-12;-13;-12;-14;-12;-14;-12;-15;123;0;-12;19;-12;19;-11;19;-11;19;-10;18;-9;17;-8;17;-6;17;-5;16;-4;16;-4;16;-3;15;-3;15;-2;14;-2;14;-1;13;-1;13;0;13;0;13;0;12;0;12;0;11;1;11;1;11;1;10;1;10;1;10;0;10;0;3;-1;1;-1;-1;0;-1;0;-1;-2;0;-4;2;-12;8;-12;7;-12;7;-13;7;-13;7;-13;8;-13;8;-14;9;-15;9;-15;9;-16;9;-16;9;-16;10;-15;10;-15;11;-16;11;-16;12;-16;12;-16;13;-15;13;-15;15;-15;16;-15;17;-15;18;-15;18;-15;19;-15;19;-14;19,empty,EXP_S052,ZONE_01,sortie_zone,4.7,sortie_zone,sortie de la zone
9643972277,-58,6,a0:9f:7a:73:2b:3e,384,-110;-96;8;0;-13;10;-4;8;6;7;14;6;21;6;27;6;32;7;35;8;36;9;36;9;34;10;32;9;28;8;23;7;18;4;14;1;9;-2;4;-6;0;-11;-3;-14;-5;-18;-6;-20;-7;-23;-7;-24;-7;-24;-2;-6;0;0;0;0;0;0;0;0;0;0;0;0;0;0;0;0;0;0;0;-1;2;-4;0;-7;-3;-12;-4;-17;-5;-22;-4;-26;-3;-30;-2;-32;0;-32;2;-31;4;-28;4;-24;3;-18;0;-12;-3;-5;-8;1;-12;8;-18;13;-23;18;-28;22;-33;25;-36;26;-39;26;-40;24;-38;22;-36;20;123;0;-20;-7;-19;-7;-18;-7;-17;-8;-17;-8;-17;-8;-17;-7;-17;-6;-16;-5;-15;-5;-15;-5;-14;-5;-14;-5;-14;-6;-14;-5;-14;-5;-13;-4;-12;-4;-11;-4;-10;-5;-10;-5;-10;-5;-10;-5;-10;-4;-9;-4;-8;-3;-7;-4;-7;-4;-3;-2;-1;-1;0;0;0;-1;0;-1;-1;0;-3;1;-8;3;-9;3;-10;2;-11;1;-12;1;-12;1;-13;1;-13;0;-13;-1;-13;-2;-14;-3;-15;-4;-15;-4;-16;-4;-16;-4;-15;-5;-15;-5;-15;-6;-16;-7;-17;-7;-18;-7;-18;-6;-18;-6;-18;-6;-18;-7;-18;-8;-19;-8;-20;-9;123;0;-5;27;-5;27;-5;27;-5;26;-4;25;-4;24;-2;23;-1;22;0;22;0;22;0;22;0;21;0;20;1;20;1;19;2;19;2;19;2;18;2;18;1;18;1;17;1;16;1;16;2;15;1;15;1;15;0;15;0;15;-1;5;-1;1;-1;-1;0;-1;0;-1;-1;1;-2;4;-6;11;-7;11;-7;11;-8;11;-8;11;-8;12;-8;13;-8;13;-9;14;-10;15;-10;15;-10;15;-10;15;-10;15;-10;16;-10;17;-10;18;-10;18;-10;19;-9;19;-8;20;-8;21;-7;23;-7;24;-8;25;-7;25;-7;26;-7;26,empty,EXP_S052,ZONE_01,sortie_zone,4.7,sortie_zone,sortie de la zone
9644177235,-57,6,a0:9f:7a:73:2b:3e,384,-110;-96;8;0;-19;8;-11;8;-2;9;5;10;12;12;18;13;22;15;25;17;27;19;27;20;27;20;25;19;23;18;20;16;17;13;14;10;11;6;9;1;7;-3;6;-8;5;-12;5;-15;5;-17;5;-19;5;-20;1;-6;0;0;0;0;0;0;0;0;0;0;0;0;0;0;0;0;0;0;0;-1;-1;-5;-3;-9;-5;-13;-5;-18;-5;-23;-5;-26;-3;-29;-1;-31;1;-31;3;-30;4;-27;4;-22;3;-17;0;-11;-3;-6;-8;0;-13;5;-18;9;-24;12;-29;15;-34;17;-38;18;-41;18;-42;17;-41;15;-39;13;119;0;-16;-10;-16;-10;-15;-10;-14;-9;-14;-9;-14;-9;-14;-8;-14;-8;-13;-7;-13;-6;-12;-6;-12;-6;-12;-6;-12;-5;-11;-5;-11;-5;-11;-5;-10;-4;-10;-4;-9;-4;-9;-4;-8;-4;-8;-4;-8;-3;-8;-3;-8;-3;-7;-3;-7;-3;-3;-1;-1;-1;0;0;0;0;0;0;-2;-1;-4;-1;-10;-2;-10;-3;-11;-3;-11;-4;-11;-5;-11;-5;-11;-5;-11;-6;-11;-6;-11;-7;-12;-8;-12;-8;-12;-9;-12;-9;-12;-9;-12;-9;-12;-9;-12;-10;-12;-10;-13;-10;-13;-10;-14;-10;-14;-10;-15;-10;-15;-10;-15;-11;-15;-11;-15;-11;119;0;-16;22;-15;22;-15;21;-15;21;-14;20;-13;20;-12;19;-11;19;-10;19;-10;18;-9;18;-9;18;-9;18;-8;18;-8;17;-7;17;-7;17;-7;17;-7;16;-7;16;-7;15;-7;14;-6;14;-6;14;-6;13;-6;13;-7;13;-7;13;-3;4;-1;1;0;-1;0;-1;0;-1;-1;1;-3;3;-9;9;-9;8;-10;8;-10;8;-11;8;-11;9;-11;10;-12;10;-13;11;-13;11;-14;11;-14;11;-14;11;-14;11;-15;12;-15;12;-15;13;-15;13;-15;14;-15;15;-15;16;-15;17;-15;18;-16;19;-16;20;-16;20;-17;21;-17;21,empty,EXP_S052,ZONE_01,sortie_zone,4.7,sortie_zone,sortie de la zone
9644376441,-54,6,a0:9f:7a:73:2b:3e,384,-110;-96;8;0;8;-16;1;-9;-6;-3;-12;3;-18;7;-24;11;-28;14;-31;16;-33;17;-33;17;-32;17;-31;15;-28;14;-24;12;-19;9;-14;7;-8;6;-2;4;4;3;9;3;13;3;17;3;20;4;22;4;23;5;5;1;0;0;0;0;0;0;0;0;0;0;0;0;0;0;0;0;0;0;0;1;2;7;4;11;6;15;7;20;8;25;8;29;7;32;6;33;4;33;2;31;1;27;1;22;1;15;2;8;3;1;5;-7;8;-14;11;-22;14;-28;17;-34;20;-38;22;-41;24;-43;24;-42;24;-40;22;-37;115;0;21;-6;20;-5;19;-5;19;-4;18;-4;18;-4;18;-4;17;-5;16;-6;15;-6;14;-5;14;-5;14;-5;14;-5;14;-5;14;-5;13;-5;12;-5;11;-5;11;-4;11;-4;10;-3;10;-3;10;-4;9;-4;9;-3;8;-3;8;-2;3;-1;0;-1;-1;0;-1;0;-1;0;0;-1;2;-3;8;-7;9;-7;10;-6;11;-6;11;-6;12;-6;12;-6;12;-6;13;-5;14;-5;15;-4;16;-4;16;-4;16;-4;16;-4;16;-3;16;-3;17;-3;17;-3;18;-3;19;-4;19;-4;19;-5;19;-5;19;-4;20;-4;21;-4;21;-4;115;0;-9;-26;-9;-26;-9;-26;-8;-25;-8;-24;-8;-23;-8;-21;-9;-20;-9;-20;-9;-19;-10;-19;-10;-18;-9;-18;-9;-17;-9;-17;-10;-16;-10;-16;-10;-16;-10;-16;-9;-15;-9;-15;-8;-14;-8;-13;-8;-13;-8;-13;-7;-13;-7;-14;-6;-14;-3;-5;-1;-2;0;0;0;0;0;0;-1;-2;-2;-5;-4;-14;-4;-14;-3;-14;-3;-14;-3;-15;-3;-15;-3;-16;-3;-17;-3;-18;-3;-19;-3;-19;-3;-19;-2;-20;-3;-20;-3;-20;-3;-21;-3;-22;-3;-22;-3;-22;-4;-23;-5;-23;-6;-24;-6;-25;-7;-26;-7;-26;-7;-27;-7;-27;-7;-27,empty,EXP_S052,ZONE_01,sortie_zone,4.7,sortie_zone,sortie de la zone
9644572272,-55,6,a0:9f:7a:73:2b:3e,384,-110;-96;8;0;-8;-16;-5;-7;-4;2;-2;10;-1;18;-1;24;0;29;0;32;0;34;1;35;1;34;0;32;0;29;0;25;0;20;0;15;1;9;2;3;3;-3;5;-8;6;-12;7;-15;9;-18;10;-20;11;-21;2;-6;0;0;0;0;0;0;0;0;0;0;0;0;0;0;0;0;0;0;1;0;6;3;10;4;15;7;19;9;22;12;25;15;26;17;26;19;25;20;22;19;19;17;15;14;11;10;7;4;2;-2;-2;-8;-6;-15;-10;-22;-13;-28;-16;-34;-17;-39;-18;-42;-19;-44;-19;-44;-18;-42;-16;-39;114;0;11;-19;11;-19;11;-18;10;-17;10;-17;10;-16;9;-16;9;-16;8;-16;7;-15;7;-15;6;-14;6;-14;6;-14;6;-14;6;-14;6;-13;5;-13;5;-12;5;-12;5;-11;5;-11;4;-10;4;-10;4;-10;4;-9;4;-9;4;-8;1;-3;0;-1;-1;0;-1;0;-1;0;-1;-2;0;-4;1;-11;2;-12;2;-12;3;-12;4;-12;4;-13;5;-13;6;-13;6;-14;7;-14;8;-14;8;-14;8;-14;9;-14;9;-14;9;-14;9;-14;10;-15;10;-15;10;-15;11;-16;11;-16;11;-17;11;-17;11;-17;11;-18;12;-18;12;-19;114;0;-23;-13;-23;-13;-22;-12;-22;-12;-21;-11;-20;-10;-20;-9;-19;-8;-19;-8;-19;-7;-19;-6;-19;-6;-18;-6;-18;-5;-17;-5;-17;-5;-16;-5;-16;-5;-16;-5;-16;-5;-15;-4;-15;-4;-14;-4;-14;-4;-14;-4;-13;-4;-13;-5;-13;-5;-5;-2;-2;-1;0;0;0;0;0;0;-2;-1;-5;-3;-12;-7;-12;-7;-12;-8;-12;-8;-12;-9;-12;-9;-13;-9;-13;-10;-14;-11;-14;-11;-15;-12;-15;-12;-15;-12;-15;-12;-16;-12;-16;-13;-16;-13;-17;-13;-17;-13;-18;-13;-18;-13;-19;-13;-20;-13;-21;-13;-22;-13;-22;-14;-23;-13;-23;-13,empty,EXP_S052,ZONE_01,sortie_zone,4.7,sortie_zone,sortie de la zone
9644773197,-55,6,a0:9f:7a:73:2b:3e,384,-110;-96;8;0;15;-8;6;-5;-3;-2;-12;1;-19;3;-25;5;-30;7;-33;8;-35;9;-35;9;-35;9;-33;8;-30;7;-25;6;-20;5;-15;3;-9;2;-3;1;3;1;9;0;13;0;17;1;20;1;22;1;23;2;5;0;0;0;0;0;0;0;0;0;0;0;0;0;0;0;0;0;0;0;-2;1;-5;6;-7;10;-11;14;-14;18;-17;21;-20;23;-22;25;-24;24;-24;23;-23;21;-21;18;-17;14;-12;10;-6;6;0;1;7;-3;14;-7;21;-11;27;-14;33;-17;37;-20;41;-21;43;-22;43;-22;41;-21;38;-19;101;0;22;6;21;6;20;6;19;6;19;6;18;6;18;6;18;5;18;4;17;3;16;3;16;3;15;3;15;3;15;3;15;3;14;3;13;2;13;2;12;3;12;3;11;3;11;3;11;2;10;2;10;2;9;3;9;3;3;1;0;0;-1;-1;-1;0;-1;-1;1;-1;4;-1;11;-2;11;-1;12;0;12;1;13;1;14;1;14;1;14;2;14;3;14;4;15;4;15;5;16;5;16;6;16;6;16;6;16;6;16;7;17;7;18;7;18;6;19;6;19;6;19;6;20;7;20;7;21;8;21;8;101;0;5;-25;5;-25;5;-25;5;-24;5;-23;4;-22;3;-21;2;-20;1;-20;1;-19;1;-19;0;-19;0;-18;0;-18;0;-17;-1;-17;-1;-17;-1;-17;-1;-16;-1;-16;0;-15;0;-15;0;-14;-1;-14;-1;-14;0;-14;0;-14;1;-14;0;-5;0;-2;0;0;-1;0;-1;0;0;-2;1;-5;3;-13;3;-13;4;-13;4;-14;4;-14;4;-14;5;-15;5;-16;6;-17;6;-17;7;-17;7;-17;7;-17;7;-18;8;-18;8;-19;8;-19;8;-20;8;-20;7;-20;7;-21;6;-22;6;-23;6;-24;7;-25;7;-25;7;-25;7;-25,empty,EXP_S052,ZONE_01,sortie_zone,4.7,sortie_zone,sortie de la zone
9644972612,-54,6,a0:9f:7a:73:2b:3e,384,-110;-96;8;0;-17;2;-7;1;3;-1;12;-2;19;-4;26;-5;31;-6;34;-7;36;-8;36;-9;35;-9;33;-8;29;-7;25;-6;19;-5;13;-4;7;-2;1;-1;-6;0;-11;0;-15;1;-19;1;-22;2;-24;2;-25;1;-7;0;0;0;0;0;0;0;0;0;0;0;0;0;0;0;0;0;0;0;1;-1;8;-5;12;-7;17;-9;22;-10;26;-12;30;-12;32;-12;33;-11;33;-10;31;-9;27;-7;21;-5;14;-4;7;-2;-1;-1;-10;0;-18;2;-26;3;-33;5;-39;6;-44;6;-48;7;-50;8;-49;9;-46;9;-42;8;96;0;-22;-13;-21;-13;-20;-12;-19;-12;-19;-13;-18;-13;-19;-12;-18;-11;-18;-10;-17;-9;-17;-9;-16;-9;-16;-9;-16;-9;-16;-9;-16;-8;-15;-8;-14;-7;-13;-8;-12;-8;-12;-8;-12;-8;-11;-8;-11;-7;-11;-7;-10;-7;-9;-7;-9;-7;-3;-3;-1;-1;0;0;0;0;0;0;-2;0;-5;-1;-13;-2;-13;-3;-14;-4;-14;-4;-15;-5;-15;-5;-15;-6;-15;-6;-15;-7;-15;-8;-16;-10;-16;-10;-17;-11;-17;-11;-17;-11;-16;-11;-16;-11;-16;-12;-17;-12;-18;-13;-19;-13;-19;-12;-20;-12;-19;-12;-19;-13;-20;-14;-21;-15;-21;-15;96;0;-10;22;-10;22;-10;22;-11;21;-10;20;-9;19;-8;18;-7;18;-6;18;-5;18;-5;17;-5;17;-5;16;-5;16;-4;15;-4;15;-3;15;-3;15;-4;15;-4;15;-4;14;-4;13;-4;12;-3;12;-3;12;-4;12;-4;12;-5;12;-2;4;-1;1;0;-1;0;-1;0;-1;-1;1;-2;4;-6;12;-6;12;-7;12;-7;12;-7;12;-7;13;-8;14;-8;14;-9;15;-10;15;-10;15;-11;15;-11;15;-10;16;-11;16;-11;17;-12;17;-12;17;-12;17;-11;17;-11;18;-11;19;-11;21;-11;22;-12;22;-12;22;-12;22;-12;22,empty,EXP_S052,ZONE_01,sortie_zone,4.7,sortie_zone,sortie de la zone
9645174053,-55,6,a0:9f:7a:73:2b:3e,384,-110;-96;8;0;-10;-8;-5;-2;1;4;5;9;9;14;13;18;15;21;17;23;18;24;18;24;17;23;16;21;14;19;12;16;9;13;6;8;4;4;1;-1;-1;-5;-3;-9;-4;-13;-5;-16;-6;-18;-6;-19;-5;-20;-2;-5;0;0;0;0;0;0;0;0;0;0;0;0;0;0;0;0;0;0;1;0;8;1;11;2;16;4;19;5;23;7;25;9;26;10;26;11;25;12;23;11;19;10;15;8;10;5;4;1;-1;-3;-6;-7;-11;-11;-16;-16;-21;-20;-25;-23;-28;-25;-29;-27;-30;-28;-29;-28;-27;-26;-25;-24;97;0;5;-39;5;-38;5;-37;4;-35;4;-34;3;-33;3;-32;2;-31;1;-30;1;-30;1;-29;0;-28;0;-28;0;-27;0;-27;0;-27;0;-26;0;-25;0;-24;0;-23;0;-22;0;-22;0;-21;0;-20;0;-19;1;-18;1;-17;2;-17;0;-6;0;-2;-1;0;0;1;0;0;-1;-3;-2;-8;-5;-21;-4;-22;-3;-22;-2;-23;-1;-24;-1;-25;0;-26;1;-27;2;-28;3;-28;4;-29;5;-30;5;-30;6;-30;6;-30;7;-30;7;-30;8;-31;8;-32;8;-33;8;-34;7;-35;7;-35;7;-36;7;-37;7;-37;7;-38;7;-39;97;0;-43;1;-42;1;-41;1;-40;2;-39;3;-38;3;-36;4;-35;5;-34;6;-33;7;-32;7;-31;7;-30;7;-29;8;-28;8;-27;8;-26;9;-26;8;-25;8;-25;8;-24;8;-24;7;-23;7;-22;7;-22;6;-22;6;-22;5;-23;4;-9;1;-3;0;0;-1;1;-1;0;0;-3;0;-9;-1;-24;-1;-24;-2;-24;-3;-25;-3;-25;-4;-26;-4;-27;-4;-28;-4;-30;-4;-30;-5;-31;-5;-31;-5;-32;-5;-32;-5;-33;-6;-34;-5;-35;-5;-36;-5;-36;-5;-37;-4;-38;-4;-39;-3;-40;-2;-42;-2;-43;-2;-43;-1;-44;-1;-44;0,empty,EXP_S052,ZONE_01,sortie_zone,4.7,sortie_zone,sortie de la zone
9645372962,-55,6,a0:9f:7a:73:2b:3e,384,-110;-96;8;0;11;2;4;-1;-3;-5;-9;-9;-14;-12;-18;-15;-21;-17;-23;-18;-24;-19;-25;-19;-24;-18;-22;-17;-20;-15;-16;-13;-13;-10;-9;-7;-6;-3;-3;1;0;5;3;8;4;11;6;14;7;16;7;17;7;18;1;4;0;0;0;0;0;0;0;0;0;0;0;0;0;0;0;0;0;0;-2;0;-9;3;-12;4;-16;6;-20;6;-24;6;-27;6;-29;5;-29;4;-28;3;-26;1;-22;1;-17;0;-11;1;-5;1;1;2;8;3;14;5;20;7;26;8;31;10;34;11;36;12;36;12;36;12;34;11;32;11;111;0;2;18;2;17;2;17;2;16;2;16;2;15;2;15;2;14;2;14;2;13;2;12;2;12;2;12;2;12;3;12;2;12;2;11;2;11;2;10;1;10;1;10;1;9;1;9;1;9;1;8;0;8;0;8;0;7;0;2;-1;0;-1;-1;-1;-1;-1;-1;0;0;2;2;5;8;5;9;4;9;4;10;4;10;4;11;3;11;3;12;3;12;2;13;2;13;2;14;1;14;1;14;1;14;1;15;1;15;0;15;0;15;1;16;1;16;1;16;1;16;1;17;1;17;1;17;1;18;1;18;111;0;19;-8;19;-8;19;-8;18;-8;17;-8;17;-8;16;-8;15;-8;14;-8;14;-8;13;-8;13;-8;12;-8;12;-8;12;-8;12;-8;11;-8;11;-8;11;-8;11;-7;10;-7;10;-7;10;-7;10;-7;9;-6;10;-6;10;-5;10;-5;3;-2;1;-1;-1;0;-1;0;-1;0;1;-1;3;-2;10;-5;10;-5;11;-5;11;-4;12;-4;12;-4;13;-4;13;-4;14;-4;14;-4;14;-4;15;-4;15;-4;15;-4;16;-4;16;-4;16;-4;17;-4;17;-5;17;-5;18;-5;18;-6;19;-6;19;-7;20;-7;20;-7;20;-7;20;-8,empty,EXP_S052,ZONE_01,sortie_zone,4.7,sortie_zone,sortie de la zone
9645572340,-54,6,a0:9f:7a:73:2b:3e,384,-110;-96;8;0;12;2;5;-2;-2;-7;-8;-11;-13;-15;-18;-18;-21;-20;-23;-22;-24;-24;-24;-24;-23;-23;-22;-21;-19;-19;-17;-16;-13;-13;-10;-9;-7;-4;-4;1;-2;5;0;10;2;13;3;16;3;19;3;20;2;21;0;5;0;0;0;0;0;0;0;0;0;0;0;0;0;0;0;0;0;0;-2;1;-9;4;-12;6;-16;8;-21;10;-25;10;-28;11;-30;10;-30;9;-30;7;-28;5;-24;4;-18;2;-12;2;-5;2;2;3;9;4;15;5;22;7;28;8;33;9;37;11;39;12;40;13;39;13;37;13;34;12;107;0;8;17;8;17;7;16;7;16;7;15;7;15;7;14;7;14;8;13;7;12;7;11;7;11;7;11;7;11;7;11;7;10;7;10;7;9;6;9;6;9;5;8;5;8;5;8;5;8;5;7;5;7;4;7;4;7;1;2;0;0;-1;-1;-1;-1;-1;-1;0;0;2;2;6;8;6;8;5;9;5;10;5;11;5;11;5;11;5;12;5;12;4;13;4;14;4;14;4;15;4;15;4;15;4;14;3;14;3;15;4;15;4;16;5;16;5;16;6;16;6;16;5;17;5;17;6;18;6;19;107;0;18;-15;19;-15;18;-15;18;-14;17;-14;15;-14;14;-14;13;-14;12;-14;12;-14;11;-14;11;-14;10;-14;10;-14;9;-14;9;-14;9;-14;8;-13;8;-13;8;-13;8;-12;8;-12;7;-12;7;-11;7;-11;7;-11;8;-11;8;-10;3;-4;1;-2;-1;0;-1;0;-1;0;1;-1;4;-3;11;-6;12;-6;12;-6;12;-5;12;-6;13;-6;13;-6;14;-6;15;-6;15;-6;16;-6;16;-6;16;-6;16;-7;16;-7;17;-7;17;-8;18;-8;18;-8;17;-9;18;-10;18;-11;19;-12;19;-13;20;-13;20;-13;20;-13;20;-13,empty,EXP_S052,ZONE_01,sortie_zone,4.7,sortie_zone,sortie de la zone
9645773972,-55,6,a0:9f:7a:73:2b:3e,384,-110;-96;8;0;9;-10;2;-6;-5;-3;-12;0;-17;3;-22;5;-25;6;-28;7;-30;8;-30;8;-29;7;-27;7;-25;6;-21;5;-17;4;-12;4;-7;3;-2;2;3;2;7;3;11;3;14;4;16;4;18;5;18;6;4;1;0;0;0;0;0;0;0;0;0;0;0;0;0;0;0;0;0;0;-1;1;-2;8;-2;12;-3;16;-4;20;-6;23;-7;25;-9;27;-10;27;-11;25;-11;23;-10;19;-8;15;-5;10;-2;5;2;0;7;-5;12;-10;16;-14;20;-18;24;-21;27;-23;30;-25;31;-25;31;-24;29;-23;27;-21;107;0;36;5;35;4;33;4;32;4;31;4;31;4;30;2;30;1;29;0;28;-1;26;0;26;-1;25;-1;25;-1;25;-2;24;-3;24;-3;23;-3;21;-3;20;-2;20;-2;19;-1;19;-2;19;-2;18;-2;17;-1;16;-1;15;0;5;0;1;0;-1;-1;-2;0;-1;-1;2;-1;7;-1;19;-1;19;0;20;1;21;2;22;2;23;2;24;3;24;4;24;5;25;6;26;7;26;8;27;9;27;9;27;9;26;9;27;9;27;9;28;10;29;10;31;8;31;7;32;7;32;7;33;8;33;9;33;9;33;9;107;0;-1;-44;-1;-44;-1;-43;-1;-42;-2;-40;-3;-38;-5;-36;-6;-35;-8;-34;-9;-33;-9;-32;-9;-32;-8;-31;-8;-30;-9;-28;-10;-28;-10;-28;-10;-27;-10;-26;-10;-26;-9;-25;-9;-24;-9;-23;-9;-23;-9;-23;-8;-23;-7;-23;-6;-24;-2;-9;-1;-3;0;0;-1;1;-1;0;0;-3;1;-9;3;-24;4;-24;6;-24;6;-24;7;-25;6;-26;7;-27;7;-28;7;-29;8;-30;9;-30;9;-31;9;-32;8;-32;8;-33;8;-34;9;-35;8;-35;7;-36;6;-37;5;-38;4;-39;3;-41;3;-43;3;-44;2;-45;2;-44;1;-44,empty,EXP_S052,ZONE_01,sortie_zone,4.7,sortie_zone,sortie de la zone
9645972132,-55,6,a0:9f:7a:73:2b:3e,384,-110;-96;8;0;-11;8;-4;5;4;1;10;-2;16;-4;21;-6;25;-7;27;-8;29;-8;29;-8;28;-8;26;-7;24;-7;20;-6;16;-5;12;-4;7;-3;1;-3;-4;-3;-8;-3;-12;-4;-15;-5;-18;-5;-19;-6;-20;-7;-5;-2;0;0;0;0;0;0;0;0;0;0;0;0;0;0;0;0;0;0;0;-2;2;-9;2;-12;4;-17;5;-20;7;-24;9;-26;11;-27;12;-27;12;-26;12;-23;11;-19;9;-15;5;-11;1;-6;-3;-1;-8;3;-13;7;-18;12;-23;16;-27;19;-30;21;-32;22;-34;23;-34;22;-32;20;-29;19;106;0;-19;-5;-18;-5;-17;-5;-17;-5;-16;-5;-16;-4;-16;-4;-16;-3;-15;-3;-15;-2;-14;-2;-14;-2;-14;-2;-14;-2;-13;-2;-13;-1;-13;-1;-12;-1;-12;-1;-11;-2;-11;-2;-11;-2;-10;-2;-10;-1;-10;-1;-9;-1;-9;-1;-9;-2;-4;-1;-1;-1;0;-1;0;-1;0;0;-1;0;-4;0;-11;0;-11;-1;-11;-1;-12;-2;-12;-3;-12;-3;-12;-3;-13;-4;-13;-4;-13;-5;-13;-6;-14;-6;-14;-6;-14;-6;-14;-6;-14;-6;-14;-6;-14;-6;-15;-7;-16;-7;-16;-6;-16;-6;-17;-6;-17;-6;-17;-6;-17;-6;-18;-6;-19;-6;106;0;-2;21;-2;21;-2;21;-2;20;-2;19;-1;18;-1;18;0;17;0;16;1;16;1;15;1;15;2;15;2;14;2;14;2;14;3;13;3;13;3;13;2;13;2;13;2;12;2;12;2;11;2;11;1;11;1;11;1;11;0;4;0;1;-1;-1;0;-1;0;-1;-1;1;-1;4;-3;11;-3;11;-4;11;-4;11;-4;12;-4;12;-4;13;-5;13;-5;14;-6;14;-6;15;-6;15;-6;15;-6;15;-6;15;-6;16;-6;16;-6;17;-6;17;-5;17;-5;18;-4;19;-4;20;-4;20;-4;21;-4;21;-3;21;-3;22,empty,EXP_S052,ZONE_01,sortie_zone,4.7,sortie_zone,sortie de la zone
9646173132,-55,6,a0:9f:7a:73:2b:3e,384,-110;-96;8;0;11;-7;3;-5;-4;-4;-11;-3;-17;-1;-22;-1;-26;0;-29;0;-31;0;-31;0;-30;0;-28;0;-25;0;-22;0;-18;0;-13;0;-8;1;-3;2;2;3;6;5;9;6;12;8;14;9;15;10;16;11;4;2;0;0;0;0;0;0;0;0;0;0;0;0;0;0;0;0;0;0;-1;1;-3;8;-4;11;-6;15;-7;18;-9;21;-11;24;-13;25;-15;24;-15;23;-15;21;-13;17;-10;13;-7;9;-3;5;2;1;8;-3;13;-7;18;-10;23;-13;28;-15;31;-17;34;-18;35;-18;35;-18;33;-16;30;-15;107;0;17;6;16;5;15;5;15;5;15;5;14;5;14;4;14;4;13;3;13;3;13;2;12;2;12;2;12;2;12;2;12;2;11;2;11;1;10;2;10;2;9;2;9;2;9;2;9;2;8;2;8;2;8;2;7;2;2;0;0;0;-1;-1;-1;0;-1;-1;1;-1;3;0;10;0;10;0;10;1;10;2;11;2;11;2;11;2;11;3;11;4;12;4;12;5;12;5;12;6;12;6;12;5;12;6;12;6;12;6;13;6;13;6;14;6;14;6;15;6;15;6;15;6;15;7;16;7;16;7;107;0;4;-22;4;-22;3;-22;3;-21;3;-20;2;-19;2;-18;1;-18;0;-17;-1;-17;-1;-17;-1;-16;-1;-16;-1;-16;-1;-15;-2;-15;-2;-15;-2;-15;-2;-14;-1;-14;-1;-14;-1;-13;-1;-13;-1;-12;-1;-12;-1;-12;0;-12;0;-12;0;-5;0;-2;0;0;-1;0;-1;0;0;-2;0;-5;2;-12;3;-12;3;-12;3;-12;4;-12;4;-13;4;-13;4;-14;5;-14;5;-15;6;-15;6;-15;6;-15;6;-16;6;-16;6;-16;6;-17;6;-17;6;-17;6;-18;5;-18;5;-19;5;-20;5;-21;5;-21;5;-22;5;-22;5;-22,empty,EXP_S052,ZONE_01,sortie_zone,4.7,sortie_zone,sortie de la zone
9646372866,-55,6,a0:9f:7a:73:2b:3e,384,-110;-96;8;0;-8;-11;-5;-3;-3;4;0;10;1;16;3;21;4;25;5;27;6;29;6;29;5;28;5;26;4;24;3;20;3;16;2;12;2;7;2;1;2;-4;3;-8;4;-12;4;-15;5;-17;6;-18;7;-19;1;-5;0;0;0;0;0;0;0;0;0;0;0;0;0;0;0;0;0;0;1;0;8;2;11;2;15;4;19;5;22;7;24;10;25;12;25;13;23;14;21;13;18;11;14;9;9;5;4;1;0;-4;-4;-8;-8;-13;-12;-18;-15;-23;-18;-27;-20;-31;-21;-33;-21;-34;-21;-33;-20;-32;-19;-30;98;0;2;-19;2;-18;3;-17;3;-16;3;-16;2;-16;2;-16;1;-16;1;-15;1;-15;1;-14;1;-14;1;-13;1;-13;1;-13;1;-13;0;-13;0;-12;1;-12;1;-11;1;-11;1;-11;1;-10;1;-10;1;-10;1;-9;1;-9;2;-9;0;-3;0;-1;-1;0;0;0;0;0;-1;-1;-2;-4;-3;-10;-3;-11;-2;-11;-2;-12;-1;-12;-1;-13;-1;-13;-1;-13;0;-13;1;-14;2;-14;2;-15;2;-15;2;-15;2;-15;2;-14;3;-14;3;-15;3;-15;3;-16;3;-17;3;-17;3;-17;3;-17;3;-17;4;-18;4;-18;4;-19;98;0;-21;-1;-22;-1;-22;-1;-21;-1;-20;-1;-19;-1;-18;0;-17;0;-17;1;-17;1;-17;1;-16;1;-16;1;-15;1;-15;2;-14;2;-14;2;-14;2;-14;2;-14;1;-13;1;-13;1;-12;1;-12;1;-12;1;-12;0;-12;0;-12;-1;-5;-1;-2;-1;0;-1;0;-1;0;0;-2;0;-5;0;-12;1;-12;0;-12;-1;-13;-1;-13;-1;-13;-1;-14;-1;-15;-1;-15;-2;-16;-2;-16;-3;-16;-3;-16;-3;-17;-2;-17;-2;-17;-3;-18;-3;-18;-3;-18;-3;-18;-3;-19;-2;-20;-2;-21;-1;-21;-1;-22;-2;-22;-2;-22;-2;-22;-1,empty,EXP_S052,ZONE_01,sortie_zone,4.7,sortie_zone,sortie de la zone
9646578833,-55,6,a0:9f:7a:73:2b:3e,384,-110;-96;8;0;-1;12;1;5;3;-3;5;-11;6;-17;8;-21;9;-25;10;-28;10;-29;10;-30;10;-29;9;-27;9;-24;8;-21;6;-17;4;-12;1;-7;-1;-3;-4;1;-7;5;-10;8;-12;10;-13;12;-15;13;-16;13;-5;3;0;0;0;0;0;0;0;0;0;0;0;0;0;0;0;0;0;0;-2;-2;-6;-8;-8;-11;-10;-15;-12;-19;-13;-22;-13;-25;-13;-27;-12;-28;-11;-27;-9;-25;-7;-22;-6;-17;-4;-11;-3;-5;-2;2;-2;8;-2;15;-2;22;-2;28;-2;33;-2;37;-2;39;-3;40;-3;39;-2;37;-2;34;105;0;-18;7;-18;7;-17;6;-17;6;-16;6;-16;5;-15;6;-15;6;-14;6;-13;6;-13;6;-13;6;-12;6;-12;6;-12;6;-12;5;-12;5;-11;5;-11;4;-11;4;-11;4;-10;4;-10;4;-10;4;-9;4;-9;3;-9;2;-9;2;-3;0;-1;0;0;-1;0;-1;0;-1;-1;0;-3;2;-7;8;-8;7;-9;7;-9;7;-10;7;-11;7;-11;7;-12;6;-12;6;-13;6;-14;6;-14;6;-15;6;-15;6;-15;6;-15;5;-15;5;-15;5;-16;5;-16;5;-16;5;-17;5;-17;6;-17;6;-17;6;-18;6;-18;6;-18;6;105;0;11;18;11;18;11;17;11;17;10;16;10;15;10;14;10;14;10;13;10;12;10;12;10;11;10;11;10;11;10;10;9;10;9;10;9;10;9;10;8;10;8;9;8;9;7;9;7;8;7;8;7;9;6;9;6;9;2;3;0;1;-1;-1;-1;-1;-1;-1;0;0;2;3;7;9;7;9;6;9;6;10;6;10;6;11;7;11;7;12;7;13;6;13;6;14;6;14;6;14;7;14;7;14;7;15;7;15;7;16;8;16;8;16;8;16;9;17;9;17;10;18;10;18;11;18;11;18;11;18,empty,EXP_S052,ZONE_01,sortie_zone,4.7,sortie_zone,sortie de la zone
9646773975,-55,6,a0:9f:7a:73:2b:3e,384,-110;-96;8;0;-2;13;1;5;3;-3;6;-10;8;-17;10;-22;12;-25;13;-28;13;-29;13;-30;13;-29;12;-27;11;-24;10;-20;8;-16;5;-11;2;-7;-1;-3;-5;1;-8;4;-11;7;-13;9;-16;10;-17;11;-18;11;-5;2;0;0;0;0;0;0;0;0;0;0;0;0;0;0;0;0;0;0;-2;-2;-6;-8;-8;-11;-10;-16;-12;-19;-13;-23;-13;-26;-13;-28;-11;-29;-10;-28;-8;-26;-7;-22;-6;-18;-4;-12;-3;-5;-3;2;-3;9;-3;15;-3;22;-3;28;-4;34;-5;37;-5;40;-5;41;-5;40;-5;38;-5;36;105;0;-20;5;-19;5;-19;5;-18;5;-18;5;-17;4;-17;4;-16;4;-15;4;-15;4;-15;4;-14;4;-14;4;-14;4;-13;4;-13;4;-13;3;-13;3;-12;3;-12;2;-12;2;-11;2;-11;2;-11;1;-10;1;-10;1;-10;0;-10;0;-4;0;-1;0;0;-1;0;-1;0;-1;-1;0;-3;3;-7;8;-8;8;-9;7;-9;7;-10;7;-11;7;-12;7;-12;6;-13;6;-13;6;-14;6;-14;5;-15;5;-15;5;-15;4;-16;4;-16;4;-16;4;-16;4;-16;4;-17;4;-17;5;-18;5;-18;5;-18;5;-19;5;-19;5;-19;5;105;0;9;20;9;19;9;19;9;18;9;17;9;16;9;16;9;15;8;15;8;14;8;14;8;13;8;13;8;12;8;12;8;12;8;12;8;12;7;12;7;11;7;11;6;11;6;11;5;10;5;10;5;10;4;10;4;10;1;3;0;1;-1;-1;-1;-1;-1;-1;0;0;2;3;7;9;7;9;7;10;7;10;7;11;7;11;7;12;7;13;7;13;7;14;7;14;7;15;6;15;6;15;6;16;6;16;7;16;7;16;7;17;8;17;8;17;9;18;9;18;9;19;9;19;10;19;10;20;10;20,empty,EXP_S052,ZONE_01,sortie_zone,4.7,sortie_zone,sortie de la zone
9646971988,-55,6,a0:9f:7a:73:2b:3e,384,-110;-96;8;0;12;2;5;-2;-2;-5;-8;-9;-13;-12;-17;-15;-21;-17;-23;-18;-24;-19;-24;-20;-23;-19;-22;-19;-20;-17;-17;-14;-13;-12;-10;-8;-6;-4;-3;0;0;4;2;8;3;11;4;14;5;16;5;18;5;19;1;5;0;0;0;0;0;0;0;0;0;0;0;0;0;0;0;0;0;0;-2;0;-8;4;-11;6;-15;7;-19;9;-23;9;-26;10;-28;9;-28;8;-27;7;-25;5;-22;4;-18;2;-12;2;-5;2;1;3;7;3;14;4;20;5;26;6;31;7;35;8;37;9;37;10;37;10;35;10;33;9;110;0;3;17;3;17;3;16;3;16;3;15;3;15;3;14;4;14;4;13;4;13;4;12;4;12;4;12;4;12;4;11;4;11;4;11;3;10;3;10;3;10;3;10;3;9;2;9;2;9;2;8;2;8;1;8;1;8;0;2;0;0;-1;-1;-1;-1;-1;-1;0;0;2;2;5;8;5;8;4;9;4;9;4;10;4;10;3;11;3;11;3;12;2;12;2;13;2;13;2;14;2;14;1;14;1;14;1;14;1;15;1;15;1;15;2;15;2;16;2;16;2;16;2;16;2;17;3;17;3;17;110;0;20;-8;19;-8;19;-8;18;-8;17;-8;16;-9;16;-9;15;-9;14;-9;14;-9;13;-9;13;-9;12;-9;12;-9;11;-9;11;-9;11;-9;11;-9;11;-9;11;-9;10;-8;10;-8;9;-7;9;-7;9;-7;9;-7;10;-6;10;-6;3;-2;1;-1;-1;0;-1;0;-1;0;1;-1;4;-2;11;-5;11;-5;11;-4;12;-4;12;-4;12;-4;13;-4;13;-4;14;-4;14;-4;15;-4;15;-4;15;-4;16;-4;16;-4;16;-4;17;-5;17;-5;17;-5;17;-5;18;-6;18;-6;19;-7;19;-7;20;-8;20;-8;20;-8;20;-9,empty,EXP_S052,ZONE_01,sortie_zone,4.7,sortie_zone,sortie de la zone
9647173820,-54,6,a0:9f:7a:73:2b:3e,384,-110;-96;8;0;-3;-16;-4;-6;-6;3;-7;11;-8;19;-9;25;-11;29;-12;33;-12;34;-13;35;-13;34;-12;31;-11;28;-9;24;-7;19;-5;14;-2;8;1;2;5;-3;8;-7;11;-10;14;-13;17;-14;19;-15;20;-15;5;-4;0;0;0;0;0;0;0;0;0;0;0;0;0;0;0;0;0;0;1;1;7;7;10;9;14;13;17;17;19;21;20;24;21;26;20;28;18;27;15;26;13;22;10;17;7;11;4;4;2;-4;0;-11;-1;-19;-2;-26;-3;-33;-4;-39;-4;-44;-4;-47;-4;-49;-3;-48;-3;-45;-3;-42;108;0;13;-18;13;-17;13;-16;13;-15;13;-15;13;-15;12;-16;11;-16;10;-15;9;-15;8;-14;8;-14;9;-13;9;-14;9;-14;8;-14;8;-13;7;-13;7;-12;7;-11;7;-10;7;-10;7;-10;7;-10;6;-10;6;-9;6;-9;6;-8;2;-3;0;-1;-1;0;-1;0;-1;0;0;-2;1;-4;3;-11;4;-12;5;-12;6;-12;7;-13;7;-13;7;-13;8;-13;9;-12;10;-12;11;-12;11;-13;12;-13;11;-13;11;-13;11;-13;12;-12;13;-12;13;-13;14;-14;13;-15;13;-16;13;-16;13;-15;13;-15;14;-16;15;-16;15;-17;108;0;-23;-13;-23;-13;-23;-14;-22;-13;-21;-13;-20;-12;-19;-10;-19;-9;-19;-8;-19;-7;-19;-7;-19;-7;-19;-7;-18;-7;-17;-6;-17;-6;-17;-5;-17;-5;-17;-6;-17;-6;-16;-6;-15;-6;-14;-6;-14;-5;-14;-5;-14;-6;-14;-7;-14;-7;-5;-3;-2;-1;0;0;0;0;0;0;-2;-1;-5;-3;-13;-8;-13;-9;-12;-9;-12;-9;-12;-10;-13;-10;-14;-10;-15;-11;-15;-12;-15;-13;-15;-13;-15;-13;-15;-13;-16;-13;-16;-13;-17;-14;-17;-14;-17;-15;-17;-15;-18;-14;-19;-14;-20;-13;-21;-14;-22;-14;-22;-15;-23;-16;-23;-16;-23;-15,empty,EXP_S052,ZONE_01,sortie_zone,4.7,sortie_zone,sortie de la zone
9647371338,-55,6,a0:9f:7a:73:2b:3e,384,-110;-96;8;0;10;-7;3;-5;-4;-3;-11;-1;-16;0;-21;1;-25;2;-28;2;-29;3;-29;3;-28;3;-27;2;-24;2;-21;1;-17;0;-12;0;-7;1;-2;1;2;2;7;4;10;5;13;6;15;7;16;8;16;9;4;2;0;0;0;0;0;0;0;0;0;0;0;0;0;0;0;0;0;0;-1;1;-2;7;-3;11;-4;15;-6;18;-8;21;-9;23;-11;24;-13;24;-13;23;-13;20;-11;17;-9;14;-6;9;-2;5;2;0;7;-4;12;-8;17;-11;21;-14;26;-16;29;-18;31;-19;32;-20;32;-20;30;-19;28;-17;110;0;13;10;13;10;13;9;13;9;12;9;12;8;12;8;11;8;11;7;11;7;10;7;10;6;10;6;10;6;10;6;9;6;9;6;9;6;8;6;8;6;7;6;7;6;7;5;6;5;6;5;6;5;5;5;5;6;1;2;0;0;-1;-1;-1;0;-1;-1;1;-1;3;-1;9;0;9;0;10;1;10;2;10;2;10;3;10;3;11;4;11;4;11;5;11;6;11;6;11;7;11;7;11;7;11;7;11;8;11;8;11;8;12;8;12;8;12;9;13;9;13;9;13;9;13;10;14;10;14;10;110;0;9;-19;9;-19;8;-18;8;-18;8;-17;7;-17;6;-16;6;-16;6;-15;5;-15;5;-15;4;-14;4;-14;4;-14;4;-14;4;-14;4;-13;4;-13;4;-13;4;-12;4;-12;4;-12;4;-11;4;-11;4;-11;4;-10;5;-10;5;-10;2;-4;0;-2;-1;0;-1;0;-1;0;0;-2;0;-4;2;-11;2;-12;3;-12;4;-12;4;-12;4;-12;5;-12;5;-13;6;-13;6;-14;6;-14;7;-14;7;-14;7;-14;8;-14;8;-15;8;-15;8;-15;8;-16;8;-16;8;-16;8;-17;8;-17;8;-18;8;-19;9;-19;9;-19;9;-20,empty,EXP_S052,ZONE_01,sortie_zone,4.7,sortie_zone,sortie de la zone
9647572352,-55,6,a0:9f:7a:73:2b:3e,384,-110;-96;8;0;-9;-10;-5;-3;-1;3;2;10;5;15;8;20;10;23;11;26;11;27;12;27;11;26;10;24;9;22;8;19;6;15;5;10;3;6;2;0;1;-4;0;-9;0;-13;0;-16;0;-18;0;-20;1;-21;0;-6;0;0;0;0;0;0;0;0;0;0;0;0;0;0;0;0;0;0;1;0;7;2;11;3;15;4;18;6;22;8;24;10;25;11;25;13;23;13;21;13;18;11;14;9;9;5;4;1;0;-3;-5;-8;-9;-12;-13;-17;-17;-22;-21;-25;-23;-28;-24;-30;-25;-31;-24;-31;-23;-29;-21;-27;99;0;1;-38;1;-37;1;-35;2;-34;2;-33;1;-33;0;-32;-1;-32;-2;-30;-3;-29;-3;-28;-3;-27;-3;-27;-3;-26;-3;-26;-3;-26;-4;-25;-3;-24;-3;-23;-2;-22;-1;-22;-2;-21;-2;-21;-2;-20;-2;-19;-2;-18;-1;-18;0;-17;0;-6;0;-2;0;0;0;1;0;0;-1;-2;-2;-7;-5;-20;-4;-20;-3;-22;-2;-23;-2;-24;-1;-25;-1;-25;0;-25;1;-26;2;-27;3;-28;4;-29;4;-29;4;-30;4;-29;4;-29;5;-29;6;-30;6;-31;5;-32;4;-33;4;-33;3;-34;3;-34;4;-35;4;-36;3;-37;3;-38;99;0;-42;3;-42;4;-41;4;-40;4;-38;4;-36;5;-34;6;-33;7;-32;8;-31;9;-31;9;-30;9;-29;9;-28;9;-27;9;-26;9;-25;9;-25;10;-26;10;-25;9;-24;8;-23;8;-22;8;-22;8;-22;8;-22;7;-22;6;-22;5;-8;1;-3;0;0;-1;1;-1;0;0;-3;0;-9;0;-24;0;-24;-1;-24;-2;-25;-2;-25;-2;-26;-2;-27;-2;-28;-2;-30;-3;-30;-4;-31;-4;-31;-4;-31;-4;-32;-4;-33;-4;-34;-4;-34;-4;-35;-4;-35;-4;-36;-2;-36;-1;-38;1;-40;1;-42;1;-43;1;-43;1;-43;1;-43;2,empty,EXP_S052,ZONE_01,sortie_zone,4.7,sortie_zone,sortie de la zone
9647774400,-55,6,a0:9f:7a:73:2b:3e,384,-110;-96;8;0;-9;-11;-5;-4;-1;3;2;10;5;17;8;21;9;25;10;27;11;29;12;29;12;28;11;26;9;24;8;20;6;16;4;11;3;6;1;1;1;-5;0;-9;0;-13;-1;-16;-1;-19;0;-21;0;-22;0;-6;0;0;0;0;0;0;0;0;0;0;0;0;0;0;0;0;0;0;1;0;8;3;11;4;16;6;19;9;22;11;24;13;25;15;24;16;23;16;21;15;18;14;14;11;9;7;4;2;0;-3;-5;-8;-9;-14;-13;-19;-17;-24;-20;-28;-22;-32;-23;-34;-24;-34;-24;-34;-23;-32;-21;-30;108;0;9;-18;9;-17;9;-17;9;-16;9;-15;9;-15;8;-15;8;-15;7;-15;6;-14;6;-14;6;-14;6;-13;6;-13;6;-13;6;-13;5;-12;5;-12;5;-11;5;-11;6;-10;6;-10;5;-10;5;-9;5;-9;5;-8;5;-8;5;-8;2;-3;0;-1;-1;0;0;0;-1;0;-1;-2;-1;-4;0;-11;1;-12;1;-12;2;-12;3;-13;3;-13;3;-13;4;-13;5;-13;6;-13;6;-14;7;-14;7;-14;7;-14;8;-14;8;-14;8;-14;8;-14;9;-14;9;-15;9;-15;9;-16;9;-16;9;-16;9;-16;10;-17;10;-17;10;-17;108;0;-21;-8;-21;-8;-21;-8;-20;-8;-19;-8;-18;-7;-18;-6;-17;-6;-17;-5;-16;-5;-16;-4;-16;-4;-16;-4;-16;-4;-15;-3;-15;-3;-15;-3;-15;-3;-14;-4;-14;-4;-14;-4;-13;-4;-13;-4;-12;-4;-12;-4;-12;-4;-11;-5;-11;-5;-4;-2;-2;-1;0;0;0;0;0;0;-2;-1;-5;-1;-12;-3;-12;-4;-12;-4;-12;-5;-13;-5;-13;-5;-13;-6;-14;-6;-15;-7;-15;-7;-15;-8;-15;-8;-15;-8;-15;-8;-16;-9;-16;-9;-16;-9;-17;-9;-17;-9;-17;-9;-18;-8;-19;-8;-20;-8;-20;-9;-21;-9;-21;-9;-21;-9;-21;-9,empty,EXP_S052,ZONE_01,sortie_zone,4.7,sortie_zone,sortie de la zone
9647972509,-55,6,a0:9f:7a:73:2b:3e,384,-110;-96;8;0;12;-3;4;-3;-3;-4;-10;-5;-16;-6;-21;-7;-25;-7;-28;-8;-29;-8;-30;-8;-29;-8;-27;-8;-25;-7;-21;-7;-17;-5;-12;-4;-7;-2;-3;1;1;3;5;6;8;9;10;11;12;13;13;14;13;15;3;4;0;0;0;0;0;0;0;0;0;0;0;0;0;0;0;0;0;0;-2;1;-6;7;-8;9;-11;12;-14;15;-16;17;-19;19;-21;19;-22;18;-22;17;-21;15;-19;12;-15;9;-10;7;-4;4;2;2;8;-1;14;-2;20;-4;26;-5;31;-6;35;-6;38;-6;39;-6;38;-6;36;-6;33;-5;109;0;10;14;10;14;10;14;9;13;9;13;9;12;9;12;9;11;9;11;9;10;8;10;8;10;8;9;8;9;8;9;8;9;7;9;7;9;7;8;6;8;6;8;6;8;5;7;5;7;5;7;4;7;4;7;4;7;1;2;0;0;-1;-1;-1;-1;-1;-1;1;0;3;1;9;4;9;4;8;5;9;6;9;6;9;7;9;7;9;8;9;9;9;9;8;10;8;10;8;11;8;11;8;11;8;12;8;12;8;12;8;12;8;12;8;13;9;13;9;13;9;13;9;14;10;14;10;14;10;14;109;0;15;-15;14;-15;14;-15;14;-15;13;-15;12;-14;11;-14;11;-14;10;-13;10;-13;9;-13;9;-13;8;-13;8;-13;8;-13;8;-12;7;-12;7;-12;7;-12;7;-11;7;-11;7;-11;7;-10;7;-10;7;-10;7;-9;7;-9;7;-9;2;-3;0;-1;-1;0;-1;0;-1;0;0;-2;2;-4;7;-10;7;-10;7;-10;8;-10;8;-10;9;-10;9;-10;10;-10;10;-10;11;-11;11;-11;11;-11;12;-11;12;-11;12;-11;13;-11;13;-11;13;-12;13;-12;14;-13;14;-13;14;-14;14;-14;15;-15;15;-15;15;-16;15;-16;15;-16,empty,EXP_S052,ZONE_01,sortie_zone,4.7,sortie_zone,sortie de la zone
9648172867,-55,6,a0:9f:7a:73:2b:3e,384,-110;-96;8;0;10;6;5;1;-1;-4;-6;-10;-10;-14;-14;-18;-17;-21;-18;-23;-20;-24;-20;-24;-20;-23;-18;-22;-16;-20;-14;-17;-11;-14;-8;-10;-6;-5;-3;-1;-1;4;1;8;2;11;3;14;4;17;4;18;3;19;0;4;0;0;0;0;0;0;0;0;0;0;0;0;0;0;0;0;0;0;-2;0;-9;0;-12;0;-17;0;-21;-1;-25;-1;-27;-2;-29;-4;-29;-5;-28;-6;-25;-6;-22;-6;-17;-5;-12;-3;-6;-1;0;2;5;5;11;8;17;12;22;15;26;18;29;20;31;21;32;22;32;22;30;20;28;19;99;0;4;18;3;17;3;16;2;16;2;15;2;15;3;15;3;15;4;14;4;13;4;12;4;12;3;12;3;12;4;12;4;12;4;11;4;11;3;10;3;10;2;10;2;10;2;10;2;9;2;9;2;8;2;8;1;8;0;2;0;0;-1;-1;-1;-1;-1;-1;0;0;1;2;5;8;4;9;4;9;4;10;4;11;4;11;3;11;3;11;2;12;2;12;1;13;1;14;1;14;1;14;1;14;1;14;0;14;0;14;0;15;1;16;1;16;2;16;2;16;2;16;2;16;2;17;2;18;2;18;99;0;19;-8;19;-8;19;-8;19;-8;18;-7;17;-7;16;-7;15;-8;14;-8;13;-9;13;-9;13;-8;13;-8;12;-8;11;-8;11;-8;11;-9;11;-9;11;-9;11;-8;10;-7;10;-7;9;-7;9;-7;9;-7;9;-6;10;-6;10;-6;3;-2;1;-1;-1;0;-1;0;-1;0;1;-1;3;-2;11;-4;11;-4;11;-3;11;-3;11;-3;12;-3;13;-4;14;-4;14;-3;15;-3;15;-3;15;-3;15;-3;15;-3;16;-3;16;-3;17;-3;17;-3;17;-3;17;-4;17;-5;18;-6;18;-6;19;-7;20;-7;20;-6;20;-6;20;-7,empty,EXP_S052,ZONE_01,sortie_zone,4.7,sortie_zone,sortie de la zone
9648385421,-55,6,a0:9f:7a:73:2b:3e,384,-110;-96;8;0;-2;-13;-3;-6;-4;2;-5;9;-6;15;-7;20;-8;24;-9;26;-9;28;-9;28;-9;27;-8;26;-8;23;-7;20;-6;16;-4;11;-2;6;1;2;4;-2;6;-6;8;-9;10;-11;12;-12;14;-13;15;-14;3;-4;0;0;0;0;0;0;0;0;0;0;0;0;0;0;0;0;0;0;1;1;5;5;8;8;11;11;13;14;15;17;16;20;16;22;15;23;14;23;12;22;10;19;8;15;5;10;3;4;2;-3;0;-9;-1;-15;-2;-22;-3;-27;-3;-32;-3;-36;-3;-39;-3;-40;-3;-39;-3;-37;-3;-35;116;0;12;-14;12;-13;12;-13;11;-12;11;-12;11;-12;10;-12;9;-12;9;-12;8;-11;8;-11;8;-11;8;-10;8;-10;7;-11;7;-11;7;-10;6;-10;6;-9;6;-9;6;-8;6;-8;6;-8;6;-8;5;-7;5;-7;5;-7;5;-6;2;-2;0;-1;-1;0;-1;0;-1;0;0;-2;1;-4;3;-10;4;-9;5;-10;6;-10;6;-10;6;-10;7;-10;7;-10;8;-10;9;-10;10;-10;10;-10;10;-10;10;-10;10;-10;11;-10;11;-9;11;-9;12;-10;12;-10;12;-11;12;-12;12;-12;12;-12;12;-12;13;-12;13;-12;13;-13;116;0;-17;-13;-17;-13;-17;-13;-17;-13;-16;-12;-16;-11;-15;-10;-15;-9;-15;-8;-15;-8;-15;-8;-14;-8;-14;-7;-14;-7;-14;-6;-14;-6;-13;-6;-13;-6;-13;-6;-13;-6;-12;-6;-12;-6;-12;-5;-11;-5;-11;-5;-11;-6;-11;-6;-11;-7;-4;-3;-2;-1;0;0;0;0;0;0;-2;-1;-4;-3;-10;-8;-10;-8;-9;-8;-9;-9;-9;-9;-10;-9;-10;-10;-11;-10;-11;-11;-11;-11;-11;-12;-11;-12;-11;-12;-11;-12;-12;-13;-12;-13;-12;-13;-12;-14;-13;-14;-13;-13;-14;-13;-15;-13;-16;-13;-17;-14;-17;-14;-17;-15;-17;-15;-17;-14,empty,EXP_S052,ZONE_01,sortie_zone,4.7,sortie_zone,sortie de la zone
9648572584,-55,6,a0:9f:7a:73:2b:3e,384,-110;-96;8;0;13;1;5;-2;-2;-5;-9;-8;-15;-10;-20;-12;-24;-14;-26;-15;-28;-15;-28;-16;-27;-15;-26;-15;-23;-13;-20;-11;-16;-9;-12;-6;-8;-3;-3;0;0;4;4;7;6;10;8;13;9;15;10;17;10;17;2;4;0;0;0;0;0;0;0;0;0;0;0;0;0;0;0;0;0;0;-2;0;-8;4;-11;6;-15;8;-19;9;-23;10;-26;10;-28;10;-29;9;-28;8;-26;6;-23;4;-18;3;-12;2;-6;2;1;2;7;2;14;2;21;3;27;4;32;5;36;5;39;6;40;7;39;7;37;7;35;6;113;0;11;15;10;14;10;14;9;13;8;13;9;14;9;13;10;12;10;11;10;10;9;10;9;9;8;10;9;10;9;10;9;9;9;9;8;8;7;8;7;8;6;8;6;8;6;8;6;7;6;7;6;6;5;6;5;6;1;2;0;0;-1;-1;-1;-1;-1;-1;0;0;2;2;7;6;7;6;7;7;7;8;7;9;8;9;8;9;7;9;6;10;6;11;6;12;6;13;7;13;7;13;7;13;6;12;6;13;6;13;6;14;7;15;8;15;8;14;9;14;8;14;8;14;8;15;9;16;9;16;113;0;15;-16;15;-16;15;-16;15;-15;14;-14;13;-14;12;-13;11;-13;10;-14;9;-14;9;-14;9;-14;8;-14;8;-13;7;-13;7;-13;7;-13;7;-13;7;-13;7;-13;7;-12;7;-11;6;-11;6;-11;6;-11;6;-11;6;-10;7;-10;2;-4;0;-1;-1;0;-1;0;-1;0;0;-1;3;-3;9;-8;9;-8;10;-7;10;-7;10;-7;11;-8;11;-8;12;-9;13;-9;13;-8;14;-8;14;-8;14;-8;14;-9;14;-9;15;-10;15;-10;16;-10;15;-10;15;-10;15;-11;15;-13;16;-14;16;-14;17;-15;17;-15;17;-15;17;-15,empty,EXP_S052,ZONE_01,sortie_zone,4.7,sortie_zone,sortie de la zone
9648772490,-55,6,a0:9f:7a:73:2b:3e,384,-110;-96;8;0;-10;9;-3;4;3;-1;9;-5;15;-8;19;-11;23;-13;25;-14;26;-15;26;-16;26;-16;24;-14;22;-13;19;-11;15;-8;10;-6;5;-4;0;-3;-5;-2;-9;-1;-13;0;-16;1;-18;1;-20;0;-21;0;-6;0;0;0;0;0;0;0;0;0;0;0;0;0;0;0;0;0;0;0;0;-2;1;-8;1;-12;2;-17;4;-21;5;-24;7;-26;9;-28;10;-28;11;-26;10;-24;9;-20;7;-16;5;-11;1;-6;-3;-1;-7;4;-12;9;-16;14;-20;19;-23;22;-26;25;-28;27;-29;27;-29;27;-27;26;-25;24;101;0;-37;-12;-36;-12;-35;-12;-34;-12;-33;-12;-32;-11;-31;-10;-31;-9;-30;-9;-29;-9;-28;-8;-27;-8;-27;-8;-26;-8;-26;-8;-25;-8;-25;-8;-24;-8;-23;-8;-22;-8;-21;-8;-20;-8;-20;-8;-19;-8;-18;-8;-17;-9;-16;-9;-16;-9;-6;-4;-2;-2;0;0;1;-1;0;-1;-3;0;-8;1;-21;4;-21;3;-22;2;-23;1;-24;0;-25;-1;-26;-1;-27;-2;-27;-3;-28;-5;-28;-6;-29;-7;-29;-8;-29;-9;-29;-9;-29;-10;-29;-10;-30;-10;-30;-11;-31;-11;-32;-11;-33;-11;-34;-11;-34;-12;-35;-12;-36;-13;-36;-14;-37;-14;101;0;-9;42;-9;41;-8;40;-8;39;-7;37;-6;36;-5;35;-4;34;-4;33;-3;32;-3;31;-3;30;-3;29;-2;29;-2;29;-2;28;-1;28;-1;27;-1;27;-2;26;-2;26;-2;25;-3;24;-3;24;-4;23;-5;22;-6;22;-7;22;-3;7;-1;2;0;-1;-1;-2;0;-1;0;2;0;8;0;22;-1;23;-2;23;-3;24;-4;25;-4;25;-4;26;-5;27;-5;28;-6;29;-7;30;-8;30;-9;30;-9;30;-9;31;-9;31;-9;32;-9;33;-9;34;-9;35;-9;36;-8;38;-8;39;-8;40;-9;41;-9;41;-9;42;-9;42,empty,EXP_S052,ZONE_01,sortie_zone,4.7,sortie_zone,sortie de la zone
9648975559,-55,6,a0:9f:7a:73:2b:3e,384,-110;-96;8;0;12;-4;4;-4;-3;-3;-10;-3;-16;-3;-21;-4;-26;-4;-28;-4;-30;-4;-30;-4;-29;-4;-28;-4;-25;-4;-21;-4;-17;-3;-12;-2;-7;-1;-3;1;2;3;5;5;9;7;11;9;13;10;14;12;14;13;3;3;0;0;0;0;0;0;0;0;0;0;0;0;0;0;0;0;0;0;-1;1;-5;6;-6;9;-9;13;-12;16;-14;19;-17;20;-19;21;-20;20;-20;19;-19;17;-17;14;-14;11;-10;8;-4;4;2;1;8;-2;14;-4;19;-6;25;-8;30;-9;34;-10;36;-11;37;-11;37;-11;35;-10;33;-9;107;0;14;10;13;10;13;10;12;10;12;9;12;9;12;9;11;8;11;8;11;8;10;7;10;7;10;7;10;7;10;7;10;7;9;6;9;6;8;6;8;6;8;6;7;6;7;6;7;6;6;6;6;6;5;6;5;6;1;2;0;0;-1;-1;-1;-1;-1;-1;1;-1;3;0;9;0;9;1;10;2;10;2;10;3;11;3;11;4;11;4;11;5;11;6;11;6;11;7;11;8;11;8;11;8;11;8;11;8;11;9;11;9;12;9;12;9;12;9;13;9;13;10;13;10;13;11;13;11;13;12;107;0;10;-18;10;-19;10;-18;9;-18;9;-17;8;-17;8;-16;7;-16;6;-15;6;-15;6;-15;5;-15;5;-14;5;-14;5;-14;5;-14;4;-14;4;-14;4;-13;5;-13;5;-12;5;-12;4;-11;4;-11;5;-11;5;-11;5;-10;6;-10;2;-4;0;-2;-1;0;-1;0;-1;0;0;-2;1;-4;3;-12;4;-11;4;-11;5;-11;5;-12;5;-12;6;-12;6;-13;6;-13;7;-13;7;-14;8;-14;8;-14;8;-14;8;-14;9;-14;9;-14;9;-15;9;-15;9;-15;9;-16;9;-17;9;-18;10;-18;10;-18;10;-19;10;-19;10;-19,empty,EXP_S052,ZONE_01,sortie_zone,4.7,sortie_zone,sortie de la zone
9649172343,-55,6,a0:9f:7a:73:2b:3e,384,-110;-96;8;0;8;9;4;3;0;-4;-4;-11;-7;-16;-9;-20;-12;-24;-13;-27;-14;-27;-14;-28;-14;-27;-13;-26;-12;-23;-10;-20;-8;-16;-6;-11;-4;-7;-3;-1;-1;3;0;8;0;11;1;15;1;17;1;19;0;20;0;5;0;0;0;0;0;0;0;0;0;0;0;0;0;0;0;0;0;0;-2;-1;-8;-3;-12;-5;-15;-7;-19;-9;-22;-11;-24;-12;-25;-14;-25;-15;-24;-16;-21;-15;-18;-14;-15;-11;-10;-7;-5;-3;-1;1;4;6;8;11;12;16;16;21;19;24;22;27;23;30;24;31;23;31;22;29;21;27;101;0;-6;37;-6;36;-7;34;-7;33;-7;32;-7;31;-6;31;-5;31;-4;30;-3;28;-2;27;-3;26;-3;26;-3;26;-3;26;-2;26;-2;25;-2;23;-2;22;-3;21;-4;21;-4;20;-3;20;-2;20;-2;19;-2;18;-3;17;-4;16;-2;5;-1;1;0;-1;-1;-2;-1;-1;0;1;1;6;3;19;2;20;1;21;0;22;-1;23;-1;24;-1;25;-2;25;-4;25;-5;26;-6;27;-7;28;-7;28;-7;29;-7;29;-8;28;-9;28;-9;29;-10;30;-10;31;-9;32;-8;33;-8;33;-8;33;-8;33;-9;34;-10;35;-10;36;101;0;41;1;41;0;41;0;40;1;38;0;36;0;34;-1;33;-2;31;-4;31;-5;30;-5;30;-5;29;-5;28;-6;27;-6;27;-6;27;-7;27;-7;26;-6;26;-6;25;-5;24;-4;23;-4;22;-5;22;-4;22;-4;22;-3;22;-2;8;-1;2;0;-1;0;-2;0;-1;-1;2;-1;8;0;23;0;23;1;23;2;23;3;23;3;24;3;26;3;27;4;28;5;29;6;29;6;29;6;30;6;30;6;31;6;32;6;33;6;33;7;33;7;34;6;35;5;37;4;39;3;40;3;41;3;42;3;42;3;42;3,empty,EXP_S052,ZONE_01,sortie_zone,4.7,sortie_zone,sortie de la zone
9649372535,-55,6,a0:9f:7a:73:2b:3e,384,-110;-96;8;0;12;3;5;-1;-2;-4;-9;-7;-14;-10;-19;-13;-22;-15;-25;-16;-26;-17;-26;-17;-26;-17;-24;-15;-22;-14;-19;-12;-15;-10;-11;-7;-7;-3;-3;0;1;4;4;7;7;10;8;13;10;15;10;16;10;17;2;4;0;0;0;0;0;0;0;0;0;0;0;0;0;0;0;0;0;0;-2;0;-9;2;-12;3;-16;4;-21;4;-24;4;-27;4;-29;3;-29;2;-28;1;-26;0;-23;-1;-18;-1;-12;0;-6;0;0;2;7;3;13;5;20;6;25;8;30;9;34;10;36;11;37;12;37;12;35;12;32;11;106;0;6;17;6;17;6;16;5;16;5;15;5;15;6;14;6;14;6;13;6;12;6;12;5;12;5;12;5;12;6;11;6;11;6;11;5;10;5;10;5;9;4;9;4;9;4;9;4;9;4;8;4;8;3;8;3;7;1;2;0;0;-1;-1;-1;-1;-1;-1;0;0;2;2;6;7;5;8;5;9;5;9;5;10;5;10;5;11;5;11;4;12;4;12;4;13;4;14;4;14;4;14;3;14;3;14;3;14;3;14;3;15;3;15;4;16;4;16;5;16;5;16;5;16;4;17;5;18;5;18;106;0;18;-11;18;-11;18;-11;17;-11;16;-10;15;-10;14;-10;13;-11;13;-11;12;-11;12;-11;11;-11;11;-11;10;-11;10;-11;10;-11;9;-11;9;-11;9;-11;9;-10;9;-10;9;-9;8;-9;8;-9;8;-9;8;-8;8;-8;9;-8;3;-3;1;-1;-1;0;-1;0;-1;0;1;-1;3;-2;10;-6;10;-5;11;-5;11;-5;11;-5;12;-5;12;-5;13;-5;13;-5;14;-5;14;-5;14;-5;14;-5;15;-5;15;-6;16;-6;16;-6;16;-6;16;-6;16;-7;17;-7;17;-8;17;-9;18;-9;19;-9;19;-10;19;-10;19;-10,empty,EXP_S052,ZONE_01,sortie_zone,4.7,sortie_zone,sortie de la zone
9649572374,-54,6,a0:9f:7a:73:2b:3e,384,-110;-96;8;0;-10;8;-3;5;5;2;12;0;18;-2;23;-4;28;-5;30;-5;31;-5;31;-5;30;-5;28;-4;25;-4;21;-4;16;-3;11;-3;6;-4;0;-4;-5;-5;-9;-6;-13;-7;-16;-8;-18;-9;-19;-10;-20;-11;-5;-3;0;0;0;0;0;0;0;0;0;0;0;0;0;0;0;0;0;0;0;-3;1;-10;2;-14;3;-18;5;-23;7;-26;9;-28;10;-30;12;-29;13;-28;13;-25;12;-21;9;-16;5;-11;1;-6;-4;-1;-10;4;-15;8;-20;12;-25;16;-29;19;-33;21;-35;22;-36;22;-36;21;-34;20;-31;18;115;0;-17;-10;-17;-10;-16;-9;-15;-9;-15;-9;-15;-9;-15;-8;-15;-7;-14;-6;-14;-6;-14;-5;-13;-5;-13;-5;-13;-5;-13;-5;-13;-4;-12;-4;-12;-4;-11;-4;-11;-4;-10;-4;-10;-4;-10;-4;-10;-3;-9;-3;-9;-3;-9;-3;-8;-3;-3;-2;-1;-1;0;0;0;0;0;0;-2;-1;-4;-2;-11;-4;-11;-4;-11;-5;-12;-6;-12;-6;-12;-7;-12;-7;-12;-8;-12;-8;-12;-9;-12;-10;-12;-10;-13;-10;-13;-10;-13;-10;-12;-10;-13;-11;-13;-11;-13;-11;-14;-11;-15;-11;-15;-11;-15;-11;-15;-11;-15;-11;-16;-11;-16;-11;-17;-11;115;0;-8;22;-7;21;-7;21;-6;20;-6;20;-5;19;-4;18;-3;18;-2;18;-2;17;-2;17;-1;16;-1;16;-1;16;0;15;0;15;1;15;1;15;1;15;1;14;1;14;0;13;0;13;0;12;0;12;0;12;0;12;-1;12;-1;4;-1;1;-1;-1;0;-1;0;-1;-1;1;-2;4;-6;11;-7;11;-8;11;-8;11;-8;11;-8;12;-9;12;-9;13;-10;13;-10;13;-11;13;-11;13;-11;13;-11;14;-11;14;-11;15;-11;15;-11;16;-11;16;-10;17;-10;18;-10;19;-9;20;-9;20;-9;21;-9;21;-9;21;-9;21,empty,EXP_S052,ZONE_01,sortie_zone,4.7,sortie_zone,sortie de la zone
9649772979,-55,6,a0:9f:7a:73:2b:3e,384,-110;-96;8;0;-4;-12;-5;-4;-6;3;-7;10;-8;16;-9;21;-10;25;-10;27;-11;28;-11;28;-11;27;-11;25;-10;23;-8;19;-6;15;-3;11;-1;7;2;2;6;-2;8;-5;11;-7;13;-9;15;-10;17;-10;18;-10;4;-3;0;0;0;0;0;0;0;0;0;0;0;0;0;0;0;0;0;0;1;1;8;4;11;5;15;8;18;11;21;14;22;16;22;18;22;20;20;20;17;19;14;17;11;13;8;8;4;2;2;-4;-1;-10;-3;-17;-4;-23;-6;-28;-7;-33;-7;-37;-7;-40;-7;-41;-6;-40;-5;-38;-5;-35;117;0;11;-15;10;-14;10;-13;10;-12;11;-12;11;-12;10;-12;9;-13;8;-12;6;-12;6;-11;6;-11;7;-11;7;-11;7;-11;6;-12;5;-11;4;-10;4;-9;5;-8;5;-8;5;-8;5;-9;4;-9;4;-8;3;-7;3;-7;4;-6;1;-2;0;-1;-1;0;-1;0;-1;0;0;-2;1;-4;4;-10;5;-9;6;-10;7;-10;7;-11;7;-11;7;-11;7;-10;8;-9;9;-9;10;-9;11;-10;11;-11;11;-11;10;-11;10;-10;11;-9;11;-9;12;-10;13;-11;12;-13;11;-13;11;-13;11;-12;11;-12;12;-12;13;-13;14;-13;117;0;-20;-11;-20;-11;-20;-11;-20;-11;-19;-11;-18;-10;-17;-8;-17;-7;-17;-5;-17;-5;-17;-5;-17;-5;-16;-5;-16;-5;-15;-4;-15;-3;-15;-3;-16;-3;-15;-3;-15;-3;-14;-4;-13;-4;-13;-3;-13;-3;-13;-3;-13;-3;-13;-4;-13;-4;-5;-2;-2;-1;0;0;0;0;0;0;-2;-1;-4;-3;-11;-8;-10;-9;-10;-9;-10;-9;-10;-9;-11;-9;-12;-10;-12;-11;-12;-12;-12;-13;-12;-13;-12;-13;-12;-13;-13;-12;-13;-13;-14;-13;-14;-14;-14;-14;-14;-14;-14;-13;-15;-12;-17;-12;-18;-12;-19;-13;-19;-14;-19;-14;-19;-14;-19;-13,empty,EXP_S052,ZONE_01,sortie_zone,4.7,sortie_zone,sortie de la zone
9649974553,-55,6,a0:9f:7a:73:2b:3e,384,-110;-96;8;0;-13;0;-5;3;2;6;8;9;14;11;18;13;22;16;24;17;25;18;24;17;23;17;21;16;19;14;16;12;13;9;9;6;6;2;3;-3;0;-7;-2;-10;-3;-14;-4;-17;-4;-19;-4;-20;-4;-21;-1;-6;0;0;0;0;0;0;0;0;0;0;0;0;0;0;0;0;0;0;1;-2;5;-8;8;-11;11;-14;14;-17;17;-19;20;-20;22;-20;24;-19;24;-17;22;-14;19;-12;15;-9;9;-7;3;-5;-3;-4;-10;-3;-17;-2;-23;-2;-29;-2;-34;-2;-38;-2;-40;-3;-41;-4;-40;-5;-37;-5;-34;-5;114;0;-14;-13;-13;-12;-12;-12;-11;-12;-11;-12;-11;-12;-11;-12;-12;-11;-12;-10;-11;-9;-11;-8;-10;-8;-10;-8;-10;-8;-11;-8;-11;-8;-11;-7;-10;-7;-9;-7;-8;-7;-8;-7;-8;-7;-8;-6;-8;-6;-8;-5;-7;-5;-7;-5;-6;-5;-2;-2;-1;-1;0;0;0;0;0;0;-1;-1;-4;-2;-9;-5;-9;-6;-9;-7;-10;-8;-10;-8;-10;-9;-10;-9;-9;-9;-9;-10;-9;-11;-9;-12;-9;-12;-10;-12;-10;-12;-10;-12;-9;-12;-9;-12;-9;-13;-9;-13;-10;-14;-11;-13;-12;-13;-12;-13;-11;-13;-11;-13;-11;-14;-12;-15;-12;-15;114;0;-13;18;-12;19;-12;18;-12;18;-11;17;-11;16;-9;16;-8;16;-7;16;-6;16;-6;16;-6;15;-6;15;-5;14;-5;14;-4;14;-4;14;-4;14;-4;14;-4;14;-4;13;-4;12;-4;12;-3;12;-3;12;-4;12;-4;12;-5;12;-2;4;-1;1;0;-1;0;-1;0;-1;-1;1;-3;3;-9;9;-9;9;-10;8;-10;8;-10;8;-10;9;-11;10;-12;10;-13;10;-13;10;-14;10;-13;10;-13;10;-13;11;-14;12;-14;12;-14;12;-14;12;-14;12;-14;13;-14;14;-14;15;-14;16;-14;17;-15;17;-15;17;-14;18;-14;18,empty,EXP_S052,ZONE_01,sortie_zone,4.7,sortie_zone,sortie de la zone
9650174714,-55,6,a0:9f:7a:73:2b:3e,384,-110;-96;8;0;10;5;4;-1;-1;-6;-6;-12;-9;-17;-12;-21;-14;-24;-15;-26;-16;-27;-17;-27;-16;-26;-15;-24;-13;-22;-11;-19;-9;-14;-7;-10;-5;-5;-4;0;-3;5;-3;9;-2;13;-2;16;-2;18;-3;19;-3;20;-1;5;0;0;0;0;0;0;0;0;0;0;0;0;0;0;0;0;0;0;-2;0;-9;2;-13;3;-18;4;-22;4;-26;4;-28;3;-30;2;-31;0;-30;-1;-27;-2;-23;-2;-18;-2;-12;-1;-6;1;1;3;7;5;13;8;19;12;24;15;28;17;31;20;33;22;33;22;33;22;31;21;28;19;117;0;-5;17;-5;17;-4;16;-4;16;-4;15;-4;15;-4;15;-3;14;-3;14;-2;13;-2;13;-2;13;-2;12;-2;12;-2;12;-2;12;-2;11;-2;11;-2;10;-2;10;-2;10;-2;9;-2;9;-2;9;-2;8;-2;8;-3;7;-3;7;-1;2;-1;0;0;-1;-1;-1;-1;-1;0;1;1;3;2;10;1;10;1;11;0;11;0;12;-1;12;-1;12;-1;13;-2;13;-3;13;-3;14;-3;14;-3;14;-4;14;-4;14;-5;14;-5;14;-5;14;-5;15;-5;15;-5;15;-5;16;-5;16;-5;16;-5;17;-5;17;-5;17;-5;17;117;0;22;-1;21;-1;21;-1;20;-1;20;-1;19;-2;18;-2;18;-2;17;-3;16;-3;16;-4;15;-4;15;-4;15;-4;14;-4;14;-4;14;-4;14;-4;13;-4;13;-4;13;-4;12;-3;12;-3;12;-3;12;-3;12;-3;12;-2;12;-2;4;-1;1;-1;-1;0;-1;0;-1;-1;1;-1;4;-1;12;-1;12;-1;12;0;13;0;13;1;13;1;14;1;14;1;15;2;15;2;15;2;16;2;16;2;16;2;17;2;17;2;18;2;18;2;18;2;18;2;19;2;20;1;20;1;21;1;21;0;22;0;22;0;22;0,empty,EXP_S052,ZONE_01,sortie_zone,4.7,sortie_zone,sortie de la zone
9650372382,-55,6,a0:9f:7a:73:2b:3e,384,-110;-96;8;0;-8;-9;-5;-2;-3;5;-1;12;0;18;1;23;2;26;2;29;2;30;2;30;2;29;2;27;1;24;1;20;1;15;2;11;2;6;3;0;4;-4;6;-9;7;-12;8;-14;9;-16;10;-17;11;-18;2;-5;0;0;0;0;0;0;0;0;0;0;0;0;0;0;0;0;0;0;2;0;9;0;12;1;17;1;21;3;24;4;27;6;28;8;28;10;26;10;23;10;20;9;15;7;10;4;5;0;0;-4;-5;-9;-9;-14;-13;-19;-17;-24;-19;-28;-21;-31;-22;-34;-22;-34;-22;-34;-20;-32;-19;-29;105;0;5;-18;5;-17;5;-16;5;-16;5;-15;5;-15;4;-15;3;-15;3;-15;2;-14;2;-13;2;-13;3;-13;3;-13;2;-13;2;-13;1;-12;1;-12;1;-11;2;-11;2;-10;2;-10;2;-10;1;-10;1;-9;1;-8;1;-8;2;-8;0;-3;0;-1;-1;0;0;0;-1;0;-1;-2;-1;-4;-1;-11;0;-11;1;-11;1;-12;2;-12;2;-13;2;-13;2;-13;3;-13;4;-13;5;-14;5;-14;6;-14;5;-14;5;-14;5;-14;6;-13;6;-14;7;-14;7;-15;6;-16;6;-16;6;-16;6;-16;6;-16;7;-17;7;-17;7;-17;105;0;-22;-3;-22;-3;-22;-3;-22;-3;-21;-2;-20;-1;-19;-1;-18;0;-18;1;-17;1;-17;1;-17;1;-16;2;-16;2;-15;2;-15;2;-15;2;-15;3;-15;3;-14;2;-14;2;-14;2;-13;2;-13;2;-13;2;-13;1;-13;1;-13;0;-5;0;-2;-1;0;-1;0;0;0;0;-2;-1;-5;-1;-13;-3;-13;-3;-13;-4;-13;-4;-13;-4;-13;-4;-14;-5;-15;-5;-16;-5;-16;-6;-16;-6;-16;-6;-16;-6;-17;-6;-17;-6;-17;-6;-18;-7;-18;-7;-18;-7;-18;-6;-19;-5;-20;-5;-21;-4;-22;-4;-22;-5;-23;-5;-23;-4;-23;-4,empty,EXP_S052,ZONE_01,sortie_zone,4.7,sortie_zone,sortie de la zone
9650572379,-55,6,a0:9f:7a:73:2b:3e,384,-110;-96;8;0;10;3;4;-2;-1;-6;-6;-11;-10;-15;-13;-18;-15;-20;-17;-22;-17;-23;-17;-23;-17;-22;-15;-21;-14;-19;-11;-16;-9;-12;-7;-8;-5;-4;-3;1;-2;5;-1;9;-1;12;-1;15;-1;17;-1;18;-1;19;-1;4;0;0;0;0;0;0;0;0;0;0;0;0;0;0;0;0;0;0;-2;0;-8;3;-11;4;-15;6;-19;7;-22;7;-25;7;-27;6;-27;5;-26;3;-24;2;-21;1;-16;1;-11;1;-5;2;1;3;7;4;12;6;18;8;23;10;28;12;30;14;32;15;32;16;32;16;30;15;27;14;110;0;-1;16;-1;16;-1;15;-1;15;-2;14;-2;14;-1;14;-1;13;0;13;0;12;0;12;0;11;0;11;0;11;0;11;0;11;0;10;0;10;0;9;-1;9;-1;9;-1;9;0;8;0;8;0;8;0;7;-1;7;-1;7;-1;2;-1;0;0;-1;-1;-1;-1;-1;0;0;1;3;3;8;2;8;2;9;2;10;2;10;1;10;1;11;1;11;0;11;-1;12;-1;12;-1;13;-1;13;-1;13;-1;13;-2;13;-2;13;-2;13;-2;14;-2;14;-2;14;-2;15;-2;15;-2;15;-2;15;-2;16;-2;16;-2;16;110;0;19;-4;19;-4;19;-4;18;-4;18;-5;17;-5;16;-5;15;-5;14;-5;14;-6;13;-6;13;-6;12;-6;12;-6;12;-6;12;-7;12;-7;12;-7;12;-6;11;-6;11;-6;10;-6;10;-6;10;-6;10;-5;10;-5;10;-5;10;-4;3;-2;1;-1;-1;0;-1;0;-1;0;1;-1;4;-1;11;-3;11;-2;11;-2;11;-2;12;-1;12;-2;13;-1;13;-1;14;-1;14;-1;14;0;14;0;15;-1;15;-1;16;-1;16;-1;16;-1;16;-1;16;-1;17;-1;17;-2;18;-2;18;-3;19;-3;19;-3;20;-4;20;-4;20;-4,empty,EXP_S052,ZONE_01,sortie_zone,4.7,sortie_zone,sortie de la zone
9650776480,-55,6,a0:9f:7a:73:2b:3e,384,-110;-96;8;0;-9;8;-1;4;6;0;12;-3;17;-5;22;-7;26;-8;28;-9;29;-9;29;-10;28;-9;26;-8;23;-7;19;-6;15;-5;10;-4;5;-4;-1;-4;-5;-4;-10;-5;-14;-5;-17;-6;-18;-7;-20;-8;-20;-8;-5;-2;0;0;0;0;0;0;0;0;0;0;0;0;0;0;0;0;0;0;-1;-3;-1;-10;-1;-13;0;-18;0;-22;1;-26;3;-28;5;-30;6;-29;7;-28;7;-25;7;-21;5;-17;3;-12;0;-6;-4;0;-9;5;-13;10;-17;15;-21;19;-24;22;-28;25;-30;26;-31;26;-30;26;-28;24;-26;22;108;0;-37;-11;-35;-11;-34;-11;-32;-11;-32;-11;-31;-11;-31;-10;-30;-9;-29;-7;-28;-7;-27;-7;-26;-7;-26;-7;-26;-7;-26;-7;-25;-7;-24;-6;-23;-6;-22;-6;-21;-7;-20;-7;-19;-7;-19;-7;-19;-6;-18;-6;-17;-6;-16;-7;-15;-8;-5;-3;-2;-1;0;0;1;-1;0;-1;-2;0;-8;1;-21;4;-21;3;-23;2;-24;0;-25;0;-25;-1;-25;-1;-26;-3;-26;-4;-27;-5;-28;-7;-29;-8;-29;-8;-30;-8;-29;-9;-29;-10;-29;-10;-29;-11;-30;-11;-31;-11;-32;-11;-33;-10;-33;-10;-33;-10;-33;-11;-34;-12;-35;-13;-36;-13;108;0;-2;44;-2;44;-2;42;-2;41;-2;39;-2;37;0;36;1;34;2;33;2;32;2;32;2;31;2;31;3;30;4;29;4;29;5;28;4;28;4;28;3;28;3;27;2;26;2;25;2;24;1;24;0;24;-1;24;-2;24;-1;8;-1;2;-1;-1;-1;-2;0;-1;0;2;0;8;1;24;0;24;-1;25;-2;25;-2;25;-2;26;-2;28;-3;29;-4;31;-5;31;-6;32;-7;32;-7;32;-8;33;-8;34;-8;35;-8;35;-8;36;-8;36;-7;36;-6;37;-5;39;-4;41;-4;42;-5;43;-5;43;-5;43;-5;43,empty,EXP_S052,ZONE_01,sortie_zone,4.7,sortie_zone,sortie de la zone
9650972485,-55,6,a0:9f:7a:73:2b:3e,384,-110;-96;8;0;-13;0;-5;2;3;4;10;7;16;9;21;11;24;12;27;13;28;13;28;13;27;12;25;12;22;11;18;9;14;7;10;4;6;1;2;-3;-2;-7;-5;-10;-7;-13;-9;-15;-10;-17;-10;-19;-11;-20;-3;-5;0;0;0;0;0;0;0;0;0;0;0;0;0;0;0;0;0;0;1;-2;6;-7;9;-10;12;-13;16;-15;19;-17;22;-18;24;-17;25;-16;25;-15;23;-13;20;-10;15;-8;10;-6;4;-5;-3;-3;-10;-2;-17;-1;-24;-1;-30;-1;-35;-1;-39;-1;-41;-2;-42;-2;-41;-2;-38;-2;-36;-2;105;0;-8;-18;-8;-18;-8;-17;-7;-17;-7;-16;-7;-16;-7;-15;-8;-14;-8;-14;-8;-13;-8;-12;-8;-12;-8;-12;-8;-12;-8;-12;-7;-11;-7;-11;-7;-11;-6;-10;-6;-10;-6;-10;-5;-9;-6;-9;-6;-9;-5;-9;-5;-8;-4;-8;-4;-8;-2;-3;-1;-1;0;0;0;0;0;0;-1;-1;-3;-3;-8;-8;-8;-9;-7;-9;-7;-10;-7;-11;-7;-11;-7;-12;-7;-12;-6;-13;-6;-13;-6;-14;-6;-14;-6;-15;-6;-15;-6;-15;-6;-15;-5;-15;-5;-15;-5;-16;-6;-16;-6;-16;-7;-17;-7;-17;-7;-17;-7;-18;-7;-18;-7;-18;-7;-18;105;0;-19;13;-18;13;-18;13;-17;13;-16;12;-16;12;-15;12;-14;12;-13;12;-12;12;-12;12;-11;12;-11;12;-10;12;-10;12;-9;12;-9;12;-9;12;-9;11;-9;11;-9;11;-9;10;-8;10;-8;10;-8;10;-9;9;-9;9;-9;9;-4;3;-2;0;0;-1;0;-1;0;-1;-2;0;-4;2;-11;6;-11;6;-12;6;-12;6;-13;6;-13;6;-14;6;-14;6;-15;6;-15;6;-16;6;-16;6;-16;6;-16;7;-17;7;-17;7;-17;7;-17;7;-18;8;-18;8;-18;9;-19;10;-19;10;-19;11;-20;11;-20;12;-20;12;-19;12,empty,EXP_S052,ZONE_01,sortie_zone,4.7,sortie_zone,sortie de la zone
9651181286,-55,6,a0:9f:7a:73:2b:3e,384,-110;-96;8;0;-11;-7;-5;-1;-1;5;4;11;7;16;10;20;13;23;14;25;14;26;14;26;14;25;13;24;11;21;10;17;8;13;6;9;4;4;3;-1;2;-6;1;-10;0;-14;0;-17;0;-19;1;-21;1;-22;0;-6;0;0;0;0;0;0;0;0;0;0;0;0;0;0;0;0;0;0;2;-1;9;-1;12;-2;17;-2;21;-1;25;0;27;1;29;2;29;4;28;5;25;5;21;5;17;4;11;2;5;-1;-1;-4;-7;-7;-13;-11;-18;-15;-23;-18;-27;-21;-30;-24;-31;-26;-32;-26;-31;-26;-29;-25;-26;-23;111;0;-5;-38;-4;-37;-3;-35;-2;-33;-2;-33;-2;-33;-4;-32;-5;-31;-6;-30;-6;-28;-6;-26;-5;-26;-5;-26;-5;-26;-6;-26;-6;-25;-7;-24;-6;-23;-5;-22;-4;-21;-4;-21;-4;-21;-4;-20;-5;-19;-5;-18;-4;-17;-3;-16;-2;-16;-1;-6;-1;-2;0;0;0;1;0;0;-2;-2;-3;-7;-8;-19;-7;-20;-5;-22;-5;-24;-4;-25;-4;-25;-4;-25;-4;-26;-2;-26;-1;-28;0;-29;1;-30;1;-31;1;-31;1;-30;1;-30;2;-30;3;-31;3;-32;2;-34;1;-34;0;-35;-1;-35;-1;-34;0;-35;1;-36;1;-38;1;-39;111;0;-42;12;-42;12;-42;12;-41;12;-39;11;-36;12;-34;12;-32;14;-31;14;-30;15;-30;16;-29;16;-28;15;-26;15;-25;16;-24;16;-24;17;-24;17;-24;17;-24;16;-23;15;-23;14;-22;14;-21;14;-21;14;-21;13;-22;12;-23;11;-9;4;-3;1;0;-1;1;-1;0;0;-3;0;-9;1;-26;4;-26;3;-26;2;-26;1;-26;1;-27;2;-29;2;-31;2;-32;1;-33;0;-33;0;-33;-1;-33;0;-34;0;-35;1;-36;1;-37;1;-37;0;-37;1;-38;2;-38;4;-40;7;-41;8;-43;8;-44;8;-44;8;-44;8;-44;8,empty,EXP_S052,ZONE_01,sortie_zone,4.7,sortie_zone,sortie de la zone
9651371913,-55,6,a0:9f:7a:73:2b:3e,384,-110;-96;8;0;11;-6;3;-6;-4;-7;-11;-7;-17;-8;-22;-9;-26;-10;-28;-11;-29;-12;-29;-12;-28;-12;-26;-12;-23;-10;-19;-9;-15;-7;-11;-4;-8;-1;-4;3;-1;6;1;10;3;13;4;15;5;17;5;19;4;20;1;5;0;0;0;0;0;0;0;0;0;0;0;0;0;0;0;0;0;0;-1;2;-1;9;-2;12;-2;16;-4;20;-5;24;-7;26;-9;28;-10;27;-11;26;-12;23;-11;20;-9;15;-5;11;-1;6;4;2;9;-2;15;-6;20;-9;26;-11;30;-13;34;-14;36;-14;37;-13;37;-12;35;-11;33;-10;121;0;14;9;14;8;13;8;13;8;12;8;12;7;12;7;12;6;12;5;12;5;11;4;11;4;10;4;10;4;10;4;10;3;10;3;10;3;9;3;8;3;8;3;8;3;8;3;8;2;8;2;7;2;7;2;6;3;2;1;0;0;-1;-1;-1;-1;-1;-1;0;0;3;0;8;2;8;3;9;4;9;4;9;5;10;5;10;5;10;6;9;6;10;7;10;8;10;8;11;8;11;8;10;8;10;8;10;9;10;9;10;9;11;9;12;9;12;9;12;9;12;9;13;9;13;10;13;10;14;10;121;0;7;-22;7;-22;7;-22;6;-21;6;-20;5;-19;4;-19;3;-18;2;-18;1;-18;1;-18;0;-18;0;-17;0;-17;0;-16;-1;-16;-1;-16;-1;-16;-1;-16;-1;-15;-1;-15;-1;-14;-1;-14;-1;-14;-1;-13;-1;-13;0;-13;0;-13;0;-5;0;-2;0;0;-1;0;-1;0;0;-2;2;-5;6;-12;6;-12;6;-12;7;-12;7;-12;7;-12;8;-13;8;-13;9;-14;9;-14;10;-14;10;-14;10;-15;10;-15;10;-15;10;-16;10;-16;10;-16;10;-17;10;-17;9;-18;9;-19;9;-20;9;-21;9;-21;9;-22;9;-22;8;-22,empty,EXP_S052,ZONE_01,sortie_zone,4.7,sortie_zone,sortie de la zone
9651578141,-55,6,a0:9f:7a:73:2b:3e,384,-110;-96;8;0;2;12;3;4;6;-3;8;-9;10;-15;12;-19;14;-22;16;-24;17;-25;17;-25;16;-24;15;-22;14;-20;12;-17;9;-14;6;-10;2;-7;-2;-5;-6;-2;-10;-1;-14;1;-16;1;-19;2;-20;1;-21;1;-6;0;0;0;0;0;0;0;0;0;0;0;0;0;0;0;0;0;0;0;-2;-1;-9;-4;-12;-5;-16;-7;-20;-9;-22;-12;-24;-14;-25;-17;-24;-18;-22;-18;-20;-18;-17;-16;-13;-13;-10;-8;-7;-3;-4;3;-2;9;0;15;2;21;3;27;3;32;3;36;3;38;2;39;1;39;1;36;0;33;106;0;-16;8;-15;7;-15;7;-14;7;-14;7;-14;7;-13;7;-13;7;-12;7;-11;7;-11;7;-11;6;-11;6;-10;6;-10;6;-10;7;-9;6;-9;6;-9;6;-9;5;-8;5;-8;5;-8;5;-8;5;-7;4;-7;4;-7;4;-7;3;-3;1;-1;0;0;-1;0;-1;0;-1;-1;0;-3;2;-7;7;-7;7;-8;6;-9;6;-9;6;-10;6;-10;6;-11;6;-11;5;-12;5;-12;5;-13;5;-13;5;-13;5;-13;5;-13;5;-13;5;-14;5;-14;5;-15;5;-15;6;-15;6;-15;6;-15;6;-15;6;-16;7;-16;7;-16;7;106;0;13;17;14;17;14;16;13;15;13;15;13;14;12;13;13;12;13;11;13;11;13;10;12;9;12;9;12;8;12;8;12;8;12;8;12;8;12;8;12;7;11;7;11;7;10;7;10;7;10;7;10;7;9;7;9;8;3;2;0;0;-1;-1;-1;-1;-1;-1;0;1;2;3;7;10;7;10;6;10;6;11;6;11;7;11;7;12;7;13;7;13;7;14;7;14;7;15;7;15;7;15;7;15;8;15;8;16;8;16;8;16;9;16;10;16;10;17;11;17;12;18;12;18;13;18;13;18;13;18,empty,EXP_S052,ZONE_01,sortie_zone,4.7,sortie_zone,sortie de la zone
9651774041,-55,6,a0:9f:7a:73:2b:3e,384,-110;-96;8;0;-8;10;-2;5;5;2;11;-1;17;-4;21;-6;25;-7;27;-8;28;-8;28;-8;28;-8;26;-7;23;-6;20;-5;15;-4;11;-4;6;-4;0;-5;-4;-5;-8;-6;-12;-8;-14;-9;-16;-10;-17;-11;-18;-12;-5;-3;0;0;0;0;0;0;0;0;0;0;0;0;0;0;0;0;0;0;-1;-2;-3;-9;-4;-12;-6;-16;-6;-20;-6;-24;-5;-27;-4;-29;-3;-30;-1;-29;0;-26;1;-23;0;-18;0;-13;-2;-7;-4;-1;-7;5;-11;11;-14;16;-17;21;-20;25;-23;28;-25;29;-26;29;-26;29;-25;27;-23;24;116;0;-35;-7;-34;-7;-33;-7;-31;-7;-30;-7;-30;-7;-29;-6;-29;-5;-28;-4;-27;-4;-25;-3;-25;-3;-24;-3;-25;-4;-24;-3;-24;-3;-23;-3;-22;-3;-21;-3;-21;-3;-20;-4;-19;-4;-19;-3;-18;-3;-18;-3;-17;-3;-16;-4;-15;-5;-6;-2;-2;-1;0;0;1;-1;0;-1;-2;0;-7;1;-19;4;-20;3;-21;2;-23;1;-23;0;-24;0;-24;-1;-25;-2;-25;-3;-26;-4;-27;-5;-28;-6;-28;-7;-28;-7;-28;-7;-28;-7;-28;-8;-28;-9;-29;-9;-30;-9;-31;-9;-31;-8;-32;-8;-32;-8;-33;-8;-33;-9;-34;-10;-35;-10;116;0;-2;43;-1;43;-1;42;-1;41;0;40;0;38;2;36;3;35;4;34;5;33;4;32;4;31;4;30;5;29;6;29;6;28;7;28;7;27;6;27;6;27;5;26;5;26;4;25;4;24;4;24;3;24;2;24;1;24;0;8;-1;2;-1;-1;-1;-2;0;-1;0;2;0;8;0;24;-1;24;-2;24;-3;25;-3;26;-3;26;-3;28;-4;29;-5;30;-5;31;-6;32;-7;32;-7;32;-7;32;-7;33;-7;34;-7;35;-7;35;-7;36;-6;36;-5;38;-5;39;-4;41;-4;42;-4;43;-4;44;-4;44;-4;45,empty,EXP_S052,ZONE_01,sortie_zone,4.7,sortie_zone,sortie de la zone
9651972738,-55,6,a0:9f:7a:73:2b:3e,384,-110;-96;8;0;3;-13;-1;-6;-6;0;-10;5;-14;10;-18;14;-21;17;-23;19;-24;19;-24;19;-23;18;-22;17;-19;15;-16;13;-13;10;-9;8;-4;5;1;3;5;1;9;-1;13;-2;16;-2;18;-2;20;-2;20;-2;5;-1;0;0;0;0;0;0;0;0;0;0;0;0;0;0;0;0;0;0;0;1;3;7;4;11;6;15;7;19;7;23;7;26;6;28;5;28;4;28;2;26;1;22;0;17;1;12;1;5;3;-1;4;-8;6;-14;8;-20;10;-26;12;-31;14;-34;15;-36;16;-37;17;-36;16;-34;15;-32;114;0;17;-6;17;-5;16;-5;15;-5;15;-4;15;-5;14;-5;14;-6;13;-6;12;-6;11;-6;11;-6;11;-5;11;-6;11;-6;10;-6;10;-6;9;-6;9;-5;9;-5;9;-5;9;-5;8;-5;8;-5;7;-4;7;-4;7;-4;7;-3;2;-1;0;-1;-1;0;-1;0;-1;0;0;-1;3;-3;8;-6;9;-6;9;-5;10;-5;11;-5;11;-5;11;-5;11;-4;12;-4;13;-3;13;-3;14;-3;14;-3;14;-3;14;-3;14;-3;14;-2;14;-2;15;-2;15;-3;16;-3;16;-4;16;-4;16;-4;16;-4;17;-4;18;-4;18;-4;114;0;-10;-20;-10;-20;-10;-20;-10;-19;-10;-18;-10;-17;-10;-16;-10;-15;-11;-14;-11;-14;-11;-13;-11;-13;-11;-12;-11;-12;-11;-11;-11;-11;-11;-11;-11;-11;-11;-11;-10;-11;-10;-10;-10;-10;-10;-10;-10;-9;-10;-9;-9;-10;-9;-10;-9;-11;-3;-4;-1;-2;0;0;0;0;0;0;-1;-2;-2;-5;-5;-12;-4;-12;-4;-13;-3;-13;-3;-13;-3;-14;-4;-14;-4;-15;-4;-16;-3;-16;-3;-16;-3;-17;-4;-17;-4;-17;-4;-17;-4;-18;-4;-18;-4;-19;-4;-19;-5;-19;-6;-19;-7;-19;-7;-20;-8;-20;-8;-21;-9;-21;-9;-21;-9;-21,empty,EXP_S052,ZONE_01,sortie_zone,4.7,sortie_zone,sortie de la zone
9652172446,-55,6,a0:9f:7a:73:2b:3e,384,-110;-96;8;0;5;11;4;3;4;-5;4;-12;4;-18;4;-23;4;-27;5;-29;5;-30;5;-30;5;-30;5;-27;5;-24;4;-21;3;-17;1;-12;-1;-8;-4;-3;-6;1;-9;4;-12;7;-14;9;-16;10;-17;10;-18;10;-5;2;0;0;0;0;0;0;0;0;0;0;0;0;0;0;0;0;0;0;-2;-1;-9;-2;-13;-3;-17;-3;-21;-5;-24;-6;-27;-8;-28;-10;-28;-12;-26;-13;-24;-13;-20;-12;-16;-9;-11;-6;-7;-2;-2;3;2;8;5;14;9;19;12;24;14;29;15;33;15;35;15;36;14;36;13;34;12;31;119;0;-11;14;-10;13;-10;13;-10;12;-10;12;-10;12;-9;12;-9;12;-8;11;-7;11;-7;11;-6;10;-6;10;-7;10;-7;10;-6;10;-6;9;-6;9;-6;8;-6;8;-6;8;-6;8;-6;7;-5;7;-5;7;-5;6;-5;6;-6;5;-2;2;-1;0;0;-1;0;-1;0;-1;0;1;-1;3;-2;9;-2;9;-3;10;-4;10;-4;10;-5;11;-5;11;-6;11;-7;11;-7;11;-8;11;-8;11;-8;11;-8;12;-8;11;-9;11;-9;11;-10;11;-10;11;-10;12;-10;12;-10;12;-10;13;-10;13;-11;13;-11;13;-11;14;-11;14;119;0;20;9;20;8;19;8;19;8;18;7;17;7;17;6;16;5;16;5;16;4;16;4;15;3;15;3;15;3;15;2;14;2;14;2;14;2;14;2;14;2;13;2;13;2;12;2;12;2;12;2;12;3;11;3;11;4;4;1;1;0;-1;-1;-1;-1;-1;-1;1;0;4;1;11;4;11;4;11;5;11;5;11;6;12;6;12;6;13;7;13;8;13;8;13;8;13;8;13;8;14;9;14;9;15;9;15;10;15;10;15;10;15;10;16;9;17;9;18;9;18;9;19;9;19;9;20;9;20;9,empty,EXP_S052,ZONE_01,sortie_zone,4.7,sortie_zone,sortie de la zone
9652372588,-55,6,a0:9f:7a:73:2b:3e,384,-110;-96;8;0;-12;-4;-6;1;0;6;5;11;9;15;12;19;14;22;15;24;16;25;16;25;15;24;14;23;12;20;10;17;8;13;6;9;5;4;4;-1;3;-6;3;-10;3;-14;3;-16;3;-19;4;-20;5;-21;1;-6;0;0;0;0;0;0;0;0;0;0;0;0;0;0;0;0;0;0;1;-2;7;-6;9;-8;13;-10;17;-12;21;-13;24;-13;26;-12;27;-11;27;-9;25;-7;21;-6;17;-5;11;-4;5;-4;-2;-4;-8;-5;-15;-7;-21;-8;-27;-10;-31;-12;-35;-14;-36;-15;-37;-16;-36;-17;-34;-16;-32;-15;107;0;-4;-18;-4;-18;-4;-17;-4;-17;-4;-16;-4;-16;-4;-15;-4;-15;-4;-14;-4;-13;-4;-13;-4;-13;-4;-13;-4;-12;-4;-12;-4;-12;-4;-12;-4;-11;-3;-11;-3;-11;-3;-10;-3;-10;-3;-9;-3;-9;-2;-9;-2;-9;-2;-9;-1;-8;-1;-3;-1;-1;0;0;0;0;0;0;-1;-1;-3;-3;-7;-8;-7;-9;-6;-9;-6;-10;-6;-11;-6;-11;-5;-12;-5;-12;-5;-13;-4;-13;-4;-14;-4;-14;-3;-15;-3;-15;-3;-15;-3;-15;-3;-15;-3;-15;-3;-15;-3;-16;-3;-16;-3;-17;-3;-17;-3;-17;-3;-18;-3;-18;-3;-18;-3;-18;107;0;-21;8;-21;8;-20;8;-20;8;-19;8;-18;8;-17;8;-17;8;-16;8;-15;8;-15;9;-14;9;-14;9;-13;9;-13;9;-13;9;-13;8;-13;8;-12;8;-12;8;-12;7;-12;7;-11;7;-11;7;-11;6;-11;6;-12;5;-12;5;-5;1;-2;0;0;-1;0;-1;0;-1;-2;0;-4;2;-12;5;-12;5;-12;4;-13;4;-13;4;-14;4;-14;4;-15;4;-15;4;-16;4;-16;4;-17;4;-17;4;-17;4;-18;4;-18;4;-18;4;-18;4;-19;4;-19;5;-19;5;-20;6;-20;6;-21;6;-21;7;-21;7;-22;7;-22;8,empty,EXP_S052,ZONE_01,sortie_zone,4.7,sortie_zone,sortie de la zone
9652577093,-55,6,a0:9f:7a:73:2b:3e,384,-110;-96;8;0;6;10;5;3;4;-5;4;-12;4;-18;4;-23;5;-27;5;-29;5;-30;5;-30;5;-29;5;-27;5;-24;4;-21;2;-16;1;-12;-1;-7;-4;-3;-7;1;-9;4;-12;7;-14;9;-16;10;-17;10;-18;11;-5;2;0;0;0;0;0;0;0;0;0;0;0;0;0;0;0;0;0;0;-2;-1;-9;-2;-13;-3;-17;-4;-21;-5;-24;-7;-26;-9;-28;-11;-27;-12;-26;-13;-23;-13;-20;-12;-15;-10;-11;-7;-6;-2;-2;3;2;8;5;14;8;19;11;25;13;29;14;33;15;36;14;37;14;36;12;34;12;32;119;0;-10;14;-10;14;-10;13;-10;13;-10;12;-10;12;-9;12;-8;12;-7;12;-7;11;-7;11;-6;10;-6;10;-6;10;-6;10;-6;10;-6;10;-6;9;-6;8;-6;8;-6;7;-6;7;-6;7;-5;7;-5;7;-5;6;-5;6;-5;5;-2;2;-1;0;0;-1;0;-1;0;-1;0;1;-1;3;-2;9;-3;10;-3;10;-4;10;-5;10;-5;10;-5;10;-6;10;-6;10;-7;10;-8;11;-9;11;-9;11;-9;11;-9;11;-9;11;-9;11;-10;11;-10;11;-10;12;-10;12;-10;13;-10;13;-10;13;-10;13;-11;13;-11;14;-12;14;119;0;20;8;20;8;20;8;19;8;18;7;17;6;17;5;16;4;16;4;16;3;16;3;15;3;15;3;15;2;15;2;14;2;14;1;14;2;14;2;14;2;13;2;13;2;12;2;12;2;12;2;12;2;11;3;11;3;4;1;1;0;-1;-1;-1;-1;-1;-1;1;0;4;1;11;4;11;4;11;5;11;5;11;6;12;6;12;6;13;7;13;8;13;8;13;9;13;9;14;9;14;9;14;9;14;9;15;10;15;10;15;10;16;9;16;9;17;9;18;9;19;9;19;9;20;9;20;9;20;9,empty,EXP_S052,ZONE_01,sortie_zone,4.7,sortie_zone,sortie de la zone
9652772619,-55,6,a0:9f:7a:73:2b:3e,384,-110;-96;8;0;-14;1;-6;3;2;5;8;8;14;11;19;12;22;14;24;15;25;16;25;16;24;16;23;15;20;13;17;11;13;8;10;5;6;1;3;-3;0;-7;-2;-11;-4;-14;-5;-16;-5;-19;-5;-20;-5;-21;-2;-6;0;0;0;0;0;0;0;0;0;0;0;0;0;0;0;0;0;0;1;-2;5;-7;7;-11;10;-14;13;-17;16;-19;19;-20;22;-20;23;-19;23;-18;22;-15;19;-13;15;-10;10;-7;4;-5;-3;-4;-9;-2;-16;-1;-23;-1;-29;0;-34;0;-38;-1;-40;-1;-41;-2;-40;-3;-38;-3;-35;-3;116;0;-5;-18;-4;-18;-4;-17;-4;-17;-4;-16;-4;-16;-4;-15;-4;-15;-5;-14;-5;-13;-5;-13;-5;-13;-5;-12;-5;-13;-5;-12;-5;-12;-5;-12;-4;-11;-4;-11;-4;-10;-3;-10;-3;-10;-3;-10;-3;-9;-3;-9;-3;-8;-2;-8;-2;-8;-1;-3;-1;-1;0;0;0;0;0;0;-1;-1;-3;-3;-7;-9;-6;-9;-6;-10;-5;-11;-5;-11;-5;-12;-5;-12;-5;-12;-4;-13;-4;-14;-3;-14;-3;-15;-3;-15;-3;-15;-3;-15;-3;-15;-2;-15;-2;-15;-2;-16;-3;-16;-3;-17;-3;-17;-4;-17;-4;-17;-4;-18;-4;-18;-4;-19;-4;-19;116;0;-21;8;-21;8;-21;8;-20;8;-19;8;-18;8;-17;8;-16;9;-15;9;-15;9;-14;9;-14;9;-14;9;-13;9;-13;9;-12;9;-12;9;-12;9;-12;9;-12;9;-11;8;-11;8;-11;8;-11;7;-11;7;-11;7;-11;6;-12;6;-5;2;-2;0;0;-1;0;-1;0;-1;-2;0;-5;1;-12;4;-12;4;-13;3;-13;3;-13;3;-14;3;-14;3;-15;3;-16;3;-16;3;-17;3;-17;3;-17;3;-17;3;-18;3;-18;3;-18;3;-19;3;-19;4;-19;4;-19;5;-20;6;-21;6;-21;7;-21;7;-22;7;-22;8;-22;8,empty,EXP_S052,ZONE_01,sortie_zone,4.7,sortie_zone,sortie de la zone
9652972404,-54,6,a0:9f:7a:73:2b:3e,384,-110;-96;8;0;-10;-7;-5;-1;0;4;4;10;7;14;10;18;12;21;13;24;14;24;14;24;14;23;13;22;11;20;9;16;8;13;5;8;4;4;2;-1;1;-5;1;-10;0;-13;0;-16;0;-18;0;-19;1;-20;0;-6;0;0;0;0;0;0;0;0;0;0;0;0;0;0;0;0;0;0;1;-1;8;-1;11;-2;15;-2;20;-1;23;0;26;1;27;2;27;3;26;4;24;5;20;5;16;4;11;2;5;-1;-1;-3;-6;-6;-12;-10;-17;-13;-21;-16;-25;-19;-28;-22;-29;-24;-30;-24;-29;-24;-28;-23;-26;-21;106;0;8;-34;8;-34;7;-33;7;-32;6;-31;6;-30;5;-29;4;-28;3;-27;2;-27;2;-26;2;-26;2;-25;2;-25;2;-24;1;-24;1;-23;1;-22;1;-22;1;-21;1;-20;1;-19;1;-19;1;-18;1;-17;1;-17;2;-16;3;-16;1;-6;0;-2;-1;0;0;1;-1;0;-1;-3;-2;-7;-3;-20;-2;-21;-1;-21;0;-22;1;-23;2;-23;3;-24;3;-25;4;-25;5;-26;6;-27;7;-27;8;-28;8;-28;8;-27;8;-27;9;-27;9;-28;9;-29;9;-29;9;-30;9;-31;9;-32;9;-32;9;-33;9;-34;9;-34;9;-35;106;0;-42;-3;-41;-3;-40;-2;-39;-1;-38;0;-36;1;-35;2;-34;2;-33;3;-32;4;-31;5;-30;6;-29;6;-29;6;-28;7;-28;7;-27;7;-27;7;-26;7;-26;7;-25;6;-24;6;-24;6;-23;6;-23;5;-23;5;-23;4;-23;3;-9;1;-3;0;0;-1;1;0;0;0;-3;-1;-9;-1;-23;-3;-24;-4;-24;-5;-24;-5;-25;-6;-25;-6;-26;-6;-28;-7;-29;-8;-29;-8;-30;-9;-31;-9;-31;-9;-31;-9;-32;-9;-32;-9;-33;-9;-33;-9;-34;-9;-35;-8;-36;-7;-37;-6;-39;-6;-40;-5;-40;-5;-41;-5;-42;-4;-42;-4,empty,EXP_S052,ZONE_01,sortie_zone,4.7,sortie_zone,sortie de la zone
9653178324,-55,6,a0:9f:7a:73:2b:3e,384,-110;-96;8;0;-6;-12;-6;-4;-6;3;-7;10;-8;16;-9;21;-10;24;-11;27;-12;27;-12;27;-12;26;-11;25;-10;22;-9;18;-6;15;-4;11;-1;7;3;3;6;0;9;-3;12;-4;15;-6;17;-7;19;-7;20;-6;5;-2;0;0;0;0;0;0;0;0;0;0;0;0;0;0;0;0;0;0;1;0;8;1;12;2;16;3;20;4;23;6;26;8;27;10;27;12;25;13;22;13;19;12;15;10;10;6;6;1;2;-4;-2;-10;-5;-15;-8;-21;-10;-26;-11;-31;-12;-35;-12;-38;-12;-39;-11;-38;-10;-36;-9;-34;109;0;11;-13;11;-13;11;-12;10;-11;10;-11;10;-11;10;-11;9;-11;8;-11;8;-11;7;-11;7;-10;7;-10;7;-10;7;-10;7;-10;6;-10;6;-9;6;-9;6;-8;6;-8;6;-8;6;-8;5;-8;5;-7;5;-7;5;-6;5;-6;1;-2;0;-1;-1;0;-1;0;-1;0;0;-1;0;-4;3;-9;3;-9;4;-10;5;-10;6;-10;6;-11;6;-10;7;-10;7;-10;8;-10;9;-10;10;-10;10;-11;10;-11;10;-10;10;-10;10;-10;10;-10;11;-10;11;-11;11;-11;11;-12;11;-12;11;-12;11;-12;12;-12;12;-12;13;-12;109;0;-20;-13;-20;-13;-19;-12;-19;-12;-18;-11;-17;-10;-17;-9;-17;-8;-17;-7;-17;-7;-17;-7;-16;-6;-16;-6;-16;-6;-15;-5;-15;-5;-15;-5;-15;-5;-15;-5;-15;-5;-14;-5;-13;-5;-13;-5;-13;-4;-13;-5;-13;-5;-13;-6;-12;-6;-5;-3;-2;-1;0;0;0;0;0;0;-2;-1;-4;-3;-11;-8;-11;-8;-11;-9;-10;-9;-11;-9;-11;-9;-12;-10;-12;-11;-13;-11;-13;-12;-12;-13;-12;-13;-13;-12;-13;-13;-13;-13;-14;-13;-14;-14;-14;-14;-14;-14;-15;-13;-15;-13;-16;-13;-17;-13;-18;-14;-19;-14;-19;-14;-19;-14;-19;-14,empty,EXP_S052,ZONE_01,sortie_zone,4.7,sortie_zone,sortie de la zone
9653372611,-55,6,a0:9f:7a:73:2b:3e,384,-110;-96;8;0;15;8;8;5;0;2;-7;-1;-14;-3;-19;-4;-24;-5;-27;-6;-29;-6;-29;-6;-29;-5;-28;-5;-26;-5;-22;-5;-18;-5;-13;-5;-8;-4;-3;-4;2;-3;7;-3;10;-2;13;-2;16;-1;17;-1;18;0;4;0;0;0;0;0;0;0;0;0;0;0;0;0;0;0;0;0;0;0;-1;-1;-6;-4;-9;-6;-13;-8;-17;-11;-21;-13;-24;-15;-26;-16;-27;-17;-27;-17;-25;-16;-23;-15;-19;-13;-15;-9;-9;-6;-4;-2;2;2;8;5;15;9;21;12;26;14;31;16;34;17;36;18;37;17;37;16;35;15;95;0;8;19;7;19;7;18;7;18;6;17;6;17;6;16;6;16;6;15;6;15;6;14;6;14;5;13;5;13;5;13;5;13;4;13;4;12;3;12;3;12;2;11;2;11;2;11;2;10;2;10;1;10;1;9;0;9;0;3;-1;1;-1;-1;-1;-1;-1;-1;1;0;3;2;9;6;9;6;8;7;8;8;8;9;8;9;8;10;8;10;8;11;7;12;7;13;7;13;7;14;7;14;7;14;7;14;7;14;7;15;7;15;7;16;7;16;7;17;7;17;7;17;7;18;7;18;7;19;7;19;95;0;18;-6;18;-6;18;-6;17;-6;16;-6;15;-6;14;-6;13;-6;13;-6;12;-6;11;-6;11;-6;10;-6;10;-6;10;-6;9;-6;9;-6;9;-6;9;-6;8;-5;8;-5;8;-5;7;-5;7;-5;7;-5;7;-5;7;-5;7;-4;2;-2;0;-1;-1;0;-1;0;-1;0;1;-1;3;-3;10;-7;11;-6;11;-6;11;-6;12;-5;12;-5;13;-5;13;-5;14;-5;15;-5;15;-5;15;-4;15;-4;15;-5;16;-5;16;-5;16;-4;17;-4;17;-4;17;-5;17;-5;18;-6;18;-6;19;-6;19;-6;19;-6;19;-6;19;-6,empty,EXP_S052,ZONE_01,sortie_zone,4.7,sortie_zone,sortie de la zone
9653575525,-59,6,a0:9f:7a:73:2b:3e,384,-110;-96;8;0;1;-12;-6;-8;-13;-5;-20;-3;-26;-1;-30;-1;-34;-1;-36;-2;-36;-3;-35;-4;-32;-5;-29;-5;-25;-5;-20;-4;-14;-3;-9;-1;-5;2;0;5;3;8;5;12;7;14;7;17;7;19;6;19;5;20;1;5;0;0;0;0;0;0;0;0;0;0;0;0;0;0;0;0;0;0;1;2;8;8;10;9;14;11;17;14;19;17;20;19;20;21;19;22;17;22;15;21;13;18;11;13;9;8;9;1;9;-6;10;-12;11;-19;13;-25;15;-30;18;-34;20;-37;22;-38;24;-38;23;-36;22;-32;20;-29;123;0;17;5;16;5;16;5;15;5;15;5;15;5;15;4;15;4;14;3;13;2;13;2;13;2;13;2;13;2;12;1;12;1;12;1;11;1;11;1;10;1;10;1;10;1;10;1;9;1;9;1;8;1;8;1;7;1;2;0;0;0;-1;-1;-1;0;-1;-1;0;-1;2;-1;7;-1;7;0;7;1;8;1;8;1;9;1;9;2;9;2;9;3;10;4;10;4;11;4;11;5;11;5;11;5;11;5;11;5;11;6;12;6;13;6;14;6;14;6;14;6;14;6;15;6;15;7;16;7;17;7;123;0;-3;-27;-3;-27;-4;-27;-4;-26;-5;-25;-5;-23;-6;-22;-6;-21;-7;-20;-7;-20;-7;-19;-8;-18;-8;-17;-8;-16;-8;-16;-8;-15;-8;-15;-8;-14;-8;-14;-8;-13;-8;-13;-7;-12;-7;-11;-7;-11;-7;-10;-7;-10;-7;-10;-6;-10;-3;-4;-1;-2;0;0;-1;0;-1;0;0;-2;0;-6;1;-15;2;-15;2;-15;3;-15;3;-16;3;-17;3;-17;3;-18;4;-19;4;-19;4;-20;4;-20;4;-20;4;-21;4;-21;4;-22;4;-22;3;-23;3;-23;2;-24;1;-25;1;-26;0;-27;0;-27;-1;-28;-1;-28;-2;-28;-2;-29,empty,EXP_S052,ZONE_01,sortie_zone,4.7,sortie_zone,sortie de la zone
9653780025,-58,6,a0:9f:7a:73:2b:3e,384,-110;-96;8;0;6;22;6;14;7;6;8;-2;10;-8;12;-14;15;-18;17;-21;18;-23;20;-24;21;-23;22;-22;21;-20;20;-17;18;-13;15;-10;11;-7;7;-5;2;-3;-3;-2;-7;-2;-11;-3;-14;-4;-16;-5;-17;-7;-5;-2;0;0;0;0;0;0;0;0;0;0;0;0;0;0;0;0;0;0;-3;-1;-11;-2;-15;0;-19;2;-23;4;-28;4;-31;4;-34;3;-35;1;-35;0;-33;-2;-30;-3;-26;-2;-21;-1;-15;1;-9;5;-4;9;1;14;6;19;10;25;13;30;15;35;16;38;16;41;15;42;14;42;13;41;-127;0;-13;12;-13;12;-12;11;-12;11;-11;11;-11;11;-10;11;-10;10;-9;10;-9;10;-8;10;-8;10;-8;10;-8;10;-8;10;-8;10;-8;10;-8;10;-7;9;-7;9;-7;8;-7;8;-7;8;-6;8;-6;7;-7;7;-7;6;-7;6;-3;2;-1;0;0;-1;0;-1;0;-1;-1;0;-2;2;-6;8;-6;7;-7;7;-7;7;-8;7;-8;7;-9;8;-9;8;-10;8;-10;8;-11;8;-11;8;-11;8;-11;8;-11;8;-12;8;-12;8;-12;8;-12;8;-12;8;-12;9;-13;9;-13;9;-13;10;-13;10;-13;11;-13;11;-13;11;-127;0;14;22;14;22;13;21;13;20;13;19;12;18;12;17;12;16;12;15;12;14;12;13;11;13;11;12;11;12;10;11;10;11;10;10;9;10;9;10;8;9;8;9;7;8;7;8;7;7;6;7;6;7;5;7;5;7;1;2;0;0;-1;-1;-1;-1;-1;-1;1;1;3;5;9;14;9;15;8;15;8;16;8;16;8;17;8;17;8;18;8;19;8;19;8;20;8;20;8;20;8;20;8;20;8;20;9;21;9;21;9;21;10;21;11;22;11;22;12;22;12;23;13;23;13;23;14;23;14;23,empty,EXP_S052,ZONE_01,sortie_zone,4.7,sortie_zone,sortie de la zone
9653974100,-60,6,a0:9f:7a:73:2b:3e,384,-110;-96;8;0;-7;26;-4;20;1;15;6;10;11;8;16;6;21;6;24;6;26;7;28;8;28;10;27;12;24;14;21;14;18;13;14;11;10;9;8;5;7;1;6;-3;6;-7;8;-9;9;-11;12;-12;13;-12;3;-3;0;0;0;0;0;0;0;0;0;0;0;0;0;0;0;0;0;0;-4;0;-14;3;-15;5;-17;8;-19;11;-22;13;-25;14;-29;14;-31;13;-32;11;-31;10;-30;8;-28;7;-24;6;-20;7;-15;8;-11;11;-7;14;-3;19;0;24;1;30;1;35;0;39;-1;41;-2;43;-5;43;-6;43;-125;0;-14;5;-13;5;-13;5;-12;4;-12;4;-12;4;-12;4;-12;4;-11;4;-11;4;-10;4;-10;4;-10;4;-10;4;-10;3;-10;3;-10;3;-10;3;-9;3;-9;2;-9;2;-8;2;-8;1;-8;1;-8;1;-8;1;-8;0;-8;0;-3;0;-1;-1;0;-1;0;-1;0;-1;-1;0;-2;1;-5;4;-6;4;-6;4;-7;4;-7;4;-7;4;-7;4;-8;4;-8;4;-8;4;-9;3;-9;3;-9;3;-10;3;-10;4;-10;4;-10;4;-10;4;-11;4;-11;4;-11;4;-12;4;-12;5;-12;5;-12;5;-13;5;-13;5;-13;5;-125;0;0;28;0;27;0;27;0;26;0;25;1;23;1;23;1;22;1;21;1;20;2;19;2;19;2;18;2;17;3;17;2;17;2;16;2;16;2;15;2;15;1;14;1;13;1;13;1;12;0;12;0;12;0;12;-1;12;-1;4;-1;1;-1;-1;-1;-2;-1;-1;0;1;1;6;3;18;2;19;2;19;1;19;0;20;0;20;0;21;-1;21;-1;22;-2;23;-2;23;-2;23;-3;23;-3;23;-3;24;-3;24;-3;24;-2;24;-2;25;-2;25;-2;26;-1;27;-1;27;-1;28;-1;28;-1;29;0;29;0;29,empty,EXP_S052,ZONE_01,sortie_zone,4.7,sortie_zone,sortie de la zone
9654174292,-64,6,a0:9f:7a:73:2b:3e,384,-110;-96;8;0;37;7;32;8;27;7;22;4;18;1;15;-3;13;-7;12;-12;12;-15;13;-17;14;-19;16;-19;18;-18;19;-17;19;-15;18;-12;17;-10;15;-8;12;-7;9;-6;6;-6;4;-7;3;-8;2;-10;1;-11;0;-3;0;0;0;0;0;0;0;0;0;0;0;0;0;0;0;0;0;0;1;4;4;19;5;17;6;15;8;13;12;12;16;12;20;13;23;15;25;18;26;20;26;23;24;25;22;26;19;25;17;24;15;21;14;16;15;11;17;6;20;2;24;-2;29;-4;34;-5;38;-5;42;-4;44;-2;-108;0;11;3;11;3;11;3;10;2;9;2;8;2;8;3;8;3;8;3;8;2;7;2;7;2;6;2;6;2;6;3;6;3;6;3;5;3;5;2;4;2;4;2;3;2;3;2;3;2;3;2;3;2;2;2;2;2;0;0;0;0;-1;-1;-1;0;-1;0;0;-1;1;-2;4;-4;4;-4;4;-3;5;-3;6;-3;6;-3;7;-3;7;-3;7;-3;7;-2;8;-2;8;-1;9;-1;9;-1;9;-1;10;-1;10;-1;10;0;10;0;10;1;10;1;11;1;11;1;11;1;11;1;11;1;11;2;10;2;-108;0;29;3;29;3;28;3;27;3;25;3;24;2;24;2;23;2;22;1;21;1;20;1;19;1;18;1;18;1;17;1;17;1;16;1;15;1;14;1;14;1;13;2;12;2;12;2;11;2;10;2;10;2;9;3;9;3;3;1;1;0;-1;-1;-2;0;-1;0;2;-1;7;-2;21;-5;21;-4;21;-3;21;-2;22;-1;22;-1;22;-1;23;0;23;0;24;0;24;1;25;1;25;2;25;2;25;3;25;3;26;2;26;2;27;2;27;2;27;2;28;2;29;2;29;2;30;2;31;2;31;2;31;2,empty,EXP_S052,ZONE_01,sortie_zone,4.7,sortie_zone,sortie de la zone
9654379450,-66,6,a0:9f:7a:73:2b:3e,384,-110;-96;8;0;-39;23;-34;19;-28;15;-21;11;-14;7;-6;4;1;1;8;-2;13;-4;18;-5;21;-5;24;-6;26;-6;27;-5;27;-4;25;-3;22;-2;19;-1;15;0;11;1;7;1;3;0;-1;0;-5;-1;-7;-1;-2;-1;0;0;0;0;0;0;0;0;0;0;0;0;0;0;0;0;0;0;2;4;9;16;7;11;6;5;6;-1;6;-9;7;-16;8;-23;10;-29;12;-34;14;-37;15;-39;16;-39;17;-37;15;-34;14;-30;11;-24;7;-18;3;-12;-3;-4;-10;3;-16;9;-22;16;-28;21;-33;25;-37;28;-40;30;110;0;-20;13;-19;12;-18;12;-17;11;-16;11;-15;10;-15;10;-15;10;-14;10;-13;10;-12;10;-11;9;-11;9;-11;9;-11;8;-11;8;-11;8;-10;7;-10;7;-9;7;-9;6;-8;6;-8;6;-8;6;-8;6;-8;6;-7;6;-7;6;-3;2;-1;0;0;-1;0;-1;0;-1;-1;1;-2;4;-6;11;-7;11;-8;10;-9;10;-10;10;-10;10;-11;11;-11;11;-11;11;-12;11;-13;11;-14;10;-14;10;-15;10;-15;11;-15;11;-15;11;-15;11;-16;11;-17;11;-17;11;-18;11;-18;12;-18;12;-18;13;-18;13;-19;12;-19;12;110;0;-22;13;-21;13;-20;13;-19;13;-18;13;-17;13;-16;12;-15;12;-14;11;-14;11;-13;10;-13;10;-12;10;-11;9;-11;9;-10;9;-9;8;-9;8;-8;8;-8;7;-8;7;-7;7;-7;6;-7;6;-6;6;-6;5;-6;5;-6;5;-2;1;-1;0;0;-1;0;-1;0;-1;-2;1;-6;4;-16;12;-17;11;-18;11;-18;10;-18;9;-18;9;-19;9;-19;10;-19;11;-20;11;-20;10;-21;10;-21;9;-21;9;-21;10;-21;10;-21;11;-21;11;-22;12;-22;12;-22;13;-22;13;-22;14;-22;14;-22;15;-23;15;-23;15;-23;15,empty,EXP_S052,ZONE_01,sortie_zone,4.7,sortie_zone,sortie de la zone
9654576817,-66,6,a0:9f:7a:73:2b:3e,384,-110;-96;8;0;42;-2;36;-1;28;0;20;0;12;0;4;1;-4;2;-11;2;-17;2;-22;3;-25;3;-28;3;-30;3;-30;2;-29;1;-27;1;-24;0;-20;-1;-15;-2;-11;-2;-7;-3;-2;-3;3;-3;7;-3;10;-3;2;-1;0;0;0;0;0;0;0;0;0;0;0;0;0;0;0;0;0;0;2;-4;9;-12;5;-10;-1;-7;-7;-4;-14;-1;-21;1;-27;3;-33;4;-37;5;-40;6;-41;6;-41;6;-39;6;-35;5;-30;5;-24;4;-16;3;-7;2;2;1;11;0;21;-1;29;-2;37;-3;43;-4;48;-4;50;-4;97;0;23;4;23;4;22;3;21;3;20;3;19;2;19;2;18;2;18;1;17;1;17;0;16;0;16;0;15;0;15;0;14;0;14;0;13;0;13;0;13;0;12;0;12;0;11;0;11;0;10;0;10;0;10;0;10;0;3;0;1;0;-1;-1;-1;0;-1;0;1;-1;4;-2;12;-4;12;-3;13;-3;13;-2;14;-2;14;-1;15;-1;16;-1;16;0;17;0;17;1;18;2;18;2;18;2;19;3;19;3;19;3;19;3;20;3;20;3;21;3;21;3;22;3;23;3;23;3;23;3;23;3;23;3;97;0;23;0;22;0;21;-1;21;-1;20;-1;19;-2;18;-2;16;-2;15;-2;14;-2;14;-3;13;-3;13;-4;13;-4;12;-4;12;-4;11;-4;11;-4;11;-3;10;-3;10;-3;9;-3;9;-3;8;-3;8;-3;8;-3;8;-3;8;-3;2;-1;0;-1;-1;0;-2;0;-1;-1;2;-1;7;-1;19;-3;19;-2;19;-1;19;0;19;0;20;1;20;1;20;1;21;1;21;2;21;2;21;2;21;2;21;2;21;2;21;2;21;2;21;2;22;2;22;1;23;1;23;1;23;1;24;1;24;0;24;0;24;0;24;0,transition,EXP_S052,ZONE_01,sortie_zone,4.7,sortie_zone,sortie de la zone
9654774195,-65,6,a0:9f:7a:73:2b:3e,384,-110;-96;8;0;42;11;36;11;29;9;21;6;14;2;8;-2;3;-8;-1;-13;-3;-18;-5;-22;-5;-26;-5;-28;-4;-29;-2;-30;0;-29;1;-27;2;-24;3;-20;2;-16;1;-12;0;-8;-2;-5;-5;-2;-7;0;-9;1;-3;0;0;0;0;0;0;0;0;0;0;0;0;0;0;0;0;0;0;0;-5;0;-16;2;-13;4;-9;8;-6;13;-4;18;-3;24;-2;30;-3;35;-5;39;-8;41;-10;41;-12;40;-13;37;-12;33;-10;28;-8;23;-3;18;2;13;9;8;17;4;24;1;32;-1;39;0;45;1;49;3;52;4;-126;0;20;-2;19;-3;18;-3;17;-3;16;-2;15;-2;15;-1;15;-1;15;-2;14;-2;13;-3;13;-3;12;-2;12;-2;12;-1;12;-1;11;-1;11;-2;10;-2;9;-2;9;-1;8;-1;8;-1;7;-1;7;-1;7;-1;7;-1;7;-1;2;-1;0;0;-1;0;-1;0;-1;0;0;-1;3;-3;8;-7;9;-6;9;-5;10;-5;11;-4;12;-5;12;-5;12;-5;12;-5;12;-5;13;-4;13;-3;14;-3;15;-3;15;-3;15;-4;15;-4;14;-3;15;-3;16;-2;17;-2;18;-3;18;-4;18;-4;18;-4;18;-3;18;-2;18;-2;-126;0;28;-7;27;-7;26;-8;25;-7;24;-7;23;-7;22;-6;21;-6;19;-6;18;-6;17;-6;16;-6;16;-6;16;-6;15;-5;14;-5;14;-5;13;-5;13;-5;13;-5;12;-4;12;-4;12;-3;11;-3;10;-3;10;-3;9;-3;9;-3;3;-1;0;-1;-1;0;-2;0;-1;0;1;-2;6;-6;18;-15;19;-14;20;-12;20;-11;21;-10;21;-10;21;-10;22;-10;23;-10;24;-10;25;-9;25;-9;26;-8;25;-8;25;-8;25;-8;26;-8;27;-8;27;-8;27;-8;27;-8;27;-8;27;-9;28;-10;29;-10;30;-10;30;-9;30;-9,transition,EXP_S052,ZONE_01,sortie_zone,4.7,sortie_zone,sortie de la zone
9654974200,-58,6,a0:9f:7a:73:2b:3e,384,-110;-96;8;0;-5;-21;-9;-17;-13;-15;-18;-14;-22;-13;-25;-14;-27;-16;-27;-17;-27;-19;-25;-20;-23;-20;-20;-20;-16;-18;-14;-16;-12;-13;-10;-9;-10;-5;-11;-2;-13;1;-15;2;-17;3;-19;3;-20;1;-20;0;-20;-2;-5;-1;0;0;0;0;0;0;0;0;0;0;0;0;0;0;0;0;0;0;2;-3;8;-10;7;-12;7;-14;7;-17;8;-20;10;-22;13;-23;15;-23;16;-22;17;-21;17;-19;15;-17;12;-16;9;-15;5;-16;1;-18;-3;-21;-5;-24;-7;-28;-8;-32;-8;-35;-6;-38;-5;-39;-2;-39;-1;-37;0;-35;-113;0;10;-3;9;-3;9;-2;9;-2;9;-1;9;-1;9;-2;9;-2;9;-2;8;-2;8;-2;7;-2;8;-1;8;-1;8;-1;8;-2;7;-2;7;-1;7;-1;7;0;7;0;7;0;7;0;6;0;6;0;5;0;5;1;5;1;1;0;0;0;-1;-1;-1;0;-1;0;-1;-1;0;-2;0;-4;1;-4;2;-4;2;-5;3;-5;3;-5;3;-5;3;-5;4;-4;4;-4;5;-4;6;-4;6;-4;6;-4;6;-4;6;-3;6;-3;6;-2;7;-2;8;-2;8;-3;8;-3;8;-3;8;-3;8;-2;9;-2;10;-2;10;-2;-113;0;-15;-27;-15;-26;-15;-25;-14;-25;-14;-23;-14;-22;-14;-21;-14;-20;-14;-19;-15;-18;-15;-17;-14;-17;-14;-16;-13;-16;-13;-15;-13;-15;-13;-15;-12;-14;-12;-14;-11;-13;-10;-13;-10;-12;-10;-11;-9;-11;-9;-11;-8;-11;-8;-10;-7;-10;-3;-4;-1;-2;0;0;0;0;0;0;-1;-2;-3;-6;-7;-15;-6;-16;-6;-16;-5;-17;-5;-17;-5;-18;-5;-18;-5;-19;-5;-20;-5;-21;-5;-21;-5;-21;-5;-22;-6;-22;-6;-22;-6;-22;-7;-23;-7;-23;-8;-23;-8;-23;-9;-24;-10;-25;-11;-25;-12;-26;-13;-27;-13;-27;-14;-27;-14;-27,transition,EXP_S052,ZONE_01,sortie_zone,4.7,sortie_zone,sortie de la zone
9655172947,-57,6,a0:9f:7a:73:2b:3e,384,-110;-96;8;0;17;12;11;6;5;0;-1;-7;-6;-12;-10;-17;-14;-21;-16;-25;-19;-27;-20;-28;-20;-29;-20;-29;-18;-28;-16;-26;-13;-23;-10;-19;-7;-14;-4;-9;-1;-4;1;2;2;6;3;11;4;14;4;18;3;20;0;5;0;0;0;0;0;0;0;0;0;0;0;0;0;0;0;0;0;0;-1;-1;-6;-2;-10;-3;-15;-3;-20;-4;-24;-6;-28;-7;-30;-9;-31;-10;-31;-11;-28;-11;-25;-11;-21;-9;-16;-7;-10;-4;-4;0;2;4;8;8;14;12;20;17;24;20;29;23;32;26;34;27;34;27;34;26;33;25;103;0;-2;20;-2;19;-2;19;-2;19;-2;18;-2;18;-1;17;-1;17;-1;16;0;16;0;16;0;15;0;15;1;15;0;15;0;15;0;15;0;15;0;14;-1;14;-1;13;-1;13;-1;13;-1;12;-1;12;-2;12;-2;11;-3;11;-1;4;-1;1;0;-1;-1;-1;-1;-1;0;1;1;3;3;10;3;10;2;11;1;12;1;12;0;12;0;13;-1;13;-1;14;-2;14;-2;15;-3;15;-3;15;-3;15;-3;16;-4;16;-4;16;-4;16;-4;16;-4;16;-4;17;-4;17;-4;18;-4;18;-3;19;-3;19;-3;19;-3;19;103;0;23;6;23;6;23;5;22;5;21;5;21;5;20;4;19;4;19;3;18;3;17;3;17;2;16;2;16;2;16;2;15;2;15;2;14;2;14;2;13;2;12;2;12;2;11;2;11;2;10;2;10;2;10;2;9;3;3;1;1;0;-1;-1;-1;-1;-1;-1;1;0;4;1;12;3;12;3;13;3;13;4;13;4;13;4;14;5;14;5;14;6;15;6;15;6;15;6;15;6;16;6;16;6;16;6;17;6;17;6;18;6;18;6;19;6;20;6;21;6;21;6;22;5;23;5;23;5;24;5,transition,EXP_S052,ZONE_01,sortie_zone,4.7,sortie_zone,sortie de la zone
9655372484,-54,6,a0:9f:7a:73:2b:3e,384,-110;-96;8;0;14;12;10;6;7;0;5;-7;4;-13;4;-19;4;-23;4;-26;5;-27;6;-28;7;-28;8;-27;8;-24;8;-21;7;-18;5;-14;2;-10;-1;-7;-4;-4;-8;-2;-11;-1;-13;-1;-16;-1;-17;-1;-19;-2;-5;-1;0;0;0;0;0;0;0;0;0;0;0;0;0;0;0;0;0;0;-2;1;-9;7;-11;10;-14;13;-17;16;-20;18;-23;19;-25;19;-27;17;-27;16;-26;13;-24;11;-20;9;-15;8;-10;8;-4;8;2;9;8;10;14;12;20;15;24;18;27;20;30;23;30;25;30;26;29;26;27;26;-127;0;1;31;1;30;1;29;0;28;0;27;1;27;1;26;2;26;3;25;4;24;4;23;4;22;3;21;3;21;3;21;4;21;4;20;4;19;3;18;3;17;2;16;2;16;2;15;2;14;2;13;2;13;2;12;1;12;0;4;0;1;-1;-1;0;-2;0;-1;0;2;-1;6;-2;19;-3;19;-4;19;-5;20;-5;21;-5;21;-5;21;-5;21;-6;21;-7;22;-8;22;-8;23;-8;23;-8;23;-7;23;-7;23;-7;23;-7;24;-7;25;-6;26;-5;27;-4;27;-3;28;-3;28;-3;29;-3;29;-3;30;-3;30;-127;0;46;5;46;5;45;4;44;3;42;2;40;1;38;-1;36;-2;35;-3;34;-4;32;-5;31;-6;30;-7;30;-7;29;-7;28;-8;28;-8;28;-9;27;-9;27;-8;26;-8;25;-7;24;-7;23;-7;23;-7;22;-6;22;-5;22;-4;8;-2;2;-1;-1;0;-2;-1;-1;-1;3;0;11;2;30;7;30;8;30;9;30;10;30;11;31;12;32;12;33;13;34;14;35;15;36;15;36;16;37;16;37;16;37;16;38;16;38;16;39;16;40;15;41;14;42;13;43;11;45;10;46;10;47;9;48;9;48;8;48;8,transition,EXP_S052,ZONE_01,sortie_zone,4.7,sortie_zone,sortie de la zone
9655603082,-53,6,a0:9f:7a:73:2b:3e,384,-110;-96;8;0;-19;10;-12;9;-5;8;2;8;8;8;13;9;18;10;22;11;24;12;25;13;25;14;25;15;23;15;21;14;18;13;14;11;11;8;7;5;4;1;2;-3;1;-7;0;-10;1;-14;1;-16;2;-17;0;-5;0;0;0;0;0;0;0;0;0;0;0;0;0;0;0;0;0;0;-1;-3;-4;-11;-5;-14;-6;-19;-6;-23;-5;-27;-3;-29;-2;-31;0;-31;2;-30;3;-28;3;-24;2;-20;1;-15;-2;-10;-6;-5;-10;0;-14;4;-19;8;-23;12;-27;15;-31;17;-34;18;-36;18;-37;18;-36;17;-35;15;127;0;-16;-5;-16;-5;-15;-5;-14;-5;-14;-4;-14;-4;-14;-4;-14;-3;-14;-3;-13;-2;-13;-1;-12;-1;-12;-1;-12;-1;-12;-1;-12;-1;-12;-1;-12;0;-11;0;-11;-1;-10;-1;-10;-1;-10;-1;-10;-1;-10;0;-9;-1;-9;-1;-9;-1;-3;-1;-1;-1;0;0;0;0;0;0;-2;-1;-4;-2;-11;-6;-10;-7;-10;-7;-10;-8;-10;-8;-11;-8;-10;-8;-10;-8;-10;-9;-10;-9;-10;-10;-10;-10;-11;-10;-11;-10;-11;-9;-10;-9;-10;-9;-10;-9;-11;-9;-12;-9;-12;-8;-13;-8;-13;-7;-13;-7;-13;-7;-14;-7;-14;-7;-15;-7;127;0;-13;20;-13;20;-12;20;-12;20;-11;19;-11;18;-10;18;-9;17;-8;17;-7;17;-7;16;-6;16;-6;15;-6;15;-6;14;-5;14;-5;14;-5;14;-5;13;-5;13;-5;12;-5;12;-4;11;-4;11;-4;10;-4;10;-5;10;-5;10;-2;3;-1;1;0;-1;0;-1;0;-1;-1;1;-3;4;-9;11;-9;11;-10;10;-10;10;-10;10;-11;11;-11;11;-12;12;-12;12;-13;12;-13;12;-13;13;-13;13;-13;13;-13;14;-13;14;-14;14;-14;15;-14;15;-13;16;-13;16;-13;17;-13;18;-14;19;-14;20;-14;20;-14;21;-13;21,transition,EXP_S052,ZONE_01,sortie_zone,4.7,sortie_zone,sortie de la zone
9655774773,-55,6,a0:9f:7a:73:2b:3e,384,-110;-96;8;0;-1;-20;-5;-14;-9;-8;-13;-2;-18;3;-22;7;-25;10;-28;12;-30;14;-31;15;-32;15;-32;14;-31;13;-28;11;-25;9;-21;7;-16;6;-11;6;-5;6;0;6;4;7;8;8;11;10;13;11;15;13;3;3;0;0;0;0;0;0;0;0;0;0;0;0;0;0;0;0;0;0;3;0;13;2;16;5;18;9;20;14;20;18;19;21;17;23;15;23;12;22;9;20;6;16;4;11;2;5;2;-1;2;-8;2;-14;3;-20;4;-25;5;-30;6;-34;7;-37;8;-40;8;-40;8;-40;7;-39;6;-37;124;0;15;-6;15;-6;14;-6;14;-5;13;-5;13;-6;13;-6;13;-7;12;-7;11;-7;11;-7;10;-7;10;-7;10;-7;10;-7;10;-7;10;-7;9;-7;9;-7;9;-6;8;-6;8;-6;8;-5;8;-6;8;-5;8;-5;7;-5;7;-4;2;-2;0;-1;-1;0;-1;0;-1;-1;1;-1;5;-1;14;-3;14;-2;15;-1;15;-1;15;0;15;0;15;1;15;1;15;2;15;2;15;2;15;2;15;2;15;2;14;2;14;2;14;2;14;1;14;1;14;1;14;0;14;-1;14;-2;14;-2;14;-2;15;-2;15;-3;16;-3;124;0;-9;-26;-9;-26;-9;-26;-9;-26;-8;-25;-8;-24;-8;-23;-8;-22;-9;-21;-9;-21;-9;-20;-8;-20;-8;-20;-8;-20;-7;-19;-7;-19;-7;-19;-6;-18;-6;-18;-5;-18;-5;-17;-4;-16;-4;-16;-4;-15;-3;-15;-3;-15;-2;-14;-2;-14;-1;-6;0;-2;0;0;0;0;0;0;-1;-2;-2;-4;-3;-10;-3;-10;-3;-11;-3;-11;-3;-11;-3;-12;-3;-12;-4;-13;-4;-14;-4;-14;-4;-14;-4;-15;-4;-15;-4;-16;-5;-16;-5;-17;-5;-17;-5;-18;-5;-19;-6;-19;-7;-20;-8;-21;-8;-22;-9;-23;-9;-24;-9;-25;-9;-25;-9;-26,transition,EXP_S052,ZONE_01,sortie_zone,4.7,sortie_zone,sortie de la zone
9655973149,-55,6,a0:9f:7a:73:2b:3e,384,-110;-96;8;0;14;4;7;1;1;-4;-4;-7;-10;-11;-14;-14;-18;-17;-20;-20;-21;-21;-21;-22;-21;-22;-19;-22;-17;-20;-15;-18;-12;-15;-9;-11;-6;-7;-3;-3;-1;2;1;6;2;10;3;13;3;16;2;18;2;19;0;4;0;0;0;0;0;0;0;0;0;0;0;0;0;0;0;0;0;0;-3;1;-13;4;-17;4;-21;4;-24;3;-26;2;-27;2;-28;1;-27;0;-26;0;-23;-1;-19;-1;-14;0;-9;1;-3;3;2;4;7;6;12;8;18;10;23;11;27;12;30;13;33;14;34;14;34;15;33;14;31;13;106;0;9;15;8;14;8;14;7;14;7;14;7;14;7;13;8;13;8;12;8;11;8;11;7;11;7;11;7;11;7;11;7;11;7;10;7;10;6;9;5;9;5;9;4;9;4;9;5;8;4;8;4;8;3;7;3;7;1;2;0;0;-1;-1;-1;-1;-1;-1;0;1;1;3;4;10;3;11;3;11;2;11;2;12;2;12;2;11;2;11;1;12;1;12;1;13;1;13;1;13;2;13;2;12;2;12;2;12;2;12;2;13;3;13;4;13;4;13;5;13;5;13;5;13;6;14;6;15;7;16;106;0;17;-11;17;-12;17;-11;17;-11;16;-10;16;-10;14;-10;13;-10;12;-10;12;-10;11;-10;11;-10;11;-10;10;-10;10;-9;9;-9;9;-9;9;-10;9;-9;9;-9;9;-8;8;-8;8;-7;8;-7;8;-7;8;-7;8;-7;9;-7;3;-3;1;-1;-1;0;-1;0;-1;0;1;-1;3;-3;9;-7;9;-7;10;-7;10;-6;10;-7;11;-7;11;-7;12;-7;13;-7;13;-7;13;-6;13;-7;14;-7;14;-7;14;-8;15;-8;15;-7;15;-7;15;-8;16;-8;16;-9;16;-10;17;-10;18;-11;18;-11;18;-11;18;-11;18;-11,transition,EXP_S052,ZONE_01,sortie_zone,4.7,sortie_zone,sortie de la zone
9656173827,-53,6,a0:9f:7a:73:2b:3e,384,-110;-96;8;0;15;-4;7;-4;-1;-4;-9;-4;-15;-4;-21;-4;-26;-4;-30;-4;-32;-4;-33;-4;-33;-4;-31;-4;-29;-4;-25;-3;-21;-3;-16;-2;-11;-2;-6;0;0;1;4;3;9;4;12;6;14;8;16;9;17;10;4;2;0;0;0;0;0;0;0;0;0;0;0;0;0;0;0;0;0;0;-2;2;-9;8;-13;10;-17;11;-21;12;-24;13;-27;12;-28;12;-28;10;-27;8;-25;7;-21;5;-16;3;-10;2;-4;1;3;0;9;0;15;-1;22;-2;27;-2;33;-3;36;-4;39;-4;41;-4;40;-4;38;-4;36;-4;107;0;17;9;16;9;15;8;14;8;14;9;14;9;15;8;15;7;14;6;14;6;13;5;13;5;12;5;12;6;13;6;13;5;12;5;11;5;10;5;10;5;9;5;9;5;9;5;9;5;9;5;8;5;7;5;7;5;2;1;0;0;-1;-1;-1;-1;-1;-1;1;0;4;1;11;5;11;6;11;6;12;7;12;7;12;8;11;8;11;8;10;9;10;10;11;10;11;11;11;11;11;10;11;10;11;10;11;10;11;11;11;11;12;11;13;10;14;10;14;9;14;9;14;9;14;10;15;10;15;11;107;0;9;-20;10;-20;10;-20;10;-20;10;-19;9;-18;8;-17;7;-16;6;-16;6;-16;6;-16;6;-16;6;-16;6;-15;5;-15;5;-14;5;-14;5;-14;5;-14;5;-14;5;-13;5;-12;5;-11;5;-11;4;-11;5;-11;5;-11;6;-11;2;-4;0;-2;-1;0;-1;0;-1;0;0;-2;1;-4;3;-11;4;-11;4;-11;4;-11;5;-11;5;-12;5;-12;6;-13;7;-13;8;-13;8;-13;8;-13;8;-13;8;-14;9;-14;9;-15;10;-15;10;-15;10;-15;9;-16;9;-16;9;-18;9;-19;10;-20;10;-20;11;-20;11;-20;11;-20,transition,EXP_S052,ZONE_01,sortie_zone,4.7,sortie_zone,sortie de la zone
9656373039,-55,6,a0:9f:7a:73:2b:3e,384,-110;-96;8;0;-7;-14;-6;-6;-6;2;-5;10;-5;17;-5;23;-5;27;-5;30;-6;32;-6;33;-6;32;-6;31;-6;28;-5;24;-4;20;-3;15;-1;9;1;4;4;-2;6;-6;8;-9;11;-12;13;-14;15;-15;16;-15;4;-4;0;0;0;0;0;0;0;0;0;0;0;0;0;0;0;0;0;0;3;1;13;7;15;10;17;14;19;18;19;22;19;24;18;26;16;25;14;24;11;21;8;18;6;12;4;6;1;0;0;-7;-2;-13;-3;-19;-4;-25;-6;-31;-7;-35;-8;-38;-9;-41;-9;-41;-9;-41;-9;-39;-9;-36;103;0;12;-15;12;-15;11;-14;11;-14;11;-13;10;-13;10;-14;9;-14;8;-14;7;-14;7;-13;7;-13;7;-13;7;-13;7;-13;7;-13;6;-12;6;-12;6;-11;6;-10;6;-10;6;-10;6;-9;6;-9;5;-9;5;-8;5;-8;5;-7;2;-3;0;-1;-1;0;-1;0;-1;0;1;-2;4;-4;11;-10;12;-9;12;-9;13;-8;13;-8;13;-8;13;-8;14;-7;14;-7;14;-7;15;-7;15;-7;15;-7;14;-7;14;-7;14;-7;14;-7;14;-7;14;-8;14;-9;14;-10;13;-10;13;-11;13;-11;13;-11;13;-12;13;-13;14;-13;103;0;-21;-14;-21;-14;-21;-13;-20;-13;-19;-12;-19;-12;-18;-11;-18;-10;-18;-9;-18;-9;-17;-8;-17;-8;-17;-8;-17;-7;-16;-7;-16;-6;-16;-6;-16;-6;-15;-6;-15;-6;-14;-6;-14;-6;-13;-6;-13;-6;-12;-6;-12;-6;-12;-7;-12;-7;-4;-3;-2;-1;0;0;0;0;0;0;-2;-1;-4;-3;-10;-9;-9;-9;-9;-10;-9;-10;-9;-10;-10;-10;-10;-11;-11;-12;-11;-12;-11;-12;-11;-13;-11;-13;-11;-13;-12;-13;-12;-14;-13;-14;-13;-14;-13;-14;-14;-14;-15;-14;-16;-14;-17;-14;-18;-14;-19;-14;-19;-15;-19;-15;-20;-15;-20;-15,transition,EXP_S052,ZONE_01,sortie_zone,4.7,sortie_zone,sortie de la zone
9656572320,-59,6,a0:9f:7a:73:2b:3e,384,-110;-96;8;0;-13;-31;-11;-24;-9;-17;-8;-10;-8;-3;-7;3;-8;9;-9;14;-9;17;-10;20;-11;21;-12;22;-13;21;-13;19;-13;17;-12;14;-11;11;-9;8;-7;5;-4;3;-2;1;0;0;2;-1;4;-2;5;-2;1;-1;0;0;0;0;0;0;0;0;0;0;0;0;0;0;0;0;0;0;1;0;7;1;11;0;17;-1;22;0;27;1;32;2;35;4;36;6;36;8;35;9;32;10;28;9;23;7;18;4;12;0;7;-5;1;-10;-4;-15;-8;-21;-12;-26;-16;-31;-18;-36;-20;-39;-20;-42;-20;-43;-20;-43;115;0;0;-18;-1;-18;-2;-17;-2;-16;-2;-16;-2;-15;-2;-15;-3;-14;-3;-14;-4;-13;-4;-12;-4;-11;-4;-11;-4;-10;-4;-10;-4;-10;-4;-9;-4;-9;-4;-8;-3;-7;-3;-7;-3;-7;-3;-6;-3;-6;-2;-5;-2;-5;-2;-4;-2;-4;-1;-2;-1;-1;0;0;-1;0;-1;0;0;-2;1;-5;5;-12;5;-12;6;-12;6;-13;6;-13;6;-13;6;-14;6;-14;7;-14;7;-14;7;-14;8;-15;8;-15;7;-15;7;-15;6;-15;6;-15;6;-15;5;-15;5;-16;4;-17;4;-17;3;-18;2;-17;2;-18;2;-18;2;-18;1;-18;115;0;-19;-20;-19;-19;-18;-19;-18;-18;-17;-17;-16;-16;-15;-15;-14;-14;-14;-13;-13;-12;-13;-11;-12;-10;-12;-10;-11;-9;-10;-9;-10;-9;-9;-8;-8;-7;-8;-7;-7;-6;-7;-5;-6;-5;-5;-4;-5;-4;-5;-3;-5;-3;-4;-3;-4;-3;-2;-1;-1;-1;0;0;0;0;0;0;-2;-2;-5;-5;-12;-14;-11;-15;-10;-15;-10;-15;-10;-16;-10;-16;-11;-17;-12;-17;-12;-18;-12;-19;-12;-19;-12;-19;-12;-19;-12;-19;-13;-19;-13;-19;-14;-19;-14;-20;-14;-20;-15;-20;-16;-20;-17;-20;-18;-20;-19;-20;-20;-20;-20;-21;-20;-21;-20;-21,transition,EXP_S052,ZONE_01,sortie_zone,4.7,sortie_zone,sortie de la zone
9656807878,-57,6,a0:9f:7a:73:2b:3e,384,-110;-96;8;0;-15;-29;-11;-21;-8;-14;-4;-6;-1;1;3;8;6;15;8;20;11;24;13;27;14;30;15;31;15;32;14;31;12;30;10;27;7;24;4;20;1;15;-1;10;-3;5;-6;0;-7;-5;-8;-10;-9;-13;-3;-4;0;0;0;0;0;0;0;0;0;0;0;0;0;0;0;0;0;0;2;2;9;11;10;15;12;19;12;23;13;26;14;28;13;30;12;30;11;28;10;26;9;22;8;18;6;12;4;6;2;0;0;-6;-2;-13;-5;-19;-8;-26;-11;-31;-14;-36;-16;-40;-19;-43;-21;-44;-22;-45;-22;-44;91;0;9;-22;9;-22;8;-21;8;-21;7;-20;7;-20;6;-20;5;-20;5;-20;4;-19;3;-19;3;-19;3;-19;3;-19;2;-19;2;-18;2;-18;2;-18;2;-18;2;-17;2;-17;2;-16;2;-16;1;-16;1;-16;2;-15;2;-15;3;-15;1;-6;0;-2;-1;0;-1;0;-1;0;0;-2;3;-5;9;-12;9;-12;10;-12;11;-11;11;-11;11;-11;11;-11;11;-11;12;-11;12;-11;12;-11;12;-11;12;-12;12;-12;12;-12;12;-12;11;-13;11;-13;11;-14;11;-15;11;-16;11;-16;10;-17;10;-18;10;-18;10;-19;10;-20;10;-21;91;0;-15;-22;-14;-22;-14;-21;-13;-21;-12;-21;-12;-20;-11;-19;-10;-18;-10;-18;-9;-17;-9;-17;-9;-16;-8;-16;-8;-15;-8;-15;-7;-14;-7;-14;-7;-13;-6;-13;-6;-12;-5;-12;-5;-11;-5;-11;-4;-10;-4;-10;-4;-10;-3;-10;-3;-10;-1;-4;-1;-1;0;0;0;0;0;0;-2;-1;-5;-2;-12;-6;-12;-6;-12;-7;-12;-8;-12;-8;-12;-9;-12;-10;-13;-11;-13;-11;-13;-12;-13;-13;-12;-13;-12;-13;-13;-14;-13;-14;-13;-15;-13;-15;-13;-16;-13;-16;-14;-17;-14;-17;-15;-17;-16;-18;-16;-19;-16;-20;-16;-20;-16;-21;-16;-21,transition,EXP_S052,ZONE_01,sortie_zone,4.7,sortie_zone,sortie de la zone
9656972373,-58,6,a0:9f:7a:73:2b:3e,384,-110;-96;8;0;-30;-21;-26;-17;-22;-13;-18;-8;-13;-3;-8;2;-4;7;0;11;4;15;7;18;10;21;12;25;13;27;13;28;13;29;11;29;9;28;7;26;4;22;1;19;-1;14;-3;9;-4;4;-5;-1;-5;-5;-2;-2;0;0;0;0;0;0;0;0;0;0;0;0;0;0;0;0;0;0;1;-1;6;-4;11;-3;17;-2;23;0;27;3;31;6;32;8;33;10;32;12;29;12;26;12;22;11;18;8;13;5;8;1;3;-3;-2;-7;-6;-11;-11;-15;-16;-18;-21;-22;-24;-24;-28;-26;-31;-27;-33;-28;-35;-28;103;0;-8;-15;-9;-15;-9;-14;-10;-13;-10;-13;-10;-12;-11;-12;-11;-11;-12;-10;-12;-10;-13;-9;-13;-8;-13;-8;-13;-8;-13;-7;-14;-7;-14;-7;-14;-7;-14;-7;-14;-6;-14;-6;-14;-6;-14;-6;-14;-6;-14;-6;-14;-6;-14;-6;-13;-7;-5;-3;-2;-1;0;0;-1;1;-1;0;0;-2;0;-7;2;-17;3;-17;4;-17;5;-17;5;-17;6;-17;6;-17;6;-17;6;-16;6;-16;6;-16;6;-16;6;-16;6;-16;5;-15;4;-15;4;-15;3;-15;2;-15;2;-15;1;-15;0;-15;-1;-15;-2;-15;-3;-15;-4;-15;-5;-15;-5;-16;103;0;-22;-16;-22;-15;-21;-15;-21;-15;-20;-14;-20;-14;-19;-13;-18;-13;-18;-12;-17;-12;-17;-11;-16;-11;-16;-11;-15;-11;-15;-11;-14;-10;-13;-10;-12;-10;-12;-10;-11;-9;-10;-9;-10;-8;-9;-8;-9;-8;-8;-7;-7;-7;-7;-7;-7;-7;-3;-3;-1;-1;0;0;0;0;0;0;-2;-1;-5;-3;-12;-9;-12;-9;-11;-10;-11;-10;-11;-11;-11;-11;-11;-11;-12;-12;-12;-12;-12;-13;-12;-13;-12;-13;-13;-13;-13;-13;-13;-13;-14;-13;-14;-14;-14;-14;-15;-14;-16;-14;-16;-13;-18;-13;-19;-14;-20;-14;-21;-14;-21;-15;-22;-15;-22;-15,transition,EXP_S052,ZONE_01,sortie_zone,4.7,sortie_zone,sortie de la zone
9657172638,-53,6,a0:9f:7a:73:2b:3e,384,-110;-96;8;0;2;8;-3;4;-8;0;-13;-2;-18;-3;-22;-3;-25;-3;-28;-2;-29;0;-29;2;-28;3;-26;3;-24;4;-20;3;-17;2;-12;1;-8;-2;-4;-4;0;-6;3;-9;6;-11;8;-13;9;-15;10;-17;11;-17;2;-5;0;0;0;0;0;0;0;0;0;0;0;0;0;0;0;0;0;0;1;-5;7;-17;10;-19;13;-22;16;-24;18;-25;19;-26;19;-25;18;-24;17;-21;15;-18;13;-14;10;-9;8;-3;5;3;4;9;3;15;4;20;4;25;6;29;8;32;10;34;12;34;14;33;15;30;15;27;15;24;68;0;-6;19;-6;19;-6;18;-6;18;-6;17;-5;17;-5;17;-4;16;-4;16;-3;15;-3;15;-3;15;-3;15;-4;15;-4;15;-4;14;-4;14;-4;14;-4;13;-5;13;-5;12;-5;12;-5;12;-5;11;-5;11;-6;10;-6;10;-7;9;-3;3;-1;0;0;-1;-1;-2;-1;-1;0;1;1;6;4;17;3;17;2;18;1;18;0;19;-1;19;-2;19;-3;19;-4;19;-5;19;-6;19;-6;19;-7;19;-7;18;-7;18;-8;18;-8;17;-8;17;-8;17;-8;18;-8;18;-8;18;-8;18;-7;18;-7;18;-7;19;-7;19;-7;20;68;0;15;-3;15;-2;15;-2;15;-2;14;-1;13;-1;13;-2;12;-2;11;-2;11;-2;11;-2;11;-2;11;-2;11;-2;10;-2;10;-2;10;-2;10;-1;10;-1;9;-1;9;0;9;0;8;0;8;0;8;0;8;1;8;1;8;2;2;0;0;0;-1;-1;-1;0;-1;0;0;-1;3;-2;8;-5;8;-5;8;-5;9;-4;9;-4;9;-4;10;-4;10;-4;11;-4;11;-3;11;-3;11;-3;11;-3;12;-3;12;-3;13;-2;13;-2;13;-2;13;-2;13;-2;14;-3;14;-3;15;-3;15;-3;15;-3;16;-2;16;-2;16;-2,transition,EXP_S052,ZONE_01,sortie_zone,4.7,sortie_zone,sortie de la zone
9657372317,-49,6,a0:9f:7a:73:2b:3e,384,-110;-96;8;0;-1;-6;-4;0;-6;6;-8;11;-11;16;-12;20;-13;23;-13;25;-13;26;-12;26;-11;25;-11;23;-10;21;-8;17;-6;13;-4;9;-2;5;1;0;4;-4;6;-7;8;-10;10;-13;12;-15;14;-16;15;-16;3;-4;0;0;0;0;0;0;0;0;0;0;0;0;0;0;0;0;0;0;1;3;4;16;3;19;2;22;1;25;-1;26;-3;27;-4;26;-5;24;-5;21;-5;17;-4;12;-2;7;-1;1;1;-5;3;-10;6;-15;8;-20;9;-24;11;-28;12;-30;13;-32;12;-33;12;-33;10;-31;8;-29;7;-26;93;0;16;-1;16;-1;16;-1;15;-1;15;-1;14;-1;14;-2;13;-2;13;-2;13;-2;13;-3;12;-3;12;-3;12;-3;12;-3;12;-3;12;-3;12;-2;11;-2;11;-2;11;-2;11;-2;10;-2;10;-2;10;-1;10;-1;10;0;10;0;3;0;1;0;-1;0;-1;0;-1;0;1;-1;4;-2;12;-4;12;-4;13;-3;13;-2;13;-2;13;-1;13;-1;14;0;14;0;14;1;14;1;14;1;14;2;14;2;14;2;14;2;14;2;14;2;14;2;14;2;15;1;15;1;15;1;16;1;16;1;16;0;16;0;16;0;93;0;-10;-18;-10;-17;-10;-17;-9;-16;-9;-16;-9;-15;-9;-15;-9;-14;-9;-14;-9;-13;-9;-13;-9;-13;-9;-12;-9;-12;-8;-12;-8;-12;-8;-12;-8;-12;-7;-12;-7;-12;-7;-12;-6;-12;-6;-11;-6;-11;-5;-11;-5;-11;-4;-12;-3;-12;-1;-5;-1;-2;0;0;0;0;0;0;-1;-1;-4;-3;-9;-6;-9;-7;-9;-8;-8;-8;-8;-9;-8;-9;-8;-10;-8;-10;-9;-11;-8;-11;-8;-12;-8;-12;-8;-13;-8;-13;-8;-13;-8;-14;-8;-14;-8;-14;-8;-15;-9;-15;-9;-15;-9;-15;-9;-16;-10;-16;-10;-17;-10;-17;-10;-17;-10;-17,transition,EXP_S052,ZONE_01,sortie_zone,4.7,sortie_zone,sortie de la zone
9657574600,-49,6,a0:9f:7a:73:2b:3e,384,-110;-96;8;0;-6;-12;-1;-9;5;-7;10;-7;15;-7;19;-8;22;-9;24;-11;24;-13;23;-15;22;-16;20;-16;18;-15;15;-14;13;-11;10;-8;8;-4;6;0;4;4;3;8;3;12;3;14;3;17;4;18;4;19;1;4;0;0;0;0;0;0;0;0;0;0;0;0;0;0;0;0;0;0;-3;2;-10;10;-13;11;-16;12;-19;13;-21;15;-22;16;-23;16;-22;16;-21;15;-19;13;-17;11;-14;8;-11;4;-9;-1;-7;-6;-6;-11;-6;-16;-7;-21;-9;-25;-11;-28;-13;-30;-16;-30;-18;-30;-20;-28;-20;-26;-19;-23;66;0;1;-44;1;-43;2;-42;2;-41;2;-40;2;-39;2;-38;1;-37;1;-36;1;-35;1;-34;2;-34;2;-33;2;-33;3;-33;3;-32;3;-32;4;-31;5;-30;5;-29;6;-28;6;-27;7;-26;7;-26;8;-25;9;-23;10;-22;11;-21;4;-8;1;-3;-1;0;1;1;0;0;-3;-3;-7;-9;-17;-26;-16;-28;-14;-29;-13;-31;-11;-32;-10;-33;-9;-34;-8;-34;-6;-35;-5;-36;-3;-37;-2;-37;-1;-37;0;-37;0;-37;1;-37;1;-37;2;-37;2;-38;1;-38;1;-39;1;-39;1;-40;1;-41;1;-41;2;-42;2;-44;2;-44;66;0;-27;5;-27;4;-27;4;-26;3;-25;3;-24;3;-23;3;-23;4;-22;4;-22;3;-22;3;-21;3;-21;2;-20;2;-20;3;-19;3;-19;3;-19;2;-19;2;-19;1;-18;0;-18;0;-17;0;-17;-1;-16;-1;-16;-2;-16;-3;-16;-4;-6;-2;-2;-1;0;0;0;-1;0;-1;-2;1;-5;3;-13;8;-14;8;-14;7;-15;7;-15;7;-16;7;-16;7;-17;7;-18;6;-19;6;-19;5;-19;4;-20;4;-20;4;-21;4;-21;3;-22;3;-22;3;-22;3;-22;4;-23;4;-24;5;-24;6;-25;5;-26;5;-27;4;-27;4;-27;4,transition,EXP_S052,ZONE_01,sortie_zone,4.7,sortie_zone,sortie de la zone
9657774116,-51,6,a0:9f:7a:73:2b:3e,384,-110;-96;8;0;4;7;1;12;0;16;0;20;0;23;2;25;3;27;4;27;6;25;7;23;7;20;6;17;4;13;2;10;-1;7;-4;4;-8;1;-11;-1;-15;-2;-18;-3;-20;-3;-21;-3;-22;-2;-22;-1;-21;-1;-6;0;0;0;0;0;0;0;0;0;0;0;0;0;0;0;0;0;0;0;-4;-5;-14;-20;-14;-22;-15;-25;-15;-27;-15;-27;-15;-27;-14;-26;-12;-23;-9;-20;-6;-17;-2;-13;3;-9;7;-6;12;-3;17;-1;21;0;25;0;28;-1;30;-3;32;-5;32;-7;30;-8;28;-9;25;-9;20;-8;17;-7;55;0;14;13;14;13;13;13;13;12;13;12;13;12;12;11;12;11;12;11;11;11;11;10;11;10;10;10;10;10;10;10;10;10;9;11;8;11;8;11;7;11;7;10;6;10;6;10;5;10;5;10;4;10;3;10;3;10;1;3;0;1;-1;-1;-2;0;-1;-1;2;-1;6;-2;18;-3;18;-2;18;0;18;1;18;3;18;4;18;5;18;6;18;7;18;9;17;9;17;10;16;11;15;11;15;12;14;12;14;12;14;12;14;12;14;12;14;12;14;12;14;13;14;13;14;13;14;13;14;13;15;14;55;0;-4;-13;-4;-13;-4;-13;-4;-12;-4;-12;-4;-11;-4;-11;-4;-10;-4;-10;-4;-10;-4;-10;-4;-10;-4;-9;-4;-9;-4;-9;-4;-9;-4;-9;-4;-10;-4;-10;-3;-10;-3;-10;-3;-10;-3;-10;-2;-10;-2;-10;-1;-10;-1;-10;0;-10;0;-4;0;-2;0;0;0;0;0;0;-1;-1;-3;-2;-8;-6;-8;-6;-7;-7;-7;-7;-7;-8;-7;-8;-7;-9;-7;-9;-6;-10;-6;-10;-6;-10;-5;-10;-5;-11;-5;-11;-5;-11;-4;-11;-4;-12;-4;-12;-4;-12;-4;-12;-5;-12;-5;-12;-5;-13;-5;-13;-5;-13;-4;-13;-4;-13;-5;-14,transition,EXP_S052,ZONE_01,sortie_zone,4.7,sortie_zone,sortie de la zone
9657972441,-52,6,a0:9f:7a:73:2b:3e,384,-110;-96;8;0;11;5;4;1;-2;-3;-8;-6;-13;-8;-18;-10;-22;-11;-25;-12;-27;-12;-27;-12;-27;-12;-26;-11;-24;-10;-20;-9;-16;-8;-12;-7;-7;-5;-2;-3;2;-2;6;0;10;2;12;3;15;4;16;5;17;6;4;1;0;0;0;0;0;0;0;0;0;0;0;0;0;0;0;0;0;0;-4;-2;-17;-7;-20;-9;-23;-13;-25;-16;-27;-19;-27;-20;-27;-21;-25;-21;-22;-20;-19;-18;-15;-14;-11;-10;-6;-6;-1;-1;4;4;9;8;13;12;18;16;22;19;26;21;29;22;31;22;32;22;32;20;30;18;29;16;92;0;0;18;0;18;0;17;0;17;0;16;1;16;1;16;1;15;2;15;2;14;2;14;2;14;2;13;2;13;2;13;2;13;2;13;2;12;2;12;1;12;1;11;1;11;1;11;1;11;1;10;0;10;0;9;-1;9;-1;3;-1;1;-1;-1;-1;-1;-1;-1;0;1;1;5;3;15;2;15;1;16;0;16;0;16;-1;16;-1;17;-2;17;-3;17;-3;17;-4;17;-4;17;-4;17;-4;16;-4;16;-4;16;-4;16;-4;16;-4;16;-4;16;-3;17;-3;17;-2;17;-2;17;-2;17;-2;18;-1;18;-1;18;92;0;20;-5;20;-5;19;-4;18;-4;17;-4;17;-4;16;-4;15;-4;14;-4;13;-4;13;-4;13;-4;12;-4;12;-4;11;-4;11;-4;10;-4;10;-4;10;-4;10;-4;9;-3;9;-3;8;-3;8;-4;8;-4;8;-4;8;-3;8;-3;3;-1;0;-1;-1;0;-1;0;-1;0;1;-1;4;-3;11;-7;12;-6;12;-6;12;-5;13;-5;13;-5;14;-5;14;-4;15;-4;15;-3;16;-3;15;-3;16;-3;16;-3;16;-3;17;-3;17;-3;17;-3;17;-3;17;-3;17;-4;18;-4;19;-4;19;-4;20;-4;20;-4;20;-4;20;-5,transition,EXP_S052,ZONE_01,sortie_zone,4.7,sortie_zone,sortie de la zone
9658172594,-51,6,a0:9f:7a:73:2b:3e,384,-110;-96;8;0;-8;-13;-6;-6;-3;1;-1;7;1;14;3;19;4;23;5;26;6;28;6;29;6;29;6;28;5;26;4;23;2;19;1;15;0;10;-1;5;-1;-1;-1;-5;-1;-10;-1;-13;0;-16;1;-18;2;-20;0;-5;0;0;0;0;0;0;0;0;0;0;0;0;0;0;0;0;0;0;2;1;11;7;14;9;16;13;18;16;19;19;19;21;19;22;18;23;16;22;13;19;11;16;8;12;5;6;2;1;0;-5;-3;-11;-5;-16;-8;-22;-10;-26;-12;-30;-14;-34;-15;-36;-16;-37;-16;-36;-16;-34;-15;-32;96;0;7;-18;7;-17;6;-16;6;-16;6;-16;6;-15;5;-15;5;-15;4;-15;4;-15;4;-14;4;-14;4;-14;4;-14;4;-14;4;-14;3;-14;3;-13;3;-13;3;-12;4;-12;4;-12;4;-11;4;-11;4;-11;4;-10;4;-10;5;-9;1;-4;0;-1;-1;0;-1;0;-1;0;0;-2;1;-5;3;-13;4;-13;5;-13;6;-13;6;-13;6;-13;7;-13;7;-13;8;-13;8;-13;9;-13;9;-13;9;-13;9;-13;9;-12;9;-12;9;-12;9;-12;9;-12;9;-13;9;-14;8;-14;8;-15;8;-15;8;-15;8;-15;9;-16;9;-16;96;0;-21;-9;-20;-9;-20;-9;-19;-8;-19;-8;-18;-8;-17;-7;-17;-6;-16;-6;-16;-6;-16;-6;-15;-5;-15;-5;-14;-5;-14;-5;-13;-5;-13;-4;-13;-4;-13;-4;-12;-4;-12;-4;-11;-4;-10;-4;-10;-4;-10;-4;-10;-4;-10;-5;-9;-5;-4;-2;-1;-1;0;0;0;0;0;0;-2;-1;-5;-1;-12;-2;-12;-3;-12;-3;-12;-4;-13;-4;-13;-4;-13;-5;-14;-5;-15;-6;-15;-6;-15;-7;-15;-7;-15;-7;-15;-7;-16;-8;-16;-8;-16;-8;-16;-8;-16;-8;-17;-8;-18;-8;-18;-8;-19;-8;-20;-8;-20;-8;-21;-9;-21;-9;-21;-9,transition,EXP_S052,ZONE_01,sortie_zone,4.7,sortie_zone,sortie de la zone
9658372950,-51,6,a0:9f:7a:73:2b:3e,384,-110;-96;8;0;0;-5;0;2;0;8;1;14;2;19;3;23;4;26;5;28;6;29;7;29;8;27;8;25;7;23;6;19;5;15;3;11;1;6;-1;1;-3;-3;-6;-7;-8;-11;-9;-14;-10;-16;-11;-18;-11;-19;-3;-5;0;0;0;0;0;0;0;0;0;0;0;0;0;0;0;0;0;0;-2;4;-7;16;-9;17;-12;19;-14;19;-15;19;-16;19;-16;17;-16;15;-14;12;-12;9;-9;5;-6;1;-3;-3;0;-8;3;-12;6;-17;8;-21;9;-25;10;-28;10;-31;10;-33;9;-34;8;-33;7;-32;5;-29;4;-26;80;0;17;-6;17;-6;17;-6;16;-6;16;-6;15;-6;15;-6;14;-7;14;-7;14;-7;13;-7;13;-7;13;-7;13;-7;13;-7;13;-7;13;-6;13;-6;12;-6;12;-5;12;-5;12;-5;11;-5;11;-4;11;-4;11;-3;11;-3;11;-2;4;-1;1;-1;-1;0;-1;0;-1;0;1;-2;4;-4;11;-9;11;-8;12;-8;13;-7;13;-6;13;-6;14;-6;14;-5;14;-5;15;-4;15;-4;15;-3;15;-3;15;-3;15;-3;15;-3;15;-3;15;-3;15;-3;15;-3;16;-4;16;-4;16;-4;16;-5;17;-5;17;-5;17;-5;17;-6;80;0;-14;-12;-14;-12;-14;-12;-13;-12;-13;-12;-12;-12;-12;-11;-12;-11;-12;-10;-12;-10;-11;-10;-11;-10;-11;-10;-10;-10;-10;-10;-10;-10;-9;-10;-9;-10;-9;-10;-8;-10;-8;-10;-7;-10;-7;-10;-6;-9;-6;-10;-5;-10;-5;-10;-4;-10;-2;-4;-1;-2;0;0;0;0;0;0;-1;0;-3;-1;-8;-1;-8;-2;-8;-2;-8;-3;-8;-3;-9;-3;-9;-4;-9;-4;-10;-4;-10;-5;-10;-5;-10;-6;-11;-6;-11;-7;-11;-7;-11;-8;-11;-8;-12;-8;-12;-8;-12;-9;-13;-9;-13;-9;-14;-10;-14;-10;-14;-11;-15;-11;-15;-11;-15;-12,transition,EXP_S052,ZONE_01,sortie_zone,4.7,sortie_zone,sortie de la zone
9658574057,-51,6,a0:9f:7a:73:2b:3e,384,-110;-96;8;0;-12;6;-6;9;0;13;4;17;8;20;10;22;12;25;14;26;14;27;14;27;13;27;11;25;9;23;7;20;6;16;4;12;3;7;3;2;3;-3;4;-8;5;-11;7;-14;9;-16;11;-17;13;-17;3;-5;0;0;0;0;0;0;0;0;0;0;0;0;0;0;0;0;0;0;0;-7;2;-26;5;-27;8;-29;12;-28;14;-27;15;-25;15;-22;14;-18;12;-15;8;-11;3;-9;-3;-7;-8;-5;-14;-4;-20;-4;-24;-4;-29;-5;-32;-5;-35;-5;-38;-6;-39;-6;-39;-6;-37;-6;-35;-5;-32;-4;-29;-3;116;0;-2;-15;-2;-14;-2;-14;-2;-14;-2;-14;-3;-14;-4;-14;-4;-13;-5;-13;-5;-12;-6;-11;-6;-11;-6;-11;-6;-11;-6;-11;-7;-11;-7;-11;-7;-10;-6;-10;-6;-10;-6;-10;-6;-10;-6;-10;-6;-10;-6;-9;-6;-9;-6;-9;-5;-10;-2;-4;-1;-2;0;0;-1;0;-1;0;0;-2;1;-5;4;-14;5;-14;6;-14;6;-14;7;-13;7;-13;7;-13;8;-12;8;-12;8;-12;8;-12;8;-12;8;-12;7;-12;7;-12;7;-12;7;-12;6;-12;6;-12;5;-12;4;-13;3;-13;3;-13;3;-13;2;-13;2;-14;1;-15;1;-15;116;0;-22;14;-22;14;-21;13;-20;13;-19;12;-18;12;-17;12;-16;12;-16;12;-15;12;-14;12;-14;11;-13;11;-13;11;-12;11;-12;10;-11;10;-11;10;-11;10;-11;9;-11;9;-10;8;-10;8;-9;8;-9;8;-9;7;-10;7;-10;7;-4;2;-2;0;0;-1;0;-1;0;-1;-1;1;-3;3;-9;9;-9;9;-9;9;-10;9;-11;9;-12;10;-13;10;-14;10;-14;10;-15;10;-16;10;-16;10;-17;10;-17;10;-18;10;-18;10;-19;10;-19;10;-19;11;-19;11;-20;12;-21;12;-21;13;-22;13;-22;13;-22;14;-22;14;-22;14,transition,EXP_S052,ZONE_01,sortie_zone,4.7,sortie_zone,sortie de la zone
9658772482,-51,6,a0:9f:7a:73:2b:3e,384,-110;-96;8;0;12;-8;5;-9;-1;-11;-7;-13;-13;-16;-17;-18;-21;-20;-24;-22;-25;-23;-26;-24;-26;-25;-24;-25;-22;-24;-20;-22;-16;-20;-13;-16;-10;-12;-7;-8;-5;-2;-3;3;-3;8;-3;13;-4;16;-6;20;-7;22;-2;5;0;0;0;0;0;0;0;0;0;0;0;0;0;0;0;0;0;0;0;4;0;19;-2;20;-6;22;-9;22;-11;21;-13;20;-13;18;-13;15;-11;12;-9;9;-5;6;-1;3;4;1;9;-1;14;-2;19;-3;23;-3;27;-4;31;-4;33;-5;36;-5;37;-4;36;-4;35;-4;33;-4;30;-5;111;0;5;14;5;14;6;13;6;13;6;13;6;12;7;12;7;12;8;11;8;11;8;10;8;10;8;10;8;10;9;10;9;10;9;10;9;10;8;9;8;9;8;9;8;9;8;10;8;10;7;10;7;10;7;10;6;10;2;3;0;1;-1;-1;-1;-1;0;-1;0;1;0;4;0;12;0;12;-1;12;-2;12;-2;12;-2;13;-2;13;-3;13;-3;13;-3;13;-3;13;-3;13;-3;13;-3;12;-3;12;-3;12;-2;12;-2;12;-1;12;-1;12;0;12;0;12;1;13;1;13;2;13;2;14;3;14;3;14;111;0;19;-17;19;-17;19;-16;19;-16;18;-15;17;-15;17;-15;16;-14;16;-14;15;-14;15;-13;15;-13;15;-13;15;-13;15;-12;15;-12;15;-11;15;-11;15;-10;14;-9;14;-8;14;-8;13;-7;13;-6;13;-6;13;-5;13;-4;13;-4;4;-2;1;-1;-1;0;-1;0;-1;0;0;-1;0;-3;2;-8;2;-8;3;-8;4;-9;4;-9;5;-10;5;-10;6;-10;7;-11;7;-11;8;-11;9;-12;9;-12;10;-12;11;-12;11;-13;12;-13;12;-13;13;-13;13;-14;14;-15;14;-15;15;-16;16;-16;17;-17;17;-17;18;-17;18;-18,transition,EXP_S052,ZONE_01,sortie_zone,4.7,sortie_zone,sortie de la zone
9658974071,-51,6,a0:9f:7a:73:2b:3e,384,-110;-96;8;0;-4;-11;-5;-4;-6;3;-7;9;-8;14;-8;19;-8;23;-8;26;-7;27;-7;29;-6;29;-6;28;-5;27;-5;24;-4;21;-3;17;-2;12;0;8;1;3;3;-2;5;-5;6;-9;8;-12;10;-14;11;-16;3;-4;0;0;0;0;0;0;0;0;0;0;0;0;0;0;0;0;0;0;3;3;14;13;13;17;12;20;10;23;8;25;6;25;3;24;1;22;-1;19;-2;15;-2;10;-3;5;-2;-1;-1;-6;0;-12;0;-17;1;-22;2;-26;2;-30;2;-33;2;-35;2;-35;1;-35;0;-34;-1;-32;-1;-29;106;0;14;-7;14;-7;13;-7;13;-7;13;-7;12;-7;12;-7;11;-7;11;-8;10;-8;9;-8;9;-8;9;-8;9;-8;9;-8;9;-9;9;-8;8;-8;8;-8;8;-8;8;-7;8;-7;8;-7;8;-7;8;-7;8;-7;8;-6;8;-6;2;-2;0;-1;-1;0;-1;0;-1;0;1;-1;5;-3;14;-7;14;-6;15;-5;15;-5;15;-4;15;-4;16;-3;16;-2;16;-2;16;-1;16;-1;16;-1;16;-1;15;-1;15;-1;14;-1;14;-1;14;-1;14;-2;14;-2;15;-2;15;-3;15;-3;15;-4;15;-4;15;-4;15;-5;15;-5;106;0;-14;-17;-14;-17;-13;-17;-13;-17;-12;-16;-12;-16;-12;-15;-12;-15;-12;-14;-11;-14;-11;-14;-11;-14;-11;-14;-10;-14;-10;-14;-9;-13;-9;-13;-8;-13;-8;-13;-7;-13;-7;-13;-6;-13;-6;-13;-5;-12;-5;-12;-4;-12;-3;-12;-3;-12;-1;-5;-1;-2;0;0;0;0;0;0;-1;-1;-3;-1;-7;-2;-7;-3;-8;-3;-8;-4;-8;-4;-9;-5;-9;-5;-9;-6;-10;-6;-10;-7;-10;-8;-10;-8;-11;-9;-11;-9;-11;-10;-11;-10;-11;-11;-11;-11;-11;-12;-12;-12;-12;-12;-13;-13;-13;-13;-14;-14;-14;-15;-14;-15;-14;-16;-14;-16,transition,EXP_S052,ZONE_01,sortie_zone,4.7,sortie_zone,sortie de la zone
9659203217,-51,6,a0:9f:7a:73:2b:3e,384,-110;-96;8;0;4;-6;-2;-1;-8;3;-13;8;-18;12;-21;15;-24;18;-26;20;-27;21;-26;22;-26;22;-24;21;-22;19;-19;16;-15;12;-11;9;-7;5;-2;1;3;-3;7;-6;11;-8;15;-10;17;-11;20;-12;21;-12;5;-3;0;0;0;0;0;0;0;0;0;0;0;0;0;0;0;0;0;0;-3;3;-12;13;-15;13;-19;13;-21;13;-22;12;-23;11;-23;10;-21;8;-19;6;-15;4;-11;2;-6;0;-1;-2;4;-4;9;-6;14;-8;18;-11;22;-13;25;-16;28;-18;29;-19;30;-21;29;-21;27;-21;25;-20;22;-19;94;0;36;15;35;15;34;15;33;15;33;14;33;14;33;13;32;12;31;11;31;10;30;10;30;10;30;11;30;11;30;11;29;11;29;11;28;11;27;11;26;12;25;12;24;13;23;13;23;13;22;13;21;14;19;14;18;15;6;5;1;1;-1;-1;-2;-1;-1;-1;3;0;10;2;27;8;27;10;27;12;26;13;26;14;25;15;24;15;24;16;24;17;24;18;24;19;23;19;23;19;23;18;22;18;22;18;22;18;23;18;24;17;25;17;27;16;27;15;28;15;29;15;30;16;31;16;33;17;34;17;94;0;-2;-43;-2;-43;-1;-43;0;-42;0;-40;0;-38;0;-37;-1;-36;-1;-36;-1;-35;0;-35;0;-35;1;-34;1;-34;1;-33;2;-32;2;-32;3;-32;4;-31;5;-30;6;-29;7;-27;7;-26;8;-25;9;-25;10;-24;11;-23;12;-23;4;-8;1;-3;-1;0;0;0;0;0;-1;-2;-3;-6;-6;-16;-6;-16;-5;-16;-5;-17;-6;-18;-6;-19;-6;-20;-5;-21;-5;-22;-5;-23;-4;-23;-4;-24;-4;-25;-4;-26;-4;-27;-3;-28;-3;-29;-3;-30;-3;-31;-3;-31;-4;-33;-5;-35;-5;-36;-4;-38;-4;-39;-3;-40;-2;-41;-2;-42,transition,EXP_S052,ZONE_01,sortie_zone,4.7,sortie_zone,sortie de la zone
9659377097,-52,6,a0:9f:7a:73:2b:3e,384,-110;-96;8;0;18;2;18;-2;18;-6;19;-9;20;-12;21;-14;23;-15;24;-16;24;-16;24;-15;24;-14;23;-13;22;-12;20;-11;18;-10;16;-10;14;-10;11;-11;9;-12;7;-13;6;-15;6;-16;6;-17;6;-18;7;-19;2;-5;0;0;0;0;0;0;0;0;0;0;0;0;0;0;0;0;0;0;3;2;14;11;13;14;12;18;10;21;7;23;4;23;2;22;0;20;0;17;0;15;2;12;4;9;7;7;11;6;14;5;18;6;21;7;24;8;26;9;28;10;29;12;30;13;29;14;28;14;26;14;25;13;-103;0;-10;14;-10;13;-9;13;-9;13;-8;13;-7;13;-7;13;-6;13;-5;12;-4;11;-3;11;-3;10;-3;10;-3;11;-2;11;-2;11;-1;11;-1;10;-1;10;0;10;0;9;0;9;0;9;0;9;0;9;0;8;0;8;0;7;0;2;-1;0;-1;-1;1;-1;0;-1;-3;1;-7;2;-20;8;-20;7;-20;6;-20;5;-20;5;-19;4;-19;4;-19;4;-19;3;-19;3;-18;3;-18;3;-17;4;-16;4;-16;4;-15;4;-15;5;-15;6;-15;7;-14;8;-14;9;-13;9;-13;10;-13;10;-13;10;-13;11;-13;12;-13;13;-103;0;52;5;52;5;52;4;51;3;49;2;48;0;47;-1;45;-2;44;-3;43;-3;43;-3;42;-4;41;-4;41;-5;40;-5;40;-5;39;-5;39;-5;38;-5;37;-5;36;-4;35;-3;34;-2;33;-2;33;0;32;1;31;3;31;4;11;1;3;0;-2;-1;-2;-1;-1;-1;2;0;8;1;22;5;22;6;23;7;23;8;24;8;25;9;26;9;28;9;29;10;30;10;31;11;32;12;32;12;33;13;34;13;35;13;36;13;37;12;38;12;40;11;41;10;43;9;45;8;47;8;48;8;50;7;51;7;52;7,transition,EXP_S052,ZONE_01,sortie_zone,4.7,sortie_zone,sortie de la zone
9659572253,-49,6,a0:9f:7a:73:2b:3e,384,-110;-96;8;0;-11;6;-5;2;2;-2;8;-6;13;-10;17;-13;20;-16;22;-19;23;-21;23;-22;23;-22;22;-21;20;-19;18;-17;15;-14;12;-11;8;-7;4;-3;-1;1;-4;4;-8;7;-11;10;-13;12;-16;13;-17;14;-5;3;0;0;0;0;0;0;0;0;0;0;0;0;0;0;0;0;0;0;2;-3;11;-9;14;-9;17;-9;21;-9;23;-9;25;-8;25;-7;24;-6;22;-5;20;-4;16;-3;11;-2;6;-1;0;0;-6;2;-11;3;-17;5;-22;7;-26;9;-30;12;-32;13;-34;15;-34;16;-33;17;-31;16;-28;16;101;0;-19;-6;-19;-5;-18;-5;-18;-6;-17;-6;-17;-6;-17;-6;-17;-5;-17;-4;-16;-3;-16;-3;-15;-3;-15;-3;-15;-4;-16;-4;-16;-3;-16;-3;-15;-3;-14;-3;-14;-4;-13;-4;-13;-4;-13;-4;-13;-4;-13;-4;-12;-4;-12;-5;-11;-5;-4;-2;-2;-1;0;0;0;0;0;0;-2;-1;-5;-1;-13;-3;-13;-3;-14;-4;-14;-5;-14;-5;-14;-5;-14;-6;-13;-6;-13;-7;-13;-8;-14;-8;-14;-8;-14;-8;-14;-8;-14;-7;-13;-7;-13;-8;-14;-8;-14;-8;-15;-8;-16;-8;-16;-7;-16;-7;-16;-7;-17;-7;-18;-7;-18;-8;-19;-8;101;0;-3;19;-3;19;-3;19;-4;19;-4;18;-4;17;-3;16;-2;15;-2;15;-1;15;-1;15;-1;15;-2;15;-2;14;-2;13;-2;13;-2;13;-2;13;-3;13;-3;13;-4;12;-4;11;-3;11;-3;10;-3;10;-4;10;-4;10;-5;10;-2;3;-1;1;0;-1;-1;-1;-1;-1;0;0;0;3;0;8;0;8;0;8;0;8;0;8;0;9;0;10;-1;11;-1;11;-2;12;-2;12;-2;12;-1;12;-1;13;-1;13;-2;14;-3;14;-3;14;-3;14;-3;15;-2;15;-2;16;-2;17;-2;18;-3;19;-3;19;-3;19;-3;19,transition,EXP_S052,ZONE_01,sortie_zone,4.7,sortie_zone,sortie de la zone
9659772828,-52,6,a0:9f:7a:73:2b:3e,384,-110;-96;8;0;8;21;8;14;9;8;11;1;13;-5;15;-11;19;-15;22;-18;24;-19;26;-20;28;-20;29;-18;29;-16;28;-14;26;-11;22;-9;18;-7;13;-5;7;-5;2;-6;-3;-8;-7;-10;-10;-13;-12;-16;-13;-18;-4;-5;0;0;0;0;0;0;0;0;0;0;0;0;0;0;0;0;0;0;-3;2;-11;9;-14;9;-18;8;-21;7;-22;5;-23;4;-23;2;-22;1;-21;0;-18;0;-16;1;-12;2;-9;4;-6;6;-3;9;0;12;3;15;6;19;9;22;11;26;13;30;14;33;14;35;14;36;13;36;12;35;122;0;-9;12;-9;12;-9;12;-8;11;-8;11;-8;11;-8;11;-8;12;-7;12;-7;11;-6;11;-6;11;-6;11;-6;11;-6;11;-6;11;-6;11;-6;11;-6;11;-6;10;-6;10;-6;10;-6;10;-6;10;-6;9;-7;9;-7;9;-7;8;-3;3;-1;0;0;-1;0;-1;0;-1;-2;0;-4;1;-11;4;-11;3;-11;3;-11;2;-11;2;-11;2;-10;2;-10;2;-10;2;-10;2;-10;2;-10;2;-10;2;-9;3;-9;3;-9;3;-9;4;-9;4;-9;5;-9;6;-9;7;-9;7;-9;8;-9;8;-9;9;-9;9;-9;10;-9;11;122;0;18;19;17;19;17;19;17;18;16;18;16;17;15;16;15;16;15;15;14;15;14;15;14;14;14;14;14;14;13;14;13;14;13;14;12;14;12;14;11;14;11;14;10;13;9;13;8;13;7;13;7;13;6;13;5;14;1;5;0;1;-1;-1;-1;-1;-1;-1;0;0;2;1;7;5;7;5;7;5;7;6;7;6;8;7;9;7;9;8;9;9;10;9;10;10;10;10;10;11;10;12;11;12;11;13;12;13;12;13;13;14;13;14;14;15;15;15;16;16;16;16;16;17;17;18;17;19;18;19,transition,EXP_S052,ZONE_01,sortie_zone,4.7,sortie_zone,sortie de la zone
9659973274,-52,6,a0:9f:7a:73:2b:3e,384,-110;-96;8;0;18;18;16;14;15;10;15;5;16;0;18;-4;20;-7;23;-9;25;-11;27;-11;29;-10;31;-8;31;-6;30;-3;28;0;25;1;21;2;17;1;13;0;9;-3;7;-7;6;-10;6;-14;8;-17;10;-19;2;-5;0;0;0;0;0;0;0;0;0;0;0;0;0;0;0;0;0;0;1;3;6;15;4;18;1;21;-1;22;-4;22;-6;21;-7;19;-8;17;-6;15;-4;13;-2;12;1;12;4;12;6;13;8;14;10;14;11;15;14;16;16;16;18;17;20;18;22;19;23;20;25;20;25;21;25;22;-114;0;-5;17;-4;17;-4;17;-4;17;-4;17;-5;17;-5;18;-4;18;-3;19;-2;19;-2;18;-2;18;-2;18;-3;19;-3;20;-3;20;-3;20;-3;20;-3;20;-4;19;-4;19;-5;19;-5;19;-5;19;-5;19;-6;18;-6;18;-7;17;-3;6;-1;1;0;-1;1;-1;0;-1;-3;0;-7;1;-20;4;-20;3;-20;2;-20;1;-19;0;-18;-1;-18;-1;-17;-2;-16;-3;-15;-3;-15;-3;-14;-3;-12;-2;-11;-2;-10;-1;-9;-1;-9;0;-9;1;-8;2;-8;3;-7;5;-7;6;-6;7;-6;8;-5;9;-6;10;-6;11;-6;12;-114;0;41;33;41;32;41;32;40;31;39;31;38;30;37;29;37;28;36;26;36;25;35;25;35;24;35;24;34;25;34;25;33;25;32;25;31;26;30;26;29;26;27;26;25;26;24;26;23;26;21;26;19;27;18;28;16;28;5;10;1;3;-1;-1;-2;-1;-1;-1;2;1;7;3;20;11;20;12;20;13;20;13;20;14;21;15;22;16;22;17;23;18;24;19;24;20;25;21;25;22;26;22;26;23;27;24;27;25;28;25;29;26;31;26;32;27;34;27;35;28;37;29;39;30;40;31;41;32;42;32,transition,EXP_S052,ZONE_01,sortie_zone,4.7,sortie_zone,sortie de la zone
9660177499,-49,6,a0:9f:7a:73:2b:3e,384,-110;-96;8;0;-1;13;3;15;7;17;10;20;12;22;13;23;14;24;13;24;12;24;11;23;10;21;9;19;7;17;6;13;6;9;6;5;7;1;9;-2;10;-5;12;-7;14;-8;16;-8;18;-8;19;-7;20;-6;5;-2;0;0;0;0;0;0;0;0;0;0;0;0;0;0;0;0;0;0;-5;-4;-18;-14;-17;-17;-15;-20;-13;-21;-10;-21;-7;-20;-5;-18;-4;-14;-4;-10;-4;-6;-6;-1;-9;2;-12;5;-16;8;-19;10;-22;11;-24;12;-27;12;-28;12;-29;12;-28;11;-27;10;-25;10;-23;10;-19;10;-16;10;-122;0;-1;-22;-1;-21;-1;-21;-2;-21;-3;-21;-3;-21;-4;-20;-5;-19;-6;-18;-6;-18;-6;-17;-6;-18;-6;-18;-6;-18;-7;-18;-7;-17;-7;-17;-7;-16;-7;-16;-7;-16;-7;-16;-7;-16;-6;-15;-6;-15;-6;-14;-6;-14;-5;-14;-4;-14;-2;-6;-1;-2;0;0;-1;1;-1;0;0;-3;2;-9;5;-23;6;-23;7;-22;8;-22;9;-21;10;-21;11;-20;11;-20;12;-20;12;-20;12;-20;12;-19;12;-18;11;-18;11;-17;11;-17;10;-17;10;-17;9;-18;8;-18;7;-18;6;-18;5;-19;5;-19;5;-20;4;-21;3;-22;2;-22;-122;0;-21;41;-20;41;-20;40;-19;39;-18;37;-17;36;-15;36;-14;35;-13;35;-13;34;-12;33;-12;33;-11;32;-11;32;-10;31;-10;31;-10;30;-11;29;-11;28;-11;27;-11;26;-11;26;-11;25;-11;24;-12;23;-13;22;-14;21;-14;21;-6;7;-2;2;0;-1;0;-2;0;-1;-1;2;-2;7;-6;20;-6;20;-7;21;-8;21;-9;22;-10;23;-11;24;-12;25;-13;25;-14;26;-15;27;-15;27;-16;28;-17;28;-18;29;-18;29;-18;30;-18;30;-18;31;-18;33;-19;34;-19;36;-20;37;-20;38;-20;39;-21;40;-21;40;-21;41,transition,EXP_S052,ZONE_01,sortie_zone,4.7,sortie_zone,sortie de la zone
9660372200,-51,6,a0:9f:7a:73:2b:3e,384,-110;-96;8;0;-18;-5;-15;0;-13;5;-12;10;-11;16;-11;20;-12;24;-13;26;-15;27;-16;28;-17;27;-18;26;-18;23;-18;20;-16;17;-14;14;-10;10;-6;8;-1;7;4;6;8;7;11;9;14;11;15;14;16;16;4;4;0;0;0;0;0;0;0;0;0;0;0;0;0;0;0;0;0;0;-1;-5;-3;-19;-1;-21;2;-23;5;-25;7;-25;9;-24;10;-22;10;-19;9;-16;7;-14;4;-12;0;-11;-4;-10;-8;-9;-12;-10;-16;-10;-20;-11;-23;-12;-26;-13;-29;-14;-31;-15;-32;-16;-32;-17;-32;-17;-30;-17;-28;-16;-125;0;-1;-26;-1;-24;0;-23;0;-23;1;-23;1;-25;0;-26;-3;-26;-4;-25;-5;-24;-5;-22;-4;-22;-4;-22;-4;-23;-5;-24;-6;-24;-7;-24;-7;-22;-6;-21;-5;-21;-4;-21;-3;-22;-3;-22;-4;-22;-4;-22;-4;-21;-3;-20;-2;-20;-1;-7;0;-3;0;0;-1;1;-1;0;1;-3;4;-7;13;-18;14;-18;15;-18;15;-17;15;-17;15;-16;15;-14;15;-13;16;-12;17;-12;17;-13;16;-14;14;-14;13;-13;12;-13;11;-12;12;-12;12;-13;12;-15;10;-17;8;-18;6;-18;5;-18;5;-18;5;-18;6;-20;6;-22;6;-24;-125;0;-53;5;-53;5;-52;4;-51;4;-49;4;-47;4;-45;5;-43;6;-42;8;-42;9;-41;9;-41;8;-40;7;-40;7;-39;7;-38;7;-37;7;-37;6;-37;6;-37;4;-35;3;-34;2;-33;1;-31;1;-31;1;-31;0;-31;-2;-31;-4;-11;-2;-4;-1;0;-1;1;-1;0;-1;-3;0;-9;1;-23;4;-23;3;-23;3;-24;3;-25;3;-27;3;-29;3;-30;2;-32;1;-32;0;-33;0;-34;0;-35;0;-36;0;-38;0;-39;-1;-39;-1;-40;-1;-41;0;-42;1;-43;2;-46;3;-48;4;-50;4;-51;4;-52;4;-53;4;-53;4,transition,EXP_S052,ZONE_01,sortie_zone,4.7,sortie_zone,sortie de la zone
9660572281,-50,6,a0:9f:7a:73:2b:3e,384,-110;-96;8;0;4;-13;-2;-10;-7;-8;-12;-6;-17;-5;-21;-4;-25;-3;-27;-3;-28;-3;-29;-4;-29;-4;-28;-5;-26;-6;-23;-6;-20;-6;-15;-5;-11;-4;-7;-2;-3;1;0;4;2;8;4;11;5;14;5;17;5;19;1;4;0;0;0;0;0;0;0;0;0;0;0;0;0;0;0;0;0;0;3;2;14;12;14;15;13;18;12;21;10;22;8;22;6;22;4;19;3;16;2;13;3;8;3;4;5;-1;7;-5;9;-10;12;-13;14;-17;16;-20;18;-22;20;-24;21;-26;22;-26;21;-26;21;-25;19;-24;18;-22;120;0;21;16;20;15;20;15;20;14;20;13;20;13;20;12;21;11;21;10;21;9;21;8;21;7;21;7;21;7;21;7;21;7;21;6;21;6;20;6;20;6;20;7;19;6;19;6;19;6;19;7;18;7;18;8;18;9;6;3;1;1;-1;-1;-2;-2;-1;-1;1;2;5;7;15;19;14;20;13;21;11;21;11;22;10;22;9;22;9;23;8;23;7;23;7;22;7;22;7;21;8;21;8;20;8;20;8;20;9;19;10;19;11;19;12;18;13;18;14;18;15;18;16;18;17;17;18;17;18;17;120;0;14;-44;14;-43;14;-42;14;-41;14;-39;13;-38;13;-37;12;-35;11;-34;10;-33;9;-33;8;-32;8;-32;8;-31;9;-31;9;-30;9;-29;10;-29;10;-28;10;-27;11;-26;11;-24;11;-23;11;-23;11;-22;11;-21;12;-20;13;-19;4;-7;1;-2;-1;0;0;1;-1;0;-1;-2;-1;-7;-2;-19;-2;-20;-1;-21;0;-22;1;-23;1;-24;2;-25;3;-26;4;-27;5;-28;5;-29;6;-30;7;-31;8;-31;9;-32;9;-33;10;-33;10;-34;10;-35;11;-36;11;-37;11;-38;12;-40;12;-41;12;-42;12;-43;13;-44;13;-44,transition,EXP_S052,ZONE_01,sortie_zone,4.7,sortie_zone,sortie de la zone
9660774084,-51,6,a0:9f:7a:73:2b:3e,384,-110;-96;8;0;7;-22;4;-20;0;-18;-3;-17;-7;-17;-10;-18;-13;-19;-15;-21;-16;-22;-16;-24;-16;-25;-14;-26;-12;-26;-10;-25;-7;-23;-5;-20;-4;-17;-4;-12;-5;-9;-7;-5;-9;-3;-12;-2;-16;-1;-18;-2;-20;-4;-6;-2;0;0;0;0;0;0;0;0;0;0;0;0;0;0;0;0;0;0;3;-4;15;-13;18;-12;20;-10;22;-7;22;-4;20;-1;18;0;16;0;13;-1;11;-3;9;-5;8;-9;8;-12;8;-14;9;-17;10;-19;11;-21;12;-22;12;-24;12;-25;13;-26;13;-27;13;-28;13;-28;13;-28;12;-27;-107;0;13;0;13;0;13;0;13;0;14;0;15;0;15;-1;16;-2;16;-3;16;-3;15;-3;16;-3;16;-3;17;-3;18;-3;18;-4;18;-4;18;-4;18;-4;18;-3;18;-2;18;-2;18;-1;18;-2;18;-1;18;-1;18;0;17;1;6;0;1;0;-1;0;-1;-2;-1;-1;1;1;3;6;8;18;7;18;6;19;5;19;4;18;3;18;2;17;1;17;1;17;0;17;0;16;1;15;0;14;0;13;0;11;0;11;0;10;1;10;2;10;3;9;4;8;5;7;5;5;6;5;7;5;8;5;9;5;11;5;-107;0;7;-52;7;-52;7;-51;7;-50;7;-48;6;-46;6;-45;5;-44;4;-43;4;-41;4;-40;4;-39;4;-38;4;-38;4;-38;4;-37;4;-37;4;-36;5;-35;5;-34;6;-33;7;-32;7;-30;8;-29;9;-28;10;-27;11;-27;12;-26;4;-10;1;-3;-1;0;0;1;0;0;-1;-3;-2;-8;-4;-22;-3;-22;-3;-23;-2;-24;-2;-25;-2;-27;-1;-28;-1;-30;0;-31;1;-32;1;-33;2;-34;4;-35;4;-36;5;-37;5;-37;5;-38;5;-39;5;-41;5;-42;5;-43;5;-45;5;-47;5;-48;6;-50;6;-51;7;-52;7;-52,transition,EXP_S052,ZONE_01,sortie_zone,4.7,sortie_zone,sortie de la zone
9660976884,-50,6,a0:9f:7a:73:2b:3e,384,-110;-96;8;0;-19;-11;-17;-6;-15;-2;-14;3;-14;8;-15;12;-16;16;-18;18;-20;19;-21;19;-23;18;-24;16;-24;14;-23;12;-21;9;-18;6;-14;4;-10;3;-5;3;-1;4;2;6;5;9;6;12;6;15;6;17;1;4;0;0;0;0;0;0;0;0;0;0;0;0;0;0;0;0;0;0;-2;-5;-5;-18;-4;-20;-2;-23;0;-24;2;-25;4;-24;5;-23;5;-21;5;-19;4;-17;1;-15;-1;-14;-4;-13;-8;-12;-11;-12;-14;-13;-17;-13;-20;-14;-23;-14;-26;-15;-28;-16;-29;-18;-30;-19;-29;-20;-28;-20;-27;-20;-113;0;-1;-22;-1;-21;-1;-20;-1;-20;0;-20;-1;-21;-1;-22;-3;-22;-4;-22;-5;-21;-6;-20;-5;-20;-5;-20;-5;-21;-5;-22;-6;-22;-7;-22;-7;-21;-6;-20;-6;-20;-5;-20;-5;-20;-5;-20;-5;-20;-5;-20;-5;-20;-4;-20;-3;-20;-1;-7;-1;-3;0;0;-1;0;-1;0;1;-2;4;-4;12;-11;13;-11;13;-11;14;-11;13;-10;13;-10;13;-9;13;-8;13;-7;14;-7;13;-8;13;-9;12;-9;10;-9;9;-9;9;-9;9;-9;9;-9;9;-11;8;-12;7;-14;5;-15;4;-15;4;-15;4;-15;4;-16;4;-18;4;-20;-113;0;-52;-6;-51;-6;-50;-6;-49;-6;-47;-5;-45;-5;-43;-4;-41;-3;-40;-2;-39;-1;-38;-1;-37;-1;-37;-1;-36;0;-35;0;-33;0;-33;0;-32;0;-32;-1;-31;-1;-30;-2;-28;-2;-27;-3;-26;-2;-25;-3;-25;-3;-24;-4;-24;-5;-9;-2;-3;-1;0;0;1;-1;0;0;-3;0;-10;0;-27;1;-27;0;-27;-1;-28;-1;-29;-2;-30;-2;-32;-3;-33;-4;-34;-5;-35;-5;-36;-6;-36;-7;-37;-7;-38;-8;-39;-8;-40;-8;-40;-8;-41;-8;-41;-8;-43;-7;-44;-7;-46;-6;-48;-6;-49;-6;-50;-6;-51;-6;-52;-6;-52;-6,transition,EXP_S052,ZONE_01,sortie_zone,4.7,sortie_zone,sortie de la zone
9661171185,-50,6,a0:9f:7a:73:2b:3e,384,-110;-96;8;0;14;7;12;2;12;-3;12;-8;12;-12;13;-15;15;-18;16;-20;17;-21;18;-21;19;-20;20;-18;19;-16;18;-13;16;-10;13;-8;9;-6;5;-5;1;-6;-3;-6;-6;-8;-9;-10;-10;-12;-11;-15;-10;-17;-3;-5;0;0;0;0;0;0;0;0;0;0;0;0;0;0;0;0;0;0;0;4;-1;18;-3;20;-5;22;-8;22;-10;22;-12;21;-13;19;-12;17;-11;14;-9;12;-6;11;-2;10;2;10;6;10;9;11;13;12;16;13;19;15;21;16;23;18;24;19;25;20;25;20;24;20;23;20;22;19;-123;0;-10;19;-10;19;-10;18;-10;17;-10;18;-10;18;-9;19;-8;20;-6;20;-5;19;-5;18;-5;18;-5;18;-5;19;-5;19;-5;19;-4;19;-4;18;-4;18;-4;17;-5;17;-5;17;-5;17;-4;17;-4;17;-4;16;-5;16;-6;15;-2;5;-1;1;0;-1;0;-1;0;-1;-2;1;-6;3;-17;10;-17;9;-18;9;-18;8;-18;8;-18;7;-18;6;-18;5;-18;4;-19;4;-19;4;-18;5;-18;5;-17;5;-16;6;-16;6;-16;6;-16;6;-15;8;-15;9;-14;11;-13;11;-12;12;-12;12;-12;13;-12;14;-13;15;-13;17;-123;0;45;13;45;13;44;12;42;12;41;12;39;11;37;10;36;9;35;8;34;7;33;7;33;6;32;6;31;5;31;5;30;5;29;5;29;5;28;5;28;6;26;6;25;6;24;6;23;6;23;6;22;7;21;8;21;9;7;3;2;1;-1;-1;-2;0;-1;-1;2;-1;8;-1;24;0;24;1;25;2;25;3;26;4;27;5;28;6;29;7;30;8;31;9;31;10;32;10;33;11;33;11;34;12;35;12;35;13;35;13;36;13;37;12;38;12;40;12;42;12;43;12;44;13;45;13;46;13;46;13,transition,EXP_S052,ZONE_01,sortie_zone,4.7,sortie_zone,sortie de la zone
9661373097,-51,6,a0:9f:7a:73:2b:3e,384,-110;-96;8;0;-15;9;-10;9;-3;10;2;11;7;13;12;15;15;18;17;20;18;21;19;23;18;24;17;24;14;24;12;22;9;20;7;16;5;12;3;7;3;2;4;-3;5;-7;7;-11;10;-13;13;-15;15;-15;4;-4;0;0;0;0;0;0;0;0;0;0;0;0;0;0;0;0;0;0;-3;-4;-12;-14;-12;-18;-12;-22;-10;-24;-8;-26;-6;-27;-4;-26;-2;-24;-1;-21;-1;-18;-2;-14;-4;-10;-7;-6;-10;-3;-13;1;-17;3;-20;6;-23;8;-26;10;-29;11;-31;12;-32;13;-33;13;-33;13;-31;12;-30;12;-125;0;-9;-10;-9;-10;-9;-10;-9;-10;-9;-9;-9;-9;-9;-9;-10;-9;-10;-8;-10;-8;-10;-7;-10;-7;-10;-7;-10;-7;-10;-7;-11;-7;-11;-7;-10;-7;-10;-7;-10;-7;-10;-7;-9;-7;-9;-7;-9;-7;-9;-7;-9;-8;-8;-8;-8;-8;-3;-3;-1;-1;0;0;0;0;0;0;-1;-2;-2;-5;-4;-12;-3;-12;-3;-12;-2;-12;-2;-12;-1;-12;-1;-12;-1;-12;0;-12;0;-12;0;-12;0;-12;0;-11;0;-11;-1;-11;-1;-10;-1;-10;-2;-10;-2;-10;-3;-10;-3;-10;-4;-10;-5;-10;-5;-10;-6;-10;-6;-11;-6;-11;-7;-11;-125;0;-18;16;-18;16;-18;16;-17;15;-16;15;-16;15;-15;14;-14;14;-14;14;-13;14;-13;13;-13;13;-12;13;-12;13;-12;12;-12;12;-11;12;-11;11;-11;11;-11;10;-11;10;-11;10;-11;9;-11;9;-11;8;-11;8;-11;7;-11;7;-4;2;-2;0;0;-1;0;-1;0;-1;-1;1;-3;3;-7;9;-8;9;-8;9;-9;9;-10;9;-10;10;-10;10;-11;10;-12;10;-12;10;-13;11;-13;11;-14;11;-14;11;-14;11;-14;11;-15;11;-15;12;-15;12;-15;13;-16;13;-16;14;-16;15;-17;15;-17;16;-18;16;-18;17;-18;17,transition,EXP_S052,ZONE_01,sortie_zone,4.7,sortie_zone,sortie de la zone
9661572432,-50,6,a0:9f:7a:73:2b:3e,384,-110;-96;8;0;12;10;11;5;11;-1;11;-6;11;-11;12;-15;14;-19;16;-21;17;-22;18;-22;19;-21;20;-20;19;-17;19;-15;17;-12;14;-9;10;-7;6;-5;2;-4;-3;-5;-7;-6;-10;-7;-12;-9;-13;-12;-14;-14;-4;-4;0;0;0;0;0;0;0;0;0;0;0;0;0;0;0;0;0;0;-2;3;-7;15;-9;16;-12;17;-15;18;-17;17;-19;16;-19;14;-19;12;-17;10;-14;9;-11;8;-7;8;-3;8;1;9;5;11;9;12;12;14;15;17;18;19;20;21;22;23;22;24;22;25;21;25;20;24;19;23;-127;0;-8;22;-8;22;-7;21;-7;20;-7;20;-7;21;-6;21;-5;22;-3;21;-2;21;-2;20;-2;20;-2;20;-2;21;-2;21;-2;21;-2;21;-1;21;-2;20;-2;20;-2;19;-3;19;-3;19;-3;19;-3;19;-3;18;-4;18;-4;17;-2;6;-1;1;0;-1;0;-1;0;-1;-2;1;-5;5;-14;14;-15;14;-15;13;-16;13;-16;12;-16;12;-16;11;-16;11;-17;10;-17;10;-17;10;-17;11;-16;11;-15;11;-15;11;-15;11;-14;11;-14;11;-14;12;-14;13;-13;14;-12;15;-12;16;-11;16;-11;17;-11;18;-11;19;-11;20;-127;0;46;10;46;10;45;10;43;10;42;9;40;9;38;8;37;7;36;6;35;6;34;6;33;5;33;5;32;5;31;5;30;4;29;4;29;5;28;5;27;5;26;6;25;6;23;6;23;6;22;6;21;7;21;8;20;9;7;3;2;1;-1;-1;-2;0;-1;-1;2;-1;8;0;23;0;23;1;24;1;24;2;25;3;26;3;27;4;28;5;29;6;30;6;30;7;31;7;32;8;32;9;33;9;34;10;35;10;36;10;36;10;37;9;39;9;40;9;42;9;43;9;44;10;45;10;46;10;47;10,transition,EXP_S052,ZONE_01,sortie_zone,4.7,sortie_zone,sortie de la zone
9661776853,-50,6,a0:9f:7a:73:2b:3e,384,-110;-96;8;0;-11;13;-6;12;0;12;5;12;10;13;13;14;16;16;18;17;19;19;18;20;17;21;16;22;14;21;12;20;10;17;7;14;6;11;5;6;5;2;5;-2;7;-5;9;-8;12;-9;14;-10;16;-10;4;-3;0;0;0;0;0;0;0;0;0;0;0;0;0;0;0;0;0;0;-5;-1;-17;-4;-19;-6;-20;-9;-21;-12;-20;-14;-19;-16;-18;-16;-16;-16;-14;-14;-12;-12;-11;-9;-10;-6;-11;-2;-11;2;-12;6;-14;10;-16;13;-17;16;-19;19;-21;21;-22;23;-24;23;-25;23;-26;22;-25;21;-24;19;-122;0;-23;-5;-22;-5;-22;-5;-21;-5;-21;-5;-22;-4;-22;-3;-22;-2;-22;0;-21;1;-20;2;-19;2;-20;2;-20;2;-21;2;-21;3;-21;4;-20;4;-19;4;-19;3;-19;3;-19;3;-19;3;-19;4;-18;4;-18;4;-18;3;-18;3;-7;0;-2;0;0;-1;0;0;0;0;-2;-2;-4;-6;-11;-16;-10;-17;-10;-17;-10;-17;-10;-17;-9;-17;-9;-16;-8;-17;-8;-17;-8;-18;-8;-18;-9;-17;-10;-16;-10;-15;-10;-14;-10;-13;-10;-14;-10;-14;-12;-14;-13;-13;-15;-12;-16;-11;-16;-10;-16;-10;-17;-10;-18;-10;-20;-10;-21;-10;-122;0;-6;47;-6;47;-6;46;-5;45;-5;44;-4;42;-3;40;-2;39;0;38;1;37;2;36;2;35;2;34;2;33;2;32;3;31;3;31;3;30;3;30;2;29;1;28;1;27;1;26;1;25;1;24;1;24;0;24;-1;24;-1;8;-1;2;-1;-1;0;-2;0;-1;-1;2;-2;8;-5;23;-6;23;-6;23;-7;24;-7;25;-8;26;-9;28;-10;29;-10;30;-11;30;-11;31;-11;31;-11;32;-11;33;-11;34;-12;35;-12;35;-12;36;-11;37;-11;38;-10;40;-10;42;-9;43;-9;45;-8;46;-8;47;-7;48;-6;48,transition,EXP_S052,ZONE_01,sortie_zone,4.7,sortie_zone,sortie de la zone
9661972222,-50,6,a0:9f:7a:73:2b:3e,384,-110;-96;8;0;15;7;13;2;11;-4;10;-9;10;-14;11;-18;12;-21;13;-23;15;-24;16;-25;17;-24;18;-22;17;-20;17;-17;15;-14;13;-11;9;-9;5;-7;0;-6;-4;-6;-8;-7;-11;-8;-13;-10;-14;-13;-14;-15;-4;-4;0;0;0;0;0;0;0;0;0;0;0;0;0;0;0;0;0;0;-1;4;-2;16;-3;19;-6;21;-9;22;-11;22;-12;21;-13;20;-13;18;-12;15;-10;13;-7;11;-4;10;0;9;4;9;9;10;12;10;16;11;19;13;23;14;25;15;27;17;28;18;28;19;27;20;26;19;24;18;-120;0;-3;22;-3;22;-2;22;-2;21;-2;21;-1;22;0;22;1;22;2;21;3;20;3;20;3;20;3;19;3;20;4;20;5;20;5;20;5;20;5;19;5;19;5;18;4;19;4;19;4;19;4;18;4;18;3;17;2;17;0;6;0;1;-1;-1;0;-1;0;-1;-2;1;-5;5;-14;13;-15;13;-15;13;-15;12;-15;12;-15;12;-15;11;-15;11;-15;11;-16;11;-16;11;-15;11;-15;11;-14;11;-13;11;-13;11;-12;11;-12;12;-11;13;-11;15;-10;16;-9;16;-8;17;-8;18;-8;18;-8;19;-8;21;-8;22;-120;0;48;-2;48;-2;47;-2;46;-3;44;-3;42;-4;41;-4;40;-5;39;-6;37;-7;36;-7;35;-7;33;-7;33;-7;32;-7;32;-7;31;-7;31;-7;30;-7;29;-6;28;-6;27;-5;26;-5;25;-4;25;-4;24;-3;24;-1;24;0;8;0;2;0;-1;0;-2;0;-1;-1;2;-1;8;-1;24;-1;24;-1;24;0;25;1;26;1;27;2;28;2;29;2;30;3;32;3;33;3;34;4;34;4;35;4;35;4;36;4;37;5;37;4;39;4;40;3;41;2;42;1;44;0;46;0;48;0;49;-1;49;-1;49;-2,transition,EXP_S052,ZONE_01,sortie_zone,4.7,sortie_zone,sortie de la zone
9662172939,-50,6,a0:9f:7a:73:2b:3e,384,-110;-96;8;0;15;-6;10;-8;5;-11;1;-14;-2;-18;-5;-21;-6;-24;-7;-27;-6;-28;-6;-29;-5;-29;-3;-29;-1;-27;0;-25;1;-21;1;-17;0;-13;-1;-9;-4;-5;-7;-2;-10;-1;-13;0;-16;1;-18;0;-20;-1;-6;-1;0;0;0;0;0;0;0;0;0;0;0;0;0;0;0;0;0;0;2;2;11;12;11;15;11;18;10;20;9;22;7;23;5;22;4;21;3;19;3;16;3;13;5;10;7;6;10;3;13;0;16;-2;19;-4;22;-6;26;-7;29;-7;31;-8;33;-8;33;-7;33;-7;32;-6;31;-5;-113;0;5;10;5;10;5;10;5;9;5;9;5;9;5;9;6;9;6;8;6;8;6;7;6;7;6;7;6;7;7;7;7;7;7;7;7;6;7;6;6;6;6;6;6;6;6;6;6;6;6;6;6;6;5;6;5;6;2;2;0;0;-1;-1;0;-1;0;-1;-1;1;-1;3;-2;9;-2;9;-3;9;-3;8;-3;8;-3;8;-3;8;-3;8;-3;8;-3;8;-3;8;-3;8;-3;8;-3;8;-2;8;-2;8;-2;8;-2;8;-1;8;-1;9;0;9;1;9;1;9;2;9;2;10;2;10;3;10;3;10;-113;0;20;-14;20;-14;19;-14;19;-14;18;-13;17;-13;16;-13;15;-13;15;-13;14;-13;13;-13;13;-13;12;-13;12;-12;12;-12;12;-12;11;-12;11;-11;11;-11;11;-10;11;-10;10;-10;10;-9;10;-9;10;-8;10;-8;10;-7;10;-7;3;-3;1;-1;-1;0;-1;0;-1;0;1;-1;3;-3;9;-8;10;-7;10;-7;10;-7;11;-7;11;-7;12;-7;13;-7;13;-8;14;-8;15;-8;15;-8;15;-8;15;-8;16;-8;16;-9;16;-9;17;-9;17;-9;17;-10;18;-10;18;-11;19;-12;19;-13;20;-13;20;-14;20;-14;20;-14,transition,EXP_S052,ZONE_01,sortie_zone,4.7,sortie_zone,sortie de la zone
9662372507,-50,6,a0:9f:7a:73:2b:3e,384,-110;-96;8;0;5;-16;-1;-14;-6;-11;-11;-10;-16;-9;-20;-9;-24;-10;-26;-11;-28;-12;-28;-12;-28;-13;-26;-14;-24;-15;-21;-14;-17;-13;-14;-11;-10;-8;-8;-4;-6;0;-5;4;-5;8;-5;12;-7;14;-9;16;-11;17;-3;4;0;0;0;0;0;0;0;0;0;0;0;0;0;0;0;0;0;0;4;0;18;1;20;3;22;5;23;8;23;10;22;12;20;13;18;13;16;12;14;9;11;6;10;3;9;-2;9;-6;9;-11;9;-15;10;-19;11;-23;13;-26;14;-28;16;-30;17;-32;17;-32;17;-31;17;-29;16;-28;126;0;24;5;23;5;23;4;23;4;23;4;23;3;23;2;23;1;22;0;22;-1;21;-2;21;-2;21;-2;21;-2;21;-3;21;-3;21;-4;21;-4;20;-4;20;-3;19;-3;19;-3;19;-3;19;-3;19;-3;18;-3;18;-2;18;-1;6;-1;1;0;-1;0;-1;-1;-1;-1;1;1;5;5;13;15;13;15;12;16;12;16;12;16;11;16;11;16;10;16;10;16;10;17;10;17;11;16;11;15;11;14;11;13;11;13;11;13;12;13;13;13;15;13;16;12;17;10;17;10;18;9;19;9;20;9;21;9;22;9;126;0;2;-51;2;-50;2;-49;1;-48;1;-46;0;-44;0;-43;-1;-41;-2;-40;-3;-39;-4;-38;-5;-37;-5;-36;-5;-36;-5;-35;-5;-34;-4;-34;-4;-33;-4;-32;-3;-31;-3;-30;-3;-29;-2;-28;-2;-27;-2;-26;-1;-26;0;-26;1;-26;0;-10;0;-3;0;0;-1;1;-1;0;-1;-3;0;-9;0;-26;1;-26;2;-26;3;-27;3;-28;4;-29;4;-30;5;-31;5;-32;6;-33;6;-34;6;-35;6;-36;6;-36;7;-37;7;-38;7;-39;7;-39;7;-40;6;-41;6;-43;5;-44;4;-46;4;-47;4;-49;3;-50;3;-51;2;-51,transition,EXP_S052,ZONE_01,sortie_zone,4.7,sortie_zone,sortie de la zone
9662572265,-50,6,a0:9f:7a:73:2b:3e,384,-110;-96;8;0;-17;5;-12;8;-7;11;-3;14;0;18;2;21;3;24;3;26;3;28;2;28;1;29;-1;28;-2;26;-3;23;-4;20;-3;16;-2;12;0;8;3;5;6;2;9;1;12;0;15;1;17;2;19;3;4;1;0;0;0;0;0;0;0;0;0;0;0;0;0;0;0;0;0;0;-4;-3;-14;-12;-14;-15;-14;-18;-13;-21;-12;-23;-10;-24;-8;-24;-7;-22;-5;-20;-5;-17;-5;-14;-6;-10;-8;-7;-11;-3;-14;0;-18;2;-21;4;-24;6;-28;7;-31;7;-33;7;-34;6;-35;6;-35;5;-33;4;-31;4;-119;0;-6;-11;-6;-11;-5;-11;-5;-11;-5;-11;-5;-10;-6;-10;-6;-10;-6;-9;-7;-9;-7;-9;-7;-9;-6;-9;-7;-9;-7;-9;-7;-9;-7;-8;-7;-8;-7;-8;-6;-8;-6;-8;-6;-8;-6;-8;-6;-8;-6;-8;-5;-8;-5;-8;-5;-8;-2;-3;-1;-1;0;0;0;0;-1;0;-1;-2;-1;-4;-1;-10;-1;-10;-1;-10;0;-10;0;-10;0;-10;1;-10;1;-10;1;-10;1;-10;1;-10;1;-10;1;-10;1;-10;0;-9;0;-9;0;-9;0;-9;0;-10;-1;-10;-2;-10;-2;-10;-3;-10;-3;-10;-3;-10;-3;-11;-4;-12;-4;-12;-119;0;-21;14;-21;13;-21;13;-20;13;-20;12;-19;12;-18;12;-17;12;-16;12;-16;11;-15;11;-15;11;-15;11;-15;10;-14;10;-14;10;-14;9;-14;9;-14;8;-14;8;-13;7;-13;7;-12;6;-12;6;-12;5;-12;5;-12;4;-13;4;-5;1;-2;0;0;-1;0;-1;0;-1;-1;1;-3;3;-8;9;-9;9;-9;9;-10;9;-11;9;-11;9;-12;9;-13;9;-13;9;-14;9;-14;9;-15;9;-15;9;-16;9;-16;9;-16;10;-17;10;-17;10;-17;10;-17;11;-18;12;-18;12;-19;13;-20;13;-20;14;-21;14;-21;14;-21;14,transition,EXP_S052,ZONE_01,sortie_zone,4.7,sortie_zone,sortie de la zone
9662772237,-50,6,a0:9f:7a:73:2b:3e,384,-110;-96;8;0;-14;-11;-13;-6;-12;1;-13;6;-14;11;-16;15;-17;18;-19;20;-21;21;-22;21;-23;20;-23;18;-23;16;-21;13;-19;10;-15;8;-11;6;-7;5;-2;5;2;5;6;7;9;8;11;11;12;14;12;16;3;4;0;0;0;0;0;0;0;0;0;0;0;0;0;0;0;0;0;0;1;-4;5;-17;8;-18;11;-20;14;-20;16;-20;18;-19;18;-17;18;-15;16;-13;14;-11;11;-10;7;-10;2;-10;-2;-11;-7;-12;-11;-14;-14;-16;-17;-18;-21;-21;-23;-23;-24;-25;-25;-27;-25;-28;-24;-28;-23;-27;-21;-26;-122;0;17;-19;17;-19;17;-19;16;-20;15;-20;14;-20;13;-20;13;-20;12;-20;11;-20;11;-20;11;-20;11;-20;10;-20;10;-20;10;-20;10;-20;10;-20;10;-20;10;-19;10;-19;10;-18;10;-18;10;-17;10;-17;10;-17;11;-16;12;-16;4;-6;1;-2;-1;0;-2;0;-1;0;1;-2;6;-4;17;-11;17;-10;18;-9;18;-8;18;-8;18;-7;18;-7;18;-7;18;-7;18;-7;18;-7;18;-6;18;-6;18;-6;18;-7;17;-7;17;-8;17;-8;17;-9;17;-10;17;-11;17;-12;17;-13;17;-14;17;-15;18;-16;18;-17;18;-18;-122;0;-43;-29;-43;-28;-42;-28;-41;-27;-39;-25;-38;-24;-37;-23;-36;-22;-35;-21;-34;-20;-33;-19;-33;-19;-32;-18;-32;-18;-32;-18;-31;-18;-30;-18;-29;-17;-28;-17;-26;-17;-25;-17;-24;-17;-23;-17;-22;-17;-21;-17;-20;-18;-19;-18;-18;-19;-7;-7;-2;-3;0;0;1;0;0;0;-3;-1;-9;-3;-24;-9;-24;-10;-25;-11;-25;-12;-26;-13;-26;-13;-27;-14;-28;-15;-29;-16;-30;-17;-30;-19;-30;-20;-30;-21;-30;-22;-31;-22;-32;-23;-32;-23;-33;-23;-34;-24;-35;-24;-37;-24;-38;-25;-40;-25;-41;-26;-42;-27;-43;-28;-43;-28;-44;-29,transition,EXP_S052,ZONE_01,sortie_zone,4.7,sortie_zone,sortie de la zone
9662972863,-50,6,a0:9f:7a:73:2b:3e,384,-110;-96;8;0;10;-14;3;-13;-3;-12;-8;-13;-14;-13;-18;-15;-21;-16;-24;-18;-24;-19;-24;-21;-24;-22;-22;-22;-20;-21;-17;-20;-14;-17;-11;-14;-8;-10;-7;-6;-6;-1;-6;4;-7;8;-8;11;-10;13;-13;14;-15;15;-4;3;0;0;0;0;0;0;0;0;0;0;0;0;0;0;0;0;0;0;3;1;16;8;17;10;18;14;18;16;17;19;16;20;14;20;12;20;10;18;9;15;8;11;8;7;9;3;10;-2;12;-7;13;-11;16;-14;18;-18;21;-21;23;-23;25;-25;27;-25;27;-25;28;-24;27;-23;25;-21;-127;0;25;11;23;10;21;11;19;11;20;12;21;13;23;12;24;10;24;7;23;5;21;5;20;6;21;7;22;7;23;7;24;5;23;4;22;3;20;3;19;4;18;5;19;6;19;6;20;5;20;4;19;3;18;4;17;5;6;2;1;0;-1;-1;-1;-2;-1;-1;1;1;3;6;10;17;9;18;9;20;9;20;9;20;9;18;7;17;6;17;5;18;4;20;5;21;6;21;7;20;8;18;7;17;7;16;6;17;7;18;9;19;12;18;15;17;16;15;16;13;15;12;15;13;16;15;19;17;21;18;-127;0;17;-49;17;-49;17;-49;17;-47;17;-45;15;-42;13;-40;11;-39;10;-38;9;-38;9;-38;9;-37;9;-36;8;-35;7;-34;6;-33;6;-33;6;-34;6;-33;7;-32;8;-31;9;-29;8;-27;8;-26;7;-26;8;-25;9;-25;10;-25;3;-9;1;-3;-1;0;-1;1;-1;0;0;-3;2;-9;7;-25;8;-24;9;-25;9;-25;9;-26;10;-28;11;-29;13;-30;14;-31;15;-30;16;-31;16;-31;16;-32;17;-33;18;-34;19;-35;19;-36;19;-36;19;-37;18;-38;17;-40;16;-42;17;-44;18;-46;19;-47;19;-47;19;-48;19;-48,transition,EXP_S052,ZONE_01,sortie_zone,4.7,sortie_zone,sortie de la zone
9663183628,-50,6,a0:9f:7a:73:2b:3e,384,-110;-96;8;0;15;6;12;1;11;-5;10;-10;10;-15;10;-19;11;-23;12;-25;13;-26;14;-26;15;-26;16;-24;16;-22;16;-19;14;-15;12;-12;8;-9;4;-7;-1;-6;-5;-6;-9;-6;-12;-7;-14;-9;-16;-11;-16;-13;-4;-4;0;0;0;0;0;0;0;0;0;0;0;0;0;0;0;0;0;0;-1;4;-2;17;-4;19;-7;21;-10;22;-12;22;-14;21;-15;19;-15;17;-13;15;-11;13;-8;11;-5;10;0;9;4;9;8;9;12;10;16;11;20;13;23;14;26;16;28;17;29;19;29;19;28;20;27;19;25;18;-125;0;-11;22;-10;22;-10;21;-9;21;-9;21;-9;21;-8;21;-7;22;-6;21;-5;21;-4;20;-3;20;-4;20;-4;21;-4;21;-3;21;-3;21;-3;21;-3;20;-3;19;-4;19;-4;19;-3;19;-3;19;-3;19;-4;18;-4;18;-5;17;-2;6;-1;1;0;-1;0;-1;0;-1;-2;1;-6;4;-16;12;-17;11;-17;11;-18;10;-18;10;-18;9;-17;9;-18;8;-18;8;-18;8;-18;8;-18;8;-17;9;-16;9;-16;9;-15;9;-16;10;-16;10;-16;11;-16;12;-15;14;-14;15;-14;15;-13;16;-13;17;-14;18;-14;19;-14;19;-125;0;48;12;47;12;46;11;45;11;44;10;42;10;41;9;39;8;38;7;37;6;36;5;35;5;35;4;34;4;33;4;32;4;32;4;31;4;30;5;29;5;28;5;27;5;26;5;25;5;24;5;24;6;23;8;23;9;8;3;2;1;-1;-1;-2;-1;-1;-1;2;0;8;1;24;3;24;4;24;5;25;6;26;6;27;7;28;8;29;8;29;9;30;10;31;11;31;11;32;11;33;12;34;12;35;13;35;13;36;13;37;13;38;12;39;12;41;12;43;12;44;12;45;12;47;12;48;12;48;12,transition,EXP_S052,ZONE_01,sortie_zone,4.7,sortie_zone,sortie de la zone
9663373943,-50,6,a0:9f:7a:73:2b:3e,384,-110;-96;8;0;-16;4;-11;6;-6;9;-1;13;2;16;5;19;6;23;7;25;7;26;6;27;5;28;4;27;2;26;0;23;-1;19;-1;15;-1;11;1;6;3;2;6;-1;9;-3;11;-5;14;-5;17;-5;19;-4;4;-1;0;0;0;0;0;0;0;0;0;0;0;0;0;0;0;0;0;0;-2;-4;-8;-16;-7;-19;-6;-22;-5;-24;-3;-25;-1;-25;0;-24;1;-22;1;-20;1;-17;-1;-14;-3;-11;-6;-8;-9;-5;-13;-3;-17;-1;-20;0;-24;2;-27;2;-30;3;-33;3;-34;3;-35;2;-34;2;-33;1;-31;1;-123;0;-5;-12;-5;-12;-4;-12;-4;-11;-4;-11;-5;-11;-5;-11;-6;-11;-6;-10;-6;-10;-6;-9;-6;-9;-6;-10;-6;-10;-7;-10;-7;-10;-7;-9;-7;-9;-7;-9;-6;-8;-6;-8;-6;-9;-6;-9;-6;-8;-6;-8;-6;-8;-5;-8;-5;-8;-2;-3;-1;-1;0;0;-1;0;-1;0;0;-1;0;-4;1;-10;2;-10;2;-10;2;-10;3;-10;3;-10;3;-9;3;-9;3;-9;3;-9;3;-9;3;-10;3;-10;2;-10;2;-9;2;-9;2;-9;2;-9;1;-10;1;-10;0;-10;-1;-11;-1;-10;-1;-11;-2;-11;-2;-11;-2;-12;-3;-13;-123;0;-22;11;-21;11;-21;10;-20;10;-20;10;-19;9;-18;9;-17;10;-16;10;-16;10;-15;10;-15;9;-15;9;-14;9;-14;9;-13;9;-13;9;-13;8;-13;8;-13;8;-12;7;-12;7;-11;6;-11;6;-11;6;-11;5;-11;5;-11;4;-4;1;-2;0;0;-1;0;-1;0;-1;-1;0;-4;2;-10;6;-11;5;-11;5;-12;5;-12;5;-13;5;-13;6;-14;6;-15;6;-15;5;-15;5;-16;5;-16;5;-17;5;-17;5;-18;6;-18;6;-18;6;-18;7;-18;7;-19;8;-20;9;-20;9;-21;10;-21;10;-22;10;-22;10;-22;10,transition,EXP_S052,ZONE_01,sortie_zone,4.7,sortie_zone,sortie de la zone
9663576617,-50,6,a0:9f:7a:73:2b:3e,384,-110;-96;8;0;-11;14;-4;12;2;11;9;11;14;11;19;12;22;13;25;15;26;17;26;18;25;19;23;19;21;19;18;18;14;16;11;13;8;9;6;4;4;-1;4;-6;4;-10;6;-13;8;-16;10;-18;12;-19;3;-5;0;0;0;0;0;0;0;0;0;0;0;0;0;0;0;0;0;0;-4;-3;-17;-10;-18;-12;-19;-16;-19;-19;-18;-21;-17;-22;-15;-22;-13;-21;-11;-19;-10;-16;-9;-13;-9;-8;-9;-4;-11;1;-12;6;-15;10;-17;14;-19;18;-21;21;-24;24;-26;25;-27;26;-28;26;-28;25;-27;23;-26;22;-124;0;-27;-10;-27;-9;-26;-9;-26;-9;-26;-8;-26;-8;-26;-7;-26;-6;-26;-4;-25;-3;-24;-3;-24;-3;-24;-3;-24;-3;-25;-2;-25;-2;-25;-1;-24;-1;-23;-2;-23;-2;-23;-2;-23;-2;-23;-2;-22;-2;-22;-2;-21;-2;-21;-3;-20;-4;-8;-2;-3;-1;0;0;0;1;0;0;-2;-2;-6;-6;-15;-17;-15;-18;-14;-18;-14;-19;-14;-19;-13;-19;-13;-19;-12;-19;-12;-19;-12;-20;-12;-20;-13;-20;-13;-19;-13;-18;-13;-17;-13;-16;-13;-16;-14;-16;-15;-16;-17;-16;-18;-15;-19;-14;-20;-13;-20;-13;-21;-13;-23;-14;-24;-14;-25;-14;-124;0;-9;50;-9;50;-9;50;-9;48;-8;47;-7;45;-6;43;-5;42;-4;41;-3;40;-2;39;-2;38;-2;37;-2;36;-2;35;-2;35;-2;34;-2;33;-3;32;-3;32;-4;30;-4;29;-4;28;-4;27;-4;26;-5;26;-7;25;-8;25;-3;9;-2;2;0;-1;0;-2;0;-1;0;2;-1;9;-2;25;-3;25;-4;25;-5;26;-5;27;-6;29;-6;30;-7;31;-8;32;-9;33;-9;34;-9;35;-10;35;-10;36;-10;37;-11;37;-11;38;-11;39;-11;40;-11;41;-10;43;-10;45;-10;47;-10;48;-10;50;-9;51;-9;51;-9;52,transition,EXP_S052,ZONE_01,sortie_zone,4.7,sortie_zone,sortie de la zone
9663772384,-50,6,a0:9f:7a:73:2b:3e,384,-110;-96;8;0;-3;-16;-6;-11;-10;-7;-14;-3;-17;-1;-21;1;-24;2;-27;2;-28;2;-29;1;-29;0;-28;-1;-26;-3;-23;-4;-20;-4;-16;-4;-12;-3;-8;-1;-5;2;-2;6;0;9;0;12;0;15;-1;17;-2;19;-1;4;0;0;0;0;0;0;0;0;0;0;0;0;0;0;0;0;0;0;3;-2;14;-8;17;-8;20;-7;22;-5;24;-3;24;-1;23;0;21;1;19;2;16;1;13;-1;10;-3;7;-6;5;-9;3;-13;1;-17;0;-20;-1;-24;-2;-27;-2;-30;-1;-33;0;-34;0;-35;0;-34;1;-33;1;-31;-121;0;11;-3;11;-2;11;-2;11;-2;11;-2;11;-3;11;-3;10;-3;10;-4;10;-4;9;-4;9;-4;9;-4;9;-4;9;-4;9;-4;9;-4;9;-4;9;-4;9;-4;9;-4;9;-3;9;-3;8;-3;8;-3;8;-3;8;-3;8;-2;3;-1;0;-1;-1;0;-1;-1;-1;-1;1;0;3;0;9;1;9;2;9;2;9;3;9;3;9;3;8;3;8;3;8;4;8;4;8;4;8;4;8;3;8;3;8;3;8;3;8;3;8;2;8;2;9;1;9;1;9;0;9;0;9;0;10;0;10;-1;11;-1;11;-1;-121;0;-8;-23;-8;-23;-8;-23;-7;-22;-7;-21;-7;-20;-7;-19;-7;-19;-7;-18;-7;-17;-7;-17;-7;-17;-7;-16;-7;-16;-7;-16;-7;-15;-6;-15;-6;-15;-5;-15;-5;-14;-5;-14;-4;-13;-4;-13;-4;-13;-3;-13;-3;-12;-2;-12;-2;-12;-1;-5;-1;-2;0;0;0;0;0;0;-1;-1;-3;-4;-7;-10;-7;-11;-6;-11;-6;-12;-6;-12;-6;-13;-6;-13;-6;-14;-6;-15;-6;-15;-6;-16;-6;-16;-5;-17;-5;-17;-5;-17;-5;-18;-5;-18;-6;-19;-6;-19;-6;-19;-7;-20;-7;-20;-8;-21;-8;-22;-8;-22;-8;-23;-8;-23;-8;-24,transition,EXP_S052,ZONE_01,sortie_zone,4.7,sortie_zone,sortie de la zone
9663972250,-50,6,a0:9f:7a:73:2b:3e,384,-110;-96;8;0;5;14;7;8;10;3;13;-1;15;-5;18;-8;21;-10;24;-11;25;-11;26;-11;26;-10;26;-8;24;-6;22;-5;19;-3;15;-2;11;-2;6;-3;2;-4;-1;-7;-4;-9;-6;-12;-7;-14;-7;-17;-6;-19;-2;-5;0;0;0;0;0;0;0;0;0;0;0;0;0;0;0;0;0;0;-4;2;-14;9;-16;9;-20;9;-22;8;-24;6;-24;4;-24;2;-22;1;-20;0;-17;0;-14;1;-10;3;-7;5;-3;8;-1;11;1;15;3;18;5;22;7;25;7;28;7;30;7;32;7;33;7;32;6;31;5;29;-120;0;-11;6;-11;6;-10;6;-10;6;-10;6;-10;6;-9;6;-9;7;-9;7;-8;7;-8;7;-7;7;-7;7;-8;7;-8;7;-8;7;-7;7;-7;7;-7;7;-7;7;-7;6;-7;6;-7;6;-7;6;-7;6;-7;6;-7;5;-7;5;-3;1;-1;0;0;-1;0;-1;0;0;-2;0;-4;0;-10;1;-10;1;-10;0;-10;0;-10;0;-10;0;-10;-1;-10;-1;-10;-1;-10;-1;-10;-1;-10;-1;-10;0;-10;0;-10;0;-9;0;-9;0;-9;0;-10;1;-10;1;-10;2;-10;2;-10;3;-10;3;-10;3;-11;4;-11;4;-11;4;-120;0;15;17;15;16;15;16;15;16;14;15;14;14;13;14;13;13;13;12;13;12;13;11;12;11;12;11;12;10;12;10;11;10;11;10;11;9;10;9;10;9;9;9;9;9;8;9;8;8;8;8;7;9;7;9;6;9;2;3;0;1;-1;-1;-1;-1;-1;-1;1;0;3;2;9;7;8;7;8;8;8;8;8;8;9;9;9;10;9;10;9;11;9;11;10;11;10;12;10;12;10;13;10;13;11;13;11;14;11;14;11;14;12;14;12;14;13;15;14;15;14;16;15;16;15;17;15;17;16;17,transition,EXP_S052,ZONE_01,sortie_zone,4.7,sortie_zone,sortie de la zone
9664174824,-50,6,a0:9f:7a:73:2b:3e,384,-110;-96;8;0;-6;15;-1;12;4;10;9;9;14;8;19;8;22;9;24;10;26;11;26;12;25;13;24;14;21;15;18;14;15;13;12;11;9;7;6;3;5;-1;4;-5;4;-9;5;-12;6;-15;9;-16;11;-17;2;-5;0;0;0;0;0;0;0;0;0;0;0;0;0;0;0;0;0;0;-5;0;-18;-1;-20;-3;-22;-5;-23;-8;-24;-10;-23;-12;-21;-13;-19;-13;-17;-12;-14;-10;-12;-7;-11;-4;-10;0;-9;5;-9;9;-10;13;-11;17;-12;21;-13;24;-15;27;-16;29;-17;30;-18;30;-18;29;-18;28;-17;26;-120;0;-24;-8;-24;-7;-24;-7;-23;-7;-23;-6;-23;-5;-23;-5;-23;-4;-23;-3;-22;-3;-22;-2;-22;-2;-22;-2;-22;-2;-22;-1;-22;-1;-22;-1;-22;-1;-21;-1;-21;-1;-20;-1;-20;-1;-20;-1;-20;-1;-20;-2;-20;-2;-19;-3;-19;-3;-7;-2;-2;-1;0;0;0;0;0;0;-2;-2;-6;-5;-16;-14;-15;-15;-14;-15;-14;-16;-13;-16;-13;-16;-13;-16;-12;-16;-12;-16;-12;-16;-12;-16;-12;-16;-12;-16;-12;-15;-12;-14;-12;-14;-13;-13;-13;-13;-14;-13;-15;-13;-16;-12;-17;-11;-18;-11;-19;-11;-20;-11;-21;-11;-22;-11;-22;-11;-120;0;-7;48;-7;48;-7;47;-6;45;-6;44;-5;42;-5;41;-4;40;-3;38;-2;38;-2;36;-1;36;-1;35;-1;34;-2;33;-2;32;-2;32;-2;31;-3;30;-3;29;-3;28;-3;27;-4;26;-4;25;-4;24;-5;24;-6;23;-7;23;-3;8;-1;2;0;-1;-1;-2;0;-1;0;2;0;8;1;24;0;24;-1;24;-2;25;-3;26;-3;27;-4;28;-4;29;-5;30;-5;31;-6;32;-7;33;-7;34;-7;34;-8;35;-8;36;-8;36;-8;37;-8;38;-7;39;-7;41;-7;42;-7;44;-7;45;-7;47;-7;48;-6;48;-6;49,transition,EXP_S052,ZONE_01,sortie_zone,4.7,sortie_zone,sortie de la zone
9664375999,-51,6,a0:9f:7a:73:2b:3e,384,-110;-96;8;0;-18;6;-12;8;-6;11;-1;14;2;18;5;21;6;25;7;27;7;29;7;30;5;30;3;30;1;28;-1;25;-2;21;-2;17;-1;12;1;8;3;4;6;1;10;-2;13;-3;16;-3;19;-2;21;-1;5;0;0;0;0;0;0;0;0;0;0;0;0;0;0;0;0;0;0;0;-4;-4;-13;-14;-13;-17;-13;-20;-12;-23;-11;-25;-9;-26;-7;-25;-5;-24;-4;-22;-4;-18;-5;-15;-6;-11;-9;-8;-12;-4;-15;-1;-18;2;-22;4;-25;6;-29;7;-32;8;-35;8;-36;8;-37;7;-36;7;-35;6;-34;6;-126;0;-6;-12;-6;-12;-6;-12;-6;-11;-6;-11;-6;-11;-7;-11;-7;-11;-7;-10;-8;-9;-8;-9;-8;-9;-8;-9;-8;-10;-8;-10;-8;-9;-8;-9;-8;-9;-8;-9;-7;-8;-7;-8;-7;-8;-7;-8;-7;-8;-7;-8;-7;-8;-6;-8;-6;-8;-2;-3;-1;-1;0;0;-1;0;-1;0;-1;-2;0;-4;0;-11;0;-11;1;-11;1;-11;1;-11;1;-10;1;-10;2;-10;2;-10;2;-10;2;-11;2;-11;1;-10;1;-10;1;-10;1;-10;1;-10;0;-10;0;-10;-1;-11;-1;-11;-2;-11;-2;-11;-3;-11;-3;-11;-3;-12;-4;-13;-5;-13;-126;0;-23;14;-22;14;-22;14;-21;14;-20;13;-19;13;-18;13;-17;12;-17;12;-16;12;-16;12;-15;12;-15;12;-15;11;-14;11;-14;11;-13;11;-13;10;-13;10;-13;9;-13;9;-12;8;-12;8;-12;7;-12;7;-12;7;-12;6;-12;6;-5;2;-2;0;0;-1;0;-1;0;-1;-1;1;-4;3;-10;8;-11;8;-11;8;-12;8;-12;8;-13;8;-13;8;-14;8;-15;9;-15;9;-16;9;-16;8;-17;8;-17;8;-18;9;-18;9;-18;9;-19;9;-19;10;-19;11;-19;11;-20;12;-21;13;-21;13;-22;13;-22;14;-23;14;-23;14,transition,EXP_S052,ZONE_01,sortie_zone,4.7,sortie_zone,sortie de la zone
9664572061,-50,6,a0:9f:7a:73:2b:3e,384,-110;-96;8;0;9;-13;4;-12;-2;-12;-7;-12;-12;-13;-16;-14;-19;-16;-21;-17;-22;-19;-21;-21;-20;-21;-19;-21;-17;-20;-14;-19;-12;-17;-9;-14;-7;-10;-6;-6;-5;-1;-6;3;-7;6;-9;9;-11;11;-13;12;-15;12;-4;3;0;0;0;0;0;0;0;0;0;0;0;0;0;0;0;0;0;0;3;1;15;7;16;9;17;12;17;15;16;17;15;18;14;18;12;18;10;16;9;14;8;10;7;7;8;2;9;-2;11;-6;13;-10;15;-13;17;-16;19;-19;21;-21;23;-23;25;-23;26;-23;26;-21;25;-20;24;-19;-121;0;21;10;21;9;20;9;20;9;20;9;21;8;21;7;21;6;21;5;20;4;20;3;19;3;19;3;20;3;20;2;21;2;20;1;20;1;19;1;19;1;18;1;18;2;18;1;18;1;18;1;17;1;17;2;17;2;6;1;1;0;-1;-1;-1;-1;-1;-1;1;1;3;5;9;16;9;16;8;17;8;17;7;17;7;17;7;17;6;17;6;17;6;17;6;18;7;17;7;17;8;16;8;15;8;14;8;14;9;14;10;15;12;14;13;14;14;13;14;13;15;12;16;13;17;13;18;13;19;13;-121;0;13;-46;13;-46;13;-45;12;-44;11;-42;10;-40;9;-39;8;-38;6;-37;5;-36;4;-35;3;-35;3;-34;3;-33;3;-33;3;-32;3;-32;3;-31;3;-31;3;-30;4;-29;4;-27;3;-26;3;-25;4;-24;4;-24;5;-23;6;-23;2;-9;0;-3;-1;0;-1;1;-1;0;0;-3;2;-9;6;-23;7;-24;8;-24;8;-24;9;-25;9;-26;10;-27;11;-28;12;-29;13;-29;13;-30;13;-30;14;-31;14;-32;15;-33;15;-33;15;-34;15;-34;15;-35;15;-36;14;-38;14;-40;14;-42;14;-43;14;-45;13;-46;13;-46;13;-47,transition,EXP_S052,ZONE_01,sortie_zone,4.7,sortie_zone,sortie de la zone
9664774103,-51,6,a0:9f:7a:73:2b:3e,384,-110;-96;8;0;-18;-1;-14;3;-9;8;-6;13;-3;17;-2;22;-1;25;-1;28;-2;30;-2;31;-3;31;-5;30;-7;27;-7;24;-7;20;-6;16;-5;12;-2;8;2;4;6;2;9;0;13;0;16;0;19;1;20;3;5;0;0;0;0;0;0;0;0;0;0;0;0;0;0;0;0;0;0;0;-2;-5;-6;-18;-5;-21;-3;-24;0;-26;2;-27;4;-27;5;-26;6;-24;6;-21;5;-18;2;-15;-1;-12;-4;-10;-9;-8;-13;-6;-17;-5;-22;-5;-26;-4;-30;-4;-33;-5;-36;-6;-37;-7;-37;-7;-37;-7;-35;-7;-33;-7;-119;0;0;-14;-1;-14;-1;-14;-1;-13;-1;-13;-2;-13;-2;-13;-2;-13;-3;-12;-3;-12;-3;-12;-3;-12;-4;-11;-4;-11;-4;-11;-4;-11;-4;-11;-4;-11;-4;-11;-4;-11;-4;-11;-4;-10;-4;-10;-4;-10;-4;-10;-3;-10;-3;-10;-3;-10;-1;-4;-1;-2;0;0;-1;0;-1;0;0;-2;1;-4;5;-10;5;-10;5;-9;5;-9;6;-9;6;-9;6;-9;6;-9;6;-9;6;-8;6;-8;6;-9;6;-9;5;-9;5;-9;5;-9;4;-9;4;-9;4;-10;4;-10;3;-10;3;-11;2;-11;2;-12;2;-12;1;-13;1;-13;1;-13;-119;0;-26;3;-26;3;-26;3;-25;3;-24;3;-23;4;-22;4;-21;4;-21;4;-20;5;-19;5;-19;5;-18;5;-18;5;-18;4;-17;4;-17;4;-17;4;-16;3;-16;3;-15;3;-15;3;-14;3;-14;2;-14;2;-13;2;-13;1;-13;0;-5;0;-2;-1;0;-1;0;-1;0;-1;-2;0;-5;1;-13;3;-13;2;-14;2;-14;2;-15;1;-15;1;-16;1;-17;1;-17;1;-18;1;-18;0;-19;0;-19;0;-20;0;-20;0;-20;0;-20;0;-21;0;-21;1;-22;1;-23;2;-23;2;-24;2;-25;3;-25;3;-26;3;-26;4;-27;4,transition,EXP_S052,ZONE_01,sortie_zone,4.7,sortie_zone,sortie de la zone
9664974366,-50,6,a0:9f:7a:73:2b:3e,384,-110;-96;8;0;16;-2;11;-6;7;-10;4;-14;1;-18;-1;-21;-3;-25;-3;-27;-2;-29;-1;-30;1;-29;2;-28;3;-26;3;-24;4;-20;4;-16;2;-12;0;-8;-3;-5;-7;-3;-10;-1;-13;0;-16;-1;-18;-2;-20;-3;-5;-1;0;0;0;0;0;0;0;0;0;0;0;0;0;0;0;0;0;0;1;3;7;15;7;17;5;20;4;22;2;24;0;24;-1;23;-2;22;-2;19;-2;17;-1;14;1;11;4;8;8;5;12;3;15;1;19;0;23;-1;27;-1;30;-1;32;-1;34;0;34;1;34;2;32;3;30;2;-121;0;7;9;7;9;6;8;6;8;6;9;6;9;7;9;8;8;8;7;8;6;7;6;7;6;7;6;7;6;8;6;8;6;8;5;8;5;7;5;7;5;7;5;7;6;7;6;7;5;7;5;7;5;6;5;6;5;2;1;0;0;-1;-1;-1;-1;0;-1;0;0;0;3;0;9;-1;9;-1;9;-1;9;-1;9;-1;9;-1;8;-2;8;-2;8;-2;9;-2;9;-2;9;-1;9;0;9;0;8;0;8;-1;8;0;8;0;9;1;9;2;9;3;9;3;8;3;8;3;9;3;10;4;10;4;11;-121;0;17;-17;17;-17;17;-17;17;-16;16;-16;15;-15;14;-15;13;-14;12;-15;11;-15;11;-15;11;-15;10;-14;10;-13;10;-13;9;-13;9;-13;9;-13;9;-13;9;-12;9;-11;9;-11;8;-10;8;-10;8;-9;8;-9;8;-9;9;-8;3;-3;1;-1;-1;0;-1;0;-1;0;0;-2;3;-4;8;-9;8;-9;8;-9;9;-9;9;-9;10;-9;11;-10;11;-10;12;-10;13;-10;13;-10;13;-10;13;-11;14;-11;14;-11;15;-11;15;-11;15;-11;15;-12;15;-12;15;-13;16;-14;16;-15;17;-16;18;-16;18;-17;18;-17;17;-17,transition,EXP_S052,ZONE_01,sortie_zone,4.7,sortie_zone,sortie de la zone
9665172612,-50,6,a0:9f:7a:73:2b:3e,384,-110;-96;8;0;-3;-17;-6;-12;-10;-7;-14;-3;-17;0;-21;2;-24;3;-27;4;-29;4;-30;3;-30;2;-29;0;-27;-1;-24;-2;-21;-3;-17;-3;-12;-2;-8;0;-5;3;-2;5;0;9;2;12;2;15;1;17;0;19;0;5;0;0;0;0;0;0;0;0;0;0;0;0;0;0;0;0;0;0;3;-2;15;-7;18;-7;21;-6;23;-4;24;-2;24;0;24;1;22;2;20;3;17;2;14;0;10;-2;8;-5;5;-9;3;-13;1;-17;0;-21;-1;-24;-1;-28;-2;-31;-1;-34;-1;-35;0;-36;0;-36;1;-34;1;-32;126;0;11;-5;11;-5;11;-5;11;-5;10;-5;10;-6;10;-6;10;-6;9;-6;9;-6;8;-7;8;-7;8;-7;8;-7;8;-7;8;-7;8;-7;7;-7;7;-7;7;-7;7;-7;7;-7;7;-6;7;-6;7;-6;7;-6;7;-6;7;-5;2;-2;0;-1;-1;0;-1;-1;-1;-1;1;0;3;0;9;1;9;2;9;2;9;2;9;2;9;2;9;2;9;3;9;3;9;3;9;3;9;3;9;3;8;2;8;2;8;2;8;1;9;1;9;0;9;0;10;-1;10;-1;10;-1;10;-2;11;-2;11;-3;11;-3;11;-3;126;0;-12;-22;-12;-22;-12;-21;-12;-21;-12;-20;-12;-19;-11;-18;-11;-17;-12;-16;-12;-16;-12;-15;-11;-15;-11;-14;-11;-14;-11;-14;-11;-13;-10;-13;-10;-13;-10;-13;-9;-13;-9;-12;-8;-12;-8;-11;-8;-11;-7;-11;-7;-11;-6;-11;-6;-11;-2;-4;-1;-2;0;0;0;0;0;0;-1;-2;-3;-4;-7;-11;-7;-11;-6;-11;-6;-12;-6;-12;-6;-13;-7;-14;-7;-14;-7;-15;-7;-15;-7;-16;-7;-16;-7;-17;-7;-17;-7;-17;-7;-17;-7;-18;-8;-18;-8;-19;-9;-19;-9;-19;-10;-20;-11;-20;-11;-21;-12;-22;-12;-22;-12;-22;-12;-22,transition,EXP_S052,ZONE_01,sortie_zone,4.7,sortie_zone,sortie de la zone
9665372504,-51,6,a0:9f:7a:73:2b:3e,384,-110;-96;8;0;-14;-10;-12;-4;-11;2;-11;7;-11;12;-12;16;-14;19;-15;21;-16;22;-17;22;-18;22;-18;20;-18;18;-17;15;-15;12;-13;10;-9;7;-5;5;-1;4;3;4;7;5;10;6;12;7;14;10;14;12;3;3;0;0;0;0;0;0;0;0;0;0;0;0;0;0;0;0;0;0;1;-4;5;-16;8;-17;11;-19;13;-19;15;-18;17;-17;17;-16;17;-14;15;-12;13;-11;10;-10;6;-9;2;-9;-3;-10;-7;-11;-11;-13;-14;-14;-18;-16;-20;-18;-23;-20;-24;-22;-25;-24;-25;-24;-25;-24;-23;-23;-22;-22;124;0;9;-23;9;-23;9;-22;9;-21;9;-21;8;-22;8;-22;6;-23;5;-22;4;-21;4;-21;4;-20;4;-20;5;-21;4;-22;3;-22;3;-22;2;-21;2;-21;3;-20;3;-19;3;-19;3;-19;3;-19;3;-19;3;-18;4;-17;4;-17;1;-6;0;-2;-1;0;-1;0;-1;0;1;-2;5;-5;14;-12;15;-12;16;-12;16;-11;16;-11;15;-11;15;-10;15;-10;16;-9;17;-9;17;-9;17;-10;16;-10;15;-11;14;-10;14;-10;14;-10;14;-11;14;-12;14;-14;13;-15;12;-16;12;-16;11;-17;12;-17;12;-18;13;-20;13;-21;124;0;-45;-14;-45;-14;-44;-14;-43;-14;-42;-13;-40;-12;-38;-11;-37;-9;-36;-8;-35;-8;-35;-7;-34;-7;-34;-7;-33;-7;-32;-7;-31;-6;-30;-6;-30;-6;-29;-7;-28;-7;-27;-7;-26;-8;-25;-7;-24;-7;-23;-7;-23;-8;-23;-9;-22;-10;-8;-4;-3;-2;0;0;1;0;0;0;-3;-1;-9;-2;-23;-4;-23;-5;-24;-6;-24;-6;-25;-6;-26;-7;-27;-8;-29;-9;-29;-10;-30;-11;-30;-12;-30;-12;-31;-13;-32;-13;-33;-14;-33;-14;-34;-15;-34;-15;-35;-14;-36;-14;-38;-13;-40;-13;-42;-13;-43;-13;-44;-14;-45;-15;-45;-15;-46;-15,transition,EXP_S052,ZONE_01,sortie_zone,4.7,sortie_zone,sortie de la zone
9665573236,-51,6,a0:9f:7a:73:2b:3e,384,-110;-96;8;0;-10;-13;-10;-7;-12;-2;-13;3;-15;7;-17;11;-20;13;-22;14;-23;15;-25;14;-25;13;-25;12;-23;10;-21;8;-19;6;-15;4;-11;3;-7;3;-3;4;1;5;4;7;6;10;8;12;8;14;8;16;2;4;0;0;0;0;0;0;0;0;0;0;0;0;0;0;0;0;0;0;2;-4;9;-13;12;-14;15;-14;18;-14;20;-13;21;-11;21;-10;20;-8;18;-6;15;-6;12;-6;8;-6;4;-8;0;-10;-3;-12;-6;-15;-9;-18;-11;-21;-13;-24;-15;-26;-15;-29;-15;-30;-15;-31;-15;-31;-13;-29;-12;-28;-123;0;10;-23;10;-22;10;-20;10;-19;10;-19;11;-20;10;-21;8;-22;7;-22;5;-21;5;-20;6;-19;7;-19;7;-20;7;-21;5;-22;4;-21;4;-20;4;-19;5;-18;5;-18;6;-18;6;-18;5;-19;5;-19;5;-18;5;-17;5;-16;2;-6;0;-2;-1;0;-1;0;-1;0;1;-2;5;-4;14;-11;15;-11;16;-11;16;-12;16;-12;15;-11;15;-10;15;-9;16;-8;17;-8;18;-9;17;-10;16;-11;15;-11;14;-10;13;-9;14;-9;14;-9;15;-11;15;-13;14;-15;13;-16;12;-16;12;-15;13;-15;14;-16;15;-18;16;-19;-123;0;-44;-16;-44;-16;-43;-16;-42;-16;-40;-16;-39;-15;-37;-14;-36;-12;-35;-11;-35;-10;-34;-10;-34;-10;-32;-10;-31;-10;-30;-10;-30;-9;-30;-9;-29;-9;-29;-9;-28;-10;-26;-10;-24;-10;-23;-10;-22;-9;-22;-9;-22;-10;-21;-11;-21;-12;-8;-5;-3;-2;0;0;1;0;0;0;-3;-1;-9;-2;-23;-5;-23;-6;-23;-6;-23;-6;-25;-7;-26;-7;-28;-8;-29;-9;-29;-11;-29;-12;-30;-12;-30;-12;-31;-13;-31;-13;-32;-14;-33;-15;-33;-16;-33;-16;-34;-16;-35;-15;-37;-14;-39;-14;-41;-14;-42;-15;-43;-16;-44;-17;-44;-17;-44;-18,transition,EXP_S052,ZONE_01,sortie_zone,4.7,sortie_zone,sortie de la zone
9665772259,-50,6,a0:9f:7a:73:2b:3e,384,-110;-96;8;0;-7;16;-1;13;5;10;11;9;16;9;21;9;24;9;27;10;28;11;29;12;28;13;26;14;24;15;20;14;17;13;13;11;9;7;7;3;5;-1;4;-6;4;-10;4;-14;5;-16;8;-18;9;-20;2;-5;0;0;0;0;0;0;0;0;0;0;0;0;0;0;0;0;0;0;-5;-1;-19;-3;-21;-5;-23;-8;-24;-10;-24;-13;-24;-15;-22;-16;-20;-16;-17;-15;-15;-12;-13;-9;-11;-5;-10;-1;-10;4;-10;9;-11;14;-12;18;-13;22;-15;26;-16;29;-18;31;-20;32;-20;32;-20;32;-20;30;-19;28;-121;0;-14;-5;-13;-5;-13;-5;-13;-5;-12;-5;-13;-5;-13;-4;-13;-4;-13;-3;-12;-3;-12;-2;-12;-2;-12;-2;-12;-2;-13;-2;-13;-2;-12;-2;-12;-2;-11;-2;-11;-2;-11;-2;-11;-2;-11;-2;-11;-2;-11;-2;-10;-2;-10;-3;-10;-3;-4;-1;-1;-1;0;0;0;0;0;0;-1;-1;-4;-3;-9;-8;-9;-8;-8;-8;-8;-9;-8;-9;-8;-8;-7;-8;-7;-9;-7;-9;-7;-9;-7;-9;-7;-9;-7;-9;-7;-8;-7;-8;-7;-8;-7;-8;-7;-8;-8;-8;-9;-8;-9;-7;-10;-7;-10;-7;-10;-7;-11;-7;-11;-7;-12;-7;-13;-7;-121;0;-5;26;-5;25;-5;25;-5;24;-5;23;-5;22;-4;21;-4;21;-3;20;-3;20;-3;19;-3;19;-3;18;-3;18;-3;17;-3;17;-3;16;-3;16;-3;15;-3;15;-4;14;-4;14;-4;13;-4;13;-4;13;-4;12;-5;12;-6;12;-2;4;-1;1;0;-1;-1;-1;0;-1;0;1;0;4;0;13;0;13;-1;13;-1;13;-2;14;-2;14;-2;15;-3;16;-3;16;-4;16;-4;17;-4;17;-4;17;-5;18;-5;18;-5;19;-5;19;-5;19;-5;20;-5;20;-5;21;-5;22;-5;23;-5;24;-5;25;-6;25;-6;25;-6;26,transition,EXP_S052,ZONE_01,sortie_zone,4.7,sortie_zone,sortie de la zone
9665973742,-51,6,a0:9f:7a:73:2b:3e,384,-110;-96;8;0;-15;10;-8;10;-2;12;4;14;8;16;12;19;15;21;16;23;17;25;17;26;16;27;14;27;11;25;9;23;7;20;5;16;4;12;4;7;4;2;6;-3;8;-6;11;-9;13;-11;16;-11;18;-11;4;-3;0;0;0;0;0;0;0;0;0;0;0;0;0;0;0;0;0;0;-4;-3;-15;-12;-15;-15;-16;-19;-15;-22;-14;-24;-12;-25;-10;-25;-8;-24;-7;-21;-6;-18;-6;-14;-7;-10;-9;-6;-11;-2;-14;2;-17;6;-20;9;-23;12;-27;14;-30;15;-32;16;-34;16;-35;16;-34;15;-33;14;-31;13;124;0;-12;-9;-11;-9;-11;-8;-11;-8;-11;-8;-11;-8;-11;-7;-11;-7;-11;-6;-11;-6;-11;-6;-11;-5;-11;-5;-11;-5;-11;-5;-11;-5;-11;-5;-11;-5;-11;-5;-10;-5;-10;-5;-10;-5;-10;-5;-10;-5;-10;-5;-9;-5;-9;-6;-9;-6;-3;-2;-1;-1;0;0;0;0;0;0;-1;-1;-3;-4;-7;-10;-6;-10;-6;-10;-5;-10;-5;-10;-5;-10;-5;-10;-4;-10;-4;-11;-4;-11;-4;-11;-4;-11;-4;-11;-4;-10;-4;-10;-5;-10;-5;-10;-5;-10;-6;-10;-6;-10;-7;-10;-7;-9;-8;-9;-8;-9;-9;-9;-9;-10;-10;-10;-10;-10;124;0;-13;23;-13;23;-13;22;-12;21;-12;21;-11;20;-10;19;-10;19;-9;18;-9;18;-8;18;-8;17;-8;17;-8;16;-8;16;-8;15;-8;15;-8;15;-8;14;-8;14;-8;13;-8;12;-7;12;-7;11;-8;11;-8;11;-8;10;-9;10;-4;3;-2;0;0;-1;0;-1;0;-1;-1;1;-2;4;-4;12;-4;12;-5;12;-5;12;-6;13;-6;13;-7;14;-7;14;-8;15;-8;15;-9;15;-9;15;-10;16;-10;16;-10;16;-11;16;-11;17;-11;17;-11;18;-11;18;-11;19;-11;20;-11;21;-12;22;-12;22;-12;22;-12;23;-12;23,transition,EXP_S052,ZONE_01,sortie_zone,4.7,sortie_zone,sortie de la zone
9666172607,-50,6,a0:9f:7a:73:2b:3e,384,-110;-96;8;0;4;-15;-1;-13;-6;-10;-11;-9;-15;-8;-19;-8;-23;-9;-25;-10;-27;-11;-27;-12;-26;-12;-25;-13;-23;-13;-20;-13;-17;-12;-13;-10;-10;-7;-7;-4;-5;0;-4;4;-4;8;-5;11;-6;14;-8;15;-9;16;-3;4;0;0;0;0;0;0;0;0;0;0;0;0;0;0;0;0;0;0;3;0;16;0;18;2;20;5;21;7;21;9;21;11;19;12;17;12;15;11;13;9;11;7;9;3;8;-1;8;-5;8;-10;8;-14;9;-18;10;-21;11;-24;13;-27;14;-29;15;-30;16;-30;16;-30;16;-28;15;-26;-127;0;24;3;23;3;23;3;22;3;22;3;22;2;22;1;22;0;22;-1;21;-2;20;-2;20;-2;20;-2;20;-2;20;-3;20;-4;20;-4;19;-4;19;-4;18;-4;18;-3;18;-3;18;-3;18;-3;17;-3;17;-3;17;-2;17;-2;6;-1;1;0;-1;0;-1;-1;-1;-1;1;1;5;4;14;11;14;12;14;13;13;13;13;13;13;13;12;13;12;13;12;14;12;14;12;15;12;14;13;13;13;13;12;12;12;12;12;11;13;11;14;11;16;10;17;9;18;8;18;8;18;7;19;7;20;7;21;8;22;7;-127;0;0;-48;0;-48;0;-47;0;-46;0;-44;-1;-42;-2;-40;-3;-38;-4;-37;-5;-36;-5;-35;-5;-35;-5;-34;-5;-33;-5;-32;-5;-32;-5;-31;-5;-31;-4;-30;-4;-29;-3;-28;-3;-27;-2;-26;-2;-25;-2;-25;-1;-24;0;-24;1;-24;0;-9;0;-3;0;0;0;1;-1;0;-1;-3;-1;-9;-2;-24;-1;-24;0;-25;0;-25;1;-26;1;-27;1;-28;2;-29;2;-31;3;-32;3;-32;4;-33;4;-33;4;-34;4;-35;5;-36;5;-37;4;-37;4;-38;3;-39;2;-40;2;-42;1;-44;1;-45;1;-46;1;-47;0;-48;0;-49,transition,EXP_S052,ZONE_01,sortie_zone,4.7,sortie_zone,sortie de la zone
9666373871,-51,6,a0:9f:7a:73:2b:3e,384,-110;-96;8;0;12;-9;7;-10;1;-11;-3;-13;-7;-16;-11;-18;-13;-20;-14;-23;-15;-24;-15;-25;-14;-25;-12;-25;-10;-24;-8;-22;-6;-19;-4;-15;-4;-11;-4;-7;-5;-3;-6;1;-9;4;-11;6;-13;8;-16;8;-18;7;-5;1;0;0;0;0;0;0;0;0;0;0;0;0;0;0;0;0;0;0;2;2;12;11;12;13;12;16;11;19;10;21;8;22;7;22;5;21;4;19;3;16;4;12;5;8;6;4;9;1;11;-2;14;-5;17;-8;20;-10;23;-12;26;-13;29;-13;30;-14;31;-13;30;-13;29;-12;27;-11;-122;0;17;16;17;16;16;15;15;15;15;15;16;15;17;14;18;13;18;11;17;10;17;10;16;10;16;10;17;11;17;11;18;10;18;9;18;9;17;9;16;9;16;9;16;9;16;9;16;9;15;8;15;8;14;9;13;9;4;3;1;1;-1;-1;-1;-2;-1;-1;0;1;2;6;6;17;5;18;5;19;4;19;4;19;4;18;3;18;3;18;2;18;2;18;2;19;3;19;3;18;4;18;3;17;3;16;3;16;3;17;5;18;6;18;8;18;9;17;10;16;10;16;10;17;11;18;12;19;14;20;-122;0;26;-39;26;-39;26;-38;25;-37;24;-36;23;-34;21;-33;19;-33;18;-32;17;-32;17;-31;16;-30;16;-29;15;-29;15;-28;14;-27;14;-27;14;-27;14;-26;14;-25;14;-24;14;-23;13;-21;13;-20;13;-20;14;-19;15;-18;15;-18;5;-7;1;-2;-1;0;-1;1;-1;0;1;-3;3;-8;11;-20;11;-20;12;-20;13;-21;13;-21;14;-22;15;-23;16;-24;17;-24;18;-25;19;-25;20;-25;21;-26;21;-26;22;-27;23;-27;23;-28;23;-28;23;-28;23;-30;23;-31;23;-33;24;-35;25;-36;26;-37;27;-37;27;-38;27;-38,transition,EXP_S052,ZONE_01,sortie_zone,4.7,sortie_zone,sortie de la zone
9666572386,-50,6,a0:9f:7a:73:2b:3e,384,-110;-96;8;0;12;-9;7;-10;1;-12;-4;-13;-8;-15;-12;-18;-14;-20;-16;-22;-16;-24;-16;-25;-15;-25;-13;-25;-11;-24;-9;-22;-7;-19;-5;-15;-4;-11;-4;-7;-5;-3;-6;1;-8;4;-11;7;-13;8;-16;9;-18;9;-5;2;0;0;0;0;0;0;0;0;0;0;0;0;0;0;0;0;0;0;3;2;12;10;13;13;13;16;12;19;11;21;9;22;8;22;6;21;5;19;4;15;4;12;5;8;7;4;9;1;12;-3;14;-6;17;-9;20;-11;24;-13;26;-14;29;-15;30;-15;30;-15;30;-14;29;-13;28;-12;123;0;13;20;13;20;13;19;14;19;14;18;14;17;14;17;15;16;15;15;15;14;15;13;15;13;15;13;16;12;16;12;16;12;16;12;16;12;15;12;15;12;15;12;15;11;14;11;14;11;14;11;13;12;13;12;12;12;4;4;1;1;-1;-1;-1;-2;-1;-1;0;2;1;6;4;19;3;19;2;19;1;19;0;19;0;19;0;19;-1;19;-1;19;-1;19;-1;19;-1;19;-1;18;0;18;0;18;1;18;1;18;2;18;3;18;4;18;5;18;6;18;7;19;8;19;9;20;10;20;10;20;11;20;123;0;33;-34;33;-34;32;-33;31;-32;30;-31;28;-30;27;-30;26;-29;24;-29;23;-28;22;-28;21;-28;20;-27;20;-27;19;-26;19;-26;19;-25;19;-24;19;-23;18;-22;18;-21;17;-20;17;-20;17;-19;17;-18;17;-17;17;-16;18;-15;6;-6;2;-2;-1;0;-1;1;-1;0;1;-3;4;-7;13;-19;14;-19;15;-19;17;-19;18;-19;19;-20;19;-20;20;-21;21;-21;22;-22;23;-22;24;-22;25;-23;26;-23;26;-23;27;-23;27;-24;28;-25;28;-26;28;-27;29;-28;30;-29;31;-31;31;-32;32;-33;32;-34;32;-35;32;-35,transition,EXP_S052,ZONE_01,sortie_zone,4.7,sortie_zone,sortie de la zone
9666772343,-50,6,a0:9f:7a:73:2b:3e,384,-110;-96;8;0;12;9;11;3;11;-3;11;-9;11;-14;12;-18;14;-21;15;-23;17;-24;18;-25;18;-24;19;-22;18;-20;17;-17;15;-14;12;-11;9;-8;4;-6;0;-5;-5;-5;-8;-6;-12;-7;-14;-9;-16;-11;-16;-13;-4;-4;0;0;0;0;0;0;0;0;0;0;0;0;0;0;0;0;0;0;-2;3;-8;15;-10;17;-14;18;-17;18;-19;17;-20;16;-21;14;-20;12;-18;10;-15;9;-12;8;-8;8;-3;8;1;9;6;10;10;12;13;14;17;17;20;19;22;22;23;23;24;25;24;26;23;26;22;25;20;23;-119;0;-5;25;-5;24;-5;23;-5;23;-5;23;-5;23;-4;24;-2;24;-1;23;0;22;0;21;0;21;0;21;0;22;1;22;2;22;2;22;2;21;2;20;1;20;1;19;1;20;1;20;1;20;1;19;1;19;0;18;-1;17;-1;6;-1;1;-1;-1;0;-1;0;-1;-2;1;-5;5;-14;15;-15;15;-16;14;-16;14;-16;14;-15;14;-15;13;-15;13;-16;12;-17;12;-17;13;-17;13;-16;14;-15;13;-14;13;-14;12;-14;12;-14;13;-14;15;-13;17;-12;18;-10;19;-10;19;-10;19;-10;19;-10;20;-11;22;-11;23;-119;0;48;1;49;1;48;1;47;1;45;1;43;1;41;0;39;-1;38;-2;38;-3;37;-4;35;-4;34;-3;33;-3;32;-3;32;-4;31;-4;31;-4;30;-3;30;-3;29;-2;27;-1;26;-1;25;-1;25;-1;24;0;24;2;24;3;8;1;2;0;-1;0;-2;0;-1;-1;2;-1;9;-1;24;-1;24;-1;24;0;24;1;26;1;27;1;29;2;30;2;31;3;32;4;32;4;33;4;34;4;35;4;35;5;36;5;37;6;37;6;38;5;39;4;41;3;42;2;44;2;46;2;48;3;48;2;49;2;49;2,transition,EXP_S052,ZONE_01,sortie_zone,4.7,sortie_zone,sortie de la zone
9666974040,-51,6,a0:9f:7a:73:2b:3e,384,-110;-96;8;0;-15;-8;-13;-3;-11;3;-11;8;-11;13;-11;17;-13;20;-14;22;-15;23;-16;23;-17;22;-18;21;-18;18;-17;16;-15;13;-12;10;-9;7;-5;6;0;5;4;4;7;5;10;6;12;8;14;10;14;12;3;3;0;0;0;0;0;0;0;0;0;0;0;0;0;0;0;0;0;0;0;-4;3;-16;5;-18;8;-20;11;-21;13;-20;15;-19;15;-18;15;-16;14;-14;11;-12;8;-11;5;-10;1;-9;-4;-10;-8;-10;-12;-12;-15;-13;-19;-15;-22;-16;-25;-18;-26;-20;-27;-21;-27;-22;-26;-22;-24;-22;-23;-21;124;0;9;-22;9;-22;9;-21;9;-21;8;-21;8;-21;7;-21;6;-21;5;-21;4;-21;4;-20;4;-20;4;-20;4;-21;3;-21;3;-21;2;-21;2;-21;2;-20;2;-20;3;-19;3;-19;3;-19;2;-19;2;-18;2;-18;3;-17;3;-17;1;-6;0;-2;-1;0;-1;0;-1;0;1;-2;5;-5;15;-12;15;-11;16;-11;16;-10;16;-10;16;-10;16;-10;16;-9;16;-9;17;-9;17;-9;17;-9;16;-9;16;-9;15;-9;14;-9;14;-9;14;-10;14;-11;14;-13;14;-14;13;-15;13;-16;13;-16;13;-17;13;-18;13;-19;13;-20;124;0;-46;-14;-45;-14;-45;-14;-44;-13;-42;-12;-41;-11;-39;-10;-38;-9;-37;-8;-36;-7;-36;-7;-35;-6;-34;-6;-33;-6;-32;-6;-32;-5;-31;-5;-30;-5;-30;-6;-29;-6;-28;-6;-27;-6;-26;-6;-25;-6;-24;-7;-24;-7;-23;-8;-23;-9;-9;-4;-3;-2;0;0;1;0;0;0;-3;-1;-9;-2;-23;-5;-24;-6;-24;-7;-24;-8;-25;-8;-26;-9;-27;-9;-28;-10;-29;-11;-30;-12;-30;-12;-31;-13;-31;-14;-32;-14;-33;-15;-33;-15;-34;-15;-34;-15;-35;-15;-36;-15;-38;-14;-40;-14;-42;-14;-43;-14;-44;-15;-45;-15;-46;-15;-46;-15,transition,EXP_S052,ZONE_01,sortie_zone,4.7,sortie_zone,sortie de la zone
9667172515,-51,6,a0:9f:7a:73:2b:3e,384,-110;-96;8;0;4;-17;-1;-13;-7;-11;-12;-9;-17;-8;-22;-7;-26;-7;-28;-8;-30;-9;-30;-10;-30;-11;-28;-12;-26;-13;-23;-12;-19;-11;-15;-9;-11;-7;-8;-3;-5;1;-4;5;-3;9;-3;13;-4;16;-6;18;-7;20;-2;5;0;0;0;0;0;0;0;0;0;0;0;0;0;0;0;0;0;0;4;0;18;2;20;4;22;7;23;10;23;12;22;14;21;15;18;15;16;14;13;11;11;8;10;4;9;-1;8;-5;8;-10;9;-15;10;-19;11;-23;12;-27;14;-30;15;-32;17;-33;17;-34;18;-33;17;-31;16;-29;-126;0;13;-2;13;-2;12;-2;12;-2;12;-2;12;-2;12;-3;12;-3;12;-4;11;-4;10;-4;10;-4;10;-4;10;-4;11;-4;11;-5;10;-5;10;-5;9;-5;9;-4;9;-4;9;-4;9;-4;9;-4;9;-4;9;-4;9;-4;8;-3;3;-1;0;-1;-1;0;-1;-1;-1;-1;1;0;3;1;9;4;9;5;9;5;9;5;9;5;9;5;8;5;8;5;8;6;8;6;8;6;8;6;9;6;8;5;8;5;8;5;8;4;8;4;9;4;10;3;10;3;11;2;11;1;11;1;11;1;12;1;12;1;13;1;-126;0;-7;-26;-6;-26;-6;-25;-6;-25;-6;-23;-6;-22;-6;-21;-7;-20;-7;-20;-7;-19;-7;-19;-7;-18;-7;-18;-7;-17;-7;-17;-7;-16;-7;-16;-7;-16;-6;-16;-6;-16;-5;-15;-5;-15;-5;-14;-5;-13;-4;-13;-4;-13;-3;-13;-3;-13;-1;-5;-1;-2;0;0;0;0;0;0;-1;-2;-2;-5;-4;-13;-4;-13;-3;-13;-3;-13;-3;-14;-3;-15;-3;-16;-3;-16;-3;-17;-3;-17;-3;-18;-3;-18;-3;-19;-3;-19;-3;-19;-2;-20;-2;-20;-3;-20;-3;-21;-4;-21;-4;-22;-5;-23;-5;-24;-6;-25;-6;-25;-6;-26;-6;-26;-6;-26,transition,EXP_S052,ZONE_01,sortie_zone,4.7,sortie_zone,sortie de la zone
9667372315,-51,6,a0:9f:7a:73:2b:3e,384,-110;-96;8;0;-16;7;-10;8;-4;11;1;13;5;16;8;19;10;22;11;25;11;27;11;28;9;28;8;27;6;26;4;23;3;20;2;16;1;12;2;7;4;2;6;-2;9;-5;12;-7;14;-7;17;-7;19;-6;4;-2;0;0;0;0;0;0;0;0;0;0;0;0;0;0;0;0;0;0;-3;-4;-11;-14;-11;-17;-11;-20;-10;-23;-8;-25;-6;-25;-5;-25;-3;-24;-2;-21;-2;-18;-3;-15;-5;-11;-7;-7;-10;-4;-13;0;-17;2;-21;5;-24;6;-28;8;-31;9;-33;9;-35;9;-36;8;-35;8;-33;7;-31;6;127;0;-10;-10;-10;-10;-9;-9;-9;-9;-9;-9;-9;-9;-10;-8;-10;-8;-10;-7;-10;-7;-10;-6;-10;-6;-10;-7;-10;-7;-10;-6;-11;-6;-10;-6;-10;-5;-10;-5;-10;-5;-9;-6;-9;-6;-9;-6;-9;-5;-9;-5;-9;-5;-8;-6;-8;-6;-3;-2;-1;-1;0;0;0;0;0;0;-1;-2;-2;-4;-4;-10;-3;-11;-3;-11;-3;-11;-3;-11;-2;-11;-2;-10;-2;-10;-2;-10;-2;-11;-2;-11;-2;-11;-2;-11;-2;-10;-2;-10;-2;-10;-3;-10;-3;-10;-3;-10;-4;-10;-5;-10;-6;-10;-6;-10;-6;-10;-6;-10;-7;-10;-7;-11;-8;-11;127;0;-15;19;-15;19;-15;19;-14;19;-14;18;-13;17;-12;17;-11;16;-11;16;-10;16;-10;16;-10;15;-9;15;-9;15;-9;14;-9;14;-8;14;-8;13;-8;13;-8;13;-8;12;-8;11;-8;11;-8;10;-8;10;-8;10;-9;9;-9;9;-4;3;-2;0;0;-1;0;-1;0;-1;-1;1;-3;3;-7;10;-7;10;-8;10;-8;10;-8;10;-9;11;-9;11;-10;12;-11;12;-11;12;-12;12;-12;12;-12;13;-13;13;-13;13;-13;13;-13;14;-13;14;-13;14;-13;15;-14;16;-14;17;-14;18;-15;18;-15;19;-15;19;-16;20;-15;20,transition,EXP_S052,ZONE_01,sortie_zone,4.7,sortie_zone,sortie de la zone
9667574775,-51,6,a0:9f:7a:73:2b:3e,384,-110;-96;8;0;7;15;8;9;11;4;14;-1;17;-6;20;-9;23;-11;25;-12;27;-12;29;-11;29;-10;28;-8;27;-7;24;-5;21;-3;16;-2;12;-2;7;-3;3;-5;-1;-7;-4;-10;-6;-13;-6;-16;-6;-19;-6;-21;-2;-6;0;0;0;0;0;0;0;0;0;0;0;0;0;0;0;0;0;0;-4;2;-14;11;-17;11;-21;11;-23;10;-25;8;-26;6;-26;5;-24;3;-22;2;-18;2;-15;2;-11;4;-7;6;-4;9;0;13;2;17;4;20;6;24;8;27;9;30;9;33;9;35;9;35;8;35;7;34;6;32;127;0;-11;8;-10;8;-10;7;-10;7;-10;7;-10;7;-10;8;-9;8;-8;9;-8;8;-7;8;-7;8;-7;8;-8;8;-8;8;-8;9;-7;9;-7;9;-6;8;-6;8;-7;7;-7;7;-7;7;-7;8;-6;8;-6;7;-6;7;-7;6;-3;2;-1;0;0;-1;0;-1;0;-1;-2;0;-4;0;-11;1;-11;1;-11;1;-11;1;-11;0;-11;0;-10;0;-10;0;-11;-1;-11;-1;-11;-1;-11;-1;-11;0;-11;0;-10;0;-10;0;-10;0;-10;0;-11;1;-11;2;-11;3;-11;4;-10;4;-10;4;-10;4;-11;4;-12;5;-12;6;127;0;18;17;18;17;18;17;17;16;17;16;16;15;15;14;15;13;15;12;15;11;15;11;14;11;14;11;14;10;13;10;13;9;13;9;13;9;13;9;12;9;11;9;10;9;10;9;9;8;9;8;9;9;8;9;8;10;2;3;0;1;-1;-1;-1;-1;-1;-1;1;0;3;2;10;7;9;8;9;8;9;8;10;9;10;9;11;10;11;11;11;12;11;12;11;12;11;13;11;13;12;13;12;14;12;14;12;15;13;15;13;15;14;15;14;15;15;15;16;16;17;16;17;17;18;17;18;17;18;17,transition,EXP_S052,ZONE_01,sortie_zone,4.7,sortie_zone,sortie de la zone
9667773169,-50,6,a0:9f:7a:73:2b:3e,384,-110;-96;8;0;-5;16;0;13;6;10;12;7;17;6;22;5;26;5;28;6;30;7;30;8;30;9;29;10;26;11;23;10;19;10;15;8;11;5;7;2;5;-2;3;-7;1;-11;1;-14;2;-17;4;-20;6;-21;1;-6;0;0;0;0;0;0;0;0;0;0;0;0;0;0;0;0;0;0;-5;-1;-19;-2;-21;-4;-24;-6;-25;-9;-25;-11;-25;-13;-23;-15;-21;-15;-18;-14;-16;-12;-13;-8;-12;-4;-10;0;-9;5;-9;10;-9;15;-10;19;-11;24;-12;27;-13;31;-15;33;-16;34;-17;34;-17;33;-17;32;-16;30;-124;0;-15;2;-14;2;-14;1;-13;1;-13;1;-14;1;-14;2;-13;3;-13;3;-12;4;-12;4;-11;4;-12;3;-12;4;-12;4;-12;4;-11;4;-11;4;-11;4;-10;4;-10;3;-10;3;-11;3;-10;4;-10;3;-10;3;-10;3;-10;2;-4;0;-1;0;0;-1;0;0;0;0;-2;-1;-4;-2;-11;-4;-11;-4;-11;-5;-11;-5;-11;-5;-10;-5;-10;-5;-10;-6;-10;-6;-10;-6;-10;-7;-10;-6;-10;-6;-10;-5;-10;-5;-10;-5;-10;-5;-10;-5;-11;-4;-11;-4;-12;-3;-12;-2;-12;-2;-12;-1;-12;-1;-13;-1;-14;-1;-14;-1;-124;0;7;25;7;25;7;24;7;23;6;23;6;22;6;20;6;19;7;19;7;18;7;18;7;17;7;17;7;16;6;16;6;16;6;15;6;15;6;15;5;15;5;14;4;14;4;13;4;13;4;13;3;13;2;13;2;13;0;4;0;1;-1;-1;-1;-1;-1;-1;0;1;1;4;5;11;4;12;4;12;4;13;4;13;4;14;4;15;4;15;3;16;3;16;3;17;3;17;3;17;3;18;3;19;3;19;3;19;3;20;4;20;4;20;5;21;6;22;6;23;6;23;6;24;7;25;7;25;7;25,transition,EXP_S052,ZONE_01,sortie_zone,4.7,sortie_zone,sortie de la zone
9667973080,-51,6,a0:9f:7a:73:2b:3e,384,-110;-96;8;0;-16;0;-12;3;-8;7;-5;12;-2;16;0;20;0;23;0;25;0;27;-1;28;-2;27;-3;26;-4;24;-5;22;-5;18;-4;14;-3;11;-1;7;2;3;5;1;9;-1;12;-2;15;-2;17;-1;18;0;4;0;0;0;0;0;0;0;0;0;0;0;0;0;0;0;0;0;0;0;-1;-4;-4;-16;-3;-19;-1;-22;1;-23;3;-24;5;-24;6;-23;7;-21;6;-19;5;-16;3;-13;0;-11;-3;-8;-7;-7;-11;-5;-15;-5;-19;-4;-23;-4;-27;-4;-30;-4;-32;-5;-33;-6;-34;-6;-33;-7;-31;-7;-29;-6;-126;0;-4;-12;-3;-12;-3;-12;-3;-11;-3;-11;-3;-12;-4;-12;-4;-11;-5;-11;-5;-10;-5;-10;-5;-10;-5;-10;-5;-10;-5;-10;-6;-10;-6;-10;-6;-9;-5;-9;-5;-9;-4;-9;-4;-9;-5;-9;-5;-9;-5;-9;-5;-8;-4;-8;-4;-8;-2;-3;-1;-1;0;0;-1;0;-1;0;0;-2;0;-4;2;-10;3;-10;3;-10;3;-10;3;-10;3;-9;3;-9;3;-9;4;-9;4;-9;4;-9;4;-9;3;-10;3;-9;3;-9;3;-8;3;-9;3;-9;2;-10;2;-10;1;-11;0;-11;0;-10;0;-10;0;-11;-1;-11;-1;-12;-1;-13;-126;0;-22;8;-22;8;-22;8;-21;7;-20;7;-19;7;-18;7;-17;7;-17;7;-16;8;-16;8;-16;7;-15;7;-15;7;-14;7;-14;6;-14;6;-14;6;-13;6;-13;6;-13;5;-13;5;-12;4;-12;4;-11;4;-11;4;-12;3;-12;3;-5;1;-2;0;0;-1;0;-1;0;-1;-2;0;-4;1;-11;4;-11;4;-11;4;-12;4;-12;4;-13;4;-14;4;-14;4;-15;4;-15;4;-15;3;-16;4;-16;4;-17;4;-17;4;-17;4;-18;4;-18;4;-18;4;-18;5;-19;6;-20;6;-21;7;-21;7;-22;7;-22;7;-22;8;-22;8,transition,EXP_S052,ZONE_01,sortie_zone,4.7,sortie_zone,sortie de la zone
9668172814,-50,6,a0:9f:7a:73:2b:3e,384,-110;-96;8;0;14;-10;8;-11;1;-13;-4;-15;-9;-17;-13;-20;-16;-22;-17;-25;-18;-27;-18;-28;-17;-28;-15;-28;-12;-26;-10;-24;-8;-21;-6;-17;-5;-12;-5;-7;-5;-3;-7;2;-9;5;-12;8;-14;10;-17;10;-19;10;-5;2;0;0;0;0;0;0;0;0;0;0;0;0;0;0;0;0;0;0;3;3;12;13;13;16;13;19;12;22;10;24;9;25;7;25;5;23;4;21;4;18;4;14;5;10;7;5;10;1;13;-3;16;-6;20;-9;23;-11;27;-13;30;-15;32;-16;34;-16;35;-16;35;-15;33;-13;31;-13;-127;0;8;10;8;10;8;9;8;9;8;9;8;8;9;8;9;8;9;7;9;6;9;6;9;6;9;6;9;5;10;5;10;5;10;5;10;5;9;5;9;5;9;5;9;5;9;4;9;4;9;4;8;4;8;4;8;5;2;1;0;0;-1;-1;-1;-1;0;-1;0;1;0;3;0;10;0;10;0;10;-1;10;-1;10;-1;10;-1;10;-1;10;-1;10;-1;10;-1;10;-1;10;-1;10;0;10;0;10;0;10;0;10;1;10;2;10;2;10;3;10;3;10;4;10;5;10;5;10;6;10;6;11;6;11;-127;0;17;-21;16;-21;16;-20;16;-20;15;-20;14;-19;13;-18;12;-18;11;-18;10;-17;10;-17;9;-17;9;-17;9;-17;8;-16;8;-16;8;-16;8;-15;8;-15;8;-14;7;-14;7;-13;7;-13;7;-12;7;-12;7;-12;7;-11;8;-11;2;-4;0;-2;-1;0;-1;0;-1;0;0;-2;3;-4;8;-10;9;-10;9;-10;9;-10;10;-10;11;-10;11;-11;12;-11;12;-11;13;-12;13;-12;14;-12;14;-12;14;-13;15;-13;15;-13;15;-14;15;-14;15;-15;15;-16;16;-16;16;-17;16;-18;17;-19;17;-19;17;-20;17;-20;17;-21,transition,EXP_S052,ZONE_01,sortie_zone,4.7,sortie_zone,sortie de la zone
9668373564,-51,6,a0:9f:7a:73:2b:3e,384,-110;-96;8;0;-1;-18;-5;-13;-10;-9;-14;-6;-19;-3;-23;-1;-27;-1;-30;-1;-31;-1;-32;-2;-32;-4;-31;-5;-28;-6;-25;-7;-21;-6;-17;-6;-13;-4;-8;-1;-5;2;-2;6;-1;10;0;13;0;17;-2;19;-3;21;-1;5;0;0;0;0;0;0;0;0;0;0;0;0;0;0;0;0;0;0;4;-2;17;-5;20;-3;23;-1;25;1;26;3;26;5;25;7;23;8;20;7;17;6;14;4;11;0;8;-4;6;-8;5;-13;4;-17;4;-22;4;-26;4;-30;4;-33;5;-36;6;-37;7;-38;8;-37;7;-35;7;-33;-120;0;13;-3;13;-3;12;-3;12;-3;12;-3;12;-3;12;-4;12;-4;11;-5;10;-5;10;-5;10;-5;10;-5;10;-5;10;-5;10;-6;10;-6;9;-6;9;-6;9;-5;9;-5;9;-5;9;-5;9;-5;9;-5;9;-5;8;-4;8;-4;3;-2;0;-1;-1;0;-1;-1;-1;-1;1;0;3;0;10;2;10;3;10;3;10;3;10;3;10;3;9;3;9;4;9;4;9;4;10;4;10;4;10;4;9;3;9;3;9;3;9;3;9;3;10;3;10;2;11;1;11;0;11;0;11;0;11;0;12;0;13;0;13;-1;-120;0;-10;-25;-10;-25;-9;-24;-9;-24;-9;-23;-9;-22;-9;-21;-9;-20;-9;-19;-9;-19;-9;-18;-9;-18;-9;-17;-9;-17;-8;-16;-8;-16;-8;-16;-8;-16;-8;-15;-7;-15;-7;-15;-6;-14;-6;-14;-6;-13;-5;-13;-5;-13;-4;-13;-4;-13;-1;-5;-1;-2;0;0;0;0;0;0;-1;-2;-3;-5;-7;-12;-6;-12;-6;-12;-6;-13;-6;-13;-6;-14;-6;-15;-6;-16;-6;-16;-6;-17;-6;-17;-6;-18;-6;-18;-6;-18;-6;-19;-6;-20;-6;-20;-6;-20;-6;-20;-7;-21;-7;-21;-8;-22;-9;-23;-9;-24;-9;-24;-10;-25;-10;-25;-10;-25,transition,EXP_S052,ZONE_01,sortie_zone,4.7,sortie_zone,sortie de la zone
9668574778,-51,6,a0:9f:7a:73:2b:3e,384,-110;-96;8;0;-10;14;-4;13;2;12;8;12;13;13;18;14;21;15;23;17;24;18;24;19;23;20;21;20;19;20;16;19;13;17;10;13;7;9;6;5;5;0;5;-5;7;-8;8;-11;10;-14;13;-15;15;-15;4;-4;0;0;0;0;0;0;0;0;0;0;0;0;0;0;0;0;0;0;-5;-1;-18;-5;-20;-7;-22;-10;-23;-13;-23;-16;-22;-18;-20;-19;-17;-18;-15;-17;-13;-14;-12;-10;-11;-6;-10;-2;-11;3;-12;7;-13;12;-15;16;-17;19;-20;23;-22;25;-24;27;-25;27;-26;27;-26;27;-25;25;-24;24;125;0;-23;-16;-23;-16;-22;-15;-22;-15;-22;-14;-22;-13;-22;-13;-22;-12;-22;-11;-22;-10;-22;-9;-22;-9;-22;-9;-22;-9;-22;-9;-22;-9;-21;-8;-21;-8;-21;-8;-20;-8;-20;-8;-19;-8;-19;-8;-19;-8;-19;-8;-18;-9;-18;-10;-17;-11;-6;-4;-2;-2;0;0;0;0;0;0;-2;-2;-5;-6;-14;-16;-14;-17;-13;-18;-12;-19;-11;-19;-11;-19;-10;-19;-10;-19;-9;-20;-9;-20;-9;-20;-9;-20;-10;-20;-10;-19;-10;-19;-10;-18;-10;-18;-11;-18;-12;-18;-13;-17;-14;-17;-15;-17;-16;-17;-17;-16;-18;-16;-19;-16;-20;-17;-21;-17;125;0;-22;48;-21;47;-21;46;-20;44;-20;43;-18;42;-17;40;-16;39;-15;38;-15;37;-14;36;-14;35;-14;35;-13;34;-13;33;-12;32;-12;32;-13;31;-13;30;-13;29;-13;28;-13;26;-13;25;-13;24;-14;23;-15;22;-15;22;-16;21;-6;7;-2;2;0;-1;0;-2;0;-1;-1;2;-2;8;-5;24;-6;25;-7;26;-8;26;-9;27;-9;28;-10;29;-11;30;-12;31;-13;32;-14;32;-15;32;-16;33;-17;33;-18;34;-18;35;-18;36;-18;36;-18;37;-18;39;-18;40;-18;42;-19;44;-19;45;-20;46;-21;47;-22;48;-22;49,transition,EXP_S052,ZONE_01,sortie_zone,4.7,sortie_zone,sortie de la zone
9668772597,-50,6,a0:9f:7a:73:2b:3e,384,-110;-96;8;0;-1;-16;-5;-11;-9;-7;-13;-4;-17;-1;-21;0;-25;1;-27;1;-28;1;-29;0;-29;-1;-28;-2;-26;-3;-23;-4;-20;-5;-16;-4;-12;-3;-8;-1;-4;2;-2;5;0;9;1;12;1;15;1;17;0;19;-1;4;0;0;0;0;0;0;0;0;0;0;0;0;0;0;0;0;0;0;3;-2;16;-4;18;-3;21;-2;23;1;24;3;24;5;23;6;21;6;18;6;15;5;12;3;10;0;7;-3;6;-7;4;-12;3;-16;2;-20;2;-24;2;-27;2;-30;3;-33;4;-34;5;-34;5;-34;5;-32;5;-30;-122;0;12;-3;12;-3;11;-3;11;-3;11;-3;11;-3;11;-3;11;-4;10;-4;10;-4;9;-4;9;-4;9;-4;9;-4;9;-5;9;-5;9;-5;9;-5;8;-5;8;-5;8;-4;8;-4;9;-4;8;-4;8;-4;8;-4;8;-4;8;-3;2;-1;0;-1;-1;0;-1;-1;-1;-1;1;0;3;0;9;2;9;2;9;3;9;3;9;3;9;3;9;3;8;3;8;4;8;4;8;4;8;4;8;3;8;3;8;3;8;3;8;3;8;3;9;2;9;2;10;1;10;0;10;0;10;0;11;0;11;0;11;-1;12;-1;-122;0;-8;-23;-8;-23;-8;-22;-8;-22;-8;-21;-7;-20;-8;-19;-8;-18;-8;-17;-8;-17;-8;-16;-8;-16;-8;-16;-7;-16;-7;-15;-7;-15;-7;-15;-7;-15;-6;-14;-6;-14;-5;-14;-5;-13;-5;-13;-4;-12;-4;-12;-4;-12;-3;-12;-3;-12;-1;-5;-1;-2;0;0;0;0;0;0;-1;-2;-3;-4;-6;-11;-6;-11;-6;-11;-5;-12;-5;-12;-6;-13;-6;-13;-6;-14;-5;-15;-5;-15;-5;-16;-5;-16;-5;-16;-5;-17;-5;-17;-5;-18;-5;-18;-5;-18;-6;-19;-6;-19;-7;-19;-7;-20;-7;-21;-8;-21;-8;-22;-8;-23;-9;-23;-9;-23,transition,EXP_S052,ZONE_01,sortie_zone,4.7,sortie_zone,sortie de la zone
9668972382,-51,6,a0:9f:7a:73:2b:3e,384,-110;-96;8;0;-14;10;-8;10;-2;12;4;13;9;16;13;18;16;20;18;22;18;24;18;25;17;26;15;26;13;25;11;23;8;19;6;16;5;11;4;6;5;1;6;-3;7;-7;10;-10;12;-12;15;-13;17;-13;4;-4;0;0;0;0;0;0;0;0;0;0;0;0;0;0;0;0;0;0;-4;-3;-14;-14;-14;-16;-14;-20;-13;-23;-12;-25;-10;-26;-9;-26;-7;-24;-5;-22;-5;-18;-5;-15;-6;-10;-8;-6;-11;-2;-14;2;-17;5;-21;8;-24;11;-27;13;-30;15;-33;16;-34;16;-35;15;-35;15;-33;14;-31;13;-123;0;-11;-11;-10;-10;-10;-10;-10;-10;-10;-9;-10;-9;-11;-9;-11;-8;-11;-8;-11;-7;-11;-6;-11;-6;-11;-6;-11;-6;-11;-6;-11;-6;-11;-5;-11;-5;-10;-5;-10;-5;-10;-5;-10;-5;-10;-5;-10;-5;-10;-5;-10;-5;-9;-5;-9;-6;-4;-2;-1;-1;0;0;0;0;0;0;-1;-2;-2;-4;-4;-11;-3;-11;-3;-11;-2;-12;-2;-11;-2;-11;-1;-11;-1;-11;-1;-11;-1;-11;-1;-12;-1;-12;-2;-11;-2;-11;-2;-11;-2;-11;-2;-11;-3;-11;-3;-11;-4;-11;-5;-11;-6;-11;-6;-10;-6;-10;-7;-11;-8;-11;-8;-11;-9;-11;-123;0;-16;21;-16;21;-15;20;-15;20;-14;19;-13;18;-12;18;-12;18;-11;17;-10;17;-10;17;-9;17;-9;16;-9;16;-8;16;-8;15;-8;15;-8;15;-8;14;-8;14;-8;13;-8;13;-7;12;-7;12;-7;11;-7;11;-8;11;-8;10;-3;3;-1;1;0;-1;0;-1;0;-1;-1;1;-3;3;-8;10;-8;10;-9;10;-9;10;-10;10;-10;11;-11;11;-11;11;-12;12;-13;12;-13;12;-13;12;-14;12;-14;13;-14;13;-14;14;-14;14;-14;14;-14;15;-15;16;-15;17;-15;17;-15;18;-15;19;-16;20;-16;20;-16;21;-16;21,transition,EXP_S052,ZONE_01,sortie_zone,4.7,sortie_zone,sortie de la zone
9669172367,-50,6,a0:9f:7a:73:2b:3e,384,-110;-96;8;0;-4;15;1;12;6;9;11;7;15;6;19;5;23;5;25;6;27;7;27;8;26;9;25;10;23;10;20;10;17;9;13;7;10;5;7;2;4;-2;3;-6;2;-10;3;-13;4;-15;5;-17;7;-18;1;-5;0;0;0;0;0;0;0;0;0;0;0;0;0;0;0;0;0;0;-4;0;-17;0;-19;-2;-22;-4;-23;-7;-23;-9;-23;-11;-22;-12;-20;-12;-17;-11;-15;-9;-13;-7;-11;-3;-10;0;-9;5;-8;9;-8;14;-9;18;-10;21;-10;25;-11;28;-12;30;-14;31;-15;31;-15;30;-15;28;-14;27;-127;0;-25;-1;-25;-1;-24;-1;-23;-2;-23;-2;-23;-1;-24;0;-24;1;-23;2;-22;3;-21;4;-21;3;-21;3;-21;3;-22;4;-22;4;-21;5;-20;5;-19;5;-19;4;-18;3;-19;3;-19;3;-18;4;-18;4;-18;4;-17;3;-17;2;-6;0;-2;0;0;-1;1;0;0;0;-2;-1;-6;-4;-17;-10;-17;-11;-17;-12;-17;-12;-17;-12;-16;-12;-15;-12;-15;-13;-14;-14;-14;-14;-15;-14;-15;-14;-16;-13;-16;-12;-15;-11;-15;-11;-15;-11;-16;-11;-17;-11;-18;-10;-19;-8;-20;-7;-20;-6;-20;-6;-21;-6;-22;-6;-24;-6;-25;-6;-127;0;6;47;6;47;5;46;5;45;5;43;5;41;5;39;6;37;7;36;7;35;7;34;7;34;7;33;7;32;8;31;8;30;7;29;7;29;6;29;6;28;5;27;5;26;4;25;4;24;3;24;3;24;1;24;0;24;0;8;-1;2;-1;-1;-1;-2;-1;-1;0;2;1;8;4;23;4;23;3;24;3;24;2;25;2;26;2;28;1;29;1;30;0;31;0;31;0;32;-1;32;-1;34;-1;35;-1;36;0;36;0;37;0;37;1;38;2;39;3;41;4;43;4;44;4;46;4;46;4;47;5;48,transition,EXP_S052,ZONE_01,sortie_zone,4.7,sortie_zone,sortie de la zone
9669372296,-50,6,a0:9f:7a:73:2b:3e,384,-110;-96;8;0;7;-16;1;-14;-5;-12;-11;-11;-16;-11;-21;-12;-24;-13;-26;-15;-28;-16;-28;-16;-28;-17;-26;-18;-23;-18;-20;-17;-16;-15;-13;-13;-10;-9;-8;-5;-6;0;-6;4;-6;9;-7;12;-8;15;-10;17;-12;17;-4;4;0;0;0;0;0;0;0;0;0;0;0;0;0;0;0;0;0;0;4;0;17;4;19;7;21;10;22;13;22;15;21;17;19;18;17;18;14;16;12;13;11;10;9;5;9;1;9;-4;10;-9;12;-14;13;-18;15;-22;17;-25;19;-28;21;-30;23;-30;23;-31;23;-30;22;-29;21;-27;125;0;25;11;25;10;24;10;24;9;23;9;23;8;23;7;23;6;23;5;23;4;23;4;22;3;22;3;23;3;23;3;23;2;23;2;22;2;22;2;21;2;21;2;21;2;20;2;20;2;20;2;19;3;19;3;18;4;6;1;1;0;-1;-1;-1;-1;-1;-1;1;1;5;5;14;16;13;17;12;17;12;18;12;18;12;18;11;18;11;18;10;18;10;19;10;19;11;18;11;18;11;17;11;17;11;16;11;16;12;16;13;16;14;16;16;15;17;14;18;14;19;14;20;14;21;14;22;13;22;13;125;0;12;-52;12;-52;12;-51;11;-50;10;-48;9;-46;8;-45;7;-43;6;-42;5;-41;4;-40;4;-39;4;-38;3;-37;3;-37;3;-36;3;-35;4;-34;4;-33;4;-33;5;-31;5;-30;5;-29;5;-28;5;-27;6;-27;7;-26;8;-26;3;-9;1;-3;-1;0;-1;1;-1;0;0;-3;0;-10;3;-26;4;-27;5;-27;6;-28;6;-29;7;-30;7;-31;8;-32;9;-33;10;-34;10;-35;11;-35;12;-36;12;-37;13;-37;13;-38;13;-39;13;-40;13;-41;12;-42;12;-44;12;-45;12;-47;12;-49;12;-50;12;-51;12;-52;12;-53,transition,EXP_S052,ZONE_01,sortie_zone,4.7,sortie_zone,sortie de la zone
9669575094,-50,6,a0:9f:7a:73:2b:3e,384,-110;-96;8;0;4;-18;-1;-14;-7;-11;-13;-9;-18;-8;-23;-8;-26;-8;-29;-9;-30;-10;-31;-11;-30;-12;-29;-13;-26;-13;-23;-13;-19;-12;-15;-10;-11;-7;-8;-3;-6;1;-5;5;-4;9;-4;13;-5;16;-7;18;-9;19;-3;5;0;0;0;0;0;0;0;0;0;0;0;0;0;0;0;0;0;0;4;-1;18;0;21;2;23;5;24;7;25;10;24;12;22;13;20;13;18;12;15;10;13;7;11;3;9;-1;8;-6;8;-11;9;-16;9;-20;10;-24;12;-28;13;-31;15;-34;16;-35;16;-35;17;-34;16;-32;16;-30;-117;0;13;0;13;0;12;0;12;0;12;0;12;0;12;-1;12;-1;12;-2;11;-3;11;-3;11;-3;11;-3;11;-3;11;-3;11;-4;11;-4;10;-4;10;-4;10;-3;10;-3;10;-3;10;-3;10;-3;9;-3;9;-3;9;-3;9;-2;3;-1;1;-1;-1;0;-1;-1;-1;-1;1;0;3;1;9;5;9;5;9;6;9;6;8;6;8;6;8;6;7;6;7;7;7;7;7;7;8;7;8;7;8;6;8;6;8;6;8;5;8;5;9;5;9;5;10;4;10;3;10;3;10;3;11;3;11;3;12;2;13;2;-117;0;-4;-27;-4;-27;-4;-27;-3;-26;-3;-25;-4;-24;-4;-22;-4;-21;-5;-21;-5;-20;-5;-20;-5;-19;-5;-19;-5;-18;-5;-18;-5;-18;-5;-17;-5;-17;-5;-17;-4;-17;-4;-16;-3;-15;-3;-15;-3;-14;-3;-14;-2;-14;-2;-14;-1;-14;-1;-5;0;-2;0;0;0;0;0;0;-1;-2;-1;-5;-3;-13;-3;-14;-2;-14;-2;-14;-2;-15;-2;-15;-2;-16;-1;-17;-1;-18;-1;-18;-1;-18;0;-19;0;-19;0;-20;0;-20;0;-21;0;-21;0;-21;-1;-22;-1;-22;-2;-23;-2;-24;-3;-25;-3;-26;-3;-26;-3;-27;-3;-27;-3;-27,transition,EXP_S052,ZONE_01,sortie_zone,4.7,sortie_zone,sortie de la zone
9669772361,-50,6,a0:9f:7a:73:2b:3e,384,-110;-96;8;0;10;-12;5;-11;-1;-12;-6;-13;-11;-14;-14;-16;-17;-18;-18;-20;-19;-21;-19;-22;-18;-23;-17;-23;-15;-22;-12;-20;-10;-18;-8;-14;-6;-11;-5;-6;-5;-2;-6;2;-8;5;-10;8;-12;10;-14;11;-16;11;-5;2;0;0;0;0;0;0;0;0;0;0;0;0;0;0;0;0;0;0;3;1;14;8;15;10;15;13;15;16;15;18;13;20;11;20;10;19;8;17;7;14;6;11;6;7;7;3;9;-1;11;-5;13;-8;16;-12;18;-15;21;-17;24;-18;26;-19;27;-20;28;-19;28;-19;27;-18;25;-17;-123;0;17;16;17;16;17;15;17;15;17;14;17;14;17;13;18;12;18;11;18;10;17;9;17;9;17;9;18;9;18;9;18;9;18;8;18;8;17;8;17;8;16;8;16;8;16;8;16;8;16;8;15;8;15;8;14;8;5;3;1;1;-1;-1;-1;-2;-1;-1;1;1;3;6;8;17;7;17;6;18;5;18;5;18;5;18;4;18;4;18;4;18;4;18;4;19;4;19;4;18;5;18;5;17;5;17;5;17;6;17;7;17;8;17;9;17;10;17;11;17;11;17;12;17;13;17;14;18;14;18;-123;0;25;-40;24;-40;24;-39;23;-38;22;-37;21;-36;20;-35;19;-34;17;-33;16;-33;15;-32;14;-31;14;-31;14;-30;14;-30;14;-29;13;-29;13;-28;13;-27;13;-26;13;-25;13;-24;12;-23;12;-22;12;-21;13;-20;14;-19;15;-19;5;-7;1;-2;-1;0;-1;1;-1;0;0;-3;3;-8;9;-22;10;-22;11;-22;12;-22;13;-23;13;-23;14;-24;15;-25;16;-26;17;-26;18;-27;19;-27;19;-28;20;-28;20;-29;21;-29;22;-30;22;-30;22;-31;22;-32;22;-33;23;-35;23;-36;23;-38;24;-39;24;-40;25;-41;25;-41,transition,EXP_S052,ZONE_01,sortie_zone,4.7,sortie_zone,sortie de la zone
9669972423,-50,6,a0:9f:7a:73:2b:3e,384,-110;-96;8;0;-11;12;-5;11;1;11;6;12;11;13;15;14;18;16;20;17;21;19;20;20;20;21;18;21;16;20;13;19;11;16;8;13;6;9;5;5;5;0;5;-4;6;-8;8;-10;10;-12;12;-13;14;-14;3;-4;0;0;0;0;0;0;0;0;0;0;0;0;0;0;0;0;0;0;-4;-2;-16;-8;-17;-10;-18;-13;-19;-16;-18;-18;-17;-20;-15;-20;-13;-19;-11;-18;-10;-15;-9;-12;-8;-8;-9;-3;-10;1;-12;5;-14;9;-16;13;-19;16;-21;18;-23;20;-25;22;-27;22;-27;22;-28;21;-27;20;-25;18;-125;0;-22;-14;-22;-13;-22;-12;-22;-11;-22;-11;-22;-10;-22;-9;-21;-8;-21;-8;-21;-7;-21;-6;-21;-5;-21;-5;-21;-5;-21;-5;-22;-4;-21;-4;-21;-4;-21;-4;-20;-4;-20;-3;-20;-3;-19;-3;-19;-3;-19;-3;-18;-4;-18;-4;-18;-4;-7;-2;-2;-1;0;0;0;1;0;0;-2;-2;-4;-7;-11;-18;-10;-18;-9;-18;-9;-19;-8;-19;-8;-19;-8;-19;-8;-19;-7;-19;-8;-19;-8;-19;-8;-19;-8;-19;-9;-18;-9;-18;-9;-17;-9;-17;-10;-17;-11;-17;-12;-17;-13;-16;-14;-16;-15;-16;-16;-16;-17;-16;-19;-16;-19;-16;-20;-16;-125;0;-18;45;-17;45;-16;44;-15;43;-14;42;-14;40;-12;39;-11;38;-10;38;-8;37;-7;36;-7;35;-6;34;-6;33;-6;33;-6;32;-6;31;-6;30;-6;29;-6;29;-6;28;-6;27;-6;26;-6;25;-6;24;-7;24;-8;23;-9;23;-4;8;-2;2;0;-1;0;-2;0;-1;-1;2;-3;8;-8;22;-9;22;-10;22;-11;23;-12;24;-12;25;-13;26;-14;27;-14;27;-15;28;-16;29;-16;29;-17;30;-17;31;-17;31;-18;32;-18;33;-18;33;-18;35;-18;36;-18;37;-18;39;-18;41;-18;42;-18;43;-17;45;-17;45;-17;46,transition,EXP_S052,ZONE_01,sortie_zone,4.7,sortie_zone,sortie de la zone
9670172162,-50,6,a0:9f:7a:73:2b:3e,384,-110;-96;8;0;-14;-8;-12;-3;-11;3;-10;8;-10;13;-11;17;-12;20;-13;22;-14;23;-15;24;-16;23;-17;21;-17;19;-16;17;-14;14;-12;10;-8;8;-4;6;0;4;4;4;8;4;11;5;13;6;15;8;16;10;4;2;0;0;0;0;0;0;0;0;0;0;0;0;0;0;0;0;0;0;1;-4;5;-16;8;-17;11;-19;13;-19;16;-19;17;-18;18;-16;17;-14;15;-12;13;-10;10;-9;6;-9;2;-9;-3;-9;-7;-11;-11;-12;-15;-14;-18;-16;-21;-18;-24;-20;-25;-21;-26;-23;-26;-23;-25;-23;-23;-23;-22;-22;-128;0;12;-22;12;-22;11;-22;11;-21;10;-21;10;-21;9;-21;8;-22;7;-22;6;-21;5;-21;5;-21;5;-21;5;-21;4;-21;4;-21;3;-21;3;-20;3;-20;3;-19;3;-19;3;-19;3;-19;3;-19;3;-19;3;-18;4;-18;4;-17;1;-6;0;-2;-1;0;-1;0;-1;0;1;-2;5;-4;16;-11;16;-11;17;-10;17;-10;17;-9;17;-9;17;-9;17;-8;18;-8;18;-8;18;-8;18;-8;17;-8;17;-9;16;-9;16;-9;16;-9;16;-10;16;-11;15;-12;15;-14;14;-15;14;-16;14;-16;14;-17;14;-18;14;-19;15;-19;-128;0;-45;-16;-45;-16;-44;-16;-43;-15;-41;-14;-40;-13;-38;-12;-37;-11;-36;-10;-36;-9;-35;-8;-34;-8;-34;-7;-33;-7;-32;-7;-31;-6;-31;-6;-30;-7;-30;-7;-29;-7;-27;-7;-26;-7;-25;-7;-24;-7;-24;-7;-23;-8;-23;-9;-22;-10;-8;-4;-3;-2;0;0;1;0;0;0;-3;-1;-9;-3;-23;-7;-23;-8;-23;-8;-23;-9;-24;-10;-25;-10;-26;-11;-27;-12;-28;-13;-29;-14;-29;-14;-30;-15;-30;-16;-31;-16;-31;-17;-32;-17;-33;-17;-33;-17;-34;-16;-35;-16;-37;-16;-39;-16;-40;-16;-42;-16;-43;-17;-44;-17;-45;-17;-45;-17,transition,EXP_S052,ZONE_01,sortie_zone,4.7,sortie_zone,sortie de la zone
9670373263,-50,6,a0:9f:7a:73:2b:3e,384,-110;-96;8;0;15;2;11;-2;9;-7;6;-12;5;-17;5;-21;5;-24;6;-26;6;-27;7;-28;8;-28;9;-26;10;-24;10;-21;9;-17;8;-14;5;-10;2;-8;-2;-5;-6;-4;-9;-4;-13;-4;-15;-4;-17;-6;-18;-8;-5;-3;0;0;0;0;0;0;0;0;0;0;0;0;0;0;0;0;0;0;0;3;1;16;0;18;-2;21;-4;22;-6;23;-8;23;-10;21;-10;19;-10;17;-8;14;-6;12;-3;10;1;8;6;7;10;6;14;6;18;6;22;7;25;8;28;9;30;10;31;11;31;12;31;12;30;12;28;11;-124;0;-3;24;-3;23;-3;22;-3;22;-4;22;-3;22;-2;22;-1;22;0;22;1;21;1;20;0;19;0;20;0;20;1;21;1;21;2;20;2;20;2;19;1;18;0;18;0;18;0;18;0;18;0;18;0;17;-1;17;-1;16;-1;5;-1;1;-1;-1;0;-2;0;-1;-1;1;-3;6;-9;16;-10;16;-11;17;-11;17;-11;16;-11;16;-11;15;-12;14;-12;14;-13;14;-13;15;-13;15;-13;15;-12;15;-11;14;-11;14;-11;14;-11;15;-11;16;-10;17;-9;18;-8;19;-7;19;-7;19;-7;19;-8;20;-8;22;-7;23;-124;0;47;-3;47;-3;46;-3;45;-3;43;-2;41;-2;39;-3;38;-3;37;-4;36;-4;35;-4;34;-4;33;-4;32;-4;31;-4;31;-4;30;-4;30;-3;29;-3;29;-2;28;-1;27;-1;25;0;25;0;24;1;23;2;23;3;23;4;8;1;2;0;-1;-1;-2;0;-1;0;2;-1;8;-3;22;-7;23;-6;23;-5;24;-5;25;-5;26;-5;27;-5;29;-4;30;-3;31;-3;31;-2;32;-2;33;-1;33;-1;35;-1;35;0;36;0;37;0;37;-1;38;-1;39;-2;41;-3;43;-3;44;-3;45;-3;46;-2;47;-2;47;-2,transition,EXP_S052,ZONE_01,sortie_zone,4.7,sortie_zone,sortie de la zone
9670573018,-50,6,a0:9f:7a:73:2b:3e,384,-110;-96;8;0;-14;8;-8;9;-2;10;3;12;7;15;10;17;13;19;14;21;14;23;14;24;13;24;11;24;9;23;7;21;6;18;4;14;3;10;3;6;4;1;5;-2;7;-5;9;-7;12;-9;15;-9;17;-9;4;-3;0;0;0;0;0;0;0;0;0;0;0;0;0;0;0;0;0;0;-3;-3;-12;-12;-13;-14;-13;-18;-12;-20;-11;-22;-9;-23;-8;-23;-6;-22;-5;-20;-4;-17;-5;-13;-5;-9;-7;-6;-10;-2;-12;1;-15;4;-18;7;-22;9;-25;11;-28;12;-30;13;-31;13;-32;12;-32;12;-30;11;-28;10;-125;0;-18;-18;-18;-18;-17;-17;-17;-17;-17;-16;-17;-16;-18;-15;-19;-14;-19;-13;-19;-12;-18;-12;-18;-11;-17;-11;-18;-11;-18;-11;-19;-10;-19;-10;-19;-10;-18;-9;-17;-10;-17;-10;-17;-10;-17;-10;-17;-10;-16;-10;-16;-10;-15;-10;-15;-11;-6;-4;-2;-2;0;0;0;1;0;0;-2;-2;-3;-7;-8;-18;-7;-19;-6;-19;-6;-20;-5;-20;-5;-19;-5;-19;-4;-19;-4;-19;-4;-20;-4;-20;-4;-20;-4;-20;-5;-19;-5;-18;-5;-18;-5;-18;-6;-18;-7;-19;-8;-19;-9;-18;-11;-18;-11;-18;-12;-18;-12;-18;-13;-19;-14;-20;-15;-20;-125;0;-27;37;-27;37;-27;36;-26;35;-25;34;-24;33;-22;32;-20;32;-19;31;-18;31;-17;30;-17;30;-17;29;-17;28;-16;27;-16;27;-15;26;-15;26;-15;25;-15;24;-15;23;-15;22;-15;21;-14;20;-15;19;-15;18;-16;17;-17;17;-6;6;-2;1;0;-1;0;-2;0;-1;-1;2;-4;7;-11;20;-12;20;-13;20;-13;20;-14;21;-15;22;-16;22;-17;23;-19;24;-20;24;-20;24;-21;25;-21;25;-22;25;-22;26;-23;26;-24;26;-24;27;-24;28;-24;29;-25;31;-25;33;-25;34;-26;36;-27;37;-27;37;-27;38;-27;38,transition,EXP_S052,ZONE_01,sortie_zone,4.7,sortie_zone,sortie de la zone
9670772709,-51,6,a0:9f:7a:73:2b:3e,384,-110;-96;8;0;-2;-18;-6;-13;-10;-8;-15;-4;-19;-2;-23;0;-27;1;-29;1;-31;1;-32;0;-32;-1;-31;-2;-29;-4;-26;-5;-22;-5;-17;-5;-13;-3;-9;-1;-5;3;-2;6;0;10;1;13;1;16;0;19;-2;21;-1;5;0;0;0;0;0;0;0;0;0;0;0;0;0;0;0;0;0;0;4;-2;17;-6;20;-5;23;-4;25;-1;26;1;26;3;25;4;23;5;20;5;17;4;14;2;11;-1;8;-4;6;-9;4;-13;3;-18;2;-22;1;-26;1;-30;2;-33;2;-36;3;-37;4;-38;4;-37;4;-36;4;-34;-127;0;13;-3;13;-3;12;-3;12;-3;12;-3;12;-4;12;-4;11;-4;11;-5;11;-5;10;-5;10;-5;10;-5;10;-5;10;-6;10;-6;9;-6;9;-6;9;-5;9;-5;9;-5;9;-5;9;-5;9;-5;9;-5;9;-5;9;-4;9;-4;3;-2;1;-1;-1;0;-1;-1;-1;-1;1;0;3;0;10;1;10;2;10;2;10;3;10;3;10;3;9;3;9;3;9;4;9;4;9;4;9;4;9;3;9;3;9;3;9;3;9;2;9;2;10;2;10;1;10;1;11;0;11;0;11;-1;12;-1;12;-1;12;-2;13;-2;-127;0;-10;-25;-10;-25;-10;-24;-9;-23;-9;-23;-9;-22;-9;-21;-9;-20;-9;-19;-9;-18;-9;-17;-9;-17;-9;-17;-9;-17;-9;-16;-9;-16;-8;-16;-8;-16;-8;-15;-7;-15;-7;-15;-6;-14;-6;-14;-5;-13;-5;-13;-4;-13;-4;-13;-3;-13;-1;-5;-1;-2;0;0;0;0;0;0;-1;-2;-3;-4;-7;-11;-7;-12;-7;-12;-6;-13;-6;-13;-6;-14;-7;-15;-7;-15;-7;-16;-7;-17;-6;-17;-6;-18;-6;-18;-6;-18;-6;-19;-6;-19;-6;-20;-6;-20;-7;-20;-7;-21;-8;-21;-9;-22;-9;-23;-10;-23;-10;-24;-10;-24;-10;-25;-10;-25,transition,EXP_S052,ZONE_01,sortie_zone,4.7,sortie_zone,sortie de la zone
9670972373,-51,6,a0:9f:7a:73:2b:3e,384,-110;-96;8;0;-12;-14;-12;-7;-13;-1;-14;5;-16;10;-18;14;-21;16;-23;18;-24;19;-25;19;-26;18;-26;16;-25;14;-23;11;-20;9;-16;7;-12;5;-7;5;-2;5;2;6;6;7;9;9;11;12;12;15;12;17;3;4;0;0;0;0;0;0;0;0;0;0;0;0;0;0;0;0;0;0;2;-4;11;-14;14;-15;17;-16;20;-15;22;-14;24;-12;24;-10;23;-9;20;-7;17;-6;13;-6;9;-7;4;-9;0;-11;-4;-13;-7;-16;-10;-20;-13;-23;-16;-26;-18;-29;-18;-31;-19;-33;-18;-34;-18;-34;-16;-32;-15;-30;-127;0;7;-12;7;-12;7;-11;7;-11;6;-11;6;-11;6;-11;5;-12;4;-12;3;-12;3;-11;3;-11;3;-11;3;-11;3;-12;3;-12;2;-12;2;-11;2;-11;2;-11;2;-10;3;-10;2;-11;2;-11;2;-10;2;-10;2;-10;2;-9;1;-4;0;-1;-1;0;-1;0;-1;0;0;-1;3;-2;9;-5;9;-4;10;-4;10;-4;10;-4;10;-4;10;-3;9;-3;10;-3;10;-3;10;-3;10;-3;10;-4;9;-4;9;-4;9;-4;9;-4;9;-4;9;-5;9;-6;9;-7;8;-8;8;-8;8;-8;8;-8;8;-9;9;-10;9;-10;-127;0;-24;-12;-24;-11;-24;-11;-23;-11;-22;-10;-21;-10;-20;-9;-20;-8;-20;-7;-19;-7;-19;-6;-19;-6;-18;-6;-18;-6;-18;-6;-17;-5;-17;-5;-17;-5;-16;-5;-16;-5;-15;-6;-14;-5;-14;-5;-13;-5;-13;-5;-13;-5;-13;-6;-12;-6;-5;-3;-2;-1;0;0;0;0;0;0;-2;-1;-5;-2;-12;-6;-12;-6;-12;-7;-12;-7;-13;-7;-13;-8;-14;-8;-14;-9;-15;-10;-15;-10;-15;-10;-15;-11;-16;-11;-16;-11;-16;-11;-17;-12;-17;-12;-17;-12;-18;-12;-18;-12;-19;-11;-21;-11;-21;-11;-22;-12;-23;-12;-23;-12;-24;-12;-24;-12,transition,EXP_S052,ZONE_01,sortie_zone,4.7,sortie_zone,sortie de la zone
9671171082,-50,6,a0:9f:7a:73:2b:3e,384,-110;-96;8;0;-10;-13;-10;-7;-12;-2;-13;4;-15;8;-18;11;-20;14;-22;15;-23;16;-24;15;-25;15;-25;13;-24;11;-22;9;-19;6;-15;5;-11;4;-7;4;-2;4;1;5;5;7;7;9;9;12;10;14;9;16;2;4;0;0;0;0;0;0;0;0;0;0;0;0;0;0;0;0;0;0;2;-4;10;-13;13;-14;16;-14;19;-14;21;-12;22;-11;22;-9;21;-7;19;-6;16;-5;12;-5;8;-6;4;-8;0;-10;-3;-13;-6;-16;-9;-19;-12;-22;-14;-24;-15;-27;-16;-30;-16;-31;-16;-32;-15;-31;-14;-30;-13;-29;-125;0;18;-17;18;-17;17;-17;16;-18;16;-18;15;-18;15;-18;14;-18;13;-18;12;-18;11;-18;11;-18;10;-18;10;-18;10;-18;10;-18;10;-18;10;-18;10;-18;9;-18;9;-17;9;-17;9;-17;9;-17;9;-16;10;-16;10;-15;10;-15;3;-6;1;-2;-1;0;-2;0;-1;0;1;-2;6;-3;18;-8;18;-8;18;-7;18;-6;19;-5;19;-5;19;-4;19;-4;19;-4;19;-4;19;-4;19;-4;19;-4;18;-4;18;-5;18;-5;17;-6;17;-6;17;-7;17;-8;17;-9;18;-10;18;-11;18;-12;18;-13;18;-14;18;-14;18;-15;-125;0;-39;-29;-38;-29;-38;-28;-37;-27;-36;-26;-35;-24;-34;-23;-33;-22;-32;-20;-32;-19;-31;-18;-31;-18;-30;-17;-30;-17;-30;-17;-29;-17;-28;-17;-27;-17;-26;-17;-25;-16;-24;-16;-23;-16;-22;-15;-21;-15;-20;-15;-19;-16;-18;-16;-17;-17;-6;-6;-2;-2;0;0;1;0;0;0;-3;-1;-8;-4;-22;-11;-22;-12;-22;-13;-22;-14;-22;-15;-23;-16;-23;-17;-24;-18;-25;-19;-26;-20;-26;-21;-26;-22;-26;-23;-27;-23;-27;-23;-27;-24;-28;-24;-29;-24;-30;-25;-31;-25;-33;-26;-34;-26;-36;-27;-37;-27;-38;-27;-39;-28;-40;-28;-40;-29,transition,EXP_S052,ZONE_01,sortie_zone,4.7,sortie_zone,sortie de la zone
9671372819,-50,6,a0:9f:7a:73:2b:3e,384,-110;-96;8;0;15;1;11;-3;7;-8;4;-13;3;-17;1;-21;1;-25;1;-27;2;-28;2;-29;3;-29;4;-28;5;-26;6;-23;6;-19;5;-15;3;-11;0;-8;-3;-5;-6;-2;-10;-1;-13;0;-16;-1;-18;-2;-20;-3;-5;-1;0;0;0;0;0;0;0;0;0;0;0;0;0;0;0;0;0;0;0;3;2;16;0;18;-2;21;-4;23;-6;23;-8;23;-10;22;-10;20;-9;17;-8;15;-5;12;-2;10;2;8;6;6;10;5;14;5;18;5;22;5;26;5;29;6;31;7;33;8;33;9;32;9;31;9;29;8;-124;0;0;13;0;12;0;11;-1;11;-1;11;-1;11;0;12;1;11;1;11;2;10;2;10;1;10;1;10;1;10;1;10;2;10;2;10;2;10;2;9;1;9;1;9;1;9;1;9;1;9;1;9;1;9;1;8;0;8;0;3;-1;0;-1;-1;0;-1;0;-1;-1;1;-2;3;-4;9;-4;9;-5;9;-5;9;-5;9;-5;8;-5;8;-6;8;-6;7;-6;8;-6;8;-6;8;-6;8;-5;8;-5;8;-5;7;-5;7;-5;8;-5;8;-4;9;-3;10;-3;10;-2;10;-2;10;-2;10;-2;11;-2;11;-2;12;-124;0;23;-5;23;-5;22;-4;22;-4;21;-4;20;-4;19;-4;18;-4;17;-4;17;-5;17;-5;16;-4;16;-4;16;-4;15;-4;15;-4;14;-4;14;-4;14;-3;14;-3;14;-2;13;-2;12;-2;12;-2;12;-1;12;-1;12;0;11;0;4;0;1;0;-1;0;-1;0;-1;0;1;-1;3;-2;10;-5;11;-5;11;-4;11;-4;12;-4;12;-4;13;-4;14;-4;14;-4;15;-3;15;-3;15;-3;16;-3;16;-3;17;-3;17;-3;18;-3;18;-3;18;-3;19;-3;19;-4;20;-4;21;-5;22;-5;22;-5;23;-5;23;-4;23;-4,transition,EXP_S052,ZONE_01,sortie_zone,4.7,sortie_zone,sortie de la zone
9671572316,-50,6,a0:9f:7a:73:2b:3e,384,-110;-96;8;0;-7;-17;-9;-11;-12;-5;-15;0;-19;4;-22;7;-25;9;-28;10;-30;10;-31;9;-31;8;-30;6;-29;4;-26;3;-22;1;-18;1;-13;1;-8;2;-4;4;0;6;3;9;5;12;6;16;5;19;4;21;1;5;0;0;0;0;0;0;0;0;0;0;0;0;0;0;0;0;0;0;3;-3;14;-11;17;-11;21;-11;24;-9;26;-7;26;-5;26;-4;24;-2;21;-1;18;-1;14;-2;11;-4;7;-7;4;-10;0;-14;-2;-18;-4;-22;-6;-26;-8;-30;-9;-33;-9;-36;-8;-37;-8;-38;-7;-37;-6;-36;-5;-34;-124;0;10;-9;10;-9;10;-9;10;-9;10;-9;10;-9;9;-9;9;-9;8;-10;7;-9;7;-9;7;-9;7;-9;7;-9;7;-10;7;-10;6;-10;6;-10;6;-9;6;-9;6;-9;6;-9;6;-9;6;-9;6;-9;6;-8;6;-8;6;-7;2;-3;0;-1;-1;0;-1;0;-1;0;1;-1;3;-2;10;-3;10;-3;10;-2;11;-2;10;-2;10;-2;10;-2;10;-1;10;-1;10;-1;11;-1;11;-1;10;-1;10;-2;9;-2;9;-2;9;-2;9;-2;10;-3;10;-3;10;-4;10;-5;10;-5;10;-6;10;-6;11;-6;11;-7;12;-7;-124;0;-20;-18;-20;-18;-19;-18;-19;-18;-18;-17;-17;-16;-17;-15;-17;-14;-17;-13;-17;-13;-16;-13;-16;-12;-16;-12;-15;-12;-15;-11;-14;-11;-14;-11;-14;-11;-14;-11;-13;-11;-12;-11;-12;-11;-11;-10;-11;-10;-10;-10;-10;-10;-9;-11;-9;-11;-3;-4;-1;-2;0;0;0;0;0;0;-2;-1;-4;-3;-11;-8;-11;-8;-11;-9;-11;-9;-11;-10;-12;-10;-12;-11;-13;-11;-13;-12;-13;-13;-13;-13;-13;-13;-13;-14;-14;-14;-14;-15;-14;-15;-14;-15;-14;-16;-15;-16;-16;-16;-16;-16;-17;-16;-18;-17;-19;-17;-19;-18;-20;-18;-20;-19;-20;-19,transition,EXP_S052,ZONE_01,sortie_zone,4.7,sortie_zone,sortie de la zone
9671775433,-50,6,a0:9f:7a:73:2b:3e,384,-110;-96;8;0;13;7;11;1;10;-4;9;-9;9;-14;10;-19;10;-22;12;-24;13;-26;14;-26;15;-25;15;-23;15;-21;14;-18;13;-15;10;-12;7;-9;3;-7;-1;-5;-5;-5;-9;-5;-12;-6;-15;-7;-16;-9;-17;-11;-5;-3;0;0;0;0;0;0;0;0;0;0;0;0;0;0;0;0;0;0;-2;3;-6;15;-8;17;-11;18;-14;19;-16;18;-18;17;-18;16;-18;14;-16;12;-14;10;-11;9;-7;8;-2;8;2;8;6;9;10;11;14;12;18;14;21;16;24;18;25;19;26;21;26;22;25;22;23;21;22;20;-128;0;-4;25;-3;24;-4;23;-4;22;-4;22;-4;23;-3;23;-1;23;0;23;1;21;1;20;1;20;0;20;1;20;1;21;3;21;3;21;3;20;3;19;2;18;1;18;1;19;1;19;2;19;2;18;2;18;1;17;1;17;0;6;-1;1;-1;-1;0;-1;0;-1;-2;1;-5;5;-13;15;-14;14;-15;14;-15;14;-15;14;-14;14;-14;13;-14;12;-15;11;-16;12;-17;12;-16;13;-16;13;-14;13;-13;13;-13;12;-13;12;-13;13;-13;15;-12;17;-11;18;-9;18;-8;18;-8;18;-9;19;-9;20;-10;22;-10;23;-128;0;46;-1;46;-1;46;-1;45;-1;43;-1;41;-1;39;-2;37;-3;36;-4;36;-5;35;-5;34;-5;33;-5;32;-5;31;-5;30;-5;30;-5;30;-5;29;-5;29;-4;28;-3;27;-2;25;-2;24;-2;24;-2;23;-1;23;0;23;1;8;0;2;0;-1;0;-2;0;-1;-1;2;-1;8;-1;23;-2;23;-1;23;0;24;0;25;0;26;0;27;1;29;1;30;2;30;3;31;4;32;4;33;3;34;3;35;3;35;4;36;4;36;4;37;4;38;3;39;2;41;1;43;1;44;1;46;1;46;0;47;0;47;0,transition,EXP_S052,ZONE_01,sortie_zone,4.7,sortie_zone,sortie de la zone
9671972345,-50,6,a0:9f:7a:73:2b:3e,384,-110;-96;8;0;-10;-13;-11;-7;-12;-2;-13;3;-15;8;-17;12;-19;14;-21;16;-23;16;-24;15;-25;14;-24;13;-23;11;-21;9;-19;7;-15;5;-11;4;-7;4;-2;4;2;5;5;7;7;9;9;12;9;14;9;16;2;4;0;0;0;0;0;0;0;0;0;0;0;0;0;0;0;0;0;0;2;-4;10;-13;13;-14;16;-14;18;-14;20;-12;21;-11;21;-9;20;-8;18;-7;16;-6;12;-6;8;-6;4;-8;0;-10;-3;-12;-6;-15;-9;-18;-12;-21;-14;-24;-15;-26;-16;-29;-16;-30;-16;-31;-15;-31;-13;-30;-12;-28;125;0;7;-24;7;-23;7;-22;8;-21;8;-21;8;-22;7;-23;5;-23;3;-23;1;-22;1;-21;2;-20;3;-20;3;-21;2;-22;1;-23;0;-22;-1;-21;-1;-20;0;-19;0;-19;1;-19;1;-19;0;-20;0;-19;0;-19;0;-18;1;-17;0;-6;0;-2;0;0;-1;0;-1;0;1;-2;5;-4;15;-11;16;-11;17;-11;17;-11;17;-11;16;-11;16;-10;16;-9;16;-8;17;-8;18;-9;18;-10;17;-10;15;-10;14;-10;14;-9;14;-9;15;-10;15;-12;15;-14;13;-16;12;-17;11;-17;10;-17;11;-17;12;-18;13;-20;13;-21;125;0;-47;-10;-47;-10;-46;-11;-45;-11;-43;-10;-41;-9;-39;-7;-38;-6;-37;-4;-37;-4;-37;-3;-36;-3;-35;-3;-34;-3;-33;-3;-32;-2;-31;-2;-31;-2;-31;-2;-30;-3;-29;-3;-27;-4;-26;-4;-25;-3;-25;-3;-25;-4;-24;-5;-24;-6;-9;-3;-3;-1;0;0;1;0;0;0;-3;-1;-9;-2;-24;-6;-23;-7;-23;-7;-24;-8;-25;-8;-26;-8;-27;-9;-29;-10;-29;-11;-30;-12;-30;-12;-31;-13;-31;-13;-32;-13;-33;-14;-34;-14;-34;-15;-34;-15;-35;-14;-36;-13;-38;-12;-40;-11;-43;-11;-44;-12;-46;-13;-46;-13;-46;-13;-46;-13,transition,EXP_S052,ZONE_01,sortie_zone,4.7,sortie_zone,sortie de la zone
9672173170,-51,6,a0:9f:7a:73:2b:3e,384,-110;-96;8;0;-16;-2;-12;2;-8;7;-6;11;-4;16;-2;20;-2;23;-2;26;-3;27;-4;28;-5;27;-6;26;-6;24;-7;21;-6;18;-6;14;-4;10;-1;7;2;3;5;1;9;-1;12;-1;15;-1;17;0;19;1;4;0;0;0;0;0;0;0;0;0;0;0;0;0;0;0;0;0;0;0;0;-4;0;-17;2;-19;4;-21;6;-23;8;-23;10;-22;11;-21;11;-19;10;-17;9;-15;6;-12;3;-10;-1;-9;-6;-8;-10;-7;-14;-7;-19;-7;-22;-8;-26;-8;-29;-9;-31;-10;-32;-11;-33;-12;-32;-12;-30;-12;-28;-11;-124;0;-4;-13;-4;-12;-3;-12;-3;-12;-3;-12;-3;-12;-4;-12;-5;-11;-5;-11;-6;-10;-6;-10;-5;-10;-5;-10;-6;-10;-6;-10;-6;-10;-6;-9;-6;-9;-6;-9;-6;-8;-5;-9;-5;-9;-6;-9;-6;-9;-6;-8;-5;-8;-5;-8;-5;-8;-2;-3;-1;-1;0;0;-1;0;-1;0;0;-2;0;-4;2;-10;3;-10;3;-10;4;-10;4;-10;4;-9;4;-9;4;-9;4;-9;4;-9;4;-9;4;-9;4;-9;3;-9;3;-9;3;-9;3;-9;3;-9;2;-10;2;-10;1;-11;0;-11;0;-11;0;-11;0;-11;-1;-12;-1;-12;-1;-13;-124;0;-22;8;-22;8;-21;8;-21;8;-20;8;-19;8;-18;8;-17;8;-17;8;-16;8;-16;8;-15;8;-15;8;-14;8;-14;8;-14;8;-13;8;-13;7;-13;7;-13;7;-13;6;-12;6;-12;6;-11;5;-11;5;-11;5;-11;4;-12;4;-5;1;-2;0;0;-1;0;-1;0;-1;-2;0;-4;1;-11;4;-11;4;-12;4;-12;3;-12;4;-13;4;-14;4;-14;4;-15;3;-15;3;-16;3;-16;3;-16;3;-17;4;-17;4;-17;4;-18;4;-18;4;-18;4;-19;5;-19;6;-20;6;-21;7;-21;7;-22;7;-22;8;-22;8;-22;8,transition,EXP_S052,ZONE_01,sortie_zone,4.7,sortie_zone,sortie de la zone
9672372376,-50,6,a0:9f:7a:73:2b:3e,384,-110;-96;8;0;15;6;13;0;11;-6;10;-12;9;-17;9;-22;10;-25;11;-27;12;-29;13;-29;14;-29;15;-27;15;-24;15;-21;13;-18;11;-14;7;-11;3;-8;-1;-6;-6;-5;-10;-5;-13;-5;-16;-7;-18;-9;-19;-11;-5;-3;0;0;0;0;0;0;0;0;0;0;0;0;0;0;0;0;0;0;-1;4;-4;18;-6;20;-9;22;-12;23;-14;23;-16;22;-17;20;-17;18;-15;15;-13;13;-10;11;-6;10;-1;9;4;9;9;9;13;10;17;12;22;13;25;15;28;17;30;18;31;20;31;21;30;21;29;20;27;19;-125;0;-6;27;-6;26;-6;24;-6;24;-7;24;-6;25;-5;25;-3;25;-2;25;0;24;0;23;0;22;0;22;-1;23;0;23;0;23;1;23;1;22;1;21;0;20;-1;20;-1;20;-1;20;0;20;0;20;0;20;-1;19;-2;19;-1;6;-1;1;-1;-1;0;-2;0;-1;-2;2;-5;6;-13;17;-14;17;-15;16;-16;16;-16;16;-16;15;-16;14;-16;13;-17;13;-18;13;-18;13;-18;14;-17;14;-15;15;-15;14;-14;14;-15;14;-15;15;-14;16;-14;18;-12;19;-11;20;-10;20;-9;20;-9;21;-10;22;-10;24;-10;25;-125;0;52;2;52;2;51;2;49;2;47;2;45;2;43;1;42;0;40;-1;39;-2;39;-2;38;-2;37;-2;36;-2;35;-2;34;-3;34;-3;33;-3;33;-2;32;-1;31;0;30;0;28;1;27;1;27;1;26;2;26;4;25;5;9;2;2;0;-1;-1;-2;0;-1;-1;2;-1;9;-2;25;-3;26;-2;26;-1;27;-1;28;0;29;0;31;1;32;2;33;2;34;3;34;4;35;4;36;4;37;4;38;4;39;5;40;5;40;5;41;5;42;4;44;3;45;2;47;2;49;2;50;2;51;2;52;2;53;2,transition,EXP_S052,ZONE_01,sortie_zone,4.7,sortie_zone,sortie de la zone
9672572927,-50,6,a0:9f:7a:73:2b:3e,384,-110;-96;8;0;-13;-10;-12;-4;-11;2;-11;7;-12;12;-13;16;-15;19;-17;21;-18;22;-19;22;-20;21;-20;20;-20;17;-19;15;-16;12;-13;9;-10;7;-5;5;-1;4;3;4;7;5;10;6;12;8;14;10;14;12;3;3;0;0;0;0;0;0;0;0;0;0;0;0;0;0;0;0;0;0;1;-4;7;-16;10;-17;13;-18;16;-18;18;-17;19;-16;20;-14;19;-12;17;-10;14;-9;11;-8;7;-8;2;-9;-2;-10;-6;-11;-10;-13;-13;-16;-17;-18;-19;-20;-21;-23;-23;-25;-23;-26;-23;-27;-22;-27;-21;-26;-20;-25;122;0;17;-19;17;-19;16;-19;15;-20;14;-20;14;-20;13;-19;12;-19;12;-19;11;-19;10;-20;10;-20;10;-20;9;-20;9;-20;9;-20;9;-19;9;-19;9;-19;9;-19;9;-18;8;-18;8;-18;8;-17;9;-17;9;-16;10;-16;10;-16;3;-6;1;-2;-1;0;-2;0;-1;0;1;-2;6;-5;17;-12;17;-11;18;-9;18;-8;18;-7;19;-7;19;-7;19;-7;19;-7;19;-7;19;-6;18;-6;18;-6;18;-6;18;-7;18;-7;17;-8;17;-9;17;-9;16;-10;17;-11;17;-12;17;-13;18;-14;17;-15;17;-16;17;-17;17;-17;122;0;-42;-25;-41;-25;-40;-24;-39;-24;-38;-22;-37;-21;-36;-20;-35;-19;-34;-18;-33;-18;-32;-17;-32;-16;-31;-16;-31;-15;-30;-15;-30;-15;-29;-15;-28;-15;-27;-15;-26;-15;-25;-15;-24;-15;-23;-15;-22;-15;-21;-15;-20;-16;-19;-16;-18;-17;-7;-6;-2;-2;0;0;1;0;0;0;-3;-1;-9;-3;-23;-8;-23;-9;-23;-10;-24;-11;-24;-12;-25;-12;-25;-13;-26;-14;-27;-15;-28;-16;-29;-17;-29;-18;-29;-19;-29;-20;-30;-20;-30;-21;-31;-21;-32;-21;-33;-21;-34;-22;-35;-22;-37;-22;-38;-22;-39;-23;-40;-23;-41;-24;-42;-25;-43;-25,transition,EXP_S052,ZONE_01,sortie_zone,4.7,sortie_zone,sortie de la zone
9672772339,-50,6,a0:9f:7a:73:2b:3e,384,-110;-96;8;0;9;12;10;6;11;1;13;-4;15;-8;17;-12;20;-14;22;-15;23;-16;24;-16;25;-15;24;-13;23;-10;21;-8;18;-6;15;-5;11;-4;6;-4;2;-5;-2;-7;-5;-9;-7;-11;-8;-14;-9;-17;-8;-19;-2;-5;0;0;0;0;0;0;0;0;0;0;0;0;0;0;0;0;0;0;-3;3;-9;14;-12;15;-15;15;-18;15;-20;14;-22;13;-22;11;-21;9;-19;7;-16;6;-13;6;-9;6;-5;8;-1;9;3;11;6;14;9;17;12;20;14;23;15;26;16;28;16;30;16;31;15;30;14;29;13;27;-119;0;-14;20;-13;19;-13;18;-13;18;-13;18;-13;18;-12;19;-11;20;-10;20;-9;19;-8;18;-8;18;-9;18;-9;18;-9;19;-8;20;-7;20;-7;19;-7;18;-7;17;-8;17;-8;17;-8;17;-8;17;-8;17;-8;16;-8;15;-8;14;-3;5;-1;1;0;-1;0;-1;0;-1;-2;1;-6;3;-17;10;-17;10;-18;9;-18;9;-18;9;-18;9;-17;8;-17;7;-18;7;-19;7;-19;7;-20;7;-19;8;-18;8;-17;8;-16;7;-16;7;-17;8;-17;9;-17;11;-17;12;-16;14;-15;14;-15;14;-16;14;-17;14;-18;16;-18;17;-119;0;44;19;43;19;43;19;41;19;40;18;38;17;37;16;36;15;35;14;34;13;34;12;33;12;32;12;31;12;30;11;29;11;29;10;28;10;28;11;27;11;26;11;25;12;23;11;22;11;21;11;21;12;20;13;19;14;6;5;1;1;-1;-1;-2;-1;-1;-1;2;0;8;1;23;5;23;5;23;6;23;7;24;8;25;8;26;9;27;10;28;12;29;13;29;13;30;14;31;14;31;15;32;15;32;16;33;17;33;17;34;17;35;17;36;17;38;16;40;17;41;18;43;19;43;19;44;19;44;19,transition,EXP_S052,ZONE_01,sortie_zone,4.7,sortie_zone,sortie de la zone
9672971833,-51,6,a0:9f:7a:73:2b:3e,384,-110;-96;8;0;14;-9;8;-10;2;-12;-3;-15;-8;-17;-12;-20;-15;-23;-16;-25;-17;-27;-16;-28;-15;-28;-14;-28;-11;-27;-9;-25;-7;-21;-5;-17;-4;-13;-4;-8;-5;-2;-7;2;-9;5;-11;8;-14;10;-17;10;-19;10;-5;2;0;0;0;0;0;0;0;0;0;0;0;0;0;0;0;0;0;0;2;3;11;14;11;17;10;21;9;24;7;25;6;26;4;26;2;24;1;21;1;18;2;14;4;10;6;6;9;2;13;-1;16;-4;20;-7;24;-9;28;-11;31;-12;33;-13;35;-13;35;-12;35;-12;33;-11;31;-10;-120;0;6;12;6;12;6;12;6;11;6;11;7;10;7;10;7;9;7;9;7;9;7;8;8;8;8;8;8;8;8;8;8;7;8;7;8;7;8;7;8;7;7;7;7;7;7;7;7;7;7;7;7;7;6;7;6;7;2;2;0;0;-1;-1;-1;-1;0;-1;0;1;0;4;0;11;0;11;-1;11;-2;11;-2;10;-2;10;-2;11;-2;11;-2;11;-2;10;-2;10;-2;10;-2;10;-2;10;-2;10;-1;10;-1;10;0;10;0;10;1;10;1;10;2;10;2;11;3;11;3;11;4;11;4;12;5;12;-120;0;20;-17;20;-17;19;-16;18;-16;18;-16;17;-15;16;-15;15;-15;15;-14;14;-14;13;-14;12;-14;12;-14;12;-14;11;-14;11;-13;11;-13;11;-13;11;-12;11;-12;10;-11;10;-11;10;-10;10;-10;10;-10;10;-9;10;-8;10;-8;3;-3;1;-1;-1;0;-1;0;-1;0;0;-2;3;-4;8;-9;9;-9;10;-9;10;-9;11;-9;11;-9;12;-9;12;-10;13;-10;13;-10;14;-10;15;-10;15;-10;15;-10;16;-11;16;-11;16;-11;16;-12;17;-12;17;-13;18;-13;18;-14;18;-15;19;-15;19;-16;19;-17;20;-17;20;-17,transition,EXP_S052,ZONE_01,sortie_zone,4.7,sortie_zone,sortie de la zone
9673172324,-51,6,a0:9f:7a:73:2b:3e,384,-110;-96;8;0;6;-14;1;-12;-4;-11;-10;-10;-14;-10;-18;-10;-22;-11;-24;-12;-25;-13;-25;-14;-25;-15;-23;-15;-21;-16;-18;-15;-15;-13;-12;-11;-9;-8;-7;-4;-5;0;-5;4;-5;8;-6;11;-7;13;-9;15;-11;16;-3;4;0;0;0;0;0;0;0;0;0;0;0;0;0;0;0;0;0;0;3;0;16;3;17;5;19;8;20;10;20;13;19;14;17;15;15;15;13;13;11;11;9;8;9;4;8;0;8;-4;9;-8;10;-12;11;-16;13;-20;14;-23;16;-25;18;-27;19;-28;19;-28;19;-27;19;-26;18;-24;-128;0;21;10;21;10;20;10;20;9;20;9;20;9;21;8;21;7;20;6;20;5;19;4;19;4;19;4;19;4;20;4;20;3;20;2;19;2;19;2;18;3;18;3;18;3;18;3;18;3;18;3;17;3;16;3;16;4;5;1;1;0;-1;-1;-1;-1;-1;-1;1;1;4;5;11;15;11;15;10;16;10;17;9;17;9;16;9;16;8;16;8;16;8;17;8;17;8;17;8;16;8;16;8;15;9;15;9;15;9;14;11;14;12;14;13;14;14;13;15;13;15;12;16;12;17;13;18;13;19;13;-128;0;13;-45;13;-45;13;-44;12;-43;12;-42;11;-40;10;-39;8;-37;7;-36;6;-35;6;-35;5;-34;5;-33;5;-33;5;-32;4;-32;5;-31;5;-31;5;-30;6;-29;6;-28;6;-26;6;-25;6;-24;6;-24;7;-23;8;-23;9;-22;3;-8;1;-3;-1;0;-1;1;-1;0;0;-3;1;-9;3;-23;4;-23;5;-23;6;-24;7;-25;7;-26;8;-27;8;-28;9;-29;10;-29;11;-30;11;-31;12;-31;13;-32;13;-32;13;-33;14;-34;13;-34;13;-35;13;-37;12;-38;12;-39;12;-41;13;-42;13;-44;13;-44;13;-45;13;-46,transition,EXP_S052,ZONE_01,sortie_zone,4.7,sortie_zone,sortie de la zone
9673373495,-50,6,a0:9f:7a:73:2b:3e,384,-110;-96;8;0;10;-15;3;-13;-3;-13;-9;-13;-14;-14;-18;-15;-22;-17;-24;-19;-25;-20;-25;-22;-24;-22;-22;-22;-19;-22;-16;-20;-13;-18;-11;-15;-8;-11;-7;-6;-6;-1;-6;3;-7;7;-9;10;-12;13;-14;14;-16;14;-5;3;0;0;0;0;0;0;0;0;0;0;0;0;0;0;0;0;0;0;4;1;17;6;19;8;20;12;20;15;20;17;18;19;17;19;14;19;12;17;10;15;9;11;9;7;9;2;10;-3;11;-7;13;-12;15;-16;18;-19;20;-22;22;-25;25;-26;26;-27;28;-27;28;-26;27;-24;25;-22;-124;0;24;11;23;11;22;11;22;11;22;10;22;10;23;9;24;8;23;6;22;5;22;5;21;5;21;5;22;5;23;5;23;4;23;4;22;3;21;3;20;4;20;4;20;4;20;4;20;4;19;4;19;4;18;5;18;5;6;2;1;0;-1;-1;-1;-1;-1;-1;1;1;5;5;13;16;13;17;12;18;12;18;12;18;11;18;11;18;10;18;9;18;9;19;9;19;10;19;11;18;11;18;10;16;10;16;9;16;10;17;12;17;14;16;15;15;16;14;17;13;17;13;18;13;19;14;21;15;22;15;-124;0;14;-51;14;-51;15;-50;14;-49;14;-47;13;-45;11;-43;9;-41;8;-40;7;-39;7;-39;7;-38;7;-38;7;-37;7;-36;6;-35;6;-35;6;-34;6;-34;7;-32;7;-31;8;-30;8;-28;8;-27;8;-26;9;-26;10;-25;11;-25;4;-9;1;-3;-1;0;-1;1;-1;0;0;-3;1;-10;3;-26;4;-26;5;-27;6;-27;6;-28;7;-29;7;-31;9;-32;9;-33;10;-33;11;-34;12;-34;12;-35;13;-36;14;-37;15;-38;15;-38;15;-39;15;-40;14;-41;14;-42;13;-45;13;-46;14;-48;14;-49;15;-50;16;-51;16;-52,transition,EXP_S052,ZONE_01,sortie_zone,4.7,sortie_zone,sortie de la zone
9673572352,-50,6,a0:9f:7a:73:2b:3e,384,-110;-96;8;0;-14;-9;-12;-4;-11;2;-11;7;-12;12;-13;16;-14;19;-16;21;-17;21;-18;22;-19;21;-19;20;-19;17;-18;15;-16;12;-13;9;-9;7;-5;5;-1;4;3;4;7;5;10;6;12;8;13;11;14;13;3;3;0;0;0;0;0;0;0;0;0;0;0;0;0;0;0;0;0;0;1;-4;5;-16;7;-18;10;-19;13;-19;15;-19;16;-18;17;-16;17;-14;15;-12;12;-10;9;-9;6;-9;1;-9;-3;-10;-7;-11;-11;-12;-15;-14;-18;-16;-20;-18;-23;-20;-24;-22;-25;-24;-24;-24;-24;-24;-22;-23;-21;-22;-123;0;8;-23;8;-22;8;-21;8;-21;8;-21;8;-21;7;-22;6;-22;4;-22;3;-21;3;-20;3;-20;3;-20;4;-21;3;-22;3;-22;2;-22;2;-21;2;-20;2;-20;2;-19;3;-19;3;-19;2;-19;2;-19;2;-18;3;-17;3;-17;1;-6;0;-2;-1;0;-1;0;-1;0;1;-2;4;-5;14;-13;15;-13;15;-12;16;-12;16;-12;15;-11;15;-11;15;-10;16;-10;17;-10;17;-10;17;-11;16;-11;15;-11;14;-11;13;-10;14;-10;14;-11;14;-12;14;-14;13;-15;12;-16;12;-16;12;-16;12;-17;12;-18;13;-20;13;-21;-123;0;-46;-12;-46;-12;-45;-12;-44;-12;-42;-11;-41;-10;-39;-8;-38;-7;-37;-6;-36;-5;-36;-5;-35;-5;-34;-6;-34;-5;-33;-5;-32;-5;-31;-5;-31;-5;-30;-5;-29;-5;-28;-6;-26;-6;-25;-6;-24;-6;-24;-7;-23;-7;-23;-8;-23;-9;-8;-4;-3;-2;0;0;1;0;0;0;-3;-1;-9;-1;-24;-3;-24;-4;-24;-5;-24;-5;-25;-6;-26;-6;-28;-7;-29;-8;-30;-9;-30;-9;-30;-10;-31;-10;-32;-11;-32;-11;-33;-12;-34;-12;-34;-13;-35;-13;-36;-13;-37;-12;-38;-11;-40;-11;-42;-11;-43;-11;-44;-12;-45;-12;-46;-12;-47;-12,transition,EXP_S052,ZONE_01,sortie_zone,4.7,sortie_zone,sortie de la zone
9673773393,-51,6,a0:9f:7a:73:2b:3e,384,-110;-96;8;0;-11;-15;-12;-8;-13;-2;-15;4;-17;9;-19;13;-22;15;-24;17;-26;17;-27;17;-28;16;-27;14;-26;12;-24;10;-21;7;-17;5;-13;4;-8;4;-3;5;2;6;5;8;8;10;10;13;10;16;10;18;2;4;0;0;0;0;0;0;0;0;0;0;0;0;0;0;0;0;0;0;2;-4;11;-15;14;-15;18;-16;21;-15;23;-14;24;-12;24;-10;23;-9;21;-7;17;-6;14;-6;9;-7;5;-9;0;-11;-4;-14;-7;-17;-10;-20;-13;-24;-15;-27;-17;-30;-18;-32;-18;-34;-17;-35;-16;-35;-15;-33;-14;-31;122;0;10;-9;10;-9;10;-8;10;-8;10;-8;9;-8;9;-9;9;-9;8;-9;7;-9;7;-9;7;-9;7;-9;7;-9;7;-10;7;-10;7;-10;6;-10;6;-9;6;-9;6;-9;6;-9;6;-9;6;-9;6;-9;6;-8;6;-8;6;-8;2;-3;0;-1;-1;0;-1;0;-1;0;1;-1;3;-1;10;-3;10;-2;10;-2;11;-1;11;-1;10;-1;10;-1;10;0;10;0;10;0;11;0;11;0;10;-1;10;-1;10;-1;9;-1;9;-1;10;-1;10;-2;10;-3;10;-4;10;-4;10;-5;10;-5;10;-5;11;-6;11;-6;11;-7;122;0;-19;-19;-19;-19;-19;-19;-18;-18;-18;-17;-17;-16;-17;-15;-17;-15;-16;-14;-16;-13;-16;-13;-16;-13;-15;-12;-15;-12;-15;-12;-14;-11;-14;-11;-14;-11;-14;-11;-13;-11;-12;-11;-12;-11;-11;-10;-11;-10;-10;-10;-10;-10;-10;-11;-9;-11;-4;-4;-1;-2;0;0;0;0;0;0;-2;-1;-4;-3;-11;-8;-11;-9;-11;-9;-11;-10;-11;-10;-11;-11;-11;-11;-12;-12;-12;-13;-12;-14;-12;-14;-12;-14;-12;-15;-13;-15;-13;-16;-13;-16;-13;-16;-14;-17;-14;-17;-15;-17;-16;-17;-17;-17;-17;-18;-18;-18;-18;-19;-19;-19;-19;-20;-20;-20,transition,EXP_S052,ZONE_01,sortie_zone,4.7,sortie_zone,sortie de la zone
9673973928,-50,6,a0:9f:7a:73:2b:3e,384,-110;-96;8;0;16;6;13;0;11;-6;9;-12;9;-17;9;-22;10;-25;11;-28;12;-29;13;-29;14;-29;14;-27;15;-24;14;-21;13;-18;11;-14;7;-11;3;-8;-1;-6;-6;-5;-10;-5;-13;-6;-16;-7;-18;-9;-19;-11;-5;-3;0;0;0;0;0;0;0;0;0;0;0;0;0;0;0;0;0;0;-1;4;-3;18;-5;20;-7;22;-10;23;-13;23;-15;23;-16;21;-16;19;-15;16;-12;14;-9;12;-5;10;0;9;4;9;9;9;14;10;18;11;22;12;26;14;29;16;31;18;32;19;32;20;31;20;29;19;27;18;-126;0;-3;13;-3;13;-3;12;-3;12;-3;12;-2;12;-2;12;-1;12;-1;12;0;12;0;11;0;11;0;11;0;11;0;11;1;11;1;11;1;11;1;10;1;10;0;10;0;10;1;10;1;10;1;10;1;9;0;9;0;9;0;3;-1;0;-1;-1;0;-1;0;-1;-1;0;-3;3;-7;8;-7;8;-8;8;-8;8;-8;7;-8;7;-8;7;-8;7;-9;6;-9;6;-9;7;-9;7;-8;7;-8;7;-8;7;-7;7;-7;7;-7;7;-7;8;-7;8;-6;9;-6;9;-5;10;-5;10;-5;10;-5;11;-5;12;-5;12;-126;0;26;0;26;0;25;0;24;0;24;0;23;-1;22;-1;21;-1;20;-2;20;-2;19;-2;19;-3;18;-3;18;-3;17;-3;17;-3;17;-3;17;-2;16;-2;16;-2;15;-1;14;-1;14;-1;14;-1;13;-1;13;0;13;0;13;1;4;0;1;0;-1;0;-1;0;-1;0;1;-1;4;-1;12;-2;13;-1;13;-1;13;0;14;0;14;0;15;0;16;1;16;1;17;1;17;2;17;2;18;2;18;2;19;2;19;2;20;2;20;2;20;2;21;2;22;1;23;1;23;1;24;0;25;0;26;0;26;0;27;0,transition,EXP_S052,ZONE_01,sortie_zone,4.7,sortie_zone,sortie de la zone
9674172306,-50,6,a0:9f:7a:73:2b:3e,384,-110;-96;8;0;3;16;6;11;10;6;14;2;18;-2;22;-4;26;-5;28;-6;30;-5;31;-4;31;-3;30;-2;28;0;25;1;21;1;17;1;12;1;8;-2;4;-4;0;-8;-2;-11;-3;-14;-3;-17;-2;-20;-1;-22;-1;-6;0;0;0;0;0;0;0;0;0;0;0;0;0;0;0;0;0;0;-4;1;-17;7;-20;7;-24;5;-26;4;-28;2;-28;0;-27;-2;-25;-3;-22;-3;-19;-3;-16;-1;-12;1;-9;5;-6;9;-4;13;-2;17;-1;22;1;26;1;29;2;33;1;36;1;37;0;38;-1;37;-2;35;-1;33;-123;0;-14;0;-14;0;-14;0;-13;1;-13;1;-13;1;-13;1;-13;2;-12;2;-12;3;-12;3;-11;3;-12;3;-12;3;-12;4;-12;4;-11;4;-11;4;-11;4;-11;3;-11;3;-10;3;-10;3;-10;3;-10;3;-10;3;-10;3;-10;2;-4;0;-1;0;0;-1;0;0;0;0;-2;-1;-4;-2;-11;-4;-10;-5;-10;-5;-10;-6;-10;-6;-10;-6;-10;-6;-9;-6;-9;-7;-9;-7;-9;-7;-9;-7;-9;-6;-10;-6;-9;-6;-9;-5;-10;-5;-10;-5;-10;-5;-11;-4;-11;-4;-12;-3;-12;-3;-12;-2;-12;-2;-13;-2;-13;-1;-14;-1;-123;0;6;25;6;25;6;24;6;24;6;23;6;22;6;21;6;20;6;19;6;19;7;18;6;18;6;17;6;17;6;17;6;16;6;16;6;15;5;15;5;15;5;14;4;14;4;13;4;13;3;13;3;13;2;13;2;13;0;4;0;1;-1;-1;-1;-1;-1;-1;0;1;1;4;4;12;4;12;3;12;3;13;3;13;3;14;3;15;3;15;2;16;2;17;2;17;2;17;2;18;2;18;2;19;2;19;2;20;2;20;3;20;3;21;4;22;4;22;5;23;5;24;5;24;6;25;6;25;6;26,transition,EXP_S052,ZONE_01,sortie_zone,4.7,sortie_zone,sortie de la zone
9674372210,-51,6,a0:9f:7a:73:2b:3e,384,-110;-96;8;0;14;5;11;0;9;-6;8;-11;7;-15;7;-19;8;-23;9;-25;10;-26;11;-27;12;-26;13;-25;13;-22;13;-19;11;-16;9;-13;6;-10;3;-7;-1;-6;-5;-5;-9;-4;-12;-5;-15;-6;-16;-8;-17;-10;-5;-3;0;0;0;0;0;0;0;0;0;0;0;0;0;0;0;0;0;0;-1;3;-2;16;-3;18;-6;20;-8;21;-10;21;-12;20;-13;19;-14;17;-13;15;-11;13;-8;11;-4;9;0;8;4;8;9;8;12;8;16;9;20;10;23;12;26;13;28;14;29;16;29;17;28;17;27;16;25;15;125;0;-2;24;-2;23;-2;22;-3;22;-3;22;-3;22;-2;23;0;22;1;22;2;21;2;20;2;20;1;20;1;20;2;21;2;21;3;20;3;19;2;18;1;18;1;18;1;18;1;18;1;18;1;18;1;17;0;16;-1;16;-1;5;-1;1;-1;-1;0;-2;0;-1;-1;1;-3;6;-8;17;-9;17;-10;17;-10;17;-10;16;-10;16;-11;15;-11;15;-12;14;-13;14;-13;15;-13;15;-12;15;-11;15;-10;15;-10;14;-10;15;-10;15;-10;16;-9;18;-8;18;-7;19;-6;19;-6;19;-6;19;-6;21;-6;22;-6;23;125;0;46;-5;46;-5;45;-4;44;-4;42;-3;41;-4;39;-4;37;-5;36;-5;35;-6;34;-6;33;-6;33;-6;32;-5;31;-5;30;-5;30;-5;30;-4;29;-4;29;-3;28;-2;26;-1;25;-1;24;-1;24;0;23;1;23;2;23;3;8;1;2;0;-1;-1;-2;0;-1;0;2;-2;7;-3;21;-8;22;-8;22;-7;23;-6;24;-6;25;-6;27;-6;28;-5;29;-4;30;-4;31;-3;32;-3;32;-3;33;-3;34;-3;35;-3;35;-2;36;-2;37;-2;38;-3;39;-4;40;-4;42;-5;44;-5;45;-5;46;-5;46;-5;47;-6,transition,EXP_S052,ZONE_01,sortie_zone,4.7,sortie_zone,sortie de la zone
9674572217,-50,6,a0:9f:7a:73:2b:3e,384,-110;-96;8;0;-3;15;1;11;6;8;11;6;15;5;19;4;23;4;25;5;26;5;27;6;27;7;25;8;23;9;20;9;17;8;13;7;10;5;7;1;4;-2;3;-6;2;-9;2;-13;3;-15;4;-18;6;-19;1;-5;0;0;0;0;0;0;0;0;0;0;0;0;0;0;0;0;0;0;-4;0;-17;1;-19;0;-21;-2;-23;-5;-24;-7;-23;-9;-22;-10;-20;-10;-18;-10;-15;-8;-13;-6;-11;-2;-9;1;-8;5;-7;10;-7;14;-7;18;-8;22;-8;25;-9;28;-11;30;-12;31;-12;31;-12;31;-12;29;-11;27;-120;0;-24;-7;-24;-7;-24;-6;-24;-5;-23;-5;-23;-4;-23;-4;-22;-3;-22;-2;-22;-2;-21;-1;-21;-1;-21;0;-21;0;-21;0;-21;0;-21;0;-21;1;-20;1;-20;0;-19;0;-19;0;-19;0;-19;0;-18;0;-18;-1;-18;-2;-18;-2;-7;-1;-2;-1;0;-1;1;0;0;0;-2;-2;-6;-4;-17;-12;-16;-12;-15;-13;-15;-14;-14;-14;-14;-14;-14;-15;-13;-15;-13;-15;-13;-15;-13;-15;-13;-15;-13;-14;-13;-14;-14;-14;-14;-13;-14;-13;-14;-12;-15;-12;-16;-11;-17;-11;-18;-10;-19;-10;-20;-9;-21;-9;-21;-9;-22;-9;-23;-9;-120;0;-4;47;-4;46;-3;45;-3;43;-2;42;-2;40;-1;39;-1;38;0;37;0;36;0;35;0;34;1;33;1;32;1;32;1;31;1;30;0;30;0;29;0;28;-1;27;-1;26;-2;25;-2;24;-3;24;-4;24;-5;23;-6;23;-2;8;-1;2;0;-1;-1;-2;0;-1;0;2;1;8;2;22;1;23;0;23;-1;24;-1;25;-2;26;-2;27;-2;28;-3;29;-3;30;-4;31;-4;32;-5;32;-5;33;-5;34;-5;34;-5;35;-5;36;-5;37;-4;38;-4;39;-4;41;-3;42;-3;43;-3;44;-3;45;-3;46;-3;47,transition,EXP_S052,ZONE_01,sortie_zone,4.7,sortie_zone,sortie de la zone
9674775527,-50,6,a0:9f:7a:73:2b:3e,384,-110;-96;8;0;7;14;9;8;11;3;13;-2;16;-6;19;-9;22;-11;24;-11;26;-12;27;-12;27;-11;26;-9;25;-7;23;-5;19;-4;15;-3;11;-2;7;-3;3;-5;-1;-7;-3;-10;-5;-12;-6;-15;-6;-18;-5;-20;-2;-5;0;0;0;0;0;0;0;0;0;0;0;0;0;0;0;0;0;0;-3;3;-12;12;-15;12;-18;12;-21;12;-23;10;-24;9;-24;7;-22;5;-20;4;-17;3;-14;4;-10;5;-6;7;-2;9;1;12;3;15;6;19;8;22;9;25;10;28;11;31;11;32;10;33;10;32;9;31;8;29;-127;0;-12;4;-12;4;-11;5;-11;5;-11;5;-10;5;-10;5;-10;5;-9;6;-9;6;-9;6;-8;6;-8;6;-8;6;-8;6;-8;6;-8;6;-8;6;-8;6;-8;6;-8;6;-8;6;-7;6;-7;6;-7;6;-8;5;-8;5;-8;5;-3;1;-1;0;0;-1;0;-1;0;0;-2;0;-4;0;-10;-1;-10;-1;-10;-1;-10;-2;-10;-2;-10;-2;-10;-2;-10;-2;-10;-3;-10;-3;-10;-3;-10;-2;-10;-2;-10;-2;-10;-2;-9;-1;-10;-1;-10;-1;-10;-1;-10;0;-10;0;-10;1;-11;1;-11;1;-11;2;-11;2;-12;3;-12;3;-127;0;13;19;13;19;13;19;13;18;13;17;12;17;12;16;12;15;12;14;12;14;12;13;12;13;11;12;11;12;11;12;11;12;10;11;10;11;9;11;9;11;9;11;8;10;8;10;7;10;7;10;6;10;6;10;5;10;1;4;0;1;-1;-1;-1;-1;-1;-1;0;0;2;3;7;8;7;9;7;9;7;10;7;10;7;11;7;11;8;12;8;12;8;13;8;14;8;14;8;14;8;15;8;15;9;15;9;15;9;16;10;16;10;16;11;17;11;17;12;18;12;18;13;19;13;19;14;19;14;20,transition,EXP_S052,ZONE_01,sortie_zone,4.7,sortie_zone,sortie de la zone
9674972449,-51,6,a0:9f:7a:73:2b:3e,384,-110;-96;8;0;12;9;11;3;10;-2;11;-7;11;-12;13;-16;14;-19;16;-21;17;-22;18;-22;19;-21;19;-20;18;-17;17;-15;15;-12;12;-9;9;-7;4;-6;0;-5;-4;-6;-8;-7;-11;-8;-13;-10;-14;-12;-14;-14;-4;-4;0;0;0;0;0;0;0;0;0;0;0;0;0;0;0;0;0;0;-2;3;-8;14;-10;15;-13;16;-16;16;-18;16;-19;14;-20;13;-19;11;-17;9;-14;8;-11;7;-7;7;-3;8;1;9;5;10;8;12;12;14;15;17;17;19;20;21;21;23;22;25;22;25;21;25;20;24;18;23;-115;0;-16;19;-15;19;-15;18;-14;18;-14;18;-13;18;-12;19;-11;19;-10;19;-9;19;-8;18;-8;18;-8;18;-8;19;-7;19;-7;19;-7;19;-6;19;-6;18;-7;18;-7;17;-7;17;-6;17;-6;18;-6;17;-6;17;-7;16;-7;15;-3;5;-1;1;0;-1;1;-1;0;-1;-2;0;-7;2;-18;7;-19;6;-19;6;-19;5;-19;5;-19;4;-19;4;-19;4;-19;3;-20;3;-20;3;-20;4;-19;4;-18;5;-18;5;-17;5;-17;5;-17;6;-18;7;-18;8;-17;10;-17;11;-16;12;-16;12;-17;13;-17;14;-17;15;-17;16;-115;0;41;21;41;20;40;20;39;19;38;18;37;17;36;16;35;15;34;14;33;13;33;12;32;11;31;10;31;10;30;9;29;9;29;9;28;9;27;9;26;10;25;10;24;9;23;9;23;9;22;9;21;10;21;11;20;12;7;4;2;1;-1;-1;-2;-1;-1;-1;2;0;7;3;21;9;21;10;20;10;21;11;21;12;22;13;23;14;24;15;24;16;25;17;25;18;26;18;27;18;27;18;28;19;28;19;29;20;30;20;31;20;32;20;33;20;35;20;36;21;38;21;39;21;40;21;41;21;42;21,transition,EXP_S052,ZONE_01,sortie_zone,4.7,sortie_zone,sortie de la zone
9675181365,-51,6,a0:9f:7a:73:2b:3e,384,-110;-96;8;0;13;-7;8;-8;2;-11;-2;-13;-6;-16;-9;-19;-11;-22;-12;-24;-13;-25;-13;-26;-12;-26;-10;-26;-8;-25;-6;-22;-5;-19;-3;-16;-3;-11;-3;-7;-4;-3;-6;1;-8;4;-11;6;-13;8;-16;8;-18;8;-5;2;0;0;0;0;0;0;0;0;0;0;0;0;0;0;0;0;0;0;2;3;8;13;8;16;7;19;6;21;4;23;2;23;1;23;-1;21;-1;19;-1;15;0;12;2;9;5;6;8;2;11;0;15;-3;18;-5;22;-6;25;-7;28;-8;30;-8;32;-8;32;-8;32;-8;30;-7;29;-6;-122;0;7;9;7;9;6;9;6;9;6;9;6;9;7;8;7;8;8;7;8;7;7;6;7;6;7;6;7;6;8;6;8;6;8;6;8;5;7;5;7;5;7;5;7;5;7;5;7;5;7;5;7;5;6;5;6;5;2;2;0;0;-1;-1;-1;-1;0;-1;0;1;0;3;1;9;1;9;0;9;0;10;0;10;0;9;0;9;-1;9;-1;9;-1;9;-1;9;-1;9;-1;9;0;9;0;9;0;8;0;8;0;9;1;9;1;9;2;9;3;9;3;9;3;9;4;9;4;10;5;10;5;10;-122;0;15;-17;15;-17;15;-17;15;-16;14;-16;13;-15;13;-15;12;-15;11;-15;10;-14;10;-14;10;-14;9;-14;9;-13;9;-13;9;-13;9;-13;8;-12;8;-12;9;-12;8;-11;8;-11;8;-10;8;-10;8;-9;8;-9;8;-8;8;-8;3;-3;1;-1;-1;0;-1;0;-1;0;0;-2;2;-4;7;-9;7;-9;7;-9;8;-9;8;-9;8;-10;9;-10;10;-10;10;-10;11;-10;11;-10;12;-11;12;-11;12;-11;13;-11;13;-12;13;-12;13;-12;13;-12;13;-13;14;-14;14;-15;14;-15;15;-16;15;-16;16;-17;16;-17;16;-17,transition,EXP_S052,ZONE_01,sortie_zone,4.7,sortie_zone,sortie de la zone
9675372489,-50,6,a0:9f:7a:73:2b:3e,384,-110;-96;8;0;-5;15;0;12;5;10;11;8;15;7;19;7;23;7;25;8;26;9;27;10;26;11;25;12;23;13;19;12;16;11;12;9;9;6;7;2;5;-2;4;-6;4;-9;4;-12;5;-15;7;-17;9;-18;2;-5;0;0;0;0;0;0;0;0;0;0;0;0;0;0;0;0;0;0;-5;0;-18;0;-20;-2;-22;-4;-24;-7;-24;-9;-23;-11;-22;-12;-20;-12;-18;-11;-15;-9;-13;-7;-11;-3;-10;1;-9;5;-9;9;-9;14;-10;18;-10;22;-11;25;-12;28;-14;30;-15;31;-16;31;-16;30;-16;29;-15;27;-127;0;-25;-8;-24;-8;-24;-7;-24;-6;-23;-6;-23;-5;-23;-4;-22;-3;-22;-3;-22;-2;-21;-2;-21;-1;-21;-1;-21;-1;-22;0;-22;0;-22;0;-21;0;-21;0;-21;0;-20;0;-20;0;-20;1;-20;0;-19;0;-19;0;-19;-1;-18;-2;-7;-1;-2;-1;0;0;0;0;0;0;-2;-2;-6;-5;-15;-14;-14;-15;-14;-16;-13;-16;-13;-16;-12;-16;-12;-16;-12;-16;-12;-17;-12;-17;-12;-17;-12;-16;-12;-16;-12;-15;-12;-15;-12;-14;-13;-14;-14;-14;-14;-13;-15;-13;-16;-12;-17;-12;-18;-11;-19;-11;-20;-11;-21;-11;-22;-11;-23;-11;-127;0;-6;48;-6;48;-5;46;-5;45;-4;44;-4;42;-3;41;-2;40;-1;39;0;38;0;37;0;36;0;35;0;34;1;33;1;33;1;32;0;31;0;30;0;29;-1;28;-1;27;-1;26;-2;26;-2;25;-3;25;-4;24;-5;24;-2;8;-1;2;0;-1;-1;-2;0;-1;0;2;-1;8;-1;23;-2;24;-2;24;-3;25;-4;26;-4;27;-5;28;-5;29;-6;30;-6;31;-7;32;-8;33;-8;33;-8;34;-8;35;-8;35;-8;36;-8;37;-8;38;-7;39;-7;41;-7;42;-7;44;-7;45;-6;46;-6;47;-6;48;-6;49,transition,EXP_S052,ZONE_01,sortie_zone,4.7,sortie_zone,sortie de la zone
9675574404,-50,6,a0:9f:7a:73:2b:3e,384,-110;-96;8;0;-16;-3;-13;1;-10;6;-8;11;-7;15;-6;20;-6;23;-7;25;-8;27;-9;27;-10;26;-11;25;-12;23;-11;20;-10;17;-9;13;-6;10;-3;7;1;5;5;3;8;3;12;3;14;4;16;6;17;8;4;2;0;0;0;0;0;0;0;0;0;0;0;0;0;0;0;0;0;0;-1;-4;-2;-17;-1;-19;1;-22;4;-23;6;-24;8;-23;9;-22;10;-20;9;-18;7;-15;5;-13;2;-11;-2;-9;-7;-8;-11;-8;-15;-8;-19;-8;-23;-9;-26;-9;-29;-10;-31;-12;-32;-13;-33;-14;-32;-14;-30;-14;-28;-13;-127;0;-2;-13;-2;-12;-2;-12;-2;-12;-2;-12;-2;-12;-2;-12;-3;-12;-4;-11;-4;-11;-4;-10;-4;-10;-4;-10;-4;-10;-4;-11;-5;-10;-5;-10;-5;-10;-5;-9;-4;-9;-4;-9;-4;-9;-4;-9;-5;-9;-4;-9;-4;-9;-4;-9;-3;-9;-1;-3;-1;-1;0;0;-1;0;-1;0;0;-1;1;-4;4;-9;4;-9;4;-9;5;-9;4;-9;4;-9;4;-9;5;-8;5;-8;5;-8;5;-9;5;-9;5;-9;4;-9;4;-8;4;-8;4;-8;4;-9;3;-9;3;-10;2;-10;2;-10;1;-10;1;-11;1;-11;1;-11;1;-12;0;-13;-127;0;-24;6;-24;6;-23;6;-23;5;-22;5;-21;5;-20;5;-19;6;-18;6;-18;6;-17;7;-17;7;-17;6;-16;6;-16;6;-15;6;-15;6;-15;6;-15;5;-14;5;-14;4;-13;4;-13;4;-13;4;-12;4;-12;3;-13;3;-13;2;-5;0;-2;0;0;-1;0;-1;0;-1;-2;0;-5;1;-12;3;-12;3;-12;3;-12;2;-13;3;-14;3;-14;3;-15;2;-16;2;-16;2;-16;2;-17;2;-17;2;-18;2;-18;2;-18;2;-19;2;-19;2;-19;2;-20;3;-20;3;-21;4;-22;4;-23;5;-23;5;-24;5;-24;5;-24;6,transition,EXP_S052,ZONE_01,sortie_zone,4.7,sortie_zone,sortie de la zone
9675772408,-50,6,a0:9f:7a:73:2b:3e,384,-110;-96;8;0;11;-12;5;-11;-1;-12;-6;-13;-10;-14;-14;-16;-17;-18;-18;-20;-19;-22;-19;-23;-18;-23;-17;-23;-15;-22;-12;-21;-10;-18;-8;-15;-6;-11;-5;-6;-5;-2;-6;2;-8;5;-10;8;-12;10;-15;11;-16;11;-5;2;0;0;0;0;0;0;0;0;0;0;0;0;0;0;0;0;0;0;3;2;13;9;15;11;15;14;15;17;14;19;13;20;11;20;9;19;7;17;6;15;6;11;6;7;7;3;9;-1;11;-5;13;-8;16;-11;19;-14;21;-16;24;-18;26;-19;28;-19;28;-19;28;-18;27;-17;25;-16;-122;0;19;15;18;14;18;14;18;13;18;12;18;12;19;11;19;10;19;9;19;8;18;7;18;7;18;7;19;7;19;7;19;6;19;6;19;6;18;6;18;6;17;6;17;6;17;6;17;5;17;5;17;5;16;6;15;6;5;2;1;0;-1;-1;-1;-2;-1;-1;0;1;2;6;7;18;6;18;5;18;5;19;4;19;4;18;4;18;3;18;3;18;3;18;3;19;4;19;4;18;4;17;4;17;5;16;5;16;6;17;7;17;8;17;9;16;11;16;12;15;12;16;13;16;14;17;15;17;16;17;-122;0;21;-42;21;-42;21;-42;20;-41;19;-39;18;-38;17;-37;15;-36;14;-35;13;-35;12;-34;12;-33;11;-33;10;-32;10;-31;10;-31;9;-30;10;-30;10;-29;10;-28;10;-27;10;-26;10;-25;10;-24;10;-23;10;-23;11;-22;12;-21;4;-8;1;-3;-1;0;-1;1;-1;0;0;-3;3;-8;10;-21;11;-21;11;-21;12;-22;13;-22;13;-23;14;-24;15;-25;16;-26;17;-26;18;-27;18;-27;19;-27;19;-28;20;-29;20;-29;21;-30;21;-31;21;-32;21;-33;21;-35;21;-36;21;-38;22;-39;22;-40;22;-41;22;-42;22;-42,transition,EXP_S052,ZONE_01,sortie_zone,4.7,sortie_zone,sortie de la zone
9675972382,-51,6,a0:9f:7a:73:2b:3e,384,-110;-96;8;0;11;-13;5;-13;-1;-13;-7;-14;-12;-15;-16;-17;-19;-20;-21;-22;-22;-23;-22;-25;-20;-25;-19;-25;-16;-24;-14;-22;-11;-20;-9;-16;-7;-12;-6;-7;-6;-2;-7;2;-8;6;-11;9;-13;11;-16;12;-18;12;-5;3;0;0;0;0;0;0;0;0;0;0;0;0;0;0;0;0;0;0;4;1;16;8;17;11;18;14;18;17;17;19;16;21;14;21;12;21;10;19;8;16;8;12;8;7;9;3;10;-2;12;-6;14;-10;17;-14;20;-17;22;-19;25;-21;28;-23;30;-23;31;-23;30;-22;29;-20;27;-18;127;0;26;8;25;8;23;8;22;8;22;8;23;8;24;7;25;6;24;4;23;2;22;2;22;2;22;3;22;3;23;3;23;1;23;1;22;0;21;0;20;1;20;2;20;3;20;3;20;2;20;2;19;2;19;3;18;3;6;1;1;0;-1;-1;-2;-1;-1;-1;1;1;5;5;15;14;15;15;14;16;14;17;14;17;14;16;13;16;12;16;11;17;11;18;11;18;12;18;12;17;12;16;12;15;11;15;11;15;12;15;14;15;16;14;17;13;18;11;18;10;18;10;19;11;20;12;21;12;23;13;127;0;8;-52;8;-52;8;-52;8;-50;8;-48;8;-46;7;-44;5;-42;4;-41;4;-40;3;-40;3;-39;3;-38;3;-37;3;-36;2;-36;2;-35;2;-35;3;-34;4;-33;4;-32;5;-30;5;-29;5;-28;5;-27;6;-27;7;-27;8;-26;3;-10;1;-3;-1;0;0;1;-1;0;-1;-3;-1;-10;0;-26;0;-26;1;-27;2;-27;2;-28;3;-30;4;-31;5;-33;6;-34;6;-34;7;-35;7;-35;8;-36;8;-37;9;-38;10;-39;10;-40;10;-40;9;-41;9;-42;8;-44;7;-46;7;-48;8;-50;9;-51;9;-52;9;-52;9;-53,transition,EXP_S052,ZONE_01,sortie_zone,4.7,sortie_zone,sortie de la zone
9676172413,-50,6,a0:9f:7a:73:2b:3e,384,-110;-96;8;0;15;4;12;-1;10;-6;9;-11;8;-15;8;-20;9;-23;10;-25;11;-26;12;-27;13;-26;14;-24;14;-22;14;-19;12;-16;10;-13;7;-10;3;-8;-1;-6;-5;-5;-9;-6;-12;-6;-14;-8;-16;-10;-17;-12;-5;-4;0;0;0;0;0;0;0;0;0;0;0;0;0;0;0;0;0;0;0;3;0;16;-2;18;-4;21;-6;22;-9;22;-10;22;-11;20;-12;19;-11;16;-9;14;-7;12;-3;10;1;9;5;8;9;8;13;8;17;9;21;10;24;11;27;12;29;14;30;15;30;16;29;16;27;16;26;15;-117;0;-4;24;-3;23;-3;22;-3;22;-3;22;-3;22;-2;22;-1;22;1;21;2;20;2;19;2;19;2;19;2;19;2;20;3;20;4;20;4;19;3;18;3;18;2;18;2;18;3;18;3;18;3;18;3;17;2;16;1;16;0;5;0;1;-1;-1;0;-1;0;-1;-2;1;-5;5;-13;14;-13;14;-14;14;-14;14;-14;14;-14;13;-14;13;-14;12;-15;12;-15;12;-15;12;-15;13;-14;13;-13;13;-12;13;-12;12;-12;12;-12;13;-12;14;-11;15;-10;17;-9;17;-8;18;-8;18;-8;19;-8;20;-8;21;-8;22;-117;0;47;-2;47;-2;46;-2;45;-2;44;-3;42;-3;40;-3;38;-4;37;-5;36;-6;35;-6;34;-6;33;-6;33;-6;32;-6;31;-6;31;-6;30;-6;30;-6;29;-5;28;-4;27;-4;26;-3;25;-3;25;-3;24;-2;24;-1;24;1;8;0;2;0;-1;0;-2;0;-1;-1;2;-1;8;-1;23;-3;23;-2;24;-1;24;-1;25;0;26;0;28;0;29;1;30;1;31;2;32;2;32;2;33;2;34;2;35;2;36;3;37;3;37;3;38;3;39;2;40;1;42;0;43;0;45;-1;46;-1;47;-1;47;-2;48;-2,transition,EXP_S052,ZONE_01,sortie_zone,4.7,sortie_zone,sortie de la zone
9676375387,-51,6,a0:9f:7a:73:2b:3e,384,-110;-96;8;0;-14;10;-8;11;-2;12;4;13;9;16;13;18;16;20;17;23;17;24;17;25;16;26;14;26;12;25;10;23;7;19;5;16;4;11;4;6;4;1;6;-3;8;-7;11;-9;13;-11;16;-11;18;-11;4;-3;0;0;0;0;0;0;0;0;0;0;0;0;0;0;0;0;0;0;-4;-3;-15;-12;-16;-15;-16;-18;-15;-21;-14;-24;-12;-24;-10;-24;-9;-23;-7;-21;-6;-18;-6;-14;-7;-10;-8;-5;-11;-1;-14;3;-17;6;-20;9;-23;12;-26;14;-29;16;-31;17;-33;17;-34;16;-34;15;-32;14;-30;13;-124;0;-11;-9;-11;-9;-10;-9;-10;-9;-10;-9;-10;-9;-11;-8;-11;-8;-11;-7;-11;-6;-11;-6;-10;-6;-10;-6;-11;-6;-11;-6;-11;-6;-11;-5;-11;-5;-10;-5;-10;-5;-10;-6;-10;-6;-10;-6;-10;-5;-10;-5;-9;-5;-9;-5;-9;-6;-3;-2;-1;-1;0;0;0;0;0;0;-1;-1;-2;-4;-5;-10;-5;-11;-4;-11;-4;-11;-4;-11;-4;-11;-3;-11;-3;-11;-3;-11;-3;-11;-3;-11;-3;-11;-3;-11;-4;-10;-4;-10;-3;-10;-3;-10;-4;-10;-4;-10;-5;-10;-6;-10;-7;-10;-7;-9;-7;-9;-7;-10;-8;-10;-9;-11;-9;-11;-124;0;-14;22;-14;21;-14;21;-13;21;-13;20;-12;19;-11;18;-11;18;-10;18;-9;17;-9;17;-9;17;-9;16;-9;16;-8;15;-8;15;-8;15;-8;14;-8;14;-8;14;-8;13;-8;12;-8;12;-8;11;-8;11;-8;10;-9;10;-9;10;-4;3;-2;1;0;-1;0;-1;0;-1;-1;1;-2;4;-5;11;-6;11;-6;11;-7;11;-7;12;-7;12;-8;13;-9;13;-9;14;-10;14;-10;14;-10;14;-11;14;-11;15;-12;15;-12;15;-12;16;-12;16;-12;16;-12;17;-12;18;-13;19;-13;20;-13;20;-14;21;-14;21;-14;22;-14;22,transition,EXP_S052,ZONE_01,sortie_zone,4.7,sortie_zone,sortie de la zone
9676572090,-50,6,a0:9f:7a:73:2b:3e,384,-110;-96;8;0;-16;-5;-13;-1;-11;5;-10;10;-9;15;-9;19;-10;22;-11;24;-12;25;-13;25;-14;25;-15;23;-15;21;-14;18;-13;15;-11;12;-8;9;-4;6;0;5;4;4;8;4;11;5;13;7;15;9;16;11;4;2;0;0;0;0;0;0;0;0;0;0;0;0;0;0;0;0;0;0;-1;-4;-1;-17;1;-20;3;-22;6;-23;8;-23;10;-23;11;-21;11;-19;11;-17;9;-14;6;-12;3;-11;-2;-9;-6;-9;-10;-9;-14;-9;-18;-10;-22;-11;-25;-12;-28;-14;-30;-15;-31;-16;-31;-17;-30;-17;-28;-17;-26;-16;-127;0;5;-24;5;-24;5;-23;4;-23;4;-22;4;-23;3;-23;2;-23;1;-22;0;-22;-1;-21;-1;-21;-1;-21;-1;-21;-2;-21;-2;-21;-2;-21;-2;-20;-2;-19;-2;-19;-1;-19;-1;-19;-2;-19;-2;-19;-2;-19;-1;-18;-1;-18;0;-18;0;-7;0;-2;0;0;-1;0;-1;0;1;-2;4;-6;12;-15;13;-14;14;-14;14;-13;14;-13;14;-13;14;-12;15;-12;15;-12;15;-12;15;-12;15;-12;14;-12;14;-12;13;-12;13;-13;13;-13;12;-13;12;-14;11;-15;10;-17;9;-17;9;-18;9;-19;9;-20;8;-20;8;-21;8;-22;-127;0;-49;-4;-48;-4;-47;-4;-46;-3;-44;-3;-42;-2;-41;-1;-39;-1;-38;0;-37;1;-36;1;-36;2;-35;2;-35;2;-34;2;-33;2;-32;2;-32;1;-31;1;-30;0;-29;0;-28;0;-27;-1;-26;-1;-26;-1;-26;-2;-25;-3;-25;-4;-9;-2;-3;-1;0;-1;1;-1;0;0;-3;0;-9;0;-25;0;-25;-1;-25;-2;-26;-2;-26;-3;-27;-3;-29;-4;-30;-4;-31;-5;-32;-6;-33;-6;-33;-7;-34;-7;-34;-7;-35;-7;-36;-7;-37;-7;-37;-7;-38;-7;-39;-6;-41;-6;-42;-5;-44;-4;-46;-4;-47;-5;-48;-4;-49;-4;-49;-3,transition,EXP_S052,ZONE_01,sortie_zone,4.7,sortie_zone,sortie de la zone
9676772633,-51,6,a0:9f:7a:73:2b:3e,384,-110;-96;8;0;13;-8;7;-10;2;-11;-2;-14;-7;-16;-10;-19;-12;-21;-13;-23;-13;-25;-12;-26;-11;-26;-10;-26;-8;-25;-7;-22;-5;-19;-4;-16;-3;-11;-4;-7;-5;-3;-7;0;-9;3;-12;6;-14;6;-17;6;-18;6;-5;1;0;0;0;0;0;0;0;0;0;0;0;0;0;0;0;0;0;0;2;2;11;12;11;14;10;17;9;20;8;22;7;22;5;22;4;21;3;19;2;16;2;12;4;9;6;5;9;2;12;-2;15;-4;18;-7;21;-9;24;-10;27;-11;29;-12;31;-12;32;-11;31;-10;30;-9;28;-8;-120;0;10;6;9;6;9;6;8;6;8;6;9;6;9;6;10;5;10;4;9;3;9;3;8;3;8;3;9;3;9;3;10;3;10;3;9;2;9;2;8;3;8;3;8;3;8;3;8;3;8;3;8;3;7;3;7;3;2;1;0;0;-1;-1;-1;-1;-1;-1;0;0;1;3;4;8;3;8;3;9;3;9;3;9;3;8;3;8;2;8;2;8;2;9;2;9;2;9;3;9;3;8;3;7;3;7;2;8;3;8;3;8;4;8;5;8;6;7;6;7;6;7;6;7;7;8;7;8;8;8;-120;0;9;-22;10;-22;10;-21;9;-21;9;-20;8;-19;8;-18;7;-18;6;-17;6;-17;5;-17;5;-17;5;-16;5;-16;5;-15;5;-15;4;-15;4;-15;5;-14;5;-14;5;-13;5;-13;5;-12;5;-12;5;-11;5;-11;5;-11;6;-11;2;-4;0;-2;-1;0;-1;0;-1;0;0;-2;1;-4;3;-11;4;-11;4;-11;4;-11;5;-12;5;-12;6;-13;6;-13;6;-14;7;-14;7;-14;8;-14;8;-15;8;-15;8;-15;9;-16;9;-16;9;-16;9;-16;9;-17;9;-18;9;-18;9;-19;10;-20;10;-21;10;-21;10;-21;10;-21,transition,EXP_S052,ZONE_01,sortie_zone,4.7,sortie_zone,sortie de la zone
9676974614,-50,6,a0:9f:7a:73:2b:3e,384,-110;-96;8;0;16;-7;10;-9;4;-12;0;-16;-4;-19;-7;-23;-9;-26;-10;-29;-10;-30;-9;-31;-8;-32;-6;-31;-4;-29;-3;-26;-1;-22;-1;-18;-1;-13;-3;-9;-5;-5;-8;-1;-11;2;-14;3;-17;4;-20;3;-22;2;-6;0;0;0;0;0;0;0;0;0;0;0;0;0;0;0;0;0;0;0;3;3;12;14;12;16;12;20;10;23;9;25;7;26;5;25;3;24;2;21;2;18;3;14;4;10;7;6;10;3;14;-1;17;-3;21;-5;25;-7;29;-9;32;-9;35;-10;36;-9;37;-8;36;-7;35;-7;33;-6;-121;0;6;11;6;11;6;11;6;11;6;10;6;10;7;10;7;9;7;9;7;8;7;8;7;8;7;8;7;8;7;8;8;8;8;7;8;7;7;7;7;7;7;7;7;7;7;7;7;7;7;7;6;7;6;7;5;7;2;2;0;0;-1;-1;-1;-1;0;-1;0;1;0;3;1;10;0;10;0;10;0;10;-1;10;-1;10;-1;10;-1;10;-2;10;-2;10;-2;10;-1;10;-1;10;-1;10;-1;10;-1;9;0;9;0;10;0;10;1;10;2;10;2;10;2;10;3;10;3;11;3;11;4;12;4;12;-121;0;20;-18;20;-18;20;-17;19;-17;18;-16;17;-16;17;-15;16;-15;15;-15;14;-15;13;-15;13;-14;13;-14;12;-14;12;-14;12;-13;12;-13;12;-13;12;-12;12;-12;12;-11;11;-11;11;-10;10;-10;10;-9;10;-9;11;-8;11;-7;4;-3;1;-1;-1;0;-1;0;-1;0;0;-2;3;-4;8;-10;8;-10;9;-10;9;-10;10;-10;10;-10;11;-11;12;-11;12;-11;13;-11;14;-12;14;-12;15;-12;15;-12;15;-12;16;-12;16;-13;16;-13;17;-13;17;-14;17;-14;18;-15;18;-16;19;-16;19;-17;20;-17;20;-18;20;-18,transition,EXP_S052,ZONE_01,sortie_zone,4.7,sortie_zone,sortie de la zone
9677175608,-51,6,a0:9f:7a:73:2b:3e,384,-110;-96;8;0;-1;-18;-5;-13;-10;-9;-14;-6;-19;-3;-23;-2;-27;-1;-30;-1;-31;-2;-32;-3;-32;-4;-31;-6;-28;-7;-25;-7;-21;-7;-17;-6;-13;-4;-9;-1;-5;2;-3;6;-1;10;-1;13;-1;17;-3;19;-4;21;-1;5;0;0;0;0;0;0;0;0;0;0;0;0;0;0;0;0;0;0;4;-2;17;-5;20;-4;23;-2;25;0;26;2;26;4;25;6;23;7;20;6;17;5;14;3;11;0;8;-4;6;-8;5;-13;4;-18;3;-22;3;-26;3;-30;4;-34;5;-36;6;-37;6;-38;7;-37;7;-35;7;-33;125;0;13;-4;12;-4;12;-4;11;-3;12;-3;12;-4;12;-4;12;-5;11;-6;10;-6;10;-6;9;-6;10;-6;10;-6;10;-6;10;-6;9;-7;9;-7;8;-6;8;-6;8;-5;8;-5;8;-5;8;-6;8;-6;8;-5;8;-5;8;-5;2;-2;0;-1;-1;0;-1;-1;-1;-1;1;0;3;0;10;2;10;2;10;3;10;3;10;3;10;3;9;3;9;4;9;4;9;4;9;4;9;4;9;3;9;3;9;3;9;3;9;3;9;3;10;2;10;2;11;1;11;0;10;-1;11;-1;11;-1;12;-1;12;-1;13;-1;125;0;-11;-24;-11;-24;-11;-24;-10;-24;-10;-22;-10;-21;-10;-20;-10;-19;-10;-18;-11;-18;-10;-17;-10;-17;-10;-17;-10;-16;-10;-16;-10;-16;-9;-15;-9;-15;-9;-15;-9;-15;-8;-14;-7;-14;-7;-13;-6;-13;-6;-13;-6;-13;-5;-13;-5;-13;-2;-5;-1;-2;0;0;0;0;0;0;-1;-2;-3;-5;-7;-12;-7;-12;-6;-12;-6;-13;-6;-13;-6;-14;-6;-15;-7;-16;-7;-16;-6;-17;-6;-17;-6;-17;-6;-18;-6;-18;-6;-19;-6;-19;-6;-20;-7;-20;-7;-20;-8;-21;-9;-21;-10;-22;-10;-22;-11;-23;-11;-24;-11;-24;-11;-25;-11;-25,transition,EXP_S052,ZONE_01,sortie_zone,4.7,sortie_zone,sortie de la zone
9677372294,-50,6,a0:9f:7a:73:2b:3e,384,-110;-96;8;0;14;6;12;1;11;-5;10;-10;9;-15;10;-19;11;-22;12;-24;13;-25;15;-25;15;-24;15;-23;15;-20;14;-18;13;-15;11;-12;7;-9;4;-7;-1;-6;-5;-5;-8;-6;-12;-7;-14;-9;-15;-11;-15;-13;-4;-4;0;0;0;0;0;0;0;0;0;0;0;0;0;0;0;0;0;0;-1;3;-3;16;-4;18;-7;20;-10;21;-12;21;-14;20;-15;19;-15;16;-13;14;-12;12;-9;10;-5;9;-1;8;4;8;8;9;12;10;16;11;19;12;22;14;25;15;27;17;28;18;28;20;26;20;25;19;23;18;-118;0;-8;23;-7;23;-6;23;-5;23;-4;23;-3;22;-2;21;-2;21;-2;20;-1;20;0;20;0;20;1;20;1;19;1;19;1;19;1;19;1;20;1;20;1;19;2;19;2;18;2;18;2;17;1;17;0;17;0;17;-1;18;-1;6;-1;2;0;-1;0;-2;0;-1;-2;1;-5;5;-13;15;-13;14;-14;13;-15;12;-15;12;-16;12;-16;12;-16;12;-15;12;-15;12;-15;12;-15;11;-15;11;-15;11;-15;12;-14;12;-13;13;-12;14;-11;14;-11;14;-11;14;-11;15;-11;17;-11;18;-10;20;-9;20;-9;21;-8;21;-118;0;47;2;46;2;45;1;44;1;42;0;41;-1;40;-1;39;-1;38;-2;37;-2;35;-3;34;-4;33;-4;32;-5;32;-4;32;-4;31;-3;30;-3;29;-3;28;-3;27;-2;27;-2;26;-2;25;-1;25;0;24;1;23;2;23;3;8;1;2;0;-1;-1;-2;0;-1;-1;2;-1;8;-1;23;-2;23;-1;24;0;25;1;25;2;26;2;27;2;28;2;29;2;30;3;32;4;33;4;33;5;33;5;34;5;34;5;35;5;36;4;37;4;39;4;40;4;41;4;42;3;43;3;45;2;46;1;47;1;48;1,transition,EXP_S052,ZONE_01,sortie_zone,4.7,sortie_zone,sortie de la zone
9677574184,-51,6,a0:9f:7a:73:2b:3e,384,-110;-96;8;0;-14;-6;-12;-1;-9;5;-8;10;-7;15;-6;19;-7;22;-7;25;-8;26;-9;26;-10;26;-11;25;-11;23;-11;20;-10;17;-8;13;-6;9;-3;6;1;3;5;1;8;0;12;0;15;1;17;2;18;4;4;1;0;0;0;0;0;0;0;0;0;0;0;0;0;0;0;0;0;0;1;-4;6;-16;8;-17;11;-19;14;-19;16;-18;17;-17;18;-16;17;-14;15;-12;13;-10;9;-9;5;-8;1;-8;-4;-9;-8;-10;-12;-11;-16;-12;-20;-14;-23;-15;-26;-17;-27;-18;-28;-19;-28;-20;-28;-20;-26;-19;-24;-18;121;0;6;-26;5;-25;5;-24;6;-23;6;-23;5;-24;4;-24;3;-24;1;-24;0;-23;-1;-22;-1;-22;0;-22;-1;-23;-1;-23;-1;-23;-2;-22;-2;-22;-2;-21;-2;-20;-1;-20;-1;-20;-1;-20;-2;-20;-2;-20;-2;-19;-1;-19;0;-19;0;-7;0;-2;0;0;-1;0;-1;0;1;-2;4;-6;13;-15;14;-15;15;-14;16;-14;16;-14;15;-13;15;-13;16;-12;16;-12;16;-12;16;-12;16;-12;15;-13;15;-13;14;-13;14;-13;14;-13;14;-14;13;-15;13;-16;12;-18;11;-18;10;-19;10;-19;9;-20;10;-21;10;-22;10;-23;121;0;-47;-4;-46;-5;-45;-5;-44;-5;-42;-4;-41;-3;-39;-2;-38;-1;-37;0;-36;1;-35;1;-35;1;-34;1;-33;1;-32;1;-31;1;-31;1;-31;1;-30;0;-29;0;-28;0;-27;-1;-26;-1;-25;-1;-25;-1;-24;-2;-24;-3;-24;-4;-9;-2;-3;-1;0;-1;1;-1;0;0;-3;0;-9;-1;-24;-1;-24;-2;-24;-2;-24;-3;-25;-3;-26;-4;-28;-4;-29;-5;-30;-6;-30;-6;-31;-7;-31;-7;-32;-7;-33;-7;-34;-8;-35;-8;-35;-9;-36;-8;-36;-8;-37;-7;-39;-6;-41;-6;-42;-5;-44;-5;-45;-6;-46;-6;-47;-5;-47;-5,transition,EXP_S052,ZONE_01,sortie_zone,4.7,sortie_zone,sortie de la zone
9677772299,-50,6,a0:9f:7a:73:2b:3e,384,-110;-96;8;0;-6;15;-1;12;5;10;10;9;14;8;18;8;21;9;23;10;25;11;25;11;25;12;23;13;21;14;18;13;15;12;12;10;9;7;6;3;5;-1;4;-5;4;-9;5;-12;6;-14;9;-16;10;-16;2;-4;0;0;0;0;0;0;0;0;0;0;0;0;0;0;0;0;0;0;-4;0;-17;0;-19;-1;-22;-4;-23;-6;-23;-8;-23;-10;-21;-11;-19;-12;-17;-11;-14;-9;-12;-6;-11;-3;-10;1;-9;5;-9;9;-9;13;-10;17;-11;21;-12;24;-14;26;-15;28;-16;29;-16;29;-16;29;-16;27;-15;26;125;0;-24;-5;-23;-5;-22;-5;-22;-5;-22;-5;-22;-5;-23;-4;-23;-3;-22;-2;-21;-1;-20;-1;-20;-1;-20;-1;-21;-1;-21;0;-22;0;-21;1;-20;2;-20;1;-19;1;-19;0;-19;0;-19;0;-19;0;-19;0;-18;0;-18;-1;-17;-1;-6;-1;-2;-1;0;-1;0;0;0;0;-2;-2;-6;-5;-15;-12;-15;-13;-15;-14;-15;-14;-15;-14;-14;-14;-13;-14;-13;-14;-12;-15;-13;-15;-13;-16;-13;-15;-14;-15;-13;-14;-13;-13;-13;-13;-13;-13;-13;-13;-15;-13;-16;-12;-17;-11;-18;-9;-18;-9;-18;-9;-19;-9;-20;-10;-21;-10;-22;-10;125;0;-2;47;-3;47;-3;46;-3;45;-3;43;-2;41;-1;40;0;38;1;37;1;36;1;36;1;35;0;34;0;33;1;32;1;31;1;31;1;30;0;30;0;29;-1;28;-1;27;-2;26;-2;25;-2;24;-3;24;-4;24;-6;24;-3;8;-1;2;0;-1;-1;-2;0;-1;0;2;0;8;1;23;1;23;0;23;0;24;0;25;0;26;-1;28;-2;29;-3;30;-3;31;-4;31;-4;32;-5;32;-5;33;-5;34;-6;35;-6;36;-5;36;-5;37;-4;38;-3;40;-3;41;-3;43;-3;44;-4;46;-4;47;-4;47;-4;47,transition,EXP_S052,ZONE_01,sortie_zone,4.7,sortie_zone,sortie de la zone
9677972462,-50,6,a0:9f:7a:73:2b:3e,384,-110;-96;8;0;0;-16;-4;-12;-9;-8;-13;-5;-17;-3;-21;-2;-24;-1;-27;-1;-29;-2;-29;-3;-29;-4;-27;-5;-25;-6;-23;-6;-19;-6;-15;-5;-12;-4;-8;-1;-5;2;-3;5;-1;9;-1;12;-1;15;-2;17;-4;18;-1;4;0;0;0;0;0;0;0;0;0;0;0;0;0;0;0;0;0;0;3;-2;15;-4;18;-3;20;-2;22;0;23;3;23;4;22;6;20;6;18;6;15;5;12;3;10;0;7;-4;6;-7;4;-12;4;-16;3;-20;3;-24;3;-27;4;-30;5;-32;5;-34;6;-34;7;-33;7;-31;7;-29;-121;0;11;-4;11;-4;10;-4;10;-4;10;-4;10;-4;10;-4;10;-5;9;-6;9;-6;8;-6;8;-6;8;-6;8;-6;9;-6;8;-6;8;-7;8;-6;7;-6;7;-6;7;-5;7;-5;7;-5;7;-6;7;-6;7;-5;7;-5;7;-5;2;-2;0;-1;-1;0;-1;-1;-1;-1;0;0;3;0;9;2;9;2;9;2;9;2;9;3;9;2;8;3;8;3;8;3;8;4;8;4;9;3;9;3;8;2;8;2;8;2;8;2;8;2;9;2;9;1;10;0;10;-1;9;-1;9;-1;10;-1;10;-1;11;-1;12;-2;-121;0;-11;-22;-11;-22;-11;-21;-10;-21;-10;-20;-10;-19;-10;-18;-10;-17;-10;-16;-10;-16;-10;-15;-10;-15;-10;-15;-9;-14;-9;-14;-9;-14;-9;-13;-9;-13;-9;-13;-8;-13;-7;-13;-7;-12;-7;-12;-6;-12;-6;-11;-6;-11;-5;-12;-5;-12;-2;-5;-1;-2;0;0;0;0;0;0;-1;-2;-3;-4;-6;-10;-6;-11;-6;-11;-6;-11;-6;-12;-6;-12;-6;-13;-6;-14;-6;-15;-6;-15;-6;-15;-6;-16;-6;-16;-6;-16;-6;-17;-6;-17;-6;-18;-6;-18;-7;-18;-7;-18;-8;-19;-9;-19;-9;-20;-10;-21;-10;-21;-10;-22;-10;-22;-11;-22,transition,EXP_S052,ZONE_01,sortie_zone,4.7,sortie_zone,sortie de la zone
9678172394,-50,6,a0:9f:7a:73:2b:3e,384,-110;-96;8;0;15;-4;10;-7;5;-10;1;-14;-2;-17;-4;-21;-5;-24;-5;-26;-5;-28;-5;-29;-4;-29;-2;-28;-1;-26;0;-23;1;-20;1;-16;0;-12;-1;-8;-4;-4;-7;-1;-10;1;-13;2;-16;2;-18;1;-20;0;-5;0;0;0;0;0;0;0;0;0;0;0;0;0;0;0;0;0;0;0;1;3;7;14;7;17;6;20;4;22;2;23;1;24;-1;23;-2;21;-2;19;-2;16;-1;13;1;10;5;7;8;4;11;2;15;0;19;-1;23;-2;26;-3;29;-3;32;-3;33;-2;33;-2;33;-1;31;0;30;0;-128;0;6;10;6;9;5;9;5;9;5;9;5;9;6;9;7;9;7;8;7;7;6;7;6;7;6;7;6;7;7;7;7;7;7;7;7;6;6;6;6;6;6;6;6;7;6;7;6;6;6;6;6;6;5;6;5;6;1;2;0;0;-1;-1;-1;-1;0;-1;0;0;0;3;0;9;0;9;0;9;0;10;0;9;0;9;-1;9;-1;9;-2;9;-2;9;-2;9;-2;10;-1;9;-1;9;-1;8;-1;8;-1;8;-1;9;0;9;1;9;2;9;2;9;3;9;3;9;3;9;3;10;3;10;4;11;-128;0;17;-16;17;-16;17;-15;17;-15;16;-14;15;-14;15;-13;14;-13;13;-13;12;-13;12;-13;12;-13;11;-12;11;-12;11;-12;10;-12;10;-12;10;-11;10;-11;10;-10;10;-10;10;-9;9;-9;9;-8;9;-8;9;-8;9;-7;10;-7;3;-3;1;-1;-1;0;-1;0;-1;0;0;-2;2;-4;7;-9;7;-9;8;-9;8;-9;9;-9;9;-9;10;-10;11;-10;11;-10;12;-10;12;-10;12;-10;13;-10;13;-11;14;-11;14;-11;14;-11;15;-11;15;-11;15;-12;15;-13;15;-13;16;-14;17;-15;17;-15;18;-15;18;-16;18;-16,transition,EXP_S052,ZONE_01,sortie_zone,4.7,sortie_zone,sortie de la zone
9678372363,-50,6,a0:9f:7a:73:2b:3e,384,-110;-96;8;0;6;-15;0;-13;-5;-11;-10;-10;-15;-10;-19;-10;-22;-11;-24;-12;-25;-13;-26;-14;-25;-15;-24;-16;-22;-16;-19;-15;-15;-14;-12;-11;-9;-8;-7;-4;-6;0;-5;4;-5;8;-6;11;-8;13;-10;15;-11;16;-3;4;0;0;0;0;0;0;0;0;0;0;0;0;0;0;0;0;0;0;3;0;16;2;18;4;20;6;21;9;21;11;20;13;19;13;17;13;14;12;12;10;10;7;9;4;8;0;8;-5;9;-9;10;-13;11;-17;12;-21;13;-24;15;-26;16;-28;18;-29;19;-29;19;-28;19;-27;18;-25;-116;0;23;5;23;5;22;4;22;4;22;3;22;2;22;2;22;1;21;0;20;-1;20;-1;20;-1;20;-1;20;-2;20;-2;20;-3;20;-3;19;-3;19;-3;18;-3;18;-3;18;-3;18;-3;18;-3;18;-3;17;-3;17;-2;16;-1;6;-1;1;0;-1;0;-1;-1;-1;-1;1;1;5;4;13;13;13;13;12;14;12;14;12;14;12;14;11;14;11;14;11;15;11;15;11;15;12;15;12;14;12;14;11;13;11;12;11;12;12;12;13;12;15;11;16;11;17;10;17;9;18;9;19;9;20;9;21;9;22;8;-116;0;1;-48;1;-48;1;-47;1;-46;1;-44;0;-42;-1;-41;-2;-40;-3;-38;-4;-37;-4;-36;-5;-35;-4;-34;-4;-34;-4;-33;-4;-33;-4;-32;-4;-32;-4;-31;-3;-30;-3;-29;-3;-28;-2;-27;-2;-26;-2;-25;-1;-25;1;-25;2;-24;0;-9;0;-3;0;0;0;1;-1;0;-1;-3;-1;-9;0;-24;0;-24;1;-24;2;-25;2;-26;2;-27;3;-28;3;-30;4;-31;4;-32;5;-32;5;-33;5;-34;6;-34;6;-35;6;-36;6;-36;6;-37;6;-38;5;-39;4;-40;3;-42;3;-44;3;-45;3;-47;2;-48;2;-49;2;-49,transition,EXP_S052,ZONE_01,sortie_zone,4.7,sortie_zone,sortie de la zone
9678572320,-50,6,a0:9f:7a:73:2b:3e,384,-110;-96;8;0;3;17;7;11;11;6;15;1;19;-2;22;-5;26;-6;29;-6;30;-6;31;-6;31;-4;31;-3;29;-1;25;1;21;1;17;1;12;0;8;-2;4;-4;1;-8;-2;-11;-3;-14;-3;-17;-3;-20;-2;-22;-1;-6;0;0;0;0;0;0;0;0;0;0;0;0;0;0;0;0;0;0;-4;2;-17;9;-20;8;-23;7;-26;6;-27;4;-28;1;-27;0;-25;-1;-22;-2;-19;-2;-15;0;-12;2;-8;5;-5;9;-3;13;-1;17;1;22;2;26;3;29;3;33;3;36;2;37;2;38;1;37;1;36;0;34;-124;0;-14;2;-14;2;-14;2;-14;3;-13;3;-13;3;-13;3;-12;3;-12;3;-12;4;-11;4;-11;4;-11;5;-11;5;-11;5;-11;4;-11;4;-11;4;-11;4;-11;4;-10;4;-10;4;-10;4;-10;4;-10;3;-10;3;-10;3;-10;2;-4;0;-2;0;0;-1;0;0;0;0;-2;0;-4;-1;-11;-1;-11;-2;-11;-3;-11;-3;-11;-3;-11;-4;-11;-4;-11;-4;-11;-4;-11;-5;-11;-4;-11;-4;-11;-4;-11;-4;-11;-3;-11;-3;-11;-3;-11;-3;-11;-2;-11;-2;-11;-2;-12;-1;-12;-1;-13;-1;-13;0;-13;0;-13;1;-14;1;-124;0;9;24;9;24;9;23;9;22;9;22;8;21;8;20;8;20;8;19;8;18;8;17;8;17;8;17;8;16;8;16;7;16;7;15;7;15;6;15;6;14;5;14;5;14;5;13;4;13;4;13;3;13;2;13;2;13;0;4;0;1;-1;-1;-1;-1;-1;-1;0;1;2;3;7;10;7;10;7;11;6;11;6;12;6;13;6;13;6;14;6;15;6;15;6;16;6;16;6;17;6;17;6;18;6;18;7;18;7;19;7;19;7;20;8;21;8;21;9;22;9;22;9;23;10;23;10;24;10;24,transition,EXP_S052,ZONE_01,sortie_zone,4.7,sortie_zone,sortie de la zone
9678773563,-50,6,a0:9f:7a:73:2b:3e,384,-110;-96;8;0;-16;-6;-12;-1;-10;5;-8;11;-7;16;-7;20;-8;23;-8;26;-9;27;-10;28;-11;28;-12;26;-13;24;-12;21;-11;17;-9;13;-7;10;-3;6;1;4;5;2;9;1;13;1;16;2;18;4;19;6;5;1;0;0;0;0;0;0;0;0;0;0;0;0;0;0;0;0;0;0;1;-5;4;-17;7;-19;10;-21;13;-21;15;-21;16;-20;17;-18;16;-16;15;-14;12;-12;9;-10;5;-9;0;-9;-4;-9;-9;-10;-13;-11;-17;-12;-21;-14;-25;-15;-28;-16;-29;-18;-30;-19;-31;-20;-30;-20;-28;-19;-26;-18;-120;0;9;-26;9;-25;8;-25;8;-24;7;-24;7;-24;6;-24;5;-24;4;-24;3;-23;2;-23;2;-23;2;-23;1;-23;1;-23;1;-24;1;-23;1;-23;1;-22;1;-22;1;-21;1;-21;1;-21;1;-21;1;-21;1;-20;2;-20;2;-19;1;-7;0;-2;-1;0;-1;1;-1;0;1;-2;5;-6;14;-16;15;-15;15;-15;16;-14;16;-14;16;-13;17;-13;17;-12;17;-12;17;-12;17;-12;17;-12;16;-13;16;-13;15;-13;15;-13;15;-13;15;-14;14;-15;14;-16;13;-17;13;-18;13;-18;12;-19;12;-20;11;-22;11;-23;11;-24;-120;0;-49;-10;-49;-9;-48;-9;-46;-8;-45;-8;-43;-7;-42;-7;-40;-6;-39;-5;-38;-4;-37;-3;-37;-3;-36;-3;-35;-3;-35;-3;-34;-3;-33;-3;-32;-3;-31;-4;-30;-4;-29;-4;-28;-4;-27;-5;-26;-5;-26;-5;-25;-6;-24;-7;-24;-8;-9;-3;-3;-2;0;0;1;-1;0;0;-3;0;-9;-1;-25;-1;-25;-2;-25;-3;-26;-4;-27;-4;-28;-5;-29;-5;-30;-6;-31;-7;-32;-8;-33;-8;-33;-8;-33;-9;-34;-9;-35;-9;-36;-10;-37;-10;-37;-10;-38;-10;-40;-10;-41;-9;-43;-9;-44;-9;-45;-9;-47;-9;-48;-9;-49;-9;-50;-9,transition,EXP_S052,ZONE_01,sortie_zone,4.7,sortie_zone,sortie de la zone
9678972312,-50,6,a0:9f:7a:73:2b:3e,384,-110;-96;8;0;-7;15;-2;13;4;11;9;11;14;10;18;11;21;12;23;13;24;15;24;16;23;17;21;17;19;17;16;16;13;14;11;12;8;8;6;4;5;0;5;-4;6;-8;8;-11;10;-13;12;-14;14;-14;3;-4;0;0;0;0;0;0;0;0;0;0;0;0;0;0;0;0;0;0;-4;-1;-17;-1;-19;-3;-22;-5;-23;-8;-23;-10;-23;-12;-22;-13;-19;-13;-17;-12;-15;-10;-13;-8;-11;-4;-10;0;-10;4;-10;8;-11;13;-12;17;-13;20;-14;23;-16;26;-17;28;-19;29;-20;29;-21;28;-20;26;-19;24;-119;0;-24;-6;-24;-6;-23;-6;-22;-6;-22;-6;-22;-6;-23;-5;-23;-4;-22;-2;-21;-1;-21;-1;-21;-1;-21;-1;-21;-1;-22;0;-22;0;-21;1;-20;1;-20;1;-19;0;-19;0;-18;0;-18;0;-18;0;-18;0;-18;0;-18;-1;-18;-1;-7;-1;-2;-1;0;-1;0;0;0;0;-2;-2;-6;-5;-15;-13;-14;-14;-14;-15;-14;-15;-13;-15;-13;-15;-12;-15;-12;-15;-11;-16;-11;-16;-11;-17;-12;-16;-12;-16;-13;-15;-13;-14;-13;-14;-13;-14;-13;-14;-14;-13;-15;-13;-17;-11;-17;-10;-18;-10;-18;-9;-19;-10;-20;-10;-22;-10;-23;-10;-119;0;-5;49;-5;48;-4;47;-4;46;-4;44;-3;43;-2;41;-1;40;0;38;0;37;0;37;0;36;0;35;1;34;1;33;1;32;1;32;1;31;1;31;0;30;0;29;-1;28;-1;27;-2;26;-2;25;-3;25;-4;25;-5;24;-2;8;-1;2;-1;-1;-1;-2;0;-1;0;2;0;8;-1;23;-1;24;-2;24;-3;25;-3;26;-4;27;-4;28;-5;29;-6;31;-6;31;-7;32;-7;32;-8;33;-8;34;-8;35;-8;36;-8;37;-8;37;-7;38;-7;39;-6;41;-6;43;-6;44;-6;46;-6;47;-6;48;-6;49;-5;49,transition,EXP_S052,ZONE_01,sortie_zone,4.7,sortie_zone,sortie de la zone
9679172332,-50,6,a0:9f:7a:73:2b:3e,384,-110;-96;8;0;-5;15;0;12;5;10;11;8;15;8;19;8;22;9;24;10;26;10;26;11;26;12;24;13;22;13;19;13;15;12;12;10;9;7;7;3;5;-1;5;-5;5;-9;5;-12;7;-14;9;-16;11;-17;2;-5;0;0;0;0;0;0;0;0;0;0;0;0;0;0;0;0;0;0;-4;0;-17;2;-20;0;-22;-2;-24;-4;-24;-7;-24;-9;-22;-10;-20;-11;-18;-10;-16;-8;-13;-6;-11;-2;-9;1;-8;5;-8;10;-8;14;-9;18;-9;22;-11;25;-12;28;-14;30;-15;31;-15;31;-15;30;-15;29;-14;27;-127;0;-24;-5;-24;-5;-24;-5;-23;-4;-23;-4;-23;-4;-23;-3;-23;-2;-23;-1;-22;-1;-21;-1;-21;-1;-21;-1;-21;-1;-21;0;-22;0;-21;1;-21;1;-20;1;-20;0;-19;0;-19;-1;-19;-1;-19;-1;-19;-1;-18;-1;-18;-2;-18;-3;-7;-1;-2;-1;0;-1;1;0;0;0;-2;-1;-7;-4;-17;-10;-17;-11;-17;-11;-17;-12;-16;-12;-16;-12;-15;-13;-15;-13;-15;-13;-15;-14;-15;-14;-15;-14;-15;-14;-15;-13;-14;-13;-14;-12;-14;-12;-15;-11;-16;-11;-17;-10;-18;-10;-19;-9;-19;-8;-20;-8;-20;-8;-21;-8;-22;-8;-24;-8;-127;0;-1;48;-1;48;-1;47;-1;46;-1;44;0;42;0;40;1;39;1;38;2;37;2;36;2;35;1;34;1;33;1;33;1;32;1;31;1;31;0;30;0;30;-1;28;-2;27;-2;26;-2;25;-3;25;-4;24;-6;24;-7;24;-3;8;-1;2;0;-1;-1;-2;-1;-1;0;2;2;8;5;23;4;23;4;24;3;24;3;25;3;27;2;28;2;30;1;31;0;32;0;33;-1;33;-1;34;-1;35;-2;35;-2;36;-2;36;-2;37;-2;38;-1;39;-1;41;0;42;0;44;0;45;0;47;0;48;0;48;0;49,transition,EXP_S052,ZONE_01,sortie_zone,4.7,sortie_zone,sortie de la zone
9679372163,-50,6,a0:9f:7a:73:2b:3e,384,-110;-96;8;0;-16;-3;-12;2;-9;7;-7;12;-5;16;-4;20;-4;23;-4;26;-5;27;-6;28;-7;27;-8;26;-9;24;-9;21;-8;18;-7;14;-5;10;-2;7;2;4;5;2;9;1;12;1;15;1;17;3;19;4;4;1;0;0;0;0;0;0;0;0;0;0;0;0;0;0;0;0;0;0;-1;-4;-1;-17;0;-20;2;-22;5;-23;7;-24;9;-23;10;-22;10;-20;10;-17;8;-15;5;-12;2;-10;-2;-9;-7;-8;-11;-7;-15;-7;-19;-7;-23;-8;-26;-9;-29;-9;-31;-11;-33;-12;-33;-12;-32;-12;-30;-12;-29;-12;126;0;0;-13;-1;-13;-1;-12;-1;-12;-1;-12;-1;-12;-1;-12;-2;-12;-2;-12;-3;-11;-3;-11;-3;-11;-3;-11;-3;-11;-4;-11;-4;-11;-4;-11;-4;-10;-4;-10;-4;-10;-3;-10;-3;-10;-4;-10;-4;-10;-3;-9;-3;-9;-3;-9;-3;-9;-1;-4;-1;-1;0;0;-1;0;-1;0;0;-2;1;-4;4;-9;5;-9;5;-9;5;-9;5;-8;5;-8;5;-8;6;-8;6;-8;6;-8;6;-8;6;-8;5;-8;5;-8;5;-8;5;-8;5;-8;4;-8;4;-9;4;-9;3;-10;3;-10;2;-10;2;-11;2;-11;1;-12;1;-12;1;-13;126;0;-24;3;-24;3;-23;3;-23;3;-22;3;-21;4;-20;4;-19;4;-19;4;-18;5;-18;5;-17;4;-17;4;-17;4;-16;4;-16;4;-16;4;-15;4;-15;4;-15;4;-14;3;-14;3;-13;3;-13;2;-13;2;-13;2;-13;1;-13;1;-5;0;-2;-1;0;-1;0;-1;0;-1;-2;0;-5;0;-12;2;-12;2;-12;1;-13;1;-13;1;-14;1;-14;1;-15;1;-16;1;-16;1;-16;0;-17;0;-17;0;-18;0;-18;0;-19;0;-19;0;-19;0;-19;1;-20;1;-21;2;-21;2;-22;3;-23;3;-23;3;-24;3;-24;3;-24;3,transition,EXP_S052,ZONE_01,sortie_zone,4.7,sortie_zone,sortie de la zone
9679572703,-50,6,a0:9f:7a:73:2b:3e,384,-110;-96;8;0;-10;15;-4;13;3;12;8;12;14;12;18;13;21;15;24;16;25;18;25;19;24;20;22;20;19;20;17;19;13;16;10;13;8;9;6;5;5;0;6;-4;7;-8;8;-11;10;-14;13;-15;15;-15;4;-4;0;0;0;0;0;0;0;0;0;0;0;0;0;0;0;0;0;0;-5;-1;-19;-4;-21;-6;-23;-9;-23;-13;-23;-15;-22;-17;-20;-18;-18;-18;-15;-16;-13;-14;-12;-10;-11;-6;-10;-2;-11;3;-12;8;-13;12;-15;16;-17;20;-19;23;-21;26;-23;27;-25;28;-25;28;-25;27;-25;25;-23;24;-124;0;-24;-13;-24;-13;-23;-13;-23;-13;-22;-12;-23;-12;-23;-11;-23;-10;-23;-9;-23;-8;-23;-8;-22;-8;-22;-8;-22;-8;-23;-8;-23;-7;-23;-7;-22;-6;-22;-6;-21;-6;-20;-7;-20;-7;-20;-7;-20;-7;-20;-7;-19;-7;-19;-7;-18;-8;-7;-3;-2;-2;0;0;0;0;0;0;-2;-2;-5;-6;-14;-17;-14;-18;-13;-18;-13;-19;-12;-19;-12;-19;-11;-19;-10;-19;-10;-20;-10;-20;-10;-20;-10;-20;-10;-20;-10;-19;-10;-18;-10;-18;-10;-17;-11;-17;-12;-17;-14;-17;-15;-17;-16;-16;-17;-16;-17;-15;-18;-16;-19;-16;-21;-16;-22;-17;-124;0;-18;49;-18;49;-18;48;-18;47;-17;45;-16;43;-14;42;-13;41;-12;40;-12;39;-12;38;-11;37;-11;36;-11;35;-10;34;-10;34;-10;33;-10;32;-10;32;-10;31;-11;29;-11;28;-11;27;-11;26;-12;25;-13;24;-14;23;-15;23;-6;8;-2;2;0;-1;0;-2;0;-1;-1;2;-2;8;-4;25;-5;25;-6;26;-7;26;-8;27;-8;28;-9;30;-10;31;-11;32;-12;32;-13;33;-14;33;-15;34;-15;34;-16;35;-17;36;-16;36;-17;37;-16;38;-16;39;-16;41;-16;43;-16;45;-17;47;-17;48;-18;49;-19;50;-19;50,transition,EXP_S052,ZONE_01,sortie_zone,4.7,sortie_zone,sortie de la zone
9679774024,-50,6,a0:9f:7a:73:2b:3e,384,-110;-96;8;0;3;15;6;10;9;5;13;1;17;-2;20;-4;23;-5;26;-6;27;-6;28;-5;28;-4;27;-2;25;-1;23;0;19;1;15;1;11;0;7;-2;3;-4;1;-7;-1;-10;-2;-13;-3;-16;-2;-19;-1;-20;-1;-6;0;0;0;0;0;0;0;0;0;0;0;0;0;0;0;0;0;0;-4;2;-15;9;-17;9;-21;8;-23;6;-25;4;-25;2;-24;1;-23;-1;-20;-1;-17;-1;-14;0;-10;2;-7;5;-4;8;-2;12;0;16;1;20;2;23;3;27;3;30;3;32;3;33;2;34;2;34;1;32;1;30;-122;0;-13;2;-12;2;-12;2;-12;2;-12;2;-12;2;-12;2;-11;3;-11;3;-11;3;-10;3;-10;3;-10;3;-10;4;-10;4;-10;4;-10;4;-10;4;-10;3;-10;3;-9;3;-9;3;-9;3;-9;3;-9;3;-9;2;-9;2;-9;2;-4;0;-1;0;0;-1;0;0;0;0;-2;-1;-4;-1;-10;-2;-10;-3;-10;-3;-10;-3;-10;-4;-10;-4;-10;-4;-9;-4;-9;-5;-9;-5;-10;-5;-10;-4;-10;-4;-9;-4;-9;-3;-9;-3;-9;-3;-9;-3;-10;-3;-10;-3;-10;-2;-11;-2;-11;-1;-11;-1;-11;-1;-12;0;-12;0;-12;0;-122;0;8;22;8;22;7;21;7;21;7;20;7;19;7;19;7;18;7;17;7;17;7;16;7;16;7;15;6;15;6;15;6;14;6;14;6;14;5;14;5;13;4;13;4;12;3;12;3;12;3;12;2;12;2;12;1;12;0;4;0;1;-1;-1;-1;-1;-1;-1;0;0;2;3;6;9;6;9;6;10;5;10;5;11;5;12;5;12;5;13;5;14;5;14;5;15;5;15;5;15;5;16;5;16;5;17;5;17;5;17;5;18;6;18;6;19;7;19;7;20;7;21;8;21;8;22;8;22;9;22,transition,EXP_S052,ZONE_01,sortie_zone,4.7,sortie_zone,sortie de la zone
9679974345,-51,6,a0:9f:7a:73:2b:3e,384,-110;-96;8;0;13;10;12;4;12;-2;12;-8;13;-13;15;-18;16;-21;18;-23;19;-24;20;-24;21;-24;21;-22;21;-19;20;-16;17;-13;14;-10;10;-8;5;-7;0;-6;-4;-6;-8;-7;-12;-9;-14;-11;-15;-13;-16;-16;-4;-4;0;0;0;0;0;0;0;0;0;0;0;0;0;0;0;0;0;0;-2;3;-9;16;-12;17;-15;18;-18;18;-20;17;-22;16;-22;14;-21;12;-19;10;-16;9;-12;8;-8;8;-3;8;1;10;6;12;9;14;13;16;17;19;19;21;22;24;23;26;24;28;24;28;23;28;22;27;20;25;-127;0;-16;22;-16;21;-15;21;-15;20;-15;20;-15;21;-14;21;-12;22;-10;22;-9;22;-8;21;-8;21;-8;21;-8;21;-8;22;-7;22;-7;22;-6;21;-6;20;-6;20;-7;19;-7;19;-7;20;-6;20;-6;19;-6;19;-7;18;-7;18;-3;6;-1;1;0;-1;1;-1;0;-1;-3;1;-8;3;-20;9;-21;8;-21;7;-21;6;-21;6;-21;6;-21;5;-21;4;-21;4;-22;3;-22;4;-22;5;-21;5;-20;6;-20;6;-19;6;-19;7;-19;7;-20;8;-19;10;-19;12;-18;13;-18;14;-17;14;-18;15;-18;16;-19;17;-19;19;-127;0;47;22;47;21;46;20;44;20;43;19;41;18;40;16;39;15;38;13;37;12;36;12;36;11;35;11;34;10;34;9;33;9;32;9;32;9;31;9;30;9;29;10;28;10;27;9;26;9;25;9;24;10;23;11;23;12;8;4;2;1;-1;-1;-2;-1;-1;-1;2;0;8;3;24;10;23;10;23;11;24;12;24;13;25;13;26;15;27;16;28;17;28;18;28;18;29;19;30;19;31;20;32;21;33;21;33;21;34;21;35;21;36;21;37;20;39;21;41;21;43;21;44;22;45;22;46;22;47;22,transition,EXP_S052,ZONE_01,sortie_zone,4.7,sortie_zone,sortie de la zone
9680172422,-50,6,a0:9f:7a:73:2b:3e,384,-110;-96;8;0;-10;-13;-11;-7;-12;-2;-14;3;-16;8;-18;11;-20;14;-22;15;-24;15;-25;15;-25;14;-25;12;-24;10;-22;8;-19;6;-16;5;-11;4;-7;4;-3;4;1;6;4;7;7;10;8;12;9;15;8;17;2;4;0;0;0;0;0;0;0;0;0;0;0;0;0;0;0;0;0;0;2;-4;10;-14;12;-14;16;-15;18;-14;20;-13;21;-11;21;-10;20;-8;18;-7;15;-6;12;-6;8;-7;4;-8;0;-10;-3;-13;-7;-16;-9;-18;-12;-21;-14;-24;-15;-27;-16;-29;-16;-30;-16;-31;-15;-31;-14;-30;-13;-28;-123;0;14;-21;13;-20;13;-18;14;-18;14;-17;14;-18;14;-19;12;-20;10;-21;9;-20;8;-19;8;-19;9;-19;9;-19;9;-20;8;-21;7;-20;6;-20;6;-18;7;-18;7;-17;8;-17;7;-18;7;-18;6;-18;6;-17;7;-16;7;-16;2;-6;0;-2;-1;0;-2;0;-1;0;1;-2;6;-4;17;-9;18;-8;18;-7;19;-7;19;-7;18;-6;17;-5;17;-4;18;-3;19;-3;19;-4;19;-5;18;-6;17;-6;16;-6;16;-6;16;-5;17;-6;17;-7;18;-9;17;-11;16;-13;15;-13;15;-13;15;-13;16;-14;17;-15;18;-17;-123;0;-43;-24;-42;-24;-41;-24;-40;-23;-38;-22;-37;-21;-35;-19;-35;-18;-34;-16;-34;-15;-34;-15;-33;-14;-33;-14;-32;-14;-31;-13;-30;-13;-29;-13;-29;-13;-29;-13;-28;-13;-26;-13;-25;-13;-24;-13;-23;-12;-22;-12;-22;-13;-21;-14;-21;-15;-8;-6;-2;-2;0;0;1;0;0;0;-3;-1;-8;-4;-22;-10;-22;-10;-22;-11;-22;-12;-23;-13;-24;-14;-25;-15;-26;-16;-26;-17;-26;-18;-27;-19;-27;-19;-28;-19;-29;-20;-29;-21;-30;-21;-30;-22;-31;-22;-31;-22;-32;-22;-34;-22;-36;-22;-38;-22;-40;-23;-41;-24;-41;-24;-42;-24;-42;-24,transition,EXP_S052,ZONE_01,sortie_zone,4.7,sortie_zone,sortie de la zone
9680372308,-51,6,a0:9f:7a:73:2b:3e,384,-110;-96;8;0;-11;12;-5;11;1;11;6;11;10;12;14;14;17;15;19;17;20;18;19;19;18;20;17;20;15;20;12;18;9;16;7;13;6;9;5;5;5;1;5;-3;7;-7;8;-9;10;-11;13;-12;15;-12;3;-3;0;0;0;0;0;0;0;0;0;0;0;0;0;0;0;0;0;0;-4;-2;-16;-6;-17;-9;-18;-12;-19;-14;-18;-16;-17;-18;-15;-18;-13;-18;-12;-16;-10;-14;-9;-10;-9;-7;-9;-3;-10;1;-12;5;-14;9;-16;12;-18;15;-20;18;-22;20;-24;21;-25;21;-26;21;-26;21;-25;19;-24;18;-128;0;-17;-18;-17;-17;-17;-17;-17;-16;-17;-16;-17;-15;-17;-15;-17;-14;-17;-13;-18;-12;-18;-11;-18;-11;-18;-11;-18;-10;-18;-10;-19;-10;-19;-10;-18;-9;-18;-9;-17;-9;-17;-9;-17;-9;-17;-9;-17;-9;-16;-9;-16;-9;-15;-9;-15;-10;-6;-4;-2;-2;0;0;0;1;0;0;-1;-2;-3;-7;-7;-19;-6;-19;-5;-19;-4;-19;-4;-19;-3;-19;-3;-19;-3;-20;-2;-20;-2;-19;-3;-19;-3;-19;-3;-19;-4;-18;-4;-18;-4;-18;-5;-18;-5;-18;-6;-18;-7;-18;-8;-18;-9;-18;-10;-18;-11;-18;-12;-18;-13;-19;-14;-18;-14;-18;-128;0;-28;38;-27;38;-27;37;-26;36;-24;35;-23;34;-22;33;-21;32;-19;32;-18;32;-18;31;-17;30;-16;30;-16;29;-16;28;-15;28;-15;27;-15;26;-15;25;-15;24;-15;23;-14;22;-14;22;-14;21;-14;20;-15;19;-15;18;-16;18;-6;6;-2;1;0;-1;0;-2;0;-1;-1;2;-4;7;-11;20;-12;20;-13;19;-14;20;-15;20;-16;21;-17;21;-18;22;-19;23;-20;23;-21;24;-21;24;-22;25;-23;25;-23;26;-24;26;-24;27;-24;27;-24;28;-25;29;-25;31;-26;32;-26;34;-26;35;-27;36;-27;37;-27;38;-28;39,transition,EXP_S052,ZONE_01,sortie_zone,4.7,sortie_zone,sortie de la zone
9680572954,-51,6,a0:9f:7a:73:2b:3e,384,-110;-96;8;0;7;16;9;10;11;4;15;0;18;-4;21;-7;24;-9;27;-9;29;-9;29;-8;30;-7;29;-5;27;-3;24;-2;21;0;17;0;12;-1;8;-3;4;-5;1;-8;-2;-11;-3;-14;-3;-17;-2;-20;-1;-21;0;-6;0;0;0;0;0;0;0;0;0;0;0;0;0;0;0;0;0;0;-3;3;-13;13;-15;14;-19;14;-22;13;-24;11;-25;9;-25;8;-23;6;-21;5;-18;4;-14;4;-11;5;-7;7;-3;10;0;13;3;17;5;20;7;24;9;27;10;30;10;33;10;35;9;35;8;35;7;33;6;32;-123;0;-12;6;-11;6;-11;5;-11;5;-11;5;-11;5;-11;6;-10;6;-10;7;-9;7;-9;7;-9;6;-9;6;-9;7;-9;7;-9;7;-8;7;-8;7;-8;7;-8;6;-8;6;-8;6;-8;6;-8;6;-8;6;-8;6;-8;5;-8;5;-3;1;-1;0;0;-1;0;-1;0;0;-2;0;-4;0;-11;1;-11;1;-11;0;-11;0;-11;0;-11;-1;-11;-1;-10;-1;-10;-2;-11;-2;-11;-2;-11;-2;-11;-1;-10;-1;-10;-1;-10;-1;-10;-1;-10;-1;-11;0;-11;1;-11;1;-11;2;-11;2;-11;3;-11;3;-11;3;-12;3;-13;4;-123;0;16;20;16;20;15;19;15;19;14;18;14;17;13;17;13;16;13;15;13;14;13;14;13;13;12;13;12;13;12;12;11;12;11;12;11;12;10;12;10;12;9;12;9;11;8;11;8;10;7;10;7;11;6;11;5;11;2;4;0;1;-1;-1;-1;-1;-1;-1;1;0;3;2;9;7;9;8;9;8;9;9;9;9;9;10;10;11;10;12;10;12;10;13;10;13;10;14;11;14;11;14;11;15;11;15;11;16;11;16;12;16;12;16;13;17;14;17;14;18;15;19;15;19;16;19;16;20;16;20,transition,EXP_S052,ZONE_01,sortie_zone,4.7,sortie_zone,sortie de la zone
9680772481,-51,6,a0:9f:7a:73:2b:3e,384,-110;-96;8;0;-3;-17;-7;-12;-11;-8;-15;-4;-19;-1;-23;1;-26;2;-29;2;-30;1;-31;0;-31;-1;-30;-2;-28;-3;-25;-4;-21;-4;-17;-4;-13;-3;-9;0;-5;3;-3;6;-1;10;0;13;0;16;-1;19;-2;20;-1;5;0;0;0;0;0;0;0;0;0;0;0;0;0;0;0;0;0;0;3;-2;16;-8;19;-7;22;-6;24;-4;25;-2;25;1;25;2;23;3;20;4;17;3;14;1;11;-2;8;-5;5;-9;3;-13;2;-18;1;-22;0;-26;0;-29;0;-33;0;-35;1;-37;2;-37;2;-36;3;-35;3;-33;-125;0;12;-5;11;-5;11;-5;11;-5;11;-5;11;-5;11;-5;10;-6;10;-6;9;-7;9;-7;8;-6;9;-6;9;-7;9;-7;9;-7;8;-7;8;-7;8;-7;8;-6;8;-6;8;-6;8;-6;8;-6;8;-6;7;-6;7;-6;7;-5;2;-2;0;-1;-1;0;-1;-1;-1;-1;1;0;3;0;10;1;10;1;10;2;10;2;10;2;10;2;9;2;9;2;9;3;9;3;10;3;10;3;10;2;9;2;9;1;9;1;9;1;9;1;10;1;10;0;10;-1;10;-1;10;-2;10;-2;11;-2;11;-2;12;-2;12;-3;-125;0;-14;-23;-13;-23;-13;-22;-13;-22;-12;-21;-12;-20;-12;-19;-12;-18;-12;-17;-12;-16;-12;-16;-11;-16;-11;-16;-11;-15;-11;-15;-11;-14;-10;-14;-10;-14;-10;-14;-9;-14;-9;-13;-8;-13;-8;-13;-7;-12;-7;-12;-6;-12;-6;-12;-5;-13;-2;-5;-1;-2;0;0;0;0;0;0;-1;-2;-3;-4;-8;-11;-8;-11;-7;-11;-7;-11;-7;-12;-8;-13;-8;-13;-8;-14;-8;-15;-8;-15;-8;-16;-8;-16;-8;-17;-8;-17;-8;-18;-8;-18;-8;-18;-9;-19;-9;-19;-10;-19;-11;-19;-12;-20;-12;-21;-12;-21;-13;-22;-13;-23;-13;-23;-13;-23,transition,EXP_S052,ZONE_01,sortie_zone,4.7,sortie_zone,sortie de la zone
9680972370,-51,6,a0:9f:7a:73:2b:3e,384,-110;-96;8;0;-15;-6;-13;-1;-11;4;-10;9;-10;14;-10;18;-11;21;-12;23;-13;24;-14;24;-15;23;-15;22;-15;20;-15;17;-13;14;-11;11;-8;8;-4;6;0;5;4;4;7;4;10;5;13;7;14;9;15;11;3;2;0;0;0;0;0;0;0;0;0;0;0;0;0;0;0;0;0;0;0;-4;0;-17;2;-19;4;-21;7;-22;9;-22;11;-21;12;-20;12;-18;11;-15;9;-13;6;-11;3;-10;-1;-9;-5;-9;-9;-9;-13;-10;-17;-11;-20;-12;-24;-13;-26;-15;-28;-17;-28;-18;-29;-18;-28;-18;-26;-18;-25;-17;124;0;2;-25;2;-24;3;-23;3;-22;4;-22;3;-23;2;-23;1;-23;-1;-22;-2;-22;-2;-21;-2;-21;-1;-21;-2;-21;-2;-21;-3;-21;-3;-21;-3;-20;-2;-19;-2;-18;-1;-18;-1;-18;-1;-19;-1;-19;-1;-18;-1;-18;0;-18;0;-17;0;-6;0;-2;0;0;-1;1;-1;0;0;-2;2;-7;8;-17;9;-17;10;-17;10;-17;11;-16;11;-16;11;-15;11;-14;12;-14;13;-14;13;-15;12;-15;12;-15;11;-15;10;-14;10;-14;10;-14;10;-15;10;-16;9;-17;8;-18;6;-19;6;-19;6;-19;6;-19;6;-21;6;-22;6;-23;124;0;-47;1;-46;1;-46;1;-45;0;-43;0;-41;0;-39;1;-38;2;-37;2;-36;2;-35;3;-35;2;-34;2;-33;2;-32;2;-31;2;-31;2;-30;1;-30;1;-29;0;-28;0;-27;-1;-26;-1;-25;-2;-25;-2;-24;-3;-24;-4;-24;-5;-9;-2;-3;-1;0;-1;1;-1;0;-1;-3;0;-8;2;-23;6;-23;5;-23;4;-24;4;-25;3;-26;3;-28;3;-29;2;-30;1;-31;1;-32;0;-32;0;-33;0;-34;0;-35;-1;-36;-1;-36;-1;-37;-1;-37;-1;-38;0;-39;1;-41;2;-43;2;-44;2;-46;1;-46;1;-47;1;-47;1,transition,EXP_S052,ZONE_01,sortie_zone,4.7,sortie_zone,sortie de la zone
9681172282,-51,6,a0:9f:7a:73:2b:3e,384,-110;-96;8;0;-4;-17;-7;-12;-11;-7;-15;-3;-19;1;-23;3;-27;4;-29;4;-31;4;-32;4;-32;3;-31;1;-29;0;-26;-2;-22;-2;-18;-2;-13;-1;-9;0;-5;3;-1;6;1;10;2;13;3;16;2;19;1;21;0;5;0;0;0;0;0;0;0;0;0;0;0;0;0;0;0;0;0;0;3;-3;16;-8;19;-8;22;-6;25;-5;26;-3;26;0;25;1;23;3;21;3;17;2;14;0;11;-2;8;-6;5;-10;2;-14;1;-18;-1;-22;-2;-26;-2;-30;-2;-33;-2;-36;-1;-38;-1;-38;0;-37;0;-36;0;-34;-120;0;13;-2;13;-2;12;-2;12;-2;12;-2;12;-3;12;-3;12;-3;11;-4;11;-4;10;-4;10;-5;10;-5;10;-5;10;-5;10;-5;10;-5;10;-5;10;-5;10;-4;9;-4;9;-4;9;-4;9;-4;9;-4;9;-4;9;-3;9;-3;3;-1;1;-1;-1;0;-1;-1;-1;-1;1;0;3;0;10;2;10;3;10;3;10;4;9;4;9;4;9;4;9;5;9;5;9;5;9;5;9;5;9;4;9;4;9;4;9;3;9;3;9;3;9;3;10;2;10;2;10;2;11;1;11;1;11;0;12;0;12;0;13;-1;-120;0;-8;-26;-8;-26;-8;-25;-8;-24;-8;-23;-8;-22;-8;-21;-8;-20;-8;-20;-8;-19;-8;-18;-8;-18;-8;-18;-8;-18;-8;-17;-7;-17;-7;-17;-7;-16;-6;-16;-6;-16;-5;-15;-5;-15;-5;-14;-4;-14;-4;-14;-3;-14;-3;-14;-2;-13;-1;-5;-1;-2;0;0;0;0;0;0;-1;-2;-3;-4;-6;-12;-6;-12;-6;-13;-6;-13;-5;-14;-5;-14;-5;-15;-5;-16;-5;-16;-5;-17;-5;-17;-5;-18;-5;-18;-4;-19;-5;-19;-5;-20;-5;-20;-5;-20;-5;-21;-6;-21;-6;-22;-7;-22;-7;-23;-8;-24;-8;-24;-8;-25;-8;-26;-8;-26,transition,EXP_S052,ZONE_01,sortie_zone,4.7,sortie_zone,sortie de la zone
9681378866,-51,6,a0:9f:7a:73:2b:3e,384,-110;-96;8;0;-11;-14;-12;-8;-13;-2;-15;4;-17;9;-19;12;-22;15;-24;17;-26;17;-27;17;-27;16;-27;14;-26;12;-24;9;-20;7;-17;6;-12;5;-7;4;-3;5;2;6;5;8;8;11;9;13;10;16;10;18;2;4;0;0;0;0;0;0;0;0;0;0;0;0;0;0;0;0;0;0;2;-4;11;-15;14;-15;17;-16;20;-15;22;-14;23;-12;24;-10;22;-8;20;-7;17;-6;13;-6;9;-7;4;-9;0;-11;-4;-14;-7;-17;-10;-20;-13;-23;-15;-26;-17;-29;-17;-32;-18;-33;-17;-34;-16;-34;-15;-32;-14;-31;127;0;9;-10;8;-10;8;-10;8;-9;8;-10;8;-10;7;-10;7;-11;6;-11;5;-11;5;-10;5;-10;5;-10;5;-11;5;-11;5;-11;4;-11;4;-11;4;-10;4;-10;4;-10;4;-10;4;-10;4;-10;4;-10;4;-9;4;-9;4;-9;1;-3;0;-1;-1;0;-1;0;-1;0;1;-1;3;-2;10;-3;10;-3;10;-3;10;-2;10;-2;10;-2;10;-2;10;-2;10;-1;10;-1;10;-1;10;-2;10;-2;10;-2;9;-2;9;-2;9;-2;9;-3;9;-3;10;-4;10;-5;9;-6;9;-6;9;-6;9;-7;9;-7;10;-8;10;-9;127;0;-22;-15;-22;-15;-22;-15;-21;-14;-20;-14;-20;-13;-19;-12;-19;-11;-19;-10;-19;-10;-18;-9;-18;-9;-18;-9;-17;-8;-17;-8;-16;-8;-16;-8;-16;-8;-15;-8;-15;-8;-14;-8;-14;-7;-13;-7;-13;-7;-12;-7;-12;-8;-12;-8;-11;-8;-4;-3;-2;-1;0;0;0;0;0;0;-2;-1;-4;-3;-11;-7;-11;-8;-11;-8;-11;-9;-12;-9;-12;-9;-13;-10;-13;-11;-13;-11;-14;-12;-14;-12;-14;-13;-14;-13;-14;-13;-15;-14;-15;-14;-15;-14;-16;-14;-16;-14;-17;-14;-18;-14;-19;-14;-20;-14;-20;-15;-21;-15;-21;-16;-22;-16;-22;-16,transition,EXP_S052,ZONE_01,sortie_zone,4.7,sortie_zone,sortie de la zone
9681571324,-50,6,a0:9f:7a:73:2b:3e,384,-110;-96;8;0;-8;-14;-9;-9;-11;-3;-13;2;-16;6;-19;9;-21;11;-24;12;-25;13;-26;12;-26;12;-26;10;-25;8;-23;6;-20;4;-16;3;-12;2;-7;3;-3;4;1;6;4;8;6;10;8;13;8;15;7;17;1;4;0;0;0;0;0;0;0;0;0;0;0;0;0;0;0;0;0;0;2;-3;12;-11;15;-11;18;-11;21;-10;22;-8;23;-7;23;-5;21;-4;19;-3;16;-3;12;-3;9;-5;5;-7;2;-10;-2;-13;-4;-16;-6;-19;-8;-23;-10;-26;-11;-28;-11;-31;-11;-33;-11;-33;-10;-33;-9;-31;-9;-29;-127;0;9;-8;9;-8;9;-8;9;-8;9;-8;8;-8;8;-8;8;-9;7;-9;6;-9;6;-9;6;-8;6;-8;6;-9;6;-9;6;-9;6;-9;6;-9;5;-8;5;-8;5;-8;6;-8;6;-8;5;-8;5;-8;5;-7;5;-7;6;-7;2;-3;0;-1;-1;0;-1;0;-1;0;0;-1;3;-2;9;-3;9;-3;9;-3;10;-2;10;-2;9;-2;9;-2;9;-1;9;-1;9;-1;9;-1;9;-1;9;-1;9;-2;9;-2;8;-2;8;-2;9;-2;9;-2;9;-3;9;-4;9;-5;9;-5;9;-5;9;-5;9;-6;10;-6;10;-7;-127;0;-18;-16;-18;-16;-18;-16;-17;-16;-16;-15;-16;-14;-15;-13;-15;-13;-15;-12;-15;-12;-15;-11;-14;-11;-14;-11;-14;-11;-13;-10;-13;-10;-13;-10;-13;-10;-12;-10;-12;-10;-11;-10;-10;-10;-10;-9;-9;-9;-9;-9;-9;-9;-8;-10;-8;-10;-3;-4;-1;-2;0;0;0;0;0;0;-2;-1;-4;-2;-10;-6;-10;-7;-10;-7;-10;-8;-11;-8;-11;-8;-11;-9;-12;-10;-12;-11;-12;-11;-12;-11;-12;-12;-12;-12;-12;-12;-13;-13;-13;-13;-13;-13;-13;-14;-14;-14;-14;-14;-15;-14;-16;-14;-17;-14;-17;-15;-17;-16;-18;-16;-18;-16;-18;-17,transition,EXP_S052,ZONE_01,sortie_zone,4.7,sortie_zone,sortie de la zone
9681774374,-51,6,a0:9f:7a:73:2b:3e,384,-110;-96;8;0;12;-14;5;-13;-1;-14;-6;-15;-11;-16;-15;-18;-18;-21;-20;-23;-21;-24;-20;-25;-19;-26;-17;-26;-15;-25;-12;-23;-10;-20;-8;-16;-6;-12;-6;-7;-6;-3;-7;2;-9;5;-12;8;-14;9;-17;10;-19;9;-5;2;0;0;0;0;0;0;0;0;0;0;0;0;0;0;0;0;0;0;4;1;17;7;18;9;19;12;19;15;19;18;17;19;15;20;13;20;11;18;10;15;9;11;9;7;9;3;10;-2;12;-6;14;-10;17;-14;20;-17;22;-20;25;-22;27;-23;29;-23;30;-23;30;-22;29;-21;28;-19;-116;0;19;17;19;16;19;16;19;15;19;14;19;14;19;13;20;12;20;11;20;10;19;9;19;9;19;9;19;9;20;9;20;8;20;8;20;7;19;7;19;7;19;7;19;7;19;7;18;7;18;7;17;7;16;7;16;8;5;3;1;1;-1;-1;-1;-2;-1;-1;1;2;3;6;7;19;7;19;6;20;5;20;5;20;5;20;4;20;4;20;4;20;4;20;4;20;4;20;4;20;5;19;5;18;5;18;5;18;6;18;7;19;8;19;10;18;11;18;12;18;13;18;13;18;14;18;15;19;16;19;-116;0;26;-46;26;-46;26;-45;25;-44;24;-43;22;-41;21;-40;19;-39;18;-39;17;-38;15;-37;14;-37;14;-36;14;-35;13;-34;13;-34;13;-33;13;-33;13;-31;13;-30;13;-29;13;-28;12;-27;12;-26;12;-25;13;-24;14;-23;15;-23;5;-8;1;-3;-1;0;-1;1;-1;0;1;-3;3;-9;11;-24;12;-24;12;-24;14;-24;14;-25;15;-26;16;-27;18;-28;19;-28;20;-29;21;-29;21;-30;22;-31;22;-31;23;-32;24;-33;24;-33;24;-34;25;-35;24;-36;25;-38;25;-40;25;-41;26;-43;26;-44;26;-45;26;-46;26;-47,transition,EXP_S052,ZONE_01,sortie_zone,4.7,sortie_zone,sortie de la zone
9681972321,-50,6,a0:9f:7a:73:2b:3e,384,-110;-96;8;0;-8;14;-3;12;3;11;8;10;13;10;17;11;20;12;22;14;23;15;23;16;22;17;21;17;18;17;16;16;13;14;10;12;8;8;6;4;5;0;5;-4;5;-8;7;-11;9;-13;11;-15;13;-15;3;-4;0;0;0;0;0;0;0;0;0;0;0;0;0;0;0;0;0;0;-4;-1;-17;-3;-19;-5;-21;-8;-22;-11;-21;-13;-20;-15;-19;-16;-17;-16;-15;-15;-13;-12;-11;-9;-10;-5;-9;-1;-10;3;-10;7;-11;11;-13;15;-15;19;-16;22;-18;24;-20;26;-21;26;-22;26;-22;26;-21;24;-20;22;-128;0;-25;-5;-25;-4;-24;-4;-23;-4;-23;-4;-23;-3;-23;-2;-23;-1;-22;0;-22;0;-21;1;-21;1;-21;1;-21;1;-21;1;-22;2;-21;2;-21;2;-20;1;-20;1;-19;1;-19;1;-19;1;-19;1;-19;1;-19;0;-18;0;-18;-1;-7;-1;-2;-1;0;-1;1;0;0;0;-2;-1;-7;-4;-18;-11;-17;-11;-17;-12;-16;-12;-16;-12;-16;-12;-15;-13;-15;-13;-14;-14;-14;-14;-15;-14;-15;-14;-15;-13;-15;-13;-15;-12;-15;-12;-15;-12;-15;-12;-16;-11;-17;-11;-18;-10;-19;-9;-19;-8;-20;-8;-21;-8;-22;-8;-22;-8;-23;-8;-128;0;1;48;1;47;1;46;1;45;1;43;1;42;2;40;2;39;3;38;3;37;3;35;3;35;3;34;3;33;3;32;3;31;3;31;2;30;2;30;1;29;1;28;0;27;0;26;-1;25;-1;24;-2;24;-3;24;-4;24;-2;8;-1;2;-1;-1;-1;-2;-1;-1;0;2;1;8;5;23;4;23;3;24;2;24;2;25;2;26;2;28;1;29;1;30;0;31;-1;32;-1;32;-2;33;-2;34;-2;35;-2;36;-2;36;-2;37;-1;38;-1;39;0;40;0;42;1;43;1;45;1;46;1;47;1;48;1;48,transition,EXP_S052,ZONE_01,sortie_zone,4.7,sortie_zone,sortie de la zone
9682172343,-50,6,a0:9f:7a:73:2b:3e,384,-110;-96;8;0;16;-7;10;-9;5;-12;0;-16;-4;-19;-7;-23;-9;-26;-9;-29;-9;-31;-9;-32;-8;-32;-6;-31;-4;-29;-2;-26;-1;-23;0;-18;-1;-13;-2;-9;-5;-4;-8;-1;-11;2;-14;3;-17;4;-20;3;-22;2;-6;0;0;0;0;0;0;0;0;0;0;0;0;0;0;0;0;0;0;0;2;3;11;14;11;17;11;20;9;23;8;25;6;26;4;26;2;24;1;21;1;18;2;14;4;10;6;7;10;3;13;0;17;-3;21;-5;25;-6;29;-8;32;-8;35;-9;36;-8;37;-8;37;-7;35;-6;33;-5;-119;0;6;11;6;11;6;11;6;11;6;11;6;11;6;10;7;10;7;9;7;9;7;8;7;8;7;8;7;8;7;8;7;8;7;8;7;8;7;7;6;7;6;7;6;7;6;7;6;7;6;7;6;7;5;7;5;8;1;2;0;0;-1;-1;-1;-1;-1;-1;0;1;0;3;2;10;1;10;1;10;0;11;0;10;0;10;-1;10;-1;10;-1;10;-2;10;-1;10;-1;10;-1;10;-1;10;0;10;0;10;0;10;0;10;0;10;1;10;2;10;2;10;3;10;3;10;3;11;4;11;4;11;5;12;-119;0;20;-18;20;-17;20;-17;19;-17;18;-16;18;-15;17;-15;16;-14;15;-14;14;-14;14;-14;14;-14;13;-14;13;-13;13;-13;12;-13;12;-13;12;-12;12;-12;12;-11;12;-10;12;-10;11;-9;11;-9;11;-8;11;-8;11;-7;11;-7;4;-3;1;-1;-1;0;-1;0;-1;0;0;-2;2;-4;7;-11;8;-11;8;-11;9;-11;10;-11;10;-11;11;-11;12;-11;12;-12;13;-12;13;-12;14;-12;14;-12;15;-12;15;-12;16;-13;16;-13;16;-13;16;-13;17;-14;17;-15;18;-15;18;-16;19;-17;19;-17;20;-17;20;-18;20;-18,transition,EXP_S052,ZONE_01,sortie_zone,4.7,sortie_zone,sortie de la zone
9682374956,-50,6,a0:9f:7a:73:2b:3e,384,-110;-96;8;0;15;-3;10;-6;6;-10;2;-14;-1;-17;-3;-21;-4;-24;-4;-27;-3;-28;-3;-29;-2;-29;0;-28;1;-26;2;-23;2;-20;2;-16;1;-12;-1;-8;-4;-5;-7;-2;-10;0;-13;1;-16;1;-18;0;-20;-1;-5;-1;0;0;0;0;0;0;0;0;0;0;0;0;0;0;0;0;0;0;1;3;7;14;6;17;5;20;4;22;2;23;0;24;-2;23;-3;21;-3;19;-2;16;-1;13;1;10;4;7;8;4;11;2;15;1;19;0;23;-1;26;-2;29;-2;32;-1;33;-1;34;0;33;1;31;1;29;1;-123;0;7;9;7;9;6;9;6;9;6;9;6;9;7;8;7;8;7;7;7;7;7;6;7;6;7;7;7;7;7;7;8;6;8;6;7;6;7;6;7;6;6;6;6;6;6;6;6;6;6;6;6;6;6;6;5;6;1;2;0;0;-1;-1;-1;-1;-1;-1;0;0;0;3;1;9;1;9;1;9;1;9;1;9;1;9;0;9;0;9;0;9;-1;9;-1;9;0;9;0;9;0;9;0;8;0;8;0;8;0;8;1;9;2;9;3;9;3;9;3;8;4;8;4;9;4;9;4;10;5;11;-123;0;16;-17;16;-17;16;-17;16;-16;15;-16;14;-15;13;-15;12;-15;12;-14;11;-14;11;-14;11;-14;11;-13;10;-13;10;-13;10;-12;10;-12;9;-12;10;-12;10;-11;9;-11;9;-10;9;-9;9;-9;9;-8;9;-8;9;-8;9;-7;3;-3;1;-1;-1;0;-1;0;-1;0;0;-2;2;-4;6;-10;7;-10;7;-10;7;-10;8;-10;8;-10;9;-11;10;-11;10;-11;10;-11;11;-11;11;-12;12;-12;12;-12;13;-12;13;-12;13;-12;14;-12;14;-13;14;-13;14;-14;14;-15;14;-16;15;-17;16;-17;16;-17;17;-17;17;-17,transition,EXP_S052,ZONE_01,sortie_zone,4.7,sortie_zone,sortie de la zone
9682575535,-51,6,a0:9f:7a:73:2b:3e,384,-110;-96;8;0;16;4;12;-1;10;-7;8;-13;6;-18;6;-22;6;-26;7;-29;8;-30;9;-31;10;-30;11;-29;12;-26;12;-23;11;-19;9;-15;6;-12;2;-8;-2;-6;-6;-4;-10;-3;-14;-3;-17;-4;-19;-6;-21;-8;-6;-3;0;0;0;0;0;0;0;0;0;0;0;0;0;0;0;0;0;0;-1;4;-2;18;-4;20;-7;23;-9;24;-12;24;-14;23;-15;22;-15;20;-14;17;-11;14;-8;12;-5;10;0;9;5;8;10;8;14;9;19;9;23;10;27;12;30;13;32;14;34;16;34;16;32;17;31;16;29;15;124;0;-2;13;-2;13;-2;13;-2;12;-2;12;-1;12;-1;12;0;12;0;12;1;11;1;11;1;11;0;11;0;11;1;11;1;11;1;11;2;11;1;10;1;10;1;10;1;10;1;10;1;10;1;10;1;10;0;9;0;9;0;3;-1;1;-1;-1;0;-1;0;-1;-1;1;-2;3;-6;9;-6;9;-7;9;-7;9;-7;8;-7;8;-7;8;-7;7;-8;7;-8;7;-8;7;-8;8;-8;8;-7;8;-7;7;-7;7;-7;7;-7;8;-6;8;-6;9;-5;10;-5;10;-4;10;-4;10;-4;10;-4;11;-4;12;-4;13;124;0;26;-2;25;-2;25;-2;24;-2;23;-2;22;-2;21;-3;21;-3;20;-3;19;-3;19;-3;18;-3;18;-3;17;-3;17;-3;17;-3;17;-3;16;-3;16;-3;16;-3;15;-2;15;-2;14;-1;13;-1;13;-1;13;0;13;0;13;1;4;0;1;0;-1;0;-1;0;-1;0;1;-1;4;-2;12;-3;12;-3;13;-2;13;-2;13;-2;14;-2;15;-2;15;-2;16;-1;17;-1;17;-1;17;-1;18;0;18;0;19;0;19;0;19;0;20;0;20;0;21;-1;22;-1;22;-2;23;-2;24;-2;25;-2;25;-2;26;-2;26;-2,transition,EXP_S052,ZONE_01,sortie_zone,4.7,sortie_zone,sortie de la zone
9682772357,-50,6,a0:9f:7a:73:2b:3e,384,-110;-96;8;0;6;-15;1;-13;-5;-11;-10;-10;-15;-10;-19;-10;-22;-11;-24;-12;-25;-13;-25;-14;-25;-15;-23;-16;-21;-16;-18;-15;-15;-14;-12;-11;-9;-8;-7;-5;-6;0;-5;4;-6;7;-7;10;-8;13;-10;14;-12;15;-4;3;0;0;0;0;0;0;0;0;0;0;0;0;0;0;0;0;0;0;3;-1;16;0;18;2;20;4;21;7;21;9;21;11;20;12;17;12;15;11;13;9;11;6;9;3;8;-1;8;-5;8;-9;9;-13;10;-17;11;-21;12;-24;14;-26;16;-28;17;-29;18;-29;18;-29;17;-27;16;-26;-122;0;21;11;21;11;21;10;21;9;21;8;20;8;20;7;20;7;19;6;19;6;19;5;20;4;20;4;20;4;19;4;19;4;19;4;19;4;19;4;18;4;18;4;18;4;17;4;17;4;16;5;16;5;16;6;16;6;5;2;1;0;-1;-1;-1;-1;-1;-1;1;1;5;4;14;12;14;12;13;13;12;14;11;14;11;15;11;15;11;15;11;15;11;15;10;15;10;15;10;15;10;15;10;14;10;14;11;14;11;13;12;13;13;13;13;12;14;13;15;12;16;12;18;12;18;12;19;11;19;11;-122;0;13;-46;12;-46;12;-45;11;-43;11;-42;10;-40;10;-39;9;-38;8;-37;7;-36;7;-35;6;-34;6;-34;6;-33;6;-33;6;-32;7;-31;7;-30;8;-29;8;-28;8;-27;8;-26;8;-25;8;-24;9;-24;9;-23;10;-22;11;-21;4;-8;1;-3;-1;0;0;1;-1;0;-1;-3;-1;-9;-1;-24;0;-24;1;-25;2;-25;3;-26;3;-27;4;-28;4;-29;5;-30;6;-31;7;-32;8;-32;9;-33;9;-34;10;-34;10;-35;10;-35;10;-36;10;-37;10;-38;10;-39;10;-40;10;-42;10;-43;11;-44;11;-45;11;-47;11;-47,transition,EXP_S052,ZONE_01,sortie_zone,4.7,sortie_zone,sortie de la zone
9682972181,-50,6,a0:9f:7a:73:2b:3e,384,-110;-96;8;0;6;14;8;8;10;3;13;-2;16;-6;18;-9;21;-11;23;-11;25;-12;26;-11;26;-10;26;-9;24;-7;22;-5;19;-3;15;-2;11;-2;6;-3;2;-5;-1;-7;-4;-9;-6;-12;-7;-15;-7;-17;-6;-19;-2;-5;0;0;0;0;0;0;0;0;0;0;0;0;0;0;0;0;0;0;-3;2;-13;10;-15;11;-19;10;-21;9;-23;8;-24;6;-24;5;-22;3;-20;2;-17;2;-14;3;-10;4;-6;6;-3;9;0;12;2;15;4;18;6;22;8;25;9;28;9;30;9;32;9;32;8;32;7;31;7;29;-124;0;-12;5;-11;5;-11;5;-11;5;-10;5;-10;5;-10;6;-9;6;-9;6;-8;6;-8;6;-8;6;-8;6;-8;6;-8;7;-8;7;-8;7;-7;7;-7;7;-7;7;-7;6;-7;6;-7;6;-7;6;-7;6;-7;6;-7;6;-7;5;-3;2;-1;0;0;-1;0;0;0;0;-2;0;-4;-1;-10;-1;-10;-1;-10;-2;-10;-2;-10;-2;-10;-2;-10;-2;-10;-3;-10;-3;-10;-3;-10;-3;-10;-3;-10;-2;-10;-2;-10;-2;-9;-2;-9;-1;-9;-1;-10;-1;-10;0;-10;0;-10;1;-10;1;-11;2;-11;2;-11;2;-12;3;-12;3;-124;0;14;18;14;18;13;18;13;17;13;16;13;15;13;15;13;14;12;13;12;13;12;12;12;12;11;11;11;11;11;11;11;10;11;10;11;10;10;10;10;10;9;9;9;9;8;9;8;9;8;9;7;9;7;9;6;9;2;3;0;1;-1;-1;-1;-1;-1;-1;0;0;2;3;7;9;6;9;6;9;6;10;7;10;7;11;7;11;7;12;7;12;7;13;7;13;7;14;7;14;7;15;8;15;8;15;8;15;9;15;9;16;10;16;10;16;11;17;12;17;12;18;13;18;13;18;13;19;14;19,transition,EXP_S052,ZONE_01,sortie_zone,4.7,sortie_zone,sortie de la zone
9683172716,-50,6,a0:9f:7a:73:2b:3e,384,-110;-96;8;0;17;-3;12;-6;7;-11;3;-15;0;-19;-2;-23;-3;-27;-3;-30;-3;-31;-3;-32;-1;-32;0;-31;2;-29;3;-26;3;-22;3;-17;2;-13;0;-9;-4;-5;-7;-2;-11;0;-14;1;-17;1;-20;0;-22;-1;-6;-1;0;0;0;0;0;0;0;0;0;0;0;0;0;0;0;0;0;0;1;3;7;16;6;19;4;23;2;25;0;26;-2;26;-4;26;-5;24;-5;21;-4;18;-2;14;1;11;4;8;8;5;13;3;17;2;21;1;25;0;29;0;33;0;36;1;37;2;37;2;37;2;35;2;33;3;-119;0;2;13;2;13;2;12;2;12;2;12;2;12;3;12;3;12;4;11;4;11;4;10;4;10;4;10;4;10;5;10;5;10;5;10;5;9;5;9;4;9;4;9;4;9;4;9;4;9;4;9;4;8;3;8;3;9;1;3;0;1;-1;-1;0;-1;0;-1;-1;1;-1;3;-3;10;-3;10;-4;10;-4;10;-4;10;-4;10;-4;9;-5;9;-5;9;-5;9;-5;9;-5;9;-5;9;-4;9;-4;9;-4;9;-4;9;-4;9;-3;10;-3;10;-2;11;-1;11;-1;11;-1;11;0;11;0;12;0;12;0;13;-119;0;24;-10;24;-10;24;-10;23;-9;22;-9;21;-9;20;-9;19;-9;18;-9;18;-9;17;-9;17;-9;16;-9;16;-9;15;-9;15;-9;15;-8;15;-8;15;-8;14;-7;14;-7;13;-6;13;-6;13;-6;12;-5;12;-5;12;-4;12;-3;4;-1;1;-1;-1;0;-1;0;-1;0;1;-1;3;-3;11;-7;11;-7;11;-6;12;-6;12;-6;13;-6;14;-6;14;-6;15;-6;16;-6;16;-6;17;-6;17;-6;18;-6;18;-6;18;-6;19;-6;19;-6;20;-7;20;-7;21;-8;21;-9;22;-9;23;-9;23;-10;24;-10;24;-10;24;-10,transition,EXP_S052,ZONE_01,sortie_zone,4.7,sortie_zone,sortie de la zone
9683372585,-50,6,a0:9f:7a:73:2b:3e,384,-110;-96;8;0;12;-9;7;-10;2;-12;-3;-14;-7;-16;-10;-19;-12;-21;-14;-23;-14;-25;-14;-26;-12;-26;-11;-26;-9;-24;-8;-22;-6;-19;-5;-16;-4;-12;-4;-7;-5;-3;-7;0;-9;3;-12;6;-14;7;-17;7;-18;6;-5;1;0;0;0;0;0;0;0;0;0;0;0;0;0;0;0;0;0;0;3;2;12;10;13;13;13;16;12;18;11;20;10;21;8;21;6;20;5;18;4;16;4;12;5;8;7;4;9;1;11;-3;14;-6;17;-8;21;-11;24;-12;27;-13;29;-14;30;-14;31;-14;31;-13;29;-11;27;-10;-123;0;19;14;19;13;18;13;18;12;18;12;18;12;19;11;19;10;19;8;19;7;18;7;17;7;17;7;18;7;19;7;19;6;19;5;19;5;18;5;18;5;17;5;17;5;17;5;17;5;17;5;17;5;16;5;15;6;5;2;1;0;-1;-1;-1;-2;-1;-1;0;1;2;6;7;17;6;17;6;18;6;18;6;18;5;18;5;18;4;18;4;18;4;18;4;19;5;18;6;18;6;17;6;16;5;16;5;16;6;16;7;16;9;16;10;16;11;16;12;15;12;15;13;15;14;16;15;17;16;17;-123;0;20;-43;20;-43;20;-42;19;-41;18;-40;17;-38;15;-37;14;-36;13;-36;12;-35;11;-34;11;-34;10;-33;10;-32;9;-31;9;-31;9;-30;9;-30;9;-29;9;-28;9;-27;9;-26;9;-25;9;-24;9;-23;10;-22;11;-22;11;-21;4;-8;1;-3;-1;0;-1;1;-1;0;0;-3;3;-8;9;-22;10;-22;10;-22;11;-22;11;-23;12;-24;13;-25;14;-26;15;-27;16;-27;16;-28;17;-28;18;-29;18;-29;19;-30;19;-30;20;-31;20;-32;20;-32;20;-34;19;-35;19;-37;20;-39;20;-40;21;-41;21;-42;22;-43;22;-43,transition,EXP_S052,ZONE_01,sortie_zone,4.7,sortie_zone,sortie de la zone
9683572468,-51,6,a0:9f:7a:73:2b:3e,384,-110;-96;8;0;-16;0;-12;4;-8;8;-5;12;-3;16;-1;20;0;23;-1;25;-1;27;-2;28;-3;27;-4;26;-5;24;-6;22;-6;18;-5;14;-3;11;-1;7;2;4;5;1;9;0;12;-1;15;0;17;1;18;2;4;0;0;0;0;0;0;0;0;0;0;0;0;0;0;0;0;0;0;0;-2;-4;-5;-16;-4;-19;-3;-22;-1;-23;1;-24;3;-24;5;-23;6;-22;5;-19;4;-16;2;-13;-1;-11;-4;-8;-8;-6;-12;-5;-16;-4;-20;-4;-23;-3;-27;-3;-30;-4;-32;-5;-33;-5;-34;-6;-33;-6;-31;-6;-29;-6;126;0;-3;-13;-3;-12;-3;-12;-3;-11;-3;-11;-3;-11;-3;-11;-4;-11;-5;-11;-5;-10;-5;-9;-5;-9;-5;-10;-5;-10;-5;-10;-5;-10;-6;-10;-5;-9;-5;-9;-5;-9;-4;-9;-4;-9;-5;-9;-5;-9;-5;-9;-4;-9;-4;-8;-4;-8;-2;-3;-1;-1;0;0;-1;0;-1;0;0;-1;0;-4;1;-10;2;-10;2;-10;3;-10;3;-10;3;-10;3;-9;3;-9;4;-9;4;-9;4;-9;3;-10;3;-10;2;-9;2;-9;2;-9;2;-9;2;-9;2;-10;1;-10;1;-10;0;-10;0;-10;0;-10;0;-11;0;-11;-1;-12;-1;-13;126;0;-22;8;-22;8;-22;8;-21;8;-20;7;-20;7;-18;7;-18;7;-17;7;-16;7;-16;7;-16;7;-16;7;-15;7;-15;7;-14;7;-14;6;-14;6;-14;6;-14;5;-13;5;-13;5;-12;4;-12;4;-12;4;-12;3;-12;3;-12;2;-5;0;-2;0;0;-1;0;-1;0;-1;-2;0;-4;2;-11;5;-11;5;-11;5;-11;5;-12;5;-12;5;-13;5;-14;5;-15;5;-15;4;-15;4;-16;4;-16;4;-16;5;-17;5;-18;5;-18;5;-18;5;-18;5;-18;6;-19;6;-20;7;-20;7;-21;8;-22;8;-22;8;-22;8;-22;8,transition,EXP_S052,ZONE_01,sortie_zone,4.7,sortie_zone,sortie de la zone
9683774683,-51,6,a0:9f:7a:73:2b:3e,384,-110;-96;8;0;0;-18;-4;-13;-9;-9;-14;-6;-19;-4;-23;-3;-27;-2;-30;-3;-31;-3;-32;-3;-32;-4;-31;-6;-28;-7;-25;-8;-21;-8;-17;-7;-13;-4;-9;-2;-6;2;-3;6;-2;10;-1;13;-1;16;-3;19;-4;21;-2;5;0;0;0;0;0;0;0;0;0;0;0;0;0;0;0;0;0;0;4;-1;18;-4;20;-2;23;0;25;2;26;4;25;7;24;8;22;9;19;8;16;7;13;4;11;0;9;-4;7;-8;6;-13;5;-17;5;-22;5;-26;5;-30;6;-33;7;-35;8;-37;9;-37;9;-37;9;-35;8;-33;125;0;13;1;13;1;13;0;12;0;12;0;12;0;12;0;12;-1;12;-2;11;-2;11;-3;11;-3;11;-3;11;-3;11;-3;11;-3;11;-3;10;-3;10;-3;10;-3;10;-3;10;-3;10;-3;10;-3;10;-3;9;-3;9;-2;9;-2;3;-1;0;-1;-1;0;-1;-1;-1;-1;1;0;3;2;9;5;8;6;8;6;8;6;8;6;7;7;7;7;7;7;7;7;7;7;7;7;7;7;8;6;8;6;8;6;8;6;8;6;8;5;8;5;9;5;9;4;10;4;10;3;10;3;11;3;11;3;12;3;13;2;125;0;-3;-27;-3;-27;-3;-26;-3;-25;-3;-24;-3;-23;-3;-22;-4;-22;-4;-21;-5;-20;-5;-20;-5;-19;-5;-19;-5;-19;-5;-18;-5;-18;-5;-18;-4;-17;-4;-17;-3;-17;-3;-16;-3;-15;-3;-15;-3;-14;-2;-14;-2;-14;-1;-14;-1;-14;-1;-5;0;-2;0;0;0;0;0;0;-1;-2;-1;-5;-3;-13;-2;-13;-2;-14;-2;-14;-1;-15;-1;-15;-1;-16;-1;-17;-1;-17;0;-18;0;-18;0;-18;0;-19;0;-19;0;-20;0;-20;0;-21;0;-21;0;-22;-1;-22;-1;-23;-1;-24;-2;-24;-2;-25;-2;-26;-3;-26;-3;-27;-3;-27,transition,EXP_S052,ZONE_01,sortie_zone,4.7,sortie_zone,sortie de la zone
9683973777,-50,6,a0:9f:7a:73:2b:3e,384,-110;-96;8;0;-6;-18;-9;-12;-12;-7;-16;-3;-20;0;-24;3;-27;4;-30;4;-31;4;-32;3;-32;2;-31;1;-29;-1;-26;-2;-22;-3;-18;-3;-13;-2;-9;0;-6;3;-3;7;-1;10;0;13;0;17;-1;19;-2;21;-1;5;0;0;0;0;0;0;0;0;0;0;0;0;0;0;0;0;0;0;3;-3;14;-12;17;-13;20;-12;23;-11;25;-9;26;-7;25;-5;24;-4;21;-3;18;-3;14;-4;11;-5;7;-8;4;-11;1;-15;-2;-19;-3;-23;-5;-26;-6;-30;-7;-33;-6;-36;-6;-38;-5;-38;-5;-38;-4;-36;-3;-34;-117;0;11;-6;11;-6;11;-6;11;-6;10;-6;10;-6;10;-6;10;-7;9;-7;8;-7;8;-7;8;-7;8;-7;8;-7;8;-7;8;-8;8;-8;8;-8;7;-8;7;-7;7;-7;7;-7;7;-7;7;-7;7;-7;7;-7;7;-6;7;-6;2;-2;0;-1;-1;0;-1;-1;-1;-1;1;-1;3;0;10;0;10;1;10;1;10;1;10;2;10;2;9;2;9;2;9;2;9;2;10;2;10;2;10;2;9;1;9;1;9;1;9;1;9;1;10;0;10;0;10;-1;10;-2;10;-2;10;-2;11;-3;11;-3;12;-3;12;-4;-117;0;-15;-23;-15;-23;-15;-23;-15;-22;-14;-21;-14;-20;-14;-19;-14;-18;-14;-17;-14;-16;-13;-16;-13;-16;-13;-15;-13;-15;-12;-15;-12;-14;-12;-14;-12;-14;-12;-14;-11;-13;-10;-13;-10;-13;-9;-12;-9;-12;-8;-12;-8;-12;-7;-12;-7;-13;-3;-5;-1;-2;0;0;0;0;0;0;-1;-2;-3;-4;-9;-11;-8;-11;-8;-12;-8;-12;-8;-13;-9;-13;-9;-14;-9;-15;-9;-15;-9;-16;-9;-16;-9;-17;-9;-17;-9;-18;-9;-18;-9;-19;-10;-19;-10;-19;-10;-20;-11;-20;-12;-20;-13;-20;-14;-21;-14;-22;-14;-22;-15;-23;-15;-23;-15;-24,transition,EXP_S052,ZONE_01,sortie_zone,4.7,sortie_zone,sortie de la zone
9684173499,-50,6,a0:9f:7a:73:2b:3e,384,-110;-96;8;0;6;14;8;8;10;3;13;-2;16;-6;19;-9;21;-11;24;-13;26;-13;27;-12;27;-11;26;-9;25;-8;22;-6;19;-4;15;-3;11;-3;6;-3;2;-5;-2;-6;-5;-9;-7;-12;-8;-14;-8;-17;-8;-19;-2;-5;0;0;0;0;0;0;0;0;0;0;0;0;0;0;0;0;0;0;-4;2;-15;9;-18;8;-21;8;-23;6;-25;4;-25;3;-25;1;-23;0;-21;-1;-18;-1;-14;0;-10;3;-7;5;-3;8;-1;12;1;15;3;19;5;23;6;26;7;29;8;31;8;33;7;34;6;33;5;31;5;29;-122;0;-8;10;-8;10;-7;9;-8;9;-8;9;-8;9;-7;10;-7;10;-6;10;-5;10;-5;9;-5;9;-5;9;-5;9;-5;10;-5;10;-4;10;-4;10;-4;9;-4;9;-4;8;-5;8;-5;9;-4;9;-4;9;-4;8;-4;8;-4;7;-2;2;-1;0;0;-1;0;-1;0;-1;-1;0;-4;1;-10;4;-10;4;-10;3;-11;3;-10;3;-10;3;-10;3;-10;2;-10;2;-10;1;-11;2;-11;2;-10;3;-10;3;-9;3;-9;2;-9;2;-9;3;-10;3;-10;4;-10;5;-9;6;-8;6;-8;6;-9;6;-9;7;-10;7;-10;8;-122;0;21;10;21;10;21;10;20;10;19;10;18;9;17;9;17;8;17;7;17;7;16;6;16;6;15;6;15;6;14;6;14;5;14;5;14;5;14;5;13;6;13;6;12;6;11;6;11;5;10;5;10;6;10;6;10;7;3;2;1;0;-1;-1;-1;-1;-1;-1;1;0;4;1;11;4;10;4;10;4;11;5;11;5;12;5;12;6;13;7;13;7;13;8;13;8;13;8;14;8;14;9;15;9;15;10;15;10;15;10;16;10;16;10;17;9;18;9;19;10;20;10;20;11;20;11;20;11;21;11,transition,EXP_S052,ZONE_01,sortie_zone,4.7,sortie_zone,sortie de la zone
9684372332,-50,6,a0:9f:7a:73:2b:3e,384,-110;-96;8;0;13;8;11;2;11;-3;10;-8;11;-13;12;-17;13;-20;14;-22;16;-23;17;-23;18;-22;18;-21;18;-18;17;-16;15;-13;12;-10;8;-8;4;-6;0;-6;-4;-6;-8;-6;-11;-8;-13;-10;-14;-12;-14;-14;-4;-4;0;0;0;0;0;0;0;0;0;0;0;0;0;0;0;0;0;0;-1;3;-5;15;-7;17;-10;18;-13;19;-15;19;-17;18;-17;16;-17;14;-15;12;-13;10;-10;9;-6;8;-2;8;2;9;6;10;10;11;14;13;17;15;20;17;22;19;24;20;25;22;24;23;23;23;22;22;21;21;-122;0;-9;22;-8;21;-8;20;-8;20;-9;20;-8;21;-7;21;-6;22;-4;21;-3;20;-3;20;-3;19;-4;19;-4;20;-3;20;-3;21;-2;20;-1;19;-2;18;-2;18;-3;18;-3;18;-3;18;-2;18;-2;18;-2;17;-2;17;-3;16;-2;5;-1;1;0;-1;0;-1;0;-1;-2;1;-6;4;-15;12;-16;12;-17;11;-17;11;-17;11;-17;10;-16;9;-16;9;-17;8;-18;8;-18;8;-18;9;-17;10;-16;10;-15;9;-15;9;-15;9;-15;10;-15;12;-15;13;-14;15;-13;16;-12;16;-12;16;-12;16;-13;17;-13;18;-13;20;-122;0;46;8;46;9;45;9;44;9;42;8;40;7;39;6;37;5;36;4;35;4;35;3;34;3;33;3;32;3;31;2;31;2;30;2;30;2;29;2;29;3;28;3;26;4;25;4;24;4;24;4;23;5;23;6;22;7;8;2;2;1;-1;-1;-2;-1;-1;-1;2;0;8;0;23;2;23;3;23;4;23;4;24;5;25;5;27;6;28;7;28;8;29;8;29;9;30;9;31;10;32;10;33;11;33;11;34;11;34;11;35;11;36;10;38;9;40;9;41;9;43;9;44;9;45;10;46;10;46;10,transition,EXP_S052,ZONE_01,sortie_zone,4.7,sortie_zone,sortie de la zone
9684574075,-50,6,a0:9f:7a:73:2b:3e,384,-110;-96;8;0;11;-13;5;-12;-1;-13;-7;-14;-12;-15;-17;-17;-20;-19;-22;-21;-23;-22;-23;-23;-22;-24;-20;-25;-18;-24;-15;-22;-12;-19;-9;-16;-7;-11;-6;-7;-6;-2;-6;3;-8;7;-10;10;-12;12;-15;13;-17;14;-5;3;0;0;0;0;0;0;0;0;0;0;0;0;0;0;0;0;0;0;3;2;15;9;17;12;17;15;17;18;16;20;14;22;13;22;11;21;9;19;7;16;7;12;7;8;8;3;10;-1;12;-6;15;-10;17;-13;20;-17;23;-19;25;-21;28;-23;29;-23;30;-22;30;-22;29;-21;28;-20;-123;0;22;15;22;15;21;14;21;14;21;14;21;14;22;13;22;12;22;11;22;9;21;9;21;9;21;9;21;9;21;8;22;8;21;7;21;7;20;7;19;7;19;8;19;8;19;8;19;8;19;7;18;8;17;8;16;8;5;3;1;1;-1;-1;-1;-2;-1;-1;1;1;4;6;11;18;10;19;10;19;9;20;9;20;8;19;8;19;7;19;6;20;6;20;6;21;7;21;7;20;7;19;7;18;7;18;8;18;8;18;9;18;11;18;13;17;14;17;15;16;15;16;16;17;17;17;18;18;19;18;-123;0;22;-48;22;-48;22;-47;21;-46;21;-44;20;-42;18;-41;16;-39;15;-38;14;-38;13;-37;12;-37;12;-36;12;-35;12;-34;12;-34;12;-33;12;-33;12;-32;13;-31;13;-29;13;-28;12;-27;12;-26;12;-25;13;-24;14;-23;15;-22;5;-8;1;-3;-1;0;-1;1;-1;0;0;-3;2;-10;6;-26;7;-25;8;-25;9;-26;10;-26;10;-28;11;-29;13;-30;14;-31;15;-31;16;-32;16;-33;17;-33;17;-34;18;-35;19;-35;20;-36;20;-36;20;-37;20;-38;19;-40;19;-42;20;-43;21;-45;21;-47;21;-48;21;-48;21;-49,transition,EXP_S052,ZONE_01,sortie_zone,4.7,sortie_zone,sortie de la zone
9684772431,-50,6,a0:9f:7a:73:2b:3e,384,-110;-96;8;0;-3;15;1;12;6;9;11;7;15;5;19;4;23;4;25;5;27;6;27;7;26;8;25;9;23;10;20;10;17;9;13;7;10;5;7;2;5;-2;3;-6;2;-9;3;-13;4;-15;6;-17;7;-18;2;-5;0;0;0;0;0;0;0;0;0;0;0;0;0;0;0;0;0;0;-4;0;-17;2;-19;1;-22;-1;-23;-4;-24;-6;-24;-8;-23;-9;-21;-9;-18;-9;-15;-7;-13;-5;-11;-2;-9;2;-8;6;-7;10;-7;14;-7;18;-8;22;-8;25;-9;28;-10;30;-11;31;-12;31;-12;31;-12;29;-12;27;-120;0;-24;5;-23;4;-23;4;-22;3;-22;3;-23;3;-23;5;-23;6;-22;7;-20;8;-19;7;-19;7;-19;7;-20;7;-20;8;-20;9;-19;9;-18;9;-17;8;-17;7;-17;7;-18;6;-18;7;-18;7;-17;7;-17;7;-16;6;-16;5;-6;1;-2;0;0;-1;1;0;0;0;-3;-1;-7;-2;-19;-6;-19;-7;-19;-7;-19;-8;-19;-8;-18;-8;-18;-8;-17;-9;-17;-10;-17;-10;-18;-10;-18;-10;-18;-9;-17;-8;-17;-7;-17;-7;-17;-7;-17;-7;-18;-7;-19;-5;-20;-3;-20;-2;-20;-1;-20;-1;-21;-1;-22;-1;-24;-1;-25;-1;-120;0;16;44;15;44;15;43;15;42;14;40;14;38;14;36;14;35;15;34;15;33;14;32;14;31;14;30;13;29;13;29;13;28;13;27;13;27;12;27;11;27;10;26;9;25;8;24;8;23;8;23;7;23;6;23;5;24;1;8;0;2;-1;-1;-1;-2;-1;-1;1;2;3;7;10;20;9;21;9;21;9;22;9;23;9;24;9;26;9;27;9;29;8;29;8;30;8;30;8;31;8;32;8;33;8;34;8;35;8;35;9;36;10;36;12;37;13;39;14;40;15;42;15;43;15;43;15;44;15;44,transition,EXP_S052,ZONE_01,sortie_zone,4.7,sortie_zone,sortie de la zone
9684972382,-50,6,a0:9f:7a:73:2b:3e,384,-110;-96;8;0;-1;-16;-4;-12;-9;-9;-13;-6;-17;-4;-21;-3;-24;-3;-26;-3;-28;-4;-28;-4;-28;-5;-27;-7;-25;-8;-22;-8;-18;-8;-15;-7;-11;-4;-8;-2;-5;2;-4;5;-3;9;-3;12;-3;14;-5;17;-6;18;-2;4;0;0;0;0;0;0;0;0;0;0;0;0;0;0;0;0;0;0;3;-2;15;-6;17;-6;20;-4;22;-2;23;0;23;2;22;3;21;4;18;4;15;3;13;1;10;-1;7;-4;5;-8;4;-12;3;-16;3;-20;3;-24;3;-27;3;-30;4;-32;5;-33;5;-34;6;-33;6;-32;6;-30;-127;0;11;-1;11;-1;11;-1;11;-1;10;-1;10;-1;10;-1;10;-2;10;-2;10;-3;9;-3;9;-3;9;-3;9;-3;9;-3;9;-3;9;-3;9;-3;9;-3;9;-3;8;-3;8;-2;8;-2;8;-2;8;-2;8;-2;8;-2;8;-1;2;-1;0;-1;-1;0;-1;-1;-1;-1;0;0;3;1;8;3;8;3;8;4;8;4;8;4;8;4;7;4;7;4;7;4;7;5;7;5;8;5;7;4;7;4;7;4;7;4;7;4;7;4;8;3;8;3;9;2;9;2;9;2;9;2;10;1;10;1;11;1;11;1;-127;0;-5;-24;-5;-24;-5;-23;-4;-23;-4;-22;-4;-21;-4;-20;-5;-19;-5;-19;-5;-18;-5;-18;-5;-17;-5;-17;-5;-17;-5;-16;-5;-16;-4;-16;-4;-15;-4;-15;-3;-15;-3;-14;-3;-14;-2;-14;-2;-13;-2;-13;-1;-13;-1;-12;0;-12;0;-5;0;-2;0;0;0;0;0;0;-1;-2;-2;-4;-5;-11;-5;-11;-4;-12;-4;-12;-4;-13;-4;-13;-4;-14;-4;-14;-4;-15;-4;-16;-3;-16;-3;-17;-3;-17;-3;-17;-3;-18;-3;-18;-3;-19;-3;-19;-3;-19;-3;-20;-4;-20;-4;-21;-5;-21;-5;-22;-5;-23;-5;-23;-5;-24;-5;-24,transition,EXP_S052,ZONE_01,sortie_zone,4.7,sortie_zone,sortie de la zone
9685172377,-51,6,a0:9f:7a:73:2b:3e,384,-110;-96;8;0;-11;14;-4;12;2;12;8;12;13;13;17;14;21;16;23;17;24;19;24;20;23;21;21;21;19;21;16;19;13;17;10;14;8;10;6;5;5;0;5;-4;6;-8;8;-11;10;-14;13;-15;15;-15;4;-4;0;0;0;0;0;0;0;0;0;0;0;0;0;0;0;0;0;0;-5;-2;-18;-7;-19;-10;-21;-13;-21;-16;-20;-18;-19;-20;-18;-20;-15;-20;-13;-18;-11;-15;-10;-12;-10;-8;-10;-3;-11;2;-12;6;-14;11;-16;15;-19;18;-21;21;-23;24;-25;25;-27;26;-28;25;-28;25;-27;23;-25;22;124;0;-28;-6;-27;-6;-26;-6;-25;-6;-25;-6;-26;-6;-26;-5;-26;-3;-25;-2;-24;0;-23;0;-23;0;-23;-1;-23;-1;-24;0;-24;1;-24;2;-23;2;-22;1;-21;0;-21;0;-21;0;-22;0;-22;1;-21;1;-21;1;-20;0;-20;-1;-7;-1;-2;-1;0;-1;1;0;0;0;-2;-2;-7;-5;-17;-15;-17;-15;-16;-16;-16;-17;-16;-17;-15;-16;-15;-16;-14;-17;-13;-17;-13;-18;-14;-18;-14;-18;-15;-17;-15;-16;-15;-15;-14;-14;-14;-15;-15;-15;-16;-15;-18;-14;-19;-13;-20;-11;-20;-10;-21;-10;-21;-10;-23;-11;-24;-11;-25;-11;124;0;-3;52;-3;52;-3;51;-4;49;-3;48;-3;46;-2;44;-1;42;1;41;1;40;2;39;2;38;2;37;1;36;1;35;1;34;2;34;1;33;1;33;0;32;-1;31;-1;30;-1;28;-1;27;-2;27;-3;27;-4;26;-5;26;-2;9;-1;2;-1;-1;-1;-2;0;-1;0;2;0;9;1;25;0;25;-1;26;-1;26;-2;28;-2;29;-3;30;-3;32;-4;33;-5;34;-6;34;-6;35;-6;36;-6;37;-6;38;-7;39;-7;40;-7;40;-7;41;-6;42;-5;43;-5;45;-4;47;-4;49;-4;50;-4;51;-4;52;-3;52,transition,EXP_S052,ZONE_01,sortie_zone,4.7,sortie_zone,sortie de la zone
9685374292,-51,6,a0:9f:7a:73:2b:3e,384,-110;-96;8;0;-4;15;0;12;6;9;10;8;15;7;19;6;22;7;24;8;26;9;26;10;25;11;23;12;21;12;19;12;15;11;12;9;9;6;6;2;5;-1;4;-5;4;-9;5;-12;6;-14;8;-16;10;-17;2;-5;0;0;0;0;0;0;0;0;0;0;0;0;0;0;0;0;0;0;-4;0;-17;2;-19;1;-21;-1;-23;-4;-24;-6;-23;-7;-22;-9;-20;-9;-18;-9;-15;-8;-13;-5;-11;-2;-9;2;-8;6;-8;10;-8;14;-8;18;-9;21;-9;24;-10;27;-11;29;-13;31;-14;31;-14;30;-14;28;-13;26;-119;0;-24;-5;-23;-5;-23;-5;-23;-5;-23;-4;-23;-4;-22;-3;-22;-2;-22;-1;-21;-1;-21;-1;-20;-1;-20;-1;-20;0;-21;0;-21;1;-21;1;-20;1;-20;1;-19;0;-19;0;-19;0;-19;0;-19;0;-18;0;-18;-1;-18;-2;-17;-3;-7;-1;-2;-1;0;-1;1;0;0;0;-2;-1;-6;-4;-17;-10;-17;-11;-16;-12;-16;-12;-15;-12;-15;-12;-15;-13;-14;-13;-14;-13;-14;-14;-14;-14;-14;-14;-14;-13;-14;-13;-14;-12;-14;-11;-14;-11;-14;-11;-15;-11;-16;-10;-17;-9;-18;-9;-18;-8;-19;-8;-19;-8;-21;-8;-22;-8;-23;-8;-119;0;-1;47;-1;46;-1;45;-1;44;-1;42;0;40;0;39;1;38;1;37;1;36;1;35;1;34;1;33;1;33;1;32;1;31;1;31;1;30;0;30;0;29;-1;28;-1;27;-2;26;-2;25;-3;24;-4;24;-6;23;-6;23;-3;8;-1;2;0;-1;-1;-2;-1;-1;0;2;2;7;5;22;4;22;3;23;3;24;2;25;2;26;2;27;2;28;1;30;0;31;0;31;-1;32;-1;33;-2;33;-2;34;-2;35;-2;35;-2;36;-2;37;-1;38;-1;40;0;41;0;42;0;44;0;45;-1;46;-1;47;-1;47,transition,EXP_S052,ZONE_01,sortie_zone,4.7,sortie_zone,sortie de la zone
9685574033,-51,6,a0:9f:7a:73:2b:3e,384,-110;-96;8;0;14;8;12;2;11;-4;11;-10;11;-16;12;-20;13;-23;14;-26;15;-27;16;-27;17;-27;18;-25;18;-22;17;-19;15;-16;12;-12;8;-10;4;-7;-1;-6;-5;-6;-9;-6;-13;-7;-15;-9;-17;-11;-18;-13;-5;-4;0;0;0;0;0;0;0;0;0;0;0;0;0;0;0;0;0;0;-2;4;-5;17;-8;19;-11;21;-14;21;-16;21;-18;20;-19;18;-19;16;-17;14;-14;11;-11;10;-6;9;-2;9;3;9;8;10;12;12;16;13;20;15;23;17;26;20;27;22;28;23;28;24;28;24;26;23;24;21;-123;0;-11;24;-11;24;-11;23;-11;23;-10;23;-10;23;-9;23;-8;23;-6;23;-5;23;-5;22;-5;22;-5;22;-5;22;-4;22;-4;23;-4;23;-3;22;-3;21;-4;21;-4;20;-4;20;-4;20;-4;20;-4;19;-5;19;-5;19;-6;18;-2;6;-1;2;0;-1;0;-1;0;-1;-2;1;-6;5;-16;15;-17;14;-18;13;-18;13;-18;12;-18;12;-18;11;-19;11;-19;10;-19;10;-20;10;-19;11;-19;11;-18;11;-17;11;-17;11;-17;12;-17;12;-16;13;-16;14;-15;16;-15;17;-14;17;-14;18;-14;19;-14;20;-14;21;-14;22;-123;0;50;11;50;11;49;11;48;11;46;10;44;9;43;8;41;7;40;6;39;6;38;6;37;5;36;5;35;5;35;5;34;5;34;4;33;4;32;5;31;5;30;5;29;6;28;6;26;6;26;7;25;8;24;9;24;10;8;3;2;1;-1;-1;-2;-1;-1;-1;2;-1;9;0;25;1;25;2;26;3;26;4;27;5;28;5;30;6;31;6;32;7;32;8;33;9;34;9;34;10;35;11;36;11;37;11;37;12;38;12;39;12;40;11;42;11;44;10;46;10;47;11;48;11;49;12;50;12;51;11,transition,EXP_S052,ZONE_01,sortie_zone,4.7,sortie_zone,sortie de la zone
9685778336,-50,6,a0:9f:7a:73:2b:3e,384,-110;-96;8;0;15;2;12;-3;9;-7;7;-12;5;-17;5;-21;5;-24;5;-26;6;-27;7;-28;8;-28;9;-26;9;-24;9;-21;9;-18;7;-14;5;-11;2;-8;-2;-6;-6;-4;-9;-3;-13;-3;-16;-4;-18;-6;-19;-8;-5;-3;0;0;0;0;0;0;0;0;0;0;0;0;0;0;0;0;0;0;0;3;1;16;0;18;-2;21;-5;22;-7;23;-9;23;-10;21;-10;19;-9;17;-8;14;-6;12;-3;10;1;8;6;7;10;6;14;6;18;7;22;7;25;8;28;9;30;10;31;11;31;12;31;12;29;12;27;11;-120;0;1;24;1;23;1;22;1;22;1;22;2;22;3;22;4;21;5;20;6;19;6;19;6;18;6;18;7;19;7;19;8;19;8;18;8;18;8;17;7;17;7;17;6;17;7;17;7;16;7;16;7;16;6;16;6;16;2;5;0;1;-1;-1;0;-2;0;-1;-1;1;-4;6;-10;16;-11;16;-11;16;-12;16;-12;15;-12;15;-12;14;-12;14;-13;14;-13;14;-13;14;-13;14;-12;15;-11;15;-10;14;-10;14;-10;14;-10;15;-9;16;-8;17;-7;18;-6;19;-5;19;-5;19;-4;20;-4;21;-4;22;-3;23;-120;0;46;-12;46;-12;45;-12;44;-12;42;-12;40;-12;38;-12;36;-12;35;-13;34;-13;33;-13;32;-13;31;-13;30;-13;29;-13;28;-13;28;-13;28;-13;27;-13;27;-12;26;-11;25;-10;24;-10;23;-9;23;-9;23;-8;23;-7;23;-6;8;-2;2;-1;-1;0;-2;0;-1;0;2;-1;8;-2;22;-6;23;-5;23;-5;24;-4;25;-4;26;-4;27;-4;28;-4;30;-4;30;-3;31;-3;32;-3;33;-3;33;-3;34;-4;35;-3;36;-3;37;-3;37;-4;38;-5;39;-7;41;-8;42;-9;44;-9;45;-10;46;-10;46;-11;47;-11,transition,EXP_S052,ZONE_01,sortie_zone,4.7,sortie_zone,sortie de la zone
9685974273,-50,6,a0:9f:7a:73:2b:3e,384,-110;-96;8;0;9;12;10;6;11;0;12;-5;14;-10;16;-13;18;-16;20;-17;22;-18;23;-18;23;-17;23;-15;22;-13;21;-11;18;-8;14;-6;10;-5;6;-5;1;-5;-3;-6;-6;-8;-9;-10;-10;-12;-11;-15;-11;-17;-3;-5;0;0;0;0;0;0;0;0;0;0;0;0;0;0;0;0;0;0;-3;3;-11;13;-13;14;-17;14;-20;14;-21;13;-22;11;-23;9;-22;8;-19;6;-16;5;-13;5;-9;6;-5;7;-1;9;3;11;6;14;9;17;12;20;14;23;16;26;16;28;16;29;16;30;15;30;14;29;14;27;-123;0;-21;15;-21;14;-21;13;-20;12;-21;11;-21;12;-20;13;-19;15;-18;15;-16;15;-15;14;-16;13;-16;13;-17;13;-17;14;-16;15;-15;16;-14;15;-14;14;-14;13;-14;12;-15;12;-15;12;-15;13;-14;13;-14;12;-14;12;-14;11;-6;3;-2;1;0;-1;1;-1;0;0;-2;0;-7;1;-20;3;-21;2;-21;1;-22;1;-21;1;-21;1;-20;0;-20;-1;-20;-2;-21;-3;-22;-3;-22;-2;-21;-1;-20;0;-19;-1;-18;0;-18;-1;-19;0;-20;1;-21;3;-21;5;-20;7;-19;7;-19;7;-20;6;-21;7;-24;7;-26;9;-123;0;32;34;32;34;31;35;30;34;28;33;27;31;27;28;26;26;26;25;26;25;25;25;25;24;24;23;23;23;23;22;22;21;22;21;22;21;22;21;21;21;19;21;18;20;16;19;15;18;15;18;14;19;13;20;12;21;4;7;1;2;-1;-1;-2;-1;-1;-1;2;1;6;5;18;14;18;15;17;15;18;16;18;17;19;18;20;19;20;21;20;22;20;23;20;24;20;25;21;25;21;26;22;27;22;28;22;28;22;29;23;29;24;29;26;29;28;30;30;31;31;32;31;34;31;35;31;35;31;36,transition,EXP_S052,ZONE_01,sortie_zone,4.7,sortie_zone,sortie de la zone
9686175656,-51,6,a0:9f:7a:73:2b:3e,384,-110;-96;8;0;-16;2;-11;5;-6;8;-3;12;0;16;2;20;3;23;4;25;3;26;3;27;2;27;0;27;-1;25;-2;22;-3;18;-3;15;-2;10;0;6;3;3;6;0;8;-2;11;-3;14;-3;17;-3;18;-2;4;-1;0;0;0;0;0;0;0;0;0;0;0;0;0;0;0;0;0;0;-2;-4;-6;-16;-5;-18;-4;-21;-2;-23;0;-24;2;-24;3;-23;4;-22;4;-19;3;-16;2;-13;-1;-10;-4;-8;-8;-6;-12;-4;-16;-2;-20;-1;-23;-1;-27;-1;-30;-1;-32;-1;-34;-2;-34;-2;-33;-3;-32;-3;-30;-3;-122;0;-4;-12;-4;-12;-4;-12;-3;-12;-3;-12;-4;-12;-4;-12;-4;-11;-5;-11;-5;-10;-5;-10;-5;-10;-5;-10;-5;-10;-5;-10;-6;-10;-6;-10;-5;-9;-5;-9;-5;-9;-4;-9;-4;-9;-4;-9;-5;-9;-5;-9;-4;-9;-4;-9;-3;-9;-1;-3;-1;-1;0;0;-1;0;-1;0;-1;-2;0;-4;0;-10;1;-10;1;-10;1;-10;1;-10;2;-10;2;-10;2;-10;3;-10;3;-10;3;-10;3;-10;2;-10;2;-10;2;-9;2;-9;2;-9;1;-9;1;-10;0;-10;0;-11;-1;-11;-1;-11;-1;-11;-1;-11;-1;-12;-1;-12;-2;-13;-122;0;-21;9;-21;9;-21;9;-21;8;-20;8;-19;8;-18;8;-17;8;-16;8;-16;8;-16;8;-16;8;-15;7;-15;7;-14;7;-14;7;-14;6;-14;6;-14;6;-13;6;-13;5;-13;5;-12;4;-12;4;-12;3;-12;3;-12;2;-12;2;-5;0;-2;0;0;-1;0;-1;0;-1;-1;0;-4;2;-9;6;-10;6;-10;6;-10;6;-11;6;-12;6;-12;6;-13;6;-14;6;-14;6;-15;6;-15;6;-15;6;-16;6;-16;6;-16;6;-17;6;-17;6;-17;7;-18;7;-18;8;-19;8;-19;9;-20;9;-21;9;-21;9;-21;9;-22;9,transition,EXP_S052,ZONE_01,sortie_zone,4.7,sortie_zone,sortie de la zone
9686374748,-50,6,a0:9f:7a:73:2b:3e,384,-110;-96;8;0;-10;13;-5;11;1;11;7;11;11;12;15;13;18;15;20;17;21;18;21;19;20;19;18;20;16;19;13;18;11;16;8;13;6;9;5;5;5;0;5;-4;7;-7;8;-10;10;-12;12;-13;14;-13;3;-4;0;0;0;0;0;0;0;0;0;0;0;0;0;0;0;0;0;0;-4;-2;-16;-6;-18;-8;-19;-11;-20;-14;-19;-16;-18;-17;-17;-18;-15;-17;-13;-16;-11;-14;-10;-10;-9;-6;-9;-2;-10;2;-11;6;-13;10;-15;13;-17;17;-19;19;-21;22;-23;23;-25;23;-26;23;-26;22;-25;21;-23;20;-122;0;-20;-15;-20;-14;-19;-14;-19;-14;-19;-13;-19;-13;-20;-12;-20;-11;-20;-10;-20;-9;-20;-8;-19;-8;-19;-8;-20;-8;-20;-8;-20;-7;-20;-7;-20;-7;-19;-7;-18;-7;-18;-7;-18;-7;-18;-7;-18;-6;-17;-6;-17;-7;-17;-7;-16;-8;-6;-3;-2;-1;0;0;0;1;0;0;-2;-2;-4;-7;-9;-18;-9;-18;-8;-19;-8;-19;-7;-19;-7;-19;-6;-19;-6;-19;-6;-19;-6;-19;-6;-19;-6;-19;-6;-19;-6;-18;-6;-18;-7;-17;-7;-17;-8;-17;-9;-17;-10;-17;-12;-17;-13;-16;-13;-16;-14;-16;-15;-16;-15;-17;-17;-17;-17;-18;-122;0;-21;42;-21;42;-21;41;-20;40;-19;39;-18;38;-17;36;-15;35;-14;35;-13;34;-13;33;-12;33;-12;32;-11;31;-11;31;-11;30;-11;30;-11;29;-11;28;-11;27;-11;26;-11;25;-11;24;-11;23;-11;22;-12;22;-13;21;-14;21;-5;7;-2;2;0;-1;0;-2;0;-1;-1;2;-3;7;-9;22;-9;22;-10;22;-11;22;-12;23;-13;24;-14;24;-14;25;-15;26;-16;27;-17;27;-18;28;-19;28;-19;29;-19;29;-20;30;-20;30;-20;31;-20;32;-20;34;-20;35;-20;37;-20;39;-21;40;-21;41;-22;42;-22;43;-22;43,transition,EXP_S052,ZONE_01,sortie_zone,4.7,sortie_zone,sortie de la zone
9686574138,-50,6,a0:9f:7a:73:2b:3e,384,-110;-96;8;0;-14;-9;-12;-3;-11;3;-11;8;-11;13;-12;17;-13;20;-15;22;-16;23;-17;23;-18;22;-18;21;-18;19;-17;16;-15;13;-12;10;-9;8;-5;6;-1;4;4;4;7;4;10;6;13;7;14;10;15;12;3;3;0;0;0;0;0;0;0;0;0;0;0;0;0;0;0;0;0;0;1;-4;5;-16;8;-18;11;-19;14;-19;16;-19;17;-18;18;-16;17;-14;16;-12;13;-10;10;-9;6;-9;2;-9;-3;-9;-7;-11;-11;-12;-15;-14;-18;-16;-21;-18;-23;-20;-25;-22;-25;-24;-25;-24;-24;-24;-23;-24;-21;-23;-126;0;9;-24;8;-23;8;-23;8;-22;8;-22;8;-22;7;-23;6;-23;4;-23;3;-22;2;-21;2;-21;2;-21;2;-22;2;-22;2;-22;1;-22;1;-21;1;-20;1;-20;2;-19;2;-19;2;-20;1;-20;1;-19;1;-19;2;-18;2;-18;1;-7;0;-2;-1;0;-1;0;-1;0;1;-2;5;-5;14;-14;15;-13;15;-13;16;-12;16;-12;16;-12;16;-11;16;-11;17;-10;17;-10;17;-10;17;-11;16;-11;15;-12;14;-12;14;-11;14;-11;14;-12;14;-13;14;-15;13;-16;12;-17;11;-17;11;-18;11;-18;12;-19;12;-21;12;-22;-126;0;-47;-10;-47;-10;-46;-10;-45;-10;-43;-10;-41;-9;-39;-7;-38;-6;-37;-5;-36;-4;-36;-4;-36;-4;-35;-4;-34;-4;-33;-4;-32;-4;-32;-4;-31;-4;-31;-4;-30;-4;-29;-5;-27;-5;-26;-5;-25;-5;-25;-5;-24;-6;-24;-7;-24;-8;-9;-3;-3;-2;0;0;1;0;0;0;-3;-1;-9;-1;-24;-3;-24;-4;-24;-4;-25;-5;-25;-6;-26;-6;-28;-7;-29;-8;-30;-9;-30;-9;-31;-10;-31;-10;-32;-10;-33;-11;-34;-11;-35;-12;-35;-12;-36;-12;-36;-12;-37;-11;-39;-11;-41;-10;-43;-10;-44;-10;-45;-10;-46;-11;-47;-11;-47;-11,transition,EXP_S052,ZONE_01,sortie_zone,4.7,sortie_zone,sortie de la zone
9686773827,-50,6,a0:9f:7a:73:2b:3e,384,-110;-96;8;0;-16;3;-11;6;-6;9;-2;13;1;17;3;20;4;23;5;26;4;28;4;28;3;28;1;28;0;26;-1;23;-2;19;-2;15;-1;11;0;7;3;3;6;0;9;-2;12;-3;15;-4;17;-3;19;-2;5;-1;0;0;0;0;0;0;0;0;0;0;0;0;0;0;0;0;0;0;-2;-4;-8;-16;-7;-19;-6;-22;-4;-24;-2;-25;0;-25;2;-24;3;-23;3;-20;2;-17;1;-14;-2;-11;-5;-8;-9;-5;-13;-3;-17;-2;-21;0;-24;0;-28;1;-31;1;-33;1;-35;0;-35;0;-35;-1;-33;-2;-31;-2;124;0;-4;-13;-4;-13;-4;-12;-4;-12;-4;-12;-4;-12;-4;-12;-5;-11;-5;-11;-5;-10;-6;-10;-6;-10;-6;-10;-6;-10;-6;-10;-6;-10;-6;-10;-6;-9;-6;-9;-6;-9;-5;-9;-5;-9;-5;-9;-5;-9;-5;-9;-5;-9;-5;-9;-4;-9;-2;-3;-1;-1;0;0;-1;0;-1;0;0;-2;0;-4;1;-10;2;-10;2;-10;2;-10;3;-10;3;-10;3;-10;3;-10;3;-10;3;-10;3;-10;3;-10;3;-10;2;-10;2;-10;2;-10;2;-10;2;-10;1;-10;1;-10;0;-11;0;-11;-1;-11;-1;-11;-1;-12;-1;-12;-2;-13;-2;-13;124;0;-22;10;-22;9;-22;9;-21;9;-20;9;-20;9;-19;8;-18;8;-17;9;-16;9;-16;9;-16;9;-15;9;-15;9;-15;8;-14;8;-14;8;-14;7;-14;7;-14;6;-13;6;-13;6;-12;5;-12;5;-12;5;-12;4;-12;4;-12;3;-5;1;-2;0;0;-1;0;-1;0;-1;-2;0;-4;2;-10;6;-11;6;-11;6;-12;5;-12;5;-13;5;-13;6;-14;6;-15;5;-15;5;-16;5;-16;5;-16;6;-17;6;-17;6;-17;6;-18;6;-18;6;-18;6;-19;7;-19;7;-20;8;-21;8;-21;9;-22;9;-22;10;-22;10;-22;10,transition,EXP_S052,ZONE_01,sortie_zone,4.7,sortie_zone,sortie de la zone
9686972647,-50,6,a0:9f:7a:73:2b:3e,384,-110;-96;8;0;-14;-10;-13;-4;-13;1;-13;7;-14;11;-15;15;-17;18;-19;20;-20;21;-21;21;-22;20;-22;18;-21;16;-20;13;-18;10;-14;8;-10;6;-6;5;-2;5;2;6;5;7;8;9;10;11;11;14;10;16;2;4;0;0;0;0;0;0;0;0;0;0;0;0;0;0;0;0;0;0;0;-5;2;-17;5;-19;7;-21;10;-22;13;-21;14;-20;15;-19;15;-17;14;-15;11;-13;8;-11;5;-10;0;-10;-4;-11;-8;-11;-12;-13;-15;-15;-19;-16;-21;-19;-24;-21;-25;-23;-26;-24;-26;-25;-25;-25;-23;-24;-22;-23;-118;0;10;-23;9;-22;9;-21;9;-21;9;-21;9;-21;8;-22;7;-22;5;-22;4;-21;3;-20;4;-20;4;-20;4;-21;4;-21;3;-22;3;-21;2;-20;3;-19;3;-19;4;-18;4;-19;4;-19;4;-19;3;-19;4;-18;4;-17;4;-17;1;-6;0;-2;-1;0;-1;0;-1;0;1;-2;4;-5;14;-14;14;-13;15;-13;15;-12;15;-12;15;-12;15;-11;15;-10;16;-10;16;-10;17;-10;16;-11;16;-11;15;-11;14;-11;14;-10;14;-10;14;-11;14;-12;14;-14;13;-15;12;-16;12;-17;12;-17;12;-17;12;-18;13;-20;13;-21;-118;0;-48;-13;-48;-13;-47;-13;-46;-13;-44;-12;-42;-12;-41;-10;-39;-9;-38;-8;-38;-7;-37;-7;-36;-7;-36;-6;-35;-7;-34;-6;-33;-6;-33;-6;-32;-7;-31;-7;-30;-8;-29;-8;-27;-8;-26;-8;-25;-8;-25;-8;-24;-9;-24;-10;-23;-11;-9;-4;-3;-2;0;0;1;0;0;0;-3;0;-9;-1;-25;-2;-25;-3;-25;-4;-25;-4;-26;-5;-28;-6;-29;-7;-30;-8;-31;-9;-32;-10;-32;-10;-33;-10;-33;-11;-34;-11;-35;-12;-36;-12;-36;-13;-37;-13;-38;-13;-39;-13;-40;-12;-42;-12;-44;-12;-46;-12;-47;-13;-48;-13;-48;-13;-49;-13,transition,EXP_S052,ZONE_01,sortie_zone,4.7,sortie_zone,sortie de la zone
9687172252,-50,6,a0:9f:7a:73:2b:3e,384,-110;-96;8;0;0;15;4;11;8;7;12;4;16;2;20;1;24;0;26;0;27;1;28;2;28;3;26;5;24;5;22;5;18;5;15;4;11;3;7;0;4;-3;2;-7;1;-10;0;-13;1;-16;2;-18;3;-19;1;-5;0;0;0;0;0;0;0;0;0;0;0;0;0;0;0;0;0;0;-4;1;-17;4;-19;3;-22;1;-24;-1;-25;-3;-25;-5;-24;-6;-22;-6;-19;-6;-16;-5;-14;-4;-11;-1;-9;3;-7;7;-5;11;-5;15;-4;19;-4;23;-4;26;-4;29;-5;32;-6;33;-7;33;-8;33;-8;31;-8;29;-121;0;-12;5;-11;5;-11;4;-11;4;-11;4;-11;4;-11;5;-11;5;-10;6;-9;6;-8;5;-8;5;-9;5;-9;5;-9;6;-9;7;-8;7;-8;7;-7;6;-7;5;-8;5;-8;5;-8;5;-8;6;-7;6;-7;5;-7;5;-7;4;-3;1;-1;0;0;-1;0;0;0;0;-2;-1;-4;-1;-10;-2;-10;-3;-10;-3;-10;-3;-10;-3;-10;-3;-9;-3;-9;-3;-9;-4;-9;-4;-10;-4;-10;-4;-10;-3;-9;-3;-9;-2;-9;-3;-9;-3;-9;-3;-10;-2;-11;-1;-11;0;-10;1;-10;1;-10;1;-10;1;-11;1;-12;1;-13;2;-121;0;12;20;12;20;12;19;11;19;11;18;11;17;11;16;11;15;11;14;11;14;11;13;10;13;10;13;10;13;10;12;10;12;10;11;10;11;10;11;9;11;8;11;8;10;7;10;7;10;7;9;6;10;6;10;5;10;2;3;0;1;-1;-1;-1;-1;-1;-1;0;1;2;3;6;9;5;10;5;10;5;10;5;11;6;11;6;12;6;13;6;13;6;14;6;14;6;14;6;15;6;15;6;16;7;16;7;17;7;17;7;17;8;17;9;17;10;18;10;18;11;19;11;20;11;20;11;20;12;20,transition,EXP_S052,ZONE_01,sortie_zone,4.7,sortie_zone,sortie de la zone
9687374971,-50,6,a0:9f:7a:73:2b:3e,384,-110;-96;8;0;-5;15;0;12;6;9;11;7;16;6;20;6;23;6;26;7;27;8;28;9;27;10;26;11;23;12;20;11;17;10;13;8;10;6;7;2;5;-2;3;-6;3;-10;3;-13;4;-16;6;-18;7;-19;2;-5;0;0;0;0;0;0;0;0;0;0;0;0;0;0;0;0;0;0;-5;-1;-18;-1;-20;-3;-22;-5;-23;-8;-24;-10;-23;-12;-22;-13;-19;-13;-17;-12;-15;-10;-12;-7;-11;-4;-9;0;-9;5;-9;9;-9;14;-10;18;-11;22;-12;25;-13;28;-14;30;-15;31;-16;31;-17;31;-16;29;-15;27;127;0;-26;-4;-26;-4;-25;-4;-24;-4;-24;-4;-24;-3;-24;-2;-24;-1;-24;0;-23;1;-22;1;-22;1;-22;1;-22;1;-23;1;-23;2;-22;2;-22;3;-21;2;-21;2;-20;1;-20;1;-20;1;-20;1;-20;1;-19;1;-19;0;-19;-1;-7;-1;-2;-1;0;-1;1;0;0;0;-3;-2;-7;-4;-18;-12;-18;-12;-17;-13;-17;-14;-16;-14;-16;-14;-15;-14;-15;-14;-15;-15;-15;-15;-15;-15;-15;-15;-15;-14;-15;-13;-15;-13;-15;-13;-15;-12;-16;-12;-17;-12;-18;-11;-19;-10;-20;-9;-20;-8;-21;-8;-21;-8;-22;-8;-24;-8;-25;-8;127;0;1;48;1;48;1;47;0;46;1;44;1;42;2;40;3;39;3;38;3;37;3;36;3;35;3;35;3;34;3;33;3;32;3;31;3;31;3;30;2;30;1;29;1;28;0;26;0;26;-1;25;-2;25;-3;25;-4;24;-2;8;-1;2;-1;-1;-1;-2;-1;-1;0;2;1;8;4;23;3;23;2;24;2;25;2;26;1;27;1;28;1;30;0;31;0;32;-1;32;-1;33;-2;34;-2;35;-3;36;-3;36;-3;37;-3;38;-2;38;-1;39;0;41;0;42;1;44;1;45;0;47;0;48;0;48;1;49,transition,EXP_S052,ZONE_01,sortie_zone,4.7,sortie_zone,sortie de la zone
9687575703,-50,6,a0:9f:7a:73:2b:3e,384,-110;-96;8;0;7;-16;1;-14;-5;-12;-11;-11;-16;-11;-21;-11;-24;-12;-27;-14;-28;-15;-28;-16;-28;-17;-26;-18;-23;-18;-20;-17;-17;-15;-13;-13;-10;-9;-8;-5;-6;0;-5;4;-6;8;-7;12;-9;15;-11;16;-13;17;-4;4;0;0;0;0;0;0;0;0;0;0;0;0;0;0;0;0;0;0;4;0;18;2;20;5;22;8;23;11;23;13;22;15;20;16;18;15;16;14;13;12;11;8;10;4;9;0;9;-5;10;-10;11;-14;12;-19;14;-23;16;-26;17;-29;19;-31;20;-32;21;-32;22;-31;21;-29;20;-27;-124;0;25;9;24;9;24;9;24;8;24;8;24;7;24;6;24;5;23;4;23;3;22;3;22;3;22;3;22;2;23;2;23;2;23;1;22;1;21;1;21;1;20;1;20;1;20;2;20;2;20;2;19;2;19;2;18;3;6;1;2;0;-1;-1;-1;-1;-1;-1;1;1;5;5;15;15;14;16;13;17;13;17;12;17;12;17;11;17;11;17;11;17;11;18;11;18;11;18;11;17;11;17;11;16;11;16;11;15;12;15;13;15;15;14;16;14;17;13;18;12;19;12;19;12;20;12;22;13;23;13;-124;0;10;-52;10;-52;10;-51;9;-50;8;-48;7;-46;6;-44;5;-43;4;-41;3;-40;3;-40;3;-39;2;-38;2;-38;2;-37;3;-36;2;-36;3;-35;3;-34;3;-33;4;-32;4;-31;4;-29;4;-28;5;-28;6;-27;7;-26;8;-26;3;-10;1;-3;-1;0;-1;1;-1;0;0;-3;0;-10;2;-26;2;-26;3;-27;4;-28;5;-28;5;-30;6;-31;6;-32;7;-33;7;-34;8;-35;9;-36;10;-36;11;-37;11;-38;11;-38;11;-39;11;-40;11;-41;10;-42;10;-44;9;-46;9;-48;10;-49;10;-51;10;-52;10;-53;10;-53,transition,EXP_S052,ZONE_01,sortie_zone,4.7,sortie_zone,sortie de la zone
9687773765,-50,6,a0:9f:7a:73:2b:3e,384,-110;-96;8;0;-18;4;-12;7;-6;11;-2;14;2;18;4;22;6;26;6;28;6;30;5;31;4;31;2;30;1;28;0;25;-1;22;-2;17;-1;12;1;8;4;3;7;0;10;-2;13;-4;16;-4;19;-3;21;-2;5;-1;0;0;0;0;0;0;0;0;0;0;0;0;0;0;0;0;0;0;-3;-4;-10;-16;-10;-19;-9;-23;-7;-25;-5;-27;-3;-27;-2;-27;0;-25;0;-22;0;-19;-1;-15;-4;-12;-7;-8;-10;-5;-14;-3;-18;0;-22;2;-27;3;-30;4;-34;4;-36;4;-38;4;-38;3;-38;2;-36;2;-34;1;-121;0;-5;-13;-5;-13;-5;-13;-5;-13;-5;-12;-5;-12;-6;-12;-6;-11;-6;-11;-7;-11;-7;-10;-7;-10;-7;-10;-7;-10;-7;-10;-8;-10;-8;-10;-7;-10;-7;-9;-7;-9;-7;-9;-7;-9;-7;-9;-7;-9;-6;-9;-6;-9;-6;-9;-5;-9;-2;-4;-1;-1;0;0;-1;0;-1;0;0;-2;0;-4;1;-11;2;-11;2;-11;2;-11;2;-11;3;-11;3;-11;3;-11;3;-11;3;-11;3;-11;3;-11;3;-11;2;-10;2;-10;2;-10;2;-10;1;-11;1;-11;1;-11;0;-11;-1;-12;-1;-12;-2;-12;-2;-13;-2;-13;-3;-13;-3;-13;-121;0;-24;12;-24;12;-23;12;-22;12;-21;11;-20;11;-20;11;-19;11;-18;12;-17;11;-17;11;-16;11;-16;11;-16;11;-15;10;-15;10;-15;10;-15;9;-14;9;-14;9;-14;8;-13;8;-13;7;-13;7;-13;6;-13;6;-13;5;-13;5;-5;1;-2;0;0;-1;0;-1;0;-1;-2;0;-4;2;-11;7;-12;7;-12;6;-12;6;-13;6;-14;6;-14;6;-15;7;-16;7;-16;7;-17;7;-17;7;-18;7;-18;7;-19;7;-19;7;-19;7;-19;8;-20;8;-20;9;-21;9;-21;10;-22;11;-23;11;-23;12;-24;12;-24;12;-24;12,transition,EXP_S052,ZONE_01,sortie_zone,4.7,sortie_zone,sortie de la zone
9687972592,-50,6,a0:9f:7a:73:2b:3e,384,-110;-96;8;0;6;-15;1;-12;-5;-11;-10;-10;-14;-10;-18;-10;-22;-11;-24;-13;-25;-14;-25;-15;-25;-15;-23;-16;-21;-16;-18;-15;-15;-14;-12;-11;-9;-8;-7;-4;-6;0;-5;4;-5;7;-6;10;-8;13;-10;14;-12;15;-3;3;0;0;0;0;0;0;0;0;0;0;0;0;0;0;0;0;0;0;3;0;16;2;18;4;19;7;20;9;20;11;19;13;18;14;16;14;14;13;12;11;10;7;9;4;8;0;8;-4;8;-9;9;-13;11;-17;12;-20;14;-23;15;-26;17;-27;18;-28;19;-28;19;-27;19;-26;18;-25;-122;0;21;11;21;11;21;10;21;9;21;9;20;8;20;7;20;6;20;6;20;5;20;4;20;4;20;3;20;3;20;3;20;3;20;3;19;3;19;3;19;3;18;3;18;3;18;3;18;3;18;3;17;4;17;4;16;5;5;2;1;0;-1;-1;-1;-1;-1;-1;1;1;4;5;12;14;11;15;10;15;10;16;9;16;9;16;9;17;9;17;8;17;8;17;8;17;8;16;8;16;9;15;9;15;9;14;10;14;10;14;11;14;12;14;13;13;14;13;15;13;16;13;17;13;18;12;19;12;19;12;-122;0;13;-46;13;-45;12;-44;12;-43;11;-42;10;-40;9;-39;8;-38;7;-37;6;-36;6;-35;5;-34;5;-34;5;-33;4;-33;5;-32;5;-31;5;-31;6;-30;6;-29;6;-28;6;-27;6;-26;6;-25;6;-24;7;-23;8;-23;9;-22;3;-8;1;-3;-1;0;-1;1;-1;0;0;-3;0;-9;2;-23;3;-24;4;-24;5;-24;6;-25;6;-26;7;-27;8;-28;8;-29;9;-30;10;-31;10;-31;11;-32;12;-32;12;-33;12;-33;13;-34;13;-35;13;-36;13;-37;13;-38;12;-40;12;-41;12;-42;12;-44;12;-45;12;-46;12;-47,transition,EXP_S052,ZONE_01,sortie_zone,4.7,sortie_zone,sortie de la zone
9688172386,-51,6,a0:9f:7a:73:2b:3e,384,-110;-96;8;0;-15;7;-9;8;-4;10;1;13;5;15;8;18;10;21;11;23;11;25;11;26;9;26;8;25;6;24;5;22;3;19;2;15;2;11;2;6;4;2;6;-1;8;-4;11;-6;14;-7;16;-7;18;-6;4;-2;0;0;0;0;0;0;0;0;0;0;0;0;0;0;0;0;0;0;-3;-3;-12;-13;-12;-15;-12;-19;-11;-21;-9;-23;-8;-24;-6;-23;-5;-22;-4;-20;-3;-17;-4;-13;-5;-10;-7;-6;-10;-3;-13;0;-16;3;-19;5;-23;7;-26;9;-28;10;-31;10;-32;10;-33;10;-33;9;-31;8;-29;7;-128;0;-8;-10;-8;-10;-8;-9;-7;-9;-7;-9;-8;-9;-8;-9;-9;-9;-9;-8;-9;-7;-9;-7;-9;-7;-9;-7;-9;-7;-9;-7;-9;-7;-9;-6;-9;-6;-9;-6;-8;-6;-8;-6;-8;-6;-8;-6;-8;-6;-8;-6;-8;-6;-7;-6;-7;-6;-3;-2;-1;-1;0;0;0;0;0;0;-1;-1;-1;-4;-2;-10;-2;-10;-2;-10;-2;-10;-1;-10;-1;-10;-1;-10;-1;-10;0;-10;0;-10;0;-10;-1;-10;-1;-10;-2;-10;-2;-9;-2;-9;-1;-9;-2;-9;-2;-10;-3;-10;-4;-10;-4;-10;-5;-9;-5;-9;-5;-10;-5;-10;-6;-11;-7;-11;-128;0;-16;17;-16;17;-16;17;-15;16;-15;15;-14;15;-13;14;-12;14;-12;14;-11;14;-11;14;-11;14;-11;13;-10;13;-10;13;-9;12;-9;12;-9;12;-9;12;-9;11;-9;11;-9;10;-9;9;-9;9;-8;9;-9;8;-9;8;-9;8;-4;2;-2;0;0;-1;0;-1;0;-1;-1;1;-3;3;-7;9;-8;9;-8;9;-8;9;-9;9;-9;10;-10;10;-11;10;-11;10;-12;10;-12;10;-12;10;-12;11;-13;11;-13;11;-14;11;-14;12;-14;12;-14;12;-14;13;-14;14;-15;15;-15;15;-16;16;-16;16;-16;17;-16;17;-16;17,transition,EXP_S052,ZONE_01,sortie_zone,4.7,sortie_zone,sortie de la zone
