timestamp_us,rssi,channel,mac,csi_len,csi_data,experiment_id,zone_id,scenario,distance_tx_rx_m,ground_truth,comment,marker_state
852372399,-48,6,a0:9f:7a:73:2b:3e,384,-110;-96;8;0;-15;5;-10;8;-5;11;-1;15;2;18;4;22;4;25;5;27;4;29;2;30;1;30;-1;28;-2;26;-3;23;-3;19;-2;15;-1;11;2;7;5;4;8;1;12;0;16;0;18;1;20;3;22;5;5;1;0;0;0;0;0;0;0;0;0;0;0;0;0;0;0;0;0;0;-3;-3;-11;-13;-11;-15;-11;-17;-10;-19;-8;-20;-7;-21;-6;-20;-5;-19;-4;-18;-4;-15;-5;-13;-6;-10;-8;-7;-10;-4;-13;-2;-17;0;-20;2;-23;4;-26;5;-29;5;-31;5;-33;5;-34;4;-33;3;-31;2;-29;1;-119;0;-9;-10;-8;-9;-7;-9;-7;-9;-7;-9;-7;-10;-8;-10;-9;-9;-9;-8;-9;-7;-9;-7;-8;-7;-8;-8;-9;-8;-9;-8;-10;-8;-10;-7;-9;-7;-9;-7;-8;-7;-8;-7;-8;-8;-8;-8;-8;-8;-8;-7;-8;-7;-7;-7;-7;-7;-3;-3;-1;-1;0;0;0;0;-1;0;-1;-1;-1;-3;-1;-8;-1;-8;0;-8;0;-8;-1;-8;-1;-8;0;-8;0;-8;0;-8;0;-8;0;-9;-1;-9;-1;-9;-1;-8;-2;-8;-1;-8;-1;-8;-1;-8;-2;-9;-3;-9;-4;-9;-5;-9;-5;-9;-5;-9;-5;-9;-5;-10;-6;-10;-6;-11;-119;0;-15;19;-15;19;-15;18;-15;18;-14;17;-13;17;-12;16;-11;16;-10;16;-10;16;-10;16;-10;16;-10;16;-10;15;-9;15;-9;15;-9;15;-9;14;-9;14;-10;14;-10;13;-10;12;-9;11;-9;11;-9;11;-10;10;-10;10;-11;9;-4;3;-2;0;0;-1;0;-1;0;-1;-1;1;-2;3;-5;9;-6;9;-6;9;-7;9;-7;9;-8;10;-9;10;-9;11;-10;11;-11;11;-11;11;-11;11;-12;11;-12;12;-13;12;-13;12;-13;12;-13;12;-13;13;-13;13;-13;14;-14;15;-14;16;-15;17;-15;17;-15;18;-15;18;-15;18,empty,EXP_S045,ZONE_01,entree_zone,4.7,entree_zone,entree dans la zone
852572804,-48,6,a0:9f:7a:73:2b:3e,384,-110;-96;8;0;5;-16;-1;-14;-7;-12;-13;-12;-18;-12;-22;-13;-26;-14;-28;-16;-29;-17;-29;-18;-28;-19;-26;-20;-23;-20;-20;-19;-16;-17;-12;-13;-10;-9;-8;-4;-8;1;-8;5;-10;10;-12;13;-15;15;-18;16;-20;15;-6;3;0;0;0;0;0;0;0;0;0;0;0;0;0;0;0;0;0;0;4;-1;17;-2;19;0;21;2;22;4;22;6;22;7;21;8;19;9;17;8;15;6;13;4;12;1;10;-3;9;-7;9;-11;9;-15;10;-19;11;-23;12;-26;14;-29;16;-31;17;-32;18;-33;18;-32;18;-30;17;-28;123;0;13;3;12;3;12;3;11;4;11;4;12;4;12;3;12;3;12;2;12;2;11;2;11;2;11;2;12;2;12;2;12;2;12;2;11;2;11;2;10;3;10;3;10;3;10;3;10;3;10;3;10;3;9;4;9;4;3;1;0;0;-1;-1;-1;-1;-1;-1;0;0;2;1;6;5;6;5;6;5;6;5;6;5;6;5;5;5;5;5;5;6;5;6;5;6;5;6;6;5;6;5;6;5;6;5;6;5;6;5;7;5;8;5;8;5;9;4;9;4;9;4;9;4;10;4;11;5;12;5;123;0;1;-27;1;-27;1;-27;1;-26;1;-25;1;-24;1;-23;0;-23;0;-22;0;-22;0;-22;0;-21;0;-21;0;-21;0;-20;0;-20;1;-20;1;-20;2;-20;2;-19;3;-18;3;-17;3;-17;4;-16;4;-16;5;-15;5;-15;6;-15;2;-6;0;-2;-1;0;0;0;0;0;-1;-2;-2;-4;-4;-11;-4;-12;-4;-12;-3;-13;-3;-14;-3;-14;-3;-15;-2;-16;-2;-17;-1;-17;-1;-17;0;-18;0;-18;1;-19;1;-20;1;-20;1;-20;1;-21;1;-21;1;-21;1;-22;0;-23;0;-24;1;-25;1;-25;1;-26;1;-27;1;-27,empty,EXP_S045,ZONE_01,entree_zone,4.7,entree_zone,entree dans la zone
852773661,-48,6,a0:9f:7a:73:2b:3e,384,-110;-96;8;0;-7;-15;-9;-9;-12;-3;-16;2;-20;6;-24;8;-27;10;-30;11;-32;11;-33;10;-33;9;-32;7;-30;4;-27;2;-23;1;-18;0;-13;1;-8;3;-3;5;1;9;4;13;5;16;6;20;5;23;3;25;0;6;0;0;0;0;0;0;0;0;0;0;0;0;0;0;0;0;0;0;3;-3;14;-10;16;-10;19;-9;21;-8;22;-6;23;-5;22;-4;21;-3;19;-2;16;-3;13;-4;10;-6;7;-8;4;-11;1;-14;-2;-17;-4;-21;-6;-25;-7;-28;-8;-31;-8;-34;-8;-36;-8;-37;-7;-37;-6;-34;-5;-32;127;0;12;-8;11;-8;11;-8;11;-7;11;-7;11;-8;11;-8;11;-8;10;-9;9;-9;9;-9;9;-8;10;-8;10;-9;10;-9;10;-9;10;-9;9;-9;9;-8;9;-8;9;-7;10;-7;10;-7;10;-7;10;-7;10;-6;10;-6;10;-5;3;-2;1;-1;-1;0;-1;0;-1;-1;0;-1;3;-1;8;-1;8;-1;8;-1;8;-1;8;-1;8;-1;8;0;8;0;8;0;8;0;8;0;9;0;8;-1;8;-1;8;-1;8;-1;8;-1;8;-2;9;-2;9;-3;10;-4;10;-5;10;-5;10;-5;10;-5;11;-5;12;-6;12;-6;127;0;-19;-19;-19;-19;-18;-19;-18;-19;-17;-18;-17;-17;-17;-16;-17;-15;-17;-15;-17;-14;-16;-14;-16;-14;-16;-14;-15;-14;-15;-14;-15;-14;-15;-14;-14;-14;-14;-14;-13;-14;-12;-14;-11;-14;-11;-14;-10;-13;-9;-13;-9;-14;-8;-14;-7;-14;-3;-6;-1;-2;0;0;0;0;0;0;-2;-1;-4;-2;-11;-6;-11;-6;-11;-7;-11;-7;-11;-8;-11;-9;-12;-9;-12;-10;-12;-11;-13;-12;-13;-12;-13;-13;-13;-13;-13;-14;-13;-14;-13;-15;-13;-15;-13;-15;-14;-16;-14;-16;-15;-16;-16;-16;-17;-17;-17;-17;-18;-18;-18;-19;-18;-19;-18;-19,empty,EXP_S045,ZONE_01,entree_zone,4.7,entree_zone,entree dans la zone
852972275,-48,6,a0:9f:7a:73:2b:3e,384,-110;-96;8;0;-16;-2;-12;3;-9;8;-7;13;-6;18;-6;23;-6;26;-7;29;-8;30;-9;30;-11;30;-12;28;-12;25;-12;22;-11;18;-9;14;-6;10;-2;7;3;5;8;4;12;4;15;5;18;7;20;9;21;12;5;3;0;0;0;0;0;0;0;0;0;0;0;0;0;0;0;0;0;0;-1;-4;-3;-17;-2;-19;0;-21;2;-22;4;-22;5;-22;6;-21;6;-20;6;-18;4;-16;2;-14;0;-12;-4;-10;-8;-9;-12;-8;-15;-7;-19;-7;-23;-7;-27;-8;-30;-9;-32;-10;-33;-11;-34;-12;-33;-12;-31;-12;-29;-12;127;0;3;-13;3;-13;2;-13;2;-13;2;-13;1;-13;1;-12;1;-12;0;-12;0;-12;0;-12;0;-12;0;-12;-1;-12;-1;-12;-1;-12;-1;-12;-1;-12;0;-12;0;-12;0;-12;0;-12;0;-12;0;-11;0;-11;1;-11;1;-11;2;-11;0;-4;0;-2;-1;0;-1;0;-1;0;0;-1;2;-3;5;-6;5;-6;5;-6;6;-6;6;-6;6;-6;6;-6;6;-6;6;-6;6;-6;6;-6;6;-6;5;-6;5;-6;5;-7;5;-7;5;-7;5;-7;4;-8;4;-8;4;-9;4;-9;4;-10;4;-10;4;-11;4;-11;4;-12;4;-12;127;0;-25;0;-25;0;-25;1;-24;1;-24;1;-23;1;-22;1;-22;2;-21;2;-21;2;-20;2;-20;3;-20;3;-19;3;-19;3;-19;2;-19;2;-19;2;-18;1;-18;1;-17;1;-17;0;-16;0;-16;0;-16;-1;-15;-1;-15;-2;-15;-3;-6;-1;-2;-1;0;0;0;-1;0;-1;-2;0;-4;1;-11;2;-11;2;-12;1;-12;1;-13;1;-14;1;-14;0;-15;0;-16;0;-16;-1;-17;-1;-17;-1;-18;-1;-18;-2;-18;-2;-18;-2;-19;-2;-19;-2;-20;-2;-20;-2;-21;-1;-22;-1;-23;-1;-23;-1;-24;0;-24;0;-25;0;-25;0,empty,EXP_S045,ZONE_01,entree_zone,4.7,entree_zone,entree dans la zone
853172564,-48,6,a0:9f:7a:73:2b:3e,384,-110;-96;8;0;-15;6;-9;8;-4;11;1;15;4;18;6;22;8;25;8;28;8;29;7;30;5;30;3;30;1;28;0;24;-1;21;-1;16;0;11;2;7;5;3;9;0;12;-2;16;-2;19;-2;22;0;23;2;6;0;0;0;0;0;0;0;0;0;0;0;0;0;0;0;0;0;0;0;-3;-3;-12;-12;-13;-14;-13;-16;-12;-18;-11;-20;-10;-21;-9;-21;-7;-20;-7;-18;-6;-16;-6;-13;-7;-10;-9;-7;-11;-3;-13;0;-16;2;-19;5;-23;7;-26;8;-29;9;-32;9;-33;9;-34;8;-34;7;-32;6;-31;6;-125;0;-5;-13;-5;-13;-5;-12;-4;-12;-4;-12;-5;-12;-5;-12;-5;-12;-6;-11;-6;-11;-6;-10;-6;-10;-6;-11;-6;-11;-6;-11;-6;-11;-6;-11;-6;-10;-5;-10;-5;-10;-5;-10;-5;-10;-5;-10;-5;-10;-4;-10;-4;-10;-3;-10;-3;-10;-1;-4;-1;-2;0;0;0;0;-1;0;-1;-1;0;-3;0;-8;0;-8;0;-8;1;-8;1;-8;1;-8;1;-8;1;-8;1;-8;1;-8;1;-8;1;-9;0;-9;0;-9;0;-8;0;-9;0;-9;0;-9;-1;-9;-1;-10;-2;-10;-2;-10;-2;-10;-3;-10;-3;-11;-3;-12;-3;-12;-4;-13;-125;0;-21;13;-21;13;-21;13;-20;12;-20;12;-19;12;-18;11;-18;11;-17;11;-16;12;-16;11;-16;11;-16;11;-16;11;-16;11;-15;11;-15;10;-15;10;-15;9;-15;8;-15;8;-15;7;-14;7;-14;6;-14;6;-14;5;-14;4;-14;4;-6;1;-2;0;0;-1;0;-1;0;-1;-1;0;-3;3;-7;8;-7;8;-8;8;-9;8;-9;8;-10;9;-11;9;-12;9;-13;9;-13;9;-14;9;-14;9;-15;9;-15;9;-16;9;-16;9;-16;9;-17;9;-17;9;-17;10;-18;10;-18;11;-19;12;-20;12;-20;12;-20;13;-21;13;-21;13,empty,EXP_S045,ZONE_01,entree_zone,4.7,entree_zone,entree dans la zone
853373162,-48,6,a0:9f:7a:73:2b:3e,384,-110;-96;8;0;-14;-5;-12;0;-10;6;-8;11;-8;16;-9;20;-9;24;-11;26;-12;27;-13;27;-14;27;-15;25;-15;22;-14;19;-13;15;-10;12;-6;9;-2;6;2;5;7;4;11;4;14;6;17;7;18;10;19;12;4;3;0;0;0;0;0;0;0;0;0;0;0;0;0;0;0;0;0;0;0;-4;2;-16;4;-18;6;-19;7;-20;9;-20;10;-19;11;-18;11;-17;10;-15;8;-14;6;-12;3;-11;-1;-10;-5;-9;-9;-9;-13;-10;-16;-11;-20;-11;-23;-13;-26;-14;-28;-16;-29;-17;-29;-18;-28;-18;-26;-18;-25;-17;-121;0;6;-26;6;-25;6;-24;6;-23;7;-23;6;-24;5;-24;4;-24;3;-24;2;-23;2;-23;2;-23;3;-23;3;-24;3;-24;2;-24;1;-24;1;-23;2;-22;3;-22;3;-21;4;-21;4;-22;4;-22;4;-21;4;-20;5;-20;6;-19;2;-7;0;-2;-1;0;-1;0;-1;0;1;-2;3;-5;10;-12;10;-12;11;-12;11;-12;11;-12;11;-11;10;-11;11;-10;11;-10;11;-11;12;-11;11;-12;11;-12;10;-13;10;-13;10;-13;10;-13;10;-14;10;-15;10;-17;9;-18;8;-19;8;-19;8;-19;8;-20;9;-21;9;-23;9;-24;-121;0;-47;-2;-47;-2;-46;-2;-45;-2;-44;-2;-42;-1;-41;0;-40;1;-39;1;-38;1;-38;1;-37;1;-37;1;-36;1;-36;1;-35;1;-35;1;-35;0;-34;-1;-33;-1;-32;-2;-31;-3;-30;-3;-29;-4;-28;-5;-27;-6;-27;-7;-27;-8;-10;-3;-3;-2;0;0;1;-1;0;-1;-3;0;-8;2;-21;5;-21;4;-22;4;-23;3;-24;2;-25;2;-27;1;-29;1;-30;0;-30;-1;-31;-2;-32;-2;-32;-3;-33;-4;-34;-4;-35;-5;-35;-5;-36;-5;-37;-5;-38;-4;-39;-3;-41;-2;-42;-2;-44;-2;-45;-3;-46;-3;-46;-3;-47;-3,empty,EXP_S045,ZONE_01,entree_zone,4.7,entree_zone,entree dans la zone
853574244,-48,6,a0:9f:7a:73:2b:3e,384,-110;-96;8;0;-10;-4;-8;0;-7;3;-6;7;-6;10;-7;13;-7;15;-8;16;-9;17;-10;17;-10;16;-11;15;-11;14;-11;11;-9;9;-7;7;-5;5;-2;4;1;3;4;3;6;4;8;5;10;6;11;8;11;9;2;2;0;0;0;0;0;0;0;0;0;0;0;0;0;0;0;0;0;0;0;-3;0;-11;1;-12;3;-13;4;-13;5;-13;6;-13;6;-12;6;-11;6;-10;5;-9;3;-8;1;-7;-1;-7;-3;-6;-6;-6;-8;-7;-11;-7;-13;-8;-15;-8;-17;-9;-18;-10;-19;-11;-19;-12;-19;-12;-18;-12;-16;-11;-120;0;4;-16;4;-16;4;-16;4;-15;4;-15;4;-15;3;-15;3;-16;2;-15;2;-15;2;-15;2;-15;2;-15;2;-15;1;-16;1;-16;1;-15;1;-15;1;-14;2;-14;2;-14;3;-14;3;-14;3;-14;3;-14;3;-13;4;-13;4;-13;1;-5;0;-2;-1;0;-1;0;-1;0;0;-1;2;-3;6;-8;6;-8;6;-7;7;-7;7;-7;7;-7;7;-7;7;-7;7;-7;7;-7;7;-7;7;-8;7;-8;6;-8;6;-8;6;-8;6;-8;6;-9;6;-10;6;-11;5;-11;5;-12;5;-12;5;-13;5;-13;6;-14;6;-15;6;-15;-120;0;-31;-2;-31;-2;-30;-2;-30;-2;-29;-2;-28;-1;-27;-1;-26;0;-26;0;-26;0;-25;0;-25;0;-24;0;-24;0;-23;0;-23;0;-23;-1;-23;-1;-22;-1;-22;-2;-21;-2;-20;-3;-19;-3;-19;-4;-18;-4;-18;-5;-17;-6;-17;-6;-6;-3;-2;-1;0;0;0;-1;0;-1;-2;0;-5;1;-14;3;-14;3;-15;2;-15;2;-16;2;-17;1;-18;1;-19;0;-19;0;-20;-1;-21;-1;-21;-2;-22;-2;-22;-3;-22;-3;-23;-3;-23;-3;-23;-3;-24;-3;-25;-3;-26;-2;-27;-2;-28;-2;-29;-2;-30;-2;-30;-3;-31;-3;-31;-3,empty,EXP_S045,ZONE_01,entree_zone,4.7,entree_zone,entree dans la zone
853772390,-49,6,a0:9f:7a:73:2b:3e,384,-110;-96;8;0;-8;-15;-10;-9;-13;-3;-16;2;-20;6;-23;9;-27;11;-30;12;-32;11;-33;10;-33;9;-32;7;-30;5;-27;3;-23;1;-18;1;-13;1;-8;3;-3;5;1;9;3;13;4;16;5;20;3;23;2;25;0;6;0;0;0;0;0;0;0;0;0;0;0;0;0;0;0;0;0;0;2;-3;12;-12;14;-12;17;-12;19;-11;21;-10;21;-9;21;-8;20;-7;18;-6;16;-6;13;-6;9;-7;6;-9;3;-11;-1;-14;-4;-17;-6;-21;-8;-24;-10;-27;-11;-31;-11;-33;-11;-35;-11;-36;-10;-36;-8;-34;-7;-32;-119;0;10;-9;10;-9;10;-9;10;-9;10;-9;10;-9;10;-9;9;-10;9;-10;8;-10;8;-9;8;-9;8;-9;8;-9;8;-10;8;-10;8;-10;8;-10;8;-9;8;-9;8;-8;8;-8;9;-8;9;-8;9;-8;9;-7;9;-7;9;-6;3;-2;1;-1;-1;0;-1;0;-1;0;0;-1;2;-1;7;-3;8;-3;8;-2;8;-2;8;-2;8;-2;8;-2;8;-2;8;-2;8;-2;8;-2;8;-2;8;-3;8;-3;8;-3;8;-3;8;-3;8;-3;8;-4;9;-4;9;-5;9;-6;9;-6;9;-6;10;-7;10;-7;11;-7;11;-8;-119;0;-21;-16;-21;-16;-21;-16;-20;-16;-20;-15;-19;-15;-19;-14;-18;-13;-18;-13;-18;-12;-18;-12;-18;-12;-17;-12;-17;-12;-17;-12;-16;-12;-16;-12;-16;-12;-15;-12;-14;-12;-14;-13;-13;-12;-12;-12;-12;-12;-11;-12;-10;-12;-10;-13;-9;-13;-3;-5;-1;-2;0;0;0;0;0;0;-2;-1;-4;-1;-12;-3;-12;-4;-12;-5;-12;-5;-12;-6;-13;-6;-13;-7;-14;-8;-14;-9;-14;-10;-15;-10;-15;-11;-15;-11;-15;-11;-15;-12;-15;-12;-15;-13;-16;-13;-16;-13;-17;-13;-17;-14;-18;-14;-19;-14;-20;-15;-20;-15;-21;-16;-21;-16;-21;-16,empty,EXP_S045,ZONE_01,entree_zone,4.7,entree_zone,entree dans la zone
853976884,-48,6,a0:9f:7a:73:2b:3e,384,-110;-96;8;0;-5;-12;-7;-8;-9;-4;-12;0;-15;2;-18;4;-21;4;-23;4;-24;4;-25;3;-25;2;-24;1;-23;-1;-20;-1;-17;-2;-13;-2;-10;-1;-6;1;-3;4;-1;7;0;9;0;12;0;15;-1;17;-3;18;-1;4;0;0;0;0;0;0;0;0;0;0;0;0;0;0;0;0;0;0;2;-2;9;-8;11;-8;13;-8;14;-7;15;-6;16;-5;16;-4;15;-4;14;-3;12;-3;10;-4;7;-5;5;-6;2;-8;0;-10;-2;-13;-3;-16;-4;-18;-5;-21;-5;-23;-5;-25;-5;-27;-4;-27;-4;-27;-3;-26;-3;-24;-120;0;19;-6;18;-6;18;-6;18;-6;18;-6;18;-6;18;-6;18;-7;17;-7;16;-7;16;-7;16;-7;16;-7;16;-7;16;-8;16;-8;16;-8;16;-7;16;-7;16;-6;16;-6;16;-6;15;-6;15;-6;15;-5;15;-4;15;-3;15;-2;5;-1;1;-1;-1;0;-1;-1;-1;-1;1;0;4;0;11;1;11;1;11;2;11;2;11;2;11;2;11;2;11;3;11;3;11;3;12;3;12;2;12;2;12;1;12;1;12;1;12;1;13;1;13;0;14;-1;15;-2;15;-2;15;-2;16;-3;16;-3;17;-3;18;-3;19;-4;-120;0;-19;-34;-19;-34;-19;-33;-19;-33;-18;-32;-18;-30;-17;-29;-18;-28;-18;-27;-18;-27;-18;-26;-17;-26;-17;-25;-17;-25;-16;-25;-16;-25;-15;-25;-14;-25;-14;-25;-13;-25;-12;-24;-11;-23;-10;-23;-9;-23;-8;-22;-7;-22;-5;-22;-4;-22;-2;-8;-1;-3;0;0;0;0;0;0;-2;-1;-5;-4;-14;-11;-13;-12;-13;-13;-13;-14;-13;-15;-13;-16;-14;-17;-14;-18;-14;-20;-14;-21;-14;-22;-14;-22;-14;-23;-14;-24;-14;-25;-13;-25;-13;-26;-13;-27;-14;-27;-15;-28;-16;-28;-17;-29;-18;-30;-18;-31;-18;-32;-19;-33;-19;-33;-20;-34,empty,EXP_S045,ZONE_01,entree_zone,4.7,entree_zone,entree dans la zone
854172125,-48,6,a0:9f:7a:73:2b:3e,384,-110;-96;8;0;14;7;12;1;12;-5;12;-11;12;-17;14;-21;15;-24;17;-26;19;-27;21;-27;22;-26;22;-23;21;-21;20;-17;17;-14;14;-11;9;-9;4;-7;-1;-7;-6;-8;-10;-10;-13;-13;-15;-16;-15;-19;-15;-21;-4;-6;0;0;0;0;0;0;0;0;0;0;0;0;0;0;0;0;0;0;-1;4;-3;17;-5;18;-7;19;-9;20;-11;20;-12;20;-13;19;-13;17;-12;15;-10;14;-8;12;-5;11;-1;10;3;10;8;10;12;11;16;12;19;14;23;16;26;18;28;20;28;22;28;23;27;23;25;23;24;21;-120;0;-11;25;-10;24;-10;24;-10;24;-10;24;-10;24;-9;24;-8;24;-7;24;-6;23;-6;23;-6;22;-6;23;-6;23;-6;24;-6;24;-6;24;-6;23;-6;23;-7;22;-7;22;-7;22;-7;22;-8;22;-8;21;-9;20;-9;19;-10;18;-4;6;-2;1;0;-1;0;-1;0;-1;-2;1;-5;4;-13;11;-13;11;-14;10;-14;10;-14;10;-13;10;-13;10;-14;9;-14;9;-14;10;-14;10;-14;11;-14;11;-13;11;-12;12;-12;12;-12;12;-13;13;-13;14;-13;15;-12;16;-12;17;-11;18;-12;19;-12;20;-13;21;-13;22;-13;23;-120;0;51;6;51;6;51;6;49;6;48;6;46;5;45;4;44;3;43;3;42;2;42;2;41;1;40;2;39;2;39;2;38;3;38;3;37;4;37;4;36;5;34;6;33;7;32;7;31;7;30;8;29;10;28;11;27;13;9;5;2;1;-1;-1;-2;0;-1;0;2;-1;8;-3;22;-6;23;-5;23;-4;24;-2;26;-1;27;-1;29;0;30;0;31;1;32;2;33;3;34;4;35;4;36;5;36;5;37;6;38;7;39;7;39;7;41;7;42;6;44;6;45;6;47;6;49;6;50;6;50;6;51;5,empty,EXP_S045,ZONE_01,entree_zone,4.7,entree_zone,entree dans la zone
854372647,-48,6,a0:9f:7a:73:2b:3e,384,-110;-96;8;0;-9;-8;-9;-4;-9;0;-10;4;-11;8;-13;10;-15;12;-16;13;-17;13;-18;13;-19;12;-19;11;-18;9;-17;7;-14;5;-11;4;-8;3;-5;3;-1;4;2;5;4;7;6;9;6;11;6;13;6;15;1;4;0;0;0;0;0;0;0;0;0;0;0;0;0;0;0;0;0;0;1;-3;4;-11;5;-12;7;-12;9;-12;10;-12;11;-11;11;-11;11;-10;10;-9;8;-8;6;-7;4;-7;1;-7;-1;-8;-4;-9;-6;-10;-9;-12;-11;-13;-13;-15;-14;-17;-15;-18;-15;-19;-15;-20;-15;-20;-13;-20;-12;-19;125;0;12;-14;12;-13;12;-13;12;-13;11;-13;11;-13;11;-14;10;-14;9;-14;9;-14;8;-14;8;-14;8;-14;9;-14;9;-14;8;-15;8;-15;8;-14;8;-14;8;-13;9;-13;9;-13;9;-13;9;-13;9;-12;9;-12;9;-11;10;-11;3;-4;1;-1;-1;0;-1;0;-1;0;1;-1;3;-2;10;-4;10;-3;10;-3;10;-3;10;-3;10;-3;10;-3;10;-3;10;-3;10;-3;11;-3;11;-3;10;-4;10;-4;10;-4;10;-5;10;-5;10;-5;11;-6;11;-7;11;-8;11;-8;11;-9;11;-9;12;-10;12;-11;13;-11;13;-12;125;0;-31;-18;-30;-18;-30;-18;-29;-17;-28;-17;-28;-16;-27;-15;-27;-14;-27;-13;-27;-13;-26;-12;-26;-12;-25;-12;-25;-12;-24;-12;-24;-12;-24;-12;-23;-12;-22;-12;-22;-12;-21;-13;-20;-13;-19;-13;-18;-13;-17;-13;-17;-13;-16;-14;-15;-15;-6;-6;-2;-2;0;0;0;0;0;0;-2;-1;-6;-2;-15;-4;-16;-5;-16;-5;-16;-6;-17;-7;-17;-8;-18;-9;-19;-10;-19;-10;-20;-11;-20;-12;-20;-13;-21;-13;-21;-14;-21;-14;-21;-15;-22;-15;-22;-16;-23;-16;-23;-16;-24;-16;-26;-16;-27;-16;-28;-17;-29;-18;-30;-18;-30;-18;-30;-18,empty,EXP_S045,ZONE_01,entree_zone,4.7,entree_zone,entree dans la zone
854574989,-49,6,a0:9f:7a:73:2b:3e,384,-110;-96;8;0;15;0;11;-5;8;-10;5;-15;3;-20;2;-24;3;-27;3;-30;4;-31;5;-32;6;-32;8;-30;9;-27;10;-24;9;-20;7;-15;4;-11;0;-8;-4;-6;-9;-5;-13;-4;-16;-5;-19;-7;-21;-9;-22;-11;-6;-3;0;0;0;0;0;0;0;0;0;0;0;0;0;0;0;0;0;0;1;3;5;15;4;17;3;19;1;21;0;21;-2;22;-3;21;-4;20;-3;18;-2;16;-1;13;1;11;4;9;8;7;11;5;15;4;18;3;22;3;26;3;30;4;32;5;33;6;34;6;33;7;32;7;30;7;-123;0;-1;13;-1;12;-1;12;-2;12;-2;12;-2;12;-1;12;-1;12;0;12;0;11;0;11;0;11;0;11;0;11;0;11;0;11;0;11;0;11;0;11;-1;11;-1;11;-1;10;-1;11;-1;10;-2;10;-2;10;-2;9;-3;9;-1;3;-1;0;-1;-1;0;-1;0;-1;-1;0;-2;2;-4;7;-4;7;-4;7;-4;7;-4;6;-4;6;-4;6;-5;6;-5;6;-5;6;-5;6;-5;7;-4;7;-4;7;-4;7;-4;7;-4;7;-4;7;-4;8;-3;8;-3;9;-3;9;-2;9;-2;10;-2;10;-3;11;-3;11;-2;12;-123;0;24;-5;24;-5;23;-5;23;-5;22;-4;21;-4;21;-5;20;-5;19;-5;19;-5;19;-4;18;-4;18;-4;18;-4;18;-4;17;-4;17;-4;17;-3;17;-3;17;-2;16;-2;16;-1;15;-1;15;0;14;0;14;1;14;2;14;3;5;1;1;0;-1;-1;-1;0;-1;0;0;-1;3;-3;9;-7;9;-6;10;-6;10;-6;11;-6;12;-6;12;-6;13;-6;14;-5;14;-5;15;-5;15;-4;16;-4;17;-4;17;-4;17;-4;18;-3;18;-3;18;-4;19;-4;20;-4;20;-5;21;-5;22;-5;22;-5;23;-5;23;-5;24;-5,empty,EXP_S045,ZONE_01,entree_zone,4.7,entree_zone,entree dans la zone
854773733,-49,6,a0:9f:7a:73:2b:3e,384,-110;-96;8;0;-12;-11;-12;-5;-13;0;-14;6;-16;11;-19;14;-21;17;-24;18;-26;18;-27;18;-27;17;-27;15;-26;12;-24;9;-20;7;-16;5;-11;4;-7;5;-2;6;2;8;6;11;8;14;9;17;8;20;7;22;1;5;0;0;0;0;0;0;0;0;0;0;0;0;0;0;0;0;0;0;1;-4;6;-15;8;-16;11;-17;13;-17;15;-16;15;-15;16;-14;15;-13;14;-12;12;-11;9;-10;6;-10;2;-10;-1;-11;-5;-13;-8;-15;-12;-17;-15;-19;-17;-21;-19;-24;-20;-26;-21;-28;-20;-29;-20;-29;-18;-28;-17;-26;-120;0;18;-18;18;-19;17;-20;16;-21;15;-21;13;-20;13;-19;13;-19;13;-18;13;-19;13;-20;12;-21;10;-21;10;-21;10;-20;11;-19;12;-19;12;-20;12;-20;12;-20;11;-20;11;-19;11;-18;12;-18;13;-17;14;-16;15;-16;15;-15;5;-6;1;-2;-1;0;-1;0;-1;0;1;-1;5;-3;14;-7;14;-6;13;-5;14;-4;14;-4;15;-4;15;-4;15;-5;15;-5;14;-6;13;-6;13;-5;13;-5;14;-6;14;-7;15;-8;14;-9;14;-9;13;-9;14;-9;14;-10;15;-11;17;-13;18;-15;17;-16;17;-17;16;-17;15;-16;-120;0;-44;-24;-43;-24;-42;-23;-42;-21;-41;-20;-41;-19;-40;-19;-39;-18;-38;-18;-37;-17;-36;-16;-36;-15;-36;-14;-36;-14;-36;-15;-35;-15;-34;-16;-33;-16;-31;-16;-30;-16;-30;-15;-29;-16;-28;-16;-27;-17;-25;-18;-24;-18;-22;-19;-21;-20;-7;-7;-2;-3;0;0;1;0;0;0;-3;-1;-8;-1;-22;-4;-23;-5;-23;-6;-23;-8;-24;-9;-25;-10;-26;-11;-27;-11;-28;-12;-29;-13;-30;-15;-30;-16;-30;-17;-30;-18;-31;-18;-31;-19;-32;-19;-33;-20;-34;-20;-35;-21;-36;-21;-37;-21;-38;-22;-40;-21;-41;-22;-43;-22;-44;-22;-45;-22,empty,EXP_S045,ZONE_01,entree_zone,4.7,entree_zone,entree dans la zone
854979052,-49,6,a0:9f:7a:73:2b:3e,384,-110;-96;8;0;5;-15;0;-13;-6;-12;-11;-12;-16;-12;-20;-13;-23;-14;-26;-16;-26;-18;-26;-20;-25;-21;-23;-21;-20;-20;-17;-19;-14;-17;-11;-13;-9;-9;-8;-4;-7;0;-8;5;-10;8;-12;11;-15;13;-18;13;-20;13;-6;3;0;0;0;0;0;0;0;0;0;0;0;0;0;0;0;0;0;0;3;-1;16;0;17;1;19;3;20;5;20;6;20;8;19;8;18;8;16;8;14;6;12;4;11;1;10;-2;9;-5;9;-9;9;-13;10;-17;11;-21;13;-24;14;-26;16;-28;17;-30;18;-29;19;-28;19;-27;18;-25;127;0;22;11;21;11;20;10;20;10;20;10;21;10;21;9;22;8;21;7;21;6;21;5;21;5;21;6;21;6;22;6;22;5;22;5;21;5;20;5;20;5;19;6;19;6;19;6;19;6;19;6;18;6;18;7;17;8;6;3;1;1;-1;-1;-1;-1;-1;-1;0;1;2;4;6;13;6;14;6;14;6;14;5;14;5;13;5;13;5;13;5;14;5;14;5;14;6;14;7;13;7;13;7;12;8;12;8;13;9;13;10;13;11;13;13;13;14;12;14;11;15;11;16;12;17;12;18;13;19;13;127;0;11;-49;11;-49;11;-48;11;-47;10;-46;9;-44;8;-43;7;-42;6;-40;5;-40;5;-39;4;-39;4;-39;4;-38;4;-38;3;-37;4;-37;4;-37;5;-36;5;-35;6;-34;6;-32;7;-31;7;-30;8;-30;9;-29;10;-28;11;-27;4;-10;1;-3;-1;0;-1;1;-1;0;-1;-3;0;-8;1;-22;2;-23;3;-23;4;-24;5;-25;5;-26;6;-27;7;-29;8;-30;9;-30;10;-31;11;-31;12;-32;13;-33;13;-33;14;-34;14;-35;14;-36;13;-37;13;-38;13;-40;12;-41;12;-43;13;-44;13;-45;13;-47;13;-48;13;-49,empty,EXP_S045,ZONE_01,entree_zone,4.7,entree_zone,entree dans la zone
855172613,-49,6,a0:9f:7a:73:2b:3e,384,-110;-96;8;0;0;-16;-4;-13;-9;-10;-14;-7;-19;-6;-23;-5;-27;-5;-29;-7;-31;-8;-31;-10;-30;-12;-28;-12;-26;-13;-23;-12;-19;-11;-15;-9;-11;-6;-8;-2;-6;3;-5;7;-6;11;-7;14;-9;17;-12;18;-14;19;-4;4;0;0;0;0;0;0;0;0;0;0;0;0;0;0;0;0;0;0;3;-2;15;-4;17;-4;19;-2;20;-1;21;1;21;2;21;3;19;3;17;3;15;2;13;1;11;-2;9;-5;8;-8;6;-12;5;-16;5;-19;5;-23;5;-27;5;-30;6;-32;7;-33;9;-34;10;-33;10;-31;9;-29;-119;0;12;1;11;1;11;1;11;1;11;1;11;1;12;0;12;-1;11;-1;11;-2;10;-2;10;-2;10;-2;11;-2;11;-2;11;-2;11;-3;10;-3;10;-2;10;-2;10;-2;10;-1;10;-1;10;-2;10;-2;10;-1;9;-1;9;0;3;0;1;0;-1;0;-1;-1;-1;-1;0;0;1;1;5;5;5;5;5;5;5;5;5;5;4;5;4;5;4;5;4;5;4;5;5;5;5;5;5;5;5;5;5;4;5;4;6;4;6;4;7;4;7;4;8;3;8;3;9;2;9;2;9;3;10;3;11;3;11;2;-119;0;-4;-25;-4;-25;-4;-25;-4;-24;-4;-23;-4;-22;-4;-22;-5;-21;-5;-20;-5;-20;-6;-19;-6;-19;-6;-19;-6;-18;-6;-18;-6;-18;-6;-18;-6;-18;-5;-18;-5;-18;-4;-17;-4;-17;-3;-16;-3;-15;-3;-15;-2;-15;-1;-15;-1;-15;0;-6;0;-2;0;0;0;0;0;0;-1;-2;-1;-4;-3;-11;-3;-12;-2;-12;-2;-12;-2;-13;-2;-13;-2;-14;-1;-15;-1;-16;0;-16;0;-17;0;-17;0;-17;0;-18;0;-18;0;-19;0;-19;0;-19;0;-20;0;-20;-1;-21;-1;-21;-2;-22;-2;-23;-2;-24;-3;-24;-3;-25;-3;-25,empty,EXP_S045,ZONE_01,entree_zone,4.7,entree_zone,entree dans la zone
855372098,-49,6,a0:9f:7a:73:2b:3e,384,-110;-96;8;0;6;13;8;8;11;3;14;-1;17;-4;21;-6;24;-8;26;-8;28;-7;28;-6;28;-5;27;-3;26;-1;23;0;19;1;15;1;11;0;7;-3;3;-6;1;-9;-1;-13;-1;-16;0;-19;2;-21;3;-22;1;-6;0;0;0;0;0;0;0;0;0;0;0;0;0;0;0;0;0;0;-3;2;-10;11;-12;12;-14;12;-16;11;-18;10;-18;9;-18;8;-18;7;-16;6;-14;6;-11;6;-9;7;-6;8;-3;9;0;12;2;14;4;17;6;20;8;23;9;26;9;28;9;29;8;30;8;30;7;29;6;27;127;0;-21;11;-20;10;-20;10;-20;9;-20;9;-20;10;-20;10;-19;11;-18;12;-17;12;-17;12;-17;12;-17;11;-18;12;-18;12;-18;13;-18;13;-17;12;-17;11;-17;10;-17;9;-18;9;-18;9;-18;10;-18;9;-17;8;-17;7;-17;6;-7;2;-2;0;0;-1;0;-1;0;0;-2;0;-6;0;-15;0;-15;0;-15;0;-15;-1;-15;-1;-14;-1;-14;-1;-14;-2;-14;-2;-15;-2;-15;-2;-15;-1;-15;0;-15;0;-15;1;-14;1;-15;1;-15;1;-16;2;-17;3;-17;4;-17;5;-17;6;-17;6;-18;6;-20;6;-21;7;-21;7;127;0;30;34;30;33;30;33;29;32;28;31;27;30;27;29;26;27;26;26;26;26;26;25;25;25;25;25;24;25;24;24;23;24;23;24;22;24;21;24;20;25;19;25;17;24;16;23;15;23;14;23;13;23;11;24;10;24;3;9;0;2;-1;-1;-2;-1;-1;-1;2;0;6;3;17;9;17;10;17;11;18;12;18;13;19;14;19;16;20;18;20;19;20;20;20;21;20;22;21;23;21;24;21;25;21;26;21;26;22;27;22;27;23;28;24;28;26;29;27;30;28;31;28;32;29;32;30;33;31;33,empty,EXP_S045,ZONE_01,entree_zone,4.7,entree_zone,entree dans la zone
855572523,-49,6,a0:9f:7a:73:2b:3e,384,-110;-96;8;0;7;13;9;7;12;2;15;-3;18;-7;21;-10;25;-12;27;-13;29;-13;30;-12;30;-10;29;-8;28;-6;25;-4;21;-3;17;-2;12;-2;7;-4;2;-6;-1;-10;-4;-13;-5;-16;-5;-20;-4;-23;-2;-25;-1;-7;0;0;0;0;0;0;0;0;0;0;0;0;0;0;0;0;0;0;-3;2;-12;12;-14;12;-17;12;-19;11;-20;10;-21;9;-21;8;-20;7;-18;6;-16;6;-13;6;-10;7;-6;8;-3;10;0;12;3;15;6;18;8;21;10;25;11;28;12;30;12;32;11;33;10;33;9;31;8;30;-124;0;-12;6;-12;6;-11;6;-11;6;-11;7;-11;7;-10;7;-10;7;-10;7;-9;7;-9;7;-9;7;-9;8;-9;8;-9;8;-9;8;-9;8;-9;8;-9;8;-9;7;-9;7;-9;7;-9;7;-9;7;-9;6;-9;6;-9;6;-9;5;-4;1;-2;0;0;-1;0;-1;0;0;-1;0;-3;0;-9;0;-9;-1;-9;-1;-8;-1;-8;-1;-8;-1;-8;-1;-8;-1;-8;-1;-9;-1;-9;-1;-9;-1;-9;-1;-9;0;-9;0;-9;0;-9;0;-9;1;-9;1;-9;2;-10;2;-10;3;-10;3;-10;3;-11;4;-11;4;-12;5;-12;5;-124;0;17;17;17;17;17;17;17;16;17;15;16;15;16;14;16;13;16;13;16;12;16;12;15;11;15;11;15;11;15;11;14;11;14;11;14;11;13;11;13;11;12;11;11;11;11;10;10;10;10;11;9;11;8;11;8;12;2;4;0;1;-1;-1;-1;-1;-1;-1;1;0;3;1;9;5;9;5;9;6;9;7;9;8;10;8;10;9;10;10;10;10;11;11;11;11;11;12;11;12;11;13;11;13;11;13;12;14;12;14;12;14;13;15;14;15;14;15;15;16;15;16;16;16;17;16;17;17;18;17,empty,EXP_S045,ZONE_01,entree_zone,4.7,entree_zone,entree dans la zone
855772945,-48,6,a0:9f:7a:73:2b:3e,384,-110;-96;8;0;4;14;7;9;10;4;14;0;18;-3;22;-5;26;-6;28;-6;30;-5;31;-4;31;-3;29;-1;27;1;24;2;20;2;16;2;12;0;7;-2;3;-6;1;-9;-1;-13;-1;-17;0;-20;1;-22;3;-24;1;-6;0;0;0;0;0;0;0;0;0;0;0;0;0;0;0;0;0;0;-4;2;-14;9;-16;8;-18;8;-20;7;-21;5;-22;4;-22;3;-20;2;-19;2;-16;2;-14;2;-11;4;-8;6;-5;9;-3;12;-1;15;1;19;3;22;4;26;4;29;4;31;4;33;3;34;1;33;1;32;0;30;-121;0;-11;7;-11;7;-10;6;-10;6;-11;6;-11;6;-11;7;-10;7;-10;8;-9;7;-9;7;-9;7;-9;7;-9;7;-9;7;-9;8;-9;8;-9;7;-9;7;-9;6;-9;6;-10;6;-10;6;-10;6;-9;6;-9;5;-9;5;-9;4;-4;1;-2;0;0;-1;0;-1;0;-1;-1;0;-3;0;-8;1;-8;0;-8;0;-8;0;-8;0;-8;0;-8;0;-8;0;-8;-1;-8;-1;-9;0;-9;0;-9;0;-8;1;-8;1;-8;1;-8;1;-9;1;-9;1;-10;2;-10;3;-9;4;-9;4;-9;4;-10;4;-11;4;-11;5;-12;5;-121;0;17;16;17;16;17;16;16;16;16;15;15;14;15;14;15;13;15;12;15;12;15;12;15;11;14;11;14;11;13;11;13;11;13;11;13;11;12;11;12;12;11;12;10;12;9;11;9;11;8;11;8;11;7;12;6;12;2;4;0;1;-1;-1;-1;-1;-1;-1;1;0;3;1;9;4;9;4;9;5;9;5;10;6;10;7;11;7;11;8;11;9;11;9;11;10;12;10;12;11;12;11;12;12;12;12;12;13;12;13;13;13;13;13;14;13;14;14;15;14;16;15;17;15;17;15;17;15;17;15,empty,EXP_S045,ZONE_01,entree_zone,4.7,entree_zone,entree dans la zone
855972862,-48,6,a0:9f:7a:73:2b:3e,384,-110;-96;8;0;-6;16;0;13;6;11;12;11;17;11;22;11;25;13;27;14;28;16;28;17;27;18;25;19;22;19;19;18;15;16;12;13;9;8;8;3;7;-2;7;-7;9;-11;11;-14;14;-16;17;-16;19;-16;5;-4;0;0;0;0;0;0;0;0;0;0;0;0;0;0;0;0;0;0;-5;0;-18;1;-20;0;-22;-2;-23;-4;-23;-6;-23;-7;-22;-8;-21;-8;-19;-8;-17;-6;-15;-4;-13;-1;-12;2;-11;6;-10;10;-10;14;-11;18;-12;22;-13;26;-14;29;-16;31;-17;32;-18;32;-19;31;-18;29;-17;28;-113;0;-12;-7;-12;-7;-12;-7;-12;-7;-12;-6;-12;-6;-12;-6;-12;-5;-12;-5;-12;-4;-12;-4;-12;-4;-12;-4;-12;-4;-12;-4;-12;-4;-12;-4;-12;-4;-12;-4;-11;-4;-11;-4;-11;-4;-11;-4;-11;-4;-11;-4;-11;-5;-10;-5;-10;-5;-4;-2;-1;-1;0;0;0;0;0;0;-1;-1;-2;-3;-4;-8;-4;-8;-4;-8;-4;-8;-4;-8;-4;-8;-4;-8;-4;-8;-4;-8;-4;-8;-4;-8;-4;-8;-4;-8;-5;-8;-5;-8;-5;-8;-5;-7;-6;-8;-6;-8;-7;-8;-7;-7;-8;-7;-8;-7;-9;-7;-9;-8;-10;-8;-10;-8;-11;-8;-113;0;-8;25;-8;25;-7;24;-7;24;-7;23;-6;23;-5;22;-5;22;-4;21;-4;21;-4;20;-4;20;-3;20;-3;20;-3;19;-3;19;-3;19;-4;18;-4;18;-4;17;-4;17;-5;16;-5;16;-5;15;-5;15;-6;14;-6;14;-7;13;-3;4;-1;1;0;-1;0;-1;0;-1;-1;1;-1;4;-1;11;-2;11;-2;12;-3;12;-4;13;-4;13;-4;14;-5;14;-5;15;-6;15;-6;16;-7;16;-7;16;-7;17;-8;17;-8;18;-8;18;-8;18;-8;19;-8;19;-8;20;-8;21;-8;22;-8;23;-8;23;-8;24;-8;25;-8;25,empty,EXP_S045,ZONE_01,entree_zone,4.7,entree_zone,entree dans la zone
856172831,-49,6,a0:9f:7a:73:2b:3e,384,-110;-96;8;0;-9;-15;-11;-9;-13;-4;-17;1;-20;5;-24;8;-27;9;-30;9;-31;9;-32;8;-33;6;-32;4;-30;2;-27;1;-23;0;-18;0;-13;1;-8;3;-4;6;-1;9;1;13;2;16;1;20;0;23;-2;24;-1;6;0;0;0;0;0;0;0;0;0;0;0;0;0;0;0;0;0;0;2;-4;11;-14;13;-14;16;-14;18;-13;19;-12;20;-11;20;-10;19;-9;17;-8;15;-7;12;-7;9;-8;6;-10;2;-12;-1;-14;-4;-17;-7;-20;-9;-24;-11;-27;-12;-30;-12;-33;-12;-34;-11;-35;-10;-35;-9;-34;-8;-32;-123;0;10;-9;10;-8;9;-8;9;-8;10;-8;10;-8;10;-8;9;-9;8;-9;8;-9;7;-9;8;-9;8;-9;8;-9;8;-9;8;-10;7;-10;7;-9;7;-9;7;-8;8;-8;8;-8;8;-8;8;-8;8;-8;8;-8;8;-7;8;-6;2;-2;0;-1;-1;0;-1;0;-1;0;0;-1;2;-1;7;-2;8;-1;8;-1;8;-1;8;-1;7;-1;7;-1;7;-1;7;0;8;0;8;0;8;-1;8;-1;8;-2;7;-2;7;-2;8;-2;8;-2;8;-3;9;-4;9;-5;9;-5;8;-5;8;-5;9;-6;10;-6;10;-6;11;-7;-123;0;-21;-17;-20;-17;-20;-17;-20;-17;-19;-16;-18;-15;-18;-14;-18;-13;-18;-13;-18;-12;-17;-12;-17;-12;-17;-12;-17;-12;-16;-12;-16;-12;-16;-12;-16;-12;-16;-12;-15;-12;-14;-12;-13;-12;-12;-12;-12;-12;-11;-12;-11;-12;-10;-13;-9;-13;-4;-5;-1;-2;0;0;0;0;0;0;-2;-1;-4;-2;-11;-5;-11;-6;-11;-6;-11;-7;-12;-7;-12;-8;-12;-9;-13;-10;-13;-10;-13;-11;-13;-12;-13;-12;-14;-13;-14;-13;-14;-14;-14;-14;-14;-14;-14;-15;-15;-15;-15;-15;-16;-15;-17;-15;-18;-16;-19;-16;-19;-17;-20;-17;-20;-17;-20;-17,empty,EXP_S045,ZONE_01,entree_zone,4.7,entree_zone,entree dans la zone
856376640,-48,6,a0:9f:7a:73:2b:3e,384,-110;-96;8;0;-14;6;-9;8;-4;11;0;15;3;18;5;21;7;24;7;27;6;28;5;29;4;29;2;28;0;26;-1;23;-2;20;-1;16;0;11;2;7;5;3;8;1;12;-1;15;-1;18;-1;21;1;22;3;5;0;0;0;0;0;0;0;0;0;0;0;0;0;0;0;0;0;0;0;-3;-3;-12;-12;-12;-14;-12;-16;-11;-18;-10;-19;-9;-20;-8;-20;-7;-19;-6;-17;-6;-15;-6;-12;-7;-9;-8;-6;-11;-4;-13;-1;-16;2;-19;4;-22;6;-25;7;-28;8;-31;8;-32;7;-33;7;-33;6;-31;5;-29;4;-121;0;-6;-11;-6;-11;-5;-11;-5;-11;-5;-11;-5;-11;-6;-11;-7;-11;-7;-10;-7;-9;-7;-9;-7;-9;-7;-9;-7;-10;-7;-10;-7;-10;-7;-9;-7;-9;-7;-9;-6;-9;-6;-9;-6;-9;-6;-9;-6;-9;-6;-9;-5;-9;-5;-9;-4;-9;-2;-4;-1;-1;0;0;0;0;-1;0;-1;-1;0;-3;0;-8;0;-8;0;-8;0;-8;0;-8;0;-8;1;-8;1;-8;1;-8;1;-8;1;-8;1;-8;0;-8;0;-8;0;-8;0;-8;0;-8;0;-9;-1;-9;-2;-9;-2;-9;-3;-9;-3;-9;-3;-9;-3;-10;-4;-11;-4;-11;-4;-12;-121;0;-19;15;-18;15;-18;15;-18;14;-17;14;-17;13;-16;13;-15;13;-14;13;-14;13;-14;13;-14;13;-14;13;-14;12;-13;12;-13;12;-13;12;-13;11;-13;11;-13;10;-13;10;-13;9;-13;8;-12;8;-12;7;-13;7;-13;6;-13;6;-5;2;-2;0;0;-1;0;-1;0;-1;-1;0;-3;3;-7;8;-7;8;-7;8;-8;8;-8;8;-9;9;-10;9;-11;9;-12;9;-12;9;-12;9;-13;9;-13;9;-14;9;-14;9;-15;10;-15;10;-15;10;-15;10;-16;11;-16;11;-16;12;-17;13;-18;13;-18;14;-18;14;-19;14;-19;15,empty,EXP_S045,ZONE_01,entree_zone,4.7,entree_zone,entree dans la zone
856572357,-49,6,a0:9f:7a:73:2b:3e,384,-110;-96;8;0;-16;-5;-14;0;-12;6;-11;12;-11;17;-12;22;-13;25;-15;27;-17;28;-18;27;-20;26;-20;25;-20;22;-18;19;-16;15;-13;12;-9;9;-4;7;1;6;6;7;10;8;13;10;15;13;16;16;16;18;4;4;0;0;0;0;0;0;0;0;0;0;0;0;0;0;0;0;0;0;0;-5;0;-18;1;-19;3;-21;5;-22;7;-22;8;-22;9;-21;9;-19;8;-18;7;-16;5;-14;2;-12;-2;-11;-6;-11;-10;-10;-14;-11;-18;-11;-22;-13;-26;-14;-29;-15;-31;-16;-32;-18;-32;-20;-30;-20;-28;-20;-26;-19;-123;0;4;-27;4;-26;4;-25;4;-25;4;-25;3;-26;2;-26;1;-26;0;-25;-1;-24;-2;-24;-2;-23;-2;-24;-2;-25;-2;-25;-3;-25;-3;-25;-3;-24;-3;-23;-2;-23;-1;-23;-1;-23;-1;-23;-1;-23;-1;-23;0;-22;1;-22;1;-21;0;-8;0;-3;0;0;-1;0;-1;0;1;-2;4;-5;11;-12;11;-12;12;-12;12;-12;12;-12;12;-11;12;-11;12;-11;12;-11;12;-11;12;-12;12;-12;11;-13;11;-13;10;-13;10;-13;10;-14;10;-14;10;-16;10;-17;9;-18;8;-19;7;-20;7;-21;7;-21;7;-23;7;-24;7;-25;-123;0;-53;4;-52;3;-51;3;-50;3;-48;4;-47;5;-45;6;-44;7;-43;8;-43;8;-42;8;-41;8;-40;8;-40;8;-39;8;-38;8;-38;8;-38;7;-37;6;-37;6;-36;5;-34;4;-33;3;-32;3;-32;2;-31;0;-31;-1;-31;-2;-11;-1;-4;-1;0;-1;1;-1;0;-1;-3;0;-8;1;-23;5;-23;4;-24;3;-25;3;-27;2;-28;2;-29;2;-31;1;-32;0;-34;0;-34;-1;-35;-1;-36;-2;-37;-2;-38;-2;-39;-3;-40;-3;-40;-3;-41;-3;-42;-2;-44;0;-45;1;-47;2;-48;2;-50;2;-51;2;-52;2;-52;3,empty,EXP_S045,ZONE_01,entree_zone,4.7,entree_zone,entree dans la zone
856772480,-49,6,a0:9f:7a:73:2b:3e,384,-110;-96;8;0;4;-16;-1;-14;-7;-12;-13;-11;-18;-11;-22;-12;-26;-14;-28;-15;-29;-17;-29;-18;-28;-19;-26;-20;-23;-20;-19;-19;-16;-16;-13;-13;-10;-9;-8;-4;-7;1;-8;6;-10;10;-12;13;-14;15;-17;16;-20;16;-5;4;0;0;0;0;0;0;0;0;0;0;0;0;0;0;0;0;0;0;4;-1;17;-1;19;0;20;2;21;4;22;6;21;7;20;8;19;8;17;8;15;6;13;4;11;1;10;-3;9;-6;9;-11;9;-15;10;-19;11;-23;12;-26;14;-29;15;-31;17;-32;18;-32;18;-31;18;-29;17;-27;-118;0;25;5;25;5;24;5;23;6;24;6;24;5;24;4;24;3;24;1;23;1;22;1;22;1;22;1;23;2;24;1;24;0;24;0;23;0;22;1;22;1;21;2;22;3;22;3;22;2;22;2;21;3;20;4;19;5;6;2;2;0;-1;-1;-1;-1;-1;-1;1;1;4;3;12;10;11;11;11;11;11;12;11;12;10;11;10;11;10;12;10;12;10;12;11;13;11;12;12;12;12;11;12;10;12;10;12;10;13;11;14;11;16;10;17;9;18;8;18;8;19;8;20;8;21;9;22;9;24;9;-118;0;-1;-53;-1;-53;-1;-52;-1;-51;-1;-49;-2;-47;-3;-46;-3;-44;-4;-43;-5;-42;-5;-42;-5;-41;-5;-40;-5;-40;-5;-39;-4;-39;-4;-39;-4;-39;-3;-38;-2;-37;-1;-36;0;-35;1;-33;1;-32;2;-32;3;-31;5;-31;6;-30;2;-11;1;-4;-1;1;0;1;0;0;-1;-3;-3;-8;-7;-23;-6;-23;-5;-24;-5;-25;-4;-26;-4;-28;-4;-29;-3;-31;-2;-32;-2;-33;-1;-35;0;-36;1;-36;1;-37;2;-38;2;-39;3;-39;3;-40;3;-41;2;-42;1;-44;0;-45;0;-47;0;-49;0;-50;-1;-51;-1;-52;-1;-53,empty,EXP_S045,ZONE_01,entree_zone,4.7,entree_zone,entree dans la zone
856972392,-49,6,a0:9f:7a:73:2b:3e,384,-110;-96;8;0;13;-10;7;-12;1;-14;-5;-16;-9;-19;-12;-23;-14;-26;-15;-28;-15;-30;-14;-31;-12;-31;-10;-31;-8;-29;-6;-26;-4;-22;-3;-17;-3;-12;-5;-8;-7;-3;-10;1;-14;3;-17;4;-20;5;-23;4;-25;2;-7;0;0;0;0;0;0;0;0;0;0;0;0;0;0;0;0;0;0;0;3;2;14;9;14;11;15;14;14;16;14;18;13;19;11;19;10;18;9;16;8;14;8;11;8;8;9;4;11;0;13;-3;16;-7;18;-9;21;-12;24;-14;27;-15;30;-16;32;-16;32;-16;32;-15;31;-13;29;-12;-127;0;8;10;8;9;8;9;7;9;7;9;8;9;8;9;9;8;9;8;9;7;9;7;8;7;8;7;9;7;9;7;9;7;9;7;9;7;8;6;8;7;8;7;8;7;8;7;8;7;8;7;7;7;7;7;6;7;2;2;0;0;-1;-1;-1;-1;-1;-1;0;0;0;2;1;8;1;8;1;8;1;8;1;8;1;7;1;7;0;7;0;8;0;8;0;8;1;8;1;8;1;8;1;8;1;8;2;8;2;8;2;8;3;9;4;9;4;8;5;8;5;9;5;9;6;10;6;10;6;10;-127;0;14;-22;14;-22;14;-21;14;-21;13;-21;12;-20;12;-20;11;-19;10;-19;10;-19;9;-19;9;-18;9;-18;9;-18;9;-18;9;-17;9;-17;9;-17;9;-16;9;-16;9;-15;9;-14;9;-14;9;-13;9;-13;10;-12;10;-11;11;-11;4;-4;1;-1;-1;0;-1;0;-1;0;0;-2;1;-4;3;-11;4;-11;4;-11;5;-12;6;-12;6;-12;7;-13;7;-13;8;-14;9;-14;9;-14;10;-15;11;-15;11;-15;11;-15;12;-15;12;-15;12;-16;12;-16;12;-17;13;-18;13;-18;13;-19;14;-20;14;-21;14;-21;14;-21;14;-22,empty,EXP_S045,ZONE_01,entree_zone,4.7,entree_zone,entree dans la zone
857172593,-49,6,a0:9f:7a:73:2b:3e,384,-110;-96;8;0;2;-17;-4;-13;-9;-11;-14;-9;-20;-8;-24;-8;-28;-9;-30;-10;-31;-11;-32;-13;-31;-14;-29;-15;-26;-16;-22;-15;-18;-14;-14;-11;-11;-7;-8;-3;-7;2;-7;7;-8;11;-9;15;-11;17;-14;18;-17;19;-5;4;0;0;0;0;0;0;0;0;0;0;0;0;0;0;0;0;0;0;4;-2;16;-5;18;-4;20;-2;22;0;23;2;23;3;22;4;20;4;18;4;16;3;14;1;11;-1;9;-5;8;-8;7;-12;6;-16;6;-21;7;-24;7;-28;8;-31;9;-33;11;-35;12;-35;12;-34;12;-32;12;-30;-123;0;13;2;12;2;12;2;12;2;12;2;12;2;12;1;12;1;12;0;12;0;11;0;11;0;11;0;12;0;12;0;12;0;12;0;11;0;11;0;11;1;11;1;11;1;11;1;11;1;10;1;10;2;10;2;9;3;3;1;1;0;-1;-1;-1;-1;-1;-1;0;0;2;1;6;4;6;4;6;5;6;5;6;5;6;5;6;5;5;5;5;5;6;5;6;5;6;5;6;5;6;5;6;4;6;4;6;4;7;4;7;4;8;4;9;4;9;3;9;3;10;3;10;3;11;3;11;3;12;3;-123;0;-2;-27;-2;-27;-2;-26;-2;-26;-2;-25;-2;-24;-2;-23;-3;-22;-3;-22;-3;-21;-3;-21;-3;-21;-3;-20;-3;-20;-3;-20;-3;-20;-2;-20;-2;-20;-1;-19;-1;-19;0;-18;0;-18;0;-17;1;-16;1;-16;2;-16;3;-15;3;-15;1;-6;0;-2;-1;0;0;0;0;0;-1;-2;-2;-4;-6;-11;-5;-11;-5;-12;-4;-12;-4;-13;-4;-14;-4;-15;-4;-15;-3;-16;-3;-17;-3;-17;-2;-18;-2;-18;-2;-19;-1;-19;-1;-20;-1;-20;-1;-20;-1;-21;-1;-21;-2;-22;-2;-23;-2;-24;-2;-24;-2;-25;-2;-26;-2;-26;-2;-27,empty,EXP_S045,ZONE_01,entree_zone,4.7,entree_zone,entree dans la zone
857373905,-49,6,a0:9f:7a:73:2b:3e,384,-110;-96;8;0;13;9;12;3;13;-3;14;-8;16;-13;18;-17;21;-20;23;-21;24;-21;26;-21;26;-20;26;-17;25;-15;23;-12;20;-9;16;-7;11;-6;6;-6;1;-8;-3;-10;-6;-13;-8;-16;-9;-19;-9;-22;-7;-24;-2;-7;0;0;0;0;0;0;0;0;0;0;0;0;0;0;0;0;0;0;-1;4;-3;16;-5;18;-8;19;-10;20;-12;20;-13;19;-14;18;-14;16;-13;15;-11;13;-8;12;-5;11;-1;10;3;11;7;11;10;13;14;15;17;17;20;19;23;21;24;24;25;25;24;26;23;26;22;26;20;24;-124;0;-15;22;-15;21;-15;20;-15;19;-15;19;-15;20;-14;20;-13;21;-12;21;-11;20;-11;20;-11;19;-12;19;-12;20;-12;21;-12;21;-11;21;-11;21;-11;20;-12;19;-12;18;-13;18;-13;18;-13;18;-13;18;-13;17;-14;16;-14;15;-6;5;-2;1;0;-1;0;-1;0;-1;-2;1;-5;3;-14;8;-15;8;-15;8;-15;8;-15;7;-15;7;-14;6;-15;6;-15;6;-16;6;-16;6;-16;7;-16;8;-15;8;-14;8;-14;8;-14;8;-15;9;-16;10;-16;12;-15;13;-15;14;-14;15;-15;15;-15;15;-17;16;-18;17;-18;18;-124;0;48;18;48;18;48;18;47;18;45;17;44;16;42;15;41;14;41;13;40;13;39;13;39;13;38;12;37;12;36;12;36;12;35;12;35;13;34;13;33;14;31;15;30;15;28;15;27;15;26;16;25;17;23;18;22;20;8;7;2;2;-1;-1;-2;0;-1;-1;2;-1;8;-1;23;-1;23;0;24;1;24;2;26;3;27;4;28;5;30;6;31;7;31;9;32;10;33;11;34;12;34;13;35;13;35;14;36;15;36;15;37;16;38;16;40;15;42;15;43;16;45;16;46;17;47;18;47;18;48;18,empty,EXP_S045,ZONE_01,entree_zone,4.7,entree_zone,entree dans la zone
857574507,-49,6,a0:9f:7a:73:2b:3e,384,-110;-96;8;0;5;14;8;9;11;3;15;-1;19;-4;23;-7;26;-8;29;-9;31;-8;32;-7;32;-6;31;-4;29;-2;26;0;21;0;17;1;12;0;7;-3;3;-6;0;-9;-2;-13;-3;-17;-3;-21;-1;-23;0;-25;0;-7;0;0;0;0;0;0;0;0;0;0;0;0;0;0;0;0;0;0;-4;2;-14;10;-16;10;-19;9;-21;8;-22;7;-23;6;-23;4;-21;3;-20;3;-17;3;-14;4;-11;5;-8;7;-4;9;-2;13;1;16;3;20;4;23;6;27;6;30;6;33;6;35;5;36;4;35;3;33;3;31;-121;0;-12;7;-11;7;-11;7;-11;7;-11;7;-11;7;-11;7;-11;8;-10;8;-10;8;-9;7;-10;7;-10;7;-10;7;-10;8;-10;8;-10;8;-10;8;-10;7;-10;7;-10;7;-10;6;-10;6;-10;6;-10;6;-10;5;-10;5;-10;4;-4;1;-2;0;0;-1;0;-1;0;-1;-1;0;-3;0;-9;2;-9;1;-9;1;-9;1;-9;1;-9;1;-9;1;-9;0;-9;0;-9;0;-9;0;-9;1;-9;1;-9;1;-9;1;-9;1;-9;1;-9;2;-10;2;-10;3;-10;3;-10;4;-10;4;-10;4;-11;5;-11;5;-12;5;-12;6;-121;0;18;17;18;17;18;16;18;16;17;15;16;15;16;14;16;14;16;13;16;13;15;13;15;12;15;12;14;12;14;12;14;12;13;12;13;12;12;12;12;12;11;12;10;12;10;12;9;12;8;12;8;12;7;13;6;13;2;4;0;1;-1;-1;-1;-1;-1;-1;1;0;3;1;10;3;10;3;10;4;11;5;11;6;11;6;12;7;12;7;12;8;13;9;13;10;13;10;13;11;13;11;13;12;13;12;14;13;14;13;14;13;15;13;15;14;16;14;17;15;17;15;18;16;18;16;18;16;19;16,empty,EXP_S045,ZONE_01,entree_zone,4.7,entree_zone,entree dans la zone
857772333,-48,6,a0:9f:7a:73:2b:3e,384,-110;-96;8;0;-17;-7;-14;-1;-13;5;-12;11;-12;16;-13;21;-15;24;-17;26;-19;27;-21;27;-22;25;-22;23;-22;21;-20;17;-18;14;-14;11;-10;8;-5;7;0;6;5;7;9;9;12;12;13;15;14;18;13;20;3;5;0;0;0;0;0;0;0;0;0;0;0;0;0;0;0;0;0;0;-1;-5;-1;-18;0;-20;2;-22;4;-23;6;-23;8;-23;8;-22;8;-20;8;-19;6;-17;4;-15;1;-13;-2;-12;-6;-11;-10;-11;-14;-11;-18;-12;-22;-13;-25;-14;-29;-16;-31;-17;-32;-19;-31;-20;-31;-21;-29;-21;-27;-20;-118;0;1;-27;2;-26;2;-25;3;-24;4;-25;3;-26;2;-26;1;-26;-1;-26;-2;-24;-2;-23;-1;-23;0;-24;0;-25;-1;-26;-2;-26;-2;-25;-2;-24;-2;-23;-1;-23;0;-23;1;-23;1;-23;0;-23;0;-23;1;-22;2;-21;3;-20;1;-8;0;-3;0;0;-1;0;-1;0;0;-2;3;-5;9;-13;10;-14;11;-14;11;-14;10;-13;10;-13;10;-12;10;-12;11;-12;12;-12;12;-13;11;-14;10;-15;9;-14;9;-14;8;-13;9;-14;9;-15;9;-16;8;-18;7;-19;6;-20;5;-20;5;-20;6;-21;7;-22;8;-24;8;-26;-118;0;-54;4;-53;4;-53;4;-52;3;-50;3;-48;4;-46;5;-44;6;-43;7;-42;7;-42;7;-42;7;-41;6;-40;6;-39;6;-39;6;-39;6;-39;5;-38;4;-38;3;-36;2;-35;1;-33;0;-32;0;-32;-1;-32;-2;-31;-4;-31;-5;-12;-2;-4;-1;1;0;1;-1;0;-1;-3;1;-8;3;-23;8;-23;7;-24;6;-25;6;-27;6;-28;6;-30;5;-32;4;-33;3;-34;3;-35;2;-36;1;-37;1;-38;0;-39;0;-40;0;-40;-1;-41;-1;-42;-1;-43;0;-44;2;-46;3;-48;3;-50;3;-51;3;-52;3;-52;3;-52;3,empty,EXP_S045,ZONE_01,entree_zone,4.7,entree_zone,entree dans la zone
857972549,-49,6,a0:9f:7a:73:2b:3e,384,-110;-96;8;0;-15;-5;-13;0;-11;5;-10;11;-10;15;-11;19;-12;22;-13;24;-14;25;-16;25;-17;24;-18;22;-18;20;-17;17;-15;14;-12;11;-8;8;-4;6;1;5;5;6;9;7;12;9;13;11;14;14;14;16;3;4;0;0;0;0;0;0;0;0;0;0;0;0;0;0;0;0;0;0;-1;-4;-1;-16;0;-18;2;-19;3;-20;5;-21;6;-20;7;-19;7;-18;7;-16;5;-15;3;-13;1;-11;-2;-10;-6;-10;-10;-9;-13;-9;-17;-10;-20;-10;-23;-12;-26;-13;-28;-14;-29;-16;-29;-16;-28;-17;-27;-17;-25;-16;-128;0;9;-22;9;-22;9;-22;8;-21;8;-21;7;-21;7;-22;6;-22;5;-22;4;-21;4;-21;4;-21;4;-21;4;-22;4;-22;4;-22;4;-22;4;-22;4;-21;4;-21;5;-20;5;-20;5;-20;5;-20;5;-20;6;-19;7;-18;7;-18;2;-7;1;-2;-1;0;-1;0;-1;0;1;-2;4;-4;11;-10;11;-9;12;-9;12;-9;12;-8;12;-8;12;-8;12;-8;12;-8;12;-8;12;-9;12;-9;12;-9;11;-10;11;-10;11;-10;11;-11;11;-11;11;-12;10;-13;10;-14;10;-15;10;-16;10;-17;10;-18;10;-19;10;-20;10;-21;-128;0;-46;-9;-46;-9;-46;-8;-44;-8;-43;-7;-42;-7;-41;-6;-40;-5;-39;-5;-38;-4;-37;-3;-37;-3;-37;-3;-36;-3;-36;-3;-35;-3;-35;-4;-34;-4;-33;-5;-33;-6;-31;-6;-30;-6;-29;-7;-28;-7;-28;-8;-27;-9;-26;-10;-25;-11;-9;-4;-3;-2;0;0;1;-1;0;0;-3;0;-8;0;-21;1;-22;1;-22;0;-23;-1;-24;-2;-25;-2;-26;-3;-28;-4;-29;-5;-30;-6;-31;-6;-32;-7;-32;-8;-33;-8;-33;-9;-34;-9;-35;-10;-35;-10;-36;-10;-37;-9;-38;-9;-40;-9;-41;-9;-43;-9;-44;-9;-45;-9;-46;-9;-47;-9,empty,EXP_S045,ZONE_01,entree_zone,4.7,entree_zone,entree dans la zone
858172643,-49,6,a0:9f:7a:73:2b:3e,384,-110;-96;8;0;2;-17;-3;-13;-8;-11;-14;-9;-19;-8;-23;-8;-27;-9;-30;-10;-31;-11;-31;-12;-30;-14;-29;-15;-26;-15;-22;-15;-19;-13;-15;-11;-11;-7;-8;-3;-6;2;-6;7;-6;11;-8;15;-10;17;-13;19;-15;19;-4;4;0;0;0;0;0;0;0;0;0;0;0;0;0;0;0;0;0;0;4;-1;16;-3;18;-2;20;0;21;2;22;4;22;5;21;6;20;6;18;6;15;5;13;3;11;0;10;-3;9;-7;8;-11;7;-15;7;-19;8;-23;8;-27;9;-30;11;-32;12;-33;13;-34;14;-33;14;-31;13;-29;-121;0;13;0;12;0;12;0;12;-1;12;-1;12;-1;12;-2;12;-2;11;-2;11;-3;11;-3;11;-3;11;-3;11;-3;11;-3;11;-3;11;-3;11;-3;11;-3;11;-3;11;-3;11;-3;11;-2;11;-2;10;-2;10;-2;10;-1;10;-1;3;-1;1;0;-1;0;-1;-1;-1;-1;0;0;2;1;6;4;6;4;6;4;6;5;6;5;6;4;6;4;6;4;6;5;6;5;6;5;6;4;6;4;6;4;6;4;7;4;7;3;7;3;8;3;8;3;9;2;9;2;10;2;10;2;10;2;11;1;12;1;12;1;-121;0;-6;-25;-6;-25;-6;-25;-6;-24;-6;-24;-6;-23;-7;-22;-7;-21;-7;-21;-7;-20;-7;-20;-7;-19;-7;-19;-7;-19;-7;-19;-7;-18;-7;-18;-7;-18;-6;-18;-6;-18;-5;-17;-5;-17;-4;-16;-4;-16;-3;-16;-3;-15;-2;-15;-1;-15;-1;-6;0;-2;0;0;0;0;0;0;-1;-2;-2;-4;-5;-11;-5;-11;-4;-12;-4;-12;-4;-13;-4;-14;-4;-14;-4;-15;-4;-16;-4;-17;-3;-17;-3;-18;-3;-18;-2;-19;-2;-19;-2;-19;-2;-20;-2;-20;-3;-20;-3;-21;-4;-21;-4;-22;-5;-23;-5;-24;-5;-24;-5;-25;-6;-25;-6;-26,empty,EXP_S045,ZONE_01,entree_zone,4.7,entree_zone,entree dans la zone
858372419,-49,6,a0:9f:7a:73:2b:3e,384,-110;-96;8;0;-17;1;-13;5;-8;10;-5;15;-3;19;-1;24;-1;27;-1;30;-2;32;-4;32;-5;32;-7;30;-8;28;-8;25;-8;20;-6;16;-4;12;0;8;4;5;8;3;13;2;16;3;19;4;21;6;22;8;5;2;0;0;0;0;0;0;0;0;0;0;0;0;0;0;0;0;0;0;-2;-4;-7;-16;-6;-18;-5;-21;-4;-23;-2;-23;-1;-24;0;-23;0;-22;1;-20;0;-18;-1;-15;-3;-12;-6;-10;-10;-7;-13;-6;-17;-4;-21;-3;-25;-2;-29;-2;-32;-2;-34;-3;-36;-4;-37;-5;-36;-6;-34;-6;-32;-6;127;0;-3;-14;-3;-13;-3;-13;-3;-13;-3;-13;-3;-13;-4;-13;-4;-13;-5;-12;-5;-12;-5;-11;-5;-11;-5;-11;-5;-12;-5;-12;-6;-12;-6;-11;-6;-11;-5;-11;-5;-11;-5;-11;-5;-11;-5;-11;-5;-11;-5;-11;-4;-11;-4;-11;-3;-11;-1;-4;-1;-2;0;0;-1;0;-1;0;0;-1;1;-3;3;-8;3;-8;4;-8;4;-8;4;-8;4;-7;4;-7;4;-7;4;-7;4;-8;4;-8;4;-8;3;-8;3;-8;3;-8;2;-8;2;-8;2;-9;2;-9;1;-10;1;-10;0;-11;0;-11;0;-11;0;-11;-1;-12;-1;-13;-1;-13;127;0;-24;10;-24;10;-24;10;-23;9;-22;9;-21;9;-21;10;-20;10;-19;10;-19;10;-18;10;-18;10;-18;10;-17;10;-17;10;-17;10;-17;10;-17;9;-17;9;-16;8;-16;8;-16;7;-15;7;-15;6;-15;6;-15;5;-15;4;-15;4;-6;1;-2;0;0;-1;0;-1;0;-1;-1;0;-4;2;-10;5;-11;5;-11;5;-12;5;-13;5;-13;5;-14;5;-15;5;-16;5;-16;5;-17;4;-17;4;-18;4;-18;4;-19;4;-19;4;-19;4;-20;4;-20;5;-20;5;-21;6;-22;7;-22;7;-23;8;-24;8;-24;8;-24;9;-25;9,empty,EXP_S045,ZONE_01,entree_zone,4.7,entree_zone,entree dans la zone
858572047,-49,6,a0:9f:7a:73:2b:3e,384,-110;-96;8;0;-14;9;-8;10;-2;12;3;15;7;18;10;21;13;24;14;27;14;29;13;30;11;30;9;30;7;28;5;25;3;22;2;17;2;12;3;7;6;2;9;-2;12;-5;16;-6;19;-7;22;-6;24;-5;6;-1;0;0;0;0;0;0;0;0;0;0;0;0;0;0;0;0;0;0;-4;-3;-14;-12;-14;-14;-14;-17;-14;-19;-13;-20;-12;-21;-10;-21;-9;-20;-8;-18;-8;-16;-8;-13;-8;-10;-10;-6;-12;-2;-14;1;-17;4;-20;7;-23;9;-26;12;-29;13;-32;14;-34;14;-34;13;-34;12;-33;11;-31;10;-122;0;-9;-11;-9;-11;-8;-11;-8;-11;-8;-11;-8;-11;-9;-11;-9;-10;-10;-9;-10;-9;-10;-9;-9;-9;-9;-9;-10;-9;-10;-9;-10;-9;-10;-9;-10;-8;-9;-8;-9;-9;-8;-9;-8;-9;-8;-9;-8;-9;-8;-9;-8;-9;-7;-9;-7;-9;-3;-4;-1;-2;0;0;0;0;0;0;-1;-1;-1;-3;-2;-9;-2;-9;-1;-9;-1;-9;-1;-9;-1;-9;-1;-8;-1;-8;-1;-9;-1;-9;-1;-9;-1;-9;-2;-9;-2;-9;-2;-9;-2;-9;-2;-9;-2;-9;-3;-10;-4;-10;-5;-10;-5;-10;-6;-10;-6;-10;-6;-10;-6;-11;-7;-12;-7;-12;-122;0;-17;20;-17;20;-17;19;-16;19;-16;18;-15;17;-14;17;-14;17;-13;17;-12;17;-12;17;-12;17;-12;16;-12;16;-12;15;-11;15;-11;15;-12;15;-12;14;-12;13;-12;13;-12;12;-12;11;-12;11;-12;10;-12;10;-12;9;-13;8;-5;3;-2;0;0;-1;0;-1;0;-1;-1;1;-2;3;-5;10;-5;10;-6;10;-6;11;-7;11;-8;11;-8;12;-9;12;-10;12;-11;12;-11;12;-12;13;-12;13;-13;13;-13;13;-14;13;-14;14;-14;14;-14;14;-14;15;-15;15;-15;16;-15;17;-16;18;-16;19;-17;19;-17;19;-17;19,empty,EXP_S045,ZONE_01,entree_zone,4.7,entree_zone,entree dans la zone
858778097,-49,6,a0:9f:7a:73:2b:3e,384,-110;-96;8;0;3;-17;-2;-14;-8;-12;-13;-10;-19;-9;-23;-10;-27;-11;-29;-12;-31;-14;-31;-15;-30;-16;-28;-17;-25;-18;-22;-17;-18;-15;-14;-12;-11;-8;-8;-4;-7;1;-7;6;-9;10;-11;14;-13;16;-16;17;-18;17;-5;4;0;0;0;0;0;0;0;0;0;0;0;0;0;0;0;0;0;0;4;-1;16;-4;18;-3;21;-1;22;1;22;2;22;4;21;5;20;5;18;5;16;4;14;2;12;-1;10;-4;9;-7;8;-12;8;-16;8;-20;8;-24;9;-27;10;-30;11;-32;13;-34;14;-34;15;-33;15;-31;14;-29;-115;0;13;-1;12;-1;12;-1;12;-1;12;-1;12;-1;12;-2;12;-2;12;-3;11;-3;11;-3;11;-3;11;-2;11;-3;12;-3;12;-4;11;-4;11;-4;11;-3;11;-3;11;-2;11;-2;11;-2;11;-2;11;-2;10;-2;10;-1;10;-1;3;0;1;0;-1;0;-1;-1;-1;-1;0;0;2;1;6;3;6;4;7;4;7;4;6;4;6;4;6;4;6;4;6;4;6;4;7;4;7;4;7;4;7;3;6;3;6;3;6;3;7;3;8;3;9;2;9;2;10;1;10;1;10;1;10;1;11;1;12;1;12;1;-115;0;-7;-26;-7;-26;-7;-26;-7;-25;-7;-24;-7;-23;-7;-22;-7;-21;-8;-21;-8;-20;-8;-20;-8;-20;-8;-19;-7;-19;-7;-19;-7;-19;-7;-19;-7;-19;-6;-19;-6;-18;-5;-18;-4;-17;-4;-16;-4;-16;-3;-16;-2;-16;-2;-16;-1;-16;0;-6;0;-2;0;0;0;0;0;0;-1;-2;-3;-4;-6;-10;-6;-11;-6;-11;-6;-12;-5;-13;-6;-13;-6;-14;-5;-15;-5;-16;-5;-17;-5;-17;-4;-18;-4;-18;-4;-19;-4;-19;-4;-20;-4;-20;-4;-20;-4;-21;-4;-21;-5;-21;-6;-22;-6;-23;-6;-24;-6;-25;-6;-25;-7;-26;-7;-26,empty,EXP_S045,ZONE_01,entree_zone,4.7,entree_zone,entree dans la zone
858971945,-49,6,a0:9f:7a:73:2b:3e,384,-110;-96;8;0;-15;-9;-13;-2;-12;4;-12;10;-13;15;-15;19;-17;22;-18;24;-20;25;-21;25;-22;24;-23;22;-22;19;-21;16;-18;13;-14;10;-10;7;-5;6;0;6;5;7;9;9;12;11;14;13;15;17;14;19;3;5;0;0;0;0;0;0;0;0;0;0;0;0;0;0;0;0;0;0;0;-5;3;-17;5;-19;7;-20;9;-20;11;-20;12;-19;13;-18;13;-17;12;-15;10;-14;7;-13;4;-12;0;-11;-4;-11;-8;-12;-12;-13;-16;-14;-19;-16;-23;-18;-25;-20;-27;-22;-28;-23;-28;-24;-27;-24;-26;-23;-24;-22;-121;0;6;-27;6;-26;6;-25;7;-24;7;-24;7;-25;6;-26;4;-27;2;-26;1;-25;2;-24;3;-23;3;-24;4;-25;3;-26;3;-26;2;-26;1;-24;2;-23;3;-22;4;-22;5;-23;5;-23;5;-23;4;-23;5;-22;5;-21;6;-20;2;-7;0;-2;-1;0;-1;0;-1;0;1;-2;4;-4;11;-12;12;-11;13;-11;13;-11;12;-11;12;-11;11;-10;12;-9;12;-9;13;-10;13;-11;13;-12;12;-13;11;-13;10;-12;10;-12;11;-12;11;-13;12;-15;11;-17;10;-19;8;-19;8;-19;8;-19;9;-20;10;-21;11;-23;11;-25;-121;0;-52;-4;-52;-4;-51;-4;-50;-4;-48;-4;-45;-4;-44;-2;-43;-1;-42;0;-42;0;-42;0;-41;-1;-40;-1;-39;-1;-39;-1;-38;0;-38;0;-38;-1;-38;-2;-37;-3;-35;-4;-33;-5;-32;-5;-31;-6;-30;-6;-30;-7;-29;-9;-29;-10;-11;-4;-3;-2;0;0;1;-1;0;-1;-3;0;-9;1;-23;4;-24;3;-24;3;-25;2;-26;2;-28;2;-29;1;-31;0;-32;-2;-33;-3;-33;-4;-34;-4;-35;-5;-36;-5;-37;-6;-38;-7;-39;-7;-39;-7;-40;-7;-40;-6;-42;-5;-44;-4;-46;-4;-48;-4;-49;-5;-50;-6;-51;-6;-51;-6,empty,EXP_S045,ZONE_01,entree_zone,4.7,entree_zone,entree dans la zone
859177332,-49,6,a0:9f:7a:73:2b:3e,384,-110;-96;8;0;-11;-12;-12;-6;-13;-1;-15;4;-18;8;-20;12;-23;14;-26;15;-28;15;-29;14;-29;12;-29;10;-28;8;-25;6;-21;4;-17;3;-12;3;-8;4;-3;6;0;9;3;12;4;15;4;18;3;21;2;23;0;6;0;0;0;0;0;0;0;0;0;0;0;0;0;0;0;0;0;0;1;-4;6;-16;8;-17;10;-18;12;-18;14;-17;15;-16;15;-15;15;-14;14;-13;12;-11;9;-11;6;-10;3;-11;-1;-12;-5;-13;-8;-15;-11;-17;-14;-20;-16;-22;-18;-25;-19;-27;-19;-29;-19;-30;-18;-30;-16;-29;-15;-28;-123;0;18;-18;17;-17;17;-16;17;-16;17;-16;18;-16;17;-17;16;-18;15;-19;14;-18;13;-17;13;-17;14;-17;15;-17;15;-18;15;-19;14;-19;14;-19;14;-17;14;-16;15;-15;15;-15;16;-16;16;-16;16;-15;15;-14;15;-13;15;-11;5;-4;1;-1;-1;0;-1;0;-1;0;1;-1;5;-2;15;-4;15;-4;15;-4;15;-4;15;-4;14;-4;14;-4;14;-3;14;-2;15;-3;15;-3;16;-4;15;-5;14;-5;13;-5;13;-5;14;-5;15;-5;16;-6;17;-8;16;-10;16;-11;16;-11;16;-11;17;-11;18;-12;19;-12;20;-13;-123;0;-41;-29;-41;-30;-40;-30;-39;-30;-38;-28;-37;-27;-36;-25;-35;-24;-35;-22;-35;-22;-35;-22;-34;-22;-33;-22;-32;-22;-31;-21;-31;-21;-31;-21;-30;-22;-29;-22;-28;-22;-27;-22;-25;-22;-23;-22;-22;-21;-21;-22;-20;-23;-19;-24;-17;-25;-6;-9;-2;-3;0;0;1;0;0;0;-3;-1;-8;-3;-22;-7;-22;-7;-22;-8;-22;-9;-23;-11;-25;-12;-26;-13;-27;-15;-27;-16;-28;-17;-28;-19;-29;-20;-29;-21;-29;-21;-30;-22;-30;-23;-30;-24;-30;-25;-30;-25;-32;-25;-33;-25;-35;-25;-37;-26;-38;-28;-39;-29;-40;-29;-40;-29;-41;-29,empty,EXP_S045,ZONE_01,entree_zone,4.7,entree_zone,entree dans la zone
859382853,-48,6,a0:9f:7a:73:2b:3e,384,-110;-96;8;0;14;5;12;0;10;-6;10;-11;10;-16;11;-20;12;-23;14;-25;15;-26;16;-26;18;-25;18;-23;18;-21;17;-18;15;-14;12;-11;8;-9;3;-7;-1;-7;-6;-8;-9;-9;-12;-11;-14;-14;-14;-17;-14;-19;-4;-5;0;0;0;0;0;0;0;0;0;0;0;0;0;0;0;0;0;0;0;3;1;15;-1;17;-3;19;-4;20;-6;20;-7;20;-8;19;-8;18;-8;16;-7;14;-5;12;-2;11;1;10;5;9;9;9;12;9;16;9;20;10;23;11;26;13;28;14;29;16;29;17;28;17;26;17;25;16;-119;0;-13;21;-12;20;-12;19;-12;19;-13;19;-13;20;-12;21;-11;21;-9;21;-8;21;-8;20;-8;20;-9;20;-9;20;-9;21;-9;21;-8;21;-8;20;-8;19;-9;18;-10;18;-10;17;-10;18;-10;18;-10;18;-10;17;-11;16;-11;15;-4;5;-2;1;0;-1;0;-1;0;-1;-2;1;-5;3;-13;8;-13;8;-14;7;-14;7;-14;7;-14;7;-13;6;-14;6;-14;5;-14;5;-15;6;-14;7;-14;7;-13;8;-13;8;-13;8;-13;8;-14;9;-14;10;-14;11;-13;13;-13;14;-12;14;-12;15;-13;15;-13;16;-14;18;-14;19;-119;0;46;14;46;13;45;13;44;13;42;12;41;12;40;10;39;10;38;9;37;8;37;8;36;8;36;8;35;8;35;8;34;7;34;8;33;8;33;9;32;10;31;10;29;11;28;11;27;11;26;12;25;13;24;14;23;15;8;5;2;1;-1;-1;-2;0;-1;-1;2;-1;7;-1;21;-1;22;0;22;1;23;2;24;3;25;3;26;4;27;5;28;6;29;7;30;8;30;9;30;10;31;11;32;12;33;12;34;13;34;13;35;13;36;13;37;12;39;12;41;12;42;13;43;13;44;14;45;14;46;14,empty,EXP_S045,ZONE_01,entree_zone,4.7,entree_zone,entree dans la zone
859572376,-48,6,a0:9f:7a:73:2b:3e,384,-110;-96;8;0;-16;4;-10;7;-5;11;-2;15;1;19;3;22;4;26;4;28;4;30;3;31;2;31;0;30;-2;28;-4;24;-4;20;-3;16;-2;11;1;7;4;4;8;2;12;0;16;0;19;1;21;3;22;5;5;1;0;0;0;0;0;0;0;0;0;0;0;0;0;0;0;0;0;0;-3;-3;-12;-13;-12;-15;-11;-17;-10;-19;-9;-21;-8;-21;-7;-21;-6;-20;-5;-18;-5;-16;-5;-13;-7;-10;-8;-7;-11;-4;-14;-2;-17;0;-20;2;-23;4;-27;5;-30;6;-32;6;-34;5;-35;5;-34;4;-33;3;-31;3;-121;0;-1;-13;-1;-13;-1;-13;-1;-13;-1;-12;-2;-12;-2;-12;-2;-12;-2;-12;-2;-12;-3;-12;-3;-11;-3;-12;-3;-12;-3;-12;-3;-12;-3;-12;-3;-12;-2;-12;-2;-11;-2;-11;-2;-11;-2;-11;-1;-11;-1;-11;-1;-11;0;-11;0;-11;0;-4;0;-2;0;0;-1;0;-1;0;0;-1;0;-3;2;-8;3;-8;3;-8;3;-7;3;-7;3;-7;3;-7;3;-7;3;-7;3;-7;3;-7;3;-8;3;-8;3;-8;3;-8;2;-8;2;-8;2;-8;2;-9;2;-9;1;-10;1;-10;1;-10;1;-11;1;-11;0;-12;0;-12;0;-13;-121;0;-24;6;-24;6;-24;6;-23;6;-22;6;-22;6;-21;6;-20;6;-20;6;-19;6;-19;6;-19;6;-19;6;-18;6;-18;6;-18;5;-18;5;-18;5;-17;4;-17;4;-17;3;-16;3;-16;2;-15;2;-15;1;-15;0;-15;0;-15;-1;-6;-1;-2;-1;0;-1;0;-1;0;-1;-1;0;-4;2;-9;6;-10;6;-11;5;-11;5;-12;5;-12;5;-13;5;-14;5;-15;5;-15;5;-16;4;-16;4;-17;3;-17;3;-18;3;-18;3;-19;3;-19;4;-19;4;-20;4;-20;5;-21;5;-22;5;-22;6;-23;6;-24;6;-24;6;-25;6,empty,EXP_S045,ZONE_01,entree_zone,4.7,entree_zone,entree dans la zone
859772197,-48,6,a0:9f:7a:73:2b:3e,384,-110;-96;8;0;14;4;11;-1;10;-7;9;-12;8;-17;9;-21;10;-24;11;-26;13;-27;14;-27;15;-26;16;-24;16;-21;15;-18;13;-15;10;-12;7;-9;2;-8;-2;-7;-7;-7;-10;-7;-13;-9;-15;-12;-16;-15;-16;-17;-4;-5;0;0;0;0;0;0;0;0;0;0;0;0;0;0;0;0;0;0;0;3;0;15;-1;17;-3;18;-5;19;-7;20;-8;19;-8;19;-8;17;-8;15;-7;14;-5;12;-2;10;1;9;5;8;9;8;12;8;16;9;19;9;23;10;25;12;27;13;28;14;28;15;27;16;25;16;24;15;-127;0;-3;23;-3;23;-3;22;-3;22;-3;21;-3;22;-2;22;-1;22;1;22;1;21;2;20;1;20;1;20;1;21;2;22;2;22;3;21;2;21;2;20;1;20;0;20;0;20;0;20;1;20;1;19;0;19;-1;18;-2;18;-1;6;-1;1;-1;-1;0;-1;0;-1;-1;1;-4;4;-10;11;-10;11;-11;11;-11;11;-11;11;-10;10;-10;10;-10;10;-11;10;-11;10;-11;10;-11;11;-10;12;-9;12;-9;12;-9;12;-9;12;-9;13;-9;14;-9;15;-8;16;-7;17;-6;17;-6;17;-6;18;-7;20;-7;21;-6;23;-127;0;46;-7;46;-7;45;-7;44;-7;43;-7;41;-7;39;-7;38;-8;37;-9;36;-10;36;-10;35;-10;34;-10;34;-10;33;-10;33;-10;33;-10;33;-9;33;-8;32;-6;31;-5;30;-5;28;-4;28;-4;27;-3;27;-2;27;0;27;1;9;0;2;0;-1;0;-2;0;-1;0;2;-1;6;-3;19;-8;20;-7;20;-7;21;-6;23;-6;24;-6;26;-5;27;-5;28;-4;29;-3;30;-3;31;-2;32;-2;33;-2;33;-2;34;-2;35;-1;35;-1;36;-1;37;-2;38;-3;39;-3;41;-4;42;-5;43;-5;44;-5;45;-6;46;-6,empty,EXP_S045,ZONE_01,entree_zone,4.7,entree_zone,entree dans la zone
859974093,-48,6,a0:9f:7a:73:2b:3e,384,-110;-96;8;0;-4;-9;-5;-5;-7;-2;-9;0;-11;2;-13;4;-15;5;-17;5;-18;5;-18;5;-19;4;-18;3;-17;2;-15;1;-13;0;-10;0;-7;0;-4;1;-2;3;1;4;2;6;3;9;3;10;2;12;2;13;0;3;0;0;0;0;0;0;0;0;0;0;0;0;0;0;0;0;0;0;2;-2;8;-5;10;-5;11;-4;12;-3;12;-3;13;-2;12;-1;11;-1;10;-1;9;-1;7;-2;6;-3;4;-4;2;-6;1;-8;0;-10;-1;-12;-2;-14;-3;-16;-4;-18;-4;-19;-3;-20;-3;-21;-2;-21;-2;-20;-1;-19;126;0;12;-9;12;-9;12;-8;12;-8;12;-8;12;-9;12;-9;11;-10;10;-11;9;-11;9;-10;9;-10;9;-10;10;-11;10;-11;10;-12;9;-12;9;-11;8;-10;9;-10;9;-9;9;-9;9;-10;9;-10;9;-10;9;-9;9;-8;9;-8;3;-3;1;-1;-1;0;-1;-1;-1;-1;1;0;3;0;9;0;9;1;9;1;9;1;9;1;9;1;8;1;8;1;8;1;9;1;9;1;10;1;10;0;9;0;9;-1;9;0;9;0;9;-1;10;-1;11;-3;11;-4;11;-5;11;-5;11;-5;11;-5;12;-5;13;-6;13;-6;126;0;-21;-20;-21;-20;-20;-20;-20;-20;-20;-19;-19;-18;-19;-17;-19;-16;-19;-15;-19;-14;-19;-14;-19;-14;-18;-14;-18;-13;-18;-13;-18;-13;-18;-13;-18;-13;-17;-13;-16;-13;-15;-13;-14;-13;-14;-13;-13;-12;-13;-12;-13;-13;-12;-13;-11;-14;-4;-5;-1;-2;0;0;0;0;0;0;-2;-1;-4;-3;-11;-8;-11;-9;-10;-9;-11;-10;-11;-11;-11;-11;-12;-12;-12;-13;-12;-14;-12;-15;-12;-15;-12;-16;-12;-16;-13;-17;-13;-17;-13;-18;-13;-18;-13;-18;-14;-18;-14;-18;-15;-19;-17;-19;-18;-19;-18;-20;-19;-21;-19;-21;-20;-21;-20;-21,empty,EXP_S045,ZONE_01,entree_zone,4.7,entree_zone,entree dans la zone
860172846,-48,6,a0:9f:7a:73:2b:3e,384,-110;-96;8;0;-12;1;-9;3;-6;7;-4;10;-3;13;-2;16;-2;19;-2;20;-3;22;-4;22;-5;22;-6;21;-7;19;-7;16;-7;13;-6;10;-4;8;-1;5;2;3;5;3;8;2;11;3;13;4;14;6;14;8;3;2;0;0;0;0;0;0;0;0;0;0;0;0;0;0;0;0;0;0;-2;-3;-7;-11;-6;-12;-6;-14;-5;-16;-4;-16;-3;-17;-2;-16;-1;-15;-1;-14;-1;-12;-2;-10;-3;-8;-5;-6;-7;-5;-10;-3;-12;-2;-15;-2;-17;-1;-20;-1;-22;-1;-24;-2;-25;-2;-26;-3;-25;-3;-24;-4;-23;-4;-120;0;-4;-19;-4;-18;-3;-18;-3;-18;-3;-18;-3;-18;-3;-18;-4;-18;-4;-17;-5;-17;-5;-16;-4;-16;-4;-17;-4;-17;-4;-17;-5;-17;-5;-17;-5;-17;-4;-16;-3;-16;-2;-16;-2;-16;-2;-16;-2;-16;-1;-16;-1;-16;0;-15;1;-15;0;-6;0;-2;0;0;-1;0;-1;0;0;-2;0;-5;1;-12;1;-12;1;-12;2;-12;2;-12;2;-11;2;-11;3;-11;3;-11;3;-11;3;-12;3;-12;2;-12;2;-12;2;-12;2;-12;2;-12;2;-12;1;-13;0;-14;0;-14;-1;-15;-1;-15;-1;-15;-1;-16;-1;-17;-1;-18;-1;-19;-120;0;-34;13;-34;12;-33;12;-33;11;-32;11;-30;11;-29;11;-28;11;-28;11;-27;11;-27;11;-27;10;-26;10;-26;9;-26;9;-25;8;-25;8;-25;7;-25;7;-24;6;-24;5;-23;4;-23;3;-22;2;-22;1;-22;0;-21;-1;-21;-2;-8;-1;-3;-1;0;-1;0;-1;0;-1;-1;1;-4;4;-11;12;-11;12;-12;12;-13;12;-14;12;-16;12;-17;12;-18;12;-19;12;-20;12;-21;11;-22;11;-23;11;-24;11;-24;10;-25;10;-25;10;-26;10;-26;10;-27;10;-28;11;-29;12;-30;13;-31;13;-32;13;-33;13;-33;13;-34;13,empty,EXP_S045,ZONE_01,entree_zone,4.7,entree_zone,entree dans la zone
860372292,-48,6,a0:9f:7a:73:2b:3e,384,-110;-96;8;0;-1;-18;-5;-14;-10;-11;-15;-8;-20;-6;-25;-6;-28;-6;-31;-7;-32;-9;-33;-10;-32;-12;-30;-13;-27;-14;-24;-14;-20;-13;-16;-10;-12;-7;-9;-3;-8;2;-7;7;-7;11;-9;14;-11;17;-14;18;-17;19;-5;4;0;0;0;0;0;0;0;0;0;0;0;0;0;0;0;0;0;0;3;-3;15;-9;17;-8;20;-7;21;-6;22;-5;23;-3;23;-2;21;-1;19;-1;17;-1;15;-2;12;-4;9;-7;7;-10;5;-14;4;-17;3;-21;2;-25;2;-29;3;-32;4;-35;5;-36;6;-37;7;-36;7;-34;7;-32;-124;0;12;-4;12;-4;11;-4;11;-3;11;-3;12;-3;12;-4;12;-5;11;-5;10;-5;10;-5;10;-5;10;-5;11;-5;11;-5;11;-5;11;-5;10;-5;10;-5;10;-4;10;-4;10;-4;10;-4;10;-4;10;-4;10;-3;10;-3;10;-2;3;-1;1;-1;-1;0;-1;-1;-1;-1;0;0;2;0;7;1;8;1;8;2;8;2;7;2;7;2;7;2;7;2;7;2;7;2;7;2;8;2;8;1;8;1;7;1;7;1;7;1;8;1;8;1;9;0;9;-1;10;-1;10;-2;10;-2;10;-2;11;-2;12;-2;12;-2;-124;0;-13;-24;-12;-24;-12;-24;-12;-23;-11;-23;-11;-22;-11;-21;-11;-20;-11;-19;-12;-19;-12;-19;-11;-18;-11;-18;-11;-18;-11;-18;-10;-18;-10;-18;-10;-18;-9;-18;-8;-18;-7;-17;-7;-17;-6;-16;-6;-16;-5;-16;-5;-16;-4;-16;-3;-16;-1;-6;-1;-2;0;0;0;0;0;0;-1;-1;-4;-3;-9;-8;-9;-9;-9;-10;-9;-10;-9;-11;-9;-12;-9;-13;-9;-14;-9;-15;-9;-15;-9;-16;-9;-16;-9;-17;-9;-17;-9;-18;-9;-19;-9;-19;-9;-19;-9;-20;-9;-20;-10;-20;-11;-21;-11;-22;-11;-22;-12;-23;-12;-24;-12;-24;-12;-25,empty,EXP_S045,ZONE_01,entree_zone,4.7,entree_zone,entree dans la zone
860573866,-49,6,a0:9f:7a:73:2b:3e,384,-110;-96;8;0;16;-2;11;-6;7;-11;4;-16;2;-21;1;-25;1;-29;1;-31;2;-33;3;-34;4;-33;6;-31;7;-29;8;-25;7;-21;6;-17;3;-12;0;-9;-5;-6;-9;-4;-13;-4;-17;-4;-20;-6;-22;-8;-23;-10;-6;-3;0;0;0;0;0;0;0;0;0;0;0;0;0;0;0;0;0;0;1;3;7;15;6;17;5;20;4;21;2;23;1;23;-1;22;-1;21;-2;19;-1;16;0;14;3;11;5;8;9;6;12;4;16;3;20;2;24;1;28;1;31;1;34;2;35;3;36;3;35;4;33;4;31;4;-125;0;3;12;2;12;2;12;1;11;1;12;1;12;2;12;3;12;4;11;4;11;4;10;3;10;3;11;3;11;3;12;4;11;4;11;4;10;3;10;3;10;2;10;2;11;2;11;2;11;2;10;2;10;1;10;1;10;0;3;-1;1;-1;-1;0;-1;0;-1;-1;0;-1;2;-3;7;-3;7;-4;8;-4;8;-3;7;-3;7;-3;7;-4;6;-4;7;-4;7;-4;8;-4;8;-3;8;-3;8;-3;7;-3;7;-3;7;-3;8;-3;9;-2;9;-1;10;0;10;0;10;0;10;0;10;-1;11;-1;12;0;13;-125;0;23;-11;23;-11;23;-11;22;-10;22;-10;21;-10;20;-10;19;-10;18;-10;18;-10;18;-10;18;-10;17;-10;17;-9;17;-9;16;-9;16;-9;16;-9;16;-8;16;-8;16;-7;16;-6;15;-5;14;-5;14;-5;14;-4;14;-3;15;-2;5;-1;1;-1;-1;0;-1;0;-1;0;0;-1;3;-3;8;-8;9;-8;9;-8;10;-8;10;-8;11;-8;12;-8;13;-8;14;-8;14;-7;15;-7;15;-7;16;-7;16;-7;17;-7;18;-7;18;-7;18;-7;18;-7;19;-8;19;-8;20;-9;21;-10;21;-10;22;-10;23;-10;23;-10;23;-10,empty,EXP_S045,ZONE_01,entree_zone,4.7,entree_zone,entree dans la zone
860772627,-48,6,a0:9f:7a:73:2b:3e,384,-110;-96;8;0;-13;-8;-12;-3;-12;3;-12;8;-13;13;-15;17;-17;20;-18;21;-20;22;-21;22;-22;21;-22;19;-22;17;-20;14;-17;11;-14;8;-10;6;-5;5;0;6;4;7;8;8;10;11;12;13;13;16;12;19;3;4;0;0;0;0;0;0;0;0;0;0;0;0;0;0;0;0;0;0;0;-4;4;-16;5;-17;8;-18;10;-18;11;-18;13;-17;13;-16;13;-15;12;-13;10;-12;7;-11;4;-10;0;-10;-3;-10;-7;-11;-11;-12;-14;-14;-17;-16;-20;-18;-22;-20;-24;-22;-24;-23;-24;-24;-24;-24;-22;-23;-20;-22;-127;0;7;-24;7;-23;7;-22;7;-22;8;-22;7;-23;7;-23;5;-24;4;-23;3;-22;3;-21;3;-21;4;-21;4;-22;4;-23;3;-24;2;-24;2;-23;3;-21;3;-21;4;-21;5;-21;5;-21;4;-21;4;-21;5;-20;5;-19;6;-18;2;-7;0;-2;-1;0;-1;0;-1;0;1;-2;4;-4;11;-11;12;-10;12;-10;12;-11;12;-11;11;-10;11;-10;11;-9;12;-9;13;-9;13;-10;13;-11;12;-11;11;-11;10;-11;10;-11;11;-11;11;-12;11;-13;11;-15;10;-17;9;-17;8;-17;9;-17;10;-18;11;-19;12;-21;12;-22;-127;0;-47;-5;-47;-5;-47;-5;-46;-5;-45;-5;-43;-4;-41;-3;-40;-2;-39;-1;-39;-1;-39;0;-38;-1;-37;-1;-37;-1;-36;-1;-36;-1;-35;-1;-35;-2;-35;-3;-34;-4;-32;-5;-31;-5;-29;-5;-29;-6;-28;-6;-28;-7;-27;-9;-27;-10;-10;-4;-3;-2;0;0;1;-1;0;-1;-3;0;-8;1;-21;3;-22;2;-22;2;-23;1;-24;1;-26;0;-27;0;-29;-1;-30;-2;-31;-3;-31;-4;-32;-4;-33;-5;-34;-5;-34;-6;-35;-7;-35;-7;-36;-8;-36;-7;-37;-7;-39;-6;-40;-5;-42;-5;-44;-5;-46;-6;-46;-6;-47;-6;-47;-6,empty,EXP_S045,ZONE_01,entree_zone,4.7,entree_zone,entree dans la zone
860972410,-48,6,a0:9f:7a:73:2b:3e,384,-110;-96;8;0;-2;16;3;12;9;9;14;6;19;5;24;4;28;4;31;5;32;6;33;8;32;9;30;11;27;11;24;11;19;10;15;8;11;5;8;1;5;-4;4;-9;4;-13;5;-17;7;-20;10;-22;12;-22;3;-6;0;0;0;0;0;0;0;0;0;0;0;0;0;0;0;0;0;0;-5;1;-17;4;-20;3;-22;2;-23;0;-24;-2;-24;-3;-24;-4;-22;-5;-20;-4;-18;-4;-15;-2;-13;1;-11;4;-9;7;-7;12;-6;16;-6;20;-6;24;-6;28;-7;31;-8;34;-9;35;-10;36;-11;35;-11;33;-10;31;-119;0;-14;1;-14;1;-13;1;-13;0;-14;0;-14;0;-14;1;-14;1;-14;2;-13;2;-12;2;-12;2;-13;1;-13;1;-13;2;-13;2;-13;2;-12;2;-12;2;-12;1;-12;0;-12;0;-12;0;-12;0;-12;0;-12;0;-11;0;-11;-1;-4;-1;-2;-1;0;-1;0;0;0;0;-1;-1;-3;-1;-8;-3;-9;-4;-9;-4;-9;-4;-8;-4;-8;-4;-8;-4;-8;-4;-8;-5;-8;-5;-8;-5;-9;-5;-9;-4;-9;-4;-8;-3;-8;-3;-8;-3;-9;-4;-10;-3;-11;-3;-11;-2;-11;-1;-11;-1;-11;-1;-12;-1;-13;-2;-14;-2;-15;-2;-119;0;8;24;8;25;7;24;7;24;6;23;6;22;6;21;7;20;7;20;7;19;7;19;7;19;6;19;6;18;6;18;6;18;6;18;5;18;5;18;4;18;3;17;3;16;2;16;2;15;1;15;1;15;0;15;-1;15;-1;5;-1;1;-1;-1;-1;-1;-1;-1;0;0;2;3;7;8;7;9;6;10;6;10;6;11;7;12;7;13;6;14;6;14;6;15;5;16;5;16;5;17;5;17;5;18;5;18;5;19;5;19;5;19;5;20;6;20;6;21;7;22;7;23;7;23;7;24;7;24;8;24,empty,EXP_S045,ZONE_01,entree_zone,4.7,entree_zone,entree dans la zone
861173859,-49,6,a0:9f:7a:73:2b:3e,384,-110;-96;8;0;-17;0;-13;4;-9;9;-6;15;-4;20;-3;24;-3;28;-4;30;-5;32;-7;32;-8;32;-10;30;-10;28;-10;24;-10;20;-8;15;-5;11;-1;8;4;5;8;3;12;3;16;4;19;6;21;8;22;11;5;2;0;0;0;0;0;0;0;0;0;0;0;0;0;0;0;0;0;0;-2;-4;-6;-17;-5;-19;-3;-22;-2;-23;0;-24;1;-24;2;-23;2;-22;2;-20;1;-17;0;-15;-2;-13;-5;-10;-9;-8;-13;-7;-17;-6;-21;-5;-25;-5;-29;-4;-32;-5;-35;-5;-36;-7;-36;-8;-36;-9;-34;-9;-32;-9;-117;0;1;-14;1;-14;1;-14;0;-14;0;-14;0;-13;-1;-13;-1;-13;-1;-13;-2;-13;-2;-13;-2;-13;-2;-13;-2;-12;-2;-12;-2;-12;-2;-12;-2;-12;-2;-12;-2;-12;-2;-12;-2;-12;-2;-12;-2;-12;-1;-12;-1;-12;0;-11;0;-11;0;-4;0;-2;0;0;-1;0;-1;0;0;-1;1;-3;4;-7;5;-7;5;-7;5;-6;5;-6;5;-6;5;-6;5;-6;5;-7;5;-7;5;-7;5;-7;5;-7;5;-7;4;-8;4;-8;4;-8;4;-8;4;-9;3;-9;3;-10;3;-10;3;-11;3;-11;2;-12;2;-12;2;-13;2;-13;-117;0;-26;3;-26;3;-26;3;-25;4;-24;4;-23;4;-23;4;-22;4;-21;5;-21;5;-20;5;-20;5;-20;5;-20;5;-20;5;-19;5;-19;5;-19;4;-19;4;-18;4;-18;3;-17;3;-17;2;-16;2;-16;2;-16;1;-16;0;-15;-1;-6;-1;-2;-1;0;-1;0;-1;0;-1;-2;0;-4;1;-11;4;-12;3;-12;3;-13;3;-14;2;-14;2;-15;2;-16;2;-16;2;-17;1;-18;1;-18;1;-19;0;-19;0;-19;0;-20;0;-20;0;-20;0;-21;0;-22;1;-22;1;-23;2;-24;2;-24;2;-25;3;-25;3;-26;3;-26;4,empty,EXP_S045,ZONE_01,entree_zone,4.7,entree_zone,entree dans la zone
861372519,-48,6,a0:9f:7a:73:2b:3e,384,-110;-96;8;0;-16;-6;-14;-1;-12;5;-11;11;-12;17;-13;21;-14;25;-16;27;-17;28;-19;28;-20;27;-21;24;-21;21;-19;18;-17;15;-13;11;-9;9;-4;7;1;6;6;7;10;8;13;11;15;13;16;16;15;19;3;5;0;0;0;0;0;0;0;0;0;0;0;0;0;0;0;0;0;0;-1;-5;0;-18;1;-20;3;-21;5;-23;7;-23;8;-22;9;-21;9;-20;9;-18;7;-16;5;-14;2;-13;-2;-11;-6;-11;-10;-10;-14;-11;-18;-12;-22;-13;-26;-14;-29;-16;-31;-18;-32;-19;-32;-20;-31;-21;-29;-20;-27;-19;-120;0;10;-25;10;-25;10;-25;9;-24;9;-24;9;-25;8;-25;7;-25;6;-25;5;-25;5;-24;5;-24;4;-24;4;-24;4;-25;4;-25;4;-25;5;-24;5;-23;5;-23;6;-22;6;-22;6;-22;6;-22;6;-22;7;-21;8;-20;9;-20;3;-7;1;-2;-1;0;-1;0;-1;0;1;-2;4;-5;12;-11;12;-11;13;-10;13;-10;13;-10;13;-10;13;-10;13;-10;13;-9;14;-9;13;-10;13;-10;13;-11;12;-11;12;-12;12;-12;12;-13;12;-13;12;-14;12;-15;11;-16;11;-17;11;-18;11;-19;11;-21;11;-22;11;-22;11;-23;-120;0;-52;-9;-52;-9;-51;-9;-50;-8;-48;-8;-47;-7;-45;-6;-44;-5;-43;-4;-43;-3;-42;-3;-42;-3;-41;-2;-41;-3;-40;-3;-40;-3;-39;-4;-39;-5;-38;-6;-37;-6;-35;-7;-34;-7;-33;-8;-32;-8;-31;-8;-30;-10;-29;-11;-28;-12;-10;-5;-3;-2;0;0;1;-1;0;-1;-3;0;-9;1;-24;3;-25;2;-25;1;-26;0;-27;-1;-28;-1;-30;-2;-31;-3;-33;-4;-34;-5;-35;-6;-35;-7;-36;-8;-37;-8;-37;-9;-38;-9;-39;-10;-39;-10;-40;-10;-42;-9;-43;-9;-45;-9;-46;-9;-48;-9;-49;-9;-51;-8;-51;-8;-52;-8,empty,EXP_S045,ZONE_01,entree_zone,4.7,entree_zone,entree dans la zone
861574371,-48,6,a0:9f:7a:73:2b:3e,384,-110;-96;8;0;-16;-3;-13;2;-10;8;-8;13;-7;18;-7;23;-7;26;-8;28;-10;29;-11;29;-13;29;-14;27;-14;25;-13;21;-12;17;-9;13;-6;10;-2;7;3;5;7;4;11;5;15;6;17;8;19;11;20;13;5;3;0;0;0;0;0;0;0;0;0;0;0;0;0;0;0;0;0;0;-1;-4;-2;-17;-1;-19;1;-21;3;-22;4;-22;6;-22;6;-21;6;-20;6;-18;5;-16;3;-14;0;-12;-3;-11;-7;-9;-11;-9;-15;-8;-19;-8;-23;-9;-27;-9;-30;-10;-32;-11;-33;-12;-33;-13;-32;-14;-30;-14;-29;-14;-120;0;1;-14;1;-13;1;-13;1;-13;1;-13;1;-13;0;-13;0;-13;-1;-13;-1;-12;-1;-12;-1;-12;-1;-12;-1;-12;-1;-13;-2;-13;-2;-12;-2;-12;-2;-12;-1;-12;-1;-12;-1;-12;-1;-12;-1;-12;-1;-11;0;-11;0;-11;1;-11;0;-4;0;-2;0;0;-1;0;-1;0;0;-1;1;-3;4;-7;5;-7;5;-7;5;-7;5;-6;5;-6;5;-6;5;-6;5;-6;5;-6;5;-7;5;-7;5;-7;5;-7;4;-7;4;-7;4;-7;4;-8;4;-8;4;-9;3;-10;3;-10;3;-10;3;-10;3;-11;3;-12;3;-12;3;-13;-120;0;-25;3;-25;3;-25;3;-24;3;-24;3;-23;3;-22;3;-21;4;-21;4;-20;4;-20;4;-20;4;-19;4;-19;4;-19;4;-18;4;-18;4;-18;3;-18;3;-18;2;-17;2;-17;1;-16;1;-16;1;-15;0;-15;0;-15;-1;-15;-2;-6;-1;-2;-1;0;-1;0;-1;0;-1;-2;0;-4;1;-11;3;-11;3;-12;3;-12;2;-13;2;-14;2;-14;2;-15;2;-16;1;-17;1;-17;1;-17;0;-18;0;-18;0;-19;0;-19;0;-19;0;-20;0;-20;0;-20;0;-21;1;-22;1;-23;2;-23;2;-24;2;-25;2;-25;2;-25;2,empty,EXP_S045,ZONE_01,entree_zone,4.7,entree_zone,entree dans la zone
861774528,-48,6,a0:9f:7a:73:2b:3e,384,-110;-96;8;0;-11;-11;-11;-5;-12;0;-14;6;-16;10;-18;14;-21;16;-23;18;-24;18;-26;18;-26;17;-26;15;-25;12;-23;10;-19;8;-15;6;-11;5;-6;4;-1;5;3;7;7;10;9;12;10;15;10;19;10;21;2;5;0;0;0;0;0;0;0;0;0;0;0;0;0;0;0;0;0;0;2;-4;9;-14;11;-14;13;-15;16;-14;17;-13;18;-12;18;-11;17;-10;15;-9;13;-8;10;-8;7;-9;4;-9;0;-11;-4;-13;-7;-15;-10;-17;-13;-20;-15;-23;-17;-25;-18;-28;-18;-29;-18;-30;-17;-30;-16;-28;-15;-27;125;0;16;-20;16;-19;16;-19;16;-18;16;-18;16;-19;16;-20;15;-20;14;-21;12;-21;12;-20;12;-20;12;-20;13;-20;13;-21;12;-21;12;-21;11;-20;11;-19;12;-18;12;-17;13;-17;13;-18;13;-18;13;-17;13;-16;13;-15;14;-15;5;-5;1;-2;-1;0;-1;0;-1;0;1;-1;5;-3;14;-6;15;-6;15;-5;15;-5;15;-5;15;-4;14;-4;14;-4;15;-3;15;-4;16;-4;16;-5;15;-6;15;-6;14;-6;14;-6;15;-7;15;-7;16;-8;16;-10;16;-11;15;-13;15;-13;15;-14;16;-14;17;-15;18;-16;18;-17;125;0;-43;-24;-43;-24;-42;-24;-41;-23;-39;-22;-38;-21;-37;-19;-36;-18;-36;-17;-36;-16;-35;-16;-35;-16;-35;-16;-34;-16;-34;-15;-33;-15;-32;-15;-32;-16;-31;-17;-30;-17;-28;-18;-27;-18;-26;-17;-25;-17;-24;-17;-23;-18;-22;-19;-21;-20;-8;-8;-2;-3;0;0;1;0;0;0;-3;-1;-8;-2;-22;-5;-22;-6;-22;-7;-22;-8;-23;-9;-24;-10;-25;-11;-26;-12;-27;-13;-28;-15;-28;-16;-28;-16;-29;-17;-29;-18;-30;-19;-30;-20;-30;-20;-31;-21;-32;-21;-33;-21;-34;-20;-36;-21;-38;-21;-39;-22;-40;-23;-41;-23;-42;-23;-42;-24,empty,EXP_S045,ZONE_01,entree_zone,4.7,entree_zone,entree dans la zone
861972463,-48,6,a0:9f:7a:73:2b:3e,384,-110;-96;8;0;0;16;5;12;10;8;15;5;20;3;25;2;28;2;31;2;33;3;33;5;33;6;31;7;28;8;25;9;21;8;16;7;12;4;8;0;5;-5;4;-9;3;-14;4;-17;5;-21;8;-23;10;-24;2;-6;0;0;0;0;0;0;0;0;0;0;0;0;0;0;0;0;0;0;-4;1;-17;6;-19;5;-22;3;-23;2;-24;0;-24;-1;-24;-2;-22;-3;-20;-3;-18;-2;-15;-1;-13;2;-10;5;-8;8;-6;12;-5;16;-4;20;-4;24;-3;28;-4;32;-4;34;-5;36;-6;36;-7;36;-7;34;-7;32;-127;0;-14;0;-14;0;-14;0;-13;0;-13;0;-13;1;-13;1;-13;2;-13;2;-12;2;-12;2;-12;2;-12;2;-12;2;-13;3;-13;3;-13;3;-12;3;-12;3;-12;2;-12;2;-12;2;-12;2;-12;2;-12;2;-11;1;-11;1;-11;0;-4;0;-2;-1;0;-1;0;0;0;0;-1;-1;-3;-2;-8;-5;-8;-5;-8;-5;-8;-5;-7;-5;-7;-5;-7;-5;-7;-5;-7;-5;-7;-5;-8;-5;-8;-5;-8;-5;-8;-5;-8;-4;-8;-4;-8;-4;-9;-4;-9;-4;-10;-3;-11;-3;-11;-2;-11;-2;-11;-2;-12;-2;-13;-2;-13;-2;-14;-2;-127;0;7;25;7;25;7;25;7;24;7;23;7;22;7;21;7;21;8;20;8;20;8;19;8;19;8;19;7;18;7;18;7;18;7;17;7;17;6;17;6;17;5;17;5;16;4;15;4;15;3;15;2;15;2;15;1;15;0;5;-1;1;-1;-1;-1;-1;-1;-1;0;1;1;3;5;10;5;10;4;11;4;12;4;12;4;13;4;14;4;15;4;15;3;16;3;16;3;17;3;17;3;18;3;18;2;19;3;19;3;20;3;20;4;20;4;21;5;21;5;22;5;23;6;24;6;24;6;25;6;25,empty,EXP_S045,ZONE_01,entree_zone,4.7,entree_zone,entree dans la zone
862176687,-48,6,a0:9f:7a:73:2b:3e,384,-110;-96;8;0;-15;-4;-12;1;-10;6;-9;11;-9;16;-9;20;-10;23;-12;25;-13;26;-14;26;-15;25;-16;24;-16;21;-15;18;-14;15;-11;11;-7;9;-3;7;1;6;6;6;9;6;13;8;15;10;16;13;16;15;4;4;0;0;0;0;0;0;0;0;0;0;0;0;0;0;0;0;0;0;-1;-4;-2;-16;-1;-18;1;-20;3;-20;4;-21;6;-21;7;-20;7;-18;6;-17;5;-15;3;-13;1;-11;-3;-10;-6;-9;-10;-9;-14;-9;-17;-9;-21;-10;-24;-11;-27;-12;-29;-13;-30;-14;-30;-15;-29;-16;-27;-15;-26;-15;-127;0;1;-25;1;-24;1;-23;2;-22;3;-22;3;-23;2;-24;0;-24;-2;-24;-3;-23;-2;-22;-2;-21;-1;-22;-1;-23;-1;-24;-2;-24;-3;-23;-3;-22;-2;-20;0;-20;1;-20;1;-20;1;-21;0;-21;0;-21;0;-20;1;-19;3;-19;1;-7;0;-2;0;0;-1;0;-1;0;0;-2;2;-5;7;-13;8;-13;8;-13;9;-13;8;-13;8;-12;8;-12;9;-11;9;-11;10;-11;10;-12;10;-13;9;-14;8;-14;7;-13;7;-13;8;-13;8;-14;8;-15;7;-17;5;-18;4;-19;3;-19;4;-19;4;-19;5;-21;6;-23;6;-24;-127;0;-47;7;-47;6;-46;6;-45;5;-44;5;-42;5;-40;6;-38;7;-37;8;-37;8;-37;8;-37;8;-37;7;-36;7;-35;6;-34;6;-34;6;-34;6;-34;4;-34;3;-33;2;-31;1;-30;0;-29;0;-29;0;-29;-2;-28;-3;-28;-5;-10;-2;-3;-1;0;-1;1;-1;0;-1;-2;1;-7;3;-19;8;-20;8;-21;7;-22;7;-23;7;-24;7;-26;6;-28;6;-29;5;-30;4;-31;4;-31;3;-32;3;-33;3;-34;2;-35;2;-36;2;-36;1;-37;2;-37;3;-39;4;-40;5;-42;5;-44;5;-45;5;-46;5;-46;5;-47;5,empty,EXP_S045,ZONE_01,entree_zone,4.7,entree_zone,entree dans la zone
862372604,-48,6,a0:9f:7a:73:2b:3e,384,-110;-96;8;0;-16;8;-10;10;-4;13;0;16;4;20;6;24;7;27;8;30;8;31;7;32;5;32;3;31;1;29;-1;26;-1;22;-1;17;0;12;2;8;6;4;9;2;13;0;17;-1;20;0;23;2;24;4;6;1;0;0;0;0;0;0;0;0;0;0;0;0;0;0;0;0;0;0;-4;-3;-15;-11;-15;-13;-15;-16;-15;-18;-14;-20;-13;-20;-11;-21;-10;-20;-9;-18;-8;-16;-8;-13;-9;-10;-10;-6;-12;-3;-15;0;-18;3;-21;6;-24;8;-27;10;-30;11;-33;11;-35;11;-36;10;-35;10;-34;8;-32;8;-128;0;-7;-12;-6;-12;-6;-12;-6;-11;-6;-11;-6;-12;-7;-11;-7;-11;-8;-10;-8;-10;-8;-9;-8;-10;-8;-10;-8;-10;-8;-10;-8;-10;-8;-10;-8;-9;-8;-9;-7;-9;-7;-9;-7;-10;-7;-10;-7;-9;-7;-9;-6;-9;-6;-9;-5;-10;-2;-4;-1;-2;0;0;-1;0;-1;0;0;-1;0;-3;0;-9;1;-9;1;-9;1;-9;1;-9;1;-8;1;-8;1;-8;1;-8;1;-9;1;-9;1;-9;1;-9;0;-9;0;-9;0;-9;0;-9;0;-9;-1;-10;-2;-10;-2;-10;-3;-10;-3;-10;-3;-10;-4;-11;-4;-11;-4;-12;-5;-13;-128;0;-21;17;-21;17;-20;17;-20;16;-19;16;-18;16;-17;16;-16;16;-15;15;-15;15;-15;15;-15;15;-15;15;-14;15;-14;14;-14;14;-14;14;-14;14;-14;13;-14;13;-14;12;-13;11;-13;10;-13;10;-13;9;-13;9;-14;8;-14;7;-5;2;-2;0;0;-1;0;-1;0;-1;-1;1;-3;3;-8;9;-8;9;-9;9;-9;9;-10;9;-11;9;-11;10;-12;10;-13;10;-14;10;-14;10;-15;10;-15;10;-16;10;-16;10;-17;10;-17;10;-17;11;-17;11;-18;12;-18;13;-18;14;-19;15;-19;15;-20;15;-21;16;-21;16;-21;16,empty,EXP_S045,ZONE_01,entree_zone,4.7,entree_zone,entree dans la zone
862572413,-48,6,a0:9f:7a:73:2b:3e,384,-110;-96;8;0;8;-6;4;-7;1;-8;-2;-10;-4;-12;-6;-14;-7;-16;-8;-18;-8;-19;-7;-20;-6;-20;-5;-19;-4;-18;-3;-16;-2;-14;-1;-11;-2;-8;-3;-5;-4;-3;-6;0;-8;1;-11;2;-13;1;-14;0;-15;-1;-4;-1;0;0;0;0;0;0;0;0;0;0;0;0;0;0;0;0;0;0;2;1;8;5;8;7;8;8;8;10;8;11;7;11;6;11;5;11;5;10;4;8;4;7;5;5;5;3;6;0;8;-2;9;-4;11;-5;13;-7;15;-8;17;-9;18;-9;19;-9;20;-9;20;-8;19;-7;18;-6;-120;0;7;13;7;13;7;12;7;12;7;12;7;12;8;12;8;12;9;11;9;10;9;10;9;10;9;10;9;11;9;11;9;11;9;10;9;10;8;10;8;10;7;10;7;10;7;10;7;10;7;10;6;10;6;10;5;11;1;3;0;1;-1;-1;-1;-1;0;-1;0;1;0;3;0;9;0;9;-1;10;-1;10;-1;9;-1;9;-1;9;-1;9;-2;9;-2;9;-1;9;-1;9;0;10;0;9;0;9;0;9;0;10;0;10;1;10;2;11;3;11;3;11;4;11;4;11;4;12;5;12;5;12;6;13;-120;0;22;-23;22;-22;21;-22;21;-22;20;-21;20;-20;19;-20;18;-19;17;-19;16;-19;16;-19;15;-19;15;-19;15;-19;15;-18;15;-18;15;-18;15;-17;15;-17;15;-16;15;-15;15;-14;15;-13;15;-13;15;-12;15;-11;15;-10;15;-9;5;-4;1;-1;-1;0;-1;0;-1;0;0;-2;2;-5;6;-13;7;-13;8;-13;8;-13;9;-13;10;-14;11;-14;11;-14;12;-15;13;-15;14;-15;15;-15;15;-15;16;-15;17;-15;17;-16;18;-16;18;-16;18;-16;18;-17;19;-18;19;-19;20;-20;20;-20;21;-21;21;-22;22;-22;22;-23,empty,EXP_S045,ZONE_01,entree_zone,4.7,entree_zone,entree dans la zone
862772258,-48,6,a0:9f:7a:73:2b:3e,384,-110;-96;8;0;10;13;11;6;13;0;15;-6;18;-10;21;-14;24;-16;26;-17;28;-17;30;-17;30;-15;29;-13;28;-10;25;-8;22;-6;17;-5;12;-4;7;-5;2;-7;-2;-10;-5;-13;-7;-17;-8;-20;-7;-23;-6;-25;-2;-7;0;0;0;0;0;0;0;0;0;0;0;0;0;0;0;0;0;0;-3;3;-10;14;-12;15;-15;16;-17;15;-19;15;-20;14;-20;13;-19;11;-17;10;-15;9;-12;9;-9;9;-5;10;-1;11;3;13;6;15;9;18;12;21;15;24;17;27;18;29;18;31;17;32;16;32;15;31;14;30;-126;0;-10;10;-9;10;-9;9;-9;9;-9;9;-9;10;-8;10;-8;10;-7;10;-7;10;-6;10;-6;10;-6;10;-6;10;-6;10;-6;11;-6;11;-6;10;-6;10;-6;10;-6;9;-6;9;-6;9;-6;9;-6;9;-6;9;-7;8;-7;8;-3;2;-1;0;0;-1;0;-1;0;-1;-1;0;-3;0;-9;1;-9;1;-9;1;-9;1;-9;1;-9;1;-9;1;-9;1;-9;0;-9;1;-9;1;-9;1;-9;2;-9;2;-8;2;-8;2;-9;2;-9;3;-9;3;-9;4;-9;5;-9;6;-9;6;-9;6;-10;7;-10;7;-10;7;-10;8;-126;0;23;12;23;12;22;12;22;11;21;11;21;10;20;9;20;9;20;8;20;7;19;7;19;7;19;6;18;6;18;6;18;6;18;6;18;6;17;7;16;7;16;7;15;7;14;7;14;7;13;7;13;8;12;8;12;9;4;3;1;1;-1;-1;-1;-1;-1;-1;1;0;4;1;11;3;11;4;11;4;11;5;11;5;12;6;13;7;13;7;13;8;14;8;14;9;14;9;15;10;15;10;15;10;16;11;16;11;16;11;17;11;17;11;18;11;19;11;20;12;21;12;21;12;22;12;22;12;22;12,empty,EXP_S045,ZONE_01,entree_zone,4.7,entree_zone,entree dans la zone
862972885,-49,6,a0:9f:7a:73:2b:3e,384,-110;-96;8;0;-15;-8;-14;-2;-13;4;-13;10;-14;15;-16;19;-17;22;-19;24;-21;25;-23;24;-24;23;-24;21;-23;18;-21;15;-19;12;-15;10;-10;8;-5;7;0;7;4;8;8;10;10;13;12;16;12;19;12;21;2;5;0;0;0;0;0;0;0;0;0;0;0;0;0;0;0;0;0;0;0;-5;1;-18;3;-19;5;-21;7;-22;9;-22;10;-21;11;-20;11;-18;10;-17;8;-15;6;-14;3;-12;-1;-11;-5;-11;-9;-12;-13;-13;-17;-14;-21;-15;-24;-17;-27;-19;-28;-21;-29;-22;-29;-23;-28;-24;-26;-23;-24;-22;-121;0;10;-24;10;-24;10;-23;10;-23;10;-23;9;-23;8;-24;7;-24;6;-24;5;-23;5;-23;5;-23;5;-23;5;-24;5;-24;4;-25;4;-24;4;-24;4;-23;4;-22;5;-22;5;-22;5;-22;5;-22;5;-22;6;-21;6;-20;7;-19;2;-7;1;-2;-1;0;-1;0;-1;0;1;-2;4;-4;13;-9;14;-9;14;-9;14;-9;14;-8;14;-8;13;-8;13;-8;14;-7;14;-8;15;-8;15;-9;14;-10;13;-10;13;-10;12;-10;13;-10;13;-11;13;-12;13;-14;13;-15;12;-17;12;-17;12;-18;12;-18;13;-20;13;-21;13;-22;-121;0;-52;-11;-52;-10;-51;-10;-50;-10;-48;-9;-47;-8;-45;-7;-45;-6;-44;-5;-43;-4;-43;-4;-42;-3;-41;-3;-40;-3;-40;-3;-39;-3;-39;-3;-38;-4;-38;-5;-37;-5;-35;-6;-34;-7;-33;-7;-32;-7;-31;-8;-30;-9;-30;-10;-29;-12;-11;-5;-3;-2;1;0;1;-1;0;0;-3;0;-9;0;-24;0;-24;-1;-25;-2;-25;-3;-27;-4;-28;-4;-29;-5;-30;-6;-32;-7;-33;-8;-34;-9;-34;-10;-35;-11;-36;-11;-36;-12;-37;-12;-38;-12;-38;-12;-39;-12;-41;-12;-42;-11;-44;-11;-46;-11;-48;-11;-49;-11;-50;-11;-51;-11;-51;-11,empty,EXP_S045,ZONE_01,entree_zone,4.7,entree_zone,entree dans la zone
863172185,-49,6,a0:9f:7a:73:2b:3e,384,-110;-96;8;0;14;5;12;0;11;-6;11;-12;11;-17;12;-22;13;-25;15;-27;17;-28;18;-28;19;-27;20;-25;19;-22;18;-18;16;-15;12;-12;8;-9;3;-8;-2;-7;-7;-8;-11;-10;-14;-12;-16;-14;-16;-17;-16;-20;-4;-6;0;0;0;0;0;0;0;0;0;0;0;0;0;0;0;0;0;0;-1;4;-2;17;-3;18;-6;20;-8;21;-9;21;-11;20;-11;19;-11;18;-10;16;-9;14;-6;12;-3;11;1;10;5;10;9;10;13;11;16;11;20;13;24;14;27;16;29;17;29;19;29;20;28;20;26;20;25;19;-125;0;-7;25;-7;24;-7;23;-7;23;-7;23;-7;23;-5;24;-4;24;-3;24;-2;23;-2;22;-3;22;-3;22;-3;23;-2;24;-1;24;-1;24;0;23;-1;22;-1;22;-2;21;-3;22;-3;22;-2;22;-3;21;-3;21;-4;20;-5;19;-2;6;-1;2;0;-1;0;-1;0;-1;-2;1;-5;3;-14;10;-14;9;-15;9;-15;9;-14;9;-14;9;-13;9;-13;8;-14;8;-15;9;-15;10;-15;10;-14;11;-13;11;-13;10;-12;10;-13;11;-13;12;-13;13;-13;15;-12;17;-11;17;-10;18;-10;18;-11;19;-12;20;-12;21;-12;23;-125;0;51;0;51;0;50;0;49;0;47;-1;46;-2;44;-3;43;-4;42;-4;41;-5;40;-5;40;-5;39;-5;38;-5;37;-5;37;-5;37;-5;36;-5;36;-4;35;-4;34;-3;33;-2;32;-1;31;-1;30;0;30;2;29;3;29;5;10;2;3;0;-2;-1;-2;0;-1;-1;2;-1;8;-2;22;-4;23;-3;23;-2;24;-2;25;-1;27;-1;28;0;30;0;31;1;32;2;33;3;34;4;35;4;35;5;36;5;37;5;38;6;38;6;39;5;40;4;42;3;43;2;45;2;47;2;48;2;49;2;50;2;50;2,empty,EXP_S045,ZONE_01,entree_zone,4.7,entree_zone,entree dans la zone
863375451,-49,6,a0:9f:7a:73:2b:3e,384,-110;-96;8;0;4;14;7;8;11;3;15;-1;19;-5;23;-7;27;-9;30;-9;32;-9;33;-8;33;-7;31;-5;29;-3;26;-1;21;0;17;0;12;-1;7;-3;2;-6;-1;-10;-4;-14;-5;-18;-5;-21;-4;-24;-3;-25;-1;-7;0;0;0;0;0;0;0;0;0;0;0;0;0;0;0;0;0;0;-4;1;-16;7;-19;6;-21;5;-23;4;-24;2;-24;1;-24;0;-22;-1;-20;-1;-17;-1;-14;1;-11;3;-8;6;-5;9;-3;12;-1;17;1;21;2;24;3;28;3;31;3;34;3;36;2;37;1;36;1;34;1;31;121;0;-14;3;-14;3;-14;3;-14;3;-13;3;-13;3;-13;4;-13;4;-12;4;-12;5;-12;5;-12;5;-12;5;-12;5;-12;5;-12;5;-12;5;-12;5;-12;5;-12;5;-12;4;-12;4;-12;4;-12;4;-11;4;-11;3;-11;3;-11;2;-4;0;-2;0;0;-1;0;0;0;0;-1;-1;-4;-1;-9;-2;-9;-3;-9;-3;-9;-3;-9;-4;-9;-4;-9;-4;-9;-4;-9;-4;-9;-4;-9;-4;-9;-3;-9;-3;-9;-3;-9;-2;-9;-2;-9;-2;-10;-2;-10;-2;-11;-1;-11;-1;-12;0;-12;0;-12;0;-13;0;-13;1;-14;1;-14;1;121;0;12;22;12;22;12;21;12;21;11;20;11;19;11;19;11;18;11;17;12;17;12;16;11;16;11;16;11;15;11;15;10;15;10;15;10;15;9;15;9;15;8;14;8;14;7;14;7;13;6;13;5;14;4;14;4;14;1;5;0;1;-1;-1;-1;-1;-1;-1;0;0;2;2;7;7;7;8;7;9;7;9;7;10;7;11;7;11;7;12;7;13;7;14;7;14;7;15;7;15;8;16;8;16;7;16;7;17;8;17;8;18;8;18;9;19;9;19;10;20;10;20;11;21;11;21;12;22;12;22,empty,EXP_S045,ZONE_01,entree_zone,4.7,entree_zone,entree dans la zone
863572202,-49,6,a0:9f:7a:73:2b:3e,384,-110;-96;8;0;0;16;4;11;10;8;15;5;20;3;24;2;28;2;30;3;31;4;32;5;31;6;30;8;27;8;23;9;19;8;15;6;11;3;8;-1;5;-5;3;-9;3;-14;4;-17;5;-20;8;-22;10;-23;2;-6;0;0;0;0;0;0;0;0;0;0;0;0;0;0;0;0;0;0;-4;1;-17;5;-19;4;-21;2;-23;1;-24;-1;-24;-2;-23;-3;-21;-4;-19;-4;-17;-3;-15;-1;-12;1;-10;4;-8;8;-6;12;-6;16;-5;20;-5;24;-4;27;-5;31;-5;33;-7;34;-8;35;-8;34;-8;32;-8;30;-124;0;-14;0;-14;0;-13;0;-13;1;-13;1;-13;1;-13;2;-12;2;-12;2;-12;2;-12;2;-12;3;-12;3;-12;3;-12;3;-12;3;-12;3;-12;3;-12;3;-11;3;-11;3;-11;3;-11;3;-11;2;-11;2;-11;2;-11;1;-11;1;-4;0;-2;0;0;-1;0;0;0;0;-1;-1;-3;-2;-8;-4;-8;-5;-7;-5;-7;-5;-7;-5;-7;-5;-7;-5;-7;-5;-7;-5;-7;-5;-7;-5;-7;-5;-7;-5;-8;-5;-8;-5;-8;-5;-9;-4;-9;-4;-9;-3;-9;-3;-10;-3;-10;-2;-11;-2;-11;-2;-12;-2;-12;-1;-13;-1;-13;-1;-124;0;8;24;8;24;8;23;8;22;8;22;8;21;8;20;8;19;8;19;8;18;8;18;8;18;8;17;8;17;8;17;8;17;8;16;7;16;7;16;7;15;6;15;6;15;5;15;5;14;4;14;3;14;3;14;2;14;0;5;0;1;-1;-1;-1;-1;-1;-1;0;0;1;3;5;9;5;10;4;11;4;11;4;12;4;12;4;13;4;14;4;15;4;15;4;16;3;16;3;17;3;17;3;18;3;18;3;18;3;19;4;19;4;20;5;20;5;21;6;21;6;22;6;23;7;23;7;24;7;24,empty,EXP_S045,ZONE_01,entree_zone,4.7,entree_zone,entree dans la zone
863773551,-48,6,a0:9f:7a:73:2b:3e,384,-110;-96;8;0;14;0;11;-5;8;-9;6;-14;4;-19;4;-23;4;-26;5;-28;6;-29;7;-30;8;-29;9;-27;10;-25;10;-22;9;-18;7;-14;4;-11;0;-8;-4;-6;-8;-5;-12;-5;-15;-6;-18;-8;-19;-10;-20;-12;-5;-4;0;0;0;0;0;0;0;0;0;0;0;0;0;0;0;0;0;0;1;3;4;15;3;16;2;19;0;20;-1;21;-3;21;-3;20;-4;19;-4;17;-3;15;-1;12;1;10;4;8;7;6;11;5;14;4;18;4;22;4;25;4;28;5;30;5;31;7;32;8;31;9;29;9;27;8;-122;0;0;11;0;11;0;11;0;11;0;11;0;11;1;11;1;11;2;10;2;10;2;10;2;10;2;10;2;10;2;10;3;10;3;10;3;10;2;10;2;10;2;10;2;10;2;10;2;9;2;9;1;9;1;9;0;9;0;3;-1;1;-1;-1;0;-1;0;-1;-1;0;-2;2;-4;6;-5;6;-5;6;-5;6;-5;6;-5;6;-5;5;-5;5;-5;6;-5;6;-5;6;-5;6;-5;6;-4;6;-4;6;-4;6;-4;6;-4;7;-4;7;-3;8;-3;8;-3;9;-2;9;-2;9;-2;10;-2;10;-2;11;-2;11;-122;0;22;-7;22;-8;22;-8;21;-8;20;-8;20;-8;19;-8;18;-8;18;-8;17;-8;17;-8;16;-8;16;-8;16;-8;15;-8;15;-8;15;-8;15;-8;15;-7;15;-7;14;-6;14;-6;13;-5;13;-5;13;-4;13;-4;13;-3;13;-2;4;-1;1;-1;-1;0;-1;0;-1;0;0;-1;3;-2;9;-5;9;-5;9;-5;10;-5;11;-5;11;-5;12;-5;13;-5;13;-4;14;-4;14;-4;15;-4;15;-4;16;-4;16;-4;17;-3;17;-3;17;-4;18;-4;18;-4;19;-5;19;-5;20;-6;20;-6;21;-7;21;-7;22;-7;22;-7,empty,EXP_S045,ZONE_01,entree_zone,4.7,entree_zone,entree dans la zone
863974309,-48,6,a0:9f:7a:73:2b:3e,384,-110;-96;8;0;-6;13;-1;11;5;10;10;10;15;10;19;11;22;12;24;14;25;15;25;17;24;17;22;18;19;18;16;17;13;14;10;11;8;7;6;3;6;-2;6;-6;7;-10;9;-13;12;-15;15;-16;17;-15;4;-4;0;0;0;0;0;0;0;0;0;0;0;0;0;0;0;0;0;0;-4;-1;-17;-2;-18;-4;-19;-6;-20;-8;-20;-10;-19;-11;-18;-11;-17;-11;-15;-10;-13;-9;-12;-6;-11;-3;-10;0;-10;4;-10;8;-11;12;-12;15;-13;19;-14;21;-16;24;-18;26;-19;26;-20;26;-20;26;-19;24;-18;22;-121;0;-25;-4;-24;-4;-23;-4;-23;-5;-23;-6;-24;-6;-25;-5;-25;-3;-24;-2;-23;-1;-22;-1;-22;-1;-23;-2;-23;-2;-24;-2;-24;-1;-24;0;-22;0;-21;-1;-21;-2;-21;-3;-21;-4;-21;-4;-21;-3;-21;-3;-20;-4;-19;-5;-19;-6;-7;-3;-2;-1;0;0;0;0;0;0;-2;-1;-5;-3;-14;-9;-14;-10;-13;-10;-13;-11;-13;-10;-13;-10;-12;-10;-11;-11;-11;-11;-11;-12;-12;-12;-13;-12;-14;-11;-14;-10;-13;-10;-13;-10;-13;-10;-14;-10;-16;-10;-17;-9;-18;-8;-19;-7;-19;-6;-19;-6;-19;-7;-21;-7;-22;-8;-23;-8;-121;0;4;47;3;46;3;46;2;45;2;43;2;42;3;40;4;39;5;38;5;37;5;37;5;36;5;36;4;35;4;34;4;34;4;34;3;34;2;33;1;33;0;32;-1;30;-2;29;-2;29;-3;28;-4;28;-6;27;-7;27;-3;9;-2;2;0;-1;-1;-2;-1;-1;1;1;3;6;8;18;8;19;7;20;7;21;6;22;6;24;5;25;5;27;4;28;3;29;2;30;2;31;2;32;2;33;1;34;1;34;0;35;0;35;0;36;1;37;2;38;2;40;3;42;3;43;3;44;3;45;4;46;4;46,empty,EXP_S045,ZONE_01,entree_zone,4.7,entree_zone,entree dans la zone
864174049,-48,6,a0:9f:7a:73:2b:3e,384,-110;-96;8;0;-11;0;-8;3;-5;6;-3;10;-1;13;0;16;0;18;0;20;-1;21;-2;22;-3;21;-4;20;-4;19;-5;16;-5;13;-4;10;-2;8;0;5;3;2;6;1;8;0;11;0;13;1;15;2;16;4;4;1;0;0;0;0;0;0;0;0;0;0;0;0;0;0;0;0;0;0;-1;-3;-4;-12;-3;-13;-2;-15;-1;-16;0;-16;1;-16;2;-15;2;-14;2;-13;1;-12;0;-10;-2;-8;-4;-7;-6;-5;-9;-4;-11;-3;-14;-3;-17;-2;-20;-2;-22;-3;-23;-3;-24;-4;-24;-4;-24;-4;-23;-5;-21;-5;-127;0;-4;-18;-3;-18;-3;-17;-3;-17;-2;-17;-3;-18;-3;-18;-4;-18;-5;-17;-6;-16;-6;-16;-6;-16;-5;-16;-6;-17;-6;-17;-6;-17;-6;-16;-6;-16;-5;-15;-4;-15;-4;-15;-4;-16;-4;-16;-4;-16;-4;-16;-4;-15;-3;-15;-2;-15;-1;-6;-1;-2;0;0;-1;0;-1;0;0;-2;1;-4;3;-11;4;-11;4;-11;4;-11;4;-11;4;-11;4;-10;5;-10;5;-10;5;-11;5;-11;5;-12;4;-12;3;-12;3;-11;3;-11;3;-11;4;-12;3;-13;2;-14;1;-15;1;-15;0;-15;0;-15;0;-16;0;-17;-1;-18;-1;-19;-127;0;-32;12;-32;12;-32;12;-31;12;-30;11;-29;11;-27;11;-26;12;-25;12;-25;12;-25;12;-24;12;-24;12;-24;12;-23;11;-23;11;-22;11;-22;10;-22;10;-22;9;-22;8;-21;7;-21;7;-20;6;-20;6;-20;5;-20;4;-20;3;-8;1;-3;0;0;-1;0;-1;0;-1;-2;1;-5;3;-13;9;-13;8;-14;8;-14;8;-15;8;-16;8;-18;8;-19;8;-20;8;-21;7;-21;7;-22;7;-22;7;-23;7;-24;7;-25;7;-25;7;-25;7;-26;7;-26;8;-27;9;-28;10;-29;11;-30;11;-31;11;-31;12;-32;12;-32;12,empty,EXP_S045,ZONE_01,entree_zone,4.7,entree_zone,entree dans la zone
864372240,-48,6,a0:9f:7a:73:2b:3e,384,-110;-96;8;0;-17;-4;-14;1;-11;7;-10;12;-9;18;-9;23;-10;26;-12;29;-13;30;-15;30;-16;29;-17;27;-17;24;-17;21;-15;17;-12;13;-8;10;-3;7;2;6;7;6;11;7;14;8;17;11;18;14;18;16;4;4;0;0;0;0;0;0;0;0;0;0;0;0;0;0;0;0;0;0;-1;-5;-2;-18;-1;-20;1;-22;3;-23;5;-24;6;-23;7;-22;7;-21;7;-19;5;-17;3;-15;1;-13;-3;-11;-7;-10;-11;-10;-15;-9;-19;-10;-24;-10;-27;-11;-31;-12;-33;-14;-34;-15;-34;-16;-33;-17;-31;-17;-29;-16;-125;0;3;-14;3;-13;3;-13;3;-13;3;-13;3;-13;3;-13;2;-13;2;-13;1;-13;1;-13;1;-12;1;-12;1;-13;1;-13;1;-13;1;-13;1;-13;1;-12;1;-12;2;-12;2;-12;2;-12;2;-12;2;-12;3;-11;3;-11;3;-11;1;-4;0;-2;-1;0;-1;0;-1;0;0;-1;2;-3;5;-7;6;-7;6;-6;6;-6;6;-6;6;-6;6;-6;6;-6;6;-6;6;-6;6;-6;6;-6;6;-6;6;-7;5;-7;5;-7;5;-7;5;-7;5;-8;5;-9;5;-9;4;-10;4;-10;4;-11;5;-11;5;-12;5;-12;5;-12;-125;0;-27;-2;-27;-2;-26;-2;-26;-2;-25;-2;-24;-2;-23;-1;-23;-1;-22;-1;-22;0;-22;0;-21;0;-21;0;-21;0;-20;0;-20;-1;-20;-1;-20;-1;-19;-2;-19;-2;-18;-2;-17;-3;-17;-3;-16;-3;-16;-4;-16;-4;-15;-5;-15;-6;-6;-2;-2;-1;0;0;0;-1;0;-1;-2;0;-5;1;-12;2;-12;2;-13;1;-13;1;-14;1;-15;1;-15;0;-16;0;-17;-1;-17;-1;-18;-2;-18;-2;-19;-2;-19;-3;-19;-3;-20;-3;-20;-3;-20;-3;-21;-3;-22;-3;-22;-3;-23;-3;-24;-2;-25;-2;-25;-2;-26;-2;-26;-2;-27;-2,empty,EXP_S045,ZONE_01,entree_zone,4.7,entree_zone,entree dans la zone
864572631,-48,6,a0:9f:7a:73:2b:3e,384,-110;-96;8;0;3;16;6;11;11;7;15;3;20;0;24;-1;28;-2;31;-1;32;-1;33;0;33;2;31;4;29;5;26;6;21;6;17;5;12;3;8;-1;5;-5;3;-9;3;-14;3;-17;4;-20;7;-23;9;-24;2;-6;0;0;0;0;0;0;0;0;0;0;0;0;0;0;0;0;0;0;-4;2;-15;10;-17;9;-20;9;-22;7;-23;6;-24;5;-24;4;-22;3;-20;2;-18;2;-15;3;-12;5;-9;7;-6;10;-4;13;-2;17;0;21;1;24;2;28;2;32;2;34;1;36;0;37;-1;36;-1;35;-1;33;-119;0;-14;0;-14;0;-14;0;-13;0;-13;1;-13;1;-13;1;-13;1;-13;1;-12;2;-12;2;-12;2;-12;2;-12;2;-12;2;-12;2;-12;2;-12;2;-12;2;-12;2;-12;1;-12;1;-12;1;-12;1;-12;1;-12;0;-11;0;-11;-1;-4;-1;-2;-1;0;-1;0;0;0;0;-1;-1;-3;-2;-8;-3;-8;-4;-8;-4;-8;-4;-8;-4;-8;-4;-8;-4;-8;-5;-8;-5;-8;-5;-8;-5;-8;-4;-8;-4;-8;-4;-8;-4;-8;-4;-9;-4;-9;-3;-9;-3;-10;-3;-10;-2;-11;-2;-11;-2;-11;-2;-12;-1;-12;-1;-13;-1;-13;-1;-119;0;7;25;7;25;7;24;7;24;7;23;7;22;7;21;7;21;7;20;7;20;7;19;7;19;7;19;7;18;7;18;6;18;6;18;6;18;5;17;5;17;4;17;4;16;3;16;2;15;2;15;1;15;0;15;-1;15;-1;5;-1;1;-1;-1;-1;-1;-1;-1;0;0;2;3;6;9;6;10;6;10;6;11;5;12;5;12;5;13;5;14;5;15;5;15;5;16;5;17;4;17;4;18;4;18;4;19;4;19;4;19;4;20;5;20;5;21;5;22;6;22;6;23;6;23;7;24;7;25;7;25,empty,EXP_S045,ZONE_01,entree_zone,4.7,entree_zone,entree dans la zone
864773507,-49,6,a0:9f:7a:73:2b:3e,384,-110;-96;8;0;2;-17;-3;-13;-8;-11;-14;-9;-19;-8;-24;-7;-28;-8;-30;-9;-32;-10;-32;-12;-31;-13;-29;-14;-26;-15;-23;-14;-19;-13;-15;-10;-11;-7;-8;-3;-7;2;-6;7;-6;11;-8;15;-10;18;-12;19;-15;20;-4;5;0;0;0;0;0;0;0;0;0;0;0;0;0;0;0;0;0;0;4;-1;17;-3;18;-1;20;0;22;2;22;4;22;5;21;6;20;7;18;6;16;5;14;3;12;0;10;-3;9;-7;8;-11;7;-16;7;-19;7;-23;8;-27;9;-30;11;-33;12;-34;13;-35;13;-34;13;-32;13;-30;125;0;13;0;12;0;12;0;12;0;12;0;12;0;12;-1;12;-1;12;-2;11;-2;11;-2;11;-2;11;-2;11;-2;12;-2;12;-2;12;-3;11;-2;11;-2;11;-2;11;-2;11;-1;11;-1;11;-1;11;-1;10;-1;10;0;10;0;3;0;1;0;-1;0;-1;-1;-1;-1;0;0;2;1;6;4;6;5;6;5;6;5;6;5;6;5;5;5;5;5;5;5;6;5;6;5;6;5;6;5;6;4;6;4;6;4;7;4;7;4;8;4;8;3;9;3;9;3;10;2;10;2;11;2;11;2;12;2;12;2;125;0;-4;-26;-4;-26;-4;-26;-4;-25;-4;-24;-4;-23;-5;-22;-5;-22;-6;-21;-6;-21;-6;-21;-6;-20;-6;-20;-6;-19;-6;-19;-5;-19;-5;-19;-5;-19;-5;-18;-4;-18;-4;-18;-3;-17;-3;-17;-3;-16;-2;-16;-1;-16;-1;-16;0;-16;0;-6;0;-2;0;0;0;0;0;0;-1;-2;-2;-4;-4;-11;-4;-12;-4;-12;-3;-13;-3;-13;-3;-14;-3;-15;-3;-16;-3;-16;-3;-17;-2;-17;-2;-18;-2;-19;-2;-19;-1;-19;-1;-20;-1;-20;-1;-20;-1;-21;-1;-21;-2;-22;-3;-22;-3;-23;-3;-24;-3;-25;-4;-25;-4;-26;-4;-26,empty,EXP_S045,ZONE_01,entree_zone,4.7,entree_zone,entree dans la zone
864973536,-48,6,a0:9f:7a:73:2b:3e,384,-110;-96;8;0;-11;12;-5;12;2;12;8;13;13;15;17;17;20;20;22;22;22;23;22;25;21;26;18;26;15;25;13;23;10;19;7;15;6;10;6;5;6;0;8;-5;10;-9;13;-11;17;-13;20;-13;22;-12;5;-3;0;0;0;0;0;0;0;0;0;0;0;0;0;0;0;0;0;0;-4;-2;-17;-6;-18;-9;-19;-11;-20;-14;-19;-15;-18;-17;-17;-17;-15;-17;-13;-15;-12;-13;-11;-10;-11;-7;-11;-3;-12;1;-13;6;-14;10;-16;13;-19;17;-22;19;-24;22;-26;23;-28;23;-29;23;-29;22;-28;21;-26;19;-125;0;-23;-17;-22;-16;-22;-16;-21;-16;-21;-16;-22;-16;-23;-15;-23;-14;-23;-13;-23;-12;-22;-12;-22;-12;-22;-12;-23;-13;-23;-13;-23;-13;-23;-13;-22;-13;-21;-13;-21;-13;-20;-13;-20;-14;-20;-14;-20;-14;-19;-14;-18;-15;-17;-15;-16;-16;-6;-6;-2;-2;0;0;0;0;0;0;-2;-2;-5;-5;-11;-14;-11;-15;-10;-15;-10;-15;-9;-15;-9;-15;-9;-15;-8;-15;-8;-16;-8;-16;-9;-16;-9;-16;-10;-16;-10;-15;-10;-15;-10;-15;-11;-15;-11;-16;-12;-16;-14;-16;-15;-16;-16;-15;-17;-15;-17;-16;-18;-16;-19;-17;-20;-17;-20;-18;-125;0;-19;48;-19;48;-19;47;-19;46;-18;44;-17;43;-16;42;-16;41;-15;40;-14;40;-13;39;-13;39;-13;38;-13;37;-14;37;-14;36;-14;35;-15;34;-16;33;-17;32;-17;31;-17;29;-17;28;-17;27;-18;26;-19;25;-20;23;-21;22;-8;7;-3;2;0;-1;-1;-2;0;-1;0;2;0;8;2;23;1;23;0;24;-1;25;-2;26;-3;27;-4;28;-6;30;-7;31;-8;32;-9;33;-10;33;-11;34;-12;34;-13;35;-14;36;-14;36;-15;37;-15;38;-15;38;-16;40;-16;41;-17;43;-17;45;-17;46;-17;47;-18;48;-18;48,empty,EXP_S045,ZONE_01,entree_zone,4.7,entree_zone,entree dans la zone
865172396,-49,6,a0:9f:7a:73:2b:3e,384,-110;-96;8;0;4;15;8;10;12;5;15;1;20;-3;24;-5;27;-6;30;-6;32;-5;33;-4;32;-2;31;-1;29;1;25;2;21;2;17;2;12;0;7;-2;4;-6;1;-10;-1;-14;-1;-18;0;-21;2;-23;4;-25;1;-7;0;0;0;0;0;0;0;0;0;0;0;0;0;0;0;0;0;0;-4;2;-15;9;-17;9;-20;8;-22;7;-23;6;-23;5;-23;3;-22;3;-20;2;-17;2;-15;3;-11;5;-8;7;-5;9;-3;13;-1;16;1;20;3;24;4;27;4;31;4;33;4;35;3;36;2;35;1;33;1;31;-125;0;-13;5;-12;5;-12;5;-12;4;-12;4;-12;5;-12;5;-12;6;-11;6;-10;6;-10;6;-10;6;-10;6;-11;6;-11;7;-11;7;-10;7;-10;7;-10;6;-10;6;-10;5;-10;5;-10;5;-10;6;-10;6;-10;5;-10;4;-10;4;-4;1;-2;0;0;-1;0;0;0;0;-1;-1;-3;-1;-9;-2;-9;-2;-9;-2;-9;-2;-9;-2;-8;-2;-8;-2;-8;-3;-8;-3;-9;-3;-9;-3;-9;-2;-9;-2;-9;-1;-9;-1;-9;-1;-9;-1;-9;-1;-10;-1;-10;0;-11;1;-11;2;-10;2;-10;2;-11;2;-12;2;-13;3;-13;3;-125;0;16;20;16;20;15;19;15;19;14;18;14;17;14;16;14;15;14;15;14;15;14;14;14;14;13;14;13;14;13;13;13;13;13;13;13;13;12;13;12;13;11;13;10;13;9;12;9;12;8;12;8;12;7;13;6;13;2;5;0;1;-1;-1;-1;-1;-1;-1;0;0;3;2;8;7;8;7;8;8;8;8;8;9;9;10;9;11;9;11;9;12;9;13;9;13;9;14;9;14;9;15;9;15;10;16;10;16;10;16;10;17;11;17;12;17;13;17;13;18;14;19;14;19;14;20;15;20;15;20,empty,EXP_S045,ZONE_01,entree_zone,4.7,entree_zone,entree dans la zone
865372266,-49,6,a0:9f:7a:73:2b:3e,384,-110;-96;8;0;2;-17;-3;-13;-9;-11;-14;-9;-19;-8;-24;-8;-27;-9;-30;-10;-31;-11;-32;-13;-31;-14;-29;-15;-26;-16;-22;-15;-18;-14;-14;-11;-11;-7;-9;-3;-7;2;-7;7;-8;11;-9;14;-11;17;-14;18;-17;18;-5;4;0;0;0;0;0;0;0;0;0;0;0;0;0;0;0;0;0;0;3;-2;16;-5;18;-4;21;-3;22;-1;23;1;23;3;22;4;20;4;18;4;16;3;14;1;12;-2;10;-5;8;-8;7;-12;6;-16;6;-20;6;-24;7;-28;8;-31;9;-33;11;-35;11;-35;12;-34;12;-32;12;-31;-119;0;13;2;13;2;12;2;12;2;12;2;12;2;12;2;12;1;12;1;11;0;11;0;11;0;11;0;11;0;11;0;11;0;11;1;11;1;11;1;11;1;11;2;11;2;11;2;10;2;10;2;10;2;10;3;9;3;3;1;1;0;-1;-1;-1;-1;-1;-1;0;0;2;1;7;3;7;4;6;4;6;4;6;4;6;5;6;5;6;5;6;5;6;5;6;5;6;4;6;4;7;4;7;4;7;4;7;4;7;4;7;4;8;4;8;3;9;3;9;3;10;3;10;3;11;3;12;3;12;3;-119;0;-2;-27;-2;-26;-2;-26;-2;-25;-1;-24;-1;-24;-1;-23;-2;-22;-2;-22;-2;-21;-3;-21;-3;-21;-3;-21;-2;-21;-2;-20;-2;-20;-1;-20;-1;-19;0;-19;0;-19;1;-18;1;-17;1;-17;2;-16;2;-16;3;-15;4;-15;4;-15;1;-5;0;-2;-1;0;0;0;0;0;-1;-1;-3;-4;-6;-10;-6;-11;-6;-12;-5;-12;-5;-13;-5;-14;-4;-14;-4;-15;-4;-16;-3;-17;-3;-17;-3;-18;-3;-18;-2;-19;-2;-19;-2;-20;-2;-20;-1;-20;-1;-21;-2;-21;-2;-22;-2;-23;-2;-23;-2;-24;-2;-25;-2;-25;-3;-26;-3;-27,empty,EXP_S045,ZONE_01,entree_zone,4.7,entree_zone,entree dans la zone
865572523,-48,6,a0:9f:7a:73:2b:3e,384,-110;-96;8;0;13;-6;8;-9;3;-12;-1;-15;-5;-18;-8;-22;-9;-25;-10;-27;-9;-29;-8;-31;-6;-31;-5;-30;-3;-28;-2;-25;-1;-21;-1;-16;-1;-12;-3;-7;-6;-3;-9;0;-12;2;-16;3;-19;3;-22;1;-23;0;-6;0;0;0;0;0;0;0;0;0;0;0;0;0;0;0;0;0;0;0;2;3;8;13;8;15;8;17;7;19;6;20;5;20;4;20;3;19;2;17;2;15;3;12;4;9;6;6;9;4;12;1;15;-1;18;-3;21;-5;25;-6;28;-7;30;-8;32;-7;33;-6;32;-5;31;-4;29;-3;-125;0;7;9;7;9;7;9;6;9;6;9;7;9;7;9;8;8;8;8;8;7;8;7;7;7;7;7;8;7;8;7;9;7;9;7;8;6;8;6;8;6;7;7;7;7;8;7;8;7;7;7;7;6;6;6;6;6;2;2;0;0;-1;-1;-1;-1;0;-1;0;0;-1;2;-1;7;-1;7;-1;7;-1;7;-1;7;-1;7;-1;7;-1;7;-1;7;-1;7;-1;8;-1;8;0;8;0;7;0;7;0;7;0;7;0;8;1;8;2;8;2;9;3;8;3;8;4;8;4;9;4;10;5;10;5;10;-125;0;15;-19;15;-19;15;-18;14;-18;14;-18;13;-17;12;-17;11;-17;11;-17;10;-17;10;-17;9;-17;9;-16;9;-16;9;-16;9;-15;9;-15;9;-15;9;-15;9;-14;9;-13;9;-13;9;-12;8;-12;8;-11;9;-11;9;-10;10;-10;3;-4;1;-1;-1;0;-1;0;-1;0;0;-2;2;-4;5;-10;5;-9;6;-9;6;-9;7;-10;8;-10;8;-10;9;-11;10;-11;10;-11;11;-11;11;-11;11;-12;12;-12;12;-12;13;-12;13;-12;13;-13;13;-13;13;-13;13;-14;14;-15;14;-16;15;-16;15;-17;15;-18;15;-18;15;-18,empty,EXP_S045,ZONE_01,entree_zone,4.7,entree_zone,entree dans la zone
865773933,-48,6,a0:9f:7a:73:2b:3e,384,-110;-96;8;0;9;-14;3;-13;-3;-13;-9;-14;-14;-16;-19;-18;-22;-20;-24;-22;-24;-24;-24;-25;-23;-26;-21;-26;-18;-25;-15;-23;-12;-20;-9;-16;-8;-11;-7;-6;-7;-1;-9;4;-11;8;-14;11;-17;12;-20;12;-22;12;-6;2;0;0;0;0;0;0;0;0;0;0;0;0;0;0;0;0;0;0;4;1;16;5;17;7;18;10;18;12;18;14;17;15;16;16;14;15;13;14;12;12;11;9;10;5;10;1;11;-3;12;-7;13;-11;15;-14;17;-18;20;-21;22;-23;24;-25;26;-26;27;-25;27;-24;26;-23;25;-21;-127;0;25;12;24;12;22;12;22;12;22;12;23;12;24;12;24;10;24;8;24;7;23;6;23;7;23;7;23;8;24;8;24;7;24;7;23;6;22;7;21;8;21;8;21;9;21;9;21;8;21;8;20;9;19;10;18;10;6;4;1;1;-1;-1;-1;-1;-1;-1;1;1;3;4;9;13;9;14;9;15;8;15;8;15;8;14;7;14;7;14;6;15;6;15;7;15;8;15;9;15;9;14;9;13;9;13;10;14;10;14;12;15;13;14;15;14;16;13;16;12;17;12;18;12;19;13;21;14;22;15;-127;0;12;-52;12;-52;12;-51;12;-50;12;-48;11;-46;10;-45;9;-44;7;-43;6;-42;6;-42;6;-41;6;-41;6;-40;6;-40;6;-39;6;-39;7;-38;8;-38;9;-37;10;-35;10;-33;10;-32;11;-31;11;-30;12;-29;13;-28;14;-27;5;-10;1;-3;-1;0;0;1;-1;0;-1;-3;-1;-9;-1;-24;-1;-24;0;-25;1;-26;2;-27;3;-28;4;-30;5;-31;6;-32;7;-33;9;-34;9;-34;10;-35;11;-36;12;-37;12;-38;13;-38;13;-39;13;-39;12;-40;12;-42;12;-44;12;-46;12;-47;13;-49;13;-50;13;-51;13;-52,empty,EXP_S045,ZONE_01,entree_zone,4.7,entree_zone,entree dans la zone
865973055,-49,6,a0:9f:7a:73:2b:3e,384,-110;-96;8;0;15;-6;10;-9;6;-13;2;-17;-2;-21;-3;-25;-4;-29;-4;-31;-4;-33;-2;-34;-1;-34;1;-33;3;-30;4;-27;4;-22;3;-18;1;-13;-2;-9;-6;-6;-10;-4;-14;-3;-18;-3;-21;-4;-23;-6;-24;-8;-7;-3;0;0;0;0;0;0;0;0;0;0;0;0;0;0;0;0;0;0;2;2;11;12;11;15;11;17;10;19;9;21;8;22;6;22;5;20;4;18;4;16;5;13;6;10;8;7;11;4;14;1;17;-1;20;-3;24;-5;27;-6;31;-7;33;-6;35;-6;36;-5;36;-4;34;-3;32;-3;-115;0;7;10;6;10;6;10;6;10;6;10;6;10;7;10;7;9;7;9;7;8;7;8;7;8;7;8;7;9;7;9;8;9;8;9;7;9;7;8;7;8;6;8;6;9;6;9;6;9;6;9;5;9;5;9;4;9;1;3;0;1;-1;-1;-1;-1;0;-1;0;0;0;2;0;8;0;8;0;8;0;8;0;8;0;8;0;7;-1;7;-1;8;-1;8;-1;8;0;8;0;8;0;8;0;8;0;7;0;8;1;8;1;8;2;9;2;9;3;9;3;9;4;9;4;10;4;10;5;11;5;11;-115;0;18;-19;18;-19;18;-19;17;-19;17;-18;16;-18;15;-17;14;-17;14;-17;13;-17;13;-16;13;-16;13;-16;13;-16;13;-15;12;-15;12;-15;12;-15;13;-14;13;-13;13;-12;13;-12;12;-11;12;-11;12;-10;12;-9;13;-8;13;-8;4;-3;1;-1;-1;0;-1;0;-1;0;0;-2;1;-4;4;-11;5;-11;6;-11;6;-11;7;-12;7;-12;8;-12;9;-13;10;-13;10;-13;11;-13;12;-13;12;-13;13;-13;13;-13;14;-14;14;-14;14;-14;15;-14;15;-15;15;-16;15;-16;16;-17;16;-18;17;-18;18;-19;18;-19;18;-19,empty,EXP_S045,ZONE_01,entree_zone,4.7,entree_zone,entree dans la zone
866183500,-49,6,a0:9f:7a:73:2b:3e,384,-110;-96;8;0;16;1;12;-4;9;-9;7;-15;5;-20;5;-25;5;-28;6;-31;7;-33;9;-33;10;-32;11;-30;12;-28;12;-24;11;-20;8;-16;5;-12;1;-9;-4;-7;-9;-5;-13;-5;-17;-6;-20;-8;-21;-11;-22;-14;-6;-4;0;0;0;0;0;0;0;0;0;0;0;0;0;0;0;0;0;0;0;4;3;17;2;19;0;21;-2;22;-4;23;-5;23;-6;22;-6;20;-6;18;-5;16;-3;14;0;12;3;10;7;8;11;7;15;6;19;6;23;6;27;6;31;7;33;8;34;10;35;11;34;11;32;11;30;11;126;0;-2;13;-2;13;-2;13;-2;12;-2;12;-1;12;-1;12;0;12;0;12;1;12;1;11;1;11;1;11;1;12;1;12;1;12;1;12;1;11;1;11;1;11;0;11;0;11;0;11;0;11;0;11;0;11;-1;10;-1;10;-1;3;-1;1;-1;-1;0;-1;0;-1;-1;0;-2;2;-6;6;-6;6;-6;6;-6;6;-6;6;-6;6;-6;5;-6;5;-6;5;-7;5;-7;6;-6;6;-6;6;-6;6;-5;6;-5;6;-5;7;-5;7;-5;8;-5;8;-4;9;-4;9;-4;10;-3;10;-3;10;-3;11;-3;12;-4;12;126;0;25;-4;25;-4;25;-4;24;-4;24;-4;23;-5;22;-5;21;-5;21;-5;20;-6;19;-6;19;-6;19;-6;19;-6;18;-6;18;-6;18;-6;18;-5;18;-5;17;-4;17;-4;16;-3;16;-3;16;-3;15;-2;15;-1;15;-1;15;0;5;0;1;0;-1;0;-1;0;-1;0;1;-1;3;-2;10;-5;11;-4;11;-4;12;-4;13;-3;13;-3;14;-3;15;-3;15;-2;16;-2;17;-2;17;-2;18;-2;18;-1;18;-1;19;-1;19;-1;19;-1;20;-1;20;-2;21;-2;22;-2;23;-3;23;-3;24;-3;25;-4;25;-4;25;-4,empty,EXP_S045,ZONE_01,entree_zone,4.7,entree_zone,entree dans la zone
866374953,-49,6,a0:9f:7a:73:2b:3e,384,-110;-96;8;0;-17;-3;-13;2;-11;7;-9;13;-8;18;-8;23;-8;26;-10;29;-11;30;-12;30;-14;29;-15;28;-15;25;-14;21;-13;18;-10;14;-7;10;-2;7;2;6;7;5;11;5;15;7;17;9;19;12;19;14;4;3;0;0;0;0;0;0;0;0;0;0;0;0;0;0;0;0;0;0;-1;-5;-2;-17;-1;-19;1;-21;3;-22;5;-23;6;-23;7;-22;7;-20;6;-18;5;-16;3;-14;0;-12;-3;-11;-7;-10;-11;-9;-15;-9;-19;-9;-23;-9;-27;-10;-30;-11;-32;-12;-33;-14;-34;-15;-33;-15;-31;-15;-29;-15;-125;0;1;-14;1;-13;1;-13;1;-13;1;-13;1;-13;0;-13;-1;-13;-1;-13;-1;-13;-1;-12;-1;-12;-1;-12;-1;-13;-1;-13;-2;-13;-2;-13;-2;-12;-2;-12;-1;-12;-1;-12;-1;-12;-1;-12;-1;-12;-1;-12;-1;-11;0;-11;0;-11;0;-4;0;-2;0;0;-1;0;-1;0;0;-1;1;-3;5;-7;5;-7;5;-7;6;-7;5;-6;5;-6;5;-6;5;-6;5;-6;6;-6;6;-7;5;-7;5;-7;5;-7;4;-7;4;-7;4;-7;4;-8;4;-8;4;-9;3;-10;3;-10;3;-10;3;-11;3;-11;3;-12;3;-12;3;-13;-125;0;-26;2;-26;2;-26;2;-25;2;-24;2;-23;3;-22;3;-22;3;-21;4;-21;4;-21;4;-21;4;-20;4;-20;4;-19;4;-19;4;-19;4;-19;3;-18;3;-18;2;-18;2;-17;1;-16;1;-16;1;-16;0;-16;0;-15;-1;-15;-2;-6;-1;-2;-1;0;-1;0;-1;0;-1;-2;0;-4;1;-11;3;-12;2;-12;2;-13;2;-13;2;-14;2;-15;1;-15;1;-16;1;-17;0;-17;0;-18;0;-18;-1;-18;-1;-19;-1;-19;-1;-20;-1;-20;-1;-20;-1;-21;0;-21;0;-22;1;-23;1;-24;1;-25;1;-25;1;-26;1;-26;1,empty,EXP_S045,ZONE_01,entree_zone,4.7,entree_zone,entree dans la zone
866575528,-48,6,a0:9f:7a:73:2b:3e,384,-110;-96;8;0;8;-4;5;-6;2;-8;0;-10;-3;-12;-4;-15;-5;-17;-5;-18;-5;-19;-4;-20;-3;-20;-2;-19;-1;-18;0;-16;0;-13;0;-11;-1;-8;-2;-5;-4;-3;-6;-1;-8;0;-11;0;-12;0;-14;-1;-15;-2;-4;-1;0;0;0;0;0;0;0;0;0;0;0;0;0;0;0;0;0;0;1;1;7;7;7;8;6;10;6;11;5;12;5;12;4;12;3;12;3;10;3;9;3;7;3;6;4;4;6;2;8;0;9;-2;11;-3;13;-4;15;-5;17;-5;19;-5;20;-5;20;-5;20;-4;19;-3;18;-3;-120;0;10;11;9;11;9;11;9;11;9;11;9;11;10;10;11;10;11;9;11;8;10;7;10;7;10;8;11;8;11;8;11;8;11;7;11;7;10;7;10;7;9;8;10;8;10;8;10;8;10;7;10;7;9;7;8;8;2;3;0;1;-1;-1;-1;-1;-1;-1;0;1;0;3;0;9;0;9;0;9;0;9;0;9;0;9;0;9;-1;9;-1;9;-1;9;-1;10;0;10;1;9;1;9;1;9;1;9;1;9;1;9;2;10;3;10;4;10;5;10;5;10;6;10;6;10;6;11;7;12;8;13;-120;0;17;-26;17;-26;17;-25;17;-25;16;-24;15;-23;14;-22;13;-22;12;-22;12;-22;11;-22;11;-22;10;-21;10;-21;10;-21;10;-21;10;-20;10;-20;10;-20;11;-19;11;-18;11;-17;10;-16;10;-16;10;-15;11;-14;11;-14;12;-13;4;-5;1;-2;-1;0;-1;0;-1;0;0;-2;2;-5;5;-13;6;-13;7;-13;7;-13;8;-13;9;-14;10;-14;11;-15;11;-15;12;-15;13;-15;13;-16;13;-16;14;-16;14;-17;15;-17;16;-17;16;-17;16;-18;16;-19;16;-20;16;-21;17;-22;17;-23;17;-24;17;-24;17;-25;17;-26,empty,EXP_S045,ZONE_01,entree_zone,4.7,entree_zone,entree dans la zone
866772244,-48,6,a0:9f:7a:73:2b:3e,384,-110;-96;8;0;11;0;8;-3;6;-7;5;-10;4;-14;4;-17;4;-19;5;-21;6;-21;6;-22;7;-21;8;-20;9;-18;8;-16;7;-13;6;-10;4;-8;1;-6;-2;-5;-6;-5;-8;-5;-11;-6;-12;-7;-13;-9;-13;-11;-4;-3;0;0;0;0;0;0;0;0;0;0;0;0;0;0;0;0;0;0;0;2;3;10;3;12;2;13;1;15;0;15;-1;15;-2;15;-3;14;-2;12;-2;11;-1;9;1;8;3;6;5;5;8;4;10;4;13;3;15;3;18;3;20;4;22;4;23;5;23;6;23;6;22;7;21;6;-127;0;-3;17;-3;17;-3;16;-2;16;-2;16;-2;16;-1;16;0;16;0;15;1;15;1;15;1;15;1;15;1;15;1;15;2;15;2;15;2;15;1;15;1;15;1;14;1;14;1;14;1;14;1;14;0;14;-1;13;-1;13;-1;4;-1;1;-1;-1;0;-1;0;-1;-1;0;-3;2;-8;7;-8;7;-9;7;-9;7;-9;6;-9;6;-9;6;-8;6;-9;6;-9;7;-9;7;-9;7;-8;7;-8;8;-7;8;-7;8;-7;8;-7;9;-7;10;-7;10;-6;11;-6;12;-5;12;-5;13;-5;13;-5;14;-5;15;-5;16;-127;0;34;-4;34;-4;34;-4;33;-4;32;-5;31;-5;30;-5;29;-6;28;-6;27;-7;26;-7;26;-7;25;-7;25;-8;25;-8;25;-7;24;-7;24;-7;24;-6;23;-6;23;-5;22;-5;21;-4;21;-4;20;-3;20;-2;20;-1;20;0;7;0;2;0;-1;0;-1;0;-1;0;1;-1;5;-2;15;-4;15;-4;16;-3;16;-3;17;-2;18;-2;19;-2;20;-1;21;-1;22;-1;22;-1;23;0;24;0;24;0;25;1;25;1;26;1;26;1;27;0;28;0;28;-1;30;-1;31;-2;32;-2;33;-3;33;-3;34;-3;34;-4,empty,EXP_S045,ZONE_01,entree_zone,4.7,entree_zone,entree dans la zone
866972220,-48,6,a0:9f:7a:73:2b:3e,384,-110;-96;8;0;-13;-8;-12;-2;-11;3;-11;9;-12;14;-13;18;-15;21;-17;23;-19;24;-20;24;-21;23;-21;21;-21;18;-19;15;-17;12;-13;9;-9;7;-5;6;0;5;5;6;9;7;12;9;14;12;14;15;14;17;3;4;0;0;0;0;0;0;0;0;0;0;0;0;0;0;0;0;0;0;1;-4;5;-16;6;-17;9;-18;11;-18;12;-18;13;-17;14;-16;13;-15;12;-13;10;-12;8;-11;5;-10;1;-10;-3;-10;-7;-11;-11;-12;-14;-14;-18;-15;-20;-17;-23;-19;-25;-21;-26;-23;-25;-24;-24;-24;-22;-23;-21;-22;-123;0;11;-24;11;-23;11;-22;11;-22;11;-22;11;-22;10;-23;9;-23;8;-23;7;-23;7;-22;7;-22;7;-22;8;-23;8;-23;7;-23;7;-23;7;-22;7;-21;7;-21;8;-20;8;-20;9;-20;9;-20;9;-20;9;-19;10;-18;11;-17;4;-6;1;-2;-1;0;-1;0;-1;0;1;-2;4;-4;12;-11;12;-10;12;-10;13;-10;13;-9;12;-9;12;-9;12;-9;13;-8;13;-8;13;-9;13;-9;13;-10;12;-10;12;-10;12;-10;12;-11;12;-11;12;-13;12;-14;12;-15;11;-16;11;-17;11;-17;11;-18;12;-19;12;-21;13;-22;-123;0;-47;-12;-47;-12;-46;-12;-44;-12;-43;-11;-42;-11;-40;-10;-40;-9;-39;-8;-38;-8;-38;-8;-37;-8;-37;-8;-36;-8;-36;-8;-35;-8;-35;-8;-34;-9;-33;-9;-32;-10;-31;-11;-29;-11;-28;-11;-27;-12;-26;-12;-25;-13;-24;-15;-23;-16;-9;-6;-3;-2;0;0;1;-1;0;-1;-3;0;-8;0;-22;2;-22;1;-23;0;-24;0;-25;-1;-26;-2;-27;-3;-28;-4;-30;-5;-31;-6;-31;-7;-32;-8;-32;-9;-33;-9;-34;-10;-34;-11;-35;-11;-35;-11;-36;-11;-37;-11;-38;-10;-40;-10;-42;-10;-43;-11;-44;-12;-45;-12;-46;-13;-46;-13,empty,EXP_S045,ZONE_01,entree_zone,4.7,entree_zone,entree dans la zone
867172293,-48,6,a0:9f:7a:73:2b:3e,384,-110;-96;8;0;-3;-16;-7;-11;-11;-7;-15;-3;-19;-1;-23;1;-26;1;-29;1;-31;0;-32;-1;-32;-3;-30;-4;-28;-5;-25;-6;-21;-6;-16;-5;-12;-3;-8;0;-5;4;-3;8;-2;12;-2;15;-3;18;-5;20;-7;22;-2;5;0;0;0;0;0;0;0;0;0;0;0;0;0;0;0;0;0;0;3;-2;14;-8;16;-8;18;-7;20;-6;21;-4;21;-3;21;-2;20;-1;18;-1;15;-1;13;-2;10;-4;8;-6;5;-9;3;-13;2;-16;0;-20;-1;-23;-1;-27;-2;-30;-1;-32;0;-34;1;-35;1;-34;2;-33;2;-31;-114;0;11;-6;10;-6;10;-5;10;-5;10;-5;11;-5;11;-6;10;-6;9;-7;9;-7;8;-7;8;-6;9;-6;9;-7;9;-7;9;-8;9;-8;8;-8;8;-7;8;-6;8;-6;9;-6;9;-6;9;-6;8;-6;8;-6;8;-5;8;-5;2;-2;0;-1;-1;0;-1;-1;-1;-1;0;0;2;0;7;1;7;2;7;2;7;2;7;1;7;1;6;1;6;2;6;2;7;2;7;2;8;1;8;1;7;0;7;0;7;0;7;0;8;1;8;0;9;-1;9;-2;9;-2;9;-3;9;-3;9;-3;10;-3;11;-3;12;-3;-114;0;-15;-20;-15;-20;-14;-20;-14;-20;-14;-19;-13;-18;-13;-17;-13;-16;-13;-15;-14;-15;-14;-15;-14;-15;-13;-14;-13;-14;-13;-14;-13;-14;-12;-13;-12;-14;-12;-14;-11;-14;-10;-14;-10;-13;-9;-13;-9;-12;-9;-12;-8;-13;-7;-13;-7;-13;-3;-5;-1;-2;0;0;0;0;0;0;-1;-1;-3;-3;-8;-8;-8;-8;-8;-9;-8;-9;-8;-10;-8;-11;-9;-12;-9;-12;-9;-13;-9;-14;-9;-14;-9;-14;-9;-15;-9;-15;-9;-16;-9;-16;-9;-17;-9;-17;-9;-17;-10;-17;-10;-17;-11;-18;-12;-19;-13;-19;-13;-20;-13;-20;-14;-20;-14;-20,empty,EXP_S045,ZONE_01,entree_zone,4.7,entree_zone,entree dans la zone
867373024,-48,6,a0:9f:7a:73:2b:3e,384,-110;-96;8;0;-16;3;-11;6;-7;10;-3;14;-1;18;0;22;1;25;1;28;0;29;-1;30;-2;30;-4;29;-5;26;-6;23;-6;19;-5;15;-3;11;0;7;4;5;8;3;12;2;15;2;18;3;20;6;21;8;5;2;0;0;0;0;0;0;0;0;0;0;0;0;0;0;0;0;0;0;-3;-3;-11;-13;-10;-15;-10;-18;-9;-19;-8;-21;-6;-21;-5;-21;-4;-20;-4;-18;-4;-16;-4;-13;-6;-11;-8;-8;-10;-5;-13;-3;-16;-1;-20;1;-23;2;-26;3;-29;3;-32;2;-34;2;-34;1;-34;1;-32;0;-30;-1;127;0;-8;-11;-7;-10;-7;-10;-6;-10;-6;-10;-6;-11;-7;-11;-7;-10;-8;-9;-8;-9;-8;-8;-7;-8;-7;-9;-7;-9;-8;-9;-8;-9;-8;-9;-8;-8;-7;-8;-6;-9;-6;-9;-6;-9;-6;-9;-6;-9;-6;-9;-6;-9;-5;-9;-5;-9;-2;-4;-1;-1;0;0;0;0;0;0;-1;-1;-1;-3;-1;-8;-1;-8;-1;-8;-1;-8;-1;-8;-1;-8;-1;-7;0;-7;0;-8;0;-8;0;-9;-1;-9;-1;-9;-2;-8;-2;-8;-1;-8;-1;-8;-1;-8;-2;-9;-3;-9;-4;-9;-4;-9;-4;-9;-4;-9;-4;-9;-5;-10;-5;-11;-5;-12;127;0;-18;16;-18;16;-18;16;-17;16;-17;15;-16;14;-15;14;-14;14;-14;14;-13;14;-13;14;-13;14;-13;13;-13;13;-13;13;-12;13;-12;12;-13;12;-13;12;-13;11;-13;10;-13;9;-12;9;-12;8;-12;8;-12;7;-13;7;-13;6;-5;2;-2;0;0;-1;0;-1;0;-1;-1;1;-2;3;-5;9;-6;9;-6;9;-7;9;-7;10;-8;10;-9;10;-10;11;-11;11;-11;11;-12;10;-12;11;-12;11;-13;11;-13;11;-14;11;-14;11;-14;11;-15;12;-15;12;-15;13;-15;14;-16;15;-17;15;-17;15;-17;16;-17;16;-18;16,empty,EXP_S045,ZONE_01,entree_zone,4.7,entree_zone,entree dans la zone
867573735,-48,6,a0:9f:7a:73:2b:3e,384,-110;-96;8;0;-17;-5;-14;1;-11;7;-10;12;-9;18;-10;22;-11;26;-12;28;-14;29;-15;30;-17;29;-17;27;-18;24;-17;21;-15;17;-12;13;-8;10;-4;7;1;6;6;6;11;7;14;8;17;11;18;14;18;16;4;4;0;0;0;0;0;0;0;0;0;0;0;0;0;0;0;0;0;0;-1;-5;-2;-18;-1;-20;1;-22;3;-23;5;-23;7;-23;8;-22;8;-21;7;-19;6;-17;3;-15;1;-13;-3;-11;-7;-10;-11;-10;-15;-9;-19;-10;-23;-10;-27;-11;-30;-13;-32;-14;-33;-16;-34;-17;-33;-17;-31;-17;-29;-17;-125;0;0;-14;0;-14;0;-13;0;-13;0;-13;0;-13;0;-13;-1;-13;-1;-13;-2;-13;-2;-12;-2;-12;-2;-12;-2;-13;-2;-13;-2;-13;-2;-13;-2;-13;-2;-12;-2;-12;-1;-12;-1;-12;-1;-12;-1;-12;-1;-12;-1;-12;0;-11;0;-11;0;-4;0;-2;0;0;-1;0;-1;0;0;-1;1;-3;4;-8;4;-7;5;-7;5;-7;5;-7;5;-7;5;-7;5;-7;5;-7;5;-7;5;-7;5;-7;5;-7;4;-8;4;-8;4;-8;4;-8;4;-8;4;-9;3;-10;3;-10;2;-10;2;-11;2;-11;2;-12;2;-12;2;-13;2;-13;-125;0;-26;4;-26;3;-26;3;-25;3;-24;3;-23;4;-23;4;-22;5;-22;5;-21;5;-21;5;-21;5;-20;5;-20;5;-20;4;-19;4;-19;4;-19;4;-19;3;-18;3;-18;2;-17;2;-17;1;-16;1;-16;0;-16;0;-16;-1;-16;-2;-6;-1;-2;-1;0;-1;0;-1;0;-1;-2;0;-4;1;-11;4;-12;4;-12;4;-13;3;-13;3;-14;3;-15;3;-16;3;-16;2;-17;2;-18;2;-18;1;-19;1;-19;1;-19;1;-20;1;-20;1;-20;1;-21;1;-21;1;-22;2;-23;2;-24;3;-24;3;-25;3;-26;3;-26;3;-26;3,empty,EXP_S045,ZONE_01,entree_zone,4.7,entree_zone,entree dans la zone
867777538,-49,6,a0:9f:7a:73:2b:3e,384,-110;-96;8;0;11;11;11;5;12;-1;14;-7;16;-12;18;-16;21;-19;23;-20;25;-20;27;-20;27;-18;27;-16;26;-14;23;-11;20;-9;16;-7;11;-6;6;-6;1;-7;-4;-9;-7;-12;-10;-15;-11;-18;-10;-21;-10;-23;-3;-6;0;0;0;0;0;0;0;0;0;0;0;0;0;0;0;0;0;0;-3;3;-9;15;-11;15;-14;16;-16;16;-18;15;-19;14;-19;13;-18;12;-17;10;-14;9;-12;9;-8;9;-4;9;0;10;3;12;7;14;10;17;13;20;16;22;18;25;19;27;20;29;19;30;18;30;17;29;16;27;-121;0;-11;25;-10;24;-10;22;-11;22;-11;22;-11;23;-10;24;-9;24;-7;24;-5;23;-5;22;-5;22;-6;23;-6;23;-6;24;-6;24;-5;24;-5;23;-5;22;-6;21;-7;21;-7;21;-7;22;-6;22;-6;21;-7;20;-7;19;-8;18;-3;6;-2;1;0;-1;0;-1;0;-1;-2;1;-5;3;-15;9;-15;8;-16;8;-16;8;-15;8;-15;8;-14;7;-15;7;-15;6;-16;6;-16;7;-16;8;-15;9;-14;10;-13;10;-13;9;-14;10;-15;10;-15;12;-15;14;-14;16;-13;17;-12;17;-12;17;-13;17;-14;19;-15;20;-15;22;-121;0;50;8;50;8;49;8;48;8;47;8;45;7;43;6;42;4;41;3;41;2;40;2;40;3;39;3;39;3;38;2;37;2;37;2;37;2;36;3;35;4;34;5;32;6;31;6;30;6;29;6;29;8;28;9;28;11;9;4;2;1;-1;-1;-2;0;-1;-1;2;-1;7;-1;22;-1;22;0;23;1;24;1;25;2;27;3;28;4;29;5;31;6;31;7;32;8;32;8;33;9;34;10;35;10;36;11;37;11;37;11;38;11;39;10;40;10;42;10;44;9;45;10;47;10;48;10;49;10;50;10,empty,EXP_S045,ZONE_01,entree_zone,4.7,entree_zone,entree dans la zone
867973049,-48,6,a0:9f:7a:73:2b:3e,384,-110;-96;8;0;-7;16;-1;13;5;12;11;11;16;11;20;12;24;14;26;16;27;18;26;19;25;20;23;21;21;20;17;19;14;16;11;13;9;9;7;4;7;-1;8;-6;9;-10;12;-13;15;-14;18;-15;20;-14;5;-4;0;0;0;0;0;0;0;0;0;0;0;0;0;0;0;0;0;0;-5;0;-18;0;-20;-1;-22;-3;-23;-5;-23;-7;-23;-8;-22;-9;-20;-9;-18;-9;-16;-7;-14;-5;-13;-2;-12;1;-11;5;-11;9;-11;13;-12;17;-12;21;-14;24;-15;28;-17;30;-19;31;-20;31;-21;30;-20;28;-19;26;-124;0;-27;-3;-26;-3;-25;-3;-24;-4;-25;-4;-25;-3;-26;-2;-26;-1;-25;1;-24;1;-23;1;-23;1;-23;0;-24;1;-25;1;-25;2;-25;3;-24;3;-23;3;-22;2;-22;1;-23;1;-23;1;-23;1;-23;1;-22;1;-21;0;-20;-2;-7;-1;-3;-1;0;-1;0;0;0;0;-2;-2;-5;-5;-12;-12;-12;-13;-12;-13;-12;-13;-12;-12;-12;-12;-11;-12;-11;-12;-11;-13;-11;-13;-12;-14;-13;-13;-14;-12;-14;-11;-13;-10;-13;-10;-13;-10;-14;-11;-16;-11;-18;-10;-19;-9;-20;-7;-20;-6;-20;-7;-21;-8;-22;-8;-24;-9;-25;-9;-124;0;5;52;5;52;4;51;4;50;5;48;5;46;6;44;8;43;9;42;10;42;10;41;9;40;9;39;8;39;8;38;8;37;9;37;8;36;8;36;7;36;5;35;4;33;4;32;3;31;3;30;1;30;0;30;-2;30;-1;11;-1;3;-1;-2;-1;-2;-1;-1;0;2;2;8;5;22;5;23;4;23;3;25;3;26;2;28;2;29;1;31;1;32;0;33;-1;34;-1;35;-1;35;-2;36;-2;38;-2;38;-3;39;-3;40;-2;40;-1;41;0;43;1;44;1;47;2;49;2;50;2;51;3;51;4;51,empty,EXP_S045,ZONE_01,entree_zone,4.7,entree_zone,entree dans la zone
868174036,-48,6,a0:9f:7a:73:2b:3e,384,-110;-96;8;0;-5;-16;-9;-11;-12;-6;-17;-2;-21;1;-25;3;-29;4;-31;4;-33;3;-34;2;-34;1;-33;-1;-31;-3;-27;-4;-23;-4;-18;-3;-13;-2;-9;1;-5;5;-3;9;-1;13;-1;17;-2;20;-4;23;-6;24;-2;6;0;0;0;0;0;0;0;0;0;0;0;0;0;0;0;0;0;0;3;-3;14;-11;16;-11;19;-10;21;-9;22;-8;23;-6;22;-5;21;-4;19;-3;17;-3;14;-4;11;-6;7;-8;4;-11;2;-14;-1;-18;-3;-22;-4;-25;-5;-29;-6;-32;-5;-35;-5;-37;-4;-37;-3;-37;-2;-35;-1;-33;-125;0;13;-4;13;-4;12;-4;12;-4;12;-4;12;-5;11;-5;11;-5;11;-5;11;-5;11;-5;11;-6;11;-6;11;-6;11;-6;11;-6;11;-6;11;-6;10;-5;10;-5;10;-5;10;-5;10;-5;10;-4;10;-4;10;-3;10;-3;10;-3;3;-1;1;-1;-1;0;-1;-1;-1;-1;0;0;3;0;8;1;8;1;8;2;8;2;7;2;7;2;7;2;7;2;7;2;8;2;8;2;8;2;8;2;8;1;8;1;8;1;8;1;8;0;9;0;9;0;9;-1;10;-1;10;-1;11;-2;11;-2;11;-2;12;-3;12;-3;-125;0;-13;-24;-13;-24;-13;-23;-13;-23;-12;-22;-12;-21;-12;-20;-12;-19;-12;-19;-12;-18;-12;-18;-12;-18;-12;-17;-12;-17;-12;-17;-11;-17;-11;-17;-10;-17;-10;-17;-9;-17;-9;-16;-8;-16;-7;-16;-7;-15;-6;-15;-5;-15;-4;-15;-4;-15;-2;-6;-1;-2;0;0;0;0;0;0;-1;-1;-4;-3;-9;-8;-9;-9;-9;-10;-9;-10;-9;-11;-9;-12;-9;-12;-9;-13;-9;-14;-9;-15;-9;-16;-9;-16;-9;-17;-9;-17;-9;-18;-9;-18;-9;-18;-9;-19;-9;-19;-10;-20;-10;-20;-11;-20;-12;-21;-12;-22;-12;-22;-13;-23;-13;-23;-13;-24,empty,EXP_S045,ZONE_01,entree_zone,4.7,entree_zone,entree dans la zone
868372819,-49,6,a0:9f:7a:73:2b:3e,384,-110;-96;8;0;-11;13;-5;12;2;13;7;14;12;15;16;18;19;20;20;22;21;24;20;26;18;26;16;26;14;25;11;23;9;20;7;16;5;11;5;6;7;1;8;-4;11;-7;14;-9;17;-10;21;-10;23;-9;5;-2;0;0;0;0;0;0;0;0;0;0;0;0;0;0;0;0;0;0;-5;-2;-17;-5;-18;-7;-20;-10;-20;-12;-20;-14;-19;-15;-18;-16;-16;-15;-14;-14;-13;-12;-12;-9;-11;-6;-11;-2;-12;1;-13;6;-15;10;-16;13;-19;16;-21;19;-23;21;-26;23;-27;23;-29;23;-29;22;-28;20;-26;19;-128;0;-23;-16;-22;-16;-21;-15;-21;-15;-21;-15;-21;-15;-22;-14;-23;-13;-23;-12;-22;-11;-22;-10;-22;-10;-22;-11;-22;-11;-23;-11;-23;-11;-23;-10;-22;-10;-21;-10;-20;-11;-20;-11;-20;-12;-20;-12;-20;-11;-20;-11;-19;-12;-18;-12;-17;-13;-6;-5;-2;-2;0;0;0;0;0;0;-1;-2;-3;-6;-8;-15;-8;-15;-7;-16;-7;-16;-7;-16;-7;-16;-6;-15;-6;-16;-5;-16;-5;-17;-6;-17;-7;-17;-8;-16;-8;-16;-8;-15;-8;-15;-8;-15;-9;-16;-11;-16;-12;-16;-14;-16;-15;-15;-15;-15;-15;-15;-16;-16;-17;-17;-19;-18;-21;-19;-128;0;-20;48;-20;48;-19;47;-19;46;-18;44;-17;43;-16;42;-14;41;-13;40;-12;40;-12;39;-12;39;-12;38;-12;38;-12;37;-12;36;-12;36;-12;35;-13;35;-13;34;-14;32;-14;31;-14;29;-14;28;-15;27;-16;26;-17;25;-18;24;-7;8;-3;2;0;-1;0;-2;0;-1;-1;2;-1;8;-3;22;-4;23;-5;24;-6;24;-7;25;-8;26;-9;28;-10;29;-11;30;-12;30;-13;31;-14;31;-15;32;-16;33;-17;33;-18;34;-18;35;-18;35;-18;36;-18;37;-18;39;-18;41;-18;43;-19;44;-19;45;-20;46;-20;47;-20;48,empty,EXP_S045,ZONE_01,entree_zone,4.7,entree_zone,entree dans la zone
868572231,-48,6,a0:9f:7a:73:2b:3e,384,-110;-96;8;0;10;10;11;5;12;-1;14;-6;16;-10;18;-13;21;-15;23;-16;25;-16;26;-16;26;-14;26;-12;25;-10;22;-7;19;-6;15;-4;11;-4;6;-5;2;-7;-1;-9;-4;-12;-5;-15;-6;-18;-5;-21;-4;-23;-1;-6;0;0;0;0;0;0;0;0;0;0;0;0;0;0;0;0;0;0;-2;3;-5;15;-7;16;-10;16;-12;17;-13;16;-14;16;-15;14;-15;13;-14;12;-12;10;-9;10;-6;9;-3;9;1;10;4;11;7;13;10;15;13;17;16;19;17;22;18;24;19;26;18;27;18;27;16;26;15;25;-120;0;-15;19;-15;18;-15;18;-15;17;-15;17;-15;17;-14;18;-13;18;-12;18;-11;18;-11;17;-11;17;-11;17;-12;18;-12;18;-11;19;-11;18;-11;18;-11;17;-12;17;-12;16;-13;16;-13;16;-13;16;-13;15;-13;14;-13;13;-14;12;-5;4;-2;1;0;-1;0;-1;0;-1;-2;0;-5;2;-14;7;-14;7;-14;6;-14;6;-14;6;-14;5;-14;5;-14;5;-14;4;-14;5;-15;5;-15;6;-14;6;-14;6;-13;6;-13;6;-13;7;-14;7;-14;8;-14;10;-14;11;-14;12;-14;12;-14;13;-15;13;-16;14;-17;15;-17;16;-120;0;43;19;42;19;42;19;41;18;40;18;38;17;38;16;37;15;36;14;36;14;35;13;34;13;34;13;33;13;32;13;32;13;31;13;31;14;30;15;29;15;27;15;26;15;25;15;24;15;23;16;21;17;20;18;19;19;6;7;1;2;-1;-1;-2;0;-1;-1;2;-1;7;-1;21;0;21;1;21;2;22;3;23;4;24;5;26;6;26;7;27;8;28;9;29;10;29;11;30;12;30;13;31;14;31;14;32;15;32;16;33;16;34;16;35;16;37;16;38;17;39;17;41;18;42;18;42;19;43;19,empty,EXP_S045,ZONE_01,entree_zone,4.7,entree_zone,entree dans la zone
868773137,-49,6,a0:9f:7a:73:2b:3e,384,-110;-96;8;0;-6;-16;-9;-11;-12;-6;-16;-1;-20;2;-25;4;-28;5;-31;5;-33;4;-34;3;-34;2;-33;0;-30;-2;-27;-4;-23;-4;-18;-3;-13;-2;-9;1;-5;5;-2;9;-1;13;-1;17;-1;20;-3;22;-5;24;-2;6;0;0;0;0;0;0;0;0;0;0;0;0;0;0;0;0;0;0;3;-3;13;-11;15;-11;18;-11;20;-10;21;-9;22;-7;22;-6;21;-5;19;-4;16;-4;13;-5;10;-6;7;-8;4;-11;1;-14;-1;-18;-3;-21;-5;-25;-6;-28;-7;-31;-7;-34;-6;-36;-5;-37;-4;-36;-3;-35;-3;-33;-118;0;13;-2;13;-2;12;-2;12;-3;12;-3;12;-3;12;-3;12;-3;11;-4;11;-4;11;-4;11;-4;11;-4;11;-4;11;-4;11;-4;11;-4;11;-4;11;-4;11;-4;11;-3;11;-3;11;-3;11;-3;10;-3;10;-2;10;-2;10;-1;3;-1;1;0;-1;0;-1;-1;-1;-1;0;0;2;0;8;2;8;2;7;2;7;3;7;3;7;3;7;3;7;3;7;3;7;3;7;3;7;3;7;3;7;2;7;2;8;2;8;2;8;1;8;1;9;1;9;0;10;0;10;0;11;0;11;-1;12;-1;12;-1;12;-1;-118;0;-10;-25;-10;-25;-10;-24;-10;-24;-10;-23;-10;-22;-10;-21;-10;-21;-10;-20;-10;-19;-10;-19;-10;-19;-10;-18;-9;-18;-9;-18;-9;-18;-9;-18;-8;-18;-8;-18;-7;-17;-7;-17;-6;-17;-5;-16;-5;-16;-4;-16;-3;-16;-2;-15;-2;-15;-1;-6;0;-2;0;0;0;0;0;0;-1;-1;-3;-4;-8;-9;-8;-10;-8;-10;-8;-11;-8;-12;-8;-12;-8;-13;-8;-14;-8;-15;-8;-15;-8;-16;-7;-17;-7;-17;-7;-18;-7;-18;-7;-19;-7;-19;-7;-19;-7;-20;-8;-20;-8;-21;-9;-21;-9;-22;-10;-23;-10;-23;-10;-24;-10;-24;-11;-25,empty,EXP_S045,ZONE_01,entree_zone,4.7,entree_zone,entree dans la zone
868972271,-48,6,a0:9f:7a:73:2b:3e,384,-110;-96;8;0;-17;-4;-13;1;-11;7;-9;13;-9;18;-9;22;-10;26;-12;28;-13;30;-14;30;-15;30;-16;28;-17;25;-16;21;-14;17;-11;13;-8;10;-3;7;2;6;6;6;11;6;15;8;17;10;19;13;19;15;4;4;0;0;0;0;0;0;0;0;0;0;0;0;0;0;0;0;0;0;-1;-5;-3;-18;-2;-20;0;-22;2;-23;4;-23;6;-23;7;-22;7;-20;7;-18;5;-16;3;-14;0;-12;-3;-11;-7;-9;-11;-9;-15;-9;-20;-9;-24;-9;-27;-11;-30;-12;-33;-14;-34;-15;-34;-16;-33;-16;-31;-15;-29;-15;-125;0;4;-14;4;-13;4;-13;4;-13;4;-13;4;-13;4;-13;3;-13;3;-13;3;-13;2;-12;2;-12;2;-12;3;-12;3;-13;3;-13;3;-12;3;-12;3;-12;3;-12;4;-11;4;-11;4;-11;4;-11;4;-11;5;-10;5;-10;5;-10;2;-4;0;-1;-1;0;-1;0;-1;0;0;-1;1;-3;4;-7;5;-7;5;-7;5;-7;5;-7;5;-6;5;-6;6;-6;6;-6;6;-6;6;-6;6;-7;6;-7;5;-7;5;-7;5;-7;5;-7;5;-8;5;-8;5;-9;5;-9;5;-10;5;-10;5;-10;5;-11;5;-12;5;-12;5;-13;-125;0;-26;-4;-26;-4;-26;-4;-25;-4;-24;-4;-24;-4;-23;-3;-22;-3;-22;-3;-21;-2;-21;-2;-21;-2;-21;-2;-20;-3;-20;-3;-20;-3;-19;-4;-19;-4;-19;-5;-18;-5;-17;-5;-17;-6;-16;-6;-15;-6;-15;-6;-14;-7;-14;-8;-13;-8;-5;-3;-2;-1;0;0;0;-1;0;-1;-2;0;-4;1;-11;4;-12;4;-12;3;-13;2;-13;2;-14;2;-15;1;-16;1;-16;1;-17;0;-18;0;-18;-1;-18;-1;-19;-1;-19;-2;-20;-2;-20;-2;-20;-3;-21;-3;-21;-3;-22;-3;-23;-3;-24;-3;-24;-3;-25;-3;-26;-3;-26;-3;-26;-3,empty,EXP_S045,ZONE_01,entree_zone,4.7,entree_zone,entree dans la zone
869172284,-48,6,a0:9f:7a:73:2b:3e,384,-110;-96;8;0;7;14;9;8;12;3;16;-2;19;-6;23;-9;27;-10;29;-11;31;-11;32;-10;32;-8;31;-6;29;-4;26;-2;22;-1;17;-1;12;-2;7;-4;3;-7;0;-10;-3;-14;-3;-18;-3;-21;-2;-24;0;-26;0;-7;0;0;0;0;0;0;0;0;0;0;0;0;0;0;0;0;0;0;-3;3;-13;12;-15;13;-18;12;-20;12;-21;11;-22;9;-22;8;-21;7;-19;6;-16;6;-13;6;-10;7;-7;8;-3;11;0;14;3;17;5;20;7;23;9;27;10;30;10;32;10;34;10;35;9;35;8;33;7;31;-117;0;-13;4;-13;4;-13;4;-12;4;-12;4;-13;4;-12;5;-12;5;-12;6;-11;6;-11;6;-11;6;-11;6;-11;6;-11;6;-11;6;-11;6;-11;6;-10;6;-10;5;-11;5;-11;5;-11;5;-11;5;-10;5;-10;4;-11;4;-11;3;-4;1;-2;0;0;-1;0;0;0;0;-1;-1;-4;-1;-9;-2;-9;-2;-9;-2;-9;-2;-9;-2;-9;-2;-8;-3;-8;-3;-8;-3;-9;-3;-9;-3;-9;-3;-9;-2;-9;-2;-9;-2;-9;-2;-9;-1;-9;-1;-10;-1;-10;0;-11;1;-11;1;-11;2;-11;2;-11;2;-12;2;-13;2;-13;3;-117;0;15;21;15;21;14;20;14;20;14;19;13;18;13;17;13;17;13;16;13;16;13;15;13;15;13;15;12;15;12;15;12;14;12;14;12;14;11;14;11;14;10;14;9;14;8;14;8;13;7;13;6;13;6;14;5;14;1;5;0;1;-1;-1;-1;-1;-1;-1;1;0;3;2;8;7;8;7;8;8;8;9;8;9;9;10;9;11;9;12;9;12;9;13;9;14;9;14;9;15;9;15;9;16;9;16;9;17;10;17;10;17;11;18;11;18;12;18;13;19;13;20;13;20;14;21;14;21;15;21,empty,EXP_S045,ZONE_01,entree_zone,4.7,entree_zone,entree dans la zone
869372445,-48,6,a0:9f:7a:73:2b:3e,384,-110;-96;8;0;10;-3;7;-6;3;-8;1;-11;-1;-14;-2;-17;-2;-19;-3;-21;-2;-22;-2;-23;-1;-23;0;-22;1;-20;2;-18;2;-15;2;-12;1;-9;-1;-6;-4;-4;-7;-2;-10;-1;-12;-1;-14;-1;-16;-2;-17;-4;-5;-1;0;0;0;0;0;0;0;0;0;0;0;0;0;0;0;0;0;0;1;2;5;10;5;11;4;13;3;14;2;15;1;15;0;15;0;14;0;12;0;11;1;9;2;7;4;5;6;3;9;2;11;0;13;0;16;-1;19;-2;21;-2;23;-1;24;-1;24;-1;23;0;22;0;21;0;-127;0;4;17;4;16;4;16;4;16;5;16;5;15;6;15;6;15;7;14;7;14;7;14;7;14;7;14;7;14;7;14;8;14;8;14;8;13;7;13;7;13;7;13;6;13;6;13;6;13;6;13;5;13;5;13;4;13;1;4;0;1;-1;-1;0;-1;0;-1;-1;1;-2;3;-4;10;-4;10;-4;10;-5;10;-5;10;-5;10;-5;10;-5;10;-5;10;-5;10;-5;10;-5;10;-4;11;-4;11;-4;10;-4;11;-3;11;-3;11;-2;12;-2;13;-1;13;0;13;0;14;1;14;1;15;1;15;2;16;2;17;-127;0;30;-18;29;-19;29;-18;28;-18;27;-18;26;-17;25;-17;24;-18;23;-18;22;-18;21;-17;21;-17;20;-17;20;-17;20;-17;20;-17;19;-16;19;-16;19;-15;19;-14;19;-13;19;-13;18;-12;18;-11;18;-10;18;-9;18;-8;18;-7;6;-3;2;-1;-1;0;-1;0;-1;0;1;-2;4;-4;11;-11;12;-11;12;-10;13;-10;14;-10;15;-11;16;-11;17;-11;18;-11;19;-11;20;-11;21;-11;21;-11;22;-10;23;-11;23;-11;24;-11;24;-11;24;-12;25;-12;25;-13;26;-14;27;-15;28;-16;28;-16;29;-17;29;-17;30;-18,empty,EXP_S045,ZONE_01,entree_zone,4.7,entree_zone,entree dans la zone
869572348,-48,6,a0:9f:7a:73:2b:3e,384,-110;-96;8;0;11;-2;8;-5;5;-9;2;-12;0;-16;-1;-19;-1;-22;-1;-24;0;-25;0;-25;2;-25;3;-24;4;-22;4;-19;4;-16;3;-13;1;-9;-1;-7;-4;-4;-7;-3;-10;-2;-13;-2;-16;-3;-17;-5;-18;-6;-5;-2;0;0;0;0;0;0;0;0;0;0;0;0;0;0;0;0;0;0;1;2;6;11;5;12;4;14;3;16;2;17;1;17;0;17;0;16;-1;14;0;12;1;10;2;8;4;6;7;4;9;2;12;1;15;0;18;-1;21;-1;23;-1;25;0;26;0;27;1;26;1;25;2;23;2;-121;0;-2;19;-2;19;-2;19;-2;19;-1;19;-1;18;0;18;0;18;1;18;1;17;1;17;1;17;1;17;1;17;1;18;2;18;2;18;1;17;1;17;1;17;0;16;0;16;0;16;0;16;0;16;-1;16;-2;15;-3;15;-1;5;-1;1;-1;-1;0;-1;0;-1;-1;1;-3;3;-6;10;-7;10;-7;10;-8;10;-8;10;-8;10;-8;9;-8;10;-8;10;-8;10;-8;10;-8;10;-8;10;-8;11;-7;11;-7;11;-7;11;-7;12;-6;12;-6;13;-5;14;-5;14;-5;15;-4;15;-4;16;-4;17;-4;18;-4;19;-121;0;37;-8;37;-8;37;-8;36;-8;35;-8;34;-8;32;-8;31;-8;30;-8;29;-8;29;-8;28;-8;28;-9;28;-9;27;-9;27;-8;27;-8;27;-7;26;-7;26;-6;25;-5;25;-4;24;-4;23;-3;22;-2;22;-1;22;0;22;1;7;0;2;0;-1;-1;-1;0;-1;0;1;-1;5;-3;15;-9;15;-8;16;-8;17;-7;18;-7;19;-7;20;-7;21;-7;22;-7;23;-6;24;-6;25;-5;25;-5;26;-5;27;-4;28;-4;28;-4;29;-4;29;-4;30;-5;31;-5;32;-6;33;-7;35;-7;36;-7;37;-8;38;-8;38;-8,empty,EXP_S045,ZONE_01,entree_zone,4.7,entree_zone,entree dans la zone
869772393,-48,6,a0:9f:7a:73:2b:3e,384,-110;-96;8;0;-12;12;-6;12;1;13;6;14;11;16;15;19;18;21;19;24;19;26;19;27;17;28;15;27;12;26;10;24;8;20;6;16;5;11;5;6;7;1;9;-4;12;-7;15;-9;18;-10;21;-9;23;-8;6;-2;0;0;0;0;0;0;0;0;0;0;0;0;0;0;0;0;0;0;-4;-2;-16;-8;-17;-10;-18;-12;-18;-15;-18;-16;-17;-18;-16;-18;-14;-17;-13;-16;-12;-14;-11;-11;-11;-8;-11;-4;-12;0;-13;4;-15;8;-18;11;-20;15;-23;18;-25;20;-28;21;-30;21;-31;21;-31;20;-30;18;-28;16;125;0;-24;-14;-23;-14;-22;-14;-22;-14;-22;-14;-22;-14;-23;-14;-24;-12;-24;-11;-23;-9;-22;-9;-22;-9;-22;-10;-23;-10;-24;-10;-25;-9;-24;-9;-24;-8;-22;-9;-22;-9;-21;-10;-22;-11;-22;-11;-22;-10;-21;-10;-20;-11;-19;-11;-18;-12;-6;-5;-2;-2;0;0;0;0;0;0;-2;-2;-3;-6;-8;-15;-8;-16;-8;-16;-8;-16;-8;-16;-8;-15;-7;-15;-7;-15;-6;-16;-7;-16;-8;-17;-9;-17;-10;-16;-10;-15;-10;-14;-9;-14;-9;-15;-10;-16;-11;-16;-13;-16;-15;-15;-16;-15;-16;-14;-17;-15;-18;-16;-19;-17;-20;-17;-21;-18;125;0;-17;49;-17;49;-17;48;-17;47;-16;46;-15;44;-13;43;-12;42;-10;42;-9;42;-9;41;-9;40;-9;39;-10;38;-10;38;-9;37;-9;37;-10;36;-11;36;-11;35;-12;33;-12;32;-12;30;-12;29;-13;28;-14;27;-15;27;-17;26;-7;9;-3;2;0;-1;0;-2;0;-1;0;2;-1;8;-2;23;-3;23;-4;24;-5;24;-6;25;-7;27;-8;28;-9;29;-10;30;-11;31;-12;32;-13;33;-13;33;-14;34;-15;35;-16;35;-16;36;-17;36;-17;37;-16;38;-16;40;-16;42;-16;44;-17;46;-17;47;-17;48;-17;48;-16;48,empty,EXP_S045,ZONE_01,entree_zone,4.7,entree_zone,entree dans la zone
869972330,-48,6,a0:9f:7a:73:2b:3e,384,-110;-96;8;0;6;-9;2;-9;-2;-9;-6;-10;-9;-11;-12;-12;-14;-14;-15;-16;-16;-17;-15;-18;-14;-18;-13;-18;-11;-17;-9;-16;-7;-14;-6;-11;-5;-8;-5;-4;-5;-1;-6;2;-8;5;-10;6;-12;7;-14;7;-16;7;-4;1;0;0;0;0;0;0;0;0;0;0;0;0;0;0;0;0;0;0;2;0;10;4;11;5;12;7;12;8;12;9;11;10;10;10;9;10;8;9;8;8;7;6;6;4;7;1;7;-1;8;-4;9;-7;10;-9;12;-12;13;-14;15;-15;16;-16;18;-17;18;-16;18;-16;18;-14;17;-13;-124;0;12;12;12;12;12;12;12;12;12;12;12;11;13;11;13;10;13;9;13;9;13;9;12;9;12;9;13;9;13;9;13;9;13;9;13;8;12;9;12;9;11;9;11;9;11;9;11;9;11;9;10;9;10;9;9;10;3;3;0;1;-1;-1;-1;-1;-1;-1;0;1;1;3;3;10;3;10;2;10;2;11;2;10;2;10;2;10;1;10;1;10;1;10;2;11;2;11;2;11;3;11;3;10;3;10;3;10;4;11;4;11;6;11;7;11;7;11;8;11;8;11;9;11;9;12;10;13;11;13;-124;0;17;-31;17;-30;17;-30;17;-29;16;-28;15;-27;14;-27;13;-26;12;-26;12;-25;11;-25;11;-25;11;-24;10;-24;10;-24;10;-24;10;-24;11;-23;11;-23;12;-22;12;-21;12;-20;12;-19;12;-18;12;-17;13;-16;13;-15;14;-15;5;-5;1;-2;-1;0;-1;0;-1;0;0;-2;1;-6;3;-15;4;-16;5;-16;6;-16;7;-17;7;-17;8;-18;9;-19;10;-19;10;-20;11;-20;12;-20;13;-20;14;-21;14;-21;15;-21;15;-22;15;-22;15;-23;16;-24;16;-25;16;-26;16;-27;16;-28;17;-29;17;-29;18;-30;18;-30,empty,EXP_S045,ZONE_01,entree_zone,4.7,entree_zone,entree dans la zone
870172227,-49,6,a0:9f:7a:73:2b:3e,384,-110;-96;8;0;14;5;12;-1;10;-7;10;-13;10;-18;11;-22;13;-26;14;-28;15;-29;16;-30;18;-29;18;-27;18;-23;17;-20;15;-16;12;-13;7;-10;3;-8;-2;-7;-7;-7;-12;-8;-15;-10;-18;-12;-19;-16;-19;-18;-5;-5;0;0;0;0;0;0;0;0;0;0;0;0;0;0;0;0;0;0;-1;4;-2;17;-4;18;-7;20;-9;21;-11;21;-12;20;-13;19;-13;17;-12;15;-10;14;-7;12;-4;11;0;10;4;9;9;9;13;10;17;11;20;12;24;14;27;16;29;18;30;20;30;20;29;20;28;20;26;19;121;0;-13;24;-13;24;-13;23;-13;23;-13;23;-13;23;-12;23;-11;23;-10;23;-9;23;-8;23;-8;22;-9;22;-9;23;-9;23;-9;23;-9;23;-9;23;-10;22;-10;21;-11;21;-11;21;-11;21;-11;20;-11;20;-12;19;-13;18;-14;17;-5;6;-2;1;0;-1;0;-1;0;-1;-2;1;-5;4;-13;12;-13;12;-14;11;-14;11;-14;10;-14;10;-14;10;-14;9;-15;9;-15;10;-15;10;-15;11;-15;11;-14;11;-14;11;-14;11;-14;12;-14;12;-14;13;-14;14;-14;16;-14;17;-14;17;-14;18;-14;19;-14;20;-15;21;-15;22;121;0;50;10;50;10;49;10;48;10;46;10;45;9;44;9;42;8;41;7;40;7;40;6;39;6;39;6;38;6;38;7;37;7;36;7;36;8;35;9;34;10;33;10;31;11;30;11;29;11;28;12;26;14;25;15;24;16;8;6;2;2;-1;-1;-2;0;-1;0;2;-1;7;-3;22;-6;22;-5;23;-4;24;-3;26;-2;27;-1;28;-1;30;0;31;2;32;3;33;4;34;4;34;5;35;6;36;7;37;7;38;8;38;8;39;9;40;9;41;9;43;9;45;9;46;9;47;9;48;9;50;10;50;10,empty,EXP_S045,ZONE_01,entree_zone,4.7,entree_zone,entree dans la zone
870372548,-48,6,a0:9f:7a:73:2b:3e,384,-110;-96;8;0;2;9;4;6;7;3;9;1;12;-1;14;-2;16;-3;18;-3;19;-2;19;-1;19;0;18;1;17;1;15;2;12;2;10;2;7;0;5;-2;2;-4;1;-6;1;-9;1;-11;1;-13;3;-14;4;-15;1;-4;0;0;0;0;0;0;0;0;0;0;0;0;0;0;0;0;0;0;-2;1;-9;6;-10;6;-12;5;-13;5;-14;4;-14;3;-14;2;-13;2;-12;1;-10;1;-9;2;-7;3;-5;4;-3;6;-2;8;-1;10;0;12;1;14;2;16;2;18;2;20;2;21;1;21;0;21;0;20;0;19;-127;0;-16;2;-16;3;-15;3;-15;3;-15;3;-15;3;-15;4;-14;4;-14;5;-13;5;-13;5;-13;5;-13;5;-13;6;-13;6;-13;6;-13;6;-13;6;-13;6;-13;5;-13;5;-13;5;-13;5;-13;5;-12;5;-12;4;-12;4;-12;3;-5;1;-2;0;0;-1;0;0;0;0;-2;-1;-4;-2;-10;-4;-10;-5;-10;-5;-9;-5;-9;-5;-9;-5;-9;-5;-9;-5;-9;-5;-9;-5;-10;-5;-10;-5;-10;-4;-10;-4;-10;-4;-10;-4;-10;-4;-11;-3;-11;-3;-12;-2;-13;-2;-13;-1;-13;0;-13;0;-14;0;-15;0;-15;0;-16;1;-127;0;14;27;14;27;14;27;14;26;14;25;13;24;13;23;13;22;14;21;14;21;14;20;14;19;14;19;13;19;13;18;13;18;13;18;13;18;12;18;11;18;11;17;10;17;10;16;9;16;9;16;8;16;7;17;6;17;2;6;0;1;-1;-1;-1;-1;-1;-1;1;1;3;3;8;11;8;11;7;12;7;13;7;14;7;14;7;15;7;16;7;17;7;18;7;18;7;19;7;19;7;20;7;21;7;21;8;22;8;22;8;23;9;23;10;24;10;24;11;25;12;26;12;26;13;27;13;27;14;27,empty,EXP_S045,ZONE_01,entree_zone,4.7,entree_zone,entree dans la zone
870572348,-49,6,a0:9f:7a:73:2b:3e,384,-110;-96;8;0;-9;14;-2;12;4;12;10;12;15;13;19;15;22;17;24;19;25;20;24;21;23;22;21;23;18;22;15;20;12;18;9;14;7;9;6;4;7;-1;8;-6;10;-10;12;-12;15;-14;19;-14;21;-13;5;-4;0;0;0;0;0;0;0;0;0;0;0;0;0;0;0;0;0;0;-5;-1;-18;-3;-19;-5;-21;-7;-21;-10;-21;-11;-21;-13;-20;-13;-18;-13;-16;-12;-14;-10;-13;-7;-12;-4;-11;0;-11;4;-12;8;-13;12;-14;16;-16;19;-18;22;-20;25;-22;27;-23;27;-24;27;-25;26;-24;25;-22;23;-121;0;-19;-20;-19;-19;-19;-19;-19;-18;-19;-18;-19;-18;-19;-17;-20;-16;-20;-15;-20;-14;-20;-14;-20;-14;-21;-14;-21;-14;-21;-14;-21;-14;-21;-14;-20;-14;-20;-15;-19;-15;-19;-15;-18;-15;-18;-15;-18;-15;-17;-15;-16;-16;-15;-16;-15;-17;-5;-6;-2;-2;0;0;0;0;0;0;-1;-2;-3;-6;-8;-16;-7;-16;-6;-16;-5;-16;-5;-17;-5;-17;-5;-17;-5;-17;-5;-17;-5;-17;-5;-17;-5;-17;-6;-17;-6;-17;-7;-17;-7;-17;-8;-17;-8;-17;-9;-17;-10;-17;-11;-17;-12;-17;-13;-18;-14;-18;-15;-18;-16;-19;-17;-19;-17;-19;-121;0;-26;45;-25;45;-25;44;-24;42;-23;41;-22;41;-21;40;-20;39;-19;38;-18;38;-17;37;-17;37;-17;36;-17;36;-17;36;-17;35;-17;34;-18;33;-18;32;-18;31;-18;29;-18;28;-19;27;-19;26;-19;25;-20;23;-21;22;-22;21;-8;7;-3;2;0;-1;0;-2;0;-1;-1;2;-1;8;-4;22;-5;23;-6;23;-7;24;-9;25;-10;26;-11;27;-12;28;-13;29;-14;29;-16;30;-17;30;-18;31;-19;31;-20;32;-20;32;-21;33;-21;33;-21;34;-22;35;-22;37;-23;38;-23;40;-24;41;-24;42;-24;44;-25;45;-25;46,empty,EXP_S045,ZONE_01,entree_zone,4.7,entree_zone,entree dans la zone
870772028,-49,6,a0:9f:7a:73:2b:3e,384,-110;-96;8;0;11;10;12;4;13;-2;14;-8;16;-12;19;-16;22;-19;24;-20;26;-20;27;-20;27;-18;27;-16;26;-13;23;-11;20;-8;16;-7;11;-6;5;-6;1;-8;-3;-10;-7;-13;-9;-16;-9;-19;-9;-22;-8;-25;-2;-7;0;0;0;0;0;0;0;0;0;0;0;0;0;0;0;0;0;0;-2;4;-6;16;-8;17;-11;18;-14;18;-15;18;-16;17;-17;15;-17;14;-15;12;-13;11;-10;10;-6;10;-3;10;2;11;5;12;9;14;12;16;15;19;18;21;20;24;21;26;21;28;21;29;20;29;18;28;17;26;126;0;-14;23;-14;22;-14;21;-14;21;-14;21;-14;21;-14;22;-12;22;-11;22;-10;21;-10;21;-10;20;-11;20;-11;21;-11;22;-11;23;-10;22;-10;22;-10;20;-11;20;-12;19;-12;19;-12;20;-12;20;-12;19;-12;18;-13;16;-13;15;-5;5;-2;1;0;-1;0;-1;0;-1;-2;1;-5;3;-14;10;-14;10;-15;9;-15;9;-15;9;-14;9;-14;8;-14;7;-15;7;-16;7;-16;8;-16;9;-15;10;-14;10;-14;9;-13;9;-14;9;-15;10;-15;11;-15;13;-15;15;-14;15;-13;16;-14;16;-15;16;-16;17;-17;19;-18;20;126;0;49;14;49;14;49;14;47;14;46;13;44;13;43;12;42;11;41;10;41;9;40;8;40;8;38;8;37;9;37;9;36;9;36;9;36;10;35;11;34;12;32;13;31;13;29;13;28;13;27;13;26;15;25;17;23;18;8;6;2;2;-1;-1;-2;0;-1;-1;2;-1;8;-2;22;-4;23;-3;23;-2;24;-1;25;0;27;1;29;2;30;3;31;5;32;6;33;6;33;7;34;7;35;8;35;9;36;10;37;11;37;12;38;12;39;12;40;12;42;11;44;12;46;12;47;13;48;13;48;13;49;13,empty,EXP_S045,ZONE_01,entree_zone,4.7,entree_zone,entree dans la zone
870972365,-48,6,a0:9f:7a:73:2b:3e,384,-110;-96;8;0;-9;14;-3;13;4;12;10;13;14;14;19;16;21;18;23;20;24;21;24;23;22;23;20;24;17;23;14;22;11;18;8;14;7;10;6;4;7;-1;8;-5;11;-9;14;-11;17;-13;20;-12;22;-12;5;-3;0;0;0;0;0;0;0;0;0;0;0;0;0;0;0;0;0;0;-5;-1;-18;-2;-20;-4;-21;-6;-22;-9;-22;-11;-21;-12;-20;-13;-18;-13;-16;-12;-15;-10;-13;-7;-12;-4;-11;0;-11;4;-12;8;-13;12;-14;16;-16;20;-18;23;-20;25;-23;26;-24;27;-25;27;-25;26;-24;25;-23;23;-124;0;-19;-20;-19;-20;-19;-19;-19;-19;-19;-18;-19;-17;-19;-16;-20;-16;-20;-15;-20;-15;-20;-15;-20;-14;-20;-14;-20;-14;-20;-14;-20;-14;-20;-14;-20;-15;-20;-15;-19;-15;-19;-15;-19;-14;-18;-14;-18;-15;-17;-15;-16;-16;-15;-16;-15;-17;-5;-7;-2;-2;0;0;0;0;0;0;-1;-2;-3;-6;-7;-17;-7;-17;-6;-17;-5;-17;-4;-17;-4;-17;-4;-17;-4;-17;-5;-17;-5;-17;-5;-17;-5;-17;-6;-17;-6;-17;-6;-17;-7;-17;-7;-17;-8;-17;-9;-17;-9;-17;-10;-17;-11;-18;-12;-18;-14;-19;-15;-19;-16;-19;-17;-20;-17;-20;-124;0;-27;45;-26;45;-25;44;-24;43;-23;42;-22;41;-22;40;-20;40;-20;39;-19;38;-18;38;-17;37;-17;37;-17;36;-17;36;-17;35;-18;34;-18;33;-18;32;-18;31;-18;30;-19;29;-19;27;-19;26;-19;25;-20;23;-21;22;-22;21;-8;7;-3;2;0;-1;0;-2;0;-1;-1;2;-2;8;-4;22;-5;23;-7;23;-8;24;-9;25;-10;26;-11;27;-12;28;-14;29;-15;30;-17;30;-18;31;-19;31;-19;31;-20;32;-21;32;-21;33;-22;34;-22;35;-22;36;-23;37;-23;38;-24;40;-24;41;-25;43;-25;44;-25;45;-25;46,empty,EXP_S045,ZONE_01,entree_zone,4.7,entree_zone,entree dans la zone
871172954,-49,6,a0:9f:7a:73:2b:3e,384,-110;-96;8;0;-13;10;-7;11;0;12;5;15;9;17;13;20;15;23;16;25;16;27;16;28;14;29;12;28;10;27;7;24;6;20;4;16;4;11;4;6;6;1;9;-3;12;-6;15;-8;18;-9;21;-8;24;-7;6;-2;0;0;0;0;0;0;0;0;0;0;0;0;0;0;0;0;0;0;-4;-3;-15;-10;-15;-12;-16;-15;-15;-17;-15;-19;-13;-20;-12;-20;-11;-19;-10;-17;-9;-15;-8;-12;-9;-9;-10;-5;-12;-1;-14;3;-16;6;-19;9;-22;12;-25;14;-28;15;-30;16;-32;16;-33;16;-33;15;-31;13;-29;12;-120;0;-8;-11;-9;-11;-9;-11;-10;-10;-10;-10;-9;-9;-9;-9;-9;-9;-9;-9;-10;-8;-10;-8;-10;-8;-10;-7;-10;-7;-10;-7;-10;-7;-10;-8;-10;-8;-10;-8;-10;-8;-10;-7;-10;-7;-9;-7;-9;-7;-9;-8;-8;-8;-8;-8;-8;-9;-3;-4;-1;-1;0;0;0;0;0;0;-1;-1;-1;-4;-2;-9;-2;-9;-2;-8;-1;-8;-1;-9;-1;-9;-1;-9;-1;-9;-1;-9;-1;-9;-1;-9;-1;-9;-1;-9;-2;-9;-2;-9;-3;-9;-3;-9;-3;-9;-4;-9;-4;-9;-4;-9;-4;-10;-5;-10;-6;-11;-7;-11;-8;-11;-8;-11;-8;-11;-120;0;-15;20;-15;20;-15;20;-14;19;-13;19;-13;19;-12;19;-12;18;-11;18;-10;18;-10;17;-9;17;-9;17;-9;17;-9;17;-9;17;-10;16;-10;16;-10;15;-10;15;-9;14;-9;14;-9;13;-9;13;-10;12;-10;11;-11;11;-11;10;-4;3;-2;1;0;-1;0;-1;0;-1;-1;1;-2;3;-4;10;-5;10;-6;10;-7;11;-7;11;-8;11;-8;11;-9;12;-9;12;-10;13;-11;13;-11;13;-12;13;-12;13;-12;13;-13;14;-13;14;-13;14;-13;15;-14;16;-14;16;-14;17;-14;18;-14;18;-14;19;-14;20;-14;21;-15;21,empty,EXP_S045,ZONE_01,entree_zone,4.7,entree_zone,entree dans la zone
871372475,-49,6,a0:9f:7a:73:2b:3e,384,-110;-96;8;0;-11;-13;-12;-6;-14;-1;-16;5;-18;10;-21;13;-24;15;-27;16;-29;16;-30;15;-30;14;-30;12;-28;10;-25;8;-22;6;-17;4;-12;4;-7;4;-2;6;2;9;5;12;7;15;7;19;7;22;6;24;1;6;0;0;0;0;0;0;0;0;0;0;0;0;0;0;0;0;0;0;2;-4;9;-15;11;-16;14;-16;16;-16;18;-15;19;-14;19;-12;18;-11;16;-10;14;-9;11;-9;8;-9;4;-10;0;-12;-4;-14;-7;-16;-10;-19;-13;-22;-15;-25;-17;-28;-18;-30;-18;-32;-17;-33;-16;-33;-14;-32;-13;-30;-128;0;8;-11;8;-10;8;-10;8;-10;8;-9;8;-10;8;-11;7;-11;7;-11;6;-11;6;-11;6;-10;6;-11;6;-11;6;-11;6;-11;6;-11;6;-11;6;-10;6;-10;6;-9;6;-9;7;-10;6;-10;6;-10;6;-9;7;-9;7;-8;2;-3;0;-1;-1;0;-1;0;-1;0;0;-1;2;-2;7;-3;7;-3;8;-3;8;-3;8;-3;8;-3;7;-3;7;-2;8;-2;8;-2;8;-2;8;-3;8;-3;8;-4;7;-4;7;-4;7;-4;8;-4;8;-4;8;-5;8;-6;8;-7;8;-7;8;-7;8;-8;9;-8;9;-9;9;-9;-128;0;-24;-13;-23;-13;-23;-13;-22;-12;-22;-12;-21;-11;-20;-11;-20;-10;-20;-9;-20;-9;-20;-8;-20;-8;-19;-8;-19;-8;-18;-8;-18;-8;-18;-8;-18;-8;-17;-9;-17;-9;-16;-9;-15;-9;-14;-9;-14;-9;-14;-9;-13;-9;-12;-10;-12;-11;-4;-4;-2;-2;0;0;0;0;0;0;-2;-1;-5;-1;-12;-3;-12;-3;-12;-4;-12;-4;-13;-5;-13;-5;-14;-6;-14;-7;-15;-8;-15;-8;-15;-9;-16;-9;-16;-9;-16;-10;-17;-10;-17;-11;-17;-11;-17;-11;-17;-11;-18;-11;-19;-11;-20;-11;-21;-12;-22;-12;-22;-12;-23;-13;-23;-13;-23;-13,empty,EXP_S045,ZONE_01,entree_zone,4.7,entree_zone,entree dans la zone
871572539,-48,6,a0:9f:7a:73:2b:3e,384,-110;-96;8;0;9;-14;3;-14;-3;-14;-9;-15;-14;-16;-18;-18;-21;-21;-23;-23;-23;-24;-23;-26;-21;-27;-19;-27;-16;-26;-13;-24;-10;-20;-8;-16;-7;-11;-7;-6;-8;-1;-10;3;-12;6;-15;9;-19;10;-22;10;-24;9;-6;2;0;0;0;0;0;0;0;0;0;0;0;0;0;0;0;0;0;0;4;0;16;3;18;5;19;7;20;9;20;11;19;13;18;13;16;13;15;12;13;10;12;7;11;4;11;0;11;-4;12;-8;13;-12;14;-15;16;-19;19;-22;21;-24;23;-26;25;-26;26;-26;26;-25;25;-23;24;-22;-122;0;19;19;18;18;18;18;17;17;17;17;18;17;18;17;19;16;19;15;19;13;19;13;19;13;19;13;20;13;20;13;19;13;19;13;19;13;18;13;17;13;17;14;17;14;17;14;17;14;16;14;15;14;15;15;14;15;4;5;1;1;-1;-1;-1;-1;-1;-1;0;1;2;5;6;15;5;15;5;15;4;16;4;16;3;15;3;15;3;15;2;16;3;16;3;16;4;16;4;16;5;15;5;15;5;15;5;15;6;16;7;16;8;16;10;16;11;16;12;16;12;16;13;17;15;18;16;18;17;19;-122;0;26;-46;26;-46;25;-45;25;-44;24;-43;23;-42;21;-41;20;-40;19;-39;18;-38;18;-38;17;-38;17;-37;17;-37;16;-37;16;-36;16;-36;17;-35;18;-34;18;-32;19;-31;18;-29;18;-28;18;-27;19;-26;20;-24;21;-23;21;-22;7;-8;2;-3;-1;0;-1;1;-1;0;0;-3;1;-9;4;-23;5;-24;6;-24;8;-25;9;-26;10;-26;11;-27;13;-28;14;-29;15;-30;16;-30;17;-30;19;-31;20;-31;21;-32;21;-33;22;-33;22;-34;22;-35;23;-36;23;-38;23;-39;24;-41;24;-42;25;-43;26;-44;26;-46;26;-47,empty,EXP_S045,ZONE_01,entree_zone,4.7,entree_zone,entree dans la zone
871773011,-49,6,a0:9f:7a:73:2b:3e,384,-110;-96;8;0;2;16;6;11;11;6;15;3;19;0;24;-2;28;-2;30;-2;32;-1;33;0;32;2;31;3;29;5;25;5;21;5;16;4;12;2;8;-1;5;-5;2;-9;1;-14;2;-18;3;-21;5;-23;6;-24;1;-6;0;0;0;0;0;0;0;0;0;0;0;0;0;0;0;0;0;0;-4;2;-16;7;-18;7;-20;6;-22;4;-23;3;-24;2;-23;1;-22;0;-20;0;-18;0;-15;1;-12;3;-9;5;-6;9;-4;12;-3;16;-2;20;-1;24;0;27;1;31;0;33;-1;35;-2;36;-3;35;-3;34;-3;31;-118;0;-13;3;-13;3;-13;3;-13;3;-13;3;-13;3;-13;4;-12;4;-12;5;-11;5;-11;5;-11;4;-11;4;-11;5;-12;5;-12;5;-11;5;-11;5;-11;5;-11;4;-11;4;-11;4;-11;4;-11;4;-11;4;-11;3;-11;2;-11;2;-4;0;-2;0;0;-1;0;0;0;0;-1;-1;-3;-1;-9;-2;-9;-3;-9;-3;-9;-3;-9;-3;-8;-3;-8;-3;-8;-3;-8;-3;-8;-3;-9;-3;-9;-3;-9;-3;-9;-2;-9;-2;-9;-2;-9;-2;-9;-2;-10;-1;-10;-1;-11;0;-11;0;-11;1;-11;1;-12;1;-12;1;-13;1;-13;1;-118;0;12;22;12;22;12;22;12;21;11;20;11;19;11;19;11;18;11;17;11;17;11;17;11;16;11;16;11;16;10;16;10;15;10;15;10;15;9;15;9;15;8;15;7;14;7;14;6;14;6;14;5;14;4;14;3;14;1;5;0;1;-1;-1;-1;-1;-1;-1;0;0;2;2;8;8;7;8;7;9;7;9;7;10;7;11;7;12;7;12;7;13;7;14;7;14;7;15;7;15;7;16;7;16;7;17;7;17;8;17;8;18;8;18;9;19;9;19;10;20;11;20;11;21;11;21;12;22;12;22,empty,EXP_S045,ZONE_01,entree_zone,4.7,entree_zone,entree dans la zone
871977584,-48,6,a0:9f:7a:73:2b:3e,384,-110;-96;8;0;6;-15;0;-13;-5;-12;-10;-12;-15;-12;-19;-13;-22;-15;-24;-16;-25;-18;-24;-20;-23;-21;-21;-21;-19;-20;-16;-19;-13;-16;-11;-13;-8;-9;-7;-5;-7;0;-8;4;-9;8;-12;10;-15;12;-17;12;-19;12;-5;2;0;0;0;0;0;0;0;0;0;0;0;0;0;0;0;0;0;0;3;0;15;0;17;2;18;4;19;5;19;7;19;8;18;9;17;9;15;8;14;7;12;5;11;2;10;-1;9;-4;9;-8;10;-12;11;-16;12;-19;13;-22;15;-25;16;-27;18;-28;20;-27;20;-26;20;-25;19;-23;-121;0;24;-1;23;-1;22;0;22;0;22;1;23;0;23;-1;23;-3;22;-4;21;-5;20;-5;20;-4;20;-4;21;-4;22;-4;22;-5;21;-6;20;-5;19;-5;19;-4;19;-3;20;-2;20;-3;20;-3;20;-3;19;-3;19;-1;18;0;6;0;2;0;-1;0;-1;-1;-1;-1;1;0;4;2;12;7;12;8;12;8;12;8;12;8;11;7;11;7;10;8;10;9;11;9;11;9;12;9;13;8;13;7;12;6;12;7;12;7;13;7;15;7;16;6;17;4;18;3;18;2;18;2;19;3;20;3;22;3;23;3;-121;0;-11;-47;-11;-47;-10;-47;-10;-46;-9;-45;-9;-43;-10;-41;-11;-39;-12;-38;-12;-37;-13;-37;-12;-36;-12;-36;-12;-35;-11;-34;-11;-34;-11;-34;-11;-34;-10;-34;-9;-33;-7;-32;-6;-31;-6;-30;-5;-29;-5;-28;-4;-28;-2;-28;-1;-29;0;-11;0;-4;0;0;0;1;0;0;-2;-2;-4;-7;-10;-20;-9;-21;-9;-21;-8;-22;-8;-24;-8;-25;-8;-27;-8;-28;-7;-30;-6;-31;-6;-32;-5;-32;-5;-33;-5;-34;-5;-35;-4;-36;-4;-37;-4;-37;-4;-38;-5;-38;-6;-39;-7;-41;-8;-43;-9;-44;-9;-46;-9;-46;-9;-47;-10;-47,empty,EXP_S045,ZONE_01,entree_zone,4.7,entree_zone,entree dans la zone
872172317,-48,6,a0:9f:7a:73:2b:3e,384,-110;-96;8;0;-6;15;-1;12;5;11;10;10;15;10;19;10;22;11;24;13;25;14;25;16;24;17;22;17;19;17;17;16;13;15;10;12;8;8;6;3;6;-1;6;-5;8;-9;10;-12;12;-14;15;-14;17;-14;4;-4;0;0;0;0;0;0;0;0;0;0;0;0;0;0;0;0;0;0;-4;0;-16;1;-18;-1;-20;-3;-21;-4;-21;-6;-21;-7;-20;-8;-19;-8;-17;-8;-15;-7;-13;-5;-12;-2;-11;1;-10;5;-10;8;-10;12;-10;16;-11;19;-12;22;-13;25;-15;27;-16;28;-17;28;-17;28;-17;26;-16;24;-118;0;-24;-7;-23;-7;-22;-7;-21;-7;-21;-7;-22;-7;-23;-6;-23;-5;-23;-3;-22;-2;-21;-2;-21;-2;-21;-3;-22;-3;-23;-3;-23;-2;-23;-1;-22;-1;-21;-1;-21;-2;-20;-2;-21;-3;-21;-3;-21;-2;-21;-2;-20;-3;-19;-4;-19;-4;-7;-2;-2;-1;0;0;0;0;0;0;-1;-2;-3;-5;-9;-13;-9;-14;-8;-14;-8;-14;-8;-13;-8;-13;-8;-13;-7;-13;-7;-13;-7;-14;-8;-14;-9;-14;-10;-13;-10;-12;-10;-11;-10;-11;-10;-12;-10;-12;-12;-12;-13;-12;-15;-11;-16;-10;-16;-10;-17;-9;-17;-10;-19;-11;-20;-11;-21;-11;-118;0;-5;48;-5;47;-5;46;-5;45;-5;43;-4;42;-2;40;-1;39;0;39;0;38;0;38;0;37;0;37;0;36;1;35;1;34;1;34;1;34;0;33;-1;33;-2;31;-2;30;-3;29;-3;28;-3;27;-4;27;-6;27;-7;27;-3;9;-2;2;0;-1;-1;-2;0;-1;0;2;0;7;0;21;-1;21;-2;22;-3;23;-3;24;-4;25;-4;27;-5;28;-6;29;-7;29;-8;30;-8;30;-9;31;-9;32;-10;33;-10;34;-10;35;-10;35;-10;36;-9;37;-8;38;-8;40;-8;42;-8;43;-8;44;-8;45;-8;46;-7;46,empty,EXP_S045,ZONE_01,entree_zone,4.7,entree_zone,entree dans la zone
872374858,-48,6,a0:9f:7a:73:2b:3e,384,-110;-96;8;0;5;14;8;9;11;4;15;0;19;-3;23;-5;26;-5;28;-5;30;-5;31;-4;30;-2;29;0;27;1;24;2;20;2;16;2;12;0;7;-2;4;-5;2;-9;0;-13;0;-16;1;-19;3;-22;4;-23;1;-6;0;0;0;0;0;0;0;0;0;0;0;0;0;0;0;0;0;0;-3;2;-13;10;-15;10;-18;10;-20;9;-21;8;-22;7;-22;5;-21;4;-19;4;-17;3;-14;4;-11;5;-8;7;-5;9;-2;12;0;16;2;19;4;23;5;26;6;29;6;31;5;33;4;34;3;34;2;32;2;30;-128;0;-11;6;-11;6;-11;6;-11;5;-11;5;-11;5;-11;6;-10;7;-10;7;-9;7;-8;7;-8;6;-9;6;-9;7;-9;7;-9;8;-9;8;-8;7;-8;7;-8;6;-9;6;-9;6;-9;6;-9;6;-9;6;-8;6;-8;5;-8;5;-3;1;-1;0;0;-1;0;-1;0;0;-1;0;-3;-1;-8;-1;-8;-1;-9;-1;-9;-1;-8;-1;-8;-1;-8;-1;-8;-1;-8;-2;-9;-2;-9;-2;-9;-1;-9;-1;-9;0;-8;0;-8;0;-8;0;-9;0;-9;1;-10;1;-10;2;-10;3;-10;3;-10;3;-10;3;-11;3;-12;3;-12;4;-128;0;16;17;17;17;17;17;16;17;16;16;15;15;15;14;15;14;15;13;15;12;15;12;15;12;14;11;14;11;13;11;13;11;13;11;13;11;13;11;12;11;11;11;10;11;10;10;9;10;9;10;8;11;8;11;7;12;2;4;0;1;-1;-1;-1;-1;-1;-1;1;0;3;2;9;6;9;6;9;6;9;7;9;8;9;8;10;9;10;10;10;11;10;11;10;12;10;12;11;12;11;13;11;13;11;14;11;14;11;15;11;15;12;15;13;15;13;15;14;16;15;16;16;17;16;17;16;17;17;17,empty,EXP_S045,ZONE_01,entree_zone,4.7,entree_zone,entree dans la zone
872576471,-49,6,a0:9f:7a:73:2b:3e,384,-110;-96;8;0;17;-2;12;-6;9;-11;6;-16;4;-20;3;-25;3;-28;3;-31;5;-32;6;-33;8;-32;9;-31;10;-28;10;-24;10;-20;8;-16;5;-12;1;-9;-3;-7;-8;-6;-12;-6;-15;-7;-18;-9;-20;-12;-20;-14;-5;-4;0;0;0;0;0;0;0;0;0;0;0;0;0;0;0;0;0;0;2;3;9;14;9;16;8;19;7;21;6;22;4;22;3;22;2;21;2;19;2;17;2;14;4;11;7;8;10;6;13;4;17;2;20;1;24;0;28;0;31;0;34;0;36;1;36;2;35;3;34;4;32;4;-117;0;-3;12;-3;12;-3;11;-3;11;-3;11;-3;11;-2;11;-2;11;-1;11;-1;11;-1;11;-1;11;-1;11;-1;11;-1;11;-1;11;-1;11;-1;11;-1;11;-1;10;-2;10;-2;10;-2;10;-2;10;-2;10;-2;10;-3;9;-3;9;-2;3;-1;1;0;-1;0;-1;0;-1;-1;0;-2;2;-5;6;-5;6;-5;6;-6;6;-6;6;-6;5;-6;5;-6;5;-6;5;-6;5;-6;5;-6;6;-6;6;-6;6;-6;6;-6;6;-6;6;-5;7;-5;7;-5;8;-5;8;-5;9;-4;9;-4;9;-4;10;-4;10;-4;11;-4;11;-117;0;26;-1;26;-1;25;-1;25;-1;24;-1;23;-2;22;-2;22;-2;21;-2;20;-2;20;-2;20;-2;20;-2;19;-2;19;-2;19;-2;18;-2;18;-1;18;-1;17;0;17;0;16;0;16;1;15;1;15;2;14;2;14;3;14;4;4;1;1;0;-1;-1;-1;0;-1;0;1;-1;3;-2;10;-5;11;-5;11;-4;12;-4;13;-4;13;-3;14;-3;15;-3;16;-3;16;-2;17;-2;17;-1;18;-1;18;-1;19;0;19;0;20;0;20;0;20;0;21;-1;21;-1;22;-1;23;-1;24;-1;24;-1;25;-1;25;-1;26;-1,empty,EXP_S045,ZONE_01,entree_zone,4.7,entree_zone,entree dans la zone
872774788,-48,6,a0:9f:7a:73:2b:3e,384,-110;-96;8;0;2;-17;-3;-13;-8;-11;-14;-9;-18;-8;-23;-8;-26;-9;-29;-10;-30;-11;-31;-13;-30;-14;-28;-15;-25;-15;-22;-15;-18;-14;-14;-11;-11;-8;-9;-4;-7;1;-7;6;-8;10;-9;13;-12;16;-14;17;-17;17;-5;4;0;0;0;0;0;0;0;0;0;0;0;0;0;0;0;0;0;0;3;-2;16;-6;18;-5;20;-3;21;-2;22;0;22;1;21;2;20;2;18;2;16;1;14;0;12;-3;10;-5;8;-8;7;-12;6;-16;6;-20;6;-24;6;-27;7;-30;8;-32;9;-34;10;-34;11;-34;11;-32;11;-30;-119;0;12;-2;12;-2;11;-2;11;-2;11;-2;11;-2;11;-2;11;-3;11;-4;10;-4;10;-4;10;-4;10;-4;11;-4;11;-4;11;-5;10;-5;10;-5;10;-4;10;-4;10;-3;10;-3;10;-3;10;-4;10;-3;10;-3;10;-3;9;-2;3;-1;1;-1;-1;0;-1;-1;-1;-1;0;0;2;1;6;3;6;4;6;4;6;4;6;3;6;3;6;3;5;3;5;4;6;4;6;4;7;3;7;3;7;2;6;2;6;2;6;2;7;2;8;2;8;1;9;1;9;0;9;0;9;0;10;0;10;0;11;0;12;0;-119;0;-9;-25;-9;-24;-9;-24;-8;-24;-8;-23;-8;-22;-8;-21;-8;-20;-9;-19;-9;-19;-9;-19;-9;-18;-9;-18;-9;-18;-9;-18;-9;-17;-8;-17;-8;-17;-8;-17;-7;-17;-6;-17;-6;-16;-5;-16;-5;-15;-4;-15;-4;-15;-3;-15;-2;-15;-1;-6;-1;-2;0;0;0;0;0;0;-1;-1;-3;-4;-7;-10;-7;-10;-6;-11;-6;-12;-6;-12;-6;-13;-6;-14;-6;-15;-6;-16;-6;-16;-6;-17;-5;-17;-5;-18;-5;-18;-5;-18;-5;-19;-5;-19;-5;-20;-5;-20;-6;-20;-6;-21;-7;-22;-7;-22;-8;-23;-8;-24;-8;-24;-8;-25;-8;-25,empty,EXP_S045,ZONE_01,entree_zone,4.7,entree_zone,entree dans la zone
872972460,-48,6,a0:9f:7a:73:2b:3e,384,-110;-96;8;0;10;13;11;7;13;3;16;-2;19;-5;22;-7;25;-8;27;-8;28;-8;29;-6;29;-5;28;-2;26;-1;22;1;19;1;15;1;11;0;7;-3;4;-6;2;-10;1;-13;1;-16;2;-19;4;-21;6;-22;1;-6;0;0;0;0;0;0;0;0;0;0;0;0;0;0;0;0;0;0;-1;4;-5;17;-7;18;-9;19;-11;19;-13;18;-14;17;-14;16;-13;15;-11;13;-10;12;-7;12;-5;12;-1;12;2;13;5;15;7;17;10;19;12;21;14;23;15;26;16;28;16;29;15;30;14;30;13;29;12;27;-119;0;-16;16;-16;15;-16;14;-17;13;-17;13;-17;14;-17;15;-16;16;-15;16;-14;16;-13;15;-14;15;-14;15;-15;15;-14;16;-14;17;-13;17;-13;16;-12;15;-13;14;-14;14;-14;13;-14;14;-14;14;-14;13;-13;13;-14;11;-14;10;-5;3;-2;0;0;-1;0;-1;0;0;-2;0;-6;0;-16;1;-16;1;-16;1;-16;0;-15;0;-14;0;-14;0;-14;-1;-15;-1;-15;-2;-16;-1;-16;0;-15;1;-14;1;-14;1;-14;1;-14;1;-15;2;-16;3;-16;5;-15;7;-15;8;-14;9;-14;9;-15;9;-17;9;-18;11;-19;12;-119;0;42;27;42;27;41;26;39;26;38;25;36;23;36;21;35;20;34;19;34;18;33;18;32;17;31;17;31;17;30;16;30;16;30;15;29;16;29;16;27;16;26;16;25;16;23;16;22;16;22;16;21;17;19;18;18;19;6;7;1;2;-1;-1;-2;-1;-1;-1;2;0;8;1;23;3;23;4;24;5;24;6;25;8;26;9;27;10;28;12;29;13;30;14;30;16;31;17;31;18;31;20;31;21;32;22;32;22;32;23;33;23;34;23;36;23;37;23;39;24;40;25;41;26;41;27;42;27;42;27,empty,EXP_S045,ZONE_01,entree_zone,4.7,entree_zone,entree dans la zone
873172382,-49,6,a0:9f:7a:73:2b:3e,384,-110;-96;8;0;17;-12;13;-13;8;-14;4;-17;1;-19;-1;-22;-2;-25;-3;-28;-2;-30;-1;-31;1;-31;3;-31;5;-29;7;-26;8;-23;7;-18;6;-14;3;-11;-1;-8;-5;-7;-9;-7;-12;-8;-15;-10;-16;-13;-16;-16;-4;-5;0;0;0;0;0;0;0;0;0;0;0;0;0;0;0;0;0;0;4;-1;18;-2;19;-1;20;1;21;3;20;5;20;6;19;7;17;6;16;6;15;4;14;2;14;0;14;-3;15;-5;16;-7;17;-10;18;-12;20;-14;22;-16;24;-17;26;-18;27;-18;28;-18;29;-18;28;-17;27;-16;-116;0;12;14;12;14;12;13;11;13;12;14;12;14;13;14;14;14;14;13;14;12;15;12;14;12;14;13;15;13;15;14;15;14;15;14;14;14;14;14;13;14;12;15;12;15;12;15;12;15;11;16;11;16;10;16;9;17;3;6;0;2;-1;-1;-1;-1;0;-1;0;1;0;4;-1;13;-1;13;-2;13;-2;13;-2;12;-3;12;-3;11;-4;11;-4;11;-4;11;-4;11;-3;11;-3;11;-2;10;-1;10;-1;10;-1;10;0;10;1;11;2;11;4;11;5;11;5;10;6;11;7;11;8;12;8;13;9;14;-116;0;39;-37;38;-37;38;-36;37;-34;36;-33;35;-32;34;-31;32;-30;31;-29;30;-29;29;-28;29;-28;29;-27;29;-27;28;-27;28;-26;28;-25;28;-24;28;-23;28;-21;28;-19;27;-18;27;-16;26;-15;26;-14;26;-12;26;-10;26;-9;9;-3;2;-1;-1;0;-1;1;-1;0;0;-3;1;-9;5;-24;7;-24;8;-25;10;-25;11;-26;12;-26;14;-27;16;-28;18;-29;19;-29;21;-29;22;-29;24;-29;25;-29;27;-29;28;-30;28;-30;29;-30;30;-31;30;-32;31;-33;32;-34;33;-35;34;-36;36;-36;37;-37;38;-38;39;-38,empty,EXP_S045,ZONE_01,entree_zone,4.7,entree_zone,entree dans la zone
873372921,-49,6,a0:9f:7a:73:2b:3e,384,-110;-96;8;0;-10;20;-7;20;-5;20;-2;20;0;21;2;22;3;24;4;25;4;26;3;27;1;27;0;27;-2;25;-3;24;-4;21;-4;18;-3;15;-1;13;1;11;4;10;6;10;9;12;10;13;10;16;10;18;2;4;0;0;0;0;0;0;0;0;0;0;0;0;0;0;0;0;0;0;-3;4;-12;16;-14;15;-16;13;-18;10;-18;8;-17;7;-16;6;-14;6;-12;6;-11;8;-9;10;-9;12;-9;14;-10;16;-11;17;-12;19;-13;20;-14;21;-14;22;-15;23;-15;23;-16;24;-16;24;-16;24;-16;24;-15;23;-113;0;-11;-4;-10;-4;-10;-4;-10;-5;-10;-5;-11;-6;-12;-5;-13;-4;-13;-3;-13;-3;-13;-2;-13;-3;-13;-3;-14;-3;-15;-3;-15;-3;-15;-2;-15;-2;-15;-3;-14;-4;-14;-4;-15;-5;-15;-5;-15;-5;-15;-5;-15;-6;-14;-6;-14;-7;-5;-3;-2;-1;0;0;0;0;0;0;-1;-2;-2;-6;-3;-16;-3;-16;-2;-16;-1;-16;0;-15;1;-14;2;-14;3;-14;3;-14;3;-14;3;-13;2;-12;2;-11;2;-10;2;-9;1;-9;1;-9;1;-9;0;-9;-2;-8;-3;-7;-3;-6;-4;-6;-4;-6;-5;-6;-6;-7;-7;-7;-8;-7;-113;0;-12;51;-12;50;-12;50;-12;48;-12;47;-11;45;-10;44;-10;43;-9;42;-9;41;-8;41;-8;40;-8;39;-9;39;-9;38;-10;38;-10;37;-11;36;-12;36;-12;34;-13;33;-13;31;-14;30;-14;29;-15;28;-16;27;-17;25;-19;24;-7;8;-3;2;0;-1;-1;-2;-1;-1;0;2;2;7;7;20;6;21;6;22;5;24;4;25;3;27;2;28;1;30;0;31;-1;32;-2;33;-3;35;-4;36;-5;36;-6;37;-7;38;-7;38;-8;39;-8;40;-8;41;-9;43;-9;44;-9;46;-10;47;-10;49;-10;50;-10;51;-10;52,empty,EXP_S045,ZONE_01,entree_zone,4.7,entree_zone,entree dans la zone
873575137,-47,6,a0:9f:7a:73:2b:3e,384,-110;-96;8;0;6;18;9;13;13;9;17;5;21;3;25;2;28;2;31;3;32;4;32;5;32;7;30;9;27;10;24;10;20;10;16;8;12;5;10;1;8;-4;8;-8;8;-11;9;-14;12;-16;15;-17;17;-17;4;-5;0;0;0;0;0;0;0;0;0;0;0;0;0;0;0;0;0;0;-2;3;-8;16;-10;16;-13;16;-15;16;-17;15;-18;14;-18;13;-17;12;-16;10;-14;10;-11;10;-8;10;-5;12;-2;13;0;16;2;19;4;22;6;25;7;28;8;31;7;34;7;35;6;36;5;36;4;34;4;32;-118;0;-12;2;-12;2;-12;2;-12;2;-12;2;-12;2;-11;2;-11;3;-11;3;-11;3;-10;3;-10;3;-10;3;-11;3;-11;3;-11;4;-11;3;-11;3;-10;3;-10;3;-10;3;-10;3;-10;3;-10;3;-10;2;-10;2;-10;1;-10;1;-4;0;-1;0;0;-1;0;0;0;0;-1;-1;-3;-2;-8;-3;-8;-4;-7;-4;-7;-4;-7;-4;-7;-4;-7;-4;-7;-4;-7;-4;-7;-4;-7;-4;-7;-4;-7;-4;-7;-3;-7;-3;-7;-3;-8;-3;-8;-3;-8;-2;-9;-2;-9;-2;-10;-1;-10;-1;-10;-1;-10;0;-11;0;-11;0;-12;0;-118;0;11;25;11;25;11;24;11;23;10;23;10;22;10;21;10;20;10;20;10;19;10;19;10;18;10;18;10;18;10;17;9;17;9;17;9;17;8;17;8;16;7;16;6;16;6;15;5;15;5;15;4;15;3;15;2;15;0;5;0;1;-1;-1;-1;-1;-1;-1;0;0;2;2;8;8;7;8;7;9;7;10;7;11;7;11;7;12;8;13;8;14;8;15;8;15;7;16;7;17;7;17;7;18;7;18;7;19;8;19;8;20;8;20;9;21;9;22;10;22;10;23;10;23;11;24;11;24;12;25,empty,EXP_S045,ZONE_01,entree_zone,4.7,entree_zone,entree dans la zone
873772601,-49,6,a0:9f:7a:73:2b:3e,384,-110;-96;8;0;13;-3;9;-7;5;-12;2;-16;0;-21;-2;-25;-3;-29;-3;-31;-2;-33;-1;-34;0;-33;1;-32;3;-29;3;-25;4;-21;3;-16;1;-11;-2;-7;-6;-3;-10;0;-14;2;-19;2;-22;2;-25;0;-27;-2;-7;-1;0;0;0;0;0;0;0;0;0;0;0;0;0;0;0;0;0;0;0;4;2;17;0;19;-2;20;-5;21;-6;21;-8;20;-8;19;-8;17;-7;14;-5;12;-2;10;1;8;5;7;9;6;13;5;17;5;20;5;24;5;27;5;30;5;32;6;33;6;33;7;32;7;30;6;28;6;125;0;1;12;1;12;1;12;1;12;1;12;1;12;2;12;2;12;3;12;3;11;3;11;3;11;3;11;3;12;3;12;4;12;4;12;4;12;4;12;3;12;3;12;3;12;3;12;2;12;2;11;2;11;1;11;1;11;0;4;0;1;-1;-1;0;-1;0;-1;-1;0;-2;2;-5;8;-5;8;-6;8;-6;7;-6;7;-6;7;-6;7;-6;7;-6;7;-6;7;-7;7;-6;7;-6;7;-6;7;-6;7;-5;7;-5;7;-5;7;-5;8;-4;9;-4;9;-3;9;-3;9;-2;10;-2;10;-2;11;-2;11;-1;12;125;0;22;-11;22;-11;22;-11;21;-10;20;-10;19;-10;19;-10;18;-10;17;-10;17;-11;16;-11;16;-10;16;-10;15;-10;15;-10;15;-10;15;-10;15;-10;15;-9;15;-9;15;-8;14;-8;14;-7;13;-7;13;-6;13;-5;14;-5;14;-4;5;-2;1;-1;-1;0;-1;0;-1;0;0;-1;2;-3;8;-6;8;-6;8;-6;9;-6;9;-6;10;-7;11;-7;12;-7;12;-6;13;-6;14;-6;14;-6;15;-6;15;-6;16;-7;16;-6;17;-6;17;-6;17;-7;18;-7;18;-8;19;-9;20;-9;20;-9;21;-10;21;-10;22;-10;22;-10,empty,EXP_S045,ZONE_01,entree_zone,4.7,entree_zone,entree dans la zone
873972341,-48,6,a0:9f:7a:73:2b:3e,384,-110;-96;8;0;13;1;14;-4;16;-8;17;-12;19;-15;21;-17;22;-18;23;-19;23;-18;22;-18;22;-17;20;-16;19;-14;16;-11;13;-10;9;-9;5;-8;0;-9;-3;-10;-7;-12;-9;-14;-11;-15;-11;-17;-11;-20;-11;-21;-3;-6;0;0;0;0;0;0;0;0;0;0;0;0;0;0;0;0;0;0;-2;4;-8;18;-11;18;-15;17;-17;15;-18;13;-19;10;-17;8;-15;6;-11;4;-7;3;-3;4;1;5;5;8;9;11;12;14;13;17;15;20;16;22;17;24;17;26;16;26;16;26;15;25;14;23;14;20;13;17;-123;0;-22;3;-21;3;-21;3;-20;4;-20;5;-19;5;-19;6;-18;7;-17;8;-17;8;-16;8;-16;8;-17;8;-17;9;-17;10;-16;10;-16;10;-16;10;-15;10;-15;10;-15;10;-15;10;-15;10;-15;10;-15;9;-15;9;-15;8;-15;7;-6;2;-2;0;0;-1;1;-1;0;0;-3;0;-9;0;-24;-1;-24;-2;-24;-3;-23;-4;-23;-5;-23;-6;-22;-7;-22;-7;-22;-8;-22;-8;-22;-8;-22;-8;-21;-8;-20;-8;-20;-8;-20;-8;-20;-8;-20;-7;-20;-6;-20;-5;-21;-4;-21;-4;-21;-3;-21;-3;-22;-2;-22;-1;-23;0;-23;1;-123;0;42;23;41;23;40;22;39;22;38;21;38;20;37;19;36;18;35;17;35;16;34;16;34;15;33;15;33;15;32;14;32;14;31;14;31;15;30;15;29;15;28;15;26;15;25;15;24;15;23;16;22;17;21;18;20;19;7;7;1;2;-1;-1;-2;-1;-1;-1;1;0;6;1;17;3;17;3;18;4;19;5;20;6;21;7;22;8;23;9;24;10;25;11;25;12;26;13;27;14;27;16;28;17;29;17;29;18;30;18;30;19;31;19;33;19;35;20;36;20;37;21;38;22;39;22;40;23;41;23,empty,EXP_S045,ZONE_01,entree_zone,4.7,entree_zone,entree dans la zone
874172400,-49,6,a0:9f:7a:73:2b:3e,384,-110;-96;8;0;-5;16;0;14;5;12;11;11;15;11;19;12;23;14;25;16;26;18;25;19;24;21;21;21;18;21;15;20;11;17;9;14;7;9;6;4;7;-1;8;-5;11;-8;14;-10;17;-11;20;-11;22;-10;5;-3;0;0;0;0;0;0;0;0;0;0;0;0;0;0;0;0;0;0;-5;1;-17;5;-19;3;-21;2;-22;0;-22;-2;-21;-3;-20;-3;-19;-3;-17;-2;-15;-1;-14;1;-12;4;-11;6;-10;9;-10;12;-10;15;-10;18;-10;21;-10;24;-11;27;-12;29;-13;30;-14;31;-14;31;-14;29;-14;28;-120;0;-24;-4;-23;-4;-23;-4;-22;-5;-23;-5;-23;-5;-24;-5;-25;-3;-24;-2;-24;-2;-23;-2;-23;-2;-24;-3;-24;-3;-25;-3;-25;-3;-24;-3;-23;-3;-22;-4;-22;-5;-22;-6;-22;-6;-22;-6;-22;-6;-22;-7;-21;-7;-20;-8;-19;-9;-7;-4;-2;-2;0;0;0;0;0;0;-2;-2;-5;-4;-12;-11;-11;-12;-11;-12;-10;-12;-10;-12;-9;-11;-8;-11;-7;-11;-7;-12;-7;-12;-8;-12;-9;-11;-9;-10;-9;-9;-9;-9;-9;-9;-10;-9;-11;-9;-12;-8;-13;-8;-15;-6;-15;-6;-16;-5;-16;-5;-17;-6;-19;-6;-20;-6;-21;-7;-120;0;2;51;2;50;2;50;2;49;1;47;1;46;2;44;3;42;3;41;4;41;3;40;3;40;2;39;2;39;2;38;2;37;1;37;0;37;-1;36;-2;35;-3;34;-4;32;-5;31;-5;30;-6;29;-7;29;-9;28;-10;28;-4;10;-2;2;0;-1;-1;-2;-1;-1;1;2;3;7;9;20;9;20;8;22;8;23;7;24;7;26;6;27;6;29;5;30;5;31;4;32;3;33;3;34;2;35;1;36;1;37;1;38;1;38;1;39;2;40;2;42;2;44;3;45;3;47;3;48;3;49;3;50;3;50,empty,EXP_S045,ZONE_01,entree_zone,4.7,entree_zone,entree dans la zone
874374707,-51,6,a0:9f:7a:73:2b:3e,384,-110;-96;8;0;7;-20;2;-18;-3;-16;-8;-15;-12;-16;-16;-17;-19;-19;-21;-21;-21;-24;-21;-25;-19;-27;-17;-27;-14;-27;-11;-25;-8;-22;-6;-19;-5;-14;-6;-10;-7;-5;-10;-2;-13;0;-16;1;-19;1;-22;0;-23;-2;-6;-1;0;0;0;0;0;0;0;0;0;0;0;0;0;0;0;0;0;0;3;-3;14;-10;16;-9;18;-8;19;-7;20;-5;19;-4;19;-3;18;-3;16;-4;15;-4;13;-6;12;-7;11;-9;10;-12;9;-14;9;-17;9;-20;9;-22;9;-25;10;-27;10;-30;12;-31;13;-32;14;-32;14;-31;14;-30;-108;0;20;2;20;2;20;2;20;3;20;3;21;3;21;2;21;1;21;0;21;0;20;0;20;0;20;0;21;1;21;1;22;0;21;0;21;0;20;1;20;2;19;2;19;3;19;3;19;3;19;3;18;4;18;4;17;5;6;2;1;0;-1;-1;-1;-1;-1;-1;0;1;2;4;6;11;6;12;5;12;5;12;4;11;4;11;4;11;3;11;3;11;3;11;4;10;4;10;5;9;5;8;5;7;5;7;6;7;7;7;8;7;10;6;11;5;12;5;12;4;13;4;14;4;15;4;17;5;18;5;-108;0;5;-54;5;-54;5;-53;5;-52;5;-50;4;-48;3;-47;2;-46;1;-45;1;-44;1;-43;1;-42;1;-41;1;-41;1;-40;2;-40;2;-39;2;-39;3;-38;4;-37;4;-36;5;-34;6;-33;6;-32;7;-31;8;-30;10;-29;11;-28;4;-10;1;-3;-1;0;0;1;0;0;-1;-3;-3;-8;-7;-22;-6;-23;-5;-24;-4;-25;-4;-27;-3;-28;-3;-30;-2;-31;-1;-33;-1;-34;1;-35;2;-36;2;-37;3;-38;4;-39;5;-39;5;-40;6;-41;6;-42;5;-43;4;-45;4;-47;3;-48;4;-50;4;-52;4;-53;4;-54;4;-54,empty,EXP_S045,ZONE_01,entree_zone,4.7,entree_zone,entree dans la zone
874572281,-50,6,a0:9f:7a:73:2b:3e,384,-110;-96;8;0;3;-22;-1;-19;-5;-16;-10;-14;-15;-13;-19;-13;-23;-14;-26;-16;-27;-18;-27;-21;-26;-23;-24;-24;-22;-24;-18;-23;-15;-21;-12;-19;-9;-14;-8;-9;-8;-4;-10;0;-12;3;-15;5;-19;6;-22;6;-24;5;-7;1;0;0;0;0;0;0;0;0;0;0;0;0;0;0;0;0;0;0;2;-3;12;-12;14;-12;16;-11;18;-9;19;-8;19;-7;18;-6;17;-5;16;-5;14;-5;13;-6;11;-8;9;-10;8;-12;7;-15;6;-18;5;-21;4;-24;4;-27;4;-29;5;-32;5;-34;7;-35;8;-35;9;-34;9;-33;-121;0;10;-4;10;-4;9;-3;9;-3;10;-2;10;-2;11;-3;11;-4;11;-5;10;-5;10;-5;10;-4;10;-4;10;-4;11;-4;11;-4;11;-4;10;-4;10;-4;10;-3;10;-2;10;-2;10;-2;10;-2;10;-2;10;-2;10;-1;9;-1;3;-1;1;0;-1;0;-1;-1;-1;-1;0;0;2;1;6;3;6;4;6;4;5;4;5;4;5;3;4;4;4;4;4;4;4;4;4;4;5;4;5;3;4;3;4;2;4;2;4;2;5;2;5;2;6;1;7;0;7;-1;6;-1;7;-1;7;-1;8;-1;9;-1;9;-1;-121;0;-7;-27;-6;-27;-6;-27;-6;-27;-5;-26;-5;-25;-5;-24;-6;-23;-6;-22;-6;-22;-6;-22;-6;-22;-6;-21;-5;-21;-5;-21;-5;-20;-5;-20;-4;-20;-4;-20;-3;-20;-2;-19;-1;-19;-1;-18;-1;-17;0;-17;0;-17;1;-16;2;-16;1;-6;0;-2;0;0;0;0;0;0;-1;-1;-3;-4;-7;-9;-7;-9;-7;-10;-7;-11;-7;-11;-7;-12;-7;-13;-7;-14;-6;-15;-6;-16;-6;-16;-6;-17;-6;-18;-5;-18;-5;-19;-5;-20;-5;-20;-5;-20;-5;-21;-5;-21;-6;-22;-6;-23;-7;-24;-7;-25;-7;-26;-7;-26;-7;-27;-7;-27,empty,EXP_S045,ZONE_01,entree_zone,4.7,entree_zone,entree dans la zone
874772618,-50,6,a0:9f:7a:73:2b:3e,384,-110;-96;8;0;-6;-21;-8;-17;-10;-13;-14;-9;-17;-7;-21;-5;-25;-4;-28;-5;-30;-7;-30;-9;-31;-10;-29;-12;-27;-14;-24;-14;-20;-14;-16;-12;-13;-10;-10;-6;-9;-2;-8;2;-9;6;-11;9;-14;11;-17;12;-19;12;-5;3;0;0;0;0;0;0;0;0;0;0;0;0;0;0;0;0;0;0;1;-4;5;-16;7;-17;10;-17;12;-16;14;-15;14;-14;14;-12;13;-11;12;-11;10;-10;8;-11;6;-12;4;-13;2;-14;0;-16;-2;-19;-4;-21;-5;-23;-6;-25;-7;-27;-8;-30;-8;-31;-7;-33;-6;-33;-5;-33;-5;-32;-115;0;7;-7;7;-7;7;-6;7;-6;7;-6;8;-6;8;-7;8;-7;7;-8;7;-8;6;-8;7;-7;7;-7;7;-7;8;-8;8;-8;8;-8;7;-8;7;-7;7;-7;8;-6;8;-6;8;-6;8;-6;8;-6;8;-6;8;-5;8;-4;2;-2;0;-1;-1;0;-1;-1;-1;-1;0;0;2;0;7;1;7;1;7;1;7;2;6;2;6;2;6;2;5;2;5;2;5;2;6;2;6;2;5;1;5;1;5;1;4;0;4;0;5;0;5;0;6;-1;6;-2;6;-3;5;-3;5;-3;6;-3;6;-4;7;-4;8;-4;-115;0;-16;-22;-16;-22;-15;-22;-15;-21;-14;-21;-14;-20;-13;-19;-13;-18;-13;-18;-13;-17;-13;-17;-13;-17;-13;-17;-12;-17;-12;-17;-12;-16;-11;-16;-11;-16;-10;-16;-9;-16;-9;-16;-8;-16;-7;-15;-7;-15;-6;-15;-5;-15;-5;-15;-4;-15;-2;-6;-1;-2;0;0;0;0;0;0;-1;-1;-4;-2;-9;-6;-9;-6;-10;-7;-10;-7;-10;-8;-10;-9;-11;-9;-11;-10;-11;-11;-11;-12;-11;-13;-11;-13;-11;-14;-11;-14;-11;-15;-11;-15;-12;-16;-12;-16;-12;-17;-12;-17;-13;-18;-14;-18;-14;-19;-15;-19;-15;-20;-15;-21;-16;-22;-16;-22,empty,EXP_S045,ZONE_01,entree_zone,4.7,entree_zone,entree dans la zone
874973615,-50,6,a0:9f:7a:73:2b:3e,384,-110;-96;8;0;-23;-4;-20;-1;-17;4;-14;9;-13;14;-13;18;-14;22;-16;25;-17;27;-19;27;-21;27;-23;25;-24;22;-24;19;-22;15;-19;11;-15;9;-10;7;-5;7;-1;8;3;10;6;13;8;16;8;20;7;22;1;5;0;0;0;0;0;0;0;0;0;0;0;0;0;0;0;0;0;0;-4;-4;-13;-14;-13;-16;-11;-19;-10;-21;-8;-22;-6;-22;-5;-21;-4;-19;-4;-17;-5;-15;-6;-14;-8;-12;-11;-10;-13;-9;-16;-8;-19;-7;-22;-7;-25;-6;-28;-6;-30;-6;-33;-6;-34;-7;-36;-8;-36;-8;-35;-9;-34;-9;-113;0;-4;-11;-4;-11;-4;-11;-3;-11;-3;-11;-3;-12;-3;-12;-4;-12;-5;-11;-5;-11;-5;-11;-5;-11;-4;-11;-4;-12;-4;-12;-5;-12;-5;-12;-5;-12;-4;-11;-4;-11;-3;-11;-3;-11;-3;-12;-3;-12;-3;-12;-2;-11;-2;-11;-1;-11;-1;-4;0;-2;0;0;-1;0;-1;0;0;-1;1;-3;4;-8;4;-8;4;-7;5;-7;4;-7;4;-7;4;-6;5;-6;5;-5;5;-5;5;-6;4;-6;3;-6;3;-6;2;-6;2;-5;2;-5;2;-6;2;-7;2;-7;1;-8;0;-8;-1;-8;-1;-8;-1;-8;-1;-9;-1;-10;-1;-11;-113;0;-28;5;-28;5;-28;5;-27;4;-26;4;-26;4;-25;4;-24;4;-23;4;-23;5;-22;5;-22;5;-22;4;-22;4;-21;4;-21;3;-21;3;-20;3;-20;2;-20;1;-19;1;-18;0;-18;0;-17;-1;-17;-1;-16;-2;-16;-3;-16;-3;-6;-2;-2;-1;0;0;0;-1;0;-1;-1;0;-4;2;-10;6;-10;6;-10;6;-11;6;-12;6;-13;6;-14;6;-15;6;-16;5;-16;5;-17;5;-17;5;-18;5;-19;4;-20;4;-20;4;-21;4;-21;4;-22;4;-22;4;-23;5;-24;5;-25;5;-26;5;-26;5;-27;5;-28;6;-28;6,transition,EXP_S045,ZONE_01,entree_zone,4.7,entree_zone,entree dans la zone
875172265,-50,6,a0:9f:7a:73:2b:3e,384,-110;-96;8;0;7;-22;3;-19;-2;-17;-7;-16;-12;-16;-16;-17;-20;-19;-22;-21;-23;-23;-23;-25;-22;-27;-20;-28;-17;-28;-14;-27;-11;-24;-8;-21;-6;-16;-6;-11;-7;-7;-9;-3;-12;1;-16;2;-19;2;-22;1;-24;0;-7;-1;0;0;0;0;0;0;0;0;0;0;0;0;0;0;0;0;0;0;3;-3;15;-11;17;-10;19;-8;21;-6;21;-4;21;-3;20;-2;19;-1;17;-2;15;-2;14;-4;12;-6;11;-9;10;-12;10;-15;9;-18;9;-20;10;-23;10;-26;10;-29;11;-31;12;-33;13;-33;15;-33;15;-32;15;-31;-113;0;10;-1;10;-1;9;-1;9;-1;10;-1;10;-1;11;-1;11;-2;11;-2;10;-3;10;-3;10;-2;10;-2;10;-2;11;-2;11;-2;11;-3;11;-3;10;-2;10;-2;10;-1;10;-1;10;-1;10;-1;10;-1;10;-1;9;0;9;0;3;0;0;0;-1;0;-1;-1;-1;-1;0;0;1;2;5;6;5;6;4;6;4;6;4;6;3;6;3;6;3;6;2;6;3;6;3;6;3;6;3;5;3;4;3;4;3;4;3;4;4;4;4;4;5;3;6;3;6;2;6;1;6;1;7;1;8;1;8;1;9;1;-113;0;0;-29;0;-29;0;-28;0;-28;0;-27;0;-26;-1;-25;-1;-24;-2;-24;-2;-23;-2;-23;-2;-23;-2;-22;-2;-22;-2;-22;-1;-21;-1;-21;-1;-21;-1;-21;0;-20;1;-19;1;-19;1;-18;1;-17;2;-17;2;-16;3;-16;4;-16;1;-6;0;-2;-1;0;0;0;0;0;-1;-2;-2;-4;-4;-11;-4;-11;-3;-12;-3;-12;-3;-13;-3;-14;-2;-15;-2;-16;-2;-17;-1;-18;-1;-18;-1;-19;-1;-19;0;-20;0;-20;0;-21;1;-21;1;-22;1;-22;0;-23;0;-24;0;-24;0;-26;0;-26;0;-27;-1;-28;-1;-29;-1;-29,transition,EXP_S045,ZONE_01,entree_zone,4.7,entree_zone,entree dans la zone
875372589,-50,6,a0:9f:7a:73:2b:3e,384,-110;-96;8;0;6;18;8;13;10;8;14;3;17;0;21;-3;25;-4;28;-4;30;-4;32;-3;32;-1;31;1;29;3;26;5;22;6;18;5;13;4;9;1;6;-3;4;-7;3;-11;3;-15;5;-18;7;-20;9;-21;2;-6;0;0;0;0;0;0;0;0;0;0;0;0;0;0;0;0;0;0;-2;3;-9;13;-11;14;-14;14;-16;13;-17;12;-18;11;-18;10;-17;9;-15;8;-13;8;-11;8;-8;9;-6;10;-3;12;-1;14;1;16;3;19;5;22;7;24;8;27;9;29;9;31;9;33;8;33;8;32;7;31;-125;0;-10;7;-9;7;-9;7;-9;6;-10;6;-10;6;-10;7;-10;7;-9;8;-9;8;-9;8;-9;7;-9;7;-9;7;-10;7;-10;8;-9;8;-9;7;-9;7;-9;6;-9;6;-10;5;-10;5;-10;6;-9;5;-9;5;-9;4;-9;4;-4;1;-2;0;0;-1;0;0;0;0;-1;0;-3;-1;-8;-1;-8;-1;-8;-1;-8;-1;-8;-2;-8;-2;-7;-2;-7;-2;-7;-2;-7;-3;-8;-2;-8;-2;-7;-1;-7;-1;-7;-1;-7;-1;-7;-1;-7;0;-8;0;-8;1;-8;2;-8;3;-8;3;-8;3;-8;3;-9;4;-9;4;-10;5;-125;0;16;19;16;19;15;19;15;19;14;18;14;18;13;17;13;16;13;16;13;15;13;15;13;15;12;15;12;15;12;14;11;14;11;14;11;14;10;14;10;14;9;14;8;14;7;13;7;13;6;13;5;13;5;13;4;13;1;5;0;1;-1;-1;-1;-1;-1;-1;1;0;3;1;9;4;9;5;9;5;9;6;9;7;10;7;10;8;10;9;10;10;10;11;11;11;11;12;11;12;11;13;11;13;11;14;11;14;11;15;12;15;12;16;13;16;14;16;14;17;15;18;15;18;15;19;15;19;16;20,transition,EXP_S045,ZONE_01,entree_zone,4.7,entree_zone,entree dans la zone
875572367,-51,6,a0:9f:7a:73:2b:3e,384,-110;-96;8;0;-13;-19;-12;-15;-13;-10;-14;-6;-17;-2;-19;1;-23;3;-25;4;-28;3;-30;2;-31;0;-31;-2;-29;-4;-27;-6;-23;-8;-19;-8;-14;-6;-11;-4;-8;0;-6;4;-6;8;-7;11;-9;14;-11;16;-14;16;-4;4;0;0;0;0;0;0;0;0;0;0;0;0;0;0;0;0;0;0;0;-5;0;-18;2;-19;4;-19;6;-18;8;-17;8;-16;7;-15;6;-14;5;-13;3;-13;1;-14;-1;-14;-2;-15;-4;-16;-6;-17;-7;-18;-9;-19;-10;-20;-12;-21;-14;-22;-16;-23;-17;-25;-18;-26;-17;-27;-17;-27;-17;-27;-117;0;10;-15;10;-15;10;-15;10;-15;10;-15;11;-16;11;-16;11;-17;10;-17;10;-17;10;-17;10;-17;10;-18;11;-18;11;-18;12;-18;12;-18;12;-18;12;-17;13;-16;13;-16;13;-15;14;-15;14;-15;14;-15;14;-14;15;-13;15;-12;5;-4;1;-2;-1;0;-1;-1;-1;-1;1;0;5;1;14;4;13;5;13;5;12;6;11;6;10;6;10;6;9;6;8;6;8;6;8;6;7;5;7;4;6;3;6;2;6;1;6;1;6;0;6;-1;7;-3;7;-4;7;-5;7;-6;7;-7;7;-7;8;-8;9;-10;9;-11;-117;0;-35;-37;-35;-37;-34;-37;-33;-36;-32;-34;-31;-33;-30;-32;-30;-30;-29;-29;-29;-28;-29;-28;-29;-27;-28;-27;-28;-27;-27;-27;-26;-26;-26;-27;-25;-27;-23;-27;-22;-27;-21;-26;-19;-26;-19;-25;-18;-25;-16;-25;-15;-25;-13;-25;-12;-26;-4;-10;-1;-3;0;0;1;0;0;0;-2;-1;-7;-3;-19;-8;-20;-9;-20;-10;-21;-11;-21;-13;-22;-14;-22;-15;-23;-17;-24;-18;-24;-20;-25;-21;-25;-22;-25;-23;-25;-24;-26;-25;-26;-26;-26;-27;-27;-28;-27;-29;-28;-29;-30;-30;-31;-31;-32;-32;-33;-33;-34;-34;-35;-35;-36;-36;-36;-37,transition,EXP_S045,ZONE_01,entree_zone,4.7,entree_zone,entree dans la zone
875772214,-49,6,a0:9f:7a:73:2b:3e,384,-110;-96;8;0;16;-4;11;-8;7;-12;4;-17;1;-21;0;-26;-1;-29;0;-32;1;-34;3;-34;4;-33;6;-31;6;-29;7;-25;6;-21;5;-16;2;-12;-2;-8;-6;-5;-10;-3;-15;-3;-18;-3;-21;-5;-23;-7;-24;-10;-6;-3;0;0;0;0;0;0;0;0;0;0;0;0;0;0;0;0;0;0;1;3;7;16;6;18;4;20;2;22;0;22;-1;22;-2;21;-3;19;-2;17;-1;15;0;12;3;9;6;7;10;6;13;4;17;3;21;2;24;2;28;1;31;1;33;1;35;2;35;3;34;4;32;4;30;4;-123;0;5;11;4;11;4;11;3;11;3;11;3;12;4;12;5;11;6;11;6;10;6;9;5;9;5;10;5;10;6;11;6;10;6;10;6;9;5;9;4;9;4;9;4;10;4;10;5;10;5;9;4;9;4;9;3;9;1;3;0;1;-1;-1;0;-1;0;-1;-1;0;-1;3;-3;8;-4;8;-4;9;-4;8;-4;8;-4;8;-4;7;-5;7;-5;7;-5;7;-5;8;-4;8;-4;8;-3;7;-3;7;-3;7;-3;7;-3;8;-2;8;-1;9;0;9;1;9;1;9;1;9;1;9;1;10;1;11;2;12;-123;0;20;-16;20;-16;20;-16;20;-15;19;-15;18;-14;17;-14;16;-14;15;-14;15;-15;15;-15;14;-15;14;-14;14;-14;13;-14;13;-14;13;-14;13;-13;13;-13;14;-12;13;-11;13;-10;12;-10;12;-9;12;-9;12;-9;12;-8;13;-7;4;-3;1;-1;-1;0;-1;0;-1;0;0;-1;2;-3;8;-7;8;-7;8;-7;9;-7;9;-8;10;-8;11;-8;12;-8;13;-8;13;-8;14;-8;14;-8;14;-9;15;-9;16;-9;16;-9;17;-9;17;-10;17;-10;17;-11;17;-12;18;-13;19;-13;19;-14;20;-14;21;-15;21;-15;21;-15,transition,EXP_S045,ZONE_01,entree_zone,4.7,entree_zone,entree dans la zone
875972472,-48,6,a0:9f:7a:73:2b:3e,384,-110;-96;8;0;-9;2;-2;4;5;6;12;7;18;9;23;10;27;12;29;12;30;12;30;13;29;13;27;13;24;12;20;11;16;9;11;7;5;4;0;0;-4;-4;-8;-8;-11;-11;-13;-15;-14;-18;-14;-20;-14;-22;-4;-6;0;0;0;0;0;0;0;0;0;0;0;0;0;0;0;0;0;0;3;-3;14;-12;17;-12;20;-12;22;-11;24;-10;24;-9;24;-8;22;-6;19;-5;15;-4;11;-4;6;-4;0;-4;-6;-4;-11;-5;-17;-5;-22;-5;-26;-5;-31;-5;-34;-5;-36;-5;-37;-5;-37;-4;-36;-3;-33;-2;-30;-2;104;0;-6;-17;-6;-17;-6;-17;-6;-16;-6;-16;-7;-16;-7;-16;-7;-15;-7;-15;-7;-15;-7;-14;-7;-14;-7;-14;-7;-15;-7;-15;-7;-15;-7;-15;-7;-14;-7;-14;-6;-14;-6;-14;-5;-14;-5;-14;-5;-14;-4;-14;-4;-14;-3;-14;-2;-14;-1;-5;-1;-2;0;0;0;0;0;0;-1;-2;-2;-5;-4;-13;-3;-13;-3;-13;-2;-13;-2;-13;-1;-13;-1;-13;-1;-13;-1;-14;0;-14;0;-14;0;-14;0;-14;0;-14;0;-14;0;-13;0;-13;-1;-14;-1;-14;-2;-14;-2;-15;-3;-15;-3;-15;-3;-15;-4;-16;-4;-16;-4;-17;-5;-18;104;0;-17;15;-17;14;-17;14;-16;14;-16;13;-15;13;-14;13;-14;13;-13;13;-13;12;-13;12;-13;12;-13;11;-12;11;-12;11;-12;10;-12;10;-12;10;-12;10;-12;9;-12;8;-11;8;-11;7;-11;7;-11;6;-11;6;-11;5;-11;4;-4;1;-2;0;0;-1;0;-1;0;-1;-1;0;-2;3;-5;8;-6;8;-6;8;-6;9;-7;9;-7;9;-8;10;-9;10;-9;10;-10;10;-11;10;-11;10;-12;10;-12;11;-13;11;-13;11;-13;11;-14;11;-14;11;-14;11;-14;12;-15;13;-15;14;-16;14;-16;14;-17;14;-17;14;-17;14,transition,EXP_S045,ZONE_01,entree_zone,4.7,entree_zone,entree dans la zone
876174345,-48,6,a0:9f:7a:73:2b:3e,384,-110;-96;8;0;15;8;17;4;19;1;21;-2;23;-5;25;-6;27;-7;28;-7;29;-6;29;-6;28;-5;27;-4;25;-3;22;-2;19;-2;16;-3;13;-5;10;-7;8;-10;7;-13;6;-15;7;-17;8;-19;10;-20;11;-20;3;-5;0;0;0;0;0;0;0;0;0;0;0;0;0;0;0;0;0;0;0;4;2;18;-1;20;-4;22;-8;22;-11;21;-13;19;-14;17;-13;14;-11;11;-8;9;-5;8;-1;8;3;9;7;11;10;13;13;16;15;19;16;21;17;24;17;25;17;27;16;27;15;27;15;25;14;23;14;21;-121;0;-15;9;-15;8;-14;7;-15;7;-15;7;-16;9;-15;10;-14;11;-12;12;-11;11;-10;11;-11;10;-11;11;-12;12;-12;13;-11;13;-10;13;-9;12;-9;11;-10;10;-11;10;-11;10;-11;11;-10;11;-10;11;-10;10;-10;9;-10;8;-4;2;-2;0;0;-1;1;-1;0;-1;-3;0;-8;2;-21;5;-22;4;-22;3;-22;2;-22;2;-21;1;-21;0;-21;-2;-21;-3;-21;-4;-22;-4;-21;-3;-20;-3;-19;-2;-18;-3;-18;-3;-18;-3;-18;-3;-19;-2;-19;0;-18;1;-17;2;-16;2;-16;2;-16;2;-17;3;-18;4;-19;5;-121;0;48;20;47;20;46;20;45;20;44;19;43;17;42;16;42;14;41;13;41;12;40;12;40;12;39;12;39;12;38;11;38;11;37;11;37;12;36;13;35;13;33;14;32;14;30;14;29;14;29;15;27;16;26;17;25;19;8;7;2;2;-1;-1;-2;-1;-1;-1;2;0;7;2;20;6;20;7;20;8;20;8;21;9;23;10;24;11;25;13;26;14;26;15;27;15;27;16;29;16;30;17;30;18;31;19;32;20;32;20;33;19;35;19;37;19;39;19;40;20;42;20;43;21;45;21;46;21;47;21,transition,EXP_S045,ZONE_01,entree_zone,4.7,entree_zone,entree dans la zone
876372273,-48,6,a0:9f:7a:73:2b:3e,384,-110;-96;8;0;-7;-6;-13;-5;-18;-4;-22;-4;-25;-3;-28;-3;-29;-2;-29;-2;-28;-2;-27;-2;-24;-1;-21;-1;-18;0;-13;0;-9;1;-4;3;0;4;4;6;8;8;11;10;13;11;14;13;14;14;14;15;14;15;3;4;0;0;0;0;0;0;0;0;0;0;0;0;0;0;0;0;0;0;-1;4;-2;19;-5;20;-8;21;-10;21;-12;20;-13;18;-13;15;-12;12;-10;8;-7;5;-3;1;1;-2;6;-4;11;-7;15;-8;19;-10;22;-11;25;-12;27;-12;28;-13;28;-13;26;-12;24;-12;21;-11;17;-10;13;-9;105;0;16;20;15;20;15;20;15;20;15;20;16;19;17;18;17;16;17;15;16;14;15;14;15;14;16;14;17;14;17;13;17;12;17;11;16;11;14;12;14;12;14;13;14;13;14;12;14;11;13;11;12;11;11;11;10;12;3;4;1;1;-1;-1;-2;-2;-1;-1;2;1;6;6;16;19;15;20;15;20;14;21;13;22;12;22;11;23;10;23;9;24;9;25;9;26;9;26;9;25;8;24;7;24;7;23;7;24;8;24;9;25;10;24;11;23;11;22;11;22;11;23;12;24;13;25;14;25;15;25;105;0;-9;-40;-8;-40;-7;-40;-7;-38;-7;-37;-8;-35;-9;-33;-9;-32;-10;-32;-10;-32;-10;-31;-10;-30;-10;-29;-10;-29;-10;-28;-10;-28;-10;-28;-9;-28;-8;-28;-7;-27;-6;-26;-6;-25;-6;-24;-6;-24;-5;-24;-4;-24;-2;-24;-1;-24;0;-9;0;-3;0;0;0;0;0;0;-1;-2;-2;-6;-5;-16;-5;-16;-5;-16;-6;-17;-6;-18;-6;-20;-5;-21;-5;-22;-4;-23;-4;-24;-4;-24;-4;-25;-4;-26;-4;-28;-4;-28;-3;-29;-2;-29;-2;-29;-3;-30;-4;-31;-5;-32;-6;-34;-6;-36;-6;-37;-6;-38;-7;-38;-7;-38;-8;-38,transition,EXP_S045,ZONE_01,entree_zone,4.7,entree_zone,entree dans la zone
876574581,-47,6,a0:9f:7a:73:2b:3e,384,-110;-96;8;0;-1;-4;-7;-7;-13;-10;-19;-12;-24;-14;-27;-15;-29;-16;-31;-16;-31;-16;-30;-15;-28;-14;-25;-13;-22;-11;-17;-9;-12;-6;-7;-3;-2;0;3;3;8;7;11;10;14;13;16;15;17;17;17;19;16;20;4;5;0;0;0;0;0;0;0;0;0;0;0;0;0;0;0;0;0;0;-5;0;-21;2;-23;1;-25;-1;-26;-3;-26;-4;-25;-5;-24;-6;-20;-6;-16;-6;-12;-5;-7;-3;-2;-1;3;1;9;4;14;6;18;9;22;11;26;12;29;13;31;14;32;14;32;13;31;12;28;11;24;9;21;6;98;0;-1;18;-1;17;-1;17;-2;17;-1;17;-1;17;0;17;0;16;1;15;1;15;1;14;1;14;1;15;1;15;1;15;1;15;1;14;0;14;0;14;-1;13;-2;13;-2;13;-2;13;-2;13;-2;13;-2;12;-3;12;-4;12;-2;4;-1;1;0;-1;-1;-1;-1;-1;0;1;1;4;2;12;1;13;1;13;0;13;-1;13;-1;13;-2;13;-2;13;-3;14;-4;14;-4;14;-4;14;-4;14;-4;14;-4;14;-4;14;-4;14;-4;14;-4;15;-3;15;-3;15;-3;15;-3;15;-3;15;-3;16;-2;17;-2;18;-2;18;98;0;14;-17;14;-17;14;-16;14;-15;13;-14;13;-14;12;-14;11;-14;11;-14;10;-14;11;-14;11;-13;11;-13;10;-13;10;-12;10;-12;10;-12;11;-12;11;-11;11;-10;11;-10;11;-9;10;-8;10;-8;10;-8;11;-7;11;-6;11;-6;4;-2;1;-1;-1;0;-1;0;-1;0;0;-1;1;-4;2;-9;3;-9;3;-9;4;-10;4;-10;5;-10;5;-11;6;-11;7;-11;7;-11;8;-11;8;-11;8;-11;9;-12;10;-12;10;-12;10;-12;11;-12;11;-12;11;-13;11;-14;11;-14;12;-15;13;-15;13;-15;13;-15;13;-16;13;-16,transition,EXP_S045,ZONE_01,entree_zone,4.7,entree_zone,entree dans la zone
876772470,-51,6,a0:9f:7a:73:2b:3e,384,-110;-96;8;0;-9;-2;-3;1;4;4;10;7;15;9;19;10;22;12;24;13;26;13;26;13;25;12;24;12;21;11;18;10;14;9;9;6;5;4;0;1;-4;-3;-8;-6;-11;-9;-13;-12;-14;-14;-15;-17;-15;-18;-4;-5;0;0;0;0;0;0;0;0;0;0;0;0;0;0;0;0;0;0;3;-1;15;-3;18;-2;20;-1;22;0;24;2;24;3;24;4;22;4;19;4;16;3;12;3;8;1;3;-1;-2;-3;-7;-6;-12;-8;-16;-9;-21;-11;-25;-13;-28;-14;-30;-14;-32;-14;-32;-13;-31;-12;-29;-11;-27;-10;102;0;-2;-34;-2;-33;-2;-32;-2;-32;-2;-31;-3;-31;-4;-31;-4;-30;-5;-29;-6;-28;-6;-28;-6;-28;-5;-28;-5;-28;-5;-28;-5;-28;-5;-28;-5;-28;-4;-27;-4;-27;-3;-26;-2;-26;-2;-26;-2;-26;-1;-25;0;-24;2;-24;3;-23;1;-9;0;-3;-1;0;0;1;-1;0;-1;-3;-1;-9;-2;-24;-1;-24;0;-25;1;-25;2;-25;3;-25;3;-25;4;-25;5;-26;5;-26;6;-26;6;-26;5;-26;5;-26;5;-26;5;-26;5;-26;6;-26;5;-27;4;-27;4;-28;3;-29;2;-29;2;-30;2;-31;1;-32;1;-33;0;-34;102;0;-36;14;-36;14;-35;13;-34;13;-33;12;-32;12;-30;13;-29;13;-28;13;-28;13;-27;13;-27;13;-27;13;-26;13;-25;12;-25;12;-25;12;-25;11;-25;10;-24;10;-24;9;-23;8;-22;7;-22;7;-21;6;-21;5;-21;3;-21;2;-8;0;-3;-1;0;-1;0;-1;0;-1;-2;1;-5;4;-14;11;-15;11;-15;11;-17;11;-18;11;-19;11;-20;11;-22;11;-23;11;-24;11;-25;10;-26;10;-26;10;-27;9;-28;9;-29;9;-30;9;-30;9;-30;9;-31;10;-31;11;-33;12;-34;12;-35;13;-36;13;-36;13;-37;13;-37;13,transition,EXP_S045,ZONE_01,entree_zone,4.7,entree_zone,entree dans la zone
876976136,-52,6,a0:9f:7a:73:2b:3e,384,-110;-96;8;0;-7;5;0;4;7;3;13;2;19;1;24;0;28;-1;31;-2;33;-3;33;-4;33;-4;32;-4;29;-4;26;-4;22;-4;17;-3;11;-3;5;-4;-1;-5;-7;-6;-12;-7;-16;-9;-19;-10;-22;-12;-23;-14;-6;-4;0;0;0;0;0;0;0;0;0;0;0;0;0;0;0;0;0;0;1;-4;6;-14;9;-15;13;-14;16;-14;19;-12;20;-11;20;-9;19;-6;17;-4;14;-2;11;0;6;1;1;2;-4;2;-9;3;-14;3;-19;4;-23;5;-27;5;-30;6;-32;7;-33;7;-33;8;-31;8;-29;8;-26;8;104;0;-13;-12;-13;-11;-12;-11;-12;-11;-12;-11;-12;-11;-13;-10;-13;-10;-13;-9;-13;-8;-12;-8;-12;-8;-12;-9;-13;-9;-13;-9;-13;-9;-13;-9;-12;-8;-12;-8;-11;-9;-11;-9;-10;-9;-10;-10;-10;-10;-10;-10;-9;-10;-9;-10;-8;-10;-3;-4;-1;-2;0;0;0;0;0;0;-2;-1;-4;-4;-11;-9;-11;-10;-10;-11;-10;-11;-10;-12;-9;-12;-9;-12;-8;-13;-8;-13;-8;-13;-7;-14;-7;-14;-7;-14;-7;-13;-7;-13;-7;-13;-7;-13;-7;-13;-7;-13;-8;-13;-8;-12;-9;-12;-9;-12;-10;-12;-10;-12;-10;-12;-11;-13;-11;-13;104;0;-7;19;-8;19;-8;19;-8;19;-8;18;-8;18;-7;17;-7;17;-7;17;-7;17;-7;17;-8;17;-8;17;-8;16;-8;16;-8;16;-8;16;-9;16;-10;15;-10;15;-11;14;-11;13;-11;12;-11;11;-11;11;-12;10;-12;9;-13;8;-5;3;-2;0;0;-1;0;-1;0;-1;-1;0;-1;1;-2;4;-2;4;-2;5;-2;5;-2;5;-2;6;-2;7;-3;8;-3;8;-4;8;-4;8;-4;9;-4;9;-5;10;-5;10;-5;11;-5;11;-6;11;-5;12;-5;12;-5;13;-5;15;-5;16;-6;16;-7;17;-7;17;-7;18;-7;18,transition,EXP_S045,ZONE_01,entree_zone,4.7,entree_zone,entree dans la zone
877173529,-51,6,a0:9f:7a:73:2b:3e,384,-110;-96;8;0;16;-15;10;-13;4;-10;-2;-8;-8;-7;-14;-7;-19;-8;-23;-8;-26;-9;-29;-10;-30;-12;-30;-13;-29;-15;-27;-15;-23;-15;-20;-14;-16;-13;-12;-9;-8;-6;-5;-2;-3;3;-2;7;-2;11;-3;15;-4;17;-2;4;0;0;0;0;0;0;0;0;0;0;0;0;0;0;0;0;0;0;2;1;9;7;10;9;11;12;11;14;11;16;11;18;10;18;9;19;8;18;7;17;6;14;6;12;6;8;7;5;8;0;9;-4;10;-8;13;-12;15;-16;17;-20;20;-23;22;-25;24;-26;25;-27;26;-26;26;-25;-125;0;29;5;28;5;28;5;27;4;27;4;27;3;27;2;26;1;26;1;26;0;25;-1;25;-1;25;-1;25;-1;25;-1;25;-2;25;-2;25;-2;24;-2;24;-1;23;-1;23;-1;23;0;22;0;22;0;22;1;21;2;21;2;7;1;2;0;-1;-1;-1;-1;-1;-1;1;1;3;4;10;11;10;12;10;12;10;12;10;12;10;12;10;12;10;12;10;12;11;12;11;12;12;12;12;12;13;11;13;11;14;10;14;10;15;10;16;10;18;9;19;9;20;8;21;8;23;8;24;8;25;8;25;8;26;7;-125;0;23;-41;23;-41;23;-41;23;-40;22;-39;21;-38;20;-37;19;-36;17;-35;16;-35;16;-34;15;-34;15;-33;15;-33;16;-32;16;-32;16;-31;16;-31;16;-30;17;-28;17;-27;17;-26;17;-24;17;-23;17;-22;18;-20;18;-19;19;-18;7;-6;2;-2;-1;0;-1;1;-1;0;0;-2;0;-7;2;-18;3;-19;4;-19;5;-20;6;-21;7;-22;8;-23;9;-24;10;-25;12;-25;13;-26;14;-27;15;-27;16;-28;17;-28;18;-29;18;-29;19;-30;19;-30;20;-32;20;-33;20;-35;21;-36;21;-38;22;-39;22;-40;23;-41;23;-42,transition,EXP_S045,ZONE_01,entree_zone,4.7,entree_zone,entree dans la zone
877377268,-53,6,a0:9f:7a:73:2b:3e,384,-110;-96;8;0;-28;10;-21;7;-12;5;-3;3;5;2;13;1;20;0;26;0;31;0;35;1;37;2;37;3;37;5;35;6;31;7;26;8;21;7;14;6;8;4;2;1;-4;-2;-8;-5;-12;-9;-15;-13;-16;-16;-5;-5;0;0;0;0;0;0;0;0;0;0;0;0;0;0;0;0;0;0;1;-1;7;-5;7;-7;8;-10;9;-13;10;-15;11;-18;12;-20;12;-22;13;-23;13;-23;12;-22;10;-20;8;-18;5;-15;2;-11;-3;-7;-7;-3;-13;1;-18;5;-24;9;-29;13;-34;15;-38;17;-41;19;-42;19;-41;18;104;0;-22;1;-22;1;-21;1;-20;1;-20;1;-20;0;-20;1;-20;1;-20;2;-19;2;-19;2;-18;2;-18;2;-18;1;-19;1;-19;2;-19;2;-18;2;-18;2;-17;1;-17;1;-16;0;-17;0;-17;0;-16;0;-16;-1;-16;-1;-15;-2;-6;-1;-2;-1;0;-1;0;0;0;0;-1;-1;-2;-1;-5;-1;-6;-1;-6;-1;-6;-1;-7;-1;-7;-1;-8;-1;-8;0;-8;-1;-8;-1;-9;-1;-10;-1;-11;-1;-12;-1;-12;0;-12;0;-12;0;-13;-1;-14;-1;-15;-1;-16;0;-17;0;-17;1;-18;1;-18;1;-19;0;-20;0;-20;0;104;0;-11;22;-12;22;-12;22;-11;21;-11;20;-11;20;-10;19;-9;18;-8;18;-8;18;-8;18;-8;18;-8;18;-8;17;-8;16;-8;16;-8;15;-8;15;-8;15;-8;15;-8;14;-9;13;-8;12;-8;11;-8;11;-8;10;-9;10;-9;9;-4;3;-2;0;0;-1;0;-1;0;-1;-1;1;-1;3;-3;10;-4;10;-5;10;-5;10;-6;11;-6;11;-6;12;-7;12;-8;13;-8;13;-9;13;-9;14;-10;14;-10;14;-10;14;-10;15;-11;15;-11;16;-11;16;-11;16;-11;17;-11;18;-11;19;-11;20;-12;21;-12;21;-12;22;-12;22,transition,EXP_S045,ZONE_01,entree_zone,4.7,entree_zone,entree dans la zone
877573556,-51,6,a0:9f:7a:73:2b:3e,384,-110;-96;8;0;16;-19;11;-13;5;-6;0;2;-6;8;-10;15;-14;20;-17;24;-19;27;-21;29;-23;30;-23;30;-23;29;-22;26;-20;22;-18;17;-15;12;-12;6;-8;0;-4;-5;0;-10;4;-14;8;-17;12;-19;15;-20;3;-5;0;0;0;0;0;0;0;0;0;0;0;0;0;0;0;0;0;0;-3;0;-10;2;-11;5;-13;8;-15;11;-17;14;-18;17;-19;19;-19;20;-19;21;-18;20;-16;19;-14;17;-10;14;-6;10;-1;6;3;1;8;-4;13;-9;17;-15;21;-21;25;-26;28;-30;29;-32;31;-34;30;-35;29;-34;100;0;22;-7;22;-7;21;-7;21;-7;21;-7;21;-7;20;-7;20;-8;19;-8;18;-9;18;-9;18;-9;18;-9;18;-9;18;-9;18;-9;18;-9;18;-9;17;-9;17;-8;17;-7;17;-7;16;-7;16;-7;16;-6;16;-6;16;-5;16;-4;5;-2;1;-1;-1;0;-1;0;-1;0;0;-1;2;-1;6;-1;6;-1;7;-1;7;-1;8;-1;8;-1;9;-2;9;-2;10;-1;10;-1;11;-1;12;-1;12;-2;13;-2;13;-2;13;-2;14;-2;14;-2;15;-2;16;-3;17;-3;17;-4;18;-4;19;-5;19;-5;20;-5;21;-5;21;-6;100;0;1;-24;1;-24;0;-23;0;-23;0;-22;0;-21;-1;-20;-1;-19;-2;-19;-2;-18;-3;-18;-3;-18;-3;-17;-3;-17;-2;-17;-2;-16;-2;-16;-2;-15;-2;-15;-2;-15;-2;-14;-1;-13;-1;-13;-1;-12;-1;-12;-1;-12;0;-12;0;-12;0;-4;0;-2;0;0;0;0;-1;0;-1;-2;-1;-5;-2;-13;-1;-13;0;-13;0;-14;1;-14;1;-15;1;-15;1;-16;2;-16;2;-17;2;-17;3;-17;3;-18;3;-18;3;-18;3;-19;3;-19;4;-19;4;-20;3;-20;3;-20;2;-21;2;-22;2;-23;1;-23;1;-24;1;-24;1;-24,transition,EXP_S045,ZONE_01,entree_zone,4.7,entree_zone,entree dans la zone
877772982,-53,6,a0:9f:7a:73:2b:3e,384,-110;-96;8;0;13;13;10;6;8;-2;7;-9;7;-16;8;-21;9;-26;11;-29;13;-31;15;-32;16;-31;17;-28;18;-25;18;-21;16;-16;13;-12;8;-8;3;-5;-3;-3;-8;-2;-13;-2;-17;-4;-20;-6;-21;-8;-22;-11;-6;-3;0;0;0;0;0;0;0;0;0;0;0;0;0;0;0;0;0;0;-3;2;-12;9;-14;10;-15;11;-16;12;-17;13;-18;14;-18;15;-18;15;-18;14;-17;14;-15;13;-12;13;-9;12;-5;12;-1;12;4;13;8;13;13;15;18;16;22;19;25;21;28;23;29;25;29;26;28;26;26;26;124;0;-14;29;-14;29;-14;29;-15;28;-15;28;-15;28;-14;28;-13;28;-13;27;-12;27;-12;27;-12;27;-12;27;-13;26;-13;26;-14;26;-14;25;-14;25;-14;23;-15;23;-15;22;-15;21;-15;20;-15;20;-15;19;-16;18;-17;17;-18;16;-7;5;-2;1;0;-1;0;-1;0;-1;-1;0;-3;2;-8;5;-8;5;-8;5;-8;5;-8;5;-8;6;-8;6;-8;7;-9;7;-9;8;-9;8;-9;9;-9;10;-9;11;-9;12;-9;13;-9;14;-9;15;-10;16;-10;17;-10;19;-10;20;-10;21;-11;22;-12;23;-13;25;-13;26;-13;27;124;0;46;22;45;22;44;21;43;20;42;19;41;18;39;16;38;15;37;14;36;14;35;13;34;13;34;13;34;12;33;12;33;12;32;12;31;13;30;13;29;13;27;13;26;13;24;13;23;13;22;14;21;14;19;15;18;15;6;5;1;1;-1;-1;-2;-1;-1;-1;2;0;9;0;26;3;26;4;26;5;27;7;27;9;28;10;29;11;30;12;31;13;32;14;33;15;33;16;33;18;33;18;34;19;34;20;35;20;35;20;36;21;37;21;38;21;40;20;41;20;43;21;44;21;44;21;45;22;46;21,transition,EXP_S045,ZONE_01,entree_zone,4.7,entree_zone,entree dans la zone
877972296,-51,6,a0:9f:7a:73:2b:3e,384,-110;-96;8;0;13;0;7;3;2;7;-2;12;-5;16;-7;21;-8;24;-8;27;-7;30;-5;31;-4;31;-3;30;-2;28;-1;25;-1;21;-2;17;-3;12;-4;7;-6;2;-8;-2;-10;-5;-13;-8;-15;-10;-17;-12;-17;-13;-5;-4;0;0;0;0;0;0;0;0;0;0;0;0;0;0;0;0;0;0;-3;-4;-9;-16;-8;-19;-8;-22;-8;-24;-8;-26;-8;-27;-7;-27;-7;-26;-6;-24;-5;-21;-3;-17;-1;-13;2;-9;5;-5;9;-2;14;1;18;3;23;4;27;4;31;4;34;3;36;1;37;-1;36;-4;34;-5;31;-6;66;0;20;10;20;9;19;9;19;9;18;9;18;9;18;9;18;8;17;8;17;7;16;7;16;7;16;7;16;8;16;8;15;8;15;8;14;8;14;8;13;8;12;9;12;9;11;9;11;9;11;9;10;9;9;10;8;10;2;3;0;1;-1;-1;-1;0;-1;-1;1;-1;5;-1;15;-1;15;0;16;1;16;2;16;3;16;4;16;5;16;5;16;6;16;7;16;8;16;8;16;8;16;8;16;9;15;9;15;9;15;9;16;9;16;9;17;9;17;9;18;9;18;9;18;9;19;10;19;10;20;10;66;0;3;-16;3;-16;4;-16;4;-15;4;-15;4;-14;4;-13;4;-13;3;-13;3;-13;3;-13;4;-12;4;-12;4;-12;4;-11;4;-11;4;-10;5;-10;5;-10;5;-10;6;-9;6;-8;5;-7;5;-7;6;-6;6;-6;6;-6;6;-5;2;-2;0;-1;-1;0;0;0;0;0;-1;-1;-2;-2;-4;-6;-4;-6;-4;-7;-3;-7;-3;-7;-3;-8;-3;-9;-3;-10;-2;-10;-2;-10;-1;-10;-1;-11;-1;-11;0;-11;0;-12;0;-12;1;-12;1;-12;1;-12;1;-13;1;-13;1;-14;1;-14;2;-15;2;-16;3;-16;3;-16;3;-16,transition,EXP_S045,ZONE_01,entree_zone,4.7,entree_zone,entree dans la zone
878180992,-55,6,a0:9f:7a:73:2b:3e,384,-110;-96;8;0;-13;-13;-10;-6;-8;1;-6;8;-5;14;-4;20;-3;24;-3;28;-3;30;-3;32;-4;33;-4;32;-5;30;-5;28;-4;24;-4;20;-3;15;-1;10;2;5;5;1;8;-3;11;-6;14;-8;17;-10;19;-10;5;-3;0;0;0;0;0;0;0;0;0;0;0;0;0;0;0;0;0;0;2;-2;11;-7;14;-6;18;-5;22;-3;24;-1;26;1;26;3;25;5;23;6;20;6;17;6;12;4;8;2;3;-2;-2;-5;-6;-9;-9;-13;-13;-17;-16;-21;-19;-24;-21;-28;-22;-30;-23;-31;-23;-31;-22;-30;-21;-29;108;0;6;-16;6;-16;5;-15;5;-15;5;-15;5;-14;5;-15;4;-15;4;-14;3;-14;3;-14;3;-14;3;-14;3;-13;3;-13;3;-13;3;-13;3;-13;3;-12;3;-12;3;-12;3;-11;3;-11;3;-11;3;-11;4;-11;4;-10;4;-10;1;-4;0;-1;-1;0;-1;0;-1;0;0;-2;1;-5;4;-13;4;-12;5;-12;6;-12;6;-12;6;-12;6;-12;7;-12;7;-11;7;-11;8;-11;8;-11;8;-11;8;-11;8;-11;8;-11;8;-11;8;-11;8;-12;7;-12;7;-13;7;-13;7;-13;6;-14;7;-14;7;-14;7;-15;7;-15;108;0;-22;-10;-22;-10;-22;-10;-21;-10;-21;-10;-20;-9;-20;-9;-19;-8;-19;-8;-19;-8;-19;-8;-18;-8;-18;-8;-18;-8;-17;-8;-17;-8;-17;-8;-16;-8;-16;-8;-15;-9;-15;-9;-14;-9;-13;-9;-13;-9;-12;-9;-12;-10;-11;-10;-10;-11;-4;-4;-1;-2;0;0;0;0;0;0;-2;-1;-4;-1;-10;-2;-10;-2;-10;-3;-10;-3;-11;-3;-11;-4;-12;-4;-12;-5;-13;-5;-13;-5;-13;-6;-14;-6;-14;-7;-14;-7;-15;-7;-15;-7;-15;-8;-16;-8;-16;-8;-17;-8;-17;-8;-18;-8;-19;-8;-20;-9;-21;-9;-21;-10;-22;-10;-22;-10,transition,EXP_S045,ZONE_01,entree_zone,4.7,entree_zone,entree dans la zone
878372527,-56,6,a0:9f:7a:73:2b:3e,384,-110;-96;8;0;-19;3;-12;6;-5;9;1;12;7;16;12;19;15;22;18;24;20;25;21;26;21;26;20;26;19;25;17;22;15;19;13;15;11;10;10;5;9;0;9;-5;9;-10;10;-13;11;-16;12;-18;13;-20;3;-5;0;0;0;0;0;0;0;0;0;0;0;0;0;0;0;0;0;0;-1;-2;-2;-8;-1;-12;1;-18;3;-23;7;-27;10;-29;14;-30;17;-29;19;-27;20;-24;18;-20;16;-15;11;-11;6;-7;-1;-4;-7;-2;-14;0;-21;1;-27;2;-32;2;-37;1;-40;1;-42;0;-42;0;-41;-1;-39;-1;116;0;-13;-12;-12;-12;-12;-11;-11;-11;-11;-10;-11;-10;-11;-10;-11;-9;-11;-8;-11;-7;-10;-7;-10;-7;-10;-7;-10;-7;-10;-7;-11;-7;-10;-6;-10;-6;-9;-6;-9;-6;-8;-6;-8;-6;-8;-6;-8;-6;-8;-6;-7;-6;-7;-6;-6;-6;-2;-2;-1;-1;0;0;0;0;0;0;-2;-1;-5;-3;-12;-7;-12;-8;-11;-9;-11;-10;-11;-11;-12;-11;-11;-11;-11;-12;-11;-13;-10;-13;-10;-14;-10;-15;-10;-15;-10;-14;-9;-14;-9;-14;-9;-14;-9;-14;-9;-14;-9;-14;-10;-14;-10;-14;-11;-13;-11;-13;-11;-13;-11;-14;-11;-14;-11;-14;116;0;-18;18;-18;18;-18;18;-18;18;-17;18;-17;17;-16;17;-15;17;-14;18;-13;18;-13;18;-13;18;-13;17;-12;17;-12;17;-12;16;-12;16;-12;16;-12;16;-12;15;-12;15;-12;14;-11;13;-11;13;-11;12;-12;12;-12;11;-13;11;-5;4;-2;1;0;-1;0;-1;0;-1;-2;0;-4;2;-12;7;-12;7;-12;6;-13;6;-13;6;-13;6;-14;7;-14;7;-15;7;-16;7;-16;6;-16;6;-16;7;-16;7;-17;8;-17;8;-17;8;-18;8;-18;9;-18;9;-18;11;-18;12;-18;13;-19;14;-19;15;-19;15;-19;16;-19;16,transition,EXP_S045,ZONE_01,entree_zone,4.7,entree_zone,entree dans la zone
878572452,-56,6,a0:9f:7a:73:2b:3e,384,-110;-96;8;0;5;28;4;19;3;10;1;1;0;-7;-2;-15;-3;-22;-5;-27;-7;-31;-8;-34;-9;-35;-9;-36;-10;-34;-10;-32;-9;-29;-7;-25;-6;-20;-5;-14;-3;-7;-2;-2;-1;4;0;9;0;13;1;17;1;19;0;5;0;0;0;0;0;0;0;0;0;0;0;0;0;0;0;0;0;0;-1;0;-4;-2;-4;-6;-6;-11;-6;-16;-6;-21;-6;-26;-6;-30;-5;-32;-4;-33;-3;-33;-2;-31;-1;-27;0;-22;1;-16;1;-10;1;-3;1;5;2;12;3;20;4;28;4;35;5;40;6;44;7;47;7;47;7;46;93;0;-2;23;-2;22;-1;22;-2;21;-2;20;-2;20;-2;19;-1;19;0;18;0;18;1;17;0;16;0;16;0;16;0;16;0;16;0;16;1;15;0;14;0;14;0;13;-1;13;-1;13;-1;13;-1;12;-1;11;-1;11;-2;10;-1;3;-1;1;-1;-1;-1;-1;-1;-1;0;1;1;4;2;12;2;12;1;13;0;13;0;14;0;15;0;15;-1;15;-1;16;-2;16;-3;17;-3;17;-3;18;-3;18;-3;18;-3;18;-3;18;-4;18;-4;18;-4;19;-4;20;-3;21;-3;21;-3;21;-3;21;-3;22;-3;22;-4;22;93;0;20;11;20;11;21;11;20;12;20;11;19;11;18;10;17;10;17;9;17;8;17;7;17;7;16;7;16;7;15;7;15;7;14;7;14;6;14;6;14;7;13;7;12;7;12;6;11;6;11;6;11;6;10;6;10;7;3;2;1;0;-1;-1;-1;-1;-1;-1;1;0;3;1;9;5;9;6;9;6;8;7;8;7;9;7;9;7;10;7;10;8;11;9;11;10;11;10;11;10;11;9;12;9;13;10;13;10;13;11;13;11;14;11;14;11;16;11;17;11;18;11;20;12;20;12;20;12;20;12,transition,EXP_S045,ZONE_01,entree_zone,4.7,entree_zone,entree dans la zone
878772293,-56,6,a0:9f:7a:73:2b:3e,384,-110;-96;8;0;-11;15;-5;9;1;3;6;-3;11;-9;16;-14;20;-18;22;-22;24;-24;25;-26;26;-27;25;-26;24;-25;22;-23;20;-20;17;-16;12;-12;8;-7;2;-3;-3;1;-8;4;-13;6;-18;8;-22;9;-25;9;-7;2;0;0;0;0;0;0;0;0;0;0;0;0;0;0;0;0;0;0;0;-3;1;-12;3;-15;5;-19;7;-22;10;-25;12;-26;13;-27;14;-26;15;-25;14;-22;13;-19;10;-15;6;-10;3;-5;-2;1;-7;6;-11;11;-15;15;-19;21;-23;25;-25;28;-27;31;-28;32;-28;32;-27;31;-25;30;102;0;-22;0;-21;-1;-20;-1;-20;-1;-19;-1;-19;0;-19;0;-19;1;-18;2;-18;2;-18;3;-17;3;-17;3;-17;3;-18;3;-18;3;-17;3;-17;3;-17;2;-16;2;-16;1;-16;1;-16;1;-16;1;-16;1;-16;0;-15;-1;-15;-2;-6;-1;-2;-1;0;-1;0;-1;0;0;-2;0;-5;0;-13;1;-13;0;-13;0;-14;-1;-14;-1;-14;-2;-15;-2;-15;-2;-15;-3;-15;-3;-16;-4;-16;-4;-16;-4;-16;-4;-16;-4;-16;-4;-16;-4;-17;-5;-17;-4;-18;-4;-18;-4;-19;-3;-19;-3;-19;-2;-20;-2;-20;-2;-21;-2;-21;-2;102;0;-1;23;-1;23;-1;23;-1;23;-2;22;-1;21;-1;20;-1;20;0;19;0;19;0;19;0;18;0;18;0;18;0;18;0;17;0;17;-1;17;-1;17;-2;17;-2;16;-3;15;-3;15;-3;14;-4;14;-4;14;-5;13;-6;13;-2;4;-1;1;0;-1;-1;-1;-1;-1;0;1;0;3;1;10;0;11;0;11;0;11;0;11;-1;12;-1;13;-1;13;-1;14;-2;14;-2;14;-2;15;-3;15;-3;15;-3;16;-3;16;-3;16;-3;17;-3;17;-2;18;-2;18;-1;19;-1;20;-1;21;-1;22;-1;22;-1;23;-1;23,transition,EXP_S045,ZONE_01,entree_zone,4.7,entree_zone,entree dans la zone
878974322,-53,6,a0:9f:7a:73:2b:3e,384,-110;-96;8;0;-3;26;-1;19;1;12;5;6;8;0;12;-5;16;-9;19;-12;22;-15;24;-16;25;-16;26;-16;27;-15;26;-13;24;-11;21;-9;18;-8;13;-7;9;-6;4;-6;0;-7;-4;-8;-8;-10;-10;-13;-12;-15;-3;-4;0;0;0;0;0;0;0;0;0;0;0;0;0;0;0;0;0;0;-1;-2;-5;-4;-8;-3;-13;-2;-17;-2;-21;-2;-25;-3;-28;-5;-30;-7;-30;-9;-30;-10;-28;-11;-25;-11;-21;-10;-17;-8;-13;-4;-9;0;-5;6;-2;12;1;18;2;24;3;30;3;34;3;38;2;40;1;41;0;41;118;0;-13;10;-13;10;-13;10;-12;9;-12;9;-11;9;-11;9;-10;9;-10;9;-9;9;-9;9;-9;9;-8;8;-8;8;-8;8;-8;8;-8;8;-8;8;-8;8;-7;7;-7;7;-7;7;-7;7;-7;7;-7;6;-7;6;-8;6;-8;5;-3;2;-1;0;0;-1;0;-1;0;-1;-1;0;-2;2;-5;7;-5;7;-6;7;-6;7;-7;7;-7;7;-7;7;-8;7;-8;7;-9;7;-9;7;-10;7;-10;7;-11;7;-11;7;-11;7;-11;7;-11;7;-12;8;-12;8;-12;8;-12;8;-13;9;-13;9;-13;9;-13;9;-13;9;-13;9;118;0;2;23;3;23;3;22;3;22;3;21;3;21;3;20;4;19;4;19;4;18;5;17;5;17;5;17;5;17;5;17;5;17;5;17;4;16;4;16;3;16;3;16;2;15;2;15;2;15;1;15;0;14;-1;14;-2;14;-1;5;-1;1;-1;-1;-1;-1;-1;-1;0;1;1;4;4;12;4;12;3;13;3;14;2;14;2;15;2;15;1;16;1;17;0;17;0;18;0;18;0;18;-1;18;-1;19;-1;19;-1;19;-1;19;0;20;0;20;0;21;0;21;1;22;1;22;1;23;2;23;2;23;2;24,transition,EXP_S045,ZONE_01,entree_zone,4.7,entree_zone,entree dans la zone
879178853,-59,6,a0:9f:7a:73:2b:3e,384,-110;-96;8;0;18;24;14;18;10;11;7;3;4;-5;3;-12;2;-18;1;-23;1;-28;1;-31;1;-33;2;-34;3;-33;4;-32;5;-29;5;-26;4;-21;3;-16;0;-11;-3;-6;-6;-2;-10;1;-14;4;-18;5;-21;6;-6;1;0;0;0;0;0;0;0;0;0;0;0;0;0;0;0;0;0;0;-2;-1;-7;-2;-9;1;-12;3;-15;6;-19;8;-23;10;-27;11;-30;10;-32;10;-32;8;-32;7;-30;5;-26;4;-21;3;-16;3;-10;4;-4;6;3;8;11;11;17;16;22;20;26;23;30;27;31;30;31;32;31;33;124;0;4;19;4;18;3;17;3;16;3;16;3;15;3;15;3;15;4;15;4;14;4;13;4;13;4;12;4;12;4;13;4;13;4;13;4;12;3;12;3;11;3;11;2;11;2;11;2;11;2;11;1;11;1;10;0;10;0;3;-1;1;-1;-1;-1;-1;-1;-1;0;0;1;2;4;6;3;6;3;7;3;7;3;8;3;9;4;9;4;9;3;10;3;10;3;11;3;12;3;12;3;13;3;13;3;13;3;13;3;14;2;14;2;15;3;16;3;16;4;17;4;17;4;17;4;17;3;18;3;18;124;0;21;11;21;10;21;10;21;10;20;10;20;9;19;8;19;7;18;6;18;5;18;5;18;5;18;5;18;5;18;5;17;4;17;4;17;4;17;4;17;5;16;5;16;5;15;6;15;6;14;6;14;7;13;7;13;8;4;3;1;1;-1;-1;-1;-1;-1;-1;1;-1;4;0;13;1;14;2;14;3;14;4;14;5;15;5;15;6;16;7;16;8;16;9;16;10;16;10;16;11;16;11;16;11;17;11;17;11;17;12;17;12;17;12;18;12;19;12;20;11;20;12;21;12;21;12;22;12;22;12,transition,EXP_S045,ZONE_01,entree_zone,4.7,entree_zone,entree dans la zone
879372279,-58,6,a0:9f:7a:73:2b:3e,384,-110;-96;8;0;5;-32;3;-28;0;-23;-4;-20;-9;-18;-14;-17;-19;-17;-22;-19;-25;-21;-26;-23;-26;-26;-25;-29;-22;-30;-19;-31;-15;-30;-12;-27;-10;-23;-9;-19;-10;-15;-12;-12;-15;-9;-18;-8;-21;-8;-24;-9;-26;-11;-7;-3;0;0;0;0;0;0;0;0;0;0;0;0;0;0;0;0;0;0;1;-3;5;-11;6;-12;6;-14;7;-15;8;-16;8;-17;10;-18;11;-19;12;-20;13;-20;14;-19;14;-18;14;-17;13;-16;11;-16;8;-16;5;-17;2;-19;-1;-22;-3;-25;-5;-29;-5;-34;-5;-37;-3;-40;-1;-42;1;-42;-111;0;5;-12;4;-11;4;-10;4;-9;5;-9;6;-9;7;-9;7;-10;6;-10;5;-10;5;-9;5;-8;5;-8;6;-8;7;-8;7;-8;7;-9;6;-8;6;-8;6;-7;7;-6;7;-5;8;-5;8;-5;8;-6;8;-5;7;-4;7;-4;2;-2;0;-1;-1;0;-1;0;-1;0;0;-1;0;-1;1;-2;2;-2;2;-2;2;-2;2;-3;1;-3;1;-3;0;-3;0;-3;1;-3;1;-3;2;-4;2;-4;1;-5;1;-6;1;-5;1;-5;1;-5;2;-6;3;-7;3;-8;3;-9;2;-9;2;-9;2;-8;3;-8;4;-9;5;-9;-111;0;-13;-28;-13;-28;-13;-28;-13;-28;-12;-28;-12;-27;-12;-26;-12;-26;-12;-25;-12;-24;-12;-24;-12;-25;-11;-25;-11;-25;-10;-25;-10;-24;-9;-25;-9;-25;-8;-25;-7;-25;-6;-25;-5;-24;-4;-24;-3;-23;-2;-23;-1;-23;1;-23;2;-23;1;-9;0;-3;0;0;0;0;0;0;-2;-1;-4;-3;-10;-8;-10;-9;-10;-9;-10;-10;-10;-11;-10;-12;-10;-13;-11;-14;-11;-15;-11;-16;-10;-17;-10;-17;-10;-18;-9;-18;-9;-19;-10;-20;-10;-20;-10;-21;-10;-22;-10;-22;-11;-23;-11;-23;-12;-24;-13;-25;-13;-26;-13;-27;-13;-28;-13;-29,transition,EXP_S045,ZONE_01,entree_zone,4.7,entree_zone,entree dans la zone
879572658,-58,6,a0:9f:7a:73:2b:3e,384,-110;-96;8;0;-37;20;-30;15;-21;11;-12;6;-4;1;4;-4;12;-8;18;-12;22;-17;26;-20;29;-23;31;-25;32;-25;31;-24;29;-23;25;-20;21;-17;16;-14;10;-10;4;-7;-2;-4;-7;-1;-12;2;-17;5;-21;6;-6;1;0;0;0;0;0;0;0;0;0;0;0;0;0;0;0;0;0;0;-1;0;-3;3;1;0;5;-4;9;-8;14;-11;19;-14;24;-17;29;-19;32;-20;34;-20;34;-20;33;-19;30;-16;26;-13;21;-10;14;-7;7;-3;-1;2;-10;6;-18;10;-27;14;-34;18;-39;22;-44;25;-47;27;-48;27;95;0;-25;10;-25;10;-24;10;-23;10;-22;9;-22;9;-21;9;-20;9;-20;9;-19;9;-18;9;-18;9;-17;8;-17;8;-17;8;-17;8;-17;8;-16;7;-16;7;-15;6;-15;5;-14;5;-14;4;-14;4;-14;3;-13;3;-13;2;-13;2;-5;0;-2;0;0;-1;0;-1;0;-1;-1;0;-4;3;-9;8;-10;8;-11;7;-12;8;-12;8;-13;8;-14;8;-14;9;-15;8;-16;8;-17;8;-18;8;-19;8;-19;8;-20;8;-20;8;-20;8;-20;8;-21;8;-22;8;-22;9;-23;9;-23;10;-24;10;-24;10;-25;10;-25;10;-25;9;95;0;-15;20;-15;21;-14;21;-14;21;-13;20;-12;20;-12;19;-11;19;-10;19;-9;19;-8;19;-8;19;-8;18;-8;18;-8;18;-8;18;-8;18;-8;18;-8;17;-8;17;-9;17;-9;16;-9;15;-9;15;-9;14;-10;14;-10;13;-11;13;-4;4;-2;1;0;-1;0;-1;0;-1;-1;1;-2;4;-5;12;-6;12;-7;12;-8;12;-8;12;-9;13;-9;13;-10;14;-11;14;-12;14;-13;14;-13;14;-13;14;-13;14;-14;14;-14;14;-14;15;-14;15;-15;15;-15;16;-15;16;-15;17;-15;18;-15;19;-15;20;-15;21;-15;21;-15;21,transition,EXP_S045,ZONE_01,entree_zone,4.7,entree_zone,entree dans la zone
879772946,-57,6,a0:9f:7a:73:2b:3e,384,-110;-96;8;0;29;-6;21;-6;12;-7;4;-9;-4;-11;-10;-14;-16;-17;-20;-20;-23;-23;-24;-26;-25;-27;-24;-28;-22;-28;-20;-26;-17;-24;-14;-20;-12;-16;-10;-11;-9;-5;-9;0;-9;5;-11;10;-12;13;-15;15;-17;16;-5;4;0;0;0;0;0;0;0;0;0;0;0;0;0;0;0;0;0;0;-2;1;-7;4;-4;7;-1;11;1;16;3;22;3;27;3;31;1;35;-1;37;-3;38;-6;36;-7;33;-7;28;-5;22;-2;16;1;10;6;4;12;-1;19;-6;25;-11;32;-13;38;-15;43;-15;46;-14;47;-13;46;-11;121;0;18;6;18;6;17;5;16;5;15;5;15;5;15;5;15;5;14;4;14;4;13;3;13;3;12;4;12;4;12;4;12;4;12;4;11;4;11;4;10;4;9;4;9;4;9;5;9;5;9;5;8;5;7;5;7;5;2;1;0;0;-1;-1;-1;0;-1;0;0;-1;3;-1;9;-2;9;-2;10;-1;11;0;11;0;12;0;12;0;12;0;12;1;13;1;13;2;14;3;14;3;15;4;15;4;15;4;14;4;14;5;15;5;15;5;16;5;17;5;17;5;17;5;17;5;17;6;17;6;17;7;121;0;21;-19;20;-19;20;-19;20;-19;19;-18;18;-18;17;-18;15;-18;14;-17;13;-17;13;-17;13;-17;13;-17;12;-17;12;-17;12;-17;12;-17;12;-17;12;-16;12;-16;12;-15;12;-14;12;-13;12;-13;12;-12;13;-11;13;-11;13;-10;5;-4;1;-1;-1;0;-1;0;-1;0;1;-2;4;-5;13;-12;13;-12;14;-11;15;-11;15;-11;16;-11;16;-11;17;-12;18;-12;19;-12;19;-11;20;-11;20;-10;20;-10;20;-11;20;-11;20;-11;21;-12;21;-12;21;-13;21;-14;21;-15;21;-16;21;-17;21;-17;22;-18;22;-18;23;-18,transition,EXP_S045,ZONE_01,entree_zone,4.7,entree_zone,entree dans la zone
879972397,-57,6,a0:9f:7a:73:2b:3e,384,-110;-96;8;0;-6;20;-1;14;5;7;11;2;17;-2;22;-5;27;-7;30;-8;32;-9;33;-10;33;-10;32;-8;30;-7;27;-6;23;-5;19;-5;14;-5;9;-7;4;-9;-1;-11;-5;-13;-7;-16;-10;-19;-11;-21;-11;-23;-3;-6;0;0;0;0;0;0;0;0;0;0;0;0;0;0;0;0;0;0;-2;-2;-8;-4;-12;-4;-17;-5;-23;-6;-28;-8;-31;-11;-34;-14;-34;-18;-33;-20;-30;-21;-27;-20;-23;-19;-18;-15;-13;-9;-10;-3;-7;4;-5;12;-4;20;-4;28;-6;35;-8;40;-10;44;-11;46;-13;46;-14;44;-14;41;119;0;-19;4;-18;3;-18;3;-17;3;-16;3;-16;3;-15;3;-15;4;-14;4;-13;4;-13;4;-12;4;-12;4;-12;4;-12;4;-12;4;-12;4;-11;4;-11;4;-11;3;-10;3;-10;3;-10;3;-10;3;-10;3;-9;3;-9;2;-9;2;-3;0;-1;0;0;-1;0;-1;0;-1;-1;0;-3;2;-8;7;-9;7;-10;7;-10;6;-11;6;-11;7;-12;7;-12;6;-13;6;-14;6;-15;5;-15;5;-16;5;-16;4;-16;4;-16;4;-16;3;-17;3;-17;3;-17;3;-18;3;-18;4;-18;4;-18;4;-18;3;-19;3;-19;3;-20;3;119;0;4;27;4;27;4;26;4;25;4;24;4;23;5;22;6;21;6;21;7;20;7;20;7;19;7;19;7;19;7;18;7;18;7;18;7;18;7;18;6;18;6;17;5;17;5;17;4;17;3;17;3;17;2;17;1;17;0;6;0;1;-1;-1;-1;-1;-1;-1;0;1;1;5;3;16;3;16;2;17;2;17;2;17;1;18;1;19;1;20;1;21;0;21;-1;22;-1;22;-2;22;-2;22;-2;23;-2;23;-2;23;-1;24;-1;24;-1;24;0;25;0;25;1;26;1;27;1;27;2;28;2;28;2;28,transition,EXP_S045,ZONE_01,entree_zone,4.7,entree_zone,entree dans la zone
880174069,-58,6,a0:9f:7a:73:2b:3e,384,-110;-96;8;0;19;0;13;-4;7;-9;3;-14;-1;-19;-3;-23;-5;-27;-6;-29;-7;-31;-7;-32;-7;-33;-6;-32;-5;-30;-5;-28;-5;-25;-5;-21;-5;-17;-7;-13;-9;-9;-12;-6;-14;-3;-17;0;-20;1;-23;2;-25;1;-7;0;0;0;0;0;0;0;0;0;0;0;0;0;0;0;0;0;0;0;0;1;0;6;2;10;3;14;4;18;4;23;2;27;0;30;-3;31;-6;31;-8;29;-9;26;-9;22;-7;16;-4;11;1;7;6;3;12;0;19;-2;26;-3;32;-3;36;-2;40;0;42;2;41;4;40;5;37;6;124;0;5;14;4;14;4;13;4;12;4;12;4;12;4;11;4;11;5;10;5;9;5;8;5;8;5;8;5;8;5;8;5;8;6;8;6;7;5;7;5;7;5;7;5;7;5;7;5;7;5;7;5;6;4;6;4;6;1;2;0;0;-1;-1;-1;-1;-1;-1;0;0;2;2;7;6;6;6;6;7;6;8;6;8;6;9;6;9;6;9;6;10;5;11;5;11;5;12;5;12;5;12;5;13;4;13;4;13;4;13;4;14;4;14;4;14;4;14;4;14;4;14;4;14;4;15;4;15;4;15;124;0;24;-9;24;-9;23;-9;23;-9;22;-9;21;-10;21;-10;20;-10;19;-11;18;-11;18;-11;18;-11;18;-11;18;-12;17;-12;17;-12;17;-12;17;-11;18;-11;18;-11;18;-10;17;-9;17;-9;17;-8;17;-7;17;-6;18;-5;18;-4;6;-2;2;-1;-1;0;-1;0;-1;0;1;-1;4;-2;12;-5;13;-5;13;-4;14;-4;14;-4;15;-4;15;-4;16;-4;17;-3;18;-3;18;-3;18;-2;18;-2;19;-2;19;-3;20;-3;20;-3;20;-3;21;-3;21;-4;21;-4;22;-5;22;-6;23;-7;24;-7;24;-7;25;-8;25;-8,transition,EXP_S045,ZONE_01,entree_zone,4.7,entree_zone,entree dans la zone
880373295,-56,6,a0:9f:7a:73:2b:3e,384,-110;-96;8;0;14;6;7;4;-1;4;-8;4;-14;4;-20;6;-24;7;-26;9;-28;11;-28;14;-28;16;-26;16;-24;16;-21;15;-18;13;-14;11;-10;8;-6;4;-2;1;2;-3;4;-7;7;-11;9;-14;10;-17;11;-19;3;-5;0;0;0;0;0;0;0;0;0;0;0;0;0;0;0;0;0;0;-2;-2;-8;-6;-10;-10;-12;-14;-14;-19;-16;-22;-18;-25;-18;-28;-18;-29;-17;-29;-16;-27;-14;-25;-11;-21;-7;-17;-2;-11;3;-6;8;-1;14;3;19;8;25;11;30;14;34;16;37;16;39;16;39;14;38;13;35;11;77;0;21;10;19;10;18;10;16;10;15;11;15;11;16;10;16;9;16;8;16;7;14;7;13;7;12;7;13;8;13;8;14;7;14;6;13;6;12;5;11;6;10;7;10;8;10;8;10;8;10;7;10;7;9;7;8;7;3;2;0;0;-1;-1;-1;0;-1;0;1;-1;4;-2;12;-4;13;-3;14;-2;15;-2;16;-1;17;-1;17;-1;17;0;17;1;17;3;18;5;19;6;20;6;20;6;19;6;18;7;17;7;17;9;18;10;19;10;20;10;21;9;20;9;20;9;19;10;19;12;19;13;20;14;77;0;6;-16;7;-17;9;-17;10;-17;10;-15;9;-13;8;-12;7;-12;6;-13;6;-14;6;-14;7;-14;7;-13;7;-12;7;-11;6;-11;6;-12;7;-13;7;-13;8;-12;9;-11;10;-10;9;-9;9;-8;9;-8;9;-8;10;-8;11;-7;4;-3;1;-1;-1;0;0;0;-1;0;-1;-2;-1;-5;0;-12;1;-12;1;-11;2;-11;1;-10;1;-11;1;-12;2;-14;4;-14;5;-14;6;-13;6;-12;5;-12;5;-13;5;-14;6;-14;7;-14;8;-14;9;-13;8;-12;6;-13;5;-14;6;-16;7;-17;8;-17;9;-17;10;-16;9;-15,transition,EXP_S045,ZONE_01,entree_zone,4.7,entree_zone,entree dans la zone
880577431,-58,6,a0:9f:7a:73:2b:3e,384,-110;-96;8;0;12;18;8;11;5;3;2;-4;-2;-11;-5;-17;-8;-22;-10;-26;-12;-29;-14;-30;-16;-31;-16;-31;-16;-30;-16;-28;-15;-26;-13;-22;-12;-18;-9;-13;-8;-7;-6;-2;-4;4;-3;9;-2;14;-2;19;-2;22;-1;5;0;0;0;0;0;0;0;0;0;0;0;0;0;0;0;0;0;0;-2;-1;-6;-1;-9;-2;-14;-5;-18;-7;-22;-10;-24;-13;-26;-16;-27;-18;-26;-20;-24;-20;-21;-20;-17;-18;-13;-15;-8;-11;-3;-6;1;0;5;6;10;12;14;18;18;24;20;29;22;33;24;36;24;37;23;36;22;35;104;0;9;18;9;17;9;16;8;16;8;15;8;14;8;14;9;13;9;12;10;11;10;11;9;10;9;10;9;10;10;10;10;10;11;9;10;9;10;8;9;8;9;8;9;8;9;8;9;8;9;8;9;8;9;8;8;8;3;2;0;0;-1;-1;-1;-1;-1;-1;0;0;3;2;8;7;7;8;7;8;7;9;8;10;8;11;8;11;8;12;8;12;7;13;7;14;7;15;7;16;7;16;7;16;7;15;7;15;6;16;6;17;7;17;7;18;8;18;8;18;8;18;8;18;8;19;8;19;8;19;104;0;21;-6;22;-6;22;-6;22;-6;21;-5;20;-5;19;-5;19;-6;18;-7;18;-8;17;-8;17;-8;17;-8;17;-7;17;-7;17;-7;17;-7;17;-7;17;-7;17;-6;17;-6;17;-5;16;-5;16;-4;16;-4;16;-3;16;-2;17;-2;6;-1;1;0;-1;0;-1;0;-1;0;1;-1;3;-2;10;-5;10;-4;10;-4;11;-3;11;-3;11;-3;12;-3;13;-3;14;-3;15;-2;15;-2;15;-2;15;-2;15;-2;16;-2;16;-2;17;-2;17;-2;18;-2;18;-2;18;-2;18;-3;19;-4;21;-4;21;-5;22;-5;22;-5;22;-5,transition,EXP_S045,ZONE_01,entree_zone,4.7,entree_zone,entree dans la zone
880772547,-57,6,a0:9f:7a:73:2b:3e,384,-110;-96;8;0;-14;20;-9;13;-3;6;2;-1;6;-8;9;-14;12;-20;14;-24;15;-28;15;-31;15;-33;14;-34;13;-34;11;-32;9;-30;7;-26;4;-22;1;-17;-2;-11;-5;-5;-8;1;-10;6;-12;11;-15;15;-16;18;-5;4;0;0;0;0;0;0;0;0;0;0;0;0;0;0;0;0;0;0;-1;-1;-3;-4;-2;-7;0;-12;3;-15;5;-19;8;-22;11;-24;13;-25;15;-25;16;-24;16;-22;16;-19;14;-14;11;-10;7;-4;3;1;-1;7;-6;13;-10;19;-14;24;-18;29;-21;33;-24;35;-25;37;-25;37;-24;36;95;0;-22;8;-21;7;-20;7;-19;7;-19;7;-18;7;-17;7;-17;8;-16;8;-15;8;-14;9;-14;9;-13;8;-13;8;-13;9;-13;9;-13;9;-12;9;-12;9;-11;9;-11;8;-11;8;-11;8;-11;8;-11;8;-11;8;-10;7;-10;7;-4;2;-2;0;0;-1;0;-1;0;-1;-1;0;-4;2;-9;6;-10;6;-11;6;-11;6;-12;6;-13;6;-13;6;-14;6;-14;5;-15;5;-16;5;-17;5;-17;5;-18;5;-18;5;-18;5;-18;4;-19;4;-19;4;-20;5;-20;5;-21;6;-21;6;-21;6;-21;6;-22;6;-22;6;-23;6;95;0;0;22;0;22;1;22;1;22;1;21;1;21;2;20;2;19;3;19;3;19;4;19;4;19;4;19;4;19;4;19;4;19;4;19;4;19;4;19;3;19;3;19;2;19;2;18;1;18;1;18;0;18;0;18;-1;19;-1;6;-1;2;-1;-1;-1;-1;0;-1;0;0;0;2;-1;7;-1;8;-1;8;-2;8;-2;8;-2;9;-2;9;-2;10;-2;11;-3;11;-3;11;-3;12;-3;12;-3;12;-3;13;-3;13;-3;14;-3;14;-3;15;-3;15;-3;16;-2;17;-1;18;-1;19;-1;20;-1;20;-1;21;-1;21,transition,EXP_S045,ZONE_01,entree_zone,4.7,entree_zone,entree dans la zone
880979299,-58,6,a0:9f:7a:73:2b:3e,384,-110;-96;8;0;12;20;8;13;5;6;1;-1;-4;-8;-8;-13;-12;-17;-16;-20;-19;-22;-22;-23;-24;-23;-25;-22;-26;-20;-26;-18;-25;-15;-22;-12;-19;-8;-15;-4;-11;-1;-7;3;-2;6;2;9;6;11;10;13;12;15;3;3;0;0;0;0;0;0;0;0;0;0;0;0;0;0;0;0;0;0;-1;0;-5;2;-7;-2;-9;-7;-11;-12;-13;-17;-14;-22;-14;-26;-14;-29;-13;-31;-11;-32;-9;-31;-6;-28;-4;-24;-1;-18;1;-12;3;-5;6;2;8;9;11;16;14;23;16;29;18;33;19;37;20;38;20;38;20;37;92;0;3;21;4;20;4;19;4;18;3;17;3;16;4;16;4;15;5;15;6;14;6;13;6;12;6;11;6;11;6;11;7;11;7;10;7;9;7;9;7;8;6;8;6;8;6;8;7;8;7;8;7;7;6;7;6;7;2;2;0;0;-1;-1;-1;-1;-1;-1;0;1;2;4;6;11;5;12;5;12;4;13;4;14;4;15;4;16;4;16;3;17;2;17;2;18;1;19;1;19;1;20;1;19;1;19;0;19;0;19;0;20;0;21;1;21;1;21;2;21;2;21;2;22;2;22;1;22;1;22;92;0;19;4;20;4;20;3;20;3;20;3;19;3;19;2;18;1;18;0;18;-1;18;-1;18;-1;18;-2;18;-2;18;-2;18;-2;18;-2;18;-2;18;-2;18;-2;17;-2;17;-1;17;-1;16;-1;16;-1;16;0;16;0;16;1;5;0;1;0;-1;0;-1;-1;-1;-1;0;0;3;1;8;3;8;4;8;4;8;5;8;5;9;5;9;5;10;5;10;6;11;7;11;7;11;7;11;7;11;7;11;7;12;7;13;7;13;7;13;8;14;7;14;7;15;6;16;6;17;6;18;6;19;6;19;6;19;5,transition,EXP_S045,ZONE_01,entree_zone,4.7,entree_zone,entree dans la zone
881172869,-58,6,a0:9f:7a:73:2b:3e,384,-110;-96;8;0;-11;-15;-6;-8;-1;0;4;7;9;13;13;18;17;21;20;24;23;25;25;24;26;24;27;22;26;20;24;17;22;14;18;10;14;5;10;1;5;-4;1;-9;-4;-13;-8;-16;-11;-19;-14;-22;-16;-24;-4;-6;0;0;0;0;0;0;0;0;0;0;0;0;0;0;0;0;0;0;1;0;8;1;10;4;14;9;16;13;18;17;20;21;20;24;20;26;18;27;16;27;13;25;10;21;6;16;2;11;-3;4;-6;-2;-10;-9;-14;-16;-18;-23;-20;-28;-23;-33;-24;-36;-26;-38;-26;-38;-25;-36;-24;-35;88;0;4;-23;4;-23;3;-22;3;-21;3;-20;2;-20;1;-19;1;-18;0;-18;0;-17;0;-17;-1;-16;-1;-16;-1;-16;-1;-16;-1;-15;-1;-15;-1;-15;-1;-15;-1;-14;-1;-14;-1;-14;-1;-13;-1;-13;-1;-13;0;-13;0;-12;0;-12;0;-5;0;-2;0;0;0;0;0;0;-1;-2;-2;-5;-5;-14;-4;-14;-4;-15;-3;-15;-3;-16;-2;-17;-2;-17;-1;-18;-1;-19;0;-19;0;-20;1;-20;2;-20;2;-20;3;-20;3;-20;3;-21;4;-21;4;-21;4;-22;4;-22;4;-22;4;-23;4;-23;4;-23;4;-24;5;-24;5;-24;88;0;-22;-5;-23;-5;-22;-4;-22;-4;-21;-3;-21;-3;-21;-2;-20;-2;-20;-1;-20;-1;-20;-1;-20;0;-20;0;-20;0;-21;0;-21;0;-21;0;-21;-1;-21;-1;-20;-1;-20;-2;-20;-2;-20;-2;-20;-3;-19;-4;-19;-5;-19;-6;-19;-7;-7;-3;-2;-1;0;0;0;-1;0;0;-2;0;-4;0;-11;0;-11;-1;-11;-2;-12;-2;-12;-3;-12;-3;-13;-3;-13;-4;-14;-4;-14;-5;-15;-5;-15;-5;-15;-6;-15;-6;-15;-6;-15;-6;-16;-7;-16;-7;-17;-7;-17;-6;-18;-6;-19;-6;-19;-6;-20;-6;-21;-6;-21;-6;-22;-5;-22;-5,transition,EXP_S045,ZONE_01,entree_zone,4.7,entree_zone,entree dans la zone
881372251,-58,6,a0:9f:7a:73:2b:3e,384,-110;-96;8;0;13;1;4;-1;-4;-4;-11;-6;-18;-9;-24;-10;-28;-11;-31;-12;-33;-12;-34;-11;-33;-11;-32;-10;-29;-9;-25;-7;-21;-6;-16;-3;-10;-1;-5;2;0;5;5;8;9;11;13;13;15;15;17;17;18;18;4;4;0;0;0;0;0;0;0;0;0;0;0;0;0;0;0;0;0;0;-3;1;-11;7;-15;8;-20;9;-25;10;-29;10;-32;10;-34;9;-35;7;-33;5;-31;3;-26;2;-21;1;-14;0;-6;0;2;1;9;1;17;2;24;3;31;4;36;5;40;6;43;7;44;7;43;7;40;7;37;7;107;0;5;20;5;20;5;19;5;18;5;18;5;17;5;16;5;15;6;15;6;14;6;14;6;13;7;13;7;13;6;12;6;12;6;12;6;12;6;11;5;11;5;11;5;11;5;10;5;10;5;10;4;10;4;10;3;10;1;3;0;1;-1;-1;-1;-1;-1;-1;0;1;2;3;7;11;7;11;6;11;6;12;6;13;5;13;5;14;5;15;5;15;4;16;4;17;4;17;4;17;4;17;3;18;3;18;3;18;3;18;3;18;3;19;3;19;3;19;3;20;4;20;4;20;5;21;5;21;5;20;107;0;21;-10;20;-11;20;-11;19;-11;18;-11;17;-11;17;-11;16;-11;16;-11;15;-12;14;-12;14;-12;13;-12;13;-13;13;-13;13;-12;13;-12;13;-12;13;-12;13;-11;13;-11;13;-11;13;-11;12;-10;13;-10;13;-9;13;-9;13;-8;4;-3;1;-1;-1;0;-1;0;-1;0;1;-2;3;-4;10;-9;10;-8;11;-8;12;-8;13;-7;13;-7;14;-7;15;-7;15;-7;16;-7;16;-6;17;-6;17;-6;17;-6;18;-6;18;-6;18;-6;18;-6;18;-7;19;-7;19;-7;20;-7;20;-8;20;-9;21;-9;21;-10;21;-11;21;-11,transition,EXP_S045,ZONE_01,entree_zone,4.7,entree_zone,entree dans la zone
881573022,-58,6,a0:9f:7a:73:2b:3e,384,-110;-96;8;0;4;10;1;2;-2;-5;-5;-12;-7;-18;-10;-22;-12;-25;-14;-27;-15;-28;-16;-28;-16;-27;-15;-25;-14;-22;-13;-19;-11;-15;-8;-11;-5;-6;-3;-1;0;4;2;8;4;12;6;16;7;18;8;20;8;22;2;5;0;0;0;0;0;0;0;0;0;0;0;0;0;0;0;0;0;0;-3;-3;-9;-10;-11;-14;-13;-18;-15;-22;-16;-25;-16;-27;-15;-29;-14;-29;-12;-28;-10;-25;-8;-22;-6;-17;-3;-10;-1;-4;1;3;3;10;5;16;7;22;9;27;11;32;12;35;13;37;13;38;13;37;13;34;12;31;103;0;-10;18;-9;17;-9;17;-9;16;-8;16;-8;15;-7;15;-6;15;-5;14;-5;14;-4;14;-4;13;-4;13;-3;13;-3;13;-3;13;-3;13;-3;12;-3;12;-3;12;-3;11;-3;11;-3;11;-3;11;-3;11;-3;10;-3;10;-4;9;-2;3;-1;0;0;-1;0;-1;0;-1;-1;1;-2;4;-4;12;-5;12;-5;12;-6;12;-6;12;-7;12;-7;13;-8;13;-8;13;-9;13;-10;13;-10;14;-10;14;-10;14;-10;14;-11;14;-11;14;-11;14;-11;14;-11;15;-11;15;-11;16;-11;16;-11;16;-11;17;-11;17;-11;17;-11;17;103;0;20;4;19;4;19;3;19;3;18;3;17;2;17;1;16;1;16;0;16;0;15;-1;15;-1;15;-2;15;-2;15;-2;14;-2;14;-2;14;-2;14;-2;14;-2;14;-2;13;-2;13;-2;12;-2;12;-2;12;-1;12;-1;12;0;4;0;1;0;-1;0;-1;-1;-1;-1;1;0;4;0;11;1;11;2;11;2;12;3;12;3;13;3;13;4;14;4;14;5;14;5;14;6;14;6;14;6;14;6;15;6;15;6;15;7;16;7;16;6;16;6;16;6;17;6;18;6;18;6;19;6;19;5;19;5;20;5,transition,EXP_S045,ZONE_01,entree_zone,4.7,entree_zone,entree dans la zone
881773896,-60,6,a0:9f:7a:73:2b:3e,384,-110;-96;8;0;-3;8;-1;-1;0;-9;1;-17;2;-24;2;-29;2;-33;1;-35;0;-36;-1;-36;-1;-35;-2;-32;-2;-28;-2;-24;-2;-18;-1;-12;-1;-6;-1;1;0;7;0;12;0;17;0;21;0;24;0;26;-1;27;-1;6;0;0;0;0;0;0;0;0;0;0;0;0;0;0;0;0;0;0;0;-4;1;-16;3;-20;4;-24;6;-27;8;-30;10;-32;10;-32;11;-31;11;-29;11;-25;9;-20;7;-14;4;-8;1;-1;-2;6;-5;13;-8;20;-10;26;-11;32;-12;36;-13;40;-13;41;-13;42;-12;40;-11;37;-10;33;93;0;-21;10;-20;10;-20;9;-19;9;-19;8;-19;9;-18;9;-17;9;-16;9;-15;9;-15;9;-15;8;-15;8;-15;8;-15;9;-14;9;-14;9;-13;8;-13;7;-13;7;-13;6;-13;6;-13;6;-13;6;-13;6;-12;5;-12;4;-12;3;-5;1;-2;0;0;-1;0;-1;0;-1;-1;1;-4;3;-9;10;-10;10;-11;10;-12;10;-12;10;-13;10;-13;10;-14;9;-15;9;-16;8;-17;8;-17;8;-18;8;-18;8;-17;8;-17;7;-18;7;-18;7;-19;7;-20;8;-20;8;-20;9;-20;9;-20;9;-20;9;-21;9;-22;9;-22;9;93;0;17;13;17;13;16;13;16;13;15;13;15;12;14;11;14;10;15;9;15;9;14;9;14;9;13;8;13;8;13;8;13;7;14;7;14;7;13;8;13;8;12;8;11;8;11;8;11;8;11;8;11;8;10;9;10;10;3;3;0;1;-1;-1;-1;-1;-1;-1;1;0;4;1;11;5;11;6;10;6;10;6;10;7;11;7;12;8;12;9;12;10;12;10;11;11;11;11;11;11;12;11;12;12;12;12;12;13;12;13;12;13;12;13;13;13;14;13;15;13;16;14;16;14;16;14;16;14;16;14,transition,EXP_S045,ZONE_01,entree_zone,4.7,entree_zone,entree dans la zone
881977961,-66,6,a0:9f:7a:73:2b:3e,384,-110;-96;8;0;-1;11;6;8;13;7;20;5;25;5;30;5;33;5;35;6;35;6;34;7;32;7;29;7;25;6;22;5;17;3;12;0;8;-3;4;-7;1;-12;-2;-16;-4;-20;-4;-23;-4;-26;-3;-28;-2;-29;-1;-8;0;0;0;0;0;0;0;0;0;0;0;0;0;0;0;0;0;0;-3;-2;-13;-5;-15;-7;-18;-10;-20;-13;-20;-15;-19;-17;-19;-18;-17;-19;-15;-18;-12;-16;-10;-13;-8;-9;-7;-4;-7;2;-8;7;-9;13;-10;18;-12;24;-15;28;-18;31;-21;33;-22;34;-23;34;-23;31;-21;28;-19;25;120;0;-17;-6;-16;-6;-16;-6;-15;-7;-15;-6;-15;-6;-15;-5;-14;-5;-14;-4;-14;-3;-13;-3;-13;-3;-13;-3;-14;-3;-13;-3;-13;-2;-13;-2;-13;-2;-12;-2;-12;-2;-12;-3;-12;-3;-12;-2;-12;-2;-12;-2;-11;-2;-11;-3;-11;-3;-4;-2;-2;-1;0;0;0;0;0;0;-1;-1;-4;-1;-9;-2;-9;-2;-9;-3;-9;-3;-10;-4;-10;-4;-10;-4;-10;-5;-10;-5;-10;-6;-11;-6;-11;-6;-11;-6;-11;-6;-11;-6;-11;-6;-11;-7;-11;-7;-12;-8;-13;-7;-13;-7;-14;-7;-14;-6;-14;-6;-14;-7;-15;-7;-16;-8;-17;-8;120;0;4;26;5;26;5;26;5;25;5;24;5;23;6;22;6;22;7;22;7;21;7;21;7;20;7;19;7;18;7;18;8;17;8;17;8;17;8;17;7;17;7;16;7;16;7;15;7;15;6;15;6;15;6;15;5;15;1;5;0;1;-1;-1;-1;-1;-1;-1;0;1;0;4;1;11;1;11;1;11;1;11;0;12;0;12;0;13;0;14;0;14;-1;15;-1;15;-1;16;-1;16;-1;17;0;18;0;18;-1;19;0;19;0;19;1;20;1;21;2;22;2;23;2;24;3;25;3;25;3;25;4;26,transition,EXP_S045,ZONE_01,entree_zone,4.7,entree_zone,entree dans la zone
882189118,-78,6,a0:9f:7a:73:2b:3e,384,-110;-96;8;0;7;39;8;36;9;32;10;27;9;21;8;16;7;10;6;3;4;-2;1;-7;-3;-11;-7;-14;-10;-15;-13;-17;-16;-17;-18;-17;-18;-16;-19;-13;-19;-10;-19;-6;-17;-3;-15;0;-12;3;-9;5;-7;7;-2;1;0;0;0;0;0;0;0;0;0;0;0;0;0;0;0;0;0;0;-4;0;-14;-1;-13;-4;-13;-8;-12;-12;-10;-16;-8;-20;-6;-23;-4;-25;-1;-27;2;-29;4;-29;5;-29;7;-28;9;-26;10;-23;10;-19;9;-15;8;-9;7;-3;6;3;6;10;5;16;4;23;5;28;5;34;5;38;88;0;11;16;11;16;10;15;11;13;11;11;11;10;11;9;10;9;9;8;9;7;9;6;9;5;9;5;9;5;8;4;7;4;7;5;6;4;6;4;6;3;6;2;5;2;5;1;4;2;4;1;4;0;5;-1;5;-2;2;-1;0;-1;-1;0;-1;-1;-1;-1;1;1;3;4;8;13;8;14;7;14;7;14;7;15;8;16;8;16;8;16;8;16;7;15;7;15;7;16;7;17;7;18;7;19;8;19;8;19;8;19;8;19;7;19;7;19;7;19;8;18;9;18;10;18;10;18;10;18;9;17;88;0;-1;19;-1;19;-1;18;-1;18;-1;18;0;18;-1;19;-1;19;-2;19;-3;18;-2;17;-1;16;0;15;1;15;2;15;2;15;2;14;3;13;3;13;3;12;3;12;3;12;3;13;3;13;4;14;4;14;3;14;3;14;0;5;0;1;-1;-1;-1;-1;-1;-1;0;-1;1;0;4;0;4;1;3;2;3;2;3;2;4;2;4;2;5;3;5;4;5;5;4;6;4;7;3;7;3;7;3;7;4;8;5;9;5;11;4;12;4;13;4;13;4;13;4;13;3;14;3;15;2;17;2;19;2;20,transition,EXP_S045,ZONE_01,entree_zone,4.7,entree_zone,entree dans la zone
882376718,-70,6,a0:9f:7a:73:2b:3e,384,-110;-96;8;0;-19;2;-24;1;-29;0;-32;1;-33;3;-33;5;-32;8;-29;9;-27;9;-23;9;-18;8;-14;6;-10;3;-7;0;-4;-5;-1;-9;-1;-13;0;-17;-1;-19;-2;-21;-3;-23;-4;-23;-5;-23;-6;-22;-6;-20;-2;-5;0;0;0;0;0;0;0;0;0;0;0;0;0;0;0;0;0;0;3;-1;16;-3;18;-4;21;-4;23;-5;25;-5;25;-5;25;-5;23;-5;20;-3;17;-1;14;2;10;6;7;10;4;14;2;17;0;21;0;25;0;28;1;30;2;30;4;29;4;27;4;24;2;21;-1;17;-3;13;59;0;-16;17;-16;16;-16;15;-16;15;-16;14;-16;14;-15;13;-14;13;-14;12;-14;12;-14;12;-14;11;-14;11;-14;10;-13;10;-13;10;-13;9;-13;8;-13;7;-13;7;-13;6;-12;6;-12;6;-12;6;-12;5;-12;4;-13;4;-13;3;-5;1;-2;0;0;-1;-1;-1;-1;-1;0;1;2;4;6;12;5;12;4;13;3;14;2;15;1;16;0;16;-1;16;-2;17;-3;17;-4;17;-5;18;-6;18;-7;18;-8;18;-9;18;-9;18;-10;17;-10;17;-10;17;-11;17;-12;18;-13;18;-13;18;-14;18;-14;18;-15;18;-15;18;59;0;7;-11;8;-11;8;-11;8;-11;7;-10;7;-10;7;-11;7;-12;7;-12;8;-12;8;-11;8;-10;8;-9;7;-9;7;-9;7;-9;8;-9;8;-8;8;-8;8;-7;8;-6;7;-6;7;-6;7;-6;7;-6;8;-5;8;-4;8;-4;2;-2;0;-1;-1;0;-1;0;-1;0;0;-1;1;-3;4;-8;5;-7;5;-7;5;-6;6;-6;6;-6;6;-6;6;-6;7;-6;7;-5;7;-5;7;-5;6;-5;6;-5;6;-5;6;-5;6;-5;6;-5;6;-6;5;-6;5;-7;5;-7;6;-8;6;-8;6;-9;5;-9;5;-10;5;-10,stable,EXP_S045,ZONE_01,entree_zone,4.7,entree_zone,entree dans la zone
882578128,-74,6,a0:9f:7a:73:2b:3e,384,-110;-96;8;0;26;-14;26;-13;25;-13;23;-12;21;-12;19;-12;17;-11;16;-11;14;-10;13;-8;13;-7;14;-5;14;-3;15;-2;16;0;17;0;17;-2;18;-3;17;-4;16;-6;14;-7;12;-7;10;-7;8;-6;7;-6;1;-2;0;0;0;0;0;0;0;0;0;0;0;0;0;0;0;0;0;0;2;-5;9;-18;9;-20;10;-24;11;-27;11;-30;9;-32;8;-32;6;-32;5;-32;4;-29;5;-26;6;-23;6;-20;9;-17;13;-15;16;-13;19;-12;22;-12;24;-13;25;-15;25;-17;26;-18;25;-19;25;-19;26;-18;27;-16;37;0;49;-22;47;-22;45;-22;43;-21;40;-21;38;-20;37;-19;36;-19;36;-19;36;-18;34;-18;32;-17;29;-17;27;-16;26;-17;26;-17;26;-16;26;-15;25;-14;23;-14;21;-15;20;-15;19;-15;19;-14;19;-12;18;-11;18;-10;17;-10;6;-4;1;-1;-1;0;-1;2;-1;0;1;-4;4;-13;14;-36;16;-35;18;-34;21;-35;23;-35;24;-35;27;-35;29;-34;32;-33;34;-33;37;-33;39;-33;40;-33;41;-33;43;-32;43;-31;43;-30;43;-28;44;-27;45;-26;45;-26;46;-26;48;-26;48;-26;48;-27;48;-27;48;-27;47;-27;37;0;3;4;4;3;3;2;3;2;2;3;2;4;2;5;2;6;1;5;1;3;1;2;2;2;3;3;2;4;1;6;1;7;1;7;2;7;3;6;3;6;3;7;3;7;4;8;5;9;5;9;5;9;5;9;4;9;1;3;0;1;0;-1;1;0;0;0;-2;0;-7;-1;-17;-1;-17;-2;-18;-4;-18;-5;-18;-6;-18;-6;-19;-7;-19;-8;-18;-10;-17;-11;-16;-12;-14;-12;-13;-12;-13;-12;-13;-12;-13;-13;-12;-12;-10;-12;-8;-12;-6;-12;-5;-11;-4;-10;-3;-9;-2;-8;-1;-7;0;-6;0;-5;0;-4,stable,EXP_S045,ZONE_01,entree_zone,4.7,entree_zone,entree dans la zone
882778081,-73,6,a0:9f:7a:73:2b:3e,384,-110;-96;8;0;4;24;2;24;2;25;2;25;3;25;4;25;4;23;3;21;4;19;4;17;3;16;2;14;2;13;0;13;-2;14;-3;14;-4;14;-5;14;-4;14;-3;14;-2;14;-2;14;-2;13;-1;12;-1;12;-1;3;0;0;0;0;0;0;0;0;0;0;0;0;0;0;0;0;0;0;3;2;13;11;15;13;18;16;20;17;22;16;24;15;26;15;26;14;25;12;23;11;21;10;17;10;14;11;11;13;9;15;6;17;5;20;5;23;7;26;8;28;9;29;9;29;9;29;11;28;11;27;11;27;34;0;9;52;8;50;8;49;8;46;8;44;8;42;9;41;9;39;9;38;8;36;8;35;7;33;7;33;7;32;7;31;7;30;7;30;6;28;6;27;6;26;6;25;6;23;6;22;5;22;5;21;4;21;3;20;3;20;1;7;0;2;-1;-1;-2;-2;-1;-1;3;2;10;8;27;23;25;25;24;27;23;29;22;30;22;32;21;34;21;35;20;37;20;38;18;40;16;41;15;42;14;43;13;43;13;44;12;45;11;46;11;46;11;47;11;47;11;47;11;48;10;49;9;50;9;50;9;51;8;50;34;0;1;-4;0;-4;-1;-5;-2;-5;-2;-4;-3;-4;-5;-5;-6;-6;-7;-8;-8;-9;-7;-9;-6;-7;-4;-6;-4;-5;-5;-5;-5;-5;-5;-6;-5;-5;-4;-5;-3;-5;-3;-4;-3;-4;-3;-4;-4;-3;-4;-2;-4;-2;-5;-2;-5;-1;-2;0;-1;0;-1;0;-1;0;-1;0;0;-2;1;-6;5;-15;6;-14;7;-13;8;-13;8;-12;8;-12;9;-12;11;-13;12;-13;13;-13;13;-13;13;-12;13;-10;13;-9;13;-8;13;-7;12;-7;11;-7;11;-6;11;-5;11;-4;10;-4;10;-3;9;-3;8;-3;7;-3;4;-3;3;-3,stable,EXP_S045,ZONE_01,entree_zone,4.7,entree_zone,entree dans la zone
882973826,-61,6,a0:9f:7a:73:2b:3e,384,-110;-96;8;0;0;17;-4;9;-7;2;-12;-4;-16;-9;-20;-13;-24;-15;-28;-16;-30;-15;-32;-14;-32;-13;-30;-11;-28;-9;-25;-7;-21;-6;-16;-5;-11;-5;-5;-4;1;-5;6;-5;11;-6;15;-8;18;-9;20;-11;22;-11;5;-3;0;0;0;0;0;0;0;0;0;0;0;0;0;0;0;0;0;0;1;-3;8;-12;11;-14;14;-17;18;-20;20;-22;21;-24;22;-25;23;-25;22;-24;20;-22;17;-19;14;-14;11;-9;7;-3;4;4;2;10;0;17;-1;24;-1;30;-1;36;0;41;1;44;3;45;4;45;5;42;6;39;77;0;-12;23;-12;22;-12;21;-12;21;-11;20;-10;20;-10;19;-9;19;-8;18;-8;18;-8;17;-8;17;-8;16;-7;16;-7;16;-7;16;-7;16;-6;16;-6;15;-6;14;-6;14;-6;13;-6;13;-6;13;-7;13;-7;12;-7;11;-7;11;-3;3;-1;1;0;-1;-1;-1;0;-1;0;1;0;5;-1;14;-2;15;-3;15;-3;15;-4;16;-5;16;-5;17;-6;17;-6;17;-7;18;-8;18;-9;18;-9;18;-10;19;-10;19;-10;19;-11;19;-11;19;-12;19;-12;20;-12;20;-12;21;-12;21;-12;21;-12;22;-13;22;-13;23;-13;23;77;0;17;6;17;6;17;6;16;6;16;6;15;6;14;5;14;5;14;4;14;4;13;3;13;3;13;3;13;3;12;3;12;2;12;2;12;2;12;2;12;2;12;3;11;3;11;3;10;3;10;3;10;3;10;4;10;5;3;1;1;0;-1;-1;-1;0;-1;-1;1;-1;4;-1;11;-2;11;-1;11;0;11;0;11;1;12;1;12;1;13;1;13;2;14;3;14;3;14;4;14;4;14;5;14;5;14;5;15;6;14;6;14;6;14;6;15;6;15;6;16;6;17;6;17;7;17;7;17;7;16;7,stable,EXP_S045,ZONE_01,entree_zone,4.7,entree_zone,entree dans la zone
883172863,-57,6,a0:9f:7a:73:2b:3e,384,-110;-96;8;0;13;-18;8;-12;2;-6;-3;0;-7;6;-10;12;-13;17;-15;21;-16;24;-16;27;-15;29;-15;30;-14;30;-13;28;-11;25;-9;21;-6;17;-3;12;0;7;2;2;5;-3;7;-8;10;-12;12;-16;14;-18;3;-5;0;0;0;0;0;0;0;0;0;0;0;0;0;0;0;0;0;0;0;0;1;4;-1;7;-4;12;-8;16;-11;20;-14;23;-17;24;-20;25;-21;24;-21;23;-20;21;-18;17;-16;13;-12;8;-7;3;-2;-3;3;-8;8;-13;13;-19;18;-23;22;-27;25;-30;26;-33;26;-34;26;-34;25;-33;95;0;21;-6;20;-6;19;-6;18;-5;17;-5;17;-5;16;-6;16;-6;15;-7;14;-7;13;-7;13;-7;13;-7;13;-7;13;-7;13;-8;12;-8;12;-8;12;-7;11;-7;11;-6;11;-6;11;-6;11;-6;11;-6;11;-6;11;-5;11;-5;4;-2;1;-1;-1;0;-1;0;-1;0;0;-2;3;-4;9;-9;10;-9;10;-8;11;-8;12;-8;13;-8;14;-8;14;-7;15;-7;15;-6;16;-6;17;-6;17;-5;17;-5;18;-5;18;-5;18;-4;18;-4;18;-4;19;-4;19;-4;20;-5;20;-5;20;-5;20;-5;20;-5;20;-5;21;-5;95;0;1;-22;0;-22;0;-22;0;-21;0;-21;0;-20;-1;-19;-1;-19;-2;-18;-3;-18;-3;-18;-3;-18;-3;-18;-3;-18;-3;-18;-3;-18;-3;-18;-2;-18;-2;-18;-2;-18;-1;-18;-1;-17;0;-17;0;-17;0;-16;1;-16;2;-16;3;-16;1;-6;0;-2;-1;0;0;0;-1;0;-1;-1;-1;-4;-2;-10;-1;-11;0;-11;0;-11;0;-12;0;-12;0;-13;1;-13;1;-14;2;-14;2;-15;2;-15;2;-15;2;-15;2;-16;2;-16;3;-17;3;-17;3;-17;2;-17;2;-18;2;-19;2;-19;2;-20;1;-21;1;-21;1;-22;1;-22,stable,EXP_S045,ZONE_01,entree_zone,4.7,entree_zone,entree dans la zone
883372432,-55,6,a0:9f:7a:73:2b:3e,384,-110;-96;8;0;-7;21;-7;15;-8;9;-11;4;-14;-1;-17;-3;-21;-5;-24;-5;-27;-3;-29;-2;-29;1;-29;3;-28;5;-26;6;-23;6;-19;6;-16;5;-12;2;-8;-1;-6;-4;-4;-7;-3;-11;-3;-14;-2;-18;-2;-20;-1;-5;0;0;0;0;0;0;0;0;0;0;0;0;0;0;0;0;0;0;2;-1;8;-1;10;2;12;6;14;9;17;12;20;15;22;16;24;17;24;17;24;16;23;15;21;13;17;12;13;11;7;11;2;12;-3;13;-8;16;-13;19;-16;23;-18;27;-18;31;-17;34;-16;36;-13;36;-11;36;60;0;-18;18;-17;18;-17;17;-16;16;-15;16;-14;16;-14;16;-13;15;-12;15;-11;15;-11;15;-10;14;-10;14;-10;14;-10;14;-10;14;-10;14;-9;14;-9;13;-9;13;-9;12;-9;12;-9;12;-9;12;-9;11;-10;11;-10;10;-10;10;-4;3;-2;1;0;-1;0;-1;0;-1;-1;1;-1;5;-3;14;-4;14;-5;14;-6;14;-7;15;-7;15;-8;15;-9;16;-9;16;-11;16;-12;16;-13;16;-14;16;-14;16;-15;16;-15;16;-15;16;-16;16;-16;16;-16;16;-17;17;-17;17;-17;17;-17;18;-18;18;-18;18;-18;18;-19;18;60;0;6;10;6;10;6;10;6;10;6;10;6;10;5;9;5;8;6;8;6;8;6;7;6;7;6;8;6;7;6;7;6;7;6;7;6;7;6;7;5;8;5;8;4;8;4;7;4;7;3;7;3;7;3;8;2;8;0;3;0;1;-1;-1;-1;-1;-1;-1;0;0;1;1;4;5;4;5;4;5;4;6;4;6;4;6;4;6;4;7;4;8;4;8;3;8;3;8;3;8;3;8;4;8;4;9;4;9;3;9;3;9;4;9;4;9;5;9;5;10;6;10;6;11;6;11;6;11;6;11,stable,EXP_S045,ZONE_01,entree_zone,4.7,entree_zone,entree dans la zone
883572404,-55,6,a0:9f:7a:73:2b:3e,384,-110;-96;8;0;-6;21;-8;13;-10;6;-14;-1;-19;-5;-23;-8;-28;-9;-31;-9;-34;-7;-36;-4;-37;-2;-36;1;-34;4;-30;6;-26;6;-21;6;-15;4;-10;2;-5;-2;-1;-6;2;-10;4;-15;5;-19;6;-23;6;-26;1;-7;0;0;0;0;0;0;0;0;0;0;0;0;0;0;0;0;0;0;2;-1;10;-4;12;-1;16;1;20;4;24;6;27;7;30;8;32;9;32;9;31;9;29;9;25;9;20;9;14;10;9;12;3;14;-3;18;-8;22;-12;28;-14;33;-16;37;-16;41;-14;43;-13;45;-10;44;-8;42;58;0;-22;20;-21;20;-21;19;-20;19;-19;18;-18;18;-17;18;-16;17;-15;17;-14;17;-13;17;-12;17;-12;17;-11;17;-11;17;-11;16;-11;16;-10;16;-10;15;-10;15;-10;15;-10;14;-9;14;-9;14;-9;13;-10;13;-10;12;-10;12;-4;4;-2;1;0;-1;0;-1;0;-1;-1;1;-2;5;-5;15;-6;15;-7;15;-8;15;-9;16;-10;16;-11;17;-12;17;-13;17;-14;17;-15;18;-16;18;-17;18;-17;18;-18;18;-18;18;-19;18;-19;18;-20;18;-20;18;-21;19;-21;19;-22;19;-22;20;-22;20;-22;20;-22;21;-22;21;58;0;11;12;11;11;11;11;11;11;11;11;11;10;11;10;11;9;11;9;11;8;11;8;11;8;12;8;12;8;12;8;11;8;11;8;11;8;11;9;11;9;10;9;10;9;10;9;9;9;9;9;8;10;8;11;7;11;2;4;0;1;-1;-1;-1;-1;-1;-1;0;0;1;1;5;5;4;5;4;6;4;6;4;6;4;7;4;7;4;7;5;8;5;8;5;8;5;8;5;8;5;9;5;9;6;9;6;9;6;10;6;10;7;10;7;10;8;11;8;11;9;11;9;11;10;11;10;12;11;12,stable,EXP_S045,ZONE_01,entree_zone,4.7,entree_zone,entree dans la zone
883773504,-55,6,a0:9f:7a:73:2b:3e,384,-110;-96;8;0;-18;9;-11;4;-5;-2;1;-7;5;-13;8;-18;10;-23;11;-27;10;-30;9;-33;7;-34;5;-33;3;-32;2;-29;0;-25;-1;-20;-2;-15;-3;-9;-2;-3;-2;2;-1;8;0;12;2;16;3;20;5;22;1;5;0;0;0;0;0;0;0;0;0;0;0;0;0;0;0;0;0;0;0;-1;5;-4;8;-3;13;-1;18;0;23;2;26;3;29;4;31;6;32;6;31;7;28;7;24;7;19;7;13;7;6;7;-2;7;-9;8;-17;9;-24;11;-30;13;-35;15;-38;17;-40;19;-40;20;-38;20;-36;20;80;0;-25;-2;-25;-2;-24;-1;-23;-1;-22;-1;-21;-1;-20;-1;-20;0;-19;1;-18;1;-18;1;-17;1;-17;1;-16;1;-16;2;-16;2;-16;2;-15;2;-15;2;-14;2;-14;2;-14;1;-14;1;-13;1;-13;1;-13;1;-13;1;-12;0;-5;0;-2;-1;0;-1;0;-1;0;-1;-2;0;-5;2;-13;6;-13;5;-14;5;-15;4;-16;4;-16;4;-17;4;-18;3;-18;3;-19;2;-20;2;-21;1;-21;0;-22;0;-22;-1;-22;-1;-22;-1;-22;-1;-23;-2;-23;-2;-24;-2;-24;-2;-24;-2;-25;-2;-25;-2;-25;-2;-26;-3;-26;-3;80;0;-4;19;-4;19;-3;19;-3;18;-3;18;-3;17;-3;17;-2;16;-1;16;-1;16;0;16;0;16;0;16;0;16;0;15;0;15;0;15;-1;16;-1;16;-1;15;-2;15;-2;15;-2;14;-3;14;-3;14;-4;14;-5;13;-5;13;-2;4;-1;1;0;-1;0;-1;0;-1;-1;0;-1;3;-2;9;-2;9;-3;9;-3;9;-3;9;-3;10;-4;10;-4;10;-4;11;-5;11;-5;11;-5;12;-5;12;-5;12;-5;12;-5;12;-5;13;-6;13;-6;13;-5;14;-5;14;-5;15;-5;16;-5;17;-5;18;-5;18;-4;18;-4;18,stable,EXP_S045,ZONE_01,entree_zone,4.7,entree_zone,entree dans la zone
883972614,-55,6,a0:9f:7a:73:2b:3e,384,-110;-96;8;0;14;15;7;10;-1;5;-9;2;-16;0;-22;-1;-28;-1;-32;0;-35;2;-37;4;-37;7;-35;9;-33;10;-29;11;-25;10;-19;9;-14;8;-8;5;-2;2;2;-2;7;-6;10;-10;13;-13;15;-17;17;-19;4;-5;0;0;0;0;0;0;0;0;0;0;0;0;0;0;0;0;0;0;-2;-2;-5;-7;-4;-11;-2;-16;-1;-21;0;-26;1;-31;2;-34;3;-36;4;-37;4;-36;5;-33;5;-28;6;-22;7;-15;8;-8;9;-1;11;7;14;15;18;22;21;28;25;32;28;35;30;37;32;37;31;35;30;32;82;0;3;27;3;26;2;25;2;24;2;23;2;22;3;21;3;21;4;20;4;19;5;18;5;17;5;17;5;17;5;17;5;16;5;16;5;15;5;14;5;14;4;14;4;14;4;13;4;13;4;13;4;13;3;13;3;13;0;4;0;1;-1;-1;-1;-1;-1;-1;1;1;3;4;9;12;8;12;8;13;8;14;7;15;7;16;7;17;7;18;6;19;5;20;5;21;4;21;4;22;4;23;3;23;3;23;3;24;2;24;2;24;2;25;2;25;2;26;2;26;2;26;2;27;2;27;2;28;2;28;82;0;20;-1;20;-1;20;-2;20;-1;19;-1;18;-1;18;-2;17;-2;16;-3;16;-3;16;-4;16;-4;16;-4;16;-4;16;-4;16;-4;16;-4;16;-4;16;-4;16;-3;16;-3;16;-2;15;-2;15;-1;15;-1;15;0;15;0;15;1;5;0;1;0;-1;0;-1;0;-1;-1;1;-1;3;-1;10;-1;10;0;10;0;10;0;10;0;11;0;11;1;12;1;13;1;13;2;13;2;13;2;13;2;14;2;14;2;14;2;15;2;15;2;15;2;16;2;16;1;17;1;17;0;18;0;19;0;20;0;20;0;20;0,stable,EXP_S045,ZONE_01,entree_zone,4.7,entree_zone,entree dans la zone
884172714,-56,6,a0:9f:7a:73:2b:3e,384,-110;-96;8;0;-12;17;-9;9;-6;0;-4;-8;-4;-16;-4;-22;-6;-27;-8;-31;-10;-34;-13;-34;-15;-34;-16;-32;-17;-29;-17;-26;-16;-21;-14;-16;-11;-11;-7;-6;-3;-2;1;2;6;6;10;8;14;11;18;12;20;13;5;3;0;0;0;0;0;0;0;0;0;0;0;0;0;0;0;0;0;0;0;-2;4;-6;8;-7;13;-7;19;-7;24;-7;28;-7;32;-7;34;-6;35;-6;34;-5;31;-4;27;-2;22;0;16;3;9;5;2;9;-5;13;-11;17;-17;22;-22;27;-26;31;-28;35;-29;38;-28;39;-26;38;-24;36;77;0;-24;13;-23;13;-22;12;-21;12;-20;11;-20;11;-19;11;-18;11;-17;11;-16;11;-15;11;-14;11;-14;11;-14;11;-14;11;-14;11;-13;11;-12;11;-12;10;-12;10;-11;9;-11;9;-11;9;-11;9;-11;9;-11;8;-11;8;-11;7;-4;2;-2;0;0;-1;0;-1;0;-1;-1;1;-3;4;-7;13;-8;13;-9;13;-11;13;-12;13;-12;13;-13;14;-14;14;-15;13;-16;13;-17;13;-18;13;-19;13;-20;13;-20;12;-20;12;-20;12;-21;11;-22;12;-22;12;-23;12;-23;13;-23;13;-24;13;-24;13;-24;13;-25;12;-25;12;77;0;8;17;8;17;8;18;8;18;8;17;8;16;8;16;8;15;9;14;9;14;9;14;9;13;9;13;9;13;9;13;9;13;9;13;9;13;9;13;8;14;7;14;7;14;7;13;6;13;6;13;5;14;4;14;4;14;1;5;0;1;-1;-1;-1;-1;-1;-1;0;0;1;3;5;8;4;9;3;9;3;9;3;10;3;10;3;10;3;11;3;12;3;12;3;13;2;13;3;13;3;13;4;13;4;14;4;14;3;14;3;14;4;15;4;15;5;15;6;16;7;17;7;18;7;18;7;18;8;18,stable,EXP_S045,ZONE_01,entree_zone,4.7,entree_zone,entree dans la zone
884372396,-56,6,a0:9f:7a:73:2b:3e,384,-110;-96;8;0;-9;-17;-4;-11;2;-5;7;0;13;4;18;6;23;7;26;7;29;6;31;4;31;2;31;0;29;-1;26;-3;22;-4;18;-4;13;-4;7;-3;2;-2;-3;-1;-8;2;-12;4;-15;6;-18;9;-20;10;-5;2;0;0;0;0;0;0;0;0;0;0;0;0;0;0;0;0;0;0;0;1;2;6;1;9;-2;13;-4;18;-6;22;-8;25;-9;28;-11;29;-11;29;-12;28;-11;26;-11;22;-10;16;-10;10;-9;4;-9;-3;-9;-10;-10;-17;-11;-24;-13;-30;-14;-34;-16;-37;-18;-39;-19;-39;-20;-37;-19;-35;74;0;-4;-24;-4;-24;-3;-23;-3;-22;-3;-21;-3;-20;-3;-20;-4;-19;-4;-18;-5;-17;-5;-17;-4;-16;-4;-16;-5;-15;-5;-15;-5;-15;-5;-15;-5;-15;-5;-14;-4;-14;-4;-13;-4;-13;-4;-13;-4;-13;-4;-13;-3;-13;-3;-12;-3;-12;-1;-5;-1;-2;0;0;0;0;0;0;-2;-1;-4;-4;-10;-10;-10;-11;-9;-12;-9;-13;-9;-14;-9;-14;-9;-15;-9;-16;-8;-17;-7;-18;-7;-19;-6;-20;-6;-20;-5;-21;-5;-21;-5;-21;-4;-21;-4;-22;-4;-22;-4;-23;-4;-23;-4;-23;-4;-24;-4;-24;-3;-24;-3;-25;-3;-25;-3;-25;74;0;-18;1;-18;1;-18;1;-18;1;-18;1;-17;1;-16;1;-16;2;-16;2;-16;2;-16;2;-16;2;-15;2;-15;2;-15;2;-15;2;-15;2;-15;2;-15;2;-16;1;-15;1;-15;0;-15;0;-15;-1;-14;-1;-14;-2;-14;-3;-14;-3;-5;-2;-2;-1;0;0;0;-1;0;-1;-1;0;-4;0;-10;1;-10;1;-10;0;-10;0;-10;0;-10;0;-11;0;-11;-1;-12;-1;-12;-1;-12;-1;-12;-2;-13;-2;-13;-2;-13;-2;-14;-2;-14;-2;-14;-2;-14;-2;-14;-2;-15;-1;-15;0;-16;0;-17;0;-18;0;-18;0;-18;0;-18;0,stable,EXP_S045,ZONE_01,entree_zone,4.7,entree_zone,entree dans la zone
884571728,-56,6,a0:9f:7a:73:2b:3e,384,-110;-96;8;0;20;-3;12;0;4;4;-4;8;-10;12;-14;17;-17;21;-18;25;-18;28;-17;31;-15;32;-13;32;-11;31;-8;29;-6;25;-3;20;-2;15;-1;9;0;2;0;-4;0;-9;-2;-14;-3;-19;-4;-22;-5;-25;-2;-7;0;0;0;0;0;0;0;0;0;0;0;0;0;0;0;0;0;0;-2;0;-8;-1;-11;-4;-14;-8;-18;-12;-21;-16;-24;-19;-26;-22;-26;-24;-26;-25;-25;-25;-22;-23;-19;-21;-14;-18;-8;-15;-1;-11;6;-8;13;-5;21;-3;28;-2;34;-1;40;-1;44;-2;46;-3;47;-5;45;-6;43;-7;75;0;22;14;22;13;21;13;21;12;20;11;19;10;18;9;18;9;17;8;17;8;17;7;17;6;17;6;16;5;16;5;15;5;15;5;15;5;15;5;14;5;14;5;13;4;13;4;13;4;12;5;12;5;12;6;12;6;4;2;1;0;-1;-1;-1;0;-1;-1;1;-1;5;-1;15;-2;15;-2;16;-1;16;0;17;1;17;2;18;3;19;4;19;5;20;6;20;6;20;7;20;8;21;8;21;9;21;10;21;10;21;11;21;11;21;11;21;12;22;12;22;13;23;13;23;13;23;13;24;13;23;13;75;0;12;-17;11;-17;10;-16;10;-16;9;-16;9;-16;8;-16;8;-16;8;-16;8;-15;7;-15;7;-16;6;-16;6;-16;6;-16;7;-16;7;-16;7;-15;8;-15;8;-14;8;-14;8;-14;8;-14;9;-13;10;-13;10;-12;11;-11;11;-10;4;-4;1;-1;-1;0;-1;0;-1;0;0;-1;1;-3;4;-9;4;-9;4;-9;5;-9;6;-10;6;-10;7;-10;7;-10;7;-10;7;-10;8;-10;8;-11;9;-11;9;-11;10;-11;10;-11;9;-11;9;-11;9;-12;10;-13;10;-14;11;-14;11;-14;11;-14;10;-15;10;-16;10;-17;11;-18,stable,EXP_S045,ZONE_01,entree_zone,4.7,entree_zone,entree dans la zone
884776686,-55,6,a0:9f:7a:73:2b:3e,384,-110;-96;8;0;-18;11;-12;5;-6;-2;-1;-10;2;-16;3;-22;4;-28;3;-32;2;-35;1;-37;-1;-37;-3;-36;-6;-34;-7;-30;-8;-26;-8;-21;-7;-15;-5;-8;-3;-2;0;3;4;8;7;12;10;16;13;18;15;20;4;5;0;0;0;0;0;0;0;0;0;0;0;0;0;0;0;0;0;0;1;-1;6;-3;10;-2;15;0;21;2;25;4;29;6;33;7;34;8;35;9;33;10;30;10;25;10;19;10;12;9;5;9;-3;9;-11;10;-18;11;-25;14;-32;17;-36;20;-40;22;-42;23;-42;24;-40;24;-37;24;78;0;-27;6;-26;6;-25;5;-24;5;-23;5;-22;5;-22;6;-21;6;-20;7;-19;7;-18;8;-17;8;-17;8;-17;8;-16;8;-16;8;-15;8;-15;8;-14;8;-14;7;-14;7;-13;7;-13;7;-13;7;-13;7;-12;7;-13;6;-13;6;-5;2;-2;0;0;-1;0;-1;0;-1;-2;1;-5;3;-13;9;-13;8;-14;8;-16;7;-17;7;-17;7;-18;7;-19;7;-19;6;-20;6;-22;5;-22;5;-23;5;-23;5;-24;5;-24;4;-24;4;-24;3;-25;3;-26;3;-26;4;-27;4;-27;4;-27;5;-27;5;-27;5;-28;5;-28;5;78;0;3;19;3;19;3;20;3;20;3;19;3;18;3;17;4;16;5;15;6;15;6;15;6;15;6;15;6;15;6;15;6;15;6;15;6;15;6;15;6;16;5;16;4;15;4;15;4;15;4;15;3;15;2;15;2;16;0;5;0;1;-1;-1;-1;-1;0;-1;0;1;0;3;0;10;0;10;-1;10;-1;10;-1;10;-1;11;-1;11;-1;12;-2;13;-2;14;-3;14;-3;13;-3;13;-2;14;-2;14;-2;15;-2;15;-3;15;-2;15;-2;15;-1;16;0;16;1;17;1;18;1;19;1;19;1;19;1;19,stable,EXP_S045,ZONE_01,entree_zone,4.7,entree_zone,entree dans la zone
884981152,-55,6,a0:9f:7a:73:2b:3e,384,-110;-96;8;0;17;11;8;8;0;6;-8;5;-16;5;-22;6;-27;8;-30;11;-31;14;-31;17;-31;19;-29;20;-26;21;-23;20;-19;18;-14;15;-10;12;-5;7;-2;2;1;-3;4;-9;5;-13;6;-18;7;-22;7;-25;1;-7;0;0;0;0;0;0;0;0;0;0;0;0;0;0;0;0;0;0;-2;-2;-6;-7;-6;-11;-5;-16;-5;-21;-4;-26;-4;-31;-4;-34;-3;-36;-2;-36;-2;-35;-1;-32;0;-28;2;-22;4;-16;7;-9;10;-2;14;4;18;11;23;17;27;21;32;25;35;26;38;26;39;25;39;23;38;21;70;0;13;23;13;23;13;22;13;21;13;20;12;18;12;17;12;16;11;16;11;15;11;15;11;14;11;14;11;13;11;12;11;12;11;12;11;12;11;12;11;12;10;11;10;11;9;10;9;10;8;11;8;11;8;11;7;12;2;4;0;1;-1;-1;-1;-1;-1;-1;1;0;5;2;14;6;14;6;14;7;14;8;14;9;14;10;14;11;15;12;15;13;15;14;15;15;15;16;14;17;14;18;13;19;13;19;13;20;13;20;14;20;13;20;13;21;13;21;14;22;14;23;14;23;14;23;14;24;14;24;70;0;17;-9;17;-9;17;-9;16;-10;15;-10;15;-10;15;-10;14;-10;14;-10;14;-10;13;-10;13;-10;12;-11;12;-11;13;-11;13;-11;13;-10;13;-10;13;-9;13;-9;13;-9;13;-9;13;-8;13;-7;14;-6;14;-5;14;-4;14;-3;5;-1;1;-1;-1;0;-1;0;-1;0;0;-1;2;-2;7;-6;8;-6;8;-6;8;-6;9;-6;10;-5;10;-5;10;-5;11;-5;11;-5;11;-6;12;-6;13;-5;13;-5;13;-5;13;-5;12;-5;13;-6;13;-6;14;-7;15;-7;15;-8;16;-7;16;-8;16;-8;16;-9;16;-9;17;-10,stable,EXP_S045,ZONE_01,entree_zone,4.7,entree_zone,entree dans la zone
885174658,-55,6,a0:9f:7a:73:2b:3e,384,-110;-96;8;0;-6;18;-5;9;-5;1;-5;-7;-6;-14;-7;-20;-9;-24;-12;-27;-15;-29;-17;-29;-19;-29;-20;-28;-21;-25;-20;-22;-18;-18;-16;-14;-13;-10;-9;-5;-4;-1;1;2;5;5;9;7;13;9;17;11;19;11;5;3;0;0;0;0;0;0;0;0;0;0;0;0;0;0;0;0;0;0;0;-2;1;-7;5;-9;10;-11;14;-13;19;-15;23;-17;25;-18;27;-18;28;-17;27;-16;25;-14;22;-11;18;-7;14;-3;8;2;3;7;-2;13;-6;19;-10;25;-13;30;-15;35;-16;38;-16;40;-15;41;-14;40;-12;39;80;0;-20;14;-20;14;-19;13;-18;13;-17;12;-16;12;-15;12;-14;12;-14;12;-13;12;-12;12;-12;12;-11;11;-11;11;-11;12;-10;12;-10;12;-10;11;-9;11;-9;11;-9;10;-9;10;-9;10;-9;10;-9;10;-9;10;-9;9;-9;9;-4;3;-1;0;0;-1;0;-1;0;-1;-1;1;-3;4;-7;12;-7;12;-8;12;-9;12;-10;13;-11;13;-12;13;-12;13;-13;13;-14;13;-15;13;-16;13;-17;13;-17;13;-18;12;-18;12;-18;12;-19;12;-19;12;-19;12;-20;13;-20;13;-20;13;-21;13;-21;13;-21;13;-21;13;-21;13;80;0;10;16;10;16;10;16;10;15;10;15;10;14;10;13;10;13;10;12;11;12;11;11;11;11;11;11;11;11;11;11;11;11;11;11;10;12;10;12;10;12;9;12;9;12;8;12;8;12;7;12;7;13;6;13;5;13;1;5;0;1;-1;-1;-1;-1;-1;-1;0;0;1;2;5;7;5;8;4;8;4;9;4;9;4;9;4;10;4;10;4;11;4;11;4;11;4;12;4;12;4;12;4;12;4;12;5;13;5;13;5;13;5;13;6;14;7;14;7;15;8;15;8;16;9;16;9;16;9;16,stable,EXP_S045,ZONE_01,entree_zone,4.7,entree_zone,entree dans la zone
885372625,-55,6,a0:9f:7a:73:2b:3e,384,-110;-96;8;0;4;20;1;11;-2;2;-6;-6;-10;-12;-14;-18;-18;-22;-22;-24;-26;-25;-28;-25;-30;-24;-30;-22;-30;-19;-28;-16;-25;-13;-21;-10;-16;-6;-11;-3;-5;0;0;3;6;5;11;7;16;8;20;9;23;10;6;2;0;0;0;0;0;0;0;0;0;0;0;0;0;0;0;0;0;0;-1;-2;-4;-7;-3;-11;-1;-17;0;-22;2;-27;4;-31;5;-34;7;-35;8;-35;9;-34;9;-31;9;-26;9;-20;8;-13;7;-5;6;3;6;11;6;20;6;27;7;35;7;40;9;45;10;47;11;47;11;45;11;43;86;0;-9;24;-9;24;-8;23;-8;22;-8;21;-7;20;-7;20;-6;19;-5;19;-4;18;-4;17;-4;17;-3;17;-3;16;-3;16;-3;16;-2;16;-2;16;-2;15;-2;14;-2;14;-2;14;-3;14;-3;14;-3;13;-3;13;-4;13;-4;13;-2;4;-1;1;0;-1;-1;-1;-1;-1;0;1;1;5;3;14;3;14;2;15;1;16;1;17;0;17;0;18;-1;19;-2;19;-3;20;-3;20;-4;21;-5;21;-6;21;-6;22;-7;21;-7;22;-8;22;-8;22;-8;23;-8;23;-8;24;-8;24;-9;24;-9;25;-10;25;-10;25;-10;25;86;0;20;8;20;8;20;8;19;8;19;7;18;7;18;7;18;6;17;5;17;5;17;4;17;4;17;4;17;4;17;4;17;5;17;5;17;5;17;5;17;6;16;7;16;7;15;7;15;7;14;8;13;9;13;9;12;10;4;3;1;1;-1;-1;-1;-1;-1;-1;1;0;3;0;10;2;10;3;10;3;10;4;10;4;10;4;11;5;12;5;12;6;12;7;12;7;12;7;12;7;12;7;13;7;13;8;14;8;14;8;14;8;15;8;15;8;16;8;17;8;18;8;19;8;19;8;19;9;19;8,stable,EXP_S045,ZONE_01,entree_zone,4.7,entree_zone,entree dans la zone
885575578,-55,6,a0:9f:7a:73:2b:3e,384,-110;-96;8;0;14;15;7;9;-1;4;-9;1;-16;-2;-22;-3;-28;-3;-32;-2;-35;-1;-37;1;-37;3;-36;5;-34;7;-30;9;-26;9;-21;8;-15;7;-9;5;-3;2;2;-1;7;-4;11;-7;15;-10;18;-13;20;-15;5;-4;0;0;0;0;0;0;0;0;0;0;0;0;0;0;0;0;0;0;-2;-2;-6;-7;-5;-11;-4;-17;-4;-22;-3;-27;-2;-31;-2;-35;-1;-37;0;-37;1;-36;2;-33;3;-28;4;-22;5;-15;7;-7;9;0;11;8;15;15;18;22;22;28;25;32;29;35;31;37;32;37;31;34;30;32;83;0;7;26;7;25;7;24;7;22;6;21;6;21;7;20;7;19;8;18;8;17;8;16;8;15;8;15;8;15;9;15;9;14;9;14;9;13;8;13;8;12;7;12;7;12;7;12;8;12;8;12;7;11;7;11;6;11;2;4;0;1;-1;-1;-1;-1;-1;-1;1;1;3;3;10;11;10;11;9;12;9;14;9;15;9;15;9;16;9;17;9;18;8;19;8;20;7;21;7;22;7;22;6;22;6;22;6;23;6;23;5;24;6;24;6;25;6;25;7;25;7;25;6;26;6;26;6;26;6;27;83;0;20;-5;20;-5;20;-6;20;-5;19;-5;19;-5;18;-5;17;-6;16;-7;16;-7;16;-8;16;-8;16;-8;16;-7;15;-7;15;-7;15;-7;16;-7;16;-7;16;-6;16;-6;16;-5;15;-5;15;-4;15;-4;15;-3;15;-2;16;-2;5;-1;1;0;-1;0;-1;0;-1;0;1;-1;3;-1;10;-3;10;-2;10;-2;10;-2;10;-2;11;-2;11;-2;12;-2;13;-1;14;-1;14;0;14;0;14;0;14;-1;14;-1;15;-1;15;-1;16;-1;16;-1;16;-1;16;-2;17;-3;18;-3;19;-3;20;-4;20;-4;20;-4;20;-4,stable,EXP_S045,ZONE_01,entree_zone,4.7,entree_zone,entree dans la zone
885773048,-56,6,a0:9f:7a:73:2b:3e,384,-110;-96;8;0;6;16;2;9;-2;2;-7;-4;-11;-9;-16;-12;-20;-15;-23;-16;-26;-16;-28;-16;-29;-14;-30;-13;-29;-11;-27;-8;-23;-6;-19;-4;-15;-2;-9;0;-4;1;2;2;6;2;11;3;15;3;19;2;21;2;5;0;0;0;0;0;0;0;0;0;0;0;0;0;0;0;0;0;0;0;-1;-2;-4;-6;-3;-10;-2;-14;0;-19;1;-23;2;-27;4;-29;5;-31;5;-31;6;-29;7;-27;7;-23;7;-18;7;-11;6;-5;6;2;6;9;7;16;8;23;10;29;11;33;12;36;13;38;14;39;14;37;14;35;92;0;-6;22;-5;21;-5;20;-5;19;-5;18;-5;18;-4;17;-3;17;-2;16;-1;16;-1;15;-1;15;-1;14;-1;14;-1;14;-1;14;0;14;0;13;0;13;0;12;-1;12;-1;12;0;12;0;12;0;12;-1;12;-1;11;-1;11;-1;4;-1;1;-1;-1;-1;-1;-1;-1;0;1;1;4;3;12;3;12;2;13;1;14;1;14;0;15;0;16;0;16;-1;17;-2;17;-2;18;-3;18;-4;19;-4;19;-4;19;-5;19;-5;19;-5;19;-6;19;-6;20;-6;20;-6;21;-6;21;-6;21;-6;21;-7;21;-7;22;-7;22;92;0;17;5;17;5;17;5;17;5;17;4;16;4;16;4;15;3;15;2;15;2;15;1;15;1;15;1;15;2;15;2;15;2;15;2;15;2;15;2;15;3;14;3;14;3;13;4;13;4;13;4;13;5;12;6;12;7;4;2;1;0;-1;-1;-1;-1;-1;-1;1;0;3;0;9;2;9;2;8;3;8;3;8;3;9;3;9;3;10;4;10;4;10;5;10;6;10;6;10;6;10;5;11;5;12;6;12;6;12;6;12;6;13;6;13;6;14;5;15;5;15;5;16;6;16;6;17;6;17;6,stable,EXP_S045,ZONE_01,entree_zone,4.7,entree_zone,entree dans la zone
885972705,-56,6,a0:9f:7a:73:2b:3e,384,-110;-96;8;0;18;-8;10;-4;3;1;-4;6;-10;11;-14;17;-17;21;-18;25;-18;29;-18;31;-17;32;-15;33;-12;32;-9;29;-7;26;-4;21;-2;16;0;10;1;3;3;-3;3;-8;3;-14;3;-18;3;-23;3;-26;0;-7;0;0;0;0;0;0;0;0;0;0;0;0;0;0;0;0;0;0;-2;1;-7;3;-11;2;-16;1;-22;0;-26;-2;-31;-3;-34;-4;-35;-6;-35;-7;-34;-8;-31;-8;-26;-8;-20;-8;-13;-8;-6;-8;2;-8;11;-9;18;-10;26;-11;33;-12;38;-14;42;-15;44;-17;44;-18;43;-18;40;-18;89;0;25;4;24;4;23;4;22;4;21;3;21;3;20;2;20;1;19;0;18;0;18;-1;17;-1;17;-1;17;-1;17;-1;17;-1;16;-2;16;-2;15;-2;14;-2;14;-2;14;-1;14;-1;14;-2;14;-2;13;-2;13;-1;12;-1;4;-1;1;0;-1;0;-1;0;-1;0;1;-1;4;-2;13;-5;14;-4;15;-3;16;-3;17;-2;17;-2;18;-2;18;-1;19;-1;20;0;21;1;21;2;22;2;22;3;22;3;22;3;22;4;22;5;23;5;23;5;24;5;24;4;25;4;25;4;25;5;25;5;25;6;26;6;89;0;4;-21;5;-21;5;-21;5;-21;5;-20;4;-20;4;-19;3;-19;2;-19;1;-19;0;-19;1;-19;1;-19;1;-19;1;-18;1;-18;1;-18;1;-18;2;-18;2;-18;3;-18;3;-18;3;-17;4;-17;4;-16;5;-16;6;-16;7;-16;2;-6;0;-2;-1;0;-1;0;-1;0;0;-2;0;-4;2;-11;2;-11;3;-11;4;-11;4;-11;4;-11;4;-12;4;-12;5;-13;6;-13;6;-13;6;-13;6;-13;6;-14;6;-14;6;-15;7;-16;7;-16;7;-15;7;-16;6;-16;6;-17;5;-18;6;-20;6;-21;6;-21;6;-21;6;-21,stable,EXP_S045,ZONE_01,entree_zone,4.7,entree_zone,entree dans la zone
886175705,-56,6,a0:9f:7a:73:2b:3e,384,-110;-96;8;0;7;18;3;10;-2;2;-6;-4;-11;-10;-16;-14;-20;-17;-24;-18;-28;-19;-30;-19;-31;-17;-31;-15;-30;-13;-28;-10;-25;-7;-21;-5;-16;-3;-10;0;-5;1;1;3;6;3;12;4;16;4;20;4;22;4;5;1;0;0;0;0;0;0;0;0;0;0;0;0;0;0;0;0;0;0;-2;-2;-4;-6;-3;-10;-2;-16;-1;-21;1;-25;2;-29;3;-32;4;-34;5;-34;7;-33;8;-29;8;-25;8;-19;7;-12;7;-5;7;2;7;10;7;17;9;25;10;31;12;36;13;40;14;43;14;44;14;41;14;39;85;0;0;24;0;23;0;22;0;21;0;20;0;20;1;19;1;19;2;18;3;17;3;16;3;15;3;15;3;15;3;15;4;15;4;14;4;14;4;13;4;12;3;12;3;12;3;12;4;12;4;12;4;11;3;11;3;11;1;4;0;1;-1;-1;-1;-1;-1;-1;0;1;2;4;5;12;5;13;4;14;4;15;3;16;3;16;3;17;3;17;2;18;1;18;1;19;0;20;0;21;-1;21;-1;21;-1;21;-2;21;-2;21;-2;22;-2;23;-2;23;-1;24;-1;24;-1;24;-1;24;-2;24;-2;25;-2;25;85;0;19;1;20;0;20;0;20;0;20;0;19;0;18;0;17;-1;16;-2;16;-2;17;-3;17;-3;17;-2;17;-2;16;-2;16;-3;16;-3;16;-3;17;-2;17;-2;16;-1;16;-1;15;0;15;0;15;0;15;1;15;2;15;3;5;1;1;0;-1;-1;-1;-1;-1;-1;1;-1;3;0;10;0;10;1;10;2;9;2;10;2;10;2;11;2;12;2;12;3;13;4;13;4;12;4;12;4;13;4;13;4;14;4;14;4;15;4;15;4;15;4;15;3;16;2;17;2;18;2;19;2;20;2;20;2;20;2,stable,EXP_S045,ZONE_01,entree_zone,4.7,entree_zone,entree dans la zone
886375368,-56,6,a0:9f:7a:73:2b:3e,384,-110;-96;8;0;9;-18;5;-10;2;-2;0;6;0;14;0;20;0;26;2;30;3;33;5;34;7;34;9;33;10;31;11;27;11;23;10;18;8;13;6;7;4;1;1;-4;-2;-9;-5;-13;-8;-16;-10;-19;-12;-21;-4;-6;0;0;0;0;0;0;0;0;0;0;0;0;0;0;0;0;0;0;-1;1;-2;6;-6;8;-11;11;-16;13;-20;15;-24;17;-27;18;-29;18;-30;17;-30;15;-28;13;-25;10;-20;6;-15;1;-9;-3;-3;-8;3;-13;8;-19;13;-25;17;-30;20;-35;22;-38;23;-41;23;-41;21;-40;19;-38;82;0;19;-16;19;-16;18;-15;17;-14;16;-14;16;-14;15;-13;14;-14;13;-14;12;-13;11;-13;10;-13;10;-13;10;-13;10;-13;9;-13;9;-13;9;-13;8;-12;8;-12;8;-11;8;-11;8;-11;7;-11;7;-11;7;-11;7;-10;7;-10;2;-4;0;-1;-1;0;-1;0;-1;0;0;-2;1;-5;5;-14;6;-14;7;-14;8;-14;9;-14;10;-15;11;-15;11;-15;12;-15;13;-15;14;-15;15;-15;16;-15;16;-15;17;-14;17;-14;17;-14;18;-14;18;-14;19;-14;19;-15;19;-15;19;-15;20;-15;20;-15;20;-15;21;-15;21;-15;82;0;-12;-18;-12;-18;-12;-18;-12;-18;-12;-17;-12;-16;-12;-16;-12;-15;-12;-14;-13;-14;-13;-14;-13;-14;-13;-13;-12;-13;-12;-13;-12;-13;-12;-13;-12;-13;-12;-14;-12;-14;-11;-14;-11;-14;-10;-14;-10;-14;-9;-14;-8;-14;-7;-15;-7;-16;-3;-6;-1;-2;0;0;0;0;0;0;-1;-1;-3;-3;-7;-9;-6;-9;-6;-10;-5;-10;-5;-10;-5;-11;-6;-11;-6;-12;-6;-12;-6;-13;-6;-13;-5;-13;-5;-13;-6;-14;-6;-14;-6;-15;-6;-15;-6;-16;-6;-16;-7;-16;-7;-16;-8;-16;-9;-17;-10;-17;-10;-18;-11;-18;-11;-19;-11;-18,stable,EXP_S045,ZONE_01,entree_zone,4.7,entree_zone,entree dans la zone
886572437,-56,6,a0:9f:7a:73:2b:3e,384,-110;-96;8;0;15;-13;9;-7;3;0;-2;7;-6;13;-9;19;-10;24;-11;28;-10;32;-9;34;-7;35;-6;34;-4;33;-2;30;0;26;1;21;2;15;2;9;2;3;2;-3;1;-9;0;-14;-1;-18;-3;-22;-3;-25;-1;-7;0;0;0;0;0;0;0;0;0;0;0;0;0;0;0;0;0;0;-1;1;-5;5;-9;5;-15;5;-20;5;-25;5;-29;5;-32;5;-34;4;-35;3;-34;2;-31;0;-27;-1;-21;-3;-14;-4;-7;-6;0;-9;7;-11;15;-14;21;-17;27;-20;32;-23;35;-26;37;-28;37;-29;35;-28;33;-27;93;0;25;-5;24;-5;23;-4;22;-4;21;-4;20;-4;20;-5;19;-5;18;-6;17;-6;16;-7;16;-6;15;-6;15;-7;15;-7;14;-7;14;-7;13;-7;13;-7;12;-7;12;-6;12;-6;12;-6;12;-6;12;-6;11;-6;11;-6;11;-5;4;-2;1;-1;-1;0;-1;0;-1;0;1;-2;3;-4;11;-9;12;-9;13;-8;14;-8;15;-8;15;-8;16;-7;17;-7;17;-6;18;-6;19;-5;20;-5;21;-5;21;-4;21;-4;21;-4;21;-4;22;-3;22;-3;23;-3;24;-4;24;-4;24;-4;24;-4;24;-4;25;-4;25;-4;25;-4;93;0;-2;-21;-3;-21;-3;-21;-2;-21;-2;-21;-2;-20;-3;-19;-4;-18;-4;-18;-5;-18;-5;-18;-5;-18;-5;-18;-5;-18;-5;-17;-5;-17;-5;-17;-5;-18;-5;-18;-4;-18;-3;-18;-3;-17;-2;-17;-2;-16;-1;-16;-1;-17;0;-17;1;-17;0;-6;0;-2;0;0;0;0;-1;0;-1;-2;-1;-4;-1;-11;-1;-11;0;-11;0;-11;0;-11;0;-12;0;-12;0;-13;1;-14;1;-14;2;-14;2;-14;2;-14;2;-14;1;-15;1;-16;2;-16;2;-17;2;-17;1;-17;0;-17;0;-18;-1;-19;-1;-20;-1;-21;-1;-21;-1;-21;-1;-21,stable,EXP_S045,ZONE_01,entree_zone,4.7,entree_zone,entree dans la zone
886772542,-56,6,a0:9f:7a:73:2b:3e,384,-110;-96;8;0;18;-8;10;-4;3;1;-4;5;-10;10;-15;15;-18;19;-20;23;-20;27;-20;29;-18;31;-17;31;-14;30;-12;28;-9;25;-6;21;-4;16;-1;10;1;4;3;-2;4;-7;4;-12;5;-17;5;-21;6;-24;1;-7;0;0;0;0;0;0;0;0;0;0;0;0;0;0;0;0;0;0;-2;1;-6;3;-10;3;-16;1;-21;0;-26;-1;-30;-2;-33;-4;-34;-5;-34;-6;-33;-7;-30;-7;-26;-8;-20;-8;-13;-8;-6;-8;2;-8;10;-8;18;-9;26;-10;32;-11;38;-12;41;-14;43;-16;44;-17;42;-17;40;-16;87;0;25;3;24;3;23;3;22;3;21;3;20;2;20;2;19;1;19;0;18;-1;17;-1;16;-1;16;-1;16;-1;16;-2;16;-2;16;-2;15;-3;14;-2;14;-2;13;-2;13;-2;13;-2;13;-2;13;-2;13;-2;12;-1;12;-1;4;-1;1;0;-1;0;-1;0;-1;0;1;-1;4;-2;13;-5;13;-5;14;-4;15;-3;16;-3;17;-3;17;-2;18;-2;18;-1;19;0;20;1;21;1;21;2;21;2;21;2;21;3;21;3;22;4;22;4;23;4;23;4;24;4;24;4;24;4;24;4;24;4;25;4;25;5;87;0;4;-21;4;-21;4;-21;4;-21;4;-20;4;-20;3;-19;3;-18;2;-18;1;-18;1;-19;1;-19;1;-19;1;-18;1;-18;1;-18;1;-18;1;-18;2;-18;2;-18;3;-18;3;-17;3;-17;3;-16;4;-16;5;-16;5;-16;6;-15;2;-6;0;-2;-1;0;-1;0;-1;0;0;-2;0;-4;1;-11;2;-11;3;-11;3;-11;3;-11;3;-11;3;-12;4;-12;5;-13;5;-13;6;-13;6;-13;6;-13;5;-13;5;-14;6;-15;6;-15;6;-15;6;-15;6;-16;6;-16;5;-17;5;-18;5;-19;5;-20;6;-20;6;-21;6;-20,stable,EXP_S045,ZONE_01,entree_zone,4.7,entree_zone,entree dans la zone
886972384,-55,6,a0:9f:7a:73:2b:3e,384,-110;-96;8;0;-17;-14;-9;-9;-1;-4;7;0;14;2;20;4;26;4;31;4;34;3;36;1;36;-1;35;-3;33;-4;30;-6;26;-7;21;-7;16;-6;9;-6;3;-4;-3;-3;-9;0;-14;2;-18;4;-22;6;-24;7;-7;2;0;0;0;0;0;0;0;0;0;0;0;0;0;0;0;0;0;0;1;0;6;3;7;7;8;13;9;18;10;23;11;27;11;31;10;33;9;34;8;33;6;30;4;26;1;21;-2;14;-5;7;-9;0;-13;-7;-17;-14;-22;-20;-26;-25;-30;-29;-33;-32;-35;-33;-36;-33;-35;-32;-34;-30;84;0;-14;-24;-13;-23;-12;-21;-12;-20;-11;-20;-11;-19;-11;-19;-12;-18;-13;-17;-13;-15;-12;-14;-12;-14;-12;-14;-12;-14;-12;-13;-12;-13;-12;-12;-12;-11;-12;-11;-11;-10;-10;-11;-10;-11;-10;-11;-11;-11;-11;-10;-10;-10;-10;-10;-9;-10;-4;-4;-1;-2;0;0;0;0;0;0;-2;-1;-5;-3;-12;-9;-12;-10;-12;-11;-12;-12;-12;-13;-13;-14;-13;-14;-13;-15;-12;-16;-12;-17;-11;-18;-11;-19;-12;-20;-12;-20;-11;-20;-11;-20;-10;-21;-10;-21;-10;-22;-11;-23;-11;-23;-12;-23;-12;-23;-12;-23;-12;-23;-12;-24;-12;-24;-12;-25;84;0;-20;8;-20;9;-20;9;-20;8;-20;8;-19;7;-18;8;-16;8;-16;9;-15;10;-16;10;-16;10;-16;10;-16;9;-15;9;-15;9;-15;9;-15;9;-16;9;-16;9;-17;8;-16;7;-16;6;-16;6;-15;6;-16;5;-16;4;-16;3;-6;1;-2;0;0;-1;0;-1;0;-1;-1;0;-4;1;-10;4;-11;3;-11;2;-11;2;-11;2;-11;2;-12;3;-13;3;-14;3;-15;2;-15;2;-15;1;-15;2;-15;2;-15;3;-16;3;-17;3;-17;2;-17;2;-17;3;-17;4;-17;5;-18;6;-19;7;-20;7;-21;7;-21;7;-20;7,stable,EXP_S045,ZONE_01,entree_zone,4.7,entree_zone,entree dans la zone
887172243,-56,6,a0:9f:7a:73:2b:3e,384,-110;-96;8;0;19;2;11;2;2;3;-6;4;-13;6;-19;8;-24;11;-27;14;-29;17;-29;19;-29;21;-27;22;-25;23;-22;22;-18;19;-14;17;-10;13;-5;9;-1;4;2;-1;5;-6;7;-10;9;-15;11;-18;12;-21;3;-6;0;0;0;0;0;0;0;0;0;0;0;0;0;0;0;0;0;0;-2;0;-8;-1;-11;-4;-14;-7;-18;-11;-21;-15;-24;-18;-25;-21;-26;-23;-26;-24;-24;-24;-22;-22;-18;-20;-13;-17;-7;-13;-1;-10;6;-6;13;-2;20;1;27;4;33;6;38;7;42;7;44;7;45;6;44;5;42;4;78;0;19;15;19;15;18;14;17;14;16;13;16;12;16;11;16;11;15;10;15;9;15;8;14;8;14;8;14;8;14;8;14;7;14;7;14;7;13;6;13;6;12;6;12;6;12;6;12;6;12;6;11;6;11;6;10;7;3;2;1;0;-1;-1;-1;-1;-1;-1;1;-1;5;0;14;1;14;2;14;3;15;4;15;5;16;5;16;6;17;7;17;8;17;9;17;10;18;11;18;11;18;12;17;12;17;13;17;13;17;14;17;14;18;15;18;15;18;15;19;15;19;15;19;15;19;16;19;16;19;16;78;0;14;-15;14;-15;14;-15;14;-15;13;-15;13;-14;12;-14;11;-14;11;-14;11;-14;10;-14;10;-15;10;-14;10;-14;10;-14;10;-14;10;-14;10;-14;10;-14;11;-13;11;-13;11;-12;11;-11;11;-11;12;-10;12;-10;13;-9;13;-8;5;-3;1;-1;-1;0;-1;0;-1;0;0;-1;2;-3;6;-8;6;-8;6;-8;7;-8;7;-8;7;-8;8;-8;8;-9;9;-9;10;-9;10;-9;10;-9;10;-9;11;-9;11;-9;11;-10;12;-10;12;-10;12;-10;12;-10;12;-11;12;-12;13;-13;13;-13;14;-14;14;-14;14;-14;15;-15,stable,EXP_S045,ZONE_01,entree_zone,4.7,entree_zone,entree dans la zone
887372553,-56,6,a0:9f:7a:73:2b:3e,384,-110;-96;8;0;-21;1;-12;0;-3;-2;5;-4;12;-7;18;-10;22;-13;26;-16;27;-19;28;-21;27;-22;26;-24;24;-24;21;-23;17;-21;13;-18;9;-14;4;-10;0;-6;-4;-1;-7;3;-10;8;-13;12;-15;15;-16;18;-4;4;0;0;0;0;0;0;0;0;0;0;0;0;0;0;0;0;0;0;1;-1;6;-3;10;-1;14;1;19;3;24;6;27;8;30;10;31;11;31;12;29;13;26;13;22;12;16;11;10;9;3;7;-5;5;-13;3;-20;2;-28;1;-35;0;-40;0;-44;0;-46;0;-47;1;-46;2;-43;2;89;0;-19;-17;-19;-16;-18;-15;-18;-15;-17;-14;-17;-13;-16;-13;-16;-12;-16;-11;-16;-10;-16;-9;-15;-9;-15;-8;-15;-8;-15;-8;-15;-8;-15;-7;-14;-7;-14;-7;-14;-7;-13;-7;-13;-7;-13;-7;-13;-6;-13;-6;-12;-6;-12;-7;-12;-7;-5;-3;-2;-1;0;0;0;0;0;0;-2;-1;-5;-2;-14;-4;-14;-5;-14;-6;-15;-6;-15;-7;-16;-8;-16;-8;-16;-9;-16;-10;-17;-11;-17;-12;-17;-13;-17;-14;-17;-14;-17;-14;-17;-15;-17;-15;-17;-15;-17;-16;-17;-16;-18;-17;-18;-17;-18;-17;-19;-17;-19;-17;-19;-17;-19;-18;-19;-18;89;0;-16;14;-16;14;-16;14;-15;14;-15;14;-14;13;-14;13;-13;13;-12;13;-12;13;-11;14;-11;14;-11;14;-11;14;-11;14;-11;14;-11;14;-11;14;-12;13;-12;13;-12;12;-12;12;-12;11;-13;11;-13;10;-13;9;-14;8;-14;8;-6;2;-2;0;0;-1;0;-1;0;-1;-1;0;-3;2;-8;7;-8;7;-9;6;-9;6;-9;6;-10;6;-10;7;-11;7;-11;7;-12;7;-12;7;-13;7;-13;7;-13;7;-13;7;-13;8;-14;8;-14;8;-14;8;-14;9;-14;9;-15;10;-15;11;-15;12;-16;13;-16;13;-16;13;-16;13,stable,EXP_S045,ZONE_01,entree_zone,4.7,entree_zone,entree dans la zone
887573810,-56,6,a0:9f:7a:73:2b:3e,384,-110;-96;8;0;-17;12;-10;6;-4;0;2;-7;6;-13;10;-19;12;-24;12;-28;12;-31;11;-34;9;-35;8;-35;6;-34;4;-31;2;-28;0;-23;-1;-17;-2;-12;-3;-5;-4;1;-4;6;-3;12;-3;17;-2;21;-2;24;-1;6;0;0;0;0;0;0;0;0;0;0;0;0;0;0;0;0;0;0;0;-2;4;-6;8;-7;14;-7;19;-8;24;-8;28;-8;32;-8;34;-7;34;-6;33;-5;30;-3;26;-2;20;0;14;2;6;4;-1;7;-9;10;-17;13;-23;16;-29;19;-34;22;-37;24;-39;26;-39;27;-37;27;-35;26;93;0;-26;-3;-25;-3;-24;-3;-23;-3;-22;-2;-21;-2;-21;-1;-20;-1;-19;0;-19;1;-18;1;-18;1;-17;2;-17;2;-17;2;-17;2;-16;2;-16;2;-15;2;-15;2;-14;2;-14;2;-14;2;-14;2;-14;2;-14;2;-14;1;-14;1;-5;0;-2;0;0;-1;0;-1;0;-1;-2;0;-5;1;-14;5;-15;4;-15;3;-16;3;-17;2;-18;2;-18;2;-19;1;-20;1;-20;0;-21;-1;-22;-1;-22;-2;-22;-2;-22;-3;-23;-3;-23;-3;-23;-4;-23;-4;-24;-4;-24;-4;-25;-4;-25;-4;-25;-4;-25;-4;-26;-4;-26;-4;-26;-4;93;0;-5;20;-5;20;-5;20;-4;20;-4;20;-4;19;-3;19;-3;18;-2;18;-2;18;-1;18;-1;18;-1;17;-1;17;-1;17;-1;17;-1;17;-1;17;-2;17;-2;17;-3;17;-3;16;-4;16;-4;16;-4;15;-5;15;-6;15;-7;14;-3;5;-1;1;0;-1;0;-1;0;-1;-1;1;-1;3;-2;10;-3;10;-3;10;-4;10;-4;10;-4;11;-4;11;-5;12;-5;12;-6;13;-6;13;-6;13;-7;13;-7;13;-7;14;-7;14;-7;14;-7;15;-7;15;-6;15;-6;16;-6;17;-6;18;-6;18;-6;19;-6;20;-5;20;-5;20,stable,EXP_S045,ZONE_01,entree_zone,4.7,entree_zone,entree dans la zone
887772690,-55,6,a0:9f:7a:73:2b:3e,384,-110;-96;8;0;-6;-19;-3;-11;1;-4;5;3;10;9;14;13;18;16;22;18;25;18;27;18;28;17;29;15;28;13;26;10;23;8;20;6;15;3;10;1;4;-1;-1;-3;-7;-4;-12;-5;-16;-5;-20;-5;-23;-6;-6;-2;0;0;0;0;0;0;0;0;0;0;0;0;0;0;0;0;0;0;0;1;2;6;1;9;-1;14;-3;19;-4;23;-6;27;-8;29;-9;31;-10;31;-11;29;-11;27;-10;22;-10;17;-9;10;-8;3;-7;-4;-7;-11;-7;-18;-8;-26;-8;-32;-9;-37;-10;-41;-11;-43;-12;-43;-13;-42;-13;-39;78;0;-2;-25;-2;-24;-1;-23;-1;-22;-1;-21;-1;-20;-2;-20;-3;-20;-3;-19;-4;-18;-4;-17;-4;-16;-4;-16;-4;-16;-4;-16;-5;-16;-5;-15;-5;-15;-5;-14;-4;-14;-4;-13;-4;-13;-4;-13;-4;-13;-4;-13;-4;-13;-4;-13;-3;-13;-1;-5;-1;-2;0;0;0;0;0;0;-1;-2;-3;-5;-8;-12;-7;-13;-7;-14;-6;-15;-6;-16;-6;-16;-6;-17;-5;-17;-4;-18;-4;-19;-3;-19;-3;-20;-2;-21;-2;-21;-2;-21;-2;-21;-1;-22;-1;-22;-1;-22;0;-23;-1;-24;-1;-24;-1;-24;-1;-24;-1;-24;0;-25;0;-25;0;-25;78;0;-20;-1;-20;-2;-20;-2;-20;-2;-20;-2;-19;-2;-18;-1;-17;-1;-17;0;-17;1;-17;1;-17;1;-17;1;-17;1;-17;1;-17;1;-17;1;-17;1;-17;0;-17;0;-17;-1;-17;-2;-16;-2;-16;-2;-15;-3;-15;-3;-15;-4;-15;-5;-6;-2;-2;-1;0;0;0;-1;0;0;-2;0;-4;0;-10;0;-10;-1;-10;-2;-10;-2;-10;-2;-11;-2;-12;-2;-12;-2;-13;-3;-13;-4;-13;-4;-13;-4;-13;-4;-14;-4;-14;-4;-15;-4;-15;-4;-15;-4;-15;-4;-15;-4;-16;-3;-17;-2;-18;-2;-19;-2;-20;-2;-20;-3;-20;-3;-20;-3,stable,EXP_S045,ZONE_01,entree_zone,4.7,entree_zone,entree dans la zone
887972776,-56,6,a0:9f:7a:73:2b:3e,384,-110;-96;8;0;20;3;11;2;2;2;-7;2;-14;3;-21;4;-27;7;-31;9;-33;11;-34;14;-34;16;-32;17;-30;18;-27;17;-23;16;-18;14;-13;12;-8;8;-2;4;2;0;7;-4;10;-8;14;-11;16;-14;18;-16;4;-5;0;0;0;0;0;0;0;0;0;0;0;0;0;0;0;0;0;0;-2;0;-8;0;-11;-3;-15;-7;-19;-11;-22;-15;-25;-18;-27;-20;-28;-23;-27;-24;-26;-24;-23;-22;-19;-20;-14;-17;-8;-13;-1;-9;6;-5;13;-1;20;3;27;6;33;8;39;10;43;11;46;11;46;10;45;9;43;8;89;0;22;13;21;12;20;12;19;11;18;11;18;10;18;10;18;9;17;7;17;6;16;6;16;5;16;5;16;5;16;5;16;5;16;4;15;3;14;3;14;3;13;4;13;4;13;4;13;4;13;3;13;3;12;4;12;4;4;1;1;0;-1;-1;-1;-1;-1;-1;1;-1;5;0;14;1;14;2;15;3;15;4;16;4;16;5;17;5;17;6;17;7;17;8;18;9;18;10;19;10;19;10;19;11;18;11;18;12;18;12;19;13;19;14;20;14;20;13;21;13;21;13;21;13;21;14;21;14;21;15;89;0;12;-18;12;-18;12;-18;13;-18;12;-17;12;-17;11;-16;10;-16;9;-16;8;-16;8;-17;8;-17;8;-17;8;-17;8;-16;8;-16;8;-16;8;-17;9;-17;9;-16;10;-15;10;-15;10;-14;10;-13;10;-13;10;-13;11;-12;12;-12;4;-4;1;-2;-1;0;-1;0;-1;0;0;-2;2;-4;6;-9;6;-9;7;-9;7;-8;7;-8;7;-9;8;-10;9;-10;10;-10;10;-10;11;-10;11;-10;11;-10;10;-10;11;-11;11;-11;12;-12;12;-12;12;-12;12;-12;12;-13;11;-14;12;-15;12;-16;13;-17;14;-17;14;-17;13;-17,stable,EXP_S045,ZONE_01,entree_zone,4.7,entree_zone,entree dans la zone
888172338,-56,6,a0:9f:7a:73:2b:3e,384,-110;-96;8;0;-19;3;-11;1;-3;-2;4;-5;10;-8;14;-11;18;-15;20;-18;22;-21;22;-23;21;-24;20;-25;18;-25;15;-23;12;-21;9;-18;6;-14;2;-10;-1;-5;-3;-1;-6;4;-7;8;-9;12;-10;16;-11;18;-3;4;0;0;0;0;0;0;0;0;0;0;0;0;0;0;0;0;0;0;1;-1;5;-3;9;-1;13;0;18;2;22;4;25;5;28;6;29;8;29;9;28;10;25;10;21;9;16;9;10;7;3;6;-4;5;-11;4;-18;4;-25;4;-31;4;-36;4;-39;5;-42;5;-42;6;-41;6;-39;7;87;0;-23;-4;-22;-4;-21;-3;-20;-3;-19;-3;-19;-3;-19;-2;-18;-1;-18;-1;-17;0;-16;1;-15;1;-15;1;-15;1;-15;1;-15;1;-15;2;-14;2;-14;2;-13;2;-13;1;-13;1;-13;1;-13;1;-13;1;-13;1;-12;1;-12;1;-5;0;-2;0;0;-1;0;-1;0;-1;-2;0;-5;1;-13;2;-13;2;-14;1;-15;1;-15;0;-16;0;-16;0;-17;-1;-17;-1;-18;-2;-19;-3;-19;-3;-20;-4;-20;-4;-20;-4;-19;-4;-19;-5;-20;-5;-20;-5;-21;-6;-21;-5;-22;-5;-22;-5;-22;-5;-22;-5;-23;-5;-23;-5;-23;-6;87;0;-5;18;-5;18;-5;18;-5;18;-5;17;-5;17;-4;16;-4;16;-3;16;-2;16;-2;16;-2;16;-2;16;-2;15;-2;15;-2;15;-2;15;-2;15;-2;15;-3;15;-3;15;-4;14;-4;14;-4;14;-4;13;-5;13;-5;13;-6;13;-3;4;-1;1;0;-1;0;-1;0;-1;-1;1;-1;3;-3;9;-4;9;-4;8;-5;8;-5;8;-5;9;-5;9;-5;10;-6;10;-7;11;-7;10;-7;10;-7;11;-7;11;-6;12;-7;12;-7;13;-8;13;-8;13;-7;13;-7;13;-7;14;-7;15;-7;16;-7;17;-7;17;-7;17;-6;17,stable,EXP_S045,ZONE_01,entree_zone,4.7,entree_zone,entree dans la zone
888372401,-56,6,a0:9f:7a:73:2b:3e,384,-110;-96;8;0;19;-7;11;-4;3;0;-5;4;-11;9;-16;14;-20;18;-22;22;-23;25;-23;27;-22;29;-20;29;-18;29;-15;27;-12;24;-9;21;-6;16;-3;10;0;5;3;-1;5;-6;6;-11;8;-16;9;-20;10;-23;2;-6;0;0;0;0;0;0;0;0;0;0;0;0;0;0;0;0;0;0;-2;0;-7;3;-11;2;-16;1;-21;0;-26;-1;-30;-2;-33;-3;-35;-5;-35;-6;-34;-7;-31;-8;-26;-8;-20;-8;-13;-8;-5;-7;2;-7;10;-7;18;-8;26;-9;33;-10;38;-11;42;-13;44;-13;45;-14;44;-14;41;-14;81;0;25;4;24;4;23;3;22;3;21;3;20;2;20;2;19;1;19;0;18;-1;17;-1;17;-1;16;-2;16;-2;16;-2;16;-2;15;-3;15;-3;14;-3;14;-3;13;-2;13;-2;13;-2;13;-3;13;-3;13;-2;13;-2;12;-2;4;-1;1;0;-1;0;-1;0;-1;0;1;-1;4;-2;14;-4;14;-3;15;-2;15;-1;16;-1;17;-1;17;0;18;0;18;1;19;2;19;2;20;3;20;3;21;4;21;4;21;4;21;4;21;5;22;5;22;5;23;5;23;5;23;5;24;5;24;5;24;5;25;5;25;5;81;0;5;-21;5;-21;5;-21;5;-21;5;-21;4;-20;4;-19;3;-19;2;-18;2;-18;1;-19;1;-19;1;-19;1;-19;1;-18;1;-18;1;-18;1;-18;1;-19;2;-18;2;-18;3;-18;3;-17;3;-16;4;-16;5;-16;6;-16;6;-16;2;-6;0;-2;-1;0;-1;0;-1;0;0;-2;1;-4;3;-11;3;-11;4;-11;4;-11;4;-11;5;-11;5;-12;5;-12;6;-13;6;-13;7;-13;7;-13;7;-13;7;-13;7;-14;7;-14;7;-15;7;-15;7;-15;7;-16;7;-16;6;-17;6;-18;6;-19;6;-20;7;-20;7;-21;7;-21,stable,EXP_S045,ZONE_01,entree_zone,4.7,entree_zone,entree dans la zone
888574236,-55,6,a0:9f:7a:73:2b:3e,384,-110;-96;8;0;-17;14;-10;7;-4;0;1;-7;5;-13;8;-20;10;-25;11;-30;10;-34;9;-36;7;-37;5;-37;4;-35;2;-32;1;-29;-1;-24;-2;-18;-3;-12;-3;-5;-3;1;-3;7;-2;12;-1;17;-1;21;0;24;0;6;0;0;0;0;0;0;0;0;0;0;0;0;0;0;0;0;0;0;0;-2;4;-7;8;-7;13;-9;19;-10;24;-10;28;-11;32;-11;34;-10;35;-9;34;-8;31;-6;27;-4;21;-2;14;1;7;4;-1;7;-8;11;-16;14;-22;18;-28;22;-33;25;-36;28;-38;30;-38;31;-36;31;-34;30;81;0;-26;5;-25;5;-24;5;-23;5;-22;5;-22;5;-21;5;-20;5;-19;6;-18;6;-17;6;-17;6;-16;6;-16;6;-16;7;-16;7;-15;7;-15;7;-14;7;-14;6;-14;6;-14;6;-13;6;-13;6;-13;6;-13;6;-13;5;-13;5;-5;1;-2;0;0;-1;0;-1;0;-1;-2;1;-5;3;-12;9;-13;8;-14;8;-15;8;-16;8;-17;8;-17;8;-18;7;-19;7;-20;6;-21;6;-22;5;-22;5;-23;5;-23;5;-23;4;-23;4;-23;4;-24;3;-25;3;-25;4;-25;4;-26;4;-26;4;-26;4;-26;4;-27;4;-27;4;81;0;2;21;2;21;2;22;2;21;2;21;2;20;2;19;3;19;3;18;4;18;4;18;4;18;4;17;4;17;4;17;4;17;4;17;4;17;4;18;3;18;2;17;2;17;1;16;1;16;0;16;-1;16;-1;16;-2;16;-1;6;-1;1;-1;-1;-1;-1;-1;-1;0;1;0;3;1;10;1;11;0;11;0;11;-1;11;-1;12;0;12;-1;13;-1;14;-1;14;-2;14;-2;14;-2;14;-2;14;-2;15;-2;15;-2;16;-2;16;-2;16;-2;17;-1;17;0;18;0;19;0;20;0;21;0;21;1;21;1;21,stable,EXP_S045,ZONE_01,entree_zone,4.7,entree_zone,entree dans la zone
888772483,-56,6,a0:9f:7a:73:2b:3e,384,-110;-96;8;0;13;-16;8;-9;3;-1;-1;6;-4;13;-6;19;-7;24;-7;29;-7;32;-6;34;-4;35;-2;34;0;33;2;30;3;26;3;21;4;16;4;9;3;3;2;-3;1;-8;-1;-13;-2;-18;-4;-21;-5;-24;-2;-7;0;0;0;0;0;0;0;0;0;0;0;0;0;0;0;0;0;0;-1;1;-4;5;-8;6;-13;8;-19;9;-23;10;-27;11;-31;11;-33;11;-33;10;-33;8;-30;6;-26;4;-21;1;-15;-2;-8;-5;-1;-8;6;-12;12;-16;19;-20;24;-24;28;-28;31;-31;33;-33;33;-34;31;-33;29;-32;86;0;23;-10;22;-10;21;-9;20;-9;19;-9;18;-9;18;-9;17;-10;16;-10;15;-10;14;-10;13;-10;13;-10;13;-10;13;-10;12;-10;12;-10;11;-10;11;-10;10;-10;10;-9;10;-9;10;-9;10;-9;10;-9;10;-9;10;-9;10;-8;3;-3;1;-1;-1;0;-1;0;-1;0;0;-2;3;-4;9;-10;10;-10;11;-10;12;-10;13;-10;14;-10;14;-10;15;-10;16;-9;17;-9;18;-8;19;-8;19;-8;20;-8;20;-8;20;-8;20;-7;21;-7;21;-7;22;-7;22;-8;22;-8;22;-9;23;-9;23;-9;23;-8;24;-8;24;-8;86;0;-6;-21;-7;-21;-7;-21;-7;-21;-6;-20;-6;-19;-6;-18;-7;-18;-8;-17;-8;-17;-9;-17;-9;-17;-8;-17;-8;-17;-8;-16;-8;-16;-8;-16;-9;-16;-8;-16;-8;-16;-7;-16;-7;-16;-6;-16;-6;-16;-5;-16;-4;-16;-3;-16;-3;-17;-1;-6;-1;-2;0;0;0;0;0;0;-1;-2;-1;-4;-3;-11;-2;-11;-2;-11;-2;-11;-2;-12;-2;-12;-2;-12;-2;-13;-2;-14;-1;-14;-1;-15;-1;-15;-1;-15;-1;-15;-1;-15;-1;-16;-1;-17;-1;-17;-1;-17;-2;-17;-3;-17;-4;-18;-4;-19;-4;-20;-5;-20;-5;-21;-5;-21;-5;-21,stable,EXP_S045,ZONE_01,entree_zone,4.7,entree_zone,entree dans la zone
888974621,-56,6,a0:9f:7a:73:2b:3e,384,-110;-96;8;0;18;-8;10;-4;3;1;-4;6;-9;10;-13;15;-16;19;-18;23;-18;26;-17;29;-16;30;-14;31;-12;30;-9;28;-7;24;-5;20;-2;15;0;9;1;4;2;-2;3;-8;3;-13;3;-17;3;-21;3;-24;0;-6;0;0;0;0;0;0;0;0;0;0;0;0;0;0;0;0;0;0;-2;1;-6;3;-10;2;-16;1;-21;0;-25;-1;-29;-3;-32;-4;-34;-6;-34;-7;-33;-7;-30;-7;-26;-8;-20;-8;-13;-8;-6;-8;2;-8;10;-8;18;-9;25;-10;31;-11;37;-13;40;-14;42;-16;42;-17;41;-18;38;-17;87;0;23;-9;22;-9;21;-9;20;-8;19;-8;19;-7;18;-8;17;-8;16;-9;15;-9;14;-9;13;-9;13;-8;13;-8;13;-9;13;-9;12;-10;12;-9;11;-9;11;-8;11;-8;11;-8;11;-8;11;-8;10;-8;10;-8;9;-7;9;-7;3;-3;1;-1;-1;0;-1;0;-1;0;0;-2;3;-4;9;-11;9;-11;11;-11;12;-11;13;-11;13;-11;14;-11;14;-11;15;-10;16;-10;17;-9;19;-9;19;-9;19;-9;19;-9;19;-8;20;-8;20;-7;21;-7;22;-8;22;-8;22;-9;22;-9;22;-9;23;-8;23;-8;24;-8;24;-7;87;0;-6;-20;-6;-20;-6;-21;-6;-21;-5;-20;-5;-19;-5;-18;-6;-17;-7;-17;-8;-17;-8;-17;-8;-17;-8;-17;-7;-16;-7;-16;-7;-16;-7;-16;-7;-16;-7;-16;-6;-17;-6;-17;-5;-16;-5;-16;-4;-15;-4;-15;-3;-16;-2;-16;-1;-17;-1;-6;0;-2;0;0;0;0;0;0;-1;-2;-2;-4;-4;-11;-3;-11;-3;-11;-2;-11;-2;-11;-2;-11;-3;-12;-3;-13;-2;-14;-1;-14;-1;-14;-1;-14;-1;-14;-2;-14;-2;-15;-2;-16;-2;-16;-1;-17;-1;-17;-2;-16;-2;-16;-3;-17;-4;-18;-5;-19;-5;-20;-4;-21;-4;-21;-4;-20,stable,EXP_S045,ZONE_01,entree_zone,4.7,entree_zone,entree dans la zone
889178792,-56,6,a0:9f:7a:73:2b:3e,384,-110;-96;8;0;-3;19;-3;10;-3;1;-4;-7;-6;-14;-8;-20;-11;-25;-14;-28;-17;-30;-18;-31;-19;-30;-21;-29;-21;-26;-21;-22;-19;-18;-17;-14;-13;-10;-9;-5;-5;-1;-1;3;4;6;8;9;12;12;16;14;18;15;4;3;0;0;0;0;0;0;0;0;0;0;0;0;0;0;0;0;0;0;-1;-2;-1;-7;2;-10;6;-14;9;-18;13;-22;16;-24;18;-27;20;-28;21;-27;22;-25;21;-22;19;-18;16;-13;12;-7;8;-1;4;5;1;12;-2;19;-4;26;-6;33;-7;38;-8;43;-9;45;-9;46;-8;44;-6;42;94;0;-19;16;-19;16;-18;15;-17;15;-16;15;-15;15;-14;15;-13;14;-12;14;-11;13;-11;13;-10;13;-10;13;-10;13;-9;13;-9;13;-8;13;-8;13;-7;13;-7;12;-7;12;-7;12;-7;11;-7;11;-7;11;-7;11;-7;10;-7;10;-3;3;-1;1;0;-1;0;-1;0;-1;-1;1;-3;4;-7;12;-8;12;-9;12;-10;12;-11;12;-11;13;-12;13;-12;14;-13;14;-14;14;-15;14;-16;13;-17;13;-18;13;-18;13;-18;13;-18;13;-18;13;-19;13;-19;14;-19;14;-19;15;-19;15;-20;15;-20;15;-21;15;-21;15;-21;15;94;0;12;16;12;17;12;16;12;16;12;15;12;14;13;13;13;13;13;12;12;12;12;12;12;11;12;11;13;11;13;11;13;11;13;10;13;11;13;11;13;11;12;11;12;11;11;11;10;11;10;12;9;12;9;13;8;13;3;4;0;1;-1;-1;-1;-1;-1;-1;0;0;1;3;5;9;4;9;4;9;4;9;4;10;4;10;4;10;5;11;5;12;5;12;5;12;4;13;4;13;4;13;5;13;5;13;5;14;5;14;6;14;6;15;7;15;8;15;9;15;10;16;10;17;10;17;10;17;10;17,stable,EXP_S045,ZONE_01,entree_zone,4.7,entree_zone,entree dans la zone
889373681,-56,6,a0:9f:7a:73:2b:3e,384,-110;-96;8;0;19;1;10;1;2;1;-7;1;-14;2;-21;3;-26;4;-30;6;-32;9;-33;11;-33;12;-32;13;-30;14;-27;14;-23;13;-18;12;-13;10;-8;7;-2;5;3;2;8;-1;12;-4;16;-6;19;-9;21;-10;5;-3;0;0;0;0;0;0;0;0;0;0;0;0;0;0;0;0;0;0;-2;0;-6;2;-10;1;-16;-1;-21;-3;-25;-5;-29;-7;-32;-9;-33;-11;-33;-12;-31;-13;-28;-13;-24;-13;-18;-11;-11;-9;-4;-8;4;-5;11;-3;19;-1;27;1;33;2;39;4;43;4;45;4;46;4;45;3;42;3;93;0;19;14;18;14;17;14;16;13;16;12;15;12;15;11;15;10;15;9;14;9;14;8;13;8;13;8;13;8;13;7;13;7;13;7;12;6;12;6;12;6;11;6;11;6;11;6;11;6;11;6;10;6;10;6;9;6;3;2;0;0;-1;-1;-1;0;-1;-1;1;-1;4;-1;13;0;14;1;14;2;15;3;15;3;16;4;16;4;16;5;17;6;17;7;17;8;17;9;18;10;18;11;17;11;17;11;17;12;17;12;17;13;18;13;18;13;18;13;19;13;19;14;19;14;18;15;18;15;19;16;93;0;14;-16;14;-16;14;-16;14;-16;14;-16;13;-15;12;-15;12;-15;11;-15;11;-15;11;-15;11;-15;11;-15;10;-15;10;-15;10;-14;11;-14;11;-14;11;-14;11;-14;12;-13;12;-12;12;-12;12;-11;12;-10;13;-10;13;-9;14;-8;5;-3;1;-1;-1;0;-1;0;-1;0;0;-2;2;-4;5;-9;6;-9;6;-9;7;-9;7;-9;8;-9;8;-10;9;-10;9;-10;10;-10;10;-10;11;-10;11;-10;11;-10;11;-10;12;-11;12;-11;13;-11;13;-11;13;-12;12;-12;13;-13;13;-14;14;-15;14;-15;15;-15;15;-15;15;-15,stable,EXP_S045,ZONE_01,entree_zone,4.7,entree_zone,entree dans la zone
889572323,-56,6,a0:9f:7a:73:2b:3e,384,-110;-96;8;0;15;-14;9;-8;3;-1;-2;6;-6;13;-9;18;-10;24;-11;28;-11;31;-9;33;-8;34;-6;34;-4;32;-2;30;-1;26;0;22;1;16;2;10;2;4;2;-3;2;-8;1;-13;0;-18;-1;-22;-2;-24;-1;-7;0;0;0;0;0;0;0;0;0;0;0;0;0;0;0;0;0;0;-1;1;-5;5;-9;6;-14;7;-19;7;-24;8;-28;8;-32;8;-34;8;-35;7;-34;5;-31;4;-27;2;-21;0;-15;-3;-8;-5;-1;-8;7;-11;14;-14;20;-18;26;-22;31;-25;34;-27;36;-29;36;-30;34;-30;32;-29;79;0;24;-5;24;-5;23;-5;22;-5;21;-5;20;-5;19;-5;18;-5;18;-6;17;-6;16;-6;15;-6;15;-6;15;-6;15;-6;15;-6;14;-7;14;-7;13;-6;13;-6;12;-6;12;-6;12;-5;12;-6;12;-5;12;-5;12;-5;12;-4;4;-2;1;-1;-1;0;-1;0;-1;0;0;-2;3;-4;10;-10;11;-10;12;-9;13;-9;14;-9;14;-9;15;-9;16;-9;17;-8;17;-8;18;-7;19;-7;20;-6;21;-6;21;-6;21;-5;21;-5;22;-5;22;-5;23;-5;23;-5;23;-5;24;-5;24;-5;24;-5;25;-4;25;-4;25;-4;79;0;-2;-21;-2;-22;-2;-22;-2;-21;-2;-21;-2;-20;-3;-19;-3;-18;-4;-18;-4;-18;-4;-18;-4;-18;-4;-18;-4;-18;-4;-18;-4;-18;-4;-18;-4;-18;-4;-18;-3;-18;-2;-18;-2;-17;-1;-17;0;-17;0;-16;1;-16;2;-16;3;-16;1;-6;0;-2;-1;0;0;0;0;0;-1;-2;-1;-4;-3;-11;-2;-11;-2;-11;-1;-11;-1;-12;-1;-12;-1;-13;-1;-14;-1;-14;0;-15;0;-15;1;-15;1;-15;1;-15;1;-15;1;-16;1;-16;1;-17;1;-17;0;-17;0;-17;-1;-18;-1;-19;-1;-20;-1;-21;-1;-21;-1;-21;-1;-22,stable,EXP_S045,ZONE_01,entree_zone,4.7,entree_zone,entree dans la zone
889774474,-56,6,a0:9f:7a:73:2b:3e,384,-110;-96;8;0;20;-7;11;-3;3;1;-4;5;-10;10;-15;14;-18;19;-20;22;-21;25;-21;28;-20;30;-18;30;-15;30;-13;28;-10;25;-7;21;-4;16;-2;10;1;5;2;-1;3;-7;4;-12;5;-17;5;-21;5;-24;1;-7;0;0;0;0;0;0;0;0;0;0;0;0;0;0;0;0;0;0;-2;0;-7;2;-11;1;-16;-1;-21;-3;-26;-5;-30;-7;-33;-8;-34;-10;-34;-11;-33;-12;-30;-12;-25;-11;-19;-11;-12;-10;-5;-9;3;-8;11;-7;19;-7;26;-7;33;-8;39;-9;43;-10;45;-11;46;-12;44;-13;42;-13;78;0;24;7;23;7;22;7;21;6;20;6;20;6;19;5;19;4;18;3;18;2;17;2;16;1;16;1;16;1;16;1;16;1;16;0;15;0;14;0;14;0;13;1;13;1;13;1;13;0;13;0;13;0;13;1;12;1;4;0;1;0;-1;-1;-1;0;-1;0;1;-1;5;-2;14;-4;14;-3;15;-2;16;-1;17;-1;17;0;18;0;18;1;18;2;19;3;20;4;20;4;21;5;21;5;21;5;21;6;21;6;21;7;21;8;22;8;23;8;23;7;23;7;23;7;23;8;24;8;24;8;24;9;78;0;8;-20;8;-20;8;-20;8;-20;8;-19;7;-19;6;-18;5;-17;4;-17;4;-17;4;-18;4;-18;4;-18;4;-18;4;-17;4;-17;4;-17;4;-17;5;-17;5;-17;6;-17;6;-16;6;-15;7;-15;7;-14;8;-14;8;-14;9;-13;3;-5;1;-2;-1;0;-1;0;-1;0;0;-2;1;-4;3;-11;4;-11;4;-10;5;-10;5;-10;5;-11;5;-11;6;-12;7;-12;7;-12;8;-12;8;-12;8;-12;8;-12;8;-13;8;-14;8;-14;9;-14;9;-14;8;-14;8;-15;8;-16;8;-17;8;-18;9;-19;9;-19;9;-19;9;-19,stable,EXP_S045,ZONE_01,entree_zone,4.7,entree_zone,entree dans la zone
889972397,-56,6,a0:9f:7a:73:2b:3e,384,-110;-96;8;0;18;-11;10;-5;3;0;-3;6;-8;12;-12;17;-15;22;-16;26;-16;29;-15;32;-14;33;-12;34;-10;33;-8;30;-5;26;-4;22;-2;16;0;10;1;4;2;-2;3;-8;3;-13;2;-18;2;-22;2;-25;0;-7;0;0;0;0;0;0;0;0;0;0;0;0;0;0;0;0;0;0;-1;1;-6;4;-10;3;-16;3;-21;2;-26;2;-31;1;-34;0;-36;-1;-36;-2;-34;-3;-32;-4;-27;-5;-21;-5;-14;-6;-7;-7;1;-8;9;-9;17;-11;25;-13;31;-15;36;-17;40;-19;41;-21;42;-22;40;-22;38;-22;84;0;25;4;24;4;23;4;22;3;21;3;20;2;20;2;20;1;19;0;18;-1;17;-1;17;-1;16;-1;16;-1;16;-2;16;-2;16;-3;15;-3;14;-3;14;-3;14;-3;14;-2;14;-2;14;-2;13;-3;13;-2;13;-2;12;-2;4;-1;1;0;-1;0;-1;0;-1;0;1;-1;4;-2;14;-4;14;-3;15;-2;16;-2;16;-1;17;-1;17;-1;18;0;18;0;19;1;20;2;21;3;21;4;21;4;21;4;21;4;21;4;21;5;22;5;23;5;23;5;24;5;24;4;24;4;24;5;24;5;25;6;25;6;84;0;5;-21;5;-21;5;-21;5;-21;5;-21;4;-20;4;-19;3;-18;2;-18;1;-18;1;-19;1;-19;1;-19;1;-19;1;-18;1;-18;1;-18;1;-18;1;-18;2;-18;2;-18;3;-18;3;-17;3;-16;4;-16;5;-16;6;-16;6;-16;2;-6;0;-2;-1;0;-1;0;-1;0;0;-2;1;-4;3;-11;3;-11;4;-11;4;-11;4;-11;5;-11;5;-12;5;-12;6;-13;7;-13;7;-13;7;-13;7;-13;7;-13;7;-14;7;-14;7;-15;8;-15;8;-15;7;-16;7;-16;6;-17;6;-18;6;-19;7;-20;7;-20;7;-21;7;-21,stable,EXP_S045,ZONE_01,entree_zone,4.7,entree_zone,entree dans la zone
890173953,-55,6,a0:9f:7a:73:2b:3e,384,-110;-96;8;0;18;-11;10;-6;3;0;-3;6;-9;11;-13;17;-15;22;-17;26;-17;30;-16;32;-15;33;-13;34;-11;33;-8;30;-6;27;-4;22;-2;17;0;11;1;4;2;-2;3;-8;3;-13;3;-18;3;-22;3;-25;0;-7;0;0;0;0;0;0;0;0;0;0;0;0;0;0;0;0;0;0;-2;1;-6;4;-11;4;-16;3;-22;2;-27;2;-31;1;-34;0;-36;-1;-36;-3;-35;-4;-32;-4;-28;-5;-22;-6;-14;-6;-7;-7;1;-8;9;-9;17;-11;25;-13;32;-15;37;-17;41;-19;43;-21;43;-22;41;-22;39;-22;84;0;25;3;24;3;24;3;22;2;22;2;21;1;20;1;19;0;19;-1;18;-1;18;-1;17;-1;17;-2;16;-2;16;-2;16;-3;16;-3;15;-3;15;-3;15;-3;14;-3;14;-3;14;-3;14;-3;14;-3;13;-2;13;-2;13;-1;4;-1;1;0;-1;0;-1;0;-1;0;1;-1;4;-2;14;-5;14;-5;15;-4;16;-3;17;-3;17;-3;18;-2;19;-2;19;-1;20;-1;21;0;21;1;22;2;22;2;22;3;22;3;22;3;22;3;23;4;23;4;24;4;24;3;24;3;25;3;25;4;25;4;26;4;26;5;84;0;5;-22;4;-22;4;-22;4;-22;4;-21;3;-20;3;-20;2;-19;2;-19;1;-19;1;-19;1;-19;1;-19;1;-19;1;-19;1;-18;1;-18;1;-19;1;-19;2;-19;2;-18;3;-18;3;-17;4;-17;4;-16;5;-16;6;-16;7;-16;2;-6;0;-2;-1;0;-1;0;-1;0;0;-2;0;-4;2;-11;2;-11;3;-11;3;-12;3;-12;3;-12;4;-12;4;-13;5;-14;5;-14;6;-14;6;-14;6;-14;6;-14;6;-14;6;-15;6;-15;7;-16;7;-16;6;-17;6;-17;6;-18;5;-19;6;-20;6;-20;6;-21;6;-21;6;-22,stable,EXP_S045,ZONE_01,entree_zone,4.7,entree_zone,entree dans la zone
890372360,-55,6,a0:9f:7a:73:2b:3e,384,-110;-96;8;0;-16;-15;-9;-9;-1;-3;6;1;13;5;19;8;25;9;29;10;33;9;35;8;36;6;35;5;34;3;31;1;27;0;23;-1;17;-2;11;-3;4;-4;-2;-4;-8;-4;-14;-3;-18;-3;-23;-2;-25;-2;-7;-1;0;0;0;0;0;0;0;0;0;0;0;0;0;0;0;0;0;0;1;0;6;2;7;6;10;11;12;16;14;21;15;26;15;29;15;31;14;32;13;32;11;29;8;26;4;20;1;14;-3;7;-7;0;-12;-6;-16;-13;-21;-20;-25;-25;-29;-30;-32;-33;-34;-34;-35;-34;-35;-33;-33;-31;86;0;-6;-26;-5;-25;-5;-24;-5;-23;-5;-22;-5;-21;-6;-20;-6;-20;-6;-19;-7;-18;-7;-17;-7;-17;-7;-16;-7;-16;-7;-16;-7;-16;-8;-15;-7;-15;-7;-14;-7;-14;-7;-14;-6;-14;-6;-13;-7;-13;-6;-13;-6;-13;-6;-13;-5;-13;-2;-5;-1;-2;0;0;0;0;0;0;-2;-2;-4;-4;-10;-12;-9;-12;-9;-14;-9;-15;-8;-16;-8;-16;-8;-17;-8;-18;-8;-18;-7;-19;-6;-20;-6;-21;-6;-22;-6;-22;-5;-22;-5;-22;-5;-23;-4;-23;-4;-24;-4;-24;-4;-25;-5;-25;-5;-25;-5;-25;-5;-25;-4;-26;-5;-26;-5;-27;86;0;-22;1;-23;1;-23;1;-22;2;-22;2;-21;2;-20;2;-20;3;-19;3;-19;3;-19;4;-19;4;-19;4;-19;4;-19;4;-18;4;-18;4;-18;4;-19;3;-19;3;-19;2;-18;2;-18;1;-18;0;-17;0;-17;-1;-17;-2;-17;-3;-7;-2;-2;-1;0;0;0;-1;0;0;-2;0;-4;0;-12;1;-12;0;-12;0;-12;-1;-12;-1;-13;-1;-13;-1;-14;-1;-15;-1;-15;-2;-15;-2;-15;-2;-16;-2;-16;-2;-16;-2;-17;-2;-17;-2;-17;-3;-18;-2;-18;-2;-18;-1;-19;0;-20;0;-21;0;-22;0;-22;0;-23;0;-23;0,stable,EXP_S045,ZONE_01,entree_zone,4.7,entree_zone,entree dans la zone
890577860,-55,6,a0:9f:7a:73:2b:3e,384,-110;-96;8;0;20;8;11;5;2;2;-7;0;-15;-1;-22;-1;-28;0;-32;2;-35;3;-37;5;-37;6;-36;8;-34;9;-31;10;-27;10;-22;9;-16;8;-10;6;-4;4;2;2;8;-1;12;-3;17;-6;20;-8;23;-10;6;-3;0;0;0;0;0;0;0;0;0;0;0;0;0;0;0;0;0;0;-2;0;-7;-1;-10;-5;-14;-9;-18;-13;-21;-17;-23;-21;-25;-24;-26;-26;-25;-27;-23;-27;-20;-26;-16;-23;-11;-19;-6;-14;0;-9;6;-4;12;1;19;6;26;11;32;14;37;17;41;18;43;20;44;20;43;19;41;17;83;0;17;19;16;18;15;17;14;17;14;16;14;16;14;15;14;14;14;13;14;11;14;10;14;10;13;10;14;10;14;9;14;9;14;8;14;7;13;7;12;7;11;7;11;7;12;7;12;7;12;7;11;7;11;7;10;7;3;2;1;0;-1;-1;-1;-1;-1;-1;1;0;4;2;12;6;12;7;12;8;12;9;13;10;13;11;13;11;13;12;13;13;13;14;13;15;13;16;13;17;14;17;14;17;13;17;13;18;13;18;13;19;13;19;14;20;15;20;15;19;15;19;15;20;15;20;15;20;16;21;83;0;18;-13;18;-13;18;-14;18;-13;17;-13;16;-12;15;-12;14;-12;13;-13;13;-14;13;-14;13;-14;13;-14;13;-14;12;-14;12;-14;12;-14;12;-14;13;-14;13;-13;13;-13;13;-12;13;-11;13;-11;13;-10;14;-10;14;-9;15;-8;5;-3;1;-1;-1;0;-1;0;-1;0;0;-1;3;-3;9;-6;9;-6;10;-5;10;-5;10;-5;11;-5;11;-6;12;-6;13;-6;14;-6;14;-5;14;-5;14;-5;14;-6;14;-6;15;-7;16;-7;16;-7;16;-7;16;-7;16;-8;16;-9;16;-10;17;-11;18;-11;19;-11;19;-11;19;-12,stable,EXP_S045,ZONE_01,entree_zone,4.7,entree_zone,entree dans la zone
890772511,-56,6,a0:9f:7a:73:2b:3e,384,-110;-96;8;0;-14;16;-9;8;-3;1;1;-7;5;-14;8;-20;9;-25;10;-30;9;-33;8;-36;6;-37;5;-36;3;-35;2;-32;1;-28;-1;-24;-2;-18;-3;-12;-3;-5;-4;1;-4;7;-4;12;-3;17;-3;21;-3;24;-1;6;0;0;0;0;0;0;0;0;0;0;0;0;0;0;0;0;0;0;0;-2;2;-7;5;-9;10;-12;15;-14;20;-16;24;-18;28;-19;30;-18;31;-18;30;-16;28;-14;24;-11;19;-7;14;-3;7;2;1;6;-6;11;-13;16;-19;21;-24;25;-28;29;-31;32;-33;35;-33;36;-31;35;-29;33;86;0;-24;9;-23;9;-22;8;-21;7;-20;7;-20;7;-20;7;-19;8;-18;8;-17;8;-16;8;-15;8;-15;7;-15;7;-15;8;-15;8;-15;8;-14;8;-14;8;-13;7;-13;6;-13;6;-13;6;-13;6;-13;6;-13;6;-13;5;-13;4;-5;1;-2;0;0;-1;0;-1;0;-1;-1;1;-3;4;-8;12;-9;12;-10;12;-11;12;-12;12;-13;12;-13;12;-14;12;-15;12;-16;11;-17;11;-19;11;-19;10;-20;10;-20;10;-20;9;-20;9;-21;8;-22;8;-22;8;-23;9;-23;9;-23;9;-23;9;-24;9;-24;8;-25;8;-25;8;86;0;5;20;6;21;6;21;5;21;5;20;5;19;5;18;5;18;5;17;6;17;6;17;6;17;6;17;5;17;5;17;5;17;5;17;5;17;5;17;4;18;3;17;2;17;1;16;1;16;0;16;-1;16;-2;16;-2;16;-1;6;-1;1;-1;-1;-1;-1;-1;-1;0;0;1;3;5;9;4;10;4;10;3;10;3;10;3;11;4;11;4;12;3;13;3;14;2;14;2;14;2;14;2;14;2;15;2;16;2;16;2;17;2;17;2;17;3;17;4;17;5;18;5;19;5;20;4;21;4;21;4;21,stable,EXP_S045,ZONE_01,entree_zone,4.7,entree_zone,entree dans la zone
890972565,-56,6,a0:9f:7a:73:2b:3e,384,-110;-96;8;0;-12;18;-7;9;-4;1;-1;-7;0;-14;1;-21;1;-27;0;-31;-1;-34;-3;-36;-4;-37;-6;-36;-8;-34;-9;-30;-9;-26;-9;-21;-8;-16;-6;-10;-5;-4;-2;2;0;7;3;12;5;16;7;20;9;22;2;5;0;0;0;0;0;0;0;0;0;0;0;0;0;0;0;0;0;0;0;-2;2;-7;6;-9;11;-11;16;-13;21;-15;25;-16;28;-17;30;-17;31;-17;31;-15;28;-13;25;-10;20;-6;14;-2;8;2;1;6;-5;11;-11;17;-16;22;-20;28;-24;32;-26;36;-28;38;-28;39;-26;38;-24;36;82;0;-21;16;-20;15;-19;14;-18;14;-18;13;-17;13;-16;13;-15;14;-14;14;-12;13;-12;13;-11;13;-11;13;-11;13;-11;13;-10;13;-10;13;-9;13;-8;12;-8;12;-8;11;-8;11;-8;11;-8;11;-8;11;-8;11;-8;11;-8;10;-3;3;-1;1;0;-1;0;-1;0;-1;-1;1;-3;4;-8;12;-9;12;-10;12;-11;12;-12;12;-12;12;-13;13;-14;13;-14;13;-15;12;-17;12;-17;12;-18;12;-19;12;-19;12;-19;12;-19;12;-20;12;-20;12;-21;12;-21;13;-21;14;-21;14;-21;14;-21;14;-22;14;-22;14;-22;14;82;0;10;17;11;17;11;17;11;17;10;17;10;16;10;15;11;14;11;13;12;13;12;13;12;13;11;13;11;12;11;12;12;12;12;12;12;12;12;13;11;13;11;13;10;13;9;13;9;13;8;13;8;13;7;14;6;14;2;5;0;1;-1;-1;-1;-1;-1;-1;0;0;1;3;4;9;4;10;4;10;3;10;3;10;3;10;4;11;4;12;4;13;4;13;3;14;3;14;3;14;3;14;4;14;4;15;4;15;4;15;5;15;5;15;6;15;7;16;8;16;9;17;9;18;9;18;9;18;9;18,stable,EXP_S045,ZONE_01,entree_zone,4.7,entree_zone,entree dans la zone
891186187,-55,6,a0:9f:7a:73:2b:3e,384,-110;-96;8;0;14;-15;8;-9;3;-1;-2;6;-6;12;-9;19;-11;24;-11;28;-11;32;-10;34;-8;35;-7;35;-5;33;-3;31;-1;27;0;22;1;17;2;10;2;4;3;-2;3;-8;2;-13;2;-18;1;-22;1;-25;0;-7;0;0;0;0;0;0;0;0;0;0;0;0;0;0;0;0;0;0;-1;1;-4;5;-8;6;-13;8;-19;10;-23;11;-28;12;-31;12;-34;12;-34;11;-34;9;-31;7;-27;5;-21;2;-15;-1;-8;-4;-1;-7;6;-11;13;-15;19;-19;25;-23;30;-27;33;-30;35;-32;35;-33;33;-32;31;-31;82;0;24;-8;23;-8;22;-8;21;-7;20;-7;20;-7;19;-7;18;-8;17;-8;16;-8;15;-8;15;-8;14;-8;14;-8;14;-9;14;-9;14;-9;13;-9;12;-8;12;-8;12;-8;12;-7;12;-7;12;-7;11;-7;11;-7;11;-7;11;-6;4;-2;1;-1;-1;0;-1;0;-1;0;0;-2;3;-4;9;-11;10;-11;11;-10;12;-10;13;-10;14;-10;15;-10;15;-10;16;-9;17;-9;18;-9;19;-8;20;-8;20;-8;20;-8;20;-7;21;-7;21;-6;22;-6;23;-6;23;-7;23;-7;23;-7;24;-8;24;-7;24;-7;24;-7;25;-7;82;0;-5;-22;-5;-22;-5;-22;-4;-22;-4;-21;-4;-20;-5;-19;-5;-19;-6;-18;-6;-18;-7;-18;-7;-18;-7;-18;-6;-18;-6;-18;-6;-18;-6;-18;-6;-18;-6;-18;-5;-18;-4;-18;-4;-18;-3;-17;-3;-17;-2;-17;-1;-17;0;-17;1;-17;0;-7;0;-2;0;0;0;0;0;0;-1;-2;-2;-4;-3;-11;-3;-11;-2;-11;-2;-12;-2;-12;-2;-12;-2;-13;-2;-14;-1;-15;-1;-15;0;-15;0;-15;0;-15;-1;-15;-1;-16;-1;-17;0;-17;0;-17;0;-18;-1;-18;-2;-18;-2;-19;-3;-20;-3;-21;-3;-21;-3;-22;-3;-22;-3;-22,stable,EXP_S045,ZONE_01,entree_zone,4.7,entree_zone,entree dans la zone
891372454,-56,6,a0:9f:7a:73:2b:3e,384,-110;-96;8;0;-18;10;-11;5;-4;0;2;-6;8;-12;12;-17;15;-21;16;-25;16;-29;15;-31;14;-33;12;-33;11;-32;9;-29;6;-26;4;-22;2;-17;-1;-11;-3;-5;-4;0;-5;6;-6;11;-6;16;-7;20;-7;22;-2;5;0;0;0;0;0;0;0;0;0;0;0;0;0;0;0;0;0;0;0;-2;3;-6;8;-6;13;-7;18;-7;23;-7;28;-7;31;-7;33;-6;34;-5;32;-4;30;-3;26;-1;20;1;14;2;6;4;-1;6;-9;8;-17;11;-24;14;-30;16;-35;19;-38;21;-40;22;-40;23;-39;23;-37;22;84;0;-25;-3;-24;-3;-23;-3;-22;-3;-21;-3;-21;-3;-20;-2;-20;-1;-19;-1;-18;0;-18;0;-17;0;-17;0;-16;0;-16;1;-16;1;-16;1;-15;1;-15;1;-14;1;-14;1;-14;1;-14;1;-14;1;-14;1;-13;0;-13;0;-13;0;-5;0;-2;-1;0;-1;0;-1;0;-1;-2;0;-5;2;-13;5;-14;5;-15;4;-16;3;-16;3;-17;3;-18;2;-18;2;-19;1;-20;1;-20;0;-21;-1;-22;-1;-22;-2;-22;-2;-22;-2;-22;-3;-22;-3;-23;-4;-23;-4;-24;-4;-24;-4;-24;-4;-25;-4;-25;-4;-25;-4;-26;-4;-26;-5;84;0;-5;20;-5;20;-5;20;-5;20;-5;19;-5;19;-4;18;-3;18;-3;18;-2;17;-2;17;-2;17;-2;17;-2;17;-2;17;-2;17;-2;17;-2;17;-3;17;-4;17;-4;16;-5;16;-5;15;-5;15;-6;15;-6;14;-7;14;-8;14;-3;5;-1;1;0;-1;0;-1;0;-1;0;1;-1;3;-2;10;-2;10;-3;10;-4;10;-4;10;-4;11;-4;11;-4;12;-5;12;-5;12;-6;12;-6;13;-6;13;-6;13;-6;13;-6;14;-7;14;-7;14;-7;15;-7;15;-6;16;-6;16;-6;17;-6;18;-6;19;-6;19;-6;20;-6;20,stable,EXP_S045,ZONE_01,entree_zone,4.7,entree_zone,entree dans la zone
891576686,-56,6,a0:9f:7a:73:2b:3e,384,-110;-96;8;0;-2;19;-2;11;-2;2;-3;-7;-4;-14;-6;-20;-8;-25;-10;-28;-13;-31;-15;-32;-16;-32;-17;-30;-18;-28;-18;-24;-17;-21;-15;-16;-12;-12;-9;-7;-6;-1;-2;3;1;7;5;11;8;14;11;17;12;19;3;4;0;0;0;0;0;0;0;0;0;0;0;0;0;0;0;0;0;0;-1;-2;-2;-6;-1;-10;2;-15;4;-20;7;-24;9;-27;11;-30;13;-31;14;-31;15;-29;15;-26;14;-22;12;-16;10;-10;7;-3;4;4;1;11;-1;19;-2;26;-4;33;-5;38;-5;42;-5;44;-5;45;-4;44;-4;42;87;0;-10;22;-10;21;-10;20;-9;18;-9;18;-9;17;-9;17;-7;17;-6;17;-5;16;-4;15;-4;15;-4;14;-5;14;-5;15;-4;15;-3;15;-3;14;-3;13;-3;12;-3;12;-4;12;-4;12;-3;12;-3;12;-3;12;-3;11;-3;11;-2;3;-1;1;0;-1;-1;-1;0;-1;0;1;0;4;1;13;0;13;-1;14;-2;15;-3;15;-3;16;-3;17;-4;17;-5;17;-6;17;-7;18;-8;19;-8;19;-8;19;-8;19;-8;18;-9;18;-10;18;-11;19;-11;20;-11;20;-11;21;-11;21;-11;21;-11;21;-12;21;-12;21;-12;21;87;0;17;9;18;10;18;10;18;10;17;10;16;9;15;9;15;8;15;7;16;6;16;6;16;6;16;6;16;6;15;6;15;6;15;6;15;6;15;7;15;7;15;8;14;8;13;8;13;8;13;8;12;9;12;9;12;10;4;4;1;1;-1;-1;-1;-1;-1;-1;1;0;3;1;9;4;9;5;8;6;8;6;8;6;8;6;9;6;10;7;10;8;10;9;10;9;9;9;10;9;10;9;11;9;12;9;12;10;12;11;11;11;12;10;12;10;13;10;15;10;16;10;17;11;17;11;17;11;16;11,stable,EXP_S045,ZONE_01,entree_zone,4.7,entree_zone,entree dans la zone
891775350,-55,6,a0:9f:7a:73:2b:3e,384,-110;-96;8;0;-22;2;-13;0;-4;-2;4;-5;11;-9;17;-13;22;-16;25;-20;26;-23;26;-26;25;-27;23;-28;21;-28;18;-26;14;-24;11;-21;7;-16;3;-11;-1;-6;-4;0;-7;5;-9;10;-10;15;-11;19;-12;21;-3;5;0;0;0;0;0;0;0;0;0;0;0;0;0;0;0;0;0;0;1;-1;6;-3;10;-1;15;2;20;4;25;7;28;9;31;11;33;13;33;14;31;15;28;14;23;14;18;12;11;10;3;8;-5;6;-13;4;-21;3;-29;2;-36;2;-42;2;-46;2;-49;3;-50;4;-48;5;-45;5;87;0;-22;-16;-22;-15;-21;-15;-20;-14;-20;-13;-19;-12;-18;-11;-18;-10;-18;-10;-17;-9;-17;-8;-17;-8;-17;-8;-16;-7;-16;-7;-16;-7;-16;-6;-16;-6;-15;-6;-15;-6;-14;-6;-14;-6;-14;-5;-14;-5;-13;-5;-13;-6;-13;-6;-12;-6;-5;-3;-2;-1;0;0;0;0;0;0;-2;0;-6;-1;-15;-2;-16;-3;-16;-4;-17;-5;-17;-5;-18;-6;-18;-7;-19;-7;-19;-8;-19;-9;-20;-10;-20;-11;-20;-12;-20;-12;-20;-13;-20;-13;-20;-14;-20;-14;-20;-14;-20;-15;-21;-15;-21;-15;-21;-15;-22;-16;-22;-16;-22;-16;-22;-17;-22;-17;87;0;-15;16;-15;16;-14;16;-14;16;-14;16;-13;16;-12;15;-12;15;-11;15;-11;15;-10;15;-10;15;-10;15;-10;15;-10;15;-10;15;-10;15;-10;15;-11;15;-11;14;-11;14;-11;13;-11;13;-12;12;-12;11;-13;11;-13;10;-14;10;-5;3;-2;0;0;-1;0;-1;0;-1;-1;0;-3;3;-7;8;-8;8;-8;8;-9;8;-9;8;-9;8;-10;8;-10;8;-11;9;-11;9;-12;9;-12;9;-12;9;-12;9;-13;9;-13;9;-13;10;-13;10;-14;10;-14;11;-14;12;-14;13;-14;13;-15;14;-15;14;-15;15;-15;15;-15;16,stable,EXP_S045,ZONE_01,entree_zone,4.7,entree_zone,entree dans la zone
891972502,-56,6,a0:9f:7a:73:2b:3e,384,-110;-96;8;0;20;-3;11;-2;3;0;-6;2;-13;5;-19;8;-24;11;-27;14;-29;16;-30;19;-29;20;-28;22;-26;22;-23;21;-19;19;-15;16;-10;13;-6;9;-1;5;3;1;7;-4;10;-8;13;-11;15;-15;17;-17;4;-5;0;0;0;0;0;0;0;0;0;0;0;0;0;0;0;0;0;0;-2;0;-6;2;-10;1;-16;0;-21;-2;-25;-4;-29;-6;-32;-8;-34;-9;-34;-11;-32;-11;-29;-12;-25;-11;-19;-10;-12;-9;-5;-8;3;-6;11;-5;19;-4;26;-3;33;-3;39;-2;43;-3;46;-3;46;-4;45;-4;43;-4;95;0;21;11;21;11;20;10;19;10;18;9;18;9;17;8;17;7;17;6;16;5;16;4;15;4;15;4;15;4;15;4;15;3;15;3;14;2;14;2;13;2;13;3;13;3;13;3;13;2;12;2;12;2;12;2;11;3;4;1;1;0;-1;-1;-1;0;-1;-1;1;-1;5;-1;14;-1;14;0;14;1;15;2;16;3;16;3;17;4;17;4;17;5;18;6;18;7;19;8;19;8;19;8;19;9;19;9;19;10;19;10;19;11;19;11;20;11;20;11;21;11;21;11;21;11;21;12;21;12;21;12;95;0;11;-18;12;-19;11;-19;11;-18;11;-18;10;-17;10;-17;9;-17;8;-17;8;-17;7;-17;7;-17;7;-17;7;-17;7;-17;7;-17;7;-17;7;-16;8;-16;8;-16;8;-15;9;-15;9;-14;9;-14;9;-14;10;-13;10;-13;11;-12;4;-5;1;-2;-1;0;-1;0;-1;0;0;-2;1;-4;5;-10;6;-10;6;-10;7;-9;7;-10;7;-10;7;-10;8;-11;9;-11;9;-11;10;-10;10;-10;10;-11;10;-11;10;-12;10;-12;11;-13;11;-12;11;-12;11;-13;11;-13;11;-14;11;-15;12;-16;12;-17;12;-17;12;-18;12;-18,stable,EXP_S045,ZONE_01,entree_zone,4.7,entree_zone,entree dans la zone
892172254,-56,6,a0:9f:7a:73:2b:3e,384,-110;-96;8;0;-20;8;-12;4;-4;-1;3;-5;9;-10;14;-15;18;-19;20;-23;21;-26;21;-29;20;-30;18;-31;16;-30;14;-28;11;-25;8;-21;5;-17;2;-12;-1;-6;-4;-1;-6;5;-8;10;-9;14;-10;18;-11;21;-3;5;0;0;0;0;0;0;0;0;0;0;0;0;0;0;0;0;0;0;0;-2;4;-5;8;-5;14;-5;19;-5;25;-5;29;-4;32;-4;34;-2;34;-1;33;0;30;1;26;2;20;3;13;4;6;5;-2;6;-10;7;-18;9;-26;10;-32;12;-37;14;-41;15;-44;17;-44;18;-43;18;-40;18;89;0;-21;-14;-21;-14;-20;-13;-20;-12;-19;-11;-19;-10;-18;-10;-17;-9;-17;-8;-17;-8;-17;-7;-16;-7;-16;-6;-16;-6;-16;-6;-15;-6;-15;-6;-15;-6;-15;-6;-15;-5;-14;-5;-14;-5;-14;-5;-13;-5;-13;-5;-13;-6;-12;-6;-12;-6;-5;-3;-2;-1;0;0;0;-1;0;0;-2;0;-6;0;-15;-1;-15;-1;-16;-2;-16;-3;-16;-4;-17;-5;-17;-5;-18;-6;-19;-7;-19;-7;-19;-8;-19;-9;-19;-10;-19;-10;-19;-11;-20;-12;-20;-12;-20;-12;-20;-12;-20;-13;-20;-13;-20;-13;-21;-14;-21;-14;-22;-14;-22;-14;-22;-14;-22;-14;89;0;-15;16;-15;16;-14;16;-13;16;-13;16;-12;16;-12;16;-12;15;-11;15;-11;15;-10;15;-10;15;-9;15;-9;15;-10;15;-10;15;-10;15;-10;14;-10;14;-11;13;-11;13;-11;13;-11;12;-12;12;-12;11;-13;10;-13;10;-14;9;-5;3;-2;0;0;-1;0;-1;0;-1;-1;0;-2;3;-6;8;-7;8;-7;8;-8;8;-8;8;-9;8;-9;9;-9;9;-10;9;-10;9;-10;10;-11;10;-11;10;-12;10;-12;10;-12;10;-12;10;-12;11;-12;11;-13;12;-13;12;-14;13;-14;13;-14;14;-14;15;-14;15;-14;16;-14;17,stable,EXP_S045,ZONE_01,entree_zone,4.7,entree_zone,entree dans la zone
892374608,-56,6,a0:9f:7a:73:2b:3e,384,-110;-96;8;0;20;4;11;2;2;1;-6;1;-14;1;-20;2;-26;4;-30;6;-33;8;-34;10;-35;11;-34;13;-32;14;-29;14;-25;13;-20;12;-15;10;-9;8;-4;5;2;2;7;-2;11;-5;15;-8;19;-10;21;-12;5;-3;0;0;0;0;0;0;0;0;0;0;0;0;0;0;0;0;0;0;-2;0;-7;0;-11;-2;-15;-5;-20;-9;-24;-12;-27;-15;-29;-17;-30;-19;-30;-21;-28;-21;-25;-20;-21;-18;-15;-16;-9;-12;-3;-8;4;-5;12;-1;19;2;26;5;33;8;38;10;42;11;45;11;46;11;45;10;43;9;87;0;17;17;17;16;16;16;16;15;15;14;15;14;15;13;15;12;14;11;14;10;14;9;14;9;14;9;13;8;13;8;14;8;13;7;13;7;13;7;12;7;12;7;11;7;11;7;11;7;11;6;11;7;10;7;10;7;3;2;1;0;-1;-1;-1;-1;-1;-1;1;0;5;1;13;3;13;4;14;5;14;6;14;7;15;8;15;8;15;9;15;10;15;11;15;12;16;13;16;14;16;14;15;15;15;15;15;15;15;15;15;16;16;16;16;17;16;17;17;17;17;17;17;17;17;18;17;18;17;18;87;0;17;-14;17;-14;17;-14;16;-14;16;-14;15;-13;14;-13;13;-13;13;-14;12;-14;12;-14;12;-14;12;-14;12;-14;12;-14;12;-13;12;-13;12;-13;13;-13;13;-13;13;-12;13;-12;13;-11;13;-10;13;-9;14;-9;14;-8;15;-7;5;-3;1;-1;-1;0;-1;0;-1;0;0;-1;2;-3;8;-8;8;-8;8;-7;9;-7;9;-7;10;-7;10;-7;11;-8;12;-8;12;-8;13;-8;13;-8;13;-8;13;-8;13;-8;14;-8;14;-8;14;-8;15;-9;15;-9;15;-10;15;-11;15;-12;16;-12;17;-13;17;-13;17;-13;17;-14,stable,EXP_S045,ZONE_01,entree_zone,4.7,entree_zone,entree dans la zone
892574233,-55,6,a0:9f:7a:73:2b:3e,384,-110;-96;8;0;1;21;-1;12;-2;3;-4;-5;-7;-13;-10;-19;-13;-24;-16;-27;-19;-29;-21;-30;-23;-30;-24;-28;-24;-26;-23;-23;-21;-19;-19;-15;-15;-11;-11;-6;-6;-2;-1;2;3;5;8;9;12;11;16;14;18;15;4;4;0;0;0;0;0;0;0;0;0;0;0;0;0;0;0;0;0;0;-1;-2;-3;-7;-1;-11;1;-16;4;-21;7;-26;9;-29;11;-32;13;-33;14;-34;15;-32;15;-29;14;-24;12;-18;10;-11;8;-4;5;4;3;11;1;20;0;27;0;34;-1;40;-1;44;0;48;0;48;1;47;2;44;82;0;-12;22;-12;22;-11;21;-11;20;-11;19;-10;18;-10;18;-9;18;-8;18;-7;17;-6;16;-6;16;-6;16;-6;16;-6;16;-5;16;-5;16;-4;15;-4;15;-4;14;-5;13;-5;13;-5;13;-5;13;-5;13;-5;13;-5;12;-5;12;-2;4;-1;1;0;-1;-1;-1;0;-1;0;1;0;5;1;14;0;14;-1;15;-2;16;-3;16;-4;17;-4;17;-5;18;-6;18;-7;19;-8;19;-9;20;-9;20;-10;20;-10;20;-10;20;-11;19;-11;19;-12;20;-12;20;-13;21;-13;21;-12;22;-12;22;-13;22;-13;22;-14;22;-14;22;82;0;17;12;18;12;18;12;17;12;17;12;16;11;16;10;16;9;16;9;16;8;16;8;16;8;16;8;15;8;15;8;15;8;15;8;15;8;15;9;15;9;14;10;13;10;12;10;12;10;11;10;11;11;10;12;10;12;3;4;1;1;-1;-1;-1;-1;-1;-1;1;0;3;1;10;5;9;5;9;6;8;6;9;6;9;6;10;7;10;8;11;9;10;9;10;10;10;10;10;10;10;10;11;10;11;11;12;11;12;12;12;12;12;12;13;11;14;11;15;11;16;12;16;12;16;13;17;13;17;13,stable,EXP_S045,ZONE_01,entree_zone,4.7,entree_zone,entree dans la zone
892772489,-56,6,a0:9f:7a:73:2b:3e,384,-110;-96;8;0;-2;-19;-1;-11;1;-3;3;4;5;10;8;16;11;20;13;22;16;24;18;25;20;24;21;23;21;21;20;19;18;16;16;12;12;8;9;4;4;0;0;-3;-4;-6;-8;-8;-12;-11;-15;-13;-17;-14;-5;-4;0;0;0;0;0;0;0;0;0;0;0;0;0;0;0;0;0;0;0;1;1;5;0;9;-2;13;-4;17;-6;22;-8;25;-10;27;-11;29;-12;29;-13;27;-13;25;-12;21;-11;15;-9;9;-7;3;-6;-4;-4;-11;-3;-18;-2;-25;-1;-31;-1;-36;-1;-40;-2;-42;-3;-43;-3;-42;-4;-40;86;0;11;-20;10;-19;10;-18;9;-18;9;-17;9;-16;8;-16;7;-16;6;-16;5;-16;4;-15;4;-15;4;-14;4;-14;4;-15;4;-15;3;-15;3;-14;3;-14;3;-13;3;-13;3;-13;3;-13;3;-13;3;-13;3;-12;3;-12;3;-12;1;-4;0;-2;-1;0;-1;0;-1;0;-1;-2;0;-5;0;-13;1;-13;2;-14;3;-14;4;-15;4;-16;4;-16;5;-16;6;-16;7;-16;8;-17;8;-17;9;-17;9;-17;9;-17;9;-17;10;-17;11;-17;11;-17;12;-18;12;-18;12;-19;11;-19;11;-19;12;-19;12;-19;12;-20;12;-20;86;0;-15;-12;-16;-12;-16;-12;-15;-12;-15;-12;-14;-12;-14;-11;-14;-10;-14;-9;-15;-8;-15;-8;-15;-8;-15;-8;-14;-8;-14;-8;-14;-8;-14;-8;-14;-8;-14;-9;-14;-9;-13;-10;-13;-10;-12;-10;-12;-9;-11;-10;-11;-10;-10;-11;-10;-12;-4;-5;-1;-2;0;0;0;0;0;0;-1;-1;-3;-3;-9;-6;-8;-7;-8;-7;-8;-8;-8;-8;-8;-8;-9;-8;-9;-9;-9;-10;-9;-10;-9;-11;-9;-11;-9;-11;-9;-11;-10;-11;-10;-11;-10;-12;-10;-12;-10;-12;-11;-12;-11;-12;-12;-12;-13;-12;-14;-13;-15;-13;-15;-13;-15;-13;-15;-13,stable,EXP_S045,ZONE_01,entree_zone,4.7,entree_zone,entree dans la zone
892972560,-56,6,a0:9f:7a:73:2b:3e,384,-110;-96;8;0;-15;-16;-9;-10;-2;-4;5;2;11;7;16;11;22;13;26;14;30;14;32;14;33;13;33;11;32;10;30;8;27;6;22;4;17;2;11;0;5;-2;-1;-4;-6;-5;-12;-6;-17;-7;-21;-7;-23;-8;-6;-2;0;0;0;0;0;0;0;0;0;0;0;0;0;0;0;0;0;0;1;0;5;2;7;6;10;11;12;16;14;21;15;25;15;29;15;31;14;32;12;31;10;29;8;25;4;20;1;14;-3;7;-6;0;-10;-7;-15;-14;-19;-21;-22;-27;-26;-31;-28;-35;-31;-37;-32;-37;-31;-35;-30;-34;93;0;-3;-26;-2;-25;-2;-23;-2;-22;-2;-21;-2;-21;-2;-20;-3;-20;-4;-19;-4;-18;-4;-17;-4;-17;-4;-17;-4;-17;-4;-17;-4;-17;-5;-16;-5;-16;-5;-15;-4;-15;-4;-14;-3;-14;-3;-14;-3;-14;-3;-14;-3;-14;-3;-14;-2;-13;-1;-5;-1;-2;0;0;0;0;0;0;-2;-2;-4;-4;-9;-11;-9;-12;-8;-13;-8;-15;-8;-15;-8;-16;-8;-17;-8;-17;-7;-18;-6;-19;-5;-20;-5;-21;-4;-22;-4;-22;-4;-22;-3;-22;-3;-22;-2;-22;-2;-23;-2;-24;-2;-24;-2;-25;-2;-25;-2;-25;-2;-25;-2;-25;-1;-26;-1;-26;93;0;-22;-2;-23;-2;-23;-2;-22;-2;-22;-2;-21;-2;-20;-2;-20;-1;-19;-1;-19;0;-19;0;-19;0;-19;0;-19;-1;-18;-1;-18;-1;-18;-1;-18;-1;-19;-1;-19;-2;-18;-2;-18;-3;-17;-4;-17;-4;-16;-5;-16;-6;-16;-7;-15;-7;-6;-3;-2;-1;0;0;0;-1;0;0;-2;0;-5;0;-12;1;-12;0;-12;0;-12;-1;-12;-1;-13;-1;-13;-1;-14;-1;-15;-2;-15;-2;-15;-3;-15;-3;-15;-3;-16;-3;-16;-3;-17;-4;-17;-4;-17;-4;-17;-4;-18;-4;-18;-3;-19;-3;-20;-2;-21;-3;-22;-3;-22;-3;-22;-3;-22;-3,stable,EXP_S045,ZONE_01,entree_zone,4.7,entree_zone,entree dans la zone
893173109,-56,6,a0:9f:7a:73:2b:3e,384,-110;-96;8;0;2;-22;1;-13;0;-4;0;5;1;12;3;19;4;25;6;29;9;32;11;33;12;34;13;33;14;31;14;28;13;24;12;19;10;14;7;8;5;3;2;-3;-1;-8;-4;-12;-7;-16;-9;-20;-10;-22;-3;-6;0;0;0;0;0;0;0;0;0;0;0;0;0;0;0;0;0;0;0;1;1;6;-1;9;-3;14;-6;19;-8;24;-10;28;-13;30;-14;32;-16;32;-16;30;-16;27;-15;22;-13;17;-11;10;-8;3;-5;-4;-2;-12;1;-20;3;-27;5;-34;6;-40;7;-44;7;-47;6;-48;6;-46;5;-44;86;0;15;-20;14;-20;14;-19;13;-18;12;-18;11;-17;10;-17;10;-17;9;-17;8;-16;7;-16;7;-16;7;-15;6;-16;6;-16;6;-16;5;-16;5;-15;5;-15;4;-14;5;-14;5;-14;5;-14;5;-14;5;-13;5;-13;5;-13;5;-12;2;-5;0;-2;-1;0;-1;0;-1;0;0;-2;1;-5;3;-14;4;-14;5;-14;6;-15;7;-15;7;-16;8;-16;8;-16;9;-16;10;-17;11;-17;12;-17;13;-17;13;-17;13;-17;14;-17;14;-17;14;-17;15;-17;15;-17;15;-18;15;-18;15;-19;15;-19;15;-19;16;-19;16;-19;17;-20;86;0;-15;-17;-16;-17;-16;-17;-16;-16;-15;-16;-15;-15;-15;-14;-15;-13;-15;-13;-15;-12;-16;-12;-16;-12;-16;-12;-15;-11;-15;-11;-15;-11;-15;-11;-15;-11;-15;-11;-15;-12;-14;-12;-13;-12;-13;-12;-12;-12;-12;-13;-11;-13;-10;-14;-10;-14;-4;-6;-1;-2;0;0;0;0;0;0;-1;-1;-3;-4;-8;-9;-8;-10;-8;-10;-7;-10;-7;-11;-8;-11;-8;-11;-8;-12;-8;-13;-8;-13;-8;-14;-8;-14;-8;-14;-8;-14;-9;-14;-9;-15;-9;-15;-9;-16;-9;-16;-10;-16;-11;-15;-12;-15;-13;-16;-13;-16;-14;-17;-14;-18;-14;-18;-15;-18,stable,EXP_S045,ZONE_01,entree_zone,4.7,entree_zone,entree dans la zone
893378076,-56,6,a0:9f:7a:73:2b:3e,384,-110;-96;8;0;12;17;7;10;2;3;-4;-4;-9;-10;-15;-14;-19;-18;-24;-20;-27;-21;-29;-22;-31;-21;-31;-20;-30;-18;-29;-15;-26;-12;-23;-10;-18;-7;-12;-3;-7;0;-1;3;4;5;9;8;13;10;17;12;19;13;5;3;0;0;0;0;0;0;0;0;0;0;0;0;0;0;0;0;0;0;-2;-1;-6;-3;-7;-7;-10;-12;-12;-17;-13;-22;-15;-26;-15;-30;-15;-32;-14;-33;-12;-33;-10;-31;-7;-27;-4;-21;-1;-15;2;-8;4;-1;8;7;11;14;15;21;18;28;21;33;24;36;25;39;26;40;25;38;24;36;90;0;9;22;9;21;8;20;8;19;7;19;7;18;8;18;8;17;9;16;9;15;9;14;8;13;8;13;8;13;9;13;9;13;9;12;9;12;9;11;8;11;8;11;8;11;8;11;8;11;7;11;7;10;7;10;6;10;2;3;0;1;-1;-1;-1;-1;-1;-1;1;0;3;3;9;9;9;9;8;10;8;11;9;12;9;13;9;14;9;14;8;15;8;16;8;17;8;18;7;19;7;19;7;19;7;19;7;19;6;20;6;20;6;21;7;22;7;22;8;22;8;22;7;22;7;23;7;23;7;23;90;0;21;-5;21;-5;22;-5;21;-5;21;-5;20;-5;19;-6;18;-6;18;-7;17;-8;17;-8;17;-8;17;-8;17;-7;17;-7;16;-7;17;-7;17;-7;17;-7;17;-6;17;-5;17;-5;16;-4;16;-4;16;-3;16;-3;16;-2;16;-1;6;0;1;0;-1;0;-1;0;-1;0;1;-1;4;-2;11;-3;11;-3;11;-2;11;-2;11;-2;12;-2;12;-2;13;-2;14;-1;15;-1;15;0;15;0;15;-1;15;-1;15;-1;16;-1;17;-1;17;-1;17;-1;17;-1;18;-2;18;-3;19;-3;20;-4;21;-4;22;-4;22;-4;21;-4,stable,EXP_S045,ZONE_01,entree_zone,4.7,entree_zone,entree dans la zone
893582461,-56,6,a0:9f:7a:73:2b:3e,384,-110;-96;8;0;20;-6;12;-4;3;-1;-5;2;-12;5;-17;8;-22;12;-25;15;-27;18;-28;20;-28;21;-27;22;-25;22;-22;21;-19;19;-15;17;-11;13;-6;10;-2;5;3;1;6;-3;9;-7;12;-11;15;-13;17;-15;4;-4;0;0;0;0;0;0;0;0;0;0;0;0;0;0;0;0;0;0;-1;0;-5;3;-9;3;-14;3;-20;2;-25;2;-29;1;-32;0;-34;-1;-34;-2;-33;-3;-30;-4;-26;-5;-20;-5;-14;-5;-6;-5;1;-6;9;-6;17;-6;25;-7;31;-7;36;-8;40;-9;43;-10;44;-11;43;-11;41;-11;94;0;23;2;22;2;21;2;20;2;19;1;19;1;18;0;18;0;17;-1;16;-2;16;-2;15;-2;15;-2;15;-3;15;-3;15;-3;15;-4;14;-4;13;-4;13;-4;12;-3;12;-3;12;-3;12;-3;12;-3;12;-3;12;-3;11;-3;4;-1;1;-1;-1;0;-1;0;-1;0;1;-1;4;-2;12;-3;13;-2;13;-2;14;-1;15;-1;15;-1;16;-1;16;0;17;0;17;1;18;2;19;3;19;3;19;3;19;3;19;3;19;4;20;4;20;4;21;4;21;4;22;4;22;3;22;3;22;4;23;4;23;4;23;4;94;0;5;-21;5;-21;5;-22;5;-21;5;-21;4;-20;4;-19;3;-19;2;-18;1;-18;1;-19;1;-19;1;-19;1;-18;1;-18;1;-18;1;-18;1;-18;1;-18;1;-18;2;-18;2;-17;3;-17;3;-16;3;-16;4;-16;5;-16;5;-16;2;-6;0;-2;-1;0;-1;0;-1;0;0;-2;1;-4;3;-11;4;-11;4;-11;5;-11;5;-11;5;-11;5;-12;5;-12;6;-13;7;-13;7;-13;7;-13;7;-13;7;-13;7;-14;8;-14;8;-15;8;-15;8;-15;8;-15;7;-16;6;-17;6;-18;6;-19;7;-20;7;-20;7;-20;7;-21,stable,EXP_S045,ZONE_01,entree_zone,4.7,entree_zone,entree dans la zone
893772396,-56,6,a0:9f:7a:73:2b:3e,384,-110;-96;8;0;-21;-6;-12;-4;-4;-2;5;0;12;1;18;1;24;0;28;-1;32;-2;33;-4;34;-6;34;-7;32;-8;29;-8;25;-8;21;-8;16;-7;10;-6;4;-5;-2;-4;-7;-2;-12;-1;-17;1;-21;2;-23;3;-6;0;0;0;0;0;0;0;0;0;0;0;0;0;0;0;0;0;0;0;1;-1;5;-1;9;1;13;3;18;6;22;9;24;12;27;15;28;17;28;18;26;18;23;18;19;16;14;13;8;10;2;7;-5;3;-12;-1;-19;-5;-25;-8;-31;-11;-36;-13;-41;-14;-43;-15;-44;-15;-43;-14;-41;-13;86;0;-15;-20;-14;-19;-14;-18;-13;-17;-13;-16;-13;-16;-13;-15;-13;-14;-13;-13;-13;-12;-13;-11;-13;-11;-13;-11;-13;-10;-13;-10;-13;-10;-13;-10;-12;-9;-12;-9;-12;-9;-11;-8;-11;-8;-11;-8;-11;-8;-11;-8;-11;-8;-10;-8;-10;-8;-4;-3;-1;-1;0;0;0;0;0;0;-2;-1;-5;-3;-12;-7;-12;-8;-12;-9;-12;-10;-12;-11;-12;-11;-12;-12;-13;-13;-13;-13;-12;-14;-12;-15;-12;-16;-12;-17;-12;-17;-12;-17;-12;-18;-12;-18;-12;-18;-12;-19;-12;-19;-13;-19;-13;-20;-14;-19;-14;-20;-14;-20;-14;-20;-14;-21;-14;-21;86;0;-19;9;-19;9;-19;10;-19;10;-18;10;-18;10;-17;9;-16;10;-15;10;-15;10;-15;10;-15;10;-15;10;-15;10;-14;10;-14;11;-14;11;-15;11;-15;10;-15;10;-15;9;-15;8;-15;8;-15;7;-15;7;-15;6;-15;5;-16;4;-6;1;-2;0;0;-1;0;-1;0;-1;-2;0;-4;1;-10;4;-11;4;-11;3;-11;3;-11;3;-12;3;-12;3;-13;4;-14;4;-14;3;-15;3;-15;3;-15;3;-15;3;-16;3;-16;3;-16;4;-17;4;-17;4;-17;5;-17;5;-17;6;-18;7;-19;7;-19;8;-20;8;-20;8;-20;8,stable,EXP_S045,ZONE_01,entree_zone,4.7,entree_zone,entree dans la zone
893973968,-56,6,a0:9f:7a:73:2b:3e,384,-110;-96;8;0;19;6;11;3;3;1;-5;0;-13;-2;-19;-2;-25;-1;-29;0;-32;1;-34;3;-35;4;-34;6;-32;7;-30;8;-26;8;-21;7;-16;7;-10;6;-4;4;1;3;6;1;11;-1;15;-3;19;-4;22;-5;5;-2;0;0;0;0;0;0;0;0;0;0;0;0;0;0;0;0;0;0;-2;0;-6;0;-10;-3;-14;-6;-18;-9;-21;-13;-24;-16;-26;-19;-27;-21;-26;-22;-25;-22;-22;-21;-18;-19;-14;-16;-8;-13;-2;-8;4;-4;11;0;17;4;24;8;30;12;35;14;38;16;41;16;42;16;41;15;39;14;87;0;15;17;15;16;14;15;14;15;13;14;13;13;13;13;13;12;13;11;13;10;13;9;13;8;12;8;12;8;12;8;13;7;13;7;12;6;12;6;11;6;11;6;11;6;11;6;11;6;11;5;11;5;10;5;10;6;3;2;1;0;-1;-1;-1;-1;-1;-1;1;0;4;1;12;5;12;6;12;7;12;8;12;9;12;9;13;10;13;11;12;12;12;13;13;14;13;14;13;15;13;15;13;15;13;15;12;16;12;16;13;17;13;17;13;18;14;18;14;17;14;17;14;18;14;18;15;18;15;18;87;0;17;-12;17;-12;17;-13;17;-12;16;-12;16;-12;15;-12;14;-12;13;-12;13;-13;12;-13;12;-13;12;-13;12;-13;12;-13;12;-13;12;-13;12;-12;12;-12;13;-12;13;-11;13;-11;12;-10;12;-10;12;-10;13;-9;13;-8;14;-8;5;-3;1;-1;-1;0;-1;0;-1;0;0;-1;3;-3;9;-6;9;-6;9;-5;9;-5;10;-5;10;-5;11;-5;11;-5;12;-5;13;-5;13;-5;13;-5;13;-5;13;-6;13;-6;14;-6;15;-6;15;-6;15;-6;15;-7;15;-7;15;-8;16;-9;17;-10;17;-11;17;-11;18;-11;17;-11,stable,EXP_S045,ZONE_01,entree_zone,4.7,entree_zone,entree dans la zone
894175956,-56,6,a0:9f:7a:73:2b:3e,384,-110;-96;8;0;7;-20;4;-12;1;-3;-2;5;-3;12;-5;18;-5;24;-5;28;-4;31;-2;33;-1;34;0;34;1;32;3;30;3;26;4;22;4;16;4;10;4;4;4;-2;3;-7;2;-12;1;-17;1;-21;1;-23;0;-6;0;0;0;0;0;0;0;0;0;0;0;0;0;0;0;0;0;0;0;1;0;5;-2;9;-5;13;-8;17;-11;21;-14;24;-17;26;-19;27;-20;27;-21;25;-20;22;-18;18;-16;13;-12;7;-8;1;-4;-5;1;-11;5;-18;9;-24;12;-30;15;-35;17;-39;18;-41;18;-42;17;-41;16;-40;85;0;18;-15;17;-15;17;-14;16;-13;15;-13;15;-12;14;-13;13;-13;12;-13;11;-13;10;-13;9;-12;9;-12;9;-12;9;-13;9;-13;8;-13;8;-13;7;-12;7;-11;7;-11;7;-11;7;-11;7;-11;7;-11;7;-11;6;-10;6;-10;2;-4;0;-1;-1;0;-1;0;-1;0;0;-2;2;-5;6;-12;7;-12;8;-12;9;-12;10;-12;10;-13;11;-13;11;-13;12;-12;13;-12;14;-12;15;-13;16;-13;16;-13;16;-13;16;-12;16;-12;17;-12;18;-12;18;-12;19;-13;19;-13;19;-14;19;-14;19;-14;19;-14;19;-14;19;-14;85;0;-11;-19;-11;-19;-11;-19;-11;-19;-11;-19;-10;-18;-10;-17;-11;-16;-12;-15;-12;-15;-13;-15;-13;-15;-12;-15;-12;-15;-12;-15;-11;-14;-12;-14;-12;-15;-11;-15;-11;-15;-10;-15;-10;-15;-9;-15;-9;-15;-8;-15;-8;-15;-7;-15;-6;-16;-2;-6;-1;-2;0;0;0;0;0;0;-1;-1;-3;-4;-6;-10;-5;-10;-5;-11;-4;-11;-4;-11;-4;-12;-5;-12;-5;-13;-5;-14;-4;-14;-4;-15;-4;-15;-4;-15;-5;-15;-5;-15;-5;-16;-5;-16;-5;-17;-5;-17;-6;-17;-6;-17;-7;-17;-8;-18;-9;-19;-9;-20;-10;-20;-10;-20;-10;-19,stable,EXP_S045,ZONE_01,entree_zone,4.7,entree_zone,entree dans la zone
894374863,-56,6,a0:9f:7a:73:2b:3e,384,-110;-96;8;0;-11;-19;-7;-12;-2;-4;3;3;8;9;13;13;17;16;21;19;25;19;27;19;29;19;29;17;29;15;27;13;25;11;21;8;16;5;12;2;6;-1;1;-4;-4;-6;-9;-7;-14;-9;-18;-10;-21;-11;-6;-3;0;0;0;0;0;0;0;0;0;0;0;0;0;0;0;0;0;0;1;0;4;3;5;7;5;13;6;18;6;23;6;28;6;31;5;33;4;34;3;33;1;30;0;26;-2;21;-3;14;-5;7;-7;-1;-8;-9;-10;-16;-13;-24;-15;-30;-17;-35;-19;-39;-20;-41;-21;-42;-21;-40;-21;-39;83;0;8;-23;7;-23;7;-22;7;-21;6;-20;6;-19;5;-19;4;-19;3;-18;3;-18;2;-17;2;-17;2;-16;1;-16;1;-16;1;-16;0;-16;0;-16;0;-15;0;-15;0;-14;0;-14;0;-14;0;-14;0;-14;0;-13;1;-13;1;-13;0;-5;0;-2;-1;0;0;0;-1;0;-1;-2;-1;-5;-2;-14;-1;-15;0;-15;1;-16;1;-16;2;-17;2;-18;3;-18;3;-18;4;-19;5;-19;6;-20;6;-20;7;-20;7;-20;7;-20;7;-20;8;-20;8;-21;8;-21;8;-22;8;-22;8;-22;8;-23;9;-23;9;-23;9;-23;9;-23;83;0;-19;-11;-19;-11;-19;-11;-19;-11;-19;-10;-18;-10;-18;-9;-18;-8;-18;-8;-18;-7;-18;-7;-18;-7;-18;-7;-17;-7;-17;-7;-17;-7;-17;-7;-17;-7;-17;-7;-17;-8;-16;-8;-16;-8;-15;-8;-15;-9;-14;-9;-14;-10;-13;-10;-12;-11;-5;-4;-2;-2;0;0;0;0;0;0;-2;-1;-4;-2;-10;-6;-10;-6;-10;-7;-10;-7;-10;-7;-10;-8;-11;-8;-11;-9;-11;-9;-11;-10;-11;-10;-11;-10;-11;-11;-12;-11;-12;-11;-12;-11;-13;-11;-13;-12;-13;-12;-14;-11;-14;-11;-15;-11;-16;-11;-17;-11;-18;-12;-18;-12;-18;-12;-19;-12,stable,EXP_S045,ZONE_01,entree_zone,4.7,entree_zone,entree dans la zone
894572443,-56,6,a0:9f:7a:73:2b:3e,384,-110;-96;8;0;10;-19;6;-12;1;-4;-3;3;-6;10;-8;17;-10;22;-11;27;-11;30;-10;32;-10;34;-8;34;-7;33;-5;31;-4;28;-2;23;-1;18;1;12;2;6;4;0;5;-5;6;-10;6;-15;7;-19;8;-22;2;-6;0;0;0;0;0;0;0;0;0;0;0;0;0;0;0;0;0;0;0;1;0;5;-3;8;-6;13;-9;17;-12;21;-16;24;-18;26;-20;27;-22;26;-22;25;-21;22;-20;18;-17;13;-12;7;-8;2;-3;-4;2;-10;7;-17;12;-23;16;-28;20;-33;22;-37;24;-39;24;-40;23;-39;22;-38;89;0;22;-6;22;-6;21;-6;20;-6;19;-6;18;-6;17;-7;16;-7;16;-7;15;-7;14;-8;14;-8;13;-8;13;-8;13;-8;13;-8;13;-8;12;-8;12;-8;12;-8;11;-8;11;-8;11;-8;11;-7;11;-7;11;-7;11;-6;11;-6;3;-2;1;-1;-1;0;-1;0;-1;0;1;-1;3;-4;10;-9;11;-9;11;-8;12;-8;13;-8;14;-8;14;-8;15;-7;16;-7;17;-7;17;-7;18;-6;19;-6;19;-6;19;-5;19;-5;20;-5;20;-5;20;-5;21;-5;21;-5;21;-5;22;-5;22;-5;23;-5;23;-5;23;-6;23;-6;89;0;-2;-23;-2;-23;-2;-23;-2;-22;-3;-22;-3;-21;-3;-21;-4;-20;-4;-20;-5;-19;-5;-19;-5;-19;-5;-19;-5;-19;-5;-19;-5;-19;-4;-19;-4;-19;-4;-18;-3;-18;-3;-18;-3;-18;-2;-17;-2;-17;-1;-17;0;-17;1;-17;2;-17;1;-6;0;-2;-1;0;0;0;0;0;-1;-2;-1;-4;-2;-12;-1;-12;-1;-12;-1;-12;0;-13;0;-13;0;-14;0;-14;1;-15;1;-15;1;-15;1;-15;1;-16;1;-16;1;-16;1;-17;1;-17;1;-18;1;-18;1;-18;1;-19;0;-19;0;-20;0;-21;0;-21;-1;-22;-1;-23;-2;-23,stable,EXP_S045,ZONE_01,entree_zone,4.7,entree_zone,entree dans la zone
894775374,-56,6,a0:9f:7a:73:2b:3e,384,-110;-96;8;0;-16;-17;-10;-10;-4;-3;2;3;8;9;13;13;18;16;22;19;26;20;28;20;30;20;30;19;30;17;28;15;26;12;22;9;18;6;13;2;8;-1;2;-4;-3;-7;-7;-10;-11;-13;-15;-15;-17;-17;-5;-5;0;0;0;0;0;0;0;0;0;0;0;0;0;0;0;0;0;0;1;0;5;1;8;4;11;8;15;12;18;16;20;20;21;23;22;26;21;27;19;27;16;26;13;23;9;19;4;13;0;7;-5;1;-9;-6;-14;-13;-19;-19;-23;-25;-27;-29;-29;-33;-31;-35;-32;-36;-31;-35;-30;-34;99;0;-4;-24;-5;-23;-4;-22;-4;-21;-4;-20;-5;-20;-5;-19;-6;-18;-6;-18;-7;-17;-7;-16;-7;-15;-7;-15;-7;-15;-7;-15;-7;-15;-8;-15;-8;-14;-8;-13;-7;-13;-7;-13;-7;-13;-7;-13;-7;-13;-7;-12;-7;-12;-6;-12;-6;-11;-2;-4;-1;-2;0;0;0;0;0;0;-1;-2;-3;-5;-6;-12;-6;-13;-5;-14;-5;-15;-5;-15;-5;-16;-5;-17;-5;-17;-5;-18;-4;-19;-4;-19;-3;-20;-3;-21;-2;-21;-2;-21;-2;-21;-2;-21;-2;-21;-2;-22;-2;-23;-2;-23;-2;-23;-3;-24;-3;-24;-3;-24;-2;-24;-2;-24;-2;-25;99;0;-23;-1;-23;-1;-24;-1;-23;-1;-23;-1;-22;0;-21;0;-21;1;-20;2;-20;2;-20;3;-20;3;-20;3;-19;2;-19;2;-19;2;-19;2;-19;2;-19;2;-19;1;-19;1;-19;0;-18;0;-18;-1;-17;-1;-17;-2;-17;-3;-17;-4;-7;-2;-2;-1;0;0;0;0;0;0;-2;0;-5;-1;-13;-2;-12;-2;-12;-3;-12;-3;-12;-4;-13;-4;-13;-4;-14;-4;-15;-4;-15;-5;-15;-5;-15;-5;-16;-5;-16;-5;-16;-5;-17;-5;-17;-5;-18;-6;-18;-6;-18;-5;-19;-4;-19;-4;-21;-3;-22;-3;-23;-3;-23;-3;-23;-3;-23;-3,stable,EXP_S045,ZONE_01,entree_zone,4.7,entree_zone,entree dans la zone
894972360,-56,6,a0:9f:7a:73:2b:3e,384,-110;-96;8;0;20;-8;12;-5;3;-2;-4;2;-11;5;-17;9;-22;13;-25;16;-27;19;-28;21;-28;23;-27;24;-25;24;-22;23;-19;22;-15;19;-11;15;-7;11;-2;7;2;2;6;-2;9;-6;13;-10;16;-13;18;-15;4;-4;0;0;0;0;0;0;0;0;0;0;0;0;0;0;0;0;0;0;-1;0;-4;4;-9;4;-14;5;-19;5;-25;6;-29;5;-33;5;-35;4;-35;3;-34;1;-32;0;-28;-1;-22;-3;-15;-4;-8;-5;0;-6;8;-7;17;-8;24;-9;31;-11;37;-12;41;-13;44;-14;45;-15;44;-15;42;-15;91;0;23;5;22;5;21;5;21;4;20;4;19;4;19;3;18;2;18;1;17;0;17;0;16;0;16;-1;16;-1;16;-1;16;-1;15;-2;15;-2;14;-2;14;-2;13;-1;13;-1;13;-1;13;-2;13;-2;13;-2;12;-1;12;-1;4;-1;1;0;-1;0;-1;0;-1;-1;1;-1;4;-1;13;-2;13;-1;14;-1;15;0;15;0;16;1;17;1;17;2;17;2;18;3;18;4;19;4;19;5;20;5;20;5;20;6;20;6;20;6;20;7;21;7;21;7;22;7;22;6;22;6;23;6;23;7;23;7;23;7;91;0;9;-20;9;-21;9;-21;8;-21;8;-20;8;-19;7;-19;6;-19;5;-19;5;-19;4;-19;4;-19;4;-19;4;-19;4;-18;4;-18;4;-18;4;-18;5;-18;5;-18;5;-18;6;-17;6;-16;6;-16;7;-15;7;-15;8;-15;9;-14;3;-5;1;-2;-1;0;-1;0;-1;0;0;-2;1;-4;4;-11;5;-10;6;-10;6;-10;6;-10;7;-11;7;-11;7;-12;8;-12;9;-12;9;-12;9;-12;9;-12;9;-13;9;-13;10;-14;10;-14;10;-14;10;-14;10;-15;10;-16;9;-17;9;-18;9;-19;10;-19;10;-20;10;-20;10;-21,stable,EXP_S045,ZONE_01,entree_zone,4.7,entree_zone,entree dans la zone
895172506,-56,6,a0:9f:7a:73:2b:3e,384,-110;-96;8;0;13;-19;7;-12;2;-4;-2;3;-6;10;-9;16;-11;22;-13;27;-13;30;-12;33;-11;35;-10;35;-9;34;-7;32;-6;28;-4;24;-2;18;0;13;1;6;3;0;5;-5;5;-11;6;-16;7;-20;8;-23;2;-6;0;0;0;0;0;0;0;0;0;0;0;0;0;0;0;0;0;0;0;1;-1;5;-4;8;-8;12;-12;16;-16;19;-20;22;-23;23;-25;24;-27;23;-27;21;-25;19;-23;15;-19;11;-14;6;-9;1;-3;-5;3;-11;9;-16;15;-22;20;-27;24;-31;27;-35;28;-37;29;-38;28;-38;26;-36;97;0;24;-5;23;-4;22;-4;21;-4;20;-4;19;-5;19;-5;18;-5;17;-6;16;-6;16;-6;15;-6;15;-6;15;-6;15;-6;15;-6;14;-6;14;-6;14;-6;13;-6;13;-6;13;-6;13;-5;13;-5;13;-5;12;-5;12;-4;12;-4;4;-2;1;-1;-1;0;-1;0;-1;0;1;-2;3;-4;10;-9;11;-9;12;-9;12;-8;13;-8;14;-8;15;-8;16;-8;17;-8;17;-7;18;-7;19;-6;19;-6;20;-5;20;-5;20;-5;21;-5;21;-4;21;-4;22;-4;22;-4;23;-4;23;-4;23;-4;23;-4;24;-4;24;-4;24;-4;97;0;0;-23;0;-23;0;-23;0;-23;0;-22;-1;-22;-1;-21;-2;-20;-2;-20;-2;-20;-3;-20;-3;-20;-2;-20;-2;-20;-2;-19;-2;-19;-1;-19;-1;-19;-1;-19;0;-19;0;-19;1;-18;1;-18;2;-17;3;-17;3;-17;4;-17;5;-17;2;-6;0;-2;-1;0;0;0;-1;0;-1;-2;-1;-4;-2;-12;-2;-12;-1;-12;0;-13;0;-13;0;-13;0;-14;0;-14;1;-15;1;-15;1;-16;2;-16;2;-16;2;-16;2;-16;2;-17;2;-18;2;-18;2;-18;2;-19;2;-19;1;-20;1;-21;1;-21;1;-22;1;-23;1;-23;1;-24,stable,EXP_S045,ZONE_01,entree_zone,4.7,entree_zone,entree dans la zone
895372620,-56,6,a0:9f:7a:73:2b:3e,384,-110;-96;8;0;11;-20;6;-12;1;-5;-2;3;-6;11;-8;17;-9;23;-10;27;-10;31;-9;33;-8;35;-7;35;-5;34;-4;32;-3;28;-2;24;0;19;1;13;2;6;3;0;4;-5;5;-11;5;-16;6;-20;7;-23;1;-6;0;0;0;0;0;0;0;0;0;0;0;0;0;0;0;0;0;0;0;1;-1;5;-3;8;-7;13;-11;17;-14;20;-18;24;-21;26;-23;26;-24;26;-24;24;-23;21;-21;17;-18;13;-13;7;-8;1;-3;-5;2;-11;8;-17;13;-23;17;-29;20;-33;23;-37;24;-39;25;-40;25;-40;23;-39;91;0;23;-7;22;-7;21;-7;20;-7;19;-7;18;-7;18;-7;17;-7;16;-8;15;-8;14;-9;14;-9;13;-9;13;-9;13;-9;13;-9;13;-9;12;-9;12;-9;11;-8;11;-8;11;-8;11;-8;11;-8;11;-8;11;-8;11;-7;11;-7;3;-3;1;-1;-1;0;-1;0;-1;0;1;-1;3;-4;10;-9;11;-8;12;-8;13;-8;14;-8;14;-8;15;-8;16;-7;16;-7;17;-7;18;-6;19;-6;19;-6;19;-6;20;-6;20;-5;20;-5;20;-5;21;-5;21;-5;22;-5;22;-5;23;-6;23;-6;23;-6;23;-6;23;-6;23;-6;91;0;-2;-23;-2;-23;-3;-23;-3;-23;-3;-22;-3;-21;-3;-21;-4;-20;-5;-20;-5;-19;-6;-19;-6;-19;-6;-19;-6;-19;-6;-19;-5;-19;-5;-19;-5;-19;-4;-19;-4;-19;-3;-18;-3;-18;-3;-18;-2;-17;-2;-17;-1;-17;0;-17;1;-17;0;-7;0;-2;0;0;0;0;-1;0;-1;-2;-1;-5;-2;-12;-1;-12;0;-12;0;-13;0;-13;0;-13;0;-14;1;-14;1;-15;2;-15;2;-16;2;-16;2;-16;1;-16;1;-17;1;-17;1;-18;2;-18;2;-18;1;-18;1;-19;0;-20;0;-20;0;-21;-1;-22;-1;-23;-1;-23;-1;-23,stable,EXP_S045,ZONE_01,entree_zone,4.7,entree_zone,entree dans la zone
895572711,-55,6,a0:9f:7a:73:2b:3e,384,-110;-96;8;0;-3;22;-2;13;-1;4;0;-5;0;-13;-1;-20;-2;-26;-3;-31;-5;-34;-6;-36;-8;-37;-9;-37;-10;-35;-10;-32;-10;-28;-10;-24;-9;-18;-7;-12;-6;-6;-4;0;-3;6;-1;11;0;16;1;21;2;23;0;6;0;0;0;0;0;0;0;0;0;0;0;0;0;0;0;0;0;0;-1;-1;-3;-6;-2;-10;0;-16;1;-21;3;-26;5;-30;7;-33;9;-34;11;-35;12;-33;12;-30;11;-26;10;-20;8;-13;6;-6;3;2;1;10;-2;18;-4;26;-6;33;-7;39;-8;43;-8;47;-8;48;-7;46;-6;45;98;0;-19;16;-19;15;-18;15;-17;14;-17;14;-16;13;-15;13;-14;13;-13;14;-12;14;-11;13;-11;13;-11;13;-11;13;-11;13;-10;13;-10;13;-10;12;-9;12;-9;11;-9;11;-9;11;-9;11;-9;11;-9;10;-9;10;-9;10;-9;9;-4;3;-1;0;0;-1;0;-1;0;-1;-1;1;-2;4;-5;13;-6;13;-7;13;-8;13;-9;13;-9;14;-10;14;-11;14;-12;14;-13;14;-14;14;-15;14;-15;14;-16;14;-16;14;-16;14;-17;14;-17;14;-18;14;-18;14;-19;15;-19;15;-19;15;-19;15;-19;15;-20;15;-20;15;-20;15;98;0;11;19;11;19;11;19;11;19;11;18;10;18;10;17;10;16;11;15;11;15;11;15;11;15;11;15;11;15;11;15;11;15;11;15;10;15;10;16;9;16;8;16;8;16;7;15;7;15;6;15;5;16;4;16;3;16;1;6;0;1;-1;-1;-1;-1;-1;-1;0;0;2;3;7;9;6;9;6;10;6;10;5;10;6;11;6;11;6;12;6;13;6;14;5;14;5;15;5;15;5;15;6;15;6;15;6;16;6;16;6;16;7;16;7;17;8;17;9;18;9;18;10;19;10;19;11;20;11;20,stable,EXP_S045,ZONE_01,entree_zone,4.7,entree_zone,entree dans la zone
895774119,-56,6,a0:9f:7a:73:2b:3e,384,-110;-96;8;0;-7;21;-4;13;-1;4;1;-4;3;-12;4;-19;4;-25;4;-29;4;-33;3;-35;2;-36;1;-36;0;-35;-1;-33;-2;-29;-3;-25;-3;-20;-4;-14;-5;-7;-5;-1;-5;4;-5;10;-6;15;-6;19;-6;22;-2;5;0;0;0;0;0;0;0;0;0;0;0;0;0;0;0;0;0;0;-1;-1;-2;-5;-1;-10;1;-15;3;-20;5;-24;8;-28;10;-31;11;-33;13;-32;14;-31;15;-28;14;-23;12;-18;9;-11;6;-5;2;2;-1;10;-5;17;-8;24;-10;31;-13;36;-14;40;-16;43;-17;44;-16;43;-15;41;99;0;-18;16;-17;16;-16;15;-16;14;-15;13;-15;13;-14;13;-13;14;-12;14;-11;14;-10;13;-9;13;-9;12;-10;12;-10;13;-9;13;-9;13;-8;13;-8;12;-8;11;-8;11;-8;11;-8;11;-8;11;-8;11;-7;11;-7;10;-8;10;-3;3;-1;0;0;-1;0;-1;0;-1;-1;1;-2;4;-5;12;-6;12;-7;12;-8;12;-9;13;-9;13;-10;14;-10;13;-11;13;-13;13;-14;13;-15;13;-15;14;-15;14;-15;14;-15;13;-16;13;-16;13;-17;13;-18;13;-18;14;-18;15;-18;15;-17;15;-18;15;-18;15;-19;15;-19;15;99;0;11;18;12;18;12;18;11;18;11;18;11;17;11;16;11;15;12;15;12;14;12;14;12;14;12;14;11;14;11;14;11;14;11;14;11;14;11;14;11;15;10;15;9;15;8;15;7;14;7;14;6;15;6;15;5;15;1;5;0;1;-1;-1;-1;-1;-1;-1;0;0;2;3;6;9;6;9;5;10;5;10;5;10;5;10;6;11;6;12;6;13;6;14;5;14;5;14;5;14;5;14;6;14;6;15;6;16;6;16;6;16;6;16;7;16;8;16;9;17;10;18;10;19;10;19;10;19;10;19,stable,EXP_S045,ZONE_01,entree_zone,4.7,entree_zone,entree dans la zone
895975802,-56,6,a0:9f:7a:73:2b:3e,384,-110;-96;8;0;19;9;12;5;4;1;-4;-2;-12;-5;-18;-7;-24;-8;-28;-8;-32;-8;-34;-7;-36;-6;-36;-5;-35;-4;-32;-2;-29;-1;-24;0;-19;1;-13;2;-7;3;-1;3;4;4;10;4;14;5;19;6;22;6;5;1;0;0;0;0;0;0;0;0;0;0;0;0;0;0;0;0;0;0;-2;0;-6;0;-9;-2;-14;-5;-19;-7;-23;-10;-26;-13;-28;-16;-29;-18;-29;-20;-27;-20;-25;-20;-20;-18;-15;-15;-9;-12;-3;-8;3;-3;9;1;16;6;23;10;29;14;34;17;37;19;40;20;41;21;40;20;39;19;97;0;11;21;10;20;9;19;9;18;9;18;8;17;9;16;9;15;9;14;9;13;9;13;9;12;9;12;9;12;9;12;9;12;9;12;9;11;8;11;8;11;7;10;7;10;7;10;7;10;7;10;7;10;6;10;6;10;2;3;0;1;-1;-1;-1;-1;-1;-1;1;0;4;2;11;6;11;7;11;8;11;9;11;10;11;10;11;11;12;12;11;13;11;13;11;15;10;16;10;16;10;17;10;17;10;17;9;18;9;18;9;19;9;19;10;20;10;20;10;20;10;20;10;20;10;20;10;21;10;22;97;0;21;-7;21;-7;21;-7;21;-7;20;-6;19;-6;18;-6;18;-7;17;-7;17;-7;17;-7;17;-7;17;-7;17;-7;17;-7;17;-7;17;-6;17;-6;17;-6;17;-5;17;-4;17;-4;16;-3;16;-2;16;-2;16;-1;16;0;16;1;5;0;1;0;-1;0;-1;0;-1;0;1;-1;3;-2;10;-6;10;-5;10;-5;10;-4;11;-4;11;-4;12;-4;12;-4;13;-4;14;-4;14;-3;14;-3;14;-3;15;-3;15;-3;16;-3;16;-3;16;-3;17;-3;17;-3;17;-4;18;-5;18;-6;19;-6;20;-6;20;-6;21;-6;21;-6,stable,EXP_S045,ZONE_01,entree_zone,4.7,entree_zone,entree dans la zone
896172476,-56,6,a0:9f:7a:73:2b:3e,384,-110;-96;8;0;-6;-21;-5;-13;-3;-4;0;4;2;12;4;18;6;23;9;27;11;29;13;31;15;31;15;31;15;29;15;27;14;23;13;19;11;14;9;9;6;3;4;-3;2;-8;0;-12;-3;-17;-4;-21;-5;-23;-2;-6;0;0;0;0;0;0;0;0;0;0;0;0;0;0;0;0;0;0;0;0;3;2;5;6;7;11;8;16;9;21;10;25;10;29;9;32;8;32;6;32;4;29;3;25;1;20;-1;14;-3;6;-4;-1;-6;-9;-7;-17;-8;-25;-9;-32;-10;-37;-11;-41;-12;-44;-12;-45;-12;-44;-12;-42;92;0;11;-21;10;-20;10;-19;9;-18;9;-18;8;-17;7;-17;7;-17;6;-16;5;-16;5;-16;5;-15;4;-15;4;-15;4;-15;4;-15;3;-15;3;-14;3;-14;3;-13;3;-13;3;-13;3;-13;3;-13;3;-12;3;-12;3;-12;4;-12;1;-5;0;-2;-1;0;0;0;-1;0;-1;-2;0;-5;0;-14;1;-14;1;-14;2;-15;3;-15;3;-16;4;-16;4;-16;5;-17;6;-17;7;-18;7;-18;8;-18;9;-18;9;-18;9;-18;10;-18;10;-18;10;-18;10;-19;11;-19;11;-19;11;-20;11;-20;11;-20;11;-20;12;-20;12;-20;92;0;-18;-15;-18;-15;-18;-15;-18;-14;-17;-14;-17;-13;-17;-13;-17;-12;-17;-12;-17;-11;-17;-11;-17;-11;-17;-10;-17;-10;-17;-10;-16;-10;-16;-11;-16;-11;-16;-11;-15;-11;-15;-12;-14;-12;-14;-12;-13;-12;-12;-13;-12;-13;-11;-14;-10;-14;-4;-6;-1;-2;0;0;0;0;0;0;-2;-1;-4;-3;-10;-7;-10;-7;-10;-8;-9;-9;-9;-9;-10;-9;-10;-10;-10;-10;-11;-11;-11;-12;-11;-12;-11;-12;-11;-12;-11;-13;-11;-13;-11;-13;-11;-13;-12;-14;-12;-14;-13;-14;-13;-14;-14;-14;-15;-14;-16;-15;-16;-15;-17;-15;-17;-15;-17;-15,stable,EXP_S045,ZONE_01,entree_zone,4.7,entree_zone,entree dans la zone
896372431,-56,6,a0:9f:7a:73:2b:3e,384,-110;-96;8;0;7;21;4;12;1;3;-2;-5;-5;-13;-8;-20;-11;-25;-14;-29;-17;-31;-19;-32;-21;-32;-22;-32;-22;-30;-21;-27;-20;-23;-17;-19;-15;-14;-12;-9;-8;-3;-5;2;-1;7;2;12;5;16;8;20;9;22;2;5;0;0;0;0;0;0;0;0;0;0;0;0;0;0;0;0;0;0;-2;-1;-5;-4;-7;-8;-8;-14;-10;-20;-11;-25;-11;-29;-10;-33;-9;-36;-8;-36;-6;-35;-5;-33;-3;-29;-1;-23;1;-16;3;-8;4;0;6;9;7;17;9;25;10;33;11;39;12;43;13;46;14;47;14;46;14;44;98;0;-7;24;-7;23;-7;22;-6;21;-6;20;-5;20;-5;19;-4;19;-3;18;-3;18;-3;17;-2;16;-2;16;-2;16;-2;16;-2;16;-2;15;-2;15;-2;14;-2;14;-2;13;-2;13;-2;13;-2;13;-2;13;-3;13;-3;12;-3;12;-2;4;-1;1;0;-1;-1;-1;-1;-1;0;1;2;4;5;13;4;13;3;14;2;15;2;16;2;17;1;17;1;18;0;18;0;19;-1;20;-2;20;-3;21;-4;21;-4;21;-4;21;-5;21;-5;21;-6;22;-6;22;-6;23;-6;23;-6;23;-6;23;-7;24;-8;24;-8;24;-8;24;98;0;21;9;21;9;21;9;21;9;20;9;20;9;19;8;19;7;19;7;18;6;18;6;18;6;18;6;18;6;18;6;18;7;18;7;18;7;18;7;17;8;16;9;16;9;15;9;14;10;14;10;13;11;12;12;12;12;4;4;1;1;-1;-1;-1;-1;-1;-1;1;0;4;0;11;2;11;2;11;3;11;4;11;4;12;4;12;4;13;5;13;6;14;6;14;7;14;7;14;8;14;8;14;8;15;8;15;9;15;9;15;9;16;9;16;9;17;8;18;9;19;9;20;9;20;10;21;10;21;10,stable,EXP_S045,ZONE_01,entree_zone,4.7,entree_zone,entree dans la zone
896572453,-55,6,a0:9f:7a:73:2b:3e,384,-110;-96;8;0;-23;-3;-14;-2;-4;-1;5;0;13;0;20;0;26;0;30;-2;33;-4;35;-6;36;-7;35;-8;34;-9;31;-9;27;-9;22;-8;17;-8;11;-7;5;-6;-2;-5;-7;-4;-13;-2;-18;-1;-22;0;-25;0;-7;0;0;0;0;0;0;0;0;0;0;0;0;0;0;0;0;0;0;0;1;-1;5;-3;9;-3;15;-2;20;-1;25;1;29;3;33;5;34;7;34;8;33;9;30;9;25;9;20;8;12;7;5;5;-4;4;-12;1;-20;-1;-28;-3;-35;-5;-40;-6;-45;-7;-48;-7;-49;-6;-48;-6;-46;-6;91;0;-17;-19;-17;-18;-16;-18;-16;-17;-15;-16;-15;-15;-15;-14;-14;-13;-14;-13;-14;-12;-14;-11;-14;-11;-14;-10;-13;-10;-13;-10;-14;-10;-13;-10;-13;-9;-13;-9;-12;-9;-12;-9;-12;-9;-12;-9;-11;-8;-11;-8;-11;-9;-10;-9;-10;-9;-4;-4;-1;-2;0;0;0;0;0;0;-2;-1;-5;-2;-14;-5;-14;-5;-14;-6;-15;-7;-15;-8;-15;-9;-15;-9;-16;-10;-16;-11;-16;-12;-16;-13;-16;-14;-16;-15;-16;-15;-16;-16;-16;-16;-16;-16;-16;-17;-16;-17;-16;-18;-16;-18;-16;-18;-17;-18;-17;-19;-17;-19;-17;-19;-17;-20;-17;-20;91;0;-20;12;-20;12;-20;12;-19;12;-19;12;-18;12;-18;12;-17;12;-17;12;-16;12;-16;12;-16;12;-16;12;-15;12;-15;12;-16;12;-16;11;-16;11;-16;11;-16;10;-16;10;-16;9;-16;8;-16;8;-16;7;-17;6;-17;5;-17;4;-7;1;-2;0;0;-1;0;-1;0;-1;-1;0;-4;2;-9;7;-10;7;-10;7;-11;6;-11;6;-11;6;-12;6;-13;7;-13;7;-14;7;-15;7;-15;7;-15;6;-15;6;-15;6;-16;7;-16;7;-17;7;-17;7;-17;8;-17;8;-18;9;-18;10;-19;10;-19;11;-20;11;-20;12;-20;12,stable,EXP_S045,ZONE_01,entree_zone,4.7,entree_zone,entree dans la zone
896772454,-56,6,a0:9f:7a:73:2b:3e,384,-110;-96;8;0;-11;-19;-7;-11;-3;-4;2;3;6;9;11;14;15;18;19;21;21;22;23;23;25;23;26;22;26;20;25;17;22;14;19;11;16;8;11;4;7;0;2;-4;-2;-7;-7;-10;-10;-13;-14;-15;-16;-17;-4;-5;0;0;0;0;0;0;0;0;0;0;0;0;0;0;0;0;0;0;0;0;4;2;6;6;8;11;10;16;11;20;12;25;12;28;12;30;11;31;9;31;7;29;4;25;2;20;-1;14;-3;7;-5;0;-8;-8;-11;-15;-14;-22;-16;-29;-18;-34;-20;-37;-21;-40;-21;-41;-21;-40;-21;-38;100;0;-1;-24;-1;-23;-1;-22;-1;-21;-1;-20;-1;-19;-1;-19;-2;-19;-3;-18;-4;-17;-4;-16;-4;-16;-4;-15;-4;-15;-4;-16;-5;-16;-5;-15;-5;-14;-5;-13;-5;-13;-4;-12;-4;-13;-4;-13;-5;-13;-5;-13;-5;-12;-4;-12;-4;-12;-2;-5;-1;-2;0;0;0;0;0;0;-1;-2;-2;-5;-5;-13;-5;-13;-4;-14;-4;-15;-4;-16;-4;-16;-4;-17;-3;-17;-2;-17;-2;-18;-1;-19;0;-20;0;-20;0;-21;0;-21;0;-21;1;-20;1;-21;1;-21;1;-22;1;-23;0;-23;0;-23;0;-23;0;-23;1;-23;1;-24;1;-24;100;0;-22;-4;-22;-4;-22;-4;-22;-4;-21;-4;-20;-4;-19;-3;-19;-2;-18;-1;-19;0;-19;0;-19;0;-19;0;-19;-1;-18;-1;-18;-1;-18;0;-18;0;-19;-1;-19;-1;-18;-2;-18;-3;-17;-3;-17;-3;-16;-4;-16;-4;-16;-5;-16;-6;-6;-3;-2;-1;0;0;0;0;0;0;-2;-1;-5;-1;-12;-2;-11;-3;-11;-4;-11;-4;-11;-4;-12;-4;-12;-4;-13;-5;-14;-5;-14;-6;-14;-7;-14;-7;-14;-7;-14;-6;-15;-6;-16;-6;-16;-7;-16;-7;-16;-7;-16;-7;-17;-6;-18;-5;-19;-5;-20;-5;-21;-5;-22;-5;-22;-5;-22;-5,stable,EXP_S045,ZONE_01,entree_zone,4.7,entree_zone,entree dans la zone
896972387,-56,6,a0:9f:7a:73:2b:3e,384,-110;-96;8;0;21;-6;13;-4;4;-2;-4;0;-12;3;-18;6;-24;9;-27;11;-30;14;-31;16;-31;18;-31;19;-29;19;-27;19;-23;17;-19;15;-14;13;-9;10;-4;6;2;3;6;-1;10;-4;14;-7;18;-9;20;-11;5;-3;0;0;0;0;0;0;0;0;0;0;0;0;0;0;0;0;0;0;-1;0;-5;3;-9;3;-14;4;-20;4;-25;4;-30;3;-33;3;-35;1;-35;0;-34;-1;-32;-2;-27;-3;-21;-4;-15;-4;-7;-4;1;-5;9;-5;17;-6;25;-6;32;-7;38;-7;42;-8;45;-9;46;-9;45;-9;43;-10;92;0;20;12;19;11;19;11;18;10;18;9;17;9;17;8;16;7;16;6;16;6;16;5;15;4;15;4;15;4;15;4;15;3;15;3;14;3;14;3;13;3;13;3;13;3;13;3;13;2;12;3;12;3;12;3;11;3;4;1;1;0;-1;-1;-1;-1;-1;-1;1;0;4;0;13;2;13;2;13;3;14;4;14;5;15;5;15;6;15;7;16;7;16;8;16;9;17;10;17;10;17;10;17;11;17;11;17;11;17;12;17;12;18;12;18;12;18;12;19;12;19;13;19;13;20;13;20;13;20;13;92;0;15;-17;15;-17;14;-17;14;-17;13;-17;13;-17;12;-16;11;-16;10;-16;10;-16;9;-16;9;-17;9;-17;9;-17;9;-17;9;-16;9;-16;10;-16;10;-16;10;-15;10;-15;10;-14;10;-14;10;-13;11;-13;11;-12;12;-11;13;-11;4;-4;1;-2;-1;0;-1;0;-1;0;0;-1;2;-4;7;-9;8;-9;8;-9;8;-8;9;-8;9;-9;10;-9;10;-9;11;-9;11;-9;12;-9;12;-9;12;-9;12;-10;13;-10;13;-10;13;-11;13;-11;14;-11;14;-12;14;-13;14;-13;14;-14;14;-15;15;-15;15;-16;15;-17;16;-17,stable,EXP_S045,ZONE_01,entree_zone,4.7,entree_zone,entree dans la zone
897172275,-56,6,a0:9f:7a:73:2b:3e,384,-110;-96;8;0;-19;-14;-12;-8;-5;-3;3;2;9;6;16;9;21;11;26;12;30;12;32;11;34;10;34;9;33;8;31;7;28;5;24;4;19;2;13;0;7;-2;1;-4;-5;-5;-10;-6;-15;-7;-19;-9;-22;-10;-6;-3;0;0;0;0;0;0;0;0;0;0;0;0;0;0;0;0;0;0;1;-1;5;0;8;3;12;7;16;10;19;14;22;18;23;21;24;24;23;25;22;25;20;23;16;21;12;17;7;12;1;7;-4;2;-10;-4;-16;-10;-22;-16;-27;-21;-31;-25;-34;-27;-37;-29;-38;-29;-38;-28;-36;-27;100;0;-7;-24;-7;-23;-7;-22;-7;-21;-7;-20;-7;-19;-7;-19;-7;-18;-8;-17;-8;-16;-8;-16;-8;-15;-8;-15;-8;-15;-9;-14;-9;-14;-9;-14;-8;-14;-8;-13;-8;-13;-8;-13;-8;-13;-8;-12;-8;-12;-7;-12;-7;-12;-6;-12;-6;-12;-2;-5;-1;-2;0;0;0;0;0;0;-2;-1;-4;-4;-9;-11;-9;-11;-9;-12;-9;-13;-8;-14;-9;-15;-8;-15;-8;-16;-8;-17;-8;-18;-7;-19;-7;-20;-7;-20;-7;-20;-6;-20;-6;-20;-6;-21;-6;-21;-6;-22;-5;-22;-6;-23;-6;-23;-6;-23;-6;-23;-6;-24;-6;-24;-6;-24;-6;-24;100;0;-23;1;-23;1;-23;1;-23;1;-22;1;-21;2;-21;2;-20;3;-20;3;-20;3;-20;4;-19;4;-19;4;-19;3;-19;3;-19;3;-19;3;-19;3;-18;2;-18;2;-18;1;-18;1;-18;0;-17;0;-17;-1;-17;-2;-17;-3;-17;-4;-6;-2;-2;-1;0;0;0;-1;0;-1;-2;0;-5;0;-12;1;-12;1;-12;0;-12;0;-13;-1;-13;-1;-14;-1;-14;-1;-15;-1;-15;-1;-16;-2;-16;-2;-16;-2;-16;-2;-17;-2;-17;-2;-17;-2;-18;-2;-18;-2;-19;-2;-19;-1;-20;-1;-21;-1;-21;0;-22;0;-23;0;-23;0;-23;0,stable,EXP_S045,ZONE_01,entree_zone,4.7,entree_zone,entree dans la zone
897372959,-56,6,a0:9f:7a:73:2b:3e,384,-110;-96;8;0;-16;-17;-10;-10;-5;-3;0;4;5;10;10;14;14;19;18;22;21;23;23;24;25;24;25;24;25;23;23;21;21;18;18;14;15;10;11;6;7;1;4;-3;0;-7;-3;-11;-6;-15;-8;-19;-10;-21;-3;-6;0;0;0;0;0;0;0;0;0;0;0;0;0;0;0;0;0;0;0;-1;5;0;8;2;12;5;16;9;20;12;23;16;24;19;25;22;25;23;23;23;20;22;16;20;12;16;7;11;2;6;-3;0;-8;-6;-13;-12;-18;-18;-22;-24;-26;-29;-28;-33;-30;-35;-31;-35;-30;-35;-29;-34;106;0;1;-23;1;-22;1;-22;1;-21;0;-20;0;-19;0;-19;-1;-18;-2;-18;-2;-17;-2;-17;-2;-16;-2;-16;-2;-16;-2;-16;-3;-16;-3;-15;-3;-15;-3;-14;-3;-14;-3;-14;-2;-13;-2;-13;-2;-13;-2;-13;-2;-13;-1;-13;-1;-12;-1;-5;0;-2;0;0;0;0;0;0;-1;-2;-2;-5;-6;-12;-5;-13;-4;-13;-4;-14;-4;-15;-4;-16;-3;-16;-3;-17;-3;-17;-2;-18;-1;-19;-1;-19;0;-20;0;-20;1;-20;1;-20;1;-20;1;-20;2;-21;2;-21;1;-22;1;-22;1;-23;1;-23;2;-23;2;-23;2;-24;2;-24;106;0;-22;-7;-22;-7;-22;-7;-22;-7;-22;-7;-21;-6;-20;-5;-20;-4;-20;-4;-20;-3;-20;-3;-20;-3;-19;-4;-19;-4;-19;-4;-19;-4;-19;-4;-19;-4;-19;-4;-19;-5;-18;-5;-18;-6;-17;-6;-16;-7;-16;-8;-15;-8;-15;-9;-14;-10;-5;-4;-2;-2;0;0;0;0;0;0;-2;-1;-5;-1;-12;-2;-12;-3;-12;-4;-12;-4;-12;-4;-13;-5;-13;-5;-14;-5;-15;-6;-15;-6;-15;-7;-15;-7;-15;-7;-15;-7;-16;-8;-16;-8;-16;-8;-17;-8;-17;-8;-17;-8;-18;-7;-19;-7;-20;-7;-21;-7;-21;-7;-22;-8;-22;-8;-22;-8,stable,EXP_S045,ZONE_01,entree_zone,4.7,entree_zone,entree dans la zone
897575639,-55,6,a0:9f:7a:73:2b:3e,384,-110;-96;8;0;-6;-23;-5;-15;-3;-5;-1;4;0;12;2;18;4;24;6;29;8;31;10;33;12;34;13;34;12;33;12;31;11;27;10;23;9;17;7;11;6;5;4;-1;3;-7;2;-12;1;-17;0;-21;0;-24;0;-7;0;0;0;0;0;0;0;0;0;0;0;0;0;0;0;0;0;0;0;0;4;2;6;6;8;11;10;16;12;22;13;26;13;30;12;33;11;34;9;33;7;31;5;27;3;21;0;14;-2;7;-4;-1;-5;-10;-7;-18;-8;-26;-9;-33;-9;-39;-10;-44;-11;-46;-12;-48;-12;-47;-11;-45;95;0;11;-22;11;-21;10;-20;10;-19;9;-18;9;-18;8;-17;8;-17;7;-17;6;-17;6;-16;5;-16;5;-16;5;-16;5;-15;5;-15;4;-15;4;-15;4;-15;4;-14;4;-14;5;-13;5;-13;5;-13;5;-13;5;-12;5;-12;6;-12;2;-4;0;-2;-1;0;0;0;-1;0;-1;-2;-1;-5;-1;-14;-1;-14;0;-15;1;-15;2;-16;2;-16;2;-17;3;-17;4;-18;5;-18;6;-19;7;-19;8;-19;8;-19;9;-19;9;-19;9;-19;9;-19;10;-19;10;-20;10;-20;11;-21;11;-21;11;-21;11;-21;12;-21;12;-21;12;-21;95;0;-18;-17;-18;-17;-18;-16;-18;-16;-17;-16;-17;-15;-17;-14;-17;-14;-16;-13;-16;-13;-16;-13;-16;-13;-16;-13;-16;-13;-16;-13;-16;-13;-16;-13;-15;-13;-15;-13;-14;-14;-14;-14;-13;-14;-12;-14;-11;-14;-11;-15;-10;-15;-9;-16;-8;-16;-3;-6;-1;-2;0;0;0;0;0;0;-2;-1;-4;-2;-11;-6;-11;-7;-11;-7;-11;-8;-11;-8;-11;-9;-11;-9;-12;-10;-12;-11;-12;-11;-12;-12;-12;-12;-12;-13;-12;-13;-12;-14;-12;-14;-13;-14;-13;-14;-13;-15;-14;-15;-14;-15;-15;-15;-16;-15;-16;-16;-17;-16;-17;-17;-18;-17;-18;-17,stable,EXP_S045,ZONE_01,entree_zone,4.7,entree_zone,entree dans la zone
897772596,-56,6,a0:9f:7a:73:2b:3e,384,-110;-96;8;0;-9;22;-5;13;-2;5;1;-4;4;-11;6;-18;7;-25;7;-29;7;-33;6;-36;5;-37;4;-38;3;-36;2;-34;1;-30;0;-26;-1;-20;-2;-14;-4;-8;-5;-2;-6;4;-6;9;-7;15;-8;19;-9;22;-3;5;0;0;0;0;0;0;0;0;0;0;0;0;0;0;0;0;0;0;-1;-2;-1;-6;0;-10;2;-15;4;-20;7;-25;9;-29;11;-32;13;-33;15;-33;15;-31;15;-28;14;-24;12;-19;9;-12;6;-5;2;2;-2;9;-6;17;-10;24;-13;31;-16;36;-18;40;-19;43;-19;45;-18;44;-17;42;90;0;-22;12;-21;11;-20;11;-19;11;-18;11;-17;11;-17;11;-16;11;-15;11;-14;11;-13;11;-13;11;-13;11;-12;11;-12;11;-12;11;-11;11;-11;11;-11;11;-11;10;-10;10;-10;10;-10;10;-10;9;-10;9;-10;9;-10;8;-10;8;-4;2;-2;0;0;-1;0;-1;0;-1;-1;1;-4;3;-9;10;-10;10;-11;9;-12;9;-12;10;-13;10;-14;10;-15;10;-15;10;-16;10;-17;9;-18;9;-18;9;-19;9;-19;8;-19;9;-19;9;-20;9;-20;9;-20;9;-21;9;-21;10;-21;10;-22;10;-22;10;-22;10;-23;10;-23;10;90;0;6;22;6;22;6;22;7;21;7;21;7;20;7;19;7;18;8;18;8;17;8;17;8;17;8;17;8;17;8;17;8;17;8;17;8;17;8;17;7;17;6;17;6;17;5;16;4;16;4;16;3;16;2;16;1;16;0;6;0;1;-1;-1;-1;-1;-1;-1;0;1;1;4;3;11;3;11;2;11;2;12;2;12;2;13;2;13;2;14;2;15;1;15;1;16;1;16;1;16;1;16;1;16;1;17;1;17;1;18;1;18;2;18;3;19;3;19;4;20;4;21;5;21;5;22;5;22;5;22,stable,EXP_S045,ZONE_01,entree_zone,4.7,entree_zone,entree dans la zone
897974256,-56,6,a0:9f:7a:73:2b:3e,384,-110;-96;8;0;17;-12;10;-8;3;-3;-3;1;-9;6;-14;10;-18;14;-20;17;-21;20;-22;22;-22;24;-22;25;-20;25;-18;23;-15;21;-13;18;-9;15;-6;11;-2;6;2;2;5;-2;8;-6;11;-9;13;-12;15;-14;4;-4;0;0;0;0;0;0;0;0;0;0;0;0;0;0;0;0;0;0;-1;0;-3;4;-6;6;-11;8;-15;11;-19;12;-23;14;-26;14;-28;14;-29;13;-29;12;-27;10;-24;8;-19;5;-14;2;-8;-1;-1;-4;6;-7;13;-10;19;-13;25;-16;30;-19;33;-21;35;-22;36;-23;35;-23;34;-23;88;0;21;2;20;2;19;1;18;1;18;1;17;1;17;1;16;0;16;-1;15;-1;15;-2;14;-2;14;-2;14;-2;14;-2;14;-2;14;-3;13;-3;13;-3;12;-2;12;-2;12;-2;12;-2;12;-2;11;-2;11;-2;11;-2;11;-1;4;-1;1;-1;-1;0;-1;0;-1;0;1;-1;4;-2;11;-4;12;-4;12;-3;13;-3;14;-2;14;-2;15;-2;15;-1;16;-1;16;0;17;0;17;1;18;1;18;1;18;2;18;2;18;2;18;3;19;3;19;3;20;3;20;3;20;3;20;2;21;3;21;3;21;3;21;3;88;0;6;-20;6;-20;6;-20;6;-20;6;-19;5;-19;5;-18;4;-18;3;-17;3;-17;3;-17;3;-17;3;-17;3;-17;3;-17;3;-17;3;-17;3;-17;4;-17;4;-16;4;-16;5;-15;5;-15;5;-15;6;-14;6;-14;7;-13;8;-13;3;-5;1;-2;-1;0;-1;0;-1;0;0;-2;0;-4;2;-11;2;-11;3;-11;3;-11;4;-11;4;-11;4;-12;5;-12;5;-13;6;-13;6;-13;7;-13;7;-13;7;-13;7;-14;7;-14;7;-15;8;-15;7;-15;7;-15;7;-16;7;-17;7;-17;7;-18;7;-19;7;-19;7;-19;7;-20,stable,EXP_S045,ZONE_01,entree_zone,4.7,entree_zone,entree dans la zone
898172242,-56,6,a0:9f:7a:73:2b:3e,384,-110;-96;8;0;0;22;0;13;1;4;0;-5;0;-12;-1;-19;-2;-25;-3;-30;-5;-32;-6;-35;-7;-36;-8;-36;-9;-35;-9;-32;-9;-28;-8;-24;-7;-18;-7;-12;-6;-6;-5;0;-4;5;-3;10;-3;15;-2;20;-2;23;-1;6;0;0;0;0;0;0;0;0;0;0;0;0;0;0;0;0;0;0;-1;-1;-4;-5;-4;-9;-5;-14;-5;-20;-5;-25;-5;-29;-4;-33;-3;-35;-1;-35;0;-34;1;-31;2;-27;3;-22;3;-15;3;-7;2;1;2;9;1;17;1;25;1;33;0;38;0;43;0;45;0;47;1;46;1;44;91;0;-18;15;-17;15;-16;15;-16;14;-15;14;-14;14;-13;13;-12;13;-11;13;-11;13;-10;13;-9;13;-9;13;-9;13;-8;13;-8;13;-8;13;-8;12;-7;12;-7;12;-7;11;-7;11;-7;11;-7;11;-7;11;-7;10;-7;10;-7;10;-3;3;-1;1;0;-1;0;-1;0;-1;-1;1;-3;4;-7;11;-7;11;-8;11;-9;11;-10;11;-10;12;-11;12;-12;12;-13;12;-13;12;-14;12;-15;12;-15;12;-16;12;-16;12;-16;12;-17;12;-17;12;-17;13;-17;13;-17;13;-18;13;-18;14;-18;14;-18;14;-18;15;-18;15;-18;15;91;0;11;19;11;19;11;19;12;18;12;18;11;17;12;16;12;16;12;15;12;14;12;14;12;14;12;14;12;13;12;13;12;14;12;14;12;14;11;14;11;14;10;14;10;14;9;14;9;14;8;14;7;14;7;15;6;15;2;5;0;1;-1;-1;-1;-1;-1;-1;0;1;2;3;5;9;5;10;5;10;4;11;4;11;4;11;4;12;5;13;5;13;5;14;4;14;4;15;4;15;4;15;5;15;5;16;5;16;5;16;6;16;6;17;7;17;8;18;8;18;9;18;9;19;10;19;11;19;11;19,stable,EXP_S045,ZONE_01,entree_zone,4.7,entree_zone,entree dans la zone
898373472,-56,6,a0:9f:7a:73:2b:3e,384,-110;-96;8;0;19;8;12;4;4;0;-4;-3;-11;-6;-17;-9;-23;-10;-27;-11;-31;-11;-33;-10;-35;-10;-35;-8;-34;-7;-31;-6;-28;-5;-24;-3;-19;-1;-13;0;-8;2;-2;4;3;5;8;6;13;8;17;9;20;10;5;2;0;0;0;0;0;0;0;0;0;0;0;0;0;0;0;0;0;0;-1;0;-6;1;-10;-1;-15;-2;-20;-4;-24;-7;-28;-9;-30;-12;-32;-14;-31;-16;-30;-16;-27;-16;-23;-15;-17;-13;-11;-10;-4;-7;2;-3;9;1;16;6;23;10;29;13;34;16;38;18;40;19;41;19;40;19;39;18;92;0;8;21;8;20;8;19;8;18;8;17;8;16;8;16;8;15;9;14;9;13;9;12;9;12;9;12;9;11;9;11;9;11;9;10;9;10;9;10;8;10;8;9;8;9;8;9;8;9;8;9;7;9;7;9;7;9;2;3;0;1;-1;-1;-1;-1;-1;-1;1;0;3;3;9;9;9;9;8;10;8;11;8;12;8;13;8;13;8;14;8;15;8;15;8;16;7;17;7;17;7;18;7;18;7;18;6;18;6;19;6;19;6;20;7;20;7;20;7;20;8;20;8;21;8;21;8;21;8;21;92;0;22;-6;22;-6;21;-6;21;-6;20;-6;20;-6;19;-6;18;-7;17;-7;17;-8;17;-8;17;-8;17;-8;17;-8;17;-8;17;-8;17;-8;17;-7;17;-7;16;-7;16;-6;16;-5;16;-5;16;-4;16;-4;16;-3;16;-2;16;-2;5;-1;1;0;-1;0;-1;0;-1;0;1;-1;3;-2;11;-3;11;-3;11;-2;12;-2;12;-2;12;-2;13;-2;14;-2;14;-1;15;-1;15;-1;15;-1;15;0;15;0;16;-1;16;-1;17;-1;17;-1;17;-1;18;-1;18;-2;19;-3;19;-3;20;-4;21;-4;21;-4;22;-5;22;-5,stable,EXP_S045,ZONE_01,entree_zone,4.7,entree_zone,entree dans la zone
898572493,-56,6,a0:9f:7a:73:2b:3e,384,-110;-96;8;0;-21;-7;-13;-4;-4;-1;4;2;10;5;17;6;23;7;27;8;30;7;32;6;34;5;34;4;32;4;30;3;27;2;22;0;17;-1;12;-3;6;-4;0;-5;-5;-6;-10;-7;-14;-8;-18;-9;-21;-10;-6;-3;0;0;0;0;0;0;0;0;0;0;0;0;0;0;0;0;0;0;0;-1;5;-2;9;-2;14;0;19;1;24;3;27;5;30;7;31;9;31;11;30;11;27;12;23;11;17;10;11;7;4;5;-3;2;-11;-2;-18;-5;-25;-8;-31;-11;-36;-13;-40;-15;-42;-16;-43;-16;-43;-15;-41;-15;104;0;-11;-21;-10;-20;-10;-19;-9;-18;-9;-17;-9;-17;-10;-16;-10;-15;-10;-14;-10;-14;-10;-13;-10;-13;-10;-12;-10;-12;-10;-12;-10;-12;-10;-11;-10;-11;-10;-10;-9;-10;-9;-10;-9;-10;-9;-10;-9;-10;-9;-10;-9;-10;-8;-10;-8;-10;-3;-4;-1;-2;0;0;0;0;0;0;-2;-1;-4;-3;-10;-9;-10;-10;-10;-11;-10;-12;-10;-12;-10;-13;-10;-13;-10;-14;-10;-15;-10;-16;-10;-17;-9;-17;-9;-18;-9;-18;-9;-18;-9;-18;-8;-18;-8;-19;-8;-19;-8;-20;-9;-20;-9;-21;-9;-20;-10;-21;-9;-21;-9;-21;-9;-22;-9;-22;104;0;-22;5;-22;6;-22;6;-21;6;-21;6;-20;6;-19;6;-19;7;-18;7;-18;7;-18;7;-18;7;-18;7;-17;7;-17;7;-17;7;-17;7;-17;7;-17;7;-17;7;-17;6;-17;5;-17;4;-17;4;-17;3;-17;2;-17;1;-17;1;-6;0;-2;-1;0;-1;0;-1;0;-1;-2;0;-4;1;-12;3;-12;2;-12;2;-12;1;-12;1;-13;2;-13;2;-14;2;-15;2;-15;1;-15;1;-16;0;-16;0;-16;0;-17;0;-17;0;-18;1;-18;1;-18;1;-18;1;-19;2;-19;3;-20;4;-21;4;-21;4;-22;4;-22;4;-22;4,stable,EXP_S045,ZONE_01,entree_zone,4.7,entree_zone,entree dans la zone
898773994,-56,6,a0:9f:7a:73:2b:3e,384,-110;-96;8;0;-9;19;-5;11;-1;3;2;-5;4;-12;6;-18;7;-24;7;-28;7;-32;6;-34;5;-35;4;-35;2;-33;1;-31;0;-28;-1;-24;-2;-19;-3;-13;-4;-7;-5;-1;-6;4;-6;10;-7;14;-7;18;-8;21;-2;5;0;0;0;0;0;0;0;0;0;0;0;0;0;0;0;0;0;0;-1;-2;-2;-6;0;-10;2;-15;4;-20;7;-24;10;-27;12;-30;14;-31;16;-31;17;-29;16;-26;15;-22;13;-16;10;-10;6;-4;2;3;-2;10;-6;17;-10;23;-13;30;-16;34;-18;38;-20;41;-20;42;-19;40;-17;38;87;0;-19;13;-18;13;-17;12;-17;11;-16;11;-16;11;-15;11;-14;11;-13;12;-12;12;-11;11;-11;11;-11;11;-11;11;-10;11;-10;11;-9;11;-9;11;-8;10;-8;10;-8;9;-8;9;-9;9;-8;10;-8;10;-8;9;-8;9;-8;8;-3;3;-1;0;0;-1;0;-1;0;-1;-1;1;-3;4;-7;11;-8;11;-9;11;-10;11;-11;11;-11;11;-12;12;-12;12;-13;11;-14;11;-15;11;-16;11;-17;11;-17;12;-17;11;-17;11;-17;11;-18;10;-18;11;-19;11;-19;12;-19;12;-19;12;-19;12;-19;12;-20;12;-20;12;-21;12;87;0;9;19;9;19;10;19;9;19;9;19;9;18;9;17;9;16;10;15;10;15;11;15;11;15;10;15;10;15;10;14;10;14;10;14;10;14;10;15;9;15;8;15;8;15;7;15;6;14;6;14;5;15;4;15;4;16;1;5;0;1;-1;-1;-1;-1;-1;-1;0;0;2;3;5;10;5;10;4;10;4;10;3;11;4;11;4;12;4;13;4;14;4;14;3;14;3;14;3;14;3;14;4;15;4;15;4;16;4;16;4;17;4;17;5;17;6;17;7;18;8;18;8;19;8;20;8;20;8;20,stable,EXP_S045,ZONE_01,entree_zone,4.7,entree_zone,entree dans la zone
898975420,-56,6,a0:9f:7a:73:2b:3e,384,-110;-96;8;0;-5;-22;-4;-13;-2;-4;0;4;2;11;4;18;6;23;9;27;11;30;13;31;15;32;16;31;16;30;16;27;15;23;13;19;11;14;9;9;6;3;4;-2;1;-7;-1;-12;-4;-16;-5;-20;-6;-23;-2;-6;0;0;0;0;0;0;0;0;0;0;0;0;0;0;0;0;0;0;0;0;3;3;4;7;6;13;7;18;7;23;7;28;6;31;5;34;4;34;2;33;1;30;0;26;-2;20;-3;13;-4;6;-4;-2;-5;-10;-6;-18;-6;-26;-7;-33;-7;-39;-8;-43;-9;-46;-9;-47;-9;-46;-9;-44;102;0;8;-23;8;-22;7;-21;7;-20;7;-19;6;-19;6;-18;5;-18;4;-17;3;-17;2;-17;2;-16;2;-16;1;-16;1;-16;1;-16;1;-16;0;-15;0;-15;0;-14;1;-14;1;-14;0;-14;0;-14;0;-13;0;-13;1;-13;1;-13;0;-5;0;-2;-1;0;0;0;-1;0;-1;-2;-1;-5;-1;-14;0;-14;1;-15;1;-15;2;-16;2;-17;3;-17;3;-17;4;-18;5;-18;6;-18;6;-19;7;-19;7;-19;7;-19;8;-19;8;-19;8;-19;9;-19;9;-20;9;-21;9;-21;9;-21;9;-21;9;-21;9;-22;9;-22;9;-22;102;0;-20;-13;-20;-13;-20;-13;-19;-12;-19;-12;-19;-11;-18;-10;-18;-9;-18;-8;-18;-8;-18;-8;-18;-8;-18;-8;-18;-8;-18;-8;-18;-8;-18;-8;-17;-8;-17;-8;-17;-9;-17;-9;-16;-9;-15;-9;-15;-10;-14;-10;-14;-11;-13;-11;-12;-12;-5;-5;-2;-2;0;0;0;0;0;0;-2;-1;-4;-2;-11;-6;-10;-7;-10;-8;-10;-8;-10;-8;-10;-9;-11;-9;-11;-9;-12;-10;-12;-11;-12;-11;-12;-12;-12;-12;-12;-12;-12;-12;-13;-12;-13;-13;-13;-13;-13;-13;-14;-13;-15;-13;-16;-12;-17;-12;-18;-13;-18;-13;-19;-14;-19;-14;-19;-14,stable,EXP_S045,ZONE_01,entree_zone,4.7,entree_zone,entree dans la zone
899172623,-56,6,a0:9f:7a:73:2b:3e,384,-110;-96;8;0;-10;-18;-7;-11;-4;-4;0;3;3;10;7;15;10;19;12;22;15;24;17;25;18;25;18;25;19;23;18;21;17;18;15;15;12;11;9;6;6;2;3;-3;0;-7;-2;-11;-4;-14;-6;-18;-7;-20;-2;-6;0;0;0;0;0;0;0;0;0;0;0;0;0;0;0;0;0;0;0;0;4;2;6;5;8;9;11;13;13;17;14;21;15;24;15;26;14;27;12;26;10;25;8;22;5;17;2;12;-1;6;-3;0;-6;-7;-9;-14;-12;-20;-14;-26;-16;-31;-17;-34;-18;-37;-19;-38;-18;-37;-18;-36;93;0;0;-21;0;-21;0;-20;0;-19;0;-18;-1;-18;-1;-17;-2;-17;-2;-16;-3;-15;-4;-14;-4;-14;-4;-14;-4;-14;-4;-14;-4;-14;-5;-13;-5;-13;-4;-12;-4;-12;-4;-12;-4;-12;-4;-12;-4;-12;-4;-11;-4;-11;-4;-11;-3;-11;-2;-4;-1;-2;0;0;0;0;0;0;-1;-2;-2;-4;-4;-11;-3;-12;-3;-12;-2;-13;-2;-14;-2;-14;-2;-15;-2;-15;-1;-16;0;-16;0;-17;1;-18;1;-18;1;-18;1;-18;1;-18;1;-18;2;-18;2;-19;2;-19;2;-20;2;-20;1;-21;1;-21;1;-21;2;-21;2;-21;2;-21;93;0;-20;-5;-20;-5;-20;-5;-20;-5;-20;-5;-19;-4;-18;-4;-18;-3;-18;-2;-18;-2;-18;-1;-18;-1;-18;-1;-17;-1;-17;-1;-17;-1;-17;-1;-17;-1;-17;-2;-17;-2;-17;-3;-16;-3;-16;-3;-16;-3;-15;-4;-15;-4;-15;-5;-14;-6;-5;-3;-2;-1;0;0;0;0;0;0;-2;-1;-4;-1;-11;-3;-11;-4;-11;-4;-10;-5;-11;-5;-11;-5;-12;-5;-12;-6;-13;-6;-13;-7;-13;-7;-13;-7;-13;-7;-13;-7;-14;-7;-14;-7;-15;-8;-15;-8;-15;-8;-15;-8;-16;-7;-17;-7;-18;-6;-19;-6;-20;-6;-20;-6;-20;-6;-20;-6,stable,EXP_S045,ZONE_01,entree_zone,4.7,entree_zone,entree dans la zone
899372683,-56,6,a0:9f:7a:73:2b:3e,384,-110;-96;8;0;-17;-15;-11;-9;-4;-3;2;3;8;8;14;12;19;15;23;17;27;17;29;18;31;17;31;16;31;15;29;13;26;11;22;8;18;5;12;2;7;-1;2;-4;-3;-7;-8;-9;-12;-12;-16;-14;-18;-16;-5;-5;0;0;0;0;0;0;0;0;0;0;0;0;0;0;0;0;0;0;1;-1;5;0;8;3;12;7;16;11;19;15;22;18;23;22;24;24;23;25;21;25;19;24;15;22;11;17;6;12;1;7;-4;1;-9;-5;-15;-12;-20;-18;-25;-23;-28;-27;-31;-31;-33;-32;-35;-33;-34;-33;-33;-31;99;0;-4;-24;-4;-23;-4;-22;-4;-21;-4;-21;-4;-20;-5;-19;-5;-18;-6;-18;-6;-17;-7;-16;-7;-15;-7;-15;-7;-15;-7;-15;-7;-15;-7;-14;-7;-14;-7;-13;-7;-13;-7;-13;-7;-13;-7;-12;-7;-12;-7;-12;-6;-12;-6;-12;-6;-12;-2;-5;-1;-2;0;0;0;0;0;0;-1;-2;-3;-5;-7;-12;-7;-13;-6;-13;-6;-14;-5;-15;-5;-16;-5;-16;-5;-17;-5;-18;-4;-19;-4;-19;-3;-20;-3;-20;-3;-21;-3;-21;-3;-21;-2;-21;-2;-21;-2;-22;-2;-22;-2;-23;-3;-23;-3;-23;-3;-24;-3;-24;-3;-24;-3;-25;-3;-25;99;0;-23;-2;-23;-2;-23;-2;-23;-1;-22;-1;-22;-1;-21;0;-21;1;-20;1;-20;2;-20;2;-20;2;-20;2;-19;2;-19;2;-19;2;-19;2;-19;2;-19;1;-19;1;-19;1;-18;0;-18;0;-18;-1;-17;-2;-17;-2;-17;-4;-17;-4;-6;-2;-2;-1;0;0;0;0;0;0;-2;0;-5;-1;-12;-1;-12;-2;-12;-2;-12;-3;-13;-3;-13;-3;-14;-3;-14;-4;-15;-4;-15;-4;-15;-5;-16;-5;-16;-5;-16;-5;-16;-5;-17;-5;-17;-5;-17;-5;-18;-5;-18;-5;-19;-4;-20;-3;-21;-3;-22;-3;-22;-3;-23;-3;-23;-3;-23;-2,stable,EXP_S045,ZONE_01,entree_zone,4.7,entree_zone,entree dans la zone
899575444,-55,6,a0:9f:7a:73:2b:3e,384,-110;-96;8;0;-24;-3;-15;-2;-5;-1;4;-1;12;-2;19;-2;25;-4;29;-6;32;-8;34;-10;35;-11;35;-13;33;-13;30;-14;26;-13;22;-12;16;-11;11;-9;4;-6;-1;-4;-7;-1;-12;1;-17;4;-21;5;-23;7;-6;1;0;0;0;0;0;0;0;0;0;0;0;0;0;0;0;0;0;0;1;-1;5;-2;9;-1;15;1;20;3;25;6;29;8;32;10;33;12;33;13;31;14;29;14;24;13;19;11;12;9;4;6;-4;4;-12;1;-20;-1;-27;-4;-34;-5;-40;-7;-45;-8;-48;-8;-49;-7;-48;-7;-46;-6;90;0;-18;-18;-18;-18;-17;-17;-17;-16;-16;-15;-16;-14;-16;-13;-16;-12;-16;-11;-16;-11;-16;-10;-15;-9;-15;-9;-15;-9;-15;-9;-15;-9;-15;-8;-15;-8;-15;-8;-14;-8;-14;-7;-14;-7;-13;-7;-13;-7;-13;-7;-13;-7;-12;-8;-12;-8;-4;-3;-2;-1;0;0;0;0;0;0;-2;-1;-5;-2;-14;-6;-14;-7;-14;-8;-14;-9;-14;-10;-15;-10;-15;-11;-15;-11;-15;-12;-15;-13;-16;-14;-16;-15;-16;-16;-16;-16;-16;-16;-16;-16;-15;-17;-15;-17;-16;-18;-16;-18;-16;-18;-17;-18;-17;-18;-17;-18;-18;-19;-18;-19;-18;-19;-18;-20;90;0;-20;12;-20;12;-19;12;-19;12;-19;12;-18;12;-17;12;-16;12;-15;12;-15;13;-14;13;-14;13;-15;13;-15;13;-14;13;-14;12;-14;12;-14;12;-14;12;-15;11;-15;11;-15;10;-15;9;-15;9;-15;8;-15;7;-16;7;-16;6;-6;2;-2;0;0;-1;0;-1;0;-1;-1;0;-4;2;-10;6;-11;6;-11;6;-11;5;-12;5;-12;5;-13;5;-13;6;-14;6;-15;6;-15;5;-15;5;-15;5;-16;5;-16;6;-16;6;-17;6;-17;6;-17;7;-17;7;-17;8;-18;9;-18;10;-19;10;-20;11;-20;11;-20;11;-20;11,stable,EXP_S045,ZONE_01,entree_zone,4.7,entree_zone,entree dans la zone
899773055,-55,6,a0:9f:7a:73:2b:3e,384,-110;-96;8;0;-22;-12;-14;-7;-5;-2;3;2;10;5;17;8;23;10;28;10;31;10;34;9;36;9;36;8;35;7;33;6;29;4;25;2;19;1;13;-1;7;-3;1;-4;-5;-6;-10;-7;-15;-8;-20;-10;-22;-11;-6;-3;0;0;0;0;0;0;0;0;0;0;0;0;0;0;0;0;0;0;0;-1;5;-1;9;1;14;4;19;7;23;10;26;14;29;16;30;19;29;20;28;20;25;20;21;18;16;15;10;11;3;7;-4;2;-11;-3;-18;-8;-24;-13;-30;-17;-36;-21;-39;-23;-42;-24;-43;-24;-43;-24;-41;-23;94;0;-5;-25;-5;-24;-5;-23;-5;-22;-6;-21;-6;-20;-6;-19;-6;-19;-7;-18;-7;-17;-7;-17;-8;-16;-8;-16;-8;-16;-8;-15;-8;-15;-8;-15;-8;-14;-8;-14;-8;-14;-8;-13;-8;-13;-7;-13;-7;-13;-7;-13;-7;-13;-6;-13;-6;-13;-2;-5;-1;-2;0;0;0;0;0;0;-1;-2;-3;-5;-8;-12;-7;-13;-7;-14;-7;-15;-6;-15;-6;-16;-6;-17;-6;-18;-6;-18;-6;-19;-5;-20;-5;-20;-4;-21;-4;-21;-4;-21;-3;-22;-3;-22;-3;-22;-3;-23;-3;-23;-3;-23;-4;-24;-4;-24;-4;-24;-4;-25;-4;-25;-4;-25;-4;-26;94;0;-24;-1;-24;-1;-24;-1;-23;0;-23;0;-22;0;-22;1;-21;2;-21;2;-21;2;-20;2;-20;2;-20;3;-20;3;-20;3;-20;3;-20;3;-20;2;-20;2;-19;2;-19;1;-19;0;-18;0;-18;-1;-18;-1;-18;-2;-17;-3;-17;-4;-6;-2;-2;-1;0;0;0;0;0;0;-2;0;-5;-1;-13;-1;-13;-1;-13;-2;-13;-2;-13;-3;-14;-3;-14;-3;-15;-3;-15;-3;-16;-4;-16;-4;-16;-5;-17;-5;-17;-5;-17;-5;-18;-5;-18;-5;-18;-5;-19;-4;-19;-4;-20;-3;-21;-3;-22;-3;-22;-2;-23;-2;-24;-2;-24;-2;-24;-2,stable,EXP_S045,ZONE_01,entree_zone,4.7,entree_zone,entree dans la zone
899974941,-56,6,a0:9f:7a:73:2b:3e,384,-110;-96;8;0;-24;-2;-15;-1;-5;0;3;1;11;1;18;1;24;1;29;0;32;-2;34;-4;35;-5;35;-6;34;-6;31;-6;28;-6;23;-6;18;-6;12;-6;6;-5;0;-5;-6;-5;-12;-4;-16;-3;-21;-4;-23;-4;-6;-1;0;0;0;0;0;0;0;0;0;0;0;0;0;0;0;0;0;0;0;-1;4;-3;8;-4;14;-4;19;-4;24;-3;29;-2;32;-1;34;1;35;2;33;3;30;4;26;4;20;4;13;4;6;3;-2;3;-11;1;-19;0;-26;-1;-33;-2;-39;-4;-43;-4;-46;-4;-48;-3;-47;-3;-45;-3;90;0;-17;-17;-17;-16;-16;-16;-16;-15;-15;-14;-15;-13;-15;-13;-15;-12;-15;-11;-15;-10;-14;-10;-14;-9;-14;-9;-14;-9;-14;-9;-14;-8;-14;-8;-14;-8;-13;-8;-13;-7;-13;-7;-12;-7;-12;-7;-12;-7;-12;-7;-11;-7;-11;-7;-11;-8;-4;-3;-2;-1;0;0;0;0;0;0;-2;-1;-5;-2;-13;-5;-13;-6;-13;-7;-14;-8;-14;-8;-14;-9;-14;-10;-15;-10;-15;-11;-15;-12;-15;-12;-15;-13;-15;-14;-15;-15;-15;-15;-15;-15;-15;-16;-14;-16;-15;-16;-15;-17;-15;-17;-16;-17;-16;-17;-16;-17;-17;-17;-17;-17;-17;-18;-17;-18;90;0;-20;12;-20;12;-19;12;-19;12;-18;12;-18;12;-17;12;-16;12;-16;12;-15;12;-15;12;-15;12;-15;12;-15;12;-15;12;-14;12;-14;12;-15;12;-15;12;-15;11;-15;10;-15;10;-15;9;-15;8;-16;8;-16;7;-16;6;-16;5;-6;1;-2;0;0;-1;0;-1;0;-1;-1;0;-4;2;-10;6;-10;6;-11;6;-11;6;-12;6;-12;6;-13;6;-13;6;-14;6;-14;6;-15;6;-15;6;-16;5;-16;5;-16;6;-17;6;-17;6;-17;6;-17;7;-17;7;-17;8;-18;9;-18;10;-19;10;-19;11;-20;11;-20;11;-20;12,stable,EXP_S045,ZONE_01,entree_zone,4.7,entree_zone,entree dans la zone
900174791,-55,6,a0:9f:7a:73:2b:3e,384,-110;-96;8;0;0;-23;-1;-14;-1;-5;-1;4;-1;12;0;19;1;25;3;30;4;33;6;35;7;36;8;36;9;34;9;32;8;28;8;23;7;18;6;12;5;5;4;-1;2;-7;1;-12;0;-17;0;-22;-1;-25;-1;-7;0;0;0;0;0;0;0;0;0;0;0;0;0;0;0;0;0;0;0;0;2;4;2;9;2;14;2;20;1;25;0;30;-1;33;-2;35;-4;36;-5;34;-6;31;-6;27;-6;20;-6;13;-5;5;-4;-3;-3;-11;-1;-19;0;-27;0;-35;1;-41;2;-45;2;-48;2;-49;1;-48;1;-46;98;0;16;-19;15;-18;14;-18;14;-17;13;-16;12;-16;11;-16;11;-16;10;-16;9;-16;8;-15;8;-15;8;-15;7;-15;7;-15;7;-15;7;-15;6;-15;6;-14;6;-14;6;-13;6;-13;6;-13;6;-13;6;-13;6;-12;6;-12;7;-12;2;-4;0;-2;-1;0;-1;0;-1;0;0;-2;1;-5;3;-14;4;-14;5;-14;6;-15;7;-15;7;-15;8;-16;8;-16;9;-16;10;-16;11;-16;12;-16;13;-17;13;-16;13;-16;14;-16;14;-16;14;-16;15;-16;15;-17;16;-17;16;-18;16;-18;16;-18;16;-18;16;-18;17;-18;17;-19;98;0;-15;-19;-15;-19;-15;-19;-15;-19;-14;-18;-14;-17;-14;-16;-14;-16;-14;-15;-15;-15;-15;-15;-15;-14;-15;-14;-15;-14;-14;-14;-14;-14;-14;-14;-14;-14;-13;-15;-13;-15;-12;-15;-12;-15;-11;-15;-11;-15;-10;-15;-9;-16;-8;-16;-7;-17;-3;-6;-1;-2;0;0;0;0;0;0;-1;-1;-4;-4;-9;-10;-9;-10;-8;-11;-8;-11;-8;-11;-8;-12;-8;-12;-8;-13;-8;-14;-8;-14;-8;-15;-8;-15;-8;-15;-8;-15;-8;-16;-9;-16;-9;-17;-9;-17;-9;-17;-10;-17;-10;-17;-11;-17;-12;-18;-13;-18;-13;-19;-14;-19;-14;-19;-14;-19,stable,EXP_S045,ZONE_01,entree_zone,4.7,entree_zone,entree dans la zone
900377203,-55,6,a0:9f:7a:73:2b:3e,384,-110;-96;8;0;11;-19;6;-12;2;-4;-2;3;-5;9;-8;15;-9;20;-10;25;-10;28;-9;31;-8;32;-7;32;-6;31;-5;29;-4;26;-3;22;-1;17;0;12;1;6;2;0;3;-5;4;-10;5;-14;5;-18;6;-21;1;-6;0;0;0;0;0;0;0;0;0;0;0;0;0;0;0;0;0;0;0;1;-1;5;-3;8;-7;12;-10;16;-13;19;-16;22;-19;23;-21;24;-22;23;-22;22;-21;20;-19;17;-16;12;-12;7;-7;2;-3;-4;2;-10;7;-15;12;-21;16;-26;20;-30;22;-34;23;-36;23;-38;22;-37;22;-36;91;0;20;-10;19;-9;18;-9;18;-8;17;-8;16;-8;16;-8;15;-9;14;-9;13;-9;13;-9;12;-9;12;-9;12;-9;12;-9;12;-9;12;-9;11;-9;10;-9;10;-9;10;-8;10;-8;10;-8;10;-8;10;-8;10;-7;10;-7;9;-6;3;-3;1;-1;-1;0;-1;0;-1;0;0;-2;2;-4;7;-10;8;-10;9;-10;10;-10;11;-10;11;-10;12;-10;12;-10;13;-10;14;-9;15;-9;16;-9;16;-9;17;-8;17;-8;17;-8;17;-8;18;-7;18;-7;19;-8;19;-8;20;-9;20;-9;20;-9;20;-9;20;-9;21;-9;21;-9;91;0;-5;-21;-5;-21;-5;-21;-5;-21;-4;-20;-4;-19;-4;-19;-5;-18;-6;-17;-6;-17;-6;-17;-6;-17;-6;-17;-6;-17;-6;-17;-6;-17;-6;-16;-5;-17;-5;-17;-4;-17;-4;-17;-3;-16;-2;-16;-2;-16;-1;-15;-1;-16;0;-16;1;-16;0;-6;0;-2;0;0;0;0;0;0;-1;-2;-2;-4;-4;-11;-3;-11;-3;-11;-2;-11;-2;-12;-2;-12;-3;-13;-3;-14;-2;-14;-2;-15;-1;-15;-1;-15;-1;-15;-1;-15;-1;-16;-1;-16;-1;-17;-1;-17;-1;-17;-1;-17;-2;-17;-3;-18;-3;-19;-4;-20;-4;-21;-3;-21;-3;-21;-3;-21,stable,EXP_S045,ZONE_01,entree_zone,4.7,entree_zone,entree dans la zone
900574226,-55,6,a0:9f:7a:73:2b:3e,384,-110;-96;8;0;-12;19;-7;12;-2;5;3;-2;7;-8;10;-14;13;-18;15;-23;16;-26;16;-29;16;-30;15;-30;14;-30;13;-28;11;-25;9;-22;6;-18;3;-13;0;-9;-3;-4;-7;0;-10;4;-12;8;-15;11;-17;12;-5;3;0;0;0;0;0;0;0;0;0;0;0;0;0;0;0;0;0;0;-1;-1;-1;-5;-1;-9;1;-14;2;-19;4;-23;6;-27;8;-30;10;-31;12;-31;13;-30;13;-27;12;-23;10;-18;8;-12;4;-5;1;1;-4;8;-7;14;-11;20;-15;26;-18;31;-21;34;-23;37;-23;38;-23;37;-22;35;98;0;-21;7;-20;7;-19;7;-18;7;-18;6;-17;6;-16;6;-16;7;-15;7;-14;7;-13;7;-13;7;-13;7;-13;7;-13;7;-12;7;-12;7;-12;7;-12;7;-11;7;-11;6;-11;6;-11;6;-11;6;-11;6;-11;6;-11;5;-11;5;-4;1;-2;0;0;-1;0;-1;0;-1;-1;1;-3;3;-9;8;-9;8;-10;8;-11;8;-12;8;-12;8;-13;8;-14;8;-14;8;-15;7;-16;7;-17;7;-17;7;-18;7;-18;6;-18;6;-18;6;-18;6;-19;6;-19;6;-20;6;-20;6;-20;6;-20;6;-21;6;-21;6;-21;6;-21;6;98;0;2;21;2;21;2;21;2;21;2;20;2;20;3;19;3;18;3;18;3;17;4;17;4;17;4;17;4;17;4;17;3;17;3;17;3;17;3;17;2;17;1;16;1;16;0;16;0;15;-1;15;-2;15;-3;15;-3;15;-2;5;-1;1;0;-1;-1;-1;-1;-1;0;1;1;3;3;10;2;11;2;11;1;11;1;12;1;12;1;13;1;13;0;14;0;15;0;15;-1;15;-1;15;-1;15;-1;15;-1;16;-1;16;-1;17;-1;17;-1;17;0;18;0;19;1;19;1;20;1;21;1;21;1;21;1;21,stable,EXP_S045,ZONE_01,entree_zone,4.7,entree_zone,entree dans la zone
900777077,-55,6,a0:9f:7a:73:2b:3e,384,-110;-96;8;0;-10;-21;-8;-13;-5;-6;-2;2;1;9;4;15;6;20;8;24;10;27;12;29;13;30;14;30;14;29;14;27;13;24;11;20;10;16;8;10;6;5;4;-1;2;-6;1;-10;0;-15;-1;-19;-1;-22;-1;-6;0;0;0;0;0;0;0;0;0;0;0;0;0;0;0;0;0;0;0;0;3;2;6;4;10;8;13;12;16;16;18;20;19;23;19;26;18;27;17;27;14;26;11;23;8;18;5;13;1;7;-2;0;-5;-7;-8;-14;-11;-21;-13;-28;-16;-33;-17;-37;-18;-40;-19;-42;-18;-41;-17;-40;107;0;4;-22;3;-21;3;-20;3;-19;3;-19;3;-18;2;-18;1;-18;0;-17;-1;-17;-1;-16;-1;-16;-1;-15;-1;-15;-1;-15;-2;-15;-2;-15;-2;-14;-2;-14;-2;-13;-2;-13;-2;-13;-2;-13;-2;-13;-2;-13;-2;-13;-1;-12;-1;-12;-1;-5;0;-2;0;0;0;0;-1;0;-1;-2;-1;-5;-2;-12;-1;-13;0;-13;0;-14;1;-14;1;-15;1;-15;1;-16;2;-16;3;-16;3;-17;4;-17;4;-18;4;-18;4;-18;4;-18;5;-18;5;-18;5;-19;6;-19;5;-20;5;-21;5;-21;5;-21;5;-21;5;-21;5;-22;5;-22;107;0;-21;-11;-21;-11;-20;-11;-20;-10;-20;-10;-19;-10;-19;-9;-18;-8;-18;-7;-18;-6;-18;-6;-18;-6;-18;-6;-18;-6;-18;-6;-18;-6;-17;-6;-17;-6;-17;-6;-17;-7;-17;-7;-16;-7;-15;-7;-15;-7;-14;-8;-14;-8;-14;-9;-13;-10;-5;-4;-2;-2;0;0;0;0;0;0;-2;-1;-4;-2;-11;-6;-11;-6;-11;-7;-11;-7;-11;-8;-11;-8;-12;-8;-12;-9;-13;-10;-13;-10;-13;-11;-13;-11;-13;-11;-13;-11;-13;-11;-14;-12;-14;-12;-14;-12;-15;-12;-15;-12;-15;-12;-16;-11;-17;-11;-18;-11;-19;-12;-20;-12;-20;-12;-20;-12,stable,EXP_S045,ZONE_01,entree_zone,4.7,entree_zone,entree dans la zone
900973248,-55,6,a0:9f:7a:73:2b:3e,384,-110;-96;8;0;-27;0;-18;0;-8;0;1;-1;10;-1;17;-3;23;-4;29;-6;32;-8;35;-10;36;-11;36;-12;35;-12;32;-12;29;-12;24;-11;19;-9;13;-7;6;-5;0;-3;-6;-1;-11;1;-16;2;-21;3;-24;4;-7;1;0;0;0;0;0;0;0;0;0;0;0;0;0;0;0;0;0;0;0;-1;4;-2;9;-2;15;-2;21;-1;26;0;31;1;34;2;37;3;37;5;36;6;33;6;29;6;23;6;15;5;8;4;-1;3;-9;1;-18;0;-26;-1;-34;-2;-41;-2;-46;-2;-50;-2;-52;-2;-51;-1;-49;-1;100;0;-23;-13;-22;-13;-21;-12;-21;-12;-20;-11;-19;-10;-19;-10;-19;-9;-19;-8;-19;-7;-18;-7;-18;-6;-17;-6;-17;-6;-17;-6;-17;-6;-17;-6;-17;-6;-16;-6;-16;-6;-15;-6;-15;-6;-15;-6;-15;-6;-14;-6;-14;-6;-14;-6;-13;-7;-5;-3;-2;-1;0;0;0;0;0;0;-2;0;-5;-1;-14;-1;-15;-2;-15;-3;-16;-4;-16;-4;-17;-5;-17;-5;-18;-6;-18;-7;-18;-8;-19;-9;-19;-10;-19;-10;-20;-11;-20;-11;-20;-11;-19;-12;-19;-12;-20;-13;-20;-13;-21;-13;-21;-13;-21;-13;-22;-13;-22;-13;-22;-14;-22;-14;-23;-14;100;0;-18;16;-18;16;-18;16;-18;15;-17;15;-16;15;-16;14;-15;14;-14;14;-13;14;-13;14;-13;14;-13;14;-13;14;-13;14;-13;14;-13;14;-13;13;-13;13;-14;13;-14;12;-14;11;-14;11;-14;10;-14;9;-15;8;-15;8;-15;7;-6;2;-2;0;0;-1;0;-1;0;-1;-1;1;-3;3;-8;10;-9;10;-10;10;-10;9;-11;9;-11;9;-11;10;-12;10;-13;10;-14;10;-14;10;-15;10;-15;9;-16;10;-16;10;-16;10;-17;10;-17;11;-17;11;-17;11;-17;12;-17;13;-18;13;-18;14;-18;14;-19;15;-19;15;-19;15,stable,EXP_S045,ZONE_01,entree_zone,4.7,entree_zone,entree dans la zone
901173254,-55,6,a0:9f:7a:73:2b:3e,384,-110;-96;8;0;20;15;13;9;6;3;-2;-2;-8;-7;-15;-11;-20;-14;-25;-16;-30;-17;-32;-18;-34;-18;-34;-17;-34;-15;-32;-14;-29;-12;-25;-10;-20;-7;-15;-5;-9;-2;-3;1;2;4;7;7;12;10;15;12;18;14;4;3;0;0;0;0;0;0;0;0;0;0;0;0;0;0;0;0;0;0;-1;-1;-5;-1;-9;-4;-14;-7;-19;-10;-23;-13;-27;-16;-29;-19;-30;-22;-30;-23;-29;-24;-26;-23;-22;-21;-17;-17;-11;-13;-5;-8;1;-2;7;3;13;9;20;15;26;20;30;24;35;27;38;30;39;31;38;30;37;29;91;0;9;23;9;22;9;20;8;19;8;19;7;18;8;18;9;17;9;16;10;15;10;14;10;14;10;14;10;14;10;14;10;13;10;13;10;12;9;11;9;11;8;11;8;11;8;11;8;11;8;11;8;11;7;11;6;11;2;4;0;1;-1;-1;-1;-1;-1;-1;1;0;3;3;9;9;9;10;8;11;8;12;8;13;8;13;9;14;8;14;8;15;7;16;7;17;7;18;7;18;7;19;7;19;7;19;6;19;6;20;6;20;6;21;7;22;7;22;8;22;8;22;8;22;8;22;8;23;8;23;91;0;23;-3;23;-3;23;-3;23;-3;22;-3;22;-3;20;-3;19;-4;18;-4;18;-5;18;-5;18;-6;18;-6;18;-5;18;-5;18;-5;18;-5;18;-5;18;-5;18;-4;18;-3;17;-3;17;-2;16;-2;16;-2;16;-1;16;0;16;1;5;0;1;0;-1;0;-1;0;-1;0;1;-1;4;-2;12;-3;12;-3;13;-2;13;-1;13;-1;14;-1;15;-1;16;-1;17;0;17;1;18;1;17;2;17;2;17;1;18;1;18;1;19;1;19;1;19;1;19;1;20;0;20;-1;21;-1;22;-2;23;-2;24;-2;24;-2;24;-2,stable,EXP_S045,ZONE_01,entree_zone,4.7,entree_zone,entree dans la zone
901373974,-55,6,a0:9f:7a:73:2b:3e,384,-110;-96;8;0;-10;24;-7;15;-2;6;1;-2;4;-10;7;-17;8;-23;9;-28;9;-32;8;-35;8;-37;7;-38;6;-37;6;-35;5;-31;3;-27;2;-21;0;-16;-2;-9;-3;-3;-5;3;-6;8;-8;13;-10;17;-11;20;-3;5;0;0;0;0;0;0;0;0;0;0;0;0;0;0;0;0;0;0;-1;-1;-1;-5;0;-9;1;-15;3;-20;5;-25;7;-29;10;-33;12;-35;13;-35;14;-33;14;-30;13;-26;11;-21;9;-14;5;-7;2;0;-2;8;-6;16;-10;23;-13;30;-16;36;-18;40;-19;44;-20;45;-20;45;-19;43;94;0;-23;8;-23;8;-22;8;-21;8;-20;8;-19;8;-18;8;-17;8;-17;8;-16;8;-16;9;-15;9;-15;9;-14;9;-14;9;-14;9;-14;9;-13;9;-13;9;-13;8;-13;8;-12;8;-12;8;-12;8;-12;7;-12;7;-12;6;-12;6;-5;2;-2;0;0;-1;0;-1;0;-1;-1;1;-4;3;-11;8;-11;8;-12;8;-13;8;-14;8;-14;8;-15;8;-16;7;-17;7;-17;7;-18;7;-19;7;-20;6;-20;6;-20;6;-21;6;-21;6;-21;6;-21;6;-22;6;-22;6;-23;6;-23;6;-23;6;-24;7;-24;7;-24;7;-24;7;94;0;0;24;0;24;1;23;1;23;1;22;2;21;2;21;2;21;3;20;3;20;3;19;4;19;4;18;4;18;4;18;4;18;4;18;3;18;3;18;2;18;2;18;1;17;1;17;0;17;0;16;-1;16;-2;16;-3;16;-1;5;-1;1;0;-1;-1;-1;-1;-1;0;1;0;4;1;12;1;12;0;12;0;13;-1;13;-1;14;-1;14;-1;15;-2;15;-2;16;-2;16;-3;17;-3;17;-3;17;-3;17;-3;18;-3;18;-3;18;-3;19;-2;20;-2;20;-2;21;-2;22;-1;22;-1;23;-1;23;0;24;0;24,stable,EXP_S045,ZONE_01,entree_zone,4.7,entree_zone,entree dans la zone
901574938,-56,6,a0:9f:7a:73:2b:3e,384,-110;-96;8;0;-5;-19;-4;-12;-3;-6;-1;0;1;6;3;11;5;15;7;18;9;21;10;22;11;23;12;22;12;21;12;20;12;18;11;15;9;12;7;8;4;4;2;0;0;-4;-2;-8;-3;-11;-5;-14;-6;-16;-2;-4;0;0;0;0;0;0;0;0;0;0;0;0;0;0;0;0;0;0;0;0;2;2;2;5;3;9;4;13;5;16;5;20;4;23;4;25;3;26;2;25;1;24;0;21;-1;16;-2;11;-2;6;-3;0;-3;-6;-4;-12;-5;-18;-6;-23;-6;-28;-7;-31;-7;-34;-8;-35;-8;-35;-8;-33;96;0;3;-18;3;-17;3;-16;3;-16;3;-15;2;-15;2;-15;1;-14;0;-14;0;-13;-1;-13;-1;-12;-1;-12;-1;-12;-1;-12;-1;-13;-2;-12;-2;-12;-2;-11;-2;-11;-2;-11;-1;-11;-1;-11;-2;-11;-2;-10;-2;-10;-1;-10;-1;-10;-1;-4;0;-1;0;0;0;0;-1;0;-1;-1;-1;-4;-1;-10;0;-10;0;-11;1;-11;1;-12;1;-12;1;-12;2;-13;2;-13;3;-13;3;-14;4;-14;4;-15;4;-15;4;-15;4;-15;4;-15;5;-15;5;-15;5;-15;5;-16;5;-16;5;-17;4;-17;5;-17;5;-17;5;-17;5;-17;96;0;-14;-10;-15;-10;-15;-10;-15;-9;-14;-9;-14;-9;-13;-8;-13;-7;-13;-7;-14;-6;-14;-6;-14;-6;-14;-6;-13;-6;-13;-6;-13;-5;-13;-5;-13;-5;-13;-6;-12;-6;-12;-6;-12;-6;-11;-6;-11;-6;-10;-6;-10;-7;-10;-7;-10;-8;-4;-3;-1;-1;0;0;0;0;0;0;-1;-1;-3;-2;-8;-6;-8;-6;-7;-6;-7;-7;-7;-7;-7;-7;-8;-7;-8;-8;-9;-9;-9;-9;-8;-10;-8;-10;-8;-9;-9;-9;-9;-9;-9;-10;-10;-10;-10;-11;-10;-11;-10;-10;-11;-10;-11;-10;-12;-10;-13;-10;-14;-11;-14;-11;-14;-11;-14;-11,stable,EXP_S045,ZONE_01,entree_zone,4.7,entree_zone,entree dans la zone
901774277,-55,6,a0:9f:7a:73:2b:3e,384,-110;-96;8;0;-11;-23;-8;-15;-5;-8;-1;0;3;7;6;13;10;18;13;22;16;25;18;26;19;27;20;27;21;26;20;24;19;22;16;18;13;14;10;10;7;5;3;0;0;-4;-3;-9;-6;-13;-8;-16;-9;-19;-3;-5;0;0;0;0;0;0;0;0;0;0;0;0;0;0;0;0;0;0;0;0;2;2;4;5;6;10;8;15;10;19;11;23;12;27;12;30;11;31;10;31;8;29;6;26;4;21;2;15;0;9;-2;2;-4;-6;-7;-13;-10;-21;-12;-27;-14;-33;-16;-38;-17;-41;-18;-43;-18;-42;-18;-41;93;0;1;-23;1;-22;1;-22;0;-21;0;-20;0;-19;-1;-19;-1;-18;-2;-18;-3;-17;-3;-16;-3;-16;-3;-16;-4;-16;-4;-16;-4;-16;-5;-15;-5;-15;-4;-15;-4;-14;-4;-14;-4;-14;-4;-13;-4;-13;-4;-13;-4;-13;-4;-13;-3;-13;-1;-5;-1;-2;0;0;0;0;-1;0;-1;-2;-1;-5;-2;-12;-1;-13;-1;-13;0;-14;0;-14;0;-15;0;-16;1;-16;1;-17;2;-17;2;-18;3;-18;3;-19;3;-19;3;-19;3;-19;3;-19;4;-19;4;-20;4;-20;4;-21;3;-21;3;-22;3;-22;3;-22;3;-23;3;-23;3;-23;93;0;-20;-11;-20;-11;-20;-10;-20;-10;-20;-9;-19;-8;-19;-8;-18;-7;-18;-7;-18;-6;-18;-6;-18;-5;-18;-5;-18;-5;-18;-5;-17;-5;-17;-5;-17;-5;-17;-5;-17;-5;-17;-6;-16;-6;-15;-6;-15;-6;-14;-6;-14;-7;-14;-8;-13;-8;-5;-3;-2;-2;0;0;0;0;0;0;-2;-1;-4;-2;-11;-6;-11;-7;-10;-7;-10;-8;-10;-8;-10;-8;-11;-9;-11;-9;-12;-10;-12;-10;-12;-11;-12;-11;-12;-11;-13;-11;-13;-11;-13;-11;-13;-11;-14;-12;-14;-12;-15;-12;-15;-12;-16;-11;-17;-12;-18;-12;-19;-12;-20;-12;-20;-11;-20;-11,stable,EXP_S045,ZONE_01,entree_zone,4.7,entree_zone,entree dans la zone
901972438,-55,6,a0:9f:7a:73:2b:3e,384,-110;-96;8;0;-7;24;-5;16;-2;8;0;-1;2;-8;4;-16;5;-22;5;-27;5;-31;4;-34;3;-36;3;-36;2;-35;1;-34;1;-30;0;-26;0;-21;-1;-16;-2;-10;-3;-4;-4;2;-5;8;-6;13;-7;17;-8;20;-2;5;0;0;0;0;0;0;0;0;0;0;0;0;0;0;0;0;0;0;-1;-1;-1;-4;-1;-9;0;-14;2;-19;3;-24;5;-28;7;-31;8;-33;10;-34;11;-33;11;-30;10;-26;9;-21;7;-15;5;-8;2;-1;-1;7;-4;14;-7;21;-9;29;-12;34;-13;39;-14;43;-15;45;-14;44;-13;43;104;0;-17;16;-16;16;-16;15;-15;14;-14;14;-14;14;-13;14;-13;14;-12;14;-10;14;-10;14;-9;13;-9;13;-9;13;-9;13;-9;14;-9;14;-8;13;-8;13;-8;12;-8;11;-8;11;-8;11;-8;11;-8;11;-8;11;-8;10;-8;10;-3;3;-1;1;0;-1;0;-1;0;-1;-1;1;-2;3;-6;10;-6;10;-7;11;-8;11;-9;11;-9;12;-10;12;-10;12;-11;12;-12;12;-13;12;-14;12;-15;13;-15;13;-15;13;-15;13;-15;12;-16;12;-16;12;-17;13;-17;13;-17;14;-17;14;-17;15;-17;15;-18;15;-18;15;-18;15;104;0;9;20;9;20;9;20;9;20;9;19;9;19;9;18;9;17;9;16;9;15;10;15;10;15;10;15;9;15;9;15;9;14;9;14;9;14;9;15;8;15;7;15;7;15;6;14;6;14;5;14;5;14;4;14;3;15;1;5;0;1;-1;-1;-1;-1;-1;-1;0;1;2;3;6;10;5;10;4;11;4;11;4;11;4;12;4;12;5;13;4;14;4;15;3;15;3;15;3;15;4;16;4;16;4;17;4;17;4;18;4;18;4;18;5;18;6;18;7;19;7;20;8;20;8;21;8;21;8;21,stable,EXP_S045,ZONE_01,entree_zone,4.7,entree_zone,entree dans la zone
902174975,-55,6,a0:9f:7a:73:2b:3e,384,-110;-96;8;0;22;11;15;7;7;2;-1;-2;-8;-5;-15;-8;-21;-10;-26;-11;-29;-12;-33;-12;-34;-12;-35;-11;-35;-10;-33;-9;-30;-7;-26;-6;-21;-4;-15;-2;-9;0;-3;1;2;3;7;5;11;7;15;9;18;10;4;2;0;0;0;0;0;0;0;0;0;0;0;0;0;0;0;0;0;0;-1;0;-5;-1;-8;-2;-14;-4;-19;-7;-23;-9;-27;-11;-30;-13;-32;-15;-31;-17;-30;-18;-27;-18;-24;-17;-19;-14;-13;-11;-7;-7;-1;-3;6;1;13;6;21;10;27;14;32;17;37;19;39;21;41;23;41;23;40;22;99;0;6;22;6;21;6;21;6;20;6;19;7;18;7;17;7;16;7;16;8;15;8;14;8;14;8;13;8;13;8;13;9;13;8;12;8;12;8;12;8;11;8;11;8;11;8;11;7;10;7;10;7;10;6;10;6;11;2;3;0;1;-1;-1;-1;-1;-1;-1;0;1;2;3;6;11;5;11;5;12;4;13;4;13;4;14;4;14;4;15;4;16;4;16;3;17;3;18;3;18;2;19;2;19;2;19;2;19;2;19;3;20;3;20;3;20;3;21;4;21;4;21;4;22;4;22;4;22;4;23;99;0;22;2;22;1;22;1;22;0;21;0;21;-1;20;-1;20;-2;19;-2;19;-2;18;-2;18;-3;18;-3;18;-4;18;-4;18;-3;17;-3;17;-3;17;-3;17;-2;16;-2;16;-2;16;-1;15;-1;15;0;15;0;15;1;15;1;5;0;1;0;-1;-1;-1;-1;-1;-1;1;0;4;0;11;1;12;2;12;2;12;2;12;3;13;3;13;3;14;3;14;4;15;4;15;5;15;5;15;5;16;5;16;5;16;5;16;5;17;5;17;5;18;5;19;4;20;4;20;4;21;4;21;3;22;3;23;3;23;2,stable,EXP_S045,ZONE_01,entree_zone,4.7,entree_zone,entree dans la zone
902371956,-56,6,a0:9f:7a:73:2b:3e,384,-110;-96;8;0;-3;16;-2;10;-1;5;0;-1;0;-6;1;-11;1;-15;1;-18;0;-21;0;-22;-1;-23;-2;-24;-2;-23;-2;-22;-2;-19;-2;-17;-2;-13;-2;-10;-2;-6;-2;-2;-2;2;-2;5;-2;8;-2;11;-3;13;-1;3;0;0;0;0;0;0;0;0;0;0;0;0;0;0;0;0;0;0;-1;-1;-1;-3;-1;-6;0;-9;0;-13;1;-16;2;-19;3;-21;4;-22;5;-22;5;-22;6;-20;6;-18;5;-14;4;-10;3;-5;1;-1;-1;4;-2;9;-3;14;-4;19;-5;23;-6;26;-6;28;-7;29;-7;29;-6;28;102;0;-23;20;-22;20;-21;19;-20;18;-19;18;-18;17;-18;18;-16;18;-15;18;-14;18;-14;17;-13;16;-13;16;-13;16;-13;16;-12;17;-12;17;-11;16;-11;16;-11;15;-10;15;-11;14;-11;14;-11;14;-11;13;-11;13;-11;12;-11;12;-4;4;-2;1;0;-1;0;-1;0;-1;-1;1;-3;5;-8;14;-9;13;-10;13;-11;14;-12;14;-13;15;-13;15;-14;16;-15;16;-16;16;-17;16;-19;16;-20;16;-20;16;-20;16;-20;16;-20;15;-21;15;-21;16;-22;16;-22;17;-23;17;-23;18;-23;18;-23;18;-24;18;-25;18;-25;18;102;0;10;26;10;26;11;26;11;26;11;25;10;24;11;23;11;22;11;21;12;20;12;20;12;19;12;19;12;19;11;19;11;19;11;19;11;19;10;19;10;19;9;19;8;19;7;18;7;18;6;18;5;18;4;18;3;18;1;6;0;2;-1;-1;-1;-1;-1;-1;1;1;2;5;7;14;6;14;6;14;5;15;5;15;5;16;5;16;5;18;5;19;5;20;4;20;4;21;4;20;4;20;4;21;4;21;4;22;4;22;4;23;5;23;6;23;7;24;8;25;9;26;9;27;9;27;10;27;10;27,stable,EXP_S045,ZONE_01,entree_zone,4.7,entree_zone,entree dans la zone
902572683,-55,6,a0:9f:7a:73:2b:3e,384,-110;-96;8;0;-22;14;-15;10;-7;5;0;-1;7;-5;12;-10;17;-15;20;-19;22;-22;24;-25;24;-27;24;-27;23;-27;22;-26;19;-23;16;-20;12;-17;8;-13;4;-8;0;-4;-5;0;-9;4;-12;8;-16;11;-18;13;-5;3;0;0;0;0;0;0;0;0;0;0;0;0;0;0;0;0;0;0;0;-1;2;-4;5;-7;9;-10;14;-13;19;-15;23;-17;26;-18;29;-19;30;-18;30;-17;28;-15;25;-13;21;-10;15;-6;9;-3;2;1;-6;5;-13;9;-20;13;-27;16;-32;19;-37;22;-39;24;-41;26;-40;26;-39;25;89;0;-24;0;-24;1;-23;1;-22;1;-21;1;-20;1;-20;2;-19;2;-19;3;-18;3;-17;4;-17;4;-16;4;-16;4;-16;4;-16;4;-16;5;-16;4;-15;4;-15;4;-15;4;-14;4;-14;4;-14;4;-14;3;-13;3;-13;3;-13;2;-5;0;-2;0;0;-1;0;-1;0;-1;-2;0;-5;1;-12;3;-13;3;-13;3;-14;2;-15;2;-16;2;-16;2;-17;2;-17;1;-18;0;-19;0;-20;0;-20;-1;-20;-1;-20;-1;-20;-1;-20;-1;-21;-2;-21;-2;-22;-2;-22;-2;-23;-1;-23;-1;-24;-1;-24;-1;-24;-1;-25;-1;-24;-1;89;0;-8;21;-8;21;-8;21;-7;21;-7;20;-7;20;-6;19;-5;19;-4;19;-4;19;-3;18;-3;18;-3;18;-3;18;-3;17;-3;17;-3;17;-4;17;-4;17;-4;17;-5;16;-5;16;-5;15;-5;15;-5;14;-6;14;-7;13;-7;13;-3;4;-1;1;0;-1;0;-1;0;-1;-1;1;-2;4;-4;11;-4;11;-5;11;-5;11;-6;11;-6;12;-6;12;-7;13;-8;13;-8;14;-9;14;-9;14;-9;14;-9;14;-9;15;-9;15;-9;15;-10;15;-10;16;-10;16;-10;17;-9;18;-9;19;-9;20;-9;21;-9;21;-9;21;-8;21,stable,EXP_S045,ZONE_01,entree_zone,4.7,entree_zone,entree dans la zone
902772403,-55,6,a0:9f:7a:73:2b:3e,384,-110;-96;8;0;24;-6;16;-4;7;-3;-1;-1;-9;1;-16;3;-22;5;-26;7;-30;9;-32;11;-33;12;-34;13;-33;13;-31;13;-27;12;-24;11;-19;9;-13;7;-8;5;-2;3;3;1;9;-1;13;-2;18;-3;20;-3;5;-1;0;0;0;0;0;0;0;0;0;0;0;0;0;0;0;0;0;0;-1;0;-4;2;-8;3;-13;5;-18;6;-23;7;-27;8;-31;8;-33;7;-34;6;-34;5;-32;4;-28;2;-23;1;-17;0;-10;-1;-2;-2;6;-3;14;-4;22;-5;29;-6;35;-7;40;-8;44;-9;46;-9;45;-10;44;-9;96;0;22;8;21;7;20;7;19;6;18;6;18;6;18;5;18;5;17;4;17;3;16;2;16;2;15;2;15;2;16;2;16;1;16;1;15;0;14;0;14;1;13;1;13;1;13;1;13;1;13;1;13;1;12;1;12;2;4;0;1;0;-1;-1;-1;-1;-1;-1;1;-1;4;0;12;0;12;1;12;2;13;2;14;3;14;3;15;3;15;4;15;4;15;5;16;6;16;7;17;7;17;7;17;8;17;8;17;8;17;8;17;9;18;9;19;9;20;9;20;8;20;8;20;8;20;9;20;9;21;10;96;0;14;-17;14;-18;14;-18;14;-18;14;-17;13;-16;12;-16;11;-16;10;-16;10;-16;9;-16;9;-16;10;-16;10;-16;10;-15;9;-15;9;-15;9;-15;9;-15;9;-15;10;-14;10;-14;10;-13;10;-12;10;-12;10;-11;11;-11;11;-10;4;-4;1;-1;-1;0;-1;0;-1;0;0;-2;2;-4;7;-10;8;-10;8;-9;9;-9;9;-9;9;-9;10;-10;10;-11;11;-11;12;-11;13;-10;13;-10;13;-10;13;-10;13;-11;13;-11;14;-11;15;-11;15;-11;14;-12;14;-13;14;-14;14;-15;14;-16;15;-16;16;-17;16;-17;16;-17,stable,EXP_S045,ZONE_01,entree_zone,4.7,entree_zone,entree dans la zone
902982300,-55,6,a0:9f:7a:73:2b:3e,384,-110;-96;8;0;9;-24;6;-17;2;-9;-1;-1;-3;7;-5;13;-6;20;-7;25;-7;29;-7;32;-6;33;-6;34;-5;34;-4;32;-3;29;-2;25;-1;20;-1;15;0;9;1;3;2;-3;3;-8;4;-13;5;-17;6;-20;1;-6;0;0;0;0;0;0;0;0;0;0;0;0;0;0;0;0;0;0;0;0;0;3;-1;7;-3;12;-5;17;-8;21;-10;25;-12;28;-14;30;-16;30;-16;29;-16;27;-15;23;-13;18;-10;13;-7;6;-4;0;0;-7;4;-14;8;-21;11;-28;14;-33;16;-38;17;-41;18;-43;18;-43;17;-42;95;0;18;-15;18;-14;17;-14;16;-13;15;-13;15;-13;14;-13;13;-13;12;-13;12;-13;11;-13;10;-13;10;-13;10;-13;10;-13;10;-13;10;-12;9;-12;9;-12;9;-11;9;-11;9;-11;9;-11;9;-11;9;-10;9;-10;9;-10;9;-9;3;-4;0;-1;-1;0;-1;0;-1;0;0;-2;2;-4;6;-11;6;-11;7;-11;8;-11;9;-12;9;-12;10;-12;10;-12;11;-12;12;-12;13;-12;14;-12;14;-12;15;-12;15;-12;15;-12;16;-12;16;-12;16;-12;17;-12;17;-13;17;-13;18;-13;18;-14;18;-14;18;-14;19;-14;19;-14;95;0;-6;-22;-6;-22;-6;-22;-6;-21;-6;-21;-6;-20;-6;-19;-6;-19;-7;-18;-7;-18;-8;-17;-8;-17;-7;-17;-7;-17;-7;-17;-7;-17;-7;-17;-6;-17;-6;-17;-5;-17;-5;-17;-4;-16;-4;-16;-3;-16;-3;-16;-2;-16;-1;-16;0;-16;0;-6;0;-2;0;0;0;0;0;0;-1;-2;-2;-4;-5;-11;-5;-11;-4;-12;-4;-12;-4;-13;-4;-13;-4;-14;-4;-14;-4;-15;-3;-16;-3;-16;-3;-16;-2;-16;-2;-16;-2;-17;-3;-17;-3;-18;-3;-18;-3;-18;-3;-19;-3;-19;-4;-19;-4;-20;-5;-21;-5;-22;-5;-22;-5;-22;-5;-22,stable,EXP_S045,ZONE_01,entree_zone,4.7,entree_zone,entree dans la zone
903176438,-55,6,a0:9f:7a:73:2b:3e,384,-110;-96;8;0;-8;-26;-6;-17;-4;-8;-1;1;1;9;4;16;6;22;9;27;11;30;12;33;14;34;14;34;15;33;15;31;15;27;13;23;11;18;9;13;6;7;4;1;1;-5;0;-10;-2;-15;-3;-20;-4;-23;-1;-6;0;0;0;0;0;0;0;0;0;0;0;0;0;0;0;0;0;0;0;0;3;3;5;7;7;12;9;17;10;23;11;27;11;31;11;34;10;35;8;35;6;33;4;29;2;23;0;16;-1;9;-3;1;-4;-8;-6;-16;-8;-24;-9;-32;-10;-38;-12;-44;-12;-47;-12;-49;-12;-49;-12;-47;101;0;0;-25;0;-25;0;-24;0;-22;0;-21;-1;-21;-1;-21;-2;-20;-3;-20;-3;-19;-4;-18;-4;-17;-3;-17;-4;-17;-4;-17;-4;-17;-5;-17;-5;-16;-5;-16;-4;-15;-4;-15;-4;-15;-4;-15;-4;-15;-4;-15;-3;-14;-3;-14;-3;-14;-1;-5;-1;-2;0;0;0;0;0;0;-1;-2;-2;-5;-5;-13;-4;-14;-3;-14;-3;-15;-3;-16;-3;-17;-2;-17;-2;-18;-2;-18;-1;-19;0;-20;1;-21;1;-21;1;-21;1;-21;1;-21;1;-21;2;-21;2;-22;2;-23;2;-24;2;-24;2;-24;2;-24;2;-25;2;-25;2;-25;2;-25;101;0;-22;-10;-23;-10;-23;-9;-23;-9;-22;-9;-21;-9;-21;-8;-20;-7;-20;-6;-20;-6;-20;-5;-20;-5;-20;-5;-20;-5;-19;-5;-19;-5;-19;-5;-19;-5;-19;-6;-19;-6;-18;-7;-18;-7;-17;-7;-16;-7;-16;-8;-15;-8;-15;-9;-15;-10;-6;-4;-2;-2;0;0;0;0;0;0;-2;-1;-5;-2;-13;-4;-13;-5;-13;-6;-13;-6;-13;-6;-13;-7;-14;-7;-14;-7;-15;-8;-15;-9;-15;-10;-15;-10;-15;-10;-16;-10;-16;-10;-16;-10;-17;-11;-17;-11;-17;-11;-17;-11;-18;-11;-19;-10;-20;-10;-21;-11;-22;-11;-23;-11;-23;-11;-23;-11,stable,EXP_S045,ZONE_01,entree_zone,4.7,entree_zone,entree dans la zone
903373459,-56,6,a0:9f:7a:73:2b:3e,384,-110;-96;8;0;-1;23;-1;15;0;6;0;-2;0;-9;-1;-16;-2;-21;-3;-26;-4;-29;-6;-32;-7;-33;-8;-33;-8;-32;-8;-30;-8;-27;-7;-23;-7;-19;-6;-13;-5;-8;-4;-2;-3;3;-2;8;-1;13;0;17;0;20;0;5;0;0;0;0;0;0;0;0;0;0;0;0;0;0;0;0;0;0;-1;-1;-2;-4;-2;-8;-2;-13;-2;-18;-1;-23;-1;-27;0;-30;2;-32;3;-33;4;-32;5;-30;5;-26;5;-20;4;-14;3;-8;2;-1;0;7;0;14;-1;22;-2;28;-2;34;-3;39;-3;42;-3;44;-3;43;-2;42;91;0;-11;19;-11;18;-10;17;-10;17;-9;16;-9;16;-8;16;-7;16;-6;15;-5;15;-5;14;-4;14;-4;14;-4;14;-4;14;-4;14;-3;14;-3;14;-3;13;-3;13;-3;12;-3;12;-3;12;-3;12;-3;12;-3;12;-3;11;-3;11;-2;4;-1;1;0;-1;0;-1;0;-1;-1;1;-1;4;-4;11;-4;11;-5;11;-6;11;-7;12;-7;12;-7;13;-7;13;-8;13;-9;13;-10;14;-11;14;-11;14;-11;15;-11;15;-11;14;-11;14;-12;14;-12;15;-13;15;-13;16;-13;16;-12;17;-12;17;-12;17;-13;17;-13;17;-13;18;91;0;13;15;14;15;14;15;14;15;13;14;13;14;13;13;13;12;13;11;13;11;13;11;13;10;13;10;13;10;13;10;13;10;13;10;13;10;13;10;12;10;12;10;11;10;10;10;10;10;9;10;9;11;8;11;8;12;3;4;0;1;-1;-1;-1;-1;-1;-1;0;0;2;2;7;8;6;8;6;9;6;9;6;9;6;10;6;10;7;11;7;12;7;12;7;13;6;13;6;13;6;13;7;13;7;14;7;14;7;14;8;15;8;15;9;14;10;14;11;15;11;15;12;16;12;16;12;17;13;17,stable,EXP_S045,ZONE_01,entree_zone,4.7,entree_zone,entree dans la zone
903578704,-55,6,a0:9f:7a:73:2b:3e,384,-110;-96;8;0;12;-25;7;-17;2;-9;-2;0;-7;7;-10;14;-13;20;-15;25;-16;29;-17;32;-17;34;-16;35;-15;35;-13;33;-12;29;-10;25;-8;21;-5;15;-1;9;2;3;5;-2;8;-7;10;-11;13;-15;15;-17;4;-5;0;0;0;0;0;0;0;0;0;0;0;0;0;0;0;0;0;0;0;0;-1;4;-2;8;-3;14;-5;19;-7;24;-9;29;-11;32;-13;34;-14;34;-16;33;-16;30;-15;26;-13;20;-10;14;-7;7;-2;0;2;-8;6;-16;11;-23;15;-30;18;-36;21;-40;23;-43;24;-45;24;-45;23;-44;99;0;21;-14;20;-14;19;-13;18;-12;17;-12;17;-12;17;-12;16;-12;15;-13;14;-13;13;-13;12;-12;12;-12;12;-12;12;-12;12;-13;11;-13;11;-13;10;-12;10;-11;10;-11;10;-10;10;-11;10;-11;10;-11;10;-10;9;-10;9;-9;3;-4;1;-1;-1;0;-1;0;-1;0;0;-2;2;-4;7;-11;8;-11;9;-11;10;-11;11;-11;11;-12;12;-12;13;-11;13;-11;14;-11;15;-11;16;-11;17;-11;17;-11;17;-11;17;-11;18;-11;18;-10;19;-10;20;-10;20;-11;20;-12;20;-12;20;-12;21;-12;21;-12;21;-12;22;-12;99;0;-5;-25;-6;-25;-6;-25;-6;-25;-6;-24;-6;-23;-6;-22;-6;-21;-7;-20;-8;-20;-8;-19;-8;-20;-8;-20;-7;-20;-7;-19;-7;-19;-7;-19;-7;-19;-6;-19;-6;-19;-5;-19;-4;-19;-4;-18;-4;-18;-3;-17;-2;-18;-1;-18;0;-18;0;-7;0;-2;0;0;0;0;0;0;-1;-2;-2;-5;-5;-13;-4;-13;-3;-14;-3;-14;-3;-15;-3;-15;-3;-16;-3;-17;-2;-17;-2;-18;-1;-19;-1;-19;-1;-18;-1;-19;-2;-19;-2;-20;-1;-20;-1;-21;-1;-21;-1;-21;-2;-21;-3;-22;-4;-23;-4;-24;-5;-25;-5;-25;-5;-25;-5;-25,stable,EXP_S045,ZONE_01,entree_zone,4.7,entree_zone,entree dans la zone
903778008,-55,6,a0:9f:7a:73:2b:3e,384,-110;-96;8;0;25;-8;16;-6;7;-4;-1;-1;-9;2;-16;5;-22;8;-26;11;-29;14;-32;16;-33;17;-33;18;-32;19;-29;18;-26;17;-22;15;-18;12;-12;9;-7;6;-2;3;4;0;9;-3;13;-5;17;-7;20;-8;5;-3;0;0;0;0;0;0;0;0;0;0;0;0;0;0;0;0;0;0;-1;0;-4;2;-8;3;-13;5;-19;6;-24;7;-29;7;-33;7;-35;7;-36;6;-36;5;-33;3;-29;2;-24;1;-17;-1;-10;-2;-2;-3;6;-4;14;-5;23;-7;30;-8;37;-9;42;-11;45;-12;47;-13;47;-13;46;-13;94;0;24;0;23;-1;22;-1;21;-1;20;-1;20;-1;20;-2;19;-3;19;-4;18;-4;17;-5;16;-5;16;-5;16;-5;16;-5;16;-5;16;-6;15;-6;14;-6;14;-6;13;-5;13;-5;13;-5;13;-5;13;-5;13;-5;12;-5;12;-4;4;-2;1;-1;-1;0;-1;0;-1;0;1;-1;4;-1;12;-3;12;-2;13;-1;14;-1;15;-1;15;-1;16;-1;16;-1;16;0;17;1;18;2;19;2;20;2;20;2;20;2;19;2;19;2;20;3;20;3;21;4;22;3;23;2;23;2;23;1;23;1;23;2;24;2;24;2;94;0;8;-22;8;-23;8;-23;7;-23;7;-22;7;-21;6;-20;5;-20;4;-20;3;-20;3;-20;3;-20;3;-20;3;-19;3;-19;3;-19;2;-18;2;-19;2;-18;3;-18;3;-18;4;-17;4;-16;4;-16;4;-15;5;-15;5;-15;6;-15;2;-6;0;-2;-1;0;-1;0;-1;0;0;-2;1;-5;5;-12;5;-12;6;-12;7;-11;7;-11;7;-12;7;-13;8;-13;9;-14;10;-14;10;-14;10;-14;10;-14;9;-14;9;-15;10;-16;10;-16;11;-16;11;-16;11;-16;10;-17;9;-18;9;-19;9;-21;10;-22;10;-22;10;-22;10;-22,stable,EXP_S045,ZONE_01,entree_zone,4.7,entree_zone,entree dans la zone
903973127,-56,6,a0:9f:7a:73:2b:3e,384,-110;-96;8;0;21;-4;14;-3;6;-1;0;0;-7;2;-12;4;-17;6;-21;8;-24;10;-26;12;-26;13;-26;14;-25;14;-23;14;-21;13;-18;11;-14;9;-10;7;-6;4;-1;1;3;-1;6;-4;10;-6;13;-7;15;-8;3;-3;0;0;0;0;0;0;0;0;0;0;0;0;0;0;0;0;0;0;-1;0;-4;1;-7;1;-12;1;-16;0;-20;0;-24;-1;-27;-1;-29;-2;-30;-3;-29;-4;-27;-4;-24;-5;-19;-4;-13;-4;-8;-4;-2;-3;5;-3;12;-3;18;-3;25;-3;30;-3;34;-4;37;-4;39;-5;38;-5;37;-5;92;0;20;3;19;2;18;2;17;2;16;2;16;2;16;1;15;1;15;0;15;-1;14;-1;14;-2;13;-2;13;-1;13;-1;13;-2;13;-2;13;-2;12;-2;12;-2;11;-1;11;-1;11;-1;11;-1;11;-1;11;-1;10;-1;10;-1;3;0;1;0;-1;0;-1;0;-1;0;1;-1;3;-1;10;-2;10;-2;11;-1;11;-1;12;0;13;0;13;0;13;0;13;1;14;2;14;2;15;3;15;3;16;3;16;3;16;3;16;3;16;4;16;4;17;4;17;4;18;4;18;3;18;3;18;3;19;4;19;4;19;4;92;0;9;-16;8;-16;8;-16;8;-16;8;-16;8;-15;7;-15;6;-14;6;-14;5;-14;5;-14;5;-14;5;-14;5;-14;5;-14;4;-14;4;-14;5;-14;5;-13;5;-13;5;-13;5;-12;6;-12;6;-11;6;-11;6;-11;7;-10;7;-10;2;-4;0;-1;-1;0;-1;0;-1;0;0;-1;1;-4;4;-9;4;-9;5;-9;5;-9;6;-9;6;-9;6;-10;7;-10;7;-11;8;-11;8;-10;8;-10;8;-10;8;-11;9;-11;9;-12;9;-12;10;-12;10;-12;9;-12;9;-13;9;-13;9;-14;9;-15;9;-16;9;-16;10;-16;10;-16,stable,EXP_S045,ZONE_01,entree_zone,4.7,entree_zone,entree dans la zone
904172506,-56,6,a0:9f:7a:73:2b:3e,384,-110;-96;8;0;14;11;10;7;5;3;-1;-1;-6;-4;-10;-7;-14;-9;-18;-10;-21;-11;-23;-11;-24;-11;-25;-11;-24;-10;-23;-9;-21;-8;-18;-7;-14;-5;-11;-4;-6;-2;-3;0;1;2;5;4;8;5;11;6;12;8;3;2;0;0;0;0;0;0;0;0;0;0;0;0;0;0;0;0;0;0;-1;-1;-3;-1;-6;-3;-9;-6;-12;-8;-15;-11;-17;-13;-19;-15;-20;-17;-20;-18;-19;-18;-17;-18;-15;-16;-12;-13;-8;-10;-4;-7;0;-3;4;1;9;6;13;10;17;14;20;17;23;19;26;21;27;21;27;21;26;21;99;0;18;31;17;29;16;28;15;26;14;25;13;25;14;25;15;24;16;23;16;21;16;20;15;19;15;19;14;19;14;19;15;19;15;18;14;17;13;16;12;16;11;16;11;16;11;16;11;16;11;16;11;16;10;16;9;16;3;5;0;1;-1;-1;-1;-1;-1;-1;1;0;5;3;15;9;15;10;15;12;15;14;15;15;16;15;16;16;16;17;15;18;14;19;14;21;14;22;15;24;15;24;15;24;15;24;14;25;14;25;13;26;14;28;15;28;16;29;16;29;16;29;16;29;16;30;16;30;16;31;99;0;32;-6;32;-6;32;-6;32;-6;31;-5;30;-5;28;-4;27;-5;25;-6;25;-7;25;-8;25;-8;25;-7;25;-7;24;-6;24;-6;24;-6;24;-6;24;-5;25;-4;24;-3;23;-2;22;-1;21;-1;21;-1;21;0;21;1;21;2;7;1;2;0;-1;0;-2;0;-1;0;1;-1;5;-3;16;-8;17;-7;17;-5;17;-5;18;-4;19;-4;20;-5;21;-4;23;-4;24;-3;24;-2;24;-1;24;-1;24;-2;25;-2;26;-2;27;-2;27;-2;27;-1;27;-1;27;-2;28;-3;29;-4;31;-5;32;-5;33;-5;33;-5;33;-5,stable,EXP_S045,ZONE_01,entree_zone,4.7,entree_zone,entree dans la zone
904374063,-56,6,a0:9f:7a:73:2b:3e,384,-110;-96;8;0;-10;-15;-7;-10;-4;-5;-1;0;3;4;5;8;8;11;11;13;13;14;14;15;15;15;16;15;16;15;15;14;14;12;12;10;9;8;7;5;4;2;1;0;-1;-3;-4;-6;-6;-8;-7;-10;-8;-11;-3;-3;0;0;0;0;0;0;0;0;0;0;0;0;0;0;0;0;0;0;0;0;1;1;3;3;5;6;7;9;8;12;9;15;10;17;10;19;10;20;9;20;8;19;7;16;5;13;3;9;1;5;-1;1;-4;-4;-6;-9;-8;-13;-10;-17;-12;-21;-14;-24;-15;-25;-16;-26;-16;-26;-16;-26;97;0;-1;-31;-1;-30;-1;-29;-1;-28;-1;-27;-1;-26;-1;-26;-2;-25;-3;-25;-3;-24;-4;-23;-4;-22;-4;-22;-4;-22;-4;-22;-4;-22;-4;-21;-4;-20;-4;-20;-3;-19;-3;-18;-2;-18;-2;-18;-2;-18;-2;-18;-2;-17;-1;-17;-1;-17;0;-6;0;-2;0;0;0;0;0;0;-1;-2;-3;-6;-8;-15;-7;-16;-6;-17;-5;-18;-5;-19;-5;-20;-5;-20;-5;-21;-4;-22;-3;-23;-2;-24;-1;-25;-1;-25;-1;-26;0;-26;0;-26;0;-26;1;-26;1;-27;1;-28;1;-29;0;-29;0;-29;0;-30;0;-30;1;-30;1;-31;2;-31;97;0;-27;-12;-27;-12;-27;-12;-27;-12;-26;-11;-25;-11;-24;-10;-23;-9;-23;-8;-23;-7;-23;-7;-23;-7;-23;-7;-23;-7;-22;-7;-22;-7;-22;-7;-22;-7;-21;-8;-21;-8;-20;-9;-19;-9;-18;-9;-18;-9;-17;-10;-16;-11;-16;-12;-15;-13;-6;-5;-2;-2;0;0;0;0;0;0;-2;-1;-6;-2;-16;-4;-16;-5;-16;-5;-16;-6;-16;-7;-17;-7;-17;-7;-18;-8;-19;-9;-20;-10;-20;-11;-20;-11;-19;-11;-19;-11;-20;-12;-20;-12;-20;-12;-21;-13;-21;-13;-21;-12;-22;-12;-23;-11;-24;-11;-25;-12;-26;-12;-27;-13;-27;-13;-27;-13,stable,EXP_S045,ZONE_01,entree_zone,4.7,entree_zone,entree dans la zone
904574234,-55,6,a0:9f:7a:73:2b:3e,384,-110;-96;8;0;-18;20;-12;14;-6;7;0;0;5;-7;9;-13;13;-19;15;-23;16;-28;17;-31;17;-33;17;-33;16;-33;15;-31;13;-28;11;-24;8;-20;5;-15;2;-9;-1;-4;-4;1;-7;6;-10;11;-12;14;-15;16;-4;4;0;0;0;0;0;0;0;0;0;0;0;0;0;0;0;0;0;0;0;-1;1;-4;3;-7;6;-12;10;-16;13;-20;17;-24;20;-26;22;-27;24;-27;24;-26;23;-24;21;-21;17;-16;13;-12;8;-6;2;0;-4;5;-10;11;-16;17;-21;23;-26;28;-29;31;-31;35;-32;37;-32;37;-31;36;102;0;-24;3;-24;3;-23;3;-22;3;-22;3;-21;4;-20;4;-19;4;-19;4;-18;5;-18;5;-17;5;-17;5;-17;5;-16;5;-16;5;-16;5;-16;5;-16;5;-15;4;-15;4;-15;4;-14;4;-14;4;-14;3;-14;3;-14;2;-14;2;-5;0;-2;0;0;-1;0;-1;0;-1;-2;0;-4;2;-11;7;-12;6;-12;6;-13;6;-14;5;-15;5;-15;5;-16;5;-17;5;-18;5;-18;4;-19;4;-20;3;-20;3;-20;2;-21;2;-21;2;-21;2;-22;2;-22;2;-22;2;-23;2;-23;2;-24;2;-24;2;-24;2;-25;2;-25;2;102;0;-7;22;-6;22;-6;22;-6;21;-5;21;-5;20;-4;20;-4;20;-4;19;-3;19;-3;18;-3;18;-3;18;-2;18;-3;18;-3;18;-3;17;-3;17;-4;17;-4;17;-4;16;-5;16;-5;15;-5;15;-6;14;-7;14;-8;13;-8;13;-3;4;-1;1;0;-1;0;-1;0;-1;0;1;-1;4;-1;12;-2;12;-2;12;-3;13;-3;13;-4;13;-4;14;-4;14;-5;15;-5;15;-6;16;-6;16;-7;16;-7;16;-7;16;-7;16;-7;17;-7;17;-7;18;-7;18;-7;19;-7;19;-7;20;-7;21;-7;21;-7;22;-6;22;-6;23,stable,EXP_S045,ZONE_01,entree_zone,4.7,entree_zone,entree dans la zone
904772566,-55,6,a0:9f:7a:73:2b:3e,384,-110;-96;8;0;-7;-27;-5;-19;-3;-10;0;-1;2;8;5;15;8;21;10;25;13;29;16;31;17;32;18;32;18;31;17;29;16;26;14;22;11;18;8;12;5;7;2;1;-1;-4;-3;-9;-6;-14;-8;-18;-9;-21;-3;-6;0;0;0;0;0;0;0;0;0;0;0;0;0;0;0;0;0;0;0;0;1;3;3;7;4;12;5;18;6;23;6;28;5;32;5;35;4;36;3;36;2;33;1;30;0;24;-1;17;-2;10;-3;2;-4;-7;-5;-15;-6;-24;-7;-32;-8;-38;-9;-43;-11;-47;-12;-49;-12;-49;-12;-47;100;0;6;-25;5;-24;5;-23;5;-22;5;-21;5;-21;4;-21;3;-20;3;-20;2;-19;1;-19;1;-18;1;-18;1;-18;1;-18;1;-18;1;-18;1;-17;1;-17;1;-16;1;-16;2;-15;2;-15;2;-15;2;-15;2;-14;3;-14;3;-14;1;-5;0;-2;-1;0;0;0;0;0;-1;-2;-2;-5;-4;-13;-3;-13;-2;-14;-2;-15;-1;-16;-1;-17;-1;-17;0;-18;0;-18;1;-18;2;-19;3;-20;3;-20;4;-21;4;-21;4;-21;5;-21;5;-21;6;-21;6;-22;6;-23;6;-23;6;-24;6;-24;6;-24;6;-24;7;-24;7;-25;100;0;-19;-14;-19;-15;-19;-14;-19;-14;-18;-14;-18;-13;-17;-13;-17;-12;-17;-11;-17;-11;-17;-10;-17;-10;-17;-10;-17;-11;-16;-10;-16;-10;-16;-10;-16;-10;-15;-11;-15;-11;-14;-11;-13;-11;-13;-11;-12;-11;-11;-12;-11;-12;-10;-13;-9;-13;-4;-5;-1;-2;0;0;0;0;0;0;-2;-1;-5;-2;-12;-5;-12;-6;-12;-7;-12;-8;-12;-8;-12;-8;-13;-9;-13;-9;-14;-10;-14;-11;-14;-12;-13;-12;-13;-13;-13;-13;-14;-13;-14;-13;-14;-14;-14;-14;-15;-14;-15;-14;-15;-14;-16;-14;-17;-14;-18;-14;-19;-15;-19;-15;-19;-16;-19;-16,stable,EXP_S045,ZONE_01,entree_zone,4.7,entree_zone,entree dans la zone
904972865,-55,6,a0:9f:7a:73:2b:3e,384,-110;-96;8;0;21;15;14;10;7;4;0;-1;-7;-5;-13;-9;-19;-11;-24;-13;-28;-15;-31;-15;-33;-15;-34;-15;-33;-14;-32;-12;-29;-11;-25;-9;-20;-7;-15;-5;-9;-2;-4;0;1;2;6;5;11;7;15;9;17;11;4;2;0;0;0;0;0;0;0;0;0;0;0;0;0;0;0;0;0;0;-1;-1;-4;-1;-8;-4;-12;-7;-16;-10;-20;-13;-23;-16;-26;-19;-27;-21;-27;-23;-26;-23;-24;-23;-21;-21;-16;-17;-11;-13;-6;-9;-1;-4;5;2;12;8;18;13;23;18;28;22;33;25;35;27;37;28;37;28;36;27;90;0;12;20;12;19;11;18;11;17;11;17;10;16;10;16;11;15;11;14;11;13;11;12;11;12;11;12;11;12;11;12;11;12;11;11;11;11;10;10;10;10;9;10;9;10;9;10;9;10;8;10;8;10;8;10;7;10;2;3;0;1;-1;-1;-1;-1;-1;-1;1;0;3;2;9;7;9;7;9;8;9;9;9;10;10;11;10;11;10;12;10;12;9;13;9;14;9;15;9;16;10;16;10;16;9;16;9;17;9;17;9;18;9;18;10;19;10;19;10;19;11;19;11;20;11;20;11;20;11;20;90;0;22;-4;22;-4;22;-4;21;-4;21;-4;20;-4;19;-4;18;-4;18;-5;17;-6;17;-6;17;-6;17;-6;17;-6;17;-6;16;-5;16;-5;16;-5;16;-5;16;-4;16;-3;16;-3;15;-2;15;-2;14;-2;14;-1;14;0;14;1;5;0;1;0;-1;0;-1;0;-1;0;1;-1;4;-2;11;-4;11;-4;12;-3;12;-3;12;-2;13;-2;13;-2;14;-2;15;-2;16;-1;16;-1;16;0;16;0;16;-1;17;-1;17;-1;17;-1;18;0;18;0;18;-1;19;-1;19;-2;20;-2;21;-3;22;-3;22;-3;22;-3;22;-3,stable,EXP_S045,ZONE_01,entree_zone,4.7,entree_zone,entree dans la zone
905172401,-55,6,a0:9f:7a:73:2b:3e,384,-110;-96;8;0;15;-21;10;-14;4;-8;-1;-1;-5;6;-9;12;-12;18;-14;22;-16;26;-17;29;-17;30;-17;31;-15;31;-14;30;-12;27;-10;24;-8;19;-5;14;-2;8;0;3;3;-2;6;-7;8;-11;11;-15;12;-17;3;-5;0;0;0;0;0;0;0;0;0;0;0;0;0;0;0;0;0;0;-1;0;-1;3;-4;6;-7;11;-10;15;-14;19;-17;22;-20;24;-22;25;-23;25;-24;24;-24;22;-21;18;-18;14;-14;9;-9;4;-3;-1;3;-6;8;-12;13;-18;19;-24;23;-28;26;-32;29;-35;31;-36;30;-36;29;-35;98;0;17;-17;16;-16;15;-15;15;-15;14;-14;14;-14;14;-14;13;-14;12;-15;11;-15;10;-14;9;-14;9;-13;9;-13;9;-14;9;-14;8;-14;8;-14;7;-13;7;-12;7;-12;7;-11;8;-12;7;-12;7;-12;7;-12;7;-11;7;-11;2;-4;0;-2;-1;0;-1;0;-1;0;0;-2;2;-4;6;-11;7;-11;8;-11;9;-11;9;-11;10;-12;10;-12;10;-12;11;-12;12;-11;13;-11;14;-12;15;-12;15;-12;15;-12;15;-12;15;-12;15;-12;16;-12;17;-12;18;-13;18;-14;17;-15;17;-15;17;-14;18;-14;18;-14;19;-14;98;0;-8;-21;-8;-21;-8;-22;-8;-22;-8;-21;-8;-20;-8;-19;-8;-18;-9;-17;-9;-17;-10;-17;-10;-17;-10;-17;-9;-17;-9;-16;-9;-16;-9;-16;-9;-16;-9;-16;-8;-16;-8;-16;-7;-16;-6;-16;-6;-15;-5;-15;-5;-15;-4;-15;-3;-16;-2;-6;-1;-2;0;0;0;0;0;0;-1;-2;-2;-4;-5;-12;-5;-12;-4;-12;-3;-13;-3;-13;-3;-13;-4;-14;-4;-15;-4;-16;-3;-17;-3;-17;-2;-17;-2;-17;-3;-17;-3;-17;-3;-18;-3;-19;-3;-19;-3;-19;-3;-19;-4;-19;-5;-19;-6;-20;-7;-21;-7;-22;-7;-23;-7;-23;-6;-23,stable,EXP_S045,ZONE_01,entree_zone,4.7,entree_zone,entree dans la zone
905373057,-55,6,a0:9f:7a:73:2b:3e,384,-110;-96;8;0;15;-24;9;-16;4;-8;-2;0;-6;7;-10;14;-13;20;-15;25;-16;29;-16;33;-16;35;-16;36;-15;35;-13;33;-12;30;-10;26;-8;21;-5;15;-2;9;1;3;3;-3;6;-8;8;-13;11;-17;13;-19;3;-5;0;0;0;0;0;0;0;0;0;0;0;0;0;0;0;0;0;0;0;0;-1;4;-3;8;-6;13;-9;18;-12;23;-15;26;-18;29;-20;30;-22;30;-22;29;-21;27;-20;23;-17;18;-13;12;-8;5;-3;-1;2;-8;8;-15;13;-22;18;-28;23;-33;26;-38;27;-41;28;-43;28;-43;27;-42;98;0;21;-14;20;-14;19;-13;19;-13;18;-13;17;-12;17;-12;16;-13;15;-13;14;-13;14;-13;13;-13;13;-12;13;-12;13;-12;12;-13;12;-13;12;-12;11;-12;11;-11;11;-11;11;-10;11;-10;11;-10;11;-10;11;-9;11;-9;11;-8;4;-3;1;-1;-1;0;-1;0;-1;0;0;-2;2;-5;6;-12;7;-12;8;-12;9;-12;10;-12;10;-13;11;-13;12;-13;13;-13;14;-13;15;-13;16;-13;17;-13;17;-12;17;-12;17;-12;17;-12;18;-12;19;-12;19;-12;20;-12;20;-13;20;-13;20;-13;21;-13;21;-13;22;-13;22;-13;98;0;-6;-24;-6;-25;-6;-25;-5;-24;-6;-24;-6;-23;-6;-22;-6;-21;-7;-20;-7;-20;-7;-19;-7;-20;-7;-19;-6;-19;-6;-19;-6;-19;-6;-19;-5;-19;-5;-19;-4;-19;-4;-19;-3;-18;-3;-18;-2;-17;-2;-17;-1;-17;0;-17;1;-17;0;-7;0;-2;0;0;0;0;0;0;-1;-2;-3;-5;-6;-12;-6;-13;-5;-13;-5;-14;-4;-14;-4;-15;-4;-15;-4;-16;-4;-17;-3;-17;-3;-18;-3;-18;-3;-18;-3;-18;-3;-19;-3;-19;-3;-20;-2;-20;-2;-21;-3;-21;-3;-21;-4;-22;-4;-23;-5;-23;-5;-24;-5;-25;-5;-25;-5;-25,stable,EXP_S045,ZONE_01,entree_zone,4.7,entree_zone,entree dans la zone
905573141,-56,6,a0:9f:7a:73:2b:3e,384,-110;-96;8;0;12;7;8;4;3;2;-1;0;-5;-2;-9;-3;-13;-4;-15;-5;-18;-5;-19;-4;-20;-4;-21;-3;-20;-3;-19;-2;-17;-2;-15;-1;-12;-1;-9;0;-5;0;-2;0;2;0;5;1;7;1;10;1;11;1;3;0;0;0;0;0;0;0;0;0;0;0;0;0;0;0;0;0;0;0;-1;-1;-3;-1;-5;-3;-7;-5;-9;-7;-11;-9;-13;-12;-14;-13;-14;-14;-14;-15;-13;-15;-12;-14;-11;-13;-8;-11;-6;-8;-2;-5;1;-2;4;1;7;4;11;7;15;10;17;12;20;13;21;14;22;14;22;14;22;13;89;0;18;19;18;19;17;18;17;17;16;16;16;16;16;15;16;14;17;13;17;12;16;11;16;10;15;10;15;10;15;10;16;10;16;9;15;9;15;8;14;8;13;8;13;8;13;8;13;8;13;8;12;8;12;8;11;8;4;3;1;1;-1;-1;-1;-1;-1;-1;1;0;4;2;12;6;12;7;12;8;12;9;13;10;13;11;14;12;14;12;14;13;14;15;14;16;14;17;14;17;14;17;14;17;14;17;14;18;14;18;14;19;14;20;15;20;16;20;16;20;17;20;17;20;17;21;17;21;17;21;89;0;22;-10;23;-11;23;-11;22;-11;22;-11;21;-11;20;-11;18;-11;17;-11;17;-12;16;-12;16;-12;16;-12;16;-12;16;-11;16;-11;16;-11;16;-11;16;-10;16;-10;16;-9;16;-8;15;-8;15;-8;15;-7;15;-7;16;-6;16;-5;6;-2;1;-1;-1;0;-1;0;-1;0;1;-1;4;-3;12;-7;12;-6;12;-5;13;-5;13;-5;13;-5;14;-6;15;-5;16;-5;17;-5;18;-4;18;-4;17;-5;17;-5;18;-6;18;-6;19;-5;20;-5;20;-5;20;-5;20;-6;21;-7;21;-8;22;-9;23;-9;23;-10;23;-10;23;-10,stable,EXP_S045,ZONE_01,entree_zone,4.7,entree_zone,entree dans la zone
905772713,-55,6,a0:9f:7a:73:2b:3e,384,-110;-96;8;0;16;18;11;12;5;5;-1;-1;-7;-6;-12;-11;-17;-15;-21;-17;-25;-19;-28;-19;-30;-20;-31;-19;-30;-18;-29;-16;-26;-15;-23;-12;-19;-9;-14;-6;-9;-3;-4;0;1;3;6;6;10;9;14;11;16;13;4;3;0;0;0;0;0;0;0;0;0;0;0;0;0;0;0;0;0;0;-1;-1;-4;-2;-7;-6;-10;-10;-13;-14;-16;-18;-18;-22;-20;-25;-20;-27;-20;-29;-18;-29;-16;-27;-14;-25;-10;-20;-7;-15;-3;-9;1;-3;6;4;10;10;15;17;19;23;23;27;26;31;28;34;30;35;30;34;29;33;96;0;2;23;2;22;3;21;3;20;3;19;3;19;3;18;4;18;4;17;5;16;5;16;5;15;5;15;5;15;5;15;5;14;5;14;5;14;5;14;5;13;4;13;4;13;4;12;4;12;4;12;3;12;3;12;3;12;1;4;0;1;-1;-1;-1;-1;-1;-1;0;1;2;3;5;11;5;11;4;12;4;13;4;13;4;14;4;14;4;15;3;16;3;16;2;17;2;18;2;18;1;19;1;19;1;19;1;19;1;19;1;20;1;20;1;21;1;21;1;22;1;22;1;22;1;22;1;23;1;23;96;0;21;5;21;4;21;4;21;4;20;4;19;3;19;3;18;2;18;2;17;1;17;1;17;0;17;0;17;1;17;1;17;1;17;1;17;1;17;2;16;2;16;2;15;3;15;3;14;3;14;4;14;4;13;5;13;6;4;2;1;0;-1;-1;-1;-1;-1;-1;1;0;4;0;11;1;11;1;11;2;11;2;11;3;12;3;12;3;13;4;14;4;14;5;14;5;14;5;14;6;14;5;15;5;15;6;15;6;16;6;16;6;16;6;17;6;18;5;19;5;19;5;20;5;21;5;21;5;21;5,stable,EXP_S045,ZONE_01,entree_zone,4.7,entree_zone,entree dans la zone
905974491,-55,6,a0:9f:7a:73:2b:3e,384,-110;-96;8;0;21;-14;14;-10;6;-6;-1;-1;-8;3;-14;7;-19;11;-23;14;-25;17;-27;20;-28;21;-28;22;-27;22;-25;21;-22;19;-19;17;-15;14;-10;10;-5;7;-1;3;4;0;8;-3;12;-6;16;-8;19;-9;4;-3;0;0;0;0;0;0;0;0;0;0;0;0;0;0;0;0;0;0;-1;0;-3;2;-6;5;-10;8;-14;11;-19;14;-23;16;-27;17;-29;17;-30;17;-30;16;-29;14;-26;11;-21;8;-16;5;-10;2;-3;-2;5;-5;12;-9;19;-12;26;-15;31;-18;36;-20;39;-22;40;-23;40;-23;39;-23;96;0;22;5;21;4;20;4;20;4;19;3;19;3;18;3;18;2;17;1;17;0;16;0;16;-1;16;-1;15;-1;15;-1;15;-1;15;-1;15;-2;14;-2;14;-2;13;-1;13;-1;13;-2;13;-2;13;-2;12;-1;12;-1;12;0;4;0;1;0;-1;0;-1;0;-1;-1;1;-1;4;-1;12;-1;12;0;13;0;13;1;14;1;14;2;15;2;15;2;15;3;16;4;16;4;17;5;17;5;18;5;18;5;18;5;18;6;18;6;18;7;19;7;19;7;20;6;20;6;21;6;21;6;21;6;22;6;22;6;96;0;12;-19;12;-19;12;-20;12;-19;11;-19;11;-18;10;-18;9;-17;8;-17;7;-18;7;-18;7;-18;7;-18;7;-18;7;-17;7;-17;6;-17;7;-17;7;-17;7;-16;7;-16;7;-15;7;-14;7;-14;8;-14;8;-13;9;-13;9;-12;3;-5;1;-2;-1;0;-1;0;-1;0;0;-2;2;-4;6;-10;7;-10;7;-10;8;-10;8;-10;9;-10;9;-11;10;-11;11;-11;11;-12;12;-11;12;-11;12;-11;12;-12;12;-12;12;-12;13;-13;13;-13;13;-13;13;-14;13;-14;13;-15;13;-16;13;-17;13;-18;13;-19;13;-19;13;-19,stable,EXP_S045,ZONE_01,entree_zone,4.7,entree_zone,entree dans la zone
906176734,-55,6,a0:9f:7a:73:2b:3e,384,-110;-96;8;0;19;17;12;11;6;5;-1;0;-8;-5;-14;-9;-19;-12;-24;-14;-29;-14;-32;-15;-33;-14;-34;-14;-33;-13;-32;-12;-29;-10;-25;-8;-20;-6;-15;-4;-9;-2;-3;0;2;2;8;4;12;5;16;7;19;8;4;2;0;0;0;0;0;0;0;0;0;0;0;0;0;0;0;0;0;0;-1;-1;-4;-2;-7;-5;-10;-9;-14;-13;-17;-18;-20;-22;-21;-25;-22;-28;-22;-29;-21;-29;-19;-28;-16;-25;-12;-20;-8;-15;-3;-9;1;-3;6;3;11;9;16;15;21;21;26;26;30;29;33;32;34;33;34;32;34;31;89;0;9;22;9;21;9;20;8;19;7;18;7;18;7;18;8;17;9;17;9;15;9;14;9;13;8;13;8;14;8;14;9;14;9;14;9;13;9;12;8;11;7;11;7;12;7;12;7;12;7;12;7;11;6;11;6;11;2;3;0;1;-1;-1;-1;-1;-1;-1;1;0;3;2;8;8;8;9;8;10;8;11;8;12;9;13;9;13;9;13;8;14;8;15;8;16;7;17;8;18;8;18;8;18;7;18;7;18;6;19;6;20;6;20;7;21;7;21;8;21;8;21;8;21;7;22;7;22;7;22;89;0;21;-2;22;-2;22;-1;22;-1;21;-1;20;-1;19;-1;18;-1;18;-3;18;-4;17;-4;18;-4;18;-3;17;-3;17;-2;16;-2;16;-3;16;-2;16;-2;16;-1;16;0;16;0;15;0;14;0;14;0;14;1;14;2;14;3;5;1;1;0;-1;-1;-1;0;-1;0;1;-1;4;-2;12;-3;12;-3;12;-2;12;-1;12;-1;12;-1;13;-1;14;-1;15;0;16;1;16;2;16;2;15;1;16;1;16;0;17;0;18;1;18;2;18;2;17;2;18;1;18;1;20;0;21;0;22;0;22;0;22;0;21;0,stable,EXP_S045,ZONE_01,entree_zone,4.7,entree_zone,entree dans la zone
906372502,-55,6,a0:9f:7a:73:2b:3e,384,-110;-96;8;0;-2;-26;-2;-18;-1;-9;-1;0;1;8;2;15;4;21;6;26;7;30;9;32;10;34;11;33;12;32;12;30;11;27;10;23;8;18;6;13;4;7;2;1;0;-5;-1;-10;-3;-15;-4;-19;-4;-22;-2;-6;0;0;0;0;0;0;0;0;0;0;0;0;0;0;0;0;0;0;0;0;1;3;1;7;1;12;1;18;1;23;0;28;-1;31;-1;34;-2;35;-4;34;-5;32;-5;27;-5;22;-5;15;-4;8;-3;1;-2;-7;-2;-15;-2;-23;-2;-31;-1;-37;-2;-43;-2;-47;-2;-48;-2;-48;-2;-46;99;0;8;-23;7;-23;7;-22;6;-21;6;-20;6;-19;5;-19;4;-19;3;-19;2;-18;2;-18;1;-17;2;-17;2;-17;1;-17;1;-17;0;-17;0;-17;0;-16;0;-15;1;-15;1;-15;1;-15;1;-15;0;-14;0;-14;1;-14;1;-13;0;-5;0;-2;0;0;-1;0;-1;0;-1;-2;0;-5;1;-13;2;-13;3;-14;3;-14;4;-15;4;-15;4;-16;4;-16;5;-16;6;-16;7;-17;8;-17;8;-18;8;-18;8;-18;8;-18;8;-18;9;-18;9;-19;10;-19;10;-20;9;-21;9;-21;9;-21;9;-21;9;-21;10;-22;10;-22;99;0;-17;-15;-17;-15;-18;-15;-18;-15;-17;-15;-17;-14;-16;-13;-16;-12;-16;-11;-17;-10;-17;-10;-17;-10;-17;-10;-16;-10;-16;-10;-16;-10;-16;-9;-16;-9;-16;-10;-15;-10;-15;-10;-14;-10;-13;-10;-13;-10;-12;-10;-12;-11;-11;-11;-11;-12;-4;-5;-2;-2;0;0;0;0;0;0;-2;-1;-4;-3;-9;-9;-9;-9;-9;-10;-8;-10;-8;-11;-9;-11;-9;-11;-10;-12;-10;-13;-10;-14;-10;-14;-9;-14;-9;-14;-10;-14;-10;-14;-11;-15;-11;-16;-11;-16;-11;-16;-11;-16;-12;-15;-13;-15;-15;-15;-15;-16;-16;-17;-16;-17;-16;-17;-16;-18,stable,EXP_S045,ZONE_01,entree_zone,4.7,entree_zone,entree dans la zone
906572660,-56,6,a0:9f:7a:73:2b:3e,384,-110;-96;8;0;3;16;2;10;1;4;0;-1;-2;-6;-3;-11;-5;-14;-6;-17;-8;-19;-9;-21;-10;-21;-11;-22;-11;-21;-10;-19;-9;-17;-8;-15;-7;-12;-6;-8;-4;-5;-2;-1;-1;2;1;5;2;8;3;11;3;13;0;3;0;0;0;0;0;0;0;0;0;0;0;0;0;0;0;0;0;0;-1;-1;-2;-2;-3;-5;-4;-9;-4;-12;-4;-16;-4;-18;-4;-21;-4;-22;-3;-23;-2;-22;-2;-21;-1;-19;0;-15;0;-11;1;-6;1;-1;1;4;2;9;3;14;3;19;3;23;4;26;5;28;5;30;6;29;6;28;87;0;-19;24;-19;23;-18;23;-17;22;-15;22;-14;21;-13;21;-12;20;-12;19;-11;19;-10;19;-9;19;-9;19;-9;19;-8;19;-8;19;-8;18;-8;18;-8;17;-8;17;-7;17;-7;17;-7;16;-7;15;-7;15;-8;15;-8;14;-8;14;-3;5;-1;1;0;-1;0;-1;0;-1;-1;1;-2;5;-6;15;-7;15;-7;16;-8;16;-9;16;-10;17;-11;17;-12;17;-13;18;-13;19;-14;19;-15;19;-16;19;-16;19;-17;19;-17;19;-18;19;-18;20;-18;20;-18;20;-19;20;-19;21;-19;21;-20;22;-20;23;-20;23;-19;24;-19;24;87;0;15;25;15;24;15;23;16;22;16;21;16;21;16;20;16;20;16;19;16;18;15;17;15;17;16;16;16;16;16;16;15;16;15;16;14;16;13;16;13;16;12;16;12;16;11;16;11;16;10;16;9;16;8;16;7;16;2;6;0;1;-1;-1;-1;-1;-1;-1;1;1;3;4;9;12;8;12;8;13;8;14;8;14;8;15;8;16;8;16;8;17;8;18;8;18;8;19;8;19;8;20;8;20;8;20;8;20;9;21;9;21;10;22;11;22;11;23;12;24;12;24;13;24;14;24;15;25;16;25,stable,EXP_S045,ZONE_01,entree_zone,4.7,entree_zone,entree dans la zone
906776976,-55,6,a0:9f:7a:73:2b:3e,384,-110;-96;8;0;21;-17;13;-12;6;-6;-1;0;-7;5;-13;11;-17;15;-20;19;-22;23;-23;26;-24;28;-24;29;-23;28;-21;27;-19;24;-16;21;-12;17;-8;12;-4;7;0;2;4;-2;7;-6;11;-10;14;-13;16;-15;4;-4;0;0;0;0;0;0;0;0;0;0;0;0;0;0;0;0;0;0;-1;0;-2;2;-6;5;-10;9;-14;12;-19;15;-23;18;-27;19;-29;20;-31;19;-31;18;-29;16;-26;13;-22;10;-16;6;-10;2;-3;-2;4;-6;11;-10;19;-15;25;-19;30;-23;34;-26;37;-28;39;-29;39;-30;37;-29;101;0;24;-1;23;-1;22;-1;22;-1;21;-1;20;-1;20;-1;19;-2;18;-3;18;-3;17;-3;17;-4;16;-4;16;-3;16;-4;16;-4;16;-4;15;-3;15;-3;15;-3;14;-3;14;-3;14;-2;14;-2;13;-2;13;-2;13;-1;13;-1;4;-1;1;0;-1;0;-1;0;-1;0;1;-1;4;-3;11;-7;12;-6;12;-6;13;-5;14;-5;14;-5;15;-5;16;-4;16;-4;17;-3;18;-3;19;-2;19;-2;19;-1;20;-1;20;-1;20;-1;20;0;21;0;21;0;22;0;22;0;23;0;23;0;23;0;24;0;24;0;24;0;101;0;8;-22;8;-22;8;-22;8;-22;7;-21;7;-21;6;-20;6;-20;5;-19;4;-19;4;-19;4;-19;4;-19;4;-19;4;-18;4;-18;5;-18;5;-18;5;-18;5;-17;6;-17;6;-16;6;-15;7;-15;7;-14;8;-14;8;-14;9;-13;3;-5;1;-2;-1;0;-1;0;-1;0;0;-2;0;-5;1;-13;2;-13;3;-13;3;-13;4;-13;4;-14;4;-14;5;-15;6;-15;6;-15;7;-16;7;-16;7;-16;7;-16;8;-16;8;-16;8;-17;9;-17;9;-17;9;-18;8;-18;8;-19;8;-20;8;-21;8;-21;8;-22;8;-23;8;-23,stable,EXP_S045,ZONE_01,entree_zone,4.7,entree_zone,entree dans la zone
906974725,-56,6,a0:9f:7a:73:2b:3e,384,-110;-96;8;0;-9;-17;-6;-12;-3;-6;0;0;3;5;7;9;10;12;12;15;15;17;17;18;18;18;18;18;18;17;18;16;16;14;14;12;11;9;8;6;5;2;1;-1;-2;-3;-5;-6;-7;-9;-10;-11;-11;-13;-3;-4;0;0;0;0;0;0;0;0;0;0;0;0;0;0;0;0;0;0;0;0;1;1;2;4;4;8;5;12;6;16;6;19;7;22;7;24;6;25;5;24;4;23;3;20;2;17;1;12;-1;7;-2;1;-4;-5;-6;-11;-8;-16;-10;-21;-11;-26;-13;-29;-14;-31;-15;-32;-15;-32;-15;-31;89;0;5;-36;5;-35;4;-34;4;-32;3;-31;2;-30;1;-30;0;-29;-1;-28;-2;-27;-2;-26;-2;-26;-2;-25;-2;-25;-3;-25;-3;-25;-3;-25;-4;-24;-4;-23;-3;-23;-3;-22;-3;-22;-2;-21;-3;-21;-3;-21;-2;-20;-2;-20;-1;-20;-1;-7;0;-3;0;0;0;1;-1;0;-1;-2;-2;-7;-3;-20;-2;-20;-1;-21;0;-22;1;-22;1;-23;1;-24;2;-25;2;-26;3;-27;4;-27;5;-28;6;-29;6;-29;7;-29;7;-29;7;-29;7;-30;7;-30;7;-31;7;-32;7;-33;7;-34;7;-34;7;-34;7;-35;7;-35;7;-36;89;0;-29;-18;-29;-17;-29;-17;-29;-16;-28;-15;-28;-14;-27;-13;-27;-12;-26;-11;-26;-10;-26;-10;-26;-9;-26;-9;-26;-9;-25;-9;-25;-9;-25;-9;-25;-9;-24;-9;-24;-9;-23;-10;-23;-10;-22;-11;-21;-11;-20;-11;-19;-12;-19;-13;-18;-13;-7;-5;-2;-2;0;0;0;0;0;0;-2;-1;-6;-4;-16;-10;-16;-11;-15;-11;-15;-12;-15;-13;-16;-13;-16;-14;-17;-15;-18;-16;-18;-17;-18;-17;-18;-18;-18;-18;-18;-18;-19;-18;-19;-19;-20;-19;-20;-19;-21;-19;-21;-19;-22;-18;-23;-18;-25;-18;-26;-18;-27;-19;-28;-19;-28;-19;-29;-19,stable,EXP_S045,ZONE_01,entree_zone,4.7,entree_zone,entree dans la zone
907173108,-55,6,a0:9f:7a:73:2b:3e,384,-110;-96;8;0;-17;11;-11;7;-5;3;0;-1;4;-5;8;-8;12;-12;14;-15;16;-18;16;-20;17;-21;16;-21;15;-21;14;-20;12;-19;10;-16;8;-13;5;-10;2;-6;-1;-3;-3;1;-6;4;-8;7;-11;9;-12;11;-4;2;0;0;0;0;0;0;0;0;0;0;0;0;0;0;0;0;0;0;0;-1;1;-3;4;-4;7;-6;11;-8;15;-10;18;-11;21;-12;22;-12;23;-12;23;-11;22;-10;20;-8;16;-6;12;-4;7;-2;1;1;-4;3;-10;6;-15;9;-20;12;-24;14;-27;16;-30;18;-31;19;-30;19;-29;18;105;0;-37;4;-35;4;-34;4;-32;4;-31;4;-30;4;-30;5;-29;6;-28;8;-26;9;-25;9;-24;9;-23;9;-23;9;-23;9;-23;10;-23;10;-22;11;-20;10;-20;9;-19;8;-19;8;-19;8;-19;9;-19;9;-18;9;-18;8;-18;8;-7;2;-2;0;0;-1;1;-1;0;-1;-2;0;-7;2;-19;5;-19;4;-21;3;-22;2;-23;2;-24;3;-25;3;-25;2;-26;1;-26;0;-28;-1;-28;-2;-29;-2;-30;-1;-30;-1;-30;-1;-30;-1;-30;-2;-31;-2;-33;-2;-34;-1;-35;-1;-35;0;-35;1;-35;1;-35;1;-36;1;-36;0;105;0;-8;31;-8;32;-8;32;-8;32;-7;31;-7;30;-6;29;-5;28;-3;27;-2;27;-2;27;-2;27;-1;27;-1;26;-1;26;-1;25;0;25;0;25;0;25;-1;26;-2;25;-2;24;-3;23;-3;22;-3;22;-4;21;-5;21;-6;21;-3;7;-1;2;0;-1;0;-2;0;-1;-1;1;-3;6;-7;16;-8;16;-9;16;-10;16;-10;16;-10;16;-10;18;-11;19;-12;20;-13;20;-14;20;-14;20;-14;20;-14;20;-14;22;-14;23;-14;23;-15;24;-15;24;-14;24;-13;25;-12;27;-12;28;-12;30;-12;31;-12;32;-11;32;-11;32,stable,EXP_S045,ZONE_01,entree_zone,4.7,entree_zone,entree dans la zone
907372644,-55,6,a0:9f:7a:73:2b:3e,384,-110;-96;8;0;20;-17;13;-12;6;-6;-1;0;-6;6;-11;11;-15;17;-18;21;-20;25;-21;28;-21;30;-20;30;-19;30;-18;29;-15;26;-13;22;-10;18;-7;13;-3;7;0;2;3;-3;6;-8;9;-12;11;-16;13;-18;3;-5;0;0;0;0;0;0;0;0;0;0;0;0;0;0;0;0;0;0;-1;0;-2;3;-6;5;-10;8;-15;11;-20;14;-24;16;-27;17;-30;17;-31;17;-31;16;-30;14;-27;12;-22;9;-17;5;-10;1;-3;-2;4;-6;11;-11;18;-15;24;-19;30;-23;34;-26;36;-28;38;-30;37;-30;36;-30;96;0;24;-1;23;-2;23;-2;22;-2;21;-2;20;-3;19;-3;19;-3;18;-4;17;-4;17;-5;17;-5;16;-5;16;-5;16;-5;16;-5;15;-5;15;-5;15;-5;14;-5;14;-5;13;-5;13;-5;13;-5;13;-4;13;-4;13;-4;12;-3;4;-1;1;-1;-1;0;-1;0;-1;0;1;-1;4;-2;12;-5;12;-5;13;-4;14;-4;14;-3;15;-3;15;-3;16;-3;17;-2;17;-2;18;-1;19;-1;19;0;19;0;20;0;20;0;20;0;20;0;21;0;21;0;22;0;22;0;23;0;23;0;23;0;24;0;24;0;24;0;96;0;7;-22;7;-22;6;-22;6;-22;6;-21;5;-21;5;-20;4;-20;3;-19;3;-19;3;-19;2;-19;2;-19;2;-19;2;-18;2;-18;2;-18;2;-18;2;-18;3;-18;3;-17;3;-17;4;-16;4;-16;5;-15;5;-15;6;-15;7;-14;2;-5;0;-2;-1;0;-1;0;-1;0;0;-2;1;-4;3;-12;4;-12;4;-12;5;-12;5;-12;5;-12;6;-13;6;-14;7;-14;7;-14;7;-14;8;-14;8;-14;8;-15;9;-15;9;-15;9;-16;9;-16;9;-17;8;-17;8;-18;8;-19;8;-19;8;-20;8;-21;8;-21;8;-22;8;-22,stable,EXP_S045,ZONE_01,entree_zone,4.7,entree_zone,entree dans la zone
