timestamp_us,rssi,channel,mac,csi_len,csi_data,experiment_id,zone_id,scenario,distance_tx_rx_m,ground_truth,comment,marker_state
9904972259,-50,6,a0:9f:7a:73:2b:3e,384,-110;-96;8;0;11;-10;6;-13;3;-17;0;-20;-2;-23;-4;-26;-4;-28;-4;-30;-4;-30;-4;-30;-3;-29;-2;-28;-1;-25;0;-22;0;-18;-1;-14;-3;-10;-6;-7;-9;-4;-12;-2;-15;-1;-17;-1;-19;-1;-21;-2;-22;-4;-6;-1;0;0;0;0;0;0;0;0;0;0;0;0;0;0;0;0;0;0;3;3;12;15;12;18;10;21;8;24;5;25;2;25;0;23;-2;20;-2;16;-1;12;1;8;4;5;8;1;12;-1;16;-3;20;-4;23;-4;27;-5;30;-5;32;-4;33;-3;33;-3;32;-3;30;-3;28;-4;25;-4;-117;0;-1;10;-1;10;-1;10;-1;10;-1;10;-1;10;0;10;1;10;1;9;1;9;1;9;1;9;1;9;1;9;2;9;2;9;2;8;2;8;2;8;2;8;1;8;1;8;2;8;2;8;2;8;2;7;1;7;1;7;0;2;0;0;-1;-1;0;-1;0;-1;-1;1;-2;3;-5;10;-6;10;-6;10;-7;10;-7;10;-7;9;-7;9;-8;8;-8;8;-8;8;-8;8;-8;8;-8;8;-7;8;-7;7;-7;7;-7;7;-7;7;-7;8;-6;8;-5;8;-5;8;-4;8;-4;9;-4;9;-4;10;-4;10;-3;11;-117;0;21;-13;21;-13;21;-13;20;-13;19;-12;18;-12;17;-12;17;-12;16;-12;16;-12;15;-12;15;-12;15;-11;14;-11;14;-11;14;-11;13;-11;13;-11;13;-10;13;-10;13;-9;13;-8;12;-8;12;-8;12;-7;12;-7;12;-6;12;-5;4;-2;1;-1;-1;0;-1;0;-1;0;1;-1;3;-3;10;-6;10;-6;10;-6;11;-6;11;-6;11;-6;12;-6;13;-6;13;-6;14;-6;14;-7;14;-7;15;-7;15;-7;16;-7;16;-7;17;-7;17;-8;17;-8;17;-9;18;-10;18;-11;19;-11;20;-11;20;-12;21;-12;21;-12;21;-13,empty,EXP_S055,ZONE_01,sortie_zone,4.7,sortie_zone,sortie de la zone
9905176026,-50,6,a0:9f:7a:73:2b:3e,384,-110;-96;8;0;-6;15;-2;16;2;17;6;19;9;20;11;22;12;24;12;25;12;25;11;26;10;26;8;25;6;23;5;20;5;17;4;13;5;10;7;6;9;4;11;2;14;1;16;0;18;1;19;3;20;4;5;1;0;0;0;0;0;0;0;0;0;0;0;0;0;0;0;0;0;0;-5;0;-20;1;-22;-1;-24;-4;-25;-7;-24;-10;-22;-12;-20;-13;-17;-12;-14;-10;-11;-8;-10;-4;-9;0;-10;4;-11;8;-12;12;-15;15;-17;17;-19;19;-21;20;-22;21;-23;21;-24;21;-23;20;-23;19;-21;18;-19;18;-111;0;-13;-14;-12;-13;-12;-13;-11;-13;-12;-13;-12;-14;-14;-13;-15;-12;-15;-10;-15;-9;-14;-9;-14;-9;-14;-10;-15;-10;-16;-9;-16;-9;-16;-8;-15;-7;-13;-8;-13;-8;-13;-9;-13;-9;-14;-9;-14;-8;-13;-7;-13;-7;-11;-7;-11;-8;-4;-3;-1;-1;0;0;0;1;0;0;-1;-3;-3;-8;-7;-21;-7;-21;-6;-22;-5;-22;-5;-22;-4;-21;-3;-20;-2;-20;0;-21;0;-21;0;-22;-1;-21;-1;-20;-2;-19;-1;-18;-1;-17;-1;-18;-1;-18;-3;-18;-4;-18;-5;-17;-6;-16;-6;-15;-6;-15;-6;-16;-7;-17;-9;-18;-11;-18;-111;0;-13;49;-13;48;-13;47;-13;46;-13;45;-12;43;-11;42;-10;41;-8;40;-7;40;-7;39;-6;38;-6;38;-6;37;-6;36;-6;35;-6;35;-7;34;-8;33;-8;32;-9;31;-9;29;-8;28;-8;27;-9;27;-10;26;-11;25;-12;25;-5;9;-2;2;0;-1;0;-2;0;-1;-1;2;-3;8;-8;23;-8;23;-9;23;-9;24;-10;25;-11;26;-12;27;-13;27;-14;28;-15;28;-15;29;-15;30;-15;31;-15;32;-15;32;-16;33;-16;33;-16;34;-15;35;-15;37;-14;38;-14;40;-15;42;-15;44;-15;45;-14;46;-14;47;-14;48,empty,EXP_S055,ZONE_01,sortie_zone,4.7,sortie_zone,sortie de la zone
9905372272,-50,6,a0:9f:7a:73:2b:3e,384,-110;-96;8;0;-1;-14;-6;-15;-10;-16;-14;-18;-17;-19;-19;-20;-20;-21;-20;-22;-20;-22;-20;-21;-19;-20;-17;-19;-15;-17;-13;-14;-11;-11;-10;-7;-10;-3;-9;0;-10;4;-11;7;-12;10;-14;11;-16;12;-17;12;-18;12;-5;3;0;0;0;0;0;0;0;0;0;0;0;0;0;0;0;0;0;0;4;2;19;11;19;15;18;18;16;21;13;23;10;22;7;21;5;18;3;14;3;9;4;4;5;-1;8;-6;11;-9;15;-12;18;-15;21;-16;24;-17;26;-17;27;-17;27;-17;27;-17;25;-16;22;-15;19;-14;16;-14;-127;0;7;19;7;19;6;18;7;18;7;18;8;18;10;17;11;15;11;14;11;13;11;12;11;12;12;12;12;12;13;12;13;11;13;10;12;10;12;10;11;10;11;10;11;10;12;10;12;9;12;8;11;8;10;8;10;9;3;3;0;1;-1;-1;-1;-2;0;-1;0;2;0;9;0;25;-1;25;-2;26;-3;25;-4;25;-5;24;-6;24;-7;24;-8;24;-9;24;-9;24;-8;24;-7;23;-7;22;-7;21;-7;21;-7;21;-6;21;-5;21;-4;21;-2;21;-2;20;-1;20;-1;20;0;20;1;21;3;22;4;22;-127;0;14;-47;13;-47;13;-46;12;-45;12;-43;11;-42;9;-41;8;-40;6;-39;5;-38;4;-38;4;-37;4;-36;3;-36;3;-36;3;-35;3;-35;3;-35;4;-34;5;-33;5;-32;5;-30;5;-29;5;-28;5;-28;6;-27;8;-27;9;-26;3;-10;1;-3;-1;0;-1;1;-1;0;0;-3;2;-8;8;-23;8;-23;9;-23;10;-23;10;-24;11;-25;12;-26;13;-27;14;-27;15;-27;15;-28;15;-28;16;-29;16;-30;17;-31;17;-32;17;-32;17;-33;16;-34;16;-35;16;-37;16;-39;16;-40;16;-42;16;-43;15;-44;15;-45;15;-46,empty,EXP_S055,ZONE_01,sortie_zone,4.7,sortie_zone,sortie de la zone
9905572588,-49,6,a0:9f:7a:73:2b:3e,384,-110;-96;8;0;-11;12;-6;13;-1;14;3;16;7;18;10;21;12;23;12;25;12;26;11;27;9;28;7;27;6;26;4;23;3;20;3;16;3;12;4;7;6;4;9;1;12;-1;15;-2;18;-1;20;0;22;2;5;0;0;0;0;0;0;0;0;0;0;0;0;0;0;0;0;0;0;0;-5;-1;-18;-5;-20;-7;-21;-10;-21;-13;-20;-15;-18;-16;-16;-17;-14;-16;-12;-14;-11;-11;-10;-8;-10;-5;-11;-1;-12;3;-14;6;-16;9;-18;12;-20;14;-23;16;-25;18;-26;18;-27;18;-28;17;-28;16;-27;15;-25;14;-120;0;-19;-12;-18;-12;-18;-11;-17;-11;-18;-12;-18;-12;-19;-11;-20;-10;-20;-8;-19;-7;-19;-7;-18;-7;-19;-8;-19;-8;-20;-8;-21;-7;-20;-6;-19;-6;-19;-6;-18;-7;-18;-7;-18;-8;-18;-8;-19;-7;-18;-7;-18;-7;-17;-8;-16;-8;-6;-3;-2;-2;0;0;0;1;0;0;-2;-2;-4;-7;-9;-18;-8;-18;-8;-19;-7;-19;-6;-19;-6;-18;-5;-18;-4;-18;-4;-18;-4;-19;-4;-19;-5;-19;-5;-18;-5;-17;-5;-16;-5;-16;-5;-16;-6;-16;-7;-16;-9;-16;-10;-15;-11;-14;-11;-14;-12;-14;-12;-14;-14;-15;-15;-15;-16;-15;-120;0;-14;47;-14;47;-14;47;-14;45;-13;44;-12;43;-11;41;-10;40;-8;39;-7;39;-7;39;-7;38;-7;38;-7;37;-7;36;-7;35;-7;35;-7;35;-8;34;-9;33;-9;32;-10;30;-10;29;-10;28;-10;27;-12;27;-13;26;-14;25;-6;9;-2;2;0;-1;0;-2;0;-1;-1;2;-2;8;-6;23;-6;23;-7;23;-7;24;-8;25;-9;26;-10;27;-11;28;-12;29;-13;29;-13;29;-14;30;-14;31;-14;32;-15;32;-15;33;-15;34;-15;34;-15;35;-14;37;-14;38;-14;40;-14;42;-15;44;-15;45;-15;46;-14;47;-14;47,empty,EXP_S055,ZONE_01,sortie_zone,4.7,sortie_zone,sortie de la zone
9905772318,-49,6,a0:9f:7a:73:2b:3e,384,-110;-96;8;0;-10;-16;-12;-12;-15;-9;-18;-7;-21;-5;-23;-4;-26;-4;-27;-5;-28;-6;-28;-7;-28;-8;-26;-9;-24;-10;-21;-11;-18;-10;-15;-8;-13;-6;-11;-3;-10;0;-10;3;-11;6;-12;8;-14;10;-16;10;-18;10;-5;2;0;0;0;0;0;0;0;0;0;0;0;0;0;0;0;0;0;0;0;-5;1;-19;3;-20;6;-21;9;-21;11;-19;12;-17;12;-15;11;-13;9;-12;7;-11;4;-11;1;-11;-2;-13;-4;-14;-7;-17;-8;-19;-9;-21;-10;-23;-11;-25;-12;-27;-12;-28;-11;-29;-11;-30;-10;-29;-10;-28;-9;-27;-110;0;15;-8;15;-8;15;-8;15;-8;14;-8;14;-9;13;-9;13;-9;13;-10;12;-10;12;-10;12;-10;12;-10;12;-10;12;-11;11;-11;11;-11;11;-11;11;-11;11;-11;11;-11;11;-10;11;-11;11;-11;11;-10;11;-10;11;-9;11;-9;4;-3;1;-1;-1;0;-2;-1;-1;-1;1;0;6;0;17;2;17;3;17;3;16;4;16;5;15;5;15;5;14;5;14;5;14;5;13;5;13;5;13;5;12;4;12;4;11;3;11;3;11;2;12;1;12;1;13;0;13;-1;13;-2;14;-2;14;-3;15;-4;15;-4;15;-5;-110;0;-37;-36;-37;-36;-36;-35;-35;-34;-34;-33;-33;-31;-33;-30;-32;-29;-32;-28;-31;-27;-31;-26;-30;-26;-30;-25;-29;-25;-28;-25;-28;-25;-27;-25;-26;-25;-25;-25;-24;-25;-22;-25;-21;-25;-20;-25;-18;-25;-17;-25;-15;-25;-14;-26;-13;-26;-5;-10;-2;-3;0;0;1;0;0;0;-3;-2;-8;-4;-21;-12;-21;-13;-21;-14;-21;-15;-21;-16;-22;-17;-22;-18;-23;-19;-24;-20;-25;-21;-25;-22;-25;-23;-25;-24;-25;-25;-25;-26;-25;-26;-26;-27;-27;-27;-28;-28;-29;-28;-31;-29;-32;-30;-34;-31;-35;-32;-36;-33;-36;-34;-37;-35;-37;-35,empty,EXP_S055,ZONE_01,sortie_zone,4.7,sortie_zone,sortie de la zone
9905972393,-49,6,a0:9f:7a:73:2b:3e,384,-110;-96;8;0;-17;-7;-15;-2;-14;3;-14;8;-14;12;-15;16;-17;19;-19;20;-20;21;-22;21;-22;20;-23;18;-22;15;-21;13;-19;10;-16;8;-12;6;-7;6;-3;6;1;8;3;10;6;12;7;15;6;18;5;20;1;5;0;0;0;0;0;0;0;0;0;0;0;0;0;0;0;0;0;0;-2;-4;-4;-17;-3;-19;-1;-21;1;-23;3;-23;5;-22;6;-21;6;-19;6;-17;4;-15;2;-13;-1;-11;-4;-10;-8;-10;-11;-9;-15;-10;-18;-10;-21;-11;-24;-13;-26;-14;-28;-15;-29;-17;-29;-18;-28;-18;-27;-17;-25;-17;-117;0;6;-22;6;-21;6;-20;7;-19;7;-19;7;-20;6;-21;5;-21;4;-21;3;-21;2;-20;3;-20;3;-20;4;-21;3;-21;3;-21;2;-21;2;-20;2;-19;3;-18;4;-18;4;-19;4;-19;4;-19;4;-19;4;-18;5;-18;6;-17;2;-6;0;-2;-1;0;-1;0;-1;0;1;-2;4;-5;12;-13;13;-13;13;-12;13;-12;13;-11;13;-11;13;-10;13;-9;14;-9;14;-9;14;-9;14;-10;13;-10;12;-10;11;-9;11;-9;11;-9;11;-10;11;-11;11;-13;10;-14;9;-15;8;-15;8;-15;8;-16;9;-17;9;-18;9;-20;-117;0;-50;-7;-50;-7;-49;-7;-48;-8;-46;-8;-44;-7;-43;-7;-41;-6;-40;-5;-40;-4;-39;-4;-39;-4;-38;-5;-37;-5;-37;-5;-36;-5;-35;-6;-35;-6;-34;-7;-33;-8;-32;-9;-30;-10;-29;-10;-28;-10;-27;-11;-26;-12;-25;-13;-24;-14;-9;-5;-3;-2;0;0;1;-1;0;0;-3;0;-9;0;-24;2;-24;1;-25;0;-25;-1;-26;-1;-27;-1;-29;-2;-30;-3;-31;-4;-31;-4;-32;-5;-32;-5;-33;-6;-34;-6;-35;-6;-36;-7;-36;-7;-37;-7;-38;-7;-39;-6;-41;-6;-43;-5;-45;-5;-46;-6;-47;-6;-48;-7;-49;-7;-50;-7,empty,EXP_S055,ZONE_01,sortie_zone,4.7,sortie_zone,sortie de la zone
9906173096,-50,6,a0:9f:7a:73:2b:3e,384,-110;-96;8;0;-5;12;1;12;7;13;12;14;16;15;20;16;22;18;23;19;23;20;23;21;21;21;19;20;17;19;14;17;12;14;10;10;8;6;7;1;7;-3;8;-7;9;-11;11;-13;13;-15;15;-15;17;-15;4;-4;0;0;0;0;0;0;0;0;0;0;0;0;0;0;0;0;0;0;-5;-2;-18;-10;-19;-13;-19;-16;-18;-19;-16;-21;-14;-22;-12;-22;-9;-20;-7;-17;-6;-13;-6;-9;-7;-4;-8;1;-10;5;-13;9;-15;12;-18;15;-21;18;-23;20;-26;21;-27;21;-28;21;-27;21;-26;20;-24;18;-21;17;-126;0;-18;-19;-18;-18;-18;-18;-17;-17;-18;-17;-18;-16;-19;-16;-19;-14;-19;-13;-19;-13;-18;-12;-18;-12;-18;-12;-19;-12;-19;-12;-20;-11;-20;-11;-19;-10;-18;-10;-18;-10;-17;-11;-17;-11;-18;-10;-18;-10;-17;-10;-16;-10;-15;-11;-15;-12;-5;-5;-2;-2;0;0;0;1;0;0;-2;-3;-4;-8;-10;-22;-9;-22;-8;-23;-8;-23;-7;-23;-7;-23;-6;-23;-5;-23;-5;-23;-5;-23;-5;-24;-5;-23;-5;-23;-5;-22;-5;-21;-5;-20;-5;-20;-6;-21;-7;-21;-8;-20;-10;-20;-11;-20;-12;-19;-12;-20;-13;-20;-13;-21;-14;-21;-15;-22;-126;0;-13;48;-13;47;-13;47;-13;45;-12;44;-11;43;-10;42;-9;41;-9;40;-8;40;-8;39;-8;38;-7;37;-7;36;-7;36;-7;35;-8;35;-8;34;-8;33;-9;32;-9;31;-10;30;-10;29;-10;28;-11;27;-12;26;-14;25;-15;25;-6;8;-2;2;0;-1;0;-2;0;-1;-1;2;-2;8;-5;23;-6;23;-6;23;-7;23;-8;24;-8;25;-9;26;-10;27;-10;28;-11;29;-12;29;-12;30;-13;31;-13;31;-14;32;-14;33;-14;34;-14;34;-14;35;-13;37;-13;38;-13;40;-13;42;-13;44;-14;45;-14;46;-14;47;-13;47,empty,EXP_S055,ZONE_01,sortie_zone,4.7,sortie_zone,sortie de la zone
9906372684,-50,6,a0:9f:7a:73:2b:3e,384,-110;-96;8;0;-16;0;-15;5;-15;10;-15;15;-16;19;-17;22;-18;23;-19;24;-19;24;-19;23;-19;22;-19;20;-17;17;-15;15;-12;13;-9;11;-5;9;-1;9;3;9;7;10;9;11;11;13;12;14;12;16;12;18;3;4;0;0;0;0;0;0;0;0;0;0;0;0;0;0;0;0;0;0;-1;-6;0;-22;3;-24;7;-26;10;-25;13;-24;15;-21;15;-18;13;-15;11;-12;7;-9;3;-8;-2;-7;-7;-8;-12;-9;-16;-11;-20;-13;-22;-15;-25;-17;-26;-19;-28;-20;-28;-21;-27;-21;-26;-21;-24;-19;-23;-17;-22;-15;-128;0;18;-13;17;-13;17;-12;17;-12;17;-13;16;-14;15;-15;14;-15;12;-15;11;-15;11;-15;11;-15;11;-16;11;-16;10;-16;10;-16;9;-16;9;-16;9;-15;9;-14;9;-14;9;-14;8;-14;8;-14;8;-14;8;-13;8;-13;8;-12;3;-5;0;-2;-1;0;-2;0;-1;0;2;-1;8;-3;24;-6;24;-5;25;-4;25;-3;25;-2;24;-1;24;0;24;1;24;2;24;2;24;2;23;2;23;1;22;1;21;1;21;1;20;1;20;0;20;-1;20;-2;20;-4;19;-5;19;-6;19;-6;19;-7;20;-8;20;-9;20;-10;-128;0;-52;-14;-51;-14;-49;-14;-48;-14;-46;-12;-45;-11;-44;-10;-43;-8;-42;-8;-41;-7;-40;-7;-40;-7;-39;-6;-39;-6;-38;-6;-37;-6;-37;-6;-36;-6;-35;-6;-34;-7;-33;-7;-31;-7;-30;-7;-30;-8;-29;-8;-28;-9;-28;-10;-27;-11;-10;-5;-3;-2;0;0;1;0;0;0;-3;-1;-9;-3;-25;-7;-24;-8;-24;-8;-25;-9;-26;-10;-27;-10;-28;-11;-29;-12;-30;-13;-31;-13;-31;-14;-32;-14;-32;-15;-33;-16;-34;-16;-34;-17;-35;-17;-36;-16;-37;-16;-39;-15;-41;-15;-43;-14;-44;-14;-46;-15;-47;-15;-48;-15;-50;-15;-51;-15,empty,EXP_S055,ZONE_01,sortie_zone,4.7,sortie_zone,sortie de la zone
9906572369,-50,6,a0:9f:7a:73:2b:3e,384,-110;-96;8;0;-12;-7;-13;-1;-14;5;-15;10;-17;15;-19;18;-21;21;-23;22;-24;22;-24;22;-24;21;-24;19;-22;16;-20;13;-16;10;-12;8;-7;7;-2;6;3;6;7;7;11;9;13;11;15;14;15;16;15;18;3;4;0;0;0;0;0;0;0;0;0;0;0;0;0;0;0;0;0;0;3;-4;13;-16;17;-16;20;-15;22;-13;24;-11;24;-8;23;-6;20;-4;17;-3;13;-3;9;-4;4;-6;0;-9;-4;-12;-7;-15;-10;-18;-13;-21;-15;-24;-17;-27;-18;-29;-18;-30;-18;-31;-18;-31;-17;-29;-16;-27;-15;-25;121;0;24;-11;24;-12;23;-12;23;-13;22;-13;21;-13;20;-14;20;-14;19;-14;19;-15;18;-15;18;-15;18;-16;17;-16;17;-15;17;-15;17;-15;18;-15;18;-14;17;-14;17;-14;16;-14;16;-13;16;-13;16;-12;16;-11;17;-11;17;-10;6;-4;1;-1;-1;0;-2;0;-1;-1;2;-1;8;-2;24;-4;24;-3;24;-1;24;0;24;1;24;2;24;2;23;3;23;3;23;3;22;3;22;3;21;3;21;3;21;3;21;2;21;1;20;0;20;0;21;-1;21;-2;22;-3;22;-4;23;-6;23;-7;23;-8;24;-9;24;-9;121;0;-42;-31;-41;-31;-41;-30;-40;-29;-39;-27;-38;-26;-37;-25;-37;-24;-36;-23;-35;-23;-34;-22;-34;-21;-34;-20;-34;-20;-34;-20;-33;-20;-32;-20;-31;-20;-29;-20;-28;-20;-27;-20;-26;-20;-25;-20;-24;-20;-23;-21;-22;-21;-21;-22;-20;-23;-7;-9;-2;-3;0;0;1;0;0;0;-3;-1;-8;-4;-21;-11;-21;-13;-21;-14;-21;-15;-22;-16;-22;-16;-23;-17;-24;-18;-25;-19;-26;-20;-26;-21;-27;-22;-27;-23;-27;-24;-27;-24;-28;-25;-28;-25;-29;-25;-30;-26;-32;-26;-33;-26;-35;-27;-36;-27;-37;-28;-39;-28;-40;-29;-41;-30;-42;-31,empty,EXP_S055,ZONE_01,sortie_zone,4.7,sortie_zone,sortie de la zone
9906773868,-49,6,a0:9f:7a:73:2b:3e,384,-110;-96;8;0;-14;-4;-14;1;-15;6;-16;10;-18;14;-19;16;-21;18;-22;19;-22;19;-23;18;-22;17;-21;15;-20;13;-17;11;-14;10;-11;8;-7;8;-3;8;1;8;4;10;7;11;9;13;10;15;10;16;9;18;2;4;0;0;0;0;0;0;0;0;0;0;0;0;0;0;0;0;0;0;1;-5;7;-19;10;-20;14;-20;17;-19;19;-17;20;-14;19;-11;18;-9;14;-7;10;-6;6;-5;1;-6;-3;-8;-7;-10;-11;-13;-14;-16;-16;-19;-18;-21;-19;-24;-20;-25;-20;-26;-19;-26;-19;-26;-18;-24;-17;-22;-16;-19;-117;0;13;-16;13;-16;13;-15;13;-14;14;-15;14;-16;13;-17;11;-18;9;-18;8;-17;8;-16;8;-16;8;-16;9;-17;8;-18;7;-18;6;-17;6;-16;6;-15;6;-14;7;-14;7;-15;7;-15;6;-15;6;-15;5;-14;5;-13;6;-12;2;-5;0;-2;-1;0;-2;0;-1;0;2;-2;7;-5;21;-13;21;-12;22;-11;23;-10;22;-9;22;-8;22;-7;22;-6;23;-4;23;-4;24;-4;23;-5;22;-5;21;-5;19;-5;19;-4;19;-4;19;-4;19;-6;19;-7;18;-9;17;-9;16;-9;16;-9;17;-10;17;-11;18;-13;18;-14;-117;0;-48;-7;-48;-8;-47;-8;-46;-8;-44;-7;-43;-7;-41;-6;-40;-4;-39;-3;-39;-2;-38;-2;-38;-2;-37;-2;-36;-2;-35;-2;-35;-2;-35;-3;-35;-3;-34;-4;-33;-5;-31;-5;-30;-5;-29;-5;-28;-5;-27;-6;-27;-7;-26;-8;-26;-9;-10;-4;-3;-2;0;0;1;0;0;0;-3;-1;-9;-1;-23;-2;-23;-3;-23;-3;-23;-4;-24;-4;-26;-5;-27;-6;-28;-7;-29;-8;-29;-8;-30;-9;-31;-8;-32;-8;-33;-9;-34;-9;-34;-10;-34;-10;-34;-10;-35;-10;-37;-9;-39;-8;-41;-8;-43;-8;-44;-8;-45;-8;-46;-8;-47;-8;-47;-8,empty,EXP_S055,ZONE_01,sortie_zone,4.7,sortie_zone,sortie de la zone
9906972297,-50,6,a0:9f:7a:73:2b:3e,384,-110;-96;8;0;13;7;12;2;12;-3;13;-8;13;-13;14;-16;16;-19;17;-21;18;-22;18;-22;19;-21;19;-20;18;-17;17;-15;14;-12;11;-10;8;-8;4;-7;0;-7;-5;-7;-8;-8;-11;-9;-13;-11;-14;-14;-14;-16;-4;-4;0;0;0;0;0;0;0;0;0;0;0;0;0;0;0;0;0;0;-2;4;-7;17;-10;19;-14;20;-17;20;-19;19;-21;17;-22;15;-21;12;-18;10;-15;8;-11;7;-6;7;-2;8;3;9;7;11;10;14;13;16;16;18;19;20;20;23;21;24;21;25;21;25;21;24;20;23;19;21;126;0;-9;20;-9;20;-9;19;-8;19;-8;19;-7;20;-6;20;-5;20;-4;20;-3;19;-2;19;-2;19;-2;19;-2;19;-1;19;0;19;0;19;0;19;0;18;0;18;0;18;0;18;0;18;0;18;0;18;0;18;-1;17;-1;17;-1;6;-1;1;-1;-1;1;-1;0;-1;-2;1;-7;5;-19;15;-19;14;-20;13;-20;12;-21;11;-21;11;-21;10;-21;9;-21;9;-21;8;-21;8;-21;8;-20;8;-19;8;-19;8;-18;8;-17;9;-17;9;-17;10;-16;11;-15;12;-15;13;-14;14;-14;14;-13;15;-13;16;-13;17;-13;18;126;0;47;6;47;5;46;5;44;4;43;4;41;3;40;2;39;1;38;0;37;-1;36;-2;35;-2;34;-2;33;-3;32;-3;32;-3;32;-4;31;-3;31;-3;30;-3;29;-2;28;-2;27;-2;26;-1;25;-1;25;0;25;1;24;2;8;1;2;0;-1;0;-2;-1;-1;-1;2;0;9;1;25;4;25;4;25;5;26;6;27;7;27;7;28;8;29;8;30;9;31;10;32;10;32;11;33;11;33;11;34;11;35;11;35;11;36;11;37;10;38;10;39;9;41;8;43;8;44;8;45;8;46;7;47;7;47;7,empty,EXP_S055,ZONE_01,sortie_zone,4.7,sortie_zone,sortie de la zone
9907172435,-50,6,a0:9f:7a:73:2b:3e,384,-110;-96;8;0;-15;0;-16;5;-17;9;-18;13;-19;16;-20;18;-21;20;-21;20;-21;20;-21;19;-20;18;-19;16;-17;15;-14;13;-11;11;-7;10;-4;9;0;9;4;10;7;11;9;12;11;13;11;14;11;16;11;18;2;4;0;0;0;0;0;0;0;0;0;0;0;0;0;0;0;0;0;0;1;-5;7;-20;11;-21;15;-21;18;-19;20;-17;20;-14;20;-10;17;-8;13;-6;9;-5;4;-5;-1;-6;-6;-8;-10;-11;-13;-14;-16;-17;-18;-20;-19;-22;-20;-24;-20;-26;-20;-26;-19;-26;-18;-24;-18;-22;-17;-19;-16;-17;-121;0;17;-12;17;-11;16;-11;16;-11;16;-12;15;-13;14;-14;12;-14;11;-14;10;-14;10;-13;10;-13;10;-13;10;-14;9;-15;8;-15;7;-15;7;-14;7;-14;7;-13;7;-13;7;-14;7;-14;6;-14;5;-14;5;-13;6;-12;6;-12;2;-4;0;-2;-1;0;-2;0;-1;0;2;-1;9;-3;25;-6;25;-5;26;-4;26;-3;25;-2;25;-2;25;-1;25;0;25;1;25;2;25;2;24;1;23;1;22;1;21;2;21;2;21;1;21;1;21;0;21;-2;21;-3;20;-4;19;-4;19;-5;20;-5;21;-6;21;-7;21;-9;-121;0;-49;-8;-49;-8;-48;-8;-47;-8;-45;-6;-44;-4;-43;-3;-42;-2;-41;-2;-40;-1;-40;-1;-39;-1;-38;0;-37;0;-37;0;-36;0;-36;0;-36;0;-35;0;-34;-1;-33;-1;-31;-2;-30;-2;-30;-2;-29;-3;-29;-4;-28;-5;-28;-7;-10;-3;-3;-1;0;0;1;0;0;0;-3;-1;-8;-3;-21;-7;-21;-7;-21;-8;-22;-8;-23;-8;-24;-9;-26;-9;-27;-10;-27;-11;-28;-11;-29;-11;-30;-12;-31;-12;-32;-13;-32;-13;-33;-13;-33;-13;-34;-13;-35;-12;-37;-11;-39;-10;-41;-9;-43;-9;-44;-9;-46;-10;-47;-10;-47;-10;-48;-9,empty,EXP_S055,ZONE_01,sortie_zone,4.7,sortie_zone,sortie de la zone
9907373439,-49,6,a0:9f:7a:73:2b:3e,384,-110;-96;8;0;11;10;13;6;16;3;19;0;22;-2;24;-3;26;-4;28;-4;28;-3;28;-2;27;-2;26;-1;24;0;21;0;18;0;14;-1;11;-3;8;-5;6;-8;4;-11;4;-14;4;-17;5;-19;7;-20;8;-21;2;-6;0;0;0;0;0;0;0;0;0;0;0;0;0;0;0;0;0;0;-3;3;-10;15;-13;15;-17;15;-20;13;-21;11;-22;8;-20;6;-18;4;-15;3;-11;3;-8;4;-4;6;-1;9;2;12;4;15;5;18;6;21;7;24;7;26;7;28;7;29;7;29;6;29;6;27;6;25;6;23;-118;0;-17;7;-17;7;-17;7;-17;7;-17;7;-17;8;-17;9;-15;11;-14;11;-13;11;-12;10;-13;10;-13;10;-14;11;-14;12;-13;13;-12;13;-11;13;-11;12;-11;11;-12;11;-12;11;-12;12;-12;12;-11;12;-11;11;-11;10;-12;9;-4;3;-2;0;0;-1;1;0;0;0;-3;0;-8;-1;-22;-2;-22;-3;-22;-4;-22;-4;-22;-5;-21;-5;-20;-6;-20;-7;-19;-8;-20;-8;-20;-8;-20;-8;-19;-7;-18;-7;-17;-6;-16;-6;-16;-7;-17;-6;-18;-5;-18;-3;-18;-2;-17;0;-17;0;-17;0;-17;0;-19;1;-20;2;-21;3;-118;0;41;25;41;25;40;24;39;24;38;23;37;21;37;19;36;18;36;17;35;16;35;16;34;16;34;16;33;15;33;14;32;14;32;14;32;14;31;15;30;15;29;15;27;15;26;15;25;15;24;15;23;16;22;18;21;19;7;7;2;2;-1;-1;-2;-1;-1;-1;1;1;6;4;16;13;16;13;16;14;17;14;18;15;19;16;19;17;20;18;20;19;20;19;21;20;21;20;22;21;23;22;23;22;24;23;25;23;25;23;27;23;28;22;30;23;32;23;34;24;35;24;36;25;37;25;38;25;39;25,empty,EXP_S055,ZONE_01,sortie_zone,4.7,sortie_zone,sortie de la zone
9907582109,-51,6,a0:9f:7a:73:2b:3e,384,-110;-96;8;0;-15;0;-10;4;-6;9;-2;13;1;18;3;22;4;26;4;29;3;31;2;31;1;31;0;30;-1;27;-2;24;-3;20;-2;15;-1;10;1;5;4;0;8;-3;12;-6;16;-7;19;-7;22;-6;24;-5;6;-2;0;0;0;0;0;0;0;0;0;0;0;0;0;0;0;0;0;0;1;-5;5;-18;7;-19;10;-21;12;-21;14;-20;15;-19;15;-17;14;-15;12;-13;10;-11;6;-10;2;-9;-2;-8;-6;-8;-11;-8;-15;-8;-19;-8;-22;-8;-26;-9;-29;-9;-31;-9;-33;-10;-33;-11;-32;-11;-30;-10;-28;-10;-126;0;-5;-13;-5;-13;-4;-13;-4;-13;-4;-13;-5;-13;-5;-13;-6;-13;-6;-13;-6;-12;-6;-12;-6;-12;-6;-12;-6;-12;-6;-13;-6;-12;-6;-12;-6;-12;-6;-12;-5;-12;-5;-12;-5;-12;-5;-12;-5;-12;-5;-11;-4;-11;-4;-11;-3;-11;-1;-4;-1;-2;0;0;-1;0;-1;0;0;-2;1;-4;2;-11;3;-11;3;-11;4;-11;4;-11;4;-10;4;-10;4;-10;4;-9;4;-9;4;-10;4;-10;4;-9;3;-9;3;-9;3;-9;3;-9;2;-9;2;-10;1;-10;0;-11;0;-11;-1;-11;-1;-11;-1;-12;-2;-12;-2;-13;-2;-14;-126;0;-21;11;-21;11;-21;11;-20;11;-19;11;-18;11;-18;11;-17;11;-16;11;-16;11;-16;11;-15;11;-15;10;-15;10;-14;10;-14;10;-14;10;-14;9;-14;9;-14;8;-14;8;-14;7;-13;7;-13;6;-13;6;-13;5;-14;5;-14;4;-5;1;-2;0;0;-1;0;-1;0;-1;-2;0;-4;2;-10;6;-11;5;-11;5;-11;5;-11;5;-12;6;-13;6;-13;6;-14;6;-14;6;-15;6;-15;6;-15;6;-16;6;-16;6;-16;6;-17;6;-17;6;-17;7;-17;7;-18;8;-18;9;-19;10;-19;10;-20;10;-20;11;-21;11;-21;11,empty,EXP_S055,ZONE_01,sortie_zone,4.7,sortie_zone,sortie de la zone
9907782755,-51,6,a0:9f:7a:73:2b:3e,384,-110;-96;8;0;3;-10;-3;-10;-8;-11;-14;-12;-18;-12;-22;-13;-25;-14;-27;-15;-27;-15;-27;-16;-26;-15;-24;-15;-22;-13;-19;-12;-15;-9;-12;-6;-9;-3;-6;1;-3;5;-2;10;-1;13;0;17;-1;19;-2;21;-3;22;-1;5;0;0;0;0;0;0;0;0;0;0;0;0;0;0;0;0;0;0;0;4;2;17;0;19;-3;22;-6;23;-9;23;-10;21;-11;19;-11;16;-10;13;-8;9;-5;5;-1;2;3;-1;8;-3;13;-5;17;-7;21;-8;24;-9;27;-10;29;-10;30;-11;31;-11;30;-10;28;-10;25;-10;22;-10;120;0;17;20;16;19;15;19;15;19;15;19;16;19;17;18;18;16;19;14;18;13;18;12;17;13;18;13;18;13;19;13;19;13;19;12;18;11;17;11;16;11;16;12;16;12;17;12;17;11;16;11;15;11;14;11;13;12;4;4;1;1;-1;-1;-1;-2;-1;-1;1;2;4;8;12;23;11;24;10;25;9;25;8;25;7;25;6;25;5;25;4;26;3;26;3;26;3;26;4;25;4;24;4;23;3;23;3;22;4;23;5;23;6;23;8;22;9;22;9;21;9;21;10;22;11;22;13;23;14;23;120;0;12;-45;12;-44;12;-44;12;-43;12;-41;11;-39;10;-38;9;-37;8;-37;7;-37;7;-36;7;-36;7;-35;7;-34;6;-34;7;-33;7;-33;7;-33;8;-32;9;-31;10;-30;10;-28;9;-27;9;-26;10;-26;11;-25;12;-24;13;-24;4;-9;1;-3;-1;0;-1;1;-1;0;0;-2;2;-7;6;-17;6;-17;6;-17;6;-17;6;-18;7;-20;7;-21;8;-22;9;-23;9;-23;9;-23;9;-24;9;-25;10;-26;10;-28;11;-28;12;-29;12;-30;11;-31;11;-32;10;-34;10;-36;11;-38;12;-40;12;-41;12;-42;12;-42;11;-43,empty,EXP_S055,ZONE_01,sortie_zone,4.7,sortie_zone,sortie de la zone
9907984929,-50,6,a0:9f:7a:73:2b:3e,384,-110;-96;8;0;6;-15;2;-17;-2;-19;-5;-22;-8;-25;-9;-27;-10;-29;-10;-30;-9;-31;-7;-30;-6;-29;-5;-26;-4;-23;-4;-20;-4;-16;-5;-12;-6;-8;-9;-5;-12;-2;-15;0;-18;1;-21;0;-22;-1;-23;-3;-23;-5;-6;-2;0;0;0;0;0;0;0;0;0;0;0;0;0;0;0;0;0;0;4;2;17;12;17;14;16;18;13;20;11;21;8;21;6;19;4;16;3;12;4;8;5;4;7;0;11;-4;14;-6;18;-8;21;-10;23;-10;26;-11;28;-11;29;-11;29;-11;29;-11;28;-10;26;-10;23;-10;21;-10;-120;0;7;18;6;18;6;18;6;18;7;18;8;18;9;18;10;17;10;15;10;14;10;14;10;15;11;15;11;16;12;16;12;15;12;14;11;14;10;14;10;14;9;14;10;15;10;14;10;14;9;13;9;13;8;13;7;13;2;5;0;1;-1;-1;-1;-2;0;-1;0;2;0;8;-1;23;-2;23;-3;23;-4;23;-6;23;-6;22;-7;21;-8;21;-9;21;-10;21;-10;21;-9;20;-8;19;-8;18;-8;17;-8;17;-8;17;-7;17;-6;18;-4;18;-3;17;-2;17;-2;17;-1;17;-1;18;0;18;2;19;3;20;-120;0;19;-48;19;-48;19;-47;18;-45;17;-44;16;-43;14;-42;13;-41;12;-40;11;-39;11;-39;11;-38;10;-38;10;-37;9;-37;9;-37;9;-36;10;-36;11;-35;11;-34;11;-32;11;-31;11;-30;11;-29;12;-28;13;-27;15;-26;16;-25;5;-9;2;-3;-1;0;-1;1;-1;0;0;-3;3;-8;9;-21;9;-21;10;-22;10;-22;11;-23;12;-24;13;-25;14;-25;14;-26;15;-27;15;-27;16;-28;16;-29;17;-30;18;-31;18;-31;18;-32;18;-33;18;-34;18;-36;18;-38;18;-40;18;-41;19;-42;19;-44;19;-45;20;-46;20;-47,empty,EXP_S055,ZONE_01,sortie_zone,4.7,sortie_zone,sortie de la zone
9908173456,-50,6,a0:9f:7a:73:2b:3e,384,-110;-96;8;0;-12;17;-8;17;-4;18;-1;19;2;21;4;23;5;25;5;27;5;28;4;28;3;28;1;28;-1;26;-2;24;-2;21;-2;18;-1;15;1;12;4;10;6;8;9;8;12;9;13;10;14;12;14;14;3;3;0;0;0;0;0;0;0;0;0;0;0;0;0;0;0;0;0;0;-4;2;-17;9;-20;8;-23;5;-24;2;-24;0;-23;-3;-21;-4;-19;-4;-16;-4;-14;-2;-12;1;-12;4;-11;7;-12;10;-13;13;-14;15;-16;18;-17;19;-19;21;-21;22;-22;22;-23;23;-23;23;-23;22;-22;21;-21;20;-115;0;-13;-10;-13;-10;-12;-10;-12;-10;-12;-10;-13;-10;-14;-10;-15;-9;-15;-8;-15;-7;-14;-7;-14;-7;-14;-7;-14;-8;-15;-8;-16;-7;-16;-6;-16;-6;-15;-6;-14;-6;-14;-7;-14;-7;-14;-7;-14;-7;-14;-6;-14;-7;-13;-7;-13;-7;-5;-3;-2;-1;0;0;0;1;0;0;-1;-2;-2;-7;-5;-19;-4;-20;-3;-20;-2;-20;-2;-20;-1;-19;0;-18;1;-17;1;-17;1;-18;1;-18;1;-17;0;-16;0;-15;0;-14;0;-13;0;-13;-1;-14;-2;-14;-4;-13;-5;-13;-6;-12;-6;-11;-6;-11;-7;-12;-8;-13;-9;-13;-11;-14;-115;0;-23;49;-23;49;-22;48;-21;46;-20;45;-19;44;-18;43;-17;42;-16;41;-15;40;-15;39;-15;38;-15;38;-14;37;-14;37;-14;36;-14;35;-14;34;-15;33;-15;32;-15;31;-15;29;-15;28;-16;27;-16;26;-17;25;-18;24;-19;23;-7;8;-3;2;0;-1;0;-2;0;-1;-1;2;-3;8;-7;22;-7;22;-8;23;-9;24;-9;25;-10;26;-11;27;-12;28;-13;29;-14;30;-15;30;-16;31;-17;32;-18;32;-19;33;-19;34;-19;35;-19;36;-19;37;-18;38;-19;40;-19;42;-20;44;-20;45;-21;47;-22;47;-22;48;-22;49,empty,EXP_S055,ZONE_01,sortie_zone,4.7,sortie_zone,sortie de la zone
9908372350,-51,6,a0:9f:7a:73:2b:3e,384,-110;-96;8;0;16;-12;14;-15;12;-18;11;-21;10;-23;10;-25;10;-27;10;-27;11;-27;11;-27;11;-26;11;-24;11;-23;10;-20;8;-18;6;-15;3;-14;0;-13;-2;-13;-5;-13;-8;-14;-9;-16;-9;-17;-9;-19;-9;-21;-2;-6;0;0;0;0;0;0;0;0;0;0;0;0;0;0;0;0;0;0;5;1;21;6;22;9;21;14;19;17;17;19;13;20;10;19;7;16;6;13;6;8;7;4;10;0;13;-2;17;-4;21;-6;24;-6;27;-5;29;-5;31;-4;32;-4;32;-3;31;-3;30;-3;29;-3;27;-4;26;-5;-115;0;-3;6;-3;6;-3;6;-2;6;-2;7;-2;7;-1;7;0;7;0;7;0;6;0;6;0;6;0;6;1;6;1;6;1;6;1;6;1;6;1;6;1;6;1;6;1;6;1;6;1;6;1;6;1;6;1;6;1;6;0;2;0;0;-1;-1;0;-1;0;-1;-1;1;-3;3;-8;9;-9;8;-9;8;-10;7;-10;7;-10;6;-10;6;-10;5;-11;5;-11;5;-11;5;-10;4;-10;4;-10;4;-9;3;-9;3;-9;3;-8;3;-8;4;-7;4;-7;4;-6;4;-6;4;-6;5;-5;5;-5;5;-5;6;-5;6;-115;0;24;-12;24;-12;23;-12;23;-12;22;-12;21;-12;20;-12;19;-12;19;-12;18;-12;17;-12;17;-12;16;-12;16;-12;16;-12;16;-12;16;-12;16;-11;15;-11;15;-10;15;-10;15;-9;14;-9;14;-8;14;-7;14;-7;14;-6;14;-5;5;-2;1;-1;-1;0;-1;0;-1;0;1;-1;3;-3;10;-6;11;-6;11;-6;12;-6;12;-6;13;-6;14;-6;14;-6;15;-6;15;-6;16;-6;17;-6;17;-7;18;-7;18;-7;18;-7;19;-7;19;-7;20;-8;20;-8;21;-9;21;-10;22;-10;23;-11;23;-11;24;-12;24;-12;25;-12,empty,EXP_S055,ZONE_01,sortie_zone,4.7,sortie_zone,sortie de la zone
9908573752,-50,6,a0:9f:7a:73:2b:3e,384,-110;-96;8;0;8;-16;4;-17;0;-17;-4;-19;-7;-21;-9;-23;-10;-25;-10;-27;-10;-28;-9;-28;-8;-28;-6;-28;-4;-26;-2;-23;-2;-20;-2;-16;-3;-13;-4;-10;-7;-7;-10;-6;-12;-5;-15;-5;-17;-6;-18;-8;-19;-9;-5;-3;0;0;0;0;0;0;0;0;0;0;0;0;0;0;0;0;0;0;4;-2;16;-6;18;-4;20;-1;20;2;20;4;18;5;16;6;14;5;12;4;10;2;9;-1;8;-4;9;-7;10;-11;11;-13;12;-16;14;-18;16;-19;17;-21;19;-22;20;-23;21;-23;21;-22;21;-21;20;-21;19;-20;-115;0;9;14;9;14;9;14;9;14;9;14;10;13;10;13;11;12;11;12;11;11;11;11;11;11;11;11;11;11;12;11;12;11;12;11;12;11;12;11;11;11;11;11;11;11;11;11;10;11;10;11;10;11;9;11;8;11;3;4;0;1;-1;-1;-1;-2;0;-1;0;2;0;6;0;18;-1;18;-2;18;-3;18;-4;17;-4;17;-4;16;-5;16;-5;16;-5;15;-5;15;-5;15;-4;14;-4;13;-4;13;-3;12;-3;12;-2;13;-1;13;0;13;1;13;2;13;2;13;3;13;3;14;5;14;6;15;7;15;-115;0;27;-44;27;-43;27;-42;26;-41;25;-40;24;-39;23;-38;22;-37;21;-36;21;-36;20;-35;20;-34;19;-34;19;-33;19;-32;19;-32;19;-31;19;-30;20;-29;20;-27;20;-26;20;-25;20;-23;20;-22;20;-21;20;-19;21;-18;21;-17;8;-6;2;-2;-1;0;-1;1;-1;0;0;-2;1;-7;4;-18;5;-18;6;-19;7;-20;7;-21;8;-22;9;-23;10;-24;11;-25;12;-26;13;-27;14;-28;15;-28;16;-29;17;-29;18;-30;19;-31;19;-32;20;-33;20;-34;21;-35;22;-37;22;-38;23;-40;24;-41;25;-42;26;-43;26;-44,empty,EXP_S055,ZONE_01,sortie_zone,4.7,sortie_zone,sortie de la zone
9908772677,-50,6,a0:9f:7a:73:2b:3e,384,-110;-96;8;0;-12;9;-5;10;1;12;6;14;11;17;14;20;17;23;18;25;18;27;18;28;16;28;14;27;11;25;8;22;6;18;5;14;4;9;5;3;6;-2;8;-6;11;-10;14;-12;17;-13;19;-13;21;-12;5;-3;0;0;0;0;0;0;0;0;0;0;0;0;0;0;0;0;0;0;-3;-4;-11;-15;-11;-18;-10;-21;-8;-23;-6;-24;-4;-24;-3;-23;-2;-21;-1;-18;-2;-15;-3;-11;-5;-7;-8;-4;-11;-1;-15;2;-18;5;-21;7;-25;9;-28;10;-30;11;-32;12;-34;12;-34;12;-33;11;-31;10;-29;10;123;0;-8;-11;-8;-11;-8;-11;-8;-11;-8;-11;-8;-11;-9;-11;-9;-11;-9;-10;-9;-10;-9;-9;-9;-10;-9;-10;-9;-10;-9;-10;-9;-10;-9;-10;-9;-10;-9;-10;-8;-10;-8;-10;-8;-10;-7;-10;-7;-10;-7;-9;-7;-9;-6;-9;-5;-9;-2;-4;-1;-2;0;0;0;0;0;0;-1;-2;-1;-4;-3;-11;-3;-11;-2;-11;-2;-11;-1;-11;-1;-11;-1;-11;0;-11;0;-11;0;-11;0;-11;0;-11;-1;-11;-1;-11;-1;-10;-1;-10;-1;-10;-1;-10;-2;-10;-3;-11;-3;-11;-4;-10;-4;-10;-5;-10;-5;-11;-6;-11;-6;-12;-7;-12;123;0;-15;20;-15;20;-15;20;-14;19;-14;19;-13;18;-13;18;-12;17;-11;17;-11;17;-11;17;-11;16;-11;16;-10;16;-10;15;-10;15;-10;15;-10;15;-11;14;-11;14;-11;13;-11;12;-11;11;-11;11;-11;10;-11;10;-12;9;-12;9;-5;3;-2;0;0;-1;0;-1;0;-1;-1;1;-2;3;-5;9;-5;9;-6;10;-6;10;-6;10;-7;11;-7;11;-8;11;-9;12;-9;12;-9;12;-10;12;-10;13;-11;13;-11;13;-12;14;-12;14;-12;14;-12;15;-12;16;-12;16;-13;17;-13;18;-14;19;-14;19;-15;20;-15;20;-15;20,empty,EXP_S055,ZONE_01,sortie_zone,4.7,sortie_zone,sortie de la zone
9908972783,-52,6,a0:9f:7a:73:2b:3e,384,-110;-96;8;0;1;-18;-3;-16;-8;-14;-13;-14;-18;-14;-22;-15;-24;-16;-26;-18;-26;-19;-26;-20;-25;-21;-23;-22;-20;-21;-17;-20;-14;-17;-12;-14;-10;-9;-9;-5;-10;0;-11;4;-13;7;-15;9;-18;10;-21;10;-23;9;-6;2;0;0;0;0;0;0;0;0;0;0;0;0;0;0;0;0;0;0;4;-2;17;-6;20;-4;22;-1;23;2;23;5;21;7;19;8;16;8;13;6;10;4;8;1;7;-3;7;-7;7;-11;7;-15;8;-18;9;-21;10;-24;11;-26;12;-28;12;-29;13;-30;13;-30;13;-30;13;-28;12;-27;-127;0;18;11;17;11;17;11;17;11;17;11;18;11;18;10;19;9;19;8;18;7;18;7;18;7;19;8;19;8;20;8;20;8;19;7;19;7;18;8;17;8;16;9;16;9;17;9;17;9;16;8;16;9;15;9;14;10;5;3;1;1;-1;-1;-1;-2;-1;-1;1;1;4;6;13;18;12;19;10;20;9;20;8;20;7;20;6;20;4;19;4;19;3;19;3;19;3;19;3;18;4;17;3;16;3;15;3;15;4;15;6;14;7;14;9;13;10;13;10;12;11;12;11;12;13;12;14;13;16;13;-127;0;10;-53;10;-53;10;-52;10;-50;10;-49;9;-47;8;-46;7;-45;7;-43;6;-42;7;-42;7;-42;7;-41;7;-41;7;-40;8;-40;8;-39;9;-39;10;-38;10;-36;11;-35;12;-33;12;-32;13;-30;13;-30;15;-29;16;-28;17;-26;6;-10;2;-3;-1;0;-1;1;-1;0;0;-3;0;-8;1;-21;1;-22;2;-22;2;-23;2;-24;3;-25;3;-26;4;-27;5;-28;5;-29;5;-30;6;-30;6;-31;7;-32;7;-34;8;-35;8;-36;8;-37;8;-38;7;-39;7;-41;6;-43;7;-45;7;-46;8;-48;8;-50;9;-52;10;-53,empty,EXP_S055,ZONE_01,sortie_zone,4.7,sortie_zone,sortie de la zone
9909172334,-51,6,a0:9f:7a:73:2b:3e,384,-110;-96;8;0;-15;11;-10;13;-5;15;-1;18;2;21;4;23;5;26;5;28;4;29;4;29;2;29;1;27;-1;25;-1;22;-1;19;-1;15;0;10;3;6;6;3;9;1;12;0;15;0;17;1;19;3;20;4;5;1;0;0;0;0;0;0;0;0;0;0;0;0;0;0;0;0;0;0;-6;-3;-22;-11;-22;-15;-22;-19;-20;-22;-17;-23;-14;-24;-11;-22;-9;-20;-8;-16;-8;-12;-9;-8;-11;-4;-14;0;-17;2;-20;5;-24;6;-26;8;-29;9;-31;9;-33;10;-34;10;-34;10;-34;9;-33;9;-31;9;-29;9;-112;0;-5;-10;-5;-10;-5;-9;-5;-9;-5;-9;-6;-9;-6;-9;-7;-9;-7;-8;-7;-8;-7;-7;-7;-7;-7;-7;-8;-7;-8;-7;-8;-7;-8;-7;-8;-6;-8;-6;-7;-6;-7;-7;-7;-7;-7;-6;-8;-6;-7;-6;-7;-6;-7;-6;-7;-6;-3;-3;-1;-1;0;0;-1;0;-1;0;0;-2;1;-5;3;-12;4;-12;4;-12;5;-12;5;-12;5;-11;6;-11;6;-10;6;-10;7;-10;6;-10;6;-10;5;-9;5;-9;4;-9;4;-8;4;-8;4;-9;3;-9;2;-9;1;-9;0;-9;0;-9;-1;-9;-1;-9;-2;-10;-2;-10;-3;-11;-112;0;-18;19;-18;19;-18;19;-17;18;-16;18;-15;17;-14;17;-13;17;-12;17;-11;17;-11;16;-10;16;-10;16;-10;16;-9;15;-9;15;-9;15;-9;14;-9;14;-9;13;-8;13;-8;12;-8;12;-7;11;-7;11;-8;11;-8;10;-8;10;-3;3;-1;1;0;-1;0;-1;0;-1;-1;1;-3;3;-9;10;-9;10;-10;10;-10;10;-11;10;-12;11;-12;11;-13;11;-14;11;-15;11;-15;12;-15;12;-16;12;-16;12;-17;13;-17;13;-17;13;-17;13;-17;14;-17;15;-18;16;-18;17;-19;17;-19;18;-19;18;-19;19;-19;19;-19;20,empty,EXP_S055,ZONE_01,sortie_zone,4.7,sortie_zone,sortie de la zone
9909375493,-51,6,a0:9f:7a:73:2b:3e,384,-110;-96;8;0;-1;2;-7;2;-13;2;-18;3;-22;4;-25;6;-27;8;-28;10;-27;12;-26;13;-24;13;-22;13;-19;11;-15;9;-12;7;-8;3;-4;0;-1;-4;2;-8;4;-11;6;-14;7;-17;8;-19;9;-20;9;-21;2;-6;0;0;0;0;0;0;0;0;0;0;0;0;0;0;0;0;0;0;-2;-5;-5;-20;-3;-22;-2;-24;0;-25;2;-25;3;-24;4;-22;5;-19;5;-15;6;-11;7;-7;7;-2;8;3;9;7;11;11;13;15;15;17;17;19;19;20;21;20;23;19;23;17;23;15;22;13;19;10;17;8;78;0;3;36;3;36;3;35;2;34;3;33;3;33;3;33;4;32;4;31;4;31;4;30;4;30;3;30;3;30;3;30;2;29;2;29;1;28;0;28;-1;27;-2;26;-3;26;-3;25;-4;25;-4;24;-6;23;-7;22;-8;21;-3;7;-2;2;0;-1;-2;-2;-1;-1;2;2;6;10;18;29;16;30;14;31;11;32;9;33;8;33;6;34;4;34;3;35;1;35;0;35;-1;35;-2;34;-3;33;-3;32;-3;32;-3;32;-3;32;-3;32;-2;32;-2;32;-1;32;-1;32;0;33;0;34;0;35;1;36;1;36;78;0;19;-25;19;-25;20;-24;20;-23;19;-22;19;-21;18;-21;18;-20;17;-20;17;-20;17;-19;17;-19;17;-18;18;-18;18;-17;18;-16;19;-15;19;-15;19;-13;20;-12;19;-11;19;-10;19;-9;19;-9;19;-7;19;-6;20;-4;20;-3;7;-1;2;0;-1;0;0;0;-1;0;-1;-2;0;-4;0;-10;0;-10;0;-11;0;-11;0;-12;1;-13;2;-14;3;-15;3;-15;4;-16;4;-16;5;-17;5;-18;6;-18;7;-19;8;-19;9;-19;9;-19;10;-20;10;-21;11;-22;12;-23;13;-24;14;-24;15;-25;16;-25;16;-26;17;-26,empty,EXP_S055,ZONE_01,sortie_zone,4.7,sortie_zone,sortie de la zone
9909572576,-50,6,a0:9f:7a:73:2b:3e,384,-110;-96;8;0;-1;3;6;0;12;-3;17;-6;21;-8;25;-11;27;-13;28;-14;28;-15;27;-16;25;-16;23;-14;20;-13;16;-11;12;-9;7;-6;2;-4;-3;-1;-8;1;-12;2;-16;4;-19;5;-22;5;-23;5;-24;5;-6;1;0;0;0;0;0;0;0;0;0;0;0;0;0;0;0;0;0;0;2;-4;12;-15;15;-15;18;-15;21;-14;23;-13;24;-11;23;-9;21;-7;18;-5;14;-3;9;-1;3;1;-2;2;-8;4;-14;5;-19;6;-23;7;-27;8;-30;10;-32;11;-33;12;-32;13;-31;13;-28;13;-24;12;-21;11;91;0;-14;-10;-14;-10;-14;-10;-14;-10;-14;-9;-14;-9;-14;-8;-14;-8;-14;-7;-13;-7;-13;-6;-13;-6;-13;-6;-13;-6;-13;-6;-13;-6;-13;-6;-13;-6;-13;-6;-12;-6;-12;-6;-12;-6;-11;-6;-11;-6;-11;-6;-10;-6;-10;-6;-10;-7;-4;-3;-1;-1;0;0;0;0;0;0;-2;-1;-5;-3;-13;-8;-13;-9;-13;-10;-12;-11;-12;-11;-12;-12;-11;-12;-11;-13;-11;-13;-10;-13;-10;-14;-10;-14;-10;-14;-9;-14;-9;-13;-9;-13;-9;-13;-9;-13;-10;-13;-10;-13;-11;-12;-11;-12;-11;-12;-12;-12;-12;-12;-12;-12;-13;-12;-14;-12;91;0;1;20;1;20;1;20;1;19;1;19;1;18;2;17;2;17;2;17;2;16;2;16;2;16;2;15;2;15;2;15;2;15;2;15;2;15;1;14;1;14;1;14;0;13;0;13;0;12;-1;12;-1;12;-2;12;-3;12;-1;4;-1;1;0;-1;-1;-1;-1;-1;0;0;0;2;0;8;0;8;0;8;0;8;0;8;0;9;0;10;0;10;0;11;0;11;0;12;0;12;0;12;-1;13;-1;13;-1;13;-1;14;-1;14;-1;14;0;15;0;16;1;17;1;17;1;18;1;18;1;19;1;19;1;19,empty,EXP_S055,ZONE_01,sortie_zone,4.7,sortie_zone,sortie de la zone
9909772281,-51,6,a0:9f:7a:73:2b:3e,384,-110;-96;8;0;28;-9;21;-7;14;-5;6;-2;-1;1;-8;5;-14;8;-19;11;-23;13;-27;15;-29;16;-31;17;-31;17;-31;16;-29;14;-27;11;-23;8;-18;5;-13;1;-8;-2;-3;-5;2;-7;7;-9;12;-10;15;-11;4;-3;0;0;0;0;0;0;0;0;0;0;0;0;0;0;0;0;0;0;-2;-1;-7;-1;-11;-1;-15;-2;-19;-2;-22;-3;-25;-3;-27;-3;-28;-3;-29;-2;-28;-2;-26;-1;-22;-1;-18;0;-14;1;-8;2;-3;2;3;1;10;0;16;-1;22;-3;28;-5;32;-7;36;-8;39;-10;40;-12;40;-12;100;0;21;-2;21;-2;20;-2;20;-2;19;-2;19;-2;19;-3;19;-3;19;-3;19;-4;18;-4;18;-4;18;-4;18;-3;18;-3;18;-3;18;-3;18;-3;18;-3;17;-3;17;-2;17;-2;17;-1;16;-1;16;0;16;0;15;1;15;1;5;0;1;0;-1;0;-1;-1;-1;-1;1;0;4;0;11;1;11;2;11;3;11;3;11;3;11;3;12;3;11;3;11;3;11;3;12;4;12;4;13;4;13;3;13;3;13;2;13;2;13;2;14;2;14;2;15;1;16;1;17;0;17;0;18;-1;18;0;19;0;19;0;100;0;12;-16;12;-17;12;-17;12;-17;11;-16;11;-15;11;-15;10;-14;9;-14;8;-15;8;-14;8;-14;8;-14;9;-13;9;-13;8;-12;8;-12;8;-12;8;-11;8;-11;8;-11;9;-10;8;-9;8;-8;8;-8;8;-8;8;-7;8;-7;3;-3;1;-1;-1;0;-1;0;-1;0;0;-2;1;-4;5;-11;5;-11;6;-10;6;-10;7;-10;7;-11;7;-11;8;-11;8;-12;9;-12;10;-11;10;-11;10;-11;10;-12;10;-12;10;-12;10;-13;11;-13;11;-13;11;-13;11;-14;11;-14;11;-15;11;-16;12;-17;12;-17;12;-17;12;-17,empty,EXP_S055,ZONE_01,sortie_zone,4.7,sortie_zone,sortie de la zone
9909972589,-58,6,a0:9f:7a:73:2b:3e,384,-110;-96;8;0;34;-11;32;-11;29;-11;25;-12;20;-13;16;-16;11;-18;7;-21;4;-25;1;-28;0;-31;-1;-33;0;-34;2;-34;3;-33;5;-30;5;-26;5;-22;3;-16;1;-12;-3;-7;-7;-4;-11;-2;-15;-2;-19;-2;-5;-1;0;0;0;0;0;0;0;0;0;0;0;0;0;0;0;0;0;0;-2;5;-7;21;-11;23;-17;23;-22;22;-26;18;-27;13;-25;8;-21;3;-15;0;-8;-1;0;-1;7;2;12;6;17;11;19;16;20;19;19;22;19;22;18;21;18;19;18;15;19;11;21;6;23;1;26;-4;29;-7;-127;0;3;-3;3;-3;4;-2;4;-2;5;-1;5;-1;6;0;6;0;7;0;8;0;8;0;8;0;8;1;8;1;9;2;10;2;10;2;10;2;10;3;10;3;10;3;10;3;10;4;10;4;10;4;10;5;9;5;9;5;3;2;1;0;-1;-1;1;-1;0;0;-2;0;-7;1;-18;2;-18;1;-19;0;-19;-1;-18;-3;-18;-4;-18;-4;-17;-5;-17;-6;-16;-7;-15;-8;-15;-8;-13;-9;-12;-9;-11;-9;-10;-9;-9;-9;-8;-9;-8;-8;-7;-8;-6;-7;-5;-7;-4;-7;-3;-7;-2;-6;-2;-6;-1;-5;0;-5;-127;0;30;-2;30;-3;29;-3;29;-3;28;-4;27;-4;27;-5;26;-5;25;-6;24;-6;23;-7;23;-7;22;-7;22;-7;21;-7;21;-6;20;-6;20;-6;19;-6;18;-6;17;-6;17;-5;16;-5;15;-5;14;-5;13;-5;13;-4;13;-4;4;-2;1;-1;-1;0;-1;-1;-1;-1;1;1;3;4;8;11;8;11;7;10;7;10;8;10;8;10;9;10;9;9;9;9;10;9;11;8;12;8;12;7;13;7;14;6;15;6;15;5;16;5;18;4;19;3;20;3;22;2;23;1;25;0;26;0;27;-1;28;-2;29;-2,empty,EXP_S055,ZONE_01,sortie_zone,4.7,sortie_zone,sortie de la zone
9910175229,-52,6,a0:9f:7a:73:2b:3e,384,-110;-96;8;0;6;-5;9;0;13;4;17;7;21;10;24;10;27;11;28;10;29;8;29;6;27;5;25;4;22;3;17;3;13;3;8;4;3;5;-2;6;-6;8;-10;10;-12;11;-14;13;-16;14;-17;15;-17;16;-5;4;0;0;0;0;0;0;0;0;0;0;0;0;0;0;0;0;0;0;-5;1;-20;5;-21;5;-23;4;-24;4;-24;3;-23;3;-21;2;-19;2;-16;0;-13;-1;-9;-3;-5;-5;-2;-8;2;-11;4;-15;6;-19;7;-22;7;-25;7;-29;6;-31;4;-33;2;-33;0;-32;-1;-30;-2;-26;-2;-23;64;0;14;-16;14;-16;14;-15;14;-15;14;-15;14;-14;14;-14;13;-14;13;-14;12;-14;12;-13;12;-13;12;-13;12;-13;13;-12;13;-12;13;-11;13;-11;12;-10;13;-9;13;-9;13;-8;12;-8;12;-7;12;-7;12;-6;12;-5;12;-4;4;-2;1;-1;-1;0;-1;0;-1;0;0;-2;1;-6;4;-15;5;-15;6;-14;7;-14;7;-14;8;-14;8;-13;9;-13;10;-13;11;-13;11;-13;11;-12;11;-12;11;-12;11;-12;11;-12;12;-12;12;-12;12;-12;12;-13;12;-13;12;-14;12;-14;13;-14;13;-15;13;-15;14;-16;14;-16;64;0;-15;0;-15;0;-15;-1;-14;-1;-14;-2;-13;-2;-13;-1;-13;-1;-12;-1;-12;-1;-12;-1;-12;-2;-12;-2;-11;-2;-11;-2;-11;-2;-11;-3;-11;-3;-11;-4;-11;-4;-10;-5;-9;-5;-9;-5;-9;-5;-8;-5;-8;-6;-8;-6;-7;-7;-3;-3;-1;-1;0;0;0;-1;0;-1;-1;0;-2;1;-4;4;-4;4;-4;4;-5;4;-5;4;-6;4;-7;4;-8;4;-8;4;-8;3;-9;3;-9;3;-10;3;-10;3;-11;3;-11;2;-11;1;-11;1;-11;1;-11;1;-12;2;-13;2;-14;1;-14;1;-14;0;-15;0;-14;0;-14;0,empty,EXP_S055,ZONE_01,sortie_zone,4.7,sortie_zone,sortie de la zone
9910374103,-52,6,a0:9f:7a:73:2b:3e,384,-110;-96;8;0;-1;17;-2;9;-2;2;-4;-5;-6;-11;-8;-17;-10;-21;-13;-24;-15;-26;-18;-27;-19;-27;-20;-26;-20;-24;-19;-22;-17;-19;-15;-15;-11;-12;-8;-8;-4;-4;0;-1;4;2;8;5;12;7;14;9;16;10;4;2;0;0;0;0;0;0;0;0;0;0;0;0;0;0;0;0;0;0;0;-4;4;-15;7;-16;11;-18;14;-19;17;-19;19;-19;20;-18;20;-17;20;-15;18;-13;16;-10;13;-7;9;-3;6;1;2;5;-1;10;-4;15;-6;20;-7;25;-8;29;-8;33;-8;36;-7;37;-6;38;-4;37;-3;35;81;0;-14;16;-14;15;-13;15;-13;14;-13;14;-13;14;-12;14;-11;14;-11;14;-10;14;-9;13;-9;13;-9;13;-9;13;-9;13;-9;13;-9;13;-9;12;-9;12;-9;11;-9;10;-9;10;-9;10;-9;10;-9;10;-9;9;-9;9;-9;8;-4;2;-1;0;0;-1;0;-1;0;-1;-1;1;-3;5;-8;14;-9;13;-10;13;-11;13;-11;13;-12;12;-12;12;-12;12;-13;11;-14;11;-14;11;-14;11;-14;11;-14;11;-14;11;-14;11;-14;11;-14;11;-14;11;-15;12;-15;12;-15;13;-14;13;-14;13;-14;13;-14;14;-15;14;-15;15;81;0;13;12;13;12;13;12;12;12;12;12;11;12;11;11;11;11;11;10;11;10;11;10;10;10;10;11;9;11;9;10;9;10;9;10;8;11;8;11;7;11;7;11;6;11;5;10;5;10;4;10;4;10;3;11;3;11;1;4;0;1;-1;-1;-1;-1;-1;-1;0;0;2;0;5;1;5;1;5;2;5;2;5;2;6;2;7;3;7;3;8;4;8;4;8;5;8;5;8;5;9;6;9;6;9;7;10;8;9;8;9;8;10;8;10;9;11;9;12;9;13;10;13;11;13;11;13;12;13;12,empty,EXP_S055,ZONE_01,sortie_zone,4.7,sortie_zone,sortie de la zone
9910575994,-54,6,a0:9f:7a:73:2b:3e,384,-110;-96;8;0;-8;19;-4;12;0;6;5;0;9;-7;13;-12;16;-16;19;-20;22;-22;24;-24;25;-24;25;-24;25;-22;24;-20;22;-17;19;-14;15;-10;10;-6;5;-3;-1;0;-6;2;-11;4;-16;4;-20;4;-22;3;-6;0;0;0;0;0;0;0;0;0;0;0;0;0;0;0;0;0;0;0;-2;-4;-6;-16;-4;-18;-3;-21;-1;-23;0;-24;1;-24;2;-24;3;-23;3;-21;2;-18;1;-14;0;-10;-2;-6;-4;-2;-6;3;-9;7;-11;12;-13;17;-14;21;-15;26;-16;29;-17;32;-18;35;-18;35;-17;34;-16;33;98;0;-16;11;-15;10;-15;10;-14;10;-15;9;-15;9;-15;10;-14;10;-14;11;-13;11;-12;11;-12;11;-12;10;-13;10;-13;11;-13;11;-13;11;-12;11;-12;10;-12;10;-12;9;-12;8;-12;8;-12;8;-12;8;-12;8;-12;7;-12;7;-5;2;-2;0;0;-1;0;-1;0;0;-2;0;-5;0;-13;0;-13;0;-13;-1;-13;-1;-13;-1;-13;-1;-12;-1;-12;-1;-12;-2;-13;-2;-13;-2;-13;-1;-13;-1;-13;0;-12;0;-12;0;-12;0;-12;1;-13;1;-14;2;-14;3;-14;5;-13;5;-13;6;-14;6;-15;6;-16;6;-17;7;98;0;9;20;9;20;9;21;8;21;8;20;7;19;7;18;7;17;7;16;8;16;8;16;7;16;7;16;6;16;6;15;6;14;6;14;6;14;6;14;5;14;4;14;3;13;3;13;3;12;2;12;2;12;2;12;1;12;0;4;0;1;-1;-1;-1;-1;-1;-1;0;0;2;1;5;5;5;5;5;5;5;6;6;6;6;7;7;8;7;9;7;10;6;10;6;11;6;11;6;12;7;12;7;13;7;14;7;15;6;15;6;15;7;16;8;16;8;17;9;18;9;19;9;20;9;21;8;21;8;21,empty,EXP_S055,ZONE_01,sortie_zone,4.7,sortie_zone,sortie de la zone
9910775852,-52,6,a0:9f:7a:73:2b:3e,384,-110;-96;8;0;-22;9;-15;6;-8;2;0;-1;6;-5;12;-9;17;-12;21;-15;24;-17;25;-19;26;-20;26;-20;25;-20;23;-18;21;-16;18;-13;14;-9;10;-5;6;-1;1;2;-3;6;-7;8;-10;11;-13;13;-15;14;-4;3;0;0;0;0;0;0;0;0;0;0;0;0;0;0;0;0;0;0;2;-2;9;-5;13;-5;17;-6;21;-6;24;-6;27;-6;28;-6;29;-6;28;-5;26;-5;23;-4;19;-4;14;-3;8;-2;1;-1;-5;0;-12;1;-18;3;-25;5;-30;7;-35;9;-38;11;-41;13;-42;15;-41;15;-40;15;92;0;-23;-2;-22;-1;-21;-1;-20;-1;-20;-1;-20;-2;-20;-1;-20;0;-19;1;-19;2;-18;2;-17;2;-17;1;-17;1;-18;1;-18;2;-17;2;-17;2;-16;2;-15;2;-15;1;-15;1;-15;1;-15;1;-15;1;-14;1;-14;0;-14;0;-5;0;-2;-1;0;-1;0;0;0;0;-2;-1;-5;-1;-12;-3;-13;-4;-13;-4;-13;-5;-14;-5;-14;-5;-14;-5;-14;-5;-14;-5;-14;-6;-15;-7;-15;-7;-16;-7;-16;-6;-16;-6;-15;-5;-15;-6;-16;-6;-16;-6;-17;-6;-18;-5;-19;-5;-19;-4;-19;-3;-20;-4;-20;-4;-21;-4;-22;-4;92;0;-9;19;-8;19;-8;20;-8;19;-9;18;-8;17;-8;16;-7;15;-6;15;-5;15;-4;15;-4;15;-4;14;-4;14;-4;13;-4;12;-3;12;-3;12;-3;12;-3;12;-4;12;-4;11;-3;10;-3;9;-3;9;-3;9;-3;10;-3;10;-2;3;-1;1;0;-1;0;-1;0;-1;-1;1;-1;3;-3;10;-3;10;-4;10;-4;10;-4;10;-4;10;-4;11;-5;12;-6;13;-7;13;-7;13;-7;13;-7;13;-7;14;-7;15;-8;15;-8;15;-9;15;-9;15;-9;16;-9;16;-8;17;-8;18;-9;19;-9;20;-10;20;-10;20;-10;20,empty,EXP_S055,ZONE_01,sortie_zone,4.7,sortie_zone,sortie de la zone
9910973068,-50,6,a0:9f:7a:73:2b:3e,384,-110;-96;8;0;-14;8;-8;5;-1;1;5;-2;10;-6;15;-9;19;-12;22;-14;24;-16;25;-17;25;-18;25;-17;24;-16;21;-15;19;-12;15;-10;11;-7;7;-4;2;-1;-2;2;-6;4;-10;6;-13;8;-16;8;-18;9;-5;2;0;0;0;0;0;0;0;0;0;0;0;0;0;0;0;0;0;0;2;-3;10;-9;12;-10;16;-11;19;-12;21;-12;23;-11;24;-11;23;-10;22;-9;19;-7;16;-6;12;-4;7;-3;2;-2;-4;0;-10;2;-15;4;-20;6;-24;9;-28;11;-31;13;-33;14;-34;16;-34;16;-32;16;-30;16;99;0;-19;-4;-19;-4;-18;-4;-17;-4;-17;-4;-17;-4;-17;-4;-17;-3;-17;-2;-16;-2;-16;-1;-15;-1;-15;-1;-15;-1;-16;-1;-16;-1;-15;-1;-15;-1;-15;-1;-14;-1;-14;-2;-14;-2;-13;-2;-13;-2;-13;-2;-13;-2;-13;-2;-12;-3;-5;-1;-2;-1;0;0;0;0;0;0;-2;-1;-5;-2;-12;-4;-12;-5;-12;-5;-12;-6;-12;-6;-12;-6;-12;-6;-12;-7;-12;-7;-12;-8;-12;-8;-13;-8;-13;-8;-13;-8;-13;-8;-13;-7;-13;-7;-13;-8;-14;-8;-14;-7;-15;-7;-15;-7;-16;-6;-16;-6;-16;-6;-17;-6;-18;-6;-18;-6;99;0;-5;19;-5;19;-5;19;-6;18;-6;17;-5;17;-5;16;-4;15;-4;15;-4;14;-4;14;-4;14;-4;14;-4;13;-3;13;-3;13;-3;13;-3;12;-3;12;-4;12;-4;11;-4;11;-4;10;-4;10;-4;9;-4;9;-5;9;-5;9;-2;3;-1;1;0;-1;-1;-1;0;-1;0;1;0;3;0;9;-1;9;-1;9;-1;9;-1;9;-2;10;-2;11;-2;11;-3;12;-3;12;-4;12;-4;12;-4;13;-4;13;-5;13;-5;14;-5;14;-5;14;-5;14;-5;15;-5;15;-5;16;-5;17;-5;18;-5;18;-6;19;-6;19;-6;19,empty,EXP_S055,ZONE_01,sortie_zone,4.7,sortie_zone,sortie de la zone
9911173909,-51,6,a0:9f:7a:73:2b:3e,384,-110;-96;8;0;4;17;2;9;0;2;-2;-6;-5;-12;-7;-18;-9;-22;-11;-26;-12;-28;-14;-29;-14;-30;-14;-29;-13;-28;-12;-25;-10;-22;-8;-18;-5;-13;-2;-8;0;-3;3;1;5;6;6;10;8;13;8;16;9;18;2;4;0;0;0;0;0;0;0;0;0;0;0;0;0;0;0;0;0;0;-2;-3;-5;-11;-5;-14;-4;-18;-4;-21;-3;-24;-3;-26;-2;-27;-1;-27;-1;-26;0;-23;0;-20;0;-16;0;-11;0;-5;0;1;0;7;0;13;1;19;2;25;4;30;5;34;6;37;7;38;8;38;9;37;9;35;87;0;-14;14;-14;14;-14;14;-14;14;-13;14;-13;13;-12;13;-12;13;-11;13;-11;13;-10;13;-10;13;-10;12;-10;12;-10;12;-10;12;-10;12;-10;11;-10;11;-10;11;-10;10;-10;10;-10;9;-10;9;-10;9;-10;8;-10;7;-10;7;-4;2;-2;0;0;-1;0;-1;0;-1;-1;1;-3;3;-7;10;-8;10;-8;9;-9;9;-9;9;-10;9;-10;9;-11;9;-11;9;-11;9;-12;9;-12;9;-12;9;-12;9;-13;9;-13;9;-13;9;-13;9;-13;10;-13;10;-13;10;-13;11;-14;11;-14;12;-14;12;-14;13;-14;13;-14;14;87;0;13;15;13;15;13;14;12;14;12;14;12;13;11;13;11;12;10;12;10;11;10;11;10;10;10;10;10;10;9;10;9;9;9;9;8;9;8;9;8;9;7;9;7;9;6;8;6;8;6;8;5;8;5;8;4;8;1;3;0;1;-1;-1;-1;-1;-1;-1;0;0;2;1;7;3;7;4;7;4;7;5;8;5;8;6;8;6;8;7;9;7;9;8;9;8;9;9;9;9;10;9;10;10;10;10;10;10;10;11;11;11;11;12;11;12;12;12;12;13;13;13;13;13;13;14;14;14;14;14,empty,EXP_S055,ZONE_01,sortie_zone,4.7,sortie_zone,sortie de la zone
9911375390,-49,6,a0:9f:7a:73:2b:3e,384,-110;-96;8;0;15;-3;8;-1;2;2;-4;6;-9;9;-13;13;-16;17;-17;20;-18;22;-18;23;-18;24;-17;24;-15;23;-13;21;-11;18;-9;15;-7;10;-5;5;-4;0;-2;-4;-1;-9;0;-13;0;-16;1;-19;1;-20;0;-6;0;0;0;0;0;0;0;0;0;0;0;0;0;0;0;0;0;0;-3;-1;-12;-5;-14;-7;-17;-11;-19;-14;-21;-16;-22;-18;-22;-19;-22;-19;-20;-18;-18;-17;-15;-15;-11;-13;-7;-10;-2;-7;3;-4;8;-2;14;0;19;1;24;1;29;0;33;0;35;-2;37;-3;37;-4;35;-5;33;-6;73;0;18;10;17;10;17;9;16;9;16;9;16;9;15;8;16;8;15;7;15;7;15;6;14;6;14;6;14;6;14;6;14;6;14;6;13;6;12;6;12;6;11;6;11;6;11;6;11;6;10;6;10;6;9;7;8;7;3;2;0;0;-1;-1;-1;-1;-1;-1;1;0;5;0;14;2;14;3;14;4;14;5;14;6;14;6;14;6;14;7;14;8;14;9;14;9;14;10;14;10;13;10;13;10;13;10;13;10;13;10;13;10;14;10;14;10;15;10;15;10;15;10;16;10;16;10;17;10;17;11;73;0;8;-16;8;-16;8;-15;8;-15;8;-14;8;-13;7;-13;7;-13;6;-13;6;-13;6;-13;6;-12;6;-12;6;-12;6;-11;6;-11;6;-11;6;-11;6;-10;6;-10;7;-10;7;-9;6;-9;6;-8;6;-8;7;-8;7;-7;8;-7;2;-3;0;-1;-1;0;-1;0;-1;0;0;-1;0;-4;1;-9;2;-9;2;-9;2;-9;2;-9;2;-10;3;-10;3;-11;4;-11;5;-11;5;-11;5;-10;5;-11;5;-11;6;-11;6;-12;7;-12;7;-12;7;-12;7;-12;7;-13;7;-13;7;-14;7;-15;8;-15;8;-15;8;-15;8;-15,empty,EXP_S055,ZONE_01,sortie_zone,4.7,sortie_zone,sortie de la zone
9911572728,-52,6,a0:9f:7a:73:2b:3e,384,-110;-96;8;0;15;-5;9;-1;5;3;1;7;-2;12;-4;16;-5;20;-5;23;-3;25;-2;27;0;27;1;27;2;25;2;22;2;19;2;16;0;12;-1;7;-4;3;-6;-1;-9;-4;-11;-6;-13;-8;-15;-9;-17;-10;-5;-3;0;0;0;0;0;0;0;0;0;0;0;0;0;0;0;0;0;0;-3;-3;-11;-11;-12;-14;-12;-17;-13;-20;-13;-22;-13;-24;-13;-25;-12;-24;-11;-23;-10;-21;-8;-18;-5;-15;-2;-11;2;-8;6;-5;11;-3;15;-1;20;0;24;0;28;0;32;-2;34;-3;35;-5;34;-7;33;-9;31;-10;65;0;18;9;18;8;18;8;17;8;17;7;16;7;16;7;16;6;15;6;15;5;15;5;14;5;14;5;14;5;14;5;14;5;14;5;13;5;13;5;12;6;12;6;11;6;11;6;10;6;10;6;9;6;9;7;8;7;3;2;0;0;-1;-1;-1;0;-1;-1;1;-1;5;-1;15;-1;15;0;15;1;15;3;16;3;16;4;16;5;16;5;16;6;16;7;16;7;16;8;16;8;16;8;15;8;15;9;15;9;15;9;15;9;16;9;16;9;16;9;17;9;17;9;17;9;18;9;18;9;18;9;65;0;6;-14;6;-14;6;-14;6;-13;6;-13;6;-12;6;-12;5;-11;5;-11;5;-11;5;-11;5;-11;5;-10;5;-10;5;-10;4;-9;4;-9;4;-9;4;-9;5;-9;5;-8;5;-8;5;-8;5;-8;5;-8;5;-7;5;-7;6;-7;2;-3;0;-1;-1;0;0;0;0;0;-1;-1;-1;-3;-2;-7;-2;-7;-2;-7;-1;-7;-1;-7;-1;-8;-1;-8;0;-9;0;-9;1;-10;1;-10;1;-10;2;-10;2;-10;2;-11;3;-11;3;-11;3;-11;4;-12;4;-12;4;-12;4;-13;4;-13;5;-14;5;-14;5;-14;5;-14;6;-14,empty,EXP_S055,ZONE_01,sortie_zone,4.7,sortie_zone,sortie de la zone
9911777970,-54,6,a0:9f:7a:73:2b:3e,384,-110;-96;8;0;-14;7;-10;10;-6;14;-3;17;0;20;3;22;5;24;6;25;7;26;8;25;8;25;8;24;9;22;9;20;8;18;8;15;8;12;8;9;8;5;9;2;9;-1;10;-3;10;-6;11;-7;12;-8;3;-2;0;0;0;0;0;0;0;0;0;0;0;0;0;0;0;0;0;0;-2;-5;-5;-20;-2;-22;1;-25;5;-27;10;-27;13;-25;15;-23;15;-19;15;-15;12;-10;8;-6;3;-3;-3;-1;-9;0;-14;0;-20;0;-25;-1;-29;-2;-32;-3;-35;-4;-36;-5;-36;-6;-35;-6;-33;-6;-31;-5;-28;-3;122;0;-5;-11;-5;-10;-5;-10;-5;-9;-5;-9;-5;-9;-6;-8;-6;-7;-7;-6;-6;-5;-6;-5;-6;-4;-6;-4;-6;-4;-7;-4;-7;-3;-7;-3;-7;-2;-6;-2;-6;-2;-6;-2;-6;-2;-6;-2;-6;-2;-6;-1;-6;-1;-5;-1;-5;-1;-2;-1;-1;-1;0;0;0;0;-1;0;-1;-2;-1;-6;-1;-15;-1;-16;0;-16;0;-16;0;-16;1;-16;1;-16;2;-16;2;-16;3;-16;3;-17;3;-17;3;-16;2;-16;2;-15;2;-14;2;-14;2;-14;1;-15;1;-15;0;-14;-1;-14;-1;-13;-1;-13;-2;-13;-2;-13;-2;-14;-3;-14;122;0;-17;18;-18;18;-17;18;-17;17;-16;17;-15;16;-14;16;-14;16;-13;16;-12;16;-12;16;-11;15;-11;15;-11;14;-10;14;-10;14;-10;13;-10;13;-10;13;-10;12;-9;11;-9;11;-8;10;-8;10;-8;9;-8;9;-8;9;-9;9;-3;3;-1;0;0;-1;0;-1;0;-1;-1;0;-3;2;-7;6;-7;6;-8;6;-8;6;-8;7;-9;7;-9;8;-10;8;-11;8;-11;8;-11;8;-11;9;-12;9;-12;10;-13;10;-13;10;-14;10;-14;11;-14;11;-14;12;-15;13;-15;14;-16;15;-16;16;-17;17;-17;17;-17;17;-17;18,empty,EXP_S055,ZONE_01,sortie_zone,4.7,sortie_zone,sortie de la zone
9911981760,-53,6,a0:9f:7a:73:2b:3e,384,-110;-96;8;0;-29;1;-27;3;-25;5;-24;7;-23;8;-23;10;-23;11;-23;11;-23;12;-22;11;-22;11;-22;11;-21;11;-20;11;-19;11;-18;11;-18;11;-18;11;-17;10;-17;10;-16;9;-16;9;-15;8;-14;7;-14;7;-4;1;0;0;0;0;0;0;0;0;0;0;0;0;0;0;0;0;0;0;-3;-1;-11;-1;-13;0;-16;1;-19;1;-23;0;-25;-3;-27;-5;-27;-9;-26;-11;-24;-13;-22;-13;-20;-13;-18;-11;-17;-8;-17;-5;-18;-2;-20;1;-23;3;-26;4;-29;5;-32;5;-35;4;-36;2;-36;1;-36;0;-36;-1;-93;0;-1;-6;-1;-5;-1;-5;-1;-4;-1;-4;-1;-4;-1;-4;-1;-3;-1;-3;-1;-2;-1;-2;-1;-2;-1;-2;-1;-1;-1;-1;-1;-1;-1;-1;-1;0;-1;0;-1;0;-1;0;-1;0;-1;0;-1;1;-1;1;-1;1;-1;1;-1;1;-1;0;-1;0;0;-1;0;0;0;0;-1;-1;-1;-3;-3;-6;-3;-6;-2;-7;-2;-7;-2;-7;-2;-7;-2;-7;-1;-7;-1;-8;-1;-8;-1;-8;-1;-8;-1;-8;-1;-8;0;-7;0;-7;0;-7;0;-7;0;-7;0;-7;0;-7;0;-7;0;-7;0;-7;0;-6;-1;-6;-1;-6;-1;-6;-93;0;-30;-3;-30;-2;-29;-2;-28;-2;-28;-1;-27;0;-26;0;-25;1;-24;1;-23;1;-23;2;-22;2;-22;3;-22;3;-22;3;-21;2;-21;2;-20;2;-20;2;-19;2;-19;2;-18;1;-17;1;-17;1;-17;0;-16;0;-16;-1;-16;-1;-6;-1;-2;-1;0;-1;0;0;0;0;-2;-1;-6;-1;-15;-2;-16;-3;-16;-3;-16;-4;-17;-4;-17;-5;-18;-5;-18;-5;-19;-6;-20;-6;-20;-6;-21;-7;-21;-7;-21;-7;-22;-7;-22;-7;-22;-7;-23;-7;-24;-6;-24;-6;-25;-5;-26;-5;-27;-5;-28;-4;-29;-4;-29;-4;-30;-3;-31;-3,empty,EXP_S055,ZONE_01,sortie_zone,4.7,sortie_zone,sortie de la zone
9912172282,-56,6,a0:9f:7a:73:2b:3e,384,-110;-96;8;0;-17;-3;-8;-1;2;1;10;2;17;3;24;3;29;3;33;3;35;2;35;0;34;-1;32;-2;29;-3;25;-4;21;-5;15;-6;9;-7;3;-7;-3;-8;-8;-8;-12;-7;-16;-7;-19;-6;-21;-6;-22;-5;-6;-2;0;0;0;0;0;0;0;0;0;0;0;0;0;0;0;0;0;0;1;-2;8;-5;12;-3;18;-1;23;2;27;5;30;7;32;10;32;12;31;14;28;14;24;14;19;12;12;10;6;7;-2;4;-9;2;-16;-1;-23;-4;-29;-6;-35;-8;-40;-9;-44;-10;-45;-11;-45;-10;-43;-9;-40;-9;96;0;-18;-17;-17;-17;-16;-16;-15;-15;-14;-15;-14;-15;-14;-14;-14;-13;-13;-12;-13;-11;-12;-11;-12;-10;-11;-10;-11;-10;-11;-10;-11;-10;-10;-9;-10;-8;-9;-8;-8;-8;-7;-8;-7;-7;-7;-7;-7;-7;-7;-6;-6;-6;-6;-5;-5;-5;-2;-2;-1;-1;0;0;0;0;0;0;-2;-1;-6;-3;-16;-7;-16;-8;-16;-9;-16;-10;-16;-11;-16;-12;-16;-12;-16;-13;-15;-14;-15;-14;-15;-15;-15;-16;-15;-16;-15;-16;-15;-16;-14;-16;-14;-16;-14;-17;-14;-17;-14;-17;-15;-17;-16;-17;-16;-17;-16;-17;-16;-17;-16;-17;-17;-18;-17;-18;96;0;-15;17;-15;17;-15;17;-15;17;-15;16;-14;16;-13;15;-12;15;-12;15;-11;16;-11;16;-11;16;-11;15;-11;15;-10;15;-10;15;-10;15;-10;15;-10;15;-11;14;-11;14;-11;13;-11;12;-11;12;-11;12;-11;11;-12;10;-12;9;-5;3;-2;0;0;-1;0;-1;0;-1;-1;0;-4;2;-9;7;-10;7;-10;6;-10;6;-10;6;-10;6;-10;7;-11;7;-12;7;-13;7;-13;7;-13;7;-12;7;-12;8;-13;9;-13;9;-14;10;-14;10;-14;10;-14;11;-14;11;-14;13;-14;14;-15;15;-16;15;-16;16;-16;16;-16;16,empty,EXP_S055,ZONE_01,sortie_zone,4.7,sortie_zone,sortie de la zone
9912378527,-55,6,a0:9f:7a:73:2b:3e,384,-110;-96;8;0;-23;6;-14;5;-5;5;3;4;11;4;17;4;23;4;27;4;30;3;32;3;32;3;31;3;30;3;27;3;23;2;19;2;14;0;8;-1;3;-3;-2;-5;-6;-7;-9;-9;-12;-10;-15;-12;-16;-13;-4;-4;0;0;0;0;0;0;0;0;0;0;0;0;0;0;0;0;0;0;0;-2;1;-6;3;-10;7;-15;11;-20;15;-23;19;-25;23;-27;25;-26;26;-25;26;-22;24;-19;20;-15;15;-12;9;-8;3;-4;-5;-1;-13;2;-20;5;-27;7;-34;9;-39;11;-43;12;-46;12;-47;12;-46;12;-44;11;111;0;-19;-9;-19;-9;-18;-8;-18;-8;-17;-8;-16;-7;-16;-7;-16;-6;-16;-5;-15;-5;-14;-5;-14;-4;-14;-4;-13;-4;-13;-4;-13;-4;-13;-4;-13;-4;-12;-4;-12;-4;-11;-4;-11;-4;-10;-4;-10;-4;-10;-4;-9;-4;-9;-4;-8;-4;-3;-2;-1;-1;0;0;0;0;0;0;-2;0;-6;-1;-15;-1;-15;-2;-15;-3;-15;-4;-16;-5;-16;-5;-16;-5;-16;-6;-17;-7;-17;-8;-17;-8;-17;-9;-17;-9;-17;-10;-17;-9;-17;-9;-16;-9;-16;-10;-17;-10;-17;-10;-18;-10;-18;-10;-18;-10;-18;-10;-19;-10;-19;-10;-19;-11;-19;-11;111;0;-16;19;-16;20;-15;19;-15;19;-14;18;-14;18;-13;17;-12;16;-11;16;-10;16;-9;16;-9;15;-9;15;-8;15;-8;14;-8;14;-8;14;-7;14;-7;13;-7;13;-7;12;-7;12;-7;11;-7;11;-7;11;-7;10;-7;10;-8;10;-3;3;-1;1;0;-1;0;-1;0;-1;-1;1;-3;4;-8;11;-9;10;-9;10;-9;10;-10;10;-10;11;-10;11;-11;12;-12;12;-12;13;-13;13;-13;13;-13;13;-13;14;-13;14;-14;14;-14;14;-15;15;-15;15;-15;16;-15;16;-15;17;-15;18;-16;19;-16;20;-16;20;-16;20;-16;20,empty,EXP_S055,ZONE_01,sortie_zone,4.7,sortie_zone,sortie de la zone
9912572347,-59,6,a0:9f:7a:73:2b:3e,384,-110;-96;8;0;32;-10;28;-10;23;-12;19;-14;15;-17;13;-20;11;-23;11;-26;11;-28;11;-29;11;-29;12;-29;12;-27;13;-26;12;-24;11;-22;9;-20;7;-19;5;-19;3;-19;1;-19;-1;-19;-1;-19;-2;-20;-2;-20;-1;-5;0;0;0;0;0;0;0;0;0;0;0;0;0;0;0;0;0;0;0;0;1;2;4;-1;8;-3;13;-4;18;-4;22;-2;26;1;28;5;29;9;28;12;25;14;22;15;19;13;16;11;14;7;13;3;14;-2;16;-7;19;-12;22;-16;27;-19;32;-20;35;-20;39;-19;41;-18;41;-16;-112;0;10;3;9;2;9;2;8;2;7;2;7;2;6;2;6;2;6;2;5;1;5;1;5;1;4;1;4;1;4;2;4;2;4;1;3;1;3;1;2;1;2;1;2;1;1;1;1;1;1;1;1;0;0;0;0;0;0;0;-1;-1;-1;-1;-1;0;-1;-1;1;-1;3;-1;10;-2;10;-1;10;-1;10;0;10;0;10;1;10;1;10;1;10;2;10;2;10;3;10;3;10;3;10;3;10;3;10;3;9;3;9;3;9;3;9;3;10;3;10;3;10;3;10;3;10;3;9;3;9;3;9;3;-112;0;27;-19;27;-19;26;-19;26;-18;25;-18;24;-17;23;-17;22;-17;21;-16;21;-16;20;-16;19;-16;18;-16;18;-16;18;-15;17;-15;17;-15;17;-14;17;-14;16;-13;16;-13;15;-12;15;-12;15;-11;14;-11;15;-10;15;-9;15;-9;5;-3;1;-1;-1;0;-1;0;-1;0;0;-1;3;-3;9;-8;10;-8;10;-8;11;-8;11;-8;12;-8;12;-9;13;-9;14;-10;15;-10;16;-10;16;-10;17;-10;17;-11;18;-11;18;-12;19;-12;20;-13;20;-13;21;-14;22;-15;23;-16;23;-17;24;-17;25;-18;26;-19;26;-19;27;-19,empty,EXP_S055,ZONE_01,sortie_zone,4.7,sortie_zone,sortie de la zone
9912772370,-61,6,a0:9f:7a:73:2b:3e,384,-110;-96;8;0;-2;-50;-1;-45;0;-39;-1;-32;-3;-24;-5;-17;-9;-9;-12;-3;-16;2;-20;7;-23;11;-26;13;-28;14;-29;15;-30;16;-29;15;-27;14;-25;13;-22;12;-19;11;-15;10;-11;10;-7;10;-3;10;-1;10;0;2;0;0;0;0;0;0;0;0;0;0;0;0;0;0;0;0;0;0;-2;-1;-6;-1;-3;-2;1;-3;5;-3;9;-4;14;-3;18;-2;22;0;26;2;28;4;29;7;30;9;28;11;26;11;23;11;19;9;15;7;10;3;5;-2;0;-9;-4;-16;-8;-25;-10;-33;-11;-40;-10;-46;-9;-50;-127;0;-11;-21;-11;-20;-11;-18;-11;-17;-10;-15;-9;-15;-8;-14;-7;-14;-8;-14;-8;-13;-9;-12;-9;-11;-8;-10;-7;-9;-6;-9;-6;-9;-7;-9;-7;-9;-7;-8;-7;-7;-6;-6;-6;-5;-5;-5;-5;-5;-6;-5;-6;-5;-6;-5;-6;-5;-3;-2;-1;-1;0;0;0;0;0;0;-1;-2;-2;-4;-4;-11;-4;-11;-3;-11;-3;-11;-3;-11;-4;-12;-4;-12;-5;-12;-5;-12;-5;-12;-5;-13;-5;-13;-6;-14;-6;-15;-7;-15;-8;-15;-8;-14;-8;-14;-8;-15;-8;-16;-9;-17;-9;-18;-10;-18;-11;-18;-11;-18;-11;-18;-10;-18;-10;-18;-127;0;-9;-28;-10;-28;-10;-28;-11;-28;-11;-28;-10;-28;-9;-27;-9;-26;-8;-25;-8;-24;-9;-23;-9;-22;-9;-22;-9;-22;-8;-22;-8;-21;-7;-21;-7;-20;-7;-19;-7;-19;-7;-18;-7;-18;-6;-18;-6;-17;-5;-17;-5;-16;-5;-16;-4;-16;-2;-6;-1;-2;0;0;0;0;0;0;-1;-1;-2;-3;-5;-7;-5;-7;-4;-8;-4;-8;-4;-9;-5;-9;-5;-10;-6;-10;-6;-11;-7;-13;-6;-14;-6;-15;-6;-15;-6;-16;-6;-16;-7;-17;-8;-18;-8;-19;-8;-21;-8;-22;-8;-22;-9;-23;-10;-23;-11;-24;-11;-26;-12;-27;-12;-29;-12;-30,empty,EXP_S055,ZONE_01,sortie_zone,4.7,sortie_zone,sortie de la zone
9912976846,-62,6,a0:9f:7a:73:2b:3e,384,-110;-96;8;0;-41;-12;-37;-13;-33;-12;-29;-11;-25;-8;-23;-4;-22;0;-21;3;-22;6;-24;8;-26;9;-28;9;-29;7;-29;5;-29;3;-27;1;-24;0;-21;-1;-17;0;-14;1;-12;3;-11;6;-11;8;-12;10;-13;11;-4;2;0;0;0;0;0;0;0;0;0;0;0;0;0;0;0;0;0;0;-1;-1;-5;-3;-8;-2;-12;-2;-16;-3;-19;-5;-21;-8;-22;-10;-23;-13;-22;-15;-22;-16;-21;-16;-20;-16;-20;-16;-20;-15;-20;-14;-21;-13;-21;-12;-22;-10;-23;-8;-26;-6;-28;-4;-31;-3;-34;-2;-38;-2;-41;-3;-43;-4;-108;0;-10;-2;-10;-1;-10;-1;-9;-1;-9;-1;-8;-2;-8;-2;-8;-3;-8;-3;-8;-2;-8;-2;-7;-2;-7;-3;-6;-3;-6;-4;-6;-5;-6;-5;-6;-5;-5;-5;-5;-4;-4;-4;-4;-5;-4;-5;-4;-5;-3;-5;-3;-5;-3;-5;-2;-4;-1;-2;-1;-1;0;0;0;0;0;0;-2;-1;-3;-2;-8;-6;-8;-6;-7;-7;-6;-7;-6;-7;-5;-6;-5;-6;-5;-5;-4;-5;-4;-5;-4;-5;-4;-5;-4;-5;-4;-4;-4;-3;-4;-2;-4;-2;-4;-2;-4;-2;-5;-2;-5;-2;-6;-2;-6;-1;-7;0;-7;0;-7;0;-7;0;-7;-1;-108;0;-35;-6;-34;-6;-34;-6;-33;-6;-32;-6;-30;-6;-29;-6;-28;-6;-27;-5;-26;-5;-25;-4;-24;-4;-24;-4;-23;-4;-22;-4;-21;-4;-21;-4;-20;-4;-19;-4;-19;-4;-18;-4;-17;-4;-17;-3;-16;-3;-16;-3;-16;-4;-16;-4;-16;-5;-6;-2;-2;-1;0;0;0;-1;0;0;-2;0;-5;0;-14;1;-14;0;-14;0;-15;-1;-15;-1;-16;-1;-17;-1;-18;-1;-19;-1;-19;-1;-20;-2;-21;-2;-21;-3;-22;-3;-23;-3;-23;-3;-24;-3;-26;-3;-27;-3;-28;-3;-29;-3;-30;-3;-31;-3;-32;-4;-33;-4;-34;-4;-35;-5;-35;-5,empty,EXP_S055,ZONE_01,sortie_zone,4.7,sortie_zone,sortie de la zone
9913172811,-58,6,a0:9f:7a:73:2b:3e,384,-110;-96;8;0;-25;-7;-17;-4;-10;0;-3;4;3;7;9;11;14;14;17;16;20;18;21;19;21;20;21;20;19;19;17;17;14;15;11;12;7;8;4;3;1;-1;-1;-6;-3;-10;-4;-13;-4;-16;-4;-19;-4;-20;-1;-5;0;0;0;0;0;0;0;0;0;0;0;0;0;0;0;0;0;0;0;-1;2;-5;6;-7;11;-9;17;-11;22;-12;26;-12;30;-11;32;-10;33;-9;32;-7;29;-6;25;-5;20;-4;14;-4;7;-4;0;-5;-7;-6;-14;-7;-21;-8;-28;-9;-34;-10;-38;-11;-41;-12;-43;-13;-43;-13;-42;-13;111;0;-15;-13;-14;-13;-13;-12;-13;-12;-12;-12;-12;-12;-12;-11;-12;-11;-12;-10;-12;-9;-11;-9;-11;-9;-10;-9;-10;-9;-10;-9;-10;-9;-10;-9;-9;-8;-9;-8;-8;-8;-8;-8;-7;-8;-7;-8;-7;-8;-6;-8;-6;-8;-5;-8;-5;-8;-2;-3;-1;-1;0;0;0;0;0;0;-2;-1;-5;-3;-12;-9;-12;-10;-11;-11;-11;-12;-11;-12;-11;-12;-11;-12;-11;-12;-10;-13;-10;-13;-10;-14;-10;-14;-10;-14;-10;-14;-10;-14;-10;-13;-9;-13;-9;-13;-10;-13;-10;-14;-11;-14;-12;-14;-12;-13;-12;-13;-12;-13;-13;-14;-13;-14;-13;-15;111;0;-23;8;-22;9;-22;9;-21;9;-20;8;-19;8;-18;8;-17;8;-15;9;-15;9;-14;9;-14;9;-13;9;-13;8;-12;8;-11;9;-11;9;-10;9;-10;9;-10;9;-10;8;-9;8;-9;8;-9;8;-9;8;-9;7;-9;7;-9;7;-4;2;-2;0;0;-1;0;-1;0;-1;-2;0;-5;1;-13;3;-13;2;-13;2;-14;2;-14;2;-14;2;-15;3;-16;3;-17;3;-18;3;-18;3;-18;2;-19;2;-19;3;-19;3;-20;3;-20;4;-21;4;-21;4;-21;5;-21;5;-22;6;-22;7;-23;7;-24;8;-24;8;-24;8;-24;8,empty,EXP_S055,ZONE_01,sortie_zone,4.7,sortie_zone,sortie de la zone
9913373237,-55,6,a0:9f:7a:73:2b:3e,384,-110;-96;8;0;-11;-13;-5;-7;1;-1;7;5;12;10;17;14;21;16;24;18;25;19;26;19;26;19;24;18;22;17;19;15;15;12;10;10;5;7;0;4;-5;1;-9;-2;-13;-5;-16;-7;-18;-9;-19;-11;-20;-12;-5;-4;0;0;0;0;0;0;0;0;0;0;0;0;0;0;0;0;0;0;1;1;4;8;6;11;7;16;9;20;10;23;11;25;12;27;12;27;11;26;10;24;9;21;7;17;5;11;2;5;-1;-1;-4;-7;-7;-13;-11;-19;-15;-24;-19;-29;-22;-32;-24;-34;-26;-35;-27;-35;-26;-33;-25;-31;90;0;-3;-23;-2;-22;-2;-22;-2;-21;-2;-21;-2;-21;-2;-20;-2;-20;-3;-19;-3;-19;-3;-18;-3;-18;-3;-17;-3;-17;-3;-17;-3;-17;-2;-17;-2;-16;-2;-16;-1;-15;-1;-15;0;-15;0;-14;0;-14;0;-13;0;-13;1;-12;2;-12;0;-5;0;-2;-1;0;0;0;0;0;-1;-2;-2;-5;-4;-12;-4;-12;-3;-13;-3;-14;-2;-14;-2;-14;-2;-14;-2;-15;-1;-15;-1;-15;-1;-16;-1;-16;0;-17;-1;-17;0;-17;0;-17;0;-17;0;-17;0;-18;0;-19;-1;-19;-1;-20;-1;-20;-2;-20;-2;-21;-1;-21;-1;-22;-1;-23;90;0;-21;2;-21;2;-21;2;-21;2;-20;2;-19;2;-18;2;-17;3;-16;3;-16;3;-15;3;-15;3;-14;3;-14;3;-13;3;-13;3;-12;3;-12;3;-12;3;-12;3;-12;3;-11;2;-11;2;-10;2;-10;2;-10;2;-10;1;-10;1;-4;0;-2;0;0;-1;0;-1;0;-1;-2;0;-5;0;-12;1;-12;1;-12;0;-12;0;-13;0;-13;0;-14;0;-15;0;-15;0;-16;0;-16;-1;-16;-1;-16;-1;-17;0;-17;0;-17;0;-18;0;-18;-1;-18;-1;-19;0;-19;0;-20;1;-21;2;-21;2;-22;2;-22;2;-22;2;-22;2,empty,EXP_S055,ZONE_01,sortie_zone,4.7,sortie_zone,sortie de la zone
9913575527,-58,6,a0:9f:7a:73:2b:3e,384,-110;-96;8;0;-18;3;-9;2;0;1;8;0;15;-1;21;-2;26;-3;29;-5;31;-6;31;-8;31;-8;29;-8;26;-7;23;-6;18;-5;13;-4;8;-4;2;-3;-3;-2;-8;-1;-12;-1;-15;0;-17;1;-19;1;-20;1;-5;0;0;0;0;0;0;0;0;0;0;0;0;0;0;0;0;0;0;0;1;-2;5;-6;10;-6;15;-6;21;-6;25;-5;29;-4;32;-2;33;-1;32;0;30;1;26;1;21;1;16;2;9;1;1;1;-6;1;-14;1;-22;1;-29;1;-35;2;-40;2;-43;3;-44;4;-45;5;-43;5;-40;5;92;0;-15;-17;-15;-17;-14;-16;-14;-16;-13;-15;-13;-15;-12;-14;-12;-13;-12;-13;-11;-12;-11;-12;-11;-11;-10;-11;-10;-11;-10;-11;-10;-11;-9;-10;-9;-10;-8;-10;-7;-10;-7;-10;-7;-10;-6;-9;-6;-9;-5;-8;-5;-8;-4;-8;-4;-8;-2;-3;-1;-1;0;0;0;0;0;0;-2;-1;-6;-2;-15;-6;-15;-7;-14;-8;-14;-9;-14;-9;-14;-10;-14;-10;-14;-11;-14;-12;-14;-12;-14;-13;-14;-14;-14;-14;-14;-14;-13;-14;-13;-14;-13;-15;-13;-15;-13;-15;-14;-15;-14;-15;-14;-16;-14;-16;-15;-16;-15;-16;-15;-17;-15;-17;-15;-17;92;0;-17;15;-17;15;-17;14;-17;14;-16;14;-15;13;-15;13;-14;13;-13;12;-13;12;-12;11;-12;11;-12;11;-11;11;-11;11;-11;10;-10;10;-10;10;-10;10;-10;9;-10;9;-9;8;-9;8;-9;8;-9;8;-9;7;-9;6;-9;6;-4;2;-1;0;0;-1;0;-1;0;-1;-1;0;-3;2;-9;6;-9;6;-9;6;-9;6;-10;6;-10;7;-10;7;-11;7;-12;8;-12;8;-12;8;-13;8;-13;8;-13;9;-14;9;-14;9;-14;10;-15;10;-15;10;-15;11;-15;12;-16;12;-16;13;-16;14;-17;14;-17;14;-17;15;-17;15,empty,EXP_S055,ZONE_01,sortie_zone,4.7,sortie_zone,sortie de la zone
9913773183,-58,6,a0:9f:7a:73:2b:3e,384,-110;-96;8;0;3;-23;-1;-15;-5;-7;-10;1;-14;7;-17;13;-21;17;-23;21;-25;23;-25;24;-26;24;-25;23;-24;22;-21;20;-18;17;-14;14;-10;11;-5;9;0;6;5;4;9;3;13;2;16;1;18;1;19;1;4;0;0;0;0;0;0;0;0;0;0;0;0;0;0;0;0;0;0;0;0;0;2;1;6;5;10;10;13;15;16;20;17;25;18;30;17;32;15;34;12;33;10;30;7;26;5;20;4;13;2;5;2;-3;2;-11;3;-20;4;-28;5;-34;6;-40;8;-44;9;-47;9;-48;10;-47;9;-45;123;0;17;-11;17;-10;16;-10;16;-10;15;-10;14;-10;13;-10;13;-10;12;-10;11;-10;10;-10;10;-9;10;-9;10;-9;9;-9;9;-9;9;-9;8;-8;8;-8;7;-7;7;-7;7;-7;6;-7;6;-6;6;-6;6;-6;5;-6;5;-5;2;-2;0;-1;-1;0;-1;0;-1;0;0;-2;3;-5;9;-12;10;-11;11;-11;12;-10;12;-10;13;-10;13;-10;14;-10;14;-9;15;-9;15;-9;16;-8;16;-8;16;-8;16;-8;16;-8;16;-8;16;-8;17;-8;17;-8;17;-9;17;-9;17;-9;17;-9;18;-10;18;-10;18;-10;18;-11;123;0;-10;-26;-11;-26;-11;-25;-11;-25;-11;-24;-11;-23;-11;-22;-11;-21;-12;-20;-12;-19;-12;-18;-12;-18;-12;-17;-12;-17;-11;-16;-11;-16;-11;-16;-11;-15;-10;-15;-10;-14;-9;-14;-9;-13;-9;-13;-8;-13;-8;-13;-7;-13;-7;-13;-6;-13;-3;-5;-1;-2;0;0;0;0;-1;0;-1;-2;-1;-6;-2;-15;-1;-16;-1;-16;-1;-16;-1;-16;-1;-17;-1;-17;-1;-18;-1;-18;-1;-19;-1;-19;-1;-19;-1;-20;-1;-20;-2;-20;-2;-21;-3;-21;-3;-22;-4;-22;-4;-22;-5;-23;-6;-23;-7;-24;-8;-25;-8;-25;-9;-26;-9;-26;-10;-27,empty,EXP_S055,ZONE_01,sortie_zone,4.7,sortie_zone,sortie de la zone
9913972447,-55,6,a0:9f:7a:73:2b:3e,384,-110;-96;8;0;-10;-17;-9;-9;-8;-1;-8;8;-8;15;-8;21;-9;26;-9;30;-9;32;-8;33;-8;33;-9;33;-8;31;-7;28;-6;24;-5;20;-3;15;0;11;3;6;6;2;9;-1;12;-4;14;-6;17;-8;19;-9;4;-3;0;0;0;0;0;0;0;0;0;0;0;0;0;0;0;0;0;0;1;-1;6;-2;10;-1;15;0;20;1;24;4;28;7;29;10;29;12;28;14;26;14;22;14;17;12;12;8;7;4;2;-1;-3;-7;-7;-13;-11;-20;-14;-26;-17;-32;-18;-36;-19;-40;-19;-42;-19;-42;-18;-40;-17;-38;108;0;5;-20;4;-19;4;-18;4;-17;4;-16;4;-16;4;-16;3;-16;2;-16;1;-15;1;-14;1;-14;1;-14;1;-14;1;-14;0;-14;0;-13;-1;-12;0;-11;0;-11;0;-10;0;-10;0;-11;0;-11;-1;-10;-1;-10;0;-9;0;-9;0;-4;0;-1;0;0;0;0;-1;0;-1;-2;-1;-5;-1;-13;0;-13;1;-14;1;-14;2;-15;2;-15;2;-15;3;-15;4;-15;4;-15;5;-15;6;-16;6;-16;6;-16;6;-16;6;-16;6;-16;7;-16;7;-16;7;-17;7;-18;6;-18;6;-18;6;-18;6;-18;6;-18;7;-19;7;-19;108;0;-26;-8;-26;-8;-26;-8;-25;-8;-24;-8;-23;-8;-22;-7;-22;-6;-22;-5;-21;-5;-21;-5;-21;-5;-21;-5;-20;-5;-20;-4;-19;-4;-19;-4;-19;-4;-18;-5;-18;-5;-17;-5;-16;-5;-16;-5;-15;-5;-15;-5;-14;-6;-14;-6;-14;-7;-5;-3;-2;-1;0;0;0;0;0;0;-2;-1;-5;-2;-12;-6;-12;-6;-12;-7;-11;-7;-12;-7;-12;-7;-13;-7;-14;-8;-14;-8;-15;-9;-15;-9;-15;-9;-15;-9;-16;-9;-16;-9;-17;-9;-18;-10;-18;-10;-18;-10;-19;-9;-20;-9;-21;-8;-22;-8;-23;-9;-24;-9;-25;-9;-25;-9;-25;-9,empty,EXP_S055,ZONE_01,sortie_zone,4.7,sortie_zone,sortie de la zone
9914172594,-56,6,a0:9f:7a:73:2b:3e,384,-110;-96;8;0;-21;-13;-16;-6;-11;1;-6;8;-2;15;1;21;3;26;5;30;6;33;6;35;6;35;6;35;6;33;5;31;5;28;4;24;4;19;5;13;6;8;7;3;8;-2;10;-6;12;-10;14;-12;15;-14;4;-4;0;0;0;0;0;0;0;0;0;0;0;0;0;0;0;0;0;0;0;-1;3;-3;6;-6;11;-10;16;-12;21;-14;26;-14;30;-13;32;-12;33;-9;32;-7;29;-4;25;-2;19;-1;12;-2;4;-3;-3;-4;-10;-7;-18;-10;-25;-13;-31;-17;-35;-20;-39;-23;-41;-26;-40;-28;-39;-28;-37;-27;123;0;-6;-20;-6;-19;-5;-18;-5;-17;-5;-17;-5;-17;-5;-16;-6;-16;-6;-15;-7;-14;-7;-13;-7;-12;-6;-12;-6;-12;-7;-12;-7;-12;-7;-11;-7;-11;-7;-10;-6;-10;-6;-9;-6;-9;-6;-9;-6;-9;-7;-9;-7;-8;-6;-8;-6;-8;-2;-3;-1;-1;0;0;0;0;0;0;-1;-2;-3;-4;-7;-11;-6;-12;-6;-13;-5;-14;-5;-14;-5;-15;-5;-15;-4;-15;-4;-16;-3;-16;-3;-17;-2;-17;-2;-18;-2;-18;-2;-18;-2;-18;-2;-17;-2;-18;-2;-18;-2;-19;-2;-19;-3;-20;-3;-19;-3;-19;-3;-19;-3;-20;-3;-20;-3;-21;123;0;-28;1;-28;1;-28;1;-28;1;-27;1;-26;2;-25;2;-24;3;-23;3;-23;4;-23;4;-23;4;-22;4;-22;4;-21;3;-21;3;-20;3;-20;3;-20;3;-20;3;-19;2;-18;2;-18;1;-17;1;-17;1;-17;0;-17;0;-17;-1;-6;-1;-2;-1;0;-1;0;0;0;0;-2;-1;-5;-1;-14;-3;-14;-3;-14;-4;-14;-4;-14;-4;-15;-4;-16;-4;-17;-4;-17;-4;-18;-4;-18;-5;-18;-5;-18;-5;-19;-5;-19;-4;-20;-4;-21;-4;-21;-4;-22;-4;-22;-3;-23;-2;-24;-1;-25;-1;-26;0;-27;0;-28;-1;-28;-1;-28;0,empty,EXP_S055,ZONE_01,sortie_zone,4.7,sortie_zone,sortie de la zone
9914372348,-56,6,a0:9f:7a:73:2b:3e,384,-110;-96;8;0;-4;-19;-5;-10;-6;-1;-7;8;-8;16;-8;22;-9;27;-9;31;-8;33;-8;34;-8;35;-7;34;-7;32;-6;28;-4;24;-3;19;-1;14;1;9;3;3;6;-1;8;-6;10;-9;12;-12;14;-15;15;-16;3;-4;0;0;0;0;0;0;0;0;0;0;0;0;0;0;0;0;0;0;1;0;5;2;8;5;11;10;14;15;16;20;17;25;16;28;15;30;13;30;11;29;8;26;6;22;3;16;1;9;-1;1;-2;-7;-3;-15;-4;-22;-5;-30;-5;-37;-5;-42;-5;-45;-5;-47;-5;-47;-5;-45;-5;-43;106;0;16;-14;16;-14;15;-13;15;-13;14;-13;13;-12;13;-12;12;-12;11;-12;10;-12;10;-12;9;-12;9;-12;9;-12;9;-11;8;-11;8;-11;8;-11;7;-10;7;-10;7;-9;7;-9;6;-9;6;-9;6;-8;6;-8;6;-7;6;-7;2;-3;0;-1;-1;0;-1;0;-1;0;0;-2;2;-5;6;-13;7;-13;7;-13;8;-13;9;-13;10;-13;11;-13;11;-13;12;-12;13;-12;13;-12;14;-12;14;-12;14;-12;15;-11;15;-11;15;-11;15;-11;15;-11;16;-12;16;-12;16;-12;16;-13;17;-13;17;-13;17;-13;17;-13;17;-13;106;0;-17;-20;-17;-20;-17;-20;-17;-19;-17;-19;-16;-18;-16;-17;-16;-16;-15;-16;-15;-15;-15;-15;-15;-14;-15;-14;-15;-14;-14;-14;-14;-14;-14;-14;-13;-14;-13;-13;-12;-13;-12;-13;-11;-12;-11;-12;-10;-12;-10;-12;-9;-12;-8;-12;-8;-12;-3;-5;-1;-2;0;0;0;0;0;0;-1;-2;-3;-4;-7;-11;-7;-11;-7;-12;-6;-12;-6;-12;-7;-13;-7;-13;-7;-14;-8;-14;-8;-14;-8;-15;-8;-15;-8;-15;-9;-15;-9;-16;-9;-16;-10;-17;-10;-17;-11;-17;-12;-17;-12;-17;-13;-18;-14;-18;-15;-19;-16;-20;-17;-20;-17;-20;-17;-20,empty,EXP_S055,ZONE_01,sortie_zone,4.7,sortie_zone,sortie de la zone
9914572354,-58,6,a0:9f:7a:73:2b:3e,384,-110;-96;8;0;0;14;5;8;10;2;14;-3;19;-7;22;-10;26;-12;28;-13;29;-14;29;-14;29;-13;27;-12;25;-11;22;-10;18;-9;14;-8;9;-8;4;-8;0;-9;-5;-10;-8;-11;-10;-12;-12;-14;-13;-15;-14;-16;-4;-4;0;0;0;0;0;0;0;0;0;0;0;0;0;0;0;0;0;0;-2;-1;-8;-1;-12;-3;-16;-5;-19;-8;-21;-12;-23;-15;-23;-17;-22;-19;-20;-20;-17;-19;-14;-17;-11;-14;-7;-9;-5;-4;-3;3;-2;10;-2;16;-2;22;-2;28;-3;33;-4;37;-6;39;-7;40;-8;39;-8;36;-7;34;124;0;-17;2;-17;2;-16;2;-15;2;-15;2;-14;2;-14;2;-13;3;-13;3;-12;3;-11;3;-11;3;-11;3;-11;3;-11;3;-10;3;-10;3;-10;3;-9;3;-9;3;-8;2;-8;2;-8;2;-7;2;-7;2;-7;2;-7;2;-6;1;-3;0;-1;0;0;-1;0;-1;0;-1;-2;0;-4;1;-11;4;-11;3;-11;3;-12;2;-12;2;-13;2;-13;2;-13;1;-13;1;-14;0;-14;0;-14;0;-15;0;-15;0;-15;0;-15;0;-15;0;-15;-1;-15;-1;-16;0;-16;0;-16;0;-17;0;-17;1;-17;1;-17;1;-17;1;-18;1;124;0;9;23;9;23;9;22;9;22;9;21;9;20;9;20;9;19;9;18;9;18;9;17;9;17;9;16;9;16;9;15;9;15;9;15;8;14;8;14;8;14;7;14;7;13;6;13;6;13;6;12;5;12;5;12;4;13;1;4;0;1;-1;-1;-1;-1;0;-1;0;1;0;3;1;10;0;10;0;11;0;11;0;11;0;12;0;13;0;13;0;14;0;14;0;15;0;15;1;15;1;16;1;16;2;17;2;17;2;17;3;18;3;18;4;19;5;20;6;20;6;21;7;22;7;22;8;23;8;23,empty,EXP_S055,ZONE_01,sortie_zone,4.7,sortie_zone,sortie de la zone
9914774030,-58,6,a0:9f:7a:73:2b:3e,384,-110;-96;8;0;-10;-13;-10;-5;-12;2;-13;9;-15;15;-17;20;-19;24;-20;26;-21;27;-22;27;-21;26;-21;25;-19;23;-17;20;-14;17;-10;14;-6;12;-2;9;3;7;7;7;11;6;14;6;17;6;19;7;20;7;5;2;0;0;0;0;0;0;0;0;0;0;0;0;0;0;0;0;0;0;1;-2;9;-6;12;-7;17;-6;21;-5;25;-3;27;-1;28;2;28;4;26;6;23;7;18;6;14;4;8;1;3;-2;-1;-7;-6;-12;-9;-17;-12;-23;-15;-28;-16;-33;-17;-36;-17;-39;-16;-40;-15;-40;-14;-37;-13;-35;-126;0;7;-16;7;-15;7;-15;7;-14;7;-13;7;-13;6;-14;5;-14;4;-14;4;-13;4;-12;4;-11;4;-11;4;-11;3;-12;3;-12;2;-12;2;-11;2;-10;2;-9;3;-9;3;-9;3;-9;2;-9;2;-8;1;-8;1;-7;2;-7;0;-3;0;-1;-1;0;-1;0;-1;0;0;-2;1;-4;4;-11;5;-11;6;-11;6;-11;6;-12;7;-12;7;-11;7;-11;8;-11;8;-11;9;-11;10;-12;10;-12;9;-12;9;-11;9;-11;9;-11;9;-11;10;-12;10;-13;9;-14;9;-14;8;-14;9;-14;9;-14;10;-14;10;-15;10;-16;-126;0;-26;-8;-26;-8;-26;-8;-26;-8;-25;-8;-24;-7;-23;-6;-22;-5;-22;-5;-22;-4;-22;-4;-22;-4;-21;-4;-21;-4;-20;-4;-20;-4;-20;-4;-19;-4;-19;-4;-19;-5;-18;-5;-17;-5;-16;-5;-16;-5;-15;-5;-15;-5;-15;-6;-14;-6;-5;-3;-2;-1;0;0;0;0;0;0;-2;-1;-4;-2;-10;-5;-10;-5;-10;-5;-10;-5;-10;-6;-11;-6;-12;-6;-13;-7;-14;-7;-14;-8;-14;-8;-15;-8;-15;-8;-16;-8;-16;-8;-17;-9;-17;-9;-18;-10;-18;-9;-19;-9;-20;-8;-21;-8;-23;-8;-24;-8;-25;-9;-25;-9;-25;-9;-26;-9,empty,EXP_S055,ZONE_01,sortie_zone,4.7,sortie_zone,sortie de la zone
9914975627,-56,6,a0:9f:7a:73:2b:3e,384,-110;-96;8;0;-1;13;4;7;9;0;14;-5;19;-10;23;-14;26;-17;28;-18;29;-19;30;-19;29;-18;28;-17;25;-16;21;-14;17;-12;13;-10;7;-9;2;-8;-3;-7;-8;-7;-12;-7;-16;-7;-18;-8;-20;-9;-21;-10;-6;-3;0;0;0;0;0;0;0;0;0;0;0;0;0;0;0;0;0;0;-3;-2;-11;-8;-13;-11;-15;-15;-16;-19;-17;-23;-16;-26;-15;-27;-13;-28;-11;-27;-8;-24;-6;-20;-5;-15;-4;-9;-3;-2;-4;5;-5;12;-6;19;-7;25;-9;31;-10;36;-12;39;-13;41;-14;41;-15;40;-14;37;-13;34;121;0;-20;3;-19;3;-18;2;-17;2;-17;2;-17;2;-17;2;-16;3;-15;4;-14;4;-13;4;-13;4;-13;4;-13;4;-13;4;-13;5;-12;5;-11;5;-11;4;-10;3;-10;3;-10;3;-10;3;-9;3;-9;3;-8;3;-8;3;-8;2;-3;0;-1;0;0;-1;0;-1;0;0;-2;0;-5;0;-13;1;-13;1;-14;0;-14;0;-15;0;-15;0;-15;-1;-15;-1;-15;-2;-15;-2;-16;-2;-16;-2;-17;-2;-16;-2;-16;-2;-16;-2;-16;-2;-16;-2;-17;-2;-18;-2;-18;-1;-19;0;-18;0;-18;0;-19;0;-19;0;-20;0;-21;0;121;0;10;24;11;24;10;23;10;23;10;22;10;21;10;20;10;19;11;18;11;18;11;17;10;17;10;17;10;16;10;15;10;15;10;15;10;14;9;14;9;14;8;14;8;13;7;13;7;12;7;12;6;12;6;12;5;13;1;4;0;1;-1;-1;-1;-1;-1;-1;0;1;1;3;2;11;2;11;2;11;2;11;2;11;2;12;2;13;2;14;2;15;2;15;2;15;2;16;2;16;3;17;3;17;3;18;3;19;3;19;4;19;5;19;6;20;7;21;7;21;8;22;8;23;8;24;9;24;9;24,empty,EXP_S055,ZONE_01,sortie_zone,4.7,sortie_zone,sortie de la zone
9915172233,-57,6,a0:9f:7a:73:2b:3e,384,-110;-96;8;0;16;10;10;3;6;-5;1;-12;-3;-19;-6;-24;-9;-29;-10;-33;-11;-35;-12;-36;-12;-36;-12;-35;-11;-33;-10;-30;-9;-26;-8;-21;-7;-15;-7;-9;-7;-4;-8;2;-8;7;-9;11;-10;14;-12;17;-13;19;-4;4;0;0;0;0;0;0;0;0;0;0;0;0;0;0;0;0;0;0;-2;1;-9;5;-13;6;-18;6;-23;6;-27;5;-30;3;-32;1;-32;-1;-31;-3;-28;-4;-25;-5;-19;-4;-13;-3;-7;-1;0;2;7;5;13;9;19;13;25;16;30;20;33;23;36;26;37;28;36;28;34;27;32;26;107;0;-4;20;-3;19;-3;19;-3;18;-2;18;-2;17;-2;17;-1;16;0;16;0;15;1;15;1;14;1;14;1;13;1;13;1;13;2;13;2;12;2;12;2;11;1;11;1;11;1;10;2;10;2;10;2;9;1;9;1;9;0;3;0;0;-1;-1;0;-1;0;-1;-1;1;-1;4;-3;13;-3;13;-4;13;-4;13;-5;13;-5;13;-5;14;-6;14;-6;14;-7;14;-7;14;-7;15;-7;15;-7;15;-7;15;-7;15;-7;15;-7;15;-7;16;-7;16;-6;17;-6;17;-6;18;-5;18;-5;19;-5;19;-5;20;-5;20;107;0;27;2;27;2;26;2;26;2;25;1;24;1;24;1;23;0;22;-1;22;-1;21;-2;21;-2;21;-2;20;-2;20;-2;20;-2;19;-2;19;-2;19;-1;18;-1;18;-1;17;-1;17;0;16;0;16;0;15;0;15;1;15;2;5;0;1;0;-1;-1;-1;-1;-1;-1;1;0;3;1;10;3;10;3;10;3;10;4;11;4;12;4;12;4;13;4;13;5;14;5;14;5;15;5;15;5;16;5;16;5;17;5;18;5;18;5;19;5;19;5;20;4;21;4;22;4;24;3;25;3;25;3;26;3;26;2,empty,EXP_S055,ZONE_01,sortie_zone,4.7,sortie_zone,sortie de la zone
9915372614,-56,6,a0:9f:7a:73:2b:3e,384,-110;-96;8;0;-5;-17;-5;-9;-6;-1;-7;8;-8;15;-9;21;-10;26;-11;29;-11;31;-11;33;-11;33;-11;32;-10;30;-9;27;-8;23;-6;19;-3;14;0;9;3;4;6;0;9;-4;12;-6;15;-9;17;-10;19;-11;4;-3;0;0;0;0;0;0;0;0;0;0;0;0;0;0;0;0;0;0;2;0;9;2;12;4;15;8;17;12;19;16;20;19;19;21;18;23;16;23;13;22;11;19;8;15;5;10;2;4;0;-2;-2;-9;-4;-16;-5;-22;-7;-28;-8;-34;-8;-38;-8;-41;-8;-43;-7;-44;-7;-42;-6;-40;102;0;13;-16;12;-15;11;-15;11;-14;11;-13;11;-13;11;-13;10;-14;9;-14;8;-13;7;-13;7;-12;7;-12;7;-12;7;-12;7;-12;6;-12;6;-12;5;-11;5;-10;6;-10;6;-9;6;-9;6;-9;5;-9;5;-9;5;-8;5;-8;1;-3;0;-1;-1;0;-1;0;-1;0;0;-2;2;-4;6;-11;7;-11;7;-11;8;-11;9;-11;9;-11;9;-11;9;-11;10;-11;11;-10;11;-11;12;-11;12;-11;12;-11;12;-11;12;-11;12;-11;12;-11;13;-11;13;-12;13;-13;13;-13;12;-14;12;-14;13;-14;13;-14;14;-14;14;-14;102;0;-20;-16;-20;-16;-20;-16;-19;-16;-19;-16;-18;-15;-17;-14;-17;-13;-17;-12;-17;-12;-17;-12;-17;-12;-17;-12;-16;-12;-16;-12;-15;-11;-15;-11;-15;-11;-15;-11;-14;-12;-13;-12;-12;-12;-12;-11;-11;-11;-11;-11;-10;-11;-10;-12;-9;-12;-4;-5;-1;-2;0;0;0;0;0;0;-1;-1;-3;-3;-9;-7;-8;-7;-8;-8;-8;-8;-8;-8;-9;-8;-9;-9;-10;-10;-10;-10;-10;-11;-10;-11;-10;-12;-11;-12;-11;-12;-12;-12;-12;-13;-13;-14;-13;-14;-13;-14;-14;-14;-15;-14;-16;-14;-17;-14;-18;-15;-19;-16;-19;-16;-19;-17;-19;-17,empty,EXP_S055,ZONE_01,sortie_zone,4.7,sortie_zone,sortie de la zone
9915572455,-57,6,a0:9f:7a:73:2b:3e,384,-110;-96;8;0;16;-9;7;-7;-2;-6;-10;-5;-18;-5;-24;-4;-30;-3;-34;-3;-36;-2;-37;-2;-38;-2;-37;-2;-35;-2;-31;-1;-26;-1;-21;0;-16;1;-10;2;-4;4;1;6;6;8;10;9;13;11;15;13;17;15;4;3;0;0;0;0;0;0;0;0;0;0;0;0;0;0;0;0;0;0;-1;2;-2;10;-4;13;-8;17;-12;20;-15;22;-18;23;-21;24;-22;23;-23;21;-22;18;-20;14;-16;11;-11;7;-5;3;1;0;8;-4;14;-7;21;-10;27;-13;33;-15;38;-16;41;-17;43;-17;43;-17;41;-16;39;-15;105;0;17;11;17;11;16;10;16;10;15;9;15;9;15;8;15;8;15;7;14;6;14;5;14;5;13;5;13;5;13;5;13;4;13;4;12;4;12;4;11;4;11;4;11;4;10;3;10;3;10;3;9;3;9;3;8;3;3;1;0;0;-1;-1;-1;-1;-1;-1;1;0;4;2;11;6;11;7;11;8;11;8;11;9;11;9;11;9;11;10;11;10;11;11;11;11;11;12;12;12;12;12;12;12;12;12;12;12;12;12;12;12;13;12;14;12;14;12;15;12;15;12;16;12;16;12;16;13;17;13;105;0;14;-23;13;-23;13;-23;13;-23;12;-22;11;-21;11;-21;10;-21;9;-21;9;-20;8;-20;8;-20;8;-19;8;-19;8;-19;7;-18;7;-18;7;-17;7;-17;7;-17;7;-16;7;-15;7;-15;7;-14;7;-14;7;-14;8;-13;8;-13;3;-5;1;-2;-1;0;-1;0;-1;0;0;-1;2;-4;6;-9;7;-9;7;-9;7;-9;8;-9;8;-10;8;-10;9;-11;9;-11;10;-12;10;-12;10;-12;11;-13;11;-13;11;-14;12;-14;12;-14;12;-15;12;-15;12;-16;12;-17;12;-18;13;-19;13;-20;13;-21;13;-22;13;-22;13;-23,empty,EXP_S055,ZONE_01,sortie_zone,4.7,sortie_zone,sortie de la zone
9915772633,-56,6,a0:9f:7a:73:2b:3e,384,-110;-96;8;0;-14;-15;-10;-6;-6;2;-3;10;-1;17;2;24;3;29;5;33;6;36;6;37;6;37;6;36;6;34;5;30;5;26;4;21;4;15;4;9;5;3;5;-3;7;-8;8;-12;9;-16;10;-19;11;-20;3;-5;0;0;0;0;0;0;0;0;0;0;0;0;0;0;0;0;0;0;2;-1;10;-3;14;-1;19;1;23;4;26;6;28;9;29;12;28;14;27;15;24;15;20;13;15;11;10;7;5;3;-1;-2;-6;-8;-11;-13;-15;-19;-20;-24;-23;-30;-26;-34;-28;-37;-28;-39;-28;-39;-27;-37;-25;-36;105;0;2;-22;2;-22;2;-21;2;-20;2;-19;2;-19;1;-19;0;-18;-1;-18;-1;-17;-1;-16;-1;-16;-1;-15;-1;-16;-2;-16;-2;-16;-2;-15;-2;-14;-2;-14;-2;-13;-2;-13;-2;-12;-2;-12;-2;-12;-2;-12;-2;-11;-2;-11;-1;-10;-1;-4;0;-2;0;0;-1;0;-1;0;-1;-2;0;-5;1;-14;2;-14;2;-15;3;-15;3;-15;3;-16;4;-16;4;-16;4;-16;5;-16;5;-16;6;-17;6;-17;6;-17;6;-17;6;-17;6;-17;6;-17;6;-18;6;-18;5;-19;5;-20;4;-20;4;-20;4;-20;5;-21;5;-21;5;-22;105;0;-27;-4;-28;-4;-28;-4;-27;-4;-26;-3;-25;-3;-24;-3;-24;-2;-23;-1;-23;-1;-23;-1;-23;-1;-22;-1;-21;-1;-21;-1;-20;0;-20;0;-20;0;-19;-1;-19;-1;-19;-1;-18;-2;-17;-2;-16;-2;-16;-2;-16;-3;-16;-3;-16;-4;-6;-2;-2;-1;0;0;0;0;0;0;-2;-1;-4;-1;-11;-3;-11;-4;-11;-4;-11;-4;-12;-4;-12;-4;-13;-4;-14;-4;-15;-5;-15;-5;-16;-6;-16;-6;-16;-6;-17;-6;-18;-6;-18;-6;-19;-6;-19;-6;-20;-6;-20;-6;-21;-5;-22;-5;-24;-4;-25;-4;-26;-5;-26;-5;-27;-5;-27;-5,empty,EXP_S055,ZONE_01,sortie_zone,4.7,sortie_zone,sortie de la zone
9915973293,-56,6,a0:9f:7a:73:2b:3e,384,-110;-96;8;0;-7;17;-2;9;4;2;9;-4;14;-10;18;-15;21;-19;24;-23;25;-25;26;-26;26;-27;25;-26;23;-24;21;-22;17;-19;14;-16;9;-12;4;-9;-1;-6;-6;-3;-10;-1;-15;1;-18;2;-21;3;-23;3;-6;0;0;0;0;0;0;0;0;0;0;0;0;0;0;0;0;0;0;0;-2;-2;-6;-10;-6;-13;-6;-19;-5;-23;-4;-27;-2;-30;-1;-31;1;-32;3;-30;4;-28;4;-24;4;-19;3;-13;1;-6;-2;1;-4;8;-7;14;-10;21;-12;27;-15;32;-17;36;-19;40;-20;41;-21;41;-20;39;-19;36;102;0;-21;7;-20;7;-19;6;-19;6;-18;6;-18;6;-17;7;-16;7;-15;8;-14;8;-14;8;-13;7;-13;7;-13;7;-13;7;-13;8;-12;8;-12;8;-11;7;-11;7;-10;6;-10;6;-10;6;-10;6;-10;6;-9;6;-9;5;-9;5;-3;1;-1;0;0;-1;0;-1;0;-1;-2;0;-5;1;-13;5;-14;4;-14;3;-15;3;-15;3;-15;3;-15;3;-16;3;-16;2;-17;2;-17;1;-18;1;-18;2;-18;2;-18;2;-18;2;-18;1;-18;1;-18;2;-19;2;-19;3;-20;4;-20;5;-20;5;-20;4;-21;5;-21;5;-22;5;102;0;9;24;9;24;9;23;9;23;9;22;9;21;9;20;9;20;9;19;10;19;9;18;9;18;9;17;9;17;9;16;9;16;9;16;9;16;8;16;8;15;7;15;6;15;6;14;6;14;5;13;5;13;4;14;4;14;1;5;0;1;-1;-1;-1;-1;-1;-1;0;1;1;3;2;10;2;10;2;10;2;10;2;11;2;11;2;12;3;13;2;14;2;14;2;15;2;15;2;15;3;16;3;16;3;17;3;17;3;18;4;18;4;18;5;19;6;20;7;21;7;22;8;23;8;23;8;24;8;24,empty,EXP_S055,ZONE_01,sortie_zone,4.7,sortie_zone,sortie de la zone
9916174743,-56,6,a0:9f:7a:73:2b:3e,384,-110;-96;8;0;13;-11;5;-8;-3;-6;-10;-4;-17;-2;-23;0;-28;1;-31;1;-34;2;-35;2;-35;2;-34;2;-32;2;-28;2;-24;2;-20;2;-15;2;-9;3;-4;4;1;5;6;6;10;8;13;10;15;11;16;12;4;3;0;0;0;0;0;0;0;0;0;0;0;0;0;0;0;0;0;0;0;2;1;9;-1;13;-3;17;-6;20;-8;23;-11;25;-13;26;-15;25;-16;23;-16;20;-14;17;-12;13;-8;8;-4;4;1;-1;6;-5;12;-9;17;-13;23;-16;28;-19;32;-21;34;-23;36;-23;36;-23;35;-21;33;-20;109;0;19;4;18;4;17;4;17;4;16;4;16;4;16;3;16;2;15;2;15;1;14;1;13;1;13;1;13;1;13;1;13;0;13;0;12;0;12;0;11;0;11;1;10;1;10;0;10;0;10;0;9;0;9;0;8;1;3;0;0;0;-1;-1;-1;-1;-1;-1;1;-1;4;0;12;1;12;1;12;2;12;3;13;3;13;3;13;3;13;4;13;4;13;5;14;5;14;6;14;6;14;6;14;6;14;6;14;6;14;6;15;6;15;6;16;6;16;5;17;5;17;5;17;5;18;5;18;6;18;6;109;0;5;-24;5;-24;5;-24;5;-24;5;-23;5;-22;4;-22;3;-21;3;-21;2;-20;2;-20;2;-20;2;-20;2;-19;2;-19;2;-18;2;-18;2;-18;3;-17;3;-17;3;-16;3;-16;3;-15;3;-15;3;-14;4;-14;4;-14;5;-13;2;-5;0;-2;-1;0;-1;0;-1;0;0;-2;0;-4;1;-11;2;-10;2;-10;3;-11;3;-11;3;-12;3;-12;3;-13;4;-13;4;-14;5;-14;5;-14;5;-15;5;-15;5;-16;5;-16;5;-17;5;-17;5;-18;5;-18;5;-19;5;-20;5;-21;5;-22;5;-23;5;-24;5;-24;5;-24,empty,EXP_S055,ZONE_01,sortie_zone,4.7,sortie_zone,sortie de la zone
9916382385,-56,6,a0:9f:7a:73:2b:3e,384,-110;-96;8;0;17;-9;8;-8;-2;-7;-10;-6;-18;-5;-24;-5;-30;-5;-34;-4;-37;-4;-38;-4;-38;-4;-37;-4;-35;-3;-31;-3;-27;-2;-22;-1;-16;0;-10;1;-5;4;0;6;5;8;9;11;12;13;14;15;16;16;4;4;0;0;0;0;0;0;0;0;0;0;0;0;0;0;0;0;0;0;0;2;-1;10;-4;14;-7;17;-11;21;-14;23;-17;24;-20;25;-22;24;-22;21;-22;19;-20;15;-16;11;-11;7;-5;4;1;0;8;-4;15;-7;21;-10;28;-13;34;-15;38;-16;42;-17;44;-17;44;-17;42;-16;40;-15;114;0;19;10;18;10;17;9;16;9;16;9;16;9;16;8;16;7;16;6;15;6;14;5;14;5;14;5;13;5;14;5;13;5;13;4;13;4;12;4;11;4;10;4;10;4;10;4;10;4;10;4;9;4;9;4;8;4;3;1;0;0;-1;-1;-1;-1;-1;-1;1;0;4;1;13;3;13;4;13;5;13;6;13;6;13;7;13;7;13;7;13;8;13;9;13;9;14;10;14;10;14;10;14;10;14;10;14;10;14;11;14;11;15;11;16;11;16;10;16;10;16;10;17;10;17;11;18;11;18;12;114;0;12;-25;12;-25;12;-24;12;-24;12;-23;11;-22;11;-21;10;-21;9;-21;9;-20;8;-20;8;-20;8;-20;8;-19;8;-19;8;-18;8;-18;8;-18;8;-18;9;-17;9;-16;9;-15;9;-14;8;-14;8;-13;9;-13;9;-13;10;-12;3;-5;1;-2;-1;0;-1;0;-1;0;0;-2;1;-4;4;-10;4;-10;5;-10;5;-11;5;-11;6;-11;6;-12;7;-13;7;-13;8;-14;8;-14;9;-14;9;-14;9;-15;9;-15;10;-16;10;-16;11;-17;11;-17;10;-18;10;-19;10;-20;10;-21;11;-22;12;-23;12;-23;12;-24;12;-24,empty,EXP_S055,ZONE_01,sortie_zone,4.7,sortie_zone,sortie de la zone
9916582764,-56,6,a0:9f:7a:73:2b:3e,384,-110;-96;8;0;16;-6;8;-6;-1;-6;-8;-7;-15;-8;-21;-8;-26;-9;-30;-10;-32;-10;-34;-10;-34;-10;-33;-10;-31;-9;-28;-8;-24;-7;-19;-5;-15;-3;-10;-1;-5;2;-1;5;3;8;6;11;8;14;10;16;10;18;2;4;0;0;0;0;0;0;0;0;0;0;0;0;0;0;0;0;0;0;-1;2;-2;9;-5;12;-8;15;-12;18;-15;20;-18;21;-20;21;-22;19;-22;17;-21;15;-19;12;-15;9;-11;6;-5;3;1;0;8;-2;14;-5;21;-6;27;-8;32;-9;37;-10;40;-10;41;-10;42;-10;40;-9;38;-8;111;0;14;13;14;12;13;12;13;11;12;11;12;11;12;10;12;10;12;9;12;8;11;8;11;8;11;7;11;7;11;7;11;7;10;7;10;6;9;6;9;6;9;6;8;6;8;6;8;6;7;6;7;6;7;6;6;6;2;2;0;0;-1;-1;-1;-1;-1;-1;1;0;4;2;11;6;10;6;10;7;10;7;10;8;10;8;10;9;10;9;10;9;10;10;10;11;10;11;10;12;10;12;10;12;10;12;10;12;10;12;10;12;11;12;11;12;12;12;12;12;12;13;13;13;13;13;13;14;13;14;111;0;16;-19;16;-19;16;-19;16;-19;15;-18;14;-17;14;-17;13;-16;12;-16;12;-16;12;-16;11;-15;11;-15;11;-15;11;-15;11;-14;11;-14;11;-14;11;-13;11;-13;11;-12;11;-11;10;-11;10;-10;10;-10;11;-9;11;-9;11;-8;4;-3;1;-1;-1;0;-1;0;-1;0;0;-1;2;-3;5;-9;6;-8;6;-8;6;-8;7;-9;7;-9;8;-10;8;-10;9;-11;9;-11;10;-11;10;-11;11;-11;11;-12;11;-12;12;-12;12;-13;12;-13;13;-13;13;-14;13;-15;13;-16;14;-17;14;-17;15;-18;15;-18;16;-19;16;-19,empty,EXP_S055,ZONE_01,sortie_zone,4.7,sortie_zone,sortie de la zone
9916773951,-56,6,a0:9f:7a:73:2b:3e,384,-110;-96;8;0;-11;14;-4;9;3;4;9;-1;15;-5;20;-9;25;-12;28;-14;30;-16;31;-16;31;-16;30;-16;28;-15;25;-14;21;-12;17;-10;12;-9;6;-7;0;-6;-5;-5;-9;-4;-14;-4;-17;-4;-20;-4;-22;-5;-6;-2;0;0;0;0;0;0;0;0;0;0;0;0;0;0;0;0;0;0;-1;-3;-4;-10;-3;-14;-2;-19;0;-23;2;-26;3;-28;5;-30;7;-30;8;-28;9;-26;9;-22;7;-17;5;-11;1;-6;-2;0;-6;6;-10;12;-14;17;-18;22;-22;27;-25;30;-27;33;-29;34;-29;33;-28;31;-26;29;113;0;-21;1;-20;1;-20;1;-19;0;-18;0;-18;0;-18;1;-17;2;-17;3;-16;3;-15;3;-15;3;-14;3;-14;3;-14;3;-14;3;-13;4;-13;4;-12;4;-12;3;-11;3;-11;3;-11;3;-11;3;-10;3;-10;3;-10;3;-10;2;-4;0;-1;0;0;-1;0;-1;0;0;-2;0;-5;0;-13;0;-14;-1;-14;-2;-14;-2;-14;-2;-15;-3;-15;-3;-15;-3;-15;-3;-15;-4;-16;-4;-16;-4;-16;-4;-17;-4;-17;-4;-16;-4;-16;-4;-17;-4;-17;-4;-18;-4;-19;-3;-19;-2;-19;-2;-19;-2;-20;-2;-20;-2;-21;-2;-21;-2;113;0;1;24;1;24;1;24;1;24;1;23;1;22;2;21;2;20;3;20;3;19;4;19;3;19;3;19;3;18;3;18;3;17;4;17;3;17;3;17;3;17;2;16;2;15;2;15;2;14;1;14;1;14;0;14;0;14;0;5;-1;1;-1;-1;0;-1;0;-1;-1;1;-1;3;-2;10;-2;10;-2;10;-2;10;-2;10;-2;11;-2;12;-2;13;-3;14;-3;14;-4;14;-4;14;-4;15;-3;15;-3;16;-3;17;-3;17;-3;18;-3;18;-2;18;-2;19;-1;20;-1;21;0;23;0;23;0;24;0;24;0;24,empty,EXP_S055,ZONE_01,sortie_zone,4.7,sortie_zone,sortie de la zone
9916974152,-56,6,a0:9f:7a:73:2b:3e,384,-110;-96;8;0;10;3;5;0;1;-3;-3;-6;-6;-9;-9;-12;-11;-13;-13;-15;-14;-16;-15;-16;-16;-16;-15;-16;-14;-15;-13;-13;-11;-11;-9;-9;-7;-6;-5;-3;-4;0;-2;3;-1;6;0;8;0;10;1;12;1;13;0;3;0;0;0;0;0;0;0;0;0;0;0;0;0;0;0;0;0;0;-2;0;-6;3;-8;4;-11;4;-14;3;-16;3;-18;2;-19;1;-19;0;-19;-1;-17;-2;-15;-2;-12;-2;-8;-2;-4;-1;0;0;4;1;8;3;13;5;16;6;19;8;22;9;24;10;24;10;25;10;24;10;22;10;107;0;4;25;3;24;3;23;3;23;4;22;4;21;4;20;4;19;4;19;5;18;5;17;5;17;5;16;5;16;5;16;5;16;4;15;4;15;4;15;4;14;4;14;3;13;3;13;3;12;2;12;2;12;1;11;1;11;0;4;0;1;-1;-1;-1;-1;-1;-1;0;1;2;5;7;14;6;15;5;15;5;16;4;16;4;17;3;17;3;18;2;18;2;19;2;19;1;20;1;20;1;20;1;20;1;20;1;21;1;21;1;21;1;21;1;22;1;22;2;23;2;23;2;24;3;24;3;24;3;25;107;0;30;-7;30;-7;29;-7;29;-7;28;-7;27;-6;26;-6;25;-6;24;-6;24;-7;23;-7;22;-7;22;-7;21;-7;21;-6;21;-6;21;-5;21;-5;21;-5;20;-4;19;-4;19;-3;18;-3;18;-2;18;-2;17;-1;17;0;16;1;6;0;1;0;-1;0;-1;0;-1;0;1;-1;4;-2;11;-4;12;-4;12;-4;13;-4;13;-4;14;-4;15;-4;15;-4;16;-4;17;-4;18;-4;18;-3;19;-3;20;-3;20;-4;20;-4;21;-4;22;-4;22;-4;23;-5;24;-5;25;-5;26;-6;27;-6;28;-6;28;-7;29;-7;30;-7,empty,EXP_S055,ZONE_01,sortie_zone,4.7,sortie_zone,sortie de la zone
9917172261,-56,6,a0:9f:7a:73:2b:3e,384,-110;-96;8;0;-15;8;-6;6;3;5;11;5;18;4;24;4;29;4;33;4;35;4;36;3;35;3;34;4;31;3;28;3;24;2;18;1;13;-1;8;-3;3;-6;-2;-8;-6;-11;-9;-13;-12;-15;-14;-17;-14;-18;-4;-5;0;0;0;0;0;0;0;0;0;0;0;0;0;0;0;0;0;0;-1;-3;0;-12;2;-15;5;-19;8;-22;11;-25;13;-26;15;-26;17;-25;18;-23;17;-20;15;-16;11;-12;7;-8;2;-4;-4;0;-10;4;-17;7;-23;10;-28;13;-33;15;-37;16;-41;17;-42;17;-42;17;-39;15;-37;14;118;0;-18;-11;-18;-10;-17;-10;-17;-10;-17;-9;-16;-9;-16;-8;-16;-7;-16;-7;-15;-6;-14;-6;-14;-6;-14;-5;-14;-5;-14;-5;-14;-5;-14;-5;-13;-4;-12;-4;-12;-4;-11;-4;-11;-4;-11;-4;-11;-4;-10;-4;-10;-4;-9;-4;-9;-4;-3;-2;-1;-1;0;0;0;0;0;0;-2;-1;-5;-2;-12;-5;-12;-6;-12;-7;-12;-8;-12;-8;-13;-8;-13;-9;-13;-9;-13;-9;-13;-10;-13;-11;-13;-11;-13;-11;-13;-11;-13;-11;-13;-11;-13;-11;-13;-11;-14;-12;-14;-12;-15;-11;-16;-11;-16;-11;-17;-11;-17;-12;-17;-12;-17;-12;-18;-12;118;0;-10;23;-10;24;-10;23;-10;23;-10;22;-9;22;-8;21;-8;21;-7;20;-7;20;-7;20;-7;19;-7;19;-7;19;-6;18;-6;18;-6;17;-6;17;-6;17;-6;16;-7;16;-7;15;-7;14;-7;14;-7;13;-8;13;-8;12;-9;12;-4;4;-2;1;0;-1;0;-1;0;-1;-1;1;-2;3;-5;9;-5;9;-6;9;-6;9;-6;10;-6;10;-6;11;-7;12;-8;12;-8;13;-9;13;-9;13;-9;13;-9;14;-10;14;-10;15;-10;15;-10;16;-10;16;-10;17;-10;18;-10;19;-10;20;-10;21;-11;22;-11;22;-11;23;-11;23,empty,EXP_S055,ZONE_01,sortie_zone,4.7,sortie_zone,sortie de la zone
9917372817,-56,6,a0:9f:7a:73:2b:3e,384,-110;-96;8;0;13;-9;4;-9;-4;-9;-12;-10;-19;-11;-24;-13;-29;-14;-32;-15;-34;-16;-35;-16;-34;-16;-32;-16;-30;-15;-26;-13;-22;-11;-18;-8;-14;-4;-10;0;-6;5;-4;9;-2;13;0;17;0;20;0;22;0;23;0;6;0;0;0;0;0;0;0;0;0;0;0;0;0;0;0;0;0;0;0;2;2;11;1;15;0;20;-2;24;-4;27;-6;29;-9;30;-11;29;-12;27;-12;24;-10;19;-8;14;-4;9;0;4;5;-1;11;-5;17;-9;23;-12;28;-15;34;-17;38;-18;41;-18;42;-18;42;-17;39;-15;36;-14;114;0;16;11;15;10;14;10;14;10;13;10;13;10;14;9;14;8;14;7;13;6;13;5;12;5;12;5;12;5;12;5;12;5;12;4;11;3;10;3;9;4;9;4;9;4;9;4;9;3;9;3;8;3;7;3;7;3;2;1;0;0;-1;-1;-1;-1;-1;-1;1;0;3;2;10;6;10;7;10;8;10;8;10;9;10;9;10;9;9;9;9;10;9;10;9;11;10;11;10;11;11;11;10;11;10;11;10;11;10;12;11;12;11;12;12;12;13;11;13;11;13;11;13;11;14;12;14;12;15;12;114;0;10;-26;10;-26;10;-26;10;-25;10;-24;9;-23;9;-23;8;-22;7;-22;6;-22;6;-22;5;-22;5;-21;5;-21;5;-21;5;-20;5;-20;5;-20;5;-20;6;-19;6;-18;6;-17;6;-16;5;-16;5;-16;6;-15;7;-15;7;-15;2;-6;0;-2;-1;0;-1;0;-1;0;0;-2;2;-4;6;-11;6;-11;7;-11;7;-11;7;-11;7;-12;8;-13;9;-13;9;-14;10;-14;10;-14;10;-14;10;-14;10;-15;11;-16;11;-17;12;-17;12;-17;11;-18;11;-18;11;-19;10;-21;11;-22;11;-23;11;-24;11;-25;11;-25;11;-26,empty,EXP_S055,ZONE_01,sortie_zone,4.7,sortie_zone,sortie de la zone
9917572581,-56,6,a0:9f:7a:73:2b:3e,384,-110;-96;8;0;14;4;9;-3;5;-9;2;-15;-1;-20;-3;-25;-5;-29;-5;-32;-5;-34;-5;-35;-4;-34;-4;-33;-3;-30;-2;-27;-2;-23;-2;-18;-3;-13;-5;-8;-7;-3;-9;1;-11;4;-14;7;-16;8;-18;9;-20;9;-5;2;0;0;0;0;0;0;0;0;0;0;0;0;0;0;0;0;0;0;-2;2;-7;11;-9;13;-13;15;-17;16;-20;17;-23;17;-25;16;-25;14;-24;11;-22;9;-19;7;-14;5;-8;4;-2;4;5;5;11;6;17;7;22;9;28;12;32;14;35;16;37;18;37;19;36;20;33;19;31;17;114;0;3;17;3;16;2;15;2;15;2;15;2;14;3;14;3;14;4;13;4;12;4;12;4;11;4;11;4;11;4;11;4;11;4;10;4;10;4;9;3;9;3;9;3;9;3;9;3;9;3;8;3;8;3;7;2;7;0;2;0;0;-1;-1;-1;-1;0;-1;0;1;0;3;1;11;1;11;0;11;0;12;0;12;0;12;-1;12;-1;12;-2;12;-2;13;-3;13;-2;14;-2;14;-2;14;-2;13;-2;13;-2;13;-2;14;-2;14;-2;15;-1;15;0;15;0;15;0;15;0;15;0;16;0;17;0;18;114;0;24;-10;24;-10;24;-10;23;-9;23;-9;21;-9;20;-9;19;-9;19;-10;18;-10;18;-10;18;-10;17;-9;17;-9;16;-9;16;-9;16;-9;16;-9;16;-8;16;-8;15;-7;14;-6;14;-6;13;-6;13;-5;13;-5;13;-4;13;-4;4;-2;1;-1;-1;0;-1;0;-1;0;1;-1;4;-2;11;-4;11;-4;11;-3;11;-3;11;-3;12;-4;13;-4;14;-4;15;-4;15;-3;16;-3;16;-3;16;-4;17;-4;17;-4;18;-4;18;-4;19;-4;19;-5;19;-5;20;-6;21;-7;22;-8;23;-8;24;-8;24;-9;24;-9;24;-9,empty,EXP_S055,ZONE_01,sortie_zone,4.7,sortie_zone,sortie de la zone
9917773707,-56,6,a0:9f:7a:73:2b:3e,384,-110;-96;8;0;3;-16;-3;-11;-10;-7;-16;-4;-22;-2;-27;0;-31;1;-34;1;-36;1;-36;1;-36;0;-34;-1;-32;-1;-28;-2;-24;-2;-19;-1;-14;0;-9;2;-4;5;-1;8;2;11;4;14;6;17;6;19;6;21;1;5;0;0;0;0;0;0;0;0;0;0;0;0;0;0;0;0;0;0;2;1;12;5;15;7;18;11;19;14;20;17;20;20;19;22;16;23;14;22;11;20;9;16;7;11;6;5;5;-1;5;-8;6;-14;8;-20;10;-26;12;-31;14;-35;16;-38;18;-39;19;-40;19;-38;18;-36;17;-33;121;0;17;0;17;0;16;1;16;1;15;0;15;0;15;-1;15;-1;14;-2;13;-2;13;-2;13;-2;12;-2;12;-2;13;-2;12;-2;12;-3;11;-3;11;-3;10;-2;10;-2;10;-2;10;-2;10;-2;9;-2;9;-2;9;-1;8;-1;3;-1;0;0;-1;0;-1;0;-1;-1;1;-1;4;-1;11;-1;11;0;12;0;12;1;12;1;12;1;12;2;12;2;12;2;13;3;13;3;13;3;13;3;13;3;13;3;13;4;13;4;13;4;14;4;14;3;15;3;15;2;15;2;15;2;16;2;16;2;17;2;17;2;121;0;-6;-28;-6;-28;-5;-28;-5;-27;-5;-26;-5;-25;-5;-24;-5;-23;-6;-22;-6;-22;-6;-21;-6;-21;-5;-21;-5;-20;-5;-20;-5;-19;-5;-19;-4;-19;-4;-19;-3;-18;-3;-18;-2;-17;-2;-16;-2;-16;-1;-15;-1;-15;0;-15;0;-15;0;-6;0;-2;0;0;0;0;0;0;-1;-2;-2;-4;-4;-12;-3;-12;-3;-13;-3;-13;-3;-13;-3;-14;-3;-15;-3;-16;-3;-17;-3;-17;-3;-18;-2;-18;-2;-18;-2;-19;-2;-20;-2;-20;-2;-21;-2;-21;-3;-22;-3;-22;-4;-22;-5;-23;-5;-24;-5;-25;-5;-26;-5;-27;-5;-28;-5;-28,empty,EXP_S055,ZONE_01,sortie_zone,4.7,sortie_zone,sortie de la zone
9917976921,-56,6,a0:9f:7a:73:2b:3e,384,-110;-96;8;0;13;-2;6;-6;0;-11;-6;-16;-10;-20;-13;-24;-15;-27;-17;-29;-18;-30;-18;-31;-17;-30;-16;-29;-14;-27;-11;-24;-9;-20;-7;-15;-6;-10;-6;-5;-6;1;-6;6;-7;10;-9;13;-10;15;-11;17;-13;18;-4;4;0;0;0;0;0;0;0;0;0;0;0;0;0;0;0;0;0;0;-1;3;-5;12;-7;15;-11;17;-14;19;-17;20;-20;20;-21;19;-22;17;-21;15;-19;12;-15;9;-10;7;-5;5;1;3;8;3;14;2;20;2;26;3;31;4;36;5;39;6;40;7;41;8;39;8;36;7;33;7;116;0;4;17;4;17;3;16;3;15;3;15;3;15;4;15;4;14;5;13;5;13;4;12;4;12;4;12;4;12;4;12;5;12;5;11;4;11;4;10;4;10;3;10;3;10;3;10;3;9;3;9;2;9;2;8;2;8;0;3;0;0;-1;-1;-1;-1;-1;-1;0;0;2;3;5;10;5;10;4;11;4;11;3;12;3;12;3;12;2;12;2;12;1;13;1;13;1;14;1;14;1;14;1;14;0;14;0;14;0;14;1;15;1;15;2;15;2;15;2;16;2;16;2;16;2;17;2;17;2;17;116;0;21;-15;21;-15;21;-14;21;-14;20;-13;19;-13;18;-12;18;-12;17;-12;16;-12;16;-12;16;-12;16;-11;15;-11;15;-10;15;-10;15;-10;15;-9;15;-9;14;-8;14;-7;14;-7;13;-6;13;-6;12;-5;12;-5;12;-4;12;-3;4;-1;1;-1;-1;0;-1;0;-1;0;0;-1;2;-3;8;-8;8;-8;8;-8;9;-8;9;-8;10;-8;10;-9;11;-9;12;-9;13;-9;13;-9;14;-9;14;-9;14;-10;15;-10;15;-10;16;-10;16;-10;16;-11;17;-11;17;-12;18;-13;19;-13;19;-14;20;-14;21;-14;21;-15;21;-15,empty,EXP_S055,ZONE_01,sortie_zone,4.7,sortie_zone,sortie de la zone
9918174005,-57,6,a0:9f:7a:73:2b:3e,384,-110;-96;8;0;1;9;3;1;5;-7;6;-15;7;-21;7;-27;8;-31;8;-33;8;-35;8;-35;7;-34;7;-32;6;-29;5;-25;4;-20;3;-15;1;-10;-2;-4;-4;1;-6;6;-8;10;-10;13;-12;15;-13;17;-15;18;-4;4;0;0;0;0;0;0;0;0;0;0;0;0;0;0;0;0;0;0;-2;-3;-7;-12;-8;-15;-8;-20;-8;-24;-8;-27;-7;-29;-6;-29;-4;-29;-3;-26;-2;-23;-1;-19;-1;-13;0;-7;0;0;-1;7;-2;14;-3;20;-3;26;-3;32;-3;37;-3;40;-3;41;-3;42;-3;40;-2;37;-2;33;100;0;-17;13;-16;12;-16;12;-15;11;-15;11;-15;11;-15;11;-14;12;-13;12;-11;12;-11;11;-11;11;-11;11;-11;11;-11;11;-10;11;-10;11;-9;10;-9;9;-9;9;-9;8;-9;8;-9;9;-8;9;-8;8;-8;8;-8;7;-8;6;-3;2;-1;0;0;-1;0;-1;0;-1;-1;1;-3;3;-9;9;-9;9;-10;9;-11;9;-11;8;-12;8;-12;8;-13;8;-13;7;-14;7;-15;7;-15;7;-15;8;-15;8;-14;8;-15;7;-15;7;-16;7;-16;7;-16;8;-16;9;-16;9;-16;10;-16;10;-17;10;-17;10;-18;11;-18;11;100;0;21;11;21;11;20;11;20;11;19;11;18;11;17;10;17;9;16;8;17;7;16;7;16;7;16;7;15;7;14;7;14;7;14;7;14;7;14;7;13;8;12;8;11;7;11;7;10;7;10;6;10;7;10;7;9;8;3;3;0;1;-1;-1;-1;-1;-1;-1;1;0;3;1;8;5;8;5;8;6;8;6;9;6;9;6;10;7;10;8;11;8;11;9;11;9;11;9;12;9;12;9;13;9;13;10;14;10;14;10;14;10;14;10;15;10;16;10;18;11;18;11;19;12;19;12;19;11;20;11,empty,EXP_S055,ZONE_01,sortie_zone,4.7,sortie_zone,sortie de la zone
9918372488,-57,6,a0:9f:7a:73:2b:3e,384,-110;-96;8;0;9;-7;1;-4;-6;-1;-13;1;-19;4;-24;6;-28;8;-31;9;-32;9;-33;10;-32;9;-31;9;-28;8;-24;7;-20;5;-15;4;-10;3;-4;2;1;1;6;0;11;0;14;0;17;1;20;1;21;2;5;0;0;0;0;0;0;0;0;0;0;0;0;0;0;0;0;0;0;0;-2;2;-6;9;-9;12;-12;14;-15;16;-18;18;-21;19;-22;18;-23;17;-22;16;-20;13;-17;10;-13;7;-8;4;-2;1;4;-3;10;-6;16;-9;21;-11;26;-14;30;-16;33;-18;36;-19;36;-19;35;-18;33;-17;30;-16;105;0;18;7;17;7;17;7;16;7;16;7;16;7;16;6;16;6;15;5;14;4;14;4;14;4;13;4;13;5;13;4;13;4;13;4;12;4;12;4;11;4;11;4;10;4;10;4;10;4;9;4;9;4;8;4;8;5;2;1;0;0;-1;-1;-1;0;-1;-1;1;-1;4;-1;11;-1;12;0;12;1;12;2;13;2;13;2;13;3;13;3;13;4;13;5;13;6;14;6;14;7;14;7;14;7;14;7;14;7;14;7;14;8;15;8;15;7;16;7;16;7;16;7;16;8;17;8;17;9;18;9;105;0;2;-23;3;-23;3;-23;3;-22;3;-21;3;-20;3;-20;3;-19;2;-18;2;-18;2;-18;2;-17;2;-17;2;-16;2;-16;2;-16;2;-16;3;-15;3;-15;3;-14;4;-14;4;-13;4;-12;4;-12;4;-12;4;-12;5;-11;6;-11;2;-4;0;-2;-1;0;0;0;-1;0;-1;-2;-1;-4;-1;-12;0;-12;0;-12;0;-12;1;-12;1;-13;1;-13;1;-14;1;-14;2;-15;2;-15;2;-15;2;-15;2;-16;2;-16;3;-17;3;-17;3;-17;3;-17;3;-18;2;-18;2;-19;2;-20;2;-21;2;-22;3;-22;3;-23;3;-23,empty,EXP_S055,ZONE_01,sortie_zone,4.7,sortie_zone,sortie de la zone
9918574748,-57,6,a0:9f:7a:73:2b:3e,384,-110;-96;8;0;-7;9;-1;3;5;-3;11;-9;15;-14;18;-18;21;-22;23;-24;24;-26;24;-26;23;-26;22;-24;19;-22;16;-20;13;-16;10;-12;6;-8;1;-4;-3;0;-7;3;-11;5;-14;7;-17;9;-19;10;-20;10;-5;2;0;0;0;0;0;0;0;0;0;0;0;0;0;0;0;0;0;0;0;-3;2;-12;4;-15;7;-19;10;-22;12;-24;15;-25;16;-26;17;-25;16;-23;15;-20;13;-16;10;-12;6;-7;1;-1;-4;4;-9;9;-14;14;-18;19;-21;23;-25;27;-27;30;-28;32;-29;32;-28;32;-26;29;-23;27;94;0;-22;1;-21;1;-21;1;-20;0;-20;0;-19;0;-19;1;-19;2;-18;3;-17;3;-16;3;-16;2;-16;2;-16;2;-16;3;-15;3;-15;3;-14;3;-13;3;-13;2;-13;2;-13;1;-12;1;-12;2;-11;2;-11;2;-10;1;-10;1;-4;0;-2;-1;0;-1;0;-1;0;-1;-2;0;-5;1;-13;3;-13;2;-14;1;-15;1;-15;1;-15;1;-15;0;-15;0;-16;-1;-16;-2;-17;-2;-17;-3;-18;-2;-18;-2;-17;-2;-17;-2;-17;-3;-18;-3;-18;-3;-19;-3;-19;-2;-20;-1;-19;-1;-20;-1;-20;-1;-21;-1;-22;-1;-23;-1;94;0;8;21;8;22;7;22;7;21;6;21;6;19;6;18;6;17;7;17;7;16;7;16;7;16;6;16;6;15;6;14;6;14;6;14;6;14;5;14;5;14;4;14;3;13;3;12;3;12;3;11;3;12;2;12;1;12;0;4;0;1;-1;-1;-1;-1;-1;-1;0;1;0;3;2;10;2;11;1;11;1;11;2;11;2;11;2;12;2;13;2;14;2;14;1;15;1;15;2;15;2;15;2;16;2;16;2;17;2;17;3;17;3;17;5;17;6;18;6;19;6;20;6;21;6;21;6;22;6;22,empty,EXP_S055,ZONE_01,sortie_zone,4.7,sortie_zone,sortie de la zone
9918773768,-57,6,a0:9f:7a:73:2b:3e,384,-110;-96;8;0;-7;9;0;3;7;-3;13;-8;17;-13;21;-17;24;-20;26;-22;27;-23;27;-23;26;-23;25;-22;22;-20;18;-18;14;-15;11;-11;6;-8;1;-4;-4;-1;-9;2;-13;4;-16;5;-19;6;-21;7;-22;7;-6;1;0;0;0;0;0;0;0;0;0;0;0;0;0;0;0;0;0;0;0;-3;2;-13;5;-16;7;-19;10;-23;13;-25;15;-26;16;-26;17;-25;17;-23;16;-19;14;-15;10;-11;6;-6;1;-1;-5;4;-10;9;-15;14;-20;18;-23;23;-27;26;-29;29;-31;31;-31;31;-31;30;-28;27;-25;25;99;0;-44;4;-42;4;-41;3;-39;3;-39;2;-39;3;-38;5;-37;6;-35;8;-33;8;-31;8;-30;7;-30;7;-30;7;-30;8;-30;9;-29;9;-27;9;-26;8;-25;7;-25;6;-25;6;-24;6;-24;7;-22;7;-21;6;-20;5;-20;4;-7;1;-2;0;0;-1;1;-1;0;0;-3;0;-10;2;-26;5;-27;3;-27;2;-29;1;-30;1;-30;1;-31;0;-31;-1;-31;-3;-32;-4;-34;-5;-35;-5;-35;-5;-35;-4;-34;-4;-34;-4;-34;-5;-35;-6;-37;-6;-38;-5;-39;-3;-39;-2;-39;-1;-40;-1;-41;-2;-42;-2;-44;-2;-45;-2;99;0;19;44;19;44;18;44;18;43;17;42;16;39;17;37;17;35;19;34;19;33;19;33;18;33;17;32;16;31;16;29;16;29;16;28;16;28;15;29;14;28;12;27;11;26;11;25;11;24;10;23;10;23;9;24;7;24;2;9;0;2;-1;-1;-1;-2;-1;-1;0;2;2;8;5;22;4;22;3;22;3;22;3;22;4;23;5;25;5;27;4;29;3;29;3;30;4;30;5;30;6;31;7;32;7;33;6;35;6;35;7;35;9;35;11;36;13;38;14;40;15;42;15;43;16;44;16;44;17;44,empty,EXP_S055,ZONE_01,sortie_zone,4.7,sortie_zone,sortie de la zone
9918975457,-57,6,a0:9f:7a:73:2b:3e,384,-110;-96;8;0;-9;8;-1;4;7;0;15;-3;21;-6;26;-8;30;-10;32;-12;33;-12;33;-12;33;-12;31;-12;28;-10;24;-9;19;-8;14;-6;8;-5;2;-4;-3;-4;-9;-3;-13;-3;-17;-3;-20;-4;-22;-4;-23;-5;-6;-2;0;0;0;0;0;0;0;0;0;0;0;0;0;0;0;0;0;0;0;-3;2;-12;5;-15;7;-19;10;-22;13;-25;15;-26;17;-26;18;-25;18;-22;16;-19;14;-15;10;-11;6;-6;0;-2;-6;3;-12;7;-17;11;-23;15;-27;19;-31;22;-34;24;-36;25;-36;25;-35;24;-33;23;-30;21;103;0;-20;-9;-20;-9;-19;-9;-19;-8;-18;-8;-18;-7;-18;-7;-17;-6;-17;-6;-16;-5;-16;-5;-15;-5;-15;-5;-15;-4;-15;-4;-15;-4;-14;-4;-14;-4;-13;-4;-13;-4;-12;-4;-12;-4;-12;-4;-11;-4;-11;-4;-11;-4;-10;-4;-10;-4;-4;-2;-1;-1;0;0;0;0;0;0;-2;-1;-5;-1;-13;-3;-13;-3;-13;-4;-14;-5;-14;-5;-14;-6;-14;-6;-14;-7;-14;-7;-14;-8;-15;-9;-15;-9;-15;-9;-15;-9;-15;-9;-15;-9;-15;-9;-15;-10;-15;-10;-16;-10;-17;-10;-17;-10;-18;-10;-18;-10;-18;-10;-19;-10;-19;-10;-19;-11;103;0;-3;24;-3;24;-3;24;-3;23;-3;22;-2;22;-2;21;-1;20;-1;20;-1;20;-1;19;-1;19;-1;18;-1;18;-1;17;-1;17;-1;17;-1;16;-2;16;-2;16;-2;15;-2;14;-2;14;-3;13;-3;13;-4;13;-4;12;-5;12;-2;4;-1;1;0;-1;0;-1;0;-1;-1;1;-1;3;-2;11;-3;11;-3;11;-3;11;-3;11;-3;12;-4;12;-4;13;-4;14;-4;14;-5;15;-5;15;-5;15;-5;15;-5;16;-5;16;-5;17;-5;17;-4;18;-4;18;-4;19;-3;20;-3;21;-3;22;-3;23;-3;23;-3;24;-3;24,empty,EXP_S055,ZONE_01,sortie_zone,4.7,sortie_zone,sortie de la zone
9919176532,-56,6,a0:9f:7a:73:2b:3e,384,-110;-96;8;0;-12;0;-3;2;6;3;14;5;21;5;26;6;31;6;34;6;35;6;36;6;35;5;33;5;30;4;26;3;21;3;15;2;9;0;3;-1;-2;-3;-8;-5;-12;-6;-15;-8;-18;-9;-20;-11;-21;-12;-6;-3;0;0;0;0;0;0;0;0;0;0;0;0;0;0;0;0;0;0;2;-2;11;-6;15;-6;20;-6;24;-5;27;-4;30;-3;31;-2;30;0;28;1;25;2;20;2;14;2;8;1;0;0;-7;-1;-14;-2;-21;-3;-28;-4;-34;-4;-39;-5;-42;-5;-44;-5;-45;-5;-44;-5;-41;-4;-37;-4;94;0;-12;-19;-12;-19;-12;-18;-12;-18;-11;-17;-11;-17;-11;-16;-11;-16;-11;-15;-11;-14;-11;-14;-11;-13;-10;-13;-10;-13;-10;-13;-10;-13;-10;-13;-10;-12;-9;-12;-8;-12;-8;-12;-8;-11;-8;-11;-7;-11;-7;-11;-6;-10;-6;-10;-5;-10;-2;-4;-1;-2;0;0;0;0;0;0;-2;-1;-5;-3;-12;-8;-11;-9;-11;-10;-11;-11;-11;-11;-11;-12;-10;-12;-10;-13;-10;-14;-10;-15;-10;-15;-9;-16;-9;-16;-9;-16;-9;-16;-9;-16;-9;-16;-9;-17;-9;-17;-9;-18;-10;-18;-10;-18;-11;-18;-11;-19;-11;-19;-11;-20;-11;-20;-12;-20;94;0;-16;18;-16;18;-16;18;-16;17;-15;17;-15;16;-14;16;-14;15;-13;15;-13;15;-13;14;-12;14;-12;14;-12;13;-12;13;-12;13;-12;12;-12;12;-12;11;-12;11;-12;10;-12;9;-11;9;-11;8;-11;8;-11;7;-11;7;-12;6;-5;2;-2;0;0;-1;0;-1;0;-1;-1;1;-3;3;-7;9;-7;9;-7;8;-8;8;-8;9;-9;9;-9;9;-10;10;-10;10;-10;10;-11;10;-11;11;-11;11;-11;12;-12;12;-12;12;-13;12;-13;13;-13;13;-13;14;-14;14;-14;15;-14;16;-15;17;-15;17;-15;18;-15;18;-15;18,empty,EXP_S055,ZONE_01,sortie_zone,4.7,sortie_zone,sortie de la zone
9919372872,-56,6,a0:9f:7a:73:2b:3e,384,-110;-96;8;0;-9;6;-1;2;6;-2;13;-6;19;-9;23;-12;27;-14;29;-16;30;-17;30;-18;29;-18;27;-17;24;-15;21;-13;17;-11;12;-9;7;-6;2;-3;-4;-1;-8;1;-12;3;-16;4;-19;5;-21;5;-22;5;-6;1;0;0;0;0;0;0;0;0;0;0;0;0;0;0;0;0;0;0;1;-3;6;-10;9;-13;13;-15;17;-17;20;-18;23;-18;24;-18;24;-16;23;-14;21;-12;17;-9;13;-6;7;-3;1;0;-6;3;-12;6;-18;9;-23;12;-28;15;-33;17;-36;19;-37;20;-37;20;-36;20;-33;19;-30;17;97;0;-20;-9;-20;-9;-19;-9;-18;-9;-18;-9;-18;-9;-18;-8;-17;-7;-17;-7;-16;-6;-16;-6;-15;-6;-15;-6;-15;-6;-15;-6;-15;-6;-14;-6;-14;-5;-13;-5;-13;-6;-12;-6;-12;-6;-12;-6;-11;-5;-11;-5;-10;-5;-9;-6;-9;-6;-3;-2;-1;-1;0;0;0;-1;0;0;-2;0;-5;0;-13;-1;-14;-2;-14;-3;-14;-3;-15;-4;-15;-4;-15;-5;-15;-5;-15;-6;-15;-7;-15;-8;-16;-8;-16;-8;-16;-9;-16;-9;-15;-9;-15;-9;-15;-10;-16;-10;-17;-10;-17;-9;-18;-9;-18;-9;-18;-9;-18;-10;-19;-10;-20;-10;-20;-11;97;0;-3;22;-3;23;-3;22;-4;22;-4;21;-4;20;-3;19;-3;18;-2;18;-2;18;-2;17;-3;17;-3;17;-3;16;-3;16;-3;15;-3;15;-3;15;-3;15;-4;14;-4;14;-4;13;-4;12;-4;12;-5;11;-5;11;-6;11;-6;11;-3;3;-1;1;0;-1;-1;-1;0;-1;0;1;0;3;-1;10;-1;10;-1;10;-2;10;-1;11;-1;11;-1;12;-2;13;-2;13;-3;14;-3;14;-3;14;-3;14;-3;14;-4;15;-4;16;-4;16;-4;16;-4;16;-3;17;-3;18;-2;19;-2;20;-3;21;-3;21;-3;22;-3;22;-3;22,empty,EXP_S055,ZONE_01,sortie_zone,4.7,sortie_zone,sortie de la zone
9919571023,-56,6,a0:9f:7a:73:2b:3e,384,-110;-96;8;0;2;-10;0;-2;-2;6;-4;13;-5;20;-5;25;-5;29;-5;32;-5;34;-4;34;-3;33;-3;31;-2;28;-2;24;-1;20;-1;14;-1;9;0;3;0;-3;0;-8;0;-13;1;-16;1;-19;1;-22;2;-23;0;-6;0;0;0;0;0;0;0;0;0;0;0;0;0;0;0;0;0;0;-1;2;-2;12;-4;15;-7;18;-10;21;-12;24;-14;25;-15;25;-16;24;-15;22;-14;19;-12;15;-10;10;-6;4;-3;-1;1;-7;4;-13;7;-19;9;-24;11;-29;13;-34;14;-37;14;-39;14;-40;12;-39;11;-36;9;-33;89;0;19;-11;18;-11;18;-10;17;-10;17;-10;17;-10;16;-10;15;-10;14;-10;14;-10;13;-9;13;-9;13;-9;13;-9;13;-9;13;-9;13;-9;12;-8;12;-8;11;-7;11;-7;11;-6;11;-6;11;-6;10;-6;10;-5;10;-4;10;-4;3;-2;1;-1;-1;0;-1;0;-1;0;0;-2;2;-5;7;-12;8;-11;9;-11;10;-11;10;-11;11;-11;11;-10;12;-10;12;-10;13;-10;14;-9;15;-9;15;-9;15;-9;15;-8;15;-8;15;-8;16;-8;16;-8;17;-9;17;-9;17;-10;17;-10;17;-10;18;-10;19;-10;19;-10;20;-10;89;0;-17;-15;-17;-15;-16;-15;-16;-15;-15;-15;-14;-14;-14;-13;-14;-13;-14;-12;-14;-12;-13;-12;-13;-12;-12;-12;-12;-12;-11;-12;-11;-12;-11;-11;-11;-11;-10;-12;-10;-12;-9;-11;-8;-11;-7;-11;-7;-11;-7;-11;-6;-11;-6;-11;-5;-12;-2;-5;-1;-2;0;0;0;0;0;0;-1;-1;-4;-2;-9;-6;-9;-6;-9;-7;-9;-7;-9;-7;-9;-7;-10;-8;-10;-8;-10;-9;-11;-9;-11;-10;-11;-10;-11;-10;-11;-10;-11;-11;-12;-11;-12;-12;-12;-12;-12;-12;-13;-12;-13;-12;-14;-12;-15;-13;-16;-13;-16;-14;-16;-15;-16;-15;-16;-15,empty,EXP_S055,ZONE_01,sortie_zone,4.7,sortie_zone,sortie de la zone
9919775605,-57,6,a0:9f:7a:73:2b:3e,384,-110;-96;8;0;-9;-9;-5;0;-2;8;0;15;3;21;5;26;6;31;7;33;8;35;8;35;7;34;7;32;6;29;6;25;5;20;4;15;3;9;3;3;3;-3;3;-8;4;-13;5;-17;6;-19;7;-21;7;-22;2;-6;0;0;0;0;0;0;0;0;0;0;0;0;0;0;0;0;0;0;2;0;12;2;15;4;18;7;21;10;23;13;24;15;24;17;23;18;21;18;17;16;13;14;9;10;5;5;0;-1;-4;-6;-8;-12;-11;-18;-15;-23;-18;-28;-21;-32;-23;-35;-24;-37;-24;-38;-23;-37;-21;-34;-19;-31;97;0;2;-21;2;-20;2;-19;3;-19;3;-19;3;-19;2;-19;1;-19;0;-18;-1;-17;-1;-16;-1;-16;0;-16;-1;-16;-1;-16;-1;-16;-2;-15;-2;-14;-1;-14;-1;-13;0;-13;0;-13;0;-13;-1;-12;-1;-12;-1;-11;0;-10;0;-10;0;-4;0;-1;0;0;0;0;-1;0;-1;-2;-1;-5;-1;-13;-1;-13;0;-14;1;-15;1;-15;1;-15;2;-15;2;-15;3;-15;4;-15;4;-16;5;-17;4;-17;4;-17;4;-16;4;-16;5;-16;5;-16;6;-17;5;-18;4;-19;4;-19;3;-19;4;-19;4;-19;4;-20;4;-21;4;-21;97;0;-25;5;-25;4;-25;4;-25;3;-24;3;-23;3;-21;4;-21;4;-20;5;-20;5;-20;5;-19;4;-19;4;-18;4;-18;4;-17;4;-17;4;-17;4;-17;3;-17;2;-16;2;-15;1;-15;1;-14;1;-14;1;-14;1;-14;0;-14;-1;-5;-1;-2;-1;0;-1;0;-1;0;0;-2;0;-5;0;-12;1;-12;0;-12;0;-12;0;-12;0;-13;0;-14;1;-15;0;-16;0;-16;-1;-16;-1;-16;-1;-16;0;-17;0;-18;0;-19;0;-19;0;-19;0;-19;0;-19;1;-20;2;-21;3;-22;3;-23;3;-24;3;-25;3;-25;3;-25;3,empty,EXP_S055,ZONE_01,sortie_zone,4.7,sortie_zone,sortie de la zone
9919972234,-57,6,a0:9f:7a:73:2b:3e,384,-110;-96;8;0;3;9;3;1;3;-7;3;-15;3;-21;3;-27;3;-31;2;-33;2;-34;2;-35;1;-34;1;-32;1;-29;0;-25;0;-20;0;-15;-1;-10;-2;-4;-3;1;-5;6;-6;10;-8;13;-9;16;-10;18;-11;18;-3;4;0;0;0;0;0;0;0;0;0;0;0;0;0;0;0;0;0;0;-3;-2;-9;-9;-10;-12;-12;-16;-13;-20;-13;-24;-13;-26;-12;-27;-10;-27;-8;-26;-6;-23;-5;-19;-3;-14;-2;-8;0;-1;1;5;1;12;2;19;3;25;4;31;4;35;5;39;5;40;5;41;5;40;5;37;5;33;98;0;-12;16;-12;15;-12;14;-12;14;-12;13;-12;13;-11;14;-10;14;-9;14;-8;13;-8;12;-8;12;-8;12;-8;12;-8;12;-8;12;-7;12;-7;11;-7;11;-7;10;-7;9;-7;9;-7;9;-7;9;-6;9;-6;8;-6;7;-6;7;-3;2;-1;0;0;-1;0;-1;0;-1;-1;1;-2;4;-5;11;-6;11;-6;11;-7;11;-8;12;-8;12;-8;12;-9;11;-10;11;-11;11;-11;11;-12;11;-12;12;-12;12;-11;11;-12;11;-12;11;-12;11;-13;12;-13;12;-13;13;-13;13;-12;13;-13;13;-13;14;-14;14;-14;15;-14;15;98;0;22;7;22;7;22;7;21;7;20;7;19;6;18;6;18;5;18;4;18;4;18;4;17;5;16;5;16;5;15;4;15;4;15;4;15;4;14;4;14;5;13;5;12;5;11;5;11;5;11;5;10;5;10;6;10;6;3;2;1;0;-1;-1;-1;-1;-1;-1;1;0;3;1;10;3;10;3;9;4;9;4;10;4;10;4;11;4;12;5;12;5;12;6;12;6;12;6;13;6;13;6;14;6;15;6;15;7;15;7;15;7;16;6;17;6;18;6;19;6;20;6;20;7;21;7;21;7;21;7,empty,EXP_S055,ZONE_01,sortie_zone,4.7,sortie_zone,sortie de la zone
9920173322,-57,6,a0:9f:7a:73:2b:3e,384,-110;-96;8;0;-9;5;-1;3;7;1;14;0;19;-1;24;-3;29;-4;31;-4;32;-5;32;-6;31;-6;29;-5;27;-4;23;-4;19;-3;14;-3;8;-3;3;-3;-3;-3;-7;-4;-12;-5;-15;-6;-17;-6;-19;-7;-20;-8;-5;-2;0;0;0;0;0;0;0;0;0;0;0;0;0;0;0;0;0;0;0;-3;4;-11;7;-13;10;-16;13;-18;16;-19;19;-20;20;-19;21;-18;20;-16;18;-13;15;-10;11;-7;6;-4;0;-1;-6;2;-12;5;-18;7;-24;9;-28;11;-32;13;-35;14;-37;15;-37;15;-36;15;-33;14;-30;13;107;0;-17;-12;-16;-11;-16;-11;-15;-11;-15;-10;-15;-10;-14;-10;-14;-9;-14;-9;-14;-8;-13;-8;-13;-7;-13;-7;-13;-7;-13;-7;-13;-7;-12;-7;-12;-7;-11;-7;-11;-7;-10;-7;-10;-6;-10;-6;-9;-6;-9;-6;-9;-6;-8;-6;-8;-6;-3;-3;-1;-1;0;0;0;0;0;0;-2;-1;-5;-1;-12;-3;-12;-4;-12;-5;-12;-6;-12;-6;-12;-7;-12;-7;-12;-8;-12;-8;-13;-9;-13;-10;-13;-10;-13;-10;-13;-10;-12;-11;-12;-11;-12;-11;-12;-11;-13;-11;-13;-11;-14;-11;-14;-12;-14;-12;-15;-12;-15;-12;-15;-12;-16;-13;-16;-13;107;0;-7;21;-7;21;-7;21;-7;20;-7;20;-6;19;-6;19;-6;18;-5;18;-5;18;-5;17;-5;17;-5;16;-5;15;-5;15;-5;15;-5;14;-5;14;-5;14;-6;13;-6;13;-6;12;-6;11;-6;11;-6;10;-6;10;-7;10;-7;9;-3;3;-1;1;0;-1;0;-1;0;-1;-1;1;-1;3;-3;10;-3;10;-3;9;-4;10;-4;10;-4;10;-4;11;-4;11;-5;12;-5;12;-6;12;-6;13;-6;13;-6;13;-6;14;-6;14;-6;15;-6;15;-6;15;-6;16;-6;17;-6;18;-7;18;-7;19;-7;20;-7;20;-6;21;-6;21,empty,EXP_S055,ZONE_01,sortie_zone,4.7,sortie_zone,sortie de la zone
9920379968,-57,6,a0:9f:7a:73:2b:3e,384,-110;-96;8;0;9;4;3;-2;-3;-8;-9;-14;-13;-18;-17;-22;-20;-25;-23;-27;-24;-28;-24;-28;-24;-27;-22;-25;-20;-23;-18;-20;-14;-16;-11;-12;-8;-7;-4;-2;-2;3;1;8;3;12;4;16;5;18;5;21;5;22;1;5;0;0;0;0;0;0;0;0;0;0;0;0;0;0;0;0;0;0;-3;0;-13;0;-17;-1;-21;-3;-25;-5;-27;-8;-29;-10;-29;-11;-28;-13;-25;-13;-22;-12;-18;-11;-12;-8;-7;-5;-1;-1;5;3;10;8;16;12;21;16;26;19;30;22;32;24;34;26;34;26;33;25;31;23;28;21;101;0;2;21;2;20;2;19;1;19;1;18;1;18;2;18;2;17;3;17;3;16;3;15;3;14;2;14;2;14;3;14;3;14;3;14;3;13;2;13;2;12;1;12;1;12;1;12;1;11;1;11;1;10;0;10;0;9;-1;3;-1;0;-1;-1;-1;-1;-1;-1;0;1;2;3;6;11;5;11;4;12;4;13;4;13;4;14;3;14;3;14;2;15;1;15;1;16;1;17;1;17;1;17;0;16;0;16;0;16;-1;17;0;17;0;18;0;19;1;19;1;19;1;19;0;19;0;20;0;21;0;21;101;0;21;-12;22;-11;22;-11;21;-10;21;-10;20;-9;19;-9;18;-9;18;-10;17;-10;17;-9;17;-9;16;-9;16;-8;15;-8;15;-8;15;-8;15;-7;15;-7;15;-6;14;-6;14;-5;13;-4;12;-4;12;-4;13;-3;13;-3;13;-2;4;-1;1;0;-1;0;-1;0;-1;0;0;-1;3;-3;9;-7;9;-6;9;-6;10;-5;10;-6;10;-6;11;-6;12;-7;13;-6;13;-6;13;-6;13;-6;14;-6;14;-7;15;-7;16;-7;16;-7;16;-7;16;-7;17;-8;17;-9;18;-9;19;-10;20;-10;20;-11;21;-11;21;-11;21;-11,empty,EXP_S055,ZONE_01,sortie_zone,4.7,sortie_zone,sortie de la zone
9920580207,-57,6,a0:9f:7a:73:2b:3e,384,-110;-96;8;0;-2;-11;-3;-2;-4;6;-5;14;-6;21;-6;26;-6;30;-6;33;-6;34;-5;35;-5;34;-5;32;-4;29;-4;25;-3;20;-2;15;-1;9;1;3;3;-3;4;-8;6;-12;7;-15;8;-18;10;-20;11;-20;2;-5;0;0;0;0;0;0;0;0;0;0;0;0;0;0;0;0;0;0;1;2;6;10;6;14;7;18;6;23;6;26;5;28;4;29;2;29;1;27;0;23;-1;19;-2;14;-2;7;-1;0;-1;-7;0;-14;0;-21;1;-27;1;-33;1;-38;1;-41;1;-43;1;-43;1;-42;0;-39;0;-36;107;0;19;-10;18;-10;18;-9;17;-9;17;-9;16;-9;16;-9;15;-9;14;-10;13;-10;13;-9;12;-9;12;-9;12;-9;12;-9;12;-9;11;-9;11;-9;10;-8;10;-8;10;-7;10;-7;9;-7;9;-7;9;-7;8;-6;8;-6;8;-5;3;-2;0;-1;-1;0;-1;0;-1;0;0;-2;3;-4;10;-9;10;-9;11;-8;12;-8;12;-8;13;-7;13;-7;13;-7;14;-6;14;-6;15;-6;15;-6;16;-6;16;-6;16;-6;16;-6;16;-5;16;-5;17;-5;17;-6;17;-7;18;-7;18;-7;18;-8;18;-8;19;-8;19;-9;20;-9;107;0;-18;-17;-18;-17;-17;-17;-17;-17;-16;-16;-16;-16;-16;-15;-16;-14;-16;-14;-16;-13;-15;-13;-15;-13;-14;-13;-14;-12;-14;-12;-13;-12;-13;-11;-13;-11;-12;-11;-12;-11;-11;-11;-10;-11;-10;-11;-10;-10;-9;-10;-9;-11;-8;-11;-8;-12;-3;-5;-1;-2;0;0;0;0;0;0;-1;-1;-3;-3;-8;-8;-8;-9;-7;-9;-7;-9;-7;-10;-8;-10;-8;-10;-9;-11;-9;-12;-9;-12;-9;-12;-9;-12;-9;-13;-10;-13;-10;-14;-11;-14;-11;-15;-11;-15;-12;-15;-12;-15;-13;-15;-14;-15;-15;-16;-16;-16;-16;-17;-16;-17;-17;-17;-17;-18,empty,EXP_S055,ZONE_01,sortie_zone,4.7,sortie_zone,sortie de la zone
9920772183,-57,6,a0:9f:7a:73:2b:3e,384,-110;-96;8;0;10;-6;1;-4;-8;-3;-16;-2;-23;-2;-28;-1;-33;0;-36;0;-37;1;-37;2;-36;2;-34;2;-31;1;-27;1;-22;1;-16;1;-10;1;-4;2;2;3;7;4;11;5;15;6;18;7;20;8;21;9;5;2;0;0;0;0;0;0;0;0;0;0;0;0;0;0;0;0;0;0;-2;2;-7;10;-11;12;-15;14;-19;16;-22;17;-25;17;-27;16;-27;15;-26;12;-23;10;-20;7;-15;5;-8;2;-2;0;6;-3;13;-5;20;-6;26;-8;32;-9;37;-11;40;-12;42;-12;42;-13;41;-13;38;-12;35;-11;95;0;11;18;11;17;11;17;10;16;10;16;10;16;10;15;10;14;10;14;10;13;10;12;10;12;10;12;10;12;9;11;9;11;9;11;8;10;8;10;7;10;7;10;7;10;6;9;6;9;6;9;5;8;5;8;4;8;1;3;0;0;-1;-1;-1;-1;-1;-1;1;0;4;2;11;7;11;8;10;9;10;10;10;10;9;11;9;11;9;12;9;12;8;13;8;14;8;14;8;14;8;15;8;15;8;15;8;15;8;15;8;16;8;16;9;16;9;16;9;17;10;17;10;17;10;18;11;18;11;18;95;0;15;-20;15;-20;15;-20;15;-19;14;-18;14;-18;13;-17;12;-17;12;-17;11;-17;11;-16;11;-16;11;-16;11;-15;11;-15;10;-14;10;-14;11;-14;11;-13;10;-12;10;-12;10;-11;10;-10;10;-10;10;-10;10;-9;10;-9;10;-8;3;-3;1;-1;-1;0;-1;0;-1;0;0;-2;2;-4;6;-10;6;-10;6;-10;7;-10;7;-10;8;-10;8;-11;9;-11;9;-11;10;-11;10;-12;10;-12;10;-12;11;-12;11;-13;11;-13;12;-14;12;-14;12;-15;12;-15;12;-16;13;-17;13;-18;14;-18;14;-19;14;-20;15;-20;15;-21,empty,EXP_S055,ZONE_01,sortie_zone,4.7,sortie_zone,sortie de la zone
9920977765,-56,6,a0:9f:7a:73:2b:3e,384,-110;-96;8;0;-6;-10;-4;-2;-2;6;0;14;2;20;3;25;4;29;5;32;6;33;6;33;6;32;6;30;5;27;5;23;4;19;3;14;2;8;2;3;2;-3;2;-8;2;-12;3;-16;3;-19;4;-21;4;-22;1;-6;0;0;0;0;0;0;0;0;0;0;0;0;0;0;0;0;0;0;2;1;9;6;11;9;13;13;15;17;16;20;16;22;15;24;14;24;12;23;9;21;7;17;4;13;2;7;-1;1;-3;-6;-5;-12;-7;-18;-9;-24;-11;-29;-13;-34;-14;-37;-14;-39;-14;-40;-14;-39;-13;-36;-12;-32;96;0;7;-19;7;-19;7;-18;7;-17;7;-17;7;-17;6;-17;5;-17;4;-16;4;-16;3;-15;4;-15;4;-14;4;-15;4;-15;3;-15;3;-14;3;-13;3;-13;3;-12;3;-12;4;-11;3;-11;3;-11;3;-11;3;-10;3;-9;3;-9;1;-3;0;-1;-1;0;-1;0;-1;0;0;-2;0;-5;1;-13;2;-13;3;-13;3;-13;4;-14;4;-14;5;-14;5;-14;6;-14;7;-14;8;-14;8;-15;8;-15;8;-15;8;-14;8;-14;8;-14;9;-14;9;-15;9;-16;8;-16;8;-17;8;-17;8;-17;8;-17;9;-18;9;-18;9;-19;96;0;-23;-3;-23;-3;-23;-3;-23;-4;-22;-3;-21;-3;-20;-2;-19;-2;-19;-1;-19;-1;-19;-1;-19;-1;-18;-1;-18;-2;-17;-2;-17;-2;-16;-2;-16;-2;-16;-2;-16;-2;-15;-3;-14;-3;-14;-3;-13;-3;-13;-3;-13;-3;-13;-4;-12;-5;-5;-2;-2;-1;0;0;0;0;0;0;-2;-1;-4;-1;-11;-2;-11;-2;-11;-3;-11;-3;-11;-3;-12;-3;-13;-3;-13;-3;-14;-4;-14;-4;-14;-4;-14;-4;-15;-4;-15;-4;-16;-4;-16;-4;-17;-4;-17;-5;-17;-5;-18;-4;-18;-3;-19;-3;-21;-3;-22;-3;-22;-3;-23;-3;-23;-3;-23;-3,empty,EXP_S055,ZONE_01,sortie_zone,4.7,sortie_zone,sortie de la zone
9921172296,-57,6,a0:9f:7a:73:2b:3e,384,-110;-96;8;0;-13;0;-4;3;5;5;12;8;18;11;24;13;28;14;32;15;33;15;33;14;33;14;31;13;28;12;24;11;19;8;14;6;9;3;4;-1;0;-5;-4;-8;-8;-11;-11;-14;-13;-16;-14;-18;-14;-20;-4;-5;0;0;0;0;0;0;0;0;0;0;0;0;0;0;0;0;0;0;2;-2;9;-8;13;-9;18;-10;23;-10;26;-10;29;-9;30;-8;30;-6;28;-4;25;-3;21;-2;15;-1;8;-1;1;-1;-7;-1;-14;-2;-21;-3;-28;-4;-34;-5;-39;-5;-43;-6;-45;-7;-45;-7;-44;-6;-41;-5;-37;-5;108;0;-8;-21;-8;-21;-7;-20;-7;-20;-7;-19;-7;-19;-7;-18;-7;-17;-7;-17;-7;-16;-7;-15;-7;-15;-7;-15;-7;-15;-7;-14;-7;-14;-7;-14;-7;-13;-6;-13;-6;-13;-5;-12;-5;-12;-5;-12;-5;-11;-4;-11;-4;-11;-3;-10;-3;-10;-1;-4;-1;-2;0;0;0;0;0;0;-2;-1;-4;-4;-9;-11;-9;-11;-8;-12;-8;-13;-7;-13;-7;-14;-7;-14;-7;-15;-6;-15;-6;-16;-5;-17;-5;-17;-5;-17;-5;-17;-5;-17;-5;-17;-4;-18;-4;-18;-5;-18;-5;-19;-6;-19;-6;-19;-6;-20;-6;-20;-6;-20;-6;-21;-7;-21;-7;-22;108;0;-21;14;-21;14;-21;14;-21;14;-20;13;-19;13;-18;13;-18;13;-17;13;-17;12;-17;12;-16;12;-16;11;-15;11;-15;11;-15;10;-15;10;-15;10;-15;9;-14;9;-14;8;-14;7;-13;7;-13;6;-13;6;-13;5;-13;4;-13;4;-5;1;-2;0;0;-1;0;-1;0;-1;-1;0;-4;2;-9;7;-10;7;-10;7;-10;7;-11;7;-11;7;-12;7;-12;8;-13;8;-14;8;-14;8;-14;8;-15;8;-15;8;-15;8;-16;9;-16;9;-16;9;-17;10;-17;10;-17;11;-18;12;-18;13;-19;14;-20;14;-20;14;-21;14;-21;15,empty,EXP_S055,ZONE_01,sortie_zone,4.7,sortie_zone,sortie de la zone
9921373146,-57,6,a0:9f:7a:73:2b:3e,384,-110;-96;8;0;6;-10;-1;-5;-7;1;-13;7;-19;12;-23;16;-26;19;-28;21;-29;22;-29;23;-28;23;-27;21;-24;19;-20;17;-17;14;-12;10;-7;7;-2;4;3;0;8;-2;12;-4;16;-6;18;-7;21;-7;22;-7;5;-2;0;0;0;0;0;0;0;0;0;0;0;0;0;0;0;0;0;0;-1;2;-2;12;-4;15;-6;19;-9;22;-12;25;-14;26;-16;27;-17;25;-17;23;-16;20;-14;16;-10;11;-6;6;-2;0;3;-5;8;-11;13;-16;18;-20;22;-25;25;-29;28;-31;29;-33;29;-34;28;-33;26;-31;24;-28;103;0;21;-2;21;-2;20;-1;19;-1;19;-1;19;-1;18;-2;18;-3;17;-3;16;-3;15;-3;15;-3;15;-3;15;-3;15;-3;15;-3;14;-4;14;-3;13;-3;12;-3;12;-2;12;-2;12;-2;11;-2;11;-2;10;-2;10;-1;9;-1;3;-1;1;0;-1;0;-1;0;-1;0;1;-1;4;-2;12;-5;13;-4;13;-3;14;-3;14;-2;15;-2;15;-2;15;-1;15;0;16;0;16;1;17;1;17;1;17;1;17;1;17;1;17;2;17;2;18;2;18;1;19;1;19;0;19;0;20;0;20;0;21;0;21;0;21;0;103;0;-9;-24;-9;-24;-9;-24;-8;-23;-8;-23;-8;-22;-8;-21;-8;-20;-8;-19;-9;-19;-9;-18;-8;-18;-8;-18;-7;-18;-7;-17;-7;-17;-7;-16;-6;-16;-6;-16;-6;-16;-5;-15;-5;-15;-4;-14;-4;-14;-4;-14;-3;-14;-2;-14;-2;-14;-1;-5;0;-2;0;0;0;0;0;0;-1;-2;-2;-4;-4;-11;-4;-11;-3;-12;-3;-12;-3;-12;-4;-13;-4;-13;-4;-14;-4;-15;-4;-15;-4;-15;-4;-16;-4;-16;-4;-16;-4;-17;-4;-18;-4;-18;-4;-18;-5;-18;-5;-19;-6;-19;-7;-20;-7;-21;-8;-22;-8;-23;-8;-23;-8;-24;-8;-24,empty,EXP_S055,ZONE_01,sortie_zone,4.7,sortie_zone,sortie de la zone
9921573475,-57,6,a0:9f:7a:73:2b:3e,384,-110;-96;8;0;-10;-8;-5;0;0;7;4;14;8;20;12;24;14;28;16;30;17;32;17;32;17;31;16;29;14;26;13;22;11;18;8;13;6;8;3;2;1;-4;0;-9;-1;-13;-2;-17;-2;-20;-2;-23;-2;-24;-1;-6;0;0;0;0;0;0;0;0;0;0;0;0;0;0;0;0;0;0;2;0;12;2;15;4;19;7;21;11;23;13;25;15;25;17;24;18;21;18;18;17;14;14;10;10;5;6;0;0;-5;-5;-9;-11;-13;-16;-17;-21;-21;-25;-25;-29;-27;-32;-29;-34;-29;-35;-28;-34;-26;-31;-24;-28;101;0;-2;-22;-2;-21;-1;-21;-1;-20;-1;-20;-1;-19;-2;-19;-2;-19;-3;-18;-3;-17;-3;-16;-3;-16;-3;-16;-3;-16;-3;-16;-4;-16;-4;-15;-4;-14;-3;-14;-3;-13;-2;-13;-2;-13;-2;-13;-3;-12;-3;-12;-2;-11;-2;-11;-1;-10;-1;-4;0;-2;0;0;0;0;0;0;-1;-2;-2;-5;-3;-13;-3;-14;-2;-14;-1;-15;-1;-15;-1;-16;-1;-16;0;-16;1;-16;1;-16;2;-17;2;-18;2;-18;2;-18;2;-17;2;-17;2;-17;3;-18;3;-18;2;-19;1;-20;1;-20;0;-20;1;-20;1;-20;1;-21;1;-22;1;-23;101;0;-24;8;-24;8;-24;7;-24;7;-23;7;-22;6;-21;7;-20;7;-19;7;-19;7;-19;7;-18;7;-18;7;-17;6;-17;6;-16;6;-16;6;-16;6;-16;6;-16;5;-16;5;-15;4;-14;4;-14;3;-14;3;-14;3;-14;2;-14;1;-5;0;-2;0;0;-1;0;-1;0;-1;-2;0;-5;1;-12;2;-12;2;-12;1;-12;1;-12;1;-13;2;-13;2;-14;2;-15;2;-16;2;-16;1;-16;2;-16;2;-16;2;-17;3;-18;2;-18;2;-19;2;-19;2;-19;3;-19;5;-20;6;-21;6;-22;7;-23;6;-24;6;-24;6;-24;6,empty,EXP_S055,ZONE_01,sortie_zone,4.7,sortie_zone,sortie de la zone
9921774619,-57,6,a0:9f:7a:73:2b:3e,384,-110;-96;8;0;11;2;3;-3;-5;-7;-12;-11;-17;-15;-22;-18;-26;-21;-28;-22;-30;-22;-31;-22;-31;-21;-29;-20;-26;-18;-22;-16;-18;-13;-13;-10;-9;-6;-5;-1;-1;4;3;8;5;11;8;14;9;17;10;19;10;21;2;5;0;0;0;0;0;0;0;0;0;0;0;0;0;0;0;0;0;0;-3;1;-13;4;-17;3;-21;3;-26;1;-29;0;-31;-2;-32;-4;-31;-5;-29;-6;-25;-6;-21;-6;-15;-5;-8;-3;-1;-1;6;2;12;4;19;7;25;9;30;12;35;14;38;16;40;17;40;17;40;16;37;14;34;13;106;0;-1;21;-1;21;-1;20;-1;20;-1;19;-1;19;0;18;0;18;0;17;0;17;1;16;1;16;0;15;0;15;0;15;0;15;0;14;0;14;0;13;-1;13;-1;12;-1;12;-1;12;-1;11;-1;11;-2;10;-2;10;-3;10;-1;3;-1;1;0;-1;-1;-1;-1;-1;0;1;2;4;6;11;5;12;5;12;4;13;3;14;3;14;3;15;2;15;1;15;1;16;0;16;0;17;-1;17;-1;17;-1;17;-1;17;-1;17;-1;18;-1;18;-1;18;-1;19;-1;19;-1;20;-1;20;-1;20;-1;21;-1;21;-1;22;106;0;23;-9;23;-8;23;-8;23;-8;22;-7;21;-7;20;-7;20;-7;19;-7;18;-7;18;-7;18;-7;18;-6;17;-6;17;-6;17;-5;16;-5;16;-5;16;-4;16;-3;15;-3;14;-2;14;-2;14;-2;13;-1;13;-1;13;0;13;1;4;0;1;0;-1;0;-1;0;-1;0;1;-1;3;-3;9;-6;10;-6;10;-6;10;-5;11;-5;11;-6;12;-6;13;-6;13;-6;14;-6;14;-5;15;-5;15;-5;15;-5;16;-6;16;-6;16;-6;17;-6;17;-6;18;-7;19;-7;19;-8;20;-8;21;-8;21;-9;22;-9;23;-9;23;-9,empty,EXP_S055,ZONE_01,sortie_zone,4.7,sortie_zone,sortie de la zone
9921972349,-57,6,a0:9f:7a:73:2b:3e,384,-110;-96;8;0;-12;0;-3;2;5;5;13;7;20;8;25;9;29;10;32;10;34;10;34;10;33;10;31;9;28;8;24;6;20;5;14;3;9;1;3;-2;-2;-4;-6;-7;-10;-9;-13;-12;-16;-14;-17;-15;-18;-16;-5;-4;0;0;0;0;0;0;0;0;0;0;0;0;0;0;0;0;0;0;2;-2;11;-6;14;-7;19;-7;23;-6;27;-6;29;-5;30;-4;29;-2;27;-1;24;0;20;1;14;1;7;1;0;0;-7;-1;-14;-2;-20;-3;-27;-4;-33;-5;-38;-6;-41;-6;-43;-6;-43;-6;-42;-7;-39;-6;-36;-5;103;0;-14;-18;-13;-17;-12;-16;-12;-16;-11;-16;-12;-16;-12;-16;-12;-15;-12;-13;-12;-12;-12;-11;-12;-11;-11;-11;-11;-11;-12;-11;-12;-11;-11;-10;-11;-10;-10;-10;-9;-10;-9;-10;-9;-10;-9;-9;-9;-9;-8;-8;-8;-8;-7;-8;-7;-8;-3;-3;-1;-1;0;0;0;0;0;0;-2;-1;-4;-3;-10;-9;-10;-10;-10;-11;-10;-12;-10;-12;-9;-12;-9;-13;-9;-13;-8;-14;-8;-15;-8;-15;-8;-16;-8;-16;-9;-16;-8;-16;-8;-16;-8;-16;-8;-16;-8;-17;-9;-17;-10;-17;-10;-17;-11;-17;-11;-17;-11;-17;-11;-18;-12;-19;-12;-19;103;0;-14;20;-14;20;-14;19;-14;19;-14;18;-13;17;-12;16;-11;16;-11;16;-10;16;-10;16;-10;16;-10;15;-10;15;-9;14;-9;14;-9;14;-9;14;-9;14;-10;13;-10;12;-9;11;-9;11;-9;10;-9;10;-9;10;-9;9;-10;9;-4;3;-2;0;0;-1;0;-1;0;-1;-1;0;-3;3;-8;8;-8;8;-8;7;-8;7;-8;8;-9;8;-9;9;-10;10;-11;10;-12;10;-12;10;-12;10;-12;10;-12;11;-12;11;-13;12;-13;12;-13;12;-13;12;-13;13;-13;14;-13;16;-13;17;-14;18;-14;18;-15;18;-15;19;-14;19,empty,EXP_S055,ZONE_01,sortie_zone,4.7,sortie_zone,sortie de la zone
9922175556,-56,6,a0:9f:7a:73:2b:3e,384,-110;-96;8;0;11;-3;2;-5;-7;-6;-15;-8;-22;-9;-28;-10;-32;-11;-35;-12;-37;-12;-37;-12;-36;-12;-34;-11;-31;-10;-27;-8;-21;-6;-16;-5;-10;-2;-5;1;0;4;5;7;9;10;12;12;14;15;15;17;16;18;4;4;0;0;0;0;0;0;0;0;0;0;0;0;0;0;0;0;0;0;-3;2;-10;9;-14;10;-19;11;-23;12;-27;12;-29;11;-30;10;-30;9;-29;7;-26;5;-21;3;-15;1;-9;1;-1;0;6;0;14;-1;21;0;28;0;34;0;39;0;43;0;45;0;45;0;44;0;40;0;37;0;100;0;10;19;10;18;9;18;9;17;9;17;9;16;10;15;10;15;10;14;10;13;10;12;9;12;9;12;9;12;9;12;9;11;9;11;9;11;8;10;8;10;7;10;7;10;7;9;7;9;6;9;6;8;5;8;5;8;1;3;0;0;-1;-1;-1;-1;-1;-1;1;0;3;3;8;9;8;10;8;11;7;12;7;12;7;13;7;13;7;14;6;14;6;15;6;15;6;16;5;16;5;16;5;16;5;16;5;16;5;17;6;17;6;17;7;17;7;18;8;18;8;18;8;18;8;19;9;19;9;19;100;0;17;-20;17;-20;17;-20;16;-19;16;-19;15;-18;14;-18;13;-17;12;-17;12;-17;12;-17;11;-17;11;-16;11;-16;11;-16;11;-15;11;-15;11;-15;11;-14;11;-14;10;-13;10;-12;10;-11;10;-11;10;-11;10;-10;10;-10;11;-9;4;-4;1;-1;-1;0;-1;0;-1;0;0;-1;2;-3;8;-9;8;-8;9;-8;9;-8;9;-9;9;-9;10;-10;10;-10;11;-10;12;-10;12;-10;12;-11;13;-11;13;-11;13;-12;14;-12;14;-13;14;-13;14;-13;14;-14;14;-15;15;-16;15;-17;16;-18;16;-18;17;-19;17;-19;17;-20,empty,EXP_S055,ZONE_01,sortie_zone,4.7,sortie_zone,sortie de la zone
9922374070,-56,6,a0:9f:7a:73:2b:3e,384,-110;-96;8;0;10;3;2;-2;-5;-7;-11;-12;-17;-16;-22;-19;-26;-22;-28;-23;-29;-24;-30;-24;-29;-23;-27;-22;-25;-20;-22;-17;-18;-14;-13;-10;-9;-5;-4;-1;0;3;3;8;6;11;8;15;10;17;10;20;11;21;2;5;0;0;0;0;0;0;0;0;0;0;0;0;0;0;0;0;0;0;-3;0;-14;1;-17;0;-22;-2;-26;-4;-29;-6;-30;-8;-31;-9;-30;-10;-27;-11;-24;-11;-19;-10;-13;-8;-7;-5;-1;-1;6;3;12;6;18;10;24;13;29;16;34;19;37;21;38;22;39;22;38;21;35;20;32;17;105;0;-3;22;-3;21;-3;20;-3;20;-3;19;-3;19;-2;19;-1;18;-1;18;0;17;0;17;0;16;0;16;0;16;0;15;0;15;0;15;0;14;0;13;-1;13;-1;13;-1;12;-1;12;-1;12;-1;11;-1;11;-2;10;-2;10;-1;3;-1;0;0;-1;-1;-1;-1;-1;0;1;1;4;3;13;2;13;1;14;0;14;0;15;-1;15;-1;15;-2;15;-2;16;-3;16;-4;16;-4;17;-4;17;-4;17;-4;17;-5;17;-5;17;-5;17;-5;18;-5;18;-4;19;-4;19;-4;19;-4;20;-4;20;-4;20;-4;21;-4;22;105;0;24;-6;24;-6;24;-6;23;-6;22;-5;22;-5;21;-5;20;-6;19;-6;19;-6;19;-6;18;-6;18;-5;17;-5;17;-5;17;-5;16;-5;16;-5;16;-4;16;-3;15;-3;14;-2;14;-2;14;-2;13;-2;13;-1;13;-1;13;0;4;0;1;0;-1;0;-1;0;-1;0;1;-1;3;-2;10;-4;10;-3;11;-3;11;-3;11;-3;12;-3;13;-3;13;-3;14;-3;14;-2;15;-2;15;-2;15;-2;16;-3;16;-3;17;-3;18;-3;18;-3;18;-3;18;-4;19;-5;20;-5;21;-6;22;-6;23;-6;23;-6;24;-6;24;-6,empty,EXP_S055,ZONE_01,sortie_zone,4.7,sortie_zone,sortie de la zone
9922572376,-56,6,a0:9f:7a:73:2b:3e,384,-110;-96;8;0;-7;9;1;4;8;-1;15;-6;21;-10;25;-13;29;-15;32;-17;33;-18;32;-19;32;-19;30;-17;27;-16;23;-14;19;-11;13;-9;8;-7;1;-5;-4;-3;-10;-2;-14;-2;-18;-1;-21;-1;-24;-2;-25;-2;-7;-1;0;0;0;0;0;0;0;0;0;0;0;0;0;0;0;0;0;0;-1;-3;-1;-13;0;-17;2;-22;4;-25;7;-28;9;-30;11;-30;13;-28;13;-26;12;-23;10;-18;7;-13;4;-7;0;-1;-5;5;-10;10;-15;15;-20;20;-24;24;-27;28;-30;30;-31;32;-32;32;-31;32;-28;29;-26;27;111;0;-22;-4;-22;-4;-21;-4;-20;-4;-20;-4;-20;-4;-20;-4;-19;-3;-18;-2;-17;-2;-17;-2;-16;-2;-16;-2;-16;-2;-16;-2;-16;-2;-15;-2;-15;-2;-14;-2;-13;-3;-13;-3;-13;-3;-13;-3;-12;-3;-12;-3;-11;-3;-11;-3;-10;-4;-4;-2;-1;-1;0;0;0;-1;0;-1;-2;0;-5;1;-13;3;-14;3;-14;2;-15;1;-15;1;-16;0;-16;0;-16;-1;-16;-2;-17;-3;-17;-3;-18;-4;-18;-4;-18;-4;-18;-4;-18;-4;-18;-4;-18;-5;-18;-5;-19;-5;-20;-4;-20;-4;-20;-4;-20;-4;-20;-4;-21;-5;-22;-5;-23;-5;111;0;4;24;4;25;4;25;3;24;3;23;3;22;3;21;3;20;3;20;3;20;3;19;3;19;3;19;2;18;2;18;2;17;2;17;2;17;1;17;0;17;0;16;-1;15;-1;15;-1;14;-1;14;-2;14;-3;13;-4;13;-2;4;-1;1;0;-1;-1;-1;-1;-1;0;1;1;3;3;10;3;11;2;11;2;11;2;11;2;12;3;13;2;14;2;15;2;15;2;15;2;15;2;16;2;16;2;17;2;17;2;18;2;18;2;19;2;19;3;20;4;21;4;22;4;23;4;23;4;24;4;24;4;24,empty,EXP_S055,ZONE_01,sortie_zone,4.7,sortie_zone,sortie de la zone
9922773254,-57,6,a0:9f:7a:73:2b:3e,384,-110;-96;8;0;10;3;3;-3;-4;-8;-10;-13;-16;-18;-20;-21;-24;-24;-26;-25;-27;-26;-28;-26;-27;-25;-26;-24;-23;-22;-20;-18;-17;-15;-13;-11;-9;-6;-5;-1;-2;4;1;9;3;13;5;16;6;19;6;21;6;23;1;5;0;0;0;0;0;0;0;0;0;0;0;0;0;0;0;0;0;0;-3;0;-13;3;-17;2;-21;1;-25;-1;-29;-2;-31;-4;-31;-6;-31;-7;-28;-8;-25;-8;-20;-8;-14;-6;-8;-4;-1;-1;5;3;12;6;18;9;24;12;29;15;34;18;37;19;39;20;39;21;38;21;35;19;32;17;107;0;-1;21;-1;21;-2;20;-2;19;-2;19;-2;19;-1;18;0;18;0;17;1;16;1;16;1;15;1;15;1;15;1;15;1;15;1;14;1;14;1;13;0;12;0;12;0;12;0;12;0;11;0;11;0;10;0;10;-1;9;-1;3;-1;1;-1;-1;-1;-1;-1;-1;0;1;1;4;2;12;2;13;1;13;0;14;-1;14;-1;15;-1;15;-2;15;-3;15;-3;15;-4;16;-4;16;-4;17;-4;17;-4;16;-4;16;-4;16;-5;17;-5;17;-4;18;-4;18;-3;19;-3;19;-3;19;-3;20;-3;20;-3;21;-3;21;107;0;24;-8;24;-8;24;-7;23;-7;22;-7;21;-6;21;-7;20;-7;20;-7;20;-8;19;-8;18;-8;18;-7;17;-7;17;-7;16;-7;16;-6;16;-6;16;-5;16;-5;15;-4;15;-4;14;-4;14;-4;13;-3;13;-3;13;-2;13;-1;4;-1;1;0;-1;0;-1;0;-1;0;1;-1;4;-1;11;-3;11;-3;11;-3;11;-3;12;-3;12;-3;13;-3;14;-3;14;-2;15;-2;15;-2;15;-2;15;-2;16;-3;17;-3;17;-3;18;-3;18;-3;18;-3;18;-4;19;-5;20;-5;21;-6;22;-6;23;-6;23;-7;24;-7;24;-7,empty,EXP_S055,ZONE_01,sortie_zone,4.7,sortie_zone,sortie de la zone
9922972580,-56,6,a0:9f:7a:73:2b:3e,384,-110;-96;8;0;5;9;3;0;1;-9;0;-17;-2;-24;-4;-29;-5;-33;-6;-36;-6;-38;-7;-38;-7;-37;-7;-35;-6;-31;-6;-27;-5;-22;-4;-16;-4;-10;-4;-3;-4;3;-4;8;-5;13;-5;17;-6;20;-7;22;-8;23;-2;5;0;0;0;0;0;0;0;0;0;0;0;0;0;0;0;0;0;0;-3;-2;-12;-7;-14;-10;-17;-14;-19;-18;-20;-22;-20;-24;-19;-26;-17;-26;-15;-25;-13;-23;-10;-19;-7;-14;-3;-8;0;-1;2;6;5;12;7;19;9;25;12;31;13;36;15;40;15;42;16;42;15;41;14;37;13;34;106;0;-14;17;-14;16;-14;16;-14;15;-13;15;-13;15;-12;15;-11;15;-10;15;-10;14;-9;14;-9;13;-9;13;-9;13;-9;13;-9;13;-9;12;-8;12;-8;11;-8;10;-8;10;-8;10;-8;9;-8;9;-8;9;-8;8;-8;7;-8;7;-3;2;-1;0;0;-1;0;-1;0;-1;-1;1;-2;4;-4;13;-5;12;-7;13;-7;13;-8;13;-9;13;-9;13;-10;12;-10;12;-11;12;-12;13;-12;13;-13;13;-13;13;-13;12;-13;12;-13;12;-14;12;-14;13;-14;13;-14;14;-14;15;-14;15;-14;15;-14;15;-15;15;-15;16;-15;17;106;0;23;8;24;8;23;8;23;8;22;8;21;8;20;7;20;7;19;6;19;6;19;6;18;6;18;6;17;5;17;5;17;5;16;5;16;5;16;6;15;6;14;7;13;6;13;6;12;6;12;6;11;7;11;7;10;8;3;3;1;1;-1;-1;-1;-1;-1;-1;1;0;4;0;11;2;11;3;10;3;10;3;11;4;11;4;12;4;13;5;13;5;14;6;14;6;14;6;14;6;15;6;15;6;16;7;16;7;16;7;17;7;17;7;18;7;19;7;20;7;21;7;22;7;23;8;23;8;23;8,empty,EXP_S055,ZONE_01,sortie_zone,4.7,sortie_zone,sortie de la zone
9923172371,-56,6,a0:9f:7a:73:2b:3e,384,-110;-96;8;0;4;9;3;1;3;-7;2;-15;2;-21;1;-26;1;-30;1;-33;1;-34;1;-35;0;-34;0;-32;0;-29;-1;-25;-1;-20;-1;-15;-2;-9;-3;-4;-4;1;-6;6;-7;10;-8;13;-10;16;-11;18;-12;18;-3;4;0;0;0;0;0;0;0;0;0;0;0;0;0;0;0;0;0;0;-3;-2;-10;-8;-12;-11;-14;-15;-15;-18;-16;-21;-16;-24;-15;-25;-14;-25;-12;-24;-9;-22;-7;-18;-4;-13;-2;-7;-1;-1;1;5;2;12;3;18;5;24;6;29;8;34;8;37;8;38;8;39;7;38;7;35;7;32;108;0;-11;16;-10;16;-10;15;-10;15;-10;14;-10;14;-9;14;-8;14;-7;14;-6;14;-6;13;-6;13;-6;13;-6;13;-5;13;-5;13;-5;12;-5;12;-5;11;-5;10;-5;10;-5;10;-5;10;-4;9;-4;9;-4;9;-4;8;-4;8;-2;2;-1;0;0;-1;0;-1;0;-1;-1;1;-2;3;-6;11;-6;10;-7;10;-8;10;-8;10;-9;10;-9;10;-9;10;-10;10;-11;10;-11;10;-12;11;-12;11;-11;11;-11;11;-11;11;-12;11;-12;11;-12;11;-12;12;-12;13;-12;13;-12;13;-12;14;-12;14;-12;14;-12;15;-12;16;108;0;22;4;22;4;22;4;21;4;20;4;20;4;19;3;18;3;18;2;18;2;18;1;18;1;17;1;16;1;16;1;16;1;16;1;16;1;15;2;15;2;14;2;13;2;13;2;12;2;12;2;12;3;12;3;11;4;4;1;1;0;-1;-1;-1;-1;-1;-1;1;0;3;1;9;3;9;4;9;4;9;4;9;4;10;4;11;5;11;5;12;6;12;6;12;6;12;6;12;6;13;6;14;6;14;6;15;6;15;6;15;6;16;6;17;5;18;5;19;5;20;5;21;5;21;5;21;5;22;5,empty,EXP_S055,ZONE_01,sortie_zone,4.7,sortie_zone,sortie de la zone
9923372642,-56,6,a0:9f:7a:73:2b:3e,384,-110;-96;8;0;10;-5;1;-5;-8;-5;-16;-5;-23;-5;-29;-5;-33;-5;-36;-5;-37;-4;-37;-4;-37;-4;-35;-4;-32;-3;-27;-3;-22;-2;-16;-1;-10;0;-4;2;2;4;6;5;11;7;14;9;17;11;19;12;19;13;5;3;0;0;0;0;0;0;0;0;0;0;0;0;0;0;0;0;0;0;-2;2;-9;9;-13;11;-17;13;-21;14;-25;14;-27;14;-29;13;-29;11;-27;9;-24;7;-20;5;-15;3;-8;1;-1;0;6;-1;13;-3;20;-4;27;-4;33;-5;38;-6;41;-7;43;-7;44;-6;43;-6;39;-6;36;-6;103;0;12;17;12;16;12;16;12;15;12;15;12;14;12;13;12;13;12;12;12;11;11;11;11;10;11;10;11;10;11;10;11;9;11;9;11;9;10;9;10;8;9;8;9;8;8;8;8;7;8;7;7;7;7;7;6;7;2;2;0;0;-1;-1;-1;-1;-1;-1;1;0;3;3;10;9;9;9;9;10;8;11;8;11;8;12;8;12;8;13;8;13;7;14;7;14;7;15;7;15;7;15;7;15;7;15;7;15;7;15;8;16;8;16;9;16;9;16;10;16;10;17;11;17;11;17;11;17;12;18;103;0;13;-22;13;-22;13;-22;13;-21;12;-21;12;-20;11;-20;10;-19;9;-19;9;-19;8;-18;8;-18;8;-18;8;-18;8;-17;8;-17;8;-17;8;-16;8;-16;8;-15;8;-14;7;-14;7;-13;7;-13;7;-12;8;-12;8;-11;9;-11;3;-4;1;-2;-1;0;-1;0;-1;0;0;-1;2;-4;7;-9;7;-9;7;-9;8;-9;8;-9;8;-10;9;-10;9;-11;9;-11;10;-11;10;-12;11;-12;11;-12;11;-13;11;-13;12;-13;12;-14;12;-14;12;-15;12;-16;12;-16;12;-17;13;-18;13;-19;13;-20;13;-21;14;-21;14;-22,empty,EXP_S055,ZONE_01,sortie_zone,4.7,sortie_zone,sortie de la zone
9923572296,-56,6,a0:9f:7a:73:2b:3e,384,-110;-96;8;0;3;10;3;1;4;-8;4;-16;5;-23;5;-28;5;-33;5;-36;5;-37;4;-38;4;-37;4;-34;3;-31;2;-27;2;-22;1;-16;-1;-10;-2;-4;-5;1;-7;6;-8;10;-10;14;-12;16;-14;18;-15;19;-4;4;0;0;0;0;0;0;0;0;0;0;0;0;0;0;0;0;0;0;-3;-2;-10;-9;-12;-13;-14;-17;-15;-21;-15;-25;-15;-28;-14;-29;-12;-29;-10;-27;-8;-25;-6;-20;-4;-15;-2;-8;0;-1;1;6;1;13;2;20;3;27;4;33;4;38;4;41;5;43;4;44;4;43;4;40;4;36;100;0;-13;17;-13;16;-13;15;-13;15;-13;14;-13;14;-12;15;-11;15;-10;15;-9;14;-9;13;-9;13;-9;12;-9;13;-9;13;-8;13;-8;13;-8;12;-8;11;-8;10;-8;10;-8;9;-8;9;-8;9;-7;9;-7;8;-7;7;-7;7;-3;2;-1;0;0;-1;0;-1;0;-1;-1;1;-2;4;-5;12;-6;12;-7;12;-7;12;-8;13;-8;13;-9;13;-9;12;-10;12;-11;12;-12;12;-12;13;-12;13;-12;13;-12;12;-12;12;-13;12;-13;12;-14;12;-14;13;-14;14;-13;15;-13;15;-13;15;-14;15;-15;15;-15;16;-16;16;100;0;23;7;24;7;24;7;23;8;22;8;21;7;20;7;19;6;19;5;19;5;19;5;18;5;18;5;17;5;17;5;16;5;16;5;16;5;16;5;15;6;14;6;13;6;12;6;12;6;12;6;11;6;11;7;11;8;4;3;1;1;-1;-1;-1;-1;-1;-1;1;0;4;1;11;2;11;3;10;3;10;4;11;4;11;3;12;4;13;4;14;5;14;6;14;6;14;6;14;6;15;6;16;6;16;7;16;7;16;7;16;7;17;7;18;6;20;6;21;6;22;7;22;7;23;8;23;8;23;7,empty,EXP_S055,ZONE_01,sortie_zone,4.7,sortie_zone,sortie de la zone
9923772077,-57,6,a0:9f:7a:73:2b:3e,384,-110;-96;8;0;8;-8;0;-5;-9;-1;-16;2;-23;4;-28;6;-32;8;-35;9;-36;10;-36;10;-35;10;-33;9;-30;8;-26;7;-21;6;-15;4;-10;3;-3;3;3;2;8;2;13;3;16;3;19;3;21;4;23;5;5;1;0;0;0;0;0;0;0;0;0;0;0;0;0;0;0;0;0;0;-1;2;-4;12;-7;15;-10;18;-14;21;-17;23;-19;24;-21;23;-21;22;-21;19;-19;16;-16;12;-12;8;-7;4;-1;0;5;-4;11;-8;17;-12;23;-15;28;-18;32;-20;36;-22;38;-23;38;-23;37;-23;34;-21;31;-20;97;0;19;10;18;10;17;10;16;10;16;10;16;10;16;9;16;8;15;7;15;6;14;6;14;6;14;6;14;7;14;6;13;6;13;6;12;6;12;6;11;6;10;6;10;6;10;6;9;6;9;6;8;6;8;6;7;6;2;2;0;0;-1;-1;-1;0;-1;-1;1;-1;4;-1;13;0;13;1;13;2;14;3;14;3;14;4;14;4;14;5;14;6;14;7;14;8;14;8;14;8;15;8;14;9;14;9;14;9;14;9;15;10;16;10;16;10;16;10;16;9;16;10;16;10;17;10;18;11;19;11;97;0;4;-25;4;-25;4;-25;5;-25;5;-24;5;-23;4;-22;4;-21;3;-20;3;-20;3;-20;3;-19;4;-19;4;-18;4;-18;4;-18;4;-18;4;-18;4;-17;5;-16;5;-15;5;-14;5;-14;5;-13;5;-13;6;-13;7;-12;7;-12;2;-5;0;-2;-1;0;0;0;-1;0;-1;-2;-1;-5;-1;-12;0;-12;0;-12;1;-12;1;-12;1;-13;1;-14;1;-15;2;-15;2;-15;3;-16;3;-16;3;-16;3;-17;3;-17;3;-18;4;-18;4;-19;4;-19;3;-20;3;-20;2;-21;2;-22;3;-23;3;-24;4;-24;4;-25;4;-25,empty,EXP_S055,ZONE_01,sortie_zone,4.7,sortie_zone,sortie de la zone
9923974264,-57,6,a0:9f:7a:73:2b:3e,384,-110;-96;8;0;-2;-12;-4;-3;-6;5;-8;13;-10;19;-11;25;-12;29;-13;32;-13;33;-13;34;-12;33;-11;31;-10;28;-9;24;-7;19;-5;14;-2;9;0;4;4;-1;6;-6;9;-9;11;-12;14;-14;15;-16;16;-16;4;-4;0;0;0;0;0;0;0;0;0;0;0;0;0;0;0;0;0;0;1;2;7;10;8;14;9;18;8;23;8;26;7;28;6;29;4;29;3;27;1;24;0;19;0;14;0;7;0;0;0;-7;1;-14;2;-21;2;-28;2;-33;3;-38;4;-42;4;-44;4;-44;3;-43;3;-40;2;-37;99;0;18;-10;18;-10;18;-10;17;-9;17;-9;16;-9;16;-9;15;-10;14;-10;13;-10;13;-9;12;-9;12;-9;12;-9;12;-9;12;-9;12;-9;11;-8;11;-8;11;-7;10;-7;10;-6;10;-6;9;-6;9;-6;9;-5;9;-5;9;-4;3;-2;0;-1;-1;0;-1;0;-1;0;0;-2;3;-4;9;-10;9;-10;10;-9;11;-9;11;-9;12;-9;12;-9;13;-8;13;-8;14;-7;15;-7;15;-7;15;-7;15;-7;15;-7;16;-6;16;-6;16;-6;16;-7;17;-7;17;-8;17;-8;17;-9;17;-9;18;-9;18;-9;19;-9;19;-10;99;0;-19;-17;-18;-18;-18;-18;-18;-18;-17;-17;-17;-16;-16;-15;-16;-14;-16;-14;-15;-13;-15;-14;-14;-14;-14;-14;-14;-13;-13;-13;-13;-13;-13;-12;-12;-12;-12;-12;-11;-12;-11;-12;-10;-12;-9;-12;-9;-12;-9;-11;-8;-12;-7;-12;-7;-12;-3;-5;-1;-2;0;0;0;0;0;0;-1;-1;-4;-3;-9;-8;-9;-8;-9;-8;-9;-9;-9;-9;-9;-9;-10;-10;-10;-10;-11;-11;-11;-11;-11;-12;-11;-12;-11;-13;-11;-13;-11;-14;-12;-14;-12;-14;-12;-14;-13;-14;-14;-14;-15;-14;-16;-15;-16;-15;-17;-16;-17;-17;-17;-17;-18;-18;-18;-18,empty,EXP_S055,ZONE_01,sortie_zone,4.7,sortie_zone,sortie de la zone
9924186150,-56,6,a0:9f:7a:73:2b:3e,384,-110;-96;8;0;9;-8;0;-4;-8;-1;-16;2;-22;6;-27;8;-31;11;-34;12;-35;13;-36;13;-35;13;-33;13;-30;12;-25;11;-20;9;-15;7;-9;5;-3;3;3;1;8;0;13;-1;16;-1;19;-1;22;-1;23;-1;6;-1;0;0;0;0;0;0;0;0;0;0;0;0;0;0;0;0;0;0;-2;2;-7;11;-10;13;-14;16;-18;18;-22;19;-24;20;-26;20;-26;18;-25;16;-23;13;-19;10;-14;6;-8;3;-1;-1;5;-4;12;-7;18;-10;25;-13;30;-16;35;-19;38;-21;40;-22;40;-22;39;-21;36;-20;33;-19;97;0;21;5;21;5;20;5;19;5;19;5;19;5;19;4;18;3;18;2;17;1;16;1;16;1;16;1;16;1;16;1;16;1;15;0;14;0;13;0;13;1;12;1;12;1;12;1;12;1;11;0;11;1;10;1;9;1;3;0;0;0;-1;-1;-1;-1;-1;-1;1;-1;4;0;13;1;13;2;14;3;14;3;14;4;15;4;15;4;15;5;15;6;15;7;15;7;16;8;16;8;16;7;16;7;16;8;15;8;16;8;16;8;17;8;18;8;18;7;18;7;19;7;19;7;20;7;21;7;21;8;97;0;-2;-26;-2;-26;-1;-26;-1;-25;-1;-24;-1;-23;-2;-22;-2;-21;-3;-21;-3;-20;-3;-20;-3;-20;-3;-19;-3;-19;-3;-18;-3;-18;-3;-18;-3;-18;-2;-17;-2;-17;-1;-16;-1;-15;-1;-15;-1;-14;-1;-14;0;-14;0;-14;1;-14;0;-5;0;-2;0;0;0;0;-1;0;-1;-2;0;-5;0;-12;0;-12;1;-12;1;-12;1;-13;1;-13;1;-14;1;-15;1;-15;2;-16;2;-16;2;-16;2;-17;2;-17;2;-18;2;-19;2;-19;2;-20;2;-20;1;-20;0;-21;0;-22;-1;-23;-1;-24;-1;-25;-1;-25;-1;-25;-1;-25,empty,EXP_S055,ZONE_01,sortie_zone,4.7,sortie_zone,sortie de la zone
9924375918,-56,6,a0:9f:7a:73:2b:3e,384,-110;-96;8;0;-8;-10;-4;-1;-1;7;3;15;6;21;8;26;10;30;12;33;13;34;13;34;13;33;12;31;11;28;10;24;8;20;6;14;4;8;2;2;1;-4;0;-9;0;-13;-1;-17;-1;-20;0;-23;0;-24;0;-7;0;0;0;0;0;0;0;0;0;0;0;0;0;0;0;0;0;0;2;1;11;5;14;8;17;12;19;16;20;19;21;22;21;23;19;24;17;23;14;20;11;17;7;13;3;7;0;0;-4;-6;-7;-13;-11;-19;-14;-25;-17;-30;-20;-35;-21;-38;-22;-40;-22;-40;-22;-39;-21;-36;-20;-33;100;0;14;-18;13;-17;13;-17;13;-17;12;-16;11;-16;11;-16;10;-15;10;-15;9;-15;9;-15;8;-15;8;-14;8;-14;8;-14;8;-14;8;-13;8;-13;7;-12;7;-12;7;-11;7;-11;6;-11;6;-10;6;-10;6;-9;7;-9;7;-8;2;-3;0;-1;-1;0;-1;0;-1;0;0;-2;1;-5;4;-14;5;-14;6;-14;6;-14;7;-14;8;-14;9;-14;9;-14;10;-14;10;-14;11;-14;11;-13;11;-13;12;-13;12;-13;12;-14;13;-14;13;-14;13;-14;13;-14;13;-15;13;-15;13;-16;14;-16;14;-17;14;-17;14;-17;14;-17;100;0;-24;-10;-24;-10;-23;-10;-23;-9;-22;-9;-22;-9;-21;-8;-20;-8;-20;-8;-19;-7;-19;-7;-19;-7;-18;-6;-18;-6;-18;-7;-17;-7;-17;-7;-16;-7;-16;-7;-15;-7;-15;-7;-14;-7;-13;-7;-13;-7;-12;-7;-12;-8;-11;-8;-11;-8;-4;-3;-2;-1;0;0;0;0;0;0;-2;-1;-4;-1;-11;-3;-11;-4;-12;-4;-12;-5;-12;-5;-12;-5;-13;-6;-13;-6;-14;-6;-14;-7;-15;-7;-15;-7;-15;-8;-16;-8;-16;-8;-16;-8;-17;-8;-17;-8;-18;-8;-19;-8;-19;-8;-20;-8;-21;-8;-22;-9;-23;-9;-23;-9;-24;-9;-24;-9,empty,EXP_S055,ZONE_01,sortie_zone,4.7,sortie_zone,sortie de la zone
9924577429,-57,6,a0:9f:7a:73:2b:3e,384,-110;-96;8;0;9;-7;0;-4;-8;-2;-16;0;-23;1;-28;2;-32;4;-35;5;-37;5;-37;6;-36;6;-34;6;-31;5;-26;4;-21;3;-16;3;-10;3;-4;2;2;2;7;3;12;3;16;4;19;4;21;5;22;6;5;1;0;0;0;0;0;0;0;0;0;0;0;0;0;0;0;0;0;0;-2;2;-6;11;-10;14;-14;16;-17;18;-20;20;-23;20;-25;19;-25;18;-24;15;-22;13;-18;9;-13;6;-7;3;-1;0;6;-3;13;-6;19;-9;25;-11;30;-13;35;-15;38;-16;40;-17;41;-17;39;-17;36;-16;33;-15;106;0;17;11;17;11;16;11;16;11;15;10;15;10;15;9;15;8;15;7;14;7;14;7;13;7;13;7;13;7;13;7;13;6;13;6;12;6;12;5;11;5;11;6;10;6;10;6;10;5;9;5;9;5;8;5;8;5;2;2;0;0;-1;-1;-1;-1;-1;-1;1;0;4;1;12;4;12;5;12;6;12;7;12;7;12;8;12;8;12;8;12;9;12;10;12;11;12;11;12;11;12;11;12;11;12;11;12;11;12;12;12;12;13;12;14;12;14;12;15;12;15;12;15;12;15;13;16;13;17;14;106;0;6;-25;6;-25;6;-25;7;-24;6;-23;6;-22;5;-21;5;-21;4;-20;4;-20;4;-20;4;-19;4;-19;4;-18;4;-18;4;-17;3;-17;4;-17;4;-17;4;-16;4;-15;4;-15;4;-14;4;-13;4;-13;5;-13;5;-13;6;-12;2;-5;0;-2;-1;0;-1;0;-1;0;0;-2;1;-4;3;-11;3;-11;4;-11;4;-12;4;-12;4;-12;4;-13;4;-14;5;-14;5;-14;6;-15;6;-15;6;-15;6;-16;6;-16;6;-17;7;-17;7;-18;7;-18;6;-18;6;-19;6;-20;6;-22;6;-23;7;-23;7;-24;7;-24;7;-24,empty,EXP_S055,ZONE_01,sortie_zone,4.7,sortie_zone,sortie de la zone
9924777012,-57,6,a0:9f:7a:73:2b:3e,384,-110;-96;8;0;-3;-11;-4;-2;-5;6;-6;14;-6;21;-7;27;-7;31;-7;34;-7;35;-7;35;-7;34;-6;32;-5;29;-4;25;-3;20;-2;15;0;9;1;3;3;-2;5;-7;6;-12;8;-15;10;-18;11;-19;12;-20;3;-5;0;0;0;0;0;0;0;0;0;0;0;0;0;0;0;0;0;0;1;2;7;11;7;14;8;19;8;23;7;26;6;29;5;30;4;29;2;28;1;24;0;20;-1;14;-1;7;-1;0;-1;-8;0;-15;0;-21;1;-28;1;-33;1;-38;1;-42;1;-45;1;-45;1;-44;1;-40;1;-37;109;0;15;-16;14;-15;14;-14;14;-14;14;-13;14;-14;13;-14;12;-14;11;-14;9;-14;9;-13;9;-13;9;-13;9;-13;9;-13;9;-13;8;-13;7;-12;7;-11;7;-11;7;-10;7;-10;7;-10;7;-10;6;-10;6;-9;6;-8;6;-8;2;-3;0;-1;-1;0;-1;0;-1;0;0;-2;2;-4;7;-11;8;-11;9;-11;10;-11;10;-11;11;-11;11;-11;11;-10;12;-10;13;-10;14;-10;14;-10;14;-10;14;-11;14;-10;14;-10;14;-10;14;-10;15;-10;15;-11;15;-12;15;-13;15;-13;15;-13;15;-13;16;-13;16;-14;17;-15;109;0;-23;-11;-23;-12;-23;-12;-22;-12;-21;-12;-20;-11;-19;-10;-19;-9;-18;-9;-18;-8;-18;-8;-18;-8;-18;-8;-17;-8;-17;-7;-16;-7;-16;-7;-16;-7;-16;-7;-15;-8;-14;-8;-13;-8;-13;-7;-12;-7;-12;-7;-12;-7;-12;-8;-12;-8;-4;-3;-2;-1;0;0;0;0;0;0;-2;-1;-4;-3;-10;-7;-10;-7;-10;-7;-10;-7;-10;-7;-11;-7;-11;-8;-12;-9;-12;-9;-12;-10;-12;-10;-12;-10;-13;-10;-14;-10;-15;-10;-15;-11;-15;-11;-15;-12;-15;-12;-16;-11;-17;-11;-19;-11;-20;-11;-21;-12;-21;-12;-21;-13;-22;-13;-22;-12,empty,EXP_S055,ZONE_01,sortie_zone,4.7,sortie_zone,sortie de la zone
9924972234,-57,6,a0:9f:7a:73:2b:3e,384,-110;-96;8;0;-11;-4;-4;2;3;7;9;12;15;16;19;20;23;22;25;24;27;24;27;24;26;23;25;22;22;20;19;17;16;13;12;9;8;5;4;0;0;-5;-3;-9;-5;-13;-7;-16;-8;-19;-9;-22;-9;-23;-3;-6;0;0;0;0;0;0;0;0;0;0;0;0;0;0;0;0;0;0;2;-1;13;-3;16;-2;21;0;25;2;27;4;29;6;30;7;29;8;26;9;22;8;18;8;12;6;6;3;0;0;-7;-4;-13;-8;-19;-11;-24;-15;-30;-18;-34;-20;-37;-22;-39;-23;-39;-23;-38;-22;-35;-21;-32;-19;113;0;-6;-21;-6;-21;-6;-20;-6;-20;-6;-19;-6;-19;-6;-18;-7;-18;-7;-17;-7;-16;-7;-15;-7;-15;-7;-15;-7;-15;-7;-15;-8;-14;-8;-14;-7;-13;-7;-13;-6;-12;-6;-12;-6;-12;-6;-12;-6;-11;-6;-11;-5;-10;-5;-10;-4;-10;-2;-4;-1;-2;0;0;0;0;0;0;-1;-2;-2;-5;-6;-13;-5;-13;-4;-14;-4;-15;-4;-15;-4;-15;-3;-15;-3;-16;-2;-16;-2;-17;-2;-18;-1;-18;-2;-18;-2;-18;-1;-18;-1;-17;-1;-18;-1;-18;-2;-19;-2;-19;-3;-20;-3;-20;-4;-20;-4;-20;-4;-21;-4;-21;-4;-22;-4;-22;113;0;-21;14;-21;14;-21;13;-21;13;-20;13;-19;12;-18;12;-17;12;-17;13;-16;13;-16;13;-16;12;-15;12;-15;11;-14;11;-14;11;-14;11;-14;10;-14;10;-14;9;-13;9;-13;8;-12;8;-12;8;-12;7;-12;7;-12;6;-13;6;-5;2;-2;0;0;-1;0;-1;0;-1;-2;0;-4;1;-11;5;-11;4;-11;4;-11;4;-12;4;-12;5;-13;5;-14;5;-14;5;-15;5;-15;5;-15;6;-15;6;-16;7;-16;7;-16;7;-17;7;-17;7;-18;7;-18;8;-18;9;-19;10;-20;11;-20;12;-21;12;-21;12;-21;12;-21;13,empty,EXP_S055,ZONE_01,sortie_zone,4.7,sortie_zone,sortie de la zone
9925175549,-56,6,a0:9f:7a:73:2b:3e,384,-110;-96;8;0;-8;-10;-5;-1;-3;8;-2;16;-1;23;1;29;1;34;2;36;2;37;3;38;3;37;2;35;2;31;1;27;1;22;1;16;2;9;3;3;4;-3;5;-8;6;-13;8;-16;9;-19;10;-21;12;-22;3;-6;0;0;0;0;0;0;0;0;0;0;0;0;0;0;0;0;0;0;3;0;13;4;16;6;19;10;22;13;23;17;24;20;23;21;22;22;19;21;16;19;12;16;9;11;5;6;0;-1;-4;-7;-7;-14;-10;-21;-13;-27;-15;-33;-18;-37;-19;-41;-19;-43;-19;-43;-19;-42;-18;-39;-16;-35;106;0;13;-18;13;-18;13;-17;12;-17;12;-16;11;-16;10;-16;10;-16;9;-16;9;-15;8;-15;8;-14;8;-14;7;-14;7;-14;7;-14;7;-14;7;-13;7;-13;6;-12;6;-12;6;-11;6;-11;6;-10;6;-10;6;-9;6;-9;6;-9;2;-3;0;-1;-1;0;-1;0;-1;0;0;-2;1;-5;4;-14;5;-14;6;-13;7;-13;7;-13;8;-13;8;-13;9;-13;10;-13;10;-14;11;-14;11;-13;12;-13;12;-13;12;-13;12;-13;12;-13;12;-14;12;-14;12;-14;13;-15;13;-15;13;-16;13;-16;13;-16;14;-17;14;-17;14;-17;106;0;-25;-9;-25;-9;-25;-9;-25;-9;-24;-8;-23;-8;-23;-7;-22;-7;-21;-7;-21;-7;-21;-6;-20;-6;-20;-6;-19;-6;-19;-6;-19;-6;-18;-6;-18;-6;-17;-6;-17;-6;-16;-6;-15;-6;-15;-6;-14;-6;-14;-7;-13;-7;-13;-8;-12;-8;-5;-3;-2;-2;0;0;0;0;0;0;-2;-1;-5;-2;-12;-4;-12;-4;-12;-5;-12;-5;-12;-5;-13;-5;-14;-6;-14;-6;-15;-6;-15;-7;-16;-7;-16;-7;-17;-7;-17;-8;-17;-8;-18;-8;-18;-8;-18;-8;-19;-8;-20;-8;-21;-8;-22;-8;-23;-8;-24;-8;-24;-8;-25;-9;-25;-9;-26;-8,empty,EXP_S055,ZONE_01,sortie_zone,4.7,sortie_zone,sortie de la zone
9925375784,-56,6,a0:9f:7a:73:2b:3e,384,-110;-96;8;0;4;10;3;1;3;-8;3;-16;3;-24;3;-29;3;-34;2;-37;2;-38;1;-38;0;-37;0;-35;0;-32;0;-27;0;-22;0;-16;-2;-10;-3;-4;-4;2;-6;7;-7;11;-9;15;-10;18;-12;19;-13;20;-4;5;0;0;0;0;0;0;0;0;0;0;0;0;0;0;0;0;0;0;-3;-2;-11;-9;-13;-13;-15;-17;-16;-21;-17;-25;-16;-27;-15;-29;-13;-29;-11;-27;-9;-24;-7;-20;-5;-14;-3;-8;-1;-1;1;7;2;14;3;21;4;28;6;34;6;39;7;42;7;44;7;45;8;43;7;40;7;36;103;0;-18;13;-18;12;-18;12;-17;12;-16;12;-16;12;-15;12;-14;12;-13;12;-13;11;-12;11;-12;11;-11;11;-11;11;-11;11;-11;11;-11;10;-10;10;-10;10;-10;9;-10;9;-9;9;-9;8;-9;8;-8;8;-8;7;-8;7;-8;6;-3;2;-1;0;0;-1;0;-1;0;-1;-1;1;-4;3;-10;9;-10;9;-11;9;-12;9;-12;8;-13;8;-13;8;-14;8;-15;8;-15;8;-16;8;-16;8;-16;7;-16;7;-16;7;-16;7;-17;7;-17;8;-17;8;-17;8;-18;9;-18;9;-18;10;-18;10;-19;11;-19;11;-19;11;-19;11;103;0;21;14;21;14;21;13;20;13;20;13;19;12;19;11;18;11;18;10;18;9;17;9;17;8;17;8;16;8;16;8;16;8;15;8;15;8;14;8;14;8;13;8;12;8;12;8;11;8;11;8;10;8;10;8;9;8;3;3;0;1;-1;-1;-1;-1;-1;-1;0;0;3;2;8;6;8;7;8;7;9;8;9;8;9;8;10;9;10;9;11;10;11;10;11;11;11;11;12;11;12;11;12;11;13;11;13;12;14;12;14;12;15;12;16;13;17;13;18;13;18;13;19;14;20;14;21;14;21;14,empty,EXP_S055,ZONE_01,sortie_zone,4.7,sortie_zone,sortie de la zone
9925572356,-56,6,a0:9f:7a:73:2b:3e,384,-110;-96;8;0;-9;-8;-5;0;-1;8;3;16;6;22;9;27;11;31;12;33;13;34;14;34;14;34;13;32;12;29;10;24;8;20;6;14;4;8;3;2;2;-4;2;-10;2;-15;2;-18;2;-21;3;-23;3;-25;1;-7;0;0;0;0;0;0;0;0;0;0;0;0;0;0;0;0;0;0;3;0;14;1;17;3;21;6;24;8;26;11;27;14;27;16;26;17;23;17;19;15;15;13;11;9;5;5;0;-1;-5;-6;-10;-12;-15;-18;-19;-23;-23;-28;-26;-32;-28;-35;-29;-36;-29;-36;-28;-35;-27;-32;-25;-30;100;0;10;-20;10;-19;10;-19;9;-18;9;-18;9;-17;8;-17;8;-17;7;-17;6;-16;6;-16;6;-16;6;-15;6;-15;6;-15;5;-15;5;-15;5;-14;5;-13;5;-13;5;-12;5;-12;5;-12;5;-12;5;-11;5;-10;5;-10;5;-9;2;-3;0;-1;-1;0;-1;0;-1;0;0;-2;0;-5;2;-14;2;-14;3;-14;4;-15;5;-15;5;-15;6;-15;6;-15;7;-15;8;-15;9;-15;9;-16;9;-16;9;-16;9;-15;9;-15;10;-15;10;-15;10;-16;10;-16;10;-17;10;-17;11;-18;11;-18;11;-18;11;-19;11;-19;11;-20;100;0;-27;-5;-26;-5;-26;-5;-25;-5;-25;-5;-24;-4;-23;-4;-22;-4;-22;-3;-21;-3;-21;-3;-21;-3;-20;-3;-20;-3;-19;-3;-19;-3;-18;-3;-18;-4;-18;-4;-17;-4;-16;-5;-16;-5;-15;-5;-15;-5;-14;-5;-14;-5;-13;-6;-13;-7;-5;-3;-2;-1;0;0;0;0;0;0;-2;0;-5;-1;-12;-1;-12;-2;-12;-2;-13;-2;-13;-2;-13;-3;-14;-3;-15;-3;-16;-4;-16;-4;-16;-4;-17;-4;-17;-4;-18;-4;-18;-4;-19;-4;-19;-5;-19;-5;-20;-5;-20;-5;-21;-4;-22;-4;-23;-4;-24;-4;-25;-4;-25;-4;-26;-4;-26;-4,empty,EXP_S055,ZONE_01,sortie_zone,4.7,sortie_zone,sortie de la zone
9925772436,-57,6,a0:9f:7a:73:2b:3e,384,-110;-96;8;0;-4;-12;-5;-3;-6;6;-7;14;-8;21;-8;27;-8;31;-9;34;-9;35;-9;35;-8;34;-8;32;-7;29;-5;25;-4;20;-2;15;0;10;2;4;4;-2;7;-6;9;-10;11;-14;13;-16;14;-17;15;-18;4;-5;0;0;0;0;0;0;0;0;0;0;0;0;0;0;0;0;0;0;2;2;8;9;10;12;12;17;12;21;12;25;11;27;10;28;9;28;7;27;5;24;3;19;2;14;0;7;0;0;-1;-7;-1;-15;-1;-21;-1;-28;-2;-34;-2;-39;-2;-43;-2;-45;-2;-45;-1;-44;-2;-40;-2;-36;99;0;15;-15;15;-15;14;-14;14;-13;14;-13;13;-13;13;-14;12;-14;11;-14;10;-13;9;-13;9;-12;9;-12;9;-13;8;-13;8;-13;7;-13;7;-12;7;-11;7;-11;7;-10;7;-10;6;-10;6;-10;6;-10;5;-9;5;-8;5;-8;2;-3;0;-1;-1;0;-1;0;-1;0;0;-2;3;-4;9;-10;9;-10;10;-10;11;-10;11;-10;11;-10;12;-10;12;-9;13;-9;13;-9;14;-9;15;-9;15;-9;15;-9;14;-9;14;-9;15;-9;15;-9;15;-9;16;-10;16;-11;15;-12;15;-12;15;-12;16;-12;16;-12;17;-13;17;-13;99;0;-23;-12;-23;-12;-23;-13;-22;-12;-21;-12;-21;-11;-20;-10;-20;-9;-20;-8;-20;-8;-20;-8;-19;-8;-19;-8;-18;-8;-18;-7;-17;-7;-17;-7;-17;-7;-17;-7;-16;-7;-15;-7;-15;-7;-14;-7;-14;-7;-13;-7;-13;-7;-13;-8;-12;-8;-5;-3;-2;-2;0;0;0;0;0;0;-2;-1;-4;-3;-10;-8;-9;-8;-9;-8;-9;-9;-9;-9;-10;-9;-11;-9;-11;-10;-12;-10;-12;-11;-12;-11;-12;-11;-12;-11;-13;-11;-14;-12;-14;-12;-15;-13;-15;-13;-15;-12;-16;-12;-17;-12;-18;-12;-20;-12;-20;-12;-21;-13;-21;-13;-22;-13;-22;-13,empty,EXP_S055,ZONE_01,sortie_zone,4.7,sortie_zone,sortie de la zone
9925972422,-57,6,a0:9f:7a:73:2b:3e,384,-110;-96;8;0;-2;-10;-5;-2;-9;5;-12;12;-15;17;-17;22;-18;26;-19;28;-19;29;-19;29;-18;28;-16;27;-14;24;-11;21;-8;17;-5;13;-1;9;3;5;7;1;10;-3;13;-5;16;-7;18;-9;20;-10;20;-10;5;-3;0;0;0;0;0;0;0;0;0;0;0;0;0;0;0;0;0;0;1;1;7;7;7;11;7;15;7;20;6;23;4;26;2;28;1;27;-1;26;-3;23;-4;18;-4;13;-4;7;-3;0;-1;-7;1;-14;3;-20;4;-26;6;-31;7;-35;8;-38;9;-40;10;-40;10;-39;9;-35;8;-32;112;0;17;-10;16;-9;16;-8;15;-8;15;-8;15;-8;15;-8;14;-9;12;-9;11;-9;11;-9;11;-8;11;-8;11;-8;11;-9;10;-9;9;-8;9;-8;8;-7;8;-6;8;-6;8;-6;8;-6;7;-6;7;-6;6;-6;6;-5;6;-5;2;-2;0;-1;-1;0;-1;0;-1;0;0;-2;3;-4;10;-9;10;-8;11;-8;12;-8;12;-8;13;-7;13;-7;13;-7;14;-6;14;-5;15;-5;15;-5;16;-5;16;-5;15;-5;15;-5;15;-5;16;-5;16;-5;17;-6;17;-7;16;-7;16;-7;16;-7;17;-7;17;-7;18;-7;19;-8;112;0;-19;-16;-19;-16;-19;-16;-18;-16;-18;-16;-17;-15;-17;-13;-17;-12;-17;-11;-18;-11;-17;-11;-17;-11;-17;-12;-16;-11;-16;-11;-16;-11;-16;-10;-15;-10;-15;-11;-14;-11;-14;-11;-13;-10;-12;-10;-12;-10;-12;-10;-12;-10;-11;-11;-11;-11;-4;-4;-1;-2;0;0;0;0;0;0;-1;-1;-2;-3;-5;-8;-5;-8;-5;-8;-5;-9;-5;-9;-6;-9;-6;-10;-7;-10;-7;-11;-7;-11;-7;-11;-7;-11;-8;-11;-9;-12;-9;-12;-10;-13;-10;-13;-10;-14;-11;-14;-12;-13;-13;-13;-14;-13;-16;-14;-16;-15;-17;-16;-17;-16;-17;-16;-17;-16,empty,EXP_S055,ZONE_01,sortie_zone,4.7,sortie_zone,sortie de la zone
9926172304,-57,6,a0:9f:7a:73:2b:3e,384,-110;-96;8;0;6;-16;0;-10;-6;-5;-13;-1;-19;3;-24;6;-28;8;-32;10;-33;11;-34;12;-35;12;-33;11;-31;10;-28;9;-24;7;-19;6;-13;6;-7;5;-2;6;4;6;8;8;12;9;15;10;17;12;18;13;4;3;0;0;0;0;0;0;0;0;0;0;0;0;0;0;0;0;0;0;0;0;4;3;5;7;7;11;7;16;7;20;6;23;5;26;3;26;1;26;0;24;-1;21;-2;16;-1;11;0;5;1;-1;3;-7;6;-13;9;-19;12;-25;15;-29;18;-33;20;-35;21;-36;21;-36;21;-34;20;-32;108;0;18;1;18;1;17;1;17;1;16;1;16;0;16;0;15;0;15;-1;14;-1;14;-2;14;-2;13;-2;13;-2;13;-2;13;-2;13;-2;12;-2;11;-2;11;-1;11;-1;10;-1;10;-1;10;-1;10;-1;9;-1;9;0;8;0;3;0;0;0;-1;0;-1;0;-1;0;1;-1;3;-1;10;-3;10;-2;11;-2;11;-1;12;-1;12;0;12;0;13;1;13;1;13;2;13;2;14;3;14;3;14;3;14;3;14;3;14;3;14;3;15;3;15;3;16;3;16;3;17;2;17;2;17;2;17;2;18;2;18;2;108;0;-1;-26;-1;-26;-1;-26;-1;-26;-1;-25;-1;-24;-2;-23;-2;-23;-2;-22;-3;-22;-3;-22;-3;-21;-3;-21;-3;-21;-3;-20;-3;-20;-2;-20;-2;-19;-2;-19;-1;-19;-1;-18;-1;-17;-1;-17;-1;-16;0;-16;0;-16;1;-15;1;-15;0;-6;0;-2;0;0;-1;0;-1;0;0;-1;0;-4;1;-10;2;-10;2;-10;2;-10;2;-11;2;-11;2;-12;2;-12;3;-13;3;-13;3;-14;3;-14;3;-14;3;-15;3;-16;3;-16;3;-17;3;-17;2;-18;2;-19;1;-20;1;-21;1;-22;0;-23;0;-24;0;-25;0;-25;0;-26,empty,EXP_S055,ZONE_01,sortie_zone,4.7,sortie_zone,sortie de la zone
9926374697,-56,6,a0:9f:7a:73:2b:3e,384,-110;-96;8;0;9;18;12;12;16;6;20;2;24;-1;29;-3;32;-4;35;-4;36;-3;37;-2;36;-1;34;0;32;1;29;1;25;1;21;0;17;-2;14;-6;11;-9;10;-12;9;-15;9;-18;9;-20;10;-21;11;-22;3;-6;0;0;0;0;0;0;0;0;0;0;0;0;0;0;0;0;0;0;-1;0;-4;3;-5;6;-6;10;-9;13;-12;16;-16;17;-19;16;-21;15;-23;13;-22;10;-20;8;-17;6;-12;5;-7;6;-2;8;3;11;7;15;10;19;13;24;15;29;15;33;14;37;13;39;11;39;9;38;8;36;-116;0;-13;7;-12;7;-12;6;-12;6;-12;6;-11;6;-11;6;-11;6;-10;7;-9;6;-9;6;-8;6;-9;5;-9;5;-9;6;-8;6;-8;6;-7;6;-7;5;-7;5;-7;4;-7;4;-7;5;-6;5;-6;5;-6;4;-5;4;-5;3;-2;1;-1;0;0;-1;0;-1;0;-1;-1;0;-1;2;-4;6;-4;6;-5;6;-6;6;-6;6;-7;6;-7;6;-7;6;-8;6;-9;5;-9;5;-10;5;-10;5;-10;5;-10;5;-10;5;-10;4;-11;4;-11;4;-12;5;-12;5;-12;6;-12;6;-12;5;-12;5;-13;5;-13;5;-14;6;-116;0;20;21;20;21;20;21;20;21;20;20;20;19;19;18;20;17;20;17;19;17;19;17;19;16;18;16;18;16;18;15;18;15;18;15;17;15;17;15;16;14;15;14;14;14;13;14;13;13;12;13;12;14;11;14;10;15;3;5;1;1;-1;-1;-1;-1;-1;-1;0;0;1;3;5;9;5;10;4;10;4;10;5;10;5;11;6;11;6;12;6;13;7;13;7;14;7;14;7;15;8;15;8;15;9;16;9;16;10;17;11;17;12;17;13;17;14;18;15;18;16;19;17;20;18;21;19;21;19;22,empty,EXP_S055,ZONE_01,sortie_zone,4.7,sortie_zone,sortie de la zone
9926578187,-55,6,a0:9f:7a:73:2b:3e,384,-110;-96;8;0;-3;18;4;16;12;15;18;15;23;16;27;18;29;20;30;21;29;23;28;23;26;23;23;22;20;20;17;17;15;13;14;8;14;4;14;-1;15;-5;17;-7;18;-9;20;-10;21;-10;22;-9;23;-9;5;-2;0;0;0;0;0;0;0;0;0;0;0;0;0;0;0;0;0;0;-2;0;-9;1;-12;3;-15;4;-19;4;-23;4;-26;2;-28;1;-29;-2;-28;-4;-25;-6;-22;-6;-18;-5;-14;-2;-11;2;-8;8;-7;13;-7;19;-7;25;-8;31;-10;35;-13;38;-16;39;-18;38;-19;37;-19;34;-18;31;-122;0;-12;-10;-12;-10;-11;-10;-11;-10;-11;-9;-11;-9;-10;-8;-10;-8;-10;-8;-10;-7;-9;-7;-9;-7;-9;-6;-9;-6;-9;-6;-8;-6;-8;-6;-8;-6;-8;-5;-7;-5;-7;-5;-6;-5;-6;-5;-6;-4;-6;-4;-5;-4;-5;-4;-5;-4;-2;-2;-1;-1;0;0;0;0;0;0;-1;-1;-3;-1;-8;-2;-8;-2;-8;-3;-8;-3;-8;-4;-8;-4;-8;-5;-9;-5;-9;-5;-9;-6;-9;-6;-9;-7;-9;-7;-9;-8;-9;-8;-9;-8;-9;-8;-9;-8;-9;-8;-10;-8;-10;-9;-10;-9;-11;-9;-11;-10;-11;-10;-11;-10;-11;-10;-12;-11;-122;0;-8;29;-8;29;-7;29;-6;28;-6;28;-5;27;-4;27;-4;26;-3;26;-3;25;-2;25;-2;24;-1;24;-1;23;0;23;0;23;0;22;0;22;-1;21;-1;21;0;20;0;20;-1;19;-1;18;-1;18;-2;17;-2;17;-3;17;-1;6;-1;1;0;-1;0;-1;0;-1;-1;1;-3;3;-7;10;-7;11;-7;11;-8;11;-8;11;-9;12;-9;13;-9;13;-10;14;-10;15;-11;15;-11;15;-11;16;-11;16;-11;17;-11;17;-11;18;-11;19;-11;20;-11;21;-11;22;-10;23;-10;24;-10;25;-10;27;-9;28;-9;29;-9;29,empty,EXP_S055,ZONE_01,sortie_zone,4.7,sortie_zone,sortie de la zone
9926773012,-56,6,a0:9f:7a:73:2b:3e,384,-110;-96;8;0;-13;-2;-15;6;-17;13;-20;19;-23;23;-25;25;-27;27;-28;27;-28;25;-27;23;-25;21;-22;18;-18;16;-13;14;-8;12;-3;11;3;10;8;10;12;11;15;13;18;14;19;15;19;16;18;17;18;18;4;4;0;0;0;0;0;0;0;0;0;0;0;0;0;0;0;0;0;0;2;-3;9;-9;11;-11;15;-13;19;-13;22;-13;24;-11;25;-9;25;-7;24;-5;20;-4;16;-3;10;-4;5;-5;-1;-8;-7;-12;-11;-17;-15;-21;-18;-26;-20;-30;-21;-34;-21;-37;-20;-38;-18;-38;-16;-35;-14;-31;-13;-27;-128;0;13;-9;13;-8;14;-7;14;-6;14;-6;14;-7;13;-8;12;-9;10;-8;9;-7;9;-6;10;-6;10;-6;10;-7;10;-8;9;-8;8;-7;7;-6;7;-5;8;-5;8;-5;8;-5;7;-6;7;-6;6;-5;5;-4;5;-4;5;-3;2;-1;0;-1;-1;0;-1;0;-1;0;0;-1;2;-2;6;-5;7;-5;8;-5;8;-5;9;-5;9;-6;9;-5;9;-5;10;-4;11;-4;12;-4;13;-4;13;-5;12;-5;12;-4;11;-4;12;-3;13;-3;14;-4;14;-5;14;-6;13;-6;13;-6;13;-5;14;-5;16;-5;17;-6;17;-7;-128;0;-28;-9;-28;-10;-28;-10;-27;-10;-26;-8;-25;-7;-25;-5;-25;-4;-25;-3;-25;-3;-24;-3;-24;-2;-23;-2;-22;-1;-22;-1;-22;0;-22;0;-22;0;-21;0;-21;0;-20;0;-19;0;-18;0;-18;0;-18;0;-18;0;-17;-1;-17;-2;-7;-1;-2;-1;0;-1;0;0;0;0;-2;-1;-4;-3;-10;-8;-9;-9;-9;-9;-9;-9;-10;-9;-11;-10;-11;-10;-12;-11;-12;-12;-13;-12;-13;-12;-13;-13;-14;-12;-15;-12;-16;-13;-16;-13;-16;-14;-16;-14;-17;-13;-18;-13;-20;-12;-22;-11;-23;-12;-24;-12;-25;-13;-25;-12;-26;-12;-26;-11,empty,EXP_S055,ZONE_01,sortie_zone,4.7,sortie_zone,sortie de la zone
9926972458,-58,6,a0:9f:7a:73:2b:3e,384,-110;-96;8;0;-13;-10;-11;-2;-9;6;-7;14;-7;20;-6;25;-6;29;-7;32;-7;33;-8;33;-8;32;-8;30;-7;28;-6;24;-4;19;-2;15;0;10;3;6;7;1;10;-2;13;-4;16;-6;18;-6;20;-7;21;-6;5;-2;0;0;0;0;0;0;0;0;0;0;0;0;0;0;0;0;0;0;2;-2;9;-8;13;-9;17;-11;22;-11;26;-11;29;-10;31;-8;31;-6;30;-4;27;-2;23;0;17;0;11;-1;4;-4;-2;-7;-8;-11;-14;-15;-19;-19;-23;-23;-27;-27;-29;-30;-30;-33;-29;-34;-27;-35;-25;-33;-24;-30;124;0;4;-18;4;-17;4;-16;4;-16;4;-15;4;-15;4;-16;3;-15;1;-15;1;-14;0;-13;0;-13;1;-13;1;-13;0;-13;0;-13;-1;-12;-1;-12;-1;-11;0;-10;0;-10;0;-10;-1;-10;-1;-10;-1;-10;-1;-9;-1;-9;0;-8;0;-3;0;-1;0;0;-1;0;-1;0;0;-2;0;-4;2;-12;3;-12;4;-12;4;-13;5;-13;5;-13;5;-13;5;-13;6;-13;7;-13;7;-13;8;-14;8;-14;7;-14;7;-14;7;-14;8;-13;8;-13;8;-14;8;-15;8;-16;7;-16;6;-16;6;-16;6;-16;7;-16;7;-17;7;-18;124;0;-28;-2;-28;-2;-27;-2;-27;-2;-26;-1;-24;-1;-23;0;-22;1;-22;2;-21;2;-21;3;-21;3;-20;3;-20;3;-19;3;-18;3;-18;4;-18;4;-18;4;-17;3;-17;3;-16;3;-15;3;-14;3;-14;3;-14;3;-14;2;-14;2;-6;0;-2;0;0;-1;0;0;0;0;-2;-1;-5;-2;-14;-4;-14;-4;-14;-4;-14;-5;-14;-5;-15;-5;-16;-5;-17;-6;-17;-7;-17;-7;-17;-7;-18;-7;-18;-7;-19;-7;-20;-7;-20;-7;-21;-8;-21;-8;-21;-7;-21;-6;-22;-6;-24;-5;-25;-5;-26;-5;-27;-5;-27;-5;-27;-4;-28;-4,empty,EXP_S055,ZONE_01,sortie_zone,4.7,sortie_zone,sortie de la zone
9927173629,-58,6,a0:9f:7a:73:2b:3e,384,-110;-96;8;0;15;5;12;-1;9;-7;7;-13;6;-19;6;-23;6;-27;7;-29;8;-30;9;-30;9;-30;10;-28;9;-25;9;-22;7;-18;5;-14;1;-11;-3;-8;-7;-6;-10;-5;-14;-4;-16;-4;-18;-5;-20;-7;-20;-8;-6;-3;0;0;0;0;0;0;0;0;0;0;0;0;0;0;0;0;0;0;-1;2;-4;10;-5;13;-5;17;-7;21;-9;24;-11;27;-14;27;-16;27;-17;25;-17;22;-16;19;-13;15;-9;12;-3;10;2;8;8;7;14;8;20;8;26;10;31;12;34;14;36;16;36;18;35;19;33;19;31;18;127;0;0;15;0;14;0;13;-1;13;-1;12;-1;12;0;12;0;12;1;11;1;11;1;10;1;10;1;10;1;10;1;10;2;10;2;10;2;9;1;9;1;8;1;8;0;8;1;8;1;8;1;8;0;7;0;7;0;7;-1;2;-1;0;-1;-1;-1;-1;-1;-1;0;0;0;2;1;8;1;8;0;9;0;9;0;10;0;10;0;10;-1;10;-1;10;-2;11;-2;11;-3;12;-3;12;-2;12;-2;12;-2;11;-3;11;-3;12;-3;12;-3;13;-2;13;-2;13;-2;13;-2;13;-2;13;-2;14;-2;14;-2;14;127;0;26;-4;25;-4;25;-5;24;-5;23;-5;22;-5;21;-6;20;-6;19;-6;19;-7;18;-7;18;-7;17;-7;16;-8;16;-8;15;-8;15;-8;15;-8;15;-8;14;-7;14;-7;13;-7;13;-6;12;-6;12;-6;12;-6;12;-5;12;-5;4;-2;1;-1;-1;0;-1;0;-1;-1;1;-1;5;0;15;0;15;0;15;1;16;2;16;2;16;2;17;2;18;2;18;3;19;3;19;3;19;3;19;3;19;3;20;3;20;3;21;3;21;2;21;2;21;1;22;0;23;0;24;-1;25;-1;25;-2;26;-2;26;-2;26;-3,empty,EXP_S055,ZONE_01,sortie_zone,4.7,sortie_zone,sortie de la zone
9927374162,-62,6,a0:9f:7a:73:2b:3e,384,-110;-96;8;0;17;11;14;5;12;-1;11;-7;11;-12;12;-17;13;-21;15;-24;17;-24;18;-24;19;-23;19;-21;18;-19;17;-16;14;-14;11;-11;7;-9;3;-8;-2;-8;-6;-9;-9;-10;-11;-12;-12;-14;-12;-16;-12;-17;-3;-5;0;0;0;0;0;0;0;0;0;0;0;0;0;0;0;0;0;0;-2;1;-6;7;-5;10;-4;14;-4;18;-5;21;-7;24;-8;26;-11;27;-13;27;-14;25;-14;22;-13;19;-10;16;-7;13;-2;11;3;10;9;9;15;9;21;11;25;13;29;15;32;17;33;20;32;22;31;23;29;23;-122;0;1;14;1;13;1;12;0;12;0;11;0;12;0;12;1;12;1;11;1;10;1;9;1;9;0;9;0;9;1;10;1;10;1;9;1;9;0;8;0;8;-1;8;-1;8;-1;8;0;8;-1;8;-1;7;-1;6;-2;6;-1;2;-1;0;0;-1;-1;-1;-1;-1;0;0;1;2;3;6;2;6;2;7;2;7;2;8;2;8;2;8;2;8;1;8;1;9;0;9;0;10;0;10;0;10;0;10;0;10;0;10;0;10;-1;11;-1;11;0;12;0;12;1;12;1;12;0;12;0;12;-1;13;-1;13;-122;0;25;1;25;0;25;0;24;0;23;0;22;0;21;-1;21;-2;20;-3;19;-3;19;-4;18;-4;18;-4;17;-4;17;-4;16;-4;16;-4;16;-4;15;-4;15;-4;14;-3;14;-3;13;-3;13;-3;13;-3;13;-3;13;-2;13;-1;4;-1;1;0;-1;0;-2;-1;-1;-1;1;0;5;0;16;2;16;3;15;4;15;4;15;5;16;5;16;5;17;5;17;5;18;6;18;6;18;6;18;6;19;6;19;6;20;5;20;5;20;5;21;5;21;5;22;4;23;3;24;3;25;3;25;2;26;2;26;2;26;2,empty,EXP_S055,ZONE_01,sortie_zone,4.7,sortie_zone,sortie de la zone
9927577627,-63,6,a0:9f:7a:73:2b:3e,384,-110;-96;8;0;-41;13;-34;11;-26;7;-18;3;-10;-1;-4;-6;2;-11;6;-16;10;-20;12;-23;13;-25;13;-27;13;-27;13;-27;12;-24;11;-21;10;-17;8;-13;7;-8;6;-3;5;2;4;6;4;10;4;12;4;14;1;3;0;0;0;0;0;0;0;0;0;0;0;0;0;0;0;0;0;0;-4;-3;-11;-9;-7;-6;-1;-2;6;2;13;7;19;10;26;14;31;16;35;18;38;19;39;19;38;18;35;15;31;13;26;10;19;7;11;4;2;3;-7;3;-17;2;-26;3;-34;5;-42;7;-47;9;-51;11;-52;13;81;0;-26;11;-25;12;-24;12;-23;11;-22;11;-21;10;-20;10;-20;10;-19;10;-18;11;-17;11;-16;10;-16;10;-15;9;-15;9;-15;9;-14;9;-14;9;-13;8;-13;7;-12;7;-11;6;-11;6;-11;6;-10;6;-10;6;-10;5;-10;5;-4;1;-2;0;0;-1;0;-1;0;-1;-2;1;-5;4;-13;10;-14;10;-15;9;-16;8;-17;8;-18;8;-19;8;-19;8;-19;8;-20;7;-21;7;-21;6;-22;6;-22;7;-23;7;-22;7;-22;7;-22;7;-23;7;-23;7;-24;7;-25;8;-25;9;-25;10;-25;10;-25;10;-25;10;-25;10;81;0;-15;14;-15;15;-14;15;-13;15;-12;14;-12;14;-11;13;-10;12;-9;12;-8;12;-7;11;-6;11;-5;11;-5;10;-5;10;-4;9;-3;9;-2;8;-2;8;-2;8;-1;8;-1;7;0;7;0;6;1;6;1;6;1;7;1;7;0;2;0;0;-1;-1;0;-1;0;-1;-2;1;-6;3;-15;9;-16;9;-16;8;-17;7;-17;7;-17;6;-17;7;-17;7;-18;8;-19;8;-19;8;-19;8;-19;8;-18;8;-18;9;-18;9;-18;10;-19;10;-19;11;-19;11;-19;11;-18;12;-18;13;-17;15;-18;16;-18;16;-18;16;-18;16,empty,EXP_S055,ZONE_01,sortie_zone,4.7,sortie_zone,sortie de la zone
9927774394,-63,6,a0:9f:7a:73:2b:3e,384,-110;-96;8;0;23;-12;17;-11;10;-10;4;-11;-1;-13;-6;-16;-9;-19;-11;-22;-12;-24;-11;-26;-11;-27;-9;-27;-6;-26;-4;-24;-2;-20;-1;-17;-1;-13;-3;-9;-5;-5;-7;-3;-10;-1;-13;0;-15;0;-17;-1;-18;-2;-5;-1;0;0;0;0;0;0;0;0;0;0;0;0;0;0;0;0;0;0;1;2;7;9;9;8;13;6;16;6;20;6;23;8;26;10;27;13;28;15;26;17;24;17;22;16;19;14;16;11;14;7;13;2;13;-3;14;-9;16;-14;19;-19;22;-23;26;-25;29;-26;32;-26;34;-24;34;-23;-121;0;13;3;13;3;12;3;11;4;11;4;11;4;11;4;10;3;10;3;9;3;9;3;9;3;9;3;8;3;8;4;8;4;8;4;7;4;7;4;6;4;6;4;6;4;5;4;5;4;5;4;4;4;4;4;3;4;1;1;0;0;-1;-1;-1;0;-1;0;0;-1;2;-2;5;-4;6;-3;6;-3;7;-2;7;-2;7;-2;7;-2;8;-2;8;-1;9;-1;9;0;9;0;10;0;10;0;9;0;9;1;9;1;10;1;10;2;11;2;11;2;11;2;11;2;11;2;12;2;12;3;12;3;12;3;-121;0;18;-19;18;-19;17;-19;16;-19;16;-18;15;-17;14;-17;13;-16;13;-16;12;-15;11;-15;10;-15;10;-14;9;-14;9;-14;9;-13;8;-13;8;-13;8;-12;8;-12;8;-12;7;-11;7;-11;7;-10;7;-10;7;-9;7;-9;8;-9;2;-4;0;-1;-1;0;-1;1;-1;0;0;-2;2;-6;8;-17;9;-16;9;-16;10;-16;11;-15;11;-15;12;-15;13;-16;13;-16;14;-16;14;-16;15;-16;15;-16;15;-16;16;-16;16;-16;16;-16;16;-16;16;-17;17;-17;17;-18;17;-18;17;-19;18;-20;18;-20;18;-20;18;-21;18;-21,empty,EXP_S055,ZONE_01,sortie_zone,4.7,sortie_zone,sortie de la zone
9927978665,-65,6,a0:9f:7a:73:2b:3e,384,-110;-96;8;0;28;-20;24;-16;17;-13;10;-11;3;-10;-3;-10;-9;-11;-13;-13;-17;-16;-19;-19;-20;-21;-19;-22;-17;-23;-15;-23;-12;-22;-9;-19;-7;-16;-6;-12;-5;-8;-5;-3;-6;0;-8;4;-10;6;-13;7;-14;7;-4;1;0;0;0;0;0;0;0;0;0;0;0;0;0;0;0;0;0;0;0;3;0;14;3;12;7;10;12;9;17;9;21;9;25;11;29;14;30;17;30;19;29;21;27;22;24;21;21;19;18;16;16;11;14;5;13;-2;13;-9;14;-16;17;-22;20;-27;24;-31;28;-33;31;-34;33;-33;-118;0;15;-6;15;-6;14;-5;13;-5;13;-4;12;-4;12;-4;12;-4;12;-4;11;-4;11;-4;10;-3;10;-3;10;-3;10;-2;10;-2;10;-2;9;-1;8;-1;8;-1;7;0;7;0;7;0;7;0;6;1;6;1;6;1;6;1;2;0;0;0;-1;-1;-1;0;-1;0;0;-1;1;-3;3;-8;4;-8;4;-8;5;-8;6;-8;6;-8;7;-8;7;-8;8;-8;8;-8;9;-7;9;-7;10;-7;10;-7;10;-7;10;-7;10;-7;10;-6;11;-6;11;-6;12;-6;12;-6;12;-7;13;-7;13;-7;13;-6;14;-6;14;-6;-118;0;17;-21;17;-21;16;-21;15;-20;15;-20;14;-19;13;-18;12;-18;11;-17;10;-16;9;-16;9;-15;9;-15;8;-14;8;-14;8;-14;8;-13;7;-13;7;-13;7;-12;7;-12;6;-11;6;-11;6;-11;6;-10;6;-10;6;-10;6;-9;2;-4;0;-1;-1;0;-1;1;-1;0;0;-3;2;-7;7;-19;7;-19;9;-19;10;-19;11;-18;11;-18;12;-18;13;-19;13;-19;14;-19;15;-19;15;-19;15;-19;16;-19;16;-18;16;-18;16;-19;16;-19;16;-19;16;-20;16;-20;16;-21;17;-22;17;-22;18;-23;18;-23;18;-23;18;-23,empty,EXP_S055,ZONE_01,sortie_zone,4.7,sortie_zone,sortie de la zone
9928179732,-65,6,a0:9f:7a:73:2b:3e,384,-110;-96;8;0;-12;32;-10;25;-7;18;-3;11;1;5;5;-1;9;-6;14;-9;18;-11;21;-12;23;-13;24;-12;25;-11;24;-9;22;-7;19;-5;15;-3;10;-3;6;-3;1;-3;-3;-4;-7;-5;-9;-7;-11;-9;-12;-10;-3;-3;0;0;0;0;0;0;0;0;0;0;0;0;0;0;0;0;0;0;1;-3;6;-11;2;-10;-3;-9;-8;-10;-14;-11;-19;-13;-23;-15;-26;-18;-28;-20;-29;-23;-28;-24;-26;-24;-23;-23;-20;-20;-17;-16;-14;-11;-11;-5;-9;2;-6;9;-4;17;-4;24;-4;30;-5;36;-6;40;-8;42;-9;43;112;0;-9;16;-9;16;-8;16;-8;15;-8;14;-8;13;-8;12;-8;12;-7;12;-7;12;-6;11;-6;11;-6;10;-7;10;-7;9;-7;9;-7;9;-7;8;-7;8;-7;7;-7;6;-7;6;-7;5;-7;5;-7;5;-7;4;-6;4;-6;3;-3;1;-1;0;0;-1;-1;-1;0;-1;0;1;0;3;2;9;1;9;0;9;-1;10;-1;10;-1;11;-2;11;-2;11;-2;11;-3;12;-3;12;-4;12;-5;13;-5;13;-5;13;-5;13;-5;13;-5;13;-6;13;-6;13;-7;14;-7;15;-7;15;-7;15;-7;15;-7;15;-7;15;-7;15;112;0;1;23;1;22;1;22;1;21;1;20;1;19;1;18;1;17;2;16;2;15;3;14;3;14;3;14;3;13;3;13;3;12;4;12;3;12;3;11;3;11;3;11;2;11;2;10;3;10;3;10;2;10;2;9;2;9;0;3;0;1;-1;-1;-1;-2;-1;-1;0;1;2;6;5;18;4;18;3;18;2;19;2;19;1;19;1;19;1;20;0;20;0;21;-1;21;-1;21;-1;21;-1;21;-1;21;-1;21;-1;21;-1;22;-1;22;-1;22;-1;22;0;23;0;23;1;24;1;24;1;25;1;25;1;25,empty,EXP_S055,ZONE_01,sortie_zone,4.7,sortie_zone,sortie de la zone
9928384540,-66,6,a0:9f:7a:73:2b:3e,384,-110;-96;8;0;17;-29;14;-23;11;-17;7;-10;3;-3;0;2;-4;8;-8;12;-10;16;-12;18;-14;20;-15;21;-16;21;-15;19;-14;17;-13;14;-11;11;-8;7;-5;3;-2;0;1;-2;4;-5;7;-7;9;-8;11;-9;2;-3;0;0;0;0;0;0;0;0;0;0;0;0;0;0;0;0;0;0;-2;-3;-8;-8;-7;-4;-6;1;-6;7;-6;13;-6;19;-6;24;-7;28;-7;31;-8;33;-8;33;-8;32;-7;30;-7;26;-5;21;-3;16;-1;9;1;2;4;-5;7;-12;10;-19;12;-25;14;-31;17;-35;18;-37;19;-39;98;0;11;-18;11;-17;10;-17;10;-16;10;-15;10;-14;9;-14;9;-14;8;-14;8;-13;7;-13;7;-12;7;-12;7;-11;7;-11;7;-11;7;-10;7;-10;6;-9;6;-8;6;-8;6;-7;6;-7;6;-7;5;-6;5;-6;5;-5;5;-5;2;-2;0;-1;-1;0;-1;0;-1;0;0;-2;0;-4;1;-11;2;-11;3;-11;4;-11;4;-11;5;-12;5;-12;5;-13;5;-13;6;-12;6;-12;7;-12;7;-13;7;-13;8;-13;8;-14;8;-13;8;-13;8;-14;9;-14;9;-15;10;-16;10;-16;10;-17;10;-17;10;-17;10;-17;10;-17;98;0;4;-20;3;-19;2;-19;2;-19;1;-18;1;-17;1;-16;0;-14;-1;-13;-1;-13;-2;-12;-2;-12;-2;-12;-2;-12;-2;-12;-3;-11;-3;-11;-3;-11;-3;-11;-3;-10;-3;-10;-3;-10;-4;-10;-4;-9;-4;-9;-4;-9;-3;-9;-3;-9;-1;-4;-1;-1;0;0;-1;1;-1;0;0;-2;0;-7;2;-18;2;-18;3;-18;4;-18;5;-17;5;-17;5;-17;5;-18;5;-18;6;-19;6;-19;7;-18;7;-18;7;-18;7;-18;6;-18;6;-18;6;-19;6;-19;6;-19;5;-19;5;-20;5;-20;4;-20;4;-21;4;-21;4;-21;4;-22,empty,EXP_S055,ZONE_01,sortie_zone,4.7,sortie_zone,sortie de la zone
9928576995,-66,6,a0:9f:7a:73:2b:3e,384,-110;-96;8;0;-41;5;-34;3;-26;2;-17;0;-9;-2;-1;-4;6;-6;13;-8;18;-9;22;-9;25;-8;27;-8;28;-8;27;-8;24;-7;22;-5;18;-4;13;-3;8;-2;3;0;-2;1;-7;1;-10;2;-13;2;-15;2;-4;0;0;0;0;0;0;0;0;0;0;0;0;0;0;0;0;0;0;0;-3;3;-8;11;-4;8;2;5;8;2;15;-1;21;-4;27;-6;31;-9;36;-10;39;-10;40;-10;38;-10;36;-10;31;-9;26;-9;19;-8;12;-6;4;-4;-5;-1;-14;1;-22;3;-31;5;-38;7;-44;8;-47;9;-49;9;103;0;-25;6;-25;6;-23;6;-22;5;-21;5;-20;4;-20;4;-20;4;-19;4;-18;5;-17;5;-16;5;-16;5;-16;4;-15;4;-15;4;-15;4;-14;4;-13;3;-12;3;-12;2;-12;2;-11;2;-11;2;-10;2;-10;2;-9;1;-9;1;-3;0;-1;0;0;-1;0;-1;0;-1;-2;0;-4;2;-12;6;-12;5;-13;4;-13;4;-14;4;-15;4;-16;4;-16;5;-16;5;-16;4;-16;3;-17;3;-18;2;-18;3;-19;3;-19;4;-19;4;-19;4;-19;4;-20;3;-21;3;-22;4;-23;5;-23;6;-23;6;-23;5;-23;5;-23;5;103;0;-19;9;-18;10;-17;11;-17;11;-16;11;-16;10;-14;10;-13;10;-11;10;-10;10;-9;10;-8;10;-8;10;-8;10;-7;9;-6;9;-6;9;-5;9;-5;10;-5;10;-5;10;-5;10;-5;10;-4;9;-4;9;-4;9;-4;9;-4;9;-2;3;-1;0;0;-1;1;-1;0;-1;-2;1;-7;3;-19;9;-19;8;-20;8;-20;7;-20;6;-20;6;-20;6;-20;6;-21;6;-22;6;-22;6;-22;5;-22;5;-21;5;-21;6;-21;6;-21;7;-21;7;-22;7;-22;7;-21;8;-21;9;-21;10;-21;10;-21;11;-22;11;-22;11;-22;11,empty,EXP_S055,ZONE_01,sortie_zone,4.7,sortie_zone,sortie de la zone
9928775115,-68,6,a0:9f:7a:73:2b:3e,384,-110;-96;8;0;-32;27;-28;23;-23;18;-18;11;-14;4;-10;-4;-8;-10;-6;-16;-6;-21;-6;-26;-7;-29;-7;-30;-7;-31;-7;-31;-7;-30;-7;-27;-6;-22;-4;-17;-3;-13;-1;-9;2;-4;5;0;7;4;10;8;11;10;3;2;0;0;0;0;0;0;0;0;0;0;0;0;0;0;0;0;0;0;-4;-2;-13;-5;-9;-3;-4;0;3;3;10;6;17;7;23;8;28;9;33;9;36;7;38;6;38;4;36;3;33;1;28;0;23;0;16;1;8;2;0;5;-8;8;-15;11;-22;15;-28;20;-33;25;-36;29;-37;31;73;0;-24;16;-23;16;-23;15;-22;15;-21;14;-20;14;-19;14;-19;14;-18;13;-17;13;-17;13;-16;12;-15;12;-15;11;-15;11;-15;11;-15;10;-15;10;-14;10;-14;9;-13;9;-12;8;-12;8;-11;8;-11;8;-11;7;-11;7;-11;6;-4;2;-2;0;0;-1;0;-1;0;-1;-1;1;-3;4;-9;11;-9;11;-10;10;-11;10;-12;10;-13;10;-13;10;-13;10;-14;11;-14;11;-15;11;-16;11;-16;11;-17;11;-17;11;-17;11;-17;12;-17;12;-18;13;-19;13;-20;13;-20;13;-21;14;-21;15;-22;15;-22;15;-23;16;-23;16;73;0;-14;12;-13;12;-12;12;-11;12;-10;11;-9;11;-8;11;-8;10;-7;10;-7;10;-6;10;-5;10;-4;10;-4;10;-4;10;-3;10;-3;11;-3;11;-3;11;-3;11;-3;11;-3;11;-3;10;-3;10;-3;10;-4;10;-4;10;-5;11;-2;4;-1;1;0;-1;0;-1;0;-1;-2;1;-4;4;-12;13;-13;13;-13;12;-14;11;-14;10;-15;10;-15;10;-15;10;-15;10;-16;10;-16;10;-16;10;-16;10;-16;10;-16;10;-16;10;-16;10;-16;10;-16;10;-16;10;-16;11;-16;11;-16;12;-16;12;-16;13;-16;13;-16;13;-16;13,transition,EXP_S055,ZONE_01,sortie_zone,4.7,sortie_zone,sortie de la zone
9928986586,-57,6,a0:9f:7a:73:2b:3e,384,-110;-96;8;0;-9;18;-3;14;3;11;9;8;14;7;19;6;24;5;26;6;28;6;29;6;29;7;28;8;26;8;23;8;20;7;16;6;13;3;9;0;7;-3;5;-7;3;-10;3;-14;3;-16;4;-18;5;-19;1;-5;0;0;0;0;0;0;0;0;0;0;0;0;0;0;0;0;0;0;-3;-1;-11;-1;-15;-2;-20;-3;-24;-5;-28;-8;-30;-11;-30;-15;-29;-17;-27;-19;-24;-19;-20;-17;-16;-14;-13;-10;-11;-4;-9;2;-8;8;-8;14;-9;20;-11;26;-13;30;-15;34;-17;36;-19;37;-19;37;-20;35;-19;33;-121;0;-15;-1;-15;-1;-14;-1;-14;-1;-13;-1;-13;-1;-13;-1;-13;0;-12;0;-11;1;-11;1;-11;1;-10;1;-11;1;-11;1;-11;1;-11;1;-10;1;-9;1;-9;1;-9;0;-9;0;-9;0;-9;0;-9;0;-8;0;-8;-1;-8;-1;-3;-1;-1;-1;0;-1;0;-1;0;-1;-2;0;-4;1;-11;2;-12;2;-12;1;-12;1;-13;0;-13;0;-13;0;-13;-1;-13;-2;-14;-2;-14;-3;-14;-3;-14;-3;-14;-3;-14;-3;-14;-3;-14;-3;-13;-4;-14;-4;-14;-3;-14;-3;-14;-3;-14;-2;-14;-2;-15;-2;-15;-3;-15;-3;-15;-3;-121;0;-3;26;-3;25;-3;25;-2;24;-2;23;-2;22;-1;22;-1;21;0;20;0;20;1;19;1;19;1;18;1;18;1;17;1;17;1;17;0;16;0;16;0;16;0;15;0;14;-1;14;-1;13;-1;13;-1;13;-2;13;-3;13;-1;4;-1;1;0;-1;-1;-1;0;-1;0;1;0;5;0;15;0;15;-1;15;-2;16;-2;16;-2;16;-2;17;-3;18;-3;18;-4;19;-4;19;-5;19;-5;19;-5;20;-5;20;-5;20;-5;21;-5;21;-5;21;-5;22;-4;22;-4;23;-4;24;-4;25;-4;25;-4;26;-3;26;-3;26,transition,EXP_S055,ZONE_01,sortie_zone,4.7,sortie_zone,sortie de la zone
9929174278,-57,6,a0:9f:7a:73:2b:3e,384,-110;-96;8;0;23;-3;19;-7;15;-12;12;-17;11;-22;11;-27;11;-30;13;-32;15;-33;16;-33;18;-32;19;-29;18;-27;17;-23;15;-21;11;-18;7;-17;3;-16;-1;-17;-4;-18;-6;-20;-7;-22;-7;-24;-6;-25;-5;-27;-2;-7;0;0;0;0;0;0;0;0;0;0;0;0;0;0;0;0;0;0;0;1;2;5;5;4;8;4;11;6;14;8;17;10;18;13;18;16;16;19;14;20;12;19;10;17;9;14;8;10;9;6;11;2;14;-2;18;-5;23;-8;28;-9;33;-9;37;-8;39;-6;40;-4;39;-2;38;-1;-107;0;1;12;1;12;1;11;0;11;0;11;0;11;0;10;1;10;1;10;1;9;1;9;0;9;0;9;0;9;0;9;0;9;0;8;0;8;-1;8;-1;7;-1;7;-1;7;-1;7;-1;6;-1;6;-2;5;-2;5;-2;5;-1;1;-1;0;0;-1;-1;-1;-1;-1;0;0;1;1;5;3;4;3;4;4;4;4;4;5;4;5;4;5;3;6;3;6;3;7;2;7;2;7;2;8;2;8;2;8;2;8;1;8;1;9;1;9;1;9;1;9;1;10;1;10;1;10;1;10;1;11;1;11;1;12;-107;0;30;-5;30;-6;29;-6;29;-6;28;-6;27;-6;27;-7;26;-7;26;-7;25;-7;25;-8;24;-8;24;-8;24;-8;23;-8;23;-8;23;-7;23;-7;22;-6;22;-6;21;-5;21;-5;20;-5;20;-4;19;-4;19;-3;19;-2;19;-1;6;-1;2;0;-1;0;-1;0;-1;-1;1;-1;4;-1;11;0;12;0;12;0;12;1;12;1;13;1;14;1;14;1;15;1;16;1;16;1;17;1;17;1;18;1;18;1;19;0;19;0;20;0;21;0;21;-1;22;-2;23;-2;24;-3;26;-4;27;-4;28;-5;29;-5;29;-5,transition,EXP_S055,ZONE_01,sortie_zone,4.7,sortie_zone,sortie de la zone
9929372463,-55,6,a0:9f:7a:73:2b:3e,384,-110;-96;8;0;14;-12;7;-8;-1;-4;-8;0;-14;4;-20;7;-25;9;-28;11;-31;11;-32;11;-33;11;-32;10;-29;8;-26;7;-22;5;-17;2;-11;1;-5;-1;1;-1;7;-2;12;-1;17;0;20;1;22;2;24;4;6;1;0;0;0;0;0;0;0;0;0;0;0;0;0;0;0;0;0;0;-1;2;-5;9;-6;12;-8;17;-10;21;-12;24;-13;26;-15;27;-15;27;-16;26;-15;24;-13;21;-10;17;-7;12;-2;8;2;3;8;-2;13;-6;17;-11;22;-16;26;-20;29;-23;32;-25;34;-27;34;-27;33;-26;31;-24;103;0;20;3;19;3;19;3;18;3;18;3;18;2;18;2;17;2;17;1;16;1;16;1;15;1;15;1;16;1;16;1;16;1;15;1;15;1;14;1;14;2;14;2;13;2;13;2;13;3;12;3;12;3;11;3;11;4;4;1;1;0;-1;-1;-1;0;-1;-1;1;-1;4;-1;11;-1;11;0;11;1;12;1;12;2;12;2;12;2;12;2;12;3;13;3;13;4;13;4;13;4;13;4;13;4;13;4;13;4;13;5;14;5;15;4;16;4;16;4;16;3;17;3;17;4;18;4;18;4;19;5;103;0;5;-23;5;-23;5;-23;4;-22;4;-21;4;-20;3;-19;2;-18;2;-18;1;-18;1;-18;1;-17;0;-17;0;-16;0;-16;0;-16;0;-15;0;-15;0;-15;0;-15;0;-14;0;-14;0;-13;0;-13;0;-13;1;-13;1;-13;2;-13;0;-5;0;-2;-1;0;-1;0;-1;0;0;-2;0;-5;1;-14;2;-14;3;-14;3;-14;3;-15;3;-15;4;-16;4;-16;5;-17;5;-17;5;-17;6;-17;6;-18;6;-18;6;-18;6;-19;6;-19;7;-19;7;-19;6;-20;6;-20;6;-21;6;-22;6;-23;6;-23;6;-24;6;-24;6;-24,transition,EXP_S055,ZONE_01,sortie_zone,4.7,sortie_zone,sortie de la zone
9929574580,-53,6,a0:9f:7a:73:2b:3e,384,-110;-96;8;0;0;-14;-5;-10;-10;-7;-15;-5;-19;-4;-22;-4;-25;-4;-26;-5;-27;-5;-26;-6;-25;-6;-23;-7;-21;-7;-18;-6;-14;-4;-11;-2;-9;1;-7;4;-5;7;-5;10;-5;12;-5;14;-6;16;-7;16;-8;17;-2;4;0;0;0;0;0;0;0;0;0;0;0;0;0;0;0;0;0;0;3;-1;14;-4;17;-3;21;-3;24;-1;26;1;28;3;27;5;26;7;24;7;20;7;17;6;14;3;11;-1;8;-5;6;-10;5;-15;5;-20;5;-24;6;-28;7;-31;8;-34;9;-35;10;-34;11;-33;11;-30;10;-28;-119;0;11;5;11;4;11;4;10;4;10;3;10;3;9;2;9;2;9;2;9;1;8;1;8;1;8;1;8;1;8;0;8;0;8;0;7;0;7;0;7;0;7;0;6;0;6;0;6;0;5;0;5;0;5;0;5;0;1;0;0;0;-1;-1;-1;-1;-1;-1;0;0;2;1;8;4;8;5;7;5;7;5;7;6;7;6;7;6;7;6;7;6;8;7;8;7;8;7;7;7;7;7;7;7;7;7;8;6;8;6;8;6;8;6;9;6;9;6;9;6;10;6;10;5;10;5;11;5;11;5;-119;0;0;-24;0;-23;0;-23;-1;-22;-2;-21;-2;-20;-3;-19;-3;-18;-4;-18;-4;-17;-5;-17;-5;-16;-6;-16;-6;-15;-6;-15;-6;-15;-6;-15;-6;-14;-6;-14;-6;-14;-6;-13;-6;-13;-5;-13;-5;-13;-5;-13;-4;-12;-4;-12;-3;-13;-1;-5;-1;-2;0;0;-1;0;-1;0;0;-2;0;-5;2;-14;3;-14;3;-15;4;-15;4;-15;4;-16;4;-16;4;-17;5;-18;5;-18;5;-18;6;-19;6;-19;6;-19;6;-19;6;-19;6;-20;5;-20;5;-20;5;-21;4;-21;4;-22;4;-22;3;-23;3;-23;2;-24;2;-24;2;-25,transition,EXP_S055,ZONE_01,sortie_zone,4.7,sortie_zone,sortie de la zone
9929772068,-55,6,a0:9f:7a:73:2b:3e,384,-110;-96;8;0;1;12;-2;4;-4;-3;-7;-10;-10;-15;-13;-19;-16;-23;-18;-25;-19;-25;-20;-25;-20;-24;-18;-23;-16;-21;-13;-18;-10;-14;-6;-11;-2;-7;1;-3;5;1;8;4;11;7;13;9;15;11;16;12;17;13;4;3;0;0;0;0;0;0;0;0;0;0;0;0;0;0;0;0;0;0;-1;-4;-2;-15;-1;-19;0;-23;0;-26;1;-28;2;-30;2;-30;3;-29;3;-27;2;-24;2;-19;1;-14;1;-8;0;-2;0;5;0;11;1;17;2;23;3;29;4;33;6;36;7;38;8;39;9;38;9;35;10;33;89;0;-14;16;-14;15;-14;15;-14;15;-14;14;-13;14;-13;14;-13;13;-12;13;-12;12;-12;12;-12;12;-12;11;-12;11;-12;11;-12;11;-12;10;-12;10;-12;9;-11;8;-11;8;-11;7;-11;7;-11;7;-11;6;-10;5;-10;5;-11;4;-4;1;-2;0;0;-1;0;-1;0;-1;-1;1;-1;4;-3;13;-4;13;-5;13;-6;13;-6;13;-7;13;-7;13;-8;13;-9;13;-9;13;-10;13;-11;13;-11;13;-11;12;-11;12;-11;12;-11;12;-11;12;-12;13;-12;13;-12;14;-13;14;-13;14;-13;14;-13;15;-14;15;-15;15;-15;16;89;0;16;8;16;8;16;9;15;9;15;8;14;8;13;7;13;7;12;6;12;6;11;6;11;6;11;5;11;5;10;5;10;5;10;5;10;5;10;5;10;5;9;5;9;5;8;5;8;5;8;5;8;6;8;6;7;7;2;2;0;0;-1;-1;-1;0;-1;-1;1;-1;3;-1;11;-1;10;-1;11;0;11;0;11;1;12;1;12;1;13;2;13;2;13;3;13;3;13;4;13;4;14;5;14;5;14;5;14;6;14;6;15;6;15;6;16;6;16;6;17;7;17;7;17;8;17;8;17;9;17;9,transition,EXP_S055,ZONE_01,sortie_zone,4.7,sortie_zone,sortie de la zone
9929976312,-55,6,a0:9f:7a:73:2b:3e,384,-110;-96;8;0;-7;-20;-2;-15;3;-11;9;-8;14;-6;19;-5;23;-5;26;-7;28;-8;28;-9;28;-10;27;-11;24;-11;22;-11;18;-10;15;-7;12;-4;9;0;7;3;5;7;4;10;3;13;3;15;3;17;3;18;1;4;0;0;0;0;0;0;0;0;0;0;0;0;0;0;0;0;0;0;-3;1;-12;4;-15;4;-19;3;-23;3;-26;3;-28;4;-29;5;-29;6;-28;6;-26;6;-23;5;-19;3;-15;1;-11;-2;-7;-6;-4;-10;-2;-15;-1;-21;-1;-26;-3;-32;-4;-36;-7;-38;-9;-40;-11;-40;-13;-38;-14;-36;63;0;-4;-26;-4;-26;-4;-25;-3;-24;-3;-23;-3;-23;-3;-23;-3;-22;-4;-21;-4;-21;-4;-20;-4;-20;-3;-19;-3;-19;-3;-19;-3;-19;-3;-18;-2;-17;-2;-17;-2;-16;-1;-15;-1;-15;-1;-14;-1;-14;0;-13;0;-13;1;-12;1;-12;0;-5;0;-2;0;0;0;0;0;0;-1;-2;-3;-5;-7;-14;-6;-15;-6;-16;-5;-16;-5;-17;-4;-17;-4;-18;-4;-18;-3;-18;-2;-19;-2;-19;-2;-20;-2;-20;-1;-20;-1;-20;-1;-20;-1;-20;-1;-21;-1;-21;-2;-22;-2;-23;-3;-23;-3;-23;-3;-24;-3;-24;-3;-25;-3;-25;-3;-26;63;0;-16;0;-16;0;-16;0;-16;0;-15;-1;-14;-1;-13;-1;-12;0;-12;0;-12;0;-12;0;-11;0;-11;0;-10;0;-9;0;-9;0;-9;1;-9;1;-9;1;-9;1;-9;0;-8;0;-8;0;-7;0;-7;0;-7;0;-8;0;-8;0;-3;0;-1;-1;0;-1;0;-1;0;-1;-1;0;-3;0;-8;2;-8;1;-8;1;-8;1;-8;1;-9;1;-9;1;-10;1;-11;1;-11;0;-11;0;-11;0;-11;0;-11;0;-12;0;-13;0;-13;0;-13;-1;-13;-1;-13;0;-13;0;-14;1;-15;1;-16;1;-16;1;-17;0;-17;0;-16;0,transition,EXP_S055,ZONE_01,sortie_zone,4.7,sortie_zone,sortie de la zone
9930172382,-52,6,a0:9f:7a:73:2b:3e,384,-110;-96;8;0;-13;8;-7;2;-2;-4;2;-9;6;-15;9;-19;10;-24;11;-27;11;-29;10;-30;10;-30;9;-29;8;-26;7;-23;6;-19;5;-14;4;-9;3;-3;2;2;1;7;1;11;1;15;1;18;0;20;0;21;0;5;0;0;0;0;0;0;0;0;0;0;0;0;0;0;0;0;0;0;2;-1;12;-4;15;-4;19;-3;23;-3;25;-2;28;-2;28;-1;28;-1;26;-1;24;-1;20;-1;15;0;9;0;3;1;-3;2;-9;4;-15;6;-20;8;-25;11;-29;14;-32;17;-34;19;-34;21;-33;22;-31;22;-29;21;78;0;-22;-3;-22;-3;-21;-3;-20;-3;-20;-3;-20;-3;-19;-3;-19;-2;-19;-2;-18;-1;-18;-1;-17;-1;-17;-1;-17;-1;-17;-2;-17;-1;-16;-1;-16;-2;-15;-2;-14;-2;-14;-3;-14;-3;-14;-3;-13;-3;-13;-3;-12;-3;-12;-4;-11;-4;-4;-2;-2;-1;0;0;0;-1;0;0;-2;0;-5;0;-14;1;-14;1;-15;0;-15;-1;-15;-1;-15;-1;-16;-2;-16;-2;-16;-3;-16;-4;-16;-4;-17;-4;-17;-4;-17;-4;-17;-4;-17;-4;-17;-5;-17;-5;-18;-5;-18;-5;-19;-4;-19;-4;-19;-3;-20;-3;-20;-3;-21;-4;-21;-4;-22;-4;78;0;-1;18;-1;18;-1;18;-1;17;-2;17;-1;16;-1;15;0;14;0;14;0;13;0;13;0;13;0;13;0;12;0;12;1;12;1;12;1;12;0;12;0;11;0;11;-1;11;-1;10;-1;10;-1;10;-1;10;-2;10;-2;10;-1;3;-1;1;-1;-1;-1;-1;-1;-1;0;1;0;3;2;9;1;9;1;9;1;9;1;10;1;10;1;11;0;12;0;12;0;13;-1;13;-1;13;-1;13;-1;14;-1;14;-1;14;-2;15;-2;15;-2;15;-2;15;-1;16;-1;16;-1;17;-1;18;-1;18;-1;19;-1;19;-1;18,transition,EXP_S055,ZONE_01,sortie_zone,4.7,sortie_zone,sortie de la zone
9930372582,-55,6,a0:9f:7a:73:2b:3e,384,-110;-96;8;0;2;-22;2;-14;3;-6;4;2;6;10;9;16;11;21;13;24;15;26;17;27;17;27;18;27;17;25;15;23;13;20;10;16;6;12;2;8;-2;4;-6;1;-10;-2;-13;-4;-16;-6;-18;-8;-20;-9;-5;-3;0;0;0;0;0;0;0;0;0;0;0;0;0;0;0;0;0;0;-2;2;-7;8;-11;9;-15;11;-19;12;-21;14;-24;15;-25;16;-25;16;-24;15;-23;14;-20;12;-16;10;-12;7;-8;3;-3;-2;0;-7;4;-12;7;-18;9;-24;10;-30;11;-34;10;-38;9;-41;8;-43;6;-42;5;-41;90;0;17;-17;16;-17;16;-17;15;-16;15;-16;14;-16;14;-15;13;-15;13;-15;12;-15;12;-15;11;-15;11;-15;11;-14;11;-14;11;-14;11;-14;11;-13;11;-12;10;-12;10;-11;10;-11;10;-11;10;-10;10;-10;10;-9;10;-8;10;-8;3;-3;1;-1;-1;0;-1;0;-1;0;0;-2;3;-5;9;-11;10;-11;11;-11;11;-10;12;-10;12;-10;12;-10;13;-10;13;-9;13;-9;14;-9;14;-9;14;-10;14;-10;14;-10;14;-10;14;-10;14;-10;15;-11;15;-11;15;-12;15;-13;16;-13;16;-14;16;-14;16;-15;16;-16;17;-16;90;0;-11;-17;-11;-17;-11;-17;-11;-16;-10;-16;-10;-15;-10;-14;-10;-14;-9;-13;-9;-13;-9;-12;-9;-12;-9;-11;-9;-11;-8;-11;-8;-10;-8;-10;-8;-10;-8;-10;-8;-9;-7;-9;-7;-9;-7;-9;-6;-8;-6;-8;-6;-8;-6;-9;-5;-9;-2;-4;-1;-1;0;0;0;0;0;0;-1;-1;-3;-3;-7;-8;-6;-8;-6;-8;-6;-9;-6;-9;-6;-9;-7;-10;-7;-10;-7;-11;-7;-11;-7;-12;-7;-12;-7;-12;-7;-12;-8;-13;-8;-13;-8;-14;-8;-14;-8;-15;-9;-15;-9;-15;-10;-15;-10;-16;-10;-16;-11;-17;-11;-17;-11;-17;-11;-18,transition,EXP_S055,ZONE_01,sortie_zone,4.7,sortie_zone,sortie de la zone
9930572247,-54,6,a0:9f:7a:73:2b:3e,384,-110;-96;8;0;12;3;4;4;-3;5;-9;8;-15;10;-18;13;-21;16;-23;19;-23;20;-23;21;-21;22;-19;21;-17;19;-15;16;-12;13;-10;9;-7;4;-5;0;-3;-5;-2;-9;-1;-13;0;-16;0;-18;0;-19;0;-20;0;-6;0;0;0;0;0;0;0;0;0;0;0;0;0;0;0;0;0;0;-3;-4;-10;-14;-11;-17;-12;-21;-13;-25;-13;-28;-13;-29;-13;-29;-12;-29;-11;-27;-9;-24;-6;-20;-3;-15;0;-10;4;-5;8;0;13;4;18;7;23;9;27;11;32;11;36;11;38;10;39;9;39;7;36;5;33;3;66;0;18;13;17;13;17;13;16;13;15;12;15;12;15;12;14;12;14;11;14;10;13;10;13;10;13;10;12;10;12;10;12;10;11;10;10;9;10;9;9;9;8;9;8;10;7;9;7;9;6;9;6;9;5;8;4;9;1;3;0;1;-1;-1;-2;-1;-1;-1;1;0;5;0;16;2;16;3;16;5;16;6;16;6;16;7;16;8;16;8;16;9;15;10;15;11;15;12;15;12;15;12;14;12;14;12;14;12;14;13;14;13;15;13;15;13;15;13;16;13;16;13;16;13;17;14;17;14;17;14;66;0;7;-17;7;-17;7;-17;8;-16;8;-15;7;-14;7;-13;6;-13;5;-13;5;-13;5;-13;5;-12;5;-12;5;-11;5;-11;4;-10;4;-10;4;-10;5;-10;5;-10;5;-9;5;-8;5;-8;4;-8;5;-8;5;-8;5;-7;6;-7;2;-3;0;-1;-1;0;0;0;-1;0;-1;-2;-1;-4;-1;-10;0;-10;0;-10;0;-10;0;-10;0;-11;1;-12;2;-12;2;-13;3;-13;3;-12;3;-12;3;-13;3;-13;4;-14;4;-14;5;-14;5;-14;5;-14;5;-14;5;-15;5;-15;5;-16;6;-17;7;-17;7;-17;7;-17;7;-17,transition,EXP_S055,ZONE_01,sortie_zone,4.7,sortie_zone,sortie de la zone
9930774028,-54,6,a0:9f:7a:73:2b:3e,384,-110;-96;8;0;-9;18;-6;11;-3;4;-1;-3;0;-10;1;-16;2;-21;2;-25;1;-28;1;-30;0;-31;0;-31;0;-29;-1;-27;-1;-24;0;-20;0;-16;1;-11;1;-5;2;-1;2;4;3;7;3;11;3;13;3;15;0;4;0;0;0;0;0;0;0;0;0;0;0;0;0;0;0;0;0;0;1;-3;7;-13;10;-14;14;-16;17;-17;20;-17;22;-18;23;-17;23;-16;22;-15;20;-13;17;-11;13;-8;9;-5;4;-1;-1;3;-5;7;-9;11;-13;15;-16;20;-18;25;-20;29;-20;32;-21;34;-20;35;-18;34;-17;34;85;0;-20;8;-20;8;-19;8;-18;7;-18;7;-18;7;-17;7;-17;7;-16;7;-15;8;-15;8;-14;7;-14;7;-14;7;-14;6;-14;6;-14;6;-13;6;-13;5;-12;5;-12;4;-12;4;-12;4;-11;3;-11;3;-11;3;-10;2;-10;2;-4;0;-1;0;0;-1;0;-1;0;-1;-2;0;-5;2;-13;7;-13;6;-14;6;-15;5;-15;5;-15;5;-15;5;-16;4;-16;3;-16;3;-17;3;-17;3;-17;3;-17;3;-17;3;-17;3;-17;3;-17;3;-17;3;-18;4;-18;4;-18;5;-18;5;-18;6;-19;6;-19;6;-20;6;-20;6;85;0;4;19;4;19;3;19;3;18;2;18;2;17;2;16;2;15;2;14;2;14;2;14;1;13;1;13;1;13;1;12;1;12;1;11;1;11;0;11;0;11;-1;10;-1;10;-1;9;-1;8;-1;8;-1;8;-1;8;-2;8;-1;3;-1;0;0;-1;-1;-1;-1;-1;0;0;2;2;6;6;5;6;5;6;5;6;5;7;5;7;6;8;6;9;6;10;5;11;5;11;4;11;5;12;5;12;5;13;5;14;4;14;4;14;4;15;4;15;5;15;5;16;5;17;5;18;5;18;4;19;4;19;4;19,transition,EXP_S055,ZONE_01,sortie_zone,4.7,sortie_zone,sortie de la zone
9930972432,-53,6,a0:9f:7a:73:2b:3e,384,-110;-96;8;0;18;15;11;11;5;7;-2;3;-9;0;-16;-2;-21;-4;-26;-4;-30;-4;-32;-4;-33;-4;-34;-3;-32;-3;-30;-3;-27;-3;-22;-3;-18;-4;-12;-4;-6;-5;-1;-5;3;-6;8;-6;11;-7;15;-7;16;-7;4;-2;0;0;0;0;0;0;0;0;0;0;0;0;0;0;0;0;0;0;-2;-3;-5;-12;-5;-16;-5;-20;-5;-23;-5;-26;-5;-29;-4;-30;-4;-30;-4;-29;-4;-27;-3;-24;-2;-19;-2;-14;0;-8;1;-2;3;3;6;9;10;14;13;19;17;24;21;27;25;29;28;30;30;30;31;28;31;27;88;0;10;21;10;20;9;20;9;19;9;19;8;18;8;18;9;18;9;17;9;17;9;16;8;16;8;15;7;15;7;15;7;15;7;15;7;15;6;14;6;14;5;13;4;13;4;13;3;13;3;12;3;12;2;11;1;11;0;4;0;1;-1;-1;-1;-1;-1;-1;0;1;2;4;7;12;6;12;5;13;5;13;5;14;5;14;5;14;5;14;4;15;4;15;4;16;3;16;3;17;4;17;4;16;4;16;4;16;4;16;4;17;5;18;6;18;6;18;7;18;7;18;7;19;7;19;7;20;7;21;88;0;19;-3;19;-3;19;-2;19;-2;18;-2;17;-1;16;-1;15;-1;15;-2;14;-2;14;-2;14;-2;14;-1;13;-1;12;-1;12;-1;11;-1;11;-1;11;-1;11;0;10;0;10;0;9;0;8;0;8;0;8;0;8;1;8;1;3;0;0;0;-1;0;-1;0;-1;0;0;-1;2;-3;7;-6;7;-6;8;-5;8;-5;8;-5;9;-5;10;-6;11;-5;12;-5;12;-5;12;-4;13;-4;13;-4;13;-4;14;-4;14;-4;15;-3;15;-3;16;-3;16;-3;16;-3;16;-4;17;-4;18;-4;19;-4;20;-3;20;-3;20;-2,transition,EXP_S055,ZONE_01,sortie_zone,4.7,sortie_zone,sortie de la zone
9931172449,-53,6,a0:9f:7a:73:2b:3e,384,-110;-96;8;0;12;17;7;10;3;4;-1;-3;-6;-9;-10;-14;-14;-19;-17;-22;-19;-25;-21;-26;-22;-27;-21;-27;-20;-26;-18;-25;-15;-22;-11;-19;-7;-15;-3;-10;1;-6;4;-1;7;4;9;8;11;11;12;15;12;17;3;4;0;0;0;0;0;0;0;0;0;0;0;0;0;0;0;0;0;0;-3;-3;-12;-12;-13;-15;-14;-20;-15;-24;-15;-26;-15;-28;-15;-29;-14;-29;-12;-28;-11;-25;-9;-21;-7;-16;-5;-10;-3;-3;-1;3;1;9;4;15;7;21;10;26;13;31;16;34;18;36;21;37;22;37;22;36;22;34;98;0;-3;21;-3;20;-3;20;-3;19;-3;19;-3;19;-2;18;-2;18;-1;18;-1;18;0;17;0;17;-1;17;-1;17;-1;17;-1;17;-2;17;-2;16;-2;16;-3;15;-3;15;-3;14;-4;14;-4;14;-4;13;-5;12;-5;12;-6;11;-2;4;-1;1;0;-1;0;-1;0;-1;0;1;-1;5;-2;14;-3;14;-4;15;-4;15;-5;15;-5;15;-5;15;-6;15;-7;15;-7;15;-8;15;-8;15;-7;15;-7;15;-7;15;-7;15;-7;15;-7;15;-7;15;-7;16;-6;16;-5;17;-5;17;-5;17;-5;18;-5;18;-5;19;-5;20;98;0;21;7;21;7;21;7;20;7;19;7;18;6;17;6;16;6;16;5;15;5;15;4;15;4;14;4;14;4;13;4;12;4;12;4;12;4;11;4;11;4;10;4;10;4;9;4;9;3;9;3;8;3;8;4;8;4;3;1;0;0;-1;-1;-1;0;-1;-1;1;-1;4;-1;11;-2;11;-2;11;-1;11;-1;12;-1;12;-1;13;0;14;0;15;1;15;2;15;2;16;2;16;3;16;3;17;3;17;4;18;4;18;5;18;5;18;4;19;4;20;4;21;5;21;5;22;6;22;6;22;6;22;7,transition,EXP_S055,ZONE_01,sortie_zone,4.7,sortie_zone,sortie de la zone
9931372686,-51,6,a0:9f:7a:73:2b:3e,384,-110;-96;8;0;19;6;12;4;5;3;-2;2;-9;1;-15;1;-20;2;-24;2;-27;3;-30;4;-31;4;-30;5;-29;5;-27;5;-24;4;-21;3;-16;1;-11;0;-6;-2;-1;-4;3;-5;7;-6;11;-7;14;-8;16;-9;4;-3;0;0;0;0;0;0;0;0;0;0;0;0;0;0;0;0;0;0;-3;-2;-9;-6;-11;-9;-13;-12;-14;-15;-16;-17;-17;-19;-17;-20;-17;-20;-16;-20;-15;-19;-13;-17;-10;-14;-7;-10;-4;-6;0;-2;4;2;9;5;14;8;19;10;23;12;28;14;31;14;34;14;35;14;35;13;34;12;92;0;12;16;11;16;11;15;11;15;10;15;10;14;10;14;11;14;11;13;11;12;11;12;10;12;10;12;10;12;10;12;10;12;10;12;9;11;9;11;8;11;8;11;7;11;7;11;7;11;6;10;6;10;5;10;5;10;1;3;0;1;-1;-1;-1;-1;-1;-1;0;0;2;3;7;8;7;9;6;9;6;10;6;10;6;11;6;11;6;11;6;12;5;12;5;13;5;13;5;13;6;13;6;13;6;13;6;13;6;14;6;14;6;14;7;14;8;15;8;15;9;15;9;15;9;15;10;16;10;16;92;0;17;-6;17;-6;17;-6;16;-6;16;-6;15;-5;15;-5;14;-5;13;-5;13;-6;13;-6;13;-5;12;-5;12;-5;12;-5;11;-4;11;-4;11;-4;11;-4;11;-4;11;-3;10;-3;10;-2;9;-2;9;-2;9;-2;9;-1;9;-1;3;-1;1;0;-1;0;-1;0;-1;0;0;-1;2;-3;6;-6;6;-6;6;-6;7;-6;7;-6;7;-6;8;-6;9;-6;9;-6;10;-6;10;-6;10;-5;11;-5;11;-5;12;-6;12;-6;13;-6;13;-5;13;-5;13;-6;14;-6;14;-6;15;-7;16;-7;16;-7;17;-7;17;-7;17;-7,transition,EXP_S055,ZONE_01,sortie_zone,4.7,sortie_zone,sortie de la zone
9931572426,-52,6,a0:9f:7a:73:2b:3e,384,-110;-96;8;0;-6;9;-6;3;-7;-4;-9;-10;-11;-15;-14;-19;-16;-21;-18;-23;-20;-23;-21;-23;-22;-22;-22;-20;-20;-18;-18;-16;-15;-14;-11;-11;-7;-9;-2;-7;2;-6;7;-4;10;-3;13;-3;16;-3;18;-3;19;-2;5;-1;0;0;0;0;0;0;0;0;0;0;0;0;0;0;0;0;0;0;4;-2;17;-5;20;-5;22;-4;24;-4;25;-3;25;-3;25;-3;23;-2;20;-1;17;0;13;1;8;2;3;4;-2;7;-6;10;-10;13;-13;17;-16;20;-18;25;-18;28;-18;31;-17;33;-15;33;-13;33;-11;31;-10;28;70;0;-20;10;-20;10;-20;9;-19;9;-19;9;-18;9;-18;8;-17;8;-17;9;-16;9;-16;9;-16;8;-16;8;-16;8;-15;8;-15;7;-15;7;-15;7;-15;6;-14;5;-14;5;-14;5;-14;4;-13;4;-13;3;-13;3;-12;2;-12;2;-5;0;-2;0;0;-1;0;-1;0;-1;-1;1;-4;3;-10;10;-11;10;-12;9;-12;9;-13;9;-13;8;-14;8;-15;8;-15;8;-16;7;-16;7;-17;7;-17;6;-17;6;-17;6;-17;6;-17;6;-17;6;-18;6;-18;6;-18;7;-19;7;-19;7;-19;8;-20;8;-20;8;-20;9;-21;9;70;0;11;11;11;11;10;11;10;11;9;11;9;11;8;10;8;10;8;10;8;9;7;9;7;9;7;9;6;8;6;8;6;8;6;8;5;8;5;8;4;8;4;8;3;8;3;7;3;7;2;7;2;7;2;7;1;7;0;2;0;0;-1;-1;-1;0;-1;0;0;-1;2;-1;7;-2;7;-1;7;-1;7;0;8;0;8;0;9;1;9;1;9;2;9;3;10;3;10;4;10;4;10;4;10;5;10;5;10;6;10;6;10;7;11;7;11;7;11;8;12;9;12;9;12;10;12;10;12;10;12;11,transition,EXP_S055,ZONE_01,sortie_zone,4.7,sortie_zone,sortie de la zone
9931772790,-48,6,a0:9f:7a:73:2b:3e,384,-110;-96;8;0;1;-10;6;-7;12;-4;17;-3;21;-3;25;-4;27;-5;28;-7;28;-9;27;-10;26;-11;24;-11;21;-10;18;-8;15;-6;12;-3;10;1;7;4;5;8;4;12;3;15;2;17;2;19;2;20;1;21;0;5;0;0;0;0;0;0;0;0;0;0;0;0;0;0;0;0;0;0;-5;2;-19;8;-21;9;-23;9;-24;10;-25;10;-24;10;-23;9;-21;8;-18;6;-15;4;-12;1;-8;-3;-5;-7;-3;-11;-1;-16;-1;-20;-1;-24;-2;-28;-3;-31;-6;-34;-8;-34;-10;-34;-12;-33;-12;-30;-12;-27;-11;-24;60;0;7;-22;7;-21;7;-21;7;-20;7;-20;7;-20;6;-20;6;-19;5;-19;5;-18;5;-18;5;-18;5;-18;6;-18;6;-17;6;-17;6;-17;6;-16;6;-16;7;-15;7;-15;7;-14;7;-14;7;-13;8;-13;8;-12;9;-12;9;-11;3;-4;1;-2;-1;0;0;0;-1;0;-1;-2;-1;-6;-3;-16;-2;-16;-1;-16;0;-16;1;-17;1;-17;2;-17;3;-17;4;-17;5;-18;5;-18;6;-18;6;-18;6;-17;6;-17;7;-17;7;-17;7;-17;7;-18;7;-18;7;-19;7;-19;7;-19;7;-20;7;-20;7;-20;8;-21;8;-22;60;0;-14;4;-15;3;-14;3;-14;2;-13;1;-12;1;-12;2;-11;2;-11;2;-11;2;-11;1;-11;1;-10;1;-10;0;-9;1;-9;0;-9;0;-9;0;-9;0;-9;-1;-9;-1;-8;-1;-8;-1;-7;-1;-7;-2;-7;-2;-7;-2;-7;-3;-3;-1;-1;-1;0;0;0;-1;0;-1;-1;0;-1;2;-3;6;-3;6;-4;6;-4;6;-5;6;-5;6;-6;7;-7;6;-7;6;-8;6;-8;6;-9;6;-9;6;-10;6;-10;6;-11;5;-11;5;-11;5;-11;4;-11;5;-12;5;-12;6;-13;6;-14;5;-14;5;-14;4;-14;4;-14;4,transition,EXP_S055,ZONE_01,sortie_zone,4.7,sortie_zone,sortie de la zone
9931976561,-50,6,a0:9f:7a:73:2b:3e,384,-110;-96;8;0;4;3;-1;-1;-7;-5;-12;-8;-17;-11;-21;-12;-24;-13;-27;-13;-29;-11;-29;-10;-30;-8;-29;-8;-26;-7;-23;-6;-19;-5;-14;-4;-10;-3;-4;-2;1;-2;6;-1;10;0;13;0;16;-1;19;0;21;0;5;0;0;0;0;0;0;0;0;0;0;0;0;0;0;0;0;0;0;0;-3;-4;-11;-15;-10;-18;-9;-21;-8;-23;-7;-25;-5;-25;-4;-24;-2;-23;0;-20;1;-16;2;-12;3;-7;5;-2;7;4;8;9;10;14;11;18;14;22;16;25;18;27;19;28;20;28;21;26;21;23;20;20;19;17;82;0;-9;36;-9;35;-9;35;-8;34;-8;33;-7;32;-6;32;-5;31;-5;30;-4;30;-4;29;-4;29;-5;29;-5;29;-5;29;-5;28;-5;28;-5;27;-6;27;-6;26;-7;25;-7;24;-8;24;-8;23;-9;23;-10;22;-11;21;-12;20;-5;7;-2;2;0;-1;-1;-2;-1;-1;1;3;3;10;8;28;6;29;4;30;2;31;1;31;-1;32;-2;32;-3;32;-5;33;-6;33;-8;33;-9;33;-10;33;-11;32;-11;31;-11;31;-11;31;-11;31;-11;31;-11;32;-11;32;-10;33;-10;33;-10;34;-10;34;-10;35;-11;35;-11;36;82;0;35;-11;35;-10;35;-9;35;-8;34;-7;33;-6;32;-6;31;-5;30;-5;29;-4;29;-4;28;-3;28;-3;28;-2;27;-1;27;0;26;0;26;1;25;2;24;3;23;4;22;5;21;5;20;6;19;7;19;8;18;9;17;9;6;3;1;1;-1;-1;-1;0;-1;0;0;-2;2;-4;7;-11;7;-11;8;-11;8;-11;9;-11;10;-12;11;-12;12;-12;13;-12;14;-12;15;-13;16;-13;17;-13;18;-13;19;-13;20;-13;21;-13;22;-13;23;-13;24;-13;25;-14;27;-14;28;-14;30;-14;31;-14;33;-13;34;-13;34;-13,transition,EXP_S055,ZONE_01,sortie_zone,4.7,sortie_zone,sortie de la zone
9932172243,-51,6,a0:9f:7a:73:2b:3e,384,-110;-96;8;0;0;-1;6;2;12;4;17;5;21;6;25;5;27;5;28;3;28;1;27;-1;26;-2;24;-3;20;-3;16;-4;12;-3;8;-3;3;-2;-1;-1;-6;0;-10;1;-13;2;-15;4;-16;5;-18;6;-18;7;-5;1;0;0;0;0;0;0;0;0;0;0;0;0;0;0;0;0;0;0;3;3;14;14;14;17;13;20;12;23;11;24;10;25;8;24;5;22;3;19;0;15;-2;10;-5;5;-8;0;-11;-6;-14;-11;-17;-15;-20;-18;-22;-21;-24;-23;-26;-24;-27;-24;-28;-23;-27;-21;-25;-18;-22;-14;-19;-12;87;0;0;-38;0;-37;0;-36;0;-35;-1;-33;-1;-32;-2;-31;-3;-30;-3;-29;-4;-27;-4;-26;-4;-26;-4;-25;-4;-25;-4;-25;-5;-25;-5;-24;-4;-23;-4;-22;-4;-22;-4;-21;-3;-21;-4;-20;-4;-20;-4;-19;-3;-19;-2;-19;-1;-18;-1;-7;0;-2;0;0;0;1;0;1;-2;-4;-5;-11;-14;-30;-12;-31;-11;-32;-9;-33;-8;-34;-6;-35;-5;-36;-4;-37;-2;-37;-1;-38;0;-39;1;-39;2;-38;2;-38;3;-37;4;-36;4;-36;5;-37;4;-37;4;-37;3;-38;3;-38;3;-38;3;-38;3;-39;3;-39;2;-40;2;-41;87;0;-26;26;-27;25;-27;24;-26;23;-26;22;-24;21;-24;21;-23;20;-23;20;-22;19;-22;19;-22;18;-21;17;-21;17;-20;17;-20;16;-20;16;-20;15;-20;14;-20;13;-20;12;-19;11;-19;10;-19;9;-19;9;-19;7;-19;6;-19;5;-7;1;-3;0;0;-1;0;-1;0;-1;-1;1;-2;4;-5;13;-6;13;-6;13;-6;13;-7;14;-8;15;-8;16;-9;17;-10;17;-11;17;-12;18;-12;18;-13;19;-14;20;-15;20;-16;20;-17;20;-18;20;-18;20;-18;21;-19;23;-20;24;-21;25;-22;25;-23;26;-24;26;-25;26;-25;26,transition,EXP_S055,ZONE_01,sortie_zone,4.7,sortie_zone,sortie de la zone
9932372680,-51,6,a0:9f:7a:73:2b:3e,384,-110;-96;8;0;-6;9;-4;3;-1;-4;0;-10;0;-15;0;-20;0;-23;-1;-26;-3;-28;-5;-28;-6;-29;-7;-28;-7;-26;-6;-23;-5;-20;-4;-16;-2;-12;0;-8;2;-3;4;1;6;5;8;8;10;10;12;13;12;15;3;3;0;0;0;0;0;0;0;0;0;0;0;0;0;0;0;0;0;0;3;-2;14;-8;17;-7;21;-6;23;-5;25;-4;26;-3;26;-2;24;-1;22;0;18;1;14;2;10;2;5;4;-1;5;-6;7;-11;9;-15;11;-18;14;-21;17;-23;20;-24;22;-23;24;-22;25;-20;26;-17;25;-15;24;76;0;-38;2;-37;2;-36;2;-35;2;-35;2;-34;2;-34;2;-33;3;-32;4;-31;4;-30;4;-30;4;-30;4;-30;3;-30;3;-30;3;-30;3;-29;2;-29;2;-28;1;-28;0;-27;-1;-27;-1;-27;-2;-26;-2;-26;-3;-25;-5;-24;-6;-9;-3;-3;-1;0;0;1;-2;1;-1;-3;2;-10;5;-29;15;-30;13;-31;11;-32;10;-33;8;-33;7;-34;5;-34;4;-35;2;-35;1;-35;-1;-35;-1;-35;-2;-34;-2;-34;-3;-33;-3;-33;-4;-33;-4;-33;-4;-34;-3;-34;-2;-34;-2;-35;-1;-35;-1;-36;-1;-37;-1;-37;-1;-37;-1;76;0;9;32;9;32;8;32;7;31;6;31;5;29;5;28;5;27;5;26;5;26;5;25;4;25;3;25;2;24;2;24;1;23;1;23;0;23;-1;22;-2;22;-3;21;-4;20;-4;19;-4;18;-5;17;-6;17;-7;17;-8;16;-3;5;-2;1;0;-1;-1;-1;-1;-1;1;0;4;3;11;9;11;10;10;10;10;11;10;11;10;12;11;13;11;14;11;15;11;16;10;17;10;17;10;18;11;18;11;19;10;20;10;21;10;22;10;22;10;23;11;24;12;25;12;26;12;28;12;29;11;30;11;31;11;31,transition,EXP_S055,ZONE_01,sortie_zone,4.7,sortie_zone,sortie de la zone
9932572247,-50,6,a0:9f:7a:73:2b:3e,384,-110;-96;8;0;14;3;10;-2;7;-7;5;-12;3;-17;2;-21;1;-25;1;-27;1;-29;1;-30;2;-30;3;-29;3;-27;4;-24;4;-21;3;-17;2;-13;0;-8;-3;-5;-6;-1;-9;1;-12;3;-15;4;-18;4;-20;3;-5;0;0;0;0;0;0;0;0;0;0;0;0;0;0;0;0;0;0;0;-1;3;-5;13;-7;14;-11;16;-14;16;-17;16;-18;15;-20;13;-19;11;-18;9;-15;7;-12;5;-7;4;-3;4;2;5;7;5;12;7;16;8;20;10;23;12;26;14;28;16;29;17;29;17;28;17;27;16;25;15;126;0;2;26;1;25;1;24;1;23;1;23;1;24;2;24;3;24;5;23;6;22;6;21;6;21;5;21;5;21;5;21;6;21;6;21;6;20;6;19;4;19;4;19;3;19;3;19;4;19;4;19;3;18;3;18;2;18;0;6;-1;2;-1;-1;-1;-2;0;-1;0;2;0;7;-1;20;-2;21;-3;21;-4;21;-5;21;-5;21;-6;21;-7;21;-8;21;-9;21;-10;21;-9;21;-9;21;-9;21;-9;20;-9;20;-9;20;-9;20;-8;21;-7;22;-6;22;-5;22;-4;22;-4;22;-4;22;-3;23;-3;25;-2;26;126;0;44;-12;44;-12;44;-11;43;-10;42;-9;40;-9;38;-9;36;-9;35;-10;34;-10;33;-10;33;-10;32;-9;31;-9;31;-8;30;-8;30;-8;30;-8;30;-7;29;-6;28;-4;27;-3;26;-3;25;-2;24;-2;23;-1;23;1;23;2;8;1;2;0;-1;0;-1;0;-1;0;1;-1;5;-4;15;-9;16;-9;16;-8;17;-8;18;-9;19;-9;21;-9;22;-9;24;-9;25;-8;26;-8;26;-8;27;-8;29;-9;30;-9;31;-8;32;-8;32;-8;33;-8;34;-9;35;-11;37;-12;38;-12;40;-12;42;-12;43;-12;44;-13;44;-13,transition,EXP_S055,ZONE_01,sortie_zone,4.7,sortie_zone,sortie de la zone
9932772657,-51,6,a0:9f:7a:73:2b:3e,384,-110;-96;8;0;-15;-6;-9;-2;-4;2;1;6;6;9;10;12;14;15;17;17;18;18;20;19;20;19;20;19;18;19;16;17;14;16;11;13;7;10;4;6;1;2;-2;-3;-4;-6;-5;-10;-6;-13;-7;-16;-7;-18;-2;-5;0;0;0;0;0;0;0;0;0;0;0;0;0;0;0;0;0;0;2;-2;11;-4;14;-4;18;-2;21;-1;23;1;24;3;24;4;23;5;21;6;18;6;14;5;10;3;6;1;1;-1;-4;-4;-9;-7;-13;-10;-17;-12;-21;-14;-25;-16;-27;-17;-29;-18;-30;-18;-31;-17;-30;-16;-28;-15;102;0;-7;-32;-7;-31;-7;-30;-7;-29;-7;-29;-7;-29;-7;-28;-8;-28;-9;-27;-10;-26;-10;-25;-10;-24;-10;-24;-10;-25;-10;-25;-10;-26;-10;-25;-10;-25;-9;-24;-8;-23;-7;-23;-7;-23;-7;-23;-7;-23;-7;-22;-6;-22;-5;-21;-4;-21;-2;-8;-1;-3;0;0;0;1;0;0;-1;-3;-3;-9;-7;-24;-5;-25;-4;-25;-3;-26;-2;-27;-1;-27;-1;-27;1;-27;2;-27;3;-27;3;-28;3;-28;3;-28;2;-27;2;-27;3;-26;3;-26;3;-26;3;-27;2;-28;1;-28;0;-29;0;-28;-1;-28;-2;-29;-2;-30;-3;-31;-3;-32;102;0;-40;7;-40;7;-40;6;-39;6;-38;5;-37;4;-35;4;-33;5;-32;5;-32;6;-31;6;-31;5;-30;5;-29;4;-28;4;-27;4;-27;4;-26;3;-26;3;-25;2;-24;1;-23;0;-22;0;-22;0;-21;0;-21;-1;-21;-2;-21;-3;-8;-1;-3;-1;0;-1;0;-1;0;-1;-2;0;-6;2;-17;7;-17;7;-17;6;-17;6;-18;6;-19;7;-21;7;-22;7;-23;6;-24;6;-25;5;-25;5;-26;5;-27;5;-28;5;-29;5;-30;5;-30;4;-31;4;-31;5;-33;6;-34;7;-36;7;-37;7;-39;7;-40;7;-40;7;-41;7,transition,EXP_S055,ZONE_01,sortie_zone,4.7,sortie_zone,sortie de la zone
9932972169,-50,6,a0:9f:7a:73:2b:3e,384,-110;-96;8;0;8;-4;2;-7;-4;-9;-9;-10;-14;-12;-18;-13;-21;-14;-24;-15;-25;-16;-25;-16;-25;-15;-23;-15;-21;-13;-18;-12;-15;-10;-11;-7;-8;-4;-4;0;-1;3;2;7;4;10;5;13;6;16;6;18;6;20;1;5;0;0;0;0;0;0;0;0;0;0;0;0;0;0;0;0;0;0;-3;3;-10;14;-13;15;-17;16;-20;15;-23;14;-24;13;-24;11;-23;9;-21;6;-17;4;-12;3;-7;2;-1;1;5;1;10;1;15;2;20;2;24;3;28;3;31;3;33;3;34;3;33;3;32;3;29;2;26;1;117;0;9;10;9;10;8;9;8;9;8;10;8;10;9;9;10;8;10;7;10;6;9;6;9;6;9;7;9;7;10;7;10;6;10;6;9;5;8;5;8;5;8;6;8;6;8;6;8;6;8;6;7;5;7;5;6;5;2;2;0;0;-1;-1;-1;-1;-1;-1;0;0;2;3;7;10;7;10;7;11;6;12;6;12;6;12;5;12;5;12;4;12;3;13;3;14;3;14;4;14;4;13;3;12;3;12;2;12;3;13;3;13;4;13;5;12;5;12;6;11;5;11;5;11;6;12;6;13;7;13;117;0;8;-19;9;-19;9;-19;9;-18;9;-18;8;-17;7;-16;6;-16;6;-16;5;-16;5;-16;5;-15;5;-15;5;-14;5;-14;4;-14;4;-14;4;-14;5;-14;5;-13;5;-13;5;-12;5;-11;4;-11;4;-11;5;-11;5;-11;6;-11;2;-4;0;-2;-1;0;-1;0;-1;0;0;-2;1;-4;3;-11;3;-10;3;-10;3;-10;3;-10;4;-11;5;-12;6;-12;6;-12;7;-12;7;-12;7;-12;7;-13;7;-14;7;-14;8;-14;9;-14;9;-14;8;-14;8;-14;8;-15;8;-17;8;-18;9;-18;9;-19;10;-19;9;-19;9;-19,transition,EXP_S055,ZONE_01,sortie_zone,4.7,sortie_zone,sortie de la zone
9933175279,-52,6,a0:9f:7a:73:2b:3e,384,-110;-96;8;0;-15;0;-9;3;-3;6;3;8;9;10;13;12;17;13;21;14;23;15;24;15;24;15;24;14;22;13;20;12;17;10;14;8;10;6;6;2;2;-1;-2;-4;-5;-7;-7;-10;-9;-13;-10;-15;-10;-17;-3;-5;0;0;0;0;0;0;0;0;0;0;0;0;0;0;0;0;0;0;3;-3;16;-11;20;-11;25;-10;29;-8;32;-6;33;-3;33;-1;31;1;28;2;23;3;18;3;11;2;5;0;-2;-2;-8;-5;-14;-7;-19;-9;-24;-11;-28;-12;-32;-13;-34;-13;-36;-13;-36;-13;-36;-12;-33;-10;-31;-9;113;0;-11;-12;-10;-12;-10;-11;-10;-11;-10;-11;-10;-11;-11;-10;-11;-9;-11;-8;-11;-7;-11;-7;-11;-7;-11;-7;-11;-7;-11;-7;-12;-7;-12;-6;-11;-6;-11;-6;-10;-6;-10;-6;-10;-6;-10;-6;-10;-5;-9;-5;-9;-5;-9;-5;-8;-5;-3;-2;-1;-1;0;0;0;0;0;0;-2;-2;-4;-6;-10;-15;-9;-16;-8;-17;-7;-18;-7;-18;-7;-18;-6;-18;-5;-18;-4;-18;-3;-18;-3;-19;-3;-19;-3;-18;-4;-18;-3;-17;-3;-16;-3;-16;-3;-16;-3;-16;-4;-16;-5;-16;-5;-15;-6;-14;-6;-14;-7;-14;-7;-14;-8;-14;-8;-14;113;0;-16;15;-16;15;-16;15;-16;15;-15;14;-14;14;-13;13;-12;13;-11;13;-11;13;-10;13;-10;13;-10;12;-10;12;-9;11;-9;11;-9;11;-8;11;-8;11;-8;10;-8;10;-8;9;-7;9;-7;8;-7;8;-7;8;-8;8;-8;8;-3;2;-1;0;0;-1;0;-1;0;-1;-1;1;-4;3;-10;9;-10;9;-10;8;-10;8;-10;8;-11;9;-12;9;-12;9;-13;9;-14;9;-14;9;-14;9;-14;9;-14;10;-14;10;-15;10;-15;10;-15;10;-15;10;-15;11;-15;12;-15;13;-16;14;-16;14;-17;15;-17;15;-17;15;-17;15,transition,EXP_S055,ZONE_01,sortie_zone,4.7,sortie_zone,sortie de la zone
9933383499,-49,6,a0:9f:7a:73:2b:3e,384,-110;-96;8;0;-1;-6;-7;-5;-13;-4;-18;-3;-22;-1;-26;0;-28;1;-29;2;-29;3;-28;3;-26;4;-24;4;-21;5;-17;5;-13;5;-9;4;-4;4;0;4;5;4;8;4;12;5;14;5;16;5;17;5;18;5;4;1;0;0;0;0;0;0;0;0;0;0;0;0;0;0;0;0;0;0;-2;3;-9;15;-12;17;-16;18;-19;18;-22;18;-23;17;-24;14;-23;12;-21;9;-17;5;-13;2;-7;0;-1;-2;5;-4;11;-6;17;-7;22;-8;26;-8;29;-9;32;-10;33;-10;33;-10;31;-10;29;-10;25;-9;21;-9;108;0;10;11;10;11;9;10;9;10;9;9;9;9;9;8;9;8;9;7;9;6;9;6;9;6;9;6;9;5;9;5;9;5;8;4;8;4;7;4;7;4;7;4;7;4;7;4;7;4;6;3;6;3;6;3;6;4;2;1;0;0;-1;-1;-1;-1;-1;-1;1;0;4;2;11;8;11;9;11;9;11;10;10;11;10;11;9;12;9;12;9;13;8;13;8;14;8;14;8;14;7;14;7;14;7;14;7;14;7;14;7;14;7;13;8;13;8;13;8;12;8;12;8;13;9;13;9;13;10;13;108;0;1;-21;2;-21;2;-21;2;-20;2;-19;1;-18;1;-18;0;-17;0;-17;-1;-17;-1;-17;0;-17;0;-16;-1;-16;-1;-16;-1;-15;-1;-15;-1;-15;0;-15;0;-14;0;-14;1;-13;1;-13;1;-12;1;-12;1;-12;2;-12;2;-12;0;-5;0;-2;-1;0;-1;0;-1;0;0;-2;0;-4;1;-11;1;-11;1;-11;1;-11;1;-11;2;-11;2;-12;2;-12;3;-13;3;-13;3;-13;3;-13;3;-13;3;-14;4;-14;4;-15;4;-15;4;-15;3;-15;3;-16;2;-17;2;-18;2;-19;2;-19;2;-20;3;-20;2;-20;2;-21,transition,EXP_S055,ZONE_01,sortie_zone,4.7,sortie_zone,sortie de la zone
9933572550,-49,6,a0:9f:7a:73:2b:3e,384,-110;-96;8;0;-4;-14;-3;-6;-2;1;0;8;1;14;3;20;4;24;5;27;6;29;6;30;6;30;6;29;5;27;4;23;2;19;1;15;0;10;-1;4;-2;-1;-2;-6;-2;-10;-2;-14;-2;-17;-1;-19;0;-21;0;-6;0;0;0;0;0;0;0;0;0;0;0;0;0;0;0;0;0;0;1;2;7;11;8;13;9;17;9;20;9;22;9;24;8;25;7;25;6;23;5;21;4;17;3;12;2;7;1;1;0;-5;-1;-11;-2;-17;-3;-22;-5;-27;-6;-32;-7;-35;-8;-38;-9;-38;-9;-38;-9;-36;-9;-33;96;0;10;-17;10;-17;9;-16;9;-15;9;-15;9;-15;9;-15;8;-15;7;-15;7;-15;7;-14;7;-14;7;-14;7;-14;7;-14;7;-13;7;-13;7;-13;6;-12;7;-11;7;-11;7;-10;7;-10;7;-10;7;-10;7;-9;7;-9;7;-8;2;-3;0;-1;-1;0;-1;0;-1;0;0;-2;1;-4;4;-11;4;-11;5;-11;6;-11;6;-11;6;-11;6;-11;7;-11;7;-11;8;-11;9;-11;9;-11;9;-12;9;-12;9;-11;9;-11;9;-11;10;-11;10;-12;10;-13;10;-13;9;-14;9;-14;9;-14;10;-15;10;-15;11;-16;11;-16;96;0;-19;-10;-19;-10;-18;-10;-18;-10;-17;-10;-16;-9;-16;-9;-15;-8;-15;-8;-15;-7;-14;-8;-14;-8;-14;-8;-13;-7;-13;-7;-12;-7;-12;-7;-12;-7;-12;-7;-11;-7;-11;-7;-10;-7;-9;-7;-9;-7;-9;-7;-8;-7;-8;-7;-8;-7;-3;-3;-1;-1;0;0;0;0;0;0;-2;0;-4;-1;-10;-1;-11;-2;-11;-2;-11;-2;-11;-3;-12;-3;-12;-3;-13;-4;-13;-4;-14;-5;-14;-6;-14;-6;-14;-7;-14;-7;-14;-7;-15;-8;-15;-8;-15;-8;-15;-8;-15;-8;-16;-8;-17;-8;-18;-8;-18;-9;-19;-9;-19;-10;-19;-10;-19;-11,transition,EXP_S055,ZONE_01,sortie_zone,4.7,sortie_zone,sortie de la zone
9933775769,-51,6,a0:9f:7a:73:2b:3e,384,-110;-96;8;0;-23;0;-16;1;-9;2;-2;3;5;4;11;5;16;6;20;6;24;7;26;8;28;8;28;9;28;8;26;8;24;7;21;7;17;6;12;5;7;3;2;1;-2;-2;-6;-4;-9;-7;-11;-10;-13;-11;-4;-3;0;0;0;0;0;0;0;0;0;0;0;0;0;0;0;0;0;0;1;-2;6;-7;9;-8;13;-9;17;-9;20;-9;23;-9;24;-8;25;-7;24;-6;23;-5;21;-4;17;-3;12;-3;7;-3;1;-3;-4;-3;-10;-3;-16;-3;-22;-3;-27;-3;-32;-3;-35;-3;-38;-3;-39;-3;-39;-3;-38;-3;108;0;-17;-8;-17;-8;-16;-7;-16;-7;-15;-6;-15;-6;-15;-6;-15;-5;-15;-4;-15;-3;-14;-3;-14;-3;-14;-3;-14;-3;-14;-3;-14;-2;-14;-2;-14;-2;-13;-2;-13;-2;-12;-2;-12;-2;-12;-2;-12;-2;-12;-2;-12;-2;-11;-2;-11;-2;-4;-1;-2;-1;0;0;0;0;0;0;-1;-1;-4;-3;-9;-8;-9;-8;-8;-9;-8;-9;-9;-9;-9;-9;-9;-9;-9;-9;-9;-10;-9;-10;-9;-11;-9;-11;-10;-11;-10;-11;-10;-10;-10;-10;-10;-10;-10;-10;-11;-11;-11;-11;-12;-10;-13;-10;-13;-10;-14;-9;-14;-9;-14;-9;-15;-10;-15;-10;108;0;-16;13;-16;14;-16;14;-16;14;-15;13;-15;13;-14;12;-13;12;-12;12;-11;12;-11;12;-11;12;-11;12;-11;11;-10;11;-10;10;-10;10;-10;10;-9;10;-10;9;-10;9;-9;8;-9;8;-8;7;-8;7;-8;7;-8;6;-9;6;-4;2;-1;0;0;-1;0;-1;0;-1;-1;0;-3;2;-7;6;-7;6;-8;6;-8;6;-8;6;-8;7;-9;7;-10;7;-10;7;-11;7;-12;7;-12;7;-12;8;-12;8;-13;8;-13;9;-14;9;-14;9;-14;9;-14;10;-14;10;-15;11;-15;12;-16;13;-16;13;-17;14;-17;14;-17;14,transition,EXP_S055,ZONE_01,sortie_zone,4.7,sortie_zone,sortie de la zone
9933974502,-51,6,a0:9f:7a:73:2b:3e,384,-110;-96;8;0;-21;10;-15;11;-10;13;-5;15;-1;18;3;20;6;23;8;25;9;27;9;29;9;30;8;31;7;30;6;29;4;27;3;24;2;20;2;15;3;11;5;7;7;3;10;0;13;-1;16;-2;18;-2;4;-1;0;0;0;0;0;0;0;0;0;0;0;0;0;0;0;0;0;0;-4;-2;-16;-9;-17;-13;-17;-18;-15;-22;-13;-25;-10;-26;-7;-26;-4;-25;-2;-22;-1;-18;-1;-14;-3;-10;-6;-5;-9;-2;-13;1;-17;4;-21;6;-25;8;-28;9;-31;10;-34;11;-35;10;-36;10;-36;10;-35;9;-34;9;-116;0;-8;-10;-8;-10;-8;-9;-8;-9;-8;-8;-8;-8;-8;-8;-9;-7;-9;-7;-9;-6;-9;-6;-9;-6;-9;-5;-9;-5;-9;-5;-10;-5;-10;-5;-10;-5;-10;-4;-10;-4;-9;-4;-9;-5;-9;-5;-9;-5;-9;-5;-9;-5;-9;-5;-9;-5;-3;-2;-1;-1;0;0;0;0;-1;0;-1;-2;-1;-6;-2;-15;-1;-15;0;-15;0;-15;1;-14;1;-14;1;-14;2;-14;2;-14;2;-13;2;-13;2;-13;2;-13;2;-12;2;-12;1;-11;1;-11;0;-11;0;-11;-1;-11;-2;-11;-2;-11;-3;-11;-3;-11;-4;-11;-4;-11;-5;-11;-5;-11;-116;0;-23;15;-23;15;-23;15;-23;14;-22;14;-21;14;-20;14;-19;14;-19;14;-18;13;-18;13;-18;13;-17;13;-17;12;-17;12;-17;12;-17;11;-17;11;-16;10;-16;10;-16;9;-15;8;-15;7;-15;7;-14;6;-14;6;-14;5;-14;4;-5;1;-2;0;0;-1;0;-1;0;-1;-1;0;-3;2;-9;5;-9;5;-9;5;-10;5;-10;6;-11;6;-12;7;-12;7;-13;7;-14;7;-14;7;-15;8;-16;8;-16;8;-17;8;-17;8;-17;9;-18;9;-18;10;-19;11;-19;11;-20;12;-20;13;-21;14;-22;14;-23;14;-23;15;-23;15,transition,EXP_S055,ZONE_01,sortie_zone,4.7,sortie_zone,sortie de la zone
9934172782,-51,6,a0:9f:7a:73:2b:3e,384,-110;-96;8;0;-13;6;-6;4;1;1;8;-2;14;-4;18;-7;22;-9;25;-11;27;-13;28;-14;27;-14;27;-14;25;-14;22;-13;18;-11;14;-9;10;-7;5;-4;0;-2;-5;0;-9;2;-13;3;-16;4;-18;5;-20;5;-6;1;0;0;0;0;0;0;0;0;0;0;0;0;0;0;0;0;0;0;2;-3;9;-9;12;-9;16;-8;20;-7;23;-6;24;-5;25;-4;24;-2;23;-1;20;0;16;1;12;2;6;2;1;2;-5;2;-10;3;-16;4;-21;4;-26;6;-30;7;-33;8;-35;9;-36;10;-35;10;-33;10;-31;10;93;0;-18;-6;-18;-6;-17;-6;-17;-6;-16;-6;-16;-5;-16;-5;-16;-4;-16;-4;-15;-4;-15;-4;-14;-4;-14;-4;-14;-4;-14;-4;-14;-4;-14;-4;-14;-4;-13;-4;-13;-4;-12;-4;-12;-4;-12;-4;-11;-4;-11;-5;-11;-5;-10;-5;-10;-6;-4;-2;-1;-1;0;0;0;0;0;0;-2;-1;-6;-1;-15;-3;-15;-4;-15;-5;-15;-6;-15;-6;-15;-7;-14;-7;-14;-7;-14;-8;-14;-8;-14;-9;-14;-9;-14;-9;-14;-9;-14;-8;-13;-8;-13;-8;-13;-8;-14;-8;-14;-8;-15;-8;-16;-7;-16;-7;-16;-7;-16;-7;-17;-8;-17;-8;-18;-8;93;0;-5;19;-5;19;-5;19;-5;19;-5;18;-5;17;-5;17;-5;16;-4;16;-4;16;-4;16;-4;16;-4;15;-4;15;-4;14;-4;14;-4;14;-5;13;-5;13;-5;13;-5;12;-6;12;-6;11;-6;10;-6;10;-6;9;-7;9;-7;9;-3;3;-1;0;0;-1;0;-1;0;-1;-1;0;-1;2;-2;7;-2;7;-2;7;-2;7;-2;7;-2;7;-2;8;-2;9;-3;9;-3;10;-3;10;-3;10;-3;10;-3;11;-3;11;-3;12;-4;12;-4;13;-4;13;-4;14;-4;14;-3;15;-3;16;-4;17;-4;18;-5;18;-5;19;-5;19,transition,EXP_S055,ZONE_01,sortie_zone,4.7,sortie_zone,sortie de la zone
9934373943,-51,6,a0:9f:7a:73:2b:3e,384,-110;-96;8;0;2;-13;-3;-9;-8;-4;-13;0;-18;3;-22;6;-25;8;-28;9;-30;10;-31;10;-31;10;-30;9;-28;8;-25;7;-21;6;-17;5;-12;4;-6;4;-1;5;4;6;8;7;12;8;14;10;16;12;17;14;4;3;0;0;0;0;0;0;0;0;0;0;0;0;0;0;0;0;0;0;2;2;10;9;11;13;11;17;10;21;8;23;7;25;5;26;3;25;1;22;-1;19;-1;14;-1;9;0;4;2;-1;4;-7;6;-12;8;-17;11;-21;13;-25;15;-28;16;-30;17;-32;18;-32;18;-31;16;-29;15;-28;116;0;30;-1;30;-1;29;-2;29;-2;28;-2;28;-2;28;-3;27;-4;26;-5;25;-6;25;-6;24;-6;24;-6;24;-6;24;-6;24;-6;23;-7;23;-6;22;-6;22;-5;21;-4;21;-4;21;-4;21;-4;20;-4;20;-3;19;-2;19;-1;6;-1;2;0;-1;0;-2;0;-1;-1;2;-1;9;-1;26;-1;26;1;26;3;27;4;27;5;27;6;26;6;26;7;26;8;26;9;26;9;26;9;26;9;25;9;25;8;25;8;24;8;24;8;25;8;26;7;26;6;27;5;27;4;28;4;28;3;29;3;30;2;31;2;116;0;-12;-46;-12;-46;-11;-45;-11;-44;-10;-42;-11;-41;-11;-39;-12;-38;-12;-38;-12;-37;-13;-37;-12;-36;-12;-36;-12;-35;-11;-35;-11;-34;-11;-34;-10;-34;-9;-34;-8;-33;-6;-33;-5;-31;-5;-30;-4;-29;-3;-29;-2;-29;-1;-29;1;-29;0;-11;0;-4;0;0;0;1;0;0;-1;-2;-2;-7;-6;-19;-5;-19;-5;-20;-5;-20;-5;-21;-5;-22;-5;-23;-5;-25;-5;-26;-4;-27;-4;-27;-4;-28;-4;-28;-5;-29;-5;-31;-5;-32;-5;-32;-5;-33;-6;-34;-7;-35;-8;-36;-9;-37;-10;-39;-10;-41;-10;-42;-11;-43;-11;-44;-12;-45,transition,EXP_S055,ZONE_01,sortie_zone,4.7,sortie_zone,sortie de la zone
9934572584,-50,6,a0:9f:7a:73:2b:3e,384,-110;-96;8;0;6;0;9;-6;12;-11;14;-16;16;-20;18;-22;18;-24;18;-26;18;-26;16;-25;15;-24;13;-22;11;-19;8;-16;5;-12;2;-8;-2;-5;-6;-2;-10;1;-14;3;-17;4;-20;5;-22;6;-23;6;-24;5;-7;1;0;0;0;0;0;0;0;0;0;0;0;0;0;0;0;0;0;0;-4;-3;-15;-13;-14;-16;-14;-20;-12;-22;-10;-23;-8;-23;-5;-22;-3;-20;-1;-16;0;-11;1;-6;1;0;0;5;-1;11;-3;16;-4;21;-6;25;-7;28;-7;30;-8;32;-8;32;-7;32;-7;30;-5;27;-4;23;-2;19;106;0;-16;-3;-15;-3;-15;-2;-15;-2;-15;-1;-14;-1;-14;-1;-14;0;-13;0;-13;0;-13;0;-12;1;-12;1;-12;1;-12;1;-12;2;-12;2;-12;1;-12;1;-12;1;-11;1;-11;1;-11;1;-11;1;-11;1;-11;0;-11;0;-11;0;-4;-1;-2;-1;0;-1;0;-1;0;0;-2;0;-6;0;-14;0;-14;-1;-14;-2;-14;-3;-14;-3;-15;-4;-15;-4;-15;-5;-15;-5;-15;-6;-14;-6;-14;-7;-14;-7;-14;-7;-14;-7;-13;-7;-13;-6;-13;-6;-13;-6;-14;-6;-14;-6;-14;-5;-15;-5;-15;-5;-15;-5;-16;-4;-16;-4;-16;-4;106;0;15;14;15;14;15;14;14;14;14;13;14;13;14;12;14;12;13;11;13;11;13;10;13;10;13;10;13;10;12;10;12;10;12;10;12;10;11;10;11;10;10;10;10;10;9;10;9;10;8;10;8;10;7;11;7;11;2;4;0;1;-1;-1;-1;-1;-1;-1;0;0;2;1;6;4;6;4;6;4;6;5;6;5;7;6;7;6;7;7;8;7;8;8;8;8;8;8;9;9;9;9;9;9;9;10;10;10;10;10;11;11;11;11;12;12;12;12;13;13;13;13;14;13;15;14;15;14;15;14,transition,EXP_S055,ZONE_01,sortie_zone,4.7,sortie_zone,sortie de la zone
9934773844,-49,6,a0:9f:7a:73:2b:3e,384,-110;-96;8;0;0;-10;-6;-11;-12;-12;-17;-13;-21;-14;-24;-16;-26;-16;-27;-16;-27;-16;-26;-15;-25;-14;-22;-13;-20;-11;-17;-9;-14;-6;-11;-3;-8;1;-5;5;-4;8;-2;12;-2;15;-2;17;-2;19;-2;20;-3;20;-1;5;0;0;0;0;0;0;0;0;0;0;0;0;0;0;0;0;0;0;1;4;5;20;3;23;0;26;-3;27;-6;28;-8;26;-10;24;-10;21;-9;17;-7;12;-4;7;0;3;5;-1;10;-4;15;-7;19;-9;24;-10;27;-11;30;-12;32;-12;33;-12;33;-11;32;-11;29;-11;24;-10;21;-10;117;0;5;13;5;12;5;12;5;11;5;11;6;11;6;10;6;9;6;9;7;8;7;7;7;7;7;7;7;7;7;7;7;6;7;6;7;6;6;6;6;6;6;6;6;6;6;5;6;5;6;5;5;5;5;5;5;5;1;2;0;0;-1;-1;-1;-1;-1;-1;0;1;1;4;4;13;3;13;2;13;2;13;1;13;1;13;1;14;0;14;0;14;0;14;-1;14;-1;14;-1;14;-1;14;-1;13;-1;13;-1;13;0;13;0;13;1;13;1;13;2;13;2;13;2;13;3;13;3;13;4;14;4;14;117;0;7;-23;7;-23;7;-22;6;-22;6;-21;5;-20;5;-20;4;-19;3;-19;3;-19;2;-18;2;-18;2;-18;2;-18;2;-17;2;-17;2;-17;2;-17;2;-16;2;-16;3;-15;3;-14;3;-14;3;-14;3;-13;3;-13;4;-12;4;-12;1;-5;0;-2;-1;0;-1;0;-1;0;0;-2;1;-4;4;-11;4;-11;5;-11;5;-11;5;-12;6;-12;6;-13;7;-13;7;-13;7;-14;7;-14;8;-14;8;-15;8;-15;8;-15;8;-16;8;-16;8;-16;8;-17;8;-17;8;-18;8;-19;8;-20;8;-20;8;-21;8;-22;7;-22;7;-23,transition,EXP_S055,ZONE_01,sortie_zone,4.7,sortie_zone,sortie de la zone
9934984793,-50,6,a0:9f:7a:73:2b:3e,384,-110;-96;8;0;7;11;9;8;13;4;16;1;18;-1;21;-3;24;-3;25;-4;26;-3;26;-3;26;-2;24;-1;22;0;20;1;16;1;12;0;9;-1;5;-4;2;-7;0;-10;-1;-13;-1;-16;0;-18;1;-20;3;-21;1;-6;0;0;0;0;0;0;0;0;0;0;0;0;0;0;0;0;0;0;-4;2;-17;10;-20;9;-23;7;-25;4;-25;1;-24;-1;-22;-3;-18;-3;-15;-3;-11;-1;-8;1;-5;5;-3;8;-2;12;-1;16;-1;19;-1;22;-1;25;-1;27;-1;28;-1;29;-1;29;-1;28;0;27;1;25;2;23;-122;0;-18;4;-18;3;-18;3;-18;3;-18;4;-18;5;-18;6;-18;7;-17;8;-16;8;-15;8;-16;7;-16;7;-17;8;-17;9;-17;10;-17;10;-16;10;-16;9;-16;8;-17;8;-17;8;-17;8;-17;8;-17;8;-16;7;-16;6;-16;5;-6;1;-2;0;0;-1;1;0;0;0;-3;-1;-9;-3;-23;-7;-23;-8;-23;-9;-23;-9;-22;-10;-21;-10;-20;-11;-19;-12;-19;-13;-19;-13;-19;-13;-18;-13;-17;-12;-16;-11;-15;-11;-14;-10;-14;-10;-15;-10;-16;-9;-16;-7;-16;-6;-16;-5;-16;-4;-16;-4;-17;-4;-18;-3;-19;-3;-19;-2;-122;0;28;33;28;33;28;33;27;32;26;30;26;29;25;27;25;25;25;24;25;24;24;23;24;23;23;22;23;22;23;21;23;20;23;20;22;20;21;20;20;21;19;20;18;20;17;19;16;19;15;19;14;20;13;21;11;22;4;8;0;2;-1;-1;-2;-1;-1;-1;1;1;5;5;15;14;15;14;15;15;15;16;16;17;17;18;17;19;17;20;17;22;17;22;18;23;18;24;18;25;18;26;18;27;18;27;19;28;19;28;20;28;21;29;23;29;24;30;25;31;26;32;26;33;27;33;27;34;28;34,transition,EXP_S055,ZONE_01,sortie_zone,4.7,sortie_zone,sortie de la zone
9935172448,-51,6,a0:9f:7a:73:2b:3e,384,-110;-96;8;0;12;6;9;1;6;-5;3;-10;1;-16;-1;-20;-1;-24;-1;-27;-1;-29;0;-30;1;-30;2;-29;3;-27;4;-24;4;-20;3;-16;2;-11;0;-6;-3;-2;-7;1;-10;4;-14;5;-17;6;-20;6;-21;5;-6;1;0;0;0;0;0;0;0;0;0;0;0;0;0;0;0;0;0;0;-3;2;-10;11;-12;11;-15;11;-18;11;-19;10;-20;9;-20;8;-19;6;-17;5;-14;4;-11;4;-8;4;-3;5;1;6;5;7;8;9;12;10;16;12;19;13;22;15;24;16;26;17;27;18;26;18;25;18;24;17;119;0;2;27;1;26;1;26;1;26;1;26;1;26;2;26;3;26;4;25;4;24;4;23;3;23;3;23;2;24;3;24;3;24;3;24;3;23;2;23;2;22;1;22;0;22;0;22;0;22;0;21;-1;20;-2;20;-3;19;-1;7;-1;2;-1;-1;0;-2;0;-1;-1;2;-3;6;-7;18;-8;18;-9;18;-10;18;-10;17;-10;17;-10;16;-10;16;-11;15;-11;15;-12;16;-11;16;-10;16;-10;16;-9;15;-8;15;-8;15;-8;16;-7;17;-6;19;-5;20;-4;20;-3;20;-3;20;-3;21;-3;23;-3;24;-2;26;119;0;42;-7;42;-7;42;-7;41;-6;39;-6;38;-6;36;-7;34;-7;33;-8;33;-8;32;-8;32;-8;31;-7;31;-7;30;-7;30;-7;30;-7;30;-6;30;-6;29;-5;28;-4;27;-3;26;-2;25;-2;25;-1;24;0;24;2;24;3;8;1;2;0;-1;-1;-2;0;-1;0;1;-1;6;-3;17;-7;17;-6;17;-6;18;-6;19;-6;20;-6;21;-6;23;-6;24;-6;25;-5;25;-5;26;-5;27;-5;28;-5;29;-4;30;-4;31;-4;31;-4;32;-4;33;-5;34;-6;36;-7;37;-7;39;-7;40;-7;41;-7;42;-6;42;-6,transition,EXP_S055,ZONE_01,sortie_zone,4.7,sortie_zone,sortie de la zone
9935372521,-49,6,a0:9f:7a:73:2b:3e,384,-110;-96;8;0;-7;18;-2;14;3;10;8;6;14;4;18;3;23;2;26;3;29;3;30;5;30;6;29;8;27;9;24;10;21;10;16;9;12;7;8;3;5;-1;3;-5;2;-9;1;-13;2;-16;4;-19;6;-21;1;-6;0;0;0;0;0;0;0;0;0;0;0;0;0;0;0;0;0;0;-4;0;-15;0;-17;-1;-20;-3;-21;-5;-22;-7;-22;-8;-22;-9;-20;-10;-19;-9;-17;-8;-15;-6;-13;-4;-11;-1;-10;3;-9;7;-8;11;-8;15;-7;20;-8;24;-9;27;-10;30;-10;33;-11;34;-12;34;-13;33;-13;32;-120;0;-14;-1;-14;-1;-14;-1;-14;-1;-14;-1;-13;-1;-13;0;-13;0;-13;0;-13;0;-13;0;-13;1;-13;1;-13;1;-13;1;-13;1;-13;1;-12;0;-12;0;-12;0;-12;0;-12;0;-11;0;-11;0;-11;-1;-11;-1;-11;-1;-11;-2;-4;-1;-2;-1;0;0;0;0;0;0;-1;-1;-3;-2;-8;-5;-7;-6;-7;-6;-7;-6;-7;-6;-7;-6;-7;-6;-7;-6;-7;-6;-7;-6;-7;-6;-7;-6;-7;-6;-7;-6;-7;-5;-7;-5;-8;-5;-8;-4;-9;-4;-9;-4;-10;-4;-10;-3;-11;-3;-11;-3;-12;-3;-12;-3;-13;-3;-13;-3;-120;0;-4;24;-4;24;-4;23;-4;22;-4;22;-3;21;-3;21;-3;20;-2;20;-2;19;-2;18;-2;18;-2;18;-2;17;-2;17;-2;17;-2;16;-2;16;-2;16;-3;15;-3;15;-3;14;-3;14;-3;13;-4;13;-4;12;-5;12;-5;12;-2;4;-1;1;0;-1;-1;-1;0;-1;0;1;0;3;0;10;0;10;0;11;-1;11;-1;12;-1;12;-1;13;-2;13;-2;14;-2;15;-3;15;-3;16;-4;16;-4;16;-4;17;-4;17;-4;18;-4;18;-4;19;-4;19;-4;20;-4;21;-4;21;-4;22;-4;23;-4;23;-4;24;-4;24,transition,EXP_S055,ZONE_01,sortie_zone,4.7,sortie_zone,sortie de la zone
9935572594,-51,6,a0:9f:7a:73:2b:3e,384,-110;-96;8;0;-11;-8;-12;-2;-13;4;-15;9;-16;14;-18;17;-20;20;-22;22;-23;22;-23;21;-23;20;-23;19;-22;16;-19;14;-16;11;-12;8;-8;6;-3;5;2;4;6;4;10;5;14;6;16;9;17;11;18;13;4;3;0;0;0;0;0;0;0;0;0;0;0;0;0;0;0;0;0;0;4;-3;17;-11;20;-10;23;-8;25;-6;25;-3;25;-1;23;1;20;1;17;1;13;1;8;-1;4;-4;0;-8;-3;-12;-6;-16;-8;-20;-10;-23;-11;-27;-13;-29;-14;-32;-14;-33;-14;-34;-13;-34;-12;-32;-12;-29;-11;-27;119;0;10;-10;10;-9;9;-9;9;-9;9;-9;9;-9;9;-10;8;-10;7;-11;7;-10;6;-10;6;-10;7;-10;7;-10;7;-11;6;-11;6;-11;6;-10;5;-10;6;-9;6;-9;6;-9;6;-9;6;-10;6;-9;6;-9;6;-9;6;-8;2;-3;0;-1;-1;0;-1;0;-1;0;1;-1;4;-2;11;-5;11;-5;12;-4;12;-4;12;-4;12;-3;11;-3;11;-2;12;-2;12;-2;12;-2;12;-2;11;-2;11;-2;11;-2;10;-2;10;-2;11;-2;11;-3;11;-4;11;-5;10;-5;10;-6;10;-6;10;-6;11;-6;11;-7;11;-8;119;0;-24;-10;-23;-10;-23;-10;-22;-10;-21;-10;-20;-9;-20;-8;-19;-8;-19;-7;-19;-7;-19;-7;-18;-7;-18;-7;-17;-7;-17;-7;-16;-7;-16;-7;-16;-7;-16;-7;-15;-7;-14;-8;-13;-8;-13;-7;-12;-7;-12;-7;-12;-8;-11;-8;-11;-9;-4;-4;-1;-2;0;0;0;0;0;0;-2;-1;-4;-1;-11;-2;-11;-3;-11;-3;-12;-3;-12;-3;-13;-4;-14;-4;-14;-5;-14;-5;-15;-6;-15;-6;-15;-7;-16;-7;-16;-7;-17;-8;-17;-8;-17;-9;-18;-9;-18;-9;-19;-8;-20;-8;-21;-8;-22;-9;-22;-9;-23;-10;-23;-10;-23;-10;-24;-10,transition,EXP_S055,ZONE_01,sortie_zone,4.7,sortie_zone,sortie de la zone
9935772146,-51,6,a0:9f:7a:73:2b:3e,384,-110;-96;8;0;3;-19;-2;-16;-7;-14;-12;-12;-17;-10;-22;-10;-26;-11;-29;-13;-30;-14;-31;-16;-31;-17;-29;-18;-26;-19;-23;-19;-19;-17;-15;-15;-11;-11;-8;-6;-6;-1;-6;4;-6;9;-8;12;-11;15;-14;17;-17;18;-5;4;0;0;0;0;0;0;0;0;0;0;0;0;0;0;0;0;0;0;4;-1;19;-3;21;0;22;2;22;5;21;7;20;8;18;8;15;7;13;5;11;3;10;0;9;-4;9;-8;9;-11;9;-15;10;-19;10;-22;11;-25;12;-27;12;-30;13;-32;14;-33;14;-33;15;-33;14;-32;14;-30;-117;0;12;1;12;1;11;1;12;1;12;1;12;1;12;0;12;0;12;-1;12;-1;12;-2;12;-2;12;-1;12;-1;13;-1;13;-2;13;-2;12;-2;12;-2;12;-1;12;-1;12;-1;12;-1;12;-1;12;-1;12;0;12;0;11;1;4;0;1;0;-1;0;-1;-1;-1;-1;0;0;2;3;6;8;6;8;5;9;5;9;4;9;4;8;4;8;3;8;3;8;3;8;3;8;4;8;4;7;4;7;4;6;4;6;4;6;4;6;5;6;6;5;7;4;7;4;7;3;8;3;8;3;9;3;10;3;11;3;-117;0;-1;-28;-1;-28;-1;-27;-1;-27;-1;-26;-1;-25;-1;-24;-1;-23;-2;-23;-2;-22;-2;-22;-2;-21;-2;-21;-2;-21;-1;-20;-1;-20;-1;-20;-1;-20;0;-19;0;-19;1;-18;1;-17;1;-17;2;-16;2;-15;3;-15;4;-15;4;-14;1;-5;0;-2;-1;0;0;0;0;0;-1;-1;-2;-4;-5;-10;-4;-10;-4;-11;-4;-11;-4;-12;-4;-13;-4;-14;-4;-15;-4;-15;-3;-16;-3;-17;-3;-17;-3;-18;-2;-19;-2;-19;-2;-20;-2;-20;-2;-21;-2;-21;-2;-22;-2;-23;-2;-24;-2;-25;-2;-26;-2;-26;-2;-27;-2;-28;-2;-28,transition,EXP_S055,ZONE_01,sortie_zone,4.7,sortie_zone,sortie de la zone
9935972318,-50,6,a0:9f:7a:73:2b:3e,384,-110;-96;8;0;14;12;13;7;13;1;13;-4;15;-8;16;-12;18;-15;20;-16;22;-18;23;-18;24;-17;25;-15;24;-12;23;-9;20;-7;17;-5;13;-3;8;-3;4;-5;0;-7;-3;-9;-5;-12;-6;-15;-6;-18;-5;-20;-1;-6;0;0;0;0;0;0;0;0;0;0;0;0;0;0;0;0;0;0;0;4;-1;17;-2;19;-5;20;-7;21;-9;22;-11;21;-12;20;-12;18;-11;16;-9;14;-6;13;-3;12;1;11;4;11;8;12;11;13;14;14;17;16;20;17;22;19;24;21;24;22;25;23;25;23;24;23;23;22;-117;0;-12;18;-12;18;-12;17;-12;17;-12;17;-12;18;-12;18;-11;19;-10;19;-8;19;-8;19;-8;18;-8;19;-9;19;-9;20;-9;20;-8;20;-8;19;-8;19;-8;18;-9;18;-9;18;-9;18;-9;18;-9;18;-9;17;-10;16;-10;15;-4;5;-2;1;0;-1;0;-1;0;-1;-2;0;-6;2;-16;6;-16;5;-17;5;-17;5;-17;4;-16;4;-16;4;-16;3;-16;2;-17;2;-17;2;-16;3;-16;4;-15;4;-14;4;-14;4;-14;4;-14;5;-15;6;-15;7;-14;9;-13;10;-13;11;-12;11;-13;12;-14;13;-14;14;-15;15;-117;0;43;26;43;26;42;25;40;25;39;24;37;22;36;21;35;20;34;18;34;18;33;17;32;17;31;16;31;16;30;15;29;15;29;15;28;15;27;15;26;15;25;15;23;15;22;15;21;15;20;15;19;15;18;16;17;17;6;6;1;2;-1;-1;-2;-1;-1;-1;2;0;8;2;24;6;24;7;24;8;24;9;25;10;26;11;27;12;27;14;28;15;28;16;29;17;29;18;30;18;30;19;31;20;32;21;33;21;33;22;34;22;35;22;36;22;38;23;39;23;41;24;42;25;43;25;43;26;44;26,transition,EXP_S055,ZONE_01,sortie_zone,4.7,sortie_zone,sortie de la zone
9936172455,-50,6,a0:9f:7a:73:2b:3e,384,-110;-96;8;0;3;-17;-2;-15;-7;-13;-12;-12;-16;-11;-20;-11;-23;-11;-25;-12;-26;-13;-26;-15;-26;-16;-24;-16;-22;-16;-19;-15;-16;-14;-13;-12;-10;-9;-8;-5;-6;-1;-6;3;-6;7;-8;10;-10;13;-12;14;-14;14;-4;3;0;0;0;0;0;0;0;0;0;0;0;0;0;0;0;0;0;0;4;-2;19;-5;21;-4;23;-1;25;1;25;4;24;6;23;7;20;7;17;7;14;5;12;2;10;-2;9;-6;8;-10;8;-14;8;-18;9;-22;10;-25;11;-28;12;-30;13;-32;14;-32;15;-32;15;-31;14;-29;13;-28;-114;0;22;5;21;5;20;5;19;5;20;5;21;4;21;3;21;2;21;0;20;-1;19;-2;19;-2;19;-2;20;-2;20;-2;21;-3;20;-3;19;-4;19;-3;18;-3;18;-2;18;-2;18;-2;18;-3;18;-3;18;-3;18;-2;18;-1;6;-1;1;0;-1;0;-1;-1;-1;-1;1;1;4;5;13;15;13;15;12;16;12;17;11;17;11;16;10;16;9;17;9;17;9;17;9;18;9;17;10;16;10;15;9;15;9;14;9;14;10;14;11;14;13;13;14;12;15;10;15;10;15;9;16;9;17;10;18;10;20;9;-114;0;0;-52;1;-52;1;-50;1;-49;1;-47;0;-45;-1;-43;-2;-41;-3;-40;-3;-39;-3;-38;-4;-37;-4;-37;-4;-36;-4;-35;-4;-34;-4;-33;-4;-33;-3;-32;-3;-32;-2;-30;-1;-29;-1;-28;-1;-27;0;-26;0;-26;1;-25;2;-25;1;-9;0;-3;0;0;0;1;0;0;-1;-3;-2;-9;-4;-25;-3;-26;-3;-26;-2;-27;-1;-28;-1;-30;0;-31;0;-33;1;-34;2;-35;3;-35;3;-36;4;-37;4;-38;5;-39;5;-40;5;-40;5;-41;5;-41;4;-42;3;-44;2;-46;2;-47;2;-49;2;-50;2;-51;2;-52;2;-53,transition,EXP_S055,ZONE_01,sortie_zone,4.7,sortie_zone,sortie de la zone
9936372677,-51,6,a0:9f:7a:73:2b:3e,384,-110;-96;8;0;10;16;11;10;12;4;15;-1;17;-5;20;-8;23;-11;25;-12;27;-13;28;-13;29;-12;29;-10;28;-8;25;-6;22;-4;18;-2;14;-2;9;-3;5;-5;1;-7;-2;-10;-4;-13;-5;-16;-5;-19;-4;-21;-1;-6;0;0;0;0;0;0;0;0;0;0;0;0;0;0;0;0;0;0;-2;3;-9;16;-12;17;-16;17;-19;17;-21;16;-23;15;-23;13;-23;10;-21;9;-18;7;-14;7;-10;8;-6;9;-2;11;2;13;5;16;8;19;11;22;13;25;14;28;15;31;15;33;15;34;14;33;13;32;12;31;-115;0;-12;5;-11;5;-11;5;-11;6;-10;6;-10;6;-10;6;-10;6;-9;6;-9;7;-8;7;-8;7;-8;7;-8;7;-8;7;-8;8;-8;8;-8;7;-8;7;-8;7;-8;7;-8;7;-8;7;-8;7;-8;7;-8;6;-8;6;-8;6;-3;2;-1;0;0;-1;0;-1;0;-1;-2;0;-4;0;-11;1;-11;0;-11;0;-11;-1;-11;-1;-11;-1;-11;-1;-11;-2;-11;-2;-11;-2;-11;-2;-11;-2;-11;-2;-10;-2;-10;-1;-10;-1;-10;-1;-10;-1;-10;0;-10;0;-11;1;-11;1;-11;1;-11;2;-11;3;-11;3;-11;4;-12;4;-115;0;14;22;14;21;14;21;14;20;13;19;13;19;13;18;13;17;13;16;12;16;12;15;12;15;12;14;12;14;11;14;11;13;11;13;10;13;10;13;9;13;9;12;8;12;8;12;7;12;7;12;6;12;6;12;5;12;1;4;0;1;-1;-1;-1;-1;-1;-1;1;0;3;3;9;8;9;9;9;10;9;10;9;11;9;12;9;12;9;13;9;14;9;14;9;15;9;15;9;16;10;16;10;16;10;17;10;17;10;17;11;18;11;18;12;19;12;19;13;20;13;20;14;20;14;21;15;21;15;21,transition,EXP_S055,ZONE_01,sortie_zone,4.7,sortie_zone,sortie de la zone
9936572532,-51,6,a0:9f:7a:73:2b:3e,384,-110;-96;8;0;-1;-17;-5;-12;-9;-7;-13;-3;-17;0;-21;2;-24;4;-27;4;-29;4;-30;4;-30;3;-30;2;-28;0;-25;-1;-22;-2;-17;-2;-13;-2;-8;0;-4;2;0;5;3;8;5;11;6;14;6;17;5;19;1;5;0;0;0;0;0;0;0;0;0;0;0;0;0;0;0;0;0;0;4;-1;18;-2;20;-1;23;2;24;4;25;7;24;9;23;11;20;11;17;10;15;8;12;5;9;1;7;-3;6;-7;5;-12;4;-16;4;-21;4;-25;4;-28;4;-31;5;-33;5;-35;5;-35;5;-34;5;-33;5;-31;-128;0;12;-1;12;-1;12;-2;12;-2;12;-2;12;-2;12;-2;12;-3;11;-3;11;-4;10;-4;10;-4;10;-4;11;-4;11;-4;11;-4;11;-4;10;-4;10;-4;10;-3;10;-3;10;-3;10;-3;10;-3;10;-3;10;-3;10;-2;10;-2;3;-1;1;-1;-1;0;-1;-1;-1;-1;1;0;4;0;11;2;11;3;11;3;10;4;10;4;10;4;10;5;9;5;9;5;9;5;9;5;9;5;9;5;9;5;8;4;8;4;8;4;9;4;9;4;9;3;10;2;10;2;10;2;10;1;11;1;11;1;12;0;12;0;-128;0;-5;-24;-5;-24;-5;-24;-5;-23;-5;-22;-5;-21;-5;-20;-5;-19;-5;-19;-5;-18;-5;-17;-5;-17;-5;-17;-5;-17;-5;-16;-5;-16;-4;-16;-4;-16;-4;-15;-3;-15;-3;-15;-3;-14;-2;-14;-2;-13;-2;-13;-1;-13;-1;-13;0;-13;0;-5;0;-2;0;0;0;0;0;0;-1;-2;-3;-4;-6;-11;-6;-12;-6;-12;-5;-13;-5;-13;-5;-13;-5;-14;-5;-15;-5;-16;-4;-16;-4;-17;-4;-17;-4;-17;-4;-18;-4;-18;-4;-19;-4;-19;-4;-19;-4;-20;-4;-20;-4;-21;-5;-21;-5;-22;-6;-23;-6;-23;-6;-24;-6;-24;-6;-24,transition,EXP_S055,ZONE_01,sortie_zone,4.7,sortie_zone,sortie de la zone
9936773589,-51,6,a0:9f:7a:73:2b:3e,384,-110;-96;8;0;2;-16;-2;-12;-7;-10;-11;-7;-15;-6;-19;-5;-23;-4;-25;-5;-27;-6;-28;-7;-27;-8;-26;-8;-24;-9;-22;-9;-18;-9;-15;-8;-11;-5;-8;-3;-5;1;-3;4;-2;8;-2;11;-2;14;-4;16;-5;18;-2;4;0;0;0;0;0;0;0;0;0;0;0;0;0;0;0;0;0;0;3;-1;16;0;18;1;20;4;22;6;22;9;21;11;19;12;17;12;15;11;12;9;10;6;9;2;8;-2;7;-6;7;-10;7;-14;8;-18;8;-22;9;-25;10;-27;11;-29;12;-30;13;-30;13;-30;12;-28;12;-27;-128;0;23;-2;22;-2;22;-2;21;-3;21;-3;21;-3;21;-4;21;-5;20;-6;19;-7;18;-7;18;-8;18;-8;19;-8;19;-8;19;-9;19;-9;18;-9;18;-8;17;-8;17;-7;17;-7;17;-8;17;-8;17;-8;16;-7;16;-6;16;-6;5;-2;1;-1;-1;0;-2;-1;-1;-1;2;0;6;2;18;8;18;9;17;10;17;11;17;11;16;11;16;11;15;12;15;12;15;12;15;12;15;11;15;11;15;10;14;9;14;9;14;9;14;9;16;8;17;7;18;6;18;5;18;4;19;4;19;3;20;3;21;2;22;2;-128;0;-10;-46;-10;-45;-10;-44;-9;-43;-10;-41;-10;-40;-10;-38;-11;-36;-11;-35;-11;-34;-12;-33;-12;-32;-12;-32;-11;-31;-11;-30;-11;-29;-11;-29;-10;-28;-10;-28;-9;-27;-9;-26;-8;-25;-7;-24;-7;-24;-6;-23;-6;-23;-5;-23;-4;-23;-2;-9;-1;-3;0;0;0;1;0;0;-1;-3;-3;-8;-7;-22;-7;-23;-6;-23;-5;-24;-5;-25;-5;-26;-5;-27;-5;-29;-5;-30;-4;-31;-4;-31;-4;-32;-4;-32;-4;-33;-4;-34;-3;-35;-3;-36;-3;-36;-4;-37;-5;-38;-6;-39;-7;-40;-8;-41;-8;-43;-9;-44;-9;-45;-9;-46;-10;-46,transition,EXP_S055,ZONE_01,sortie_zone,4.7,sortie_zone,sortie de la zone
9936973213,-51,6,a0:9f:7a:73:2b:3e,384,-110;-96;8;0;6;-14;1;-12;-4;-10;-9;-9;-14;-8;-18;-8;-21;-9;-24;-9;-25;-10;-26;-11;-26;-12;-24;-13;-22;-13;-20;-12;-16;-11;-13;-10;-9;-7;-6;-4;-4;0;-3;4;-2;8;-3;11;-4;14;-5;16;-7;17;-2;4;0;0;0;0;0;0;0;0;0;0;0;0;0;0;0;0;0;0;3;0;15;4;17;6;19;10;19;13;18;15;17;17;15;17;13;17;11;15;9;12;8;9;7;5;7;0;8;-4;9;-8;10;-12;11;-16;13;-19;15;-22;16;-24;18;-26;19;-27;20;-27;20;-26;18;-25;17;-23;-125;0;23;4;22;3;21;3;21;4;21;4;22;3;22;2;23;1;22;-1;21;-2;20;-2;20;-2;20;-2;21;-1;21;-2;21;-2;21;-3;20;-3;19;-2;18;-1;18;-1;19;0;19;-1;19;-1;18;-1;18;-1;17;0;17;1;6;0;1;0;-1;0;-2;-1;-1;-1;1;0;6;3;17;10;17;11;16;12;16;13;16;13;15;13;14;13;13;14;13;14;13;15;13;15;13;15;13;14;13;13;13;13;13;12;12;12;13;12;14;12;16;11;17;9;18;8;17;7;17;7;18;7;19;7;21;7;22;7;-125;0;1;-46;1;-46;1;-45;2;-44;2;-42;2;-40;1;-38;0;-37;-1;-35;-2;-34;-2;-34;-2;-33;-2;-33;-2;-32;-2;-31;-2;-30;-2;-30;-2;-29;-1;-29;0;-28;0;-27;1;-26;1;-25;1;-24;1;-24;2;-23;3;-23;3;-23;1;-8;0;-3;-1;0;0;1;0;0;-1;-3;-2;-9;-4;-23;-4;-24;-3;-24;-2;-24;-2;-25;-2;-27;-1;-28;-1;-29;0;-30;1;-31;2;-31;2;-32;2;-32;3;-33;3;-34;3;-35;4;-36;4;-36;3;-37;2;-38;2;-39;1;-41;1;-42;1;-43;1;-44;2;-45;2;-46;2;-47,transition,EXP_S055,ZONE_01,sortie_zone,4.7,sortie_zone,sortie de la zone
9937172341,-51,6,a0:9f:7a:73:2b:3e,384,-110;-96;8;0;-11;10;-5;10;1;9;6;10;11;10;15;12;19;13;21;14;22;15;22;16;22;17;20;18;18;18;15;17;12;15;9;12;6;8;4;4;3;-1;3;-5;4;-9;5;-12;6;-15;8;-17;10;-17;2;-5;0;0;0;0;0;0;0;0;0;0;0;0;0;0;0;0;0;0;-4;-3;-13;-11;-14;-14;-14;-17;-13;-20;-12;-22;-11;-23;-9;-23;-7;-21;-6;-19;-5;-16;-5;-12;-6;-8;-7;-4;-9;0;-12;3;-14;7;-17;10;-20;13;-22;15;-24;17;-26;18;-28;19;-28;19;-28;19;-26;18;-25;17;122;0;-18;-20;-17;-20;-17;-19;-17;-18;-17;-18;-18;-17;-18;-16;-18;-16;-18;-15;-18;-15;-18;-15;-18;-14;-18;-14;-19;-14;-18;-14;-18;-14;-18;-14;-18;-14;-18;-13;-17;-13;-17;-13;-16;-13;-16;-13;-16;-13;-15;-13;-14;-14;-14;-14;-13;-15;-5;-6;-2;-2;0;0;0;1;0;0;-2;-2;-4;-7;-10;-19;-9;-19;-8;-20;-7;-20;-6;-20;-6;-20;-5;-21;-5;-21;-5;-21;-5;-21;-4;-21;-4;-21;-4;-21;-4;-20;-4;-20;-5;-19;-5;-19;-6;-19;-7;-19;-8;-19;-9;-19;-10;-19;-11;-19;-12;-19;-13;-20;-14;-20;-14;-20;-15;-20;122;0;-29;35;-29;35;-28;34;-27;33;-26;32;-25;31;-24;31;-23;30;-22;29;-22;28;-21;27;-20;27;-19;26;-19;26;-19;25;-18;25;-18;24;-18;23;-18;22;-18;21;-18;20;-17;19;-17;18;-17;18;-18;17;-18;16;-19;15;-19;14;-7;4;-3;1;0;-1;0;-2;0;-1;-1;2;-3;7;-9;20;-10;20;-11;20;-12;21;-13;21;-14;22;-14;22;-15;23;-17;24;-18;24;-19;25;-20;25;-21;25;-21;25;-22;25;-22;26;-23;26;-23;27;-24;28;-24;29;-24;30;-25;31;-25;33;-26;33;-27;34;-28;35;-28;36;-29;36,transition,EXP_S055,ZONE_01,sortie_zone,4.7,sortie_zone,sortie de la zone
9937375480,-51,6,a0:9f:7a:73:2b:3e,384,-110;-96;8;0;-9;16;-3;13;3;10;9;9;14;8;19;8;24;8;26;9;28;10;29;11;29;13;27;14;25;15;22;15;18;13;14;11;10;8;6;4;4;-1;2;-6;2;-10;2;-14;4;-17;6;-19;8;-21;2;-6;0;0;0;0;0;0;0;0;0;0;0;0;0;0;0;0;0;0;-5;-2;-18;-6;-20;-8;-21;-11;-22;-14;-21;-17;-20;-18;-19;-19;-17;-18;-15;-17;-13;-14;-11;-11;-11;-6;-10;-2;-10;3;-11;7;-12;12;-14;16;-15;20;-17;23;-18;26;-20;29;-21;30;-22;30;-22;30;-22;29;-20;27;126;0;-28;-8;-27;-7;-27;-7;-26;-6;-26;-6;-26;-5;-26;-4;-26;-3;-26;-3;-26;-2;-25;-1;-25;-1;-25;-1;-25;-1;-26;0;-26;0;-25;0;-25;1;-24;0;-24;0;-24;-1;-24;-1;-23;-1;-23;-1;-23;-1;-22;-1;-22;-2;-21;-3;-8;-2;-3;-1;0;-1;1;0;0;0;-2;-2;-6;-6;-16;-16;-15;-17;-15;-17;-14;-18;-14;-18;-13;-18;-13;-18;-12;-18;-12;-18;-12;-19;-12;-19;-12;-18;-13;-17;-13;-17;-13;-16;-13;-15;-13;-15;-13;-15;-15;-15;-16;-14;-17;-13;-19;-12;-19;-11;-20;-11;-21;-11;-23;-11;-24;-11;-25;-11;126;0;-10;51;-10;50;-9;49;-9;48;-8;46;-8;44;-7;43;-6;41;-5;40;-3;39;-3;38;-3;37;-2;37;-2;36;-2;35;-2;34;-2;33;-2;33;-3;32;-3;31;-4;30;-4;29;-4;28;-4;27;-5;26;-5;26;-7;25;-8;25;-3;9;-2;2;0;-1;0;-2;0;-1;0;2;-1;8;-2;24;-2;25;-3;25;-4;26;-5;27;-5;28;-6;30;-7;31;-8;32;-9;33;-9;33;-10;34;-10;35;-10;36;-10;37;-11;37;-11;38;-11;39;-11;40;-10;41;-10;42;-10;44;-10;46;-10;48;-10;49;-10;50;-9;51;-9;51,transition,EXP_S055,ZONE_01,sortie_zone,4.7,sortie_zone,sortie de la zone
9937577141,-50,6,a0:9f:7a:73:2b:3e,384,-110;-96;8;0;9;14;9;8;11;2;12;-3;14;-7;17;-10;19;-13;22;-14;23;-15;24;-15;25;-14;25;-12;24;-10;22;-8;19;-6;15;-4;11;-3;7;-3;2;-5;-1;-7;-4;-9;-6;-11;-8;-14;-8;-17;-7;-19;-2;-5;0;0;0;0;0;0;0;0;0;0;0;0;0;0;0;0;0;0;-3;3;-10;13;-13;13;-16;14;-19;13;-20;12;-21;11;-21;9;-20;7;-19;6;-16;5;-13;5;-9;6;-5;7;-2;10;2;12;4;15;7;17;10;20;12;23;13;25;14;28;14;29;14;30;13;30;13;29;12;28;125;0;-17;17;-17;17;-16;17;-15;17;-14;17;-14;17;-13;18;-12;18;-12;18;-11;18;-10;17;-10;17;-10;17;-10;18;-10;18;-10;19;-9;19;-9;18;-9;18;-9;17;-9;17;-10;17;-10;17;-10;17;-9;16;-10;16;-10;15;-11;14;-4;5;-2;1;0;-1;1;-1;0;-1;-2;0;-7;2;-18;5;-19;5;-19;4;-19;3;-19;3;-19;3;-19;3;-19;2;-19;2;-19;2;-19;2;-19;2;-18;3;-18;3;-17;3;-17;3;-16;4;-17;4;-17;5;-17;7;-17;8;-17;9;-17;10;-17;10;-17;11;-18;12;-19;12;-19;13;125;0;38;27;38;27;37;27;36;26;35;24;34;23;33;22;32;20;32;19;31;18;30;17;30;17;29;16;28;16;28;15;27;15;27;15;26;15;25;15;25;15;23;15;22;15;21;14;20;14;19;14;18;15;18;16;17;16;6;6;1;2;-1;-1;-2;-1;-1;-1;2;0;7;3;20;11;20;11;19;12;20;13;20;14;21;15;22;16;22;17;23;18;23;19;24;20;24;20;25;21;25;22;26;22;26;23;27;24;27;24;28;24;30;24;31;25;32;25;34;26;35;26;36;27;37;28;38;28;38;28,transition,EXP_S055,ZONE_01,sortie_zone,4.7,sortie_zone,sortie de la zone
9937772367,-50,6,a0:9f:7a:73:2b:3e,384,-110;-96;8;0;4;14;7;8;10;3;13;-1;17;-5;20;-7;23;-9;25;-10;27;-10;28;-10;28;-9;27;-7;25;-5;23;-4;19;-3;15;-2;11;-2;6;-3;2;-5;-2;-7;-5;-10;-7;-13;-8;-15;-8;-18;-7;-20;-2;-6;0;0;0;0;0;0;0;0;0;0;0;0;0;0;0;0;0;0;-4;1;-16;6;-19;5;-22;4;-24;2;-25;0;-25;-2;-24;-4;-22;-5;-19;-5;-16;-4;-13;-2;-10;1;-7;4;-4;8;-2;12;-1;16;0;20;2;23;2;27;3;30;3;32;2;33;2;34;2;33;1;32;1;30;-126;0;-13;4;-12;4;-12;4;-12;4;-12;4;-12;4;-12;5;-11;5;-11;6;-10;6;-10;6;-10;6;-10;6;-10;6;-10;6;-10;6;-10;6;-9;6;-9;6;-9;5;-9;5;-9;5;-9;5;-9;5;-9;5;-9;4;-9;4;-9;3;-4;1;-1;0;0;-1;0;-1;0;0;-2;0;-4;0;-11;-1;-11;-1;-11;-2;-11;-2;-11;-2;-11;-2;-10;-3;-10;-3;-10;-4;-10;-4;-11;-4;-11;-3;-11;-3;-10;-3;-10;-2;-10;-2;-10;-2;-10;-2;-10;-2;-11;-1;-11;0;-11;1;-11;1;-11;1;-11;2;-12;2;-12;2;-13;2;-126;0;13;20;13;19;12;19;12;18;11;18;11;17;11;16;11;15;11;15;11;14;11;14;10;14;10;13;10;13;10;12;9;12;9;12;9;12;9;12;8;12;7;12;7;11;6;11;6;11;6;11;5;11;5;11;4;11;1;4;0;1;-1;-1;-1;-1;-1;-1;0;0;2;2;7;8;7;8;7;8;7;9;7;9;7;10;8;11;8;12;8;12;7;13;7;13;8;13;8;14;8;14;8;15;8;15;8;16;9;16;9;16;9;16;10;16;11;17;11;18;12;18;12;19;12;19;13;20;13;20,transition,EXP_S055,ZONE_01,sortie_zone,4.7,sortie_zone,sortie de la zone
9937972901,-51,6,a0:9f:7a:73:2b:3e,384,-110;-96;8;0;-11;-13;-11;-7;-12;0;-14;6;-15;11;-18;15;-20;18;-22;20;-23;21;-24;21;-25;20;-25;18;-24;16;-22;13;-19;10;-15;8;-11;6;-5;4;0;4;4;5;8;6;11;8;14;10;15;13;15;15;3;4;0;0;0;0;0;0;0;0;0;0;0;0;0;0;0;0;0;0;3;-4;14;-13;17;-13;21;-12;23;-11;25;-9;26;-7;25;-5;23;-3;20;-2;17;-2;13;-3;8;-5;4;-8;0;-10;-4;-14;-7;-17;-9;-21;-12;-24;-14;-27;-15;-30;-16;-32;-16;-34;-16;-34;-16;-34;-15;-32;-14;-30;-126;0;11;-9;11;-9;11;-9;10;-8;10;-9;10;-9;10;-9;9;-10;9;-10;8;-10;8;-10;8;-10;8;-10;7;-10;7;-10;7;-10;7;-10;7;-10;7;-9;7;-9;7;-9;7;-9;7;-9;7;-9;7;-8;7;-8;7;-8;7;-7;2;-3;0;-1;-1;0;-1;0;-1;0;1;-1;4;-2;11;-3;11;-3;11;-2;11;-2;11;-1;11;-1;11;-1;11;0;11;0;11;0;11;0;11;0;11;0;10;0;10;-1;10;-1;10;-1;10;-2;10;-2;10;-3;10;-3;10;-4;10;-5;10;-5;11;-6;11;-6;11;-6;11;-7;-126;0;-20;-18;-19;-18;-19;-17;-18;-17;-18;-16;-17;-15;-17;-14;-17;-14;-17;-13;-16;-12;-16;-12;-16;-11;-16;-11;-15;-11;-15;-11;-15;-11;-14;-11;-14;-11;-13;-11;-13;-10;-12;-10;-12;-10;-11;-10;-11;-10;-10;-10;-10;-10;-9;-10;-9;-10;-3;-4;-1;-2;0;0;0;0;0;0;-2;-1;-4;-3;-11;-7;-11;-8;-11;-8;-11;-9;-11;-9;-11;-10;-12;-10;-12;-11;-12;-12;-12;-12;-13;-13;-13;-13;-13;-14;-13;-14;-13;-14;-14;-15;-14;-15;-14;-15;-15;-15;-15;-15;-16;-16;-17;-16;-18;-16;-18;-17;-19;-17;-19;-17;-20;-18;-20;-18,transition,EXP_S055,ZONE_01,sortie_zone,4.7,sortie_zone,sortie de la zone
9938172327,-50,6,a0:9f:7a:73:2b:3e,384,-110;-96;8;0;5;14;6;8;9;2;11;-3;14;-8;17;-12;20;-15;22;-16;24;-17;25;-17;26;-16;25;-14;24;-12;22;-10;19;-7;15;-5;10;-4;5;-3;0;-4;-4;-5;-8;-6;-11;-9;-14;-11;-15;-14;-15;-16;-4;-5;0;0;0;0;0;0;0;0;0;0;0;0;0;0;0;0;0;0;-5;1;-18;4;-20;3;-23;1;-25;-1;-26;-4;-26;-5;-25;-7;-23;-7;-20;-7;-17;-6;-13;-3;-10;0;-7;3;-5;7;-2;11;-1;15;1;19;2;23;4;27;4;30;5;32;5;34;5;34;4;34;4;32;3;31;119;0;-12;7;-11;7;-11;7;-11;7;-11;7;-11;7;-10;8;-10;8;-9;8;-9;8;-8;8;-8;8;-9;8;-9;8;-9;9;-9;9;-9;9;-8;9;-8;8;-8;8;-8;7;-9;7;-9;7;-8;7;-8;7;-8;7;-8;6;-8;6;-3;2;-1;0;0;-1;0;-1;0;0;-2;0;-4;0;-11;2;-12;1;-12;1;-12;0;-12;0;-12;0;-11;0;-11;-1;-11;-1;-12;-1;-12;-1;-12;-1;-12;0;-11;0;-11;0;-10;0;-10;0;-10;0;-11;0;-11;1;-11;2;-11;3;-11;3;-11;4;-11;4;-12;4;-12;5;-13;5;119;0;16;17;16;17;16;16;15;16;14;15;14;15;13;14;13;13;13;12;13;12;13;11;13;11;12;11;12;11;11;10;11;10;11;10;11;10;11;10;10;10;9;10;9;9;8;9;8;9;8;9;7;9;7;9;6;10;2;3;0;1;-1;-1;-1;-1;-1;-1;1;0;3;2;9;6;9;7;8;7;8;7;9;8;9;8;10;9;10;10;10;11;10;11;10;12;10;12;10;12;11;12;11;13;11;13;11;14;11;14;12;14;12;14;13;14;13;15;14;15;15;16;15;17;16;17;16;17;16;17,transition,EXP_S055,ZONE_01,sortie_zone,4.7,sortie_zone,sortie de la zone
9938372281,-51,6,a0:9f:7a:73:2b:3e,384,-110;-96;8;0;-16;-3;-12;1;-8;6;-5;11;-3;15;-1;19;-1;23;-1;25;-1;26;-2;27;-3;27;-4;27;-5;25;-6;22;-6;18;-5;14;-4;10;-1;6;2;2;5;0;8;-2;12;-3;14;-3;17;-2;19;-1;5;0;0;0;0;0;0;0;0;0;0;0;0;0;0;0;0;0;0;0;0;-4;1;-17;2;-19;5;-21;7;-22;10;-22;11;-22;12;-20;12;-18;11;-15;9;-13;6;-11;3;-9;-1;-8;-6;-8;-10;-7;-14;-7;-18;-8;-22;-8;-25;-9;-28;-9;-31;-10;-32;-11;-32;-11;-31;-12;-30;-12;-28;-11;121;0;-3;-25;-3;-25;-2;-24;-2;-24;-2;-23;-2;-24;-3;-24;-4;-23;-5;-23;-6;-22;-6;-21;-6;-21;-5;-21;-6;-22;-6;-22;-7;-22;-7;-22;-7;-21;-6;-21;-6;-20;-5;-20;-5;-20;-5;-20;-5;-20;-5;-20;-4;-19;-3;-19;-2;-18;-1;-7;-1;-2;0;0;-1;1;-1;0;0;-3;2;-7;6;-20;7;-20;7;-20;8;-20;8;-19;8;-19;9;-18;9;-18;10;-17;11;-17;11;-18;11;-18;10;-18;9;-17;8;-17;8;-16;8;-16;8;-17;7;-18;6;-19;5;-20;4;-21;3;-21;3;-21;3;-21;3;-23;2;-24;2;-25;121;0;-45;8;-45;8;-44;8;-43;8;-42;7;-40;7;-38;7;-36;8;-35;8;-34;9;-33;9;-33;9;-32;9;-31;8;-30;7;-30;7;-29;7;-29;7;-28;6;-28;6;-27;5;-25;4;-24;4;-24;4;-24;3;-24;2;-24;1;-24;0;-9;0;-3;-1;0;-1;1;-1;0;-1;-3;1;-8;3;-21;8;-21;7;-22;7;-22;6;-23;6;-25;6;-26;6;-28;6;-29;5;-30;5;-30;5;-31;5;-32;5;-33;5;-34;5;-34;4;-35;4;-35;4;-36;4;-37;5;-38;6;-40;7;-41;8;-43;8;-44;8;-44;8;-45;9;-45;9,transition,EXP_S055,ZONE_01,sortie_zone,4.7,sortie_zone,sortie de la zone
9938573119,-51,6,a0:9f:7a:73:2b:3e,384,-110;-96;8;0;-12;8;-6;9;-1;10;5;11;9;13;13;15;16;16;17;18;18;19;18;20;17;21;16;21;14;20;11;18;9;16;7;12;5;8;4;4;3;-1;4;-5;5;-8;6;-11;8;-13;10;-15;12;-15;3;-4;0;0;0;0;0;0;0;0;0;0;0;0;0;0;0;0;0;0;-3;-4;-10;-15;-10;-17;-9;-21;-7;-23;-6;-24;-4;-25;-2;-24;-1;-22;0;-19;-1;-16;-2;-13;-4;-9;-6;-5;-9;-2;-13;1;-16;4;-19;6;-22;8;-25;10;-28;11;-30;12;-31;12;-32;12;-31;11;-29;11;-27;10;121;0;-15;-21;-15;-20;-15;-20;-15;-19;-15;-19;-16;-18;-16;-17;-17;-16;-17;-15;-17;-14;-17;-14;-17;-14;-17;-14;-17;-13;-18;-13;-18;-13;-18;-12;-18;-12;-18;-12;-17;-12;-17;-11;-17;-11;-17;-11;-16;-11;-16;-11;-15;-11;-15;-11;-14;-12;-5;-5;-2;-2;0;0;0;1;-1;0;-1;-3;-1;-8;-2;-22;-1;-22;0;-22;0;-22;1;-22;1;-22;1;-22;2;-21;2;-21;2;-21;2;-22;2;-22;1;-21;1;-21;0;-20;0;-20;0;-19;-1;-19;-2;-20;-3;-20;-5;-20;-6;-20;-7;-20;-8;-21;-8;-21;-9;-22;-10;-22;-11;-23;121;0;-31;33;-31;33;-30;32;-29;31;-28;31;-26;30;-24;30;-23;29;-21;29;-20;28;-20;27;-19;27;-19;26;-18;26;-17;25;-17;25;-16;24;-16;24;-15;23;-15;23;-15;22;-14;21;-14;20;-14;19;-14;19;-15;18;-16;17;-16;16;-6;6;-2;1;0;-1;0;-2;0;-1;-2;1;-6;5;-16;15;-16;15;-17;15;-18;16;-19;16;-19;17;-20;17;-21;18;-22;19;-23;19;-24;19;-25;19;-26;19;-27;19;-28;20;-28;20;-28;21;-28;22;-28;23;-28;24;-29;26;-29;28;-30;29;-31;30;-31;31;-32;31;-32;32;-32;33,transition,EXP_S055,ZONE_01,sortie_zone,4.7,sortie_zone,sortie de la zone
9938774054,-50,6,a0:9f:7a:73:2b:3e,384,-110;-96;8;0;-13;7;-7;8;-1;9;5;11;10;13;14;16;17;18;19;20;20;21;20;21;19;22;17;22;15;21;12;20;9;17;7;13;5;9;4;4;3;-1;3;-5;4;-9;6;-13;8;-15;10;-16;12;-17;3;-5;0;0;0;0;0;0;0;0;0;0;0;0;0;0;0;0;0;0;-3;-4;-9;-16;-8;-19;-7;-22;-5;-24;-3;-26;-2;-26;0;-25;1;-24;2;-21;1;-17;0;-14;-3;-10;-5;-6;-9;-3;-12;0;-16;3;-20;6;-24;8;-27;9;-30;10;-32;11;-34;11;-34;11;-33;11;-32;10;-30;9;116;0;-10;-11;-9;-11;-9;-11;-9;-10;-9;-10;-9;-10;-9;-10;-10;-9;-10;-9;-10;-8;-10;-8;-10;-8;-10;-8;-10;-8;-10;-8;-10;-8;-10;-8;-10;-7;-9;-7;-9;-7;-9;-8;-8;-8;-8;-8;-8;-7;-8;-7;-8;-7;-7;-8;-7;-8;-3;-3;-1;-1;0;0;0;0;0;0;-1;-2;-2;-4;-5;-11;-5;-11;-4;-11;-4;-11;-3;-11;-3;-11;-3;-11;-2;-11;-2;-12;-2;-12;-2;-12;-2;-12;-2;-11;-2;-11;-3;-11;-3;-11;-3;-11;-3;-11;-3;-11;-4;-11;-5;-11;-5;-11;-6;-11;-6;-11;-6;-11;-7;-11;-8;-12;-8;-12;116;0;-15;18;-15;18;-15;17;-15;17;-14;16;-13;16;-13;15;-12;15;-11;15;-11;14;-11;14;-11;14;-10;13;-10;13;-10;13;-9;13;-9;12;-9;12;-9;12;-9;11;-9;11;-9;10;-9;9;-9;9;-9;9;-9;8;-10;8;-10;7;-4;2;-2;0;0;-1;0;-1;0;-1;-1;1;-2;3;-6;10;-6;10;-7;10;-7;10;-7;10;-8;11;-8;11;-9;11;-10;12;-10;12;-10;12;-11;12;-11;12;-12;12;-12;12;-13;13;-13;13;-13;13;-13;14;-13;14;-13;15;-13;16;-14;17;-14;17;-15;17;-15;18;-16;18;-16;18,transition,EXP_S055,ZONE_01,sortie_zone,4.7,sortie_zone,sortie de la zone
9938974315,-50,6,a0:9f:7a:73:2b:3e,384,-110;-96;8;0;-12;9;-6;9;0;10;5;11;10;12;14;14;17;16;19;18;20;19;20;20;19;20;17;21;15;20;13;18;10;15;8;12;6;8;4;4;3;-1;4;-5;4;-9;6;-12;8;-14;10;-16;12;-16;3;-4;0;0;0;0;0;0;0;0;0;0;0;0;0;0;0;0;0;0;-3;-4;-11;-14;-11;-17;-10;-20;-9;-23;-7;-24;-5;-25;-4;-24;-2;-23;-1;-20;-1;-17;-2;-13;-4;-9;-6;-5;-9;-2;-12;2;-15;5;-19;8;-22;10;-25;12;-28;13;-30;14;-31;14;-32;14;-31;13;-29;12;-27;11;117;0;-19;-20;-18;-19;-18;-18;-17;-18;-17;-18;-17;-18;-18;-18;-19;-16;-19;-15;-19;-14;-19;-13;-18;-13;-19;-13;-19;-13;-19;-13;-20;-13;-20;-12;-19;-12;-18;-12;-17;-12;-17;-12;-17;-12;-17;-12;-17;-12;-17;-12;-16;-12;-15;-12;-14;-12;-5;-5;-2;-2;0;0;0;1;0;0;-2;-3;-4;-7;-9;-20;-8;-21;-7;-21;-7;-21;-6;-21;-6;-21;-5;-21;-4;-21;-3;-22;-3;-22;-3;-22;-4;-22;-4;-21;-4;-21;-5;-20;-5;-20;-5;-20;-5;-20;-6;-20;-8;-20;-9;-20;-10;-19;-11;-19;-12;-19;-13;-20;-13;-20;-14;-21;-14;-22;117;0;-27;37;-27;37;-26;36;-26;35;-25;34;-24;33;-22;31;-21;31;-19;30;-18;30;-18;29;-18;29;-17;28;-17;27;-16;27;-16;26;-15;26;-15;25;-15;24;-15;23;-15;22;-15;21;-15;20;-14;20;-14;19;-15;18;-16;17;-16;17;-6;5;-2;1;0;-1;0;-2;0;-1;-1;2;-4;7;-10;20;-11;20;-11;19;-12;20;-13;20;-14;21;-15;22;-17;23;-18;24;-19;24;-19;24;-20;24;-21;25;-21;25;-22;26;-23;26;-23;27;-23;27;-23;28;-23;29;-24;31;-24;32;-25;34;-26;35;-27;36;-27;37;-27;37;-27;38,transition,EXP_S055,ZONE_01,sortie_zone,4.7,sortie_zone,sortie de la zone
9939174252,-51,6,a0:9f:7a:73:2b:3e,384,-110;-96;8;0;-2;15;3;10;8;6;13;2;17;-2;22;-4;25;-6;28;-6;30;-6;31;-5;31;-5;30;-3;28;-2;25;-1;21;0;16;0;11;0;6;-2;1;-4;-3;-6;-6;-9;-8;-13;-9;-16;-10;-19;-9;-21;-3;-6;0;0;0;0;0;0;0;0;0;0;0;0;0;0;0;0;0;0;-5;-1;-18;-5;-20;-7;-22;-10;-23;-13;-23;-16;-22;-18;-21;-18;-18;-18;-16;-16;-13;-14;-11;-10;-9;-5;-8;0;-7;5;-7;10;-8;15;-8;20;-9;24;-9;28;-10;31;-11;34;-11;36;-12;36;-12;35;-12;33;-11;31;120;0;-15;3;-15;3;-14;2;-14;2;-14;2;-14;2;-14;3;-14;4;-13;4;-12;5;-12;4;-12;4;-12;4;-12;4;-13;5;-12;5;-12;5;-12;5;-11;5;-11;4;-11;4;-11;4;-11;4;-11;4;-11;4;-11;4;-10;3;-10;3;-4;1;-2;0;0;-1;0;0;0;0;-2;-1;-5;-1;-12;-3;-12;-4;-12;-4;-12;-4;-12;-4;-12;-4;-12;-5;-11;-5;-11;-6;-11;-6;-12;-6;-12;-6;-12;-5;-11;-5;-11;-4;-10;-4;-10;-4;-11;-4;-12;-4;-12;-3;-13;-2;-13;-1;-13;-1;-13;-1;-13;-1;-14;-1;-15;-1;-15;0;120;0;9;23;9;23;8;23;8;22;8;21;7;20;7;19;8;18;8;17;8;17;8;16;8;16;8;16;7;15;7;15;7;14;7;14;7;14;7;14;6;14;6;13;5;13;5;12;5;12;4;11;4;12;3;12;3;12;1;4;0;1;-1;-1;-1;-1;-1;-1;0;1;2;3;5;10;5;11;5;11;5;11;5;12;5;12;5;13;5;14;5;15;4;15;4;15;5;16;5;16;5;17;5;17;5;18;5;18;5;19;5;19;6;19;6;20;7;20;7;21;8;22;8;23;8;23;8;23;9;23,transition,EXP_S055,ZONE_01,sortie_zone,4.7,sortie_zone,sortie de la zone
9939372230,-50,6,a0:9f:7a:73:2b:3e,384,-110;-96;8;0;13;-7;8;-8;2;-11;-2;-13;-7;-16;-10;-19;-13;-22;-14;-24;-14;-25;-14;-26;-13;-27;-11;-26;-10;-25;-8;-23;-6;-19;-4;-16;-4;-11;-4;-6;-4;-2;-6;2;-8;6;-10;8;-13;10;-16;10;-18;10;-5;2;0;0;0;0;0;0;0;0;0;0;0;0;0;0;0;0;0;0;1;3;7;15;6;18;5;21;3;23;1;24;-1;25;-2;24;-3;22;-3;19;-3;16;-1;13;1;9;4;6;8;3;12;0;15;-2;19;-4;23;-5;26;-6;29;-7;32;-8;33;-7;34;-7;33;-6;31;-5;29;-5;-122;0;8;9;8;9;7;9;7;8;7;9;7;9;8;8;8;8;9;7;9;6;8;6;8;6;8;6;8;6;9;6;9;6;9;6;9;5;8;5;8;5;8;5;8;6;8;6;8;5;8;5;7;5;7;5;6;5;2;2;0;0;-1;-1;-1;-1;-1;-1;0;1;0;3;2;10;1;10;1;10;1;10;1;10;0;10;0;10;0;10;-1;10;-1;10;-1;10;0;10;0;10;1;9;1;9;0;9;0;9;0;9;1;10;2;10;3;10;4;9;4;9;4;9;4;9;5;10;5;11;6;11;-122;0;15;-19;15;-19;15;-18;14;-18;14;-17;13;-16;12;-16;11;-16;10;-15;9;-15;9;-15;9;-15;9;-15;8;-14;8;-14;8;-14;8;-14;8;-13;8;-13;8;-13;8;-12;8;-11;7;-11;7;-10;7;-10;7;-10;7;-10;8;-9;3;-4;1;-1;-1;0;-1;0;-1;0;0;-2;2;-4;6;-10;7;-10;7;-10;7;-10;8;-10;8;-10;9;-11;10;-11;10;-11;11;-11;11;-11;11;-12;11;-12;12;-12;12;-13;13;-13;13;-13;13;-13;13;-13;13;-14;13;-15;14;-16;14;-16;15;-17;15;-18;15;-18;15;-18;15;-18,transition,EXP_S055,ZONE_01,sortie_zone,4.7,sortie_zone,sortie de la zone
9939572951,-51,6,a0:9f:7a:73:2b:3e,384,-110;-96;8;0;5;13;7;7;9;2;11;-3;14;-8;16;-11;19;-14;21;-15;23;-16;24;-16;24;-15;24;-13;23;-11;21;-10;18;-7;14;-5;10;-4;5;-4;0;-4;-4;-5;-8;-7;-10;-9;-12;-11;-13;-13;-13;-15;-4;-4;0;0;0;0;0;0;0;0;0;0;0;0;0;0;0;0;0;0;-4;1;-16;5;-19;4;-22;2;-24;1;-25;-1;-25;-3;-24;-4;-22;-5;-20;-5;-17;-5;-13;-3;-10;0;-7;3;-4;7;-2;11;0;15;2;19;3;22;4;26;5;29;5;31;5;32;5;33;5;33;4;31;4;29;-123;0;-8;10;-8;10;-8;9;-8;9;-8;9;-8;9;-8;10;-7;10;-6;10;-5;10;-5;10;-5;9;-5;9;-5;10;-5;10;-5;10;-4;10;-4;10;-4;9;-4;9;-5;8;-5;9;-5;9;-4;9;-4;9;-4;8;-4;8;-5;8;-2;2;-1;0;0;-1;0;-1;0;-1;-1;0;-4;1;-10;4;-10;3;-11;3;-11;3;-11;3;-11;3;-10;2;-10;2;-11;1;-11;1;-11;1;-11;2;-11;2;-10;2;-10;2;-10;2;-10;2;-10;2;-10;3;-10;4;-10;5;-9;6;-9;6;-8;6;-9;6;-9;7;-10;7;-10;8;-123;0;19;10;19;10;19;10;19;10;18;10;17;9;16;8;16;7;16;6;16;6;15;6;15;5;15;5;14;5;14;5;13;5;13;4;13;4;13;5;13;5;12;5;11;5;11;5;10;4;10;4;10;4;10;5;9;6;3;2;1;0;-1;-1;-1;-1;-1;-1;1;0;3;1;10;4;9;5;9;5;10;5;10;6;11;6;11;7;11;8;12;8;12;9;12;9;12;9;12;9;13;9;13;10;13;10;14;10;14;10;14;10;15;10;16;10;17;10;17;10;18;11;19;11;19;11;19;11;19;11,transition,EXP_S055,ZONE_01,sortie_zone,4.7,sortie_zone,sortie de la zone
9939772333,-51,6,a0:9f:7a:73:2b:3e,384,-110;-96;8;0;-14;-10;-12;-3;-11;3;-11;9;-11;15;-12;20;-13;23;-14;26;-15;27;-16;27;-17;27;-17;25;-17;22;-16;19;-14;16;-12;12;-8;9;-4;6;1;3;5;2;10;2;14;2;17;4;19;5;20;7;5;2;0;0;0;0;0;0;0;0;0;0;0;0;0;0;0;0;0;0;2;-4;11;-16;14;-17;18;-17;21;-16;23;-15;24;-13;24;-11;23;-9;20;-8;17;-7;12;-6;8;-7;3;-8;-2;-10;-7;-12;-11;-15;-15;-18;-18;-20;-21;-23;-23;-25;-25;-27;-26;-29;-26;-29;-25;-29;-24;-27;-22;-25;122;0;12;-27;11;-26;11;-25;11;-24;11;-24;11;-25;10;-25;8;-26;6;-26;5;-25;4;-24;5;-24;5;-24;5;-25;5;-25;4;-26;3;-25;3;-24;3;-23;3;-22;4;-22;4;-22;4;-22;4;-22;3;-22;4;-21;4;-20;5;-19;1;-7;0;-2;-1;0;-2;0;-1;0;1;-2;6;-6;18;-15;19;-14;20;-14;21;-13;20;-13;20;-13;20;-12;20;-11;21;-10;21;-10;22;-10;22;-11;21;-11;20;-11;18;-11;18;-11;18;-11;18;-12;18;-13;18;-15;17;-17;16;-18;15;-18;15;-18;15;-19;16;-20;16;-22;17;-23;122;0;-50;-14;-50;-14;-49;-14;-48;-14;-46;-13;-44;-12;-42;-11;-41;-9;-39;-8;-39;-7;-38;-6;-38;-6;-37;-6;-36;-6;-35;-6;-34;-5;-34;-5;-33;-5;-33;-5;-32;-6;-30;-6;-29;-6;-27;-6;-27;-6;-26;-6;-26;-7;-26;-8;-25;-9;-9;-4;-3;-2;0;0;1;0;0;0;-3;-1;-10;-2;-26;-6;-26;-6;-26;-7;-26;-8;-27;-8;-28;-9;-30;-9;-31;-11;-32;-12;-32;-13;-33;-13;-33;-14;-34;-14;-35;-14;-36;-15;-37;-16;-37;-16;-38;-16;-38;-16;-40;-15;-42;-14;-44;-14;-46;-14;-47;-15;-48;-15;-49;-16;-50;-16;-50;-16,transition,EXP_S055,ZONE_01,sortie_zone,4.7,sortie_zone,sortie de la zone
9940002346,-51,6,a0:9f:7a:73:2b:3e,384,-110;-96;8;0;-6;12;-1;9;4;7;9;5;14;4;18;3;22;3;25;3;26;4;27;4;27;5;25;6;23;6;21;6;17;5;13;5;9;3;5;1;2;-2;-1;-6;-3;-9;-4;-13;-4;-15;-4;-18;-3;-19;-1;-5;0;0;0;0;0;0;0;0;0;0;0;0;0;0;0;0;0;0;-4;-3;-14;-11;-14;-13;-14;-17;-14;-19;-13;-21;-11;-22;-10;-22;-8;-21;-6;-19;-6;-16;-5;-12;-6;-7;-6;-3;-8;1;-9;6;-11;10;-13;13;-15;17;-17;19;-19;22;-20;23;-21;24;-21;25;-21;24;-20;23;-19;21;118;0;-27;-1;-26;-1;-25;-1;-24;-1;-24;-1;-25;0;-25;1;-25;2;-24;3;-23;4;-22;5;-22;5;-22;5;-22;5;-23;5;-23;6;-22;6;-21;6;-21;6;-20;5;-20;5;-20;5;-20;5;-20;5;-19;5;-19;5;-19;4;-18;3;-7;1;-2;0;0;-1;1;0;0;0;-3;-2;-7;-4;-19;-11;-19;-12;-18;-13;-18;-13;-18;-14;-17;-14;-17;-14;-16;-14;-16;-15;-16;-16;-16;-16;-17;-15;-17;-14;-17;-13;-16;-12;-16;-12;-16;-12;-17;-12;-18;-11;-19;-10;-20;-9;-20;-8;-21;-7;-21;-6;-22;-6;-23;-6;-24;-6;-25;-6;118;0;6;43;6;42;6;42;5;40;5;39;5;37;6;35;6;34;7;32;8;31;8;31;8;30;8;29;8;28;8;27;8;26;9;26;8;26;8;25;7;25;6;24;5;23;5;22;5;21;5;21;4;21;4;21;3;21;0;7;0;2;-1;-1;-1;-2;-1;-1;0;2;1;7;3;21;3;21;2;21;2;22;2;23;2;24;2;25;1;27;0;28;0;28;0;29;0;29;0;30;0;31;0;32;0;33;0;33;0;33;0;34;1;35;2;36;3;38;3;39;4;41;4;42;4;42;5;43;5;43,transition,EXP_S055,ZONE_01,sortie_zone,4.7,sortie_zone,sortie de la zone
9940172515,-51,6,a0:9f:7a:73:2b:3e,384,-110;-96;8;0;15;0;11;-4;7;-9;3;-14;0;-18;-2;-23;-3;-26;-3;-29;-3;-31;-2;-31;-1;-31;0;-30;2;-28;3;-25;3;-21;3;-17;2;-12;-1;-7;-3;-3;-7;0;-10;2;-14;4;-17;4;-20;4;-21;3;-6;0;0;0;0;0;0;0;0;0;0;0;0;0;0;0;0;0;0;0;0;4;-1;18;-3;20;-5;22;-8;24;-11;24;-12;24;-13;22;-14;20;-13;17;-11;14;-8;11;-4;9;1;8;6;6;11;6;15;5;20;6;24;6;28;6;31;7;33;8;35;9;35;9;34;10;33;10;31;9;125;0;2;13;2;13;2;12;2;12;2;12;2;12;3;12;3;12;4;11;4;11;4;11;4;10;3;11;3;11;4;11;4;11;4;11;4;10;4;10;3;10;3;10;3;10;3;10;3;10;3;9;3;9;2;9;2;9;0;3;0;1;-1;-1;0;-1;0;-1;-1;1;-1;3;-2;11;-3;11;-3;11;-4;11;-4;11;-4;10;-4;10;-4;10;-5;10;-5;10;-5;10;-5;10;-5;10;-5;10;-4;9;-4;9;-4;9;-4;10;-4;10;-3;11;-2;11;-2;11;-1;11;-1;11;-1;11;-1;12;-1;12;-1;13;125;0;23;-9;23;-9;22;-9;22;-8;21;-8;20;-8;19;-8;18;-8;17;-8;17;-8;16;-8;16;-7;16;-7;15;-7;15;-7;15;-7;14;-7;14;-7;14;-7;14;-6;13;-6;13;-5;12;-5;12;-4;12;-4;12;-3;12;-3;12;-2;4;-1;1;-1;-1;0;-1;0;-1;0;1;-1;3;-3;10;-7;10;-7;10;-7;11;-6;11;-7;12;-7;13;-7;14;-7;14;-7;15;-6;15;-6;15;-6;16;-6;16;-6;17;-6;18;-6;18;-6;18;-6;18;-6;19;-7;19;-8;20;-8;21;-9;22;-9;22;-9;23;-9;23;-9;23;-9,transition,EXP_S055,ZONE_01,sortie_zone,4.7,sortie_zone,sortie de la zone
9940374473,-51,6,a0:9f:7a:73:2b:3e,384,-110;-96;8;0;-4;16;1;12;7;8;12;5;17;3;22;2;26;1;28;2;30;2;31;3;31;4;29;5;27;6;24;7;19;6;15;5;11;3;7;0;3;-3;0;-7;-1;-11;-2;-15;-2;-18;-1;-21;0;-22;0;-6;0;0;0;0;0;0;0;0;0;0;0;0;0;0;0;0;0;0;-5;-1;-19;-3;-21;-5;-23;-8;-24;-11;-24;-13;-24;-15;-22;-16;-20;-16;-17;-15;-14;-12;-12;-9;-10;-5;-9;0;-9;5;-8;10;-9;15;-10;19;-10;23;-11;27;-12;31;-13;33;-14;34;-15;34;-15;34;-15;32;-14;30;-121;0;-15;1;-14;1;-14;1;-14;1;-14;1;-14;1;-14;2;-13;2;-13;3;-12;3;-12;3;-12;3;-12;3;-12;3;-12;3;-12;4;-12;4;-11;4;-11;4;-11;3;-11;3;-11;3;-11;3;-11;3;-10;3;-10;3;-10;2;-10;2;-4;0;-2;0;0;-1;0;0;0;0;-2;-1;-4;-2;-11;-4;-11;-5;-11;-5;-11;-6;-11;-6;-11;-6;-10;-6;-10;-6;-10;-7;-10;-7;-10;-7;-10;-7;-10;-6;-10;-6;-10;-6;-10;-5;-10;-5;-10;-5;-11;-5;-11;-4;-12;-3;-12;-3;-12;-2;-12;-2;-12;-2;-13;-2;-14;-2;-14;-1;-121;0;6;24;6;24;6;24;6;23;6;22;6;21;6;20;6;19;6;18;6;18;6;17;6;17;6;17;6;16;6;16;6;15;6;15;6;15;5;15;5;14;5;14;4;13;4;13;3;12;3;12;3;12;2;12;1;12;0;4;0;1;-1;-1;-1;-1;-1;-1;0;1;1;4;4;11;4;11;3;12;3;12;3;13;3;13;3;14;3;15;3;16;3;16;3;16;3;17;2;17;2;18;2;18;2;19;3;19;3;19;3;20;4;20;4;21;5;21;5;22;6;23;6;24;5;24;6;24;6;25,transition,EXP_S055,ZONE_01,sortie_zone,4.7,sortie_zone,sortie de la zone
9940572503,-50,6,a0:9f:7a:73:2b:3e,384,-110;-96;8;0;14;0;9;-4;5;-9;1;-13;-2;-17;-5;-21;-6;-24;-7;-27;-7;-29;-6;-30;-5;-29;-4;-29;-3;-27;-1;-24;0;-20;0;-16;0;-11;-2;-6;-4;-2;-6;2;-9;5;-11;7;-14;8;-17;8;-19;8;-5;2;0;0;0;0;0;0;0;0;0;0;0;0;0;0;0;0;0;0;-1;4;-3;17;-5;18;-8;20;-11;21;-14;21;-15;21;-16;19;-16;17;-14;14;-12;12;-9;10;-5;8;0;7;5;6;10;5;14;5;18;5;23;6;27;6;30;7;32;8;33;8;33;9;33;9;31;9;29;8;117;0;0;13;0;13;0;13;0;13;1;12;1;12;1;12;1;12;2;12;2;11;2;11;2;11;2;11;3;11;3;11;3;11;3;11;3;10;2;10;2;10;2;10;2;10;2;10;2;9;2;9;1;9;1;9;1;9;0;3;0;1;-1;-1;0;-1;0;-1;-1;1;-1;3;-3;10;-4;10;-4;10;-5;10;-5;10;-5;10;-6;10;-6;9;-6;9;-6;9;-6;9;-6;9;-6;9;-6;9;-6;9;-5;9;-5;9;-5;9;-4;9;-4;10;-4;10;-3;10;-3;11;-3;11;-2;12;-2;12;-2;12;-2;12;117;0;22;-6;22;-6;21;-6;21;-6;20;-6;19;-6;18;-6;18;-6;17;-6;17;-6;16;-6;15;-6;15;-6;15;-6;14;-6;14;-6;14;-5;14;-5;13;-5;13;-5;13;-4;12;-4;12;-4;12;-3;11;-3;11;-2;11;-2;11;-1;4;-1;1;0;-1;0;-1;0;-1;0;1;-1;3;-2;10;-6;10;-5;10;-5;11;-5;11;-4;12;-4;13;-4;13;-4;14;-4;14;-4;15;-4;15;-4;16;-4;16;-4;16;-4;17;-4;17;-4;17;-4;18;-4;18;-5;19;-5;20;-5;20;-5;21;-6;21;-6;22;-6;22;-6;22;-6,transition,EXP_S055,ZONE_01,sortie_zone,4.7,sortie_zone,sortie de la zone
9940772514,-51,6,a0:9f:7a:73:2b:3e,384,-110;-96;8;0;4;12;6;7;9;1;11;-4;14;-8;16;-11;19;-13;21;-15;23;-15;24;-15;24;-14;23;-12;22;-11;20;-9;17;-7;13;-5;9;-4;4;-4;0;-4;-4;-5;-8;-6;-11;-8;-13;-10;-14;-12;-14;-14;-4;-4;0;0;0;0;0;0;0;0;0;0;0;0;0;0;0;0;0;0;-4;0;-17;2;-19;1;-22;-1;-24;-3;-24;-6;-24;-7;-23;-8;-21;-9;-18;-8;-15;-7;-12;-5;-9;-2;-7;2;-4;6;-2;10;-1;15;0;19;1;23;2;26;3;29;3;31;3;32;2;33;1;32;1;30;1;28;121;0;-11;7;-11;7;-10;6;-10;6;-10;6;-10;6;-10;7;-10;7;-9;8;-8;8;-8;8;-8;7;-8;7;-8;7;-8;8;-8;8;-8;8;-7;8;-7;7;-7;7;-7;7;-7;7;-7;7;-7;7;-7;7;-7;6;-7;6;-7;6;-3;2;-1;0;0;-1;0;-1;0;-1;-2;0;-4;0;-11;2;-11;1;-11;1;-12;1;-11;0;-11;0;-11;0;-11;-1;-11;-1;-11;-1;-11;-1;-12;-1;-11;-1;-11;0;-10;0;-10;0;-10;0;-10;0;-11;1;-11;1;-11;2;-11;3;-11;3;-10;3;-11;4;-11;4;-12;4;-12;5;121;0;15;15;15;15;15;15;14;14;14;14;13;13;13;12;13;11;13;11;12;10;12;10;12;10;12;9;11;9;11;9;11;8;11;8;11;8;11;8;10;8;9;8;9;8;8;8;8;7;8;7;7;7;7;8;7;8;2;3;0;1;-1;-1;-1;-1;-1;-1;0;0;3;2;8;6;8;6;8;7;8;7;8;7;9;8;9;9;9;9;9;10;9;10;9;11;9;11;10;11;10;12;10;12;10;12;10;13;11;13;11;13;12;13;12;13;13;13;14;14;14;14;14;15;15;15;15;15;15;15,transition,EXP_S055,ZONE_01,sortie_zone,4.7,sortie_zone,sortie de la zone
9940973196,-51,6,a0:9f:7a:73:2b:3e,384,-110;-96;8;0;3;14;6;8;9;3;13;-2;16;-6;19;-9;22;-12;24;-13;26;-13;27;-13;27;-12;26;-11;25;-9;22;-7;19;-5;15;-4;10;-3;5;-3;0;-4;-4;-6;-7;-8;-10;-10;-12;-13;-13;-15;-13;-17;-4;-5;0;0;0;0;0;0;0;0;0;0;0;0;0;0;0;0;0;0;-5;0;-18;2;-21;1;-24;-2;-25;-4;-26;-6;-26;-8;-24;-9;-22;-10;-19;-10;-16;-8;-13;-5;-10;-2;-7;2;-5;7;-3;12;-2;16;-1;20;0;24;0;28;1;31;1;34;0;35;0;35;0;34;0;33;0;31;122;0;-14;4;-13;4;-13;3;-13;3;-13;4;-13;4;-12;5;-12;5;-11;5;-11;6;-10;6;-10;6;-10;6;-10;6;-10;6;-10;6;-10;6;-10;6;-10;6;-9;6;-9;5;-9;5;-9;5;-9;5;-9;5;-9;5;-9;4;-9;4;-3;1;-1;0;0;-1;0;0;0;0;-2;-1;-5;-1;-12;-2;-12;-2;-12;-3;-12;-3;-12;-4;-12;-4;-11;-4;-11;-4;-11;-4;-11;-5;-11;-5;-11;-4;-11;-4;-11;-4;-11;-4;-11;-3;-11;-3;-11;-3;-11;-2;-11;-2;-12;-1;-12;-1;-12;0;-12;0;-12;0;-13;1;-14;1;-14;1;122;0;11;20;11;20;11;20;11;19;10;18;10;18;10;17;10;16;10;15;10;14;10;14;10;14;9;13;9;13;9;12;9;12;9;12;9;12;9;12;8;11;8;11;7;11;7;10;6;10;6;10;6;10;5;10;5;11;1;4;0;1;-1;-1;-1;-1;-1;-1;0;0;2;3;6;9;6;9;6;10;6;10;6;11;6;11;6;12;6;13;6;13;6;14;6;14;6;14;6;15;6;15;6;16;6;16;7;16;7;17;8;17;8;17;9;18;9;18;10;19;10;19;10;20;11;20;11;21;11;21,transition,EXP_S055,ZONE_01,sortie_zone,4.7,sortie_zone,sortie de la zone
9941172752,-51,6,a0:9f:7a:73:2b:3e,384,-110;-96;8;0;-16;-5;-12;0;-10;6;-7;11;-6;17;-5;21;-5;25;-6;28;-6;29;-7;30;-8;29;-9;28;-10;26;-10;22;-9;19;-7;14;-5;10;-2;6;2;3;6;0;10;-1;13;-2;17;-1;19;0;21;1;5;0;0;0;0;0;0;0;0;0;0;0;0;0;0;0;0;0;0;0;1;-5;5;-18;8;-20;12;-21;15;-21;18;-21;19;-19;20;-17;19;-15;17;-13;14;-10;10;-9;5;-8;0;-8;-5;-9;-10;-10;-14;-11;-18;-13;-22;-14;-26;-16;-29;-17;-31;-19;-31;-20;-32;-20;-31;-20;-29;-19;-28;-18;127;0;6;-27;6;-27;5;-26;5;-26;5;-26;4;-26;3;-26;2;-26;1;-25;0;-25;0;-24;0;-24;0;-24;0;-25;-1;-25;-1;-25;-2;-24;-2;-24;-1;-23;-1;-23;-1;-22;0;-22;0;-22;0;-22;0;-22;0;-21;1;-21;1;-21;0;-8;0;-3;0;0;-1;1;-1;0;1;-3;4;-8;13;-20;14;-20;15;-19;16;-19;16;-18;16;-18;16;-17;16;-17;17;-16;17;-16;17;-16;17;-17;17;-16;16;-16;15;-16;15;-15;14;-16;14;-16;14;-18;13;-19;12;-20;11;-20;11;-21;10;-21;10;-22;10;-23;10;-25;10;-26;127;0;-51;-2;-50;-2;-49;-3;-48;-3;-46;-2;-44;-1;-42;-1;-41;0;-40;1;-39;1;-38;2;-37;2;-36;2;-35;2;-34;2;-34;2;-33;1;-33;1;-32;1;-31;0;-30;0;-29;-1;-28;-1;-27;-1;-26;-2;-26;-3;-26;-4;-26;-5;-10;-2;-3;-1;0;0;1;-1;0;-1;-3;0;-9;1;-25;3;-25;2;-25;1;-26;1;-27;1;-28;0;-30;0;-31;0;-32;-1;-33;-2;-34;-2;-35;-3;-36;-3;-36;-3;-37;-4;-38;-4;-38;-5;-39;-5;-40;-5;-41;-4;-43;-3;-44;-2;-46;-2;-48;-2;-49;-2;-50;-3;-50;-3;-50;-3,transition,EXP_S055,ZONE_01,sortie_zone,4.7,sortie_zone,sortie de la zone
9941372224,-51,6,a0:9f:7a:73:2b:3e,384,-110;-96;8;0;-13;10;-6;10;0;11;6;12;11;13;16;15;19;17;21;19;21;20;21;21;20;22;19;22;16;21;14;20;11;17;8;13;6;9;5;4;4;-1;4;-5;5;-9;7;-12;9;-15;11;-16;13;-17;3;-5;0;0;0;0;0;0;0;0;0;0;0;0;0;0;0;0;0;0;-4;-4;-13;-14;-13;-17;-12;-21;-11;-24;-9;-26;-8;-27;-6;-26;-4;-24;-3;-21;-2;-18;-3;-14;-5;-10;-7;-5;-10;-1;-13;3;-17;6;-20;9;-24;11;-27;13;-29;15;-32;16;-33;16;-34;16;-33;15;-31;14;-29;13;-122;0;-11;-10;-10;-10;-10;-9;-10;-9;-10;-9;-10;-9;-10;-9;-11;-8;-11;-7;-11;-7;-11;-6;-10;-6;-10;-6;-11;-7;-11;-7;-11;-6;-11;-6;-11;-6;-10;-5;-10;-6;-10;-6;-10;-6;-10;-6;-10;-6;-10;-6;-9;-6;-9;-6;-9;-6;-3;-2;-1;-1;0;0;0;0;0;0;-1;-2;-2;-4;-5;-11;-5;-11;-4;-12;-4;-12;-4;-12;-4;-12;-3;-12;-3;-12;-2;-12;-2;-12;-3;-12;-3;-12;-3;-12;-4;-11;-4;-11;-3;-10;-3;-11;-3;-11;-4;-11;-5;-11;-6;-11;-6;-11;-7;-11;-7;-10;-7;-11;-8;-11;-8;-11;-9;-11;-122;0;-14;21;-14;21;-14;20;-13;20;-13;19;-12;18;-11;18;-10;17;-9;17;-9;17;-9;16;-8;16;-8;16;-8;15;-8;15;-8;14;-8;14;-8;14;-8;13;-8;13;-8;12;-7;12;-7;11;-7;11;-7;11;-7;10;-8;10;-8;10;-3;3;-1;0;0;-1;0;-1;0;-1;-1;1;-2;4;-5;11;-6;11;-6;10;-7;11;-7;11;-7;12;-8;12;-9;13;-9;13;-10;13;-10;13;-10;14;-11;14;-11;14;-11;15;-12;15;-12;15;-12;15;-12;16;-12;16;-12;17;-13;18;-13;19;-13;20;-14;20;-14;20;-14;21;-14;21,transition,EXP_S055,ZONE_01,sortie_zone,4.7,sortie_zone,sortie de la zone
9941572200,-51,6,a0:9f:7a:73:2b:3e,384,-110;-96;8;0;-3;-14;-6;-9;-9;-4;-12;0;-16;4;-19;7;-22;8;-24;9;-25;10;-26;10;-27;9;-26;7;-25;6;-22;4;-19;3;-15;2;-11;1;-6;2;-1;3;2;4;6;6;8;9;10;11;10;14;10;16;2;4;0;0;0;0;0;0;0;0;0;0;0;0;0;0;0;0;0;0;3;-1;16;-1;18;0;21;3;22;5;22;8;22;9;20;10;18;10;16;9;13;7;10;5;8;1;6;-3;4;-7;3;-11;2;-16;2;-20;1;-24;1;-27;1;-30;1;-32;2;-33;2;-33;2;-33;2;-31;1;-30;122;0;12;-3;12;-3;11;-3;11;-3;11;-3;11;-3;11;-4;11;-4;10;-5;10;-5;9;-5;9;-5;9;-5;9;-5;9;-5;9;-6;9;-6;9;-6;9;-5;8;-5;8;-5;8;-5;8;-5;8;-5;8;-5;8;-5;8;-4;8;-4;2;-2;0;-1;-1;0;-1;-1;-1;-1;1;0;3;0;10;2;10;2;10;3;10;3;9;4;9;4;9;4;9;4;9;4;9;5;9;5;9;5;9;4;9;4;9;3;8;3;8;3;9;3;9;3;9;2;10;1;10;1;10;0;10;0;11;0;11;0;12;0;12;-1;122;0;-9;-21;-9;-21;-8;-21;-8;-20;-8;-19;-8;-18;-8;-18;-8;-17;-8;-16;-9;-16;-9;-15;-9;-15;-8;-14;-8;-14;-8;-14;-8;-13;-8;-13;-8;-13;-7;-13;-7;-13;-6;-12;-6;-12;-6;-11;-5;-11;-5;-11;-5;-11;-4;-11;-4;-11;-2;-4;-1;-2;0;0;0;0;0;0;-1;-1;-2;-4;-6;-10;-5;-10;-5;-11;-5;-11;-5;-11;-5;-12;-5;-13;-5;-13;-5;-14;-5;-14;-5;-15;-5;-15;-5;-15;-5;-16;-5;-16;-5;-17;-5;-17;-5;-17;-5;-17;-6;-18;-7;-18;-7;-19;-8;-20;-8;-20;-8;-21;-8;-21;-9;-21;-9;-21,transition,EXP_S055,ZONE_01,sortie_zone,4.7,sortie_zone,sortie de la zone
9941775543,-51,6,a0:9f:7a:73:2b:3e,384,-110;-96;8;0;15;4;11;-1;9;-7;7;-13;5;-18;5;-22;5;-26;5;-29;6;-30;6;-31;7;-31;8;-29;9;-27;9;-23;8;-20;7;-15;4;-11;1;-7;-3;-4;-7;-2;-11;-1;-14;0;-18;0;-20;-2;-22;-3;-6;-1;0;0;0;0;0;0;0;0;0;0;0;0;0;0;0;0;0;0;-2;4;-6;17;-9;19;-12;20;-15;21;-18;20;-19;19;-20;17;-19;15;-17;12;-14;10;-11;9;-6;8;-1;8;4;8;9;9;13;10;17;11;22;13;25;15;28;16;30;18;31;19;31;19;30;19;29;18;27;17;123;0;-11;25;-11;24;-11;24;-11;23;-10;23;-10;24;-9;24;-8;24;-6;24;-5;24;-5;23;-4;23;-4;23;-5;23;-4;23;-4;23;-4;23;-3;22;-3;22;-4;21;-4;21;-4;21;-4;20;-4;20;-4;20;-5;19;-5;19;-6;18;-3;6;-1;1;0;-1;0;-2;0;-1;-2;2;-6;6;-16;17;-17;16;-18;15;-19;15;-19;14;-20;13;-20;13;-20;12;-20;12;-21;11;-21;11;-20;11;-20;11;-20;12;-19;12;-19;12;-18;12;-18;13;-17;14;-17;15;-16;16;-15;17;-15;18;-14;19;-14;20;-14;21;-14;22;-14;23;123;0;50;9;49;9;48;9;46;9;45;9;43;8;41;7;39;6;38;5;37;4;36;4;35;4;35;3;34;3;34;3;33;3;32;2;32;3;31;3;30;4;29;4;28;5;27;5;26;5;25;5;24;6;24;7;23;8;8;3;2;1;-1;-1;-2;0;-1;-1;2;-1;8;-1;24;0;24;1;25;1;25;2;26;3;27;4;29;5;30;5;31;6;32;7;32;7;33;8;33;9;34;9;35;10;36;10;37;10;38;10;38;10;39;9;41;9;43;9;44;9;46;9;47;9;48;9;49;9;50;9,transition,EXP_S055,ZONE_01,sortie_zone,4.7,sortie_zone,sortie de la zone
9941973639,-51,6,a0:9f:7a:73:2b:3e,384,-110;-96;8;0;-6;15;-1;12;6;9;11;7;17;5;21;5;25;5;27;6;29;6;30;7;29;8;28;9;25;10;22;10;18;9;14;7;10;5;6;1;3;-3;1;-7;0;-11;0;-15;0;-18;2;-20;3;-22;1;-6;0;0;0;0;0;0;0;0;0;0;0;0;0;0;0;0;0;0;-5;-2;-18;-6;-20;-8;-21;-12;-22;-15;-22;-18;-20;-19;-19;-20;-16;-19;-14;-17;-11;-14;-10;-10;-9;-6;-9;-1;-9;4;-10;9;-11;13;-12;18;-14;22;-15;25;-17;28;-18;30;-19;31;-20;31;-20;30;-19;28;-18;27;120;0;-27;-9;-26;-9;-26;-8;-25;-8;-25;-7;-26;-7;-26;-6;-26;-5;-25;-4;-25;-3;-24;-3;-24;-2;-24;-2;-25;-2;-25;-2;-25;-2;-24;-2;-24;-1;-23;-2;-23;-2;-22;-2;-22;-2;-22;-2;-22;-2;-21;-2;-21;-3;-20;-3;-20;-4;-7;-2;-2;-1;0;0;1;0;0;0;-3;-2;-7;-5;-19;-15;-19;-15;-18;-16;-17;-17;-17;-17;-16;-17;-16;-18;-15;-18;-15;-19;-14;-19;-15;-19;-15;-19;-15;-19;-15;-18;-14;-17;-14;-17;-15;-16;-15;-16;-16;-16;-18;-15;-19;-14;-20;-14;-20;-13;-21;-13;-22;-12;-23;-12;-24;-12;-25;-12;120;0;-6;50;-6;49;-6;48;-6;47;-6;45;-5;44;-4;42;-3;41;-2;39;-2;38;-1;37;-1;36;-1;35;-1;34;-1;33;-1;33;-1;32;-1;31;-2;31;-2;30;-3;29;-3;28;-3;27;-3;26;-4;25;-5;25;-6;25;-7;24;-3;8;-2;2;0;-1;-1;-2;0;-1;0;2;0;8;1;24;0;24;0;24;-1;25;-2;26;-2;27;-2;29;-3;30;-4;31;-5;32;-5;33;-6;33;-6;34;-6;35;-7;36;-7;37;-8;37;-8;38;-7;39;-7;40;-7;42;-6;44;-6;45;-6;47;-6;48;-6;49;-5;49;-5;50,transition,EXP_S055,ZONE_01,sortie_zone,4.7,sortie_zone,sortie de la zone
9942174431,-51,6,a0:9f:7a:73:2b:3e,384,-110;-96;8;0;8;-14;2;-12;-4;-11;-11;-10;-16;-10;-21;-10;-25;-11;-27;-12;-28;-13;-29;-14;-28;-15;-27;-16;-24;-16;-21;-15;-17;-13;-14;-11;-10;-8;-7;-3;-4;1;-2;6;-2;10;-2;14;-3;17;-5;19;-6;20;-2;5;0;0;0;0;0;0;0;0;0;0;0;0;0;0;0;0;0;0;3;2;14;11;15;14;15;18;14;21;13;23;11;24;10;24;8;23;6;20;5;16;4;12;5;8;6;3;9;-2;11;-7;13;-11;16;-14;19;-18;21;-21;24;-23;26;-25;27;-25;27;-25;27;-24;26;-23;24;-22;120;0;27;8;26;8;25;8;24;8;25;8;25;7;26;6;26;4;25;3;25;2;24;2;23;2;23;2;24;2;25;1;25;1;24;0;23;0;22;0;22;1;21;1;21;2;22;2;21;1;21;1;20;1;19;2;19;3;6;1;1;0;-1;-1;-2;-1;-1;-1;2;1;6;5;17;16;17;16;16;17;16;18;15;18;15;18;14;18;13;18;13;19;13;19;13;19;13;19;13;19;13;18;13;17;13;16;13;16;13;17;15;16;17;16;18;14;19;13;20;12;20;11;21;12;22;12;23;13;24;13;120;0;6;-50;6;-50;7;-50;7;-48;6;-46;5;-44;4;-42;3;-41;2;-40;1;-39;1;-38;1;-37;1;-36;1;-35;0;-34;0;-34;0;-33;0;-33;0;-32;1;-32;2;-30;2;-29;2;-28;2;-27;2;-26;3;-26;4;-25;5;-25;2;-9;0;-3;-1;0;0;1;-1;0;-1;-3;0;-9;0;-25;1;-25;1;-25;2;-26;2;-27;3;-28;3;-30;4;-31;5;-32;5;-33;6;-33;6;-34;7;-35;7;-36;8;-37;8;-38;9;-39;9;-39;9;-40;8;-41;7;-42;6;-44;6;-46;6;-48;7;-49;7;-50;7;-50;6;-51,transition,EXP_S055,ZONE_01,sortie_zone,4.7,sortie_zone,sortie de la zone
9942372486,-51,6,a0:9f:7a:73:2b:3e,384,-110;-96;8;0;10;11;10;5;10;-2;11;-8;12;-13;13;-18;15;-22;17;-24;18;-25;19;-26;20;-25;20;-23;19;-20;18;-17;16;-14;13;-11;8;-8;4;-6;-1;-4;-6;-4;-10;-4;-14;-5;-17;-6;-19;-8;-20;-10;-5;-3;0;0;0;0;0;0;0;0;0;0;0;0;0;0;0;0;0;0;-4;2;-16;10;-19;10;-23;10;-25;8;-27;6;-28;4;-27;3;-25;1;-22;0;-18;0;-14;1;-10;3;-5;5;-1;8;3;12;6;16;9;19;11;23;14;26;16;29;17;31;17;32;17;33;17;32;16;30;15;28;-122;0;-6;13;-6;12;-6;12;-6;12;-6;12;-6;12;-5;12;-5;12;-4;12;-3;12;-3;11;-3;11;-3;11;-3;11;-3;12;-2;12;-2;12;-2;12;-2;11;-2;11;-3;10;-3;11;-3;11;-2;10;-2;10;-2;10;-3;9;-3;9;-1;3;-1;0;0;-1;0;-1;0;-1;-1;0;-4;2;-10;7;-10;7;-11;6;-11;6;-11;6;-11;6;-11;5;-11;5;-11;5;-11;5;-12;5;-12;5;-11;5;-11;5;-10;5;-10;5;-10;5;-10;5;-10;6;-10;7;-9;8;-9;8;-8;9;-8;9;-8;9;-9;10;-9;10;-9;11;-122;0;24;6;24;6;23;6;23;6;22;6;21;5;20;4;19;4;19;3;19;3;18;2;18;2;17;2;17;2;16;2;16;2;16;1;16;1;15;2;15;2;14;2;14;2;13;2;12;2;12;2;12;3;12;3;11;4;4;1;1;0;-1;-1;-1;-1;-1;-1;1;0;4;0;12;2;12;2;12;2;12;3;12;3;13;3;14;4;14;4;15;5;15;5;15;5;16;5;16;6;17;6;17;6;17;6;17;7;18;7;18;7;19;6;20;6;21;6;22;6;23;6;23;6;24;7;24;7;24;6,transition,EXP_S055,ZONE_01,sortie_zone,4.7,sortie_zone,sortie de la zone
9942572203,-51,6,a0:9f:7a:73:2b:3e,384,-110;-96;8;0;11;-9;5;-10;-1;-10;-6;-12;-11;-13;-15;-15;-18;-17;-19;-18;-20;-20;-20;-21;-20;-22;-18;-21;-16;-20;-14;-19;-11;-16;-9;-13;-7;-9;-5;-5;-4;0;-4;4;-5;8;-6;11;-8;13;-10;15;-12;15;-3;3;0;0;0;0;0;0;0;0;0;0;0;0;0;0;0;0;0;0;2;3;8;14;8;16;7;20;6;22;4;24;2;24;1;23;0;22;-1;19;-1;16;0;12;2;8;5;4;8;1;11;-2;14;-5;18;-7;21;-9;24;-11;27;-13;29;-13;30;-14;31;-13;30;-13;28;-12;27;-11;123;0;21;15;20;14;19;13;18;13;18;13;19;14;20;13;21;11;21;10;21;8;20;8;19;8;19;8;20;8;20;7;21;7;21;6;20;5;19;5;18;6;18;6;18;7;18;7;18;6;18;6;17;6;17;6;16;7;5;2;1;0;-1;-1;-1;-2;-1;-1;1;2;3;6;9;19;8;19;7;20;7;20;6;20;6;20;5;19;4;19;4;20;3;20;4;21;4;21;5;20;5;19;5;18;5;18;5;18;6;18;7;18;9;18;11;18;12;17;13;16;13;16;13;16;14;17;15;18;17;18;123;0;19;-42;19;-42;19;-41;19;-40;18;-38;16;-37;15;-35;13;-34;12;-33;11;-33;10;-32;10;-32;10;-31;9;-31;9;-30;8;-29;8;-29;8;-29;8;-28;8;-27;9;-26;9;-24;9;-23;8;-23;8;-22;8;-22;9;-22;10;-21;3;-8;1;-3;-1;0;-1;1;-1;0;0;-3;3;-8;9;-21;9;-21;10;-21;10;-21;11;-22;12;-23;13;-24;14;-25;15;-25;16;-25;16;-26;17;-26;17;-27;18;-28;19;-29;19;-29;19;-30;19;-30;19;-31;19;-32;18;-34;18;-35;19;-37;19;-39;20;-40;21;-41;21;-41;21;-41,transition,EXP_S055,ZONE_01,sortie_zone,4.7,sortie_zone,sortie de la zone
9942773850,-51,6,a0:9f:7a:73:2b:3e,384,-110;-96;8;0;13;-8;6;-9;0;-11;-6;-13;-11;-15;-15;-18;-19;-20;-21;-22;-22;-24;-22;-25;-21;-25;-19;-25;-17;-24;-14;-22;-11;-19;-9;-15;-6;-11;-5;-5;-4;0;-4;5;-5;9;-7;12;-9;15;-11;17;-13;17;-4;4;0;0;0;0;0;0;0;0;0;0;0;0;0;0;0;0;0;0;1;4;6;17;5;20;3;23;1;26;-1;27;-3;27;-5;26;-6;24;-6;21;-5;17;-3;13;0;9;4;6;8;2;12;-1;16;-3;21;-5;25;-7;28;-9;32;-10;34;-10;36;-10;36;-10;36;-10;34;-9;31;-9;-126;0;13;7;12;7;11;7;10;7;10;7;11;7;12;7;12;6;12;5;12;4;11;4;11;4;11;5;11;5;12;5;12;4;12;4;11;4;10;4;10;4;9;4;9;5;10;5;10;4;10;4;9;4;9;4;8;5;3;1;0;0;-1;-1;-1;-1;-1;-1;0;0;2;3;7;9;7;9;6;10;6;10;6;10;6;10;5;10;4;10;4;10;4;11;4;11;4;11;5;11;5;10;5;9;4;9;4;9;4;10;5;10;6;10;7;9;8;8;8;8;8;8;8;8;9;9;10;9;10;10;-126;0;9;-24;9;-24;9;-23;9;-23;9;-21;9;-20;8;-19;7;-19;6;-18;6;-18;6;-18;6;-18;6;-17;5;-17;5;-16;5;-16;5;-16;5;-16;5;-16;6;-15;6;-14;6;-13;6;-13;5;-12;5;-12;6;-12;6;-12;7;-11;2;-4;0;-2;-1;0;-1;0;-1;0;0;-2;0;-5;2;-13;2;-13;3;-13;3;-13;3;-13;3;-14;4;-15;5;-15;6;-16;6;-16;6;-16;7;-16;7;-16;7;-17;7;-17;8;-18;8;-18;9;-18;8;-18;8;-19;8;-20;8;-21;8;-22;9;-23;9;-23;10;-24;10;-24;10;-24,transition,EXP_S055,ZONE_01,sortie_zone,4.7,sortie_zone,sortie de la zone
9942972388,-51,6,a0:9f:7a:73:2b:3e,384,-110;-96;8;0;-12;9;-6;9;1;9;6;10;11;11;15;13;18;15;20;16;21;17;21;18;20;19;18;19;16;18;14;17;11;15;8;12;6;8;4;4;3;-1;3;-5;4;-9;5;-12;6;-14;9;-16;10;-17;2;-5;0;0;0;0;0;0;0;0;0;0;0;0;0;0;0;0;0;0;-3;-3;-12;-13;-12;-16;-11;-19;-10;-22;-9;-24;-7;-24;-5;-24;-4;-22;-3;-20;-2;-17;-3;-13;-4;-9;-6;-5;-9;-1;-12;2;-15;6;-18;8;-21;11;-24;13;-27;14;-29;15;-30;15;-30;15;-30;15;-28;14;-26;13;125;0;-23;-14;-22;-13;-20;-13;-20;-13;-20;-14;-21;-14;-22;-13;-23;-11;-22;-10;-22;-8;-21;-8;-20;-8;-20;-9;-21;-9;-22;-9;-22;-8;-22;-8;-21;-7;-20;-7;-19;-7;-19;-8;-19;-9;-19;-9;-19;-8;-19;-8;-18;-8;-17;-8;-16;-8;-6;-3;-2;-2;0;0;0;1;0;0;-2;-2;-5;-7;-13;-18;-12;-19;-12;-19;-11;-20;-11;-20;-10;-19;-10;-19;-9;-19;-8;-20;-7;-21;-8;-22;-8;-21;-9;-20;-9;-19;-9;-18;-8;-18;-8;-18;-9;-18;-10;-19;-12;-19;-14;-18;-15;-16;-15;-15;-15;-15;-15;-16;-16;-17;-18;-18;-19;-19;125;0;-18;41;-18;41;-18;41;-18;39;-17;38;-16;36;-15;35;-14;34;-12;33;-12;33;-11;32;-11;31;-11;30;-11;30;-10;29;-9;28;-9;28;-9;27;-10;27;-10;26;-10;25;-10;23;-10;22;-10;21;-10;21;-11;20;-12;20;-13;19;-5;7;-2;2;0;-1;0;-2;0;-1;-1;2;-2;7;-6;21;-7;21;-7;21;-8;21;-8;22;-9;24;-10;25;-11;26;-12;27;-13;27;-14;27;-14;27;-15;28;-16;29;-16;30;-17;30;-17;31;-17;31;-17;32;-16;33;-16;34;-16;36;-17;38;-18;40;-18;40;-19;41;-19;41;-19;41,transition,EXP_S055,ZONE_01,sortie_zone,4.7,sortie_zone,sortie de la zone
9943172362,-50,6,a0:9f:7a:73:2b:3e,384,-110;-96;8;0;10;-10;4;-10;-2;-10;-7;-11;-12;-12;-16;-14;-20;-15;-22;-17;-23;-18;-23;-19;-23;-19;-21;-20;-19;-19;-16;-18;-13;-15;-10;-12;-7;-9;-5;-5;-4;0;-3;4;-4;8;-4;12;-6;14;-7;16;-9;17;-3;4;0;0;0;0;0;0;0;0;0;0;0;0;0;0;0;0;0;0;2;3;10;14;9;17;8;20;7;23;5;24;3;25;1;24;0;22;-1;19;-1;16;0;12;2;8;5;4;8;0;11;-3;14;-6;18;-9;21;-11;24;-13;27;-14;29;-15;30;-16;30;-16;30;-15;28;-14;26;-14;127;0;21;17;20;16;19;16;19;15;18;15;19;15;20;14;20;13;20;12;20;11;20;10;19;10;19;10;19;11;20;11;20;10;20;10;19;9;18;9;18;10;17;10;17;10;17;10;17;10;17;10;16;10;15;10;15;10;5;4;1;1;-1;-1;-1;-2;-1;-1;1;1;4;6;13;18;12;19;11;19;10;20;10;20;9;20;9;20;8;20;7;20;6;21;6;21;7;21;7;21;7;20;7;19;7;18;7;18;8;19;9;19;10;19;11;18;12;18;13;17;14;17;14;17;15;18;16;19;17;19;127;0;21;-41;21;-41;21;-40;21;-39;20;-37;19;-36;18;-34;17;-33;15;-33;14;-32;14;-32;13;-31;13;-30;13;-29;12;-29;12;-28;12;-28;12;-27;13;-27;13;-26;13;-24;13;-23;13;-22;12;-21;12;-20;13;-20;14;-19;14;-18;5;-7;1;-2;-1;0;-1;1;-1;0;0;-3;1;-8;5;-23;5;-22;6;-22;7;-23;8;-24;8;-25;10;-26;11;-27;12;-27;13;-28;14;-28;14;-28;15;-29;15;-30;16;-31;17;-31;17;-31;18;-32;18;-32;18;-33;18;-35;18;-37;19;-38;19;-39;20;-40;20;-41;21;-41;21;-42,transition,EXP_S055,ZONE_01,sortie_zone,4.7,sortie_zone,sortie de la zone
9943372288,-50,6,a0:9f:7a:73:2b:3e,384,-110;-96;8;0;-14;-9;-12;-3;-11;3;-10;9;-10;14;-11;18;-12;21;-13;23;-14;24;-15;25;-16;24;-16;23;-16;20;-15;18;-14;14;-11;11;-8;8;-4;5;0;4;5;3;8;3;12;3;15;5;16;7;17;9;4;2;0;0;0;0;0;0;0;0;0;0;0;0;0;0;0;0;0;0;1;-4;7;-16;9;-17;13;-19;16;-19;18;-18;20;-16;20;-14;19;-12;17;-10;14;-9;10;-8;6;-8;2;-8;-3;-9;-7;-11;-11;-13;-15;-15;-18;-17;-21;-19;-24;-21;-25;-23;-26;-24;-25;-25;-25;-25;-23;-24;-22;-22;-125;0;9;-24;9;-24;8;-23;8;-23;8;-23;7;-23;7;-24;5;-24;4;-23;3;-23;3;-23;2;-22;2;-23;2;-23;2;-23;2;-23;2;-23;2;-22;2;-21;2;-21;2;-21;2;-20;2;-20;2;-20;2;-20;2;-19;3;-19;3;-19;1;-7;0;-2;-1;0;-1;1;-1;0;1;-2;5;-6;15;-16;16;-15;16;-14;17;-14;17;-13;17;-13;17;-12;18;-12;18;-11;18;-11;18;-11;18;-11;17;-11;16;-12;16;-12;16;-12;16;-12;15;-13;15;-13;15;-15;14;-16;13;-17;13;-18;12;-18;12;-19;12;-20;12;-21;12;-22;-125;0;-48;-11;-47;-10;-46;-10;-45;-10;-43;-9;-42;-8;-40;-7;-38;-6;-37;-5;-36;-4;-36;-4;-35;-3;-35;-3;-34;-3;-33;-3;-32;-3;-32;-3;-31;-3;-30;-4;-29;-4;-28;-4;-27;-5;-26;-5;-25;-5;-25;-5;-24;-6;-24;-7;-23;-8;-9;-3;-3;-1;0;0;1;0;0;0;-3;0;-9;-1;-24;-2;-24;-2;-25;-3;-25;-4;-26;-5;-27;-5;-28;-6;-30;-7;-30;-7;-31;-8;-32;-9;-33;-10;-33;-10;-34;-10;-34;-11;-35;-11;-36;-11;-36;-11;-37;-11;-39;-11;-40;-10;-42;-10;-43;-10;-45;-10;-46;-10;-47;-10;-48;-10;-49;-10,transition,EXP_S055,ZONE_01,sortie_zone,4.7,sortie_zone,sortie de la zone
9943575348,-51,6,a0:9f:7a:73:2b:3e,384,-110;-96;8;0;-7;14;-1;11;5;8;11;6;16;5;21;5;25;5;28;6;29;6;30;7;30;7;28;9;26;9;23;10;18;9;14;7;10;5;6;1;3;-3;0;-7;-1;-11;-2;-14;-2;-18;0;-20;1;-22;0;-6;0;0;0;0;0;0;0;0;0;0;0;0;0;0;0;0;0;0;-5;-2;-18;-8;-19;-11;-20;-15;-20;-18;-20;-20;-18;-22;-16;-22;-14;-21;-12;-19;-10;-16;-9;-12;-8;-7;-8;-2;-9;3;-10;8;-12;13;-14;17;-16;21;-17;24;-19;27;-21;29;-22;30;-22;30;-22;29;-21;28;-19;26;-125;0;-27;-10;-27;-10;-27;-9;-27;-8;-27;-8;-27;-7;-26;-6;-26;-5;-26;-5;-25;-4;-25;-4;-25;-4;-25;-3;-25;-3;-25;-3;-25;-3;-25;-3;-25;-3;-24;-3;-24;-3;-23;-3;-23;-3;-22;-4;-22;-4;-22;-4;-21;-5;-21;-6;-21;-7;-8;-3;-3;-1;0;0;1;0;0;0;-3;-2;-8;-5;-21;-13;-20;-14;-19;-15;-19;-16;-18;-17;-18;-17;-17;-18;-17;-18;-17;-18;-17;-18;-16;-18;-16;-18;-16;-18;-16;-18;-16;-17;-16;-16;-16;-16;-16;-15;-17;-15;-18;-15;-19;-14;-20;-14;-21;-13;-22;-13;-23;-13;-24;-13;-25;-13;-26;-12;-125;0;-7;49;-7;48;-7;47;-7;46;-6;44;-5;43;-5;41;-4;40;-4;39;-4;38;-3;37;-3;36;-3;35;-3;34;-3;33;-3;33;-3;32;-4;31;-4;30;-4;29;-4;28;-5;27;-5;26;-6;25;-6;25;-8;24;-9;23;-10;23;-4;8;-2;2;0;-1;-1;-2;-1;-1;0;2;1;8;3;24;2;24;1;25;1;26;0;27;0;28;-1;29;-1;30;-2;31;-2;33;-3;34;-4;34;-5;35;-6;36;-6;36;-6;37;-6;38;-6;38;-6;40;-6;41;-6;42;-6;43;-6;45;-6;46;-6;48;-6;49;-7;49;-7;50,transition,EXP_S055,ZONE_01,sortie_zone,4.7,sortie_zone,sortie de la zone
9943772201,-51,6,a0:9f:7a:73:2b:3e,384,-110;-96;8;0;-16;2;-11;5;-6;9;-1;13;3;17;6;21;7;24;8;27;8;28;8;29;7;29;5;29;4;27;2;24;1;20;0;16;0;11;1;6;3;1;5;-3;8;-6;11;-8;14;-10;17;-10;19;-9;5;-3;0;0;0;0;0;0;0;0;0;0;0;0;0;0;0;0;0;0;-1;-5;-2;-19;-1;-22;2;-24;5;-26;7;-27;9;-26;10;-25;11;-22;10;-19;8;-16;5;-13;1;-10;-3;-8;-8;-6;-13;-5;-17;-4;-22;-3;-26;-3;-30;-3;-34;-3;-36;-3;-37;-4;-37;-4;-37;-5;-35;-5;-33;-4;119;0;-9;-13;-8;-12;-8;-12;-7;-11;-7;-12;-7;-12;-8;-12;-9;-11;-9;-10;-9;-10;-9;-9;-8;-9;-8;-9;-9;-10;-9;-10;-10;-10;-10;-9;-10;-9;-9;-8;-8;-8;-8;-9;-8;-9;-8;-9;-8;-9;-8;-9;-8;-8;-7;-8;-7;-8;-3;-3;-1;-1;0;0;0;0;-1;0;-1;-2;-1;-5;-2;-12;-2;-12;-1;-13;-1;-13;-1;-13;-1;-12;-1;-12;0;-12;1;-12;1;-12;1;-13;1;-13;0;-12;0;-12;0;-11;0;-11;0;-11;0;-11;-1;-12;-2;-12;-3;-12;-4;-12;-4;-11;-4;-11;-4;-12;-4;-13;-5;-13;-6;-14;119;0;-19;16;-19;16;-19;16;-19;15;-18;14;-17;14;-16;14;-15;13;-14;14;-14;13;-14;13;-13;13;-13;12;-13;12;-12;11;-12;11;-11;11;-11;11;-11;11;-12;10;-11;10;-11;9;-11;8;-10;8;-10;8;-11;7;-11;7;-11;7;-4;2;-2;0;0;-1;0;-1;0;-1;-1;1;-3;3;-9;9;-9;9;-9;9;-9;9;-10;9;-10;9;-11;10;-12;10;-13;10;-13;10;-14;10;-14;10;-14;10;-15;11;-15;11;-16;11;-16;11;-16;11;-16;11;-16;12;-17;13;-17;14;-18;15;-18;15;-19;16;-20;15;-20;15;-20;16,transition,EXP_S055,ZONE_01,sortie_zone,4.7,sortie_zone,sortie de la zone
9943972269,-51,6,a0:9f:7a:73:2b:3e,384,-110;-96;8;0;-2;16;2;11;8;7;13;4;18;1;22;-1;26;-2;29;-2;31;-1;31;0;31;1;30;2;28;2;25;3;21;3;16;3;11;1;6;-1;2;-4;-1;-7;-4;-10;-5;-14;-5;-17;-5;-20;-4;-22;-1;-6;0;0;0;0;0;0;0;0;0;0;0;0;0;0;0;0;0;0;-5;-1;-19;-4;-21;-7;-23;-10;-24;-13;-24;-15;-23;-17;-21;-18;-19;-17;-16;-16;-14;-13;-11;-10;-10;-5;-9;-1;-8;5;-8;10;-9;15;-9;20;-10;24;-11;28;-11;31;-12;34;-13;35;-14;35;-15;34;-14;32;-13;30;123;0;-14;4;-13;4;-13;4;-13;3;-13;3;-13;3;-13;4;-13;5;-12;6;-11;6;-11;6;-10;6;-11;6;-11;6;-11;6;-11;7;-10;7;-10;7;-9;7;-9;6;-9;6;-10;6;-10;6;-9;6;-9;6;-9;6;-8;5;-8;5;-3;1;-1;0;0;-1;0;0;0;0;-2;-1;-5;-2;-12;-4;-12;-4;-12;-5;-12;-5;-12;-5;-12;-5;-11;-5;-11;-6;-11;-6;-11;-7;-11;-7;-12;-6;-12;-6;-11;-5;-11;-4;-10;-4;-10;-5;-11;-5;-11;-4;-12;-3;-13;-2;-12;-1;-12;0;-12;0;-13;0;-13;0;-14;0;-15;1;123;0;11;22;11;22;11;22;10;21;10;20;10;19;10;18;10;17;10;16;10;15;10;15;10;15;10;14;10;14;10;13;10;13;10;12;10;12;9;12;9;12;8;12;8;11;7;11;7;10;7;10;7;10;6;11;6;11;2;4;0;1;-1;-1;-1;-1;-1;-1;0;1;1;4;5;11;4;11;4;11;4;12;4;12;5;13;5;14;5;15;4;15;4;16;4;16;4;16;5;17;5;17;5;18;5;18;5;19;5;19;6;19;6;19;7;20;8;20;9;21;9;22;10;22;10;23;10;23;11;23,transition,EXP_S055,ZONE_01,sortie_zone,4.7,sortie_zone,sortie de la zone
9944173067,-51,6,a0:9f:7a:73:2b:3e,384,-110;-96;8;0;11;-8;5;-8;-1;-10;-6;-11;-11;-13;-15;-15;-18;-16;-20;-18;-21;-20;-21;-20;-20;-21;-19;-21;-17;-20;-14;-19;-11;-16;-9;-13;-6;-9;-4;-5;-3;0;-3;4;-4;8;-5;12;-6;14;-8;16;-10;17;-3;4;0;0;0;0;0;0;0;0;0;0;0;0;0;0;0;0;0;0;1;3;5;15;5;18;3;21;1;23;-1;24;-3;24;-4;23;-5;21;-5;18;-4;15;-2;12;0;8;4;5;7;2;11;-1;15;-3;18;-5;21;-7;25;-9;28;-10;30;-10;31;-11;32;-11;31;-10;29;-9;27;-9;118;0;10;8;9;8;9;7;9;7;9;7;9;7;9;7;10;6;10;6;10;5;9;5;9;5;9;5;10;5;10;5;10;5;10;4;9;4;9;4;9;4;8;4;8;5;8;5;8;4;8;4;8;4;7;5;7;5;2;1;0;0;-1;-1;-1;-1;-1;-1;0;0;2;3;5;9;5;9;4;10;4;10;3;10;3;10;3;10;2;10;2;10;2;10;2;10;2;10;3;10;3;9;3;9;3;9;3;9;3;9;3;9;4;9;5;9;5;8;6;8;6;8;6;8;7;9;7;9;8;9;118;0;10;-20;11;-20;11;-19;10;-19;10;-18;9;-17;9;-17;8;-16;7;-16;6;-16;6;-16;6;-16;6;-15;6;-15;6;-14;6;-14;5;-14;5;-14;6;-13;6;-13;6;-12;6;-11;6;-11;5;-11;5;-10;6;-10;6;-10;7;-9;2;-4;0;-1;-1;0;-1;0;-1;0;0;-2;1;-4;3;-11;4;-11;4;-11;4;-11;5;-11;5;-12;6;-12;6;-13;7;-13;7;-13;7;-13;8;-13;8;-14;8;-14;9;-14;9;-15;9;-15;9;-15;9;-15;9;-16;9;-17;9;-17;10;-18;10;-19;11;-19;11;-20;11;-20;11;-20,transition,EXP_S055,ZONE_01,sortie_zone,4.7,sortie_zone,sortie de la zone
9944372441,-51,6,a0:9f:7a:73:2b:3e,384,-110;-96;8;0;-15;-3;-11;2;-8;6;-5;11;-3;16;-2;20;-1;23;-1;26;-2;27;-2;28;-3;28;-5;27;-6;24;-6;22;-6;18;-5;14;-3;10;-1;6;2;2;6;0;9;-2;12;-3;15;-3;18;-2;19;-1;5;-1;0;0;0;0;0;0;0;0;0;0;0;0;0;0;0;0;0;0;0;-4;2;-17;4;-19;7;-21;9;-22;12;-22;14;-21;14;-19;14;-17;13;-15;11;-12;7;-10;3;-9;-1;-8;-6;-7;-10;-7;-14;-8;-19;-9;-22;-9;-26;-11;-28;-12;-30;-13;-32;-13;-32;-14;-31;-14;-29;-13;-27;-12;124;0;2;-26;2;-26;2;-25;2;-24;2;-24;1;-24;0;-24;-1;-24;-2;-24;-3;-23;-3;-22;-3;-22;-3;-22;-3;-22;-3;-23;-4;-23;-4;-22;-4;-22;-3;-21;-3;-21;-2;-20;-2;-20;-2;-20;-3;-20;-2;-19;-2;-19;-1;-19;0;-19;0;-7;0;-3;0;0;-1;1;-1;0;0;-3;2;-7;8;-20;9;-19;10;-19;11;-19;12;-18;12;-18;12;-17;13;-17;13;-16;14;-16;14;-16;13;-17;13;-17;12;-17;12;-16;11;-16;11;-16;11;-17;10;-17;9;-18;8;-19;7;-20;7;-20;6;-21;6;-22;6;-23;5;-24;5;-25;124;0;-47;3;-46;3;-45;3;-44;3;-42;3;-40;3;-39;3;-37;4;-36;5;-35;5;-34;5;-34;5;-33;5;-32;5;-32;5;-31;5;-30;5;-30;4;-29;4;-28;3;-28;3;-26;2;-26;1;-25;1;-24;0;-24;0;-24;-1;-24;-2;-9;-1;-3;-1;0;-1;1;-1;0;-1;-3;0;-8;2;-22;5;-23;5;-23;4;-24;4;-25;4;-26;3;-27;3;-29;3;-30;2;-31;1;-32;1;-32;0;-33;0;-34;0;-34;0;-35;0;-36;0;-36;0;-37;0;-38;1;-40;2;-41;3;-43;3;-44;3;-45;3;-46;3;-46;3;-47;3,transition,EXP_S055,ZONE_01,sortie_zone,4.7,sortie_zone,sortie de la zone
9944572464,-51,6,a0:9f:7a:73:2b:3e,384,-110;-96;8;0;3;15;6;9;10;3;13;-2;17;-5;20;-9;24;-11;26;-12;28;-12;29;-12;29;-11;28;-9;27;-7;24;-5;20;-4;16;-3;11;-2;6;-3;1;-4;-3;-6;-6;-9;-9;-12;-11;-14;-11;-17;-11;-19;-3;-5;0;0;0;0;0;0;0;0;0;0;0;0;0;0;0;0;0;0;-5;1;-19;4;-22;2;-25;0;-27;-2;-28;-5;-28;-7;-26;-8;-24;-9;-21;-9;-17;-7;-14;-5;-10;-1;-7;3;-5;8;-3;12;-2;17;-1;21;0;26;0;29;1;33;1;35;0;37;0;37;0;36;0;34;0;32;126;0;-14;4;-14;4;-13;3;-13;3;-13;3;-13;3;-13;4;-13;5;-12;5;-12;5;-11;5;-11;5;-11;5;-11;5;-12;5;-12;5;-11;6;-11;5;-10;5;-10;5;-10;4;-10;4;-11;4;-10;4;-10;4;-10;4;-10;3;-10;3;-4;1;-1;0;0;-1;0;0;0;0;-2;0;-5;-1;-12;-1;-12;-2;-13;-2;-13;-3;-13;-3;-12;-3;-12;-3;-12;-4;-12;-4;-12;-4;-12;-5;-12;-4;-12;-4;-11;-4;-11;-3;-11;-3;-11;-3;-11;-3;-12;-3;-12;-2;-13;-1;-12;0;-12;0;-12;0;-13;0;-13;0;-14;1;-14;1;126;0;11;22;11;22;10;22;10;21;9;20;9;19;9;18;9;17;9;16;9;16;9;16;9;15;9;15;8;15;8;14;8;14;8;13;8;13;7;13;7;13;6;13;6;12;5;12;5;11;5;11;4;11;3;12;3;12;1;4;0;1;-1;-1;-1;-1;-1;-1;0;1;2;3;7;9;7;10;7;10;7;10;7;11;7;12;7;12;7;13;7;14;7;14;7;15;7;15;7;16;7;16;7;17;7;17;7;18;7;18;7;18;8;18;9;19;9;19;10;20;10;21;10;22;10;22;11;22;11;22,transition,EXP_S055,ZONE_01,sortie_zone,4.7,sortie_zone,sortie de la zone
9944775820,-50,6,a0:9f:7a:73:2b:3e,384,-110;-96;8;0;2;-15;-3;-11;-7;-8;-12;-5;-16;-3;-21;-2;-24;-2;-27;-2;-29;-2;-29;-3;-29;-4;-28;-5;-26;-6;-23;-6;-19;-6;-15;-5;-11;-4;-7;-1;-4;2;-1;5;1;9;1;12;2;15;1;18;0;19;-1;4;0;0;0;0;0;0;0;0;0;0;0;0;0;0;0;0;0;0;4;0;16;1;18;3;21;5;22;8;22;11;21;13;19;14;17;14;15;12;12;10;10;7;8;3;7;-1;6;-6;6;-10;6;-15;7;-19;8;-23;9;-26;10;-29;11;-31;12;-32;12;-33;12;-32;12;-30;11;-28;126;0;12;-4;12;-4;11;-3;11;-3;11;-3;11;-4;11;-4;11;-5;10;-5;10;-5;9;-5;9;-5;9;-5;9;-5;10;-5;10;-6;9;-6;9;-6;9;-5;9;-5;9;-5;9;-4;9;-4;9;-5;9;-4;8;-4;8;-4;8;-3;3;-1;0;-1;-1;0;-1;-1;-1;-1;1;-1;3;0;10;0;10;1;10;1;10;2;10;2;10;2;10;2;9;2;9;3;10;3;10;3;10;3;10;3;9;2;9;2;8;2;8;2;9;2;9;2;10;1;10;0;10;0;10;-1;10;-1;11;-1;11;-1;12;-1;12;-1;126;0;-10;-22;-10;-22;-9;-22;-9;-21;-9;-20;-9;-19;-8;-18;-8;-17;-9;-17;-9;-16;-9;-16;-9;-16;-8;-15;-8;-15;-8;-14;-7;-14;-7;-14;-7;-14;-7;-14;-6;-14;-6;-13;-5;-13;-5;-12;-5;-12;-5;-12;-4;-12;-4;-12;-3;-12;-1;-5;-1;-2;0;0;0;0;0;0;-1;-1;-3;-4;-8;-10;-7;-10;-7;-10;-7;-11;-7;-11;-7;-12;-7;-12;-7;-13;-7;-14;-7;-14;-7;-15;-7;-15;-7;-16;-7;-16;-7;-17;-7;-17;-7;-18;-7;-18;-7;-18;-8;-18;-8;-19;-9;-19;-9;-20;-9;-21;-10;-21;-10;-22;-10;-22;-10;-22,transition,EXP_S055,ZONE_01,sortie_zone,4.7,sortie_zone,sortie de la zone
9944973123,-51,6,a0:9f:7a:73:2b:3e,384,-110;-96;8;0;4;15;7;9;10;4;13;-1;17;-5;20;-8;23;-10;26;-10;27;-11;29;-10;29;-9;28;-7;26;-6;24;-4;20;-3;16;-2;11;-2;7;-3;2;-4;-2;-7;-5;-10;-7;-13;-8;-16;-8;-18;-8;-20;-2;-6;0;0;0;0;0;0;0;0;0;0;0;0;0;0;0;0;0;0;-4;1;-17;7;-20;6;-23;5;-26;3;-27;1;-27;-1;-26;-3;-24;-4;-21;-4;-18;-4;-14;-2;-11;1;-8;4;-5;8;-2;12;-1;17;1;21;2;25;3;28;3;31;3;34;3;35;2;36;2;35;2;33;1;31;127;0;-12;6;-12;6;-11;6;-11;6;-11;6;-12;6;-11;6;-11;7;-10;7;-9;7;-9;7;-9;7;-9;7;-9;7;-9;7;-9;8;-9;8;-8;7;-8;7;-8;6;-9;6;-9;6;-9;6;-8;6;-8;6;-8;6;-8;5;-8;5;-3;1;-1;0;0;-1;0;-1;0;-1;-2;0;-4;0;-11;2;-12;1;-12;1;-12;0;-12;0;-12;0;-11;-1;-11;-1;-11;-2;-12;-2;-12;-2;-12;-1;-11;-1;-11;-1;-11;0;-10;-1;-11;-1;-11;-1;-11;0;-11;1;-11;2;-11;3;-11;3;-11;3;-11;3;-12;3;-13;4;-13;4;127;0;16;18;15;18;15;18;14;18;14;17;13;16;13;15;13;14;13;13;13;13;13;12;12;12;12;12;12;12;11;11;11;11;11;11;11;11;10;11;10;11;9;11;8;10;8;10;8;10;7;10;7;10;6;10;6;11;2;4;0;1;-1;-1;-1;-1;-1;-1;1;0;3;2;9;7;9;7;9;8;9;8;9;9;10;9;10;10;10;11;10;12;10;12;10;12;10;13;10;13;11;13;11;14;11;15;11;15;11;15;12;15;12;16;13;16;14;16;14;17;15;17;15;18;16;18;16;18;16;18,transition,EXP_S055,ZONE_01,sortie_zone,4.7,sortie_zone,sortie de la zone
9945172160,-51,6,a0:9f:7a:73:2b:3e,384,-110;-96;8;0;15;-1;10;-5;7;-9;4;-13;1;-17;0;-20;-1;-24;-1;-26;-1;-28;-1;-28;0;-28;2;-27;3;-25;4;-22;4;-19;3;-15;2;-11;0;-7;-3;-4;-6;-2;-10;0;-13;1;-16;1;-18;0;-19;-2;-5;-1;0;0;0;0;0;0;0;0;0;0;0;0;0;0;0;0;0;0;1;3;4;16;3;18;1;21;-1;22;-4;23;-6;23;-7;22;-8;20;-8;17;-6;15;-4;12;-1;9;3;7;7;5;11;4;15;3;18;3;22;3;26;3;29;4;31;4;32;5;32;5;32;5;30;5;28;5;-120;0;0;11;0;11;0;11;0;11;0;11;1;11;1;10;1;10;2;10;2;10;2;9;2;9;2;9;2;9;3;9;3;9;3;9;3;9;3;9;3;9;2;9;2;8;2;8;2;8;2;8;2;8;2;8;1;8;0;3;0;0;-1;-1;0;-1;0;-1;-1;1;-2;3;-4;9;-5;9;-5;8;-5;8;-5;8;-6;8;-6;8;-6;8;-6;8;-6;8;-6;8;-6;8;-6;8;-6;7;-5;7;-5;7;-5;7;-5;8;-5;8;-4;8;-4;9;-3;9;-3;9;-3;9;-2;10;-2;10;-2;11;-2;11;-120;0;22;-5;22;-5;21;-5;21;-5;20;-5;19;-5;18;-5;17;-6;17;-6;16;-6;16;-6;15;-6;15;-6;14;-6;14;-6;14;-6;13;-5;13;-5;13;-5;13;-5;12;-5;12;-4;11;-4;11;-4;11;-3;11;-3;11;-2;11;-2;4;-1;1;-1;-1;0;-1;0;-1;0;1;-1;3;-2;10;-5;10;-4;11;-4;11;-4;11;-3;12;-3;13;-3;13;-3;14;-3;14;-3;15;-3;15;-3;16;-3;16;-3;16;-3;17;-3;17;-3;18;-3;18;-3;18;-3;19;-4;19;-4;20;-5;21;-5;21;-5;22;-5;22;-6;22;-6,transition,EXP_S055,ZONE_01,sortie_zone,4.7,sortie_zone,sortie de la zone
9945376060,-51,6,a0:9f:7a:73:2b:3e,384,-110;-96;8;0;6;-15;0;-12;-6;-10;-12;-8;-17;-7;-22;-7;-25;-7;-28;-8;-29;-9;-30;-10;-29;-11;-28;-12;-26;-12;-22;-12;-19;-11;-14;-9;-10;-6;-7;-3;-4;1;-2;6;-1;9;-1;13;-1;16;-3;19;-4;20;-1;5;0;0;0;0;0;0;0;0;0;0;0;0;0;0;0;0;0;0;4;1;16;7;18;9;19;13;19;16;18;19;17;20;15;21;13;20;11;18;9;14;8;11;7;6;7;1;8;-4;9;-9;11;-13;13;-17;15;-21;17;-24;18;-27;20;-29;21;-30;22;-30;22;-29;21;-27;20;-26;-124;0;25;11;25;10;24;10;24;10;24;9;24;9;24;8;24;7;24;6;23;5;23;5;23;4;22;4;23;4;23;4;23;3;23;3;22;3;21;4;21;4;20;4;20;4;20;4;20;4;20;4;19;5;19;5;18;6;6;2;1;0;-1;-1;-2;-1;-1;-1;2;1;6;5;18;14;17;15;16;16;15;17;15;17;14;17;14;17;14;18;13;18;13;19;13;19;13;19;12;18;12;18;12;17;12;17;13;16;13;16;14;16;15;15;17;15;18;14;18;14;19;13;20;13;21;13;22;13;23;13;-124;0;10;-49;10;-48;10;-48;10;-46;9;-45;9;-43;8;-41;7;-40;6;-39;5;-38;5;-37;4;-36;4;-35;4;-35;4;-34;4;-33;4;-33;5;-32;5;-31;5;-30;6;-29;6;-28;6;-27;6;-26;6;-25;7;-24;8;-24;9;-23;3;-9;1;-3;-1;0;0;1;-1;0;-1;-3;-1;-9;-2;-24;-1;-25;0;-25;1;-26;2;-27;3;-28;3;-29;4;-31;4;-32;5;-33;6;-34;7;-34;7;-35;8;-36;8;-36;9;-37;9;-38;9;-38;9;-39;9;-40;9;-42;9;-43;9;-45;9;-46;9;-48;9;-49;9;-50;9;-50,transition,EXP_S055,ZONE_01,sortie_zone,4.7,sortie_zone,sortie de la zone
9945572553,-51,6,a0:9f:7a:73:2b:3e,384,-110;-96;8;0;14;-9;7;-10;1;-12;-4;-14;-9;-17;-13;-20;-16;-22;-17;-25;-18;-26;-18;-27;-17;-28;-15;-27;-13;-26;-10;-24;-8;-20;-6;-16;-5;-12;-5;-7;-5;-1;-6;3;-8;7;-10;10;-13;12;-16;13;-18;13;-5;3;0;0;0;0;0;0;0;0;0;0;0;0;0;0;0;0;0;0;2;3;9;16;8;19;7;23;5;25;3;27;1;27;-1;26;-2;24;-2;21;-2;17;-1;13;2;9;5;5;9;2;13;-1;17;-4;21;-6;25;-7;28;-9;32;-10;34;-10;36;-10;36;-10;35;-9;34;-9;31;-8;122;0;8;11;8;10;8;10;8;10;8;10;8;10;8;10;9;9;9;8;9;7;9;7;9;7;9;7;9;7;9;7;9;7;9;6;9;6;9;6;8;6;8;6;8;6;8;6;8;6;8;6;7;6;7;6;7;6;2;2;0;0;-1;-1;-1;-1;-1;-1;0;1;1;4;3;11;2;11;2;11;1;12;1;12;1;11;1;11;0;11;0;11;-1;11;-1;12;0;11;0;11;0;11;0;10;0;10;0;10;1;10;1;11;2;11;3;11;4;10;4;10;4;10;5;10;5;11;6;11;6;12;122;0;16;-20;16;-20;16;-20;16;-19;15;-18;14;-17;13;-17;12;-17;11;-16;11;-16;10;-16;10;-16;10;-16;10;-15;9;-15;9;-15;9;-14;9;-14;9;-14;9;-13;9;-13;9;-12;8;-11;8;-11;8;-10;8;-10;9;-10;9;-9;3;-4;1;-1;-1;0;-1;0;-1;0;0;-2;2;-4;6;-11;6;-11;7;-11;7;-11;8;-11;8;-12;9;-12;10;-12;10;-13;11;-13;11;-13;12;-13;12;-13;13;-14;13;-14;13;-14;14;-14;14;-14;14;-15;14;-16;14;-17;14;-18;15;-18;15;-19;16;-19;16;-20;16;-20;16;-20,transition,EXP_S055,ZONE_01,sortie_zone,4.7,sortie_zone,sortie de la zone
9945772507,-51,6,a0:9f:7a:73:2b:3e,384,-110;-96;8;0;-13;-11;-12;-5;-11;2;-12;8;-12;13;-13;18;-15;21;-17;23;-18;24;-19;24;-20;24;-20;22;-20;20;-18;17;-16;14;-13;10;-9;7;-5;5;0;4;5;3;9;3;12;4;15;6;17;8;18;10;4;2;0;0;0;0;0;0;0;0;0;0;0;0;0;0;0;0;0;0;2;-4;12;-14;15;-15;19;-15;22;-14;24;-13;25;-11;24;-9;23;-7;20;-5;17;-5;13;-5;8;-6;3;-7;-1;-10;-6;-13;-9;-16;-13;-19;-15;-22;-18;-25;-20;-27;-21;-29;-22;-31;-21;-31;-21;-31;-20;-29;-18;-28;125;0;16;-23;16;-22;15;-22;15;-21;15;-21;15;-22;14;-23;12;-23;11;-23;10;-23;9;-22;9;-22;9;-22;9;-22;9;-23;9;-23;8;-23;7;-23;7;-22;7;-21;8;-20;8;-20;8;-20;8;-20;8;-20;8;-19;8;-18;9;-18;3;-7;1;-2;-1;0;-2;0;-1;0;2;-2;7;-5;19;-13;20;-12;21;-11;22;-11;22;-10;21;-10;21;-9;21;-8;22;-7;22;-7;23;-7;22;-7;22;-8;21;-8;20;-8;19;-8;19;-8;19;-9;20;-10;20;-11;19;-13;18;-15;18;-15;17;-16;18;-16;19;-17;19;-18;20;-19;125;0;-47;-23;-46;-23;-45;-22;-43;-22;-42;-21;-40;-19;-39;-18;-38;-16;-37;-15;-36;-14;-36;-13;-35;-13;-35;-13;-34;-13;-33;-12;-32;-12;-31;-12;-31;-12;-30;-12;-29;-12;-28;-12;-27;-12;-25;-12;-24;-12;-24;-12;-23;-12;-22;-13;-22;-14;-8;-6;-3;-2;0;0;1;0;0;0;-3;-1;-9;-3;-25;-7;-24;-8;-24;-9;-25;-10;-25;-11;-26;-12;-28;-13;-29;-14;-30;-15;-30;-16;-30;-17;-31;-17;-31;-18;-32;-18;-33;-19;-34;-20;-34;-21;-34;-21;-35;-21;-36;-20;-38;-20;-40;-20;-42;-21;-43;-21;-45;-22;-45;-23;-46;-23;-46;-23,transition,EXP_S055,ZONE_01,sortie_zone,4.7,sortie_zone,sortie de la zone
9945973599,-51,6,a0:9f:7a:73:2b:3e,384,-110;-96;8;0;5;14;7;8;10;3;13;-3;16;-7;19;-10;22;-13;25;-14;27;-14;27;-14;28;-13;27;-11;26;-9;23;-7;20;-5;16;-4;11;-3;6;-3;1;-4;-3;-6;-7;-9;-9;-11;-11;-14;-11;-17;-11;-19;-3;-5;0;0;0;0;0;0;0;0;0;0;0;0;0;0;0;0;0;0;-4;2;-17;8;-20;7;-24;6;-26;4;-27;2;-28;-1;-27;-2;-25;-4;-22;-4;-18;-3;-15;-1;-11;1;-7;4;-4;8;-1;13;1;17;3;21;4;25;5;28;6;32;6;34;6;36;5;37;5;36;4;34;4;31;119;0;-11;9;-11;8;-11;8;-11;7;-11;7;-11;8;-11;8;-10;9;-9;9;-8;9;-8;8;-8;8;-8;8;-9;8;-9;9;-9;9;-8;9;-8;9;-7;8;-7;7;-8;7;-8;7;-8;7;-8;7;-8;7;-8;7;-8;6;-8;6;-3;2;-1;0;0;-1;0;-1;0;-1;-2;0;-4;1;-11;4;-11;4;-12;3;-12;3;-12;3;-12;3;-12;2;-12;1;-12;1;-12;1;-13;1;-13;1;-12;1;-12;2;-11;2;-11;1;-11;1;-11;1;-11;2;-12;3;-11;4;-11;5;-11;5;-11;5;-11;5;-12;5;-12;6;-13;6;119;0;19;16;18;16;18;16;17;15;16;15;16;14;15;13;15;12;15;11;14;11;14;11;14;11;13;11;13;10;12;10;12;10;12;10;12;9;12;10;11;10;10;9;9;9;9;9;8;9;8;9;8;9;7;9;7;10;2;3;0;1;-1;-1;-1;-1;-1;-1;1;0;4;1;11;5;11;5;11;6;11;6;11;6;12;7;12;8;13;8;13;9;13;10;13;10;13;10;13;11;13;11;14;12;14;12;14;13;14;13;14;13;15;13;16;13;17;13;18;14;18;15;18;15;19;16;19;16;19;16,transition,EXP_S055,ZONE_01,sortie_zone,4.7,sortie_zone,sortie de la zone
9946187216,-51,6,a0:9f:7a:73:2b:3e,384,-110;-96;8;0;-13;-10;-12;-4;-11;3;-10;9;-10;14;-11;19;-12;22;-13;25;-14;26;-15;26;-16;25;-17;24;-16;22;-15;18;-13;15;-11;12;-8;8;-4;5;1;3;5;2;9;1;13;2;16;3;18;4;19;6;4;1;0;0;0;0;0;0;0;0;0;0;0;0;0;0;0;0;0;0;2;-4;11;-14;14;-15;18;-15;21;-14;23;-13;24;-11;24;-9;22;-8;20;-6;16;-5;12;-5;8;-6;3;-7;-1;-9;-6;-12;-10;-15;-13;-17;-16;-20;-19;-22;-22;-25;-23;-27;-24;-28;-24;-29;-23;-28;-21;-27;-20;-25;-128;0;14;-24;13;-25;13;-25;11;-26;9;-25;8;-25;8;-24;7;-23;7;-23;6;-23;6;-24;5;-24;4;-24;3;-23;3;-23;3;-23;3;-23;4;-23;4;-23;3;-23;3;-22;3;-22;3;-21;3;-20;4;-20;5;-20;5;-20;6;-20;2;-8;0;-3;-1;0;-2;1;-1;0;1;-2;6;-6;17;-17;17;-16;18;-14;19;-13;19;-11;20;-11;20;-11;20;-12;20;-12;20;-12;20;-11;19;-10;19;-10;19;-10;19;-11;18;-12;18;-13;16;-13;15;-14;15;-14;15;-15;16;-16;16;-17;16;-19;15;-21;14;-22;13;-22;13;-22;-128;0;-47;-15;-46;-15;-45;-14;-44;-13;-43;-11;-41;-10;-41;-10;-40;-10;-38;-9;-37;-8;-36;-7;-35;-6;-35;-5;-34;-5;-34;-5;-34;-5;-32;-6;-31;-6;-30;-6;-29;-6;-28;-6;-27;-6;-27;-6;-26;-6;-25;-7;-24;-8;-23;-9;-23;-9;-8;-4;-3;-2;0;0;1;0;0;0;-3;-1;-9;-1;-24;-3;-24;-4;-25;-5;-26;-7;-26;-8;-27;-8;-27;-9;-28;-9;-30;-10;-31;-11;-32;-12;-33;-13;-33;-13;-33;-14;-33;-14;-34;-14;-35;-14;-36;-14;-38;-14;-39;-14;-41;-14;-42;-14;-43;-14;-44;-13;-45;-13;-47;-13;-48;-14;-49;-14,transition,EXP_S055,ZONE_01,sortie_zone,4.7,sortie_zone,sortie de la zone
9946372694,-51,6,a0:9f:7a:73:2b:3e,384,-110;-96;8;0;-9;-14;-10;-8;-12;-2;-14;4;-16;9;-18;12;-21;15;-23;17;-25;17;-26;17;-26;16;-26;14;-25;12;-22;10;-19;8;-15;6;-11;4;-6;4;-1;4;3;5;7;6;10;8;11;11;12;13;13;16;3;4;0;0;0;0;0;0;0;0;0;0;0;0;0;0;0;0;0;0;3;-3;14;-11;17;-11;21;-10;24;-9;25;-7;26;-5;25;-3;24;-2;21;-1;17;-1;13;-2;9;-4;5;-6;2;-10;-2;-13;-4;-17;-7;-21;-9;-25;-11;-28;-12;-31;-13;-33;-13;-35;-12;-35;-11;-35;-11;-33;-10;-31;-126;0;11;-8;11;-8;10;-8;10;-8;10;-8;10;-8;9;-9;9;-9;8;-9;8;-9;7;-9;7;-9;7;-9;7;-9;7;-9;7;-9;7;-9;6;-9;6;-9;6;-9;6;-9;6;-9;6;-9;6;-9;6;-8;6;-8;6;-8;6;-7;2;-3;0;-1;-1;0;-1;0;-1;0;1;-1;4;-1;11;-2;11;-2;11;-1;11;-1;11;0;11;0;11;0;11;0;11;1;11;1;11;1;11;1;11;0;10;0;10;0;10;-1;10;-1;10;-1;10;-2;10;-2;10;-3;10;-3;10;-4;11;-4;11;-5;11;-5;11;-6;11;-6;-126;0;-18;-19;-18;-18;-17;-18;-17;-17;-16;-17;-16;-16;-15;-15;-15;-14;-15;-13;-15;-13;-15;-12;-15;-11;-15;-11;-14;-11;-14;-11;-14;-11;-13;-10;-13;-10;-12;-10;-12;-10;-11;-10;-11;-10;-11;-9;-11;-9;-10;-9;-10;-9;-9;-9;-9;-10;-3;-4;-1;-2;0;0;0;0;0;0;-2;-1;-4;-3;-10;-8;-10;-9;-10;-9;-10;-10;-10;-10;-10;-11;-10;-12;-10;-12;-11;-13;-11;-13;-11;-14;-11;-14;-11;-15;-12;-15;-12;-15;-12;-15;-12;-16;-13;-16;-13;-16;-14;-17;-14;-17;-15;-17;-15;-18;-16;-18;-17;-18;-18;-18;-18;-18;-18;-19,transition,EXP_S055,ZONE_01,sortie_zone,4.7,sortie_zone,sortie de la zone
9946572691,-51,6,a0:9f:7a:73:2b:3e,384,-110;-96;8;0;10;-12;3;-11;-3;-11;-9;-11;-15;-11;-19;-12;-23;-13;-25;-14;-26;-16;-27;-17;-26;-18;-24;-18;-22;-18;-19;-16;-16;-14;-12;-12;-9;-8;-6;-4;-4;1;-3;5;-3;9;-3;13;-4;16;-6;18;-8;19;-2;4;0;0;0;0;0;0;0;0;0;0;0;0;0;0;0;0;0;0;3;3;12;13;12;16;12;20;11;23;9;24;8;25;6;25;4;23;3;21;2;17;2;13;4;8;6;4;8;-1;11;-5;14;-9;17;-12;21;-15;23;-18;26;-20;28;-21;29;-22;30;-21;30;-20;28;-19;26;-18;-125;0;26;10;25;9;24;9;24;9;24;9;24;8;25;7;25;6;25;4;24;3;23;2;23;2;23;2;23;2;24;2;24;1;24;1;23;0;22;1;21;1;21;2;21;2;21;2;21;1;20;1;20;1;19;2;18;2;6;1;1;0;-1;-1;-2;-2;-1;-1;1;1;6;5;16;17;16;17;15;18;14;19;14;19;14;19;13;19;12;19;11;20;11;20;12;21;12;21;12;20;12;18;12;17;12;17;12;17;12;17;14;17;15;17;17;16;18;14;18;13;19;13;20;13;21;13;22;14;23;14;-125;0;9;-49;9;-49;9;-48;8;-47;8;-45;8;-43;6;-41;5;-40;3;-38;2;-38;2;-37;1;-37;1;-36;1;-35;1;-33;1;-33;1;-32;1;-32;1;-31;2;-31;3;-29;3;-28;3;-27;3;-26;3;-25;3;-25;5;-25;6;-24;2;-9;0;-3;-1;0;-1;1;-1;0;0;-3;0;-9;1;-25;2;-25;3;-25;3;-26;4;-27;4;-28;5;-29;6;-30;7;-31;8;-32;9;-33;9;-33;9;-34;9;-35;10;-36;10;-37;11;-37;11;-38;11;-38;10;-40;9;-41;9;-43;9;-45;9;-46;9;-48;9;-49;9;-49;9;-50,transition,EXP_S055,ZONE_01,sortie_zone,4.7,sortie_zone,sortie de la zone
9946772442,-50,6,a0:9f:7a:73:2b:3e,384,-110;-96;8;0;3;-15;-2;-11;-7;-8;-12;-6;-17;-4;-21;-3;-25;-2;-27;-2;-29;-3;-30;-4;-29;-4;-28;-5;-26;-6;-23;-7;-19;-6;-15;-5;-11;-4;-7;-1;-3;2;-1;5;1;9;2;12;3;15;2;17;1;19;0;5;0;0;0;0;0;0;0;0;0;0;0;0;0;0;0;0;0;0;3;1;16;5;18;7;19;10;19;13;19;16;18;17;16;18;14;17;12;15;9;13;8;9;7;5;7;0;7;-5;8;-9;8;-14;10;-18;11;-22;12;-25;13;-28;15;-30;16;-31;16;-31;16;-30;15;-28;14;-27;-123;0;26;1;25;1;24;1;24;1;24;1;24;0;24;-1;24;-2;23;-4;22;-5;21;-5;21;-5;21;-5;21;-5;22;-5;22;-6;21;-6;21;-6;20;-6;19;-5;19;-5;19;-5;19;-5;19;-5;19;-5;18;-5;18;-4;18;-3;6;-1;1;-1;-1;0;-2;-1;-1;-1;2;0;7;3;19;10;19;11;19;12;18;12;18;13;17;13;17;13;16;13;16;14;16;14;16;15;16;14;16;13;16;12;16;12;15;12;15;12;16;11;17;11;18;10;19;9;20;7;20;7;21;6;22;6;23;6;24;6;25;6;-123;0;-7;-47;-7;-47;-7;-46;-6;-45;-6;-43;-6;-41;-7;-39;-7;-37;-8;-36;-9;-35;-10;-34;-10;-33;-9;-32;-9;-32;-9;-31;-9;-30;-9;-30;-8;-30;-8;-29;-7;-28;-6;-27;-6;-26;-6;-25;-5;-24;-5;-24;-4;-24;-3;-24;-2;-24;-1;-9;0;-3;0;0;0;1;0;0;-1;-3;-3;-8;-6;-23;-6;-23;-5;-23;-4;-24;-4;-25;-4;-26;-4;-28;-4;-29;-3;-30;-2;-31;-2;-32;-2;-32;-2;-33;-2;-34;-2;-35;-2;-36;-1;-37;-1;-37;-2;-38;-3;-38;-4;-40;-4;-41;-5;-43;-5;-44;-6;-45;-6;-46;-7;-47;-7;-47,transition,EXP_S055,ZONE_01,sortie_zone,4.7,sortie_zone,sortie de la zone
9946973008,-50,6,a0:9f:7a:73:2b:3e,384,-110;-96;8;0;1;15;4;10;9;4;13;0;17;-4;21;-6;25;-8;28;-9;29;-9;30;-9;30;-8;29;-7;28;-5;25;-3;21;-2;16;-1;11;-1;6;-2;1;-4;-3;-6;-6;-9;-9;-12;-11;-15;-11;-17;-11;-19;-3;-5;0;0;0;0;0;0;0;0;0;0;0;0;0;0;0;0;0;0;-5;0;-20;-1;-22;-3;-25;-6;-26;-9;-26;-12;-25;-14;-23;-15;-21;-15;-18;-14;-15;-11;-12;-8;-10;-4;-8;1;-7;6;-6;11;-5;16;-5;21;-5;26;-5;29;-5;33;-6;35;-7;37;-7;37;-6;37;-6;34;-5;32;-125;0;-15;1;-15;1;-15;1;-14;1;-14;2;-14;2;-14;2;-13;3;-13;3;-13;3;-13;4;-12;4;-12;4;-12;4;-12;4;-12;4;-12;4;-12;4;-12;4;-12;4;-11;4;-11;3;-11;3;-11;3;-11;3;-11;3;-11;2;-11;2;-4;0;-2;0;0;-1;0;0;0;0;-2;-1;-5;-2;-13;-4;-12;-4;-12;-5;-12;-5;-12;-6;-12;-6;-12;-6;-11;-6;-11;-6;-11;-6;-11;-7;-11;-6;-11;-6;-11;-6;-11;-6;-11;-5;-11;-5;-11;-5;-11;-4;-12;-4;-12;-3;-12;-3;-13;-3;-13;-2;-14;-2;-14;-2;-15;-1;-15;-1;-125;0;7;24;7;23;7;23;6;22;6;21;6;21;6;20;6;19;7;18;7;18;7;17;7;17;7;16;6;16;6;15;6;15;6;15;6;14;5;14;5;14;5;13;4;13;4;12;4;12;3;12;3;12;2;12;1;12;0;4;0;1;-1;-1;-1;-1;-1;-1;0;1;2;3;5;10;5;11;5;11;4;12;4;12;4;13;4;14;4;14;4;15;4;16;4;16;4;17;4;17;4;17;4;18;4;18;4;19;4;19;4;19;5;20;5;20;6;21;6;22;6;22;7;23;7;23;7;24;8;24,transition,EXP_S055,ZONE_01,sortie_zone,4.7,sortie_zone,sortie de la zone
9947175076,-50,6,a0:9f:7a:73:2b:3e,384,-110;-96;8;0;6;-16;0;-13;-6;-11;-12;-9;-17;-8;-22;-8;-26;-9;-29;-10;-30;-10;-31;-11;-31;-12;-29;-13;-26;-13;-23;-13;-19;-12;-15;-10;-11;-7;-7;-3;-5;1;-3;6;-2;10;-2;14;-3;17;-4;19;-6;21;-2;5;0;0;0;0;0;0;0;0;0;0;0;0;0;0;0;0;0;0;4;1;18;6;19;9;20;12;21;16;20;18;19;20;17;20;14;20;12;18;10;14;9;10;8;6;8;1;9;-5;10;-9;11;-14;13;-18;15;-22;17;-26;19;-28;20;-30;22;-31;22;-32;22;-31;21;-29;19;-28;121;0;24;14;23;14;23;13;23;12;23;12;23;11;23;10;24;9;23;8;23;7;23;6;23;5;23;5;24;5;23;5;23;5;23;5;22;5;22;5;21;5;21;5;20;5;20;5;20;5;20;5;19;5;19;6;19;6;6;2;1;0;-1;-1;-1;-2;-1;-1;1;1;5;6;14;19;13;19;12;20;11;21;10;21;10;21;9;21;9;21;8;22;8;22;8;22;8;21;9;21;9;20;9;20;9;20;10;19;10;19;11;19;12;18;14;17;15;17;16;17;17;16;18;16;19;16;20;16;21;16;121;0;17;-50;16;-50;16;-49;15;-47;14;-46;13;-44;12;-43;11;-41;9;-40;8;-39;8;-38;7;-38;7;-37;6;-37;6;-36;6;-35;6;-35;6;-34;7;-32;7;-31;7;-30;7;-29;7;-28;7;-27;7;-26;8;-26;9;-25;10;-25;3;-9;1;-3;-1;0;-1;1;-1;0;0;-3;1;-9;5;-25;5;-26;6;-26;8;-27;9;-27;9;-28;10;-29;11;-30;12;-31;13;-32;14;-33;14;-33;15;-34;15;-35;16;-35;16;-36;16;-37;16;-38;16;-39;16;-41;16;-42;16;-44;16;-45;16;-46;16;-48;16;-49;17;-50;17;-51,transition,EXP_S055,ZONE_01,sortie_zone,4.7,sortie_zone,sortie de la zone
9947372436,-51,6,a0:9f:7a:73:2b:3e,384,-110;-96;8;0;-14;-6;-11;-1;-9;5;-7;10;-6;15;-5;19;-5;23;-6;25;-6;26;-7;27;-7;27;-8;25;-9;23;-9;20;-8;17;-7;13;-5;9;-2;5;1;2;5;0;9;-1;12;-2;15;-2;17;-1;19;0;4;0;0;0;0;0;0;0;0;0;0;0;0;0;0;0;0;0;0;0;1;-4;8;-15;10;-16;13;-17;16;-17;18;-16;20;-15;20;-13;19;-11;17;-9;14;-8;10;-7;6;-7;1;-7;-3;-8;-8;-9;-12;-11;-16;-13;-19;-15;-22;-16;-25;-18;-26;-19;-27;-20;-27;-21;-27;-20;-25;-19;-24;-18;120;0;5;-26;5;-25;5;-24;5;-24;4;-24;4;-24;3;-24;2;-24;1;-24;0;-23;0;-22;0;-22;0;-22;-1;-23;-1;-23;-2;-23;-2;-23;-2;-22;-2;-21;-1;-21;-1;-21;-1;-20;-1;-20;-1;-20;-1;-20;0;-19;0;-19;1;-19;0;-7;0;-2;0;0;-1;1;-1;0;1;-3;4;-7;12;-18;13;-18;14;-17;14;-17;15;-16;15;-16;15;-15;15;-15;15;-15;16;-15;16;-15;16;-15;16;-15;15;-15;14;-14;14;-14;13;-14;13;-15;13;-16;12;-17;11;-18;10;-19;10;-20;9;-20;9;-21;9;-22;9;-23;9;-24;120;0;-46;-3;-45;-3;-44;-3;-43;-3;-42;-2;-40;-2;-38;-1;-37;0;-36;0;-35;1;-34;1;-33;1;-33;1;-32;1;-31;1;-30;1;-30;1;-29;1;-29;1;-28;0;-27;0;-26;0;-25;-1;-24;-1;-24;-1;-23;-2;-23;-3;-23;-4;-9;-2;-3;-1;0;0;1;-1;0;0;-3;0;-9;0;-23;1;-23;1;-23;0;-24;0;-25;-1;-26;-1;-27;-1;-28;-2;-30;-2;-30;-3;-31;-4;-31;-4;-32;-5;-33;-5;-34;-5;-34;-5;-35;-6;-35;-6;-36;-6;-37;-5;-39;-4;-40;-3;-42;-3;-43;-3;-44;-3;-45;-3;-46;-3;-46;-3,transition,EXP_S055,ZONE_01,sortie_zone,4.7,sortie_zone,sortie de la zone
9947572643,-51,6,a0:9f:7a:73:2b:3e,384,-110;-96;8;0;15;-5;9;-8;3;-11;-2;-14;-6;-18;-9;-21;-11;-24;-13;-27;-13;-28;-13;-30;-12;-30;-11;-29;-9;-27;-7;-25;-5;-21;-4;-17;-3;-12;-3;-7;-4;-2;-6;2;-8;6;-11;9;-14;11;-16;12;-18;12;-5;2;0;0;0;0;0;0;0;0;0;0;0;0;0;0;0;0;0;0;1;4;3;18;2;21;0;24;-3;26;-5;27;-7;26;-9;25;-9;23;-9;19;-7;16;-5;13;-1;10;3;7;7;4;12;2;17;1;21;0;25;-1;30;-2;33;-2;35;-2;37;-2;37;-1;37;-1;35;-1;33;-1;121;0;8;11;8;11;7;10;7;10;7;10;7;10;8;10;9;10;9;9;9;8;9;7;8;7;8;7;9;8;9;8;10;7;10;7;9;6;8;6;8;6;8;6;8;7;8;7;8;6;8;6;8;6;7;6;7;6;2;2;0;0;-1;-1;-1;-1;0;-1;0;1;0;4;1;11;0;11;0;12;0;12;0;12;0;11;-1;11;-1;11;-2;11;-2;11;-2;12;-2;12;-1;12;0;11;0;10;0;10;-1;10;-1;10;0;11;1;12;2;11;3;11;3;11;4;11;4;11;4;11;5;12;5;13;121;0;17;-19;17;-19;17;-18;17;-18;16;-17;15;-16;14;-16;13;-16;12;-16;11;-16;11;-16;11;-16;10;-15;10;-14;10;-14;9;-14;9;-14;9;-14;9;-13;9;-13;9;-12;9;-11;8;-11;8;-11;8;-10;8;-10;8;-10;9;-9;3;-4;1;-1;-1;0;-1;0;-1;0;0;-2;2;-4;8;-10;8;-10;8;-9;9;-9;9;-10;10;-10;11;-11;11;-11;12;-11;13;-11;13;-11;13;-11;13;-12;14;-12;14;-13;15;-13;15;-13;15;-13;15;-13;15;-14;15;-15;16;-16;16;-16;17;-17;17;-18;18;-18;17;-18;17;-19,transition,EXP_S055,ZONE_01,sortie_zone,4.7,sortie_zone,sortie de la zone
9947772483,-51,6,a0:9f:7a:73:2b:3e,384,-110;-96;8;0;-3;-16;-6;-11;-10;-6;-14;-1;-18;3;-22;5;-26;7;-28;8;-30;8;-31;7;-31;6;-30;5;-28;4;-25;3;-22;1;-17;1;-12;1;-7;2;-2;3;2;5;5;8;8;11;9;14;9;17;9;19;2;4;0;0;0;0;0;0;0;0;0;0;0;0;0;0;0;0;0;0;4;-1;18;0;21;1;23;4;25;7;25;9;25;11;23;12;21;12;18;11;15;9;12;6;9;2;7;-2;6;-7;5;-12;4;-17;4;-22;3;-26;3;-30;3;-34;4;-36;4;-38;5;-38;5;-37;5;-35;5;-33;123;0;12;-7;12;-7;11;-7;11;-7;11;-7;11;-7;11;-8;10;-8;10;-9;9;-9;8;-9;8;-9;8;-9;8;-9;8;-9;8;-10;8;-10;7;-9;7;-9;7;-9;7;-8;7;-8;7;-9;7;-9;7;-9;7;-8;6;-8;7;-7;2;-3;0;-1;-1;0;-1;-1;-1;-1;1;-1;4;0;12;0;12;1;12;1;12;1;12;1;11;2;11;2;11;2;11;3;11;3;11;3;12;2;11;2;11;1;10;1;10;1;10;1;10;1;11;0;11;-1;11;-2;11;-2;11;-3;11;-3;11;-3;12;-4;13;-4;13;-4;123;0;-16;-21;-16;-21;-16;-20;-15;-20;-15;-19;-14;-18;-14;-17;-14;-16;-14;-15;-14;-14;-14;-14;-14;-13;-14;-13;-14;-13;-13;-12;-13;-12;-13;-12;-13;-12;-12;-12;-12;-11;-11;-11;-10;-11;-10;-10;-10;-10;-10;-10;-9;-10;-9;-10;-8;-11;-3;-4;-1;-2;0;0;0;0;0;0;-1;-1;-3;-4;-8;-10;-8;-10;-8;-11;-8;-11;-8;-12;-8;-12;-9;-13;-9;-14;-9;-15;-9;-15;-9;-15;-9;-16;-10;-16;-10;-16;-10;-17;-10;-17;-10;-18;-10;-18;-11;-18;-11;-18;-12;-18;-13;-19;-14;-19;-15;-20;-15;-21;-15;-21;-16;-21;-16;-21,transition,EXP_S055,ZONE_01,sortie_zone,4.7,sortie_zone,sortie de la zone
9947972661,-51,6,a0:9f:7a:73:2b:3e,384,-110;-96;8;0;15;2;11;-3;8;-8;4;-14;2;-18;1;-23;0;-27;0;-30;0;-31;1;-32;2;-32;3;-31;4;-28;4;-25;4;-21;4;-17;2;-12;0;-8;-3;-4;-7;0;-10;2;-14;3;-17;4;-20;3;-22;2;-6;0;0;0;0;0;0;0;0;0;0;0;0;0;0;0;0;0;0;0;-1;4;-5;18;-8;20;-11;22;-14;22;-17;22;-18;21;-19;19;-19;16;-17;14;-14;12;-10;10;-6;8;0;7;5;7;10;8;14;8;19;9;23;10;27;11;30;13;32;14;33;15;34;15;33;15;31;15;29;14;121;0;0;14;0;13;0;13;-1;12;-1;13;0;13;0;13;1;13;2;12;2;12;2;11;2;11;2;11;2;11;2;12;3;12;3;11;3;11;3;10;2;10;2;10;2;10;2;10;2;10;2;10;2;10;2;9;1;9;0;3;0;1;-1;-1;0;-1;0;-1;-1;1;-2;3;-6;10;-6;10;-7;10;-7;10;-7;10;-7;10;-7;9;-8;9;-8;8;-8;8;-9;9;-8;9;-8;9;-7;9;-7;9;-7;8;-7;8;-7;9;-6;9;-6;10;-5;11;-4;11;-4;11;-3;11;-3;11;-3;12;-3;13;-3;13;121;0;25;-5;24;-5;24;-5;24;-5;23;-4;21;-4;20;-4;19;-5;18;-5;18;-6;18;-6;17;-6;17;-6;16;-5;16;-5;15;-5;15;-6;15;-5;15;-5;15;-4;14;-4;13;-4;13;-3;12;-3;12;-3;12;-3;12;-2;12;-2;4;-1;1;0;-1;0;-1;0;-1;0;1;-1;4;-2;12;-4;12;-4;12;-4;12;-3;13;-3;13;-3;14;-3;15;-3;16;-2;16;-2;16;-2;17;-2;17;-2;18;-2;18;-2;19;-2;19;-2;19;-2;20;-2;20;-3;21;-3;22;-4;23;-4;23;-4;24;-4;24;-5;25;-5;25;-5,transition,EXP_S055,ZONE_01,sortie_zone,4.7,sortie_zone,sortie de la zone
9948177294,-51,6,a0:9f:7a:73:2b:3e,384,-110;-96;8;0;11;10;10;4;10;-3;11;-9;11;-14;12;-19;14;-22;15;-25;17;-26;18;-26;19;-25;19;-24;18;-21;17;-19;15;-15;12;-12;8;-9;3;-6;-1;-5;-6;-4;-10;-4;-14;-5;-17;-6;-19;-8;-20;-10;-5;-3;0;0;0;0;0;0;0;0;0;0;0;0;0;0;0;0;0;0;-4;3;-14;13;-17;13;-21;13;-24;12;-26;10;-26;8;-26;7;-25;5;-22;3;-18;3;-14;3;-9;4;-5;6;0;9;4;12;8;15;11;18;14;21;16;24;19;26;20;29;21;30;20;31;19;31;18;29;17;27;-127;0;-14;25;-13;24;-13;24;-12;24;-12;24;-11;24;-11;24;-9;24;-8;24;-7;23;-6;23;-6;23;-6;23;-6;23;-6;23;-5;24;-5;24;-4;23;-4;22;-5;22;-5;21;-5;21;-5;21;-4;21;-4;21;-5;20;-5;19;-6;19;-2;6;-1;2;0;-1;1;-1;0;-1;-2;1;-7;5;-20;14;-20;13;-21;13;-21;12;-21;11;-21;11;-21;10;-21;10;-22;9;-22;9;-23;9;-22;10;-22;10;-20;10;-19;10;-19;10;-19;10;-19;11;-19;12;-19;14;-18;15;-17;16;-17;17;-17;18;-17;18;-17;19;-17;21;-17;22;-127;0;48;14;48;14;47;13;45;13;44;12;42;11;41;10;39;9;38;7;38;6;37;6;36;5;35;5;34;5;33;5;33;5;32;4;31;4;31;4;30;5;29;5;27;5;26;5;26;5;25;6;24;6;24;8;23;9;8;3;2;1;-1;-1;-2;-1;-1;-1;2;0;8;1;24;4;24;4;24;5;24;6;25;7;27;8;28;9;29;10;30;11;31;11;31;12;32;12;33;13;34;13;35;14;35;14;36;14;36;15;37;15;38;14;40;14;42;14;44;14;45;14;46;14;47;14;48;14;49;13,transition,EXP_S055,ZONE_01,sortie_zone,4.7,sortie_zone,sortie de la zone
9948372586,-51,6,a0:9f:7a:73:2b:3e,384,-110;-96;8;0;1;-15;-3;-11;-8;-8;-12;-5;-17;-2;-21;0;-24;0;-27;0;-28;0;-29;-1;-29;-2;-28;-3;-26;-4;-23;-4;-19;-4;-15;-4;-11;-2;-7;0;-3;2;0;5;2;8;3;12;3;14;3;17;2;19;0;4;0;0;0;0;0;0;0;0;0;0;0;0;0;0;0;0;0;0;3;0;16;3;18;5;20;7;21;10;20;12;20;14;18;15;16;14;14;13;11;11;9;8;8;3;7;-1;6;-6;6;-10;7;-15;7;-19;8;-22;9;-26;9;-29;10;-31;11;-32;12;-32;12;-31;11;-30;11;-28;123;0;24;-3;24;-3;23;-2;23;-2;23;-3;24;-3;23;-4;23;-5;22;-6;21;-7;21;-8;20;-8;20;-8;21;-8;21;-8;20;-9;20;-9;19;-9;18;-9;18;-8;17;-7;17;-7;18;-7;17;-7;17;-7;17;-7;17;-6;17;-5;6;-2;1;-1;-1;0;-2;-1;-1;-1;2;0;7;3;19;8;19;9;18;10;18;11;18;11;17;11;17;11;16;12;16;12;16;13;16;13;16;12;16;12;16;11;16;10;16;10;16;10;16;9;18;9;19;8;19;6;20;5;20;4;20;3;21;3;22;2;23;2;24;2;123;0;-12;-45;-12;-45;-11;-44;-11;-43;-11;-41;-11;-39;-12;-37;-12;-35;-13;-34;-13;-33;-13;-32;-13;-32;-13;-31;-13;-30;-13;-30;-12;-29;-12;-28;-12;-28;-12;-27;-11;-27;-10;-26;-9;-25;-9;-24;-8;-23;-8;-23;-7;-23;-6;-23;-6;-23;-2;-9;-1;-3;0;0;0;1;0;0;-1;-3;-3;-8;-7;-22;-7;-22;-6;-23;-6;-24;-5;-24;-5;-26;-6;-27;-6;-28;-6;-30;-5;-30;-5;-31;-5;-32;-4;-32;-4;-33;-4;-34;-4;-35;-4;-36;-4;-36;-5;-37;-6;-37;-8;-38;-9;-40;-10;-41;-10;-42;-10;-44;-10;-45;-11;-46;-11;-47,transition,EXP_S055,ZONE_01,sortie_zone,4.7,sortie_zone,sortie de la zone
9948572339,-51,6,a0:9f:7a:73:2b:3e,384,-110;-96;8;0;-12;-10;-10;-4;-10;2;-10;7;-11;12;-11;17;-12;20;-14;22;-15;23;-16;23;-16;23;-17;21;-17;19;-16;16;-14;13;-11;10;-8;7;-4;5;1;3;5;2;8;2;12;2;14;4;16;5;17;7;4;1;0;0;0;0;0;0;0;0;0;0;0;0;0;0;0;0;0;0;2;-3;11;-12;14;-13;17;-13;20;-12;22;-10;22;-9;22;-7;21;-6;18;-4;15;-4;11;-4;7;-5;3;-7;-1;-9;-5;-11;-8;-14;-11;-17;-14;-19;-16;-22;-18;-24;-20;-26;-20;-27;-20;-28;-19;-27;-18;-26;-17;-25;124;0;16;-20;15;-20;15;-20;14;-20;14;-20;13;-20;12;-20;12;-21;11;-21;10;-20;9;-20;9;-20;9;-20;9;-20;9;-21;8;-21;8;-21;8;-21;7;-20;7;-19;8;-19;8;-19;8;-19;7;-19;7;-18;8;-18;8;-17;9;-16;3;-6;1;-2;-1;0;-2;0;-1;0;2;-2;6;-4;19;-10;19;-9;19;-8;20;-7;20;-7;20;-7;20;-6;20;-6;20;-5;20;-5;20;-5;20;-6;20;-6;19;-6;18;-6;18;-6;18;-7;18;-7;18;-8;18;-10;17;-11;17;-12;17;-13;17;-13;18;-14;18;-15;18;-16;18;-17;124;0;-40;-23;-40;-23;-39;-22;-38;-21;-37;-20;-36;-19;-35;-18;-34;-16;-33;-15;-33;-14;-32;-13;-32;-13;-31;-13;-30;-12;-29;-12;-29;-12;-28;-11;-27;-11;-27;-11;-26;-11;-25;-11;-24;-11;-23;-11;-22;-11;-21;-11;-21;-12;-20;-12;-19;-13;-7;-5;-2;-2;0;0;1;0;0;0;-3;-1;-8;-3;-21;-9;-21;-10;-21;-10;-21;-11;-22;-12;-23;-12;-24;-13;-25;-14;-25;-15;-26;-16;-26;-17;-27;-18;-27;-18;-28;-19;-28;-20;-29;-20;-29;-20;-30;-21;-31;-21;-32;-21;-33;-21;-35;-21;-36;-21;-38;-22;-39;-22;-40;-23;-40;-23;-41;-23,transition,EXP_S055,ZONE_01,sortie_zone,4.7,sortie_zone,sortie de la zone
9948772730,-51,6,a0:9f:7a:73:2b:3e,384,-110;-96;8;0;-6;-16;-8;-9;-11;-4;-14;1;-17;6;-21;10;-24;12;-26;13;-28;14;-29;13;-30;12;-29;10;-27;9;-25;7;-21;5;-17;3;-12;2;-7;2;-2;3;3;5;6;7;9;10;11;13;12;15;12;17;3;4;0;0;0;0;0;0;0;0;0;0;0;0;0;0;0;0;0;0;4;-2;18;-5;20;-4;24;-2;26;0;27;3;26;5;25;6;23;7;20;7;17;5;13;3;10;0;6;-4;4;-9;1;-13;0;-18;-1;-22;-3;-27;-3;-30;-4;-34;-4;-36;-4;-38;-3;-39;-3;-38;-2;-35;-2;-33;122;0;10;-11;9;-10;9;-10;9;-9;10;-9;10;-10;9;-10;9;-11;8;-11;7;-11;6;-10;6;-10;7;-10;7;-10;7;-11;7;-11;6;-11;6;-11;6;-10;6;-10;6;-9;6;-9;6;-9;6;-10;6;-9;6;-9;6;-9;6;-8;2;-3;0;-1;-1;0;-1;0;-1;0;1;-1;3;-2;11;-5;11;-4;11;-4;12;-4;12;-3;11;-3;11;-3;11;-2;11;-2;11;-1;12;-1;12;-2;11;-2;11;-3;10;-3;10;-2;10;-2;10;-2;11;-3;11;-4;11;-5;10;-6;10;-6;10;-6;10;-6;11;-7;11;-8;12;-8;122;0;-21;-16;-21;-16;-20;-16;-20;-16;-19;-15;-18;-14;-17;-13;-17;-12;-17;-11;-17;-11;-17;-11;-16;-10;-16;-10;-15;-10;-15;-10;-15;-9;-14;-9;-14;-9;-14;-9;-14;-9;-13;-9;-12;-9;-11;-9;-11;-8;-11;-8;-10;-9;-10;-9;-10;-10;-4;-4;-1;-2;0;0;0;0;0;0;-2;-1;-5;-3;-12;-6;-11;-7;-11;-7;-11;-7;-12;-8;-12;-8;-13;-9;-13;-10;-13;-11;-14;-11;-14;-11;-14;-12;-14;-12;-14;-12;-15;-13;-15;-13;-15;-14;-15;-14;-16;-14;-16;-14;-17;-14;-18;-14;-19;-15;-20;-15;-20;-16;-20;-16;-21;-16;-21;-16,transition,EXP_S055,ZONE_01,sortie_zone,4.7,sortie_zone,sortie de la zone
9948974613,-51,6,a0:9f:7a:73:2b:3e,384,-110;-96;8;0;13;-8;7;-10;1;-11;-5;-14;-10;-16;-14;-19;-17;-21;-19;-23;-19;-24;-20;-26;-19;-26;-17;-26;-15;-25;-12;-23;-9;-19;-7;-16;-6;-11;-5;-6;-5;-1;-5;4;-7;8;-8;11;-11;13;-13;15;-15;15;-4;4;0;0;0;0;0;0;0;0;0;0;0;0;0;0;0;0;0;0;2;3;8;17;7;20;5;23;3;25;1;27;-1;27;-2;26;-4;24;-4;21;-3;17;-2;13;1;9;5;6;9;2;13;-1;17;-3;21;-6;25;-8;29;-9;32;-10;34;-10;35;-10;36;-10;35;-10;33;-9;31;-9;-128;0;7;12;6;12;6;11;6;11;7;11;7;10;7;10;7;10;8;9;8;9;8;9;8;8;8;8;8;8;8;8;8;8;8;8;8;8;8;8;7;8;7;8;7;8;7;7;7;7;7;7;6;7;6;8;6;8;2;3;0;0;-1;-1;-1;-1;-1;-1;0;1;0;4;1;11;1;11;0;11;0;12;-1;12;-1;11;-1;11;-1;11;-2;11;-2;11;-2;11;-2;11;-2;11;-1;11;-1;11;-1;10;-1;10;0;10;0;11;1;11;2;11;2;11;3;11;3;11;4;11;4;12;5;12;5;12;-128;0;19;-17;18;-17;18;-17;17;-16;17;-16;16;-15;15;-15;14;-15;14;-15;13;-14;12;-14;12;-14;12;-14;11;-14;11;-13;11;-13;11;-13;11;-12;11;-12;11;-11;10;-11;10;-10;10;-10;9;-10;9;-9;9;-9;10;-8;10;-7;3;-3;1;-1;-1;0;-1;0;-1;0;0;-2;2;-4;7;-10;8;-10;8;-10;9;-10;9;-10;10;-10;10;-10;11;-11;12;-11;12;-11;13;-11;13;-11;14;-11;14;-12;14;-12;15;-12;15;-12;15;-13;16;-13;16;-14;16;-14;17;-15;17;-15;17;-16;18;-17;18;-17;19;-17;19;-17,transition,EXP_S055,ZONE_01,sortie_zone,4.7,sortie_zone,sortie de la zone
9949172406,-51,6,a0:9f:7a:73:2b:3e,384,-110;-96;8;0;-9;11;-3;10;3;9;8;8;13;9;17;9;21;10;23;11;24;12;24;12;24;13;22;14;20;14;17;13;14;11;11;9;8;6;5;2;3;-2;2;-6;1;-10;2;-13;3;-16;4;-18;6;-19;1;-5;0;0;0;0;0;0;0;0;0;0;0;0;0;0;0;0;0;0;-4;-3;-14;-11;-14;-14;-15;-17;-14;-20;-13;-22;-11;-22;-9;-22;-7;-21;-6;-19;-5;-16;-5;-12;-6;-8;-7;-3;-9;1;-11;5;-13;9;-16;12;-18;15;-21;17;-23;19;-24;20;-26;21;-26;21;-26;21;-24;20;-23;18;125;0;-25;-9;-24;-9;-22;-9;-22;-9;-22;-9;-22;-9;-23;-8;-24;-6;-24;-5;-23;-4;-22;-3;-21;-3;-21;-4;-22;-4;-23;-3;-23;-2;-23;-2;-22;-1;-21;-1;-20;-2;-20;-3;-20;-3;-20;-3;-20;-2;-20;-2;-19;-2;-18;-3;-18;-4;-7;-2;-2;-1;0;0;0;0;0;0;-2;-2;-6;-6;-15;-17;-14;-18;-14;-18;-13;-19;-13;-18;-13;-18;-12;-18;-11;-18;-10;-19;-10;-20;-11;-20;-11;-20;-12;-19;-12;-18;-11;-16;-11;-16;-11;-16;-11;-17;-13;-17;-15;-16;-16;-15;-17;-14;-17;-13;-17;-13;-18;-13;-19;-14;-21;-14;-22;-15;125;0;-9;44;-9;44;-9;43;-9;42;-9;40;-8;38;-7;36;-6;35;-4;35;-3;34;-3;34;-3;33;-3;32;-3;31;-3;29;-2;29;-2;28;-2;28;-2;28;-3;27;-4;26;-4;25;-4;23;-3;22;-3;22;-4;22;-5;22;-6;22;-3;8;-1;2;0;-1;0;-2;0;-1;-1;2;-1;7;-3;21;-4;21;-4;21;-5;22;-5;23;-5;24;-6;25;-7;27;-8;27;-9;28;-10;28;-10;29;-9;30;-9;31;-10;32;-11;32;-11;33;-11;33;-11;33;-10;34;-10;36;-10;38;-10;40;-10;42;-10;43;-10;43;-10;43;-9;43,transition,EXP_S055,ZONE_01,sortie_zone,4.7,sortie_zone,sortie de la zone
9949372208,-51,6,a0:9f:7a:73:2b:3e,384,-110;-96;8;0;12;-11;6;-11;-1;-12;-7;-13;-12;-15;-16;-17;-19;-19;-21;-21;-22;-22;-23;-23;-22;-23;-20;-24;-18;-23;-15;-21;-12;-19;-9;-15;-7;-11;-5;-6;-5;-1;-5;4;-6;8;-7;12;-9;14;-12;16;-14;16;-4;4;0;0;0;0;0;0;0;0;0;0;0;0;0;0;0;0;0;0;3;3;12;14;12;17;11;21;10;24;8;26;6;26;4;26;2;24;1;21;1;17;2;13;3;8;6;4;9;0;12;-4;16;-7;19;-10;23;-12;26;-14;29;-16;32;-16;33;-17;33;-17;33;-16;31;-16;29;-15;123;0;8;10;8;10;8;10;8;10;8;9;9;9;9;9;9;9;9;8;9;8;9;7;9;7;9;7;9;7;9;7;9;7;9;7;9;7;8;7;8;7;8;7;8;7;8;7;7;7;7;7;7;7;6;7;6;7;2;2;0;0;-1;-1;-1;-1;-1;-1;0;1;2;3;5;10;5;10;4;11;4;11;3;11;3;11;3;11;2;11;2;11;2;11;1;11;1;11;1;11;2;11;2;10;2;10;2;10;2;10;3;10;3;10;4;10;5;10;5;10;5;10;6;10;6;10;7;11;7;11;123;0;15;-20;15;-20;15;-20;15;-19;14;-18;13;-18;13;-17;12;-17;11;-16;11;-16;10;-16;10;-15;10;-15;10;-15;10;-15;10;-14;10;-14;10;-13;10;-13;9;-12;9;-12;9;-11;9;-10;9;-10;9;-10;9;-9;9;-8;9;-8;3;-3;1;-1;-1;0;-1;0;-1;0;0;-2;1;-5;3;-12;4;-12;4;-12;5;-12;6;-13;6;-13;7;-13;7;-14;8;-14;8;-15;9;-15;10;-15;10;-15;11;-15;11;-15;11;-15;12;-16;12;-16;12;-17;12;-17;12;-18;13;-19;13;-19;14;-20;14;-20;14;-21;15;-21;15;-22,transition,EXP_S055,ZONE_01,sortie_zone,4.7,sortie_zone,sortie de la zone
9949574908,-51,6,a0:9f:7a:73:2b:3e,384,-110;-96;8;0;4;-14;-1;-11;-6;-9;-11;-7;-16;-6;-20;-5;-23;-5;-26;-6;-27;-7;-27;-7;-27;-8;-26;-9;-24;-9;-21;-9;-17;-9;-14;-7;-10;-5;-6;-2;-4;1;-2;5;0;9;0;12;0;15;-1;17;-2;19;-1;4;0;0;0;0;0;0;0;0;0;0;0;0;0;0;0;0;0;0;3;1;15;6;16;8;17;12;17;14;17;16;16;18;14;18;12;17;10;15;8;13;7;9;6;5;6;1;7;-4;8;-9;10;-13;11;-16;13;-20;14;-23;15;-25;17;-27;18;-28;18;-28;18;-27;17;-26;16;-24;127;0;25;0;24;0;23;0;22;0;23;0;23;0;23;-1;23;-3;22;-4;21;-5;20;-5;20;-5;20;-5;20;-5;21;-5;21;-6;20;-6;20;-6;19;-6;18;-5;18;-4;18;-4;19;-5;19;-5;18;-5;18;-5;17;-4;17;-3;6;-1;1;-1;-1;0;-2;-1;-1;-1;2;0;6;3;18;9;18;10;18;11;17;12;17;12;17;12;16;12;15;12;15;13;15;14;16;14;16;13;16;12;16;11;15;10;15;10;14;10;15;11;16;10;17;9;18;8;19;6;19;5;19;5;20;5;21;5;23;5;24;5;127;0;-7;-45;-7;-45;-7;-45;-6;-43;-6;-42;-6;-40;-7;-38;-8;-36;-9;-35;-9;-34;-9;-33;-9;-32;-9;-32;-8;-31;-8;-30;-8;-29;-8;-29;-8;-28;-7;-28;-7;-27;-6;-27;-5;-25;-5;-24;-5;-23;-5;-23;-4;-23;-3;-23;-2;-23;-1;-9;0;-3;0;0;0;1;0;0;-1;-3;-3;-8;-6;-22;-5;-22;-5;-22;-5;-23;-5;-24;-5;-25;-5;-26;-4;-28;-4;-29;-3;-30;-3;-31;-3;-31;-3;-32;-3;-33;-3;-34;-2;-35;-2;-35;-2;-36;-2;-36;-3;-37;-5;-38;-6;-40;-6;-41;-6;-43;-6;-44;-6;-45;-7;-45;-7;-46,transition,EXP_S055,ZONE_01,sortie_zone,4.7,sortie_zone,sortie de la zone
9949772174,-51,6,a0:9f:7a:73:2b:3e,384,-110;-96;8;0;-17;-3;-12;2;-9;7;-6;13;-3;18;-2;22;-1;26;-1;28;-2;30;-2;31;-3;31;-5;29;-6;27;-6;24;-6;20;-5;16;-3;11;-1;6;2;2;6;-1;9;-3;13;-4;16;-4;19;-4;21;-3;5;-1;0;0;0;0;0;0;0;0;0;0;0;0;0;0;0;0;0;0;0;-5;3;-19;6;-21;9;-23;12;-24;15;-23;16;-22;17;-20;17;-18;15;-15;12;-13;9;-11;4;-9;-1;-9;-6;-8;-11;-8;-16;-9;-20;-10;-24;-11;-28;-12;-31;-13;-34;-14;-35;-15;-35;-16;-34;-16;-32;-15;-30;-14;126;0;-1;-15;-2;-14;-2;-14;-2;-14;-2;-14;-2;-14;-3;-13;-3;-13;-4;-13;-4;-12;-4;-12;-4;-12;-4;-12;-4;-12;-5;-12;-5;-12;-5;-12;-5;-12;-5;-11;-5;-11;-4;-11;-4;-11;-4;-11;-4;-11;-4;-11;-4;-10;-3;-10;-3;-10;-1;-4;-1;-2;0;0;-1;0;-1;0;0;-2;1;-5;4;-12;4;-11;5;-11;5;-11;6;-11;6;-11;6;-11;6;-10;6;-10;6;-10;6;-10;6;-10;6;-10;5;-10;5;-10;5;-10;5;-10;4;-10;4;-11;4;-11;3;-12;2;-12;2;-12;2;-13;1;-13;1;-14;1;-14;1;-14;126;0;-25;5;-25;5;-24;5;-24;5;-23;5;-22;5;-21;6;-20;6;-19;6;-19;6;-18;6;-18;6;-17;6;-17;6;-17;6;-16;6;-16;5;-16;5;-15;5;-15;5;-14;4;-14;4;-13;4;-13;4;-13;3;-13;3;-13;2;-13;2;-5;0;-2;0;0;-1;0;-1;0;-1;-2;0;-5;1;-12;4;-12;4;-12;3;-13;3;-13;3;-14;3;-15;3;-16;3;-16;3;-17;3;-18;3;-18;3;-18;3;-19;3;-19;3;-19;3;-20;3;-20;3;-20;3;-21;3;-22;4;-22;4;-23;5;-24;5;-25;5;-25;6;-25;6;-25;6,transition,EXP_S055,ZONE_01,sortie_zone,4.7,sortie_zone,sortie de la zone
9949972559,-51,6,a0:9f:7a:73:2b:3e,384,-110;-96;8;0;-6;15;-1;11;5;9;11;7;16;5;21;5;25;5;28;5;29;6;30;7;30;8;28;9;26;9;22;9;19;8;14;7;10;5;6;1;3;-3;0;-7;-1;-11;-2;-15;-2;-18;0;-20;1;-22;0;-6;0;0;0;0;0;0;0;0;0;0;0;0;0;0;0;0;0;0;-5;-2;-18;-8;-19;-11;-20;-14;-20;-18;-20;-20;-18;-22;-16;-22;-14;-21;-12;-19;-10;-16;-9;-11;-8;-7;-8;-1;-9;4;-10;8;-12;13;-14;17;-16;21;-17;25;-19;27;-20;29;-22;30;-22;30;-22;30;-21;28;-19;26;124;0;-28;-6;-28;-6;-27;-6;-27;-5;-26;-5;-27;-4;-27;-3;-27;-2;-26;-1;-25;0;-25;1;-24;1;-25;1;-25;1;-25;1;-25;2;-25;2;-24;2;-24;2;-23;2;-23;2;-22;1;-22;1;-22;2;-22;1;-22;1;-21;0;-21;0;-8;-1;-3;-1;0;-1;1;0;0;0;-3;-2;-7;-5;-19;-15;-19;-16;-19;-17;-18;-17;-18;-18;-17;-18;-16;-18;-16;-18;-15;-19;-15;-19;-15;-20;-16;-19;-16;-18;-16;-18;-16;-17;-16;-16;-16;-16;-16;-15;-17;-15;-19;-14;-20;-13;-21;-12;-22;-11;-22;-11;-23;-11;-24;-11;-26;-10;-27;-10;124;0;-1;50;-1;50;-1;49;-1;47;-1;46;0;44;1;42;1;40;2;39;3;38;3;37;3;36;3;35;3;34;4;33;4;32;4;32;4;31;3;31;3;30;2;29;2;28;1;27;1;26;1;25;0;25;-2;25;-2;25;-1;9;-1;2;-1;-1;-1;-2;0;-1;0;2;0;8;1;24;1;24;0;25;0;26;0;27;-1;28;-1;29;-2;31;-3;32;-3;33;-4;33;-4;34;-5;35;-5;36;-5;37;-5;38;-5;38;-5;39;-4;40;-4;41;-3;42;-2;44;-2;46;-2;47;-2;48;-2;49;-2;50;-2;51,transition,EXP_S055,ZONE_01,sortie_zone,4.7,sortie_zone,sortie de la zone
9950172720,-51,6,a0:9f:7a:73:2b:3e,384,-110;-96;8;0;8;-15;2;-12;-5;-11;-11;-10;-16;-10;-21;-10;-25;-11;-27;-12;-28;-13;-29;-14;-29;-15;-27;-16;-24;-16;-21;-15;-17;-13;-14;-11;-10;-8;-7;-4;-4;1;-3;5;-3;10;-3;13;-4;16;-6;19;-7;20;-2;5;0;0;0;0;0;0;0;0;0;0;0;0;0;0;0;0;0;0;3;2;16;9;17;12;18;16;17;19;16;21;14;22;12;23;10;22;8;19;7;16;6;11;7;7;7;2;9;-3;11;-8;13;-12;15;-16;18;-20;20;-22;22;-25;25;-27;26;-27;26;-27;26;-27;24;-25;23;-24;122;0;26;9;25;9;25;8;25;8;25;7;25;6;25;5;25;4;24;3;24;2;23;2;23;1;23;1;23;1;23;1;24;1;23;1;23;0;22;0;22;0;22;1;21;1;21;1;21;1;21;1;20;1;20;2;19;3;7;1;2;0;-1;-1;-2;-1;-1;-1;2;1;6;5;17;16;17;16;16;17;15;18;14;18;14;18;14;19;13;19;13;19;13;19;13;19;13;19;13;18;13;18;13;17;13;16;13;16;14;16;15;16;16;15;17;15;18;14;19;13;20;13;21;13;22;13;23;12;24;12;122;0;7;-52;7;-51;6;-50;6;-48;5;-46;5;-45;3;-43;2;-42;1;-41;0;-40;0;-39;-1;-38;-1;-37;0;-36;0;-35;0;-35;0;-34;0;-33;0;-32;1;-31;1;-30;1;-29;2;-28;2;-27;2;-27;3;-26;4;-26;5;-25;2;-9;0;-3;-1;0;0;1;-1;0;-1;-3;-1;-9;-1;-25;0;-25;1;-26;2;-27;3;-28;3;-29;3;-30;4;-31;4;-32;5;-34;5;-35;6;-35;6;-36;7;-37;7;-37;8;-38;8;-39;8;-40;8;-40;8;-42;7;-43;7;-45;7;-47;7;-48;7;-50;6;-51;6;-51;6;-51,transition,EXP_S055,ZONE_01,sortie_zone,4.7,sortie_zone,sortie de la zone
9950378144,-51,6,a0:9f:7a:73:2b:3e,384,-110;-96;8;0;14;5;11;0;9;-6;7;-12;6;-18;5;-23;5;-27;6;-29;7;-31;8;-31;9;-31;9;-29;9;-27;9;-24;8;-20;7;-15;4;-11;1;-7;-3;-4;-7;-1;-11;0;-15;1;-18;0;-20;-1;-22;-2;-6;-1;0;0;0;0;0;0;0;0;0;0;0;0;0;0;0;0;0;0;-3;4;-10;16;-13;17;-16;18;-19;18;-21;17;-23;16;-23;14;-22;12;-20;10;-16;8;-12;7;-8;7;-3;7;3;8;8;10;12;11;16;14;20;15;24;17;27;19;29;20;30;22;30;23;29;23;27;22;25;20;-128;0;-5;28;-4;27;-4;27;-4;26;-3;26;-3;26;-2;26;0;26;1;25;2;24;2;23;3;23;3;23;3;23;4;24;5;24;5;23;5;23;4;22;4;22;3;21;3;21;4;21;4;21;4;21;4;20;3;19;2;19;0;6;0;2;-1;-1;0;-2;0;-1;-2;2;-6;7;-15;19;-16;18;-17;18;-17;18;-17;17;-17;17;-17;16;-18;16;-18;15;-19;15;-19;16;-19;16;-18;16;-17;16;-16;15;-15;15;-15;16;-15;16;-15;17;-14;19;-13;20;-11;21;-11;21;-10;22;-10;23;-10;24;-10;25;-9;26;-128;0;50;-4;50;-4;49;-4;48;-4;46;-4;44;-4;42;-5;40;-6;39;-6;38;-7;36;-8;35;-8;34;-8;33;-8;33;-8;32;-8;32;-8;31;-8;31;-8;30;-7;29;-6;27;-6;26;-6;25;-6;25;-5;25;-4;25;-3;25;-1;9;-1;2;0;-1;0;-2;0;-1;-1;2;-1;8;-1;24;-3;24;-2;25;-1;25;-1;27;-1;28;0;29;0;31;0;31;1;33;1;33;2;35;2;36;1;36;1;37;2;38;2;39;3;39;3;40;2;41;1;43;0;44;-1;46;-1;48;-2;49;-2;50;-3;50;-3;50;-4,transition,EXP_S055,ZONE_01,sortie_zone,4.7,sortie_zone,sortie de la zone
9950572339,-51,6,a0:9f:7a:73:2b:3e,384,-110;-96;8;0;-13;-7;-11;-2;-9;4;-8;9;-7;14;-7;19;-8;22;-8;25;-9;26;-10;26;-11;26;-11;24;-12;22;-11;19;-10;16;-8;12;-6;9;-2;5;1;3;5;1;9;0;12;-1;15;0;17;1;19;2;4;0;0;0;0;0;0;0;0;0;0;0;0;0;0;0;0;0;0;0;2;-4;9;-14;12;-15;15;-16;18;-15;20;-14;21;-13;21;-11;20;-9;18;-7;14;-6;10;-6;6;-6;2;-7;-3;-9;-7;-11;-11;-13;-14;-15;-18;-17;-20;-19;-23;-20;-24;-22;-25;-23;-25;-24;-24;-23;-23;-22;-22;-21;124;0;12;-24;11;-23;11;-23;10;-22;10;-22;10;-23;9;-23;8;-23;6;-23;5;-22;4;-22;4;-22;4;-22;4;-23;4;-23;3;-23;3;-22;3;-22;3;-21;3;-20;3;-20;3;-20;3;-20;3;-20;3;-19;3;-19;4;-19;4;-18;1;-7;0;-2;-1;0;-2;0;-1;0;1;-2;6;-5;17;-14;18;-13;18;-12;19;-11;19;-10;19;-10;19;-10;19;-9;19;-9;20;-8;20;-8;19;-9;19;-9;18;-9;18;-9;17;-10;17;-10;17;-10;17;-12;16;-13;16;-14;15;-15;15;-16;14;-17;14;-18;14;-19;14;-20;14;-21;124;0;-45;-14;-44;-14;-43;-13;-42;-13;-40;-12;-39;-11;-37;-10;-36;-9;-35;-8;-34;-7;-34;-6;-33;-6;-33;-6;-32;-5;-31;-5;-30;-5;-30;-4;-29;-5;-29;-5;-28;-5;-27;-5;-26;-5;-25;-5;-24;-5;-24;-6;-23;-6;-23;-7;-22;-8;-8;-3;-3;-1;0;0;1;0;0;0;-3;-1;-8;-2;-22;-6;-22;-6;-22;-7;-23;-8;-23;-8;-24;-9;-26;-10;-27;-10;-28;-11;-29;-12;-29;-13;-29;-13;-30;-14;-30;-14;-31;-15;-32;-15;-33;-15;-33;-15;-34;-15;-35;-14;-37;-14;-39;-14;-40;-14;-41;-14;-42;-14;-43;-15;-44;-14;-45;-14,transition,EXP_S055,ZONE_01,sortie_zone,4.7,sortie_zone,sortie de la zone
9950775674,-50,6,a0:9f:7a:73:2b:3e,384,-110;-96;8;0;-11;-10;-11;-5;-11;1;-12;7;-12;12;-13;16;-15;19;-16;21;-18;22;-19;21;-20;21;-20;19;-19;17;-17;15;-15;12;-12;9;-9;7;-4;5;0;4;5;3;8;3;11;5;14;6;15;8;16;10;4;2;0;0;0;0;0;0;0;0;0;0;0;0;0;0;0;0;0;0;2;-3;12;-12;15;-12;18;-12;21;-11;23;-9;23;-8;23;-6;21;-4;19;-3;16;-3;12;-3;8;-4;4;-6;0;-9;-4;-12;-7;-15;-10;-18;-13;-21;-15;-24;-17;-26;-18;-28;-18;-29;-18;-30;-17;-30;-16;-28;-15;-26;121;0;11;-24;10;-23;10;-22;10;-21;11;-21;10;-22;9;-23;8;-23;6;-23;5;-23;4;-22;4;-21;5;-22;5;-22;4;-23;3;-23;3;-23;2;-22;2;-21;3;-20;4;-20;4;-20;4;-20;3;-20;3;-20;3;-19;3;-18;4;-18;1;-7;0;-2;-1;0;-2;0;-1;0;1;-2;6;-5;17;-14;18;-13;18;-12;19;-12;19;-11;19;-11;18;-10;19;-9;19;-9;20;-8;20;-9;20;-9;19;-10;18;-10;17;-9;17;-9;17;-9;17;-10;17;-11;17;-13;16;-15;15;-16;14;-16;14;-16;14;-17;14;-18;15;-20;15;-21;121;0;-45;-13;-45;-13;-45;-13;-43;-13;-42;-13;-40;-11;-38;-10;-37;-9;-36;-7;-36;-6;-35;-6;-34;-6;-34;-6;-33;-6;-32;-5;-31;-5;-30;-5;-30;-5;-30;-5;-29;-6;-28;-6;-26;-6;-25;-6;-24;-6;-24;-6;-24;-6;-23;-7;-23;-9;-9;-4;-3;-2;0;0;1;0;0;0;-3;-1;-9;-2;-23;-5;-22;-6;-22;-6;-23;-7;-24;-7;-25;-8;-27;-9;-28;-10;-29;-11;-29;-12;-29;-12;-30;-13;-30;-13;-31;-13;-32;-14;-33;-14;-33;-15;-33;-15;-34;-15;-35;-14;-37;-13;-39;-13;-41;-13;-43;-13;-44;-14;-45;-14;-45;-14;-46;-14,transition,EXP_S055,ZONE_01,sortie_zone,4.7,sortie_zone,sortie de la zone
9950972236,-50,6,a0:9f:7a:73:2b:3e,384,-110;-96;8;0;8;-12;2;-11;-4;-10;-9;-10;-14;-10;-19;-10;-22;-11;-24;-12;-26;-14;-26;-14;-26;-15;-24;-15;-22;-15;-19;-14;-16;-12;-12;-10;-9;-7;-6;-3;-4;1;-2;5;-2;9;-2;12;-3;15;-4;17;-5;19;-2;4;0;0;0;0;0;0;0;0;0;0;0;0;0;0;0;0;0;0;2;2;11;12;12;15;11;18;10;21;9;23;7;24;5;23;3;22;2;19;2;15;2;11;4;7;6;3;8;-1;11;-5;13;-9;16;-12;19;-15;21;-17;24;-19;26;-20;27;-21;27;-21;27;-20;25;-19;23;-18;123;0;23;10;23;10;22;10;21;10;21;10;22;9;23;8;23;7;23;5;22;4;21;3;21;3;22;4;22;4;23;3;23;3;22;2;21;2;20;2;20;2;20;3;20;3;20;3;20;2;19;2;19;2;18;3;17;4;6;1;1;0;-1;-1;-1;-2;-1;-1;1;1;5;6;14;17;14;17;13;18;12;19;12;19;11;19;10;19;9;19;9;19;8;20;9;20;9;20;10;19;10;18;10;17;9;17;9;17;10;17;11;17;13;17;14;16;15;14;16;13;16;13;17;13;18;13;20;14;22;14;123;0;10;-46;9;-46;9;-45;9;-43;9;-41;8;-40;7;-38;6;-37;5;-36;4;-36;3;-35;3;-35;3;-34;3;-33;2;-32;2;-31;2;-31;2;-30;2;-30;3;-29;3;-28;4;-26;3;-25;3;-24;3;-24;4;-24;5;-24;6;-23;2;-9;0;-3;-1;0;-1;1;-1;0;0;-3;0;-8;3;-22;3;-23;4;-23;5;-23;5;-24;5;-25;6;-27;7;-28;8;-29;9;-29;9;-30;9;-30;9;-31;10;-32;11;-33;11;-34;12;-34;12;-35;11;-35;11;-36;10;-38;10;-40;10;-41;10;-43;11;-44;11;-45;11;-45;10;-46,transition,EXP_S055,ZONE_01,sortie_zone,4.7,sortie_zone,sortie de la zone
9951172438,-51,6,a0:9f:7a:73:2b:3e,384,-110;-96;8;0;10;8;9;2;9;-3;8;-9;9;-13;9;-18;10;-21;11;-23;12;-24;13;-25;14;-24;14;-23;14;-20;13;-18;11;-15;9;-11;6;-8;3;-6;-1;-4;-5;-2;-9;-2;-13;-2;-15;-3;-17;-5;-18;-6;-5;-2;0;0;0;0;0;0;0;0;0;0;0;0;0;0;0;0;0;0;-3;2;-12;11;-15;11;-19;10;-21;10;-23;8;-24;6;-23;5;-22;3;-19;2;-16;2;-12;2;-8;3;-4;5;0;7;4;10;7;13;10;15;12;18;15;20;17;23;18;24;19;26;18;26;18;26;17;24;16;23;122;0;-8;23;-7;23;-7;22;-7;21;-7;21;-7;22;-6;23;-5;23;-3;22;-2;21;-1;20;-1;20;-1;20;-1;21;-1;22;0;22;0;21;0;21;0;20;-1;19;-2;19;-2;19;-1;19;-1;19;-1;19;-1;18;-1;18;-2;17;-1;6;-1;1;0;-1;0;-1;0;-1;-2;1;-6;5;-16;14;-16;14;-17;14;-17;13;-17;13;-17;12;-17;12;-18;11;-18;10;-19;10;-19;11;-19;11;-18;12;-17;12;-16;11;-16;11;-16;11;-16;11;-16;13;-15;14;-14;16;-13;16;-12;17;-12;17;-12;17;-12;18;-12;20;-12;21;122;0;43;5;43;5;42;5;41;5;40;5;38;4;36;3;35;2;34;1;33;0;33;-1;32;-1;31;-1;30;-1;29;-1;28;-1;28;-1;28;-1;27;-1;27;0;26;0;24;1;23;1;22;1;22;1;22;1;21;3;21;4;7;1;2;0;-1;0;-2;-1;-1;-1;2;-1;7;0;22;1;21;1;21;2;21;3;22;3;24;3;25;4;26;5;27;6;27;6;28;7;28;7;29;6;30;6;31;7;32;8;32;8;33;8;33;8;34;7;36;6;37;6;39;6;40;6;42;6;42;6;43;5;43;5,transition,EXP_S055,ZONE_01,sortie_zone,4.7,sortie_zone,sortie de la zone
9951372556,-50,6,a0:9f:7a:73:2b:3e,384,-110;-96;8;0;2;14;5;8;9;4;12;-1;15;-5;19;-8;22;-10;24;-11;26;-11;27;-11;27;-10;26;-8;25;-7;22;-5;19;-4;15;-2;11;-2;6;-2;1;-4;-3;-5;-6;-8;-9;-10;-10;-13;-11;-16;-11;-18;-3;-5;0;0;0;0;0;0;0;0;0;0;0;0;0;0;0;0;0;0;-5;0;-18;1;-20;0;-23;-3;-24;-5;-25;-7;-24;-9;-23;-10;-21;-11;-18;-10;-15;-8;-12;-6;-9;-2;-7;2;-5;6;-4;11;-3;15;-2;19;-2;23;-2;27;-1;30;-1;32;-2;33;-2;34;-3;33;-3;31;-2;29;119;0;-12;5;-12;5;-12;5;-11;5;-11;5;-11;5;-11;6;-11;6;-10;7;-10;7;-9;6;-9;6;-9;6;-9;6;-9;7;-9;7;-9;7;-9;7;-9;7;-9;6;-9;6;-9;6;-9;6;-9;6;-9;6;-9;5;-9;5;-9;5;-3;1;-1;0;0;-1;0;-1;0;0;-2;0;-4;0;-12;1;-12;0;-12;0;-12;-1;-12;-1;-12;-1;-11;-1;-11;-2;-11;-2;-12;-2;-12;-3;-12;-2;-12;-2;-11;-2;-11;-2;-10;-1;-10;-1;-10;-1;-11;-1;-11;0;-11;1;-11;2;-11;2;-11;2;-11;2;-12;2;-13;3;-13;3;119;0;13;18;13;18;13;18;12;17;12;17;12;16;11;15;11;14;11;13;11;13;11;12;11;12;10;12;10;12;9;11;9;11;9;11;9;11;9;11;8;11;8;10;7;10;7;10;6;9;6;9;6;9;5;10;4;10;1;3;0;1;-1;-1;-1;-1;-1;-1;0;0;3;2;8;7;8;7;7;8;7;8;8;9;8;9;8;10;8;11;8;11;8;12;8;12;8;12;9;13;9;13;9;13;9;14;9;14;9;15;10;15;10;15;11;15;12;16;12;16;13;17;13;17;13;18;13;18;13;18,transition,EXP_S055,ZONE_01,sortie_zone,4.7,sortie_zone,sortie de la zone
9951573972,-51,6,a0:9f:7a:73:2b:3e,384,-110;-96;8;0;-17;-2;-12;2;-8;7;-4;12;-2;17;0;21;2;25;2;28;1;29;0;30;-1;31;-2;29;-3;27;-4;24;-4;21;-4;16;-2;11;-1;7;2;2;5;-1;9;-4;12;-5;15;-6;18;-6;20;-5;5;-1;0;0;0;0;0;0;0;0;0;0;0;0;0;0;0;0;0;0;0;-5;2;-19;5;-21;8;-23;11;-24;13;-24;15;-23;16;-21;15;-19;14;-16;11;-14;8;-11;4;-10;-1;-9;-6;-8;-11;-8;-16;-8;-20;-8;-25;-9;-28;-10;-31;-11;-34;-11;-35;-12;-35;-13;-35;-13;-33;-13;-31;-12;-128;0;-2;-14;-2;-14;-2;-14;-2;-13;-2;-13;-2;-13;-3;-14;-4;-13;-4;-13;-5;-12;-5;-12;-5;-12;-5;-12;-5;-12;-5;-12;-5;-12;-6;-12;-6;-11;-5;-11;-5;-11;-5;-11;-5;-11;-5;-11;-5;-11;-5;-11;-5;-10;-4;-10;-4;-10;-2;-4;-1;-2;0;0;-1;0;-1;0;0;-2;1;-4;5;-11;5;-11;5;-11;6;-11;6;-11;6;-10;6;-10;6;-10;7;-10;7;-10;7;-10;7;-10;6;-10;5;-10;5;-10;5;-9;5;-9;5;-10;5;-10;4;-11;3;-11;2;-12;2;-12;2;-12;2;-12;1;-13;1;-14;1;-14;-128;0;-25;5;-25;5;-24;5;-24;5;-23;5;-22;5;-21;5;-20;6;-19;6;-19;7;-18;7;-18;7;-17;6;-17;6;-16;6;-16;6;-15;6;-15;6;-15;5;-15;5;-14;4;-14;4;-13;4;-13;4;-13;4;-13;3;-13;3;-13;2;-5;0;-2;0;0;-1;0;-1;0;-1;-2;0;-5;1;-12;3;-12;2;-13;2;-13;2;-14;2;-14;2;-15;2;-16;2;-16;2;-17;1;-17;1;-18;1;-18;2;-18;2;-19;2;-19;2;-20;2;-20;2;-20;2;-20;2;-21;3;-22;4;-23;4;-24;4;-25;5;-25;5;-25;5;-25;5,transition,EXP_S055,ZONE_01,sortie_zone,4.7,sortie_zone,sortie de la zone
9951772434,-51,6,a0:9f:7a:73:2b:3e,384,-110;-96;8;0;7;-15;2;-13;-4;-12;-10;-11;-15;-11;-20;-11;-24;-12;-26;-13;-28;-14;-28;-16;-28;-16;-26;-17;-24;-17;-21;-16;-17;-14;-14;-12;-10;-9;-7;-4;-5;0;-4;5;-4;9;-5;13;-6;16;-8;18;-10;18;-3;4;0;0;0;0;0;0;0;0;0;0;0;0;0;0;0;0;0;0;4;1;16;7;18;9;19;13;19;16;18;19;17;20;15;21;13;20;11;18;9;15;8;11;8;6;8;1;9;-3;10;-8;12;-12;14;-16;17;-20;19;-23;21;-25;22;-27;24;-28;25;-28;25;-27;23;-25;22;-24;120;0;26;6;25;6;24;6;24;6;24;5;24;4;24;3;24;2;24;1;23;0;23;-1;22;-1;22;-1;23;-1;23;-1;23;-2;23;-3;23;-3;22;-2;21;-2;21;-1;21;-1;21;-1;21;-2;20;-2;20;-1;20;-1;19;0;6;0;2;0;-1;0;-2;-1;-1;-1;1;1;5;5;16;15;15;16;15;17;14;18;14;18;13;18;12;18;12;18;11;18;11;18;12;19;12;19;12;18;12;17;12;16;12;15;12;15;13;15;14;15;15;14;17;13;18;12;19;11;19;11;20;11;21;11;22;11;24;11;120;0;5;-51;4;-51;4;-50;4;-49;4;-47;3;-46;2;-44;1;-42;0;-40;-1;-39;-1;-39;-2;-38;-2;-37;-2;-36;-2;-35;-2;-35;-2;-34;-2;-34;-2;-33;-2;-32;-1;-31;-1;-29;-1;-28;0;-27;0;-27;1;-26;2;-26;3;-26;1;-10;0;-3;-1;0;-1;1;-1;0;0;-3;0;-9;1;-25;2;-25;3;-26;3;-26;4;-27;4;-29;5;-30;5;-31;6;-32;6;-33;7;-34;7;-35;8;-35;8;-36;8;-37;9;-38;9;-39;9;-39;8;-40;8;-42;7;-43;6;-45;6;-47;6;-48;6;-49;6;-51;6;-52;6;-52,transition,EXP_S055,ZONE_01,sortie_zone,4.7,sortie_zone,sortie de la zone
9951972884,-51,6,a0:9f:7a:73:2b:3e,384,-110;-96;8;0;-7;-16;-8;-10;-11;-4;-14;2;-17;6;-20;9;-23;12;-26;13;-27;14;-28;14;-29;13;-29;11;-27;9;-25;7;-21;5;-17;3;-12;2;-7;2;-2;3;2;5;6;7;9;9;11;12;12;15;12;17;2;4;0;0;0;0;0;0;0;0;0;0;0;0;0;0;0;0;0;0;3;-2;16;-8;20;-7;23;-5;25;-3;26;-1;27;1;25;3;23;4;20;4;17;3;13;1;9;-2;6;-5;3;-9;1;-14;-1;-18;-3;-22;-5;-26;-6;-30;-6;-33;-6;-35;-6;-37;-6;-37;-6;-36;-6;-35;-5;-33;-126;0;12;-6;12;-6;11;-6;11;-6;11;-6;11;-7;11;-7;10;-7;10;-8;9;-8;9;-8;9;-8;9;-8;9;-8;9;-8;9;-8;9;-8;9;-8;9;-8;8;-7;8;-7;8;-7;8;-7;8;-7;8;-7;8;-6;8;-6;8;-5;3;-2;0;-1;-1;0;-1;0;-1;-1;1;-1;4;-1;11;-2;11;-2;11;-1;11;0;11;0;11;0;11;0;11;1;11;1;11;1;11;1;11;1;11;1;10;0;10;0;10;0;10;0;10;0;10;0;11;-1;11;-2;11;-2;11;-3;11;-3;11;-3;12;-4;12;-4;12;-5;-126;0;-15;-21;-15;-21;-15;-21;-14;-20;-14;-19;-13;-19;-13;-18;-13;-17;-12;-16;-12;-16;-12;-15;-12;-15;-12;-14;-12;-14;-11;-14;-11;-14;-11;-13;-10;-13;-10;-13;-9;-13;-9;-13;-8;-12;-8;-12;-8;-12;-7;-11;-7;-12;-6;-12;-6;-12;-2;-5;-1;-2;0;0;0;0;0;0;-2;-1;-4;-3;-10;-9;-10;-9;-9;-9;-9;-10;-9;-10;-10;-11;-10;-12;-10;-12;-10;-13;-10;-14;-10;-14;-11;-15;-11;-15;-11;-15;-11;-16;-11;-16;-11;-17;-11;-17;-12;-17;-12;-17;-13;-18;-13;-18;-14;-19;-15;-20;-15;-20;-15;-21;-15;-21;-16;-21,transition,EXP_S055,ZONE_01,sortie_zone,4.7,sortie_zone,sortie de la zone
9952172262,-51,6,a0:9f:7a:73:2b:3e,384,-110;-96;8;0;15;-2;10;-6;5;-10;0;-14;-4;-18;-7;-22;-8;-25;-9;-28;-9;-30;-9;-31;-8;-31;-6;-30;-5;-28;-4;-25;-3;-22;-2;-17;-2;-12;-2;-7;-4;-2;-6;2;-9;5;-12;8;-15;9;-17;10;-19;9;-5;2;0;0;0;0;0;0;0;0;0;0;0;0;0;0;0;0;0;0;-1;4;-1;18;-3;20;-6;23;-9;24;-11;24;-13;23;-14;22;-14;20;-13;17;-10;14;-7;11;-3;9;1;7;6;5;11;5;16;4;20;4;24;4;28;4;32;4;34;4;36;4;36;5;35;6;33;5;31;5;120;0;5;13;5;12;4;12;4;11;5;11;5;11;6;11;6;11;7;10;7;9;7;9;7;9;7;9;7;9;7;9;8;9;8;8;8;8;8;8;7;8;7;8;7;8;7;8;7;8;7;7;7;7;6;7;6;7;2;2;0;0;-1;-1;0;-1;0;-1;-1;1;-2;4;-4;11;-4;11;-5;11;-5;11;-5;11;-5;10;-5;10;-5;10;-6;10;-6;10;-6;10;-6;10;-5;10;-5;10;-4;10;-4;9;-4;9;-4;10;-3;10;-2;11;-1;11;0;11;0;11;0;11;0;11;1;12;1;13;2;13;120;0;21;-13;21;-14;20;-14;20;-13;19;-13;18;-12;17;-12;16;-12;15;-13;14;-13;14;-13;13;-12;13;-12;12;-12;12;-12;12;-12;11;-12;11;-12;11;-11;11;-11;11;-10;10;-10;10;-9;9;-9;9;-9;9;-8;9;-8;10;-8;3;-3;1;-1;-1;0;-1;0;-1;0;1;-1;3;-2;10;-6;11;-5;11;-5;11;-5;12;-5;12;-6;13;-6;14;-6;14;-6;15;-6;15;-6;16;-6;16;-6;16;-6;17;-6;17;-7;18;-7;18;-7;18;-8;18;-8;18;-9;19;-10;20;-11;20;-11;21;-12;21;-12;22;-12;22;-13,transition,EXP_S055,ZONE_01,sortie_zone,4.7,sortie_zone,sortie de la zone
9952372281,-51,6,a0:9f:7a:73:2b:3e,384,-110;-96;8;0;-2;-17;-6;-11;-10;-7;-14;-3;-18;1;-22;3;-26;5;-28;5;-31;5;-32;4;-31;3;-30;1;-28;0;-25;0;-22;-1;-17;-2;-13;-1;-8;1;-3;3;0;6;3;9;4;12;5;16;5;18;4;20;1;5;0;0;0;0;0;0;0;0;0;0;0;0;0;0;0;0;0;0;4;-1;18;-3;20;-2;23;0;25;3;25;5;25;7;24;9;21;9;18;9;15;7;12;5;10;1;7;-3;5;-8;4;-13;3;-17;3;-22;2;-26;2;-30;2;-33;3;-35;3;-37;4;-37;5;-36;5;-34;5;-32;-123;0;12;-7;11;-7;11;-7;11;-6;11;-6;11;-6;11;-7;10;-8;10;-8;9;-8;8;-8;8;-8;8;-8;9;-8;9;-8;9;-9;8;-9;8;-9;7;-8;7;-7;8;-7;8;-7;8;-7;8;-7;8;-7;7;-7;7;-6;7;-6;2;-2;0;-1;-1;0;-1;0;-1;-1;1;-1;4;-1;11;-1;11;-1;11;0;11;0;11;0;11;0;11;1;11;1;11;2;11;2;11;2;11;2;11;1;10;1;10;1;10;1;10;1;10;0;10;0;11;-1;11;-2;10;-3;10;-3;10;-3;11;-4;11;-4;12;-4;12;-5;-123;0;-16;-20;-16;-20;-15;-20;-15;-20;-14;-19;-14;-18;-13;-17;-13;-16;-13;-15;-14;-15;-14;-14;-13;-14;-13;-14;-13;-13;-12;-13;-12;-13;-12;-13;-12;-12;-11;-13;-11;-13;-10;-12;-9;-12;-9;-12;-9;-11;-8;-11;-8;-11;-7;-11;-7;-12;-3;-5;-1;-2;0;0;0;0;0;0;-2;-1;-4;-3;-9;-9;-9;-9;-9;-10;-9;-10;-9;-11;-9;-11;-10;-12;-10;-13;-10;-14;-10;-14;-10;-15;-10;-15;-10;-15;-11;-16;-11;-16;-11;-17;-11;-17;-11;-17;-11;-17;-12;-18;-13;-18;-14;-18;-14;-19;-15;-20;-15;-20;-16;-21;-16;-21;-16;-21,transition,EXP_S055,ZONE_01,sortie_zone,4.7,sortie_zone,sortie de la zone
9952572337,-51,6,a0:9f:7a:73:2b:3e,384,-110;-96;8;0;15;5;12;0;9;-6;7;-12;6;-18;6;-22;6;-26;6;-29;7;-30;8;-31;10;-31;11;-29;11;-27;11;-23;10;-19;8;-15;5;-11;2;-8;-2;-4;-7;-2;-11;-1;-15;-1;-18;-2;-20;-3;-22;-5;-6;-2;0;0;0;0;0;0;0;0;0;0;0;0;0;0;0;0;0;0;-2;4;-6;17;-9;19;-12;21;-16;21;-18;20;-20;19;-20;17;-19;15;-18;12;-15;10;-11;9;-7;8;-1;8;4;8;9;9;13;10;17;12;21;14;25;15;28;17;30;18;31;19;31;20;30;20;28;20;27;18;-126;0;-5;28;-5;27;-5;26;-6;25;-6;25;-5;25;-4;26;-3;26;-1;26;0;25;0;24;-1;23;-1;23;-1;24;-1;24;0;25;0;24;1;23;0;22;-1;22;-1;21;-2;22;-2;22;-2;22;-2;21;-2;20;-3;20;-4;19;-2;7;-1;2;0;-1;0;-2;0;-1;-1;2;-4;7;-11;20;-12;20;-14;20;-14;20;-15;19;-15;18;-15;17;-15;17;-16;16;-17;16;-18;16;-17;17;-17;17;-16;16;-15;15;-14;15;-14;15;-14;16;-14;17;-13;19;-12;20;-10;21;-9;21;-9;21;-9;22;-10;23;-10;24;-10;26;-126;0;50;-1;50;0;50;0;48;0;46;1;44;1;42;0;40;-1;39;-2;38;-2;37;-2;37;-2;36;-2;35;-2;34;-2;33;-2;33;-2;33;-2;32;-1;32;0;30;1;29;2;27;2;26;2;26;2;25;3;25;5;25;6;9;2;2;1;-1;-1;-2;0;-1;0;2;-1;8;-3;24;-6;24;-6;24;-5;25;-5;26;-5;28;-4;29;-4;31;-3;32;-2;33;-1;33;-1;34;0;35;0;36;0;37;0;38;1;39;1;39;1;40;1;41;0;42;-1;44;-1;46;-2;48;-1;49;-1;50;-1;51;0;51;0,transition,EXP_S055,ZONE_01,sortie_zone,4.7,sortie_zone,sortie de la zone
9952772453,-51,6,a0:9f:7a:73:2b:3e,384,-110;-96;8;0;-3;-16;-6;-11;-10;-6;-14;-1;-18;2;-22;5;-25;7;-28;8;-30;8;-31;7;-31;6;-30;5;-28;3;-26;2;-22;1;-17;0;-12;0;-7;1;-3;3;1;5;5;8;7;11;8;14;9;17;8;19;2;5;0;0;0;0;0;0;0;0;0;0;0;0;0;0;0;0;0;0;4;-1;18;-2;20;0;23;2;25;5;25;8;25;10;23;11;21;11;18;10;15;8;12;5;9;1;7;-3;5;-8;4;-13;3;-17;3;-22;3;-26;3;-30;3;-33;3;-36;3;-37;4;-37;4;-36;4;-35;4;-33;-125;0;13;-5;12;-5;12;-5;12;-5;12;-5;12;-5;11;-6;11;-6;10;-7;10;-7;9;-7;9;-7;9;-7;9;-8;10;-8;10;-8;9;-8;9;-8;9;-7;9;-7;9;-7;8;-7;8;-7;8;-7;8;-7;8;-7;8;-6;8;-6;3;-2;0;-1;-1;0;-1;-1;-1;-1;1;0;4;0;11;1;11;2;11;2;11;3;11;3;11;3;11;3;10;3;10;4;10;4;11;4;10;3;10;3;10;3;10;2;10;2;10;2;10;2;10;2;11;1;11;0;11;0;11;-1;12;-1;12;-2;12;-2;13;-3;13;-3;-125;0;-13;-23;-13;-23;-12;-22;-12;-21;-12;-20;-12;-20;-11;-19;-11;-18;-12;-17;-12;-16;-12;-16;-12;-15;-11;-15;-11;-15;-11;-14;-11;-14;-10;-14;-10;-14;-10;-14;-9;-13;-9;-13;-8;-12;-8;-12;-8;-12;-7;-12;-7;-12;-7;-12;-6;-12;-2;-5;-1;-2;0;0;0;0;0;0;-1;-2;-3;-4;-8;-10;-7;-11;-7;-11;-7;-12;-7;-12;-7;-13;-7;-14;-7;-14;-8;-15;-7;-15;-7;-16;-7;-16;-8;-17;-8;-17;-8;-18;-8;-18;-8;-19;-8;-19;-9;-19;-9;-19;-10;-20;-10;-20;-11;-21;-11;-21;-12;-22;-12;-23;-13;-23;-13;-23,transition,EXP_S055,ZONE_01,sortie_zone,4.7,sortie_zone,sortie de la zone
9952972649,-51,6,a0:9f:7a:73:2b:3e,384,-110;-96;8;0;12;-8;6;-9;1;-10;-4;-12;-8;-14;-11;-16;-14;-19;-16;-21;-17;-22;-17;-23;-16;-23;-14;-23;-12;-22;-10;-20;-8;-17;-6;-14;-5;-10;-4;-6;-4;-1;-5;3;-6;6;-8;9;-10;11;-13;12;-14;12;-4;3;0;0;0;0;0;0;0;0;0;0;0;0;0;0;0;0;0;0;2;3;8;13;8;16;7;19;5;21;3;23;2;23;0;22;-1;21;-2;18;-2;15;0;11;2;8;4;5;7;1;11;-1;14;-4;18;-6;21;-7;24;-9;27;-9;29;-10;30;-10;31;-10;30;-10;28;-9;27;-8;-128;0;16;17;15;17;15;16;15;16;15;16;16;15;16;15;17;14;17;12;17;11;16;11;16;11;16;11;16;11;17;11;18;11;18;10;17;10;17;10;16;10;16;10;15;10;15;10;15;10;15;10;14;10;14;10;13;10;4;4;1;1;-1;-1;-1;-2;-1;-1;0;1;2;6;7;18;6;19;5;20;4;20;4;20;3;20;3;19;2;19;2;19;1;20;1;20;1;20;2;20;2;19;2;18;2;18;2;17;3;18;4;18;6;18;7;18;8;18;9;17;9;17;9;17;10;18;11;19;13;20;-128;0;26;-36;26;-36;26;-35;25;-34;24;-33;22;-32;21;-31;19;-30;18;-29;18;-29;17;-28;17;-28;16;-27;15;-27;15;-26;14;-26;14;-25;14;-25;14;-24;14;-24;14;-22;14;-21;13;-20;13;-19;13;-18;14;-18;14;-17;15;-16;5;-6;1;-2;-1;0;-1;1;-1;0;0;-3;3;-7;10;-19;11;-19;12;-19;13;-19;13;-20;14;-21;15;-21;16;-22;17;-23;18;-23;18;-23;19;-23;20;-23;21;-24;22;-24;22;-25;23;-25;23;-26;23;-27;23;-28;23;-30;23;-31;23;-33;24;-34;25;-34;26;-35;27;-35;27;-36,transition,EXP_S055,ZONE_01,sortie_zone,4.7,sortie_zone,sortie de la zone
9953176288,-51,6,a0:9f:7a:73:2b:3e,384,-110;-96;8;0;13;6;10;0;8;-6;6;-12;5;-17;4;-22;5;-26;5;-29;6;-31;6;-31;7;-31;8;-29;8;-27;8;-24;8;-20;6;-16;4;-11;1;-7;-2;-3;-6;0;-10;2;-14;3;-17;3;-20;2;-22;1;-6;0;0;0;0;0;0;0;0;0;0;0;0;0;0;0;0;0;0;0;-3;3;-12;14;-15;15;-19;15;-22;14;-24;13;-25;11;-25;9;-24;7;-21;6;-17;4;-13;4;-8;5;-3;6;2;8;7;10;11;12;15;15;18;17;22;19;24;21;26;23;27;24;27;24;26;24;25;22;23;21;124;0;-4;28;-3;27;-4;26;-4;25;-5;26;-5;26;-3;27;-1;27;1;27;2;25;2;24;2;23;1;24;1;25;2;25;3;26;4;25;4;24;3;23;2;22;1;22;1;23;1;23;2;23;2;22;2;21;1;20;0;20;0;7;-1;2;-1;-1;0;-2;0;-1;-2;2;-5;7;-14;19;-15;19;-17;19;-17;19;-17;19;-17;18;-17;17;-17;16;-18;15;-19;15;-20;16;-19;17;-18;17;-17;17;-16;16;-15;15;-16;15;-16;16;-16;18;-15;20;-13;21;-11;22;-10;21;-10;21;-10;22;-11;23;-11;25;-11;27;124;0;48;-3;49;-3;48;-2;47;-2;45;-2;43;-2;41;-3;39;-4;37;-5;37;-6;36;-6;36;-6;35;-5;34;-5;32;-5;31;-6;31;-6;31;-6;31;-5;31;-4;29;-3;28;-3;26;-2;25;-2;25;-2;25;-1;25;0;25;2;9;0;2;0;-1;0;-2;0;-1;-1;2;-1;8;-2;24;-3;24;-3;24;-2;24;-2;25;-2;27;-2;29;-2;31;0;31;1;32;2;32;2;33;2;34;1;35;1;36;1;37;2;38;3;38;3;38;2;39;1;41;0;43;-1;45;-1;47;-1;48;-1;49;-1;49;-1;49;-2,transition,EXP_S055,ZONE_01,sortie_zone,4.7,sortie_zone,sortie de la zone
9953377837,-51,6,a0:9f:7a:73:2b:3e,384,-110;-96;8;0;-2;14;2;10;7;7;11;4;15;2;19;0;23;0;25;0;27;0;28;1;27;2;26;3;24;4;22;4;18;4;14;3;10;2;6;0;3;-3;0;-6;-2;-10;-3;-13;-3;-16;-3;-18;-2;-20;-1;-5;0;0;0;0;0;0;0;0;0;0;0;0;0;0;0;0;0;0;-5;-1;-17;-2;-19;-4;-21;-7;-22;-10;-22;-12;-21;-14;-20;-15;-18;-14;-15;-13;-13;-11;-11;-8;-9;-4;-8;0;-7;5;-7;9;-7;14;-8;18;-9;21;-9;25;-10;28;-11;29;-12;30;-13;31;-13;30;-12;28;-11;26;-125;0;-25;4;-24;4;-23;4;-23;3;-23;3;-23;4;-23;5;-23;7;-22;8;-21;8;-20;8;-19;8;-20;8;-20;8;-20;9;-20;10;-19;10;-19;10;-18;9;-18;9;-18;8;-18;8;-18;8;-18;8;-17;8;-17;8;-17;7;-17;6;-6;2;-2;0;0;-1;1;0;0;0;-3;-1;-8;-3;-20;-7;-20;-8;-20;-9;-20;-10;-20;-10;-19;-10;-18;-10;-18;-11;-18;-12;-18;-12;-19;-13;-19;-12;-19;-11;-18;-10;-17;-9;-17;-9;-17;-9;-18;-9;-19;-8;-20;-7;-21;-5;-21;-4;-21;-3;-21;-2;-22;-2;-23;-2;-25;-2;-25;-1;-125;0;15;42;15;42;15;41;14;40;14;39;13;37;14;35;14;33;15;32;15;31;15;30;15;29;14;28;14;28;14;27;14;26;14;25;14;25;13;25;12;25;12;24;11;23;10;22;10;21;9;21;8;21;7;22;6;22;2;8;0;2;-1;-1;-1;-2;-1;-1;1;2;3;7;8;21;7;21;7;21;6;22;6;23;7;24;7;26;6;27;6;28;6;29;6;29;6;30;6;31;6;32;6;33;6;33;6;34;7;34;8;35;9;35;10;37;11;38;12;40;13;41;13;42;13;42;14;43;14;43,transition,EXP_S055,ZONE_01,sortie_zone,4.7,sortie_zone,sortie de la zone
9953572448,-51,6,a0:9f:7a:73:2b:3e,384,-110;-96;8;0;13;-9;7;-10;1;-12;-5;-14;-10;-16;-14;-18;-17;-21;-19;-23;-20;-25;-19;-26;-19;-26;-17;-26;-15;-25;-12;-22;-10;-19;-7;-16;-6;-11;-5;-6;-5;-1;-5;4;-6;8;-8;11;-10;13;-13;15;-15;15;-4;3;0;0;0;0;0;0;0;0;0;0;0;0;0;0;0;0;0;0;2;3;7;16;7;19;5;23;3;25;1;27;-1;27;-3;26;-4;24;-4;21;-4;17;-2;13;1;9;4;6;8;2;12;-1;16;-3;20;-5;24;-7;28;-9;31;-10;34;-10;35;-10;36;-10;35;-9;33;-9;31;-8;-128;0;10;9;10;9;9;8;9;8;9;8;9;8;10;8;11;7;11;6;11;5;10;5;10;5;10;5;10;5;10;5;11;5;11;4;10;4;10;4;9;4;9;4;9;5;9;5;9;4;9;4;9;4;8;4;8;4;3;1;0;0;-1;-1;-1;-1;-1;-1;0;1;1;3;3;11;3;11;2;11;2;11;2;11;2;11;2;11;1;11;0;11;0;11;0;12;1;12;1;11;1;11;1;10;1;10;1;10;2;10;2;10;4;11;5;10;5;10;6;9;6;9;6;9;6;10;7;10;8;11;-128;0;13;-22;13;-22;13;-21;13;-21;12;-20;11;-19;10;-18;9;-18;8;-18;7;-17;7;-17;7;-17;7;-17;7;-16;7;-16;6;-16;6;-16;6;-16;6;-15;6;-15;7;-14;6;-13;6;-12;6;-12;5;-12;6;-12;6;-11;7;-11;2;-4;0;-2;-1;0;-1;0;-1;0;0;-2;2;-4;6;-11;6;-11;6;-11;6;-11;7;-11;7;-12;8;-12;9;-13;10;-13;10;-13;10;-13;11;-13;11;-14;11;-15;11;-15;12;-15;12;-15;12;-15;12;-16;12;-16;12;-17;12;-18;13;-19;13;-20;13;-21;13;-21;13;-22;13;-22,transition,EXP_S055,ZONE_01,sortie_zone,4.7,sortie_zone,sortie de la zone
9953772845,-51,6,a0:9f:7a:73:2b:3e,384,-110;-96;8;0;-9;13;-3;11;3;9;9;8;15;8;19;8;23;9;26;10;28;11;28;12;27;13;26;13;23;14;20;13;16;12;13;10;9;7;6;3;3;-2;1;-6;1;-11;1;-14;1;-17;3;-20;5;-21;1;-6;0;0;0;0;0;0;0;0;0;0;0;0;0;0;0;0;0;0;-4;-3;-15;-11;-16;-14;-17;-18;-16;-21;-15;-23;-13;-24;-11;-24;-9;-23;-7;-21;-6;-17;-6;-13;-6;-8;-8;-3;-9;1;-11;6;-14;10;-16;14;-19;17;-21;20;-23;22;-25;24;-27;25;-27;25;-27;25;-25;23;-23;21;123;0;-26;-12;-25;-12;-25;-12;-24;-12;-24;-11;-24;-11;-25;-10;-25;-9;-25;-8;-24;-7;-24;-6;-24;-6;-24;-6;-24;-6;-24;-6;-25;-6;-24;-5;-24;-5;-23;-6;-22;-6;-22;-6;-22;-6;-22;-6;-22;-6;-21;-6;-20;-7;-20;-7;-19;-8;-7;-3;-2;-1;0;0;1;0;0;0;-3;-2;-7;-6;-19;-16;-18;-17;-17;-18;-17;-19;-16;-19;-16;-19;-15;-19;-14;-20;-14;-20;-13;-21;-14;-21;-14;-20;-14;-20;-13;-19;-13;-18;-13;-18;-13;-18;-13;-18;-14;-18;-16;-17;-17;-17;-18;-16;-19;-15;-20;-15;-20;-15;-22;-15;-23;-15;-24;-15;123;0;-13;47;-13;47;-13;46;-13;45;-12;43;-12;41;-11;40;-10;38;-9;37;-8;37;-8;36;-8;35;-7;34;-7;33;-7;32;-7;32;-7;31;-7;30;-8;30;-8;29;-8;27;-8;26;-8;25;-8;24;-9;24;-10;23;-11;22;-12;22;-5;7;-2;2;0;-1;-1;-2;0;-1;0;2;0;8;0;24;-1;24;-2;24;-3;25;-4;26;-4;27;-5;28;-6;30;-7;31;-7;31;-8;32;-9;32;-9;33;-9;34;-10;34;-11;35;-11;36;-11;36;-11;37;-11;39;-11;40;-11;42;-11;43;-12;45;-12;46;-12;47;-12;48;-12;48,transition,EXP_S055,ZONE_01,sortie_zone,4.7,sortie_zone,sortie de la zone
9953975600,-51,6,a0:9f:7a:73:2b:3e,384,-110;-96;8;0;-11;13;-4;11;2;11;8;11;13;11;18;12;21;14;23;15;24;16;24;18;23;19;22;19;20;19;17;17;14;15;11;12;8;8;6;4;4;-1;4;-6;4;-10;5;-13;7;-16;10;-17;12;-18;3;-5;0;0;0;0;0;0;0;0;0;0;0;0;0;0;0;0;0;0;-4;-3;-16;-11;-17;-14;-17;-17;-17;-20;-16;-23;-14;-24;-12;-24;-10;-23;-8;-20;-7;-17;-7;-13;-7;-8;-8;-4;-10;1;-12;5;-15;9;-18;13;-21;16;-23;19;-25;21;-27;22;-28;23;-29;22;-29;21;-28;20;-26;19;125;0;-23;-15;-23;-15;-22;-15;-22;-14;-22;-13;-23;-13;-23;-12;-24;-11;-23;-10;-23;-9;-22;-8;-22;-8;-22;-8;-22;-8;-23;-8;-23;-7;-23;-6;-23;-6;-22;-6;-21;-6;-21;-6;-21;-7;-21;-7;-21;-6;-20;-6;-20;-7;-19;-7;-19;-8;-7;-3;-2;-2;0;0;0;1;0;0;-2;-2;-5;-8;-12;-20;-11;-21;-10;-22;-10;-22;-9;-22;-9;-22;-8;-22;-8;-22;-7;-22;-7;-22;-7;-23;-7;-23;-7;-22;-8;-21;-8;-21;-8;-20;-8;-20;-9;-20;-10;-20;-12;-19;-13;-19;-14;-18;-15;-18;-15;-17;-16;-18;-17;-18;-19;-19;-20;-19;125;0;-21;45;-20;45;-20;44;-19;43;-18;42;-17;40;-15;39;-14;39;-13;38;-12;37;-11;36;-11;35;-10;34;-10;34;-9;33;-9;32;-9;32;-9;31;-9;30;-9;29;-9;28;-9;27;-9;26;-9;25;-9;24;-10;23;-11;23;-12;23;-5;8;-2;2;0;-1;0;-2;0;-1;-1;2;-3;8;-9;23;-10;23;-11;23;-11;23;-12;24;-13;25;-13;26;-15;27;-16;28;-17;29;-17;29;-18;30;-19;30;-19;31;-19;31;-20;32;-20;33;-20;34;-20;35;-20;36;-20;38;-20;40;-20;41;-20;43;-21;44;-21;45;-21;46;-21;46,transition,EXP_S055,ZONE_01,sortie_zone,4.7,sortie_zone,sortie de la zone
9954172927,-50,6,a0:9f:7a:73:2b:3e,384,-110;-96;8;0;-4;-14;-6;-9;-10;-4;-13;0;-16;4;-19;8;-22;10;-24;11;-26;12;-27;11;-27;10;-26;9;-25;7;-22;6;-19;4;-16;3;-11;2;-6;2;-2;3;3;4;6;6;9;8;11;11;12;13;12;15;3;4;0;0;0;0;0;0;0;0;0;0;0;0;0;0;0;0;0;0;4;-1;16;-1;19;0;21;3;23;5;23;7;23;9;21;10;19;10;16;10;14;8;11;5;8;2;6;-3;4;-7;3;-12;2;-16;1;-20;1;-24;0;-28;0;-31;0;-33;1;-34;1;-35;1;-34;1;-32;1;-30;123;0;10;-9;10;-8;9;-8;9;-8;9;-8;9;-8;9;-8;8;-9;8;-9;7;-9;7;-9;7;-9;7;-9;7;-9;7;-9;7;-10;6;-10;6;-10;6;-9;6;-9;6;-8;6;-8;6;-8;6;-9;6;-8;6;-8;6;-8;6;-7;2;-3;0;-1;-1;0;-1;0;-1;0;1;-1;3;-1;10;-2;11;-2;11;-1;11;-1;11;-1;11;-1;10;-1;10;0;10;0;11;0;11;0;11;0;11;0;10;-1;10;-1;9;-1;9;-1;10;-1;10;-2;10;-2;10;-3;10;-4;10;-4;9;-5;10;-5;10;-5;11;-5;12;-6;123;0;-17;-16;-17;-16;-17;-16;-16;-16;-16;-15;-15;-14;-15;-13;-14;-12;-14;-12;-14;-11;-14;-11;-14;-11;-14;-11;-13;-10;-13;-10;-13;-9;-13;-9;-12;-9;-12;-9;-12;-9;-11;-9;-10;-9;-10;-9;-9;-8;-9;-8;-9;-8;-9;-9;-8;-9;-3;-4;-1;-2;0;0;0;0;0;0;-2;-1;-4;-3;-9;-8;-9;-8;-9;-8;-9;-8;-9;-9;-10;-9;-10;-10;-10;-11;-11;-11;-11;-12;-11;-12;-11;-12;-11;-13;-11;-13;-11;-14;-11;-14;-12;-14;-12;-14;-12;-14;-13;-14;-14;-14;-15;-15;-15;-15;-16;-16;-16;-17;-17;-17;-17;-17;-17;-17,transition,EXP_S055,ZONE_01,sortie_zone,4.7,sortie_zone,sortie de la zone
9954373995,-51,6,a0:9f:7a:73:2b:3e,384,-110;-96;8;0;-16;-3;-12;2;-8;7;-4;12;-1;17;0;22;1;25;1;28;1;30;0;30;-1;31;-2;30;-3;28;-4;24;-5;20;-4;16;-3;11;0;6;2;2;6;-1;9;-4;12;-5;16;-6;19;-6;21;-5;5;-2;0;0;0;0;0;0;0;0;0;0;0;0;0;0;0;0;0;0;0;-5;3;-19;6;-21;9;-23;12;-23;15;-23;16;-22;17;-20;17;-18;15;-15;12;-13;9;-10;4;-9;-1;-8;-6;-8;-11;-8;-16;-9;-20;-9;-24;-10;-28;-11;-32;-12;-34;-13;-35;-14;-35;-14;-34;-14;-33;-13;-31;-13;-125;0;1;-15;1;-14;1;-14;0;-14;0;-14;0;-14;-1;-13;-1;-13;-1;-13;-2;-13;-2;-13;-2;-13;-2;-13;-2;-13;-2;-13;-2;-13;-2;-12;-2;-12;-2;-12;-2;-12;-2;-12;-2;-11;-2;-11;-2;-11;-1;-11;-1;-11;-1;-11;0;-11;0;-4;0;-2;0;0;-1;0;-1;0;0;-2;1;-5;5;-12;5;-11;6;-11;6;-10;6;-10;7;-10;7;-10;7;-10;7;-10;7;-10;7;-10;7;-10;7;-9;7;-9;7;-9;6;-9;6;-9;6;-10;5;-10;5;-10;5;-11;4;-11;4;-12;4;-12;3;-13;3;-13;3;-13;3;-14;-125;0;-25;1;-25;1;-24;1;-24;1;-23;2;-22;2;-21;2;-21;3;-20;3;-19;3;-19;3;-18;3;-18;3;-18;3;-17;3;-17;2;-17;2;-16;2;-16;2;-15;2;-15;1;-15;1;-14;1;-14;1;-13;0;-13;-1;-13;-1;-13;-2;-5;-1;-2;-1;0;-1;0;-1;0;-1;-2;0;-5;1;-12;3;-12;2;-13;2;-13;2;-14;1;-14;1;-15;1;-15;1;-16;1;-17;1;-17;1;-18;0;-18;0;-19;0;-19;0;-19;0;-20;0;-20;0;-20;0;-21;1;-22;1;-22;1;-23;2;-24;2;-24;2;-25;2;-25;2;-26;2,transition,EXP_S055,ZONE_01,sortie_zone,4.7,sortie_zone,sortie de la zone
9954576177,-51,6,a0:9f:7a:73:2b:3e,384,-110;-96;8;0;-15;-8;-12;-2;-10;4;-9;10;-9;15;-9;20;-9;24;-10;26;-11;28;-12;28;-13;27;-14;26;-14;24;-13;21;-12;17;-10;13;-7;10;-3;6;1;3;5;2;9;1;13;1;16;1;19;3;20;5;5;1;0;0;0;0;0;0;0;0;0;0;0;0;0;0;0;0;0;0;2;-4;9;-16;12;-17;15;-18;18;-18;21;-17;22;-15;22;-13;21;-11;19;-9;15;-8;11;-7;7;-7;2;-8;-3;-9;-8;-11;-12;-13;-16;-15;-19;-18;-22;-19;-25;-21;-27;-23;-28;-25;-28;-25;-27;-25;-25;-24;-24;-22;125;0;2;-28;2;-27;2;-27;2;-26;2;-26;1;-27;1;-27;-1;-27;-3;-26;-4;-25;-4;-24;-4;-23;-4;-24;-4;-24;-5;-24;-5;-24;-6;-24;-6;-23;-5;-22;-4;-22;-3;-22;-4;-22;-4;-22;-4;-22;-5;-21;-4;-21;-3;-21;-3;-20;-1;-7;-1;-3;0;0;-1;1;-1;0;1;-3;4;-8;12;-20;13;-20;14;-19;15;-19;15;-19;15;-18;15;-17;16;-17;16;-16;17;-16;17;-16;16;-17;15;-17;14;-17;13;-17;13;-16;13;-16;13;-17;12;-18;11;-20;10;-21;9;-21;8;-22;8;-22;8;-22;7;-24;7;-25;7;-27;125;0;-50;3;-50;3;-49;3;-48;2;-46;3;-44;3;-42;4;-40;5;-38;6;-38;6;-37;7;-37;7;-36;7;-35;7;-34;7;-33;6;-33;6;-32;6;-32;5;-31;4;-30;4;-28;3;-27;3;-26;3;-26;3;-26;2;-26;1;-26;0;-10;-1;-3;-1;0;-1;1;-1;0;0;-3;0;-9;1;-25;3;-25;2;-26;1;-26;1;-27;1;-29;1;-30;0;-31;0;-32;-1;-33;-2;-34;-2;-34;-2;-35;-2;-36;-1;-37;-2;-38;-2;-39;-2;-39;-3;-40;-2;-41;-1;-43;0;-45;1;-46;2;-48;2;-49;2;-50;2;-50;2;-51;3,transition,EXP_S055,ZONE_01,sortie_zone,4.7,sortie_zone,sortie de la zone
9954799298,-50,6,a0:9f:7a:73:2b:3e,384,-110;-96;8;0;-8;-14;-9;-8;-11;-2;-13;3;-16;7;-18;10;-21;13;-23;14;-24;15;-25;15;-26;14;-26;12;-25;10;-23;8;-19;6;-15;4;-11;3;-6;3;-2;3;2;5;6;7;9;9;10;11;11;14;11;16;2;4;0;0;0;0;0;0;0;0;0;0;0;0;0;0;0;0;0;0;3;-3;14;-10;17;-10;20;-9;23;-8;24;-6;25;-4;24;-2;22;0;19;0;16;0;12;-1;9;-3;5;-6;2;-9;-1;-13;-4;-16;-6;-20;-7;-24;-9;-27;-10;-30;-10;-32;-10;-33;-10;-34;-10;-33;-9;-32;-9;-30;125;0;11;-5;11;-5;11;-5;11;-5;11;-6;10;-6;10;-6;10;-6;9;-7;9;-7;9;-7;9;-7;9;-7;9;-7;9;-7;8;-7;8;-7;8;-7;8;-7;8;-7;8;-6;8;-6;8;-6;8;-6;8;-6;8;-5;8;-5;8;-5;3;-2;0;-1;-1;0;-1;0;-1;-1;1;-1;3;-1;10;-2;10;-1;10;-1;10;0;10;0;10;1;10;1;10;1;10;1;10;1;10;1;10;1;10;1;10;1;10;1;10;1;10;1;9;0;9;0;10;-1;10;-1;10;-2;10;-2;10;-3;10;-3;11;-3;11;-4;11;-4;125;0;-14;-21;-14;-20;-13;-20;-13;-19;-13;-18;-12;-18;-12;-17;-12;-16;-12;-15;-11;-15;-11;-15;-11;-14;-11;-14;-11;-14;-11;-13;-10;-13;-10;-13;-10;-13;-9;-13;-9;-12;-9;-12;-8;-12;-7;-12;-7;-12;-6;-12;-6;-12;-5;-11;-5;-11;-2;-4;-1;-2;0;0;0;0;0;0;-1;-1;-4;-3;-9;-8;-9;-9;-9;-9;-9;-10;-9;-10;-9;-11;-9;-11;-10;-12;-10;-12;-10;-13;-10;-14;-10;-14;-9;-15;-9;-15;-9;-16;-9;-16;-10;-16;-10;-16;-11;-17;-11;-17;-12;-17;-13;-18;-13;-18;-14;-19;-14;-19;-14;-20;-14;-20;-14;-21,transition,EXP_S055,ZONE_01,sortie_zone,4.7,sortie_zone,sortie de la zone
9954972199,-51,6,a0:9f:7a:73:2b:3e,384,-110;-96;8;0;3;-15;-2;-11;-8;-7;-13;-4;-18;-1;-23;1;-27;2;-30;2;-32;2;-33;1;-33;0;-31;-1;-29;-2;-26;-2;-22;-3;-17;-3;-12;-2;-7;0;-2;2;2;5;5;8;7;11;9;15;9;18;9;20;2;5;0;0;0;0;0;0;0;0;0;0;0;0;0;0;0;0;0;0;3;2;15;10;16;13;17;17;16;20;15;22;14;24;12;24;10;22;8;20;7;16;6;12;6;7;6;2;7;-4;9;-9;10;-14;12;-19;14;-23;15;-26;16;-30;17;-32;18;-33;19;-33;19;-32;18;-31;17;-29;124;0;14;-5;14;-5;13;-5;13;-5;13;-4;13;-5;13;-6;13;-7;12;-7;11;-7;10;-7;10;-7;10;-7;10;-7;11;-8;10;-8;10;-9;9;-9;9;-8;9;-7;9;-7;9;-7;9;-7;9;-7;9;-7;9;-7;9;-6;9;-6;3;-2;0;-1;-1;0;-1;-1;-1;-1;1;0;4;0;12;3;12;3;12;3;12;4;12;4;12;4;11;4;11;4;11;5;11;5;11;5;11;5;11;4;11;3;10;3;10;3;10;3;11;3;11;3;12;2;12;1;12;0;12;-1;12;-1;12;-1;13;-1;14;-1;15;-2;124;0;-12;-23;-12;-23;-12;-23;-11;-22;-11;-21;-10;-20;-10;-19;-10;-18;-11;-17;-11;-16;-12;-16;-11;-16;-11;-15;-10;-15;-10;-14;-10;-14;-10;-14;-10;-14;-10;-13;-9;-13;-9;-13;-8;-13;-8;-12;-8;-11;-7;-11;-7;-11;-7;-12;-6;-12;-2;-5;-1;-2;0;0;0;0;0;0;-1;-2;-3;-5;-7;-12;-6;-12;-6;-12;-6;-12;-6;-13;-6;-13;-6;-14;-6;-15;-6;-16;-6;-16;-6;-16;-6;-17;-7;-17;-7;-17;-7;-18;-7;-19;-7;-19;-7;-19;-7;-20;-8;-20;-9;-20;-9;-20;-10;-21;-10;-22;-11;-23;-11;-23;-11;-23;-11;-23,transition,EXP_S055,ZONE_01,sortie_zone,4.7,sortie_zone,sortie de la zone
9955172198,-51,6,a0:9f:7a:73:2b:3e,384,-110;-96;8;0;-11;-13;-11;-6;-11;0;-12;7;-14;12;-15;16;-17;20;-19;22;-20;23;-21;23;-22;23;-22;22;-22;19;-20;16;-17;13;-14;10;-10;7;-5;5;0;3;5;3;9;3;12;5;15;6;17;9;19;10;4;2;0;0;0;0;0;0;0;0;0;0;0;0;0;0;0;0;0;0;3;-3;15;-11;18;-11;21;-10;24;-9;26;-7;27;-5;26;-3;24;-2;21;-1;17;-1;13;-2;9;-4;5;-7;0;-10;-3;-13;-7;-17;-9;-21;-12;-24;-14;-27;-16;-30;-17;-32;-17;-34;-17;-34;-17;-33;-16;-32;-15;-30;123;0;11;-9;11;-9;10;-9;10;-9;10;-9;9;-10;9;-10;8;-10;8;-10;7;-10;7;-10;7;-11;6;-11;6;-11;6;-11;6;-11;6;-11;6;-11;6;-11;6;-10;6;-10;6;-10;5;-10;5;-10;5;-10;6;-9;6;-9;6;-9;2;-3;0;-1;-1;0;-1;0;-1;0;1;-1;4;-1;12;-3;12;-2;12;-2;12;-1;12;-1;12;-1;12;-1;12;0;12;0;12;0;11;0;11;0;11;-1;11;-1;11;-1;11;-1;11;-1;11;-2;10;-2;11;-3;11;-3;11;-4;11;-5;11;-5;11;-6;11;-6;11;-7;11;-7;123;0;-20;-18;-19;-18;-19;-17;-19;-16;-18;-15;-18;-15;-17;-14;-17;-13;-17;-12;-17;-12;-16;-11;-16;-11;-16;-10;-16;-10;-15;-10;-15;-10;-15;-9;-14;-9;-14;-9;-13;-9;-13;-9;-12;-9;-12;-8;-11;-8;-11;-8;-11;-9;-10;-9;-10;-9;-4;-4;-1;-2;0;0;0;0;0;0;-2;-1;-4;-3;-10;-8;-10;-9;-10;-9;-10;-10;-10;-10;-10;-11;-11;-11;-11;-12;-12;-12;-12;-13;-12;-13;-12;-14;-12;-14;-12;-14;-13;-15;-13;-15;-13;-15;-14;-16;-14;-16;-15;-16;-16;-16;-16;-16;-17;-17;-18;-17;-18;-17;-19;-17;-19;-18;-20;-18,transition,EXP_S055,ZONE_01,sortie_zone,4.7,sortie_zone,sortie de la zone
9955372527,-50,6,a0:9f:7a:73:2b:3e,384,-110;-96;8;0;-13;8;-7;8;-1;10;4;11;9;13;13;15;16;17;18;18;19;20;19;21;18;21;16;21;14;20;12;19;10;16;7;13;5;9;4;4;3;0;4;-5;4;-9;6;-12;8;-14;10;-16;12;-16;3;-4;0;0;0;0;0;0;0;0;0;0;0;0;0;0;0;0;0;0;-3;-4;-9;-16;-8;-18;-7;-21;-6;-24;-4;-25;-2;-26;-1;-25;0;-23;1;-20;1;-17;-1;-13;-3;-10;-6;-6;-9;-3;-12;0;-16;3;-20;6;-23;7;-26;9;-29;10;-31;11;-32;11;-33;11;-32;11;-31;10;-29;9;121;0;-11;-9;-11;-8;-10;-8;-10;-8;-10;-7;-10;-7;-11;-7;-11;-6;-11;-6;-11;-5;-11;-5;-11;-5;-10;-5;-11;-5;-11;-5;-11;-4;-11;-4;-11;-3;-11;-3;-10;-4;-10;-4;-10;-4;-10;-4;-10;-4;-10;-3;-10;-3;-9;-4;-9;-4;-4;-2;-1;-1;0;0;0;0;0;0;-1;-2;-2;-4;-4;-11;-4;-11;-3;-11;-3;-11;-3;-11;-3;-11;-3;-11;-2;-11;-2;-11;-2;-11;-2;-12;-2;-12;-3;-11;-3;-10;-3;-10;-3;-10;-3;-10;-3;-10;-4;-10;-5;-10;-5;-10;-6;-10;-6;-9;-7;-9;-7;-10;-8;-10;-8;-10;-9;-10;121;0;-12;20;-11;20;-11;19;-11;19;-10;18;-10;18;-9;17;-8;17;-7;16;-6;16;-6;16;-6;16;-6;15;-6;15;-5;14;-5;14;-5;14;-5;14;-5;13;-5;13;-5;12;-5;12;-5;11;-4;11;-5;11;-5;11;-5;10;-6;10;-2;3;-1;1;0;-1;0;-1;0;-1;-1;1;-3;3;-6;9;-6;9;-7;9;-7;9;-7;10;-8;10;-8;11;-9;11;-10;11;-10;11;-10;12;-10;12;-10;12;-11;13;-11;13;-11;13;-12;14;-12;14;-12;14;-11;15;-11;16;-12;17;-12;18;-12;18;-12;19;-12;19;-12;20;-12;20,transition,EXP_S055,ZONE_01,sortie_zone,4.7,sortie_zone,sortie de la zone
9955576268,-51,6,a0:9f:7a:73:2b:3e,384,-110;-96;8;0;-12;-12;-12;-6;-12;1;-12;7;-13;12;-15;16;-16;19;-18;22;-19;23;-21;23;-21;22;-22;20;-21;18;-19;15;-17;12;-14;9;-10;7;-5;5;0;4;4;4;8;4;12;6;14;7;16;10;17;12;4;3;0;0;0;0;0;0;0;0;0;0;0;0;0;0;0;0;0;0;2;-4;12;-14;15;-14;19;-14;22;-13;24;-12;24;-10;24;-8;23;-6;20;-5;17;-4;13;-5;8;-6;4;-8;0;-10;-4;-13;-8;-16;-11;-19;-14;-22;-16;-25;-18;-27;-19;-29;-20;-31;-20;-31;-19;-31;-18;-30;-17;-28;-125;0;17;-20;17;-20;17;-20;16;-21;15;-21;14;-21;13;-21;12;-21;11;-21;10;-21;9;-21;9;-21;9;-21;8;-22;8;-22;8;-22;8;-22;8;-22;8;-21;8;-21;7;-21;7;-21;7;-20;7;-20;7;-19;7;-19;8;-19;8;-18;3;-7;1;-2;-1;0;-2;0;-1;0;2;-2;7;-3;21;-8;21;-7;22;-6;22;-5;22;-4;22;-4;22;-3;22;-3;22;-3;22;-3;22;-3;22;-3;22;-3;21;-4;20;-4;20;-5;20;-6;19;-6;19;-7;19;-8;19;-10;19;-11;19;-12;19;-13;19;-14;19;-15;19;-17;19;-18;-125;0;-43;-27;-43;-27;-42;-26;-41;-25;-40;-23;-39;-22;-38;-20;-37;-19;-36;-17;-35;-16;-35;-15;-34;-14;-34;-13;-33;-13;-33;-12;-32;-12;-31;-12;-31;-12;-30;-12;-29;-12;-28;-11;-27;-11;-26;-10;-25;-10;-24;-11;-23;-12;-23;-13;-22;-13;-8;-5;-3;-2;0;0;1;0;0;0;-3;-2;-8;-5;-21;-13;-21;-14;-21;-15;-22;-16;-22;-17;-23;-18;-24;-18;-25;-19;-25;-20;-26;-21;-27;-22;-27;-23;-27;-24;-28;-24;-28;-24;-29;-25;-30;-25;-30;-25;-32;-26;-33;-26;-35;-26;-37;-26;-38;-26;-39;-26;-41;-27;-42;-27;-43;-27;-44;-27,transition,EXP_S055,ZONE_01,sortie_zone,4.7,sortie_zone,sortie de la zone
9955772245,-50,6,a0:9f:7a:73:2b:3e,384,-110;-96;8;0;7;-13;1;-11;-5;-9;-10;-8;-15;-7;-20;-7;-23;-8;-26;-9;-27;-9;-28;-10;-28;-11;-26;-11;-24;-12;-21;-11;-17;-10;-13;-9;-10;-6;-6;-3;-3;1;-1;5;0;9;0;12;0;15;-1;18;-2;19;-1;5;0;0;0;0;0;0;0;0;0;0;0;0;0;0;0;0;0;0;3;2;13;10;13;13;13;17;13;20;11;22;10;23;8;22;6;21;5;19;4;15;4;11;5;7;6;2;7;-2;10;-6;12;-10;14;-14;17;-17;19;-20;21;-22;23;-23;24;-24;24;-24;23;-24;22;-23;21;-22;118;0;22;13;22;12;21;12;21;11;21;11;22;10;22;9;22;8;22;7;21;7;21;6;21;6;21;6;21;6;22;6;22;5;22;5;21;5;21;5;20;5;20;5;19;5;19;5;19;5;18;5;18;6;18;6;17;7;6;2;1;1;-1;-1;-1;-2;-1;-1;1;1;5;6;14;17;13;18;12;18;11;19;11;19;10;19;10;19;10;19;9;19;9;20;9;20;9;20;9;19;8;19;8;18;9;18;9;17;10;17;11;17;12;16;13;16;14;15;15;15;16;14;16;14;17;15;19;15;20;16;118;0;14;-44;14;-44;14;-43;14;-41;13;-40;12;-38;10;-37;9;-36;8;-36;8;-35;8;-34;7;-33;7;-32;7;-31;6;-31;6;-30;6;-30;6;-29;6;-29;6;-28;6;-26;7;-25;7;-24;7;-23;8;-23;8;-22;9;-22;10;-21;3;-8;1;-3;-1;0;-1;1;-1;0;0;-3;1;-8;3;-23;4;-23;5;-23;6;-23;6;-24;7;-25;8;-26;8;-27;9;-28;9;-29;10;-29;11;-30;12;-30;13;-30;13;-31;14;-32;14;-33;14;-33;14;-34;13;-35;13;-37;13;-38;13;-40;13;-41;14;-42;15;-43;15;-44;15;-44,transition,EXP_S055,ZONE_01,sortie_zone,4.7,sortie_zone,sortie de la zone
9955974190,-51,6,a0:9f:7a:73:2b:3e,384,-110;-96;8;0;0;-17;-4;-12;-9;-7;-14;-3;-18;0;-22;2;-26;3;-29;3;-31;3;-31;2;-32;1;-31;0;-28;-1;-25;-2;-21;-2;-17;-3;-12;-2;-7;0;-3;2;1;6;4;9;5;12;6;15;6;18;5;20;1;5;0;0;0;0;0;0;0;0;0;0;0;0;0;0;0;0;0;0;4;0;18;2;20;4;22;7;23;10;23;12;22;14;21;15;18;15;16;14;13;11;11;8;9;3;7;-1;6;-6;6;-12;6;-17;6;-21;7;-25;7;-29;8;-32;9;-35;9;-36;10;-36;10;-35;10;-33;9;-31;123;0;13;-3;13;-3;13;-3;13;-3;12;-3;12;-3;12;-4;12;-4;12;-5;11;-5;11;-5;11;-5;11;-5;11;-5;11;-6;10;-6;10;-6;10;-6;10;-6;10;-5;10;-5;10;-5;10;-5;10;-5;9;-5;9;-4;9;-4;9;-3;3;-2;1;-1;-1;0;-1;-1;-1;-1;1;0;4;0;11;2;11;2;11;3;11;3;11;4;11;4;10;4;10;4;10;5;10;5;10;5;10;5;10;5;10;4;10;4;9;4;9;3;10;3;10;3;11;2;11;1;11;1;11;1;11;0;12;0;12;0;13;0;13;-1;123;0;-9;-24;-9;-24;-9;-23;-8;-23;-8;-22;-8;-21;-8;-20;-8;-19;-8;-18;-8;-18;-9;-17;-9;-17;-9;-16;-8;-16;-8;-16;-8;-15;-8;-15;-8;-15;-7;-15;-7;-15;-6;-14;-6;-14;-6;-13;-5;-13;-5;-13;-5;-13;-4;-13;-3;-13;-1;-5;-1;-2;0;0;0;0;0;0;-1;-2;-3;-4;-6;-11;-6;-11;-6;-12;-5;-12;-5;-13;-6;-13;-6;-14;-6;-15;-6;-16;-6;-16;-6;-17;-6;-17;-6;-18;-6;-18;-6;-18;-5;-19;-5;-19;-5;-19;-6;-20;-6;-20;-7;-21;-7;-21;-8;-22;-8;-23;-9;-23;-9;-24;-9;-24;-9;-24,transition,EXP_S055,ZONE_01,sortie_zone,4.7,sortie_zone,sortie de la zone
9956172448,-51,6,a0:9f:7a:73:2b:3e,384,-110;-96;8;0;15;1;11;-3;7;-8;3;-14;1;-18;-1;-23;-2;-26;-3;-29;-2;-31;-2;-32;-1;-32;0;-31;1;-28;2;-25;3;-21;3;-17;1;-12;-1;-7;-4;-3;-7;0;-10;3;-13;5;-16;6;-19;5;-21;4;-6;1;0;0;0;0;0;0;0;0;0;0;0;0;0;0;0;0;0;0;-1;4;-5;17;-7;19;-10;21;-13;22;-16;22;-18;21;-18;19;-18;17;-16;14;-14;12;-10;10;-5;8;0;7;5;7;10;7;14;7;19;8;23;9;27;10;30;11;33;12;34;13;34;13;33;13;32;12;30;11;-123;0;-2;14;-2;13;-1;13;-1;13;-1;13;0;13;0;12;1;12;1;12;2;11;2;11;2;11;2;11;2;11;2;11;3;11;3;11;3;11;3;11;3;10;2;10;2;10;2;10;2;10;2;10;2;10;2;10;1;10;0;3;0;1;-1;-1;0;-1;0;-1;-1;1;-3;3;-7;9;-7;9;-8;9;-8;9;-8;9;-8;8;-9;8;-9;8;-9;8;-9;8;-9;8;-9;8;-9;8;-8;8;-8;8;-8;8;-7;8;-7;8;-7;9;-6;9;-6;10;-5;10;-5;10;-5;11;-4;11;-4;12;-4;12;-4;13;-123;0;24;-4;24;-4;24;-4;23;-4;22;-4;21;-4;20;-4;19;-5;19;-5;18;-5;18;-5;17;-5;17;-5;16;-5;16;-5;15;-5;15;-5;15;-5;14;-5;14;-5;14;-5;13;-4;13;-4;12;-4;12;-3;12;-3;12;-2;12;-2;4;-1;1;0;-1;0;-1;0;-1;0;1;-1;4;-1;12;-2;12;-2;12;-1;12;-1;13;-1;13;-1;14;-1;15;-1;15;-1;16;-1;16;0;17;0;17;0;17;0;18;0;18;0;19;0;19;0;19;-1;20;-1;21;-2;21;-2;22;-2;23;-2;24;-3;24;-3;24;-3;25;-3,transition,EXP_S055,ZONE_01,sortie_zone,4.7,sortie_zone,sortie de la zone
9956372315,-51,6,a0:9f:7a:73:2b:3e,384,-110;-96;8;0;5;-15;-1;-12;-7;-9;-12;-7;-18;-6;-22;-5;-26;-5;-29;-6;-31;-6;-31;-7;-31;-8;-30;-9;-27;-9;-24;-10;-20;-9;-15;-8;-11;-5;-7;-2;-4;2;-1;6;0;10;1;13;1;17;0;19;-1;21;-1;5;0;0;0;0;0;0;0;0;0;0;0;0;0;0;0;0;0;0;4;1;17;6;18;9;19;13;20;16;19;18;18;20;15;20;13;20;11;18;9;15;8;10;7;6;7;1;8;-4;9;-9;10;-14;12;-18;14;-22;15;-25;17;-28;19;-30;20;-31;20;-31;20;-31;19;-29;17;-28;-126;0;26;10;25;10;24;10;24;9;24;9;24;8;24;8;24;7;24;5;24;4;23;4;23;4;23;4;24;4;24;4;24;3;23;3;23;3;22;3;22;4;21;4;21;4;21;4;21;4;21;4;20;4;20;5;19;6;6;2;1;0;-1;-1;-2;-1;-1;-1;2;1;6;5;18;14;18;15;17;17;16;18;15;18;15;18;14;18;13;18;13;19;13;19;13;19;13;19;13;18;13;18;12;17;12;17;12;17;13;17;14;16;15;16;17;15;18;14;18;14;19;13;20;13;21;13;23;13;24;13;-126;0;10;-50;9;-50;9;-49;9;-47;9;-45;8;-43;7;-42;6;-41;6;-39;5;-38;5;-37;5;-37;4;-36;4;-35;4;-34;3;-34;3;-33;4;-32;4;-32;5;-31;5;-30;5;-28;6;-27;6;-26;6;-26;7;-25;8;-24;9;-24;3;-9;1;-3;-1;0;0;1;-1;0;-1;-3;-1;-9;-1;-25;0;-25;1;-26;2;-26;2;-27;3;-28;3;-29;4;-31;5;-32;5;-33;6;-34;7;-34;8;-35;9;-35;9;-36;9;-37;9;-38;10;-39;9;-39;9;-40;9;-42;8;-43;8;-45;8;-46;9;-48;9;-49;10;-50;10;-51,transition,EXP_S055,ZONE_01,sortie_zone,4.7,sortie_zone,sortie de la zone
9956602674,-51,6,a0:9f:7a:73:2b:3e,384,-110;-96;8;0;12;-6;7;-8;2;-10;-3;-12;-7;-15;-10;-18;-12;-20;-14;-22;-14;-24;-14;-25;-14;-25;-12;-24;-10;-23;-8;-21;-6;-18;-5;-15;-4;-10;-3;-6;-4;-2;-5;2;-7;6;-9;9;-11;11;-13;11;-15;11;-4;2;0;0;0;0;0;0;0;0;0;0;0;0;0;0;0;0;0;0;1;3;5;15;4;17;3;20;1;22;-1;23;-3;23;-5;22;-6;21;-6;18;-5;15;-3;11;0;8;3;5;7;3;11;0;14;-1;18;-3;22;-4;25;-5;28;-5;30;-6;32;-6;32;-5;32;-5;30;-5;27;-4;123;0;8;9;7;9;7;9;6;9;6;9;7;9;7;9;8;8;8;7;8;7;8;6;7;6;7;7;7;7;8;7;8;6;8;6;7;6;7;5;7;6;6;6;6;6;7;6;7;6;7;6;6;6;6;6;5;6;1;2;0;0;-1;-1;-1;-1;-1;-1;0;0;1;3;3;9;3;10;2;10;2;10;2;10;2;10;1;10;1;9;0;10;0;10;0;10;0;10;0;10;1;10;1;9;1;9;0;9;1;9;1;9;2;9;3;9;4;9;4;8;4;8;4;9;4;9;5;10;5;11;123;0;14;-17;14;-17;14;-17;14;-16;13;-15;12;-14;12;-14;11;-14;10;-14;10;-14;10;-13;10;-13;9;-13;9;-13;9;-12;8;-12;8;-12;8;-12;8;-12;8;-11;8;-10;8;-10;8;-9;8;-9;8;-8;8;-8;8;-8;8;-7;3;-3;1;-1;-1;0;-1;0;-1;0;0;-2;1;-4;5;-10;5;-10;6;-10;6;-10;6;-10;7;-11;7;-11;8;-11;9;-11;9;-11;9;-11;10;-11;10;-12;11;-12;11;-12;11;-12;12;-12;12;-13;12;-13;12;-13;12;-14;12;-15;12;-16;13;-16;14;-17;14;-17;14;-17;15;-17,transition,EXP_S055,ZONE_01,sortie_zone,4.7,sortie_zone,sortie de la zone
9956773333,-51,6,a0:9f:7a:73:2b:3e,384,-110;-96;8;0;-5;-16;-8;-10;-11;-4;-15;0;-18;5;-21;8;-24;10;-27;12;-29;12;-30;11;-30;10;-29;9;-28;7;-25;6;-21;4;-17;3;-12;2;-7;2;-2;3;2;5;6;8;8;10;10;13;11;16;11;18;2;4;0;0;0;0;0;0;0;0;0;0;0;0;0;0;0;0;0;0;4;-2;17;-5;20;-4;23;-2;26;1;27;3;26;5;25;7;23;7;20;7;17;6;13;3;9;0;7;-4;4;-9;2;-13;0;-18;-1;-22;-2;-27;-2;-30;-3;-33;-3;-36;-3;-38;-2;-38;-1;-37;-1;-35;-1;-33;124;0;11;-10;10;-9;10;-9;10;-8;10;-8;10;-9;10;-9;9;-10;8;-10;7;-10;7;-10;7;-10;7;-9;7;-10;7;-10;7;-11;7;-11;6;-10;6;-10;6;-9;6;-9;7;-9;7;-9;6;-9;6;-9;6;-9;6;-8;6;-8;2;-3;0;-1;-1;0;-1;0;-1;0;1;-1;4;-1;11;-3;11;-2;12;-2;12;-2;12;-2;11;-2;11;-1;11;-1;11;0;11;0;12;0;12;0;11;-1;11;-1;10;-1;10;-1;10;-1;10;-1;11;-2;11;-3;11;-4;11;-5;10;-5;10;-5;10;-5;11;-6;12;-6;12;-7;124;0;-19;-18;-19;-18;-19;-18;-18;-17;-18;-17;-17;-16;-16;-14;-16;-13;-16;-13;-16;-12;-16;-12;-16;-12;-15;-12;-15;-11;-14;-11;-14;-10;-14;-10;-14;-10;-14;-10;-13;-10;-12;-10;-11;-10;-11;-10;-11;-9;-10;-9;-10;-9;-10;-10;-9;-10;-4;-4;-1;-2;0;0;0;0;0;0;-2;-1;-4;-3;-11;-8;-10;-8;-10;-9;-10;-9;-10;-9;-11;-10;-11;-11;-12;-12;-12;-12;-12;-13;-12;-13;-12;-13;-12;-14;-13;-14;-13;-15;-13;-15;-13;-15;-13;-15;-14;-15;-14;-15;-15;-15;-17;-16;-17;-16;-18;-17;-18;-18;-19;-18;-19;-18;-19;-18,transition,EXP_S055,ZONE_01,sortie_zone,4.7,sortie_zone,sortie de la zone
9956972268,-51,6,a0:9f:7a:73:2b:3e,384,-110;-96;8;0;-8;-15;-9;-9;-11;-2;-14;3;-16;8;-19;12;-22;15;-24;16;-25;17;-26;17;-27;16;-27;15;-25;13;-23;10;-20;8;-16;5;-11;4;-6;3;-1;3;3;4;7;6;11;8;13;10;14;13;14;15;3;4;0;0;0;0;0;0;0;0;0;0;0;0;0;0;0;0;0;0;3;-2;16;-8;19;-7;23;-5;25;-3;27;-1;27;1;26;3;23;4;20;4;17;3;13;1;9;-2;6;-5;3;-9;0;-13;-3;-18;-4;-22;-6;-26;-7;-29;-8;-33;-9;-35;-9;-36;-9;-37;-8;-36;-8;-34;-8;-32;127;0;11;-9;11;-9;10;-8;10;-8;10;-8;10;-8;10;-9;9;-9;9;-10;8;-10;8;-10;8;-9;8;-9;8;-10;8;-10;8;-10;7;-10;7;-10;7;-9;7;-9;7;-8;7;-8;7;-8;7;-8;7;-8;7;-8;7;-7;7;-7;2;-3;0;-1;-1;0;-1;0;-1;0;1;-1;3;-2;11;-4;11;-4;11;-3;11;-3;11;-2;11;-2;11;-2;11;-1;11;-1;11;-1;12;-1;12;-1;11;-1;11;-1;10;-1;10;-1;10;-2;10;-2;11;-2;11;-3;11;-4;10;-5;10;-5;10;-5;11;-6;11;-6;11;-6;12;-7;127;0;-19;-18;-19;-18;-18;-18;-18;-17;-17;-17;-16;-16;-16;-15;-15;-14;-15;-13;-15;-13;-15;-12;-15;-12;-14;-12;-14;-12;-14;-11;-13;-11;-13;-11;-13;-11;-13;-11;-12;-11;-11;-11;-11;-11;-10;-10;-10;-10;-9;-10;-9;-10;-8;-11;-8;-11;-3;-4;-1;-2;0;0;0;0;0;0;-2;-1;-4;-3;-11;-7;-11;-7;-11;-8;-11;-8;-11;-8;-12;-9;-12;-10;-12;-11;-12;-11;-12;-12;-13;-12;-13;-13;-13;-13;-13;-13;-13;-14;-13;-14;-14;-14;-14;-15;-14;-15;-15;-15;-16;-15;-16;-16;-17;-16;-18;-17;-18;-17;-19;-18;-19;-18;-19;-18,transition,EXP_S055,ZONE_01,sortie_zone,4.7,sortie_zone,sortie de la zone
9957172390,-51,6,a0:9f:7a:73:2b:3e,384,-110;-96;8;0;-15;-6;-12;0;-10;5;-8;11;-7;17;-6;21;-6;25;-7;28;-7;29;-8;30;-9;30;-10;28;-11;26;-11;22;-10;19;-8;14;-6;10;-2;6;2;3;6;1;10;-1;13;-2;17;-1;19;0;21;2;5;0;0;0;0;0;0;0;0;0;0;0;0;0;0;0;0;0;0;0;1;-5;7;-18;9;-19;13;-20;16;-20;19;-20;20;-18;21;-16;20;-14;18;-12;15;-10;11;-9;6;-8;1;-8;-4;-9;-9;-10;-14;-12;-18;-13;-22;-15;-25;-17;-28;-19;-30;-20;-31;-21;-31;-22;-30;-21;-29;-20;-27;-19;126;0;2;-29;1;-28;1;-27;1;-27;1;-27;1;-27;0;-27;-2;-27;-3;-26;-4;-25;-4;-24;-4;-24;-4;-24;-4;-24;-4;-25;-5;-25;-6;-25;-5;-24;-5;-23;-4;-23;-3;-23;-3;-23;-3;-23;-3;-23;-3;-22;-3;-22;-2;-21;-1;-21;-1;-8;0;-3;0;0;-1;1;-1;0;0;-3;3;-8;9;-22;10;-22;11;-22;12;-21;12;-21;12;-21;13;-20;13;-19;14;-19;15;-19;15;-19;15;-19;14;-19;13;-19;12;-18;11;-18;11;-18;11;-19;11;-20;10;-21;9;-22;8;-23;7;-23;7;-23;7;-24;7;-25;6;-26;6;-27;126;0;-50;5;-50;5;-49;4;-48;4;-46;4;-44;4;-42;4;-41;5;-39;6;-39;6;-38;7;-37;7;-36;7;-35;6;-34;6;-33;6;-33;5;-33;5;-32;4;-31;3;-30;3;-29;2;-27;2;-27;2;-26;1;-26;0;-26;-1;-26;-2;-10;-1;-3;-1;0;-1;1;-1;0;-1;-3;1;-9;2;-24;7;-24;6;-25;5;-25;5;-26;5;-28;4;-30;4;-31;3;-32;3;-33;2;-34;2;-35;2;-36;2;-36;2;-37;2;-38;1;-39;1;-39;1;-40;1;-41;2;-42;3;-44;4;-46;4;-48;4;-49;5;-50;5;-50;5;-50;6,transition,EXP_S055,ZONE_01,sortie_zone,4.7,sortie_zone,sortie de la zone
9957374275,-51,6,a0:9f:7a:73:2b:3e,384,-110;-96;8;0;-11;-11;-10;-5;-10;1;-11;7;-11;12;-12;16;-14;19;-15;21;-17;22;-18;22;-18;22;-19;20;-18;18;-17;16;-15;13;-12;10;-8;7;-4;5;0;3;4;3;8;2;12;3;14;5;16;7;17;8;4;2;0;0;0;0;0;0;0;0;0;0;0;0;0;0;0;0;0;0;2;-3;12;-12;15;-12;18;-12;21;-10;23;-9;23;-7;23;-5;22;-4;19;-3;16;-2;12;-3;8;-4;4;-6;0;-9;-4;-12;-8;-15;-10;-18;-13;-21;-15;-23;-17;-26;-18;-27;-18;-29;-18;-30;-17;-29;-16;-27;-15;-26;-125;0;9;-25;8;-24;8;-23;9;-22;9;-22;9;-23;8;-24;6;-24;4;-24;3;-23;3;-22;4;-21;4;-22;4;-22;4;-23;3;-24;2;-23;1;-22;1;-21;2;-20;3;-20;3;-20;3;-21;3;-21;3;-20;3;-20;3;-19;4;-18;1;-7;0;-2;-1;0;-1;0;-1;0;1;-2;5;-6;16;-14;17;-14;18;-13;19;-13;18;-13;18;-12;18;-11;18;-10;19;-10;19;-10;20;-10;20;-11;18;-11;17;-11;16;-11;16;-10;16;-10;16;-11;17;-12;16;-14;15;-16;14;-17;13;-17;12;-17;13;-17;13;-18;14;-20;14;-21;-125;0;-45;-11;-45;-11;-45;-12;-43;-12;-41;-11;-40;-10;-38;-8;-36;-7;-36;-5;-35;-5;-35;-4;-34;-5;-33;-5;-32;-5;-31;-5;-31;-4;-30;-4;-30;-4;-30;-4;-29;-5;-28;-6;-26;-6;-25;-6;-24;-5;-23;-5;-23;-6;-23;-7;-23;-8;-9;-3;-3;-2;0;0;1;0;0;0;-3;-1;-9;-2;-23;-5;-23;-5;-23;-6;-23;-6;-24;-6;-26;-7;-27;-7;-28;-9;-29;-10;-29;-10;-29;-11;-30;-11;-30;-11;-31;-12;-32;-12;-33;-13;-33;-13;-34;-14;-34;-13;-35;-13;-37;-12;-39;-11;-41;-11;-43;-11;-44;-12;-44;-13;-45;-13;-45;-12,transition,EXP_S055,ZONE_01,sortie_zone,4.7,sortie_zone,sortie de la zone
9957573823,-51,6,a0:9f:7a:73:2b:3e,384,-110;-96;8;0;-12;-11;-11;-5;-11;1;-11;8;-12;13;-14;17;-15;21;-17;23;-18;24;-19;25;-20;24;-20;23;-20;20;-18;17;-16;14;-13;10;-9;7;-5;5;0;3;5;3;9;3;13;3;16;5;18;7;19;9;4;2;0;0;0;0;0;0;0;0;0;0;0;0;0;0;0;0;0;0;3;-4;13;-13;16;-13;20;-13;23;-12;25;-10;26;-8;25;-6;24;-4;21;-3;17;-3;13;-4;8;-5;4;-7;-1;-10;-5;-13;-8;-16;-11;-19;-14;-22;-17;-25;-19;-28;-20;-30;-20;-31;-20;-32;-20;-31;-19;-30;-18;-28;-124;0;16;-24;15;-23;14;-23;14;-23;13;-23;13;-23;12;-24;10;-24;9;-24;9;-24;8;-23;8;-23;8;-23;8;-23;7;-24;7;-24;7;-24;7;-23;7;-23;7;-22;7;-22;7;-22;7;-22;7;-21;7;-21;7;-20;8;-19;8;-19;3;-7;1;-2;-1;0;-2;0;-1;0;2;-2;7;-6;19;-14;20;-13;20;-12;21;-11;21;-11;21;-10;21;-10;21;-10;21;-9;22;-9;22;-9;22;-9;21;-10;20;-10;19;-10;19;-10;18;-10;19;-10;19;-11;19;-13;18;-14;18;-15;17;-16;17;-17;17;-18;18;-19;18;-20;18;-21;-124;0;-47;-21;-46;-21;-45;-20;-44;-20;-42;-19;-41;-17;-40;-16;-39;-15;-38;-13;-37;-12;-37;-11;-36;-11;-35;-11;-34;-11;-34;-11;-33;-11;-32;-11;-31;-11;-30;-11;-29;-11;-28;-11;-27;-11;-26;-11;-25;-11;-24;-11;-24;-12;-23;-13;-22;-14;-8;-5;-3;-2;0;0;1;0;0;0;-3;-1;-9;-2;-25;-6;-25;-7;-24;-8;-25;-9;-26;-10;-27;-11;-28;-11;-29;-12;-29;-13;-30;-14;-31;-15;-32;-16;-32;-16;-33;-17;-33;-17;-34;-18;-34;-18;-35;-19;-36;-19;-37;-19;-39;-18;-40;-18;-42;-19;-44;-19;-45;-20;-46;-20;-46;-20;-47;-20,transition,EXP_S055,ZONE_01,sortie_zone,4.7,sortie_zone,sortie de la zone
9957772580,-51,6,a0:9f:7a:73:2b:3e,384,-110;-96;8;0;-7;-15;-9;-9;-11;-3;-14;3;-16;7;-19;11;-22;14;-24;16;-26;16;-27;16;-28;15;-27;13;-26;12;-23;9;-20;7;-16;5;-12;4;-6;3;-1;3;3;4;7;6;11;8;13;11;14;13;14;15;3;4;0;0;0;0;0;0;0;0;0;0;0;0;0;0;0;0;0;0;4;-2;17;-5;20;-4;23;-2;25;0;26;2;26;4;25;5;23;6;20;6;17;5;13;3;9;-1;6;-4;3;-9;1;-13;-1;-18;-2;-22;-4;-26;-5;-30;-6;-33;-7;-35;-6;-37;-6;-37;-5;-37;-4;-34;-4;-32;123;0;11;-9;10;-9;10;-8;10;-8;10;-8;10;-9;10;-9;9;-10;8;-10;7;-10;7;-10;7;-10;7;-10;7;-10;7;-11;7;-11;6;-11;6;-11;6;-10;6;-10;6;-10;6;-9;6;-10;6;-10;6;-10;6;-9;6;-9;6;-8;2;-3;0;-1;-1;0;-1;0;-1;-1;1;-1;4;-1;11;-2;11;-1;12;-1;12;0;12;0;11;0;11;0;11;0;11;1;11;1;12;1;12;1;11;0;11;0;10;0;10;0;10;0;10;-1;11;-1;11;-2;11;-3;11;-4;10;-4;10;-5;11;-5;11;-5;12;-6;12;-7;123;0;-19;-18;-19;-18;-18;-18;-18;-17;-17;-16;-17;-15;-16;-14;-16;-13;-16;-12;-16;-12;-16;-11;-16;-11;-15;-11;-15;-10;-15;-10;-14;-10;-14;-10;-14;-9;-14;-10;-13;-10;-13;-9;-12;-9;-11;-9;-11;-8;-11;-8;-11;-8;-10;-9;-10;-9;-4;-4;-1;-2;0;0;0;0;0;0;-2;-1;-4;-4;-9;-9;-9;-9;-9;-10;-9;-10;-9;-10;-10;-11;-10;-12;-10;-12;-11;-13;-11;-14;-11;-14;-11;-14;-11;-14;-11;-15;-12;-15;-12;-16;-12;-16;-12;-16;-13;-16;-13;-16;-14;-16;-15;-16;-16;-17;-17;-17;-17;-18;-18;-18;-18;-18;-18;-19,transition,EXP_S055,ZONE_01,sortie_zone,4.7,sortie_zone,sortie de la zone
9957972544,-51,6,a0:9f:7a:73:2b:3e,384,-110;-96;8;0;12;-11;5;-11;-1;-11;-7;-12;-12;-14;-17;-15;-20;-17;-22;-19;-24;-20;-24;-21;-23;-22;-21;-22;-19;-21;-16;-20;-13;-17;-10;-14;-8;-10;-6;-5;-4;0;-4;5;-5;9;-6;12;-8;15;-10;17;-12;18;-3;4;0;0;0;0;0;0;0;0;0;0;0;0;0;0;0;0;0;0;2;3;10;15;10;18;9;21;7;24;6;26;4;26;2;26;0;24;0;21;0;17;1;13;3;9;5;4;9;1;12;-3;15;-6;19;-9;23;-12;26;-14;29;-15;31;-16;33;-17;33;-16;33;-16;31;-15;29;-14;119;0;11;8;11;8;10;7;10;7;10;7;10;7;11;7;11;6;11;5;11;5;11;4;11;4;11;5;11;5;11;5;11;5;11;4;10;4;10;4;9;4;9;5;9;5;9;5;9;5;9;4;9;4;8;5;8;5;2;2;0;0;-1;-1;-1;-1;-1;-1;0;0;2;3;6;9;6;9;6;10;5;10;5;10;5;10;4;10;4;10;3;11;3;11;3;11;3;11;3;10;4;10;4;10;4;10;4;10;4;10;4;10;5;10;6;9;7;9;7;8;7;8;8;8;8;9;9;9;10;9;119;0;10;-23;10;-23;10;-23;10;-22;10;-21;9;-20;9;-19;8;-19;7;-18;7;-18;7;-18;7;-17;7;-17;6;-17;6;-16;6;-16;6;-16;6;-15;6;-15;6;-14;6;-14;6;-13;6;-12;6;-12;6;-12;6;-11;7;-11;7;-10;2;-4;0;-1;-1;0;-1;0;-1;0;0;-2;0;-5;2;-12;3;-12;3;-12;4;-13;4;-13;4;-14;5;-14;6;-15;6;-15;7;-15;7;-15;7;-15;8;-16;8;-16;9;-16;9;-17;9;-17;9;-18;9;-18;9;-18;9;-19;9;-20;9;-21;10;-22;10;-22;11;-23;11;-23;11;-23,transition,EXP_S055,ZONE_01,sortie_zone,4.7,sortie_zone,sortie de la zone
9958176406,-51,6,a0:9f:7a:73:2b:3e,384,-110;-96;8;0;-13;10;-7;10;0;11;6;12;11;14;15;16;19;17;21;19;22;21;22;22;21;22;19;22;17;21;14;20;11;17;8;14;6;10;4;5;4;0;4;-5;5;-9;6;-13;8;-16;11;-17;13;-17;3;-5;0;0;0;0;0;0;0;0;0;0;0;0;0;0;0;0;0;0;-3;-4;-12;-15;-12;-18;-11;-22;-10;-25;-8;-27;-6;-27;-4;-27;-3;-25;-2;-22;-1;-19;-2;-14;-4;-10;-7;-6;-10;-2;-13;2;-17;5;-21;8;-24;11;-27;13;-30;14;-32;15;-34;16;-35;16;-34;15;-32;14;-30;13;-127;0;-12;-9;-12;-9;-11;-8;-11;-8;-11;-8;-11;-8;-12;-8;-12;-7;-12;-6;-12;-5;-12;-5;-11;-5;-11;-5;-12;-5;-12;-5;-12;-5;-12;-5;-12;-5;-11;-5;-11;-5;-11;-5;-11;-5;-11;-5;-11;-5;-11;-5;-10;-5;-10;-5;-9;-5;-4;-2;-1;-1;0;0;0;0;0;0;-1;-1;-3;-4;-7;-11;-6;-11;-6;-12;-6;-12;-5;-12;-5;-12;-5;-11;-4;-11;-4;-12;-4;-12;-4;-12;-4;-12;-4;-12;-4;-11;-4;-11;-4;-11;-4;-11;-4;-11;-5;-11;-6;-11;-7;-11;-7;-10;-8;-10;-8;-9;-8;-10;-9;-10;-10;-11;-11;-11;-127;0;-12;22;-12;22;-12;22;-11;21;-11;20;-10;19;-9;19;-8;18;-8;18;-7;17;-7;17;-7;17;-7;17;-7;16;-7;15;-6;15;-6;15;-6;15;-6;14;-6;14;-6;13;-6;13;-6;12;-6;11;-6;11;-7;11;-7;11;-8;11;-3;3;-1;1;0;-1;0;-1;0;-1;-1;1;-2;4;-5;11;-5;11;-5;11;-6;11;-6;12;-6;12;-7;13;-8;14;-8;14;-9;14;-9;14;-9;14;-10;15;-10;15;-10;15;-11;16;-11;16;-11;16;-11;17;-11;17;-11;18;-11;19;-11;20;-11;21;-12;21;-12;22;-12;22;-12;23,transition,EXP_S055,ZONE_01,sortie_zone,4.7,sortie_zone,sortie de la zone
9958373282,-51,6,a0:9f:7a:73:2b:3e,384,-110;-96;8;0;-10;12;-4;11;3;10;9;9;14;10;19;10;23;11;25;12;27;13;27;14;26;15;25;16;22;15;19;15;16;13;12;10;9;7;5;3;3;-2;2;-6;2;-11;2;-14;3;-17;5;-20;6;-21;1;-6;0;0;0;0;0;0;0;0;0;0;0;0;0;0;0;0;0;0;-4;-3;-15;-12;-15;-15;-15;-19;-15;-22;-13;-24;-11;-25;-9;-25;-7;-24;-6;-21;-5;-18;-5;-13;-6;-9;-7;-4;-9;1;-12;5;-15;9;-18;13;-20;16;-23;19;-25;21;-27;22;-29;23;-29;23;-29;22;-27;21;-25;20;-128;0;-26;-12;-26;-11;-25;-11;-24;-11;-24;-11;-25;-10;-25;-9;-26;-8;-25;-6;-25;-5;-24;-5;-24;-5;-24;-5;-24;-5;-25;-4;-25;-4;-25;-3;-24;-3;-23;-3;-23;-3;-22;-4;-22;-4;-22;-4;-22;-4;-22;-4;-21;-4;-20;-5;-20;-5;-7;-2;-2;-1;0;0;1;1;0;0;-2;-2;-6;-7;-16;-18;-16;-19;-15;-20;-15;-20;-14;-20;-14;-20;-13;-20;-12;-21;-12;-21;-12;-22;-12;-22;-12;-22;-12;-21;-12;-20;-12;-19;-12;-19;-12;-19;-12;-19;-14;-19;-15;-18;-17;-17;-18;-16;-19;-15;-19;-15;-20;-15;-21;-16;-22;-16;-24;-16;-128;0;-12;48;-12;47;-12;47;-11;46;-11;44;-10;42;-9;41;-8;39;-6;39;-6;38;-5;37;-5;36;-5;35;-5;34;-5;33;-4;32;-4;31;-4;31;-5;31;-5;30;-5;29;-6;28;-5;26;-5;25;-6;25;-7;24;-8;24;-9;24;-4;8;-2;2;0;-1;0;-2;0;-1;-1;2;-2;8;-4;24;-4;24;-5;24;-6;25;-6;26;-7;27;-8;28;-9;29;-10;30;-10;31;-11;31;-12;32;-12;33;-13;33;-13;34;-14;35;-14;36;-13;36;-13;37;-12;38;-12;40;-12;42;-12;44;-12;45;-13;47;-13;47;-13;48;-12;48,transition,EXP_S055,ZONE_01,sortie_zone,4.7,sortie_zone,sortie de la zone
9958572218,-51,6,a0:9f:7a:73:2b:3e,384,-110;-96;8;0;-15;5;-9;7;-3;10;2;13;7;16;10;19;13;22;14;24;15;25;15;26;14;27;12;27;10;25;8;23;6;20;4;15;3;11;3;6;3;1;5;-4;7;-8;9;-11;11;-13;14;-14;16;-14;4;-4;0;0;0;0;0;0;0;0;0;0;0;0;0;0;0;0;0;0;-2;-5;-6;-18;-5;-21;-3;-24;-1;-27;2;-28;4;-27;5;-26;6;-24;6;-21;5;-17;2;-14;-1;-10;-4;-7;-9;-4;-13;-2;-18;0;-22;1;-26;2;-30;3;-33;4;-35;4;-37;4;-37;4;-36;4;-35;3;-32;3;-124;0;-8;-13;-8;-12;-7;-12;-7;-12;-7;-12;-7;-12;-8;-12;-9;-11;-9;-10;-9;-9;-9;-9;-9;-9;-9;-9;-9;-9;-9;-9;-10;-9;-10;-9;-9;-8;-9;-8;-8;-8;-8;-8;-8;-8;-8;-8;-8;-8;-8;-8;-8;-8;-7;-8;-7;-8;-3;-3;-1;-1;0;0;0;0;-1;0;-1;-2;-1;-5;-2;-12;-1;-12;-1;-13;0;-13;0;-13;0;-12;0;-12;1;-12;1;-12;2;-12;2;-12;1;-13;1;-12;0;-12;0;-11;0;-11;0;-11;0;-11;-1;-12;-1;-12;-2;-12;-3;-12;-3;-12;-4;-12;-4;-12;-4;-13;-5;-13;-5;-14;-124;0;-20;16;-19;16;-19;15;-19;15;-18;14;-17;14;-16;13;-15;13;-14;13;-14;14;-13;13;-13;13;-13;13;-12;12;-12;12;-12;12;-11;11;-11;11;-11;11;-11;10;-11;10;-11;9;-10;9;-10;8;-10;8;-10;8;-11;7;-11;7;-4;2;-2;0;0;-1;0;-1;0;-1;-1;1;-3;3;-9;8;-9;8;-10;8;-10;8;-10;8;-11;9;-12;9;-13;9;-13;9;-14;9;-14;9;-14;9;-15;9;-15;10;-16;10;-16;10;-16;10;-17;11;-17;11;-17;12;-17;12;-18;13;-18;14;-19;15;-19;15;-19;15;-19;15;-20;16,transition,EXP_S055,ZONE_01,sortie_zone,4.7,sortie_zone,sortie de la zone
9958786906,-50,6,a0:9f:7a:73:2b:3e,384,-110;-96;8;0;-15;5;-9;7;-4;10;1;13;4;16;7;19;9;21;10;23;11;25;10;26;9;26;8;26;6;24;4;22;3;19;2;15;2;10;2;6;4;1;5;-2;8;-6;10;-8;13;-9;15;-9;17;-9;4;-2;0;0;0;0;0;0;0;0;0;0;0;0;0;0;0;0;0;0;-2;-4;-8;-16;-7;-18;-6;-22;-4;-24;-2;-25;0;-25;1;-25;2;-23;3;-20;2;-17;1;-13;-2;-10;-5;-7;-9;-4;-13;-2;-17;0;-20;2;-24;3;-28;4;-30;5;-33;5;-34;4;-34;4;-34;4;-32;3;-30;3;-128;0;-5;-13;-5;-12;-4;-11;-4;-11;-4;-11;-4;-12;-5;-12;-6;-12;-7;-11;-7;-10;-6;-9;-6;-9;-6;-10;-6;-10;-6;-10;-7;-10;-7;-9;-7;-9;-6;-8;-6;-8;-5;-8;-5;-9;-6;-9;-6;-9;-6;-8;-6;-8;-5;-8;-5;-8;-2;-3;-1;-1;0;0;-1;0;-1;0;0;-2;0;-4;1;-11;2;-11;2;-11;3;-11;2;-11;2;-11;3;-10;3;-10;4;-10;4;-10;4;-11;4;-11;3;-11;2;-10;2;-10;2;-9;3;-9;3;-10;2;-10;1;-11;0;-11;-1;-11;-1;-10;-1;-10;-1;-10;-1;-11;-1;-13;-2;-14;-128;0;-21;11;-21;11;-21;11;-21;10;-20;9;-19;9;-17;9;-16;9;-16;9;-15;10;-15;10;-15;9;-15;9;-14;9;-13;8;-13;8;-12;9;-12;9;-13;8;-13;8;-12;7;-12;6;-11;6;-11;6;-11;6;-11;6;-11;5;-12;5;-5;1;-2;0;0;-1;0;-1;0;-1;-2;0;-4;2;-11;5;-11;5;-11;5;-11;5;-11;5;-12;6;-13;6;-14;6;-15;5;-15;5;-15;5;-15;5;-16;5;-16;6;-17;6;-18;6;-18;6;-18;6;-18;6;-18;7;-18;8;-19;9;-20;9;-21;10;-21;10;-21;9;-22;10;-22;10,transition,EXP_S055,ZONE_01,sortie_zone,4.7,sortie_zone,sortie de la zone
9958978197,-51,6,a0:9f:7a:73:2b:3e,384,-110;-96;8;0;15;2;10;-3;6;-8;3;-13;0;-18;-2;-22;-3;-26;-3;-29;-3;-30;-3;-31;-2;-31;-1;-30;1;-28;2;-25;2;-21;2;-16;1;-12;-1;-7;-3;-3;-7;1;-10;4;-13;5;-16;7;-19;7;-21;6;-6;1;0;0;0;0;0;0;0;0;0;0;0;0;0;0;0;0;0;0;-2;4;-6;17;-9;19;-12;20;-15;21;-17;20;-19;19;-19;17;-19;15;-17;13;-14;10;-10;9;-6;7;-1;7;5;7;10;7;14;8;19;9;23;9;26;10;29;12;32;13;33;13;33;13;33;13;31;12;29;11;-122;0;-2;14;-1;13;-1;13;-1;12;-1;12;-1;12;0;13;1;12;1;12;1;12;1;11;1;11;1;11;1;11;2;11;2;12;3;11;3;11;2;11;2;10;2;10;2;10;2;10;2;10;2;10;1;10;1;10;1;9;0;3;0;1;-1;-1;0;-1;0;-1;-1;1;-3;3;-7;9;-8;9;-8;9;-8;9;-8;9;-8;9;-8;8;-8;8;-9;8;-9;8;-9;8;-9;8;-9;8;-8;8;-8;7;-7;7;-7;7;-7;8;-7;9;-6;9;-6;10;-5;10;-5;10;-5;10;-5;11;-5;11;-5;12;-5;13;-122;0;23;-3;23;-3;23;-3;23;-3;22;-3;21;-3;20;-4;19;-4;18;-4;18;-5;18;-4;17;-4;17;-4;16;-4;15;-4;15;-4;15;-5;15;-5;15;-4;14;-4;14;-4;13;-3;12;-3;12;-3;12;-2;12;-2;12;-1;12;-1;4;0;1;0;-1;0;-1;0;-1;-1;1;-1;4;-1;11;-2;11;-2;11;-1;12;-1;12;-1;13;-1;14;-1;15;-1;15;-1;16;-1;16;-1;16;0;17;0;17;0;17;0;18;0;18;0;18;0;19;0;19;-1;20;-1;21;-2;22;-2;23;-2;23;-2;24;-2;24;-2;24;-2,transition,EXP_S055,ZONE_01,sortie_zone,4.7,sortie_zone,sortie de la zone
9959174009,-51,6,a0:9f:7a:73:2b:3e,384,-110;-96;8;0;-12;11;-6;10;1;11;7;11;12;13;16;14;20;16;22;18;23;19;23;20;22;21;21;21;19;20;16;18;13;16;10;13;7;9;5;4;4;-1;3;-6;4;-10;5;-13;7;-16;9;-18;11;-19;3;-5;0;0;0;0;0;0;0;0;0;0;0;0;0;0;0;0;0;0;-4;-4;-13;-14;-13;-18;-13;-21;-11;-24;-10;-26;-8;-27;-6;-26;-4;-25;-3;-22;-3;-18;-3;-14;-5;-10;-7;-5;-10;-1;-13;3;-17;6;-20;10;-23;12;-26;14;-29;16;-31;17;-33;18;-33;18;-33;17;-31;16;-29;14;-123;0;-13;-7;-13;-6;-12;-6;-12;-6;-12;-6;-13;-6;-13;-5;-13;-5;-13;-4;-13;-3;-12;-3;-12;-3;-12;-3;-12;-3;-12;-3;-13;-2;-13;-2;-12;-2;-12;-2;-11;-2;-11;-3;-11;-3;-11;-3;-11;-2;-11;-2;-11;-2;-10;-3;-10;-3;-4;-1;-1;-1;0;0;0;0;0;0;-1;-1;-3;-4;-8;-10;-7;-10;-7;-11;-7;-11;-6;-11;-6;-11;-6;-11;-5;-11;-5;-11;-5;-12;-5;-12;-5;-12;-6;-11;-6;-11;-6;-10;-6;-10;-6;-10;-6;-10;-7;-10;-7;-10;-8;-9;-9;-9;-9;-8;-9;-8;-10;-8;-10;-9;-11;-9;-12;-9;-123;0;-8;23;-8;23;-7;23;-7;23;-7;22;-6;21;-6;20;-5;19;-4;19;-4;19;-3;18;-3;18;-3;18;-3;17;-3;16;-3;16;-3;16;-3;16;-3;15;-3;15;-3;14;-3;13;-3;13;-3;12;-3;12;-4;12;-4;12;-5;12;-2;4;-1;1;0;-1;0;-1;0;-1;-1;1;-1;4;-3;12;-4;12;-4;12;-4;12;-5;12;-5;13;-5;14;-6;14;-6;15;-7;15;-7;15;-7;15;-7;16;-8;16;-8;17;-8;17;-8;17;-8;18;-8;18;-8;19;-8;20;-8;21;-8;21;-8;22;-8;23;-8;23;-8;24;-7;24,transition,EXP_S055,ZONE_01,sortie_zone,4.7,sortie_zone,sortie de la zone
9959372318,-50,6,a0:9f:7a:73:2b:3e,384,-110;-96;8;0;2;-17;-3;-12;-8;-8;-14;-5;-19;-2;-23;-1;-27;0;-30;0;-32;0;-33;-1;-33;-2;-32;-3;-29;-5;-26;-5;-22;-5;-17;-5;-12;-3;-8;-1;-4;2;0;6;2;10;4;13;4;17;3;20;2;22;0;5;0;0;0;0;0;0;0;0;0;0;0;0;0;0;0;0;0;0;4;0;18;3;20;5;22;8;23;12;23;14;22;16;20;17;18;17;15;15;13;12;10;9;9;4;8;-1;7;-6;7;-11;8;-16;8;-21;9;-25;10;-29;11;-32;12;-35;13;-36;14;-36;14;-35;14;-33;12;-31;123;0;13;-4;13;-4;13;-4;12;-4;12;-4;13;-4;13;-4;12;-5;12;-6;11;-6;11;-6;11;-5;11;-5;11;-5;11;-6;11;-6;11;-7;10;-6;10;-6;10;-6;10;-5;10;-5;10;-5;10;-5;10;-5;9;-5;9;-4;9;-4;3;-2;1;-1;-1;0;-1;-1;-1;-1;1;0;4;0;12;1;12;2;12;2;12;2;12;3;11;3;11;3;11;3;10;4;11;4;11;4;11;4;11;4;10;3;10;3;9;3;9;3;10;3;11;2;11;2;11;1;11;0;11;0;11;-1;12;0;13;-1;13;-1;14;-1;123;0;-11;-24;-11;-24;-10;-24;-10;-23;-9;-23;-9;-21;-9;-20;-9;-20;-9;-19;-10;-18;-10;-18;-10;-17;-9;-17;-9;-16;-9;-16;-8;-16;-8;-15;-8;-15;-8;-15;-7;-15;-6;-15;-6;-14;-6;-14;-6;-13;-5;-13;-5;-13;-4;-13;-4;-13;-1;-5;-1;-2;0;0;0;0;0;0;-1;-2;-3;-4;-8;-11;-7;-11;-7;-12;-7;-12;-7;-12;-7;-13;-7;-14;-7;-15;-7;-16;-7;-16;-7;-17;-7;-17;-7;-18;-8;-18;-7;-18;-7;-19;-7;-19;-7;-20;-7;-20;-8;-20;-8;-21;-9;-21;-10;-22;-10;-23;-10;-24;-11;-24;-11;-24;-11;-24,transition,EXP_S055,ZONE_01,sortie_zone,4.7,sortie_zone,sortie de la zone
9959572401,-51,6,a0:9f:7a:73:2b:3e,384,-110;-96;8;0;-14;-9;-12;-3;-11;4;-9;10;-9;15;-9;20;-10;24;-11;26;-12;28;-12;28;-13;28;-14;26;-14;24;-14;21;-12;17;-10;13;-7;9;-3;6;1;3;5;1;10;0;13;0;17;1;19;2;21;4;5;1;0;0;0;0;0;0;0;0;0;0;0;0;0;0;0;0;0;0;2;-4;10;-15;13;-16;17;-17;20;-16;22;-15;23;-13;24;-11;22;-9;20;-8;16;-6;12;-6;7;-7;2;-8;-3;-9;-7;-12;-11;-14;-15;-17;-18;-19;-21;-21;-24;-23;-26;-25;-26;-27;-27;-27;-26;-27;-24;-25;-23;-24;121;0;7;-27;7;-27;7;-26;7;-26;6;-26;5;-26;4;-26;3;-26;1;-26;0;-25;0;-25;0;-24;1;-24;0;-25;0;-25;-1;-26;-1;-25;-2;-25;-1;-24;-1;-23;-1;-23;0;-23;0;-23;0;-23;0;-22;0;-22;1;-21;2;-20;0;-8;0;-3;0;0;-1;1;-1;0;1;-3;5;-7;16;-18;17;-17;18;-17;18;-16;18;-16;18;-15;18;-15;18;-14;18;-14;19;-14;19;-14;19;-15;18;-14;17;-14;16;-14;16;-14;16;-14;16;-15;16;-16;15;-18;14;-19;13;-20;12;-21;12;-21;12;-22;12;-23;12;-24;12;-26;121;0;-50;-6;-50;-6;-49;-6;-48;-6;-46;-5;-44;-5;-42;-4;-41;-3;-40;-2;-39;-1;-38;-1;-38;0;-37;0;-36;0;-35;0;-34;0;-33;0;-33;0;-32;0;-31;-1;-30;-1;-29;-2;-28;-2;-27;-2;-26;-2;-26;-3;-26;-4;-26;-5;-10;-2;-3;-1;0;0;1;0;0;0;-3;0;-9;-1;-25;-2;-25;-3;-25;-3;-26;-4;-27;-4;-28;-4;-30;-5;-31;-5;-32;-6;-33;-7;-34;-8;-34;-8;-35;-8;-36;-8;-37;-9;-37;-9;-38;-9;-39;-9;-39;-9;-41;-8;-42;-7;-44;-7;-46;-7;-48;-7;-49;-7;-50;-7;-50;-7;-51;-7,transition,EXP_S055,ZONE_01,sortie_zone,4.7,sortie_zone,sortie de la zone
9959773024,-51,6,a0:9f:7a:73:2b:3e,384,-110;-96;8;0;-17;1;-11;5;-6;9;-2;13;2;17;5;21;7;25;7;27;7;29;7;30;5;30;4;29;2;27;1;25;0;21;0;16;0;11;1;6;3;2;5;-2;8;-6;11;-8;14;-9;17;-10;19;-9;5;-3;0;0;0;0;0;0;0;0;0;0;0;0;0;0;0;0;0;0;-1;-5;0;-19;2;-21;5;-24;7;-25;10;-26;12;-25;12;-23;13;-21;12;-18;10;-15;7;-13;3;-10;-2;-8;-7;-7;-12;-6;-17;-5;-22;-5;-26;-5;-30;-5;-33;-5;-36;-6;-37;-6;-37;-7;-36;-7;-34;-7;-32;-6;-125;0;-4;-14;-4;-14;-4;-13;-4;-13;-4;-13;-5;-13;-5;-13;-6;-13;-6;-12;-6;-11;-6;-11;-6;-11;-6;-11;-7;-11;-7;-11;-7;-11;-7;-11;-7;-10;-7;-10;-6;-10;-6;-10;-6;-10;-6;-10;-6;-10;-6;-10;-6;-10;-5;-10;-5;-10;-2;-4;-1;-2;0;0;-1;0;-1;0;0;-2;0;-5;2;-12;2;-12;3;-12;3;-12;3;-12;3;-12;4;-11;4;-11;4;-11;5;-11;5;-11;4;-11;4;-11;4;-11;3;-11;3;-11;3;-11;3;-11;2;-11;2;-12;1;-12;0;-12;0;-12;-1;-12;-1;-13;-1;-13;-1;-14;-2;-14;-125;0;-24;10;-23;10;-23;10;-22;10;-21;9;-20;9;-19;9;-18;9;-17;9;-17;9;-16;9;-16;9;-16;9;-15;9;-15;9;-14;9;-14;8;-14;8;-14;8;-14;7;-13;7;-13;6;-12;6;-12;6;-12;6;-12;5;-12;5;-12;4;-5;1;-2;0;0;-1;0;-1;0;-1;-2;0;-4;2;-11;6;-12;5;-12;5;-12;5;-13;5;-13;5;-14;5;-15;5;-16;5;-16;5;-16;5;-17;5;-17;5;-18;5;-18;5;-19;5;-19;5;-19;6;-19;6;-20;7;-20;7;-21;8;-22;9;-22;9;-23;9;-23;10;-23;10;-24;10,transition,EXP_S055,ZONE_01,sortie_zone,4.7,sortie_zone,sortie de la zone
9959973662,-50,6,a0:9f:7a:73:2b:3e,384,-110;-96;8;0;-17;3;-11;6;-5;10;0;14;4;17;6;21;8;24;10;27;10;29;10;30;9;30;7;29;5;27;3;25;2;21;1;17;1;12;2;7;3;2;6;-3;8;-6;11;-8;14;-10;17;-10;19;-10;5;-3;0;0;0;0;0;0;0;0;0;0;0;0;0;0;0;0;0;0;-2;-5;-5;-19;-4;-22;-2;-25;1;-27;3;-28;5;-28;7;-26;8;-24;7;-21;6;-18;4;-14;0;-11;-4;-8;-9;-6;-13;-4;-18;-2;-23;-2;-27;-1;-31;0;-34;0;-37;0;-38;0;-39;-1;-38;-1;-36;-1;-33;-1;123;0;-8;-13;-7;-13;-7;-12;-7;-12;-7;-12;-7;-12;-8;-12;-8;-12;-9;-11;-8;-10;-8;-10;-8;-10;-8;-10;-8;-10;-8;-10;-9;-10;-9;-10;-9;-10;-8;-9;-8;-9;-7;-9;-7;-9;-7;-9;-7;-9;-7;-9;-7;-9;-6;-9;-6;-9;-2;-4;-1;-2;0;0;0;0;-1;0;-1;-2;-1;-5;-2;-12;-2;-12;-1;-13;-1;-13;-1;-13;-1;-13;0;-12;0;-12;1;-12;1;-12;1;-13;1;-13;0;-13;0;-12;0;-12;0;-11;0;-11;0;-12;-1;-12;-1;-12;-2;-12;-3;-12;-4;-12;-4;-12;-4;-12;-4;-13;-4;-14;-5;-15;123;0;-21;15;-21;15;-21;15;-20;14;-20;14;-18;13;-17;13;-16;13;-16;13;-15;12;-15;12;-15;12;-15;12;-14;11;-14;11;-13;11;-13;11;-13;11;-13;10;-13;10;-13;9;-12;8;-12;8;-11;7;-11;7;-12;6;-12;6;-12;6;-5;2;-2;0;0;-1;0;-1;0;-1;-1;1;-3;3;-9;9;-9;9;-9;9;-10;9;-10;9;-11;9;-12;10;-13;10;-13;10;-14;10;-14;10;-15;10;-15;10;-16;10;-16;11;-17;11;-17;11;-17;11;-17;11;-17;12;-18;13;-18;14;-19;15;-20;15;-20;15;-21;15;-21;15;-21;15,transition,EXP_S055,ZONE_01,sortie_zone,4.7,sortie_zone,sortie de la zone
